/*--------------------------------*- C++ -*----------------------------------*\
| =========                 |                                                 |
| \\      /  F ield         | OpenFOAM: The Open Source CFD Toolbox           |
|  \\    /   O peration     | Version:  2412                                  |
|   \\  /    A nd           | Website:  www.openfoam.com                      |
|    \\/     M anipulation  |                                                 |
\*---------------------------------------------------------------------------*/
FoamFile
{
    version     2.0;
    format      ascii;
    arch        "LSB;label=32;scalar=64";
    class       volScalarField;
    location    "1/neutroRegion";
    object      prec7;
}
// * * * * * * * * * * * * * * * * * * * * * * * * * * * * * * * * * * * * * //

dimensions      [0 -3 0 0 0 0 0];

internalField   nonuniform List<scalar> 
23322
(
6.058811e-305
3.559334e-305
1.165812e-305
6.058808e-305
3.559333e-305
1.165812e-305
6.05881e-305
3.559334e-305
1.165812e-305
6.058811e-305
3.559334e-305
1.165812e-305
6.058811e-305
3.559334e-305
1.165812e-305
6.058808e-305
3.559333e-305
1.165812e-305
6.51793e-305
3.718478e-305
1.2092e-305
6.573681e-305
3.73356e-305
1.211036e-305
6.519336e-305
3.696861e-305
1.197028e-305
6.519338e-305
3.696861e-305
1.197028e-305
6.470882e-305
3.664312e-305
1.185296e-305
6.573682e-305
3.733559e-305
1.211037e-305
6.51793e-305
3.718477e-305
1.209199e-305
6.573682e-305
3.733559e-305
1.211036e-305
6.57368e-305
3.73356e-305
1.211036e-305
6.519335e-305
3.696861e-305
1.197028e-305
6.470882e-305
3.664312e-305
1.185296e-305
6.519335e-305
3.696862e-305
1.197028e-305
6.519337e-305
3.696861e-305
1.197028e-305
6.573681e-305
3.733558e-305
1.211036e-305
6.517928e-305
3.718477e-305
1.2092e-305
6.470883e-305
3.664312e-305
1.185296e-305
6.573679e-305
3.733559e-305
1.211036e-305
6.519336e-305
3.69686e-305
1.197028e-305
6.573677e-305
3.73356e-305
1.211036e-305
6.57368e-305
3.733558e-305
1.211036e-305
6.519336e-305
3.69686e-305
1.197028e-305
6.517926e-305
3.718477e-305
1.2092e-305
6.470883e-305
3.664311e-305
1.185296e-305
6.51933e-305
3.696861e-305
1.197028e-305
6.519336e-305
3.69686e-305
1.197028e-305
6.470881e-305
3.664312e-305
1.185296e-305
6.573682e-305
3.733559e-305
1.211036e-305
6.573678e-305
3.733556e-305
1.211036e-305
6.519336e-305
3.696861e-305
1.197028e-305
6.517927e-305
3.718475e-305
1.2092e-305
6.519339e-305
3.696862e-305
1.197028e-305
6.517931e-305
3.718478e-305
1.2092e-305
6.573681e-305
3.73356e-305
1.211037e-305
6.470887e-305
3.664313e-305
1.185296e-305
6.573683e-305
3.73356e-305
1.211037e-305
6.519339e-305
3.696862e-305
1.197029e-305
5.805058e-305
3.207157e-305
1.026163e-305
5.805057e-305
3.207156e-305
1.026163e-305
5.441632e-305
2.962702e-305
9.440317e-306
6.1497e-305
3.448884e-305
1.11004e-305
6.1497e-305
3.448885e-305
1.11004e-305
6.288007e-305
3.542525e-305
1.142579e-305
6.149697e-305
3.448883e-305
1.11004e-305
5.441631e-305
2.962701e-305
9.440315e-306
6.149698e-305
3.448883e-305
1.11004e-305
5.805052e-305
3.207154e-305
1.026162e-305
6.288004e-305
3.542523e-305
1.142579e-305
5.805053e-305
3.207155e-305
1.026162e-305
6.288008e-305
3.542526e-305
1.142579e-305
6.1497e-305
3.448884e-305
1.11004e-305
6.1497e-305
3.448884e-305
1.11004e-305
5.441634e-305
2.962703e-305
9.440319e-306
5.805056e-305
3.207157e-305
1.026163e-305
5.805057e-305
3.207156e-305
1.026163e-305
5.805058e-305
3.207156e-305
1.026163e-305
5.805057e-305
3.207156e-305
1.026162e-305
6.149699e-305
3.448883e-305
1.11004e-305
6.149699e-305
3.448884e-305
1.11004e-305
6.288007e-305
3.542522e-305
1.142579e-305
5.441633e-305
2.962702e-305
9.440317e-306
6.1497e-305
3.448884e-305
1.11004e-305
6.288006e-305
3.542525e-305
1.142579e-305
6.149701e-305
3.448884e-305
1.11004e-305
5.805055e-305
3.207157e-305
1.026163e-305
5.805057e-305
3.207156e-305
1.026163e-305
5.441633e-305
2.962702e-305
9.440319e-306
6.288012e-305
3.542527e-305
1.142579e-305
6.149704e-305
3.448886e-305
1.11004e-305
5.441636e-305
2.962704e-305
9.44032e-306
6.149703e-305
3.448886e-305
1.11004e-305
5.805059e-305
3.207157e-305
1.026163e-305
5.805059e-305
3.207157e-305
1.026163e-305
6.247448e-305
3.523738e-305
1.13697e-305
6.078751e-305
3.421268e-305
1.102447e-305
6.425234e-305
3.638416e-305
1.176688e-305
6.247446e-305
3.523738e-305
1.13697e-305
6.07875e-305
3.421268e-305
1.102447e-305
6.425236e-305
3.638416e-305
1.176688e-305
6.247442e-305
3.523736e-305
1.136969e-305
6.425232e-305
3.638416e-305
1.176688e-305
6.078745e-305
3.421265e-305
1.102446e-305
6.425233e-305
3.638416e-305
1.176688e-305
6.247444e-305
3.523737e-305
1.13697e-305
6.078746e-305
3.421266e-305
1.102447e-305
6.425232e-305
3.638415e-305
1.176687e-305
6.425232e-305
3.638416e-305
1.176687e-305
6.247443e-305
3.523736e-305
1.13697e-305
6.247445e-305
3.523738e-305
1.13697e-305
6.078748e-305
3.421267e-305
1.102447e-305
6.078748e-305
3.421267e-305
1.102447e-305
6.247445e-305
3.523737e-305
1.13697e-305
6.078747e-305
3.421267e-305
1.102447e-305
6.425232e-305
3.638415e-305
1.176688e-305
6.078746e-305
3.421267e-305
1.102447e-305
6.425231e-305
3.638414e-305
1.176688e-305
6.247442e-305
3.523738e-305
1.13697e-305
6.078746e-305
3.421266e-305
1.102446e-305
6.078748e-305
3.421265e-305
1.102446e-305
6.24744e-305
3.523739e-305
1.13697e-305
6.247447e-305
3.523735e-305
1.13697e-305
6.425229e-305
3.638417e-305
1.176688e-305
6.425232e-305
3.638416e-305
1.176688e-305
6.425235e-305
3.638416e-305
1.176688e-305
6.425234e-305
3.638416e-305
1.176688e-305
6.247445e-305
3.523737e-305
1.13697e-305
6.078749e-305
3.421267e-305
1.102447e-305
6.247447e-305
3.523739e-305
1.13697e-305
6.07875e-305
3.421268e-305
1.102447e-305
3.851853e-305
2.089872e-305
6.629549e-306
3.851853e-305
2.089872e-305
6.62955e-306
3.991308e-305
2.168793e-305
6.885984e-306
3.57223e-305
1.932287e-305
6.118884e-306
3.57223e-305
1.932287e-305
6.118883e-306
3.428707e-305
1.851472e-305
5.856862e-306
3.572229e-305
1.932287e-305
6.118882e-306
3.851851e-305
2.089871e-305
6.629547e-306
3.991306e-305
2.168792e-305
6.885981e-306
3.428707e-305
1.851471e-305
5.85686e-306
3.57223e-305
1.932287e-305
6.118882e-306
3.851852e-305
2.089871e-305
6.629549e-306
3.572233e-305
1.932288e-305
6.118887e-306
3.851855e-305
2.089873e-305
6.629552e-306
3.42871e-305
1.851473e-305
5.856865e-306
3.572233e-305
1.932288e-305
6.118886e-306
3.991309e-305
2.168793e-305
6.885984e-306
3.851855e-305
2.089873e-305
6.629551e-306
3.851854e-305
2.089872e-305
6.62955e-306
3.991309e-305
2.168793e-305
6.885983e-306
3.428708e-305
1.851472e-305
5.856862e-306
3.851854e-305
2.089872e-305
6.62955e-306
3.572231e-305
1.932287e-305
6.118884e-306
3.572231e-305
1.932287e-305
6.118884e-306
3.572231e-305
1.932287e-305
6.118884e-306
3.851854e-305
2.089872e-305
6.62955e-306
3.572231e-305
1.932287e-305
6.118884e-306
3.428708e-305
1.851472e-305
5.856863e-306
3.99131e-305
2.168793e-305
6.885984e-306
3.851854e-305
2.089872e-305
6.629551e-306
3.572232e-305
1.932288e-305
6.118885e-306
3.572232e-305
1.932288e-305
6.118886e-306
3.99131e-305
2.168794e-305
6.885985e-306
3.428709e-305
1.851472e-305
5.856864e-306
3.851855e-305
2.089873e-305
6.629552e-306
3.851854e-305
2.089873e-305
6.629552e-306
5.641293e-305
3.112041e-305
9.948607e-306
5.117314e-305
2.777532e-305
8.835867e-306
5.820277e-305
3.253709e-305
1.045173e-305
5.631868e-305
3.152597e-305
1.012872e-305
5.164763e-305
2.837818e-305
9.054078e-306
5.348073e-305
2.981332e-305
9.562202e-306
5.117311e-305
2.77753e-305
8.835862e-306
5.164758e-305
2.837815e-305
9.054071e-306
5.631864e-305
3.152595e-305
1.012871e-305
5.348069e-305
2.981329e-305
9.562194e-306
5.641289e-305
3.11204e-305
9.948602e-306
5.820271e-305
3.253706e-305
1.045172e-305
5.117315e-305
2.777533e-305
8.835867e-306
5.641293e-305
3.112041e-305
9.948607e-306
5.820275e-305
3.253708e-305
1.045173e-305
5.164763e-305
2.837817e-305
9.054076e-306
5.348073e-305
2.981331e-305
9.562199e-306
5.631866e-305
3.152597e-305
1.012872e-305
5.641292e-305
3.112041e-305
9.948605e-306
5.117313e-305
2.777532e-305
8.835866e-306
5.820275e-305
3.253707e-305
1.045173e-305
5.631867e-305
3.152597e-305
1.012872e-305
5.348073e-305
2.981332e-305
9.5622e-306
5.164763e-305
2.837817e-305
9.054077e-306
5.348072e-305
2.98133e-305
9.562198e-306
5.820272e-305
3.253707e-305
1.045173e-305
5.631866e-305
3.152595e-305
1.012872e-305
5.164761e-305
2.837817e-305
9.054075e-306
5.641292e-305
3.112042e-305
9.948606e-306
5.117313e-305
2.777533e-305
8.835868e-306
5.348074e-305
2.981332e-305
9.5622e-306
5.820277e-305
3.253709e-305
1.045173e-305
5.641295e-305
3.112042e-305
9.94861e-306
5.631868e-305
3.152597e-305
1.012872e-305
5.164763e-305
2.837817e-305
9.054077e-306
5.117315e-305
2.777533e-305
8.83587e-306
5.348074e-305
2.981332e-305
9.5622e-306
5.820278e-305
3.253708e-305
1.045173e-305
5.641295e-305
3.112042e-305
9.948609e-306
5.631868e-305
3.152597e-305
1.012872e-305
5.117316e-305
2.777533e-305
8.83587e-306
5.164763e-305
2.837818e-305
9.054078e-306
5.117312e-305
2.777531e-305
8.835864e-306
5.16476e-305
2.837816e-305
9.054073e-306
5.64129e-305
3.112041e-305
9.948604e-306
5.820273e-305
3.253707e-305
1.045173e-305
5.34807e-305
2.98133e-305
9.562196e-306
5.631864e-305
3.152596e-305
1.012872e-305
5.348072e-305
2.981331e-305
9.562197e-306
5.631865e-305
3.152596e-305
1.012872e-305
5.820274e-305
3.253707e-305
1.045173e-305
5.16476e-305
2.837816e-305
9.054073e-306
5.117312e-305
2.777531e-305
8.835865e-306
5.64129e-305
3.112041e-305
9.948606e-306
5.117315e-305
2.777533e-305
8.835868e-306
5.164763e-305
2.837818e-305
9.054078e-306
5.348073e-305
2.981332e-305
9.562201e-306
5.641293e-305
3.112042e-305
9.948608e-306
5.820275e-305
3.253708e-305
1.045173e-305
5.631867e-305
3.152597e-305
1.012872e-305
5.348072e-305
2.98133e-305
9.562197e-306
5.820275e-305
3.253705e-305
1.045172e-305
5.64129e-305
3.112041e-305
9.948604e-306
5.117313e-305
2.777533e-305
8.835866e-306
5.631866e-305
3.152594e-305
1.012871e-305
5.164761e-305
2.837818e-305
9.054076e-306
5.820276e-305
3.253708e-305
1.045173e-305
5.641292e-305
3.112041e-305
9.948607e-306
5.164763e-305
2.837817e-305
9.054077e-306
5.348073e-305
2.981332e-305
9.5622e-306
5.117314e-305
2.777532e-305
8.835868e-306
5.631867e-305
3.152597e-305
1.012872e-305
3.695018e-305
2.043311e-305
6.518472e-306
3.880415e-305
2.139741e-305
6.821251e-306
4.127888e-305
2.217684e-305
7.017859e-306
4.177428e-305
2.274169e-305
7.220751e-306
4.177429e-305
2.27417e-305
7.220752e-306
3.880415e-305
2.139741e-305
6.821251e-306
3.880412e-305
2.13974e-305
6.821247e-306
4.177427e-305
2.274169e-305
7.220748e-306
3.695016e-305
2.043309e-305
6.518467e-306
4.127887e-305
2.217683e-305
7.017856e-306
3.880412e-305
2.13974e-305
6.821248e-306
4.177427e-305
2.274169e-305
7.220749e-306
3.880416e-305
2.139742e-305
6.821254e-306
4.127891e-305
2.217685e-305
7.017863e-306
4.177431e-305
2.274171e-305
7.220755e-306
3.69502e-305
2.043312e-305
6.518474e-306
3.880417e-305
2.139742e-305
6.821254e-306
4.177431e-305
2.274171e-305
7.220756e-306
4.127888e-305
2.217684e-305
7.017859e-306
4.177428e-305
2.27417e-305
7.220752e-306
4.177428e-305
2.274169e-305
7.220752e-306
3.880414e-305
2.139741e-305
6.821251e-306
3.695017e-305
2.04331e-305
6.518471e-306
3.880414e-305
2.139741e-305
6.821251e-306
4.127888e-305
2.217684e-305
7.01786e-306
3.880414e-305
2.139741e-305
6.821251e-306
4.177428e-305
2.27417e-305
7.220752e-306
4.177429e-305
2.27417e-305
7.220753e-306
3.880414e-305
2.139741e-305
6.821251e-306
3.695018e-305
2.04331e-305
6.518471e-306
3.695019e-305
2.043311e-305
6.518472e-306
3.880416e-305
2.139742e-305
6.821252e-306
4.17743e-305
2.27417e-305
7.220753e-306
3.880415e-305
2.139741e-305
6.821252e-306
4.17743e-305
2.27417e-305
7.220753e-306
4.12789e-305
2.217685e-305
7.01786e-306
4.734225e-305
2.633468e-305
8.43832e-306
4.405475e-305
2.457718e-305
7.883057e-306
4.469235e-305
2.410928e-305
7.646243e-306
4.353681e-305
2.375135e-305
7.550715e-306
4.84831e-305
2.658518e-305
8.473511e-306
4.240795e-305
2.34943e-305
7.511218e-306
4.734221e-305
2.633466e-305
8.438314e-306
4.240792e-305
2.349428e-305
7.511212e-306
4.405472e-305
2.457717e-305
7.883051e-306
4.848307e-305
2.658516e-305
8.473506e-306
4.469233e-305
2.410927e-305
7.646239e-306
4.353679e-305
2.375134e-305
7.550711e-306
4.734225e-305
2.633467e-305
8.438319e-306
4.240796e-305
2.34943e-305
7.511219e-306
4.848311e-305
2.658518e-305
8.473511e-306
4.469237e-305
2.410929e-305
7.646245e-306
4.405475e-305
2.457719e-305
7.883058e-306
4.353683e-305
2.375136e-305
7.550718e-306
4.734225e-305
2.633468e-305
8.438319e-306
4.353682e-305
2.375135e-305
7.550715e-306
4.240795e-305
2.34943e-305
7.511217e-306
4.848311e-305
2.658518e-305
8.473511e-306
4.405475e-305
2.457718e-305
7.883057e-306
4.469236e-305
2.410928e-305
7.646243e-306
4.469235e-305
2.410928e-305
7.646243e-306
4.848309e-305
2.658517e-305
8.473509e-306
4.353681e-305
2.375135e-305
7.550715e-306
4.734223e-305
2.633467e-305
8.438318e-306
4.240794e-305
2.349429e-305
7.511217e-306
4.405474e-305
2.457718e-305
7.883056e-306
4.240795e-305
2.34943e-305
7.511218e-306
4.405475e-305
2.457718e-305
7.883058e-306
4.353682e-305
2.375136e-305
7.550716e-306
4.734225e-305
2.633468e-305
8.43832e-306
4.469236e-305
2.410928e-305
7.646244e-306
4.84831e-305
2.658518e-305
8.473512e-306
4.578348e-305
2.57453e-305
8.291646e-306
5.139771e-305
2.879634e-305
9.255157e-306
4.845116e-305
2.715383e-305
8.729547e-306
4.845116e-305
2.715383e-305
8.729547e-306
4.578348e-305
2.57453e-305
8.291646e-306
5.139772e-305
2.879634e-305
9.255158e-306
4.578344e-305
2.574528e-305
8.29164e-306
4.578344e-305
2.574528e-305
8.29164e-306
4.845113e-305
2.715381e-305
8.729541e-306
5.139768e-305
2.879632e-305
9.255152e-306
4.845113e-305
2.715382e-305
8.729542e-306
5.139768e-305
2.879632e-305
9.255152e-306
4.578346e-305
2.574529e-305
8.291645e-306
4.845115e-305
2.715383e-305
8.729545e-306
5.139771e-305
2.879633e-305
9.255155e-306
4.845114e-305
2.715382e-305
8.729544e-306
4.578346e-305
2.574529e-305
8.291644e-306
5.13977e-305
2.879633e-305
9.255154e-306
5.139771e-305
2.879634e-305
9.255157e-306
4.845116e-305
2.715383e-305
8.729547e-306
5.139771e-305
2.879634e-305
9.255157e-306
4.578347e-305
2.57453e-305
8.291646e-306
4.578347e-305
2.57453e-305
8.291647e-306
4.845116e-305
2.715383e-305
8.729546e-306
4.578346e-305
2.574529e-305
8.291644e-306
4.845115e-305
2.715382e-305
8.729544e-306
5.139769e-305
2.879633e-305
9.255154e-306
4.578346e-305
2.574529e-305
8.291643e-306
5.139769e-305
2.879633e-305
9.255154e-306
4.845115e-305
2.715383e-305
8.729544e-306
5.139771e-305
2.879634e-305
9.255157e-306
5.139771e-305
2.879634e-305
9.255157e-306
4.578347e-305
2.57453e-305
8.291646e-306
4.845116e-305
2.715383e-305
8.729547e-306
4.845116e-305
2.715383e-305
8.729546e-306
4.578347e-305
2.57453e-305
8.291646e-306
4.240796e-305
2.34943e-305
7.511219e-306
4.405476e-305
2.457719e-305
7.883058e-306
4.469237e-305
2.410929e-305
7.646245e-306
4.353683e-305
2.375136e-305
7.550717e-306
4.734225e-305
2.633468e-305
8.438321e-306
4.848311e-305
2.658518e-305
8.473513e-306
4.405473e-305
2.457718e-305
7.883054e-306
4.848308e-305
2.658517e-305
8.473508e-306
4.469234e-305
2.410927e-305
7.646241e-306
4.734222e-305
2.633466e-305
8.438316e-306
4.240794e-305
2.349429e-305
7.511215e-306
4.353681e-305
2.375135e-305
7.550713e-306
4.469234e-305
2.410927e-305
7.646241e-306
4.848308e-305
2.658517e-305
8.473508e-306
4.353679e-305
2.375134e-305
7.550712e-306
4.734222e-305
2.633466e-305
8.438317e-306
4.405473e-305
2.457717e-305
7.883056e-306
4.240793e-305
2.349429e-305
7.511215e-306
4.734225e-305
2.633468e-305
8.438322e-306
4.240797e-305
2.349431e-305
7.511221e-306
4.405476e-305
2.457719e-305
7.88306e-306
4.353684e-305
2.375136e-305
7.550719e-306
4.848311e-305
2.658518e-305
8.473513e-306
4.469237e-305
2.410929e-305
7.646246e-306
4.469236e-305
2.410928e-305
7.646243e-306
4.84831e-305
2.658518e-305
8.473511e-306
4.353682e-305
2.375134e-305
7.550714e-306
4.240794e-305
2.349429e-305
7.511217e-306
4.734224e-305
2.633468e-305
8.438319e-306
4.405475e-305
2.457718e-305
7.883057e-306
4.469236e-305
2.410928e-305
7.646243e-306
4.84831e-305
2.658518e-305
8.473511e-306
4.353682e-305
2.375135e-305
7.550716e-306
4.734224e-305
2.633468e-305
8.43832e-306
4.240795e-305
2.34943e-305
7.511218e-306
4.405475e-305
2.457718e-305
7.883058e-306
2.424696e-305
1.300557e-305
4.103675e-306
2.267175e-305
1.208668e-305
3.796949e-306
2.98572e-305
1.63551e-305
5.198495e-306
2.98572e-305
1.63551e-305
5.198496e-306
2.424696e-305
1.300557e-305
4.103676e-306
3.246284e-305
1.790101e-305
5.702809e-306
2.267171e-305
1.208666e-305
3.796942e-306
2.424695e-305
1.300556e-305
4.103673e-306
2.98572e-305
1.63551e-305
5.198495e-306
2.424695e-305
1.300556e-305
4.103673e-306
3.246282e-305
1.790099e-305
5.702806e-306
2.98572e-305
1.63551e-305
5.198495e-306
2.424698e-305
1.300558e-305
4.103678e-306
2.985724e-305
1.635512e-305
5.198501e-306
2.424698e-305
1.300558e-305
4.103678e-306
2.267175e-305
1.208667e-305
3.796947e-306
3.246286e-305
1.790102e-305
5.702812e-306
2.985724e-305
1.635512e-305
5.1985e-306
3.246282e-305
1.7901e-305
5.702809e-306
2.985719e-305
1.635509e-305
5.198494e-306
2.985719e-305
1.635509e-305
5.198495e-306
2.424694e-305
1.300557e-305
4.103675e-306
2.424694e-305
1.300556e-305
4.103674e-306
2.267173e-305
1.208667e-305
3.796947e-306
2.424696e-305
1.300557e-305
4.103675e-306
2.985722e-305
1.635511e-305
5.198498e-306
2.267172e-305
1.208666e-305
3.796944e-306
2.424696e-305
1.300557e-305
4.103675e-306
3.246284e-305
1.7901e-305
5.702809e-306
2.985721e-305
1.63551e-305
5.198497e-306
2.985722e-305
1.635511e-305
5.198498e-306
3.246285e-305
1.790101e-305
5.70281e-306
2.424696e-305
1.300557e-305
4.103675e-306
2.985722e-305
1.635511e-305
5.198498e-306
2.424696e-305
1.300557e-305
4.103675e-306
2.267173e-305
1.208666e-305
3.796944e-306
3.197171e-305
1.757851e-305
5.59936e-306
2.841016e-305
1.544989e-305
4.91025e-306
3.111043e-305
1.71454e-305
5.471117e-306
3.672917e-305
2.034647e-305
6.499041e-306
3.862912e-305
2.148333e-305
6.876564e-306
3.598346e-305
2.004776e-305
6.424554e-306
2.841016e-305
1.544989e-305
4.910249e-306
3.19717e-305
1.75785e-305
5.599356e-306
3.111041e-305
1.714539e-305
5.471114e-306
3.672914e-305
2.034645e-305
6.499036e-306
3.862909e-305
2.148332e-305
6.876559e-306
3.598343e-305
2.004774e-305
6.424549e-306
3.672919e-305
2.034647e-305
6.499042e-306
3.111044e-305
1.714541e-305
5.47112e-306
3.197174e-305
1.757852e-305
5.599362e-306
2.841019e-305
1.544991e-305
4.910253e-306
3.598347e-305
2.004776e-305
6.424555e-306
3.862913e-305
2.148334e-305
6.876566e-306
3.862912e-305
2.148333e-305
6.876565e-306
3.672917e-305
2.034646e-305
6.499041e-306
3.598345e-305
2.004776e-305
6.424554e-306
3.19717e-305
1.75785e-305
5.599359e-306
2.841015e-305
1.544989e-305
4.910248e-306
3.111042e-305
1.71454e-305
5.471116e-306
3.862911e-305
2.148333e-305
6.876564e-306
3.111043e-305
1.71454e-305
5.471117e-306
3.672916e-305
2.034646e-305
6.49904e-306
2.841017e-305
1.54499e-305
4.910251e-306
3.197171e-305
1.757851e-305
5.599358e-306
3.598345e-305
2.004776e-305
6.424553e-306
3.862912e-305
2.148333e-305
6.876565e-306
3.598345e-305
2.004776e-305
6.424555e-306
3.672917e-305
2.034647e-305
6.499041e-306
3.111043e-305
1.71454e-305
5.471119e-306
3.197172e-305
1.757851e-305
5.59936e-306
2.841017e-305
1.54499e-305
4.910252e-306
3.750727e-305
2.101163e-305
6.752586e-306
3.432314e-305
1.922421e-305
6.178121e-306
4.155623e-305
2.330514e-305
7.494962e-306
3.511017e-305
1.971762e-305
6.34668e-306
4.23761e-305
2.383358e-305
7.677626e-306
3.907546e-305
2.198674e-305
7.085118e-306
3.750724e-305
2.101162e-305
6.75258e-306
4.15562e-305
2.330512e-305
7.494955e-306
4.237607e-305
2.383357e-305
7.67762e-306
3.907543e-305
2.198672e-305
7.085112e-306
3.511014e-305
1.971761e-305
6.346674e-306
3.432311e-305
1.922419e-305
6.178115e-306
3.907545e-305
2.198674e-305
7.085118e-306
3.511017e-305
1.971762e-305
6.34668e-306
4.23761e-305
2.383359e-305
7.677626e-306
3.432314e-305
1.922421e-305
6.178121e-306
4.155623e-305
2.330514e-305
7.494961e-306
3.750727e-305
2.101164e-305
6.752586e-306
3.432313e-305
1.922421e-305
6.178121e-306
3.511017e-305
1.971762e-305
6.34668e-306
3.750727e-305
2.101164e-305
6.752586e-306
4.155623e-305
2.330514e-305
7.494961e-306
4.23761e-305
2.383358e-305
7.677625e-306
3.907545e-305
2.198674e-305
7.085118e-306
3.432313e-305
1.922421e-305
6.178118e-306
3.907545e-305
2.198674e-305
7.085115e-306
3.511017e-305
1.971762e-305
6.346677e-306
3.750726e-305
2.101163e-305
6.752584e-306
4.155622e-305
2.330514e-305
7.494959e-306
4.237609e-305
2.383358e-305
7.677623e-306
4.155623e-305
2.330514e-305
7.494962e-306
4.237609e-305
2.383358e-305
7.677627e-306
3.907545e-305
2.198674e-305
7.085118e-306
3.750726e-305
2.101163e-305
6.752586e-306
3.511016e-305
1.971761e-305
6.346679e-306
3.432312e-305
1.92242e-305
6.178119e-306
3.511018e-305
1.971762e-305
6.34668e-306
4.155624e-305
2.330514e-305
7.494962e-306
3.907546e-305
2.198674e-305
7.085118e-306
3.750727e-305
2.101164e-305
6.752586e-306
3.432314e-305
1.922421e-305
6.17812e-306
4.23761e-305
2.383359e-305
7.677626e-306
3.511015e-305
1.971761e-305
6.346676e-306
3.750725e-305
2.101163e-305
6.752583e-306
3.432312e-305
1.92242e-305
6.178117e-306
3.907543e-305
2.198673e-305
7.085113e-306
4.155621e-305
2.330513e-305
7.494957e-306
4.237607e-305
2.383357e-305
7.67762e-306
3.432312e-305
1.92242e-305
6.178119e-306
4.155621e-305
2.330514e-305
7.49496e-306
3.750725e-305
2.101163e-305
6.752584e-306
4.237609e-305
2.383358e-305
7.677625e-306
3.907545e-305
2.198674e-305
7.085117e-306
3.511016e-305
1.971762e-305
6.346678e-306
3.907545e-305
2.198674e-305
7.085119e-306
3.511017e-305
1.971762e-305
6.346681e-306
4.23761e-305
2.383359e-305
7.677627e-306
4.155623e-305
2.330514e-305
7.494963e-306
3.432314e-305
1.922421e-305
6.178122e-306
3.750727e-305
2.101164e-305
6.752587e-306
3.750726e-305
2.101163e-305
6.752585e-306
4.155623e-305
2.330514e-305
7.49496e-306
3.432313e-305
1.92242e-305
6.178118e-306
3.907545e-305
2.198673e-305
7.085115e-306
4.237609e-305
2.383358e-305
7.677623e-306
3.511016e-305
1.971761e-305
6.346677e-306
3.907545e-305
2.198674e-305
7.085119e-306
4.23761e-305
2.383358e-305
7.677626e-306
3.511016e-305
1.971762e-305
6.346679e-306
3.432313e-305
1.922421e-305
6.17812e-306
3.750726e-305
2.101163e-305
6.752586e-306
4.155623e-305
2.330514e-305
7.494961e-306
2.841019e-305
1.54499e-305
4.910253e-306
3.862913e-305
2.148334e-305
6.876565e-306
3.598347e-305
2.004776e-305
6.424555e-306
3.111044e-305
1.71454e-305
5.471118e-306
3.672918e-305
2.034647e-305
6.499041e-306
3.197173e-305
1.757851e-305
5.59936e-306
3.197171e-305
1.757851e-305
5.599358e-306
2.841016e-305
1.544989e-305
4.910248e-306
3.862911e-305
2.148333e-305
6.876563e-306
3.111042e-305
1.714539e-305
5.471115e-306
3.672917e-305
2.034647e-305
6.49904e-306
3.598345e-305
2.004775e-305
6.424552e-306
3.19717e-305
1.75785e-305
5.599357e-306
2.841016e-305
1.544989e-305
4.91025e-306
3.672915e-305
2.034645e-305
6.499037e-306
3.86291e-305
2.148332e-305
6.876561e-306
3.111042e-305
1.714539e-305
5.471115e-306
3.598344e-305
2.004775e-305
6.424551e-306
2.84102e-305
1.544991e-305
4.910254e-306
3.672919e-305
2.034648e-305
6.499043e-306
3.598347e-305
2.004776e-305
6.424556e-306
3.111045e-305
1.714541e-305
5.47112e-306
3.197174e-305
1.757852e-305
5.599362e-306
3.862914e-305
2.148334e-305
6.876567e-306
3.672916e-305
2.034646e-305
6.49904e-306
3.19717e-305
1.75785e-305
5.599358e-306
3.111042e-305
1.714539e-305
5.471115e-306
3.862911e-305
2.148333e-305
6.876563e-306
2.841015e-305
1.544989e-305
4.910247e-306
3.598345e-305
2.004776e-305
6.424553e-306
3.111043e-305
1.71454e-305
5.471118e-306
3.598346e-305
2.004776e-305
6.424553e-306
3.862912e-305
2.148333e-305
6.876564e-306
2.841018e-305
1.54499e-305
4.910251e-306
3.197172e-305
1.757851e-305
5.599359e-306
3.672917e-305
2.034646e-305
6.499039e-306
1.274311e-305
6.499308e-306
2.002537e-306
1.15056e-305
5.839523e-306
1.794862e-306
1.562516e-305
8.065842e-306
2.499692e-306
1.562516e-305
8.065843e-306
2.499692e-306
1.274311e-305
6.499309e-306
2.002536e-306
1.835603e-305
9.611939e-306
2.992748e-306
1.562513e-305
8.065823e-306
2.499685e-306
1.274309e-305
6.499294e-306
2.002532e-306
1.274309e-305
6.499293e-306
2.002532e-306
1.562513e-305
8.065823e-306
2.499686e-306
1.150557e-305
5.83951e-306
1.794858e-306
1.835599e-305
9.611917e-306
2.992741e-306
1.27431e-305
6.499302e-306
2.002535e-306
1.274311e-305
6.499303e-306
2.002535e-306
1.562515e-305
8.065835e-306
2.499689e-306
1.150559e-305
5.839519e-306
1.794861e-306
1.562515e-305
8.065834e-306
2.499689e-306
1.835602e-305
9.611928e-306
2.992744e-306
1.835601e-305
9.61193e-306
2.992746e-306
1.150558e-305
5.839517e-306
1.794861e-306
1.27431e-305
6.499302e-306
2.002535e-306
1.562515e-305
8.065836e-306
2.49969e-306
1.562515e-305
8.065835e-306
2.49969e-306
1.27431e-305
6.499304e-306
2.002535e-306
1.274309e-305
6.499295e-306
2.002533e-306
1.150558e-305
5.839511e-306
1.794859e-306
1.274309e-305
6.499295e-306
2.002533e-306
1.562513e-305
8.065825e-306
2.499686e-306
1.562513e-305
8.065825e-306
2.499686e-306
1.8356e-305
9.611919e-306
2.992742e-306
1.274309e-305
6.499296e-306
2.002533e-306
1.150558e-305
5.839512e-306
1.794859e-306
1.27431e-305
6.499296e-306
2.002533e-306
1.562513e-305
8.065827e-306
2.499687e-306
1.8356e-305
9.611919e-306
2.992742e-306
1.562514e-305
8.065827e-306
2.499686e-306
1.697874e-305
9.129045e-306
2.875657e-306
1.316949e-305
6.951973e-306
2.170659e-306
1.859542e-305
1.006319e-305
3.18268e-306
1.16864e-305
6.156181e-306
1.928035e-306
1.062131e-305
5.537448e-306
1.725155e-306
1.600385e-305
8.582452e-306
2.705331e-306
1.85954e-305
1.006318e-305
3.182676e-306
1.69787e-305
9.129025e-306
2.87565e-306
1.316945e-305
6.951952e-306
2.170652e-306
1.600381e-305
8.582433e-306
2.705326e-306
1.062128e-305
5.537433e-306
1.72515e-306
1.168637e-305
6.156163e-306
1.928029e-306
1.168638e-305
6.156171e-306
1.928031e-306
1.600384e-305
8.582444e-306
2.705329e-306
1.859543e-305
1.006319e-305
3.182679e-306
1.316947e-305
6.951962e-306
2.170655e-306
1.06213e-305
5.537442e-306
1.725152e-306
1.697873e-305
9.129036e-306
2.875653e-306
1.316948e-305
6.951968e-306
2.170658e-306
1.697873e-305
9.129042e-306
2.875656e-306
1.06213e-305
5.537445e-306
1.725154e-306
1.859541e-305
1.006318e-305
3.182678e-306
1.168639e-305
6.156178e-306
1.928034e-306
1.600384e-305
8.582448e-306
2.70533e-306
1.859541e-305
1.006318e-305
3.182678e-306
1.697871e-305
9.129029e-306
2.875651e-306
1.600382e-305
8.582438e-306
2.705327e-306
1.316946e-305
6.951955e-306
2.170653e-306
1.168637e-305
6.156166e-306
1.92803e-306
1.062129e-305
5.537435e-306
1.725151e-306
1.168637e-305
6.156167e-306
1.928031e-306
1.062129e-305
5.537438e-306
1.725151e-306
1.316946e-305
6.951957e-306
2.170654e-306
1.600382e-305
8.582439e-306
2.705328e-306
1.697871e-305
9.12903e-306
2.875651e-306
1.859541e-305
1.006318e-305
3.182678e-306
1.990848e-305
1.061233e-305
3.349554e-306
2.238593e-305
1.198144e-305
3.786424e-306
2.132848e-305
1.157111e-305
3.675828e-306
2.974846e-305
1.65221e-305
5.288553e-306
2.625326e-305
1.45029e-305
4.633771e-306
2.804135e-305
1.539251e-305
4.903911e-306
2.132847e-305
1.157111e-305
3.675829e-306
2.625326e-305
1.45029e-305
4.633773e-306
1.990845e-305
1.061232e-305
3.34955e-306
2.238593e-305
1.198143e-305
3.786423e-306
2.804134e-305
1.539251e-305
4.903911e-306
2.974845e-305
1.652209e-305
5.28855e-306
1.990847e-305
1.061233e-305
3.349552e-306
2.13285e-305
1.157112e-305
3.675832e-306
2.238595e-305
1.198144e-305
3.786426e-306
2.625328e-305
1.450291e-305
4.633777e-306
2.974847e-305
1.652211e-305
5.288555e-306
2.804138e-305
1.539252e-305
4.903916e-306
2.238592e-305
1.198143e-305
3.786423e-306
1.990847e-305
1.061233e-305
3.349552e-306
2.132847e-305
1.15711e-305
3.675827e-306
2.804134e-305
1.53925e-305
4.90391e-306
2.974845e-305
1.65221e-305
5.288553e-306
2.625325e-305
1.45029e-305
4.633771e-306
1.990847e-305
1.061232e-305
3.349551e-306
2.625327e-305
1.450291e-305
4.633775e-306
2.238594e-305
1.198144e-305
3.786425e-306
2.804137e-305
1.539252e-305
4.903914e-306
2.132849e-305
1.157111e-305
3.67583e-306
2.974847e-305
1.652211e-305
5.288553e-306
2.804136e-305
1.539251e-305
4.903915e-306
2.974846e-305
1.65221e-305
5.288554e-306
2.238593e-305
1.198144e-305
3.786426e-306
2.625327e-305
1.45029e-305
4.633775e-306
1.990846e-305
1.061232e-305
3.349551e-306
2.132848e-305
1.157111e-305
3.67583e-306
2.698668e-305
1.497455e-305
4.795859e-306
2.269888e-305
1.246487e-305
3.983208e-306
2.269889e-305
1.246487e-305
3.98321e-306
3.133135e-305
1.754091e-305
5.637774e-306
3.133135e-305
1.754091e-305
5.637774e-306
2.698667e-305
1.497454e-305
4.795856e-306
2.269886e-305
1.246486e-305
3.983206e-306
3.133133e-305
1.75409e-305
5.63777e-306
2.698666e-305
1.497454e-305
4.795856e-306
2.698665e-305
1.497454e-305
4.795853e-306
2.269888e-305
1.246487e-305
3.983207e-306
3.133133e-305
1.75409e-305
5.63777e-306
3.133133e-305
1.75409e-305
5.637773e-306
2.698667e-305
1.497455e-305
4.795859e-306
2.698667e-305
1.497455e-305
4.795858e-306
3.133134e-305
1.754091e-305
5.637774e-306
2.26989e-305
1.246488e-305
3.983213e-306
2.269889e-305
1.246488e-305
3.983212e-306
2.269887e-305
1.246486e-305
3.983209e-306
2.698666e-305
1.497454e-305
4.795857e-306
2.269889e-305
1.246487e-305
3.983211e-306
2.698667e-305
1.497455e-305
4.79586e-306
3.133134e-305
1.754091e-305
5.637774e-306
3.133134e-305
1.754091e-305
5.637775e-306
2.269887e-305
1.246486e-305
3.983207e-306
3.133133e-305
1.75409e-305
5.637771e-306
2.698667e-305
1.497455e-305
4.795857e-306
3.133134e-305
1.75409e-305
5.637771e-306
2.698666e-305
1.497454e-305
4.795854e-306
2.269888e-305
1.246487e-305
3.983209e-306
2.269889e-305
1.246488e-305
3.983213e-306
2.26989e-305
1.246488e-305
3.983212e-306
2.698667e-305
1.497455e-305
4.795859e-306
2.698667e-305
1.497454e-305
4.795858e-306
3.133134e-305
1.75409e-305
5.637773e-306
3.133133e-305
1.75409e-305
5.637773e-306
2.238595e-305
1.198144e-305
3.786427e-306
2.804137e-305
1.539252e-305
4.903915e-306
1.990847e-305
1.061233e-305
3.349553e-306
2.974848e-305
1.652211e-305
5.288555e-306
2.13285e-305
1.157112e-305
3.675831e-306
2.625329e-305
1.450291e-305
4.633776e-306
2.974844e-305
1.652209e-305
5.288549e-306
2.804133e-305
1.53925e-305
4.903908e-306
2.132847e-305
1.15711e-305
3.675826e-306
2.625325e-305
1.450289e-305
4.633768e-306
1.990847e-305
1.061232e-305
3.349551e-306
2.238592e-305
1.198143e-305
3.786421e-306
1.990846e-305
1.061232e-305
3.349551e-306
2.132849e-305
1.157111e-305
3.67583e-306
2.625327e-305
1.450291e-305
4.633775e-306
2.238593e-305
1.198144e-305
3.786424e-306
2.974846e-305
1.65221e-305
5.288553e-306
2.804136e-305
1.539251e-305
4.903913e-306
2.974847e-305
1.652211e-305
5.288557e-306
2.625328e-305
1.450291e-305
4.633777e-306
2.132849e-305
1.157112e-305
3.675831e-306
2.238595e-305
1.198145e-305
3.786427e-306
2.804138e-305
1.539253e-305
4.903916e-306
1.990848e-305
1.061233e-305
3.349552e-306
2.974845e-305
1.652209e-305
5.288551e-306
2.804133e-305
1.53925e-305
4.903909e-306
2.625324e-305
1.450289e-305
4.633769e-306
2.238592e-305
1.198143e-305
3.786422e-306
2.132846e-305
1.15711e-305
3.675826e-306
1.990846e-305
1.061232e-305
3.349551e-306
1.990846e-305
1.061232e-305
3.34955e-306
2.132849e-305
1.157111e-305
3.67583e-306
2.238594e-305
1.198144e-305
3.786424e-306
2.974847e-305
1.652211e-305
5.288555e-306
2.625328e-305
1.450291e-305
4.633775e-306
2.804137e-305
1.539252e-305
4.903914e-306
1.600383e-305
8.582443e-306
2.705328e-306
1.859542e-305
1.006319e-305
3.182679e-306
1.06213e-305
5.537438e-306
1.725152e-306
1.697872e-305
9.129031e-306
2.875651e-306
1.168638e-305
6.15617e-306
1.928031e-306
1.316947e-305
6.951958e-306
2.170653e-306
1.316949e-305
6.951972e-306
2.170658e-306
1.859541e-305
1.006318e-305
3.182678e-306
1.600384e-305
8.582448e-306
2.70533e-306
1.697874e-305
9.129045e-306
2.875656e-306
1.062131e-305
5.537446e-306
1.725154e-306
1.168639e-305
6.156177e-306
1.928034e-306
1.85954e-305
1.006318e-305
3.182677e-306
1.316946e-305
6.951954e-306
2.170653e-306
1.69787e-305
9.129026e-306
2.87565e-306
1.600382e-305
8.582437e-306
2.705326e-306
1.062129e-305
5.537435e-306
1.72515e-306
1.168637e-305
6.156164e-306
1.928029e-306
1.600384e-305
8.582446e-306
2.705329e-306
1.168639e-305
6.156172e-306
1.928031e-306
1.316947e-305
6.951963e-306
2.170655e-306
1.859543e-305
1.006319e-305
3.18268e-306
1.06213e-305
5.537442e-306
1.725152e-306
1.697873e-305
9.129038e-306
2.875653e-306
1.600384e-305
8.582446e-306
2.70533e-306
1.859541e-305
1.006318e-305
3.182677e-306
1.697872e-305
9.129038e-306
2.875655e-306
1.168639e-305
6.156175e-306
1.928033e-306
1.316947e-305
6.951965e-306
2.170657e-306
1.06213e-305
5.537442e-306
1.725153e-306
1.600383e-305
8.582439e-306
2.705327e-306
1.859542e-305
1.006318e-305
3.182678e-306
1.168637e-305
6.156166e-306
1.928029e-306
1.316946e-305
6.951956e-306
2.170653e-306
1.697871e-305
9.12903e-306
2.875651e-306
1.062129e-305
5.537436e-306
1.72515e-306
4.459075e-306
2.380641e-306
7.415687e-307
4.459074e-306
2.380641e-306
7.415686e-307
6.30799e-307
3.439743e-307
1.079694e-307
1.267983e-306
6.850516e-307
2.142676e-307
7.037694e-306
3.670192e-306
1.13521e-306
1.267983e-306
6.850514e-307
2.142675e-307
4.459066e-306
2.380636e-306
7.415669e-307
6.30798e-307
3.439735e-307
1.079691e-307
4.459066e-306
2.380636e-306
7.41567e-307
1.26798e-306
6.850499e-307
2.14267e-307
7.03768e-306
3.670184e-306
1.135207e-306
1.267981e-306
6.850502e-307
2.142671e-307
4.459072e-306
2.380639e-306
7.415682e-307
1.267982e-306
6.850512e-307
2.142675e-307
6.307989e-307
3.43974e-307
1.079693e-307
7.03769e-306
3.67019e-306
1.135209e-306
4.459073e-306
2.380639e-306
7.41568e-307
1.267982e-306
6.850509e-307
2.142673e-307
6.307981e-307
3.439736e-307
1.079692e-307
7.037686e-306
3.670189e-306
1.135209e-306
1.267981e-306
6.850502e-307
2.142672e-307
4.45907e-306
2.380639e-306
7.41568e-307
4.459069e-306
2.380638e-306
7.415679e-307
1.267981e-306
6.850505e-307
2.142672e-307
6.307985e-307
3.439739e-307
1.079692e-307
4.459067e-306
2.380637e-306
7.415674e-307
1.267981e-306
6.850506e-307
2.142672e-307
4.459068e-306
2.380638e-306
7.415675e-307
7.037683e-306
3.670186e-306
1.135208e-306
1.267982e-306
6.850509e-307
2.142673e-307
4.459068e-306
2.380638e-306
7.41568e-307
7.037683e-306
3.670186e-306
1.135208e-306
1.26798e-306
6.850498e-307
2.142671e-307
1.267981e-306
6.850511e-307
2.142675e-307
4.459068e-306
2.380636e-306
7.415671e-307
6.307982e-307
3.439738e-307
1.079693e-307
5.088982e-306
2.714122e-306
8.455631e-307
1.740696e-306
9.351338e-307
2.923264e-307
9.071182e-306
4.741874e-306
1.469106e-306
5.730705e-306
3.040087e-306
9.497855e-307
1.875931e-306
1.001553e-306
3.132765e-307
8.878895e-306
4.649359e-306
1.445819e-306
1.875927e-306
1.001551e-306
3.132762e-307
5.088973e-306
2.714117e-306
8.455614e-307
1.740694e-306
9.351327e-307
2.92326e-307
9.071164e-306
4.741864e-306
1.469103e-306
5.730695e-306
3.040081e-306
9.49784e-307
8.878877e-306
4.649349e-306
1.445816e-306
9.071177e-306
4.741871e-306
1.469105e-306
8.878888e-306
4.649354e-306
1.445817e-306
5.088981e-306
2.714121e-306
8.455625e-307
5.730701e-306
3.040084e-306
9.497844e-307
1.740695e-306
9.351332e-307
2.923262e-307
1.87593e-306
1.001552e-306
3.132762e-307
1.740694e-306
9.351333e-307
2.923263e-307
5.088978e-306
2.71412e-306
8.455625e-307
8.878889e-306
4.649357e-306
1.445818e-306
9.071176e-306
4.741871e-306
1.469105e-306
5.730703e-306
3.040086e-306
9.497853e-307
1.87593e-306
1.001553e-306
3.132765e-307
8.878878e-306
4.64935e-306
1.445816e-306
5.730698e-306
3.040083e-306
9.497844e-307
1.875928e-306
1.001552e-306
3.132763e-307
9.071166e-306
4.741866e-306
1.469104e-306
1.740694e-306
9.351327e-307
2.923261e-307
5.088975e-306
2.714118e-306
8.455618e-307
5.088975e-306
2.714119e-306
8.455626e-307
1.740693e-306
9.351332e-307
2.923263e-307
1.875927e-306
1.001552e-306
3.132763e-307
9.071169e-306
4.741868e-306
1.469104e-306
5.730697e-306
3.040082e-306
9.497841e-307
8.878882e-306
4.649352e-306
1.445817e-306
8.133374e-306
4.500831e-306
1.432426e-306
2.576538e-306
1.428732e-306
4.547507e-307
2.216762e-306
1.203826e-306
3.799209e-307
1.321678e-305
7.130007e-306
2.251032e-306
6.278257e-306
3.362157e-306
1.055596e-306
1.075966e-305
5.744148e-306
1.804703e-306
2.57653e-306
1.428728e-306
4.5475e-307
8.133348e-306
4.500817e-306
1.432422e-306
2.216759e-306
1.203824e-306
3.799204e-307
6.278247e-306
3.362151e-306
1.055594e-306
1.321675e-305
7.129988e-306
2.251026e-306
1.075963e-305
5.744132e-306
1.804698e-306
2.21676e-306
1.203825e-306
3.799203e-307
6.278251e-306
3.362153e-306
1.055594e-306
8.133359e-306
4.500822e-306
1.432423e-306
2.576535e-306
1.428729e-306
4.5475e-307
1.075965e-305
5.744139e-306
1.8047e-306
1.321676e-305
7.129993e-306
2.251028e-306
2.576535e-306
1.42873e-306
4.547507e-307
2.216761e-306
1.203826e-306
3.799209e-307
6.278253e-306
3.362155e-306
1.055595e-306
1.075965e-305
5.744144e-306
1.804702e-306
1.321677e-305
7.130002e-306
2.251031e-306
8.13337e-306
4.500828e-306
1.432425e-306
2.576532e-306
1.428729e-306
4.547502e-307
2.21676e-306
1.203825e-306
3.799206e-307
8.133354e-306
4.500821e-306
1.432422e-306
6.27825e-306
3.362153e-306
1.055594e-306
1.321676e-305
7.129993e-306
2.251027e-306
1.075964e-305
5.744136e-306
1.804699e-306
8.133354e-306
4.500821e-306
1.432423e-306
1.321675e-305
7.12999e-306
2.251027e-306
2.576534e-306
1.428729e-306
4.5475e-307
1.075964e-305
5.744136e-306
1.804699e-306
2.216759e-306
1.203824e-306
3.799202e-307
6.278248e-306
3.362151e-306
1.055593e-306
3.032489e-306
1.73312e-306
5.592547e-307
9.329266e-306
5.295027e-306
1.704934e-306
8.740306e-306
4.905281e-306
1.570356e-306
1.594006e-305
8.892968e-306
2.848433e-306
2.917299e-306
1.65659e-306
5.327579e-307
1.541939e-305
8.558961e-306
2.733426e-306
3.032469e-306
1.733109e-306
5.59251e-307
9.329235e-306
5.29501e-306
1.704928e-306
2.917278e-306
1.656578e-306
5.327543e-307
1.594004e-305
8.892955e-306
2.848429e-306
8.740257e-306
4.905255e-306
1.570348e-306
1.541936e-305
8.558946e-306
2.733421e-306
9.329264e-306
5.295028e-306
1.704934e-306
1.594008e-305
8.892978e-306
2.848437e-306
3.032482e-306
1.733116e-306
5.592531e-307
2.91729e-306
1.656585e-306
5.327566e-307
8.740285e-306
4.905269e-306
1.570353e-306
1.541938e-305
8.558958e-306
2.733425e-306
8.7403e-306
4.905278e-306
1.570356e-306
1.541938e-305
8.558958e-306
2.733426e-306
1.594006e-305
8.892966e-306
2.848433e-306
2.917296e-306
1.656589e-306
5.327578e-307
3.032487e-306
1.733119e-306
5.592546e-307
9.329262e-306
5.295025e-306
1.704934e-306
1.541937e-305
8.558949e-306
2.733422e-306
1.594004e-305
8.892957e-306
2.84843e-306
8.740264e-306
4.905258e-306
1.570349e-306
2.917279e-306
1.656578e-306
5.327545e-307
3.03247e-306
1.733108e-306
5.592511e-307
9.329235e-306
5.295009e-306
1.704928e-306
8.740282e-306
4.905269e-306
1.570353e-306
2.91729e-306
1.656585e-306
5.327566e-307
9.329264e-306
5.295028e-306
1.704934e-306
1.541938e-305
8.558955e-306
2.733425e-306
3.032483e-306
1.733116e-306
5.59253e-307
1.594008e-305
8.892976e-306
2.848437e-306
1.541937e-305
8.558952e-306
2.733424e-306
1.594005e-305
8.892961e-306
2.848432e-306
8.740265e-306
4.905259e-306
1.57035e-306
9.329242e-306
5.295013e-306
1.704929e-306
2.91728e-306
1.65658e-306
5.327548e-307
3.032472e-306
1.733109e-306
5.592512e-307
2.917296e-306
1.656588e-306
5.327576e-307
8.740301e-306
4.905278e-306
1.570355e-306
1.594006e-305
8.892964e-306
2.848431e-306
3.032488e-306
1.733119e-306
5.592541e-307
1.541938e-305
8.558957e-306
2.733424e-306
9.329265e-306
5.295025e-306
1.704932e-306
3.032479e-306
1.733115e-306
5.59253e-307
9.329264e-306
5.295027e-306
1.704934e-306
1.594007e-305
8.892974e-306
2.848436e-306
1.541938e-305
8.558955e-306
2.733424e-306
2.917288e-306
1.656584e-306
5.327564e-307
8.740279e-306
4.905266e-306
1.570352e-306
8.740264e-306
4.905259e-306
1.57035e-306
2.917281e-306
1.65658e-306
5.327547e-307
9.329239e-306
5.295012e-306
1.704929e-306
1.541937e-305
8.558952e-306
2.733423e-306
1.594005e-305
8.892962e-306
2.848432e-306
3.032473e-306
1.73311e-306
5.592513e-307
9.329261e-306
5.295024e-306
1.704933e-306
2.917296e-306
1.656589e-306
5.327576e-307
1.541938e-305
8.558956e-306
2.733425e-306
1.594006e-305
8.892964e-306
2.848432e-306
3.03249e-306
1.733119e-306
5.592542e-307
8.740302e-306
4.905278e-306
1.570355e-306
8.740283e-306
4.905268e-306
1.570352e-306
9.329267e-306
5.295029e-306
1.704934e-306
1.594008e-305
8.892979e-306
2.848437e-306
3.032483e-306
1.733116e-306
5.59253e-307
2.917291e-306
1.656585e-306
5.327562e-307
1.541938e-305
8.558957e-306
2.733424e-306
8.133357e-306
4.500822e-306
1.432423e-306
2.576535e-306
1.42873e-306
4.547504e-307
1.321676e-305
7.129995e-306
2.251029e-306
6.278255e-306
3.362155e-306
1.055595e-306
2.216763e-306
1.203826e-306
3.799209e-307
1.075965e-305
5.744139e-306
1.8047e-306
6.278254e-306
3.362155e-306
1.055595e-306
1.075965e-305
5.744144e-306
1.804702e-306
1.321677e-305
7.130001e-306
2.251031e-306
8.133371e-306
4.500828e-306
1.432424e-306
2.216763e-306
1.203826e-306
3.799208e-307
2.576536e-306
1.42873e-306
4.547505e-307
1.075963e-305
5.744132e-306
1.804698e-306
2.216757e-306
1.203823e-306
3.799199e-307
2.576531e-306
1.428728e-306
4.547497e-307
1.321675e-305
7.129988e-306
2.251026e-306
8.133353e-306
4.500818e-306
1.432422e-306
6.278244e-306
3.362149e-306
1.055593e-306
6.278258e-306
3.362157e-306
1.055595e-306
2.576534e-306
1.42873e-306
4.547503e-307
2.216765e-306
1.203827e-306
3.799207e-307
1.075965e-305
5.744141e-306
1.804701e-306
1.321676e-305
7.129995e-306
2.251028e-306
8.133358e-306
4.500822e-306
1.432422e-306
2.21676e-306
1.203825e-306
3.799207e-307
6.278251e-306
3.362154e-306
1.055595e-306
2.576536e-306
1.42873e-306
4.547505e-307
1.321677e-305
7.13e-306
2.25103e-306
8.13337e-306
4.500828e-306
1.432424e-306
1.075965e-305
5.744143e-306
1.804701e-306
2.216758e-306
1.203823e-306
3.7992e-307
6.278245e-306
3.36215e-306
1.055593e-306
1.075964e-305
5.744134e-306
1.804698e-306
1.321675e-305
7.129989e-306
2.251026e-306
2.576533e-306
1.428728e-306
4.547497e-307
8.133357e-306
4.50082e-306
1.432421e-306
8.878886e-306
4.649353e-306
1.445817e-306
1.740694e-306
9.351327e-307
2.923261e-307
9.071171e-306
4.741866e-306
1.469104e-306
5.088976e-306
2.714118e-306
8.455616e-307
1.875929e-306
1.001552e-306
3.132765e-307
5.730705e-306
3.040085e-306
9.497849e-307
5.088983e-306
2.714123e-306
8.455635e-307
1.740696e-306
9.351344e-307
2.923266e-307
5.730706e-306
3.040087e-306
9.497855e-307
9.071182e-306
4.741875e-306
1.469106e-306
8.878894e-306
4.649359e-306
1.445819e-306
1.875931e-306
1.001553e-306
3.132766e-307
9.071164e-306
4.741865e-306
1.469103e-306
5.088974e-306
2.714117e-306
8.455614e-307
1.740692e-306
9.351321e-307
2.923258e-307
5.730694e-306
3.04008e-306
9.497834e-307
8.878877e-306
4.649349e-306
1.445816e-306
1.875928e-306
1.001551e-306
3.13276e-307
8.87889e-306
4.649356e-306
1.445818e-306
9.071179e-306
4.741872e-306
1.469105e-306
5.088981e-306
2.714121e-306
8.455628e-307
5.730708e-306
3.040087e-306
9.497851e-307
1.740695e-306
9.351337e-307
2.923264e-307
1.875931e-306
1.001553e-306
3.132765e-307
8.878884e-306
4.649354e-306
1.445818e-306
9.071173e-306
4.74187e-306
1.469105e-306
5.088976e-306
2.714119e-306
8.455623e-307
5.730702e-306
3.040085e-306
9.49785e-307
1.740693e-306
9.351328e-307
2.923262e-307
1.875928e-306
1.001552e-306
3.132763e-307
5.088975e-306
2.714118e-306
8.455619e-307
5.730697e-306
3.040081e-306
9.497834e-307
1.740694e-306
9.351327e-307
2.92326e-307
9.071167e-306
4.741866e-306
1.469103e-306
8.87888e-306
4.649349e-306
1.445816e-306
1.875929e-306
1.001552e-306
3.13276e-307
8.257534e-305
8.257529e-305
8.257531e-305
8.257533e-305
8.257535e-305
8.257535e-305
6.815221e-308
6.815223e-308
6.908604e-308
6.895032e-308
6.895036e-308
6.764925e-308
6.908603e-308
6.895031e-308
6.815221e-308
6.764924e-308
6.895036e-308
6.815218e-308
6.895032e-308
6.815222e-308
6.908606e-308
6.764925e-308
6.815223e-308
6.895037e-308
6.815219e-308
6.9086e-308
6.895021e-308
6.81522e-308
6.76493e-308
6.895039e-308
6.895036e-308
6.815221e-308
6.895038e-308
6.815221e-308
6.908606e-308
6.764921e-308
6.908606e-308
6.895035e-308
6.815224e-308
6.76493e-308
6.895038e-308
6.815226e-308
6.232611e-308
6.115449e-308
6.23261e-308
6.594288e-308
6.476804e-308
6.476803e-308
6.476801e-308
6.4768e-308
6.115445e-308
6.232606e-308
6.594286e-308
6.232607e-308
6.11545e-308
6.476803e-308
6.476803e-308
6.23261e-308
6.232612e-308
6.594287e-308
6.232611e-308
6.115448e-308
6.232609e-308
6.476803e-308
6.476804e-308
6.594294e-308
6.476803e-308
6.232612e-308
6.115448e-308
6.476803e-308
6.232604e-308
6.594282e-308
6.115452e-308
6.232613e-308
6.594292e-308
6.476806e-308
6.232614e-308
6.476807e-308
6.544496e-308
6.715188e-308
6.715191e-308
6.544493e-308
6.375324e-308
6.375323e-308
6.544488e-308
6.375319e-308
6.715185e-308
6.375319e-308
6.715183e-308
6.544492e-308
6.375321e-308
6.375319e-308
6.544488e-308
6.54449e-308
6.715184e-308
6.715183e-308
6.544488e-308
6.375321e-308
6.375318e-308
6.715186e-308
6.544493e-308
6.715187e-308
6.715185e-308
6.37532e-308
6.544503e-308
6.715171e-308
6.375316e-308
6.544481e-308
6.71519e-308
6.544494e-308
6.715188e-308
6.375323e-308
6.544495e-308
6.375323e-308
6.342148e-305
6.34215e-305
6.56327e-305
5.897437e-305
5.897436e-305
5.667219e-305
5.897434e-305
6.342146e-305
6.563266e-305
5.667217e-305
5.897435e-305
6.342147e-305
5.89744e-305
6.342152e-305
5.667223e-305
5.89744e-305
6.563272e-305
6.342152e-305
6.563272e-305
5.667221e-305
6.34215e-305
6.342149e-305
5.897438e-305
5.897438e-305
6.342149e-305
6.563276e-305
5.897438e-305
5.66722e-305
6.342152e-305
5.897438e-305
5.897439e-305
6.342152e-305
5.667222e-305
6.563273e-305
6.342152e-305
5.897439e-305
6.063518e-308
5.768006e-308
6.141988e-308
5.92914e-308
5.574194e-308
5.656834e-308
5.768002e-308
5.574189e-308
5.929136e-308
5.656829e-308
6.063513e-308
6.141983e-308
5.929139e-308
6.141987e-308
5.656832e-308
5.768007e-308
6.063518e-308
5.574193e-308
6.141986e-308
5.92914e-308
6.063516e-308
5.656833e-308
5.768006e-308
5.574194e-308
5.656831e-308
5.574192e-308
5.768002e-308
5.929138e-308
6.141977e-308
6.063511e-308
5.768008e-308
5.656834e-308
6.063519e-308
6.141988e-308
5.574194e-308
5.92914e-308
5.929141e-308
5.656834e-308
6.141989e-308
5.574195e-308
6.063519e-308
5.768007e-308
5.768004e-308
5.574191e-308
6.063514e-308
6.141983e-308
5.65683e-308
5.929135e-308
5.574191e-308
5.768004e-308
5.656831e-308
6.063515e-308
6.141985e-308
5.929138e-308
5.768007e-308
5.574194e-308
5.656834e-308
6.063517e-308
6.141987e-308
5.92914e-308
6.141989e-308
5.656832e-308
6.063513e-308
5.929144e-308
5.768003e-308
5.574189e-308
5.656834e-308
5.574194e-308
5.768007e-308
5.92914e-308
6.063518e-308
6.141987e-308
3.919934e-308
4.136357e-308
4.700707e-308
4.547462e-308
4.547462e-308
4.136357e-308
4.54746e-308
4.136354e-308
4.700705e-308
4.136354e-308
3.919932e-308
4.547459e-308
4.136359e-308
4.547464e-308
3.919936e-308
4.136359e-308
4.547465e-308
4.70071e-308
4.700707e-308
4.547462e-308
4.547462e-308
4.136356e-308
3.919933e-308
4.136355e-308
4.136356e-308
3.919934e-308
4.136356e-308
4.547462e-308
4.700707e-308
4.547461e-308
3.919935e-308
4.547463e-308
4.700708e-308
4.136358e-308
4.136357e-308
4.547463e-308
5.070145e-308
4.732347e-308
5.243796e-308
4.510166e-308
5.020187e-308
4.655309e-308
4.510163e-308
5.020183e-308
4.655305e-308
5.243792e-308
4.732345e-308
5.070141e-308
5.020187e-308
4.510168e-308
5.243796e-308
5.070146e-308
4.655309e-308
4.732349e-308
5.020187e-308
4.732348e-308
4.510167e-308
5.243796e-308
4.655309e-308
5.070145e-308
5.070145e-308
5.243796e-308
4.732346e-308
5.020186e-308
4.510165e-308
4.655307e-308
5.070146e-308
5.243796e-308
4.510167e-308
4.732348e-308
5.020187e-308
4.655309e-308
5.4091e-308
5.100571e-308
5.4091e-308
4.810438e-308
4.810438e-308
5.100571e-308
4.810434e-308
4.810434e-308
5.100567e-308
5.100567e-308
5.409097e-308
5.409097e-308
5.10057e-308
4.810437e-308
5.409099e-308
5.409098e-308
4.810436e-308
5.100568e-308
5.4091e-308
5.100571e-308
5.4091e-308
4.810438e-308
4.810438e-308
5.10057e-308
4.810437e-308
5.10057e-308
5.409097e-308
4.810436e-308
5.409099e-308
5.100567e-308
5.4091e-308
4.810437e-308
5.10057e-308
4.810437e-308
5.4091e-308
5.10057e-308
5.020187e-308
4.510167e-308
4.655309e-308
5.243796e-308
5.070146e-308
4.732349e-308
4.655307e-308
5.020184e-308
5.243793e-308
4.510165e-308
4.732347e-308
5.070143e-308
5.070142e-308
5.243793e-308
4.732345e-308
5.020184e-308
4.510164e-308
4.655306e-308
5.020188e-308
4.510168e-308
4.65531e-308
4.73235e-308
5.243797e-308
5.070147e-308
5.070145e-308
5.243793e-308
4.510166e-308
4.73235e-308
5.020184e-308
4.655307e-308
5.070145e-308
4.732348e-308
5.243795e-308
5.020187e-308
4.655308e-308
4.510166e-308
2.508694e-308
3.206009e-308
3.20601e-308
2.73766e-308
2.73766e-308
3.450904e-308
2.508691e-308
2.737658e-308
2.737658e-308
3.450902e-308
3.206009e-308
3.206009e-308
3.450907e-308
3.206013e-308
3.206013e-308
2.737662e-308
2.737662e-308
2.508695e-308
3.450903e-308
3.206008e-308
3.206008e-308
2.737658e-308
2.737658e-308
2.508692e-308
3.206011e-308
3.450904e-308
2.737659e-308
3.206011e-308
2.508692e-308
2.737659e-308
3.206011e-308
3.450905e-308
2.73766e-308
3.206012e-308
2.73766e-308
2.508693e-308
3.425945e-308
3.174179e-308
3.895832e-308
4.086756e-308
3.803952e-308
3.332136e-308
4.086753e-308
3.803949e-308
3.174178e-308
3.332135e-308
3.89583e-308
3.425944e-308
3.425948e-308
3.895834e-308
3.174182e-308
3.332138e-308
4.086757e-308
3.803953e-308
4.086756e-308
3.425944e-308
3.803952e-308
3.332136e-308
3.174178e-308
3.895832e-308
4.086755e-308
3.895832e-308
3.803951e-308
3.332137e-308
3.17418e-308
3.425946e-308
4.086756e-308
3.803952e-308
3.895832e-308
3.332136e-308
3.425946e-308
3.17418e-308
4.109063e-308
3.615685e-308
3.694198e-308
4.455687e-308
3.950867e-308
4.37629e-308
3.950863e-308
4.376287e-308
4.455683e-308
4.10906e-308
3.694195e-308
3.615682e-308
3.694198e-308
3.615685e-308
3.950867e-308
4.109062e-308
4.37629e-308
4.455686e-308
3.615684e-308
3.694198e-308
3.950866e-308
4.37629e-308
4.455687e-308
4.109063e-308
3.615684e-308
4.109062e-308
3.694197e-308
3.950866e-308
4.376289e-308
4.455685e-308
4.37629e-308
4.455686e-308
4.109062e-308
3.950866e-308
3.694197e-308
3.615683e-308
3.694198e-308
4.376291e-308
4.109063e-308
3.950867e-308
3.615685e-308
4.455687e-308
4.376288e-308
3.950865e-308
3.615683e-308
4.455684e-308
3.694196e-308
4.10906e-308
3.615683e-308
4.376288e-308
3.950865e-308
4.455685e-308
4.109062e-308
3.694197e-308
4.109063e-308
3.694198e-308
4.455687e-308
4.376291e-308
3.615685e-308
3.950867e-308
3.950865e-308
3.615683e-308
4.376289e-308
3.694197e-308
4.455686e-308
4.109062e-308
4.109062e-308
4.455686e-308
3.694197e-308
3.615684e-308
3.950866e-308
4.376289e-308
3.174182e-308
3.332138e-308
4.086757e-308
3.425947e-308
3.895833e-308
3.803953e-308
3.425945e-308
3.174179e-308
4.086755e-308
3.332135e-308
3.895832e-308
3.803951e-308
3.425944e-308
3.174179e-308
3.89583e-308
3.332136e-308
4.086754e-308
3.80395e-308
3.174183e-308
3.895835e-308
3.803954e-308
3.332139e-308
3.425948e-308
4.086758e-308
3.425944e-308
3.895831e-308
3.174178e-308
3.332135e-308
4.086754e-308
3.803951e-308
3.332137e-308
3.803952e-308
4.086756e-308
3.17418e-308
3.425946e-308
3.895832e-308
1.510918e-308
1.369469e-308
1.834089e-308
1.834089e-308
1.510918e-308
2.063513e-308
1.510915e-308
1.369466e-308
1.834085e-308
1.510915e-308
1.834085e-308
2.063508e-308
1.369468e-308
1.510917e-308
1.510917e-308
1.834088e-308
1.834088e-308
2.063511e-308
2.06351e-308
1.369467e-308
1.510916e-308
1.834087e-308
1.834087e-308
1.510917e-308
1.369466e-308
1.510915e-308
1.834086e-308
1.510915e-308
1.834086e-308
2.063509e-308
1.510916e-308
1.369467e-308
1.834086e-308
1.510916e-308
2.063509e-308
1.834087e-308
2.659288e-305
3.042295e-305
2.783916e-305
2.094789e-305
2.212016e-305
1.942814e-305
2.212011e-305
2.783912e-305
1.942809e-305
3.042293e-305
2.659283e-305
2.094785e-305
2.094788e-305
1.942814e-305
2.212015e-305
2.659287e-305
2.783917e-305
3.042298e-305
2.659287e-305
2.094789e-305
3.042294e-305
2.783915e-305
1.942813e-305
2.212015e-305
2.783913e-305
3.042294e-305
2.659285e-305
2.212012e-305
1.94281e-305
2.094786e-305
2.212013e-305
1.942811e-305
2.094786e-305
2.783914e-305
2.659285e-305
3.042295e-305
2.281672e-308
2.554128e-308
2.38108e-308
3.15273e-308
3.01483e-308
2.803064e-308
2.803064e-308
3.014829e-308
2.381078e-308
2.554126e-308
3.152729e-308
2.281669e-308
3.014832e-308
3.152732e-308
2.554129e-308
2.803066e-308
2.281672e-308
2.381081e-308
3.152729e-308
3.014829e-308
2.803063e-308
2.381079e-308
2.554127e-308
2.281672e-308
2.803066e-308
2.281671e-308
2.38108e-308
3.152731e-308
2.554128e-308
3.014831e-308
3.01483e-308
3.15273e-308
2.554127e-308
2.803065e-308
2.28167e-308
2.38108e-308
2.510281e-308
2.510282e-308
2.873641e-308
2.87364e-308
3.302675e-308
3.302675e-308
2.510279e-308
3.302672e-308
2.873638e-308
3.302672e-308
2.873638e-308
2.51028e-308
3.302674e-308
2.873641e-308
2.87364e-308
3.302674e-308
2.510282e-308
2.510282e-308
2.51028e-308
2.873639e-308
2.510281e-308
2.87364e-308
3.302674e-308
3.302674e-308
2.510279e-308
2.873638e-308
2.51028e-308
3.302673e-308
2.87364e-308
3.302674e-308
2.510282e-308
2.510282e-308
2.87364e-308
2.87364e-308
3.302674e-308
3.302674e-308
2.554129e-308
3.014832e-308
2.281672e-308
3.152732e-308
2.381081e-308
2.803067e-308
3.014828e-308
2.381078e-308
3.152728e-308
2.281671e-308
2.554127e-308
2.803063e-308
2.28167e-308
2.38108e-308
2.803065e-308
2.554127e-308
3.15273e-308
3.01483e-308
2.55413e-308
3.014833e-308
3.152732e-308
2.281672e-308
2.803066e-308
2.381081e-308
2.281671e-308
3.014828e-308
2.381078e-308
3.152729e-308
2.803063e-308
2.554126e-308
2.281671e-308
2.381081e-308
2.554128e-308
3.014831e-308
3.152731e-308
2.803066e-308
1.942812e-305
2.659287e-305
2.783915e-305
2.212014e-305
2.094788e-305
3.042297e-305
2.212016e-305
3.042294e-305
2.659287e-305
2.783916e-305
1.942813e-305
2.094789e-305
3.042294e-305
2.212012e-305
2.783913e-305
2.659284e-305
1.94281e-305
2.094785e-305
2.659288e-305
2.094789e-305
2.212015e-305
3.042298e-305
1.942813e-305
2.783917e-305
2.659286e-305
3.042293e-305
2.783914e-305
2.094787e-305
2.212014e-305
1.942812e-305
2.212013e-305
2.783914e-305
3.042295e-305
1.942811e-305
2.094786e-305
2.659286e-305
7.070777e-306
7.070776e-306
9.634936e-307
1.965327e-306
1.184307e-305
1.965327e-306
7.070765e-306
9.634922e-307
7.070764e-306
1.965324e-306
1.184304e-305
1.965324e-306
1.965327e-306
7.070774e-306
9.634938e-307
1.184306e-305
7.070776e-306
1.965328e-306
9.634929e-307
1.965326e-306
1.965325e-306
7.07077e-306
7.070769e-306
1.184305e-305
9.634927e-307
7.070768e-306
7.070766e-306
1.965324e-306
1.184305e-305
1.965325e-306
9.634926e-307
7.070768e-306
1.965326e-306
1.184305e-305
1.965324e-306
7.07077e-306
8.117638e-306
2.767397e-306
1.506197e-305
9.622078e-306
3.08708e-306
1.539046e-305
1.539043e-305
1.506194e-305
9.622061e-306
3.087075e-306
8.117627e-306
2.767393e-306
1.506197e-305
1.539046e-305
8.117639e-306
9.622075e-306
2.767396e-306
3.08708e-306
2.767395e-306
8.117633e-306
1.539045e-305
1.506196e-305
9.622073e-306
3.087078e-306
1.539044e-305
9.622067e-306
3.087076e-306
1.506195e-305
2.767393e-306
8.117628e-306
8.117628e-306
2.767391e-306
3.087074e-306
1.506195e-305
9.622066e-306
1.539044e-305
3.933664e-306
1.244233e-305
3.553107e-306
2.146325e-305
1.037617e-305
1.80741e-305
3.933652e-306
3.5531e-306
1.244228e-305
1.037615e-305
1.807405e-305
2.146318e-305
1.24423e-305
1.037617e-305
3.553107e-306
1.807408e-305
3.933661e-306
2.146321e-305
3.933662e-306
3.553105e-306
1.037617e-305
1.244232e-305
1.807409e-305
2.146323e-305
3.933656e-306
1.244229e-305
3.553103e-306
2.14632e-305
1.037616e-305
1.807407e-305
1.037616e-305
1.24423e-305
3.553103e-306
1.807406e-305
3.933658e-306
2.146319e-305
4.391733e-306
1.367655e-305
2.429897e-305
1.299905e-305
4.260523e-306
2.350773e-305
2.429894e-305
1.36765e-305
4.391706e-306
4.260494e-306
1.299897e-305
2.350768e-305
1.367654e-305
2.429899e-305
4.391721e-306
4.260513e-306
1.299902e-305
2.350772e-305
1.367654e-305
4.391732e-306
2.429897e-305
4.260521e-306
2.350773e-305
1.299904e-305
1.299898e-305
2.350769e-305
2.429894e-305
4.260496e-306
1.36765e-305
4.391707e-306
1.299901e-305
4.260512e-306
1.367654e-305
2.350771e-305
4.39172e-306
2.429898e-305
1.367651e-305
2.35077e-305
2.429896e-305
4.391708e-306
4.260498e-306
1.299899e-305
2.429896e-305
4.260521e-306
1.299904e-305
4.391731e-306
2.350772e-305
1.367654e-305
1.367654e-305
4.391719e-306
2.429899e-305
4.26051e-306
2.35077e-305
1.299901e-305
1.367651e-305
4.260498e-306
2.35077e-305
2.429895e-305
4.391708e-306
1.299899e-305
1.367654e-305
4.260521e-306
2.350771e-305
2.429896e-305
4.391732e-306
1.299904e-305
2.429899e-305
1.367654e-305
2.350771e-305
1.299901e-305
4.391719e-306
4.260511e-306
1.24423e-305
3.933658e-306
1.037617e-305
3.553108e-306
2.146321e-305
1.807408e-305
1.037617e-305
3.553108e-306
2.146323e-305
1.244232e-305
3.933663e-306
1.807409e-305
1.244229e-305
3.933656e-306
3.553099e-306
2.146319e-305
1.807406e-305
1.037615e-305
1.24423e-305
3.93366e-306
2.146322e-305
1.037617e-305
3.553111e-306
1.807409e-305
3.933662e-306
3.553104e-306
1.037616e-305
2.146323e-305
1.244232e-305
1.807408e-305
1.807406e-305
1.037615e-305
3.553102e-306
2.14632e-305
3.933657e-306
1.24423e-305
2.767396e-306
3.087078e-306
8.117635e-306
1.506196e-305
9.622078e-306
1.539046e-305
8.117639e-306
2.767396e-306
9.622078e-306
1.506197e-305
1.539046e-305
3.087079e-306
8.117624e-306
1.506194e-305
2.76739e-306
9.62206e-306
3.087074e-306
1.539043e-305
1.539046e-305
1.506196e-305
8.117638e-306
9.622083e-306
2.767397e-306
3.08708e-306
1.539044e-305
1.506195e-305
8.11763e-306
9.622068e-306
2.767393e-306
3.087075e-306
9.622065e-306
8.117629e-306
2.767393e-306
3.087077e-306
1.506195e-305
1.539044e-305
1.507835e-304
1.876158e-304
2.163115e-304
2.342717e-304
2.403567e-304
2.342329e-304
2.162397e-304
1.874646e-304
1.501864e-304
1.097502e-304
1.507834e-304
1.876158e-304
2.163115e-304
2.342717e-304
2.403567e-304
2.342329e-304
2.162397e-304
1.874646e-304
1.501863e-304
1.097502e-304
1.507834e-304
1.876158e-304
2.163115e-304
2.342717e-304
2.403566e-304
2.342329e-304
2.162396e-304
1.874646e-304
1.501863e-304
1.097502e-304
1.507834e-304
1.876158e-304
2.163114e-304
2.342717e-304
2.403566e-304
2.342329e-304
2.162396e-304
1.874646e-304
1.501863e-304
1.097502e-304
1.507835e-304
1.876158e-304
2.163115e-304
2.342717e-304
2.403567e-304
2.342329e-304
2.162397e-304
1.874646e-304
1.501864e-304
1.097502e-304
1.507834e-304
1.876158e-304
2.163115e-304
2.342717e-304
2.403566e-304
2.342329e-304
2.162397e-304
1.874646e-304
1.501863e-304
1.097502e-304
1.630304e+14
2.070346e+14
2.395733e+14
2.59567e+14
2.662891e+14
2.594973e+14
2.394785e+14
2.070218e+14
1.633138e+14
1.097521e+14
1.630304e+14
2.070346e+14
2.395734e+14
2.595671e+14
2.662892e+14
2.594974e+14
2.394786e+14
2.070219e+14
1.633139e+14
1.097521e+14
1.613932e+14
2.03491e+14
2.351502e+14
2.547728e+14
2.614002e+14
2.547292e+14
2.350919e+14
2.034745e+14
1.615674e+14
1.113985e+14
1.634705e+14
2.071548e+14
2.396432e+14
2.596806e+14
2.664341e+14
2.596305e+14
2.395836e+14
2.071833e+14
1.638172e+14
1.109518e+14
1.634706e+14
2.071548e+14
2.396433e+14
2.596807e+14
2.664342e+14
2.596306e+14
2.395837e+14
2.071834e+14
1.638173e+14
1.109518e+14
1.620047e+14
2.05644e+14
2.378658e+14
2.576476e+14
2.642924e+14
2.575656e+14
2.377455e+14
2.055897e+14
1.62216e+14
1.089489e+14
1.630304e+14
2.070345e+14
2.395733e+14
2.59567e+14
2.66289e+14
2.594972e+14
2.394785e+14
2.070218e+14
1.633138e+14
1.097521e+14
1.613932e+14
2.034909e+14
2.351501e+14
2.547728e+14
2.614001e+14
2.547292e+14
2.350918e+14
2.034744e+14
1.615673e+14
1.113985e+14
1.634705e+14
2.071547e+14
2.396431e+14
2.596806e+14
2.66434e+14
2.596305e+14
2.395835e+14
2.071832e+14
1.638172e+14
1.109518e+14
1.620047e+14
2.05644e+14
2.378657e+14
2.576475e+14
2.642924e+14
2.575656e+14
2.377454e+14
2.055897e+14
1.622159e+14
1.089489e+14
1.634705e+14
2.071548e+14
2.396432e+14
2.596806e+14
2.664341e+14
2.596305e+14
2.395836e+14
2.071833e+14
1.638172e+14
1.109518e+14
1.630303e+14
2.070345e+14
2.395733e+14
2.59567e+14
2.662891e+14
2.594973e+14
2.394785e+14
2.070218e+14
1.633138e+14
1.09752e+14
1.613932e+14
2.03491e+14
2.351502e+14
2.547728e+14
2.614002e+14
2.547292e+14
2.350919e+14
2.034745e+14
1.615674e+14
1.113985e+14
1.634705e+14
2.071548e+14
2.396432e+14
2.596807e+14
2.664341e+14
2.596306e+14
2.395836e+14
2.071833e+14
1.638172e+14
1.109518e+14
1.630304e+14
2.070346e+14
2.395734e+14
2.595671e+14
2.662892e+14
2.594974e+14
2.394786e+14
2.070219e+14
1.633139e+14
1.097521e+14
1.634705e+14
2.071548e+14
2.396432e+14
2.596806e+14
2.664341e+14
2.596305e+14
2.395836e+14
2.071833e+14
1.638172e+14
1.109518e+14
1.620048e+14
2.056441e+14
2.378659e+14
2.576477e+14
2.642925e+14
2.575657e+14
2.377456e+14
2.055898e+14
1.62216e+14
1.089489e+14
1.630304e+14
2.070346e+14
2.395734e+14
2.595671e+14
2.662891e+14
2.594973e+14
2.394786e+14
2.070218e+14
1.633138e+14
1.097521e+14
1.630304e+14
2.070346e+14
2.395734e+14
2.595671e+14
2.662891e+14
2.594973e+14
2.394786e+14
2.070218e+14
1.633138e+14
1.097521e+14
1.613932e+14
2.03491e+14
2.351502e+14
2.547728e+14
2.614002e+14
2.547292e+14
2.350919e+14
2.034745e+14
1.615674e+14
1.113985e+14
1.634705e+14
2.071548e+14
2.396432e+14
2.596806e+14
2.664341e+14
2.596305e+14
2.395836e+14
2.071833e+14
1.638172e+14
1.109518e+14
1.630304e+14
2.070346e+14
2.395734e+14
2.595671e+14
2.662892e+14
2.594974e+14
2.394786e+14
2.070219e+14
1.633138e+14
1.097521e+14
1.620047e+14
2.05644e+14
2.378658e+14
2.576476e+14
2.642924e+14
2.575656e+14
2.377455e+14
2.055897e+14
1.62216e+14
1.089489e+14
1.634705e+14
2.071548e+14
2.396432e+14
2.596807e+14
2.664341e+14
2.596306e+14
2.395836e+14
2.071833e+14
1.638173e+14
1.109518e+14
1.630304e+14
2.070347e+14
2.395734e+14
2.595672e+14
2.662892e+14
2.594974e+14
2.394787e+14
2.070219e+14
1.633139e+14
1.097521e+14
1.634706e+14
2.071549e+14
2.396433e+14
2.596808e+14
2.664343e+14
2.596307e+14
2.395837e+14
2.071834e+14
1.638173e+14
1.109519e+14
1.630304e+14
2.070347e+14
2.395734e+14
2.595672e+14
2.662892e+14
2.594974e+14
2.394787e+14
2.070219e+14
1.633139e+14
1.097521e+14
1.620047e+14
2.056441e+14
2.378659e+14
2.576477e+14
2.642926e+14
2.575658e+14
2.377456e+14
2.055898e+14
1.62216e+14
1.089489e+14
1.613931e+14
2.034909e+14
2.351502e+14
2.547728e+14
2.614002e+14
2.547292e+14
2.350919e+14
2.034745e+14
1.615674e+14
1.113985e+14
1.634705e+14
2.071548e+14
2.396433e+14
2.596807e+14
2.664342e+14
2.596306e+14
2.395837e+14
2.071834e+14
1.638173e+14
1.109518e+14
1.613932e+14
2.03491e+14
2.351503e+14
2.547729e+14
2.614003e+14
2.547293e+14
2.35092e+14
2.034745e+14
1.615674e+14
1.113986e+14
1.634706e+14
2.071548e+14
2.396433e+14
2.596808e+14
2.664342e+14
2.596307e+14
2.395837e+14
2.071834e+14
1.638173e+14
1.109519e+14
1.620049e+14
2.056442e+14
2.37866e+14
2.576478e+14
2.642927e+14
2.575659e+14
2.377457e+14
2.055899e+14
1.622161e+14
1.08949e+14
1.634706e+14
2.071549e+14
2.396433e+14
2.596808e+14
2.664342e+14
2.596307e+14
2.395837e+14
2.071834e+14
1.638173e+14
1.109519e+14
1.630304e+14
2.070347e+14
2.395735e+14
2.595672e+14
2.662893e+14
2.594975e+14
2.394787e+14
2.07022e+14
1.633139e+14
1.097521e+14
1.630304e+14
2.070347e+14
2.395735e+14
2.595672e+14
2.662893e+14
2.594975e+14
2.394787e+14
2.070219e+14
1.633139e+14
1.097521e+14
1.541303e+14
1.942214e+14
2.237917e+14
2.419506e+14
2.480341e+14
2.418086e+14
2.235326e+14
1.939098e+14
1.53899e+14
1.042937e+14
1.378347e+14
1.684707e+14
1.917935e+14
2.063596e+14
2.112462e+14
2.061431e+14
1.913445e+14
1.677659e+14
1.369471e+14
1.000998e+14
1.45689e+14
1.813012e+14
2.077553e+14
2.24091e+14
2.295623e+14
2.239047e+14
2.073866e+14
1.807733e+14
1.451045e+14
1.006571e+14
1.575316e+14
1.992189e+14
2.299517e+14
2.488105e+14
2.551334e+14
2.486911e+14
2.297463e+14
1.990096e+14
1.574741e+14
1.061636e+14
1.541304e+14
1.942215e+14
2.237918e+14
2.419507e+14
2.480341e+14
2.418087e+14
2.235327e+14
1.939098e+14
1.538991e+14
1.042938e+14
1.456891e+14
1.813013e+14
2.077553e+14
2.24091e+14
2.295624e+14
2.239048e+14
2.073867e+14
1.807733e+14
1.451045e+14
1.006572e+14
1.378346e+14
1.684706e+14
1.917935e+14
2.063595e+14
2.112461e+14
2.06143e+14
1.913445e+14
1.677659e+14
1.36947e+14
1.000997e+14
1.541303e+14
1.942214e+14
2.237917e+14
2.419506e+14
2.48034e+14
2.418085e+14
2.235326e+14
1.939097e+14
1.53899e+14
1.042937e+14
1.541303e+14
1.942214e+14
2.237917e+14
2.419506e+14
2.480341e+14
2.418086e+14
2.235326e+14
1.939098e+14
1.53899e+14
1.042937e+14
1.45689e+14
1.813012e+14
2.077552e+14
2.240909e+14
2.295623e+14
2.239047e+14
2.073866e+14
1.807733e+14
1.451044e+14
1.006571e+14
1.45689e+14
1.813012e+14
2.077552e+14
2.240909e+14
2.295622e+14
2.239046e+14
2.073866e+14
1.807732e+14
1.451044e+14
1.006571e+14
1.575316e+14
1.992188e+14
2.299516e+14
2.488104e+14
2.551333e+14
2.48691e+14
2.297463e+14
1.990095e+14
1.574741e+14
1.061635e+14
1.575317e+14
1.99219e+14
2.299518e+14
2.488106e+14
2.551336e+14
2.486912e+14
2.297465e+14
1.990097e+14
1.574742e+14
1.061636e+14
1.541304e+14
1.942215e+14
2.237919e+14
2.419508e+14
2.480342e+14
2.418088e+14
2.235328e+14
1.939099e+14
1.538991e+14
1.042938e+14
1.541304e+14
1.942216e+14
2.237919e+14
2.419508e+14
2.480343e+14
2.418088e+14
2.235328e+14
1.939099e+14
1.538991e+14
1.042938e+14
1.456891e+14
1.813014e+14
2.077554e+14
2.240912e+14
2.295625e+14
2.239049e+14
2.073868e+14
1.807734e+14
1.451046e+14
1.006572e+14
1.456892e+14
1.813014e+14
2.077555e+14
2.240912e+14
2.295625e+14
2.239049e+14
2.073868e+14
1.807734e+14
1.451046e+14
1.006572e+14
1.378348e+14
1.684708e+14
1.917937e+14
2.063597e+14
2.112464e+14
2.061432e+14
1.913447e+14
1.677661e+14
1.369472e+14
1.000998e+14
1.456891e+14
1.813013e+14
2.077554e+14
2.240911e+14
2.295624e+14
2.239048e+14
2.073867e+14
1.807734e+14
1.451045e+14
1.006572e+14
1.456891e+14
1.813013e+14
2.077553e+14
2.240911e+14
2.295624e+14
2.239048e+14
2.073867e+14
1.807733e+14
1.451045e+14
1.006572e+14
1.541303e+14
1.942215e+14
2.237918e+14
2.419507e+14
2.480341e+14
2.418087e+14
2.235327e+14
1.939098e+14
1.53899e+14
1.042938e+14
1.541303e+14
1.942215e+14
2.237918e+14
2.419507e+14
2.480342e+14
2.418087e+14
2.235327e+14
1.939098e+14
1.538991e+14
1.042937e+14
1.378347e+14
1.684707e+14
1.917935e+14
2.063596e+14
2.112462e+14
2.061431e+14
1.913446e+14
1.677659e+14
1.369471e+14
1.000998e+14
1.575316e+14
1.992189e+14
2.299517e+14
2.488105e+14
2.551334e+14
2.486911e+14
2.297464e+14
1.990096e+14
1.574742e+14
1.061636e+14
1.541304e+14
1.942216e+14
2.237919e+14
2.419509e+14
2.480343e+14
2.418088e+14
2.235328e+14
1.9391e+14
1.538991e+14
1.042938e+14
1.575317e+14
1.99219e+14
2.299518e+14
2.488107e+14
2.551336e+14
2.486913e+14
2.297465e+14
1.990097e+14
1.574742e+14
1.061636e+14
1.541304e+14
1.942215e+14
2.237918e+14
2.419508e+14
2.480342e+14
2.418088e+14
2.235328e+14
1.939099e+14
1.538991e+14
1.042938e+14
1.456891e+14
1.813013e+14
2.077554e+14
2.240911e+14
2.295625e+14
2.239048e+14
2.073868e+14
1.807734e+14
1.451045e+14
1.006572e+14
1.456891e+14
1.813013e+14
2.077554e+14
2.240912e+14
2.295625e+14
2.239049e+14
2.073868e+14
1.807734e+14
1.451046e+14
1.006572e+14
1.378347e+14
1.684708e+14
1.917936e+14
2.063597e+14
2.112463e+14
2.061432e+14
1.913446e+14
1.67766e+14
1.369472e+14
1.000998e+14
1.575317e+14
1.99219e+14
2.299518e+14
2.488107e+14
2.551336e+14
2.486913e+14
2.297465e+14
1.990097e+14
1.574742e+14
1.061637e+14
1.541304e+14
1.942216e+14
2.237919e+14
2.419508e+14
2.480343e+14
2.418088e+14
2.235328e+14
1.939099e+14
1.538991e+14
1.042938e+14
1.378347e+14
1.684708e+14
1.917937e+14
2.063597e+14
2.112463e+14
2.061432e+14
1.913447e+14
1.67766e+14
1.369472e+14
1.000998e+14
1.541304e+14
1.942216e+14
2.237919e+14
2.419508e+14
2.480343e+14
2.418088e+14
2.235328e+14
1.939099e+14
1.538991e+14
1.042938e+14
1.456891e+14
1.813013e+14
2.077554e+14
2.240912e+14
2.295625e+14
2.239049e+14
2.073868e+14
1.807734e+14
1.451046e+14
1.006572e+14
1.456891e+14
1.813014e+14
2.077554e+14
2.240912e+14
2.295625e+14
2.239049e+14
2.073868e+14
1.807734e+14
1.451046e+14
1.006572e+14
1.56892e+14
1.986053e+14
2.293271e+14
2.481601e+14
2.544698e+14
2.480359e+14
2.291099e+14
1.983703e+14
1.567801e+14
1.054347e+14
1.611625e+14
2.046253e+14
2.366856e+14
2.563512e+14
2.629514e+14
2.562601e+14
2.365451e+14
2.04534e+14
1.613055e+14
1.081993e+14
1.611626e+14
2.046253e+14
2.366856e+14
2.563512e+14
2.629515e+14
2.562602e+14
2.365452e+14
2.04534e+14
1.613055e+14
1.081993e+14
1.568919e+14
1.986052e+14
2.29327e+14
2.4816e+14
2.544697e+14
2.480358e+14
2.291098e+14
1.983702e+14
1.5678e+14
1.054347e+14
1.53068e+14
1.934364e+14
2.231274e+14
2.41316e+14
2.474011e+14
2.411695e+14
2.228556e+14
1.930911e+14
1.527463e+14
1.0277e+14
1.53068e+14
1.934364e+14
2.231274e+14
2.41316e+14
2.474011e+14
2.411695e+14
2.228556e+14
1.930911e+14
1.527463e+14
1.0277e+14
1.568918e+14
1.986051e+14
2.293269e+14
2.481599e+14
2.544695e+14
2.480356e+14
2.291096e+14
1.983701e+14
1.567799e+14
1.054346e+14
1.530679e+14
1.934363e+14
2.231272e+14
2.413158e+14
2.474009e+14
2.411693e+14
2.228554e+14
1.93091e+14
1.527462e+14
1.027699e+14
1.611624e+14
2.046252e+14
2.366854e+14
2.56351e+14
2.629513e+14
2.5626e+14
2.365449e+14
2.045338e+14
1.613054e+14
1.081992e+14
1.530679e+14
1.934363e+14
2.231272e+14
2.413158e+14
2.474009e+14
2.411693e+14
2.228554e+14
1.93091e+14
1.527462e+14
1.027699e+14
1.611624e+14
2.046252e+14
2.366854e+14
2.563509e+14
2.629512e+14
2.562599e+14
2.365449e+14
2.045338e+14
1.613054e+14
1.081992e+14
1.568918e+14
1.986051e+14
2.293269e+14
2.481599e+14
2.544695e+14
2.480356e+14
2.291096e+14
1.983701e+14
1.567799e+14
1.054346e+14
1.611625e+14
2.046253e+14
2.366855e+14
2.563511e+14
2.629514e+14
2.562601e+14
2.365451e+14
2.045339e+14
1.613055e+14
1.081992e+14
1.611625e+14
2.046253e+14
2.366855e+14
2.563511e+14
2.629514e+14
2.562601e+14
2.365451e+14
2.04534e+14
1.613055e+14
1.081992e+14
1.568919e+14
1.986052e+14
2.29327e+14
2.4816e+14
2.544696e+14
2.480358e+14
2.291097e+14
1.983702e+14
1.5678e+14
1.054346e+14
1.56892e+14
1.986053e+14
2.293271e+14
2.481601e+14
2.544697e+14
2.480359e+14
2.291098e+14
1.983702e+14
1.5678e+14
1.054347e+14
1.53068e+14
1.934364e+14
2.231274e+14
2.41316e+14
2.474011e+14
2.411695e+14
2.228556e+14
1.930911e+14
1.527463e+14
1.0277e+14
1.53068e+14
1.934364e+14
2.231274e+14
2.41316e+14
2.474011e+14
2.411695e+14
2.228556e+14
1.930911e+14
1.527463e+14
1.0277e+14
1.56892e+14
1.986053e+14
2.293271e+14
2.481601e+14
2.544697e+14
2.480358e+14
2.291098e+14
1.983702e+14
1.5678e+14
1.054347e+14
1.53068e+14
1.934364e+14
2.231274e+14
2.41316e+14
2.474011e+14
2.411695e+14
2.228556e+14
1.930911e+14
1.527463e+14
1.0277e+14
1.611625e+14
2.046253e+14
2.366855e+14
2.563511e+14
2.629514e+14
2.562601e+14
2.36545e+14
2.045339e+14
1.613054e+14
1.081992e+14
1.53068e+14
1.934364e+14
2.231274e+14
2.41316e+14
2.474011e+14
2.411695e+14
2.228556e+14
1.930911e+14
1.527463e+14
1.0277e+14
1.611625e+14
2.046253e+14
2.366855e+14
2.563511e+14
2.629514e+14
2.562601e+14
2.365451e+14
2.04534e+14
1.613055e+14
1.081993e+14
1.568919e+14
1.986052e+14
2.29327e+14
2.4816e+14
2.544696e+14
2.480358e+14
2.291097e+14
1.983702e+14
1.5678e+14
1.054346e+14
1.611625e+14
2.046253e+14
2.366855e+14
2.563511e+14
2.629514e+14
2.562601e+14
2.365451e+14
2.045339e+14
1.613055e+14
1.081992e+14
1.568919e+14
1.986052e+14
2.29327e+14
2.4816e+14
2.544697e+14
2.480358e+14
2.291098e+14
1.983702e+14
1.5678e+14
1.054347e+14
1.53068e+14
1.934364e+14
2.231274e+14
2.41316e+14
2.474011e+14
2.411695e+14
2.228556e+14
1.930911e+14
1.527463e+14
1.0277e+14
1.568919e+14
1.986052e+14
2.29327e+14
2.4816e+14
2.544696e+14
2.480358e+14
2.291097e+14
1.983702e+14
1.5678e+14
1.054346e+14
1.611624e+14
2.046253e+14
2.366855e+14
2.563511e+14
2.629514e+14
2.562601e+14
2.36545e+14
2.045339e+14
1.613054e+14
1.081992e+14
1.530679e+14
1.934363e+14
2.231274e+14
2.413159e+14
2.47401e+14
2.411694e+14
2.228556e+14
1.930911e+14
1.527463e+14
1.0277e+14
1.611626e+14
2.046254e+14
2.366857e+14
2.563513e+14
2.629516e+14
2.562603e+14
2.365452e+14
2.045341e+14
1.613055e+14
1.081993e+14
1.611626e+14
2.046254e+14
2.366857e+14
2.563513e+14
2.629516e+14
2.562603e+14
2.365452e+14
2.045341e+14
1.613056e+14
1.081993e+14
1.56892e+14
1.986053e+14
2.293271e+14
2.481602e+14
2.544698e+14
2.480359e+14
2.291099e+14
1.983703e+14
1.567801e+14
1.054347e+14
1.53068e+14
1.934365e+14
2.231275e+14
2.413161e+14
2.474012e+14
2.411696e+14
2.228557e+14
1.930912e+14
1.527464e+14
1.0277e+14
1.56892e+14
1.986053e+14
2.293272e+14
2.481602e+14
2.544698e+14
2.480359e+14
2.291099e+14
1.983703e+14
1.567801e+14
1.054347e+14
1.53068e+14
1.934365e+14
2.231275e+14
2.413161e+14
2.474012e+14
2.411696e+14
2.228557e+14
1.930912e+14
1.527464e+14
1.0277e+14
1.25377e-304
1.508922e-304
1.709462e-304
1.835951e-304
1.878444e-304
1.833736e-304
1.704742e-304
1.501049e-304
1.241566e-304
9.648795e-305
1.207545e-304
1.451972e-304
1.643687e-304
1.764576e-304
1.805183e-304
1.762416e-304
1.638999e-304
1.443849e-304
1.193981e-304
9.221573e-305
1.190955e-304
1.431324e-304
1.619716e-304
1.738503e-304
1.778402e-304
1.736362e-304
1.615047e-304
1.423148e-304
1.177023e-304
9.073567e-305
1.238636e-304
1.490255e-304
1.687886e-304
1.812527e-304
1.854395e-304
1.810321e-304
1.683152e-304
1.482248e-304
1.225885e-304
9.507261e-305
1.238636e-304
1.490255e-304
1.687887e-304
1.812528e-304
1.854396e-304
1.810321e-304
1.683152e-304
1.482248e-304
1.225885e-304
9.507263e-305
1.207545e-304
1.451972e-304
1.643687e-304
1.764577e-304
1.805183e-304
1.762416e-304
1.639e-304
1.44385e-304
1.193981e-304
9.221574e-305
1.238636e-304
1.490254e-304
1.687886e-304
1.812527e-304
1.854395e-304
1.81032e-304
1.683151e-304
1.482247e-304
1.225884e-304
9.507258e-305
1.190955e-304
1.431324e-304
1.619715e-304
1.738502e-304
1.778401e-304
1.736361e-304
1.615046e-304
1.423148e-304
1.177023e-304
9.073563e-305
1.207545e-304
1.451971e-304
1.643686e-304
1.764576e-304
1.805182e-304
1.762415e-304
1.638999e-304
1.443849e-304
1.193981e-304
9.221569e-305
1.25377e-304
1.508922e-304
1.709461e-304
1.83595e-304
1.878443e-304
1.833735e-304
1.704741e-304
1.501048e-304
1.241566e-304
9.64879e-305
1.238636e-304
1.490255e-304
1.687886e-304
1.812527e-304
1.854395e-304
1.81032e-304
1.683152e-304
1.482247e-304
1.225884e-304
9.507259e-305
1.207545e-304
1.451971e-304
1.643686e-304
1.764576e-304
1.805182e-304
1.762415e-304
1.638999e-304
1.443849e-304
1.193981e-304
9.22157e-305
1.207546e-304
1.451973e-304
1.643689e-304
1.764578e-304
1.805185e-304
1.762418e-304
1.639001e-304
1.443851e-304
1.193982e-304
9.221581e-305
1.238637e-304
1.490257e-304
1.687888e-304
1.812529e-304
1.854397e-304
1.810323e-304
1.683154e-304
1.482249e-304
1.225886e-304
9.507269e-305
1.190956e-304
1.431326e-304
1.619717e-304
1.738505e-304
1.778403e-304
1.736363e-304
1.615048e-304
1.423149e-304
1.177024e-304
9.073574e-305
1.207546e-304
1.451973e-304
1.643689e-304
1.764578e-304
1.805185e-304
1.762418e-304
1.639001e-304
1.443851e-304
1.193982e-304
9.221581e-305
1.253772e-304
1.508924e-304
1.709464e-304
1.835952e-304
1.878446e-304
1.833738e-304
1.704744e-304
1.50105e-304
1.241567e-304
9.648802e-305
1.238637e-304
1.490257e-304
1.687888e-304
1.812529e-304
1.854397e-304
1.810323e-304
1.683154e-304
1.482249e-304
1.225886e-304
9.50727e-305
1.253771e-304
1.508923e-304
1.709463e-304
1.835951e-304
1.878445e-304
1.833737e-304
1.704743e-304
1.501049e-304
1.241567e-304
9.648798e-305
1.190956e-304
1.431325e-304
1.619716e-304
1.738504e-304
1.778402e-304
1.736362e-304
1.615047e-304
1.423149e-304
1.177024e-304
9.07357e-305
1.238637e-304
1.490256e-304
1.687887e-304
1.812528e-304
1.854396e-304
1.810322e-304
1.683153e-304
1.482249e-304
1.225885e-304
9.507265e-305
1.238637e-304
1.490256e-304
1.687887e-304
1.812528e-304
1.854396e-304
1.810322e-304
1.683153e-304
1.482248e-304
1.225885e-304
9.507265e-305
1.207545e-304
1.451972e-304
1.643687e-304
1.764577e-304
1.805184e-304
1.762416e-304
1.639e-304
1.44385e-304
1.193982e-304
9.221576e-305
1.207545e-304
1.451972e-304
1.643687e-304
1.764577e-304
1.805184e-304
1.762417e-304
1.639e-304
1.44385e-304
1.193982e-304
9.221576e-305
1.207546e-304
1.451972e-304
1.643688e-304
1.764577e-304
1.805184e-304
1.762417e-304
1.639e-304
1.44385e-304
1.193982e-304
9.221577e-305
1.207546e-304
1.451972e-304
1.643688e-304
1.764577e-304
1.805184e-304
1.762417e-304
1.639e-304
1.44385e-304
1.193982e-304
9.221576e-305
1.190956e-304
1.431325e-304
1.619716e-304
1.738504e-304
1.778402e-304
1.736362e-304
1.615047e-304
1.423149e-304
1.177024e-304
9.073569e-305
1.238636e-304
1.490256e-304
1.687887e-304
1.812528e-304
1.854396e-304
1.810322e-304
1.683153e-304
1.482248e-304
1.225885e-304
9.507266e-305
1.253771e-304
1.508923e-304
1.709463e-304
1.835951e-304
1.878445e-304
1.833737e-304
1.704743e-304
1.501049e-304
1.241567e-304
9.648799e-305
1.238637e-304
1.490256e-304
1.687887e-304
1.812528e-304
1.854396e-304
1.810322e-304
1.683153e-304
1.482249e-304
1.225885e-304
9.507266e-305
1.207546e-304
1.451972e-304
1.643688e-304
1.764577e-304
1.805184e-304
1.762417e-304
1.639e-304
1.44385e-304
1.193982e-304
9.221578e-305
1.190956e-304
1.431325e-304
1.619717e-304
1.738504e-304
1.778403e-304
1.736362e-304
1.615047e-304
1.423149e-304
1.177024e-304
9.073571e-305
1.207546e-304
1.451972e-304
1.643688e-304
1.764577e-304
1.805184e-304
1.762417e-304
1.639e-304
1.44385e-304
1.193982e-304
9.221579e-305
1.238637e-304
1.490256e-304
1.687887e-304
1.812529e-304
1.854397e-304
1.810322e-304
1.683153e-304
1.482249e-304
1.225886e-304
9.507267e-305
1.253771e-304
1.508923e-304
1.709463e-304
1.835952e-304
1.878446e-304
1.833737e-304
1.704743e-304
1.50105e-304
1.241567e-304
9.6488e-305
1.238637e-304
1.490256e-304
1.687888e-304
1.812529e-304
1.854397e-304
1.810322e-304
1.683153e-304
1.482249e-304
1.225886e-304
9.507268e-305
1.428812e+14
1.776625e+14
2.034744e+14
2.194075e+14
2.2474e+14
2.19213e+14
2.030822e+14
1.770773e+14
1.421633e+14
9.84472e+13
1.338009e+14
1.633902e+14
1.858913e+14
1.999417e+14
2.046532e+14
1.997239e+14
1.854315e+14
1.626408e+14
1.327709e+14
9.664315e+13
1.470047e+14
1.848165e+14
2.126456e+14
2.29716e+14
2.354226e+14
2.295451e+14
2.123105e+14
1.843382e+14
1.46432e+14
9.915883e+13
1.429234e+14
1.799723e+14
2.071787e+14
2.23839e+14
2.294042e+14
2.23671e+14
2.068425e+14
1.79468e+14
1.422495e+14
9.580017e+13
1.33493e+14
1.658101e+14
1.897621e+14
2.045399e+14
2.09485e+14
2.043564e+14
1.893776e+14
1.651865e+14
1.325771e+14
9.137164e+13
1.367797e+14
1.718832e+14
1.976861e+14
2.135015e+14
2.187877e+14
2.133432e+14
1.973616e+14
1.713729e+14
1.360396e+14
9.176344e+13
1.367796e+14
1.718831e+14
1.976859e+14
2.135014e+14
2.187876e+14
2.133431e+14
1.973615e+14
1.713728e+14
1.360395e+14
9.176337e+13
1.334929e+14
1.6581e+14
1.89762e+14
2.045397e+14
2.094848e+14
2.043563e+14
1.893775e+14
1.651864e+14
1.32577e+14
9.137156e+13
1.338008e+14
1.633901e+14
1.858912e+14
1.999416e+14
2.04653e+14
1.997238e+14
1.854314e+14
1.626407e+14
1.327708e+14
9.664309e+13
1.429233e+14
1.799722e+14
2.071786e+14
2.238388e+14
2.29404e+14
2.236709e+14
2.068424e+14
1.794679e+14
1.422493e+14
9.580009e+13
1.470046e+14
1.848164e+14
2.126455e+14
2.297159e+14
2.354224e+14
2.295449e+14
2.123103e+14
1.84338e+14
1.464319e+14
9.915874e+13
1.428811e+14
1.776624e+14
2.034743e+14
2.194074e+14
2.247399e+14
2.192128e+14
2.03082e+14
1.770772e+14
1.421633e+14
9.844713e+13
1.429234e+14
1.799723e+14
2.071788e+14
2.23839e+14
2.294043e+14
2.236711e+14
2.068426e+14
1.794681e+14
1.422495e+14
9.580015e+13
1.470047e+14
1.848166e+14
2.126457e+14
2.297161e+14
2.354227e+14
2.295452e+14
2.123106e+14
1.843382e+14
1.46432e+14
9.915882e+13
1.367797e+14
1.718833e+14
1.976861e+14
2.135016e+14
2.187878e+14
2.133433e+14
1.973616e+14
1.713729e+14
1.360396e+14
9.176343e+13
1.33801e+14
1.633903e+14
1.858915e+14
1.999419e+14
2.046534e+14
1.997241e+14
1.854317e+14
1.626409e+14
1.32771e+14
9.66432e+13
1.428813e+14
1.776627e+14
2.034746e+14
2.194077e+14
2.247402e+14
2.192131e+14
2.030823e+14
1.770774e+14
1.421634e+14
9.844723e+13
1.334931e+14
1.658102e+14
1.897622e+14
2.0454e+14
2.094851e+14
2.043566e+14
1.893777e+14
1.651866e+14
1.325772e+14
9.137165e+13
1.470047e+14
1.848165e+14
2.126457e+14
2.297161e+14
2.354227e+14
2.295451e+14
2.123105e+14
1.843382e+14
1.46432e+14
9.915881e+13
1.429234e+14
1.799723e+14
2.071788e+14
2.23839e+14
2.294042e+14
2.236711e+14
2.068426e+14
1.79468e+14
1.422495e+14
9.580016e+13
1.428812e+14
1.776625e+14
2.034745e+14
2.194075e+14
2.247401e+14
2.19213e+14
2.030822e+14
1.770773e+14
1.421634e+14
9.844718e+13
1.367797e+14
1.718832e+14
1.976861e+14
2.135016e+14
2.187877e+14
2.133432e+14
1.973616e+14
1.713729e+14
1.360396e+14
9.176344e+13
1.338009e+14
1.633902e+14
1.858914e+14
1.999417e+14
2.046532e+14
1.99724e+14
1.854315e+14
1.626408e+14
1.327709e+14
9.664316e+13
1.33493e+14
1.658101e+14
1.897622e+14
2.045399e+14
2.09485e+14
2.043565e+14
1.893776e+14
1.651865e+14
1.325771e+14
9.137164e+13
1.470047e+14
1.848165e+14
2.126456e+14
2.297161e+14
2.354226e+14
2.295451e+14
2.123105e+14
1.843382e+14
1.46432e+14
9.915879e+13
1.338009e+14
1.633902e+14
1.858914e+14
1.999417e+14
2.046532e+14
1.99724e+14
1.854316e+14
1.626408e+14
1.327709e+14
9.664316e+13
1.367797e+14
1.718832e+14
1.976861e+14
2.135015e+14
2.187877e+14
2.133432e+14
1.973616e+14
1.713729e+14
1.360396e+14
9.176342e+13
1.33493e+14
1.658101e+14
1.897621e+14
2.045399e+14
2.09485e+14
2.043565e+14
1.893776e+14
1.651865e+14
1.325771e+14
9.137162e+13
1.428812e+14
1.776626e+14
2.034745e+14
2.194076e+14
2.247401e+14
2.19213e+14
2.030822e+14
1.770773e+14
1.421634e+14
9.844716e+13
1.429233e+14
1.799723e+14
2.071787e+14
2.238389e+14
2.294042e+14
2.23671e+14
2.068425e+14
1.79468e+14
1.422494e+14
9.580014e+13
1.367798e+14
1.718833e+14
1.976862e+14
2.135016e+14
2.187878e+14
2.133433e+14
1.973617e+14
1.71373e+14
1.360397e+14
9.176346e+13
1.470047e+14
1.848166e+14
2.126457e+14
2.297162e+14
2.354228e+14
2.295452e+14
2.123106e+14
1.843383e+14
1.464321e+14
9.915885e+13
1.428812e+14
1.776626e+14
2.034746e+14
2.194076e+14
2.247402e+14
2.192131e+14
2.030823e+14
1.770774e+14
1.421634e+14
9.844724e+13
1.429234e+14
1.799723e+14
2.071788e+14
2.238391e+14
2.294043e+14
2.236711e+14
2.068426e+14
1.794681e+14
1.422495e+14
9.580018e+13
1.334931e+14
1.658102e+14
1.897622e+14
2.0454e+14
2.094851e+14
2.043565e+14
1.893777e+14
1.651866e+14
1.325772e+14
9.137166e+13
1.33801e+14
1.633903e+14
1.858915e+14
1.999418e+14
2.046533e+14
1.99724e+14
1.854316e+14
1.626409e+14
1.32771e+14
9.66432e+13
1.367797e+14
1.718832e+14
1.976861e+14
2.135016e+14
2.187878e+14
2.133433e+14
1.973616e+14
1.713729e+14
1.360397e+14
9.176345e+13
1.470047e+14
1.848165e+14
2.126457e+14
2.297161e+14
2.354227e+14
2.295451e+14
2.123106e+14
1.843382e+14
1.46432e+14
9.915883e+13
1.429234e+14
1.799723e+14
2.071787e+14
2.23839e+14
2.294042e+14
2.236711e+14
2.068426e+14
1.79468e+14
1.422495e+14
9.580017e+13
1.428812e+14
1.776626e+14
2.034745e+14
2.194076e+14
2.247401e+14
2.192131e+14
2.030823e+14
1.770774e+14
1.421634e+14
9.844723e+13
1.33493e+14
1.658101e+14
1.897622e+14
2.045399e+14
2.09485e+14
2.043565e+14
1.893777e+14
1.651865e+14
1.325772e+14
9.137164e+13
1.338009e+14
1.633903e+14
1.858914e+14
1.999418e+14
2.046533e+14
1.99724e+14
1.854316e+14
1.626409e+14
1.32771e+14
9.664319e+13
1.338009e+14
1.633901e+14
1.858913e+14
1.999416e+14
2.046531e+14
1.997239e+14
1.854315e+14
1.626407e+14
1.327709e+14
9.664313e+13
1.33493e+14
1.6581e+14
1.89762e+14
2.045398e+14
2.094849e+14
2.043563e+14
1.893775e+14
1.651864e+14
1.325771e+14
9.137159e+13
1.428811e+14
1.776625e+14
2.034744e+14
2.194074e+14
2.2474e+14
2.192129e+14
2.030821e+14
1.770772e+14
1.421633e+14
9.844716e+13
1.470046e+14
1.848164e+14
2.126455e+14
2.297159e+14
2.354225e+14
2.295449e+14
2.123104e+14
1.843381e+14
1.464319e+14
9.915876e+13
1.367796e+14
1.718831e+14
1.97686e+14
2.135014e+14
2.187876e+14
2.133431e+14
1.973615e+14
1.713728e+14
1.360396e+14
9.176339e+13
1.429233e+14
1.799722e+14
2.071786e+14
2.238388e+14
2.29404e+14
2.236709e+14
2.068424e+14
1.794679e+14
1.422493e+14
9.580009e+13
1.367797e+14
1.718832e+14
1.976861e+14
2.135015e+14
2.187877e+14
2.133432e+14
1.973616e+14
1.713729e+14
1.360396e+14
9.176341e+13
1.429234e+14
1.799723e+14
2.071787e+14
2.238389e+14
2.294042e+14
2.23671e+14
2.068425e+14
1.79468e+14
1.422494e+14
9.580013e+13
1.470047e+14
1.848165e+14
2.126456e+14
2.29716e+14
2.354226e+14
2.29545e+14
2.123105e+14
1.843381e+14
1.464319e+14
9.915878e+13
1.33493e+14
1.658101e+14
1.897621e+14
2.045398e+14
2.094849e+14
2.043564e+14
1.893776e+14
1.651864e+14
1.325771e+14
9.137159e+13
1.338008e+14
1.633901e+14
1.858913e+14
1.999416e+14
2.046531e+14
1.997238e+14
1.854314e+14
1.626407e+14
1.327708e+14
9.66431e+13
1.428811e+14
1.776625e+14
2.034744e+14
2.194074e+14
2.2474e+14
2.192129e+14
2.030821e+14
1.770773e+14
1.421633e+14
9.844715e+13
1.367798e+14
1.718833e+14
1.976862e+14
2.135016e+14
2.187878e+14
2.133433e+14
1.973617e+14
1.71373e+14
1.360397e+14
9.176346e+13
1.33801e+14
1.633903e+14
1.858915e+14
1.999419e+14
2.046533e+14
1.997241e+14
1.854317e+14
1.626409e+14
1.32771e+14
9.66432e+13
1.334931e+14
1.658102e+14
1.897622e+14
2.0454e+14
2.094851e+14
2.043566e+14
1.893777e+14
1.651866e+14
1.325772e+14
9.137165e+13
1.428813e+14
1.776627e+14
2.034746e+14
2.194076e+14
2.247402e+14
2.192131e+14
2.030823e+14
1.770774e+14
1.421634e+14
9.844721e+13
1.429234e+14
1.799723e+14
2.071788e+14
2.23839e+14
2.294043e+14
2.236711e+14
2.068426e+14
1.794681e+14
1.422495e+14
9.580017e+13
1.470047e+14
1.848166e+14
2.126457e+14
2.297161e+14
2.354227e+14
2.295451e+14
2.123106e+14
1.843382e+14
1.46432e+14
9.915882e+13
1.367797e+14
1.718832e+14
1.976861e+14
2.135015e+14
2.187877e+14
2.133432e+14
1.973616e+14
1.713729e+14
1.360396e+14
9.176342e+13
1.470047e+14
1.848165e+14
2.126456e+14
2.29716e+14
2.354226e+14
2.295451e+14
2.123105e+14
1.843382e+14
1.46432e+14
9.91588e+13
1.428812e+14
1.776625e+14
2.034744e+14
2.194075e+14
2.2474e+14
2.192129e+14
2.030822e+14
1.770773e+14
1.421633e+14
9.844717e+13
1.338009e+14
1.633902e+14
1.858914e+14
1.999417e+14
2.046532e+14
1.997239e+14
1.854315e+14
1.626408e+14
1.327709e+14
9.664316e+13
1.429233e+14
1.799723e+14
2.071787e+14
2.238389e+14
2.294042e+14
2.23671e+14
2.068425e+14
1.79468e+14
1.422494e+14
9.580016e+13
1.33493e+14
1.658101e+14
1.897621e+14
2.045399e+14
2.09485e+14
2.043565e+14
1.893776e+14
1.651865e+14
1.325771e+14
9.137162e+13
1.470047e+14
1.848166e+14
2.126457e+14
2.297161e+14
2.354227e+14
2.295452e+14
2.123106e+14
1.843382e+14
1.46432e+14
9.915883e+13
1.428812e+14
1.776626e+14
2.034746e+14
2.194076e+14
2.247402e+14
2.192131e+14
2.030823e+14
1.770774e+14
1.421634e+14
9.844721e+13
1.338009e+14
1.633903e+14
1.858914e+14
1.999418e+14
2.046533e+14
1.99724e+14
1.854316e+14
1.626408e+14
1.32771e+14
9.664318e+13
1.429234e+14
1.799724e+14
2.071788e+14
2.238391e+14
2.294043e+14
2.236711e+14
2.068426e+14
1.794681e+14
1.422495e+14
9.580018e+13
1.334931e+14
1.658102e+14
1.897622e+14
2.0454e+14
2.094851e+14
2.043565e+14
1.893777e+14
1.651865e+14
1.325772e+14
9.137165e+13
1.367797e+14
1.718833e+14
1.976861e+14
2.135016e+14
2.187878e+14
2.133433e+14
1.973617e+14
1.71373e+14
1.360397e+14
9.176346e+13
9.327009e+13
1.162462e+14
1.32928e+14
1.431116e+14
1.465265e+14
1.430594e+14
1.328252e+14
1.160969e+14
9.3062e+13
6.344806e+13
9.990789e+13
1.244621e+14
1.423418e+14
1.53277e+14
1.569424e+14
1.532053e+14
1.421951e+14
1.242285e+14
9.952984e+13
6.764876e+13
1.203934e+14
1.464843e+14
1.66248e+14
1.785898e+14
1.8273e+14
1.783964e+14
1.658271e+14
1.457515e+14
1.192298e+14
8.583996e+13
1.128557e+14
1.394194e+14
1.589957e+14
1.710636e+14
1.751065e+14
1.709258e+14
1.586989e+14
1.389051e+14
1.119648e+14
7.680128e+13
1.128557e+14
1.394194e+14
1.589957e+14
1.710636e+14
1.751065e+14
1.709258e+14
1.586989e+14
1.389051e+14
1.119648e+14
7.680128e+13
9.990789e+13
1.244621e+14
1.423418e+14
1.53277e+14
1.569424e+14
1.532053e+14
1.421951e+14
1.242285e+14
9.952985e+13
6.764876e+13
9.990785e+13
1.244621e+14
1.423417e+14
1.532769e+14
1.569423e+14
1.532052e+14
1.42195e+14
1.242284e+14
9.952978e+13
6.764872e+13
1.128557e+14
1.394193e+14
1.589957e+14
1.710635e+14
1.751064e+14
1.709257e+14
1.586989e+14
1.38905e+14
1.119647e+14
7.680124e+13
9.990784e+13
1.244621e+14
1.423417e+14
1.532769e+14
1.569423e+14
1.532052e+14
1.42195e+14
1.242284e+14
9.952977e+13
6.764871e+13
9.327004e+13
1.162461e+14
1.329279e+14
1.431115e+14
1.465264e+14
1.430593e+14
1.328251e+14
1.160968e+14
9.306194e+13
6.344803e+13
1.203933e+14
1.464842e+14
1.662479e+14
1.785897e+14
1.827299e+14
1.783963e+14
1.65827e+14
1.457514e+14
1.192298e+14
8.583992e+13
1.128557e+14
1.394193e+14
1.589957e+14
1.710635e+14
1.751064e+14
1.709257e+14
1.586988e+14
1.38905e+14
1.119647e+14
7.680124e+13
9.990798e+13
1.244623e+14
1.423419e+14
1.532771e+14
1.569425e+14
1.532054e+14
1.421952e+14
1.242286e+14
9.952991e+13
6.76488e+13
1.203935e+14
1.464844e+14
1.662482e+14
1.785899e+14
1.827302e+14
1.783965e+14
1.658272e+14
1.457516e+14
1.192299e+14
8.584003e+13
1.128558e+14
1.394195e+14
1.589959e+14
1.710638e+14
1.751066e+14
1.709259e+14
1.586991e+14
1.389052e+14
1.119649e+14
7.680133e+13
9.327017e+13
1.162463e+14
1.329281e+14
1.431118e+14
1.465266e+14
1.430595e+14
1.328254e+14
1.16097e+14
9.306207e+13
6.344811e+13
9.990799e+13
1.244623e+14
1.423419e+14
1.532772e+14
1.569426e+14
1.532054e+14
1.421952e+14
1.242286e+14
9.952993e+13
6.764881e+13
1.128558e+14
1.394195e+14
1.589959e+14
1.710638e+14
1.751066e+14
1.709259e+14
1.586991e+14
1.389052e+14
1.119649e+14
7.680133e+13
9.990789e+13
1.244621e+14
1.423418e+14
1.53277e+14
1.569424e+14
1.532053e+14
1.421951e+14
1.242285e+14
9.952984e+13
6.764875e+13
1.203934e+14
1.464843e+14
1.66248e+14
1.785898e+14
1.827301e+14
1.783964e+14
1.658271e+14
1.457515e+14
1.192299e+14
8.583998e+13
9.327007e+13
1.162462e+14
1.32928e+14
1.431116e+14
1.465265e+14
1.430594e+14
1.328252e+14
1.160969e+14
9.306199e+13
6.344806e+13
1.128557e+14
1.394194e+14
1.589958e+14
1.710636e+14
1.751065e+14
1.709258e+14
1.58699e+14
1.389051e+14
1.119648e+14
7.680128e+13
1.128557e+14
1.394194e+14
1.589958e+14
1.710636e+14
1.751065e+14
1.709258e+14
1.58699e+14
1.389051e+14
1.119648e+14
7.680128e+13
9.99079e+13
1.244622e+14
1.423418e+14
1.53277e+14
1.569424e+14
1.532053e+14
1.421951e+14
1.242285e+14
9.952985e+13
6.764876e+13
1.203934e+14
1.464843e+14
1.662481e+14
1.785898e+14
1.827301e+14
1.783964e+14
1.658271e+14
1.457516e+14
1.192299e+14
8.583999e+13
9.99079e+13
1.244622e+14
1.423418e+14
1.53277e+14
1.569424e+14
1.532053e+14
1.421951e+14
1.242285e+14
9.952984e+13
6.764875e+13
1.128557e+14
1.394194e+14
1.589958e+14
1.710636e+14
1.751065e+14
1.709258e+14
1.58699e+14
1.389051e+14
1.119648e+14
7.680129e+13
1.128557e+14
1.394194e+14
1.589958e+14
1.710636e+14
1.751065e+14
1.709258e+14
1.58699e+14
1.389051e+14
1.119648e+14
7.680128e+13
9.99079e+13
1.244622e+14
1.423418e+14
1.53277e+14
1.569424e+14
1.532053e+14
1.421951e+14
1.242285e+14
9.952985e+13
6.764876e+13
9.32701e+13
1.162462e+14
1.32928e+14
1.431117e+14
1.465265e+14
1.430594e+14
1.328252e+14
1.160969e+14
9.306201e+13
6.344807e+13
9.327011e+13
1.162462e+14
1.32928e+14
1.431117e+14
1.465265e+14
1.430594e+14
1.328253e+14
1.160969e+14
9.306202e+13
6.344808e+13
1.128558e+14
1.394194e+14
1.589958e+14
1.710637e+14
1.751065e+14
1.709258e+14
1.58699e+14
1.389051e+14
1.119648e+14
7.68013e+13
9.990792e+13
1.244622e+14
1.423418e+14
1.53277e+14
1.569425e+14
1.532053e+14
1.421951e+14
1.242285e+14
9.952986e+13
6.764878e+13
9.990793e+13
1.244622e+14
1.423418e+14
1.532771e+14
1.569425e+14
1.532053e+14
1.421951e+14
1.242285e+14
9.952987e+13
6.764877e+13
1.203934e+14
1.464843e+14
1.662481e+14
1.785898e+14
1.827301e+14
1.783964e+14
1.658271e+14
1.457516e+14
1.192299e+14
8.584e+13
1.128558e+14
1.394195e+14
1.589958e+14
1.710637e+14
1.751065e+14
1.709258e+14
1.58699e+14
1.389051e+14
1.119648e+14
7.68013e+13
1.279225e+14
1.589071e+14
1.818419e+14
1.959874e+14
2.00725e+14
1.958267e+14
1.815014e+14
1.583395e+14
1.270288e+14
8.710583e+13
1.104339e+14
1.386195e+14
1.59212e+14
1.718099e+14
1.760381e+14
1.717529e+14
1.590997e+14
1.384467e+14
1.101465e+14
7.40479e+13
1.231047e+14
1.549968e+14
1.783955e+14
1.927242e+14
1.975276e+14
1.926374e+14
1.782183e+14
1.547102e+14
1.226296e+14
8.216926e+13
1.144417e+14
1.446664e+14
1.667528e+14
1.802451e+14
1.847772e+14
1.802149e+14
1.66702e+14
1.446064e+14
1.143502e+14
7.620941e+13
1.253315e+14
1.528122e+14
1.736614e+14
1.866792e+14
1.910466e+14
1.864807e+14
1.732325e+14
1.520778e+14
1.242062e+14
8.965009e+13
1.167446e+14
1.445621e+14
1.650912e+14
1.777471e+14
1.819888e+14
1.776119e+14
1.648015e+14
1.44064e+14
1.158936e+14
7.942403e+13
1.231047e+14
1.549967e+14
1.783954e+14
1.927241e+14
1.975275e+14
1.926373e+14
1.782181e+14
1.547101e+14
1.226295e+14
8.21692e+13
1.104339e+14
1.386194e+14
1.592119e+14
1.718098e+14
1.76038e+14
1.717528e+14
1.590996e+14
1.384467e+14
1.101464e+14
7.404785e+13
1.144416e+14
1.446663e+14
1.667527e+14
1.802449e+14
1.847771e+14
1.802148e+14
1.667019e+14
1.446062e+14
1.143501e+14
7.620935e+13
1.279224e+14
1.58907e+14
1.818417e+14
1.959873e+14
2.007249e+14
1.958266e+14
1.815013e+14
1.583394e+14
1.270288e+14
8.710577e+13
1.253314e+14
1.528121e+14
1.736613e+14
1.866791e+14
1.910464e+14
1.864805e+14
1.732324e+14
1.520777e+14
1.242061e+14
8.965004e+13
1.167446e+14
1.44562e+14
1.650911e+14
1.77747e+14
1.819887e+14
1.776118e+14
1.648014e+14
1.44064e+14
1.158935e+14
7.942398e+13
1.231048e+14
1.549968e+14
1.783956e+14
1.927243e+14
1.975277e+14
1.926375e+14
1.782183e+14
1.547103e+14
1.226296e+14
8.216927e+13
1.253316e+14
1.528123e+14
1.736616e+14
1.866794e+14
1.910467e+14
1.864808e+14
1.732327e+14
1.520779e+14
1.242063e+14
8.965015e+13
1.10434e+14
1.386195e+14
1.592121e+14
1.7181e+14
1.760382e+14
1.71753e+14
1.590998e+14
1.384468e+14
1.101465e+14
7.404793e+13
1.279226e+14
1.589072e+14
1.81842e+14
1.959875e+14
2.007251e+14
1.958268e+14
1.815015e+14
1.583396e+14
1.270289e+14
8.710586e+13
1.167447e+14
1.445622e+14
1.650913e+14
1.777473e+14
1.81989e+14
1.77612e+14
1.648016e+14
1.440641e+14
1.158937e+14
7.942407e+13
1.144417e+14
1.446664e+14
1.667529e+14
1.802451e+14
1.847773e+14
1.802149e+14
1.667021e+14
1.446064e+14
1.143502e+14
7.620942e+13
1.231048e+14
1.549968e+14
1.783956e+14
1.927243e+14
1.975276e+14
1.926374e+14
1.782183e+14
1.547103e+14
1.226296e+14
8.216927e+13
1.167446e+14
1.445621e+14
1.650912e+14
1.777472e+14
1.819889e+14
1.776119e+14
1.648016e+14
1.440641e+14
1.158936e+14
7.942404e+13
1.104339e+14
1.386195e+14
1.59212e+14
1.7181e+14
1.760381e+14
1.71753e+14
1.590997e+14
1.384468e+14
1.101465e+14
7.404791e+13
1.279225e+14
1.589071e+14
1.818419e+14
1.959875e+14
2.00725e+14
1.958268e+14
1.815015e+14
1.583395e+14
1.270289e+14
8.710584e+13
1.144417e+14
1.446664e+14
1.667528e+14
1.802451e+14
1.847773e+14
1.802149e+14
1.66702e+14
1.446064e+14
1.143502e+14
7.620941e+13
1.253315e+14
1.528122e+14
1.736615e+14
1.866793e+14
1.910466e+14
1.864807e+14
1.732326e+14
1.520778e+14
1.242062e+14
8.965011e+13
1.253315e+14
1.528122e+14
1.736614e+14
1.866793e+14
1.910466e+14
1.864807e+14
1.732325e+14
1.520778e+14
1.242062e+14
8.965009e+13
1.279225e+14
1.589071e+14
1.818419e+14
1.959874e+14
2.00725e+14
1.958267e+14
1.815014e+14
1.583395e+14
1.270288e+14
8.710583e+13
1.167446e+14
1.445621e+14
1.650912e+14
1.777472e+14
1.819888e+14
1.776119e+14
1.648015e+14
1.440641e+14
1.158936e+14
7.942402e+13
1.231047e+14
1.549968e+14
1.783955e+14
1.927242e+14
1.975276e+14
1.926374e+14
1.782183e+14
1.547102e+14
1.226296e+14
8.216925e+13
1.104339e+14
1.386195e+14
1.59212e+14
1.718099e+14
1.760381e+14
1.717529e+14
1.590997e+14
1.384468e+14
1.101465e+14
7.40479e+13
1.144417e+14
1.446664e+14
1.667528e+14
1.802451e+14
1.847772e+14
1.802149e+14
1.66702e+14
1.446063e+14
1.143502e+14
7.62094e+13
1.253316e+14
1.528122e+14
1.736615e+14
1.866793e+14
1.910466e+14
1.864807e+14
1.732326e+14
1.520779e+14
1.242062e+14
8.965012e+13
1.279226e+14
1.589072e+14
1.818419e+14
1.959875e+14
2.007251e+14
1.958268e+14
1.815015e+14
1.583395e+14
1.270289e+14
8.710585e+13
1.104339e+14
1.386195e+14
1.59212e+14
1.7181e+14
1.760381e+14
1.71753e+14
1.590997e+14
1.384468e+14
1.101465e+14
7.404791e+13
1.167447e+14
1.445621e+14
1.650913e+14
1.777472e+14
1.819889e+14
1.77612e+14
1.648016e+14
1.440641e+14
1.158936e+14
7.942405e+13
1.231048e+14
1.549968e+14
1.783956e+14
1.927243e+14
1.975276e+14
1.926374e+14
1.782183e+14
1.547103e+14
1.226296e+14
8.216927e+13
1.144417e+14
1.446664e+14
1.667528e+14
1.802451e+14
1.847773e+14
1.802149e+14
1.66702e+14
1.446064e+14
1.143502e+14
7.620941e+13
1.18811e+14
1.513876e+14
1.752371e+14
1.897946e+14
1.946912e+14
1.898022e+14
1.752729e+14
1.514892e+14
1.190188e+14
7.867774e+13
1.25216e+14
1.586284e+14
1.831213e+14
1.980897e+14
2.031084e+14
1.980247e+14
1.829945e+14
1.584369e+14
1.249185e+14
8.310635e+13
1.319481e+14
1.667314e+14
1.922481e+14
2.078516e+14
2.130721e+14
2.077371e+14
1.92015e+14
1.663641e+14
1.313962e+14
8.779837e+13
1.25216e+14
1.586285e+14
1.831213e+14
1.980898e+14
2.031084e+14
1.980247e+14
1.829945e+14
1.584369e+14
1.249185e+14
8.310635e+13
1.188111e+14
1.513876e+14
1.752371e+14
1.897946e+14
1.946912e+14
1.898022e+14
1.752729e+14
1.514892e+14
1.190188e+14
7.867774e+13
1.319481e+14
1.667314e+14
1.922481e+14
2.078516e+14
2.130721e+14
2.077371e+14
1.92015e+14
1.663641e+14
1.313962e+14
8.779838e+13
1.18811e+14
1.513875e+14
1.75237e+14
1.897945e+14
1.946911e+14
1.89802e+14
1.752728e+14
1.514891e+14
1.190187e+14
7.867768e+13
1.18811e+14
1.513875e+14
1.75237e+14
1.897945e+14
1.946911e+14
1.89802e+14
1.752728e+14
1.514891e+14
1.190187e+14
7.867768e+13
1.252159e+14
1.586283e+14
1.831212e+14
1.980896e+14
2.031083e+14
1.980246e+14
1.829944e+14
1.584367e+14
1.249184e+14
8.310628e+13
1.252159e+14
1.586284e+14
1.831212e+14
1.980896e+14
2.031083e+14
1.980246e+14
1.829944e+14
1.584368e+14
1.249184e+14
8.310629e+13
1.31948e+14
1.667313e+14
1.922479e+14
2.078515e+14
2.130719e+14
2.077369e+14
1.920149e+14
1.66364e+14
1.313961e+14
8.779831e+13
1.31948e+14
1.667313e+14
1.922479e+14
2.078515e+14
2.130719e+14
2.077369e+14
1.920149e+14
1.66364e+14
1.313961e+14
8.779831e+13
1.25216e+14
1.586285e+14
1.831213e+14
1.980898e+14
2.031084e+14
1.980247e+14
1.829945e+14
1.584369e+14
1.249185e+14
8.310633e+13
1.188111e+14
1.513876e+14
1.752372e+14
1.897946e+14
1.946912e+14
1.898022e+14
1.752729e+14
1.514892e+14
1.190188e+14
7.867772e+13
1.319481e+14
1.667315e+14
1.922481e+14
2.078517e+14
2.130721e+14
2.077371e+14
1.92015e+14
1.663641e+14
1.313962e+14
8.779836e+13
1.319481e+14
1.667314e+14
1.92248e+14
2.078516e+14
2.130721e+14
2.07737e+14
1.92015e+14
1.663641e+14
1.313962e+14
8.779834e+13
1.188111e+14
1.513876e+14
1.752371e+14
1.897946e+14
1.946912e+14
1.898021e+14
1.752729e+14
1.514891e+14
1.190187e+14
7.867772e+13
1.25216e+14
1.586284e+14
1.831213e+14
1.980897e+14
2.031084e+14
1.980247e+14
1.829945e+14
1.584368e+14
1.249184e+14
8.310631e+13
1.319481e+14
1.667315e+14
1.922481e+14
2.078517e+14
2.130721e+14
2.077371e+14
1.920151e+14
1.663642e+14
1.313962e+14
8.779838e+13
1.25216e+14
1.586285e+14
1.831214e+14
1.980898e+14
2.031085e+14
1.980248e+14
1.829946e+14
1.584369e+14
1.249185e+14
8.310635e+13
1.319481e+14
1.667315e+14
1.922481e+14
2.078517e+14
2.130721e+14
2.077371e+14
1.92015e+14
1.663642e+14
1.313962e+14
8.779837e+13
1.188111e+14
1.513876e+14
1.752372e+14
1.897946e+14
1.946912e+14
1.898022e+14
1.75273e+14
1.514892e+14
1.190188e+14
7.867774e+13
1.188111e+14
1.513876e+14
1.752372e+14
1.897946e+14
1.946913e+14
1.898022e+14
1.75273e+14
1.514892e+14
1.190188e+14
7.867774e+13
1.25216e+14
1.586285e+14
1.831213e+14
1.980898e+14
2.031085e+14
1.980247e+14
1.829945e+14
1.584369e+14
1.249185e+14
8.310635e+13
1.18811e+14
1.513875e+14
1.752371e+14
1.897946e+14
1.946912e+14
1.898021e+14
1.752729e+14
1.514891e+14
1.190187e+14
7.867772e+13
1.25216e+14
1.586284e+14
1.831213e+14
1.980897e+14
2.031084e+14
1.980247e+14
1.829945e+14
1.584368e+14
1.249185e+14
8.310632e+13
1.319481e+14
1.667314e+14
1.92248e+14
2.078516e+14
2.130721e+14
2.07737e+14
1.92015e+14
1.663641e+14
1.313962e+14
8.779834e+13
1.18811e+14
1.513875e+14
1.752371e+14
1.897946e+14
1.946912e+14
1.898021e+14
1.752729e+14
1.514891e+14
1.190187e+14
7.867772e+13
1.319481e+14
1.667314e+14
1.92248e+14
2.078516e+14
2.130721e+14
2.07737e+14
1.92015e+14
1.663641e+14
1.313962e+14
8.779834e+13
1.25216e+14
1.586284e+14
1.831213e+14
1.980897e+14
2.031084e+14
1.980247e+14
1.829945e+14
1.584368e+14
1.249185e+14
8.310633e+13
1.188111e+14
1.513876e+14
1.752372e+14
1.897946e+14
1.946912e+14
1.898022e+14
1.752729e+14
1.514892e+14
1.190188e+14
7.867773e+13
1.188111e+14
1.513876e+14
1.752371e+14
1.897946e+14
1.946912e+14
1.898022e+14
1.752729e+14
1.514892e+14
1.190188e+14
7.867774e+13
1.25216e+14
1.586285e+14
1.831214e+14
1.980898e+14
2.031085e+14
1.980247e+14
1.829945e+14
1.584369e+14
1.249185e+14
8.310635e+13
1.25216e+14
1.586285e+14
1.831214e+14
1.980898e+14
2.031085e+14
1.980247e+14
1.829945e+14
1.584369e+14
1.249185e+14
8.310635e+13
1.319481e+14
1.667315e+14
1.922481e+14
2.078517e+14
2.130721e+14
2.077371e+14
1.920151e+14
1.663642e+14
1.313962e+14
8.779838e+13
1.319481e+14
1.667315e+14
1.922481e+14
2.078517e+14
2.130721e+14
2.077371e+14
1.920151e+14
1.663642e+14
1.313962e+14
8.779839e+13
1.104339e+14
1.386195e+14
1.592121e+14
1.7181e+14
1.760381e+14
1.71753e+14
1.590997e+14
1.384468e+14
1.101465e+14
7.404792e+13
1.144417e+14
1.446664e+14
1.667528e+14
1.802451e+14
1.847773e+14
1.802149e+14
1.667021e+14
1.446064e+14
1.143502e+14
7.620942e+13
1.253315e+14
1.528122e+14
1.736615e+14
1.866793e+14
1.910466e+14
1.864807e+14
1.732326e+14
1.520778e+14
1.242062e+14
8.965011e+13
1.167446e+14
1.445621e+14
1.650912e+14
1.777472e+14
1.819889e+14
1.776119e+14
1.648016e+14
1.440641e+14
1.158936e+14
7.942404e+13
1.231048e+14
1.549968e+14
1.783956e+14
1.927243e+14
1.975276e+14
1.926374e+14
1.782183e+14
1.547103e+14
1.226296e+14
8.216927e+13
1.279225e+14
1.589071e+14
1.818419e+14
1.959875e+14
2.00725e+14
1.958268e+14
1.815015e+14
1.583395e+14
1.270289e+14
8.710584e+13
1.144416e+14
1.446663e+14
1.667527e+14
1.80245e+14
1.847772e+14
1.802148e+14
1.667019e+14
1.446063e+14
1.143501e+14
7.620937e+13
1.279225e+14
1.58907e+14
1.818418e+14
1.959873e+14
2.007249e+14
1.958266e+14
1.815013e+14
1.583394e+14
1.270288e+14
8.710579e+13
1.253315e+14
1.528121e+14
1.736614e+14
1.866792e+14
1.910465e+14
1.864806e+14
1.732325e+14
1.520777e+14
1.242061e+14
8.965006e+13
1.231047e+14
1.549967e+14
1.783954e+14
1.927242e+14
1.975275e+14
1.926373e+14
1.782182e+14
1.547102e+14
1.226296e+14
8.216921e+13
1.104339e+14
1.386194e+14
1.59212e+14
1.718099e+14
1.760381e+14
1.717529e+14
1.590996e+14
1.384467e+14
1.101464e+14
7.404788e+13
1.167446e+14
1.44562e+14
1.650912e+14
1.777471e+14
1.819888e+14
1.776119e+14
1.648015e+14
1.44064e+14
1.158936e+14
7.942401e+13
1.253315e+14
1.528121e+14
1.736613e+14
1.866792e+14
1.910465e+14
1.864806e+14
1.732324e+14
1.520777e+14
1.242061e+14
8.965006e+13
1.279225e+14
1.589071e+14
1.818418e+14
1.959874e+14
2.007249e+14
1.958267e+14
1.815014e+14
1.583394e+14
1.270288e+14
8.710579e+13
1.167446e+14
1.44562e+14
1.650911e+14
1.777471e+14
1.819887e+14
1.776118e+14
1.648014e+14
1.44064e+14
1.158935e+14
7.942399e+13
1.231047e+14
1.549967e+14
1.783955e+14
1.927242e+14
1.975275e+14
1.926373e+14
1.782182e+14
1.547102e+14
1.226296e+14
8.216923e+13
1.104339e+14
1.386194e+14
1.59212e+14
1.718099e+14
1.76038e+14
1.717529e+14
1.590996e+14
1.384467e+14
1.101464e+14
7.404787e+13
1.144417e+14
1.446663e+14
1.667528e+14
1.80245e+14
1.847772e+14
1.802148e+14
1.66702e+14
1.446063e+14
1.143502e+14
7.620938e+13
1.253316e+14
1.528123e+14
1.736616e+14
1.866794e+14
1.910467e+14
1.864808e+14
1.732326e+14
1.520779e+14
1.242063e+14
8.965014e+13
1.167447e+14
1.445622e+14
1.650913e+14
1.777473e+14
1.81989e+14
1.77612e+14
1.648016e+14
1.440641e+14
1.158937e+14
7.942407e+13
1.279226e+14
1.589072e+14
1.81842e+14
1.959875e+14
2.007251e+14
1.958268e+14
1.815015e+14
1.583396e+14
1.270289e+14
8.710586e+13
1.231048e+14
1.549969e+14
1.783956e+14
1.927244e+14
1.975277e+14
1.926375e+14
1.782184e+14
1.547103e+14
1.226297e+14
8.216928e+13
1.10434e+14
1.386195e+14
1.592121e+14
1.718101e+14
1.760382e+14
1.71753e+14
1.590998e+14
1.384468e+14
1.101465e+14
7.404794e+13
1.144417e+14
1.446665e+14
1.667529e+14
1.802452e+14
1.847774e+14
1.80215e+14
1.667021e+14
1.446064e+14
1.143502e+14
7.620943e+13
1.253315e+14
1.528122e+14
1.736614e+14
1.866793e+14
1.910466e+14
1.864807e+14
1.732325e+14
1.520778e+14
1.242062e+14
8.96501e+13
1.279225e+14
1.589071e+14
1.818419e+14
1.959874e+14
2.00725e+14
1.958267e+14
1.815014e+14
1.583395e+14
1.270288e+14
8.710583e+13
1.104339e+14
1.386194e+14
1.59212e+14
1.718099e+14
1.760381e+14
1.717529e+14
1.590997e+14
1.384467e+14
1.101464e+14
7.404789e+13
1.167446e+14
1.445621e+14
1.650912e+14
1.777471e+14
1.819888e+14
1.776119e+14
1.648015e+14
1.44064e+14
1.158936e+14
7.942404e+13
1.231047e+14
1.549968e+14
1.783955e+14
1.927242e+14
1.975276e+14
1.926374e+14
1.782183e+14
1.547103e+14
1.226296e+14
8.216925e+13
1.144417e+14
1.446664e+14
1.667528e+14
1.80245e+14
1.847772e+14
1.802149e+14
1.66702e+14
1.446063e+14
1.143502e+14
7.620939e+13
1.253315e+14
1.528122e+14
1.736615e+14
1.866793e+14
1.910466e+14
1.864807e+14
1.732326e+14
1.520778e+14
1.242062e+14
8.96501e+13
1.167446e+14
1.445621e+14
1.650913e+14
1.777472e+14
1.819889e+14
1.776119e+14
1.648016e+14
1.440641e+14
1.158936e+14
7.942403e+13
1.279225e+14
1.589072e+14
1.818419e+14
1.959875e+14
2.007251e+14
1.958268e+14
1.815015e+14
1.583395e+14
1.270289e+14
8.710584e+13
1.231048e+14
1.549968e+14
1.783956e+14
1.927243e+14
1.975276e+14
1.926374e+14
1.782183e+14
1.547103e+14
1.226296e+14
8.216926e+13
1.144417e+14
1.446664e+14
1.667528e+14
1.802451e+14
1.847773e+14
1.802149e+14
1.66702e+14
1.446064e+14
1.143502e+14
7.620941e+13
1.104339e+14
1.386195e+14
1.59212e+14
1.7181e+14
1.760381e+14
1.71753e+14
1.590997e+14
1.384468e+14
1.101465e+14
7.404791e+13
6.319417e+13
7.58363e+13
8.539796e+13
9.13787e+13
9.34197e+13
9.139715e+13
8.543705e+13
7.591084e+13
6.339879e+13
4.833876e+13
6.063414e+13
7.28248e+13
8.189323e+13
8.75513e+13
8.948226e+13
8.756765e+13
8.192586e+13
7.288656e+13
6.082115e+13
4.532485e+13
8.127975e+13
1.000806e+14
1.138196e+14
1.222595e+14
1.251119e+14
1.22266e+14
1.138474e+14
1.001852e+14
8.16639e+13
5.826857e+13
8.127974e+13
1.000806e+14
1.138196e+14
1.222595e+14
1.251119e+14
1.22266e+14
1.138474e+14
1.001852e+14
8.16639e+13
5.826857e+13
6.319419e+13
7.583632e+13
8.539799e+13
9.137873e+13
9.341972e+13
9.139718e+13
8.543707e+13
7.591086e+13
6.33988e+13
4.833877e+13
9.091834e+13
1.127336e+14
1.285725e+14
1.382571e+14
1.415173e+14
1.382429e+14
1.285575e+14
1.127661e+14
9.115171e+13
6.356089e+13
6.063407e+13
7.282471e+13
8.189312e+13
8.755118e+13
8.948213e+13
8.756752e+13
8.192575e+13
7.288647e+13
6.082108e+13
4.532479e+13
6.319417e+13
7.58363e+13
8.539796e+13
9.137868e+13
9.341968e+13
9.139714e+13
8.543703e+13
7.591083e+13
6.339878e+13
4.833875e+13
8.127977e+13
1.000806e+14
1.138197e+14
1.222595e+14
1.25112e+14
1.22266e+14
1.138474e+14
1.001852e+14
8.166392e+13
5.826857e+13
6.319419e+13
7.583632e+13
8.539798e+13
9.137871e+13
9.341971e+13
9.139716e+13
8.543706e+13
7.591085e+13
6.33988e+13
4.833876e+13
9.091832e+13
1.127336e+14
1.285725e+14
1.382571e+14
1.415173e+14
1.382429e+14
1.285575e+14
1.127661e+14
9.115169e+13
6.356086e+13
8.127979e+13
1.000806e+14
1.138197e+14
1.222596e+14
1.25112e+14
1.222661e+14
1.138474e+14
1.001852e+14
8.166393e+13
5.826858e+13
6.319427e+13
7.583643e+13
8.539811e+13
9.137885e+13
9.341985e+13
9.13973e+13
8.543719e+13
7.591096e+13
6.339889e+13
4.833883e+13
8.127991e+13
1.000808e+14
1.138199e+14
1.222598e+14
1.251122e+14
1.222663e+14
1.138476e+14
1.001854e+14
8.166406e+13
5.826866e+13
6.319429e+13
7.583644e+13
8.539812e+13
9.137886e+13
9.341986e+13
9.139731e+13
8.54372e+13
7.591097e+13
6.33989e+13
4.833883e+13
6.06342e+13
7.282487e+13
8.18933e+13
8.755138e+13
8.948233e+13
8.756772e+13
8.192594e+13
7.288663e+13
6.082121e+13
4.532488e+13
9.091847e+13
1.127338e+14
1.285727e+14
1.382573e+14
1.415176e+14
1.382431e+14
1.285577e+14
1.127663e+14
9.115183e+13
6.356095e+13
8.127992e+13
1.000808e+14
1.138199e+14
1.222598e+14
1.251122e+14
1.222663e+14
1.138476e+14
1.001854e+14
8.166406e+13
5.826866e+13
9.09183e+13
1.127336e+14
1.285725e+14
1.382571e+14
1.415173e+14
1.382429e+14
1.285575e+14
1.127661e+14
9.115167e+13
6.356086e+13
8.127971e+13
1.000805e+14
1.138196e+14
1.222595e+14
1.251119e+14
1.22266e+14
1.138473e+14
1.001851e+14
8.166387e+13
5.826854e+13
8.127973e+13
1.000806e+14
1.138196e+14
1.222595e+14
1.251119e+14
1.22266e+14
1.138473e+14
1.001851e+14
8.166389e+13
5.826855e+13
6.319415e+13
7.583629e+13
8.539795e+13
9.137868e+13
9.341968e+13
9.139713e+13
8.543703e+13
7.591082e+13
6.339877e+13
4.833874e+13
6.319413e+13
7.583626e+13
8.539791e+13
9.137864e+13
9.341964e+13
9.139709e+13
8.543699e+13
7.591079e+13
6.339875e+13
4.833872e+13
6.063409e+13
7.282474e+13
8.189315e+13
8.755122e+13
8.948217e+13
8.756756e+13
8.192579e+13
7.28865e+13
6.082111e+13
4.532481e+13
6.31942e+13
7.583633e+13
8.539799e+13
9.137872e+13
9.341972e+13
9.139717e+13
8.543707e+13
7.591086e+13
6.339881e+13
4.833877e+13
8.127983e+13
1.000807e+14
1.138198e+14
1.222596e+14
1.251121e+14
1.222661e+14
1.138475e+14
1.001852e+14
8.166398e+13
5.826861e+13
6.063411e+13
7.282475e+13
8.189316e+13
8.755123e+13
8.948218e+13
8.756757e+13
8.19258e+13
7.288651e+13
6.082111e+13
4.532482e+13
6.31942e+13
7.583633e+13
8.539799e+13
9.137873e+13
9.341973e+13
9.139718e+13
8.543707e+13
7.591086e+13
6.339881e+13
4.833877e+13
9.091838e+13
1.127337e+14
1.285726e+14
1.382572e+14
1.415174e+14
1.38243e+14
1.285576e+14
1.127662e+14
9.115174e+13
6.35609e+13
8.127982e+13
1.000807e+14
1.138197e+14
1.222596e+14
1.25112e+14
1.222661e+14
1.138474e+14
1.001852e+14
8.166396e+13
5.826859e+13
8.127983e+13
1.000807e+14
1.138198e+14
1.222596e+14
1.251121e+14
1.222662e+14
1.138475e+14
1.001853e+14
8.166398e+13
5.826861e+13
9.09184e+13
1.127337e+14
1.285726e+14
1.382572e+14
1.415174e+14
1.38243e+14
1.285576e+14
1.127662e+14
9.115176e+13
6.356092e+13
6.319422e+13
7.583635e+13
8.539801e+13
9.137875e+13
9.341975e+13
9.13972e+13
8.543709e+13
7.591088e+13
6.339883e+13
4.833878e+13
8.127985e+13
1.000807e+14
1.138198e+14
1.222597e+14
1.251121e+14
1.222662e+14
1.138475e+14
1.001853e+14
8.1664e+13
5.826862e+13
6.319424e+13
7.583638e+13
8.539805e+13
9.137878e+13
9.341978e+13
9.139724e+13
8.543713e+13
7.591091e+13
6.339885e+13
4.83388e+13
6.063412e+13
7.282477e+13
8.189318e+13
8.755125e+13
8.94822e+13
8.756759e+13
8.192582e+13
7.288653e+13
6.082113e+13
4.532483e+13
8.710512e+13
1.077681e+14
1.228794e+14
1.321531e+14
1.352856e+14
1.321626e+14
1.229163e+14
1.078936e+14
8.753128e+13
6.203796e+13
7.077797e+13
8.598781e+13
9.745496e+13
1.04591e+14
1.070236e+14
1.046306e+14
9.754938e+13
8.618457e+13
7.124092e+13
5.378489e+13
1.064225e+14
1.330696e+14
1.524307e+14
1.642529e+14
1.682266e+14
1.642281e+14
1.523942e+14
1.330591e+14
1.065353e+14
7.276139e+13
8.469492e+13
1.055263e+14
1.208095e+14
1.302001e+14
1.333915e+14
1.302797e+14
1.210077e+14
1.059513e+14
8.563697e+13
6.044562e+13
1.13774e+14
1.431545e+14
1.64514e+14
1.775477e+14
1.81932e+14
1.775425e+14
1.645239e+14
1.43229e+14
1.140122e+14
7.69387e+13
1.041975e+14
1.315401e+14
1.514334e+14
1.635783e+14
1.676834e+14
1.636454e+14
1.51609e+14
1.319297e+14
1.050412e+14
7.122994e+13
1.137739e+14
1.431544e+14
1.645139e+14
1.775476e+14
1.819318e+14
1.775423e+14
1.645238e+14
1.432288e+14
1.140121e+14
7.693865e+13
1.064224e+14
1.330695e+14
1.524306e+14
1.642528e+14
1.682265e+14
1.64228e+14
1.523941e+14
1.33059e+14
1.065352e+14
7.276134e+13
8.71051e+13
1.077681e+14
1.228794e+14
1.321531e+14
1.352855e+14
1.321626e+14
1.229162e+14
1.078936e+14
8.753126e+13
6.203793e+13
7.077799e+13
8.598784e+13
9.745499e+13
1.04591e+14
1.070236e+14
1.046306e+14
9.754941e+13
8.618459e+13
7.124093e+13
5.378489e+13
8.46949e+13
1.055263e+14
1.208095e+14
1.302e+14
1.333914e+14
1.302797e+14
1.210076e+14
1.059512e+14
8.563693e+13
6.044559e+13
1.041974e+14
1.3154e+14
1.514333e+14
1.635782e+14
1.676832e+14
1.636453e+14
1.516088e+14
1.319296e+14
1.050411e+14
7.122988e+13
8.710524e+13
1.077683e+14
1.228796e+14
1.321533e+14
1.352858e+14
1.321628e+14
1.229164e+14
1.078938e+14
8.753139e+13
6.203802e+13
1.064226e+14
1.330697e+14
1.524308e+14
1.642531e+14
1.682267e+14
1.642282e+14
1.523943e+14
1.330592e+14
1.065353e+14
7.276143e+13
7.077812e+13
8.5988e+13
9.745517e+13
1.045912e+14
1.070238e+14
1.046308e+14
9.754959e+13
8.618474e+13
7.124106e+13
5.378497e+13
8.469502e+13
1.055264e+14
1.208097e+14
1.302002e+14
1.333916e+14
1.302799e+14
1.210078e+14
1.059514e+14
8.563705e+13
6.044567e+13
1.13774e+14
1.431546e+14
1.645141e+14
1.775478e+14
1.819321e+14
1.775426e+14
1.64524e+14
1.43229e+14
1.140122e+14
7.693873e+13
1.041975e+14
1.315402e+14
1.514335e+14
1.635784e+14
1.676834e+14
1.636455e+14
1.51609e+14
1.319297e+14
1.050412e+14
7.122996e+13
1.13774e+14
1.431545e+14
1.645141e+14
1.775477e+14
1.81932e+14
1.775425e+14
1.64524e+14
1.43229e+14
1.140122e+14
7.69387e+13
8.710511e+13
1.077681e+14
1.228794e+14
1.321531e+14
1.352856e+14
1.321626e+14
1.229163e+14
1.078936e+14
8.753127e+13
6.203794e+13
1.041974e+14
1.315401e+14
1.514334e+14
1.635783e+14
1.676834e+14
1.636454e+14
1.516089e+14
1.319297e+14
1.050412e+14
7.122993e+13
8.46949e+13
1.055263e+14
1.208095e+14
1.302e+14
1.333915e+14
1.302797e+14
1.210077e+14
1.059512e+14
8.563696e+13
6.044561e+13
7.077796e+13
8.59878e+13
9.745495e+13
1.04591e+14
1.070236e+14
1.046306e+14
9.754938e+13
8.618456e+13
7.124091e+13
5.378488e+13
1.064225e+14
1.330696e+14
1.524307e+14
1.64253e+14
1.682267e+14
1.642282e+14
1.523942e+14
1.330591e+14
1.065353e+14
7.276139e+13
1.13774e+14
1.431545e+14
1.64514e+14
1.775477e+14
1.81932e+14
1.775425e+14
1.645239e+14
1.432289e+14
1.140122e+14
7.693869e+13
1.041974e+14
1.315401e+14
1.514334e+14
1.635783e+14
1.676833e+14
1.636454e+14
1.516089e+14
1.319296e+14
1.050411e+14
7.122992e+13
8.469495e+13
1.055263e+14
1.208096e+14
1.302001e+14
1.333915e+14
1.302798e+14
1.210077e+14
1.059513e+14
8.563699e+13
6.044563e+13
1.064225e+14
1.330696e+14
1.524307e+14
1.642529e+14
1.682266e+14
1.642281e+14
1.523942e+14
1.330591e+14
1.065353e+14
7.276138e+13
7.077804e+13
8.59879e+13
9.745506e+13
1.045911e+14
1.070237e+14
1.046307e+14
9.754948e+13
8.618465e+13
7.124098e+13
5.378492e+13
8.710515e+13
1.077681e+14
1.228794e+14
1.321532e+14
1.352856e+14
1.321626e+14
1.229163e+14
1.078937e+14
8.753129e+13
6.203795e+13
1.13774e+14
1.431545e+14
1.64514e+14
1.775477e+14
1.81932e+14
1.775425e+14
1.645239e+14
1.432289e+14
1.140122e+14
7.69387e+13
1.041974e+14
1.315401e+14
1.514334e+14
1.635783e+14
1.676833e+14
1.636454e+14
1.516089e+14
1.319297e+14
1.050411e+14
7.122992e+13
1.064225e+14
1.330696e+14
1.524307e+14
1.642529e+14
1.682266e+14
1.642281e+14
1.523942e+14
1.330591e+14
1.065353e+14
7.276139e+13
8.469496e+13
1.055264e+14
1.208096e+14
1.302001e+14
1.333915e+14
1.302798e+14
1.210077e+14
1.059513e+14
8.5637e+13
6.044563e+13
8.710517e+13
1.077682e+14
1.228795e+14
1.321532e+14
1.352857e+14
1.321627e+14
1.229163e+14
1.078937e+14
8.753132e+13
6.203798e+13
7.077806e+13
8.598792e+13
9.745507e+13
1.045911e+14
1.070237e+14
1.046307e+14
9.754949e+13
8.618466e+13
7.124099e+13
5.378492e+13
1.174224e+14
1.505479e+14
1.747217e+14
1.894685e+14
1.944689e+14
1.896277e+14
1.75107e+14
1.513073e+14
1.188131e+14
7.836383e+13
1.034681e+14
1.325093e+14
1.536992e+14
1.666385e+14
1.710456e+14
1.668406e+14
1.541833e+14
1.334582e+14
1.052087e+14
7.00211e+13
1.002145e+14
1.277802e+14
1.478673e+14
1.601331e+14
1.643063e+14
1.60305e+14
1.482831e+14
1.286098e+14
1.017786e+14
6.82346e+13
1.27698e+14
1.632096e+14
1.891473e+14
2.049684e+14
2.103089e+14
2.05051e+14
1.893568e+14
1.6364e+14
1.285037e+14
8.476729e+13
1.108784e+14
1.411034e+14
1.631028e+14
1.765199e+14
1.810605e+14
1.766276e+14
1.63372e+14
1.416613e+14
1.119732e+14
7.476742e+13
1.247786e+14
1.588892e+14
1.837687e+14
1.989436e+14
2.040612e+14
1.990015e+14
1.839223e+14
1.592195e+14
1.254186e+14
8.311786e+13
1.03468e+14
1.325091e+14
1.536991e+14
1.666384e+14
1.710454e+14
1.668404e+14
1.541831e+14
1.334581e+14
1.052086e+14
7.002103e+13
1.174223e+14
1.505478e+14
1.747215e+14
1.894683e+14
1.944688e+14
1.896276e+14
1.751068e+14
1.513071e+14
1.188131e+14
7.836377e+13
1.108783e+14
1.411033e+14
1.631026e+14
1.765197e+14
1.810604e+14
1.766274e+14
1.633718e+14
1.416612e+14
1.119731e+14
7.476735e+13
1.247785e+14
1.588891e+14
1.837686e+14
1.989435e+14
2.04061e+14
1.990013e+14
1.839222e+14
1.592194e+14
1.254186e+14
8.311781e+13
1.276979e+14
1.632095e+14
1.891471e+14
2.049683e+14
2.103088e+14
2.050508e+14
1.893566e+14
1.636399e+14
1.285036e+14
8.476723e+13
1.002144e+14
1.277801e+14
1.478671e+14
1.601329e+14
1.643061e+14
1.603049e+14
1.48283e+14
1.286096e+14
1.017785e+14
6.823454e+13
1.034681e+14
1.325092e+14
1.536992e+14
1.666385e+14
1.710455e+14
1.668405e+14
1.541832e+14
1.334582e+14
1.052087e+14
7.002108e+13
1.002145e+14
1.277802e+14
1.478673e+14
1.601331e+14
1.643063e+14
1.60305e+14
1.482831e+14
1.286098e+14
1.017786e+14
6.82346e+13
1.108785e+14
1.411035e+14
1.631028e+14
1.765199e+14
1.810606e+14
1.766276e+14
1.63372e+14
1.416613e+14
1.119732e+14
7.476743e+13
1.174224e+14
1.505479e+14
1.747217e+14
1.894685e+14
1.944689e+14
1.896277e+14
1.751069e+14
1.513072e+14
1.188131e+14
7.836381e+13
1.247786e+14
1.588893e+14
1.837688e+14
1.989437e+14
2.040612e+14
1.990015e+14
1.839224e+14
1.592196e+14
1.254187e+14
8.311787e+13
1.27698e+14
1.632096e+14
1.891473e+14
2.049684e+14
2.103089e+14
2.05051e+14
1.893568e+14
1.6364e+14
1.285037e+14
8.476728e+13
1.174224e+14
1.50548e+14
1.747217e+14
1.894685e+14
1.94469e+14
1.896278e+14
1.75107e+14
1.513073e+14
1.188131e+14
7.836382e+13
1.002145e+14
1.277801e+14
1.478672e+14
1.60133e+14
1.643062e+14
1.60305e+14
1.482831e+14
1.286097e+14
1.017786e+14
6.823458e+13
1.27698e+14
1.632096e+14
1.891473e+14
2.049684e+14
2.103089e+14
2.05051e+14
1.893568e+14
1.6364e+14
1.285037e+14
8.476729e+13
1.247786e+14
1.588892e+14
1.837687e+14
1.989436e+14
2.040612e+14
1.990015e+14
1.839224e+14
1.592196e+14
1.254187e+14
8.311787e+13
1.108784e+14
1.411034e+14
1.631028e+14
1.765199e+14
1.810605e+14
1.766276e+14
1.63372e+14
1.416613e+14
1.119732e+14
7.476742e+13
1.034681e+14
1.325093e+14
1.536992e+14
1.666385e+14
1.710456e+14
1.668406e+14
1.541833e+14
1.334582e+14
1.052087e+14
7.002109e+13
1.247785e+14
1.588892e+14
1.837687e+14
1.989436e+14
2.040611e+14
1.990015e+14
1.839223e+14
1.592195e+14
1.254186e+14
8.311785e+13
1.108784e+14
1.411034e+14
1.631027e+14
1.765198e+14
1.810605e+14
1.766275e+14
1.633719e+14
1.416612e+14
1.119731e+14
7.47674e+13
1.174223e+14
1.505479e+14
1.747216e+14
1.894684e+14
1.944689e+14
1.896277e+14
1.751069e+14
1.513072e+14
1.188131e+14
7.83638e+13
1.03468e+14
1.325092e+14
1.536991e+14
1.666385e+14
1.710455e+14
1.668405e+14
1.541832e+14
1.334582e+14
1.052087e+14
7.002107e+13
1.27698e+14
1.632095e+14
1.891472e+14
2.049684e+14
2.103089e+14
2.050509e+14
1.893567e+14
1.6364e+14
1.285036e+14
8.476727e+13
1.002145e+14
1.277801e+14
1.478672e+14
1.60133e+14
1.643062e+14
1.60305e+14
1.482831e+14
1.286097e+14
1.017786e+14
6.823458e+13
1.174224e+14
1.505479e+14
1.747216e+14
1.894685e+14
1.944689e+14
1.896277e+14
1.751069e+14
1.513072e+14
1.188131e+14
7.83638e+13
1.27698e+14
1.632096e+14
1.891473e+14
2.049684e+14
2.103089e+14
2.05051e+14
1.893568e+14
1.6364e+14
1.285037e+14
8.476728e+13
1.03468e+14
1.325092e+14
1.536992e+14
1.666385e+14
1.710455e+14
1.668405e+14
1.541832e+14
1.334582e+14
1.052087e+14
7.002107e+13
1.247786e+14
1.588892e+14
1.837687e+14
1.989436e+14
2.040612e+14
1.990015e+14
1.839223e+14
1.592195e+14
1.254186e+14
8.311786e+13
1.108784e+14
1.411034e+14
1.631027e+14
1.765198e+14
1.810605e+14
1.766275e+14
1.633719e+14
1.416613e+14
1.119731e+14
7.47674e+13
1.002145e+14
1.277801e+14
1.478672e+14
1.60133e+14
1.643062e+14
1.60305e+14
1.482831e+14
1.286097e+14
1.017786e+14
6.823457e+13
1.034681e+14
1.325093e+14
1.536992e+14
1.666385e+14
1.710456e+14
1.668406e+14
1.541833e+14
1.334582e+14
1.052087e+14
7.002109e+13
1.247786e+14
1.588893e+14
1.837687e+14
1.989436e+14
2.040612e+14
1.990015e+14
1.839224e+14
1.592196e+14
1.254187e+14
8.311788e+13
1.174224e+14
1.50548e+14
1.747217e+14
1.894685e+14
1.94469e+14
1.896278e+14
1.75107e+14
1.513073e+14
1.188132e+14
7.836384e+13
1.108784e+14
1.411034e+14
1.631028e+14
1.765199e+14
1.810605e+14
1.766276e+14
1.63372e+14
1.416613e+14
1.119732e+14
7.476742e+13
1.002145e+14
1.277802e+14
1.478673e+14
1.601331e+14
1.643063e+14
1.603051e+14
1.482832e+14
1.286098e+14
1.017787e+14
6.823461e+13
1.27698e+14
1.632096e+14
1.891473e+14
2.049685e+14
2.103089e+14
2.05051e+14
1.893568e+14
1.6364e+14
1.285037e+14
8.47673e+13
1.247785e+14
1.588892e+14
1.837686e+14
1.989435e+14
2.040611e+14
1.990014e+14
1.839222e+14
1.592195e+14
1.254186e+14
8.311782e+13
1.108784e+14
1.411033e+14
1.631027e+14
1.765198e+14
1.810604e+14
1.766275e+14
1.633719e+14
1.416612e+14
1.119731e+14
7.476737e+13
1.002144e+14
1.277801e+14
1.478671e+14
1.60133e+14
1.643062e+14
1.603049e+14
1.48283e+14
1.286097e+14
1.017786e+14
6.823455e+13
1.276979e+14
1.632095e+14
1.891472e+14
2.049683e+14
2.103088e+14
2.050509e+14
1.893567e+14
1.636399e+14
1.285036e+14
8.476724e+13
1.03468e+14
1.325092e+14
1.536991e+14
1.666384e+14
1.710454e+14
1.668405e+14
1.541832e+14
1.334582e+14
1.052086e+14
7.002104e+13
1.174223e+14
1.505478e+14
1.747215e+14
1.894684e+14
1.944688e+14
1.896276e+14
1.751069e+14
1.513072e+14
1.188131e+14
7.836378e+13
1.174224e+14
1.505479e+14
1.747216e+14
1.894684e+14
1.944689e+14
1.896277e+14
1.751069e+14
1.513072e+14
1.188131e+14
7.83638e+13
1.03468e+14
1.325092e+14
1.536991e+14
1.666385e+14
1.710455e+14
1.668405e+14
1.541832e+14
1.334582e+14
1.052087e+14
7.002106e+13
1.27698e+14
1.632096e+14
1.891472e+14
2.049684e+14
2.103089e+14
2.050509e+14
1.893567e+14
1.6364e+14
1.285036e+14
8.476726e+13
1.002145e+14
1.277801e+14
1.478672e+14
1.60133e+14
1.643062e+14
1.60305e+14
1.482831e+14
1.286097e+14
1.017786e+14
6.823456e+13
1.247785e+14
1.588892e+14
1.837687e+14
1.989435e+14
2.040611e+14
1.990014e+14
1.839223e+14
1.592195e+14
1.254186e+14
8.311783e+13
1.108784e+14
1.411034e+14
1.631027e+14
1.765198e+14
1.810605e+14
1.766275e+14
1.633719e+14
1.416612e+14
1.119731e+14
7.476738e+13
1.27698e+14
1.632096e+14
1.891473e+14
2.049685e+14
2.10309e+14
2.05051e+14
1.893568e+14
1.6364e+14
1.285037e+14
8.476729e+13
1.174224e+14
1.50548e+14
1.747217e+14
1.894685e+14
1.94469e+14
1.896278e+14
1.75107e+14
1.513073e+14
1.188131e+14
7.836383e+13
1.247786e+14
1.588893e+14
1.837688e+14
1.989437e+14
2.040613e+14
1.990016e+14
1.839224e+14
1.592196e+14
1.254187e+14
8.311788e+13
1.108785e+14
1.411035e+14
1.631028e+14
1.765199e+14
1.810606e+14
1.766276e+14
1.63372e+14
1.416613e+14
1.119732e+14
7.476743e+13
1.034681e+14
1.325093e+14
1.536992e+14
1.666386e+14
1.710456e+14
1.668406e+14
1.541833e+14
1.334583e+14
1.052087e+14
7.002109e+13
1.002145e+14
1.277802e+14
1.478673e+14
1.601331e+14
1.643063e+14
1.603051e+14
1.482832e+14
1.286098e+14
1.017787e+14
6.82346e+13
1.108784e+14
1.411034e+14
1.631027e+14
1.765198e+14
1.810604e+14
1.766275e+14
1.633719e+14
1.416612e+14
1.119731e+14
7.476738e+13
1.002145e+14
1.277801e+14
1.478672e+14
1.60133e+14
1.643062e+14
1.603049e+14
1.482831e+14
1.286097e+14
1.017786e+14
6.823456e+13
1.247785e+14
1.588892e+14
1.837687e+14
1.989436e+14
2.040612e+14
1.990015e+14
1.839223e+14
1.592195e+14
1.254186e+14
8.311785e+13
1.03468e+14
1.325092e+14
1.536991e+14
1.666385e+14
1.710455e+14
1.668405e+14
1.541832e+14
1.334582e+14
1.052087e+14
7.002106e+13
1.27698e+14
1.632095e+14
1.891472e+14
2.049684e+14
2.103089e+14
2.050509e+14
1.893567e+14
1.6364e+14
1.285036e+14
8.476726e+13
1.174223e+14
1.505479e+14
1.747216e+14
1.894684e+14
1.944689e+14
1.896277e+14
1.751069e+14
1.513072e+14
1.188131e+14
7.836381e+13
1.174224e+14
1.505479e+14
1.747217e+14
1.894685e+14
1.944689e+14
1.896277e+14
1.75107e+14
1.513072e+14
1.188131e+14
7.836381e+13
1.27698e+14
1.632096e+14
1.891473e+14
2.049684e+14
2.103089e+14
2.05051e+14
1.893568e+14
1.6364e+14
1.285037e+14
8.476728e+13
1.03468e+14
1.325092e+14
1.536992e+14
1.666385e+14
1.710455e+14
1.668405e+14
1.541832e+14
1.334582e+14
1.052087e+14
7.002107e+13
1.002145e+14
1.277801e+14
1.478672e+14
1.60133e+14
1.643062e+14
1.60305e+14
1.482831e+14
1.286097e+14
1.017786e+14
6.823458e+13
1.108784e+14
1.411034e+14
1.631027e+14
1.765198e+14
1.810605e+14
1.766275e+14
1.63372e+14
1.416613e+14
1.119732e+14
7.47674e+13
1.247786e+14
1.588893e+14
1.837687e+14
1.989436e+14
2.040612e+14
1.990015e+14
1.839224e+14
1.592196e+14
1.254187e+14
8.311786e+13
7.077808e+13
8.598795e+13
9.745512e+13
1.045911e+14
1.070238e+14
1.046307e+14
9.754954e+13
8.618471e+13
7.124103e+13
5.378496e+13
1.13774e+14
1.431545e+14
1.645141e+14
1.775477e+14
1.81932e+14
1.775425e+14
1.64524e+14
1.43229e+14
1.140122e+14
7.693872e+13
1.041975e+14
1.315401e+14
1.514335e+14
1.635783e+14
1.676834e+14
1.636454e+14
1.51609e+14
1.319297e+14
1.050412e+14
7.122995e+13
8.4695e+13
1.055264e+14
1.208096e+14
1.302002e+14
1.333916e+14
1.302798e+14
1.210078e+14
1.059513e+14
8.563704e+13
6.044566e+13
1.064225e+14
1.330696e+14
1.524307e+14
1.64253e+14
1.682267e+14
1.642282e+14
1.523943e+14
1.330591e+14
1.065353e+14
7.276141e+13
8.71052e+13
1.077682e+14
1.228795e+14
1.321533e+14
1.352857e+14
1.321627e+14
1.229164e+14
1.078937e+14
8.753136e+13
6.2038e+13
8.469488e+13
1.055263e+14
1.208095e+14
1.302e+14
1.333914e+14
1.302797e+14
1.210076e+14
1.059512e+14
8.563692e+13
6.044559e+13
1.041974e+14
1.315401e+14
1.514334e+14
1.635782e+14
1.676833e+14
1.636453e+14
1.516089e+14
1.319296e+14
1.050411e+14
7.122991e+13
8.71051e+13
1.077681e+14
1.228794e+14
1.321531e+14
1.352856e+14
1.321626e+14
1.229162e+14
1.078936e+14
8.753126e+13
6.203794e+13
7.077795e+13
8.598778e+13
9.745492e+13
1.045909e+14
1.070236e+14
1.046305e+14
9.754935e+13
8.618454e+13
7.12409e+13
5.378488e+13
1.137739e+14
1.431544e+14
1.64514e+14
1.775476e+14
1.819319e+14
1.775424e+14
1.645239e+14
1.432289e+14
1.140122e+14
7.693868e+13
1.064224e+14
1.330696e+14
1.524306e+14
1.642529e+14
1.682266e+14
1.642281e+14
1.523942e+14
1.33059e+14
1.065353e+14
7.276137e+13
8.710512e+13
1.077681e+14
1.228794e+14
1.321531e+14
1.352856e+14
1.321626e+14
1.229162e+14
1.078936e+14
8.753126e+13
6.203793e+13
7.077803e+13
8.598788e+13
9.745503e+13
1.04591e+14
1.070237e+14
1.046306e+14
9.754944e+13
8.618462e+13
7.124095e+13
5.37849e+13
1.064224e+14
1.330695e+14
1.524306e+14
1.642528e+14
1.682265e+14
1.64228e+14
1.523941e+14
1.33059e+14
1.065352e+14
7.276134e+13
8.469493e+13
1.055263e+14
1.208095e+14
1.302e+14
1.333915e+14
1.302797e+14
1.210077e+14
1.059512e+14
8.563695e+13
6.044561e+13
1.137739e+14
1.431544e+14
1.64514e+14
1.775476e+14
1.819319e+14
1.775424e+14
1.645239e+14
1.432289e+14
1.140121e+14
7.693866e+13
1.041974e+14
1.315401e+14
1.514334e+14
1.635782e+14
1.676833e+14
1.636453e+14
1.516089e+14
1.319296e+14
1.050411e+14
7.12299e+13
7.077812e+13
8.5988e+13
9.745517e+13
1.045912e+14
1.070238e+14
1.046308e+14
9.754959e+13
8.618474e+13
7.124106e+13
5.378498e+13
1.064226e+14
1.330697e+14
1.524308e+14
1.642531e+14
1.682267e+14
1.642282e+14
1.523943e+14
1.330592e+14
1.065353e+14
7.276143e+13
1.041975e+14
1.315402e+14
1.514335e+14
1.635784e+14
1.676834e+14
1.636455e+14
1.51609e+14
1.319297e+14
1.050412e+14
7.122997e+13
8.469504e+13
1.055264e+14
1.208097e+14
1.302002e+14
1.333917e+14
1.302799e+14
1.210078e+14
1.059514e+14
8.563707e+13
6.044569e+13
8.710525e+13
1.077683e+14
1.228796e+14
1.321533e+14
1.352858e+14
1.321628e+14
1.229164e+14
1.078938e+14
8.753139e+13
6.203802e+13
1.137741e+14
1.431546e+14
1.645142e+14
1.775478e+14
1.819321e+14
1.775426e+14
1.64524e+14
1.43229e+14
1.140123e+14
7.693875e+13
1.064224e+14
1.330696e+14
1.524306e+14
1.642529e+14
1.682266e+14
1.642281e+14
1.523942e+14
1.33059e+14
1.065352e+14
7.276137e+13
1.13774e+14
1.431544e+14
1.64514e+14
1.775477e+14
1.819319e+14
1.775425e+14
1.645239e+14
1.432289e+14
1.140122e+14
7.693869e+13
1.041974e+14
1.315401e+14
1.514334e+14
1.635782e+14
1.676833e+14
1.636453e+14
1.516089e+14
1.319296e+14
1.050411e+14
7.122991e+13
8.710508e+13
1.077681e+14
1.228794e+14
1.321531e+14
1.352855e+14
1.321626e+14
1.229162e+14
1.078936e+14
8.753124e+13
6.203793e+13
7.077792e+13
8.598774e+13
9.745488e+13
1.045909e+14
1.070235e+14
1.046305e+14
9.75493e+13
8.61845e+13
7.124086e+13
5.378485e+13
8.469487e+13
1.055262e+14
1.208095e+14
1.302e+14
1.333914e+14
1.302796e+14
1.210076e+14
1.059512e+14
8.563691e+13
6.044558e+13
8.469496e+13
1.055263e+14
1.208096e+14
1.302001e+14
1.333915e+14
1.302798e+14
1.210077e+14
1.059513e+14
8.563698e+13
6.044563e+13
1.041975e+14
1.315401e+14
1.514334e+14
1.635783e+14
1.676833e+14
1.636454e+14
1.516089e+14
1.319297e+14
1.050412e+14
7.122993e+13
1.13774e+14
1.431545e+14
1.64514e+14
1.775477e+14
1.81932e+14
1.775425e+14
1.645239e+14
1.43229e+14
1.140122e+14
7.69387e+13
7.077805e+13
8.598791e+13
9.745506e+13
1.045911e+14
1.070237e+14
1.046307e+14
9.754948e+13
8.618465e+13
7.124098e+13
5.378493e+13
8.710517e+13
1.077682e+14
1.228795e+14
1.321532e+14
1.352856e+14
1.321627e+14
1.229163e+14
1.078937e+14
8.753132e+13
6.203797e+13
1.064225e+14
1.330696e+14
1.524307e+14
1.642529e+14
1.682266e+14
1.642281e+14
1.523942e+14
1.330591e+14
1.065353e+14
7.276138e+13
3.685285e+13
4.341252e+13
4.839346e+13
5.154076e+13
5.261895e+13
5.153804e+13
4.836711e+13
4.330501e+13
3.654115e+13
2.763756e+13
3.088962e+13
3.632458e+13
4.045262e+13
4.305795e+13
4.394888e+13
4.304999e+13
4.04146e+13
3.619722e+13
3.054909e+13
2.334194e+13
4.899129e+13
5.786512e+13
6.464874e+13
6.894132e+13
7.041457e+13
6.895135e+13
6.465502e+13
5.783124e+13
4.886256e+13
3.720732e+13
4.899129e+13
5.786512e+13
6.464873e+13
6.894131e+13
7.041456e+13
6.895134e+13
6.465501e+13
5.783124e+13
4.886256e+13
3.720732e+13
3.685286e+13
4.341253e+13
4.839348e+13
5.154077e+13
5.261896e+13
5.153805e+13
4.836712e+13
4.330502e+13
3.654116e+13
2.763757e+13
5.3451e+13
6.375316e+13
7.141819e+13
7.622155e+13
7.786478e+13
7.623275e+13
7.14313e+13
6.375021e+13
5.342465e+13
3.943475e+13
3.685281e+13
4.341246e+13
4.839339e+13
5.154068e+13
5.261887e+13
5.153796e+13
4.836704e+13
4.330495e+13
3.65411e+13
2.763752e+13
3.088958e+13
3.632453e+13
4.045256e+13
4.305788e+13
4.39488e+13
4.304992e+13
4.041454e+13
3.619716e+13
3.054904e+13
2.334191e+13
4.899124e+13
5.786505e+13
6.464864e+13
6.894121e+13
7.041446e+13
6.895124e+13
6.465492e+13
5.783115e+13
4.886249e+13
3.720726e+13
3.68528e+13
4.341245e+13
4.839338e+13
5.154066e+13
5.261885e+13
5.153795e+13
4.836702e+13
4.330493e+13
3.654109e+13
2.763751e+13
4.899122e+13
5.786502e+13
6.464861e+13
6.894117e+13
7.041442e+13
6.89512e+13
6.465488e+13
5.783113e+13
4.886247e+13
3.720725e+13
5.345093e+13
6.375306e+13
7.141807e+13
7.622141e+13
7.786464e+13
7.623261e+13
7.143117e+13
6.37501e+13
5.342457e+13
3.943468e+13
3.685287e+13
4.341254e+13
4.839348e+13
5.154077e+13
5.261896e+13
5.153806e+13
4.836712e+13
4.330503e+13
3.654116e+13
2.763756e+13
3.685287e+13
4.341254e+13
4.839348e+13
5.154077e+13
5.261896e+13
5.153806e+13
4.836712e+13
4.330502e+13
3.654116e+13
2.763756e+13
4.899132e+13
5.786515e+13
6.464876e+13
6.894134e+13
7.041459e+13
6.895137e+13
6.465504e+13
5.783126e+13
4.886257e+13
3.720732e+13
3.088964e+13
3.63246e+13
4.045264e+13
4.305797e+13
4.39489e+13
4.305001e+13
4.041462e+13
3.619723e+13
3.05491e+13
2.334194e+13
4.899132e+13
5.786514e+13
6.464875e+13
6.894133e+13
7.041458e+13
6.895136e+13
6.465503e+13
5.783126e+13
4.886257e+13
3.720732e+13
5.345102e+13
6.375318e+13
7.14182e+13
7.622156e+13
7.786479e+13
7.623276e+13
7.143131e+13
6.375022e+13
5.342466e+13
3.943474e+13
5.345094e+13
6.37531e+13
7.141812e+13
7.622146e+13
7.786469e+13
7.623266e+13
7.143122e+13
6.375014e+13
5.34246e+13
3.94347e+13
3.088959e+13
3.632455e+13
4.045258e+13
4.305791e+13
4.394883e+13
4.304994e+13
4.041456e+13
3.619718e+13
3.054905e+13
2.334192e+13
4.899128e+13
5.78651e+13
6.464871e+13
6.894129e+13
7.041454e+13
6.895132e+13
6.465499e+13
5.783121e+13
4.886253e+13
3.720729e+13
4.899125e+13
5.786507e+13
6.464868e+13
6.894125e+13
7.04145e+13
6.895128e+13
6.465495e+13
5.783118e+13
4.886251e+13
3.720728e+13
3.685285e+13
4.341251e+13
4.839345e+13
5.154074e+13
5.261893e+13
5.153802e+13
4.836709e+13
4.330499e+13
3.654114e+13
2.763754e+13
3.685283e+13
4.341249e+13
4.839343e+13
5.154071e+13
5.26189e+13
5.1538e+13
4.836706e+13
4.330497e+13
3.654112e+13
2.763753e+13
3.088958e+13
3.632453e+13
4.045256e+13
4.305788e+13
4.39488e+13
4.304992e+13
4.041454e+13
3.619716e+13
3.054904e+13
2.334191e+13
3.685283e+13
4.341248e+13
4.839342e+13
5.15407e+13
5.261889e+13
5.153799e+13
4.836706e+13
4.330497e+13
3.654112e+13
2.763753e+13
4.899124e+13
5.786505e+13
6.464865e+13
6.894122e+13
7.041447e+13
6.895125e+13
6.465493e+13
5.783117e+13
4.88625e+13
3.720727e+13
3.685282e+13
4.341248e+13
4.839341e+13
5.154069e+13
5.261888e+13
5.153798e+13
4.836705e+13
4.330496e+13
3.654111e+13
2.763753e+13
4.899125e+13
5.786505e+13
6.464865e+13
6.894122e+13
7.041447e+13
6.895125e+13
6.465493e+13
5.783116e+13
4.88625e+13
3.720727e+13
5.345094e+13
6.375309e+13
7.14181e+13
7.622144e+13
7.786467e+13
7.623265e+13
7.14312e+13
6.375013e+13
5.342459e+13
3.943469e+13
3.685283e+13
4.341249e+13
4.839342e+13
5.154071e+13
5.26189e+13
5.1538e+13
4.836707e+13
4.330498e+13
3.654113e+13
2.763754e+13
3.088961e+13
3.632456e+13
4.04526e+13
4.305792e+13
4.394885e+13
4.304996e+13
4.041458e+13
3.61972e+13
3.054907e+13
2.334192e+13
3.685285e+13
4.341251e+13
4.839345e+13
5.154074e+13
5.261893e+13
5.153802e+13
4.836709e+13
4.3305e+13
3.654114e+13
2.763755e+13
4.899126e+13
5.786507e+13
6.464867e+13
6.894125e+13
7.04145e+13
6.895128e+13
6.465495e+13
5.783119e+13
4.886252e+13
3.720728e+13
5.345096e+13
6.375311e+13
7.141812e+13
7.622146e+13
7.786469e+13
7.623266e+13
7.143122e+13
6.375014e+13
5.34246e+13
3.94347e+13
4.899129e+13
5.786511e+13
6.464871e+13
6.894129e+13
7.041454e+13
6.895132e+13
6.465499e+13
5.783122e+13
4.886254e+13
3.72073e+13
4.53091e-305
5.358609e-305
6.013155e-305
6.428944e-305
6.572139e-305
6.432162e-305
6.019761e-305
5.36879e-305
4.544408e-305
3.672359e-305
4.900158e-305
5.81703e-305
6.5375e-305
6.99313e-305
7.149519e-305
6.995889e-305
6.543314e-305
5.826699e-305
4.915383e-305
3.961196e-305
4.70898e-305
5.566463e-305
6.240457e-305
6.667365e-305
6.813866e-305
6.669242e-305
6.243979e-305
5.570995e-305
4.712734e-305
3.795757e-305
3.984497e-305
4.668713e-305
5.216876e-305
5.567621e-305
5.688689e-305
5.569828e-305
5.220626e-305
4.671515e-305
3.978308e-305
3.231159e-305
4.224092e-305
4.958711e-305
5.539305e-305
5.90898e-305
6.036115e-305
5.910274e-305
5.540947e-305
4.957781e-305
4.212286e-305
3.385572e-305
3.86474e-305
4.514656e-305
5.034983e-305
5.368155e-305
5.48304e-305
5.369497e-305
5.036506e-305
4.51247e-305
3.847155e-305
3.11427e-305
4.708975e-305
5.566456e-305
6.240447e-305
6.667354e-305
6.813855e-305
6.669231e-305
6.243969e-305
5.570987e-305
4.712727e-305
3.795752e-305
4.900155e-305
5.817026e-305
6.537495e-305
6.993125e-305
7.149513e-305
6.995883e-305
6.543309e-305
5.826695e-305
4.91538e-305
3.961194e-305
4.224084e-305
4.958701e-305
5.539292e-305
5.908966e-305
6.0361e-305
5.91026e-305
5.540933e-305
4.95777e-305
4.212278e-305
3.385565e-305
3.864733e-305
4.514647e-305
5.034972e-305
5.368143e-305
5.483027e-305
5.369485e-305
5.036494e-305
4.51246e-305
3.847147e-305
3.114265e-305
4.530905e-305
5.358603e-305
6.013148e-305
6.428935e-305
6.57213e-305
6.432154e-305
6.019753e-305
5.368784e-305
4.544403e-305
3.672355e-305
3.984491e-305
4.668705e-305
5.216867e-305
5.567611e-305
5.688678e-305
5.569817e-305
5.220616e-305
4.671506e-305
3.978301e-305
3.231153e-305
3.984498e-305
4.668714e-305
5.216877e-305
5.567623e-305
5.68869e-305
5.569829e-305
5.220627e-305
4.671516e-305
3.978309e-305
3.231159e-305
4.530914e-305
5.358614e-305
6.01316e-305
6.428949e-305
6.572144e-305
6.432167e-305
6.019766e-305
5.368795e-305
4.544412e-305
3.672362e-305
4.900165e-305
5.817039e-305
6.537509e-305
6.99314e-305
7.149529e-305
6.995899e-305
6.543324e-305
5.826707e-305
4.91539e-305
3.961202e-305
4.224094e-305
4.958713e-305
5.539306e-305
5.908981e-305
6.036116e-305
5.910275e-305
5.540948e-305
4.957782e-305
4.212287e-305
3.385572e-305
3.864742e-305
4.514658e-305
5.034985e-305
5.368157e-305
5.483042e-305
5.369499e-305
5.036508e-305
4.512472e-305
3.847156e-305
3.114272e-305
4.708984e-305
5.566468e-305
6.240461e-305
6.66737e-305
6.813871e-305
6.669246e-305
6.243983e-305
5.571e-305
4.712738e-305
3.79576e-305
4.530909e-305
5.358608e-305
6.013155e-305
6.428944e-305
6.572139e-305
6.432162e-305
6.019761e-305
5.36879e-305
4.544408e-305
3.672358e-305
3.984496e-305
4.668712e-305
5.216876e-305
5.567621e-305
5.688689e-305
5.569828e-305
5.220626e-305
4.671514e-305
3.978307e-305
3.231158e-305
4.900156e-305
5.817029e-305
6.537499e-305
6.99313e-305
7.149518e-305
6.995888e-305
6.543314e-305
5.826699e-305
4.915383e-305
3.961195e-305
4.708978e-305
5.566462e-305
6.240455e-305
6.667364e-305
6.813865e-305
6.66924e-305
6.243978e-305
5.570994e-305
4.712733e-305
3.795755e-305
3.864739e-305
4.514654e-305
5.034982e-305
5.368154e-305
5.483038e-305
5.369496e-305
5.036505e-305
4.512469e-305
3.847153e-305
3.114269e-305
4.224091e-305
4.95871e-305
5.539303e-305
5.908978e-305
6.036113e-305
5.910272e-305
5.540944e-305
4.957779e-305
4.212284e-305
3.38557e-305
4.900158e-305
5.81703e-305
6.537499e-305
6.99313e-305
7.149518e-305
6.995888e-305
6.543314e-305
5.826699e-305
4.915383e-305
3.961196e-305
4.708977e-305
5.566459e-305
6.240451e-305
6.667359e-305
6.813859e-305
6.669235e-305
6.243973e-305
5.570991e-305
4.712731e-305
3.795755e-305
4.530908e-305
5.358606e-305
6.013151e-305
6.428939e-305
6.572134e-305
6.432157e-305
6.019757e-305
5.368787e-305
4.544406e-305
3.672358e-305
4.224088e-305
4.958705e-305
5.539297e-305
5.908972e-305
6.036106e-305
5.910265e-305
5.540938e-305
4.957774e-305
4.212281e-305
3.385567e-305
3.984493e-305
4.668708e-305
5.21687e-305
5.567614e-305
5.688682e-305
5.56982e-305
5.220619e-305
4.671509e-305
3.978303e-305
3.231155e-305
3.864736e-305
4.51465e-305
5.034977e-305
5.368147e-305
5.483032e-305
5.369489e-305
5.036499e-305
4.512464e-305
3.847149e-305
3.114266e-305
4.224089e-305
4.958706e-305
5.539299e-305
5.908973e-305
6.036108e-305
5.910267e-305
5.54094e-305
4.957776e-305
4.212282e-305
3.385568e-305
3.864737e-305
4.514651e-305
5.034977e-305
5.368149e-305
5.483033e-305
5.369491e-305
5.0365e-305
4.512465e-305
3.847151e-305
3.114268e-305
3.984493e-305
4.668708e-305
5.21687e-305
5.567615e-305
5.688682e-305
5.569821e-305
5.22062e-305
4.671509e-305
3.978304e-305
3.231155e-305
4.708978e-305
5.566461e-305
6.240453e-305
6.66736e-305
6.813861e-305
6.669237e-305
6.243975e-305
5.570992e-305
4.712732e-305
3.795756e-305
4.530909e-305
5.358607e-305
6.013152e-305
6.42894e-305
6.572135e-305
6.432158e-305
6.019757e-305
5.368787e-305
4.544406e-305
3.672358e-305
4.900159e-305
5.817031e-305
6.5375e-305
6.993131e-305
7.149519e-305
6.995889e-305
6.543314e-305
5.8267e-305
4.915384e-305
3.961197e-305
7.63413e+13
9.501278e+13
1.087472e+14
1.172091e+14
1.201e+14
1.173225e+14
1.090201e+14
9.556927e+13
7.749044e+13
5.499998e+13
8.318488e+13
1.051196e+14
1.211587e+14
1.309921e+14
1.343533e+14
1.311616e+14
1.215662e+14
1.059349e+14
8.476357e+13
5.837133e+13
5.866159e+13
7.073508e+13
7.994727e+13
8.573122e+13
8.772032e+13
8.579828e+13
8.009863e+13
7.101775e+13
5.923054e+13
4.535571e+13
5.283617e+13
6.531528e+13
7.471667e+13
8.057092e+13
8.259524e+13
8.070991e+13
7.504172e+13
6.594128e+13
5.402108e+13
4.018523e+13
4.985383e+13
6.048061e+13
6.857161e+13
7.364947e+13
7.540423e+13
7.374075e+13
6.878034e+13
6.087343e+13
5.061047e+13
3.863532e+13
7.037395e+13
8.867985e+13
1.021644e+14
1.104675e+14
1.133229e+14
1.106557e+14
1.026116e+14
8.956063e+13
7.206097e+13
5.065854e+13
5.283618e+13
6.531529e+13
7.471667e+13
8.057091e+13
8.259524e+13
8.07099e+13
7.504171e+13
6.594127e+13
5.402108e+13
4.018522e+13
7.037398e+13
8.867988e+13
1.021644e+14
1.104676e+14
1.13323e+14
1.106557e+14
1.026116e+14
8.956066e+13
7.206099e+13
5.065855e+13
4.985379e+13
6.048056e+13
6.857153e+13
7.364938e+13
7.540413e+13
7.374066e+13
6.878025e+13
6.087335e+13
5.061041e+13
3.863527e+13
5.866161e+13
7.073509e+13
7.994728e+13
8.573122e+13
8.772033e+13
8.579828e+13
8.009864e+13
7.101775e+13
5.923054e+13
4.53557e+13
7.634133e+13
9.501282e+13
1.087472e+14
1.172092e+14
1.201e+14
1.173225e+14
1.090201e+14
9.556929e+13
7.749046e+13
5.499998e+13
8.318486e+13
1.051196e+14
1.211587e+14
1.30992e+14
1.343532e+14
1.311615e+14
1.215661e+14
1.059348e+14
8.476352e+13
5.83713e+13
7.634143e+13
9.501295e+13
1.087474e+14
1.172093e+14
1.201002e+14
1.173227e+14
1.090203e+14
9.556942e+13
7.749056e+13
5.500005e+13
8.318494e+13
1.051197e+14
1.211588e+14
1.309921e+14
1.343534e+14
1.311617e+14
1.215663e+14
1.059349e+14
8.476362e+13
5.837136e+13
5.86617e+13
7.073521e+13
7.994741e+13
8.573137e+13
8.772048e+13
8.579843e+13
8.009877e+13
7.101787e+13
5.923064e+13
4.535577e+13
7.037404e+13
8.867997e+13
1.021645e+14
1.104677e+14
1.133231e+14
1.106558e+14
1.026117e+14
8.956075e+13
7.206106e+13
5.065859e+13
4.985385e+13
6.048063e+13
6.857162e+13
7.364948e+13
7.540424e+13
7.374076e+13
6.878034e+13
6.087344e+13
5.061048e+13
3.863532e+13
5.283626e+13
6.531539e+13
7.471679e+13
8.057104e+13
8.259536e+13
8.071003e+13
7.504183e+13
6.594137e+13
5.402116e+13
4.018527e+13
5.866157e+13
7.073506e+13
7.994725e+13
8.573119e+13
8.77203e+13
8.579826e+13
8.009861e+13
7.101773e+13
5.923052e+13
4.53557e+13
4.985381e+13
6.04806e+13
6.857159e+13
7.364945e+13
7.540421e+13
7.374073e+13
6.878032e+13
6.087341e+13
5.061046e+13
3.86353e+13
5.283615e+13
6.531527e+13
7.471665e+13
8.057089e+13
8.259522e+13
8.070989e+13
7.50417e+13
6.594126e+13
5.402106e+13
4.018521e+13
7.634128e+13
9.501276e+13
1.087472e+14
1.172091e+14
1.201e+14
1.173224e+14
1.090201e+14
9.556924e+13
7.749042e+13
5.499997e+13
8.318485e+13
1.051196e+14
1.211587e+14
1.30992e+14
1.343532e+14
1.311615e+14
1.215661e+14
1.059348e+14
8.476353e+13
5.837131e+13
7.037392e+13
8.867981e+13
1.021643e+14
1.104675e+14
1.133229e+14
1.106557e+14
1.026115e+14
8.956059e+13
7.206094e+13
5.065852e+13
4.985381e+13
6.048058e+13
6.857156e+13
7.364941e+13
7.540417e+13
7.37407e+13
6.878028e+13
6.087338e+13
5.061044e+13
3.86353e+13
7.0374e+13
8.867992e+13
1.021644e+14
1.104676e+14
1.13323e+14
1.106558e+14
1.026117e+14
8.95607e+13
7.206103e+13
5.065858e+13
5.866163e+13
7.073512e+13
7.994732e+13
8.573126e+13
8.772037e+13
8.579832e+13
8.009868e+13
7.101779e+13
5.923057e+13
4.535573e+13
7.634136e+13
9.501286e+13
1.087473e+14
1.172092e+14
1.201001e+14
1.173225e+14
1.090202e+14
9.556934e+13
7.74905e+13
5.500002e+13
5.283623e+13
6.531534e+13
7.471673e+13
8.057098e+13
8.259531e+13
8.070997e+13
7.504177e+13
6.594132e+13
5.402113e+13
4.018525e+13
8.31849e+13
1.051197e+14
1.211587e+14
1.309921e+14
1.343533e+14
1.311616e+14
1.215662e+14
1.059349e+14
8.476357e+13
5.837134e+13
7.634136e+13
9.501286e+13
1.087473e+14
1.172092e+14
1.201001e+14
1.173225e+14
1.090202e+14
9.556934e+13
7.74905e+13
5.500001e+13
8.31849e+13
1.051196e+14
1.211587e+14
1.309921e+14
1.343533e+14
1.311616e+14
1.215662e+14
1.059349e+14
8.476357e+13
5.837133e+13
5.866163e+13
7.073513e+13
7.994731e+13
8.573126e+13
8.772036e+13
8.579832e+13
8.009867e+13
7.101779e+13
5.923058e+13
4.535573e+13
7.037401e+13
8.867993e+13
1.021645e+14
1.104676e+14
1.13323e+14
1.106558e+14
1.026117e+14
8.956071e+13
7.206103e+13
5.065857e+13
4.98538e+13
6.048057e+13
6.857154e+13
7.364939e+13
7.540415e+13
7.374068e+13
6.878027e+13
6.087337e+13
5.061043e+13
3.863528e+13
5.283622e+13
6.531534e+13
7.471673e+13
8.057097e+13
8.25953e+13
8.070996e+13
7.504177e+13
6.594132e+13
5.402112e+13
4.018524e+13
7.27815e+13
9.227018e+13
1.06638e+14
1.154792e+14
1.185228e+14
1.156981e+14
1.071567e+14
9.328244e+13
7.468311e+13
5.207195e+13
5.602055e+13
7.02429e+13
8.094921e+13
8.759662e+13
8.990007e+13
8.778902e+13
8.140097e+13
7.111164e+13
5.763255e+13
4.224131e+13
5.602061e+13
7.024297e+13
8.094929e+13
8.759671e+13
8.990016e+13
8.778912e+13
8.140106e+13
7.111171e+13
5.763261e+13
4.224135e+13
8.954011e+13
1.144565e+14
1.326899e+14
1.438526e+14
1.47675e+14
1.440861e+14
1.332453e+14
1.155387e+14
9.152929e+13
6.180085e+13
8.954013e+13
1.144565e+14
1.326899e+14
1.438526e+14
1.476751e+14
1.440861e+14
1.332453e+14
1.155387e+14
9.15293e+13
6.180086e+13
7.278145e+13
9.227011e+13
1.06638e+14
1.154791e+14
1.185227e+14
1.15698e+14
1.071567e+14
9.328238e+13
7.468306e+13
5.207192e+13
5.60205e+13
7.024284e+13
8.094912e+13
8.759653e+13
8.989997e+13
8.778893e+13
8.140089e+13
7.111156e+13
5.763249e+13
4.224128e+13
7.278138e+13
9.227002e+13
1.066378e+14
1.15479e+14
1.185226e+14
1.156979e+14
1.071565e+14
9.328228e+13
7.468299e+13
5.207188e+13
8.954004e+13
1.144564e+14
1.326898e+14
1.438524e+14
1.476749e+14
1.44086e+14
1.332452e+14
1.155386e+14
9.152922e+13
6.18008e+13
7.278143e+13
9.22701e+13
1.066379e+14
1.154791e+14
1.185227e+14
1.15698e+14
1.071566e+14
9.328235e+13
7.468304e+13
5.20719e+13
5.602055e+13
7.024289e+13
8.094919e+13
8.75966e+13
8.990004e+13
8.778899e+13
8.140094e+13
7.111161e+13
5.763254e+13
4.22413e+13
8.954004e+13
1.144564e+14
1.326898e+14
1.438524e+14
1.476749e+14
1.44086e+14
1.332452e+14
1.155386e+14
9.152921e+13
6.18008e+13
8.95401e+13
1.144565e+14
1.326899e+14
1.438525e+14
1.47675e+14
1.440861e+14
1.332453e+14
1.155387e+14
9.152926e+13
6.180083e+13
7.27815e+13
9.227018e+13
1.06638e+14
1.154792e+14
1.185228e+14
1.156981e+14
1.071567e+14
9.328243e+13
7.46831e+13
5.207194e+13
7.278147e+13
9.227014e+13
1.06638e+14
1.154791e+14
1.185227e+14
1.15698e+14
1.071567e+14
9.328239e+13
7.468308e+13
5.207193e+13
8.954012e+13
1.144565e+14
1.326899e+14
1.438525e+14
1.47675e+14
1.440861e+14
1.332453e+14
1.155387e+14
9.152927e+13
6.180084e+13
5.602064e+13
7.024301e+13
8.094932e+13
8.759675e+13
8.990019e+13
8.778914e+13
8.140108e+13
7.111173e+13
5.763263e+13
4.224136e+13
5.602063e+13
7.0243e+13
8.094932e+13
8.759674e+13
8.990019e+13
8.778914e+13
8.140108e+13
7.111173e+13
5.763263e+13
4.224136e+13
5.602053e+13
7.024289e+13
8.094919e+13
8.75966e+13
8.990004e+13
8.778899e+13
8.140095e+13
7.111162e+13
5.763253e+13
4.22413e+13
7.278143e+13
9.227009e+13
1.066379e+14
1.154791e+14
1.185227e+14
1.15698e+14
1.071566e+14
9.328235e+13
7.468303e+13
5.20719e+13
5.602059e+13
7.024295e+13
8.094926e+13
8.759668e+13
8.990012e+13
8.778907e+13
8.140102e+13
7.111168e+13
5.763259e+13
4.224133e+13
7.278149e+13
9.227017e+13
1.06638e+14
1.154792e+14
1.185228e+14
1.156981e+14
1.071567e+14
9.328243e+13
7.46831e+13
5.207194e+13
8.954009e+13
1.144565e+14
1.326899e+14
1.438525e+14
1.47675e+14
1.440861e+14
1.332453e+14
1.155387e+14
9.152927e+13
6.180083e+13
8.954012e+13
1.144565e+14
1.3269e+14
1.438526e+14
1.476751e+14
1.440861e+14
1.332454e+14
1.155388e+14
9.152931e+13
6.180084e+13
5.602051e+13
7.024285e+13
8.094915e+13
8.759655e+13
8.989999e+13
8.778895e+13
8.140091e+13
7.111158e+13
5.763251e+13
4.224128e+13
7.27814e+13
9.227005e+13
1.066379e+14
1.15479e+14
1.185226e+14
1.156979e+14
1.071566e+14
9.328231e+13
7.468301e+13
5.207189e+13
5.602057e+13
7.024292e+13
8.094922e+13
8.759664e+13
8.990008e+13
8.778903e+13
8.140098e+13
7.111164e+13
5.763256e+13
4.224131e+13
8.954006e+13
1.144564e+14
1.326899e+14
1.438525e+14
1.47675e+14
1.44086e+14
1.332453e+14
1.155387e+14
9.152925e+13
6.180082e+13
7.278146e+13
9.227013e+13
1.06638e+14
1.154791e+14
1.185227e+14
1.15698e+14
1.071567e+14
9.328239e+13
7.468308e+13
5.207193e+13
8.954007e+13
1.144564e+14
1.326899e+14
1.438525e+14
1.47675e+14
1.440861e+14
1.332453e+14
1.155387e+14
9.152926e+13
6.180082e+13
5.602062e+13
7.024299e+13
8.094931e+13
8.759672e+13
8.990017e+13
8.778912e+13
8.140106e+13
7.111172e+13
5.763262e+13
4.224135e+13
5.602063e+13
7.0243e+13
8.094931e+13
8.759673e+13
8.990018e+13
8.778913e+13
8.140107e+13
7.111172e+13
5.763262e+13
4.224136e+13
7.278147e+13
9.227014e+13
1.06638e+14
1.154791e+14
1.185227e+14
1.15698e+14
1.071567e+14
9.328239e+13
7.468307e+13
5.207193e+13
7.278149e+13
9.227016e+13
1.06638e+14
1.154791e+14
1.185228e+14
1.15698e+14
1.071567e+14
9.328241e+13
7.468309e+13
5.207193e+13
8.954009e+13
1.144565e+14
1.326899e+14
1.438525e+14
1.47675e+14
1.440861e+14
1.332453e+14
1.155387e+14
9.152927e+13
6.180083e+13
8.95401e+13
1.144565e+14
1.326899e+14
1.438525e+14
1.47675e+14
1.440861e+14
1.332453e+14
1.155387e+14
9.152928e+13
6.180083e+13
5.866167e+13
7.073518e+13
7.994739e+13
8.573135e+13
8.772045e+13
8.579841e+13
8.009876e+13
7.101786e+13
5.923062e+13
4.535576e+13
7.634141e+13
9.501292e+13
1.087474e+14
1.172093e+14
1.201002e+14
1.173226e+14
1.090203e+14
9.556941e+13
7.749055e+13
5.500005e+13
4.985386e+13
6.048065e+13
6.857164e+13
7.364951e+13
7.540427e+13
7.374079e+13
6.878037e+13
6.087346e+13
5.06105e+13
3.863533e+13
8.318494e+13
1.051197e+14
1.211588e+14
1.309921e+14
1.343534e+14
1.311617e+14
1.215663e+14
1.059349e+14
8.476361e+13
5.837136e+13
5.283625e+13
6.531538e+13
7.471678e+13
8.057103e+13
8.259536e+13
8.071003e+13
7.504183e+13
6.594137e+13
5.402116e+13
4.018527e+13
7.037406e+13
8.867998e+13
1.021645e+14
1.104677e+14
1.133231e+14
1.106559e+14
1.026118e+14
8.956077e+13
7.206108e+13
5.06586e+13
8.318482e+13
1.051195e+14
1.211586e+14
1.30992e+14
1.343532e+14
1.311615e+14
1.215661e+14
1.059348e+14
8.476349e+13
5.837129e+13
7.634126e+13
9.501272e+13
1.087471e+14
1.172091e+14
1.200999e+14
1.173224e+14
1.0902e+14
9.55692e+13
7.74904e+13
5.499996e+13
7.03739e+13
8.867977e+13
1.021643e+14
1.104674e+14
1.133228e+14
1.106556e+14
1.026115e+14
8.956056e+13
7.206092e+13
5.065851e+13
5.866156e+13
7.073504e+13
7.994723e+13
8.573118e+13
8.772028e+13
8.579824e+13
8.00986e+13
7.101772e+13
5.923051e+13
4.535569e+13
5.283613e+13
6.531524e+13
7.471662e+13
8.057086e+13
8.259518e+13
8.070985e+13
7.504166e+13
6.594123e+13
5.402105e+13
4.01852e+13
4.98538e+13
6.048058e+13
6.857156e+13
7.364942e+13
7.540418e+13
7.37407e+13
6.878029e+13
6.087339e+13
5.061044e+13
3.863529e+13
4.98538e+13
6.048057e+13
6.857154e+13
7.364939e+13
7.540415e+13
7.374068e+13
6.878026e+13
6.087337e+13
5.061043e+13
3.863528e+13
5.283622e+13
6.531533e+13
7.471672e+13
8.057096e+13
8.259529e+13
8.070995e+13
7.504176e+13
6.594131e+13
5.402111e+13
4.018524e+13
7.037401e+13
8.867992e+13
1.021644e+14
1.104676e+14
1.13323e+14
1.106558e+14
1.026117e+14
8.956069e+13
7.206102e+13
5.065857e+13
5.866162e+13
7.073511e+13
7.99473e+13
8.573124e+13
8.772035e+13
8.57983e+13
8.009865e+13
7.101777e+13
5.923055e+13
4.535571e+13
8.31849e+13
1.051196e+14
1.211587e+14
1.309921e+14
1.343533e+14
1.311616e+14
1.215662e+14
1.059348e+14
8.476356e+13
5.837132e+13
7.634135e+13
9.501284e+13
1.087473e+14
1.172092e+14
1.201001e+14
1.173225e+14
1.090201e+14
9.556931e+13
7.749048e+13
5.5e+13
8.318495e+13
1.051197e+14
1.211588e+14
1.309922e+14
1.343534e+14
1.311617e+14
1.215663e+14
1.059349e+14
8.476362e+13
5.837136e+13
7.037406e+13
8.867999e+13
1.021645e+14
1.104677e+14
1.133231e+14
1.106559e+14
1.026118e+14
8.956078e+13
7.206109e+13
5.065861e+13
5.283625e+13
6.531538e+13
7.471678e+13
8.057102e+13
8.259535e+13
8.071001e+13
7.504182e+13
6.594136e+13
5.402115e+13
4.018527e+13
5.86617e+13
7.073521e+13
7.994741e+13
8.573137e+13
8.772048e+13
8.579843e+13
8.009877e+13
7.101788e+13
5.923064e+13
4.535577e+13
7.634144e+13
9.501295e+13
1.087474e+14
1.172094e+14
1.201002e+14
1.173227e+14
1.090203e+14
9.556943e+13
7.749057e+13
5.500006e+13
4.985387e+13
6.048065e+13
6.857164e+13
7.36495e+13
7.540426e+13
7.374078e+13
6.878036e+13
6.087346e+13
5.06105e+13
3.863533e+13
8.318482e+13
1.051195e+14
1.211586e+14
1.30992e+14
1.343532e+14
1.311615e+14
1.215661e+14
1.059348e+14
8.47635e+13
5.837129e+13
7.634123e+13
9.50127e+13
1.087471e+14
1.17209e+14
1.200999e+14
1.173224e+14
1.0902e+14
9.556919e+13
7.749038e+13
5.499995e+13
7.03739e+13
8.867979e+13
1.021643e+14
1.104674e+14
1.133229e+14
1.106556e+14
1.026115e+14
8.956058e+13
7.206093e+13
5.065852e+13
5.866153e+13
7.073501e+13
7.994719e+13
8.573113e+13
8.772024e+13
8.579819e+13
8.009856e+13
7.101768e+13
5.923048e+13
4.535566e+13
5.283612e+13
6.531523e+13
7.471661e+13
8.057085e+13
8.259517e+13
8.070984e+13
7.504165e+13
6.594122e+13
5.402104e+13
4.01852e+13
4.985378e+13
6.048055e+13
6.857153e+13
7.364939e+13
7.540415e+13
7.374067e+13
6.878026e+13
6.087337e+13
5.061042e+13
3.863528e+13
4.985381e+13
6.048058e+13
6.857156e+13
7.364941e+13
7.540417e+13
7.37407e+13
6.878028e+13
6.087338e+13
5.061044e+13
3.86353e+13
5.283622e+13
6.531534e+13
7.471673e+13
8.057097e+13
8.25953e+13
8.070996e+13
7.504177e+13
6.594132e+13
5.402112e+13
4.018525e+13
5.866164e+13
7.073513e+13
7.994732e+13
8.573127e+13
8.772038e+13
8.579833e+13
8.009868e+13
7.101779e+13
5.923057e+13
4.535573e+13
7.634138e+13
9.501287e+13
1.087473e+14
1.172092e+14
1.201001e+14
1.173225e+14
1.090202e+14
9.556934e+13
7.74905e+13
5.500002e+13
8.318491e+13
1.051197e+14
1.211587e+14
1.309921e+14
1.343533e+14
1.311616e+14
1.215662e+14
1.059349e+14
8.476358e+13
5.837134e+13
7.037402e+13
8.867993e+13
1.021645e+14
1.104676e+14
1.13323e+14
1.106558e+14
1.026117e+14
8.956071e+13
7.206104e+13
5.065858e+13
3.864739e-305
4.514654e-305
5.034981e-305
5.368153e-305
5.483037e-305
5.369495e-305
5.036504e-305
4.512469e-305
3.847153e-305
3.11427e-305
3.984497e-305
4.668712e-305
5.216875e-305
5.56762e-305
5.688688e-305
5.569827e-305
5.220625e-305
4.671514e-305
3.978308e-305
3.231158e-305
4.708981e-305
5.566464e-305
6.240457e-305
6.667365e-305
6.813866e-305
6.669242e-305
6.243979e-305
5.570996e-305
4.712735e-305
3.795758e-305
4.224091e-305
4.95871e-305
5.539302e-305
5.908978e-305
6.036112e-305
5.910271e-305
5.540944e-305
4.957779e-305
4.212285e-305
3.38557e-305
4.900162e-305
5.817035e-305
6.537505e-305
6.993136e-305
7.149525e-305
6.995895e-305
6.54332e-305
5.826705e-305
4.915388e-305
3.9612e-305
4.530912e-305
5.358612e-305
6.013158e-305
6.428947e-305
6.572142e-305
6.432165e-305
6.019764e-305
5.368793e-305
4.544411e-305
3.672361e-305
4.224091e-305
4.958711e-305
5.539304e-305
5.908979e-305
6.036114e-305
5.910273e-305
5.540946e-305
4.95778e-305
4.212285e-305
3.385571e-305
4.900156e-305
5.817028e-305
6.537498e-305
6.993129e-305
7.149517e-305
6.995887e-305
6.543313e-305
5.826698e-305
4.915382e-305
3.961195e-305
4.530909e-305
5.358608e-305
6.013155e-305
6.428944e-305
6.572139e-305
6.432162e-305
6.019761e-305
5.368791e-305
4.544408e-305
3.672359e-305
4.70898e-305
5.566463e-305
6.240456e-305
6.667365e-305
6.813866e-305
6.669242e-305
6.243979e-305
5.570995e-305
4.712734e-305
3.795757e-305
3.864739e-305
4.514655e-305
5.034982e-305
5.368154e-305
5.483039e-305
5.369496e-305
5.036505e-305
4.512469e-305
3.847154e-305
3.11427e-305
3.984496e-305
4.668712e-305
5.216876e-305
5.567621e-305
5.688689e-305
5.569828e-305
5.220626e-305
4.671515e-305
3.978308e-305
3.231158e-305
4.900158e-305
5.817029e-305
6.537498e-305
6.993129e-305
7.149517e-305
6.995887e-305
6.543312e-305
5.826698e-305
4.915382e-305
3.961195e-305
4.224087e-305
4.958704e-305
5.539296e-305
5.908971e-305
6.036105e-305
5.910264e-305
5.540937e-305
4.957773e-305
4.21228e-305
3.385567e-305
4.708977e-305
5.566459e-305
6.24045e-305
6.667358e-305
6.813858e-305
6.669234e-305
6.243972e-305
5.570989e-305
4.71273e-305
3.795754e-305
4.530907e-305
5.358605e-305
6.01315e-305
6.428938e-305
6.572133e-305
6.432156e-305
6.019755e-305
5.368786e-305
4.544405e-305
3.672357e-305
3.984491e-305
4.668706e-305
5.216867e-305
5.567612e-305
5.688679e-305
5.569818e-305
5.220617e-305
4.671507e-305
3.978302e-305
3.231154e-305
3.864736e-305
4.514649e-305
5.034976e-305
5.368147e-305
5.483031e-305
5.369488e-305
5.036498e-305
4.512463e-305
3.847149e-305
3.114266e-305
4.530915e-305
5.358614e-305
6.013161e-305
6.42895e-305
6.572145e-305
6.432168e-305
6.019766e-305
5.368795e-305
4.544412e-305
3.672362e-305
3.984499e-305
4.668715e-305
5.216878e-305
5.567623e-305
5.688691e-305
5.56983e-305
5.220627e-305
4.671516e-305
3.978309e-305
3.231159e-305
4.224094e-305
4.958713e-305
5.539307e-305
5.908982e-305
6.036117e-305
5.910276e-305
5.540948e-305
4.957782e-305
4.212287e-305
3.385572e-305
4.900165e-305
5.817038e-305
6.537509e-305
6.99314e-305
7.149528e-305
6.995898e-305
6.543323e-305
5.826707e-305
4.91539e-305
3.961202e-305
3.864743e-305
4.514658e-305
5.034986e-305
5.368157e-305
5.483042e-305
5.369499e-305
5.036508e-305
4.512472e-305
3.847156e-305
3.114272e-305
4.708985e-305
5.566469e-305
6.240462e-305
6.667371e-305
6.813872e-305
6.669247e-305
6.243984e-305
5.571e-305
4.712738e-305
3.79576e-305
4.530906e-305
5.358605e-305
6.01315e-305
6.428939e-305
6.572134e-305
6.432157e-305
6.019756e-305
5.368786e-305
4.544404e-305
3.672356e-305
4.900153e-305
5.817025e-305
6.537494e-305
6.993124e-305
7.149512e-305
6.995882e-305
6.543308e-305
5.826694e-305
4.915379e-305
3.961193e-305
4.708976e-305
5.566459e-305
6.240451e-305
6.667359e-305
6.81386e-305
6.669235e-305
6.243973e-305
5.57099e-305
4.71273e-305
3.795753e-305
3.984493e-305
4.668708e-305
5.216871e-305
5.567616e-305
5.688683e-305
5.569822e-305
5.22062e-305
4.67151e-305
3.978304e-305
3.231155e-305
4.224088e-305
4.958706e-305
5.539299e-305
5.908974e-305
6.036108e-305
5.910267e-305
5.54094e-305
4.957775e-305
4.212281e-305
3.385568e-305
3.864736e-305
4.514651e-305
5.034977e-305
5.368149e-305
5.483033e-305
5.36949e-305
5.0365e-305
4.512465e-305
3.84715e-305
3.114267e-305
4.224088e-305
4.958705e-305
5.539297e-305
5.908972e-305
6.036106e-305
5.910265e-305
5.540938e-305
4.957774e-305
4.212281e-305
3.385567e-305
4.708978e-305
5.56646e-305
6.240452e-305
6.66736e-305
6.813861e-305
6.669236e-305
6.243974e-305
5.570991e-305
4.712731e-305
3.795755e-305
3.864736e-305
4.51465e-305
5.034976e-305
5.368147e-305
5.483031e-305
5.369489e-305
5.036499e-305
4.512464e-305
3.84715e-305
3.114267e-305
4.900159e-305
5.817031e-305
6.5375e-305
6.99313e-305
7.149519e-305
6.995889e-305
6.543314e-305
5.826699e-305
4.915384e-305
3.961197e-305
3.984493e-305
4.668707e-305
5.216869e-305
5.567614e-305
5.688681e-305
5.56982e-305
5.220619e-305
4.671509e-305
3.978303e-305
3.231155e-305
4.530908e-305
5.358606e-305
6.013151e-305
6.42894e-305
6.572135e-305
6.432158e-305
6.019757e-305
5.368787e-305
4.544406e-305
3.672357e-305
1.032577e-305
1.193398e-305
1.323184e-305
1.406324e-305
1.434778e-305
1.405688e-305
1.320788e-305
1.186075e-305
1.012959e-305
8.291702e-306
1.032577e-305
1.193398e-305
1.323184e-305
1.406325e-305
1.434778e-305
1.405688e-305
1.320788e-305
1.186075e-305
1.012959e-305
8.291703e-306
1.443344e-306
1.660065e-306
1.836771e-306
1.95055e-306
1.989462e-306
1.94929e-306
1.832432e-306
1.647855e-306
1.414134e-306
1.170841e-306
2.914474e-306
3.358973e-306
3.719976e-306
3.9519e-306
4.03124e-306
3.949694e-306
3.712104e-306
3.336016e-306
2.856821e-306
2.355369e-306
1.530389e-305
1.777219e-305
1.973464e-305
2.098402e-305
2.141108e-305
2.097578e-305
1.970319e-305
1.76756e-305
1.503501e-305
1.218535e-305
2.914475e-306
3.358975e-306
3.719978e-306
3.951902e-306
4.031243e-306
3.949696e-306
3.712106e-306
3.336018e-306
2.856822e-306
2.35537e-306
1.032576e-305
1.193397e-305
1.323183e-305
1.406323e-305
1.434776e-305
1.405687e-305
1.320787e-305
1.186074e-305
1.012958e-305
8.291693e-306
1.443343e-306
1.660063e-306
1.83677e-306
1.950549e-306
1.98946e-306
1.949289e-306
1.832431e-306
1.647854e-306
1.414133e-306
1.170839e-306
1.032576e-305
1.193396e-305
1.323182e-305
1.406323e-305
1.434776e-305
1.405686e-305
1.320786e-305
1.186074e-305
1.012958e-305
8.291691e-306
2.914473e-306
3.358974e-306
3.719977e-306
3.951902e-306
4.031243e-306
3.949696e-306
3.712106e-306
3.336017e-306
2.856821e-306
2.355369e-306
1.530387e-305
1.777217e-305
1.973462e-305
2.0984e-305
2.141106e-305
2.097575e-305
1.970316e-305
1.767558e-305
1.503499e-305
1.218534e-305
2.914472e-306
3.35897e-306
3.719972e-306
3.951895e-306
4.031236e-306
3.949689e-306
3.712099e-306
3.336012e-306
2.856817e-306
2.355366e-306
2.914478e-306
3.358979e-306
3.719982e-306
3.951907e-306
4.031247e-306
3.9497e-306
3.71211e-306
3.336021e-306
2.856824e-306
2.35537e-306
1.032578e-305
1.193398e-305
1.323184e-305
1.406325e-305
1.434778e-305
1.405688e-305
1.320788e-305
1.186075e-305
1.012959e-305
8.291702e-306
1.443345e-306
1.660066e-306
1.836772e-306
1.950551e-306
1.989463e-306
1.949292e-306
1.832433e-306
1.647857e-306
1.414136e-306
1.170841e-306
1.530389e-305
1.77722e-305
1.973464e-305
2.098402e-305
2.141108e-305
2.097578e-305
1.970319e-305
1.76756e-305
1.503501e-305
1.218535e-305
1.032578e-305
1.193398e-305
1.323184e-305
1.406325e-305
1.434778e-305
1.405688e-305
1.320789e-305
1.186076e-305
1.01296e-305
8.291705e-306
2.914477e-306
3.358978e-306
3.719982e-306
3.951906e-306
4.031247e-306
3.9497e-306
3.71211e-306
3.336022e-306
2.856825e-306
2.355372e-306
1.443344e-306
1.660065e-306
1.836772e-306
1.950551e-306
1.989463e-306
1.949291e-306
1.832433e-306
1.647856e-306
1.414135e-306
1.170841e-306
1.530389e-305
1.777219e-305
1.973464e-305
2.098402e-305
2.141108e-305
2.097578e-305
1.970319e-305
1.76756e-305
1.503501e-305
1.218535e-305
2.914474e-306
3.358974e-306
3.719977e-306
3.951901e-306
4.031242e-306
3.949695e-306
3.712105e-306
3.336017e-306
2.85682e-306
2.355368e-306
1.032577e-305
1.193397e-305
1.323183e-305
1.406324e-305
1.434777e-305
1.405687e-305
1.320787e-305
1.186075e-305
1.012959e-305
8.291699e-306
1.032577e-305
1.193397e-305
1.323183e-305
1.406323e-305
1.434777e-305
1.405687e-305
1.320787e-305
1.186074e-305
1.012959e-305
8.291696e-306
2.914473e-306
3.358974e-306
3.719977e-306
3.951902e-306
4.031243e-306
3.949696e-306
3.712106e-306
3.336018e-306
2.856822e-306
2.355369e-306
1.443343e-306
1.660062e-306
1.836768e-306
1.950547e-306
1.989458e-306
1.949287e-306
1.832429e-306
1.647852e-306
1.414132e-306
1.170839e-306
1.032576e-305
1.193396e-305
1.323182e-305
1.406322e-305
1.434776e-305
1.405686e-305
1.320786e-305
1.186073e-305
1.012958e-305
8.29169e-306
2.914471e-306
3.358968e-306
3.71997e-306
3.951893e-306
4.031233e-306
3.949686e-306
3.712096e-306
3.336009e-306
2.856815e-306
2.355365e-306
1.032577e-305
1.193397e-305
1.323183e-305
1.406323e-305
1.434776e-305
1.405686e-305
1.320787e-305
1.186074e-305
1.012958e-305
8.291695e-306
1.530388e-305
1.777218e-305
1.973462e-305
2.0984e-305
2.141106e-305
2.097575e-305
1.970317e-305
1.767558e-305
1.503499e-305
1.218534e-305
2.914473e-306
3.358971e-306
3.719973e-306
3.951897e-306
4.031237e-306
3.94969e-306
3.7121e-306
3.336012e-306
2.856818e-306
2.355367e-306
1.443344e-306
1.660064e-306
1.836771e-306
1.95055e-306
1.989461e-306
1.94929e-306
1.832431e-306
1.647855e-306
1.414134e-306
1.17084e-306
1.032577e-305
1.193397e-305
1.323183e-305
1.406323e-305
1.434776e-305
1.405686e-305
1.320787e-305
1.186074e-305
1.012958e-305
8.291693e-306
1.530389e-305
1.777219e-305
1.973464e-305
2.098402e-305
2.141108e-305
2.097577e-305
1.970318e-305
1.767559e-305
1.5035e-305
1.218535e-305
2.914475e-306
3.358976e-306
3.719979e-306
3.951904e-306
4.031245e-306
3.949698e-306
3.712108e-306
3.336019e-306
2.856822e-306
2.355369e-306
2.914473e-306
3.358971e-306
3.719973e-306
3.951896e-306
4.031236e-306
3.949688e-306
3.712099e-306
3.336011e-306
2.856817e-306
2.355367e-306
1.032577e-305
1.193398e-305
1.323184e-305
1.406325e-305
1.434778e-305
1.405688e-305
1.320789e-305
1.186076e-305
1.01296e-305
8.291702e-306
1.314708e-305
1.523764e-305
1.691474e-305
1.798892e-305
1.835747e-305
1.798419e-305
1.689301e-305
1.516203e-305
1.292009e-305
1.039838e-305
4.687273e-306
5.422131e-306
6.015342e-306
6.396639e-306
6.527688e-306
6.395131e-306
6.007746e-306
5.394279e-306
4.601365e-306
3.699499e-306
2.494916e-305
2.908699e-305
3.236087e-305
3.444945e-305
3.516687e-305
3.444749e-305
3.23401e-305
2.899448e-305
2.462221e-305
1.946827e-305
1.870464e-305
2.173139e-305
2.417646e-305
2.575018e-305
2.629382e-305
2.57547e-305
2.41747e-305
2.168453e-305
1.848084e-305
1.468896e-305
5.789385e-306
6.708667e-306
7.4529e-306
7.932536e-306
8.098093e-306
7.932878e-306
7.449199e-306
6.685814e-306
5.69996e-306
4.534469e-306
3.174073e-305
3.698417e-305
4.119032e-305
4.388712e-305
4.481693e-305
4.38944e-305
4.119077e-305
3.692991e-305
3.147465e-305
2.514854e-305
2.494914e-305
2.908695e-305
3.236082e-305
3.44494e-305
3.516682e-305
3.444744e-305
3.234005e-305
2.899443e-305
2.462218e-305
1.946824e-305
1.314707e-305
1.523763e-305
1.691472e-305
1.79889e-305
1.835745e-305
1.798417e-305
1.689299e-305
1.516201e-305
1.292008e-305
1.039837e-305
3.174069e-305
3.698411e-305
4.119024e-305
4.388703e-305
4.481684e-305
4.389431e-305
4.119069e-305
3.692984e-305
3.147459e-305
2.51485e-305
5.789374e-306
6.708651e-306
7.452879e-306
7.932512e-306
8.098068e-306
7.932853e-306
7.449176e-306
6.685796e-306
5.699947e-306
4.534459e-306
1.870461e-305
2.173136e-305
2.417641e-305
2.575013e-305
2.629376e-305
2.575464e-305
2.417465e-305
2.168448e-305
1.848081e-305
1.468893e-305
4.687269e-306
5.422124e-306
6.015333e-306
6.39663e-306
6.527678e-306
6.395122e-306
6.007737e-306
5.394271e-306
4.601357e-306
3.699493e-306
3.174074e-305
3.698418e-305
4.119033e-305
4.388713e-305
4.481694e-305
4.389441e-305
4.119078e-305
3.692993e-305
3.147466e-305
2.514855e-305
1.870464e-305
2.17314e-305
2.417646e-305
2.575019e-305
2.629382e-305
2.57547e-305
2.41747e-305
2.168453e-305
1.848085e-305
1.468896e-305
5.789386e-306
6.708666e-306
7.452898e-306
7.932533e-306
8.098091e-306
7.932876e-306
7.449197e-306
6.685814e-306
5.699962e-306
4.53447e-306
2.494919e-305
2.908701e-305
3.236089e-305
3.444948e-305
3.51669e-305
3.444751e-305
3.234012e-305
2.89945e-305
2.462223e-305
1.946828e-305
1.314709e-305
1.523765e-305
1.691474e-305
1.798893e-305
1.835748e-305
1.79842e-305
1.689302e-305
1.516204e-305
1.29201e-305
1.039838e-305
4.687273e-306
5.42213e-306
6.015339e-306
6.396636e-306
6.527685e-306
6.395129e-306
6.007744e-306
5.394278e-306
4.601364e-306
3.699498e-306
1.870463e-305
2.173138e-305
2.417644e-305
2.575017e-305
2.62938e-305
2.575468e-305
2.417469e-305
2.168452e-305
1.848084e-305
1.468895e-305
4.687268e-306
5.422125e-306
6.015335e-306
6.396631e-306
6.52768e-306
6.395124e-306
6.00774e-306
5.394274e-306
4.60136e-306
3.699496e-306
5.789381e-306
6.70866e-306
7.452891e-306
7.932526e-306
8.098084e-306
7.932869e-306
7.44919e-306
6.685807e-306
5.699955e-306
4.534465e-306
1.314707e-305
1.523763e-305
1.691473e-305
1.798891e-305
1.835746e-305
1.798418e-305
1.689301e-305
1.516202e-305
1.292009e-305
1.039838e-305
2.494915e-305
2.908697e-305
3.236085e-305
3.444944e-305
3.516686e-305
3.444747e-305
3.234008e-305
2.899446e-305
2.46222e-305
1.946826e-305
3.174072e-305
3.698416e-305
4.119031e-305
4.388711e-305
4.481692e-305
4.389439e-305
4.119076e-305
3.69299e-305
3.147464e-305
2.514854e-305
1.314707e-305
1.523762e-305
1.691471e-305
1.79889e-305
1.835744e-305
1.798416e-305
1.689299e-305
1.516201e-305
1.292007e-305
1.039837e-305
4.687267e-306
5.422122e-306
6.01533e-306
6.396625e-306
6.527674e-306
6.395118e-306
6.007734e-306
5.394269e-306
4.601357e-306
3.699494e-306
5.789375e-306
6.708652e-306
7.452881e-306
7.932514e-306
8.098071e-306
7.932856e-306
7.449179e-306
6.685798e-306
5.699949e-306
4.534461e-306
2.494914e-305
2.908696e-305
3.236083e-305
3.444941e-305
3.516683e-305
3.444744e-305
3.234006e-305
2.899444e-305
2.462218e-305
1.946825e-305
1.870462e-305
2.173137e-305
2.417642e-305
2.575015e-305
2.629378e-305
2.575466e-305
2.417466e-305
2.16845e-305
1.848082e-305
1.468894e-305
3.17407e-305
3.698413e-305
4.119027e-305
4.388706e-305
4.481686e-305
4.389434e-305
4.119071e-305
3.692986e-305
3.147461e-305
2.514851e-305
1.314707e-305
1.523763e-305
1.691472e-305
1.79889e-305
1.835745e-305
1.798417e-305
1.689299e-305
1.516201e-305
1.292008e-305
1.039837e-305
4.687265e-306
5.422119e-306
6.015327e-306
6.396623e-306
6.527672e-306
6.395116e-306
6.007732e-306
5.394268e-306
4.601357e-306
3.699495e-306
5.789374e-306
6.708652e-306
7.452881e-306
7.932514e-306
8.098072e-306
7.932857e-306
7.44918e-306
6.6858e-306
5.699951e-306
4.534463e-306
2.494915e-305
2.908697e-305
3.236085e-305
3.444943e-305
3.516685e-305
3.444747e-305
3.234008e-305
2.899446e-305
2.46222e-305
1.946826e-305
1.870462e-305
2.173137e-305
2.417642e-305
2.575015e-305
2.629378e-305
2.575466e-305
2.417467e-305
2.16845e-305
1.848083e-305
1.468894e-305
3.174071e-305
3.698414e-305
4.119028e-305
4.388707e-305
4.481688e-305
4.389436e-305
4.119073e-305
3.692988e-305
3.147462e-305
2.514853e-305
6.046285e-306
7.127784e-306
8.005299e-306
8.569104e-306
8.765666e-306
8.579234e-306
8.02624e-306
7.158111e-306
6.07344e-306
4.942085e-306
1.813415e-305
2.152734e-305
2.426344e-305
2.60134e-305
2.662331e-305
2.604925e-305
2.434118e-305
2.165429e-305
1.829918e-305
1.488688e-305
6.284626e-306
7.329267e-306
8.177099e-306
8.723533e-306
8.91315e-306
8.72833e-306
8.18444e-306
7.329428e-306
6.241874e-306
5.005307e-306
3.086315e-305
3.667081e-305
4.128028e-305
4.421199e-305
4.522835e-305
4.425766e-305
4.137833e-305
3.682898e-305
3.105005e-305
2.487238e-305
1.934339e-305
2.253973e-305
2.512438e-305
2.678752e-305
2.736313e-305
2.67976e-305
2.513668e-305
2.252328e-305
1.918562e-305
1.532293e-305
3.382054e-305
3.963859e-305
4.431228e-305
4.7306e-305
4.834124e-305
4.73302e-305
4.435552e-305
3.967703e-305
3.37551e-305
2.716904e-305
6.046269e-306
7.127763e-306
8.005272e-306
8.569074e-306
8.765634e-306
8.579202e-306
8.026211e-306
7.158086e-306
6.07342e-306
4.94207e-306
1.81341e-305
2.152728e-305
2.426335e-305
2.601331e-305
2.662321e-305
2.604916e-305
2.434109e-305
2.165421e-305
1.829912e-305
1.488683e-305
6.284613e-306
7.329249e-306
8.177076e-306
8.723506e-306
8.913122e-306
8.728303e-306
8.184415e-306
7.329406e-306
6.241857e-306
5.005294e-306
1.934337e-305
2.253969e-305
2.512433e-305
2.678746e-305
2.736307e-305
2.679754e-305
2.513662e-305
2.252323e-305
1.918558e-305
1.532291e-305
3.08631e-305
3.667075e-305
4.128019e-305
4.42119e-305
4.522824e-305
4.425756e-305
4.137824e-305
3.68289e-305
3.104999e-305
2.487233e-305
3.382049e-305
3.963853e-305
4.431219e-305
4.73059e-305
4.834114e-305
4.73301e-305
4.435542e-305
3.967695e-305
3.375504e-305
2.716898e-305
1.934339e-305
2.253973e-305
2.512438e-305
2.678752e-305
2.736313e-305
2.67976e-305
2.513668e-305
2.252328e-305
1.918562e-305
1.532294e-305
3.382055e-305
3.96386e-305
4.431228e-305
4.7306e-305
4.834125e-305
4.73302e-305
4.435552e-305
3.967703e-305
3.375511e-305
2.716904e-305
1.813414e-305
2.152732e-305
2.426341e-305
2.601337e-305
2.662328e-305
2.604922e-305
2.434115e-305
2.165427e-305
1.829916e-305
1.488687e-305
6.284631e-306
7.329272e-306
8.177106e-306
8.72354e-306
8.913158e-306
8.728338e-306
8.184448e-306
7.329435e-306
6.241879e-306
5.005309e-306
3.086315e-305
3.66708e-305
4.128027e-305
4.421198e-305
4.522833e-305
4.425765e-305
4.137832e-305
3.682897e-305
3.105004e-305
2.487237e-305
6.046285e-306
7.127781e-306
8.005295e-306
8.5691e-306
8.765661e-306
8.579229e-306
8.026236e-306
7.158108e-306
6.073439e-306
4.942084e-306
6.046281e-306
7.127779e-306
8.005291e-306
8.569096e-306
8.765657e-306
8.579225e-306
8.026232e-306
7.158104e-306
6.073435e-306
4.942081e-306
6.284621e-306
7.32926e-306
8.17709e-306
8.723523e-306
8.91314e-306
8.728321e-306
8.184432e-306
7.329421e-306
6.241869e-306
5.005303e-306
1.934338e-305
2.253971e-305
2.512436e-305
2.67875e-305
2.736312e-305
2.679758e-305
2.513666e-305
2.252327e-305
1.918561e-305
1.532292e-305
1.813414e-305
2.152733e-305
2.426342e-305
2.601338e-305
2.662328e-305
2.604923e-305
2.434116e-305
2.165427e-305
1.829916e-305
1.488687e-305
3.382053e-305
3.963858e-305
4.431227e-305
4.730599e-305
4.834123e-305
4.733019e-305
4.435551e-305
3.967702e-305
3.375509e-305
2.716903e-305
3.086315e-305
3.667081e-305
4.128027e-305
4.421199e-305
4.522834e-305
4.425766e-305
4.137833e-305
3.682898e-305
3.105005e-305
2.487238e-305
3.382051e-305
3.963855e-305
4.431222e-305
4.730594e-305
4.834118e-305
4.733014e-305
4.435546e-305
3.967698e-305
3.375507e-305
2.716901e-305
3.086313e-305
3.667078e-305
4.128023e-305
4.421194e-305
4.522829e-305
4.425761e-305
4.137828e-305
3.682893e-305
3.105002e-305
2.487236e-305
1.934338e-305
2.253971e-305
2.512435e-305
2.678749e-305
2.73631e-305
2.679756e-305
2.513665e-305
2.252325e-305
1.91856e-305
1.532292e-305
1.813411e-305
2.152729e-305
2.426337e-305
2.601333e-305
2.662323e-305
2.604917e-305
2.434111e-305
2.165422e-305
1.829913e-305
1.488685e-305
6.284619e-306
7.329257e-306
8.177085e-306
8.723516e-306
8.913133e-306
8.728313e-306
8.184423e-306
7.329413e-306
6.241863e-306
5.005299e-306
6.046272e-306
7.127765e-306
8.005274e-306
8.569077e-306
8.765638e-306
8.579206e-306
8.026214e-306
7.158089e-306
6.073424e-306
4.942074e-306
1.813412e-305
2.152729e-305
2.426337e-305
2.601333e-305
2.662324e-305
2.604918e-305
2.434112e-305
2.165424e-305
1.829914e-305
1.488685e-305
3.086311e-305
3.667076e-305
4.128021e-305
4.421192e-305
4.522827e-305
4.425758e-305
4.137826e-305
3.682892e-305
3.105001e-305
2.487235e-305
6.046275e-306
7.127768e-306
8.005278e-306
8.569083e-306
8.765644e-306
8.579212e-306
8.02622e-306
7.158095e-306
6.07343e-306
4.94208e-306
3.382051e-305
3.963854e-305
4.431221e-305
4.730592e-305
4.834117e-305
4.733012e-305
4.435544e-305
3.967697e-305
3.375506e-305
2.7169e-305
6.284618e-306
7.329255e-306
8.177084e-306
8.723515e-306
8.913132e-306
8.728312e-306
8.184424e-306
7.329415e-306
6.241865e-306
5.0053e-306
1.934337e-305
2.25397e-305
2.512434e-305
2.678748e-305
2.736309e-305
2.679755e-305
2.513664e-305
2.252325e-305
1.918559e-305
1.532291e-305
6.106935e-306
7.374926e-306
8.405002e-306
9.063893e-306
9.295517e-306
9.086211e-306
8.45574e-306
7.466125e-306
6.256366e-306
5.115155e-306
1.863436e-305
2.2652e-305
2.588721e-305
2.794529e-305
2.866704e-305
2.80146e-305
2.604593e-305
2.294024e-305
1.910483e-305
1.546734e-305
1.81799e-305
2.184201e-305
2.478878e-305
2.666643e-305
2.732258e-305
2.67173e-305
2.490324e-305
2.204328e-305
1.848821e-305
1.500844e-305
3.182718e-305
3.907666e-305
4.47857e-305
4.837987e-305
4.963309e-305
4.849136e-305
4.504356e-305
3.955336e-305
3.260351e-305
2.568982e-305
6.016013e-306
7.215035e-306
8.188484e-306
8.811686e-306
9.030264e-306
8.830233e-306
8.230185e-306
7.288468e-306
6.132128e-306
5.019471e-306
3.105687e-305
3.787566e-305
4.3249e-305
4.663634e-305
4.781593e-305
4.673176e-305
4.346871e-305
3.827921e-305
3.170553e-305
2.510733e-305
6.106893e-306
7.374875e-306
8.404942e-306
9.063828e-306
9.29545e-306
9.086146e-306
8.45568e-306
7.466073e-306
6.256323e-306
5.115121e-306
1.863428e-305
2.265191e-305
2.58871e-305
2.794517e-305
2.866691e-305
2.801448e-305
2.604582e-305
2.294015e-305
1.910476e-305
1.546729e-305
6.015972e-306
7.214985e-306
8.188424e-306
8.81162e-306
9.030196e-306
8.830167e-306
8.230124e-306
7.288415e-306
6.132082e-306
5.019433e-306
3.182711e-305
3.907657e-305
4.478559e-305
4.837974e-305
4.963296e-305
4.849123e-305
4.504344e-305
3.955326e-305
3.260344e-305
2.568977e-305
1.817979e-305
2.184188e-305
2.478862e-305
2.666626e-305
2.73224e-305
2.671713e-305
2.490308e-305
2.204314e-305
1.84881e-305
1.500836e-305
3.10568e-305
3.787556e-305
4.324888e-305
4.663621e-305
4.78158e-305
4.673162e-305
4.346858e-305
3.82791e-305
3.170544e-305
2.510727e-305
1.817986e-305
2.184197e-305
2.478872e-305
2.666637e-305
2.732252e-305
2.671724e-305
2.490319e-305
2.204323e-305
1.848817e-305
1.500841e-305
6.016e-306
7.21502e-306
8.188467e-306
8.811668e-306
9.030247e-306
8.830216e-306
8.23017e-306
7.288456e-306
6.132119e-306
5.019462e-306
1.863436e-305
2.2652e-305
2.588721e-305
2.794529e-305
2.866704e-305
2.80146e-305
2.604593e-305
2.294025e-305
1.910484e-305
1.546735e-305
3.105686e-305
3.787563e-305
4.324897e-305
4.66363e-305
4.781589e-305
4.673171e-305
4.346867e-305
3.827918e-305
3.17055e-305
2.510731e-305
6.106915e-306
7.374897e-306
8.404968e-306
9.063857e-306
9.295481e-306
9.086176e-306
8.455708e-306
7.466098e-306
6.256348e-306
5.115146e-306
3.182722e-305
3.907671e-305
4.478575e-305
4.837992e-305
4.963315e-305
4.849141e-305
4.504361e-305
3.955341e-305
3.260356e-305
2.568985e-305
1.817988e-305
2.184199e-305
2.478875e-305
2.66664e-305
2.732255e-305
2.671727e-305
2.490321e-305
2.204325e-305
1.848819e-305
1.500843e-305
3.105685e-305
3.787564e-305
4.324897e-305
4.663631e-305
4.78159e-305
4.673172e-305
4.346867e-305
3.827918e-305
3.17055e-305
2.510731e-305
3.182718e-305
3.907667e-305
4.478571e-305
4.837987e-305
4.963309e-305
4.849136e-305
4.504356e-305
3.955336e-305
3.260351e-305
2.568981e-305
6.016003e-306
7.215023e-306
8.188467e-306
8.811666e-306
9.030244e-306
8.830213e-306
8.230167e-306
7.288454e-306
6.132117e-306
5.019463e-306
6.106925e-306
7.374916e-306
8.404989e-306
9.063878e-306
9.295502e-306
9.086197e-306
8.455728e-306
7.466117e-306
6.256362e-306
5.115152e-306
1.863434e-305
2.265199e-305
2.58872e-305
2.794527e-305
2.866702e-305
2.801459e-305
2.604592e-305
2.294024e-305
1.910483e-305
1.546734e-305
1.81798e-305
2.184188e-305
2.478862e-305
2.666626e-305
2.73224e-305
2.671713e-305
2.490308e-305
2.204314e-305
1.84881e-305
1.500836e-305
3.10568e-305
3.787556e-305
4.324888e-305
4.66362e-305
4.781578e-305
4.673161e-305
4.346857e-305
3.827909e-305
3.170544e-305
2.510727e-305
3.182713e-305
3.90766e-305
4.478562e-305
4.837977e-305
4.963299e-305
4.849127e-305
4.504347e-305
3.955329e-305
3.260346e-305
2.568978e-305
6.015969e-306
7.214979e-306
8.188418e-306
8.811614e-306
9.03019e-306
8.830161e-306
8.230119e-306
7.288413e-306
6.132083e-306
5.019436e-306
1.863428e-305
2.265191e-305
2.588711e-305
2.794518e-305
2.866692e-305
2.801449e-305
2.604583e-305
2.294016e-305
1.910477e-305
1.54673e-305
6.106888e-306
7.374867e-306
8.404933e-306
9.063819e-306
9.295442e-306
9.086138e-306
8.455673e-306
7.466069e-306
6.256324e-306
5.115123e-306
1.817985e-305
2.184194e-305
2.478869e-305
2.666634e-305
2.732249e-305
2.671721e-305
2.490316e-305
2.204321e-305
1.848816e-305
1.50084e-305
6.015994e-306
7.21501e-306
8.188453e-306
8.811652e-306
9.03023e-306
8.8302e-306
8.230155e-306
7.288444e-306
6.13211e-306
5.019458e-306
1.863435e-305
2.265199e-305
2.588719e-305
2.794526e-305
2.866701e-305
2.801458e-305
2.60459e-305
2.294022e-305
1.910482e-305
1.546734e-305
3.105683e-305
3.787561e-305
4.324893e-305
4.663626e-305
4.781585e-305
4.673167e-305
4.346863e-305
3.827914e-305
3.170548e-305
2.51073e-305
6.106908e-306
7.374884e-306
8.404951e-306
9.063838e-306
9.295461e-306
9.086156e-306
8.455689e-306
7.466083e-306
6.256338e-306
5.115141e-306
3.182722e-305
3.90767e-305
4.478574e-305
4.83799e-305
4.963312e-305
4.849139e-305
4.504359e-305
3.955339e-305
3.260354e-305
2.568984e-305
3.105683e-305
3.787561e-305
4.324894e-305
4.663627e-305
4.781586e-305
4.673169e-305
4.346865e-305
3.827915e-305
3.170548e-305
2.51073e-305
1.817982e-305
2.184191e-305
2.478866e-305
2.66663e-305
2.732245e-305
2.671717e-305
2.490313e-305
2.204318e-305
1.848813e-305
1.500838e-305
1.86343e-305
2.265194e-305
2.588714e-305
2.794521e-305
2.866696e-305
2.801452e-305
2.604585e-305
2.294018e-305
1.910478e-305
1.546731e-305
3.182716e-305
3.907663e-305
4.478567e-305
4.837983e-305
4.963305e-305
4.849132e-305
4.504352e-305
3.955333e-305
3.260349e-305
2.56898e-305
6.01598e-306
7.214996e-306
8.18844e-306
8.811638e-306
9.030216e-306
8.830186e-306
8.230141e-306
7.28843e-306
6.132096e-306
5.019443e-306
6.106898e-306
7.37488e-306
8.40495e-306
9.063837e-306
9.29546e-306
9.086156e-306
8.45569e-306
7.466081e-306
6.256333e-306
5.11513e-306
6.016011e-306
7.215036e-306
8.188486e-306
8.811688e-306
9.030267e-306
8.830236e-306
8.230188e-306
7.288471e-306
6.132128e-306
5.019468e-306
1.817989e-305
2.1842e-305
2.478876e-305
2.666642e-305
2.732257e-305
2.671729e-305
2.490323e-305
2.204327e-305
1.84882e-305
1.500843e-305
3.182717e-305
3.907664e-305
4.478568e-305
4.837984e-305
4.963306e-305
4.849133e-305
4.504353e-305
3.955333e-305
3.260349e-305
2.56898e-305
6.10693e-306
7.374919e-306
8.404994e-306
9.063885e-306
9.295509e-306
9.086203e-306
8.455733e-306
7.46612e-306
6.256363e-306
5.115153e-306
3.105684e-305
3.787562e-305
4.324896e-305
4.66363e-305
4.781589e-305
4.673171e-305
4.346867e-305
3.827917e-305
3.17055e-305
2.510731e-305
1.863434e-305
2.265198e-305
2.588718e-305
2.794526e-305
2.866701e-305
2.801458e-305
2.604591e-305
2.294022e-305
1.910482e-305
1.546734e-305
3.182722e-305
3.907671e-305
4.478575e-305
4.837991e-305
4.963314e-305
4.84914e-305
4.50436e-305
3.955339e-305
3.260354e-305
2.568984e-305
3.105685e-305
3.787562e-305
4.324895e-305
4.663627e-305
4.781586e-305
4.673169e-305
4.346864e-305
3.827915e-305
3.170548e-305
2.51073e-305
1.817985e-305
2.184195e-305
2.47887e-305
2.666635e-305
2.732249e-305
2.671721e-305
2.490316e-305
2.204321e-305
1.848816e-305
1.50084e-305
1.863435e-305
2.2652e-305
2.58872e-305
2.794528e-305
2.866703e-305
2.801459e-305
2.604592e-305
2.294024e-305
1.910484e-305
1.546735e-305
6.106915e-306
7.374901e-306
8.404974e-306
9.063863e-306
9.295486e-306
9.086181e-306
8.455713e-306
7.466103e-306
6.256351e-306
5.115144e-306
6.015996e-306
7.215016e-306
8.188462e-306
8.811661e-306
9.030239e-306
8.830208e-306
8.230162e-306
7.288449e-306
6.132112e-306
5.019457e-306
1.863429e-305
2.265192e-305
2.588712e-305
2.794519e-305
2.866693e-305
2.80145e-305
2.604583e-305
2.294016e-305
1.910477e-305
1.54673e-305
6.015977e-306
7.214991e-306
8.188431e-306
8.811627e-306
9.030203e-306
8.830173e-306
8.230129e-306
7.28842e-306
6.132088e-306
5.019439e-306
3.105683e-305
3.78756e-305
4.324893e-305
4.663625e-305
4.781584e-305
4.673166e-305
4.346862e-305
3.827914e-305
3.170547e-305
2.510729e-305
3.182715e-305
3.907662e-305
4.478565e-305
4.83798e-305
4.963302e-305
4.849129e-305
4.50435e-305
3.955331e-305
3.260348e-305
2.568979e-305
6.10689e-306
7.374867e-306
8.404932e-306
9.063817e-306
9.295439e-306
9.086135e-306
8.45567e-306
7.466066e-306
6.256323e-306
5.115126e-306
1.817981e-305
2.18419e-305
2.478864e-305
2.666628e-305
2.732243e-305
2.671715e-305
2.49031e-305
2.204316e-305
1.848812e-305
1.500837e-305
1.863434e-305
2.265198e-305
2.588719e-305
2.794526e-305
2.866701e-305
2.801458e-305
2.60459e-305
2.294022e-305
1.910482e-305
1.546734e-305
6.016007e-306
7.215028e-306
8.188476e-306
8.811677e-306
9.030255e-306
8.830224e-306
8.230177e-306
7.288462e-306
6.132122e-306
5.019466e-306
3.105684e-305
3.787562e-305
4.324896e-305
4.663629e-305
4.781588e-305
4.673171e-305
4.346866e-305
3.827917e-305
3.170549e-305
2.510731e-305
3.182716e-305
3.907664e-305
4.478567e-305
4.837983e-305
4.963305e-305
4.849132e-305
4.504352e-305
3.955333e-305
3.260349e-305
2.56898e-305
6.106923e-306
7.374908e-306
8.404981e-306
9.063871e-306
9.295495e-306
9.08619e-306
8.455721e-306
7.466111e-306
6.256359e-306
5.115154e-306
1.817988e-305
2.184198e-305
2.478874e-305
2.666639e-305
2.732254e-305
2.671726e-305
2.490321e-305
2.204325e-305
1.848819e-305
1.500843e-305
3.182722e-305
3.907671e-305
4.478575e-305
4.837991e-305
4.963313e-305
4.84914e-305
4.50436e-305
3.95534e-305
3.260355e-305
2.568984e-305
1.863435e-305
2.265198e-305
2.588718e-305
2.794526e-305
2.8667e-305
2.801457e-305
2.60459e-305
2.294022e-305
1.910483e-305
1.546735e-305
3.105684e-305
3.78756e-305
4.324893e-305
4.663626e-305
4.781585e-305
4.673167e-305
4.346863e-305
3.827914e-305
3.170548e-305
2.510731e-305
1.817985e-305
2.184195e-305
2.47887e-305
2.666635e-305
2.732249e-305
2.671721e-305
2.490316e-305
2.204321e-305
1.848816e-305
1.50084e-305
6.106911e-306
7.374895e-306
8.404966e-306
9.063854e-306
9.295478e-306
9.086173e-306
8.455706e-306
7.466098e-306
6.256349e-306
5.115144e-306
6.015996e-306
7.215015e-306
8.188461e-306
8.811661e-306
9.030238e-306
8.830208e-306
8.230162e-306
7.28845e-306
6.132114e-306
5.019458e-306
6.046278e-306
7.127775e-306
8.005288e-306
8.569093e-306
8.765653e-306
8.579221e-306
8.026229e-306
7.158102e-306
6.073433e-306
4.942079e-306
1.813413e-305
2.152731e-305
2.42634e-305
2.601336e-305
2.662326e-305
2.604921e-305
2.434114e-305
2.165426e-305
1.829915e-305
1.488686e-305
6.284623e-306
7.329263e-306
8.177092e-306
8.723525e-306
8.913141e-306
8.728321e-306
8.184433e-306
7.329422e-306
6.24187e-306
5.005304e-306
1.93434e-305
2.253972e-305
2.512437e-305
2.678751e-305
2.736312e-305
2.679759e-305
2.513667e-305
2.252328e-305
1.918562e-305
1.532294e-305
3.086315e-305
3.667082e-305
4.128028e-305
4.4212e-305
4.522835e-305
4.425766e-305
4.137834e-305
3.682898e-305
3.105005e-305
2.487238e-305
3.382054e-305
3.963859e-305
4.431227e-305
4.730599e-305
4.834124e-305
4.73302e-305
4.435551e-305
3.967703e-305
3.37551e-305
2.716904e-305
1.934338e-305
2.253972e-305
2.512437e-305
2.678751e-305
2.736312e-305
2.679759e-305
2.513667e-305
2.252327e-305
1.918561e-305
1.532293e-305
6.284629e-306
7.329273e-306
8.177106e-306
8.72354e-306
8.913157e-306
8.728336e-306
8.184445e-306
7.329432e-306
6.241877e-306
5.005307e-306
3.086315e-305
3.667081e-305
4.128028e-305
4.421199e-305
4.522834e-305
4.425766e-305
4.137833e-305
3.682898e-305
3.105004e-305
2.487237e-305
1.813415e-305
2.152735e-305
2.426344e-305
2.601341e-305
2.662331e-305
2.604926e-305
2.434118e-305
2.165429e-305
1.829918e-305
1.488688e-305
6.046286e-306
7.127786e-306
8.005301e-306
8.569107e-306
8.765668e-306
8.579236e-306
8.026241e-306
7.158112e-306
6.073441e-306
4.942085e-306
3.382053e-305
3.963859e-305
4.431227e-305
4.730599e-305
4.834124e-305
4.733019e-305
4.435551e-305
3.967702e-305
3.37551e-305
2.716903e-305
1.813412e-305
2.15273e-305
2.426338e-305
2.601334e-305
2.662324e-305
2.604919e-305
2.434112e-305
2.165424e-305
1.829914e-305
1.488685e-305
6.046276e-306
7.127772e-306
8.005284e-306
8.569088e-306
8.765649e-306
8.579217e-306
8.026223e-306
7.158096e-306
6.07343e-306
4.942078e-306
6.284613e-306
7.329252e-306
8.17708e-306
8.723511e-306
8.913127e-306
8.728307e-306
8.184419e-306
7.32941e-306
6.24186e-306
5.005296e-306
3.086311e-305
3.667076e-305
4.128022e-305
4.421193e-305
4.522828e-305
4.425759e-305
4.137827e-305
3.682892e-305
3.105e-305
2.487235e-305
3.382049e-305
3.963853e-305
4.43122e-305
4.730591e-305
4.834115e-305
4.733011e-305
4.435543e-305
3.967695e-305
3.375505e-305
2.716899e-305
1.934336e-305
2.253968e-305
2.512433e-305
2.678746e-305
2.736307e-305
2.679753e-305
2.513662e-305
2.252323e-305
1.918558e-305
1.53229e-305
1.813413e-305
2.152731e-305
2.42634e-305
2.601336e-305
2.662327e-305
2.604921e-305
2.434114e-305
2.165426e-305
1.829916e-305
1.488686e-305
6.046288e-306
7.127787e-306
8.005304e-306
8.56911e-306
8.765672e-306
8.579239e-306
8.026245e-306
7.158115e-306
6.073444e-306
4.942087e-306
3.086316e-305
3.667082e-305
4.128028e-305
4.421199e-305
4.522835e-305
4.425766e-305
4.137833e-305
3.682898e-305
3.105005e-305
2.487238e-305
1.934341e-305
2.253975e-305
2.51244e-305
2.678755e-305
2.736316e-305
2.679762e-305
2.51367e-305
2.25233e-305
1.918563e-305
1.532295e-305
6.284637e-306
7.329282e-306
8.177117e-306
8.723551e-306
8.913169e-306
8.728348e-306
8.184457e-306
7.329441e-306
6.241883e-306
5.005312e-306
3.382056e-305
3.963861e-305
4.431229e-305
4.730601e-305
4.834125e-305
4.733021e-305
4.435553e-305
3.967704e-305
3.375511e-305
2.716904e-305
6.284619e-306
7.32926e-306
8.177091e-306
8.723524e-306
8.913141e-306
8.728321e-306
8.184431e-306
7.329421e-306
6.241868e-306
5.005302e-306
6.046282e-306
7.127782e-306
8.005297e-306
8.569103e-306
8.765664e-306
8.579232e-306
8.026238e-306
7.158109e-306
6.073438e-306
4.942084e-306
1.934337e-305
2.25397e-305
2.512435e-305
2.678749e-305
2.73631e-305
2.679756e-305
2.513664e-305
2.252325e-305
1.918559e-305
1.532292e-305
3.086313e-305
3.667079e-305
4.128025e-305
4.421196e-305
4.522831e-305
4.425763e-305
4.13783e-305
3.682895e-305
3.105003e-305
2.487236e-305
1.813414e-305
2.152733e-305
2.426342e-305
2.601338e-305
2.662329e-305
2.604923e-305
2.434116e-305
2.165427e-305
1.829917e-305
1.488687e-305
3.382051e-305
3.963856e-305
4.431223e-305
4.730595e-305
4.83412e-305
4.733015e-305
4.435547e-305
3.967699e-305
3.375507e-305
2.716901e-305
3.38205e-305
3.963854e-305
4.43122e-305
4.730592e-305
4.834116e-305
4.733012e-305
4.435544e-305
3.967697e-305
3.375505e-305
2.7169e-305
1.934337e-305
2.253969e-305
2.512434e-305
2.678747e-305
2.736309e-305
2.679755e-305
2.513663e-305
2.252324e-305
1.918559e-305
1.532291e-305
6.28462e-306
7.329259e-306
8.177089e-306
8.723522e-306
8.913138e-306
8.728318e-306
8.184429e-306
7.329418e-306
6.241866e-306
5.0053e-306
3.086313e-305
3.667078e-305
4.128023e-305
4.421194e-305
4.522829e-305
4.425761e-305
4.137829e-305
3.682894e-305
3.105002e-305
2.487235e-305
6.046278e-306
7.127774e-306
8.005286e-306
8.56909e-306
8.765651e-306
8.579219e-306
8.026226e-306
7.158098e-306
6.073431e-306
4.942077e-306
1.813412e-305
2.15273e-305
2.426339e-305
2.601335e-305
2.662325e-305
2.60492e-305
2.434113e-305
2.165424e-305
1.829914e-305
1.488685e-305
4.687272e-306
5.42213e-306
6.015341e-306
6.396638e-306
6.527688e-306
6.395132e-306
6.007747e-306
5.394281e-306
4.601367e-306
3.6995e-306
5.789381e-306
6.70866e-306
7.452891e-306
7.932526e-306
8.098084e-306
7.932869e-306
7.449192e-306
6.68581e-306
5.699959e-306
4.534468e-306
1.314708e-305
1.523765e-305
1.691475e-305
1.798894e-305
1.835749e-305
1.798421e-305
1.689303e-305
1.516205e-305
1.29201e-305
1.039839e-305
1.870464e-305
2.173139e-305
2.417644e-305
2.575017e-305
2.62938e-305
2.575468e-305
2.417469e-305
2.168452e-305
1.848084e-305
1.468896e-305
2.494917e-305
2.908699e-305
3.236088e-305
3.444947e-305
3.516689e-305
3.44475e-305
3.234011e-305
2.899449e-305
2.462222e-305
1.946827e-305
3.174074e-305
3.698417e-305
4.119031e-305
4.388711e-305
4.481692e-305
4.389439e-305
4.119076e-305
3.692991e-305
3.147464e-305
2.514854e-305
1.314708e-305
1.523764e-305
1.691473e-305
1.798892e-305
1.835747e-305
1.798419e-305
1.689301e-305
1.516203e-305
1.292009e-305
1.039838e-305
4.687271e-306
5.422128e-306
6.015338e-306
6.396635e-306
6.527684e-306
6.395127e-306
6.007743e-306
5.394277e-306
4.601363e-306
3.699499e-306
1.870464e-305
2.17314e-305
2.417646e-305
2.575018e-305
2.629382e-305
2.57547e-305
2.41747e-305
2.168453e-305
1.848084e-305
1.468895e-305
2.494917e-305
2.9087e-305
3.236088e-305
3.444947e-305
3.516689e-305
3.44475e-305
3.234011e-305
2.899449e-305
2.462222e-305
1.946828e-305
3.174073e-305
3.698417e-305
4.119031e-305
4.388711e-305
4.481692e-305
4.38944e-305
4.119076e-305
3.692991e-305
3.147464e-305
2.514854e-305
5.789382e-306
6.708662e-306
7.452894e-306
7.932529e-306
8.098086e-306
7.93287e-306
7.449192e-306
6.685808e-306
5.699956e-306
4.534466e-306
4.687264e-306
5.422118e-306
6.015326e-306
6.39662e-306
6.527668e-306
6.395112e-306
6.007728e-306
5.394264e-306
4.601352e-306
3.69949e-306
1.314707e-305
1.523762e-305
1.691471e-305
1.79889e-305
1.835744e-305
1.798416e-305
1.689299e-305
1.516201e-305
1.292007e-305
1.039837e-305
2.494915e-305
2.908696e-305
3.236084e-305
3.444942e-305
3.516684e-305
3.444745e-305
3.234007e-305
2.899445e-305
2.462219e-305
1.946825e-305
5.789372e-306
6.708647e-306
7.452875e-306
7.932506e-306
8.098062e-306
7.932847e-306
7.449171e-306
6.68579e-306
5.699943e-306
4.534456e-306
1.870461e-305
2.173136e-305
2.417641e-305
2.575013e-305
2.629376e-305
2.575464e-305
2.417464e-305
2.168448e-305
1.848081e-305
1.468893e-305
3.17407e-305
3.698412e-305
4.119025e-305
4.388705e-305
4.481685e-305
4.389433e-305
4.11907e-305
3.692985e-305
3.14746e-305
2.514851e-305
3.174075e-305
3.698419e-305
4.119034e-305
4.388714e-305
4.481695e-305
4.389442e-305
4.119078e-305
3.692993e-305
3.147466e-305
2.514855e-305
2.494919e-305
2.908701e-305
3.23609e-305
3.444948e-305
3.51669e-305
3.444752e-305
3.234012e-305
2.89945e-305
2.462223e-305
1.946828e-305
1.314709e-305
1.523765e-305
1.691474e-305
1.798893e-305
1.835748e-305
1.79842e-305
1.689302e-305
1.516204e-305
1.29201e-305
1.039838e-305
1.870466e-305
2.173142e-305
2.417649e-305
2.575022e-305
2.629385e-305
2.575473e-305
2.417473e-305
2.168455e-305
1.848086e-305
1.468897e-305
4.687273e-306
5.42213e-306
6.01534e-306
6.396636e-306
6.527685e-306
6.395129e-306
6.007744e-306
5.394279e-306
4.601365e-306
3.699499e-306
5.789388e-306
6.708668e-306
7.4529e-306
7.932534e-306
8.098091e-306
7.932876e-306
7.449197e-306
6.685814e-306
5.699961e-306
4.534469e-306
3.17407e-305
3.698413e-305
4.119027e-305
4.388706e-305
4.481687e-305
4.389434e-305
4.119071e-305
3.692986e-305
3.147461e-305
2.514851e-305
2.494914e-305
2.908696e-305
3.236084e-305
3.444942e-305
3.516683e-305
3.444745e-305
3.234006e-305
2.899444e-305
2.462218e-305
1.946825e-305
1.314707e-305
1.523763e-305
1.691472e-305
1.79889e-305
1.835745e-305
1.798417e-305
1.689299e-305
1.516201e-305
1.292008e-305
1.039837e-305
1.870462e-305
2.173137e-305
2.417643e-305
2.575016e-305
2.629378e-305
2.575466e-305
2.417467e-305
2.16845e-305
1.848082e-305
1.468894e-305
4.687266e-306
5.422121e-306
6.01533e-306
6.396626e-306
6.527674e-306
6.395118e-306
6.007733e-306
5.394268e-306
4.601356e-306
3.699492e-306
5.789376e-306
6.708654e-306
7.452883e-306
7.932517e-306
8.098073e-306
7.932857e-306
7.449179e-306
6.685797e-306
5.699948e-306
4.534459e-306
1.870462e-305
2.173137e-305
2.417642e-305
2.575015e-305
2.629378e-305
2.575466e-305
2.417467e-305
2.16845e-305
1.848082e-305
1.468894e-305
1.314707e-305
1.523763e-305
1.691472e-305
1.79889e-305
1.835745e-305
1.798417e-305
1.6893e-305
1.516202e-305
1.292008e-305
1.039837e-305
4.687268e-306
5.422124e-306
6.015335e-306
6.396633e-306
6.527682e-306
6.395126e-306
6.007741e-306
5.394276e-306
4.601363e-306
3.699498e-306
5.78938e-306
6.708659e-306
7.45289e-306
7.932526e-306
8.098083e-306
7.932868e-306
7.44919e-306
6.685807e-306
5.699956e-306
4.534466e-306
2.494914e-305
2.908696e-305
3.236084e-305
3.444942e-305
3.516684e-305
3.444746e-305
3.234007e-305
2.899445e-305
2.462219e-305
1.946825e-305
3.17407e-305
3.698413e-305
4.119026e-305
4.388706e-305
4.481687e-305
4.389434e-305
4.119072e-305
3.692987e-305
3.147461e-305
2.514852e-305
6.071812e-305
8.320618e-305
1.128456e-304
6.07181e-305
8.320617e-305
1.128457e-304
6.071811e-305
8.320617e-305
1.128457e-304
6.071812e-305
8.320619e-305
1.128457e-304
6.071812e-305
8.32062e-305
1.128457e-304
6.07181e-305
8.320618e-305
1.128457e-304
2.952403e-308
4.178212e-308
5.715827e-308
2.952403e-308
4.178212e-308
5.715826e-308
2.939365e-308
4.156634e-308
5.681746e-308
3.00401e-308
4.219111e-308
5.745546e-308
2.9821e-308
4.214004e-308
5.756354e-308
2.9821e-308
4.214005e-308
5.756356e-308
3.00401e-308
4.21911e-308
5.745545e-308
2.9821e-308
4.214005e-308
5.756354e-308
2.952403e-308
4.178211e-308
5.715826e-308
2.939365e-308
4.156634e-308
5.681744e-308
2.982099e-308
4.214004e-308
5.756354e-308
2.952403e-308
4.178212e-308
5.715826e-308
2.9821e-308
4.214004e-308
5.756352e-308
2.952404e-308
4.178212e-308
5.715827e-308
2.939366e-308
4.156635e-308
5.681746e-308
2.952402e-308
4.178211e-308
5.715827e-308
3.004009e-308
4.219108e-308
5.745545e-308
2.982099e-308
4.214005e-308
5.756355e-308
2.952403e-308
4.178211e-308
5.715825e-308
2.939365e-308
4.156633e-308
5.681744e-308
2.982099e-308
4.214003e-308
5.756354e-308
2.952402e-308
4.178211e-308
5.715826e-308
3.004009e-308
4.21911e-308
5.745546e-308
2.982099e-308
4.214004e-308
5.756354e-308
2.952402e-308
4.178211e-308
5.715826e-308
2.952403e-308
4.178211e-308
5.715827e-308
2.939364e-308
4.156633e-308
5.681746e-308
3.004009e-308
4.219111e-308
5.745547e-308
2.982099e-308
4.214005e-308
5.756355e-308
2.982099e-308
4.214004e-308
5.756356e-308
3.00401e-308
4.219112e-308
5.745548e-308
2.9821e-308
4.214006e-308
5.756357e-308
2.939367e-308
4.156638e-308
5.681748e-308
2.9821e-308
4.214006e-308
5.756357e-308
2.952403e-308
4.178214e-308
5.715831e-308
2.952403e-308
4.178214e-308
5.715831e-308
2.844388e-308
3.94196e-308
5.267804e-308
2.882775e-308
3.916057e-308
5.155131e-308
2.844388e-308
3.94196e-308
5.267804e-308
2.899579e-308
4.082612e-308
5.553515e-308
2.875082e-308
4.033121e-308
5.462896e-308
2.875082e-308
4.033122e-308
5.462897e-308
2.882774e-308
3.916055e-308
5.155128e-308
2.875082e-308
4.033119e-308
5.462893e-308
2.875082e-308
4.033119e-308
5.462894e-308
2.844386e-308
3.941957e-308
5.267803e-308
2.844386e-308
3.941956e-308
5.267802e-308
2.899577e-308
4.082608e-308
5.553514e-308
2.89958e-308
4.082613e-308
5.553518e-308
2.875083e-308
4.033123e-308
5.462898e-308
2.875083e-308
4.033123e-308
5.462899e-308
2.882776e-308
3.91606e-308
5.155135e-308
2.844388e-308
3.941961e-308
5.267808e-308
2.844389e-308
3.941962e-308
5.267809e-308
2.844388e-308
3.941959e-308
5.267804e-308
2.875082e-308
4.03312e-308
5.462896e-308
2.875082e-308
4.03312e-308
5.462895e-308
2.844387e-308
3.941958e-308
5.267804e-308
2.899577e-308
4.082609e-308
5.553515e-308
2.882774e-308
3.916057e-308
5.155131e-308
2.875082e-308
4.03312e-308
5.462896e-308
2.882775e-308
3.916057e-308
5.155131e-308
2.844387e-308
3.941958e-308
5.267805e-308
2.875082e-308
4.03312e-308
5.462895e-308
2.844387e-308
3.941958e-308
5.267804e-308
2.899577e-308
4.082609e-308
5.553516e-308
2.899579e-308
4.082613e-308
5.553519e-308
2.875083e-308
4.033123e-308
5.462899e-308
2.875083e-308
4.033123e-308
5.462899e-308
2.844388e-308
3.941961e-308
5.267808e-308
2.882775e-308
3.916059e-308
5.155134e-308
2.844388e-308
3.941961e-308
5.267807e-308
2.922085e-308
4.13209e-308
5.649342e-308
2.922084e-308
4.132088e-308
5.649341e-308
2.877505e-308
4.054823e-308
5.522136e-308
2.824616e-308
3.972958e-308
5.399208e-308
2.877505e-308
4.054823e-308
5.522134e-308
2.824615e-308
3.972958e-308
5.399207e-308
2.922084e-308
4.132087e-308
5.649338e-308
2.877504e-308
4.054822e-308
5.522133e-308
2.922084e-308
4.132088e-308
5.649338e-308
2.877504e-308
4.05482e-308
5.522131e-308
2.824615e-308
3.972956e-308
5.399204e-308
2.824615e-308
3.972957e-308
5.399205e-308
2.922084e-308
4.132087e-308
5.649339e-308
2.922084e-308
4.132088e-308
5.64934e-308
2.877504e-308
4.05482e-308
5.522133e-308
2.877505e-308
4.054823e-308
5.522135e-308
2.824615e-308
3.972957e-308
5.399206e-308
2.824616e-308
3.972958e-308
5.399208e-308
2.877505e-308
4.054822e-308
5.522134e-308
2.824615e-308
3.972957e-308
5.399207e-308
2.922083e-308
4.132086e-308
5.649338e-308
2.824615e-308
3.972956e-308
5.399206e-308
2.922083e-308
4.132087e-308
5.64934e-308
2.877503e-308
4.054819e-308
5.522133e-308
2.922083e-308
4.132086e-308
5.649338e-308
2.877503e-308
4.054819e-308
5.522132e-308
2.824614e-308
3.972955e-308
5.399205e-308
2.877504e-308
4.05482e-308
5.522132e-308
2.922082e-308
4.132086e-308
5.649338e-308
2.824614e-308
3.972955e-308
5.399206e-308
2.922083e-308
4.132087e-308
5.64934e-308
2.877504e-308
4.054822e-308
5.522135e-308
2.922083e-308
4.132089e-308
5.649341e-308
2.824615e-308
3.972955e-308
5.399206e-308
2.877503e-308
4.054819e-308
5.522134e-308
2.824614e-308
3.972956e-308
5.399208e-308
5.711963e-305
7.556912e-305
9.845814e-305
5.483531e-305
7.269149e-305
9.470103e-305
5.405625e-305
7.168814e-305
9.336861e-305
5.637129e-305
7.462911e-305
9.723073e-305
5.63713e-305
7.462911e-305
9.723074e-305
5.483531e-305
7.26915e-305
9.470104e-305
5.637128e-305
7.462908e-305
9.723069e-305
5.405624e-305
7.168812e-305
9.336858e-305
5.483529e-305
7.269146e-305
9.470099e-305
5.711961e-305
7.556908e-305
9.845809e-305
5.637128e-305
7.462909e-305
9.723071e-305
5.483529e-305
7.269147e-305
9.4701e-305
5.483535e-305
7.269155e-305
9.470112e-305
5.637133e-305
7.462916e-305
9.723082e-305
5.405629e-305
7.16882e-305
9.336869e-305
5.483535e-305
7.269156e-305
9.470112e-305
5.711966e-305
7.556917e-305
9.845823e-305
5.637133e-305
7.462917e-305
9.723083e-305
5.63713e-305
7.462912e-305
9.723075e-305
5.711963e-305
7.556912e-305
9.845815e-305
5.405626e-305
7.168815e-305
9.336863e-305
5.63713e-305
7.462912e-305
9.723076e-305
5.483531e-305
7.26915e-305
9.470105e-305
5.483531e-305
7.26915e-305
9.470105e-305
5.63713e-305
7.462912e-305
9.723075e-305
5.711963e-305
7.556912e-305
9.845816e-305
5.483531e-305
7.26915e-305
9.470105e-305
5.405626e-305
7.168816e-305
9.336864e-305
5.63713e-305
7.462913e-305
9.723077e-305
5.483532e-305
7.269151e-305
9.470107e-305
5.483533e-305
7.269153e-305
9.470108e-305
5.405628e-305
7.168817e-305
9.336865e-305
5.483533e-305
7.269153e-305
9.470109e-305
5.637131e-305
7.462914e-305
9.723078e-305
5.711964e-305
7.556915e-305
9.845819e-305
5.637131e-305
7.462915e-305
9.72308e-305
2.794401e-308
3.799123e-308
4.99864e-308
2.613097e-308
3.622109e-308
4.833322e-308
2.793613e-308
3.871001e-308
5.169031e-308
2.66958e-308
3.742819e-308
5.065302e-308
2.572074e-308
3.600558e-308
4.86257e-308
2.762922e-308
3.867631e-308
5.224722e-308
2.762921e-308
3.867629e-308
5.224719e-308
2.7944e-308
3.799121e-308
4.998637e-308
2.613096e-308
3.622108e-308
4.833319e-308
2.572073e-308
3.600557e-308
4.862568e-308
2.793612e-308
3.871e-308
5.169029e-308
2.669579e-308
3.742818e-308
5.0653e-308
2.794403e-308
3.799126e-308
4.998644e-308
2.793615e-308
3.871005e-308
5.169035e-308
2.762923e-308
3.867633e-308
5.224724e-308
2.613098e-308
3.622112e-308
4.833325e-308
2.669581e-308
3.742821e-308
5.065304e-308
2.572075e-308
3.60056e-308
4.862572e-308
2.762922e-308
3.86763e-308
5.224721e-308
2.66958e-308
3.742819e-308
5.065302e-308
2.793613e-308
3.871001e-308
5.169031e-308
2.572074e-308
3.600559e-308
4.862571e-308
2.794401e-308
3.799123e-308
4.99864e-308
2.613097e-308
3.62211e-308
4.833322e-308
2.762922e-308
3.867629e-308
5.22472e-308
2.794401e-308
3.799123e-308
4.998639e-308
2.572074e-308
3.600558e-308
4.862569e-308
2.613096e-308
3.622109e-308
4.833322e-308
2.793613e-308
3.871001e-308
5.169031e-308
2.669579e-308
3.742818e-308
5.065301e-308
2.66958e-308
3.742819e-308
5.065303e-308
2.762922e-308
3.867631e-308
5.224723e-308
2.572074e-308
3.600559e-308
4.862572e-308
2.613097e-308
3.622111e-308
4.833324e-308
2.793614e-308
3.871004e-308
5.169034e-308
2.794402e-308
3.799125e-308
4.998643e-308
2.572074e-308
3.600558e-308
4.86257e-308
2.762922e-308
3.867631e-308
5.224722e-308
2.793614e-308
3.871003e-308
5.169033e-308
2.669579e-308
3.742818e-308
5.065302e-308
2.794402e-308
3.799124e-308
4.998642e-308
2.613097e-308
3.62211e-308
4.833323e-308
2.794401e-308
3.799123e-308
4.998639e-308
2.613096e-308
3.622109e-308
4.833321e-308
2.793613e-308
3.871002e-308
5.169031e-308
2.762922e-308
3.867631e-308
5.22472e-308
2.572074e-308
3.600558e-308
4.862569e-308
2.669579e-308
3.742819e-308
5.065301e-308
2.613097e-308
3.622109e-308
4.833321e-308
2.794401e-308
3.799122e-308
4.998638e-308
2.572074e-308
3.600559e-308
4.86257e-308
2.793613e-308
3.871001e-308
5.16903e-308
2.762922e-308
3.867631e-308
5.224721e-308
2.66958e-308
3.74282e-308
5.065303e-308
2.762923e-308
3.867631e-308
5.224723e-308
2.66958e-308
3.742819e-308
5.065303e-308
2.572075e-308
3.60056e-308
4.862572e-308
2.793614e-308
3.871004e-308
5.169034e-308
2.613098e-308
3.622111e-308
4.833324e-308
2.794403e-308
3.799125e-308
4.998643e-308
2.572074e-308
3.600558e-308
4.86257e-308
2.762922e-308
3.86763e-308
5.224721e-308
2.793613e-308
3.871001e-308
5.169031e-308
2.794401e-308
3.799123e-308
4.99864e-308
2.669579e-308
3.742818e-308
5.065302e-308
2.613096e-308
3.62211e-308
4.833322e-308
2.762922e-308
3.867629e-308
5.224722e-308
2.793613e-308
3.871001e-308
5.169033e-308
2.794402e-308
3.799124e-308
4.998641e-308
2.669579e-308
3.742818e-308
5.065303e-308
2.613097e-308
3.622111e-308
4.833323e-308
2.572074e-308
3.600559e-308
4.862571e-308
1.831511e-308
2.507208e-308
3.339718e-308
1.950816e-308
2.683972e-308
3.579982e-308
2.50927e-308
3.413464e-308
4.478361e-308
2.242339e-308
3.092185e-308
4.101081e-308
2.242339e-308
3.092185e-308
4.101081e-308
1.950816e-308
2.683972e-308
3.579983e-308
1.950816e-308
2.68397e-308
3.579981e-308
2.242339e-308
3.092184e-308
4.101079e-308
1.83151e-308
2.507208e-308
3.339716e-308
2.509269e-308
3.413463e-308
4.478359e-308
1.950816e-308
2.683971e-308
3.579981e-308
2.242339e-308
3.092184e-308
4.10108e-308
1.950818e-308
2.683974e-308
3.579986e-308
2.509271e-308
3.413467e-308
4.478365e-308
2.242341e-308
3.092188e-308
4.101084e-308
1.831512e-308
2.507211e-308
3.339721e-308
1.950818e-308
2.683974e-308
3.579986e-308
2.242341e-308
3.092188e-308
4.101084e-308
1.950816e-308
2.683971e-308
3.579983e-308
2.50927e-308
3.413464e-308
4.478361e-308
1.831511e-308
2.507208e-308
3.339717e-308
2.242339e-308
3.092185e-308
4.101081e-308
2.242339e-308
3.092185e-308
4.101081e-308
1.950816e-308
2.683971e-308
3.579982e-308
2.50927e-308
3.413465e-308
4.478362e-308
1.950817e-308
2.683972e-308
3.579983e-308
2.24234e-308
3.092186e-308
4.101082e-308
2.24234e-308
3.092186e-308
4.101082e-308
1.950817e-308
2.683972e-308
3.579983e-308
1.831511e-308
2.507209e-308
3.339718e-308
1.831511e-308
2.507209e-308
3.339719e-308
2.24234e-308
3.092186e-308
4.101082e-308
1.950817e-308
2.683972e-308
3.579984e-308
2.50927e-308
3.413465e-308
4.478362e-308
1.950817e-308
2.683972e-308
3.579983e-308
2.24234e-308
3.092186e-308
4.101082e-308
2.297741e-308
3.219697e-308
4.358907e-308
2.108782e-308
2.955581e-308
4.018545e-308
2.605995e-308
3.548753e-308
4.665769e-308
2.301591e-308
3.18206e-308
4.232565e-308
2.496397e-308
3.464207e-308
4.624662e-308
2.087826e-308
2.905913e-308
3.917226e-308
2.29774e-308
3.219695e-308
4.358904e-308
2.087825e-308
2.905911e-308
3.917224e-308
2.108781e-308
2.955579e-308
4.018543e-308
2.496396e-308
3.464205e-308
4.62466e-308
2.605994e-308
3.548751e-308
4.665767e-308
2.30159e-308
3.182059e-308
4.232562e-308
2.297742e-308
3.219698e-308
4.358909e-308
2.087827e-308
2.905915e-308
3.917228e-308
2.496399e-308
3.464209e-308
4.624665e-308
2.605996e-308
3.548755e-308
4.665772e-308
2.108783e-308
2.955582e-308
4.018547e-308
2.301593e-308
3.182063e-308
4.232568e-308
2.297741e-308
3.219697e-308
4.358907e-308
2.301591e-308
3.182061e-308
4.232565e-308
2.087826e-308
2.905913e-308
3.917226e-308
2.496398e-308
3.464207e-308
4.624663e-308
2.108782e-308
2.955581e-308
4.018545e-308
2.605995e-308
3.548753e-308
4.665769e-308
2.605995e-308
3.548753e-308
4.665769e-308
2.496397e-308
3.464206e-308
4.624662e-308
2.301591e-308
3.18206e-308
4.232565e-308
2.29774e-308
3.219696e-308
4.358906e-308
2.087826e-308
2.905913e-308
3.917226e-308
2.108782e-308
2.955581e-308
4.018545e-308
2.605995e-308
3.548754e-308
4.665771e-308
2.496398e-308
3.464208e-308
4.624664e-308
2.087826e-308
2.905913e-308
3.917227e-308
2.301592e-308
3.182061e-308
4.232566e-308
2.297741e-308
3.219698e-308
4.358908e-308
2.108783e-308
2.955581e-308
4.018546e-308
2.126652e-308
3.004354e-308
4.126299e-308
2.433925e-308
3.422272e-308
4.651467e-308
2.288839e-308
3.223238e-308
4.394864e-308
2.288839e-308
3.223238e-308
4.394864e-308
2.126652e-308
3.004354e-308
4.126299e-308
2.433925e-308
3.422273e-308
4.651467e-308
2.126651e-308
3.004353e-308
4.126297e-308
2.126651e-308
3.004353e-308
4.126297e-308
2.288838e-308
3.223237e-308
4.394862e-308
2.288838e-308
3.223237e-308
4.394862e-308
2.433924e-308
3.422272e-308
4.651465e-308
2.433924e-308
3.422272e-308
4.651465e-308
2.28884e-308
3.223239e-308
4.394865e-308
2.126652e-308
3.004355e-308
4.1263e-308
2.433925e-308
3.422274e-308
4.651468e-308
2.433925e-308
3.422274e-308
4.651468e-308
2.126652e-308
3.004355e-308
4.126299e-308
2.288839e-308
3.223238e-308
4.394864e-308
2.433925e-308
3.422274e-308
4.651468e-308
2.28884e-308
3.223239e-308
4.394866e-308
2.433925e-308
3.422274e-308
4.651468e-308
2.126652e-308
3.004355e-308
4.1263e-308
2.126652e-308
3.004355e-308
4.1263e-308
2.288839e-308
3.223239e-308
4.394865e-308
2.126651e-308
3.004354e-308
4.126298e-308
2.288839e-308
3.223238e-308
4.394863e-308
2.433924e-308
3.422272e-308
4.651466e-308
2.126651e-308
3.004354e-308
4.126298e-308
2.433924e-308
3.422272e-308
4.651466e-308
2.288839e-308
3.223238e-308
4.394864e-308
2.433925e-308
3.422274e-308
4.651468e-308
2.126652e-308
3.004355e-308
4.1263e-308
2.288839e-308
3.223239e-308
4.394865e-308
2.126652e-308
3.004355e-308
4.1263e-308
2.433925e-308
3.422274e-308
4.651468e-308
2.288839e-308
3.223239e-308
4.394865e-308
2.087826e-308
2.905914e-308
3.917227e-308
2.301592e-308
3.182061e-308
4.232565e-308
2.605995e-308
3.548754e-308
4.66577e-308
2.108783e-308
2.955581e-308
4.018546e-308
2.496398e-308
3.464207e-308
4.624663e-308
2.297741e-308
3.219697e-308
4.358907e-308
2.108782e-308
2.95558e-308
4.018544e-308
2.496397e-308
3.464206e-308
4.624661e-308
2.605994e-308
3.548752e-308
4.665767e-308
2.29774e-308
3.219696e-308
4.358905e-308
2.087825e-308
2.905912e-308
3.917224e-308
2.301591e-308
3.18206e-308
4.232564e-308
2.605994e-308
3.548752e-308
4.665768e-308
2.301591e-308
3.182059e-308
4.232564e-308
2.496397e-308
3.464206e-308
4.624661e-308
2.297741e-308
3.219696e-308
4.358906e-308
2.087825e-308
2.905912e-308
3.917225e-308
2.108782e-308
2.95558e-308
4.018544e-308
2.605996e-308
3.548755e-308
4.665772e-308
2.301593e-308
3.182062e-308
4.232568e-308
2.496399e-308
3.464208e-308
4.624664e-308
2.297742e-308
3.219698e-308
4.358909e-308
2.087827e-308
2.905914e-308
3.917228e-308
2.108783e-308
2.955582e-308
4.018547e-308
2.605995e-308
3.548753e-308
4.665769e-308
2.496397e-308
3.464207e-308
4.624662e-308
2.301591e-308
3.18206e-308
4.232565e-308
2.087825e-308
2.905913e-308
3.917225e-308
2.297741e-308
3.219697e-308
4.358906e-308
2.108782e-308
2.95558e-308
4.018544e-308
2.605995e-308
3.548754e-308
4.66577e-308
2.496398e-308
3.464208e-308
4.624664e-308
2.301592e-308
3.182061e-308
4.232566e-308
2.297741e-308
3.219698e-308
4.358908e-308
2.087826e-308
2.905913e-308
3.917227e-308
2.108783e-308
2.955581e-308
4.018546e-308
1.297577e-308
1.658415e-308
2.103158e-308
1.228181e-308
1.572616e-308
1.989623e-308
1.480843e-308
1.961188e-308
2.561711e-308
1.480843e-308
1.961188e-308
2.561711e-308
1.297577e-308
1.658415e-308
2.103158e-308
1.596691e-308
2.145751e-308
2.831394e-308
1.228181e-308
1.572615e-308
1.989622e-308
1.596692e-308
2.145751e-308
2.831395e-308
1.297578e-308
1.658415e-308
2.103158e-308
1.480844e-308
1.961189e-308
2.561712e-308
1.297578e-308
1.658416e-308
2.103159e-308
1.480844e-308
1.96119e-308
2.561712e-308
1.297579e-308
1.658418e-308
2.103161e-308
1.480846e-308
1.961192e-308
2.561716e-308
1.297579e-308
1.658418e-308
2.103162e-308
1.228183e-308
1.572618e-308
1.989625e-308
1.596693e-308
2.145754e-308
2.831399e-308
1.480846e-308
1.961192e-308
2.561716e-308
1.596691e-308
2.14575e-308
2.831394e-308
1.480843e-308
1.961187e-308
2.561709e-308
1.480843e-308
1.961188e-308
2.56171e-308
1.297577e-308
1.658414e-308
2.103157e-308
1.297577e-308
1.658414e-308
2.103156e-308
1.228181e-308
1.572615e-308
1.989622e-308
1.297578e-308
1.658416e-308
2.103159e-308
1.480845e-308
1.96119e-308
2.561713e-308
1.228181e-308
1.572616e-308
1.989623e-308
1.596692e-308
2.145752e-308
2.831396e-308
1.297578e-308
1.658416e-308
2.103159e-308
1.480845e-308
1.96119e-308
2.561713e-308
1.480845e-308
1.96119e-308
2.561714e-308
1.596692e-308
2.145753e-308
2.831396e-308
1.297578e-308
1.658416e-308
2.103159e-308
1.480845e-308
1.961191e-308
2.561714e-308
1.297579e-308
1.658417e-308
2.10316e-308
1.228182e-308
1.572617e-308
1.989623e-308
1.394539e-308
1.807094e-308
2.327925e-308
1.553526e-308
2.074117e-308
2.728808e-308
1.692833e-308
2.329955e-308
3.152493e-308
1.479168e-308
1.981716e-308
2.627045e-308
1.786893e-308
2.445887e-308
3.271847e-308
1.856736e-308
2.566656e-308
3.464359e-308
1.39454e-308
1.807095e-308
2.327926e-308
1.553526e-308
2.074117e-308
2.728808e-308
1.479168e-308
1.981715e-308
2.627045e-308
1.786893e-308
2.445886e-308
3.271845e-308
1.856736e-308
2.566654e-308
3.464357e-308
1.692832e-308
2.329953e-308
3.152491e-308
1.786895e-308
2.445889e-308
3.271849e-308
1.47917e-308
1.981718e-308
2.627049e-308
1.553528e-308
2.07412e-308
2.728812e-308
1.394542e-308
1.807098e-308
2.327929e-308
1.692834e-308
2.329956e-308
3.152495e-308
1.856738e-308
2.566657e-308
3.464361e-308
1.394539e-308
1.807094e-308
2.327924e-308
1.553525e-308
2.074117e-308
2.728808e-308
1.479168e-308
1.981715e-308
2.627045e-308
1.856736e-308
2.566655e-308
3.464359e-308
1.692833e-308
2.329955e-308
3.152492e-308
1.786893e-308
2.445887e-308
3.271846e-308
1.856736e-308
2.566655e-308
3.464359e-308
1.479169e-308
1.981716e-308
2.627046e-308
1.786893e-308
2.445887e-308
3.271847e-308
1.394541e-308
1.807096e-308
2.327927e-308
1.553527e-308
2.074118e-308
2.72881e-308
1.692833e-308
2.329955e-308
3.152492e-308
1.856737e-308
2.566656e-308
3.464359e-308
1.692833e-308
2.329955e-308
3.152493e-308
1.786894e-308
2.445888e-308
3.271847e-308
1.479169e-308
1.981716e-308
2.627046e-308
1.553527e-308
2.074118e-308
2.72881e-308
1.394541e-308
1.807096e-308
2.327927e-308
1.59041e-308
2.219972e-308
3.060972e-308
1.571493e-308
2.178747e-308
2.984174e-308
1.951693e-308
2.755105e-308
3.80097e-308
1.778428e-308
2.506081e-308
3.469211e-308
1.93609e-308
2.720189e-308
3.733434e-308
1.736838e-308
2.419424e-308
3.312007e-308
1.736837e-308
2.419423e-308
3.312005e-308
1.936089e-308
2.720188e-308
3.733432e-308
1.951692e-308
2.755103e-308
3.800968e-308
1.778427e-308
2.506079e-308
3.469209e-308
1.590409e-308
2.219971e-308
3.060969e-308
1.571492e-308
2.178746e-308
2.984172e-308
1.778428e-308
2.506082e-308
3.469212e-308
1.59041e-308
2.219973e-308
3.060971e-308
1.951694e-308
2.755105e-308
3.800971e-308
1.571494e-308
2.178748e-308
2.984175e-308
1.93609e-308
2.72019e-308
3.733435e-308
1.736839e-308
2.419426e-308
3.312009e-308
1.571493e-308
2.178747e-308
2.984174e-308
1.736838e-308
2.419424e-308
3.312007e-308
1.59041e-308
2.219972e-308
3.060971e-308
1.93609e-308
2.720189e-308
3.733434e-308
1.951693e-308
2.755105e-308
3.800971e-308
1.778428e-308
2.506081e-308
3.469212e-308
1.936089e-308
2.720189e-308
3.733434e-308
1.951693e-308
2.755104e-308
3.800969e-308
1.778427e-308
2.50608e-308
3.469211e-308
1.736837e-308
2.419424e-308
3.312007e-308
1.571493e-308
2.178746e-308
2.984174e-308
1.59041e-308
2.219971e-308
3.06097e-308
1.778428e-308
2.506081e-308
3.469212e-308
1.951693e-308
2.755105e-308
3.80097e-308
1.59041e-308
2.219972e-308
3.06097e-308
1.93609e-308
2.720189e-308
3.733434e-308
1.736838e-308
2.419424e-308
3.312007e-308
1.571493e-308
2.178746e-308
2.984174e-308
1.59041e-308
2.219972e-308
3.060972e-308
1.93609e-308
2.72019e-308
3.733435e-308
1.778428e-308
2.506081e-308
3.469211e-308
1.736838e-308
2.419425e-308
3.312008e-308
1.571493e-308
2.178748e-308
2.984175e-308
1.951693e-308
2.755104e-308
3.800971e-308
1.736837e-308
2.419424e-308
3.312006e-308
1.590409e-308
2.219971e-308
3.060969e-308
1.571492e-308
2.178746e-308
2.984173e-308
1.778427e-308
2.50608e-308
3.469209e-308
1.936089e-308
2.720188e-308
3.733432e-308
1.951692e-308
2.755103e-308
3.800968e-308
1.571493e-308
2.178747e-308
2.984175e-308
1.59041e-308
2.219972e-308
3.060971e-308
1.736838e-308
2.419424e-308
3.312007e-308
1.93609e-308
2.720189e-308
3.733433e-308
1.778428e-308
2.506081e-308
3.469211e-308
1.951694e-308
2.755104e-308
3.80097e-308
1.778428e-308
2.506081e-308
3.469212e-308
1.59041e-308
2.219972e-308
3.060972e-308
1.951694e-308
2.755105e-308
3.800971e-308
1.93609e-308
2.72019e-308
3.733436e-308
1.571494e-308
2.178748e-308
2.984176e-308
1.736838e-308
2.419425e-308
3.312009e-308
1.736837e-308
2.419424e-308
3.312007e-308
1.571492e-308
2.178746e-308
2.984173e-308
1.936089e-308
2.720189e-308
3.733433e-308
1.590409e-308
2.219971e-308
3.06097e-308
1.951693e-308
2.755104e-308
3.800969e-308
1.778427e-308
2.50608e-308
3.46921e-308
1.778428e-308
2.506081e-308
3.469211e-308
1.951693e-308
2.755105e-308
3.80097e-308
1.59041e-308
2.219972e-308
3.060971e-308
1.571493e-308
2.178747e-308
2.984175e-308
1.736838e-308
2.419425e-308
3.312007e-308
1.93609e-308
2.720189e-308
3.733434e-308
1.394541e-308
1.807097e-308
2.327928e-308
1.856737e-308
2.566656e-308
3.46436e-308
1.692833e-308
2.329956e-308
3.152494e-308
1.479169e-308
1.981717e-308
2.627048e-308
1.786894e-308
2.445888e-308
3.271848e-308
1.553527e-308
2.074119e-308
2.728811e-308
1.553525e-308
2.074117e-308
2.728808e-308
1.479167e-308
1.981715e-308
2.627044e-308
1.394539e-308
1.807094e-308
2.327924e-308
1.856736e-308
2.566655e-308
3.464358e-308
1.692832e-308
2.329954e-308
3.152491e-308
1.786893e-308
2.445887e-308
3.271846e-308
1.553526e-308
2.074118e-308
2.728809e-308
1.39454e-308
1.807096e-308
2.327927e-308
1.786893e-308
2.445887e-308
3.271846e-308
1.479169e-308
1.981716e-308
2.627046e-308
1.856736e-308
2.566655e-308
3.464358e-308
1.692833e-308
2.329954e-308
3.152492e-308
1.394542e-308
1.807098e-308
2.32793e-308
1.786895e-308
2.445889e-308
3.27185e-308
1.692834e-308
2.329956e-308
3.152495e-308
1.47917e-308
1.981718e-308
2.627049e-308
1.553528e-308
2.07412e-308
2.728812e-308
1.856738e-308
2.566657e-308
3.464361e-308
1.856736e-308
2.566655e-308
3.464358e-308
1.692832e-308
2.329954e-308
3.152491e-308
1.553525e-308
2.074116e-308
2.728807e-308
1.394539e-308
1.807093e-308
2.327923e-308
1.786893e-308
2.445887e-308
3.271846e-308
1.479167e-308
1.981714e-308
2.627044e-308
1.479169e-308
1.981717e-308
2.627047e-308
1.692833e-308
2.329955e-308
3.152493e-308
1.856737e-308
2.566656e-308
3.464359e-308
1.394541e-308
1.807096e-308
2.327927e-308
1.553527e-308
2.074119e-308
2.72881e-308
1.786894e-308
2.445888e-308
3.271847e-308
8.25047e-309
1.019052e-308
1.254723e-308
7.140396e-309
8.693493e-309
1.063915e-308
1.055638e-308
1.325808e-308
1.647568e-308
1.055638e-308
1.325808e-308
1.647568e-308
8.250472e-309
1.019052e-308
1.254723e-308
1.104821e-308
1.405592e-308
1.762127e-308
1.055638e-308
1.325807e-308
1.647566e-308
8.250466e-309
1.019052e-308
1.254722e-308
8.250466e-309
1.019052e-308
1.254722e-308
1.055638e-308
1.325808e-308
1.647566e-308
7.140392e-309
8.693487e-309
1.063914e-308
1.10482e-308
1.405591e-308
1.762126e-308
8.250477e-309
1.019053e-308
1.254724e-308
8.250476e-309
1.019053e-308
1.254724e-308
7.140402e-309
8.693499e-309
1.063915e-308
1.055639e-308
1.325809e-308
1.647569e-308
1.055639e-308
1.325809e-308
1.647569e-308
1.104822e-308
1.405593e-308
1.762128e-308
1.10482e-308
1.405591e-308
1.762126e-308
7.140392e-309
8.693487e-309
1.063914e-308
8.250466e-309
1.019052e-308
1.254722e-308
1.055638e-308
1.325808e-308
1.647567e-308
1.055638e-308
1.325807e-308
1.647567e-308
8.250468e-309
1.019052e-308
1.254722e-308
8.250468e-309
1.019052e-308
1.254722e-308
7.140394e-309
8.693488e-309
1.063914e-308
8.250468e-309
1.019052e-308
1.254722e-308
1.055638e-308
1.325808e-308
1.647567e-308
1.055638e-308
1.325808e-308
1.647567e-308
1.104821e-308
1.405591e-308
1.762126e-308
8.25047e-309
1.019052e-308
1.254723e-308
7.140396e-309
8.693491e-309
1.063915e-308
8.250471e-309
1.019052e-308
1.254723e-308
1.055638e-308
1.325808e-308
1.647567e-308
1.104821e-308
1.405592e-308
1.762127e-308
1.055639e-308
1.325809e-308
1.647568e-308
2.348916e-305
2.925386e-305
3.661906e-305
2.503076e-305
3.133202e-305
3.942466e-305
2.435403e-305
3.037944e-305
3.803271e-305
2.141247e-305
2.639697e-305
3.268375e-305
2.233976e-305
2.768837e-305
3.43657e-305
2.093796e-305
2.576762e-305
3.17968e-305
2.503076e-305
3.133202e-305
3.942464e-305
2.435402e-305
3.037943e-305
3.803268e-305
2.233974e-305
2.768834e-305
3.436565e-305
2.348916e-305
2.925384e-305
3.661903e-305
2.093795e-305
2.576759e-305
3.179676e-305
2.141246e-305
2.639695e-305
3.268371e-305
2.141248e-305
2.639699e-305
3.268376e-305
2.093798e-305
2.576764e-305
3.179682e-305
2.233977e-305
2.768839e-305
3.436571e-305
2.348919e-305
2.925389e-305
3.661909e-305
2.435406e-305
3.037948e-305
3.803275e-305
2.50308e-305
3.133206e-305
3.942471e-305
2.233975e-305
2.768836e-305
3.436568e-305
2.435402e-305
3.037944e-305
3.80327e-305
2.093795e-305
2.576761e-305
3.179678e-305
2.503075e-305
3.133201e-305
3.942464e-305
2.141246e-305
2.639696e-305
3.268374e-305
2.348916e-305
2.925385e-305
3.661904e-305
2.503077e-305
3.133203e-305
3.942467e-305
2.348917e-305
2.925386e-305
3.661905e-305
2.141246e-305
2.639696e-305
3.268373e-305
2.435403e-305
3.037945e-305
3.803271e-305
2.093796e-305
2.576761e-305
3.179678e-305
2.233975e-305
2.768836e-305
3.436567e-305
2.141246e-305
2.639696e-305
3.268373e-305
2.093796e-305
2.576761e-305
3.179678e-305
2.233975e-305
2.768836e-305
3.436568e-305
2.348917e-305
2.925386e-305
3.661906e-305
2.435404e-305
3.037945e-305
3.803271e-305
2.503078e-305
3.133204e-305
3.942467e-305
1.016186e-308
1.287917e-308
1.6415e-308
1.193281e-308
1.523611e-308
1.940043e-308
1.010181e-308
1.299151e-308
1.690525e-308
1.376767e-308
1.867027e-308
2.516251e-308
1.349003e-308
1.794852e-308
2.37059e-308
1.203547e-308
1.60595e-308
2.147894e-308
1.203547e-308
1.60595e-308
2.147896e-308
1.349003e-308
1.794853e-308
2.370591e-308
1.010182e-308
1.299151e-308
1.690525e-308
1.193281e-308
1.523611e-308
1.940043e-308
1.376767e-308
1.867027e-308
2.516251e-308
1.016186e-308
1.287916e-308
1.641498e-308
1.016187e-308
1.287918e-308
1.6415e-308
1.010183e-308
1.299153e-308
1.690527e-308
1.193283e-308
1.523613e-308
1.940046e-308
1.203549e-308
1.605952e-308
2.147898e-308
1.376769e-308
1.867029e-308
2.516253e-308
1.349005e-308
1.794855e-308
2.370594e-308
1.19328e-308
1.52361e-308
1.940042e-308
1.016186e-308
1.287917e-308
1.641499e-308
1.010181e-308
1.29915e-308
1.690524e-308
1.349002e-308
1.794852e-308
2.370589e-308
1.376767e-308
1.867026e-308
2.51625e-308
1.203547e-308
1.605949e-308
2.147894e-308
1.376768e-308
1.867027e-308
2.516252e-308
1.203548e-308
1.605951e-308
2.147896e-308
1.193282e-308
1.523612e-308
1.940044e-308
1.349004e-308
1.794854e-308
2.370592e-308
1.016186e-308
1.287917e-308
1.641499e-308
1.010182e-308
1.299152e-308
1.690525e-308
1.349004e-308
1.794854e-308
2.370592e-308
1.376768e-308
1.867027e-308
2.516252e-308
1.193282e-308
1.523612e-308
1.940044e-308
1.203548e-308
1.605951e-308
2.147897e-308
1.016186e-308
1.287917e-308
1.641499e-308
1.010183e-308
1.299152e-308
1.690526e-308
1.213755e-308
1.632115e-308
2.201868e-308
1.016539e-308
1.325782e-308
1.757426e-308
1.01654e-308
1.325783e-308
1.757427e-308
1.408269e-308
1.941184e-308
2.660694e-308
1.408269e-308
1.941184e-308
2.660694e-308
1.213754e-308
1.632114e-308
2.201866e-308
1.016539e-308
1.325781e-308
1.757425e-308
1.213754e-308
1.632113e-308
2.201865e-308
1.408268e-308
1.941182e-308
2.660692e-308
1.213754e-308
1.632113e-308
2.201866e-308
1.01654e-308
1.325782e-308
1.757425e-308
1.408268e-308
1.941182e-308
2.660692e-308
1.408269e-308
1.941184e-308
2.660694e-308
1.408269e-308
1.941184e-308
2.660694e-308
1.213755e-308
1.632115e-308
2.201868e-308
1.213755e-308
1.632115e-308
2.201867e-308
1.016541e-308
1.325784e-308
1.757428e-308
1.016541e-308
1.325784e-308
1.757428e-308
1.016539e-308
1.325782e-308
1.757425e-308
1.213754e-308
1.632113e-308
2.201866e-308
1.01654e-308
1.325783e-308
1.757427e-308
1.213755e-308
1.632115e-308
2.201868e-308
1.408269e-308
1.941183e-308
2.660693e-308
1.408269e-308
1.941183e-308
2.660694e-308
1.016539e-308
1.325781e-308
1.757425e-308
1.408268e-308
1.941183e-308
2.660692e-308
1.213754e-308
1.632114e-308
2.201867e-308
1.408268e-308
1.941183e-308
2.660693e-308
1.213754e-308
1.632113e-308
2.201865e-308
1.01654e-308
1.325782e-308
1.757425e-308
1.016541e-308
1.325784e-308
1.757428e-308
1.016541e-308
1.325784e-308
1.757428e-308
1.213755e-308
1.632115e-308
2.201867e-308
1.213755e-308
1.632114e-308
2.201867e-308
1.408269e-308
1.941183e-308
2.660693e-308
1.408269e-308
1.941183e-308
2.660693e-308
1.193282e-308
1.523612e-308
1.940045e-308
1.349004e-308
1.794855e-308
2.370594e-308
1.016187e-308
1.287918e-308
1.6415e-308
1.376768e-308
1.867028e-308
2.516254e-308
1.010183e-308
1.299153e-308
1.690527e-308
1.203548e-308
1.605952e-308
2.147898e-308
1.376766e-308
1.867026e-308
2.51625e-308
1.349002e-308
1.794852e-308
2.370589e-308
1.010181e-308
1.29915e-308
1.690524e-308
1.203546e-308
1.605949e-308
2.147893e-308
1.016186e-308
1.287917e-308
1.641499e-308
1.19328e-308
1.52361e-308
1.940042e-308
1.016186e-308
1.287917e-308
1.641499e-308
1.010183e-308
1.299152e-308
1.690526e-308
1.203548e-308
1.605951e-308
2.147896e-308
1.193282e-308
1.523611e-308
1.940043e-308
1.376768e-308
1.867028e-308
2.516252e-308
1.349004e-308
1.794854e-308
2.370592e-308
1.376769e-308
1.867029e-308
2.516254e-308
1.203549e-308
1.605952e-308
2.147897e-308
1.010183e-308
1.299153e-308
1.690527e-308
1.193283e-308
1.523613e-308
1.940046e-308
1.349005e-308
1.794856e-308
2.370594e-308
1.016187e-308
1.287919e-308
1.641501e-308
1.376767e-308
1.867026e-308
2.516249e-308
1.203546e-308
1.605948e-308
2.147893e-308
1.349002e-308
1.794851e-308
2.370588e-308
1.010181e-308
1.29915e-308
1.690523e-308
1.19328e-308
1.523609e-308
1.940041e-308
1.016186e-308
1.287916e-308
1.641498e-308
1.376768e-308
1.867028e-308
2.516252e-308
1.203548e-308
1.605951e-308
2.147896e-308
1.349004e-308
1.794854e-308
2.370592e-308
1.010183e-308
1.299152e-308
1.690526e-308
1.016186e-308
1.287917e-308
1.641499e-308
1.193282e-308
1.523611e-308
1.940044e-308
2.093796e-305
2.576762e-305
3.17968e-305
2.141247e-305
2.639698e-305
3.268375e-305
2.435404e-305
3.037946e-305
3.803273e-305
2.233976e-305
2.768838e-305
3.436569e-305
2.503079e-305
3.133205e-305
3.94247e-305
2.348918e-305
2.925388e-305
3.661907e-305
2.233975e-305
2.768837e-305
3.436569e-305
2.503075e-305
3.133201e-305
3.942465e-305
2.348916e-305
2.925385e-305
3.661904e-305
2.435403e-305
3.037945e-305
3.803271e-305
2.093796e-305
2.576762e-305
3.179679e-305
2.141246e-305
2.639697e-305
3.268374e-305
2.503077e-305
3.133203e-305
3.942466e-305
2.233975e-305
2.768835e-305
3.436567e-305
2.435403e-305
3.037945e-305
3.80327e-305
2.348917e-305
2.925386e-305
3.661904e-305
2.093795e-305
2.57676e-305
3.179677e-305
2.141246e-305
2.639696e-305
3.268372e-305
2.348919e-305
2.925389e-305
3.66191e-305
2.141249e-305
2.639699e-305
3.268377e-305
2.233977e-305
2.768839e-305
3.436572e-305
2.50308e-305
3.133208e-305
3.942473e-305
2.093798e-305
2.576764e-305
3.179682e-305
2.435406e-305
3.037949e-305
3.803276e-305
2.348915e-305
2.925383e-305
3.661902e-305
2.503075e-305
3.1332e-305
3.942463e-305
2.435401e-305
3.037942e-305
3.803268e-305
2.141246e-305
2.639695e-305
3.268372e-305
2.233974e-305
2.768835e-305
3.436566e-305
2.093795e-305
2.57676e-305
3.179677e-305
2.348917e-305
2.925386e-305
3.661905e-305
2.503078e-305
3.133204e-305
3.942467e-305
2.141246e-305
2.639696e-305
3.268372e-305
2.233975e-305
2.768836e-305
3.436567e-305
2.435404e-305
3.037945e-305
3.803271e-305
2.093796e-305
2.576761e-305
3.179677e-305
6.176338e-306
7.25437e-306
8.725452e-306
6.176339e-306
7.254371e-306
8.725453e-306
8.801147e-307
1.02553e-306
1.224168e-306
1.763262e-306
2.060625e-306
2.467713e-306
9.139635e-306
1.076383e-305
1.299706e-305
1.763262e-306
2.060625e-306
2.467714e-306
6.176335e-306
7.254365e-306
8.725445e-306
8.801145e-307
1.02553e-306
1.224167e-306
6.176336e-306
7.254367e-306
8.725446e-306
1.763262e-306
2.060624e-306
2.467712e-306
9.13963e-306
1.076382e-305
1.299705e-305
1.763262e-306
2.060624e-306
2.467711e-306
1.763263e-306
2.060626e-306
2.467715e-306
6.176343e-306
7.254375e-306
8.725455e-306
8.801158e-307
1.025531e-306
1.224169e-306
9.139642e-306
1.076384e-305
1.299706e-305
6.176344e-306
7.254376e-306
8.725458e-306
1.763265e-306
2.060627e-306
2.467717e-306
8.801139e-307
1.02553e-306
1.224167e-306
1.763261e-306
2.060623e-306
2.467712e-306
1.763261e-306
2.060623e-306
2.467712e-306
6.176335e-306
7.254367e-306
8.725447e-306
6.176335e-306
7.254366e-306
8.725446e-306
9.139631e-306
1.076383e-305
1.299705e-305
8.801149e-307
1.02553e-306
1.224167e-306
6.176338e-306
7.254369e-306
8.725448e-306
6.176337e-306
7.254367e-306
8.725446e-306
1.763262e-306
2.060625e-306
2.467712e-306
9.139633e-306
1.076383e-305
1.299705e-305
1.763263e-306
2.060626e-306
2.467713e-306
6.176339e-306
7.25437e-306
8.725448e-306
9.139635e-306
1.076383e-305
1.299705e-305
1.763262e-306
2.060625e-306
2.467714e-306
1.763263e-306
2.060625e-306
2.467712e-306
6.176338e-306
7.25437e-306
8.725453e-306
8.801151e-307
1.02553e-306
1.224167e-306
1.040825e-305
1.269494e-305
1.553946e-305
1.744068e-305
2.135174e-305
2.623904e-305
7.589705e-306
9.067819e-306
1.099416e-305
2.706737e-306
3.240797e-306
3.925764e-306
3.265743e-306
3.962212e-306
4.829214e-306
1.391215e-305
1.688569e-305
2.066371e-305
3.265743e-306
3.962209e-306
4.829208e-306
1.744067e-305
2.135172e-305
2.623901e-305
1.040825e-305
1.269494e-305
1.553944e-305
1.391214e-305
1.688568e-305
2.066369e-305
2.706736e-306
3.240796e-306
3.925761e-306
7.589702e-306
9.067814e-306
1.099415e-305
1.744069e-305
2.135176e-305
2.623905e-305
1.040826e-305
1.269495e-305
1.553947e-305
3.265747e-306
3.962216e-306
4.829216e-306
1.391216e-305
1.688571e-305
2.066372e-305
7.589713e-306
9.067827e-306
1.099417e-305
2.706739e-306
3.240799e-306
3.925765e-306
2.706735e-306
3.240795e-306
3.925761e-306
7.589702e-306
9.067815e-306
1.099415e-305
1.744067e-305
2.135173e-305
2.623903e-305
1.391214e-305
1.688569e-305
2.06637e-305
1.040825e-305
1.269494e-305
1.553945e-305
3.265743e-306
3.962211e-306
4.82921e-306
1.040825e-305
1.269494e-305
1.553945e-305
1.744068e-305
2.135173e-305
2.623902e-305
1.391214e-305
1.688569e-305
2.066369e-305
3.265744e-306
3.962213e-306
4.829213e-306
7.589704e-306
9.067816e-306
1.099415e-305
2.706737e-306
3.240797e-306
3.925761e-306
7.589706e-306
9.067816e-306
1.099415e-305
2.706736e-306
3.240795e-306
3.925759e-306
3.265743e-306
3.96221e-306
4.829209e-306
1.391215e-305
1.688569e-305
2.06637e-305
1.040825e-305
1.269494e-305
1.553945e-305
1.744068e-305
2.135174e-305
2.623903e-305
9.677444e-306
1.180816e-305
1.474058e-305
1.627896e-305
2.004733e-305
2.508231e-305
1.067739e-305
1.304505e-305
1.601985e-305
1.829052e-305
2.247005e-305
2.779319e-305
3.479489e-306
4.239316e-306
5.204402e-306
3.28648e-306
3.996735e-306
4.952195e-306
3.286474e-306
3.996724e-306
4.952181e-306
9.677427e-306
1.180814e-305
1.474054e-305
3.479486e-306
4.239308e-306
5.20439e-306
1.067739e-305
1.304504e-305
1.601983e-305
1.627895e-305
2.00473e-305
2.508226e-305
1.829051e-305
2.247002e-305
2.779315e-305
9.677441e-306
1.180816e-305
1.474057e-305
1.06774e-305
1.304505e-305
1.601985e-305
3.479491e-306
4.239317e-306
5.204403e-306
1.829053e-305
2.247006e-305
2.77932e-305
1.627896e-305
2.004733e-305
2.508229e-305
3.28648e-306
3.996735e-306
4.952194e-306
3.479488e-306
4.239311e-306
5.204396e-306
1.067739e-305
1.304504e-305
1.601984e-305
3.286478e-306
3.99673e-306
4.95219e-306
1.829052e-305
2.247004e-305
2.779317e-305
1.627896e-305
2.004732e-305
2.508229e-305
9.677442e-306
1.180816e-305
1.474056e-305
3.479488e-306
4.239311e-306
5.204394e-306
3.286476e-306
3.996727e-306
4.952185e-306
1.067739e-305
1.304505e-305
1.601985e-305
9.677432e-306
1.180814e-305
1.474054e-305
1.829052e-305
2.247004e-305
2.779317e-305
1.627896e-305
2.004731e-305
2.508227e-305
1.067739e-305
1.304504e-305
1.601984e-305
9.677437e-306
1.180815e-305
1.474055e-305
3.479488e-306
4.239314e-306
5.204398e-306
1.829052e-305
2.247004e-305
2.779317e-305
3.286479e-306
3.996733e-306
4.95219e-306
1.627896e-305
2.004731e-305
2.508227e-305
3.119268e-306
3.823886e-306
4.862122e-306
9.30738e-306
1.148595e-305
1.472543e-305
1.531421e-305
1.919007e-305
2.489846e-305
9.411984e-306
1.153071e-305
1.457466e-305
3.138199e-306
3.830824e-306
4.830641e-306
1.529301e-305
1.904713e-305
2.449681e-305
1.53142e-305
1.919004e-305
2.489841e-305
9.307354e-306
1.148591e-305
1.472537e-305
3.119251e-306
3.823864e-306
4.862089e-306
3.138181e-306
3.830799e-306
4.830609e-306
9.411945e-306
1.153065e-305
1.457459e-305
1.5293e-305
1.904709e-305
2.449676e-305
9.411977e-306
1.15307e-305
1.457464e-305
3.138196e-306
3.830819e-306
4.830633e-306
9.307392e-306
1.148595e-305
1.472544e-305
1.529302e-305
1.904714e-305
2.449681e-305
3.119266e-306
3.823884e-306
4.862114e-306
1.531425e-305
1.91901e-305
2.489849e-305
9.411982e-306
1.15307e-305
1.457465e-305
1.529301e-305
1.904711e-305
2.449679e-305
1.531421e-305
1.919005e-305
2.489843e-305
3.138198e-306
3.830818e-306
4.830629e-306
3.119268e-306
3.823882e-306
4.862113e-306
9.307379e-306
1.148593e-305
1.472541e-305
9.411948e-306
1.153066e-305
1.457459e-305
1.5293e-305
1.90471e-305
2.449676e-305
1.53142e-305
1.919004e-305
2.489841e-305
3.138183e-306
3.830801e-306
4.830609e-306
9.307354e-306
1.14859e-305
1.472537e-305
3.119252e-306
3.823863e-306
4.862089e-306
9.307388e-306
1.148595e-305
1.472543e-305
1.531424e-305
1.919009e-305
2.489848e-305
3.119264e-306
3.823882e-306
4.862109e-306
3.138194e-306
3.830816e-306
4.83063e-306
1.529302e-305
1.904712e-305
2.449679e-305
9.411973e-306
1.153069e-305
1.457463e-305
1.5293e-305
1.904711e-305
2.449679e-305
9.411952e-306
1.153067e-305
1.457461e-305
9.307359e-306
1.148592e-305
1.472539e-305
1.531421e-305
1.919006e-305
2.489844e-305
3.138183e-306
3.830804e-306
4.830616e-306
3.119253e-306
3.823869e-306
4.862097e-306
3.138196e-306
3.83082e-306
4.830639e-306
9.41198e-306
1.153071e-305
1.457466e-305
1.531421e-305
1.919006e-305
2.489843e-305
3.119267e-306
3.823884e-306
4.862117e-306
1.5293e-305
1.904712e-305
2.44968e-305
9.307377e-306
1.148594e-305
1.472541e-305
1.531424e-305
1.919009e-305
2.489848e-305
1.529302e-305
1.904713e-305
2.44968e-305
9.411972e-306
1.153069e-305
1.457463e-305
9.307393e-306
1.148596e-305
1.472543e-305
3.119264e-306
3.823879e-306
4.86211e-306
3.138194e-306
3.830815e-306
4.830629e-306
9.30736e-306
1.148591e-305
1.472538e-305
3.138184e-306
3.830804e-306
4.830614e-306
1.529301e-305
1.904712e-305
2.449679e-305
1.531422e-305
1.919006e-305
2.489843e-305
3.119254e-306
3.823867e-306
4.862092e-306
9.411957e-306
1.153067e-305
1.457461e-305
9.307377e-306
1.148594e-305
1.472541e-305
3.138197e-306
3.83082e-306
4.830636e-306
1.5293e-305
1.904711e-305
2.449679e-305
1.531421e-305
1.919006e-305
2.489843e-305
3.119268e-306
3.823887e-306
4.862117e-306
9.411981e-306
1.15307e-305
1.457465e-305
9.30739e-306
1.148595e-305
1.472543e-305
1.531424e-305
1.91901e-305
2.489848e-305
1.529302e-305
1.904712e-305
2.44968e-305
9.411972e-306
1.153069e-305
1.457463e-305
3.119264e-306
3.823881e-306
4.862108e-306
3.138194e-306
3.830816e-306
4.83063e-306
1.06774e-305
1.304506e-305
1.601986e-305
3.47949e-306
4.239317e-306
5.204402e-306
3.286477e-306
3.99673e-306
4.952189e-306
9.677436e-306
1.180815e-305
1.474056e-305
1.829053e-305
2.247005e-305
2.779319e-305
1.627896e-305
2.004732e-305
2.508229e-305
1.067739e-305
1.304504e-305
1.601984e-305
3.479488e-306
4.239313e-306
5.2044e-306
1.627896e-305
2.004732e-305
2.508229e-305
9.677441e-306
1.180816e-305
1.474057e-305
3.286478e-306
3.996732e-306
4.952193e-306
1.829052e-305
2.247004e-305
2.779318e-305
1.829051e-305
2.247003e-305
2.779315e-305
3.479486e-306
4.239308e-306
5.204391e-306
3.286477e-306
3.996728e-306
4.952187e-306
1.627895e-305
2.004731e-305
2.508227e-305
9.677434e-306
1.180815e-305
1.474055e-305
1.067738e-305
1.304504e-305
1.601983e-305
1.06774e-305
1.304506e-305
1.601987e-305
3.286479e-306
3.996732e-306
4.952194e-306
3.479492e-306
4.23932e-306
5.204408e-306
1.829054e-305
2.247007e-305
2.779321e-305
1.627897e-305
2.004734e-305
2.508231e-305
9.677442e-306
1.180816e-305
1.474056e-305
3.479487e-306
4.23931e-306
5.204395e-306
1.067738e-305
1.304504e-305
1.601983e-305
3.286478e-306
3.996731e-306
4.952192e-306
1.627895e-305
2.004731e-305
2.508228e-305
9.67744e-306
1.180816e-305
1.474057e-305
1.829051e-305
2.247003e-305
2.779317e-305
1.829051e-305
2.247004e-305
2.779316e-305
1.067739e-305
1.304504e-305
1.601983e-305
3.479488e-306
4.239312e-306
5.204395e-306
1.627895e-305
2.004731e-305
2.508227e-305
3.286477e-306
3.996729e-306
4.952187e-306
9.677436e-306
1.180815e-305
1.474055e-305
1.744069e-305
2.135175e-305
2.623905e-305
2.706738e-306
3.240799e-306
3.925766e-306
1.391215e-305
1.68857e-305
2.066372e-305
7.589707e-306
9.067822e-306
1.099417e-305
3.265746e-306
3.962214e-306
4.829216e-306
1.040826e-305
1.269496e-305
1.553947e-305
1.040825e-305
1.269494e-305
1.553946e-305
2.706736e-306
3.240796e-306
3.925762e-306
3.265743e-306
3.962212e-306
4.829212e-306
7.589705e-306
9.067818e-306
1.099416e-305
1.744068e-305
2.135174e-305
2.623904e-305
1.391215e-305
1.688569e-305
2.066371e-305
1.391214e-305
1.688568e-305
2.066369e-305
7.589702e-306
9.067815e-306
1.099416e-305
2.706735e-306
3.240795e-306
3.92576e-306
1.040825e-305
1.269493e-305
1.553944e-305
1.744067e-305
2.135173e-305
2.623902e-305
3.265743e-306
3.962211e-306
4.82921e-306
1.744069e-305
2.135176e-305
2.623905e-305
1.391216e-305
1.68857e-305
2.066372e-305
7.589712e-306
9.067825e-306
1.099417e-305
1.040827e-305
1.269496e-305
1.553948e-305
2.70674e-306
3.2408e-306
3.925765e-306
3.265748e-306
3.962216e-306
4.829216e-306
1.391214e-305
1.688568e-305
2.066369e-305
1.744067e-305
2.135172e-305
2.623901e-305
7.589702e-306
9.067813e-306
1.099415e-305
1.040825e-305
1.269493e-305
1.553945e-305
2.706735e-306
3.240794e-306
3.925759e-306
3.265741e-306
3.962208e-306
4.829206e-306
7.589705e-306
9.067816e-306
1.099415e-305
1.040825e-305
1.269494e-305
1.553945e-305
2.706736e-306
3.240796e-306
3.925761e-306
1.391215e-305
1.688569e-305
2.066369e-305
1.744068e-305
2.135173e-305
2.623901e-305
3.265744e-306
3.962213e-306
4.829211e-306
3.376811e-305
4.026914e-305
4.790363e-305
3.37681e-305
4.026913e-305
4.790362e-305
3.376811e-305
4.026914e-305
4.790363e-305
3.376811e-305
4.026915e-305
4.790363e-305
3.376811e-305
4.026914e-305
4.790363e-305
3.37681e-305
4.026913e-305
4.790362e-305
4.625661e-308
5.392487e-308
6.286064e-308
4.625661e-308
5.392487e-308
6.286064e-308
4.61057e-308
5.415171e-308
6.353015e-308
4.635602e-308
5.420465e-308
6.334872e-308
4.635602e-308
5.420465e-308
6.334872e-308
4.614389e-308
5.375662e-308
6.263254e-308
4.61057e-308
5.415171e-308
6.353016e-308
4.635602e-308
5.420466e-308
6.334873e-308
4.62566e-308
5.392487e-308
6.286063e-308
4.635601e-308
5.420465e-308
6.334872e-308
4.625661e-308
5.392487e-308
6.286064e-308
4.614389e-308
5.375661e-308
6.263254e-308
4.61057e-308
5.41517e-308
6.353015e-308
4.635602e-308
5.420465e-308
6.334872e-308
4.625661e-308
5.392487e-308
6.286064e-308
4.61439e-308
5.375662e-308
6.263255e-308
4.62566e-308
5.392487e-308
6.286064e-308
4.635601e-308
5.420465e-308
6.334872e-308
4.62566e-308
5.392486e-308
6.286063e-308
4.6356e-308
5.420464e-308
6.334871e-308
4.635601e-308
5.420464e-308
6.334871e-308
4.610568e-308
5.415169e-308
6.353014e-308
4.614388e-308
5.37566e-308
6.263253e-308
4.625658e-308
5.392484e-308
6.286062e-308
4.625659e-308
5.392485e-308
6.286062e-308
4.635602e-308
5.420465e-308
6.334872e-308
4.625659e-308
5.392485e-308
6.286062e-308
4.614388e-308
5.37566e-308
6.263253e-308
4.610568e-308
5.415169e-308
6.353014e-308
4.6356e-308
5.420463e-308
6.334871e-308
4.61057e-308
5.415171e-308
6.353015e-308
4.635601e-308
5.420465e-308
6.334872e-308
4.61439e-308
5.375663e-308
6.263255e-308
4.635602e-308
5.420466e-308
6.334873e-308
4.62566e-308
5.392486e-308
6.286064e-308
4.62566e-308
5.392487e-308
6.286064e-308
4.515389e-308
5.260592e-308
6.135789e-308
4.423409e-308
5.164287e-308
6.053802e-308
4.384492e-308
5.131343e-308
6.070414e-308
4.559231e-308
5.309811e-308
6.187273e-308
4.42341e-308
5.164288e-308
6.053802e-308
4.515389e-308
5.260592e-308
6.135789e-308
4.384491e-308
5.131342e-308
6.070413e-308
4.515388e-308
5.260591e-308
6.135787e-308
4.515388e-308
5.260591e-308
6.135787e-308
4.423408e-308
5.164286e-308
6.0538e-308
4.423408e-308
5.164286e-308
6.0538e-308
4.55923e-308
5.30981e-308
6.187272e-308
4.559232e-308
5.309812e-308
6.187274e-308
4.515389e-308
5.260592e-308
6.135789e-308
4.515389e-308
5.260593e-308
6.13579e-308
4.42341e-308
5.164289e-308
6.053804e-308
4.42341e-308
5.164289e-308
6.053804e-308
4.384493e-308
5.131345e-308
6.070416e-308
4.423409e-308
5.164287e-308
6.053801e-308
4.423409e-308
5.164287e-308
6.053801e-308
4.515388e-308
5.26059e-308
6.135787e-308
4.515387e-308
5.26059e-308
6.135787e-308
4.559229e-308
5.309809e-308
6.187271e-308
4.38449e-308
5.131342e-308
6.070413e-308
4.515387e-308
5.26059e-308
6.135787e-308
4.55923e-308
5.30981e-308
6.187272e-308
4.423408e-308
5.164286e-308
6.053801e-308
4.515387e-308
5.26059e-308
6.135787e-308
4.423408e-308
5.164286e-308
6.053801e-308
4.38449e-308
5.131342e-308
6.070413e-308
4.559232e-308
5.309811e-308
6.187273e-308
4.515389e-308
5.260592e-308
6.135788e-308
4.384492e-308
5.131344e-308
6.070415e-308
4.515389e-308
5.260592e-308
6.135788e-308
4.423409e-308
5.164287e-308
6.053802e-308
4.423409e-308
5.164287e-308
6.053802e-308
4.530259e-308
5.273802e-308
6.14164e-308
4.44989e-308
5.180067e-308
6.032593e-308
4.593891e-308
5.349018e-308
6.229043e-308
4.530258e-308
5.273801e-308
6.141639e-308
4.44989e-308
5.180067e-308
6.032593e-308
4.593891e-308
5.349018e-308
6.229043e-308
4.530259e-308
5.273802e-308
6.14164e-308
4.593891e-308
5.349018e-308
6.229042e-308
4.593891e-308
5.349018e-308
6.229043e-308
4.530258e-308
5.273801e-308
6.141639e-308
4.44989e-308
5.180066e-308
6.032592e-308
4.44989e-308
5.180066e-308
6.032592e-308
4.593891e-308
5.349017e-308
6.229042e-308
4.593891e-308
5.349017e-308
6.229042e-308
4.530258e-308
5.273801e-308
6.141638e-308
4.530259e-308
5.273802e-308
6.14164e-308
4.449891e-308
5.180067e-308
6.032593e-308
4.449891e-308
5.180067e-308
6.032594e-308
4.530258e-308
5.2738e-308
6.141638e-308
4.449891e-308
5.180067e-308
6.032593e-308
4.44989e-308
5.180066e-308
6.032592e-308
4.59389e-308
5.349017e-308
6.229042e-308
4.530258e-308
5.273801e-308
6.141639e-308
4.593891e-308
5.349018e-308
6.229043e-308
4.59389e-308
5.349016e-308
6.229041e-308
4.530257e-308
5.2738e-308
6.141638e-308
4.449889e-308
5.180066e-308
6.032592e-308
4.530257e-308
5.2738e-308
6.141638e-308
4.593889e-308
5.349016e-308
6.229041e-308
4.449889e-308
5.180065e-308
6.032591e-308
4.59389e-308
5.349016e-308
6.229041e-308
4.530258e-308
5.273801e-308
6.141639e-308
4.59389e-308
5.349017e-308
6.229042e-308
4.449889e-308
5.180066e-308
6.032592e-308
4.530256e-308
5.273799e-308
6.141637e-308
4.449889e-308
5.180066e-308
6.032592e-308
3.155038e-305
3.705863e-305
4.480952e-305
2.956762e-305
3.481025e-305
4.23443e-305
2.890836e-305
3.405985e-305
4.151535e-305
3.089777e-305
3.631979e-305
4.400147e-305
3.089777e-305
3.631979e-305
4.400147e-305
2.956762e-305
3.481025e-305
4.23443e-305
3.155037e-305
3.705862e-305
4.480951e-305
3.089776e-305
3.631979e-305
4.400146e-305
2.956762e-305
3.481024e-305
4.234428e-305
2.956762e-305
3.481024e-305
4.234429e-305
3.089776e-305
3.631978e-305
4.400145e-305
2.890835e-305
3.405984e-305
4.151534e-305
2.956764e-305
3.481027e-305
4.234432e-305
3.089778e-305
3.631981e-305
4.400149e-305
2.890837e-305
3.405987e-305
4.151538e-305
2.956764e-305
3.481027e-305
4.234432e-305
3.155039e-305
3.705864e-305
4.480955e-305
3.089778e-305
3.631981e-305
4.400149e-305
3.155038e-305
3.705863e-305
4.480952e-305
2.890836e-305
3.405986e-305
4.151535e-305
2.956762e-305
3.481025e-305
4.23443e-305
3.089777e-305
3.631979e-305
4.400147e-305
3.089777e-305
3.631979e-305
4.400147e-305
2.956762e-305
3.481025e-305
4.23443e-305
2.956762e-305
3.481025e-305
4.23443e-305
2.956762e-305
3.481025e-305
4.23443e-305
2.890836e-305
3.405985e-305
4.151535e-305
3.089776e-305
3.631979e-305
4.400147e-305
3.155038e-305
3.705862e-305
4.480952e-305
3.089776e-305
3.631979e-305
4.400147e-305
2.956763e-305
3.481026e-305
4.234431e-305
2.890836e-305
3.405986e-305
4.151536e-305
2.956763e-305
3.481026e-305
4.234431e-305
3.089777e-305
3.63198e-305
4.400148e-305
3.155038e-305
3.705863e-305
4.480953e-305
3.089777e-305
3.63198e-305
4.400148e-305
4.200317e-308
4.892291e-308
5.702703e-308
4.199233e-308
4.919119e-308
5.832869e-308
4.332713e-308
5.059888e-308
5.935329e-308
4.338386e-308
5.05507e-308
5.897784e-308
4.030447e-308
4.710225e-308
5.53418e-308
4.031856e-308
4.698917e-308
5.485322e-308
4.030446e-308
4.710224e-308
5.534178e-308
4.031856e-308
4.698916e-308
5.485321e-308
4.199232e-308
4.919118e-308
5.832867e-308
4.200317e-308
4.89229e-308
5.702702e-308
4.332713e-308
5.059887e-308
5.935328e-308
4.338386e-308
5.055069e-308
5.897782e-308
4.200319e-308
4.892292e-308
5.702705e-308
4.338387e-308
5.055071e-308
5.897785e-308
4.031857e-308
4.698918e-308
5.485324e-308
4.199234e-308
4.919122e-308
5.832871e-308
4.332715e-308
5.059889e-308
5.935332e-308
4.030448e-308
4.710227e-308
5.534182e-308
4.338387e-308
5.05507e-308
5.897783e-308
4.200318e-308
4.892291e-308
5.702704e-308
4.332713e-308
5.059887e-308
5.935329e-308
4.031857e-308
4.698918e-308
5.485323e-308
4.199233e-308
4.91912e-308
5.832869e-308
4.030447e-308
4.710226e-308
5.534181e-308
4.031856e-308
4.698916e-308
5.485321e-308
4.030446e-308
4.710224e-308
5.534179e-308
4.199232e-308
4.919118e-308
5.832868e-308
4.200316e-308
4.89229e-308
5.702702e-308
4.338385e-308
5.055068e-308
5.897782e-308
4.332712e-308
5.059886e-308
5.935328e-308
4.031857e-308
4.698917e-308
5.485323e-308
4.338386e-308
5.05507e-308
5.897784e-308
4.332714e-308
5.059888e-308
5.93533e-308
4.200317e-308
4.892291e-308
5.702703e-308
4.030447e-308
4.710226e-308
5.534181e-308
4.199233e-308
4.91912e-308
5.83287e-308
4.031857e-308
4.698917e-308
5.485323e-308
4.338386e-308
5.05507e-308
5.897783e-308
4.332714e-308
5.059888e-308
5.93533e-308
4.200316e-308
4.89229e-308
5.702703e-308
4.199233e-308
4.91912e-308
5.83287e-308
4.030447e-308
4.710226e-308
5.534181e-308
4.199233e-308
4.91912e-308
5.832868e-308
4.030447e-308
4.710225e-308
5.534179e-308
4.332714e-308
5.059888e-308
5.935329e-308
4.338387e-308
5.05507e-308
5.897784e-308
4.031856e-308
4.698917e-308
5.485322e-308
4.200317e-308
4.89229e-308
5.702703e-308
4.031857e-308
4.698918e-308
5.485323e-308
4.200318e-308
4.892291e-308
5.702704e-308
4.338387e-308
5.05507e-308
5.897783e-308
4.030447e-308
4.710225e-308
5.534179e-308
4.199232e-308
4.919119e-308
5.832868e-308
4.332713e-308
5.059887e-308
5.935329e-308
4.031857e-308
4.698918e-308
5.485324e-308
4.199234e-308
4.919121e-308
5.832871e-308
4.030447e-308
4.710226e-308
5.534182e-308
4.332714e-308
5.059889e-308
5.935331e-308
4.200318e-308
4.892291e-308
5.702704e-308
4.338386e-308
5.05507e-308
5.897784e-308
4.031856e-308
4.698916e-308
5.485322e-308
4.338386e-308
5.055069e-308
5.897782e-308
4.332713e-308
5.059887e-308
5.935328e-308
4.199232e-308
4.919119e-308
5.832868e-308
4.200316e-308
4.892289e-308
5.702702e-308
4.030446e-308
4.710225e-308
5.534179e-308
4.031857e-308
4.698917e-308
5.485323e-308
4.030447e-308
4.710225e-308
5.53418e-308
4.200317e-308
4.89229e-308
5.702703e-308
4.199232e-308
4.919119e-308
5.832869e-308
4.338385e-308
5.055069e-308
5.897783e-308
4.332713e-308
5.059887e-308
5.935329e-308
2.960094e-308
3.433818e-308
3.974002e-308
3.104283e-308
3.609401e-308
4.196893e-308
3.621959e-308
4.253305e-308
5.078882e-308
3.425205e-308
4.005237e-308
4.715855e-308
3.425205e-308
4.005237e-308
4.715856e-308
3.104283e-308
3.609401e-308
4.196893e-308
3.425206e-308
4.005237e-308
4.715855e-308
3.104283e-308
3.609401e-308
4.196893e-308
3.621958e-308
4.253304e-308
5.078881e-308
3.104283e-308
3.6094e-308
4.196892e-308
2.960095e-308
3.433818e-308
3.974002e-308
3.425205e-308
4.005236e-308
4.715855e-308
2.960097e-308
3.433821e-308
3.974006e-308
3.104285e-308
3.609403e-308
4.196896e-308
3.425207e-308
4.005239e-308
4.715858e-308
3.104285e-308
3.609403e-308
4.196896e-308
3.425207e-308
4.005239e-308
4.715859e-308
3.62196e-308
4.253307e-308
5.078885e-308
3.104283e-308
3.609401e-308
4.196893e-308
3.621959e-308
4.253305e-308
5.078882e-308
2.960094e-308
3.433818e-308
3.974002e-308
3.425206e-308
4.005237e-308
4.715856e-308
3.425205e-308
4.005237e-308
4.715856e-308
3.104283e-308
3.609401e-308
4.196893e-308
3.621959e-308
4.253306e-308
5.078883e-308
3.104284e-308
3.609401e-308
4.196894e-308
3.425206e-308
4.005237e-308
4.715856e-308
3.425206e-308
4.005237e-308
4.715856e-308
3.104284e-308
3.609401e-308
4.196894e-308
2.960095e-308
3.433819e-308
3.974003e-308
2.960096e-308
3.43382e-308
3.974004e-308
3.104284e-308
3.609402e-308
4.196894e-308
3.425206e-308
4.005238e-308
4.715857e-308
3.104284e-308
3.609402e-308
4.196894e-308
3.425206e-308
4.005238e-308
4.715857e-308
3.621959e-308
4.253306e-308
5.078883e-308
3.811027e-308
4.472284e-308
5.32907e-308
3.519504e-308
4.115505e-308
4.845009e-308
3.824856e-308
4.47202e-308
5.261544e-308
3.291332e-308
3.830714e-308
4.46382e-308
3.599379e-308
4.192957e-308
4.893904e-308
3.336354e-308
3.879085e-308
4.511622e-308
3.519503e-308
4.115504e-308
4.845007e-308
3.291331e-308
3.830713e-308
4.463818e-308
3.811026e-308
4.472282e-308
5.329068e-308
3.599378e-308
4.192956e-308
4.893902e-308
3.336353e-308
3.879084e-308
4.51162e-308
3.824854e-308
4.472018e-308
5.261542e-308
3.59938e-308
4.192959e-308
4.893906e-308
3.291333e-308
3.830716e-308
4.463822e-308
3.811029e-308
4.472286e-308
5.329072e-308
3.824857e-308
4.472021e-308
5.261546e-308
3.336356e-308
3.879087e-308
4.511623e-308
3.519505e-308
4.115506e-308
4.845011e-308
3.811028e-308
4.472284e-308
5.32907e-308
3.519504e-308
4.115505e-308
4.845009e-308
3.824856e-308
4.472021e-308
5.261545e-308
3.291332e-308
3.830715e-308
4.46382e-308
3.599379e-308
4.192958e-308
4.893905e-308
3.336355e-308
3.879086e-308
4.511622e-308
3.811027e-308
4.472283e-308
5.329069e-308
3.824855e-308
4.472019e-308
5.261544e-308
3.519504e-308
4.115505e-308
4.845009e-308
3.599378e-308
4.192957e-308
4.893904e-308
3.291332e-308
3.830714e-308
4.46382e-308
3.336354e-308
3.879085e-308
4.511622e-308
3.811028e-308
4.472284e-308
5.329071e-308
3.824856e-308
4.47202e-308
5.261545e-308
3.291332e-308
3.830715e-308
4.463821e-308
3.519504e-308
4.115505e-308
4.845009e-308
3.599379e-308
4.192958e-308
4.893905e-308
3.336355e-308
3.879086e-308
4.511622e-308
3.834553e-308
4.462781e-308
5.197325e-308
3.373964e-308
3.917184e-308
4.546941e-308
3.834553e-308
4.462781e-308
5.197325e-308
3.610665e-308
4.199374e-308
4.886882e-308
3.610666e-308
4.199374e-308
4.886882e-308
3.373964e-308
3.917184e-308
4.546941e-308
3.373963e-308
3.917183e-308
4.546939e-308
3.373963e-308
3.917183e-308
4.546939e-308
3.610664e-308
4.199373e-308
4.88688e-308
3.610665e-308
4.199373e-308
4.88688e-308
3.834552e-308
4.46278e-308
5.197323e-308
3.834552e-308
4.462779e-308
5.197323e-308
3.610667e-308
4.199375e-308
4.886883e-308
3.373965e-308
3.917185e-308
4.546942e-308
3.834554e-308
4.462782e-308
5.197326e-308
3.834554e-308
4.462781e-308
5.197326e-308
3.373965e-308
3.917185e-308
4.546942e-308
3.610666e-308
4.199375e-308
4.886883e-308
3.834554e-308
4.462781e-308
5.197326e-308
3.610667e-308
4.199375e-308
4.886883e-308
3.834553e-308
4.462781e-308
5.197326e-308
3.373965e-308
3.917185e-308
4.546942e-308
3.373965e-308
3.917185e-308
4.546942e-308
3.610666e-308
4.199375e-308
4.886883e-308
3.373964e-308
3.917184e-308
4.54694e-308
3.610665e-308
4.199373e-308
4.886881e-308
3.834552e-308
4.46278e-308
5.197324e-308
3.373964e-308
3.917183e-308
4.54694e-308
3.834552e-308
4.46278e-308
5.197324e-308
3.610665e-308
4.199374e-308
4.886881e-308
3.834553e-308
4.462781e-308
5.197325e-308
3.373964e-308
3.917184e-308
4.546941e-308
3.610666e-308
4.199374e-308
4.886882e-308
3.373964e-308
3.917184e-308
4.546941e-308
3.834553e-308
4.462781e-308
5.197325e-308
3.610666e-308
4.199374e-308
4.886882e-308
3.291332e-308
3.830715e-308
4.46382e-308
3.519504e-308
4.115505e-308
4.845009e-308
3.811028e-308
4.472284e-308
5.329071e-308
3.336355e-308
3.879086e-308
4.511622e-308
3.824856e-308
4.472021e-308
5.261545e-308
3.599379e-308
4.192957e-308
4.893905e-308
3.336354e-308
3.879084e-308
4.51162e-308
3.824855e-308
4.472019e-308
5.261543e-308
3.811026e-308
4.472283e-308
5.329069e-308
3.599377e-308
4.192956e-308
4.893902e-308
3.291331e-308
3.830713e-308
4.463819e-308
3.519503e-308
4.115504e-308
4.845008e-308
3.811027e-308
4.472283e-308
5.329069e-308
3.824856e-308
4.47202e-308
5.261544e-308
3.519504e-308
4.115505e-308
4.845008e-308
3.599379e-308
4.192958e-308
4.893905e-308
3.291332e-308
3.830715e-308
4.46382e-308
3.336355e-308
3.879086e-308
4.511623e-308
3.291333e-308
3.830716e-308
4.463822e-308
3.59938e-308
4.192959e-308
4.893906e-308
3.336356e-308
3.879087e-308
4.511624e-308
3.519505e-308
4.115507e-308
4.845011e-308
3.811029e-308
4.472285e-308
5.329072e-308
3.824857e-308
4.472021e-308
5.261547e-308
3.811027e-308
4.472283e-308
5.32907e-308
3.824856e-308
4.47202e-308
5.261544e-308
3.519504e-308
4.115505e-308
4.845009e-308
3.291332e-308
3.830714e-308
4.46382e-308
3.599378e-308
4.192957e-308
4.893904e-308
3.336354e-308
3.879085e-308
4.511622e-308
3.336355e-308
3.879086e-308
4.511622e-308
3.599379e-308
4.192957e-308
4.893904e-308
3.824856e-308
4.47202e-308
5.261545e-308
3.291332e-308
3.830714e-308
4.46382e-308
3.519504e-308
4.115505e-308
4.845009e-308
3.811027e-308
4.472283e-308
5.32907e-308
2.095576e-308
2.421491e-308
2.77151e-308
2.495958e-308
2.88034e-308
3.299789e-308
2.495958e-308
2.880341e-308
3.299789e-308
2.216786e-308
2.559149e-308
2.935513e-308
2.216786e-308
2.55915e-308
2.935514e-308
2.654631e-308
3.067352e-308
3.522935e-308
2.095576e-308
2.421491e-308
2.77151e-308
2.216787e-308
2.559151e-308
2.935515e-308
2.216787e-308
2.559151e-308
2.935515e-308
2.654633e-308
3.067353e-308
3.522936e-308
2.49596e-308
2.880343e-308
3.299791e-308
2.49596e-308
2.880343e-308
3.299792e-308
2.216789e-308
2.559153e-308
2.935518e-308
2.654635e-308
3.067356e-308
3.522939e-308
2.495962e-308
2.880345e-308
3.299795e-308
2.495962e-308
2.880345e-308
3.299795e-308
2.216789e-308
2.559153e-308
2.935518e-308
2.095578e-308
2.421493e-308
2.771513e-308
2.654632e-308
3.067352e-308
3.522935e-308
2.495958e-308
2.88034e-308
3.299789e-308
2.495958e-308
2.88034e-308
3.299789e-308
2.216786e-308
2.559149e-308
2.935513e-308
2.216786e-308
2.559149e-308
2.935513e-308
2.095576e-308
2.421491e-308
2.771509e-308
2.495961e-308
2.880343e-308
3.299792e-308
2.654633e-308
3.067354e-308
3.522937e-308
2.216788e-308
2.559152e-308
2.935516e-308
2.49596e-308
2.880343e-308
3.299792e-308
2.095577e-308
2.421492e-308
2.771511e-308
2.216788e-308
2.559152e-308
2.935516e-308
2.216788e-308
2.559152e-308
2.935516e-308
2.495961e-308
2.880344e-308
3.299793e-308
2.654634e-308
3.067354e-308
3.522938e-308
2.216788e-308
2.559152e-308
2.935517e-308
2.095577e-308
2.421492e-308
2.771511e-308
2.495961e-308
2.880344e-308
3.299793e-308
2.605876e-308
3.009347e-308
3.45258e-308
2.402691e-308
2.772705e-308
3.178597e-308
2.770633e-308
3.205189e-308
3.691023e-308
2.484652e-308
2.869556e-308
3.288111e-308
2.90705e-308
3.368429e-308
3.890404e-308
2.995251e-308
3.473231e-308
4.018119e-308
2.995251e-308
3.47323e-308
4.018118e-308
2.770633e-308
3.205188e-308
3.691022e-308
2.402692e-308
2.772707e-308
3.178598e-308
2.484653e-308
2.869557e-308
3.288111e-308
2.90705e-308
3.368428e-308
3.890403e-308
2.605877e-308
3.009348e-308
3.452581e-308
2.907052e-308
3.368431e-308
3.890407e-308
2.605879e-308
3.00935e-308
3.452584e-308
2.995253e-308
3.473233e-308
4.018121e-308
2.402695e-308
2.772709e-308
3.178602e-308
2.484655e-308
2.86956e-308
3.288115e-308
2.770635e-308
3.205191e-308
3.691026e-308
2.995252e-308
3.473231e-308
4.018119e-308
2.605876e-308
3.009347e-308
3.45258e-308
2.770633e-308
3.205189e-308
3.691023e-308
2.484652e-308
2.869556e-308
3.288111e-308
2.402691e-308
2.772705e-308
3.178596e-308
2.90705e-308
3.368429e-308
3.890404e-308
2.995252e-308
3.473231e-308
4.018119e-308
2.484654e-308
2.869558e-308
3.288112e-308
2.907051e-308
3.368429e-308
3.890405e-308
2.402693e-308
2.772708e-308
3.178599e-308
2.605878e-308
3.009349e-308
3.452582e-308
2.770634e-308
3.205189e-308
3.691024e-308
2.484654e-308
2.869558e-308
3.288113e-308
2.605878e-308
3.009349e-308
3.452583e-308
2.402693e-308
2.772708e-308
3.1786e-308
2.907051e-308
3.36843e-308
3.890405e-308
2.995252e-308
3.473231e-308
4.01812e-308
2.770634e-308
3.20519e-308
3.691025e-308
2.863516e-308
3.314978e-308
3.827418e-308
2.596491e-308
3.002796e-308
3.452724e-308
2.576928e-308
2.979618e-308
3.423608e-308
3.116973e-308
3.613568e-308
4.184407e-308
2.819079e-308
3.26248e-308
3.761595e-308
3.096517e-308
3.590847e-308
4.158472e-308
2.819079e-308
3.262479e-308
3.761594e-308
3.096517e-308
3.590846e-308
4.15847e-308
3.116973e-308
3.613567e-308
4.184406e-308
2.863515e-308
3.314977e-308
3.827417e-308
2.59649e-308
3.002795e-308
3.452723e-308
2.576927e-308
2.979618e-308
3.423607e-308
2.596493e-308
3.002797e-308
3.452726e-308
2.57693e-308
2.97962e-308
3.42361e-308
2.819081e-308
3.262482e-308
3.761597e-308
2.863517e-308
3.31498e-308
3.82742e-308
3.096519e-308
3.590848e-308
4.158474e-308
3.116975e-308
3.61357e-308
4.184409e-308
2.576928e-308
2.979619e-308
3.423608e-308
2.81908e-308
3.26248e-308
3.761595e-308
2.863517e-308
3.314979e-308
3.827419e-308
2.596492e-308
3.002796e-308
3.452724e-308
3.096518e-308
3.590847e-308
4.158472e-308
3.116974e-308
3.613569e-308
4.184408e-308
3.096517e-308
3.590847e-308
4.158471e-308
3.116973e-308
3.613568e-308
4.184407e-308
2.863516e-308
3.314978e-308
3.827418e-308
2.819079e-308
3.26248e-308
3.761595e-308
2.576928e-308
2.979619e-308
3.423608e-308
2.596491e-308
3.002796e-308
3.452724e-308
3.096518e-308
3.590847e-308
4.158472e-308
3.116974e-308
3.613569e-308
4.184408e-308
2.863517e-308
3.314979e-308
3.827419e-308
2.81908e-308
3.262481e-308
3.761596e-308
2.596492e-308
3.002797e-308
3.452725e-308
2.576929e-308
2.979619e-308
3.423609e-308
2.596491e-308
3.002796e-308
3.452724e-308
3.096518e-308
3.590847e-308
4.158472e-308
2.863516e-308
3.314978e-308
3.827418e-308
2.81908e-308
3.26248e-308
3.761596e-308
2.576928e-308
2.979619e-308
3.423608e-308
3.116974e-308
3.613568e-308
4.184407e-308
3.096516e-308
3.590845e-308
4.15847e-308
2.819078e-308
3.262479e-308
3.761593e-308
2.576927e-308
2.979617e-308
3.423606e-308
3.116972e-308
3.613567e-308
4.184405e-308
2.59649e-308
3.002795e-308
3.452722e-308
2.863515e-308
3.314977e-308
3.827417e-308
2.863517e-308
3.31498e-308
3.82742e-308
3.116974e-308
3.613569e-308
4.184408e-308
2.596492e-308
3.002797e-308
3.452725e-308
3.096518e-308
3.590848e-308
4.158473e-308
2.576929e-308
2.979619e-308
3.423609e-308
2.81908e-308
3.262481e-308
3.761596e-308
2.863517e-308
3.314979e-308
3.827419e-308
2.596492e-308
3.002797e-308
3.452725e-308
3.116975e-308
3.61357e-308
4.184409e-308
3.096519e-308
3.590849e-308
4.158474e-308
2.576929e-308
2.97962e-308
3.42361e-308
2.819081e-308
3.262482e-308
3.761597e-308
2.819079e-308
3.26248e-308
3.761594e-308
2.576927e-308
2.979618e-308
3.423607e-308
2.596491e-308
3.002795e-308
3.452723e-308
2.863516e-308
3.314978e-308
3.827418e-308
3.096517e-308
3.590847e-308
4.158471e-308
3.116973e-308
3.613568e-308
4.184407e-308
2.863517e-308
3.314979e-308
3.827419e-308
3.116974e-308
3.613569e-308
4.184408e-308
2.596492e-308
3.002796e-308
3.452725e-308
2.576929e-308
2.979619e-308
3.423609e-308
2.81908e-308
3.262481e-308
3.761596e-308
3.096518e-308
3.590847e-308
4.158472e-308
2.402694e-308
2.772708e-308
3.1786e-308
2.484654e-308
2.869558e-308
3.288113e-308
2.995252e-308
3.473231e-308
4.01812e-308
2.605878e-308
3.009349e-308
3.452583e-308
2.907051e-308
3.36843e-308
3.890405e-308
2.770634e-308
3.20519e-308
3.691024e-308
2.484652e-308
2.869555e-308
3.28811e-308
2.770633e-308
3.205188e-308
3.691022e-308
2.605876e-308
3.009346e-308
3.452579e-308
2.40269e-308
2.772704e-308
3.178596e-308
2.995251e-308
3.47323e-308
4.018118e-308
2.90705e-308
3.368428e-308
3.890404e-308
2.770634e-308
3.20519e-308
3.691024e-308
2.995252e-308
3.473231e-308
4.018119e-308
2.484654e-308
2.869558e-308
3.288113e-308
2.605877e-308
3.009348e-308
3.452582e-308
2.402693e-308
2.772707e-308
3.178599e-308
2.907051e-308
3.368429e-308
3.890405e-308
2.402695e-308
2.772709e-308
3.178602e-308
2.907052e-308
3.368431e-308
3.890407e-308
2.770635e-308
3.205191e-308
3.691026e-308
2.484655e-308
2.869559e-308
3.288115e-308
2.605879e-308
3.00935e-308
3.452584e-308
2.995253e-308
3.473233e-308
4.018121e-308
2.90705e-308
3.368428e-308
3.890404e-308
2.605876e-308
3.009346e-308
3.452579e-308
2.484652e-308
2.869556e-308
3.28811e-308
2.995251e-308
3.47323e-308
4.018118e-308
2.40269e-308
2.772704e-308
3.178596e-308
2.770633e-308
3.205188e-308
3.691023e-308
2.995252e-308
3.473231e-308
4.018119e-308
2.907051e-308
3.368429e-308
3.890405e-308
2.770634e-308
3.20519e-308
3.691024e-308
2.484654e-308
2.869558e-308
3.288113e-308
2.605878e-308
3.009349e-308
3.452582e-308
2.402693e-308
2.772708e-308
3.1786e-308
1.427276e-308
1.686278e-308
1.926973e-308
1.296259e-308
1.536832e-308
1.74181e-308
1.715295e-308
2.004246e-308
2.314238e-308
1.715295e-308
2.004247e-308
2.314238e-308
1.427276e-308
1.686278e-308
1.926974e-308
1.844316e-308
2.143811e-308
2.462915e-308
1.296259e-308
1.536831e-308
1.74181e-308
1.715294e-308
2.004246e-308
2.314237e-308
1.427275e-308
1.686277e-308
1.926973e-308
1.427275e-308
1.686277e-308
1.926973e-308
1.715294e-308
2.004246e-308
2.314237e-308
1.844315e-308
2.14381e-308
2.462914e-308
1.427277e-308
1.686279e-308
1.926975e-308
1.427277e-308
1.686279e-308
1.926975e-308
1.715296e-308
2.004248e-308
2.31424e-308
1.29626e-308
1.536833e-308
1.741812e-308
1.715296e-308
2.004248e-308
2.31424e-308
1.844317e-308
2.143813e-308
2.462916e-308
1.844316e-308
2.143811e-308
2.462914e-308
1.296259e-308
1.536831e-308
1.74181e-308
1.715295e-308
2.004246e-308
2.314238e-308
1.715295e-308
2.004246e-308
2.314238e-308
1.427276e-308
1.686277e-308
1.926973e-308
1.427276e-308
1.686277e-308
1.926973e-308
1.427276e-308
1.686277e-308
1.926973e-308
1.296259e-308
1.536832e-308
1.74181e-308
1.427276e-308
1.686277e-308
1.926973e-308
1.715295e-308
2.004246e-308
2.314238e-308
1.715295e-308
2.004246e-308
2.314238e-308
1.844316e-308
2.143811e-308
2.462914e-308
1.427276e-308
1.686278e-308
1.926974e-308
1.296259e-308
1.536832e-308
1.741811e-308
1.427276e-308
1.686278e-308
1.926974e-308
1.715295e-308
2.004246e-308
2.314238e-308
1.844316e-308
2.143811e-308
2.462915e-308
1.715295e-308
2.004247e-308
2.314238e-308
1.585513e-305
1.83297e-305
2.125391e-305
1.528647e-305
1.768822e-305
2.054801e-305
1.460399e-305
1.698934e-305
1.977138e-305
1.360099e-305
1.586773e-305
1.855735e-305
1.296743e-305
1.52769e-305
1.793446e-305
1.257871e-305
1.48425e-305
1.746468e-305
1.360098e-305
1.586772e-305
1.855734e-305
1.528647e-305
1.768822e-305
2.054801e-305
1.25787e-305
1.484249e-305
1.746467e-305
1.585513e-305
1.83297e-305
2.125392e-305
1.460399e-305
1.698934e-305
1.977137e-305
1.296742e-305
1.527689e-305
1.793445e-305
1.296743e-305
1.527691e-305
1.793447e-305
1.257872e-305
1.484251e-305
1.746469e-305
1.360099e-305
1.586774e-305
1.855736e-305
1.4604e-305
1.698935e-305
1.97714e-305
1.528649e-305
1.768824e-305
2.054803e-305
1.585515e-305
1.832972e-305
2.125394e-305
1.360098e-305
1.586772e-305
1.855735e-305
1.528647e-305
1.768822e-305
2.054801e-305
1.257871e-305
1.48425e-305
1.746467e-305
1.585513e-305
1.832969e-305
2.125391e-305
1.296743e-305
1.52769e-305
1.793446e-305
1.460399e-305
1.698934e-305
1.977137e-305
1.585514e-305
1.832971e-305
2.125393e-305
1.528648e-305
1.768822e-305
2.054801e-305
1.460399e-305
1.698934e-305
1.977138e-305
1.360098e-305
1.586772e-305
1.855735e-305
1.296742e-305
1.527689e-305
1.793446e-305
1.257871e-305
1.48425e-305
1.746467e-305
1.360098e-305
1.586773e-305
1.855735e-305
1.257871e-305
1.48425e-305
1.746468e-305
1.296743e-305
1.52769e-305
1.793446e-305
1.528648e-305
1.768823e-305
2.054802e-305
1.4604e-305
1.698934e-305
1.977138e-305
1.585514e-305
1.832971e-305
2.125393e-305
2.270364e-308
2.626093e-308
3.004153e-308
2.305227e-308
2.666364e-308
3.0483e-308
2.013808e-308
2.341213e-308
2.684693e-308
1.80411e-308
2.112872e-308
2.389574e-308
1.790449e-308
2.099877e-308
2.386173e-308
2.061793e-308
2.392906e-308
2.719957e-308
2.061794e-308
2.392907e-308
2.719959e-308
2.270365e-308
2.626094e-308
3.004154e-308
1.80411e-308
2.112873e-308
2.389575e-308
2.013809e-308
2.341214e-308
2.684694e-308
2.305228e-308
2.666364e-308
3.048301e-308
1.790449e-308
2.099876e-308
2.386173e-308
1.79045e-308
2.099879e-308
2.386175e-308
1.804112e-308
2.112875e-308
2.389578e-308
2.013811e-308
2.341216e-308
2.684697e-308
2.061796e-308
2.39291e-308
2.719962e-308
2.30523e-308
2.666367e-308
3.048304e-308
2.270367e-308
2.626097e-308
3.004157e-308
2.013808e-308
2.341213e-308
2.684693e-308
1.790449e-308
2.099877e-308
2.386173e-308
1.80411e-308
2.112872e-308
2.389574e-308
2.270364e-308
2.626093e-308
3.004153e-308
2.305227e-308
2.666364e-308
3.0483e-308
2.061793e-308
2.392906e-308
2.719958e-308
2.061794e-308
2.392908e-308
2.71996e-308
2.305228e-308
2.666365e-308
3.048302e-308
2.270365e-308
2.626095e-308
3.004155e-308
1.790449e-308
2.099877e-308
2.386174e-308
1.804111e-308
2.112874e-308
2.389576e-308
2.01381e-308
2.341215e-308
2.684695e-308
2.305229e-308
2.666366e-308
3.048303e-308
2.270366e-308
2.626096e-308
3.004156e-308
2.061795e-308
2.392909e-308
2.719961e-308
2.01381e-308
2.341215e-308
2.684696e-308
1.790449e-308
2.099878e-308
2.386174e-308
1.804112e-308
2.112875e-308
2.389577e-308
2.07476e-308
2.407478e-308
2.736161e-308
1.822603e-308
2.131769e-308
2.404663e-308
1.822604e-308
2.13177e-308
2.404664e-308
2.338882e-308
2.705777e-308
3.095944e-308
2.338882e-308
2.705778e-308
3.095945e-308
2.074759e-308
2.407477e-308
2.73616e-308
1.822603e-308
2.131768e-308
2.404662e-308
2.074759e-308
2.407476e-308
2.736158e-308
2.338881e-308
2.705776e-308
3.095943e-308
2.07476e-308
2.407477e-308
2.73616e-308
1.822603e-308
2.131769e-308
2.404663e-308
2.338881e-308
2.705776e-308
3.095943e-308
2.338883e-308
2.705779e-308
3.095946e-308
2.074762e-308
2.407479e-308
2.736162e-308
2.074761e-308
2.407479e-308
2.736162e-308
2.338883e-308
2.705779e-308
3.095946e-308
1.822606e-308
2.131772e-308
2.404667e-308
1.822606e-308
2.131772e-308
2.404667e-308
1.822604e-308
2.13177e-308
2.404664e-308
1.822605e-308
2.131771e-308
2.404665e-308
2.074761e-308
2.407479e-308
2.736162e-308
2.07476e-308
2.407477e-308
2.73616e-308
2.338882e-308
2.705778e-308
3.095945e-308
2.338883e-308
2.705778e-308
3.095946e-308
1.822603e-308
2.131769e-308
2.404663e-308
2.338882e-308
2.705777e-308
3.095944e-308
2.07476e-308
2.407478e-308
2.73616e-308
2.338882e-308
2.705777e-308
3.095944e-308
2.074759e-308
2.407476e-308
2.736159e-308
1.822604e-308
2.13177e-308
2.404664e-308
2.338883e-308
2.705778e-308
3.095946e-308
2.338883e-308
2.705778e-308
3.095946e-308
2.074761e-308
2.407479e-308
2.736162e-308
2.074761e-308
2.407479e-308
2.736162e-308
1.822606e-308
2.131772e-308
2.404666e-308
1.822606e-308
2.131772e-308
2.404666e-308
2.01381e-308
2.341215e-308
2.684696e-308
2.270366e-308
2.626096e-308
3.004156e-308
1.79045e-308
2.099878e-308
2.386174e-308
2.305229e-308
2.666365e-308
3.048302e-308
1.804111e-308
2.112874e-308
2.389577e-308
2.061795e-308
2.392908e-308
2.71996e-308
2.305227e-308
2.666363e-308
3.048299e-308
2.270363e-308
2.626092e-308
3.004152e-308
2.061792e-308
2.392905e-308
2.719956e-308
2.013808e-308
2.341212e-308
2.684693e-308
1.804109e-308
2.112871e-308
2.389573e-308
1.790448e-308
2.099876e-308
2.386172e-308
2.01381e-308
2.341215e-308
2.684695e-308
2.305229e-308
2.666366e-308
3.048303e-308
2.270366e-308
2.626096e-308
3.004155e-308
2.061795e-308
2.392909e-308
2.719961e-308
1.790449e-308
2.099877e-308
2.386174e-308
1.804112e-308
2.112874e-308
2.389577e-308
2.30523e-308
2.666366e-308
3.048304e-308
2.061795e-308
2.392909e-308
2.719961e-308
1.804112e-308
2.112875e-308
2.389578e-308
2.013811e-308
2.341216e-308
2.684697e-308
2.270367e-308
2.626097e-308
3.004157e-308
1.79045e-308
2.099879e-308
2.386175e-308
1.790448e-308
2.099876e-308
2.386172e-308
2.270363e-308
2.626092e-308
3.004152e-308
1.804109e-308
2.112872e-308
2.389574e-308
2.305227e-308
2.666363e-308
3.048299e-308
2.061792e-308
2.392905e-308
2.719957e-308
2.013808e-308
2.341212e-308
2.684692e-308
1.790449e-308
2.099878e-308
2.386174e-308
1.804111e-308
2.112874e-308
2.389577e-308
2.01381e-308
2.341215e-308
2.684695e-308
2.270366e-308
2.626096e-308
3.004156e-308
2.305229e-308
2.666365e-308
3.048302e-308
2.061795e-308
2.392909e-308
2.71996e-308
1.4604e-305
1.698935e-305
1.977139e-305
1.585514e-305
1.832971e-305
2.125393e-305
1.257871e-305
1.48425e-305
1.746468e-305
1.528648e-305
1.768823e-305
2.054802e-305
1.296743e-305
1.52769e-305
1.793447e-305
1.360099e-305
1.586773e-305
1.855735e-305
1.360098e-305
1.586773e-305
1.855735e-305
1.585512e-305
1.832969e-305
2.125391e-305
1.460399e-305
1.698933e-305
1.977137e-305
1.528647e-305
1.768822e-305
2.054801e-305
1.257871e-305
1.48425e-305
1.746467e-305
1.296743e-305
1.52769e-305
1.793446e-305
1.585514e-305
1.832971e-305
2.125392e-305
1.360098e-305
1.586772e-305
1.855735e-305
1.528647e-305
1.768822e-305
2.054801e-305
1.460399e-305
1.698934e-305
1.977138e-305
1.257871e-305
1.48425e-305
1.746467e-305
1.296742e-305
1.527689e-305
1.793446e-305
1.4604e-305
1.698935e-305
1.97714e-305
1.296743e-305
1.527691e-305
1.793447e-305
1.360099e-305
1.586774e-305
1.855736e-305
1.585515e-305
1.832972e-305
2.125394e-305
1.257872e-305
1.484251e-305
1.746469e-305
1.528649e-305
1.768824e-305
2.054803e-305
1.460399e-305
1.698933e-305
1.977137e-305
1.585512e-305
1.832969e-305
2.12539e-305
1.528647e-305
1.768822e-305
2.0548e-305
1.296742e-305
1.527689e-305
1.793446e-305
1.360098e-305
1.586772e-305
1.855734e-305
1.257871e-305
1.48425e-305
1.746467e-305
1.360098e-305
1.586772e-305
1.855735e-305
1.460399e-305
1.698934e-305
1.977138e-305
1.528648e-305
1.768823e-305
2.054801e-305
1.257871e-305
1.48425e-305
1.746467e-305
1.296742e-305
1.527689e-305
1.793446e-305
1.585514e-305
1.832971e-305
2.125393e-305
4.160764e-306
5.132341e-306
5.82822e-306
4.160765e-306
5.132341e-306
5.828221e-306
5.698667e-307
7.091862e-307
8.08323e-307
1.160312e-306
1.439242e-306
1.637015e-306
6.86456e-306
8.334496e-306
9.37994e-306
1.160312e-306
1.439242e-306
1.637015e-306
4.160764e-306
5.13234e-306
5.828218e-306
5.698669e-307
7.091864e-307
8.083231e-307
4.160764e-306
5.132341e-306
5.828219e-306
1.160312e-306
1.439242e-306
1.637015e-306
6.864558e-306
8.334495e-306
9.379937e-306
1.160312e-306
1.439243e-306
1.637016e-306
1.160313e-306
1.439243e-306
1.637017e-306
4.160768e-306
5.132346e-306
5.828226e-306
5.698675e-307
7.091872e-307
8.08324e-307
6.864565e-306
8.334503e-306
9.379948e-306
4.160769e-306
5.132346e-306
5.828226e-306
1.160314e-306
1.439244e-306
1.637017e-306
5.698666e-307
7.091859e-307
8.083224e-307
1.160312e-306
1.439241e-306
1.637014e-306
1.160312e-306
1.439241e-306
1.637014e-306
4.160764e-306
5.13234e-306
5.828218e-306
4.160764e-306
5.13234e-306
5.828218e-306
6.864559e-306
8.334494e-306
9.379937e-306
1.160312e-306
1.439242e-306
1.637015e-306
5.69867e-307
7.091865e-307
8.083232e-307
4.160765e-306
5.132341e-306
5.82822e-306
6.86456e-306
8.334496e-306
9.379939e-306
4.160765e-306
5.132342e-306
5.828221e-306
1.160313e-306
1.439243e-306
1.637016e-306
4.160766e-306
5.132343e-306
5.828222e-306
6.864561e-306
8.334498e-306
9.379942e-306
1.160312e-306
1.439242e-306
1.637015e-306
1.160313e-306
1.439243e-306
1.637017e-306
4.160766e-306
5.132342e-306
5.828221e-306
5.698672e-307
7.091868e-307
8.083234e-307
4.808827e-306
5.919748e-306
6.817208e-306
1.640387e-306
2.037864e-306
2.372497e-306
9.008345e-306
1.089227e-305
1.255535e-305
5.975177e-306
7.390597e-306
8.756416e-306
1.870408e-306
2.332153e-306
2.76277e-306
1.036021e-305
1.25199e-305
1.472506e-305
9.008341e-306
1.089227e-305
1.255535e-305
4.808826e-306
5.919746e-306
6.817206e-306
1.03602e-305
1.25199e-305
1.472506e-305
1.870408e-306
2.332153e-306
2.76277e-306
5.975177e-306
7.390596e-306
8.756415e-306
1.640387e-306
2.037863e-306
2.372496e-306
9.00835e-306
1.089228e-305
1.255536e-305
1.036021e-305
1.251991e-305
1.472508e-305
4.808831e-306
5.919753e-306
6.817214e-306
5.975181e-306
7.390602e-306
8.756423e-306
1.640388e-306
2.037865e-306
2.372498e-306
1.87041e-306
2.332155e-306
2.762773e-306
1.640386e-306
2.037863e-306
2.372496e-306
4.808826e-306
5.919746e-306
6.817206e-306
1.036021e-305
1.25199e-305
1.472506e-305
9.008344e-306
1.089227e-305
1.255535e-305
5.975177e-306
7.390596e-306
8.756415e-306
1.870408e-306
2.332153e-306
2.76277e-306
1.036021e-305
1.25199e-305
1.472506e-305
5.975179e-306
7.390599e-306
8.756418e-306
1.870409e-306
2.332154e-306
2.762771e-306
9.008344e-306
1.089227e-305
1.255535e-305
1.640387e-306
2.037864e-306
2.372497e-306
4.808827e-306
5.919748e-306
6.817207e-306
4.808828e-306
5.919749e-306
6.81721e-306
9.008345e-306
1.089227e-305
1.255535e-305
1.640387e-306
2.037864e-306
2.372497e-306
1.870409e-306
2.332154e-306
2.762771e-306
1.036021e-305
1.25199e-305
1.472506e-305
5.975177e-306
7.390597e-306
8.756416e-306
6.198306e-306
7.573173e-306
8.684591e-306
1.086442e-305
1.305319e-305
1.494463e-305
6.172253e-306
7.617987e-306
9.007099e-306
1.101765e-305
1.327344e-305
1.555035e-305
2.011355e-306
2.499387e-306
2.951495e-306
2.016099e-306
2.487517e-306
2.882554e-306
2.016096e-306
2.487513e-306
2.882549e-306
6.198294e-306
7.573158e-306
8.684575e-306
2.011353e-306
2.499385e-306
2.951494e-306
6.172252e-306
7.617986e-306
9.007098e-306
1.086441e-305
1.305317e-305
1.494461e-305
1.101765e-305
1.327343e-305
1.555034e-305
6.198302e-306
7.573169e-306
8.684587e-306
6.172255e-306
7.61799e-306
9.007103e-306
2.011355e-306
2.499388e-306
2.951496e-306
1.101766e-305
1.327344e-305
1.555036e-305
2.016099e-306
2.487517e-306
2.882554e-306
1.086442e-305
1.305318e-305
1.494463e-305
2.011354e-306
2.499387e-306
2.951495e-306
2.016099e-306
2.487517e-306
2.882553e-306
6.172252e-306
7.617985e-306
9.007097e-306
6.198306e-306
7.573172e-306
8.684591e-306
1.101765e-305
1.327344e-305
1.555035e-305
1.086442e-305
1.305318e-305
1.494463e-305
2.016097e-306
2.487514e-306
2.882551e-306
2.011354e-306
2.499387e-306
2.951495e-306
6.198296e-306
7.573161e-306
8.684579e-306
6.172255e-306
7.617989e-306
9.007102e-306
1.086441e-305
1.305317e-305
1.494462e-305
1.101765e-305
1.327343e-305
1.555035e-305
6.172251e-306
7.617985e-306
9.007097e-306
6.198299e-306
7.573165e-306
8.684584e-306
2.011354e-306
2.499386e-306
2.951494e-306
1.101765e-305
1.327343e-305
1.555035e-305
2.016098e-306
2.487515e-306
2.882552e-306
1.086441e-305
1.305317e-305
1.494462e-305
2.028223e-306
2.481086e-306
2.81859e-306
6.24221e-306
7.583453e-306
8.570066e-306
1.096517e-305
1.310433e-305
1.473841e-305
6.208108e-306
7.563174e-306
8.599385e-306
2.02177e-306
2.477547e-306
2.824645e-306
1.090354e-305
1.304328e-305
1.469736e-305
2.028212e-306
2.481072e-306
2.818574e-306
6.242192e-306
7.583431e-306
8.570042e-306
2.021758e-306
2.477533e-306
2.82463e-306
1.096516e-305
1.310432e-305
1.47384e-305
6.208079e-306
7.56314e-306
8.599348e-306
1.090353e-305
1.304326e-305
1.469734e-305
6.208101e-306
7.563166e-306
8.599376e-306
2.021767e-306
2.477543e-306
2.824642e-306
6.242214e-306
7.583458e-306
8.570074e-306
1.090355e-305
1.304329e-305
1.469737e-305
2.028219e-306
2.48108e-306
2.818585e-306
1.096519e-305
1.310435e-305
1.473843e-305
6.208108e-306
7.563174e-306
8.599385e-306
1.090354e-305
1.304328e-305
1.469736e-305
1.096517e-305
1.310433e-305
1.473841e-305
2.02177e-306
2.477547e-306
2.824646e-306
2.028223e-306
2.481086e-306
2.818591e-306
6.242211e-306
7.583454e-306
8.570067e-306
6.208082e-306
7.563143e-306
8.599351e-306
1.090353e-305
1.304327e-305
1.469735e-305
1.096517e-305
1.310432e-305
1.47384e-305
2.021759e-306
2.477534e-306
2.824631e-306
6.242194e-306
7.583433e-306
8.570044e-306
2.028212e-306
2.481072e-306
2.818575e-306
6.208098e-306
7.563163e-306
8.599373e-306
2.021766e-306
2.477542e-306
2.824641e-306
6.242212e-306
7.583456e-306
8.570071e-306
1.090354e-305
1.304328e-305
1.469736e-305
2.028218e-306
2.481079e-306
2.818584e-306
1.096519e-305
1.310435e-305
1.473843e-305
6.242195e-306
7.583435e-306
8.570046e-306
1.090354e-305
1.304327e-305
1.469735e-305
1.096517e-305
1.310433e-305
1.47384e-305
2.028212e-306
2.481073e-306
2.818575e-306
2.021759e-306
2.477534e-306
2.824631e-306
6.208083e-306
7.563145e-306
8.599353e-306
1.090354e-305
1.304327e-305
1.469735e-305
2.021769e-306
2.477546e-306
2.824644e-306
2.028222e-306
2.481084e-306
2.818588e-306
1.096517e-305
1.310432e-305
1.47384e-305
6.208105e-306
7.563171e-306
8.59938e-306
6.242207e-306
7.583449e-306
8.570062e-306
2.028218e-306
2.48108e-306
2.818584e-306
6.242214e-306
7.583457e-306
8.570073e-306
1.096519e-305
1.310435e-305
1.473843e-305
1.090354e-305
1.304328e-305
1.469736e-305
2.021766e-306
2.477542e-306
2.824641e-306
6.208098e-306
7.563163e-306
8.599372e-306
6.242196e-306
7.583436e-306
8.570048e-306
2.02176e-306
2.477535e-306
2.824632e-306
1.090354e-305
1.304327e-305
1.469736e-305
1.096517e-305
1.310433e-305
1.473841e-305
2.028213e-306
2.481073e-306
2.818576e-306
6.208085e-306
7.563147e-306
8.599356e-306
6.242209e-306
7.58345e-306
8.570063e-306
2.021769e-306
2.477546e-306
2.824644e-306
1.090354e-305
1.304327e-305
1.469735e-305
1.096517e-305
1.310433e-305
1.47384e-305
2.028222e-306
2.481085e-306
2.818588e-306
6.208106e-306
7.563171e-306
8.599381e-306
1.096519e-305
1.310435e-305
1.473843e-305
6.242212e-306
7.583455e-306
8.570071e-306
1.090354e-305
1.304328e-305
1.469736e-305
6.208097e-306
7.563162e-306
8.599372e-306
2.028218e-306
2.48108e-306
2.818584e-306
2.021766e-306
2.477542e-306
2.824641e-306
6.198297e-306
7.573163e-306
8.684582e-306
2.016097e-306
2.487515e-306
2.882552e-306
1.086441e-305
1.305318e-305
1.494462e-305
6.172256e-306
7.617992e-306
9.007106e-306
2.011355e-306
2.499388e-306
2.951496e-306
1.101765e-305
1.327344e-305
1.555036e-305
6.172251e-306
7.617985e-306
9.007096e-306
2.016099e-306
2.487517e-306
2.882553e-306
2.011354e-306
2.499387e-306
2.951495e-306
6.198304e-306
7.57317e-306
8.684588e-306
1.101765e-305
1.327344e-305
1.555035e-305
1.086442e-305
1.305318e-305
1.494462e-305
6.198299e-306
7.573164e-306
8.684582e-306
2.011353e-306
2.499385e-306
2.951493e-306
2.016098e-306
2.487515e-306
2.882551e-306
1.086441e-305
1.305317e-305
1.494461e-305
6.17225e-306
7.617983e-306
9.007094e-306
1.101765e-305
1.327343e-305
1.555034e-305
6.1983e-306
7.573165e-306
8.684585e-306
2.016098e-306
2.487516e-306
2.882553e-306
1.086442e-305
1.305318e-305
1.494463e-305
6.17226e-306
7.617996e-306
9.00711e-306
2.011356e-306
2.499389e-306
2.951497e-306
1.101766e-305
1.327345e-305
1.555036e-305
2.011354e-306
2.499386e-306
2.951494e-306
2.016099e-306
2.487516e-306
2.882552e-306
6.172251e-306
7.617984e-306
9.007094e-306
1.086442e-305
1.305318e-305
1.494462e-305
6.198304e-306
7.573169e-306
8.684587e-306
1.101765e-305
1.327343e-305
1.555035e-305
2.011354e-306
2.499386e-306
2.951494e-306
1.101765e-305
1.327343e-305
1.555035e-305
6.172251e-306
7.617984e-306
9.007095e-306
1.086441e-305
1.305317e-305
1.494462e-305
2.016098e-306
2.487515e-306
2.882552e-306
6.198299e-306
7.573164e-306
8.684582e-306
1.036021e-305
1.251991e-305
1.472507e-305
1.640388e-306
2.037865e-306
2.372498e-306
9.008346e-306
1.089227e-305
1.255535e-305
4.808828e-306
5.919749e-306
6.817209e-306
1.87041e-306
2.332155e-306
2.762773e-306
5.975181e-306
7.390602e-306
8.756422e-306
5.975177e-306
7.390596e-306
8.756415e-306
1.640386e-306
2.037863e-306
2.372496e-306
1.870408e-306
2.332153e-306
2.76277e-306
4.808827e-306
5.919748e-306
6.817208e-306
1.036021e-305
1.25199e-305
1.472506e-305
9.008344e-306
1.089227e-305
1.255535e-305
1.640386e-306
2.037863e-306
2.372496e-306
4.808826e-306
5.919747e-306
6.817206e-306
9.008342e-306
1.089227e-305
1.255535e-305
1.870408e-306
2.332153e-306
2.76277e-306
5.975176e-306
7.390595e-306
8.756413e-306
1.036021e-305
1.25199e-305
1.472506e-305
1.036022e-305
1.251991e-305
1.472508e-305
9.008351e-306
1.089228e-305
1.255536e-305
4.808831e-306
5.919753e-306
6.817215e-306
5.975184e-306
7.390606e-306
8.756426e-306
1.640389e-306
2.037866e-306
2.372499e-306
1.870411e-306
2.332156e-306
2.762774e-306
1.036021e-305
1.25199e-305
1.472506e-305
9.008343e-306
1.089227e-305
1.255535e-305
4.808826e-306
5.919746e-306
6.817205e-306
5.975176e-306
7.390594e-306
8.756412e-306
1.640386e-306
2.037863e-306
2.372495e-306
1.870408e-306
2.332152e-306
2.762769e-306
4.808827e-306
5.919748e-306
6.817208e-306
5.975176e-306
7.390596e-306
8.756415e-306
1.640387e-306
2.037863e-306
2.372496e-306
9.008344e-306
1.089227e-305
1.255535e-305
1.036021e-305
1.25199e-305
1.472506e-305
1.870409e-306
2.332153e-306
2.762771e-306
2.056113e-308
6.313211e-308
1.082714e-307
2.056113e-308
6.31321e-308
1.082714e-307
2.056113e-308
6.313211e-308
1.082714e-307
2.056113e-308
6.313211e-308
1.082714e-307
2.056113e-308
6.313211e-308
1.082714e-307
2.056113e-308
6.31321e-308
1.082714e-307
2.092201e-308
6.531013e-308
1.178015e-307
2.092201e-308
6.531013e-308
1.178015e-307
2.080328e-308
6.457182e-308
1.154839e-307
2.091795e-308
6.519161e-308
1.174854e-307
2.091795e-308
6.519161e-308
1.174854e-307
2.088828e-308
6.522698e-308
1.176433e-307
2.080328e-308
6.457182e-308
1.154839e-307
2.091795e-308
6.519161e-308
1.174854e-307
2.092201e-308
6.531013e-308
1.178015e-307
2.088828e-308
6.522698e-308
1.176433e-307
2.091795e-308
6.519161e-308
1.174854e-307
2.092201e-308
6.531012e-308
1.178015e-307
2.080328e-308
6.457181e-308
1.154839e-307
2.091795e-308
6.519161e-308
1.174854e-307
2.092201e-308
6.531013e-308
1.178015e-307
2.088829e-308
6.522699e-308
1.176433e-307
2.092201e-308
6.531012e-308
1.178015e-307
2.091795e-308
6.51916e-308
1.174854e-307
2.092201e-308
6.531012e-308
1.178015e-307
2.091795e-308
6.51916e-308
1.174854e-307
2.088828e-308
6.522697e-308
1.176433e-307
2.0922e-308
6.531011e-308
1.178014e-307
2.091795e-308
6.51916e-308
1.174854e-307
2.080328e-308
6.45718e-308
1.154839e-307
2.092201e-308
6.531011e-308
1.178014e-307
2.092201e-308
6.531012e-308
1.178015e-307
2.088828e-308
6.522697e-308
1.176433e-307
2.080328e-308
6.457181e-308
1.154839e-307
2.091795e-308
6.51916e-308
1.174854e-307
2.091794e-308
6.519159e-308
1.174854e-307
2.080328e-308
6.457182e-308
1.154839e-307
2.091795e-308
6.519161e-308
1.174854e-307
2.092201e-308
6.531013e-308
1.178015e-307
2.088829e-308
6.522699e-308
1.176433e-307
2.091795e-308
6.519161e-308
1.174854e-307
2.092201e-308
6.531013e-308
1.178015e-307
2.046946e-308
6.394757e-308
1.152863e-307
2.004015e-308
6.266384e-308
1.130748e-307
1.985465e-308
6.219548e-308
1.12599e-307
2.066305e-308
6.453947e-308
1.163559e-307
2.004015e-308
6.266385e-308
1.130748e-307
2.046946e-308
6.394757e-308
1.152864e-307
2.046945e-308
6.394756e-308
1.152863e-307
2.046945e-308
6.394756e-308
1.152863e-307
1.985465e-308
6.219546e-308
1.12599e-307
2.004014e-308
6.266382e-308
1.130747e-307
2.066304e-308
6.453945e-308
1.163559e-307
2.004014e-308
6.266383e-308
1.130748e-307
2.066305e-308
6.453948e-308
1.163559e-307
2.046946e-308
6.394757e-308
1.152864e-307
2.046946e-308
6.394757e-308
1.152864e-307
1.985465e-308
6.219549e-308
1.125991e-307
2.004015e-308
6.266384e-308
1.130748e-307
2.004015e-308
6.266385e-308
1.130748e-307
2.004015e-308
6.266384e-308
1.130748e-307
2.004014e-308
6.266384e-308
1.130748e-307
2.046945e-308
6.394755e-308
1.152863e-307
2.046945e-308
6.394755e-308
1.152863e-307
1.985464e-308
6.219546e-308
1.12599e-307
2.066304e-308
6.453945e-308
1.163559e-307
2.046945e-308
6.394755e-308
1.152863e-307
2.066304e-308
6.453946e-308
1.163559e-307
2.046945e-308
6.394756e-308
1.152863e-307
2.004014e-308
6.266383e-308
1.130748e-307
2.004014e-308
6.266383e-308
1.130747e-307
1.985464e-308
6.219546e-308
1.12599e-307
2.066305e-308
6.453948e-308
1.163559e-307
2.046946e-308
6.394757e-308
1.152864e-307
2.046945e-308
6.394756e-308
1.152863e-307
2.004015e-308
6.266384e-308
1.130748e-307
1.985465e-308
6.219547e-308
1.12599e-307
2.004014e-308
6.266384e-308
1.130748e-307
2.054001e-308
6.415004e-308
1.156331e-307
2.018153e-308
6.303209e-308
1.136024e-307
2.080995e-308
6.498421e-308
1.171762e-307
2.054001e-308
6.415003e-308
1.156331e-307
2.018153e-308
6.303208e-308
1.136025e-307
2.080995e-308
6.49842e-308
1.171762e-307
2.054001e-308
6.415004e-308
1.156331e-307
2.080995e-308
6.498421e-308
1.171762e-307
2.080995e-308
6.498421e-308
1.171762e-307
2.054001e-308
6.415003e-308
1.156331e-307
2.018153e-308
6.303209e-308
1.136025e-307
2.018153e-308
6.303209e-308
1.136025e-307
2.080995e-308
6.49842e-308
1.171762e-307
2.080995e-308
6.49842e-308
1.171762e-307
2.054001e-308
6.415003e-308
1.156331e-307
2.054001e-308
6.415004e-308
1.156331e-307
2.018153e-308
6.303209e-308
1.136025e-307
2.018153e-308
6.303209e-308
1.136025e-307
2.054e-308
6.415003e-308
1.156331e-307
2.018153e-308
6.303209e-308
1.136025e-307
2.018153e-308
6.303208e-308
1.136024e-307
2.080995e-308
6.49842e-308
1.171762e-307
2.054001e-308
6.415003e-308
1.156331e-307
2.080995e-308
6.49842e-308
1.171762e-307
2.080995e-308
6.498419e-308
1.171762e-307
2.080994e-308
6.498419e-308
1.171762e-307
2.054e-308
6.415002e-308
1.156331e-307
2.054e-308
6.415002e-308
1.15633e-307
2.018153e-308
6.303208e-308
1.136024e-307
2.018153e-308
6.303208e-308
1.136024e-307
2.080994e-308
6.498419e-308
1.171762e-307
2.054e-308
6.415003e-308
1.156331e-307
2.080994e-308
6.498419e-308
1.171762e-307
2.018153e-308
6.303208e-308
1.136024e-307
2.054e-308
6.415001e-308
1.15633e-307
2.018152e-308
6.303207e-308
1.136024e-307
1.926102e-308
6.062821e-308
1.116192e-307
1.786714e-308
5.632193e-308
1.041077e-307
1.740523e-308
5.489431e-308
1.016143e-307
1.880208e-308
5.921057e-308
1.091472e-307
1.880208e-308
5.921058e-308
1.091472e-307
1.786714e-308
5.632193e-308
1.041077e-307
1.880208e-308
5.921056e-308
1.091472e-307
1.740523e-308
5.489431e-308
1.016142e-307
1.786713e-308
5.632191e-308
1.041077e-307
1.926101e-308
6.062819e-308
1.116192e-307
1.880208e-308
5.921057e-308
1.091472e-307
1.786714e-308
5.632192e-308
1.041077e-307
1.880209e-308
5.92106e-308
1.091472e-307
1.926102e-308
6.062822e-308
1.116193e-307
1.786714e-308
5.632195e-308
1.041077e-307
1.740523e-308
5.489433e-308
1.016143e-307
1.880209e-308
5.921059e-308
1.091472e-307
1.786714e-308
5.632194e-308
1.041077e-307
1.880208e-308
5.921058e-308
1.091472e-307
1.926101e-308
6.06282e-308
1.116192e-307
1.740523e-308
5.489432e-308
1.016143e-307
1.880208e-308
5.921057e-308
1.091472e-307
1.786714e-308
5.632193e-308
1.041077e-307
1.786714e-308
5.632193e-308
1.041077e-307
1.786714e-308
5.632193e-308
1.041077e-307
1.926101e-308
6.06282e-308
1.116192e-307
1.880208e-308
5.921057e-308
1.091472e-307
1.786714e-308
5.632193e-308
1.041077e-307
1.880208e-308
5.921057e-308
1.091472e-307
1.740523e-308
5.489431e-308
1.016143e-307
1.786714e-308
5.632194e-308
1.041077e-307
1.740523e-308
5.489432e-308
1.016143e-307
1.786714e-308
5.632193e-308
1.041077e-307
1.880208e-308
5.921058e-308
1.091472e-307
1.926102e-308
6.062821e-308
1.116192e-307
1.880208e-308
5.921058e-308
1.091472e-307
1.89516e-308
5.939533e-308
1.076617e-307
1.821621e-308
5.699005e-308
1.029438e-307
1.961336e-308
6.133772e-308
1.107162e-307
1.904321e-308
5.948744e-308
1.072289e-307
1.82683e-308
5.708296e-308
1.02932e-307
1.966613e-308
6.144229e-308
1.107697e-307
1.966613e-308
6.144229e-308
1.107697e-307
1.895159e-308
5.939532e-308
1.076617e-307
1.821621e-308
5.699005e-308
1.029437e-307
1.826829e-308
5.708296e-308
1.02932e-307
1.961335e-308
6.133771e-308
1.107162e-307
1.904321e-308
5.948743e-308
1.072289e-307
1.904322e-308
5.948745e-308
1.07229e-307
1.966613e-308
6.14423e-308
1.107698e-307
1.82683e-308
5.708298e-308
1.02932e-307
1.89516e-308
5.939535e-308
1.076617e-307
1.961336e-308
6.133773e-308
1.107163e-307
1.821622e-308
5.699007e-308
1.029438e-307
1.966613e-308
6.14423e-308
1.107697e-307
1.904321e-308
5.948744e-308
1.072289e-307
1.961335e-308
6.133772e-308
1.107162e-307
1.82683e-308
5.708298e-308
1.02932e-307
1.89516e-308
5.939533e-308
1.076617e-307
1.821622e-308
5.699006e-308
1.029438e-307
1.82683e-308
5.708297e-308
1.02932e-307
1.821621e-308
5.699005e-308
1.029438e-307
1.89516e-308
5.939533e-308
1.076617e-307
1.904321e-308
5.948743e-308
1.072289e-307
1.966613e-308
6.144228e-308
1.107697e-307
1.961335e-308
6.133771e-308
1.107162e-307
1.904321e-308
5.948744e-308
1.072289e-307
1.966613e-308
6.144229e-308
1.107697e-307
1.82683e-308
5.708297e-308
1.02932e-307
1.821622e-308
5.699006e-308
1.029438e-307
1.961336e-308
6.133772e-308
1.107163e-307
1.89516e-308
5.939534e-308
1.076617e-307
1.904321e-308
5.948744e-308
1.072289e-307
1.82683e-308
5.708297e-308
1.02932e-307
1.966613e-308
6.144229e-308
1.107697e-307
1.821622e-308
5.699006e-308
1.029438e-307
1.961336e-308
6.133772e-308
1.107162e-307
1.89516e-308
5.939533e-308
1.076617e-307
1.89516e-308
5.939534e-308
1.076617e-307
1.821621e-308
5.699005e-308
1.029438e-307
1.961336e-308
6.133773e-308
1.107163e-307
1.966613e-308
6.14423e-308
1.107698e-307
1.904321e-308
5.948744e-308
1.072289e-307
1.82683e-308
5.708297e-308
1.02932e-307
1.821622e-308
5.699006e-308
1.029438e-307
1.89516e-308
5.939533e-308
1.076617e-307
1.82683e-308
5.708297e-308
1.02932e-307
1.961336e-308
6.133772e-308
1.107162e-307
1.966613e-308
6.14423e-308
1.107697e-307
1.904321e-308
5.948744e-308
1.072289e-307
1.821622e-308
5.699007e-308
1.029438e-307
1.82683e-308
5.708298e-308
1.02932e-307
1.904321e-308
5.948744e-308
1.072289e-307
1.966613e-308
6.14423e-308
1.107697e-307
1.89516e-308
5.939534e-308
1.076617e-307
1.961336e-308
6.133773e-308
1.107163e-307
1.904321e-308
5.948743e-308
1.072289e-307
1.82683e-308
5.708297e-308
1.02932e-307
1.966613e-308
6.144229e-308
1.107697e-307
1.961335e-308
6.133771e-308
1.107162e-307
1.89516e-308
5.939533e-308
1.076617e-307
1.821621e-308
5.699006e-308
1.029438e-307
1.966613e-308
6.144228e-308
1.107697e-307
1.961335e-308
6.133771e-308
1.107162e-307
1.89516e-308
5.939533e-308
1.076617e-307
1.904321e-308
5.948743e-308
1.072289e-307
1.821622e-308
5.699006e-308
1.029438e-307
1.82683e-308
5.708297e-308
1.02932e-307
1.343956e-308
4.199946e-308
7.567778e-308
1.406187e-308
4.396316e-308
7.929756e-308
1.614857e-308
5.069946e-308
9.230581e-308
1.540869e-308
4.82556e-308
8.73416e-308
1.540869e-308
4.82556e-308
8.73416e-308
1.406187e-308
4.396317e-308
7.929756e-308
1.406188e-308
4.396317e-308
7.929756e-308
1.540869e-308
4.82556e-308
8.73416e-308
1.343956e-308
4.199946e-308
7.567779e-308
1.614856e-308
5.069945e-308
9.230581e-308
1.406188e-308
4.396317e-308
7.929757e-308
1.540869e-308
4.82556e-308
8.73416e-308
1.406188e-308
4.39632e-308
7.929761e-308
1.54087e-308
4.825562e-308
8.734165e-308
1.406188e-308
4.39632e-308
7.929761e-308
1.343957e-308
4.199949e-308
7.567784e-308
1.54087e-308
4.825562e-308
8.734165e-308
1.614857e-308
5.069948e-308
9.230586e-308
1.406188e-308
4.396317e-308
7.929756e-308
1.614857e-308
5.069946e-308
9.230582e-308
1.343956e-308
4.199946e-308
7.567779e-308
1.540869e-308
4.82556e-308
8.734161e-308
1.540869e-308
4.82556e-308
8.734161e-308
1.406187e-308
4.396317e-308
7.929757e-308
1.614857e-308
5.069946e-308
9.230583e-308
1.406188e-308
4.396318e-308
7.929758e-308
1.540869e-308
4.82556e-308
8.734161e-308
1.540869e-308
4.825561e-308
8.734162e-308
1.406188e-308
4.396318e-308
7.929758e-308
1.343956e-308
4.199947e-308
7.567781e-308
1.343957e-308
4.199948e-308
7.567782e-308
1.406188e-308
4.396318e-308
7.929759e-308
1.406188e-308
4.396318e-308
7.929759e-308
1.540869e-308
4.825561e-308
8.734162e-308
1.540869e-308
4.825561e-308
8.734162e-308
1.614857e-308
5.069946e-308
9.230583e-308
1.630005e-308
5.094321e-308
9.188656e-308
1.512681e-308
4.726515e-308
8.520695e-308
1.706325e-308
5.353826e-308
9.732594e-308
1.584756e-308
4.962108e-308
8.977999e-308
1.72515e-308
5.399115e-308
9.760738e-308
1.490118e-308
4.658383e-308
8.403998e-308
1.630005e-308
5.094319e-308
9.188653e-308
1.490118e-308
4.658382e-308
8.403996e-308
1.512681e-308
4.726514e-308
8.520693e-308
1.72515e-308
5.399114e-308
9.760735e-308
1.706324e-308
5.353825e-308
9.732591e-308
1.584755e-308
4.962107e-308
8.977996e-308
1.630006e-308
5.094322e-308
9.188659e-308
1.490119e-308
4.658385e-308
8.404002e-308
1.72515e-308
5.399117e-308
9.760742e-308
1.706325e-308
5.353828e-308
9.732597e-308
1.512682e-308
4.726517e-308
8.520699e-308
1.584756e-308
4.96211e-308
8.978003e-308
1.706325e-308
5.353827e-308
9.732595e-308
1.584756e-308
4.962108e-308
8.978e-308
1.72515e-308
5.399117e-308
9.76074e-308
1.490119e-308
4.658384e-308
8.403999e-308
1.630006e-308
5.094322e-308
9.188658e-308
1.512681e-308
4.726516e-308
8.520697e-308
1.706325e-308
5.353826e-308
9.732593e-308
1.72515e-308
5.399115e-308
9.760737e-308
1.584756e-308
4.962108e-308
8.977999e-308
1.630005e-308
5.09432e-308
9.188655e-308
1.490119e-308
4.658383e-308
8.403999e-308
1.512681e-308
4.726515e-308
8.520696e-308
1.706325e-308
5.353826e-308
9.732594e-308
1.72515e-308
5.399116e-308
9.760739e-308
1.490119e-308
4.658384e-308
8.403999e-308
1.584756e-308
4.962108e-308
8.978e-308
1.630006e-308
5.094321e-308
9.188657e-308
1.512681e-308
4.726516e-308
8.520697e-308
1.532557e-308
4.78592e-308
8.620637e-308
1.739365e-308
5.432811e-308
9.79088e-308
1.638253e-308
5.116936e-308
9.220837e-308
1.638253e-308
5.116937e-308
9.220837e-308
1.532557e-308
4.78592e-308
8.620637e-308
1.739365e-308
5.432811e-308
9.790881e-308
1.532557e-308
4.785919e-308
8.620635e-308
1.532556e-308
4.785919e-308
8.620635e-308
1.638252e-308
5.116935e-308
9.220834e-308
1.739364e-308
5.43281e-308
9.790879e-308
1.638253e-308
5.116936e-308
9.220835e-308
1.739364e-308
5.432811e-308
9.79088e-308
1.638253e-308
5.116938e-308
9.220839e-308
1.532557e-308
4.785922e-308
8.62064e-308
1.739365e-308
5.432812e-308
9.790883e-308
1.739365e-308
5.432812e-308
9.790883e-308
1.532557e-308
4.785922e-308
8.62064e-308
1.638253e-308
5.116938e-308
9.220839e-308
1.739365e-308
5.432812e-308
9.790882e-308
1.638253e-308
5.116938e-308
9.220839e-308
1.739365e-308
5.432812e-308
9.790882e-308
1.532557e-308
4.785921e-308
8.620639e-308
1.532557e-308
4.785921e-308
8.62064e-308
1.638253e-308
5.116938e-308
9.220839e-308
1.532557e-308
4.78592e-308
8.620637e-308
1.638253e-308
5.116936e-308
9.220836e-308
1.739365e-308
5.432811e-308
9.79088e-308
1.532557e-308
4.78592e-308
8.620637e-308
1.739364e-308
5.43281e-308
9.790879e-308
1.638253e-308
5.116936e-308
9.220836e-308
1.739365e-308
5.432812e-308
9.790881e-308
1.532557e-308
4.785921e-308
8.620638e-308
1.638253e-308
5.116937e-308
9.220837e-308
1.532557e-308
4.785921e-308
8.620638e-308
1.739365e-308
5.432812e-308
9.790881e-308
1.638253e-308
5.116937e-308
9.220838e-308
1.490119e-308
4.658384e-308
8.403999e-308
1.512682e-308
4.726516e-308
8.520697e-308
1.706325e-308
5.353826e-308
9.732594e-308
1.584756e-308
4.962108e-308
8.977999e-308
1.630005e-308
5.094321e-308
9.188656e-308
1.72515e-308
5.399116e-308
9.760739e-308
1.512681e-308
4.726514e-308
8.520693e-308
1.72515e-308
5.399115e-308
9.760737e-308
1.706324e-308
5.353825e-308
9.732592e-308
1.630005e-308
5.094319e-308
9.188653e-308
1.490118e-308
4.658382e-308
8.403996e-308
1.584755e-308
4.962107e-308
8.977998e-308
1.706325e-308
5.353826e-308
9.732593e-308
1.584756e-308
4.962109e-308
8.977999e-308
1.72515e-308
5.399116e-308
9.760739e-308
1.630006e-308
5.094322e-308
9.188658e-308
1.490119e-308
4.658384e-308
8.404e-308
1.512682e-308
4.726517e-308
8.520698e-308
1.706325e-308
5.353828e-308
9.732597e-308
1.584756e-308
4.96211e-308
8.978002e-308
1.72515e-308
5.399117e-308
9.760741e-308
1.630006e-308
5.094322e-308
9.188659e-308
1.490119e-308
4.658385e-308
8.404002e-308
1.512682e-308
4.726517e-308
8.520699e-308
1.706325e-308
5.353826e-308
9.732594e-308
1.72515e-308
5.399116e-308
9.760739e-308
1.584756e-308
4.962108e-308
8.977999e-308
1.490118e-308
4.658383e-308
8.403998e-308
1.630005e-308
5.094321e-308
9.188656e-308
1.512681e-308
4.726515e-308
8.520696e-308
1.706325e-308
5.353826e-308
9.732594e-308
1.72515e-308
5.399116e-308
9.760738e-308
1.584756e-308
4.962109e-308
8.977999e-308
1.630006e-308
5.094321e-308
9.188657e-308
1.490119e-308
4.658384e-308
8.404e-308
1.512682e-308
4.726516e-308
8.520697e-308
9.985616e-309
3.141885e-308
5.712959e-308
9.330539e-309
2.940642e-308
5.360827e-308
1.13492e-308
3.552235e-308
6.404594e-308
1.13492e-308
3.552236e-308
6.404594e-308
9.985616e-309
3.141885e-308
5.712959e-308
1.208145e-308
3.776703e-308
6.800847e-308
9.330542e-309
2.940643e-308
5.360828e-308
9.985624e-309
3.141888e-308
5.712963e-308
1.134921e-308
3.552238e-308
6.404599e-308
9.985625e-309
3.141888e-308
5.712963e-308
1.208145e-308
3.776706e-308
6.800851e-308
1.134921e-308
3.552239e-308
6.4046e-308
1.208146e-308
3.776708e-308
6.800856e-308
1.134922e-308
3.552241e-308
6.404604e-308
1.134922e-308
3.552241e-308
6.404605e-308
9.985632e-309
3.14189e-308
5.712968e-308
9.985632e-309
3.14189e-308
5.712968e-308
9.330549e-309
2.940645e-308
5.360832e-308
1.208145e-308
3.776704e-308
6.800847e-308
1.13492e-308
3.552236e-308
6.404594e-308
1.13492e-308
3.552236e-308
6.404595e-308
9.985616e-309
3.141885e-308
5.712959e-308
9.985616e-309
3.141885e-308
5.712959e-308
9.330539e-309
2.940642e-308
5.360827e-308
1.134921e-308
3.552239e-308
6.404601e-308
1.208145e-308
3.776706e-308
6.800852e-308
9.985625e-309
3.141888e-308
5.712964e-308
1.134921e-308
3.552239e-308
6.404601e-308
9.330542e-309
2.940643e-308
5.360829e-308
9.985625e-309
3.141888e-308
5.712964e-308
1.134921e-308
3.55224e-308
6.404602e-308
1.208146e-308
3.776707e-308
6.800853e-308
9.985627e-309
3.141889e-308
5.712965e-308
1.134921e-308
3.55224e-308
6.404602e-308
9.985627e-309
3.141889e-308
5.712965e-308
9.330544e-309
2.940644e-308
5.36083e-308
1.091711e-308
3.427153e-308
6.208533e-308
1.186419e-308
3.711534e-308
6.687701e-308
1.321162e-308
4.128728e-308
7.437358e-308
1.359717e-308
4.249128e-308
7.657111e-308
1.256414e-308
3.929145e-308
7.086092e-308
1.120996e-308
3.514801e-308
6.360836e-308
1.091712e-308
3.427156e-308
6.208537e-308
1.120996e-308
3.514802e-308
6.360838e-308
1.321162e-308
4.128728e-308
7.437357e-308
1.359716e-308
4.249127e-308
7.657109e-308
1.186419e-308
3.711535e-308
6.687704e-308
1.256413e-308
3.929144e-308
7.086092e-308
1.18642e-308
3.711538e-308
6.687709e-308
1.321163e-308
4.128731e-308
7.437363e-308
1.091713e-308
3.427159e-308
6.208543e-308
1.120997e-308
3.514805e-308
6.360843e-308
1.359717e-308
4.24913e-308
7.657115e-308
1.256414e-308
3.929147e-308
7.086097e-308
1.359717e-308
4.249129e-308
7.657111e-308
1.186419e-308
3.711534e-308
6.687702e-308
1.256414e-308
3.929145e-308
7.086093e-308
1.120996e-308
3.514801e-308
6.360836e-308
1.091711e-308
3.427153e-308
6.208533e-308
1.321162e-308
4.128728e-308
7.437359e-308
1.359717e-308
4.249129e-308
7.657111e-308
1.256414e-308
3.929145e-308
7.086094e-308
1.120996e-308
3.514803e-308
6.36084e-308
1.321162e-308
4.128729e-308
7.437359e-308
1.091712e-308
3.427157e-308
6.208539e-308
1.186419e-308
3.711536e-308
6.687706e-308
1.120997e-308
3.514804e-308
6.360841e-308
1.18642e-308
3.711537e-308
6.687706e-308
1.321162e-308
4.128729e-308
7.43736e-308
1.091712e-308
3.427157e-308
6.20854e-308
1.359717e-308
4.249129e-308
7.657112e-308
1.256414e-308
3.929146e-308
7.086095e-308
1.296262e-308
4.053481e-308
7.314989e-308
1.1571e-308
3.626784e-308
6.570937e-308
1.165436e-308
3.65286e-308
6.619221e-308
1.415184e-308
4.420852e-308
7.965661e-308
1.276891e-308
3.992979e-308
7.204051e-308
1.405409e-308
4.390915e-308
7.912916e-308
1.276891e-308
3.992979e-308
7.20405e-308
1.405408e-308
4.390914e-308
7.912915e-308
1.415184e-308
4.420851e-308
7.965659e-308
1.296261e-308
4.05348e-308
7.314987e-308
1.165436e-308
3.652859e-308
6.619219e-308
1.1571e-308
3.626784e-308
6.570936e-308
1.165437e-308
3.652863e-308
6.619225e-308
1.157101e-308
3.626787e-308
6.570942e-308
1.276892e-308
3.992982e-308
7.204056e-308
1.296262e-308
4.053483e-308
7.314992e-308
1.405409e-308
4.390917e-308
7.91292e-308
1.415185e-308
4.420855e-308
7.965665e-308
1.296262e-308
4.053482e-308
7.314991e-308
1.1571e-308
3.626785e-308
6.570938e-308
1.415185e-308
4.420853e-308
7.965663e-308
1.405409e-308
4.390916e-308
7.912918e-308
1.276891e-308
3.99298e-308
7.204052e-308
1.165436e-308
3.652861e-308
6.619222e-308
1.405409e-308
4.390915e-308
7.912917e-308
1.415184e-308
4.420853e-308
7.965661e-308
1.296262e-308
4.053481e-308
7.314989e-308
1.276891e-308
3.992979e-308
7.204052e-308
1.1571e-308
3.626785e-308
6.570938e-308
1.165436e-308
3.65286e-308
6.619221e-308
1.405409e-308
4.390916e-308
7.912918e-308
1.415185e-308
4.420854e-308
7.965663e-308
1.296262e-308
4.053482e-308
7.314991e-308
1.276892e-308
3.99298e-308
7.204053e-308
1.165437e-308
3.652862e-308
6.619223e-308
1.157101e-308
3.626786e-308
6.57094e-308
1.165436e-308
3.652861e-308
6.619222e-308
1.296261e-308
4.053481e-308
7.314989e-308
1.405409e-308
4.390915e-308
7.912917e-308
1.276891e-308
3.99298e-308
7.204052e-308
1.1571e-308
3.626785e-308
6.570939e-308
1.415184e-308
4.420853e-308
7.965662e-308
1.276891e-308
3.992978e-308
7.204049e-308
1.165436e-308
3.652859e-308
6.619219e-308
1.1571e-308
3.626783e-308
6.570935e-308
1.296261e-308
4.053479e-308
7.314987e-308
1.405408e-308
4.390913e-308
7.912914e-308
1.415184e-308
4.420851e-308
7.965659e-308
1.296262e-308
4.053483e-308
7.314992e-308
1.415185e-308
4.420854e-308
7.965664e-308
1.165437e-308
3.652862e-308
6.619224e-308
1.405409e-308
4.390916e-308
7.912919e-308
1.157101e-308
3.626786e-308
6.57094e-308
1.276892e-308
3.992981e-308
7.204054e-308
1.415185e-308
4.420854e-308
7.965664e-308
1.296262e-308
4.053482e-308
7.314991e-308
1.405409e-308
4.390917e-308
7.91292e-308
1.276892e-308
3.992982e-308
7.204055e-308
1.165437e-308
3.652862e-308
6.619224e-308
1.157101e-308
3.626786e-308
6.570941e-308
1.276891e-308
3.992979e-308
7.204051e-308
1.1571e-308
3.626784e-308
6.570937e-308
1.405409e-308
4.390915e-308
7.912916e-308
1.165436e-308
3.65286e-308
6.61922e-308
1.415184e-308
4.420852e-308
7.965661e-308
1.296261e-308
4.053481e-308
7.314989e-308
1.296262e-308
4.053482e-308
7.314991e-308
1.415185e-308
4.420854e-308
7.965663e-308
1.165437e-308
3.652862e-308
6.619223e-308
1.157101e-308
3.626786e-308
6.57094e-308
1.276892e-308
3.992981e-308
7.204053e-308
1.405409e-308
4.390916e-308
7.912918e-308
1.091712e-308
3.427157e-308
6.20854e-308
1.18642e-308
3.711537e-308
6.687707e-308
1.120997e-308
3.514804e-308
6.360841e-308
1.256414e-308
3.929146e-308
7.086095e-308
1.321162e-308
4.128729e-308
7.43736e-308
1.359717e-308
4.249129e-308
7.657112e-308
1.186419e-308
3.711533e-308
6.6877e-308
1.120995e-308
3.5148e-308
6.360834e-308
1.091711e-308
3.427152e-308
6.208532e-308
1.359716e-308
4.249127e-308
7.657109e-308
1.321161e-308
4.128727e-308
7.437357e-308
1.256413e-308
3.929143e-308
7.08609e-308
1.18642e-308
3.711536e-308
6.687705e-308
1.091712e-308
3.427157e-308
6.208539e-308
1.321162e-308
4.128729e-308
7.437359e-308
1.359717e-308
4.249129e-308
7.657112e-308
1.120997e-308
3.514804e-308
6.360841e-308
1.256414e-308
3.929146e-308
7.086095e-308
1.091713e-308
3.427159e-308
6.208543e-308
1.321163e-308
4.128731e-308
7.437363e-308
1.256414e-308
3.929147e-308
7.086097e-308
1.120997e-308
3.514805e-308
6.360843e-308
1.18642e-308
3.711538e-308
6.687709e-308
1.359717e-308
4.24913e-308
7.657115e-308
1.321162e-308
4.128728e-308
7.437357e-308
1.186419e-308
3.711533e-308
6.687701e-308
1.120996e-308
3.514801e-308
6.360835e-308
1.359716e-308
4.249128e-308
7.65711e-308
1.091711e-308
3.427153e-308
6.208532e-308
1.256413e-308
3.929144e-308
7.086092e-308
1.256414e-308
3.929146e-308
7.086095e-308
1.359717e-308
4.249129e-308
7.657112e-308
1.120996e-308
3.514804e-308
6.36084e-308
1.321162e-308
4.128729e-308
7.43736e-308
1.091712e-308
3.427157e-308
6.20854e-308
1.18642e-308
3.711536e-308
6.687706e-308
5.287925e-309
1.706632e-308
3.312301e-308
4.550422e-309
1.475751e-308
2.914026e-308
6.995498e-309
2.241726e-308
4.248062e-308
6.995498e-309
2.241726e-308
4.248062e-308
5.287925e-309
1.706632e-308
3.312302e-308
7.849781e-309
2.496718e-308
4.642147e-308
5.287923e-309
1.706631e-308
3.3123e-308
4.55042e-309
1.47575e-308
2.914025e-308
6.995495e-309
2.241725e-308
4.24806e-308
5.287923e-309
1.706631e-308
3.3123e-308
6.995495e-309
2.241725e-308
4.24806e-308
7.849777e-309
2.496717e-308
4.642145e-308
5.287928e-309
1.706633e-308
3.312303e-308
5.287928e-309
1.706633e-308
3.312303e-308
4.550424e-309
1.475752e-308
2.914028e-308
6.995501e-309
2.241727e-308
4.248064e-308
6.995501e-309
2.241727e-308
4.248064e-308
7.849784e-309
2.496719e-308
4.64215e-308
7.849781e-309
2.496718e-308
4.642147e-308
4.550421e-309
1.475751e-308
2.914026e-308
5.287924e-309
1.706632e-308
3.312301e-308
6.995498e-309
2.241726e-308
4.248061e-308
6.995497e-309
2.241726e-308
4.248061e-308
5.287924e-309
1.706632e-308
3.312301e-308
4.550421e-309
1.475751e-308
2.914026e-308
5.287924e-309
1.706632e-308
3.312301e-308
6.995496e-309
2.241725e-308
4.248061e-308
5.287924e-309
1.706632e-308
3.312301e-308
6.995496e-309
2.241725e-308
4.248061e-308
7.849778e-309
2.496717e-308
4.642146e-308
5.287925e-309
1.706632e-308
3.312302e-308
4.550422e-309
1.475751e-308
2.914026e-308
5.287925e-309
1.706632e-308
3.312302e-308
6.995497e-309
2.241726e-308
4.248062e-308
7.84978e-309
2.496718e-308
4.642147e-308
6.995498e-309
2.241726e-308
4.248062e-308
9.52765e-309
3.019769e-308
5.614056e-308
9.113849e-309
2.893355e-308
5.396888e-308
8.314822e-309
2.657891e-308
5.054358e-308
7.583849e-309
2.434828e-308
4.672081e-308
6.633768e-309
2.143948e-308
4.220688e-308
6.338072e-309
2.053923e-308
4.06862e-308
9.527657e-309
3.019771e-308
5.61406e-308
9.113851e-309
2.893355e-308
5.396888e-308
7.583845e-309
2.434827e-308
4.672078e-308
8.314824e-309
2.657891e-308
5.054359e-308
6.338068e-309
2.053921e-308
4.068617e-308
6.633764e-309
2.143947e-308
4.220685e-308
6.633769e-309
2.143949e-308
4.220689e-308
6.338073e-309
2.053923e-308
4.068621e-308
7.583852e-309
2.434829e-308
4.672083e-308
8.314831e-309
2.657893e-308
5.054364e-308
9.113859e-309
2.893358e-308
5.396893e-308
9.527665e-309
3.019774e-308
5.614065e-308
8.314823e-309
2.657891e-308
5.054358e-308
6.633768e-309
2.143948e-308
4.220687e-308
9.527649e-309
3.019769e-308
5.614057e-308
9.113849e-309
2.893355e-308
5.396888e-308
6.338071e-309
2.053922e-308
4.068619e-308
7.583849e-309
2.434828e-308
4.67208e-308
9.527659e-309
3.019772e-308
5.614061e-308
9.113853e-309
2.893356e-308
5.39689e-308
8.314826e-309
2.657892e-308
5.054361e-308
7.583847e-309
2.434827e-308
4.672079e-308
6.338069e-309
2.053922e-308
4.068618e-308
6.633766e-309
2.143948e-308
4.220686e-308
6.633766e-309
2.143948e-308
4.220687e-308
6.33807e-309
2.053922e-308
4.068619e-308
7.583848e-309
2.434828e-308
4.67208e-308
8.314828e-309
2.657892e-308
5.054361e-308
9.113854e-309
2.893356e-308
5.396891e-308
9.527661e-309
3.019772e-308
5.614062e-308
6.911998e-309
2.207267e-308
4.202346e-308
8.492641e-309
2.699495e-308
5.040711e-308
6.985886e-309
2.227045e-308
4.230833e-308
1.015212e-308
3.196147e-308
5.842474e-308
1.001093e-308
3.153735e-308
5.765954e-308
8.701483e-309
2.756611e-308
5.123731e-308
6.985895e-309
2.227048e-308
4.230837e-308
8.701492e-309
2.756614e-308
5.123735e-308
6.912001e-309
2.207268e-308
4.202347e-308
8.49265e-309
2.699498e-308
5.040715e-308
1.001094e-308
3.153738e-308
5.765958e-308
1.015212e-308
3.196149e-308
5.842476e-308
6.912006e-309
2.20727e-308
4.20235e-308
6.985901e-309
2.22705e-308
4.230841e-308
8.492656e-309
2.6995e-308
5.040719e-308
8.7015e-309
2.756616e-308
5.12374e-308
1.015213e-308
3.196151e-308
5.842481e-308
1.001094e-308
3.15374e-308
5.765963e-308
1.015212e-308
3.196148e-308
5.842475e-308
1.001093e-308
3.153735e-308
5.765955e-308
8.701485e-309
2.756612e-308
5.123732e-308
6.985888e-309
2.227046e-308
4.230833e-308
8.492642e-309
2.699496e-308
5.040711e-308
6.911999e-309
2.207268e-308
4.202346e-308
8.701495e-309
2.756614e-308
5.123737e-308
6.912003e-309
2.207269e-308
4.202348e-308
6.985896e-309
2.227048e-308
4.230838e-308
1.015212e-308
3.196149e-308
5.842477e-308
8.492652e-309
2.699499e-308
5.040716e-308
1.001094e-308
3.153738e-308
5.76596e-308
1.015213e-308
3.19615e-308
5.842479e-308
1.001094e-308
3.153739e-308
5.765961e-308
8.701498e-309
2.756615e-308
5.123738e-308
8.492653e-309
2.699499e-308
5.040717e-308
6.912004e-309
2.207269e-308
4.202349e-308
6.985899e-309
2.227049e-308
4.230839e-308
8.75469e-309
2.773036e-308
5.154436e-308
7.060038e-309
2.249041e-308
4.270782e-308
7.060043e-309
2.249042e-308
4.270785e-308
1.029105e-308
3.239284e-308
5.922943e-308
1.029106e-308
3.239284e-308
5.922943e-308
8.754683e-309
2.773034e-308
5.154433e-308
7.060036e-309
2.24904e-308
4.270781e-308
8.754681e-309
2.773033e-308
5.154431e-308
1.029105e-308
3.239283e-308
5.922941e-308
8.754687e-309
2.773035e-308
5.154434e-308
7.060041e-309
2.249041e-308
4.270783e-308
1.029105e-308
3.239283e-308
5.922941e-308
1.029106e-308
3.239286e-308
5.922946e-308
8.754696e-309
2.773037e-308
5.154439e-308
8.754695e-309
2.773037e-308
5.154438e-308
1.029106e-308
3.239286e-308
5.922947e-308
7.060053e-309
2.249045e-308
4.27079e-308
7.060053e-309
2.249045e-308
4.27079e-308
7.060041e-309
2.249041e-308
4.270783e-308
7.060047e-309
2.249043e-308
4.270786e-308
8.754694e-309
2.773037e-308
5.154437e-308
8.754687e-309
2.773035e-308
5.154434e-308
1.029106e-308
3.239285e-308
5.922944e-308
1.029106e-308
3.239286e-308
5.922945e-308
7.060038e-309
2.24904e-308
4.270782e-308
1.029105e-308
3.239284e-308
5.922942e-308
8.754689e-309
2.773035e-308
5.154435e-308
1.029106e-308
3.239284e-308
5.922943e-308
8.754683e-309
2.773034e-308
5.154432e-308
7.060042e-309
2.249042e-308
4.270784e-308
7.060052e-309
2.249045e-308
4.270789e-308
7.060052e-309
2.249045e-308
4.270789e-308
8.754694e-309
2.773037e-308
5.154437e-308
8.754694e-309
2.773037e-308
5.154437e-308
1.029106e-308
3.239286e-308
5.922945e-308
1.029106e-308
3.239286e-308
5.922945e-308
8.492653e-309
2.699499e-308
5.040717e-308
1.001094e-308
3.153739e-308
5.76596e-308
6.912004e-309
2.207269e-308
4.202349e-308
1.015212e-308
3.19615e-308
5.842478e-308
6.985897e-309
2.227049e-308
4.230839e-308
8.701495e-309
2.756615e-308
5.123737e-308
6.911996e-309
2.207267e-308
4.202345e-308
1.001092e-308
3.153734e-308
5.765953e-308
8.492639e-309
2.699495e-308
5.04071e-308
6.985884e-309
2.227045e-308
4.230832e-308
1.015211e-308
3.196146e-308
5.842472e-308
8.70148e-309
2.75661e-308
5.12373e-308
1.015213e-308
3.196151e-308
5.842479e-308
1.001094e-308
3.153739e-308
5.765961e-308
8.701498e-309
2.756616e-308
5.123738e-308
6.912003e-309
2.207269e-308
4.202349e-308
8.492653e-309
2.699499e-308
5.040717e-308
6.985899e-309
2.227049e-308
4.230839e-308
8.492657e-309
2.6995e-308
5.040719e-308
1.001094e-308
3.15374e-308
5.765963e-308
1.015213e-308
3.196151e-308
5.84248e-308
6.912007e-309
2.20727e-308
4.202351e-308
8.7015e-309
2.756616e-308
5.123739e-308
6.985901e-309
2.22705e-308
4.23084e-308
6.911997e-309
2.207267e-308
4.202345e-308
1.001092e-308
3.153734e-308
5.765953e-308
6.985885e-309
2.227045e-308
4.230832e-308
1.015211e-308
3.196147e-308
5.842473e-308
8.701482e-309
2.756611e-308
5.12373e-308
8.492639e-309
2.699495e-308
5.04071e-308
6.912003e-309
2.207269e-308
4.202348e-308
6.985898e-309
2.227049e-308
4.230839e-308
8.492652e-309
2.699499e-308
5.040717e-308
1.015213e-308
3.19615e-308
5.842479e-308
8.701496e-309
2.756615e-308
5.123738e-308
1.001094e-308
3.153739e-308
5.765961e-308
6.338071e-309
2.053922e-308
4.068619e-308
6.633767e-309
2.143948e-308
4.220687e-308
9.113855e-309
2.893356e-308
5.396891e-308
7.583848e-309
2.434828e-308
4.67208e-308
9.527661e-309
3.019772e-308
5.614062e-308
8.314827e-309
2.657892e-308
5.054361e-308
7.583849e-309
2.434828e-308
4.67208e-308
9.527648e-309
3.019768e-308
5.614056e-308
8.314821e-309
2.65789e-308
5.054358e-308
9.113848e-309
2.893354e-308
5.396887e-308
6.338071e-309
2.053922e-308
4.068619e-308
6.633767e-309
2.143948e-308
4.220687e-308
9.113852e-309
2.893356e-308
5.396889e-308
9.52766e-309
3.019772e-308
5.614061e-308
7.583846e-309
2.434827e-308
4.672079e-308
8.314827e-309
2.657892e-308
5.054361e-308
6.338069e-309
2.053922e-308
4.068618e-308
6.633765e-309
2.143947e-308
4.220686e-308
8.314831e-309
2.657893e-308
5.054364e-308
6.63377e-309
2.143949e-308
4.220689e-308
7.583852e-309
2.434829e-308
4.672083e-308
9.527664e-309
3.019774e-308
5.614065e-308
6.338073e-309
2.053923e-308
4.068622e-308
9.113858e-309
2.893358e-308
5.396893e-308
8.314821e-309
2.65789e-308
5.054358e-308
9.527648e-309
3.019769e-308
5.614056e-308
9.113848e-309
2.893355e-308
5.396887e-308
6.633766e-309
2.143948e-308
4.220687e-308
7.583848e-309
2.434828e-308
4.67208e-308
6.33807e-309
2.053922e-308
4.068619e-308
7.583846e-309
2.434827e-308
4.67208e-308
9.113853e-309
2.893356e-308
5.39689e-308
6.338069e-309
2.053922e-308
4.068619e-308
9.527659e-309
3.019772e-308
5.614062e-308
6.633765e-309
2.143947e-308
4.220686e-308
8.314826e-309
2.657892e-308
5.054361e-308
1.917453e-309
6.135963e-309
1.144739e-308
1.917453e-309
6.135963e-309
1.144739e-308
2.787089e-310
8.8595e-310
1.621872e-309
5.534697e-310
1.764849e-309
3.257915e-309
2.838062e-309
9.152361e-309
1.755734e-308
5.534697e-310
1.764849e-309
3.257915e-309
1.917452e-309
6.135961e-309
1.144738e-308
2.787089e-310
8.8595e-310
1.621872e-309
1.917452e-309
6.135962e-309
1.144739e-308
5.534695e-310
1.764848e-309
3.257915e-309
2.838061e-309
9.152358e-309
1.755734e-308
5.534697e-310
1.764849e-309
3.257916e-309
5.5347e-310
1.76485e-309
3.257918e-309
1.917454e-309
6.135967e-309
1.14474e-308
2.787091e-310
8.859509e-310
1.621874e-309
2.838064e-309
9.152366e-309
1.755736e-308
1.917454e-309
6.135968e-309
1.14474e-308
5.534702e-310
1.764851e-309
3.257919e-309
2.787088e-310
8.859498e-310
1.621872e-309
5.534695e-310
1.764848e-309
3.257914e-309
5.534695e-310
1.764848e-309
3.257914e-309
1.917452e-309
6.135962e-309
1.144739e-308
1.917452e-309
6.135962e-309
1.144739e-308
2.838061e-309
9.152358e-309
1.755734e-308
2.787089e-310
8.859501e-310
1.621873e-309
1.917453e-309
6.135963e-309
1.144739e-308
1.917452e-309
6.135962e-309
1.144739e-308
5.534696e-310
1.764849e-309
3.257915e-309
2.838062e-309
9.152359e-309
1.755734e-308
5.534698e-310
1.764849e-309
3.257916e-309
2.78709e-310
8.859504e-310
1.621873e-309
1.917453e-309
6.135964e-309
1.144739e-308
5.534698e-310
1.764849e-309
3.257916e-309
2.838062e-309
9.152361e-309
1.755735e-308
5.534699e-310
1.76485e-309
3.257917e-309
1.917453e-309
6.135963e-309
1.144739e-308
2.291379e-309
7.318307e-309
1.354996e-308
8.061993e-310
2.563849e-309
4.692976e-309
4.072768e-309
1.30861e-308
2.470104e-308
2.807375e-309
8.971433e-309
1.666938e-308
9.101581e-310
2.896612e-309
5.317433e-309
4.471859e-309
1.44058e-308
2.748875e-308
9.101583e-310
2.896612e-309
5.317434e-309
2.291378e-309
7.318305e-309
1.354996e-308
8.061993e-310
2.563849e-309
4.692976e-309
4.072766e-309
1.30861e-308
2.470103e-308
2.807375e-309
8.971433e-309
1.666938e-308
4.471857e-309
1.440579e-308
2.748874e-308
4.47186e-309
1.44058e-308
2.748876e-308
2.807376e-309
8.971436e-309
1.666939e-308
9.101586e-310
2.896613e-309
5.317437e-309
4.072769e-309
1.308611e-308
2.470105e-308
2.29138e-309
7.318311e-309
1.354997e-308
8.061996e-310
2.56385e-309
4.692978e-309
2.807375e-309
8.971432e-309
1.666938e-308
8.061991e-310
2.563848e-309
4.692975e-309
9.101578e-310
2.896611e-309
5.317433e-309
2.291378e-309
7.318306e-309
1.354996e-308
4.072767e-309
1.30861e-308
2.470104e-308
4.471858e-309
1.44058e-308
2.748875e-308
4.471858e-309
1.44058e-308
2.748875e-308
2.807376e-309
8.971435e-309
1.666939e-308
9.101584e-310
2.896613e-309
5.317436e-309
4.072766e-309
1.30861e-308
2.470104e-308
8.061994e-310
2.56385e-309
4.692977e-309
2.291378e-309
7.318307e-309
1.354996e-308
2.291379e-309
7.318307e-309
1.354996e-308
4.072767e-309
1.30861e-308
2.470104e-308
8.061992e-310
2.563849e-309
4.692976e-309
9.101582e-310
2.896612e-309
5.317434e-309
4.471858e-309
1.44058e-308
2.748875e-308
2.807375e-309
8.971432e-309
1.666938e-308
1.022543e-309
3.22731e-309
5.834098e-309
3.072057e-309
9.719226e-309
1.77098e-308
9.977015e-310
3.163354e-309
5.767299e-309
5.024204e-309
1.601455e-308
2.985039e-308
2.942998e-309
9.383586e-309
1.735503e-308
4.929985e-309
1.58044e-308
2.984923e-308
1.022542e-309
3.227307e-309
5.83409e-309
3.072053e-309
9.719212e-309
1.770977e-308
9.977015e-310
3.163353e-309
5.767297e-309
2.942999e-309
9.383588e-309
1.735503e-308
5.024201e-309
1.601454e-308
2.985037e-308
4.929983e-309
1.58044e-308
2.984921e-308
2.942998e-309
9.383587e-309
1.735503e-308
9.977014e-310
3.163353e-309
5.767299e-309
4.929985e-309
1.58044e-308
2.984923e-308
3.072056e-309
9.719222e-309
1.770979e-308
1.022542e-309
3.227309e-309
5.834097e-309
5.024203e-309
1.601454e-308
2.985039e-308
9.977016e-310
3.163354e-309
5.767299e-309
2.942998e-309
9.383586e-309
1.735503e-308
1.022543e-309
3.227311e-309
5.834098e-309
4.929985e-309
1.58044e-308
2.984923e-308
5.024205e-309
1.601455e-308
2.985039e-308
3.072058e-309
9.719228e-309
1.77098e-308
9.977017e-310
3.163354e-309
5.767299e-309
2.942999e-309
9.38359e-309
1.735504e-308
1.022542e-309
3.227308e-309
5.834092e-309
4.929984e-309
1.58044e-308
2.984922e-308
5.024202e-309
1.601454e-308
2.985038e-308
3.072054e-309
9.719215e-309
1.770978e-308
2.942997e-309
9.383583e-309
1.735502e-308
3.072055e-309
9.719219e-309
1.770978e-308
9.97701e-310
3.163352e-309
5.767297e-309
4.929983e-309
1.58044e-308
2.984922e-308
1.022542e-309
3.227309e-309
5.834095e-309
5.024201e-309
1.601454e-308
2.985037e-308
1.045689e-309
3.286817e-309
5.903377e-309
3.126467e-309
9.860387e-309
1.788493e-308
3.099467e-309
9.786381e-309
1.777621e-308
5.147519e-309
1.63294e-308
3.021202e-308
1.040421e-309
3.272286e-309
5.881845e-309
5.122577e-309
1.62557e-308
3.007947e-308
3.126459e-309
9.86036e-309
1.788488e-308
1.045682e-309
3.286797e-309
5.903343e-309
5.147517e-309
1.63294e-308
3.0212e-308
1.040415e-309
3.272269e-309
5.881812e-309
3.099455e-309
9.786342e-309
1.777613e-308
5.122574e-309
1.625569e-308
3.007944e-308
3.099465e-309
9.786373e-309
1.777619e-308
1.04042e-309
3.272283e-309
5.881838e-309
3.126472e-309
9.860401e-309
1.788495e-308
5.122583e-309
1.625572e-308
3.00795e-308
1.045687e-309
3.286812e-309
5.903367e-309
5.147532e-309
1.632945e-308
3.021208e-308
3.099468e-309
9.786384e-309
1.777621e-308
5.122579e-309
1.62557e-308
3.007948e-308
5.147522e-309
1.632941e-308
3.021203e-308
1.040421e-309
3.272288e-309
5.881847e-309
1.045689e-309
3.286818e-309
5.903378e-309
3.126469e-309
9.860392e-309
1.788494e-308
3.099456e-309
9.786344e-309
1.777614e-308
5.122575e-309
1.625569e-308
3.007945e-308
5.147518e-309
1.63294e-308
3.0212e-308
1.040415e-309
3.27227e-309
5.881814e-309
3.12646e-309
9.860363e-309
1.788488e-308
1.045683e-309
3.286799e-309
5.903345e-309
3.099465e-309
9.786371e-309
1.777619e-308
1.04042e-309
3.272283e-309
5.881836e-309
3.126472e-309
9.860399e-309
1.788494e-308
5.122582e-309
1.625571e-308
3.007949e-308
1.045687e-309
3.286811e-309
5.903365e-309
5.147532e-309
1.632944e-308
3.021208e-308
3.12646e-309
9.860363e-309
1.788489e-308
5.122576e-309
1.625569e-308
3.007945e-308
5.147519e-309
1.63294e-308
3.021201e-308
1.045683e-309
3.286799e-309
5.903345e-309
1.040416e-309
3.27227e-309
5.881815e-309
3.099456e-309
9.786345e-309
1.777614e-308
1.040421e-309
3.272286e-309
5.881844e-309
3.099466e-309
9.786378e-309
1.77762e-308
5.147518e-309
1.63294e-308
3.021201e-308
1.045688e-309
3.286815e-309
5.903375e-309
5.122575e-309
1.625569e-308
3.007946e-308
3.126466e-309
9.860383e-309
1.788493e-308
3.126472e-309
9.8604e-309
1.788495e-308
1.045687e-309
3.286812e-309
5.903366e-309
5.147533e-309
1.632944e-308
3.021208e-308
1.04042e-309
3.272283e-309
5.881837e-309
5.122582e-309
1.625571e-308
3.007949e-308
3.099465e-309
9.786372e-309
1.777619e-308
3.099458e-309
9.78635e-309
1.777615e-308
1.040416e-309
3.272272e-309
5.881818e-309
3.126462e-309
9.860368e-309
1.788489e-308
5.122578e-309
1.62557e-308
3.007947e-308
5.147521e-309
1.632941e-308
3.021202e-308
1.045683e-309
3.286801e-309
5.903348e-309
3.126467e-309
9.860386e-309
1.788493e-308
1.045688e-309
3.286816e-309
5.903376e-309
1.040421e-309
3.272286e-309
5.881845e-309
5.122576e-309
1.62557e-308
3.007947e-308
5.147519e-309
1.63294e-308
3.021202e-308
3.099467e-309
9.786379e-309
1.777621e-308
3.126471e-309
9.860399e-309
1.788494e-308
5.147532e-309
1.632944e-308
3.021208e-308
5.122581e-309
1.625571e-308
3.007948e-308
3.099464e-309
9.786371e-309
1.777619e-308
1.045687e-309
3.286811e-309
5.903365e-309
1.04042e-309
3.272282e-309
5.881836e-309
1.022542e-309
3.227308e-309
5.834093e-309
3.072054e-309
9.719216e-309
1.770978e-308
9.977018e-310
3.163354e-309
5.7673e-309
2.943e-309
9.383592e-309
1.735504e-308
5.024203e-309
1.601454e-308
2.985038e-308
4.929985e-309
1.58044e-308
2.984923e-308
9.977013e-310
3.163353e-309
5.767298e-309
1.022542e-309
3.227309e-309
5.834097e-309
2.942997e-309
9.383584e-309
1.735503e-308
5.024202e-309
1.601454e-308
2.985038e-308
3.072056e-309
9.719223e-309
1.77098e-308
4.929984e-309
1.58044e-308
2.984922e-308
3.072055e-309
9.719219e-309
1.770978e-308
9.977009e-310
3.163352e-309
5.767296e-309
1.022542e-309
3.227308e-309
5.834095e-309
5.024201e-309
1.601454e-308
2.985037e-308
2.942996e-309
9.383582e-309
1.735502e-308
4.929982e-309
1.58044e-308
2.984921e-308
2.943001e-309
9.383596e-309
1.735505e-308
9.977021e-310
3.163356e-309
5.767303e-309
1.022543e-309
3.22731e-309
5.834096e-309
4.929987e-309
1.580441e-308
2.984925e-308
5.024205e-309
1.601455e-308
2.98504e-308
3.072056e-309
9.719221e-309
1.770979e-308
9.977013e-310
3.163353e-309
5.767298e-309
2.942997e-309
9.383584e-309
1.735502e-308
1.022542e-309
3.227309e-309
5.834097e-309
5.024202e-309
1.601454e-308
2.985039e-308
3.072056e-309
9.719224e-309
1.77098e-308
4.929983e-309
1.58044e-308
2.984922e-308
9.977009e-310
3.163352e-309
5.767296e-309
4.929982e-309
1.580439e-308
2.984922e-308
2.942996e-309
9.383582e-309
1.735502e-308
5.0242e-309
1.601454e-308
2.985037e-308
1.022542e-309
3.227308e-309
5.834094e-309
3.072055e-309
9.719218e-309
1.770978e-308
8.061996e-310
2.56385e-309
4.692978e-309
9.101586e-310
2.896613e-309
5.317437e-309
2.291379e-309
7.318308e-309
1.354996e-308
2.807376e-309
8.971437e-309
1.666939e-308
4.072767e-309
1.30861e-308
2.470104e-308
4.471859e-309
1.44058e-308
2.748876e-308
2.807375e-309
8.971431e-309
1.666938e-308
8.061992e-310
2.563849e-309
4.692975e-309
9.101579e-310
2.896611e-309
5.317433e-309
2.291379e-309
7.318307e-309
1.354996e-308
4.471858e-309
1.44058e-308
2.748875e-308
4.072767e-309
1.30861e-308
2.470104e-308
2.807374e-309
8.97143e-309
1.666938e-308
2.291378e-309
7.318305e-309
1.354996e-308
8.061989e-310
2.563848e-309
4.692974e-309
4.072766e-309
1.30861e-308
2.470103e-308
9.101578e-310
2.896611e-309
5.317433e-309
4.471857e-309
1.440579e-308
2.748874e-308
4.471861e-309
1.440581e-308
2.748877e-308
4.072769e-309
1.308611e-308
2.470106e-308
2.29138e-309
7.318312e-309
1.354997e-308
2.807378e-309
8.971441e-309
1.66694e-308
8.062e-310
2.563851e-309
4.692981e-309
9.10159e-310
2.896615e-309
5.31744e-309
4.471858e-309
1.44058e-308
2.748875e-308
4.072766e-309
1.30861e-308
2.470104e-308
2.291378e-309
7.318305e-309
1.354996e-308
2.807374e-309
8.971431e-309
1.666938e-308
8.06199e-310
2.563848e-309
4.692974e-309
9.101578e-310
2.896611e-309
5.317432e-309
2.807374e-309
8.97143e-309
1.666938e-308
2.291378e-309
7.318306e-309
1.354996e-308
4.072766e-309
1.30861e-308
2.470104e-308
4.471857e-309
1.440579e-308
2.748875e-308
9.101579e-310
2.896611e-309
5.317434e-309
8.06199e-310
2.563848e-309
4.692975e-309
)
;

boundaryField
{
    top
    {
        type            zeroGradient;
    }
    bottom
    {
        type            zeroGradient;
    }
    defaultFaces
    {
        type            zeroGradient;
    }
}


// ************************************************************************* //
