(0 "CUBIT to Fluent File")

(0 "Dimensions:")
(2 2)

(10 (0 1 6c6 1 2))
(12 (0 1 659 0))
(13 (0 1 d1d 0))

(0 "Nodes:")
(10 (1 1 6c6 1 2)
(
0.0000000000e+00   -5.0000000000e+00
4.9713702002e-02   -4.9997528487e+00
4.9614274598e-02   -4.9897533430e+00
0.0000000000e+00   -4.9900000000e+00
1.0244542852e-01   -4.9989503832e+00
1.0224053766e-01   -4.9889524825e+00
1.5837162393e-01   -4.9974912135e+00
1.5805488069e-01   -4.9874962310e+00
2.1767733069e-01   -4.9952594107e+00
2.1724197603e-01   -4.9852688918e+00
2.8055620578e-01   -4.9921226162e+00
2.7999509337e-01   -4.9821383710e+00
3.4721042930e-01   -4.9879299231e+00
3.4651600844e-01   -4.9779540633e+00
4.1785047645e-01   -4.9825095062e+00
4.1701477549e-01   -4.9725444872e+00
4.9269471813e-01   -4.9756659770e+00
4.9170932869e-01   -4.9657146451e+00
5.7196880857e-01   -4.9671774361e+00
5.7082487095e-01   -4.9572430813e+00
6.5590480947e-01   -4.9567921967e+00
6.5459299985e-01   -4.9468786123e+00
7.4473999056e-01   -4.9442251513e+00
7.4325051058e-01   -4.9343367010e+00
8.3871523432e-01   -4.9291537566e+00
8.3703780385e-01   -4.9192954490e+00
9.3807295917e-01   -4.9112136100e+00
9.3619681325e-01   -4.9013911828e+00
1.0430544588e+00   -4.8899935988e+00
1.0409683499e+00   -4.8802136116e+00
1.1538965371e+00   -4.8650306044e+00
1.1515887440e+00   -4.8553005432e+00
1.2708272954e+00   -4.8358037579e+00
1.2682856408e+00   -4.8261321504e+00
1.3940609057e+00   -4.8017282504e+00
1.3912727839e+00   -4.7921247939e+00
1.5237911727e+00   -4.7621487232e+00
1.5207435903e+00   -4.7526244258e+00
1.6601836568e+00   -4.7163322854e+00
1.6568632894e+00   -4.7068996208e+00
1.8033660957e+00   -4.6634612387e+00
1.7997593635e+00   -4.6541343162e+00
1.9534168208e+00   -4.6026256337e+00
1.9495099871e+00   -4.5934203825e+00
2.1103508241e+00   -4.5328158356e+00
2.1061301225e+00   -4.5237502039e+00
2.2741030893e+00   -4.4529153528e+00
2.2695548832e+00   -4.4440095221e+00
2.4445087544e+00   -4.3616942752e+00
2.4396197368e+00   -4.3529708866e+00
2.6212796358e+00   -4.2578037849e+00
2.6160370766e+00   -4.2492881773e+00
2.8039766114e+00   -4.1397723564e+00
2.7983686582e+00   -4.1314928117e+00
2.9919773375e+00   -4.0060044448e+00
2.9859933828e+00   -3.9979924360e+00
3.1844387843e+00   -3.8547826954e+00
3.1780699068e+00   -3.8470731300e+00
3.3802541091e+00   -3.6842749840e+00
3.3734936009e+00   -3.6769064341e+00
3.5780034783e+00   -3.4925479395e+00
3.5708474713e+00   -3.4855628436e+00
3.7758986180e+00   -3.2775889960e+00
3.7683468207e+00   -3.2710338180e+00
3.9717211394e+00   -3.0373394922e+00
3.9637776971e+00   -3.0312648133e+00
4.1627551007e+00   -2.7697418600e+00
4.1544295905e+00   -2.7642023763e+00
4.3457148730e+00   -2.4728045298e+00
4.3370234433e+00   -2.4678589207e+00
4.5166702339e+00   -2.1446887882e+00
4.5076368934e+00   -2.1403994106e+00
4.6709718007e+00   -1.7838224230e+00
4.6616298571e+00   -1.7802547781e+00
4.8031815078e+00   -1.3890455008e+00
4.7935751448e+00   -1.3862674098e+00
4.9070149374e+00   -9.5979393831e-01
4.8972009075e+00   -9.5787435043e-01
4.9753050188e+00   -4.9632647547e-01
4.9653544087e+00   -4.9533382252e-01
5.0000000000e+00   0.0000000000e+00
4.9900000000e+00   0.0000000000e+00
4.9494961714e-02   -4.9777539361e+00
0.0000000000e+00   -4.9780000000e+00
1.0199466863e-01   -4.9769550016e+00
1.5767478879e-01   -4.9755022521e+00
2.1671955044e-01   -4.9732802692e+00
2.7932175847e-01   -4.9701572767e+00
3.4568270341e-01   -4.9659830314e+00
4.1601193435e-01   -4.9605864644e+00
4.9052686137e-01   -4.9537730467e+00
5.6945214581e-01   -4.9453218554e+00
6.5301882831e-01   -4.9349823110e+00
7.4146313460e-01   -4.9224705606e+00
8.3502488729e-01   -4.9074654800e+00
9.3394543815e-01   -4.8896042701e+00
1.0384650192e+00   -4.8684776269e+00
1.1488193923e+00   -4.8436244697e+00
1.2652356553e+00   -4.8145262214e+00
1.3879270377e+00   -4.7806006461e+00
1.5170864915e+00   -4.7411952688e+00
1.6528788487e+00   -4.6955804233e+00
1.7954312849e+00   -4.6429420093e+00
1.9448217868e+00   -4.5823740809e+00
2.1010652805e+00   -4.5128714459e+00
2.2640970357e+00   -4.4333225252e+00
2.4337529158e+00   -4.3425028203e+00
2.6097460054e+00   -4.2390694483e+00
2.7916391143e+00   -4.1215573580e+00
2.9788126372e+00   -3.9883780253e+00
3.1704272537e+00   -3.8378216515e+00
3.3653809910e+00   -3.6680641741e+00
3.5622602629e+00   -3.4771807286e+00
3.7592846640e+00   -3.2631676044e+00
3.9542455664e+00   -3.0239751985e+00
4.1444389783e+00   -2.7575549959e+00
4.3265937276e+00   -2.4619241899e+00
4.4967968849e+00   -2.1352521575e+00
4.6504195248e+00   -1.7759736043e+00
4.7820475091e+00   -1.3829337006e+00
4.8854240717e+00   -9.5557084498e-01
4.9534136767e+00   -4.9414263898e-01
4.9780000000e+00   0.0000000000e+00
4.9351786252e-02   -4.9633546479e+00
0.0000000000e+00   -4.9636000000e+00
1.0169962580e-01   -4.9625580245e+00
1.5721867851e-01   -4.9611094774e+00
2.1609263972e-01   -4.9588939221e+00
2.7851375660e-01   -4.9557799636e+00
3.4468273738e-01   -4.9516177933e+00
4.1480852498e-01   -4.9462368370e+00
4.8910790058e-01   -4.9394431287e+00
5.6780487564e-01   -4.9310163844e+00
6.5112982246e-01   -4.9207067495e+00
7.3931828343e-01   -4.9082311922e+00
8.3260938742e-01   -4.8932695172e+00
9.3124378803e-01   -4.8754599749e+00
1.0354610224e+00   -4.8543944454e+00
1.1454961703e+00   -4.8296131816e+00
1.2615756727e+00   -4.8005991066e+00
1.3839121423e+00   -4.7667716688e+00
1.5126979729e+00   -4.7274802805e+00
1.6480975197e+00   -4.6819973863e+00
1.7902375905e+00   -4.6295112409e+00
1.9391959463e+00   -4.5691185191e+00
2.0949874701e+00   -4.4998169363e+00
2.2575476189e+00   -4.4204981290e+00
2.4267127306e+00   -4.3299411408e+00
2.6021967201e+00   -4.2268069734e+00
2.7835636616e+00   -4.1096348136e+00
2.9701957424e+00   -3.9768407325e+00
3.1612560700e+00   -3.8267198774e+00
3.3556458592e+00   -3.6574534621e+00
3.5519556129e+00   -3.4671221905e+00
3.7484100760e+00   -3.2537281481e+00
3.9428070095e+00   -3.0152276607e+00
4.1324502436e+00   -2.7495781393e+00
4.3140780687e+00   -2.4548025128e+00
4.4837888746e+00   -2.1290754538e+00
4.6369671260e+00   -1.7708361958e+00
4.7682143464e+00   -1.3789332496e+00
4.8712918687e+00   -9.5280663844e-01
4.9390847982e+00   -4.9271321873e-01
4.9636000000e+00   0.0000000000e+00
4.9179975698e-02   -4.9460755021e+00
0.0000000000e+00   -4.9463200000e+00
1.0134557440e-01   -4.9452816519e+00
1.5667134618e-01   -4.9438381478e+00
2.1534034687e-01   -4.9416303056e+00
2.7754415435e-01   -4.9385271878e+00
3.4348277813e-01   -4.9343795074e+00
4.1336443373e-01   -4.9290172841e+00
4.8740514763e-01   -4.9222472271e+00
5.6582815144e-01   -4.9138498192e+00
6.4886301544e-01   -4.9035760756e+00
7.3674446202e-01   -4.8911439500e+00
8.2971078757e-01   -4.8762343618e+00
9.2800180788e-01   -4.8584868207e+00
1.0318562261e+00   -4.8374946275e+00
1.1415083038e+00   -4.8127996358e+00
1.2571836935e+00   -4.7838865688e+00
1.3790942678e+00   -4.7501768959e+00
1.5074317506e+00   -4.7110222945e+00
1.6423599250e+00   -4.6656977419e+00
1.7840051573e+00   -4.6133943188e+00
1.9324449378e+00   -4.5532118449e+00
2.0876940977e+00   -4.4841515247e+00
2.2496883186e+00   -4.4051088536e+00
2.4182645084e+00   -4.3148671254e+00
2.5931375777e+00   -4.2120920035e+00
2.7738731185e+00   -4.0953277604e+00
2.9598554688e+00   -3.9629959811e+00
3.1502506496e+00   -3.8133977484e+00
3.3439637010e+00   -3.6447206078e+00
3.5395900329e+00   -3.4550519448e+00
3.7353605704e+00   -3.2424008006e+00
3.9290807412e+00   -3.0047306154e+00
4.1180637620e+00   -2.7400059114e+00
4.2990592781e+00   -2.4462565004e+00
4.4681792623e+00   -2.1216634094e+00
4.6208242475e+00   -1.7646713055e+00
4.7516145511e+00   -1.3741327083e+00
4.8543332250e+00   -9.4948959059e-01
4.9218901441e+00   -4.9099791443e-01
4.9463200000e+00   0.0000000000e+00
4.8973803033e-02   -4.9253405271e+00
0.0000000000e+00   -4.9255840000e+00
1.0092071271e-01   -4.9245500049e+00
1.5601454738e-01   -4.9231125522e+00
2.1443759544e-01   -4.9209139658e+00
2.7638063166e-01   -4.9178238569e+00
3.4204282704e-01   -4.9136935645e+00
4.1163152424e-01   -4.9083538207e+00
4.8536184410e-01   -4.9016121451e+00
5.6345608240e-01   -4.8932499409e+00
6.4614284701e-01   -4.8830192670e+00
7.3365587633e-01   -4.8706392595e+00
8.2623246775e-01   -4.8557921754e+00
9.2411143171e-01   -4.8381190356e+00
1.0275304707e+00   -4.8172148460e+00
1.1367228641e+00   -4.7926233809e+00
1.2519133186e+00   -4.7638315235e+00
1.3733128185e+00   -4.7302631685e+00
1.5011122839e+00   -4.6912727113e+00
1.6354748114e+00   -4.6461381687e+00
1.7765262374e+00   -4.5940540124e+00
1.9243437275e+00   -4.5341238359e+00
2.0789420507e+00   -4.4653530309e+00
2.2402571582e+00   -4.3866417230e+00
2.4081266417e+00   -4.2967783069e+00
2.5822666067e+00   -4.1944340396e+00
2.7622444667e+00   -4.0781592965e+00
2.9474471404e+00   -3.9463822795e+00
3.1370441450e+00   -3.7974111936e+00
3.3299451111e+00   -3.6294411826e+00
3.5247513369e+00   -3.4405676500e+00
3.7197011636e+00   -3.2288079835e+00
3.9126092193e+00   -2.9921341611e+00
4.1007999840e+00   -2.7285192380e+00
4.2810367294e+00   -2.4360012854e+00
4.4494477275e+00   -2.1127689560e+00
4.6014527932e+00   -1.7572734371e+00
4.7316947968e+00   -1.3683720588e+00
4.8339828527e+00   -9.4550913316e-01
4.9012565591e+00   -4.8893954927e-01
4.9255840000e+00   0.0000000000e+00
4.8726395835e-02   -4.9004585571e+00
0.0000000000e+00   -4.9007008000e+00
1.0041087870e-01   -4.8996720285e+00
1.5522638882e-01   -4.8982418376e+00
2.1335429373e-01   -4.8960543580e+00
2.7498440442e-01   -4.8929798598e+00
3.4031488573e-01   -4.8888704329e+00
4.0955203284e-01   -4.8835576646e+00
4.8290987986e-01   -4.8768500468e+00
5.6060959954e-01   -4.8685300870e+00
6.4287864490e-01   -4.8583510967e+00
7.2994957350e-01   -4.8460336308e+00
8.2205848396e-01   -4.8312615516e+00
9.1944298030e-01   -4.8136776935e+00
1.0223395642e+00   -4.7928791083e+00
1.1309803365e+00   -4.7684118750e+00
1.2455888686e+00   -4.7397654690e+00
1.3663750792e+00   -4.7063666957e+00
1.4935289238e+00   -4.6675732115e+00
1.6272126750e+00   -4.6226666808e+00
1.7675515336e+00   -4.5708456447e+00
1.9146222753e+00   -4.5112182251e+00
2.0684395944e+00   -4.4427948383e+00
2.2289397658e+00   -4.3644811663e+00
2.3959612016e+00   -4.2750717247e+00
2.5692214417e+00   -4.1732444830e+00
2.7482900845e+00   -4.0575571398e+00
2.9325571463e+00   -3.9264458375e+00
3.1211963396e+00   -3.7782273278e+00
3.3131228033e+00   -3.6111058723e+00
3.5069449017e+00   -3.4231864962e+00
3.7009098755e+00   -3.2124966030e+00
3.8928433930e+00   -2.9770184159e+00
4.0800834505e+00   -2.7147352299e+00
4.2594096709e+00   -2.4236950275e+00
4.4269698857e+00   -2.1020956120e+00
4.5782070481e+00   -1.7483959951e+00
4.7077910915e+00   -1.3614592794e+00
4.8095624059e+00   -9.4073258426e-01
4.8764962571e+00   -4.8646951108e-01
4.9007008000e+00   0.0000000000e+00
4.8429507197e-02   -4.8706001930e+00
0.0000000000e+00   -4.8708409600e+00
9.9799077876e-02   -4.8698184567e+00
1.5428059855e-01   -4.8683969800e+00
2.1205433168e-01   -4.8662228286e+00
2.7330893174e-01   -4.8631670633e+00
3.3824135616e-01   -4.8590826750e+00
4.0705664317e-01   -4.8538022773e+00
4.7996752277e-01   -4.8471355288e+00
5.5719382012e-01   -4.8388662623e+00
6.3896160237e-01   -4.8287492923e+00
7.2550201011e-01   -4.8165068765e+00
8.1704970342e-01   -4.8018248031e+00
9.1384083860e-01   -4.7843480830e+00
1.0161104763e+00   -4.7636762230e+00
1.1240893033e+00   -4.7393580679e+00
1.2379995287e+00   -4.7108862037e+00
1.3580497921e+00   -4.6776909282e+00
1.4844288917e+00   -4.6391338117e+00
1.6172981113e+00   -4.5945008953e+00
1.7567818890e+00   -4.5429956034e+00
1.9029565325e+00   -4.4837314921e+00
2.0558366468e+00   -4.4157250072e+00
2.2153588950e+00   -4.3378884983e+00
2.3813626736e+00   -4.2490238261e+00
2.5535672436e+00   -4.1478170150e+00
2.7315448259e+00   -4.0328345517e+00
2.9146891533e+00   -3.9025221072e+00
3.1021789731e+00   -3.7552066889e+00
3.2929360340e+00   -3.5891035000e+00
3.4855771794e+00   -3.4023291117e+00
3.6783603298e+00   -3.1929229464e+00
3.8691244015e+00   -2.9588795216e+00
4.0552236102e+00   -2.6981944201e+00
4.2334572008e+00   -2.4089275180e+00
4.3999964756e+00   -2.0892875992e+00
4.5503121540e+00   -1.7377430647e+00
4.6791066453e+00   -1.3531639442e+00
4.7802578697e+00   -9.3500072557e-01
4.8467838948e+00   -4.8350546525e-01
4.8708409600e+00   0.0000000000e+00
4.8073240832e-02   -4.8347701562e+00
0.0000000000e+00   -4.8350091520e+00
9.9064916891e-02   -4.8339941707e+00
1.5314565023e-01   -4.8325831508e+00
2.1049437721e-01   -4.8304249934e+00
2.7129836452e-01   -4.8273917075e+00
3.3575312067e-01   -4.8233373655e+00
4.0406217556e-01   -4.8180958125e+00
4.7643669426e-01   -4.8114781072e+00
5.5309488482e-01   -4.8032696727e+00
6.3426115133e-01   -4.7932271271e+00
7.2016493404e-01   -4.7810747712e+00
8.1103916677e-01   -4.7665007049e+00
9.0711826857e-01   -4.7491525504e+00
1.0086355709e+00   -4.7286327606e+00
1.1158200634e+00   -4.7044934994e+00
1.2288923207e+00   -4.6762310854e+00
1.3480594475e+00   -4.6432800073e+00
1.4735088531e+00   -4.6050065320e+00
1.6054006349e+00   -4.5607019527e+00
1.7438583154e+00   -4.5095755538e+00
1.8889576412e+00   -4.4507474125e+00
2.0407131097e+00   -4.3832412099e+00
2.1990618499e+00   -4.3059772968e+00
2.3638444399e+00   -4.2177663477e+00
2.5347822058e+00   -4.1173040535e+00
2.7114505156e+00   -4.0031674461e+00
2.8932475618e+00   -3.8738136308e+00
3.0793581333e+00   -3.7275819222e+00
3.2687119107e+00   -3.5627006533e+00
3.4599359126e+00   -3.3773002502e+00
3.6513008750e+00   -3.1694345585e+00
3.8406616116e+00   -2.9371128485e+00
4.0253918019e+00   -2.6783454484e+00
4.2023142366e+00   -2.3912065065e+00
4.3676283835e+00   -2.0739179838e+00
4.5168382811e+00   -1.7249595481e+00
4.6446853098e+00   -1.3432095418e+00
4.7450924263e+00   -9.2812249515e-01
4.8111290599e+00   -4.7994861025e-01
4.8350091520e+00   0.0000000000e+00
4.7645721194e-02   -4.7917741120e+00
0.0000000000e+00   -4.7920109824e+00
9.8183923709e-02   -4.7910050274e+00
1.5178371224e-01   -4.7896065559e+00
2.0862243186e-01   -4.7874675912e+00
2.6888568385e-01   -4.7844612805e+00
3.3276723808e-01   -4.7804429942e+00
4.0046881443e-01   -4.7752480547e+00
4.7219970005e-01   -4.7686892013e+00
5.4817616245e-01   -4.7605537651e+00
6.2862061008e-01   -4.7506005288e+00
7.1376044276e-01   -4.7385562449e+00
8.0382652280e-01   -4.7241117871e+00
8.9905118453e-01   -4.7069179112e+00
9.9966568438e-01   -4.6865806058e+00
1.1058969756e+00   -4.6626560172e+00
1.2179636712e+00   -4.6346449434e+00
1.3360710341e+00   -4.6019869021e+00
1.4604048069e+00   -4.5640537963e+00
1.5911236632e+00   -4.5201432216e+00
1.7283500272e+00   -4.4694714944e+00
1.8721589717e+00   -4.4111665169e+00
2.0225648652e+00   -4.3442606530e+00
2.1795053958e+00   -4.2676838548e+00
2.3428225595e+00   -4.1802573737e+00
2.5122401606e+00   -4.0806884996e+00
2.6873373432e+00   -3.9675669193e+00
2.8675176520e+00   -3.8393634590e+00
3.0519731255e+00   -3.6944322022e+00
3.2396429628e+00   -3.5310172371e+00
3.4291663926e+00   -3.3472656165e+00
3.6188295291e+00   -3.1412484930e+00
3.8065062638e+00   -2.9109928408e+00
3.9895936320e+00   -2.6545266823e+00
4.1649426796e+00   -2.3699412928e+00
4.3287866729e+00   -2.0554744454e+00
4.4766696335e+00   -1.7096193283e+00
4.6033797071e+00   -1.3312642590e+00
4.7028938942e+00   -9.1986861864e-01
4.7683432581e+00   -4.7568038426e-01
4.7920109824e+00   0.0000000000e+00
4.7132697629e-02   -4.7401788590e+00
0.0000000000e+00   -4.7404131789e+00
9.7126731890e-02   -4.7394180555e+00
1.5014938665e-01   -4.7380346419e+00
2.0637609743e-01   -4.7359187084e+00
2.6599046706e-01   -4.7329447681e+00
3.2918417898e-01   -4.7289697486e+00
3.9615678107e-01   -4.7238307454e+00
4.6711530700e-01   -4.7173425142e+00
5.4227369561e-01   -4.7092946760e+00
6.2185196058e-01   -4.6994486108e+00
7.0607505322e-01   -4.6875340133e+00
7.9517135002e-01   -4.6732450857e+00
8.8937068368e-01   -4.6562363442e+00
9.8890182057e-01   -4.6361180200e+00
1.0939892703e+00   -4.6124510386e+00
1.2048492918e+00   -4.5847415729e+00
1.3216849379e+00   -4.5524351760e+00
1.4446799514e+00   -4.5149105135e+00
1.5739912972e+00   -4.4714727443e+00
1.7097400813e+00   -4.4213466230e+00
1.8520005682e+00   -4.3636694423e+00
2.0007869718e+00   -4.2974839849e+00
2.1560376510e+00   -4.2217317246e+00
2.3175963030e+00   -4.1352466048e+00
2.4851897062e+00   -4.0367498350e+00
2.6584015364e+00   -3.9248462872e+00
2.8366417603e+00   -3.7980232530e+00
3.0191111161e+00   -3.6546525382e+00
3.2047602253e+00   -3.4929971378e+00
3.3922429685e+00   -3.3112240560e+00
3.5798639141e+00   -3.1074252143e+00
3.7655198464e+00   -2.8796488315e+00
3.9466358280e+00   -2.6259441631e+00
4.1200968111e+00   -2.3444230364e+00
4.2821766203e+00   -2.0333421992e+00
4.4284672565e+00   -1.6912110645e+00
4.5538129840e+00   -1.3169299196e+00
4.6522556557e+00   -9.0996396683e-01
4.7170002960e+00   -4.7055851307e-01
4.7404131789e+00   0.0000000000e+00
4.6517069350e-02   -4.6782645554e+00
0.0000000000e+00   -4.6784958147e+00
9.5858101708e-02   -4.6775136891e+00
1.4818819595e-01   -4.6761483452e+00
2.0368049612e-01   -4.6740600492e+00
2.6251620690e-01   -4.6711249532e+00
3.2488450806e-01   -4.6672018538e+00
3.9098234104e-01   -4.6621299742e+00
4.6101403533e-01   -4.6557264897e+00
5.3519073540e-01   -4.6477837691e+00
6.1372958119e-01   -4.6380663092e+00
6.9685258577e-01   -4.6263073354e+00
7.8478514269e-01   -4.6122050440e+00
8.7775408267e-01   -4.5954184639e+00
9.7598518401e-01   -4.5755629171e+00
1.0797000238e+00   -4.5522050642e+00
1.1891120365e+00   -4.5248575284e+00
1.3044216226e+00   -4.4929731046e+00
1.4258101247e+00   -4.4559385741e+00
1.5534324579e+00   -4.4130681715e+00
1.6874081462e+00   -4.3635967774e+00
1.8278104841e+00   -4.3066729528e+00
1.9746534996e+00   -4.2413519831e+00
2.1278763571e+00   -4.1665891682e+00
2.2873247952e+00   -4.0812336822e+00
2.4527291610e+00   -3.9840234375e+00
2.6236785681e+00   -3.8735815286e+00
2.7995906902e+00   -3.7484150057e+00
2.9796767049e+00   -3.6069169414e+00
3.1629009404e+00   -3.4473730186e+00
3.3479348596e+00   -3.2679741835e+00
3.5331051761e+00   -3.0668372800e+00
3.7163361455e+00   -2.8420360204e+00
3.8950864633e+00   -2.5916451400e+00
4.0662817690e+00   -2.3138011286e+00
4.2262445571e+00   -2.0067835039e+00
4.3706244040e+00   -1.6691211480e+00
4.4943329162e+00   -1.2997287124e+00
4.5914897694e+00   -8.9807838466e-01
4.6553887414e+00   -4.6441226764e-01
4.6784958147e+00   0.0000000000e+00
4.5778315415e-02   -4.6039673910e+00
0.0000000000e+00   -4.6041949776e+00
9.4335745490e-02   -4.6032284496e+00
1.4583476710e-01   -4.6018847891e+00
2.0044577454e-01   -4.5998296581e+00
2.5834709471e-01   -4.5969411754e+00
3.1972490295e-01   -4.5930803801e+00
3.8477301301e-01   -4.5880890488e+00
4.5369250934e-01   -4.5817872603e+00
5.2669118315e-01   -4.5739706808e+00
6.0398272591e-01   -4.5644075474e+00
6.8578562483e-01   -4.5528353219e+00
7.7232169390e-01   -4.5389569939e+00
8.6381416145e-01   -4.5224370074e+00
9.6048522013e-01   -4.5028967936e+00
1.0625529281e+00   -4.4799098949e+00
1.1702273301e+00   -4.4529966750e+00
1.2837056441e+00   -4.4216186189e+00
1.4031663328e+00   -4.3851722468e+00
1.5287618509e+00   -4.3429826842e+00
1.6606098241e+00   -4.2942969627e+00
1.7987823831e+00   -4.2382771653e+00
1.9432933331e+00   -4.1739935809e+00
2.0940828045e+00   -4.1004181006e+00
2.2509989859e+00   -4.0164181751e+00
2.4137765068e+00   -3.9207517604e+00
2.5820110063e+00   -3.8120638183e+00
2.7551294060e+00   -3.6888851090e+00
2.9323554115e+00   -3.5496342252e+00
3.1126697984e+00   -3.3926240755e+00
3.2947651289e+00   -3.2160743364e+00
3.4769946905e+00   -3.0181317588e+00
3.6573157045e+00   -2.7969006471e+00
3.8332272256e+00   -2.5504863122e+00
4.0017037185e+00   -2.2770548393e+00
4.1591260813e+00   -1.9749130694e+00
4.3012129811e+00   -1.6426132482e+00
4.4229568349e+00   -1.2790872637e+00
4.5185707060e+00   -8.8381568605e-01
4.5814548759e+00   -4.5703677312e-01
4.6041949776e+00   0.0000000000e+00
1.3996222441e+00   -4.2389549849e+00
1.2788899610e+00   -4.2869673836e+00
1.5263610552e+00   -4.1878580614e+00
1.6647818176e+00   -4.1285360694e+00
1.8085373195e+00   -4.0658830674e+00
1.9583769009e+00   -3.9995996243e+00
2.1151994760e+00   -3.9261860934e+00
2.2751389862e+00   -3.8520348383e+00
2.4277377027e+00   -3.7828543153e+00
2.5405115623e+00   -3.7489994512e+00
2.6073767440e+00   -3.6521803572e+00
1.9740945285e+00   -3.8266329559e+00
1.8107837799e+00   -3.8961789685e+00
2.1410518427e+00   -3.7607945481e+00
2.3038603679e+00   -3.6960954830e+00
2.4613859836e+00   -3.6542668139e+00
1.3813841194e+00   -4.0986690498e+00
1.2643661115e+00   -4.1533853834e+00
1.5140362544e+00   -4.0346336628e+00
1.6549223955e+00   -3.9678977736e+00
1.2252939089e+00   -4.0328211595e+00
1.1758639244e+00   -3.9119571676e+00
1.0573433405e+00   -3.9982055448e+00
1.1100574154e+00   -4.1029174534e+00
1.1036422850e+00   -3.8017003035e+00
9.9130665868e-01   -3.8984272717e+00
1.0189238449e+00   -3.6948463122e+00
9.0802592380e-01   -3.8085606760e+00
9.1643224977e-01   -3.5981647279e+00
8.1320521999e-01   -3.7255289642e+00
7.9622788621e-01   -3.5155628739e+00
7.0510402653e-01   -3.6537562727e+00
6.5997431707e-01   -3.4506765285e+00
5.7981903141e-01   -3.6032488831e+00
5.0800970040e-01   -3.4100650238e+00
4.4538794322e-01   -3.5690858427e+00
3.4300246744e-01   -3.3935320302e+00
3.0408544347e-01   -3.5526850939e+00
1.7410524344e-01   -3.3958168207e+00
1.5155640688e-01   -3.5596359656e+00
0.0000000000e+00   -3.4167627717e+00
0.0000000000e+00   -3.5815899312e+00
9.5602647290e-01   -4.0746006382e+00
1.0043085674e+00   -4.1687083586e+00
8.8971207426e-01   -3.9907995052e+00
8.1369318872e-01   -3.9119059024e+00
7.2368906966e-01   -3.8442421859e+00
6.2207737576e-01   -3.7882547209e+00
5.1244004996e-01   -3.7431195359e+00
3.9598510890e-01   -3.7108624287e+00
2.6780106282e-01   -3.7019973462e+00
1.3299950141e-01   -3.7115038086e+00
0.0000000000e+00   -3.7339740547e+00
8.6180224623e-01   -4.1485463628e+00
9.0670547135e-01   -4.2306268225e+00
8.0172062497e-01   -4.0751771945e+00
7.3091552704e-01   -4.0084164021e+00
6.4611670352e-01   -3.9541735970e+00
5.5411456028e-01   -3.9078384803e+00
4.5416709823e-01   -3.8726329875e+00
3.4592082022e-01   -3.8525326708e+00
2.3394067038e-01   -3.8441524494e+00
1.1704848992e-01   -3.8525688115e+00
0.0000000000e+00   -3.8748544849e+00
7.7998953382e-01   -4.2154856948e+00
8.2389513754e-01   -4.2836387191e+00
7.2662580789e-01   -4.1514379377e+00
6.5748540890e-01   -4.0995839735e+00
5.8115428804e-01   -4.0540229103e+00
4.9434242997e-01   -4.0205627865e+00
4.0346915522e-01   -3.9941892075e+00
3.0673933598e-01   -3.9793679596e+00
2.0891866873e-01   -3.9717499672e+00
1.0335441671e-01   -3.9837812072e+00
0.0000000000e+00   -4.0050996517e+00
7.1129565772e-01   -4.2746119330e+00
7.4966721524e-01   -4.3319907547e+00
6.5776162289e-01   -4.2261482630e+00
5.9631297713e-01   -4.1827238396e+00
5.2238974238e-01   -4.1510108777e+00
4.4342077723e-01   -4.1257059369e+00
3.6000433466e-01   -4.1076566571e+00
2.7396528800e-01   -4.0963609240e+00
1.8233963479e-01   -4.0979387958e+00
9.0463104877e-02   -4.1078077701e+00
0.0000000000e+00   -4.1255124263e+00
6.5262685794e-01   -4.3292448223e+00
6.8906413435e-01   -4.3712062634e+00
6.0229540699e-01   -4.2939648790e+00
5.4301847009e-01   -4.2637476103e+00
4.7460904594e-01   -4.2410618194e+00
4.0023013597e-01   -4.2252592654e+00
3.2360289989e-01   -4.2136554566e+00
2.4363780545e-01   -4.2092850272e+00
1.6281151549e-01   -4.2108101751e+00
8.0402619579e-02   -4.2211207364e+00
0.0000000000e+00   -4.2368350699e+00
6.1207845199e-01   -4.3771656562e+00
6.5033607073e-01   -4.3952726330e+00
5.6032075987e-01   -4.3585885144e+00
4.9948544377e-01   -4.3433149238e+00
4.3267827596e-01   -4.3306745907e+00
3.6415923515e-01   -4.3209707546e+00
2.9079864117e-01   -4.3163280316e+00
2.1864201255e-01   -4.3141585158e+00
1.4432900986e-01   -4.3184960520e+00
7.1084917406e-02   -4.3275312792e+00
0.0000000000e+00   -4.3397538094e+00
0.0000000000e+00   -4.4349030673e+00
6.3144994945e-02   -4.4258258675e+00
0.0000000000e+00   -4.5228693730e+00
5.4778407950e-02   -4.5183986151e+00
1.2760591335e-01   -4.4200495600e+00
1.1113449346e-01   -4.5152097081e+00
1.9327685669e-01   -4.4169434631e+00
1.6947297628e-01   -4.5126571011e+00
2.5983337624e-01   -4.4163541970e+00
2.2987892286e-01   -4.5108209232e+00
3.2672743459e-01   -4.4182216405e+00
2.9216219182e-01   -4.5096749254e+00
3.9328911714e-01   -4.4222717933e+00
3.5687014769e-01   -4.5071552697e+00
4.6034023572e-01   -4.4243684358e+00
4.2281184408e-01   -4.5068196830e+00
5.2563738131e-01   -4.4298150877e+00
4.9175844539e-01   -4.5033972917e+00
5.8835273499e-01   -4.4348820904e+00
5.6087572025e-01   -4.5016990920e+00
6.4630720042e-01   -4.4390783662e+00
6.3036967842e-01   -4.4978879837e+00
7.0103188364e-01   -4.4867315598e+00
7.7958788838e-01   -4.4665044459e+00
8.6471101499e-01   -4.4398136442e+00
9.5969200221e-01   -4.4066563413e+00
1.0562867930e+00   -4.3732161160e+00
1.1655042852e+00   -4.3314210813e+00
7.0347050790e-01   -4.4247116320e+00
7.7066835901e-01   -4.3972539115e+00
8.5114348872e-01   -4.3596985271e+00
9.3986128747e-01   -4.3165939166e+00
1.0376683705e+00   -4.2685349628e+00
1.1456420479e+00   -4.2144149756e+00
2.3020974888e+00   0.0000000000e+00
1.8416779910e+00   0.0000000000e+00
1.7910267026e+00   -4.0254525810e-01
2.2384544487e+00   -4.0804750157e-01
1.3812584933e+00   0.0000000000e+00
1.3456029105e+00   -4.0074767059e-01
9.2083899552e-01   0.0000000000e+00
9.0205733676e-01   -3.9967511177e-01
4.6041949776e-01   0.0000000000e+00
4.5428424964e-01   -4.0241344191e-01
0.0000000000e+00   0.0000000000e+00
0.0000000000e+00   -4.2276342307e-01
1.7423919540e+00   -7.8239325906e-01
2.1800740307e+00   -7.8920985404e-01
1.3102536434e+00   -7.7834216119e-01
8.8020803825e-01   -7.7656900110e-01
4.4454622114e-01   -7.8310460579e-01
0.0000000000e+00   -8.1361183622e-01
1.6906950384e+00   -1.1449745969e+00
2.1175846573e+00   -1.1533750322e+00
1.2713627184e+00   -1.1364755296e+00
8.5437279274e-01   -1.1322990747e+00
4.3134327616e-01   -1.1405318965e+00
0.0000000000e+00   -1.1749545488e+00
1.6332044483e+00   -1.4902477070e+00
2.0479435585e+00   -1.5041749978e+00
1.2262377348e+00   -1.4756841136e+00
8.2240905492e-01   -1.4683351369e+00
4.1250195689e-01   -1.4754841733e+00
0.0000000000e+00   -1.5090189879e+00
1.5574446318e+00   -1.8162432246e+00
1.9707219944e+00   -1.8423206021e+00
1.1609330107e+00   -1.7923067228e+00
7.7165734333e-01   -1.7792281357e+00
3.9119392353e-01   -1.7880275261e+00
0.0000000000e+00   -1.8178644291e+00
1.4543440160e+00   -2.1298564644e+00
1.8758534561e+00   -2.1690613652e+00
1.0782397410e+00   -2.0924377404e+00
7.1250396807e-01   -2.0719251990e+00
3.6058593924e-01   -2.0772593127e+00
0.0000000000e+00   -2.1033946902e+00
1.3053327906e+00   -2.4370148671e+00
1.7123239660e+00   -2.5372504239e+00
9.8574160287e-01   -2.3732211459e+00
6.5324702818e-01   -2.3464303967e+00
3.2631261368e-01   -2.3445415494e+00
0.0000000000e+00   -2.3673698674e+00
0.0000000000e+00   -2.6114171843e+00
2.9911924989e-01   -2.5951632921e+00
0.0000000000e+00   -2.8370410234e+00
2.5688301846e-01   -2.8186744321e+00
0.0000000000e+00   -3.0456321991e+00
2.2873218086e-01   -3.0265441890e+00
0.0000000000e+00   -3.2384765314e+00
1.9845494101e-01   -3.2180250561e+00
5.7644704874e-01   -2.5957076980e+00
5.0326913569e-01   -2.8236042355e+00
4.4522265562e-01   -3.0290775517e+00
3.9610299577e-01   -3.2153609001e+00
8.5069078175e-01   -2.6317410523e+00
7.4749138874e-01   -2.8551805928e+00
6.5315696592e-01   -3.0588148023e+00
5.7625497942e-01   -3.2417535769e+00
1.1172997316e+00   -2.7027578127e+00
9.7066152091e-01   -2.9233178182e+00
8.4896251977e-01   -3.1171526551e+00
7.4753506715e-01   -3.2912040061e+00
1.3757328488e+00   -2.8178403218e+00
1.1733234732e+00   -3.0269569352e+00
1.0313559489e+00   -3.2000461543e+00
9.0840037812e-01   -3.3603531974e+00
1.0348615804e+00   -3.4630588619e+00
1.1458240610e+00   -3.5743305722e+00
1.2327665756e+00   -3.6979796061e+00
1.3022946038e+00   -3.8257018043e+00
1.3488431798e+00   -3.9614388981e+00
1.1757869109e+00   -3.3160513475e+00
1.2883103137e+00   -3.4505177605e+00
1.3817718783e+00   -3.5881745955e+00
1.4417218231e+00   -3.7369079629e+00
1.4837445284e+00   -3.8865293124e+00
1.3390019371e+00   -3.1631526552e+00
1.4571511985e+00   -3.3204644321e+00
1.5394292508e+00   -3.4836797448e+00
1.6004905697e+00   -3.6441604254e+00
1.6352381978e+00   -3.8064559324e+00
1.5461240887e+00   -2.9981267596e+00
1.6609155594e+00   -3.1885737365e+00
1.7286492356e+00   -3.3764897757e+00
1.7700001600e+00   -3.5562466674e+00
1.7984857487e+00   -3.7277071393e+00
1.8422051980e+00   -2.8261933347e+00
1.9071716172e+00   -3.0668717923e+00
1.9413369435e+00   -3.2796328422e+00
1.9608416406e+00   -3.4728817937e+00
1.9681824821e+00   -3.6539265816e+00
2.1520831391e+00   -3.5867180982e+00
2.3366423420e+00   -3.5337521765e+00
2.5303084608e+00   -3.5084968071e+00
2.7167225774e+00   -3.5137569636e+00
2.1636495642e+00   -3.4038887945e+00
2.3859772141e+00   -3.3569477673e+00
2.6093512503e+00   -3.3379170544e+00
2.8507131684e+00   -3.3516231460e+00
2.1785775727e+00   -3.2043519161e+00
2.4332523761e+00   -3.1586495674e+00
2.6988666018e+00   -3.1446905635e+00
2.9831947350e+00   -3.1638419912e+00
2.1928905424e+00   -2.9830226284e+00
2.4974462583e+00   -2.9411146438e+00
2.7996368001e+00   -2.9317244746e+00
3.1259983050e+00   -2.9583222022e+00
2.1984357584e+00   -2.7326977862e+00
2.5578713144e+00   -2.6996370422e+00
2.9109279816e+00   -2.7009529631e+00
3.2725461640e+00   -2.7334354139e+00
2.2314911726e+00   -2.4531659571e+00
2.6323312638e+00   -2.4327167626e+00
3.0242142942e+00   -2.4502215229e+00
3.4141216492e+00   -2.4816412699e+00
3.5573168325e+00   -2.2111597937e+00
3.6858965019e+00   -1.9063178131e+00
3.8077219359e+00   -1.5752757453e+00
3.9171926353e+00   -1.2188874159e+00
4.0086882449e+00   -8.3864226404e-01
4.0852543074e+00   -4.3035407283e-01
4.1437754798e+00   0.0000000000e+00
3.1327018396e+00   -2.1745904041e+00
3.2423959375e+00   -1.8669343746e+00
3.3489626939e+00   -1.5364326272e+00
3.4462197868e+00   -1.1850836214e+00
3.5323624534e+00   -8.1357575857e-01
3.6119703880e+00   -4.1579897706e-01
3.6833559821e+00   0.0000000000e+00
2.7225997772e+00   -2.1517841418e+00
2.8130988252e+00   -1.8465364081e+00
2.9059745444e+00   -1.5153679196e+00
2.9929475558e+00   -1.1660507203e+00
3.0733238471e+00   -7.9908965703e-01
3.1490874805e+00   -4.0748963487e-01
3.2229364843e+00   0.0000000000e+00
2.3100149237e+00   -2.1459735048e+00
2.3929003558e+00   -1.8334298882e+00
2.4738260656e+00   -1.5040830211e+00
2.5512335292e+00   -1.1544499658e+00
2.6224290286e+00   -7.8975808701e-01
2.6924404888e+00   -4.0072488272e-01
2.7625169866e+00   0.0000000000e+00
5.0000000000e+00   -5.0000000000e+00
4.4968783963e+00   -5.0000000000e+00
4.4968783963e+00   -5.0100000000e+00
5.0000000000e+00   -5.0100000000e+00
4.0397835766e+00   -5.0000000000e+00
4.0397835766e+00   -5.0100000000e+00
3.6245048992e+00   -5.0000000000e+00
3.6245048992e+00   -5.0100000000e+00
3.2472169220e+00   -5.0000000000e+00
3.2472169220e+00   -5.0100000000e+00
2.9044441636e+00   -5.0000000000e+00
2.9044441636e+00   -5.0100000000e+00
2.5930290882e+00   -5.0000000000e+00
2.5930290882e+00   -5.0100000000e+00
2.3101030188e+00   -5.0000000000e+00
2.3101030188e+00   -5.0100000000e+00
2.0530597122e+00   -5.0000000000e+00
2.0530597122e+00   -5.0100000000e+00
1.8195313505e+00   -5.0000000000e+00
1.8195313505e+00   -5.0100000000e+00
1.6073667294e+00   -5.0000000000e+00
1.6073667294e+00   -5.0100000000e+00
1.4146114422e+00   -5.0000000000e+00
1.4146114422e+00   -5.0100000000e+00
1.2394898760e+00   -5.0000000000e+00
1.2394898760e+00   -5.0100000000e+00
1.0803888552e+00   -5.0000000000e+00
1.0803888552e+00   -5.0100000000e+00
9.3584278152e-01   -5.0000000000e+00
9.3584278152e-01   -5.0100000000e+00
8.0452013309e-01   -5.0000000000e+00
8.0452013309e-01   -5.0100000000e+00
6.8521119891e-01   -5.0000000000e+00
6.8521119891e-01   -5.0100000000e+00
5.7681693528e-01   -5.0000000000e+00
5.7681693528e-01   -5.0100000000e+00
4.7833884167e-01   -5.0000000000e+00
4.7833884167e-01   -5.0100000000e+00
3.8886976281e-01   -5.0000000000e+00
3.8886976281e-01   -5.0100000000e+00
3.0758553219e-01   -5.0000000000e+00
3.0758553219e-01   -5.0100000000e+00
2.3373738004e-01   -5.0000000000e+00
2.3373738004e-01   -5.0100000000e+00
1.6664503589e-01   -5.0000000000e+00
1.6664503589e-01   -5.0100000000e+00
1.0569046203e-01   -5.0000000000e+00
1.0569046203e-01   -5.0100000000e+00
5.0312160371e-02   -5.0000000000e+00
5.0312160371e-02   -5.0100000000e+00
0.0000000000e+00   -5.0000000000e+00
0.0000000000e+00   -5.0100000000e+00
4.4968783963e+00   -5.0220000000e+00
5.0000000000e+00   -5.0220000000e+00
4.0397835766e+00   -5.0220000000e+00
3.6245048992e+00   -5.0220000000e+00
3.2472169220e+00   -5.0220000000e+00
2.9044441636e+00   -5.0220000000e+00
2.5930290882e+00   -5.0220000000e+00
2.3101030188e+00   -5.0220000000e+00
2.0530597122e+00   -5.0220000000e+00
1.8195313505e+00   -5.0220000000e+00
1.6073667294e+00   -5.0220000000e+00
1.4146114422e+00   -5.0220000000e+00
1.2394898760e+00   -5.0220000000e+00
1.0803888552e+00   -5.0220000000e+00
9.3584278152e-01   -5.0220000000e+00
8.0452013309e-01   -5.0220000000e+00
6.8521119891e-01   -5.0220000000e+00
5.7681693528e-01   -5.0220000000e+00
4.7833884167e-01   -5.0220000000e+00
3.8886976281e-01   -5.0220000000e+00
3.0758553219e-01   -5.0220000000e+00
2.3373738004e-01   -5.0220000000e+00
1.6664503589e-01   -5.0220000000e+00
1.0569046203e-01   -5.0220000000e+00
5.0312160371e-02   -5.0220000000e+00
0.0000000000e+00   -5.0220000000e+00
4.4968783963e+00   -5.0364000000e+00
5.0000000000e+00   -5.0364000000e+00
4.0397835766e+00   -5.0364000000e+00
3.6245048992e+00   -5.0364000000e+00
3.2472169220e+00   -5.0364000000e+00
2.9044441636e+00   -5.0364000000e+00
2.5930290882e+00   -5.0364000000e+00
2.3101030188e+00   -5.0364000000e+00
2.0530597122e+00   -5.0364000000e+00
1.8195313505e+00   -5.0364000000e+00
1.6073667294e+00   -5.0364000000e+00
1.4146114422e+00   -5.0364000000e+00
1.2394898760e+00   -5.0364000000e+00
1.0803888552e+00   -5.0364000000e+00
9.3584278152e-01   -5.0364000000e+00
8.0452013309e-01   -5.0364000000e+00
6.8521119891e-01   -5.0364000000e+00
5.7681693528e-01   -5.0364000000e+00
4.7833884167e-01   -5.0364000000e+00
3.8886976281e-01   -5.0364000000e+00
3.0758553219e-01   -5.0364000000e+00
2.3373738004e-01   -5.0364000000e+00
1.6664503589e-01   -5.0364000000e+00
1.0569046203e-01   -5.0364000000e+00
5.0312160371e-02   -5.0364000000e+00
0.0000000000e+00   -5.0364000000e+00
4.4968783963e+00   -5.0536800000e+00
5.0000000000e+00   -5.0536800000e+00
4.0397835766e+00   -5.0536800000e+00
3.6245048992e+00   -5.0536800000e+00
3.2472169220e+00   -5.0536800000e+00
2.9044441636e+00   -5.0536800000e+00
2.5930290882e+00   -5.0536800000e+00
2.3101030188e+00   -5.0536800000e+00
2.0530597122e+00   -5.0536800000e+00
1.8195313505e+00   -5.0536800000e+00
1.6073667294e+00   -5.0536800000e+00
1.4146114422e+00   -5.0536800000e+00
1.2394898760e+00   -5.0536800000e+00
1.0803888552e+00   -5.0536800000e+00
9.3584278152e-01   -5.0536800000e+00
8.0452013309e-01   -5.0536800000e+00
6.8521119891e-01   -5.0536800000e+00
5.7681693528e-01   -5.0536800000e+00
4.7833884167e-01   -5.0536800000e+00
3.8886976281e-01   -5.0536800000e+00
3.0758553219e-01   -5.0536800000e+00
2.3373738004e-01   -5.0536800000e+00
1.6664503589e-01   -5.0536800000e+00
1.0569046203e-01   -5.0536800000e+00
5.0312160371e-02   -5.0536800000e+00
0.0000000000e+00   -5.0536800000e+00
4.4968783963e+00   -5.0744160000e+00
5.0000000000e+00   -5.0744160000e+00
4.0397835766e+00   -5.0744160000e+00
3.6245048992e+00   -5.0744160000e+00
3.2472169220e+00   -5.0744160000e+00
2.9044441636e+00   -5.0744160000e+00
2.5930290882e+00   -5.0744160000e+00
2.3101030188e+00   -5.0744160000e+00
2.0530597122e+00   -5.0744160000e+00
1.8195313505e+00   -5.0744160000e+00
1.6073667294e+00   -5.0744160000e+00
1.4146114422e+00   -5.0744160000e+00
1.2394898760e+00   -5.0744160000e+00
1.0803888552e+00   -5.0744160000e+00
9.3584278152e-01   -5.0744160000e+00
8.0452013309e-01   -5.0744160000e+00
6.8521119891e-01   -5.0744160000e+00
5.7681693528e-01   -5.0744160000e+00
4.7833884167e-01   -5.0744160000e+00
3.8886976281e-01   -5.0744160000e+00
3.0758553219e-01   -5.0744160000e+00
2.3373738004e-01   -5.0744160000e+00
1.6664503589e-01   -5.0744160000e+00
1.0569046203e-01   -5.0744160000e+00
5.0312160371e-02   -5.0744160000e+00
0.0000000000e+00   -5.0744160000e+00
4.4968783963e+00   -5.0992992000e+00
5.0000000000e+00   -5.0992992000e+00
4.0397835766e+00   -5.0992992000e+00
3.6245048992e+00   -5.0992992000e+00
3.2472169220e+00   -5.0992992000e+00
2.9044441636e+00   -5.0992992000e+00
2.5930290882e+00   -5.0992992000e+00
2.3101030188e+00   -5.0992992000e+00
2.0530597122e+00   -5.0992992000e+00
1.8195313505e+00   -5.0992992000e+00
1.6073667294e+00   -5.0992992000e+00
1.4146114422e+00   -5.0992992000e+00
1.2394898760e+00   -5.0992992000e+00
1.0803888552e+00   -5.0992992000e+00
9.3584278152e-01   -5.0992992000e+00
8.0452013309e-01   -5.0992992000e+00
6.8521119891e-01   -5.0992992000e+00
5.7681693528e-01   -5.0992992000e+00
4.7833884167e-01   -5.0992992000e+00
3.8886976281e-01   -5.0992992000e+00
3.0758553219e-01   -5.0992992000e+00
2.3373738004e-01   -5.0992992000e+00
1.6664503589e-01   -5.0992992000e+00
1.0569046203e-01   -5.0992992000e+00
5.0312160371e-02   -5.0992992000e+00
0.0000000000e+00   -5.0992992000e+00
4.4968783963e+00   -5.1291590400e+00
5.0000000000e+00   -5.1291590400e+00
4.0397835766e+00   -5.1291590400e+00
3.6245048992e+00   -5.1291590400e+00
3.2472169220e+00   -5.1291590400e+00
2.9044441636e+00   -5.1291590400e+00
2.5930290882e+00   -5.1291590400e+00
2.3101030188e+00   -5.1291590400e+00
2.0530597122e+00   -5.1291590400e+00
1.8195313505e+00   -5.1291590400e+00
1.6073667294e+00   -5.1291590400e+00
1.4146114422e+00   -5.1291590400e+00
1.2394898760e+00   -5.1291590400e+00
1.0803888552e+00   -5.1291590400e+00
9.3584278152e-01   -5.1291590400e+00
8.0452013309e-01   -5.1291590400e+00
6.8521119891e-01   -5.1291590400e+00
5.7681693528e-01   -5.1291590400e+00
4.7833884167e-01   -5.1291590400e+00
3.8886976281e-01   -5.1291590400e+00
3.0758553219e-01   -5.1291590400e+00
2.3373738004e-01   -5.1291590400e+00
1.6664503589e-01   -5.1291590400e+00
1.0569046203e-01   -5.1291590400e+00
5.0312160371e-02   -5.1291590400e+00
0.0000000000e+00   -5.1291590400e+00
4.4968783963e+00   -5.1649908480e+00
5.0000000000e+00   -5.1649908480e+00
4.0397835766e+00   -5.1649908480e+00
3.6245048992e+00   -5.1649908480e+00
3.2472169220e+00   -5.1649908480e+00
2.9044441636e+00   -5.1649908480e+00
2.5930290882e+00   -5.1649908480e+00
2.3101030188e+00   -5.1649908480e+00
2.0530597122e+00   -5.1649908480e+00
1.8195313505e+00   -5.1649908480e+00
1.6073667294e+00   -5.1649908480e+00
1.4146114422e+00   -5.1649908480e+00
1.2394898760e+00   -5.1649908480e+00
1.0803888552e+00   -5.1649908480e+00
9.3584278152e-01   -5.1649908480e+00
8.0452013309e-01   -5.1649908480e+00
6.8521119891e-01   -5.1649908480e+00
5.7681693528e-01   -5.1649908480e+00
4.7833884167e-01   -5.1649908480e+00
3.8886976281e-01   -5.1649908480e+00
3.0758553219e-01   -5.1649908480e+00
2.3373738004e-01   -5.1649908480e+00
1.6664503589e-01   -5.1649908480e+00
1.0569046203e-01   -5.1649908480e+00
5.0312160371e-02   -5.1649908480e+00
0.0000000000e+00   -5.1649908480e+00
4.4968783963e+00   -5.2079890176e+00
5.0000000000e+00   -5.2079890176e+00
4.0397835766e+00   -5.2079890176e+00
3.6245048992e+00   -5.2079890176e+00
3.2472169220e+00   -5.2079890176e+00
2.9044441636e+00   -5.2079890176e+00
2.5930290882e+00   -5.2079890176e+00
2.3101030188e+00   -5.2079890176e+00
2.0530597122e+00   -5.2079890176e+00
1.8195313505e+00   -5.2079890176e+00
1.6073667294e+00   -5.2079890176e+00
1.4146114422e+00   -5.2079890176e+00
1.2394898760e+00   -5.2079890176e+00
1.0803888552e+00   -5.2079890176e+00
9.3584278152e-01   -5.2079890176e+00
8.0452013309e-01   -5.2079890176e+00
6.8521119891e-01   -5.2079890176e+00
5.7681693528e-01   -5.2079890176e+00
4.7833884167e-01   -5.2079890176e+00
3.8886976281e-01   -5.2079890176e+00
3.0758553219e-01   -5.2079890176e+00
2.3373738004e-01   -5.2079890176e+00
1.6664503589e-01   -5.2079890176e+00
1.0569046203e-01   -5.2079890176e+00
5.0312160371e-02   -5.2079890176e+00
0.0000000000e+00   -5.2079890176e+00
4.4968783963e+00   -5.2595868211e+00
5.0000000000e+00   -5.2595868211e+00
4.0397835766e+00   -5.2595868211e+00
3.6245048992e+00   -5.2595868211e+00
3.2472169220e+00   -5.2595868211e+00
2.9044441636e+00   -5.2595868211e+00
2.5930290882e+00   -5.2595868211e+00
2.3101030188e+00   -5.2595868211e+00
2.0530597122e+00   -5.2595868211e+00
1.8195313505e+00   -5.2595868211e+00
1.6073667294e+00   -5.2595868211e+00
1.4146114422e+00   -5.2595868211e+00
1.2394898760e+00   -5.2595868211e+00
1.0803888552e+00   -5.2595868211e+00
9.3584278152e-01   -5.2595868211e+00
8.0452013309e-01   -5.2595868211e+00
6.8521119891e-01   -5.2595868211e+00
5.7681693528e-01   -5.2595868211e+00
4.7833884167e-01   -5.2595868211e+00
3.8886976281e-01   -5.2595868211e+00
3.0758553219e-01   -5.2595868211e+00
2.3373738004e-01   -5.2595868211e+00
1.6664503589e-01   -5.2595868211e+00
1.0569046203e-01   -5.2595868211e+00
5.0312160371e-02   -5.2595868211e+00
0.0000000000e+00   -5.2595868211e+00
4.4968783963e+00   -5.3215041853e+00
5.0000000000e+00   -5.3215041853e+00
4.0397835766e+00   -5.3215041853e+00
3.6245048992e+00   -5.3215041853e+00
3.2472169220e+00   -5.3215041853e+00
2.9044441636e+00   -5.3215041853e+00
2.5930290882e+00   -5.3215041853e+00
2.3101030188e+00   -5.3215041853e+00
2.0530597122e+00   -5.3215041853e+00
1.8195313505e+00   -5.3215041853e+00
1.6073667294e+00   -5.3215041853e+00
1.4146114422e+00   -5.3215041853e+00
1.2394898760e+00   -5.3215041853e+00
1.0803888552e+00   -5.3215041853e+00
9.3584278152e-01   -5.3215041853e+00
8.0452013309e-01   -5.3215041853e+00
6.8521119891e-01   -5.3215041853e+00
5.7681693528e-01   -5.3215041853e+00
4.7833884167e-01   -5.3215041853e+00
3.8886976281e-01   -5.3215041853e+00
3.0758553219e-01   -5.3215041853e+00
2.3373738004e-01   -5.3215041853e+00
1.6664503589e-01   -5.3215041853e+00
1.0569046203e-01   -5.3215041853e+00
5.0312160371e-02   -5.3215041853e+00
0.0000000000e+00   -5.3215041853e+00
4.4968783963e+00   -5.3958050224e+00
5.0000000000e+00   -5.3958050224e+00
4.0397835766e+00   -5.3958050224e+00
3.6245048992e+00   -5.3958050224e+00
3.2472169220e+00   -5.3958050224e+00
2.9044441636e+00   -5.3958050224e+00
2.5930290882e+00   -5.3958050224e+00
2.3101030188e+00   -5.3958050224e+00
2.0530597122e+00   -5.3958050224e+00
1.8195313505e+00   -5.3958050224e+00
1.6073667294e+00   -5.3958050224e+00
1.4146114422e+00   -5.3958050224e+00
1.2394898760e+00   -5.3958050224e+00
1.0803888552e+00   -5.3958050224e+00
9.3584278152e-01   -5.3958050224e+00
8.0452013309e-01   -5.3958050224e+00
6.8521119891e-01   -5.3958050224e+00
5.7681693528e-01   -5.3958050224e+00
4.7833884167e-01   -5.3958050224e+00
3.8886976281e-01   -5.3958050224e+00
3.0758553219e-01   -5.3958050224e+00
2.3373738004e-01   -5.3958050224e+00
1.6664503589e-01   -5.3958050224e+00
1.0569046203e-01   -5.3958050224e+00
5.0312160371e-02   -5.3958050224e+00
0.0000000000e+00   -5.3958050224e+00
0.0000000000e+00   -1.0000000000e+01
2.0000000000e-01   -1.0000000000e+01
1.8651436205e-01   -9.5852000625e+00
0.0000000000e+00   -9.5772365769e+00
4.0000000000e-01   -1.0000000000e+01
3.7399682601e-01   -9.5932048825e+00
6.0000000000e-01   -1.0000000000e+01
5.6246913061e-01   -9.6012519652e+00
8.0000000000e-01   -1.0000000000e+01
7.5195362625e-01   -9.6093422646e+00
1.0000000000e+00   -1.0000000000e+01
9.4247319492e-01   -9.6174767580e+00
1.2000000000e+00   -1.0000000000e+01
1.1340511465e+00   -9.6256564405e+00
1.4000000000e+00   -1.0000000000e+01
1.3267110870e+00   -9.6338823199e+00
1.6000000000e+00   -1.0000000000e+01
1.5204767552e+00   -9.6421554099e+00
1.8000000000e+00   -1.0000000000e+01
1.7153718209e+00   -9.6504767211e+00
2.0000000000e+00   -1.0000000000e+01
1.9114196412e+00   -9.6588472507e+00
2.2000000000e+00   -1.0000000000e+01
2.1086429659e+00   -9.6672679701e+00
2.4000000000e+00   -1.0000000000e+01
2.3070635881e+00   -9.6757398097e+00
2.6000000000e+00   -1.0000000000e+01
2.5067019285e+00   -9.6842636415e+00
2.8000000000e+00   -1.0000000000e+01
2.7075765483e+00   -9.6928402579e+00
3.0000000000e+00   -1.0000000000e+01
2.9097035795e+00   -9.7014703478e+00
3.2000000000e+00   -1.0000000000e+01
3.1130960630e+00   -9.7101544678e+00
3.4000000000e+00   -1.0000000000e+01
3.3177631852e+00   -9.7188930103e+00
3.6000000000e+00   -1.0000000000e+01
3.5237094009e+00   -9.7276861654e+00
3.8000000000e+00   -1.0000000000e+01
3.7309334322e+00   -9.7365338786e+00
4.0000000000e+00   -1.0000000000e+01
3.9394271324e+00   -9.7454358021e+00
4.2000000000e+00   -1.0000000000e+01
4.1491742049e+00   -9.7543912400e+00
4.4000000000e+00   -1.0000000000e+01
4.3601487666e+00   -9.7633990873e+00
4.6000000000e+00   -1.0000000000e+01
4.5723137487e+00   -9.7724577611e+00
4.8000000000e+00   -1.0000000000e+01
4.7856191300e+00   -9.7815651259e+00
5.0000000000e+00   -1.0000000000e+01
5.0000000000e+00   -9.7907184101e+00
1.7399545634e-01   -9.2001354980e+00
0.0000000000e+00   -9.1863881638e+00
3.4975871476e-01   -9.2140225058e+00
5.2734302190e-01   -9.2280533942e+00
7.0680338108e-01   -9.2422325090e+00
8.8819639005e-01   -9.2565643219e+00
1.0715800220e+00   -9.2710534134e+00
1.2570133395e+00   -9.2857044500e+00
1.4445561302e+00   -9.3005221555e+00
1.6342684511e+00   -9.3155112750e+00
1.8262100680e+00   -9.3306765305e+00
2.0204397737e+00   -9.3460225674e+00
2.2170145688e+00   -9.3615538891e+00
2.4159886865e+00   -9.3772747807e+00
2.6174124426e+00   -9.3931892175e+00
2.8213308907e+00   -9.4093007593e+00
3.0277822635e+00   -9.4256124268e+00
3.2367961793e+00   -9.4421265601e+00
3.4483915980e+00   -9.4588446573e+00
3.6625745100e+00   -9.4757671916e+00
3.8793353474e+00   -9.4928934072e+00
4.0986461134e+00   -9.5102210918e+00
4.3204572330e+00   -9.5277463288e+00
4.5446941394e+00   -9.5454632265e+00
4.7712536248e+00   -9.5633636306e+00
5.0000000000e+00   -9.5814368202e+00
1.6237848536e-01   -8.8428132227e+00
0.0000000000e+00   -8.8250454512e+00
3.2718298079e-01   -8.8608464529e+00
4.9450409405e-01   -8.8791550564e+00
6.6443594279e-01   -8.8977493316e+00
8.3707593069e-01   -8.9166399367e+00
1.0125244266e+00   -8.9358378543e+00
1.1908843282e+00   -8.9553543436e+00
1.3722604904e+00   -8.9752008780e+00
1.5567589937e+00   -8.9953890650e+00
1.7444862294e+00   -9.0159305463e+00
1.9355477724e+00   -9.0368368741e+00
2.1300470128e+00   -9.0581193614e+00
2.3280835151e+00   -9.0797889028e+00
2.5297510732e+00   -9.1018557614e+00
2.7351354298e+00   -9.1243293194e+00
2.9443116302e+00   -9.1472177883e+00
3.1573409846e+00   -9.1705278769e+00
3.3742676177e+00   -9.1942644134e+00
3.5951145956e+00   -9.2184299217e+00
3.8198796286e+00   -9.2430241512e+00
4.0485303705e+00   -9.2680435626e+00
4.2809993491e+00   -9.2934807729e+00
4.5171785960e+00   -9.3193239680e+00
4.7569140692e+00   -9.3455562923e+00
5.0000000000e+00   -9.3721552303e+00
1.5160232393e-01   -8.5113531089e+00
0.0000000000e+00   -8.4909810121e+00
3.0617035376e-01   -8.5321237328e+00
4.6383502688e-01   -8.5533104792e+00
6.2473311893e-01   -8.5749317276e+00
7.8900699758e-01   -8.5970066092e+00
9.5680423559e-01   -8.6195549546e+00
1.1282770549e+00   -8.6425972193e+00
1.3035815698e+00   -8.6661543815e+00
1.4828767936e+00   -8.6902478094e+00
1.6663233698e+00   -8.7148990898e+00
1.8540819849e+00   -8.7401298157e+00
2.0463114185e+00   -8.7659613236e+00
2.2431661834e+00   -8.7924143767e+00
2.4447937092e+00   -8.8195087863e+00
2.6513310246e+00   -8.8472629662e+00
2.8629008975e+00   -8.8756934138e+00
3.0796074017e+00   -8.9048141144e+00
3.3015308892e+00   -8.9346358654e+00
3.5287223672e+00   -8.9651655213e+00
3.7611973017e+00   -8.9964051603e+00
3.9989288994e+00   -9.0283511818e+00
4.2418409596e+00   -9.0609933464e+00
4.4898004319e+00   -9.0943137747e+00
4.7426098662e+00   -9.1282859337e+00
5.0000000000e+00   -9.1628736404e+00
1.4160941143e-01   -8.2039846705e+00
0.0000000000e+00   -8.1821355709e+00
2.8662527083e-01   -8.2263593554e+00
4.3521972338e-01   -8.2492861860e+00
5.8757356429e-01   -8.2727930576e+00
7.4387602198e-01   -8.2969091664e+00
9.0432435736e-01   -8.3216649479e+00
1.0691232394e+00   -8.3470919810e+00
1.2384838525e+00   -8.3732228495e+00
1.4126226856e+00   -8.4000909557e+00
1.5917599473e+00   -8.4277302760e+00
1.7761175482e+00   -8.4561750491e+00
1.9659165870e+00   -8.4854593888e+00
2.1613742751e+00   -8.5156168088e+00
2.3627002352e+00   -8.5466796521e+00
2.5700921141e+00   -8.5786784138e+00
2.7837304564e+00   -8.6116409505e+00
3.0037728005e+00   -8.6455915690e+00
3.2303469793e+00   -8.6805499926e+00
3.4635436349e+00   -8.7165302068e+00
3.7034079960e+00   -8.7535391900e+00
3.9499310137e+00   -8.7915755458e+00
4.2030400071e+00   -8.8306280604e+00
4.4625890402e+00   -8.8706742171e+00
4.7283493217e+00   -8.9116787154e+00
5.0000000000e+00   -8.9535920505e+00
1.3234563031e-01   -7.9190433243e+00
0.0000000000e+00   -7.8966053098e+00
2.6845608767e-01   -7.9421196314e+00
4.0854411963e-01   -7.9658703007e+00
5.5283430091e-01   -7.9903334066e+00
7.0156290410e-01   -8.0155490073e+00
8.5497754709e-01   -8.0415590839e+00
1.0133365660e+00   -8.0684074351e+00
1.1769080553e+00   -8.0961395139e+00
1.3459685091e+00   -8.1248021974e+00
1.5208009918e+00   -8.1544434766e+00
1.7016927585e+00   -8.1851120531e+00
1.8889322425e+00   -8.2168568281e+00
2.0828053241e+00   -8.2497262701e+00
2.2835907954e+00   -8.2837676457e+00
2.4915549429e+00   -8.3190261015e+00
2.7069451796e+00   -8.3555435842e+00
2.9299826792e+00   -8.3933575916e+00
3.1608539935e+00   -8.4324997521e+00
3.3997016741e+00   -8.4729942339e+00
3.6466139714e+00   -8.5148559991e+00
3.9016137502e+00   -8.5580889243e+00
4.1646468377e+00   -8.6026838250e+00
4.4355701115e+00   -8.6486164359e+00
4.7141397289e+00   -8.6958454158e+00
5.0000000000e+00   -8.7443104607e+00
1.2376017426e-01   -7.6549663377e+00
0.0000000000e+00   -7.6326301326e+00
2.5157521854e-01   -7.6780343646e+00
3.8369685269e-01   -7.7018796438e+00
5.2039204306e-01   -7.7265503572e+00
6.6194301909e-01   -7.7520974417e+00
8.0864703501e-01   -7.7785745454e+00
9.6081581379e-01   -7.8060379282e+00
1.1187746014e+00   -7.8345462904e+00
1.2828607502e+00   -7.8641605171e+00
1.4534217404e+00   -7.8949433215e+00
1.6308125417e+00   -7.9269587686e+00
1.8153922103e+00   -7.9602716606e+00
2.0075196125e+00   -7.9949467657e+00
2.2075481671e+00   -8.0310478687e+00
2.4158195074e+00   -8.0686366276e+00
2.6326559750e+00   -8.1077712186e+00
2.8583518847e+00   -8.1485047594e+00
3.0931635358e+00   -8.1908835069e+00
3.3372979956e+00   -8.2349448326e+00
3.5909007476e+00   -8.2807149933e+00
3.8540423795e+00   -8.3282067286e+00
4.1267045860e+00   -8.3774167348e+00
4.4087658701e+00   -8.4283230842e+00
4.6999874506e+00   -8.4808826816e+00
5.0000000000e+00   -8.5350288708e+00
1.1580540946e-01   -7.4102885587e+00
0.0000000000e+00   -7.3885828157e+00
2.3589921534e-01   -7.4327980881e+00
3.6056979934e-01   -7.4561654564e+00
4.9012433466e-01   -7.4804482377e+00
6.2488900356e-01   -7.5057075695e+00
7.6520893840e-01   -7.5320081408e+00
9.1144781292e-01   -7.5594181162e+00
1.0639869991e+00   -7.5880089771e+00
1.2232241932e+00   -7.6178552651e+00
1.3895714038e+00   -7.6490342040e+00
1.5634521830e+00   -7.6816251815e+00
1.7452979747e+00   -7.7157090643e+00
1.9355434476e+00   -7.7513673237e+00
2.1346206817e+00   -7.7886809456e+00
2.3429520819e+00   -7.8277291027e+00
2.5609419112e+00   -7.8685875670e+00
2.7889663604e+00   -7.9113268492e+00
3.0273621184e+00   -7.9560100558e+00
3.2764134628e+00   -8.0026904698e+00
3.5363379716e+00   -8.0514088725e+00
3.8072710542e+00   -8.1021906440e+00
4.0892496185e+00   -8.1550427021e+00
4.3821953218e+00   -8.2099503627e+00
4.6858979986e+00   -8.2668742341e+00
5.0000000000e+00   -8.3257472809e+00
1.0843673120e-01   -7.1836380069e+00
0.0000000000e+00   -7.1629589766e+00
2.2134879473e-01   -7.2051704890e+00
3.3905849846e-01   -7.2276178876e+00
4.6191050971e-01   -7.2510459311e+00
5.9027232269e-01   -7.2755247012e+00
7.2453443980e-01   -7.3011286673e+00
8.6511018457e-01   -7.3279366506e+00
1.0124350509e+00   -7.3560317004e+00
1.1669654793e+00   -7.3855008606e+00
1.3291769370e+00   -7.4164348034e+00
1.4995611658e+00   -7.4489273047e+00
1.6786224487e+00   -7.4830745318e+00
1.8668727432e+00   -7.5189741157e+00
2.0648255203e+00   -7.5567239762e+00
2.2729881597e+00   -7.5964208710e+00
2.4918527644e+00   -7.6381586450e+00
2.7218852868e+00   -7.6820261560e+00
2.9635129079e+00   -7.7281048678e+00
3.2171096710e+00   -7.7764661111e+00
3.4829804647e+00   -7.8271680284e+00
3.7613435570e+00   -7.8802522440e+00
4.0523120162e+00   -7.9357403199e+00
4.3558745062e+00   -7.9936300943e+00
4.6718761101e+00   -8.0538920246e+00
5.0000000000e+00   -8.1164656910e+00
1.0161241826e-01   -6.9737313946e+00
0.0000000000e+00   -6.9543678009e+00
2.0784882162e-01   -6.9939761499e+00
3.1906247016e-01   -7.0151693854e+00
4.3563248832e-01   -7.0373833480e+00
5.5796462380e-01   -7.0606953586e+00
6.8649172327e-01   -7.0851879017e+00
8.2167383647e-01   -7.1109486459e+00
9.6399784521e-01   -7.1380703730e+00
1.1139764975e+00   -7.1666507939e+00
1.2721467111e+00   -7.1967922254e+00
1.4390669936e+00   -7.2286010986e+00
1.6153138145e+00   -7.2621872674e+00
1.8014767508e+00   -7.2976630834e+00
1.9981522246e+00   -7.3351422029e+00
2.2059356527e+00   -7.3747380903e+00
2.4254118420e+00   -7.4165621884e+00
2.6571434910e+00   -7.4607217269e+00
2.9016577067e+00   -7.5073171530e+00
3.1594305091e+00   -7.5564391786e+00
3.4308693906e+00   -7.6081654567e+00
3.7162941142e+00   -7.6625569226e+00
4.0159160793e+00   -7.7196538610e+00
4.3298167487e+00   -7.7794717959e+00
4.6579258191e+00   -7.8419973300e+00
5.0000000000e+00   -7.9071841011e+00
9.5293486882e-02   -6.7793696334e+00
0.0000000000e+00   -6.7615234686e+00
1.9532825659e-01   -6.7981037258e+00
3.0048544420e-01   -6.8177971231e+00
4.1117542268e-01   -6.8385266783e+00
5.2783888660e-01   -6.8603749229e+00
6.5094766892e-01   -6.8834302196e+00
7.8100519880e-01   -6.9077868487e+00
9.1854649199e-01   -6.9335450056e+00
1.0641375472e+00   -6.9608106881e+00
1.2183740033e+00   -6.9896954451e+00
1.3818788926e+00   -7.0203159555e+00
1.5552993111e+00   -7.0527934046e+00
1.7393018068e+00   -7.0872526207e+00
1.9345662840e+00   -7.1238209336e+00
2.1417782138e+00   -7.1626267153e+00
2.3616189553e+00   -7.2037975679e+00
2.5947540091e+00   -7.2474581236e+00
2.8418190735e+00   -7.2937274333e+00
3.1034038324e+00   -7.3427159305e+00
3.3800334975e+00   -7.3945219747e+00
3.6721482455e+00   -7.4492280003e+00
3.9800808406e+00   -7.5068963260e+00
4.3040329082e+00   -7.5675647114e+00
4.6440505252e+00   -7.6312417855e+00
5.0000000000e+00   -7.6979025112e+00
8.9443545664e-02   -6.5994333738e+00
0.0000000000e+00   -6.5832372283e+00
1.8372007374e-01   -6.6165046600e+00
2.8323550971e-01   -6.6345245906e+00
3.8842820742e-01   -6.6535725412e+00
4.9977038331e-01   -6.6737340193e+00
6.1776931262e-01   -6.6951008806e+00
7.4296819556e-01   -6.7177714860e+00
8.7594658311e-01   -6.7418507787e+00
1.0173202333e+00   -6.7674502582e+00
1.1677402472e+00   -6.7946878238e+00
1.3278913145e+00   -6.8236874567e+00
1.4984888750e+00   -6.8545787066e+00
1.6802749881e+00   -6.8874959431e+00
1.8740126839e+00   -6.9225773332e+00
2.0804785653e+00   -6.9599635016e+00
2.3004534310e+00   -6.9997958329e+00
2.5347107065e+00   -7.0422143763e+00
2.7840025030e+00   -7.0873553218e+00
3.0490431824e+00   -7.1353480236e+00
3.3304903896e+00   -7.1863115660e+00
3.6289236245e+00   -7.2403508828e+00
3.9448205761e+00   -7.2975524726e+00
4.2785316161e+00   -7.3579797794e+00
4.6302530566e+00   -7.4216683507e+00
5.0000000000e+00   -7.4886209213e+00
8.4028652880e-02   -6.4328786141e+00
0.0000000000e+00   -6.4184100688e+00
1.7296115520e-01   -6.4481915328e+00
2.6722519740e-01   -6.4644224673e+00
3.6728386947e-01   -6.4816511550e+00
4.7363746398e-01   -6.4999637394e+00
5.8682508231e-01   -6.5194530459e+00
7.0742595510e-01   -6.5402188100e+00
8.3606036889e-01   -6.5623678362e+00
9.7339007089e-01   -6.5860140680e+00
1.1201180016e+00   -6.6112785419e+00
1.2769871822e+00   -6.6382891955e+00
1.4447785592e+00   -6.6671804968e+00
1.6243075890e+00   -6.6980928558e+00
1.8164193224e+00   -6.7311717784e+00
2.0219817387e+00   -6.7665667183e+00
2.2418770711e+00   -6.8044295836e+00
2.4769908726e+00   -6.8449128539e+00
2.7281985963e+00   -6.8881672700e+00
2.9963495041e+00   -6.9343390626e+00
3.2822477938e+00   -6.9835667034e+00
3.5866309299e+00   -7.0359771732e+00
3.9101453025e+00   -7.0916817712e+00
4.2533195055e+00   -7.1507715139e+00
4.6165357296e+00   -7.2133122091e+00
5.0000000000e+00   -7.2793393314e+00
7.9017176951e-02   -6.2787324098e+00
0.0000000000e+00   -6.2660259453e+00
1.6299216713e-01   -6.2922361222e+00
2.5237150456e-01   -6.3066088881e+00
3.4763985181e-01   -6.3219286442e+00
4.4932218354e-01   -6.3382798097e+00
5.5798582609e-01   -6.3557536145e+00
6.7424226976e-01   -6.3744483899e+00
7.9874865209e-01   -6.3944698080e+00
9.3220878986e-01   -6.4159310468e+00
1.0753736146e+00   -6.4389528611e+00
1.2290408423e+00   -6.4636635285e+00
1.3940536815e+00   -6.4901986424e+00
1.5712983602e+00   -6.5187007139e+00
1.7617002260e+00   -6.5493185447e+00
1.9662181548e+00   -6.5822063282e+00
2.1858369897e+00   -6.6175224335e+00
2.4215577257e+00   -6.6554278269e+00
2.6743851678e+00   -6.6960840873e+00
2.9453128173e+00   -6.7396509763e+00
3.2353047922e+00   -6.7862835300e+00
3.5452746700e+00   -6.8361286575e+00
3.8760612556e+00   -6.8893212440e+00
4.2284014273e+00   -6.9459797843e+00
4.6029004036e+00   -7.0062016012e+00
5.0000000000e+00   -7.0700577415e+00
7.4379660974e-02   -6.1360887066e+00
0.0000000000e+00   -6.1251455151e+00
1.5375742197e-01   -6.1477672492e+00
2.3859587236e-01   -6.1602492018e+00
3.2939820508e-01   -6.1736085974e+00
4.2671078724e-01   -6.1879258207e+00
5.3112564947e-01   -6.2032879750e+00
6.4328281959e-01   -6.2197892251e+00
7.6387240891e-01   -6.2375311044e+00
8.9363633909e-01   -6.2566227689e+00
1.0333695748e+00   -6.2771811787e+00
1.1839207026e+00   -6.2993311831e+00
1.3461916694e+00   -6.3232054821e+00
1.5211364664e+00   -6.3489444325e+00
1.7097585153e+00   -6.3766956641e+00
1.9131064890e+00   -6.4066134640e+00
2.1322682760e+00   -6.4388578890e+00
2.3683627801e+00   -6.4735935590e+00
2.6225292465e+00   -6.5109880869e+00
2.8959138109e+00   -6.5512100991e+00
3.1896530003e+00   -6.5944268085e+00
3.5048539697e+00   -6.6408011065e+00
3.8425713434e+00   -6.6904881558e+00
4.2037806538e+00   -6.7436314828e+00
4.5893485311e+00   -6.8003585914e+00
5.0000000000e+00   -6.8607761516e+00
7.0088691834e-02   -6.0041043142e+00
0.0000000000e+00   -5.9949003483e+00
1.4520473070e-01   -6.0139684655e+00
2.2582412366e-01   -6.0245553109e+00
3.1246570009e-01   -6.0359329824e+00
4.0569407131e-01   -6.0481756242e+00
5.0612258016e-01   -6.0613637798e+00
6.1441617819e-01   -6.0755847698e+00
7.3129415207e-01   -6.0909330500e+00
8.5753260176e-01   -6.1075105371e+00
9.9396655142e-01   -6.1254268855e+00
1.1414915496e+00   -6.1447996975e+00
1.3010645883e+00   -6.1657546443e+00
1.4737041413e+00   -6.1884254706e+00
1.6604890923e+00   -6.2129538542e+00
1.8625562904e+00   -6.2394890848e+00
2.0810964451e+00   -6.2681875250e+00
2.3173480419e+00   -6.2992118113e+00
2.5725889442e+00   -6.3327297512e+00
2.8481253371e+00   -6.3689128714e+00
3.1452776733e+00   -6.4079345723e+00
3.4653633094e+00   -6.4499678476e+00
3.8096755706e+00   -6.4951825353e+00
4.1794590668e+00   -6.5437420760e+00
4.5758812046e+00   -6.5957997724e+00
5.0000000000e+00   -6.6514945618e+00
6.6118774343e-02   -5.8819950352e+00
0.0000000000e+00   -5.8744875737e+00
1.3728524837e-01   -5.8900756382e+00
2.1398636907e-01   -5.8987846730e+00
2.9675387332e-01   -5.9081825159e+00
3.8616763482e-01   -5.9183350086e+00
4.8285907929e-01   -5.9293138463e+00
5.8751462046e-01   -5.9411969681e+00
7.0087905488e-01   -5.9540689418e+00
8.2375883684e-01   -5.9680213364e+00
9.5702513513e-01   -5.9831530689e+00
1.1016165507e+00   -5.9995707127e+00
1.2585413488e+00   -6.0173887514e+00
1.4288790296e+00   -6.0367297569e+00
1.6137810327e+00   -6.0577244696e+00
1.8144703332e+00   -6.0805117522e+00
2.0322396576e+00   -6.1052383875e+00
2.2684480099e+00   -6.1320586836e+00
2.5245151688e+00   -6.1611338496e+00
2.8019137901e+00   -6.1926310981e+00
3.1021587314e+00   -6.2267224339e+00
3.4267932116e+00   -6.2635830818e+00
3.7773714329e+00   -6.3033895139e+00
4.1554373323e+00   -6.3463170365e+00
4.5624991985e+00   -6.3925369085e+00
5.0000000000e+00   -6.4422129719e+00
6.2446210691e-02   -5.7690319571e+00
0.0000000000e+00   -5.7631649301e+00
1.2995331576e-01   -5.7753744717e+00
2.0301688772e-01   -5.7822390347e+00
2.8217901633e-01   -5.7896765772e+00
3.6803203800e-01   -5.7977427510e+00
4.6122241779e-01   -5.8064982939e+00
5.6245475330e-01   -5.8160094049e+00
6.7249585791e-01   -5.8263481287e+00
7.9217886728e-01   -5.8375927413e+00
9.2240729636e-01   -5.8498281307e+00
1.0641589545e+00   -5.8631461654e+00
1.2184896039e+00   -5.8776460377e+00
1.3865362198e+00   -5.8934345702e+00
1.5695196822e+00   -5.9106264686e+00
1.7687466957e+00   -5.9293445020e+00
1.9856106969e+00   -5.9497195885e+00
2.2215914732e+00   -5.9718907589e+00
2.4782531742e+00   -5.9960049702e+00
2.7572403605e+00   -6.0222167343e+00
3.0602716974e+00   -6.0506875255e+00
3.3891308704e+00   -6.0815849269e+00
3.7456542787e+00   -6.1150814742e+00
4.1317150597e+00   -6.1513531548e+00
4.5492030080e+00   -6.1905775213e+00
5.0000000000e+00   -6.2329313820e+00
5.9048985394e-02   -5.6645379134e+00
0.0000000000e+00   -5.6602461906e+00
1.2316629941e-01   -5.6691980060e+00
1.9285398860e-01   -5.6742629574e+00
2.6866211900e-01   -5.6797727470e+00
3.5119288103e-01   -5.6857711422e+00
4.4110493567e-01   -5.6923060151e+00
5.3911798979e-01   -5.6994296745e+00
6.4601758046e-01   -5.7071992137e+00
7.6266003783e-01   -5.7156768715e+00
8.8997758385e-01   -5.7249304025e+00
1.0289835090e+00   -5.7350334532e+00
1.1807773512e+00   -5.7460659390e+00
1.3465499802e+00   -5.7581144131e+00
1.5275884642e+00   -5.7712724205e+00
1.7252805692e+00   -5.7856408251e+00
1.9411187057e+00   -5.8013280963e+00
2.1767031022e+00   -5.8184505400e+00
2.4337439428e+00   -5.8371324534e+00
2.7140621622e+00   -5.8575061835e+00
3.0195885446e+00   -5.8797120610e+00
3.3523607240e+00   -5.9038981827e+00
3.7145176388e+00   -5.9302200082e+00
4.1082909476e+00   -5.9588397359e+00
4.5359928840e+00   -5.9899254207e+00
5.0000000000e+00   -6.0236497921e+00
5.5906655843e-02   -5.5678841173e+00
0.0000000000e+00   -5.5650969327e+00
1.1688443201e-01   -5.5709241188e+00
1.8343985728e-01   -5.5742421899e+00
2.5612877533e-01   -5.5778660417e+00
3.3556081626e-01   -5.5818260668e+00
4.2240420104e-01   -5.5861555789e+00
5.1739088722e-01   -5.5908910693e+00
6.2132205994e-01   -5.5960724804e+00
7.3507396670e-01   -5.6017434968e+00
8.5960408721e-01   -5.6079518531e+00
9.9595762055e-01   -5.6147496568e+00
1.1452742604e+00   -5.6221937264e+00
1.3087952153e+00   -5.6303459416e+00
1.4878704127e+00   -5.6392736020e+00
1.6839658076e+00   -5.6490497916e+00
1.8986706866e+00   -5.6597537432e+00
2.1337048361e+00   -5.6714711953e+00
2.3909254016e+00   -5.6842947347e+00
2.6723332322e+00   -5.6983241121e+00
2.9800784539e+00   -5.7136665206e+00
3.3164649697e+00   -5.7304368193e+00
3.6839535246e+00   -5.7487576871e+00
4.0851629158e+00   -5.7687596819e+00
4.5228688646e+00   -5.7905811854e+00
5.0000000000e+00   -5.8143682022e+00
5.3000248450e-02   -5.4784869668e+00
0.0000000000e+00   -5.4771306270e+00
1.1107065462e-01   -5.4799730580e+00
1.7472039248e-01   -5.4816019310e+00
2.4450905971e-01   -5.4833879065e+00
3.2105150544e-01   -5.4853467193e+00
4.0502308450e-01   -5.4874956526e+00
4.9716536807e-01   -5.4898536839e+00
5.9829234093e-01   -5.4924416442e+00
7.0929711514e-01   -5.4952823892e+00
8.3115918922e-01   -5.4984009856e+00
9.6495228015e-01   -5.5018249110e+00
1.1118527526e+00   -5.5055842699e+00
1.2731486657e+00   -5.5097120254e+00
1.4502494520e+00   -5.5142442465e+00
1.6446962350e+00   -5.5192203725e+00
1.8581727826e+00   -5.5246834929e+00
2.0925170787e+00   -5.5306806439e+00
2.3497334805e+00   -5.5372631195e+00
2.6320054080e+00   -5.5444867961e+00
2.9417084851e+00   -5.5524124685e+00
3.2814240226e+00   -5.5611061958e+00
3.6539526959e+00   -5.5706396505e+00
4.0623282236e+00   -5.5810904691e+00
4.5098308036e+00   -5.5925425958e+00
5.0000000000e+00   -5.6050866123e+00
))

(0 "Faces:")
(13 (a 1 c47 2 2)
(
2af 2ad 271 276
2b5 2b4 276 27b
2bb 2ba 27b 280
2c1 2c0 280 285
2c7 2c6 285 28a
2cd 2cc 28a 28f
2d3 2d2 28f 290
2d4 2d5 290 291
2d6 2d7 291 292
2d8 2d9 292 293
2da 2db 293 294
23e 23c 294 1fd
23f 23d 1fd 207
24a 249 207 211
255 254 211 21b
260 25f 21b 225
26b 26a 225 22f
276 275 22f 239
281 280 239 23a
282 283 23a 23b
284 285 23b 23c
1ee 1ed 23c 1b9
1c5 1c4 1b9 191
19c 19b 191 169
173 172 169 141
14a 149 141 119
121 120 119 f1
f8 f7 f1 c9
cf ce c9 a1
a6 a5 a1 79
7d 7c 79 51
54 53 51 29
4 3 29 1
2 3 1 2
5 6 2 3
7 8 3 4
9 a 4 5
b c 5 6
d e 6 7
f 10 7 8
11 12 8 9
13 14 9 a
15 16 a b
17 18 b c
19 1a c d
1b 1c d e
1d 1e e f
1f 20 f 10
21 22 10 11
23 24 11 12
25 26 12 13
27 28 13 14
29 2a 14 15
2b 2c 15 16
2d 2e 16 17
2f 30 17 18
31 32 18 19
33 34 19 1a
35 36 1a 1b
37 38 1b 1c
39 3a 1c 1d
3b 3c 1d 1e
3d 3e 1e 1f
3f 40 1f 20
41 42 20 21
43 44 21 22
45 46 22 23
47 48 23 24
49 4a 24 25
4b 4c 25 26
4d 4e 26 27
4f 50 27 28
52 50 28 50
7b 7a 50 78
a4 a3 78 a0
cd cc a0 c8
f6 f5 c8 f0
11f 11e f0 118
148 147 118 140
171 170 140 168
19a 199 168 190
1c3 1c2 190 1b8
1ec 1eb 1b8 1e0
215 214 1e0 2eb
323 322 2eb 2f2
32a 329 2f2 2f9
331 330 2f9 300
338 337 300 307
2a4 2a7 307 26d
2a5 2a6 26d 26e
2a8 2a9 26e 26f
2aa 2ab 26f 270
2ac 2ad 270 271
214 1eb 1e0 1df
214 213 1df 2ea
214 322 2ea 2eb
213 1ea 1df 1de
213 212 1de 2e9
213 321 2e9 2ea
212 1e9 1de 1dd
212 211 1dd 2e8
212 320 2e8 2e9
211 1e8 1dd 1dc
211 210 1dc 2e7
211 31f 2e7 2e8
210 1e7 1dc 1db
210 20f 1db 2e6
210 31e 2e6 2e7
20f 1e6 1db 1da
20f 20e 1da 2e5
20f 31d 2e5 2e6
20e 1e5 1da 1d9
20e 20d 1d9 2e4
20e 31c 2e4 2e5
20d 1e4 1d9 1d8
20d 20c 1d8 2df
20d 318 2df 2e4
20c 1e3 1d8 1d7
20c 20b 1d7 2da
20c 314 2da 2df
20b 1e2 1d7 1d6
20b 20a 1d6 2d5
20b 310 2d5 2da
20a 1e1 1d6 1d5
20a 209 1d5 2d0
20a 30c 2d0 2d5
209 1e0 1d5 1d4
209 208 1d4 2cb
209 308 2cb 2d0
208 1df 1d4 1d3
208 207 1d3 1ea
208 220 1ea 2cb
207 1de 1d3 1d2
207 206 1d2 1e9
207 21f 1e9 1ea
206 1dd 1d2 1d1
206 205 1d1 1e8
206 21e 1e8 1e9
205 1dc 1d1 1d0
205 204 1d0 1e7
205 21d 1e7 1e8
204 1db 1d0 1cf
204 203 1cf 1e6
204 21c 1e6 1e7
203 1da 1cf 1ce
203 202 1ce 1e5
203 21b 1e5 1e6
202 1d9 1ce 1cd
202 201 1cd 1e4
202 21a 1e4 1e5
201 1d8 1cd 1cc
201 200 1cc 1e3
201 219 1e3 1e4
200 1d7 1cc 1cb
200 1ff 1cb 1e2
200 218 1e2 1e3
1ff 1d6 1cb 1ca
1ff 1fe 1ca 1e1
1ff 216 1e1 1e2
1fe 1d5 1ca 1c9
1fe 1fd 1c9 25e
1fe 217 25e 1e1
1fd 1d4 1c9 1c8
1fd 1fc 1c8 25d
1fd 29d 25d 25e
1fc 1d3 1c8 1c7
1fc 1fb 1c7 25c
1fc 29c 25c 25d
1fb 1d2 1c7 1c6
1fb 1fa 1c6 25b
1fb 29b 25b 25c
1fa 1d1 1c6 1c5
1fa 1f9 1c5 25a
1fa 29a 25a 25b
1f9 1d0 1c5 1c4
1f9 1f8 1c4 259
1f9 299 259 25a
1f8 1cf 1c4 1c3
1f8 1f7 1c3 258
1f8 298 258 259
1f7 1ce 1c3 1c2
1f7 1f6 1c2 257
1f7 297 257 258
1f6 1cd 1c2 1c1
1f6 1f5 1c1 254
1f6 295 254 257
1f5 1cc 1c1 1c0
1f5 1f4 1c0 251
1f5 293 251 254
1f4 1cb 1c0 1bf
1f4 1f3 1bf 24e
1f4 291 24e 251
1f3 1ca 1bf 1be
1f3 1f2 1be 24b
1f3 28f 24b 24e
1f2 1c9 1be 1bd
1f2 1f1 1bd 248
1f2 28d 248 24b
1f1 1c8 1bd 1bc
1f1 1f0 1bc 245
1f1 28b 245 248
1f0 1c7 1bc 1bb
1f0 1ef 1bb 242
1f0 289 242 245
1ef 1c6 1bb 1ba
1ef 1ed 1ba 23f
1ef 287 23f 242
1ed 1c4 1ba 1b9
1ed 285 23c 23f
3 6 2a 2
3 53 29 2a
6 8 2b 3
6 55 2a 2b
8 a 2c 4
8 56 2b 2c
a c 2d 5
a 57 2c 2d
c e 2e 6
c 58 2d 2e
e 10 2f 7
e 59 2e 2f
10 12 30 8
10 5a 2f 30
12 14 31 9
12 5b 30 31
14 16 32 a
14 5c 31 32
16 18 33 b
16 5d 32 33
18 1a 34 c
18 5e 33 34
1a 1c 35 d
1a 5f 34 35
1c 1e 36 e
1c 60 35 36
1e 20 37 f
1e 61 36 37
20 22 38 10
20 62 37 38
22 24 39 11
22 63 38 39
24 26 3a 12
24 64 39 3a
26 28 3b 13
26 65 3a 3b
28 2a 3c 14
28 66 3b 3c
2a 2c 3d 15
2a 67 3c 3d
2c 2e 3e 16
2c 68 3d 3e
2e 30 3f 17
2e 69 3e 3f
30 32 40 18
30 6a 3f 40
32 34 41 19
32 6b 40 41
34 36 42 1a
34 6c 41 42
36 38 43 1b
36 6d 42 43
38 3a 44 1c
38 6e 43 44
3a 3c 45 1d
3a 6f 44 45
3c 3e 46 1e
3c 70 45 46
3e 40 47 1f
3e 71 46 47
40 42 48 20
40 72 47 48
42 44 49 21
42 73 48 49
44 46 4a 22
44 74 49 4a
46 48 4b 23
46 75 4a 4b
48 4a 4c 24
48 76 4b 4c
4a 4c 4d 25
4a 77 4c 4d
4c 4e 4e 26
4c 78 4d 4e
4e 50 4f 27
4e 79 4e 4f
50 7a 4f 50
53 55 52 2a
53 7c 51 52
55 56 53 2b
55 7e 52 53
56 57 54 2c
56 7f 53 54
57 58 55 2d
57 80 54 55
58 59 56 2e
58 81 55 56
59 5a 57 2f
59 82 56 57
5a 5b 58 30
5a 83 57 58
5b 5c 59 31
5b 84 58 59
5c 5d 5a 32
5c 85 59 5a
5d 5e 5b 33
5d 86 5a 5b
5e 5f 5c 34
5e 87 5b 5c
5f 60 5d 35
5f 88 5c 5d
60 61 5e 36
60 89 5d 5e
61 62 5f 37
61 8a 5e 5f
62 63 60 38
62 8b 5f 60
63 64 61 39
63 8c 60 61
64 65 62 3a
64 8d 61 62
65 66 63 3b
65 8e 62 63
66 67 64 3c
66 8f 63 64
67 68 65 3d
67 90 64 65
68 69 66 3e
68 91 65 66
69 6a 67 3f
69 92 66 67
6a 6b 68 40
6a 93 67 68
6b 6c 69 41
6b 94 68 69
6c 6d 6a 42
6c 95 69 6a
6d 6e 6b 43
6d 96 6a 6b
6e 6f 6c 44
6e 97 6b 6c
6f 70 6d 45
6f 98 6c 6d
70 71 6e 46
70 99 6d 6e
71 72 6f 47
71 9a 6e 6f
72 73 70 48
72 9b 6f 70
73 74 71 49
73 9c 70 71
74 75 72 4a
74 9d 71 72
75 76 73 4b
75 9e 72 73
76 77 74 4c
76 9f 73 74
77 78 75 4d
77 a0 74 75
78 79 76 4e
78 a1 75 76
79 7a 77 4f
79 a2 76 77
7a a3 77 78
7c 7e 7a 52
7c a5 79 7a
7e 7f 7b 53
7e a7 7a 7b
7f 80 7c 54
7f a8 7b 7c
80 81 7d 55
80 a9 7c 7d
81 82 7e 56
81 aa 7d 7e
82 83 7f 57
82 ab 7e 7f
83 84 80 58
83 ac 7f 80
84 85 81 59
84 ad 80 81
85 86 82 5a
85 ae 81 82
86 87 83 5b
86 af 82 83
87 88 84 5c
87 b0 83 84
88 89 85 5d
88 b1 84 85
89 8a 86 5e
89 b2 85 86
8a 8b 87 5f
8a b3 86 87
8b 8c 88 60
8b b4 87 88
8c 8d 89 61
8c b5 88 89
8d 8e 8a 62
8d b6 89 8a
8e 8f 8b 63
8e b7 8a 8b
8f 90 8c 64
8f b8 8b 8c
90 91 8d 65
90 b9 8c 8d
91 92 8e 66
91 ba 8d 8e
92 93 8f 67
92 bb 8e 8f
93 94 90 68
93 bc 8f 90
94 95 91 69
94 bd 90 91
95 96 92 6a
95 be 91 92
96 97 93 6b
96 bf 92 93
97 98 94 6c
97 c0 93 94
98 99 95 6d
98 c1 94 95
99 9a 96 6e
99 c2 95 96
9a 9b 97 6f
9a c3 96 97
9b 9c 98 70
9b c4 97 98
9c 9d 99 71
9c c5 98 99
9d 9e 9a 72
9d c6 99 9a
9e 9f 9b 73
9e c7 9a 9b
9f a0 9c 74
9f c8 9b 9c
a0 a1 9d 75
a0 c9 9c 9d
a1 a2 9e 76
a1 ca 9d 9e
a2 a3 9f 77
a2 cb 9e 9f
a3 cc 9f a0
a5 a7 a2 7a
a5 ce a1 a2
a7 a8 a3 7b
a7 d0 a2 a3
a8 a9 a4 7c
a8 d1 a3 a4
a9 aa a5 7d
a9 d2 a4 a5
aa ab a6 7e
aa d3 a5 a6
ab ac a7 7f
ab d4 a6 a7
ac ad a8 80
ac d5 a7 a8
ad ae a9 81
ad d6 a8 a9
ae af aa 82
ae d7 a9 aa
af b0 ab 83
af d8 aa ab
b0 b1 ac 84
b0 d9 ab ac
b1 b2 ad 85
b1 da ac ad
b2 b3 ae 86
b2 db ad ae
b3 b4 af 87
b3 dc ae af
b4 b5 b0 88
b4 dd af b0
b5 b6 b1 89
b5 de b0 b1
b6 b7 b2 8a
b6 df b1 b2
b7 b8 b3 8b
b7 e0 b2 b3
b8 b9 b4 8c
b8 e1 b3 b4
b9 ba b5 8d
b9 e2 b4 b5
ba bb b6 8e
ba e3 b5 b6
bb bc b7 8f
bb e4 b6 b7
bc bd b8 90
bc e5 b7 b8
bd be b9 91
bd e6 b8 b9
be bf ba 92
be e7 b9 ba
bf c0 bb 93
bf e8 ba bb
c0 c1 bc 94
c0 e9 bb bc
c1 c2 bd 95
c1 ea bc bd
c2 c3 be 96
c2 eb bd be
c3 c4 bf 97
c3 ec be bf
c4 c5 c0 98
c4 ed bf c0
c5 c6 c1 99
c5 ee c0 c1
c6 c7 c2 9a
c6 ef c1 c2
c7 c8 c3 9b
c7 f0 c2 c3
c8 c9 c4 9c
c8 f1 c3 c4
c9 ca c5 9d
c9 f2 c4 c5
ca cb c6 9e
ca f3 c5 c6
cb cc c7 9f
cb f4 c6 c7
cc f5 c7 c8
ce d0 ca a2
ce f7 c9 ca
d0 d1 cb a3
d0 f9 ca cb
d1 d2 cc a4
d1 fa cb cc
d2 d3 cd a5
d2 fb cc cd
d3 d4 ce a6
d3 fc cd ce
d4 d5 cf a7
d4 fd ce cf
d5 d6 d0 a8
d5 fe cf d0
d6 d7 d1 a9
d6 ff d0 d1
d7 d8 d2 aa
d7 100 d1 d2
d8 d9 d3 ab
d8 101 d2 d3
d9 da d4 ac
d9 102 d3 d4
da db d5 ad
da 103 d4 d5
db dc d6 ae
db 104 d5 d6
dc dd d7 af
dc 105 d6 d7
dd de d8 b0
dd 106 d7 d8
de df d9 b1
de 107 d8 d9
df e0 da b2
df 108 d9 da
e0 e1 db b3
e0 109 da db
e1 e2 dc b4
e1 10a db dc
e2 e3 dd b5
e2 10b dc dd
e3 e4 de b6
e3 10c dd de
e4 e5 df b7
e4 10d de df
e5 e6 e0 b8
e5 10e df e0
e6 e7 e1 b9
e6 10f e0 e1
e7 e8 e2 ba
e7 110 e1 e2
e8 e9 e3 bb
e8 111 e2 e3
e9 ea e4 bc
e9 112 e3 e4
ea eb e5 bd
ea 113 e4 e5
eb ec e6 be
eb 114 e5 e6
ec ed e7 bf
ec 115 e6 e7
ed ee e8 c0
ed 116 e7 e8
ee ef e9 c1
ee 117 e8 e9
ef f0 ea c2
ef 118 e9 ea
f0 f1 eb c3
f0 119 ea eb
f1 f2 ec c4
f1 11a eb ec
f2 f3 ed c5
f2 11b ec ed
f3 f4 ee c6
f3 11c ed ee
f4 f5 ef c7
f4 11d ee ef
f5 11e ef f0
f7 f9 f2 ca
f7 120 f1 f2
f9 fa f3 cb
f9 122 f2 f3
fa fb f4 cc
fa 123 f3 f4
fb fc f5 cd
fb 124 f4 f5
fc fd f6 ce
fc 125 f5 f6
fd fe f7 cf
fd 126 f6 f7
fe ff f8 d0
fe 127 f7 f8
ff 100 f9 d1
ff 128 f8 f9
100 101 fa d2
100 129 f9 fa
101 102 fb d3
101 12a fa fb
102 103 fc d4
102 12b fb fc
103 104 fd d5
103 12c fc fd
104 105 fe d6
104 12d fd fe
105 106 ff d7
105 12e fe ff
106 107 100 d8
106 12f ff 100
107 108 101 d9
107 130 100 101
108 109 102 da
108 131 101 102
109 10a 103 db
109 132 102 103
10a 10b 104 dc
10a 133 103 104
10b 10c 105 dd
10b 134 104 105
10c 10d 106 de
10c 135 105 106
10d 10e 107 df
10d 136 106 107
10e 10f 108 e0
10e 137 107 108
10f 110 109 e1
10f 138 108 109
110 111 10a e2
110 139 109 10a
111 112 10b e3
111 13a 10a 10b
112 113 10c e4
112 13b 10b 10c
113 114 10d e5
113 13c 10c 10d
114 115 10e e6
114 13d 10d 10e
115 116 10f e7
115 13e 10e 10f
116 117 110 e8
116 13f 10f 110
117 118 111 e9
117 140 110 111
118 119 112 ea
118 141 111 112
119 11a 113 eb
119 142 112 113
11a 11b 114 ec
11a 143 113 114
11b 11c 115 ed
11b 144 114 115
11c 11d 116 ee
11c 145 115 116
11d 11e 117 ef
11d 146 116 117
11e 147 117 118
120 122 11a f2
120 149 119 11a
122 123 11b f3
122 14b 11a 11b
123 124 11c f4
123 14c 11b 11c
124 125 11d f5
124 14d 11c 11d
125 126 11e f6
125 14e 11d 11e
126 127 11f f7
126 14f 11e 11f
127 128 120 f8
127 150 11f 120
128 129 121 f9
128 151 120 121
129 12a 122 fa
129 152 121 122
12a 12b 123 fb
12a 153 122 123
12b 12c 124 fc
12b 154 123 124
12c 12d 125 fd
12c 155 124 125
12d 12e 126 fe
12d 156 125 126
12e 12f 127 ff
12e 157 126 127
12f 130 128 100
12f 158 127 128
130 131 129 101
130 159 128 129
131 132 12a 102
131 15a 129 12a
132 133 12b 103
132 15b 12a 12b
133 134 12c 104
133 15c 12b 12c
134 135 12d 105
134 15d 12c 12d
135 136 12e 106
135 15e 12d 12e
136 137 12f 107
136 15f 12e 12f
137 138 130 108
137 160 12f 130
138 139 131 109
138 161 130 131
139 13a 132 10a
139 162 131 132
13a 13b 133 10b
13a 163 132 133
13b 13c 134 10c
13b 164 133 134
13c 13d 135 10d
13c 165 134 135
13d 13e 136 10e
13d 166 135 136
13e 13f 137 10f
13e 167 136 137
13f 140 138 110
13f 168 137 138
140 141 139 111
140 169 138 139
141 142 13a 112
141 16a 139 13a
142 143 13b 113
142 16b 13a 13b
143 144 13c 114
143 16c 13b 13c
144 145 13d 115
144 16d 13c 13d
145 146 13e 116
145 16e 13d 13e
146 147 13f 117
146 16f 13e 13f
147 170 13f 140
149 14b 142 11a
149 172 141 142
14b 14c 143 11b
14b 174 142 143
14c 14d 144 11c
14c 175 143 144
14d 14e 145 11d
14d 176 144 145
14e 14f 146 11e
14e 177 145 146
14f 150 147 11f
14f 178 146 147
150 151 148 120
150 179 147 148
151 152 149 121
151 17a 148 149
152 153 14a 122
152 17b 149 14a
153 154 14b 123
153 17c 14a 14b
154 155 14c 124
154 17d 14b 14c
155 156 14d 125
155 17e 14c 14d
156 157 14e 126
156 17f 14d 14e
157 158 14f 127
157 180 14e 14f
158 159 150 128
158 181 14f 150
159 15a 151 129
159 182 150 151
15a 15b 152 12a
15a 183 151 152
15b 15c 153 12b
15b 184 152 153
15c 15d 154 12c
15c 185 153 154
15d 15e 155 12d
15d 186 154 155
15e 15f 156 12e
15e 187 155 156
15f 160 157 12f
15f 188 156 157
160 161 158 130
160 189 157 158
161 162 159 131
161 18a 158 159
162 163 15a 132
162 18b 159 15a
163 164 15b 133
163 18c 15a 15b
164 165 15c 134
164 18d 15b 15c
165 166 15d 135
165 18e 15c 15d
166 167 15e 136
166 18f 15d 15e
167 168 15f 137
167 190 15e 15f
168 169 160 138
168 191 15f 160
169 16a 161 139
169 192 160 161
16a 16b 162 13a
16a 193 161 162
16b 16c 163 13b
16b 194 162 163
16c 16d 164 13c
16c 195 163 164
16d 16e 165 13d
16d 196 164 165
16e 16f 166 13e
16e 197 165 166
16f 170 167 13f
16f 198 166 167
170 199 167 168
172 174 16a 142
172 19b 169 16a
174 175 16b 143
174 19d 16a 16b
175 176 16c 144
175 19e 16b 16c
176 177 16d 145
176 19f 16c 16d
177 178 16e 146
177 1a0 16d 16e
178 179 16f 147
178 1a1 16e 16f
179 17a 170 148
179 1a2 16f 170
17a 17b 171 149
17a 1a3 170 171
17b 17c 172 14a
17b 1a4 171 172
17c 17d 173 14b
17c 1a5 172 173
17d 17e 174 14c
17d 1a6 173 174
17e 17f 175 14d
17e 1a7 174 175
17f 180 176 14e
17f 1a8 175 176
180 181 177 14f
180 1a9 176 177
181 182 178 150
181 1aa 177 178
182 183 179 151
182 1ab 178 179
183 184 17a 152
183 1ac 179 17a
184 185 17b 153
184 1ad 17a 17b
185 186 17c 154
185 1ae 17b 17c
186 187 17d 155
186 1af 17c 17d
187 188 17e 156
187 1b0 17d 17e
188 189 17f 157
188 1b1 17e 17f
189 18a 180 158
189 1b2 17f 180
18a 18b 181 159
18a 1b3 180 181
18b 18c 182 15a
18b 1b4 181 182
18c 18d 183 15b
18c 1b5 182 183
18d 18e 184 15c
18d 1b6 183 184
18e 18f 185 15d
18e 1b7 184 185
18f 190 186 15e
18f 1b8 185 186
190 191 187 15f
190 1b9 186 187
191 192 188 160
191 1ba 187 188
192 193 189 161
192 1bb 188 189
193 194 18a 162
193 1bc 189 18a
194 195 18b 163
194 1bd 18a 18b
195 196 18c 164
195 1be 18b 18c
196 197 18d 165
196 1bf 18c 18d
197 198 18e 166
197 1c0 18d 18e
198 199 18f 167
198 1c1 18e 18f
199 1c2 18f 190
19b 19d 192 16a
19b 1c4 191 192
19d 19e 193 16b
19d 1c6 192 193
19e 19f 194 16c
19e 1c7 193 194
19f 1a0 195 16d
19f 1c8 194 195
1a0 1a1 196 16e
1a0 1c9 195 196
1a1 1a2 197 16f
1a1 1ca 196 197
1a2 1a3 198 170
1a2 1cb 197 198
1a3 1a4 199 171
1a3 1cc 198 199
1a4 1a5 19a 172
1a4 1cd 199 19a
1a5 1a6 19b 173
1a5 1ce 19a 19b
1a6 1a7 19c 174
1a6 1cf 19b 19c
1a7 1a8 19d 175
1a7 1d0 19c 19d
1a8 1a9 19e 176
1a8 1d1 19d 19e
1a9 1aa 19f 177
1a9 1d2 19e 19f
1aa 1ab 1a0 178
1aa 1d3 19f 1a0
1ab 1ac 1a1 179
1ab 1d4 1a0 1a1
1ac 1ad 1a2 17a
1ac 1d5 1a1 1a2
1ad 1ae 1a3 17b
1ad 1d6 1a2 1a3
1ae 1af 1a4 17c
1ae 1d7 1a3 1a4
1af 1b0 1a5 17d
1af 1d8 1a4 1a5
1b0 1b1 1a6 17e
1b0 1d9 1a5 1a6
1b1 1b2 1a7 17f
1b1 1da 1a6 1a7
1b2 1b3 1a8 180
1b2 1db 1a7 1a8
1b3 1b4 1a9 181
1b3 1dc 1a8 1a9
1b4 1b5 1aa 182
1b4 1dd 1a9 1aa
1b5 1b6 1ab 183
1b5 1de 1aa 1ab
1b6 1b7 1ac 184
1b6 1df 1ab 1ac
1b7 1b8 1ad 185
1b7 1e0 1ac 1ad
1b8 1b9 1ae 186
1b8 1e1 1ad 1ae
1b9 1ba 1af 187
1b9 1e2 1ae 1af
1ba 1bb 1b0 188
1ba 1e3 1af 1b0
1bb 1bc 1b1 189
1bb 1e4 1b0 1b1
1bc 1bd 1b2 18a
1bc 1e5 1b1 1b2
1bd 1be 1b3 18b
1bd 1e6 1b2 1b3
1be 1bf 1b4 18c
1be 1e7 1b3 1b4
1bf 1c0 1b5 18d
1bf 1e8 1b4 1b5
1c0 1c1 1b6 18e
1c0 1e9 1b5 1b6
1c1 1c2 1b7 18f
1c1 1ea 1b6 1b7
1c2 1eb 1b7 1b8
1c4 1c6 1ba 192
1c6 1c7 1bb 193
1c7 1c8 1bc 194
1c8 1c9 1bd 195
1c9 1ca 1be 196
1ca 1cb 1bf 197
1cb 1cc 1c0 198
1cc 1cd 1c1 199
1cd 1ce 1c2 19a
1ce 1cf 1c3 19b
1cf 1d0 1c4 19c
1d0 1d1 1c5 19d
1d1 1d2 1c6 19e
1d2 1d3 1c7 19f
1d3 1d4 1c8 1a0
1d4 1d5 1c9 1a1
1d5 1d6 1ca 1a2
1d6 1d7 1cb 1a3
1d7 1d8 1cc 1a4
1d8 1d9 1cd 1a5
1d9 1da 1ce 1a6
1da 1db 1cf 1a7
1db 1dc 1d0 1a8
1dc 1dd 1d1 1a9
1dd 1de 1d2 1aa
1de 1df 1d3 1ab
1df 1e0 1d4 1ac
1e0 1e1 1d5 1ad
1e1 1e2 1d6 1ae
1e2 1e3 1d7 1af
1e3 1e4 1d8 1b0
1e4 1e5 1d9 1b1
1e5 1e6 1da 1b2
1e6 1e7 1db 1b3
1e7 1e8 1dc 1b4
1e8 1e9 1dd 1b5
1e9 1ea 1de 1b6
1ea 1eb 1df 1b7
217 216 1f0 1e1
217 227 265 1f0
217 29d 25e 265
216 218 1f1 1e2
216 226 1f0 1f1
218 219 1f2 1e3
218 228 1f1 1f2
219 21a 1f3 1e4
219 229 1f2 1f3
21a 21b 1eb 1e5
21a 222 1f3 1eb
21b 21c 1ec 1e6
21b 221 1eb 1ec
21c 21d 1ed 1e7
21c 223 1ec 1ed
21d 21e 1ee 1e8
21d 224 1ed 1ee
21e 21f 1ef 1e9
21e 225 1ee 1ef
21f 220 1ef 1ea
220 225 1ef 2ca
220 308 2ca 2cb
23c 23a 299 1fc
23c 23d 1fc 1fd
23c 2db 294 299
222 221 2c6 1eb
222 229 1f3 2c0
222 2ff 2c0 2c6
221 223 2c7 1ec
221 304 2c6 2c7
223 224 2c8 1ed
223 305 2c7 2c8
224 225 2c9 1ee
224 306 2c8 2c9
225 307 2c9 2ca
23a 238 29e 1fb
23a 23b 1fb 1fc
23a 2df 299 29e
238 236 2a3 1fa
238 239 1fa 1fb
238 2e3 29e 2a3
236 234 2a8 1f9
236 237 1f9 1fa
236 2e7 2a3 2a8
230 22e 2ab 1f6
230 231 1f6 1f7
230 232 1f7 2aa
230 2ed 2aa 2ab
227 226 2ae 1f0
227 2a3 265 26c
227 22a 26c 2ae
226 228 2b4 1f1
226 2f0 2ae 2b4
228 229 2ba 1f2
228 2f5 2b4 2ba
229 2fa 2ba 2c0
22a 22b 1f4 2ad
22a 22d 26c 1f4
22a 2f0 2ad 2ae
22b 22c 1f4 1f5
22b 22e 1f5 2ac
22b 2ef 2ac 2ad
22e 22f 1f5 1f6
22e 2ee 2ab 2ac
232 233 1f7 1f8
232 234 1f8 2a9
232 2ec 2a9 2aa
234 235 1f8 1f9
234 2eb 2a8 2a9
278 277 255 230
278 26d 230 266
278 296 266 255
280 275 239 238
280 27f 238 23d
280 283 23d 23a
27f 274 238 237
27f 27e 237 240
27f 286 240 23d
27e 273 237 236
27e 27d 236 243
27e 288 243 240
27d 272 236 235
27d 27c 235 246
27d 28a 246 243
27c 271 235 234
27c 27b 234 249
27c 28c 249 246
27b 270 234 233
27b 27a 233 24c
27b 28e 24c 249
27a 26f 233 232
27a 279 232 24f
27a 290 24f 24c
279 26e 232 231
279 277 231 252
279 292 252 24f
277 26c 231 230
277 294 255 252
297 295 257 256
297 296 256 25f
297 298 25f 258
296 294 256 255
296 29e 266 25f
22d 22c 1fe 1f4
22d 241 26b 1fe
22d 2a3 26c 26b
241 240 208 1fe
241 24c 26a 208
241 2a2 26b 26a
24c 24b 212 208
24c 257 269 212
24c 2a1 26a 269
257 256 21c 212
257 262 268 21c
257 2a0 269 268
262 261 226 21c
262 26d 267 226
262 29f 268 267
26d 26c 230 226
26d 29e 267 266
22c 22f 1ff 1f5
22c 240 1fe 1ff
22f 231 200 1f6
22f 242 1ff 200
231 233 201 1f7
231 243 200 201
233 235 202 1f8
233 244 201 202
235 237 203 1f9
235 245 202 203
237 239 204 1fa
237 246 203 204
239 23b 205 1fb
239 247 204 205
23b 23d 206 1fc
23b 248 205 206
23d 249 206 207
240 242 209 1ff
240 24b 208 209
242 243 20a 200
242 24d 209 20a
243 244 20b 201
243 24e 20a 20b
244 245 20c 202
244 24f 20b 20c
245 246 20d 203
245 250 20c 20d
246 247 20e 204
246 251 20d 20e
247 248 20f 205
247 252 20e 20f
248 249 210 206
248 253 20f 210
249 254 210 211
24b 24d 213 209
24b 256 212 213
24d 24e 214 20a
24d 258 213 214
24e 24f 215 20b
24e 259 214 215
24f 250 216 20c
24f 25a 215 216
250 251 217 20d
250 25b 216 217
251 252 218 20e
251 25c 217 218
252 253 219 20f
252 25d 218 219
253 254 21a 210
253 25e 219 21a
254 25f 21a 21b
256 258 21d 213
256 261 21c 21d
258 259 21e 214
258 263 21d 21e
259 25a 21f 215
259 264 21e 21f
25a 25b 220 216
25a 265 21f 220
25b 25c 221 217
25b 266 220 221
25c 25d 222 218
25c 267 221 222
25d 25e 223 219
25d 268 222 223
25e 25f 224 21a
25e 269 223 224
25f 26a 224 225
261 263 227 21d
261 26c 226 227
263 264 228 21e
263 26e 227 228
264 265 229 21f
264 26f 228 229
265 266 22a 220
265 270 229 22a
266 267 22b 221
266 271 22a 22b
267 268 22c 222
267 272 22b 22c
268 269 22d 223
268 273 22c 22d
269 26a 22e 224
269 274 22d 22e
26a 275 22e 22f
26c 26e 231 227
26e 26f 232 228
26f 270 233 229
270 271 234 22a
271 272 235 22b
272 273 236 22c
273 274 237 22d
274 275 238 22e
283 285 23e 23b
283 286 23d 23e
285 287 23e 23f
286 287 241 23e
286 288 240 241
287 289 241 242
288 289 244 241
288 28a 243 244
289 28b 244 245
28a 28b 247 244
28a 28c 246 247
28b 28d 247 248
28c 28d 24a 247
28c 28e 249 24a
28d 28f 24a 24b
28e 28f 24d 24a
28e 290 24c 24d
28f 291 24d 24e
290 291 250 24d
290 292 24f 250
291 293 250 251
292 293 253 250
292 294 252 253
293 295 253 254
294 295 256 253
298 299 260 259
298 29e 25f 260
299 29a 261 25a
299 29f 260 261
29a 29b 262 25b
29a 2a0 261 262
29b 29c 263 25c
29b 2a1 262 263
29c 29d 264 25d
29c 2a2 263 264
29d 2a3 264 265
29e 29f 267 260
29f 2a0 268 261
2a0 2a1 269 262
2a1 2a2 26a 263
2a2 2a3 26b 264
2cf 2ce 2a4 28b
2cf 2c9 28b 301
2cf 2e8 2c1 2a4
2cf 300 2e0 2c1
2cf 319 301 2e0
2d2 2cc 28f 28e
2d2 2d1 28e 295
2d2 2d5 295 290
2d1 2cb 28e 28d
2d1 2d0 28d 29a
2d1 2dc 29a 295
2d0 2ca 28d 28c
2d0 2ce 28c 29f
2d0 2e0 29f 29a
2ce 2c8 28c 28b
2ce 2e4 2a4 29f
2eb 2e7 2a8 2a7
2eb 2ea 2a7 2af
2eb 2ec 2af 2a9
2ea 2e6 2a7 2a6
2ea 2e9 2a6 2b5
2ea 2f1 2b5 2af
2e9 2e5 2a6 2a5
2e9 2e8 2a5 2bb
2e9 2f6 2bb 2b5
2e8 2e4 2a5 2a4
2e8 2fb 2c1 2bb
304 2ff 2c6 2c5
304 303 2c5 2cc
304 305 2cc 2c7
303 2fe 2c5 2c4
303 302 2c4 2d1
303 309 2d1 2cc
302 2fd 2c4 2c3
302 301 2c3 2d6
302 30d 2d6 2d1
301 2fc 2c3 2c2
301 300 2c2 2db
301 311 2db 2d6
300 2fb 2c2 2c1
300 315 2e0 2db
31c 318 2e4 2e3
31c 31b 2e3 2ec
31c 31d 2ec 2e5
31b 317 2e3 2e2
31b 31a 2e2 2f3
31b 324 2f3 2ec
31a 316 2e2 2e1
31a 319 2e1 2fa
31a 32b 2fa 2f3
319 315 2e1 2e0
319 332 301 2fa
2a7 2a6 272 26d
2a7 2b1 306 272
2a7 337 307 306
2b1 2b0 277 272
2b1 2b7 305 277
2b1 336 306 305
2b7 2b6 27c 277
2b7 2bd 304 27c
2b7 335 305 304
2bd 2bc 281 27c
2bd 2c3 303 281
2bd 334 304 303
2c3 2c2 286 281
2c3 2c9 302 286
2c3 333 303 302
2c9 2c8 28b 286
2c9 332 302 301
2a6 2a9 273 26e
2a6 2b0 272 273
2a9 2ab 274 26f
2a9 2b2 273 274
2ab 2ad 275 270
2ab 2b3 274 275
2ad 2b4 275 276
2b0 2b2 278 273
2b0 2b6 277 278
2b2 2b3 279 274
2b2 2b8 278 279
2b3 2b4 27a 275
2b3 2b9 279 27a
2b4 2ba 27a 27b
2b6 2b8 27d 278
2b6 2bc 27c 27d
2b8 2b9 27e 279
2b8 2be 27d 27e
2b9 2ba 27f 27a
2b9 2bf 27e 27f
2ba 2c0 27f 280
2bc 2be 282 27d
2bc 2c2 281 282
2be 2bf 283 27e
2be 2c4 282 283
2bf 2c0 284 27f
2bf 2c5 283 284
2c0 2c6 284 285
2c2 2c4 287 282
2c2 2c8 286 287
2c4 2c5 288 283
2c4 2ca 287 288
2c5 2c6 289 284
2c5 2cb 288 289
2c6 2cc 289 28a
2c8 2ca 28c 287
2ca 2cb 28d 288
2cb 2cc 28e 289
2d5 2d7 296 291
2d5 2dc 295 296
2d7 2d9 297 292
2d7 2dd 296 297
2d9 2db 298 293
2d9 2de 297 298
2db 2df 298 299
2dc 2dd 29b 296
2dc 2e0 29a 29b
2dd 2de 29c 297
2dd 2e1 29b 29c
2de 2df 29d 298
2de 2e2 29c 29d
2df 2e3 29d 29e
2e0 2e1 2a0 29b
2e0 2e4 29f 2a0
2e1 2e2 2a1 29c
2e1 2e5 2a0 2a1
2e2 2e3 2a2 29d
2e2 2e6 2a1 2a2
2e3 2e7 2a2 2a3
2e4 2e5 2a5 2a0
2e5 2e6 2a6 2a1
2e6 2e7 2a7 2a2
2ec 2ed 2b0 2aa
2ec 2f1 2af 2b0
2ed 2ee 2b1 2ab
2ed 2f2 2b0 2b1
2ee 2ef 2b2 2ac
2ee 2f3 2b1 2b2
2ef 2f0 2b3 2ad
2ef 2f4 2b2 2b3
2f0 2f5 2b3 2b4
2f1 2f2 2b6 2b0
2f1 2f6 2b5 2b6
2f2 2f3 2b7 2b1
2f2 2f7 2b6 2b7
2f3 2f4 2b8 2b2
2f3 2f8 2b7 2b8
2f4 2f5 2b9 2b3
2f4 2f9 2b8 2b9
2f5 2fa 2b9 2ba
2f6 2f7 2bc 2b6
2f6 2fb 2bb 2bc
2f7 2f8 2bd 2b7
2f7 2fc 2bc 2bd
2f8 2f9 2be 2b8
2f8 2fd 2bd 2be
2f9 2fa 2bf 2b9
2f9 2fe 2be 2bf
2fa 2ff 2bf 2c0
2fb 2fc 2c2 2bc
2fc 2fd 2c3 2bd
2fd 2fe 2c4 2be
2fe 2ff 2c5 2bf
305 306 2cd 2c8
305 309 2cc 2cd
306 307 2ce 2c9
306 30a 2cd 2ce
307 308 2cf 2ca
307 30b 2ce 2cf
308 30c 2cf 2d0
309 30a 2d2 2cd
309 30d 2d1 2d2
30a 30b 2d3 2ce
30a 30e 2d2 2d3
30b 30c 2d4 2cf
30b 30f 2d3 2d4
30c 310 2d4 2d5
30d 30e 2d7 2d2
30d 311 2d6 2d7
30e 30f 2d8 2d3
30e 312 2d7 2d8
30f 310 2d9 2d4
30f 313 2d8 2d9
310 314 2d9 2da
311 312 2dc 2d7
311 315 2db 2dc
312 313 2dd 2d8
312 316 2dc 2dd
313 314 2de 2d9
313 317 2dd 2de
314 318 2de 2df
315 316 2e1 2dc
316 317 2e2 2dd
317 318 2e3 2de
31d 31e 2ed 2e6
31d 324 2ec 2ed
31e 31f 2ee 2e7
31e 325 2ed 2ee
31f 320 2ef 2e8
31f 326 2ee 2ef
320 321 2f0 2e9
320 327 2ef 2f0
321 322 2f1 2ea
321 328 2f0 2f1
322 329 2f1 2f2
324 325 2f4 2ed
324 32b 2f3 2f4
325 326 2f5 2ee
325 32c 2f4 2f5
326 327 2f6 2ef
326 32d 2f5 2f6
327 328 2f7 2f0
327 32e 2f6 2f7
328 329 2f8 2f1
328 32f 2f7 2f8
329 330 2f8 2f9
32b 32c 2fb 2f4
32b 332 2fa 2fb
32c 32d 2fc 2f5
32c 333 2fb 2fc
32d 32e 2fd 2f6
32d 334 2fc 2fd
32e 32f 2fe 2f7
32e 335 2fd 2fe
32f 330 2ff 2f8
32f 336 2fe 2ff
330 337 2ff 300
332 333 302 2fb
333 334 303 2fc
334 335 304 2fd
335 336 305 2fe
336 337 306 2ff
36c 36a 320 339
386 385 339 352
3a0 39f 352 36b
3ba 3b9 36b 384
3d4 3d3 384 39d
3ee 3ed 39d 3b6
408 407 3b6 3cf
422 421 3cf 3e8
43c 43b 3e8 401
456 455 401 41a
470 46f 41a 433
48a 489 433 641
6ae 6ad 641 628
694 693 628 60f
67a 679 60f 5f6
660 65f 5f6 5dd
646 645 5dd 5c4
62c 62b 5c4 5ab
612 611 5ab 592
5f8 5f7 592 579
5de 5dd 579 560
5c4 5c3 560 547
5aa 5a9 547 52e
590 58f 52e 515
576 575 515 4fc
55c 55b 4fc 4e3
542 541 4e3 4ca
528 527 4ca 4b1
50e 50d 4b1 498
4f4 4f3 498 47f
4da 4d9 47f 466
4c0 4bf 466 44d
48e 48d 44d 434
4bb 4bc 44b 44c
4b9 4ba 44a 44b
4b7 4b8 449 44a
4b5 4b6 448 449
4b3 4b4 447 448
4b1 4b2 446 447
4af 4b0 445 446
4ad 4ae 444 445
4ab 4ac 443 444
4a9 4aa 442 443
4a7 4a8 441 442
4a5 4a6 440 441
4a3 4a4 43f 440
4a1 4a2 43e 43f
49f 4a0 43d 43e
49d 49e 43c 43d
49b 49c 43b 43c
499 49a 43a 43b
497 498 439 43a
495 496 438 439
493 494 437 438
491 492 436 437
48f 490 435 436
48c 48d 434 435
4be 4bc 44c 465
4d8 4d7 465 47e
4f2 4f1 47e 497
50c 50b 497 4b0
526 525 4b0 4c9
540 53f 4c9 4e2
55a 559 4e2 4fb
574 573 4fb 514
58e 58d 514 52d
5a8 5a7 52d 546
5c2 5c1 546 55f
5dc 5db 55f 578
5f6 5f5 578 591
610 60f 591 5aa
62a 629 5aa 5c3
644 643 5c3 5dc
65e 65d 5dc 5f5
678 677 5f5 60e
692 691 60e 627
6ac 6ab 627 640
6c6 6c5 640 659
472 471 659 41b
458 457 41b 402
43e 43d 402 3e9
424 423 3e9 3d0
40a 409 3d0 3b7
3f0 3ef 3b7 39e
3d6 3d5 39e 385
3bc 3bb 385 36c
3a2 3a1 36c 353
388 387 353 33a
36e 36d 33a 321
33c 33b 321 308
369 36a 31f 320
367 368 31e 31f
365 366 31d 31e
363 364 31c 31d
361 362 31b 31c
35f 360 31a 31b
35d 35e 319 31a
35b 35c 318 319
359 35a 317 318
357 358 316 317
355 356 315 316
353 354 314 315
351 352 313 314
34f 350 312 313
34d 34e 311 312
34b 34c 310 311
349 34a 30f 310
347 348 30e 30f
345 346 30d 30e
343 344 30c 30d
341 342 30b 30c
33f 340 30a 30b
33d 33e 309 30a
33a 33b 308 309
489 46f 433 432
489 488 432 642
489 6ad 642 641
488 46e 432 431
488 487 431 643
488 6af 643 642
487 46d 431 430
487 486 430 644
487 6b0 644 643
486 46c 430 42f
486 485 42f 645
486 6b1 645 644
485 46b 42f 42e
485 484 42e 646
485 6b2 646 645
484 46a 42e 42d
484 483 42d 647
484 6b3 647 646
483 469 42d 42c
483 482 42c 648
483 6b4 648 647
482 468 42c 42b
482 481 42b 649
482 6b5 649 648
481 467 42b 42a
481 480 42a 64a
481 6b6 64a 649
480 466 42a 429
480 47f 429 64b
480 6b7 64b 64a
47f 465 429 428
47f 47e 428 64c
47f 6b8 64c 64b
47e 464 428 427
47e 47d 427 64d
47e 6b9 64d 64c
47d 463 427 426
47d 47c 426 64e
47d 6ba 64e 64d
47c 462 426 425
47c 47b 425 64f
47c 6bb 64f 64e
47b 461 425 424
47b 47a 424 650
47b 6bc 650 64f
47a 460 424 423
47a 479 423 651
47a 6bd 651 650
479 45f 423 422
479 478 422 652
479 6be 652 651
478 45e 422 421
478 477 421 653
478 6bf 653 652
477 45d 421 420
477 476 420 654
477 6c0 654 653
476 45c 420 41f
476 475 41f 655
476 6c1 655 654
475 45b 41f 41e
475 474 41e 656
475 6c2 656 655
474 45a 41e 41d
474 473 41d 657
474 6c3 657 656
473 459 41d 41c
473 471 41c 658
473 6c4 658 657
471 457 41c 41b
471 6c5 659 658
33b 33e 322 309
33b 36d 321 322
33e 340 323 30a
33e 36f 322 323
340 342 324 30b
340 370 323 324
342 344 325 30c
342 371 324 325
344 346 326 30d
344 372 325 326
346 348 327 30e
346 373 326 327
348 34a 328 30f
348 374 327 328
34a 34c 329 310
34a 375 328 329
34c 34e 32a 311
34c 376 329 32a
34e 350 32b 312
34e 377 32a 32b
350 352 32c 313
350 378 32b 32c
352 354 32d 314
352 379 32c 32d
354 356 32e 315
354 37a 32d 32e
356 358 32f 316
356 37b 32e 32f
358 35a 330 317
358 37c 32f 330
35a 35c 331 318
35a 37d 330 331
35c 35e 332 319
35c 37e 331 332
35e 360 333 31a
35e 37f 332 333
360 362 334 31b
360 380 333 334
362 364 335 31c
362 381 334 335
364 366 336 31d
364 382 335 336
366 368 337 31e
366 383 336 337
368 36a 338 31f
368 384 337 338
36a 385 338 339
36d 36f 33b 322
36d 387 33a 33b
36f 370 33c 323
36f 389 33b 33c
370 371 33d 324
370 38a 33c 33d
371 372 33e 325
371 38b 33d 33e
372 373 33f 326
372 38c 33e 33f
373 374 340 327
373 38d 33f 340
374 375 341 328
374 38e 340 341
375 376 342 329
375 38f 341 342
376 377 343 32a
376 390 342 343
377 378 344 32b
377 391 343 344
378 379 345 32c
378 392 344 345
379 37a 346 32d
379 393 345 346
37a 37b 347 32e
37a 394 346 347
37b 37c 348 32f
37b 395 347 348
37c 37d 349 330
37c 396 348 349
37d 37e 34a 331
37d 397 349 34a
37e 37f 34b 332
37e 398 34a 34b
37f 380 34c 333
37f 399 34b 34c
380 381 34d 334
380 39a 34c 34d
381 382 34e 335
381 39b 34d 34e
382 383 34f 336
382 39c 34e 34f
383 384 350 337
383 39d 34f 350
384 385 351 338
384 39e 350 351
385 39f 351 352
387 389 354 33b
387 3a1 353 354
389 38a 355 33c
389 3a3 354 355
38a 38b 356 33d
38a 3a4 355 356
38b 38c 357 33e
38b 3a5 356 357
38c 38d 358 33f
38c 3a6 357 358
38d 38e 359 340
38d 3a7 358 359
38e 38f 35a 341
38e 3a8 359 35a
38f 390 35b 342
38f 3a9 35a 35b
390 391 35c 343
390 3aa 35b 35c
391 392 35d 344
391 3ab 35c 35d
392 393 35e 345
392 3ac 35d 35e
393 394 35f 346
393 3ad 35e 35f
394 395 360 347
394 3ae 35f 360
395 396 361 348
395 3af 360 361
396 397 362 349
396 3b0 361 362
397 398 363 34a
397 3b1 362 363
398 399 364 34b
398 3b2 363 364
399 39a 365 34c
399 3b3 364 365
39a 39b 366 34d
39a 3b4 365 366
39b 39c 367 34e
39b 3b5 366 367
39c 39d 368 34f
39c 3b6 367 368
39d 39e 369 350
39d 3b7 368 369
39e 39f 36a 351
39e 3b8 369 36a
39f 3b9 36a 36b
3a1 3a3 36d 354
3a1 3bb 36c 36d
3a3 3a4 36e 355
3a3 3bd 36d 36e
3a4 3a5 36f 356
3a4 3be 36e 36f
3a5 3a6 370 357
3a5 3bf 36f 370
3a6 3a7 371 358
3a6 3c0 370 371
3a7 3a8 372 359
3a7 3c1 371 372
3a8 3a9 373 35a
3a8 3c2 372 373
3a9 3aa 374 35b
3a9 3c3 373 374
3aa 3ab 375 35c
3aa 3c4 374 375
3ab 3ac 376 35d
3ab 3c5 375 376
3ac 3ad 377 35e
3ac 3c6 376 377
3ad 3ae 378 35f
3ad 3c7 377 378
3ae 3af 379 360
3ae 3c8 378 379
3af 3b0 37a 361
3af 3c9 379 37a
3b0 3b1 37b 362
3b0 3ca 37a 37b
3b1 3b2 37c 363
3b1 3cb 37b 37c
3b2 3b3 37d 364
3b2 3cc 37c 37d
3b3 3b4 37e 365
3b3 3cd 37d 37e
3b4 3b5 37f 366
3b4 3ce 37e 37f
3b5 3b6 380 367
3b5 3cf 37f 380
3b6 3b7 381 368
3b6 3d0 380 381
3b7 3b8 382 369
3b7 3d1 381 382
3b8 3b9 383 36a
3b8 3d2 382 383
3b9 3d3 383 384
3bb 3bd 386 36d
3bb 3d5 385 386
3bd 3be 387 36e
3bd 3d7 386 387
3be 3bf 388 36f
3be 3d8 387 388
3bf 3c0 389 370
3bf 3d9 388 389
3c0 3c1 38a 371
3c0 3da 389 38a
3c1 3c2 38b 372
3c1 3db 38a 38b
3c2 3c3 38c 373
3c2 3dc 38b 38c
3c3 3c4 38d 374
3c3 3dd 38c 38d
3c4 3c5 38e 375
3c4 3de 38d 38e
3c5 3c6 38f 376
3c5 3df 38e 38f
3c6 3c7 390 377
3c6 3e0 38f 390
3c7 3c8 391 378
3c7 3e1 390 391
3c8 3c9 392 379
3c8 3e2 391 392
3c9 3ca 393 37a
3c9 3e3 392 393
3ca 3cb 394 37b
3ca 3e4 393 394
3cb 3cc 395 37c
3cb 3e5 394 395
3cc 3cd 396 37d
3cc 3e6 395 396
3cd 3ce 397 37e
3cd 3e7 396 397
3ce 3cf 398 37f
3ce 3e8 397 398
3cf 3d0 399 380
3cf 3e9 398 399
3d0 3d1 39a 381
3d0 3ea 399 39a
3d1 3d2 39b 382
3d1 3eb 39a 39b
3d2 3d3 39c 383
3d2 3ec 39b 39c
3d3 3ed 39c 39d
3d5 3d7 39f 386
3d5 3ef 39e 39f
3d7 3d8 3a0 387
3d7 3f1 39f 3a0
3d8 3d9 3a1 388
3d8 3f2 3a0 3a1
3d9 3da 3a2 389
3d9 3f3 3a1 3a2
3da 3db 3a3 38a
3da 3f4 3a2 3a3
3db 3dc 3a4 38b
3db 3f5 3a3 3a4
3dc 3dd 3a5 38c
3dc 3f6 3a4 3a5
3dd 3de 3a6 38d
3dd 3f7 3a5 3a6
3de 3df 3a7 38e
3de 3f8 3a6 3a7
3df 3e0 3a8 38f
3df 3f9 3a7 3a8
3e0 3e1 3a9 390
3e0 3fa 3a8 3a9
3e1 3e2 3aa 391
3e1 3fb 3a9 3aa
3e2 3e3 3ab 392
3e2 3fc 3aa 3ab
3e3 3e4 3ac 393
3e3 3fd 3ab 3ac
3e4 3e5 3ad 394
3e4 3fe 3ac 3ad
3e5 3e6 3ae 395
3e5 3ff 3ad 3ae
3e6 3e7 3af 396
3e6 400 3ae 3af
3e7 3e8 3b0 397
3e7 401 3af 3b0
3e8 3e9 3b1 398
3e8 402 3b0 3b1
3e9 3ea 3b2 399
3e9 403 3b1 3b2
3ea 3eb 3b3 39a
3ea 404 3b2 3b3
3eb 3ec 3b4 39b
3eb 405 3b3 3b4
3ec 3ed 3b5 39c
3ec 406 3b4 3b5
3ed 407 3b5 3b6
3ef 3f1 3b8 39f
3ef 409 3b7 3b8
3f1 3f2 3b9 3a0
3f1 40b 3b8 3b9
3f2 3f3 3ba 3a1
3f2 40c 3b9 3ba
3f3 3f4 3bb 3a2
3f3 40d 3ba 3bb
3f4 3f5 3bc 3a3
3f4 40e 3bb 3bc
3f5 3f6 3bd 3a4
3f5 40f 3bc 3bd
3f6 3f7 3be 3a5
3f6 410 3bd 3be
3f7 3f8 3bf 3a6
3f7 411 3be 3bf
3f8 3f9 3c0 3a7
3f8 412 3bf 3c0
3f9 3fa 3c1 3a8
3f9 413 3c0 3c1
3fa 3fb 3c2 3a9
3fa 414 3c1 3c2
3fb 3fc 3c3 3aa
3fb 415 3c2 3c3
3fc 3fd 3c4 3ab
3fc 416 3c3 3c4
3fd 3fe 3c5 3ac
3fd 417 3c4 3c5
3fe 3ff 3c6 3ad
3fe 418 3c5 3c6
3ff 400 3c7 3ae
3ff 419 3c6 3c7
400 401 3c8 3af
400 41a 3c7 3c8
401 402 3c9 3b0
401 41b 3c8 3c9
402 403 3ca 3b1
402 41c 3c9 3ca
403 404 3cb 3b2
403 41d 3ca 3cb
404 405 3cc 3b3
404 41e 3cb 3cc
405 406 3cd 3b4
405 41f 3cc 3cd
406 407 3ce 3b5
406 420 3cd 3ce
407 421 3ce 3cf
409 40b 3d1 3b8
409 423 3d0 3d1
40b 40c 3d2 3b9
40b 425 3d1 3d2
40c 40d 3d3 3ba
40c 426 3d2 3d3
40d 40e 3d4 3bb
40d 427 3d3 3d4
40e 40f 3d5 3bc
40e 428 3d4 3d5
40f 410 3d6 3bd
40f 429 3d5 3d6
410 411 3d7 3be
410 42a 3d6 3d7
411 412 3d8 3bf
411 42b 3d7 3d8
412 413 3d9 3c0
412 42c 3d8 3d9
413 414 3da 3c1
413 42d 3d9 3da
414 415 3db 3c2
414 42e 3da 3db
415 416 3dc 3c3
415 42f 3db 3dc
416 417 3dd 3c4
416 430 3dc 3dd
417 418 3de 3c5
417 431 3dd 3de
418 419 3df 3c6
418 432 3de 3df
419 41a 3e0 3c7
419 433 3df 3e0
41a 41b 3e1 3c8
41a 434 3e0 3e1
41b 41c 3e2 3c9
41b 435 3e1 3e2
41c 41d 3e3 3ca
41c 436 3e2 3e3
41d 41e 3e4 3cb
41d 437 3e3 3e4
41e 41f 3e5 3cc
41e 438 3e4 3e5
41f 420 3e6 3cd
41f 439 3e5 3e6
420 421 3e7 3ce
420 43a 3e6 3e7
421 43b 3e7 3e8
423 425 3ea 3d1
423 43d 3e9 3ea
425 426 3eb 3d2
425 43f 3ea 3eb
426 427 3ec 3d3
426 440 3eb 3ec
427 428 3ed 3d4
427 441 3ec 3ed
428 429 3ee 3d5
428 442 3ed 3ee
429 42a 3ef 3d6
429 443 3ee 3ef
42a 42b 3f0 3d7
42a 444 3ef 3f0
42b 42c 3f1 3d8
42b 445 3f0 3f1
42c 42d 3f2 3d9
42c 446 3f1 3f2
42d 42e 3f3 3da
42d 447 3f2 3f3
42e 42f 3f4 3db
42e 448 3f3 3f4
42f 430 3f5 3dc
42f 449 3f4 3f5
430 431 3f6 3dd
430 44a 3f5 3f6
431 432 3f7 3de
431 44b 3f6 3f7
432 433 3f8 3df
432 44c 3f7 3f8
433 434 3f9 3e0
433 44d 3f8 3f9
434 435 3fa 3e1
434 44e 3f9 3fa
435 436 3fb 3e2
435 44f 3fa 3fb
436 437 3fc 3e3
436 450 3fb 3fc
437 438 3fd 3e4
437 451 3fc 3fd
438 439 3fe 3e5
438 452 3fd 3fe
439 43a 3ff 3e6
439 453 3fe 3ff
43a 43b 400 3e7
43a 454 3ff 400
43b 455 400 401
43d 43f 403 3ea
43d 457 402 403
43f 440 404 3eb
43f 459 403 404
440 441 405 3ec
440 45a 404 405
441 442 406 3ed
441 45b 405 406
442 443 407 3ee
442 45c 406 407
443 444 408 3ef
443 45d 407 408
444 445 409 3f0
444 45e 408 409
445 446 40a 3f1
445 45f 409 40a
446 447 40b 3f2
446 460 40a 40b
447 448 40c 3f3
447 461 40b 40c
448 449 40d 3f4
448 462 40c 40d
449 44a 40e 3f5
449 463 40d 40e
44a 44b 40f 3f6
44a 464 40e 40f
44b 44c 410 3f7
44b 465 40f 410
44c 44d 411 3f8
44c 466 410 411
44d 44e 412 3f9
44d 467 411 412
44e 44f 413 3fa
44e 468 412 413
44f 450 414 3fb
44f 469 413 414
450 451 415 3fc
450 46a 414 415
451 452 416 3fd
451 46b 415 416
452 453 417 3fe
452 46c 416 417
453 454 418 3ff
453 46d 417 418
454 455 419 400
454 46e 418 419
455 46f 419 41a
457 459 41c 403
459 45a 41d 404
45a 45b 41e 405
45b 45c 41f 406
45c 45d 420 407
45d 45e 421 408
45e 45f 422 409
45f 460 423 40a
460 461 424 40b
461 462 425 40c
462 463 426 40d
463 464 427 40e
464 465 428 40f
465 466 429 410
466 467 42a 411
467 468 42b 412
468 469 42c 413
469 46a 42d 414
46a 46b 42e 415
46b 46c 42f 416
46c 46d 430 417
46d 46e 431 418
46e 46f 432 419
48d 490 44e 435
48d 4bf 44d 44e
490 492 44f 436
490 4c1 44e 44f
492 494 450 437
492 4c2 44f 450
494 496 451 438
494 4c3 450 451
496 498 452 439
496 4c4 451 452
498 49a 453 43a
498 4c5 452 453
49a 49c 454 43b
49a 4c6 453 454
49c 49e 455 43c
49c 4c7 454 455
49e 4a0 456 43d
49e 4c8 455 456
4a0 4a2 457 43e
4a0 4c9 456 457
4a2 4a4 458 43f
4a2 4ca 457 458
4a4 4a6 459 440
4a4 4cb 458 459
4a6 4a8 45a 441
4a6 4cc 459 45a
4a8 4aa 45b 442
4a8 4cd 45a 45b
4aa 4ac 45c 443
4aa 4ce 45b 45c
4ac 4ae 45d 444
4ac 4cf 45c 45d
4ae 4b0 45e 445
4ae 4d0 45d 45e
4b0 4b2 45f 446
4b0 4d1 45e 45f
4b2 4b4 460 447
4b2 4d2 45f 460
4b4 4b6 461 448
4b4 4d3 460 461
4b6 4b8 462 449
4b6 4d4 461 462
4b8 4ba 463 44a
4b8 4d5 462 463
4ba 4bc 464 44b
4ba 4d6 463 464
4bc 4d7 464 465
4bf 4c1 467 44e
4bf 4d9 466 467
4c1 4c2 468 44f
4c1 4db 467 468
4c2 4c3 469 450
4c2 4dc 468 469
4c3 4c4 46a 451
4c3 4dd 469 46a
4c4 4c5 46b 452
4c4 4de 46a 46b
4c5 4c6 46c 453
4c5 4df 46b 46c
4c6 4c7 46d 454
4c6 4e0 46c 46d
4c7 4c8 46e 455
4c7 4e1 46d 46e
4c8 4c9 46f 456
4c8 4e2 46e 46f
4c9 4ca 470 457
4c9 4e3 46f 470
4ca 4cb 471 458
4ca 4e4 470 471
4cb 4cc 472 459
4cb 4e5 471 472
4cc 4cd 473 45a
4cc 4e6 472 473
4cd 4ce 474 45b
4cd 4e7 473 474
4ce 4cf 475 45c
4ce 4e8 474 475
4cf 4d0 476 45d
4cf 4e9 475 476
4d0 4d1 477 45e
4d0 4ea 476 477
4d1 4d2 478 45f
4d1 4eb 477 478
4d2 4d3 479 460
4d2 4ec 478 479
4d3 4d4 47a 461
4d3 4ed 479 47a
4d4 4d5 47b 462
4d4 4ee 47a 47b
4d5 4d6 47c 463
4d5 4ef 47b 47c
4d6 4d7 47d 464
4d6 4f0 47c 47d
4d7 4f1 47d 47e
4d9 4db 480 467
4d9 4f3 47f 480
4db 4dc 481 468
4db 4f5 480 481
4dc 4dd 482 469
4dc 4f6 481 482
4dd 4de 483 46a
4dd 4f7 482 483
4de 4df 484 46b
4de 4f8 483 484
4df 4e0 485 46c
4df 4f9 484 485
4e0 4e1 486 46d
4e0 4fa 485 486
4e1 4e2 487 46e
4e1 4fb 486 487
4e2 4e3 488 46f
4e2 4fc 487 488
4e3 4e4 489 470
4e3 4fd 488 489
4e4 4e5 48a 471
4e4 4fe 489 48a
4e5 4e6 48b 472
4e5 4ff 48a 48b
4e6 4e7 48c 473
4e6 500 48b 48c
4e7 4e8 48d 474
4e7 501 48c 48d
4e8 4e9 48e 475
4e8 502 48d 48e
4e9 4ea 48f 476
4e9 503 48e 48f
4ea 4eb 490 477
4ea 504 48f 490
4eb 4ec 491 478
4eb 505 490 491
4ec 4ed 492 479
4ec 506 491 492
4ed 4ee 493 47a
4ed 507 492 493
4ee 4ef 494 47b
4ee 508 493 494
4ef 4f0 495 47c
4ef 509 494 495
4f0 4f1 496 47d
4f0 50a 495 496
4f1 50b 496 497
4f3 4f5 499 480
4f3 50d 498 499
4f5 4f6 49a 481
4f5 50f 499 49a
4f6 4f7 49b 482
4f6 510 49a 49b
4f7 4f8 49c 483
4f7 511 49b 49c
4f8 4f9 49d 484
4f8 512 49c 49d
4f9 4fa 49e 485
4f9 513 49d 49e
4fa 4fb 49f 486
4fa 514 49e 49f
4fb 4fc 4a0 487
4fb 515 49f 4a0
4fc 4fd 4a1 488
4fc 516 4a0 4a1
4fd 4fe 4a2 489
4fd 517 4a1 4a2
4fe 4ff 4a3 48a
4fe 518 4a2 4a3
4ff 500 4a4 48b
4ff 519 4a3 4a4
500 501 4a5 48c
500 51a 4a4 4a5
501 502 4a6 48d
501 51b 4a5 4a6
502 503 4a7 48e
502 51c 4a6 4a7
503 504 4a8 48f
503 51d 4a7 4a8
504 505 4a9 490
504 51e 4a8 4a9
505 506 4aa 491
505 51f 4a9 4aa
506 507 4ab 492
506 520 4aa 4ab
507 508 4ac 493
507 521 4ab 4ac
508 509 4ad 494
508 522 4ac 4ad
509 50a 4ae 495
509 523 4ad 4ae
50a 50b 4af 496
50a 524 4ae 4af
50b 525 4af 4b0
50d 50f 4b2 499
50d 527 4b1 4b2
50f 510 4b3 49a
50f 529 4b2 4b3
510 511 4b4 49b
510 52a 4b3 4b4
511 512 4b5 49c
511 52b 4b4 4b5
512 513 4b6 49d
512 52c 4b5 4b6
513 514 4b7 49e
513 52d 4b6 4b7
514 515 4b8 49f
514 52e 4b7 4b8
515 516 4b9 4a0
515 52f 4b8 4b9
516 517 4ba 4a1
516 530 4b9 4ba
517 518 4bb 4a2
517 531 4ba 4bb
518 519 4bc 4a3
518 532 4bb 4bc
519 51a 4bd 4a4
519 533 4bc 4bd
51a 51b 4be 4a5
51a 534 4bd 4be
51b 51c 4bf 4a6
51b 535 4be 4bf
51c 51d 4c0 4a7
51c 536 4bf 4c0
51d 51e 4c1 4a8
51d 537 4c0 4c1
51e 51f 4c2 4a9
51e 538 4c1 4c2
51f 520 4c3 4aa
51f 539 4c2 4c3
520 521 4c4 4ab
520 53a 4c3 4c4
521 522 4c5 4ac
521 53b 4c4 4c5
522 523 4c6 4ad
522 53c 4c5 4c6
523 524 4c7 4ae
523 53d 4c6 4c7
524 525 4c8 4af
524 53e 4c7 4c8
525 53f 4c8 4c9
527 529 4cb 4b2
527 541 4ca 4cb
529 52a 4cc 4b3
529 543 4cb 4cc
52a 52b 4cd 4b4
52a 544 4cc 4cd
52b 52c 4ce 4b5
52b 545 4cd 4ce
52c 52d 4cf 4b6
52c 546 4ce 4cf
52d 52e 4d0 4b7
52d 547 4cf 4d0
52e 52f 4d1 4b8
52e 548 4d0 4d1
52f 530 4d2 4b9
52f 549 4d1 4d2
530 531 4d3 4ba
530 54a 4d2 4d3
531 532 4d4 4bb
531 54b 4d3 4d4
532 533 4d5 4bc
532 54c 4d4 4d5
533 534 4d6 4bd
533 54d 4d5 4d6
534 535 4d7 4be
534 54e 4d6 4d7
535 536 4d8 4bf
535 54f 4d7 4d8
536 537 4d9 4c0
536 550 4d8 4d9
537 538 4da 4c1
537 551 4d9 4da
538 539 4db 4c2
538 552 4da 4db
539 53a 4dc 4c3
539 553 4db 4dc
53a 53b 4dd 4c4
53a 554 4dc 4dd
53b 53c 4de 4c5
53b 555 4dd 4de
53c 53d 4df 4c6
53c 556 4de 4df
53d 53e 4e0 4c7
53d 557 4df 4e0
53e 53f 4e1 4c8
53e 558 4e0 4e1
53f 559 4e1 4e2
541 543 4e4 4cb
541 55b 4e3 4e4
543 544 4e5 4cc
543 55d 4e4 4e5
544 545 4e6 4cd
544 55e 4e5 4e6
545 546 4e7 4ce
545 55f 4e6 4e7
546 547 4e8 4cf
546 560 4e7 4e8
547 548 4e9 4d0
547 561 4e8 4e9
548 549 4ea 4d1
548 562 4e9 4ea
549 54a 4eb 4d2
549 563 4ea 4eb
54a 54b 4ec 4d3
54a 564 4eb 4ec
54b 54c 4ed 4d4
54b 565 4ec 4ed
54c 54d 4ee 4d5
54c 566 4ed 4ee
54d 54e 4ef 4d6
54d 567 4ee 4ef
54e 54f 4f0 4d7
54e 568 4ef 4f0
54f 550 4f1 4d8
54f 569 4f0 4f1
550 551 4f2 4d9
550 56a 4f1 4f2
551 552 4f3 4da
551 56b 4f2 4f3
552 553 4f4 4db
552 56c 4f3 4f4
553 554 4f5 4dc
553 56d 4f4 4f5
554 555 4f6 4dd
554 56e 4f5 4f6
555 556 4f7 4de
555 56f 4f6 4f7
556 557 4f8 4df
556 570 4f7 4f8
557 558 4f9 4e0
557 571 4f8 4f9
558 559 4fa 4e1
558 572 4f9 4fa
559 573 4fa 4fb
55b 55d 4fd 4e4
55b 575 4fc 4fd
55d 55e 4fe 4e5
55d 577 4fd 4fe
55e 55f 4ff 4e6
55e 578 4fe 4ff
55f 560 500 4e7
55f 579 4ff 500
560 561 501 4e8
560 57a 500 501
561 562 502 4e9
561 57b 501 502
562 563 503 4ea
562 57c 502 503
563 564 504 4eb
563 57d 503 504
564 565 505 4ec
564 57e 504 505
565 566 506 4ed
565 57f 505 506
566 567 507 4ee
566 580 506 507
567 568 508 4ef
567 581 507 508
568 569 509 4f0
568 582 508 509
569 56a 50a 4f1
569 583 509 50a
56a 56b 50b 4f2
56a 584 50a 50b
56b 56c 50c 4f3
56b 585 50b 50c
56c 56d 50d 4f4
56c 586 50c 50d
56d 56e 50e 4f5
56d 587 50d 50e
56e 56f 50f 4f6
56e 588 50e 50f
56f 570 510 4f7
56f 589 50f 510
570 571 511 4f8
570 58a 510 511
571 572 512 4f9
571 58b 511 512
572 573 513 4fa
572 58c 512 513
573 58d 513 514
575 577 516 4fd
575 58f 515 516
577 578 517 4fe
577 591 516 517
578 579 518 4ff
578 592 517 518
579 57a 519 500
579 593 518 519
57a 57b 51a 501
57a 594 519 51a
57b 57c 51b 502
57b 595 51a 51b
57c 57d 51c 503
57c 596 51b 51c
57d 57e 51d 504
57d 597 51c 51d
57e 57f 51e 505
57e 598 51d 51e
57f 580 51f 506
57f 599 51e 51f
580 581 520 507
580 59a 51f 520
581 582 521 508
581 59b 520 521
582 583 522 509
582 59c 521 522
583 584 523 50a
583 59d 522 523
584 585 524 50b
584 59e 523 524
585 586 525 50c
585 59f 524 525
586 587 526 50d
586 5a0 525 526
587 588 527 50e
587 5a1 526 527
588 589 528 50f
588 5a2 527 528
589 58a 529 510
589 5a3 528 529
58a 58b 52a 511
58a 5a4 529 52a
58b 58c 52b 512
58b 5a5 52a 52b
58c 58d 52c 513
58c 5a6 52b 52c
58d 5a7 52c 52d
58f 591 52f 516
58f 5a9 52e 52f
591 592 530 517
591 5ab 52f 530
592 593 531 518
592 5ac 530 531
593 594 532 519
593 5ad 531 532
594 595 533 51a
594 5ae 532 533
595 596 534 51b
595 5af 533 534
596 597 535 51c
596 5b0 534 535
597 598 536 51d
597 5b1 535 536
598 599 537 51e
598 5b2 536 537
599 59a 538 51f
599 5b3 537 538
59a 59b 539 520
59a 5b4 538 539
59b 59c 53a 521
59b 5b5 539 53a
59c 59d 53b 522
59c 5b6 53a 53b
59d 59e 53c 523
59d 5b7 53b 53c
59e 59f 53d 524
59e 5b8 53c 53d
59f 5a0 53e 525
59f 5b9 53d 53e
5a0 5a1 53f 526
5a0 5ba 53e 53f
5a1 5a2 540 527
5a1 5bb 53f 540
5a2 5a3 541 528
5a2 5bc 540 541
5a3 5a4 542 529
5a3 5bd 541 542
5a4 5a5 543 52a
5a4 5be 542 543
5a5 5a6 544 52b
5a5 5bf 543 544
5a6 5a7 545 52c
5a6 5c0 544 545
5a7 5c1 545 546
5a9 5ab 548 52f
5a9 5c3 547 548
5ab 5ac 549 530
5ab 5c5 548 549
5ac 5ad 54a 531
5ac 5c6 549 54a
5ad 5ae 54b 532
5ad 5c7 54a 54b
5ae 5af 54c 533
5ae 5c8 54b 54c
5af 5b0 54d 534
5af 5c9 54c 54d
5b0 5b1 54e 535
5b0 5ca 54d 54e
5b1 5b2 54f 536
5b1 5cb 54e 54f
5b2 5b3 550 537
5b2 5cc 54f 550
5b3 5b4 551 538
5b3 5cd 550 551
5b4 5b5 552 539
5b4 5ce 551 552
5b5 5b6 553 53a
5b5 5cf 552 553
5b6 5b7 554 53b
5b6 5d0 553 554
5b7 5b8 555 53c
5b7 5d1 554 555
5b8 5b9 556 53d
5b8 5d2 555 556
5b9 5ba 557 53e
5b9 5d3 556 557
5ba 5bb 558 53f
5ba 5d4 557 558
5bb 5bc 559 540
5bb 5d5 558 559
5bc 5bd 55a 541
5bc 5d6 559 55a
5bd 5be 55b 542
5bd 5d7 55a 55b
5be 5bf 55c 543
5be 5d8 55b 55c
5bf 5c0 55d 544
5bf 5d9 55c 55d
5c0 5c1 55e 545
5c0 5da 55d 55e
5c1 5db 55e 55f
5c3 5c5 561 548
5c3 5dd 560 561
5c5 5c6 562 549
5c5 5df 561 562
5c6 5c7 563 54a
5c6 5e0 562 563
5c7 5c8 564 54b
5c7 5e1 563 564
5c8 5c9 565 54c
5c8 5e2 564 565
5c9 5ca 566 54d
5c9 5e3 565 566
5ca 5cb 567 54e
5ca 5e4 566 567
5cb 5cc 568 54f
5cb 5e5 567 568
5cc 5cd 569 550
5cc 5e6 568 569
5cd 5ce 56a 551
5cd 5e7 569 56a
5ce 5cf 56b 552
5ce 5e8 56a 56b
5cf 5d0 56c 553
5cf 5e9 56b 56c
5d0 5d1 56d 554
5d0 5ea 56c 56d
5d1 5d2 56e 555
5d1 5eb 56d 56e
5d2 5d3 56f 556
5d2 5ec 56e 56f
5d3 5d4 570 557
5d3 5ed 56f 570
5d4 5d5 571 558
5d4 5ee 570 571
5d5 5d6 572 559
5d5 5ef 571 572
5d6 5d7 573 55a
5d6 5f0 572 573
5d7 5d8 574 55b
5d7 5f1 573 574
5d8 5d9 575 55c
5d8 5f2 574 575
5d9 5da 576 55d
5d9 5f3 575 576
5da 5db 577 55e
5da 5f4 576 577
5db 5f5 577 578
5dd 5df 57a 561
5dd 5f7 579 57a
5df 5e0 57b 562
5df 5f9 57a 57b
5e0 5e1 57c 563
5e0 5fa 57b 57c
5e1 5e2 57d 564
5e1 5fb 57c 57d
5e2 5e3 57e 565
5e2 5fc 57d 57e
5e3 5e4 57f 566
5e3 5fd 57e 57f
5e4 5e5 580 567
5e4 5fe 57f 580
5e5 5e6 581 568
5e5 5ff 580 581
5e6 5e7 582 569
5e6 600 581 582
5e7 5e8 583 56a
5e7 601 582 583
5e8 5e9 584 56b
5e8 602 583 584
5e9 5ea 585 56c
5e9 603 584 585
5ea 5eb 586 56d
5ea 604 585 586
5eb 5ec 587 56e
5eb 605 586 587
5ec 5ed 588 56f
5ec 606 587 588
5ed 5ee 589 570
5ed 607 588 589
5ee 5ef 58a 571
5ee 608 589 58a
5ef 5f0 58b 572
5ef 609 58a 58b
5f0 5f1 58c 573
5f0 60a 58b 58c
5f1 5f2 58d 574
5f1 60b 58c 58d
5f2 5f3 58e 575
5f2 60c 58d 58e
5f3 5f4 58f 576
5f3 60d 58e 58f
5f4 5f5 590 577
5f4 60e 58f 590
5f5 60f 590 591
5f7 5f9 593 57a
5f7 611 592 593
5f9 5fa 594 57b
5f9 613 593 594
5fa 5fb 595 57c
5fa 614 594 595
5fb 5fc 596 57d
5fb 615 595 596
5fc 5fd 597 57e
5fc 616 596 597
5fd 5fe 598 57f
5fd 617 597 598
5fe 5ff 599 580
5fe 618 598 599
5ff 600 59a 581
5ff 619 599 59a
600 601 59b 582
600 61a 59a 59b
601 602 59c 583
601 61b 59b 59c
602 603 59d 584
602 61c 59c 59d
603 604 59e 585
603 61d 59d 59e
604 605 59f 586
604 61e 59e 59f
605 606 5a0 587
605 61f 59f 5a0
606 607 5a1 588
606 620 5a0 5a1
607 608 5a2 589
607 621 5a1 5a2
608 609 5a3 58a
608 622 5a2 5a3
609 60a 5a4 58b
609 623 5a3 5a4
60a 60b 5a5 58c
60a 624 5a4 5a5
60b 60c 5a6 58d
60b 625 5a5 5a6
60c 60d 5a7 58e
60c 626 5a6 5a7
60d 60e 5a8 58f
60d 627 5a7 5a8
60e 60f 5a9 590
60e 628 5a8 5a9
60f 629 5a9 5aa
611 613 5ac 593
611 62b 5ab 5ac
613 614 5ad 594
613 62d 5ac 5ad
614 615 5ae 595
614 62e 5ad 5ae
615 616 5af 596
615 62f 5ae 5af
616 617 5b0 597
616 630 5af 5b0
617 618 5b1 598
617 631 5b0 5b1
618 619 5b2 599
618 632 5b1 5b2
619 61a 5b3 59a
619 633 5b2 5b3
61a 61b 5b4 59b
61a 634 5b3 5b4
61b 61c 5b5 59c
61b 635 5b4 5b5
61c 61d 5b6 59d
61c 636 5b5 5b6
61d 61e 5b7 59e
61d 637 5b6 5b7
61e 61f 5b8 59f
61e 638 5b7 5b8
61f 620 5b9 5a0
61f 639 5b8 5b9
620 621 5ba 5a1
620 63a 5b9 5ba
621 622 5bb 5a2
621 63b 5ba 5bb
622 623 5bc 5a3
622 63c 5bb 5bc
623 624 5bd 5a4
623 63d 5bc 5bd
624 625 5be 5a5
624 63e 5bd 5be
625 626 5bf 5a6
625 63f 5be 5bf
626 627 5c0 5a7
626 640 5bf 5c0
627 628 5c1 5a8
627 641 5c0 5c1
628 629 5c2 5a9
628 642 5c1 5c2
629 643 5c2 5c3
62b 62d 5c5 5ac
62b 645 5c4 5c5
62d 62e 5c6 5ad
62d 647 5c5 5c6
62e 62f 5c7 5ae
62e 648 5c6 5c7
62f 630 5c8 5af
62f 649 5c7 5c8
630 631 5c9 5b0
630 64a 5c8 5c9
631 632 5ca 5b1
631 64b 5c9 5ca
632 633 5cb 5b2
632 64c 5ca 5cb
633 634 5cc 5b3
633 64d 5cb 5cc
634 635 5cd 5b4
634 64e 5cc 5cd
635 636 5ce 5b5
635 64f 5cd 5ce
636 637 5cf 5b6
636 650 5ce 5cf
637 638 5d0 5b7
637 651 5cf 5d0
638 639 5d1 5b8
638 652 5d0 5d1
639 63a 5d2 5b9
639 653 5d1 5d2
63a 63b 5d3 5ba
63a 654 5d2 5d3
63b 63c 5d4 5bb
63b 655 5d3 5d4
63c 63d 5d5 5bc
63c 656 5d4 5d5
63d 63e 5d6 5bd
63d 657 5d5 5d6
63e 63f 5d7 5be
63e 658 5d6 5d7
63f 640 5d8 5bf
63f 659 5d7 5d8
640 641 5d9 5c0
640 65a 5d8 5d9
641 642 5da 5c1
641 65b 5d9 5da
642 643 5db 5c2
642 65c 5da 5db
643 65d 5db 5dc
645 647 5de 5c5
645 65f 5dd 5de
647 648 5df 5c6
647 661 5de 5df
648 649 5e0 5c7
648 662 5df 5e0
649 64a 5e1 5c8
649 663 5e0 5e1
64a 64b 5e2 5c9
64a 664 5e1 5e2
64b 64c 5e3 5ca
64b 665 5e2 5e3
64c 64d 5e4 5cb
64c 666 5e3 5e4
64d 64e 5e5 5cc
64d 667 5e4 5e5
64e 64f 5e6 5cd
64e 668 5e5 5e6
64f 650 5e7 5ce
64f 669 5e6 5e7
650 651 5e8 5cf
650 66a 5e7 5e8
651 652 5e9 5d0
651 66b 5e8 5e9
652 653 5ea 5d1
652 66c 5e9 5ea
653 654 5eb 5d2
653 66d 5ea 5eb
654 655 5ec 5d3
654 66e 5eb 5ec
655 656 5ed 5d4
655 66f 5ec 5ed
656 657 5ee 5d5
656 670 5ed 5ee
657 658 5ef 5d6
657 671 5ee 5ef
658 659 5f0 5d7
658 672 5ef 5f0
659 65a 5f1 5d8
659 673 5f0 5f1
65a 65b 5f2 5d9
65a 674 5f1 5f2
65b 65c 5f3 5da
65b 675 5f2 5f3
65c 65d 5f4 5db
65c 676 5f3 5f4
65d 677 5f4 5f5
65f 661 5f7 5de
65f 679 5f6 5f7
661 662 5f8 5df
661 67b 5f7 5f8
662 663 5f9 5e0
662 67c 5f8 5f9
663 664 5fa 5e1
663 67d 5f9 5fa
664 665 5fb 5e2
664 67e 5fa 5fb
665 666 5fc 5e3
665 67f 5fb 5fc
666 667 5fd 5e4
666 680 5fc 5fd
667 668 5fe 5e5
667 681 5fd 5fe
668 669 5ff 5e6
668 682 5fe 5ff
669 66a 600 5e7
669 683 5ff 600
66a 66b 601 5e8
66a 684 600 601
66b 66c 602 5e9
66b 685 601 602
66c 66d 603 5ea
66c 686 602 603
66d 66e 604 5eb
66d 687 603 604
66e 66f 605 5ec
66e 688 604 605
66f 670 606 5ed
66f 689 605 606
670 671 607 5ee
670 68a 606 607
671 672 608 5ef
671 68b 607 608
672 673 609 5f0
672 68c 608 609
673 674 60a 5f1
673 68d 609 60a
674 675 60b 5f2
674 68e 60a 60b
675 676 60c 5f3
675 68f 60b 60c
676 677 60d 5f4
676 690 60c 60d
677 691 60d 60e
679 67b 610 5f7
679 693 60f 610
67b 67c 611 5f8
67b 695 610 611
67c 67d 612 5f9
67c 696 611 612
67d 67e 613 5fa
67d 697 612 613
67e 67f 614 5fb
67e 698 613 614
67f 680 615 5fc
67f 699 614 615
680 681 616 5fd
680 69a 615 616
681 682 617 5fe
681 69b 616 617
682 683 618 5ff
682 69c 617 618
683 684 619 600
683 69d 618 619
684 685 61a 601
684 69e 619 61a
685 686 61b 602
685 69f 61a 61b
686 687 61c 603
686 6a0 61b 61c
687 688 61d 604
687 6a1 61c 61d
688 689 61e 605
688 6a2 61d 61e
689 68a 61f 606
689 6a3 61e 61f
68a 68b 620 607
68a 6a4 61f 620
68b 68c 621 608
68b 6a5 620 621
68c 68d 622 609
68c 6a6 621 622
68d 68e 623 60a
68d 6a7 622 623
68e 68f 624 60b
68e 6a8 623 624
68f 690 625 60c
68f 6a9 624 625
690 691 626 60d
690 6aa 625 626
691 6ab 626 627
693 695 629 610
693 6ad 628 629
695 696 62a 611
695 6af 629 62a
696 697 62b 612
696 6b0 62a 62b
697 698 62c 613
697 6b1 62b 62c
698 699 62d 614
698 6b2 62c 62d
699 69a 62e 615
699 6b3 62d 62e
69a 69b 62f 616
69a 6b4 62e 62f
69b 69c 630 617
69b 6b5 62f 630
69c 69d 631 618
69c 6b6 630 631
69d 69e 632 619
69d 6b7 631 632
69e 69f 633 61a
69e 6b8 632 633
69f 6a0 634 61b
69f 6b9 633 634
6a0 6a1 635 61c
6a0 6ba 634 635
6a1 6a2 636 61d
6a1 6bb 635 636
6a2 6a3 637 61e
6a2 6bc 636 637
6a3 6a4 638 61f
6a3 6bd 637 638
6a4 6a5 639 620
6a4 6be 638 639
6a5 6a6 63a 621
6a5 6bf 639 63a
6a6 6a7 63b 622
6a6 6c0 63a 63b
6a7 6a8 63c 623
6a7 6c1 63b 63c
6a8 6a9 63d 624
6a8 6c2 63c 63d
6a9 6aa 63e 625
6a9 6c3 63d 63e
6aa 6ab 63f 626
6aa 6c4 63e 63f
6ab 6c5 63f 640
6ad 6af 642 629
6af 6b0 643 62a
6b0 6b1 644 62b
6b1 6b2 645 62c
6b2 6b3 646 62d
6b3 6b4 647 62e
6b4 6b5 648 62f
6b5 6b6 649 630
6b6 6b7 64a 631
6b7 6b8 64b 632
6b8 6b9 64c 633
6b9 6ba 64d 634
6ba 6bb 64e 635
6bb 6bc 64f 636
6bc 6bd 650 637
6bd 6be 651 638
6be 6bf 652 639
6bf 6c0 653 63a
6c0 6c1 654 63b
6c1 6c2 655 63c
6c2 6c3 656 63d
6c3 6c4 657 63e
6c4 6c5 658 63f
))
(13 (1 c48 c8b 7 2)
(
2ae 2af 271 0
2af 2b5 276 0
2b5 2bb 27b 0
2bb 2c1 280 0
2c1 2c7 285 0
2c7 2cd 28a 0
2cd 2d3 28f 0
2d3 2d4 290 0
2d4 2d6 291 0
2d6 2d8 292 0
2d8 2da 293 0
2da 23e 294 0
23e 23f 1fd 0
23f 24a 207 0
24a 255 211 0
255 260 21b 0
260 26b 225 0
26b 276 22f 0
276 281 239 0
281 282 23a 0
282 284 23b 0
284 1ee 23c 0
1ee 1c5 1b9 0
1c5 19c 191 0
19c 173 169 0
173 14a 141 0
14a 121 119 0
121 f8 f1 0
f8 cf c9 0
cf a6 a1 0
a6 7d 79 0
7d 54 51 0
54 4 29 0
1 4 0 1
36b 36c 320 0
36c 386 339 0
386 3a0 352 0
3a0 3ba 36b 0
3ba 3d4 384 0
3d4 3ee 39d 0
3ee 408 3b6 0
408 422 3cf 0
422 43c 3e8 0
43c 456 401 0
456 470 41a 0
470 48a 433 0
48a 6ae 641 0
6ae 694 628 0
694 67a 60f 0
67a 660 5f6 0
660 646 5dd 0
646 62c 5c4 0
62c 612 5ab 0
612 5f8 592 0
5f8 5de 579 0
5de 5c4 560 0
5c4 5aa 547 0
5aa 590 52e 0
590 576 515 0
576 55c 4fc 0
55c 542 4e3 0
542 528 4ca 0
528 50e 4b1 0
50e 4f4 498 0
4f4 4da 47f 0
4da 4c0 466 0
4c0 48e 44d 0
48b 48e 0 434
))
(13 (2 c8c ca4 3 2)
(
4bd 4bb 0 44c
4bb 4b9 0 44b
4b9 4b7 0 44a
4b7 4b5 0 449
4b5 4b3 0 448
4b3 4b1 0 447
4b1 4af 0 446
4af 4ad 0 445
4ad 4ab 0 444
4ab 4a9 0 443
4a9 4a7 0 442
4a7 4a5 0 441
4a5 4a3 0 440
4a3 4a1 0 43f
4a1 49f 0 43e
49f 49d 0 43d
49d 49b 0 43c
49b 499 0 43b
499 497 0 43a
497 495 0 439
495 493 0 438
493 491 0 437
491 48f 0 436
48f 48c 0 435
48b 48c 434 0
))
(13 (3 ca5 cba 3 2)
(
51 52 28 0
52 7b 50 0
7b a4 78 0
a4 cd a0 0
cd f6 c8 0
f6 11f f0 0
11f 148 118 0
148 171 140 0
171 19a 168 0
19a 1c3 190 0
1c3 1ec 1b8 0
1ec 215 1e0 0
215 323 2eb 0
323 32a 2f2 0
32a 331 2f9 0
331 338 300 0
338 2a4 307 0
2a4 2a5 26d 0
2a5 2a8 26e 0
2a8 2aa 26f 0
2aa 2ac 270 0
2ae 2ac 0 271
))
(13 (4 cbb cd3 3 2)
(
36b 369 0 320
369 367 0 31f
367 365 0 31e
365 363 0 31d
363 361 0 31c
361 35f 0 31b
35f 35d 0 31a
35d 35b 0 319
35b 359 0 318
359 357 0 317
357 355 0 316
355 353 0 315
353 351 0 314
351 34f 0 313
34f 34d 0 312
34d 34b 0 311
34b 349 0 310
349 347 0 30f
347 345 0 30e
345 343 0 30d
343 341 0 30c
341 33f 0 30b
33f 33d 0 30a
33d 33a 0 309
339 33a 308 0
))
(13 (5 cd4 cfb 3 2)
(
1 2 1 0
2 5 2 0
5 7 3 0
7 9 4 0
9 b 5 0
b d 6 0
d f 7 0
f 11 8 0
11 13 9 0
13 15 a 0
15 17 b 0
17 19 c 0
19 1b d 0
1b 1d e 0
1d 1f f 0
1f 21 10 0
21 23 11 0
23 25 12 0
25 27 13 0
27 29 14 0
29 2b 15 0
2b 2d 16 0
2d 2f 17 0
2f 31 18 0
31 33 19 0
33 35 1a 0
35 37 1b 0
37 39 1c 0
39 3b 1d 0
3b 3d 1e 0
3d 3f 1f 0
3f 41 20 0
41 43 21 0
43 45 22 0
45 47 23 0
47 49 24 0
49 4b 25 0
4b 4d 26 0
4d 4f 27 0
51 4f 0 28
))
(13 (6 cfc d1d 3 2)
(
4bd 4be 44c 0
4be 4d8 465 0
4d8 4f2 47e 0
4f2 50c 497 0
50c 526 4b0 0
526 540 4c9 0
540 55a 4e2 0
55a 574 4fb 0
574 58e 514 0
58e 5a8 52d 0
5a8 5c2 546 0
5c2 5dc 55f 0
5dc 5f6 578 0
5f6 610 591 0
610 62a 5aa 0
62a 644 5c3 0
644 65e 5dc 0
65e 678 5f5 0
678 692 60e 0
692 6ac 627 0
6ac 6c6 640 0
6c6 472 659 0
472 458 41b 0
458 43e 402 0
43e 424 3e9 0
424 40a 3d0 0
40a 3f0 3b7 0
3f0 3d6 39e 0
3d6 3bc 385 0
3bc 3a2 36c 0
3a2 388 353 0
388 36e 33a 0
36e 33c 321 0
339 33c 0 308
))

(0 "Cells:")
(12 (7 1 307 1 3))
(12 (8 308 659 1 3))

(0 "Zones:")
(45 (7 fluid cylinderTool)())
(45 (8 fluid flatBase)())
(45 (10 interior interior)())
(45 (1 symmetry symmetry)())
(45 (2 wall bottom)())
(45 (3 wall top)())
(45 (4 wall contact1)())
(45 (5 wall contact2)())
(45 (6 wall side)())

