/*--------------------------------*- C++ -*----------------------------------*\
| =========                 |                                                 |
| \\      /  F ield         | OpenFOAM: The Open Source CFD Toolbox           |
|  \\    /   O peration     | Version:  2412                                  |
|   \\  /    A nd           | Website:  www.openfoam.com                      |
|    \\/     M anipulation  |                                                 |
\*---------------------------------------------------------------------------*/
FoamFile
{
    version     2.0;
    format      ascii;
    arch        "LSB;label=32;scalar=64";
    class       volSymmTensorField;
    location    "51801860.86068268/fuelBehaviourRegion";
    object      intragranularGasSwelling;
}
// * * * * * * * * * * * * * * * * * * * * * * * * * * * * * * * * * * * * * //

dimensions      [0 0 0 0 0 0 0];

internalField   nonuniform List<symmTensor> 
4720
(
(2.96868e-05 0 0 2.96868e-05 0 2.96868e-05)
(2.96448e-05 0 0 2.96448e-05 0 2.96448e-05)
(2.95528e-05 0 0 2.95528e-05 0 2.95528e-05)
(2.94138e-05 0 0 2.94138e-05 0 2.94138e-05)
(2.92293e-05 0 0 2.92293e-05 0 2.92293e-05)
(2.90006e-05 0 0 2.90006e-05 0 2.90006e-05)
(2.87297e-05 0 0 2.87297e-05 0 2.87297e-05)
(2.84183e-05 0 0 2.84183e-05 0 2.84183e-05)
(2.80689e-05 0 0 2.80689e-05 0 2.80689e-05)
(2.76839e-05 0 0 2.76839e-05 0 2.76839e-05)
(2.7266e-05 0 0 2.7266e-05 0 2.7266e-05)
(2.68183e-05 0 0 2.68183e-05 0 2.68183e-05)
(2.63437e-05 0 0 2.63437e-05 0 2.63437e-05)
(2.58456e-05 0 0 2.58456e-05 0 2.58456e-05)
(2.53274e-05 0 0 2.53274e-05 0 2.53274e-05)
(2.47925e-05 0 0 2.47925e-05 0 2.47925e-05)
(2.42444e-05 0 0 2.42444e-05 0 2.42444e-05)
(2.36868e-05 0 0 2.36868e-05 0 2.36868e-05)
(2.31231e-05 0 0 2.31231e-05 0 2.31231e-05)
(2.25568e-05 0 0 2.25568e-05 0 2.25568e-05)
(2.19912e-05 0 0 2.19912e-05 0 2.19912e-05)
(2.14296e-05 0 0 2.14296e-05 0 2.14296e-05)
(2.08751e-05 0 0 2.08751e-05 0 2.08751e-05)
(2.03306e-05 0 0 2.03306e-05 0 2.03306e-05)
(1.97988e-05 0 0 1.97988e-05 0 1.97988e-05)
(1.9282e-05 0 0 1.9282e-05 0 1.9282e-05)
(1.87826e-05 0 0 1.87826e-05 0 1.87826e-05)
(1.83024e-05 0 0 1.83024e-05 0 1.83024e-05)
(1.78432e-05 0 0 1.78432e-05 0 1.78432e-05)
(1.74062e-05 0 0 1.74062e-05 0 1.74062e-05)
(2.97909e-05 0 0 2.97909e-05 0 2.97909e-05)
(2.97487e-05 0 0 2.97487e-05 0 2.97487e-05)
(2.96562e-05 0 0 2.96562e-05 0 2.96562e-05)
(2.95163e-05 0 0 2.95163e-05 0 2.95163e-05)
(2.93307e-05 0 0 2.93307e-05 0 2.93307e-05)
(2.91007e-05 0 0 2.91007e-05 0 2.91007e-05)
(2.88282e-05 0 0 2.88282e-05 0 2.88282e-05)
(2.8515e-05 0 0 2.8515e-05 0 2.8515e-05)
(2.81635e-05 0 0 2.81635e-05 0 2.81635e-05)
(2.77763e-05 0 0 2.77763e-05 0 2.77763e-05)
(2.73559e-05 0 0 2.73559e-05 0 2.73559e-05)
(2.69055e-05 0 0 2.69055e-05 0 2.69055e-05)
(2.64281e-05 0 0 2.64281e-05 0 2.64281e-05)
(2.5927e-05 0 0 2.5927e-05 0 2.5927e-05)
(2.54056e-05 0 0 2.54056e-05 0 2.54056e-05)
(2.48675e-05 0 0 2.48675e-05 0 2.48675e-05)
(2.43161e-05 0 0 2.43161e-05 0 2.43161e-05)
(2.3755e-05 0 0 2.3755e-05 0 2.3755e-05)
(2.31879e-05 0 0 2.31879e-05 0 2.31879e-05)
(2.26181e-05 0 0 2.26181e-05 0 2.26181e-05)
(2.2049e-05 0 0 2.2049e-05 0 2.2049e-05)
(2.14839e-05 0 0 2.14839e-05 0 2.14839e-05)
(2.09259e-05 0 0 2.09259e-05 0 2.09259e-05)
(2.03779e-05 0 0 2.03779e-05 0 2.03779e-05)
(1.98427e-05 0 0 1.98427e-05 0 1.98427e-05)
(1.93226e-05 0 0 1.93226e-05 0 1.93226e-05)
(1.882e-05 0 0 1.882e-05 0 1.882e-05)
(1.83367e-05 0 0 1.83367e-05 0 1.83367e-05)
(1.78745e-05 0 0 1.78745e-05 0 1.78745e-05)
(1.74347e-05 0 0 1.74347e-05 0 1.74347e-05)
(3.01322e-05 0 0 3.01322e-05 0 3.01322e-05)
(3.00893e-05 0 0 3.00893e-05 0 3.00893e-05)
(2.99953e-05 0 0 2.99953e-05 0 2.99953e-05)
(2.98533e-05 0 0 2.98533e-05 0 2.98533e-05)
(2.96647e-05 0 0 2.96647e-05 0 2.96647e-05)
(2.94311e-05 0 0 2.94311e-05 0 2.94311e-05)
(2.91541e-05 0 0 2.91541e-05 0 2.91541e-05)
(2.88359e-05 0 0 2.88359e-05 0 2.88359e-05)
(2.84787e-05 0 0 2.84787e-05 0 2.84787e-05)
(2.80851e-05 0 0 2.80851e-05 0 2.80851e-05)
(2.76578e-05 0 0 2.76578e-05 0 2.76578e-05)
(2.71998e-05 0 0 2.71998e-05 0 2.71998e-05)
(2.67144e-05 0 0 2.67144e-05 0 2.67144e-05)
(2.62048e-05 0 0 2.62048e-05 0 2.62048e-05)
(2.56745e-05 0 0 2.56745e-05 0 2.56745e-05)
(2.5127e-05 0 0 2.5127e-05 0 2.5127e-05)
(2.45659e-05 0 0 2.45659e-05 0 2.45659e-05)
(2.39948e-05 0 0 2.39948e-05 0 2.39948e-05)
(2.34173e-05 0 0 2.34173e-05 0 2.34173e-05)
(2.2837e-05 0 0 2.2837e-05 0 2.2837e-05)
(2.22573e-05 0 0 2.22573e-05 0 2.22573e-05)
(2.16815e-05 0 0 2.16815e-05 0 2.16815e-05)
(2.11128e-05 0 0 2.11128e-05 0 2.11128e-05)
(2.05541e-05 0 0 2.05541e-05 0 2.05541e-05)
(2.00082e-05 0 0 2.00082e-05 0 2.00082e-05)
(1.94776e-05 0 0 1.94776e-05 0 1.94776e-05)
(1.89646e-05 0 0 1.89646e-05 0 1.89646e-05)
(1.84711e-05 0 0 1.84711e-05 0 1.84711e-05)
(1.7999e-05 0 0 1.7999e-05 0 1.7999e-05)
(1.75496e-05 0 0 1.75496e-05 0 1.75496e-05)
(3.02861e-05 0 0 3.02861e-05 0 3.02861e-05)
(3.02429e-05 0 0 3.02429e-05 0 3.02429e-05)
(3.01481e-05 0 0 3.01481e-05 0 3.01481e-05)
(3.00049e-05 0 0 3.00049e-05 0 3.00049e-05)
(2.98148e-05 0 0 2.98148e-05 0 2.98148e-05)
(2.95792e-05 0 0 2.95792e-05 0 2.95792e-05)
(2.93e-05 0 0 2.93e-05 0 2.93e-05)
(2.89792e-05 0 0 2.89792e-05 0 2.89792e-05)
(2.8619e-05 0 0 2.8619e-05 0 2.8619e-05)
(2.82221e-05 0 0 2.82221e-05 0 2.82221e-05)
(2.77913e-05 0 0 2.77913e-05 0 2.77913e-05)
(2.73295e-05 0 0 2.73295e-05 0 2.73295e-05)
(2.684e-05 0 0 2.684e-05 0 2.684e-05)
(2.63261e-05 0 0 2.63261e-05 0 2.63261e-05)
(2.57913e-05 0 0 2.57913e-05 0 2.57913e-05)
(2.52391e-05 0 0 2.52391e-05 0 2.52391e-05)
(2.46732e-05 0 0 2.46732e-05 0 2.46732e-05)
(2.40972e-05 0 0 2.40972e-05 0 2.40972e-05)
(2.35147e-05 0 0 2.35147e-05 0 2.35147e-05)
(2.29293e-05 0 0 2.29293e-05 0 2.29293e-05)
(2.23444e-05 0 0 2.23444e-05 0 2.23444e-05)
(2.17635e-05 0 0 2.17635e-05 0 2.17635e-05)
(2.11897e-05 0 0 2.11897e-05 0 2.11897e-05)
(2.06259e-05 0 0 2.06259e-05 0 2.06259e-05)
(2.00751e-05 0 0 2.00751e-05 0 2.00751e-05)
(1.95396e-05 0 0 1.95396e-05 0 1.95396e-05)
(1.90219e-05 0 0 1.90219e-05 0 1.90219e-05)
(1.85239e-05 0 0 1.85239e-05 0 1.85239e-05)
(1.80473e-05 0 0 1.80473e-05 0 1.80473e-05)
(1.75937e-05 0 0 1.75937e-05 0 1.75937e-05)
(3.0371e-05 0 0 3.0371e-05 0 3.0371e-05)
(3.03276e-05 0 0 3.03276e-05 0 3.03276e-05)
(3.02323e-05 0 0 3.02323e-05 0 3.02323e-05)
(3.00885e-05 0 0 3.00885e-05 0 3.00885e-05)
(2.98975e-05 0 0 2.98975e-05 0 2.98975e-05)
(2.96609e-05 0 0 2.96609e-05 0 2.96609e-05)
(2.93805e-05 0 0 2.93805e-05 0 2.93805e-05)
(2.90582e-05 0 0 2.90582e-05 0 2.90582e-05)
(2.86964e-05 0 0 2.86964e-05 0 2.86964e-05)
(2.82978e-05 0 0 2.82978e-05 0 2.82978e-05)
(2.7865e-05 0 0 2.7865e-05 0 2.7865e-05)
(2.74011e-05 0 0 2.74011e-05 0 2.74011e-05)
(2.69094e-05 0 0 2.69094e-05 0 2.69094e-05)
(2.63932e-05 0 0 2.63932e-05 0 2.63932e-05)
(2.58559e-05 0 0 2.58559e-05 0 2.58559e-05)
(2.53012e-05 0 0 2.53012e-05 0 2.53012e-05)
(2.47327e-05 0 0 2.47327e-05 0 2.47327e-05)
(2.41541e-05 0 0 2.41541e-05 0 2.41541e-05)
(2.35689e-05 0 0 2.35689e-05 0 2.35689e-05)
(2.29808e-05 0 0 2.29808e-05 0 2.29808e-05)
(2.23933e-05 0 0 2.23933e-05 0 2.23933e-05)
(2.18097e-05 0 0 2.18097e-05 0 2.18097e-05)
(2.12331e-05 0 0 2.12331e-05 0 2.12331e-05)
(2.06667e-05 0 0 2.06667e-05 0 2.06667e-05)
(2.01133e-05 0 0 2.01133e-05 0 2.01133e-05)
(1.95753e-05 0 0 1.95753e-05 0 1.95753e-05)
(1.90551e-05 0 0 1.90551e-05 0 1.90551e-05)
(1.85546e-05 0 0 1.85546e-05 0 1.85546e-05)
(1.80758e-05 0 0 1.80758e-05 0 1.80758e-05)
(1.76199e-05 0 0 1.76199e-05 0 1.76199e-05)
(3.04595e-05 0 0 3.04595e-05 0 3.04595e-05)
(3.04153e-05 0 0 3.04153e-05 0 3.04153e-05)
(3.03182e-05 0 0 3.03182e-05 0 3.03182e-05)
(3.01717e-05 0 0 3.01717e-05 0 3.01717e-05)
(2.99772e-05 0 0 2.99772e-05 0 2.99772e-05)
(2.97362e-05 0 0 2.97362e-05 0 2.97362e-05)
(2.94506e-05 0 0 2.94506e-05 0 2.94506e-05)
(2.91225e-05 0 0 2.91225e-05 0 2.91225e-05)
(2.87543e-05 0 0 2.87543e-05 0 2.87543e-05)
(2.83487e-05 0 0 2.83487e-05 0 2.83487e-05)
(2.79085e-05 0 0 2.79085e-05 0 2.79085e-05)
(2.74369e-05 0 0 2.74369e-05 0 2.74369e-05)
(2.69372e-05 0 0 2.69372e-05 0 2.69372e-05)
(2.64128e-05 0 0 2.64128e-05 0 2.64128e-05)
(2.58673e-05 0 0 2.58673e-05 0 2.58673e-05)
(2.53044e-05 0 0 2.53044e-05 0 2.53044e-05)
(2.47279e-05 0 0 2.47279e-05 0 2.47279e-05)
(2.41415e-05 0 0 2.41415e-05 0 2.41415e-05)
(2.35489e-05 0 0 2.35489e-05 0 2.35489e-05)
(2.29537e-05 0 0 2.29537e-05 0 2.29537e-05)
(2.23597e-05 0 0 2.23597e-05 0 2.23597e-05)
(2.177e-05 0 0 2.177e-05 0 2.177e-05)
(2.11881e-05 0 0 2.11881e-05 0 2.11881e-05)
(2.0617e-05 0 0 2.0617e-05 0 2.0617e-05)
(2.00595e-05 0 0 2.00595e-05 0 2.00595e-05)
(1.95182e-05 0 0 1.95182e-05 0 1.95182e-05)
(1.89953e-05 0 0 1.89953e-05 0 1.89953e-05)
(1.8493e-05 0 0 1.8493e-05 0 1.8493e-05)
(1.80129e-05 0 0 1.80129e-05 0 1.80129e-05)
(1.75565e-05 0 0 1.75565e-05 0 1.75565e-05)
(3.75887e-05 0 0 3.75887e-05 0 3.75887e-05)
(3.75284e-05 0 0 3.75284e-05 0 3.75284e-05)
(3.73962e-05 0 0 3.73962e-05 0 3.73962e-05)
(3.71965e-05 0 0 3.71965e-05 0 3.71965e-05)
(3.69315e-05 0 0 3.69315e-05 0 3.69315e-05)
(3.66031e-05 0 0 3.66031e-05 0 3.66031e-05)
(3.6214e-05 0 0 3.6214e-05 0 3.6214e-05)
(3.5767e-05 0 0 3.5767e-05 0 3.5767e-05)
(3.52653e-05 0 0 3.52653e-05 0 3.52653e-05)
(3.47127e-05 0 0 3.47127e-05 0 3.47127e-05)
(3.4113e-05 0 0 3.4113e-05 0 3.4113e-05)
(3.34706e-05 0 0 3.34706e-05 0 3.34706e-05)
(3.279e-05 0 0 3.279e-05 0 3.279e-05)
(3.2076e-05 0 0 3.2076e-05 0 3.2076e-05)
(3.13335e-05 0 0 3.13335e-05 0 3.13335e-05)
(3.05677e-05 0 0 3.05677e-05 0 3.05677e-05)
(2.97835e-05 0 0 2.97835e-05 0 2.97835e-05)
(2.89863e-05 0 0 2.89863e-05 0 2.89863e-05)
(2.81812e-05 0 0 2.81812e-05 0 2.81812e-05)
(2.73733e-05 0 0 2.73733e-05 0 2.73733e-05)
(2.65674e-05 0 0 2.65674e-05 0 2.65674e-05)
(2.57684e-05 0 0 2.57684e-05 0 2.57684e-05)
(2.49809e-05 0 0 2.49809e-05 0 2.49809e-05)
(2.42091e-05 0 0 2.42091e-05 0 2.42091e-05)
(2.34568e-05 0 0 2.34568e-05 0 2.34568e-05)
(2.27278e-05 0 0 2.27278e-05 0 2.27278e-05)
(2.20251e-05 0 0 2.20251e-05 0 2.20251e-05)
(2.13515e-05 0 0 2.13515e-05 0 2.13515e-05)
(2.07094e-05 0 0 2.07094e-05 0 2.07094e-05)
(2.01007e-05 0 0 2.01007e-05 0 2.01007e-05)
(3.92636e-05 0 0 3.92636e-05 0 3.92636e-05)
(3.91993e-05 0 0 3.91993e-05 0 3.91993e-05)
(3.90583e-05 0 0 3.90583e-05 0 3.90583e-05)
(3.88453e-05 0 0 3.88453e-05 0 3.88453e-05)
(3.85626e-05 0 0 3.85626e-05 0 3.85626e-05)
(3.82123e-05 0 0 3.82123e-05 0 3.82123e-05)
(3.77971e-05 0 0 3.77971e-05 0 3.77971e-05)
(3.732e-05 0 0 3.732e-05 0 3.732e-05)
(3.67846e-05 0 0 3.67846e-05 0 3.67846e-05)
(3.61946e-05 0 0 3.61946e-05 0 3.61946e-05)
(3.55543e-05 0 0 3.55543e-05 0 3.55543e-05)
(3.48682e-05 0 0 3.48682e-05 0 3.48682e-05)
(3.41412e-05 0 0 3.41412e-05 0 3.41412e-05)
(3.33783e-05 0 0 3.33783e-05 0 3.33783e-05)
(3.25847e-05 0 0 3.25847e-05 0 3.25847e-05)
(3.17658e-05 0 0 3.17658e-05 0 3.17658e-05)
(3.09272e-05 0 0 3.09272e-05 0 3.09272e-05)
(3.00744e-05 0 0 3.00744e-05 0 3.00744e-05)
(2.92128e-05 0 0 2.92128e-05 0 2.92128e-05)
(2.83479e-05 0 0 2.83479e-05 0 2.83479e-05)
(2.74849e-05 0 0 2.74849e-05 0 2.74849e-05)
(2.66289e-05 0 0 2.66289e-05 0 2.66289e-05)
(2.57849e-05 0 0 2.57849e-05 0 2.57849e-05)
(2.49573e-05 0 0 2.49573e-05 0 2.49573e-05)
(2.41506e-05 0 0 2.41506e-05 0 2.41506e-05)
(2.33683e-05 0 0 2.33683e-05 0 2.33683e-05)
(2.26141e-05 0 0 2.26141e-05 0 2.26141e-05)
(2.18909e-05 0 0 2.18909e-05 0 2.18909e-05)
(2.12013e-05 0 0 2.12013e-05 0 2.12013e-05)
(2.05472e-05 0 0 2.05472e-05 0 2.05472e-05)
(3.96409e-05 0 0 3.96409e-05 0 3.96409e-05)
(3.95756e-05 0 0 3.95756e-05 0 3.95756e-05)
(3.94324e-05 0 0 3.94324e-05 0 3.94324e-05)
(3.92162e-05 0 0 3.92162e-05 0 3.92162e-05)
(3.8929e-05 0 0 3.8929e-05 0 3.8929e-05)
(3.85733e-05 0 0 3.85733e-05 0 3.85733e-05)
(3.81517e-05 0 0 3.81517e-05 0 3.81517e-05)
(3.76672e-05 0 0 3.76672e-05 0 3.76672e-05)
(3.71235e-05 0 0 3.71235e-05 0 3.71235e-05)
(3.65244e-05 0 0 3.65244e-05 0 3.65244e-05)
(3.58742e-05 0 0 3.58742e-05 0 3.58742e-05)
(3.51774e-05 0 0 3.51774e-05 0 3.51774e-05)
(3.44391e-05 0 0 3.44391e-05 0 3.44391e-05)
(3.36643e-05 0 0 3.36643e-05 0 3.36643e-05)
(3.28583e-05 0 0 3.28583e-05 0 3.28583e-05)
(3.20267e-05 0 0 3.20267e-05 0 3.20267e-05)
(3.1175e-05 0 0 3.1175e-05 0 3.1175e-05)
(3.03088e-05 0 0 3.03088e-05 0 3.03088e-05)
(2.94337e-05 0 0 2.94337e-05 0 2.94337e-05)
(2.85552e-05 0 0 2.85552e-05 0 2.85552e-05)
(2.76787e-05 0 0 2.76787e-05 0 2.76787e-05)
(2.68094e-05 0 0 2.68094e-05 0 2.68094e-05)
(2.59521e-05 0 0 2.59521e-05 0 2.59521e-05)
(2.51117e-05 0 0 2.51117e-05 0 2.51117e-05)
(2.42923e-05 0 0 2.42923e-05 0 2.42923e-05)
(2.34979e-05 0 0 2.34979e-05 0 2.34979e-05)
(2.2732e-05 0 0 2.2732e-05 0 2.2732e-05)
(2.19976e-05 0 0 2.19976e-05 0 2.19976e-05)
(2.12973e-05 0 0 2.12973e-05 0 2.12973e-05)
(2.06332e-05 0 0 2.06332e-05 0 2.06332e-05)
(3.98272e-05 0 0 3.98272e-05 0 3.98272e-05)
(3.97614e-05 0 0 3.97614e-05 0 3.97614e-05)
(3.96173e-05 0 0 3.96173e-05 0 3.96173e-05)
(3.93996e-05 0 0 3.93996e-05 0 3.93996e-05)
(3.91105e-05 0 0 3.91105e-05 0 3.91105e-05)
(3.87523e-05 0 0 3.87523e-05 0 3.87523e-05)
(3.83278e-05 0 0 3.83278e-05 0 3.83278e-05)
(3.784e-05 0 0 3.784e-05 0 3.784e-05)
(3.72925e-05 0 0 3.72925e-05 0 3.72925e-05)
(3.66893e-05 0 0 3.66893e-05 0 3.66893e-05)
(3.60345e-05 0 0 3.60345e-05 0 3.60345e-05)
(3.53329e-05 0 0 3.53329e-05 0 3.53329e-05)
(3.45894e-05 0 0 3.45894e-05 0 3.45894e-05)
(3.38091e-05 0 0 3.38091e-05 0 3.38091e-05)
(3.29975e-05 0 0 3.29975e-05 0 3.29975e-05)
(3.216e-05 0 0 3.216e-05 0 3.216e-05)
(3.13022e-05 0 0 3.13022e-05 0 3.13022e-05)
(3.04298e-05 0 0 3.04298e-05 0 3.04298e-05)
(2.95484e-05 0 0 2.95484e-05 0 2.95484e-05)
(2.86636e-05 0 0 2.86636e-05 0 2.86636e-05)
(2.77807e-05 0 0 2.77807e-05 0 2.77807e-05)
(2.6905e-05 0 0 2.6905e-05 0 2.6905e-05)
(2.60415e-05 0 0 2.60415e-05 0 2.60415e-05)
(2.51948e-05 0 0 2.51948e-05 0 2.51948e-05)
(2.43693e-05 0 0 2.43693e-05 0 2.43693e-05)
(2.3569e-05 0 0 2.3569e-05 0 2.3569e-05)
(2.27973e-05 0 0 2.27973e-05 0 2.27973e-05)
(2.20574e-05 0 0 2.20574e-05 0 2.20574e-05)
(2.13518e-05 0 0 2.13518e-05 0 2.13518e-05)
(2.06826e-05 0 0 2.06826e-05 0 2.06826e-05)
(4.01171e-05 0 0 4.01171e-05 0 4.01171e-05)
(4.00506e-05 0 0 4.00506e-05 0 4.00506e-05)
(3.99047e-05 0 0 3.99047e-05 0 3.99047e-05)
(3.96843e-05 0 0 3.96843e-05 0 3.96843e-05)
(3.93917e-05 0 0 3.93917e-05 0 3.93917e-05)
(3.90292e-05 0 0 3.90292e-05 0 3.90292e-05)
(3.85995e-05 0 0 3.85995e-05 0 3.85995e-05)
(3.81058e-05 0 0 3.81058e-05 0 3.81058e-05)
(3.75517e-05 0 0 3.75517e-05 0 3.75517e-05)
(3.69412e-05 0 0 3.69412e-05 0 3.69412e-05)
(3.62785e-05 0 0 3.62785e-05 0 3.62785e-05)
(3.55685e-05 0 0 3.55685e-05 0 3.55685e-05)
(3.48161e-05 0 0 3.48161e-05 0 3.48161e-05)
(3.40264e-05 0 0 3.40264e-05 0 3.40264e-05)
(3.32051e-05 0 0 3.32051e-05 0 3.32051e-05)
(3.23576e-05 0 0 3.23576e-05 0 3.23576e-05)
(3.14897e-05 0 0 3.14897e-05 0 3.14897e-05)
(3.0607e-05 0 0 3.0607e-05 0 3.0607e-05)
(2.97152e-05 0 0 2.97152e-05 0 2.97152e-05)
(2.882e-05 0 0 2.882e-05 0 2.882e-05)
(2.79268e-05 0 0 2.79268e-05 0 2.79268e-05)
(2.7041e-05 0 0 2.7041e-05 0 2.7041e-05)
(2.61674e-05 0 0 2.61674e-05 0 2.61674e-05)
(2.5311e-05 0 0 2.5311e-05 0 2.5311e-05)
(2.44761e-05 0 0 2.44761e-05 0 2.44761e-05)
(2.36667e-05 0 0 2.36667e-05 0 2.36667e-05)
(2.28864e-05 0 0 2.28864e-05 0 2.28864e-05)
(2.21381e-05 0 0 2.21381e-05 0 2.21381e-05)
(2.14247e-05 0 0 2.14247e-05 0 2.14247e-05)
(2.07482e-05 0 0 2.07482e-05 0 2.07482e-05)
(4.16996e-05 0 0 4.16996e-05 0 4.16996e-05)
(4.16273e-05 0 0 4.16273e-05 0 4.16273e-05)
(4.14689e-05 0 0 4.14689e-05 0 4.14689e-05)
(4.12296e-05 0 0 4.12296e-05 0 4.12296e-05)
(4.09119e-05 0 0 4.09119e-05 0 4.09119e-05)
(4.05185e-05 0 0 4.05185e-05 0 4.05185e-05)
(4.00523e-05 0 0 4.00523e-05 0 4.00523e-05)
(3.95169e-05 0 0 3.95169e-05 0 3.95169e-05)
(3.89161e-05 0 0 3.89161e-05 0 3.89161e-05)
(3.82545e-05 0 0 3.82545e-05 0 3.82545e-05)
(3.75368e-05 0 0 3.75368e-05 0 3.75368e-05)
(3.67682e-05 0 0 3.67682e-05 0 3.67682e-05)
(3.59543e-05 0 0 3.59543e-05 0 3.59543e-05)
(3.51008e-05 0 0 3.51008e-05 0 3.51008e-05)
(3.42137e-05 0 0 3.42137e-05 0 3.42137e-05)
(3.32993e-05 0 0 3.32993e-05 0 3.32993e-05)
(3.23637e-05 0 0 3.23637e-05 0 3.23637e-05)
(3.14132e-05 0 0 3.14132e-05 0 3.14132e-05)
(3.04542e-05 0 0 3.04542e-05 0 3.04542e-05)
(2.94927e-05 0 0 2.94927e-05 0 2.94927e-05)
(2.85347e-05 0 0 2.85347e-05 0 2.85347e-05)
(2.75859e-05 0 0 2.75859e-05 0 2.75859e-05)
(2.66519e-05 0 0 2.66519e-05 0 2.66519e-05)
(2.57378e-05 0 0 2.57378e-05 0 2.57378e-05)
(2.48483e-05 0 0 2.48483e-05 0 2.48483e-05)
(2.39877e-05 0 0 2.39877e-05 0 2.39877e-05)
(2.31598e-05 0 0 2.31598e-05 0 2.31598e-05)
(2.23678e-05 0 0 2.23678e-05 0 2.23678e-05)
(2.16144e-05 0 0 2.16144e-05 0 2.16144e-05)
(2.09019e-05 0 0 2.09019e-05 0 2.09019e-05)
(7.42344e-05 0 0 7.42344e-05 0 7.42344e-05)
(7.40809e-05 0 0 7.40809e-05 0 7.40809e-05)
(7.37444e-05 0 0 7.37444e-05 0 7.37444e-05)
(7.32361e-05 0 0 7.32361e-05 0 7.32361e-05)
(7.25609e-05 0 0 7.25609e-05 0 7.25609e-05)
(7.17242e-05 0 0 7.17242e-05 0 7.17242e-05)
(7.07322e-05 0 0 7.07322e-05 0 7.07322e-05)
(6.95919e-05 0 0 6.95919e-05 0 6.95919e-05)
(6.83116e-05 0 0 6.83116e-05 0 6.83116e-05)
(6.69004e-05 0 0 6.69004e-05 0 6.69004e-05)
(6.53682e-05 0 0 6.53682e-05 0 6.53682e-05)
(6.37259e-05 0 0 6.37259e-05 0 6.37259e-05)
(6.19852e-05 0 0 6.19852e-05 0 6.19852e-05)
(6.01582e-05 0 0 6.01582e-05 0 6.01582e-05)
(5.8258e-05 0 0 5.8258e-05 0 5.8258e-05)
(5.62978e-05 0 0 5.62978e-05 0 5.62978e-05)
(5.42913e-05 0 0 5.42913e-05 0 5.42913e-05)
(5.22524e-05 0 0 5.22524e-05 0 5.22524e-05)
(5.0195e-05 0 0 5.0195e-05 0 5.0195e-05)
(4.81329e-05 0 0 4.81329e-05 0 4.81329e-05)
(4.60796e-05 0 0 4.60796e-05 0 4.60796e-05)
(4.40483e-05 0 0 4.40483e-05 0 4.40483e-05)
(4.20515e-05 0 0 4.20515e-05 0 4.20515e-05)
(4.01011e-05 0 0 4.01011e-05 0 4.01011e-05)
(3.82081e-05 0 0 3.82081e-05 0 3.82081e-05)
(3.63823e-05 0 0 3.63823e-05 0 3.63823e-05)
(3.46326e-05 0 0 3.46326e-05 0 3.46326e-05)
(3.29666e-05 0 0 3.29666e-05 0 3.29666e-05)
(3.13906e-05 0 0 3.13906e-05 0 3.13906e-05)
(2.99097e-05 0 0 2.99097e-05 0 2.99097e-05)
(8.10241e-05 0 0 8.10241e-05 0 8.10241e-05)
(8.08531e-05 0 0 8.08531e-05 0 8.08531e-05)
(8.04782e-05 0 0 8.04782e-05 0 8.04782e-05)
(7.99118e-05 0 0 7.99118e-05 0 7.99118e-05)
(7.91595e-05 0 0 7.91595e-05 0 7.91595e-05)
(7.8227e-05 0 0 7.8227e-05 0 7.8227e-05)
(7.71211e-05 0 0 7.71211e-05 0 7.71211e-05)
(7.58496e-05 0 0 7.58496e-05 0 7.58496e-05)
(7.44214e-05 0 0 7.44214e-05 0 7.44214e-05)
(7.28467e-05 0 0 7.28467e-05 0 7.28467e-05)
(7.11364e-05 0 0 7.11364e-05 0 7.11364e-05)
(6.93025e-05 0 0 6.93025e-05 0 6.93025e-05)
(6.73579e-05 0 0 6.73579e-05 0 6.73579e-05)
(6.53162e-05 0 0 6.53162e-05 0 6.53162e-05)
(6.31916e-05 0 0 6.31916e-05 0 6.31916e-05)
(6.09989e-05 0 0 6.09989e-05 0 6.09989e-05)
(5.87532e-05 0 0 5.87532e-05 0 5.87532e-05)
(5.64701e-05 0 0 5.64701e-05 0 5.64701e-05)
(5.41651e-05 0 0 5.41651e-05 0 5.41651e-05)
(5.18536e-05 0 0 5.18536e-05 0 5.18536e-05)
(4.9551e-05 0 0 4.9551e-05 0 4.9551e-05)
(4.72718e-05 0 0 4.72718e-05 0 4.72718e-05)
(4.50305e-05 0 0 4.50305e-05 0 4.50305e-05)
(4.28403e-05 0 0 4.28403e-05 0 4.28403e-05)
(4.07137e-05 0 0 4.07137e-05 0 4.07137e-05)
(3.8662e-05 0 0 3.8662e-05 0 3.8662e-05)
(3.66953e-05 0 0 3.66953e-05 0 3.66953e-05)
(3.48223e-05 0 0 3.48223e-05 0 3.48223e-05)
(3.30503e-05 0 0 3.30503e-05 0 3.30503e-05)
(3.13849e-05 0 0 3.13849e-05 0 3.13849e-05)
(8.22914e-05 0 0 8.22914e-05 0 8.22914e-05)
(8.2117e-05 0 0 8.2117e-05 0 8.2117e-05)
(8.17347e-05 0 0 8.17347e-05 0 8.17347e-05)
(8.11571e-05 0 0 8.11571e-05 0 8.11571e-05)
(8.03899e-05 0 0 8.03899e-05 0 8.03899e-05)
(7.94388e-05 0 0 7.94388e-05 0 7.94388e-05)
(7.83109e-05 0 0 7.83109e-05 0 7.83109e-05)
(7.70141e-05 0 0 7.70141e-05 0 7.70141e-05)
(7.55574e-05 0 0 7.55574e-05 0 7.55574e-05)
(7.39511e-05 0 0 7.39511e-05 0 7.39511e-05)
(7.22064e-05 0 0 7.22064e-05 0 7.22064e-05)
(7.03356e-05 0 0 7.03356e-05 0 7.03356e-05)
(6.83517e-05 0 0 6.83517e-05 0 6.83517e-05)
(6.62687e-05 0 0 6.62687e-05 0 6.62687e-05)
(6.41009e-05 0 0 6.41009e-05 0 6.41009e-05)
(6.18635e-05 0 0 6.18635e-05 0 6.18635e-05)
(5.9572e-05 0 0 5.9572e-05 0 5.9572e-05)
(5.72421e-05 0 0 5.72421e-05 0 5.72421e-05)
(5.48896e-05 0 0 5.48896e-05 0 5.48896e-05)
(5.25305e-05 0 0 5.25305e-05 0 5.25305e-05)
(5.01803e-05 0 0 5.01803e-05 0 5.01803e-05)
(4.7854e-05 0 0 4.7854e-05 0 4.7854e-05)
(4.55662e-05 0 0 4.55662e-05 0 4.55662e-05)
(4.33306e-05 0 0 4.33306e-05 0 4.33306e-05)
(4.11599e-05 0 0 4.11599e-05 0 4.11599e-05)
(3.90657e-05 0 0 3.90657e-05 0 3.90657e-05)
(3.70583e-05 0 0 3.70583e-05 0 3.70583e-05)
(3.51466e-05 0 0 3.51466e-05 0 3.51466e-05)
(3.33381e-05 0 0 3.33381e-05 0 3.33381e-05)
(3.16386e-05 0 0 3.16386e-05 0 3.16386e-05)
(8.28278e-05 0 0 8.28278e-05 0 8.28278e-05)
(8.26522e-05 0 0 8.26522e-05 0 8.26522e-05)
(8.22671e-05 0 0 8.22671e-05 0 8.22671e-05)
(8.16854e-05 0 0 8.16854e-05 0 8.16854e-05)
(8.09125e-05 0 0 8.09125e-05 0 8.09125e-05)
(7.99546e-05 0 0 7.99546e-05 0 7.99546e-05)
(7.88184e-05 0 0 7.88184e-05 0 7.88184e-05)
(7.75121e-05 0 0 7.75121e-05 0 7.75121e-05)
(7.60447e-05 0 0 7.60447e-05 0 7.60447e-05)
(7.44265e-05 0 0 7.44265e-05 0 7.44265e-05)
(7.26688e-05 0 0 7.26688e-05 0 7.26688e-05)
(7.07839e-05 0 0 7.07839e-05 0 7.07839e-05)
(6.8785e-05 0 0 6.8785e-05 0 6.8785e-05)
(6.66861e-05 0 0 6.66861e-05 0 6.66861e-05)
(6.45017e-05 0 0 6.45017e-05 0 6.45017e-05)
(6.2247e-05 0 0 6.2247e-05 0 6.2247e-05)
(5.99375e-05 0 0 5.99375e-05 0 5.99375e-05)
(5.75892e-05 0 0 5.75892e-05 0 5.75892e-05)
(5.5218e-05 0 0 5.5218e-05 0 5.5218e-05)
(5.28399e-05 0 0 5.28399e-05 0 5.28399e-05)
(5.04705e-05 0 0 5.04705e-05 0 5.04705e-05)
(4.81251e-05 0 0 4.81251e-05 0 4.81251e-05)
(4.58183e-05 0 0 4.58183e-05 0 4.58183e-05)
(4.35639e-05 0 0 4.35639e-05 0 4.35639e-05)
(4.13748e-05 0 0 4.13748e-05 0 4.13748e-05)
(3.92626e-05 0 0 3.92626e-05 0 3.92626e-05)
(3.72378e-05 0 0 3.72378e-05 0 3.72378e-05)
(3.53093e-05 0 0 3.53093e-05 0 3.53093e-05)
(3.34848e-05 0 0 3.34848e-05 0 3.34848e-05)
(3.17701e-05 0 0 3.17701e-05 0 3.17701e-05)
(8.36989e-05 0 0 8.36989e-05 0 8.36989e-05)
(8.3521e-05 0 0 8.3521e-05 0 8.3521e-05)
(8.31308e-05 0 0 8.31308e-05 0 8.31308e-05)
(8.25413e-05 0 0 8.25413e-05 0 8.25413e-05)
(8.17583e-05 0 0 8.17583e-05 0 8.17583e-05)
(8.07876e-05 0 0 8.07876e-05 0 8.07876e-05)
(7.96364e-05 0 0 7.96364e-05 0 7.96364e-05)
(7.83127e-05 0 0 7.83127e-05 0 7.83127e-05)
(7.68257e-05 0 0 7.68257e-05 0 7.68257e-05)
(7.5186e-05 0 0 7.5186e-05 0 7.5186e-05)
(7.34048e-05 0 0 7.34048e-05 0 7.34048e-05)
(7.14947e-05 0 0 7.14947e-05 0 7.14947e-05)
(6.94691e-05 0 0 6.94691e-05 0 6.94691e-05)
(6.7342e-05 0 0 6.7342e-05 0 6.7342e-05)
(6.51283e-05 0 0 6.51283e-05 0 6.51283e-05)
(6.28433e-05 0 0 6.28433e-05 0 6.28433e-05)
(6.05028e-05 0 0 6.05028e-05 0 6.05028e-05)
(5.81229e-05 0 0 5.81229e-05 0 5.81229e-05)
(5.57198e-05 0 0 5.57198e-05 0 5.57198e-05)
(5.33096e-05 0 0 5.33096e-05 0 5.33096e-05)
(5.09082e-05 0 0 5.09082e-05 0 5.09082e-05)
(4.85311e-05 0 0 4.85311e-05 0 4.85311e-05)
(4.61931e-05 0 0 4.61931e-05 0 4.61931e-05)
(4.39083e-05 0 0 4.39083e-05 0 4.39083e-05)
(4.16895e-05 0 0 4.16895e-05 0 4.16895e-05)
(3.95488e-05 0 0 3.95488e-05 0 3.95488e-05)
(3.74967e-05 0 0 3.74967e-05 0 3.74967e-05)
(3.55423e-05 0 0 3.55423e-05 0 3.55423e-05)
(3.36933e-05 0 0 3.36933e-05 0 3.36933e-05)
(3.19555e-05 0 0 3.19555e-05 0 3.19555e-05)
(8.86879e-05 0 0 8.86879e-05 0 8.86879e-05)
(8.84924e-05 0 0 8.84924e-05 0 8.84924e-05)
(8.80638e-05 0 0 8.80638e-05 0 8.80638e-05)
(8.74162e-05 0 0 8.74162e-05 0 8.74162e-05)
(8.65561e-05 0 0 8.65561e-05 0 8.65561e-05)
(8.54901e-05 0 0 8.54901e-05 0 8.54901e-05)
(8.42261e-05 0 0 8.42261e-05 0 8.42261e-05)
(8.2773e-05 0 0 8.2773e-05 0 8.2773e-05)
(8.11412e-05 0 0 8.11412e-05 0 8.11412e-05)
(7.93422e-05 0 0 7.93422e-05 0 7.93422e-05)
(7.73889e-05 0 0 7.73889e-05 0 7.73889e-05)
(7.52952e-05 0 0 7.52952e-05 0 7.52952e-05)
(7.3076e-05 0 0 7.3076e-05 0 7.3076e-05)
(7.0747e-05 0 0 7.0747e-05 0 7.0747e-05)
(6.83249e-05 0 0 6.83249e-05 0 6.83249e-05)
(6.58269e-05 0 0 6.58269e-05 0 6.58269e-05)
(6.32705e-05 0 0 6.32705e-05 0 6.32705e-05)
(6.06736e-05 0 0 6.06736e-05 0 6.06736e-05)
(5.80543e-05 0 0 5.80543e-05 0 5.80543e-05)
(5.54305e-05 0 0 5.54305e-05 0 5.54305e-05)
(5.28199e-05 0 0 5.28199e-05 0 5.28199e-05)
(5.02397e-05 0 0 5.02397e-05 0 5.02397e-05)
(4.77062e-05 0 0 4.77062e-05 0 4.77062e-05)
(4.52348e-05 0 0 4.52348e-05 0 4.52348e-05)
(4.28399e-05 0 0 4.28399e-05 0 4.28399e-05)
(4.05344e-05 0 0 4.05344e-05 0 4.05344e-05)
(3.83298e-05 0 0 3.83298e-05 0 3.83298e-05)
(3.62357e-05 0 0 3.62357e-05 0 3.62357e-05)
(3.42602e-05 0 0 3.42602e-05 0 3.42602e-05)
(3.24094e-05 0 0 3.24094e-05 0 3.24094e-05)
(0.000192896 0 0 0.000192896 0 0.000192896)
(0.000192441 0 0 0.000192441 0 0.000192441)
(0.000191444 0 0 0.000191444 0 0.000191444)
(0.000189936 0 0 0.000189936 0 0.000189936)
(0.00018793 0 0 0.00018793 0 0.00018793)
(0.000185439 0 0 0.000185439 0 0.000185439)
(0.000182478 0 0 0.000182478 0 0.000182478)
(0.000179066 0 0 0.000179066 0 0.000179066)
(0.000175221 0 0 0.000175221 0 0.000175221)
(0.000170969 0 0 0.000170969 0 0.000170969)
(0.000166334 0 0 0.000166334 0 0.000166334)
(0.000161346 0 0 0.000161346 0 0.000161346)
(0.000156037 0 0 0.000156037 0 0.000156037)
(0.000150439 0 0 0.000150439 0 0.000150439)
(0.000144591 0 0 0.000144591 0 0.000144591)
(0.00013853 0 0 0.00013853 0 0.00013853)
(0.000132298 0 0 0.000132298 0 0.000132298)
(0.000125938 0 0 0.000125938 0 0.000125938)
(0.000119494 0 0 0.000119494 0 0.000119494)
(0.000113011 0 0 0.000113011 0 0.000113011)
(0.000106535 0 0 0.000106535 0 0.000106535)
(0.000100111 0 0 0.000100111 0 0.000100111)
(9.37842e-05 0 0 9.37842e-05 0 9.37842e-05)
(8.75982e-05 0 0 8.75982e-05 0 8.75982e-05)
(8.15946e-05 0 0 8.15946e-05 0 8.15946e-05)
(7.58117e-05 0 0 7.58117e-05 0 7.58117e-05)
(7.02843e-05 0 0 7.02843e-05 0 7.02843e-05)
(6.50431e-05 0 0 6.50431e-05 0 6.50431e-05)
(6.01145e-05 0 0 6.01145e-05 0 6.01145e-05)
(5.55194e-05 0 0 5.55194e-05 0 5.55194e-05)
(0.00021324 0 0 0.00021324 0 0.00021324)
(0.00021274 0 0 0.00021274 0 0.00021274)
(0.000211642 0 0 0.000211642 0 0.000211642)
(0.000209983 0 0 0.000209983 0 0.000209983)
(0.000207774 0 0 0.000207774 0 0.000207774)
(0.000205031 0 0 0.000205031 0 0.000205031)
(0.000201769 0 0 0.000201769 0 0.000201769)
(0.000198006 0 0 0.000198006 0 0.000198006)
(0.000193765 0 0 0.000193765 0 0.000193765)
(0.000189071 0 0 0.000189071 0 0.000189071)
(0.00018395 0 0 0.00018395 0 0.00018395)
(0.000178434 0 0 0.000178434 0 0.000178434)
(0.000172556 0 0 0.000172556 0 0.000172556)
(0.000166353 0 0 0.000166353 0 0.000166353)
(0.000159864 0 0 0.000159864 0 0.000159864)
(0.000153131 0 0 0.000153131 0 0.000153131)
(0.0001462 0 0 0.0001462 0 0.0001462)
(0.000139116 0 0 0.000139116 0 0.000139116)
(0.000131928 0 0 0.000131928 0 0.000131928)
(0.000124686 0 0 0.000124686 0 0.000124686)
(0.000117441 0 0 0.000117441 0 0.000117441)
(0.000110242 0 0 0.000110242 0 0.000110242)
(0.000103142 0 0 0.000103142 0 0.000103142)
(9.61884e-05 0 0 9.61884e-05 0 9.61884e-05)
(8.94293e-05 0 0 8.94293e-05 0 8.94293e-05)
(8.29089e-05 0 0 8.29089e-05 0 8.29089e-05)
(7.66677e-05 0 0 7.66677e-05 0 7.66677e-05)
(7.07415e-05 0 0 7.07415e-05 0 7.07415e-05)
(6.51609e-05 0 0 6.51609e-05 0 6.51609e-05)
(5.99512e-05 0 0 5.99512e-05 0 5.99512e-05)
(0.000216515 0 0 0.000216515 0 0.000216515)
(0.000216007 0 0 0.000216007 0 0.000216007)
(0.000214893 0 0 0.000214893 0 0.000214893)
(0.000213208 0 0 0.000213208 0 0.000213208)
(0.000210965 0 0 0.000210965 0 0.000210965)
(0.00020818 0 0 0.00020818 0 0.00020818)
(0.000204867 0 0 0.000204867 0 0.000204867)
(0.000201046 0 0 0.000201046 0 0.000201046)
(0.000196739 0 0 0.000196739 0 0.000196739)
(0.00019197 0 0 0.00019197 0 0.00019197)
(0.000186768 0 0 0.000186768 0 0.000186768)
(0.000181163 0 0 0.000181163 0 0.000181163)
(0.00017519 0 0 0.00017519 0 0.00017519)
(0.000168886 0 0 0.000168886 0 0.000168886)
(0.000162291 0 0 0.000162291 0 0.000162291)
(0.000155447 0 0 0.000155447 0 0.000155447)
(0.000148399 0 0 0.000148399 0 0.000148399)
(0.000141195 0 0 0.000141195 0 0.000141195)
(0.000133883 0 0 0.000133883 0 0.000133883)
(0.000126516 0 0 0.000126516 0 0.000126516)
(0.000119143 0 0 0.000119143 0 0.000119143)
(0.000111817 0 0 0.000111817 0 0.000111817)
(0.00010459 0 0 0.00010459 0 0.00010459)
(9.75103e-05 0 0 9.75103e-05 0 9.75103e-05)
(9.06278e-05 0 0 9.06278e-05 0 9.06278e-05)
(8.39873e-05 0 0 8.39873e-05 0 8.39873e-05)
(7.76305e-05 0 0 7.76305e-05 0 7.76305e-05)
(7.15938e-05 0 0 7.15938e-05 0 7.15938e-05)
(6.59087e-05 0 0 6.59087e-05 0 6.59087e-05)
(6.06012e-05 0 0 6.06012e-05 0 6.06012e-05)
(0.000217698 0 0 0.000217698 0 0.000217698)
(0.000217189 0 0 0.000217189 0 0.000217189)
(0.00021607 0 0 0.00021607 0 0.00021607)
(0.000214377 0 0 0.000214377 0 0.000214377)
(0.000212125 0 0 0.000212125 0 0.000212125)
(0.000209327 0 0 0.000209327 0 0.000209327)
(0.000205999 0 0 0.000205999 0 0.000205999)
(0.000202161 0 0 0.000202161 0 0.000202161)
(0.000197835 0 0 0.000197835 0 0.000197835)
(0.000193044 0 0 0.000193044 0 0.000193044)
(0.000187818 0 0 0.000187818 0 0.000187818)
(0.000182187 0 0 0.000182187 0 0.000182187)
(0.000176185 0 0 0.000176185 0 0.000176185)
(0.00016985 0 0 0.00016985 0 0.00016985)
(0.000163222 0 0 0.000163222 0 0.000163222)
(0.000156343 0 0 0.000156343 0 0.000156343)
(0.000149259 0 0 0.000149259 0 0.000149259)
(0.000142017 0 0 0.000142017 0 0.000142017)
(0.000134666 0 0 0.000134666 0 0.000134666)
(0.000127257 0 0 0.000127257 0 0.000127257)
(0.000119842 0 0 0.000119842 0 0.000119842)
(0.000112474 0 0 0.000112474 0 0.000112474)
(0.000105202 0 0 0.000105202 0 0.000105202)
(9.80794e-05 0 0 9.80794e-05 0 9.80794e-05)
(9.1153e-05 0 0 9.1153e-05 0 9.1153e-05)
(8.44691e-05 0 0 8.44691e-05 0 8.44691e-05)
(7.80696e-05 0 0 7.80696e-05 0 7.80696e-05)
(7.19913e-05 0 0 7.19913e-05 0 7.19913e-05)
(6.62658e-05 0 0 6.62658e-05 0 6.62658e-05)
(6.09195e-05 0 0 6.09195e-05 0 6.09195e-05)
(0.000218839 0 0 0.000218839 0 0.000218839)
(0.000218327 0 0 0.000218327 0 0.000218327)
(0.000217202 0 0 0.000217202 0 0.000217202)
(0.0002155 0 0 0.0002155 0 0.0002155)
(0.000213236 0 0 0.000213236 0 0.000213236)
(0.000210423 0 0 0.000210423 0 0.000210423)
(0.000207078 0 0 0.000207078 0 0.000207078)
(0.000203219 0 0 0.000203219 0 0.000203219)
(0.000198869 0 0 0.000198869 0 0.000198869)
(0.000194053 0 0 0.000194053 0 0.000194053)
(0.000188799 0 0 0.000188799 0 0.000188799)
(0.000183137 0 0 0.000183137 0 0.000183137)
(0.000177103 0 0 0.000177103 0 0.000177103)
(0.000170734 0 0 0.000170734 0 0.000170734)
(0.000164069 0 0 0.000164069 0 0.000164069)
(0.000157153 0 0 0.000157153 0 0.000157153)
(0.000150029 0 0 0.000150029 0 0.000150029)
(0.000142746 0 0 0.000142746 0 0.000142746)
(0.000135354 0 0 0.000135354 0 0.000135354)
(0.000127904 0 0 0.000127904 0 0.000127904)
(0.000120447 0 0 0.000120447 0 0.000120447)
(0.000113036 0 0 0.000113036 0 0.000113036)
(0.000105723 0 0 0.000105723 0 0.000105723)
(9.8559e-05 0 0 9.8559e-05 0 9.8559e-05)
(9.15921e-05 0 0 9.15921e-05 0 9.15921e-05)
(8.48688e-05 0 0 8.48688e-05 0 8.48688e-05)
(7.84312e-05 0 0 7.84312e-05 0 7.84312e-05)
(7.23165e-05 0 0 7.23165e-05 0 7.23165e-05)
(6.65564e-05 0 0 6.65564e-05 0 6.65564e-05)
(6.11774e-05 0 0 6.11774e-05 0 6.11774e-05)
(0.000226048 0 0 0.000226048 0 0.000226048)
(0.000225505 0 0 0.000225505 0 0.000225505)
(0.000224313 0 0 0.000224313 0 0.000224313)
(0.00022251 0 0 0.00022251 0 0.00022251)
(0.000220111 0 0 0.000220111 0 0.000220111)
(0.000217131 0 0 0.000217131 0 0.000217131)
(0.000213588 0 0 0.000213588 0 0.000213588)
(0.000209502 0 0 0.000209502 0 0.000209502)
(0.000204896 0 0 0.000204896 0 0.000204896)
(0.000199799 0 0 0.000199799 0 0.000199799)
(0.000194239 0 0 0.000194239 0 0.000194239)
(0.000188252 0 0 0.000188252 0 0.000188252)
(0.000181874 0 0 0.000181874 0 0.000181874)
(0.000175145 0 0 0.000175145 0 0.000175145)
(0.000168109 0 0 0.000168109 0 0.000168109)
(0.000160812 0 0 0.000160812 0 0.000160812)
(0.000153304 0 0 0.000153304 0 0.000153304)
(0.000145636 0 0 0.000145636 0 0.000145636)
(0.000137861 0 0 0.000137861 0 0.000137861)
(0.000130035 0 0 0.000130035 0 0.000130035)
(0.000122213 0 0 0.000122213 0 0.000122213)
(0.000114453 0 0 0.000114453 0 0.000114453)
(0.00010681 0 0 0.00010681 0 0.00010681)
(9.93374e-05 0 0 9.93374e-05 0 9.93374e-05)
(9.20883e-05 0 0 9.20883e-05 0 9.20883e-05)
(8.5111e-05 0 0 8.5111e-05 0 8.5111e-05)
(7.84499e-05 0 0 7.84499e-05 0 7.84499e-05)
(7.21433e-05 0 0 7.21433e-05 0 7.21433e-05)
(6.62237e-05 0 0 6.62237e-05 0 6.62237e-05)
(6.07174e-05 0 0 6.07174e-05 0 6.07174e-05)
(0.00045929 0 0 0.00045929 0 0.00045929)
(0.000458231 0 0 0.000458231 0 0.000458231)
(0.000455908 0 0 0.000455908 0 0.000455908)
(0.000452389 0 0 0.000452389 0 0.000452389)
(0.000447698 0 0 0.000447698 0 0.000447698)
(0.00044186 0 0 0.00044186 0 0.00044186)
(0.000434899 0 0 0.000434899 0 0.000434899)
(0.000426847 0 0 0.000426847 0 0.000426847)
(0.00041774 0 0 0.00041774 0 0.00041774)
(0.000407619 0 0 0.000407619 0 0.000407619)
(0.00039653 0 0 0.00039653 0 0.00039653)
(0.000384527 0 0 0.000384527 0 0.000384527)
(0.000371668 0 0 0.000371668 0 0.000371668)
(0.00035802 0 0 0.00035802 0 0.00035802)
(0.000343654 0 0 0.000343654 0 0.000343654)
(0.000328647 0 0 0.000328647 0 0.000328647)
(0.000313087 0 0 0.000313087 0 0.000313087)
(0.000297065 0 0 0.000297065 0 0.000297065)
(0.000280681 0 0 0.000280681 0 0.000280681)
(0.00026404 0 0 0.00026404 0 0.00026404)
(0.000247256 0 0 0.000247256 0 0.000247256)
(0.000230446 0 0 0.000230446 0 0.000230446)
(0.000213734 0 0 0.000213734 0 0.000213734)
(0.000197246 0 0 0.000197246 0 0.000197246)
(0.00018111 0 0 0.00018111 0 0.00018111)
(0.000165452 0 0 0.000165452 0 0.000165452)
(0.000150395 0 0 0.000150395 0 0.000150395)
(0.000136054 0 0 0.000136054 0 0.000136054)
(0.000122535 0 0 0.000122535 0 0.000122535)
(0.000109929 0 0 0.000109929 0 0.000109929)
(0.000495553 0 0 0.000495553 0 0.000495553)
(0.000494428 0 0 0.000494428 0 0.000494428)
(0.000491958 0 0 0.000491958 0 0.000491958)
(0.000488216 0 0 0.000488216 0 0.000488216)
(0.000483227 0 0 0.000483227 0 0.000483227)
(0.000477015 0 0 0.000477015 0 0.000477015)
(0.000469605 0 0 0.000469605 0 0.000469605)
(0.000461028 0 0 0.000461028 0 0.000461028)
(0.000451321 0 0 0.000451321 0 0.000451321)
(0.000440526 0 0 0.000440526 0 0.000440526)
(0.000428691 0 0 0.000428691 0 0.000428691)
(0.000415871 0 0 0.000415871 0 0.000415871)
(0.000402126 0 0 0.000402126 0 0.000402126)
(0.000387524 0 0 0.000387524 0 0.000387524)
(0.000372139 0 0 0.000372139 0 0.000372139)
(0.000356053 0 0 0.000356053 0 0.000356053)
(0.000339355 0 0 0.000339355 0 0.000339355)
(0.000322139 0 0 0.000322139 0 0.000322139)
(0.00030451 0 0 0.00030451 0 0.00030451)
(0.000286578 0 0 0.000286578 0 0.000286578)
(0.000268462 0 0 0.000268462 0 0.000268462)
(0.000250285 0 0 0.000250285 0 0.000250285)
(0.00023218 0 0 0.00023218 0 0.00023218)
(0.00021428 0 0 0.00021428 0 0.00021428)
(0.000196724 0 0 0.000196724 0 0.000196724)
(0.000179649 0 0 0.000179649 0 0.000179649)
(0.00016319 0 0 0.00016319 0 0.00016319)
(0.000147478 0 0 0.000147478 0 0.000147478)
(0.000132629 0 0 0.000132629 0 0.000132629)
(0.00011875 0 0 0.00011875 0 0.00011875)
(0.000500259 0 0 0.000500259 0 0.000500259)
(0.000499125 0 0 0.000499125 0 0.000499125)
(0.000496633 0 0 0.000496633 0 0.000496633)
(0.000492859 0 0 0.000492859 0 0.000492859)
(0.000487827 0 0 0.000487827 0 0.000487827)
(0.00048156 0 0 0.00048156 0 0.00048156)
(0.000474085 0 0 0.000474085 0 0.000474085)
(0.000465432 0 0 0.000465432 0 0.000465432)
(0.000455638 0 0 0.000455638 0 0.000455638)
(0.000444745 0 0 0.000444745 0 0.000444745)
(0.000432803 0 0 0.000432803 0 0.000432803)
(0.000419864 0 0 0.000419864 0 0.000419864)
(0.000405992 0 0 0.000405992 0 0.000405992)
(0.000391253 0 0 0.000391253 0 0.000391253)
(0.000375722 0 0 0.000375722 0 0.000375722)
(0.000359483 0 0 0.000359483 0 0.000359483)
(0.000342622 0 0 0.000342622 0 0.000342622)
(0.000325239 0 0 0.000325239 0 0.000325239)
(0.000307435 0 0 0.000307435 0 0.000307435)
(0.000289324 0 0 0.000289324 0 0.000289324)
(0.000271023 0 0 0.000271023 0 0.000271023)
(0.00025266 0 0 0.00025266 0 0.00025266)
(0.000234364 0 0 0.000234364 0 0.000234364)
(0.000216274 0 0 0.000216274 0 0.000216274)
(0.000198529 0 0 0.000198529 0 0.000198529)
(0.000181267 0 0 0.000181267 0 0.000181267)
(0.000164626 0 0 0.000164626 0 0.000164626)
(0.000148737 0 0 0.000148737 0 0.000148737)
(0.00013372 0 0 0.00013372 0 0.00013372)
(0.000119683 0 0 0.000119683 0 0.000119683)
(0.000502412 0 0 0.000502412 0 0.000502412)
(0.000501275 0 0 0.000501275 0 0.000501275)
(0.000498778 0 0 0.000498778 0 0.000498778)
(0.000494995 0 0 0.000494995 0 0.000494995)
(0.00048995 0 0 0.00048995 0 0.00048995)
(0.000483668 0 0 0.000483668 0 0.000483668)
(0.000476174 0 0 0.000476174 0 0.000476174)
(0.000467499 0 0 0.000467499 0 0.000467499)
(0.000457679 0 0 0.000457679 0 0.000457679)
(0.000446757 0 0 0.000446757 0 0.000446757)
(0.000434782 0 0 0.000434782 0 0.000434782)
(0.000421807 0 0 0.000421807 0 0.000421807)
(0.000407895 0 0 0.000407895 0 0.000407895)
(0.000393113 0 0 0.000393113 0 0.000393113)
(0.000377535 0 0 0.000377535 0 0.000377535)
(0.000361244 0 0 0.000361244 0 0.000361244)
(0.00034433 0 0 0.00034433 0 0.00034433)
(0.000326888 0 0 0.000326888 0 0.000326888)
(0.000309022 0 0 0.000309022 0 0.000309022)
(0.000290845 0 0 0.000290845 0 0.000290845)
(0.000272475 0 0 0.000272475 0 0.000272475)
(0.000254039 0 0 0.000254039 0 0.000254039)
(0.000235668 0 0 0.000235668 0 0.000235668)
(0.000217499 0 0 0.000217499 0 0.000217499)
(0.000199672 0 0 0.000199672 0 0.000199672)
(0.000182327 0 0 0.000182327 0 0.000182327)
(0.000165601 0 0 0.000165601 0 0.000165601)
(0.000149626 0 0 0.000149626 0 0.000149626)
(0.000134523 0 0 0.000134523 0 0.000134523)
(0.000120401 0 0 0.000120401 0 0.000120401)
(0.000504499 0 0 0.000504499 0 0.000504499)
(0.000503358 0 0 0.000503358 0 0.000503358)
(0.000500854 0 0 0.000500854 0 0.000500854)
(0.00049706 0 0 0.00049706 0 0.00049706)
(0.000492001 0 0 0.000492001 0 0.000492001)
(0.000485701 0 0 0.000485701 0 0.000485701)
(0.000478184 0 0 0.000478184 0 0.000478184)
(0.000469483 0 0 0.000469483 0 0.000469483)
(0.000459634 0 0 0.000459634 0 0.000459634)
(0.000448679 0 0 0.000448679 0 0.000448679)
(0.000436665 0 0 0.000436665 0 0.000436665)
(0.000423649 0 0 0.000423649 0 0.000423649)
(0.00040969 0 0 0.00040969 0 0.00040969)
(0.000394858 0 0 0.000394858 0 0.000394858)
(0.000379228 0 0 0.000379228 0 0.000379228)
(0.00036288 0 0 0.00036288 0 0.00036288)
(0.000345906 0 0 0.000345906 0 0.000345906)
(0.000328402 0 0 0.000328402 0 0.000328402)
(0.000310473 0 0 0.000310473 0 0.000310473)
(0.00029223 0 0 0.00029223 0 0.00029223)
(0.000273793 0 0 0.000273793 0 0.000273793)
(0.000255288 0 0 0.000255288 0 0.000255288)
(0.000236848 0 0 0.000236848 0 0.000236848)
(0.000218609 0 0 0.000218609 0 0.000218609)
(0.000200713 0 0 0.000200713 0 0.000200713)
(0.000183298 0 0 0.000183298 0 0.000183298)
(0.000166503 0 0 0.000166503 0 0.000166503)
(0.00015046 0 0 0.00015046 0 0.00015046)
(0.00013529 0 0 0.00013529 0 0.00013529)
(0.000121101 0 0 0.000121101 0 0.000121101)
(0.000513453 0 0 0.000513453 0 0.000513453)
(0.000512307 0 0 0.000512307 0 0.000512307)
(0.000509792 0 0 0.000509792 0 0.000509792)
(0.000505981 0 0 0.000505981 0 0.000505981)
(0.000500898 0 0 0.000500898 0 0.000500898)
(0.000494566 0 0 0.000494566 0 0.000494566)
(0.000487011 0 0 0.000487011 0 0.000487011)
(0.000478264 0 0 0.000478264 0 0.000478264)
(0.000468358 0 0 0.000468358 0 0.000468358)
(0.000457337 0 0 0.000457337 0 0.000457337)
(0.000445253 0 0 0.000445253 0 0.000445253)
(0.000431865 0 0 0.000431865 0 0.000431865)
(0.000417276 0 0 0.000417276 0 0.000417276)
(0.000401586 0 0 0.000401586 0 0.000401586)
(0.000384905 0 0 0.000384905 0 0.000384905)
(0.000367348 0 0 0.000367348 0 0.000367348)
(0.000349038 0 0 0.000349038 0 0.000349038)
(0.000330108 0 0 0.000330108 0 0.000330108)
(0.0003107 0 0 0.0003107 0 0.0003107)
(0.000290962 0 0 0.000290962 0 0.000290962)
(0.000271052 0 0 0.000271052 0 0.000271052)
(0.000251135 0 0 0.000251135 0 0.000251135)
(0.00023138 0 0 0.00023138 0 0.00023138)
(0.000211961 0 0 0.000211961 0 0.000211961)
(0.000193051 0 0 0.000193051 0 0.000193051)
(0.000174818 0 0 0.000174818 0 0.000174818)
(0.000157421 0 0 0.000157421 0 0.000157421)
(0.000141008 0 0 0.000141008 0 0.000141008)
(0.000125703 0 0 0.000125703 0 0.000125703)
(0.00011161 0 0 0.00011161 0 0.00011161)
(0.00290155 0 0 0.00290155 0 0.00290155)
(0.00288885 0 0 0.00288885 0 0.00288885)
(0.00286375 0 0 0.00286375 0 0.00286375)
(0.00282618 0 0 0.00282618 0 0.00282618)
(0.00277608 0 0 0.00277608 0 0.00277608)
(0.00271342 0 0 0.00271342 0 0.00271342)
(0.00263818 0 0 0.00263818 0 0.00263818)
(0.00255033 0 0 0.00255033 0 0.00255033)
(0.00244987 0 0 0.00244987 0 0.00244987)
(0.00233692 0 0 0.00233692 0 0.00233692)
(0.00221176 0 0 0.00221176 0 0.00221176)
(0.00207516 0 0 0.00207516 0 0.00207516)
(0.00192861 0 0 0.00192861 0 0.00192861)
(0.00177472 0 0 0.00177472 0 0.00177472)
(0.00161763 0 0 0.00161763 0 0.00161763)
(0.00146329 0 0 0.00146329 0 0.00146329)
(0.00131954 0 0 0.00131954 0 0.00131954)
(0.00119595 0 0 0.00119595 0 0.00119595)
(0.00110261 0 0 0.00110261 0 0.00110261)
(0.00104553 0 0 0.00104553 0 0.00104553)
(0.0010164 0 0 0.0010164 0 0.0010164)
(0.000986873 0 0 0.000986873 0 0.000986873)
(0.000928242 0 0 0.000928242 0 0.000928242)
(0.000836482 0 0 0.000836482 0 0.000836482)
(0.000725592 0 0 0.000725592 0 0.000725592)
(0.000610072 0 0 0.000610072 0 0.000610072)
(0.000499397 0 0 0.000499397 0 0.000499397)
(0.000399494 0 0 0.000399494 0 0.000399494)
(0.000314394 0 0 0.000314394 0 0.000314394)
(0.000246582 0 0 0.000246582 0 0.000246582)
(0.00304998 0 0 0.00304998 0 0.00304998)
(0.00303532 0 0 0.00303532 0 0.00303532)
(0.00300648 0 0 0.00300648 0 0.00300648)
(0.00296358 0 0 0.00296358 0 0.00296358)
(0.00290669 0 0 0.00290669 0 0.00290669)
(0.00283585 0 0 0.00283585 0 0.00283585)
(0.00275109 0 0 0.00275109 0 0.00275109)
(0.00265244 0 0 0.00265244 0 0.00265244)
(0.0025399 0 0 0.0025399 0 0.0025399)
(0.00241358 0 0 0.00241358 0 0.00241358)
(0.00227387 0 0 0.00227387 0 0.00227387)
(0.0021217 0 0 0.0021217 0 0.0021217)
(0.001959 0 0 0.001959 0 0.001959)
(0.00178919 0 0 0.00178919 0 0.00178919)
(0.0016176 0 0 0.0016176 0 0.0016176)
(0.00145168 0 0 0.00145168 0 0.00145168)
(0.00130076 0 0 0.00130076 0 0.00130076)
(0.00117528 0 0 0.00117528 0 0.00117528)
(0.00108382 0 0 0.00108382 0 0.00108382)
(0.00102541 0 0 0.00102541 0 0.00102541)
(0.000980507 0 0 0.000980507 0 0.000980507)
(0.000920233 0 0 0.000920233 0 0.000920233)
(0.000832302 0 0 0.000832302 0 0.000832302)
(0.000725074 0 0 0.000725074 0 0.000725074)
(0.000611814 0 0 0.000611814 0 0.000611814)
(0.000502271 0 0 0.000502271 0 0.000502271)
(0.000402746 0 0 0.000402746 0 0.000402746)
(0.000317522 0 0 0.000317522 0 0.000317522)
(0.000249274 0 0 0.000249274 0 0.000249274)
(0.000198748 0 0 0.000198748 0 0.000198748)
(0.00299465 0 0 0.00299465 0 0.00299465)
(0.00298048 0 0 0.00298048 0 0.00298048)
(0.00295262 0 0 0.00295262 0 0.00295262)
(0.00291114 0 0 0.00291114 0 0.00291114)
(0.00285612 0 0 0.00285612 0 0.00285612)
(0.00278762 0 0 0.00278762 0 0.00278762)
(0.00270566 0 0 0.00270566 0 0.00270566)
(0.00261024 0 0 0.00261024 0 0.00261024)
(0.00250136 0 0 0.00250136 0 0.00250136)
(0.00237908 0 0 0.00237908 0 0.00237908)
(0.00224372 0 0 0.00224372 0 0.00224372)
(0.00209611 0 0 0.00209611 0 0.00209611)
(0.00193806 0 0 0.00193806 0 0.00193806)
(0.00177288 0 0 0.00177288 0 0.00177288)
(0.00160583 0 0 0.00160583 0 0.00160583)
(0.00144438 0 0 0.00144438 0 0.00144438)
(0.00129807 0 0 0.00129807 0 0.00129807)
(0.00117764 0 0 0.00117764 0 0.00117764)
(0.00109187 0 0 0.00109187 0 0.00109187)
(0.00103923 0 0 0.00103923 0 0.00103923)
(0.000998616 0 0 0.000998616 0 0.000998616)
(0.000940082 0 0 0.000940082 0 0.000940082)
(0.000851903 0 0 0.000851903 0 0.000851903)
(0.000743433 0 0 0.000743433 0 0.000743433)
(0.00062844 0 0 0.00062844 0 0.00062844)
(0.000516828 0 0 0.000516828 0 0.000516828)
(0.000414966 0 0 0.000414966 0 0.000414966)
(0.000327247 0 0 0.000327247 0 0.000327247)
(0.000256518 0 0 0.000256518 0 0.000256518)
(0.00020374 0 0 0.00020374 0 0.00020374)
(0.00298488 0 0 0.00298488 0 0.00298488)
(0.00297119 0 0 0.00297119 0 0.00297119)
(0.00294422 0 0 0.00294422 0 0.00294422)
(0.00290396 0 0 0.00290396 0 0.00290396)
(0.00285045 0 0 0.00285045 0 0.00285045)
(0.00278375 0 0 0.00278375 0 0.00278375)
(0.00270387 0 0 0.00270387 0 0.00270387)
(0.00261081 0 0 0.00261081 0 0.00261081)
(0.00250456 0 0 0.00250456 0 0.00250456)
(0.00238515 0 0 0.00238515 0 0.00238515)
(0.00225278 0 0 0.00225278 0 0.00225278)
(0.00210815 0 0 0.00210815 0 0.00210815)
(0.00195281 0 0 0.00195281 0 0.00195281)
(0.00178975 0 0 0.00178975 0 0.00178975)
(0.00162393 0 0 0.00162393 0 0.00162393)
(0.00146253 0 0 0.00146253 0 0.00146253)
(0.00131503 0 0 0.00131503 0 0.00131503)
(0.00119244 0 0 0.00119244 0 0.00119244)
(0.00110461 0 0 0.00110461 0 0.00110461)
(0.00105216 0 0 0.00105216 0 0.00105216)
(0.00101578 0 0 0.00101578 0 0.00101578)
(0.000963465 0 0 0.000963465 0 0.000963465)
(0.000879531 0 0 0.000879531 0 0.000879531)
(0.000772088 0 0 0.000772088 0 0.000772088)
(0.000655819 0 0 0.000655819 0 0.000655819)
(0.000541581 0 0 0.000541581 0 0.000541581)
(0.000436263 0 0 0.000436263 0 0.000436263)
(0.000344571 0 0 0.000344571 0 0.000344571)
(0.000269686 0 0 0.000269686 0 0.000269686)
(0.000212976 0 0 0.000212976 0 0.000212976)
(0.00288016 0 0 0.00288016 0 0.00288016)
(0.00286559 0 0 0.00286559 0 0.00286559)
(0.00283706 0 0 0.00283706 0 0.00283706)
(0.00279481 0 0 0.00279481 0 0.00279481)
(0.00273901 0 0 0.00273901 0 0.00273901)
(0.00266976 0 0 0.00266976 0 0.00266976)
(0.00258713 0 0 0.00258713 0 0.00258713)
(0.00249113 0 0 0.00249113 0 0.00249113)
(0.00238185 0 0 0.00238185 0 0.00238185)
(0.00225947 0 0 0.00225947 0 0.00225947)
(0.00212459 0 0 0.00212459 0 0.00212459)
(0.00197849 0 0 0.00197849 0 0.00197849)
(0.00182365 0 0 0.00182365 0 0.00182365)
(0.00166421 0 0 0.00166421 0 0.00166421)
(0.00150633 0 0 0.00150633 0 0.00150633)
(0.00135829 0 0 0.00135829 0 0.00135829)
(0.00123007 0 0 0.00123007 0 0.00123007)
(0.00113163 0 0 0.00113163 0 0.00113163)
(0.00106738 0 0 0.00106738 0 0.00106738)
(0.00102626 0 0 0.00102626 0 0.00102626)
(0.000980534 0 0 0.000980534 0 0.000980534)
(0.000907999 0 0 0.000907999 0 0.000907999)
(0.000809219 0 0 0.000809219 0 0.000809219)
(0.000697073 0 0 0.000697073 0 0.000697073)
(0.000583337 0 0 0.000583337 0 0.000583337)
(0.000475805 0 0 0.000475805 0 0.000475805)
(0.000379717 0 0 0.000379717 0 0.000379717)
(0.000298783 0 0 0.000298783 0 0.000298783)
(0.000235165 0 0 0.000235165 0 0.000235165)
(0.000189034 0 0 0.000189034 0 0.000189034)
(0.00400398 0 0 0.00400398 0 0.00400398)
(0.00399197 0 0 0.00399197 0 0.00399197)
(0.003963 0 0 0.003963 0 0.003963)
(0.00391459 0 0 0.00391459 0 0.00391459)
(0.00384657 0 0 0.00384657 0 0.00384657)
(0.00375948 0 0 0.00375948 0 0.00375948)
(0.00365398 0 0 0.00365398 0 0.00365398)
(0.00353059 0 0 0.00353059 0 0.00353059)
(0.00338967 0 0 0.00338967 0 0.00338967)
(0.00323141 0 0 0.00323141 0 0.00323141)
(0.00305584 0 0 0.00305584 0 0.00305584)
(0.00286286 0 0 0.00286286 0 0.00286286)
(0.00265247 0 0 0.00265247 0 0.00265247)
(0.00242533 0 0 0.00242533 0 0.00242533)
(0.002184 0 0 0.002184 0 0.002184)
(0.00193435 0 0 0.00193435 0 0.00193435)
(0.00168656 0 0 0.00168656 0 0.00168656)
(0.00145452 0 0 0.00145452 0 0.00145452)
(0.00125382 0 0 0.00125382 0 0.00125382)
(0.00109788 0 0 0.00109788 0 0.00109788)
(0.000988159 0 0 0.000988159 0 0.000988159)
(0.000901835 0 0 0.000901835 0 0.000901835)
(0.000806247 0 0 0.000806247 0 0.000806247)
(0.000692203 0 0 0.000692203 0 0.000692203)
(0.00057102 0 0 0.00057102 0 0.00057102)
(0.000455653 0 0 0.000455653 0 0.000455653)
(0.000354998 0 0 0.000354998 0 0.000354998)
(0.000274372 0 0 0.000274372 0 0.000274372)
(0.00021571 0 0 0.00021571 0 0.00021571)
(0.000177446 0 0 0.000177446 0 0.000177446)
(0.00410523 0 0 0.00410523 0 0.00410523)
(0.00409527 0 0 0.00409527 0 0.00409527)
(0.004068 0 0 0.004068 0 0.004068)
(0.00402046 0 0 0.00402046 0 0.00402046)
(0.00395261 0 0 0.00395261 0 0.00395261)
(0.00386522 0 0 0.00386522 0 0.00386522)
(0.00375909 0 0 0.00375909 0 0.00375909)
(0.00363486 0 0 0.00363486 0 0.00363486)
(0.00349294 0 0 0.00349294 0 0.00349294)
(0.00333356 0 0 0.00333356 0 0.00333356)
(0.00315677 0 0 0.00315677 0 0.00315677)
(0.00296242 0 0 0.00296242 0 0.00296242)
(0.00275027 0 0 0.00275027 0 0.00275027)
(0.00252056 0 0 0.00252056 0 0.00252056)
(0.00227506 0 0 0.00227506 0 0.00227506)
(0.00201881 0 0 0.00201881 0 0.00201881)
(0.00176133 0 0 0.00176133 0 0.00176133)
(0.00151634 0 0 0.00151634 0 0.00151634)
(0.00129971 0 0 0.00129971 0 0.00129971)
(0.00112592 0 0 0.00112592 0 0.00112592)
(0.00100014 0 0 0.00100014 0 0.00100014)
(0.000905451 0 0 0.000905451 0 0.000905451)
(0.000809329 0 0 0.000809329 0 0.000809329)
(0.000696881 0 0 0.000696881 0 0.000696881)
(0.000576387 0 0 0.000576387 0 0.000576387)
(0.000460713 0 0 0.000460713 0 0.000460713)
(0.000359207 0 0 0.000359207 0 0.000359207)
(0.000277515 0 0 0.000277515 0 0.000277515)
(0.000217806 0 0 0.000217806 0 0.000217806)
(0.000178683 0 0 0.000178683 0 0.000178683)
(0.0040934 0 0 0.0040934 0 0.0040934)
(0.00408444 0 0 0.00408444 0 0.00408444)
(0.00405805 0 0 0.00405805 0 0.00405805)
(0.00401125 0 0 0.00401125 0 0.00401125)
(0.0039441 0 0 0.0039441 0 0.0039441)
(0.00385745 0 0 0.00385745 0 0.00385745)
(0.00375216 0 0 0.00375216 0 0.00375216)
(0.00362889 0 0 0.00362889 0 0.00362889)
(0.00348809 0 0 0.00348809 0 0.00348809)
(0.00332999 0 0 0.00332999 0 0.00332999)
(0.00315465 0 0 0.00315465 0 0.00315465)
(0.00296191 0 0 0.00296191 0 0.00296191)
(0.0027515 0 0 0.0027515 0 0.0027515)
(0.00252355 0 0 0.00252355 0 0.00252355)
(0.00227969 0 0 0.00227969 0 0.00227969)
(0.00202474 0 0 0.00202474 0 0.00202474)
(0.00176803 0 0 0.00176803 0 0.00176803)
(0.00152326 0 0 0.00152326 0 0.00152326)
(0.00130642 0 0 0.00130642 0 0.00130642)
(0.00113229 0 0 0.00113229 0 0.00113229)
(0.00100638 0 0 0.00100638 0 0.00100638)
(0.000911918 0 0 0.000911918 0 0.000911918)
(0.000816044 0 0 0.000816044 0 0.000816044)
(0.000703429 0 0 0.000703429 0 0.000703429)
(0.000582333 0 0 0.000582333 0 0.000582333)
(0.000465771 0 0 0.000465771 0 0.000465771)
(0.00036322 0 0 0.00036322 0 0.00036322)
(0.000280447 0 0 0.000280447 0 0.000280447)
(0.00021975 0 0 0.00021975 0 0.00021975)
(0.000179837 0 0 0.000179837 0 0.000179837)
(0.00409306 0 0 0.00409306 0 0.00409306)
(0.00408581 0 0 0.00408581 0 0.00408581)
(0.00406082 0 0 0.00406082 0 0.00406082)
(0.00401507 0 0 0.00401507 0 0.00401507)
(0.00394875 0 0 0.00394875 0 0.00394875)
(0.00386287 0 0 0.00386287 0 0.00386287)
(0.00375838 0 0 0.00375838 0 0.00375838)
(0.00363598 0 0 0.00363598 0 0.00363598)
(0.00349613 0 0 0.00349613 0 0.00349613)
(0.00333909 0 0 0.00333909 0 0.00333909)
(0.00316494 0 0 0.00316494 0 0.00316494)
(0.00297351 0 0 0.00297351 0 0.00297351)
(0.00276452 0 0 0.00276452 0 0.00276452)
(0.00253801 0 0 0.00253801 0 0.00253801)
(0.00229538 0 0 0.00229538 0 0.00229538)
(0.00204114 0 0 0.00204114 0 0.00204114)
(0.00178431 0 0 0.00178431 0 0.00178431)
(0.00153843 0 0 0.00153843 0 0.00153843)
(0.00131961 0 0 0.00131961 0 0.00131961)
(0.00114306 0 0 0.00114306 0 0.00114306)
(0.00101528 0 0 0.00101528 0 0.00101528)
(0.000920565 0 0 0.000920565 0 0.000920565)
(0.000825581 0 0 0.000825581 0 0.000825581)
(0.000713407 0 0 0.000713407 0 0.000713407)
(0.000591796 0 0 0.000591796 0 0.000591796)
(0.000474037 0 0 0.000474037 0 0.000474037)
(0.000369908 0 0 0.000369908 0 0.000369908)
(0.000285416 0 0 0.000285416 0 0.000285416)
(0.00022309 0 0 0.00022309 0 0.00022309)
(0.000181844 0 0 0.000181844 0 0.000181844)
(0.00408583 0 0 0.00408583 0 0.00408583)
(0.00408077 0 0 0.00408077 0 0.00408077)
(0.00405756 0 0 0.00405756 0 0.00405756)
(0.00401314 0 0 0.00401314 0 0.00401314)
(0.00394796 0 0 0.00394796 0 0.00394796)
(0.00386318 0 0 0.00386318 0 0.00386318)
(0.00375986 0 0 0.00375986 0 0.00375986)
(0.00363875 0 0 0.00363875 0 0.00363875)
(0.00350033 0 0 0.00350033 0 0.00350033)
(0.0033449 0 0 0.0033449 0 0.0033449)
(0.00317252 0 0 0.00317252 0 0.00317252)
(0.00298306 0 0 0.00298306 0 0.00298306)
(0.00277619 0 0 0.00277619 0 0.00277619)
(0.00255184 0 0 0.00255184 0 0.00255184)
(0.00231121 0 0 0.00231121 0 0.00231121)
(0.00205842 0 0 0.00205842 0 0.00205842)
(0.00180211 0 0 0.00180211 0 0.00180211)
(0.00155561 0 0 0.00155561 0 0.00155561)
(0.00133513 0 0 0.00133513 0 0.00133513)
(0.0011564 0 0 0.0011564 0 0.0011564)
(0.00102702 0 0 0.00102702 0 0.00102702)
(0.000932554 0 0 0.000932554 0 0.000932554)
(0.000839047 0 0 0.000839047 0 0.000839047)
(0.000727613 0 0 0.000727613 0 0.000727613)
(0.00060539 0 0 0.00060539 0 0.00060539)
(0.000486044 0 0 0.000486044 0 0.000486044)
(0.000379754 0 0 0.000379754 0 0.000379754)
(0.000292845 0 0 0.000292845 0 0.000292845)
(0.000228171 0 0 0.000228171 0 0.000228171)
(0.000184952 0 0 0.000184952 0 0.000184952)
(0.00400885 0 0 0.00400885 0 0.00400885)
(0.00399633 0 0 0.00399633 0 0.00399633)
(0.00396673 0 0 0.00396673 0 0.00396673)
(0.00391768 0 0 0.00391768 0 0.00391768)
(0.00384904 0 0 0.00384904 0 0.00384904)
(0.0037614 0 0 0.0037614 0 0.0037614)
(0.00365543 0 0 0.00365543 0 0.00365543)
(0.00353172 0 0 0.00353172 0 0.00353172)
(0.00339067 0 0 0.00339067 0 0.00339067)
(0.00323248 0 0 0.00323248 0 0.00323248)
(0.00305719 0 0 0.00305719 0 0.00305719)
(0.0028646 0 0 0.0028646 0 0.0028646)
(0.00265452 0 0 0.00265452 0 0.00265452)
(0.0024274 0 0 0.0024274 0 0.0024274)
(0.00218559 0 0 0.00218559 0 0.00218559)
(0.001935 0 0 0.001935 0 0.001935)
(0.00168604 0 0 0.00168604 0 0.00168604)
(0.001453 0 0 0.001453 0 0.001453)
(0.00125171 0 0 0.00125171 0 0.00125171)
(0.00109523 0 0 0.00109523 0 0.00109523)
(0.000983721 0 0 0.000983721 0 0.000983721)
(0.000893527 0 0 0.000893527 0 0.000893527)
(0.000794003 0 0 0.000794003 0 0.000794003)
(0.000678129 0 0 0.000678129 0 0.000678129)
(0.000557137 0 0 0.000557137 0 0.000557137)
(0.000443208 0 0 0.000443208 0 0.000443208)
(0.000344725 0 0 0.000344725 0 0.000344725)
(0.000266631 0 0 0.000266631 0 0.000266631)
(0.000210465 0 0 0.000210465 0 0.000210465)
(0.000174291 0 0 0.000174291 0 0.000174291)
(0.00493056 0 0 0.00493056 0 0.00493056)
(0.00503246 0 0 0.00503246 0 0.00503246)
(0.00502534 0 0 0.00502534 0 0.00502534)
(0.00497738 0 0 0.00497738 0 0.00497738)
(0.00489797 0 0 0.00489797 0 0.00489797)
(0.00479173 0 0 0.00479173 0 0.00479173)
(0.00466127 0 0 0.00466127 0 0.00466127)
(0.00450793 0 0 0.00450793 0 0.00450793)
(0.00433262 0 0 0.00433262 0 0.00433262)
(0.00413612 0 0 0.00413612 0 0.00413612)
(0.00391912 0 0 0.00391912 0 0.00391912)
(0.00368212 0 0 0.00368212 0 0.00368212)
(0.00342516 0 0 0.00342516 0 0.00342516)
(0.00314754 0 0 0.00314754 0 0.00314754)
(0.00284812 0 0 0.00284812 0 0.00284812)
(0.00252713 0 0 0.00252713 0 0.00252713)
(0.00219015 0 0 0.00219015 0 0.00219015)
(0.00185156 0 0 0.00185156 0 0.00185156)
(0.00153274 0 0 0.00153274 0 0.00153274)
(0.00125543 0 0 0.00125543 0 0.00125543)
(0.00103538 0 0 0.00103538 0 0.00103538)
(0.000873821 0 0 0.000873821 0 0.000873821)
(0.00074746 0 0 0.00074746 0 0.00074746)
(0.000626355 0 0 0.000626355 0 0.000626355)
(0.000504641 0 0 0.000504641 0 0.000504641)
(0.000392766 0 0 0.000392766 0 0.000392766)
(0.000300806 0 0 0.000300806 0 0.000300806)
(0.00023363 0 0 0.00023363 0 0.00023363)
(0.000190546 0 0 0.000190546 0 0.000190546)
(0.00016655 0 0 0.00016655 0 0.00016655)
(0.00501985 0 0 0.00501985 0 0.00501985)
(0.00516033 0 0 0.00516033 0 0.00516033)
(0.00515373 0 0 0.00515373 0 0.00515373)
(0.00510476 0 0 0.00510476 0 0.00510476)
(0.0050241 0 0 0.0050241 0 0.0050241)
(0.00491607 0 0 0.00491607 0 0.00491607)
(0.00478329 0 0 0.00478329 0 0.00478329)
(0.00462708 0 0 0.00462708 0 0.00462708)
(0.00444835 0 0 0.00444835 0 0.00444835)
(0.00424791 0 0 0.00424791 0 0.00424791)
(0.0040265 0 0 0.0040265 0 0.0040265)
(0.00378469 0 0 0.00378469 0 0.00378469)
(0.00352258 0 0 0.00352258 0 0.00352258)
(0.00323952 0 0 0.00323952 0 0.00323952)
(0.00293422 0 0 0.00293422 0 0.00293422)
(0.00260642 0 0 0.00260642 0 0.00260642)
(0.00226086 0 0 0.00226086 0 0.00226086)
(0.00191131 0 0 0.00191131 0 0.00191131)
(0.00157932 0 0 0.00157932 0 0.00157932)
(0.00128717 0 0 0.00128717 0 0.00128717)
(0.0010513 0 0 0.0010513 0 0.0010513)
(0.000875795 0 0 0.000875795 0 0.000875795)
(0.000742396 0 0 0.000742396 0 0.000742396)
(0.000620887 0 0 0.000620887 0 0.000620887)
(0.000500689 0 0 0.000500689 0 0.000500689)
(0.00039011 0 0 0.00039011 0 0.00039011)
(0.000299064 0 0 0.000299064 0 0.000299064)
(0.000232539 0 0 0.000232539 0 0.000232539)
(0.000189909 0 0 0.000189909 0 0.000189909)
(0.000166209 0 0 0.000166209 0 0.000166209)
(0.00501862 0 0 0.00501862 0 0.00501862)
(0.00517226 0 0 0.00517226 0 0.00517226)
(0.00516825 0 0 0.00516825 0 0.00516825)
(0.00511967 0 0 0.00511967 0 0.00511967)
(0.00503905 0 0 0.00503905 0 0.00503905)
(0.00493099 0 0 0.00493099 0 0.00493099)
(0.00479812 0 0 0.00479812 0 0.00479812)
(0.00464178 0 0 0.00464178 0 0.00464178)
(0.00446286 0 0 0.00446286 0 0.00446286)
(0.00426219 0 0 0.00426219 0 0.00426219)
(0.00404052 0 0 0.00404052 0 0.00404052)
(0.00379845 0 0 0.00379845 0 0.00379845)
(0.00353617 0 0 0.00353617 0 0.00353617)
(0.00325308 0 0 0.00325308 0 0.00325308)
(0.00294792 0 0 0.00294792 0 0.00294792)
(0.00262032 0 0 0.00262032 0 0.00262032)
(0.00227469 0 0 0.00227469 0 0.00227469)
(0.00192441 0 0 0.00192441 0 0.00192441)
(0.00159089 0 0 0.00159089 0 0.00159089)
(0.0012966 0 0 0.0012966 0 0.0012966)
(0.00105838 0 0 0.00105838 0 0.00105838)
(0.000880926 0 0 0.000880926 0 0.000880926)
(0.000746632 0 0 0.000746632 0 0.000746632)
(0.000624961 0 0 0.000624961 0 0.000624961)
(0.000504491 0 0 0.000504491 0 0.000504491)
(0.000393311 0 0 0.000393311 0 0.000393311)
(0.00030147 0 0 0.00030147 0 0.00030147)
(0.000234137 0 0 0.000234137 0 0.000234137)
(0.000190835 0 0 0.000190835 0 0.000190835)
(0.000166673 0 0 0.000166673 0 0.000166673)
(0.00501937 0 0 0.00501937 0 0.00501937)
(0.00518666 0 0 0.00518666 0 0.00518666)
(0.00518534 0 0 0.00518534 0 0.00518534)
(0.00513724 0 0 0.00513724 0 0.00513724)
(0.00505677 0 0 0.00505677 0 0.00505677)
(0.00494879 0 0 0.00494879 0 0.00494879)
(0.00481598 0 0 0.00481598 0 0.00481598)
(0.00465965 0 0 0.00465965 0 0.00465965)
(0.00448069 0 0 0.00448069 0 0.00448069)
(0.00427991 0 0 0.00427991 0 0.00427991)
(0.00405809 0 0 0.00405809 0 0.00405809)
(0.00381586 0 0 0.00381586 0 0.00381586)
(0.00355344 0 0 0.00355344 0 0.00355344)
(0.00327033 0 0 0.00327033 0 0.00327033)
(0.0029653 0 0 0.0029653 0 0.0029653)
(0.00263784 0 0 0.00263784 0 0.00263784)
(0.00229203 0 0 0.00229203 0 0.00229203)
(0.0019408 0 0 0.0019408 0 0.0019408)
(0.00160536 0 0 0.00160536 0 0.00160536)
(0.00130838 0 0 0.00130838 0 0.00130838)
(0.00106712 0 0 0.00106712 0 0.00106712)
(0.000887035 0 0 0.000887035 0 0.000887035)
(0.00075149 0 0 0.00075149 0 0.00075149)
(0.000629673 0 0 0.000629673 0 0.000629673)
(0.000509004 0 0 0.000509004 0 0.000509004)
(0.00039719 0 0 0.00039719 0 0.00039719)
(0.000304436 0 0 0.000304436 0 0.000304436)
(0.000236136 0 0 0.000236136 0 0.000236136)
(0.000192007 0 0 0.000192007 0 0.000192007)
(0.000167266 0 0 0.000167266 0 0.000167266)
(0.00499492 0 0 0.00499492 0 0.00499492)
(0.00509815 0 0 0.00509815 0 0.00509815)
(0.00508537 0 0 0.00508537 0 0.00508537)
(0.00503462 0 0 0.00503462 0 0.00503462)
(0.00495277 0 0 0.00495277 0 0.00495277)
(0.0048437 0 0 0.0048437 0 0.0048437)
(0.00470997 0 0 0.00470997 0 0.00470997)
(0.00455291 0 0 0.00455291 0 0.00455291)
(0.00437349 0 0 0.00437349 0 0.00437349)
(0.00417256 0 0 0.00417256 0 0.00417256)
(0.00395091 0 0 0.00395091 0 0.00395091)
(0.00370912 0 0 0.00370912 0 0.00370912)
(0.00344731 0 0 0.00344731 0 0.00344731)
(0.00316478 0 0 0.00316478 0 0.00316478)
(0.00286034 0 0 0.00286034 0 0.00286034)
(0.00253418 0 0 0.00253418 0 0.00253418)
(0.00219208 0 0 0.00219208 0 0.00219208)
(0.00184888 0 0 0.00184888 0 0.00184888)
(0.00152633 0 0 0.00152633 0 0.00152633)
(0.00124603 0 0 0.00124603 0 0.00124603)
(0.00102315 0 0 0.00102315 0 0.00102315)
(0.00085871 0 0 0.00085871 0 0.00085871)
(0.00073035 0 0 0.00073035 0 0.00073035)
(0.000609221 0 0 0.000609221 0 0.000609221)
(0.000489273 0 0 0.000489273 0 0.000489273)
(0.000380231 0 0 0.000380231 0 0.000380231)
(0.000291553 0 0 0.000291553 0 0.000291553)
(0.000227549 0 0 0.000227549 0 0.000227549)
(0.000187045 0 0 0.000187045 0 0.000187045)
(0.000164801 0 0 0.000164801 0 0.000164801)
(0.00527923 0 0 0.00527923 0 0.00527923)
(0.00598399 0 0 0.00598399 0 0.00598399)
(0.00597172 0 0 0.00597172 0 0.00597172)
(0.00590229 0 0 0.00590229 0 0.00590229)
(0.0058073 0 0 0.0058073 0 0.0058073)
(0.00568166 0 0 0.00568166 0 0.00568166)
(0.00552699 0 0 0.00552699 0 0.00552699)
(0.00534445 0 0 0.00534445 0 0.00534445)
(0.0051351 0 0 0.0051351 0 0.0051351)
(0.00490015 0 0 0.00490015 0 0.00490015)
(0.00464091 0 0 0.00464091 0 0.00464091)
(0.00435869 0 0 0.00435869 0 0.00435869)
(0.00405439 0 0 0.00405439 0 0.00405439)
(0.00372787 0 0 0.00372787 0 0.00372787)
(0.00337743 0 0 0.00337743 0 0.00337743)
(0.00300038 0 0 0.00300038 0 0.00300038)
(0.00259705 0 0 0.00259705 0 0.00259705)
(0.00217845 0 0 0.00217845 0 0.00217845)
(0.00177007 0 0 0.00177007 0 0.00177007)
(0.00140234 0 0 0.00140234 0 0.00140234)
(0.00109734 0 0 0.00109734 0 0.00109734)
(0.000864381 0 0 0.000864381 0 0.000864381)
(0.000695453 0 0 0.000695453 0 0.000695453)
(0.000562398 0 0 0.000562398 0 0.000562398)
(0.000443567 0 0 0.000443567 0 0.000443567)
(0.000340588 0 0 0.000340588 0 0.000340588)
(0.000261548 0 0 0.000261548 0 0.000261548)
(0.000209149 0 0 0.000209149 0 0.000209149)
(0.000179551 0 0 0.000179551 0 0.000179551)
(0.000165428 0 0 0.000165428 0 0.000165428)
(0.00529084 0 0 0.00529084 0 0.00529084)
(0.006161 0 0 0.006161 0 0.006161)
(0.00614614 0 0 0.00614614 0 0.00614614)
(0.00607158 0 0 0.00607158 0 0.00607158)
(0.00597544 0 0 0.00597544 0 0.00597544)
(0.0058483 0 0 0.0058483 0 0.0058483)
(0.00569144 0 0 0.00569144 0 0.00569144)
(0.00550595 0 0 0.00550595 0 0.00550595)
(0.00529284 0 0 0.00529284 0 0.00529284)
(0.0050533 0 0 0.0050533 0 0.0050533)
(0.00478866 0 0 0.00478866 0 0.00478866)
(0.00450028 0 0 0.00450028 0 0.00450028)
(0.00418916 0 0 0.00418916 0 0.00418916)
(0.00385532 0 0 0.00385532 0 0.00385532)
(0.00349721 0 0 0.00349721 0 0.00349721)
(0.00311209 0 0 0.00311209 0 0.00311209)
(0.00269957 0 0 0.00269957 0 0.00269957)
(0.00226914 0 0 0.00226914 0 0.00226914)
(0.00184539 0 0 0.00184539 0 0.00184539)
(0.00145983 0 0 0.00145983 0 0.00145983)
(0.00113609 0 0 0.00113609 0 0.00113609)
(0.000884734 0 0 0.000884734 0 0.000884734)
(0.000701832 0 0 0.000701832 0 0.000701832)
(0.000563662 0 0 0.000563662 0 0.000563662)
(0.000444886 0 0 0.000444886 0 0.000444886)
(0.000342262 0 0 0.000342262 0 0.000342262)
(0.000262934 0 0 0.000262934 0 0.000262934)
(0.000209979 0 0 0.000209979 0 0.000209979)
(0.000179911 0 0 0.000179911 0 0.000179911)
(0.000165525 0 0 0.000165525 0 0.000165525)
(0.00531917 0 0 0.00531917 0 0.00531917)
(0.00620223 0 0 0.00620223 0 0.00620223)
(0.00618384 0 0 0.00618384 0 0.00618384)
(0.0061078 0 0 0.0061078 0 0.0061078)
(0.0060107 0 0 0.0060107 0 0.0060107)
(0.00588234 0 0 0.00588234 0 0.00588234)
(0.00572393 0 0 0.00572393 0 0.00572393)
(0.00553656 0 0 0.00553656 0 0.00553656)
(0.00532126 0 0 0.00532126 0 0.00532126)
(0.0050792 0 0 0.0050792 0 0.0050792)
(0.00481177 0 0 0.00481177 0 0.00481177)
(0.00452038 0 0 0.00452038 0 0.00452038)
(0.00420614 0 0 0.00420614 0 0.00420614)
(0.00386918 0 0 0.00386918 0 0.00386918)
(0.00350815 0 0 0.00350815 0 0.00350815)
(0.0031205 0 0 0.0031205 0 0.0031205)
(0.0027059 0 0 0.0027059 0 0.0027059)
(0.00227377 0 0 0.00227377 0 0.00227377)
(0.00184848 0 0 0.00184848 0 0.00184848)
(0.00146137 0 0 0.00146137 0 0.00146137)
(0.00113604 0 0 0.00113604 0 0.00113604)
(0.000883007 0 0 0.000883007 0 0.000883007)
(0.000698718 0 0 0.000698718 0 0.000698718)
(0.000560194 0 0 0.000560194 0 0.000560194)
(0.000441941 0 0 0.000441941 0 0.000441941)
(0.000340075 0 0 0.000340075 0 0.000340075)
(0.000261464 0 0 0.000261464 0 0.000261464)
(0.000209098 0 0 0.000209098 0 0.000209098)
(0.000179447 0 0 0.000179447 0 0.000179447)
(0.000165312 0 0 0.000165312 0 0.000165312)
(0.0053396 0 0 0.0053396 0 0.0053396)
(0.00623941 0 0 0.00623941 0 0.00623941)
(0.00622153 0 0 0.00622153 0 0.00622153)
(0.00614503 0 0 0.00614503 0 0.00614503)
(0.00604733 0 0 0.00604733 0 0.00604733)
(0.00591815 0 0 0.00591815 0 0.00591815)
(0.00575869 0 0 0.00575869 0 0.00575869)
(0.00557 0 0 0.00557 0 0.00557)
(0.00535309 0 0 0.00535309 0 0.00535309)
(0.00510916 0 0 0.00510916 0 0.00510916)
(0.00483957 0 0 0.00483957 0 0.00483957)
(0.00454581 0 0 0.00454581 0 0.00454581)
(0.00422905 0 0 0.00422905 0 0.00422905)
(0.00388959 0 0 0.00388959 0 0.00388959)
(0.00352627 0 0 0.00352627 0 0.00352627)
(0.00313672 0 0 0.00313672 0 0.00313672)
(0.00272068 0 0 0.00272068 0 0.00272068)
(0.0022872 0 0 0.0022872 0 0.0022872)
(0.00186013 0 0 0.00186013 0 0.00186013)
(0.00147068 0 0 0.00147068 0 0.00147068)
(0.00114265 0 0 0.00114265 0 0.00114265)
(0.00088687 0 0 0.00088687 0 0.00088687)
(0.000700425 0 0 0.000700425 0 0.000700425)
(0.000561113 0 0 0.000561113 0 0.000561113)
(0.000442907 0 0 0.000442907 0 0.000442907)
(0.000341028 0 0 0.000341028 0 0.000341028)
(0.000262202 0 0 0.000262202 0 0.000262202)
(0.000209552 0 0 0.000209552 0 0.000209552)
(0.000179667 0 0 0.000179667 0 0.000179667)
(0.000165395 0 0 0.000165395 0 0.000165395)
(0.00544243 0 0 0.00544243 0 0.00544243)
(0.0061132 0 0 0.0061132 0 0.0061132)
(0.00607181 0 0 0.00607181 0 0.00607181)
(0.00599514 0 0 0.00599514 0 0.00599514)
(0.00589575 0 0 0.00589575 0 0.00589575)
(0.00576477 0 0 0.00576477 0 0.00576477)
(0.00560365 0 0 0.00560365 0 0.00560365)
(0.00541353 0 0 0.00541353 0 0.00541353)
(0.00519555 0 0 0.00519555 0 0.00519555)
(0.00495094 0 0 0.00495094 0 0.00495094)
(0.00468111 0 0 0.00468111 0 0.00468111)
(0.00438746 0 0 0.00438746 0 0.00438746)
(0.00407095 0 0 0.00407095 0 0.00407095)
(0.00373158 0 0 0.00373158 0 0.00373158)
(0.0033679 0 0 0.0033679 0 0.0033679)
(0.00297798 0 0 0.00297798 0 0.00297798)
(0.00256368 0 0 0.00256368 0 0.00256368)
(0.00213804 0 0 0.00213804 0 0.00213804)
(0.00172759 0 0 0.00172759 0 0.00172759)
(0.0013616 0 0 0.0013616 0 0.0013616)
(0.00105975 0 0 0.00105975 0 0.00105975)
(0.000829329 0 0 0.000829329 0 0.000829329)
(0.000662044 0 0 0.000662044 0 0.000662044)
(0.0005315 0 0 0.0005315 0 0.0005315)
(0.000417325 0 0 0.000417325 0 0.000417325)
(0.000320573 0 0 0.000320573 0 0.000320573)
(0.000248054 0 0 0.000248054 0 0.000248054)
(0.000201247 0 0 0.000201247 0 0.000201247)
(0.000175581 0 0 0.000175581 0 0.000175581)
(0.000163725 0 0 0.000163725 0 0.000163725)
(0.00549018 0 0 0.00549018 0 0.00549018)
(0.00689632 0 0 0.00689632 0 0.00689632)
(0.00683025 0 0 0.00683025 0 0.00683025)
(0.00672735 0 0 0.00672735 0 0.00672735)
(0.0066234 0 0 0.0066234 0 0.0066234)
(0.00648682 0 0 0.00648682 0 0.00648682)
(0.00631728 0 0 0.00631728 0 0.00631728)
(0.00611556 0 0 0.00611556 0 0.00611556)
(0.00588247 0 0 0.00588247 0 0.00588247)
(0.00561891 0 0 0.00561891 0 0.00561891)
(0.00532597 0 0 0.00532597 0 0.00532597)
(0.00500474 0 0 0.00500474 0 0.00500474)
(0.00465603 0 0 0.00465603 0 0.00465603)
(0.00427975 0 0 0.00427975 0 0.00427975)
(0.00387438 0 0 0.00387438 0 0.00387438)
(0.0034373 0 0 0.0034373 0 0.0034373)
(0.00296806 0 0 0.00296806 0 0.00296806)
(0.00247634 0 0 0.00247634 0 0.00247634)
(0.00198948 0 0 0.00198948 0 0.00198948)
(0.00154545 0 0 0.00154545 0 0.00154545)
(0.00117263 0 0 0.00117263 0 0.00117263)
(0.000881598 0 0 0.000881598 0 0.000881598)
(0.000669851 0 0 0.000669851 0 0.000669851)
(0.000518722 0 0 0.000518722 0 0.000518722)
(0.000400597 0 0 0.000400597 0 0.000400597)
(0.000305815 0 0 0.000305815 0 0.000305815)
(0.00023797 0 0 0.00023797 0 0.00023797)
(0.000197025 0 0 0.000197025 0 0.000197025)
(0.000176602 0 0 0.000176602 0 0.000176602)
(0.000168295 0 0 0.000168295 0 0.000168295)
(0.00541403 0 0 0.00541403 0 0.00541403)
(0.00705813 0 0 0.00705813 0 0.00705813)
(0.00698785 0 0 0.00698785 0 0.00698785)
(0.00687722 0 0 0.00687722 0 0.00687722)
(0.00677751 0 0 0.00677751 0 0.00677751)
(0.006647 0 0 0.006647 0 0.006647)
(0.00648443 0 0 0.00648443 0 0.00648443)
(0.00629035 0 0 0.00629035 0 0.00629035)
(0.00606518 0 0 0.00606518 0 0.00606518)
(0.00580927 0 0 0.00580927 0 0.00580927)
(0.00552292 0 0 0.00552292 0 0.00552292)
(0.00520627 0 0 0.00520627 0 0.00520627)
(0.00485905 0 0 0.00485905 0 0.00485905)
(0.00448022 0 0 0.00448022 0 0.00448022)
(0.00406767 0 0 0.00406767 0 0.00406767)
(0.0036188 0 0 0.0036188 0 0.0036188)
(0.00313376 0 0 0.00313376 0 0.00313376)
(0.00262261 0 0 0.00262261 0 0.00262261)
(0.00211272 0 0 0.00211272 0 0.00211272)
(0.00164335 0 0 0.00164335 0 0.00164335)
(0.00124557 0 0 0.00124557 0 0.00124557)
(0.000931161 0 0 0.000931161 0 0.000931161)
(0.000698632 0 0 0.000698632 0 0.000698632)
(0.000534023 0 0 0.000534023 0 0.000534023)
(0.000410712 0 0 0.000410712 0 0.000410712)
(0.000313266 0 0 0.000313266 0 0.000313266)
(0.000242744 0 0 0.000242744 0 0.000242744)
(0.000199491 0 0 0.000199491 0 0.000199491)
(0.000177588 0 0 0.000177588 0 0.000177588)
(0.000168576 0 0 0.000168576 0 0.000168576)
(0.00539651 0 0 0.00539651 0 0.00539651)
(0.00703743 0 0 0.00703743 0 0.00703743)
(0.00697436 0 0 0.00697436 0 0.00697436)
(0.00686725 0 0 0.00686725 0 0.00686725)
(0.00676959 0 0 0.00676959 0 0.00676959)
(0.00664176 0 0 0.00664176 0 0.00664176)
(0.00648263 0 0 0.00648263 0 0.00648263)
(0.00629272 0 0 0.00629272 0 0.00629272)
(0.00607238 0 0 0.00607238 0 0.00607238)
(0.00582181 0 0 0.00582181 0 0.00582181)
(0.00554104 0 0 0.00554104 0 0.00554104)
(0.00522983 0 0 0.00522983 0 0.00522983)
(0.00488745 0 0 0.00488745 0 0.00488745)
(0.00451235 0 0 0.00451235 0 0.00451235)
(0.00410201 0 0 0.00410201 0 0.00410201)
(0.00365363 0 0 0.00365363 0 0.00365363)
(0.00316735 0 0 0.00316735 0 0.00316735)
(0.00265341 0 0 0.00265341 0 0.00265341)
(0.00213944 0 0 0.00213944 0 0.00213944)
(0.00166531 0 0 0.00166531 0 0.00166531)
(0.00126285 0 0 0.00126285 0 0.00126285)
(0.000944293 0 0 0.000944293 0 0.000944293)
(0.000708292 0 0 0.000708292 0 0.000708292)
(0.000541137 0 0 0.000541137 0 0.000541137)
(0.000416099 0 0 0.000416099 0 0.000416099)
(0.000317141 0 0 0.000317141 0 0.000317141)
(0.000245194 0 0 0.000245194 0 0.000245194)
(0.000200808 0 0 0.000200808 0 0.000200808)
(0.000178183 0 0 0.000178183 0 0.000178183)
(0.0001688 0 0 0.0001688 0 0.0001688)
(0.00536095 0 0 0.00536095 0 0.00536095)
(0.00702736 0 0 0.00702736 0 0.00702736)
(0.00696873 0 0 0.00696873 0 0.00696873)
(0.00686237 0 0 0.00686237 0 0.00686237)
(0.00676617 0 0 0.00676617 0 0.00676617)
(0.00664036 0 0 0.00664036 0 0.00664036)
(0.0064838 0 0 0.0064838 0 0.0064838)
(0.00629705 0 0 0.00629705 0 0.00629705)
(0.00608043 0 0 0.00608043 0 0.00608043)
(0.0058341 0 0 0.0058341 0 0.0058341)
(0.00555794 0 0 0.00555794 0 0.00555794)
(0.00525146 0 0 0.00525146 0 0.00525146)
(0.00491354 0 0 0.00491354 0 0.00491354)
(0.00454216 0 0 0.00454216 0 0.00454216)
(0.0041343 0 0 0.0041343 0 0.0041343)
(0.00368673 0 0 0.00368673 0 0.00368673)
(0.00319945 0 0 0.00319945 0 0.00319945)
(0.00268282 0 0 0.00268282 0 0.00268282)
(0.00216486 0 0 0.00216486 0 0.00216486)
(0.00168606 0 0 0.00168606 0 0.00168606)
(0.00127898 0 0 0.00127898 0 0.00127898)
(0.000956255 0 0 0.000956255 0 0.000956255)
(0.000716655 0 0 0.000716655 0 0.000716655)
(0.000546917 0 0 0.000546917 0 0.000546917)
(0.000420409 0 0 0.000420409 0 0.000420409)
(0.000320307 0 0 0.000320307 0 0.000320307)
(0.000247232 0 0 0.000247232 0 0.000247232)
(0.00020191 0 0 0.00020191 0 0.00020191)
(0.000178674 0 0 0.000178674 0 0.000178674)
(0.000168977 0 0 0.000168977 0 0.000168977)
(0.00536891 0 0 0.00536891 0 0.00536891)
(0.00703367 0 0 0.00703367 0 0.00703367)
(0.00697732 0 0 0.00697732 0 0.00697732)
(0.00687253 0 0 0.00687253 0 0.00687253)
(0.0067772 0 0 0.0067772 0 0.0067772)
(0.00665251 0 0 0.00665251 0 0.00665251)
(0.00649746 0 0 0.00649746 0 0.00649746)
(0.00631261 0 0 0.00631261 0 0.00631261)
(0.00609833 0 0 0.00609833 0 0.00609833)
(0.00585472 0 0 0.00585472 0 0.00585472)
(0.00558156 0 0 0.00558156 0 0.00558156)
(0.00527814 0 0 0.00527814 0 0.00527814)
(0.00494301 0 0 0.00494301 0 0.00494301)
(0.00457372 0 0 0.00457372 0 0.00457372)
(0.00416678 0 0 0.00416678 0 0.00416678)
(0.00371864 0 0 0.00371864 0 0.00371864)
(0.00322925 0 0 0.00322925 0 0.00322925)
(0.00270931 0 0 0.00270931 0 0.00270931)
(0.00218724 0 0 0.00218724 0 0.00218724)
(0.001704 0 0 0.001704 0 0.001704)
(0.00129265 0 0 0.00129265 0 0.00129265)
(0.000966047 0 0 0.000966047 0 0.000966047)
(0.000723056 0 0 0.000723056 0 0.000723056)
(0.00055092 0 0 0.00055092 0 0.00055092)
(0.000423263 0 0 0.000423263 0 0.000423263)
(0.000322432 0 0 0.000322432 0 0.000322432)
(0.000248615 0 0 0.000248615 0 0.000248615)
(0.00020265 0 0 0.00020265 0 0.00020265)
(0.00017899 0 0 0.00017899 0 0.00017899)
(0.00016908 0 0 0.00016908 0 0.00016908)
(0.00545391 0 0 0.00545391 0 0.00545391)
(0.00690361 0 0 0.00690361 0 0.00690361)
(0.00683773 0 0 0.00683773 0 0.00683773)
(0.00673843 0 0 0.00673843 0 0.00673843)
(0.00664183 0 0 0.00664183 0 0.00664183)
(0.0065153 0 0 0.0065153 0 0.0065153)
(0.00635847 0 0 0.00635847 0 0.00635847)
(0.00617202 0 0 0.00617202 0 0.00617202)
(0.00595644 0 0 0.00595644 0 0.00595644)
(0.00571198 0 0 0.00571198 0 0.00571198)
(0.00543853 0 0 0.00543853 0 0.00543853)
(0.00513549 0 0 0.00513549 0 0.00513549)
(0.00480138 0 0 0.00480138 0 0.00480138)
(0.00443367 0 0 0.00443367 0 0.00443367)
(0.00402877 0 0 0.00402877 0 0.00402877)
(0.00358329 0 0 0.00358329 0 0.00358329)
(0.00309808 0 0 0.00309808 0 0.00309808)
(0.00258585 0 0 0.00258585 0 0.00258585)
(0.00207733 0 0 0.00207733 0 0.00207733)
(0.00161307 0 0 0.00161307 0 0.00161307)
(0.00122263 0 0 0.00122263 0 0.00122263)
(0.000916225 0 0 0.000916225 0 0.000916225)
(0.000691311 0 0 0.000691311 0 0.000691311)
(0.000531457 0 0 0.000531457 0 0.000531457)
(0.000409139 0 0 0.000409139 0 0.000409139)
(0.000311664 0 0 0.000311664 0 0.000311664)
(0.0002415 0 0 0.0002415 0 0.0002415)
(0.000198808 0 0 0.000198808 0 0.000198808)
(0.000177337 0 0 0.000177337 0 0.000177337)
(0.000168535 0 0 0.000168535 0 0.000168535)
(0.00492078 0 0 0.00492078 0 0.00492078)
(0.00696091 0 0 0.00696091 0 0.00696091)
(0.00696288 0 0 0.00696288 0 0.00696288)
(0.00685777 0 0 0.00685777 0 0.00685777)
(0.00676323 0 0 0.00676323 0 0.00676323)
(0.00664044 0 0 0.00664044 0 0.00664044)
(0.00648861 0 0 0.00648861 0 0.00648861)
(0.00630948 0 0 0.00630948 0 0.00630948)
(0.00610492 0 0 0.00610492 0 0.00610492)
(0.00587695 0 0 0.00587695 0 0.00587695)
(0.00562738 0 0 0.00562738 0 0.00562738)
(0.00535724 0 0 0.00535724 0 0.00535724)
(0.0050657 0 0 0.0050657 0 0.0050657)
(0.00474857 0 0 0.00474857 0 0.00474857)
(0.00439688 0 0 0.00439688 0 0.00439688)
(0.00399683 0 0 0.00399683 0 0.00399683)
(0.00353452 0 0 0.00353452 0 0.00353452)
(0.0030088 0 0 0.0030088 0 0.0030088)
(0.00244767 0 0 0.00244767 0 0.00244767)
(0.00190684 0 0 0.00190684 0 0.00190684)
(0.00143838 0 0 0.00143838 0 0.00143838)
(0.00106489 0 0 0.00106489 0 0.00106489)
(0.000786489 0 0 0.000786489 0 0.000786489)
(0.000590559 0 0 0.000590559 0 0.000590559)
(0.000448652 0 0 0.000448652 0 0.000448652)
(0.000338298 0 0 0.000338298 0 0.000338298)
(0.000258123 0 0 0.000258123 0 0.000258123)
(0.000208902 0 0 0.000208902 0 0.000208902)
(0.00018418 0 0 0.00018418 0 0.00018418)
(0.000174163 0 0 0.000174163 0 0.000174163)
(0.00461176 0 0 0.00461176 0 0.00461176)
(0.00691241 0 0 0.00691241 0 0.00691241)
(0.00696885 0 0 0.00696885 0 0.00696885)
(0.00686424 0 0 0.00686424 0 0.00686424)
(0.00677182 0 0 0.00677182 0 0.00677182)
(0.00665216 0 0 0.00665216 0 0.00665216)
(0.00650394 0 0 0.00650394 0 0.00650394)
(0.00632906 0 0 0.00632906 0 0.00632906)
(0.00612972 0 0 0.00612972 0 0.00612972)
(0.00590845 0 0 0.00590845 0 0.00590845)
(0.00566783 0 0 0.00566783 0 0.00566783)
(0.00540994 0 0 0.00540994 0 0.00540994)
(0.0051351 0 0 0.0051351 0 0.0051351)
(0.00484007 0 0 0.00484007 0 0.00484007)
(0.0045157 0 0 0.0045157 0 0.0045157)
(0.00414571 0 0 0.00414571 0 0.00414571)
(0.00371004 0 0 0.00371004 0 0.00371004)
(0.00319837 0 0 0.00319837 0 0.00319837)
(0.00263125 0 0 0.00263125 0 0.00263125)
(0.00206587 0 0 0.00206587 0 0.00206587)
(0.00156457 0 0 0.00156457 0 0.00156457)
(0.00115914 0 0 0.00115914 0 0.00115914)
(0.000852642 0 0 0.000852642 0 0.000852642)
(0.000634829 0 0 0.000634829 0 0.000634829)
(0.000480118 0 0 0.000480118 0 0.000480118)
(0.000361424 0 0 0.000361424 0 0.000361424)
(0.000273271 0 0 0.000273271 0 0.000273271)
(0.000217169 0 0 0.000217169 0 0.000217169)
(0.000187856 0 0 0.000187856 0 0.000187856)
(0.000175478 0 0 0.000175478 0 0.000175478)
(0.00459959 0 0 0.00459959 0 0.00459959)
(0.00690313 0 0 0.00690313 0 0.00690313)
(0.00696885 0 0 0.00696885 0 0.00696885)
(0.00686705 0 0 0.00686705 0 0.00686705)
(0.00677478 0 0 0.00677478 0 0.00677478)
(0.00665507 0 0 0.00665507 0 0.00665507)
(0.0065068 0 0 0.0065068 0 0.0065068)
(0.00633185 0 0 0.00633185 0 0.00633185)
(0.00613247 0 0 0.00613247 0 0.00613247)
(0.00591123 0 0 0.00591123 0 0.00591123)
(0.0056709 0 0 0.0056709 0 0.0056709)
(0.00541379 0 0 0.00541379 0 0.00541379)
(0.00514059 0 0 0.00514059 0 0.00514059)
(0.00484841 0 0 0.00484841 0 0.00484841)
(0.00452835 0 0 0.00452835 0 0.00452835)
(0.00416391 0 0 0.00416391 0 0.00416391)
(0.00373397 0 0 0.00373397 0 0.00373397)
(0.00322626 0 0 0.00322626 0 0.00322626)
(0.00265955 0 0 0.00265955 0 0.00265955)
(0.00209093 0 0 0.00209093 0 0.00209093)
(0.00158458 0 0 0.00158458 0 0.00158458)
(0.00117414 0 0 0.00117414 0 0.00117414)
(0.000863384 0 0 0.000863384 0 0.000863384)
(0.00064231 0 0 0.00064231 0 0.00064231)
(0.000485561 0 0 0.000485561 0 0.000485561)
(0.000365427 0 0 0.000365427 0 0.000365427)
(0.000275893 0 0 0.000275893 0 0.000275893)
(0.000218607 0 0 0.000218607 0 0.000218607)
(0.000188504 0 0 0.000188504 0 0.000188504)
(0.000175716 0 0 0.000175716 0 0.000175716)
(0.00462695 0 0 0.00462695 0 0.00462695)
(0.00691343 0 0 0.00691343 0 0.00691343)
(0.00698169 0 0 0.00698169 0 0.00698169)
(0.00688229 0 0 0.00688229 0 0.00688229)
(0.00678997 0 0 0.00678997 0 0.00678997)
(0.00666992 0 0 0.00666992 0 0.00666992)
(0.00652127 0 0 0.00652127 0 0.00652127)
(0.00634591 0 0 0.00634591 0 0.00634591)
(0.00614608 0 0 0.00614608 0 0.00614608)
(0.00592442 0 0 0.00592442 0 0.00592442)
(0.00568381 0 0 0.00568381 0 0.00568381)
(0.00542673 0 0 0.00542673 0 0.00542673)
(0.00515413 0 0 0.00515413 0 0.00515413)
(0.00486342 0 0 0.00486342 0 0.00486342)
(0.0045459 0 0 0.0045459 0 0.0045459)
(0.00418488 0 0 0.00418488 0 0.00418488)
(0.00375844 0 0 0.00375844 0 0.00375844)
(0.00325284 0 0 0.00325284 0 0.00325284)
(0.00268549 0 0 0.00268549 0 0.00268549)
(0.00211343 0 0 0.00211343 0 0.00211343)
(0.00160229 0 0 0.00160229 0 0.00160229)
(0.00118716 0 0 0.00118716 0 0.00118716)
(0.00087229 0 0 0.00087229 0 0.00087229)
(0.00064794 0 0 0.00064794 0 0.00064794)
(0.00048931 0 0 0.00048931 0 0.00048931)
(0.000368174 0 0 0.000368174 0 0.000368174)
(0.000277734 0 0 0.000277734 0 0.000277734)
(0.000219629 0 0 0.000219629 0 0.000219629)
(0.000188959 0 0 0.000188959 0 0.000188959)
(0.000175875 0 0 0.000175875 0 0.000175875)
(0.00479499 0 0 0.00479499 0 0.00479499)
(0.00687067 0 0 0.00687067 0 0.00687067)
(0.00691057 0 0 0.00691057 0 0.00691057)
(0.00681451 0 0 0.00681451 0 0.00681451)
(0.00672083 0 0 0.00672083 0 0.00672083)
(0.00659869 0 0 0.00659869 0 0.00659869)
(0.00644783 0 0 0.00644783 0 0.00644783)
(0.00627015 0 0 0.00627015 0 0.00627015)
(0.00606789 0 0 0.00606789 0 0.00606789)
(0.00584364 0 0 0.00584364 0 0.00584364)
(0.00560013 0 0 0.00560013 0 0.00560013)
(0.00533962 0 0 0.00533962 0 0.00533962)
(0.00506269 0 0 0.00506269 0 0.00506269)
(0.00476624 0 0 0.00476624 0 0.00476624)
(0.00444109 0 0 0.00444109 0 0.00444109)
(0.00407059 0 0 0.00407059 0 0.00407059)
(0.00363442 0 0 0.00363442 0 0.00363442)
(0.00312305 0 0 0.00312305 0 0.00312305)
(0.00255957 0 0 0.00255957 0 0.00255957)
(0.00200308 0 0 0.00200308 0 0.00200308)
(0.00151422 0 0 0.00151422 0 0.00151422)
(0.00112171 0 0 0.00112171 0 0.00112171)
(0.000827424 0 0 0.000827424 0 0.000827424)
(0.000619647 0 0 0.000619647 0 0.000619647)
(0.000470254 0 0 0.000470254 0 0.000470254)
(0.000354013 0 0 0.000354013 0 0.000354013)
(0.000268167 0 0 0.000268167 0 0.000268167)
(0.000214285 0 0 0.000214285 0 0.000214285)
(0.000186561 0 0 0.000186561 0 0.000186561)
(0.000175026 0 0 0.000175026 0 0.000175026)
(0.00457418 0 0 0.00457418 0 0.00457418)
(0.0070025 0 0 0.0070025 0 0.0070025)
(0.00708711 0 0 0.00708711 0 0.00708711)
(0.00698377 0 0 0.00698377 0 0.00698377)
(0.00688724 0 0 0.00688724 0 0.00688724)
(0.0067615 0 0 0.0067615 0 0.0067615)
(0.00660541 0 0 0.00660541 0 0.00660541)
(0.00642088 0 0 0.00642088 0 0.00642088)
(0.00621028 0 0 0.00621028 0 0.00621028)
(0.00597662 0 0 0.00597662 0 0.00597662)
(0.00572349 0 0 0.00572349 0 0.00572349)
(0.00545477 0 0 0.00545477 0 0.00545477)
(0.00517355 0 0 0.00517355 0 0.00517355)
(0.00488005 0 0 0.00488005 0 0.00488005)
(0.00456834 0 0 0.00456834 0 0.00456834)
(0.00422262 0 0 0.00422262 0 0.00422262)
(0.00381706 0 0 0.00381706 0 0.00381706)
(0.00332798 0 0 0.00332798 0 0.00332798)
(0.00276227 0 0 0.00276227 0 0.00276227)
(0.00217651 0 0 0.00217651 0 0.00217651)
(0.001646 0 0 0.001646 0 0.001646)
(0.00121421 0 0 0.00121421 0 0.00121421)
(0.000887747 0 0 0.000887747 0 0.000887747)
(0.000656546 0 0 0.000656546 0 0.000656546)
(0.000494104 0 0 0.000494104 0 0.000494104)
(0.000370485 0 0 0.000370485 0 0.000370485)
(0.000278853 0 0 0.000278853 0 0.000278853)
(0.000220784 0 0 0.000220784 0 0.000220784)
(0.000190723 0 0 0.000190723 0 0.000190723)
(0.000178193 0 0 0.000178193 0 0.000178193)
(0.00431904 0 0 0.00431904 0 0.00431904)
(0.00702288 0 0 0.00702288 0 0.00702288)
(0.00716629 0 0 0.00716629 0 0.00716629)
(0.00706135 0 0 0.00706135 0 0.00706135)
(0.00696606 0 0 0.00696606 0 0.00696606)
(0.00684237 0 0 0.00684237 0 0.00684237)
(0.00668824 0 0 0.00668824 0 0.00668824)
(0.00650551 0 0 0.00650551 0 0.00650551)
(0.00629649 0 0 0.00629649 0 0.00629649)
(0.00606418 0 0 0.00606418 0 0.00606418)
(0.00581237 0 0 0.00581237 0 0.00581237)
(0.00554537 0 0 0.00554537 0 0.00554537)
(0.0052672 0 0 0.0052672 0 0.0052672)
(0.00497963 0 0 0.00497963 0 0.00497963)
(0.00467871 0 0 0.00467871 0 0.00467871)
(0.0043502 0 0 0.0043502 0 0.0043502)
(0.00396704 0 0 0.00396704 0 0.00396704)
(0.00349844 0 0 0.00349844 0 0.00349844)
(0.00293909 0 0 0.00293909 0 0.00293909)
(0.00233818 0 0 0.00233818 0 0.00233818)
(0.00177755 0 0 0.00177755 0 0.00177755)
(0.00131302 0 0 0.00131302 0 0.00131302)
(0.000957069 0 0 0.000957069 0 0.000957069)
(0.000701552 0 0 0.000701552 0 0.000701552)
(0.000524098 0 0 0.000524098 0 0.000524098)
(0.000392424 0 0 0.000392424 0 0.000392424)
(0.000293714 0 0 0.000293714 0 0.000293714)
(0.00022915 0 0 0.00022915 0 0.00022915)
(0.000194515 0 0 0.000194515 0 0.000194515)
(0.000179559 0 0 0.000179559 0 0.000179559)
(0.00427993 0 0 0.00427993 0 0.00427993)
(0.00701577 0 0 0.00701577 0 0.00701577)
(0.00717378 0 0 0.00717378 0 0.00717378)
(0.00707069 0 0 0.00707069 0 0.00707069)
(0.00697552 0 0 0.00697552 0 0.00697552)
(0.00685185 0 0 0.00685185 0 0.00685185)
(0.00669765 0 0 0.00669765 0 0.00669765)
(0.0065147 0 0 0.0065147 0 0.0065147)
(0.00630527 0 0 0.00630527 0 0.00630527)
(0.00607235 0 0 0.00607235 0 0.00607235)
(0.00581971 0 0 0.00581971 0 0.00581971)
(0.00555178 0 0 0.00555178 0 0.00555178)
(0.00527286 0 0 0.00527286 0 0.00527286)
(0.00498526 0 0 0.00498526 0 0.00498526)
(0.00468583 0 0 0.00468583 0 0.00468583)
(0.00436122 0 0 0.00436122 0 0.00436122)
(0.00398469 0 0 0.00398469 0 0.00398469)
(0.00352386 0 0 0.00352386 0 0.00352386)
(0.00296968 0 0 0.00296968 0 0.00296968)
(0.00236839 0 0 0.00236839 0 0.00236839)
(0.00180296 0 0 0.00180296 0 0.00180296)
(0.00133244 0 0 0.00133244 0 0.00133244)
(0.000971139 0 0 0.000971139 0 0.000971139)
(0.000711346 0 0 0.000711346 0 0.000711346)
(0.000531073 0 0 0.000531073 0 0.000531073)
(0.000397609 0 0 0.000397609 0 0.000397609)
(0.000297241 0 0 0.000297241 0 0.000297241)
(0.000231162 0 0 0.000231162 0 0.000231162)
(0.000195453 0 0 0.000195453 0 0.000195453)
(0.000179913 0 0 0.000179913 0 0.000179913)
(0.00431209 0 0 0.00431209 0 0.00431209)
(0.0070376 0 0 0.0070376 0 0.0070376)
(0.00719514 0 0 0.00719514 0 0.00719514)
(0.00709342 0 0 0.00709342 0 0.00709342)
(0.00699822 0 0 0.00699822 0 0.00699822)
(0.00687429 0 0 0.00687429 0 0.00687429)
(0.00671979 0 0 0.00671979 0 0.00671979)
(0.00653649 0 0 0.00653649 0 0.00653649)
(0.00632664 0 0 0.00632664 0 0.00632664)
(0.00609322 0 0 0.00609322 0 0.00609322)
(0.00584002 0 0 0.00584002 0 0.00584002)
(0.00557153 0 0 0.00557153 0 0.00557153)
(0.00529215 0 0 0.00529215 0 0.00529215)
(0.00500435 0 0 0.00500435 0 0.00500435)
(0.00470524 0 0 0.00470524 0 0.00470524)
(0.00438159 0 0 0.00438159 0 0.00438159)
(0.00400651 0 0 0.00400651 0 0.00400651)
(0.00354682 0 0 0.00354682 0 0.00354682)
(0.00299232 0 0 0.00299232 0 0.00299232)
(0.00238853 0 0 0.00238853 0 0.00238853)
(0.00181906 0 0 0.00181906 0 0.00181906)
(0.00134429 0 0 0.00134429 0 0.00134429)
(0.000979214 0 0 0.000979214 0 0.000979214)
(0.000716252 0 0 0.000716252 0 0.000716252)
(0.000533994 0 0 0.000533994 0 0.000533994)
(0.000399677 0 0 0.000399677 0 0.000399677)
(0.000298681 0 0 0.000298681 0 0.000298681)
(0.000231989 0 0 0.000231989 0 0.000231989)
(0.000195825 0 0 0.000195825 0 0.000195825)
(0.00018004 0 0 0.00018004 0 0.00018004)
(0.00453417 0 0 0.00453417 0 0.00453417)
(0.00700028 0 0 0.00700028 0 0.00700028)
(0.00711266 0 0 0.00711266 0 0.00711266)
(0.00701526 0 0 0.00701526 0 0.00701526)
(0.00691857 0 0 0.00691857 0 0.00691857)
(0.00679206 0 0 0.00679206 0 0.00679206)
(0.00663486 0 0 0.00663486 0 0.00663486)
(0.00644877 0 0 0.00644877 0 0.00644877)
(0.00623607 0 0 0.00623607 0 0.00623607)
(0.00599974 0 0 0.00599974 0 0.00599974)
(0.00574355 0 0 0.00574355 0 0.00574355)
(0.00547181 0 0 0.00547181 0 0.00547181)
(0.0051886 0 0 0.0051886 0 0.0051886)
(0.00489575 0 0 0.00489575 0 0.00489575)
(0.00458942 0 0 0.00458942 0 0.00458942)
(0.00425551 0 0 0.00425551 0 0.00425551)
(0.00386749 0 0 0.00386749 0 0.00386749)
(0.00339613 0 0 0.00339613 0 0.00339613)
(0.00283931 0 0 0.00283931 0 0.00283931)
(0.00224899 0 0 0.00224899 0 0.00224899)
(0.00170518 0 0 0.00170518 0 0.00170518)
(0.00125865 0 0 0.00125865 0 0.00125865)
(0.000919372 0 0 0.000919372 0 0.000919372)
(0.000678237 0 0 0.000678237 0 0.000678237)
(0.000509694 0 0 0.000509694 0 0.000509694)
(0.000382057 0 0 0.000382057 0 0.000382057)
(0.000286537 0 0 0.000286537 0 0.000286537)
(0.000225031 0 0 0.000225031 0 0.000225031)
(0.000192634 0 0 0.000192634 0 0.000192634)
(0.000178889 0 0 0.000178889 0 0.000178889)
(0.00451726 0 0 0.00451726 0 0.00451726)
(0.00707814 0 0 0.00707814 0 0.00707814)
(0.00719004 0 0 0.00719004 0 0.00719004)
(0.00708708 0 0 0.00708708 0 0.00708708)
(0.00698926 0 0 0.00698926 0 0.00698926)
(0.00686154 0 0 0.00686154 0 0.00686154)
(0.00670263 0 0 0.00670263 0 0.00670263)
(0.00651432 0 0 0.00651432 0 0.00651432)
(0.00629892 0 0 0.00629892 0 0.00629892)
(0.00605944 0 0 0.00605944 0 0.00605944)
(0.00579971 0 0 0.00579971 0 0.00579971)
(0.00552424 0 0 0.00552424 0 0.00552424)
(0.00523739 0 0 0.00523739 0 0.00523739)
(0.00494152 0 0 0.00494152 0 0.00494152)
(0.00463347 0 0 0.00463347 0 0.00463347)
(0.00429975 0 0 0.00429975 0 0.00429975)
(0.0039138 0 0 0.0039138 0 0.0039138)
(0.00344475 0 0 0.00344475 0 0.00344475)
(0.00288722 0 0 0.00288722 0 0.00288722)
(0.00229097 0 0 0.00229097 0 0.00229097)
(0.00173772 0 0 0.00173772 0 0.00173772)
(0.00128168 0 0 0.00128168 0 0.00128168)
(0.000934247 0 0 0.000934247 0 0.000934247)
(0.000686759 0 0 0.000686759 0 0.000686759)
(0.000514759 0 0 0.000514759 0 0.000514759)
(0.000385764 0 0 0.000385764 0 0.000385764)
(0.000289215 0 0 0.000289215 0 0.000289215)
(0.000226735 0 0 0.000226735 0 0.000226735)
(0.000193641 0 0 0.000193641 0 0.000193641)
(0.000179521 0 0 0.000179521 0 0.000179521)
(0.00422371 0 0 0.00422371 0 0.00422371)
(0.00711292 0 0 0.00711292 0 0.00711292)
(0.00729643 0 0 0.00729643 0 0.00729643)
(0.00719081 0 0 0.00719081 0 0.00719081)
(0.00709465 0 0 0.00709465 0 0.00709465)
(0.00696977 0 0 0.00696977 0 0.00696977)
(0.00681368 0 0 0.00681368 0 0.00681368)
(0.0066281 0 0 0.0066281 0 0.0066281)
(0.00641524 0 0 0.00641524 0 0.00641524)
(0.00617803 0 0 0.00617803 0 0.00617803)
(0.00592033 0 0 0.00592033 0 0.00592033)
(0.00564688 0 0 0.00564688 0 0.00564688)
(0.00536271 0 0 0.00536271 0 0.00536271)
(0.00507149 0 0 0.00507149 0 0.00507149)
(0.00477222 0 0 0.00477222 0 0.00477222)
(0.00445386 0 0 0.00445386 0 0.00445386)
(0.00409047 0 0 0.00409047 0 0.00409047)
(0.0036456 0 0 0.0036456 0 0.0036456)
(0.00309994 0 0 0.00309994 0 0.00309994)
(0.00249058 0 0 0.00249058 0 0.00249058)
(0.00190312 0 0 0.00190312 0 0.00190312)
(0.0014071 0 0 0.0014071 0 0.0014071)
(0.00102309 0 0 0.00102309 0 0.00102309)
(0.000744658 0 0 0.000744658 0 0.000744658)
(0.000552281 0 0 0.000552281 0 0.000552281)
(0.000412871 0 0 0.000412871 0 0.000412871)
(0.000307966 0 0 0.000307966 0 0.000307966)
(0.000237596 0 0 0.000237596 0 0.000237596)
(0.000198705 0 0 0.000198705 0 0.000198705)
(0.000181394 0 0 0.000181394 0 0.000181394)
(0.00417987 0 0 0.00417987 0 0.00417987)
(0.00710634 0 0 0.00710634 0 0.00710634)
(0.00730739 0 0 0.00730739 0 0.00730739)
(0.00720377 0 0 0.00720377 0 0.00720377)
(0.00710769 0 0 0.00710769 0 0.00710769)
(0.00698277 0 0 0.00698277 0 0.00698277)
(0.00682651 0 0 0.00682651 0 0.00682651)
(0.00664057 0 0 0.00664057 0 0.00664057)
(0.00642707 0 0 0.00642707 0 0.00642707)
(0.00618889 0 0 0.00618889 0 0.00618889)
(0.00592983 0 0 0.00592983 0 0.00592983)
(0.00565466 0 0 0.00565466 0 0.00565466)
(0.00536858 0 0 0.00536858 0 0.00536858)
(0.00507572 0 0 0.00507572 0 0.00507572)
(0.00477593 0 0 0.00477593 0 0.00477593)
(0.00445941 0 0 0.00445941 0 0.00445941)
(0.0041013 0 0 0.0041013 0 0.0041013)
(0.00366465 0 0 0.00366465 0 0.00366465)
(0.00312657 0 0 0.00312657 0 0.00312657)
(0.00251959 0 0 0.00251959 0 0.00251959)
(0.00192883 0 0 0.00192883 0 0.00192883)
(0.00142718 0 0 0.00142718 0 0.00142718)
(0.00103781 0 0 0.00103781 0 0.00103781)
(0.000755034 0 0 0.000755034 0 0.000755034)
(0.000559652 0 0 0.000559652 0 0.000559652)
(0.000418351 0 0 0.000418351 0 0.000418351)
(0.000311772 0 0 0.000311772 0 0.000311772)
(0.000239831 0 0 0.000239831 0 0.000239831)
(0.000199779 0 0 0.000199779 0 0.000199779)
(0.000181813 0 0 0.000181813 0 0.000181813)
(0.00415701 0 0 0.00415701 0 0.00415701)
(0.00711128 0 0 0.00711128 0 0.00711128)
(0.00732311 0 0 0.00732311 0 0.00732311)
(0.00722058 0 0 0.00722058 0 0.00722058)
(0.00712459 0 0 0.00712459 0 0.00712459)
(0.00699971 0 0 0.00699971 0 0.00699971)
(0.00684341 0 0 0.00684341 0 0.00684341)
(0.00665733 0 0 0.00665733 0 0.00665733)
(0.00644355 0 0 0.00644355 0 0.00644355)
(0.00620489 0 0 0.00620489 0 0.00620489)
(0.00594515 0 0 0.00594515 0 0.00594515)
(0.00566909 0 0 0.00566909 0 0.00566909)
(0.00538203 0 0 0.00538203 0 0.00538203)
(0.00508837 0 0 0.00508837 0 0.00508837)
(0.0047884 0 0 0.0047884 0 0.0047884)
(0.00447304 0 0 0.00447304 0 0.00447304)
(0.00411799 0 0 0.00411799 0 0.00411799)
(0.00368588 0 0 0.00368588 0 0.00368588)
(0.00315164 0 0 0.00315164 0 0.00315164)
(0.00254496 0 0 0.00254496 0 0.00254496)
(0.00195069 0 0 0.00195069 0 0.00195069)
(0.00144401 0 0 0.00144401 0 0.00144401)
(0.00104992 0 0 0.00104992 0 0.00104992)
(0.000763197 0 0 0.000763197 0 0.000763197)
(0.000565076 0 0 0.000565076 0 0.000565076)
(0.000422291 0 0 0.000422291 0 0.000422291)
(0.000314543 0 0 0.000314543 0 0.000314543)
(0.000241478 0 0 0.000241478 0 0.000241478)
(0.000200571 0 0 0.000200571 0 0.000200571)
(0.000182117 0 0 0.000182117 0 0.000182117)
(0.00411022 0 0 0.00411022 0 0.00411022)
(0.0071172 0 0 0.0071172 0 0.0071172)
(0.00733875 0 0 0.00733875 0 0.00733875)
(0.00723439 0 0 0.00723439 0 0.00723439)
(0.00713849 0 0 0.00713849 0 0.00713849)
(0.00701402 0 0 0.00701402 0 0.00701402)
(0.00685814 0 0 0.00685814 0 0.00685814)
(0.00667245 0 0 0.00667245 0 0.00667245)
(0.00645904 0 0 0.00645904 0 0.00645904)
(0.00622073 0 0 0.00622073 0 0.00622073)
(0.00596132 0 0 0.00596132 0 0.00596132)
(0.00568558 0 0 0.00568558 0 0.00568558)
(0.00539888 0 0 0.00539888 0 0.00539888)
(0.00510571 0 0 0.00510571 0 0.00510571)
(0.00480655 0 0 0.00480655 0 0.00480655)
(0.00449249 0 0 0.00449249 0 0.00449249)
(0.00413929 0 0 0.00413929 0 0.00413929)
(0.00370916 0 0 0.00370916 0 0.00370916)
(0.00317582 0 0 0.00317582 0 0.00317582)
(0.0025677 0 0 0.0025677 0 0.0025677)
(0.00196976 0 0 0.00196976 0 0.00196976)
(0.00145861 0 0 0.00145861 0 0.00145861)
(0.00106036 0 0 0.00106036 0 0.00106036)
(0.000769988 0 0 0.000769988 0 0.000769988)
(0.000569274 0 0 0.000569274 0 0.000569274)
(0.000425257 0 0 0.000425257 0 0.000425257)
(0.000316685 0 0 0.000316685 0 0.000316685)
(0.000242785 0 0 0.000242785 0 0.000242785)
(0.000201208 0 0 0.000201208 0 0.000201208)
(0.00018236 0 0 0.00018236 0 0.00018236)
(0.00433811 0 0 0.00433811 0 0.00433811)
(0.00711569 0 0 0.00711569 0 0.00711569)
(0.00728401 0 0 0.00728401 0 0.00728401)
(0.00718258 0 0 0.00718258 0 0.00718258)
(0.00708545 0 0 0.00708545 0 0.00708545)
(0.0069586 0 0 0.0069586 0 0.0069586)
(0.00680021 0 0 0.00680021 0 0.00680021)
(0.00661193 0 0 0.00661193 0 0.00661193)
(0.00639588 0 0 0.00639588 0 0.00639588)
(0.00615489 0 0 0.00615489 0 0.00615489)
(0.00589275 0 0 0.00589275 0 0.00589275)
(0.00561416 0 0 0.00561416 0 0.00561416)
(0.00532418 0 0 0.00532418 0 0.00532418)
(0.00502671 0 0 0.00502671 0 0.00502671)
(0.00472119 0 0 0.00472119 0 0.00472119)
(0.00439734 0 0 0.00439734 0 0.00439734)
(0.00403024 0 0 0.00403024 0 0.00403024)
(0.00358464 0 0 0.00358464 0 0.00358464)
(0.00304212 0 0 0.00304212 0 0.00304212)
(0.0024399 0 0 0.0024399 0 0.0024399)
(0.00186222 0 0 0.00186222 0 0.00186222)
(0.00137627 0 0 0.00137627 0 0.00137627)
(0.00100144 0 0 0.00100144 0 0.00100144)
(0.000731274 0 0 0.000731274 0 0.000731274)
(0.000544754 0 0 0.000544754 0 0.000544754)
(0.000407946 0 0 0.000407946 0 0.000407946)
(0.000304555 0 0 0.000304555 0 0.000304555)
(0.000235581 0 0 0.000235581 0 0.000235581)
(0.000197758 0 0 0.000197758 0 0.000197758)
(0.00018105 0 0 0.00018105 0 0.00018105)
(0.0045741 0 0 0.0045741 0 0.0045741)
(0.00713942 0 0 0.00713942 0 0.00713942)
(0.00724308 0 0 0.00724308 0 0.00724308)
(0.00713832 0 0 0.00713832 0 0.00713832)
(0.00704089 0 0 0.00704089 0 0.00704089)
(0.00691381 0 0 0.00691381 0 0.00691381)
(0.0067557 0 0 0.0067557 0 0.0067557)
(0.00656835 0 0 0.00656835 0 0.00656835)
(0.00635403 0 0 0.00635403 0 0.00635403)
(0.00611567 0 0 0.00611567 0 0.00611567)
(0.00585699 0 0 0.00585699 0 0.00585699)
(0.00558229 0 0 0.00558229 0 0.00558229)
(0.00529562 0 0 0.00529562 0 0.00529562)
(0.00499895 0 0 0.00499895 0 0.00499895)
(0.00468875 0 0 0.00468875 0 0.00468875)
(0.00435161 0 0 0.00435161 0 0.00435161)
(0.00396205 0 0 0.00396205 0 0.00396205)
(0.00349124 0 0 0.00349124 0 0.00349124)
(0.0029346 0 0 0.0029346 0 0.0029346)
(0.00233893 0 0 0.00233893 0 0.00233893)
(0.00178254 0 0 0.00178254 0 0.00178254)
(0.0013201 0 0 0.0013201 0 0.0013201)
(0.000964636 0 0 0.000964636 0 0.000964636)
(0.000708728 0 0 0.000708728 0 0.000708728)
(0.000531187 0 0 0.000531187 0 0.000531187)
(0.000399591 0 0 0.000399591 0 0.000399591)
(0.000299716 0 0 0.000299716 0 0.000299716)
(0.000232858 0 0 0.000232858 0 0.000232858)
(0.000195885 0 0 0.000195885 0 0.000195885)
(0.00017931 0 0 0.00017931 0 0.00017931)
(0.00432753 0 0 0.00432753 0 0.00432753)
(0.00720147 0 0 0.00720147 0 0.00720147)
(0.00736304 0 0 0.00736304 0 0.00736304)
(0.00725316 0 0 0.00725316 0 0.00725316)
(0.00715665 0 0 0.00715665 0 0.00715665)
(0.00703153 0 0 0.00703153 0 0.00703153)
(0.00687517 0 0 0.00687517 0 0.00687517)
(0.00668926 0 0 0.00668926 0 0.00668926)
(0.00647595 0 0 0.00647595 0 0.00647595)
(0.00623808 0 0 0.00623808 0 0.00623808)
(0.00597934 0 0 0.00597934 0 0.00597934)
(0.00570418 0 0 0.00570418 0 0.00570418)
(0.00541718 0 0 0.00541718 0 0.00541718)
(0.00512139 0 0 0.00512139 0 0.00512139)
(0.00481512 0 0 0.00481512 0 0.00481512)
(0.00448718 0 0 0.00448718 0 0.00448718)
(0.00411298 0 0 0.00411298 0 0.00411298)
(0.00365978 0 0 0.00365978 0 0.00365978)
(0.00311225 0 0 0.00311225 0 0.00311225)
(0.00250646 0 0 0.00250646 0 0.00250646)
(0.00192247 0 0 0.00192247 0 0.00192247)
(0.00142683 0 0 0.00142683 0 0.00142683)
(0.00104059 0 0 0.00104059 0 0.00104059)
(0.000758176 0 0 0.000758176 0 0.000758176)
(0.00056236 0 0 0.00056236 0 0.00056236)
(0.000421791 0 0 0.000421791 0 0.000421791)
(0.000315491 0 0 0.000315491 0 0.000315491)
(0.000242375 0 0 0.000242375 0 0.000242375)
(0.000200524 0 0 0.000200524 0 0.000200524)
(0.000181107 0 0 0.000181107 0 0.000181107)
(0.00422002 0 0 0.00422002 0 0.00422002)
(0.00718789 0 0 0.00718789 0 0.00718789)
(0.00737136 0 0 0.00737136 0 0.00737136)
(0.00725916 0 0 0.00725916 0 0.00725916)
(0.00716275 0 0 0.00716275 0 0.00716275)
(0.00703824 0 0 0.00703824 0 0.00703824)
(0.00688244 0 0 0.00688244 0 0.00688244)
(0.006697 0 0 0.006697 0 0.006697)
(0.00648404 0 0 0.00648404 0 0.00648404)
(0.00624638 0 0 0.00624638 0 0.00624638)
(0.00598768 0 0 0.00598768 0 0.00598768)
(0.00571242 0 0 0.00571242 0 0.00571242)
(0.00542528 0 0 0.00542528 0 0.00542528)
(0.00512954 0 0 0.00512954 0 0.00512954)
(0.00482392 0 0 0.00482392 0 0.00482392)
(0.00449785 0 0 0.00449785 0 0.00449785)
(0.00412725 0 0 0.00412725 0 0.00412725)
(0.00367904 0 0 0.00367904 0 0.00367904)
(0.00313586 0 0 0.00313586 0 0.00313586)
(0.00253108 0 0 0.00253108 0 0.00253108)
(0.0019443 0 0 0.0019443 0 0.0019443)
(0.00144412 0 0 0.00144412 0 0.00144412)
(0.00105345 0 0 0.00105345 0 0.00105345)
(0.000767313 0 0 0.000767313 0 0.000767313)
(0.000568824 0 0 0.000568824 0 0.000568824)
(0.000426645 0 0 0.000426645 0 0.000426645)
(0.000318983 0 0 0.000318983 0 0.000318983)
(0.00024452 0 0 0.00024452 0 0.00024452)
(0.000201606 0 0 0.000201606 0 0.000201606)
(0.00018155 0 0 0.00018155 0 0.00018155)
(0.00416869 0 0 0.00416869 0 0.00416869)
(0.00719985 0 0 0.00719985 0 0.00719985)
(0.00739274 0 0 0.00739274 0 0.00739274)
(0.00727746 0 0 0.00727746 0 0.00727746)
(0.00718091 0 0 0.00718091 0 0.00718091)
(0.00705668 0 0 0.00705668 0 0.00705668)
(0.00690109 0 0 0.00690109 0 0.00690109)
(0.00671577 0 0 0.00671577 0 0.00671577)
(0.00650283 0 0 0.00650283 0 0.00650283)
(0.00626508 0 0 0.00626508 0 0.00626508)
(0.00600616 0 0 0.00600616 0 0.00600616)
(0.00573055 0 0 0.00573055 0 0.00573055)
(0.00544295 0 0 0.00544295 0 0.00544295)
(0.00514672 0 0 0.00514672 0 0.00514672)
(0.00484073 0 0 0.00484073 0 0.00484073)
(0.00451464 0 0 0.00451464 0 0.00451464)
(0.00414458 0 0 0.00414458 0 0.00414458)
(0.00369737 0 0 0.00369737 0 0.00369737)
(0.00315483 0 0 0.00315483 0 0.00315483)
(0.00254913 0 0 0.00254913 0 0.00254913)
(0.00195959 0 0 0.00195959 0 0.00195959)
(0.00145586 0 0 0.00145586 0 0.00145586)
(0.00106177 0 0 0.00106177 0 0.00106177)
(0.000772558 0 0 0.000772558 0 0.000772558)
(0.000571813 0 0 0.000571813 0 0.000571813)
(0.00042864 0 0 0.00042864 0 0.00042864)
(0.000320464 0 0 0.000320464 0 0.000320464)
(0.000245465 0 0 0.000245465 0 0.000245465)
(0.000202083 0 0 0.000202083 0 0.000202083)
(0.000181736 0 0 0.000181736 0 0.000181736)
(0.00439977 0 0 0.00439977 0 0.00439977)
(0.00718603 0 0 0.00718603 0 0.00718603)
(0.00732785 0 0 0.00732785 0 0.00732785)
(0.00721795 0 0 0.00721795 0 0.00721795)
(0.00712074 0 0 0.00712074 0 0.00712074)
(0.00699459 0 0 0.00699459 0 0.00699459)
(0.0068371 0 0 0.0068371 0 0.0068371)
(0.00664997 0 0 0.00664997 0 0.00664997)
(0.00643533 0 0 0.00643533 0 0.00643533)
(0.00619602 0 0 0.00619602 0 0.00619602)
(0.00593566 0 0 0.00593566 0 0.00593566)
(0.00565856 0 0 0.00565856 0 0.00565856)
(0.00536906 0 0 0.00536906 0 0.00536906)
(0.00506978 0 0 0.00506978 0 0.00506978)
(0.00475849 0 0 0.00475849 0 0.00475849)
(0.00442356 0 0 0.00442356 0 0.00442356)
(0.00404089 0 0 0.00404089 0 0.00404089)
(0.00358029 0 0 0.00358029 0 0.00358029)
(0.00303094 0 0 0.00303094 0 0.00303094)
(0.00243204 0 0 0.00243204 0 0.00243204)
(0.0018616 0 0 0.0018616 0 0.0018616)
(0.00138102 0 0 0.00138102 0 0.00138102)
(0.00100835 0 0 0.00100835 0 0.00100835)
(0.000737718 0 0 0.000737718 0 0.000737718)
(0.000550399 0 0 0.000550399 0 0.000550399)
(0.000413926 0 0 0.000413926 0 0.000413926)
(0.000310051 0 0 0.000310051 0 0.000310051)
(0.000239122 0 0 0.000239122 0 0.000239122)
(0.000198954 0 0 0.000198954 0 0.000198954)
(0.00018051 0 0 0.00018051 0 0.00018051)
(0.0048655 0 0 0.0048655 0 0.0048655)
(0.00715032 0 0 0.00715032 0 0.00715032)
(0.00717602 0 0 0.00717602 0 0.00717602)
(0.00706624 0 0 0.00706624 0 0.00706624)
(0.00697031 0 0 0.00697031 0 0.00697031)
(0.00684575 0 0 0.00684575 0 0.00684575)
(0.00669143 0 0 0.00669143 0 0.00669143)
(0.00650919 0 0 0.00650919 0 0.00650919)
(0.00630128 0 0 0.00630128 0 0.00630128)
(0.00607035 0 0 0.00607035 0 0.00607035)
(0.00581934 0 0 0.00581934 0 0.00581934)
(0.00555101 0 0 0.00555101 0 0.00555101)
(0.00526675 0 0 0.00526675 0 0.00526675)
(0.00496465 0 0 0.00496465 0 0.00496465)
(0.00463695 0 0 0.00463695 0 0.00463695)
(0.00426814 0 0 0.00426814 0 0.00426814)
(0.00383752 0 0 0.00383752 0 0.00383752)
(0.0033318 0 0 0.0033318 0 0.0033318)
(0.00276599 0 0 0.00276599 0 0.00276599)
(0.00219206 0 0 0.00219206 0 0.00219206)
(0.00167319 0 0 0.00167319 0 0.00167319)
(0.0012466 0 0 0.0012466 0 0.0012466)
(0.000918579 0 0 0.000918579 0 0.000918579)
(0.000681497 0 0 0.000681497 0 0.000681497)
(0.000515598 0 0 0.000515598 0 0.000515598)
(0.000391308 0 0 0.000391308 0 0.000391308)
(0.000295866 0 0 0.000295866 0 0.000295866)
(0.000230696 0 0 0.000230696 0 0.000230696)
(0.00019352 0 0 0.00019352 0 0.00019352)
(0.000176135 0 0 0.000176135 0 0.000176135)
(0.00464031 0 0 0.00464031 0 0.00464031)
(0.00723174 0 0 0.00723174 0 0.00723174)
(0.00729847 0 0 0.00729847 0 0.00729847)
(0.00718139 0 0 0.00718139 0 0.00718139)
(0.00708661 0 0 0.00708661 0 0.00708661)
(0.00696441 0 0 0.00696441 0 0.00696441)
(0.00681243 0 0 0.00681243 0 0.00681243)
(0.00663249 0 0 0.00663249 0 0.00663249)
(0.00642678 0 0 0.00642678 0 0.00642678)
(0.00619797 0 0 0.00619797 0 0.00619797)
(0.00594909 0 0 0.00594909 0 0.00594909)
(0.0056831 0 0 0.0056831 0 0.0056831)
(0.00540184 0 0 0.00540184 0 0.00540184)
(0.00510406 0 0 0.00510406 0 0.00510406)
(0.00478281 0 0 0.00478281 0 0.00478281)
(0.00442302 0 0 0.00442302 0 0.00442302)
(0.00400286 0 0 0.00400286 0 0.00400286)
(0.00350477 0 0 0.00350477 0 0.00350477)
(0.00293678 0 0 0.00293678 0 0.00293678)
(0.00234619 0 0 0.00234619 0 0.00234619)
(0.00179965 0 0 0.00179965 0 0.00179965)
(0.00134294 0 0 0.00134294 0 0.00134294)
(0.000987261 0 0 0.000987261 0 0.000987261)
(0.00072618 0 0 0.00072618 0 0.00072618)
(0.000543807 0 0 0.000543807 0 0.000543807)
(0.000411548 0 0 0.000411548 0 0.000411548)
(0.000310492 0 0 0.000310492 0 0.000310492)
(0.000239764 0 0 0.000239764 0 0.000239764)
(0.000198109 0 0 0.000198109 0 0.000198109)
(0.000177997 0 0 0.000177997 0 0.000177997)
(0.00451652 0 0 0.00451652 0 0.00451652)
(0.00722241 0 0 0.00722241 0 0.00722241)
(0.00730756 0 0 0.00730756 0 0.00730756)
(0.00718623 0 0 0.00718623 0 0.00718623)
(0.00709144 0 0 0.00709144 0 0.00709144)
(0.00696988 0 0 0.00696988 0 0.00696988)
(0.00681844 0 0 0.00681844 0 0.00681844)
(0.00663893 0 0 0.00663893 0 0.00663893)
(0.00643351 0 0 0.00643351 0 0.00643351)
(0.00620486 0 0 0.00620486 0 0.00620486)
(0.00595602 0 0 0.00595602 0 0.00595602)
(0.00569005 0 0 0.00569005 0 0.00569005)
(0.00540895 0 0 0.00540895 0 0.00540895)
(0.00511184 0 0 0.00511184 0 0.00511184)
(0.00479222 0 0 0.00479222 0 0.00479222)
(0.00443547 0 0 0.00443547 0 0.00443547)
(0.00401978 0 0 0.00401978 0 0.00401978)
(0.00352649 0 0 0.00352649 0 0.00352649)
(0.00296149 0 0 0.00296149 0 0.00296149)
(0.00237043 0 0 0.00237043 0 0.00237043)
(0.00182047 0 0 0.00182047 0 0.00182047)
(0.0013593 0 0 0.0013593 0 0.0013593)
(0.00099945 0 0 0.00099945 0 0.00099945)
(0.000734859 0 0 0.000734859 0 0.000734859)
(0.000549974 0 0 0.000549974 0 0.000549974)
(0.000416217 0 0 0.000416217 0 0.000416217)
(0.000313908 0 0 0.000313908 0 0.000313908)
(0.000241921 0 0 0.000241921 0 0.000241921)
(0.000199241 0 0 0.000199241 0 0.000199241)
(0.000178484 0 0 0.000178484 0 0.000178484)
(0.00445355 0 0 0.00445355 0 0.00445355)
(0.00723575 0 0 0.00723575 0 0.00723575)
(0.00732664 0 0 0.00732664 0 0.00732664)
(0.00720029 0 0 0.00720029 0 0.00720029)
(0.00710539 0 0 0.00710539 0 0.00710539)
(0.00698443 0 0 0.00698443 0 0.00698443)
(0.0068336 0 0 0.0068336 0 0.0068336)
(0.0066547 0 0 0.0066547 0 0.0066547)
(0.00644991 0 0 0.00644991 0 0.00644991)
(0.0062219 0 0 0.0062219 0 0.0062219)
(0.00597372 0 0 0.00597372 0 0.00597372)
(0.00570841 0 0 0.00570841 0 0.00570841)
(0.00542793 0 0 0.00542793 0 0.00542793)
(0.00513134 0 0 0.00513134 0 0.00513134)
(0.00481205 0 0 0.00481205 0 0.00481205)
(0.00445529 0 0 0.00445529 0 0.00445529)
(0.00403909 0 0 0.00403909 0 0.00403909)
(0.00354474 0 0 0.00354474 0 0.00354474)
(0.00297817 0 0 0.00297817 0 0.00297817)
(0.00238501 0 0 0.00238501 0 0.00238501)
(0.00183246 0 0 0.00183246 0 0.00183246)
(0.00136854 0 0 0.00136854 0 0.00136854)
(0.00100609 0 0 0.00100609 0 0.00100609)
(0.000739097 0 0 0.000739097 0 0.000739097)
(0.000552438 0 0 0.000552438 0 0.000552438)
(0.000417916 0 0 0.000417916 0 0.000417916)
(0.00031521 0 0 0.00031521 0 0.00031521)
(0.000242782 0 0 0.000242782 0 0.000242782)
(0.000199696 0 0 0.000199696 0 0.000199696)
(0.000178671 0 0 0.000178671 0 0.000178671)
(0.00474268 0 0 0.00474268 0 0.00474268)
(0.00724074 0 0 0.00724074 0 0.00724074)
(0.00728217 0 0 0.00728217 0 0.00728217)
(0.00716262 0 0 0.00716262 0 0.00716262)
(0.00706656 0 0 0.00706656 0 0.00706656)
(0.00694276 0 0 0.00694276 0 0.00694276)
(0.00678884 0 0 0.00678884 0 0.00678884)
(0.0066066 0 0 0.0066066 0 0.0066066)
(0.0063981 0 0 0.0063981 0 0.0063981)
(0.00616582 0 0 0.00616582 0 0.00616582)
(0.0059125 0 0 0.0059125 0 0.0059125)
(0.00564065 0 0 0.00564065 0 0.00564065)
(0.00535153 0 0 0.00535153 0 0.00535153)
(0.00504332 0 0 0.00504332 0 0.00504332)
(0.00470883 0 0 0.00470883 0 0.00470883)
(0.00433376 0 0 0.00433376 0 0.00433376)
(0.00389905 0 0 0.00389905 0 0.00389905)
(0.00339201 0 0 0.00339201 0 0.00339201)
(0.00282547 0 0 0.00282547 0 0.00282547)
(0.00224749 0 0 0.00224749 0 0.00224749)
(0.00172005 0 0 0.00172005 0 0.00172005)
(0.00128293 0 0 0.00128293 0 0.00128293)
(0.000944634 0 0 0.000944634 0 0.000944634)
(0.00069861 0 0 0.00069861 0 0.00069861)
(0.000527089 0 0 0.000527089 0 0.000527089)
(0.000400348 0 0 0.000400348 0 0.000400348)
(0.000302742 0 0 0.000302742 0 0.000302742)
(0.000235067 0 0 0.000235067 0 0.000235067)
(0.000195762 0 0 0.000195762 0 0.000195762)
(0.000177051 0 0 0.000177051 0 0.000177051)
(0.0054843 0 0 0.0054843 0 0.0054843)
(0.00718203 0 0 0.00718203 0 0.00718203)
(0.00708141 0 0 0.00708141 0 0.00708141)
(0.00696531 0 0 0.00696531 0 0.00696531)
(0.00687018 0 0 0.00687018 0 0.00687018)
(0.00674693 0 0 0.00674693 0 0.00674693)
(0.00659458 0 0 0.00659458 0 0.00659458)
(0.00641446 0 0 0.00641446 0 0.00641446)
(0.00620774 0 0 0.00620774 0 0.00620774)
(0.00597528 0 0 0.00597528 0 0.00597528)
(0.0057173 0 0 0.0057173 0 0.0057173)
(0.00543281 0 0 0.00543281 0 0.00543281)
(0.00511894 0 0 0.00511894 0 0.00511894)
(0.00477042 0 0 0.00477042 0 0.00477042)
(0.00437984 0 0 0.00437984 0 0.00437984)
(0.00394005 0 0 0.00394005 0 0.00394005)
(0.00344952 0 0 0.00344952 0 0.00344952)
(0.00292007 0 0 0.00292007 0 0.00292007)
(0.00238149 0 0 0.00238149 0 0.00238149)
(0.00187537 0 0 0.00187537 0 0.00187537)
(0.00143701 0 0 0.00143701 0 0.00143701)
(0.00108179 0 0 0.00108179 0 0.00108179)
(0.000809527 0 0 0.000809527 0 0.000809527)
(0.000612631 0 0 0.000612631 0 0.000612631)
(0.000471931 0 0 0.000471931 0 0.000471931)
(0.000363331 0 0 0.000363331 0 0.000363331)
(0.000278994 0 0 0.000278994 0 0.000278994)
(0.000220715 0 0 0.000220715 0 0.000220715)
(0.000186575 0 0 0.000186575 0 0.000186575)
(0.000169904 0 0 0.000169904 0 0.000169904)
(0.00529431 0 0 0.00529431 0 0.00529431)
(0.00733627 0 0 0.00733627 0 0.00733627)
(0.00725793 0 0 0.00725793 0 0.00725793)
(0.00713167 0 0 0.00713167 0 0.00713167)
(0.00703875 0 0 0.00703875 0 0.00703875)
(0.00691942 0 0 0.00691942 0 0.00691942)
(0.00677144 0 0 0.00677144 0 0.00677144)
(0.00659613 0 0 0.00659613 0 0.00659613)
(0.00639465 0 0 0.00639465 0 0.00639465)
(0.00616783 0 0 0.00616783 0 0.00616783)
(0.00591578 0 0 0.00591578 0 0.00591578)
(0.00563731 0 0 0.00563731 0 0.00563731)
(0.00532921 0 0 0.00532921 0 0.00532921)
(0.00498564 0 0 0.00498564 0 0.00498564)
(0.00459838 0 0 0.00459838 0 0.00459838)
(0.00415904 0 0 0.00415904 0 0.00415904)
(0.00366437 0 0 0.00366437 0 0.00366437)
(0.00312407 0 0 0.00312407 0 0.00312407)
(0.00256618 0 0 0.00256618 0 0.00256618)
(0.00203264 0 0 0.00203264 0 0.00203264)
(0.00156278 0 0 0.00156278 0 0.00156278)
(0.00117696 0 0 0.00117696 0 0.00117696)
(0.000876971 0 0 0.000876971 0 0.000876971)
(0.000656502 0 0 0.000656502 0 0.000656502)
(0.000500771 0 0 0.000500771 0 0.000500771)
(0.00038496 0 0 0.00038496 0 0.00038496)
(0.000294926 0 0 0.000294926 0 0.000294926)
(0.000230815 0 0 0.000230815 0 0.000230815)
(0.000191877 0 0 0.000191877 0 0.000191877)
(0.000172164 0 0 0.000172164 0 0.000172164)
(0.00520305 0 0 0.00520305 0 0.00520305)
(0.00733073 0 0 0.00733073 0 0.00733073)
(0.00726071 0 0 0.00726071 0 0.00726071)
(0.00713105 0 0 0.00713105 0 0.00713105)
(0.00703815 0 0 0.00703815 0 0.00703815)
(0.00691928 0 0 0.00691928 0 0.00691928)
(0.00677176 0 0 0.00677176 0 0.00677176)
(0.00659693 0 0 0.00659693 0 0.00659693)
(0.00639601 0 0 0.00639601 0 0.00639601)
(0.00616992 0 0 0.00616992 0 0.00616992)
(0.00591888 0 0 0.00591888 0 0.00591888)
(0.00564188 0 0 0.00564188 0 0.00564188)
(0.00533587 0 0 0.00533587 0 0.00533587)
(0.00499517 0 0 0.00499517 0 0.00499517)
(0.00461155 0 0 0.00461155 0 0.00461155)
(0.00417629 0 0 0.00417629 0 0.00417629)
(0.00368539 0 0 0.00368539 0 0.00368539)
(0.00314748 0 0 0.00314748 0 0.00314748)
(0.00258967 0 0 0.00258967 0 0.00258967)
(0.00205383 0 0 0.00205383 0 0.00205383)
(0.00158028 0 0 0.00158028 0 0.00158028)
(0.00119057 0 0 0.00119057 0 0.00119057)
(0.000887102 0 0 0.000887102 0 0.000887102)
(0.000663715 0 0 0.000663715 0 0.000663715)
(0.000505914 0 0 0.000505914 0 0.000505914)
(0.00038884 0 0 0.00038884 0 0.00038884)
(0.000297755 0 0 0.000297755 0 0.000297755)
(0.000232626 0 0 0.000232626 0 0.000232626)
(0.000192861 0 0 0.000192861 0 0.000192861)
(0.000172613 0 0 0.000172613 0 0.000172613)
(0.00517719 0 0 0.00517719 0 0.00517719)
(0.00733679 0 0 0.00733679 0 0.00733679)
(0.00727357 0 0 0.00727357 0 0.00727357)
(0.00714417 0 0 0.00714417 0 0.00714417)
(0.00705136 0 0 0.00705136 0 0.00705136)
(0.00693261 0 0 0.00693261 0 0.00693261)
(0.0067852 0 0 0.0067852 0 0.0067852)
(0.00661049 0 0 0.00661049 0 0.00661049)
(0.00640974 0 0 0.00640974 0 0.00640974)
(0.0061839 0 0 0.0061839 0 0.0061839)
(0.00593328 0 0 0.00593328 0 0.00593328)
(0.00565696 0 0 0.00565696 0 0.00565696)
(0.00535199 0 0 0.00535199 0 0.00535199)
(0.00501276 0 0 0.00501276 0 0.00501276)
(0.004631 0 0 0.004631 0 0.004631)
(0.00419773 0 0 0.00419773 0 0.00419773)
(0.00370845 0 0 0.00370845 0 0.00370845)
(0.00317108 0 0 0.00317108 0 0.00317108)
(0.00261219 0 0 0.00261219 0 0.00261219)
(0.00207362 0 0 0.00207362 0 0.00207362)
(0.00159637 0 0 0.00159637 0 0.00159637)
(0.00120292 0 0 0.00120292 0 0.00120292)
(0.00089611 0 0 0.00089611 0 0.00089611)
(0.000669911 0 0 0.000669911 0 0.000669911)
(0.000510157 0 0 0.000510157 0 0.000510157)
(0.000392006 0 0 0.000392006 0 0.000392006)
(0.00030008 0 0 0.00030008 0 0.00030008)
(0.000234119 0 0 0.000234119 0 0.000234119)
(0.000193665 0 0 0.000193665 0 0.000193665)
(0.000172971 0 0 0.000172971 0 0.000172971)
(0.00509973 0 0 0.00509973 0 0.00509973)
(0.00735867 0 0 0.00735867 0 0.00735867)
(0.00729769 0 0 0.00729769 0 0.00729769)
(0.00716158 0 0 0.00716158 0 0.00716158)
(0.0070686 0 0 0.0070686 0 0.0070686)
(0.0069504 0 0 0.0069504 0 0.0069504)
(0.00680348 0 0 0.00680348 0 0.00680348)
(0.00662921 0 0 0.00662921 0 0.00662921)
(0.00642883 0 0 0.00642883 0 0.00642883)
(0.00620329 0 0 0.00620329 0 0.00620329)
(0.00595293 0 0 0.00595293 0 0.00595293)
(0.00567682 0 0 0.00567682 0 0.00567682)
(0.00537204 0 0 0.00537204 0 0.00537204)
(0.00503298 0 0 0.00503298 0 0.00503298)
(0.00465134 0 0 0.00465134 0 0.00465134)
(0.00421809 0 0 0.00421809 0 0.00421809)
(0.00372854 0 0 0.00372854 0 0.00372854)
(0.00319039 0 0 0.00319039 0 0.00319039)
(0.00262997 0 0 0.00262997 0 0.00262997)
(0.0020891 0 0 0.0020891 0 0.0020891)
(0.00160902 0 0 0.00160902 0 0.00160902)
(0.00121268 0 0 0.00121268 0 0.00121268)
(0.000903163 0 0 0.000903163 0 0.000903163)
(0.000674539 0 0 0.000674539 0 0.000674539)
(0.000513096 0 0 0.000513096 0 0.000513096)
(0.000394198 0 0 0.000394198 0 0.000394198)
(0.000301786 0 0 0.000301786 0 0.000301786)
(0.00023527 0 0 0.00023527 0 0.00023527)
(0.000194303 0 0 0.000194303 0 0.000194303)
(0.000173256 0 0 0.000173256 0 0.000173256)
(0.00534968 0 0 0.00534968 0 0.00534968)
(0.00735679 0 0 0.00735679 0 0.00735679)
(0.00726625 0 0 0.00726625 0 0.00726625)
(0.00713691 0 0 0.00713691 0 0.00713691)
(0.0070425 0 0 0.0070425 0 0.0070425)
(0.00692129 0 0 0.00692129 0 0.00692129)
(0.00677084 0 0 0.00677084 0 0.00677084)
(0.0065924 0 0 0.0065924 0 0.0065924)
(0.00638702 0 0 0.00638702 0 0.00638702)
(0.0061554 0 0 0.0061554 0 0.0061554)
(0.00589758 0 0 0.00589758 0 0.00589758)
(0.00561235 0 0 0.00561235 0 0.00561235)
(0.00529663 0 0 0.00529663 0 0.00529663)
(0.00494503 0 0 0.00494503 0 0.00494503)
(0.00455018 0 0 0.00455018 0 0.00455018)
(0.00410497 0 0 0.00410497 0 0.00410497)
(0.00360766 0 0 0.00360766 0 0.00360766)
(0.00306898 0 0 0.00306898 0 0.00306898)
(0.00251679 0 0 0.00251679 0 0.00251679)
(0.00199159 0 0 0.00199159 0 0.00199159)
(0.00153072 0 0 0.00153072 0 0.00153072)
(0.00115309 0 0 0.00115309 0 0.00115309)
(0.000860168 0 0 0.000860168 0 0.000860168)
(0.000645741 0 0 0.000645741 0 0.000645741)
(0.000494296 0 0 0.000494296 0 0.000494296)
(0.000380726 0 0 0.000380726 0 0.000380726)
(0.000292076 0 0 0.000292076 0 0.000292076)
(0.000229101 0 0 0.000229101 0 0.000229101)
(0.000191008 0 0 0.000191008 0 0.000191008)
(0.000171802 0 0 0.000171802 0 0.000171802)
(0.00634906 0 0 0.00634906 0 0.00634906)
(0.00724076 0 0 0.00724076 0 0.00724076)
(0.00704492 0 0 0.00704492 0 0.00704492)
(0.00692377 0 0 0.00692377 0 0.00692377)
(0.00681426 0 0 0.00681426 0 0.00681426)
(0.0066703 0 0 0.0066703 0 0.0066703)
(0.00649094 0 0 0.00649094 0 0.00649094)
(0.0062764 0 0 0.0062764 0 0.0062764)
(0.00602664 0 0 0.00602664 0 0.00602664)
(0.00574163 0 0 0.00574163 0 0.00574163)
(0.00542147 0 0 0.00542147 0 0.00542147)
(0.00506665 0 0 0.00506665 0 0.00506665)
(0.00467829 0 0 0.00467829 0 0.00467829)
(0.00425855 0 0 0.00425855 0 0.00425855)
(0.00381121 0 0 0.00381121 0 0.00381121)
(0.0033426 0 0 0.0033426 0 0.0033426)
(0.00286281 0 0 0.00286281 0 0.00286281)
(0.00238702 0 0 0.00238702 0 0.00238702)
(0.00193557 0 0 0.00193557 0 0.00193557)
(0.00152992 0 0 0.00152992 0 0.00152992)
(0.00118518 0 0 0.00118518 0 0.00118518)
(0.000906832 0 0 0.000906832 0 0.000906832)
(0.000693934 0 0 0.000693934 0 0.000693934)
(0.000539431 0 0 0.000539431 0 0.000539431)
(0.000425475 0 0 0.000425475 0 0.000425475)
(0.000334105 0 0 0.000334105 0 0.000334105)
(0.000261593 0 0 0.000261593 0 0.000261593)
(0.000210112 0 0 0.000210112 0 0.000210112)
(0.000178564 0 0 0.000178564 0 0.000178564)
(0.00016212 0 0 0.00016212 0 0.00016212)
(0.00630582 0 0 0.00630582 0 0.00630582)
(0.00746032 0 0 0.00746032 0 0.00746032)
(0.00725736 0 0 0.00725736 0 0.00725736)
(0.00712535 0 0 0.00712535 0 0.00712535)
(0.00701701 0 0 0.00701701 0 0.00701701)
(0.00687495 0 0 0.00687495 0 0.00687495)
(0.00669726 0 0 0.00669726 0 0.00669726)
(0.006484 0 0 0.006484 0 0.006484)
(0.00623495 0 0 0.00623495 0 0.00623495)
(0.00594987 0 0 0.00594987 0 0.00594987)
(0.00562861 0 0 0.00562861 0 0.00562861)
(0.00527139 0 0 0.00527139 0 0.00527139)
(0.00487904 0 0 0.00487904 0 0.00487904)
(0.00445343 0 0 0.00445343 0 0.00445343)
(0.00399807 0 0 0.00399807 0 0.00399807)
(0.00351902 0 0 0.00351902 0 0.00351902)
(0.00302611 0 0 0.00302611 0 0.00302611)
(0.00253417 0 0 0.00253417 0 0.00253417)
(0.00206328 0 0 0.00206328 0 0.00206328)
(0.00163565 0 0 0.00163565 0 0.00163565)
(0.00126843 0 0 0.00126843 0 0.00126843)
(0.000968735 0 0 0.000968735 0 0.000968735)
(0.0007361 0 0 0.0007361 0 0.0007361)
(0.000565404 0 0 0.000565404 0 0.000565404)
(0.000442428 0 0 0.000442428 0 0.000442428)
(0.000347299 0 0 0.000347299 0 0.000347299)
(0.000271654 0 0 0.000271654 0 0.000271654)
(0.000216732 0 0 0.000216732 0 0.000216732)
(0.000182198 0 0 0.000182198 0 0.000182198)
(0.000163744 0 0 0.000163744 0 0.000163744)
(0.00624626 0 0 0.00624626 0 0.00624626)
(0.00746802 0 0 0.00746802 0 0.00746802)
(0.00726641 0 0 0.00726641 0 0.00726641)
(0.00713187 0 0 0.00713187 0 0.00713187)
(0.0070244 0 0 0.0070244 0 0.0070244)
(0.00688373 0 0 0.00688373 0 0.00688373)
(0.00670765 0 0 0.00670765 0 0.00670765)
(0.00649618 0 0 0.00649618 0 0.00649618)
(0.0062491 0 0 0.0062491 0 0.0062491)
(0.00596607 0 0 0.00596607 0 0.00596607)
(0.0056469 0 0 0.0056469 0 0.0056469)
(0.00529167 0 0 0.00529167 0 0.00529167)
(0.00490108 0 0 0.00490108 0 0.00490108)
(0.00447684 0 0 0.00447684 0 0.00447684)
(0.0040223 0 0 0.0040223 0 0.0040223)
(0.00354341 0 0 0.00354341 0 0.00354341)
(0.00304989 0 0 0.00304989 0 0.00304989)
(0.0025565 0 0 0.0025565 0 0.0025565)
(0.00208331 0 0 0.00208331 0 0.00208331)
(0.00165272 0 0 0.00165272 0 0.00165272)
(0.00128232 0 0 0.00128232 0 0.00128232)
(0.000979596 0 0 0.000979596 0 0.000979596)
(0.000744263 0 0 0.000744263 0 0.000744263)
(0.000571342 0 0 0.000571342 0 0.000571342)
(0.000446858 0 0 0.000446858 0 0.000446858)
(0.000350752 0 0 0.000350752 0 0.000350752)
(0.000274212 0 0 0.000274212 0 0.000274212)
(0.000218415 0 0 0.000218415 0 0.000218415)
(0.000183157 0 0 0.000183157 0 0.000183157)
(0.000164213 0 0 0.000164213 0 0.000164213)
(0.00621173 0 0 0.00621173 0 0.00621173)
(0.00748604 0 0 0.00748604 0 0.00748604)
(0.00728175 0 0 0.00728175 0 0.00728175)
(0.00714369 0 0 0.00714369 0 0.00714369)
(0.0070362 0 0 0.0070362 0 0.0070362)
(0.00689577 0 0 0.00689577 0 0.00689577)
(0.0067199 0 0 0.0067199 0 0.0067199)
(0.00650866 0 0 0.00650866 0 0.00650866)
(0.00626182 0 0 0.00626182 0 0.00626182)
(0.00597909 0 0 0.00597909 0 0.00597909)
(0.00566024 0 0 0.00566024 0 0.00566024)
(0.00530534 0 0 0.00530534 0 0.00530534)
(0.00491507 0 0 0.00491507 0 0.00491507)
(0.00449109 0 0 0.00449109 0 0.00449109)
(0.00403668 0 0 0.00403668 0 0.00403668)
(0.00355772 0 0 0.00355772 0 0.00355772)
(0.00306385 0 0 0.00306385 0 0.00306385)
(0.00256968 0 0 0.00256968 0 0.00256968)
(0.00209517 0 0 0.00209517 0 0.00209517)
(0.00166275 0 0 0.00166275 0 0.00166275)
(0.00129025 0 0 0.00129025 0 0.00129025)
(0.000985437 0 0 0.000985437 0 0.000985437)
(0.000748109 0 0 0.000748109 0 0.000748109)
(0.000573443 0 0 0.000573443 0 0.000573443)
(0.000447925 0 0 0.000447925 0 0.000447925)
(0.000351509 0 0 0.000351509 0 0.000351509)
(0.000274831 0 0 0.000274831 0 0.000274831)
(0.000218846 0 0 0.000218846 0 0.000218846)
(0.000183395 0 0 0.000183395 0 0.000183395)
(0.000164312 0 0 0.000164312 0 0.000164312)
(0.00625832 0 0 0.00625832 0 0.00625832)
(0.00735795 0 0 0.00735795 0 0.00735795)
(0.0071641 0 0 0.0071641 0 0.0071641)
(0.00703376 0 0 0.00703376 0 0.00703376)
(0.00692228 0 0 0.00692228 0 0.00692228)
(0.00677608 0 0 0.00677608 0 0.00677608)
(0.00659378 0 0 0.00659378 0 0.00659378)
(0.00637582 0 0 0.00637582 0 0.00637582)
(0.00612249 0 0 0.00612249 0 0.00612249)
(0.00583408 0 0 0.00583408 0 0.00583408)
(0.00551111 0 0 0.00551111 0 0.00551111)
(0.00515442 0 0 0.00515442 0 0.00515442)
(0.00476545 0 0 0.00476545 0 0.00476545)
(0.00434646 0 0 0.00434646 0 0.00434646)
(0.003901 0 0 0.003901 0 0.003901)
(0.00343467 0 0 0.00343467 0 0.00343467)
(0.00295617 0 0 0.00295617 0 0.00295617)
(0.0024787 0 0 0.0024787 0 0.0024787)
(0.00202078 0 0 0.00202078 0 0.00202078)
(0.0016038 0 0 0.0016038 0 0.0016038)
(0.00124499 0 0 0.00124499 0 0.00124499)
(0.000952139 0 0 0.000952139 0 0.000952139)
(0.000725575 0 0 0.000725575 0 0.000725575)
(0.000560141 0 0 0.000560141 0 0.000560141)
(0.000440415 0 0 0.000440415 0 0.000440415)
(0.000346453 0 0 0.000346453 0 0.000346453)
(0.00027121 0 0 0.00027121 0 0.00027121)
(0.000216537 0 0 0.000216537 0 0.000216537)
(0.000182162 0 0 0.000182162 0 0.000182162)
(0.00016378 0 0 0.00016378 0 0.00016378)
(0.0064133 0 0 0.0064133 0 0.0064133)
(0.00637631 0 0 0.00637631 0 0.00637631)
(0.00620057 0 0 0.00620057 0 0.00620057)
(0.00609874 0 0 0.00609874 0 0.00609874)
(0.00598053 0 0 0.00598053 0 0.00598053)
(0.0058257 0 0 0.0058257 0 0.0058257)
(0.00563598 0 0 0.00563598 0 0.00563598)
(0.00541312 0 0 0.00541312 0 0.00541312)
(0.0051588 0 0 0.0051588 0 0.0051588)
(0.00487495 0 0 0.00487495 0 0.00487495)
(0.00456383 0 0 0.00456383 0 0.00456383)
(0.00422811 0 0 0.00422811 0 0.00422811)
(0.00387084 0 0 0.00387084 0 0.00387084)
(0.00349559 0 0 0.00349559 0 0.00349559)
(0.00310671 0 0 0.00310671 0 0.00310671)
(0.0027101 0 0 0.0027101 0 0.0027101)
(0.00231444 0 0 0.00231444 0 0.00231444)
(0.00193207 0 0 0.00193207 0 0.00193207)
(0.00157768 0 0 0.00157768 0 0.00157768)
(0.00126429 0 0 0.00126429 0 0.00126429)
(0.000999929 0 0 0.000999929 0 0.000999929)
(0.000787741 0 0 0.000787741 0 0.000787741)
(0.000626649 0 0 0.000626649 0 0.000626649)
(0.000507553 0 0 0.000507553 0 0.000507553)
(0.000412896 0 0 0.000412896 0 0.000412896)
(0.000331151 0 0 0.000331151 0 0.000331151)
(0.000262925 0 0 0.000262925 0 0.000262925)
(0.000211573 0 0 0.000211573 0 0.000211573)
(0.000177396 0 0 0.000177396 0 0.000177396)
(0.000157487 0 0 0.000157487 0 0.000157487)
(0.00640879 0 0 0.00640879 0 0.00640879)
(0.00655042 0 0 0.00655042 0 0.00655042)
(0.00637549 0 0 0.00637549 0 0.00637549)
(0.00627005 0 0 0.00627005 0 0.00627005)
(0.00615197 0 0 0.00615197 0 0.00615197)
(0.00599663 0 0 0.00599663 0 0.00599663)
(0.00580568 0 0 0.00580568 0 0.00580568)
(0.00558092 0 0 0.00558092 0 0.00558092)
(0.00532413 0 0 0.00532413 0 0.00532413)
(0.00503738 0 0 0.00503738 0 0.00503738)
(0.00472314 0 0 0.00472314 0 0.00472314)
(0.00438433 0 0 0.00438433 0 0.00438433)
(0.00402424 0 0 0.00402424 0 0.00402424)
(0.00364657 0 0 0.00364657 0 0.00364657)
(0.00325545 0 0 0.00325545 0 0.00325545)
(0.00285593 0 0 0.00285593 0 0.00285593)
(0.00245507 0 0 0.00245507 0 0.00245507)
(0.00206326 0 0 0.00206326 0 0.00206326)
(0.00169432 0 0 0.00169432 0 0.00169432)
(0.00136248 0 0 0.00136248 0 0.00136248)
(0.00107807 0 0 0.00107807 0 0.00107807)
(0.000845961 0 0 0.000845961 0 0.000845961)
(0.000666718 0 0 0.000666718 0 0.000666718)
(0.000534655 0 0 0.000534655 0 0.000534655)
(0.000434086 0 0 0.000434086 0 0.000434086)
(0.000349402 0 0 0.000349402 0 0.000349402)
(0.000277607 0 0 0.000277607 0 0.000277607)
(0.000221986 0 0 0.000221986 0 0.000221986)
(0.000183818 0 0 0.000183818 0 0.000183818)
(0.000160892 0 0 0.000160892 0 0.000160892)
(0.00640522 0 0 0.00640522 0 0.00640522)
(0.0065687 0 0 0.0065687 0 0.0065687)
(0.00639144 0 0 0.00639144 0 0.00639144)
(0.00628484 0 0 0.00628484 0 0.00628484)
(0.0061669 0 0 0.0061669 0 0.0061669)
(0.0060117 0 0 0.0060117 0 0.0060117)
(0.00582082 0 0 0.00582082 0 0.00582082)
(0.00559606 0 0 0.00559606 0 0.00559606)
(0.00533917 0 0 0.00533917 0 0.00533917)
(0.00505222 0 0 0.00505222 0 0.00505222)
(0.00473768 0 0 0.00473768 0 0.00473768)
(0.00439848 0 0 0.00439848 0 0.00439848)
(0.00403793 0 0 0.00403793 0 0.00403793)
(0.00365974 0 0 0.00365974 0 0.00365974)
(0.00326805 0 0 0.00326805 0 0.00326805)
(0.00286787 0 0 0.00286787 0 0.00286787)
(0.00246617 0 0 0.00246617 0 0.00246617)
(0.00207324 0 0 0.00207324 0 0.00207324)
(0.00170287 0 0 0.00170287 0 0.00170287)
(0.00136943 0 0 0.00136943 0 0.00136943)
(0.00108336 0 0 0.00108336 0 0.00108336)
(0.000849655 0 0 0.000849655 0 0.000849655)
(0.000668932 0 0 0.000668932 0 0.000668932)
(0.000535721 0 0 0.000535721 0 0.000535721)
(0.000434601 0 0 0.000434601 0 0.000434601)
(0.000349773 0 0 0.000349773 0 0.000349773)
(0.000277906 0 0 0.000277906 0 0.000277906)
(0.000222194 0 0 0.000222194 0 0.000222194)
(0.000183936 0 0 0.000183936 0 0.000183936)
(0.000160944 0 0 0.000160944 0 0.000160944)
(0.00641737 0 0 0.00641737 0 0.00641737)
(0.00659886 0 0 0.00659886 0 0.00659886)
(0.00641914 0 0 0.00641914 0 0.00641914)
(0.00631131 0 0 0.00631131 0 0.00631131)
(0.00619325 0 0 0.00619325 0 0.00619325)
(0.00603784 0 0 0.00603784 0 0.00603784)
(0.00584658 0 0 0.00584658 0 0.00584658)
(0.00562123 0 0 0.00562123 0 0.00562123)
(0.00536354 0 0 0.00536354 0 0.00536354)
(0.00507554 0 0 0.00507554 0 0.00507554)
(0.00475969 0 0 0.00475969 0 0.00475969)
(0.0044189 0 0 0.0044189 0 0.0044189)
(0.00405654 0 0 0.00405654 0 0.00405654)
(0.00367639 0 0 0.00367639 0 0.00367639)
(0.00328269 0 0 0.00328269 0 0.00328269)
(0.00288063 0 0 0.00288063 0 0.00288063)
(0.00247727 0 0 0.00247727 0 0.00247727)
(0.00208289 0 0 0.00208289 0 0.00208289)
(0.00171113 0 0 0.00171113 0 0.00171113)
(0.00137624 0 0 0.00137624 0 0.00137624)
(0.00108868 0 0 0.00108868 0 0.00108868)
(0.000853446 0 0 0.000853446 0 0.000853446)
(0.000671241 0 0 0.000671241 0 0.000671241)
(0.000536885 0 0 0.000536885 0 0.000536885)
(0.000435295 0 0 0.000435295 0 0.000435295)
(0.000350416 0 0 0.000350416 0 0.000350416)
(0.000278492 0 0 0.000278492 0 0.000278492)
(0.000222635 0 0 0.000222635 0 0.000222635)
(0.000184208 0 0 0.000184208 0 0.000184208)
(0.000161078 0 0 0.000161078 0 0.000161078)
(0.00640162 0 0 0.00640162 0 0.00640162)
(0.00646303 0 0 0.00646303 0 0.00646303)
(0.00629323 0 0 0.00629323 0 0.00629323)
(0.00618988 0 0 0.00618988 0 0.00618988)
(0.00607098 0 0 0.00607098 0 0.00607098)
(0.00591465 0 0 0.00591465 0 0.00591465)
(0.0057227 0 0 0.0057227 0 0.0057227)
(0.005497 0 0 0.005497 0 0.005497)
(0.0052394 0 0 0.0052394 0 0.0052394)
(0.00495205 0 0 0.00495205 0 0.00495205)
(0.00463754 0 0 0.00463754 0 0.00463754)
(0.00429895 0 0 0.00429895 0 0.00429895)
(0.00393978 0 0 0.00393978 0 0.00393978)
(0.00356398 0 0 0.00356398 0 0.00356398)
(0.00317595 0 0 0.00317595 0 0.00317595)
(0.00278104 0 0 0.00278104 0 0.00278104)
(0.00238653 0 0 0.00238653 0 0.00238653)
(0.00200284 0 0 0.00200284 0 0.00200284)
(0.00164336 0 0 0.00164336 0 0.00164336)
(0.00132148 0 0 0.00132148 0 0.00132148)
(0.00104673 0 0 0.00104673 0 0.00104673)
(0.000823723 0 0 0.000823723 0 0.000823723)
(0.000652883 0 0 0.000652883 0 0.000652883)
(0.000527335 0 0 0.000527335 0 0.000527335)
(0.000430008 0 0 0.000430008 0 0.000430008)
(0.000346375 0 0 0.000346375 0 0.000346375)
(0.000275207 0 0 0.000275207 0 0.000275207)
(0.000220276 0 0 0.000220276 0 0.000220276)
(0.000182761 0 0 0.000182761 0 0.000182761)
(0.000160333 0 0 0.000160333 0 0.000160333)
(0.00534746 0 0 0.00534746 0 0.00534746)
(0.0052302 0 0 0.0052302 0 0.0052302)
(0.00513853 0 0 0.00513853 0 0.00513853)
(0.00504889 0 0 0.00504889 0 0.00504889)
(0.00494043 0 0 0.00494043 0 0.00494043)
(0.00480635 0 0 0.00480635 0 0.00480635)
(0.00464608 0 0 0.00464608 0 0.00464608)
(0.00446049 0 0 0.00446049 0 0.00446049)
(0.00425085 0 0 0.00425085 0 0.00425085)
(0.00401862 0 0 0.00401862 0 0.00401862)
(0.00376549 0 0 0.00376549 0 0.00376549)
(0.00349338 0 0 0.00349338 0 0.00349338)
(0.0032045 0 0 0.0032045 0 0.0032045)
(0.0029016 0 0 0.0029016 0 0.0029016)
(0.00258851 0 0 0.00258851 0 0.00258851)
(0.002271 0 0 0.002271 0 0.002271)
(0.00195742 0 0 0.00195742 0 0.00195742)
(0.0016582 0 0 0.0016582 0 0.0016582)
(0.00138398 0 0 0.00138398 0 0.00138398)
(0.00114342 0 0 0.00114342 0 0.00114342)
(0.000942383 0 0 0.000942383 0 0.000942383)
(0.000783366 0 0 0.000783366 0 0.000783366)
(0.000662232 0 0 0.000662232 0 0.000662232)
(0.000564876 0 0 0.000564876 0 0.000564876)
(0.000475854 0 0 0.000475854 0 0.000475854)
(0.000390997 0 0 0.000390997 0 0.000390997)
(0.00031456 0 0 0.00031456 0 0.00031456)
(0.000251276 0 0 0.000251276 0 0.000251276)
(0.000203388 0 0 0.000203388 0 0.000203388)
(0.00017048 0 0 0.00017048 0 0.00017048)
(0.00559813 0 0 0.00559813 0 0.00559813)
(0.00545918 0 0 0.00545918 0 0.00545918)
(0.00535968 0 0 0.00535968 0 0.00535968)
(0.00527254 0 0 0.00527254 0 0.00527254)
(0.00516636 0 0 0.00516636 0 0.00516636)
(0.00503252 0 0 0.00503252 0 0.00503252)
(0.00487095 0 0 0.00487095 0 0.00487095)
(0.0046828 0 0 0.0046828 0 0.0046828)
(0.00446942 0 0 0.00446942 0 0.00446942)
(0.00423233 0 0 0.00423233 0 0.00423233)
(0.00397331 0 0 0.00397331 0 0.00397331)
(0.00369438 0 0 0.00369438 0 0.00369438)
(0.00339791 0 0 0.00339791 0 0.00339791)
(0.0030867 0 0 0.0030867 0 0.0030867)
(0.0027644 0 0 0.0027644 0 0.0027644)
(0.00243611 0 0 0.00243611 0 0.00243611)
(0.00210927 0 0 0.00210927 0 0.00210927)
(0.00179371 0 0 0.00179371 0 0.00179371)
(0.00150033 0 0 0.00150033 0 0.00150033)
(0.00123882 0 0 0.00123882 0 0.00123882)
(0.00101611 0 0 0.00101611 0 0.00101611)
(0.000836178 0 0 0.000836178 0 0.000836178)
(0.000698416 0 0 0.000698416 0 0.000698416)
(0.000592922 0 0 0.000592922 0 0.000592922)
(0.000502307 0 0 0.000502307 0 0.000502307)
(0.000416315 0 0 0.000416315 0 0.000416315)
(0.000336714 0 0 0.000336714 0 0.000336714)
(0.000268814 0 0 0.000268814 0 0.000268814)
(0.000215946 0 0 0.000215946 0 0.000215946)
(0.000178565 0 0 0.000178565 0 0.000178565)
(0.00560857 0 0 0.00560857 0 0.00560857)
(0.00546887 0 0 0.00546887 0 0.00546887)
(0.00536877 0 0 0.00536877 0 0.00536877)
(0.00528182 0 0 0.00528182 0 0.00528182)
(0.00517576 0 0 0.00517576 0 0.00517576)
(0.00504189 0 0 0.00504189 0 0.00504189)
(0.00488023 0 0 0.00488023 0 0.00488023)
(0.00469199 0 0 0.00469199 0 0.00469199)
(0.00447856 0 0 0.00447856 0 0.00447856)
(0.00424153 0 0 0.00424153 0 0.00424153)
(0.00398267 0 0 0.00398267 0 0.00398267)
(0.00370404 0 0 0.00370404 0 0.00370404)
(0.00340796 0 0 0.00340796 0 0.00340796)
(0.00309717 0 0 0.00309717 0 0.00309717)
(0.00277517 0 0 0.00277517 0 0.00277517)
(0.00244691 0 0 0.00244691 0 0.00244691)
(0.00211968 0 0 0.00211968 0 0.00211968)
(0.00180326 0 0 0.00180326 0 0.00180326)
(0.00150862 0 0 0.00150862 0 0.00150862)
(0.00124561 0 0 0.00124561 0 0.00124561)
(0.00102133 0 0 0.00102133 0 0.00102133)
(0.000839874 0 0 0.000839874 0 0.000839874)
(0.000700791 0 0 0.000700791 0 0.000700791)
(0.000594435 0 0 0.000594435 0 0.000594435)
(0.000503456 0 0 0.000503456 0 0.000503456)
(0.000417303 0 0 0.000417303 0 0.000417303)
(0.000337534 0 0 0.000337534 0 0.000337534)
(0.000269434 0 0 0.000269434 0 0.000269434)
(0.000216371 0 0 0.000216371 0 0.000216371)
(0.000178826 0 0 0.000178826 0 0.000178826)
(0.00562464 0 0 0.00562464 0 0.00562464)
(0.00548429 0 0 0.00548429 0 0.00548429)
(0.00538369 0 0 0.00538369 0 0.00538369)
(0.00529681 0 0 0.00529681 0 0.00529681)
(0.00519066 0 0 0.00519066 0 0.00519066)
(0.00505648 0 0 0.00505648 0 0.00505648)
(0.00489436 0 0 0.00489436 0 0.00489436)
(0.00470556 0 0 0.00470556 0 0.00470556)
(0.00449151 0 0 0.00449151 0 0.00449151)
(0.00425383 0 0 0.00425383 0 0.00425383)
(0.00399434 0 0 0.00399434 0 0.00399434)
(0.00371514 0 0 0.00371514 0 0.00371514)
(0.00341859 0 0 0.00341859 0 0.00341859)
(0.00310742 0 0 0.00310742 0 0.00310742)
(0.00278511 0 0 0.00278511 0 0.00278511)
(0.00245652 0 0 0.00245652 0 0.00245652)
(0.00212879 0 0 0.00212879 0 0.00212879)
(0.0018116 0 0 0.0018116 0 0.0018116)
(0.00151592 0 0 0.00151592 0 0.00151592)
(0.00125166 0 0 0.00125166 0 0.00125166)
(0.00102604 0 0 0.00102604 0 0.00102604)
(0.000843223 0 0 0.000843223 0 0.000843223)
(0.000702958 0 0 0.000702958 0 0.000702958)
(0.00059589 0 0 0.00059589 0 0.00059589)
(0.000504705 0 0 0.000504705 0 0.000504705)
(0.000418503 0 0 0.000418503 0 0.000418503)
(0.000338611 0 0 0.000338611 0 0.000338611)
(0.000270303 0 0 0.000270303 0 0.000270303)
(0.000217003 0 0 0.000217003 0 0.000217003)
(0.000179238 0 0 0.000179238 0 0.000179238)
(0.00565466 0 0 0.00565466 0 0.00565466)
(0.0055118 0 0 0.0055118 0 0.0055118)
(0.00540983 0 0 0.00540983 0 0.00540983)
(0.00532295 0 0 0.00532295 0 0.00532295)
(0.00521687 0 0 0.00521687 0 0.00521687)
(0.00508253 0 0 0.00508253 0 0.00508253)
(0.00492006 0 0 0.00492006 0 0.00492006)
(0.00473073 0 0 0.00473073 0 0.00473073)
(0.00451595 0 0 0.00451595 0 0.00451595)
(0.00427733 0 0 0.00427733 0 0.00427733)
(0.00401671 0 0 0.00401671 0 0.00401671)
(0.0037362 0 0 0.0037362 0 0.0037362)
(0.0034382 0 0 0.0034382 0 0.0034382)
(0.00312548 0 0 0.00312548 0 0.00312548)
(0.00280157 0 0 0.00280157 0 0.00280157)
(0.00247134 0 0 0.00247134 0 0.00247134)
(0.00214192 0 0 0.00214192 0 0.00214192)
(0.00182297 0 0 0.00182297 0 0.00182297)
(0.00152546 0 0 0.00152546 0 0.00152546)
(0.00125934 0 0 0.00125934 0 0.00125934)
(0.00103183 0 0 0.00103183 0 0.00103183)
(0.000847162 0 0 0.000847162 0 0.000847162)
(0.000705279 0 0 0.000705279 0 0.000705279)
(0.000597268 0 0 0.000597268 0 0.000597268)
(0.000505901 0 0 0.000505901 0 0.000505901)
(0.000419755 0 0 0.000419755 0 0.000419755)
(0.000339792 0 0 0.000339792 0 0.000339792)
(0.000271281 0 0 0.000271281 0 0.000271281)
(0.00021772 0 0 0.00021772 0 0.00021772)
(0.000179705 0 0 0.000179705 0 0.000179705)
(0.00550372 0 0 0.00550372 0 0.00550372)
(0.00537738 0 0 0.00537738 0 0.00537738)
(0.00528375 0 0 0.00528375 0 0.00528375)
(0.00519781 0 0 0.00519781 0 0.00519781)
(0.0050929 0 0 0.0050929 0 0.0050929)
(0.00496129 0 0 0.00496129 0 0.00496129)
(0.00480276 0 0 0.00480276 0 0.00480276)
(0.00461835 0 0 0.00461835 0 0.00461835)
(0.00440936 0 0 0.00440936 0 0.00440936)
(0.00417723 0 0 0.00417723 0 0.00417723)
(0.0039236 0 0 0.0039236 0 0.0039236)
(0.00365035 0 0 0.00365035 0 0.00365035)
(0.0033596 0 0 0.0033596 0 0.0033596)
(0.0030539 0 0 0.0030539 0 0.0030539)
(0.00273666 0 0 0.00273666 0 0.00273666)
(0.00241288 0 0 0.00241288 0 0.00241288)
(0.00209009 0 0 0.00209009 0 0.00209009)
(0.00177833 0 0 0.00177833 0 0.00177833)
(0.00148866 0 0 0.00148866 0 0.00148866)
(0.00123088 0 0 0.00123088 0 0.00123088)
(0.00101202 0 0 0.00101202 0 0.00101202)
(0.000836059 0 0 0.000836059 0 0.000836059)
(0.000701842 0 0 0.000701842 0 0.000701842)
(0.000598242 0 0 0.000598242 0 0.000598242)
(0.00050752 0 0 0.00050752 0 0.00050752)
(0.000420546 0 0 0.000420546 0 0.000420546)
(0.000339938 0 0 0.000339938 0 0.000339938)
(0.000271179 0 0 0.000271179 0 0.000271179)
(0.000217596 0 0 0.000217596 0 0.000217596)
(0.000179643 0 0 0.000179643 0 0.000179643)
(0.00462745 0 0 0.00462745 0 0.00462745)
(0.00458776 0 0 0.00458776 0 0.00458776)
(0.00452733 0 0 0.00452733 0 0.00452733)
(0.00444656 0 0 0.00444656 0 0.00444656)
(0.00434426 0 0 0.00434426 0 0.00434426)
(0.00421969 0 0 0.00421969 0 0.00421969)
(0.00407297 0 0 0.00407297 0 0.00407297)
(0.00390475 0 0 0.00390475 0 0.00390475)
(0.00371609 0 0 0.00371609 0 0.00371609)
(0.00350835 0 0 0.00350835 0 0.00350835)
(0.00328317 0 0 0.00328317 0 0.00328317)
(0.00304257 0 0 0.00304257 0 0.00304257)
(0.002789 0 0 0.002789 0 0.002789)
(0.00252568 0 0 0.00252568 0 0.00252568)
(0.0022569 0 0 0.0022569 0 0.0022569)
(0.00198841 0 0 0.00198841 0 0.00198841)
(0.00172736 0 0 0.00172736 0 0.00172736)
(0.00148163 0 0 0.00148163 0 0.00148163)
(0.00125876 0 0 0.00125876 0 0.00125876)
(0.00106512 0 0 0.00106512 0 0.00106512)
(0.000905322 0 0 0.000905322 0 0.000905322)
(0.000780393 0 0 0.000780393 0 0.000780393)
(0.000683518 0 0 0.000683518 0 0.000683518)
(0.000599635 0 0 0.000599635 0 0.000599635)
(0.000516505 0 0 0.000516505 0 0.000516505)
(0.000433126 0 0 0.000433126 0 0.000433126)
(0.000354669 0 0 0.000354669 0 0.000354669)
(0.000286127 0 0 0.000286127 0 0.000286127)
(0.00023046 0 0 0.00023046 0 0.00023046)
(0.000188583 0 0 0.000188583 0 0.000188583)
(0.00479422 0 0 0.00479422 0 0.00479422)
(0.00474865 0 0 0.00474865 0 0.00474865)
(0.00468733 0 0 0.00468733 0 0.00468733)
(0.00460855 0 0 0.00460855 0 0.00460855)
(0.00450936 0 0 0.00450936 0 0.00450936)
(0.00438816 0 0 0.00438816 0 0.00438816)
(0.00424472 0 0 0.00424472 0 0.00424472)
(0.00407949 0 0 0.00407949 0 0.00407949)
(0.00389334 0 0 0.00389334 0 0.00389334)
(0.0036874 0 0 0.0036874 0 0.0036874)
(0.00346306 0 0 0.00346306 0 0.00346306)
(0.00322199 0 0 0.00322199 0 0.00322199)
(0.00296628 0 0 0.00296628 0 0.00296628)
(0.00269865 0 0 0.00269865 0 0.00269865)
(0.0024229 0 0 0.0024229 0 0.0024229)
(0.00214435 0 0 0.00214435 0 0.00214435)
(0.00187004 0 0 0.00187004 0 0.00187004)
(0.00160823 0 0 0.00160823 0 0.00160823)
(0.00136728 0 0 0.00136728 0 0.00136728)
(0.00115443 0 0 0.00115443 0 0.00115443)
(0.000975243 0 0 0.000975243 0 0.000975243)
(0.000832635 0 0 0.000832635 0 0.000832635)
(0.000723442 0 0 0.000723442 0 0.000723442)
(0.000634825 0 0 0.000634825 0 0.000634825)
(0.000551034 0 0 0.000551034 0 0.000551034)
(0.000466248 0 0 0.000466248 0 0.000466248)
(0.000384257 0 0 0.000384257 0 0.000384257)
(0.000310699 0 0 0.000310699 0 0.000310699)
(0.000249432 0 0 0.000249432 0 0.000249432)
(0.000202124 0 0 0.000202124 0 0.000202124)
(0.00481345 0 0 0.00481345 0 0.00481345)
(0.00476672 0 0 0.00476672 0 0.00476672)
(0.00470479 0 0 0.00470479 0 0.00470479)
(0.00462567 0 0 0.00462567 0 0.00462567)
(0.00452617 0 0 0.00452617 0 0.00452617)
(0.00440459 0 0 0.00440459 0 0.00440459)
(0.00426065 0 0 0.00426065 0 0.00426065)
(0.00409482 0 0 0.00409482 0 0.00409482)
(0.00390797 0 0 0.00390797 0 0.00390797)
(0.00370124 0 0 0.00370124 0 0.00370124)
(0.00347604 0 0 0.00347604 0 0.00347604)
(0.00323407 0 0 0.00323407 0 0.00323407)
(0.00297744 0 0 0.00297744 0 0.00297744)
(0.00270887 0 0 0.00270887 0 0.00270887)
(0.00243217 0 0 0.00243217 0 0.00243217)
(0.00215263 0 0 0.00215263 0 0.00215263)
(0.00187725 0 0 0.00187725 0 0.00187725)
(0.0016143 0 0 0.0016143 0 0.0016143)
(0.00137213 0 0 0.00137213 0 0.00137213)
(0.00115801 0 0 0.00115801 0 0.00115801)
(0.000977534 0 0 0.000977534 0 0.000977534)
(0.000833676 0 0 0.000833676 0 0.000833676)
(0.000723501 0 0 0.000723501 0 0.000723501)
(0.000634422 0 0 0.000634422 0 0.000634422)
(0.000550607 0 0 0.000550607 0 0.000550607)
(0.000465924 0 0 0.000465924 0 0.000465924)
(0.000384009 0 0 0.000384009 0 0.000384009)
(0.000310494 0 0 0.000310494 0 0.000310494)
(0.000249257 0 0 0.000249257 0 0.000249257)
(0.000201979 0 0 0.000201979 0 0.000201979)
(0.00483008 0 0 0.00483008 0 0.00483008)
(0.00478059 0 0 0.00478059 0 0.00478059)
(0.00471633 0 0 0.00471633 0 0.00471633)
(0.00463557 0 0 0.00463557 0 0.00463557)
(0.00453484 0 0 0.00453484 0 0.00453484)
(0.00441214 0 0 0.00441214 0 0.00441214)
(0.00426705 0 0 0.00426705 0 0.00426705)
(0.00409997 0 0 0.00409997 0 0.00409997)
(0.00391177 0 0 0.00391177 0 0.00391177)
(0.00370359 0 0 0.00370359 0 0.00370359)
(0.00347687 0 0 0.00347687 0 0.00347687)
(0.00323336 0 0 0.00323336 0 0.00323336)
(0.00297521 0 0 0.00297521 0 0.00297521)
(0.00270525 0 0 0.00270525 0 0.00270525)
(0.00242736 0 0 0.00242736 0 0.00242736)
(0.00214694 0 0 0.00214694 0 0.00214694)
(0.00187105 0 0 0.00187105 0 0.00187105)
(0.00160792 0 0 0.00160792 0 0.00160792)
(0.00136581 0 0 0.00136581 0 0.00136581)
(0.00115182 0 0 0.00115182 0 0.00115182)
(0.00097134 0 0 0.00097134 0 0.00097134)
(0.000827247 0 0 0.000827247 0 0.000827247)
(0.000716703 0 0 0.000716703 0 0.000716703)
(0.000627484 0 0 0.000627484 0 0.000627484)
(0.000544011 0 0 0.000544011 0 0.000544011)
(0.000460051 0 0 0.000460051 0 0.000460051)
(0.000379046 0 0 0.000379046 0 0.000379046)
(0.000306509 0 0 0.000306509 0 0.000306509)
(0.000246239 0 0 0.000246239 0 0.000246239)
(0.000199845 0 0 0.000199845 0 0.000199845)
(0.00474472 0 0 0.00474472 0 0.00474472)
(0.00470229 0 0 0.00470229 0 0.00470229)
(0.00464249 0 0 0.00464249 0 0.00464249)
(0.00456409 0 0 0.00456409 0 0.00456409)
(0.00446478 0 0 0.00446478 0 0.00446478)
(0.00434337 0 0 0.00434337 0 0.00434337)
(0.00419978 0 0 0.00419978 0 0.00419978)
(0.00403456 0 0 0.00403456 0 0.00403456)
(0.00384862 0 0 0.00384862 0 0.00384862)
(0.00364309 0 0 0.00364309 0 0.00364309)
(0.0034194 0 0 0.0034194 0 0.0034194)
(0.00317924 0 0 0.00317924 0 0.00317924)
(0.00292472 0 0 0.00292472 0 0.00292472)
(0.00265863 0 0 0.00265863 0 0.00265863)
(0.00238483 0 0 0.00238483 0 0.00238483)
(0.00210873 0 0 0.00210873 0 0.00210873)
(0.00183746 0 0 0.00183746 0 0.00183746)
(0.00157925 0 0 0.00157925 0 0.00157925)
(0.00134233 0 0 0.00134233 0 0.00134233)
(0.00113378 0 0 0.00113378 0 0.00113378)
(0.000958946 0 0 0.000958946 0 0.000958946)
(0.000820305 0 0 0.000820305 0 0.000820305)
(0.000713778 0 0 0.000713778 0 0.000713778)
(0.000625885 0 0 0.000625885 0 0.000625885)
(0.000541774 0 0 0.000541774 0 0.000541774)
(0.000457009 0 0 0.000457009 0 0.000457009)
(0.000375781 0 0 0.000375781 0 0.000375781)
(0.000303509 0 0 0.000303509 0 0.000303509)
(0.00024377 0 0 0.00024377 0 0.00024377)
(0.000198004 0 0 0.000198004 0 0.000198004)
(0 0 0 0 0 0)
(0 0 0 0 0 0)
(0 0 0 0 0 0)
(0 0 0 0 0 0)
(0 0 0 0 0 0)
(0 0 0 0 0 0)
(0 0 0 0 0 0)
(0 0 0 0 0 0)
(0 0 0 0 0 0)
(0 0 0 0 0 0)
(0 0 0 0 0 0)
(0 0 0 0 0 0)
(0 0 0 0 0 0)
(0 0 0 0 0 0)
(0 0 0 0 0 0)
(0 0 0 0 0 0)
(0 0 0 0 0 0)
(0 0 0 0 0 0)
(0 0 0 0 0 0)
(0 0 0 0 0 0)
(0 0 0 0 0 0)
(0 0 0 0 0 0)
(0 0 0 0 0 0)
(0 0 0 0 0 0)
(0 0 0 0 0 0)
(0 0 0 0 0 0)
(0 0 0 0 0 0)
(0 0 0 0 0 0)
(0 0 0 0 0 0)
(0 0 0 0 0 0)
(0 0 0 0 0 0)
(0 0 0 0 0 0)
(0 0 0 0 0 0)
(0 0 0 0 0 0)
(0 0 0 0 0 0)
(0 0 0 0 0 0)
(0 0 0 0 0 0)
(0 0 0 0 0 0)
(0 0 0 0 0 0)
(0 0 0 0 0 0)
(0 0 0 0 0 0)
(0 0 0 0 0 0)
(0 0 0 0 0 0)
(0 0 0 0 0 0)
(0 0 0 0 0 0)
(0 0 0 0 0 0)
(0 0 0 0 0 0)
(0 0 0 0 0 0)
(0 0 0 0 0 0)
(0 0 0 0 0 0)
(0 0 0 0 0 0)
(0 0 0 0 0 0)
(0 0 0 0 0 0)
(0 0 0 0 0 0)
(0 0 0 0 0 0)
(0 0 0 0 0 0)
(0 0 0 0 0 0)
(0 0 0 0 0 0)
(0 0 0 0 0 0)
(0 0 0 0 0 0)
(0 0 0 0 0 0)
(0 0 0 0 0 0)
(0 0 0 0 0 0)
(0 0 0 0 0 0)
(0 0 0 0 0 0)
(0 0 0 0 0 0)
(0 0 0 0 0 0)
(0 0 0 0 0 0)
(0 0 0 0 0 0)
(0 0 0 0 0 0)
(0 0 0 0 0 0)
(0 0 0 0 0 0)
(0 0 0 0 0 0)
(0 0 0 0 0 0)
(0 0 0 0 0 0)
(0 0 0 0 0 0)
(0 0 0 0 0 0)
(0 0 0 0 0 0)
(0 0 0 0 0 0)
(0 0 0 0 0 0)
(0 0 0 0 0 0)
(0 0 0 0 0 0)
(0 0 0 0 0 0)
(0 0 0 0 0 0)
(0 0 0 0 0 0)
(0 0 0 0 0 0)
(0 0 0 0 0 0)
(0 0 0 0 0 0)
(0 0 0 0 0 0)
(0 0 0 0 0 0)
(0 0 0 0 0 0)
(0 0 0 0 0 0)
(0 0 0 0 0 0)
(0 0 0 0 0 0)
(0 0 0 0 0 0)
(0 0 0 0 0 0)
(0 0 0 0 0 0)
(0 0 0 0 0 0)
(0 0 0 0 0 0)
(0 0 0 0 0 0)
(0 0 0 0 0 0)
(0 0 0 0 0 0)
(0 0 0 0 0 0)
(0 0 0 0 0 0)
(0 0 0 0 0 0)
(0 0 0 0 0 0)
(0 0 0 0 0 0)
(0 0 0 0 0 0)
(0 0 0 0 0 0)
(0 0 0 0 0 0)
(0 0 0 0 0 0)
(0 0 0 0 0 0)
(0 0 0 0 0 0)
(0 0 0 0 0 0)
(0 0 0 0 0 0)
(0 0 0 0 0 0)
(0 0 0 0 0 0)
(0 0 0 0 0 0)
(0 0 0 0 0 0)
(0 0 0 0 0 0)
(0 0 0 0 0 0)
(0 0 0 0 0 0)
(0 0 0 0 0 0)
(0 0 0 0 0 0)
(0 0 0 0 0 0)
(0 0 0 0 0 0)
(0 0 0 0 0 0)
(0 0 0 0 0 0)
(0 0 0 0 0 0)
(0 0 0 0 0 0)
(0 0 0 0 0 0)
(0 0 0 0 0 0)
(0 0 0 0 0 0)
(0 0 0 0 0 0)
(0 0 0 0 0 0)
(0 0 0 0 0 0)
(0 0 0 0 0 0)
(0 0 0 0 0 0)
(0 0 0 0 0 0)
(0 0 0 0 0 0)
(0 0 0 0 0 0)
(0 0 0 0 0 0)
(0 0 0 0 0 0)
(0 0 0 0 0 0)
(0 0 0 0 0 0)
(0 0 0 0 0 0)
(0 0 0 0 0 0)
(0 0 0 0 0 0)
(0 0 0 0 0 0)
(0 0 0 0 0 0)
(0 0 0 0 0 0)
(0 0 0 0 0 0)
(0 0 0 0 0 0)
(0 0 0 0 0 0)
(0 0 0 0 0 0)
(0 0 0 0 0 0)
(0 0 0 0 0 0)
(0 0 0 0 0 0)
(0 0 0 0 0 0)
(0 0 0 0 0 0)
(0 0 0 0 0 0)
(0 0 0 0 0 0)
(0 0 0 0 0 0)
(0 0 0 0 0 0)
(0 0 0 0 0 0)
(0 0 0 0 0 0)
(0 0 0 0 0 0)
(0 0 0 0 0 0)
(0 0 0 0 0 0)
(0 0 0 0 0 0)
(0 0 0 0 0 0)
(0 0 0 0 0 0)
(0 0 0 0 0 0)
(0 0 0 0 0 0)
(0 0 0 0 0 0)
(0 0 0 0 0 0)
(0 0 0 0 0 0)
(0 0 0 0 0 0)
(0 0 0 0 0 0)
(0 0 0 0 0 0)
(0 0 0 0 0 0)
(0 0 0 0 0 0)
(0 0 0 0 0 0)
(0 0 0 0 0 0)
(0 0 0 0 0 0)
(0 0 0 0 0 0)
(0 0 0 0 0 0)
(0 0 0 0 0 0)
(0 0 0 0 0 0)
(0 0 0 0 0 0)
(0 0 0 0 0 0)
(0 0 0 0 0 0)
(0 0 0 0 0 0)
(0 0 0 0 0 0)
(0 0 0 0 0 0)
(0 0 0 0 0 0)
(0 0 0 0 0 0)
(0 0 0 0 0 0)
(0 0 0 0 0 0)
(0 0 0 0 0 0)
(0 0 0 0 0 0)
(0 0 0 0 0 0)
(0 0 0 0 0 0)
(0 0 0 0 0 0)
(0 0 0 0 0 0)
(0 0 0 0 0 0)
(0 0 0 0 0 0)
(0 0 0 0 0 0)
(0 0 0 0 0 0)
(0 0 0 0 0 0)
(0 0 0 0 0 0)
(0 0 0 0 0 0)
(0 0 0 0 0 0)
(0 0 0 0 0 0)
(0 0 0 0 0 0)
(0 0 0 0 0 0)
(0 0 0 0 0 0)
(0 0 0 0 0 0)
(0 0 0 0 0 0)
(0 0 0 0 0 0)
(0 0 0 0 0 0)
(0 0 0 0 0 0)
(0 0 0 0 0 0)
(0 0 0 0 0 0)
(0 0 0 0 0 0)
(0 0 0 0 0 0)
(0 0 0 0 0 0)
(0 0 0 0 0 0)
(0 0 0 0 0 0)
(0 0 0 0 0 0)
(0 0 0 0 0 0)
(0 0 0 0 0 0)
(0 0 0 0 0 0)
(0 0 0 0 0 0)
(0 0 0 0 0 0)
(0 0 0 0 0 0)
(0 0 0 0 0 0)
(0 0 0 0 0 0)
(0 0 0 0 0 0)
(0 0 0 0 0 0)
(0 0 0 0 0 0)
(0 0 0 0 0 0)
(0 0 0 0 0 0)
(0 0 0 0 0 0)
(0 0 0 0 0 0)
(0 0 0 0 0 0)
(0 0 0 0 0 0)
(0 0 0 0 0 0)
(0 0 0 0 0 0)
(0 0 0 0 0 0)
(0 0 0 0 0 0)
(0 0 0 0 0 0)
(0 0 0 0 0 0)
(0 0 0 0 0 0)
(0 0 0 0 0 0)
(0 0 0 0 0 0)
(0 0 0 0 0 0)
(0 0 0 0 0 0)
(0 0 0 0 0 0)
(0 0 0 0 0 0)
(0 0 0 0 0 0)
(0 0 0 0 0 0)
(0 0 0 0 0 0)
(0 0 0 0 0 0)
(0 0 0 0 0 0)
(0 0 0 0 0 0)
(0 0 0 0 0 0)
(0 0 0 0 0 0)
(0 0 0 0 0 0)
(0 0 0 0 0 0)
(0 0 0 0 0 0)
(0 0 0 0 0 0)
(0 0 0 0 0 0)
(0 0 0 0 0 0)
(0 0 0 0 0 0)
(0 0 0 0 0 0)
(0 0 0 0 0 0)
(0 0 0 0 0 0)
(0 0 0 0 0 0)
(0 0 0 0 0 0)
(0 0 0 0 0 0)
(0 0 0 0 0 0)
(0 0 0 0 0 0)
(0 0 0 0 0 0)
(0 0 0 0 0 0)
(0 0 0 0 0 0)
(0 0 0 0 0 0)
(0 0 0 0 0 0)
(0 0 0 0 0 0)
(0 0 0 0 0 0)
(0 0 0 0 0 0)
(0 0 0 0 0 0)
(0 0 0 0 0 0)
(0 0 0 0 0 0)
(0 0 0 0 0 0)
(0 0 0 0 0 0)
(0 0 0 0 0 0)
(0 0 0 0 0 0)
(0 0 0 0 0 0)
(0 0 0 0 0 0)
(0 0 0 0 0 0)
(0 0 0 0 0 0)
(0 0 0 0 0 0)
(0 0 0 0 0 0)
(0 0 0 0 0 0)
(0 0 0 0 0 0)
(0 0 0 0 0 0)
(0 0 0 0 0 0)
(0 0 0 0 0 0)
(0 0 0 0 0 0)
(0 0 0 0 0 0)
(0 0 0 0 0 0)
(0 0 0 0 0 0)
(0 0 0 0 0 0)
(0 0 0 0 0 0)
(0 0 0 0 0 0)
(0 0 0 0 0 0)
(0 0 0 0 0 0)
(0 0 0 0 0 0)
(0 0 0 0 0 0)
(0 0 0 0 0 0)
(0 0 0 0 0 0)
(0 0 0 0 0 0)
(0 0 0 0 0 0)
(0 0 0 0 0 0)
(0 0 0 0 0 0)
(0 0 0 0 0 0)
(0 0 0 0 0 0)
(0 0 0 0 0 0)
(0 0 0 0 0 0)
(0 0 0 0 0 0)
(0 0 0 0 0 0)
(0 0 0 0 0 0)
(0 0 0 0 0 0)
(0 0 0 0 0 0)
(0 0 0 0 0 0)
(0 0 0 0 0 0)
(0 0 0 0 0 0)
(0 0 0 0 0 0)
(0 0 0 0 0 0)
(0 0 0 0 0 0)
(0 0 0 0 0 0)
(0 0 0 0 0 0)
(0 0 0 0 0 0)
(0 0 0 0 0 0)
(0 0 0 0 0 0)
(0 0 0 0 0 0)
(0 0 0 0 0 0)
(0 0 0 0 0 0)
(0 0 0 0 0 0)
(0 0 0 0 0 0)
(0 0 0 0 0 0)
(0 0 0 0 0 0)
(0 0 0 0 0 0)
(0 0 0 0 0 0)
(0 0 0 0 0 0)
(0 0 0 0 0 0)
(0 0 0 0 0 0)
(0 0 0 0 0 0)
(0 0 0 0 0 0)
(0 0 0 0 0 0)
(0 0 0 0 0 0)
(0 0 0 0 0 0)
(0 0 0 0 0 0)
(0 0 0 0 0 0)
(0 0 0 0 0 0)
(0 0 0 0 0 0)
(0 0 0 0 0 0)
(0 0 0 0 0 0)
(0 0 0 0 0 0)
(0 0 0 0 0 0)
(0 0 0 0 0 0)
(0 0 0 0 0 0)
(0 0 0 0 0 0)
(0 0 0 0 0 0)
(0 0 0 0 0 0)
(0 0 0 0 0 0)
(0 0 0 0 0 0)
(0 0 0 0 0 0)
(0 0 0 0 0 0)
(0 0 0 0 0 0)
(0 0 0 0 0 0)
(0 0 0 0 0 0)
(0 0 0 0 0 0)
(0 0 0 0 0 0)
(0 0 0 0 0 0)
(0 0 0 0 0 0)
(0 0 0 0 0 0)
(0 0 0 0 0 0)
(0 0 0 0 0 0)
(0 0 0 0 0 0)
(0 0 0 0 0 0)
(0 0 0 0 0 0)
(0 0 0 0 0 0)
(0 0 0 0 0 0)
(0 0 0 0 0 0)
(0 0 0 0 0 0)
(0 0 0 0 0 0)
(0 0 0 0 0 0)
(0 0 0 0 0 0)
(0 0 0 0 0 0)
(0 0 0 0 0 0)
(0 0 0 0 0 0)
(0 0 0 0 0 0)
(0 0 0 0 0 0)
(0 0 0 0 0 0)
(0 0 0 0 0 0)
(0 0 0 0 0 0)
(0 0 0 0 0 0)
(0 0 0 0 0 0)
(0 0 0 0 0 0)
(0 0 0 0 0 0)
(0 0 0 0 0 0)
(0 0 0 0 0 0)
(0 0 0 0 0 0)
(0 0 0 0 0 0)
(0 0 0 0 0 0)
(0 0 0 0 0 0)
(0 0 0 0 0 0)
(0 0 0 0 0 0)
(0 0 0 0 0 0)
(0 0 0 0 0 0)
(0 0 0 0 0 0)
(0 0 0 0 0 0)
(0 0 0 0 0 0)
(0 0 0 0 0 0)
(0 0 0 0 0 0)
(0 0 0 0 0 0)
(0 0 0 0 0 0)
(0 0 0 0 0 0)
(0 0 0 0 0 0)
(0 0 0 0 0 0)
(0 0 0 0 0 0)
(0 0 0 0 0 0)
(0 0 0 0 0 0)
(0 0 0 0 0 0)
(0 0 0 0 0 0)
(0 0 0 0 0 0)
(0 0 0 0 0 0)
(0 0 0 0 0 0)
(0 0 0 0 0 0)
(0 0 0 0 0 0)
(0 0 0 0 0 0)
(0 0 0 0 0 0)
(0 0 0 0 0 0)
(0 0 0 0 0 0)
(0 0 0 0 0 0)
(0 0 0 0 0 0)
(0 0 0 0 0 0)
(0 0 0 0 0 0)
(0 0 0 0 0 0)
(0 0 0 0 0 0)
(0 0 0 0 0 0)
(0 0 0 0 0 0)
(0 0 0 0 0 0)
(0 0 0 0 0 0)
(0 0 0 0 0 0)
(0 0 0 0 0 0)
(0 0 0 0 0 0)
(0 0 0 0 0 0)
(0 0 0 0 0 0)
(0 0 0 0 0 0)
(0 0 0 0 0 0)
(0 0 0 0 0 0)
(0 0 0 0 0 0)
(0 0 0 0 0 0)
(0 0 0 0 0 0)
(0 0 0 0 0 0)
(0 0 0 0 0 0)
(0 0 0 0 0 0)
(0 0 0 0 0 0)
(0 0 0 0 0 0)
(0 0 0 0 0 0)
(0 0 0 0 0 0)
(0 0 0 0 0 0)
(0 0 0 0 0 0)
(0 0 0 0 0 0)
(0 0 0 0 0 0)
(0 0 0 0 0 0)
(0 0 0 0 0 0)
(0 0 0 0 0 0)
(0 0 0 0 0 0)
(0 0 0 0 0 0)
(0 0 0 0 0 0)
(0 0 0 0 0 0)
(0 0 0 0 0 0)
(0 0 0 0 0 0)
(0 0 0 0 0 0)
(0 0 0 0 0 0)
(0 0 0 0 0 0)
(0 0 0 0 0 0)
(0 0 0 0 0 0)
(0 0 0 0 0 0)
(0 0 0 0 0 0)
(0 0 0 0 0 0)
(0 0 0 0 0 0)
(0 0 0 0 0 0)
(0 0 0 0 0 0)
(0 0 0 0 0 0)
(0 0 0 0 0 0)
(0 0 0 0 0 0)
(0 0 0 0 0 0)
(0 0 0 0 0 0)
(0 0 0 0 0 0)
(0 0 0 0 0 0)
(0 0 0 0 0 0)
(0 0 0 0 0 0)
(0 0 0 0 0 0)
(0 0 0 0 0 0)
(0 0 0 0 0 0)
(0 0 0 0 0 0)
(0 0 0 0 0 0)
(0 0 0 0 0 0)
(0 0 0 0 0 0)
(0 0 0 0 0 0)
(0 0 0 0 0 0)
(0 0 0 0 0 0)
(0 0 0 0 0 0)
(0 0 0 0 0 0)
(0 0 0 0 0 0)
(0 0 0 0 0 0)
(0 0 0 0 0 0)
(0 0 0 0 0 0)
(0 0 0 0 0 0)
(0 0 0 0 0 0)
(0 0 0 0 0 0)
(0 0 0 0 0 0)
(0 0 0 0 0 0)
(0 0 0 0 0 0)
(0 0 0 0 0 0)
(0 0 0 0 0 0)
(0 0 0 0 0 0)
(0 0 0 0 0 0)
(0 0 0 0 0 0)
(0 0 0 0 0 0)
(0 0 0 0 0 0)
(0 0 0 0 0 0)
(0 0 0 0 0 0)
(0 0 0 0 0 0)
(0 0 0 0 0 0)
(0 0 0 0 0 0)
(0 0 0 0 0 0)
(0 0 0 0 0 0)
(0 0 0 0 0 0)
(0 0 0 0 0 0)
(0 0 0 0 0 0)
(0 0 0 0 0 0)
(0 0 0 0 0 0)
(0 0 0 0 0 0)
(0 0 0 0 0 0)
(0 0 0 0 0 0)
(0 0 0 0 0 0)
(0 0 0 0 0 0)
(0 0 0 0 0 0)
(0 0 0 0 0 0)
(0 0 0 0 0 0)
(0 0 0 0 0 0)
(0 0 0 0 0 0)
(0 0 0 0 0 0)
(0 0 0 0 0 0)
(0 0 0 0 0 0)
(0 0 0 0 0 0)
(0 0 0 0 0 0)
(0 0 0 0 0 0)
(0 0 0 0 0 0)
(0 0 0 0 0 0)
(0 0 0 0 0 0)
(0 0 0 0 0 0)
(0 0 0 0 0 0)
(0 0 0 0 0 0)
(0 0 0 0 0 0)
(0 0 0 0 0 0)
(0 0 0 0 0 0)
(0 0 0 0 0 0)
(0 0 0 0 0 0)
(0 0 0 0 0 0)
(0 0 0 0 0 0)
(0 0 0 0 0 0)
(0 0 0 0 0 0)
(0 0 0 0 0 0)
(0 0 0 0 0 0)
(0 0 0 0 0 0)
(0 0 0 0 0 0)
(0 0 0 0 0 0)
(0 0 0 0 0 0)
(0 0 0 0 0 0)
(0 0 0 0 0 0)
(0 0 0 0 0 0)
(0 0 0 0 0 0)
(0 0 0 0 0 0)
(0 0 0 0 0 0)
(0 0 0 0 0 0)
(0 0 0 0 0 0)
(0 0 0 0 0 0)
(0 0 0 0 0 0)
(0 0 0 0 0 0)
(0 0 0 0 0 0)
(0 0 0 0 0 0)
(0 0 0 0 0 0)
(0 0 0 0 0 0)
(0 0 0 0 0 0)
(0 0 0 0 0 0)
(0 0 0 0 0 0)
(0 0 0 0 0 0)
(0 0 0 0 0 0)
(0 0 0 0 0 0)
(0 0 0 0 0 0)
(0 0 0 0 0 0)
(0 0 0 0 0 0)
(0 0 0 0 0 0)
(0 0 0 0 0 0)
(0 0 0 0 0 0)
(0 0 0 0 0 0)
(0 0 0 0 0 0)
(0 0 0 0 0 0)
(0 0 0 0 0 0)
(0 0 0 0 0 0)
(0 0 0 0 0 0)
(0 0 0 0 0 0)
(0 0 0 0 0 0)
(0 0 0 0 0 0)
(0 0 0 0 0 0)
(0 0 0 0 0 0)
(0 0 0 0 0 0)
(0 0 0 0 0 0)
(0 0 0 0 0 0)
(0 0 0 0 0 0)
(0 0 0 0 0 0)
(0 0 0 0 0 0)
(0 0 0 0 0 0)
(0 0 0 0 0 0)
(0 0 0 0 0 0)
(0 0 0 0 0 0)
(0 0 0 0 0 0)
(0 0 0 0 0 0)
(0 0 0 0 0 0)
(0 0 0 0 0 0)
(0 0 0 0 0 0)
(0 0 0 0 0 0)
(0 0 0 0 0 0)
(0 0 0 0 0 0)
(0 0 0 0 0 0)
(0 0 0 0 0 0)
(0 0 0 0 0 0)
(0 0 0 0 0 0)
(0 0 0 0 0 0)
(0 0 0 0 0 0)
(0 0 0 0 0 0)
(0 0 0 0 0 0)
(0 0 0 0 0 0)
(0 0 0 0 0 0)
(0 0 0 0 0 0)
(0 0 0 0 0 0)
(0 0 0 0 0 0)
(0 0 0 0 0 0)
(0 0 0 0 0 0)
(0 0 0 0 0 0)
(0 0 0 0 0 0)
(0 0 0 0 0 0)
(0 0 0 0 0 0)
(0 0 0 0 0 0)
(0 0 0 0 0 0)
(0 0 0 0 0 0)
(0 0 0 0 0 0)
(0 0 0 0 0 0)
(0 0 0 0 0 0)
(0 0 0 0 0 0)
(0 0 0 0 0 0)
(0 0 0 0 0 0)
(0 0 0 0 0 0)
(0 0 0 0 0 0)
(0 0 0 0 0 0)
(0 0 0 0 0 0)
(0 0 0 0 0 0)
(0 0 0 0 0 0)
(0 0 0 0 0 0)
(0 0 0 0 0 0)
(0 0 0 0 0 0)
(0 0 0 0 0 0)
(0 0 0 0 0 0)
(0 0 0 0 0 0)
(0 0 0 0 0 0)
(0 0 0 0 0 0)
(0 0 0 0 0 0)
(0 0 0 0 0 0)
(0 0 0 0 0 0)
(0 0 0 0 0 0)
(0 0 0 0 0 0)
(0 0 0 0 0 0)
(0 0 0 0 0 0)
(0 0 0 0 0 0)
(0 0 0 0 0 0)
(0 0 0 0 0 0)
(0 0 0 0 0 0)
(0 0 0 0 0 0)
(0 0 0 0 0 0)
(0 0 0 0 0 0)
(0 0 0 0 0 0)
(0 0 0 0 0 0)
(0 0 0 0 0 0)
(0 0 0 0 0 0)
(0 0 0 0 0 0)
(0 0 0 0 0 0)
(0 0 0 0 0 0)
(0 0 0 0 0 0)
(0 0 0 0 0 0)
(0 0 0 0 0 0)
(0 0 0 0 0 0)
(0 0 0 0 0 0)
(0 0 0 0 0 0)
(0 0 0 0 0 0)
(0 0 0 0 0 0)
(0 0 0 0 0 0)
(0 0 0 0 0 0)
(0 0 0 0 0 0)
(0 0 0 0 0 0)
(0 0 0 0 0 0)
(0 0 0 0 0 0)
(0 0 0 0 0 0)
(0 0 0 0 0 0)
(0 0 0 0 0 0)
(0 0 0 0 0 0)
(0 0 0 0 0 0)
(0 0 0 0 0 0)
(0 0 0 0 0 0)
(0 0 0 0 0 0)
(0 0 0 0 0 0)
(0 0 0 0 0 0)
(0 0 0 0 0 0)
(0 0 0 0 0 0)
(0 0 0 0 0 0)
(0 0 0 0 0 0)
(0 0 0 0 0 0)
(0 0 0 0 0 0)
(0 0 0 0 0 0)
(0 0 0 0 0 0)
(0 0 0 0 0 0)
(0 0 0 0 0 0)
(0 0 0 0 0 0)
(0 0 0 0 0 0)
(0 0 0 0 0 0)
(0 0 0 0 0 0)
(0 0 0 0 0 0)
(0 0 0 0 0 0)
(0 0 0 0 0 0)
(0 0 0 0 0 0)
(0 0 0 0 0 0)
(0 0 0 0 0 0)
(0 0 0 0 0 0)
(0 0 0 0 0 0)
(0 0 0 0 0 0)
(0 0 0 0 0 0)
(0 0 0 0 0 0)
(0 0 0 0 0 0)
(0 0 0 0 0 0)
(0 0 0 0 0 0)
(0 0 0 0 0 0)
(0 0 0 0 0 0)
(0 0 0 0 0 0)
(0 0 0 0 0 0)
(0 0 0 0 0 0)
(0 0 0 0 0 0)
(0 0 0 0 0 0)
(0 0 0 0 0 0)
(0 0 0 0 0 0)
(0 0 0 0 0 0)
(0 0 0 0 0 0)
(0 0 0 0 0 0)
(0 0 0 0 0 0)
(0 0 0 0 0 0)
(0 0 0 0 0 0)
(0 0 0 0 0 0)
(0 0 0 0 0 0)
(0 0 0 0 0 0)
(0 0 0 0 0 0)
(0 0 0 0 0 0)
(0 0 0 0 0 0)
(0 0 0 0 0 0)
(0 0 0 0 0 0)
(0 0 0 0 0 0)
(0 0 0 0 0 0)
(0 0 0 0 0 0)
(0 0 0 0 0 0)
(0 0 0 0 0 0)
(0 0 0 0 0 0)
(0 0 0 0 0 0)
(0 0 0 0 0 0)
(0 0 0 0 0 0)
(0 0 0 0 0 0)
(0 0 0 0 0 0)
(0 0 0 0 0 0)
(0 0 0 0 0 0)
(0 0 0 0 0 0)
(0 0 0 0 0 0)
(0 0 0 0 0 0)
(0 0 0 0 0 0)
(0 0 0 0 0 0)
(0 0 0 0 0 0)
(0 0 0 0 0 0)
(0 0 0 0 0 0)
(0 0 0 0 0 0)
(0 0 0 0 0 0)
(0 0 0 0 0 0)
(0 0 0 0 0 0)
(0 0 0 0 0 0)
(0 0 0 0 0 0)
(0 0 0 0 0 0)
(0 0 0 0 0 0)
(0 0 0 0 0 0)
(0 0 0 0 0 0)
(0 0 0 0 0 0)
(0 0 0 0 0 0)
(0 0 0 0 0 0)
(0 0 0 0 0 0)
(0 0 0 0 0 0)
(0 0 0 0 0 0)
(0 0 0 0 0 0)
(0 0 0 0 0 0)
(0 0 0 0 0 0)
(0 0 0 0 0 0)
(0 0 0 0 0 0)
(0 0 0 0 0 0)
(0 0 0 0 0 0)
(0 0 0 0 0 0)
(0 0 0 0 0 0)
(0 0 0 0 0 0)
(0 0 0 0 0 0)
(0 0 0 0 0 0)
(0 0 0 0 0 0)
(0 0 0 0 0 0)
(0 0 0 0 0 0)
(0 0 0 0 0 0)
(0 0 0 0 0 0)
(0 0 0 0 0 0)
(0 0 0 0 0 0)
(0 0 0 0 0 0)
(0 0 0 0 0 0)
(0 0 0 0 0 0)
(0 0 0 0 0 0)
(0 0 0 0 0 0)
(0 0 0 0 0 0)
(0 0 0 0 0 0)
(0 0 0 0 0 0)
(0 0 0 0 0 0)
(0 0 0 0 0 0)
(0 0 0 0 0 0)
(0 0 0 0 0 0)
(0 0 0 0 0 0)
(0 0 0 0 0 0)
(0 0 0 0 0 0)
(0 0 0 0 0 0)
(0 0 0 0 0 0)
(0 0 0 0 0 0)
(0 0 0 0 0 0)
(0 0 0 0 0 0)
(0 0 0 0 0 0)
(0 0 0 0 0 0)
(0 0 0 0 0 0)
(0 0 0 0 0 0)
(0 0 0 0 0 0)
(0 0 0 0 0 0)
(0 0 0 0 0 0)
(0 0 0 0 0 0)
(0 0 0 0 0 0)
(0 0 0 0 0 0)
(0 0 0 0 0 0)
(0 0 0 0 0 0)
(0 0 0 0 0 0)
(0 0 0 0 0 0)
(0 0 0 0 0 0)
(0 0 0 0 0 0)
(0 0 0 0 0 0)
(0 0 0 0 0 0)
(0 0 0 0 0 0)
(0 0 0 0 0 0)
(0 0 0 0 0 0)
(0 0 0 0 0 0)
(0 0 0 0 0 0)
(0 0 0 0 0 0)
(0 0 0 0 0 0)
(0 0 0 0 0 0)
(0 0 0 0 0 0)
(0 0 0 0 0 0)
(0 0 0 0 0 0)
(0 0 0 0 0 0)
(0 0 0 0 0 0)
(0 0 0 0 0 0)
(0 0 0 0 0 0)
(0 0 0 0 0 0)
(0 0 0 0 0 0)
(0 0 0 0 0 0)
(0 0 0 0 0 0)
(0 0 0 0 0 0)
(0 0 0 0 0 0)
(0 0 0 0 0 0)
(0 0 0 0 0 0)
(0 0 0 0 0 0)
(0 0 0 0 0 0)
(0 0 0 0 0 0)
(0 0 0 0 0 0)
(0 0 0 0 0 0)
(0 0 0 0 0 0)
(0 0 0 0 0 0)
(0 0 0 0 0 0)
(0 0 0 0 0 0)
(0 0 0 0 0 0)
(0 0 0 0 0 0)
(0 0 0 0 0 0)
(0 0 0 0 0 0)
(0 0 0 0 0 0)
(0 0 0 0 0 0)
(0 0 0 0 0 0)
(0 0 0 0 0 0)
(0 0 0 0 0 0)
(0 0 0 0 0 0)
(0 0 0 0 0 0)
(0 0 0 0 0 0)
(0 0 0 0 0 0)
(0 0 0 0 0 0)
(0 0 0 0 0 0)
(0 0 0 0 0 0)
(0 0 0 0 0 0)
(0 0 0 0 0 0)
(0 0 0 0 0 0)
(0 0 0 0 0 0)
(0 0 0 0 0 0)
(0 0 0 0 0 0)
(0 0 0 0 0 0)
(0 0 0 0 0 0)
(0 0 0 0 0 0)
(0 0 0 0 0 0)
(0 0 0 0 0 0)
(0 0 0 0 0 0)
(0 0 0 0 0 0)
(0 0 0 0 0 0)
(0 0 0 0 0 0)
(0 0 0 0 0 0)
(0 0 0 0 0 0)
(0 0 0 0 0 0)
(0 0 0 0 0 0)
(0 0 0 0 0 0)
(0 0 0 0 0 0)
(0 0 0 0 0 0)
(0 0 0 0 0 0)
(0 0 0 0 0 0)
(0 0 0 0 0 0)
(0 0 0 0 0 0)
(0 0 0 0 0 0)
(0 0 0 0 0 0)
(0 0 0 0 0 0)
(0 0 0 0 0 0)
(0 0 0 0 0 0)
(0 0 0 0 0 0)
(0 0 0 0 0 0)
(0 0 0 0 0 0)
(0 0 0 0 0 0)
(0 0 0 0 0 0)
(0 0 0 0 0 0)
(0 0 0 0 0 0)
(0 0 0 0 0 0)
(0 0 0 0 0 0)
(0 0 0 0 0 0)
(0 0 0 0 0 0)
(0 0 0 0 0 0)
(0 0 0 0 0 0)
(0 0 0 0 0 0)
(0 0 0 0 0 0)
(0 0 0 0 0 0)
(0 0 0 0 0 0)
(0 0 0 0 0 0)
(0 0 0 0 0 0)
(0 0 0 0 0 0)
(0 0 0 0 0 0)
(0 0 0 0 0 0)
(0 0 0 0 0 0)
(0 0 0 0 0 0)
(0 0 0 0 0 0)
(0 0 0 0 0 0)
(0 0 0 0 0 0)
(0 0 0 0 0 0)
(0 0 0 0 0 0)
(0 0 0 0 0 0)
(0 0 0 0 0 0)
(0 0 0 0 0 0)
(0 0 0 0 0 0)
(0 0 0 0 0 0)
(0 0 0 0 0 0)
(0 0 0 0 0 0)
(0 0 0 0 0 0)
(0 0 0 0 0 0)
(0 0 0 0 0 0)
(0 0 0 0 0 0)
(0 0 0 0 0 0)
(0 0 0 0 0 0)
(0 0 0 0 0 0)
(0 0 0 0 0 0)
(0 0 0 0 0 0)
(0 0 0 0 0 0)
(0 0 0 0 0 0)
(0 0 0 0 0 0)
(0 0 0 0 0 0)
(0 0 0 0 0 0)
(0 0 0 0 0 0)
(0 0 0 0 0 0)
(0 0 0 0 0 0)
(0 0 0 0 0 0)
(0 0 0 0 0 0)
(0 0 0 0 0 0)
(0 0 0 0 0 0)
(0 0 0 0 0 0)
(0 0 0 0 0 0)
(0 0 0 0 0 0)
(0 0 0 0 0 0)
(0 0 0 0 0 0)
(0 0 0 0 0 0)
(0 0 0 0 0 0)
(0 0 0 0 0 0)
(0 0 0 0 0 0)
(0 0 0 0 0 0)
(0 0 0 0 0 0)
(0 0 0 0 0 0)
(0 0 0 0 0 0)
(0 0 0 0 0 0)
(0 0 0 0 0 0)
(0 0 0 0 0 0)
(0 0 0 0 0 0)
(0 0 0 0 0 0)
(0 0 0 0 0 0)
(0 0 0 0 0 0)
(0 0 0 0 0 0)
(0 0 0 0 0 0)
(0 0 0 0 0 0)
(0 0 0 0 0 0)
(0 0 0 0 0 0)
(0 0 0 0 0 0)
(0 0 0 0 0 0)
(0 0 0 0 0 0)
(0 0 0 0 0 0)
(0 0 0 0 0 0)
(0 0 0 0 0 0)
(0 0 0 0 0 0)
(0 0 0 0 0 0)
(0 0 0 0 0 0)
(0 0 0 0 0 0)
(0 0 0 0 0 0)
(0 0 0 0 0 0)
(0 0 0 0 0 0)
(0 0 0 0 0 0)
(0 0 0 0 0 0)
(0 0 0 0 0 0)
(0 0 0 0 0 0)
(0 0 0 0 0 0)
(0 0 0 0 0 0)
(0 0 0 0 0 0)
(0 0 0 0 0 0)
(0 0 0 0 0 0)
(0 0 0 0 0 0)
(0 0 0 0 0 0)
(0 0 0 0 0 0)
(0 0 0 0 0 0)
(0 0 0 0 0 0)
(0 0 0 0 0 0)
(0 0 0 0 0 0)
(0 0 0 0 0 0)
(0 0 0 0 0 0)
(0 0 0 0 0 0)
(0 0 0 0 0 0)
(0 0 0 0 0 0)
(0 0 0 0 0 0)
(0 0 0 0 0 0)
(0 0 0 0 0 0)
(0 0 0 0 0 0)
(0 0 0 0 0 0)
(0 0 0 0 0 0)
(0 0 0 0 0 0)
(0 0 0 0 0 0)
(0 0 0 0 0 0)
(0 0 0 0 0 0)
(0 0 0 0 0 0)
(0 0 0 0 0 0)
(0 0 0 0 0 0)
(0 0 0 0 0 0)
(0 0 0 0 0 0)
(0 0 0 0 0 0)
(0 0 0 0 0 0)
(0 0 0 0 0 0)
(0 0 0 0 0 0)
(0 0 0 0 0 0)
(0 0 0 0 0 0)
(0 0 0 0 0 0)
(0 0 0 0 0 0)
(0 0 0 0 0 0)
(0 0 0 0 0 0)
(0 0 0 0 0 0)
(0 0 0 0 0 0)
(0 0 0 0 0 0)
(0 0 0 0 0 0)
(0 0 0 0 0 0)
(0 0 0 0 0 0)
(0 0 0 0 0 0)
(0 0 0 0 0 0)
(0 0 0 0 0 0)
(0 0 0 0 0 0)
(0 0 0 0 0 0)
(0 0 0 0 0 0)
(0 0 0 0 0 0)
(0 0 0 0 0 0)
(0 0 0 0 0 0)
(0 0 0 0 0 0)
(0 0 0 0 0 0)
(0 0 0 0 0 0)
(0 0 0 0 0 0)
(0 0 0 0 0 0)
(0 0 0 0 0 0)
(0 0 0 0 0 0)
(0 0 0 0 0 0)
(0 0 0 0 0 0)
(0 0 0 0 0 0)
(0 0 0 0 0 0)
(0 0 0 0 0 0)
(0 0 0 0 0 0)
(0 0 0 0 0 0)
(0 0 0 0 0 0)
(0 0 0 0 0 0)
(0 0 0 0 0 0)
(0 0 0 0 0 0)
(0 0 0 0 0 0)
(0 0 0 0 0 0)
(0 0 0 0 0 0)
(0 0 0 0 0 0)
(0 0 0 0 0 0)
(0 0 0 0 0 0)
(0 0 0 0 0 0)
(0 0 0 0 0 0)
(0 0 0 0 0 0)
(0 0 0 0 0 0)
(0 0 0 0 0 0)
(0 0 0 0 0 0)
(0 0 0 0 0 0)
(0 0 0 0 0 0)
(0 0 0 0 0 0)
(0 0 0 0 0 0)
(0 0 0 0 0 0)
(0 0 0 0 0 0)
(0 0 0 0 0 0)
(0 0 0 0 0 0)
(0 0 0 0 0 0)
(0 0 0 0 0 0)
(0 0 0 0 0 0)
(0 0 0 0 0 0)
(0 0 0 0 0 0)
(0 0 0 0 0 0)
(0 0 0 0 0 0)
(0 0 0 0 0 0)
(0 0 0 0 0 0)
(0 0 0 0 0 0)
(0 0 0 0 0 0)
(0 0 0 0 0 0)
(0 0 0 0 0 0)
(0 0 0 0 0 0)
(0 0 0 0 0 0)
(0 0 0 0 0 0)
(0 0 0 0 0 0)
(0 0 0 0 0 0)
(0 0 0 0 0 0)
(0 0 0 0 0 0)
(0 0 0 0 0 0)
(0 0 0 0 0 0)
(0 0 0 0 0 0)
(0 0 0 0 0 0)
(0 0 0 0 0 0)
(0 0 0 0 0 0)
(0 0 0 0 0 0)
(0 0 0 0 0 0)
(0 0 0 0 0 0)
(0 0 0 0 0 0)
(0 0 0 0 0 0)
(0 0 0 0 0 0)
(0 0 0 0 0 0)
(0 0 0 0 0 0)
(0 0 0 0 0 0)
(0 0 0 0 0 0)
(0 0 0 0 0 0)
(0 0 0 0 0 0)
(0 0 0 0 0 0)
(0 0 0 0 0 0)
(0 0 0 0 0 0)
(0 0 0 0 0 0)
(0 0 0 0 0 0)
(0 0 0 0 0 0)
(0 0 0 0 0 0)
(0 0 0 0 0 0)
(0 0 0 0 0 0)
(0 0 0 0 0 0)
(0 0 0 0 0 0)
(0 0 0 0 0 0)
(0 0 0 0 0 0)
(0 0 0 0 0 0)
(0 0 0 0 0 0)
(0 0 0 0 0 0)
(0 0 0 0 0 0)
(0 0 0 0 0 0)
(0 0 0 0 0 0)
(0 0 0 0 0 0)
(0 0 0 0 0 0)
(0 0 0 0 0 0)
(0 0 0 0 0 0)
(0 0 0 0 0 0)
(0 0 0 0 0 0)
(0 0 0 0 0 0)
(0 0 0 0 0 0)
(0 0 0 0 0 0)
(0 0 0 0 0 0)
(0 0 0 0 0 0)
(0 0 0 0 0 0)
(0 0 0 0 0 0)
(0 0 0 0 0 0)
(0 0 0 0 0 0)
(0 0 0 0 0 0)
(0 0 0 0 0 0)
(0 0 0 0 0 0)
(0 0 0 0 0 0)
(0 0 0 0 0 0)
(0 0 0 0 0 0)
(0 0 0 0 0 0)
(0 0 0 0 0 0)
(0 0 0 0 0 0)
(0 0 0 0 0 0)
(0 0 0 0 0 0)
(0 0 0 0 0 0)
(0 0 0 0 0 0)
(0 0 0 0 0 0)
(0 0 0 0 0 0)
(0 0 0 0 0 0)
(0 0 0 0 0 0)
(0 0 0 0 0 0)
(0 0 0 0 0 0)
(0 0 0 0 0 0)
(0 0 0 0 0 0)
(0 0 0 0 0 0)
(0 0 0 0 0 0)
(0 0 0 0 0 0)
(0 0 0 0 0 0)
(0 0 0 0 0 0)
(0 0 0 0 0 0)
(0 0 0 0 0 0)
(0 0 0 0 0 0)
(0 0 0 0 0 0)
(0 0 0 0 0 0)
(0 0 0 0 0 0)
(0 0 0 0 0 0)
(0 0 0 0 0 0)
(0 0 0 0 0 0)
(0 0 0 0 0 0)
(0 0 0 0 0 0)
(0 0 0 0 0 0)
(0 0 0 0 0 0)
(0 0 0 0 0 0)
(0 0 0 0 0 0)
(0 0 0 0 0 0)
(0 0 0 0 0 0)
(0 0 0 0 0 0)
(0 0 0 0 0 0)
(0 0 0 0 0 0)
(0 0 0 0 0 0)
(0 0 0 0 0 0)
(0 0 0 0 0 0)
(0 0 0 0 0 0)
(0 0 0 0 0 0)
(0 0 0 0 0 0)
(0 0 0 0 0 0)
(0 0 0 0 0 0)
(0 0 0 0 0 0)
(0 0 0 0 0 0)
(0 0 0 0 0 0)
(0 0 0 0 0 0)
(0 0 0 0 0 0)
(0 0 0 0 0 0)
(0 0 0 0 0 0)
(0 0 0 0 0 0)
(0 0 0 0 0 0)
(0 0 0 0 0 0)
(0 0 0 0 0 0)
(0 0 0 0 0 0)
(0 0 0 0 0 0)
(0 0 0 0 0 0)
(0 0 0 0 0 0)
(0 0 0 0 0 0)
(0 0 0 0 0 0)
(0 0 0 0 0 0)
(0 0 0 0 0 0)
(0 0 0 0 0 0)
(0 0 0 0 0 0)
(0 0 0 0 0 0)
(0 0 0 0 0 0)
(0 0 0 0 0 0)
(0 0 0 0 0 0)
(0 0 0 0 0 0)
(0 0 0 0 0 0)
(0 0 0 0 0 0)
(0 0 0 0 0 0)
(0 0 0 0 0 0)
(0 0 0 0 0 0)
(0 0 0 0 0 0)
(0 0 0 0 0 0)
(0 0 0 0 0 0)
(0 0 0 0 0 0)
(0 0 0 0 0 0)
(0 0 0 0 0 0)
(0 0 0 0 0 0)
(0 0 0 0 0 0)
(0 0 0 0 0 0)
(0 0 0 0 0 0)
(0 0 0 0 0 0)
(0 0 0 0 0 0)
(0 0 0 0 0 0)
(0 0 0 0 0 0)
(0 0 0 0 0 0)
(0 0 0 0 0 0)
(0 0 0 0 0 0)
(0 0 0 0 0 0)
(0 0 0 0 0 0)
(0 0 0 0 0 0)
(0 0 0 0 0 0)
(0 0 0 0 0 0)
(0 0 0 0 0 0)
(0 0 0 0 0 0)
(0 0 0 0 0 0)
(0 0 0 0 0 0)
(0 0 0 0 0 0)
(0 0 0 0 0 0)
(0 0 0 0 0 0)
(0 0 0 0 0 0)
(0 0 0 0 0 0)
(0 0 0 0 0 0)
(0 0 0 0 0 0)
(0 0 0 0 0 0)
(0 0 0 0 0 0)
(0 0 0 0 0 0)
(0 0 0 0 0 0)
(0 0 0 0 0 0)
(0 0 0 0 0 0)
(0 0 0 0 0 0)
(0 0 0 0 0 0)
(0 0 0 0 0 0)
(0 0 0 0 0 0)
(0 0 0 0 0 0)
(0 0 0 0 0 0)
(0 0 0 0 0 0)
(0 0 0 0 0 0)
(0 0 0 0 0 0)
(0 0 0 0 0 0)
(0 0 0 0 0 0)
(0 0 0 0 0 0)
(0 0 0 0 0 0)
(0 0 0 0 0 0)
(0 0 0 0 0 0)
(0 0 0 0 0 0)
(0 0 0 0 0 0)
(0 0 0 0 0 0)
(0 0 0 0 0 0)
(0 0 0 0 0 0)
(0 0 0 0 0 0)
(0 0 0 0 0 0)
(0 0 0 0 0 0)
(0 0 0 0 0 0)
(0 0 0 0 0 0)
(0 0 0 0 0 0)
(0 0 0 0 0 0)
(0 0 0 0 0 0)
(0 0 0 0 0 0)
(0 0 0 0 0 0)
(0 0 0 0 0 0)
(0 0 0 0 0 0)
(0 0 0 0 0 0)
(0 0 0 0 0 0)
(0 0 0 0 0 0)
(0 0 0 0 0 0)
(0 0 0 0 0 0)
(0 0 0 0 0 0)
(0 0 0 0 0 0)
(0 0 0 0 0 0)
(0 0 0 0 0 0)
(0 0 0 0 0 0)
(0 0 0 0 0 0)
(0 0 0 0 0 0)
(0 0 0 0 0 0)
(0 0 0 0 0 0)
(0 0 0 0 0 0)
(0 0 0 0 0 0)
(0 0 0 0 0 0)
(0 0 0 0 0 0)
(0 0 0 0 0 0)
(0 0 0 0 0 0)
(0 0 0 0 0 0)
(0 0 0 0 0 0)
(0 0 0 0 0 0)
(0 0 0 0 0 0)
(0 0 0 0 0 0)
(0 0 0 0 0 0)
(0 0 0 0 0 0)
(0 0 0 0 0 0)
(0 0 0 0 0 0)
(0 0 0 0 0 0)
(0 0 0 0 0 0)
(0 0 0 0 0 0)
(0 0 0 0 0 0)
(0 0 0 0 0 0)
(0 0 0 0 0 0)
(0 0 0 0 0 0)
(0 0 0 0 0 0)
(0 0 0 0 0 0)
(0 0 0 0 0 0)
(0 0 0 0 0 0)
(0 0 0 0 0 0)
(0 0 0 0 0 0)
(0 0 0 0 0 0)
(0 0 0 0 0 0)
(0 0 0 0 0 0)
(0 0 0 0 0 0)
)
;

boundaryField
{
    fuelBottom
    {
        type            empty;
    }
    fuelTop_1
    {
        type            empty;
    }
    fuelOuter
    {
        type            zeroGradient;
    }
    fuelTop
    {
        type            empty;
    }
    fuelInner
    {
        type            zeroGradient;
    }
    cladBottom
    {
        type            empty;
    }
    cladInner
    {
        type            zeroGradient;
    }
    cladOuter
    {
        type            zeroGradient;
    }
    cladTop
    {
        type            empty;
    }
    front
    {
        type            wedge;
    }
    back
    {
        type            wedge;
    }
}


// ************************************************************************* //
