/*--------------------------------*- C++ -*----------------------------------*\
| =========                 |                                                 |
| \\      /  F ield         | OpenFOAM: The Open Source CFD Toolbox           |
|  \\    /   O peration     | Version:  2412                                  |
|   \\  /    A nd           | Website:  www.openfoam.com                      |
|    \\/     M anipulation  |                                                 |
\*---------------------------------------------------------------------------*/
FoamFile
{
    version     2.0;
    format      ascii;
    arch        "LSB;label=32;scalar=64";
    class       surfaceScalarField;
    location    "100/fluidRegion";
    object      alphaPhi;
}
// * * * * * * * * * * * * * * * * * * * * * * * * * * * * * * * * * * * * * //

dimensions      [0 3 -1 0 0 0 0];

oriented        oriented;

internalField   nonuniform List<scalar> 
10627
(
0.008231517
-4.001807e-13
0.008231517
-4.106723e-14
4.548937e-13
0.008231517
9.856986e-14
4.240731e-13
0.008231517
1.91164e-13
3.611349e-13
0.008231517
2.18218e-13
3.082926e-13
8.299697e-14
2.056678e-13
0.008231517
3.570465e-13
0.008231517
3.460221e-14
0.008231517
-1.827685e-13
0.008231517
-3.354293e-13
0.008231517
-4.512118e-13
-7.681841e-13
0.008231517
-3.890162e-13
0.008231517
-3.588097e-13
0.008231517
-4.290305e-13
0.008231517
-5.240876e-13
-7.097297e-13
0.008231517
4.913517e-14
0.008231517
-1.359615e-13
0.008231517
-1.870815e-13
0.008231517
-2.156679e-13
-3.276301e-13
0.008231517
-1.21439e-13
0.008231517
-1.343856e-14
0.008231517
1.107604e-13
0.008231517
1.984902e-13
1.464833e-13
0.008231517
0.008231517
0.008231517
0.008231517
0.008231517
0.008231517
2.708934e-11
2.916417e-11
0.008231517
2.248659e-11
3.200892e-11
0.008231517
3.303812e-11
4.034604e-11
0.008231516
3.414211e-11
3.837902e-11
6.130875e-12
1.229675e-11
0.008231517
2.7342e-11
2.940645e-11
0.008231517
2.26948e-11
3.21914e-11
0.008231517
3.311554e-11
4.043968e-11
0.008231516
3.427655e-11
3.829912e-11
7.534644e-12
1.177552e-11
0.008231509
3.315067e-11
3.316101e-11
0.008231509
2.924654e-11
2.927226e-11
0.008231509
3.612507e-11
3.610883e-11
0.008231509
3.58615e-11
3.607581e-11
7.765355e-12
9.690321e-12
0.008231509
0.008231509
0.008231509
0.008231509
0.008231509
0.008231509
0.008231509
0.008231509
0.008231517
0.008231517
0.008231517
0.008231516
0.008231509
-1.581407e-13
-4.463953e-16
0.008231509
-2.064952e-13
-5.502898e-14
0.008231509
-1.882114e-13
-5.660071e-14
0.008231509
2.188786e-14
2.273007e-14
4.10033e-13
-3.39796e-15
0.008231517
-1.076342e-13
4.57242e-16
0.008231517
-1.847176e-13
-5.558479e-14
0.008231517
-1.774683e-13
-5.7874e-14
0.008231517
2.863595e-14
2.074708e-14
4.113309e-13
6.889457e-15
0.008231509
0.008231509
0.008231509
0.008231509
0.008231509
2.36271e-15
0.008231509
4.574407e-14
0.008231509
1.277323e-13
0.008231509
2.148857e-13
5.986349e-14
0.008231517
5.195442e-14
0.008231517
6.8079e-14
0.008231517
1.397541e-13
0.008231517
2.235772e-13
5.082668e-14
0.008231517
0.008231517
0.008231517
0.008231517
0.008231517
-2.072616e-12
0.008231517
2.122294e-13
6.478509e-13
0.008231517
-2.051947e-12
1.319692e-12
0.008231517
-8.795061e-13
-1.317885e-12
0.008231517
-2.768914e-12
2.33218e-12
-3.981938e-12
7.914921e-12
0.008231509
3.232195e-13
0.008231509
-7.623872e-14
0.008231509
-2.469137e-13
0.008231509
1.541258e-13
0.008231509
3.10445e-12
-1.878356e-13
0.008231517
-6.444916e-13
1.136256e-12
0.008231517
2.673454e-13
-1.798735e-12
0.008231517
-1.966939e-12
-8.000729e-13
0.008231517
1.933109e-12
-2.743059e-12
7.570709e-12
-3.97745e-12
0.008231517
0.008231517
0.008231517
0.008231517
0.008231509
-3.099278e-12
0.008231509
-2.292668e-12
0.008231509
-1.552541e-12
0.008231509
-5.744409e-13
0.008231509
2.679488e-12
-5.36556e-13
0.008231509
0.008231509
0.008231509
0.008231509
0.008231509
0.008231517
-1.896116e-11
-1.897237e-11
0.008231517
-2.297643e-11
-2.302568e-11
0.008231517
-2.410523e-11
-2.423962e-11
0.008231517
-1.94538e-11
-1.958135e-11
0.008231517
-7.448943e-12
-7.343056e-12
6.71151e-12
7.406764e-12
0.008231509
-2.071721e-11
-1.865797e-11
0.008231509
-2.393584e-11
-2.291853e-11
0.008231509
-2.45951e-11
-2.425157e-11
0.008231509
-1.96674e-11
-1.968861e-11
0.008231509
-7.510119e-12
-7.462782e-12
6.856423e-12
7.461316e-12
0.008231509
0.008231509
0.008231509
0.008231509
0.008231509
0.008231517
-2.078234e-11
-1.871185e-11
0.008231517
-2.399551e-11
-2.292894e-11
0.008231517
-2.469874e-11
-2.422076e-11
0.008231517
-1.978826e-11
-1.968185e-11
0.008231517
-7.528156e-12
-7.586644e-12
7.062037e-12
6.971721e-12
0.008231517
0.008231517
0.008231517
0.008231517
0.008231517
0.008231509
0.008231509
0.008231509
0.008231509
0.008231509
0.008231509
-2.140413e-11
-2.166479e-11
0.008231509
-2.195957e-11
-2.401545e-11
0.008231509
-3.666632e-11
-4.927362e-11
0.008231509
-9.393941e-11
-9.472747e-11
0.00823151
-1.156061e-10
-1.05906e-10
-3.971034e-11
-4.970861e-11
0.008231517
-2.022051e-11
-2.145192e-11
0.008231517
-2.405352e-11
-2.808253e-11
0.008231517
-3.933478e-11
-4.817394e-11
0.008231517
-9.427016e-11
-8.81589e-11
0.008231517
-1.207744e-10
-1.199183e-10
-6.06223e-11
-7.713934e-11
0.008231517
-6.065351e-12
0.008231517
-6.598101e-12
0.008231517
-2.081016e-11
0.008231517
-4.554518e-11
0.008231517
-3.813442e-11
2.012423e-11
0.008231509
0.008231509
0.008231509
0.008231509
0.00823151
0.008231517
-5.09459e-12
0.008231517
-4.624952e-12
0.008231517
-2.457827e-11
0.008231517
-5.244447e-11
0.008231517
-2.929037e-11
2.664302e-11
0.008231509
0.008231509
0.008231509
0.008231509
0.00823151
0.008231517
-9.347988e-12
-1.341953e-11
0.008231517
-1.997519e-11
-2.057511e-11
0.008231517
-2.066055e-11
-1.948627e-11
0.008231517
-1.172937e-11
-1.022867e-11
9.391352e-13
3.16301e-12
0.008231517
-3.373556e-12
0.008231517
-6.859356e-12
0.008231517
-6.498103e-12
0.008231517
-2.110447e-12
0.008231517
5.113453e-12
8.698404e-12
0.008231509
-8.946976e-12
-1.398164e-11
0.008231509
-1.838181e-11
-1.995253e-11
0.008231509
-1.878662e-11
-1.745362e-11
0.008231509
-1.003496e-11
-7.98151e-12
8.931246e-13
3.574275e-12
0.008231509
-7.822494e-12
0.008231509
-7.46891e-12
0.008231509
-1.951678e-12
0.008231509
5.666244e-12
9.155661e-12
0.008231517
0.008231517
0.008231517
0.008231517
0.008231517
0.008231509
0.008231509
0.008231509
0.008231509
0.008231509
-2.898873e-11
-4.53393e-12
0.008231509
-4.521064e-11
-7.703074e-12
0.008231509
-5.433693e-11
-7.44925e-12
0.008231509
-4.890536e-11
-2.794348e-12
-2.243874e-11
5.541938e-12
0.008231517
-2.526074e-11
-1.040047e-11
0.008231517
-3.875428e-11
-1.458122e-11
0.008231517
-4.819686e-11
-1.205106e-11
0.008231517
-4.740721e-11
-1.252321e-12
-2.803083e-11
1.489741e-11
0.008231517
0.008231517
0.008231517
0.008231517
0.008231509
4.840492e-12
0.008231509
1.037331e-11
0.008231509
1.853342e-11
0.008231509
2.711644e-11
2.927715e-11
0.008231509
-1.443503e-11
0.008231509
-2.370779e-11
0.008231509
-2.92753e-11
0.008231509
-2.707254e-11
-1.432957e-11
0.008231517
0.008231517
0.008231517
0.008231517
0.008231517
-9.165719e-11
-1.187476e-10
0.008231518
-1.673224e-10
-1.812847e-10
0.008231518
-2.047346e-10
-2.536708e-10
0.008231519
-2.535587e-10
-1.856424e-10
6.40677e-11
1.48692e-10
0.008231517
-1.195448e-10
-9.233831e-11
0.008231518
-1.817381e-10
-1.677402e-10
0.008231518
-2.531639e-10
-2.048016e-10
0.008231519
-1.819071e-10
-2.552747e-10
1.614566e-10
6.045635e-11
0.008231509
-1.00014e-10
-9.989786e-11
0.00823151
-1.727484e-10
-1.727128e-10
0.008231511
-2.186223e-10
-2.191963e-10
0.008231511
-2.150677e-10
-2.205189e-10
1.032307e-10
8.685477e-11
0.008231509
0.00823151
0.008231511
0.008231512
0.008231517
0.008231518
0.008231518
0.008231519
0.008231509
0.00823151
0.008231511
0.008231512
0.008231508
-7.401704e-12
0.008231508
-4.317346e-12
4.589093e-12
0.008231508
1.54026e-12
6.441589e-12
0.008231508
9.608719e-12
1.19746e-11
0.008231508
2.461393e-11
2.377852e-11
3.801928e-11
2.738714e-11
0.008231516
-6.025625e-12
0.008231516
-3.57404e-12
0.008231516
-1.333483e-12
0.008231516
9.115887e-14
0.008231516
-2.389305e-12
-3.467896e-11
0.008231508
-1.952766e-12
0.008231508
-2.325264e-13
0.008231508
1.016366e-12
0.008231508
-2.450467e-14
-3.116986e-11
0.008231516
5.393588e-12
0.008231516
3.808361e-12
0.008231516
3.684258e-12
0.008231516
7.138933e-12
0.008231516
1.631674e-11
-6.892856e-12
0.008231508
-6.719437e-12
0.008231508
-2.318043e-12
0.008231508
3.847793e-12
0.008231508
1.478728e-11
2.301316e-13
0.008231516
0.008231516
0.008231516
0.008231516
0.008231516
0.008231517
-3.781903e-13
-3.159356e-12
0.008231517
-2.198012e-12
-3.944425e-12
0.008231517
-4.611483e-13
-8.594342e-12
0.008231517
-3.749557e-12
-3.682884e-12
0.008231517
1.928614e-12
-2.142742e-12
-1.09782e-11
1.796827e-11
0.008231517
-3.6471e-13
-3.338969e-12
0.008231517
-2.19393e-12
-4.039005e-12
0.008231517
-4.61455e-13
-8.639793e-12
0.008231517
-3.75765e-12
-3.689398e-12
0.008231517
1.896438e-12
-2.089617e-12
-1.101803e-11
1.816124e-11
0.008231509
-1.571359e-12
0.008231509
-6.690317e-13
0.008231509
1.763701e-12
0.008231509
3.891243e-12
0.008231509
6.55924e-12
4.932986e-12
0.008231509
-1.378264e-12
0.008231509
-5.703701e-13
0.008231509
1.808892e-12
0.008231509
3.889697e-12
0.008231509
6.473983e-12
4.700255e-12
0.008231517
0.008231517
0.008231517
0.008231517
0.008231517
0.008231509
0.008231509
0.008231509
0.008231509
0.008231509
0.008231509
1.771e-13
2.478209e-13
0.008231509
1.573719e-13
2.367571e-13
0.008231509
1.598318e-13
2.290511e-13
0.008231509
1.891291e-13
2.630718e-13
0.008231509
2.261203e-13
3.093852e-13
1.76501e-13
1.713322e-13
0.008231509
-2.943415e-13
0.008231509
-3.393703e-13
0.008231509
-3.813862e-13
0.008231509
-4.306019e-13
0.008231509
-5.182713e-13
-7.388544e-13
0.008231517
-6.923006e-14
0.008231517
-8.769797e-14
0.008231517
-1.121925e-13
0.008231517
-1.303328e-13
0.008231517
-1.53553e-13
-2.867971e-13
0.008231517
2.056151e-13
0.008231517
2.07668e-13
0.008231517
2.196325e-13
0.008231517
2.47764e-13
0.008231517
2.969479e-13
2.218704e-13
0.008231509
-2.286596e-13
0.008231509
-2.988339e-13
0.008231509
-3.432225e-13
0.008231509
-3.870837e-13
0.008231509
-4.58069e-13
-7.985376e-13
0.008231517
0.008231517
0.008231517
0.008231517
0.008231517
0.008231507
-7.474916e-12
7.283717e-11
0.008231507
-1.836001e-11
2.159893e-11
0.008231506
-3.596784e-11
-1.507679e-11
0.008231506
-8.89813e-12
-7.465647e-12
6.150683e-11
5.673864e-11
0.008231514
-2.383347e-11
0.008231514
-3.065862e-11
0.008231514
-3.831083e-11
0.008231514
-3.008239e-12
2.357718e-11
0.008231514
2.286553e-12
1.013396e-10
0.008231514
-1.084734e-11
3.394393e-11
0.008231514
-3.631778e-11
-3.423881e-12
0.008231514
7.641845e-13
4.78732e-12
6.486274e-11
6.808742e-11
0.008231507
-2.235931e-11
0.008231507
-5.092519e-12
0.008231507
-2.582627e-11
0.008231506
-2.630794e-11
0.008231506
-4.175569e-13
3.157003e-11
0.008231514
0.008231514
0.008231514
0.008231514
0.008231507
0.008231507
0.008231507
0.008231506
0.008231506
0.008231516
-1.599922e-14
-2.731022e-12
0.008231516
-5.83937e-12
-8.217737e-12
0.008231516
-2.203121e-11
-5.042004e-12
0.008231516
-8.897223e-12
-1.161552e-11
2.211468e-11
-1.442221e-12
0.008231516
-1.972827e-12
-2.752491e-12
0.008231516
-7.464815e-12
-8.372886e-12
0.008231516
-2.325953e-11
-5.075702e-12
0.008231516
-1.019462e-11
-1.145961e-11
1.963404e-11
-1.442997e-12
0.008231516
0.008231516
0.008231516
0.008231517
0.008231509
-5.069255e-12
0.008231509
-5.258564e-12
0.008231509
2.105174e-13
0.008231509
1.836759e-11
1.227808e-11
0.008231509
-3.133844e-12
0.008231509
-3.788308e-12
0.008231509
1.405067e-12
0.008231509
1.982086e-11
1.475791e-11
0.008231509
0.008231509
0.008231509
0.008231509
0.008231517
5.179257e-12
1.260021e-11
0.008231517
-1.416183e-12
2.22311e-11
0.008231517
5.111214e-13
2.409664e-11
0.008231517
-3.350601e-13
2.121479e-11
-5.297988e-12
1.063056e-11
0.008231509
-1.319379e-12
0.008231509
-1.309981e-12
0.008231509
-6.491958e-12
0.008231509
-1.024019e-11
-1.022117e-11
0.008231517
7.217762e-12
1.005448e-11
0.008231517
1.654702e-11
3.430539e-12
0.008231517
2.07676e-11
2.4543e-12
0.008231517
2.017021e-11
-1.098343e-12
1.292359e-11
-8.825625e-12
0.008231509
1.157704e-11
0.008231509
1.18408e-11
0.008231509
1.176418e-11
0.008231509
1.052147e-11
4.400502e-12
0.008231517
0.008231517
0.008231517
0.008231517
0.008231509
0.008231509
0.008231509
0.008231509
0.008231517
-1.378945e-14
-1.524067e-14
0.008231517
-8.950034e-15
-1.182343e-14
0.008231517
4.130027e-15
9.2437e-16
0.008231517
3.032324e-14
2.729653e-14
4.314893e-14
4.140543e-14
0.008231517
5.235894e-14
0.008231517
5.084607e-14
0.008231517
5.398845e-14
0.008231517
4.59659e-14
-4.831704e-15
0.008231517
5.165179e-14
0.008231517
5.236505e-14
0.008231517
5.625506e-14
0.008231517
4.840304e-14
-2.516704e-15
0.008231517
1.707222e-14
0.008231517
2.469175e-14
0.008231517
3.403327e-14
0.008231517
4.255576e-14
1.49065e-14
0.008231517
1.921216e-14
0.008231517
2.60264e-14
0.008231517
3.50233e-14
0.008231517
4.317498e-14
1.432154e-14
0.008231517
0.008231517
0.008231517
0.008231517
0.008231516
3.935625e-12
1.63487e-11
0.008231516
-8.499433e-12
1.532775e-11
0.008231516
3.75687e-13
-8.00079e-12
0.008231516
-1.588531e-11
1.149952e-12
0.008231516
2.12699e-12
-7.060212e-12
-2.809568e-11
4.568974e-11
0.008231508
-1.46905e-11
0.008231508
-1.128716e-11
0.008231508
-8.136889e-12
0.008231508
-1.268845e-12
0.008231508
3.343872e-12
1.21937e-11
0.008231516
1.3652e-11
7.938455e-12
0.008231516
1.539917e-11
-9.346969e-12
0.008231516
-5.294123e-12
-2.062383e-12
0.008231516
4.575058e-12
-1.858925e-11
0.008231516
-8.307351e-12
5.21026e-12
3.67717e-11
-1.874337e-11
0.008231508
2.139005e-11
0.008231508
1.036822e-11
0.008231508
2.992197e-12
0.008231508
-4.860204e-12
0.008231508
9.865197e-13
6.07663e-12
0.008231516
0.008231516
0.008231516
0.008231516
0.008231516
0.008231508
0.008231508
0.008231508
0.008231508
0.008231508
0.008231516
-1.167036e-11
-3.744354e-13
0.008231516
-1.733573e-11
-3.335164e-11
0.008231516
-1.625718e-11
-5.29371e-11
0.008231517
-9.706995e-12
-5.708464e-11
0.008231517
-5.537856e-13
-4.537037e-11
9.176245e-12
-2.195901e-11
0.008231516
-9.252164e-12
0.008231516
-7.531938e-13
0.008231516
1.056566e-11
0.008231517
2.14128e-11
0.008231517
2.8051e-11
2.729526e-11
0.008231509
-1.687443e-12
0.008231509
-1.919809e-11
0.008231509
-2.955965e-11
0.008231509
-3.144878e-11
0.008231509
-2.509481e-11
-1.25372e-11
0.008231508
4.3545e-12
-1.788104e-11
0.008231509
-2.357582e-11
-2.751123e-11
0.008231509
-4.209003e-11
-2.440406e-11
0.008231509
-4.986005e-11
-1.251839e-11
0.008231509
-4.479761e-11
2.975153e-12
-2.791064e-11
1.798266e-11
0.008231516
0.008231516
0.008231516
0.008231517
0.008231517
0.008231508
0.008231509
0.008231509
0.008231509
0.008231509
0.008231517
3.300016e-15
3.19016e-15
0.008231517
3.306397e-15
3.142024e-15
0.008231517
2.75514e-15
2.59048e-15
0.008231517
2.370755e-15
2.228895e-15
0.008231517
1.996041e-15
1.883813e-15
9.528061e-16
8.820105e-16
0.008231517
-3.326763e-15
0.008231517
-4.509503e-15
0.008231517
-5.709397e-15
0.008231517
-6.52558e-15
0.008231517
-6.871576e-15
-8.162508e-15
0.008231517
-3.375955e-15
0.008231517
-4.512888e-15
0.008231517
-5.716543e-15
0.008231517
-6.530377e-15
0.008231517
-6.854558e-15
-8.163747e-15
0.008231517
-9.543174e-17
0.008231517
-8.521625e-16
0.008231517
-1.86108e-15
0.008231517
-2.581211e-15
0.008231517
-2.712239e-15
-4.145568e-15
0.008231517
-2.80566e-16
0.008231517
-9.575137e-16
0.008231517
-1.997477e-15
0.008231517
-2.661535e-15
0.008231517
-2.725987e-15
-4.209926e-15
0.008231517
0.008231517
0.008231517
0.008231517
0.008231517
0.008231503
3.061724e-10
5.180151e-12
0.008231502
2.835318e-10
3.393309e-12
0.008231501
2.990432e-10
-3.447017e-12
0.0082315
4.52077e-10
3.046332e-11
8.610529e-10
4.899835e-11
0.008231511
8.322439e-12
2.87134e-10
0.00823151
4.214088e-12
2.689694e-10
0.008231509
-4.854369e-12
2.899271e-10
0.008231508
2.58952e-11
4.474916e-10
0.008231507
1.483328e-10
8.572005e-10
7.442124e-11
0.008231511
-1.023427e-10
0.00823151
-1.247963e-10
0.008231509
-1.081248e-10
0.008231508
-3.868822e-11
0.008231507
8.938832e-11
0.008231503
0.008231502
0.008231501
0.008231501
0.008231503
-8.016191e-11
0.008231502
-1.09413e-10
0.008231501
-1.00416e-10
0.0082315
-3.867089e-11
1.925753e-10
0.008231511
0.00823151
0.008231509
0.008231508
0.008231509
1.419023e-11
1.941273e-12
0.008231509
1.422112e-11
-4.516396e-12
0.008231509
-1.569196e-12
-4.710492e-13
0.008231509
-1.542828e-12
-1.152131e-11
1.316762e-14
-6.875361e-12
0.008231509
1.116645e-11
5.084291e-12
0.008231509
1.305183e-11
-4.67458e-12
0.008231509
-1.723592e-13
-3.181191e-12
0.008231509
2.709179e-13
-1.274372e-11
0.008231509
-4.315415e-14
-7.330248e-12
1.408131e-12
0.008231509
0.008231509
0.008231509
0.008231509
0.008231509
0.008231516
-7.876367e-12
0.008231516
-7.6063e-12
0.008231516
-7.383431e-12
0.008231516
-2.533511e-13
8.215097e-13
0.008231516
1.404316e-11
0.008231516
8.617373e-12
0.008231516
3.276465e-12
0.008231516
-2.782765e-12
-1.220035e-12
0.008231516
0.008231516
0.008231516
0.008231516
0.008231509
1.901678e-12
-2.548258e-13
0.008231509
1.295589e-13
-1.697037e-12
0.008231509
-2.50292e-13
-6.143472e-13
0.008231509
6.204197e-13
5.818752e-13
0.008231509
7.523124e-13
7.950615e-13
3.338615e-13
3.61942e-13
0.008231509
-4.098668e-12
0.008231509
-2.454625e-12
0.008231509
3.76759e-13
0.008231509
1.032674e-12
0.008231509
4.857606e-13
-1.631326e-13
0.008231509
0.008231509
3.683432e-12
0.008231509
2.238501e-12
0.008231509
1.63365e-12
0.008231509
6.761622e-13
-8.970247e-14
0.008231517
-1.152389e-12
0.008231517
-6.729446e-13
0.008231517
2.24525e-13
0.008231517
2.998867e-13
-6.87714e-14
0.008231517
0.008231517
3.159148e-12
0.008231517
8.248271e-13
0.008231517
7.869957e-13
0.008231517
5.330367e-13
3.270408e-14
0.008231517
0.008231517
0.008231517
0.008231517
0.008231509
6.911053e-13
3.850896e-13
0.008231509
1.375219e-12
1.104961e-12
0.008231509
1.142845e-12
9.696681e-13
0.008231509
9.699105e-13
8.180752e-13
0.008231509
1.697676e-12
1.365397e-12
3.955496e-12
2.261451e-12
0.008231517
-1.1139e-13
2.651206e-13
0.008231517
5.970119e-13
1.021944e-12
0.008231517
5.73718e-13
8.437043e-13
0.008231517
5.483544e-13
7.2764e-13
0.008231517
1.401796e-12
1.557099e-12
2.102281e-12
3.452315e-12
0.008231509
1.296621e-12
0.008231509
1.018684e-12
0.008231509
4.296155e-13
0.008231509
1.14923e-13
0.008231509
4.063712e-13
4.297317e-13
0.008231509
1.226129e-12
0.008231509
8.639782e-13
0.008231509
3.327822e-13
0.008231509
8.745392e-14
0.008231509
5.833289e-13
7.737316e-13
0.008231517
0.008231517
0.008231517
0.008231517
0.008231517
0.008231517
0.008231517
0.008231517
0.008231517
0.008231517
0.008231517
5.814399e-14
3.592397e-14
0.008231517
9.980087e-14
6.412964e-14
0.008231517
1.524027e-13
7.980669e-14
0.008231517
2.185682e-13
8.726296e-14
0.008231517
2.784897e-13
7.145942e-14
3.206444e-13
-6.880805e-14
0.008231509
-5.722911e-14
2.176173e-14
0.008231509
4.362284e-14
3.112429e-14
0.008231509
1.409292e-13
4.015476e-14
0.008231509
2.382937e-13
4.935033e-14
0.008231509
3.128827e-13
3.460666e-14
3.409358e-13
-5.298092e-14
0.008231509
0.008231509
0.008231509
0.008231509
0.008231509
0.008231509
-3.65301e-14
0.008231509
-2.852658e-14
0.008231509
-3.786624e-14
0.008231509
-6.531741e-14
0.008231509
-9.730119e-14
-1.595759e-13
0.008231517
-6.465501e-14
0.008231517
5.415389e-15
0.008231517
6.608068e-14
0.008231517
1.229608e-13
0.008231517
1.685491e-13
1.640424e-13
0.008231517
0.008231517
0.008231517
0.008231517
0.008231517
0.008231509
1.864773e-13
-1.807943e-13
0.008231509
4.140252e-13
4.971158e-14
0.008231509
5.995136e-13
3.905754e-13
0.008231509
5.994781e-13
4.384117e-13
3.566663e-13
1.111937e-13
0.008231509
-1.548058e-13
0.008231509
-1.361355e-13
0.008231509
-3.138167e-13
0.008231509
-7.11942e-13
-1.128134e-12
0.008231517
-5.141325e-13
0.008231517
-2.31391e-13
0.008231517
-4.806946e-14
0.008231517
-1.865832e-14
0.008231517
-2.112544e-13
-6.26776e-13
0.008231509
-2.124981e-13
0.008231509
-8.386909e-14
0.008231509
-2.848499e-13
0.008231509
-6.510821e-13
-1.023375e-12
0.008231517
1.935951e-13
0.008231517
2.640033e-13
0.008231517
1.613159e-13
0.008231517
-1.110196e-13
-4.860314e-13
0.008231517
0.008231517
0.008231517
0.008231517
0.008231517
0.008231517
2.179983e-13
2.221893e-13
0.008231517
2.142229e-13
2.168657e-13
0.008231517
1.763304e-13
1.765392e-13
0.008231517
1.808793e-13
1.774662e-13
1.326653e-13
1.248586e-13
0.008231509
1.212036e-13
0.008231509
-6.920808e-14
0.008231509
-1.943276e-13
0.008231509
-2.784682e-13
-4.549616e-13
0.008231517
1.264543e-13
0.008231517
-6.528113e-14
0.008231517
-1.906074e-13
0.008231517
-2.72841e-13
-4.469147e-13
0.008231517
1.642582e-13
0.008231517
5.86588e-14
0.008231517
-2.675651e-14
0.008231517
-6.250368e-14
-2.088475e-13
0.008231509
1.736889e-13
0.008231509
6.519893e-14
0.008231509
-2.285192e-14
0.008231509
-6.023947e-14
-2.085183e-13
0.008231509
0.008231509
0.008231509
0.008231509
0.00823151
1.39717e-10
1.464646e-10
0.008231509
7.922343e-11
8.28479e-11
0.008231508
4.016309e-11
3.36118e-11
0.008231508
7.160148e-11
7.452232e-11
0.008231507
1.732432e-10
3.42059e-10
-1.242756e-11
0.00823151
-3.101779e-10
0.008231509
-3.261784e-10
0.008231508
-3.013737e-10
0.008231508
-2.248642e-10
0.008231507
-4.794531e-11
0.008231502
-9.510527e-11
0.008231501
-1.487007e-10
0.008231501
-1.554489e-10
0.0082315
-1.280922e-10
-3.406387e-10
0.00823151
-3.154782e-10
0.008231509
-3.254851e-10
0.008231508
-3.00167e-10
0.008231508
-2.695469e-10
-4.846779e-10
0.008231502
-9.655257e-11
0.008231501
-1.530185e-10
0.008231501
-1.501044e-10
0.0082315
-8.633038e-11
-7.272204e-11
0.008231502
0.008231501
0.008231501
0.0082315
0.008231517
7.506005e-14
8.296369e-14
0.008231517
7.031058e-14
8.553135e-14
0.008231517
6.977149e-14
8.232905e-14
0.008231517
8.29889e-14
8.601987e-14
8.793558e-14
6.860995e-14
0.008231517
3.318859e-14
0.008231517
2.221167e-14
0.008231517
1.687767e-14
0.008231517
1.676468e-14
-2.737337e-15
0.008231517
3.136115e-14
0.008231517
2.202813e-14
0.008231517
1.965774e-14
0.008231517
2.190012e-14
-6.542592e-16
0.008231509
6.515171e-14
7.119934e-14
0.008231509
5.679663e-14
7.1815e-14
0.008231509
5.832961e-14
7.363827e-14
0.008231509
7.330557e-14
8.141938e-14
6.951412e-14
5.22412e-14
0.008231509
0.008231509
0.008231509
0.008231509
0.008231509
0.008231509
0.008231509
0.008231509
0.008231516
-1.17051e-12
-1.833927e-12
0.008231516
-1.649834e-11
-1.688931e-11
0.008231516
-2.370704e-11
-2.373858e-11
0.008231517
-2.04999e-11
-2.121139e-11
0.008231517
-9.89743e-12
-1.122e-11
1.074579e-12
1.855161e-12
0.008231516
-2.852923e-11
0.008231516
-1.758409e-11
0.008231516
-1.133743e-13
0.008231517
1.881334e-11
0.008231517
3.224238e-11
3.387e-11
0.008231516
-2.743302e-11
0.008231516
-1.724403e-11
0.008231516
1.199379e-13
0.008231517
1.967004e-11
0.008231517
3.293965e-11
3.295611e-11
0.008231509
-1.55215e-11
0.008231509
-1.793086e-11
0.008231509
-9.616389e-12
0.008231509
3.333436e-12
0.008231509
1.500693e-11
2.087301e-11
0.008231509
-1.595432e-11
0.008231509
-1.787993e-11
0.008231509
-9.818116e-12
0.008231509
3.188195e-12
0.008231509
1.563221e-11
2.100627e-11
0.008231509
0.008231509
0.008231509
0.008231509
0.008231509
0.008231509
1.925244e-12
7.46217e-12
0.008231509
-7.165457e-13
8.327726e-13
0.008231509
-2.843983e-12
-5.687211e-13
0.008231509
-3.75246e-12
-5.833732e-12
0.008231509
1.379406e-12
-7.762726e-14
8.515748e-12
-3.151266e-12
0.008231509
7.449934e-12
1.868934e-12
0.008231509
8.278304e-13
-7.54085e-13
0.008231509
-5.699721e-13
-2.864567e-12
0.008231509
-5.834351e-12
-3.761383e-12
0.008231509
-7.973646e-14
1.383048e-12
-3.147484e-12
8.548283e-12
0.008231516
5.641198e-12
5.597087e-12
0.008231516
5.712391e-13
5.38653e-13
0.008231516
-1.683858e-12
-1.70319e-12
0.008231516
-5.017149e-12
-5.025445e-12
0.008231516
4.376687e-13
4.434232e-13
3.704043e-13
3.991502e-13
0.008231516
0.008231516
0.008231516
0.008231516
0.008231516
0.008231509
0.008231509
0.008231509
0.008231509
0.008231509
0.008231516
0.008231516
0.008231516
0.008231516
0.008231516
0.008231517
-4.97995e-12
9.569074e-13
0.008231517
-4.189032e-12
-1.607215e-12
0.008231517
-8.35952e-12
3.968171e-13
0.008231517
-2.422943e-12
-3.16101e-12
0.008231517
-3.858902e-13
2.754853e-12
2.035474e-11
-1.146948e-11
0.008231517
9.96379e-13
-4.814878e-12
0.008231517
-1.590937e-12
-4.083799e-12
0.008231517
4.026449e-13
-8.301865e-12
0.008231517
-3.1581e-12
-2.396591e-12
0.008231517
2.7636e-12
-3.890015e-13
-1.142029e-11
2.029802e-11
0.008231509
4.22619e-13
0.008231509
6.63646e-13
0.008231509
2.469035e-12
0.008231509
4.245128e-12
0.008231509
6.310108e-12
3.805304e-12
0.008231517
0.008231517
0.008231517
0.008231517
0.008231517
0.008231509
2.970013e-13
0.008231509
5.745813e-13
0.008231509
2.417154e-12
0.008231509
4.221725e-12
0.008231509
6.322004e-12
3.911275e-12
0.008231509
0.008231509
0.008231509
0.008231509
0.008231509
0.008231517
-1.015991e-11
-8.546362e-13
0.008231517
-1.142423e-11
-1.587949e-12
0.008231517
-1.055548e-11
-7.514102e-13
0.008231517
-5.612263e-12
1.752877e-12
3.088856e-12
2.12196e-12
0.008231509
-1.077327e-11
-8.650193e-13
0.008231509
-1.187669e-11
-1.647835e-12
0.008231509
-1.074528e-11
-8.25833e-13
0.008231509
-5.447126e-12
1.611427e-12
3.86818e-12
2.10366e-12
0.008231517
0.008231517
0.008231517
0.008231517
0.008231509
1.960062e-12
0.008231509
3.998234e-12
0.008231509
6.472542e-12
0.008231509
8.460377e-12
5.683428e-12
0.008231517
2.563032e-12
0.008231517
4.3908e-12
0.008231517
6.587923e-12
0.008231517
8.153782e-12
4.885766e-12
0.008231509
0.008231509
0.008231509
0.008231509
0.008231508
1.983833e-11
2.026343e-11
0.008231507
9.433328e-12
1.056358e-11
0.008231507
-2.396954e-12
-1.019682e-12
0.008231507
-1.085928e-11
-8.349922e-12
-1.351872e-11
-6.912979e-12
0.008231508
-4.772087e-11
0.008231507
-4.927606e-11
0.008231507
-4.664199e-11
0.008231507
-3.710128e-11
0.008231507
-2.145218e-11
-1.64275e-11
0.008231515
-4.804435e-11
0.008231515
-5.045296e-11
0.008231515
-4.863222e-11
0.008231515
-4.145678e-11
-2.700971e-11
0.008231515
-1.534213e-11
0.008231515
-2.363333e-11
0.008231515
-2.642331e-11
0.008231515
-2.500965e-11
-1.985045e-11
0.008231508
-1.524051e-11
0.008231507
-2.368002e-11
0.008231507
-2.703629e-11
0.008231507
-2.685573e-11
0.008231507
-1.880222e-11
0.008231515
0.008231515
0.008231515
0.008231515
0.008231517
1.261425e-13
1.656358e-13
0.008231517
9.699939e-14
1.239217e-13
0.008231517
8.179211e-14
1.014145e-13
0.008231517
1.075747e-13
1.231569e-13
8.263183e-14
9.438145e-14
0.008231517
-3.087015e-13
0.008231517
-3.078485e-13
0.008231517
-2.995362e-13
0.008231517
-2.990915e-13
-4.054229e-13
0.008231517
-6.795338e-14
0.008231517
-1.072516e-13
0.008231517
-1.137112e-13
0.008231517
-9.263511e-14
-1.869578e-13
0.008231509
-3.07511e-13
0.008231509
-3.128461e-13
0.008231509
-3.054216e-13
0.008231509
-3.026218e-13
-4.044171e-13
0.008231509
-1.085732e-13
0.008231509
-1.291243e-13
0.008231509
-1.274148e-13
0.008231509
-1.047324e-13
-1.997976e-13
0.008231509
0.008231509
0.008231509
0.008231509
0.008231517
2.608661e-14
7.669064e-15
0.008231517
1.873499e-14
1.711262e-15
0.008231517
1.520737e-14
-1.669225e-15
0.008231517
1.72144e-14
-1.213527e-15
0.008231517
2.508964e-14
-3.147547e-16
3.544998e-14
-8.015073e-15
0.008231509
2.328151e-14
7.667484e-15
0.008231509
1.568508e-14
1.279196e-15
0.008231509
1.284577e-14
-1.861284e-15
0.008231509
1.539321e-14
-1.271303e-15
0.008231509
2.337456e-14
-3.338243e-16
3.279454e-14
-7.965498e-15
0.008231517
0.008231517
0.008231517
0.008231517
0.008231517
0.008231509
-9.602973e-15
0.008231509
-1.131794e-14
0.008231509
-9.810234e-15
0.008231509
-7.646428e-15
0.008231509
-5.620913e-15
-1.525942e-14
0.008231517
-6.801565e-15
0.008231517
-8.672141e-15
0.008231517
-7.668873e-15
0.008231517
-5.929476e-15
0.008231517
-3.935132e-15
-1.255069e-14
0.008231509
0.008231509
0.008231509
0.008231509
0.008231509
0.008231509
2.184666e-12
1.870593e-13
0.008231509
2.16447e-12
2.42587e-13
0.008231509
2.319037e-12
2.438756e-13
0.008231509
2.671613e-12
2.974991e-13
0.008231509
3.170904e-12
3.26715e-13
3.496112e-12
-8.060345e-13
0.008231517
-9.31294e-14
2.357119e-12
0.008231517
1.38817e-14
2.39554e-12
0.008231517
5.398671e-14
2.546682e-12
0.008231517
1.12711e-13
2.897012e-12
0.008231517
1.120209e-13
3.332983e-12
-5.226859e-13
3.212657e-12
0.008231517
-7.904102e-13
0.008231517
-8.68948e-13
0.008231517
-9.993868e-13
0.008231517
-1.154873e-12
0.008231517
-1.359559e-12
-2.035603e-12
0.008231509
1.243128e-12
0.008231509
1.32873e-12
0.008231509
1.416905e-12
0.008231509
1.565101e-12
0.008231509
1.736347e-12
1.468793e-12
0.008231517
0.008231517
0.008231517
0.008231517
0.008231517
0.008231509
0.008231509
0.008231509
0.008231509
0.008231509
0.008231517
-8.95149e-12
-1.438087e-11
0.008231517
-1.278735e-11
-2.077464e-11
0.008231517
-1.497852e-11
-2.352244e-11
0.008231517
-1.469754e-11
-2.079007e-11
0.008231517
-1.000902e-11
-1.002331e-11
3.681949e-13
7.250629e-12
0.008231509
1.040223e-11
0.008231509
1.679837e-11
0.008231509
2.554625e-11
0.008231509
3.479092e-11
0.008231509
4.152686e-11
3.731903e-11
0.008231509
3.222096e-13
0.008231509
1.47722e-12
0.008231509
4.885966e-12
0.008231509
1.044558e-11
0.008231509
1.772257e-11
2.137929e-11
0.008231517
4.834392e-12
0.008231517
1.102588e-11
0.008231517
2.101971e-11
0.008231517
3.313579e-11
0.008231517
4.64045e-11
4.975884e-11
0.008231509
-1.131939e-11
0.008231509
-1.523699e-11
0.008231509
-1.795642e-11
0.008231509
-1.819321e-11
0.008231509
-1.285922e-11
-2.057052e-12
0.008231517
0.008231517
0.008231517
0.008231517
0.008231517
0.008231517
3.837969e-14
4.156697e-14
0.008231517
3.414759e-14
3.417864e-14
0.008231517
3.034201e-14
2.820991e-14
0.008231517
2.792113e-14
2.538081e-14
0.008231517
2.546634e-14
2.552926e-14
1.965882e-14
2.114141e-14
0.008231517
9.200336e-15
0.008231517
4.828066e-15
0.008231517
2.137591e-15
0.008231517
1.457325e-15
0.008231517
2.725259e-15
-3.482638e-15
0.008231509
3.859087e-14
3.356831e-14
0.008231509
3.189811e-14
2.971865e-14
0.008231509
2.693233e-14
2.656502e-14
0.008231509
2.448798e-14
2.486283e-14
0.008231509
2.299851e-14
2.449508e-14
9.831687e-15
2.493673e-14
0.008231509
0.008231509
0.008231509
0.008231509
0.008231509
0.008231509
-9.854901e-16
0.008231509
-2.6422e-15
0.008231509
-3.923256e-15
0.008231509
-4.39488e-15
0.008231509
-4.132706e-15
-1.011498e-14
0.008231517
0.008231517
0.008231517
0.008231517
0.008231517
0.008231509
-1.195404e-12
-8.281379e-12
0.008231509
-1.60008e-12
-1.15619e-11
0.008231509
-1.413002e-12
-1.298816e-11
0.008231509
-5.263376e-13
-1.130414e-11
0.008231509
8.992068e-13
-5.332572e-12
1.333832e-12
2.696344e-12
0.008231509
1.988366e-12
0.008231509
3.28178e-12
0.008231509
5.081963e-12
0.008231509
6.764532e-12
0.008231509
7.317278e-12
3.443873e-12
0.008231517
-7.706909e-12
-2.685197e-12
0.008231517
-1.035875e-11
-3.110272e-12
0.008231517
-1.191823e-11
-2.230355e-12
0.008231517
-1.122892e-11
-2.93946e-14
0.008231517
-6.724382e-12
3.256419e-12
1.241979e-12
2.410299e-12
0.008231517
0.008231517
0.008231517
0.008231517
0.008231517
0.008231509
-4.05269e-12
0.008231509
-5.995129e-12
0.008231509
-6.969262e-12
0.008231509
-6.342839e-12
0.008231509
-3.568258e-12
-9.130249e-13
0.008231517
0.008231517
0.008231517
0.008231517
0.008231517
0.008231509
-2.626624e-11
1.295911e-11
0.008231509
-3.460964e-11
-9.849151e-12
0.008231509
-7.06952e-11
1.134214e-12
0.008231509
-9.78413e-13
-3.398047e-11
9.903278e-11
-3.832545e-11
0.008231509
1.708812e-12
0.008231509
-2.458891e-11
6.976172e-12
0.008231509
-2.618517e-11
-2.109854e-11
0.008231509
-6.479162e-11
-3.811184e-12
0.008231509
-7.521623e-12
-1.179394e-11
9.337696e-11
-2.392161e-11
0.008231509
0.008231509
0.008231509
0.008231509
0.008231516
-1.154538e-12
0.008231516
7.448711e-13
0.008231516
2.750997e-12
0.008231517
1.689732e-11
0.008231517
4.845808e-11
4.325966e-12
0.008231516
-7.526606e-12
0.008231516
-8.405121e-12
0.008231516
-2.242492e-11
0.008231517
-2.774633e-11
0.008231517
-1.972825e-11
1.573373e-11
0.008231516
0.008231516
0.008231516
0.008231517
0.008231517
0.008231517
-8.089019e-15
2.372112e-14
0.008231517
-1.109522e-14
5.943807e-15
0.008231517
-9.636638e-15
-2.024568e-15
0.008231517
-3.695175e-15
1.022125e-15
0.008231517
2.57558e-15
1.474246e-14
-2.283476e-15
3.299233e-14
0.008231509
-7.942572e-15
1.726946e-14
0.008231509
-1.122413e-14
8.039058e-16
0.008231509
-9.70479e-15
-5.7148e-15
0.008231509
-3.745092e-15
-1.541592e-15
0.008231509
2.472091e-15
1.26999e-14
-2.544984e-15
3.031097e-14
0.008231517
-9.710609e-15
0.008231517
-6.987221e-15
0.008231517
-4.927491e-16
0.008231517
5.256024e-15
0.008231517
8.378489e-15
-3.63629e-15
0.008231509
-1.628146e-14
0.008231509
-1.199563e-14
0.008231509
-4.090583e-15
0.008231509
2.774568e-15
0.008231509
6.413827e-15
-6.078151e-15
0.008231509
0.008231509
0.008231509
0.008231509
0.008231509
0.008231517
0.008231517
0.008231517
0.008231517
0.008231517
0.008231509
-1.508237e-13
-8.459798e-15
0.008231509
-1.400273e-13
-3.526915e-15
0.008231509
-9.16654e-14
1.07797e-14
0.008231509
-1.029885e-14
3.161665e-14
0.008231509
8.565521e-14
4.762015e-14
1.469863e-13
2.181587e-14
0.008231517
-1.51469e-13
-2.589113e-14
0.008231517
-1.431398e-13
-7.567187e-15
0.008231517
-1.063637e-13
2.488897e-14
0.008231517
-4.078834e-14
6.097421e-14
0.008231517
4.525274e-14
8.553266e-14
1.216014e-13
3.426242e-14
0.008231517
0.008231517
0.008231517
0.008231517
0.008231517
0.008231509
5.609084e-14
0.008231509
7.253579e-14
0.008231509
8.19317e-14
0.008231509
7.341586e-14
0.008231509
4.288683e-14
-2.610912e-14
0.008231509
-7.286172e-14
0.008231509
-7.344255e-14
0.008231509
-5.308281e-14
0.008231509
-1.353159e-14
0.008231509
3.546408e-14
6.396847e-14
0.008231517
0.008231517
0.008231517
0.008231517
0.008231517
0.008231516
6.133547e-12
2.97148e-11
0.008231516
1.577342e-11
-3.856093e-12
0.008231516
2.219489e-12
6.24716e-13
0.008231516
1.855557e-11
-1.108433e-11
4.114405e-11
-7.831438e-12
0.008231516
-1.733329e-12
2.575713e-11
0.008231516
8.972057e-12
-3.8589e-12
0.008231516
-2.344246e-12
8.225382e-13
0.008231516
1.516706e-11
-1.090755e-11
3.671295e-11
-7.911091e-12
0.008231516
0.008231516
0.008231516
0.008231516
0.008231508
1.649939e-11
0.008231508
7.441785e-12
0.008231508
4.401364e-12
0.008231508
-1.0842e-12
0.008231508
1.080066e-11
1.353042e-12
0.008231508
3.532569e-12
0.008231508
-2.397209e-12
0.008231508
-5.845723e-12
0.008231508
7.235389e-12
-2.998407e-12
0.008231508
0.008231508
0.008231508
0.008231508
0.008231508
0.008231516
1.30573e-11
1.460951e-11
0.008231516
1.675431e-11
1.7174e-11
0.008231516
1.928405e-11
1.698151e-11
0.008231516
2.398573e-11
1.671492e-11
2.005117e-11
3.452049e-12
0.008231508
1.296212e-11
1.495793e-11
0.008231508
1.410608e-11
1.547041e-11
0.008231508
1.729489e-11
1.619987e-11
0.008231508
2.68131e-11
1.904393e-11
0.008231508
2.947804e-11
2.400888e-11
4.140239e-11
1.873535e-11
0.008231516
5.748356e-12
0.008231516
4.633607e-12
0.008231516
3.842307e-12
0.008231516
4.325407e-12
-1.496928e-11
0.008231508
0.008231508
0.008231508
0.008231508
0.008231508
0.008231516
6.192007e-12
0.008231516
5.578258e-12
0.008231516
5.049813e-12
0.008231516
3.827008e-12
0.008231516
-3.839355e-12
-2.624307e-11
0.008231508
0.008231508
0.008231508
0.008231508
0.008231508
0.008231509
6.208836e-12
1.231708e-12
0.008231509
8.143504e-12
-7.085716e-15
0.008231509
5.771804e-12
2.217271e-12
0.008231509
1.056855e-11
-1.874355e-12
0.008231509
1.339e-11
-9.24925e-14
3.313125e-11
-1.63467e-11
0.008231509
4.747034e-12
2.697628e-12
0.008231509
6.790907e-12
6.864294e-13
0.008231509
4.539357e-12
2.87763e-12
0.008231509
9.428392e-12
-1.396319e-12
0.008231509
1.138347e-11
2.515378e-12
3.203314e-11
-1.546051e-11
0.008231509
0.008231509
0.008231509
0.008231509
0.008231509
0.008231517
-2.379442e-12
0.008231517
-2.843709e-12
0.008231517
-3.227248e-12
0.008231517
-2.916951e-12
0.008231516
-1.933756e-12
-2.971309e-12
0.008231517
5.307202e-12
0.008231517
4.889816e-12
0.008231517
5.120062e-12
0.008231517
4.535162e-12
0.008231516
6.548167e-12
4.955628e-12
0.008231517
0.008231517
0.008231517
0.008231517
0.008231516
0.008231509
1.331063e-12
1.202956e-12
0.008231509
2.703972e-12
2.654669e-12
0.008231509
3.202727e-12
3.179173e-12
0.008231509
2.689673e-12
2.674575e-12
1.244431e-12
1.232673e-12
0.008231517
1.204208e-12
1.221263e-12
0.008231517
2.634899e-12
2.660709e-12
0.008231517
3.157774e-12
3.190154e-12
0.008231517
2.65174e-12
2.689113e-12
1.167046e-12
1.26974e-12
0.008231517
1.342449e-12
1.197246e-12
0.008231517
2.72036e-12
2.645241e-12
0.008231517
3.222756e-12
3.166831e-12
0.008231517
2.709206e-12
2.656714e-12
1.295767e-12
1.181291e-12
0.008231509
0.008231509
0.008231509
0.008231509
0.008231517
0.008231517
0.008231517
0.008231517
0.008231509
0.008231509
0.008231509
0.008231509
0.008231516
1.166235e-11
2.442208e-11
0.008231516
5.157127e-12
9.17509e-12
0.008231516
-6.758889e-12
-8.323458e-12
0.008231516
-8.448011e-12
-1.125554e-11
0.008231516
-3.417881e-12
4.382394e-12
2.486495e-11
3.10076e-11
0.008231508
1.174342e-11
2.638482e-11
0.008231508
5.155775e-12
1.022949e-11
0.008231508
-6.787546e-12
-7.789542e-12
0.008231508
-8.509783e-12
-1.107804e-11
0.008231508
-3.626291e-12
4.306458e-12
2.40659e-11
3.017225e-11
0.008231508
1.470561e-11
0.008231508
5.062827e-12
0.008231508
-1.069796e-12
0.008231508
-2.76773e-12
0.008231508
7.233956e-12
4.731836e-12
0.008231516
1.269554e-11
0.008231516
4.028876e-12
0.008231516
-1.496774e-12
0.008231516
-2.608016e-12
0.008231516
8.499106e-12
7.517226e-12
0.008231508
0.008231508
0.008231508
0.008231508
0.008231508
0.008231516
0.008231516
0.008231516
0.008231516
0.008231516
0.008231517
1.33735e-15
1.059447e-15
0.008231517
1.275467e-15
8.729697e-16
0.008231517
1.115468e-15
7.825019e-16
0.008231517
1.491857e-15
1.337035e-15
0.008231517
2.141548e-15
2.257437e-15
1.5818e-15
2.02158e-15
0.008231517
-2.923587e-15
0.008231517
-2.747518e-15
0.008231517
-2.587575e-15
0.008231517
-2.484361e-15
0.008231517
-2.809156e-15
-5.553483e-15
0.008231517
-2.836182e-15
0.008231517
-2.53516e-15
0.008231517
-2.438116e-15
0.008231517
-2.46283e-15
0.008231517
-2.911752e-15
-5.725573e-15
0.008231509
-1.061679e-15
0.008231509
-9.391424e-16
0.008231509
-9.215063e-16
0.008231509
-8.102209e-16
0.008231509
-3.157114e-16
-2.120003e-15
0.008231509
-8.565971e-16
0.008231509
-7.56191e-16
0.008231509
-7.666956e-16
0.008231509
-6.51576e-16
0.008231509
-2.522766e-16
-2.382183e-15
0.008231509
0.008231509
0.008231509
0.008231509
0.008231509
0.008231517
9.803213e-13
2.174713e-12
0.008231517
-1.776801e-12
2.436182e-12
0.008231517
1.295396e-14
-2.046672e-12
0.008231517
-3.210274e-12
-6.198066e-14
0.008231517
2.725564e-13
-1.021565e-12
-4.147226e-12
7.179922e-12
0.008231509
-3.081884e-12
0.008231509
-2.042067e-12
0.008231509
-1.358699e-12
0.008231509
2.673155e-13
0.008231509
8.244013e-13
2.099911e-12
0.008231517
1.655267e-12
1.75377e-12
0.008231517
2.427819e-12
-1.822858e-12
0.008231517
-1.495262e-12
-4.57021e-13
0.008231517
5.422967e-13
-3.51742e-12
0.008231517
-1.15691e-12
8.209663e-13
5.902028e-12
-2.712428e-12
0.008231517
0.008231517
0.008231517
0.008231517
0.008231517
0.008231509
4.374831e-12
0.008231509
2.004411e-12
0.008231509
3.373079e-13
0.008231509
-1.17872e-12
0.008231509
-1.40643e-13
6.127686e-13
0.008231509
0.008231509
0.008231509
0.008231509
0.008231509
0.008231518
-5.886477e-11
-4.784051e-11
0.008231518
-2.469713e-11
-3.775551e-11
0.008231518
-1.018479e-10
-1.519466e-10
0.008231519
-1.832299e-10
-1.927325e-10
-1.068985e-10
-6.371506e-11
0.008231518
1.140577e-11
0.008231518
-1.399204e-11
0.008231518
-5.200673e-11
0.008231519
-9.214493e-12
5.013566e-11
0.00823151
-5.886128e-11
-4.938622e-11
0.00823151
-2.320589e-11
-4.053651e-11
0.00823151
-1.000293e-10
-1.552838e-10
0.008231511
-1.848524e-10
-1.932436e-10
-1.150905e-10
-5.852508e-11
0.00823151
9.093561e-12
0.00823151
-1.639699e-11
0.00823151
-5.334652e-11
0.008231511
-8.679169e-12
4.961322e-11
0.008231518
0.008231518
0.008231518
0.008231519
0.00823151
0.00823151
0.00823151
0.008231511
0.008231517
1.030087e-14
1.094893e-14
0.008231517
9.293719e-15
9.750775e-15
0.008231517
7.794753e-15
7.708802e-15
0.008231517
6.885347e-15
6.656486e-15
0.008231517
6.270886e-15
6.210827e-15
2.496667e-15
1.661187e-15
0.008231517
-2.670743e-14
0.008231517
-2.688036e-14
0.008231517
-2.782281e-14
0.008231517
-2.811533e-14
0.008231517
-2.817958e-14
-3.59933e-14
0.008231509
-8.596707e-15
0.008231509
-9.937139e-15
0.008231509
-1.171142e-14
0.008231509
-1.261757e-14
0.008231509
-1.144116e-14
-1.882386e-14
0.008231517
-2.756268e-14
0.008231517
-2.706641e-14
0.008231517
-2.76582e-14
0.008231517
-2.806965e-14
0.008231517
-2.819704e-14
-3.564589e-14
0.008231509
-8.3642e-15
0.008231509
-1.01953e-14
0.008231509
-1.178446e-14
0.008231509
-1.247362e-14
0.008231509
-1.13879e-14
-1.828985e-14
0.008231509
0.008231509
0.008231509
0.008231509
0.008231509
0.008231517
7.57355e-14
7.753628e-14
0.008231517
7.523747e-14
7.86354e-14
0.008231517
4.59497e-14
5.137328e-14
0.008231517
1.719339e-14
2.358958e-14
-4.519198e-15
2.062079e-15
0.008231517
9.214961e-14
0.008231517
4.281456e-15
0.008231517
-5.609748e-14
0.008231517
-8.230617e-14
-8.459173e-14
0.008231517
9.091492e-14
0.008231517
1.524648e-15
0.008231517
-6.025332e-14
0.008231517
-8.613092e-14
-8.664575e-14
0.008231517
8.234257e-14
0.008231517
3.43344e-14
0.008231517
-1.320181e-14
0.008231517
-4.027678e-14
-5.253208e-14
0.008231517
8.297199e-14
0.008231517
3.496352e-14
0.008231517
-1.194172e-14
0.008231517
-3.770376e-14
-4.801052e-14
0.008231517
0.008231517
0.008231517
0.008231517
0.008231509
4.171377e-15
3.631474e-15
0.008231509
4.874323e-15
4.460627e-15
0.008231509
4.472463e-15
4.335029e-15
0.008231509
3.610852e-15
3.743457e-15
0.008231509
2.456583e-15
2.856565e-15
9.430458e-16
2.318954e-15
0.008231509
1.700732e-15
0.008231509
1.427715e-15
0.008231509
7.129595e-16
0.008231509
5.758455e-18
0.008231509
-4.823457e-16
-9.944384e-16
0.008231509
1.701806e-15
0.008231509
1.371666e-15
0.008231509
6.328927e-16
0.008231509
-6.841858e-17
0.008231509
-5.616397e-16
-9.043849e-16
0.008231517
4.099105e-15
3.555967e-15
0.008231517
4.44284e-15
4.017849e-15
0.008231517
3.998208e-15
3.815199e-15
0.008231517
3.157861e-15
3.206015e-15
0.008231517
2.211082e-15
2.489887e-15
5.306579e-16
1.975183e-15
0.008231517
0.008231517
0.008231517
0.008231517
0.008231517
0.008231517
0.008231517
0.008231517
0.008231517
0.008231517
0.008231516
1.941763e-11
9.814964e-12
0.008231516
1.144101e-11
3.83651e-12
0.008231516
-4.206761e-13
-6.171592e-12
0.008231516
-7.414408e-12
-8.857745e-12
0.008231516
-3.102741e-12
-8.7677e-12
1.700576e-11
4.377008e-12
0.008231508
-5.074406e-12
0.008231508
-7.178185e-12
0.008231508
-9.653374e-12
0.008231508
-7.242548e-12
0.008231508
-3.662883e-12
1.171717e-11
0.008231508
1.544529e-11
1.69383e-11
0.008231508
9.285753e-12
7.171901e-12
0.008231508
-1.153671e-12
-3.996304e-12
0.008231508
-5.475935e-12
-7.221978e-12
0.008231508
-2.850743e-12
-5.627647e-12
2.24134e-11
-1.347884e-12
0.008231516
6.021261e-12
0.008231516
-1.687596e-12
0.008231516
-6.745111e-12
0.008231516
-7.545287e-12
0.008231516
-7.748432e-13
5.846456e-13
0.008231508
0.008231508
0.008231508
0.008231508
0.008231508
0.008231516
0.008231516
0.008231516
0.008231516
0.008231516
0.008231516
1.554081e-12
2.577947e-12
0.008231516
1.800013e-12
3.04082e-12
0.008231516
3.10161e-12
5.754724e-12
0.008231516
6.530479e-12
1.312896e-11
0.008231516
1.477021e-11
2.736704e-11
2.210991e-11
3.093976e-11
0.008231516
-2.744893e-12
0.008231516
-2.77733e-12
0.008231516
-2.784839e-12
0.008231516
-3.437632e-12
0.008231516
-8.769417e-12
-3.638378e-11
0.008231516
-6.333866e-13
0.008231516
-3.946347e-13
0.008231516
4.779978e-13
0.008231516
2.832589e-12
0.008231516
6.181788e-12
-6.17368e-12
0.008231516
-2.471731e-12
0.008231516
-2.17243e-12
0.008231516
-1.305939e-12
0.008231516
6.840391e-13
0.008231516
3.481504e-12
-2.994971e-11
0.008231516
1.930425e-12
0.008231516
2.240356e-12
0.008231516
3.654059e-12
0.008231516
7.887587e-12
0.008231516
1.866591e-11
2.143758e-11
0.008231516
0.008231516
0.008231516
0.008231516
0.008231516
0.008231509
-7.841977e-14
3.400305e-12
0.008231509
-1.184169e-13
3.71654e-12
0.008231509
-1.039901e-13
5.280275e-12
0.008231509
-2.801688e-13
1.067699e-11
-3.515189e-12
1.911403e-11
0.008231509
-1.007371e-12
0.008231509
-9.320528e-13
0.008231509
-5.613927e-13
0.008231509
1.190372e-13
-3.106472e-12
0.008231517
2.977872e-12
2.444362e-13
0.008231517
2.981857e-12
1.819424e-13
0.008231517
3.851559e-12
7.081256e-13
0.008231517
7.659948e-12
2.447097e-12
1.475995e-11
-2.233255e-12
0.008231517
0.008231517
0.008231517
0.008231517
0.008231509
1.752724e-12
0.008231509
1.967118e-12
0.008231509
2.802229e-12
0.008231509
5.625276e-12
8.742452e-12
0.008231517
0.008231517
0.008231517
0.008231517
0.008231509
7.679612e-14
-5.976596e-15
0.008231509
6.572376e-14
-7.085584e-15
0.008231509
5.712651e-14
-8.404037e-15
0.008231509
5.152156e-14
-8.146821e-15
0.008231509
4.922169e-14
-8.862143e-15
4.680761e-14
-1.875979e-14
0.008231517
-6.199055e-15
6.949329e-14
0.008231517
-7.456919e-15
6.009145e-14
0.008231517
-8.574368e-15
5.336965e-14
0.008231517
-8.0638e-15
4.900082e-14
0.008231517
-8.383132e-15
4.763189e-14
-1.901273e-14
4.796312e-14
0.008231517
-3.153093e-14
0.008231517
-3.291672e-14
0.008231517
-3.320433e-14
0.008231517
-3.255375e-14
0.008231517
-2.88186e-14
-3.425043e-14
0.008231517
0.008231517
0.008231517
0.008231517
0.008231517
0.008231509
-2.443725e-14
0.008231509
-2.767824e-14
0.008231509
-2.966521e-14
0.008231509
-3.000094e-14
0.008231509
-2.682952e-14
-3.569577e-14
0.008231509
0.008231509
0.008231509
0.008231509
0.008231509
0.008231515
3.801301e-11
3.727428e-11
0.008231514
2.277709e-11
2.076588e-11
0.008231514
4.242264e-12
1.628145e-12
0.008231514
-7.849727e-12
-1.284168e-11
-1.008696e-11
-2.406805e-11
0.008231507
-8.366749e-11
0.008231506
-8.910704e-11
0.008231506
-8.810962e-11
0.008231506
-7.841314e-11
-5.685413e-11
0.008231515
-8.307967e-11
0.008231514
-8.705398e-11
0.008231514
-8.471238e-11
0.008231514
-7.125125e-11
0.008231514
-4.598439e-11
-3.325933e-11
0.008231507
-2.5326e-11
0.008231506
-3.996404e-11
0.008231506
-4.559098e-11
0.008231506
-4.444082e-11
-3.484102e-11
0.008231515
-2.517512e-11
0.008231514
-4.000594e-11
0.008231514
-4.637419e-11
0.008231514
-4.661085e-11
0.008231514
-3.17297e-11
0.008231507
0.008231506
0.008231506
0.008231506
0.008231516
1.262907e-11
1.230476e-11
0.008231516
1.089236e-11
1.000734e-11
0.008231516
1.297193e-11
1.367758e-11
0.008231516
2.469388e-11
2.322939e-11
0.008231516
4.541378e-11
4.922532e-11
4.863836e-11
6.60701e-11
0.008231516
-3.340297e-11
0.008231516
-2.856282e-11
0.008231516
-2.550237e-11
0.008231516
-2.327945e-11
0.008231516
-2.426626e-11
-7.036736e-11
0.008231516
-3.249971e-11
0.008231516
-2.814303e-11
0.008231516
-2.579354e-11
0.008231516
-2.350988e-11
0.008231516
-3.056322e-11
-8.280082e-11
0.008231508
-1.085444e-11
0.008231508
-1.073579e-11
0.008231508
-9.156563e-12
0.008231508
-1.501447e-12
0.008231508
1.433578e-11
-1.903594e-11
0.008231508
-1.027547e-11
0.008231508
-1.120102e-11
0.008231508
-8.742056e-12
0.008231508
-3.196386e-12
0.008231508
1.185035e-11
-1.403759e-11
0.008231508
0.008231508
0.008231508
0.008231508
0.008231508
0.008231517
-5.99807e-15
5.578196e-13
0.008231517
-1.356932e-14
5.545763e-13
0.008231517
-1.362171e-14
5.694304e-13
0.008231517
-3.592949e-15
6.34546e-13
0.008231517
-1.267186e-14
7.391176e-13
-1.402001e-13
7.40291e-13
0.008231517
-1.797768e-13
0.008231517
-1.80169e-13
0.008231517
-2.006602e-13
0.008231517
-2.213506e-13
0.008231517
-2.486358e-13
-3.538908e-13
0.008231509
5.159066e-13
4.439528e-14
0.008231509
4.801487e-13
2.021932e-14
0.008231509
4.935655e-13
1.632358e-14
0.008231509
5.517533e-13
3.343022e-14
0.008231509
6.483263e-13
4.06037e-14
6.795366e-13
-1.943788e-13
0.008231509
0.008231509
0.008231509
0.008231509
0.008231509
0.008231517
2.720634e-13
0.008231517
2.882933e-13
0.008231517
3.064382e-13
0.008231517
3.412011e-13
0.008231517
3.927479e-13
3.604475e-13
0.008231509
0.008231509
0.008231509
0.008231509
0.008231509
0.008231517
7.105569e-13
2.362289e-13
0.008231517
6.739452e-13
3.357332e-13
0.008231517
6.375555e-13
4.109617e-13
0.008231517
6.799136e-13
5.135661e-13
0.008231517
7.273114e-13
6.060475e-13
3.507726e-13
4.301518e-13
0.008231517
-7.473287e-13
0.008231517
-8.240988e-13
0.008231517
-9.307603e-13
0.008231517
-1.060794e-12
0.008231517
-1.271758e-12
-2.100514e-12
0.008231509
-9.292095e-13
0.008231509
-9.855583e-13
0.008231509
-1.081514e-12
0.008231509
-1.214114e-12
0.008231509
-1.429781e-12
-1.90935e-12
0.008231509
-1.288685e-13
0.008231509
-1.904609e-13
0.008231509
-2.787053e-13
0.008231509
-3.627835e-13
0.008231509
-4.637999e-13
-7.841699e-13
0.008231509
7.850157e-13
0.008231509
6.901055e-13
0.008231509
6.560275e-13
0.008231509
6.824744e-13
0.008231509
7.431004e-13
5.13599e-13
0.008231517
0.008231517
0.008231517
0.008231517
0.008231517
0.008231439
2.146233e-14
2.158416e-14
0.008231439
3.44389e-14
2.936334e-14
0.008231439
4.124711e-14
3.193303e-14
0.008231439
3.975396e-14
2.896508e-14
0.008231439
2.833082e-14
1.89321e-14
1.166759e-14
3.892393e-15
0.008231439
8.782036e-15
0.008231439
9.68343e-15
0.008231439
7.076201e-15
0.008231439
1.533441e-15
0.008231439
-6.466556e-15
-9.904397e-15
0.008231548
1.05242e-14
0.008231548
1.205277e-14
0.008231548
8.737434e-15
0.008231548
1.256863e-15
0.008231548
-8.188251e-15
-1.258006e-14
0.008231548
2.044833e-14
2.236917e-14
0.008231548
3.175207e-14
2.912566e-14
0.008231548
3.826859e-14
3.059284e-14
0.008231548
3.75944e-14
2.648881e-14
0.008231548
2.720934e-14
1.608342e-14
1.274575e-14
2.291729e-15
0.008231439
0.008231439
0.008231439
0.008231439
0.008231439
0.008231548
0.008231548
0.008231548
0.008231548
0.008231548
0.008231509
2.045995e-15
1.263953e-15
0.008231509
2.634516e-15
2.387958e-15
0.008231509
3.410723e-15
3.151348e-15
0.008231509
3.518904e-15
3.348794e-15
0.008231509
2.635995e-15
2.701749e-15
5.852935e-16
3.252714e-16
0.008231509
-1.422126e-14
0.008231509
-1.1869e-14
0.008231509
-1.132001e-14
0.008231509
-1.161757e-14
0.008231509
-1.16182e-14
-1.308695e-14
0.008231509
-6.546548e-15
0.008231509
-4.985912e-15
0.008231509
-4.647466e-15
0.008231509
-4.8964e-15
0.008231509
-4.975674e-15
-6.130626e-15
0.008231517
-1.366934e-14
0.008231517
-1.090653e-14
0.008231517
-1.050974e-14
0.008231517
-1.172539e-14
0.008231517
-1.22789e-14
-1.569345e-14
0.008231517
6.307915e-15
0.008231517
5.703017e-15
0.008231517
5.178217e-15
0.008231517
4.640141e-15
0.008231517
4.433093e-15
3.295827e-15
0.008231517
0.008231517
0.008231517
0.008231517
0.008231517
0.008231517
4.336902e-12
0.008231517
1.543682e-13
2.958966e-12
0.008231517
-4.805718e-13
2.003405e-12
0.008231517
-3.234515e-13
1.434623e-12
0.008231517
-2.314335e-13
1.000927e-12
-2.616966e-13
6.52435e-13
0.008231517
-6.236437e-13
0.008231517
9.656593e-14
0.008231517
1.942745e-14
0.008231517
-1.178605e-13
-2.411694e-13
0.008231509
-4.969345e-13
-1.05166e-12
0.008231509
-5.462488e-13
-1.842487e-12
0.008231509
-2.935356e-14
-1.067362e-12
0.008231509
2.93713e-13
-5.110658e-13
0.008231509
4.028474e-13
-3.075066e-13
4.099678e-13
-3.511572e-13
0.008231509
0.008231509
0.008231509
0.008231509
0.008231509
0.008231517
4.210457e-12
0.008231517
2.131956e-12
0.008231517
1.349366e-12
0.008231517
9.338971e-13
0.008231517
6.399574e-13
3.941488e-13
0.008231509
0.008231509
0.008231509
0.008231509
0.008231509
0.008231548
1.205564e-15
1.095644e-15
0.008231548
1.184691e-15
9.299702e-16
0.008231548
1.065712e-15
8.369993e-16
0.008231548
1.463383e-15
1.353494e-15
0.008231548
2.117216e-15
2.178977e-15
1.613103e-15
1.990071e-15
0.008231548
-2.907885e-15
0.008231548
-2.757006e-15
0.008231548
-2.602027e-15
0.008231548
-2.532166e-15
0.008231548
-2.781054e-15
-5.5175e-15
0.008231548
-2.889988e-15
0.008231548
-2.613462e-15
0.008231548
-2.50515e-15
0.008231548
-2.529505e-15
0.008231548
-2.946993e-15
-5.770405e-15
0.008231439
-8.843246e-16
0.008231439
-8.329962e-16
0.008231439
-8.444271e-16
0.008231439
-7.462221e-16
0.008231439
-2.685525e-16
-2.322217e-15
0.008231439
-1.021404e-15
0.008231439
-9.490577e-16
0.008231439
-9.656501e-16
0.008231439
-8.513478e-16
0.008231439
-3.770352e-16
-2.169401e-15
0.008231439
0.008231439
0.008231439
0.008231439
0.008231439
0.008231517
6.378232e-11
-6.668661e-11
0.008231517
5.30447e-11
-1.59217e-11
0.008231517
3.600005e-11
-1.055816e-12
0.008231517
2.158444e-11
1.187837e-12
0.008231517
1.134805e-11
-1.559201e-13
2.710966e-12
-4.511109e-12
0.008231517
-2.295322e-11
0.008231517
-3.057053e-11
0.008231517
-4.21394e-11
0.008231517
-4.85152e-11
0.008231517
-4.880549e-11
-4.713778e-11
0.008231509
-7.22594e-12
0.008231509
-2.45722e-11
0.008231509
-3.927611e-11
0.008231509
-4.680179e-11
0.008231509
-4.778755e-11
-4.663153e-11
0.008231509
5.897868e-11
0.008231509
3.084242e-11
0.008231509
5.125148e-12
0.008231509
-1.088175e-11
0.008231509
-1.793152e-11
-2.30288e-11
0.008231517
-5.576293e-11
0.008231517
-3.212563e-11
0.008231517
-2.906743e-11
0.008231517
-2.9565e-11
0.008231517
-2.841765e-11
-2.974475e-11
0.008231509
0.008231509
0.008231509
0.008231509
0.008231509
0.008231521
4.565361e-11
1.84175e-10
0.008231521
1.840317e-10
3.577686e-10
0.008231521
2.027238e-10
3.553078e-10
0.00823152
1.278217e-10
2.320512e-10
2.181146e-11
7.372468e-11
0.008231521
4.401861e-10
0.008231521
1.655042e-10
0.008231521
-9.713088e-11
0.00823152
-2.608526e-10
-3.222091e-10
0.008231521
5.358644e-10
0.008231521
3.017471e-10
0.008231521
-2.451271e-11
0.00823152
-2.706221e-10
-4.020524e-10
0.008231513
2.774279e-10
0.008231513
2.050563e-10
0.008231513
7.831248e-11
0.008231513
-4.018401e-11
-1.189308e-10
0.008231513
-4.322825e-11
0.008231513
1.049234e-10
0.008231513
1.468897e-10
0.008231513
1.346439e-10
9.100072e-11
0.008231513
0.008231513
0.008231513
0.008231513
0.008231548
-1.944816e-14
1.140621e-13
0.008231548
5.689478e-14
1.275324e-13
0.008231548
8.987844e-14
1.260217e-13
0.008231548
1.026657e-13
1.185556e-13
0.008231548
9.144237e-14
9.822405e-14
3.093604e-14
4.154147e-14
0.008231548
8.836015e-14
0.008231548
2.195729e-14
0.008231548
-4.993069e-14
0.008231548
-1.218089e-13
0.008231548
-1.868171e-13
-2.701819e-13
0.008231517
9.880437e-14
0.008231517
2.592273e-14
0.008231517
-4.665e-14
0.008231517
-1.177013e-13
0.008231517
-1.84277e-13
-2.686331e-13
0.008231548
1.611843e-13
0.008231548
1.047205e-13
0.008231548
4.452148e-14
0.008231548
-1.05665e-14
0.008231548
-5.535114e-14
-1.308249e-13
0.008231517
1.720515e-14
0.008231517
3.011697e-14
0.008231517
5.111783e-15
0.008231517
-3.058123e-14
0.008231517
-6.465807e-14
-1.429699e-13
0.008231517
0.008231517
0.008231517
0.008231517
0.008231517
0.008231509
3.674198e-14
6.845487e-14
0.008231509
3.132078e-14
8.504507e-14
0.008231509
1.980463e-14
1.579308e-13
0.008231509
5.045065e-14
4.159386e-13
0.008231509
2.700481e-13
8.79229e-13
6.04057e-13
5.083902e-13
0.008231509
-6.75683e-14
0.008231509
-8.17793e-14
0.008231509
-8.392117e-14
0.008231509
-1.181053e-13
0.008231509
-3.75689e-13
-1.158812e-12
0.008231509
-1.967903e-14
0.008231509
-1.862268e-14
0.008231509
4.445354e-15
0.008231509
5.893809e-14
0.008231509
4.477872e-14
-3.971582e-13
0.008231517
3.885647e-14
0.008231517
5.543566e-14
0.008231517
9.019426e-14
0.008231517
1.853981e-13
0.008231517
3.686556e-13
4.982262e-13
0.008231517
8.014924e-14
0.008231517
9.875169e-14
0.008231517
1.274739e-13
0.008231517
2.39296e-13
0.008231517
5.714317e-13
9.620552e-13
0.008231517
0.008231517
0.008231517
0.008231517
0.008231517
0.008231509
-1.237306e-11
-1.309105e-11
0.008231509
-1.262043e-11
-1.377283e-11
0.008231509
-8.459486e-12
-9.604872e-12
0.008231509
1.686468e-12
8.29304e-13
1.062313e-11
1.107828e-11
0.008231509
1.600058e-11
0.008231509
2.130531e-11
0.008231509
2.858842e-11
0.008231509
3.236066e-11
2.005933e-11
0.008231509
1.605952e-11
0.008231509
2.188914e-11
0.008231509
2.929698e-11
0.008231509
3.297528e-11
2.063578e-11
0.008231517
1.802247e-12
0.008231517
6.651132e-12
0.008231517
1.334514e-11
0.008231517
2.09781e-11
1.691641e-11
0.008231517
1.143155e-12
0.008231517
6.082548e-12
0.008231517
1.290833e-11
0.008231517
2.07356e-11
1.794805e-11
0.008231517
0.008231517
0.008231517
0.008231517
0.008231517
7.075492e-13
-2.342428e-12
0.008231517
1.551322e-12
8.640916e-13
0.008231517
1.547081e-12
2.820208e-12
0.008231517
9.969074e-13
3.350627e-12
0.008231517
1.988837e-13
2.784813e-12
-4.694737e-13
1.558933e-12
0.008231548
1.254364e-12
-2.457025e-12
0.008231548
2.470799e-12
1.851801e-13
0.008231548
2.278165e-12
1.947259e-12
0.008231548
1.309564e-12
2.688599e-12
0.008231548
9.107348e-14
2.56606e-12
-9.570254e-13
1.739583e-12
0.008231517
1.474414e-12
0.008231517
8.34559e-13
0.008231517
-7.802162e-14
0.008231517
-9.388187e-13
0.008231517
-1.447345e-12
-1.513449e-12
0.008231548
-8.129782e-13
0.008231548
7.6384e-13
0.008231548
1.682045e-12
0.008231548
1.913528e-12
0.008231548
1.558291e-12
8.452091e-13
0.008231548
0.008231548
0.008231548
0.008231548
0.008231548
0.008231517
0.008231517
0.008231517
0.008231517
0.008231517
0.008231509
1.956858e-13
1.989627e-13
0.008231509
1.711289e-13
2.220689e-13
0.008231509
1.697384e-13
2.214958e-13
0.008231509
1.893773e-13
2.427364e-13
0.008231509
2.113287e-13
2.634056e-13
1.571787e-13
1.220822e-13
0.008231517
-2.965037e-13
0.008231517
-3.386237e-13
0.008231517
-3.87082e-13
0.008231517
-4.399205e-13
0.008231517
-5.188302e-13
-6.979341e-13
0.008231517
-1.068718e-13
0.008231517
-1.018457e-13
0.008231517
-1.216953e-13
0.008231517
-1.431091e-13
0.008231517
-1.711184e-13
-2.882321e-13
0.008231509
-2.290859e-13
0.008231509
-2.926908e-13
0.008231509
-3.459097e-13
0.008231509
-3.993242e-13
0.008231509
-4.717029e-13
-7.60602e-13
0.008231517
1.775851e-13
0.008231517
1.987673e-13
0.008231517
2.146477e-13
0.008231517
2.37055e-13
0.008231517
2.703861e-13
1.904593e-13
0.008231509
0.008231509
0.008231509
0.008231509
0.008231509
0.008231517
1.822483e-13
1.914503e-13
0.008231517
1.841728e-13
1.982181e-13
0.008231517
1.85933e-13
2.018439e-13
0.008231517
2.07747e-13
2.252563e-13
0.008231517
2.272945e-13
2.511113e-13
1.289652e-13
1.622032e-13
0.008231517
-3.235191e-13
0.008231517
-3.344315e-13
0.008231517
-3.706035e-13
0.008231517
-4.171588e-13
0.008231517
-4.945581e-13
-7.016975e-13
0.008231509
-3.227831e-13
0.008231509
-3.423509e-13
0.008231509
-3.816389e-13
0.008231509
-4.304748e-13
0.008231509
-5.104068e-13
-7.153388e-13
0.008231517
-6.698674e-14
0.008231517
-9.135465e-14
0.008231517
-1.171464e-13
0.008231517
-1.369195e-13
0.008231517
-1.558654e-13
-3.403229e-13
0.008231509
-7.701494e-14
0.008231509
-9.749309e-14
0.008231509
-1.220049e-13
0.008231509
-1.411265e-13
0.008231509
-1.638359e-13
-3.599173e-13
0.008231509
0.008231509
0.008231509
0.008231509
0.008231509
0.008231509
3.978052e-12
5.198969e-12
0.008231508
2.807749e-12
4.030982e-12
0.008231508
2.196002e-12
3.162146e-12
0.008231508
1.618917e-12
3.581867e-12
-6.431205e-12
1.726779e-12
0.008231516
-1.065919e-11
0.008231516
-1.062886e-11
0.008231516
-1.052926e-11
0.008231516
-1.187088e-11
0.008231516
-1.59953e-11
-2.816738e-11
0.008231516
-3.632529e-12
0.008231516
-3.7165e-12
0.008231516
-3.738852e-12
0.008231516
-3.828343e-12
0.008231516
-4.858491e-12
-4.403417e-12
0.008231509
-9.532516e-12
0.008231508
-1.044567e-11
0.008231508
-9.986683e-12
0.008231508
-1.069646e-11
-2.02628e-11
0.008231516
5.980129e-12
0.008231516
5.12289e-12
0.008231516
5.247521e-12
0.008231516
6.965679e-12
0.008231516
8.74901e-12
2.239588e-11
0.008231509
0.008231508
0.008231508
0.008231508
0.008231508
0.008231509
-3.964118e-15
8.29447e-14
0.008231509
-7.189235e-15
7.161663e-14
0.008231509
-1.00224e-14
6.318415e-14
0.008231509
-1.085195e-14
5.744394e-14
0.008231509
-1.18844e-14
5.426195e-14
-1.972471e-14
5.115683e-14
0.008231509
-2.286071e-14
0.008231509
-2.812798e-14
0.008231509
-3.097003e-14
0.008231509
-3.162995e-14
0.008231509
-2.81009e-14
-3.335848e-14
0.008231517
-3.47686e-15
7.196633e-14
0.008231517
-7.118753e-15
6.512651e-14
0.008231517
-1.005523e-14
5.920158e-14
0.008231517
-1.086645e-14
5.469067e-14
0.008231517
-1.196032e-14
5.156269e-14
-2.070583e-14
4.544604e-14
0.008231517
-3.436538e-14
0.008231517
-3.472383e-14
0.008231517
-3.495538e-14
0.008231517
-3.433373e-14
0.008231517
-3.070388e-14
-3.806377e-14
0.008231517
0.008231517
0.008231517
0.008231517
0.008231517
0.008231509
0.008231509
0.008231509
0.008231509
0.008231509
0.008231517
2.698693e-16
3.563693e-16
0.008231517
1.86974e-16
2.955266e-16
0.008231517
6.72491e-17
1.021588e-16
0.008231517
6.67884e-17
3.338686e-17
4.027892e-17
-4.370315e-17
0.008231509
-8.338133e-16
0.008231509
-8.563931e-16
0.008231509
-7.940413e-16
0.008231509
-6.760074e-16
-5.912667e-16
0.008231509
-2.366168e-16
0.008231509
-2.488122e-16
0.008231509
-3.292687e-16
0.008231509
-3.055143e-16
-3.460234e-16
0.008231517
-7.260536e-16
0.008231517
-8.824287e-16
0.008231517
-8.864677e-16
0.008231517
-7.544016e-16
-7.633591e-16
0.008231509
5.014481e-16
0.008231509
4.027429e-16
0.008231509
2.856162e-16
0.008231509
2.06097e-16
1.375119e-16
0.008231517
0.008231517
0.008231517
0.008231517
0.008231509
-3.12683e-12
-1.144359e-11
0.008231509
-4.780908e-12
-2.191903e-11
0.008231509
-4.78567e-12
-2.893583e-11
0.008231509
-3.062902e-12
-3.037818e-11
0.008231509
2.756311e-13
-2.301123e-11
3.232813e-12
-4.4152e-12
0.008231517
-6.117409e-12
-1.033176e-11
0.008231517
-8.773721e-12
-1.871721e-11
0.008231517
-8.047198e-12
-2.516886e-11
0.008231517
-4.333133e-12
-2.798491e-11
0.008231517
2.664157e-12
-2.403113e-11
8.672304e-12
-9.971954e-12
0.008231509
1.507813e-12
0.008231509
4.245245e-12
0.008231509
8.436233e-12
0.008231509
1.30295e-11
0.008231509
1.684374e-11
1.573694e-11
0.008231509
-5.610211e-12
0.008231509
-1.143983e-11
0.008231509
-1.546463e-11
0.008231509
-1.669297e-11
0.008231509
-1.343531e-11
-4.740675e-12
0.008231517
0.008231517
0.008231517
0.008231517
0.008231517
0.008231517
0.008231517
0.008231517
0.008231517
0.008231517
0.008231516
-1.272816e-12
1.810256e-11
0.008231516
-2.756785e-12
1.35957e-11
0.008231516
-1.956944e-12
1.249495e-11
0.008231516
1.809255e-13
1.934079e-11
0.008231516
3.725606e-12
4.200268e-11
-9.599029e-12
7.784818e-11
0.008231516
-8.105566e-12
0.008231516
-7.851158e-12
0.008231516
-5.982645e-12
0.008231516
-2.630746e-12
0.008231516
2.719653e-12
-1.653048e-11
0.008231509
-1.560371e-12
1.955109e-11
0.008231508
-2.794272e-12
1.407538e-11
0.008231508
-1.958263e-12
1.238617e-11
0.008231508
2.631621e-13
1.881877e-11
0.008231508
3.438376e-12
4.05593e-11
-8.962139e-12
7.252574e-11
0.008231509
-6.369501e-12
0.008231508
-7.333983e-12
0.008231508
-6.090074e-12
0.008231508
-3.234998e-12
0.008231508
1.563566e-12
-2.248976e-11
0.008231516
0.008231516
0.008231516
0.008231516
0.008231516
0.008231509
0.008231508
0.008231508
0.008231508
0.008231508
0.008231517
1.666261e-13
2.352751e-13
0.008231517
1.567337e-13
2.635894e-13
0.008231517
1.627613e-13
2.585794e-13
0.008231517
1.920639e-13
2.7577e-13
0.008231517
2.245569e-13
2.963167e-13
1.718239e-13
1.402842e-13
0.008231517
-3.592981e-13
0.008231517
-3.823588e-13
0.008231517
-4.262996e-13
0.008231517
-4.817668e-13
0.008231517
-5.623477e-13
-7.607779e-13
0.008231517
-2.936952e-13
0.008231517
-3.434701e-13
0.008231517
-3.9401e-13
0.008231517
-4.480431e-13
0.008231517
-5.157627e-13
-8.39704e-13
0.008231509
-1.150159e-13
0.008231509
-1.045509e-13
0.008231509
-1.265379e-13
0.008231509
-1.532956e-13
0.008231509
-1.834717e-13
-3.16264e-13
0.008231509
2.492766e-13
0.008231509
2.503241e-13
0.008231509
2.546363e-13
0.008231509
2.706765e-13
0.008231509
3.018035e-13
2.057878e-13
0.008231509
0.008231509
0.008231509
0.008231509
0.008231509
0.008231509
7.222798e-14
6.202203e-14
0.008231509
1.486304e-14
-1.857071e-14
0.008231509
-3.042225e-14
-6.278086e-14
0.008231509
-1.409375e-14
9.399873e-15
9.612134e-14
1.44863e-13
0.008231517
5.996051e-14
5.814552e-14
0.008231517
1.034022e-16
-1.764024e-14
0.008231517
-4.796415e-14
-5.306079e-14
0.008231517
-3.285626e-14
2.56362e-14
7.770148e-14
1.71789e-13
0.008231509
3.978686e-15
0.008231509
-1.973394e-14
0.008231509
-1.631139e-14
0.008231509
3.846291e-14
6.113128e-14
0.008231517
-1.603587e-14
0.008231517
-3.145721e-14
0.008231517
-2.118454e-14
0.008231517
4.348219e-14
8.167121e-14
0.008231509
0.008231509
0.008231509
0.008231509
0.008231517
0.008231517
0.008231517
0.008231517
0.008231509
-6.034748e-12
-8.74352e-12
0.008231509
-5.77841e-12
-8.360772e-12
0.008231509
-4.536073e-12
-5.866234e-12
0.008231509
-2.055805e-12
-9.685249e-13
0.008231509
1.757366e-12
5.825325e-12
3.603978e-12
8.101237e-12
0.008231517
1.354071e-11
0.008231517
1.528932e-11
0.008231517
1.712943e-11
0.008231517
1.758789e-11
0.008231517
1.470833e-11
3.232957e-12
0.008231517
3.549889e-12
0.008231517
4.765007e-12
0.008231517
6.565147e-12
0.008231517
8.455842e-12
0.008231517
9.513049e-12
5.281855e-12
0.008231509
1.076589e-11
0.008231509
1.428207e-11
0.008231509
1.795544e-11
0.008231509
2.042009e-11
0.008231509
2.006509e-11
6.41701e-12
0.008231517
-9.033439e-12
0.008231517
-8.354579e-12
0.008231517
-7.069254e-12
0.008231517
-4.536281e-12
0.008231517
-8.827507e-14
2.399486e-12
0.008231509
0.008231509
0.008231509
0.008231509
0.008231509
0.008231516
3.552425e-12
2.8362e-12
0.008231516
3.826327e-12
3.716828e-12
0.008231516
7.406372e-12
7.315105e-12
0.008231516
1.802517e-11
1.71414e-11
2.563933e-11
2.198957e-11
0.008231516
-4.821411e-12
0.008231516
-4.438056e-12
0.008231516
-3.561321e-12
0.008231516
-4.800826e-12
-2.504572e-11
0.008231516
-4.824208e-12
0.008231516
-4.495754e-12
0.008231516
-3.195771e-12
0.008231516
-3.300361e-12
-2.218509e-11
0.008231509
-1.5051e-12
0.008231509
-9.519463e-13
0.008231509
1.897635e-12
0.008231508
9.032156e-12
-2.803729e-12
0.008231509
-7.860385e-13
0.008231509
-7.847355e-13
0.008231509
1.623343e-12
0.008231508
8.415497e-12
-2.014499e-12
0.008231509
0.008231509
0.008231509
0.008231508
0.008231517
4.994159e-15
-7.294732e-16
0.008231517
4.495223e-15
1.271514e-15
0.008231517
3.990568e-15
2.15589e-15
0.008231517
4.424104e-15
3.310968e-15
0.008231517
5.291628e-15
4.435413e-15
3.928749e-15
3.176071e-15
0.008231509
-5.674978e-15
0.008231509
-5.634792e-15
0.008231509
-6.080218e-15
0.008231509
-6.687666e-15
0.008231509
-7.819763e-15
-1.246855e-14
0.008231517
-6.396908e-15
0.008231517
-5.733071e-15
0.008231517
-6.029399e-15
0.008231517
-6.561103e-15
0.008231517
-7.694642e-15
-1.249964e-14
0.008231517
1.662285e-15
0.008231517
5.822476e-16
0.008231517
-6.895722e-16
0.008231517
-1.42746e-15
0.008231517
-1.348212e-15
-5.366113e-15
0.008231509
-4.783215e-15
0.008231509
-2.734979e-15
0.008231509
-2.434331e-15
0.008231509
-2.39582e-15
0.008231509
-2.050375e-15
-6.072088e-15
0.008231509
0.008231509
0.008231509
0.008231509
0.008231509
0.008231517
1.805567e-13
1.849498e-13
0.008231517
1.839785e-13
1.947966e-13
0.008231517
1.850856e-13
1.993211e-13
0.008231517
2.059652e-13
2.227861e-13
0.008231517
2.251868e-13
2.484214e-13
1.284856e-13
1.605814e-13
0.008231517
-2.985061e-13
0.008231517
-3.16648e-13
0.008231517
-3.562287e-13
0.008231517
-4.045229e-13
0.008231517
-4.832533e-13
-6.886524e-13
0.008231509
-2.975607e-13
0.008231509
-3.242213e-13
0.008231509
-3.673262e-13
0.008231509
-4.180174e-13
0.008231509
-4.989408e-13
-7.019912e-13
0.008231517
-5.769659e-14
0.008231517
-8.445114e-14
0.008231517
-1.114038e-13
0.008231517
-1.31519e-13
0.008231517
-1.51438e-13
-3.336618e-13
0.008231509
-6.300333e-14
0.008231509
-8.766485e-14
0.008231509
-1.14556e-13
0.008231509
-1.348787e-13
0.008231509
-1.59016e-13
-3.524051e-13
0.008231509
0.008231509
0.008231509
0.008231509
0.008231509
0.008231517
2.512525e-15
1.571261e-15
0.008231517
2.877542e-15
1.52981e-15
0.008231517
2.186216e-15
1.370224e-15
0.008231517
1.566839e-15
1.324772e-15
0.008231517
1.381579e-15
1.376049e-15
2.025247e-16
1.076212e-15
0.008231517
-3.332544e-15
0.008231517
-3.958966e-15
0.008231517
-4.749828e-15
0.008231517
-5.151173e-15
0.008231517
-4.948987e-15
-6.53983e-15
0.008231517
-4.021713e-15
0.008231517
-4.374332e-15
0.008231517
-4.880645e-15
0.008231517
-5.111681e-15
0.008231517
-5.106993e-15
-6.028489e-15
0.008231509
-1.353904e-15
0.008231509
-1.184927e-15
0.008231509
-1.659364e-15
0.008231509
-2.012701e-15
0.008231509
-2.030803e-15
-2.798867e-15
0.008231509
2.97569e-15
0.008231509
2.958979e-15
0.008231509
2.61626e-15
0.008231509
2.249542e-15
0.008231509
2.20436e-15
1.38065e-15
0.008231509
0.008231509
0.008231509
0.008231509
0.008231509
0.008231517
-2.021545e-11
-2.004939e-11
0.008231517
-3.055486e-11
-2.791859e-11
0.008231517
-3.923806e-11
-4.366226e-11
0.008231517
-8.191668e-12
-2.878596e-11
2.457889e-11
1.506558e-11
0.008231509
-1.798607e-11
-2.070196e-11
0.008231509
-3.015994e-11
-2.960091e-11
0.008231509
-3.674331e-11
-4.478845e-11
0.008231509
-2.231455e-11
-2.985059e-11
5.247225e-12
2.188241e-11
0.008231517
-7.927712e-12
0.008231517
-1.294667e-11
0.008231517
-1.61479e-11
0.008231517
1.47799e-11
3.342886e-11
0.008231517
0.008231517
0.008231517
0.008231517
0.008231509
-5.045742e-12
0.008231509
-1.086939e-11
0.008231509
-1.252692e-11
0.008231509
1.721638e-12
7.280302e-12
0.008231509
0.008231509
0.008231509
0.008231509
0.008231548
1.893884e-13
9.685107e-13
0.008231548
-2.141277e-13
1.161029e-12
0.008231548
1.681691e-13
2.463277e-13
0.008231548
-6.629342e-13
3.372009e-13
0.008231548
-2.660235e-13
-6.02216e-13
-1.125899e-12
2.632583e-13
0.008231517
-5.389005e-13
0.008231517
-5.567438e-13
0.008231517
-5.925542e-13
0.008231517
-3.728266e-13
0.008231517
-1.855238e-13
4.959097e-13
0.008231548
8.023939e-13
4.431388e-13
0.008231548
1.080819e-12
-1.53062e-13
0.008231548
2.983356e-13
9.63166e-14
0.008231548
5.280034e-13
-8.412563e-13
0.008231548
-3.732078e-13
-4.573318e-13
3.241726e-13
-1.050843e-12
0.008231548
0.008231548
0.008231548
0.008231548
0.008231548
0.008231517
9.5869e-13
0.008231517
6.979786e-13
0.008231517
4.687018e-13
0.008231517
3.721407e-15
0.008231517
-2.347912e-13
-4.817728e-13
0.008231517
0.008231517
0.008231517
0.008231517
0.008231517
0.008231509
1.599737e-13
1.603314e-13
0.008231509
1.681824e-13
1.730667e-13
0.008231509
1.289288e-13
1.375238e-13
0.008231509
7.814367e-14
8.952661e-14
0.008231509
2.800125e-14
4.028555e-14
-1.87578e-14
-7.117785e-15
0.008231509
1.778081e-13
0.008231509
6.68364e-15
0.008231509
-1.236326e-13
0.008231509
-2.021082e-13
0.008231509
-2.308086e-13
-2.237943e-13
0.008231509
1.724471e-13
0.008231509
1.657322e-16
0.008231509
-1.319452e-13
0.008231509
-2.111065e-13
0.008231509
-2.380617e-13
-2.273749e-13
0.008231517
1.599946e-13
0.008231517
7.350975e-14
0.008231517
-1.815319e-14
0.008231517
-8.334369e-14
0.008231517
-1.14899e-13
-1.297375e-13
0.008231517
1.649618e-13
0.008231517
7.512044e-14
0.008231517
-1.840888e-14
0.008231517
-8.571185e-14
0.008231517
-1.199177e-13
-1.377739e-13
0.008231517
0.008231517
0.008231517
0.008231517
0.008231517
0.008231517
1.015839e-14
9.838903e-15
0.008231517
1.432398e-14
1.386137e-14
0.008231517
1.491495e-14
1.419632e-14
0.008231517
1.209818e-14
1.12785e-14
0.008231517
7.194262e-15
6.048782e-15
2.576217e-15
1.022255e-15
0.008231509
9.674809e-15
1.002254e-14
0.008231509
1.378279e-14
1.42518e-14
0.008231509
1.42325e-14
1.474176e-14
0.008231509
1.123575e-14
1.195476e-14
0.008231509
6.007817e-15
7.233543e-15
1.023772e-15
2.445641e-15
0.008231517
9.775684e-15
9.793135e-15
0.008231517
1.398361e-14
1.398751e-14
0.008231517
1.46269e-14
1.447132e-14
0.008231517
1.166937e-14
1.162568e-14
0.008231517
6.619146e-15
6.752382e-15
1.553651e-15
1.470066e-15
0.008231517
0.008231517
0.008231517
0.008231517
0.008231517
0.008231509
0.008231509
0.008231509
0.008231509
0.008231509
0.008231509
0.008231509
0.008231509
0.008231509
0.008231509
0.008231517
-7.985936e-12
-7.672344e-12
0.008231517
-8.068155e-12
-7.540099e-12
0.008231517
-6.91034e-12
-6.127948e-12
0.008231517
-2.717281e-12
-1.764227e-12
0.008231517
4.79682e-12
5.986508e-12
1.046621e-11
1.203626e-11
0.008231517
2.203355e-11
0.008231517
2.169687e-11
0.008231517
2.380939e-11
0.008231517
2.58893e-11
0.008231517
2.473184e-11
1.223121e-11
0.008231517
7.085252e-12
0.008231517
8.230467e-12
0.008231517
1.043322e-11
0.008231517
1.369644e-11
0.008231517
1.739561e-11
1.224051e-11
0.008231548
2.236146e-11
0.008231548
2.148161e-11
0.008231548
2.326312e-11
0.008231548
2.521013e-11
0.008231548
2.41028e-11
1.186292e-11
0.008231548
6.443754e-12
0.008231548
7.917709e-12
0.008231548
1.019717e-11
0.008231548
1.342266e-11
0.008231548
1.683505e-11
1.103877e-11
0.008231548
0.008231548
0.008231548
0.008231548
0.008231548
0.008231517
2.633795e-13
2.570496e-13
0.008231517
2.692267e-13
2.783255e-13
0.008231517
2.711231e-13
2.878479e-13
0.008231517
2.993871e-13
3.206456e-13
0.008231517
3.248735e-13
3.551996e-13
1.866385e-13
2.284101e-13
0.008231517
-3.594815e-13
0.008231517
-4.037535e-13
0.008231517
-4.738392e-13
0.008231517
-5.539617e-13
0.008231517
-6.740563e-13
-9.711369e-13
0.008231517
-5.760635e-14
0.008231517
-9.823661e-14
0.008231517
-1.406068e-13
0.008231517
-1.746525e-13
0.008231517
-2.079696e-13
-4.707206e-13
0.008231509
-3.561929e-13
0.008231509
-4.135706e-13
0.008231509
-4.887465e-13
0.008231509
-5.720082e-13
0.008231509
-6.951822e-13
-9.890766e-13
0.008231509
-5.449819e-14
0.008231509
-9.748608e-14
0.008231509
-1.424442e-13
0.008231509
-1.778784e-13
0.008231509
-2.172443e-13
-4.946038e-13
0.008231509
0.008231509
0.008231509
0.008231509
0.008231509
0.008231517
2.081839e-14
2.227643e-14
0.008231517
1.799243e-14
1.897339e-14
0.008231517
1.421596e-14
1.444319e-14
0.008231517
1.105955e-14
1.088592e-14
0.008231517
8.292554e-15
8.231768e-15
5.467779e-15
6.098442e-15
0.008231517
4.539444e-15
0.008231517
1.612958e-15
0.008231517
-6.332423e-16
0.008231517
-2.072478e-15
0.008231517
-2.71742e-15
-3.811583e-15
0.008231517
4.630257e-15
0.008231517
1.69959e-15
0.008231517
-5.124333e-16
0.008231517
-2.250751e-15
0.008231517
-3.454908e-15
-5.655331e-15
0.008231517
2.052801e-14
2.211999e-14
0.008231517
1.627979e-14
1.736226e-14
0.008231517
1.312789e-14
1.346699e-14
0.008231517
1.064698e-14
1.026841e-14
0.008231517
8.787168e-15
7.962503e-15
6.682217e-15
5.423843e-15
0.008231517
0.008231517
0.008231517
0.008231517
0.008231517
0.008231517
0.008231517
0.008231517
0.008231517
0.008231517
0.008231509
5.259697e-15
6.332882e-15
0.008231509
5.331929e-15
6.864716e-15
0.008231509
5.291727e-15
6.177986e-15
0.008231509
5.258952e-15
5.749976e-15
0.008231509
5.299931e-15
5.397372e-15
3.693915e-15
1.250208e-16
0.008231517
-1.342874e-14
0.008231517
-1.395554e-14
0.008231517
-1.500565e-14
0.008231517
-1.598995e-14
0.008231517
-1.730681e-14
-2.28246e-14
0.008231509
-1.193788e-14
0.008231509
-1.240656e-14
0.008231509
-1.398531e-14
0.008231509
-1.564136e-14
0.008231509
-1.63747e-14
-2.46995e-14
0.008231517
-5.22763e-15
0.008231517
-4.690444e-15
0.008231517
-5.365477e-15
0.008231517
-6.131051e-15
0.008231517
-6.680074e-15
-1.056801e-14
0.008231517
7.788105e-15
0.008231517
7.778443e-15
0.008231517
7.315968e-15
0.008231517
6.96326e-15
0.008231517
7.667194e-15
5.14153e-15
0.008231509
0.008231509
0.008231509
0.008231509
0.008231509
0.008231509
5.405116e-13
-1.97556e-15
0.008231509
5.012546e-13
1.251878e-14
0.008231509
5.050569e-13
1.750693e-14
0.008231509
5.569123e-13
3.108319e-14
0.008231509
6.50798e-13
2.122719e-14
6.911905e-13
-1.468587e-13
0.008231517
-2.498667e-15
4.877579e-13
0.008231517
1.094124e-14
4.601175e-13
0.008231517
1.71142e-14
4.749595e-13
0.008231517
3.228594e-14
5.31149e-13
0.008231517
2.607771e-14
6.202511e-13
-1.430955e-13
6.34238e-13
0.008231517
-1.830119e-13
0.008231517
-2.108644e-13
0.008231517
-2.297776e-13
0.008231517
-2.484896e-13
0.008231517
-2.732414e-13
-4.549909e-13
0.008231517
0.008231517
0.008231517
0.008231517
0.008231517
0.008231509
-1.307597e-13
0.008231509
-1.712293e-13
0.008231509
-2.000068e-13
0.008231509
-2.215056e-13
0.008231509
-2.378188e-13
-3.942731e-13
0.008231509
0.008231509
0.008231509
0.008231509
0.008231509
0.008231517
3.387034e-13
3.28978e-13
0.008231517
3.471343e-13
3.346129e-13
0.008231517
3.436907e-13
3.535042e-13
0.008231517
3.756753e-13
4.010255e-13
0.008231517
4.283717e-13
4.586138e-13
3.889851e-13
4.261027e-13
0.008231517
3.092955e-13
3.104645e-13
0.008231517
3.023084e-13
2.848268e-13
0.008231517
3.106024e-13
3.061324e-13
0.008231517
3.469515e-13
3.588745e-13
0.008231517
4.045824e-13
4.192858e-13
3.156331e-13
3.239613e-13
0.008231517
1.2255e-13
0.008231517
9.872977e-14
0.008231517
9.286358e-14
0.008231517
9.80126e-14
0.008231517
1.015346e-13
-5.562233e-15
0.008231517
1.334288e-13
0.008231517
9.376859e-14
0.008231517
7.857788e-14
0.008231517
8.464239e-14
0.008231517
8.601075e-14
-3.436009e-14
0.008231517
0.008231517
0.008231517
0.008231517
0.008231517
0.008231517
0.008231517
0.008231517
0.008231517
0.008231517
0.008231517
2.348272e-13
1.767075e-13
0.008231517
2.239902e-13
2.024581e-13
0.008231517
2.217291e-13
2.097695e-13
0.008231517
2.41375e-13
2.368567e-13
0.008231517
2.606647e-13
2.611502e-13
1.64497e-13
1.53742e-13
0.008231509
-3.081828e-13
0.008231509
-3.508499e-13
0.008231509
-4.060948e-13
0.008231509
-4.648818e-13
0.008231509
-5.529386e-13
-7.748457e-13
0.008231509
-9.278237e-14
0.008231509
-1.081198e-13
0.008231509
-1.349684e-13
0.008231509
-1.556334e-13
0.008231509
-1.771486e-13
-3.882509e-13
0.008231517
-3.243217e-13
0.008231517
-3.603096e-13
0.008231517
-4.091728e-13
0.008231517
-4.688417e-13
0.008231517
-5.567808e-13
-7.748273e-13
0.008231517
-1.85448e-14
0.008231517
-7.708999e-14
0.008231517
-1.198619e-13
0.008231517
-1.471081e-13
0.008231517
-1.737683e-13
-3.774994e-13
0.008231509
0.008231509
0.008231509
0.008231509
0.008231509
0.008231509
1.3214e-13
1.426765e-13
0.008231509
9.971226e-14
1.084754e-13
0.008231509
8.26076e-14
9.06061e-14
0.008231509
1.050145e-13
1.140472e-13
8.759942e-14
7.809997e-14
0.008231517
-3.254076e-13
0.008231517
-3.208685e-13
0.008231517
-3.096859e-13
0.008231517
-3.082233e-13
-4.208729e-13
0.008231517
-9.686877e-14
0.008231517
-1.224472e-13
0.008231517
-1.237872e-13
0.008231517
-1.001633e-13
-1.996564e-13
0.008231509
-3.295917e-13
0.008231509
-3.241644e-13
0.008231509
-3.139353e-13
0.008231509
-3.093525e-13
-4.096398e-13
0.008231509
-1.032367e-13
0.008231509
-1.279101e-13
0.008231509
-1.275006e-13
0.008231509
-1.080418e-13
-2.013571e-13
0.008231517
0.008231517
0.008231517
0.008231517
0.008231439
3.785498e-15
4.081159e-15
0.008231439
3.207485e-15
3.907051e-15
0.008231439
2.602055e-15
2.60169e-15
0.008231439
2.250137e-15
1.748964e-15
0.008231439
1.934026e-15
1.570193e-15
9.483077e-16
7.892423e-18
0.008231439
-1.190717e-14
0.008231439
-1.147913e-14
0.008231439
-1.127551e-14
0.008231439
-1.079769e-14
0.008231439
-9.918401e-15
-1.129491e-14
0.008231439
-4.765748e-15
0.008231439
-4.328635e-15
0.008231439
-4.76483e-15
0.008231439
-4.947788e-15
0.008231439
-4.524307e-15
-5.695786e-15
0.008231517
-1.064684e-14
0.008231517
-1.096464e-14
0.008231517
-1.145565e-14
0.008231517
-1.150257e-14
0.008231517
-1.042545e-14
-1.345811e-14
0.008231517
6.337199e-15
0.008231517
5.549653e-15
0.008231517
4.571119e-15
0.008231517
3.769918e-15
0.008231517
3.698492e-15
2.597054e-15
0.008231517
0.008231517
0.008231517
0.008231517
0.008231517
0.008231517
4.77945e-15
3.478169e-15
0.008231517
4.874272e-15
3.934293e-15
0.008231517
4.448436e-15
3.70114e-15
0.008231517
4.125414e-15
3.541028e-15
0.008231517
3.773965e-15
3.296177e-15
1.495075e-15
1.161812e-15
0.008231517
-9.464818e-15
0.008231517
-9.736698e-15
0.008231517
-1.069368e-14
0.008231517
-1.162194e-14
0.008231517
-1.241926e-14
-1.622989e-14
0.008231517
-9.718473e-15
0.008231517
-9.643992e-15
0.008231517
-1.044942e-14
0.008231517
-1.134178e-14
0.008231517
-1.216487e-14
-1.598554e-14
0.008231509
-2.028718e-15
0.008231509
-2.657026e-15
0.008231509
-3.721702e-15
0.008231509
-4.540484e-15
0.008231509
-4.662141e-15
-8.447954e-15
0.008231509
-3.649442e-15
0.008231509
-3.506988e-15
0.008231509
-4.225148e-15
0.008231509
-4.828609e-15
0.008231509
-4.822142e-15
-8.505255e-15
0.008231509
0.008231509
0.008231509
0.008231509
0.008231509
0.008231509
4.763208e-17
7.15924e-15
0.008231509
-5.153194e-16
6.150742e-15
0.008231509
-1.006726e-15
4.621094e-15
0.008231509
-1.086215e-15
3.661187e-15
-1.339096e-15
3.159097e-15
0.008231509
-2.412427e-15
0.008231509
-2.633738e-15
0.008231509
-2.694118e-15
0.008231509
-2.285231e-15
-1.904642e-15
0.008231509
3.659982e-15
0.008231509
3.156641e-15
0.008231509
2.402867e-15
0.008231509
2.055223e-15
1.724372e-15
0.008231517
6.571816e-15
6.857514e-16
0.008231517
5.642037e-15
-4.501246e-16
0.008231517
4.539476e-15
-1.291395e-15
0.008231517
3.631124e-15
-1.31874e-15
2.895661e-15
-1.779052e-15
0.008231517
0.008231517
0.008231517
0.008231517
0.008231517
0.008231517
0.008231517
0.008231517
0.008231439
5.672889e-13
5.688664e-13
0.008231439
4.903404e-13
4.792382e-13
0.008231438
4.561567e-13
4.346058e-13
0.008231438
4.986999e-13
4.680281e-13
0.008231438
5.665093e-13
5.198696e-13
3.787502e-13
3.121262e-13
0.008231517
-4.955674e-13
0.008231517
-6.654148e-13
0.008231517
-7.986695e-13
0.008231517
-9.16167e-13
0.008231517
-1.097455e-12
-1.567598e-12
0.008231439
-4.993404e-13
0.008231439
-6.537793e-13
0.008231438
-7.782345e-13
0.008231438
-8.887374e-13
0.008231438
-1.063909e-12
-1.538069e-12
0.008231439
-4.767159e-14
0.008231439
-1.855026e-13
0.008231438
-2.575277e-13
0.008231438
-2.921632e-13
0.008231438
-3.253227e-13
-7.406575e-13
0.008231517
-4.989527e-14
0.008231517
-1.849495e-13
0.008231517
-2.586316e-13
0.008231517
-2.953891e-13
0.008231517
-3.383901e-13
-7.777352e-13
0.008231517
0.008231517
0.008231517
0.008231517
0.008231517
0.008231517
-3.392961e-14
-3.099776e-14
0.008231517
-2.550842e-14
-2.104157e-14
0.008231517
-7.22431e-15
-1.700255e-15
0.008231517
1.901356e-14
2.380278e-14
0.008231517
4.562717e-14
4.795914e-14
5.004918e-14
4.490303e-14
0.008231517
5.0855e-14
0.008231517
6.53846e-14
0.008231517
7.558575e-14
0.008231517
7.019521e-14
0.008231517
4.323614e-14
-2.526088e-14
0.008231509
5.21048e-14
0.008231509
6.330197e-14
0.008231509
7.216287e-14
0.008231509
6.723203e-14
0.008231509
4.154202e-14
-2.577375e-14
0.008231517
1.145016e-14
0.008231517
2.701736e-14
0.008231517
4.158356e-14
0.008231517
4.904441e-14
0.008231517
4.673345e-14
1.575393e-15
0.008231509
7.285467e-15
0.008231509
2.460666e-14
0.008231509
3.946139e-14
0.008231509
4.726308e-14
0.008231509
4.609975e-14
7.194361e-15
0.008231509
0.008231509
0.008231509
0.008231509
0.008231509
0.008231517
2.506543e-13
2.178108e-13
0.008231517
2.02588e-13
2.561732e-13
0.008231517
1.872548e-13
2.548161e-13
0.008231517
2.042723e-13
2.725384e-13
0.008231517
2.308148e-13
2.925641e-13
1.779411e-13
1.357339e-13
0.008231517
-2.807684e-13
0.008231517
-3.392507e-13
0.008231517
-4.030387e-13
0.008231517
-4.695296e-13
0.008231517
-5.565367e-13
-7.58888e-13
0.008231509
-1.115432e-13
0.008231509
-1.05033e-13
0.008231509
-1.275941e-13
0.008231509
-1.541412e-13
0.008231509
-1.839392e-13
-3.160837e-13
0.008231517
-2.035231e-13
0.008231517
-2.965871e-13
0.008231517
-3.698522e-13
0.008231517
-4.353029e-13
0.008231517
-5.068322e-13
-8.298736e-13
0.008231509
1.560082e-13
0.008231509
2.013144e-13
0.008231509
2.283782e-13
0.008231509
2.56651e-13
0.008231509
2.953869e-13
2.028855e-13
0.008231509
0.008231509
0.008231509
0.008231509
0.008231509
0.008231548
-1.610099e-15
8.795089e-16
0.008231548
5.339449e-16
1.413857e-15
0.008231548
1.467646e-15
2.486098e-15
0.008231548
3.209166e-15
4.020718e-15
0.008231548
5.532792e-15
5.231982e-15
9.011447e-15
5.571708e-15
0.008231548
-3.055162e-15
0.008231548
-1.375219e-16
0.008231548
1.398859e-15
0.008231548
1.638796e-15
0.008231548
1.747042e-15
7.852619e-16
0.008231439
-3.025845e-15
0.008231439
-5.483185e-16
0.008231439
8.262921e-16
0.008231439
1.482722e-15
0.008231439
2.147626e-15
1.347356e-15
0.008231439
1.792429e-15
-7.806283e-16
0.008231439
2.390164e-15
1.914381e-15
0.008231439
2.916916e-15
2.487199e-15
0.008231439
3.531921e-15
2.902235e-15
0.008231439
4.573119e-15
4.450713e-15
3.866566e-15
6.730772e-15
0.008231439
0.008231439
0.008231439
0.008231439
0.008231439
0.008231548
0.008231548
0.008231548
0.008231548
0.008231548
0.008231517
-3.245598e-12
-2.346208e-12
0.008231517
-4.533741e-12
-3.388647e-12
0.008231517
-4.487305e-12
-3.636779e-12
0.008231517
-2.797219e-12
-2.874962e-12
0.008231517
6.752233e-13
-1.035939e-12
4.161306e-12
7.345024e-14
0.008231517
7.610577e-13
0.008231517
2.408667e-12
0.008231517
5.224994e-12
0.008231517
8.225614e-12
0.008231517
1.019249e-11
6.245991e-12
0.008231517
2.169926e-12
0.008231517
4.081621e-12
0.008231517
6.339825e-12
0.008231517
8.188597e-12
0.008231517
8.609631e-12
5.471128e-12
0.008231509
9.875729e-14
0.008231509
5.303569e-13
0.008231509
1.636847e-12
0.008231509
3.110113e-12
0.008231509
4.460678e-12
4.416544e-12
0.008231509
-2.40702e-12
0.008231509
-3.348377e-12
0.008231509
-3.602196e-12
0.008231509
-2.995304e-12
0.008231509
-1.166627e-12
4.461638e-13
0.008231509
0.008231509
0.008231509
0.008231509
0.008231509
0.008231517
1.542463e-13
2.449129e-13
0.008231517
1.700371e-13
2.110974e-13
0.008231517
2.011767e-13
2.139213e-13
0.008231517
2.864309e-13
2.798411e-13
2.410536e-13
2.156711e-13
0.008231509
-3.035698e-13
0.008231509
-3.249762e-13
0.008231509
-3.492342e-13
0.008231509
-4.16404e-13
-7.038604e-13
0.008231517
-3.12586e-13
0.008231517
-3.204025e-13
0.008231517
-3.387737e-13
0.008231517
-4.023576e-13
-6.899439e-13
0.008231509
-3.577746e-14
0.008231509
-6.072037e-14
0.008231509
-7.458276e-14
0.008231509
-7.268923e-14
-3.196705e-13
0.008231517
-1.17475e-13
0.008231517
-1.062672e-13
0.008231517
-9.771643e-14
0.008231517
-8.011299e-14
-3.081603e-13
0.008231509
0.008231509
0.008231509
0.008231509
0.008231439
2.31226e-15
2.439477e-15
0.008231439
2.188767e-15
2.392208e-15
0.008231439
1.935274e-15
2.255316e-15
0.008231439
2.257388e-15
2.589844e-15
0.008231439
2.923832e-15
3.278445e-15
2.137556e-15
2.401627e-15
0.008231439
-4.92649e-15
0.008231439
-4.822559e-15
0.008231439
-4.92258e-15
0.008231439
-5.127292e-15
0.008231439
-5.745657e-15
-8.766076e-15
0.008231439
-1.218182e-15
0.008231439
-1.45602e-15
0.008231439
-1.729655e-15
0.008231439
-1.743522e-15
0.008231439
-1.366967e-15
-3.90876e-15
0.008231548
-4.835511e-15
0.008231548
-4.946031e-15
0.008231548
-5.206588e-15
0.008231548
-5.360562e-15
0.008231548
-5.871035e-15
-8.812441e-15
0.008231548
-1.456292e-15
0.008231548
-1.497848e-15
0.008231548
-1.762588e-15
0.008231548
-1.845021e-15
0.008231548
-1.611414e-15
-4.202466e-15
0.008231548
0.008231548
0.008231548
0.008231548
0.008231548
0.008231516
9.905998e-12
1.949182e-11
0.008231516
-9.033288e-12
2.017296e-11
0.008231516
1.787606e-12
-1.075436e-11
0.008231516
-2.08378e-11
1.946323e-12
0.008231516
3.753299e-12
-8.728845e-12
-3.211619e-11
5.66739e-11
0.008231516
1.600917e-11
1.545174e-11
0.008231516
2.01699e-11
-9.774574e-12
0.008231516
-7.0206e-12
-1.501639e-12
0.008231516
6.71075e-12
-2.428018e-11
0.008231516
-9.587106e-12
7.435211e-12
4.707681e-11
-2.076302e-11
0.008231508
-1.948384e-11
0.008231508
-1.513002e-11
0.008231508
-1.11609e-11
0.008231508
-1.624747e-12
0.008231508
4.046182e-12
1.608399e-11
0.008231508
2.851222e-11
0.008231508
1.439175e-11
0.008231508
4.137852e-12
0.008231508
-6.5821e-12
0.008231508
4.939634e-13
4.86626e-12
0.008231516
0.008231516
0.008231516
0.008231516
0.008231516
0.008231508
0.008231508
0.008231508
0.008231508
0.008231508
0.008231517
1.910535e-13
1.728896e-13
0.008231517
1.991282e-13
1.802777e-13
0.008231517
2.036755e-13
1.850511e-13
0.008231517
2.280094e-13
2.088496e-13
0.008231517
2.546711e-13
2.297348e-13
1.647753e-13
1.307131e-13
0.008231509
-3.359946e-13
0.008231509
-3.503666e-13
0.008231509
-3.872675e-13
0.008231509
-4.354523e-13
0.008231509
-5.160018e-13
-7.238994e-13
0.008231517
-3.371705e-13
0.008231517
-3.425151e-13
0.008231517
-3.761027e-13
0.008231517
-4.219136e-13
0.008231517
-4.999439e-13
-7.101078e-13
0.008231509
-8.799826e-14
0.008231509
-1.032668e-13
0.008231509
-1.252355e-13
0.008231509
-1.43137e-13
0.008231509
-1.655968e-13
-3.642037e-13
0.008231517
-6.856914e-14
0.008231517
-9.222054e-14
0.008231517
-1.177536e-13
0.008231517
-1.375196e-13
0.008231517
-1.567161e-13
-3.43936e-13
0.008231509
0.008231509
0.008231509
0.008231509
0.008231509
0.008231514
1.089845e-10
1.13991e-10
0.008231513
8.064327e-11
8.634329e-11
0.008231513
5.855967e-11
6.204616e-11
0.008231513
4.827832e-11
4.926458e-11
2.581535e-11
3.266277e-11
0.008231545
1.062926e-10
1.147726e-10
0.008231545
7.858314e-11
8.810303e-11
0.008231544
5.830277e-11
6.324129e-11
0.008231544
5.216167e-11
4.735411e-11
0.008231544
4.068797e-11
3.740125e-11
-1.073009e-13
1.042922e-11
0.008231545
0.008231545
0.008231544
0.008231544
0.008231544
0.008231514
1.047107e-10
1.081842e-10
0.008231513
7.91104e-11
8.293025e-11
0.008231513
5.909259e-11
6.054458e-11
0.008231513
5.16346e-11
4.584081e-11
0.008231512
4.403945e-11
3.390533e-11
8.059205e-12
0.008231514
0.008231513
0.008231513
0.008231513
0.008231545
0.008231545
0.008231544
0.008231544
0.008231544
0.008231548
-1.005536e-14
7.478583e-14
0.008231548
-1.179458e-14
6.451865e-14
0.008231548
-1.165616e-14
5.613495e-14
0.008231548
-1.037205e-14
5.23101e-14
0.008231548
-1.069545e-14
5.263784e-14
-1.954312e-14
5.180179e-14
0.008231548
-2.947609e-14
0.008231548
-2.778542e-14
0.008231548
-2.72163e-14
0.008231548
-2.596673e-14
0.008231548
-2.378369e-14
-3.046723e-14
0.008231517
3.764449e-14
0.008231517
3.216162e-14
0.008231517
2.771623e-14
0.008231517
2.53648e-14
0.008231517
2.514278e-14
2.158124e-14
0.008231517
7.09622e-14
-5.718695e-15
0.008231517
6.136109e-14
-1.053307e-14
0.008231517
5.509793e-14
-1.218703e-14
0.008231517
5.215734e-14
-1.116058e-14
0.008231517
5.249767e-14
-9.480312e-15
5.531517e-14
-2.492972e-14
0.008231548
0.008231548
0.008231548
0.008231548
0.008231548
0.008231517
0.008231517
0.008231517
0.008231517
0.008231517
0.008231517
-2.702549e-14
1.435559e-15
0.008231517
2.133444e-14
4.479528e-14
0.008231517
5.157877e-14
9.983479e-14
0.008231517
7.037137e-14
1.868682e-13
5.188049e-16
2.613723e-13
0.008231517
4.850098e-14
-3.211833e-14
0.008231517
7.066136e-14
1.952314e-14
0.008231517
1.117752e-13
5.184901e-14
0.008231517
1.861206e-13
7.313946e-14
2.399702e-13
3.539934e-15
0.008231517
-5.215488e-14
0.008231517
-2.333138e-14
0.008231517
-2.113733e-14
0.008231517
-2.854807e-14
-1.133923e-13
0.008231517
0.008231517
0.008231517
0.008231517
0.008231517
3.548622e-17
0.008231517
4.386883e-15
0.008231517
-9.48187e-15
0.008231517
-3.205642e-14
-1.378267e-13
0.008231517
0.008231517
0.008231517
0.008231517
0.008231548
2.071191e-12
1.039685e-12
0.008231548
2.10438e-12
1.546435e-12
0.008231548
1.552174e-12
1.323733e-12
0.008231548
9.083482e-13
8.673883e-13
0.008231548
2.810324e-13
3.293656e-13
-2.836431e-13
-1.921506e-13
0.008231548
3.405638e-13
0.008231548
-1.127572e-12
0.008231548
-2.298761e-12
0.008231548
-2.98193e-12
0.008231548
-3.152646e-12
-2.860296e-12
0.008231548
4.276484e-13
0.008231548
-1.122613e-12
0.008231548
-2.368269e-12
0.008231548
-3.076769e-12
0.008231548
-3.233096e-12
-2.905249e-12
0.008231517
1.516859e-12
0.008231517
5.089375e-13
0.008231517
-5.34016e-13
0.008231517
-1.264124e-12
0.008231517
-1.631776e-12
-1.753281e-12
0.008231517
5.72449e-13
0.008231517
-4.408432e-14
0.008231517
-8.319917e-13
0.008231517
-1.399918e-12
0.008231517
-1.663874e-12
-1.706759e-12
0.008231517
0.008231517
0.008231517
0.008231517
0.008231517
0.008231548
2.247157e-13
2.118603e-13
0.008231548
2.230186e-13
2.031675e-13
0.008231548
2.142371e-13
1.969217e-13
0.008231548
2.286004e-13
2.178662e-13
0.008231548
2.469782e-13
2.479529e-13
1.433581e-13
1.661133e-13
0.008231548
-2.484084e-13
0.008231548
-3.058726e-13
0.008231548
-3.652255e-13
0.008231548
-4.211782e-13
0.008231548
-4.962487e-13
-7.233276e-13
0.008231548
-2.422053e-13
0.008231548
-2.948165e-13
0.008231548
-3.570155e-13
0.008231548
-4.194955e-13
0.008231548
-5.038988e-13
-7.369517e-13
0.008231517
-2.694057e-14
0.008231517
-7.60279e-14
0.008231517
-1.160933e-13
0.008231517
-1.433421e-13
0.008231517
-1.532041e-13
-3.430945e-13
0.008231517
-2.031868e-14
0.008231517
-6.725283e-14
0.008231517
-1.069897e-13
0.008231517
-1.342806e-13
0.008231517
-1.46514e-13
-3.522407e-13
0.008231517
0.008231517
0.008231517
0.008231517
0.008231517
0.008231517
1.951702e-15
5.067352e-16
0.008231517
1.643225e-15
1.047669e-15
0.008231517
1.439629e-15
1.262427e-15
0.008231517
1.674678e-15
1.702491e-15
0.008231517
1.98265e-15
2.224845e-15
1.494656e-15
1.545791e-15
0.008231517
-2.466688e-15
0.008231517
-2.583623e-15
0.008231517
-2.773876e-15
0.008231517
-3.010427e-15
0.008231517
-3.546679e-15
-5.773337e-15
0.008231517
-1.613213e-15
0.008231517
-1.088551e-15
0.008231517
-9.915207e-16
0.008231517
-1.037828e-15
0.008231517
-8.742652e-16
-2.618989e-15
0.008231517
-2.855392e-15
0.008231517
-2.823322e-15
0.008231517
-2.940172e-15
0.008231517
-3.261112e-15
0.008231517
-3.735799e-15
-5.748273e-15
0.008231517
2.671623e-16
0.008231517
-2.164687e-16
0.008231517
-6.395418e-16
0.008231517
-8.4372e-16
0.008231517
-8.964474e-16
-2.654427e-15
0.008231517
0.008231517
0.008231517
0.008231517
0.008231517
0.008231509
1.818398e-15
1.803816e-15
0.008231509
8.429361e-16
9.314862e-16
0.008231509
1.904012e-16
2.581902e-16
0.008231509
5.654317e-16
6.282132e-16
6.451592e-16
9.505222e-16
0.008231509
-5.145681e-15
0.008231509
-4.881292e-15
0.008231509
-4.182944e-15
0.008231509
-3.265313e-15
-3.901308e-15
0.008231517
-5.166207e-15
0.008231517
-4.964937e-15
0.008231517
-4.262928e-15
0.008231517
-3.308115e-15
-4.091964e-15
0.008231509
-1.798208e-15
0.008231509
-2.186441e-15
0.008231509
-2.082404e-15
0.008231509
-1.282231e-15
-1.787584e-15
0.008231517
-1.787427e-15
0.008231517
-2.208673e-15
0.008231517
-2.016446e-15
0.008231517
-1.24634e-15
-1.935607e-15
0.008231517
0.008231517
0.008231517
0.008231517
0.008231548
-1.749956e-11
-1.554874e-11
0.008231548
-2.847684e-11
-2.801975e-11
0.008231548
-2.741056e-11
-2.661197e-11
0.008231548
-1.480907e-11
-1.522158e-11
0.008231548
2.787026e-12
1.260095e-12
1.24209e-11
1.225148e-11
0.008231548
-2.833719e-11
0.008231548
-5.53536e-12
0.008231548
1.974677e-11
0.008231548
3.855333e-11
0.008231548
4.372627e-11
2.621319e-11
0.008231548
-2.74013e-11
0.008231548
-5.023977e-12
0.008231548
1.980693e-11
0.008231548
3.956092e-11
0.008231548
4.48924e-11
2.548858e-11
0.008231438
-2.147625e-11
0.008231438
-1.529833e-11
0.008231438
9.497926e-13
0.008231438
1.749304e-11
0.008231439
2.773514e-11
1.999498e-11
0.008231438
-2.436297e-11
0.008231438
-1.626685e-11
0.008231438
9.102815e-14
0.008231438
1.6898e-11
0.008231439
2.809596e-11
2.088898e-11
0.008231438
0.008231438
0.008231438
0.008231438
0.008231439
0.008231517
3.070365e-15
4.155482e-15
0.008231517
3.069179e-15
4.401909e-15
0.008231517
2.86755e-15
3.453967e-15
0.008231517
2.504571e-15
2.78245e-15
0.008231517
1.80784e-15
2.402509e-15
4.553175e-16
2.516677e-16
0.008231509
-8.656552e-15
0.008231509
-9.234452e-15
0.008231509
-9.90673e-15
0.008231509
-1.008323e-14
0.008231509
-9.827486e-15
-1.160658e-14
0.008231509
-3.389249e-15
0.008231509
-3.132878e-15
0.008231509
-3.80172e-15
0.008231509
-4.30143e-15
0.008231509
-4.209474e-15
-5.448179e-15
0.008231517
-7.874781e-15
0.008231517
-8.513647e-15
0.008231517
-9.648693e-15
0.008231517
-1.073631e-14
0.008231517
-1.073648e-14
-1.384025e-14
0.008231509
5.309167e-15
0.008231509
5.225394e-15
0.008231509
4.660959e-15
0.008231509
3.968413e-15
0.008231509
3.929291e-15
3.032569e-15
0.008231517
0.008231517
0.008231517
0.008231517
0.008231517
0.008231509
-6.281941e-15
-2.257764e-13
0.008231509
3.882118e-15
-1.923618e-13
0.008231509
2.619419e-14
-1.236725e-13
0.008231509
5.309708e-14
-1.910938e-14
0.008231509
6.732401e-14
1.064674e-13
1.968976e-14
2.010546e-13
0.008231517
6.643804e-14
0.008231517
8.419988e-14
0.008231517
9.467147e-14
0.008231517
8.51645e-14
0.008231517
5.197126e-14
-2.455163e-14
0.008231517
-1.168421e-13
0.008231517
-1.022903e-13
0.008231517
-6.675274e-14
0.008231517
-1.049503e-14
0.008231517
5.69114e-14
9.74428e-14
0.008231509
-1.976297e-13
-2.860311e-14
0.008231509
-1.756497e-13
2.481492e-15
0.008231509
-1.314438e-13
4.635913e-14
0.008231509
-5.48449e-14
9.205512e-14
0.008231509
4.933589e-14
1.190649e-13
1.46341e-13
3.782116e-14
0.008231509
0.008231509
0.008231509
0.008231509
0.008231509
0.008231517
0.008231517
0.008231517
0.008231517
0.008231517
0.008231548
-8.149702e-12
-8.162339e-12
0.008231548
-1.111755e-11
-1.09327e-11
0.008231548
-8.755067e-12
-8.994169e-12
0.008231548
-4.149488e-12
-3.91773e-12
0.008231548
1.15705e-12
9.569848e-13
4.374252e-12
3.606253e-12
0.008231548
-4.612812e-12
0.008231548
4.342627e-12
0.008231548
1.263671e-11
0.008231548
1.763785e-11
0.008231548
1.754195e-11
1.214697e-11
0.008231548
-4.812257e-12
0.008231548
4.207883e-12
0.008231548
1.27167e-11
0.008231548
1.749126e-11
0.008231548
1.78022e-11
1.259447e-11
0.008231438
-6.731243e-12
0.008231438
-2.525912e-12
0.008231438
3.451942e-12
0.008231439
8.361927e-12
0.008231439
1.053424e-11
8.431219e-12
0.008231438
-6.519145e-12
0.008231438
-2.576007e-12
0.008231438
3.611019e-12
0.008231439
8.27674e-12
0.008231439
1.047408e-11
8.751718e-12
0.008231438
0.008231438
0.008231438
0.008231439
0.008231439
0.008231517
3.109363e-13
1.924153e-13
0.008231517
4.289549e-13
2.587334e-13
0.008231517
4.519115e-13
2.874575e-13
0.008231517
4.712274e-13
3.173089e-13
0.008231517
4.775026e-13
3.357328e-13
2.468634e-13
2.192028e-13
0.008231509
-1.664186e-14
0.008231509
-1.812112e-13
0.008231509
-3.64975e-13
0.008231509
-5.425335e-13
0.008231509
-7.270285e-13
-1.20389e-12
0.008231517
-1.427128e-13
0.008231517
-3.002175e-13
0.008231517
-4.632239e-13
0.008231517
-6.157299e-13
0.008231517
-7.783458e-13
-1.056876e-12
0.008231517
3.716795e-14
0.008231517
4.143434e-15
0.008231517
-7.380582e-14
0.008231517
-1.534423e-13
0.008231517
-2.327963e-13
-4.193372e-13
0.008231509
2.073897e-13
0.008231509
2.850809e-13
0.008231509
3.364828e-13
0.008231509
3.805734e-13
0.008231509
4.258578e-13
2.999205e-13
0.008231509
0.008231509
0.008231509
0.008231509
0.008231509
0.008231508
9.7463e-14
1.662482e-11
0.008231508
-5.50198e-13
1.671904e-11
0.008231508
7.367021e-13
2.503163e-11
0.008231508
3.53311e-12
5.518531e-11
-1.193957e-11
1.003631e-10
0.008231508
-3.058857e-12
0.008231508
-2.991282e-12
0.008231508
5.90459e-13
0.008231508
8.124815e-12
-1.968948e-11
0.008231516
1.386226e-11
2.535748e-13
0.008231516
1.413491e-11
-4.033744e-13
0.008231516
2.227745e-11
1.193389e-12
0.008231516
5.137557e-11
5.147044e-12
9.535465e-11
-1.220699e-11
0.008231516
0.008231516
0.008231516
0.008231516
0.008231516
-5.977559e-12
0.008231516
-5.722234e-12
0.008231516
-2.620392e-12
0.008231516
2.701137e-12
-2.443053e-11
0.008231508
0.008231508
0.008231508
0.008231508
0.008231517
3.928494e-14
-3.867006e-15
0.008231517
3.31499e-14
-4.872915e-15
0.008231517
2.714946e-14
-6.094082e-15
0.008231517
2.166328e-14
-6.256587e-15
0.008231517
1.696363e-14
-6.120022e-15
1.434984e-14
-7.593268e-15
0.008231439
-4.138522e-15
3.57665e-14
0.008231439
-5.122967e-15
3.054811e-14
0.008231439
-6.226998e-15
2.556048e-14
0.008231439
-6.339443e-15
2.068629e-14
0.008231439
-6.07555e-15
1.613566e-14
-7.276549e-15
1.3177e-14
0.008231439
-1.638127e-14
0.008231439
-1.683978e-14
0.008231439
-1.707434e-14
0.008231439
-1.651239e-14
0.008231439
-1.371086e-14
-1.383646e-14
0.008231439
0.008231439
0.008231439
0.008231439
0.008231439
0.008231517
-1.314587e-14
0.008231517
-1.456583e-14
0.008231517
-1.559078e-14
0.008231517
-1.556959e-14
0.008231517
-1.286035e-14
-1.238052e-14
0.008231517
0.008231517
0.008231517
0.008231517
0.008231517
0.008231509
1.169259e-13
-8.909445e-15
0.008231509
1.027295e-13
-9.800421e-15
0.008231509
9.090795e-14
-1.00501e-14
0.008231509
8.263026e-14
-8.050169e-15
0.008231509
7.766646e-14
-7.876784e-15
7.188097e-14
-2.019574e-14
0.008231517
9.957708e-14
-1.489792e-15
0.008231517
8.834498e-14
-7.181668e-15
0.008231517
8.289209e-14
-1.031398e-14
0.008231517
7.873197e-14
-1.024227e-14
0.008231517
7.485031e-14
-7.194773e-15
7.25941e-14
-2.766215e-14
0.008231517
0.008231517
0.008231517
0.008231517
0.008231517
0.008231509
-3.849899e-14
0.008231509
-3.849012e-14
0.008231509
-4.154202e-14
0.008231509
-4.343285e-14
0.008231509
-4.115787e-14
-4.967349e-14
0.008231509
6.323425e-14
0.008231509
5.540025e-14
0.008231509
4.923259e-14
0.008231509
4.513933e-14
0.008231509
4.463431e-14
4.151486e-14
0.008231517
0.008231517
0.008231517
0.008231517
0.008231517
0.008231509
5.635781e-15
5.746799e-15
0.008231509
6.331348e-15
6.465258e-15
0.008231509
6.080499e-15
6.636043e-15
0.008231509
6.00926e-15
7.093778e-15
0.008231509
6.082743e-15
7.614316e-15
5.546687e-15
6.405405e-15
0.008231509
2.115162e-15
0.008231509
2.183789e-15
0.008231509
1.949038e-15
0.008231509
1.732919e-15
0.008231509
1.457723e-15
-1.855931e-16
0.008231517
5.656016e-15
5.618867e-15
0.008231517
5.943701e-15
5.566377e-15
0.008231517
5.69158e-15
5.628465e-15
0.008231517
5.496176e-15
6.057782e-15
0.008231517
5.415005e-15
6.752577e-15
3.89665e-15
4.883158e-15
0.008231517
1.946169e-15
0.008231517
1.683743e-15
0.008231517
1.315093e-15
0.008231517
1.195948e-15
0.008231517
1.26234e-15
-4.949033e-17
0.008231509
0.008231509
0.008231509
0.008231509
0.008231509
0.008231517
0.008231517
0.008231517
0.008231517
0.008231517
0.008231439
2.219527e-15
3.169355e-15
0.008231439
1.902047e-15
3.343463e-15
0.008231439
1.767555e-15
3.050588e-15
0.008231439
2.146112e-15
3.350803e-15
0.008231439
2.586026e-15
4.05956e-15
1.955821e-15
2.543665e-15
0.008231439
-6.045666e-15
0.008231439
-5.913261e-15
0.008231439
-6.059403e-15
0.008231439
-6.270192e-15
0.008231439
-6.929705e-15
-9.504674e-15
0.008231439
-1.996227e-15
0.008231439
-1.765092e-15
0.008231439
-1.971436e-15
0.008231439
-2.120656e-15
0.008231439
-2.177189e-15
-3.711103e-15
0.008231517
-4.98688e-15
0.008231517
-5.515627e-15
0.008231517
-5.937009e-15
0.008231517
-6.181049e-15
0.008231517
-6.644967e-15
-1.093611e-14
0.008231517
3.997185e-15
0.008231517
3.611294e-15
0.008231517
3.418619e-15
0.008231517
3.444801e-15
0.008231517
3.969293e-15
2.915187e-15
0.008231517
0.008231517
0.008231517
0.008231517
0.008231517
0.008231517
1.898905e-15
1.595009e-15
0.008231517
1.728351e-15
1.376947e-15
0.008231517
1.400651e-15
1.13765e-15
0.008231517
1.467767e-15
1.34549e-15
0.008231517
1.688168e-15
1.815469e-15
1.005765e-15
1.559067e-15
0.008231517
-1.905785e-15
0.008231517
-2.45167e-15
0.008231517
-2.772919e-15
0.008231517
-2.9065e-15
0.008231517
-3.11157e-15
-5.079953e-15
0.008231517
-1.812657e-15
0.008231517
-2.30929e-15
0.008231517
-2.676172e-15
0.008231517
-2.930016e-15
0.008231517
-3.342314e-15
-5.433923e-15
0.008231509
-4.142533e-16
0.008231509
-6.375794e-16
0.008231509
-9.863905e-16
0.008231509
-1.134204e-15
0.008231509
-8.028218e-16
-2.117085e-15
0.008231509
-2.301053e-16
0.008231509
-4.641769e-16
0.008231509
-8.1588e-16
0.008231509
-9.470951e-16
0.008231509
-6.729383e-16
-2.299515e-15
0.008231509
0.008231509
0.008231509
0.008231509
0.008231509
0.008231517
2.90238e-12
2.3795e-12
0.008231517
2.095133e-12
2.054239e-12
0.008231517
2.442405e-12
1.728406e-12
0.008231517
1.258594e-12
1.692256e-12
0.008231517
2.864278e-12
3.940704e-12
3.195276e-13
8.345701e-12
0.008231517
2.42818e-12
2.947581e-12
0.008231517
2.086356e-12
2.135079e-12
0.008231517
1.746003e-12
2.462546e-12
0.008231517
1.700305e-12
1.266758e-12
0.008231517
3.941562e-12
2.868426e-12
8.336243e-12
3.209896e-13
0.008231517
3.039019e-12
3.035562e-12
0.008231517
2.272134e-12
2.280001e-12
0.008231517
2.255465e-12
2.258035e-12
0.008231517
1.650148e-12
1.650239e-12
0.008231517
3.70738e-12
3.710637e-12
3.876985e-12
3.887867e-12
0.008231517
0.008231517
0.008231517
0.008231517
0.008231517
0.008231517
0.008231517
0.008231517
0.008231517
0.008231517
0.008231517
0.008231517
0.008231517
0.008231517
0.008231517
0.008231509
8.710746e-12
9.541854e-12
0.008231509
7.066994e-12
5.809523e-12
0.008231509
5.235548e-12
5.714976e-12
0.008231509
3.769677e-12
2.602058e-12
0.008231509
5.954682e-12
4.295623e-12
1.120131e-11
5.067235e-13
0.008231509
8.537346e-12
9.402747e-12
0.008231509
6.953408e-12
5.692345e-12
0.008231509
5.173049e-12
5.656766e-12
0.008231509
3.739263e-12
2.578565e-12
0.008231509
5.944587e-12
4.285108e-12
1.121248e-11
5.019176e-13
0.008231517
1.032483e-11
1.035912e-11
0.008231517
6.905557e-12
6.901964e-12
0.008231517
5.608696e-12
5.613037e-12
0.008231517
3.385201e-12
3.392138e-12
0.008231517
5.476649e-12
5.47618e-12
5.257576e-12
5.241588e-12
0.008231509
0.008231509
0.008231509
0.008231509
0.008231509
0.008231517
0.008231517
0.008231517
0.008231517
0.008231517
0.008231517
0.008231517
0.008231517
0.008231517
0.008231517
0.008231509
1.944225e-15
3.092694e-15
0.008231509
1.967533e-15
3.499425e-15
0.008231509
1.746519e-15
2.669184e-15
0.008231509
1.702667e-15
2.043925e-15
0.008231509
1.635845e-15
1.702979e-15
1.275009e-15
2.528934e-16
0.008231509
-4.987141e-15
0.008231509
-5.40404e-15
0.008231509
-5.988793e-15
0.008231509
-6.311907e-15
0.008231509
-6.326245e-15
-7.411314e-15
0.008231509
-4.205095e-15
0.008231509
-4.909348e-15
0.008231509
-5.856681e-15
0.008231509
-6.382967e-15
0.008231509
-6.209997e-15
-8.081233e-15
0.008231517
-1.687688e-15
0.008231517
-1.529449e-15
0.008231517
-2.050836e-15
0.008231517
-2.492685e-15
0.008231517
-2.493072e-15
-3.405246e-15
0.008231517
3.692821e-15
0.008231517
3.624248e-15
0.008231517
3.125674e-15
0.008231517
2.767504e-15
0.008231517
2.682933e-15
1.699819e-15
0.008231517
0.008231517
0.008231517
0.008231517
0.008231517
0.008231517
-1.733948e-12
-4.551376e-12
0.008231517
-7.558513e-12
-1.390771e-11
0.008231517
-1.299399e-11
-2.085899e-11
0.008231517
-1.58773e-11
-2.166819e-11
0.008231517
-1.428335e-11
-1.381039e-11
-6.324343e-12
-8.093258e-13
0.008231517
-5.076423e-12
-6.759929e-12
0.008231517
-1.144505e-11
-1.310693e-11
0.008231517
-1.786157e-11
-1.758482e-11
0.008231517
-2.03369e-11
-1.771468e-11
0.008231517
-1.618194e-11
-1.168902e-11
-6.437414e-12
-4.72682e-13
0.008231517
3.871429e-13
0.008231517
-2.89662e-12
0.008231517
-3.328459e-12
0.008231517
-1.185223e-12
0.008231517
3.016829e-12
6.160273e-12
0.008231517
-4.888105e-12
0.008231517
-5.114511e-12
0.008231517
-4.25983e-12
0.008231517
-1.98344e-12
0.008231517
1.949081e-12
5.319438e-12
0.008231517
0.008231517
0.008231517
0.008231517
0.008231517
0.008231517
0.008231517
0.008231517
0.008231517
0.008231517
0.008231509
-5.815669e-12
-3.51769e-12
0.008231509
-9.239456e-12
-8.118548e-12
0.008231509
-1.234278e-11
-9.650554e-12
0.008231509
-1.10291e-11
-1.319812e-11
0.008231509
1.958974e-13
-2.623725e-12
1.617881e-11
-8.133521e-12
0.008231509
-5.840993e-12
-3.532869e-12
0.008231509
-9.25575e-12
-8.132452e-12
0.008231509
-1.235088e-11
-9.660366e-12
0.008231509
-1.103629e-11
-1.320878e-11
0.008231509
1.552309e-13
-2.616444e-12
1.598848e-11
-7.857758e-12
0.008231509
0.008231509
0.008231509
0.008231509
0.008231509
0.008231517
-4.315113e-12
-4.325273e-12
0.008231517
-8.532447e-12
-8.534811e-12
0.008231517
-1.060244e-11
-1.060069e-11
0.008231517
-1.194023e-11
-1.193672e-11
0.008231517
-8.551871e-13
-9.031052e-13
-3.834024e-14
-5.044735e-13
0.008231517
0.008231517
0.008231517
0.008231517
0.008231517
0.008231517
0.008231517
0.008231517
0.008231517
0.008231517
0.008231509
2.535022e-16
1.559744e-15
0.008231509
3.196734e-16
1.852764e-15
0.008231509
4.977376e-17
1.431871e-15
0.008231509
-3.45535e-16
6.377548e-16
-4.810766e-16
-1.54063e-16
0.008231517
2.255624e-16
1.773584e-15
0.008231517
3.110787e-16
2.022921e-15
0.008231517
7.633641e-17
1.557305e-15
0.008231517
-2.693704e-16
6.300386e-16
-4.287391e-16
-3.609765e-16
0.008231517
-2.263413e-16
0.008231517
-6.44682e-16
0.008231517
-1.114754e-15
0.008231517
-1.203638e-15
-7.288395e-16
0.008231509
-4.216238e-16
0.008231509
-8.033321e-16
0.008231509
-1.222367e-15
0.008231509
-1.21079e-15
-5.270208e-16
0.008231517
0.008231517
0.008231517
0.008231517
0.008231509
0.008231509
0.008231509
0.008231509
0.008231517
4.153165e-15
4.318931e-15
0.008231517
4.045415e-15
4.362831e-15
0.008231517
3.61834e-15
4.02669e-15
0.008231517
3.304953e-15
3.721486e-15
0.008231517
2.96935e-15
3.349241e-15
2.196739e-15
2.538811e-15
0.008231517
8.898183e-16
0.008231517
8.391926e-16
0.008231517
5.559974e-16
0.008231517
2.334324e-16
0.008231517
-1.247682e-16
-8.930778e-16
0.008231517
9.749729e-16
0.008231517
6.983591e-16
0.008231517
3.784105e-16
0.008231517
9.56843e-17
0.008231517
-2.187646e-16
-1.189542e-15
0.008231517
4.096891e-15
4.28817e-15
0.008231517
3.740288e-15
3.897972e-15
0.008231517
3.362331e-15
3.597453e-15
0.008231517
3.03941e-15
3.291102e-15
0.008231517
2.773792e-15
3.027037e-15
2.084962e-15
2.116506e-15
0.008231517
0.008231517
0.008231517
0.008231517
0.008231517
0.008231517
0.008231517
0.008231517
0.008231517
0.008231517
0.008231509
1.815722e-14
2.159853e-14
0.008231509
3.05665e-14
2.744298e-14
0.008231509
3.76841e-14
2.899022e-14
0.008231509
3.772306e-14
2.590937e-14
0.008231509
2.890793e-14
1.632656e-14
1.644952e-14
9.447081e-16
0.008231509
8.658638e-15
0.008231509
8.894276e-15
0.008231509
6.30525e-15
0.008231509
1.155237e-15
0.008231509
-6.006133e-15
-1.061846e-14
0.008231509
1.048653e-14
0.008231509
1.156966e-14
0.008231509
8.644402e-15
0.008231509
1.947676e-15
0.008231509
-6.478856e-15
-1.161515e-14
0.008231517
2.124495e-14
1.598157e-14
0.008231517
2.684371e-14
2.735955e-14
0.008231517
2.809535e-14
3.444468e-14
0.008231517
2.422267e-14
3.527557e-14
0.008231517
1.4443e-14
2.75811e-14
-1.112231e-16
1.641037e-14
0.008231517
0.008231517
0.008231517
0.008231517
0.008231517
0.008231517
0.008231517
0.008231517
0.008231517
0.008231517
0.008231517
1.892484e-15
1.984203e-15
0.008231517
8.553111e-16
9.736315e-16
0.008231517
1.347485e-16
2.44075e-16
0.008231517
5.503811e-16
6.617634e-16
7.63499e-16
9.078723e-16
0.008231517
-5.415148e-15
0.008231517
-5.177524e-15
0.008231517
-4.419328e-15
0.008231517
-3.369239e-15
-4.108206e-15
0.008231517
-1.744716e-15
0.008231517
-2.211904e-15
0.008231517
-2.060869e-15
0.008231517
-1.199209e-15
-1.735853e-15
0.008231509
-5.391397e-15
0.008231509
-5.222021e-15
0.008231509
-4.431988e-15
0.008231509
-3.369677e-15
-4.022984e-15
0.008231509
-1.863016e-15
0.008231509
-2.300343e-15
0.008231509
-2.164683e-15
0.008231509
-1.276278e-15
-1.925639e-15
0.008231509
0.008231509
0.008231509
0.008231509
0.008231517
-6.558757e-13
-2.064959e-13
0.008231517
-7.776656e-13
-1.902237e-13
0.008231517
-8.003416e-13
-6.111989e-14
0.008231517
-6.620732e-13
1.46859e-13
0.008231517
-3.166056e-13
3.908097e-13
1.995578e-13
3.173466e-13
0.008231517
-8.128282e-13
-8.69151e-14
0.008231517
-9.353817e-13
-1.046013e-13
0.008231517
-8.90033e-13
-4.922491e-14
0.008231517
-6.345362e-13
6.541761e-14
0.008231517
-1.473657e-13
1.952913e-13
4.566896e-13
1.563544e-13
0.008231517
0.008231517
0.008231517
0.008231517
0.008231517
0.008231517
1.650759e-13
0.008231517
2.746261e-13
0.008231517
3.941933e-13
0.008231517
4.643038e-13
0.008231517
4.495922e-13
2.122156e-13
0.008231517
-4.415723e-13
0.008231517
-5.17956e-13
0.008231517
-4.957754e-13
0.008231517
-3.553365e-13
0.008231517
-8.48165e-14
2.05902e-13
0.008231517
0.008231517
0.008231517
0.008231517
0.008231517
0.008231509
1.88958e-14
3.051701e-14
0.008231509
1.568808e-14
2.485877e-14
0.008231509
1.450347e-14
1.936555e-14
0.008231509
1.531916e-14
1.886325e-14
0.008231509
1.657804e-14
2.108295e-14
1.327529e-14
1.18168e-14
0.008231517
-1.701297e-14
0.008231517
-2.65841e-14
0.008231517
-3.296536e-14
0.008231517
-3.735814e-14
0.008231517
-4.213044e-14
-5.738774e-14
0.008231517
-1.024776e-15
0.008231517
-5.187936e-15
0.008231517
-9.925663e-15
0.008231517
-1.274693e-14
0.008231517
-1.362498e-14
-2.26645e-14
0.008231509
-1.23766e-14
0.008231509
-2.31154e-14
0.008231509
-2.989234e-14
0.008231509
-3.506324e-14
0.008231509
-3.825565e-14
-6.125923e-14
0.008231517
1.72919e-14
0.008231517
1.786106e-14
0.008231517
1.787079e-14
0.008231517
1.862613e-14
0.008231517
2.203301e-14
1.733191e-14
0.008231509
0.008231509
0.008231509
0.008231509
0.008231509
0.008231509
1.458403e-13
2.054947e-13
0.008231509
1.421864e-13
2.232251e-13
0.008231509
1.535209e-13
2.210741e-13
0.008231509
1.801549e-13
2.425719e-13
0.008231509
2.030046e-13
2.648617e-13
1.420783e-13
1.297246e-13
0.008231509
-3.60395e-13
0.008231509
-3.742099e-13
0.008231509
-4.067251e-13
0.008231509
-4.494244e-13
0.008231509
-5.190353e-13
-6.858909e-13
0.008231517
-1.202357e-13
0.008231517
-1.082868e-13
0.008231517
-1.255954e-13
0.008231517
-1.457214e-13
0.008231517
-1.712352e-13
-2.824027e-13
0.008231509
-3.003274e-13
0.008231509
-3.31491e-13
0.008231509
-3.677588e-13
0.008231509
-4.125489e-13
0.008231509
-4.814621e-13
-7.664608e-13
0.008231517
2.399459e-13
0.008231517
2.320018e-13
0.008231517
2.321104e-13
0.008231517
2.449942e-13
0.008231517
2.706402e-13
1.894729e-13
0.008231517
0.008231517
0.008231517
0.008231517
0.008231517
0.008231517
9.218492e-15
1.003193e-14
0.008231517
6.311987e-15
6.478525e-15
0.008231517
2.775505e-15
2.681351e-15
0.008231517
4.930891e-16
5.145159e-16
0.008231517
-3.98778e-16
-2.534156e-16
-8.43558e-16
-1.879314e-15
0.008231517
-2.727162e-14
0.008231517
-2.710638e-14
0.008231517
-2.63093e-14
0.008231517
-2.383621e-14
0.008231517
-1.967666e-14
-2.100586e-14
0.008231517
-2.824431e-14
0.008231517
-2.724358e-14
0.008231517
-2.627668e-14
0.008231517
-2.393316e-14
0.008231517
-1.967704e-14
-2.027218e-14
0.008231517
-9.725256e-15
0.008231517
-1.144454e-14
0.008231517
-1.296459e-14
0.008231517
-1.29274e-14
0.008231517
-9.586675e-15
-1.066856e-14
0.008231517
-9.639765e-15
0.008231517
-1.152405e-14
0.008231517
-1.290842e-14
0.008231517
-1.286267e-14
0.008231517
-9.729861e-15
-1.037521e-14
0.008231517
0.008231517
0.008231517
0.008231517
0.008231517
0.008231548
7.190026e-15
7.367586e-15
0.008231548
6.771532e-15
6.811492e-15
0.008231548
3.903347e-15
4.106242e-15
0.008231548
3.101028e-16
1.268946e-15
0.008231548
-3.491682e-15
-1.272016e-15
-6.091335e-15
-2.066572e-15
0.008231548
-1.642282e-14
0.008231548
-1.817035e-14
0.008231548
-2.004154e-14
0.008231548
-1.993189e-14
0.008231548
-1.683006e-14
-1.272042e-14
0.008231548
-1.691904e-14
0.008231548
-1.838595e-14
0.008231548
-2.047324e-14
0.008231548
-2.108994e-14
0.008231548
-1.858024e-14
-1.40473e-14
0.008231517
-4.631465e-15
0.008231517
-6.267867e-15
0.008231517
-9.038038e-15
0.008231517
-1.089425e-14
0.008231517
-1.034474e-14
-9.015376e-15
0.008231517
-4.931607e-15
0.008231517
-6.461577e-15
0.008231517
-9.255326e-15
0.008231517
-1.104335e-14
0.008231517
-9.878361e-15
-6.331476e-15
0.008231517
0.008231517
0.008231517
0.008231517
0.008231517
0.008231509
-7.820149e-15
-6.939733e-15
0.008231509
-3.617842e-15
-2.95328e-15
0.008231509
-6.989358e-16
-5.449908e-16
0.008231509
2.03504e-15
8.492664e-16
4.871349e-15
5.654787e-16
0.008231509
-2.703498e-15
0.008231509
4.039157e-16
0.008231509
1.576961e-15
0.008231509
2.052148e-15
2.074351e-15
0.008231517
-6.743786e-15
-5.519333e-15
0.008231517
-2.547526e-15
-1.368501e-15
0.008231517
-5.532658e-16
4.481464e-17
0.008231517
1.286819e-15
7.033333e-16
3.484886e-15
-7.931733e-16
0.008231509
-2.389084e-15
0.008231509
8.932591e-16
0.008231509
2.042207e-15
0.008231509
2.661099e-15
2.069725e-15
0.008231517
0.008231517
0.008231517
0.008231517
0.008231517
0.008231517
0.008231517
0.008231517
0.008231517
2.696256e-14
7.466635e-14
0.008231517
4.231412e-14
7.761757e-14
0.008231517
3.840739e-14
5.655448e-14
0.008231517
2.425886e-14
2.541595e-14
0.008231517
5.603966e-15
-7.35156e-15
-9.394011e-15
-2.945499e-14
0.008231517
-2.079386e-14
0.008231517
-6.058289e-14
0.008231517
-9.281757e-14
0.008231517
-1.077435e-13
0.008231517
-1.020762e-13
-7.499089e-14
0.008231517
2.168168e-14
0.008231517
1.255835e-15
0.008231517
-2.32044e-14
0.008231517
-4.231005e-14
0.008231517
-5.131653e-14
-4.63678e-14
0.008231517
1.531552e-15
0.008231517
-4.052805e-14
0.008231517
-8.58937e-14
0.008231517
-1.147188e-13
0.008231517
-1.189085e-13
-9.361146e-14
0.008231517
4.832056e-14
0.008231517
5.407374e-14
0.008231517
4.827277e-14
0.008231517
3.642974e-14
0.008231517
2.143765e-14
7.646691e-15
0.008231517
0.008231517
0.008231517
0.008231517
0.008231517
0.008231517
-7.875779e-12
-3.305942e-12
0.008231517
-6.548329e-12
-4.583822e-12
0.008231517
-3.277236e-12
-2.629271e-12
0.008231517
9.319121e-14
1.757358e-13
0.008231517
2.521377e-12
2.412959e-12
3.213298e-12
3.070283e-12
0.008231517
7.202563e-12
0.008231517
1.04017e-11
0.008231517
1.293787e-11
0.008231517
1.305606e-11
0.008231517
1.075199e-11
6.251882e-12
0.008231517
6.592621e-12
0.008231517
1.050634e-11
0.008231517
1.32898e-11
0.008231517
1.33917e-11
0.008231517
1.098502e-11
6.379165e-12
0.008231548
2.175821e-12
0.008231548
4.095288e-12
0.008231548
6.436505e-12
0.008231548
7.477955e-12
0.008231548
6.988775e-12
4.538055e-12
0.008231548
-1.784083e-12
0.008231548
2.026177e-12
0.008231548
5.43661e-12
0.008231548
7.059784e-12
0.008231548
6.864186e-12
4.553807e-12
0.008231548
0.008231548
0.008231548
0.008231548
0.008231548
0.008231517
-1.298787e-13
-1.204404e-13
0.008231517
-1.167028e-13
-1.038506e-13
0.008231517
-7.322491e-14
-5.753694e-14
0.008231517
3.534304e-15
1.932672e-14
0.008231517
1.00617e-13
1.171514e-13
1.457365e-13
1.645896e-13
0.008231517
1.751114e-13
0.008231517
2.249167e-13
0.008231517
2.759949e-13
0.008231517
2.930845e-13
0.008231517
2.492436e-13
6.189439e-14
0.008231517
1.781142e-13
0.008231517
2.192844e-13
0.008231517
2.658496e-13
0.008231517
2.815999e-13
0.008231517
2.360317e-13
4.539361e-14
0.008231509
3.494002e-14
0.008231509
7.868465e-14
0.008231509
1.294576e-13
0.008231509
1.70856e-13
0.008231509
1.945069e-13
9.512725e-14
0.008231509
2.248168e-14
0.008231509
7.149149e-14
0.008231509
1.239498e-13
0.008231509
1.665611e-13
0.008231509
1.911668e-13
9.271072e-14
0.008231509
0.008231509
0.008231509
0.008231509
0.008231509
0.008231517
1.643609e-14
-1.066874e-11
0.008231517
-4.697234e-12
-2.411956e-11
0.008231517
-2.517076e-12
-5.68343e-11
0.008231517
-1.768749e-11
-7.870313e-11
0.008231517
-6.158361e-12
-1.308896e-10
-5.562551e-11
-4.94292e-11
0.008231439
-1.12139e-12
0.008231439
-2.18624e-12
0.008231439
2.175923e-12
0.008231439
6.3521e-12
0.008231439
3.127182e-11
6.565412e-11
0.008231517
-8.44403e-12
-1.483053e-12
0.008231517
-1.700046e-11
-1.158119e-11
0.008231517
-4.455503e-11
-1.176337e-11
0.008231517
-5.875524e-11
-3.670032e-11
0.008231517
-1.128765e-10
-1.55732e-11
-3.423717e-11
-4.059266e-11
0.008231439
-2.602769e-12
0.008231439
-1.181671e-11
0.008231439
-2.370139e-11
0.008231439
-4.531262e-11
0.008231439
-5.869958e-11
-6.581342e-11
0.008231517
0.008231517
0.008231517
0.008231517
0.008231517
0.008231439
0.008231439
0.008231439
0.008231439
0.008231439
0.008231438
-1.335466e-12
-1.295425e-12
0.008231438
-7.568508e-12
-7.484559e-12
0.008231438
-1.004195e-11
-1.010575e-11
0.008231438
-8.474422e-12
-8.203249e-12
0.008231439
-4.046107e-12
-3.453799e-12
1.039767e-12
7.07724e-13
0.008231438
-1.118627e-11
0.008231438
-6.542981e-12
0.008231438
1.107894e-12
0.008231438
9.268044e-12
0.008231439
1.423228e-11
1.330882e-11
0.008231438
-1.153786e-11
0.008231438
-6.648062e-12
0.008231438
1.045751e-12
0.008231438
8.884785e-12
0.008231439
1.385604e-11
1.356831e-11
0.008231548
-6.951773e-12
0.008231548
-7.372859e-12
0.008231548
-3.548088e-12
0.008231548
2.040192e-12
0.008231548
6.925243e-12
8.318206e-12
0.008231548
-6.640199e-12
0.008231548
-7.35173e-12
0.008231548
-3.422118e-12
0.008231548
2.152271e-12
0.008231548
6.709163e-12
8.390766e-12
0.008231548
0.008231548
0.008231548
0.008231548
0.008231548
0.008231509
3.456472e-15
3.531368e-15
0.008231509
2.415204e-15
2.611237e-15
0.008231509
1.290355e-15
1.63863e-15
0.008231509
1.098706e-15
1.612147e-15
1.342774e-15
1.883163e-15
0.008231509
1.102181e-15
0.008231509
9.483369e-17
0.008231509
-2.451328e-16
0.008231509
1.219619e-17
-8.739357e-17
0.008231517
3.212053e-15
3.185288e-15
0.008231517
1.915763e-15
2.058406e-15
0.008231517
1.174757e-15
1.397323e-15
0.008231517
1.195274e-15
1.720153e-15
1.084588e-15
1.752966e-15
0.008231509
1.001943e-15
0.008231509
8.380874e-18
0.008231509
-4.153987e-16
0.008231509
-1.034414e-17
3.768572e-17
0.008231517
0.008231517
0.008231517
0.008231517
0.008231517
0.008231517
0.008231517
0.008231517
0.008231517
-1.768347e-14
-1.829075e-14
0.008231517
-1.037903e-14
-1.234375e-14
0.008231517
3.116683e-15
-5.185e-16
0.008231517
2.010115e-14
1.637391e-14
0.008231517
3.520147e-14
3.249092e-14
3.259186e-14
3.18561e-14
0.008231439
2.798442e-14
0.008231439
3.493456e-14
0.008231439
3.923628e-14
0.008231439
3.408381e-14
0.008231439
1.540961e-14
-2.917112e-14
0.008231439
3.684211e-15
0.008231439
1.514278e-14
0.008231439
2.382831e-14
0.008231439
2.726563e-14
0.008231439
2.457141e-14
-3.92178e-15
0.008231517
2.687506e-14
0.008231517
3.626927e-14
0.008231517
4.205059e-14
0.008231517
3.668451e-14
0.008231517
1.722716e-14
-2.780582e-14
0.008231517
5.464907e-15
0.008231517
1.577199e-14
0.008231517
2.469822e-14
0.008231517
2.848065e-14
0.008231517
2.548131e-14
-4.544429e-15
0.008231439
0.008231439
0.008231439
0.008231439
0.008231439
0.008231548
1.240946e-15
1.80113e-15
0.008231548
8.628945e-16
1.840564e-15
0.008231548
8.562024e-16
1.721962e-15
0.008231548
1.397454e-15
2.355329e-15
0.008231548
2.067757e-15
3.377611e-15
1.719932e-15
2.437271e-15
0.008231548
-4.029393e-15
0.008231548
-3.61212e-15
0.008231548
-3.414246e-15
0.008231548
-3.413119e-15
0.008231548
-4.017444e-15
-6.430789e-15
0.008231548
-1.441846e-15
0.008231548
-1.130839e-15
0.008231548
-1.111521e-15
0.008231548
-1.040816e-15
0.008231548
-9.864998e-16
-2.338396e-15
0.008231439
-3.50744e-15
0.008231439
-3.561649e-15
0.008231439
-3.396102e-15
0.008231439
-3.215101e-15
0.008231439
-3.540934e-15
-7.327908e-15
0.008231439
2.562259e-15
0.008231439
2.147731e-15
0.008231439
2.011328e-15
0.008231439
2.218899e-15
0.008231439
2.857199e-15
2.213731e-15
0.008231439
0.008231439
0.008231439
0.008231439
0.008231439
0.008231509
2.798093e-13
2.719642e-13
0.008231509
3.185834e-13
3.076579e-13
0.008231509
3.659695e-13
3.447406e-13
0.008231509
4.284745e-13
4.070452e-13
0.008231509
4.871421e-13
4.824513e-13
4.20907e-13
4.572312e-13
0.008231509
2.004177e-13
0.008231509
1.576822e-13
0.008231509
1.355886e-13
0.008231509
1.330741e-13
0.008231509
1.292913e-13
-6.215299e-15
0.008231517
1.69372e-13
1.605266e-13
0.008231517
2.347275e-13
2.282231e-13
0.008231517
2.999654e-13
2.856197e-13
0.008231517
3.755073e-13
3.557315e-13
0.008231517
4.472593e-13
4.385666e-13
3.235108e-13
3.598093e-13
0.008231509
1.993889e-13
0.008231509
1.620428e-13
0.008231509
1.424616e-13
0.008231509
1.347327e-13
0.008231509
1.252561e-13
-6.286308e-15
0.008231517
0.008231517
0.008231517
0.008231517
0.008231517
0.008231517
0.008231517
0.008231517
0.008231517
0.008231517
0.008231547
-1.774583e-12
2.336678e-11
0.008231547
5.357929e-13
2.502391e-11
0.008231547
-2.153028e-13
2.76894e-11
0.008231547
-2.317099e-12
2.806647e-11
-7.410769e-12
1.703425e-11
0.008231547
-6.553185e-12
0.008231547
-7.434491e-12
0.008231547
-9.046383e-12
0.008231547
-1.219616e-11
-1.875276e-11
0.008231438
1.983995e-11
4.674783e-13
0.008231438
2.080045e-11
2.664007e-12
0.008231438
2.40574e-11
1.843591e-12
0.008231438
2.757911e-11
-1.522835e-12
0.008231438
2.572988e-11
-7.818188e-12
1.103477e-11
-7.936159e-12
0.008231547
0.008231547
0.008231547
0.008231547
0.008231547
0.008231438
1.232208e-11
0.008231438
1.378612e-11
0.008231438
1.473723e-11
0.008231438
1.347776e-11
0.008231438
9.649678e-12
1.564219e-12
0.008231438
0.008231438
0.008231438
0.008231438
0.008231438
0.008231517
1.5896e-14
1.68156e-14
0.008231517
7.4259e-15
8.865053e-15
0.008231517
-3.109732e-15
-2.859943e-15
0.008231517
-1.188869e-14
-1.416824e-14
0.008231517
-1.626018e-14
-1.935542e-14
-1.274654e-14
-1.425292e-14
0.008231517
1.618522e-15
0.008231517
-4.41844e-15
0.008231517
-9.741568e-15
0.008231517
-1.099478e-14
0.008231517
-7.196917e-15
1.388188e-15
0.008231439
1.683623e-14
1.766349e-14
0.008231439
6.541073e-15
8.354454e-15
0.008231439
-3.896121e-15
-2.159781e-15
0.008231439
-1.124405e-14
-1.218502e-14
0.008231439
-1.39294e-14
-1.704159e-14
-8.70663e-15
-1.085155e-14
0.008231517
1.522585e-15
0.008231517
-4.061794e-15
0.008231517
-8.246372e-15
0.008231517
-9.670545e-15
0.008231517
-7.20277e-15
7.713689e-16
0.008231439
0.008231439
0.008231439
0.008231439
0.008231439
0.008231439
0.008231439
0.008231439
0.008231439
0.008231439
0.008231517
1.265365e-14
1.443118e-14
0.008231517
1.122486e-14
1.231459e-14
0.008231517
9.282039e-15
9.456855e-15
0.008231517
8.086543e-15
8.140478e-15
0.008231517
7.425681e-15
7.963572e-15
2.386187e-15
3.406342e-15
0.008231509
-3.352901e-14
0.008231509
-3.374735e-14
0.008231509
-3.480321e-14
0.008231509
-3.490369e-14
0.008231509
-3.452415e-14
-4.36321e-14
0.008231509
-1.021486e-14
0.008231509
-1.236678e-14
0.008231509
-1.461432e-14
0.008231509
-1.530753e-14
0.008231509
-1.280828e-14
-1.893351e-14
0.008231517
-3.451082e-14
0.008231517
-3.400021e-14
0.008231517
-3.451784e-14
0.008231517
-3.456555e-14
0.008231517
-3.386908e-14
-4.109461e-14
0.008231517
-1.104021e-14
0.008231517
-1.320041e-14
0.008231517
-1.504545e-14
0.008231517
-1.570799e-14
0.008231517
-1.404104e-14
-2.252104e-14
0.008231509
0.008231509
0.008231509
0.008231509
0.008231509
0.008231438
3.26149e-11
1.03909e-11
0.008231438
7.27093e-12
5.78658e-13
0.008231438
2.735958e-12
-8.189466e-12
0.008231438
-1.895355e-11
-1.471557e-11
0.008231438
5.939746e-12
-1.730425e-12
-3.769046e-12
2.879928e-11
0.008231438
9.555489e-12
3.26009e-11
0.008231438
1.462644e-13
7.280304e-12
0.008231438
-8.414852e-12
2.738095e-12
0.008231438
-1.485486e-11
-1.896592e-11
0.008231438
-1.95192e-12
5.99638e-12
2.807814e-11
-2.847183e-12
0.008231547
2.42327e-11
2.505408e-11
0.008231547
5.318411e-12
5.760143e-12
0.008231547
-2.935059e-12
-2.707566e-12
0.008231547
-1.78856e-11
-1.775867e-11
0.008231547
2.72858e-12
3.006737e-12
7.695539e-12
9.33854e-12
0.008231547
0.008231547
0.008231547
0.008231547
0.008231547
0.008231438
0.008231438
0.008231438
0.008231438
0.008231438
0.008231547
0.008231547
0.008231547
0.008231547
0.008231547
0.008231439
3.255499e-13
3.106954e-13
0.008231439
3.050023e-13
2.841359e-13
0.008231439
3.137718e-13
2.904737e-13
0.008231439
3.538404e-13
3.268969e-13
0.008231439
4.100462e-13
3.752457e-13
3.732886e-13
3.315004e-13
0.008231517
2.991545e-13
3.253676e-13
0.008231517
2.743901e-13
3.0947e-13
0.008231517
2.834242e-13
3.202079e-13
0.008231517
3.203669e-13
3.62292e-13
0.008231517
3.685342e-13
4.199933e-13
3.223426e-13
3.696306e-13
0.008231439
2.950939e-13
3.06542e-13
0.008231439
2.781057e-13
2.923601e-13
0.008231439
2.933911e-13
3.069182e-13
0.008231439
3.34673e-13
3.496514e-13
0.008231439
3.875726e-13
4.042217e-13
3.367698e-13
3.422463e-13
0.008231439
0.008231439
0.008231439
0.008231439
0.008231439
0.008231517
0.008231517
0.008231517
0.008231517
0.008231517
0.008231517
0.008231517
0.008231517
0.008231517
0.008231517
0.008231517
-3.394685e-14
5.71356e-14
0.008231517
7.002527e-14
1.317016e-13
0.008231517
1.580679e-13
2.078083e-13
0.008231517
2.52812e-13
2.930895e-13
0.008231517
3.3128e-13
3.659916e-13
2.484025e-13
2.765597e-13
0.008231517
2.858098e-13
0.008231517
2.289792e-13
0.008231517
1.494219e-13
0.008231517
2.366663e-14
0.008231517
-1.715492e-13
-5.513799e-13
0.008231509
3.104721e-13
0.008231509
2.248151e-13
0.008231509
1.325391e-13
0.008231509
4.380261e-15
0.008231509
-1.899126e-13
-5.656462e-13
0.008231509
9.182338e-14
0.008231509
1.380312e-13
0.008231509
1.40336e-13
0.008231509
1.112317e-13
0.008231509
5.217738e-14
-2.338581e-13
0.008231517
2.075422e-13
0.008231517
1.955088e-13
0.008231517
1.731579e-13
0.008231517
1.322076e-13
0.008231517
6.848595e-14
-2.200227e-13
0.008231509
0.008231509
0.008231509
0.008231509
0.008231509
0.008231548
-6.368936e-14
-1.097463e-13
0.008231548
2.401944e-14
-1.577903e-15
0.008231548
7.488582e-14
5.264757e-14
0.008231548
1.417859e-13
1.10859e-13
1.996328e-13
1.423425e-13
0.008231548
4.869664e-13
0.008231548
3.968631e-13
0.008231548
3.0726e-13
0.008231548
2.256987e-13
6.764446e-16
0.008231548
5.101121e-13
0.008231548
4.071839e-13
0.008231548
3.200211e-13
0.008231548
2.426126e-13
1.958314e-14
0.008231517
2.223773e-13
0.008231517
2.350298e-13
0.008231517
2.068907e-13
0.008231517
2.175925e-13
1.109854e-13
0.008231517
1.994792e-13
0.008231517
2.197983e-13
0.008231517
1.97429e-13
0.008231517
2.035525e-13
7.258621e-14
0.008231517
0.008231517
0.008231517
0.008231517
0.008231517
1.350023e-13
5.604883e-14
0.008231517
1.074696e-13
1.537491e-13
0.008231517
5.878978e-14
1.830501e-13
0.008231517
1.196475e-14
1.706318e-13
0.008231517
-2.765353e-14
1.322914e-13
-5.811074e-14
8.55872e-14
0.008231517
6.058744e-14
0.008231517
-7.41549e-15
0.008231517
-6.831431e-14
0.008231517
-1.045703e-13
0.008231517
-1.105215e-13
-9.885683e-14
0.008231517
1.326521e-13
6.414447e-14
0.008231517
1.069274e-13
1.605803e-13
0.008231517
5.873602e-14
1.883995e-13
0.008231517
1.186466e-14
1.744811e-13
0.008231517
-2.813363e-14
1.345653e-13
-5.761757e-14
8.564789e-14
0.008231517
7.100257e-14
0.008231517
-8.606118e-18
0.008231517
-6.287812e-14
0.008231517
-1.00605e-13
0.008231517
-1.077289e-13
-9.926235e-14
0.008231517
0.008231517
0.008231517
0.008231517
0.008231517
0.008231517
0.008231517
0.008231517
0.008231517
0.008231517
0.008231517
-6.608511e-12
-6.836756e-12
0.008231517
-5.983325e-12
-6.506545e-12
0.008231517
-4.072319e-12
-4.825571e-12
0.008231517
-6.896578e-13
-1.482479e-12
0.008231517
3.989993e-12
3.096972e-12
6.156825e-12
4.350757e-12
0.008231517
1.201889e-11
0.008231517
1.355142e-11
0.008231517
1.573399e-11
0.008231517
1.690886e-11
0.008231517
1.494814e-11
3.834621e-12
0.008231509
2.325714e-12
0.008231509
4.595876e-12
0.008231509
6.996255e-12
0.008231509
9.344034e-12
0.008231509
1.120813e-11
4.857019e-12
0.008231517
1.194889e-11
0.008231517
1.391085e-11
0.008231517
1.631105e-11
0.008231517
1.756093e-11
0.008231517
1.58836e-11
5.148477e-12
0.008231509
2.623947e-12
0.008231509
4.759651e-12
0.008231509
7.172434e-12
0.008231509
9.484785e-12
0.008231509
1.116575e-11
5.349267e-12
0.008231509
0.008231509
0.008231509
0.008231509
0.008231509
0.008231548
4.820151e-13
4.064043e-13
0.008231548
4.565481e-13
4.566057e-13
0.008231548
4.615695e-13
5.141114e-13
0.008231548
5.311573e-13
6.252057e-13
0.008231548
6.445533e-13
7.536734e-13
6.259353e-13
6.765734e-13
0.008231548
2.361143e-13
0.008231548
1.856154e-13
0.008231548
1.747925e-13
0.008231548
1.957519e-13
0.008231548
1.974217e-13
-2.189285e-15
0.008231517
2.194735e-13
0.008231517
1.598129e-13
0.008231517
1.48059e-13
0.008231517
1.746577e-13
0.008231517
2.006926e-13
2.152935e-14
0.008231517
4.056659e-13
3.133568e-13
0.008231517
3.748879e-13
3.491305e-13
0.008231517
3.97589e-13
4.234189e-13
0.008231517
4.761803e-13
5.491008e-13
0.008231517
5.834751e-13
6.958444e-13
4.609578e-13
5.353632e-13
0.008231548
0.008231548
0.008231548
0.008231548
0.008231548
0.008231517
0.008231517
0.008231517
0.008231517
0.008231517
0.008231517
-2.164746e-11
-2.356841e-11
0.008231517
-3.065534e-11
-3.665307e-11
0.008231517
-3.905798e-11
-4.764639e-11
0.008231517
-4.302624e-11
-5.276293e-11
0.008231517
-3.621811e-11
-4.624234e-11
-1.129561e-11
-2.571875e-11
0.008231517
-8.781956e-12
0.008231517
-1.241133e-11
0.008231517
-1.267551e-11
0.008231517
-8.872879e-12
0.008231517
8.478413e-13
1.519785e-11
0.008231517
-7.465556e-12
0.008231517
-1.056078e-11
0.008231517
-1.168465e-11
0.008231517
-9.146679e-12
0.008231517
-5.54537e-14
1.457407e-11
0.008231517
-2.339525e-11
-2.399978e-11
0.008231517
-3.088656e-11
-3.503367e-11
0.008231517
-3.751653e-11
-4.511404e-11
0.008231517
-4.026541e-11
-5.027594e-11
0.008231517
-3.266692e-11
-4.359448e-11
-6.324597e-12
-2.137153e-11
0.008231517
0.008231517
0.008231517
0.008231517
0.008231517
0.008231517
0.008231517
0.008231517
0.008231517
0.008231517
0.008231509
4.471303e-13
7.36473e-13
0.008231509
7.430335e-13
1.142406e-12
0.008231509
6.567647e-13
9.714371e-13
0.008231509
4.363851e-13
5.811198e-13
0.008231509
2.11649e-13
1.936041e-13
2.352437e-14
-1.040196e-13
0.008231509
2.214262e-12
0.008231509
8.804723e-13
0.008231509
-6.519306e-14
0.008231509
-6.081603e-13
0.008231509
-8.041221e-13
-7.605511e-13
0.008231509
1.331602e-12
0.008231509
8.326696e-13
0.008231509
3.213269e-13
0.008231509
-8.036055e-14
0.008231509
-3.161696e-13
-3.992279e-13
0.008231517
2.566718e-12
0.008231517
1.297046e-12
0.008231517
1.781433e-13
0.008231517
-5.632629e-13
0.008231517
-8.910666e-13
-9.306016e-13
0.008231517
-6.898287e-13
0.008231517
-1.671413e-14
0.008231517
2.367023e-13
0.008231517
2.69949e-13
0.008231517
2.111738e-13
1.016159e-13
0.008231517
0.008231517
0.008231517
0.008231517
0.008231517
0.008231517
-1.293728e-11
-1.25736e-11
0.008231517
-1.339498e-11
-1.253636e-11
0.008231517
-9.041044e-12
-7.80926e-12
0.008231517
1.323174e-12
2.796636e-12
1.115128e-11
1.220468e-11
0.008231517
1.877896e-11
0.008231517
2.414739e-11
0.008231517
3.12272e-11
0.008231517
3.425112e-11
2.184614e-11
0.008231509
1.891957e-11
0.008231509
2.356993e-11
0.008231509
3.023259e-11
0.008231509
3.312499e-11
2.081964e-11
0.008231517
3.174123e-12
0.008231517
7.781053e-12
0.008231517
1.448194e-11
0.008231517
2.16753e-11
1.768229e-11
0.008231509
2.669852e-12
0.008231509
7.499893e-12
0.008231509
1.424468e-11
0.008231509
2.132793e-11
1.765547e-11
0.008231509
0.008231509
0.008231509
0.008231509
0.008231517
4.774098e-15
3.980425e-15
0.008231517
4.409741e-15
4.188709e-15
0.008231517
3.870791e-15
3.962161e-15
0.008231517
3.485017e-15
3.741408e-15
0.008231517
2.966827e-15
3.328344e-15
2.146678e-15
2.510171e-15
0.008231517
1.301797e-15
0.008231517
1.039211e-15
0.008231517
6.285576e-16
0.008231517
2.170147e-16
0.008231517
-2.102152e-16
-9.447693e-16
0.008231517
3.587339e-15
4.431774e-15
0.008231517
3.618166e-15
3.972289e-15
0.008231517
3.547981e-15
3.55041e-15
0.008231517
3.32006e-15
3.171469e-15
0.008231517
3.056847e-15
2.796909e-15
2.142443e-15
2.093895e-15
0.008231517
1.293748e-15
0.008231517
9.226607e-16
0.008231517
5.332212e-16
0.008231517
1.015916e-16
0.008231517
-3.366447e-16
-1.276774e-15
0.008231517
0.008231517
0.008231517
0.008231517
0.008231517
0.008231517
0.008231517
0.008231517
0.008231517
0.008231517
0.008231509
6.905244e-15
6.649965e-15
0.008231509
7.837089e-15
7.804527e-15
0.008231509
9.272069e-15
9.406176e-15
0.008231509
1.290154e-14
1.309081e-14
0.008231509
1.783152e-14
1.766141e-14
1.41372e-14
1.084658e-14
0.008231509
-1.174186e-14
0.008231509
-1.218453e-14
0.008231509
-1.322499e-14
0.008231509
-1.523575e-14
0.008231509
-2.241874e-14
-4.394464e-14
0.008231509
-2.730104e-15
0.008231509
-2.911754e-15
0.008231509
-2.780823e-15
0.008231509
-1.941266e-15
0.008231509
-3.115083e-15
-2.117057e-14
0.008231517
-1.140837e-14
0.008231517
-1.215997e-14
0.008231517
-1.33499e-14
0.008231517
-1.53636e-14
0.008231517
-2.196295e-14
-4.162272e-14
0.008231517
-2.882904e-15
0.008231517
-2.889943e-15
0.008231517
-2.763949e-15
0.008231517
-2.010031e-15
0.008231517
-3.458389e-15
-2.020237e-14
0.008231517
0.008231517
0.008231517
0.008231517
0.008231517
0.008231509
1.521334e-15
2.174194e-15
0.008231509
1.753694e-15
3.555874e-15
0.008231509
2.10035e-15
3.791747e-15
0.008231509
2.847638e-15
4.638209e-15
0.008231509
3.551592e-15
5.889507e-15
2.674355e-15
3.96323e-15
0.008231509
-8.110393e-15
0.008231509
-7.010098e-15
0.008231509
-6.911675e-15
0.008231509
-7.256019e-15
0.008231509
-8.261928e-15
-1.202758e-14
0.008231509
-3.451601e-15
0.008231509
-2.079221e-15
0.008231509
-2.039967e-15
0.008231509
-2.176686e-15
0.008231509
-2.257028e-15
-4.533769e-15
0.008231517
-7.031655e-15
0.008231517
-6.134321e-15
0.008231517
-6.276633e-15
0.008231517
-6.793556e-15
0.008231517
-7.616693e-15
-1.390339e-14
0.008231517
5.13653e-15
0.008231517
4.77848e-15
0.008231517
4.396987e-15
0.008231517
4.471669e-15
0.008231517
5.280028e-15
3.95381e-15
0.008231517
0.008231517
0.008231517
0.008231517
0.008231517
0.008231517
1.39918e-13
3.518556e-13
0.008231517
2.606817e-13
5.023159e-13
0.008231517
3.202064e-13
5.381218e-13
0.008231517
3.587797e-13
5.515036e-13
0.008231517
3.835393e-13
5.42314e-13
2.986779e-13
2.515919e-13
0.008231517
1.007873e-13
0.008231517
-1.461089e-13
0.008231517
-3.872952e-13
0.008231517
-6.043827e-13
0.008231517
-8.180965e-13
-1.176002e-12
0.008231517
1.621767e-13
0.008231517
1.069381e-13
0.008231517
5.209934e-16
0.008231517
-1.101049e-13
0.008231517
-2.12358e-13
-4.578892e-13
0.008231517
2.054597e-13
0.008231517
3.538397e-15
0.008231517
-2.478585e-13
0.008231517
-5.002761e-13
0.008231517
-7.202667e-13
-1.261801e-12
0.008231517
1.544306e-13
0.008231517
2.843276e-13
0.008231517
3.56877e-13
0.008231517
4.069416e-13
0.008231517
4.689537e-13
3.250387e-13
0.008231517
0.008231517
0.008231517
0.008231517
0.008231517
0.008231517
3.287916e-13
3.316788e-13
0.008231517
3.095717e-13
3.178286e-13
0.008231517
3.270524e-13
3.192917e-13
0.008231517
3.797139e-13
3.468651e-13
0.008231517
4.466385e-13
3.925222e-13
3.716185e-13
3.270486e-13
0.008231509
2.968967e-13
2.940419e-13
0.008231509
3.058514e-13
3.018479e-13
0.008231509
3.252085e-13
3.053732e-13
0.008231509
3.704903e-13
3.342556e-13
0.008231509
4.130547e-13
3.747624e-13
3.376873e-13
3.279894e-13
0.008231509
3.56562e-14
0.008231509
1.562588e-14
0.008231509
9.508939e-15
0.008231509
1.328564e-14
0.008231509
1.314073e-14
-1.089019e-13
0.008231517
0.008231517
0.008231517
0.008231517
0.008231517
0.008231509
4.13654e-14
0.008231509
2.790475e-14
0.008231509
2.162434e-14
0.008231509
1.665193e-14
0.008231509
-2.677055e-15
-1.437177e-13
0.008231517
0.008231517
0.008231517
0.008231517
0.008231517
)
;

boundaryField
{
    top
    {
        type            calculated;
        value           nonuniform List<scalar> 0();
    }
    bottom
    {
        type            calculated;
        value           nonuniform List<scalar> 0();
    }
    walls
    {
        type            calculated;
        value           nonuniform List<scalar> 
527
(
0
0
0
0
0
0
-1.028783e-28
3.050723e-29
-2.120063e-29
-4.247364e-29
7.208319e-29
-1.221149e-29
-1.862686e-29
1.969736e-28
1.409223e-29
-1.48592e-31
2.120819e-28
1.224819e-29
-5.470335e-28
3.252814e-28
6.510739e-29
-2.197085e-28
3.334734e-28
-9.143721e-28
0
0
0
0
0
0
-1.122437e-27
-1.276024e-28
1.670162e-28
-4.119411e-28
-1.651998e-28
-2.397182e-28
0
0
0
0
0
0
-3.330717e-31
-8.881912e-31
-8.881912e-31
2.220478e-31
-8.881912e-31
-4.440956e-31
-2.894862e-32
3.099237e-31
1.265824e-31
-2.509964e-32
2.816256e-31
-2.78644e-31
0
0
0
0
0
0
-4.637237e-29
-3.330921e-28
-9.326672e-28
-9.278468e-28
-1.077115e-28
6.742534e-29
5.904889e-29
-9.643873e-29
2.095538e-29
-2.850311e-29
4.532822e-29
-4.372579e-28
-4.787028e-28
2.711674e-28
-1.089502e-27
2.09626e-28
-5.254998e-29
-1.411926e-27
0
0
0
0
0
0
1.911034e-28
9.844622e-28
2.068105e-28
1.823669e-27
1.496119e-28
1.145757e-28
2.220478e-31
-1.110239e-31
1.110239e-31
0
5.551195e-32
0
0
0
0
0
-1.659395e-31
-5.648775e-32
-2.142414e-31
2.802703e-32
1.431167e-32
0
0
0
0
0
0
-2.220478e-31
-2.220478e-31
-2.220478e-31
3.330717e-31
1.110239e-31
0
0
0
0
0
0
0
-6.661434e-31
0
-8.881912e-31
-1.776382e-30
-1.776382e-30
-8.881912e-31
-2.220478e-31
-4.440956e-31
4.440956e-31
-2.220478e-31
-2.220478e-31
3.712362e-31
1.630664e-31
-1.422494e-31
2.740903e-31
7.632893e-32
0
0
0
0
0
0
3.552765e-29
2.842212e-29
7.10553e-30
-1.358933e-28
1.421106e-29
-2.842212e-29
1.110239e-31
-4.440956e-31
-1.776382e-30
-8.881912e-31
0
-1.776382e-30
0
0
0
0
0
0
5.684424e-29
-6.394977e-29
2.842212e-29
-5.684424e-29
1.421106e-29
5.684424e-29
0
5.684424e-29
0
2.842212e-29
2.842212e-29
-2.842212e-29
1.942918e-31
-6.106315e-31
1.006154e-31
-1.040849e-32
2.081698e-32
-5.551195e-32
0
0
0
0
0
0
0
0
0
0
0
0
4.440956e-31
4.440956e-31
0
1.776382e-30
8.881912e-31
0
4.440956e-31
-2.220478e-31
3.330717e-31
-1.110239e-31
-1.110239e-31
3.330717e-31
-1.110239e-31
0
-2.220478e-31
0
-3.552765e-30
-1.776382e-30
-4.440956e-30
9.437032e-31
0
2.664574e-30
0
0
0
0
0
0
2.27377e-28
0
0
9.095078e-28
9.095078e-28
4.547539e-28
0
0
0
0
0
0
-5.329147e-30
1.421106e-29
-7.10553e-30
-1.421106e-29
1.421106e-29
-1.421106e-29
-7.10553e-30
-2.842212e-29
-1.421106e-29
1.421106e-29
0
0
-7.030946e-28
8.829022e-28
-6.190884e-27
-5.760251e-27
1.258997e-26
-6.96721e-27
0
0
0
0
0
0
0
0
0
0
0
0
9.449424e-29
-6.896138e-28
-3.863025e-28
6.940602e-28
1.904915e-28
-3.335238e-28
-4.440956e-31
2.220478e-31
-1.665359e-31
0
1.110239e-31
-1.110239e-31
1.110239e-31
-5.551195e-32
0
0
0
0
0
0
0
0
9.15134e-31
-5.15925e-31
-1.520995e-30
2.326189e-31
1.645843e-31
-2.913293e-31
-2.014477e-31
2.165183e-31
-8.587005e-32
2.803245e-31
-3.581171e-31
-7.220891e-32
0
0
0
0
0
0
0
-1.421106e-29
0
-2.842212e-29
0
1.421106e-29
2.04284e-29
1.776382e-29
1.421106e-29
2.131659e-29
2.842212e-29
2.842212e-29
1.593823e-28
1.697151e-28
-7.274226e-28
4.530374e-28
-2.239635e-28
-8.984262e-29
0
0
0
0
0
0
0
0
0
0
0
0
-5.524632e-31
5.152745e-31
-2.16193e-31
-7.719089e-31
-2.098504e-31
8.375582e-32
3.552765e-30
-1.776382e-30
-1.776382e-30
1.776382e-30
-1.776382e-30
1.776382e-30
2.053942e-30
9.159472e-31
-9.437032e-31
3.039279e-30
1.443311e-30
4.885052e-30
-1.62155e-27
-2.774691e-28
-1.168606e-27
-1.026095e-28
-3.072321e-28
-3.298501e-28
0
0
0
0
0
0
0
0
0
0
0
0
2.458534e-29
-2.819183e-30
1.40005e-29
2.191421e-30
-5.533284e-29
2.135015e-29
-1.421106e-29
2.842212e-29
-1.421106e-29
-7.10553e-30
-2.842212e-29
2.842212e-29
-2.131659e-29
-4.263318e-29
-1.776382e-29
4.440956e-30
-1.332287e-29
6.661434e-30
0
0
0
0
0
0
-1.421106e-29
1.421106e-29
1.421106e-29
7.10553e-30
0
0
0
0
0
0
-2.664574e-30
-2.220478e-31
-6.661434e-31
1.332287e-30
-5.107099e-30
1.040849e-30
9.095078e-28
-2.27377e-28
1.819016e-27
0
-9.095078e-28
0
-1.364262e-27
9.095078e-28
-9.095078e-28
0
1.819016e-27
-4.547539e-28
0
0
0
0
0
0
1.421106e-29
-7.10553e-30
2.842212e-29
1.421106e-29
4.263318e-29
0
0
0
0
0
0
0
9.095078e-28
0
1.819016e-27
0
-1.819016e-27
-9.095078e-28
1.136885e-28
5.684424e-29
1.421106e-29
-2.842212e-29
5.684424e-29
-5.684424e-29
5.684424e-29
0
2.842212e-29
2.131659e-29
2.486935e-29
0
-2.41588e-28
2.842212e-29
-2.842212e-28
-5.684424e-29
1.705327e-28
0
0
0
0
0
0
0
0
0
0
0
-1.110239e-31
0
4.440956e-31
-1.110239e-31
0
0
1.373921e-30
-1.15274e-30
2.161497e-30
-6.106315e-31
-2.102515e-30
2.886621e-30
0
8.881912e-31
-6.661434e-31
-5.551195e-31
6.661434e-31
-1.776382e-30
2.220478e-31
0
1.110239e-31
1.110239e-31
2.220478e-31
0
0
0
0
0
0
0
0
0
0
0
0
0
-7.10553e-30
1.421106e-29
-2.842212e-29
2.842212e-29
-5.684424e-29
5.684424e-29
1.421106e-29
-2.842212e-29
2.842212e-29
-4.263318e-29
1.421106e-29
2.842212e-29
2.842212e-29
-1.421106e-29
2.842212e-29
0
0
2.842212e-29
)
;
    }
    baffle0
    {
        type            calculated;
        value           nonuniform List<scalar> 
2655
(
0
-5.684424e-29
0
-8.526636e-29
2.27377e-28
0
0
0
0
0
0
0
7.10553e-30
-7.10553e-30
-7.10553e-30
-2.886621e-30
0
0
0
0
0
0
1.705327e-27
-9.947742e-28
-1.591639e-27
1.87586e-27
0
0
-9.095078e-28
0
0
-7.276062e-27
0
-1.364262e-27
-4.547539e-28
-9.095078e-28
-1.819016e-27
0
3.979097e-28
-4.83176e-28
2.728523e-27
1.591639e-27
0
0
1.332287e-29
5.329147e-30
0
-4.907256e-29
-9.095078e-28
1.819016e-27
9.095078e-28
-2.27377e-28
0
0
0
0
0
0
0
0
0
0
0
-5.187827e-27
2.105317e-26
1.038984e-28
-7.797e-27
-8.570171e-27
0
0
0
0
0
4.11298e-31
9.399626e-31
1.518989e-31
-1.138537e-30
-2.749414e-30
-1.705327e-28
1.421106e-27
-2.131659e-28
1.264784e-27
-1.275443e-27
-1.421106e-29
-1.433011e-30
-1.267722e-30
1.628061e-30
-2.859082e-30
2.478956e-30
-5.123539e-28
7.539623e-29
3.354882e-28
1.343877e-29
-1.234695e-27
4.743255e-27
0
0
0
0
0
0
4.547539e-28
0
-1.136885e-28
9.095078e-28
0
0
0
-3.638031e-27
9.095078e-28
-8.867701e-27
-8.071882e-27
1.819016e-27
0
0
0
0
0
0
9.095078e-28
9.095078e-28
9.095078e-28
7.276062e-27
-1.091409e-26
3.638031e-27
0
0
0
0
0
0
0
0
0
0
0
0
-1.58079e-31
-1.189387e-31
2.645491e-32
-3.848973e-33
3.740551e-33
-4.120028e-33
-3.091739e-29
9.66835e-30
-3.387855e-29
1.616569e-31
3.830401e-29
-3.906935e-29
1.35601e-27
1.280705e-27
-6.333124e-28
8.285282e-28
7.121829e-27
1.707643e-31
1.43171e-31
2.822219e-31
2.683439e-32
1.982492e-31
4.069611e-31
0
0
0
0
0
-5.684424e-29
-4.547539e-28
0
0
4.547539e-28
0
0
0
0
0
-4.493145e-29
1.731667e-27
1.191927e-27
6.803862e-29
2.003468e-27
0
0
0
0
4.547539e-28
4.234413e-30
5.72738e-30
-5.328117e-30
-1.122973e-29
3.087473e-30
6.821309e-28
0
6.821309e-28
-4.547539e-28
0
-1.109203e-28
-9.199373e-28
-1.216307e-27
-9.095778e-28
7.399572e-28
0
0
0
0
0
0
0
-5.329147e-30
1.332287e-30
-4.440956e-30
0
0
0
0
0
2.381807e-28
-1.015544e-27
-2.30524e-28
-3.192953e-28
-1.750838e-28
2.671748e-28
0
0
0
0
0
0
0
0
0
0
0
-1.776382e-30
1.776382e-30
0
0
-3.552765e-30
0
1.989548e-28
0
0
-5.684424e-29
-7.10553e-30
-1.939549e-27
-3.081082e-28
-4.177897e-28
1.640733e-28
-6.170816e-28
2.485349e-27
-1.560298e-29
-6.476841e-29
1.15937e-29
-1.018682e-29
-2.509119e-29
-5.307051e-29
-9.095078e-28
5.684424e-28
-2.728523e-27
-1.819016e-27
1.819016e-27
0
-1.364262e-27
-9.095078e-28
0
4.547539e-28
2.27377e-28
0
0
0
0
0
0
0
0
0
0
0
0
0
-6.230162e-28
-8.85749e-29
-7.218983e-28
-2.124842e-28
-2.749663e-28
-1.790709e-27
0
0
0
0
0
0
5.684424e-29
-1.136885e-28
9.095078e-28
-9.095078e-28
-9.095078e-28
0
0
-8.881912e-31
0
-1.598744e-29
-1.776382e-29
4.440956e-31
-5.693168e-29
2.084158e-28
1.290781e-27
-1.749281e-28
-1.341467e-28
2.220478e-29
-7.10553e-30
1.421106e-29
-2.842212e-29
0
0
0
0
0
0
0
0
0
0
0
0
5.684424e-29
2.842212e-29
0
5.684424e-29
-4.547539e-28
-2.27377e-28
1.807059e-28
-2.019576e-28
2.418218e-28
2.303995e-29
-9.436625e-29
0
0
0
0
0
-5.951729e-27
-1.421129e-26
5.796754e-28
3.39995e-26
-3.245721e-26
0
0
0
0
0
-1.421106e-29
0
2.842212e-29
-2.842212e-29
0
3.552765e-30
-3.552765e-30
7.10553e-30
0
3.552765e-30
-4.185081e-32
-4.504925e-32
2.032908e-32
-4.43174e-31
-1.111865e-31
-2.705666e-31
0
0
0
0
0
0
-1.030385e-28
3.678485e-29
9.19595e-29
1.336335e-28
-2.530228e-29
-3.680699e-28
0
0
0
0
0
0
-2.27377e-28
1.819016e-27
4.547539e-28
-1.364262e-27
1.501043e-27
-2.27377e-28
0
4.547539e-28
0
3.979097e-28
-1.136885e-28
-9.095078e-28
1.776382e-30
3.552765e-30
1.776382e-30
3.552765e-30
1.776382e-30
-1.776382e-30
0
0
0
0
0
0
1.520583e-27
-2.27377e-28
-1.136885e-28
1.250573e-27
-2.27377e-28
1.421106e-29
-1.421106e-29
5.329147e-30
3.552765e-30
-2.842212e-29
-9.095078e-28
1.819016e-27
-1.819016e-27
0
1.136885e-28
-9.095078e-28
-1.455212e-26
-1.455212e-26
1.455212e-26
0
-1.455212e-26
-1.772477e-28
3.167753e-28
-1.713915e-28
9.384741e-28
4.474179e-28
-1.485048e-29
0
0
0
0
0
0
0
0
0
0
0
-5.636702e-27
1.529715e-27
-3.37597e-28
-9.301629e-29
-5.338831e-28
0
0
0
0
0
0
4.440956e-31
-4.440956e-31
0
-8.881912e-31
8.881912e-31
-1.776382e-30
-3.919832e-29
-1.291271e-27
1.214591e-28
-1.810433e-27
1.283348e-27
-3.786669e-28
7.417714e-29
-1.666359e-28
1.646132e-28
-6.530466e-29
-5.871956e-29
0
0
0
0
0
0
0
0
0
0
0
0
-1.819016e-27
0
0
1.819016e-27
-1.819016e-27
5.684424e-29
-1.421106e-29
8.526636e-29
-4.263318e-29
2.842212e-29
1.705327e-28
-2.842212e-29
0
0
0
0
-5.684424e-29
4.547539e-28
2.27377e-28
0
0
0
0
7.682767e-30
-1.024223e-29
-8.869064e-30
-1.108748e-29
-1.112191e-29
-9.566379e-30
0
0
0
0
0
0
-6.976399e-31
1.892394e-30
1.248639e-30
-7.604704e-31
-2.181988e-31
-7.865837e-30
0
-5.684424e-29
-1.136885e-28
2.27377e-28
5.684424e-29
0
0
0
0
0
0
0
0
0
0
0
0
-2.092058e-29
-1.993076e-28
1.522446e-28
-1.829734e-28
-4.104504e-28
-2.573136e-29
1.382447e-28
5.075484e-29
-1.983822e-28
2.575906e-29
-3.613576e-28
5.684424e-29
-1.421106e-29
-1.030302e-28
-1.278995e-28
0
0
0
0
0
0
0
-1.136885e-28
9.52141e-28
-2.842212e-29
1.847438e-28
-4.263318e-28
0
0
0
0
0
-2.983865e-27
3.693569e-27
-4.615621e-27
-1.25791e-26
4.974911e-27
0
0
0
0
0
0
0
1.136885e-28
2.842212e-29
0
5.684424e-29
0
8.526636e-29
2.154752e-27
5.684424e-29
-3.410654e-28
1.591639e-27
3.790612e-30
1.752966e-31
1.988509e-30
-4.915537e-30
-3.554055e-30
-6.471696e-30
5.529944e-30
-7.338691e-30
-8.878876e-30
8.071893e-30
4.089127e-30
-8.125215e-29
1.730596e-28
2.658933e-28
-8.625386e-30
-4.718516e-31
2.220478e-31
0
0
2.220478e-31
-8.881912e-31
-1.509231e-31
-2.54737e-31
-1.194808e-31
1.295098e-31
1.066328e-31
-1.475078e-31
0
0
0
0
0
0
0
0
0
0
0
0
5.551195e-32
-5.551195e-32
2.220478e-31
-8.326793e-32
-2.775598e-32
3.330717e-31
-2.629046e-28
0
-1.989548e-28
-7.816083e-29
-2.131659e-29
-2.557991e-28
5.624765e-29
7.141921e-29
-1.017444e-28
-1.24861e-28
-6.70596e-28
2.464312e-28
9.152863e-29
-4.164238e-29
-2.306793e-28
-3.740913e-28
-1.372294e-28
6.904457e-28
-5.690354e-29
7.095772e-30
-1.677328e-29
-8.71375e-29
1.406464e-29
-1.64289e-28
0
0
0
0
0
-1.136885e-28
0
0
0
0
0
0
0
0
0
0
8.131091e-31
1.021821e-30
-1.758764e-30
-2.555447e-30
3.438055e-31
-5.588601e-31
3.417454e-31
4.193917e-30
1.999948e-30
3.652133e-30
-8.24038e-30
1.514934e-27
-6.812522e-27
9.634101e-28
3.186004e-27
-3.507551e-27
0
0
0
0
0
0
9.095078e-28
-9.095078e-28
1.819016e-27
-1.278995e-28
9.095078e-28
6.366555e-27
-2.690928e-28
-1.285172e-29
7.698364e-29
3.38955e-28
2.456838e-28
1.842721e-28
0
0
0
0
0
0
5.067688e-30
-1.120848e-29
-3.857956e-29
7.985752e-29
6.878115e-30
-2.794555e-29
6.830236e-29
-3.258535e-29
-7.177825e-29
-3.976212e-29
3.047544e-28
-1.485406e-27
0
0
0
0
0
0
3.220788e-29
7.536018e-30
4.134393e-30
2.482485e-29
3.6311e-30
7.916741e-30
4.440956e-31
1.99843e-30
-3.330717e-31
-6.661434e-31
1.99843e-30
-2.220478e-31
3.949845e-28
-8.802284e-28
-1.227402e-27
4.048016e-28
-1.129368e-27
1.420725e-27
-1.004484e-29
-2.464969e-30
-9.936856e-32
2.14068e-30
6.311286e-30
-6.133095e-30
-1.790602e-29
-2.516198e-30
9.600206e-31
4.960351e-30
-9.151882e-31
1.136417e-29
0
0
0
0
0
0
0
0
0
0
0
0
-1.290761e-31
-3.190311e-31
3.718867e-32
3.957395e-33
-5.27472e-31
1.463694e-33
-6.221121e-28
3.388319e-28
-4.041206e-28
-5.609743e-31
2.952055e-28
8.679214e-28
-6.792848e-28
-6.613734e-28
5.035654e-28
2.85133e-29
-1.110682e-27
0
0
0
0
0
-5.438805e-28
8.363423e-29
3.549577e-29
8.379594e-29
5.322859e-30
-3.13449e-29
0
0
0
0
0
0
1.599432e-27
-3.354603e-27
1.049994e-27
-3.111862e-27
-3.403192e-27
5.805304e-27
-1.735625e-28
-2.308016e-28
1.081836e-28
3.320927e-29
2.45799e-28
-2.586768e-28
0
0
0
0
0
0
2.267548e-27
-2.686514e-28
-5.81739e-28
-5.13736e-28
2.831101e-28
1.189828e-27
-4.08568e-29
-7.10553e-30
-3.197488e-29
7.10553e-30
1.065829e-29
-6.394977e-29
-1.947586e-29
1.073479e-29
6.216634e-30
-1.318664e-29
-8.049152e-29
4.547117e-29
0
0
0
0
0
0
1.855639e-31
-3.924326e-31
1.575368e-31
-3.693388e-31
-3.772536e-31
3.621287e-31
0
0
0
0
0
0
-3.777577e-30
-2.274147e-31
-5.775682e-30
4.668533e-30
-1.510657e-29
-5.135479e-29
8.454827e-28
-8.649132e-28
2.915126e-27
-1.50274e-27
8.891171e-29
-2.592392e-27
1.266111e-26
2.554613e-27
3.502806e-27
5.272042e-27
1.81664e-26
-4.159315e-28
3.162902e-28
-7.479476e-28
-1.54257e-27
1.73405e-27
0
0
0
0
0
-5.159738e-30
-6.398782e-30
-5.05522e-30
1.830019e-29
-1.98974e-29
-2.111785e-30
0
0
0
0
0
0
0
0
0
0
0
0
-1.819016e-27
-1.819016e-27
7.276062e-27
-7.276062e-27
3.638031e-27
0
-9.095078e-28
0
0
9.095078e-28
1.819016e-27
-1.776382e-30
0
0
-1.776382e-30
-1.776382e-30
-1.776382e-30
-5.61679e-31
-6.411305e-30
1.395741e-29
-3.325681e-29
-9.986519e-29
-8.704968e-30
0
0
0
0
0
0
0
0
0
0
0
-1.594076e-28
1.704737e-28
-1.373669e-27
-1.725636e-27
-9.415835e-28
-1.002901e-32
9.866382e-33
-5.963198e-34
-2.347332e-32
3.740551e-33
-2.220478e-31
1.110239e-31
-3.330717e-31
-2.220478e-31
1.110239e-31
-1.110239e-31
0
0
0
0
0
0
2.27377e-28
4.547539e-28
2.27377e-28
1.364262e-27
4.547539e-28
4.547539e-28
9.095078e-28
2.27377e-28
-4.547539e-28
9.095078e-28
-2.27377e-28
9.095078e-28
-5.152366e-30
4.819728e-30
-1.226088e-30
-2.018212e-29
5.533306e-30
-2.205136e-30
0
0
0
0
0
0
-8.274425e-30
4.219017e-30
-1.416016e-29
5.365252e-30
5.570386e-30
-5.623729e-30
0
0
0
0
0
0
9.114206e-30
-3.803111e-29
2.30122e-29
-4.247331e-29
-4.78133e-29
-4.12115e-29
0
0
0
0
0
-5.684424e-29
-5.684424e-29
1.136885e-28
0
-2.27377e-28
1.776382e-30
-1.554335e-30
1.776382e-30
0
7.10553e-30
0
0
0
0
0
0
-4.440956e-31
-1.776382e-30
6.661434e-31
-1.110239e-31
-1.887406e-30
8.881912e-31
2.664574e-30
-6.439386e-30
-8.881912e-30
2.109454e-30
-4.329932e-30
1.110239e-30
-6.57036e-32
-7.903948e-32
-5.041613e-33
-2.282278e-32
4.174239e-33
5.824786e-28
-1.890767e-30
-6.84997e-28
1.810018e-27
-7.359825e-28
0
0
0
0
0
-1.819016e-27
0
-1.819016e-27
-9.095078e-28
-1.364262e-27
-3.638031e-27
0
0
0
0
0
0
-4.440956e-31
-1.110239e-31
-2.775598e-31
-5.551195e-32
-1.387799e-31
-1.942918e-31
1.705327e-27
-2.131659e-28
8.348997e-28
-5.115981e-28
7.958193e-28
4.320162e-27
0
0
0
0
0
0
2.131659e-29
-1.065829e-29
2.131659e-29
3.552765e-29
-1.421106e-29
3.619379e-29
1.546637e-31
4.648042e-31
-5.106666e-32
-3.149111e-31
4.444751e-31
-2.23891e-32
2.458084e-30
2.541737e-29
-5.861444e-30
-2.893615e-29
3.581827e-29
-1.322084e-29
0
0
0
0
0
0
-1.870441e-28
-1.669326e-28
4.609111e-27
1.414987e-27
-1.325711e-28
0
0
0
0
0
-7.428193e-29
8.572758e-29
4.533445e-28
1.072355e-28
-2.743967e-28
-2.043827e-28
0
0
0
0
0
0
-5.672899e-30
-6.889662e-31
-5.926063e-30
-1.33065e-29
-9.371436e-31
-2.401597e-30
-3.645455e-29
-3.662255e-28
1.204112e-28
-5.876118e-28
-2.384317e-27
-6.077041e-32
-1.279377e-31
2.112598e-31
1.009136e-30
-1.261487e-31
-8.576163e-32
0
0
0
0
0
0
0
0
0
0
0
0
-2.595748e-29
7.249134e-30
-4.868496e-29
1.486918e-29
3.303774e-29
-7.601695e-29
-1.366114e-31
1.211613e-31
-1.663732e-31
2.402085e-31
-4.530946e-31
-6.824609e-31
1.065239e-29
-2.077264e-29
-3.402167e-29
-3.651987e-29
-4.492473e-29
1.551326e-29
-6.661434e-31
-2.775598e-30
2.27599e-30
-1.665359e-31
-1.526579e-30
-1.110239e-31
0
0
0
0
0
0
-2.842212e-29
0
-7.10553e-30
5.684424e-29
1.065829e-29
5.684424e-29
-7.10553e-30
-3.552765e-30
-1.776382e-30
-6.661434e-30
-3.330717e-30
-1.776382e-30
-8.881912e-31
-4.440956e-31
-8.881912e-31
0
4.440956e-31
0
-6.741666e-31
3.383302e-31
1.019978e-30
-1.272872e-31
1.412627e-30
-3.581713e-31
0
0
0
0
0
0
4.972819e-30
9.083035e-31
2.444369e-31
-3.938421e-31
-1.992955e-30
6.752536e-29
2.341856e-30
7.264205e-30
-4.022448e-31
-1.101728e-30
6.64658e-30
3.942758e-31
0
0
0
0
0
0
-2.396663e-31
3.811026e-32
9.047797e-32
-2.333779e-31
6.451096e-32
0
0
0
0
0
0
0
0
0
0
0
-1.115552e-30
-2.277671e-30
-2.635517e-30
-4.392437e-30
2.711846e-30
7.020907e-30
1.127587e-32
2.403169e-31
-4.043048e-31
-7.345576e-32
3.626709e-32
4.786822e-32
-4.547539e-28
-9.095078e-28
0
0
-9.095078e-28
9.095078e-28
1.136885e-28
-1.136885e-28
-9.947742e-29
0
-1.136885e-28
-1.136885e-28
2.842212e-29
5.684424e-29
0
0
0
-1.136885e-28
0
0
0
0
0
-4.440956e-31
0
0
0
0
0
0
1.16716e-31
-5.339773e-32
1.430625e-31
-3.252653e-32
7.925632e-32
2.726808e-31
0
0
0
0
0
0
2.072374e-30
2.003092e-31
1.304585e-30
-1.414714e-29
-6.167573e-30
3.630124e-30
0
0
0
0
0
0
3.006086e-29
2.638005e-29
4.186219e-29
-1.328329e-30
7.662384e-30
3.556229e-29
0
0
0
0
0
0
3.376715e-29
-4.223126e-29
3.347316e-29
-6.762841e-29
-6.177651e-29
7.319798e-29
3.844323e-28
-2.124875e-27
-3.351408e-28
-2.932154e-28
1.084954e-27
0
0
0
0
0
-7.089158e-30
-4.216848e-30
5.960487e-30
-1.106412e-29
1.025562e-29
0
0
0
0
0
0
0
-1.110239e-31
-1.110239e-31
-2.775598e-32
-7.494113e-31
-4.440956e-31
-1.136885e-28
2.842212e-28
-5.684424e-29
-1.136885e-28
7.958193e-28
-9.095078e-28
-1.817691e-31
7.488692e-31
2.889983e-31
5.282309e-31
5.817913e-31
-6.661976e-31
0
0
0
0
0
0
4.875619e-30
-2.004393e-30
-2.851168e-30
-7.859495e-31
-2.892368e-30
-1.109968e-30
-2.200962e-32
-3.919447e-32
1.268535e-32
6.776361e-33
-1.517905e-33
-5.787338e-30
-4.106475e-30
-4.673141e-30
2.444911e-32
-4.921752e-30
0
0
0
0
0
3.410654e-28
-3.410654e-28
9.095078e-28
-4.547539e-28
4.547539e-28
0
3.330717e-31
1.110239e-31
2.220478e-31
2.220478e-31
3.330717e-31
4.440956e-31
0
0
0
0
0
0
7.988593e-29
-4.937964e-28
1.674671e-28
-3.265035e-29
-2.496042e-28
1.851865e-27
0
0
0
0
0
0
2.647497e-30
7.199206e-32
3.867947e-31
-4.605215e-31
6.565481e-31
-5.688728e-30
0
0
0
0
0
0
-1.104113e-29
1.352432e-29
-7.902213e-30
9.074415e-30
7.540464e-30
-1.215668e-29
-6.053893e-30
-2.448923e-30
-2.043653e-29
-3.984733e-29
-7.298141e-30
-1.251475e-29
-1.867023e-30
5.952356e-32
2.197167e-31
-1.852386e-31
-5.713882e-30
4.092785e-27
-6.70762e-27
9.095078e-28
-2.27377e-28
-2.27377e-27
0
0
0
0
0
0
0
0
0
0
0
0
0
9.309604e-29
-5.961867e-28
-2.867706e-28
-8.063033e-28
-4.299346e-29
2.196134e-28
4.97444e-29
1.847221e-28
-1.364276e-28
-3.265993e-28
8.86766e-28
-7.400724e-29
-1.42618e-30
6.721066e-30
6.485682e-30
1.830593e-30
3.375127e-29
5.230158e-30
1.374788e-30
1.246791e-29
8.00787e-30
-2.208221e-29
-7.132436e-29
4.325074e-29
3.604583e-29
3.490731e-28
2.470227e-29
2.790234e-31
-3.886921e-32
6.331832e-32
-5.253035e-31
1.837207e-31
-7.843774e-31
0
0
0
0
0
0
0
0
-1.136885e-28
2.27377e-28
0
0
5.060587e-31
8.013454e-31
-2.238422e-30
1.079951e-29
-8.011285e-31
2.076223e-30
0
0
0
0
0
0
-3.496935e-28
-3.376946e-28
-1.832809e-28
-2.251555e-27
1.384189e-28
-5.521626e-28
-7.032694e-34
-2.659878e-32
-8.513873e-33
2.240505e-32
-1.237674e-32
1.497292e-32
3.230969e-32
9.16164e-32
-6.657097e-32
2.324563e-31
2.867214e-31
6.981278e-31
5.46977e-30
6.427894e-30
1.188997e-29
9.484791e-30
4.012012e-29
-6.780102e-30
0
0
0
0
0
5.985147e-28
-1.442363e-27
-1.501555e-27
2.291584e-27
2.020599e-28
-4.440956e-31
2.220478e-31
2.220478e-31
2.220478e-31
2.220478e-31
0
2.842212e-29
0
-5.684424e-29
0
0
0
0
0
0
0
0
-4.440956e-31
-1.110239e-30
1.942918e-31
1.665359e-31
-2.442526e-30
-8.881912e-31
9.98402e-31
-2.709406e-30
-1.324806e-30
-1.032246e-29
-2.649823e-29
5.4753e-32
4.23387e-32
-2.669886e-31
-6.841414e-32
1.211071e-31
-4.217607e-32
0
0
0
0
0
0
-7.089158e-31
1.628007e-30
-6.628908e-31
-1.968397e-31
9.322105e-31
-6.109567e-32
0
0
0
0
0
0
-7.10553e-30
7.10553e-30
-7.10553e-30
0
0
7.10553e-30
9.095078e-28
-9.095078e-28
0
-1.819016e-27
1.819016e-27
0
0
0
0
0
0
0
0
1.421106e-29
-1.421106e-29
2.842212e-29
0
5.684424e-29
-2.152172e-32
5.903566e-32
1.474536e-32
-5.193403e-32
8.36474e-32
1.019165e-31
-7.065685e-30
9.064061e-32
2.175429e-30
-2.62565e-29
-7.08867e-30
-1.032007e-29
0
0
0
0
0
0
3.267682e-28
7.168138e-29
4.135819e-29
2.122675e-28
-1.689745e-27
0
0
0
0
0
0
0
-9.095078e-28
-9.095078e-28
-3.638031e-27
0
0
0
0
0
0
0
5.242193e-31
-7.08493e-30
-5.393767e-30
-8.492678e-31
-4.079478e-30
4.664305e-31
-9.378484e-33
7.1309e-31
-5.379347e-31
3.799641e-31
-6.792624e-32
-1.798663e-30
-7.41605e-32
6.975315e-31
-1.827991e-31
2.611339e-31
2.734397e-31
-3.924868e-32
0
0
0
0
0
0
0
0
0
0
0
0
4.547539e-28
0
-1.47795e-27
4.547539e-28
9.095078e-28
0
-7.116806e-30
-2.896369e-29
1.568305e-29
-4.109679e-29
-5.817902e-29
-2.510653e-29
1.946171e-32
-1.919065e-32
-2.438948e-31
-3.138811e-32
-1.293472e-31
5.556616e-32
-1.59109e-31
-5.681301e-32
-4.998244e-32
-9.893487e-32
-9.167061e-32
-4.83019e-32
0
0
0
0
0
0
1.314072e-30
1.31006e-30
6.823525e-31
5.098534e-31
7.869253e-31
-3.209285e-32
1.195892e-31
-4.13087e-32
1.693006e-31
1.459357e-31
1.206192e-31
3.569245e-31
1.258235e-31
-2.067061e-31
-3.252653e-34
3.935711e-32
-8.906849e-32
-8.223792e-32
0
0
0
0
1.776382e-30
0
1.096064e-27
5.82158e-28
3.730639e-28
3.55075e-28
5.632167e-28
2.396507e-28
0
0
0
0
0
0
0
0
0
0
0
0
-2.686692e-31
5.825502e-31
3.758983e-31
-7.512545e-31
1.195133e-30
-1.134309e-30
1.110239e-31
-2.220478e-31
2.220478e-31
0
-3.330717e-31
0
0
0
0
0
0
-3.312827e-31
-1.049523e-31
-2.905704e-32
1.057112e-32
-2.174941e-31
-2.02044e-31
4.439872e-32
-9.633275e-32
3.0846e-31
-4.222486e-31
-2.934435e-31
-1.637711e-31
0
0
0
0
0
0
0
0
0
0
0
-1.669695e-31
-6.790456e-31
6.385826e-30
1.215674e-29
-2.350638e-30
1.920551e-29
-3.745972e-32
-3.371917e-32
-1.284256e-31
-1.837749e-32
1.105902e-32
-5.562037e-32
-3.488308e-30
1.460859e-29
-3.221536e-30
-8.452725e-30
-6.33129e-31
1.091986e-29
8.111684e-30
2.338224e-30
-6.578275e-30
-5.726242e-30
-9.462131e-30
-2.050917e-29
-4.755257e-28
-6.718579e-28
-1.23005e-27
-1.084589e-27
-8.966687e-29
-5.726589e-28
0
0
-1.421106e-29
0
0
-2.131659e-29
0
0
0
0
0
0
0
0
0
0
0
0
1.180984e-30
1.088555e-31
-1.929582e-30
-6.080835e-30
-4.057902e-30
-7.177522e-31
-2.131659e-29
0
-3.552765e-29
1.421106e-29
1.421106e-29
-2.842212e-29
2.797282e-32
4.309766e-32
1.902802e-32
-6.22341e-32
1.219745e-32
0
0
0
0
0
0
0
0
0
0
0
-2.082647e-28
1.104021e-27
-3.357245e-28
-2.706463e-28
3.948402e-27
-4.054975e-32
-1.208903e-31
-1.636085e-31
1.121081e-31
1.479957e-32
-3.399023e-32
-9.714591e-32
1.148403e-30
4.094006e-31
3.053157e-31
6.383874e-31
-2.775598e-31
0
0
0
0
0
0
-1.458327e-30
1.311849e-30
-6.586623e-31
1.511779e-30
7.049042e-31
-1.896297e-31
-1.136885e-28
2.27377e-28
0
0
4.547539e-28
0
0
0
0
0
0
0
4.440956e-31
1.110239e-31
-1.110239e-31
0
-4.440956e-31
0
0
0
0
0
-2.081698e-32
2.428648e-32
-6.938994e-33
-1.387799e-32
0
3.749767e-31
5.898145e-32
2.940941e-31
8.424372e-32
1.604642e-32
3.376796e-31
0
1.776382e-30
2.664574e-30
-4.440956e-31
-8.881912e-31
1.776382e-30
0
0
0
0
0
0
0
9.095078e-28
-4.547539e-28
9.095078e-28
2.27377e-28
-1.364262e-27
0
0
0
0
0
0
-1.982492e-31
1.798717e-31
6.154562e-31
9.391495e-31
1.482017e-30
9.029908e-31
-2.842212e-29
2.842212e-29
-2.842212e-29
0
-5.684424e-29
-2.842212e-29
-1.421106e-29
1.421106e-29
-2.842212e-29
0
-1.421106e-29
0
0
0
0
0
0
0
0
-9.308244e-28
4.547539e-28
-1.364262e-27
-3.638031e-27
0
0
0
0
0
0
0
8.539004e-27
6.808468e-27
1.089685e-28
3.876416e-28
2.646324e-27
2.391816e-28
0
0
0
0
0
0
5.340152e-30
-5.822195e-30
1.037775e-29
4.687019e-30
3.350233e-31
7.056252e-30
1.907139e-31
-2.052966e-31
-2.353295e-31
8.431962e-31
-4.02028e-31
-1.284798e-30
0
0
0
0
0
4.440956e-31
1.110239e-31
-1.110239e-31
-8.326793e-32
-1.110239e-31
-2.220478e-31
-1.110239e-31
0
5.551195e-32
-1.110239e-31
0
0
0
0
0
0
4.440956e-31
0
0
-1.776382e-30
-1.776382e-30
-5.551195e-31
1.242253e-28
2.509352e-29
1.335639e-28
1.388068e-28
1.267114e-28
4.45469e-28
-4.798921e-28
1.451552e-28
2.011043e-28
1.445505e-28
3.663849e-28
-1.768034e-28
-7.17969e-30
1.162265e-29
-3.060915e-29
4.24365e-29
3.405414e-29
3.712026e-29
0
0
0
0
0
0
0
0
0
0
0
0
3.552765e-30
1.421106e-29
-7.10553e-30
1.421106e-29
0
-7.10553e-30
0
0
0
0
0
0
2.519722e-31
-2.178194e-31
3.302527e-31
2.13862e-31
-1.90985e-31
0
0
0
0
0
0
7.958193e-28
9.095078e-28
9.095078e-28
1.691116e-27
4.547539e-28
9.095078e-28
0
0
0
0
0
0
-1.055132e-27
-1.519402e-27
-8.973536e-28
8.822485e-28
5.323347e-29
1.721986e-28
0
4.547539e-28
1.136885e-28
4.547539e-28
0
-9.095078e-28
0
0
0
0
0
0
1.110239e-31
0
1.110239e-31
-1.665359e-31
5.551195e-32
7.771673e-31
1.054727e-30
6.453264e-31
5.273635e-31
5.828755e-31
3.885837e-31
0
0
0
0
0
0
2.27377e-27
4.547539e-28
0
-1.136885e-27
1.136885e-28
0
-4.726702e-30
2.031607e-30
-3.707971e-30
1.092512e-30
-5.05625e-31
1.212155e-30
0
0
0
0
0
0
-8.947899e-28
-5.987671e-28
-2.363182e-28
6.437658e-28
4.36937e-28
-5.690584e-28
-2.220478e-31
0
-4.440956e-31
2.220478e-31
-2.220478e-31
-4.440956e-31
-4.796233e-29
2.486935e-29
-5.684424e-29
2.842212e-29
2.842212e-29
-4.263318e-29
3.552765e-30
-5.329147e-30
-1.776382e-30
-3.552765e-30
-3.730403e-29
-8.881912e-30
0
0
0
0
0
0
2.27377e-28
-2.27377e-28
1.136885e-28
4.547539e-28
-4.547539e-28
-1.582069e-29
5.338016e-29
-1.854506e-29
-6.832253e-30
-2.628144e-30
0
0
0
0
0
4.90988e-31
4.273444e-31
1.077712e-30
3.670077e-31
-8.01508e-31
-3.63213e-33
8.881912e-31
0
0
-8.604352e-31
-8.881912e-31
0
0
0
0
0
0
0
4.547539e-28
6.821309e-28
0
0
0
0
0
-1.776382e-30
8.881912e-31
0
0
-1.776382e-30
0
0
0
0
0
0
0
0
0
0
0
0
-1.665359e-31
-1.526579e-31
-1.942918e-31
3.885837e-31
-5.551195e-32
2.775598e-32
8.99028e-30
-4.078117e-29
1.946512e-29
-8.709874e-29
-4.280313e-29
5.725776e-29
3.499855e-31
-6.716729e-32
1.846423e-31
1.767275e-32
7.41605e-32
3.667909e-31
3.552765e-30
-6.661434e-30
3.99686e-30
-2.753393e-29
-8.881912e-31
1.02142e-29
0
0
0
0
0
0
1.136885e-28
0
0
-3.730403e-29
0
0
1.421106e-29
0
-1.421106e-29
1.421106e-29
7.10553e-30
-2.842212e-29
0
0
0
0
0
0
-8.526636e-29
8.526636e-29
-8.739802e-28
8.526636e-29
6.235102e-28
0
0
0
0
0
0
0
0
0
0
0
1.332287e-30
-1.287877e-29
2.664574e-30
-3.885837e-30
-1.310082e-29
-1.547396e-30
0
0
9.095078e-28
0
0
0
3.469497e-32
7.806368e-33
1.658853e-32
1.387799e-32
5.551195e-32
2.220478e-31
0
0
0
0
0
0
-8.326793e-32
5.551195e-32
-5.551195e-32
2.220478e-31
1.110239e-31
-1.110239e-31
1.819016e-27
-9.095078e-28
1.819016e-27
1.819016e-27
0
0
0
0
0
0
0
0
-1.421106e-29
-1.421106e-29
-1.421106e-29
-1.421106e-29
0
-1.421106e-29
-1.421106e-29
-2.842212e-29
1.421106e-29
7.10553e-30
-1.243468e-29
-3.552765e-30
-3.885837e-31
6.245094e-31
-2.220478e-31
-3.747057e-31
4.579736e-31
-1.110239e-31
-3.400107e-31
5.412415e-31
-1.387799e-31
-4.718516e-31
4.718516e-31
-1.665359e-31
-1.127966e-30
5.161419e-31
-1.077767e-30
2.052207e-30
-2.389616e-31
7.958701e-31
0
0
0
0
0
0
4.440956e-31
4.440956e-31
0
4.440956e-31
0
8.881912e-31
0
0
0
0
0
2.131659e-29
-1.421106e-29
4.263318e-29
0
-2.842212e-29
0
0
-7.10553e-30
1.421106e-29
-2.842212e-29
0
1.136885e-28
1.547558e-30
-9.046713e-31
1.003173e-30
1.402653e-30
-3.912942e-31
4.371566e-31
0
0
0
0
0
0
0
0
0
0
0
0
-2.27377e-28
9.095078e-28
0
0
0
0
0
0
0
0
8.881912e-31
1.58182e-30
-6.813767e-31
2.012254e-30
-8.455815e-31
-5.015049e-31
3.888005e-31
0
0
0
0
0
1.99843e-30
1.776382e-30
-3.552765e-30
0
0
-3.552765e-30
-2.787721e-28
1.123504e-27
-1.555595e-27
7.68902e-28
8.982262e-29
-2.788374e-28
0
0
0
0
0
0
0
9.095078e-28
0
-9.095078e-28
7.276062e-27
-1.136885e-27
0
-4.547539e-28
1.136885e-28
0
0
9.095078e-28
0
0
0
0
0
1.221263e-30
5.551195e-32
-1.110239e-31
-2.220478e-31
-3.330717e-31
-2.914377e-30
-1.942918e-31
-5.551195e-32
-8.326793e-32
-1.110239e-31
-1.110239e-31
-1.665359e-31
0
0
0
0
0
0
-1.270153e-27
-1.790425e-28
9.381432e-28
-1.442439e-27
1.624261e-27
-8.105904e-28
3.198985e-31
1.436589e-32
2.011766e-31
-1.101945e-30
-5.961029e-31
-7.579767e-31
-1.225678e-31
8.824661e-32
5.351395e-31
-6.695289e-31
6.444794e-31
-5.729696e-31
-2.043976e-28
-4.08253e-28
2.572622e-28
-1.716745e-27
8.373148e-29
1.231341e-27
9.899667e-30
-1.605846e-29
-3.423851e-30
2.650528e-29
-2.120622e-29
6.451259e-30
4.598122e-32
-6.258677e-31
-1.144549e-32
2.341983e-30
1.10768e-30
-4.387941e-30
-1.421106e-29
0
1.421106e-29
0
1.421106e-29
7.10553e-30
0
-2.220478e-31
-3.552765e-30
7.10553e-30
0
0
0
0
0
0
0
-3.552765e-29
-1.350849e-29
-4.440956e-29
-1.776382e-29
-1.065829e-29
-5.684424e-29
-1.364262e-27
-9.095078e-28
-1.819016e-27
9.095078e-28
-3.638031e-27
9.095078e-28
0
0
0
0
0
0
1.344691e-28
2.779249e-27
-8.989895e-29
2.164859e-27
1.354564e-27
2.775598e-32
3.608277e-31
1.327083e-31
6.938994e-33
2.359258e-31
1.040849e-32
0
0
0
0
0
0
3.963358e-31
-7.893106e-31
1.44472e-31
-9.940651e-31
-6.754135e-31
6.396885e-31
-2.842212e-29
0
-4.263318e-29
1.776382e-30
-7.10553e-30
-5.684424e-29
0
0
0
0
0
0
)
;
    }
    baffle1
    {
        type            calculated;
        value           nonuniform List<scalar> 
2648
(
-1.421106e-29
0
0
-3.552765e-29
-3.552765e-29
-3.552765e-30
0
0
0
0
0
0
3.552765e-29
-7.10553e-30
4.618594e-29
3.552765e-29
-1.421106e-29
0
0
0
0
0
1.065829e-29
-7.10553e-30
-2.486935e-29
-3.641584e-29
-7.10553e-30
7.10553e-30
-7.10553e-30
7.10553e-30
-2.842212e-29
-2.842212e-29
-2.842212e-29
3.638031e-27
1.364262e-27
4.320162e-27
-3.865408e-27
4.547539e-28
-4.092785e-27
4.547539e-28
-5.002293e-27
-4.774916e-27
2.27377e-28
4.547539e-28
1.136885e-27
1.136885e-28
-2.27377e-28
0
-2.27377e-27
9.095078e-28
-3.069589e-27
5.172826e-27
-2.27377e-28
0
0
0
0
0
0
0
0
0
0
-1.317325e-32
-3.175674e-31
-5.145535e-30
-3.237583e-30
-2.651238e-30
0
0
0
0
0
1.004365e-30
3.806418e-30
-5.027572e-30
1.704716e-30
2.962571e-30
0
7.10553e-30
0
0
7.10553e-29
0
1.383673e-29
5.67157e-29
1.973005e-29
1.549844e-28
-5.57198e-29
-7.074467e-29
3.995023e-29
-5.043797e-29
2.677812e-29
-7.134749e-30
-8.481809e-29
0
0
0
0
0
0
-9.42815e-28
3.721521e-27
-3.694875e-28
2.9559e-27
1.16886e-27
2.842212e-28
-3.410654e-28
3.524343e-27
-2.14587e-27
3.137091e-27
1.191953e-27
2.984322e-28
0
0
0
0
0
0
1.29143e-27
-1.554335e-29
1.527689e-27
1.823012e-28
-8.171359e-29
-6.963419e-28
0
0
0
0
0
0
0
0
0
0
0
0
7.613414e-28
-1.838603e-28
2.646828e-28
2.558157e-28
-4.655614e-27
-1.631828e-27
-1.800186e-28
-7.110335e-28
4.151465e-29
-3.483643e-27
-6.416868e-28
6.285191e-28
1.365801e-28
7.340016e-28
1.165155e-27
-1.232463e-28
-3.900484e-29
6.73406e-29
-6.821822e-29
-9.04827e-28
-4.611092e-28
3.413806e-28
4.503646e-28
0
0
0
0
0
0
0
1.819016e-27
0
-9.095078e-28
0
0
0
0
0
6.868486e-28
5.033643e-28
2.127722e-27
3.512687e-27
1.0388e-27
-9.095078e-28
1.364262e-27
-1.819016e-27
4.181604e-27
-4.547539e-28
6.018908e-28
-6.207159e-28
7.116636e-28
1.300285e-27
-7.987386e-28
-1.000459e-26
-2.728523e-27
-1.637114e-26
2.910425e-26
0
2.539912e-27
3.381333e-27
3.198687e-27
-4.979552e-29
-1.767099e-27
0
0
0
0
0
0
-9.095078e-28
-4.547539e-28
1.819016e-27
1.819016e-27
0
0
0
0
0
4.473805e-28
2.746069e-29
8.40703e-29
1.168575e-28
4.779791e-28
2.443503e-27
0
0
0
0
0
0
0
0
0
0
0
0
2.27377e-28
0
-4.547539e-28
1.819016e-27
-4.547539e-28
0
2.27377e-28
7.958193e-28
2.330614e-27
2.27377e-28
2.620609e-29
-5.881198e-29
5.289676e-29
-6.505242e-29
3.527992e-28
3.899221e-28
8.641698e-29
-1.692093e-28
4.014531e-28
-2.693834e-28
-1.253768e-29
5.152471e-28
5.684424e-29
-1.136885e-28
0
-1.136885e-28
0
0
0
1.136885e-28
1.136885e-28
2.771157e-28
-4.547539e-28
-2.27377e-28
0
0
0
0
0
0
0
0
0
0
0
0
8.194518e-30
-1.207667e-29
1.284093e-30
-1.470758e-29
2.23003e-29
1.701501e-29
0
0
0
0
0
0
-3.552765e-30
3.552765e-30
3.552765e-30
3.552765e-30
0
0
-1.421106e-29
-1.421106e-29
-2.842212e-29
0
0
2.842212e-29
2.581044e-28
-2.106789e-28
-2.456363e-27
3.835422e-28
2.817101e-27
-3.638031e-27
0
3.638031e-27
-2.27377e-28
1.250573e-27
0
0
0
0
0
0
0
0
0
0
0
1.455212e-26
3.638031e-27
3.638031e-27
9.095078e-28
2.27377e-28
1.819016e-27
6.859288e-29
4.274962e-30
-3.324239e-29
-1.183085e-27
1.922266e-27
0
0
0
0
0
1.568603e-28
-1.419861e-28
1.826966e-28
-2.709818e-29
-1.10437e-27
0
0
0
0
0
7.10553e-30
0
3.552765e-30
3.552765e-30
0
2.109454e-30
2.775598e-31
-3.108669e-30
6.134071e-30
4.718516e-31
-1.224061e-27
-4.300246e-29
-8.541329e-28
5.92518e-28
-6.10471e-29
3.251166e-27
0
0
0
0
0
0
8.354522e-28
4.969713e-29
-1.024014e-27
3.560738e-28
2.374894e-27
-1.857409e-27
0
0
0
0
0
0
-1.110239e-31
-4.440956e-31
-2.220478e-31
0
-4.440956e-31
4.440956e-31
0
-1.387799e-31
-2.775598e-32
2.116393e-31
-3.018462e-31
-2.081698e-32
0
0
-1.455212e-26
-1.455212e-26
-2.910425e-26
0
0
0
0
0
0
0
8.18557e-27
-2.501146e-26
9.549832e-27
5.457047e-27
-8.719906e-26
0
3.638031e-27
3.638031e-27
5.002293e-27
-7.276062e-27
-9.095078e-28
1.364262e-27
4.320162e-27
3.872514e-28
3.638031e-27
4.547539e-28
0
0
-4.547539e-28
0
-4.474816e-28
1.022972e-27
3.468467e-29
-9.909068e-29
3.633045e-28
3.335108e-30
0
0
0
0
0
0
0
0
0
0
0
-5.086055e-29
1.72522e-28
-1.46135e-28
-5.261752e-29
-3.756788e-28
0
0
0
0
0
0
1.136885e-28
1.136885e-28
-3.552765e-30
-5.684424e-29
-5.684424e-29
-7.10553e-30
-3.177839e-28
5.242226e-29
1.199188e-29
-2.009023e-28
-1.180605e-30
-1.483064e-29
9.291204e-31
1.511481e-29
1.276401e-29
1.625562e-29
7.807452e-30
0
0
0
0
0
0
0
0
0
0
0
0
0
-5.684424e-29
-5.684424e-29
0
0
5.684424e-29
0
0
-2.842212e-29
5.684424e-29
0
0
0
0
0
-5.684424e-29
0
5.684424e-29
2.209376e-29
4.263318e-29
0
0
3.410654e-28
-1.273956e-32
2.647443e-30
-8.628259e-30
1.701235e-29
-1.554606e-30
-3.885311e-29
0
0
0
0
0
0
2.638607e-30
3.781318e-30
5.69892e-30
-8.739988e-30
2.792332e-29
-1.027687e-29
4.440956e-31
1.110239e-31
-1.110239e-30
8.881912e-31
3.552765e-30
-7.10553e-30
0
0
0
0
0
0
0
0
0
0
0
4.102355e-30
1.865305e-29
-1.911801e-30
8.607995e-29
8.104989e-29
-4.46482e-29
9.146624e-30
3.629799e-30
-3.436428e-29
-6.433212e-29
1.084022e-28
1.421106e-29
-1.776382e-30
0
0
2.842212e-29
0
0
0
0
0
0
0
4.218908e-30
0
0
0
0
0
0
0
0
5.939399e-30
1.217685e-30
-1.786466e-30
-8.527915e-31
1.913807e-30
0
0
0
0
0
0
0
1.455212e-26
0
0
1.091409e-26
-1.455212e-26
1.455212e-26
-1.455212e-26
1.455212e-26
-7.276062e-27
-5.093244e-26
-2.083761e-30
1.528537e-30
2.22473e-30
-7.988441e-31
-4.469383e-31
-1.140814e-30
-1.933106e-30
-5.277755e-30
-1.685525e-30
-3.141521e-31
-1.117991e-30
-2.018326e-30
1.851952e-30
-4.201344e-32
-2.067115e-30
-9.095078e-28
0
9.095078e-28
-1.136885e-28
-9.095078e-28
1.819016e-27
-2.222149e-28
-2.28577e-27
7.314624e-28
-3.010402e-28
-2.491297e-27
7.404349e-28
0
0
0
0
0
0
0
0
0
0
0
0
6.252866e-28
0
-5.684424e-29
1.421106e-28
0
-2.27377e-28
-6.821309e-28
1.421106e-29
1.705327e-28
-8.526636e-29
-2.842212e-29
3.410654e-28
-1.583709e-28
-2.539427e-28
-1.557479e-30
-2.844531e-28
-7.029038e-29
1.601566e-27
-1.086709e-28
-6.927489e-29
-3.797274e-29
-1.735134e-29
2.051052e-30
3.735101e-29
6.752687e-29
-3.435306e-29
-1.307964e-28
-9.70524e-29
3.263909e-28
-8.560347e-28
0
0
0
0
0
5.684424e-29
-2.27377e-28
2.27377e-28
0
2.27377e-28
0
0
0
0
0
0
-1.856059e-27
3.542361e-27
3.092589e-27
-3.444237e-27
-1.537002e-27
5.063551e-28
1.922942e-29
-1.085589e-29
1.450141e-29
-8.747144e-30
-8.954555e-30
-4.04565e-30
7.697946e-32
-9.583022e-30
6.877573e-30
-6.581744e-30
0
0
0
0
0
0
2.331502e-30
4.440956e-31
8.881912e-31
1.665359e-31
-1.110239e-31
2.775598e-30
1.799382e-28
-3.666147e-29
3.881191e-29
4.529455e-29
-8.196372e-29
3.999977e-28
0
0
0
0
0
0
3.995087e-28
8.032896e-28
6.84943e-28
4.520844e-28
1.144721e-27
3.970849e-28
9.070809e-28
-8.33285e-28
-2.426832e-28
-2.691145e-27
5.435139e-28
-7.556736e-27
0
0
0
0
0
0
1.498172e-30
2.375087e-30
-1.082971e-30
-1.348116e-30
6.120409e-31
5.455784e-31
2.553875e-31
-1.44304e-30
2.073567e-31
-2.208389e-30
3.062915e-31
3.917821e-31
-1.776382e-30
-1.776382e-30
-8.881912e-31
2.664574e-30
0
-4.440956e-31
2.01491e-30
1.215517e-30
1.091536e-30
1.338684e-30
-6.377369e-31
4.361808e-31
6.601146e-29
1.085443e-29
3.790817e-28
4.321591e-28
-4.363257e-28
-1.397513e-29
0
0
0
0
0
0
0
0
0
0
0
0
1.069096e-27
-1.953682e-27
1.45203e-27
1.793287e-27
-9.260551e-28
-4.227518e-28
7.77562e-29
-6.872564e-28
2.899254e-28
8.944608e-28
-3.678122e-29
1.954902e-28
2.975389e-28
1.692015e-27
1.903094e-27
3.317435e-28
-3.260884e-27
0
0
0
0
0
2.134244e-28
-4.209762e-28
-3.041101e-28
-6.381062e-28
6.072301e-27
-1.904378e-27
0
0
0
0
0
0
-7.121236e-28
-5.528867e-28
-3.813073e-27
2.752749e-27
2.013587e-27
8.735461e-29
1.151981e-30
-1.079881e-31
4.764053e-31
-2.482859e-32
2.430274e-31
6.50368e-31
0
0
0
0
0
0
0
0
4.440956e-31
2.220478e-31
0
4.440956e-31
5.644438e-31
-1.675116e-31
-9.139956e-32
-4.607926e-32
-1.306049e-30
3.666282e-31
-9.72706e-31
3.213079e-31
-1.250645e-31
1.428999e-31
3.181637e-31
-3.412576e-31
0
0
0
0
0
0
-1.285899e-29
2.747462e-30
-4.725509e-30
8.884623e-31
-1.004029e-29
1.059037e-29
0
0
0
0
0
0
-1.046921e-30
-8.090975e-31
-1.972192e-30
2.566072e-30
-2.128482e-30
-3.19584e-30
-6.611994e-30
1.954086e-30
-7.931595e-31
4.845966e-30
1.078255e-31
2.692763e-30
-4.807882e-29
-6.38024e-28
-6.909709e-29
-2.332271e-28
1.514894e-27
9.88458e-28
-3.186685e-28
-6.488951e-29
2.308012e-28
-1.512194e-27
0
0
0
0
0
3.520857e-27
1.20656e-27
-4.233737e-28
-1.870276e-32
-1.179617e-27
-4.912675e-28
0
0
0
0
0
0
0
0
0
0
0
0
0
-9.095078e-28
-1.819016e-27
-2.728523e-27
-1.136885e-27
-1.607358e-28
-4.717296e-29
7.223435e-28
4.141994e-29
1.054793e-27
2.61722e-28
0
0
2.27377e-28
0
0
1.819016e-27
-2.366403e-29
1.121103e-28
-2.432351e-28
6.901407e-28
5.498172e-28
1.067564e-29
0
0
0
0
0
0
0
0
0
0
0
-1.885161e-28
6.785897e-29
-4.364967e-28
-3.716692e-28
-1.920361e-29
-8.043703e-30
5.590991e-29
4.035057e-29
-6.791643e-29
8.707787e-30
1.364262e-27
-3.410654e-28
-8.526636e-28
3.410654e-28
-2.27377e-28
2.728523e-27
0
0
0
0
0
0
9.036939e-29
-2.100242e-28
-5.62538e-28
-7.73607e-28
-1.393966e-28
-8.585537e-28
0
-2.220478e-31
0
-2.220478e-31
0
2.220478e-31
-4.922349e-32
-2.81734e-31
-6.57036e-32
2.135909e-32
-4.125449e-31
1.491884e-31
0
0
0
0
0
0
3.844268e-29
-1.328185e-28
-4.9259e-29
8.00066e-29
2.113341e-29
-5.4855e-28
0
0
0
0
0
0
-5.375004e-29
-1.070176e-28
-3.68292e-29
-1.494884e-28
2.300374e-29
-2.358926e-28
0
0
0
0
0
1.819016e-27
-1.819016e-27
7.276062e-27
-7.276062e-27
0
-1.819016e-27
-1.819016e-27
0
7.276062e-27
0
0
0
0
0
0
0
0
8.881912e-31
8.881912e-31
0
1.776382e-30
0
0
-2.664574e-30
1.776382e-30
-2.664574e-30
-1.776382e-30
0
6.519673e-30
1.587349e-30
6.913623e-30
3.740551e-33
-9.990525e-31
-7.461424e-30
-6.359479e-31
1.544848e-30
-1.148187e-31
-5.963523e-30
0
0
0
0
0
0
0
2.220478e-31
0
5.551195e-32
-2.428648e-32
0
0
0
0
0
0
1.110239e-31
0
0
-2.220478e-31
1.110239e-31
-5.551195e-32
-4.547539e-28
2.27377e-28
0
5.684424e-29
0
-4.547539e-28
0
0
0
0
0
0
-1.364262e-27
4.547539e-28
5.684424e-28
-4.68965e-28
2.27377e-28
5.684424e-29
-3.878177e-29
6.028679e-29
-1.397875e-28
2.554236e-28
1.310748e-27
-1.865498e-27
-5.663471e-29
3.559179e-28
-4.405372e-29
6.969309e-28
-4.55282e-29
-9.949569e-29
0
0
0
0
0
0
-9.589256e-29
-2.615636e-28
-2.175134e-28
-5.981229e-28
-1.068396e-27
0
0
0
0
0
-3.552765e-30
-3.552765e-30
-3.552765e-30
-1.776382e-30
1.776382e-30
-3.552765e-30
0
0
0
0
0
0
2.122894e-27
-5.010188e-28
-8.546717e-28
-3.027678e-27
2.894417e-28
6.64414e-28
1.421856e-27
-2.329485e-28
-5.19428e-28
-9.273694e-30
-1.0033e-27
-1.965811e-27
-2.414676e-27
-2.103465e-27
-2.981734e-29
-2.340244e-27
-4.645352e-27
0
0
0
0
0
0
0
0
0
0
0
0
1.421106e-29
1.421106e-29
1.421106e-29
1.421106e-29
1.421106e-29
2.842212e-29
-6.118344e-29
9.060429e-30
-2.00885e-29
2.866618e-30
-1.318794e-29
1.139507e-29
-4.857133e-30
-7.722043e-29
-2.018407e-29
-2.511525e-29
-4.296907e-29
2.609691e-29
2.026186e-30
6.661434e-31
2.220478e-30
1.332287e-30
-8.881912e-31
4.440956e-31
0
0
0
0
0
0
0
0
1.776382e-30
8.881912e-31
4.440956e-31
0
1.887406e-30
-9.992151e-31
3.330717e-30
4.440956e-31
-4.440956e-31
8.881912e-31
0
3.552765e-30
-1.776382e-30
1.776382e-30
0
0
1.252272e-32
-2.921967e-32
-1.324914e-31
-4.483241e-31
-4.83019e-32
-2.818966e-33
0
0
0
0
0
0
8.439009e-31
2.031282e-31
-9.60617e-31
6.155647e-31
-4.085875e-31
-5.644438e-31
-1.240508e-30
2.466595e-31
-8.132176e-31
-1.063563e-30
8.448767e-31
-1.204837e-30
0
0
0
0
0
0
-3.640113e-28
2.78992e-29
-9.387147e-29
1.148888e-28
8.121214e-29
-4.678638e-29
0
0
0
0
0
0
0
0
0
0
0
2.265165e-28
2.414825e-28
1.828572e-28
-4.680731e-30
4.844567e-29
4.987863e-29
-4.377051e-28
9.963398e-29
-1.403243e-29
1.172792e-28
8.530734e-30
-3.645341e-29
1.665359e-31
5.551195e-32
5.551195e-32
0
1.665359e-31
3.330717e-31
-5.551195e-32
-2.220478e-31
1.110239e-31
-1.110239e-31
8.326793e-32
0
0
0
-1.110239e-31
-1.110239e-31
0
-4.440956e-31
0
1.110239e-31
0
1.110239e-31
0
-2.220478e-31
0
0
0
0
0
0
-9.978639e-28
2.514394e-27
-3.107117e-27
2.317147e-27
1.210022e-27
-3.033953e-28
0
0
0
0
0
0
-5.456465e-27
-1.571939e-27
-1.46494e-27
-2.301582e-27
3.488031e-27
8.162196e-28
0
0
0
0
0
0
-2.359334e-27
1.15796e-27
-4.319913e-27
-5.682437e-28
-1.28043e-27
-2.761385e-27
0
0
0
0
0
1.694113e-26
1.190933e-26
-3.893761e-27
-3.844988e-27
2.503476e-26
1.505155e-26
5.585394e-27
3.68736e-28
-2.268051e-26
1.834688e-26
0
0
0
0
0
1.46516e-26
1.625669e-27
-7.018694e-27
6.833202e-27
2.519602e-26
0
0
0
0
0
0
0
-7.10553e-30
0
-7.10553e-30
-7.10553e-30
-1.421106e-29
7.10553e-30
-7.10553e-30
0
8.881912e-31
5.329147e-30
2.664574e-30
5.681843e-31
-2.504164e-30
7.776661e-30
5.246042e-30
-4.779395e-30
5.932298e-30
0
0
0
0
0
0
1.825931e-30
4.696235e-30
6.597465e-31
-2.029168e-30
4.161315e-29
-1.017538e-29
2.168429e-28
-2.06786e-27
4.067605e-28
-1.83824e-27
-7.079671e-28
1.065915e-27
-1.681907e-28
-4.440817e-28
3.553267e-27
-8.718593e-28
0
0
0
0
0
1.136885e-28
0
-5.684424e-29
-1.598744e-29
0
0
1.421106e-28
-5.684424e-29
-1.136885e-28
-5.684424e-29
-1.20794e-28
-1.989548e-28
0
0
0
0
0
0
1.726622e-29
1.381998e-30
7.44386e-30
1.500492e-29
1.806329e-29
-7.74576e-30
0
0
0
0
0
0
-9.897174e-30
-5.734482e-30
-1.166038e-29
1.906651e-30
9.540574e-31
-1.438865e-29
0
0
0
0
0
0
-2.276516e-29
-2.960468e-29
-3.084578e-29
-3.315717e-29
-2.449161e-29
3.005978e-29
1.724015e-30
-4.941431e-30
1.623291e-30
-1.574338e-29
-1.478602e-30
-5.630451e-30
5.684424e-29
-5.684424e-29
-2.842212e-29
-5.684424e-29
0
0
2.27377e-28
0
4.547539e-28
-9.095078e-28
1.819016e-27
0
0
0
0
0
0
0
0
0
0
0
0
8.881912e-31
0
1.776382e-30
-1.776382e-30
0
0
1.332287e-30
-1.110239e-30
7.771673e-31
1.665359e-30
1.99843e-30
-1.110239e-30
2.271436e-32
2.222646e-33
5.150035e-33
-1.355272e-33
-1.788959e-33
3.718867e-32
5.32893e-32
3.247232e-32
5.019928e-32
2.206383e-32
4.783712e-33
-8.901324e-33
1.199871e-33
-5.264253e-33
1.064957e-32
0
0
0
9.095078e-28
-9.095078e-28
0
0
0
0
0
0
0
-1.080041e-27
-1.136885e-28
-1.591639e-27
0
1.136885e-28
-6.821309e-28
-9.095078e-28
0
4.547539e-28
-9.095078e-28
-1.819016e-27
0
0
0
0
0
0
0
0
1.705327e-28
-8.526636e-29
5.684424e-29
5.684424e-29
4.547539e-28
-9.15339e-31
-3.933175e-30
3.33895e-30
2.502344e-31
-2.974501e-30
-1.366861e-30
-7.117673e-30
-3.61057e-29
-8.462157e-30
-4.217661e-29
-3.649987e-29
1.297559e-29
-8.101113e-30
-3.331671e-29
-2.310967e-29
-1.431504e-29
-1.043603e-29
-1.580497e-29
0
0
0
0
0
-1.949749e-30
8.701932e-31
1.347141e-31
-3.022799e-31
1.43995e-30
1.520615e-30
-2.313938e-30
-1.232322e-30
2.939098e-30
3.379236e-30
2.27377e-28
4.547539e-28
0
4.547539e-28
0
2.27377e-28
0
0
0
0
0
0
0
3.410654e-28
1.705327e-28
1.136885e-28
0
4.547539e-28
5.651952e-28
-2.405299e-29
7.954337e-28
1.349164e-27
-1.914684e-27
4.249456e-29
-8.555508e-29
-2.53257e-30
-5.571442e-28
-3.296854e-28
0
0
0
0
0
-8.044896e-32
-8.852638e-32
-4.353134e-32
2.482859e-32
2.595075e-31
-3.518829e-31
0
0
0
0
0
0
1.410567e-31
1.183424e-31
1.695717e-31
-8.738795e-32
4.212186e-32
6.033672e-32
1.088034e-29
-2.664574e-30
1.731973e-29
-8.881912e-31
1.776382e-30
1.421106e-29
0
0
0
0
0
0
-1.421106e-29
0
-1.421106e-29
-2.842212e-29
0
0
-3.808857e-31
-8.722532e-32
-3.78392e-31
-2.015561e-31
1.174208e-31
-4.676773e-31
1.48592e-31
9.394747e-32
1.590548e-31
-4.644247e-31
-2.227525e-31
9.05105e-31
0
0
0
0
0
0
4.474952e-29
1.813221e-27
7.572002e-28
9.585397e-28
-8.58607e-28
0
0
0
0
0
-2.842212e-29
-5.684424e-29
-1.065829e-29
0
2.842212e-29
0
0
0
0
0
0
0
-1.034257e-29
-4.56781e-30
-6.241029e-30
1.282223e-29
8.025976e-30
9.891807e-30
1.993616e-29
6.832741e-31
5.937502e-30
-8.894381e-31
1.517607e-29
-2.603603e-29
-1.073213e-30
9.541117e-32
-1.057004e-30
-1.969482e-31
1.409483e-32
-5.984882e-32
0
0
0
0
0
0
0
0
0
0
0
0
1.250573e-27
5.968645e-28
1.676905e-27
3.552765e-28
1.080041e-27
1.762171e-27
-7.084008e-30
1.46268e-29
-1.163463e-29
1.651106e-29
1.26796e-29
-1.084971e-29
7.193622e-30
-8.631729e-30
-2.280273e-30
-1.429107e-29
4.237259e-29
1.213966e-29
7.17698e-31
6.283042e-31
7.585188e-31
5.944224e-31
-2.884019e-31
1.966229e-31
0
0
0
0
0
0
-8.177171e-31
1.060257e-30
-8.743674e-31
-1.617653e-31
3.139353e-31
1.138971e-31
3.919989e-31
4.036543e-31
3.166458e-31
6.434833e-31
2.572307e-31
3.677667e-31
-3.966611e-31
6.433748e-31
-4.207849e-31
-5.952898e-31
-7.82751e-31
1.773238e-31
-5.551195e-32
-2.775598e-31
5.551195e-32
-3.053157e-31
-1.040849e-32
-2.220478e-31
1.076954e-30
1.018948e-30
1.220179e-30
1.02605e-30
8.820654e-31
1.325131e-30
0
0
0
0
0
0
0
0
0
0
0
0
-1.102107e-31
-6.672276e-31
1.26203e-31
-3.753562e-31
-4.868138e-31
5.692143e-32
0
-1.421106e-29
-1.421106e-29
0
0
-2.842212e-29
0
0
0
0
0
0
1.273305e-29
-2.141943e-29
5.55808e-30
-1.835516e-29
-1.72955e-29
7.320693e-30
5.368846e-29
6.047734e-29
5.28444e-29
5.143697e-29
3.176487e-29
8.571961e-29
0
0
0
0
0
0
0
0
0
0
0
0
2.447074e-29
3.975068e-30
1.506282e-29
2.466314e-29
2.047166e-30
-6.256858e-30
4.247261e-30
1.003997e-29
-1.040795e-30
1.788688e-29
2.630139e-29
2.0675e-29
1.782796e-29
1.757577e-29
1.329782e-29
3.667746e-30
1.281329e-29
6.217176e-30
-3.939072e-30
-1.043142e-29
-6.048905e-30
-1.781527e-29
1.350827e-30
-6.248998e-30
-1.951093e-29
-2.228696e-29
-2.535546e-29
-1.7394e-29
-1.887558e-29
-1.728303e-29
7.10553e-30
0
-1.421106e-29
7.10553e-30
1.421106e-29
-2.842212e-29
0
0
0
0
0
0
0
0
0
0
0
0
2.288946e-30
1.118891e-29
1.527603e-29
6.997162e-30
3.102684e-29
3.903742e-29
1.332287e-30
-8.881912e-31
0
-3.99686e-30
-1.776382e-30
2.169254e-29
3.25712e-29
1.556774e-29
1.744512e-29
3.21399e-29
0
0
0
0
0
0
0
0
0
0
1.141155e-29
-9.984291e-30
1.78099e-29
1.485275e-29
-1.778757e-29
-7.372681e-32
-2.829808e-32
-6.640834e-32
-7.589525e-34
1.463694e-32
6.494465e-32
0
-4.440956e-31
4.440956e-31
4.440956e-31
-4.440956e-31
-4.440956e-31
0
0
0
0
0
0
-4.440956e-31
0
-4.440956e-31
-4.440956e-31
-8.881912e-31
8.881912e-31
7.165595e-31
-1.549889e-31
9.456548e-31
2.985936e-31
1.116744e-31
6.471154e-31
0
0
0
0
0
0
-2.220478e-31
-2.220478e-31
-2.220478e-31
-2.220478e-31
0
0
0
0
0
0
2.775598e-32
-5.551195e-32
-6.938994e-32
-2.168436e-33
-6.938994e-32
-6.150713e-30
-1.274612e-29
6.846131e-30
8.466928e-30
1.209093e-29
-9.66797e-31
-3.552765e-29
7.10553e-30
-5.684424e-29
0
-2.842212e-29
-5.684424e-29
0
0
0
0
0
0
-4.8728e-30
-2.432985e-31
-5.175026e-30
-8.387509e-31
-2.524438e-30
5.629855e-30
0
0
0
0
0
0
-4.440956e-31
-4.440956e-31
5.551195e-31
-3.386229e-30
-8.604352e-31
-2.220478e-31
-5.329147e-30
7.10553e-30
1.421106e-29
0
0
0
0
-1.421106e-29
2.842212e-29
-2.842212e-29
-2.842212e-29
0
0
0
0
0
0
0
0
0
-1.804138e-31
2.775598e-32
-2.428648e-32
-1.110239e-31
0
0
0
0
0
0
1.24414e-31
2.125067e-32
4.900664e-32
1.031091e-31
3.24669e-31
-1.998213e-31
0
0
0
0
0
0
5.495645e-29
-2.443175e-28
1.2156e-28
6.106557e-28
-3.259267e-29
6.640785e-29
4.299392e-28
-4.680303e-28
6.674613e-28
9.689927e-28
-8.929868e-28
7.967545e-28
0
0
0
0
0
-1.421106e-29
1.421106e-29
0
-1.421106e-29
2.842212e-29
0
7.10553e-30
-6.217339e-30
-2.220478e-31
3.108669e-29
0
0
0
0
0
0
-2.220478e-31
0
0
2.220478e-31
-2.220478e-31
-4.440956e-31
-1.356899e-31
4.087501e-32
-1.202398e-31
2.710544e-33
-4.396503e-32
-1.856723e-31
-2.069064e-27
-3.747668e-28
7.477857e-28
-1.444144e-27
-4.07881e-28
-1.559974e-27
-1.669214e-27
4.113322e-28
4.029617e-28
-4.074466e-28
-1.032301e-27
1.534952e-27
0
0
0
0
0
0
0
0
0
0
0
0
1.421106e-29
1.421106e-29
-1.421106e-29
0
0
0
4.440956e-30
8.881912e-31
9.770103e-30
-5.551195e-30
0
1.421106e-29
-7.974154e-27
-6.973457e-27
-2.697183e-27
8.917708e-27
-1.433093e-27
0
0
0
0
0
0
8.867701e-27
7.162374e-27
5.258092e-27
3.410654e-27
2.728523e-27
-3.638031e-27
0
0
0
0
0
0
1.789339e-30
4.901749e-31
2.066248e-30
6.335627e-31
3.173668e-30
4.000764e-32
2.55355e-30
3.774813e-30
1.665359e-30
5.669158e-30
2.282929e-30
6.661434e-31
0
0
0
0
0
-1.776382e-30
8.881912e-31
-5.329147e-30
5.329147e-30
0
1.776382e-30
1.776382e-30
2.220478e-30
2.664574e-30
7.10553e-30
0
0
0
0
0
0
0
0
1.136885e-28
0
3.410654e-28
0
3.170247e-29
1.842509e-29
-5.688864e-29
8.557915e-29
1.028029e-28
1.29846e-28
0
0
0
0
0
0
2.498401e-29
3.239209e-30
3.108604e-29
1.499321e-29
-1.81896e-29
-7.972308e-30
1.954021e-29
1.776382e-29
2.131659e-29
1.421106e-29
3.552765e-29
2.842212e-29
2.775598e-31
-1.665359e-31
3.330717e-31
-2.159762e-31
-2.983767e-31
3.443476e-31
1.387799e-31
1.665359e-31
1.665359e-31
2.775598e-31
1.110239e-31
4.440956e-31
0
0
0
0
0
0
-4.710926e-32
-8.847217e-32
-3.252653e-33
-3.789341e-32
-7.361839e-32
5.290983e-32
8.46232e-32
-3.8815e-32
8.532794e-32
3.271085e-31
0
0
0
0
0
-4.45024e-27
-3.302369e-28
1.167615e-27
1.012419e-27
-5.17843e-29
3.622983e-27
-1.819016e-27
-9.095078e-28
1.819016e-27
-3.638031e-27
0
0
0
0
0
0
0
0
3.330717e-31
1.110239e-31
2.498038e-31
9.714591e-32
2.775598e-32
3.469497e-32
0
0
-2.220478e-31
2.220478e-31
0
0
0
0
0
0
0
0
0
0
0
0
0
0
8.069128e-30
-2.111135e-30
3.736106e-30
6.145618e-30
-6.648098e-30
-7.471562e-30
-5.923244e-30
-2.486816e-30
-3.839215e-30
-1.516441e-30
5.920371e-31
8.309879e-30
1.053955e-28
-9.871803e-29
-5.070787e-28
2.089238e-28
-5.047964e-28
-6.343869e-28
-4.547539e-28
5.684424e-29
1.364262e-27
-9.095078e-28
0
9.095078e-28
0
0
0
0
0
0
1.421106e-29
2.842212e-29
2.131659e-29
2.842212e-29
1.421106e-29
7.993721e-30
0
-7.10553e-30
7.10553e-30
-3.552765e-30
1.421106e-29
0
0
0
0
0
0
0
3.403874e-28
-9.841055e-28
3.608528e-28
-4.229193e-27
-2.20139e-27
0
0
0
0
0
0
0
0
0
0
0
0
1.332287e-30
-1.110239e-31
-2.775598e-32
9.714591e-31
1.665359e-31
-8.881912e-31
0
-1.332287e-30
-1.776382e-30
-1.110239e-31
-4.440956e-31
0
1.776382e-30
1.776382e-30
1.776382e-30
1.776382e-30
3.552765e-30
0
0
0
0
0
0
5.372841e-31
-3.886921e-32
3.986127e-31
6.52157e-32
4.947828e-31
2.690486e-31
-2.775598e-31
0
-3.330717e-31
1.110239e-31
-2.220478e-31
-4.440956e-31
0
0
0
0
0
0
-3.469497e-32
2.775598e-32
-5.551195e-32
0
-5.551195e-32
1.110239e-31
1.110239e-31
0
0
-1.110239e-31
-2.220478e-31
0
-8.526636e-29
1.954021e-28
-5.684424e-29
-9.947742e-29
3.410654e-28
-6.821309e-28
-1.989548e-28
3.375127e-28
-8.526636e-29
-4.263318e-29
4.547539e-28
-4.547539e-28
-1.136885e-28
-1.136885e-28
-1.847438e-28
-5.684424e-29
1.136885e-28
-4.547539e-28
0
0
0
0
0
0
-1.668069e-31
2.286615e-31
-3.598519e-31
-2.003634e-31
5.875918e-31
-1.557479e-31
0
0
0
0
0
0
0
-9.095078e-28
1.819016e-27
0
4.547539e-28
7.958193e-28
4.547539e-28
-9.095078e-28
1.364262e-27
-9.095078e-28
-1.364262e-27
-4.547539e-28
-1.136885e-28
-1.136885e-28
2.27377e-28
4.547539e-28
1.136885e-28
9.095078e-28
0
0
0
0
0
0
0
0
0
0
0
-2.667176e-32
6.288463e-32
-7.448576e-32
1.160655e-31
3.399023e-32
0
3.469497e-31
1.040849e-31
-6.245094e-32
1.942918e-31
9.194167e-32
7.276728e-31
2.215979e-30
1.167323e-30
-1.958965e-30
3.368123e-31
2.445995e-31
0
0
0
0
0
-2.842212e-29
0
-2.842212e-29
0
-2.842212e-29
1.421106e-29
-1.645301e-31
-2.823303e-31
-9.4186e-31
7.004047e-32
3.237908e-30
-2.170496e-30
0
0
0
0
0
0
8.881912e-31
1.776382e-30
8.881912e-31
1.776382e-30
8.881912e-31
0
0
1.332287e-30
8.881912e-31
8.881912e-31
0
0
0
0
0
0
0
3.552765e-30
-1.776382e-30
4.440956e-30
3.552765e-30
0
3.552765e-30
0
4.547539e-28
0
0
9.095078e-28
-4.547539e-28
0
0
0
0
0
0
4.300935e-29
-6.840996e-28
3.421385e-29
6.466518e-28
-7.156052e-28
-1.1342e-27
3.49926e-28
6.920118e-28
-7.057737e-29
5.523142e-28
-1.862933e-28
7.919433e-28
2.035735e-33
-1.820094e-32
-2.860319e-32
1.900239e-32
3.83322e-34
3.301985e-31
-1.47562e-31
2.358119e-30
9.823013e-32
-4.663763e-31
-1.735833e-31
-1.175834e-31
6.830572e-33
-5.003665e-32
1.98954e-32
2.437322e-31
-2.359258e-31
1.163639e-30
8.571534e-31
1.890025e-30
2.603562e-30
1.144069e-30
-4.780196e-30
0
4.547539e-28
4.547539e-28
4.547539e-28
9.095078e-28
8.881912e-31
4.440956e-31
-4.440956e-31
-8.881912e-31
-8.881912e-31
-4.440956e-31
0
0
0
0
0
0
1.819016e-27
2.27377e-28
-2.27377e-28
-5.115981e-28
4.547539e-28
4.547539e-28
2.486935e-29
3.552765e-30
2.087249e-29
7.10553e-30
-6.661434e-30
3.286307e-29
0
0
0
0
0
0
-4.106914e-29
3.197304e-29
4.315187e-30
-7.537103e-30
-4.724154e-30
3.552765e-30
1.243468e-29
-7.10553e-30
0
7.10553e-30
0
0
0
0
0
0
0
-2.092779e-29
-1.788477e-29
-4.532605e-29
-3.025564e-30
1.023218e-28
-5.442909e-29
0
0
1.819016e-27
1.819016e-27
0
1.364262e-27
0
0
0
0
0
0
)
;
    }
    procBoundary2to1
    {
        type            processor;
        value           nonuniform List<scalar> 
1034
(
-0.008231517
9.175719e-14
-0.008231517
-0.008231517
-0.008231517
-0.008231517
-1.037423e-13
-0.008231517
-0.008231517
-0.008231517
-0.008231509
-0.008231509
-0.008231509
-0.008231517
-0.008231509
-0.008231517
-0.008231509
-0.008231509
-0.008231517
-0.008231517
-0.008231517
-3.378516e-13
-0.008231509
-0.008231517
-2.536695e-12
-0.008231517
-0.008231509
-0.008231509
-0.008231517
-0.008231509
-0.008231509
-0.008231517
-0.008231517
-0.008231509
-0.008231509
-0.008231517
-0.008231517
-0.008231509
-0.008231517
-0.008231509
-0.008231517
-2.484899e-12
-0.008231517
-0.008231509
-3.072068e-12
-0.008231509
-0.008231517
-0.008231509
-0.008231509
-0.008231517
-0.008231517
-0.008231509
-0.008231509
-0.008231517
-0.008231517
-0.008231517
-0.008231509
-0.008231509
-0.008231517
-0.008231509
-0.008231508
2.780467e-12
-0.008231516
-0.008231508
-0.008231516
-0.008231508
7.945666e-12
-0.008231516
-0.008231517
-0.008231517
-0.008231509
-0.008231509
-0.008231517
-0.008231509
-0.008231509
-0.008231509
-0.008231517
-0.008231517
-0.008231509
-0.008231517
-0.008231507
-2.315851e-10
-0.008231515
-0.008231515
-2.47012e-10
-0.008231507
-0.008231515
-0.008231507
-0.008231516
-0.008231516
-0.008231516
-0.008231509
-0.008231509
-0.008231509
-0.008231517
-0.008231509
-0.008231517
-0.008231509
-0.008231517
-0.008231509
-0.008231517
-0.008231517
-0.008231517
-0.008231517
-0.008231517
-0.008231517
-0.008231516
-0.008231508
-0.008231516
-0.008231508
-0.008231516
-0.008231508
-0.008231516
-0.008231516
-0.008231509
-0.008231509
-0.008231516
-0.008231509
-0.008231517
-0.008231517
-0.008231517
-0.008231517
-0.008231517
-0.008231517
-0.008231503
-0.008231511
-0.008231511
-0.008231504
-0.008231504
-0.008231511
-0.008231509
-0.008231509
-0.008231509
-0.008231516
-0.008231516
-0.008231516
-0.008231509
-0.008231509
-0.008231509
1.079079e-11
-0.008231517
-0.008231517
1.011637e-11
-0.008231517
-0.008231509
-0.008231517
-0.008231509
-0.008231509
-0.008231517
-0.008231517
-0.008231517
-0.008231509
-0.008231509
-0.008231509
-0.008231517
-0.008231517
-0.008231509
-0.008231509
-3.833704e-13
-0.008231517
-0.008231509
-0.008231517
-4.559718e-14
-0.008231517
-0.008231517
-0.008231509
-0.008231517
-0.008231517
-0.008231509
-0.008231509
-0.008231511
-0.008231511
-0.008231504
-0.008231511
-0.008231504
-0.008231504
-0.008231517
-0.008231517
-0.008231517
-0.008231509
-0.008231509
-0.008231509
-0.008231517
-0.008231517
-0.008231517
-0.008231509
-0.008231509
-0.008231509
-0.008231509
-0.008231509
-0.008231516
-0.008231516
-0.008231509
-0.008231516
-0.008231517
-0.008231517
-0.008231509
-0.008231517
-0.008231509
-0.008231509
-0.008231517
-0.008231509
-0.008231517
-0.008231509
-0.008231517
-0.008231509
-0.008231508
-0.008231508
-0.008231516
-0.008231516
-0.008231508
-0.008231516
-0.008231517
-0.008231517
-0.008231517
-0.008231509
-0.008231509
-0.008231509
-0.008231517
-0.008231509
-0.008231517
-0.008231509
-0.008231517
-0.008231509
-0.008231509
-0.008231517
-0.008231517
-0.008231509
-0.008231517
-0.008231509
-0.008231517
-0.008231509
-0.008231509
-0.008231517
-0.008231509
-0.008231517
-0.008231517
-0.008231517
-0.008231509
-0.008231509
-0.008231509
-0.008231517
-0.008231509
-0.008231509
-0.008231517
-0.008231517
-0.008231509
-0.008231517
-0.008231509
-1.738292e-11
-0.008231509
1.86589e-13
-0.008231509
-0.008231516
-0.008231516
-0.008231516
-0.008231517
-0.008231509
-0.008231517
-0.008231509
-0.008231509
-0.008231517
-0.008231509
-0.008231517
-0.008231517
-0.008231509
-0.008231509
-0.008231517
-0.008231516
-4.871132e-11
-0.008231516
-0.008231516
-0.008231508
-0.008231508
-5.934254e-11
-0.008231508
-0.008231516
-0.008231508
-0.008231516
-0.008231508
-0.008231516
-0.008231508
-0.008231509
-0.008231509
-0.008231509
-0.008231517
-0.008231517
-0.008231517
-0.008231509
-0.008231517
-0.008231517
-0.008231509
-0.008231517
-0.008231509
-0.008231516
-0.008231508
-0.008231508
-0.008231516
-0.008231508
-0.008231516
-0.008231517
-0.008231517
-0.008231517
-0.008231509
-0.008231509
-0.008231509
-0.008231517
-0.008231509
-0.008231517
-0.008231517
-0.008231509
-0.008231509
-0.008231517
-0.008231517
-0.008231509
-0.008231509
-0.008231517
-0.008231509
-0.008231517
-0.008231517
-0.008231509
-0.008231517
-0.008231509
-0.008231509
-0.008231517
-0.008231517
-0.008231517
-0.008231517
-0.008231517
-0.008231517
-0.008231509
-0.008231509
-0.008231509
-0.008231517
-0.008231517
-0.008231517
-0.008231516
-0.008231508
-0.008231508
-0.008231516
-0.008231508
-0.008231516
-0.008231516
-0.008231516
-0.008231516
-0.008231516
-0.008231516
-0.008231516
-0.008231509
-0.008231509
-0.008231517
-0.008231517
-0.008231509
-0.008231517
-0.008231509
-0.008231517
-0.008231517
-0.008231517
-0.008231509
-0.008231509
-0.008231515
-0.008231507
-0.008231515
-0.008231507
-0.008231515
-0.008231507
-0.008231516
-0.008231516
-0.008231516
-0.008231508
-0.008231508
-0.008231508
-0.008231517
-0.008231517
-0.008231509
-0.008231509
-0.008231517
-0.008231509
-0.008231517
-0.008231517
-0.008231509
-0.008231509
-0.008231509
-0.008231517
-0.008231439
-0.008231439
-0.008231548
-0.008231548
-0.008231439
-0.008231548
-0.008231509
-0.008231509
-0.008231509
-0.008231517
-0.008231517
-0.008231517
-0.008231517
6.696589e-12
-0.008231517
7.124906e-12
-0.008231509
-0.008231509
-0.008231517
-0.008231509
-0.008231548
-0.008231548
-0.008231548
-0.008231439
-0.008231439
-0.008231439
-0.008231517
-0.008231517
-0.008231509
-0.008231509
-0.008231517
-0.008231509
-0.00823152
-0.00823152
-0.00823152
-0.008231512
-0.008231512
-0.008231512
-0.008231548
-0.008231548
-0.008231517
-0.008231548
-0.008231517
-0.008231517
-0.008231509
-0.008231509
-0.008231509
-0.008231517
-0.008231517
-0.008231517
-0.008231509
-0.008231509
-0.008231509
-0.008231517
-0.008231517
-0.008231517
-0.008231517
-0.008231548
-0.008231517
-0.008231548
-0.008231548
-0.008231517
-0.008231509
-0.008231517
-0.008231517
-0.008231509
-0.008231517
-0.008231509
-0.008231517
-0.008231517
-0.008231509
-0.008231517
-0.008231509
-0.008231509
-0.008231509
-0.008231516
-0.008231516
-0.008231509
-0.008231516
-0.008231509
-0.008231509
-0.008231509
-0.008231517
-0.008231517
-0.008231517
-0.008231509
-0.008231517
-0.008231509
-0.008231509
-0.008231517
-0.008231509
-0.008231517
-0.008231509
-0.008231517
-0.008231509
-0.008231509
-0.008231517
-0.008231517
-0.008231516
-0.008231516
-0.008231509
-0.008231509
-0.008231516
-0.008231509
-0.008231517
-0.008231517
-0.008231517
-0.008231509
-0.008231509
-0.008231509
-0.008231509
-0.008231517
-0.008231509
-0.008231517
-0.008231509
-0.008231517
-0.008231509
-0.008231517
-0.008231517
-0.008231509
-0.008231517
-0.008231509
-0.008231516
-0.008231516
-0.008231516
-0.008231509
-0.008231509
-0.008231509
-0.008231517
-0.008231509
-0.008231517
-0.008231517
-0.008231509
-0.008231509
-0.008231517
-0.008231517
-0.008231509
-0.008231517
-0.008231509
-0.008231509
-0.008231517
-0.008231517
-0.008231517
-0.008231509
-0.008231509
-0.008231509
-0.008231517
-0.008231509
-0.008231517
-0.008231517
-0.008231509
-0.008231509
-0.008231548
-0.008231517
-0.008231548
-0.008231548
-0.008231517
-0.008231517
-0.008231509
-0.008231509
-0.008231509
-0.008231517
-0.008231517
-0.008231517
-0.008231517
-0.008231509
-0.008231517
-0.008231517
-0.008231509
-0.008231509
-0.008231517
-0.008231517
-0.008231517
-0.008231548
-0.008231548
-0.008231548
-0.008231517
-0.008231517
-0.008231517
-0.008231509
-0.008231509
-0.008231509
-0.008231517
-0.008231517
-0.008231517
-0.008231517
-0.008231517
-0.008231517
-0.008231509
-0.008231517
-0.008231509
-0.008231517
-0.008231517
-0.008231509
-0.008231509
-0.008231517
-0.008231517
-0.008231517
-0.008231509
-0.008231509
-0.008231517
-0.008231517
-0.008231517
-0.008231517
-0.008231517
-0.008231517
-0.008231517
-0.008231509
-0.008231509
-0.008231517
-0.008231517
-0.008231509
-0.008231509
-0.008231517
-0.008231517
-0.008231509
-0.008231509
-0.008231517
-0.008231439
-0.008231439
-0.008231439
-0.008231517
-0.008231517
-0.008231517
-0.008231517
-0.008231517
-0.008231517
-0.008231509
-0.008231509
-0.008231509
-0.008231509
-0.008231509
-0.008231509
-0.008231517
-0.008231517
-0.008231517
-0.008231439
-0.008231517
-0.008231439
-0.008231439
-0.008231517
-0.008231517
-0.008231517
-0.008231517
-0.008231509
-0.008231517
-0.008231509
-0.008231509
-0.008231517
-0.008231517
-0.008231509
-0.008231517
-0.008231509
-0.008231509
-0.008231548
-0.008231548
-0.008231439
-0.008231439
-0.008231439
-0.008231548
-0.008231517
-0.008231517
-0.008231517
-0.008231509
-0.008231509
-0.008231509
-0.008231517
-0.008231509
-0.008231517
-0.008231509
-0.008231517
-0.008231509
-0.008231439
-0.008231439
-0.008231439
-0.008231548
-0.008231548
-0.008231548
-0.008231516
-0.008231516
-0.008231508
-0.008231508
-0.008231516
-0.008231508
-0.008231517
-0.008231509
-0.008231517
-0.008231509
-0.008231517
-0.008231509
-0.008231514
-0.008231545
-0.008231545
-0.008231514
-0.008231514
-0.008231545
-0.008231548
-0.008231548
-0.008231517
-0.008231517
-0.008231548
-0.008231517
-0.008231517
-0.008231517
-0.008231517
-0.008231517
-0.008231517
-0.008231517
-0.008231548
-0.008231548
-0.008231548
-0.008231517
-0.008231517
-0.008231517
-0.008231548
-0.008231548
-0.008231548
-0.008231517
-0.008231517
-0.008231517
-0.008231517
-0.008231517
-0.008231517
-0.008231517
-0.008231517
-0.008231517
-0.008231509
-0.008231509
-0.008231517
-0.008231509
-0.008231517
-0.008231517
-0.008231548
-0.008231548
-0.008231548
-0.008231438
-0.008231438
-0.008231438
-0.008231517
-0.008231509
-0.008231509
-0.008231517
-0.008231509
-0.008231517
-0.008231509
-0.008231517
-0.008231517
-0.008231509
-0.008231509
-0.008231517
-0.008231548
-0.008231548
-0.008231548
-0.008231438
-0.008231438
-0.008231438
-0.008231517
-0.008231509
-0.008231517
-0.008231517
-0.008231509
-0.008231509
-0.008231508
-0.008231508
-0.008231516
-0.008231516
-0.008231516
-0.008231508
-0.008231517
-0.008231439
-0.008231439
-0.008231439
-0.008231517
-0.008231517
-0.008231509
-0.008231517
-0.008231517
-0.008231509
-0.008231509
-0.008231517
-0.008231509
-0.008231509
-0.008231517
-0.008231517
-0.008231509
-0.008231517
-0.008231439
-0.008231439
-0.008231439
-0.008231517
-0.008231517
-0.008231517
-0.008231517
-0.008231517
-0.008231517
-0.008231509
-0.008231509
-0.008231509
-0.008231517
-0.008231517
-0.008231517
-0.008231517
-0.008231517
-0.008231517
-0.008231509
-0.008231509
-0.008231517
-0.008231509
-0.008231517
-0.008231517
-0.008231509
-0.008231509
-0.008231509
-0.008231517
-0.008231517
-0.008231517
-0.008231517
-0.008231517
-0.008231517
-0.008231517
-0.008231517
-0.008231517
-0.008231509
-0.008231509
-0.008231509
-0.008231517
-0.008231517
-0.008231517
-0.008231509
-0.008231517
-0.008231517
-0.008231509
-0.008231517
-0.008231509
-0.008231517
-0.008231517
-0.008231517
-0.008231517
-0.008231517
-0.008231517
-0.008231509
-0.008231509
-0.008231509
-0.008231517
-0.008231517
-0.008231517
-0.008231517
-0.008231517
-0.008231517
-0.008231509
-0.008231509
-0.008231509
-0.008231517
-0.008231517
-0.008231517
-0.008231517
-0.008231517
-0.008231517
-0.008231509
-0.008231517
-0.008231517
-0.008231509
-0.008231517
-0.008231509
-0.008231509
-0.008231509
-0.008231517
-0.008231509
-0.008231517
-0.008231517
-0.008231517
-0.008231517
-0.008231517
-0.008231517
-0.008231517
-0.008231517
-0.008231548
-0.008231548
-0.008231548
-0.008231517
-0.008231517
-0.008231517
-0.008231509
-0.008231509
-0.008231517
-0.008231509
-0.008231517
-0.008231517
-0.008231517
-0.008231517
-0.008231517
-0.008231517
-0.008231517
-0.008231517
-0.008231517
-0.008231517
-0.008231517
-0.008231548
-0.008231548
-0.008231548
-0.008231517
-0.008231517
-0.008231517
-0.008231509
-0.008231509
-0.008231509
-0.008231517
-0.008231439
-0.008231517
-0.008231439
-0.008231517
-0.008231439
-0.008231438
-0.008231438
-0.008231438
-0.008231548
-0.008231548
-0.008231548
-0.008231509
-0.008231509
-0.008231517
-0.008231509
-0.008231517
-0.008231517
-0.008231517
-0.008231439
-0.008231439
-0.008231517
-0.008231517
-0.008231439
-0.008231548
-0.008231548
-0.008231548
-0.008231439
-0.008231439
-0.008231439
-0.008231509
-0.008231509
-0.008231517
-0.008231509
-0.008231517
-0.008231517
-0.008231547
-0.008231547
-0.008231438
-0.008231547
-0.008231438
-0.008231438
-0.008231517
-0.008231517
-0.008231439
-0.008231517
-0.008231439
-0.008231439
-0.008231517
-0.008231509
-0.008231509
-0.008231517
-0.008231517
-0.008231509
-0.008231438
-0.008231438
-0.008231547
-0.008231547
-0.008231438
-0.008231547
-0.008231439
-0.008231517
-0.008231439
-0.008231439
-0.008231517
-0.008231517
-0.008231517
-0.008231517
-0.008231509
-0.008231509
-0.008231517
-0.008231509
-0.008231548
-0.008231548
-0.008231548
-0.008231517
-0.008231517
-0.008231517
-0.008231517
-0.008231517
-0.008231517
-0.008231517
-0.008231517
-0.008231517
-0.008231517
-0.008231517
-0.008231509
-0.008231517
-0.008231509
-0.008231509
-0.008231548
-0.008231548
-0.008231517
-0.008231517
-0.008231548
-0.008231517
-0.008231516
-0.008231516
-0.008231516
-0.008231516
-0.008231516
-0.008231516
-0.008231509
-0.008231509
-0.008231509
-0.008231517
-0.008231517
-0.008231517
-0.008231517
-0.008231517
-0.008231509
-0.008231517
-0.008231509
-0.008231509
-0.008231517
-0.008231517
-0.008231517
-0.008231517
-0.008231517
-0.008231517
-0.008231509
-0.008231509
-0.008231509
-0.008231517
-0.008231517
-0.008231517
-0.008231509
-0.008231509
-0.008231509
-0.008231517
-0.008231517
-0.008231517
-0.008231517
-0.008231517
-0.008231517
-0.008231517
-0.008231517
-0.008231517
-0.008231517
-0.008231509
-0.008231509
-0.008231517
-0.008231509
-0.008231517
)
;
    }
    procBoundary2to3
    {
        type            processor;
        value           nonuniform List<scalar> 
1032
(
0.008231517
0.008231517
0.008231517
0.008231517
0.008231517
0.008231517
0.008231516
0.008231516
0.008231509
0.008231509
0.008231509
0.008231516
0.008231509
0.008231517
0.008231509
0.008231509
0.008231517
0.008231517
0.008231517
0.008231509
0.008231517
0.008231517
0.008231509
0.008231509
0.008231517
0.008231509
0.008231509
0.008231517
0.008231517
0.008231509
0.00823151
0.008231518
0.008231518
0.00823151
0.008231518
0.00823151
0.008231517
0.008231517
0.008231509
0.008231509
0.008231517
0.008231509
0.008231509
0.008231517
0.008231517
0.008231509
0.008231509
0.008231517
0.008231519
0.008231519
0.008231512
0.008231512
0.008231519
0.008231512
0.008231508
0.008231516
0.008231508
0.008231516
0.008231508
0.008231516
0.008231517
0.008231517
0.008231509
0.008231509
0.008231517
0.008231509
0.008231509
0.008231509
0.008231517
0.008231517
0.008231509
0.008231517
0.008231506
0.008231514
0.008231514
0.008231506
0.008231514
0.008231506
0.008231516
0.008231516
0.008231516
0.008231509
0.008231509
0.008231509
0.008231516
0.008231509
0.008231516
0.008231509
0.008231516
0.008231509
0.008231517
0.008231517
0.008231517
0.008231517
0.008231517
0.008231517
0.008231516
0.008231508
0.008231516
0.008231508
0.008231516
0.008231508
0.008231517
0.008231517
0.008231509
0.008231509
0.008231517
0.008231509
0.008231517
0.008231517
0.008231517
0.008231517
0.008231517
0.008231517
0.008231498
0.008231502
3.963867e-11
0.008231502
-1.056049e-09
0.008231499
0.008231498
0.008231507
0.008231509
-1.754286e-12
0.008231509
-1.944535e-12
0.008231509
0.008231516
0.008231516
0.008231516
0.008231509
0.008231509
0.008231509
0.008231517
0.008231517
0.008231517
0.008231509
0.008231517
0.008231509
0.008231509
0.008231517
0.008231517
0.008231517
0.008231509
0.008231509
0.008231509
0.008231517
0.008231517
0.008231509
0.008231509
0.008231517
0.008231509
0.008231517
0.008231517
0.008231517
0.008231509
0.008231517
0.008231517
0.008231509
0.008231509
0.008231504
-4.968712e-10
0.008231504
-4.43008e-10
0.008231499
0.008231507
0.008231498
0.008231498
0.008231517
0.008231517
0.008231517
0.008231509
0.008231509
0.008231509
0.008231517
0.008231517
0.008231517
0.008231509
0.008231509
0.008231509
0.008231509
0.008231509
0.008231516
0.008231516
0.008231509
0.008231516
0.008231517
0.008231517
0.008231509
0.008231517
0.008231509
0.008231509
0.008231517
0.008231509
0.008231517
0.008231509
0.008231517
0.008231509
0.008231507
1.266383e-11
0.008231507
0.008231515
0.008231515
0.008231507
-7.99905e-12
0.008231515
0.008231517
0.008231517
0.008231517
0.008231509
0.008231509
0.008231509
0.008231517
0.008231509
0.008231517
0.008231509
0.008231517
0.008231509
0.008231509
0.008231516
0.008231516
0.008231509
0.008231516
0.008231509
0.008231517
0.008231509
0.008231509
0.008231517
0.008231509
0.008231517
0.008231517
0.008231517
0.008231509
0.008231509
0.008231509
0.008231517
0.008231509
0.008231509
0.008231517
0.008231517
0.008231509
0.008231517
0.008231509
0.008231509
0.008231509
0.008231517
0.008231517
0.008231517
0.008231517
0.008231509
0.008231517
0.008231509
0.008231509
0.008231517
0.008231509
0.008231517
0.008231517
0.008231509
0.008231509
0.008231517
0.008231516
0.008231516
0.008231516
0.008231508
0.008231508
0.008231508
0.008231516
-2.413068e-12
0.008231508
0.008231516
3.635815e-11
0.008231508
0.008231516
0.008231508
0.008231509
0.008231509
0.008231509
0.008231516
0.008231516
0.008231516
0.008231509
0.008231517
0.008231517
0.008231509
0.008231517
0.008231509
0.008231516
0.008231508
0.008231508
0.008231516
0.008231508
0.008231516
0.008231517
0.008231517
0.008231517
0.008231509
0.008231509
0.008231509
0.008231517
0.008231509
0.008231517
0.008231517
0.008231509
0.008231509
0.008231519
0.008231519
0.008231511
0.008231511
0.008231519
0.008231511
0.008231517
0.008231517
0.008231509
0.008231517
0.008231509
0.008231509
0.008231517
0.008231517
0.008231517
0.008231517
0.008231517
0.008231517
0.008231509
0.008231509
0.008231509
0.008231517
0.008231517
0.008231517
0.008231516
0.008231508
0.008231508
0.008231516
0.008231508
0.008231516
0.008231516
0.008231516
0.008231516
0.008231516
0.008231516
0.008231516
0.008231509
0.008231509
0.008231516
0.008231516
0.008231509
0.008231516
0.008231509
0.008231517
0.008231517
0.008231517
0.008231509
0.008231509
0.008231514
7.845477e-12
0.008231506
0.008231514
0.008231506
0.008231514
-2.829067e-11
0.008231506
0.008231515
0.008231515
0.008231515
0.008231507
0.008231507
0.008231507
0.008231517
0.008231517
0.008231509
0.008231509
0.008231517
0.008231509
0.008231517
0.008231517
0.008231509
0.008231509
0.008231509
0.008231517
0.008231439
0.008231439
0.008231548
0.008231548
0.008231439
0.008231548
0.008231509
0.008231509
0.008231509
0.008231517
0.008231517
0.008231517
0.008231517
0.008231517
0.008231509
0.008231509
0.008231517
0.008231509
0.008231548
0.008231548
0.008231548
0.008231439
0.008231439
0.008231439
0.008231517
0.008231517
0.008231509
0.008231509
0.008231517
0.008231509
0.008231519
0.008231519
0.008231519
0.008231512
0.008231512
0.008231512
0.008231548
0.008231548
0.008231517
0.008231548
0.008231517
0.008231517
0.008231509
0.008231509
0.008231509
0.008231517
0.008231517
0.008231517
0.008231509
0.008231509
0.008231509
0.008231517
0.008231517
0.008231517
0.008231517
0.008231548
0.008231517
0.008231548
0.008231548
0.008231517
0.008231509
0.008231517
0.008231517
0.008231509
0.008231517
0.008231509
0.008231517
0.008231517
0.008231509
0.008231517
0.008231509
0.008231509
0.008231508
1.408352e-11
0.008231516
0.008231516
0.008231508
2.520972e-11
0.008231516
0.008231508
0.008231509
0.008231509
0.008231517
0.008231517
0.008231517
0.008231509
0.008231517
0.008231509
0.008231509
0.008231517
0.008231509
0.008231517
0.008231509
0.008231517
0.008231509
0.008231509
0.008231517
0.008231517
0.008231516
0.008231516
0.008231508
0.008231508
0.008231516
0.008231508
0.008231517
0.008231517
0.008231517
0.008231509
0.008231509
0.008231509
0.008231509
0.008231517
0.008231509
0.008231517
0.008231509
0.008231517
0.008231509
0.008231517
0.008231517
0.008231509
0.008231517
0.008231509
0.008231516
0.008231516
0.008231516
0.008231508
0.008231508
0.008231508
0.008231517
0.008231509
0.008231517
0.008231517
0.008231509
0.008231509
0.008231517
0.008231517
0.008231509
0.008231517
0.008231509
0.008231509
0.008231517
0.008231517
0.008231517
0.008231509
0.008231509
0.008231509
0.008231517
0.008231509
0.008231517
0.008231517
0.008231509
0.008231509
0.008231548
0.008231517
0.008231548
0.008231548
0.008231517
0.008231517
0.008231509
0.008231509
0.008231509
0.008231517
0.008231517
0.008231517
0.008231517
0.008231509
0.008231517
0.008231517
0.008231509
0.008231509
0.008231517
0.008231517
0.008231517
0.008231548
0.008231548
0.008231548
0.008231517
0.008231517
0.008231517
0.008231509
0.008231509
0.008231509
0.008231517
0.008231517
0.008231517
0.008231517
0.008231517
0.008231517
0.008231509
0.008231517
0.008231509
0.008231517
0.008231517
0.008231509
0.008231509
0.008231517
0.008231517
0.008231517
0.008231509
0.008231509
0.008231517
0.008231517
0.008231517
0.008231517
0.008231517
0.008231517
0.008231517
0.008231509
0.008231509
0.008231517
0.008231517
0.008231509
0.008231509
0.008231517
0.008231517
0.008231509
0.008231509
0.008231517
0.008231439
0.008231439
0.008231439
0.008231517
0.008231517
0.008231517
0.008231517
0.008231517
0.008231517
0.008231509
0.008231509
0.008231509
0.008231509
0.008231509
0.008231509
0.008231517
0.008231517
0.008231517
0.008231438
0.008231517
0.008231438
0.008231438
0.008231517
0.008231517
0.008231517
0.008231517
0.008231509
0.008231517
0.008231509
0.008231509
0.008231517
0.008231517
0.008231509
0.008231517
0.008231509
0.008231509
0.008231548
0.008231548
0.008231439
0.008231439
0.008231439
0.008231548
0.008231517
0.008231517
0.008231517
0.008231509
0.008231509
0.008231509
0.008231517
0.008231509
0.008231517
0.008231509
0.008231517
0.008231509
0.008231439
0.008231439
0.008231439
0.008231548
0.008231548
0.008231548
0.008231516
0.008231516
0.008231508
0.008231508
0.008231516
0.008231508
0.008231517
0.008231509
0.008231517
0.008231509
0.008231517
0.008231509
0.008231512
7.258548e-11
0.008231543
0.008231543
0.008231512
4.475325e-11
0.008231512
0.008231543
0.008231548
0.008231548
0.008231517
0.008231517
0.008231548
0.008231517
0.008231517
0.008231517
0.008231517
0.008231517
0.008231517
0.008231517
0.008231548
0.008231548
0.008231548
0.008231517
0.008231517
0.008231517
0.008231548
0.008231548
0.008231548
0.008231517
0.008231517
0.008231517
0.008231517
0.008231517
0.008231517
0.008231517
0.008231517
0.008231517
0.008231509
0.008231509
0.008231517
0.008231509
0.008231517
0.008231517
0.008231548
0.008231548
0.008231548
0.008231439
0.008231439
0.008231439
0.008231517
0.008231509
0.008231509
0.008231517
0.008231509
0.008231517
0.008231509
0.008231517
0.008231517
0.008231509
0.008231509
0.008231517
0.008231548
0.008231548
0.008231548
0.008231439
0.008231439
0.008231439
0.008231517
0.008231509
0.008231517
0.008231517
0.008231509
0.008231509
0.008231508
0.008231508
0.008231516
0.008231516
0.008231516
0.008231508
0.008231517
0.008231439
0.008231439
0.008231439
0.008231517
0.008231517
0.008231509
0.008231517
0.008231517
0.008231509
0.008231509
0.008231517
0.008231509
0.008231509
0.008231517
0.008231517
0.008231509
0.008231517
0.008231439
0.008231439
0.008231439
0.008231517
0.008231517
0.008231517
0.008231517
0.008231517
0.008231517
0.008231509
0.008231509
0.008231509
0.008231517
0.008231517
0.008231517
0.008231517
0.008231517
0.008231517
0.008231509
0.008231509
0.008231517
0.008231509
0.008231517
0.008231517
0.008231509
0.008231509
0.008231509
0.008231517
0.008231517
0.008231517
0.008231517
0.008231517
0.008231517
0.008231517
0.008231517
0.008231517
0.008231509
0.008231509
0.008231509
0.008231517
0.008231517
0.008231517
0.008231509
0.008231517
0.008231517
0.008231509
0.008231517
0.008231509
0.008231517
0.008231517
0.008231517
0.008231517
0.008231517
0.008231517
0.008231509
0.008231509
0.008231509
0.008231517
0.008231517
0.008231517
0.008231517
0.008231517
0.008231517
0.008231509
0.008231509
0.008231509
0.008231517
0.008231517
0.008231517
0.008231517
0.008231517
0.008231517
0.008231509
0.008231517
0.008231517
0.008231509
0.008231517
0.008231509
0.008231509
0.008231509
0.008231517
0.008231509
0.008231517
0.008231517
0.008231517
0.008231517
0.008231517
0.008231517
0.008231517
0.008231517
0.008231548
0.008231548
0.008231548
0.008231517
0.008231517
0.008231517
0.008231509
0.008231509
0.008231517
0.008231509
0.008231517
0.008231517
0.008231517
0.008231517
0.008231517
0.008231517
0.008231517
0.008231517
0.008231517
0.008231517
0.008231517
0.008231548
0.008231548
0.008231548
0.008231517
0.008231517
0.008231517
0.008231509
0.008231509
0.008231509
0.008231517
0.008231439
0.008231517
0.008231439
0.008231517
0.008231439
0.008231439
0.008231439
0.008231439
0.008231548
0.008231548
0.008231548
0.008231509
0.008231509
0.008231517
0.008231509
0.008231517
0.008231517
0.008231517
0.008231439
0.008231439
0.008231517
0.008231517
0.008231439
0.008231548
0.008231548
0.008231548
0.008231439
0.008231439
0.008231439
0.008231509
0.008231509
0.008231517
0.008231509
0.008231517
0.008231517
0.008231547
1.678383e-11
0.008231547
1.908138e-11
0.008231438
0.008231547
0.008231438
0.008231438
0.008231517
0.008231517
0.008231439
0.008231517
0.008231439
0.008231439
0.008231517
0.008231509
0.008231509
0.008231517
0.008231517
0.008231509
0.008231437
0.008231437
0.008231547
0.008231547
0.008231437
0.008231547
0.008231439
0.008231517
0.008231439
0.008231439
0.008231517
0.008231517
0.008231517
0.008231517
0.008231509
0.008231509
0.008231517
0.008231509
0.008231548
0.008231548
0.008231548
0.008231517
0.008231517
0.008231517
0.008231517
0.008231517
0.008231517
0.008231517
0.008231517
0.008231517
0.008231517
0.008231517
0.008231509
0.008231517
0.008231509
0.008231509
0.008231548
0.008231548
0.008231517
0.008231517
0.008231548
0.008231517
0.008231517
0.008231517
0.008231517
0.008231517
0.008231517
0.008231517
0.008231509
0.008231509
0.008231509
0.008231517
0.008231517
0.008231517
0.008231517
0.008231517
0.008231509
0.008231517
0.008231509
0.008231509
0.008231517
0.008231517
0.008231517
0.008231517
0.008231517
0.008231517
0.008231509
0.008231509
0.008231509
0.008231517
0.008231517
0.008231517
0.008231509
0.008231509
0.008231509
0.008231517
0.008231517
0.008231517
0.008231517
0.008231517
0.008231517
0.008231517
0.008231517
0.008231517
0.008231517
0.008231509
0.008231509
0.008231517
0.008231509
0.008231517
)
;
    }
}


// ************************************************************************* //
