/*--------------------------------*- C++ -*----------------------------------*\
| =========                 |                                                 |
| \\      /  F ield         | OpenFOAM: The Open Source CFD Toolbox           |
|  \\    /   O peration     | Version:  2412                                  |
|   \\  /    A nd           | Website:  www.openfoam.com                      |
|    \\/     M anipulation  |                                                 |
\*---------------------------------------------------------------------------*/
FoamFile
{
    version     2.0;
    format      ascii;
    arch        "LSB;label=32;scalar=64";
    class       volScalarField;
    location    "100/neutroRegion";
    object      prec2;
}
// * * * * * * * * * * * * * * * * * * * * * * * * * * * * * * * * * * * * * //

dimensions      [0 -3 0 0 0 0 0];

internalField   nonuniform List<scalar> 
23322
(
0
0
0
0
0
0
0
0
0
0
0
0
0
0
0
0
0
0
0
0
0
0
0
0
0
0
0
0
0
0
0
0
0
0
0
0
0
0
0
0
0
0
0
0
0
0
0
0
0
0
0
0
0
0
0
0
0
0
0
0
0
0
0
0
0
0
0
0
0
0
0
0
0
0
0
0
0
0
0
0
0
0
0
0
0
0
0
0
0
0
0
0
0
0
0
0
0
0
0
0
0
0
0
0
0
0
0
0
0
0
0
0
0
0
0
0
0
0
0
0
0
0
0
0
0
0
0
0
0
0
0
0
0
0
0
0
0
0
0
0
0
0
0
0
0
0
0
0
0
0
0
0
0
0
0
0
0
0
0
0
0
0
0
0
0
0
0
0
0
0
0
0
0
0
0
0
0
0
0
0
0
0
0
0
0
0
0
0
0
0
0
0
0
0
0
0
0
0
0
0
0
0
0
0
0
0
0
0
0
0
0
0
0
0
0
0
0
0
0
0
0
0
0
0
0
0
0
0
0
0
0
0
0
0
0
0
0
0
0
0
0
0
0
0
0
0
0
0
0
0
0
0
0
0
0
0
0
0
0
0
0
0
0
0
0
0
0
0
0
0
0
0
0
0
0
0
0
0
0
0
0
0
0
0
0
0
0
0
0
0
0
0
0
0
0
0
0
0
0
0
0
0
0
0
0
0
0
0
0
0
0
0
0
0
0
0
0
0
0
0
0
0
0
0
0
0
0
0
0
0
0
0
0
0
0
0
0
0
0
0
0
0
0
0
0
0
0
0
0
0
0
0
0
0
0
0
0
0
0
0
0
0
0
0
0
0
0
0
0
0
0
0
0
0
0
0
0
0
0
0
0
0
0
0
0
0
0
0
0
0
0
0
0
0
0
0
0
0
0
0
0
0
0
0
0
0
0
0
0
0
0
0
0
0
0
0
0
0
0
0
0
0
0
0
0
0
0
0
0
0
0
0
0
0
0
0
0
0
0
0
0
0
0
0
0
0
0
0
0
0
0
0
0
0
0
0
0
0
0
0
0
0
0
0
0
0
0
0
0
0
0
0
0
0
0
0
0
0
0
0
0
0
0
0
0
0
0
0
0
0
0
0
0
0
0
0
0
0
0
0
0
0
0
0
0
0
0
0
0
0
0
0
0
0
0
0
0
0
0
0
0
0
0
0
0
0
0
0
0
0
0
0
0
0
0
0
0
0
0
0
0
0
0
0
0
0
0
0
0
0
0
0
0
0
0
0
0
0
0
0
0
0
0
0
0
0
0
0
0
0
0
0
0
0
0
0
0
0
0
0
0
0
0
0
0
0
0
0
0
0
0
0
0
0
0
0
0
0
0
0
0
0
0
0
0
0
0
0
0
0
0
0
0
0
0
0
0
0
0
0
0
0
0
0
0
0
0
0
0
0
0
0
0
0
0
0
0
0
0
0
0
0
0
0
0
0
0
0
0
0
0
0
0
0
0
0
0
0
0
0
0
0
0
0
0
0
0
0
0
0
0
0
0
0
0
0
0
0
0
0
0
0
0
0
0
0
0
0
0
0
0
0
0
0
0
0
0
0
0
0
0
0
0
0
0
0
0
0
0
0
0
0
0
0
0
0
0
0
0
0
0
0
0
0
0
0
0
0
0
0
0
0
0
0
0
0
0
0
0
0
0
0
0
0
0
0
0
0
0
0
0
0
0
0
0
0
0
0
0
0
0
0
0
0
0
0
0
0
0
0
0
0
0
0
0
0
0
0
0
0
0
0
0
0
0
0
0
0
0
0
0
0
0
0
0
0
0
0
0
0
0
0
0
0
0
0
0
0
0
0
0
0
0
0
0
0
0
0
0
0
0
0
0
0
0
0
0
0
0
0
0
0
0
0
0
0
0
0
0
0
0
0
0
0
0
0
0
0
0
0
0
0
0
0
0
0
0
0
0
0
0
0
0
0
0
0
0
0
0
0
0
0
0
0
0
0
0
0
0
0
0
0
0
0
0
0
0
0
0
0
0
0
0
0
0
0
0
0
0
0
0
0
0
0
0
0
0
0
0
0
0
0
0
0
0
0
0
0
0
0
0
0
0
0
0
0
0
0
0
0
0
0
0
0
0
0
0
0
0
0
0
0
0
0
0
0
0
0
0
0
0
0
0
0
0
0
0
0
0
0
0
0
0
0
0
0
0
0
0
0
0
0
0
0
0
0
0
0
0
0
0
0
0
0
0
0
0
0
0
0
0
0
0
0
0
0
0
0
0
0
0
0
0
0
0
0
0
0
0
0
0
0
0
0
0
0
0
0
0
0
0
0
0
0
0
0
0
0
0
0
0
0
0
0
0
0
0
0
0
0
0
0
0
0
0
0
0
0
0
0
0
0
0
0
0
0
0
0
0
0
0
0
0
0
0
0
0
0
0
0
0
0
0
0
0
0
0
0
0
0
0
0
0
0
0
0
0
0
0
0
0
0
0
0
0
0
0
0
0
0
0
0
0
0
0
0
0
0
0
0
0
0
0
0
0
0
0
0
0
0
0
0
0
0
0
0
0
0
0
0
0
0
0
0
0
0
0
0
0
0
0
0
0
0
0
0
0
0
0
0
0
0
0
0
0
0
0
0
0
0
0
0
0
0
0
0
0
0
0
0
0
0
0
0
0
0
0
0
0
0
0
0
0
0
0
0
0
0
0
0
0
0
0
0
0
0
0
0
0
0
0
0
0
0
0
0
0
0
0
0
0
0
0
0
0
0
0
0
0
0
0
0
0
0
0
0
0
0
0
0
0
0
0
0
0
0
0
0
0
0
0
0
0
0
0
0
0
0
0
0
0
0
0
0
0
0
0
0
0
0
0
0
0
0
0
0
0
0
0
0
0
0
0
0
0
0
0
0
0
0
0
0
0
0
0
0
0
0
0
0
0
0
0
0
0
0
0
0
0
0
0
0
0
0
0
0
0
0
0
0
0
0
0
0
0
0
0
0
0
0
0
0
0
0
0
0
0
0
0
0
0
0
0
0
0
0
0
0
0
0
0
0
0
0
0
0
0
0
0
0
0
0
0
0
0
0
0
0
0
0
0
0
0
0
0
0
0
0
0
0
0
0
0
0
0
0
0
0
0
0
0
0
0
0
0
0
0
0
0
0
0
0
0
0
0
0
0
0
0
0
0
0
0
0
0
0
0
0
0
0
0
0
0
0
0
0
0
0
0
0
0
0
0
0
0
0
0
0
0
0
0
0
0
0
0
0
0
0
0
0
0
0
0
0
0
0
0
0
0
0
0
0
0
0
0
0
0
0
0
0
0
0
0
0
0
0
0
0
0
0
0
0
0
0
0
0
0
0
0
0
0
0
0
0
0
0
0
0
0
0
0
0
0
0
0
0
0
0
0
0
0
0
0
0
0
0
0
0
0
0
0
0
0
0
0
0
0
0
0
0
0
0
0
0
0
0
0
0
0
0
0
0
0
0
0
0
0
0
0
0
0
0
0
0
0
0
0
0
0
0
0
0
0
0
0
0
0
0
0
0
0
0
0
0
0
0
0
0
0
0
0
0
0
0
0
0
0
0
0
0
0
0
0
0
0
0
0
0
0
0
0
0
0
0
0
0
0
0
0
0
0
0
0
0
0
0
0
0
0
0
0
0
0
0
0
0
0
0
0
0
0
0
0
0
0
0
0
0
0
0
0
0
0
0
0
0
0
0
0
0
0
0
0
0
0
0
0
0
0
0
0
0
0
0
0
0
0
0
0
0
0
0
0
0
0
0
0
0
0
0
0
0
0
0
0
0
0
0
0
0
0
0
0
0
0
0
0
0
0
0
0
0
0
0
0
0
0
0
0
0
0
0
0
0
0
0
0
0
0
0
0
0
0
0
0
0
0
0
0
0
0
0
0
0
0
0
0
0
0
0
0
0
0
0
0
0
0
0
0
0
0
0
0
0
0
0
0
0
0
0
0
0
0
0
0
0
0
0
0
0
0
0
0
0
0
0
0
0
0
0
0
0
0
0
0
0
0
0
0
0
0
0
0
0
0
0
0
0
0
0
0
0
0
0
0
0
0
0
0
0
0
0
0
0
0
0
0
0
0
0
0
0
0
0
0
0
0
0
0
0
0
0
0
0
0
0
0
0
0
0
0
0
0
0
0
0
0
0
0
0
0
0
0
0
0
0
0
0
0
0
0
0
0
0
0
0
0
0
0
0
0
0
0
0
0
0
0
0
0
0
0
0
0
0
0
0
0
0
0
0
0
0
0
0
0
0
0
0
0
0
0
0
0
0
0
0
0
0
0
0
0
0
0
0
0
0
0
0
0
0
0
0
0
0
0
0
0
0
0
0
0
0
0
0
0
0
0
0
0
0
0
0
0
0
0
0
0
0
0
0
0
0
0
0
0
0
0
0
0
0
0
0
0
0
0
0
0
0
0
0
0
0
0
0
0
0
0
0
0
0
0
0
0
0
0
0
0
0
0
0
0
0
0
0
0
0
0
0
0
0
0
0
0
0
0
0
0
0
0
0
0
0
0
0
0
0
0
0
0
0
0
0
0
0
0
0
0
0
0
0
0
0
0
0
0
0
0
0
0
0
0
0
0
0
0
0
0
0
0
0
0
0
0
0
0
0
0
0
0
0
0
0
0
0
0
0
0
0
0
0
0
0
0
0
0
0
0
0
0
0
0
0
0
0
0
0
0
0
0
0
0
0
0
0
0
0
0
0
0
0
0
0
0
0
0
0
0
0
0
0
0
0
0
0
0
0
0
0
0
0
0
0
0
0
0
0
0
0
0
0
0
0
0
0
0
0
0
0
0
0
0
0
0
0
0
0
0
0
0
0
0
0
0
0
0
0
0
0
0
0
0
0
0
0
0
0
0
0
0
0
0
0
0
0
0
0
0
0
0
0
0
0
0
0
0
0
0
0
0
0
0
0
0
0
0
0
0
0
0
0
0
0
0
0
0
0
0
0
0
0
0
0
0
0
0
0
0
0
0
0
0
0
0
0
0
0
0
0
0
0
0
0
0
0
0
0
0
0
0
0
0
0
0
0
0
0
0
0
0
0
0
0
0
0
0
0
0
0
0
0
0
0
0
0
0
0
0
0
0
0
0
0
0
0
0
0
0
0
0
0
0
0
0
0
0
0
0
0
0
0
0
0
0
0
0
0
0
0
0
0
0
0
0
0
0
0
0
0
0
0
0
0
0
0
0
0
0
0
0
0
0
0
0
0
0
0
0
0
0
0
0
0
0
0
0
0
0
0
0
0
0
0
0
0
0
0
0
0
0
0
0
0
0
0
0
0
0
0
0
0
0
0
0
0
0
0
0
0
0
0
0
0
0
0
0
0
0
0
0
0
0
0
0
0
0
0
0
0
0
0
0
0
0
0
0
0
0
0
0
0
0
0
0
0
0
0
0
0
0
0
0
0
0
0
0
0
0
0
0
0
0
0
0
0
0
0
0
0
0
0
0
0
0
0
0
0
0
0
0
0
0
0
0
0
0
0
0
0
0
0
0
0
0
0
0
0
0
0
0
0
0
0
0
0
0
0
0
0
0
0
0
0
0
0
0
0
0
0
0
0
0
0
0
0
0
0
0
0
0
0
0
0
0
0
0
0
0
0
0
0
0
0
0
0
0
0
0
0
0
0
0
0
0
0
0
0
0
0
0
0
0
0
0
0
0
0
0
0
0
0
0
0
0
0
0
0
0
0
0
0
0
0
0
0
0
0
0
0
0
0
0
0
0
0
0
0
0
0
0
0
0
0
0
0
0
0
0
0
0
0
0
0
0
0
0
0
0
0
0
0
0
0
0
0
0
0
0
0
0
0
0
0
0
0
0
0
0
0
0
0
0
0
0
0
0
0
0
0
0
0
0
0
0
0
0
0
0
0
0
0
0
0
0
0
0
0
0
0
0
0
0
0
0
0
0
0
0
0
0
0
0
0
0
0
0
0
0
0
0
0
0
0
0
0
0
0
0
0
0
0
0
0
0
0
0
0
0
0
0
0
0
0
0
0
0
0
0
0
0
0
0
0
0
0
0
0
0
0
0
0
0
0
0
0
0
0
0
0
0
0
0
0
0
0
0
0
0
0
0
0
0
0
0
0
0
0
0
0
0
0
0
0
0
0
0
0
0
0
0
0
0
0
0
0
0
0
0
0
0
0
0
0
0
0
0
0
0
0
0
0
0
0
0
0
0
0
0
0
0
0
0
0
0
0
0
0
0
0
0
0
0
0
0
0
0
0
0
0
0
0
0
0
0
0
0
0
0
0
0
0
0
0
0
0
0
0
0
0
0
0
0
0
0
0
0
0
0
0
0
0
0
0
0
0
0
0
0
0
0
0
0
0
0
0
0
0
0
0
0
0
0
0
0
0
0
0
0
0
0
0
0
0
0
0
0
0
0
0
0
0
0
0
0
0
0
0
0
0
0
0
0
0
0
0
0
0
0
0
0
0
0
0
0
0
0
0
0
0
0
0
0
0
0
0
0
0
0
0
0
0
0
0
0
0
0
0
0
0
0
0
0
0
0
0
0
0
0
0
0
0
0
0
0
0
0
0
0
0
0
0
0
0
0
0
0
0
0
0
0
0
0
0
0
0
0
0
0
0
0
0
0
0
0
0
0
0
0
0
0
0
0
0
0
0
0
0
0
0
0
0
0
0
0
0
0
0
0
0
0
0
0
0
0
0
0
0
0
0
0
0
0
0
0
0
0
0
0
0
0
0
0
0
0
0
0
0
0
0
0
0
0
0
0
0
0
0
0
0
0
0
0
0
0
0
0
0
0
0
0
0
0
0
0
0
0
0
0
0
0
0
0
0
0
0
0
0
0
0
0
0
0
0
0
0
0
0
0
0
0
0
0
0
0
0
0
0
0
0
0
0
0
0
0
0
0
0
0
0
0
0
0
0
0
0
0
0
0
0
0
0
0
0
0
0
0
0
0
0
0
0
0
0
0
0
0
0
0
0
0
0
0
0
0
0
0
0
0
0
0
0
0
0
0
0
0
0
0
0
0
0
0
0
0
0
0
0
0
0
0
0
0
0
0
0
0
0
0
0
0
0
0
0
0
0
0
0
0
0
0
0
0
0
0
0
0
0
0
0
0
0
0
0
0
0
0
0
0
0
0
0
0
0
0
0
0
0
0
0
0
0
0
0
0
0
0
0
0
0
0
0
0
0
0
0
0
0
0
0
0
0
0
0
0
0
0
0
0
0
0
0
0
0
0
0
0
0
0
0
0
0
0
0
0
0
0
0
0
0
0
0
0
0
0
0
0
0
0
0
0
0
0
0
0
0
0
0
0
0
0
0
0
0
0
0
0
0
0
0
0
0
0
0
0
0
0
0
0
0
0
0
0
0
0
0
0
0
0
0
0
0
0
0
0
0
0
0
0
0
0
0
0
0
0
0
0
0
0
0
0
0
0
0
0
0
0
0
0
0
0
0
0
0
0
0
0
0
0
0
0
0
0
0
0
0
0
0
0
0
0
0
0
0
0
0
0
0
0
0
0
0
0
0
0
0
0
0
0
0
0
0
0
0
0
0
0
0
0
0
0
0
0
0
0
0
0
0
0
0
0
0
0
0
0
0
0
0
0
0
0
0
0
0
0
0
0
0
0
0
0
0
0
0
0
0
0
0
0
0
0
0
0
0
0
0
0
0
0
0
0
0
0
0
0
0
0
0
0
0
0
0
0
0
0
0
0
0
0
0
0
0
0
0
0
0
0
0
0
0
0
0
0
0
0
0
0
0
0
0
0
0
0
0
0
0
0
0
0
0
0
0
0
0
0
0
0
0
0
0
0
0
0
0
0
0
0
0
0
0
0
0
0
0
0
0
0
0
0
0
0
0
0
0
0
0
0
0
0
0
0
0
0
0
0
0
0
0
0
0
0
0
0
0
0
0
0
0
0
0
0
0
0
0
0
0
0
0
0
0
0
0
0
0
0
0
0
0
0
0
0
0
0
0
0
0
0
0
0
0
0
0
0
0
0
0
0
0
0
0
0
0
0
0
0
0
0
0
0
0
0
0
0
0
0
0
0
0
0
0
0
0
0
0
0
0
0
0
0
0
0
0
0
0
0
0
0
0
0
0
0
0
0
0
0
0
0
0
0
0
0
0
0
0
0
0
0
0
0
0
0
0
0
0
0
0
0
0
0
0
0
0
0
0
0
0
0
0
0
0
0
0
0
0
0
0
0
0
0
0
0
0
0
0
0
0
0
0
0
0
0
0
0
0
0
0
0
0
0
0
0
0
0
0
0
0
0
0
0
0
0
0
0
0
0
0
0
0
0
0
0
0
0
0
0
0
0
0
0
0
0
0
0
0
0
0
0
0
0
0
0
0
0
0
0
0
0
0
0
0
0
0
0
0
0
0
0
0
0
0
0
0
0
0
0
0
0
0
0
0
0
0
0
0
0
0
0
0
0
0
0
0
0
0
0
0
0
0
0
0
0
0
0
0
0
0
0
0
0
0
0
0
0
0
0
0
0
0
0
0
0
0
0
0
0
0
0
0
0
0
0
0
0
0
0
0
0
0
0
0
0
0
0
0
0
0
0
0
0
0
0
0
0
0
0
0
0
0
0
0
0
0
0
0
0
0
0
0
0
0
0
0
0
0
0
0
0
0
0
0
0
0
0
0
0
0
0
0
0
0
0
0
0
0
0
0
0
0
0
0
0
0
0
0
0
0
0
0
0
0
0
0
0
0
0
0
0
0
0
0
0
0
0
0
0
0
0
0
0
0
0
0
0
0
0
0
0
0
0
0
0
0
0
0
0
0
0
0
0
0
0
0
0
0
0
0
0
0
0
0
0
0
0
0
0
0
0
0
0
0
0
0
0
0
0
0
0
0
0
0
0
0
0
0
0
0
0
0
0
0
0
0
0
0
0
0
0
0
0
0
0
0
0
0
0
0
0
0
0
0
0
0
0
0
0
0
0
0
0
0
0
0
0
0
0
0
0
0
0
0
0
0
0
0
0
0
0
0
0
0
0
0
0
0
0
0
0
0
0
0
0
0
0
0
0
0
0
0
0
0
0
0
0
0
0
0
0
0
0
0
0
0
0
0
0
0
0
0
0
0
0
0
0
0
0
0
0
0
0
0
0
0
0
0
0
0
0
0
0
0
0
0
0
0
0
0
0
0
0
0
0
0
0
0
0
0
0
0
0
0
0
0
0
0
0
0
0
0
0
0
0
0
0
0
0
0
0
0
0
0
0
0
0
0
0
0
0
0
0
0
0
0
0
0
0
0
0
0
0
0
0
0
0
0
0
0
0
0
1.345101e+16
1.710553e+16
1.981998e+16
2.150598e+16
2.2108e+16
2.161129e+16
2.004435e+16
1.747773e+16
1.401874e+16
9.829452e+15
1.345101e+16
1.710552e+16
1.981997e+16
2.150598e+16
2.2108e+16
2.161129e+16
2.004434e+16
1.747773e+16
1.401873e+16
9.829449e+15
1.31225e+16
1.656757e+16
1.916831e+16
2.080262e+16
2.140145e+16
2.094629e+16
1.946687e+16
1.704262e+16
1.380606e+16
9.943169e+15
1.337375e+16
1.696114e+16
1.964153e+16
2.13157e+16
2.192219e+16
2.144444e+16
1.991177e+16
1.739906e+16
1.402199e+16
9.935066e+15
1.337375e+16
1.696114e+16
1.964152e+16
2.131569e+16
2.192219e+16
2.144443e+16
1.991176e+16
1.739905e+16
1.402198e+16
9.935062e+15
1.342259e+16
1.707402e+16
1.978367e+16
2.146583e+16
2.206605e+16
2.156949e+16
2.000373e+16
1.743737e+16
1.397421e+16
9.772483e+15
1.345102e+16
1.710553e+16
1.981998e+16
2.150598e+16
2.2108e+16
2.161129e+16
2.004435e+16
1.747773e+16
1.401874e+16
9.829451e+15
1.31225e+16
1.656757e+16
1.916831e+16
2.080262e+16
2.140146e+16
2.094629e+16
1.946688e+16
1.704263e+16
1.380607e+16
9.943173e+15
1.337375e+16
1.696114e+16
1.964153e+16
2.13157e+16
2.192219e+16
2.144444e+16
1.991177e+16
1.739906e+16
1.402199e+16
9.935066e+15
1.342259e+16
1.707402e+16
1.978368e+16
2.146583e+16
2.206605e+16
2.156949e+16
2.000373e+16
1.743737e+16
1.397421e+16
9.772482e+15
1.337376e+16
1.696115e+16
1.964153e+16
2.13157e+16
2.192219e+16
2.144444e+16
1.991176e+16
1.739905e+16
1.402199e+16
9.935063e+15
1.345102e+16
1.710553e+16
1.981998e+16
2.150598e+16
2.2108e+16
2.161129e+16
2.004434e+16
1.747773e+16
1.401874e+16
9.829448e+15
1.31225e+16
1.656757e+16
1.916832e+16
2.080262e+16
2.140146e+16
2.09463e+16
1.946688e+16
1.704263e+16
1.380607e+16
9.943177e+15
1.337375e+16
1.696114e+16
1.964152e+16
2.131569e+16
2.192219e+16
2.144443e+16
1.991176e+16
1.739905e+16
1.402198e+16
9.935062e+15
1.345102e+16
1.710553e+16
1.981998e+16
2.150598e+16
2.210799e+16
2.161128e+16
2.004433e+16
1.747772e+16
1.401873e+16
9.829443e+15
1.337376e+16
1.696115e+16
1.964153e+16
2.13157e+16
2.192219e+16
2.144444e+16
1.991177e+16
1.739905e+16
1.402199e+16
9.935063e+15
1.342259e+16
1.707402e+16
1.978367e+16
2.146582e+16
2.206604e+16
2.156947e+16
2.000371e+16
1.743735e+16
1.397419e+16
9.772471e+15
1.345102e+16
1.710553e+16
1.981997e+16
2.150598e+16
2.210799e+16
2.161128e+16
2.004433e+16
1.747771e+16
1.401873e+16
9.829441e+15
1.345102e+16
1.710553e+16
1.981997e+16
2.150598e+16
2.210799e+16
2.161128e+16
2.004433e+16
1.747771e+16
1.401872e+16
9.829441e+15
1.31225e+16
1.656757e+16
1.916831e+16
2.080262e+16
2.140146e+16
2.09463e+16
1.946688e+16
1.704263e+16
1.380607e+16
9.943178e+15
1.337375e+16
1.696114e+16
1.964152e+16
2.13157e+16
2.192219e+16
2.144444e+16
1.991176e+16
1.739905e+16
1.402199e+16
9.935062e+15
1.345101e+16
1.710552e+16
1.981997e+16
2.150597e+16
2.210799e+16
2.161128e+16
2.004433e+16
1.747771e+16
1.401872e+16
9.829441e+15
1.342259e+16
1.707402e+16
1.978367e+16
2.146582e+16
2.206604e+16
2.156948e+16
2.000372e+16
1.743735e+16
1.397419e+16
9.772471e+15
1.337375e+16
1.696114e+16
1.964152e+16
2.131569e+16
2.192219e+16
2.144443e+16
1.991176e+16
1.739905e+16
1.402198e+16
9.935061e+15
1.345101e+16
1.710552e+16
1.981997e+16
2.150597e+16
2.210799e+16
2.161127e+16
2.004432e+16
1.747771e+16
1.401872e+16
9.829439e+15
1.337375e+16
1.696114e+16
1.964152e+16
2.131569e+16
2.192218e+16
2.144442e+16
1.991175e+16
1.739904e+16
1.402198e+16
9.935058e+15
1.345101e+16
1.710552e+16
1.981997e+16
2.150597e+16
2.210799e+16
2.161127e+16
2.004432e+16
1.747771e+16
1.401872e+16
9.82944e+15
1.342259e+16
1.707401e+16
1.978366e+16
2.146582e+16
2.206603e+16
2.156947e+16
2.000371e+16
1.743735e+16
1.397419e+16
9.77247e+15
1.31225e+16
1.656757e+16
1.916831e+16
2.080262e+16
2.140145e+16
2.094629e+16
1.946688e+16
1.704262e+16
1.380607e+16
9.943171e+15
1.337375e+16
1.696114e+16
1.964152e+16
2.131569e+16
2.192218e+16
2.144443e+16
1.991176e+16
1.739904e+16
1.402198e+16
9.935058e+15
1.31225e+16
1.656757e+16
1.916831e+16
2.080261e+16
2.140145e+16
2.094628e+16
1.946687e+16
1.704261e+16
1.380606e+16
9.943167e+15
1.337375e+16
1.696114e+16
1.964152e+16
2.131569e+16
2.192218e+16
2.144443e+16
1.991175e+16
1.739904e+16
1.402198e+16
9.935058e+15
1.342259e+16
1.707401e+16
1.978367e+16
2.146582e+16
2.206603e+16
2.156947e+16
2.000371e+16
1.743735e+16
1.397419e+16
9.772472e+15
1.337375e+16
1.696114e+16
1.964152e+16
2.131569e+16
2.192218e+16
2.144443e+16
1.991176e+16
1.739904e+16
1.402198e+16
9.935059e+15
1.345101e+16
1.710552e+16
1.981997e+16
2.150597e+16
2.210799e+16
2.161128e+16
2.004433e+16
1.747771e+16
1.401872e+16
9.82944e+15
1.345101e+16
1.710552e+16
1.981997e+16
2.150597e+16
2.210799e+16
2.161128e+16
2.004433e+16
1.747772e+16
1.401873e+16
9.829443e+15
1.30061e+16
1.649762e+16
1.909045e+16
2.070042e+16
2.127174e+16
2.078763e+16
1.927313e+16
1.679295e+16
1.344299e+16
9.359388e+15
1.20455e+16
1.504783e+16
1.733013e+16
1.876794e+16
1.928635e+16
1.886056e+16
1.751321e+16
1.531419e+16
1.237962e+16
8.835914e+15
1.249714e+16
1.575336e+16
1.818943e+16
1.971134e+16
2.025574e+16
1.980184e+16
1.837277e+16
1.603341e+16
1.287947e+16
9.008355e+15
1.319929e+16
1.676928e+16
1.941778e+16
2.106149e+16
2.164599e+16
2.115548e+16
1.961578e+16
1.709241e+16
1.368327e+16
9.534415e+15
1.30061e+16
1.649762e+16
1.909045e+16
2.070042e+16
2.127173e+16
2.078762e+16
1.927312e+16
1.679294e+16
1.344299e+16
9.359384e+15
1.249714e+16
1.575336e+16
1.818943e+16
1.971134e+16
2.025573e+16
1.980183e+16
1.837276e+16
1.60334e+16
1.287947e+16
9.008352e+15
1.204551e+16
1.504783e+16
1.733013e+16
1.876794e+16
1.928635e+16
1.886056e+16
1.751321e+16
1.531418e+16
1.237961e+16
8.835906e+15
1.30061e+16
1.649763e+16
1.909045e+16
2.070042e+16
2.127174e+16
2.078763e+16
1.927313e+16
1.679295e+16
1.344299e+16
9.359388e+15
1.30061e+16
1.649763e+16
1.909045e+16
2.070042e+16
2.127174e+16
2.078762e+16
1.927312e+16
1.679294e+16
1.344299e+16
9.359383e+15
1.249715e+16
1.575337e+16
1.818943e+16
1.971134e+16
2.025573e+16
1.980183e+16
1.837276e+16
1.60334e+16
1.287946e+16
9.008348e+15
1.249715e+16
1.575337e+16
1.818943e+16
1.971134e+16
2.025574e+16
1.980184e+16
1.837277e+16
1.603341e+16
1.287946e+16
9.008353e+15
1.319929e+16
1.676929e+16
1.941778e+16
2.106149e+16
2.1646e+16
2.115549e+16
1.961578e+16
1.709241e+16
1.368327e+16
9.534416e+15
1.319929e+16
1.676929e+16
1.941778e+16
2.106148e+16
2.164598e+16
2.115546e+16
1.961576e+16
1.709238e+16
1.368324e+16
9.534399e+15
1.300611e+16
1.649763e+16
1.909045e+16
2.070041e+16
2.127172e+16
2.07876e+16
1.92731e+16
1.679291e+16
1.344296e+16
9.359368e+15
1.300611e+16
1.649763e+16
1.909045e+16
2.070041e+16
2.127172e+16
2.07876e+16
1.92731e+16
1.679292e+16
1.344297e+16
9.35937e+15
1.249715e+16
1.575336e+16
1.818943e+16
1.971133e+16
2.025572e+16
1.980181e+16
1.837273e+16
1.603337e+16
1.287943e+16
9.008328e+15
1.249715e+16
1.575337e+16
1.818943e+16
1.971133e+16
2.025572e+16
1.980181e+16
1.837273e+16
1.603337e+16
1.287943e+16
9.00833e+15
1.204551e+16
1.504783e+16
1.733012e+16
1.876793e+16
1.928633e+16
1.886053e+16
1.751317e+16
1.531415e+16
1.237958e+16
8.835882e+15
1.249715e+16
1.575336e+16
1.818943e+16
1.971133e+16
2.025572e+16
1.980181e+16
1.837273e+16
1.603337e+16
1.287943e+16
9.008327e+15
1.249715e+16
1.575336e+16
1.818943e+16
1.971133e+16
2.025571e+16
1.98018e+16
1.837273e+16
1.603337e+16
1.287943e+16
9.008327e+15
1.30061e+16
1.649763e+16
1.909044e+16
2.070041e+16
2.127172e+16
2.07876e+16
1.92731e+16
1.679292e+16
1.344297e+16
9.359368e+15
1.300611e+16
1.649763e+16
1.909044e+16
2.070041e+16
2.127172e+16
2.078761e+16
1.92731e+16
1.679292e+16
1.344297e+16
9.359368e+15
1.204551e+16
1.504782e+16
1.733012e+16
1.876793e+16
1.928633e+16
1.886053e+16
1.751317e+16
1.531414e+16
1.237958e+16
8.83588e+15
1.319929e+16
1.676928e+16
1.941777e+16
2.106148e+16
2.164598e+16
2.115547e+16
1.961576e+16
1.709238e+16
1.368325e+16
9.534398e+15
1.30061e+16
1.649762e+16
1.909044e+16
2.07004e+16
2.127172e+16
2.07876e+16
1.92731e+16
1.679291e+16
1.344296e+16
9.359368e+15
1.319929e+16
1.676928e+16
1.941777e+16
2.106148e+16
2.164598e+16
2.115546e+16
1.961575e+16
1.709238e+16
1.368324e+16
9.534398e+15
1.30061e+16
1.649762e+16
1.909044e+16
2.070041e+16
2.127172e+16
2.07876e+16
1.92731e+16
1.679291e+16
1.344296e+16
9.359367e+15
1.249714e+16
1.575336e+16
1.818942e+16
1.971133e+16
2.025571e+16
1.98018e+16
1.837273e+16
1.603337e+16
1.287943e+16
9.008328e+15
1.249714e+16
1.575336e+16
1.818942e+16
1.971132e+16
2.025571e+16
1.98018e+16
1.837273e+16
1.603337e+16
1.287943e+16
9.00833e+15
1.20455e+16
1.504782e+16
1.733012e+16
1.876793e+16
1.928633e+16
1.886053e+16
1.751317e+16
1.531415e+16
1.237958e+16
8.835883e+15
1.319928e+16
1.676928e+16
1.941777e+16
2.106148e+16
2.164598e+16
2.115547e+16
1.961576e+16
1.709239e+16
1.368325e+16
9.534404e+15
1.30061e+16
1.649762e+16
1.909044e+16
2.070041e+16
2.127172e+16
2.078761e+16
1.927311e+16
1.679293e+16
1.344298e+16
9.359377e+15
1.20455e+16
1.504782e+16
1.733012e+16
1.876793e+16
1.928634e+16
1.886054e+16
1.751319e+16
1.531417e+16
1.23796e+16
8.835896e+15
1.30061e+16
1.649762e+16
1.909044e+16
2.070041e+16
2.127172e+16
2.07876e+16
1.92731e+16
1.679292e+16
1.344297e+16
9.359372e+15
1.249714e+16
1.575335e+16
1.818942e+16
1.971133e+16
2.025572e+16
1.980182e+16
1.837275e+16
1.603339e+16
1.287945e+16
9.008342e+15
1.249714e+16
1.575335e+16
1.818942e+16
1.971133e+16
2.025572e+16
1.980181e+16
1.837274e+16
1.603338e+16
1.287944e+16
9.008338e+15
1.315819e+16
1.67304e+16
1.937838e+16
2.102016e+16
2.160286e+16
2.111125e+16
1.957071e+16
1.704555e+16
1.363295e+16
9.483353e+15
1.338708e+16
1.703712e+16
1.974357e+16
2.142213e+16
2.201967e+16
2.152177e+16
1.995547e+16
1.738802e+16
1.392179e+16
9.716765e+15
1.338708e+16
1.703711e+16
1.974357e+16
2.142213e+16
2.201967e+16
2.152176e+16
1.995547e+16
1.738801e+16
1.392179e+16
9.716761e+15
1.315819e+16
1.673041e+16
1.937838e+16
2.102016e+16
2.160287e+16
2.111125e+16
1.957072e+16
1.704556e+16
1.363295e+16
9.483357e+15
1.291962e+16
1.642112e+16
1.901612e+16
2.062463e+16
2.119435e+16
2.07096e+16
1.919437e+16
1.671042e+16
1.335106e+16
9.261142e+15
1.291962e+16
1.642112e+16
1.901612e+16
2.062463e+16
2.119436e+16
2.07096e+16
1.919437e+16
1.671042e+16
1.335106e+16
9.261143e+15
1.31582e+16
1.673041e+16
1.937839e+16
2.102017e+16
2.160288e+16
2.111126e+16
1.957073e+16
1.704557e+16
1.363296e+16
9.483364e+15
1.291962e+16
1.642113e+16
1.901613e+16
2.062464e+16
2.119437e+16
2.070961e+16
1.919438e+16
1.671043e+16
1.335108e+16
9.261152e+15
1.338708e+16
1.703712e+16
1.974358e+16
2.142214e+16
2.201968e+16
2.152178e+16
1.995548e+16
1.738803e+16
1.392181e+16
9.716772e+15
1.291962e+16
1.642113e+16
1.901613e+16
2.062464e+16
2.119437e+16
2.070961e+16
1.919438e+16
1.671043e+16
1.335108e+16
9.261152e+15
1.338708e+16
1.703712e+16
1.974358e+16
2.142214e+16
2.201969e+16
2.152178e+16
1.995549e+16
1.738803e+16
1.392181e+16
9.716771e+15
1.31582e+16
1.673041e+16
1.937839e+16
2.102017e+16
2.160288e+16
2.111127e+16
1.957073e+16
1.704557e+16
1.363297e+16
9.483364e+15
1.338708e+16
1.703712e+16
1.974358e+16
2.142213e+16
2.201968e+16
2.152176e+16
1.995547e+16
1.738801e+16
1.392179e+16
9.716761e+15
1.338708e+16
1.703712e+16
1.974358e+16
2.142213e+16
2.201967e+16
2.152176e+16
1.995547e+16
1.738801e+16
1.392179e+16
9.71676e+15
1.31582e+16
1.673041e+16
1.937839e+16
2.102017e+16
2.160287e+16
2.111125e+16
1.957072e+16
1.704555e+16
1.363295e+16
9.483354e+15
1.31582e+16
1.673041e+16
1.937839e+16
2.102016e+16
2.160286e+16
2.111124e+16
1.957071e+16
1.704554e+16
1.363294e+16
9.483347e+15
1.291963e+16
1.642113e+16
1.901613e+16
2.062464e+16
2.119436e+16
2.07096e+16
1.919436e+16
1.671041e+16
1.335106e+16
9.261137e+15
1.291963e+16
1.642113e+16
1.901613e+16
2.062464e+16
2.119435e+16
2.070959e+16
1.919436e+16
1.671041e+16
1.335105e+16
9.261134e+15
1.31582e+16
1.673041e+16
1.937838e+16
2.102016e+16
2.160286e+16
2.111124e+16
1.95707e+16
1.704553e+16
1.363293e+16
9.483342e+15
1.291963e+16
1.642113e+16
1.901612e+16
2.062463e+16
2.119435e+16
2.070959e+16
1.919435e+16
1.67104e+16
1.335104e+16
9.261126e+15
1.338708e+16
1.703712e+16
1.974357e+16
2.142213e+16
2.201967e+16
2.152176e+16
1.995546e+16
1.7388e+16
1.392178e+16
9.716755e+15
1.291963e+16
1.642113e+16
1.901612e+16
2.062463e+16
2.119435e+16
2.070959e+16
1.919435e+16
1.67104e+16
1.335104e+16
9.261127e+15
1.338708e+16
1.703712e+16
1.974357e+16
2.142213e+16
2.201967e+16
2.152176e+16
1.995546e+16
1.7388e+16
1.392178e+16
9.716754e+15
1.31582e+16
1.673041e+16
1.937838e+16
2.102016e+16
2.160286e+16
2.111124e+16
1.957071e+16
1.704554e+16
1.363294e+16
9.483343e+15
1.338708e+16
1.703712e+16
1.974357e+16
2.142213e+16
2.201967e+16
2.152175e+16
1.995546e+16
1.7388e+16
1.392178e+16
9.716755e+15
1.31582e+16
1.673041e+16
1.937838e+16
2.102016e+16
2.160285e+16
2.111124e+16
1.95707e+16
1.704553e+16
1.363293e+16
9.483343e+15
1.291963e+16
1.642113e+16
1.901612e+16
2.062463e+16
2.119434e+16
2.070958e+16
1.919435e+16
1.67104e+16
1.335104e+16
9.261127e+15
1.31582e+16
1.673041e+16
1.937838e+16
2.102016e+16
2.160286e+16
2.111124e+16
1.95707e+16
1.704554e+16
1.363293e+16
9.483343e+15
1.338708e+16
1.703712e+16
1.974357e+16
2.142213e+16
2.201967e+16
2.152176e+16
1.995546e+16
1.738801e+16
1.392178e+16
9.716756e+15
1.291963e+16
1.642113e+16
1.901612e+16
2.062463e+16
2.119435e+16
2.070959e+16
1.919435e+16
1.67104e+16
1.335105e+16
9.261128e+15
1.338708e+16
1.703711e+16
1.974357e+16
2.142212e+16
2.201966e+16
2.152175e+16
1.995545e+16
1.7388e+16
1.392178e+16
9.716755e+15
1.338708e+16
1.703711e+16
1.974357e+16
2.142212e+16
2.201966e+16
2.152175e+16
1.995545e+16
1.7388e+16
1.392178e+16
9.716754e+15
1.315819e+16
1.67304e+16
1.937838e+16
2.102015e+16
2.160285e+16
2.111123e+16
1.95707e+16
1.704553e+16
1.363293e+16
9.483344e+15
1.291962e+16
1.642112e+16
1.901611e+16
2.062462e+16
2.119434e+16
2.070958e+16
1.919435e+16
1.671039e+16
1.335104e+16
9.261129e+15
1.315819e+16
1.67304e+16
1.937838e+16
2.102015e+16
2.160285e+16
2.111124e+16
1.95707e+16
1.704553e+16
1.363293e+16
9.483345e+15
1.291962e+16
1.642112e+16
1.901611e+16
2.062462e+16
2.119434e+16
2.070958e+16
1.919435e+16
1.67104e+16
1.335105e+16
9.261129e+15
0
0
0
0
0
0
0
0
0
0
0
0
0
0
0
0
0
0
0
0
0
0
0
0
0
0
0
0
0
0
0
0
0
0
0
0
0
0
0
0
0
0
0
0
0
0
0
0
0
0
0
0
0
0
0
0
0
0
0
0
0
0
0
0
0
0
0
0
0
0
0
0
0
0
0
0
0
0
0
0
0
0
0
0
0
0
0
0
0
0
0
0
0
0
0
0
0
0
0
0
0
0
0
0
0
0
0
0
0
0
0
0
0
0
0
0
0
0
0
0
0
0
0
0
0
0
0
0
0
0
0
0
0
0
0
0
0
0
0
0
0
0
0
0
0
0
0
0
0
0
0
0
0
0
0
0
0
0
0
0
0
0
0
0
0
0
0
0
0
0
0
0
0
0
0
0
0
0
0
0
0
0
0
0
0
0
0
0
0
0
0
0
0
0
0
0
0
0
0
0
0
0
0
0
0
0
0
0
0
0
0
0
0
0
0
0
0
0
0
0
0
0
0
0
0
0
0
0
0
0
0
0
0
0
0
0
0
0
0
0
0
0
0
0
0
0
0
0
0
0
0
0
0
0
0
0
0
0
0
0
0
0
0
0
0
0
0
0
0
0
0
0
0
0
0
0
0
0
0
0
0
0
0
0
0
0
0
0
0
0
0
0
0
0
0
0
0
0
0
0
0
0
0
0
0
0
0
0
0
0
0
0
0
0
0
0
0
0
0
0
0
0
0
0
0
0
0
0
0
0
0
0
0
0
0
0
0
0
0
0
0
0
0
0
0
0
0
0
0
0
0
0
0
0
0
0
0
0
0
0
1.227491e+16
1.547244e+16
1.786445e+16
1.935873e+16
1.989272e+16
1.944556e+16
1.803936e+16
1.573689e+16
1.263022e+16
8.809376e+15
1.164391e+16
1.454607e+16
1.675275e+16
1.814325e+16
1.864437e+16
1.823143e+16
1.692547e+16
1.479264e+16
1.194171e+16
8.478734e+15
1.25222e+16
1.58798e+16
1.837269e+16
1.992011e+16
2.046762e+16
1.999791e+16
1.853364e+16
1.613499e+16
1.289125e+16
8.929278e+15
1.221437e+16
1.551363e+16
1.796074e+16
1.947868e+16
2.001568e+16
1.955504e+16
1.811797e+16
1.576118e+16
1.256979e+16
8.672253e+15
1.153005e+16
1.454347e+16
1.679887e+16
1.820816e+16
1.871161e+16
1.828879e+16
1.695945e+16
1.478074e+16
1.183554e+16
8.198758e+15
1.175491e+16
1.492391e+16
1.727788e+16
1.873936e+16
1.925648e+16
1.881231e+16
1.742706e+16
1.51556e+16
1.207966e+16
8.31524e+15
1.175492e+16
1.492391e+16
1.727788e+16
1.873937e+16
1.925648e+16
1.881231e+16
1.742707e+16
1.515561e+16
1.207966e+16
8.315239e+15
1.153006e+16
1.454348e+16
1.679887e+16
1.820817e+16
1.871162e+16
1.82888e+16
1.695945e+16
1.478075e+16
1.183555e+16
8.198754e+15
1.164392e+16
1.454607e+16
1.675275e+16
1.814325e+16
1.864437e+16
1.823143e+16
1.692547e+16
1.479265e+16
1.194168e+16
8.478721e+15
1.221438e+16
1.551364e+16
1.796075e+16
1.947869e+16
2.001569e+16
1.955506e+16
1.811798e+16
1.576119e+16
1.256981e+16
8.672263e+15
1.252221e+16
1.58798e+16
1.83727e+16
1.992012e+16
2.046763e+16
1.999792e+16
1.853365e+16
1.6135e+16
1.289127e+16
8.929287e+15
1.227491e+16
1.547245e+16
1.786445e+16
1.935874e+16
1.989273e+16
1.944556e+16
1.803936e+16
1.57369e+16
1.263022e+16
8.809377e+15
1.221439e+16
1.551365e+16
1.796075e+16
1.947868e+16
2.001568e+16
1.955503e+16
1.811795e+16
1.576116e+16
1.256977e+16
8.67224e+15
1.252221e+16
1.587981e+16
1.83727e+16
1.992012e+16
2.046761e+16
1.99979e+16
1.853363e+16
1.613497e+16
1.289124e+16
8.929266e+15
1.175493e+16
1.492392e+16
1.727788e+16
1.873936e+16
1.925647e+16
1.881229e+16
1.742704e+16
1.515558e+16
1.207962e+16
8.315218e+15
1.164392e+16
1.454607e+16
1.675275e+16
1.814324e+16
1.864435e+16
1.82314e+16
1.692543e+16
1.479261e+16
1.194164e+16
8.478691e+15
1.227492e+16
1.547245e+16
1.786445e+16
1.935873e+16
1.989271e+16
1.944554e+16
1.803933e+16
1.573686e+16
1.263019e+16
8.809354e+15
1.153007e+16
1.454348e+16
1.679887e+16
1.820816e+16
1.87116e+16
1.828877e+16
1.695942e+16
1.478071e+16
1.183551e+16
8.198729e+15
1.252222e+16
1.587981e+16
1.837269e+16
1.992011e+16
2.046761e+16
1.999789e+16
1.853362e+16
1.613496e+16
1.289123e+16
8.929258e+15
1.221439e+16
1.551365e+16
1.796074e+16
1.947868e+16
2.001567e+16
1.955503e+16
1.811794e+16
1.576115e+16
1.256976e+16
8.672228e+15
1.227492e+16
1.547245e+16
1.786445e+16
1.935873e+16
1.989271e+16
1.944554e+16
1.803933e+16
1.573686e+16
1.263019e+16
8.80935e+15
1.175493e+16
1.492392e+16
1.727788e+16
1.873936e+16
1.925646e+16
1.881228e+16
1.742703e+16
1.515556e+16
1.207961e+16
8.315205e+15
1.164392e+16
1.454608e+16
1.675275e+16
1.814324e+16
1.864435e+16
1.82314e+16
1.692543e+16
1.479261e+16
1.194164e+16
8.478687e+15
1.153007e+16
1.454348e+16
1.679887e+16
1.820816e+16
1.87116e+16
1.828877e+16
1.695941e+16
1.47807e+16
1.18355e+16
8.198719e+15
1.252221e+16
1.58798e+16
1.837269e+16
1.992011e+16
2.04676e+16
1.999789e+16
1.853362e+16
1.613496e+16
1.289123e+16
8.92926e+15
1.164392e+16
1.454607e+16
1.675275e+16
1.814324e+16
1.864435e+16
1.82314e+16
1.692544e+16
1.479262e+16
1.194164e+16
8.478693e+15
1.175493e+16
1.492391e+16
1.727788e+16
1.873936e+16
1.925646e+16
1.881228e+16
1.742703e+16
1.515557e+16
1.207961e+16
8.315209e+15
1.153006e+16
1.454348e+16
1.679887e+16
1.820816e+16
1.87116e+16
1.828877e+16
1.695942e+16
1.478071e+16
1.183551e+16
8.198725e+15
1.227491e+16
1.547245e+16
1.786445e+16
1.935872e+16
1.989271e+16
1.944554e+16
1.803933e+16
1.573686e+16
1.263019e+16
8.809352e+15
1.221438e+16
1.551364e+16
1.796074e+16
1.947868e+16
2.001567e+16
1.955503e+16
1.811795e+16
1.576115e+16
1.256977e+16
8.672232e+15
1.175492e+16
1.49239e+16
1.727787e+16
1.873935e+16
1.925646e+16
1.881229e+16
1.742704e+16
1.515557e+16
1.207962e+16
8.315217e+15
1.25222e+16
1.587979e+16
1.837268e+16
1.992011e+16
2.04676e+16
1.999789e+16
1.853362e+16
1.613496e+16
1.289123e+16
8.929264e+15
1.227491e+16
1.547244e+16
1.786444e+16
1.935872e+16
1.989271e+16
1.944554e+16
1.803934e+16
1.573687e+16
1.26302e+16
8.809358e+15
1.221438e+16
1.551363e+16
1.796073e+16
1.947867e+16
2.001567e+16
1.955503e+16
1.811795e+16
1.576115e+16
1.256977e+16
8.672236e+15
1.153005e+16
1.454347e+16
1.679886e+16
1.820816e+16
1.87116e+16
1.828878e+16
1.695943e+16
1.478072e+16
1.183552e+16
8.198734e+15
1.164391e+16
1.454606e+16
1.675274e+16
1.814324e+16
1.864436e+16
1.823141e+16
1.692545e+16
1.479263e+16
1.194166e+16
8.478702e+15
1.175491e+16
1.49239e+16
1.727787e+16
1.873936e+16
1.925647e+16
1.88123e+16
1.742706e+16
1.51556e+16
1.207964e+16
8.315234e+15
1.25222e+16
1.587979e+16
1.837269e+16
1.992011e+16
2.046761e+16
1.999791e+16
1.853364e+16
1.613498e+16
1.289125e+16
8.929278e+15
1.221437e+16
1.551363e+16
1.796074e+16
1.947868e+16
2.001568e+16
1.955505e+16
1.811797e+16
1.576118e+16
1.256979e+16
8.672253e+15
1.22749e+16
1.547244e+16
1.786444e+16
1.935872e+16
1.989272e+16
1.944555e+16
1.803935e+16
1.573688e+16
1.263021e+16
8.809368e+15
1.153005e+16
1.454347e+16
1.679886e+16
1.820816e+16
1.87116e+16
1.828879e+16
1.695944e+16
1.478074e+16
1.183554e+16
8.198748e+15
1.164391e+16
1.454606e+16
1.675274e+16
1.814324e+16
1.864436e+16
1.823141e+16
1.692546e+16
1.479264e+16
1.194167e+16
8.47871e+15
1.164391e+16
1.454607e+16
1.675275e+16
1.814325e+16
1.864437e+16
1.823143e+16
1.692547e+16
1.479265e+16
1.194168e+16
8.478726e+15
1.153006e+16
1.454348e+16
1.679887e+16
1.820817e+16
1.871162e+16
1.82888e+16
1.695945e+16
1.478075e+16
1.183555e+16
8.198756e+15
1.227491e+16
1.547245e+16
1.786445e+16
1.935873e+16
1.989273e+16
1.944556e+16
1.803936e+16
1.57369e+16
1.263022e+16
8.80938e+15
1.252221e+16
1.58798e+16
1.83727e+16
1.992012e+16
2.046763e+16
1.999792e+16
1.853365e+16
1.6135e+16
1.289127e+16
8.929288e+15
1.175492e+16
1.492391e+16
1.727788e+16
1.873937e+16
1.925648e+16
1.881231e+16
1.742707e+16
1.515561e+16
1.207966e+16
8.31524e+15
1.221438e+16
1.551364e+16
1.796074e+16
1.947869e+16
2.001569e+16
1.955506e+16
1.811798e+16
1.576119e+16
1.256981e+16
8.672262e+15
1.175493e+16
1.492392e+16
1.727789e+16
1.873937e+16
1.925647e+16
1.88123e+16
1.742705e+16
1.515558e+16
1.207963e+16
8.315222e+15
1.221439e+16
1.551365e+16
1.796075e+16
1.947868e+16
2.001568e+16
1.955504e+16
1.811796e+16
1.576117e+16
1.256978e+16
8.672243e+15
1.252221e+16
1.587981e+16
1.83727e+16
1.992012e+16
2.046762e+16
1.999791e+16
1.853364e+16
1.613498e+16
1.289124e+16
8.929271e+15
1.153007e+16
1.454349e+16
1.679888e+16
1.820817e+16
1.871161e+16
1.828879e+16
1.695944e+16
1.478073e+16
1.183553e+16
8.19874e+15
1.164392e+16
1.454608e+16
1.675276e+16
1.814326e+16
1.864437e+16
1.823143e+16
1.692547e+16
1.479264e+16
1.194167e+16
8.478712e+15
1.227492e+16
1.547245e+16
1.786446e+16
1.935874e+16
1.989273e+16
1.944556e+16
1.803935e+16
1.573688e+16
1.263021e+16
8.809366e+15
1.175493e+16
1.492392e+16
1.727788e+16
1.873936e+16
1.925646e+16
1.881228e+16
1.742703e+16
1.515556e+16
1.207961e+16
8.315205e+15
1.164393e+16
1.454608e+16
1.675275e+16
1.814324e+16
1.864435e+16
1.82314e+16
1.692544e+16
1.479261e+16
1.194164e+16
8.478691e+15
1.153007e+16
1.454348e+16
1.679887e+16
1.820816e+16
1.87116e+16
1.828877e+16
1.695942e+16
1.47807e+16
1.18355e+16
8.198721e+15
1.227492e+16
1.547245e+16
1.786445e+16
1.935873e+16
1.989271e+16
1.944554e+16
1.803933e+16
1.573686e+16
1.263019e+16
8.80935e+15
1.221439e+16
1.551365e+16
1.796074e+16
1.947868e+16
2.001567e+16
1.955503e+16
1.811794e+16
1.576115e+16
1.256976e+16
8.672228e+15
1.252222e+16
1.587981e+16
1.837269e+16
1.992011e+16
2.046761e+16
1.999789e+16
1.853362e+16
1.613496e+16
1.289123e+16
8.929257e+15
1.175493e+16
1.492392e+16
1.727788e+16
1.873936e+16
1.925646e+16
1.881228e+16
1.742703e+16
1.515556e+16
1.207961e+16
8.315208e+15
1.252221e+16
1.58798e+16
1.837269e+16
1.992011e+16
2.04676e+16
1.999789e+16
1.853362e+16
1.613496e+16
1.289123e+16
8.929259e+15
1.227492e+16
1.547245e+16
1.786445e+16
1.935872e+16
1.989271e+16
1.944554e+16
1.803933e+16
1.573686e+16
1.263019e+16
8.809351e+15
1.164392e+16
1.454607e+16
1.675275e+16
1.814324e+16
1.864435e+16
1.82314e+16
1.692543e+16
1.479261e+16
1.194164e+16
8.478688e+15
1.221439e+16
1.551364e+16
1.796074e+16
1.947868e+16
2.001567e+16
1.955503e+16
1.811794e+16
1.576115e+16
1.256977e+16
8.67223e+15
1.153007e+16
1.454348e+16
1.679887e+16
1.820816e+16
1.87116e+16
1.828877e+16
1.695941e+16
1.47807e+16
1.18355e+16
8.198721e+15
1.252221e+16
1.58798e+16
1.837268e+16
1.992011e+16
2.04676e+16
1.999789e+16
1.853362e+16
1.613496e+16
1.289123e+16
8.929262e+15
1.227491e+16
1.547244e+16
1.786444e+16
1.935872e+16
1.98927e+16
1.944553e+16
1.803933e+16
1.573686e+16
1.263019e+16
8.809353e+15
1.164391e+16
1.454606e+16
1.675274e+16
1.814323e+16
1.864434e+16
1.823139e+16
1.692543e+16
1.479261e+16
1.194164e+16
8.47869e+15
1.221438e+16
1.551363e+16
1.796073e+16
1.947867e+16
2.001567e+16
1.955502e+16
1.811794e+16
1.576115e+16
1.256977e+16
8.672234e+15
1.153006e+16
1.454347e+16
1.679886e+16
1.820815e+16
1.871159e+16
1.828876e+16
1.695941e+16
1.47807e+16
1.18355e+16
8.198726e+15
1.175492e+16
1.492391e+16
1.727787e+16
1.873935e+16
1.925646e+16
1.881228e+16
1.742703e+16
1.515557e+16
1.207962e+16
8.315213e+15
8.376514e+15
1.064419e+16
1.232097e+16
1.336296e+16
1.373592e+16
1.34272e+16
1.244928e+16
1.083642e+16
8.633983e+15
5.894091e+15
8.876898e+15
1.126701e+16
1.303726e+16
1.413771e+16
1.453029e+16
1.420125e+16
1.316418e+16
1.145633e+16
9.126424e+15
6.223677e+15
1.024593e+16
1.278748e+16
1.472022e+16
1.593987e+16
1.638087e+16
1.602005e+16
1.487416e+16
1.299753e+16
1.047288e+16
7.333206e+15
9.79308e+15
1.234401e+16
1.425124e+16
1.544434e+16
1.587247e+16
1.551715e+16
1.439348e+16
1.254599e+16
1.003218e+16
6.872515e+15
9.79308e+15
1.234401e+16
1.425124e+16
1.544434e+16
1.587247e+16
1.551715e+16
1.439348e+16
1.254599e+16
1.003219e+16
6.87251e+15
8.876897e+15
1.126701e+16
1.303726e+16
1.41377e+16
1.453029e+16
1.420125e+16
1.316418e+16
1.145633e+16
9.126418e+15
6.22368e+15
8.876915e+15
1.126702e+16
1.303727e+16
1.413771e+16
1.453029e+16
1.420124e+16
1.316416e+16
1.145632e+16
9.126403e+15
6.223661e+15
9.793095e+15
1.234402e+16
1.425125e+16
1.544434e+16
1.587247e+16
1.551714e+16
1.439346e+16
1.254598e+16
1.003216e+16
6.8725e+15
8.876913e+15
1.126702e+16
1.303727e+16
1.413771e+16
1.453029e+16
1.420124e+16
1.316417e+16
1.145632e+16
9.126406e+15
6.223664e+15
8.376529e+15
1.06442e+16
1.232098e+16
1.336297e+16
1.373592e+16
1.342719e+16
1.244926e+16
1.083641e+16
8.633968e+15
5.894076e+15
1.024595e+16
1.27875e+16
1.472023e+16
1.593988e+16
1.638087e+16
1.602005e+16
1.487416e+16
1.299754e+16
1.047284e+16
7.333202e+15
9.793093e+15
1.234402e+16
1.425125e+16
1.544434e+16
1.587247e+16
1.551715e+16
1.439347e+16
1.254599e+16
1.003217e+16
6.872505e+15
8.876923e+15
1.126703e+16
1.303727e+16
1.41377e+16
1.453027e+16
1.420122e+16
1.316414e+16
1.145629e+16
9.126375e+15
6.223638e+15
1.024596e+16
1.27875e+16
1.472023e+16
1.593987e+16
1.638086e+16
1.602002e+16
1.487413e+16
1.29975e+16
1.047281e+16
7.333175e+15
9.793102e+15
1.234402e+16
1.425125e+16
1.544434e+16
1.587246e+16
1.551713e+16
1.439344e+16
1.254595e+16
1.003213e+16
6.872478e+15
8.376538e+15
1.064421e+16
1.232098e+16
1.336296e+16
1.37359e+16
1.342717e+16
1.244924e+16
1.083638e+16
8.633937e+15
5.894051e+15
8.876923e+15
1.126702e+16
1.303727e+16
1.41377e+16
1.453027e+16
1.420122e+16
1.316414e+16
1.145629e+16
9.126372e+15
6.223636e+15
9.793103e+15
1.234402e+16
1.425125e+16
1.544434e+16
1.587246e+16
1.551712e+16
1.439344e+16
1.254595e+16
1.003213e+16
6.872474e+15
8.876931e+15
1.126703e+16
1.303728e+16
1.413771e+16
1.453027e+16
1.420122e+16
1.316413e+16
1.145628e+16
9.126366e+15
6.22363e+15
1.024596e+16
1.278751e+16
1.472024e+16
1.593988e+16
1.638086e+16
1.602002e+16
1.487413e+16
1.29975e+16
1.04728e+16
7.33317e+15
8.376547e+15
1.064422e+16
1.232099e+16
1.336297e+16
1.37359e+16
1.342717e+16
1.244923e+16
1.083637e+16
8.633929e+15
5.894043e+15
9.79311e+15
1.234403e+16
1.425126e+16
1.544434e+16
1.587246e+16
1.551712e+16
1.439343e+16
1.254594e+16
1.003212e+16
6.872469e+15
9.793108e+15
1.234403e+16
1.425125e+16
1.544434e+16
1.587246e+16
1.551712e+16
1.439344e+16
1.254595e+16
1.003213e+16
6.87247e+15
8.87693e+15
1.126703e+16
1.303728e+16
1.413771e+16
1.453027e+16
1.420122e+16
1.316413e+16
1.145628e+16
9.126367e+15
6.223629e+15
1.024595e+16
1.27875e+16
1.472023e+16
1.593987e+16
1.638085e+16
1.602002e+16
1.487413e+16
1.29975e+16
1.047281e+16
7.333176e+15
8.876918e+15
1.126702e+16
1.303727e+16
1.41377e+16
1.453027e+16
1.420122e+16
1.316414e+16
1.145629e+16
9.126375e+15
6.223638e+15
9.793098e+15
1.234402e+16
1.425125e+16
1.544433e+16
1.587245e+16
1.551712e+16
1.439344e+16
1.254595e+16
1.003213e+16
6.872476e+15
9.793097e+15
1.234402e+16
1.425124e+16
1.544433e+16
1.587245e+16
1.551712e+16
1.439344e+16
1.254595e+16
1.003213e+16
6.872478e+15
8.876917e+15
1.126702e+16
1.303726e+16
1.41377e+16
1.453027e+16
1.420122e+16
1.316414e+16
1.145629e+16
9.126377e+15
6.223639e+15
8.376533e+15
1.06442e+16
1.232098e+16
1.336296e+16
1.37359e+16
1.342717e+16
1.244924e+16
1.083638e+16
8.633941e+15
5.894053e+15
8.376515e+15
1.064419e+16
1.232096e+16
1.336295e+16
1.373591e+16
1.342718e+16
1.244926e+16
1.083641e+16
8.633968e+15
5.894076e+15
9.793079e+15
1.2344e+16
1.425123e+16
1.544433e+16
1.587246e+16
1.551714e+16
1.439346e+16
1.254598e+16
1.003216e+16
6.872504e+15
8.876897e+15
1.1267e+16
1.303725e+16
1.41377e+16
1.453028e+16
1.420124e+16
1.316417e+16
1.145632e+16
9.12641e+15
6.223666e+15
8.876899e+15
1.1267e+16
1.303725e+16
1.41377e+16
1.453027e+16
1.420123e+16
1.316416e+16
1.145632e+16
9.126403e+15
6.223661e+15
1.024593e+16
1.278748e+16
1.472021e+16
1.593986e+16
1.638086e+16
1.602003e+16
1.487415e+16
1.299753e+16
1.047283e+16
7.333198e+15
9.79308e+15
1.2344e+16
1.425123e+16
1.544433e+16
1.587246e+16
1.551714e+16
1.439346e+16
1.254598e+16
1.003216e+16
6.872498e+15
1.103876e+16
1.393556e+16
1.610346e+16
1.745848e+16
1.794346e+16
1.753869e+16
1.626259e+16
1.416866e+16
1.133239e+16
7.811987e+15
9.697611e+15
1.235129e+16
1.431764e+16
1.55385e+16
1.597297e+16
1.56074e+16
1.445766e+16
1.256607e+16
9.991259e+15
6.804104e+15
1.067769e+16
1.359975e+16
1.576911e+16
1.711577e+16
1.759371e+16
1.718816e+16
1.59172e+16
1.382922e+16
1.0995e+16
7.51132e+15
1.001454e+16
1.28046e+16
1.486976e+16
1.615013e+16
1.660602e+16
1.622493e+16
1.502365e+16
1.304596e+16
1.035593e+16
7.046315e+15
1.076332e+16
1.344733e+16
1.548849e+16
1.677561e+16
1.724021e+16
1.685867e+16
1.564936e+16
1.367102e+16
1.101625e+16
7.745766e+15
1.012872e+16
1.278111e+16
1.476465e+16
1.600498e+16
1.644975e+16
1.608034e+16
1.491285e+16
1.299426e+16
1.03873e+16
7.124619e+15
1.06777e+16
1.359976e+16
1.576912e+16
1.711578e+16
1.759372e+16
1.718816e+16
1.59172e+16
1.382921e+16
1.0995e+16
7.511315e+15
9.697623e+15
1.23513e+16
1.431765e+16
1.55385e+16
1.597298e+16
1.56074e+16
1.445766e+16
1.256606e+16
9.99124e+15
6.8041e+15
1.001455e+16
1.280461e+16
1.486977e+16
1.615014e+16
1.660603e+16
1.622493e+16
1.502365e+16
1.304595e+16
1.035592e+16
7.046307e+15
1.103877e+16
1.393556e+16
1.610347e+16
1.745849e+16
1.794346e+16
1.753869e+16
1.62626e+16
1.416864e+16
1.133243e+16
7.811992e+15
1.076333e+16
1.344734e+16
1.54885e+16
1.677561e+16
1.724021e+16
1.685867e+16
1.564936e+16
1.367099e+16
1.101613e+16
7.745783e+15
1.012874e+16
1.278112e+16
1.476466e+16
1.600499e+16
1.644975e+16
1.608034e+16
1.491284e+16
1.299425e+16
1.038725e+16
7.124623e+15
1.067771e+16
1.359977e+16
1.576912e+16
1.711577e+16
1.75937e+16
1.718814e+16
1.591717e+16
1.382918e+16
1.099497e+16
7.511288e+15
1.076334e+16
1.344734e+16
1.54885e+16
1.67756e+16
1.72402e+16
1.685865e+16
1.564933e+16
1.367096e+16
1.10161e+16
7.745758e+15
9.697634e+15
1.235131e+16
1.431766e+16
1.55385e+16
1.597296e+16
1.560738e+16
1.445763e+16
1.256603e+16
9.99121e+15
6.804074e+15
1.103878e+16
1.393557e+16
1.610346e+16
1.745848e+16
1.794345e+16
1.753867e+16
1.626257e+16
1.416861e+16
1.13324e+16
7.811966e+15
1.012875e+16
1.278112e+16
1.476466e+16
1.600498e+16
1.644974e+16
1.608032e+16
1.491282e+16
1.299422e+16
1.038722e+16
7.124597e+15
1.001456e+16
1.280462e+16
1.486977e+16
1.615013e+16
1.660601e+16
1.622491e+16
1.502362e+16
1.304592e+16
1.035589e+16
7.04628e+15
1.067772e+16
1.359977e+16
1.576912e+16
1.711577e+16
1.75937e+16
1.718813e+16
1.591716e+16
1.382916e+16
1.099495e+16
7.511275e+15
1.012875e+16
1.278113e+16
1.476467e+16
1.600498e+16
1.644973e+16
1.608031e+16
1.491281e+16
1.299421e+16
1.038721e+16
7.124586e+15
9.69764e+15
1.235131e+16
1.431766e+16
1.55385e+16
1.597296e+16
1.560737e+16
1.445762e+16
1.256602e+16
9.991196e+15
6.804062e+15
1.103878e+16
1.393557e+16
1.610347e+16
1.745848e+16
1.794345e+16
1.753866e+16
1.626256e+16
1.416859e+16
1.133238e+16
7.811954e+15
1.001457e+16
1.280463e+16
1.486977e+16
1.615013e+16
1.660601e+16
1.62249e+16
1.502361e+16
1.30459e+16
1.035587e+16
7.046266e+15
1.076335e+16
1.344735e+16
1.54885e+16
1.677561e+16
1.72402e+16
1.685865e+16
1.564933e+16
1.367095e+16
1.10161e+16
7.745748e+15
1.076334e+16
1.344734e+16
1.54885e+16
1.677561e+16
1.72402e+16
1.685865e+16
1.564934e+16
1.367096e+16
1.10161e+16
7.745757e+15
1.103878e+16
1.393557e+16
1.610346e+16
1.745848e+16
1.794344e+16
1.753867e+16
1.626256e+16
1.41686e+16
1.133239e+16
7.81196e+15
1.012874e+16
1.278112e+16
1.476466e+16
1.600498e+16
1.644973e+16
1.608031e+16
1.491281e+16
1.299421e+16
1.038722e+16
7.124593e+15
1.067771e+16
1.359977e+16
1.576912e+16
1.711577e+16
1.75937e+16
1.718813e+16
1.591716e+16
1.382917e+16
1.099496e+16
7.51128e+15
9.697632e+15
1.235131e+16
1.431765e+16
1.55385e+16
1.597296e+16
1.560737e+16
1.445762e+16
1.256602e+16
9.991202e+15
6.804067e+15
1.001456e+16
1.280462e+16
1.486977e+16
1.615013e+16
1.660601e+16
1.62249e+16
1.502362e+16
1.304591e+16
1.035588e+16
7.046272e+15
1.076332e+16
1.344733e+16
1.548849e+16
1.67756e+16
1.72402e+16
1.685866e+16
1.564935e+16
1.367098e+16
1.101612e+16
7.745772e+15
1.103876e+16
1.393555e+16
1.610345e+16
1.745848e+16
1.794345e+16
1.753867e+16
1.626257e+16
1.416861e+16
1.133241e+16
7.811973e+15
9.697614e+15
1.235129e+16
1.431764e+16
1.553849e+16
1.597296e+16
1.560738e+16
1.445764e+16
1.256604e+16
9.991225e+15
6.804087e+15
1.012873e+16
1.27811e+16
1.476465e+16
1.600497e+16
1.644974e+16
1.608033e+16
1.491283e+16
1.299424e+16
1.038724e+16
7.124612e+15
1.06777e+16
1.359975e+16
1.576911e+16
1.711577e+16
1.75937e+16
1.718814e+16
1.591718e+16
1.382918e+16
1.099497e+16
7.511294e+15
1.001455e+16
1.28046e+16
1.486975e+16
1.615012e+16
1.660601e+16
1.622491e+16
1.502363e+16
1.304593e+16
1.035589e+16
7.046289e+15
1.035169e+16
1.329355e+16
1.546982e+16
1.681658e+16
1.729544e+16
1.689573e+16
1.563588e+16
1.356246e+16
1.074865e+16
7.314716e+15
1.084509e+16
1.386139e+16
1.609703e+16
1.748247e+16
1.797426e+16
1.755917e+16
1.625572e+16
1.411253e+16
1.120467e+16
7.651885e+15
1.137092e+16
1.449529e+16
1.681221e+16
1.824849e+16
1.875727e+16
1.832382e+16
1.696745e+16
1.473962e+16
1.171955e+16
8.033124e+15
1.084509e+16
1.386139e+16
1.609703e+16
1.748247e+16
1.797426e+16
1.755916e+16
1.625571e+16
1.411253e+16
1.120466e+16
7.651882e+15
1.035169e+16
1.329355e+16
1.546982e+16
1.681658e+16
1.729544e+16
1.689573e+16
1.563588e+16
1.356246e+16
1.074865e+16
7.314715e+15
1.137092e+16
1.449529e+16
1.681222e+16
1.824849e+16
1.875727e+16
1.832382e+16
1.696746e+16
1.473962e+16
1.171955e+16
8.033125e+15
1.035169e+16
1.329356e+16
1.546983e+16
1.681659e+16
1.729544e+16
1.689573e+16
1.563588e+16
1.356246e+16
1.074865e+16
7.314715e+15
1.035169e+16
1.329356e+16
1.546983e+16
1.681659e+16
1.729545e+16
1.689573e+16
1.563588e+16
1.356246e+16
1.074865e+16
7.314715e+15
1.08451e+16
1.38614e+16
1.609704e+16
1.748248e+16
1.797427e+16
1.755917e+16
1.625572e+16
1.411253e+16
1.120467e+16
7.651885e+15
1.084509e+16
1.38614e+16
1.609704e+16
1.748248e+16
1.797427e+16
1.755917e+16
1.625572e+16
1.411254e+16
1.120467e+16
7.651886e+15
1.137093e+16
1.449529e+16
1.681222e+16
1.82485e+16
1.875728e+16
1.832383e+16
1.696746e+16
1.473963e+16
1.171956e+16
8.033129e+15
1.137093e+16
1.44953e+16
1.681222e+16
1.82485e+16
1.875728e+16
1.832383e+16
1.696746e+16
1.473963e+16
1.171955e+16
8.033128e+15
1.084511e+16
1.386141e+16
1.609704e+16
1.748247e+16
1.797425e+16
1.755915e+16
1.625569e+16
1.41125e+16
1.120464e+16
7.651859e+15
1.035171e+16
1.329358e+16
1.546984e+16
1.681659e+16
1.729543e+16
1.689571e+16
1.563585e+16
1.356243e+16
1.074862e+16
7.314689e+15
1.137094e+16
1.44953e+16
1.681223e+16
1.82485e+16
1.875726e+16
1.832381e+16
1.696744e+16
1.47396e+16
1.171953e+16
8.033105e+15
1.137094e+16
1.449531e+16
1.681223e+16
1.82485e+16
1.875727e+16
1.832381e+16
1.696744e+16
1.47396e+16
1.171953e+16
8.033106e+15
1.035171e+16
1.329358e+16
1.546984e+16
1.681659e+16
1.729544e+16
1.689571e+16
1.563585e+16
1.356243e+16
1.074862e+16
7.31469e+15
1.084511e+16
1.386141e+16
1.609705e+16
1.748248e+16
1.797426e+16
1.755915e+16
1.625569e+16
1.41125e+16
1.120464e+16
7.651861e+15
1.137094e+16
1.44953e+16
1.681222e+16
1.824849e+16
1.875726e+16
1.83238e+16
1.696742e+16
1.473958e+16
1.171951e+16
8.033091e+15
1.084511e+16
1.386141e+16
1.609704e+16
1.748247e+16
1.797425e+16
1.755914e+16
1.625567e+16
1.411248e+16
1.120462e+16
7.651845e+15
1.137094e+16
1.44953e+16
1.681222e+16
1.824849e+16
1.875726e+16
1.83238e+16
1.696742e+16
1.473958e+16
1.171951e+16
8.03309e+15
1.035171e+16
1.329358e+16
1.546984e+16
1.681659e+16
1.729543e+16
1.68957e+16
1.563584e+16
1.356241e+16
1.07486e+16
7.314673e+15
1.035171e+16
1.329358e+16
1.546984e+16
1.681659e+16
1.729543e+16
1.68957e+16
1.563584e+16
1.356241e+16
1.07486e+16
7.314673e+15
1.084511e+16
1.386141e+16
1.609704e+16
1.748247e+16
1.797425e+16
1.755914e+16
1.625568e+16
1.411249e+16
1.120462e+16
7.651845e+15
1.035171e+16
1.329357e+16
1.546984e+16
1.681659e+16
1.729543e+16
1.68957e+16
1.563584e+16
1.356241e+16
1.074861e+16
7.314678e+15
1.084511e+16
1.38614e+16
1.609704e+16
1.748247e+16
1.797425e+16
1.755914e+16
1.625568e+16
1.411249e+16
1.120462e+16
7.65185e+15
1.137094e+16
1.44953e+16
1.681222e+16
1.824849e+16
1.875726e+16
1.83238e+16
1.696742e+16
1.473958e+16
1.171951e+16
8.033094e+15
1.035171e+16
1.329357e+16
1.546984e+16
1.681659e+16
1.729543e+16
1.68957e+16
1.563584e+16
1.356241e+16
1.074861e+16
7.314677e+15
1.137094e+16
1.44953e+16
1.681222e+16
1.824849e+16
1.875726e+16
1.83238e+16
1.696743e+16
1.473959e+16
1.171952e+16
8.033094e+15
1.084511e+16
1.386141e+16
1.609704e+16
1.748247e+16
1.797425e+16
1.755914e+16
1.625568e+16
1.411249e+16
1.120462e+16
7.651847e+15
1.03517e+16
1.329356e+16
1.546983e+16
1.681658e+16
1.729542e+16
1.68957e+16
1.563585e+16
1.356242e+16
1.074862e+16
7.314688e+15
1.035169e+16
1.329356e+16
1.546982e+16
1.681658e+16
1.729543e+16
1.689571e+16
1.563585e+16
1.356243e+16
1.074862e+16
7.31469e+15
1.084509e+16
1.386139e+16
1.609703e+16
1.748246e+16
1.797425e+16
1.755915e+16
1.625569e+16
1.41125e+16
1.120464e+16
7.651861e+15
1.08451e+16
1.386139e+16
1.609703e+16
1.748246e+16
1.797424e+16
1.755914e+16
1.625568e+16
1.411249e+16
1.120463e+16
7.651857e+15
1.137093e+16
1.449529e+16
1.681221e+16
1.824849e+16
1.875725e+16
1.83238e+16
1.696743e+16
1.473959e+16
1.171952e+16
8.033103e+15
1.137093e+16
1.449529e+16
1.681221e+16
1.824849e+16
1.875725e+16
1.83238e+16
1.696743e+16
1.473959e+16
1.171952e+16
8.033101e+15
9.69761e+15
1.235129e+16
1.431764e+16
1.553849e+16
1.597297e+16
1.560739e+16
1.445766e+16
1.256606e+16
9.991242e+15
6.8041e+15
1.001454e+16
1.28046e+16
1.486975e+16
1.615012e+16
1.660602e+16
1.622493e+16
1.502365e+16
1.304595e+16
1.035592e+16
7.046306e+15
1.076332e+16
1.344732e+16
1.548848e+16
1.67756e+16
1.72402e+16
1.685866e+16
1.564935e+16
1.367099e+16
1.101613e+16
7.745781e+15
1.012872e+16
1.27811e+16
1.476465e+16
1.600497e+16
1.644974e+16
1.608033e+16
1.491284e+16
1.299425e+16
1.038725e+16
7.124623e+15
1.067769e+16
1.359975e+16
1.576911e+16
1.711577e+16
1.759371e+16
1.718815e+16
1.59172e+16
1.382921e+16
1.0995e+16
7.511312e+15
1.103876e+16
1.393555e+16
1.610345e+16
1.745848e+16
1.794345e+16
1.753868e+16
1.626259e+16
1.416863e+16
1.133242e+16
7.811987e+15
1.001455e+16
1.280461e+16
1.486976e+16
1.615013e+16
1.660603e+16
1.622493e+16
1.502365e+16
1.304596e+16
1.035592e+16
7.046312e+15
1.103877e+16
1.393556e+16
1.610346e+16
1.745849e+16
1.794346e+16
1.75387e+16
1.62626e+16
1.416864e+16
1.133243e+16
7.811997e+15
1.076332e+16
1.344733e+16
1.548849e+16
1.677561e+16
1.724021e+16
1.685868e+16
1.564937e+16
1.3671e+16
1.101613e+16
7.7458e+15
1.067769e+16
1.359976e+16
1.576912e+16
1.711578e+16
1.759372e+16
1.718816e+16
1.591721e+16
1.382922e+16
1.099501e+16
7.511318e+15
9.697612e+15
1.235129e+16
1.431765e+16
1.55385e+16
1.597298e+16
1.56074e+16
1.445767e+16
1.256607e+16
9.991249e+15
6.804109e+15
1.012873e+16
1.278111e+16
1.476466e+16
1.600498e+16
1.644975e+16
1.608034e+16
1.491285e+16
1.299426e+16
1.038726e+16
7.124634e+15
1.076334e+16
1.344734e+16
1.548851e+16
1.677562e+16
1.724021e+16
1.685867e+16
1.564936e+16
1.367099e+16
1.101613e+16
7.745777e+15
1.103878e+16
1.393557e+16
1.610347e+16
1.745849e+16
1.794346e+16
1.753868e+16
1.626258e+16
1.416862e+16
1.133241e+16
7.811977e+15
1.012874e+16
1.278113e+16
1.476467e+16
1.600499e+16
1.644975e+16
1.608033e+16
1.491283e+16
1.299424e+16
1.038725e+16
7.124617e+15
1.067771e+16
1.359977e+16
1.576913e+16
1.711578e+16
1.759371e+16
1.718815e+16
1.591718e+16
1.382919e+16
1.099498e+16
7.511295e+15
9.69763e+15
1.235131e+16
1.431766e+16
1.55385e+16
1.597297e+16
1.560739e+16
1.445765e+16
1.256605e+16
9.991232e+15
6.804088e+15
1.001456e+16
1.280462e+16
1.486977e+16
1.615014e+16
1.660602e+16
1.622492e+16
1.502363e+16
1.304593e+16
1.03559e+16
7.046289e+15
1.076335e+16
1.344735e+16
1.54885e+16
1.677561e+16
1.72402e+16
1.685865e+16
1.564933e+16
1.367096e+16
1.10161e+16
7.745754e+15
1.012875e+16
1.278113e+16
1.476466e+16
1.600498e+16
1.644973e+16
1.608031e+16
1.491281e+16
1.299421e+16
1.038721e+16
7.12459e+15
1.103878e+16
1.393557e+16
1.610347e+16
1.745848e+16
1.794344e+16
1.753866e+16
1.626256e+16
1.416859e+16
1.133238e+16
7.811956e+15
1.067772e+16
1.359977e+16
1.576912e+16
1.711577e+16
1.75937e+16
1.718813e+16
1.591716e+16
1.382916e+16
1.099495e+16
7.511275e+15
9.697636e+15
1.235131e+16
1.431766e+16
1.55385e+16
1.597296e+16
1.560737e+16
1.445762e+16
1.256602e+16
9.991197e+15
6.804064e+15
1.001457e+16
1.280462e+16
1.486977e+16
1.615013e+16
1.660601e+16
1.62249e+16
1.502361e+16
1.30459e+16
1.035587e+16
7.046267e+15
1.076335e+16
1.344735e+16
1.54885e+16
1.677561e+16
1.72402e+16
1.685865e+16
1.564933e+16
1.367095e+16
1.10161e+16
7.74575e+15
1.103878e+16
1.393557e+16
1.610347e+16
1.745848e+16
1.794344e+16
1.753866e+16
1.626256e+16
1.416859e+16
1.133238e+16
7.811955e+15
9.69764e+15
1.235131e+16
1.431766e+16
1.55385e+16
1.597296e+16
1.560737e+16
1.445762e+16
1.256602e+16
9.991197e+15
6.804064e+15
1.012875e+16
1.278113e+16
1.476467e+16
1.600498e+16
1.644974e+16
1.608031e+16
1.491281e+16
1.299421e+16
1.038721e+16
7.124588e+15
1.067772e+16
1.359977e+16
1.576912e+16
1.711577e+16
1.75937e+16
1.718813e+16
1.591716e+16
1.382916e+16
1.099495e+16
7.511276e+15
1.001457e+16
1.280462e+16
1.486977e+16
1.615013e+16
1.660601e+16
1.62249e+16
1.502361e+16
1.30459e+16
1.035587e+16
7.046268e+15
1.076333e+16
1.344733e+16
1.548849e+16
1.67756e+16
1.724019e+16
1.685864e+16
1.564933e+16
1.367096e+16
1.10161e+16
7.745759e+15
1.012874e+16
1.278112e+16
1.476466e+16
1.600498e+16
1.644973e+16
1.608031e+16
1.491281e+16
1.299422e+16
1.038722e+16
7.124597e+15
1.103877e+16
1.393556e+16
1.610346e+16
1.745847e+16
1.794344e+16
1.753866e+16
1.626256e+16
1.41686e+16
1.133239e+16
7.811964e+15
1.06777e+16
1.359976e+16
1.576911e+16
1.711577e+16
1.759369e+16
1.718813e+16
1.591717e+16
1.382917e+16
1.099496e+16
7.511286e+15
1.001456e+16
1.280461e+16
1.486976e+16
1.615012e+16
1.660601e+16
1.62249e+16
1.502362e+16
1.304591e+16
1.035588e+16
7.046277e+15
9.697625e+15
1.23513e+16
1.431765e+16
1.553849e+16
1.597296e+16
1.560737e+16
1.445763e+16
1.256603e+16
9.991208e+15
6.804072e+15
5.994937e+15
7.490386e+15
8.622275e+15
9.337812e+15
9.601163e+15
9.399524e+15
8.743722e+15
7.667401e+15
6.223526e+15
4.463318e+15
5.616848e+15
7.017713e+15
8.070759e+15
8.736637e+15
8.982613e+15
8.796171e+15
8.186943e+15
7.184589e+15
5.827904e+15
4.121237e+15
7.52945e+15
9.532316e+15
1.101904e+16
1.194812e+16
1.228566e+16
1.201925e+16
1.11613e+16
9.747159e+15
7.826608e+15
5.443486e+15
7.529451e+15
9.532317e+15
1.101904e+16
1.194812e+16
1.228566e+16
1.201925e+16
1.11613e+16
9.747158e+15
7.826607e+15
5.443485e+15
5.994936e+15
7.490385e+15
8.622274e+15
9.337811e+15
9.601164e+15
9.399525e+15
8.743723e+15
7.667402e+15
6.223527e+15
4.463319e+15
8.282312e+15
1.051458e+16
1.216424e+16
1.319036e+16
1.355895e+16
1.325761e+16
1.229961e+16
1.072114e+16
8.571127e+15
5.901498e+15
5.616863e+15
7.017725e+15
8.070766e+15
8.736638e+15
8.982607e+15
8.796158e+15
8.186925e+15
7.184568e+15
5.827882e+15
4.121219e+15
5.994956e+15
7.490405e+15
8.62229e+15
9.337822e+15
9.601168e+15
9.399522e+15
8.743714e+15
7.66739e+15
6.223513e+15
4.463306e+15
7.529474e+15
9.532341e+15
1.101906e+16
1.194814e+16
1.228567e+16
1.201925e+16
1.116129e+16
9.747148e+15
7.826594e+15
5.443472e+15
5.994955e+15
7.490403e+15
8.622288e+15
9.337819e+15
9.601164e+15
9.399518e+15
8.74371e+15
7.667386e+15
6.223509e+15
4.463303e+15
8.282336e+15
1.05146e+16
1.216426e+16
1.319037e+16
1.355895e+16
1.32576e+16
1.22996e+16
1.072112e+16
8.571106e+15
5.90148e+15
7.529476e+15
9.532343e+15
1.101906e+16
1.194814e+16
1.228567e+16
1.201925e+16
1.116129e+16
9.747144e+15
7.82659e+15
5.443469e+15
5.994965e+15
7.490408e+15
8.622285e+15
9.337816e+15
9.601156e+15
9.399505e+15
8.743693e+15
7.667366e+15
6.223487e+15
4.463283e+15
7.529485e+15
9.532345e+15
1.101906e+16
1.194813e+16
1.228566e+16
1.201923e+16
1.116127e+16
9.74712e+15
7.826565e+15
5.443447e+15
5.994965e+15
7.490408e+15
8.622289e+15
9.337816e+15
9.601155e+15
9.399503e+15
8.74369e+15
7.667363e+15
6.223484e+15
4.463281e+15
5.61687e+15
7.017727e+15
8.070764e+15
8.736633e+15
8.982598e+15
8.796144e+15
8.186907e+15
7.184547e+15
5.82786e+15
4.121199e+15
8.282345e+15
1.051461e+16
1.216425e+16
1.319037e+16
1.355894e+16
1.325758e+16
1.229957e+16
1.072109e+16
8.571077e+15
5.901455e+15
7.529484e+15
9.532345e+15
1.101906e+16
1.194814e+16
1.228566e+16
1.201923e+16
1.116127e+16
9.747117e+15
7.826562e+15
5.443445e+15
8.282355e+15
1.051462e+16
1.216426e+16
1.319037e+16
1.355894e+16
1.325758e+16
1.229956e+16
1.072108e+16
8.571062e+15
5.901443e+15
7.529491e+15
9.532351e+15
1.101907e+16
1.194813e+16
1.228565e+16
1.201922e+16
1.116125e+16
9.747101e+15
7.826546e+15
5.443432e+15
7.529491e+15
9.53235e+15
1.101907e+16
1.194813e+16
1.228565e+16
1.201922e+16
1.116125e+16
9.7471e+15
7.826546e+15
5.443432e+15
5.994973e+15
7.490417e+15
8.622297e+15
9.337821e+15
9.601155e+15
9.399499e+15
8.743682e+15
7.667352e+15
6.223472e+15
4.46327e+15
5.994974e+15
7.490417e+15
8.622297e+15
9.337822e+15
9.601156e+15
9.399499e+15
8.743683e+15
7.667352e+15
6.223473e+15
4.463271e+15
5.616885e+15
7.017745e+15
8.070782e+15
8.736648e+15
8.982607e+15
8.796148e+15
8.186906e+15
7.184541e+15
5.827852e+15
4.121191e+15
5.994962e+15
7.490406e+15
8.622289e+15
9.337818e+15
9.601157e+15
9.399506e+15
8.743695e+15
7.667368e+15
6.223489e+15
4.463285e+15
7.52948e+15
9.532342e+15
1.101906e+16
1.194814e+16
1.228566e+16
1.201924e+16
1.116127e+16
9.747122e+15
7.826568e+15
5.44345e+15
5.616868e+15
7.017727e+15
8.070766e+15
8.736635e+15
8.982599e+15
8.796145e+15
8.186908e+15
7.184549e+15
5.827861e+15
4.121201e+15
5.994962e+15
7.490407e+15
8.622289e+15
9.337818e+15
9.601156e+15
9.399505e+15
8.743692e+15
7.667365e+15
6.223486e+15
4.463282e+15
8.282341e+15
1.05146e+16
1.216425e+16
1.319037e+16
1.355894e+16
1.325758e+16
1.229957e+16
1.07211e+16
8.571078e+15
5.901456e+15
7.529482e+15
9.532344e+15
1.101906e+16
1.194814e+16
1.228566e+16
1.201923e+16
1.116127e+16
9.747118e+15
7.826564e+15
5.443446e+15
7.529461e+15
9.532324e+15
1.101904e+16
1.194813e+16
1.228566e+16
1.201925e+16
1.116129e+16
9.747147e+15
7.826593e+15
5.443471e+15
8.282319e+15
1.051458e+16
1.216424e+16
1.319036e+16
1.355894e+16
1.32576e+16
1.22996e+16
1.072113e+16
8.571112e+15
5.901483e+15
5.994942e+15
7.490388e+15
8.622272e+15
9.337809e+15
9.601158e+15
9.399516e+15
8.743712e+15
7.667389e+15
6.223511e+15
4.463304e+15
7.529459e+15
9.532324e+15
1.101905e+16
1.194813e+16
1.228567e+16
1.201925e+16
1.116129e+16
9.747152e+15
7.826599e+15
5.443475e+15
5.994943e+15
7.49039e+15
8.622277e+15
9.337812e+15
9.601162e+15
9.39952e+15
8.743717e+15
7.667395e+15
6.223517e+15
4.463308e+15
5.616849e+15
7.01771e+15
8.070752e+15
8.736628e+15
8.982601e+15
8.796157e+15
8.186927e+15
7.184573e+15
5.827886e+15
4.121221e+15
8.056561e+15
1.02251e+16
1.183381e+16
1.283725e+16
1.320024e+16
1.291051e+16
1.198181e+16
1.045232e+16
8.37775e+15
5.81923e+15
6.865289e+15
8.649894e+15
9.995604e+15
1.084247e+16
1.115304e+16
1.091495e+16
1.014139e+16
8.871282e+15
7.170753e+15
5.135261e+15
9.503336e+15
1.210639e+16
1.402906e+16
1.522276e+16
1.564978e+16
1.529699e+16
1.41796e+16
1.23383e+16
9.829471e+15
6.723313e+15
7.776329e+15
9.915076e+15
1.150323e+16
1.249434e+16
1.285492e+16
1.257449e+16
1.166812e+16
1.017551e+16
8.155656e+15
5.673101e+15
1.00504e+16
1.284284e+16
1.490396e+16
1.618189e+16
1.663832e+16
1.626064e+16
1.506552e+16
1.309612e+16
1.041315e+16
7.097685e+15
9.30046e+15
1.19244e+16
1.386004e+16
1.506031e+16
1.549107e+16
1.5142e+16
1.402999e+16
1.21974e+16
9.705351e+15
6.633839e+15
1.005042e+16
1.284286e+16
1.490398e+16
1.618189e+16
1.663832e+16
1.626064e+16
1.506551e+16
1.30961e+16
1.041315e+16
7.097673e+15
9.503352e+15
1.210641e+16
1.402907e+16
1.522276e+16
1.564978e+16
1.529698e+16
1.417959e+16
1.233829e+16
9.829459e+15
6.723299e+15
8.056581e+15
1.022512e+16
1.183383e+16
1.283726e+16
1.320024e+16
1.291051e+16
1.198181e+16
1.045231e+16
8.377736e+15
5.819217e+15
6.865312e+15
8.649918e+15
9.995627e+15
1.084249e+16
1.115305e+16
1.091496e+16
1.014139e+16
8.871277e+15
7.170745e+15
5.135253e+15
7.776349e+15
9.915096e+15
1.150325e+16
1.249436e+16
1.285493e+16
1.25745e+16
1.166812e+16
1.01755e+16
8.155646e+15
5.673093e+15
9.300475e+15
1.192441e+16
1.386005e+16
1.506032e+16
1.549107e+16
1.5142e+16
1.402998e+16
1.219739e+16
9.705341e+15
6.633829e+15
8.056593e+15
1.022513e+16
1.183383e+16
1.283725e+16
1.320023e+16
1.291049e+16
1.198178e+16
1.045228e+16
8.377706e+15
5.81919e+15
9.503364e+15
1.210642e+16
1.402907e+16
1.522276e+16
1.564976e+16
1.529696e+16
1.417956e+16
1.233826e+16
9.829426e+15
6.723269e+15
6.865323e+15
8.649924e+15
9.995626e+15
1.084249e+16
1.115304e+16
1.091494e+16
1.014136e+16
8.87125e+15
7.170717e+15
5.135227e+15
7.776363e+15
9.915106e+15
1.150325e+16
1.249435e+16
1.285491e+16
1.257448e+16
1.166809e+16
1.017547e+16
8.155615e+15
5.673064e+15
1.005043e+16
1.284287e+16
1.490398e+16
1.618189e+16
1.66383e+16
1.626062e+16
1.506548e+16
1.309607e+16
1.041311e+16
7.097642e+15
9.300491e+15
1.192442e+16
1.386005e+16
1.506031e+16
1.549106e+16
1.514197e+16
1.402995e+16
1.219735e+16
9.705306e+15
6.633797e+15
1.005044e+16
1.284287e+16
1.490399e+16
1.61819e+16
1.66383e+16
1.626061e+16
1.506547e+16
1.309605e+16
1.04131e+16
7.097628e+15
8.0566e+15
1.022514e+16
1.183384e+16
1.283726e+16
1.320022e+16
1.291048e+16
1.198177e+16
1.045226e+16
8.377687e+15
5.819175e+15
9.3005e+15
1.192443e+16
1.386006e+16
1.506032e+16
1.549106e+16
1.514197e+16
1.402994e+16
1.219734e+16
9.705288e+15
6.633783e+15
7.776369e+15
9.915109e+15
1.150325e+16
1.249435e+16
1.285491e+16
1.257446e+16
1.166807e+16
1.017545e+16
8.155595e+15
5.673048e+15
6.865325e+15
8.649923e+15
9.995624e+15
1.084248e+16
1.115303e+16
1.091492e+16
1.014134e+16
8.871227e+15
7.170695e+15
5.135209e+15
9.503374e+15
1.210642e+16
1.402908e+16
1.522276e+16
1.564977e+16
1.529695e+16
1.417955e+16
1.233824e+16
9.829412e+15
6.723256e+15
1.005043e+16
1.284286e+16
1.490398e+16
1.618189e+16
1.66383e+16
1.626061e+16
1.506548e+16
1.309606e+16
1.041311e+16
7.097637e+15
9.30049e+15
1.192442e+16
1.386005e+16
1.506031e+16
1.549106e+16
1.514197e+16
1.402995e+16
1.219735e+16
9.705298e+15
6.633792e+15
7.776363e+15
9.915105e+15
1.150325e+16
1.249435e+16
1.285491e+16
1.257447e+16
1.166809e+16
1.017546e+16
8.155609e+15
5.673059e+15
9.503361e+15
1.210641e+16
1.402907e+16
1.522276e+16
1.564976e+16
1.529696e+16
1.417956e+16
1.233825e+16
9.829424e+15
6.723266e+15
6.865323e+15
8.649924e+15
9.995629e+15
1.084249e+16
1.115304e+16
1.091494e+16
1.014136e+16
8.871246e+15
7.170712e+15
5.135223e+15
8.05659e+15
1.022513e+16
1.183383e+16
1.283726e+16
1.320023e+16
1.291049e+16
1.198178e+16
1.045228e+16
8.377703e+15
5.819186e+15
1.005041e+16
1.284284e+16
1.490396e+16
1.618188e+16
1.66383e+16
1.626062e+16
1.50655e+16
1.309609e+16
1.041313e+16
7.09766e+15
9.300468e+15
1.19244e+16
1.386004e+16
1.506031e+16
1.549106e+16
1.514198e+16
1.402997e+16
1.219737e+16
9.705324e+15
6.633813e+15
9.503338e+15
1.210639e+16
1.402906e+16
1.522275e+16
1.564977e+16
1.529697e+16
1.417958e+16
1.233828e+16
9.829453e+15
6.723291e+15
7.776341e+15
9.915084e+15
1.150324e+16
1.249435e+16
1.285492e+16
1.257449e+16
1.16681e+16
1.017549e+16
8.155634e+15
5.67308e+15
8.056568e+15
1.022511e+16
1.183381e+16
1.283725e+16
1.320023e+16
1.29105e+16
1.19818e+16
1.04523e+16
8.377732e+15
5.819211e+15
6.865302e+15
8.649905e+15
9.995613e+15
1.084248e+16
1.115304e+16
1.091495e+16
1.014138e+16
8.87127e+15
7.170738e+15
5.135243e+15
1.023446e+16
1.322995e+16
1.54384e+16
1.680428e+16
1.729371e+16
1.689886e+16
1.563994e+16
1.356445e+16
1.074421e+16
7.287187e+15
9.062075e+15
1.172237e+16
1.368462e+16
1.490046e+16
1.533968e+16
1.499551e+16
1.388693e+16
1.205783e+16
9.572753e+15
6.51946e+15
8.832244e+15
1.139813e+16
1.329058e+16
1.446396e+16
1.488801e+16
1.455528e+16
1.348376e+16
1.171586e+16
9.312885e+15
6.3543e+15
1.107416e+16
1.426872e+16
1.662646e+16
1.808437e+16
1.860405e+16
1.817563e+16
1.681962e+16
1.458596e+16
1.155174e+16
7.840706e+15
9.770232e+15
1.257985e+16
1.46505e+16
1.593242e+16
1.639202e+16
1.602022e+16
1.483536e+16
1.288179e+16
1.022451e+16
6.955234e+15
1.086063e+16
1.396546e+16
1.625647e+16
1.767373e+16
1.817883e+16
1.776115e+16
1.64403e+16
1.426451e+16
1.130627e+16
7.677731e+15
9.062087e+15
1.172238e+16
1.368463e+16
1.490047e+16
1.533968e+16
1.499551e+16
1.388692e+16
1.205782e+16
9.572738e+15
6.519453e+15
1.023447e+16
1.322996e+16
1.543841e+16
1.680429e+16
1.729372e+16
1.689886e+16
1.563994e+16
1.356445e+16
1.07442e+16
7.287182e+15
9.770246e+15
1.257987e+16
1.465052e+16
1.593242e+16
1.639203e+16
1.602022e+16
1.483536e+16
1.288178e+16
1.022449e+16
6.955226e+15
1.086064e+16
1.396547e+16
1.625648e+16
1.767374e+16
1.817884e+16
1.776115e+16
1.64403e+16
1.42645e+16
1.130626e+16
7.677725e+15
1.107417e+16
1.426873e+16
1.662647e+16
1.808438e+16
1.860405e+16
1.817563e+16
1.681962e+16
1.458596e+16
1.155172e+16
7.8407e+15
8.832257e+15
1.139814e+16
1.32906e+16
1.446397e+16
1.488802e+16
1.455528e+16
1.348375e+16
1.171585e+16
9.312874e+15
6.354292e+15
9.062109e+15
1.17224e+16
1.368464e+16
1.490047e+16
1.533967e+16
1.499549e+16
1.388689e+16
1.205779e+16
9.572703e+15
6.519422e+15
8.832277e+15
1.139816e+16
1.32906e+16
1.446396e+16
1.488801e+16
1.455525e+16
1.348372e+16
1.171581e+16
9.312839e+15
6.354261e+15
9.770264e+15
1.257988e+16
1.465052e+16
1.593242e+16
1.639201e+16
1.60202e+16
1.483532e+16
1.288175e+16
1.022446e+16
6.955194e+15
1.023449e+16
1.322998e+16
1.543842e+16
1.680429e+16
1.72937e+16
1.689884e+16
1.563991e+16
1.356441e+16
1.074416e+16
7.287151e+15
1.086066e+16
1.396549e+16
1.625649e+16
1.767374e+16
1.817882e+16
1.776113e+16
1.644027e+16
1.426446e+16
1.130622e+16
7.677693e+15
1.107419e+16
1.426875e+16
1.662648e+16
1.808437e+16
1.860404e+16
1.81756e+16
1.681959e+16
1.458592e+16
1.155169e+16
7.840668e+15
1.02345e+16
1.322999e+16
1.543843e+16
1.680429e+16
1.72937e+16
1.689882e+16
1.563989e+16
1.356439e+16
1.074414e+16
7.287129e+15
8.832287e+15
1.139816e+16
1.329061e+16
1.446397e+16
1.4888e+16
1.455524e+16
1.34837e+16
1.171579e+16
9.312815e+15
6.354242e+15
1.10742e+16
1.426875e+16
1.662648e+16
1.808437e+16
1.860403e+16
1.817559e+16
1.681957e+16
1.45859e+16
1.155167e+16
7.840651e+15
1.086067e+16
1.396549e+16
1.625649e+16
1.767374e+16
1.817882e+16
1.776112e+16
1.644025e+16
1.426444e+16
1.13062e+16
7.677677e+15
9.770271e+15
1.257988e+16
1.465053e+16
1.593242e+16
1.639201e+16
1.602019e+16
1.483531e+16
1.288173e+16
1.022444e+16
6.955178e+15
9.062116e+15
1.17224e+16
1.368464e+16
1.490047e+16
1.533967e+16
1.499548e+16
1.388687e+16
1.205777e+16
9.57268e+15
6.519402e+15
1.086066e+16
1.396548e+16
1.625649e+16
1.767374e+16
1.817882e+16
1.776112e+16
1.644026e+16
1.426445e+16
1.130621e+16
7.677685e+15
9.770263e+15
1.257988e+16
1.465052e+16
1.593242e+16
1.639201e+16
1.602019e+16
1.483532e+16
1.288174e+16
1.022445e+16
6.955186e+15
1.023449e+16
1.322998e+16
1.543842e+16
1.680429e+16
1.72937e+16
1.689882e+16
1.563989e+16
1.356439e+16
1.074415e+16
7.287136e+15
9.062111e+15
1.17224e+16
1.368464e+16
1.490047e+16
1.533967e+16
1.499548e+16
1.388688e+16
1.205777e+16
9.572688e+15
6.519409e+15
1.107419e+16
1.426874e+16
1.662648e+16
1.808437e+16
1.860403e+16
1.81756e+16
1.681958e+16
1.458591e+16
1.155168e+16
7.840658e+15
8.832279e+15
1.139816e+16
1.32906e+16
1.446397e+16
1.4888e+16
1.455525e+16
1.348371e+16
1.17158e+16
9.312826e+15
6.354251e+15
1.023447e+16
1.322996e+16
1.543841e+16
1.680428e+16
1.72937e+16
1.689883e+16
1.563991e+16
1.356441e+16
1.074417e+16
7.287153e+15
1.107417e+16
1.426872e+16
1.662646e+16
1.808436e+16
1.860403e+16
1.81756e+16
1.681959e+16
1.458593e+16
1.155169e+16
7.840673e+15
9.062089e+15
1.172238e+16
1.368462e+16
1.490046e+16
1.533967e+16
1.499549e+16
1.38869e+16
1.205779e+16
9.57271e+15
6.519427e+15
1.086064e+16
1.396546e+16
1.625647e+16
1.767373e+16
1.817882e+16
1.776113e+16
1.644027e+16
1.426447e+16
1.130623e+16
7.677702e+15
9.770241e+15
1.257986e+16
1.46505e+16
1.593241e+16
1.639201e+16
1.60202e+16
1.483533e+16
1.288176e+16
1.022447e+16
6.955205e+15
8.832257e+15
1.139814e+16
1.329059e+16
1.446396e+16
1.4888e+16
1.455526e+16
1.348373e+16
1.171582e+16
9.312848e+15
6.354268e+15
9.062076e+15
1.172237e+16
1.368462e+16
1.490046e+16
1.533968e+16
1.499551e+16
1.388693e+16
1.205783e+16
9.572748e+15
6.519458e+15
1.086063e+16
1.396546e+16
1.625647e+16
1.767373e+16
1.817883e+16
1.776115e+16
1.64403e+16
1.42645e+16
1.130626e+16
7.677726e+15
1.023445e+16
1.322995e+16
1.54384e+16
1.680428e+16
1.729371e+16
1.689886e+16
1.563994e+16
1.356445e+16
1.074421e+16
7.287186e+15
9.770233e+15
1.257985e+16
1.46505e+16
1.593241e+16
1.639202e+16
1.602022e+16
1.483536e+16
1.288179e+16
1.02245e+16
6.955229e+15
8.832244e+15
1.139813e+16
1.329058e+16
1.446395e+16
1.488801e+16
1.455528e+16
1.348376e+16
1.171586e+16
9.312883e+15
6.354296e+15
1.107416e+16
1.426872e+16
1.662646e+16
1.808436e+16
1.860404e+16
1.817562e+16
1.681962e+16
1.458596e+16
1.155173e+16
7.8407e+15
1.086063e+16
1.396547e+16
1.625648e+16
1.767374e+16
1.817884e+16
1.776116e+16
1.64403e+16
1.426451e+16
1.130626e+16
7.677733e+15
9.770237e+15
1.257986e+16
1.465051e+16
1.593242e+16
1.639203e+16
1.602022e+16
1.483536e+16
1.288179e+16
1.02245e+16
6.955234e+15
8.83225e+15
1.139813e+16
1.329059e+16
1.446396e+16
1.488802e+16
1.455528e+16
1.348376e+16
1.171585e+16
9.31288e+15
6.354298e+15
1.107417e+16
1.426873e+16
1.662647e+16
1.808437e+16
1.860405e+16
1.817563e+16
1.681962e+16
1.458596e+16
1.155173e+16
7.840703e+15
9.062083e+15
1.172238e+16
1.368462e+16
1.490047e+16
1.533968e+16
1.499551e+16
1.388692e+16
1.205783e+16
9.572742e+15
6.519456e+15
1.023446e+16
1.322996e+16
1.543841e+16
1.680429e+16
1.729372e+16
1.689886e+16
1.563994e+16
1.356445e+16
1.07442e+16
7.287183e+15
1.023449e+16
1.322998e+16
1.543842e+16
1.680429e+16
1.729371e+16
1.689884e+16
1.563991e+16
1.356441e+16
1.074417e+16
7.287152e+15
9.062106e+15
1.17224e+16
1.368464e+16
1.490047e+16
1.533968e+16
1.499549e+16
1.38869e+16
1.205779e+16
9.572711e+15
6.519426e+15
1.107419e+16
1.426875e+16
1.662648e+16
1.808438e+16
1.860404e+16
1.817561e+16
1.681959e+16
1.458593e+16
1.15517e+16
7.840673e+15
8.832274e+15
1.139816e+16
1.329061e+16
1.446397e+16
1.488801e+16
1.455526e+16
1.348373e+16
1.171582e+16
9.312855e+15
6.35427e+15
1.086066e+16
1.396549e+16
1.625649e+16
1.767374e+16
1.817883e+16
1.776114e+16
1.644028e+16
1.426447e+16
1.130624e+16
7.677703e+15
9.770259e+15
1.257988e+16
1.465052e+16
1.593242e+16
1.639202e+16
1.602021e+16
1.483534e+16
1.288176e+16
1.022448e+16
6.955206e+15
1.10742e+16
1.426875e+16
1.662648e+16
1.808437e+16
1.860403e+16
1.817559e+16
1.681957e+16
1.45859e+16
1.155166e+16
7.840649e+15
1.023449e+16
1.322999e+16
1.543842e+16
1.680429e+16
1.72937e+16
1.689882e+16
1.563989e+16
1.356439e+16
1.074414e+16
7.287129e+15
1.086066e+16
1.396549e+16
1.625649e+16
1.767374e+16
1.817882e+16
1.776112e+16
1.644025e+16
1.426444e+16
1.13062e+16
7.677677e+15
9.770269e+15
1.257988e+16
1.465052e+16
1.593242e+16
1.639201e+16
1.602019e+16
1.483531e+16
1.288173e+16
1.022444e+16
6.955178e+15
9.062117e+15
1.17224e+16
1.368464e+16
1.490047e+16
1.533967e+16
1.499547e+16
1.388687e+16
1.205776e+16
9.572677e+15
6.5194e+15
8.832284e+15
1.139816e+16
1.329061e+16
1.446397e+16
1.4888e+16
1.455524e+16
1.34837e+16
1.171579e+16
9.312817e+15
6.354242e+15
9.770272e+15
1.257988e+16
1.465053e+16
1.593242e+16
1.639201e+16
1.602019e+16
1.483531e+16
1.288173e+16
1.022444e+16
6.955181e+15
8.832285e+15
1.139816e+16
1.329061e+16
1.446397e+16
1.4888e+16
1.455525e+16
1.348371e+16
1.17158e+16
9.31282e+15
6.354247e+15
1.086066e+16
1.396549e+16
1.625649e+16
1.767374e+16
1.817882e+16
1.776112e+16
1.644025e+16
1.426444e+16
1.130621e+16
7.677681e+15
9.062114e+15
1.17224e+16
1.368464e+16
1.490047e+16
1.533967e+16
1.499548e+16
1.388688e+16
1.205777e+16
9.572684e+15
6.519407e+15
1.10742e+16
1.426875e+16
1.662648e+16
1.808437e+16
1.860403e+16
1.817559e+16
1.681957e+16
1.45859e+16
1.155167e+16
7.840655e+15
1.023449e+16
1.322998e+16
1.543842e+16
1.680429e+16
1.72937e+16
1.689883e+16
1.563989e+16
1.356439e+16
1.074415e+16
7.287135e+15
1.023447e+16
1.322996e+16
1.543841e+16
1.680428e+16
1.72937e+16
1.689883e+16
1.563991e+16
1.356441e+16
1.074416e+16
7.287152e+15
1.107418e+16
1.426873e+16
1.662647e+16
1.808436e+16
1.860403e+16
1.81756e+16
1.681959e+16
1.458592e+16
1.155169e+16
7.84067e+15
9.062093e+15
1.172238e+16
1.368462e+16
1.490046e+16
1.533967e+16
1.499549e+16
1.388689e+16
1.205779e+16
9.572705e+15
6.519424e+15
8.832264e+15
1.139814e+16
1.329059e+16
1.446396e+16
1.4888e+16
1.455525e+16
1.348372e+16
1.171582e+16
9.31284e+15
6.354263e+15
9.770251e+15
1.257987e+16
1.465051e+16
1.593241e+16
1.639201e+16
1.602019e+16
1.483532e+16
1.288175e+16
1.022446e+16
6.955196e+15
1.086064e+16
1.396547e+16
1.625648e+16
1.767373e+16
1.817882e+16
1.776113e+16
1.644026e+16
1.426446e+16
1.130622e+16
7.677694e+15
6.865299e+15
8.649903e+15
9.995613e+15
1.084248e+16
1.115305e+16
1.091496e+16
1.014139e+16
8.871284e+15
7.170751e+15
5.135256e+15
1.00504e+16
1.284284e+16
1.490396e+16
1.618188e+16
1.663831e+16
1.626063e+16
1.506551e+16
1.309611e+16
1.041315e+16
7.097674e+15
9.30046e+15
1.192439e+16
1.386003e+16
1.506031e+16
1.549106e+16
1.5142e+16
1.402999e+16
1.21974e+16
9.705348e+15
6.633831e+15
7.776334e+15
9.91508e+15
1.150323e+16
1.249434e+16
1.285492e+16
1.25745e+16
1.166812e+16
1.017551e+16
8.155654e+15
5.673096e+15
9.503336e+15
1.210639e+16
1.402906e+16
1.522275e+16
1.564977e+16
1.529698e+16
1.417959e+16
1.233829e+16
9.829463e+15
6.723299e+15
8.056565e+15
1.022511e+16
1.183381e+16
1.283725e+16
1.320023e+16
1.29105e+16
1.198181e+16
1.045231e+16
8.377743e+15
5.81922e+15
7.776332e+15
9.915079e+15
1.150323e+16
1.249435e+16
1.285492e+16
1.25745e+16
1.166812e+16
1.017551e+16
8.155656e+15
5.673101e+15
9.300462e+15
1.19244e+16
1.386004e+16
1.506031e+16
1.549107e+16
1.5142e+16
1.402999e+16
1.21974e+16
9.705353e+15
6.633839e+15
8.056562e+15
1.022511e+16
1.183381e+16
1.283725e+16
1.320024e+16
1.291051e+16
1.198182e+16
1.045232e+16
8.37775e+15
5.81923e+15
6.86529e+15
8.649895e+15
9.995605e+15
1.084248e+16
1.115304e+16
1.091496e+16
1.014139e+16
8.871283e+15
7.170753e+15
5.135261e+15
1.005041e+16
1.284285e+16
1.490397e+16
1.618189e+16
1.663832e+16
1.626065e+16
1.506552e+16
1.309612e+16
1.041316e+16
7.097683e+15
9.503336e+15
1.210639e+16
1.402906e+16
1.522276e+16
1.564978e+16
1.529699e+16
1.41796e+16
1.233831e+16
9.829474e+15
6.723312e+15
8.056586e+15
1.022513e+16
1.183383e+16
1.283726e+16
1.320024e+16
1.29105e+16
1.19818e+16
1.04523e+16
8.377728e+15
5.819209e+15
6.865317e+15
8.649922e+15
9.995629e+15
1.084249e+16
1.115305e+16
1.091496e+16
1.014138e+16
8.871269e+15
7.170736e+15
5.135244e+15
9.503357e+15
1.210641e+16
1.402908e+16
1.522276e+16
1.564978e+16
1.529698e+16
1.417958e+16
1.233828e+16
9.829451e+15
6.72329e+15
7.776357e+15
9.915103e+15
1.150325e+16
1.249436e+16
1.285492e+16
1.257449e+16
1.166811e+16
1.017549e+16
8.155635e+15
5.67308e+15
1.005043e+16
1.284286e+16
1.490398e+16
1.61819e+16
1.663831e+16
1.626063e+16
1.50655e+16
1.309609e+16
1.041313e+16
7.097658e+15
9.300485e+15
1.192442e+16
1.386006e+16
1.506032e+16
1.549107e+16
1.514199e+16
1.402997e+16
1.219737e+16
9.705328e+15
6.633812e+15
6.865325e+15
8.649925e+15
9.995628e+15
1.084249e+16
1.115304e+16
1.091494e+16
1.014136e+16
8.871243e+15
7.170709e+15
5.135221e+15
9.503366e+15
1.210642e+16
1.402908e+16
1.522276e+16
1.564976e+16
1.529695e+16
1.417955e+16
1.233825e+16
9.829418e+15
6.723263e+15
9.300494e+15
1.192442e+16
1.386005e+16
1.506032e+16
1.549105e+16
1.514197e+16
1.402994e+16
1.219734e+16
9.705292e+15
6.633786e+15
7.776365e+15
9.915106e+15
1.150325e+16
1.249435e+16
1.285491e+16
1.257447e+16
1.166808e+16
1.017546e+16
8.155605e+15
5.673055e+15
8.056593e+15
1.022513e+16
1.183383e+16
1.283725e+16
1.320023e+16
1.291048e+16
1.198178e+16
1.045227e+16
8.377701e+15
5.819185e+15
1.005043e+16
1.284287e+16
1.490398e+16
1.618189e+16
1.66383e+16
1.626061e+16
1.506547e+16
1.309606e+16
1.04131e+16
7.097632e+15
9.503374e+15
1.210642e+16
1.402908e+16
1.522276e+16
1.564977e+16
1.529695e+16
1.417955e+16
1.233824e+16
9.829413e+15
6.723258e+15
1.005044e+16
1.284287e+16
1.490398e+16
1.618189e+16
1.66383e+16
1.626061e+16
1.506547e+16
1.309606e+16
1.04131e+16
7.097631e+15
9.300499e+15
1.192443e+16
1.386006e+16
1.506032e+16
1.549106e+16
1.514197e+16
1.402994e+16
1.219734e+16
9.705291e+15
6.633785e+15
8.0566e+15
1.022514e+16
1.183384e+16
1.283726e+16
1.320023e+16
1.291048e+16
1.198177e+16
1.045226e+16
8.377689e+15
5.819176e+15
6.865326e+15
8.649925e+15
9.995626e+15
1.084248e+16
1.115303e+16
1.091492e+16
1.014134e+16
8.871227e+15
7.170694e+15
5.13521e+15
7.776369e+15
9.91511e+15
1.150325e+16
1.249435e+16
1.285491e+16
1.257447e+16
1.166807e+16
1.017545e+16
8.155596e+15
5.673049e+15
7.776355e+15
9.915096e+15
1.150325e+16
1.249435e+16
1.285491e+16
1.257448e+16
1.166809e+16
1.017547e+16
8.155617e+15
5.673068e+15
9.30048e+15
1.192441e+16
1.386004e+16
1.506031e+16
1.549105e+16
1.514197e+16
1.402995e+16
1.219736e+16
9.705308e+15
6.6338e+15
1.005042e+16
1.284286e+16
1.490397e+16
1.618189e+16
1.66383e+16
1.626061e+16
1.506548e+16
1.309606e+16
1.041311e+16
7.097641e+15
6.865316e+15
8.649917e+15
9.995623e+15
1.084249e+16
1.115304e+16
1.091494e+16
1.014136e+16
8.871253e+15
7.17072e+15
5.13523e+15
8.056586e+15
1.022512e+16
1.183383e+16
1.283725e+16
1.320023e+16
1.291049e+16
1.198178e+16
1.045228e+16
8.377708e+15
5.819192e+15
9.503357e+15
1.210641e+16
1.402907e+16
1.522276e+16
1.564976e+16
1.529696e+16
1.417956e+16
1.233825e+16
9.829425e+15
6.723268e+15
2.944165e+15
3.612809e+15
4.125903e+15
4.455378e+15
4.579251e+15
4.488693e+15
4.188411e+15
3.694917e+15
3.029486e+15
2.188683e+15
2.435747e+15
2.985763e+15
3.407159e+15
3.677593e+15
3.779155e+15
3.704463e+15
3.457268e+15
3.051059e+15
2.504378e+15
1.82896e+15
4.10519e+15
5.0554e+15
5.784774e+15
6.251977e+15
6.42681e+15
6.297782e+15
5.872043e+15
5.173558e+15
4.234201e+15
3.036657e+15
4.10519e+15
5.055401e+15
5.784774e+15
6.251977e+15
6.426811e+15
6.297783e+15
5.872043e+15
5.173558e+15
4.234201e+15
3.036656e+15
2.944164e+15
3.612808e+15
4.125902e+15
4.455377e+15
4.579251e+15
4.488693e+15
4.188411e+15
3.694918e+15
3.029486e+15
2.188683e+15
4.663543e+15
5.789277e+15
6.638699e+15
7.178698e+15
7.379514e+15
7.229324e+15
6.7359e+15
5.923738e+15
4.819493e+15
3.390073e+15
2.944173e+15
3.612815e+15
4.125905e+15
4.455376e+15
4.579245e+15
4.488682e+15
4.188397e+15
3.694901e+15
3.02947e+15
2.188669e+15
2.435754e+15
2.985769e+15
3.407161e+15
3.677592e+15
3.77915e+15
3.704456e+15
3.457257e+15
3.051047e+15
2.504365e+15
1.828948e+15
4.105199e+15
5.055406e+15
5.784775e+15
6.251972e+15
6.426801e+15
6.297767e+15
5.872024e+15
5.173538e+15
4.234181e+15
3.036639e+15
2.944172e+15
3.612814e+15
4.125905e+15
4.455376e+15
4.579246e+15
4.488684e+15
4.188399e+15
3.694904e+15
3.029472e+15
2.188671e+15
4.105199e+15
5.055407e+15
5.784776e+15
6.251974e+15
6.426803e+15
6.29777e+15
5.872027e+15
5.173541e+15
4.234184e+15
3.036641e+15
4.663552e+15
5.789283e+15
6.638701e+15
7.178694e+15
7.379504e+15
7.229309e+15
6.73588e+15
5.923716e+15
4.819472e+15
3.390055e+15
2.94418e+15
3.612819e+15
4.125906e+15
4.455375e+15
4.57924e+15
4.488674e+15
4.188387e+15
3.694889e+15
3.029455e+15
2.188655e+15
2.944181e+15
3.612819e+15
4.125908e+15
4.455376e+15
4.57924e+15
4.488674e+15
4.188385e+15
3.694887e+15
3.029453e+15
2.188654e+15
4.105208e+15
5.055412e+15
5.784778e+15
6.251973e+15
6.426795e+15
6.297757e+15
5.87201e+15
5.17352e+15
4.234161e+15
3.036621e+15
2.435761e+15
2.985773e+15
3.407163e+15
3.677592e+15
3.779146e+15
3.704448e+15
3.457247e+15
3.051035e+15
2.504351e+15
1.828935e+15
4.105208e+15
5.055411e+15
5.784776e+15
6.251972e+15
6.426796e+15
6.297758e+15
5.872011e+15
5.173522e+15
4.234163e+15
3.036622e+15
4.663562e+15
5.789289e+15
6.638702e+15
7.178692e+15
7.379497e+15
7.229296e+15
6.735863e+15
5.923696e+15
4.81945e+15
3.390035e+15
4.66358e+15
5.78931e+15
6.638724e+15
7.178711e+15
7.379511e+15
7.229305e+15
6.735866e+15
5.923694e+15
4.819445e+15
3.39003e+15
2.435771e+15
2.985784e+15
3.407174e+15
3.677601e+15
3.779153e+15
3.704452e+15
3.457248e+15
3.051033e+15
2.504347e+15
1.828931e+15
4.105223e+15
5.055429e+15
5.784795e+15
6.251988e+15
6.426807e+15
6.297765e+15
5.872014e+15
5.17352e+15
4.234158e+15
3.036617e+15
4.105223e+15
5.055429e+15
5.784796e+15
6.251989e+15
6.426808e+15
6.297765e+15
5.872014e+15
5.17352e+15
4.234158e+15
3.036617e+15
2.94419e+15
3.612831e+15
4.125919e+15
4.455386e+15
4.579248e+15
4.488679e+15
4.188388e+15
3.694887e+15
3.029452e+15
2.188651e+15
2.944191e+15
3.612831e+15
4.125919e+15
4.455386e+15
4.579249e+15
4.488679e+15
4.188388e+15
3.694887e+15
3.029452e+15
2.188651e+15
2.43576e+15
2.985772e+15
3.407164e+15
3.677593e+15
3.779147e+15
3.704449e+15
3.457248e+15
3.051036e+15
2.504352e+15
1.828937e+15
2.944177e+15
3.612817e+15
4.125907e+15
4.455376e+15
4.579241e+15
4.488676e+15
4.188389e+15
3.694891e+15
3.029458e+15
2.188658e+15
4.105205e+15
5.05541e+15
5.784778e+15
6.251973e+15
6.426797e+15
6.29776e+15
5.872013e+15
5.173525e+15
4.234165e+15
3.036625e+15
2.944179e+15
3.612818e+15
4.125907e+15
4.455376e+15
4.579241e+15
4.488675e+15
4.188387e+15
3.694889e+15
3.029456e+15
2.188656e+15
4.105206e+15
5.055411e+15
5.784778e+15
6.251974e+15
6.426797e+15
6.297759e+15
5.872012e+15
5.173522e+15
4.234163e+15
3.036623e+15
4.663559e+15
5.789287e+15
6.638702e+15
7.178693e+15
7.379498e+15
7.229298e+15
6.735865e+15
5.923698e+15
4.819453e+15
3.390037e+15
2.944166e+15
3.612806e+15
4.125896e+15
4.455371e+15
4.579242e+15
4.488681e+15
4.188398e+15
3.694904e+15
3.029471e+15
2.18867e+15
2.435748e+15
2.985762e+15
3.407155e+15
3.677588e+15
3.779148e+15
3.704455e+15
3.457258e+15
3.051049e+15
2.504366e+15
1.828949e+15
2.944164e+15
3.612806e+15
4.125898e+15
4.455371e+15
4.579243e+15
4.488683e+15
4.1884e+15
3.694906e+15
3.029474e+15
2.188672e+15
4.105189e+15
5.055395e+15
5.784763e+15
6.251965e+15
6.426796e+15
6.297766e+15
5.872025e+15
5.17354e+15
4.234182e+15
3.036639e+15
4.663542e+15
5.789273e+15
6.638691e+15
7.178686e+15
7.379499e+15
7.229307e+15
6.73588e+15
5.923718e+15
4.819473e+15
3.390055e+15
4.105188e+15
5.055396e+15
5.784767e+15
6.251967e+15
6.426799e+15
6.297769e+15
5.872029e+15
5.173544e+15
4.234187e+15
3.036642e+15
0
0
0
0
0
0
0
0
0
0
0
0
0
0
0
0
0
0
0
0
0
0
0
0
0
0
0
0
0
0
0
0
0
0
0
0
0
0
0
0
0
0
0
0
0
0
0
0
0
0
0
0
0
0
0
0
0
0
0
0
0
0
0
0
0
0
0
0
0
0
0
0
0
0
0
0
0
0
0
0
0
0
0
0
0
0
0
0
0
0
0
0
0
0
0
0
0
0
0
0
0
0
0
0
0
0
0
0
0
0
0
0
0
0
0
0
0
0
0
0
0
0
0
0
0
0
0
0
0
0
0
0
0
0
0
0
0
0
0
0
0
0
0
0
0
0
0
0
0
0
0
0
0
0
0
0
0
0
0
0
0
0
0
0
0
0
0
0
0
0
0
0
0
0
0
0
0
0
0
0
0
0
0
0
0
0
0
0
0
0
0
0
0
0
0
0
0
0
0
0
0
0
0
0
0
0
0
0
0
0
0
0
0
0
0
0
0
0
0
0
0
0
0
0
0
0
0
0
0
0
0
0
0
0
0
0
0
0
0
0
0
0
0
0
0
0
0
0
0
0
0
0
0
0
0
0
0
0
0
0
0
0
0
0
0
0
0
0
0
0
0
0
0
0
0
0
0
0
0
0
0
0
0
0
0
0
0
0
0
0
0
0
0
0
0
0
0
0
0
0
0
0
0
0
0
0
0
0
0
0
0
0
0
0
0
0
0
0
0
0
0
0
0
0
0
0
0
0
0
0
0
0
0
0
0
0
0
0
0
0
0
0
0
0
0
0
0
0
0
0
0
0
0
0
0
0
0
0
0
0
6.899762e+15
8.796323e+15
1.02085e+16
1.109264e+16
1.141736e+16
1.117317e+16
1.037452e+16
9.059228e+15
7.282433e+15
5.093519e+15
7.376171e+15
9.480601e+15
1.103871e+16
1.200933e+16
1.23638e+16
1.209457e+16
1.121773e+16
9.772284e+15
7.814225e+15
5.404965e+15
5.311303e+15
6.656829e+15
7.683121e+15
8.334971e+15
8.578333e+15
8.402409e+15
7.819035e+15
6.863287e+15
5.593948e+15
4.072822e+15
4.535241e+15
5.75416e+15
6.677449e+15
7.261846e+15
7.481642e+15
7.32978e+15
6.817968e+15
5.978009e+15
4.864908e+15
3.561111e+15
4.290051e+15
5.383223e+15
6.218669e+15
6.750848e+15
6.951594e+15
6.812244e+15
6.343275e+15
5.575243e+15
4.560443e+15
3.366212e+15
6.149637e+15
7.893916e+15
9.192766e+15
1.000604e+16
1.030724e+16
1.008963e+16
9.367961e+15
8.178734e+15
6.577676e+15
4.629861e+15
4.535257e+15
5.754178e+15
6.677466e+15
7.261861e+15
7.481654e+15
7.329788e+15
6.817972e+15
5.978009e+15
4.864906e+15
3.561108e+15
6.149658e+15
7.893939e+15
9.192789e+15
1.000606e+16
1.030726e+16
1.008965e+16
9.367968e+15
8.178736e+15
6.577675e+15
4.62986e+15
4.290062e+15
5.383233e+15
6.218677e+15
6.750853e+15
6.951596e+15
6.812242e+15
6.343269e+15
5.575235e+15
4.560434e+15
3.366203e+15
5.311321e+15
6.656849e+15
7.683139e+15
8.334985e+15
8.578343e+15
8.402414e+15
7.819035e+15
6.863283e+15
5.593941e+15
4.072815e+15
6.899784e+15
8.796348e+15
1.020853e+16
1.109266e+16
1.141737e+16
1.117318e+16
1.037453e+16
9.059227e+15
7.282427e+15
5.093515e+15
7.376189e+15
9.480621e+15
1.103873e+16
1.200934e+16
1.236381e+16
1.209457e+16
1.121773e+16
9.772279e+15
7.814217e+15
5.404959e+15
6.8998e+15
8.79636e+15
1.020853e+16
1.109266e+16
1.141736e+16
1.117316e+16
1.03745e+16
9.059198e+15
7.282398e+15
5.093488e+15
7.376207e+15
9.480635e+15
1.103874e+16
1.200934e+16
1.23638e+16
1.209455e+16
1.121771e+16
9.772249e+15
7.814186e+15
5.40493e+15
5.311333e+15
6.656856e+15
7.683141e+15
8.334981e+15
8.578333e+15
8.402398e+15
7.819014e+15
6.86326e+15
5.593916e+15
4.072792e+15
6.149676e+15
7.893955e+15
9.192798e+15
1.000606e+16
1.030725e+16
1.008963e+16
9.367944e+15
8.178708e+15
6.577645e+15
4.629831e+15
4.290074e+15
5.383242e+15
6.218681e+15
6.750851e+15
6.951587e+15
6.812227e+15
6.34325e+15
5.575213e+15
4.56041e+15
3.366181e+15
4.535271e+15
5.754189e+15
6.677472e+15
7.261861e+15
7.481646e+15
7.329774e+15
6.817954e+15
5.977988e+15
4.864882e+15
3.561084e+15
5.31134e+15
6.65686e+15
7.683143e+15
8.334981e+15
8.578325e+15
8.402385e+15
7.818997e+15
6.863239e+15
5.593895e+15
4.072774e+15
4.290085e+15
5.383251e+15
6.218689e+15
6.750857e+15
6.951588e+15
6.812223e+15
6.343241e+15
5.5752e+15
4.560395e+15
3.366168e+15
4.535276e+15
5.754191e+15
6.67747e+15
7.261856e+15
7.481635e+15
7.329757e+15
6.817932e+15
5.977964e+15
4.864858e+15
3.561065e+15
6.899803e+15
8.796358e+15
1.020853e+16
1.109265e+16
1.141735e+16
1.117314e+16
1.037448e+16
9.059171e+15
7.282372e+15
5.093467e+15
7.376214e+15
9.480637e+15
1.103874e+16
1.200934e+16
1.236379e+16
1.209454e+16
1.121769e+16
9.772223e+15
7.814161e+15
5.40491e+15
6.149679e+15
7.893952e+15
9.192792e+15
1.000605e+16
1.030723e+16
1.00896e+16
9.367916e+15
8.178677e+15
6.577615e+15
4.629808e+15
4.290079e+15
5.383246e+15
6.218685e+15
6.750855e+15
6.951588e+15
6.812226e+15
6.343246e+15
5.575207e+15
4.560403e+15
3.366175e+15
6.149681e+15
7.893957e+15
9.1928e+15
1.000606e+16
1.030725e+16
1.008962e+16
9.367935e+15
8.178696e+15
6.577633e+15
4.629822e+15
5.311338e+15
6.65686e+15
7.683146e+15
8.334987e+15
8.578335e+15
8.402398e+15
7.819011e+15
6.863254e+15
5.59391e+15
4.072786e+15
6.899802e+15
8.79636e+15
1.020853e+16
1.109266e+16
1.141736e+16
1.117315e+16
1.03745e+16
9.05919e+15
7.282389e+15
5.09348e+15
4.535275e+15
5.754191e+15
6.677473e+15
7.261862e+15
7.481645e+15
7.32977e+15
6.817947e+15
5.97798e+15
4.864873e+15
3.561077e+15
7.37621e+15
9.480636e+15
1.103874e+16
1.200934e+16
1.236379e+16
1.209455e+16
1.12177e+16
9.772237e+15
7.814175e+15
5.404921e+15
6.899781e+15
8.79634e+15
1.020852e+16
1.109265e+16
1.141736e+16
1.117316e+16
1.037451e+16
9.059212e+15
7.282412e+15
5.0935e+15
7.376189e+15
9.480616e+15
1.103872e+16
1.200933e+16
1.236379e+16
1.209456e+16
1.121772e+16
9.772258e+15
7.814196e+15
5.404938e+15
5.311318e+15
6.656842e+15
7.683132e+15
8.33498e+15
8.578336e+15
8.402405e+15
7.819025e+15
6.863273e+15
5.593929e+15
4.072802e+15
6.14966e+15
7.893937e+15
9.192786e+15
1.000605e+16
1.030725e+16
1.008963e+16
9.367949e+15
8.178715e+15
6.577653e+15
4.629838e+15
4.290061e+15
5.383229e+15
6.218673e+15
6.750848e+15
6.951588e+15
6.812232e+15
6.343258e+15
5.575222e+15
4.56042e+15
3.366189e+15
4.535257e+15
5.754175e+15
6.677461e+15
7.261856e+15
7.481645e+15
7.329776e+15
6.817959e+15
5.977994e+15
4.864889e+15
3.561091e+15
6.324654e+15
8.145916e+15
9.501506e+15
1.034933e+16
1.06632e+16
1.043715e+16
9.686791e+15
8.449947e+15
6.785524e+15
4.767765e+15
4.781289e+15
6.11667e+15
7.125662e+15
7.762421e+15
8.002112e+15
7.83899e+15
7.286177e+15
6.377763e+15
5.174905e+15
3.780159e+15
4.781292e+15
6.116674e+15
7.125667e+15
7.762426e+15
8.002119e+15
7.838997e+15
7.286184e+15
6.37777e+15
5.174912e+15
3.780162e+15
7.823574e+15
1.011897e+16
1.18166e+16
1.287197e+16
1.325731e+16
1.296665e+16
1.201776e+16
1.045189e+16
8.329934e+15
5.728777e+15
7.823573e+15
1.011896e+16
1.18166e+16
1.287196e+16
1.325731e+16
1.296665e+16
1.201776e+16
1.045189e+16
8.329935e+15
5.728778e+15
6.324648e+15
8.14591e+15
9.5015e+15
1.034932e+16
1.06632e+16
1.043715e+16
9.686786e+15
8.449942e+15
6.785518e+15
4.767765e+15
4.781296e+15
6.116677e+15
7.125669e+15
7.762426e+15
8.002115e+15
7.83899e+15
7.286174e+15
6.377757e+15
5.174898e+15
3.780156e+15
6.324656e+15
8.145918e+15
9.501507e+15
1.034932e+16
1.06632e+16
1.043715e+16
9.686782e+15
8.449936e+15
6.785511e+15
4.767761e+15
7.823582e+15
1.011897e+16
1.181661e+16
1.287197e+16
1.325731e+16
1.296665e+16
1.201776e+16
1.045189e+16
8.329921e+15
5.728774e+15
6.324663e+15
8.145926e+15
9.501515e+15
1.034933e+16
1.066321e+16
1.043715e+16
9.686787e+15
8.449939e+15
6.785512e+15
4.767762e+15
4.7813e+15
6.116682e+15
7.125675e+15
7.762432e+15
8.002122e+15
7.838996e+15
7.28618e+15
6.377763e+15
5.174902e+15
3.780158e+15
7.823584e+15
1.011898e+16
1.181661e+16
1.287197e+16
1.325732e+16
1.296665e+16
1.201776e+16
1.045189e+16
8.32992e+15
5.728773e+15
7.823606e+15
1.0119e+16
1.181662e+16
1.287198e+16
1.325731e+16
1.296663e+16
1.201773e+16
1.045186e+16
8.329892e+15
5.728745e+15
6.324684e+15
8.145944e+15
9.501527e+15
1.034933e+16
1.06632e+16
1.043714e+16
9.686763e+15
8.449911e+15
6.785482e+15
4.767733e+15
6.324682e+15
8.145943e+15
9.501527e+15
1.034934e+16
1.06632e+16
1.043714e+16
9.686767e+15
8.449916e+15
6.785492e+15
4.767738e+15
7.823606e+15
1.0119e+16
1.181662e+16
1.287198e+16
1.325731e+16
1.296663e+16
1.201773e+16
1.045185e+16
8.329889e+15
5.728743e+15
4.781323e+15
6.116704e+15
7.125692e+15
7.762442e+15
8.002123e+15
7.83899e+15
7.286166e+15
6.377745e+15
5.174881e+15
3.780135e+15
4.781322e+15
6.116704e+15
7.125692e+15
7.762442e+15
8.002124e+15
7.838992e+15
7.286168e+15
6.377747e+15
5.174886e+15
3.780137e+15
4.781326e+15
6.116702e+15
7.125685e+15
7.762431e+15
8.002105e+15
7.838965e+15
7.286137e+15
6.377713e+15
5.174849e+15
3.78011e+15
6.324691e+15
8.145947e+15
9.501526e+15
1.034933e+16
1.066319e+16
1.043712e+16
9.686738e+15
8.449881e+15
6.785453e+15
4.767709e+15
4.781328e+15
6.116706e+15
7.12569e+15
7.762437e+15
8.002112e+15
7.838972e+15
7.286144e+15
6.377719e+15
5.174854e+15
3.780114e+15
6.324694e+15
8.145951e+15
9.501532e+15
1.034934e+16
1.06632e+16
1.043712e+16
9.686745e+15
8.449888e+15
6.785458e+15
4.767713e+15
7.823618e+15
1.0119e+16
1.181663e+16
1.287198e+16
1.32573e+16
1.296661e+16
1.201771e+16
1.045182e+16
8.329858e+15
5.728718e+15
7.823617e+15
1.0119e+16
1.181663e+16
1.287198e+16
1.32573e+16
1.296661e+16
1.201771e+16
1.045183e+16
8.32986e+15
5.728719e+15
4.781323e+15
6.116698e+15
7.125683e+15
7.76243e+15
8.002106e+15
7.838968e+15
7.286141e+15
6.377718e+15
5.174855e+15
3.780116e+15
6.324687e+15
8.145943e+15
9.501524e+15
1.034933e+16
1.066319e+16
1.043712e+16
9.686742e+15
8.449888e+15
6.785459e+15
4.767716e+15
4.781325e+15
6.116702e+15
7.125688e+15
7.762436e+15
8.002113e+15
7.838975e+15
7.286149e+15
6.377725e+15
5.174861e+15
3.78012e+15
7.823614e+15
1.0119e+16
1.181663e+16
1.287198e+16
1.32573e+16
1.296662e+16
1.201771e+16
1.045183e+16
8.329867e+15
5.728726e+15
6.324689e+15
8.145946e+15
9.501528e+15
1.034934e+16
1.06632e+16
1.043713e+16
9.686751e+15
8.449896e+15
6.785467e+15
4.767721e+15
7.823613e+15
1.0119e+16
1.181663e+16
1.287198e+16
1.32573e+16
1.296662e+16
1.201772e+16
1.045183e+16
8.329868e+15
5.728726e+15
4.781312e+15
6.116692e+15
7.125683e+15
7.762437e+15
8.002121e+15
7.838989e+15
7.286168e+15
6.377748e+15
5.174884e+15
3.780139e+15
4.781312e+15
6.116692e+15
7.125683e+15
7.762437e+15
8.00212e+15
7.838989e+15
7.286167e+15
6.377747e+15
5.174883e+15
3.780139e+15
6.324672e+15
8.14593e+15
9.501516e+15
1.034933e+16
1.06632e+16
1.043713e+16
9.686764e+15
8.449913e+15
6.785485e+15
4.767736e+15
6.324669e+15
8.145928e+15
9.501514e+15
1.034933e+16
1.06632e+16
1.043714e+16
9.686766e+15
8.449916e+15
6.785488e+15
4.767738e+15
7.823591e+15
1.011898e+16
1.181661e+16
1.287197e+16
1.32573e+16
1.296663e+16
1.201773e+16
1.045185e+16
8.32989e+15
5.728744e+15
7.823592e+15
1.011898e+16
1.181661e+16
1.287197e+16
1.32573e+16
1.296663e+16
1.201773e+16
1.045185e+16
8.329889e+15
5.728744e+15
5.311312e+15
6.656838e+15
7.683128e+15
8.334978e+15
8.578339e+15
8.402413e+15
7.819037e+15
6.863288e+15
5.593946e+15
4.072818e+15
6.899772e+15
8.796334e+15
1.020852e+16
1.109265e+16
1.141737e+16
1.117317e+16
1.037453e+16
9.059233e+15
7.282434e+15
5.093518e+15
4.290053e+15
5.383224e+15
6.218669e+15
6.750847e+15
6.951592e+15
6.812242e+15
6.343272e+15
5.575241e+15
4.560439e+15
3.366207e+15
7.376178e+15
9.480608e+15
1.103872e+16
1.200933e+16
1.23638e+16
1.209457e+16
1.121774e+16
9.772286e+15
7.814225e+15
5.404962e+15
4.535248e+15
5.754168e+15
6.677457e+15
7.261855e+15
7.48165e+15
7.329788e+15
6.817976e+15
5.978016e+15
4.864913e+15
3.561111e+15
6.149646e+15
7.893928e+15
9.192779e+15
1.000605e+16
1.030726e+16
1.008965e+16
9.367973e+15
8.178744e+15
6.577684e+15
4.629863e+15
7.376176e+15
9.480607e+15
1.103872e+16
1.200933e+16
1.23638e+16
1.209457e+16
1.121773e+16
9.772281e+15
7.814221e+15
5.404963e+15
6.899765e+15
8.796327e+15
1.020851e+16
1.109264e+16
1.141736e+16
1.117317e+16
1.037452e+16
9.059227e+15
7.282431e+15
5.093519e+15
6.149642e+15
7.893922e+15
9.192772e+15
1.000604e+16
1.030725e+16
1.008963e+16
9.36796e+15
8.178731e+15
6.577672e+15
4.629858e+15
5.311308e+15
6.656834e+15
7.683125e+15
8.334975e+15
8.578335e+15
8.40241e+15
7.819033e+15
6.863284e+15
5.593944e+15
4.072818e+15
4.535245e+15
5.754165e+15
6.677453e+15
7.26185e+15
7.481644e+15
7.32978e+15
6.817967e+15
5.978006e+15
4.864904e+15
3.561108e+15
4.290055e+15
5.383227e+15
6.218673e+15
6.750851e+15
6.951596e+15
6.812245e+15
6.343274e+15
5.57524e+15
4.560439e+15
3.366209e+15
4.290072e+15
5.383241e+15
6.218682e+15
6.750854e+15
6.951591e+15
6.812233e+15
6.343257e+15
5.57522e+15
4.560419e+15
3.366189e+15
4.535268e+15
5.754187e+15
6.677471e+15
7.261862e+15
7.481648e+15
7.329778e+15
6.817958e+15
5.977993e+15
4.86489e+15
3.561092e+15
6.149672e+15
7.893952e+15
9.192797e+15
1.000606e+16
1.030725e+16
1.008963e+16
9.36795e+15
8.178716e+15
6.577658e+15
4.629839e+15
5.311331e+15
6.656857e+15
7.683144e+15
8.334987e+15
8.578341e+15
8.402407e+15
7.819025e+15
6.863271e+15
5.593929e+15
4.072802e+15
7.376203e+15
9.480633e+15
1.103874e+16
1.200934e+16
1.23638e+16
1.209456e+16
1.121772e+16
9.77226e+15
7.814202e+15
5.40494e+15
6.899794e+15
8.796357e+15
1.020853e+16
1.109266e+16
1.141737e+16
1.117317e+16
1.037452e+16
9.059213e+15
7.282414e+15
5.0935e+15
7.376215e+15
9.48064e+15
1.103874e+16
1.200934e+16
1.236379e+16
1.209454e+16
1.121769e+16
9.772229e+15
7.814166e+15
5.404913e+15
6.149684e+15
7.89396e+15
9.192802e+15
1.000606e+16
1.030725e+16
1.008962e+16
9.36793e+15
8.17869e+15
6.577626e+15
4.629814e+15
4.535279e+15
5.754195e+15
6.677476e+15
7.261864e+15
7.481644e+15
7.329767e+15
6.817942e+15
5.977973e+15
4.864866e+15
3.56107e+15
5.311341e+15
6.656863e+15
7.683147e+15
8.334987e+15
8.578334e+15
8.402395e+15
7.819007e+15
6.86325e+15
5.593904e+15
4.072781e+15
6.899804e+15
8.796362e+15
1.020854e+16
1.109266e+16
1.141736e+16
1.117315e+16
1.037449e+16
9.059185e+15
7.282385e+15
5.093476e+15
4.29008e+15
5.383247e+15
6.218686e+15
6.750855e+15
6.951587e+15
6.812224e+15
6.343243e+15
5.575204e+15
4.560399e+15
3.366171e+15
7.376213e+15
9.480637e+15
1.103874e+16
1.200934e+16
1.236379e+16
1.209454e+16
1.121769e+16
9.772226e+15
7.814164e+15
5.404913e+15
6.899803e+15
8.796358e+15
1.020853e+16
1.109265e+16
1.141735e+16
1.117314e+16
1.037448e+16
9.059172e+15
7.282373e+15
5.09347e+15
6.149676e+15
7.89395e+15
9.19279e+15
1.000605e+16
1.030724e+16
1.008961e+16
9.36792e+15
8.178682e+15
6.577621e+15
4.629813e+15
5.311341e+15
6.656862e+15
7.683144e+15
8.334982e+15
8.578327e+15
8.402386e+15
7.818997e+15
6.863239e+15
5.593895e+15
4.072775e+15
4.535275e+15
5.754189e+15
6.67747e+15
7.261857e+15
7.481637e+15
7.32976e+15
6.817935e+15
5.977967e+15
4.864862e+15
3.561069e+15
4.290084e+15
5.383251e+15
6.218689e+15
6.750858e+15
6.951589e+15
6.812225e+15
6.343243e+15
5.575202e+15
4.560398e+15
3.366171e+15
4.290067e+15
5.383235e+15
6.218676e+15
6.750849e+15
6.951586e+15
6.812228e+15
6.343252e+15
5.575216e+15
4.560413e+15
3.366185e+15
4.535263e+15
5.754179e+15
6.677465e+15
7.261858e+15
7.481645e+15
7.329774e+15
6.817956e+15
5.977991e+15
4.864886e+15
3.561089e+15
5.311327e+15
6.656849e+15
7.683136e+15
8.334981e+15
8.578332e+15
8.402398e+15
7.819016e+15
6.863262e+15
5.593919e+15
4.072795e+15
6.89979e+15
8.796348e+15
1.020852e+16
1.109265e+16
1.141736e+16
1.117316e+16
1.037451e+16
9.059202e+15
7.282402e+15
5.093492e+15
7.376196e+15
9.480622e+15
1.103873e+16
1.200934e+16
1.236379e+16
1.209455e+16
1.121771e+16
9.772251e+15
7.814189e+15
5.404933e+15
6.149664e+15
7.893941e+15
9.192788e+15
1.000606e+16
1.030725e+16
1.008963e+16
9.367947e+15
8.178711e+15
6.57765e+15
4.629835e+15
0
0
0
0
0
0
0
0
0
0
0
0
0
0
0
0
0
0
0
0
0
0
0
0
0
0
0
0
0
0
0
0
0
0
0
0
0
0
0
0
0
0
0
0
0
0
0
0
0
0
0
0
0
0
0
0
0
0
0
0
0
0
0
0
0
0
0
0
0
0
0
0
0
0
0
0
0
0
0
0
0
0
0
0
0
0
0
0
0
0
0
0
0
0
0
0
0
0
0
0
0
0
0
0
0
0
0
0
0
0
0
0
0
0
0
0
0
0
0
0
0
0
0
0
0
0
0
0
0
0
0
0
0
0
0
0
0
0
0
0
0
0
0
0
0
0
0
0
0
0
0
0
0
0
0
0
0
0
0
0
0
0
0
0
0
0
0
0
0
0
0
0
0
0
0
0
0
0
0
0
0
0
0
0
0
0
0
0
0
0
0
0
0
0
0
0
0
0
0
0
0
0
0
0
0
0
0
0
0
0
0
0
0
0
0
0
0
0
0
0
0
0
0
0
0
0
0
0
0
0
0
0
0
0
0
0
0
0
0
0
0
0
0
0
0
0
0
0
0
0
0
0
0
0
0
0
0
0
0
0
0
0
0
0
0
0
0
0
0
0
0
0
0
0
0
0
0
0
0
0
0
0
0
0
0
0
0
0
0
0
0
0
0
0
0
0
0
0
0
0
0
0
0
0
0
0
0
0
0
0
0
0
0
0
0
0
0
0
0
0
0
0
0
0
0
0
0
0
0
0
0
0
0
0
0
0
0
0
0
0
0
0
0
0
0
0
0
0
0
0
0
0
0
0
0
0
0
0
0
0
0
0
0
0
0
0
0
0
0
0
0
0
0
0
0
0
0
0
0
0
0
0
0
0
0
0
0
0
0
0
0
0
0
0
0
0
0
0
0
0
0
0
0
0
0
0
0
0
0
0
0
0
0
0
0
0
0
0
0
0
0
0
0
0
0
0
0
0
0
0
0
0
0
0
0
0
0
0
0
0
0
0
0
0
0
0
0
0
0
0
0
0
0
0
0
0
0
0
0
0
0
0
0
0
0
0
0
0
0
0
0
0
0
0
0
0
0
0
0
0
0
0
0
0
0
0
0
0
0
0
0
0
0
0
0
0
0
0
0
0
0
0
0
0
0
0
0
0
0
0
0
0
0
0
0
0
0
0
0
0
0
0
0
0
0
0
0
0
0
0
0
0
0
0
0
0
0
0
0
0
0
0
0
0
0
0
0
0
0
0
0
0
0
0
0
0
0
0
0
0
0
0
0
0
0
0
0
0
0
0
0
0
0
0
0
0
0
0
0
0
0
0
0
0
0
0
0
0
0
0
0
0
0
0
0
0
0
0
0
0
0
0
0
0
0
0
0
0
0
0
0
0
0
0
0
0
0
0
0
0
0
0
0
0
0
0
0
0
0
0
0
0
0
0
0
0
0
0
0
0
0
0
0
0
0
0
0
0
0
0
0
0
0
0
0
0
0
0
0
0
0
0
0
0
0
0
0
0
0
0
0
0
0
0
0
0
0
0
0
0
0
0
0
0
0
0
0
0
0
0
0
0
0
0
0
0
0
0
0
0
0
0
0
0
0
0
0
0
0
0
0
0
0
0
0
0
0
0
0
0
0
0
0
0
0
0
0
0
0
0
0
0
0
0
0
0
0
0
0
0
0
0
0
0
0
0
0
0
0
0
0
0
0
0
0
0
0
0
0
0
0
0
0
0
0
0
0
0
0
0
0
0
0
0
0
0
0
0
0
0
0
0
0
0
0
0
0
0
0
0
0
0
0
0
0
0
0
0
0
0
0
0
0
0
0
0
0
0
0
0
0
0
0
0
0
0
0
0
0
0
0
0
0
0
0
0
0
0
0
0
0
0
0
0
0
0
0
0
0
0
0
0
0
0
0
0
0
0
0
0
0
0
0
0
0
0
0
0
0
0
0
0
0
0
0
0
0
0
0
0
0
0
0
0
0
0
0
0
0
0
0
0
0
0
0
0
0
0
0
0
0
0
0
0
0
0
0
0
0
0
0
0
0
0
0
0
0
0
0
0
0
0
0
0
0
0
0
0
0
0
0
0
0
0
0
0
0
0
0
0
0
0
0
0
0
0
0
0
0
0
0
0
0
0
0
0
0
0
0
0
0
0
0
0
0
0
0
0
0
0
0
0
0
0
0
0
0
0
0
0
0
0
0
0
0
0
0
0
0
0
0
0
0
0
0
0
0
0
0
0
0
0
0
0
0
0
0
0
0
0
0
0
0
0
0
0
0
0
0
0
0
0
0
0
0
0
0
0
0
0
0
0
0
0
0
0
0
0
0
0
0
0
0
0
0
0
0
0
0
0
0
0
0
0
0
0
0
0
0
0
0
0
0
0
0
0
0
0
0
0
0
0
0
0
0
0
0
0
0
0
0
0
0
0
0
0
0
0
0
0
0
0
0
0
0
0
0
0
0
0
0
0
0
0
0
0
0
0
0
0
0
0
0
0
0
0
0
0
0
0
0
0
0
0
0
0
0
0
0
0
0
0
0
0
0
0
0
0
0
0
0
0
0
0
0
0
0
0
0
0
0
0
0
0
0
0
0
0
0
0
0
0
0
0
0
0
0
0
0
0
0
0
0
0
0
0
0
0
0
0
0
0
0
0
0
0
0
0
0
0
0
0
0
0
0
0
0
0
0
0
0
0
0
0
0
0
0
0
0
0
0
0
0
0
0
0
0
0
0
0
0
0
0
0
0
0
0
0
0
0
0
0
0
0
0
0
0
0
0
0
0
0
0
0
0
0
0
0
0
0
0
0
0
0
0
0
0
0
0
0
0
0
0
0
0
0
0
0
0
0
0
0
0
0
0
0
0
0
0
0
0
0
0
0
0
0
0
0
0
0
0
0
0
0
0
0
0
0
0
0
0
0
0
0
0
0
0
0
0
0
0
0
0
0
0
0
0
0
0
0
0
0
0
0
0
0
0
0
0
0
0
0
0
0
0
0
0
0
0
0
0
0
0
0
0
0
0
0
0
0
0
0
0
0
0
0
0
0
0
0
0
0
0
0
0
0
0
0
0
0
0
0
0
0
0
0
0
0
0
0
0
0
0
0
0
0
0
0
0
0
0
0
0
0
0
0
0
0
0
0
0
0
0
0
0
0
0
0
0
0
0
0
0
0
0
0
0
0
0
0
0
0
0
0
0
0
0
0
0
0
0
0
0
0
0
0
0
0
0
0
0
0
0
0
0
0
0
0
0
0
0
0
0
0
0
0
0
0
0
0
0
0
0
0
0
0
0
0
0
0
0
0
0
0
0
0
0
0
0
0
0
0
0
0
0
0
0
0
0
0
0
0
0
0
0
0
0
0
0
0
0
0
0
0
0
0
0
0
0
0
0
0
0
0
0
0
0
0
0
0
0
0
0
0
0
0
0
0
0
0
0
0
0
0
0
0
0
0
0
0
0
0
0
0
0
0
0
0
0
0
0
0
0
0
0
0
0
0
0
0
0
0
0
0
0
0
0
0
0
0
0
0
0
0
0
0
0
0
0
0
0
0
0
0
0
0
0
0
0
0
0
0
0
0
0
0
0
0
0
0
0
0
0
0
0
0
0
0
0
0
0
0
0
0
0
0
0
0
0
0
0
0
0
0
0
0
0
0
0
0
0
0
0
0
0
0
0
0
0
0
0
0
0
0
0
0
0
0
0
0
0
0
0
0
0
0
0
0
0
0
0
0
0
0
0
0
0
0
0
0
0
0
0
0
0
0
0
0
0
0
0
0
0
0
0
0
0
0
0
0
0
0
0
0
0
0
0
0
0
0
0
0
0
0
0
0
0
0
0
0
0
0
0
0
0
0
0
0
0
0
0
0
0
0
0
0
0
0
0
0
0
0
0
0
0
0
0
0
0
0
0
0
0
0
0
0
0
0
0
0
0
0
0
0
0
0
0
0
0
0
0
0
0
0
0
0
0
0
0
0
0
0
0
0
0
0
0
0
0
0
0
0
0
0
0
0
0
0
0
0
0
0
0
0
0
0
0
0
0
0
0
0
0
0
0
0
0
0
0
0
0
0
0
0
0
0
0
0
0
0
0
0
0
0
0
0
0
0
0
0
0
0
0
0
0
0
0
0
0
0
0
0
0
0
0
0
0
0
0
0
0
0
0
0
0
0
0
0
0
0
0
0
0
0
0
0
0
0
0
0
0
0
0
0
0
0
0
0
0
0
0
0
0
0
0
0
0
0
0
0
0
0
0
0
0
0
0
0
0
0
0
0
0
0
0
0
0
0
0
0
0
0
0
0
0
0
0
0
0
0
0
0
0
0
0
0
0
0
0
0
0
0
0
0
0
0
0
0
0
0
0
0
0
0
0
0
0
0
0
0
0
0
0
0
0
0
0
0
0
0
0
0
0
0
0
0
0
0
0
0
0
0
0
0
0
0
0
0
0
0
0
0
0
0
0
0
0
0
0
0
0
0
0
0
0
0
0
0
0
0
0
0
0
0
0
0
0
0
0
0
0
0
0
0
0
0
0
0
0
0
0
0
0
0
0
0
0
0
0
0
0
0
0
0
0
0
0
0
0
0
0
0
0
0
0
0
0
0
0
0
0
0
0
0
0
0
0
0
0
0
0
0
0
0
0
0
0
0
0
0
0
0
0
0
0
0
0
0
0
0
0
0
0
0
0
0
0
0
0
0
0
0
0
0
0
0
0
0
0
0
0
0
0
0
0
0
0
0
0
0
0
0
0
0
0
0
0
0
0
0
0
0
0
0
0
0
0
0
0
0
0
0
0
0
0
0
0
0
0
0
0
0
0
0
0
0
0
0
0
0
0
0
0
0
0
0
0
0
0
0
0
0
0
0
0
0
0
0
0
0
0
0
0
0
0
0
0
0
0
0
0
0
0
0
0
0
0
0
0
0
0
0
0
0
0
0
0
0
0
0
0
0
0
0
0
0
0
0
0
0
0
0
0
0
0
0
0
0
0
0
0
0
0
0
0
0
0
0
0
0
0
0
0
0
0
0
0
0
0
0
0
0
0
0
0
0
0
0
0
0
0
0
0
0
0
0
0
0
0
0
0
0
0
0
0
0
0
0
0
0
0
0
0
0
0
0
0
0
0
0
0
0
0
0
0
0
0
0
0
0
0
0
0
0
0
0
0
0
0
0
0
0
0
0
0
0
0
0
0
0
0
0
0
0
0
0
0
0
0
0
0
0
0
0
0
0
0
0
0
0
0
0
0
0
0
0
0
0
0
0
0
0
0
0
0
0
0
0
0
0
0
0
0
0
0
0
0
0
0
0
0
0
0
0
0
0
0
0
0
0
0
0
0
0
0
0
0
0
0
0
0
0
0
0
0
0
0
0
0
0
0
0
0
0
0
0
0
0
0
0
0
0
0
0
0
0
0
0
0
0
0
0
0
0
0
0
0
0
0
0
0
0
0
0
0
0
0
0
0
0
0
0
0
0
0
0
0
0
0
0
0
0
0
0
0
0
0
0
0
0
0
0
0
0
0
0
0
0
0
0
0
0
0
0
0
0
0
0
0
0
0
0
0
0
0
0
0
0
0
0
0
0
0
0
0
0
0
0
0
0
0
0
0
0
0
0
0
0
0
0
0
0
0
0
0
0
0
0
0
0
0
0
0
0
0
0
0
0
0
0
0
0
0
0
0
0
0
0
0
0
0
0
0
0
0
0
0
0
0
0
0
0
0
0
0
0
0
0
0
0
0
0
0
0
0
0
0
0
0
0
0
0
0
0
0
0
0
0
0
0
0
0
0
0
0
0
0
0
0
0
0
0
0
0
0
0
0
0
0
0
0
0
0
0
0
0
0
0
0
0
0
0
0
0
0
0
0
0
0
0
0
0
0
0
0
0
0
0
0
0
0
0
0
0
0
0
0
0
0
0
0
0
0
0
0
0
0
0
0
0
0
0
0
0
0
0
0
0
0
0
0
0
0
0
0
0
0
0
0
0
0
0
0
0
0
0
0
0
0
0
0
0
0
0
0
0
0
0
0
0
0
0
0
0
0
0
0
0
0
0
0
0
0
0
0
0
0
0
0
0
0
0
0
0
0
0
0
0
0
0
0
0
0
0
0
0
0
0
0
0
0
0
0
0
0
0
0
0
0
0
0
0
0
0
0
0
0
0
0
0
0
0
0
0
0
0
0
0
0
0
0
0
0
0
0
0
0
0
0
0
0
0
0
0
0
0
0
0
0
0
0
0
0
0
0
0
0
0
0
0
0
0
0
0
0
0
0
0
0
0
0
0
0
0
0
0
0
0
0
0
0
0
0
0
0
0
0
0
0
0
0
0
0
0
0
0
0
0
0
0
0
0
0
0
0
0
0
0
0
0
0
0
0
0
0
0
0
0
0
0
0
0
0
0
0
0
0
0
0
0
0
0
0
0
0
0
0
0
0
0
0
0
0
0
0
0
0
0
0
0
0
0
0
0
0
0
0
0
0
0
0
0
0
0
0
0
0
0
0
0
0
0
0
0
0
0
0
0
0
0
0
0
0
0
0
0
0
0
0
0
0
0
0
0
0
0
0
0
0
0
0
0
0
0
0
0
0
0
0
0
0
0
0
0
0
0
0
0
0
0
0
0
0
0
0
0
0
0
0
0
0
0
0
0
0
0
0
0
0
0
0
0
0
0
0
0
0
0
0
0
0
0
0
0
0
0
0
0
0
0
0
0
0
0
0
0
0
0
0
0
0
0
0
0
0
0
0
0
0
0
0
0
0
0
0
0
0
0
0
0
0
0
0
0
0
0
0
0
0
0
0
0
0
0
0
0
0
0
0
0
0
0
0
0
0
0
0
0
0
0
0
0
0
0
0
0
0
0
0
0
0
0
0
0
0
0
0
0
0
0
0
0
0
0
0
0
0
0
0
0
0
0
0
0
0
0
0
0
0
0
0
0
0
0
0
0
0
0
0
0
0
0
0
0
0
0
0
0
0
0
0
0
0
0
0
0
0
0
0
0
0
0
0
0
0
0
0
0
0
0
0
0
0
0
0
0
0
0
0
0
0
0
0
0
0
0
0
0
0
0
0
0
0
0
0
0
0
0
0
0
0
0
0
0
0
0
0
0
0
0
0
0
0
0
0
0
0
0
0
0
0
0
0
0
0
0
0
0
0
0
0
0
0
0
0
0
0
0
0
0
0
0
0
0
0
0
0
0
0
0
0
0
0
0
0
0
0
0
0
0
0
0
0
0
0
0
0
0
0
0
0
0
0
0
0
0
0
0
0
0
0
0
0
0
0
0
0
0
0
0
0
0
0
0
0
0
0
0
0
0
0
0
0
0
0
0
0
0
0
0
0
0
0
0
0
0
0
0
0
0
0
0
0
0
0
0
0
0
0
0
0
0
0
0
0
0
0
0
0
0
0
0
0
0
0
0
0
0
0
0
0
0
0
0
0
0
0
0
0
0
0
0
0
0
0
0
0
0
0
0
0
0
0
0
0
0
0
0
0
0
0
0
0
0
0
0
0
0
0
0
0
0
0
0
0
0
0
0
0
0
0
0
0
0
0
0
0
0
0
0
0
0
0
0
0
0
0
0
0
0
0
0
0
0
0
0
0
0
0
0
0
0
0
0
0
0
0
0
0
0
0
0
0
0
0
0
0
0
0
0
0
0
0
0
0
0
0
0
0
0
0
0
0
0
0
0
0
0
0
0
0
0
0
0
0
0
0
0
0
0
0
0
0
0
0
0
0
0
0
0
0
0
0
0
0
0
0
0
0
0
0
0
0
0
0
0
0
0
0
0
0
0
0
0
0
0
0
0
0
0
0
0
0
0
0
0
0
0
0
0
0
0
0
0
0
0
0
0
0
0
0
0
0
0
0
0
0
0
0
0
0
0
0
0
0
0
0
0
0
0
0
0
0
0
0
0
0
0
0
0
0
0
0
0
0
0
0
0
0
0
0
0
0
0
0
0
0
0
0
0
0
0
0
0
0
0
0
0
0
0
0
0
0
0
0
0
0
0
0
0
0
0
0
0
0
0
0
0
0
0
0
0
0
0
0
0
0
0
0
0
0
0
0
0
0
0
0
0
0
0
0
0
0
0
0
0
0
0
0
0
0
0
0
0
0
0
0
0
0
0
0
0
0
0
0
0
0
0
0
0
0
0
0
0
0
0
0
0
0
0
0
0
0
0
0
0
0
0
0
0
0
0
0
0
0
0
0
0
0
0
0
0
0
0
0
0
0
0
0
0
0
0
0
0
0
0
0
0
0
0
0
0
0
0
0
0
0
0
0
0
0
0
0
0
0
0
0
0
0
0
0
0
0
0
0
0
0
0
0
0
0
0
0
0
0
0
0
0
0
0
0
0
0
0
0
0
0
0
0
0
0
0
0
0
0
0
0
0
0
0
0
0
0
0
0
0
0
0
0
0
0
0
0
0
0
0
0
0
0
0
0
0
0
0
0
0
0
0
0
0
0
0
0
0
0
0
0
0
0
0
0
0
0
0
0
0
0
0
0
0
0
0
0
0
0
0
0
0
0
0
0
0
0
0
0
0
0
0
0
0
0
0
0
0
0
0
0
0
0
0
0
0
0
0
0
0
0
0
0
0
0
0
0
0
0
0
0
0
0
0
0
0
0
0
0
0
0
0
0
0
0
0
0
0
0
0
0
0
0
0
0
0
0
0
0
0
0
0
0
0
0
0
0
0
0
0
0
0
0
0
0
0
0
0
0
0
0
0
0
0
0
0
0
0
0
0
0
0
0
0
0
0
0
0
0
0
0
0
0
0
0
0
0
0
0
0
0
0
0
0
0
0
0
0
0
0
0
0
0
0
0
0
0
0
0
0
0
0
0
0
0
0
0
0
0
0
0
0
0
0
0
0
0
0
0
0
0
0
0
0
0
0
0
0
0
0
0
0
0
0
0
0
0
0
0
0
0
0
0
0
0
0
0
0
0
0
0
0
0
0
0
0
0
0
0
0
0
0
0
0
0
0
0
0
0
0
0
0
0
0
0
0
0
0
0
0
0
0
0
0
0
0
0
0
0
0
0
0
0
0
0
0
0
0
0
0
0
0
0
0
0
0
0
0
0
0
0
0
0
0
0
0
0
0
0
0
0
0
0
0
0
0
0
0
0
0
0
0
0
0
0
0
0
0
0
0
0
0
0
0
0
0
0
0
0
0
0
0
0
0
0
0
0
0
0
0
0
0
0
0
0
0
0
0
0
0
0
0
0
0
0
0
0
0
0
0
0
0
0
0
0
0
0
0
0
0
0
0
0
0
0
0
0
0
0
0
0
0
0
0
0
0
0
0
0
0
0
0
0
0
0
0
0
0
0
0
0
0
0
0
0
0
0
0
0
0
0
0
0
0
0
0
0
0
0
0
0
0
0
0
0
0
0
0
0
0
0
0
0
0
0
0
0
0
0
0
0
0
0
0
0
0
0
0
0
0
0
0
0
0
0
0
0
0
0
0
0
0
0
0
0
0
0
0
0
0
0
0
0
0
0
0
0
0
0
0
0
0
0
0
0
0
0
0
0
0
0
0
0
0
0
0
0
0
0
0
0
0
0
0
0
0
0
0
0
0
0
0
0
0
0
0
0
0
0
0
0
0
0
0
0
0
0
0
0
0
0
0
0
0
0
0
0
0
0
0
0
0
0
0
0
0
0
0
0
0
0
0
0
0
0
0
0
0
0
0
0
0
0
0
0
0
0
0
0
0
0
0
0
0
0
0
0
0
0
0
0
0
0
0
0
0
0
0
0
0
0
0
0
0
0
0
0
0
0
0
0
0
0
0
0
0
0
0
0
0
0
0
0
0
0
0
0
0
0
0
0
0
0
0
0
0
0
0
0
0
0
0
0
0
0
0
0
0
0
0
0
0
0
0
0
0
0
0
0
0
0
0
0
0
0
0
0
0
0
0
0
0
0
0
0
0
0
0
0
0
0
0
0
0
0
0
0
0
0
0
0
0
0
0
0
0
0
0
0
0
0
0
0
0
0
0
0
0
0
0
0
0
0
0
0
0
0
0
0
0
0
0
0
0
0
0
0
0
0
0
0
0
0
0
0
0
0
0
0
0
0
0
0
0
0
0
0
0
0
0
0
0
0
0
0
0
0
0
0
0
0
0
0
0
0
0
0
0
0
0
0
0
0
0
0
0
0
0
0
0
0
0
0
0
0
0
0
0
0
0
0
0
0
0
0
0
0
0
0
0
0
0
0
0
0
0
0
0
0
0
0
0
0
0
0
0
0
0
0
0
0
0
0
0
0
0
0
0
0
0
0
0
0
0
0
0
0
0
0
0
0
0
0
0
0
0
0
0
0
0
0
0
0
0
0
0
0
0
0
0
0
0
0
0
0
0
0
0
0
0
0
0
0
0
0
0
0
0
0
0
0
0
0
0
0
0
0
0
0
0
0
0
0
0
0
0
0
0
0
0
0
0
0
0
0
0
0
0
0
0
0
0
0
0
0
0
0
0
0
0
0
0
0
0
0
0
0
0
0
0
0
0
0
0
0
0
0
0
0
0
0
0
0
0
0
0
0
0
0
0
0
0
0
0
0
0
0
0
0
0
0
0
0
0
0
0
0
0
0
0
0
0
0
0
0
0
0
0
0
0
0
0
0
0
0
0
0
0
0
0
0
0
0
0
0
0
0
0
0
0
0
0
0
0
0
0
0
0
0
0
0
0
0
0
0
0
0
0
0
0
0
0
0
0
0
0
0
0
0
0
0
0
0
0
0
0
0
0
0
0
0
0
0
0
0
0
0
0
0
0
0
0
0
0
0
0
0
0
0
0
0
0
0
0
0
0
0
0
0
0
0
0
0
0
0
0
0
0
0
0
0
0
0
0
0
0
0
0
0
0
0
0
0
0
0
0
0
0
0
0
0
0
0
0
0
0
0
0
0
0
0
0
0
0
0
0
0
0
0
0
0
0
0
0
0
0
0
0
0
0
0
0
0
0
0
0
0
0
0
0
0
0
0
0
0
0
0
0
0
0
0
0
0
0
0
0
0
0
0
0
0
0
0
0
0
0
0
0
0
0
0
0
0
0
0
0
0
0
0
0
0
0
0
0
0
0
0
0
0
0
0
0
0
0
0
0
0
0
0
0
0
0
0
0
0
0
0
0
0
0
0
0
0
0
0
0
0
0
0
0
0
0
0
0
0
0
0
0
0
0
0
0
0
0
0
0
0
0
0
0
0
0
0
0
0
0
0
0
0
0
0
0
0
0
0
0
0
0
0
0
0
0
0
0
0
0
0
0
0
0
0
0
0
0
0
0
0
0
0
0
0
0
0
0
0
0
0
0
0
0
0
0
0
0
0
0
0
0
0
0
0
0
0
0
0
0
0
0
0
0
0
0
0
0
0
0
0
0
0
0
0
0
0
0
0
0
0
0
0
0
0
0
0
0
0
0
0
0
0
0
0
0
0
0
0
0
0
0
0
0
0
0
0
0
0
0
0
0
0
0
0
0
0
0
0
0
0
0
0
0
0
0
0
0
0
0
0
0
0
0
0
0
0
0
0
0
0
0
0
0
0
0
0
0
0
0
0
0
0
0
0
0
0
0
0
0
0
0
0
0
0
0
0
0
0
0
0
0
0
0
0
0
0
0
0
0
0
0
0
0
0
0
0
0
0
0
0
0
0
0
0
0
0
0
0
0
0
0
0
0
0
0
0
0
0
0
0
0
0
0
0
0
0
0
0
0
0
0
0
0
0
0
0
0
0
0
0
0
0
0
0
0
0
0
0
0
0
0
0
0
0
0
0
0
0
0
0
0
0
0
0
0
0
0
0
0
0
0
0
0
0
0
0
0
0
0
0
0
0
0
0
0
0
0
0
0
0
0
0
0
0
0
0
0
0
0
0
0
0
0
0
0
0
0
0
0
0
0
0
0
0
0
0
0
0
0
0
0
0
0
0
0
0
0
0
0
0
0
0
0
0
0
0
0
0
0
0
0
0
0
0
0
0
0
0
0
0
0
0
0
0
0
0
0
0
0
0
0
0
0
0
0
0
0
0
0
0
0
0
0
0
0
0
0
0
0
0
0
0
0
0
0
0
0
0
0
0
0
0
0
0
0
0
0
0
0
0
0
0
0
0
0
0
0
0
0
0
0
0
0
0
0
0
0
0
0
0
0
0
0
0
0
0
0
0
0
0
0
0
0
0
0
0
0
0
0
0
0
0
0
0
0
0
0
0
0
0
0
0
0
0
0
0
0
0
0
0
0
0
0
0
0
0
0
0
0
0
0
0
0
0
0
0
0
0
0
0
0
0
0
0
0
0
0
0
0
0
0
0
0
0
0
0
0
0
0
0
0
0
0
0
0
0
0
0
0
0
0
0
0
0
0
0
0
0
0
0
0
0
0
0
0
0
0
0
0
0
0
0
0
0
0
0
0
0
0
0
0
0
0
0
0
0
0
0
0
0
0
0
0
0
0
0
0
0
0
0
0
0
0
0
0
0
0
0
0
0
0
0
0
0
0
0
0
0
0
0
0
0
0
0
0
0
0
0
0
0
0
0
0
0
0
0
0
0
0
0
0
0
0
0
0
0
0
0
0
0
0
0
0
0
0
0
0
0
0
0
0
0
0
0
0
0
0
0
0
0
0
0
0
0
0
0
0
0
0
0
0
0
0
0
0
0
0
0
0
0
0
0
0
0
0
0
0
0
0
0
0
0
0
0
0
0
0
0
0
0
0
0
0
0
0
0
0
0
0
0
0
0
0
0
0
0
0
0
0
0
0
0
0
0
0
0
0
0
0
0
0
0
0
0
0
0
0
0
0
0
0
0
0
0
0
0
0
0
0
0
0
0
0
0
0
0
0
0
0
0
0
0
0
0
0
0
0
0
0
0
0
0
0
0
0
0
0
0
0
0
0
0
0
0
0
0
0
0
0
0
0
0
0
0
0
0
0
0
0
0
0
0
0
0
0
0
0
0
0
0
0
0
0
0
0
0
0
0
0
0
0
0
0
0
0
0
0
0
0
0
0
0
0
0
0
0
0
0
0
0
0
0
0
0
0
0
0
0
0
0
0
0
0
0
0
0
0
0
0
0
0
0
0
0
0
0
0
0
0
0
0
0
0
0
0
0
0
0
0
0
0
0
0
0
0
0
0
0
0
0
0
0
0
0
0
0
0
0
0
0
0
0
0
0
0
0
0
0
0
0
0
0
0
0
0
0
0
0
0
0
0
0
0
0
0
0
0
0
0
0
0
0
0
0
0
0
0
0
0
0
0
0
0
0
0
0
0
0
0
0
0
0
0
0
0
0
0
0
0
0
0
0
0
0
0
0
0
0
0
0
0
0
0
0
0
0
0
0
0
0
0
0
0
0
0
0
0
0
0
0
0
0
0
0
0
0
0
0
0
0
0
0
0
0
0
0
0
0
0
0
0
0
0
0
0
0
0
0
0
0
0
0
0
0
0
0
0
0
0
0
0
0
0
0
0
0
0
0
0
0
0
0
0
0
0
0
0
0
0
0
0
0
0
0
0
0
0
0
0
0
0
0
0
0
0
0
0
0
0
0
0
0
0
0
0
0
0
0
0
0
0
0
0
0
0
0
0
0
0
0
0
0
0
0
0
0
0
0
0
0
0
0
0
0
0
0
0
0
0
0
0
0
0
0
0
0
0
0
0
0
0
0
0
0
0
0
0
0
0
0
0
0
0
0
0
0
0
0
0
0
0
0
0
0
0
0
0
0
0
0
0
0
0
0
0
0
0
0
0
0
0
0
0
0
0
0
0
0
0
0
0
0
0
0
0
0
0
0
0
0
0
0
0
0
0
0
0
0
0
0
0
0
0
0
0
0
0
0
0
0
0
0
0
0
0
0
0
0
0
0
0
0
0
0
0
0
0
0
0
0
0
0
0
0
0
0
0
0
0
0
0
0
0
0
0
0
0
0
0
0
0
0
0
0
0
0
0
0
0
0
0
0
0
0
0
0
0
0
0
0
0
0
0
0
0
0
0
0
0
0
0
0
0
0
0
0
0
0
0
0
0
0
0
0
0
0
0
0
0
0
0
0
0
0
0
0
0
0
0
0
0
0
0
0
0
0
0
0
0
0
0
0
0
0
0
0
0
0
0
0
0
0
0
0
0
0
0
0
0
0
0
0
0
0
0
0
0
0
0
0
0
0
0
0
0
0
0
0
0
0
0
0
0
0
0
0
0
0
0
0
0
0
0
0
0
0
0
0
0
0
0
0
0
0
0
0
0
0
0
0
0
0
0
0
0
0
0
0
0
0
0
0
0
0
0
0
0
0
0
0
0
0
0
0
0
0
0
0
0
0
0
0
0
0
0
0
0
0
0
0
0
0
0
0
0
0
0
0
0
0
0
0
0
0
0
0
0
0
0
0
0
0
0
0
0
0
0
0
0
0
0
0
0
0
0
0
0
0
0
0
0
0
0
0
0
0
0
0
0
0
0
0
0
0
0
0
0
0
0
0
0
0
0
0
0
0
0
0
0
0
0
0
0
0
0
0
0
0
0
0
0
0
0
0
0
0
0
0
0
0
0
0
0
0
0
0
0
0
0
0
0
0
0
0
0
0
0
0
0
0
0
0
0
0
0
0
0
0
0
0
0
0
0
0
0
0
0
0
0
0
0
0
0
0
0
0
0
0
0
0
0
0
0
0
0
0
0
0
0
0
0
0
0
0
0
0
0
0
0
0
0
0
0
0
0
0
0
0
0
0
0
0
0
0
0
0
0
0
0
0
0
0
0
0
0
0
0
0
0
0
0
0
0
0
0
0
0
0
0
0
0
0
0
0
0
0
0
0
0
0
0
0
0
0
0
0
0
0
0
0
0
0
0
0
0
0
0
0
0
0
0
0
0
0
0
0
0
0
0
0
0
0
0
0
0
0
0
0
0
0
0
0
0
0
0
0
0
0
0
0
0
0
0
0
0
0
0
0
0
0
0
0
0
0
0
0
0
0
0
0
0
0
0
0
0
0
0
0
0
0
0
0
0
0
0
0
0
0
0
0
0
0
0
0
0
0
0
0
0
0
0
0
0
0
0
0
0
0
0
0
0
0
0
0
0
0
0
0
0
0
0
0
0
0
0
0
0
0
0
0
0
0
0
0
0
0
0
0
0
0
0
0
0
0
0
0
0
0
0
0
0
0
0
0
0
0
0
0
0
0
0
0
0
0
0
0
0
0
0
0
0
0
0
0
0
0
0
0
0
0
0
0
0
0
0
0
0
0
0
0
0
0
0
0
0
0
0
0
0
0
0
0
0
0
0
0
0
0
0
0
0
0
0
0
0
0
0
0
0
0
0
0
0
0
0
0
0
0
0
0
0
0
0
0
0
0
0
0
0
0
0
0
0
0
0
0
0
0
0
0
0
0
0
0
0
0
0
0
0
0
0
0
0
0
0
0
0
0
0
0
0
0
0
0
0
0
0
0
0
0
0
0
0
0
0
0
0
0
0
0
0
0
0
0
0
0
0
0
0
0
0
0
0
0
0
0
0
0
0
0
0
0
0
0
0
0
0
0
0
0
0
0
0
0
0
0
0
0
0
0
0
0
0
0
0
0
0
0
0
0
0
0
0
0
0
0
0
0
0
0
0
0
0
0
0
0
0
0
0
0
0
0
0
0
0
0
0
0
0
0
0
0
0
0
0
0
0
0
0
0
0
0
0
0
0
0
0
0
0
0
0
0
0
0
0
0
0
0
0
0
0
0
0
0
0
0
0
0
0
0
0
0
0
0
0
0
0
0
0
0
0
0
0
0
0
0
0
0
0
0
0
0
0
0
0
0
0
0
0
0
0
0
0
0
0
0
0
0
0
0
0
0
0
0
0
0
0
0
0
0
0
0
0
0
0
0
0
0
0
0
0
0
0
0
0
0
0
0
0
0
0
0
0
0
0
0
0
0
0
0
0
0
0
0
0
0
0
0
0
0
0
0
0
0
0
0
0
0
0
0
0
0
0
0
0
0
0
0
0
0
0
0
0
0
0
0
0
0
0
0
0
0
0
0
0
0
0
0
0
0
0
0
0
0
0
0
0
0
0
0
0
0
0
0
0
0
0
0
0
0
0
0
0
0
0
0
0
0
0
0
0
0
0
0
0
0
0
0
0
0
0
0
0
0
0
0
0
0
0
0
0
0
0
0
0
0
0
0
0
0
0
0
0
0
0
0
0
0
0
0
0
0
0
0
0
0
0
0
0
0
0
0
0
0
0
0
0
0
0
0
0
0
0
0
0
0
0
0
0
0
0
0
0
0
0
0
0
0
0
0
0
0
0
0
0
0
0
0
0
0
0
0
0
0
0
0
0
0
0
0
0
0
0
0
0
0
0
0
0
0
0
0
0
0
0
0
0
0
0
0
0
0
0
0
0
0
0
0
0
0
0
0
0
0
0
0
0
0
0
0
0
0
0
0
0
0
0
0
0
0
0
0
0
0
0
0
0
0
0
0
0
0
0
0
0
0
0
0
0
0
0
0
0
0
0
0
0
0
0
0
0
0
0
0
0
0
0
0
0
0
0
0
0
0
0
0
0
0
0
0
0
0
0
0
0
0
0
0
0
0
0
0
0
0
0
0
0
0
0
0
0
0
0
0
0
0
0
0
0
0
0
0
0
0
0
0
0
0
0
0
0
0
0
0
0
0
0
0
0
0
0
0
0
0
0
0
0
0
0
0
0
0
0
0
0
0
0
0
0
0
0
0
0
0
0
0
0
0
0
0
0
0
0
0
0
0
0
0
0
0
0
0
0
0
0
0
0
0
0
0
0
0
0
0
0
0
0
0
0
0
0
0
0
0
0
0
0
0
0
0
0
0
0
0
0
0
0
0
0
0
0
0
0
0
0
0
0
0
0
0
0
0
0
0
0
0
0
0
0
0
0
0
0
0
0
0
0
0
0
0
0
0
0
0
0
0
0
0
0
0
0
0
0
0
0
0
0
0
0
0
0
0
0
0
0
0
0
0
0
0
0
0
0
0
0
0
0
0
0
0
0
0
0
0
0
0
0
0
0
0
0
0
0
0
0
0
0
0
0
0
0
0
0
0
0
0
0
0
0
0
0
0
0
0
0
0
0
0
0
0
0
0
0
0
0
0
0
0
0
0
0
0
0
0
0
0
0
0
0
0
0
0
0
0
0
0
0
0
0
0
0
0
0
0
0
0
0
0
0
0
0
0
0
0
0
0
0
0
0
0
0
0
0
0
0
0
0
0
0
0
0
0
0
0
0
0
0
0
0
0
0
0
0
0
0
0
0
0
0
0
0
0
0
0
0
0
0
0
0
0
0
0
0
0
0
0
0
0
0
0
0
0
0
0
0
0
0
0
0
0
0
0
0
0
0
0
0
0
0
0
0
0
0
0
0
0
0
0
0
0
0
0
0
0
0
0
0
0
0
0
0
0
0
0
0
0
0
0
0
0
0
0
0
0
0
0
0
0
0
0
0
0
0
0
0
0
0
0
0
0
0
0
0
0
0
0
0
0
0
0
0
0
0
0
0
0
0
0
0
0
0
0
0
0
0
0
0
0
0
0
0
0
0
0
0
0
0
0
0
0
0
0
0
0
0
0
0
0
0
0
0
0
0
0
0
0
0
0
0
0
0
0
0
0
0
0
0
0
0
0
0
0
0
0
0
0
0
0
0
0
0
0
0
0
0
0
0
0
0
0
0
0
0
0
0
0
0
0
0
0
0
0
0
0
0
0
0
0
0
0
0
0
0
0
0
0
0
0
0
0
0
0
0
0
0
0
0
0
0
0
0
0
0
0
0
0
0
0
0
0
0
0
0
0
0
0
0
0
0
0
0
0
0
0
0
0
0
0
0
0
0
0
0
0
0
0
0
0
0
0
0
0
0
0
0
0
0
0
0
0
0
0
0
0
0
0
0
0
0
0
0
0
0
0
0
0
0
0
0
0
0
0
0
0
0
0
0
0
0
0
0
0
0
0
0
0
0
0
0
0
0
0
0
0
0
0
0
0
0
0
0
0
0
0
0
0
0
0
0
0
0
0
0
0
0
0
0
0
0
0
0
0
0
0
0
0
0
0
0
0
0
0
0
0
0
0
0
0
0
0
0
0
0
0
0
0
0
0
0
0
0
0
0
0
0
0
0
0
0
0
0
0
0
0
0
0
0
0
0
0
0
0
0
0
0
0
0
0
0
0
0
0
0
0
0
0
0
0
0
0
0
0
0
0
0
0
0
0
0
0
0
0
0
0
0
0
0
0
0
0
0
0
0
0
0
0
0
0
0
0
0
0
0
0
0
0
0
0
0
0
0
0
0
0
0
0
0
0
0
0
0
0
0
0
0
0
0
0
0
0
0
0
0
0
0
0
0
0
0
0
0
0
0
0
0
0
0
0
0
0
0
0
0
0
0
0
0
0
0
0
0
0
0
0
0
0
0
0
0
0
0
0
0
0
0
0
0
0
0
0
0
0
0
0
0
0
0
0
0
0
0
0
0
0
0
0
0
0
0
0
0
0
0
0
0
0
0
0
0
0
0
0
0
0
0
0
0
0
0
0
0
0
0
0
0
0
0
0
0
0
0
0
0
0
0
0
0
0
0
0
0
0
0
0
0
0
0
0
0
0
0
0
0
0
0
0
0
0
0
0
0
0
0
0
0
0
0
0
0
0
0
0
0
0
0
0
0
0
0
0
0
0
0
0
0
0
0
0
0
0
0
0
0
0
0
0
0
0
0
0
0
0
0
0
0
0
0
0
0
0
0
0
0
0
0
0
0
0
0
0
0
0
0
0
0
0
0
0
0
0
0
0
0
0
0
0
0
0
0
0
0
0
0
0
0
0
0
0
0
0
0
0
0
0
0
0
0
0
0
0
0
0
0
0
0
0
0
0
0
0
0
0
0
0
0
0
0
0
0
0
0
0
0
0
0
0
0
0
0
0
0
0
0
0
0
0
0
0
0
0
0
0
0
0
0
0
0
0
0
0
0
0
0
0
0
0
0
0
0
0
0
0
0
0
0
0
0
0
0
0
0
0
0
0
0
0
0
0
0
0
0
0
0
0
0
0
0
0
0
0
0
0
0
0
0
0
0
0
0
0
0
0
0
0
0
0
0
0
0
0
0
0
0
0
0
0
0
0
0
0
0
0
0
0
0
0
0
0
0
0
0
0
0
0
0
0
0
0
0
0
0
0
0
0
0
0
0
0
0
0
0
0
0
0
0
0
0
0
0
0
0
0
0
0
0
0
0
0
0
0
0
0
0
0
0
0
0
0
0
0
0
0
0
0
0
0
0
0
0
0
0
0
0
0
0
0
0
0
0
0
0
0
0
0
0
0
0
0
0
0
0
0
0
0
0
0
0
0
0
0
0
0
0
0
0
0
0
0
0
0
0
0
0
0
0
0
0
0
0
0
0
0
0
0
0
0
0
0
0
0
0
0
0
0
0
0
0
0
0
0
0
0
0
0
0
0
0
0
0
0
0
0
0
0
0
0
0
0
0
0
0
0
0
0
0
0
0
0
0
0
0
0
0
0
0
0
0
0
0
0
0
0
0
0
0
0
0
0
0
0
0
0
0
0
0
0
0
0
0
0
0
0
0
0
0
0
0
0
0
0
0
0
0
0
0
0
0
0
0
0
0
0
0
0
0
0
0
0
0
0
0
0
0
0
0
0
0
0
0
0
0
0
0
0
0
0
0
0
0
0
0
0
0
0
0
0
0
0
0
0
0
0
0
0
0
0
0
0
0
0
0
0
0
0
0
0
0
0
0
0
0
0
0
0
0
0
0
0
0
0
0
0
0
0
0
0
0
0
0
0
0
0
0
0
0
0
0
0
0
0
0
0
0
0
0
0
0
0
0
0
0
0
0
0
0
0
0
0
0
0
0
0
0
0
0
0
0
0
0
0
0
0
0
0
0
0
0
0
0
0
0
0
0
0
0
0
0
0
0
0
0
0
0
0
0
0
0
0
0
0
0
0
0
0
0
0
0
0
0
0
0
0
0
0
0
0
0
0
0
0
0
0
0
0
0
0
0
0
0
0
0
0
0
0
0
0
0
0
0
0
0
0
0
0
0
0
0
0
0
0
0
0
0
0
0
0
0
0
0
0
0
0
0
0
0
0
0
0
0
0
0
0
0
0
0
0
0
0
0
0
0
0
0
0
0
0
0
0
0
0
0
0
0
0
0
0
0
0
0
0
0
0
0
0
0
0
0
0
0
0
0
0
0
0
0
0
0
0
0
0
0
0
0
0
0
0
0
0
0
0
0
0
0
0
0
0
0
0
0
0
0
0
0
0
0
0
0
0
0
0
0
0
0
0
0
0
0
0
0
0
0
0
0
0
0
0
0
0
0
0
0
0
0
0
0
0
0
0
0
0
0
0
0
0
0
0
0
0
0
0
0
0
0
0
0
0
0
0
0
0
0
0
0
0
0
0
0
0
0
0
0
0
0
0
0
0
0
0
0
0
0
0
0
0
0
0
0
0
0
0
0
0
0
0
0
0
0
0
0
0
0
0
0
0
0
0
0
0
0
0
0
0
0
0
0
0
0
0
0
0
0
0
0
0
0
0
0
0
0
0
0
0
0
0
0
0
0
0
0
0
0
0
0
0
0
0
0
0
0
0
0
0
0
0
0
0
0
0
0
0
0
0
0
0
0
0
0
0
0
0
0
0
0
0
0
0
0
0
0
0
0
0
0
0
0
0
0
0
0
0
0
0
0
0
0
0
0
0
0
0
0
0
0
0
0
0
0
0
0
0
0
0
0
0
0
0
0
0
0
0
0
0
0
0
0
0
0
0
0
0
0
0
0
0
0
0
0
0
0
0
0
0
0
0
0
0
0
0
0
0
0
0
0
0
0
0
0
0
0
0
0
0
0
0
0
0
0
0
0
0
0
0
0
0
0
0
0
0
0
0
0
0
0
0
0
0
0
0
0
0
0
0
0
0
0
0
0
0
0
0
0
0
0
0
0
0
0
0
0
0
0
0
0
0
0
0
0
0
0
0
0
0
0
0
0
0
0
0
0
0
0
0
0
0
0
0
0
0
0
0
0
0
0
0
0
0
0
0
0
0
0
0
0
0
0
0
0
0
0
0
0
0
0
0
0
0
0
0
0
0
0
0
0
0
0
0
0
0
0
0
0
0
0
0
0
0
0
0
0
0
0
0
0
0
0
0
0
0
0
0
0
0
0
0
0
0
0
0
0
0
0
0
0
0
0
0
0
0
0
0
0
0
0
0
0
0
0
0
0
0
0
0
0
0
0
0
0
0
0
0
0
0
0
0
0
0
0
0
0
0
0
0
0
0
0
0
0
0
0
0
0
0
0
0
0
0
0
0
0
0
0
0
0
0
0
0
0
0
0
0
0
0
0
0
0
0
0
0
0
0
0
0
0
0
0
0
0
0
0
0
0
0
0
0
0
0
0
0
0
0
0
0
0
0
0
0
0
0
0
0
0
0
0
0
0
0
0
0
0
0
0
0
0
0
0
0
0
0
0
0
0
0
0
0
0
0
0
0
0
0
0
0
0
0
0
0
0
0
0
0
0
0
0
0
0
0
0
0
0
0
0
0
0
0
0
0
0
0
0
0
0
0
0
0
0
0
0
0
0
0
0
0
0
0
0
0
0
0
0
0
0
0
0
0
0
0
0
0
0
0
0
0
0
0
0
0
0
0
0
0
0
0
0
0
0
0
0
0
0
0
0
0
0
0
0
0
0
0
0
0
0
0
0
0
0
0
0
0
0
0
0
0
0
0
0
0
0
0
0
0
0
0
0
0
0
0
0
0
0
0
0
0
0
0
0
0
0
0
0
0
0
0
0
0
0
0
0
0
0
0
0
0
0
0
0
0
0
0
0
0
0
0
0
0
0
0
0
0
0
0
0
0
0
0
0
0
0
0
0
0
0
0
0
0
0
0
0
0
0
0
0
0
0
0
0
0
0
0
0
0
0
0
0
0
0
0
0
0
0
0
0
0
0
0
0
0
0
0
0
0
0
0
0
0
0
0
0
0
0
0
0
0
0
0
0
0
0
0
0
0
0
0
0
0
0
0
0
0
0
0
0
0
0
0
0
0
0
0
0
0
0
0
0
0
0
0
0
0
0
0
0
0
0
0
0
0
0
0
0
0
0
0
0
0
0
0
0
0
0
0
0
0
0
0
0
0
0
0
0
0
0
0
0
0
0
0
0
0
0
0
0
0
0
0
0
0
0
0
0
0
0
0
0
0
0
0
0
0
0
0
0
0
0
0
0
0
0
0
0
0
0
0
0
0
0
0
0
0
0
0
0
0
0
0
0
0
0
0
0
0
0
0
0
0
0
0
0
0
0
0
0
0
0
0
0
0
0
0
0
0
0
0
0
0
0
0
0
0
0
0
0
0
0
0
0
0
0
0
0
0
0
0
0
0
0
0
0
0
0
0
0
0
0
0
0
0
0
0
0
0
0
0
0
0
0
0
0
0
0
0
0
0
0
0
0
0
0
0
0
0
0
0
0
0
0
0
0
0
0
0
0
0
0
0
0
0
0
0
0
0
0
0
0
0
0
0
0
0
0
0
0
0
0
0
0
0
0
0
0
0
0
0
0
0
0
0
0
0
0
0
0
0
0
0
0
0
0
0
0
0
0
0
0
0
0
0
0
0
0
0
0
0
0
0
0
0
0
0
0
0
0
0
0
0
0
0
0
0
0
0
0
0
0
0
0
0
0
0
0
0
0
0
0
0
0
0
0
0
0
0
0
0
0
0
0
0
0
0
0
0
0
0
0
0
0
0
0
0
0
0
0
0
0
0
0
0
0
0
0
0
0
0
0
0
0
0
0
0
0
0
0
0
0
0
0
0
0
0
0
0
0
0
0
0
0
0
0
0
0
0
0
0
0
0
0
0
0
0
0
0
0
0
0
0
0
0
0
0
0
0
0
0
0
0
0
0
0
0
0
0
0
0
0
0
0
0
0
0
0
0
0
0
0
0
0
0
0
0
0
0
0
0
0
0
0
0
0
0
0
0
0
0
0
0
0
0
0
0
0
0
0
0
0
0
0
0
0
0
0
0
0
0
0
0
0
0
0
0
0
0
0
0
0
0
0
0
0
0
0
0
0
0
0
0
0
0
0
0
0
0
0
0
0
0
0
0
0
0
0
0
0
0
0
0
0
0
0
0
0
0
0
0
0
0
0
0
0
0
0
0
0
0
0
0
0
0
0
0
0
0
0
0
0
0
0
0
0
0
0
0
0
0
0
0
0
0
0
0
0
0
0
0
0
0
0
0
0
0
0
0
0
0
0
0
0
0
0
0
0
0
0
0
0
0
0
0
0
0
0
0
0
0
0
0
0
0
0
0
0
0
0
0
0
0
0
0
0
0
0
0
0
0
0
0
0
0
0
0
0
0
0
0
0
0
0
0
0
0
0
0
0
0
0
0
0
0
0
0
0
0
0
0
0
0
0
0
0
0
0
0
0
0
0
0
0
0
0
0
0
0
0
0
0
0
0
0
0
0
0
0
0
0
0
0
0
0
0
0
0
0
0
0
0
0
0
0
0
0
0
0
0
0
0
0
0
0
0
0
0
0
0
0
0
0
0
0
0
0
0
0
0
0
0
0
0
0
0
0
0
0
0
0
0
0
0
0
0
0
0
0
0
0
0
0
0
0
0
0
0
0
0
0
0
0
0
0
0
0
0
0
0
0
0
0
0
0
0
0
0
0
0
0
0
0
0
0
0
0
0
0
0
0
0
0
0
0
0
0
0
0
0
0
0
0
0
0
0
0
0
0
0
0
0
0
0
0
0
0
0
0
0
0
0
0
0
0
0
0
0
0
0
0
0
0
0
0
0
0
0
0
0
0
0
0
0
0
0
0
0
0
0
0
0
0
0
0
0
0
0
0
0
0
0
0
0
0
0
0
0
0
0
0
0
0
0
0
0
0
0
0
0
0
0
0
0
0
0
0
0
0
0
0
0
0
0
0
0
0
0
0
0
0
0
0
0
0
0
0
0
0
0
0
0
0
0
0
0
0
0
0
0
0
0
0
0
0
0
0
0
0
0
0
0
0
0
0
0
0
0
0
0
0
0
0
0
0
0
0
0
0
0
0
0
0
0
0
0
0
0
0
0
0
0
0
0
0
0
0
0
0
0
0
0
0
0
0
0
0
0
0
0
0
0
0
0
0
0
0
0
0
0
0
0
0
0
0
0
0
0
0
0
0
0
0
0
0
0
0
0
0
0
0
0
0
0
0
0
0
0
0
0
0
0
0
0
0
0
0
0
0
0
0
0
0
0
0
0
0
0
0
0
0
0
0
0
0
0
0
0
0
0
0
0
0
0
0
0
0
0
0
0
0
0
0
0
0
0
0
0
0
0
0
0
0
0
0
0
0
0
0
0
0
0
0
0
0
0
0
0
0
0
0
0
0
0
0
0
0
0
0
0
0
0
0
0
0
0
0
0
0
0
0
0
0
0
0
0
0
0
0
0
0
0
0
0
0
0
0
0
0
0
0
0
0
0
0
0
0
0
0
0
0
0
0
0
0
0
0
0
0
0
0
0
0
0
0
0
0
0
0
0
0
0
0
0
0
0
0
0
0
0
0
0
0
0
0
0
0
0
0
0
0
0
0
0
0
0
0
0
0
0
0
0
0
0
0
0
0
0
0
0
0
0
0
0
0
0
0
0
0
0
0
0
0
0
0
0
0
0
0
0
0
0
0
0
0
0
0
0
0
0
0
0
0
0
0
0
0
0
0
0
0
0
0
0
0
0
0
0
0
0
0
0
0
0
0
0
0
0
0
0
0
0
0
0
0
0
0
0
0
0
0
0
0
0
0
0
0
0
0
0
0
0
0
0
0
0
0
0
0
0
0
0
0
0
0
0
0
0
0
0
0
0
0
0
0
0
0
0
0
0
0
0
0
0
0
0
0
0
0
0
0
0
0
0
0
0
0
0
0
0
0
0
0
0
0
0
0
0
0
0
0
0
0
0
0
0
0
0
0
0
0
0
0
0
0
0
0
0
0
0
0
0
0
0
0
0
0
0
0
0
0
0
0
0
0
0
0
0
0
0
0
0
0
0
0
0
0
0
0
0
0
0
0
0
0
0
0
0
0
0
0
0
0
0
0
0
0
0
0
0
0
0
0
0
0
0
0
0
0
0
0
0
0
0
0
0
0
0
0
0
0
0
0
0
0
0
0
0
0
0
0
0
0
0
0
0
0
0
0
0
0
0
0
0
0
0
0
0
0
0
0
0
0
0
0
0
0
0
0
0
0
0
0
0
0
0
0
0
0
0
0
0
0
0
0
0
0
0
0
0
0
0
0
0
0
0
0
0
0
0
0
0
0
0
0
0
0
0
0
0
0
0
0
0
0
0
0
0
0
0
0
0
0
0
0
0
0
0
0
0
0
0
0
0
0
0
0
0
0
0
0
0
0
0
0
0
0
0
0
0
0
0
0
0
0
0
0
0
0
0
0
0
0
0
0
0
0
0
0
0
0
0
0
0
0
0
0
0
0
0
0
0
0
0
0
0
0
0
0
0
0
0
0
0
0
0
0
0
0
0
0
0
0
0
0
0
0
0
0
0
0
0
0
0
0
0
0
0
0
0
0
0
0
0
0
0
0
0
0
0
0
0
0
0
0
0
0
0
0
0
0
0
0
0
0
0
0
0
0
0
0
0
0
0
0
0
0
0
0
0
0
0
0
0
0
0
0
0
0
0
0
0
0
0
0
0
0
0
0
0
0
0
0
0
0
0
0
0
0
0
0
0
0
0
0
0
0
0
0
0
0
0
0
0
0
0
0
0
0
0
0
0
0
0
0
0
0
0
0
0
0
0
0
0
0
0
0
0
0
0
0
0
0
0
0
0
0
0
0
0
0
0
0
0
0
0
0
0
0
0
0
0
0
0
0
0
0
0
0
0
0
0
0
0
0
0
0
0
0
0
0
0
0
0
0
0
0
0
0
0
0
0
0
0
0
0
0
0
0
0
0
0
0
0
0
0
0
0
0
0
0
0
0
0
0
0
0
0
0
0
0
0
0
0
0
0
0
0
0
0
0
0
0
0
0
0
0
0
0
0
0
0
0
0
0
0
0
0
0
0
0
0
0
0
0
0
0
0
0
0
0
0
0
0
0
0
0
0
0
0
0
0
0
0
0
0
0
0
0
0
0
0
0
0
0
0
0
0
0
0
0
0
0
0
0
0
0
0
0
0
0
0
0
0
0
0
0
0
0
0
0
0
0
0
0
0
0
0
0
0
0
0
0
0
0
0
0
0
0
0
0
0
0
0
0
0
0
0
0
0
0
0
0
0
0
0
0
0
0
0
0
0
0
0
0
0
0
0
0
0
0
0
0
0
0
0
0
0
0
0
0
0
0
0
0
0
0
0
0
0
0
0
0
0
0
0
0
0
0
0
0
0
0
0
0
0
0
0
0
0
0
0
0
0
0
0
0
0
0
0
0
0
0
0
0
0
0
0
0
0
0
0
0
0
0
0
0
0
0
0
0
0
0
0
0
0
0
0
0
0
0
0
0
0
0
0
0
0
0
0
0
0
0
0
0
0
0
0
0
0
0
0
0
0
0
0
0
0
0
0
0
0
0
0
0
0
0
0
0
0
0
0
0
0
0
0
0
0
0
0
0
0
0
0
0
0
0
0
0
0
0
0
0
0
0
0
0
0
0
0
0
0
0
0
0
0
0
0
0
0
0
0
0
0
0
0
0
0
0
0
0
0
0
0
0
0
0
0
0
0
0
0
0
0
0
0
0
0
0
0
0
0
0
0
0
0
0
0
0
0
0
0
0
0
0
0
0
0
0
0
0
0
0
0
0
0
0
0
0
0
0
0
0
0
0
0
0
0
0
0
0
0
0
0
0
0
0
0
0
0
0
0
0
0
0
0
0
0
0
0
0
0
0
0
0
0
0
0
0
0
0
0
0
0
0
0
0
0
0
0
0
0
0
0
0
0
0
0
0
0
0
0
0
0
0
0
0
0
0
0
0
0
0
0
0
0
0
0
0
0
0
0
0
0
0
0
0
0
0
0
0
0
0
0
0
0
0
0
0
0
0
0
0
0
0
0
0
0
0
0
0
0
)
;

boundaryField
{
    top
    {
        type            zeroGradient;
    }
    bottom
    {
        type            zeroGradient;
    }
    defaultFaces
    {
        type            zeroGradient;
    }
}


// ************************************************************************* //
