/*--------------------------------*- C++ -*----------------------------------*\
| =========                 |                                                 |
| \\      /  F ield         | OpenFOAM: The Open Source CFD Toolbox           |
|  \\    /   O peration     | Version:  2412                                  |
|   \\  /    A nd           | Website:  www.openfoam.com                      |
|    \\/     M anipulation  |                                                 |
\*---------------------------------------------------------------------------*/
FoamFile
{
    version     2.0;
    format      ascii;
    arch        "LSB;label=32;scalar=64";
    class       volScalarField;
    location    "100/neutroRegion";
    object      prec1;
}
// * * * * * * * * * * * * * * * * * * * * * * * * * * * * * * * * * * * * * //

dimensions      [0 -3 0 0 0 0 0];

internalField   nonuniform List<scalar> 
5830
(
3.757284e-305
4.084997e-305
4.208067e-305
4.120737e-305
3.829192e-305
3.352721e-305
3.757283e-305
4.084997e-305
4.208067e-305
4.120737e-305
3.829193e-305
3.352722e-305
4.084997e-305
4.208068e-305
4.120738e-305
3.829193e-305
3.352722e-305
4.084997e-305
4.208067e-305
4.120737e-305
3.829192e-305
3.352721e-305
4.084997e-305
4.208067e-305
4.120737e-305
3.829192e-305
3.352721e-305
3.757283e-305
4.084997e-305
4.208067e-305
4.120737e-305
3.829192e-305
3.352721e-305
8.143859e+16
8.385095e+16
8.206395e+16
7.61742e+16
6.645052e+16
8.143857e+16
8.385093e+16
8.206392e+16
7.617416e+16
6.645048e+16
7.87235e+16
8.106615e+16
7.936588e+16
7.373079e+16
6.447497e+16
8.069676e+16
8.309493e+16
8.134069e+16
7.553774e+16
6.597774e+16
8.069675e+16
8.309491e+16
8.134066e+16
7.553771e+16
6.597771e+16
8.127218e+16
8.367368e+16
8.188421e+16
7.599752e+16
6.627503e+16
8.14386e+16
8.385096e+16
8.206396e+16
7.617421e+16
6.645053e+16
7.872351e+16
8.106616e+16
7.936589e+16
7.373081e+16
6.447498e+16
8.069677e+16
8.309494e+16
8.13407e+16
7.553775e+16
6.597775e+16
8.127219e+16
8.36737e+16
8.188422e+16
7.599753e+16
6.627504e+16
8.069676e+16
8.309492e+16
8.134068e+16
7.553773e+16
6.597773e+16
8.14386e+16
8.385096e+16
8.206395e+16
7.61742e+16
6.645051e+16
7.242959e+16
7.87235e+16
8.106615e+16
7.936589e+16
7.37308e+16
6.447498e+16
7.423172e+16
8.069674e+16
8.309491e+16
8.134067e+16
7.553772e+16
6.597772e+16
8.143858e+16
8.385093e+16
8.206392e+16
7.617417e+16
6.645049e+16
8.069676e+16
8.309493e+16
8.134069e+16
7.553774e+16
6.597774e+16
7.475974e+16
8.127216e+16
8.367366e+16
8.188418e+16
7.599748e+16
6.627499e+16
7.490735e+16
8.143857e+16
8.385093e+16
8.206393e+16
7.617418e+16
6.645049e+16
7.490735e+16
8.143857e+16
8.385093e+16
8.206393e+16
7.617418e+16
6.64505e+16
7.242957e+16
7.872349e+16
8.106615e+16
7.936588e+16
7.37308e+16
6.447497e+16
7.423172e+16
8.069674e+16
8.309492e+16
8.134068e+16
7.553774e+16
6.597774e+16
7.490734e+16
8.143856e+16
8.385092e+16
8.206392e+16
7.617417e+16
6.645049e+16
7.475973e+16
8.127215e+16
8.367367e+16
8.18842e+16
7.599751e+16
6.627502e+16
7.423171e+16
8.069673e+16
8.30949e+16
8.134067e+16
7.553772e+16
6.597772e+16
7.490734e+16
8.143855e+16
8.38509e+16
8.20639e+16
7.617414e+16
6.645046e+16
7.42317e+16
8.069672e+16
8.309487e+16
8.134062e+16
7.553767e+16
6.597767e+16
7.490733e+16
8.143854e+16
8.38509e+16
8.206389e+16
7.617413e+16
6.645045e+16
7.475972e+16
8.127213e+16
8.367363e+16
8.188415e+16
7.599746e+16
6.627497e+16
7.242957e+16
7.872348e+16
8.106613e+16
7.936586e+16
7.373077e+16
6.447495e+16
7.423171e+16
8.069673e+16
8.309489e+16
8.134065e+16
7.55377e+16
6.59777e+16
7.872348e+16
8.106613e+16
7.936585e+16
7.373076e+16
6.447493e+16
7.423171e+16
8.069672e+16
8.309488e+16
8.134064e+16
7.553768e+16
6.597768e+16
8.127213e+16
8.367362e+16
8.188412e+16
7.599742e+16
6.627493e+16
8.069673e+16
8.309489e+16
8.134064e+16
7.553768e+16
6.597768e+16
7.490734e+16
8.143854e+16
8.385089e+16
8.206388e+16
7.617412e+16
6.645043e+16
8.143856e+16
8.385091e+16
8.206389e+16
7.617413e+16
6.645045e+16
7.831456e+16
8.059819e+16
7.885409e+16
7.316693e+16
6.378348e+16
7.084347e+16
7.286275e+16
7.127946e+16
6.617586e+16
5.782723e+16
7.44825e+16
7.662717e+16
7.496201e+16
6.956855e+16
6.069948e+16
7.970581e+16
8.204224e+16
8.027382e+16
7.448811e+16
6.493494e+16
7.831455e+16
8.059817e+16
7.885407e+16
7.31669e+16
6.378344e+16
7.448249e+16
7.662715e+16
7.496199e+16
6.956852e+16
6.069945e+16
7.08435e+16
7.286278e+16
7.127949e+16
6.617589e+16
5.782727e+16
7.831458e+16
8.059821e+16
7.885412e+16
7.316696e+16
6.37835e+16
7.831457e+16
8.05982e+16
7.88541e+16
7.316694e+16
6.378348e+16
7.448252e+16
7.662718e+16
7.496203e+16
6.956856e+16
6.069948e+16
7.448252e+16
7.662719e+16
7.496204e+16
6.956857e+16
6.06995e+16
7.970583e+16
8.204227e+16
8.027386e+16
7.448816e+16
6.493499e+16
7.334723e+16
7.970579e+16
8.204221e+16
8.027378e+16
7.448806e+16
6.49349e+16
7.208909e+16
7.831453e+16
8.059815e+16
7.885405e+16
7.316688e+16
6.378342e+16
7.831453e+16
8.059815e+16
7.885405e+16
7.316688e+16
6.378342e+16
6.862533e+16
7.448247e+16
7.662712e+16
7.496196e+16
6.956848e+16
6.069939e+16
7.448247e+16
7.662713e+16
7.496196e+16
6.956848e+16
6.069939e+16
6.533167e+16
7.084345e+16
7.286272e+16
7.127942e+16
6.617581e+16
5.782718e+16
6.862533e+16
7.448247e+16
7.662713e+16
7.496197e+16
6.956849e+16
6.069941e+16
6.862533e+16
7.448247e+16
7.662713e+16
7.496197e+16
6.956849e+16
6.069941e+16
7.208908e+16
7.831453e+16
8.059816e+16
7.885406e+16
7.31669e+16
6.378344e+16
7.208908e+16
7.831453e+16
8.059816e+16
7.885407e+16
7.31669e+16
6.378345e+16
6.533167e+16
7.084345e+16
7.286273e+16
7.127944e+16
6.617584e+16
5.782721e+16
7.334722e+16
7.970579e+16
8.204223e+16
8.02738e+16
7.44881e+16
6.493493e+16
7.208907e+16
7.83145e+16
8.059812e+16
7.885401e+16
7.316684e+16
6.378338e+16
7.334721e+16
7.970577e+16
8.204219e+16
8.027376e+16
7.448804e+16
6.493488e+16
7.208907e+16
7.831451e+16
8.059813e+16
7.885403e+16
7.316686e+16
6.37834e+16
6.862532e+16
7.448246e+16
7.662711e+16
7.496194e+16
6.956847e+16
6.069938e+16
6.862531e+16
7.448245e+16
7.662711e+16
7.496194e+16
6.956846e+16
6.069938e+16
6.533166e+16
7.084344e+16
7.286271e+16
7.127941e+16
6.61758e+16
5.782717e+16
7.970576e+16
8.204218e+16
8.027375e+16
7.448803e+16
6.493487e+16
7.831451e+16
8.059813e+16
7.885402e+16
7.316685e+16
6.378339e+16
7.084342e+16
7.286269e+16
7.127939e+16
6.617579e+16
5.782716e+16
7.208906e+16
7.83145e+16
8.059812e+16
7.885401e+16
7.316684e+16
6.378338e+16
7.448245e+16
7.66271e+16
7.496194e+16
6.956847e+16
6.069939e+16
6.86253e+16
7.448244e+16
7.66271e+16
7.496193e+16
6.956845e+16
6.069937e+16
7.955365e+16
8.188553e+16
8.01147e+16
7.432668e+16
6.476603e+16
8.111096e+16
8.350485e+16
8.171243e+16
7.582502e+16
6.609822e+16
8.111095e+16
8.350484e+16
8.171242e+16
7.5825e+16
6.60982e+16
7.955368e+16
8.188555e+16
8.011473e+16
7.432671e+16
6.476606e+16
7.80241e+16
8.030117e+16
7.855369e+16
7.286233e+16
6.346222e+16
7.802411e+16
8.030118e+16
7.85537e+16
7.286234e+16
6.346223e+16
7.955372e+16
8.18856e+16
8.01148e+16
7.432678e+16
6.476614e+16
7.802416e+16
8.030124e+16
7.855377e+16
7.286243e+16
6.346232e+16
8.1111e+16
8.35049e+16
8.171249e+16
7.582508e+16
6.609829e+16
7.802416e+16
8.030123e+16
7.855376e+16
7.286242e+16
6.346231e+16
8.1111e+16
8.350491e+16
8.17125e+16
7.58251e+16
6.60983e+16
7.955371e+16
8.18856e+16
8.01148e+16
7.432678e+16
6.476614e+16
8.111098e+16
8.350487e+16
8.171245e+16
7.582504e+16
6.609824e+16
8.111098e+16
8.350487e+16
8.171245e+16
7.582504e+16
6.609824e+16
7.95537e+16
8.188558e+16
8.011477e+16
7.432675e+16
6.47661e+16
7.955368e+16
8.188556e+16
8.011474e+16
7.432671e+16
6.476606e+16
7.802414e+16
8.030121e+16
7.855373e+16
7.286237e+16
6.346226e+16
7.802413e+16
8.03012e+16
7.855371e+16
7.286236e+16
6.346224e+16
7.320007e+16
7.955367e+16
8.188554e+16
8.011472e+16
7.43267e+16
6.476605e+16
7.180423e+16
7.802411e+16
8.030118e+16
7.85537e+16
7.286235e+16
6.346224e+16
7.460973e+16
8.111096e+16
8.350486e+16
8.171245e+16
7.582504e+16
6.609824e+16
7.180423e+16
7.802411e+16
8.030119e+16
7.855371e+16
7.286236e+16
6.346225e+16
7.460973e+16
8.111096e+16
8.350486e+16
8.171244e+16
7.582503e+16
6.609823e+16
7.320007e+16
7.955367e+16
8.188556e+16
8.011475e+16
7.432673e+16
6.476609e+16
7.460972e+16
8.111095e+16
8.350484e+16
8.171243e+16
7.582502e+16
6.609823e+16
7.320006e+16
7.955366e+16
8.188553e+16
8.011472e+16
7.432669e+16
6.476605e+16
7.180423e+16
7.80241e+16
8.030117e+16
7.855369e+16
7.286234e+16
6.346223e+16
7.320007e+16
7.955366e+16
8.188555e+16
8.011473e+16
7.432671e+16
6.476607e+16
7.460972e+16
8.111095e+16
8.350485e+16
8.171245e+16
7.582504e+16
6.609825e+16
7.180423e+16
7.802411e+16
8.030118e+16
7.855371e+16
7.286236e+16
6.346225e+16
7.460971e+16
8.111093e+16
8.350481e+16
8.171239e+16
7.582497e+16
6.609818e+16
7.460971e+16
8.111093e+16
8.350481e+16
8.171239e+16
7.582496e+16
6.609816e+16
7.320005e+16
7.955364e+16
8.188551e+16
8.011469e+16
7.432666e+16
6.476602e+16
7.180422e+16
7.802409e+16
8.030114e+16
7.855365e+16
7.286229e+16
6.346218e+16
7.320005e+16
7.955364e+16
8.18855e+16
8.011468e+16
7.432665e+16
6.4766e+16
7.180421e+16
7.802408e+16
8.030114e+16
7.855365e+16
7.286229e+16
6.346218e+16
3.645935e-305
3.749841e-305
3.668436e-305
3.406265e-305
2.980036e-305
3.46876e-305
3.567406e-305
3.489679e-305
3.239739e-305
2.833073e-305
2.300021e-305
3.403157e-305
3.499811e-305
3.423522e-305
3.17832e-305
2.779254e-305
2.25553e-305
3.588657e-305
3.690846e-305
3.610585e-305
3.352288e-305
2.93226e-305
3.588657e-305
3.690845e-305
3.610585e-305
3.352287e-305
2.932255e-305
3.46876e-305
3.567405e-305
3.489679e-305
3.239738e-305
2.833067e-305
3.588658e-305
3.690847e-305
3.610587e-305
3.352289e-305
2.93226e-305
3.403159e-305
3.499812e-305
3.423524e-305
3.178322e-305
2.779258e-305
2.255549e-305
3.468761e-305
3.567407e-305
3.48968e-305
3.239741e-305
2.833076e-305
2.300028e-305
3.645937e-305
3.749843e-305
3.668438e-305
3.406267e-305
2.98004e-305
3.588658e-305
3.690847e-305
3.610586e-305
3.352288e-305
2.93226e-305
3.468761e-305
3.567407e-305
3.48968e-305
3.23974e-305
2.833075e-305
3.20047e-305
3.468758e-305
3.567404e-305
3.489676e-305
3.239736e-305
2.833071e-305
3.310894e-305
3.588655e-305
3.690844e-305
3.610583e-305
3.352284e-305
2.932255e-305
3.140209e-305
3.403156e-305
3.499809e-305
3.42352e-305
3.178318e-305
2.779254e-305
3.468758e-305
3.567404e-305
3.489676e-305
3.239736e-305
2.833071e-305
3.363652e-305
3.645934e-305
3.749839e-305
3.668434e-305
3.406262e-305
2.980034e-305
3.588655e-305
3.690844e-305
3.610583e-305
3.352284e-305
2.932255e-305
3.363653e-305
3.645934e-305
3.74984e-305
3.668435e-305
3.406263e-305
2.980035e-305
3.140211e-305
3.403157e-305
3.49981e-305
3.423521e-305
3.178319e-305
2.779255e-305
3.310895e-305
3.588656e-305
3.690845e-305
3.610584e-305
3.352285e-305
2.932256e-305
3.310895e-305
3.588656e-305
3.690845e-305
3.610584e-305
3.352285e-305
2.932256e-305
3.200471e-305
3.468759e-305
3.567405e-305
3.489677e-305
3.239737e-305
2.833072e-305
3.200471e-305
3.468759e-305
3.567405e-305
3.489677e-305
3.239737e-305
2.833072e-305
3.200471e-305
3.468759e-305
3.567403e-305
3.489676e-305
3.239735e-305
2.83307e-305
3.200471e-305
3.468759e-305
3.567404e-305
3.489676e-305
3.239736e-305
2.833071e-305
3.14021e-305
3.403156e-305
3.499809e-305
3.42352e-305
3.178318e-305
2.779254e-305
3.310894e-305
3.588655e-305
3.690843e-305
3.610582e-305
3.352284e-305
2.932255e-305
3.363652e-305
3.645933e-305
3.749839e-305
3.668433e-305
3.406262e-305
2.980034e-305
3.310894e-305
3.588655e-305
3.690843e-305
3.610582e-305
3.352284e-305
2.932255e-305
3.468757e-305
3.567402e-305
3.489675e-305
3.239735e-305
2.833071e-305
3.403154e-305
3.499808e-305
3.423519e-305
3.178317e-305
2.779254e-305
3.200469e-305
3.468757e-305
3.567402e-305
3.489675e-305
3.239735e-305
2.83307e-305
3.588654e-305
3.690843e-305
3.610582e-305
3.352284e-305
2.932255e-305
3.645932e-305
3.749838e-305
3.668433e-305
3.406262e-305
2.980034e-305
3.310892e-305
3.588654e-305
3.690842e-305
3.610582e-305
3.352283e-305
2.932254e-305
7.31261e+16
7.52274e+16
7.358578e+16
6.827927e+16
5.955261e+16
6.844869e+16
7.039626e+16
6.885827e+16
6.391158e+16
5.581748e+16
7.530308e+16
7.748611e+16
7.579145e+16
7.02955e+16
6.122815e+16
7.359917e+16
7.573496e+16
7.406939e+16
6.867416e+16
5.976624e+16
6.871003e+16
7.068473e+16
6.913037e+16
6.411665e+16
5.586696e+16
7.07637e+16
7.281744e+16
7.121112e+16
6.601303e+16
5.743329e+16
7.076375e+16
7.281749e+16
7.121118e+16
6.601308e+16
5.743332e+16
4.579066e+16
6.871007e+16
7.068477e+16
6.913042e+16
6.411671e+16
5.586702e+16
4.471311e+16
6.844872e+16
7.03963e+16
6.885831e+16
6.391162e+16
5.58175e+16
7.359921e+16
7.573501e+16
7.406946e+16
6.867423e+16
5.976632e+16
7.530313e+16
7.748617e+16
7.579152e+16
7.029559e+16
6.122825e+16
7.312614e+16
7.522745e+16
7.358584e+16
6.827933e+16
5.955267e+16
7.359919e+16
7.573498e+16
7.406941e+16
6.867418e+16
5.976626e+16
7.530309e+16
7.748612e+16
7.579146e+16
7.029552e+16
6.122817e+16
7.076372e+16
7.281745e+16
7.121114e+16
6.601303e+16
5.743327e+16
6.844868e+16
7.039624e+16
6.885824e+16
6.391153e+16
5.58174e+16
7.312609e+16
7.522739e+16
7.358578e+16
6.827925e+16
5.955258e+16
6.871003e+16
7.068472e+16
6.913036e+16
6.411664e+16
5.586695e+16
6.932854e+16
7.530308e+16
7.748612e+16
7.579146e+16
7.029552e+16
6.122818e+16
6.774496e+16
7.359917e+16
7.573496e+16
7.40694e+16
6.867417e+16
5.976625e+16
6.737893e+16
7.312609e+16
7.52274e+16
7.358579e+16
6.827927e+16
5.955261e+16
6.513285e+16
7.076371e+16
7.281744e+16
7.121112e+16
6.601302e+16
5.743326e+16
6.312414e+16
6.844868e+16
7.039625e+16
6.885825e+16
6.391155e+16
5.581742e+16
6.329997e+16
6.871003e+16
7.068472e+16
6.913036e+16
6.411664e+16
5.586694e+16
6.932853e+16
7.530307e+16
7.748611e+16
7.579145e+16
7.02955e+16
6.122816e+16
6.312413e+16
6.844867e+16
7.039624e+16
6.885824e+16
6.391153e+16
5.581741e+16
6.513285e+16
7.07637e+16
7.281744e+16
7.121112e+16
6.601302e+16
5.743326e+16
6.329997e+16
6.871002e+16
7.068472e+16
6.913036e+16
6.411664e+16
5.586695e+16
6.737892e+16
7.312608e+16
7.522738e+16
7.358577e+16
6.827925e+16
5.955258e+16
6.774495e+16
7.359916e+16
7.573496e+16
7.40694e+16
6.867417e+16
5.976625e+16
6.513283e+16
7.076368e+16
7.281741e+16
7.121108e+16
6.601297e+16
5.743321e+16
6.932852e+16
7.530305e+16
7.748607e+16
7.57914e+16
7.029545e+16
6.12281e+16
6.737891e+16
7.312606e+16
7.522735e+16
7.358573e+16
6.827921e+16
5.955254e+16
6.774494e+16
7.359914e+16
7.573493e+16
7.406936e+16
6.867412e+16
5.97662e+16
6.329995e+16
6.871e+16
7.068469e+16
6.913033e+16
6.41166e+16
5.586691e+16
6.312411e+16
6.844865e+16
7.039621e+16
6.885821e+16
6.39115e+16
5.581737e+16
7.076369e+16
7.281742e+16
7.121111e+16
6.601301e+16
5.743325e+16
7.530307e+16
7.74861e+16
7.579144e+16
7.02955e+16
6.122815e+16
7.359916e+16
7.573495e+16
7.406939e+16
6.867416e+16
5.976624e+16
7.312607e+16
7.522737e+16
7.358576e+16
6.827924e+16
5.955257e+16
6.871e+16
7.06847e+16
6.913035e+16
6.411663e+16
5.586694e+16
6.844865e+16
7.039622e+16
6.885823e+16
6.391153e+16
5.58174e+16
6.844871e+16
7.039628e+16
6.885828e+16
6.391158e+16
5.581747e+16
6.871006e+16
7.068476e+16
6.91304e+16
6.411669e+16
5.5867e+16
4.471309e+16
7.312612e+16
7.522743e+16
7.358582e+16
6.827931e+16
5.955265e+16
7.530312e+16
7.748616e+16
7.579151e+16
7.029557e+16
6.122823e+16
7.076374e+16
7.281748e+16
7.121117e+16
6.601308e+16
5.743332e+16
4.579065e+16
7.359921e+16
7.573501e+16
7.406946e+16
6.867423e+16
5.976632e+16
7.076374e+16
7.281747e+16
7.121115e+16
6.601305e+16
5.743329e+16
7.35992e+16
7.573499e+16
7.406943e+16
6.86742e+16
5.976628e+16
7.530311e+16
7.748615e+16
7.579149e+16
7.029554e+16
6.122819e+16
6.871007e+16
7.068476e+16
6.91304e+16
6.411668e+16
5.586699e+16
6.844872e+16
7.039629e+16
6.885829e+16
6.391159e+16
5.581747e+16
7.312613e+16
7.522743e+16
7.358582e+16
6.82793e+16
5.955263e+16
6.513285e+16
7.07637e+16
7.281744e+16
7.121112e+16
6.601301e+16
5.743325e+16
6.312414e+16
6.844867e+16
7.039624e+16
6.885824e+16
6.391153e+16
5.581741e+16
6.329997e+16
6.871002e+16
7.068472e+16
6.913036e+16
6.411663e+16
5.586695e+16
6.737893e+16
7.312608e+16
7.522739e+16
7.358577e+16
6.827925e+16
5.955258e+16
6.774496e+16
7.359917e+16
7.573496e+16
7.40694e+16
6.867417e+16
5.976625e+16
6.932854e+16
7.530308e+16
7.748611e+16
7.579145e+16
7.029551e+16
6.122816e+16
6.513285e+16
7.076371e+16
7.281744e+16
7.121112e+16
6.601302e+16
5.743326e+16
6.932854e+16
7.530308e+16
7.748611e+16
7.579145e+16
7.029551e+16
6.122817e+16
6.737893e+16
7.312609e+16
7.52274e+16
7.358579e+16
6.827927e+16
5.95526e+16
6.312414e+16
6.844868e+16
7.039625e+16
6.885825e+16
6.391155e+16
5.581742e+16
6.774496e+16
7.359917e+16
7.573496e+16
7.406941e+16
6.867417e+16
5.976625e+16
6.329998e+16
6.871003e+16
7.068473e+16
6.913037e+16
6.411664e+16
5.586695e+16
6.932852e+16
7.530306e+16
7.748608e+16
7.579141e+16
7.029546e+16
6.122812e+16
6.737892e+16
7.312607e+16
7.522737e+16
7.358575e+16
6.827922e+16
5.955255e+16
6.312414e+16
6.844867e+16
7.039623e+16
6.885822e+16
6.39115e+16
5.581737e+16
6.774495e+16
7.359915e+16
7.573493e+16
7.406936e+16
6.867412e+16
5.976619e+16
6.329997e+16
6.871002e+16
7.06847e+16
6.913033e+16
6.411659e+16
5.58669e+16
6.513284e+16
7.076369e+16
7.281741e+16
7.121109e+16
6.601298e+16
5.743321e+16
5.019134e+16
5.164142e+16
5.05136e+16
4.685185e+16
4.078898e+16
3.250333e+16
5.315512e+16
5.468988e+16
5.349237e+16
4.960967e+16
4.318572e+16
3.441187e+16
6.002792e+16
6.17279e+16
6.037585e+16
5.603432e+16
4.891993e+16
3.936736e+16
5.813107e+16
5.979387e+16
5.848148e+16
5.424832e+16
4.72697e+16
3.777704e+16
5.813107e+16
5.979387e+16
5.848147e+16
5.424831e+16
4.726969e+16
3.7777e+16
5.315511e+16
5.468988e+16
5.349236e+16
4.960967e+16
4.318573e+16
3.44119e+16
5.315515e+16
5.468991e+16
5.349239e+16
4.960969e+16
4.318573e+16
3.441188e+16
5.81311e+16
5.97939e+16
5.84815e+16
5.424833e+16
4.726969e+16
3.777707e+16
5.315515e+16
5.468991e+16
5.349239e+16
4.960969e+16
4.318573e+16
3.441189e+16
5.019137e+16
5.164145e+16
5.051362e+16
4.685187e+16
4.0789e+16
3.250334e+16
6.002794e+16
6.172793e+16
6.037588e+16
5.603433e+16
4.89199e+16
3.936751e+16
5.81311e+16
5.97939e+16
5.84815e+16
5.424833e+16
4.726969e+16
3.777707e+16
5.315509e+16
5.468985e+16
5.349233e+16
4.960963e+16
4.318568e+16
5.53752e+16
6.002789e+16
6.172787e+16
6.037581e+16
5.603426e+16
4.891983e+16
5.813104e+16
5.979383e+16
5.848144e+16
5.424827e+16
4.726963e+16
4.622059e+16
5.019131e+16
5.164139e+16
5.051356e+16
4.685181e+16
4.078895e+16
4.895133e+16
5.31551e+16
5.468985e+16
5.349233e+16
4.960963e+16
4.318568e+16
5.357477e+16
5.813105e+16
5.979384e+16
5.848144e+16
5.424827e+16
4.726963e+16
4.895137e+16
5.315513e+16
5.468989e+16
5.349236e+16
4.960966e+16
4.31857e+16
5.537523e+16
6.002791e+16
6.172789e+16
6.037583e+16
5.603428e+16
4.891985e+16
4.622064e+16
5.019136e+16
5.164143e+16
5.05136e+16
4.685184e+16
4.078897e+16
5.357479e+16
5.813108e+16
5.979387e+16
5.848146e+16
5.424829e+16
4.726965e+16
5.357479e+16
5.813107e+16
5.979386e+16
5.848146e+16
5.424829e+16
4.726965e+16
4.895137e+16
5.315513e+16
5.468989e+16
5.349236e+16
4.960966e+16
4.31857e+16
5.537522e+16
6.00279e+16
6.172788e+16
6.037581e+16
5.603426e+16
4.891982e+16
4.895136e+16
5.315512e+16
5.468987e+16
5.349234e+16
4.960964e+16
4.318568e+16
5.357478e+16
5.813106e+16
5.979385e+16
5.848144e+16
5.424827e+16
4.726963e+16
5.357478e+16
5.813107e+16
5.979385e+16
5.848144e+16
5.424827e+16
4.726962e+16
4.895136e+16
5.315512e+16
5.468987e+16
5.349234e+16
4.960963e+16
4.318568e+16
4.622062e+16
5.019134e+16
5.164141e+16
5.051358e+16
4.685182e+16
4.078895e+16
5.01913e+16
5.164138e+16
5.051356e+16
4.685181e+16
4.078894e+16
5.813102e+16
5.979382e+16
5.848143e+16
5.424826e+16
4.726963e+16
5.315507e+16
5.468983e+16
5.349232e+16
4.960963e+16
4.318568e+16
4.895131e+16
5.315508e+16
5.468984e+16
5.349232e+16
4.960962e+16
4.318568e+16
6.002786e+16
6.172785e+16
6.037579e+16
5.603425e+16
4.891982e+16
5.357473e+16
5.813103e+16
5.979382e+16
5.848142e+16
5.424826e+16
4.726962e+16
6.584007e+16
6.773657e+16
6.624509e+16
6.143103e+16
5.350394e+16
5.851712e+16
6.022819e+16
5.890362e+16
5.459749e+16
4.747216e+16
3.775647e+16
6.455245e+16
6.644386e+16
6.4976e+16
6.020986e+16
5.233071e+16
6.085859e+16
6.265669e+16
6.127549e+16
5.677203e+16
4.931403e+16
3.915083e+16
6.322257e+16
6.502042e+16
6.359498e+16
5.901396e+16
5.151028e+16
4.145753e+16
6.02767e+16
6.200837e+16
6.064575e+16
5.624644e+16
4.899498e+16
3.914334e+16
6.45525e+16
6.64439e+16
6.497605e+16
6.020991e+16
5.233075e+16
4.161508e+16
5.851715e+16
6.022822e+16
5.890366e+16
5.459752e+16
4.747219e+16
3.775651e+16
6.085863e+16
6.265673e+16
6.127554e+16
5.677208e+16
4.931407e+16
3.915087e+16
6.58401e+16
6.773661e+16
6.624514e+16
6.143109e+16
5.350404e+16
4.276762e+16
6.32226e+16
6.502046e+16
6.359501e+16
5.901399e+16
5.15104e+16
4.145792e+16
6.027674e+16
6.200841e+16
6.064578e+16
5.624646e+16
4.8995e+16
3.914348e+16
6.455246e+16
6.644386e+16
6.4976e+16
6.020986e+16
5.23307e+16
6.322255e+16
6.50204e+16
6.359495e+16
5.901392e+16
5.151033e+16
5.851711e+16
6.022817e+16
5.890361e+16
5.459747e+16
4.747214e+16
6.584006e+16
6.773656e+16
6.624508e+16
6.143102e+16
5.350398e+16
6.027668e+16
6.200835e+16
6.064572e+16
5.62464e+16
4.899495e+16
6.085859e+16
6.265669e+16
6.127549e+16
5.677203e+16
4.931403e+16
5.937479e+16
6.455246e+16
6.644386e+16
6.4976e+16
6.020985e+16
5.23307e+16
5.553405e+16
6.027671e+16
6.200837e+16
6.064574e+16
5.624641e+16
4.899495e+16
5.383639e+16
5.851713e+16
6.022819e+16
5.890362e+16
5.459748e+16
4.747215e+16
6.064536e+16
6.584007e+16
6.773657e+16
6.624508e+16
6.143102e+16
5.350398e+16
5.594398e+16
6.08586e+16
6.26567e+16
6.127549e+16
5.677203e+16
4.931402e+16
5.830412e+16
6.322257e+16
6.502041e+16
6.359496e+16
5.901393e+16
5.151033e+16
5.830411e+16
6.322256e+16
6.50204e+16
6.359495e+16
5.901392e+16
5.151033e+16
6.064536e+16
6.584006e+16
6.773656e+16
6.624507e+16
6.143101e+16
5.350397e+16
5.553404e+16
6.02767e+16
6.200836e+16
6.064573e+16
5.62464e+16
4.899494e+16
5.937479e+16
6.455246e+16
6.644386e+16
6.4976e+16
6.020985e+16
5.233069e+16
5.383639e+16
5.851712e+16
6.022819e+16
5.890361e+16
5.459747e+16
4.747213e+16
5.594398e+16
6.08586e+16
6.26567e+16
6.127549e+16
5.677202e+16
4.931401e+16
5.830408e+16
6.322253e+16
6.502038e+16
6.359493e+16
5.90139e+16
5.151031e+16
6.064534e+16
6.584004e+16
6.773654e+16
6.624505e+16
6.143099e+16
5.350395e+16
5.383636e+16
5.85171e+16
6.022816e+16
5.890359e+16
5.459745e+16
4.747212e+16
5.5534e+16
6.027667e+16
6.200833e+16
6.06457e+16
5.624638e+16
4.899493e+16
5.937477e+16
6.455244e+16
6.644383e+16
6.497597e+16
6.020982e+16
5.233066e+16
5.594396e+16
6.085858e+16
6.265667e+16
6.127546e+16
5.6772e+16
4.9314e+16
6.343321e+16
6.533196e+16
6.388808e+16
5.916299e+16
5.133389e+16
6.596107e+16
6.790892e+16
6.640571e+16
6.151365e+16
5.341863e+16
6.888974e+16
7.09079e+16
6.933837e+16
6.424597e+16
5.582752e+16
6.596107e+16
6.790891e+16
6.64057e+16
6.151364e+16
5.341862e+16
6.343321e+16
6.533196e+16
6.388808e+16
5.916299e+16
5.133389e+16
6.888975e+16
7.090791e+16
6.933837e+16
6.424597e+16
5.582752e+16
6.343326e+16
6.533201e+16
6.388813e+16
5.916303e+16
5.133393e+16
4.068452e+16
6.343326e+16
6.533201e+16
6.388814e+16
5.916304e+16
5.133394e+16
4.068453e+16
6.596112e+16
6.790897e+16
6.640576e+16
6.15137e+16
5.341868e+16
4.241273e+16
6.596111e+16
6.790896e+16
6.640575e+16
6.15137e+16
5.341867e+16
4.241272e+16
6.888979e+16
7.090796e+16
6.933843e+16
6.424603e+16
5.582758e+16
4.439152e+16
6.88898e+16
7.090797e+16
6.933843e+16
6.424604e+16
5.582758e+16
4.439153e+16
6.59611e+16
6.790894e+16
6.640573e+16
6.151366e+16
5.341863e+16
6.343326e+16
6.5332e+16
6.388811e+16
5.9163e+16
5.13339e+16
6.888978e+16
7.090794e+16
6.93384e+16
6.424599e+16
5.582753e+16
6.888979e+16
7.090795e+16
6.933841e+16
6.4246e+16
5.582754e+16
6.343327e+16
6.533201e+16
6.388812e+16
5.916301e+16
5.13339e+16
6.596113e+16
6.790897e+16
6.640574e+16
6.151367e+16
5.341864e+16
6.335837e+16
6.888976e+16
7.090792e+16
6.933838e+16
6.424597e+16
5.582751e+16
6.063027e+16
6.596109e+16
6.790893e+16
6.640571e+16
6.151364e+16
5.341861e+16
6.335837e+16
6.888976e+16
7.090792e+16
6.933838e+16
6.424598e+16
5.582752e+16
5.825033e+16
6.343324e+16
6.533198e+16
6.388809e+16
5.916299e+16
5.133389e+16
5.825033e+16
6.343324e+16
6.533198e+16
6.388809e+16
5.916299e+16
5.133389e+16
6.063026e+16
6.596109e+16
6.790893e+16
6.640571e+16
6.151365e+16
5.341862e+16
5.825033e+16
6.343324e+16
6.533198e+16
6.388809e+16
5.916299e+16
5.133389e+16
6.063026e+16
6.596109e+16
6.790893e+16
6.640571e+16
6.151365e+16
5.341862e+16
6.335837e+16
6.888976e+16
7.090792e+16
6.933838e+16
6.424598e+16
5.582752e+16
5.825033e+16
6.343324e+16
6.533198e+16
6.38881e+16
5.916299e+16
5.133389e+16
6.335836e+16
6.888976e+16
7.090792e+16
6.933838e+16
6.424598e+16
5.582752e+16
6.063027e+16
6.59611e+16
6.790894e+16
6.640572e+16
6.151365e+16
5.341862e+16
5.825032e+16
6.343323e+16
6.533196e+16
6.388807e+16
5.916296e+16
5.133386e+16
5.825032e+16
6.343322e+16
6.533196e+16
6.388807e+16
5.916296e+16
5.133386e+16
6.063025e+16
6.596107e+16
6.790891e+16
6.640568e+16
6.151361e+16
5.341858e+16
6.063026e+16
6.596108e+16
6.790891e+16
6.640568e+16
6.151361e+16
5.341858e+16
6.335836e+16
6.888974e+16
7.090789e+16
6.933835e+16
6.424594e+16
5.582748e+16
6.335836e+16
6.888975e+16
7.09079e+16
6.933834e+16
6.424593e+16
5.582747e+16
5.851708e+16
6.022815e+16
5.890359e+16
5.459746e+16
4.747213e+16
6.085856e+16
6.265666e+16
6.127546e+16
5.677201e+16
4.931401e+16
6.322252e+16
6.502038e+16
6.359493e+16
5.901391e+16
5.151033e+16
6.027665e+16
6.200833e+16
6.064571e+16
5.624639e+16
4.899495e+16
6.455242e+16
6.644383e+16
6.497598e+16
6.020984e+16
5.233069e+16
6.584003e+16
6.773654e+16
6.624506e+16
6.143101e+16
5.350397e+16
6.085862e+16
6.265672e+16
6.127552e+16
5.677206e+16
4.931406e+16
3.915086e+16
6.584009e+16
6.77366e+16
6.624512e+16
6.143107e+16
5.350404e+16
4.276763e+16
6.322258e+16
6.502044e+16
6.359499e+16
5.901397e+16
5.151042e+16
4.145799e+16
6.455248e+16
6.644389e+16
6.497604e+16
6.02099e+16
5.233074e+16
4.161506e+16
5.851713e+16
6.02282e+16
5.890364e+16
5.459751e+16
4.747218e+16
3.775651e+16
6.027671e+16
6.200838e+16
6.064576e+16
5.624644e+16
4.8995e+16
3.914348e+16
6.322261e+16
6.502046e+16
6.3595e+16
5.901397e+16
5.151038e+16
6.584011e+16
6.773661e+16
6.624512e+16
6.143106e+16
5.350402e+16
6.027674e+16
6.200841e+16
6.064578e+16
5.624645e+16
4.899499e+16
3.914348e+16
6.455251e+16
6.64439e+16
6.497604e+16
6.020989e+16
5.233072e+16
5.851716e+16
6.022823e+16
5.890366e+16
5.459751e+16
4.747217e+16
3.775651e+16
6.085864e+16
6.265674e+16
6.127553e+16
5.677205e+16
4.931405e+16
5.830411e+16
6.322255e+16
6.50204e+16
6.359494e+16
5.901391e+16
5.151033e+16
5.553403e+16
6.027669e+16
6.200835e+16
6.064572e+16
5.624639e+16
4.899494e+16
6.064536e+16
6.584006e+16
6.773656e+16
6.624507e+16
6.143101e+16
5.350397e+16
5.937479e+16
6.455246e+16
6.644386e+16
6.497599e+16
6.020984e+16
5.233068e+16
5.383638e+16
5.851711e+16
6.022818e+16
5.89036e+16
5.459746e+16
4.747212e+16
5.594398e+16
6.08586e+16
6.265669e+16
6.127548e+16
5.677201e+16
4.9314e+16
5.830412e+16
6.322257e+16
6.502042e+16
6.359496e+16
5.901392e+16
5.151033e+16
6.064537e+16
6.584007e+16
6.773657e+16
6.624508e+16
6.143102e+16
5.350397e+16
5.38364e+16
5.851713e+16
6.022819e+16
5.890362e+16
5.459748e+16
4.747214e+16
5.553404e+16
6.027671e+16
6.200837e+16
6.064574e+16
5.624641e+16
4.899496e+16
5.93748e+16
6.455247e+16
6.644387e+16
6.4976e+16
6.020985e+16
5.233069e+16
5.594399e+16
6.085861e+16
6.26567e+16
6.127549e+16
5.677203e+16
4.931402e+16
5.830411e+16
6.322255e+16
6.50204e+16
6.359494e+16
5.90139e+16
5.151032e+16
5.553404e+16
6.02767e+16
6.200835e+16
6.064572e+16
5.624639e+16
4.899493e+16
6.064535e+16
6.584006e+16
6.773655e+16
6.624506e+16
6.143099e+16
5.350395e+16
5.937479e+16
6.455245e+16
6.644385e+16
6.497598e+16
6.020982e+16
5.233066e+16
5.594398e+16
6.08586e+16
6.265669e+16
6.127547e+16
5.6772e+16
4.931399e+16
5.383639e+16
5.851712e+16
6.022818e+16
5.89036e+16
5.459746e+16
4.747212e+16
3.490848e+16
3.590673e+16
3.515345e+16
3.268937e+16
2.864648e+16
2.323542e+16
3.263263e+16
3.355954e+16
3.285915e+16
3.056864e+16
2.680569e+16
2.172823e+16
4.479016e+16
4.608601e+16
4.509929e+16
4.18756e+16
3.655403e+16
2.933523e+16
4.479016e+16
4.608601e+16
4.509929e+16
4.18756e+16
3.655403e+16
2.933523e+16
3.490847e+16
3.590673e+16
3.515345e+16
3.268937e+16
2.864648e+16
2.323541e+16
4.952289e+16
5.095657e+16
4.985619e+16
4.626851e+16
4.033436e+16
3.224883e+16
3.263265e+16
3.355955e+16
3.285915e+16
3.056864e+16
2.680568e+16
2.172823e+16
3.490852e+16
3.590678e+16
3.515349e+16
3.26894e+16
2.86465e+16
2.323543e+16
4.479024e+16
4.608609e+16
4.509936e+16
4.187566e+16
3.655408e+16
2.933526e+16
3.490852e+16
3.590677e+16
3.515348e+16
3.26894e+16
2.86465e+16
2.323543e+16
4.952295e+16
5.095663e+16
4.985624e+16
4.626854e+16
4.033439e+16
3.224885e+16
4.479024e+16
4.608609e+16
4.509935e+16
4.187566e+16
3.655407e+16
2.933526e+16
3.221145e+16
3.490846e+16
3.590672e+16
3.515344e+16
3.268936e+16
2.864646e+16
4.479017e+16
4.608602e+16
4.50993e+16
4.18756e+16
3.655403e+16
3.221149e+16
3.490847e+16
3.590672e+16
3.515344e+16
3.268936e+16
2.864646e+16
3.012886e+16
3.263259e+16
3.35595e+16
3.28591e+16
3.05686e+16
2.680565e+16
4.561202e+16
4.952288e+16
5.095656e+16
4.985617e+16
4.626848e+16
4.033434e+16
4.126608e+16
4.479017e+16
4.608602e+16
4.509929e+16
4.18756e+16
3.655403e+16
4.561209e+16
4.952293e+16
5.09566e+16
4.98562e+16
4.62685e+16
4.033435e+16
4.126612e+16
4.47902e+16
4.608604e+16
4.50993e+16
4.18756e+16
3.655403e+16
4.126611e+16
4.479019e+16
4.608603e+16
4.50993e+16
4.18756e+16
3.655402e+16
3.221152e+16
3.49085e+16
3.590675e+16
3.515346e+16
3.268937e+16
2.864647e+16
3.221153e+16
3.490851e+16
3.590676e+16
3.515347e+16
3.268938e+16
2.864647e+16
3.012894e+16
3.263267e+16
3.355957e+16
3.285917e+16
3.056865e+16
2.680568e+16
3.221152e+16
3.49085e+16
3.590675e+16
3.515346e+16
3.268937e+16
2.864646e+16
4.126613e+16
4.479021e+16
4.608605e+16
4.509931e+16
4.187561e+16
3.655403e+16
3.012891e+16
3.263263e+16
3.355953e+16
3.285913e+16
3.056861e+16
2.680565e+16
3.221152e+16
3.49085e+16
3.590675e+16
3.515346e+16
3.268937e+16
2.864647e+16
4.561209e+16
4.952292e+16
5.095659e+16
4.985619e+16
4.626849e+16
4.033434e+16
4.126613e+16
4.479021e+16
4.608605e+16
4.509932e+16
4.187562e+16
3.655403e+16
4.479017e+16
4.608602e+16
4.50993e+16
4.187561e+16
3.655403e+16
4.952287e+16
5.095656e+16
4.985617e+16
4.626848e+16
4.033434e+16
3.490846e+16
3.590672e+16
3.515344e+16
3.268936e+16
2.864646e+16
4.479017e+16
4.608602e+16
4.509929e+16
4.18756e+16
3.655403e+16
3.490846e+16
3.590672e+16
3.515344e+16
3.268936e+16
2.864646e+16
3.263259e+16
3.35595e+16
3.285911e+16
3.05686e+16
2.680565e+16
4.818158e+16
4.958553e+16
4.851897e+16
4.503115e+16
3.927112e+16
3.146212e+16
4.060285e+16
4.178915e+16
4.090408e+16
3.799606e+16
3.321697e+16
2.682839e+16
5.727201e+16
5.894495e+16
5.766016e+16
5.347071e+16
4.65347e+16
3.707527e+16
4.689646e+16
4.829188e+16
4.725985e+16
4.385413e+16
3.822968e+16
3.062328e+16
6.095035e+16
6.274741e+16
6.137566e+16
5.68925e+16
4.946528e+16
3.933366e+16
5.668248e+16
5.837598e+16
5.710909e+16
5.294e+16
4.603249e+16
3.662811e+16
6.095039e+16
6.274745e+16
6.13757e+16
5.689254e+16
4.946531e+16
3.933365e+16
5.727204e+16
5.894498e+16
5.766019e+16
5.347075e+16
4.653473e+16
3.707528e+16
4.818163e+16
4.958559e+16
4.851902e+16
4.503119e+16
3.927116e+16
3.146215e+16
4.060294e+16
4.178924e+16
4.090416e+16
3.799613e+16
3.321703e+16
2.682844e+16
4.689653e+16
4.829195e+16
4.725991e+16
4.385419e+16
3.822973e+16
3.062331e+16
5.668252e+16
5.837603e+16
5.710914e+16
5.294004e+16
4.603252e+16
3.662813e+16
4.818157e+16
4.958552e+16
4.851896e+16
4.503114e+16
3.927111e+16
5.727198e+16
5.894492e+16
5.766013e+16
5.347068e+16
4.653467e+16
4.060288e+16
4.178918e+16
4.090411e+16
3.799608e+16
3.321698e+16
4.689648e+16
4.82919e+16
4.725986e+16
4.385414e+16
3.822969e+16
6.095033e+16
6.274739e+16
6.137564e+16
5.689248e+16
4.946526e+16
5.668248e+16
5.837598e+16
5.710909e+16
5.293999e+16
4.603247e+16
5.604756e+16
6.095037e+16
6.274742e+16
6.137567e+16
5.689249e+16
4.946526e+16
4.436313e+16
4.81816e+16
4.958555e+16
4.851898e+16
4.503114e+16
3.927111e+16
5.208224e+16
5.66825e+16
5.8376e+16
5.71091e+16
5.294e+16
4.603248e+16
4.312336e+16
4.689649e+16
4.82919e+16
4.725986e+16
4.385413e+16
3.822968e+16
3.739852e+16
4.060287e+16
4.178917e+16
4.090409e+16
3.799606e+16
3.321696e+16
5.270416e+16
5.727203e+16
5.894496e+16
5.766016e+16
5.347071e+16
4.653469e+16
5.604756e+16
6.095036e+16
6.274741e+16
6.137565e+16
5.689248e+16
4.946525e+16
5.208224e+16
5.66825e+16
5.837599e+16
5.710909e+16
5.293999e+16
4.603247e+16
4.312338e+16
4.689651e+16
4.829192e+16
4.725987e+16
4.385415e+16
3.822969e+16
5.270415e+16
5.727201e+16
5.894494e+16
5.766014e+16
5.347069e+16
4.653467e+16
3.739856e+16
4.060292e+16
4.178921e+16
4.090413e+16
3.799609e+16
3.321699e+16
4.436314e+16
4.818161e+16
4.958555e+16
4.851898e+16
4.503115e+16
3.927111e+16
5.604752e+16
6.095033e+16
6.274738e+16
6.137563e+16
5.689246e+16
4.946524e+16
5.208222e+16
5.668248e+16
5.837597e+16
5.710907e+16
5.293997e+16
4.603246e+16
5.270411e+16
5.727197e+16
5.894491e+16
5.766012e+16
5.347068e+16
4.653466e+16
4.312336e+16
4.689648e+16
4.82919e+16
4.725986e+16
4.385413e+16
3.822968e+16
4.436309e+16
4.818157e+16
4.958552e+16
4.851896e+16
4.503113e+16
3.927111e+16
3.739853e+16
4.060289e+16
4.178919e+16
4.090411e+16
3.799608e+16
3.321698e+16
6.338694e+16
6.532995e+16
6.390509e+16
5.918059e+16
5.133903e+16
5.610514e+16
5.783563e+16
5.658835e+16
5.242849e+16
4.552581e+16
3.613616e+16
5.442866e+16
5.609456e+16
5.488627e+16
5.086611e+16
4.419834e+16
3.512658e+16
6.82797e+16
7.034819e+16
6.880198e+16
6.370984e+16
5.526364e+16
6.002954e+16
6.184491e+16
6.049909e+16
5.605465e+16
4.868274e+16
3.863947e+16
6.669738e+16
6.870441e+16
6.719599e+16
6.223801e+16
5.401597e+16
4.281389e+16
5.61052e+16
5.783569e+16
5.65884e+16
5.242854e+16
4.552584e+16
3.613618e+16
6.338699e+16
6.533001e+16
6.390514e+16
5.918064e+16
5.133907e+16
4.066239e+16
6.002959e+16
6.184496e+16
6.049913e+16
5.60547e+16
4.868277e+16
3.863949e+16
6.669743e+16
6.870446e+16
6.719604e+16
6.223806e+16
5.401601e+16
4.281392e+16
6.827976e+16
7.034825e+16
6.880204e+16
6.370989e+16
5.526368e+16
4.376515e+16
5.442871e+16
5.60946e+16
5.488632e+16
5.086616e+16
4.419838e+16
3.512661e+16
5.610519e+16
5.783567e+16
5.658837e+16
5.242851e+16
4.552581e+16
5.442868e+16
5.609457e+16
5.488628e+16
5.086612e+16
4.419834e+16
6.002956e+16
6.184492e+16
6.049909e+16
5.605465e+16
4.868273e+16
6.338699e+16
6.533e+16
6.390512e+16
5.918061e+16
5.133904e+16
6.66974e+16
6.870442e+16
6.7196e+16
6.223801e+16
5.401596e+16
6.827975e+16
7.034823e+16
6.880201e+16
6.370985e+16
5.526364e+16
5.812542e+16
6.338698e+16
6.532998e+16
6.390511e+16
5.918059e+16
5.133902e+16
4.993192e+16
5.442869e+16
5.609458e+16
5.488629e+16
5.086612e+16
4.419834e+16
6.265507e+16
6.827973e+16
7.034822e+16
6.880199e+16
6.370984e+16
5.526363e+16
6.123505e+16
6.669741e+16
6.870442e+16
6.7196e+16
6.223801e+16
5.401596e+16
5.510436e+16
6.002956e+16
6.184493e+16
6.049909e+16
5.605465e+16
4.868273e+16
5.143889e+16
5.610518e+16
5.783566e+16
5.658836e+16
5.24285e+16
4.55258e+16
6.123505e+16
6.669741e+16
6.870442e+16
6.719599e+16
6.223801e+16
5.401595e+16
5.510437e+16
6.002956e+16
6.184492e+16
6.049909e+16
5.605465e+16
4.868273e+16
5.812542e+16
6.338698e+16
6.532998e+16
6.390511e+16
5.91806e+16
5.133903e+16
5.14389e+16
5.610518e+16
5.783566e+16
5.658837e+16
5.24285e+16
4.552581e+16
6.265507e+16
6.827973e+16
7.034821e+16
6.880199e+16
6.370984e+16
5.526363e+16
4.993192e+16
5.442869e+16
5.609458e+16
5.488629e+16
5.086612e+16
4.419834e+16
5.812541e+16
6.338697e+16
6.532997e+16
6.390509e+16
5.918057e+16
5.1339e+16
6.265507e+16
6.827972e+16
7.03482e+16
6.880197e+16
6.370981e+16
5.52636e+16
5.143889e+16
5.610517e+16
5.783565e+16
5.658835e+16
5.242848e+16
4.552578e+16
6.123503e+16
6.669739e+16
6.87044e+16
6.719597e+16
6.223798e+16
5.401593e+16
5.510436e+16
6.002955e+16
6.184491e+16
6.049907e+16
5.605463e+16
4.868271e+16
4.993191e+16
5.442868e+16
5.609457e+16
5.488627e+16
5.08661e+16
4.419832e+16
5.610513e+16
5.783562e+16
5.658834e+16
5.242849e+16
4.55258e+16
6.669736e+16
6.870438e+16
6.719597e+16
6.223799e+16
5.401595e+16
6.338693e+16
6.532994e+16
6.390508e+16
5.918058e+16
5.133903e+16
6.002951e+16
6.184488e+16
6.049906e+16
5.605463e+16
4.868272e+16
5.442864e+16
5.609454e+16
5.488626e+16
5.08661e+16
4.419834e+16
6.827969e+16
7.034819e+16
6.880197e+16
6.370983e+16
5.526363e+16
6.669742e+16
6.870444e+16
6.719603e+16
6.223805e+16
5.4016e+16
4.281392e+16
6.002957e+16
6.184494e+16
6.049912e+16
5.605469e+16
4.868277e+16
3.863949e+16
5.442869e+16
5.609459e+16
5.488631e+16
5.086615e+16
4.419837e+16
3.512661e+16
6.827975e+16
7.034824e+16
6.880203e+16
6.370989e+16
5.526368e+16
4.376515e+16
5.610519e+16
5.783568e+16
5.658839e+16
5.242853e+16
4.552584e+16
3.613618e+16
6.338699e+16
6.533001e+16
6.390514e+16
5.918064e+16
5.133907e+16
4.066239e+16
6.3387e+16
6.533001e+16
6.390513e+16
5.918062e+16
5.133904e+16
5.610521e+16
5.783568e+16
5.658839e+16
5.242852e+16
4.552582e+16
6.827977e+16
7.034825e+16
6.880202e+16
6.370986e+16
5.526365e+16
5.442872e+16
5.609461e+16
5.488631e+16
5.086614e+16
4.419836e+16
6.669745e+16
6.870446e+16
6.719603e+16
6.223804e+16
5.401598e+16
6.00296e+16
6.184496e+16
6.049913e+16
5.605468e+16
4.868275e+16
6.265509e+16
6.827974e+16
7.034822e+16
6.880199e+16
6.370983e+16
5.526362e+16
5.812541e+16
6.338698e+16
6.532998e+16
6.39051e+16
5.918059e+16
5.133902e+16
6.123505e+16
6.669741e+16
6.870442e+16
6.719599e+16
6.223799e+16
5.401594e+16
5.510437e+16
6.002956e+16
6.184492e+16
6.049908e+16
5.605464e+16
4.868271e+16
5.14389e+16
5.610519e+16
5.783566e+16
5.658836e+16
5.24285e+16
4.552579e+16
4.993191e+16
5.442869e+16
5.609457e+16
5.488628e+16
5.086611e+16
4.419833e+16
5.510438e+16
6.002958e+16
6.184494e+16
6.04991e+16
5.605466e+16
4.868273e+16
4.993192e+16
5.44287e+16
5.609458e+16
5.488629e+16
5.086612e+16
4.419834e+16
6.123505e+16
6.669741e+16
6.870443e+16
6.7196e+16
6.223801e+16
5.401596e+16
5.14389e+16
5.610519e+16
5.783567e+16
5.658837e+16
5.242851e+16
4.552581e+16
6.265509e+16
6.827974e+16
7.034823e+16
6.8802e+16
6.370984e+16
5.526363e+16
5.812541e+16
6.338698e+16
6.532998e+16
6.390511e+16
5.91806e+16
5.133903e+16
5.812541e+16
6.338697e+16
6.532997e+16
6.390509e+16
5.918057e+16
5.1339e+16
6.265507e+16
6.827972e+16
7.03482e+16
6.880197e+16
6.370981e+16
5.52636e+16
5.14389e+16
5.610518e+16
5.783565e+16
5.658835e+16
5.242848e+16
4.552578e+16
4.993191e+16
5.442868e+16
5.609457e+16
5.488627e+16
5.08661e+16
4.419832e+16
5.510436e+16
6.002956e+16
6.184491e+16
6.049907e+16
5.605463e+16
4.86827e+16
6.123504e+16
6.669739e+16
6.87044e+16
6.719597e+16
6.223798e+16
5.401593e+16
4.060287e+16
4.178918e+16
4.09041e+16
3.799607e+16
3.321698e+16
6.095031e+16
6.274736e+16
6.137562e+16
5.689247e+16
4.946525e+16
5.668244e+16
5.837595e+16
5.710907e+16
5.293998e+16
4.603247e+16
4.689645e+16
4.829188e+16
4.725984e+16
4.385413e+16
3.822968e+16
5.727196e+16
5.89449e+16
5.766012e+16
5.347068e+16
4.653467e+16
4.818155e+16
4.958551e+16
4.851895e+16
4.503113e+16
3.927111e+16
4.689648e+16
4.82919e+16
4.725986e+16
4.385415e+16
3.82297e+16
3.062329e+16
5.668249e+16
5.8376e+16
5.710912e+16
5.294002e+16
4.603251e+16
3.662812e+16
4.818158e+16
4.958554e+16
4.851898e+16
4.503116e+16
3.927113e+16
3.146213e+16
4.060286e+16
4.178916e+16
4.090409e+16
3.799607e+16
3.321698e+16
2.68284e+16
6.095037e+16
6.274742e+16
6.137568e+16
5.689252e+16
4.946529e+16
3.933364e+16
5.727201e+16
5.894496e+16
5.766017e+16
5.347073e+16
4.653471e+16
3.707527e+16
4.818164e+16
4.958559e+16
4.851902e+16
4.503119e+16
3.927115e+16
3.146214e+16
4.060294e+16
4.178924e+16
4.090415e+16
3.799612e+16
3.321702e+16
2.682843e+16
5.727205e+16
5.894498e+16
5.766019e+16
5.347074e+16
4.653472e+16
3.707527e+16
4.689653e+16
4.829195e+16
4.72599e+16
4.385418e+16
3.822972e+16
3.06233e+16
6.09504e+16
6.274745e+16
6.13757e+16
5.689253e+16
4.946529e+16
3.933363e+16
5.668253e+16
5.837603e+16
5.710913e+16
5.294003e+16
4.60325e+16
3.662811e+16
3.739853e+16
4.060289e+16
4.178919e+16
4.090411e+16
3.799608e+16
3.321698e+16
5.270412e+16
5.727199e+16
5.894492e+16
5.766013e+16
5.347068e+16
4.653466e+16
5.208222e+16
5.668248e+16
5.837598e+16
5.710908e+16
5.293998e+16
4.603246e+16
4.312335e+16
4.689648e+16
4.829189e+16
4.725985e+16
4.385413e+16
3.822968e+16
4.43631e+16
4.818157e+16
4.958552e+16
4.851896e+16
4.503113e+16
3.927111e+16
5.604753e+16
6.095034e+16
6.274739e+16
6.137564e+16
5.689247e+16
4.946524e+16
5.270416e+16
5.727203e+16
5.894496e+16
5.766017e+16
5.347071e+16
4.653469e+16
5.604756e+16
6.095037e+16
6.274742e+16
6.137567e+16
5.68925e+16
4.946527e+16
5.208225e+16
5.668251e+16
5.8376e+16
5.710911e+16
5.294e+16
4.603249e+16
4.436313e+16
4.818161e+16
4.958555e+16
4.851898e+16
4.503115e+16
3.927112e+16
3.739853e+16
4.060289e+16
4.178918e+16
4.09041e+16
3.799606e+16
3.321697e+16
4.312337e+16
4.68965e+16
4.829191e+16
4.725986e+16
4.385414e+16
3.822968e+16
4.312338e+16
4.68965e+16
4.829191e+16
4.725986e+16
4.385413e+16
3.822968e+16
5.208223e+16
5.668249e+16
5.837598e+16
5.710908e+16
5.293997e+16
4.603246e+16
5.604756e+16
6.095036e+16
6.27474e+16
6.137564e+16
5.689247e+16
4.946523e+16
3.739855e+16
4.060291e+16
4.17892e+16
4.090412e+16
3.799608e+16
3.321698e+16
4.436313e+16
4.81816e+16
4.958554e+16
4.851897e+16
4.503114e+16
3.927111e+16
5.270415e+16
5.727201e+16
5.894494e+16
5.766014e+16
5.347068e+16
4.653466e+16
1.656841e+16
1.702504e+16
1.667871e+16
1.554857e+16
1.370025e+16
1.121941e+16
1.366391e+16
1.403793e+16
1.375304e+16
1.282445e+16
1.13056e+16
9.270551e+15
2.330087e+16
2.39514e+16
2.346076e+16
2.185739e+16
1.923643e+16
1.572603e+16
2.330087e+16
2.39514e+16
2.346076e+16
2.185739e+16
1.923643e+16
1.572603e+16
1.65684e+16
1.702504e+16
1.667871e+16
1.554856e+16
1.370025e+16
1.121941e+16
2.677394e+16
2.752502e+16
2.695724e+16
2.510128e+16
2.205477e+16
1.792744e+16
1.65684e+16
1.702503e+16
1.66787e+16
1.554855e+16
1.370024e+16
1.12194e+16
1.36639e+16
1.403793e+16
1.375303e+16
1.282444e+16
1.130559e+16
9.270543e+15
2.330086e+16
2.395138e+16
2.346074e+16
2.185737e+16
1.923641e+16
1.572601e+16
1.65684e+16
1.702503e+16
1.66787e+16
1.554855e+16
1.370024e+16
1.12194e+16
2.330086e+16
2.395139e+16
2.346074e+16
2.185737e+16
1.923641e+16
1.572602e+16
2.677393e+16
2.7525e+16
2.695722e+16
2.510125e+16
2.205475e+16
1.792742e+16
1.534235e+16
1.656837e+16
1.702501e+16
1.667867e+16
1.554853e+16
1.370022e+16
1.534236e+16
1.656837e+16
1.702501e+16
1.667867e+16
1.554853e+16
1.370022e+16
2.155379e+16
2.330082e+16
2.395135e+16
2.346071e+16
2.185734e+16
1.923638e+16
1.265888e+16
1.366388e+16
1.403791e+16
1.375301e+16
1.282442e+16
1.130557e+16
2.155377e+16
2.330082e+16
2.395135e+16
2.34607e+16
2.185734e+16
1.923638e+16
2.475046e+16
2.677389e+16
2.752496e+16
2.695718e+16
2.510122e+16
2.205471e+16
2.475056e+16
2.677398e+16
2.752505e+16
2.695726e+16
2.510128e+16
2.205476e+16
1.265892e+16
1.366392e+16
1.403795e+16
1.375304e+16
1.282445e+16
1.13056e+16
2.155386e+16
2.330089e+16
2.395142e+16
2.346077e+16
2.185739e+16
1.923642e+16
2.155386e+16
2.33009e+16
2.395142e+16
2.346077e+16
2.185739e+16
1.923643e+16
1.53424e+16
1.656842e+16
1.702505e+16
1.667872e+16
1.554857e+16
1.370025e+16
1.534241e+16
1.656842e+16
1.702506e+16
1.667872e+16
1.554857e+16
1.370025e+16
1.26589e+16
1.36639e+16
1.403792e+16
1.375302e+16
1.282443e+16
1.130558e+16
1.534238e+16
1.656839e+16
1.702502e+16
1.667868e+16
1.554854e+16
1.370023e+16
2.155381e+16
2.330085e+16
2.395137e+16
2.346072e+16
2.185735e+16
1.923639e+16
1.534238e+16
1.656839e+16
1.702502e+16
1.667869e+16
1.554854e+16
1.370023e+16
2.155382e+16
2.330085e+16
2.395137e+16
2.346072e+16
2.185735e+16
1.923639e+16
2.47505e+16
2.677392e+16
2.752499e+16
2.69572e+16
2.510123e+16
2.205472e+16
1.656838e+16
1.702501e+16
1.667868e+16
1.554853e+16
1.370022e+16
1.366388e+16
1.403791e+16
1.375301e+16
1.282442e+16
1.130558e+16
1.656837e+16
1.702501e+16
1.667868e+16
1.554853e+16
1.370022e+16
2.330083e+16
2.395135e+16
2.346071e+16
2.185734e+16
1.923638e+16
2.677389e+16
2.752497e+16
2.695719e+16
2.510122e+16
2.205472e+16
2.330082e+16
2.395135e+16
2.346071e+16
2.185734e+16
1.923638e+16
1.34523e-305
1.384187e-305
1.355737e-305
1.261859e-305
1.109236e-305
9.108458e-306
1.528637e-305
1.572882e-305
1.540232e-305
1.432779e-305
1.257639e-305
1.029008e-305
1.434991e-305
1.476053e-305
1.445507e-305
1.345259e-305
1.181886e-305
9.680878e-306
1.074965e-305
1.105635e-305
1.083154e-305
1.009146e-305
8.892451e-306
7.340279e-306
1.190913e-305
1.224546e-305
1.19947e-305
1.117286e-305
9.835927e-306
8.084744e-306
1.015735e-305
1.044348e-305
1.02313e-305
9.535331e-306
8.406923e-306
6.939092e-306
1.434992e-305
1.476053e-305
1.445507e-305
1.345259e-305
1.181886e-305
9.680877e-306
1.528639e-305
1.572885e-305
1.540234e-305
1.43278e-305
1.25764e-305
1.029009e-305
1.190912e-305
1.224545e-305
1.199469e-305
1.117285e-305
9.83592e-306
8.084738e-306
1.015734e-305
1.044348e-305
1.02313e-305
9.535326e-306
8.406918e-306
6.939088e-306
1.345231e-305
1.384188e-305
1.355738e-305
1.26186e-305
1.109237e-305
9.108461e-306
1.074965e-305
1.105635e-305
1.083154e-305
1.009145e-305
8.892446e-306
7.340275e-306
1.074963e-305
1.105633e-305
1.083152e-305
1.009144e-305
8.892431e-306
1.345228e-305
1.384186e-305
1.355736e-305
1.261858e-305
1.109235e-305
1.528636e-305
1.572882e-305
1.540232e-305
1.432778e-305
1.257638e-305
1.19091e-305
1.224543e-305
1.199467e-305
1.117283e-305
9.835904e-306
1.015732e-305
1.044345e-305
1.023128e-305
9.535309e-306
8.406904e-306
1.434988e-305
1.47605e-305
1.445505e-305
1.345257e-305
1.181884e-305
1.241302e-305
1.345231e-305
1.384188e-305
1.355738e-305
1.261859e-305
1.109236e-305
9.933785e-306
1.074966e-305
1.105636e-305
1.083155e-305
1.009146e-305
8.892449e-306
1.410102e-305
1.528638e-305
1.572883e-305
1.540233e-305
1.432779e-305
1.257639e-305
1.324904e-305
1.434992e-305
1.476053e-305
1.445507e-305
1.345259e-305
1.181885e-305
9.394968e-306
1.015735e-305
1.044348e-305
1.023131e-305
9.535331e-306
8.406921e-306
1.100964e-305
1.190914e-305
1.224547e-305
1.19947e-305
1.117286e-305
9.835926e-306
1.410103e-305
1.528639e-305
1.572884e-305
1.540233e-305
1.432779e-305
1.257639e-305
1.324902e-305
1.434991e-305
1.476052e-305
1.445506e-305
1.345258e-305
1.181884e-305
1.241301e-305
1.34523e-305
1.384187e-305
1.355737e-305
1.261858e-305
1.109235e-305
1.100962e-305
1.190912e-305
1.224544e-305
1.199468e-305
1.117284e-305
9.835909e-306
9.933771e-306
1.074964e-305
1.105634e-305
1.083153e-305
1.009145e-305
8.892436e-306
9.394954e-306
1.015734e-305
1.044347e-305
1.023129e-305
9.535317e-306
8.406909e-306
1.100961e-305
1.19091e-305
1.224543e-305
1.199468e-305
1.117283e-305
9.835905e-306
9.394944e-306
1.015733e-305
1.044346e-305
1.023128e-305
9.535311e-306
8.406904e-306
9.933763e-306
1.074964e-305
1.105633e-305
1.083152e-305
1.009144e-305
8.892431e-306
1.324901e-305
1.434989e-305
1.476051e-305
1.445505e-305
1.345257e-305
1.181884e-305
1.241301e-305
1.345229e-305
1.384186e-305
1.355736e-305
1.261858e-305
1.109235e-305
1.410101e-305
1.528637e-305
1.572883e-305
1.540232e-305
1.432779e-305
1.257638e-305
4.158204e+16
4.282968e+16
4.1925e+16
3.892069e+16
3.39651e+16
2.728125e+16
4.507798e+16
4.645461e+16
4.546913e+16
4.217864e+16
3.673513e+16
2.936374e+16
3.114868e+16
3.20664e+16
3.140256e+16
2.920196e+16
2.56027e+16
2.083949e+16
2.712039e+16
2.794843e+16
2.737454e+16
2.544278e+16
2.227859e+16
1.810251e+16
2.518959e+16
2.594054e+16
2.541003e+16
2.363824e+16
2.074601e+16
1.6943e+16
3.748307e+16
3.863768e+16
3.782979e+16
3.511328e+16
3.063169e+16
2.461055e+16
2.712046e+16
2.79485e+16
2.73746e+16
2.544284e+16
2.227864e+16
1.810255e+16
3.748316e+16
3.863777e+16
3.782989e+16
3.511336e+16
3.063176e+16
2.46106e+16
2.518962e+16
2.594057e+16
2.541006e+16
2.363826e+16
2.074603e+16
1.694301e+16
3.114875e+16
3.206647e+16
3.140263e+16
2.920202e+16
2.560275e+16
2.083953e+16
4.158213e+16
4.282977e+16
4.192509e+16
3.892077e+16
3.396517e+16
2.728131e+16
4.507805e+16
4.645469e+16
4.54692e+16
4.21787e+16
3.673519e+16
2.936378e+16
4.158209e+16
4.282973e+16
4.192504e+16
3.892073e+16
3.396513e+16
4.507802e+16
4.645465e+16
4.546916e+16
4.217866e+16
3.673515e+16
3.11487e+16
3.206642e+16
3.140259e+16
2.920198e+16
2.560271e+16
3.748314e+16
3.863775e+16
3.782986e+16
3.511333e+16
3.063173e+16
2.518959e+16
2.594054e+16
2.541003e+16
2.363823e+16
2.0746e+16
2.712043e+16
2.794847e+16
2.737458e+16
2.544282e+16
2.227862e+16
2.869458e+16
3.114871e+16
3.206642e+16
3.140258e+16
2.920197e+16
2.56027e+16
2.319302e+16
2.518961e+16
2.594056e+16
2.541004e+16
2.363824e+16
2.074601e+16
2.492146e+16
2.712042e+16
2.794845e+16
2.737455e+16
2.544279e+16
2.227859e+16
3.822637e+16
4.158206e+16
4.28297e+16
4.192501e+16
3.892069e+16
3.396509e+16
4.137876e+16
4.507801e+16
4.645463e+16
4.546914e+16
4.217864e+16
3.673513e+16
3.439954e+16
3.74831e+16
3.86377e+16
3.782981e+16
3.511328e+16
3.063168e+16
2.319302e+16
2.518961e+16
2.594056e+16
2.541004e+16
2.363824e+16
2.074601e+16
3.439959e+16
3.748315e+16
3.863776e+16
3.782986e+16
3.511333e+16
3.063173e+16
2.869461e+16
3.114873e+16
3.206645e+16
3.14026e+16
2.920199e+16
2.560272e+16
3.822642e+16
4.158211e+16
4.282975e+16
4.192506e+16
3.892074e+16
3.396513e+16
2.492148e+16
2.712044e+16
2.794848e+16
2.737458e+16
2.544282e+16
2.227862e+16
4.137878e+16
4.507804e+16
4.645466e+16
4.546917e+16
4.217867e+16
3.673515e+16
3.82264e+16
4.15821e+16
4.282973e+16
4.192504e+16
3.892072e+16
3.396512e+16
4.137878e+16
4.507803e+16
4.645465e+16
4.546916e+16
4.217865e+16
3.673513e+16
2.869459e+16
3.114872e+16
3.206643e+16
3.140259e+16
2.920198e+16
2.560271e+16
3.439959e+16
3.748315e+16
3.863775e+16
3.782985e+16
3.511332e+16
3.063171e+16
2.319301e+16
2.51896e+16
2.594054e+16
2.541003e+16
2.363823e+16
2.0746e+16
2.492148e+16
2.712044e+16
2.794847e+16
2.737457e+16
2.544281e+16
2.227861e+16
3.879126e+16
3.999799e+16
3.916047e+16
3.63353e+16
3.1671e+16
2.901457e+16
2.992066e+16
2.930475e+16
2.721579e+16
2.378828e+16
1.926788e+16
2.901459e+16
2.992068e+16
2.930477e+16
2.721581e+16
2.37883e+16
1.92679e+16
4.83723e+16
4.987581e+16
4.881448e+16
4.525083e+16
3.934545e+16
3.134248e+16
4.837229e+16
4.987581e+16
4.881447e+16
4.525083e+16
3.934545e+16
3.879123e+16
3.999796e+16
3.916045e+16
3.633528e+16
3.167098e+16
2.540571e+16
2.90146e+16
2.992069e+16
2.930478e+16
2.721582e+16
2.37883e+16
1.92679e+16
3.879127e+16
3.9998e+16
3.916048e+16
3.633531e+16
3.167101e+16
2.540573e+16
4.837234e+16
4.987586e+16
4.881452e+16
4.525087e+16
3.934548e+16
3.13425e+16
3.87913e+16
3.999803e+16
3.916051e+16
3.633534e+16
3.167103e+16
2.540574e+16
2.901462e+16
2.992072e+16
2.930481e+16
2.721584e+16
2.378832e+16
1.926792e+16
4.837235e+16
4.987586e+16
4.881453e+16
4.525088e+16
3.934549e+16
3.13425e+16
4.837236e+16
4.987586e+16
4.881452e+16
4.525086e+16
3.934547e+16
3.87913e+16
3.999802e+16
3.91605e+16
3.633532e+16
3.167101e+16
3.879131e+16
3.999803e+16
3.916051e+16
3.633533e+16
3.167102e+16
4.837234e+16
4.987585e+16
4.881451e+16
4.525085e+16
3.934546e+16
2.901465e+16
2.992074e+16
2.930483e+16
2.721586e+16
2.378833e+16
2.901466e+16
2.992074e+16
2.930483e+16
2.721586e+16
2.378833e+16
2.661381e+16
2.901461e+16
2.992069e+16
2.930477e+16
2.72158e+16
2.378828e+16
3.557204e+16
3.879128e+16
3.9998e+16
3.916047e+16
3.633529e+16
3.167098e+16
2.661383e+16
2.901463e+16
2.992071e+16
2.930479e+16
2.721582e+16
2.37883e+16
3.557206e+16
3.87913e+16
3.999802e+16
3.916049e+16
3.633531e+16
3.1671e+16
4.433972e+16
4.837235e+16
4.987585e+16
4.88145e+16
4.525084e+16
3.934545e+16
4.433972e+16
4.837235e+16
4.987585e+16
4.88145e+16
4.525084e+16
3.934545e+16
2.661381e+16
2.901461e+16
2.992069e+16
2.930477e+16
2.72158e+16
2.378828e+16
3.557204e+16
3.879128e+16
3.9998e+16
3.916047e+16
3.633529e+16
3.167099e+16
2.661383e+16
2.901463e+16
2.992071e+16
2.93048e+16
2.721583e+16
2.37883e+16
4.433972e+16
4.837234e+16
4.987585e+16
4.88145e+16
4.525085e+16
3.934546e+16
3.557205e+16
3.87913e+16
3.999802e+16
3.916049e+16
3.633531e+16
3.167101e+16
4.433972e+16
4.837235e+16
4.987585e+16
4.881451e+16
4.525085e+16
3.934546e+16
2.661385e+16
2.901465e+16
2.992073e+16
2.930482e+16
2.721584e+16
2.378831e+16
2.661385e+16
2.901465e+16
2.992073e+16
2.930481e+16
2.721584e+16
2.378832e+16
3.557205e+16
3.879129e+16
3.999801e+16
3.916049e+16
3.63353e+16
3.167099e+16
3.557205e+16
3.879129e+16
3.999801e+16
3.916048e+16
3.63353e+16
3.167099e+16
4.433972e+16
4.837234e+16
4.987584e+16
4.881449e+16
4.525083e+16
3.934544e+16
4.433971e+16
4.837234e+16
4.987584e+16
4.881449e+16
4.525083e+16
3.934544e+16
3.11487e+16
3.206642e+16
3.140258e+16
2.920198e+16
2.560271e+16
4.158207e+16
4.282971e+16
4.192503e+16
3.892072e+16
3.396512e+16
2.518958e+16
2.594053e+16
2.541002e+16
2.363823e+16
2.0746e+16
4.507799e+16
4.645463e+16
4.546914e+16
4.217865e+16
3.673514e+16
2.712041e+16
2.794846e+16
2.737457e+16
2.544281e+16
2.227861e+16
3.748311e+16
3.863772e+16
3.782984e+16
3.511332e+16
3.063172e+16
4.507801e+16
4.645464e+16
4.546916e+16
4.217866e+16
3.673516e+16
2.936376e+16
4.158205e+16
4.28297e+16
4.192502e+16
3.892071e+16
3.396512e+16
2.728127e+16
3.748309e+16
3.86377e+16
3.782982e+16
3.51133e+16
3.063171e+16
2.461056e+16
3.11487e+16
3.206642e+16
3.140258e+16
2.920198e+16
2.560271e+16
2.08395e+16
2.712041e+16
2.794845e+16
2.737456e+16
2.54428e+16
2.227861e+16
1.810252e+16
2.518961e+16
2.594056e+16
2.541005e+16
2.363825e+16
2.074603e+16
1.694301e+16
2.518962e+16
2.594056e+16
2.541005e+16
2.363825e+16
2.074602e+16
1.6943e+16
2.712045e+16
2.794849e+16
2.737459e+16
2.544283e+16
2.227863e+16
1.810254e+16
3.748316e+16
3.863777e+16
3.782987e+16
3.511335e+16
3.063174e+16
2.461059e+16
3.114874e+16
3.206646e+16
3.140262e+16
2.920201e+16
2.560274e+16
2.083952e+16
4.507805e+16
4.645468e+16
4.546919e+16
4.217869e+16
3.673517e+16
2.936377e+16
4.158213e+16
4.282977e+16
4.192508e+16
3.892076e+16
3.396515e+16
2.728129e+16
4.137878e+16
4.507803e+16
4.645465e+16
4.546916e+16
4.217866e+16
3.673514e+16
3.439958e+16
3.748315e+16
3.863775e+16
3.782986e+16
3.511333e+16
3.063172e+16
2.492148e+16
2.712044e+16
2.794848e+16
2.737458e+16
2.544281e+16
2.227861e+16
2.869459e+16
3.114872e+16
3.206644e+16
3.140259e+16
2.920198e+16
2.560271e+16
3.822639e+16
4.158209e+16
4.282973e+16
4.192504e+16
3.892072e+16
3.396512e+16
2.3193e+16
2.51896e+16
2.594054e+16
2.541003e+16
2.363823e+16
2.0746e+16
4.137877e+16
4.507802e+16
4.645464e+16
4.546915e+16
4.217865e+16
3.673513e+16
3.822638e+16
4.158208e+16
4.282971e+16
4.192502e+16
3.89207e+16
3.39651e+16
3.439954e+16
3.74831e+16
3.86377e+16
3.782981e+16
3.511329e+16
3.063169e+16
2.86946e+16
3.114872e+16
3.206644e+16
3.140259e+16
2.920197e+16
2.56027e+16
2.492147e+16
2.712042e+16
2.794846e+16
2.737456e+16
2.544279e+16
2.22786e+16
2.319303e+16
2.518962e+16
2.594057e+16
2.541005e+16
2.363825e+16
2.074602e+16
2.319301e+16
2.51896e+16
2.594055e+16
2.541003e+16
2.363823e+16
2.0746e+16
2.492148e+16
2.712044e+16
2.794847e+16
2.737457e+16
2.544281e+16
2.227861e+16
2.86946e+16
3.114873e+16
3.206644e+16
3.140259e+16
2.920198e+16
2.560271e+16
3.82264e+16
4.15821e+16
4.282973e+16
4.192504e+16
3.892072e+16
3.396512e+16
4.137877e+16
4.507803e+16
4.645465e+16
4.546916e+16
4.217865e+16
3.673514e+16
3.439958e+16
3.748314e+16
3.863774e+16
3.782985e+16
3.511332e+16
3.063171e+16
1.015733e-305
1.044346e-305
1.023128e-305
9.53531e-306
8.406905e-306
1.074963e-305
1.105633e-305
1.083152e-305
1.009144e-305
8.892432e-306
1.434989e-305
1.476051e-305
1.445505e-305
1.345257e-305
1.181884e-305
1.19091e-305
1.224543e-305
1.199467e-305
1.117283e-305
9.835905e-306
1.528636e-305
1.572882e-305
1.540232e-305
1.432778e-305
1.257638e-305
1.345228e-305
1.384185e-305
1.355736e-305
1.261858e-305
1.109235e-305
1.190913e-305
1.224546e-305
1.19947e-305
1.117286e-305
9.835929e-306
8.084746e-306
1.528637e-305
1.572883e-305
1.540233e-305
1.432779e-305
1.257639e-305
1.029009e-305
1.34523e-305
1.384187e-305
1.355738e-305
1.26186e-305
1.109237e-305
9.108462e-306
1.434991e-305
1.476053e-305
1.445507e-305
1.345259e-305
1.181886e-305
9.68088e-306
1.015735e-305
1.044348e-305
1.02313e-305
9.535332e-306
8.406925e-306
6.939094e-306
1.074965e-305
1.105635e-305
1.083155e-305
1.009146e-305
8.892454e-306
7.340282e-306
1.528639e-305
1.572884e-305
1.540234e-305
1.43278e-305
1.25764e-305
1.029009e-305
1.190912e-305
1.224545e-305
1.199469e-305
1.117284e-305
9.835917e-306
8.084736e-306
1.434991e-305
1.476053e-305
1.445507e-305
1.345258e-305
1.181885e-305
9.680875e-306
1.34523e-305
1.384187e-305
1.355738e-305
1.261859e-305
1.109236e-305
9.108458e-306
1.074965e-305
1.105634e-305
1.083154e-305
1.009145e-305
8.892442e-306
7.340272e-306
1.015734e-305
1.044347e-305
1.02313e-305
9.535323e-306
8.406915e-306
6.939086e-306
1.2413e-305
1.345229e-305
1.384186e-305
1.355736e-305
1.261858e-305
1.109235e-305
9.93376e-306
1.074963e-305
1.105633e-305
1.083152e-305
1.009144e-305
8.892432e-306
1.100961e-305
1.19091e-305
1.224543e-305
1.199467e-305
1.117283e-305
9.835905e-306
1.410101e-305
1.528637e-305
1.572882e-305
1.540232e-305
1.432778e-305
1.257638e-305
9.394942e-306
1.015733e-305
1.044346e-305
1.023128e-305
9.535311e-306
8.406905e-306
1.324901e-305
1.434989e-305
1.476051e-305
1.445505e-305
1.345257e-305
1.181884e-305
1.241303e-305
1.345231e-305
1.384188e-305
1.355738e-305
1.26186e-305
1.109236e-305
1.410103e-305
1.528639e-305
1.572884e-305
1.540233e-305
1.432779e-305
1.257639e-305
1.324904e-305
1.434993e-305
1.476054e-305
1.445508e-305
1.345259e-305
1.181886e-305
9.93379e-306
1.074966e-305
1.105636e-305
1.083155e-305
1.009146e-305
8.892451e-306
1.100965e-305
1.190914e-305
1.224547e-305
1.199471e-305
1.117286e-305
9.835927e-306
9.394973e-306
1.015736e-305
1.044349e-305
1.023131e-305
9.535334e-306
8.406923e-306
1.100962e-305
1.190911e-305
1.224544e-305
1.199468e-305
1.117283e-305
9.835906e-306
1.324902e-305
1.43499e-305
1.476052e-305
1.445506e-305
1.345257e-305
1.181884e-305
9.394951e-306
1.015734e-305
1.044346e-305
1.023129e-305
9.535313e-306
8.406906e-306
1.410102e-305
1.528638e-305
1.572883e-305
1.540233e-305
1.432779e-305
1.257639e-305
9.933768e-306
1.074964e-305
1.105634e-305
1.083153e-305
1.009144e-305
8.892433e-306
1.241301e-305
1.345229e-305
1.384186e-305
1.355737e-305
1.261858e-305
1.109235e-305
2.448488e-306
2.514702e-306
2.464044e-306
2.299459e-306
2.032631e-306
1.687163e-306
2.448488e-306
2.514702e-306
2.464044e-306
2.299459e-306
2.032631e-306
1.687163e-306
3.382687e-307
3.473326e-307
3.40356e-307
3.177637e-307
2.813103e-307
2.347097e-307
6.865333e-307
7.050055e-307
6.908255e-307
6.448367e-307
5.704686e-307
4.748852e-307
3.702311e-306
3.802856e-306
3.726047e-306
3.476143e-306
3.069482e-306
2.537078e-306
6.865333e-307
7.050055e-307
6.908255e-307
6.448367e-307
5.704686e-307
4.748852e-307
2.448488e-306
2.514701e-306
2.464043e-306
2.299458e-306
2.032629e-306
1.687161e-306
3.382688e-307
3.473327e-307
3.40356e-307
3.177637e-307
2.813102e-307
2.347096e-307
2.448488e-306
2.514702e-306
2.464044e-306
2.299458e-306
2.03263e-306
1.687162e-306
6.865333e-307
7.050054e-307
6.908254e-307
6.448365e-307
5.704683e-307
4.74885e-307
3.702311e-306
3.802855e-306
3.726046e-306
3.476141e-306
3.06948e-306
2.537076e-306
6.865336e-307
7.050057e-307
6.908256e-307
6.448367e-307
5.704685e-307
4.748851e-307
6.370437e-307
6.865329e-307
7.050049e-307
6.908248e-307
6.448358e-307
5.704676e-307
2.271094e-306
2.448484e-306
2.514698e-306
2.46404e-306
2.299455e-306
2.032626e-306
3.139855e-307
3.382684e-307
3.473322e-307
3.403556e-307
3.177633e-307
2.813098e-307
3.432565e-306
3.702306e-306
3.80285e-306
3.726041e-306
3.476136e-306
3.069476e-306
2.271093e-306
2.448484e-306
2.514698e-306
2.46404e-306
2.299455e-306
2.032627e-306
6.370435e-307
6.865328e-307
7.050049e-307
6.908248e-307
6.448359e-307
5.704678e-307
3.139864e-307
3.382693e-307
3.473331e-307
3.403563e-307
3.177639e-307
2.813103e-307
3.432576e-306
3.702316e-306
3.80286e-306
3.72605e-306
3.476144e-306
3.069482e-306
6.370454e-307
6.865347e-307
7.050066e-307
6.908263e-307
6.448371e-307
5.704687e-307
2.271101e-306
2.448491e-306
2.514704e-306
2.464046e-306
2.29946e-306
2.03263e-306
2.271101e-306
2.448491e-306
2.514704e-306
2.464046e-306
2.29946e-306
2.032631e-306
6.370451e-307
6.865343e-307
7.050063e-307
6.908261e-307
6.44837e-307
5.704686e-307
3.139858e-307
3.382687e-307
3.473324e-307
3.403557e-307
3.177634e-307
2.813099e-307
2.271097e-306
2.448487e-306
2.5147e-306
2.464041e-306
2.299456e-306
2.032627e-306
6.370439e-307
6.865331e-307
7.05005e-307
6.908249e-307
6.448359e-307
5.704677e-307
2.271097e-306
2.448487e-306
2.5147e-306
2.464041e-306
2.299456e-306
2.032627e-306
3.432569e-306
3.702309e-306
3.802852e-306
3.726043e-306
3.476137e-306
3.069476e-306
6.37044e-307
6.865332e-307
7.050052e-307
6.90825e-307
6.44836e-307
5.704678e-307
3.382685e-307
3.473323e-307
3.403556e-307
3.177633e-307
2.813098e-307
2.448484e-306
2.514698e-306
2.46404e-306
2.299455e-306
2.032627e-306
3.702306e-306
3.80285e-306
3.726041e-306
3.476136e-306
3.069476e-306
6.865328e-307
7.050048e-307
6.908248e-307
6.448358e-307
5.704677e-307
6.865326e-307
7.050047e-307
6.908247e-307
6.448358e-307
5.704677e-307
2.448484e-306
2.514698e-306
2.46404e-306
2.299455e-306
2.032627e-306
3.101698e-306
3.186242e-306
3.122017e-306
2.912843e-306
2.573322e-306
2.130569e-306
1.09007e-306
1.119783e-306
1.097277e-306
1.023945e-306
9.051283e-307
7.506737e-307
5.950566e-306
6.114549e-306
5.9909e-306
5.587011e-306
4.929642e-306
4.063026e-306
4.281308e-306
4.40057e-306
4.312139e-306
4.022194e-306
3.552845e-306
2.941611e-306
1.323199e-306
1.359753e-306
1.332479e-306
1.243235e-306
1.0988e-306
9.107736e-307
7.220885e-306
7.422196e-306
7.272125e-306
6.78068e-306
5.983767e-306
4.943263e-306
5.950565e-306
6.114546e-306
5.990897e-306
5.587008e-306
4.929638e-306
4.063023e-306
3.101697e-306
3.186241e-306
3.122016e-306
2.912842e-306
2.573321e-306
2.130568e-306
7.220884e-306
7.422194e-306
7.272122e-306
6.780678e-306
5.983764e-306
4.943261e-306
1.323201e-306
1.359754e-306
1.33248e-306
1.243235e-306
1.0988e-306
9.107738e-307
4.28131e-306
4.400572e-306
4.31214e-306
4.022194e-306
3.552846e-306
2.941611e-306
1.090071e-306
1.119784e-306
1.097277e-306
1.023945e-306
9.051284e-307
7.506737e-307
7.220868e-306
7.42218e-306
7.272109e-306
6.780666e-306
5.983754e-306
4.281299e-306
4.400561e-306
4.31213e-306
4.022185e-306
3.552838e-306
1.323197e-306
1.359751e-306
1.332477e-306
1.243233e-306
1.098798e-306
5.950552e-306
6.114535e-306
5.990886e-306
5.586998e-306
4.92963e-306
3.101691e-306
3.186236e-306
3.122012e-306
2.912838e-306
2.573317e-306
1.090068e-306
1.119782e-306
1.097275e-306
1.023943e-306
9.051266e-307
3.964624e-306
4.281311e-306
4.400572e-306
4.31214e-306
4.022194e-306
3.552845e-306
1.010792e-306
1.090071e-306
1.119785e-306
1.097278e-306
1.023945e-306
9.051282e-307
1.226091e-306
1.3232e-306
1.359753e-306
1.33248e-306
1.243235e-306
1.0988e-306
2.875653e-306
3.101701e-306
3.186244e-306
3.122019e-306
2.912844e-306
2.573322e-306
5.512297e-306
5.950572e-306
6.114553e-306
5.990902e-306
5.587012e-306
4.929641e-306
6.684716e-306
7.220889e-306
7.422199e-306
7.272126e-306
6.78068e-306
5.983766e-306
2.875648e-306
3.101696e-306
3.186239e-306
3.122014e-306
2.91284e-306
2.573318e-306
1.01079e-306
1.09007e-306
1.119783e-306
1.097277e-306
1.023944e-306
9.051273e-307
1.226091e-306
1.3232e-306
1.359753e-306
1.332479e-306
1.243234e-306
1.098799e-306
5.512288e-306
5.950562e-306
6.114543e-306
5.990892e-306
5.587003e-306
4.929633e-306
3.964621e-306
4.281308e-306
4.400569e-306
4.312137e-306
4.02219e-306
3.552842e-306
6.684709e-306
7.220881e-306
7.42219e-306
7.272117e-306
6.780672e-306
5.983758e-306
2.875644e-306
3.101692e-306
3.186236e-306
3.122012e-306
2.912838e-306
2.573317e-306
1.010788e-306
1.090068e-306
1.119782e-306
1.097275e-306
1.023943e-306
9.051264e-307
1.226089e-306
1.323198e-306
1.359751e-306
1.332478e-306
1.243233e-306
1.098798e-306
5.512279e-306
5.950555e-306
6.114537e-306
5.990888e-306
5.586999e-306
4.92963e-306
3.964614e-306
4.281301e-306
4.400563e-306
4.312132e-306
4.022186e-306
3.552838e-306
6.684699e-306
7.220872e-306
7.422182e-306
7.27211e-306
6.780666e-306
5.983754e-306
1.549227e-306
1.594748e-306
1.563018e-306
1.456952e-306
1.286101e-306
1.069344e-306
4.78661e-306
4.92896e-306
4.830486e-306
4.500233e-306
3.967254e-306
3.29024e-306
1.503513e-306
1.546317e-306
1.515445e-306
1.413394e-306
1.248732e-306
1.036902e-306
8.129639e-306
8.368927e-306
8.200062e-306
7.636833e-306
6.723581e-306
5.544747e-306
4.554638e-306
4.683425e-306
4.589435e-306
4.279793e-306
3.779286e-306
3.131568e-306
8.151e-306
8.384639e-306
8.215345e-306
7.656096e-306
6.751177e-306
5.582282e-306
1.549226e-306
1.594747e-306
1.563017e-306
1.456951e-306
1.2861e-306
1.069343e-306
4.786606e-306
4.928955e-306
4.830481e-306
4.500227e-306
3.967249e-306
3.290236e-306
1.503513e-306
1.546317e-306
1.515446e-306
1.413394e-306
1.248732e-306
1.036902e-306
4.554642e-306
4.683428e-306
4.589438e-306
4.279795e-306
3.779287e-306
3.131569e-306
8.129638e-306
8.368926e-306
8.20006e-306
7.636831e-306
6.723578e-306
5.544745e-306
8.151003e-306
8.384641e-306
8.215346e-306
7.656095e-306
6.751176e-306
5.582281e-306
4.554629e-306
4.683415e-306
4.589426e-306
4.279784e-306
3.779277e-306
8.150983e-306
8.384621e-306
8.215328e-306
7.656079e-306
6.751162e-306
4.786601e-306
4.92895e-306
4.830477e-306
4.500223e-306
3.967245e-306
1.503509e-306
1.546313e-306
1.515442e-306
1.413391e-306
1.248729e-306
8.129623e-306
8.368911e-306
8.200045e-306
7.636817e-306
6.723566e-306
1.549224e-306
1.594744e-306
1.563015e-306
1.456949e-306
1.286099e-306
1.429534e-306
1.549228e-306
1.594749e-306
1.563019e-306
1.456952e-306
1.286101e-306
1.390477e-306
1.503514e-306
1.546317e-306
1.515446e-306
1.413394e-306
1.248732e-306
4.213558e-306
4.554641e-306
4.683427e-306
4.589436e-306
4.279793e-306
3.779285e-306
4.412097e-306
4.786614e-306
4.928963e-306
4.830488e-306
4.500233e-306
3.967253e-306
7.531549e-306
8.151007e-306
8.384644e-306
8.215348e-306
7.656096e-306
6.751176e-306
7.496771e-306
8.129645e-306
8.368932e-306
8.200064e-306
7.636834e-306
6.72358e-306
7.53154e-306
8.150997e-306
8.384634e-306
8.215338e-306
7.656087e-306
6.751168e-306
7.49676e-306
8.129633e-306
8.36892e-306
8.200053e-306
7.636823e-306
6.723571e-306
4.213555e-306
4.554638e-306
4.683424e-306
4.589433e-306
4.27979e-306
3.779282e-306
4.412087e-306
4.786603e-306
4.928952e-306
4.830477e-306
4.500223e-306
3.967245e-306
1.390476e-306
1.503512e-306
1.546316e-306
1.515444e-306
1.413393e-306
1.24873e-306
1.429531e-306
1.549225e-306
1.594746e-306
1.563016e-306
1.456949e-306
1.286099e-306
4.412087e-306
4.786603e-306
4.928951e-306
4.830477e-306
4.500223e-306
3.967244e-306
7.496755e-306
8.129627e-306
8.368914e-306
8.200046e-306
7.636817e-306
6.723565e-306
1.429531e-306
1.549225e-306
1.594745e-306
1.563015e-306
1.456949e-306
1.286099e-306
7.531532e-306
8.150989e-306
8.384626e-306
8.21533e-306
7.656081e-306
6.751162e-306
1.390474e-306
1.50351e-306
1.546314e-306
1.515443e-306
1.413392e-306
1.248729e-306
4.213549e-306
4.554632e-306
4.683417e-306
4.589427e-306
4.279785e-306
3.779278e-306
1.688237e-306
1.740772e-306
1.706239e-306
1.588409e-306
1.398841e-306
1.162302e-306
5.216219e-306
5.37929e-306
5.271837e-306
4.905035e-306
4.312651e-306
3.567511e-306
4.970072e-306
5.121558e-306
5.019205e-306
4.672964e-306
4.113777e-306
3.406592e-306
9.06311e-306
9.346263e-306
9.157193e-306
8.513348e-306
7.46604e-306
6.122754e-306
1.639669e-306
1.689898e-306
1.656357e-306
1.542561e-306
1.359456e-306
1.130165e-306
8.785957e-306
9.057148e-306
8.874072e-306
8.253249e-306
7.243989e-306
5.948143e-306
1.688229e-306
1.740764e-306
1.706231e-306
1.588402e-306
1.398834e-306
1.162296e-306
5.21621e-306
5.37928e-306
5.271827e-306
4.905026e-306
4.312643e-306
3.567504e-306
1.639662e-306
1.68989e-306
1.656349e-306
1.542553e-306
1.359449e-306
1.130159e-306
9.063114e-306
9.346267e-306
9.157196e-306
8.51335e-306
7.466041e-306
6.122755e-306
4.970054e-306
5.121539e-306
5.019186e-306
4.672946e-306
4.11376e-306
3.406579e-306
8.785955e-306
9.057145e-306
8.874068e-306
8.253245e-306
7.243985e-306
5.948141e-306
4.970064e-306
5.121549e-306
5.019195e-306
4.672954e-306
4.113767e-306
1.639667e-306
1.689894e-306
1.656354e-306
1.542557e-306
1.359452e-306
5.216226e-306
5.379295e-306
5.271842e-306
4.905039e-306
4.312653e-306
8.785961e-306
9.05715e-306
8.874073e-306
8.253248e-306
7.243986e-306
1.688233e-306
1.740768e-306
1.706235e-306
1.588405e-306
1.398837e-306
9.063134e-306
9.346286e-306
9.157214e-306
8.513365e-306
7.466054e-306
4.572535e-306
4.970077e-306
5.121562e-306
5.019207e-306
4.672965e-306
4.113776e-306
8.07196e-306
8.785968e-306
9.057156e-306
8.874077e-306
8.253252e-306
7.243989e-306
8.318639e-306
9.063122e-306
9.346272e-306
9.157199e-306
8.513351e-306
7.46604e-306
1.508314e-306
1.639672e-306
1.689899e-306
1.656359e-306
1.542561e-306
1.359456e-306
1.551145e-306
1.688239e-306
1.740773e-306
1.70624e-306
1.58841e-306
1.398841e-306
4.789729e-306
5.216226e-306
5.379295e-306
5.271841e-306
4.905037e-306
4.312651e-306
4.572513e-306
4.970053e-306
5.121537e-306
5.019183e-306
4.672943e-306
4.113757e-306
8.071948e-306
8.785954e-306
9.057142e-306
8.874064e-306
8.25324e-306
7.243979e-306
8.318631e-306
9.063114e-306
9.346264e-306
9.157191e-306
8.513344e-306
7.466035e-306
1.508304e-306
1.639661e-306
1.689889e-306
1.656348e-306
1.542552e-306
1.359447e-306
4.789715e-306
5.21621e-306
5.379279e-306
5.271826e-306
4.905023e-306
4.312639e-306
1.551136e-306
1.688229e-306
1.740763e-306
1.70623e-306
1.588401e-306
1.398833e-306
4.572523e-306
4.970064e-306
5.121549e-306
5.019194e-306
4.672953e-306
4.113766e-306
1.508309e-306
1.639667e-306
1.689894e-306
1.656354e-306
1.542557e-306
1.359452e-306
4.789728e-306
5.216224e-306
5.379293e-306
5.271839e-306
4.905036e-306
4.312651e-306
8.071955e-306
8.785962e-306
9.057149e-306
8.874071e-306
8.253246e-306
7.243983e-306
1.55114e-306
1.688233e-306
1.740767e-306
1.706234e-306
1.588405e-306
1.398836e-306
8.318649e-306
9.063132e-306
9.346283e-306
9.15721e-306
8.513361e-306
7.466049e-306
8.785943e-306
9.057133e-306
8.874057e-306
8.253235e-306
7.243977e-306
4.970046e-306
5.121532e-306
5.019179e-306
4.67294e-306
4.113755e-306
5.216203e-306
5.379273e-306
5.271821e-306
4.90502e-306
4.312638e-306
3.567501e-306
9.063102e-306
9.346255e-306
9.157185e-306
8.51334e-306
7.466033e-306
6.122748e-306
1.639659e-306
1.689887e-306
1.656347e-306
1.542551e-306
1.359447e-306
1.130158e-306
1.688226e-306
1.740761e-306
1.706229e-306
1.5884e-306
1.398832e-306
1.162295e-306
1.639672e-306
1.6899e-306
1.656359e-306
1.542562e-306
1.359457e-306
1.130166e-306
4.970077e-306
5.121563e-306
5.019209e-306
4.672968e-306
4.11378e-306
3.406595e-306
9.06312e-306
9.346272e-306
9.157202e-306
8.513356e-306
7.466047e-306
6.122759e-306
1.688238e-306
1.740773e-306
1.70624e-306
1.588411e-306
1.398842e-306
1.162303e-306
8.785965e-306
9.057156e-306
8.87408e-306
8.253256e-306
7.243995e-306
5.948148e-306
5.216224e-306
5.379294e-306
5.271842e-306
4.90504e-306
4.312655e-306
3.567514e-306
9.063137e-306
9.346289e-306
9.157216e-306
8.513368e-306
7.466055e-306
6.122765e-306
8.785965e-306
9.057154e-306
8.874076e-306
8.253252e-306
7.24399e-306
5.948143e-306
4.970068e-306
5.121553e-306
5.019198e-306
4.672957e-306
4.11377e-306
3.406586e-306
5.216225e-306
5.379295e-306
5.271842e-306
4.905039e-306
4.312654e-306
3.567513e-306
1.688234e-306
1.740769e-306
1.706236e-306
1.588406e-306
1.398838e-306
1.162299e-306
1.639668e-306
1.689896e-306
1.656355e-306
1.542558e-306
1.359453e-306
1.130163e-306
4.789714e-306
5.21621e-306
5.379279e-306
5.271825e-306
4.905022e-306
4.312638e-306
1.508304e-306
1.639661e-306
1.689889e-306
1.656348e-306
1.542552e-306
1.359447e-306
8.071947e-306
8.785953e-306
9.05714e-306
8.874062e-306
8.253238e-306
7.243977e-306
8.31863e-306
9.063112e-306
9.346263e-306
9.15719e-306
8.513343e-306
7.466033e-306
1.551135e-306
1.688228e-306
1.740762e-306
1.70623e-306
1.5884e-306
1.398832e-306
4.572511e-306
4.970051e-306
5.121535e-306
5.019181e-306
4.672941e-306
4.113755e-306
4.789729e-306
5.216226e-306
5.379295e-306
5.271841e-306
4.905038e-306
4.312652e-306
1.508314e-306
1.639672e-306
1.6899e-306
1.656359e-306
1.542562e-306
1.359456e-306
8.071962e-306
8.78597e-306
9.057157e-306
8.874079e-306
8.253253e-306
7.24399e-306
8.318638e-306
9.063122e-306
9.346273e-306
9.1572e-306
8.513352e-306
7.466041e-306
1.551144e-306
1.688238e-306
1.740773e-306
1.70624e-306
1.58841e-306
1.398841e-306
4.572536e-306
4.970078e-306
5.121563e-306
5.019209e-306
4.672966e-306
4.113777e-306
8.318649e-306
9.063133e-306
9.346283e-306
9.15721e-306
8.513361e-306
7.466049e-306
4.789726e-306
5.216223e-306
5.379293e-306
5.271839e-306
4.905036e-306
4.312651e-306
8.071954e-306
8.785961e-306
9.057148e-306
8.87407e-306
8.253245e-306
7.243983e-306
4.572524e-306
4.970065e-306
5.121549e-306
5.019195e-306
4.672954e-306
4.113766e-306
1.55114e-306
1.688233e-306
1.740768e-306
1.706235e-306
1.588405e-306
1.398837e-306
1.50831e-306
1.639667e-306
1.689895e-306
1.656354e-306
1.542557e-306
1.359452e-306
1.549224e-306
1.594744e-306
1.563014e-306
1.456948e-306
1.286099e-306
4.786597e-306
4.928947e-306
4.830474e-306
4.500221e-306
3.967243e-306
1.50351e-306
1.546314e-306
1.515443e-306
1.413392e-306
1.24873e-306
4.554633e-306
4.683419e-306
4.589429e-306
4.279788e-306
3.779281e-306
8.129624e-306
8.368912e-306
8.200047e-306
7.63682e-306
6.723569e-306
8.150986e-306
8.384624e-306
8.215331e-306
7.656082e-306
6.751165e-306
4.55464e-306
4.683427e-306
4.589437e-306
4.279795e-306
3.779287e-306
3.131569e-306
1.503513e-306
1.546317e-306
1.515446e-306
1.413395e-306
1.248732e-306
1.036902e-306
8.129644e-306
8.368933e-306
8.200066e-306
7.636837e-306
6.723584e-306
5.54475e-306
4.786612e-306
4.928962e-306
4.830489e-306
4.500235e-306
3.967256e-306
3.290242e-306
1.549228e-306
1.594748e-306
1.563019e-306
1.456952e-306
1.286102e-306
1.069344e-306
8.151005e-306
8.384644e-306
8.215349e-306
7.656099e-306
6.75118e-306
5.582285e-306
4.786606e-306
4.928955e-306
4.830481e-306
4.500227e-306
3.967248e-306
3.290236e-306
1.549226e-306
1.594747e-306
1.563017e-306
1.45695e-306
1.2861e-306
1.069342e-306
1.503512e-306
1.546316e-306
1.515444e-306
1.413393e-306
1.248731e-306
1.036901e-306
8.129633e-306
8.36892e-306
8.200054e-306
7.636825e-306
6.723573e-306
5.54474e-306
8.150997e-306
8.384635e-306
8.215339e-306
7.656089e-306
6.75117e-306
5.582276e-306
4.554637e-306
4.683423e-306
4.589433e-306
4.27979e-306
3.779283e-306
3.131565e-306
4.412085e-306
4.786601e-306
4.92895e-306
4.830476e-306
4.500222e-306
3.967243e-306
1.42953e-306
1.549224e-306
1.594745e-306
1.563015e-306
1.456948e-306
1.286098e-306
7.496757e-306
8.12963e-306
8.368917e-306
8.20005e-306
7.636821e-306
6.723569e-306
4.213552e-306
4.554635e-306
4.683421e-306
4.58943e-306
4.279788e-306
3.779281e-306
1.390474e-306
1.503511e-306
1.546314e-306
1.515443e-306
1.413392e-306
1.24873e-306
7.531533e-306
8.15099e-306
8.384628e-306
8.215333e-306
7.656083e-306
6.751165e-306
1.390478e-306
1.503515e-306
1.546318e-306
1.515447e-306
1.413395e-306
1.248732e-306
1.429535e-306
1.549229e-306
1.594749e-306
1.563019e-306
1.456952e-306
1.286102e-306
4.213561e-306
4.554644e-306
4.68343e-306
4.589438e-306
4.279795e-306
3.779286e-306
7.496775e-306
8.129649e-306
8.368936e-306
8.200067e-306
7.636836e-306
6.723581e-306
4.412098e-306
4.786615e-306
4.928964e-306
4.830489e-306
4.500234e-306
3.967254e-306
7.531552e-306
8.15101e-306
8.384647e-306
8.215351e-306
7.656099e-306
6.751177e-306
7.531535e-306
8.150991e-306
8.384628e-306
8.215332e-306
7.656082e-306
6.751163e-306
4.21355e-306
4.554633e-306
4.683419e-306
4.589428e-306
4.279785e-306
3.779278e-306
1.390475e-306
1.503511e-306
1.546314e-306
1.515443e-306
1.413392e-306
1.248729e-306
7.496756e-306
8.129628e-306
8.368914e-306
8.200047e-306
7.636818e-306
6.723566e-306
1.429532e-306
1.549226e-306
1.594746e-306
1.563016e-306
1.456949e-306
1.286099e-306
4.412088e-306
4.786604e-306
4.928952e-306
4.830477e-306
4.500224e-306
3.967245e-306
1.090069e-306
1.119782e-306
1.097276e-306
1.023944e-306
9.05127e-307
1.323198e-306
1.359751e-306
1.332478e-306
1.243233e-306
1.098799e-306
3.101693e-306
3.186236e-306
3.122012e-306
2.912838e-306
2.573317e-306
4.2813e-306
4.400563e-306
4.312132e-306
4.022187e-306
3.55284e-306
5.950554e-306
6.114536e-306
5.990887e-306
5.586999e-306
4.929631e-306
7.220869e-306
7.42218e-306
7.272109e-306
6.780666e-306
5.983755e-306
3.101697e-306
3.186241e-306
3.122017e-306
2.912843e-306
2.573322e-306
2.13057e-306
1.09007e-306
1.119783e-306
1.097277e-306
1.023945e-306
9.051283e-307
7.506739e-307
4.281308e-306
4.40057e-306
4.31214e-306
4.022194e-306
3.552846e-306
2.941612e-306
5.950565e-306
6.114548e-306
5.990899e-306
5.587011e-306
4.929642e-306
4.063027e-306
7.220884e-306
7.422195e-306
7.272124e-306
6.780681e-306
5.983768e-306
4.943264e-306
1.323199e-306
1.359753e-306
1.33248e-306
1.243235e-306
1.0988e-306
9.107739e-307
1.09007e-306
1.119784e-306
1.097277e-306
1.023945e-306
9.051278e-307
7.506732e-307
3.101697e-306
3.186241e-306
3.122016e-306
2.912842e-306
2.573321e-306
2.130568e-306
5.950564e-306
6.114545e-306
5.990896e-306
5.587007e-306
4.929637e-306
4.063022e-306
1.3232e-306
1.359753e-306
1.33248e-306
1.243235e-306
1.0988e-306
9.107732e-307
4.281307e-306
4.400569e-306
4.312137e-306
4.022191e-306
3.552843e-306
2.941608e-306
7.220882e-306
7.422192e-306
7.27212e-306
6.780675e-306
5.983762e-306
4.943259e-306
6.684701e-306
7.220873e-306
7.422183e-306
7.272111e-306
6.780667e-306
5.983755e-306
5.51228e-306
5.950555e-306
6.114536e-306
5.990887e-306
5.586999e-306
4.929631e-306
2.875645e-306
3.101693e-306
3.186236e-306
3.122012e-306
2.912838e-306
2.573317e-306
3.964615e-306
4.281302e-306
4.400564e-306
4.312133e-306
4.022187e-306
3.55284e-306
1.010789e-306
1.090069e-306
1.119783e-306
1.097276e-306
1.023944e-306
9.05127e-307
1.226089e-306
1.323198e-306
1.359752e-306
1.332478e-306
1.243234e-306
1.098799e-306
6.684721e-306
7.220894e-306
7.422203e-306
7.27213e-306
6.780683e-306
5.983767e-306
5.512299e-306
5.950574e-306
6.114555e-306
5.990904e-306
5.587013e-306
4.929642e-306
2.875654e-306
3.101702e-306
3.186245e-306
3.12202e-306
2.912845e-306
2.573323e-306
3.964625e-306
4.281313e-306
4.400574e-306
4.312142e-306
4.022195e-306
3.552846e-306
1.010792e-306
1.090072e-306
1.119785e-306
1.097278e-306
1.023946e-306
9.051285e-307
1.226092e-306
1.323201e-306
1.359754e-306
1.332481e-306
1.243236e-306
1.0988e-306
3.964617e-306
4.281303e-306
4.400565e-306
4.312133e-306
4.022187e-306
3.552839e-306
2.875647e-306
3.101695e-306
3.186238e-306
3.122013e-306
2.912839e-306
2.573318e-306
1.010789e-306
1.090069e-306
1.119782e-306
1.097276e-306
1.023943e-306
9.051266e-307
1.226089e-306
1.323198e-306
1.359751e-306
1.332478e-306
1.243233e-306
1.098798e-306
5.512286e-306
5.95056e-306
6.114541e-306
5.99089e-306
5.587001e-306
4.929632e-306
6.684705e-306
7.220876e-306
7.422186e-306
7.272113e-306
6.780668e-306
5.983755e-306
)
;

boundaryField
{
    top
    {
        type            zeroGradient;
    }
    bottom
    {
        type            zeroGradient;
    }
    defaultFaces
    {
        type            zeroGradient;
    }
    procBoundary2to1
    {
        type            processor;
        value           nonuniform List<scalar> 
1043
(
3.244332e-305
3.757284e-305
3.244332e-305
3.757284e-305
3.757284e-305
3.757283e-305
3.757283e-305
3.244332e-305
7.490738e+16
7.490737e+16
7.242959e+16
7.423174e+16
7.423173e+16
7.475976e+16
7.490739e+16
7.24296e+16
7.423175e+16
7.475977e+16
7.423174e+16
7.490738e+16
6.248038e+16
7.423174e+16
6.396736e+16
7.490737e+16
7.490737e+16
7.423174e+16
6.43769e+16
6.45027e+16
6.450269e+16
6.248037e+16
6.396735e+16
6.450269e+16
6.437688e+16
6.396735e+16
6.450269e+16
6.396735e+16
6.450269e+16
6.437688e+16
6.248036e+16
6.396734e+16
7.242958e+16
7.242958e+16
6.396735e+16
7.475972e+16
7.475972e+16
7.423172e+16
6.450269e+16
7.490735e+16
7.208912e+16
6.53317e+16
6.862536e+16
7.334725e+16
7.208911e+16
6.862535e+16
6.533172e+16
7.208913e+16
7.208913e+16
6.862537e+16
6.862537e+16
7.334726e+16
6.320529e+16
7.20891e+16
6.216472e+16
7.20891e+16
5.932338e+16
6.862533e+16
6.862533e+16
5.663608e+16
5.932338e+16
5.932337e+16
6.216471e+16
6.216471e+16
5.663608e+16
6.320528e+16
6.216471e+16
6.320527e+16
6.216471e+16
5.932337e+16
5.932337e+16
5.663607e+16
7.334721e+16
7.334721e+16
7.208908e+16
6.533165e+16
6.533165e+16
6.216471e+16
6.862531e+16
5.932336e+16
7.320007e+16
7.460974e+16
7.460973e+16
7.320009e+16
7.180424e+16
7.180425e+16
7.320012e+16
7.180428e+16
7.460977e+16
7.180428e+16
7.460977e+16
7.320011e+16
7.460976e+16
7.460975e+16
7.320011e+16
7.320009e+16
7.180427e+16
7.180426e+16
6.305818e+16
6.187149e+16
6.423705e+16
6.187149e+16
6.423706e+16
6.305817e+16
6.423705e+16
6.305816e+16
6.187148e+16
6.305817e+16
6.423705e+16
6.187148e+16
6.423704e+16
6.423705e+16
6.305816e+16
6.187148e+16
6.305816e+16
6.187148e+16
3.363654e-305
3.200472e-305
3.140212e-305
3.310896e-305
3.310896e-305
3.200472e-305
3.310897e-305
3.140213e-305
3.200473e-305
3.363655e-305
3.310897e-305
3.200473e-305
2.781641e-305
2.877236e-305
2.729752e-305
3.20047e-305
3.20047e-305
2.922931e-305
3.310894e-305
3.310894e-305
2.922931e-305
2.729753e-305
2.877236e-305
2.877236e-305
2.781641e-305
2.781641e-305
2.781641e-305
2.781641e-305
2.729752e-305
2.877236e-305
2.922931e-305
2.877236e-305
3.200469e-305
3.140208e-305
3.140208e-305
2.78164e-305
3.310893e-305
3.363651e-305
3.363651e-305
2.877235e-305
6.737896e+16
6.312416e+16
6.932855e+16
6.774497e+16
6.329999e+16
6.513286e+16
6.51329e+16
6.330001e+16
6.312419e+16
6.774501e+16
6.932859e+16
6.737898e+16
6.774499e+16
6.932856e+16
6.513288e+16
6.312415e+16
6.737894e+16
6.329998e+16
5.979801e+16
5.839659e+16
5.824972e+16
5.614807e+16
5.472344e+16
5.470527e+16
5.9798e+16
5.472343e+16
5.614806e+16
5.470526e+16
5.824971e+16
5.839658e+16
5.614806e+16
5.9798e+16
5.824971e+16
5.839657e+16
5.470525e+16
5.472342e+16
6.513284e+16
6.932853e+16
6.774496e+16
6.737892e+16
6.329995e+16
6.312412e+16
6.312418e+16
6.330001e+16
6.737897e+16
6.932858e+16
6.513289e+16
6.774501e+16
6.51329e+16
6.7745e+16
6.932858e+16
6.330002e+16
6.312419e+16
6.737898e+16
5.614807e+16
5.472344e+16
5.470526e+16
5.824972e+16
5.839658e+16
5.979801e+16
5.614807e+16
5.979801e+16
5.824972e+16
5.472344e+16
5.839658e+16
5.470527e+16
5.9798e+16
5.824972e+16
5.472344e+16
5.839658e+16
5.470527e+16
5.614807e+16
4.622063e+16
4.895137e+16
5.537524e+16
5.35748e+16
5.35748e+16
4.895136e+16
4.89514e+16
5.357483e+16
4.89514e+16
4.622066e+16
5.537526e+16
5.357482e+16
4.895132e+16
4.895132e+16
4.803714e+16
5.357475e+16
5.357475e+16
3.987294e+16
4.223872e+16
4.633533e+16
4.223875e+16
4.803715e+16
3.987296e+16
4.633535e+16
4.633534e+16
4.223874e+16
4.803715e+16
4.223874e+16
4.633534e+16
4.633534e+16
4.223874e+16
3.987295e+16
4.622058e+16
4.622058e+16
5.357474e+16
4.895131e+16
4.223871e+16
5.537517e+16
5.537517e+16
4.633531e+16
6.064538e+16
5.383639e+16
5.93748e+16
5.594398e+16
5.830413e+16
5.553405e+16
5.937483e+16
5.383643e+16
5.594401e+16
6.06454e+16
5.830416e+16
5.553408e+16
5.937481e+16
5.830411e+16
5.383638e+16
6.064536e+16
5.553403e+16
5.594399e+16
5.110917e+16
4.799799e+16
4.636081e+16
5.239189e+16
4.808524e+16
5.054535e+16
5.054534e+16
5.239189e+16
4.799799e+16
5.110917e+16
4.636081e+16
4.808525e+16
5.054532e+16
5.239187e+16
4.636079e+16
4.799796e+16
5.110915e+16
4.808523e+16
5.825032e+16
6.063026e+16
6.335836e+16
6.063025e+16
5.825031e+16
6.335837e+16
5.825036e+16
5.825036e+16
6.06303e+16
6.06303e+16
6.335841e+16
6.335841e+16
6.063029e+16
5.825036e+16
6.33584e+16
6.335841e+16
5.825037e+16
6.063032e+16
5.451795e+16
5.210666e+16
5.451794e+16
4.995431e+16
4.995431e+16
5.210665e+16
4.995431e+16
5.210665e+16
5.451794e+16
4.995431e+16
5.451794e+16
5.210666e+16
4.995431e+16
4.99543e+16
5.210665e+16
5.210665e+16
5.451794e+16
5.451794e+16
5.383635e+16
5.594395e+16
5.830408e+16
5.5534e+16
5.937477e+16
6.064534e+16
5.5944e+16
6.064539e+16
5.830414e+16
5.937481e+16
5.38364e+16
5.553406e+16
5.830417e+16
6.064541e+16
5.553409e+16
5.937485e+16
5.383645e+16
5.594404e+16
5.054534e+16
4.799798e+16
5.239189e+16
5.110917e+16
4.636081e+16
4.808525e+16
5.054535e+16
5.23919e+16
4.636082e+16
4.799799e+16
5.110918e+16
4.808525e+16
5.054534e+16
4.799799e+16
5.239189e+16
5.110917e+16
4.808525e+16
4.636081e+16
3.22115e+16
3.012892e+16
4.126609e+16
4.126609e+16
3.22115e+16
4.561206e+16
3.012894e+16
3.221155e+16
4.126617e+16
3.221154e+16
4.561213e+16
4.126617e+16
2.795828e+16
4.126607e+16
1.324901e-305
4.126607e+16
4.126607e+16
2.795827e+16
2.617781e+16
3.936749e+16
3.565379e+16
3.936752e+16
3.565381e+16
3.565381e+16
2.79583e+16
2.795831e+16
2.617788e+16
2.79583e+16
3.565382e+16
2.617785e+16
2.79583e+16
3.936752e+16
3.565382e+16
4.126608e+16
4.126608e+16
4.561204e+16
3.221147e+16
3.221147e+16
4.126609e+16
3.221149e+16
3.012888e+16
4.436312e+16
3.739851e+16
5.270416e+16
4.312335e+16
5.604756e+16
5.208224e+16
5.604759e+16
5.270419e+16
4.436318e+16
3.739859e+16
4.312341e+16
5.208228e+16
4.43631e+16
5.270412e+16
3.739853e+16
4.312336e+16
5.604754e+16
5.208224e+16
4.820648e+16
3.827758e+16
4.472568e+16
3.71143e+16
3.232788e+16
4.540334e+16
4.820647e+16
4.472568e+16
3.711432e+16
4.540333e+16
3.232792e+16
3.827759e+16
4.820645e+16
4.472566e+16
4.540331e+16
3.71143e+16
3.827756e+16
3.23279e+16
5.812539e+16
5.143887e+16
4.99319e+16
6.265506e+16
5.510436e+16
6.123504e+16
5.143893e+16
5.812544e+16
5.510441e+16
6.123508e+16
6.265512e+16
4.993194e+16
5.143892e+16
4.993193e+16
5.510438e+16
5.812544e+16
6.123507e+16
6.265511e+16
4.970193e+16
4.274048e+16
5.365033e+16
5.24917e+16
4.722096e+16
4.39749e+16
5.24917e+16
4.722096e+16
4.970193e+16
4.397491e+16
5.365033e+16
4.274048e+16
4.970193e+16
5.365033e+16
4.39749e+16
5.249169e+16
4.722096e+16
4.274048e+16
5.143887e+16
6.123502e+16
5.812538e+16
5.510433e+16
4.993188e+16
6.265506e+16
6.123507e+16
5.510438e+16
4.993193e+16
6.26551e+16
5.143892e+16
5.812544e+16
5.812546e+16
5.143894e+16
6.265514e+16
4.993196e+16
6.123511e+16
5.510442e+16
5.365035e+16
4.970193e+16
5.24917e+16
4.722096e+16
4.397491e+16
4.274048e+16
4.722097e+16
4.274049e+16
5.24917e+16
4.397491e+16
5.365034e+16
4.970193e+16
4.970193e+16
5.365033e+16
4.397491e+16
4.274048e+16
4.722096e+16
5.249169e+16
3.739853e+16
5.604751e+16
5.20822e+16
4.312334e+16
5.270411e+16
4.43631e+16
4.312336e+16
5.208225e+16
4.436312e+16
3.739851e+16
5.604757e+16
5.270416e+16
4.436318e+16
3.739859e+16
5.27042e+16
4.312342e+16
5.604761e+16
5.208229e+16
3.232789e+16
4.540332e+16
4.472566e+16
3.711429e+16
3.827755e+16
4.820645e+16
4.540334e+16
4.820647e+16
4.472568e+16
3.827758e+16
3.232789e+16
3.711431e+16
3.711431e+16
4.472567e+16
4.820648e+16
3.232791e+16
3.827758e+16
4.540334e+16
1.53424e+16
1.265891e+16
2.155384e+16
2.155384e+16
1.534239e+16
2.475053e+16
1.534239e+16
1.265891e+16
2.155383e+16
1.534239e+16
2.155383e+16
2.475052e+16
1.34312e+16
5.512277e-306
1.34312e+16
1.88272e+16
1.109132e+16
1.882719e+16
1.100961e-305
2.157096e+16
2.157103e+16
1.109135e+16
1.882725e+16
1.882726e+16
1.343124e+16
1.343124e+16
1.109133e+16
1.343122e+16
1.882721e+16
1.343122e+16
1.882722e+16
2.157098e+16
1.534236e+16
1.534236e+16
1.265889e+16
1.534236e+16
2.155378e+16
2.155378e+16
2.475048e+16
2.155379e+16
1.241302e-305
1.410102e-305
1.324903e-305
9.933779e-306
1.100964e-305
9.394964e-306
1.324903e-305
1.410104e-305
1.100963e-305
9.394963e-306
1.241303e-305
9.933781e-306
9.933758e-306
1.2413e-305
1.410101e-305
1.100961e-305
9.394937e-306
1.324901e-305
1.079745e-305
8.675326e-306
1.225023e-305
1.153249e-305
8.220176e-306
9.614851e-306
1.225023e-305
1.153248e-305
1.079745e-305
9.614835e-306
8.675315e-306
8.220165e-306
9.614826e-306
8.220156e-306
8.675309e-306
1.153247e-305
1.079744e-305
1.225022e-305
3.822636e+16
4.137874e+16
2.869456e+16
2.492144e+16
2.319301e+16
3.439952e+16
2.492151e+16
3.439961e+16
2.319304e+16
2.869463e+16
3.822644e+16
4.137881e+16
3.82264e+16
4.137878e+16
2.869458e+16
3.439959e+16
2.319301e+16
2.492149e+16
2.483976e+16
2.00625e+16
2.14557e+16
3.289394e+16
3.548116e+16
2.949939e+16
2.006249e+16
2.949943e+16
2.483979e+16
3.289398e+16
2.145572e+16
3.548118e+16
3.289397e+16
3.548118e+16
2.483978e+16
2.949943e+16
2.006248e+16
2.145572e+16
3.557203e+16
2.661378e+16
2.66138e+16
4.433969e+16
4.433968e+16
3.557201e+16
2.661381e+16
3.557204e+16
4.433973e+16
3.557207e+16
2.661383e+16
4.433974e+16
4.433975e+16
3.557207e+16
3.557208e+16
4.433974e+16
2.661386e+16
2.661386e+16
2.282084e+16
3.045281e+16
2.282085e+16
3.045283e+16
3.790207e+16
3.790207e+16
2.282084e+16
3.045281e+16
2.282085e+16
3.790207e+16
3.045282e+16
3.790207e+16
2.282087e+16
2.282087e+16
3.045283e+16
3.045283e+16
3.790207e+16
3.790207e+16
2.869458e+16
3.822638e+16
2.3193e+16
4.137876e+16
2.492147e+16
3.439956e+16
4.137876e+16
3.822637e+16
3.439954e+16
2.869458e+16
2.492146e+16
2.319302e+16
2.319303e+16
2.49215e+16
3.439961e+16
2.869463e+16
4.137882e+16
3.822645e+16
3.548118e+16
2.949942e+16
2.145572e+16
2.483977e+16
3.289396e+16
2.006248e+16
3.548117e+16
3.289395e+16
2.949939e+16
2.483978e+16
2.145571e+16
2.00625e+16
2.006249e+16
2.145572e+16
2.483978e+16
3.289397e+16
3.548118e+16
2.949942e+16
9.394943e-306
9.93376e-306
1.324901e-305
1.100961e-305
1.410101e-305
1.2413e-305
1.100964e-305
1.410102e-305
1.241302e-305
1.324903e-305
9.394964e-306
9.933784e-306
1.410104e-305
1.100963e-305
1.324903e-305
1.241302e-305
9.933778e-306
9.394959e-306
1.079744e-305
8.675306e-306
9.614823e-306
1.225022e-305
8.220154e-306
1.153247e-305
1.079746e-305
1.225023e-305
1.15325e-305
8.675331e-306
9.614855e-306
8.22018e-306
9.614832e-306
1.153248e-305
8.220161e-306
1.225023e-305
8.675312e-306
1.079744e-305
2.271098e-306
2.271099e-306
3.139859e-307
6.370442e-307
3.432572e-306
6.370443e-307
2.271098e-306
3.139861e-307
2.271099e-306
6.370444e-307
3.432572e-306
6.370446e-307
5.609004e-307
1.997598e-306
2.766883e-307
3.014508e-306
1.997599e-306
2.875643e-306
5.609004e-307
2.76689e-307
3.014516e-306
5.609019e-307
1.997604e-306
1.997604e-306
5.609017e-307
2.766885e-307
1.9976e-306
5.609006e-307
1.9976e-306
3.014511e-306
5.609007e-307
3.139856e-307
2.271094e-306
2.271094e-306
3.432566e-306
6.370438e-307
6.370435e-307
2.271095e-306
2.87565e-306
1.01079e-306
5.512293e-306
3.964622e-306
1.226091e-306
6.684715e-306
5.512292e-306
2.87565e-306
6.684714e-306
1.226092e-306
3.964624e-306
1.010791e-306
6.684697e-306
3.964612e-306
1.226088e-306
5.512277e-306
2.875643e-306
1.010789e-306
3.479848e-306
8.891652e-307
1.077636e-306
2.527561e-306
4.835341e-306
5.860501e-306
2.527558e-306
8.891642e-307
1.077636e-306
4.835334e-306
3.479846e-306
5.860495e-306
2.527555e-306
8.891628e-307
1.077634e-306
4.835328e-306
3.479841e-306
5.860487e-306
1.429533e-306
4.412095e-306
1.390477e-306
7.496768e-306
4.213556e-306
7.531546e-306
1.429533e-306
4.412091e-306
1.390478e-306
4.213561e-306
7.496768e-306
7.53155e-306
4.213547e-306
7.531529e-306
4.412087e-306
1.390473e-306
7.496753e-306
1.42953e-306
1.245651e-306
1.217564e-306
3.691115e-306
3.834217e-306
6.577963e-306
6.51607e-306
6.577955e-306
6.516061e-306
3.691113e-306
3.834209e-306
1.217563e-306
1.245649e-306
3.834209e-306
6.516056e-306
1.245648e-306
6.577949e-306
1.217562e-306
3.691108e-306
1.551144e-306
4.789724e-306
4.572531e-306
8.31863e-306
1.508312e-306
8.071953e-306
1.551137e-306
4.789716e-306
1.508305e-306
8.318635e-306
4.572515e-306
8.071952e-306
4.572524e-306
1.50831e-306
4.78973e-306
8.071958e-306
1.55114e-306
8.318654e-306
3.956982e-306
6.957149e-306
7.154985e-306
1.305627e-306
1.339389e-306
4.128116e-306
3.956963e-306
6.957139e-306
7.154979e-306
1.305619e-306
4.128104e-306
1.339381e-306
3.956973e-306
1.305624e-306
4.128115e-306
6.957145e-306
1.339384e-306
7.154994e-306
8.07194e-306
4.572508e-306
4.789709e-306
8.318623e-306
1.508303e-306
1.551134e-306
1.508314e-306
4.572536e-306
8.318639e-306
1.551145e-306
8.071961e-306
4.789728e-306
8.318657e-306
8.071962e-306
4.572528e-306
4.78973e-306
1.551142e-306
1.508311e-306
4.128103e-306
1.305619e-306
6.957137e-306
7.154978e-306
1.339381e-306
3.956962e-306
4.128116e-306
1.305628e-306
6.95715e-306
7.154985e-306
1.339389e-306
3.956983e-306
7.154994e-306
4.128114e-306
6.957144e-306
3.956973e-306
1.339385e-306
1.305624e-306
1.42953e-306
4.412083e-306
1.390474e-306
4.213551e-306
7.496754e-306
7.531532e-306
4.213558e-306
1.390477e-306
7.496773e-306
4.412097e-306
1.429534e-306
7.53155e-306
4.412092e-306
1.429533e-306
1.390477e-306
7.496763e-306
7.531544e-306
4.213556e-306
3.834207e-306
1.245648e-306
6.516058e-306
3.69111e-306
1.217561e-306
6.577949e-306
1.217565e-306
1.245651e-306
3.691117e-306
6.516074e-306
3.834218e-306
6.577966e-306
6.577951e-306
3.691109e-306
1.217562e-306
6.516057e-306
1.245649e-306
3.834209e-306
1.01079e-306
1.226089e-306
2.875646e-306
3.964615e-306
5.512282e-306
6.684699e-306
2.87565e-306
1.01079e-306
3.964622e-306
5.512292e-306
6.684714e-306
1.226091e-306
1.010791e-306
2.87565e-306
5.512292e-306
1.226091e-306
3.964622e-306
6.684713e-306
5.860488e-306
4.835327e-306
2.527555e-306
3.479841e-306
8.891634e-307
1.077634e-306
5.860506e-306
4.835343e-306
2.527562e-306
3.47985e-306
8.891658e-307
1.077637e-306
3.479843e-306
2.527557e-306
8.891633e-307
1.077634e-306
4.835332e-306
5.860491e-306
)
;
    }
    procBoundary2to3
    {
        type            processor;
        value           nonuniform List<scalar> 
1038
(
2.729942e-305
2.729943e-305
2.729943e-305
2.729942e-305
2.729942e-305
2.729943e-305
5.330859e+16
5.330856e+16
5.213182e+16
5.312025e+16
5.312022e+16
5.311846e+16
5.33086e+16
5.213183e+16
5.312026e+16
5.311847e+16
5.312023e+16
5.330859e+16
5.213183e+16
5.312023e+16
5.330856e+16
5.312025e+16
5.311843e+16
5.330858e+16
5.330858e+16
5.213183e+16
5.312025e+16
5.330857e+16
5.311846e+16
5.312024e+16
5.330854e+16
5.312018e+16
5.330853e+16
5.311841e+16
5.213181e+16
5.312022e+16
5.213179e+16
5.312019e+16
5.311837e+16
5.312019e+16
5.330852e+16
5.330853e+16
5.107665e+16
4.66992e+16
4.873686e+16
5.199386e+16
5.107661e+16
4.873681e+16
4.669921e+16
5.107667e+16
5.107666e+16
4.873687e+16
4.873689e+16
5.199391e+16
5.199382e+16
5.10766e+16
5.10766e+16
4.873679e+16
4.873679e+16
4.669913e+16
4.873681e+16
4.87368e+16
5.107662e+16
5.107663e+16
4.669916e+16
5.199386e+16
5.107657e+16
5.199381e+16
5.107658e+16
4.873678e+16
4.873678e+16
4.669913e+16
5.199379e+16
5.107658e+16
4.669911e+16
5.107656e+16
4.873678e+16
4.873677e+16
5.180903e+16
5.292794e+16
5.292793e+16
5.180906e+16
5.071486e+16
5.071487e+16
5.180913e+16
5.071495e+16
5.292801e+16
5.071495e+16
5.292802e+16
5.180913e+16
5.292796e+16
5.292796e+16
5.180909e+16
5.180905e+16
5.071489e+16
5.071488e+16
5.180905e+16
5.071488e+16
5.292797e+16
5.071488e+16
5.292796e+16
5.180909e+16
5.292795e+16
5.180905e+16
5.071487e+16
5.180907e+16
5.292798e+16
5.071489e+16
5.292791e+16
5.29279e+16
5.180902e+16
5.071482e+16
5.1809e+16
5.071482e+16
2.423181e-305
1.700888e-305
2.382927e-305
1.664138e-305
2.300052e-305
2.382927e-305
2.382929e-305
2.300052e-305
2.300052e-305
2.382924e-305
2.382924e-305
1.66413e-305
2.300027e-305
1.700886e-305
2.423178e-305
2.382923e-305
2.300027e-305
2.300022e-305
2.382919e-305
2.255543e-305
2.300022e-305
2.423173e-305
2.382918e-305
2.423174e-305
2.255544e-305
2.382919e-305
2.38292e-305
2.300023e-305
2.300023e-305
2.300022e-305
2.300022e-305
2.255544e-305
2.382919e-305
2.423173e-305
2.382918e-305
2.300022e-305
2.255543e-305
2.300022e-305
2.382919e-305
2.423173e-305
2.382918e-305
4.777357e+16
4.501252e+16
4.893696e+16
4.76763e+16
4.471305e+16
4.579053e+16
3.145107e+16
4.767642e+16
3.089915e+16
4.501268e+16
4.501268e+16
4.767642e+16
4.893703e+16
4.777367e+16
4.767632e+16
4.893695e+16
4.579057e+16
4.501257e+16
4.777358e+16
4.471301e+16
4.893695e+16
4.767632e+16
4.77736e+16
4.579056e+16
4.501259e+16
4.471301e+16
4.893695e+16
4.501258e+16
4.579056e+16
4.471302e+16
4.777359e+16
4.767633e+16
4.579052e+16
4.893689e+16
4.777355e+16
4.767628e+16
4.471298e+16
4.501255e+16
4.579055e+16
4.893694e+16
4.767633e+16
4.777357e+16
4.471301e+16
4.501258e+16
4.501269e+16
4.501269e+16
3.089914e+16
4.777365e+16
4.893702e+16
3.145107e+16
4.767642e+16
4.767642e+16
4.579058e+16
4.767635e+16
4.893697e+16
4.471305e+16
4.501264e+16
4.777363e+16
4.579055e+16
4.501258e+16
4.471301e+16
4.777358e+16
4.767632e+16
4.893695e+16
4.579056e+16
4.893695e+16
4.77736e+16
4.501259e+16
4.767633e+16
4.471301e+16
4.89369e+16
4.777355e+16
4.501255e+16
4.767627e+16
4.471297e+16
4.579051e+16
2.215833e+16
2.343222e+16
2.748848e+16
2.581541e+16
2.581542e+16
2.34322e+16
2.343221e+16
2.58154e+16
2.343221e+16
2.215834e+16
2.748846e+16
2.581541e+16
3.441183e+16
3.936743e+16
3.777701e+16
3.250328e+16
3.441183e+16
3.777701e+16
3.441185e+16
3.936745e+16
3.25033e+16
3.777702e+16
3.777703e+16
3.441185e+16
3.936742e+16
3.441183e+16
3.777701e+16
3.7777e+16
3.441183e+16
3.250328e+16
3.250328e+16
3.777701e+16
3.441184e+16
3.441183e+16
3.936743e+16
3.7777e+16
4.276782e+16
4.276782e+16
2.56669e+16
4.161511e+16
4.161511e+16
2.658341e+16
2.907291e+16
2.678364e+16
2.837005e+16
2.566691e+16
2.658344e+16
2.940621e+16
2.907282e+16
2.67836e+16
4.161501e+16
4.145785e+16
3.775646e+16
4.276755e+16
3.914342e+16
3.915082e+16
4.161501e+16
3.914342e+16
3.775646e+16
4.276755e+16
3.915081e+16
4.145785e+16
4.145785e+16
4.276754e+16
3.914341e+16
4.161501e+16
3.775645e+16
3.91508e+16
4.145783e+16
4.276752e+16
3.775644e+16
3.914341e+16
4.161498e+16
3.915079e+16
4.068448e+16
4.24127e+16
4.439145e+16
4.241267e+16
4.068448e+16
4.439145e+16
2.761951e+16
2.761951e+16
2.889472e+16
2.889472e+16
3.035389e+16
3.035389e+16
4.241267e+16
4.068448e+16
4.439147e+16
4.439148e+16
4.068448e+16
4.241268e+16
4.439145e+16
4.241266e+16
4.439146e+16
4.068446e+16
4.068447e+16
4.241267e+16
4.068447e+16
4.241267e+16
4.439146e+16
4.068447e+16
4.439146e+16
4.241267e+16
4.068444e+16
4.068444e+16
4.241264e+16
4.241263e+16
4.439142e+16
4.439141e+16
3.775646e+16
3.915081e+16
4.145785e+16
3.914342e+16
4.161502e+16
4.276755e+16
2.658343e+16
2.94062e+16
2.907279e+16
2.837006e+16
2.566691e+16
2.678359e+16
4.145792e+16
4.145792e+16
4.276759e+16
2.678359e+16
4.161504e+16
2.566689e+16
3.915084e+16
3.915084e+16
4.145784e+16
3.914341e+16
4.276754e+16
4.1615e+16
3.775644e+16
3.915079e+16
4.145785e+16
4.276754e+16
3.775646e+16
3.914343e+16
4.161501e+16
3.915081e+16
4.145784e+16
3.91434e+16
4.276752e+16
4.161498e+16
3.915078e+16
3.775644e+16
1.665245e+16
1.535742e+16
2.038105e+16
2.038104e+16
1.665245e+16
2.217966e+16
1.535741e+16
1.665245e+16
2.038106e+16
1.665245e+16
2.217966e+16
2.038105e+16
2.323539e+16
2.933522e+16
2.323539e+16
2.172819e+16
3.22488e+16
2.933522e+16
3.224881e+16
2.933521e+16
2.933521e+16
2.32354e+16
2.32354e+16
2.172822e+16
2.323539e+16
2.933522e+16
2.17282e+16
2.32354e+16
3.22488e+16
2.933522e+16
2.933522e+16
3.22488e+16
2.323539e+16
2.933522e+16
2.32354e+16
2.172819e+16
2.182877e+16
1.919734e+16
2.531605e+16
2.127814e+16
2.675617e+16
2.499279e+16
2.675621e+16
2.531608e+16
2.182878e+16
1.919737e+16
2.127816e+16
2.499281e+16
3.14621e+16
3.707522e+16
2.68284e+16
3.062327e+16
3.93336e+16
3.662808e+16
3.93336e+16
3.14621e+16
3.662808e+16
3.062326e+16
2.682838e+16
3.707523e+16
3.933359e+16
3.662807e+16
3.062327e+16
3.707522e+16
2.68284e+16
3.14621e+16
3.933358e+16
3.662806e+16
3.707522e+16
3.062326e+16
3.14621e+16
2.682839e+16
4.066236e+16
4.066236e+16
2.456186e+16
2.392428e+16
4.376512e+16
4.376512e+16
2.623e+16
2.899937e+16
2.456189e+16
2.751184e+16
2.623003e+16
2.899941e+16
2.962442e+16
2.39243e+16
3.613614e+16
3.512657e+16
3.863944e+16
4.066235e+16
4.281386e+16
4.37651e+16
4.066233e+16
3.512656e+16
4.376509e+16
4.281386e+16
3.863945e+16
3.613614e+16
4.281386e+16
3.863944e+16
4.066234e+16
3.613614e+16
4.37651e+16
3.512656e+16
4.066231e+16
4.376507e+16
3.613612e+16
4.281383e+16
3.863942e+16
3.512655e+16
3.613615e+16
4.281386e+16
4.066235e+16
3.863945e+16
3.512657e+16
4.37651e+16
2.899941e+16
2.623003e+16
2.39243e+16
2.962442e+16
2.456189e+16
2.751184e+16
4.066235e+16
3.613616e+16
4.376511e+16
3.512659e+16
3.512659e+16
4.281388e+16
3.863947e+16
3.863947e+16
4.376508e+16
4.066233e+16
4.281384e+16
3.863943e+16
3.613613e+16
3.512655e+16
3.863945e+16
3.512657e+16
4.281386e+16
3.613614e+16
4.376509e+16
4.066234e+16
4.066232e+16
4.376507e+16
3.613612e+16
3.512655e+16
3.863942e+16
4.281383e+16
2.68284e+16
3.93336e+16
3.662808e+16
3.062327e+16
3.707522e+16
3.14621e+16
2.127816e+16
2.499281e+16
2.182878e+16
1.919735e+16
2.67562e+16
2.531607e+16
2.182878e+16
1.919736e+16
2.531606e+16
2.127815e+16
2.675618e+16
2.499279e+16
2.682839e+16
3.707522e+16
3.662807e+16
3.062326e+16
3.14621e+16
3.933358e+16
3.707524e+16
3.933361e+16
3.662809e+16
3.14621e+16
2.682838e+16
3.062326e+16
3.062326e+16
3.662806e+16
3.933357e+16
2.682839e+16
3.146209e+16
3.707521e+16
8.099103e+15
6.768731e+15
1.12657e+16
1.126569e+16
8.099102e+15
1.259558e+16
8.099092e+15
6.768724e+15
1.126568e+16
8.099093e+15
1.126568e+16
1.259556e+16
1.121939e+16
1.121939e+16
1.572599e+16
9.270528e+15
1.572599e+16
1.79274e+16
1.792743e+16
9.270547e+15
1.572602e+16
1.572602e+16
1.121941e+16
1.121941e+16
9.270531e+15
1.121939e+16
1.572599e+16
1.121939e+16
1.5726e+16
1.79274e+16
1.121939e+16
9.270529e+15
1.121939e+16
1.572599e+16
1.79274e+16
1.572599e+16
6.921193e-306
7.781815e-306
7.303275e-306
5.607797e-306
6.088774e-306
5.27295e-306
7.303275e-306
7.781822e-306
6.088769e-306
5.272946e-306
6.921195e-306
5.607794e-306
7.340262e-306
9.108446e-306
1.029008e-305
8.084724e-306
6.939076e-306
9.680862e-306
9.108454e-306
7.340276e-306
1.029008e-305
9.680872e-306
6.939089e-306
8.08474e-306
1.029008e-305
9.680864e-306
9.108448e-306
8.084727e-306
7.340265e-306
6.939078e-306
8.084724e-306
6.939076e-306
7.340261e-306
9.680861e-306
9.108445e-306
1.029007e-305
1.906132e+16
2.02864e+16
1.516033e+16
1.32441e+16
1.250153e+16
1.730574e+16
1.324412e+16
1.730577e+16
1.250154e+16
1.516035e+16
1.906136e+16
2.028643e+16
2.728127e+16
2.936375e+16
2.083949e+16
2.461057e+16
1.694299e+16
1.810252e+16
2.083948e+16
1.694299e+16
1.81025e+16
2.728124e+16
2.936373e+16
2.461053e+16
1.694299e+16
2.461057e+16
2.08395e+16
2.728127e+16
1.810253e+16
2.936375e+16
2.728126e+16
2.936373e+16
2.083949e+16
2.461055e+16
1.694298e+16
1.810251e+16
2.540572e+16
2.540572e+16
1.406504e+16
1.406505e+16
2.152072e+16
3.134248e+16
3.134248e+16
1.783098e+16
1.406505e+16
1.7831e+16
2.152074e+16
1.783101e+16
1.406506e+16
2.152074e+16
3.134248e+16
2.540572e+16
2.540573e+16
2.540573e+16
3.134247e+16
1.926791e+16
1.926792e+16
1.926792e+16
1.926787e+16
2.540569e+16
1.926789e+16
2.540571e+16
3.134246e+16
3.134246e+16
1.926788e+16
2.54057e+16
1.926789e+16
3.134247e+16
2.540571e+16
3.134247e+16
1.92679e+16
1.92679e+16
2.54057e+16
2.54057e+16
3.134245e+16
3.134245e+16
2.08395e+16
2.728127e+16
1.694299e+16
2.936375e+16
1.810252e+16
2.461057e+16
2.028642e+16
1.906134e+16
1.730575e+16
1.516034e+16
1.324411e+16
1.250154e+16
1.250153e+16
1.324411e+16
1.730576e+16
1.516034e+16
2.028641e+16
1.906134e+16
2.936374e+16
2.461056e+16
1.810252e+16
2.083949e+16
2.728126e+16
1.694299e+16
2.936373e+16
2.728124e+16
2.461054e+16
2.083948e+16
1.810251e+16
1.694299e+16
1.694298e+16
1.810252e+16
2.083949e+16
2.728126e+16
2.936373e+16
2.461056e+16
6.939077e-306
7.340264e-306
9.680862e-306
8.084725e-306
1.029008e-305
9.108447e-306
6.088776e-306
7.781818e-306
6.921196e-306
7.303277e-306
5.272952e-306
5.607799e-306
7.781819e-306
6.088767e-306
7.303272e-306
6.921192e-306
5.607791e-306
5.272945e-306
9.108446e-306
7.340263e-306
8.084724e-306
1.029008e-305
6.939076e-306
9.680862e-306
9.108455e-306
1.029008e-305
9.680874e-306
7.340277e-306
8.084741e-306
6.93909e-306
8.084725e-306
9.680862e-306
6.939076e-306
1.029008e-305
7.340262e-306
9.108446e-306
1.316185e-306
1.316185e-306
1.854874e-307
3.734199e-307
1.955491e-306
3.734199e-307
1.316184e-306
1.854873e-307
1.316184e-306
3.734197e-307
1.955489e-306
3.734198e-307
4.748843e-307
1.687159e-306
2.347093e-307
2.537072e-306
1.687159e-306
4.748844e-307
2.347096e-307
2.537077e-306
4.748851e-307
1.687162e-306
1.687162e-306
4.74885e-307
2.347093e-307
1.687159e-306
4.748843e-307
1.687159e-306
2.537072e-306
4.748844e-307
2.347093e-307
1.687159e-306
2.537072e-306
4.748843e-307
4.748844e-307
1.687159e-306
1.637215e-306
5.778796e-307
3.058972e-306
2.233326e-306
6.942888e-307
3.734693e-306
3.05897e-306
1.637214e-306
3.734691e-306
6.942888e-307
2.233326e-306
5.778795e-307
4.943252e-306
2.941604e-306
9.107719e-307
4.063016e-306
2.130565e-306
7.506721e-307
2.941609e-306
7.506735e-307
9.107732e-307
2.130569e-306
4.063024e-306
4.943261e-306
2.130566e-306
7.506727e-307
9.107726e-307
4.063018e-306
2.941607e-306
4.943254e-306
2.130565e-306
7.506721e-307
9.107719e-307
4.063016e-306
2.941604e-306
4.943252e-306
8.407375e-307
2.585317e-306
7.999547e-307
4.266623e-306
2.39421e-306
4.270463e-306
8.407368e-307
2.585314e-306
7.999546e-307
2.39421e-306
4.266621e-306
4.270461e-306
3.131561e-306
5.582269e-306
3.290232e-306
1.036899e-306
5.544734e-306
1.069341e-306
1.069343e-306
1.036901e-306
3.131567e-306
3.290239e-306
5.58228e-306
5.544744e-306
5.582273e-306
5.544738e-306
3.131565e-306
3.290232e-306
1.0369e-306
1.069341e-306
3.290231e-306
5.544733e-306
1.069341e-306
5.582269e-306
1.036899e-306
3.131561e-306
9.280399e-307
2.826029e-306
2.688014e-306
4.736974e-306
9.001344e-307
4.601867e-306
9.280354e-307
2.826024e-306
9.001297e-307
4.736975e-306
2.688004e-306
4.601866e-306
3.406584e-306
1.130162e-306
3.567512e-306
3.567512e-306
5.94814e-306
1.162299e-306
6.122763e-306
3.406591e-306
5.948141e-306
6.122751e-306
1.130164e-306
1.162301e-306
3.56751e-306
3.406575e-306
5.948133e-306
6.122748e-306
1.130158e-306
3.5675e-306
1.162295e-306
3.406582e-306
1.130161e-306
3.56751e-306
5.948136e-306
1.162298e-306
6.122759e-306
5.948133e-306
5.948133e-306
3.406575e-306
3.406575e-306
2.826021e-306
4.73697e-306
9.001286e-307
9.280345e-307
9.00135e-307
2.688016e-306
4.736978e-306
9.280409e-307
4.601871e-306
2.826032e-306
4.736981e-306
4.601867e-306
2.688009e-306
2.82603e-306
9.280377e-307
9.001323e-307
3.567499e-306
1.130157e-306
5.948131e-306
6.122746e-306
1.162294e-306
3.406574e-306
3.567511e-306
1.130165e-306
5.948142e-306
6.122753e-306
1.162301e-306
3.406592e-306
6.122759e-306
3.56751e-306
5.948137e-306
3.406582e-306
1.162298e-306
1.130161e-306
1.069341e-306
3.290232e-306
1.0369e-306
3.131564e-306
5.544737e-306
5.582272e-306
2.394211e-306
7.999551e-307
4.266625e-306
2.585319e-306
8.40738e-307
4.270464e-306
2.585313e-306
8.407364e-307
7.999536e-307
4.266617e-306
4.270457e-306
2.394207e-306
3.290231e-306
1.069341e-306
5.544736e-306
3.131564e-306
1.0369e-306
5.582271e-306
1.036902e-306
1.069343e-306
3.131567e-306
5.544745e-306
3.290239e-306
5.582281e-306
5.582269e-306
3.131561e-306
1.036899e-306
5.544733e-306
1.069341e-306
3.290232e-306
7.506725e-307
9.107723e-307
2.130565e-306
2.941606e-306
4.063017e-306
4.943253e-306
1.637215e-306
5.778797e-307
2.233327e-306
3.058973e-306
3.734694e-306
6.94289e-307
5.778791e-307
1.637213e-306
3.058969e-306
6.942882e-307
2.233324e-306
3.734689e-306
4.943253e-306
4.063017e-306
2.130565e-306
2.941606e-306
7.506725e-307
9.107723e-307
4.943262e-306
4.063025e-306
2.130569e-306
2.94161e-306
7.506736e-307
9.107735e-307
2.941605e-306
2.130565e-306
7.506722e-307
9.10772e-307
4.063017e-306
4.943252e-306
)
;
    }
}


// ************************************************************************* //
