/*--------------------------------*- C++ -*----------------------------------*\
| =========                 |                                                 |
| \\      /  F ield         | OpenFOAM: The Open Source CFD Toolbox           |
|  \\    /   O peration     | Version:  2412                                  |
|   \\  /    A nd           | Website:  www.openfoam.com                      |
|    \\/     M anipulation  |                                                 |
\*---------------------------------------------------------------------------*/
FoamFile
{
    version     2.0;
    format      ascii;
    arch        "LSB;label=32;scalar=64";
    class       volScalarField;
    location    "100/neutroRegion";
    object      prec4;
}
// * * * * * * * * * * * * * * * * * * * * * * * * * * * * * * * * * * * * * //

dimensions      [0 -3 0 0 0 0 0];

internalField   nonuniform List<scalar> 
5830
(
7.420724e-306
8.067965e-306
8.311032e-306
8.138553e-306
7.562745e-306
6.621704e-306
7.420723e-306
8.067965e-306
8.311032e-306
8.138554e-306
7.562746e-306
6.621705e-306
8.067966e-306
8.311033e-306
8.138554e-306
7.562746e-306
6.621705e-306
8.067966e-306
8.311032e-306
8.138554e-306
7.562745e-306
6.621704e-306
8.067965e-306
8.311031e-306
8.138553e-306
7.562744e-306
6.621702e-306
7.420723e-306
8.067965e-306
8.311032e-306
8.138554e-306
7.562746e-306
6.621704e-306
1.608431e+16
1.656076e+16
1.620782e+16
1.504458e+16
1.312413e+16
1.608431e+16
1.656076e+16
1.620782e+16
1.504458e+16
1.312413e+16
1.554808e+16
1.601076e+16
1.567495e+16
1.456201e+16
1.273396e+16
1.59378e+16
1.641145e+16
1.606498e+16
1.491888e+16
1.303076e+16
1.59378e+16
1.641144e+16
1.606497e+16
1.491888e+16
1.303075e+16
1.605145e+16
1.652575e+16
1.617232e+16
1.500969e+16
1.308947e+16
1.608432e+16
1.656076e+16
1.620783e+16
1.504459e+16
1.312414e+16
1.554808e+16
1.601076e+16
1.567495e+16
1.456201e+16
1.273396e+16
1.59378e+16
1.641145e+16
1.606498e+16
1.491888e+16
1.303076e+16
1.605145e+16
1.652575e+16
1.617233e+16
1.500969e+16
1.308948e+16
1.59378e+16
1.641144e+16
1.606498e+16
1.491888e+16
1.303076e+16
1.608432e+16
1.656076e+16
1.620783e+16
1.504458e+16
1.312413e+16
1.430502e+16
1.554808e+16
1.601076e+16
1.567495e+16
1.456201e+16
1.273396e+16
1.466094e+16
1.59378e+16
1.641144e+16
1.606498e+16
1.491888e+16
1.303076e+16
1.608431e+16
1.656076e+16
1.620782e+16
1.504458e+16
1.312413e+16
1.59378e+16
1.641144e+16
1.606498e+16
1.491888e+16
1.303076e+16
1.476523e+16
1.605144e+16
1.652575e+16
1.617232e+16
1.500968e+16
1.308947e+16
1.479438e+16
1.608431e+16
1.656076e+16
1.620782e+16
1.504458e+16
1.312413e+16
1.479438e+16
1.608431e+16
1.656076e+16
1.620782e+16
1.504458e+16
1.312413e+16
1.430501e+16
1.554808e+16
1.601076e+16
1.567495e+16
1.456201e+16
1.273396e+16
1.466094e+16
1.59378e+16
1.641144e+16
1.606498e+16
1.491888e+16
1.303076e+16
1.479438e+16
1.608431e+16
1.656076e+16
1.620782e+16
1.504458e+16
1.312413e+16
1.476522e+16
1.605144e+16
1.652575e+16
1.617232e+16
1.500969e+16
1.308947e+16
1.466094e+16
1.59378e+16
1.641144e+16
1.606497e+16
1.491888e+16
1.303076e+16
1.479438e+16
1.608431e+16
1.656075e+16
1.620781e+16
1.504457e+16
1.312412e+16
1.466094e+16
1.593779e+16
1.641143e+16
1.606497e+16
1.491887e+16
1.303075e+16
1.479438e+16
1.608431e+16
1.656075e+16
1.620781e+16
1.504457e+16
1.312412e+16
1.476522e+16
1.605144e+16
1.652574e+16
1.617231e+16
1.500968e+16
1.308946e+16
1.430501e+16
1.554807e+16
1.601075e+16
1.567495e+16
1.4562e+16
1.273395e+16
1.466094e+16
1.593779e+16
1.641144e+16
1.606497e+16
1.491887e+16
1.303075e+16
1.554807e+16
1.601075e+16
1.567494e+16
1.4562e+16
1.273395e+16
1.466094e+16
1.593779e+16
1.641144e+16
1.606497e+16
1.491887e+16
1.303075e+16
1.605144e+16
1.652574e+16
1.617231e+16
1.500967e+16
1.308946e+16
1.59378e+16
1.641144e+16
1.606497e+16
1.491887e+16
1.303075e+16
1.479438e+16
1.608431e+16
1.656075e+16
1.620781e+16
1.504457e+16
1.312412e+16
1.608431e+16
1.656075e+16
1.620781e+16
1.504457e+16
1.312412e+16
1.546731e+16
1.591833e+16
1.557387e+16
1.445064e+16
1.259739e+16
1.399175e+16
1.439057e+16
1.407786e+16
1.306989e+16
1.142101e+16
1.471047e+16
1.513405e+16
1.480518e+16
1.373995e+16
1.198829e+16
1.574209e+16
1.620354e+16
1.585427e+16
1.471158e+16
1.28248e+16
1.546731e+16
1.591833e+16
1.557386e+16
1.445064e+16
1.259738e+16
1.471047e+16
1.513404e+16
1.480517e+16
1.373995e+16
1.198828e+16
1.399176e+16
1.439057e+16
1.407787e+16
1.30699e+16
1.142102e+16
1.546731e+16
1.591834e+16
1.557387e+16
1.445065e+16
1.259739e+16
1.546731e+16
1.591833e+16
1.557387e+16
1.445064e+16
1.259739e+16
1.471047e+16
1.513405e+16
1.480518e+16
1.373995e+16
1.198829e+16
1.471047e+16
1.513405e+16
1.480518e+16
1.373996e+16
1.198829e+16
1.574209e+16
1.620354e+16
1.585428e+16
1.471159e+16
1.282481e+16
1.448625e+16
1.574208e+16
1.620353e+16
1.585426e+16
1.471157e+16
1.28248e+16
1.423777e+16
1.54673e+16
1.591833e+16
1.557386e+16
1.445063e+16
1.259738e+16
1.546731e+16
1.591833e+16
1.557386e+16
1.445063e+16
1.259738e+16
1.355366e+16
1.471046e+16
1.513404e+16
1.480516e+16
1.373994e+16
1.198827e+16
1.471046e+16
1.513404e+16
1.480516e+16
1.373994e+16
1.198827e+16
1.290316e+16
1.399175e+16
1.439056e+16
1.407785e+16
1.306988e+16
1.142101e+16
1.355366e+16
1.471046e+16
1.513404e+16
1.480517e+16
1.373994e+16
1.198828e+16
1.355366e+16
1.471046e+16
1.513404e+16
1.480517e+16
1.373994e+16
1.198828e+16
1.423776e+16
1.54673e+16
1.591833e+16
1.557386e+16
1.445064e+16
1.259738e+16
1.423776e+16
1.546731e+16
1.591833e+16
1.557386e+16
1.445064e+16
1.259738e+16
1.290316e+16
1.399175e+16
1.439056e+16
1.407786e+16
1.306988e+16
1.142101e+16
1.448625e+16
1.574208e+16
1.620353e+16
1.585427e+16
1.471158e+16
1.28248e+16
1.423776e+16
1.54673e+16
1.591832e+16
1.557385e+16
1.445062e+16
1.259737e+16
1.448625e+16
1.574208e+16
1.620353e+16
1.585426e+16
1.471156e+16
1.282479e+16
1.423776e+16
1.54673e+16
1.591832e+16
1.557386e+16
1.445063e+16
1.259737e+16
1.355366e+16
1.471046e+16
1.513404e+16
1.480516e+16
1.373994e+16
1.198827e+16
1.355366e+16
1.471046e+16
1.513403e+16
1.480516e+16
1.373994e+16
1.198827e+16
1.290316e+16
1.399175e+16
1.439056e+16
1.407785e+16
1.306988e+16
1.1421e+16
1.574208e+16
1.620353e+16
1.585426e+16
1.471156e+16
1.282479e+16
1.54673e+16
1.591832e+16
1.557386e+16
1.445063e+16
1.259737e+16
1.399174e+16
1.439055e+16
1.407785e+16
1.306988e+16
1.1421e+16
1.423776e+16
1.54673e+16
1.591832e+16
1.557385e+16
1.445062e+16
1.259737e+16
1.471046e+16
1.513403e+16
1.480516e+16
1.373994e+16
1.198827e+16
1.355366e+16
1.471046e+16
1.513403e+16
1.480516e+16
1.373993e+16
1.198827e+16
1.571204e+16
1.617259e+16
1.582284e+16
1.467969e+16
1.279144e+16
1.601961e+16
1.649241e+16
1.61384e+16
1.497562e+16
1.305455e+16
1.60196e+16
1.64924e+16
1.61384e+16
1.497562e+16
1.305455e+16
1.571204e+16
1.617259e+16
1.582285e+16
1.46797e+16
1.279145e+16
1.540995e+16
1.585967e+16
1.551454e+16
1.439048e+16
1.253394e+16
1.540995e+16
1.585967e+16
1.551454e+16
1.439049e+16
1.253394e+16
1.571205e+16
1.61726e+16
1.582286e+16
1.467972e+16
1.279147e+16
1.540996e+16
1.585968e+16
1.551456e+16
1.43905e+16
1.253396e+16
1.601961e+16
1.649241e+16
1.613841e+16
1.497563e+16
1.305457e+16
1.540996e+16
1.585968e+16
1.551455e+16
1.43905e+16
1.253396e+16
1.601962e+16
1.649242e+16
1.613841e+16
1.497564e+16
1.305457e+16
1.571205e+16
1.61726e+16
1.582286e+16
1.467972e+16
1.279147e+16
1.601961e+16
1.649241e+16
1.61384e+16
1.497562e+16
1.305456e+16
1.601961e+16
1.649241e+16
1.61384e+16
1.497562e+16
1.305456e+16
1.571204e+16
1.61726e+16
1.582286e+16
1.467971e+16
1.279146e+16
1.571204e+16
1.617259e+16
1.582285e+16
1.46797e+16
1.279145e+16
1.540995e+16
1.585968e+16
1.551455e+16
1.439049e+16
1.253395e+16
1.540995e+16
1.585968e+16
1.551454e+16
1.439049e+16
1.253394e+16
1.445719e+16
1.571204e+16
1.617259e+16
1.582285e+16
1.46797e+16
1.279145e+16
1.418151e+16
1.540995e+16
1.585967e+16
1.551454e+16
1.439049e+16
1.253394e+16
1.47356e+16
1.601961e+16
1.649241e+16
1.61384e+16
1.497562e+16
1.305456e+16
1.418151e+16
1.540995e+16
1.585967e+16
1.551454e+16
1.439049e+16
1.253394e+16
1.47356e+16
1.601961e+16
1.649241e+16
1.61384e+16
1.497562e+16
1.305456e+16
1.445719e+16
1.571204e+16
1.617259e+16
1.582285e+16
1.467971e+16
1.279146e+16
1.47356e+16
1.60196e+16
1.64924e+16
1.61384e+16
1.497562e+16
1.305456e+16
1.445719e+16
1.571204e+16
1.617259e+16
1.582285e+16
1.46797e+16
1.279145e+16
1.41815e+16
1.540995e+16
1.585967e+16
1.551454e+16
1.439048e+16
1.253394e+16
1.445719e+16
1.571204e+16
1.617259e+16
1.582285e+16
1.46797e+16
1.279145e+16
1.47356e+16
1.601961e+16
1.649241e+16
1.61384e+16
1.497563e+16
1.305456e+16
1.41815e+16
1.540995e+16
1.585967e+16
1.551454e+16
1.439049e+16
1.253394e+16
1.473559e+16
1.60196e+16
1.64924e+16
1.613839e+16
1.497561e+16
1.305455e+16
1.473559e+16
1.60196e+16
1.64924e+16
1.613839e+16
1.497561e+16
1.305454e+16
1.445718e+16
1.571203e+16
1.617258e+16
1.582284e+16
1.467969e+16
1.279144e+16
1.41815e+16
1.540994e+16
1.585967e+16
1.551453e+16
1.439048e+16
1.253393e+16
1.445718e+16
1.571203e+16
1.617258e+16
1.582284e+16
1.467969e+16
1.279144e+16
1.41815e+16
1.540994e+16
1.585967e+16
1.551453e+16
1.439048e+16
1.253393e+16
7.200809e-306
7.406025e-306
7.245248e-306
6.727454e-306
5.885642e-306
6.850884e-306
7.045711e-306
6.892198e-306
6.398561e-306
5.595386e-306
4.542595e-306
6.721316e-306
6.912209e-306
6.761538e-306
6.277258e-306
5.489092e-306
4.454725e-306
7.087683e-306
7.289508e-306
7.130992e-306
6.620848e-306
5.791283e-306
7.087682e-306
7.289507e-306
7.13099e-306
6.620845e-306
5.791273e-306
6.850883e-306
7.04571e-306
6.892198e-306
6.39856e-306
5.595375e-306
7.087685e-306
7.28951e-306
7.130994e-306
6.62085e-306
5.791284e-306
6.721319e-306
6.912212e-306
6.761541e-306
6.277261e-306
5.489101e-306
4.454762e-306
6.850886e-306
7.045714e-306
6.892201e-306
6.398564e-306
5.595392e-306
4.54261e-306
7.200811e-306
7.406028e-306
7.245252e-306
6.727458e-306
5.885649e-306
7.087685e-306
7.28951e-306
7.130993e-306
6.620849e-306
5.791282e-306
6.850886e-306
7.045713e-306
6.892201e-306
6.398563e-306
5.595391e-306
6.321005e-306
6.85088e-306
7.045707e-306
6.892193e-306
6.398555e-306
5.595382e-306
6.539094e-306
7.087679e-306
7.289503e-306
7.130986e-306
6.620841e-306
5.791274e-306
6.201988e-306
6.721313e-306
6.912205e-306
6.761533e-306
6.277253e-306
5.489093e-306
6.85088e-306
7.045707e-306
6.892193e-306
6.398555e-306
5.595382e-306
6.643292e-306
7.200805e-306
7.406021e-306
7.245243e-306
6.727448e-306
5.885638e-306
7.087679e-306
7.289504e-306
7.130986e-306
6.62084e-306
5.791273e-306
6.643294e-306
7.200807e-306
7.406023e-306
7.245245e-306
6.72745e-306
5.88564e-306
6.201991e-306
6.721315e-306
6.912207e-306
6.761535e-306
6.277255e-306
5.489095e-306
6.539095e-306
7.087681e-306
7.289505e-306
7.130988e-306
6.620843e-306
5.791276e-306
6.539095e-306
7.087681e-306
7.289505e-306
7.130988e-306
6.620843e-306
5.791276e-306
6.321006e-306
6.850882e-306
7.045709e-306
6.892195e-306
6.398558e-306
5.595384e-306
6.321006e-306
6.850882e-306
7.045709e-306
6.892195e-306
6.398558e-306
5.595384e-306
6.321005e-306
6.85088e-306
7.045706e-306
6.892192e-306
6.398554e-306
5.595381e-306
6.321005e-306
6.85088e-306
7.045707e-306
6.892193e-306
6.398555e-306
5.595382e-306
6.201989e-306
6.721314e-306
6.912206e-306
6.761534e-306
6.277253e-306
5.489093e-306
6.539094e-306
7.087679e-306
7.289503e-306
7.130986e-306
6.62084e-306
5.791274e-306
6.643293e-306
7.200805e-306
7.40602e-306
7.245243e-306
6.727448e-306
5.885638e-306
6.539094e-306
7.087679e-306
7.289503e-306
7.130985e-306
6.62084e-306
5.791272e-306
6.850877e-306
7.045704e-306
6.892191e-306
6.398554e-306
5.595381e-306
6.72131e-306
6.912203e-306
6.761532e-306
6.277252e-306
5.489092e-306
6.321001e-306
6.850877e-306
7.045704e-306
6.892191e-306
6.398553e-306
5.595381e-306
7.087676e-306
7.289501e-306
7.130985e-306
6.62084e-306
5.791274e-306
7.200803e-306
7.406019e-306
7.245242e-306
6.727448e-306
5.885638e-306
6.539091e-306
7.087677e-306
7.289501e-306
7.130984e-306
6.620839e-306
5.791272e-306
1.444258e+16
1.485759e+16
1.453337e+16
1.348532e+16
1.176178e+16
1.351878e+16
1.390343e+16
1.359967e+16
1.262269e+16
1.102408e+16
1.487254e+16
1.530369e+16
1.496899e+16
1.388353e+16
1.209271e+16
1.453601e+16
1.495783e+16
1.462888e+16
1.356331e+16
1.180397e+16
1.357039e+16
1.39604e+16
1.365341e+16
1.266319e+16
1.103386e+16
1.3976e+16
1.438162e+16
1.406437e+16
1.303773e+16
1.134321e+16
1.397601e+16
1.438163e+16
1.406438e+16
1.303774e+16
1.134322e+16
9.043763e+15
1.35704e+16
1.396041e+16
1.365342e+16
1.26632e+16
1.103387e+16
8.830946e+15
1.351878e+16
1.390344e+16
1.359968e+16
1.26227e+16
1.102409e+16
1.453602e+16
1.495784e+16
1.462889e+16
1.356332e+16
1.180399e+16
1.487255e+16
1.53037e+16
1.4969e+16
1.388355e+16
1.209272e+16
1.444259e+16
1.48576e+16
1.453338e+16
1.348533e+16
1.176179e+16
1.453601e+16
1.495784e+16
1.462888e+16
1.356331e+16
1.180398e+16
1.487254e+16
1.530369e+16
1.496899e+16
1.388353e+16
1.209271e+16
1.3976e+16
1.438162e+16
1.406437e+16
1.303773e+16
1.134321e+16
1.351878e+16
1.390342e+16
1.359966e+16
1.262268e+16
1.102407e+16
1.444258e+16
1.485759e+16
1.453336e+16
1.348531e+16
1.176178e+16
1.357039e+16
1.39604e+16
1.365341e+16
1.266319e+16
1.103385e+16
1.369255e+16
1.487254e+16
1.530369e+16
1.496899e+16
1.388353e+16
1.209271e+16
1.337979e+16
1.453601e+16
1.495783e+16
1.462888e+16
1.356331e+16
1.180398e+16
1.33075e+16
1.444258e+16
1.485759e+16
1.453337e+16
1.348532e+16
1.176178e+16
1.286389e+16
1.3976e+16
1.438162e+16
1.406437e+16
1.303773e+16
1.13432e+16
1.246717e+16
1.351878e+16
1.390343e+16
1.359967e+16
1.262268e+16
1.102407e+16
1.250189e+16
1.357039e+16
1.39604e+16
1.365341e+16
1.266319e+16
1.103385e+16
1.369255e+16
1.487253e+16
1.530369e+16
1.496899e+16
1.388353e+16
1.209271e+16
1.246717e+16
1.351877e+16
1.390342e+16
1.359966e+16
1.262268e+16
1.102407e+16
1.286389e+16
1.3976e+16
1.438162e+16
1.406437e+16
1.303773e+16
1.13432e+16
1.250189e+16
1.357039e+16
1.39604e+16
1.365341e+16
1.266319e+16
1.103385e+16
1.33075e+16
1.444257e+16
1.485759e+16
1.453336e+16
1.348531e+16
1.176178e+16
1.337979e+16
1.453601e+16
1.495783e+16
1.462888e+16
1.356331e+16
1.180398e+16
1.286389e+16
1.397599e+16
1.438161e+16
1.406436e+16
1.303772e+16
1.13432e+16
1.369255e+16
1.487253e+16
1.530368e+16
1.496898e+16
1.388352e+16
1.20927e+16
1.330749e+16
1.444257e+16
1.485758e+16
1.453336e+16
1.348531e+16
1.176177e+16
1.337979e+16
1.453601e+16
1.495783e+16
1.462887e+16
1.35633e+16
1.180397e+16
1.250189e+16
1.357039e+16
1.396039e+16
1.36534e+16
1.266318e+16
1.103385e+16
1.246716e+16
1.351877e+16
1.390342e+16
1.359966e+16
1.262267e+16
1.102406e+16
1.3976e+16
1.438161e+16
1.406436e+16
1.303773e+16
1.13432e+16
1.487253e+16
1.530369e+16
1.496899e+16
1.388353e+16
1.209271e+16
1.453601e+16
1.495783e+16
1.462888e+16
1.356331e+16
1.180397e+16
1.444257e+16
1.485758e+16
1.453336e+16
1.348531e+16
1.176177e+16
1.357039e+16
1.39604e+16
1.365341e+16
1.266319e+16
1.103385e+16
1.351877e+16
1.390342e+16
1.359966e+16
1.262268e+16
1.102407e+16
1.351878e+16
1.390343e+16
1.359967e+16
1.262269e+16
1.102408e+16
1.35704e+16
1.396041e+16
1.365342e+16
1.26632e+16
1.103386e+16
8.830941e+15
1.444258e+16
1.48576e+16
1.453337e+16
1.348533e+16
1.176179e+16
1.487254e+16
1.53037e+16
1.4969e+16
1.388354e+16
1.209272e+16
1.397601e+16
1.438162e+16
1.406438e+16
1.303774e+16
1.134322e+16
9.043762e+15
1.453602e+16
1.495784e+16
1.462889e+16
1.356332e+16
1.180399e+16
1.397601e+16
1.438162e+16
1.406437e+16
1.303773e+16
1.134321e+16
1.453602e+16
1.495784e+16
1.462889e+16
1.356332e+16
1.180398e+16
1.487254e+16
1.53037e+16
1.4969e+16
1.388354e+16
1.209271e+16
1.35704e+16
1.396041e+16
1.365342e+16
1.26632e+16
1.103386e+16
1.351878e+16
1.390343e+16
1.359968e+16
1.262269e+16
1.102408e+16
1.444258e+16
1.48576e+16
1.453337e+16
1.348532e+16
1.176179e+16
1.286389e+16
1.3976e+16
1.438162e+16
1.406436e+16
1.303773e+16
1.13432e+16
1.246717e+16
1.351878e+16
1.390342e+16
1.359966e+16
1.262268e+16
1.102407e+16
1.250189e+16
1.357039e+16
1.39604e+16
1.365341e+16
1.266319e+16
1.103385e+16
1.33075e+16
1.444257e+16
1.485759e+16
1.453336e+16
1.348531e+16
1.176178e+16
1.337979e+16
1.453601e+16
1.495783e+16
1.462888e+16
1.356331e+16
1.180398e+16
1.369255e+16
1.487254e+16
1.530369e+16
1.496899e+16
1.388353e+16
1.209271e+16
1.286389e+16
1.3976e+16
1.438162e+16
1.406437e+16
1.303773e+16
1.13432e+16
1.369255e+16
1.487254e+16
1.530369e+16
1.496899e+16
1.388353e+16
1.209271e+16
1.33075e+16
1.444258e+16
1.485759e+16
1.453337e+16
1.348532e+16
1.176178e+16
1.246717e+16
1.351878e+16
1.390343e+16
1.359967e+16
1.262268e+16
1.102407e+16
1.337979e+16
1.453601e+16
1.495783e+16
1.462888e+16
1.356331e+16
1.180398e+16
1.25019e+16
1.357039e+16
1.39604e+16
1.365341e+16
1.266319e+16
1.103385e+16
1.369255e+16
1.487253e+16
1.530368e+16
1.496898e+16
1.388352e+16
1.20927e+16
1.33075e+16
1.444257e+16
1.485758e+16
1.453336e+16
1.348531e+16
1.176177e+16
1.246717e+16
1.351877e+16
1.390342e+16
1.359966e+16
1.262267e+16
1.102406e+16
1.337979e+16
1.453601e+16
1.495783e+16
1.462887e+16
1.35633e+16
1.180396e+16
1.250189e+16
1.357039e+16
1.39604e+16
1.36534e+16
1.266318e+16
1.103384e+16
1.286389e+16
1.3976e+16
1.438161e+16
1.406436e+16
1.303772e+16
1.134319e+16
9.912909e+15
1.01993e+16
9.976555e+15
9.253351e+15
8.055921e+15
6.419484e+15
1.049826e+16
1.080138e+16
1.056487e+16
9.798028e+15
8.529283e+15
6.796426e+15
1.185566e+16
1.219141e+16
1.192437e+16
1.106691e+16
9.661803e+15
7.775147e+15
1.148102e+16
1.180943e+16
1.155023e+16
1.071417e+16
9.335878e+15
7.461055e+15
1.148102e+16
1.180943e+16
1.155023e+16
1.071417e+16
9.335875e+15
7.461048e+15
1.049826e+16
1.080138e+16
1.056487e+16
9.798027e+15
8.529283e+15
6.796431e+15
1.049827e+16
1.080139e+16
1.056487e+16
9.798031e+15
8.529284e+15
6.796429e+15
1.148103e+16
1.180944e+16
1.155023e+16
1.071417e+16
9.335875e+15
7.461061e+15
1.049827e+16
1.080139e+16
1.056487e+16
9.798031e+15
8.529284e+15
6.796429e+15
9.912914e+15
1.019931e+16
9.97656e+15
9.253356e+15
8.055924e+15
6.419486e+15
1.185566e+16
1.219141e+16
1.192438e+16
1.106691e+16
9.661796e+15
7.775176e+15
1.148103e+16
1.180944e+16
1.155023e+16
1.071417e+16
9.335876e+15
7.461061e+15
1.049826e+16
1.080138e+16
1.056486e+16
9.79802e+15
8.529274e+15
1.093673e+16
1.185565e+16
1.21914e+16
1.192436e+16
1.10669e+16
9.661781e+15
1.148102e+16
1.180942e+16
1.155022e+16
1.071416e+16
9.335865e+15
9.128675e+15
9.912903e+15
1.01993e+16
9.976548e+15
9.253344e+15
8.055913e+15
9.668005e+15
1.049826e+16
1.080138e+16
1.056486e+16
9.798019e+15
8.529273e+15
1.058114e+16
1.148102e+16
1.180942e+16
1.155022e+16
1.071416e+16
9.335864e+15
9.668012e+15
1.049826e+16
1.080138e+16
1.056487e+16
9.798025e+15
8.529278e+15
1.093674e+16
1.185565e+16
1.21914e+16
1.192437e+16
1.10669e+16
9.661786e+15
9.128685e+15
9.912912e+15
1.019931e+16
9.976555e+15
9.25335e+15
8.055918e+15
1.058115e+16
1.148103e+16
1.180943e+16
1.155023e+16
1.071417e+16
9.335867e+15
1.058115e+16
1.148102e+16
1.180943e+16
1.155023e+16
1.071417e+16
9.335868e+15
9.668011e+15
1.049826e+16
1.080138e+16
1.056487e+16
9.798025e+15
8.529278e+15
1.093674e+16
1.185565e+16
1.21914e+16
1.192437e+16
1.10669e+16
9.66178e+15
9.66801e+15
1.049826e+16
1.080138e+16
1.056486e+16
9.798021e+15
8.529274e+15
1.058115e+16
1.148102e+16
1.180943e+16
1.155022e+16
1.071416e+16
9.335864e+15
1.058115e+16
1.148102e+16
1.180943e+16
1.155022e+16
1.071416e+16
9.335863e+15
9.66801e+15
1.049826e+16
1.080138e+16
1.056486e+16
9.79802e+15
8.529273e+15
9.128682e+15
9.912909e+15
1.01993e+16
9.976551e+15
9.253346e+15
8.055914e+15
9.912901e+15
1.01993e+16
9.976547e+15
9.253343e+15
8.055913e+15
1.148101e+16
1.180942e+16
1.155022e+16
1.071416e+16
9.335864e+15
1.049825e+16
1.080137e+16
1.056486e+16
9.798019e+15
8.529275e+15
9.668e+15
1.049825e+16
1.080137e+16
1.056486e+16
9.798018e+15
8.529273e+15
1.185564e+16
1.21914e+16
1.192436e+16
1.10669e+16
9.661781e+15
1.058114e+16
1.148102e+16
1.180942e+16
1.155022e+16
1.071416e+16
9.335863e+15
1.300357e+16
1.337813e+16
1.308356e+16
1.213277e+16
1.056716e+16
1.155727e+16
1.189521e+16
1.16336e+16
1.078313e+16
9.375864e+15
7.456991e+15
1.274926e+16
1.312282e+16
1.283291e+16
1.189159e+16
1.033544e+16
1.201972e+16
1.237484e+16
1.210205e+16
1.121261e+16
9.739639e+15
7.732383e+15
1.248661e+16
1.284169e+16
1.256016e+16
1.16554e+16
1.01734e+16
8.18796e+15
1.190479e+16
1.22468e+16
1.197768e+16
1.11088e+16
9.676625e+15
7.730903e+15
1.274927e+16
1.312283e+16
1.283292e+16
1.18916e+16
1.033545e+16
8.219076e+15
1.155728e+16
1.189522e+16
1.163361e+16
1.078314e+16
9.37587e+15
7.457001e+15
1.201972e+16
1.237485e+16
1.210206e+16
1.121262e+16
9.739646e+15
7.732389e+15
1.300358e+16
1.337814e+16
1.308357e+16
1.213278e+16
1.056718e+16
8.446707e+15
1.248661e+16
1.284169e+16
1.256017e+16
1.16554e+16
1.017343e+16
8.188038e+15
1.19048e+16
1.224681e+16
1.197769e+16
1.110881e+16
9.676629e+15
7.730929e+15
1.274926e+16
1.312282e+16
1.283291e+16
1.189159e+16
1.033544e+16
1.24866e+16
1.284168e+16
1.256015e+16
1.165539e+16
1.017341e+16
1.155727e+16
1.189521e+16
1.16336e+16
1.078313e+16
9.37586e+15
1.300357e+16
1.337813e+16
1.308356e+16
1.213277e+16
1.056716e+16
1.190479e+16
1.22468e+16
1.197767e+16
1.11088e+16
9.676618e+15
1.201972e+16
1.237485e+16
1.210205e+16
1.121261e+16
9.739637e+15
1.172666e+16
1.274926e+16
1.312282e+16
1.283291e+16
1.189159e+16
1.033544e+16
1.096811e+16
1.190479e+16
1.22468e+16
1.197768e+16
1.11088e+16
9.676619e+15
1.063282e+16
1.155727e+16
1.189521e+16
1.16336e+16
1.078313e+16
9.375861e+15
1.19776e+16
1.300357e+16
1.337813e+16
1.308356e+16
1.213277e+16
1.056716e+16
1.104907e+16
1.201972e+16
1.237485e+16
1.210205e+16
1.121261e+16
9.739636e+15
1.15152e+16
1.248661e+16
1.284169e+16
1.256015e+16
1.165539e+16
1.017341e+16
1.15152e+16
1.248661e+16
1.284168e+16
1.256015e+16
1.165539e+16
1.017341e+16
1.19776e+16
1.300357e+16
1.337813e+16
1.308356e+16
1.213277e+16
1.056716e+16
1.09681e+16
1.190479e+16
1.22468e+16
1.197767e+16
1.11088e+16
9.676617e+15
1.172666e+16
1.274926e+16
1.312282e+16
1.283291e+16
1.189159e+16
1.033544e+16
1.063282e+16
1.155727e+16
1.189521e+16
1.16336e+16
1.078313e+16
9.375858e+15
1.104907e+16
1.201972e+16
1.237485e+16
1.210205e+16
1.121261e+16
9.739634e+15
1.151519e+16
1.24866e+16
1.284168e+16
1.256015e+16
1.165538e+16
1.017341e+16
1.19776e+16
1.300356e+16
1.337813e+16
1.308355e+16
1.213277e+16
1.056716e+16
1.063281e+16
1.155726e+16
1.18952e+16
1.16336e+16
1.078313e+16
9.375856e+15
1.09681e+16
1.190478e+16
1.224679e+16
1.197767e+16
1.110879e+16
9.676615e+15
1.172666e+16
1.274926e+16
1.312281e+16
1.283291e+16
1.189158e+16
1.033543e+16
1.104906e+16
1.201971e+16
1.237484e+16
1.210205e+16
1.12126e+16
9.739631e+15
1.252821e+16
1.290322e+16
1.261805e+16
1.168483e+16
1.013857e+16
1.302747e+16
1.341217e+16
1.311528e+16
1.214909e+16
1.055031e+16
1.360589e+16
1.400448e+16
1.369449e+16
1.268873e+16
1.102607e+16
1.302747e+16
1.341217e+16
1.311528e+16
1.214909e+16
1.05503e+16
1.252821e+16
1.290322e+16
1.261805e+16
1.168483e+16
1.013857e+16
1.360589e+16
1.400448e+16
1.369449e+16
1.268873e+16
1.102607e+16
1.252822e+16
1.290323e+16
1.261806e+16
1.168484e+16
1.013857e+16
8.035289e+15
1.252822e+16
1.290323e+16
1.261806e+16
1.168484e+16
1.013857e+16
8.03529e+15
1.302748e+16
1.341218e+16
1.31153e+16
1.21491e+16
1.055032e+16
8.376615e+15
1.302748e+16
1.341218e+16
1.311529e+16
1.21491e+16
1.055031e+16
8.376613e+15
1.36059e+16
1.400449e+16
1.36945e+16
1.268874e+16
1.102608e+16
8.767431e+15
1.36059e+16
1.400449e+16
1.36945e+16
1.268874e+16
1.102608e+16
8.767431e+15
1.302747e+16
1.341218e+16
1.311529e+16
1.214909e+16
1.055031e+16
1.252822e+16
1.290322e+16
1.261805e+16
1.168483e+16
1.013857e+16
1.360589e+16
1.400449e+16
1.36945e+16
1.268874e+16
1.102607e+16
1.36059e+16
1.400449e+16
1.36945e+16
1.268874e+16
1.102607e+16
1.252822e+16
1.290323e+16
1.261805e+16
1.168483e+16
1.013857e+16
1.302748e+16
1.341218e+16
1.311529e+16
1.21491e+16
1.055031e+16
1.251343e+16
1.360589e+16
1.400448e+16
1.369449e+16
1.268873e+16
1.102607e+16
1.197462e+16
1.302747e+16
1.341217e+16
1.311529e+16
1.214909e+16
1.05503e+16
1.251343e+16
1.360589e+16
1.400448e+16
1.369449e+16
1.268873e+16
1.102607e+16
1.150458e+16
1.252821e+16
1.290322e+16
1.261805e+16
1.168483e+16
1.013856e+16
1.150458e+16
1.252821e+16
1.290322e+16
1.261805e+16
1.168483e+16
1.013856e+16
1.197462e+16
1.302747e+16
1.341217e+16
1.311529e+16
1.214909e+16
1.05503e+16
1.150458e+16
1.252822e+16
1.290322e+16
1.261805e+16
1.168483e+16
1.013856e+16
1.197462e+16
1.302747e+16
1.341217e+16
1.311529e+16
1.214909e+16
1.05503e+16
1.251343e+16
1.360589e+16
1.400448e+16
1.369449e+16
1.268873e+16
1.102607e+16
1.150458e+16
1.252822e+16
1.290322e+16
1.261805e+16
1.168483e+16
1.013857e+16
1.251343e+16
1.360589e+16
1.400448e+16
1.369449e+16
1.268873e+16
1.102607e+16
1.197462e+16
1.302747e+16
1.341218e+16
1.311529e+16
1.214909e+16
1.05503e+16
1.150458e+16
1.252821e+16
1.290322e+16
1.261804e+16
1.168482e+16
1.013856e+16
1.150458e+16
1.252821e+16
1.290322e+16
1.261804e+16
1.168482e+16
1.013856e+16
1.197462e+16
1.302747e+16
1.341217e+16
1.311528e+16
1.214908e+16
1.05503e+16
1.197462e+16
1.302747e+16
1.341217e+16
1.311528e+16
1.214908e+16
1.05503e+16
1.251343e+16
1.360589e+16
1.400448e+16
1.369449e+16
1.268872e+16
1.102606e+16
1.251343e+16
1.360589e+16
1.400448e+16
1.369449e+16
1.268872e+16
1.102606e+16
1.155726e+16
1.18952e+16
1.16336e+16
1.078313e+16
9.375859e+15
1.201971e+16
1.237484e+16
1.210205e+16
1.121261e+16
9.739635e+15
1.24866e+16
1.284168e+16
1.256015e+16
1.165539e+16
1.017341e+16
1.190478e+16
1.224679e+16
1.197767e+16
1.11088e+16
9.676618e+15
1.274926e+16
1.312281e+16
1.283291e+16
1.189159e+16
1.033544e+16
1.300356e+16
1.337813e+16
1.308356e+16
1.213277e+16
1.056716e+16
1.201972e+16
1.237485e+16
1.210206e+16
1.121262e+16
9.739643e+15
7.732387e+15
1.300357e+16
1.337814e+16
1.308357e+16
1.213278e+16
1.056717e+16
8.446708e+15
1.248661e+16
1.284169e+16
1.256016e+16
1.16554e+16
1.017343e+16
8.188051e+15
1.274927e+16
1.312283e+16
1.283292e+16
1.18916e+16
1.033545e+16
8.219074e+15
1.155727e+16
1.189521e+16
1.163361e+16
1.078314e+16
9.375869e+15
7.457001e+15
1.190479e+16
1.22468e+16
1.197768e+16
1.110881e+16
9.676629e+15
7.730931e+15
1.248661e+16
1.284169e+16
1.256016e+16
1.16554e+16
1.017342e+16
1.300358e+16
1.337814e+16
1.308357e+16
1.213278e+16
1.056717e+16
1.19048e+16
1.224681e+16
1.197768e+16
1.110881e+16
9.676628e+15
7.73093e+15
1.274927e+16
1.312283e+16
1.283292e+16
1.189159e+16
1.033544e+16
1.155728e+16
1.189522e+16
1.163361e+16
1.078314e+16
9.375867e+15
7.456999e+15
1.201973e+16
1.237485e+16
1.210206e+16
1.121262e+16
9.739641e+15
1.15152e+16
1.24866e+16
1.284168e+16
1.256015e+16
1.165539e+16
1.017341e+16
1.09681e+16
1.190479e+16
1.22468e+16
1.197767e+16
1.11088e+16
9.676616e+15
1.19776e+16
1.300357e+16
1.337813e+16
1.308356e+16
1.213277e+16
1.056716e+16
1.172666e+16
1.274926e+16
1.312282e+16
1.283291e+16
1.189159e+16
1.033543e+16
1.063281e+16
1.155727e+16
1.189521e+16
1.16336e+16
1.078313e+16
9.375857e+15
1.104907e+16
1.201972e+16
1.237485e+16
1.210205e+16
1.121261e+16
9.739632e+15
1.15152e+16
1.248661e+16
1.284169e+16
1.256015e+16
1.165539e+16
1.017341e+16
1.19776e+16
1.300357e+16
1.337813e+16
1.308356e+16
1.213277e+16
1.056716e+16
1.063282e+16
1.155727e+16
1.189521e+16
1.16336e+16
1.078313e+16
9.375861e+15
1.09681e+16
1.190479e+16
1.22468e+16
1.197768e+16
1.11088e+16
9.67662e+15
1.172666e+16
1.274927e+16
1.312282e+16
1.283291e+16
1.189159e+16
1.033544e+16
1.104907e+16
1.201972e+16
1.237485e+16
1.210206e+16
1.121261e+16
9.739635e+15
1.15152e+16
1.24866e+16
1.284168e+16
1.256015e+16
1.165539e+16
1.017341e+16
1.09681e+16
1.190479e+16
1.22468e+16
1.197767e+16
1.110879e+16
9.676615e+15
1.19776e+16
1.300357e+16
1.337813e+16
1.308356e+16
1.213277e+16
1.056716e+16
1.172666e+16
1.274926e+16
1.312282e+16
1.283291e+16
1.189158e+16
1.033543e+16
1.104907e+16
1.201972e+16
1.237484e+16
1.210205e+16
1.12126e+16
9.73963e+15
1.063281e+16
1.155727e+16
1.189521e+16
1.16336e+16
1.078313e+16
9.375855e+15
6.894507e+15
7.091665e+15
6.94289e+15
6.456229e+15
5.657747e+15
4.58905e+15
6.445023e+15
6.628089e+15
6.48976e+15
6.037379e+15
5.294187e+15
4.291378e+15
8.846163e+15
9.102097e+15
8.907217e+15
8.270531e+15
7.219508e+15
5.793778e+15
8.846164e+15
9.102097e+15
8.907217e+15
8.27053e+15
7.219508e+15
5.793777e+15
6.894506e+15
7.091664e+15
6.94289e+15
6.456228e+15
5.657747e+15
4.589049e+15
9.780888e+15
1.006404e+16
9.846715e+15
9.138139e+15
7.966132e+15
6.369221e+15
6.445025e+15
6.628091e+15
6.489761e+15
6.037379e+15
5.294186e+15
4.291376e+15
6.894516e+15
7.091673e+15
6.942897e+15
6.456234e+15
5.657752e+15
4.589052e+15
8.846178e+15
9.102111e+15
8.907229e+15
8.270542e+15
7.219517e+15
5.793783e+15
6.894515e+15
7.091672e+15
6.942896e+15
6.456233e+15
5.657751e+15
4.589052e+15
9.7809e+15
1.006406e+16
9.846725e+15
9.138147e+15
7.966137e+15
6.369224e+15
8.846178e+15
9.102111e+15
8.907229e+15
8.270541e+15
7.219516e+15
5.793783e+15
6.361837e+15
6.894503e+15
7.091662e+15
6.942887e+15
6.456225e+15
5.657744e+15
8.846164e+15
9.102098e+15
8.907218e+15
8.270531e+15
7.219508e+15
6.361845e+15
6.894505e+15
7.091663e+15
6.942888e+15
6.456225e+15
5.657744e+15
5.950522e+15
6.445013e+15
6.62808e+15
6.489751e+15
6.03737e+15
5.294179e+15
9.008483e+15
9.780886e+15
1.006404e+16
9.846712e+15
9.138135e+15
7.966127e+15
8.150149e+15
8.846165e+15
9.102098e+15
8.907218e+15
8.270531e+15
7.219507e+15
9.008496e+15
9.780895e+15
1.006405e+16
9.846717e+15
9.138139e+15
7.96613e+15
8.150156e+15
8.84617e+15
9.102101e+15
8.907219e+15
8.270531e+15
7.219507e+15
8.150155e+15
8.846169e+15
9.102101e+15
8.907219e+15
8.27053e+15
7.219506e+15
6.361852e+15
6.894512e+15
7.091669e+15
6.942892e+15
6.456229e+15
5.657746e+15
6.361853e+15
6.894513e+15
7.09167e+15
6.942893e+15
6.456229e+15
5.657746e+15
5.950538e+15
6.445029e+15
6.628094e+15
6.489763e+15
6.03738e+15
5.294186e+15
6.361851e+15
6.894511e+15
7.091667e+15
6.942891e+15
6.456227e+15
5.657744e+15
8.150158e+15
8.846172e+15
9.102104e+15
8.907221e+15
8.270533e+15
7.219508e+15
5.950531e+15
6.445021e+15
6.628086e+15
6.489755e+15
6.037373e+15
5.29418e+15
6.361852e+15
6.894512e+15
7.091668e+15
6.942892e+15
6.456228e+15
5.657745e+15
9.008495e+15
9.780894e+15
1.006405e+16
9.846716e+15
9.138137e+15
7.966128e+15
8.150158e+15
8.846173e+15
9.102105e+15
8.907222e+15
8.270533e+15
7.219508e+15
8.846165e+15
9.102099e+15
8.907218e+15
8.270531e+15
7.219508e+15
9.780884e+15
1.006404e+16
9.846711e+15
9.138135e+15
7.966127e+15
6.894504e+15
7.091663e+15
6.942888e+15
6.456226e+15
5.657744e+15
8.846164e+15
9.102098e+15
8.907217e+15
8.270531e+15
7.219507e+15
6.894504e+15
7.091662e+15
6.942888e+15
6.456226e+15
5.657744e+15
6.445014e+15
6.628081e+15
6.489752e+15
6.037371e+15
5.294179e+15
9.515975e+15
9.793259e+15
9.582611e+15
8.893758e+15
7.75614e+15
6.213844e+15
8.01916e+15
8.253457e+15
8.078653e+15
7.504311e+15
6.56043e+15
5.298671e+15
1.131136e+16
1.164177e+16
1.138802e+16
1.056059e+16
9.190714e+15
7.322454e+15
9.262162e+15
9.537761e+15
9.333932e+15
8.661295e+15
7.550453e+15
6.04817e+15
1.203784e+16
1.239276e+16
1.212184e+16
1.12364e+16
9.76951e+15
7.76849e+15
1.119492e+16
1.152939e+16
1.127918e+16
1.045578e+16
9.091525e+15
7.234138e+15
1.203785e+16
1.239277e+16
1.212185e+16
1.123641e+16
9.769516e+15
7.76849e+15
1.131136e+16
1.164177e+16
1.138802e+16
1.05606e+16
9.190719e+15
7.322455e+15
9.515987e+15
9.793271e+15
9.582622e+15
8.893767e+15
7.756147e+15
6.213848e+15
8.019177e+15
8.253474e+15
8.078669e+15
7.504325e+15
6.560442e+15
5.29868e+15
9.262175e+15
9.537774e+15
9.333944e+15
8.661306e+15
7.550462e+15
6.048176e+15
1.119493e+16
1.15294e+16
1.127919e+16
1.045578e+16
9.091532e+15
7.234142e+15
9.515973e+15
9.793258e+15
9.58261e+15
8.893756e+15
7.756137e+15
1.131135e+16
1.164176e+16
1.138801e+16
1.056059e+16
9.190708e+15
8.019164e+15
8.253463e+15
8.078658e+15
7.504315e+15
6.560433e+15
9.262166e+15
9.537764e+15
9.333934e+15
8.661296e+15
7.550454e+15
1.203784e+16
1.239276e+16
1.212183e+16
1.12364e+16
9.769505e+15
1.119492e+16
1.152939e+16
1.127918e+16
1.045577e+16
9.091522e+15
1.106953e+16
1.203784e+16
1.239276e+16
1.212184e+16
1.12364e+16
9.769507e+15
8.761824e+15
9.51598e+15
9.793263e+15
9.582613e+15
8.893758e+15
7.756138e+15
1.028637e+16
1.119493e+16
1.15294e+16
1.127918e+16
1.045578e+16
9.091524e+15
8.516966e+15
9.262167e+15
9.537764e+15
9.333933e+15
8.661295e+15
7.550452e+15
7.386296e+15
8.019164e+15
8.25346e+15
8.078654e+15
7.504311e+15
6.560429e+15
1.04092e+16
1.131136e+16
1.164177e+16
1.138802e+16
1.056059e+16
9.190711e+15
1.106953e+16
1.203784e+16
1.239276e+16
1.212184e+16
1.12364e+16
9.769504e+15
1.028637e+16
1.119493e+16
1.15294e+16
1.127918e+16
1.045577e+16
9.091522e+15
8.51697e+15
9.262171e+15
9.537768e+15
9.333937e+15
8.661298e+15
7.550454e+15
1.040919e+16
1.131136e+16
1.164177e+16
1.138801e+16
1.056059e+16
9.190708e+15
7.386304e+15
8.019172e+15
8.253468e+15
8.078662e+15
7.504318e+15
6.560434e+15
8.761825e+15
9.515982e+15
9.793264e+15
9.582614e+15
8.893758e+15
7.756138e+15
1.106952e+16
1.203783e+16
1.239276e+16
1.212183e+16
1.12364e+16
9.769502e+15
1.028636e+16
1.119492e+16
1.152939e+16
1.127918e+16
1.045577e+16
9.091519e+15
1.040919e+16
1.131135e+16
1.164176e+16
1.138801e+16
1.056059e+16
9.190706e+15
8.516966e+15
9.262167e+15
9.537764e+15
9.333933e+15
8.661295e+15
7.550452e+15
8.761816e+15
9.515974e+15
9.793258e+15
9.58261e+15
8.893756e+15
7.756136e+15
7.386298e+15
8.019167e+15
8.253464e+15
8.078658e+15
7.504315e+15
6.560432e+15
1.251907e+16
1.290282e+16
1.262141e+16
1.168831e+16
1.013958e+16
1.10809e+16
1.142267e+16
1.117633e+16
1.035475e+16
8.991454e+15
7.136977e+15
1.074979e+16
1.107881e+16
1.084017e+16
1.004618e+16
8.729277e+15
6.937583e+15
1.34854e+16
1.389393e+16
1.358855e+16
1.258284e+16
1.09147e+16
1.185598e+16
1.221452e+16
1.194871e+16
1.107093e+16
9.614956e+15
7.631387e+15
1.317289e+16
1.356928e+16
1.327137e+16
1.229216e+16
1.066828e+16
8.455845e+15
1.108091e+16
1.142269e+16
1.117634e+16
1.035476e+16
8.991461e+15
7.136982e+15
1.251908e+16
1.290283e+16
1.262142e+16
1.168832e+16
1.013959e+16
8.030918e+15
1.185599e+16
1.221453e+16
1.194872e+16
1.107094e+16
9.614963e+15
7.631391e+15
1.31729e+16
1.356929e+16
1.327138e+16
1.229216e+16
1.066829e+16
8.45585e+15
1.348541e+16
1.389395e+16
1.358857e+16
1.258285e+16
1.091471e+16
8.643721e+15
1.07498e+16
1.107882e+16
1.084018e+16
1.004619e+16
8.729285e+15
6.937589e+15
1.108091e+16
1.142268e+16
1.117634e+16
1.035475e+16
8.991455e+15
1.074979e+16
1.107881e+16
1.084017e+16
1.004618e+16
8.729277e+15
1.185598e+16
1.221452e+16
1.194871e+16
1.107093e+16
9.614954e+15
1.251908e+16
1.290283e+16
1.262141e+16
1.168831e+16
1.013958e+16
1.31729e+16
1.356929e+16
1.327137e+16
1.229215e+16
1.066828e+16
1.348541e+16
1.389394e+16
1.358856e+16
1.258285e+16
1.09147e+16
1.147991e+16
1.251908e+16
1.290283e+16
1.262141e+16
1.168831e+16
1.013958e+16
9.861672e+15
1.07498e+16
1.107881e+16
1.084017e+16
1.004618e+16
8.729277e+15
1.237453e+16
1.348541e+16
1.389394e+16
1.358856e+16
1.258284e+16
1.09147e+16
1.209407e+16
1.31729e+16
1.356929e+16
1.327137e+16
1.229215e+16
1.066828e+16
1.088324e+16
1.185598e+16
1.221452e+16
1.194871e+16
1.107093e+16
9.614955e+15
1.01593e+16
1.108091e+16
1.142268e+16
1.117634e+16
1.035475e+16
8.991454e+15
1.209407e+16
1.31729e+16
1.356929e+16
1.327137e+16
1.229215e+16
1.066828e+16
1.088324e+16
1.185598e+16
1.221452e+16
1.194871e+16
1.107093e+16
9.614954e+15
1.147991e+16
1.251908e+16
1.290283e+16
1.262141e+16
1.168831e+16
1.013958e+16
1.01593e+16
1.108091e+16
1.142268e+16
1.117634e+16
1.035475e+16
8.991454e+15
1.237452e+16
1.348541e+16
1.389394e+16
1.358856e+16
1.258284e+16
1.09147e+16
9.861672e+15
1.07498e+16
1.107881e+16
1.084017e+16
1.004618e+16
8.729277e+15
1.147991e+16
1.251908e+16
1.290282e+16
1.262141e+16
1.16883e+16
1.013957e+16
1.237452e+16
1.348541e+16
1.389394e+16
1.358855e+16
1.258284e+16
1.091469e+16
1.01593e+16
1.10809e+16
1.142268e+16
1.117633e+16
1.035475e+16
8.99145e+15
1.209406e+16
1.317289e+16
1.356928e+16
1.327136e+16
1.229215e+16
1.066827e+16
1.088324e+16
1.185598e+16
1.221452e+16
1.194871e+16
1.107092e+16
9.61495e+15
9.861671e+15
1.074979e+16
1.107881e+16
1.084017e+16
1.004618e+16
8.729273e+15
1.10809e+16
1.142267e+16
1.117633e+16
1.035475e+16
8.991453e+15
1.317289e+16
1.356928e+16
1.327136e+16
1.229215e+16
1.066828e+16
1.251907e+16
1.290282e+16
1.26214e+16
1.168831e+16
1.013958e+16
1.185597e+16
1.221451e+16
1.194871e+16
1.107092e+16
9.614953e+15
1.074978e+16
1.10788e+16
1.084017e+16
1.004618e+16
8.729276e+15
1.34854e+16
1.389393e+16
1.358855e+16
1.258284e+16
1.09147e+16
1.31729e+16
1.356929e+16
1.327137e+16
1.229216e+16
1.066829e+16
8.455851e+15
1.185598e+16
1.221452e+16
1.194872e+16
1.107093e+16
9.614962e+15
7.631391e+15
1.07498e+16
1.107881e+16
1.084018e+16
1.004618e+16
8.729283e+15
6.937588e+15
1.348541e+16
1.389394e+16
1.358856e+16
1.258285e+16
1.091471e+16
8.643721e+15
1.108091e+16
1.142268e+16
1.117634e+16
1.035476e+16
8.991461e+15
7.136982e+15
1.251908e+16
1.290283e+16
1.262142e+16
1.168832e+16
1.013959e+16
8.030918e+15
1.251908e+16
1.290283e+16
1.262141e+16
1.168831e+16
1.013958e+16
1.108091e+16
1.142268e+16
1.117634e+16
1.035476e+16
8.991457e+15
1.348542e+16
1.389395e+16
1.358856e+16
1.258285e+16
1.09147e+16
1.07498e+16
1.107882e+16
1.084018e+16
1.004618e+16
8.729281e+15
1.31729e+16
1.356929e+16
1.327138e+16
1.229216e+16
1.066828e+16
1.185599e+16
1.221453e+16
1.194872e+16
1.107093e+16
9.614959e+15
1.237453e+16
1.348541e+16
1.389394e+16
1.358856e+16
1.258284e+16
1.09147e+16
1.147991e+16
1.251908e+16
1.290283e+16
1.262141e+16
1.168831e+16
1.013958e+16
1.209407e+16
1.31729e+16
1.356929e+16
1.327137e+16
1.229215e+16
1.066828e+16
1.088324e+16
1.185598e+16
1.221452e+16
1.194871e+16
1.107092e+16
9.614951e+15
1.015931e+16
1.108091e+16
1.142268e+16
1.117634e+16
1.035475e+16
8.991452e+15
9.861671e+15
1.074979e+16
1.107881e+16
1.084017e+16
1.004618e+16
8.729274e+15
1.088325e+16
1.185598e+16
1.221452e+16
1.194872e+16
1.107093e+16
9.614955e+15
9.861673e+15
1.07498e+16
1.107881e+16
1.084017e+16
1.004618e+16
8.729278e+15
1.209407e+16
1.31729e+16
1.356929e+16
1.327137e+16
1.229215e+16
1.066828e+16
1.015931e+16
1.108091e+16
1.142268e+16
1.117634e+16
1.035475e+16
8.991454e+15
1.237453e+16
1.348541e+16
1.389394e+16
1.358856e+16
1.258284e+16
1.09147e+16
1.147991e+16
1.251908e+16
1.290283e+16
1.262141e+16
1.168831e+16
1.013958e+16
1.147991e+16
1.251908e+16
1.290282e+16
1.262141e+16
1.16883e+16
1.013957e+16
1.237452e+16
1.348541e+16
1.389394e+16
1.358855e+16
1.258284e+16
1.091469e+16
1.01593e+16
1.108091e+16
1.142268e+16
1.117633e+16
1.035475e+16
8.99145e+15
9.861671e+15
1.074979e+16
1.107881e+16
1.084017e+16
1.004618e+16
8.729273e+15
1.088324e+16
1.185598e+16
1.221452e+16
1.194871e+16
1.107092e+16
9.61495e+15
1.209406e+16
1.317289e+16
1.356928e+16
1.327136e+16
1.229215e+16
1.066827e+16
8.019163e+15
8.253461e+15
8.078657e+15
7.504315e+15
6.560433e+15
1.203783e+16
1.239275e+16
1.212183e+16
1.12364e+16
9.769504e+15
1.119492e+16
1.152939e+16
1.127918e+16
1.045577e+16
9.091522e+15
9.262161e+15
9.53776e+15
9.333931e+15
8.661295e+15
7.550453e+15
1.131135e+16
1.164176e+16
1.138801e+16
1.056059e+16
9.190707e+15
9.515971e+15
9.793256e+15
9.582608e+15
8.893755e+15
7.756137e+15
9.262165e+15
9.537765e+15
9.333935e+15
8.661298e+15
7.550457e+15
6.048173e+15
1.119493e+16
1.15294e+16
1.127919e+16
1.045578e+16
9.09153e+15
7.234141e+15
9.515976e+15
9.793261e+15
9.582613e+15
8.89376e+15
7.756142e+15
6.213845e+15
8.01916e+15
8.253458e+15
8.078655e+15
7.504313e+15
6.560433e+15
5.298673e+15
1.203784e+16
1.239276e+16
1.212184e+16
1.123641e+16
9.769513e+15
7.768487e+15
1.131136e+16
1.164177e+16
1.138802e+16
1.05606e+16
9.190716e+15
7.322454e+15
9.515988e+15
9.793271e+15
9.582622e+15
8.893766e+15
7.756145e+15
6.213847e+15
8.019176e+15
8.253473e+15
8.078667e+15
7.504324e+15
6.56044e+15
5.298678e+15
1.131137e+16
1.164177e+16
1.138802e+16
1.05606e+16
9.190717e+15
7.322453e+15
9.262176e+15
9.537774e+15
9.333943e+15
8.661304e+15
7.55046e+15
6.048174e+15
1.203785e+16
1.239277e+16
1.212185e+16
1.123641e+16
9.769512e+15
7.768486e+15
1.119493e+16
1.15294e+16
1.127919e+16
1.045578e+16
9.091529e+15
7.234139e+15
7.386298e+15
8.019166e+15
8.253463e+15
8.078658e+15
7.504315e+15
6.560433e+15
1.040919e+16
1.131135e+16
1.164176e+16
1.138801e+16
1.056059e+16
9.190706e+15
1.028636e+16
1.119492e+16
1.152939e+16
1.127918e+16
1.045577e+16
9.09152e+15
8.516964e+15
9.262165e+15
9.537764e+15
9.333933e+15
8.661295e+15
7.550452e+15
8.761817e+15
9.515975e+15
9.793258e+15
9.58261e+15
8.893756e+15
7.756137e+15
1.106952e+16
1.203784e+16
1.239276e+16
1.212183e+16
1.12364e+16
9.769502e+15
1.04092e+16
1.131136e+16
1.164177e+16
1.138802e+16
1.056059e+16
9.190712e+15
1.106953e+16
1.203784e+16
1.239276e+16
1.212184e+16
1.12364e+16
9.769508e+15
1.028637e+16
1.119493e+16
1.15294e+16
1.127918e+16
1.045578e+16
9.091525e+15
8.761824e+15
9.515981e+15
9.793264e+15
9.582614e+15
8.893759e+15
7.756139e+15
7.386299e+15
8.019167e+15
8.253463e+15
8.078656e+15
7.504313e+15
6.56043e+15
8.516968e+15
9.262169e+15
9.537767e+15
9.333935e+15
8.661296e+15
7.550453e+15
8.516969e+15
9.262169e+15
9.537766e+15
9.333934e+15
8.661295e+15
7.550452e+15
1.028636e+16
1.119493e+16
1.152939e+16
1.127918e+16
1.045577e+16
9.091519e+15
1.106952e+16
1.203784e+16
1.239276e+16
1.212183e+16
1.12364e+16
9.769501e+15
7.386302e+15
8.01917e+15
8.253466e+15
8.07866e+15
7.504316e+15
6.560433e+15
8.761824e+15
9.51598e+15
9.793262e+15
9.582612e+15
8.893757e+15
7.756137e+15
1.040919e+16
1.131136e+16
1.164176e+16
1.138801e+16
1.056059e+16
9.190706e+15
3.2723e+15
3.362486e+15
3.294085e+15
3.070878e+15
2.705833e+15
2.215861e+15
2.698654e+15
2.772525e+15
2.716257e+15
2.532859e+15
2.232883e+15
1.830956e+15
4.601977e+15
4.730458e+15
4.633555e+15
4.316886e+15
3.79924e+15
3.105929e+15
4.601977e+15
4.730458e+15
4.633555e+15
4.316885e+15
3.79924e+15
3.105928e+15
3.272299e+15
3.362486e+15
3.294084e+15
3.070878e+15
2.705832e+15
2.215861e+15
5.287917e+15
5.436257e+15
5.324119e+15
4.957561e+15
4.355869e+15
3.540712e+15
3.272299e+15
3.362484e+15
3.294083e+15
3.070876e+15
2.70583e+15
2.215859e+15
2.698654e+15
2.772524e+15
2.716256e+15
2.532857e+15
2.232881e+15
1.830954e+15
4.601974e+15
4.730455e+15
4.633551e+15
4.316882e+15
3.799236e+15
3.105925e+15
3.272299e+15
3.362485e+15
3.294083e+15
3.070876e+15
2.705831e+15
2.215859e+15
4.601975e+15
4.730456e+15
4.633552e+15
4.316882e+15
3.799237e+15
3.105926e+15
5.287915e+15
5.436253e+15
5.324115e+15
4.957557e+15
4.355864e+15
3.540709e+15
3.030151e+15
3.272292e+15
3.362479e+15
3.294078e+15
3.070872e+15
2.705826e+15
3.030153e+15
3.272293e+15
3.362479e+15
3.294078e+15
3.070872e+15
2.705826e+15
4.256925e+15
4.601968e+15
4.730448e+15
4.633545e+15
4.316876e+15
3.799231e+15
2.500159e+15
2.698649e+15
2.77252e+15
2.716251e+15
2.532853e+15
2.232878e+15
4.25692e+15
4.601966e+15
4.730447e+15
4.633544e+15
4.316876e+15
3.799231e+15
4.888275e+15
5.287907e+15
5.436245e+15
5.324107e+15
4.95755e+15
4.355858e+15
4.888293e+15
5.287925e+15
5.436262e+15
5.324122e+15
4.957563e+15
4.355868e+15
2.500168e+15
2.698657e+15
2.772528e+15
2.716259e+15
2.532859e+15
2.232883e+15
4.256937e+15
4.601982e+15
4.730462e+15
4.633557e+15
4.316886e+15
3.799239e+15
4.256938e+15
4.601983e+15
4.730462e+15
4.633558e+15
4.316887e+15
3.79924e+15
3.030161e+15
3.272302e+15
3.362488e+15
3.294086e+15
3.070879e+15
2.705832e+15
3.030162e+15
3.272303e+15
3.362489e+15
3.294086e+15
3.070879e+15
2.705832e+15
2.500163e+15
2.698653e+15
2.772523e+15
2.716254e+15
2.532855e+15
2.232879e+15
3.030156e+15
3.272297e+15
3.362482e+15
3.29408e+15
3.070873e+15
2.705827e+15
4.256929e+15
4.601972e+15
4.730452e+15
4.633547e+15
4.316878e+15
3.799232e+15
3.030157e+15
3.272297e+15
3.362483e+15
3.29408e+15
3.070873e+15
2.705827e+15
4.25693e+15
4.601973e+15
4.730453e+15
4.633549e+15
4.316879e+15
3.799233e+15
4.888282e+15
5.287912e+15
5.43625e+15
5.324111e+15
4.957552e+15
4.35586e+15
3.272294e+15
3.36248e+15
3.294078e+15
3.070872e+15
2.705827e+15
2.698649e+15
2.77252e+15
2.716252e+15
2.532854e+15
2.232878e+15
3.272293e+15
3.362479e+15
3.294078e+15
3.070872e+15
2.705827e+15
4.601968e+15
4.730449e+15
4.633546e+15
4.316876e+15
3.799231e+15
5.287908e+15
5.436246e+15
5.324108e+15
4.957551e+15
4.355859e+15
4.601967e+15
4.730448e+15
4.633545e+15
4.316876e+15
3.799231e+15
2.65686e-306
2.733802e-306
2.677613e-306
2.492202e-306
2.190768e-306
1.798942e-306
3.019094e-306
3.10648e-306
3.041995e-306
2.829772e-306
2.483867e-306
2.032315e-306
2.834141e-306
2.915239e-306
2.85491e-306
2.656918e-306
2.334252e-306
1.911996e-306
2.123081e-306
2.183655e-306
2.139255e-306
1.993087e-306
1.75628e-306
1.449723e-306
2.352081e-306
2.418507e-306
2.368982e-306
2.206665e-306
1.942619e-306
1.596756e-306
2.0061e-306
2.062612e-306
2.020707e-306
1.88325e-306
1.660387e-306
1.370487e-306
2.834142e-306
2.91524e-306
2.854911e-306
2.656918e-306
2.334252e-306
1.911996e-306
3.019099e-306
3.106484e-306
3.041999e-306
2.829775e-306
2.483869e-306
2.032318e-306
2.35208e-306
2.418506e-306
2.36898e-306
2.206664e-306
1.942617e-306
1.596755e-306
2.0061e-306
2.062611e-306
2.020706e-306
1.883249e-306
1.660386e-306
1.370486e-306
2.656862e-306
2.733804e-306
2.677615e-306
2.492203e-306
2.190768e-306
1.798943e-306
2.123081e-306
2.183655e-306
2.139255e-306
1.993086e-306
1.756279e-306
1.449722e-306
2.123077e-306
2.183651e-306
2.139251e-306
1.993083e-306
1.756276e-306
2.656857e-306
2.733799e-306
2.677611e-306
2.492199e-306
2.190765e-306
3.019093e-306
3.106479e-306
3.041995e-306
2.829771e-306
2.483866e-306
2.352075e-306
2.418501e-306
2.368976e-306
2.20666e-306
1.942614e-306
2.006095e-306
2.062607e-306
2.020702e-306
1.883246e-306
1.660383e-306
2.834136e-306
2.915234e-306
2.854906e-306
2.656914e-306
2.334249e-306
2.451601e-306
2.656863e-306
2.733804e-306
2.677614e-306
2.492202e-306
2.190767e-306
1.961946e-306
2.123083e-306
2.183657e-306
2.139256e-306
1.993087e-306
1.75628e-306
2.784985e-306
3.019097e-306
3.106482e-306
3.041996e-306
2.829772e-306
2.483866e-306
2.616716e-306
2.834144e-306
2.915241e-306
2.854911e-306
2.656918e-306
2.334252e-306
1.855528e-306
2.006102e-306
2.062613e-306
2.020707e-306
1.883251e-306
1.660387e-306
2.17443e-306
2.352083e-306
2.418508e-306
2.368983e-306
2.206666e-306
1.942619e-306
2.784986e-306
3.019097e-306
3.106482e-306
3.041997e-306
2.829772e-306
2.483866e-306
2.616713e-306
2.834141e-306
2.915238e-306
2.854908e-306
2.656915e-306
2.33425e-306
2.4516e-306
2.656861e-306
2.733802e-306
2.677613e-306
2.4922e-306
2.190766e-306
2.174427e-306
2.352079e-306
2.418504e-306
2.368978e-306
2.206662e-306
1.942615e-306
1.961943e-306
2.12308e-306
2.183653e-306
2.139253e-306
1.993084e-306
1.756277e-306
1.855526e-306
2.006099e-306
2.06261e-306
2.020704e-306
1.883248e-306
1.660384e-306
2.174424e-306
2.352076e-306
2.418502e-306
2.368977e-306
2.206661e-306
1.942614e-306
1.855524e-306
2.006097e-306
2.062608e-306
2.020703e-306
1.883247e-306
1.660384e-306
1.961942e-306
2.123079e-306
2.183652e-306
2.139252e-306
1.993083e-306
1.756276e-306
2.61671e-306
2.834138e-306
2.915236e-306
2.854907e-306
2.656914e-306
2.334249e-306
2.451598e-306
2.656859e-306
2.7338e-306
2.677611e-306
2.492199e-306
2.190765e-306
2.784984e-306
3.019095e-306
3.106481e-306
3.041995e-306
2.829771e-306
2.483866e-306
8.21255e+15
8.458963e+15
8.280287e+15
7.686929e+15
6.708187e+15
5.388112e+15
8.903007e+15
9.174895e+15
8.980261e+15
8.330381e+15
7.255276e+15
5.799409e+15
6.151938e+15
6.33319e+15
6.202081e+15
5.767457e+15
5.056594e+15
4.115849e+15
5.356341e+15
5.519881e+15
5.406536e+15
5.02501e+15
4.400075e+15
3.575289e+15
4.975004e+15
5.123319e+15
5.018542e+15
4.668608e+15
4.097387e+15
3.346283e+15
7.402995e+15
7.631033e+15
7.471474e+15
6.934955e+15
6.049831e+15
4.860641e+15
5.356355e+15
5.519894e+15
5.406549e+15
5.025021e+15
4.400084e+15
3.575296e+15
7.403013e+15
7.631051e+15
7.471492e+15
6.934972e+15
6.049844e+15
4.860652e+15
4.97501e+15
5.123324e+15
5.018547e+15
4.668613e+15
4.09739e+15
3.346285e+15
6.151952e+15
6.333204e+15
6.202094e+15
5.767468e+15
5.056603e+15
4.115856e+15
8.212569e+15
8.458981e+15
8.280304e+15
7.686944e+15
6.708201e+15
5.388123e+15
8.903022e+15
9.17491e+15
8.980275e+15
8.330394e+15
7.255286e+15
5.799417e+15
8.212561e+15
8.458972e+15
8.280296e+15
7.686936e+15
6.708193e+15
8.903016e+15
9.174903e+15
8.980267e+15
8.330386e+15
7.255279e+15
6.151943e+15
6.333195e+15
6.202085e+15
5.76746e+15
5.056596e+15
7.40301e+15
7.631047e+15
7.471487e+15
6.934966e+15
6.049839e+15
4.975003e+15
5.123318e+15
5.018541e+15
4.668606e+15
4.097385e+15
5.35635e+15
5.519889e+15
5.406544e+15
5.025016e+15
4.40008e+15
5.667248e+15
6.151943e+15
6.333194e+15
6.202083e+15
5.767457e+15
5.056593e+15
4.580677e+15
4.975008e+15
5.123322e+15
5.018544e+15
4.668609e+15
4.097386e+15
4.922048e+15
5.356346e+15
5.519885e+15
5.406539e+15
5.025011e+15
4.400075e+15
7.549799e+15
8.212556e+15
8.458966e+15
8.280289e+15
7.686929e+15
6.708186e+15
8.172402e+15
8.903014e+15
9.1749e+15
8.980263e+15
8.330382e+15
7.255275e+15
6.793991e+15
7.403002e+15
7.631038e+15
7.471477e+15
6.934957e+15
6.04983e+15
4.580676e+15
4.975008e+15
5.123321e+15
5.018543e+15
4.668608e+15
4.097386e+15
6.794001e+15
7.403012e+15
7.631048e+15
7.471488e+15
6.934966e+15
6.049839e+15
5.667253e+15
6.151949e+15
6.3332e+15
6.202089e+15
5.767462e+15
5.056598e+15
7.549808e+15
8.212565e+15
8.458976e+15
8.280298e+15
7.686937e+15
6.708193e+15
4.922052e+15
5.356351e+15
5.519891e+15
5.406544e+15
5.025017e+15
4.40008e+15
8.172408e+15
8.903019e+15
9.174906e+15
8.980269e+15
8.330387e+15
7.255279e+15
7.549805e+15
8.212563e+15
8.458973e+15
8.280295e+15
7.686935e+15
6.708191e+15
8.172407e+15
8.903018e+15
9.174904e+15
8.980266e+15
8.330384e+15
7.255276e+15
5.667249e+15
6.151945e+15
6.333196e+15
6.202086e+15
5.76746e+15
5.056596e+15
6.794e+15
7.40301e+15
7.631046e+15
7.471485e+15
6.934964e+15
6.049836e+15
4.580674e+15
4.975005e+15
5.123319e+15
5.018541e+15
4.668606e+15
4.097384e+15
4.922052e+15
5.356351e+15
5.51989e+15
5.406543e+15
5.025015e+15
4.400078e+15
7.661365e+15
7.899697e+15
7.734286e+15
7.176307e+15
6.255098e+15
5.730447e+15
5.909401e+15
5.787758e+15
5.375184e+15
4.698242e+15
3.805452e+15
5.73045e+15
5.909405e+15
5.787762e+15
5.375188e+15
4.698246e+15
3.805455e+15
9.553643e+15
9.850591e+15
9.640975e+15
8.937146e+15
7.77082e+15
6.190214e+15
9.553642e+15
9.85059e+15
9.640974e+15
8.937146e+15
7.77082e+15
7.66136e+15
7.899692e+15
7.734281e+15
7.176304e+15
6.255095e+15
5.017687e+15
5.730453e+15
5.909407e+15
5.787764e+15
5.375189e+15
4.698246e+15
3.805455e+15
7.661368e+15
7.8997e+15
7.734288e+15
7.176309e+15
6.255099e+15
5.017691e+15
9.553652e+15
9.8506e+15
9.640983e+15
8.937154e+15
7.770826e+15
6.190218e+15
7.661374e+15
7.899706e+15
7.734294e+15
7.176315e+15
6.255104e+15
5.017695e+15
5.730457e+15
5.909412e+15
5.787769e+15
5.375193e+15
4.69825e+15
3.805459e+15
9.553653e+15
9.850601e+15
9.640984e+15
8.937155e+15
7.770827e+15
6.190219e+15
9.553655e+15
9.850601e+15
9.640982e+15
8.937152e+15
7.770823e+15
7.661373e+15
7.899704e+15
7.734291e+15
7.176311e+15
6.2551e+15
7.661375e+15
7.899706e+15
7.734293e+15
7.176313e+15
6.255101e+15
9.553652e+15
9.850599e+15
9.640981e+15
8.937151e+15
7.770822e+15
5.730462e+15
5.909417e+15
5.787773e+15
5.375196e+15
4.698252e+15
5.730463e+15
5.909418e+15
5.787773e+15
5.375196e+15
4.698252e+15
5.25629e+15
5.730454e+15
5.909407e+15
5.787762e+15
5.375185e+15
4.698242e+15
7.025562e+15
7.661369e+15
7.899699e+15
7.734286e+15
7.176305e+15
6.255094e+15
5.256294e+15
5.730458e+15
5.909411e+15
5.787766e+15
5.375189e+15
4.698245e+15
7.025566e+15
7.661373e+15
7.899703e+15
7.73429e+15
7.176309e+15
6.255097e+15
8.757201e+15
9.553653e+15
9.850599e+15
9.64098e+15
8.937148e+15
7.770819e+15
8.7572e+15
9.553653e+15
9.850599e+15
9.640979e+15
8.937148e+15
7.770819e+15
5.25629e+15
5.730454e+15
5.909407e+15
5.787762e+15
5.375186e+15
4.698243e+15
7.025561e+15
7.661369e+15
7.899699e+15
7.734286e+15
7.176306e+15
6.255095e+15
5.256294e+15
5.730458e+15
5.909411e+15
5.787767e+15
5.37519e+15
4.698246e+15
8.7572e+15
9.553653e+15
9.850599e+15
9.64098e+15
8.937149e+15
7.770821e+15
7.025565e+15
7.661373e+15
7.899703e+15
7.73429e+15
7.17631e+15
6.255099e+15
8.7572e+15
9.553653e+15
9.850599e+15
9.64098e+15
8.93715e+15
7.770821e+15
5.256298e+15
5.730462e+15
5.909416e+15
5.787771e+15
5.375193e+15
4.698249e+15
5.256298e+15
5.730462e+15
5.909415e+15
5.78777e+15
5.375193e+15
4.698249e+15
7.025565e+15
7.661372e+15
7.899702e+15
7.734289e+15
7.176308e+15
6.255096e+15
7.025565e+15
7.661372e+15
7.899702e+15
7.734288e+15
7.176308e+15
6.255096e+15
8.757199e+15
9.553651e+15
9.850597e+15
9.640977e+15
8.937146e+15
7.770817e+15
8.757199e+15
9.553651e+15
9.850597e+15
9.640977e+15
8.937146e+15
7.770817e+15
6.151942e+15
6.333195e+15
6.202085e+15
5.76746e+15
5.056597e+15
8.212556e+15
8.458969e+15
8.280293e+15
7.686934e+15
6.708192e+15
4.975002e+15
5.123316e+15
5.01854e+15
4.668606e+15
4.097385e+15
8.90301e+15
9.174899e+15
8.980264e+15
8.330384e+15
7.255278e+15
5.356346e+15
5.519886e+15
5.406541e+15
5.025015e+15
4.400079e+15
7.403003e+15
7.631041e+15
7.471483e+15
6.934964e+15
6.049838e+15
8.903013e+15
9.174901e+15
8.980266e+15
8.330386e+15
7.25528e+15
5.799413e+15
8.212554e+15
8.458966e+15
8.28029e+15
7.686932e+15
6.708191e+15
5.388116e+15
7.403e+15
7.631038e+15
7.471479e+15
6.93496e+15
6.049835e+15
4.860645e+15
6.151942e+15
6.333194e+15
6.202085e+15
5.76746e+15
5.056597e+15
4.115851e+15
5.356345e+15
5.519885e+15
5.40654e+15
5.025014e+15
4.400078e+15
3.575291e+15
4.975007e+15
5.123322e+15
5.018545e+15
4.668611e+15
4.097389e+15
3.346284e+15
4.975009e+15
5.123323e+15
5.018545e+15
4.66861e+15
4.097388e+15
3.346283e+15
5.356353e+15
5.519893e+15
5.406547e+15
5.025019e+15
4.400082e+15
3.575294e+15
7.403013e+15
7.63105e+15
7.47149e+15
6.934969e+15
6.049841e+15
4.860649e+15
6.151951e+15
6.333202e+15
6.202092e+15
5.767466e+15
5.056601e+15
4.115854e+15
8.903022e+15
9.17491e+15
8.980273e+15
8.330391e+15
7.255283e+15
5.799414e+15
8.212568e+15
8.45898e+15
8.280303e+15
7.686942e+15
6.708198e+15
5.38812e+15
8.172407e+15
8.903018e+15
9.174904e+15
8.980267e+15
8.330385e+15
7.255277e+15
6.793999e+15
7.40301e+15
7.631047e+15
7.471486e+15
6.934965e+15
6.049837e+15
4.922052e+15
5.356351e+15
5.51989e+15
5.406544e+15
5.025016e+15
4.400079e+15
5.66725e+15
6.151946e+15
6.333197e+15
6.202086e+15
5.76746e+15
5.056596e+15
7.549803e+15
8.212561e+15
8.458972e+15
8.280295e+15
7.686935e+15
6.708192e+15
4.580673e+15
4.975005e+15
5.123319e+15
5.018541e+15
4.668607e+15
4.097385e+15
8.172404e+15
8.903016e+15
9.174902e+15
8.980265e+15
8.330383e+15
7.255276e+15
7.549801e+15
8.212559e+15
8.458969e+15
8.280291e+15
7.686931e+15
6.708187e+15
6.793991e+15
7.403002e+15
7.631038e+15
7.471478e+15
6.934958e+15
6.049831e+15
5.667251e+15
6.151946e+15
6.333197e+15
6.202086e+15
5.767459e+15
5.056595e+15
4.922049e+15
5.356347e+15
5.519886e+15
5.40654e+15
5.025012e+15
4.400075e+15
4.580678e+15
4.97501e+15
5.123324e+15
5.018545e+15
4.66861e+15
4.097387e+15
4.580675e+15
4.975006e+15
5.123319e+15
5.018541e+15
4.668606e+15
4.097384e+15
4.922051e+15
5.35635e+15
5.519889e+15
5.406543e+15
5.025015e+15
4.400078e+15
5.667251e+15
6.151947e+15
6.333198e+15
6.202087e+15
5.76746e+15
5.056596e+15
7.549805e+15
8.212563e+15
8.458973e+15
8.280295e+15
7.686935e+15
6.708191e+15
8.172406e+15
8.903017e+15
9.174903e+15
8.980266e+15
8.330384e+15
7.255276e+15
6.793998e+15
7.403009e+15
7.631046e+15
7.471485e+15
6.934964e+15
6.049836e+15
2.006096e-306
2.062607e-306
2.020702e-306
1.883246e-306
1.660384e-306
2.123077e-306
2.183651e-306
2.139251e-306
1.993083e-306
1.756276e-306
2.834137e-306
2.915235e-306
2.854906e-306
2.656914e-306
2.334249e-306
2.352075e-306
2.418501e-306
2.368976e-306
2.20666e-306
1.942614e-306
3.019093e-306
3.106479e-306
3.041994e-306
2.829771e-306
2.483866e-306
2.656857e-306
2.733799e-306
2.67761e-306
2.492199e-306
2.190765e-306
2.352081e-306
2.418507e-306
2.368982e-306
2.206666e-306
1.942619e-306
1.596756e-306
3.019095e-306
3.106481e-306
3.041996e-306
2.829773e-306
2.483867e-306
2.032316e-306
2.656861e-306
2.733803e-306
2.677614e-306
2.492203e-306
2.190769e-306
1.798943e-306
2.834141e-306
2.915239e-306
2.854911e-306
2.656918e-306
2.334253e-306
1.911997e-306
2.0061e-306
2.062612e-306
2.020707e-306
1.883251e-306
1.660388e-306
1.370488e-306
2.123082e-306
2.183656e-306
2.139256e-306
1.993088e-306
1.756281e-306
1.449723e-306
3.019098e-306
3.106484e-306
3.041999e-306
2.829775e-306
2.483869e-306
2.032317e-306
2.352079e-306
2.418505e-306
2.36898e-306
2.206663e-306
1.942617e-306
1.596754e-306
2.834141e-306
2.915239e-306
2.85491e-306
2.656917e-306
2.334252e-306
1.911996e-306
2.656861e-306
2.733803e-306
2.677614e-306
2.492202e-306
2.190768e-306
1.798942e-306
2.123081e-306
2.183654e-306
2.139254e-306
1.993085e-306
1.756278e-306
1.449721e-306
2.006099e-306
2.06261e-306
2.020705e-306
1.883249e-306
1.660386e-306
1.370486e-306
2.451597e-306
2.656858e-306
2.7338e-306
2.677611e-306
2.492199e-306
2.190765e-306
1.961941e-306
2.123078e-306
2.183652e-306
2.139251e-306
1.993083e-306
1.756276e-306
2.174424e-306
2.352076e-306
2.418502e-306
2.368977e-306
2.20666e-306
1.942614e-306
2.784983e-306
3.019094e-306
3.10648e-306
3.041995e-306
2.829771e-306
2.483866e-306
1.855523e-306
2.006096e-306
2.062608e-306
2.020703e-306
1.883246e-306
1.660384e-306
2.61671e-306
2.834138e-306
2.915235e-306
2.854906e-306
2.656914e-306
2.334249e-306
2.451602e-306
2.656864e-306
2.733805e-306
2.677615e-306
2.492203e-306
2.190768e-306
2.784986e-306
3.019098e-306
3.106483e-306
3.041997e-306
2.829773e-306
2.483867e-306
2.616717e-306
2.834144e-306
2.915241e-306
2.854912e-306
2.656919e-306
2.334252e-306
1.961947e-306
2.123084e-306
2.183658e-306
2.139257e-306
1.993088e-306
1.75628e-306
2.174431e-306
2.352084e-306
2.418509e-306
2.368983e-306
2.206666e-306
1.942619e-306
1.855529e-306
2.006103e-306
2.062614e-306
2.020708e-306
1.883251e-306
1.660387e-306
2.174426e-306
2.352078e-306
2.418503e-306
2.368978e-306
2.206661e-306
1.942615e-306
2.616713e-306
2.83414e-306
2.915237e-306
2.854908e-306
2.656915e-306
2.334249e-306
1.855525e-306
2.006098e-306
2.062609e-306
2.020703e-306
1.883247e-306
1.660384e-306
2.784985e-306
3.019097e-306
3.106482e-306
3.041996e-306
2.829772e-306
2.483866e-306
1.961943e-306
2.123079e-306
2.183653e-306
2.139252e-306
1.993084e-306
1.756276e-306
2.451599e-306
2.65686e-306
2.733801e-306
2.677612e-306
2.4922e-306
2.190765e-306
4.835822e-307
4.966595e-307
4.866546e-307
4.541486e-307
4.014494e-307
3.332186e-307
4.835822e-307
4.966596e-307
4.866546e-307
4.541486e-307
4.014493e-307
3.332186e-307
6.680888e-308
6.859901e-308
6.722111e-308
6.275908e-308
5.555944e-308
4.635572e-308
1.35592e-307
1.392402e-307
1.364397e-307
1.273568e-307
1.126689e-307
9.379095e-308
7.312153e-307
7.510731e-307
7.359032e-307
6.865464e-307
6.0623e-307
5.010789e-307
1.35592e-307
1.392403e-307
1.364397e-307
1.273568e-307
1.126689e-307
9.379095e-308
4.835821e-307
4.966594e-307
4.866544e-307
4.541484e-307
4.014491e-307
3.332184e-307
6.68089e-308
6.859902e-308
6.722112e-308
6.275908e-308
5.555943e-308
4.635571e-308
4.835822e-307
4.966595e-307
4.866544e-307
4.541484e-307
4.014492e-307
3.332184e-307
1.35592e-307
1.392402e-307
1.364396e-307
1.273567e-307
1.126688e-307
9.37909e-308
7.312152e-307
7.510729e-307
7.359029e-307
6.86546e-307
6.062296e-307
5.010785e-307
1.35592e-307
1.392403e-307
1.364397e-307
1.273568e-307
1.126689e-307
9.379093e-308
1.258176e-307
1.355919e-307
1.392401e-307
1.364395e-307
1.273566e-307
1.126687e-307
4.485465e-307
4.835814e-307
4.966588e-307
4.866537e-307
4.541478e-307
4.014485e-307
6.201288e-308
6.680881e-308
6.859894e-308
6.722103e-308
6.2759e-308
5.555936e-308
6.779398e-307
7.312142e-307
7.510718e-307
7.359019e-307
6.865451e-307
6.062287e-307
4.485463e-307
4.835814e-307
4.966588e-307
4.866538e-307
4.541478e-307
4.014486e-307
1.258176e-307
1.355918e-307
1.392401e-307
1.364395e-307
1.273566e-307
1.126687e-307
6.201306e-308
6.680899e-308
6.859911e-308
6.722118e-308
6.275912e-308
5.555945e-308
6.779418e-307
7.312162e-307
7.510738e-307
7.359037e-307
6.865466e-307
6.0623e-307
1.25818e-307
1.355922e-307
1.392405e-307
1.364398e-307
1.273569e-307
1.126689e-307
4.485478e-307
4.835827e-307
4.9666e-307
4.866548e-307
4.541487e-307
4.014493e-307
4.485479e-307
4.835828e-307
4.966601e-307
4.866549e-307
4.541488e-307
4.014494e-307
1.258179e-307
1.355922e-307
1.392404e-307
1.364398e-307
1.273568e-307
1.126689e-307
6.201294e-308
6.680886e-308
6.859898e-308
6.722106e-308
6.275902e-308
5.555937e-308
4.48547e-307
4.835819e-307
4.966591e-307
4.86654e-307
4.541479e-307
4.014486e-307
1.258177e-307
1.355919e-307
1.392402e-307
1.364395e-307
1.273566e-307
1.126687e-307
4.48547e-307
4.835819e-307
4.966591e-307
4.86654e-307
4.54148e-307
4.014487e-307
6.779405e-307
7.312148e-307
7.510723e-307
7.359023e-307
6.865454e-307
6.062289e-307
1.258177e-307
1.355919e-307
1.392402e-307
1.364396e-307
1.273566e-307
1.126687e-307
6.680882e-308
6.859895e-308
6.722104e-308
6.2759e-308
5.555936e-308
4.835814e-307
4.966588e-307
4.866538e-307
4.541478e-307
4.014486e-307
7.312141e-307
7.510718e-307
7.359019e-307
6.865451e-307
6.062287e-307
1.355919e-307
1.392401e-307
1.364395e-307
1.273566e-307
1.126687e-307
1.355918e-307
1.392401e-307
1.364395e-307
1.273566e-307
1.126687e-307
4.835814e-307
4.966588e-307
4.866538e-307
4.541478e-307
4.014485e-307
6.125926e-307
6.292903e-307
6.166058e-307
5.752935e-307
5.082372e-307
4.207925e-307
2.152914e-307
2.211599e-307
2.167148e-307
2.022316e-307
1.78765e-307
1.482598e-307
1.175251e-306
1.207638e-306
1.183217e-306
1.103448e-306
9.736159e-307
8.024573e-307
8.455685e-307
8.691231e-307
8.516577e-307
7.943928e-307
7.016954e-307
5.809751e-307
2.61335e-307
2.685544e-307
2.631678e-307
2.455418e-307
2.170156e-307
1.7988e-307
1.426142e-306
1.465901e-306
1.436262e-306
1.3392e-306
1.181808e-306
9.763062e-307
1.175251e-306
1.207637e-306
1.183216e-306
1.103447e-306
9.736153e-307
8.024567e-307
6.125925e-307
6.292901e-307
6.166056e-307
5.752933e-307
5.08237e-307
4.207923e-307
1.426142e-306
1.465901e-306
1.436261e-306
1.3392e-306
1.181808e-306
9.763057e-307
2.613353e-307
2.685546e-307
2.63168e-307
2.45542e-307
2.170157e-307
1.7988e-307
8.455689e-307
8.691234e-307
8.51658e-307
7.943929e-307
7.016954e-307
5.809751e-307
2.152915e-307
2.2116e-307
2.167149e-307
2.022316e-307
1.78765e-307
1.482598e-307
1.426139e-306
1.465898e-306
1.436259e-306
1.339198e-306
1.181806e-306
8.455666e-307
8.691212e-307
8.51656e-307
7.943911e-307
7.016939e-307
2.613345e-307
2.685539e-307
2.631674e-307
2.455414e-307
2.170152e-307
1.175248e-306
1.207635e-306
1.183214e-306
1.103445e-306
9.736136e-307
6.125914e-307
6.292891e-307
6.166047e-307
5.752924e-307
5.082362e-307
2.15291e-307
2.211595e-307
2.167145e-307
2.022312e-307
1.787646e-307
7.830225e-307
8.45569e-307
8.691235e-307
8.516579e-307
7.943928e-307
7.016952e-307
1.996337e-307
2.152917e-307
2.211601e-307
2.16715e-307
2.022316e-307
1.78765e-307
2.421559e-307
2.613351e-307
2.685545e-307
2.631679e-307
2.455418e-307
2.170155e-307
5.679482e-307
6.125933e-307
6.292908e-307
6.166061e-307
5.752936e-307
5.082372e-307
1.088692e-306
1.175252e-306
1.207639e-306
1.183217e-306
1.103448e-306
9.736157e-307
1.320247e-306
1.426143e-306
1.465902e-306
1.436262e-306
1.3392e-306
1.181808e-306
5.679474e-307
6.125924e-307
6.292898e-307
6.166052e-307
5.752928e-307
5.082364e-307
1.996335e-307
2.152914e-307
2.211598e-307
2.167147e-307
2.022314e-307
1.787648e-307
2.421559e-307
2.613351e-307
2.685544e-307
2.631678e-307
2.455417e-307
2.170154e-307
1.08869e-306
1.17525e-306
1.207637e-306
1.183215e-306
1.103446e-306
9.736142e-307
7.83022e-307
8.455684e-307
8.691228e-307
8.516572e-307
7.943921e-307
7.016946e-307
1.320246e-306
1.426141e-306
1.4659e-306
1.43626e-306
1.339199e-306
1.181806e-306
5.679465e-307
6.125916e-307
6.292892e-307
6.166047e-307
5.752924e-307
5.082362e-307
1.996331e-307
2.152911e-307
2.211595e-307
2.167145e-307
2.022312e-307
1.787646e-307
2.421555e-307
2.613348e-307
2.685541e-307
2.631675e-307
2.455415e-307
2.170152e-307
1.088688e-306
1.175249e-306
1.207635e-306
1.183215e-306
1.103446e-306
9.736137e-307
7.830208e-307
8.455671e-307
8.691216e-307
8.516562e-307
7.943912e-307
7.016939e-307
1.320244e-306
1.426139e-306
1.465899e-306
1.436259e-306
1.339198e-306
1.181806e-306
3.05976e-307
3.149665e-307
3.086998e-307
2.877514e-307
2.540081e-307
2.111979e-307
9.453668e-307
9.734812e-307
9.540324e-307
8.888066e-307
7.83542e-307
6.498302e-307
2.969473e-307
3.054012e-307
2.993041e-307
2.791487e-307
2.466275e-307
2.047906e-307
1.605623e-306
1.652883e-306
1.619532e-306
1.508293e-306
1.327923e-306
1.095101e-306
8.995518e-307
9.249875e-307
9.064243e-307
8.452692e-307
7.464179e-307
6.184922e-307
1.609842e-306
1.655986e-306
1.62255e-306
1.512097e-306
1.333373e-306
1.102514e-306
3.059759e-307
3.149663e-307
3.086995e-307
2.877512e-307
2.540079e-307
2.111977e-307
9.45366e-307
9.734802e-307
9.540314e-307
8.888056e-307
7.83541e-307
6.498295e-307
2.969475e-307
3.054013e-307
2.993041e-307
2.791488e-307
2.466275e-307
2.047906e-307
8.995527e-307
9.249882e-307
9.064249e-307
8.452697e-307
7.464182e-307
6.184923e-307
1.605623e-306
1.652883e-306
1.619531e-306
1.508292e-306
1.327923e-306
1.0951e-306
1.609842e-306
1.655986e-306
1.62255e-306
1.512097e-306
1.333373e-306
1.102514e-306
8.995499e-307
9.249856e-307
9.064224e-307
8.452675e-307
7.464163e-307
1.609838e-306
1.655983e-306
1.622547e-306
1.512094e-306
1.33337e-306
9.453651e-307
9.734794e-307
9.540306e-307
8.888048e-307
7.835403e-307
2.969466e-307
3.054005e-307
2.993034e-307
2.791481e-307
2.466269e-307
1.60562e-306
1.65288e-306
1.619528e-306
1.50829e-306
1.32792e-306
3.059753e-307
3.149658e-307
3.086991e-307
2.877508e-307
2.540076e-307
2.823364e-307
3.059763e-307
3.149667e-307
3.086999e-307
2.877514e-307
2.54008e-307
2.746226e-307
2.969475e-307
3.054014e-307
2.993041e-307
2.791487e-307
2.466274e-307
8.321877e-307
8.995525e-307
9.249879e-307
9.064245e-307
8.452693e-307
7.464177e-307
8.713997e-307
9.453676e-307
9.734818e-307
9.540328e-307
8.888067e-307
7.835419e-307
1.487499e-306
1.609843e-306
1.655987e-306
1.622551e-306
1.512097e-306
1.333373e-306
1.48063e-306
1.605624e-306
1.652884e-306
1.619532e-306
1.508293e-306
1.327923e-306
1.487497e-306
1.609841e-306
1.655985e-306
1.622549e-306
1.512095e-306
1.333372e-306
1.480628e-306
1.605622e-306
1.652882e-306
1.61953e-306
1.508291e-306
1.327921e-306
8.321871e-307
8.995518e-307
9.249873e-307
9.064239e-307
8.452687e-307
7.464172e-307
8.713977e-307
9.453655e-307
9.734797e-307
9.540307e-307
8.888048e-307
7.835402e-307
2.746223e-307
2.969472e-307
3.054011e-307
2.993038e-307
2.791485e-307
2.466272e-307
2.823358e-307
3.059757e-307
3.14966e-307
3.086993e-307
2.877509e-307
2.540076e-307
8.713977e-307
9.453654e-307
9.734796e-307
9.540306e-307
8.888047e-307
7.835401e-307
1.480627e-306
1.605621e-306
1.65288e-306
1.619529e-306
1.50829e-306
1.32792e-306
2.823357e-307
3.059755e-307
3.149659e-307
3.086992e-307
2.877508e-307
2.540075e-307
1.487495e-306
1.60984e-306
1.655983e-306
1.622547e-306
1.512094e-306
1.333371e-306
2.74622e-307
2.969469e-307
3.054007e-307
2.993035e-307
2.791482e-307
2.466269e-307
8.321858e-307
8.995505e-307
9.24986e-307
9.064227e-307
8.452676e-307
7.464163e-307
3.334307e-307
3.438065e-307
3.369862e-307
3.137146e-307
2.762744e-307
2.295573e-307
1.030216e-306
1.062422e-306
1.0412e-306
9.687561e-307
8.517588e-307
7.045919e-307
9.81601e-307
1.01152e-306
9.913048e-307
9.229215e-307
8.124806e-307
6.728101e-307
1.789986e-306
1.845909e-306
1.808567e-306
1.681406e-306
1.474561e-306
1.209258e-306
3.238386e-307
3.337588e-307
3.271345e-307
3.046594e-307
2.684957e-307
2.232102e-307
1.735247e-306
1.788808e-306
1.75265e-306
1.630036e-306
1.430705e-306
1.174772e-306
3.334292e-307
3.43805e-307
3.369847e-307
3.137131e-307
2.76273e-307
2.295562e-307
1.030214e-306
1.062421e-306
1.041198e-306
9.687542e-307
8.517571e-307
7.045905e-307
3.238371e-307
3.337572e-307
3.271329e-307
3.046579e-307
2.684943e-307
2.232091e-307
1.789987e-306
1.84591e-306
1.808568e-306
1.681407e-306
1.474561e-306
1.209259e-306
9.815974e-307
1.011516e-306
9.91301e-307
9.229179e-307
8.124774e-307
6.728074e-307
1.735247e-306
1.788808e-306
1.75265e-306
1.630036e-306
1.430704e-306
1.174772e-306
9.815993e-307
1.011518e-306
9.913029e-307
9.229195e-307
8.124787e-307
3.23838e-307
3.337582e-307
3.271338e-307
3.046587e-307
2.68495e-307
1.030217e-306
1.062424e-306
1.041201e-306
9.687568e-307
8.517592e-307
1.735248e-306
1.788809e-306
1.75265e-306
1.630036e-306
1.430704e-306
3.3343e-307
3.438058e-307
3.369855e-307
3.137138e-307
2.762737e-307
1.78999e-306
1.845914e-306
1.808571e-306
1.68141e-306
1.474563e-306
9.030865e-307
9.816021e-307
1.011521e-306
9.913054e-307
9.229217e-307
8.124806e-307
1.594231e-306
1.735249e-306
1.78881e-306
1.752651e-306
1.630037e-306
1.430705e-306
1.642951e-306
1.789988e-306
1.845911e-306
1.808569e-306
1.681407e-306
1.474561e-306
2.978955e-307
3.23839e-307
3.337591e-307
3.271347e-307
3.046595e-307
2.684957e-307
3.063549e-307
3.334312e-307
3.438069e-307
3.369865e-307
3.137147e-307
2.762744e-307
9.459828e-307
1.030217e-306
1.062424e-306
1.041201e-306
9.687565e-307
8.517588e-307
9.030821e-307
9.815973e-307
1.011516e-306
9.913005e-307
9.229172e-307
8.124767e-307
1.594229e-306
1.735247e-306
1.788807e-306
1.752649e-306
1.630034e-306
1.430703e-306
1.642949e-306
1.789986e-306
1.845909e-306
1.808567e-306
1.681406e-306
1.47456e-306
2.978936e-307
3.23837e-307
3.337571e-307
3.271327e-307
3.046577e-307
2.684941e-307
9.4598e-307
1.030214e-306
1.06242e-306
1.041198e-306
9.687537e-307
8.517565e-307
3.06353e-307
3.334291e-307
3.438048e-307
3.369845e-307
3.137129e-307
2.762728e-307
9.030842e-307
9.815995e-307
1.011518e-306
9.913027e-307
9.229193e-307
8.124784e-307
2.978946e-307
3.238381e-307
3.337581e-307
3.271338e-307
3.046587e-307
2.684949e-307
9.459825e-307
1.030217e-306
1.062423e-306
1.041201e-306
9.687562e-307
8.517587e-307
1.59423e-306
1.735248e-306
1.788808e-306
1.75265e-306
1.630036e-306
1.430704e-306
3.063537e-307
3.334299e-307
3.438057e-307
3.369853e-307
3.137137e-307
2.762735e-307
1.642953e-306
1.78999e-306
1.845913e-306
1.808571e-306
1.681409e-306
1.474562e-306
1.735245e-306
1.788805e-306
1.752647e-306
1.630034e-306
1.430703e-306
9.815959e-307
1.011515e-306
9.912997e-307
9.229167e-307
8.124764e-307
1.030212e-306
1.062419e-306
1.041197e-306
9.687531e-307
8.517562e-307
7.045898e-307
1.789984e-306
1.845907e-306
1.808566e-306
1.681405e-306
1.474559e-306
1.209257e-306
3.238366e-307
3.337567e-307
3.271325e-307
3.046575e-307
2.68494e-307
2.232088e-307
3.334286e-307
3.438044e-307
3.369842e-307
3.137127e-307
2.762727e-307
2.295559e-307
3.238391e-307
3.337592e-307
3.271349e-307
3.046597e-307
2.684959e-307
2.232104e-307
9.816019e-307
1.011521e-306
9.913057e-307
9.229222e-307
8.124812e-307
6.728105e-307
1.789988e-306
1.845911e-306
1.808569e-306
1.681408e-306
1.474562e-306
1.209259e-306
3.33431e-307
3.438068e-307
3.369865e-307
3.137149e-307
2.762746e-307
2.295575e-307
1.735249e-306
1.78881e-306
1.752652e-306
1.630038e-306
1.430706e-306
1.174773e-306
1.030217e-306
1.062423e-306
1.041201e-306
9.687569e-307
8.517596e-307
7.045926e-307
1.789991e-306
1.845914e-306
1.808572e-306
1.68141e-306
1.474564e-306
1.209261e-306
1.735249e-306
1.788809e-306
1.752651e-306
1.630037e-306
1.430705e-306
1.174772e-306
9.816001e-307
1.011519e-306
9.913036e-307
9.229201e-307
8.124793e-307
6.728088e-307
1.030217e-306
1.062424e-306
1.041201e-306
9.687568e-307
8.517593e-307
7.045922e-307
3.334302e-307
3.43806e-307
3.369856e-307
3.13714e-307
2.762738e-307
2.295568e-307
3.238383e-307
3.337584e-307
3.271341e-307
3.04659e-307
2.684952e-307
2.232098e-307
9.459799e-307
1.030214e-306
1.06242e-306
1.041198e-306
9.687535e-307
8.517563e-307
2.978936e-307
3.23837e-307
3.33757e-307
3.271327e-307
3.046576e-307
2.68494e-307
1.594229e-306
1.735246e-306
1.788807e-306
1.752648e-306
1.630034e-306
1.430703e-306
1.642949e-306
1.789986e-306
1.845909e-306
1.808567e-306
1.681405e-306
1.474559e-306
3.063529e-307
3.33429e-307
3.438047e-307
3.369844e-307
3.137128e-307
2.762727e-307
9.030817e-307
9.815969e-307
1.011515e-306
9.913002e-307
9.229169e-307
8.124764e-307
9.459827e-307
1.030217e-306
1.062424e-306
1.041201e-306
9.687566e-307
8.51759e-307
2.978956e-307
3.238391e-307
3.337593e-307
3.271348e-307
3.046596e-307
2.684958e-307
1.594232e-306
1.73525e-306
1.78881e-306
1.752652e-306
1.630037e-306
1.430705e-306
1.642951e-306
1.789988e-306
1.845911e-306
1.808569e-306
1.681407e-306
1.474561e-306
3.063547e-307
3.33431e-307
3.438068e-307
3.369864e-307
3.137147e-307
2.762744e-307
9.030866e-307
9.816022e-307
1.011521e-306
9.913056e-307
9.229219e-307
8.124808e-307
1.642953e-306
1.78999e-306
1.845913e-306
1.808571e-306
1.681409e-306
1.474562e-306
9.459823e-307
1.030216e-306
1.062423e-306
1.041201e-306
9.687562e-307
8.517587e-307
1.59423e-306
1.735248e-306
1.788808e-306
1.75265e-306
1.630035e-306
1.430704e-306
9.030842e-307
9.815996e-307
1.011518e-306
9.913029e-307
9.229194e-307
8.124785e-307
3.063539e-307
3.334301e-307
3.438058e-307
3.369854e-307
3.137138e-307
2.762736e-307
2.978947e-307
3.238382e-307
3.337583e-307
3.271339e-307
3.046587e-307
2.68495e-307
3.059753e-307
3.149658e-307
3.086991e-307
2.877507e-307
2.540075e-307
9.453643e-307
9.734787e-307
9.5403e-307
8.888043e-307
7.8354e-307
2.969469e-307
3.054007e-307
2.993036e-307
2.791483e-307
2.466271e-307
8.995507e-307
9.249864e-307
9.064232e-307
8.452682e-307
7.464169e-307
1.60562e-306
1.65288e-306
1.619529e-306
1.50829e-306
1.327921e-306
1.609839e-306
1.655983e-306
1.622547e-306
1.512094e-306
1.333371e-306
8.995522e-307
9.249879e-307
9.064246e-307
8.452696e-307
7.464181e-307
6.184924e-307
2.969473e-307
3.054013e-307
2.993041e-307
2.791488e-307
2.466276e-307
2.047907e-307
1.605624e-306
1.652884e-306
1.619533e-306
1.508293e-306
1.327924e-306
1.095101e-306
9.453672e-307
9.734817e-307
9.540329e-307
8.888071e-307
7.835424e-307
6.498306e-307
3.059761e-307
3.149666e-307
3.086999e-307
2.877515e-307
2.540082e-307
2.11198e-307
1.609843e-306
1.655987e-306
1.622551e-306
1.512098e-306
1.333374e-306
1.102514e-306
9.453661e-307
9.734803e-307
9.540314e-307
8.888055e-307
7.83541e-307
6.498293e-307
3.059758e-307
3.149662e-307
3.086995e-307
2.877511e-307
2.540078e-307
2.111977e-307
2.969472e-307
3.054011e-307
2.993039e-307
2.791485e-307
2.466273e-307
2.047904e-307
1.605622e-306
1.652882e-306
1.61953e-306
1.508291e-306
1.327922e-306
1.095099e-306
1.609841e-306
1.655985e-306
1.622549e-306
1.512096e-306
1.333372e-306
1.102513e-306
8.995516e-307
9.249872e-307
9.064238e-307
8.452687e-307
7.464173e-307
6.184916e-307
8.713973e-307
9.453651e-307
9.734793e-307
9.540304e-307
8.888045e-307
7.8354e-307
2.823356e-307
3.059754e-307
3.149658e-307
3.086991e-307
2.877508e-307
2.540075e-307
1.480627e-306
1.605621e-306
1.652881e-306
1.619529e-306
1.50829e-306
1.327921e-306
8.321864e-307
8.995511e-307
9.249867e-307
9.064234e-307
8.452683e-307
7.464169e-307
2.746219e-307
2.969469e-307
3.054007e-307
2.993036e-307
2.791483e-307
2.466271e-307
1.487496e-306
1.60984e-306
1.655984e-306
1.622548e-306
1.512095e-306
1.333371e-306
2.746228e-307
2.969477e-307
3.054015e-307
2.993043e-307
2.791489e-307
2.466275e-307
2.823365e-307
3.059764e-307
3.149667e-307
3.087e-307
2.877515e-307
2.540081e-307
8.321882e-307
8.99553e-307
9.249884e-307
9.064249e-307
8.452696e-307
7.464179e-307
1.480631e-306
1.605625e-306
1.652885e-306
1.619533e-306
1.508293e-306
1.327923e-306
8.713999e-307
9.453679e-307
9.734821e-307
9.540331e-307
8.88807e-307
7.835421e-307
1.487499e-306
1.609844e-306
1.655988e-306
1.622551e-306
1.512098e-306
1.333374e-306
1.487496e-306
1.60984e-306
1.655984e-306
1.622548e-306
1.512094e-306
1.333371e-306
8.321862e-307
8.995508e-307
9.249863e-307
9.064229e-307
8.452678e-307
7.464164e-307
2.74622e-307
2.969469e-307
3.054008e-307
2.993036e-307
2.791482e-307
2.46627e-307
1.480627e-306
1.605621e-306
1.65288e-306
1.619529e-306
1.50829e-306
1.32792e-306
2.823359e-307
3.059757e-307
3.149661e-307
3.086993e-307
2.877509e-307
2.540076e-307
8.713977e-307
9.453656e-307
9.734797e-307
9.540307e-307
8.888048e-307
7.835402e-307
2.152912e-307
2.211597e-307
2.167146e-307
2.022313e-307
1.787647e-307
2.613347e-307
2.685541e-307
2.631675e-307
2.455415e-307
2.170153e-307
6.125916e-307
6.292892e-307
6.166048e-307
5.752925e-307
5.082363e-307
8.45567e-307
8.691216e-307
8.516563e-307
7.943915e-307
7.016943e-307
1.175249e-306
1.207635e-306
1.183214e-306
1.103446e-306
9.736138e-307
1.426139e-306
1.465898e-306
1.436259e-306
1.339198e-306
1.181806e-306
6.125926e-307
6.292902e-307
6.166058e-307
5.752935e-307
5.082372e-307
4.207926e-307
2.152914e-307
2.211599e-307
2.167148e-307
2.022316e-307
1.78765e-307
1.482599e-307
8.455684e-307
8.691231e-307
8.516578e-307
7.943929e-307
7.016955e-307
5.809753e-307
1.175251e-306
1.207638e-306
1.183217e-306
1.103448e-306
9.736159e-307
8.024574e-307
1.426142e-306
1.465901e-306
1.436262e-306
1.339201e-306
1.181808e-306
9.763064e-307
2.61335e-307
2.685544e-307
2.631679e-307
2.455419e-307
2.170156e-307
1.7988e-307
2.152915e-307
2.211599e-307
2.167148e-307
2.022315e-307
1.787649e-307
1.482597e-307
6.125925e-307
6.292901e-307
6.166056e-307
5.752932e-307
5.082369e-307
4.207922e-307
1.17525e-306
1.207637e-306
1.183216e-306
1.103447e-306
9.736151e-307
8.024565e-307
2.613351e-307
2.685544e-307
2.631679e-307
2.455418e-307
2.170155e-307
1.798799e-307
8.455683e-307
8.691228e-307
8.516573e-307
7.943923e-307
7.016949e-307
5.809746e-307
1.426141e-306
1.465901e-306
1.436261e-306
1.339199e-306
1.181807e-306
9.763053e-307
1.320244e-306
1.426139e-306
1.465899e-306
1.436259e-306
1.339198e-306
1.181806e-306
1.088688e-306
1.175249e-306
1.207635e-306
1.183214e-306
1.103446e-306
9.736137e-307
5.679466e-307
6.125917e-307
6.292892e-307
6.166048e-307
5.752925e-307
5.082362e-307
7.830208e-307
8.455673e-307
8.691219e-307
8.516565e-307
7.943916e-307
7.016943e-307
1.996333e-307
2.152912e-307
2.211597e-307
2.167146e-307
2.022313e-307
1.787647e-307
2.421556e-307
2.613348e-307
2.685542e-307
2.631676e-307
2.455416e-307
2.170153e-307
1.320248e-306
1.426144e-306
1.465903e-306
1.436263e-306
1.339201e-306
1.181808e-306
1.088692e-306
1.175252e-306
1.207639e-306
1.183218e-306
1.103448e-306
9.736159e-307
5.679484e-307
6.125935e-307
6.29291e-307
6.166063e-307
5.752938e-307
5.082373e-307
7.830228e-307
8.455694e-307
8.691238e-307
8.516583e-307
7.94393e-307
7.016954e-307
1.996338e-307
2.152918e-307
2.211602e-307
2.167151e-307
2.022317e-307
1.78765e-307
2.421561e-307
2.613354e-307
2.685547e-307
2.631681e-307
2.45542e-307
2.170156e-307
7.830212e-307
8.455675e-307
8.69122e-307
8.516565e-307
7.943914e-307
7.016941e-307
5.679471e-307
6.125921e-307
6.292896e-307
6.16605e-307
5.752926e-307
5.082363e-307
1.996333e-307
2.152912e-307
2.211597e-307
2.167145e-307
2.022313e-307
1.787647e-307
2.421556e-307
2.613348e-307
2.685541e-307
2.631676e-307
2.455415e-307
2.170153e-307
1.08869e-306
1.17525e-306
1.207636e-306
1.183215e-306
1.103446e-306
9.736139e-307
1.320245e-306
1.42614e-306
1.465899e-306
1.436259e-306
1.339198e-306
1.181806e-306
)
;

boundaryField
{
    top
    {
        type            zeroGradient;
    }
    bottom
    {
        type            zeroGradient;
    }
    defaultFaces
    {
        type            zeroGradient;
    }
    procBoundary2to1
    {
        type            processor;
        value           nonuniform List<scalar> 
1043
(
6.407633e-306
7.420725e-306
6.407633e-306
7.420725e-306
7.420724e-306
7.420724e-306
7.420724e-306
6.407633e-306
1.479438e+16
1.479438e+16
1.430502e+16
1.466095e+16
1.466094e+16
1.476523e+16
1.479439e+16
1.430502e+16
1.466095e+16
1.476523e+16
1.466095e+16
1.479439e+16
1.234002e+16
1.466094e+16
1.26337e+16
1.479438e+16
1.479438e+16
1.466094e+16
1.271459e+16
1.273944e+16
1.273943e+16
1.234002e+16
1.26337e+16
1.273943e+16
1.271459e+16
1.26337e+16
1.273943e+16
1.26337e+16
1.273943e+16
1.271459e+16
1.234002e+16
1.26337e+16
1.430501e+16
1.430501e+16
1.26337e+16
1.476522e+16
1.476522e+16
1.466094e+16
1.273943e+16
1.479438e+16
1.423777e+16
1.290317e+16
1.355367e+16
1.448626e+16
1.423777e+16
1.355367e+16
1.290317e+16
1.423777e+16
1.423777e+16
1.355367e+16
1.355367e+16
1.448626e+16
1.24832e+16
1.423777e+16
1.227768e+16
1.423777e+16
1.171651e+16
1.355367e+16
1.355367e+16
1.118576e+16
1.171651e+16
1.171651e+16
1.227768e+16
1.227768e+16
1.118576e+16
1.248319e+16
1.227768e+16
1.248319e+16
1.227768e+16
1.171651e+16
1.171651e+16
1.118576e+16
1.448625e+16
1.448625e+16
1.423776e+16
1.290315e+16
1.290315e+16
1.227768e+16
1.355366e+16
1.17165e+16
1.445719e+16
1.47356e+16
1.47356e+16
1.445719e+16
1.418151e+16
1.418151e+16
1.44572e+16
1.418152e+16
1.473561e+16
1.418151e+16
1.473561e+16
1.44572e+16
1.47356e+16
1.47356e+16
1.44572e+16
1.445719e+16
1.418151e+16
1.418151e+16
1.245414e+16
1.221977e+16
1.268697e+16
1.221977e+16
1.268697e+16
1.245414e+16
1.268697e+16
1.245414e+16
1.221976e+16
1.245414e+16
1.268697e+16
1.221976e+16
1.268697e+16
1.268697e+16
1.245414e+16
1.221976e+16
1.245414e+16
1.221976e+16
6.643296e-306
6.321009e-306
6.201992e-306
6.539098e-306
6.539098e-306
6.321008e-306
6.5391e-306
6.201995e-306
6.32101e-306
6.643298e-306
6.5391e-306
6.321011e-306
5.493807e-306
5.682609e-306
5.391325e-306
6.321004e-306
6.321004e-306
5.772858e-306
6.539094e-306
6.539094e-306
5.772859e-306
5.391326e-306
5.68261e-306
5.68261e-306
5.493808e-306
5.493807e-306
5.493807e-306
5.493807e-306
5.391325e-306
5.682609e-306
5.772858e-306
5.682609e-306
6.321002e-306
6.201985e-306
6.201985e-306
5.493805e-306
6.539092e-306
6.64329e-306
6.64329e-306
5.682607e-306
1.33075e+16
1.246717e+16
1.369255e+16
1.337979e+16
1.25019e+16
1.286389e+16
1.28639e+16
1.25019e+16
1.246718e+16
1.33798e+16
1.369256e+16
1.330751e+16
1.33798e+16
1.369255e+16
1.28639e+16
1.246717e+16
1.33075e+16
1.25019e+16
1.181025e+16
1.153346e+16
1.150446e+16
1.108938e+16
1.080801e+16
1.080442e+16
1.181025e+16
1.080801e+16
1.108938e+16
1.080442e+16
1.150446e+16
1.153346e+16
1.108937e+16
1.181025e+16
1.150446e+16
1.153346e+16
1.080442e+16
1.080801e+16
1.286389e+16
1.369255e+16
1.337979e+16
1.33075e+16
1.250189e+16
1.246716e+16
1.246717e+16
1.25019e+16
1.330751e+16
1.369256e+16
1.28639e+16
1.33798e+16
1.28639e+16
1.33798e+16
1.369256e+16
1.25019e+16
1.246718e+16
1.330751e+16
1.108938e+16
1.080801e+16
1.080442e+16
1.150446e+16
1.153346e+16
1.181025e+16
1.108938e+16
1.181025e+16
1.150446e+16
1.080801e+16
1.153346e+16
1.080442e+16
1.181025e+16
1.150446e+16
1.080801e+16
1.153346e+16
1.080442e+16
1.108938e+16
9.128684e+15
9.668011e+15
1.093674e+16
1.058115e+16
1.058115e+16
9.66801e+15
9.668018e+15
1.058116e+16
9.668017e+15
9.12869e+15
1.093675e+16
1.058115e+16
9.668002e+15
9.668002e+15
9.487449e+15
1.058114e+16
1.058114e+16
7.874999e+15
8.342247e+15
9.151337e+15
8.342253e+15
9.48745e+15
7.875005e+15
9.151341e+15
9.15134e+15
8.342252e+15
9.48745e+15
8.342251e+15
9.151339e+15
9.15134e+15
8.342251e+15
7.875003e+15
9.128673e+15
9.128673e+15
1.058114e+16
9.668e+15
8.342245e+15
1.093673e+16
1.093673e+16
9.151333e+15
1.197761e+16
1.063282e+16
1.172666e+16
1.104907e+16
1.15152e+16
1.096811e+16
1.172667e+16
1.063282e+16
1.104908e+16
1.197761e+16
1.151521e+16
1.096811e+16
1.172666e+16
1.15152e+16
1.063281e+16
1.19776e+16
1.09681e+16
1.104907e+16
1.009418e+16
9.479717e+15
9.15637e+15
1.034752e+16
9.496949e+15
9.982826e+15
9.982825e+15
1.034752e+16
9.479717e+15
1.009418e+16
9.156371e+15
9.49695e+15
9.982821e+15
1.034752e+16
9.156366e+15
9.479711e+15
1.009418e+16
9.496947e+15
1.150458e+16
1.197462e+16
1.251343e+16
1.197462e+16
1.150457e+16
1.251343e+16
1.150458e+16
1.150458e+16
1.197463e+16
1.197463e+16
1.251344e+16
1.251344e+16
1.197463e+16
1.150458e+16
1.251343e+16
1.251344e+16
1.150459e+16
1.197463e+16
1.076742e+16
1.029119e+16
1.076742e+16
9.866094e+15
9.866094e+15
1.029119e+16
9.866094e+15
1.029119e+16
1.076742e+16
9.866094e+15
1.076742e+16
1.029119e+16
9.866094e+15
9.866092e+15
1.029119e+16
1.029119e+16
1.076742e+16
1.076742e+16
1.063281e+16
1.104906e+16
1.151519e+16
1.09681e+16
1.172666e+16
1.19776e+16
1.104907e+16
1.197761e+16
1.151521e+16
1.172667e+16
1.063282e+16
1.096811e+16
1.151521e+16
1.197761e+16
1.096811e+16
1.172667e+16
1.063283e+16
1.104908e+16
9.982825e+15
9.479716e+15
1.034752e+16
1.009418e+16
9.156369e+15
9.496951e+15
9.982826e+15
1.034752e+16
9.156371e+15
9.479716e+15
1.009418e+16
9.496951e+15
9.982825e+15
9.479716e+15
1.034752e+16
1.009418e+16
9.496951e+15
9.15637e+15
6.361848e+15
5.950533e+15
8.150151e+15
8.150151e+15
6.361848e+15
9.00849e+15
5.950536e+15
6.361857e+15
8.150166e+15
6.361856e+15
9.008503e+15
8.150166e+15
5.521826e+15
8.150148e+15
2.61671e-306
8.150148e+15
8.150148e+15
5.521825e+15
5.17018e+15
7.775172e+15
7.041708e+15
7.775178e+15
7.041712e+15
7.041711e+15
5.521831e+15
5.521832e+15
5.170193e+15
5.521831e+15
7.041714e+15
5.170187e+15
5.521831e+15
7.775178e+15
7.041715e+15
8.150148e+15
8.150148e+15
9.008486e+15
6.361842e+15
6.361842e+15
8.150151e+15
6.361846e+15
5.950525e+15
8.761821e+15
7.386294e+15
1.04092e+16
8.516964e+15
1.106953e+16
1.028637e+16
1.106953e+16
1.04092e+16
8.761832e+15
7.386311e+15
8.516976e+15
1.028637e+16
8.761818e+15
1.040919e+16
7.386298e+15
8.516966e+15
1.106952e+16
1.028636e+16
9.520893e+15
7.559912e+15
8.833427e+15
7.330162e+15
6.384833e+15
8.967268e+15
9.520893e+15
8.833427e+15
7.330166e+15
8.967266e+15
6.38484e+15
7.559914e+15
9.520887e+15
8.833424e+15
8.96726e+15
7.330163e+15
7.559908e+15
6.384836e+15
1.14799e+16
1.01593e+16
9.861669e+15
1.237452e+16
1.088324e+16
1.209407e+16
1.015931e+16
1.147991e+16
1.088325e+16
1.209407e+16
1.237453e+16
9.861677e+15
1.015931e+16
9.861674e+15
1.088325e+16
1.147991e+16
1.209407e+16
1.237453e+16
9.816249e+15
8.441347e+15
1.059607e+16
1.036723e+16
9.326251e+15
8.685147e+15
1.036723e+16
9.326252e+15
9.816249e+15
8.685148e+15
1.059607e+16
8.441347e+15
9.816249e+15
1.059607e+16
8.685148e+15
1.036723e+16
9.32625e+15
8.441346e+15
1.01593e+16
1.209406e+16
1.14799e+16
1.088324e+16
9.861665e+15
1.237452e+16
1.209407e+16
1.088325e+16
9.861675e+15
1.237453e+16
1.015931e+16
1.147991e+16
1.147992e+16
1.015931e+16
1.237454e+16
9.861681e+15
1.209408e+16
1.088325e+16
1.059607e+16
9.816249e+15
1.036724e+16
9.326252e+15
8.68515e+15
8.441346e+15
9.326254e+15
8.441347e+15
1.036724e+16
8.685149e+15
1.059607e+16
9.816249e+15
9.816248e+15
1.059607e+16
8.685148e+15
8.441346e+15
9.326251e+15
1.036723e+16
7.386297e+15
1.106952e+16
1.028636e+16
8.516963e+15
1.040919e+16
8.761817e+15
8.516966e+15
1.028637e+16
8.761821e+15
7.386295e+15
1.106953e+16
1.04092e+16
8.761834e+15
7.38631e+15
1.04092e+16
8.516977e+15
1.106954e+16
1.028638e+16
6.384835e+15
8.967262e+15
8.833424e+15
7.330161e+15
7.559908e+15
9.520889e+15
8.967268e+15
9.520893e+15
8.833428e+15
7.559913e+15
6.384836e+15
7.330164e+15
7.330165e+15
8.833426e+15
9.520893e+15
6.384839e+15
7.559913e+15
8.967267e+15
3.030159e+15
2.500165e+15
4.256934e+15
4.256934e+15
3.030159e+15
4.888288e+15
3.030159e+15
2.500165e+15
4.256932e+15
3.030159e+15
4.256933e+15
4.888286e+15
2.652694e+15
1.088688e-306
2.652694e+15
3.718416e+15
2.190561e+15
3.718415e+15
2.174423e-306
4.260316e+15
4.26033e+15
2.190569e+15
3.718427e+15
3.718428e+15
2.652702e+15
2.652702e+15
2.190565e+15
2.652697e+15
3.718419e+15
2.652698e+15
3.71842e+15
4.260321e+15
3.030152e+15
3.030152e+15
2.50016e+15
3.030153e+15
4.256923e+15
4.256923e+15
4.888278e+15
4.256925e+15
2.4516e-306
2.784984e-306
2.616715e-306
1.961945e-306
2.174429e-306
1.855528e-306
2.616716e-306
2.784988e-306
2.174428e-306
1.855527e-306
2.451602e-306
1.961945e-306
1.961941e-306
2.451597e-306
2.784983e-306
2.174423e-306
1.855522e-306
2.61671e-306
2.132522e-306
1.713397e-306
2.419449e-306
2.277695e-306
1.623504e-306
1.898956e-306
2.41945e-306
2.277692e-306
2.132521e-306
1.898953e-306
1.713395e-306
1.623502e-306
1.898951e-306
1.6235e-306
1.713394e-306
2.27769e-306
2.13252e-306
2.419448e-306
7.549796e+15
8.172399e+15
5.667244e+15
4.922044e+15
4.580674e+15
6.793987e+15
4.922056e+15
6.794004e+15
4.58068e+15
5.667258e+15
7.549813e+15
8.172413e+15
7.549805e+15
8.172408e+15
5.667248e+15
6.794001e+15
4.580674e+15
4.922052e+15
4.905912e+15
3.96239e+15
4.237552e+15
6.496631e+15
7.007613e+15
5.826199e+15
3.96239e+15
5.826207e+15
4.905917e+15
6.496639e+15
4.237556e+15
7.007618e+15
6.496637e+15
7.007617e+15
4.905914e+15
5.826207e+15
3.962388e+15
4.237556e+15
7.025559e+15
5.256285e+15
5.256288e+15
8.757194e+15
8.757192e+15
7.025555e+15
5.256291e+15
7.025562e+15
8.757202e+15
7.025568e+15
5.256295e+15
8.757203e+15
8.757205e+15
7.025568e+15
7.02557e+15
8.757203e+15
5.2563e+15
5.256301e+15
4.50717e+15
6.014502e+15
4.507173e+15
6.014505e+15
7.485749e+15
7.485749e+15
4.507169e+15
6.014502e+15
4.507172e+15
7.485748e+15
6.014505e+15
7.485749e+15
4.507177e+15
4.507176e+15
6.014505e+15
6.014505e+15
7.485749e+15
7.485748e+15
5.667248e+15
7.549802e+15
4.580672e+15
8.172402e+15
4.922049e+15
6.793994e+15
8.172404e+15
7.549799e+15
6.793991e+15
5.667248e+15
4.922048e+15
4.580677e+15
4.580679e+15
4.922056e+15
6.794005e+15
5.667257e+15
8.172414e+15
7.549814e+15
7.007617e+15
5.826206e+15
4.237556e+15
4.905914e+15
6.496635e+15
3.962388e+15
7.007614e+15
6.496633e+15
5.826199e+15
4.905915e+15
4.237553e+15
3.962392e+15
3.962389e+15
4.237556e+15
4.905916e+15
6.496636e+15
7.007616e+15
5.826205e+15
1.855524e-306
1.961941e-306
2.616711e-306
2.174424e-306
2.784983e-306
2.451597e-306
2.174429e-306
2.784985e-306
2.451601e-306
2.616714e-306
1.855528e-306
1.961946e-306
2.784988e-306
2.174428e-306
2.616715e-306
2.451601e-306
1.961945e-306
1.855527e-306
2.132519e-306
1.713393e-306
1.89895e-306
2.419447e-306
1.6235e-306
2.27769e-306
2.132523e-306
2.41945e-306
2.277695e-306
1.713398e-306
1.898957e-306
1.623505e-306
1.898952e-306
2.277692e-306
1.623501e-306
2.419449e-306
1.713395e-306
2.132521e-306
4.485473e-307
4.485474e-307
6.201297e-308
1.258177e-307
6.779411e-307
1.258178e-307
4.485473e-307
6.201299e-308
4.485474e-307
1.258178e-307
6.779411e-307
1.258178e-307
1.107792e-307
3.945304e-307
5.464659e-308
5.953724e-307
3.945305e-307
5.679463e-307
1.107792e-307
5.464674e-308
5.953741e-307
1.107795e-307
3.945315e-307
3.945316e-307
1.107794e-307
5.464663e-308
3.945308e-307
1.107792e-307
3.945308e-307
5.95373e-307
1.107792e-307
6.201291e-308
4.485464e-307
4.485464e-307
6.7794e-307
1.258177e-307
1.258176e-307
4.485467e-307
5.679477e-307
1.996335e-307
1.088691e-306
7.830222e-307
2.421558e-307
1.320247e-306
1.088691e-306
5.679477e-307
1.320247e-306
2.421561e-307
7.830227e-307
1.996337e-307
1.320243e-306
7.830203e-307
2.421554e-307
1.088688e-306
5.679463e-307
1.996331e-307
6.872783e-307
1.756122e-307
2.128356e-307
4.991993e-307
9.549914e-307
1.157463e-306
4.991986e-307
1.75612e-307
2.128356e-307
9.549899e-307
6.872779e-307
1.157462e-306
4.99198e-307
1.756118e-307
2.128353e-307
9.549888e-307
6.872769e-307
1.15746e-306
2.823362e-307
8.713991e-307
2.746224e-307
1.480629e-306
8.321873e-307
1.487498e-306
2.823361e-307
8.713984e-307
2.746226e-307
8.321882e-307
1.480629e-306
1.487499e-306
8.321855e-307
1.487495e-306
8.713975e-307
2.746218e-307
1.480627e-306
2.823356e-307
2.46019e-307
2.404718e-307
7.29004e-307
7.57267e-307
1.299163e-306
1.286939e-306
1.299162e-306
1.286937e-306
7.290035e-307
7.572653e-307
2.404716e-307
2.460185e-307
7.572653e-307
1.286937e-306
2.460184e-307
1.29916e-306
2.404713e-307
7.290025e-307
3.063545e-307
9.459818e-307
9.030857e-307
1.642949e-306
2.978952e-307
1.59423e-306
3.063532e-307
9.459802e-307
2.978939e-307
1.64295e-306
9.030825e-307
1.59423e-306
9.030843e-307
2.978947e-307
9.459831e-307
1.594231e-306
3.063539e-307
1.642954e-306
7.815134e-307
1.374053e-306
1.413126e-306
2.578645e-307
2.645326e-307
8.153127e-307
7.815097e-307
1.374051e-306
1.413125e-306
2.578629e-307
8.153103e-307
2.64531e-307
7.815115e-307
2.578638e-307
8.153125e-307
1.374053e-306
2.645316e-307
1.413128e-306
1.594227e-306
9.030811e-307
9.459789e-307
1.642948e-306
2.978934e-307
3.063526e-307
2.978956e-307
9.030866e-307
1.642951e-306
3.063548e-307
1.594231e-306
9.459827e-307
1.642954e-306
1.594232e-306
9.030851e-307
9.459831e-307
3.063542e-307
2.97895e-307
8.153102e-307
2.578629e-307
1.374051e-306
1.413125e-306
2.645308e-307
7.815093e-307
8.153126e-307
2.578646e-307
1.374054e-306
1.413126e-306
2.645324e-307
7.815136e-307
1.413128e-306
8.153123e-307
1.374052e-306
7.815116e-307
2.645317e-307
2.578639e-307
2.823356e-307
8.713969e-307
2.74622e-307
8.321863e-307
1.480627e-306
1.487495e-306
8.321877e-307
2.746225e-307
1.48063e-306
8.713995e-307
2.823364e-307
1.487499e-306
8.713986e-307
2.823361e-307
2.746224e-307
1.480629e-306
1.487498e-306
8.321873e-307
7.57265e-307
2.460183e-307
1.286937e-306
7.290029e-307
2.404712e-307
1.299161e-306
2.40472e-307
2.460191e-307
7.290044e-307
1.28694e-306
7.572672e-307
1.299164e-306
1.299161e-306
7.290028e-307
2.404714e-307
1.286937e-306
2.460186e-307
7.572654e-307
1.996333e-307
2.421555e-307
5.679468e-307
7.830208e-307
1.088689e-306
1.320244e-306
5.679476e-307
1.996335e-307
7.830221e-307
1.088691e-306
1.320247e-306
2.421558e-307
1.996336e-307
5.679477e-307
1.088691e-306
2.42156e-307
7.830222e-307
1.320247e-306
1.15746e-306
9.549886e-307
4.99198e-307
6.872769e-307
1.756119e-307
2.128353e-307
1.157464e-306
9.549918e-307
4.991996e-307
6.872787e-307
1.756123e-307
2.128358e-307
6.872772e-307
4.991984e-307
1.756119e-307
2.128353e-307
9.549896e-307
1.157461e-306
)
;
    }
    procBoundary2to3
    {
        type            processor;
        value           nonuniform List<scalar> 
1038
(
5.391701e-306
5.391702e-306
5.391702e-306
5.391701e-306
5.3917e-306
5.391702e-306
1.052857e+16
1.052857e+16
1.029616e+16
1.049138e+16
1.049137e+16
1.049102e+16
1.052857e+16
1.029616e+16
1.049138e+16
1.049102e+16
1.049137e+16
1.052857e+16
1.029616e+16
1.049137e+16
1.052857e+16
1.049137e+16
1.049102e+16
1.052857e+16
1.052857e+16
1.029616e+16
1.049138e+16
1.052857e+16
1.049102e+16
1.049137e+16
1.052856e+16
1.049136e+16
1.052856e+16
1.049101e+16
1.029616e+16
1.049137e+16
1.029615e+16
1.049136e+16
1.0491e+16
1.049136e+16
1.052856e+16
1.052856e+16
1.008776e+16
9.223203e+15
9.625644e+15
1.026891e+16
1.008775e+16
9.625635e+15
9.223205e+15
1.008776e+16
1.008776e+16
9.625647e+15
9.625651e+15
1.026892e+16
1.02689e+16
1.008775e+16
1.008775e+16
9.625632e+15
9.625632e+15
9.22319e+15
9.625634e+15
9.625634e+15
1.008775e+16
1.008775e+16
9.223194e+15
1.026891e+16
1.008774e+16
1.02689e+16
1.008775e+16
9.62563e+15
9.625629e+15
9.223188e+15
1.02689e+16
1.008774e+16
9.223186e+15
1.008774e+16
9.62563e+15
9.625628e+15
1.023241e+16
1.045339e+16
1.045339e+16
1.023241e+16
1.00163e+16
1.001631e+16
1.023243e+16
1.001632e+16
1.045341e+16
1.001632e+16
1.045341e+16
1.023243e+16
1.04534e+16
1.04534e+16
1.023242e+16
1.023241e+16
1.001631e+16
1.001631e+16
1.023241e+16
1.001631e+16
1.04534e+16
1.001631e+16
1.04534e+16
1.023242e+16
1.04534e+16
1.023241e+16
1.001631e+16
1.023241e+16
1.04534e+16
1.001631e+16
1.045339e+16
1.045339e+16
1.02324e+16
1.00163e+16
1.02324e+16
1.00163e+16
4.785839e-306
3.359294e-306
4.706337e-306
3.286711e-306
4.542656e-306
4.706337e-306
4.706342e-306
4.542656e-306
4.542656e-306
4.706332e-306
4.706332e-306
3.286696e-306
4.542608e-306
3.359289e-306
4.785834e-306
4.706329e-306
4.542608e-306
4.542598e-306
4.706321e-306
4.454751e-306
4.542598e-306
4.785824e-306
4.70632e-306
4.785825e-306
4.454753e-306
4.706322e-306
4.706322e-306
4.542601e-306
4.542601e-306
4.542597e-306
4.542598e-306
4.454752e-306
4.706321e-306
4.785823e-306
4.70632e-306
4.542598e-306
4.454751e-306
4.542597e-306
4.706321e-306
4.785824e-306
4.706319e-306
9.435393e+15
8.890079e+15
9.665165e+15
9.416183e+15
8.830934e+15
9.043737e+15
6.211662e+15
9.416205e+15
6.102656e+15
8.890112e+15
8.890112e+15
9.416205e+15
9.66518e+15
9.435413e+15
9.416187e+15
9.665164e+15
9.043746e+15
8.890089e+15
9.435396e+15
8.830926e+15
9.665164e+15
9.416185e+15
9.4354e+15
9.043744e+15
8.890093e+15
8.830925e+15
9.665163e+15
8.890091e+15
9.043744e+15
8.830927e+15
9.435397e+15
9.416188e+15
9.043735e+15
9.665152e+15
9.435388e+15
9.416177e+15
8.830919e+15
8.890085e+15
9.043743e+15
9.665161e+15
9.416188e+15
9.435393e+15
8.830925e+15
8.89009e+15
8.890112e+15
8.890112e+15
6.102654e+15
9.435409e+15
9.665178e+15
6.211661e+15
9.416206e+15
9.416206e+15
9.043748e+15
9.416191e+15
9.665168e+15
8.830934e+15
8.890102e+15
9.435405e+15
9.043742e+15
8.890091e+15
8.830926e+15
9.435396e+15
9.416186e+15
9.665163e+15
9.043743e+15
9.665163e+15
9.435399e+15
8.890093e+15
9.416188e+15
8.830926e+15
9.665154e+15
9.43539e+15
8.890085e+15
9.416177e+15
8.830917e+15
9.043735e+15
4.376323e+15
4.627918e+15
5.42904e+15
5.098604e+15
5.098607e+15
4.627915e+15
4.627917e+15
5.098603e+15
4.627918e+15
4.376324e+15
5.429036e+15
5.098604e+15
6.796419e+15
7.775161e+15
7.461049e+15
6.419476e+15
6.796418e+15
7.461048e+15
6.796421e+15
7.775164e+15
6.419479e+15
7.461051e+15
7.461052e+15
6.796422e+15
7.775159e+15
6.796418e+15
7.461048e+15
7.461047e+15
6.796418e+15
6.419476e+15
6.419475e+15
7.461049e+15
6.79642e+15
6.796418e+15
7.775161e+15
7.461048e+15
8.446745e+15
8.446745e+15
5.069274e+15
8.219083e+15
8.219083e+15
5.250286e+15
5.741969e+15
5.289832e+15
5.603152e+15
5.069275e+15
5.250292e+15
5.807797e+15
5.741951e+15
5.289825e+15
8.219064e+15
8.188023e+15
7.45699e+15
8.446693e+15
7.730918e+15
7.732379e+15
8.219063e+15
7.730918e+15
7.456991e+15
8.446692e+15
7.732378e+15
8.188024e+15
8.188023e+15
8.446691e+15
7.730916e+15
8.219062e+15
7.456988e+15
7.732376e+15
8.18802e+15
8.446687e+15
7.456986e+15
7.730915e+15
8.219058e+15
7.732373e+15
8.035282e+15
8.376608e+15
8.767417e+15
8.376603e+15
8.035281e+15
8.767417e+15
5.454918e+15
5.454919e+15
5.706776e+15
5.706776e+15
5.994965e+15
5.994965e+15
8.376604e+15
8.035281e+15
8.76742e+15
8.767422e+15
8.035281e+15
8.376605e+15
8.767417e+15
8.376601e+15
8.767418e+15
8.035278e+15
8.035278e+15
8.376603e+15
8.035278e+15
8.376603e+15
8.767419e+15
8.035279e+15
8.767419e+15
8.376603e+15
8.035272e+15
8.035274e+15
8.376596e+15
8.376595e+15
8.767411e+15
8.76741e+15
7.45699e+15
7.732377e+15
8.188024e+15
7.730919e+15
8.219064e+15
8.446692e+15
5.250291e+15
5.807794e+15
5.741945e+15
5.603153e+15
5.069275e+15
5.289822e+15
8.188037e+15
8.188037e+15
8.4467e+15
5.289822e+15
8.219069e+15
5.069271e+15
7.732383e+15
7.732383e+15
8.188022e+15
7.730916e+15
8.44669e+15
8.219061e+15
7.456987e+15
7.732374e+15
8.188024e+15
8.446691e+15
7.45699e+15
7.730919e+15
8.219063e+15
7.732377e+15
8.188021e+15
7.730914e+15
8.446686e+15
8.219058e+15
7.732371e+15
7.456986e+15
3.288898e+15
3.033127e+15
4.025305e+15
4.025304e+15
3.288897e+15
4.380536e+15
3.033125e+15
3.288899e+15
4.025307e+15
3.288898e+15
4.380536e+15
4.025306e+15
4.589045e+15
5.793775e+15
4.589045e+15
4.29137e+15
6.369215e+15
5.793775e+15
6.369216e+15
5.793774e+15
5.793773e+15
4.589046e+15
4.589047e+15
4.291375e+15
4.589045e+15
5.793774e+15
4.29137e+15
4.589046e+15
6.369214e+15
5.793775e+15
5.793775e+15
6.369215e+15
4.589045e+15
5.793775e+15
4.589046e+15
4.29137e+15
4.311233e+15
3.79152e+15
4.999981e+15
4.202483e+15
5.284408e+15
4.936134e+15
5.284414e+15
4.999985e+15
4.311237e+15
3.791526e+15
4.202488e+15
4.93614e+15
6.213839e+15
7.322444e+15
5.298672e+15
6.048168e+15
7.768478e+15
7.234132e+15
7.768479e+15
6.213839e+15
7.234133e+15
6.048167e+15
5.298668e+15
7.322446e+15
7.768477e+15
7.234131e+15
6.048168e+15
7.322444e+15
5.298672e+15
6.213839e+15
7.768476e+15
7.234129e+15
7.322443e+15
6.048166e+15
6.213839e+15
5.298671e+15
8.030912e+15
8.030912e+15
4.851026e+15
4.725101e+15
8.643716e+15
8.643716e+15
5.180487e+15
5.727445e+15
4.851031e+15
5.433653e+15
5.180492e+15
5.727452e+15
5.850892e+15
4.725106e+15
7.136974e+15
6.93758e+15
7.631382e+15
8.03091e+15
8.455839e+15
8.643711e+15
8.030907e+15
6.937579e+15
8.643709e+15
8.455839e+15
7.631382e+15
7.136973e+15
8.455838e+15
7.631381e+15
8.030908e+15
7.136974e+15
8.64371e+15
6.93758e+15
8.030903e+15
8.643704e+15
7.13697e+15
8.455834e+15
7.631378e+15
6.937576e+15
7.136974e+15
8.455839e+15
8.03091e+15
7.631382e+15
6.937581e+15
8.64371e+15
5.727452e+15
5.180493e+15
4.725106e+15
5.850893e+15
4.851031e+15
5.433653e+15
8.030911e+15
7.136976e+15
8.643713e+15
6.937585e+15
6.937585e+15
8.455843e+15
7.631388e+15
7.631388e+15
8.643706e+15
8.030907e+15
8.455836e+15
7.631378e+15
7.136971e+15
6.937578e+15
7.631382e+15
6.937581e+15
8.455839e+15
7.136974e+15
8.643709e+15
8.030909e+15
8.030904e+15
8.643704e+15
7.13697e+15
6.937576e+15
7.631377e+15
8.455834e+15
5.298672e+15
7.768478e+15
7.234132e+15
6.048168e+15
7.322444e+15
6.213839e+15
4.202486e+15
4.936139e+15
4.311235e+15
3.791522e+15
5.284413e+15
4.999984e+15
4.311235e+15
3.791524e+15
4.999982e+15
4.202485e+15
5.284409e+15
4.936135e+15
5.298671e+15
7.322443e+15
7.23413e+15
6.048167e+15
6.213839e+15
7.768476e+15
7.322447e+15
7.768481e+15
7.234134e+15
6.21384e+15
5.298669e+15
6.048167e+15
6.048166e+15
7.234128e+15
7.768473e+15
5.298671e+15
6.213838e+15
7.322441e+15
1.599592e+15
1.33684e+15
2.225002e+15
2.225001e+15
1.599592e+15
2.487657e+15
1.59959e+15
1.336839e+15
2.224999e+15
1.59959e+15
2.224999e+15
2.487654e+15
2.215855e+15
2.215855e+15
3.105921e+15
1.830951e+15
3.10592e+15
3.540703e+15
3.54071e+15
1.830955e+15
3.105927e+15
3.105927e+15
2.21586e+15
2.21586e+15
1.830952e+15
2.215856e+15
3.105921e+15
2.215856e+15
3.105921e+15
3.540704e+15
2.215855e+15
1.830951e+15
2.215855e+15
3.10592e+15
3.540703e+15
3.105921e+15
1.366952e-306
1.536927e-306
1.442414e-306
1.107553e-306
1.202547e-306
1.04142e-306
1.442414e-306
1.536928e-306
1.202546e-306
1.041419e-306
1.366952e-306
1.107553e-306
1.449719e-306
1.79894e-306
2.032314e-306
1.596752e-306
1.370484e-306
1.911993e-306
1.798941e-306
1.449722e-306
2.032314e-306
1.911995e-306
1.370486e-306
1.596755e-306
2.032315e-306
1.911994e-306
1.79894e-306
1.596753e-306
1.44972e-306
1.370484e-306
1.596752e-306
1.370484e-306
1.449719e-306
1.911993e-306
1.798939e-306
2.032314e-306
3.764657e+15
4.006612e+15
2.994201e+15
2.61574e+15
2.469083e+15
3.417924e+15
2.615746e+15
3.417931e+15
2.469084e+15
2.994205e+15
3.764663e+15
4.006617e+15
5.388115e+15
5.79941e+15
4.115849e+15
4.860646e+15
3.34628e+15
3.575291e+15
4.115847e+15
3.346281e+15
3.575287e+15
5.38811e+15
5.799406e+15
4.860639e+15
3.346281e+15
4.860646e+15
4.11585e+15
5.388115e+15
3.575292e+15
5.799409e+15
5.388113e+15
5.799406e+15
4.115848e+15
4.860643e+15
3.346279e+15
3.57529e+15
5.017689e+15
5.017689e+15
2.777879e+15
2.77788e+15
4.250393e+15
6.190213e+15
6.190213e+15
3.521662e+15
2.777881e+15
3.521665e+15
4.250397e+15
3.521667e+15
2.777884e+15
4.250397e+15
6.190214e+15
5.01769e+15
5.017691e+15
5.017691e+15
6.190213e+15
3.805459e+15
3.805459e+15
3.805459e+15
3.80545e+15
5.017684e+15
3.805453e+15
5.017687e+15
6.19021e+15
6.19021e+15
3.805451e+15
5.017686e+15
3.805454e+15
6.190211e+15
5.017689e+15
6.190211e+15
3.805456e+15
3.805456e+15
5.017686e+15
5.017686e+15
6.190208e+15
6.190208e+15
4.11585e+15
5.388115e+15
3.346281e+15
5.799409e+15
3.575291e+15
4.860646e+15
4.006615e+15
3.76466e+15
3.417927e+15
2.994203e+15
2.615743e+15
2.469084e+15
2.469082e+15
2.615743e+15
3.417928e+15
2.994203e+15
4.006614e+15
3.764661e+15
5.799408e+15
4.860644e+15
3.575291e+15
4.115849e+15
5.388114e+15
3.34628e+15
5.799407e+15
5.38811e+15
4.86064e+15
4.115847e+15
3.575288e+15
3.346282e+15
3.346279e+15
3.57529e+15
4.115848e+15
5.388114e+15
5.799407e+15
4.860643e+15
1.370484e-306
1.449719e-306
1.911993e-306
1.596752e-306
2.032314e-306
1.79894e-306
1.202548e-306
1.536927e-306
1.366953e-306
1.442414e-306
1.041421e-306
1.107554e-306
1.536928e-306
1.202546e-306
1.442414e-306
1.366952e-306
1.107552e-306
1.041419e-306
1.79894e-306
1.449719e-306
1.596752e-306
2.032314e-306
1.370484e-306
1.911993e-306
1.798941e-306
2.032315e-306
1.911995e-306
1.449722e-306
1.596755e-306
1.370487e-306
1.596752e-306
1.911993e-306
1.370484e-306
2.032314e-306
1.449719e-306
1.79894e-306
2.599496e-307
2.599496e-307
3.663419e-308
7.375132e-308
3.862142e-307
7.375132e-308
2.599494e-307
3.663417e-308
2.599494e-307
7.375127e-308
3.862138e-307
7.375129e-308
9.379077e-308
3.332178e-307
4.635564e-308
5.010777e-307
3.332179e-307
9.379079e-308
4.635571e-308
5.010787e-307
9.379093e-308
3.332185e-307
3.332185e-307
9.379092e-308
4.635565e-308
3.332179e-307
9.379078e-308
3.332179e-307
5.010778e-307
9.37908e-308
4.635564e-308
3.332179e-307
5.010777e-307
9.379077e-308
9.379079e-308
3.332179e-307
3.233538e-307
1.141326e-307
6.041542e-307
4.410873e-307
1.371237e-307
7.376107e-307
6.041537e-307
3.233536e-307
7.376103e-307
1.371237e-307
4.410872e-307
1.141326e-307
9.76304e-307
5.809738e-307
1.798796e-307
8.024554e-307
4.207916e-307
1.482595e-307
5.809748e-307
1.482598e-307
1.798799e-307
4.207923e-307
8.024569e-307
9.763057e-307
4.207917e-307
1.482596e-307
1.798797e-307
8.024556e-307
5.809743e-307
9.763044e-307
4.207916e-307
1.482595e-307
1.798796e-307
8.024553e-307
5.809738e-307
9.763039e-307
1.660476e-307
5.106063e-307
1.579929e-307
8.426681e-307
4.728621e-307
8.434265e-307
1.660475e-307
5.106057e-307
1.579929e-307
4.728622e-307
8.426677e-307
8.434261e-307
6.184907e-307
1.102511e-306
6.498287e-307
2.047901e-307
1.095098e-306
2.111974e-307
2.111978e-307
2.047905e-307
6.184919e-307
6.498299e-307
1.102513e-306
1.0951e-306
1.102512e-306
1.095099e-306
6.184915e-307
6.498286e-307
2.047903e-307
2.111975e-307
6.498285e-307
1.095098e-306
2.111974e-307
1.102511e-306
2.047901e-307
6.184907e-307
1.832901e-307
5.581474e-307
5.308892e-307
9.355635e-307
1.777787e-307
9.088797e-307
1.832892e-307
5.581465e-307
1.777777e-307
9.355639e-307
5.308872e-307
9.088795e-307
6.728083e-307
2.232097e-307
7.045921e-307
7.045921e-307
1.174772e-306
2.295567e-307
1.20926e-306
6.728098e-307
1.174772e-306
1.209258e-306
2.232102e-307
2.295572e-307
7.045916e-307
6.728066e-307
1.17477e-306
1.209257e-306
2.232088e-307
7.045897e-307
2.295559e-307
6.72808e-307
2.232095e-307
7.045916e-307
1.174771e-306
2.295566e-307
1.209259e-306
1.17477e-306
1.17477e-306
6.728066e-307
6.728066e-307
5.581459e-307
9.355628e-307
1.777775e-307
1.83289e-307
1.777788e-307
5.308896e-307
9.355644e-307
1.832903e-307
9.088804e-307
5.58148e-307
9.35565e-307
9.088796e-307
5.308881e-307
5.581477e-307
1.832897e-307
1.777783e-307
7.045895e-307
2.232087e-307
1.17477e-306
1.209257e-306
2.295559e-307
6.728064e-307
7.045918e-307
2.232102e-307
1.174772e-306
1.209258e-306
2.295573e-307
6.728099e-307
1.209259e-306
7.045916e-307
1.174771e-306
6.728081e-307
2.295566e-307
2.232096e-307
2.111974e-307
6.498285e-307
2.047902e-307
6.184913e-307
1.095099e-306
1.102512e-306
4.728623e-307
1.57993e-307
8.426686e-307
5.106066e-307
1.660477e-307
8.434268e-307
5.106054e-307
1.660474e-307
1.579927e-307
8.426669e-307
8.434254e-307
4.728616e-307
6.498284e-307
2.111974e-307
1.095098e-306
6.184913e-307
2.047902e-307
1.102512e-306
2.047905e-307
2.111978e-307
6.18492e-307
1.0951e-306
6.498301e-307
1.102514e-306
1.102511e-306
6.184908e-307
2.047901e-307
1.095098e-306
2.111974e-307
6.498286e-307
1.482596e-307
1.798797e-307
4.207916e-307
5.809741e-307
8.024554e-307
9.763042e-307
3.233538e-307
1.141326e-307
4.410874e-307
6.041544e-307
7.376109e-307
1.371237e-307
1.141325e-307
3.233535e-307
6.041536e-307
1.371236e-307
4.410868e-307
7.376099e-307
9.763041e-307
8.024554e-307
4.207916e-307
5.809741e-307
1.482596e-307
1.798797e-307
9.763059e-307
8.02457e-307
4.207924e-307
5.809749e-307
1.482598e-307
1.798799e-307
5.809739e-307
4.207916e-307
1.482595e-307
1.798796e-307
8.024555e-307
9.76304e-307
)
;
    }
}


// ************************************************************************* //
