    -1
   164
         1  SI: Meter (newton)         2
    1.0000000000000000E+0    1.0000000000000000E+0    1.0000000000000000E+0
    2.7314999999999998E+2
    -1
    -1
  2420
         1
SMESH_Mesh
         1         0         0
Global Cartesian Coordinate System
    1.0000000000000000E+0    0.0000000000000000E+0    0.0000000000000000E+0
    0.0000000000000000E+0    1.0000000000000000E+0    0.0000000000000000E+0
    0.0000000000000000E+0    0.0000000000000000E+0    1.0000000000000000E+0
    0.0000000000000000E+0    0.0000000000000000E+0    0.0000000000000000E+0
    -1
    -1
  2411
         1         1         1        11
   5.5285907077060104E-01  -9.5758000000000043E-01   0.0000000000000000E+00
         2         1         1        11
  -5.5285907077060226E-01  -9.5757999999999976E-01   0.0000000000000000E+00
         3         1         1        11
  -1.1057181415412036E+00   1.3541141827975950E-16   0.0000000000000000E+00
         4         1         1        11
  -5.5285907077060159E-01   9.5757999999999999E-01   0.0000000000000000E+00
         5         1         1        11
   5.5285907077060192E-01   9.5757999999999988E-01   0.0000000000000000E+00
         6         1         1        11
   1.1057181415412036E+00   0.0000000000000000E+00   0.0000000000000000E+00
         7         1         1        11
  -1.9433906324231551E-16  -1.9509284103464685E-16   0.0000000000000000E+00
         8         1         1        11
   1.1057181415412036E+00   0.0000000000000000E+00   5.2832000000000008E+00
         9         1         1        11
   1.1057181415412036E+00   0.0000000000000000E+00   1.0566400000000002E+01
        10         1         1        11
   1.1057181415412036E+00   0.0000000000000000E+00   1.5849600000000002E+01
        11         1         1        11
   1.1057181415412036E+00   0.0000000000000000E+00   2.1132800000000003E+01
        12         1         1        11
   1.1057181415412036E+00   0.0000000000000000E+00   2.6416000000000004E+01
        13         1         1        11
   1.1057181415412036E+00   0.0000000000000000E+00   3.1699200000000005E+01
        14         1         1        11
   1.1057181415412036E+00   0.0000000000000000E+00   3.6982400000000005E+01
        15         1         1        11
   1.1057181415412036E+00   0.0000000000000000E+00   4.2265600000000006E+01
        16         1         1        11
   1.1057181415412036E+00   0.0000000000000000E+00   4.7548800000000007E+01
        17         1         1        11
   1.1057181415412036E+00   0.0000000000000000E+00   5.2832000000000008E+01
        18         1         1        11
   1.1057181415412036E+00   0.0000000000000000E+00   5.8115200000000009E+01
        19         1         1        11
   1.1057181415412036E+00   0.0000000000000000E+00   6.3398400000000009E+01
        20         1         1        11
   1.1057181415412036E+00   0.0000000000000000E+00   6.8681600000000003E+01
        21         1         1        11
   1.1057181415412036E+00   0.0000000000000000E+00   7.3964799999999997E+01
        22         1         1        11
   1.1057181415412036E+00   0.0000000000000000E+00   7.9247999999999990E+01
        23         1         1        11
   1.1057181415412036E+00   0.0000000000000000E+00   8.4531199999999984E+01
        24         1         1        11
   1.1057181415412036E+00   0.0000000000000000E+00   8.9814399999999978E+01
        25         1         1        11
   1.1057181415412036E+00   0.0000000000000000E+00   9.5097599999999971E+01
        26         1         1        11
   1.1057181415412036E+00   0.0000000000000000E+00   1.0038079999999997E+02
        27         1         1        11
   1.1057181415412036E+00   0.0000000000000000E+00   1.0566399999999996E+02
        28         1         1        11
   1.1057181415412036E+00   0.0000000000000000E+00   1.1094719999999995E+02
        29         1         1        11
   1.1057181415412036E+00   0.0000000000000000E+00   1.1623039999999995E+02
        30         1         1        11
   1.1057181415412036E+00   0.0000000000000000E+00   1.2151359999999994E+02
        31         1         1        11
   1.1057181415412036E+00   0.0000000000000000E+00   1.2679679999999993E+02
        32         1         1        11
   1.1057181415412036E+00   0.0000000000000000E+00   1.3207999999999993E+02
        33         1         1        11
   5.5285907077060192E-01   9.5757999999999988E-01   5.2832000000000008E+00
        34         1         1        11
   5.5285907077060192E-01   9.5757999999999988E-01   1.0566400000000002E+01
        35         1         1        11
   5.5285907077060192E-01   9.5757999999999988E-01   1.5849600000000002E+01
        36         1         1        11
   5.5285907077060192E-01   9.5757999999999988E-01   2.1132800000000003E+01
        37         1         1        11
   5.5285907077060192E-01   9.5757999999999988E-01   2.6416000000000004E+01
        38         1         1        11
   5.5285907077060192E-01   9.5757999999999988E-01   3.1699200000000005E+01
        39         1         1        11
   5.5285907077060192E-01   9.5757999999999988E-01   3.6982400000000005E+01
        40         1         1        11
   5.5285907077060192E-01   9.5757999999999988E-01   4.2265600000000006E+01
        41         1         1        11
   5.5285907077060192E-01   9.5757999999999988E-01   4.7548800000000007E+01
        42         1         1        11
   5.5285907077060192E-01   9.5757999999999988E-01   5.2832000000000008E+01
        43         1         1        11
   5.5285907077060192E-01   9.5757999999999988E-01   5.8115200000000009E+01
        44         1         1        11
   5.5285907077060192E-01   9.5757999999999988E-01   6.3398400000000009E+01
        45         1         1        11
   5.5285907077060192E-01   9.5757999999999988E-01   6.8681600000000003E+01
        46         1         1        11
   5.5285907077060192E-01   9.5757999999999988E-01   7.3964799999999997E+01
        47         1         1        11
   5.5285907077060192E-01   9.5757999999999988E-01   7.9247999999999990E+01
        48         1         1        11
   5.5285907077060192E-01   9.5757999999999988E-01   8.4531199999999984E+01
        49         1         1        11
   5.5285907077060192E-01   9.5757999999999988E-01   8.9814399999999978E+01
        50         1         1        11
   5.5285907077060192E-01   9.5757999999999988E-01   9.5097599999999971E+01
        51         1         1        11
   5.5285907077060192E-01   9.5757999999999988E-01   1.0038079999999997E+02
        52         1         1        11
   5.5285907077060192E-01   9.5757999999999988E-01   1.0566399999999996E+02
        53         1         1        11
   5.5285907077060192E-01   9.5757999999999988E-01   1.1094719999999995E+02
        54         1         1        11
   5.5285907077060192E-01   9.5757999999999988E-01   1.1623039999999995E+02
        55         1         1        11
   5.5285907077060192E-01   9.5757999999999988E-01   1.2151359999999994E+02
        56         1         1        11
   5.5285907077060192E-01   9.5757999999999988E-01   1.2679679999999993E+02
        57         1         1        11
   5.5285907077060192E-01   9.5757999999999988E-01   1.3207999999999993E+02
        58         1         1        11
  -5.5285907077060159E-01   9.5757999999999999E-01   5.2832000000000008E+00
        59         1         1        11
  -5.5285907077060159E-01   9.5757999999999999E-01   1.0566400000000002E+01
        60         1         1        11
  -5.5285907077060159E-01   9.5757999999999999E-01   1.5849600000000002E+01
        61         1         1        11
  -5.5285907077060159E-01   9.5757999999999999E-01   2.1132800000000003E+01
        62         1         1        11
  -5.5285907077060159E-01   9.5757999999999999E-01   2.6416000000000004E+01
        63         1         1        11
  -5.5285907077060159E-01   9.5757999999999999E-01   3.1699200000000005E+01
        64         1         1        11
  -5.5285907077060159E-01   9.5757999999999999E-01   3.6982400000000005E+01
        65         1         1        11
  -5.5285907077060159E-01   9.5757999999999999E-01   4.2265600000000006E+01
        66         1         1        11
  -5.5285907077060159E-01   9.5757999999999999E-01   4.7548800000000007E+01
        67         1         1        11
  -5.5285907077060159E-01   9.5757999999999999E-01   5.2832000000000008E+01
        68         1         1        11
  -5.5285907077060159E-01   9.5757999999999999E-01   5.8115200000000009E+01
        69         1         1        11
  -5.5285907077060159E-01   9.5757999999999999E-01   6.3398400000000009E+01
        70         1         1        11
  -5.5285907077060159E-01   9.5757999999999999E-01   6.8681600000000003E+01
        71         1         1        11
  -5.5285907077060159E-01   9.5757999999999999E-01   7.3964799999999997E+01
        72         1         1        11
  -5.5285907077060159E-01   9.5757999999999999E-01   7.9247999999999990E+01
        73         1         1        11
  -5.5285907077060159E-01   9.5757999999999999E-01   8.4531199999999984E+01
        74         1         1        11
  -5.5285907077060159E-01   9.5757999999999999E-01   8.9814399999999978E+01
        75         1         1        11
  -5.5285907077060159E-01   9.5757999999999999E-01   9.5097599999999971E+01
        76         1         1        11
  -5.5285907077060159E-01   9.5757999999999999E-01   1.0038079999999997E+02
        77         1         1        11
  -5.5285907077060159E-01   9.5757999999999999E-01   1.0566399999999996E+02
        78         1         1        11
  -5.5285907077060159E-01   9.5757999999999999E-01   1.1094719999999995E+02
        79         1         1        11
  -5.5285907077060159E-01   9.5757999999999999E-01   1.1623039999999995E+02
        80         1         1        11
  -5.5285907077060159E-01   9.5757999999999999E-01   1.2151359999999994E+02
        81         1         1        11
  -5.5285907077060159E-01   9.5757999999999999E-01   1.2679679999999993E+02
        82         1         1        11
  -5.5285907077060159E-01   9.5757999999999999E-01   1.3207999999999993E+02
        83         1         1        11
  -1.1057181415412036E+00   1.3541141827975950E-16   5.2832000000000008E+00
        84         1         1        11
  -1.1057181415412036E+00   1.3541141827975950E-16   1.0566400000000002E+01
        85         1         1        11
  -1.1057181415412036E+00   1.3541141827975950E-16   1.5849600000000002E+01
        86         1         1        11
  -1.1057181415412036E+00   1.3541141827975950E-16   2.1132800000000003E+01
        87         1         1        11
  -1.1057181415412036E+00   1.3541141827975950E-16   2.6416000000000004E+01
        88         1         1        11
  -1.1057181415412036E+00   1.3541141827975950E-16   3.1699200000000005E+01
        89         1         1        11
  -1.1057181415412036E+00   1.3541141827975950E-16   3.6982400000000005E+01
        90         1         1        11
  -1.1057181415412036E+00   1.3541141827975950E-16   4.2265600000000006E+01
        91         1         1        11
  -1.1057181415412036E+00   1.3541141827975950E-16   4.7548800000000007E+01
        92         1         1        11
  -1.1057181415412036E+00   1.3541141827975950E-16   5.2832000000000008E+01
        93         1         1        11
  -1.1057181415412036E+00   1.3541141827975950E-16   5.8115200000000009E+01
        94         1         1        11
  -1.1057181415412036E+00   1.3541141827975950E-16   6.3398400000000009E+01
        95         1         1        11
  -1.1057181415412036E+00   1.3541141827975950E-16   6.8681600000000003E+01
        96         1         1        11
  -1.1057181415412036E+00   1.3541141827975950E-16   7.3964799999999997E+01
        97         1         1        11
  -1.1057181415412036E+00   1.3541141827975950E-16   7.9247999999999990E+01
        98         1         1        11
  -1.1057181415412036E+00   1.3541141827975950E-16   8.4531199999999984E+01
        99         1         1        11
  -1.1057181415412036E+00   1.3541141827975950E-16   8.9814399999999978E+01
       100         1         1        11
  -1.1057181415412036E+00   1.3541141827975950E-16   9.5097599999999971E+01
       101         1         1        11
  -1.1057181415412036E+00   1.3541141827975950E-16   1.0038079999999997E+02
       102         1         1        11
  -1.1057181415412036E+00   1.3541141827975950E-16   1.0566399999999996E+02
       103         1         1        11
  -1.1057181415412036E+00   1.3541141827975950E-16   1.1094719999999995E+02
       104         1         1        11
  -1.1057181415412036E+00   1.3541141827975950E-16   1.1623039999999995E+02
       105         1         1        11
  -1.1057181415412036E+00   1.3541141827975950E-16   1.2151359999999994E+02
       106         1         1        11
  -1.1057181415412036E+00   1.3541141827975950E-16   1.2679679999999993E+02
       107         1         1        11
  -1.1057181415412036E+00   1.3541141827975950E-16   1.3207999999999993E+02
       108         1         1        11
  -5.5285907077060226E-01  -9.5757999999999976E-01   5.2832000000000008E+00
       109         1         1        11
  -5.5285907077060226E-01  -9.5757999999999976E-01   1.0566400000000002E+01
       110         1         1        11
  -5.5285907077060226E-01  -9.5757999999999976E-01   1.5849600000000002E+01
       111         1         1        11
  -5.5285907077060226E-01  -9.5757999999999976E-01   2.1132800000000003E+01
       112         1         1        11
  -5.5285907077060226E-01  -9.5757999999999976E-01   2.6416000000000004E+01
       113         1         1        11
  -5.5285907077060226E-01  -9.5757999999999976E-01   3.1699200000000005E+01
       114         1         1        11
  -5.5285907077060226E-01  -9.5757999999999976E-01   3.6982400000000005E+01
       115         1         1        11
  -5.5285907077060226E-01  -9.5757999999999976E-01   4.2265600000000006E+01
       116         1         1        11
  -5.5285907077060226E-01  -9.5757999999999976E-01   4.7548800000000007E+01
       117         1         1        11
  -5.5285907077060226E-01  -9.5757999999999976E-01   5.2832000000000008E+01
       118         1         1        11
  -5.5285907077060226E-01  -9.5757999999999976E-01   5.8115200000000009E+01
       119         1         1        11
  -5.5285907077060226E-01  -9.5757999999999976E-01   6.3398400000000009E+01
       120         1         1        11
  -5.5285907077060226E-01  -9.5757999999999976E-01   6.8681600000000003E+01
       121         1         1        11
  -5.5285907077060226E-01  -9.5757999999999976E-01   7.3964799999999997E+01
       122         1         1        11
  -5.5285907077060226E-01  -9.5757999999999976E-01   7.9247999999999990E+01
       123         1         1        11
  -5.5285907077060226E-01  -9.5757999999999976E-01   8.4531199999999984E+01
       124         1         1        11
  -5.5285907077060226E-01  -9.5757999999999976E-01   8.9814399999999978E+01
       125         1         1        11
  -5.5285907077060226E-01  -9.5757999999999976E-01   9.5097599999999971E+01
       126         1         1        11
  -5.5285907077060226E-01  -9.5757999999999976E-01   1.0038079999999997E+02
       127         1         1        11
  -5.5285907077060226E-01  -9.5757999999999976E-01   1.0566399999999996E+02
       128         1         1        11
  -5.5285907077060226E-01  -9.5757999999999976E-01   1.1094719999999995E+02
       129         1         1        11
  -5.5285907077060226E-01  -9.5757999999999976E-01   1.1623039999999995E+02
       130         1         1        11
  -5.5285907077060226E-01  -9.5757999999999976E-01   1.2151359999999994E+02
       131         1         1        11
  -5.5285907077060226E-01  -9.5757999999999976E-01   1.2679679999999993E+02
       132         1         1        11
  -5.5285907077060226E-01  -9.5757999999999976E-01   1.3207999999999993E+02
       133         1         1        11
   5.5285907077060104E-01  -9.5758000000000043E-01   5.2832000000000008E+00
       134         1         1        11
   5.5285907077060104E-01  -9.5758000000000043E-01   1.0566400000000002E+01
       135         1         1        11
   5.5285907077060104E-01  -9.5758000000000043E-01   1.5849600000000002E+01
       136         1         1        11
   5.5285907077060104E-01  -9.5758000000000043E-01   2.1132800000000003E+01
       137         1         1        11
   5.5285907077060104E-01  -9.5758000000000043E-01   2.6416000000000004E+01
       138         1         1        11
   5.5285907077060104E-01  -9.5758000000000043E-01   3.1699200000000005E+01
       139         1         1        11
   5.5285907077060104E-01  -9.5758000000000043E-01   3.6982400000000005E+01
       140         1         1        11
   5.5285907077060104E-01  -9.5758000000000043E-01   4.2265600000000006E+01
       141         1         1        11
   5.5285907077060104E-01  -9.5758000000000043E-01   4.7548800000000007E+01
       142         1         1        11
   5.5285907077060104E-01  -9.5758000000000043E-01   5.2832000000000008E+01
       143         1         1        11
   5.5285907077060104E-01  -9.5758000000000043E-01   5.8115200000000009E+01
       144         1         1        11
   5.5285907077060104E-01  -9.5758000000000043E-01   6.3398400000000009E+01
       145         1         1        11
   5.5285907077060104E-01  -9.5758000000000043E-01   6.8681600000000003E+01
       146         1         1        11
   5.5285907077060104E-01  -9.5758000000000043E-01   7.3964799999999997E+01
       147         1         1        11
   5.5285907077060104E-01  -9.5758000000000043E-01   7.9247999999999990E+01
       148         1         1        11
   5.5285907077060104E-01  -9.5758000000000043E-01   8.4531199999999984E+01
       149         1         1        11
   5.5285907077060104E-01  -9.5758000000000043E-01   8.9814399999999978E+01
       150         1         1        11
   5.5285907077060104E-01  -9.5758000000000043E-01   9.5097599999999971E+01
       151         1         1        11
   5.5285907077060104E-01  -9.5758000000000043E-01   1.0038079999999997E+02
       152         1         1        11
   5.5285907077060104E-01  -9.5758000000000043E-01   1.0566399999999996E+02
       153         1         1        11
   5.5285907077060104E-01  -9.5758000000000043E-01   1.1094719999999995E+02
       154         1         1        11
   5.5285907077060104E-01  -9.5758000000000043E-01   1.1623039999999995E+02
       155         1         1        11
   5.5285907077060104E-01  -9.5758000000000043E-01   1.2151359999999994E+02
       156         1         1        11
   5.5285907077060104E-01  -9.5758000000000043E-01   1.2679679999999993E+02
       157         1         1        11
   5.5285907077060104E-01  -9.5758000000000043E-01   1.3207999999999993E+02
       158         1         1        11
  -1.9433906324231551E-16  -1.9509284103464685E-16   5.2832000000000008E+00
       159         1         1        11
  -1.9433906324231551E-16  -1.9509284103464685E-16   1.0566400000000002E+01
       160         1         1        11
  -1.9433906324231551E-16  -1.9509284103464685E-16   1.5849600000000002E+01
       161         1         1        11
  -1.9433906324231551E-16  -1.9509284103464685E-16   2.1132800000000003E+01
       162         1         1        11
  -1.9433906324231551E-16  -1.9509284103464685E-16   2.6416000000000004E+01
       163         1         1        11
  -1.9433906324231551E-16  -1.9509284103464685E-16   3.1699200000000005E+01
       164         1         1        11
  -1.9433906324231551E-16  -1.9509284103464685E-16   3.6982400000000005E+01
       165         1         1        11
  -1.9433906324231551E-16  -1.9509284103464685E-16   4.2265600000000006E+01
       166         1         1        11
  -1.9433906324231551E-16  -1.9509284103464685E-16   4.7548800000000007E+01
       167         1         1        11
  -1.9433906324231551E-16  -1.9509284103464685E-16   5.2832000000000008E+01
       168         1         1        11
  -1.9433906324231551E-16  -1.9509284103464685E-16   5.8115200000000009E+01
       169         1         1        11
  -1.9433906324231551E-16  -1.9509284103464685E-16   6.3398400000000009E+01
       170         1         1        11
  -1.9433906324231551E-16  -1.9509284103464685E-16   6.8681600000000003E+01
       171         1         1        11
  -1.9433906324231551E-16  -1.9509284103464685E-16   7.3964799999999997E+01
       172         1         1        11
  -1.9433906324231551E-16  -1.9509284103464685E-16   7.9247999999999990E+01
       173         1         1        11
  -1.9433906324231551E-16  -1.9509284103464685E-16   8.4531199999999984E+01
       174         1         1        11
  -1.9433906324231551E-16  -1.9509284103464685E-16   8.9814399999999978E+01
       175         1         1        11
  -1.9433906324231551E-16  -1.9509284103464685E-16   9.5097599999999971E+01
       176         1         1        11
  -1.9433906324231551E-16  -1.9509284103464685E-16   1.0038079999999997E+02
       177         1         1        11
  -1.9433906324231551E-16  -1.9509284103464685E-16   1.0566399999999996E+02
       178         1         1        11
  -1.9433906324231551E-16  -1.9509284103464685E-16   1.1094719999999995E+02
       179         1         1        11
  -1.9433906324231551E-16  -1.9509284103464685E-16   1.1623039999999995E+02
       180         1         1        11
  -1.9433906324231551E-16  -1.9509284103464685E-16   1.2151359999999994E+02
       181         1         1        11
  -1.9433906324231551E-16  -1.9509284103464685E-16   1.2679679999999993E+02
       182         1         1        11
  -1.9433906324231551E-16  -1.9509284103464685E-16   1.3207999999999993E+02
       183         1         1        11
   2.7642953538530093E+00   9.5757999999999988E-01   0.0000000000000000E+00
       184         1         1        11
   2.2114362830824077E+00   1.9151599999999998E+00   0.0000000000000000E+00
       185         1         1        11
   1.1057181415412041E+00   1.9151599999999998E+00   0.0000000000000000E+00
       186         1         1        11
   2.2114362830824068E+00  -5.5511151231257827E-16   0.0000000000000000E+00
       187         1         1        11
   1.6585772123118054E+00   9.5757999999999965E-01   0.0000000000000000E+00
       188         1         1        11
   2.2114362830824077E+00   1.9151599999999998E+00   5.2832000000000008E+00
       189         1         1        11
   2.7642953538530093E+00   9.5757999999999988E-01   5.2832000000000008E+00
       190         1         1        11
   2.2114362830824077E+00   1.9151599999999998E+00   1.0566400000000002E+01
       191         1         1        11
   2.7642953538530093E+00   9.5757999999999988E-01   1.0566400000000002E+01
       192         1         1        11
   2.2114362830824077E+00   1.9151599999999998E+00   1.5849600000000002E+01
       193         1         1        11
   2.7642953538530093E+00   9.5757999999999988E-01   1.5849600000000002E+01
       194         1         1        11
   2.2114362830824077E+00   1.9151599999999998E+00   2.1132800000000003E+01
       195         1         1        11
   2.7642953538530093E+00   9.5757999999999988E-01   2.1132800000000003E+01
       196         1         1        11
   2.2114362830824077E+00   1.9151599999999998E+00   2.6416000000000004E+01
       197         1         1        11
   2.7642953538530093E+00   9.5757999999999988E-01   2.6416000000000004E+01
       198         1         1        11
   2.2114362830824077E+00   1.9151599999999998E+00   3.1699200000000005E+01
       199         1         1        11
   2.7642953538530093E+00   9.5757999999999988E-01   3.1699200000000005E+01
       200         1         1        11
   2.2114362830824077E+00   1.9151599999999998E+00   3.6982400000000005E+01
       201         1         1        11
   2.7642953538530093E+00   9.5757999999999988E-01   3.6982400000000005E+01
       202         1         1        11
   2.2114362830824077E+00   1.9151599999999998E+00   4.2265600000000006E+01
       203         1         1        11
   2.7642953538530093E+00   9.5757999999999988E-01   4.2265600000000006E+01
       204         1         1        11
   2.2114362830824077E+00   1.9151599999999998E+00   4.7548800000000007E+01
       205         1         1        11
   2.7642953538530093E+00   9.5757999999999988E-01   4.7548800000000007E+01
       206         1         1        11
   2.2114362830824077E+00   1.9151599999999998E+00   5.2832000000000008E+01
       207         1         1        11
   2.7642953538530093E+00   9.5757999999999988E-01   5.2832000000000008E+01
       208         1         1        11
   2.2114362830824077E+00   1.9151599999999998E+00   5.8115200000000009E+01
       209         1         1        11
   2.7642953538530093E+00   9.5757999999999988E-01   5.8115200000000009E+01
       210         1         1        11
   2.2114362830824077E+00   1.9151599999999998E+00   6.3398400000000009E+01
       211         1         1        11
   2.7642953538530093E+00   9.5757999999999988E-01   6.3398400000000009E+01
       212         1         1        11
   2.2114362830824077E+00   1.9151599999999998E+00   6.8681600000000003E+01
       213         1         1        11
   2.7642953538530093E+00   9.5757999999999988E-01   6.8681600000000003E+01
       214         1         1        11
   2.2114362830824077E+00   1.9151599999999998E+00   7.3964799999999997E+01
       215         1         1        11
   2.7642953538530093E+00   9.5757999999999988E-01   7.3964799999999997E+01
       216         1         1        11
   2.2114362830824077E+00   1.9151599999999998E+00   7.9247999999999990E+01
       217         1         1        11
   2.7642953538530093E+00   9.5757999999999988E-01   7.9247999999999990E+01
       218         1         1        11
   2.2114362830824077E+00   1.9151599999999998E+00   8.4531199999999984E+01
       219         1         1        11
   2.7642953538530093E+00   9.5757999999999988E-01   8.4531199999999984E+01
       220         1         1        11
   2.2114362830824077E+00   1.9151599999999998E+00   8.9814399999999978E+01
       221         1         1        11
   2.7642953538530093E+00   9.5757999999999988E-01   8.9814399999999978E+01
       222         1         1        11
   2.2114362830824077E+00   1.9151599999999998E+00   9.5097599999999971E+01
       223         1         1        11
   2.7642953538530093E+00   9.5757999999999988E-01   9.5097599999999971E+01
       224         1         1        11
   2.2114362830824077E+00   1.9151599999999998E+00   1.0038079999999997E+02
       225         1         1        11
   2.7642953538530093E+00   9.5757999999999988E-01   1.0038079999999997E+02
       226         1         1        11
   2.2114362830824077E+00   1.9151599999999998E+00   1.0566399999999996E+02
       227         1         1        11
   2.7642953538530093E+00   9.5757999999999988E-01   1.0566399999999996E+02
       228         1         1        11
   2.2114362830824077E+00   1.9151599999999998E+00   1.1094719999999995E+02
       229         1         1        11
   2.7642953538530093E+00   9.5757999999999988E-01   1.1094719999999995E+02
       230         1         1        11
   2.2114362830824077E+00   1.9151599999999998E+00   1.1623039999999995E+02
       231         1         1        11
   2.7642953538530093E+00   9.5757999999999988E-01   1.1623039999999995E+02
       232         1         1        11
   2.2114362830824077E+00   1.9151599999999998E+00   1.2151359999999994E+02
       233         1         1        11
   2.7642953538530093E+00   9.5757999999999988E-01   1.2151359999999994E+02
       234         1         1        11
   2.2114362830824077E+00   1.9151599999999998E+00   1.2679679999999993E+02
       235         1         1        11
   2.7642953538530093E+00   9.5757999999999988E-01   1.2679679999999993E+02
       236         1         1        11
   2.2114362830824077E+00   1.9151599999999998E+00   1.3207999999999993E+02
       237         1         1        11
   2.7642953538530093E+00   9.5757999999999988E-01   1.3207999999999993E+02
       238         1         1        11
   1.1057181415412041E+00   1.9151599999999998E+00   5.2832000000000008E+00
       239         1         1        11
   1.1057181415412041E+00   1.9151599999999998E+00   1.0566400000000002E+01
       240         1         1        11
   1.1057181415412041E+00   1.9151599999999998E+00   1.5849600000000002E+01
       241         1         1        11
   1.1057181415412041E+00   1.9151599999999998E+00   2.1132800000000003E+01
       242         1         1        11
   1.1057181415412041E+00   1.9151599999999998E+00   2.6416000000000004E+01
       243         1         1        11
   1.1057181415412041E+00   1.9151599999999998E+00   3.1699200000000005E+01
       244         1         1        11
   1.1057181415412041E+00   1.9151599999999998E+00   3.6982400000000005E+01
       245         1         1        11
   1.1057181415412041E+00   1.9151599999999998E+00   4.2265600000000006E+01
       246         1         1        11
   1.1057181415412041E+00   1.9151599999999998E+00   4.7548800000000007E+01
       247         1         1        11
   1.1057181415412041E+00   1.9151599999999998E+00   5.2832000000000008E+01
       248         1         1        11
   1.1057181415412041E+00   1.9151599999999998E+00   5.8115200000000009E+01
       249         1         1        11
   1.1057181415412041E+00   1.9151599999999998E+00   6.3398400000000009E+01
       250         1         1        11
   1.1057181415412041E+00   1.9151599999999998E+00   6.8681600000000003E+01
       251         1         1        11
   1.1057181415412041E+00   1.9151599999999998E+00   7.3964799999999997E+01
       252         1         1        11
   1.1057181415412041E+00   1.9151599999999998E+00   7.9247999999999990E+01
       253         1         1        11
   1.1057181415412041E+00   1.9151599999999998E+00   8.4531199999999984E+01
       254         1         1        11
   1.1057181415412041E+00   1.9151599999999998E+00   8.9814399999999978E+01
       255         1         1        11
   1.1057181415412041E+00   1.9151599999999998E+00   9.5097599999999971E+01
       256         1         1        11
   1.1057181415412041E+00   1.9151599999999998E+00   1.0038079999999997E+02
       257         1         1        11
   1.1057181415412041E+00   1.9151599999999998E+00   1.0566399999999996E+02
       258         1         1        11
   1.1057181415412041E+00   1.9151599999999998E+00   1.1094719999999995E+02
       259         1         1        11
   1.1057181415412041E+00   1.9151599999999998E+00   1.1623039999999995E+02
       260         1         1        11
   1.1057181415412041E+00   1.9151599999999998E+00   1.2151359999999994E+02
       261         1         1        11
   1.1057181415412041E+00   1.9151599999999998E+00   1.2679679999999993E+02
       262         1         1        11
   1.1057181415412041E+00   1.9151599999999998E+00   1.3207999999999993E+02
       263         1         1        11
   2.2114362830824068E+00  -5.5511151231257827E-16   5.2832000000000008E+00
       264         1         1        11
   2.2114362830824068E+00  -5.5511151231257827E-16   1.0566400000000002E+01
       265         1         1        11
   2.2114362830824068E+00  -5.5511151231257827E-16   1.5849600000000002E+01
       266         1         1        11
   2.2114362830824068E+00  -5.5511151231257827E-16   2.1132800000000003E+01
       267         1         1        11
   2.2114362830824068E+00  -5.5511151231257827E-16   2.6416000000000004E+01
       268         1         1        11
   2.2114362830824068E+00  -5.5511151231257827E-16   3.1699200000000005E+01
       269         1         1        11
   2.2114362830824068E+00  -5.5511151231257827E-16   3.6982400000000005E+01
       270         1         1        11
   2.2114362830824068E+00  -5.5511151231257827E-16   4.2265600000000006E+01
       271         1         1        11
   2.2114362830824068E+00  -5.5511151231257827E-16   4.7548800000000007E+01
       272         1         1        11
   2.2114362830824068E+00  -5.5511151231257827E-16   5.2832000000000008E+01
       273         1         1        11
   2.2114362830824068E+00  -5.5511151231257827E-16   5.8115200000000009E+01
       274         1         1        11
   2.2114362830824068E+00  -5.5511151231257827E-16   6.3398400000000009E+01
       275         1         1        11
   2.2114362830824068E+00  -5.5511151231257827E-16   6.8681600000000003E+01
       276         1         1        11
   2.2114362830824068E+00  -5.5511151231257827E-16   7.3964799999999997E+01
       277         1         1        11
   2.2114362830824068E+00  -5.5511151231257827E-16   7.9247999999999990E+01
       278         1         1        11
   2.2114362830824068E+00  -5.5511151231257827E-16   8.4531199999999984E+01
       279         1         1        11
   2.2114362830824068E+00  -5.5511151231257827E-16   8.9814399999999978E+01
       280         1         1        11
   2.2114362830824068E+00  -5.5511151231257827E-16   9.5097599999999971E+01
       281         1         1        11
   2.2114362830824068E+00  -5.5511151231257827E-16   1.0038079999999997E+02
       282         1         1        11
   2.2114362830824068E+00  -5.5511151231257827E-16   1.0566399999999996E+02
       283         1         1        11
   2.2114362830824068E+00  -5.5511151231257827E-16   1.1094719999999995E+02
       284         1         1        11
   2.2114362830824068E+00  -5.5511151231257827E-16   1.1623039999999995E+02
       285         1         1        11
   2.2114362830824068E+00  -5.5511151231257827E-16   1.2151359999999994E+02
       286         1         1        11
   2.2114362830824068E+00  -5.5511151231257827E-16   1.2679679999999993E+02
       287         1         1        11
   2.2114362830824068E+00  -5.5511151231257827E-16   1.3207999999999993E+02
       288         1         1        11
   1.6585772123118054E+00   9.5757999999999965E-01   5.2832000000000008E+00
       289         1         1        11
   1.6585772123118054E+00   9.5757999999999965E-01   1.0566400000000002E+01
       290         1         1        11
   1.6585772123118054E+00   9.5757999999999965E-01   1.5849600000000002E+01
       291         1         1        11
   1.6585772123118054E+00   9.5757999999999965E-01   2.1132800000000003E+01
       292         1         1        11
   1.6585772123118054E+00   9.5757999999999965E-01   2.6416000000000004E+01
       293         1         1        11
   1.6585772123118054E+00   9.5757999999999965E-01   3.1699200000000005E+01
       294         1         1        11
   1.6585772123118054E+00   9.5757999999999965E-01   3.6982400000000005E+01
       295         1         1        11
   1.6585772123118054E+00   9.5757999999999965E-01   4.2265600000000006E+01
       296         1         1        11
   1.6585772123118054E+00   9.5757999999999965E-01   4.7548800000000007E+01
       297         1         1        11
   1.6585772123118054E+00   9.5757999999999965E-01   5.2832000000000008E+01
       298         1         1        11
   1.6585772123118054E+00   9.5757999999999965E-01   5.8115200000000009E+01
       299         1         1        11
   1.6585772123118054E+00   9.5757999999999965E-01   6.3398400000000009E+01
       300         1         1        11
   1.6585772123118054E+00   9.5757999999999965E-01   6.8681600000000003E+01
       301         1         1        11
   1.6585772123118054E+00   9.5757999999999965E-01   7.3964799999999997E+01
       302         1         1        11
   1.6585772123118054E+00   9.5757999999999965E-01   7.9247999999999990E+01
       303         1         1        11
   1.6585772123118054E+00   9.5757999999999965E-01   8.4531199999999984E+01
       304         1         1        11
   1.6585772123118054E+00   9.5757999999999965E-01   8.9814399999999978E+01
       305         1         1        11
   1.6585772123118054E+00   9.5757999999999965E-01   9.5097599999999971E+01
       306         1         1        11
   1.6585772123118054E+00   9.5757999999999965E-01   1.0038079999999997E+02
       307         1         1        11
   1.6585772123118054E+00   9.5757999999999965E-01   1.0566399999999996E+02
       308         1         1        11
   1.6585772123118054E+00   9.5757999999999965E-01   1.1094719999999995E+02
       309         1         1        11
   1.6585772123118054E+00   9.5757999999999965E-01   1.1623039999999995E+02
       310         1         1        11
   1.6585772123118054E+00   9.5757999999999965E-01   1.2151359999999994E+02
       311         1         1        11
   1.6585772123118054E+00   9.5757999999999965E-01   1.2679679999999993E+02
       312         1         1        11
   1.6585772123118054E+00   9.5757999999999965E-01   1.3207999999999993E+02
       313         1         1        11
   5.5285907077060203E-01   2.8727399999999998E+00   0.0000000000000000E+00
       314         1         1        11
  -5.5285907077060148E-01   2.8727399999999998E+00   0.0000000000000000E+00
       315         1         1        11
  -1.1057181415412034E+00   1.9151600000000002E+00   0.0000000000000000E+00
       316         1         1        11
  -7.7069335049563277E-17   1.9151599999999998E+00   0.0000000000000000E+00
       317         1         1        11
   5.5285907077060203E-01   2.8727399999999998E+00   5.2832000000000008E+00
       318         1         1        11
   5.5285907077060203E-01   2.8727399999999998E+00   1.0566400000000002E+01
       319         1         1        11
   5.5285907077060203E-01   2.8727399999999998E+00   1.5849600000000002E+01
       320         1         1        11
   5.5285907077060203E-01   2.8727399999999998E+00   2.1132800000000003E+01
       321         1         1        11
   5.5285907077060203E-01   2.8727399999999998E+00   2.6416000000000004E+01
       322         1         1        11
   5.5285907077060203E-01   2.8727399999999998E+00   3.1699200000000005E+01
       323         1         1        11
   5.5285907077060203E-01   2.8727399999999998E+00   3.6982400000000005E+01
       324         1         1        11
   5.5285907077060203E-01   2.8727399999999998E+00   4.2265600000000006E+01
       325         1         1        11
   5.5285907077060203E-01   2.8727399999999998E+00   4.7548800000000007E+01
       326         1         1        11
   5.5285907077060203E-01   2.8727399999999998E+00   5.2832000000000008E+01
       327         1         1        11
   5.5285907077060203E-01   2.8727399999999998E+00   5.8115200000000009E+01
       328         1         1        11
   5.5285907077060203E-01   2.8727399999999998E+00   6.3398400000000009E+01
       329         1         1        11
   5.5285907077060203E-01   2.8727399999999998E+00   6.8681600000000003E+01
       330         1         1        11
   5.5285907077060203E-01   2.8727399999999998E+00   7.3964799999999997E+01
       331         1         1        11
   5.5285907077060203E-01   2.8727399999999998E+00   7.9247999999999990E+01
       332         1         1        11
   5.5285907077060203E-01   2.8727399999999998E+00   8.4531199999999984E+01
       333         1         1        11
   5.5285907077060203E-01   2.8727399999999998E+00   8.9814399999999978E+01
       334         1         1        11
   5.5285907077060203E-01   2.8727399999999998E+00   9.5097599999999971E+01
       335         1         1        11
   5.5285907077060203E-01   2.8727399999999998E+00   1.0038079999999997E+02
       336         1         1        11
   5.5285907077060203E-01   2.8727399999999998E+00   1.0566399999999996E+02
       337         1         1        11
   5.5285907077060203E-01   2.8727399999999998E+00   1.1094719999999995E+02
       338         1         1        11
   5.5285907077060203E-01   2.8727399999999998E+00   1.1623039999999995E+02
       339         1         1        11
   5.5285907077060203E-01   2.8727399999999998E+00   1.2151359999999994E+02
       340         1         1        11
   5.5285907077060203E-01   2.8727399999999998E+00   1.2679679999999993E+02
       341         1         1        11
   5.5285907077060203E-01   2.8727399999999998E+00   1.3207999999999993E+02
       342         1         1        11
  -5.5285907077060148E-01   2.8727399999999998E+00   5.2832000000000008E+00
       343         1         1        11
  -5.5285907077060148E-01   2.8727399999999998E+00   1.0566400000000002E+01
       344         1         1        11
  -5.5285907077060148E-01   2.8727399999999998E+00   1.5849600000000002E+01
       345         1         1        11
  -5.5285907077060148E-01   2.8727399999999998E+00   2.1132800000000003E+01
       346         1         1        11
  -5.5285907077060148E-01   2.8727399999999998E+00   2.6416000000000004E+01
       347         1         1        11
  -5.5285907077060148E-01   2.8727399999999998E+00   3.1699200000000005E+01
       348         1         1        11
  -5.5285907077060148E-01   2.8727399999999998E+00   3.6982400000000005E+01
       349         1         1        11
  -5.5285907077060148E-01   2.8727399999999998E+00   4.2265600000000006E+01
       350         1         1        11
  -5.5285907077060148E-01   2.8727399999999998E+00   4.7548800000000007E+01
       351         1         1        11
  -5.5285907077060148E-01   2.8727399999999998E+00   5.2832000000000008E+01
       352         1         1        11
  -5.5285907077060148E-01   2.8727399999999998E+00   5.8115200000000009E+01
       353         1         1        11
  -5.5285907077060148E-01   2.8727399999999998E+00   6.3398400000000009E+01
       354         1         1        11
  -5.5285907077060148E-01   2.8727399999999998E+00   6.8681600000000003E+01
       355         1         1        11
  -5.5285907077060148E-01   2.8727399999999998E+00   7.3964799999999997E+01
       356         1         1        11
  -5.5285907077060148E-01   2.8727399999999998E+00   7.9247999999999990E+01
       357         1         1        11
  -5.5285907077060148E-01   2.8727399999999998E+00   8.4531199999999984E+01
       358         1         1        11
  -5.5285907077060148E-01   2.8727399999999998E+00   8.9814399999999978E+01
       359         1         1        11
  -5.5285907077060148E-01   2.8727399999999998E+00   9.5097599999999971E+01
       360         1         1        11
  -5.5285907077060148E-01   2.8727399999999998E+00   1.0038079999999997E+02
       361         1         1        11
  -5.5285907077060148E-01   2.8727399999999998E+00   1.0566399999999996E+02
       362         1         1        11
  -5.5285907077060148E-01   2.8727399999999998E+00   1.1094719999999995E+02
       363         1         1        11
  -5.5285907077060148E-01   2.8727399999999998E+00   1.1623039999999995E+02
       364         1         1        11
  -5.5285907077060148E-01   2.8727399999999998E+00   1.2151359999999994E+02
       365         1         1        11
  -5.5285907077060148E-01   2.8727399999999998E+00   1.2679679999999993E+02
       366         1         1        11
  -5.5285907077060148E-01   2.8727399999999998E+00   1.3207999999999993E+02
       367         1         1        11
  -1.1057181415412034E+00   1.9151600000000002E+00   5.2832000000000008E+00
       368         1         1        11
  -1.1057181415412034E+00   1.9151600000000002E+00   1.0566400000000002E+01
       369         1         1        11
  -1.1057181415412034E+00   1.9151600000000002E+00   1.5849600000000002E+01
       370         1         1        11
  -1.1057181415412034E+00   1.9151600000000002E+00   2.1132800000000003E+01
       371         1         1        11
  -1.1057181415412034E+00   1.9151600000000002E+00   2.6416000000000004E+01
       372         1         1        11
  -1.1057181415412034E+00   1.9151600000000002E+00   3.1699200000000005E+01
       373         1         1        11
  -1.1057181415412034E+00   1.9151600000000002E+00   3.6982400000000005E+01
       374         1         1        11
  -1.1057181415412034E+00   1.9151600000000002E+00   4.2265600000000006E+01
       375         1         1        11
  -1.1057181415412034E+00   1.9151600000000002E+00   4.7548800000000007E+01
       376         1         1        11
  -1.1057181415412034E+00   1.9151600000000002E+00   5.2832000000000008E+01
       377         1         1        11
  -1.1057181415412034E+00   1.9151600000000002E+00   5.8115200000000009E+01
       378         1         1        11
  -1.1057181415412034E+00   1.9151600000000002E+00   6.3398400000000009E+01
       379         1         1        11
  -1.1057181415412034E+00   1.9151600000000002E+00   6.8681600000000003E+01
       380         1         1        11
  -1.1057181415412034E+00   1.9151600000000002E+00   7.3964799999999997E+01
       381         1         1        11
  -1.1057181415412034E+00   1.9151600000000002E+00   7.9247999999999990E+01
       382         1         1        11
  -1.1057181415412034E+00   1.9151600000000002E+00   8.4531199999999984E+01
       383         1         1        11
  -1.1057181415412034E+00   1.9151600000000002E+00   8.9814399999999978E+01
       384         1         1        11
  -1.1057181415412034E+00   1.9151600000000002E+00   9.5097599999999971E+01
       385         1         1        11
  -1.1057181415412034E+00   1.9151600000000002E+00   1.0038079999999997E+02
       386         1         1        11
  -1.1057181415412034E+00   1.9151600000000002E+00   1.0566399999999996E+02
       387         1         1        11
  -1.1057181415412034E+00   1.9151600000000002E+00   1.1094719999999995E+02
       388         1         1        11
  -1.1057181415412034E+00   1.9151600000000002E+00   1.1623039999999995E+02
       389         1         1        11
  -1.1057181415412034E+00   1.9151600000000002E+00   1.2151359999999994E+02
       390         1         1        11
  -1.1057181415412034E+00   1.9151600000000002E+00   1.2679679999999993E+02
       391         1         1        11
  -1.1057181415412034E+00   1.9151600000000002E+00   1.3207999999999993E+02
       392         1         1        11
  -7.7069335049563277E-17   1.9151599999999998E+00   5.2832000000000008E+00
       393         1         1        11
  -7.7069335049563277E-17   1.9151599999999998E+00   1.0566400000000002E+01
       394         1         1        11
  -7.7069335049563277E-17   1.9151599999999998E+00   1.5849600000000002E+01
       395         1         1        11
  -7.7069335049563277E-17   1.9151599999999998E+00   2.1132800000000003E+01
       396         1         1        11
  -7.7069335049563277E-17   1.9151599999999998E+00   2.6416000000000004E+01
       397         1         1        11
  -7.7069335049563277E-17   1.9151599999999998E+00   3.1699200000000005E+01
       398         1         1        11
  -7.7069335049563277E-17   1.9151599999999998E+00   3.6982400000000005E+01
       399         1         1        11
  -7.7069335049563277E-17   1.9151599999999998E+00   4.2265600000000006E+01
       400         1         1        11
  -7.7069335049563277E-17   1.9151599999999998E+00   4.7548800000000007E+01
       401         1         1        11
  -7.7069335049563277E-17   1.9151599999999998E+00   5.2832000000000008E+01
       402         1         1        11
  -7.7069335049563277E-17   1.9151599999999998E+00   5.8115200000000009E+01
       403         1         1        11
  -7.7069335049563277E-17   1.9151599999999998E+00   6.3398400000000009E+01
       404         1         1        11
  -7.7069335049563277E-17   1.9151599999999998E+00   6.8681600000000003E+01
       405         1         1        11
  -7.7069335049563277E-17   1.9151599999999998E+00   7.3964799999999997E+01
       406         1         1        11
  -7.7069335049563277E-17   1.9151599999999998E+00   7.9247999999999990E+01
       407         1         1        11
  -7.7069335049563277E-17   1.9151599999999998E+00   8.4531199999999984E+01
       408         1         1        11
  -7.7069335049563277E-17   1.9151599999999998E+00   8.9814399999999978E+01
       409         1         1        11
  -7.7069335049563277E-17   1.9151599999999998E+00   9.5097599999999971E+01
       410         1         1        11
  -7.7069335049563277E-17   1.9151599999999998E+00   1.0038079999999997E+02
       411         1         1        11
  -7.7069335049563277E-17   1.9151599999999998E+00   1.0566399999999996E+02
       412         1         1        11
  -7.7069335049563277E-17   1.9151599999999998E+00   1.1094719999999995E+02
       413         1         1        11
  -7.7069335049563277E-17   1.9151599999999998E+00   1.1623039999999995E+02
       414         1         1        11
  -7.7069335049563277E-17   1.9151599999999998E+00   1.2151359999999994E+02
       415         1         1        11
  -7.7069335049563277E-17   1.9151599999999998E+00   1.2679679999999993E+02
       416         1         1        11
  -7.7069335049563277E-17   1.9151599999999998E+00   1.3207999999999993E+02
       417         1         1        11
  -2.2114362830824068E+00   1.9151600000000006E+00   0.0000000000000000E+00
       418         1         1        11
  -2.7642953538530088E+00   9.5758000000000076E-01   0.0000000000000000E+00
       419         1         1        11
  -2.2114362830824073E+00   8.8817841970012523E-16   0.0000000000000000E+00
       420         1         1        11
  -1.6585772123118054E+00   9.5758000000000043E-01   0.0000000000000000E+00
       421         1         1        11
  -2.2114362830824068E+00   1.9151600000000006E+00   5.2832000000000008E+00
       422         1         1        11
  -2.2114362830824068E+00   1.9151600000000006E+00   1.0566400000000002E+01
       423         1         1        11
  -2.2114362830824068E+00   1.9151600000000006E+00   1.5849600000000002E+01
       424         1         1        11
  -2.2114362830824068E+00   1.9151600000000006E+00   2.1132800000000003E+01
       425         1         1        11
  -2.2114362830824068E+00   1.9151600000000006E+00   2.6416000000000004E+01
       426         1         1        11
  -2.2114362830824068E+00   1.9151600000000006E+00   3.1699200000000005E+01
       427         1         1        11
  -2.2114362830824068E+00   1.9151600000000006E+00   3.6982400000000005E+01
       428         1         1        11
  -2.2114362830824068E+00   1.9151600000000006E+00   4.2265600000000006E+01
       429         1         1        11
  -2.2114362830824068E+00   1.9151600000000006E+00   4.7548800000000007E+01
       430         1         1        11
  -2.2114362830824068E+00   1.9151600000000006E+00   5.2832000000000008E+01
       431         1         1        11
  -2.2114362830824068E+00   1.9151600000000006E+00   5.8115200000000009E+01
       432         1         1        11
  -2.2114362830824068E+00   1.9151600000000006E+00   6.3398400000000009E+01
       433         1         1        11
  -2.2114362830824068E+00   1.9151600000000006E+00   6.8681600000000003E+01
       434         1         1        11
  -2.2114362830824068E+00   1.9151600000000006E+00   7.3964799999999997E+01
       435         1         1        11
  -2.2114362830824068E+00   1.9151600000000006E+00   7.9247999999999990E+01
       436         1         1        11
  -2.2114362830824068E+00   1.9151600000000006E+00   8.4531199999999984E+01
       437         1         1        11
  -2.2114362830824068E+00   1.9151600000000006E+00   8.9814399999999978E+01
       438         1         1        11
  -2.2114362830824068E+00   1.9151600000000006E+00   9.5097599999999971E+01
       439         1         1        11
  -2.2114362830824068E+00   1.9151600000000006E+00   1.0038079999999997E+02
       440         1         1        11
  -2.2114362830824068E+00   1.9151600000000006E+00   1.0566399999999996E+02
       441         1         1        11
  -2.2114362830824068E+00   1.9151600000000006E+00   1.1094719999999995E+02
       442         1         1        11
  -2.2114362830824068E+00   1.9151600000000006E+00   1.1623039999999995E+02
       443         1         1        11
  -2.2114362830824068E+00   1.9151600000000006E+00   1.2151359999999994E+02
       444         1         1        11
  -2.2114362830824068E+00   1.9151600000000006E+00   1.2679679999999993E+02
       445         1         1        11
  -2.2114362830824068E+00   1.9151600000000006E+00   1.3207999999999993E+02
       446         1         1        11
  -2.7642953538530088E+00   9.5758000000000076E-01   5.2832000000000008E+00
       447         1         1        11
  -2.7642953538530088E+00   9.5758000000000076E-01   1.0566400000000002E+01
       448         1         1        11
  -2.7642953538530088E+00   9.5758000000000076E-01   1.5849600000000002E+01
       449         1         1        11
  -2.7642953538530088E+00   9.5758000000000076E-01   2.1132800000000003E+01
       450         1         1        11
  -2.7642953538530088E+00   9.5758000000000076E-01   2.6416000000000004E+01
       451         1         1        11
  -2.7642953538530088E+00   9.5758000000000076E-01   3.1699200000000005E+01
       452         1         1        11
  -2.7642953538530088E+00   9.5758000000000076E-01   3.6982400000000005E+01
       453         1         1        11
  -2.7642953538530088E+00   9.5758000000000076E-01   4.2265600000000006E+01
       454         1         1        11
  -2.7642953538530088E+00   9.5758000000000076E-01   4.7548800000000007E+01
       455         1         1        11
  -2.7642953538530088E+00   9.5758000000000076E-01   5.2832000000000008E+01
       456         1         1        11
  -2.7642953538530088E+00   9.5758000000000076E-01   5.8115200000000009E+01
       457         1         1        11
  -2.7642953538530088E+00   9.5758000000000076E-01   6.3398400000000009E+01
       458         1         1        11
  -2.7642953538530088E+00   9.5758000000000076E-01   6.8681600000000003E+01
       459         1         1        11
  -2.7642953538530088E+00   9.5758000000000076E-01   7.3964799999999997E+01
       460         1         1        11
  -2.7642953538530088E+00   9.5758000000000076E-01   7.9247999999999990E+01
       461         1         1        11
  -2.7642953538530088E+00   9.5758000000000076E-01   8.4531199999999984E+01
       462         1         1        11
  -2.7642953538530088E+00   9.5758000000000076E-01   8.9814399999999978E+01
       463         1         1        11
  -2.7642953538530088E+00   9.5758000000000076E-01   9.5097599999999971E+01
       464         1         1        11
  -2.7642953538530088E+00   9.5758000000000076E-01   1.0038079999999997E+02
       465         1         1        11
  -2.7642953538530088E+00   9.5758000000000076E-01   1.0566399999999996E+02
       466         1         1        11
  -2.7642953538530088E+00   9.5758000000000076E-01   1.1094719999999995E+02
       467         1         1        11
  -2.7642953538530088E+00   9.5758000000000076E-01   1.1623039999999995E+02
       468         1         1        11
  -2.7642953538530088E+00   9.5758000000000076E-01   1.2151359999999994E+02
       469         1         1        11
  -2.7642953538530088E+00   9.5758000000000076E-01   1.2679679999999993E+02
       470         1         1        11
  -2.7642953538530088E+00   9.5758000000000076E-01   1.3207999999999993E+02
       471         1         1        11
  -2.2114362830824073E+00   8.8817841970012523E-16   5.2832000000000008E+00
       472         1         1        11
  -2.2114362830824073E+00   8.8817841970012523E-16   1.0566400000000002E+01
       473         1         1        11
  -2.2114362830824073E+00   8.8817841970012523E-16   1.5849600000000002E+01
       474         1         1        11
  -2.2114362830824073E+00   8.8817841970012523E-16   2.1132800000000003E+01
       475         1         1        11
  -2.2114362830824073E+00   8.8817841970012523E-16   2.6416000000000004E+01
       476         1         1        11
  -2.2114362830824073E+00   8.8817841970012523E-16   3.1699200000000005E+01
       477         1         1        11
  -2.2114362830824073E+00   8.8817841970012523E-16   3.6982400000000005E+01
       478         1         1        11
  -2.2114362830824073E+00   8.8817841970012523E-16   4.2265600000000006E+01
       479         1         1        11
  -2.2114362830824073E+00   8.8817841970012523E-16   4.7548800000000007E+01
       480         1         1        11
  -2.2114362830824073E+00   8.8817841970012523E-16   5.2832000000000008E+01
       481         1         1        11
  -2.2114362830824073E+00   8.8817841970012523E-16   5.8115200000000009E+01
       482         1         1        11
  -2.2114362830824073E+00   8.8817841970012523E-16   6.3398400000000009E+01
       483         1         1        11
  -2.2114362830824073E+00   8.8817841970012523E-16   6.8681600000000003E+01
       484         1         1        11
  -2.2114362830824073E+00   8.8817841970012523E-16   7.3964799999999997E+01
       485         1         1        11
  -2.2114362830824073E+00   8.8817841970012523E-16   7.9247999999999990E+01
       486         1         1        11
  -2.2114362830824073E+00   8.8817841970012523E-16   8.4531199999999984E+01
       487         1         1        11
  -2.2114362830824073E+00   8.8817841970012523E-16   8.9814399999999978E+01
       488         1         1        11
  -2.2114362830824073E+00   8.8817841970012523E-16   9.5097599999999971E+01
       489         1         1        11
  -2.2114362830824073E+00   8.8817841970012523E-16   1.0038079999999997E+02
       490         1         1        11
  -2.2114362830824073E+00   8.8817841970012523E-16   1.0566399999999996E+02
       491         1         1        11
  -2.2114362830824073E+00   8.8817841970012523E-16   1.1094719999999995E+02
       492         1         1        11
  -2.2114362830824073E+00   8.8817841970012523E-16   1.1623039999999995E+02
       493         1         1        11
  -2.2114362830824073E+00   8.8817841970012523E-16   1.2151359999999994E+02
       494         1         1        11
  -2.2114362830824073E+00   8.8817841970012523E-16   1.2679679999999993E+02
       495         1         1        11
  -2.2114362830824073E+00   8.8817841970012523E-16   1.3207999999999993E+02
       496         1         1        11
  -1.6585772123118054E+00   9.5758000000000043E-01   5.2832000000000008E+00
       497         1         1        11
  -1.6585772123118054E+00   9.5758000000000043E-01   1.0566400000000002E+01
       498         1         1        11
  -1.6585772123118054E+00   9.5758000000000043E-01   1.5849600000000002E+01
       499         1         1        11
  -1.6585772123118054E+00   9.5758000000000043E-01   2.1132800000000003E+01
       500         1         1        11
  -1.6585772123118054E+00   9.5758000000000043E-01   2.6416000000000004E+01
       501         1         1        11
  -1.6585772123118054E+00   9.5758000000000043E-01   3.1699200000000005E+01
       502         1         1        11
  -1.6585772123118054E+00   9.5758000000000043E-01   3.6982400000000005E+01
       503         1         1        11
  -1.6585772123118054E+00   9.5758000000000043E-01   4.2265600000000006E+01
       504         1         1        11
  -1.6585772123118054E+00   9.5758000000000043E-01   4.7548800000000007E+01
       505         1         1        11
  -1.6585772123118054E+00   9.5758000000000043E-01   5.2832000000000008E+01
       506         1         1        11
  -1.6585772123118054E+00   9.5758000000000043E-01   5.8115200000000009E+01
       507         1         1        11
  -1.6585772123118054E+00   9.5758000000000043E-01   6.3398400000000009E+01
       508         1         1        11
  -1.6585772123118054E+00   9.5758000000000043E-01   6.8681600000000003E+01
       509         1         1        11
  -1.6585772123118054E+00   9.5758000000000043E-01   7.3964799999999997E+01
       510         1         1        11
  -1.6585772123118054E+00   9.5758000000000043E-01   7.9247999999999990E+01
       511         1         1        11
  -1.6585772123118054E+00   9.5758000000000043E-01   8.4531199999999984E+01
       512         1         1        11
  -1.6585772123118054E+00   9.5758000000000043E-01   8.9814399999999978E+01
       513         1         1        11
  -1.6585772123118054E+00   9.5758000000000043E-01   9.5097599999999971E+01
       514         1         1        11
  -1.6585772123118054E+00   9.5758000000000043E-01   1.0038079999999997E+02
       515         1         1        11
  -1.6585772123118054E+00   9.5758000000000043E-01   1.0566399999999996E+02
       516         1         1        11
  -1.6585772123118054E+00   9.5758000000000043E-01   1.1094719999999995E+02
       517         1         1        11
  -1.6585772123118054E+00   9.5758000000000043E-01   1.1623039999999995E+02
       518         1         1        11
  -1.6585772123118054E+00   9.5758000000000043E-01   1.2151359999999994E+02
       519         1         1        11
  -1.6585772123118054E+00   9.5758000000000043E-01   1.2679679999999993E+02
       520         1         1        11
  -1.6585772123118054E+00   9.5758000000000043E-01   1.3207999999999993E+02
       521         1         1        11
  -2.7642953538530097E+00  -9.5757999999999932E-01   0.0000000000000000E+00
       522         1         1        11
  -2.2114362830824081E+00  -1.9151599999999993E+00   0.0000000000000000E+00
       523         1         1        11
  -1.1057181415412050E+00  -1.9151599999999998E+00   0.0000000000000000E+00
       524         1         1        11
  -1.6585772123118061E+00  -9.5757999999999965E-01   0.0000000000000000E+00
       525         1         1        11
  -2.7642953538530097E+00  -9.5757999999999932E-01   5.2832000000000008E+00
       526         1         1        11
  -2.7642953538530097E+00  -9.5757999999999932E-01   1.0566400000000002E+01
       527         1         1        11
  -2.7642953538530097E+00  -9.5757999999999932E-01   1.5849600000000002E+01
       528         1         1        11
  -2.7642953538530097E+00  -9.5757999999999932E-01   2.1132800000000003E+01
       529         1         1        11
  -2.7642953538530097E+00  -9.5757999999999932E-01   2.6416000000000004E+01
       530         1         1        11
  -2.7642953538530097E+00  -9.5757999999999932E-01   3.1699200000000005E+01
       531         1         1        11
  -2.7642953538530097E+00  -9.5757999999999932E-01   3.6982400000000005E+01
       532         1         1        11
  -2.7642953538530097E+00  -9.5757999999999932E-01   4.2265600000000006E+01
       533         1         1        11
  -2.7642953538530097E+00  -9.5757999999999932E-01   4.7548800000000007E+01
       534         1         1        11
  -2.7642953538530097E+00  -9.5757999999999932E-01   5.2832000000000008E+01
       535         1         1        11
  -2.7642953538530097E+00  -9.5757999999999932E-01   5.8115200000000009E+01
       536         1         1        11
  -2.7642953538530097E+00  -9.5757999999999932E-01   6.3398400000000009E+01
       537         1         1        11
  -2.7642953538530097E+00  -9.5757999999999932E-01   6.8681600000000003E+01
       538         1         1        11
  -2.7642953538530097E+00  -9.5757999999999932E-01   7.3964799999999997E+01
       539         1         1        11
  -2.7642953538530097E+00  -9.5757999999999932E-01   7.9247999999999990E+01
       540         1         1        11
  -2.7642953538530097E+00  -9.5757999999999932E-01   8.4531199999999984E+01
       541         1         1        11
  -2.7642953538530097E+00  -9.5757999999999932E-01   8.9814399999999978E+01
       542         1         1        11
  -2.7642953538530097E+00  -9.5757999999999932E-01   9.5097599999999971E+01
       543         1         1        11
  -2.7642953538530097E+00  -9.5757999999999932E-01   1.0038079999999997E+02
       544         1         1        11
  -2.7642953538530097E+00  -9.5757999999999932E-01   1.0566399999999996E+02
       545         1         1        11
  -2.7642953538530097E+00  -9.5757999999999932E-01   1.1094719999999995E+02
       546         1         1        11
  -2.7642953538530097E+00  -9.5757999999999932E-01   1.1623039999999995E+02
       547         1         1        11
  -2.7642953538530097E+00  -9.5757999999999932E-01   1.2151359999999994E+02
       548         1         1        11
  -2.7642953538530097E+00  -9.5757999999999932E-01   1.2679679999999993E+02
       549         1         1        11
  -2.7642953538530097E+00  -9.5757999999999932E-01   1.3207999999999993E+02
       550         1         1        11
  -2.2114362830824081E+00  -1.9151599999999993E+00   5.2832000000000008E+00
       551         1         1        11
  -2.2114362830824081E+00  -1.9151599999999993E+00   1.0566400000000002E+01
       552         1         1        11
  -2.2114362830824081E+00  -1.9151599999999993E+00   1.5849600000000002E+01
       553         1         1        11
  -2.2114362830824081E+00  -1.9151599999999993E+00   2.1132800000000003E+01
       554         1         1        11
  -2.2114362830824081E+00  -1.9151599999999993E+00   2.6416000000000004E+01
       555         1         1        11
  -2.2114362830824081E+00  -1.9151599999999993E+00   3.1699200000000005E+01
       556         1         1        11
  -2.2114362830824081E+00  -1.9151599999999993E+00   3.6982400000000005E+01
       557         1         1        11
  -2.2114362830824081E+00  -1.9151599999999993E+00   4.2265600000000006E+01
       558         1         1        11
  -2.2114362830824081E+00  -1.9151599999999993E+00   4.7548800000000007E+01
       559         1         1        11
  -2.2114362830824081E+00  -1.9151599999999993E+00   5.2832000000000008E+01
       560         1         1        11
  -2.2114362830824081E+00  -1.9151599999999993E+00   5.8115200000000009E+01
       561         1         1        11
  -2.2114362830824081E+00  -1.9151599999999993E+00   6.3398400000000009E+01
       562         1         1        11
  -2.2114362830824081E+00  -1.9151599999999993E+00   6.8681600000000003E+01
       563         1         1        11
  -2.2114362830824081E+00  -1.9151599999999993E+00   7.3964799999999997E+01
       564         1         1        11
  -2.2114362830824081E+00  -1.9151599999999993E+00   7.9247999999999990E+01
       565         1         1        11
  -2.2114362830824081E+00  -1.9151599999999993E+00   8.4531199999999984E+01
       566         1         1        11
  -2.2114362830824081E+00  -1.9151599999999993E+00   8.9814399999999978E+01
       567         1         1        11
  -2.2114362830824081E+00  -1.9151599999999993E+00   9.5097599999999971E+01
       568         1         1        11
  -2.2114362830824081E+00  -1.9151599999999993E+00   1.0038079999999997E+02
       569         1         1        11
  -2.2114362830824081E+00  -1.9151599999999993E+00   1.0566399999999996E+02
       570         1         1        11
  -2.2114362830824081E+00  -1.9151599999999993E+00   1.1094719999999995E+02
       571         1         1        11
  -2.2114362830824081E+00  -1.9151599999999993E+00   1.1623039999999995E+02
       572         1         1        11
  -2.2114362830824081E+00  -1.9151599999999993E+00   1.2151359999999994E+02
       573         1         1        11
  -2.2114362830824081E+00  -1.9151599999999993E+00   1.2679679999999993E+02
       574         1         1        11
  -2.2114362830824081E+00  -1.9151599999999993E+00   1.3207999999999993E+02
       575         1         1        11
  -1.1057181415412050E+00  -1.9151599999999998E+00   5.2832000000000008E+00
       576         1         1        11
  -1.1057181415412050E+00  -1.9151599999999998E+00   1.0566400000000002E+01
       577         1         1        11
  -1.1057181415412050E+00  -1.9151599999999998E+00   1.5849600000000002E+01
       578         1         1        11
  -1.1057181415412050E+00  -1.9151599999999998E+00   2.1132800000000003E+01
       579         1         1        11
  -1.1057181415412050E+00  -1.9151599999999998E+00   2.6416000000000004E+01
       580         1         1        11
  -1.1057181415412050E+00  -1.9151599999999998E+00   3.1699200000000005E+01
       581         1         1        11
  -1.1057181415412050E+00  -1.9151599999999998E+00   3.6982400000000005E+01
       582         1         1        11
  -1.1057181415412050E+00  -1.9151599999999998E+00   4.2265600000000006E+01
       583         1         1        11
  -1.1057181415412050E+00  -1.9151599999999998E+00   4.7548800000000007E+01
       584         1         1        11
  -1.1057181415412050E+00  -1.9151599999999998E+00   5.2832000000000008E+01
       585         1         1        11
  -1.1057181415412050E+00  -1.9151599999999998E+00   5.8115200000000009E+01
       586         1         1        11
  -1.1057181415412050E+00  -1.9151599999999998E+00   6.3398400000000009E+01
       587         1         1        11
  -1.1057181415412050E+00  -1.9151599999999998E+00   6.8681600000000003E+01
       588         1         1        11
  -1.1057181415412050E+00  -1.9151599999999998E+00   7.3964799999999997E+01
       589         1         1        11
  -1.1057181415412050E+00  -1.9151599999999998E+00   7.9247999999999990E+01
       590         1         1        11
  -1.1057181415412050E+00  -1.9151599999999998E+00   8.4531199999999984E+01
       591         1         1        11
  -1.1057181415412050E+00  -1.9151599999999998E+00   8.9814399999999978E+01
       592         1         1        11
  -1.1057181415412050E+00  -1.9151599999999998E+00   9.5097599999999971E+01
       593         1         1        11
  -1.1057181415412050E+00  -1.9151599999999998E+00   1.0038079999999997E+02
       594         1         1        11
  -1.1057181415412050E+00  -1.9151599999999998E+00   1.0566399999999996E+02
       595         1         1        11
  -1.1057181415412050E+00  -1.9151599999999998E+00   1.1094719999999995E+02
       596         1         1        11
  -1.1057181415412050E+00  -1.9151599999999998E+00   1.1623039999999995E+02
       597         1         1        11
  -1.1057181415412050E+00  -1.9151599999999998E+00   1.2151359999999994E+02
       598         1         1        11
  -1.1057181415412050E+00  -1.9151599999999998E+00   1.2679679999999993E+02
       599         1         1        11
  -1.1057181415412050E+00  -1.9151599999999998E+00   1.3207999999999993E+02
       600         1         1        11
  -1.6585772123118061E+00  -9.5757999999999965E-01   5.2832000000000008E+00
       601         1         1        11
  -1.6585772123118061E+00  -9.5757999999999965E-01   1.0566400000000002E+01
       602         1         1        11
  -1.6585772123118061E+00  -9.5757999999999965E-01   1.5849600000000002E+01
       603         1         1        11
  -1.6585772123118061E+00  -9.5757999999999965E-01   2.1132800000000003E+01
       604         1         1        11
  -1.6585772123118061E+00  -9.5757999999999965E-01   2.6416000000000004E+01
       605         1         1        11
  -1.6585772123118061E+00  -9.5757999999999965E-01   3.1699200000000005E+01
       606         1         1        11
  -1.6585772123118061E+00  -9.5757999999999965E-01   3.6982400000000005E+01
       607         1         1        11
  -1.6585772123118061E+00  -9.5757999999999965E-01   4.2265600000000006E+01
       608         1         1        11
  -1.6585772123118061E+00  -9.5757999999999965E-01   4.7548800000000007E+01
       609         1         1        11
  -1.6585772123118061E+00  -9.5757999999999965E-01   5.2832000000000008E+01
       610         1         1        11
  -1.6585772123118061E+00  -9.5757999999999965E-01   5.8115200000000009E+01
       611         1         1        11
  -1.6585772123118061E+00  -9.5757999999999965E-01   6.3398400000000009E+01
       612         1         1        11
  -1.6585772123118061E+00  -9.5757999999999965E-01   6.8681600000000003E+01
       613         1         1        11
  -1.6585772123118061E+00  -9.5757999999999965E-01   7.3964799999999997E+01
       614         1         1        11
  -1.6585772123118061E+00  -9.5757999999999965E-01   7.9247999999999990E+01
       615         1         1        11
  -1.6585772123118061E+00  -9.5757999999999965E-01   8.4531199999999984E+01
       616         1         1        11
  -1.6585772123118061E+00  -9.5757999999999965E-01   8.9814399999999978E+01
       617         1         1        11
  -1.6585772123118061E+00  -9.5757999999999965E-01   9.5097599999999971E+01
       618         1         1        11
  -1.6585772123118061E+00  -9.5757999999999965E-01   1.0038079999999997E+02
       619         1         1        11
  -1.6585772123118061E+00  -9.5757999999999965E-01   1.0566399999999996E+02
       620         1         1        11
  -1.6585772123118061E+00  -9.5757999999999965E-01   1.1094719999999995E+02
       621         1         1        11
  -1.6585772123118061E+00  -9.5757999999999965E-01   1.1623039999999995E+02
       622         1         1        11
  -1.6585772123118061E+00  -9.5757999999999965E-01   1.2151359999999994E+02
       623         1         1        11
  -1.6585772123118061E+00  -9.5757999999999965E-01   1.2679679999999993E+02
       624         1         1        11
  -1.6585772123118061E+00  -9.5757999999999965E-01   1.3207999999999993E+02
       625         1         1        11
   1.1057181415412032E+00  -1.9151600000000000E+00   0.0000000000000000E+00
       626         1         1        11
  -5.5285907077060259E-01  -2.8727399999999998E+00   0.0000000000000000E+00
       627         1         1        11
   5.5285907077060070E-01  -2.8727400000000003E+00   0.0000000000000000E+00
       628         1         1        11
  -5.4614824782057220E-16  -1.9151600000000002E+00   0.0000000000000000E+00
       629         1         1        11
   1.1057181415412032E+00  -1.9151600000000000E+00   5.2832000000000008E+00
       630         1         1        11
   1.1057181415412032E+00  -1.9151600000000000E+00   1.0566400000000002E+01
       631         1         1        11
   1.1057181415412032E+00  -1.9151600000000000E+00   1.5849600000000002E+01
       632         1         1        11
   1.1057181415412032E+00  -1.9151600000000000E+00   2.1132800000000003E+01
       633         1         1        11
   1.1057181415412032E+00  -1.9151600000000000E+00   2.6416000000000004E+01
       634         1         1        11
   1.1057181415412032E+00  -1.9151600000000000E+00   3.1699200000000005E+01
       635         1         1        11
   1.1057181415412032E+00  -1.9151600000000000E+00   3.6982400000000005E+01
       636         1         1        11
   1.1057181415412032E+00  -1.9151600000000000E+00   4.2265600000000006E+01
       637         1         1        11
   1.1057181415412032E+00  -1.9151600000000000E+00   4.7548800000000007E+01
       638         1         1        11
   1.1057181415412032E+00  -1.9151600000000000E+00   5.2832000000000008E+01
       639         1         1        11
   1.1057181415412032E+00  -1.9151600000000000E+00   5.8115200000000009E+01
       640         1         1        11
   1.1057181415412032E+00  -1.9151600000000000E+00   6.3398400000000009E+01
       641         1         1        11
   1.1057181415412032E+00  -1.9151600000000000E+00   6.8681600000000003E+01
       642         1         1        11
   1.1057181415412032E+00  -1.9151600000000000E+00   7.3964799999999997E+01
       643         1         1        11
   1.1057181415412032E+00  -1.9151600000000000E+00   7.9247999999999990E+01
       644         1         1        11
   1.1057181415412032E+00  -1.9151600000000000E+00   8.4531199999999984E+01
       645         1         1        11
   1.1057181415412032E+00  -1.9151600000000000E+00   8.9814399999999978E+01
       646         1         1        11
   1.1057181415412032E+00  -1.9151600000000000E+00   9.5097599999999971E+01
       647         1         1        11
   1.1057181415412032E+00  -1.9151600000000000E+00   1.0038079999999997E+02
       648         1         1        11
   1.1057181415412032E+00  -1.9151600000000000E+00   1.0566399999999996E+02
       649         1         1        11
   1.1057181415412032E+00  -1.9151600000000000E+00   1.1094719999999995E+02
       650         1         1        11
   1.1057181415412032E+00  -1.9151600000000000E+00   1.1623039999999995E+02
       651         1         1        11
   1.1057181415412032E+00  -1.9151600000000000E+00   1.2151359999999994E+02
       652         1         1        11
   1.1057181415412032E+00  -1.9151600000000000E+00   1.2679679999999993E+02
       653         1         1        11
   1.1057181415412032E+00  -1.9151600000000000E+00   1.3207999999999993E+02
       654         1         1        11
  -5.5285907077060259E-01  -2.8727399999999998E+00   5.2832000000000008E+00
       655         1         1        11
  -5.5285907077060259E-01  -2.8727399999999998E+00   1.0566400000000002E+01
       656         1         1        11
  -5.5285907077060259E-01  -2.8727399999999998E+00   1.5849600000000002E+01
       657         1         1        11
  -5.5285907077060259E-01  -2.8727399999999998E+00   2.1132800000000003E+01
       658         1         1        11
  -5.5285907077060259E-01  -2.8727399999999998E+00   2.6416000000000004E+01
       659         1         1        11
  -5.5285907077060259E-01  -2.8727399999999998E+00   3.1699200000000005E+01
       660         1         1        11
  -5.5285907077060259E-01  -2.8727399999999998E+00   3.6982400000000005E+01
       661         1         1        11
  -5.5285907077060259E-01  -2.8727399999999998E+00   4.2265600000000006E+01
       662         1         1        11
  -5.5285907077060259E-01  -2.8727399999999998E+00   4.7548800000000007E+01
       663         1         1        11
  -5.5285907077060259E-01  -2.8727399999999998E+00   5.2832000000000008E+01
       664         1         1        11
  -5.5285907077060259E-01  -2.8727399999999998E+00   5.8115200000000009E+01
       665         1         1        11
  -5.5285907077060259E-01  -2.8727399999999998E+00   6.3398400000000009E+01
       666         1         1        11
  -5.5285907077060259E-01  -2.8727399999999998E+00   6.8681600000000003E+01
       667         1         1        11
  -5.5285907077060259E-01  -2.8727399999999998E+00   7.3964799999999997E+01
       668         1         1        11
  -5.5285907077060259E-01  -2.8727399999999998E+00   7.9247999999999990E+01
       669         1         1        11
  -5.5285907077060259E-01  -2.8727399999999998E+00   8.4531199999999984E+01
       670         1         1        11
  -5.5285907077060259E-01  -2.8727399999999998E+00   8.9814399999999978E+01
       671         1         1        11
  -5.5285907077060259E-01  -2.8727399999999998E+00   9.5097599999999971E+01
       672         1         1        11
  -5.5285907077060259E-01  -2.8727399999999998E+00   1.0038079999999997E+02
       673         1         1        11
  -5.5285907077060259E-01  -2.8727399999999998E+00   1.0566399999999996E+02
       674         1         1        11
  -5.5285907077060259E-01  -2.8727399999999998E+00   1.1094719999999995E+02
       675         1         1        11
  -5.5285907077060259E-01  -2.8727399999999998E+00   1.1623039999999995E+02
       676         1         1        11
  -5.5285907077060259E-01  -2.8727399999999998E+00   1.2151359999999994E+02
       677         1         1        11
  -5.5285907077060259E-01  -2.8727399999999998E+00   1.2679679999999993E+02
       678         1         1        11
  -5.5285907077060259E-01  -2.8727399999999998E+00   1.3207999999999993E+02
       679         1         1        11
   5.5285907077060070E-01  -2.8727400000000003E+00   5.2832000000000008E+00
       680         1         1        11
   5.5285907077060070E-01  -2.8727400000000003E+00   1.0566400000000002E+01
       681         1         1        11
   5.5285907077060070E-01  -2.8727400000000003E+00   1.5849600000000002E+01
       682         1         1        11
   5.5285907077060070E-01  -2.8727400000000003E+00   2.1132800000000003E+01
       683         1         1        11
   5.5285907077060070E-01  -2.8727400000000003E+00   2.6416000000000004E+01
       684         1         1        11
   5.5285907077060070E-01  -2.8727400000000003E+00   3.1699200000000005E+01
       685         1         1        11
   5.5285907077060070E-01  -2.8727400000000003E+00   3.6982400000000005E+01
       686         1         1        11
   5.5285907077060070E-01  -2.8727400000000003E+00   4.2265600000000006E+01
       687         1         1        11
   5.5285907077060070E-01  -2.8727400000000003E+00   4.7548800000000007E+01
       688         1         1        11
   5.5285907077060070E-01  -2.8727400000000003E+00   5.2832000000000008E+01
       689         1         1        11
   5.5285907077060070E-01  -2.8727400000000003E+00   5.8115200000000009E+01
       690         1         1        11
   5.5285907077060070E-01  -2.8727400000000003E+00   6.3398400000000009E+01
       691         1         1        11
   5.5285907077060070E-01  -2.8727400000000003E+00   6.8681600000000003E+01
       692         1         1        11
   5.5285907077060070E-01  -2.8727400000000003E+00   7.3964799999999997E+01
       693         1         1        11
   5.5285907077060070E-01  -2.8727400000000003E+00   7.9247999999999990E+01
       694         1         1        11
   5.5285907077060070E-01  -2.8727400000000003E+00   8.4531199999999984E+01
       695         1         1        11
   5.5285907077060070E-01  -2.8727400000000003E+00   8.9814399999999978E+01
       696         1         1        11
   5.5285907077060070E-01  -2.8727400000000003E+00   9.5097599999999971E+01
       697         1         1        11
   5.5285907077060070E-01  -2.8727400000000003E+00   1.0038079999999997E+02
       698         1         1        11
   5.5285907077060070E-01  -2.8727400000000003E+00   1.0566399999999996E+02
       699         1         1        11
   5.5285907077060070E-01  -2.8727400000000003E+00   1.1094719999999995E+02
       700         1         1        11
   5.5285907077060070E-01  -2.8727400000000003E+00   1.1623039999999995E+02
       701         1         1        11
   5.5285907077060070E-01  -2.8727400000000003E+00   1.2151359999999994E+02
       702         1         1        11
   5.5285907077060070E-01  -2.8727400000000003E+00   1.2679679999999993E+02
       703         1         1        11
   5.5285907077060070E-01  -2.8727400000000003E+00   1.3207999999999993E+02
       704         1         1        11
  -5.4614824782057220E-16  -1.9151600000000002E+00   5.2832000000000008E+00
       705         1         1        11
  -5.4614824782057220E-16  -1.9151600000000002E+00   1.0566400000000002E+01
       706         1         1        11
  -5.4614824782057220E-16  -1.9151600000000002E+00   1.5849600000000002E+01
       707         1         1        11
  -5.4614824782057220E-16  -1.9151600000000002E+00   2.1132800000000003E+01
       708         1         1        11
  -5.4614824782057220E-16  -1.9151600000000002E+00   2.6416000000000004E+01
       709         1         1        11
  -5.4614824782057220E-16  -1.9151600000000002E+00   3.1699200000000005E+01
       710         1         1        11
  -5.4614824782057220E-16  -1.9151600000000002E+00   3.6982400000000005E+01
       711         1         1        11
  -5.4614824782057220E-16  -1.9151600000000002E+00   4.2265600000000006E+01
       712         1         1        11
  -5.4614824782057220E-16  -1.9151600000000002E+00   4.7548800000000007E+01
       713         1         1        11
  -5.4614824782057220E-16  -1.9151600000000002E+00   5.2832000000000008E+01
       714         1         1        11
  -5.4614824782057220E-16  -1.9151600000000002E+00   5.8115200000000009E+01
       715         1         1        11
  -5.4614824782057220E-16  -1.9151600000000002E+00   6.3398400000000009E+01
       716         1         1        11
  -5.4614824782057220E-16  -1.9151600000000002E+00   6.8681600000000003E+01
       717         1         1        11
  -5.4614824782057220E-16  -1.9151600000000002E+00   7.3964799999999997E+01
       718         1         1        11
  -5.4614824782057220E-16  -1.9151600000000002E+00   7.9247999999999990E+01
       719         1         1        11
  -5.4614824782057220E-16  -1.9151600000000002E+00   8.4531199999999984E+01
       720         1         1        11
  -5.4614824782057220E-16  -1.9151600000000002E+00   8.9814399999999978E+01
       721         1         1        11
  -5.4614824782057220E-16  -1.9151600000000002E+00   9.5097599999999971E+01
       722         1         1        11
  -5.4614824782057220E-16  -1.9151600000000002E+00   1.0038079999999997E+02
       723         1         1        11
  -5.4614824782057220E-16  -1.9151600000000002E+00   1.0566399999999996E+02
       724         1         1        11
  -5.4614824782057220E-16  -1.9151600000000002E+00   1.1094719999999995E+02
       725         1         1        11
  -5.4614824782057220E-16  -1.9151600000000002E+00   1.1623039999999995E+02
       726         1         1        11
  -5.4614824782057220E-16  -1.9151600000000002E+00   1.2151359999999994E+02
       727         1         1        11
  -5.4614824782057220E-16  -1.9151600000000002E+00   1.2679679999999993E+02
       728         1         1        11
  -5.4614824782057220E-16  -1.9151600000000002E+00   1.3207999999999993E+02
       729         1         1        11
   2.7642953538530088E+00  -9.5758000000000087E-01   0.0000000000000000E+00
       730         1         1        11
   2.2114362830824059E+00  -1.9151600000000013E+00   0.0000000000000000E+00
       731         1         1        11
   1.6585772123118048E+00  -9.5758000000000110E-01   0.0000000000000000E+00
       732         1         1        11
   2.7642953538530088E+00  -9.5758000000000087E-01   5.2832000000000008E+00
       733         1         1        11
   2.7642953538530088E+00  -9.5758000000000087E-01   1.0566400000000002E+01
       734         1         1        11
   2.7642953538530088E+00  -9.5758000000000087E-01   1.5849600000000002E+01
       735         1         1        11
   2.7642953538530088E+00  -9.5758000000000087E-01   2.1132800000000003E+01
       736         1         1        11
   2.7642953538530088E+00  -9.5758000000000087E-01   2.6416000000000004E+01
       737         1         1        11
   2.7642953538530088E+00  -9.5758000000000087E-01   3.1699200000000005E+01
       738         1         1        11
   2.7642953538530088E+00  -9.5758000000000087E-01   3.6982400000000005E+01
       739         1         1        11
   2.7642953538530088E+00  -9.5758000000000087E-01   4.2265600000000006E+01
       740         1         1        11
   2.7642953538530088E+00  -9.5758000000000087E-01   4.7548800000000007E+01
       741         1         1        11
   2.7642953538530088E+00  -9.5758000000000087E-01   5.2832000000000008E+01
       742         1         1        11
   2.7642953538530088E+00  -9.5758000000000087E-01   5.8115200000000009E+01
       743         1         1        11
   2.7642953538530088E+00  -9.5758000000000087E-01   6.3398400000000009E+01
       744         1         1        11
   2.7642953538530088E+00  -9.5758000000000087E-01   6.8681600000000003E+01
       745         1         1        11
   2.7642953538530088E+00  -9.5758000000000087E-01   7.3964799999999997E+01
       746         1         1        11
   2.7642953538530088E+00  -9.5758000000000087E-01   7.9247999999999990E+01
       747         1         1        11
   2.7642953538530088E+00  -9.5758000000000087E-01   8.4531199999999984E+01
       748         1         1        11
   2.7642953538530088E+00  -9.5758000000000087E-01   8.9814399999999978E+01
       749         1         1        11
   2.7642953538530088E+00  -9.5758000000000087E-01   9.5097599999999971E+01
       750         1         1        11
   2.7642953538530088E+00  -9.5758000000000087E-01   1.0038079999999997E+02
       751         1         1        11
   2.7642953538530088E+00  -9.5758000000000087E-01   1.0566399999999996E+02
       752         1         1        11
   2.7642953538530088E+00  -9.5758000000000087E-01   1.1094719999999995E+02
       753         1         1        11
   2.7642953538530088E+00  -9.5758000000000087E-01   1.1623039999999995E+02
       754         1         1        11
   2.7642953538530088E+00  -9.5758000000000087E-01   1.2151359999999994E+02
       755         1         1        11
   2.7642953538530088E+00  -9.5758000000000087E-01   1.2679679999999993E+02
       756         1         1        11
   2.7642953538530088E+00  -9.5758000000000087E-01   1.3207999999999993E+02
       757         1         1        11
   2.2114362830824059E+00  -1.9151600000000013E+00   5.2832000000000008E+00
       758         1         1        11
   2.2114362830824059E+00  -1.9151600000000013E+00   1.0566400000000002E+01
       759         1         1        11
   2.2114362830824059E+00  -1.9151600000000013E+00   1.5849600000000002E+01
       760         1         1        11
   2.2114362830824059E+00  -1.9151600000000013E+00   2.1132800000000003E+01
       761         1         1        11
   2.2114362830824059E+00  -1.9151600000000013E+00   2.6416000000000004E+01
       762         1         1        11
   2.2114362830824059E+00  -1.9151600000000013E+00   3.1699200000000005E+01
       763         1         1        11
   2.2114362830824059E+00  -1.9151600000000013E+00   3.6982400000000005E+01
       764         1         1        11
   2.2114362830824059E+00  -1.9151600000000013E+00   4.2265600000000006E+01
       765         1         1        11
   2.2114362830824059E+00  -1.9151600000000013E+00   4.7548800000000007E+01
       766         1         1        11
   2.2114362830824059E+00  -1.9151600000000013E+00   5.2832000000000008E+01
       767         1         1        11
   2.2114362830824059E+00  -1.9151600000000013E+00   5.8115200000000009E+01
       768         1         1        11
   2.2114362830824059E+00  -1.9151600000000013E+00   6.3398400000000009E+01
       769         1         1        11
   2.2114362830824059E+00  -1.9151600000000013E+00   6.8681600000000003E+01
       770         1         1        11
   2.2114362830824059E+00  -1.9151600000000013E+00   7.3964799999999997E+01
       771         1         1        11
   2.2114362830824059E+00  -1.9151600000000013E+00   7.9247999999999990E+01
       772         1         1        11
   2.2114362830824059E+00  -1.9151600000000013E+00   8.4531199999999984E+01
       773         1         1        11
   2.2114362830824059E+00  -1.9151600000000013E+00   8.9814399999999978E+01
       774         1         1        11
   2.2114362830824059E+00  -1.9151600000000013E+00   9.5097599999999971E+01
       775         1         1        11
   2.2114362830824059E+00  -1.9151600000000013E+00   1.0038079999999997E+02
       776         1         1        11
   2.2114362830824059E+00  -1.9151600000000013E+00   1.0566399999999996E+02
       777         1         1        11
   2.2114362830824059E+00  -1.9151600000000013E+00   1.1094719999999995E+02
       778         1         1        11
   2.2114362830824059E+00  -1.9151600000000013E+00   1.1623039999999995E+02
       779         1         1        11
   2.2114362830824059E+00  -1.9151600000000013E+00   1.2151359999999994E+02
       780         1         1        11
   2.2114362830824059E+00  -1.9151600000000013E+00   1.2679679999999993E+02
       781         1         1        11
   2.2114362830824059E+00  -1.9151600000000013E+00   1.3207999999999993E+02
       782         1         1        11
   1.6585772123118048E+00  -9.5758000000000110E-01   5.2832000000000008E+00
       783         1         1        11
   1.6585772123118048E+00  -9.5758000000000110E-01   1.0566400000000002E+01
       784         1         1        11
   1.6585772123118048E+00  -9.5758000000000110E-01   1.5849600000000002E+01
       785         1         1        11
   1.6585772123118048E+00  -9.5758000000000110E-01   2.1132800000000003E+01
       786         1         1        11
   1.6585772123118048E+00  -9.5758000000000110E-01   2.6416000000000004E+01
       787         1         1        11
   1.6585772123118048E+00  -9.5758000000000110E-01   3.1699200000000005E+01
       788         1         1        11
   1.6585772123118048E+00  -9.5758000000000110E-01   3.6982400000000005E+01
       789         1         1        11
   1.6585772123118048E+00  -9.5758000000000110E-01   4.2265600000000006E+01
       790         1         1        11
   1.6585772123118048E+00  -9.5758000000000110E-01   4.7548800000000007E+01
       791         1         1        11
   1.6585772123118048E+00  -9.5758000000000110E-01   5.2832000000000008E+01
       792         1         1        11
   1.6585772123118048E+00  -9.5758000000000110E-01   5.8115200000000009E+01
       793         1         1        11
   1.6585772123118048E+00  -9.5758000000000110E-01   6.3398400000000009E+01
       794         1         1        11
   1.6585772123118048E+00  -9.5758000000000110E-01   6.8681600000000003E+01
       795         1         1        11
   1.6585772123118048E+00  -9.5758000000000110E-01   7.3964799999999997E+01
       796         1         1        11
   1.6585772123118048E+00  -9.5758000000000110E-01   7.9247999999999990E+01
       797         1         1        11
   1.6585772123118048E+00  -9.5758000000000110E-01   8.4531199999999984E+01
       798         1         1        11
   1.6585772123118048E+00  -9.5758000000000110E-01   8.9814399999999978E+01
       799         1         1        11
   1.6585772123118048E+00  -9.5758000000000110E-01   9.5097599999999971E+01
       800         1         1        11
   1.6585772123118048E+00  -9.5758000000000110E-01   1.0038079999999997E+02
       801         1         1        11
   1.6585772123118048E+00  -9.5758000000000110E-01   1.0566399999999996E+02
       802         1         1        11
   1.6585772123118048E+00  -9.5758000000000110E-01   1.1094719999999995E+02
       803         1         1        11
   1.6585772123118048E+00  -9.5758000000000110E-01   1.1623039999999995E+02
       804         1         1        11
   1.6585772123118048E+00  -9.5758000000000110E-01   1.2151359999999994E+02
       805         1         1        11
   1.6585772123118048E+00  -9.5758000000000110E-01   1.2679679999999993E+02
       806         1         1        11
   1.6585772123118048E+00  -9.5758000000000110E-01   1.3207999999999993E+02
       807         1         1        11
   5.5285907077060192E-01   9.5757999999999988E-01   1.3441527600000001E+02
       808         1         1        11
   1.1057181415412036E+00   0.0000000000000000E+00   1.3441527600000001E+02
       809         1         1        11
   5.5285907077060192E-01   9.5757999999999988E-01   1.3675055200000000E+02
       810         1         1        11
   1.1057181415412036E+00   0.0000000000000000E+00   1.3675055200000000E+02
       811         1         1        11
   5.5285907077060192E-01   9.5757999999999988E-01   1.3908582800000002E+02
       812         1         1        11
   1.1057181415412036E+00   0.0000000000000000E+00   1.3908582800000002E+02
       813         1         1        11
   5.5285907077060192E-01   9.5757999999999988E-01   1.4142110400000001E+02
       814         1         1        11
   1.1057181415412036E+00   0.0000000000000000E+00   1.4142110400000001E+02
       815         1         1        11
   5.5285907077060192E-01   9.5757999999999988E-01   1.4375638000000001E+02
       816         1         1        11
   1.1057181415412036E+00   0.0000000000000000E+00   1.4375638000000001E+02
       817         1         1        11
   5.5285907077060192E-01   9.5757999999999988E-01   1.4609165600000000E+02
       818         1         1        11
   1.1057181415412036E+00   0.0000000000000000E+00   1.4609165600000000E+02
       819         1         1        11
   5.5285907077060192E-01   9.5757999999999988E-01   1.4842693199999999E+02
       820         1         1        11
   1.1057181415412036E+00   0.0000000000000000E+00   1.4842693199999999E+02
       821         1         1        11
   5.5285907077060192E-01   9.5757999999999988E-01   1.5076220800000002E+02
       822         1         1        11
   1.1057181415412036E+00   0.0000000000000000E+00   1.5076220800000002E+02
       823         1         1        11
   5.5285907077060192E-01   9.5757999999999988E-01   1.5309748400000001E+02
       824         1         1        11
   1.1057181415412036E+00   0.0000000000000000E+00   1.5309748400000001E+02
       825         1         1        11
   5.5285907077060192E-01   9.5757999999999988E-01   1.5543276000000000E+02
       826         1         1        11
   1.1057181415412036E+00   0.0000000000000000E+00   1.5543276000000000E+02
       827         1         1        11
  -5.5285907077060159E-01   9.5757999999999999E-01   1.3441527600000001E+02
       828         1         1        11
  -5.5285907077060159E-01   9.5757999999999999E-01   1.3675055200000000E+02
       829         1         1        11
  -5.5285907077060159E-01   9.5757999999999999E-01   1.3908582800000002E+02
       830         1         1        11
  -5.5285907077060159E-01   9.5757999999999999E-01   1.4142110400000001E+02
       831         1         1        11
  -5.5285907077060159E-01   9.5757999999999999E-01   1.4375638000000001E+02
       832         1         1        11
  -5.5285907077060159E-01   9.5757999999999999E-01   1.4609165600000000E+02
       833         1         1        11
  -5.5285907077060159E-01   9.5757999999999999E-01   1.4842693199999999E+02
       834         1         1        11
  -5.5285907077060159E-01   9.5757999999999999E-01   1.5076220800000002E+02
       835         1         1        11
  -5.5285907077060159E-01   9.5757999999999999E-01   1.5309748400000001E+02
       836         1         1        11
  -5.5285907077060159E-01   9.5757999999999999E-01   1.5543276000000000E+02
       837         1         1        11
  -1.1057181415412036E+00   1.3541141827975950E-16   1.3441527600000001E+02
       838         1         1        11
  -1.1057181415412036E+00   1.3541141827975950E-16   1.3675055200000000E+02
       839         1         1        11
  -1.1057181415412036E+00   1.3541141827975950E-16   1.3908582800000002E+02
       840         1         1        11
  -1.1057181415412036E+00   1.3541141827975950E-16   1.4142110400000001E+02
       841         1         1        11
  -1.1057181415412036E+00   1.3541141827975950E-16   1.4375638000000001E+02
       842         1         1        11
  -1.1057181415412036E+00   1.3541141827975950E-16   1.4609165600000000E+02
       843         1         1        11
  -1.1057181415412036E+00   1.3541141827975950E-16   1.4842693199999999E+02
       844         1         1        11
  -1.1057181415412036E+00   1.3541141827975950E-16   1.5076220800000002E+02
       845         1         1        11
  -1.1057181415412036E+00   1.3541141827975950E-16   1.5309748400000001E+02
       846         1         1        11
  -1.1057181415412036E+00   1.3541141827975950E-16   1.5543276000000000E+02
       847         1         1        11
  -5.5285907077060226E-01  -9.5757999999999976E-01   1.3441527600000001E+02
       848         1         1        11
  -5.5285907077060226E-01  -9.5757999999999976E-01   1.3675055200000000E+02
       849         1         1        11
  -5.5285907077060226E-01  -9.5757999999999976E-01   1.3908582800000002E+02
       850         1         1        11
  -5.5285907077060226E-01  -9.5757999999999976E-01   1.4142110400000001E+02
       851         1         1        11
  -5.5285907077060226E-01  -9.5757999999999976E-01   1.4375638000000001E+02
       852         1         1        11
  -5.5285907077060226E-01  -9.5757999999999976E-01   1.4609165600000000E+02
       853         1         1        11
  -5.5285907077060226E-01  -9.5757999999999976E-01   1.4842693199999999E+02
       854         1         1        11
  -5.5285907077060226E-01  -9.5757999999999976E-01   1.5076220800000002E+02
       855         1         1        11
  -5.5285907077060226E-01  -9.5757999999999976E-01   1.5309748400000001E+02
       856         1         1        11
  -5.5285907077060226E-01  -9.5757999999999976E-01   1.5543276000000000E+02
       857         1         1        11
   5.5285907077060104E-01  -9.5758000000000043E-01   1.3441527600000001E+02
       858         1         1        11
   5.5285907077060104E-01  -9.5758000000000043E-01   1.3675055200000000E+02
       859         1         1        11
   5.5285907077060104E-01  -9.5758000000000043E-01   1.3908582800000002E+02
       860         1         1        11
   5.5285907077060104E-01  -9.5758000000000043E-01   1.4142110400000001E+02
       861         1         1        11
   5.5285907077060104E-01  -9.5758000000000043E-01   1.4375638000000001E+02
       862         1         1        11
   5.5285907077060104E-01  -9.5758000000000043E-01   1.4609165600000000E+02
       863         1         1        11
   5.5285907077060104E-01  -9.5758000000000043E-01   1.4842693199999999E+02
       864         1         1        11
   5.5285907077060104E-01  -9.5758000000000043E-01   1.5076220800000002E+02
       865         1         1        11
   5.5285907077060104E-01  -9.5758000000000043E-01   1.5309748400000001E+02
       866         1         1        11
   5.5285907077060104E-01  -9.5758000000000043E-01   1.5543276000000000E+02
       867         1         1        11
  -1.9433906324231551E-16  -1.9509284103464685E-16   1.3441527600000001E+02
       868         1         1        11
  -1.9433906324231551E-16  -1.9509284103464685E-16   1.3675055200000000E+02
       869         1         1        11
  -1.9433906324231551E-16  -1.9509284103464685E-16   1.3908582800000002E+02
       870         1         1        11
  -1.9433906324231551E-16  -1.9509284103464685E-16   1.4142110400000001E+02
       871         1         1        11
  -1.9433906324231551E-16  -1.9509284103464685E-16   1.4375638000000001E+02
       872         1         1        11
  -1.9433906324231551E-16  -1.9509284103464685E-16   1.4609165600000000E+02
       873         1         1        11
  -1.9433906324231551E-16  -1.9509284103464685E-16   1.4842693199999999E+02
       874         1         1        11
  -1.9433906324231551E-16  -1.9509284103464685E-16   1.5076220800000002E+02
       875         1         1        11
  -1.9433906324231551E-16  -1.9509284103464685E-16   1.5309748400000001E+02
       876         1         1        11
  -1.9433906324231551E-16  -1.9509284103464685E-16   1.5543276000000000E+02
       877         1         1        11
   2.2114362830824077E+00   1.9151599999999998E+00   1.3441527600000001E+02
       878         1         1        11
   2.7642953538530093E+00   9.5757999999999988E-01   1.3441527600000001E+02
       879         1         1        11
   2.2114362830824077E+00   1.9151599999999998E+00   1.3675055200000000E+02
       880         1         1        11
   2.7642953538530093E+00   9.5757999999999988E-01   1.3675055200000000E+02
       881         1         1        11
   2.2114362830824077E+00   1.9151599999999998E+00   1.3908582800000002E+02
       882         1         1        11
   2.7642953538530093E+00   9.5757999999999988E-01   1.3908582800000002E+02
       883         1         1        11
   2.2114362830824077E+00   1.9151599999999998E+00   1.4142110400000001E+02
       884         1         1        11
   2.7642953538530093E+00   9.5757999999999988E-01   1.4142110400000001E+02
       885         1         1        11
   2.2114362830824077E+00   1.9151599999999998E+00   1.4375638000000001E+02
       886         1         1        11
   2.7642953538530093E+00   9.5757999999999988E-01   1.4375638000000001E+02
       887         1         1        11
   2.2114362830824077E+00   1.9151599999999998E+00   1.4609165600000000E+02
       888         1         1        11
   2.7642953538530093E+00   9.5757999999999988E-01   1.4609165600000000E+02
       889         1         1        11
   2.2114362830824077E+00   1.9151599999999998E+00   1.4842693199999999E+02
       890         1         1        11
   2.7642953538530093E+00   9.5757999999999988E-01   1.4842693199999999E+02
       891         1         1        11
   2.2114362830824077E+00   1.9151599999999998E+00   1.5076220800000002E+02
       892         1         1        11
   2.7642953538530093E+00   9.5757999999999988E-01   1.5076220800000002E+02
       893         1         1        11
   2.2114362830824077E+00   1.9151599999999998E+00   1.5309748400000001E+02
       894         1         1        11
   2.7642953538530093E+00   9.5757999999999988E-01   1.5309748400000001E+02
       895         1         1        11
   2.2114362830824077E+00   1.9151599999999998E+00   1.5543276000000000E+02
       896         1         1        11
   2.7642953538530093E+00   9.5757999999999988E-01   1.5543276000000000E+02
       897         1         1        11
   1.1057181415412041E+00   1.9151599999999998E+00   1.3441527600000001E+02
       898         1         1        11
   1.1057181415412041E+00   1.9151599999999998E+00   1.3675055200000000E+02
       899         1         1        11
   1.1057181415412041E+00   1.9151599999999998E+00   1.3908582800000002E+02
       900         1         1        11
   1.1057181415412041E+00   1.9151599999999998E+00   1.4142110400000001E+02
       901         1         1        11
   1.1057181415412041E+00   1.9151599999999998E+00   1.4375638000000001E+02
       902         1         1        11
   1.1057181415412041E+00   1.9151599999999998E+00   1.4609165600000000E+02
       903         1         1        11
   1.1057181415412041E+00   1.9151599999999998E+00   1.4842693199999999E+02
       904         1         1        11
   1.1057181415412041E+00   1.9151599999999998E+00   1.5076220800000002E+02
       905         1         1        11
   1.1057181415412041E+00   1.9151599999999998E+00   1.5309748400000001E+02
       906         1         1        11
   1.1057181415412041E+00   1.9151599999999998E+00   1.5543276000000000E+02
       907         1         1        11
   2.2114362830824068E+00  -5.5511151231257827E-16   1.3441527600000001E+02
       908         1         1        11
   2.2114362830824068E+00  -5.5511151231257827E-16   1.3675055200000000E+02
       909         1         1        11
   2.2114362830824068E+00  -5.5511151231257827E-16   1.3908582800000002E+02
       910         1         1        11
   2.2114362830824068E+00  -5.5511151231257827E-16   1.4142110400000001E+02
       911         1         1        11
   2.2114362830824068E+00  -5.5511151231257827E-16   1.4375638000000001E+02
       912         1         1        11
   2.2114362830824068E+00  -5.5511151231257827E-16   1.4609165600000000E+02
       913         1         1        11
   2.2114362830824068E+00  -5.5511151231257827E-16   1.4842693199999999E+02
       914         1         1        11
   2.2114362830824068E+00  -5.5511151231257827E-16   1.5076220800000002E+02
       915         1         1        11
   2.2114362830824068E+00  -5.5511151231257827E-16   1.5309748400000001E+02
       916         1         1        11
   2.2114362830824068E+00  -5.5511151231257827E-16   1.5543276000000000E+02
       917         1         1        11
   1.6585772123118054E+00   9.5757999999999965E-01   1.3441527600000001E+02
       918         1         1        11
   1.6585772123118054E+00   9.5757999999999965E-01   1.3675055200000000E+02
       919         1         1        11
   1.6585772123118054E+00   9.5757999999999965E-01   1.3908582800000002E+02
       920         1         1        11
   1.6585772123118054E+00   9.5757999999999965E-01   1.4142110400000001E+02
       921         1         1        11
   1.6585772123118054E+00   9.5757999999999965E-01   1.4375638000000001E+02
       922         1         1        11
   1.6585772123118054E+00   9.5757999999999965E-01   1.4609165600000000E+02
       923         1         1        11
   1.6585772123118054E+00   9.5757999999999965E-01   1.4842693199999999E+02
       924         1         1        11
   1.6585772123118054E+00   9.5757999999999965E-01   1.5076220800000002E+02
       925         1         1        11
   1.6585772123118054E+00   9.5757999999999965E-01   1.5309748400000001E+02
       926         1         1        11
   1.6585772123118054E+00   9.5757999999999965E-01   1.5543276000000000E+02
       927         1         1        11
   5.5285907077060203E-01   2.8727399999999998E+00   1.3441527600000001E+02
       928         1         1        11
   5.5285907077060203E-01   2.8727399999999998E+00   1.3675055200000000E+02
       929         1         1        11
   5.5285907077060203E-01   2.8727399999999998E+00   1.3908582800000002E+02
       930         1         1        11
   5.5285907077060203E-01   2.8727399999999998E+00   1.4142110400000001E+02
       931         1         1        11
   5.5285907077060203E-01   2.8727399999999998E+00   1.4375638000000001E+02
       932         1         1        11
   5.5285907077060203E-01   2.8727399999999998E+00   1.4609165600000000E+02
       933         1         1        11
   5.5285907077060203E-01   2.8727399999999998E+00   1.4842693199999999E+02
       934         1         1        11
   5.5285907077060203E-01   2.8727399999999998E+00   1.5076220800000002E+02
       935         1         1        11
   5.5285907077060203E-01   2.8727399999999998E+00   1.5309748400000001E+02
       936         1         1        11
   5.5285907077060203E-01   2.8727399999999998E+00   1.5543276000000000E+02
       937         1         1        11
  -5.5285907077060148E-01   2.8727399999999998E+00   1.3441527600000001E+02
       938         1         1        11
  -5.5285907077060148E-01   2.8727399999999998E+00   1.3675055200000000E+02
       939         1         1        11
  -5.5285907077060148E-01   2.8727399999999998E+00   1.3908582800000002E+02
       940         1         1        11
  -5.5285907077060148E-01   2.8727399999999998E+00   1.4142110400000001E+02
       941         1         1        11
  -5.5285907077060148E-01   2.8727399999999998E+00   1.4375638000000001E+02
       942         1         1        11
  -5.5285907077060148E-01   2.8727399999999998E+00   1.4609165600000000E+02
       943         1         1        11
  -5.5285907077060148E-01   2.8727399999999998E+00   1.4842693199999999E+02
       944         1         1        11
  -5.5285907077060148E-01   2.8727399999999998E+00   1.5076220800000002E+02
       945         1         1        11
  -5.5285907077060148E-01   2.8727399999999998E+00   1.5309748400000001E+02
       946         1         1        11
  -5.5285907077060148E-01   2.8727399999999998E+00   1.5543276000000000E+02
       947         1         1        11
  -1.1057181415412034E+00   1.9151600000000002E+00   1.3441527600000001E+02
       948         1         1        11
  -1.1057181415412034E+00   1.9151600000000002E+00   1.3675055200000000E+02
       949         1         1        11
  -1.1057181415412034E+00   1.9151600000000002E+00   1.3908582800000002E+02
       950         1         1        11
  -1.1057181415412034E+00   1.9151600000000002E+00   1.4142110400000001E+02
       951         1         1        11
  -1.1057181415412034E+00   1.9151600000000002E+00   1.4375638000000001E+02
       952         1         1        11
  -1.1057181415412034E+00   1.9151600000000002E+00   1.4609165600000000E+02
       953         1         1        11
  -1.1057181415412034E+00   1.9151600000000002E+00   1.4842693199999999E+02
       954         1         1        11
  -1.1057181415412034E+00   1.9151600000000002E+00   1.5076220800000002E+02
       955         1         1        11
  -1.1057181415412034E+00   1.9151600000000002E+00   1.5309748400000001E+02
       956         1         1        11
  -1.1057181415412034E+00   1.9151600000000002E+00   1.5543276000000000E+02
       957         1         1        11
  -7.7069335049563277E-17   1.9151599999999998E+00   1.3441527600000001E+02
       958         1         1        11
  -7.7069335049563277E-17   1.9151599999999998E+00   1.3675055200000000E+02
       959         1         1        11
  -7.7069335049563277E-17   1.9151599999999998E+00   1.3908582800000002E+02
       960         1         1        11
  -7.7069335049563277E-17   1.9151599999999998E+00   1.4142110400000001E+02
       961         1         1        11
  -7.7069335049563277E-17   1.9151599999999998E+00   1.4375638000000001E+02
       962         1         1        11
  -7.7069335049563277E-17   1.9151599999999998E+00   1.4609165600000000E+02
       963         1         1        11
  -7.7069335049563277E-17   1.9151599999999998E+00   1.4842693199999999E+02
       964         1         1        11
  -7.7069335049563277E-17   1.9151599999999998E+00   1.5076220800000002E+02
       965         1         1        11
  -7.7069335049563277E-17   1.9151599999999998E+00   1.5309748400000001E+02
       966         1         1        11
  -7.7069335049563277E-17   1.9151599999999998E+00   1.5543276000000000E+02
       967         1         1        11
  -2.2114362830824068E+00   1.9151600000000006E+00   1.3441527600000001E+02
       968         1         1        11
  -2.2114362830824068E+00   1.9151600000000006E+00   1.3675055200000000E+02
       969         1         1        11
  -2.2114362830824068E+00   1.9151600000000006E+00   1.3908582800000002E+02
       970         1         1        11
  -2.2114362830824068E+00   1.9151600000000006E+00   1.4142110400000001E+02
       971         1         1        11
  -2.2114362830824068E+00   1.9151600000000006E+00   1.4375638000000001E+02
       972         1         1        11
  -2.2114362830824068E+00   1.9151600000000006E+00   1.4609165600000000E+02
       973         1         1        11
  -2.2114362830824068E+00   1.9151600000000006E+00   1.4842693199999999E+02
       974         1         1        11
  -2.2114362830824068E+00   1.9151600000000006E+00   1.5076220800000002E+02
       975         1         1        11
  -2.2114362830824068E+00   1.9151600000000006E+00   1.5309748400000001E+02
       976         1         1        11
  -2.2114362830824068E+00   1.9151600000000006E+00   1.5543276000000000E+02
       977         1         1        11
  -2.7642953538530088E+00   9.5758000000000076E-01   1.3441527600000001E+02
       978         1         1        11
  -2.7642953538530088E+00   9.5758000000000076E-01   1.3675055200000000E+02
       979         1         1        11
  -2.7642953538530088E+00   9.5758000000000076E-01   1.3908582800000002E+02
       980         1         1        11
  -2.7642953538530088E+00   9.5758000000000076E-01   1.4142110400000001E+02
       981         1         1        11
  -2.7642953538530088E+00   9.5758000000000076E-01   1.4375638000000001E+02
       982         1         1        11
  -2.7642953538530088E+00   9.5758000000000076E-01   1.4609165600000000E+02
       983         1         1        11
  -2.7642953538530088E+00   9.5758000000000076E-01   1.4842693199999999E+02
       984         1         1        11
  -2.7642953538530088E+00   9.5758000000000076E-01   1.5076220800000002E+02
       985         1         1        11
  -2.7642953538530088E+00   9.5758000000000076E-01   1.5309748400000001E+02
       986         1         1        11
  -2.7642953538530088E+00   9.5758000000000076E-01   1.5543276000000000E+02
       987         1         1        11
  -2.2114362830824073E+00   8.8817841970012523E-16   1.3441527600000001E+02
       988         1         1        11
  -2.2114362830824073E+00   8.8817841970012523E-16   1.3675055200000000E+02
       989         1         1        11
  -2.2114362830824073E+00   8.8817841970012523E-16   1.3908582800000002E+02
       990         1         1        11
  -2.2114362830824073E+00   8.8817841970012523E-16   1.4142110400000001E+02
       991         1         1        11
  -2.2114362830824073E+00   8.8817841970012523E-16   1.4375638000000001E+02
       992         1         1        11
  -2.2114362830824073E+00   8.8817841970012523E-16   1.4609165600000000E+02
       993         1         1        11
  -2.2114362830824073E+00   8.8817841970012523E-16   1.4842693199999999E+02
       994         1         1        11
  -2.2114362830824073E+00   8.8817841970012523E-16   1.5076220800000002E+02
       995         1         1        11
  -2.2114362830824073E+00   8.8817841970012523E-16   1.5309748400000001E+02
       996         1         1        11
  -2.2114362830824073E+00   8.8817841970012523E-16   1.5543276000000000E+02
       997         1         1        11
  -1.6585772123118054E+00   9.5758000000000043E-01   1.3441527600000001E+02
       998         1         1        11
  -1.6585772123118054E+00   9.5758000000000043E-01   1.3675055200000000E+02
       999         1         1        11
  -1.6585772123118054E+00   9.5758000000000043E-01   1.3908582800000002E+02
      1000         1         1        11
  -1.6585772123118054E+00   9.5758000000000043E-01   1.4142110400000001E+02
      1001         1         1        11
  -1.6585772123118054E+00   9.5758000000000043E-01   1.4375638000000001E+02
      1002         1         1        11
  -1.6585772123118054E+00   9.5758000000000043E-01   1.4609165600000000E+02
      1003         1         1        11
  -1.6585772123118054E+00   9.5758000000000043E-01   1.4842693199999999E+02
      1004         1         1        11
  -1.6585772123118054E+00   9.5758000000000043E-01   1.5076220800000002E+02
      1005         1         1        11
  -1.6585772123118054E+00   9.5758000000000043E-01   1.5309748400000001E+02
      1006         1         1        11
  -1.6585772123118054E+00   9.5758000000000043E-01   1.5543276000000000E+02
      1007         1         1        11
  -2.7642953538530097E+00  -9.5757999999999932E-01   1.3441527600000001E+02
      1008         1         1        11
  -2.7642953538530097E+00  -9.5757999999999932E-01   1.3675055200000000E+02
      1009         1         1        11
  -2.7642953538530097E+00  -9.5757999999999932E-01   1.3908582800000002E+02
      1010         1         1        11
  -2.7642953538530097E+00  -9.5757999999999932E-01   1.4142110400000001E+02
      1011         1         1        11
  -2.7642953538530097E+00  -9.5757999999999932E-01   1.4375638000000001E+02
      1012         1         1        11
  -2.7642953538530097E+00  -9.5757999999999932E-01   1.4609165600000000E+02
      1013         1         1        11
  -2.7642953538530097E+00  -9.5757999999999932E-01   1.4842693199999999E+02
      1014         1         1        11
  -2.7642953538530097E+00  -9.5757999999999932E-01   1.5076220800000002E+02
      1015         1         1        11
  -2.7642953538530097E+00  -9.5757999999999932E-01   1.5309748400000001E+02
      1016         1         1        11
  -2.7642953538530097E+00  -9.5757999999999932E-01   1.5543276000000000E+02
      1017         1         1        11
  -2.2114362830824081E+00  -1.9151599999999993E+00   1.3441527600000001E+02
      1018         1         1        11
  -2.2114362830824081E+00  -1.9151599999999993E+00   1.3675055200000000E+02
      1019         1         1        11
  -2.2114362830824081E+00  -1.9151599999999993E+00   1.3908582800000002E+02
      1020         1         1        11
  -2.2114362830824081E+00  -1.9151599999999993E+00   1.4142110400000001E+02
      1021         1         1        11
  -2.2114362830824081E+00  -1.9151599999999993E+00   1.4375638000000001E+02
      1022         1         1        11
  -2.2114362830824081E+00  -1.9151599999999993E+00   1.4609165600000000E+02
      1023         1         1        11
  -2.2114362830824081E+00  -1.9151599999999993E+00   1.4842693199999999E+02
      1024         1         1        11
  -2.2114362830824081E+00  -1.9151599999999993E+00   1.5076220800000002E+02
      1025         1         1        11
  -2.2114362830824081E+00  -1.9151599999999993E+00   1.5309748400000001E+02
      1026         1         1        11
  -2.2114362830824081E+00  -1.9151599999999993E+00   1.5543276000000000E+02
      1027         1         1        11
  -1.1057181415412050E+00  -1.9151599999999998E+00   1.3441527600000001E+02
      1028         1         1        11
  -1.1057181415412050E+00  -1.9151599999999998E+00   1.3675055200000000E+02
      1029         1         1        11
  -1.1057181415412050E+00  -1.9151599999999998E+00   1.3908582800000002E+02
      1030         1         1        11
  -1.1057181415412050E+00  -1.9151599999999998E+00   1.4142110400000001E+02
      1031         1         1        11
  -1.1057181415412050E+00  -1.9151599999999998E+00   1.4375638000000001E+02
      1032         1         1        11
  -1.1057181415412050E+00  -1.9151599999999998E+00   1.4609165600000000E+02
      1033         1         1        11
  -1.1057181415412050E+00  -1.9151599999999998E+00   1.4842693199999999E+02
      1034         1         1        11
  -1.1057181415412050E+00  -1.9151599999999998E+00   1.5076220800000002E+02
      1035         1         1        11
  -1.1057181415412050E+00  -1.9151599999999998E+00   1.5309748400000001E+02
      1036         1         1        11
  -1.1057181415412050E+00  -1.9151599999999998E+00   1.5543276000000000E+02
      1037         1         1        11
  -1.6585772123118061E+00  -9.5757999999999965E-01   1.3441527600000001E+02
      1038         1         1        11
  -1.6585772123118061E+00  -9.5757999999999965E-01   1.3675055200000000E+02
      1039         1         1        11
  -1.6585772123118061E+00  -9.5757999999999965E-01   1.3908582800000002E+02
      1040         1         1        11
  -1.6585772123118061E+00  -9.5757999999999965E-01   1.4142110400000001E+02
      1041         1         1        11
  -1.6585772123118061E+00  -9.5757999999999965E-01   1.4375638000000001E+02
      1042         1         1        11
  -1.6585772123118061E+00  -9.5757999999999965E-01   1.4609165600000000E+02
      1043         1         1        11
  -1.6585772123118061E+00  -9.5757999999999965E-01   1.4842693199999999E+02
      1044         1         1        11
  -1.6585772123118061E+00  -9.5757999999999965E-01   1.5076220800000002E+02
      1045         1         1        11
  -1.6585772123118061E+00  -9.5757999999999965E-01   1.5309748400000001E+02
      1046         1         1        11
  -1.6585772123118061E+00  -9.5757999999999965E-01   1.5543276000000000E+02
      1047         1         1        11
   1.1057181415412032E+00  -1.9151600000000000E+00   1.3441527600000001E+02
      1048         1         1        11
   1.1057181415412032E+00  -1.9151600000000000E+00   1.3675055200000000E+02
      1049         1         1        11
   1.1057181415412032E+00  -1.9151600000000000E+00   1.3908582800000002E+02
      1050         1         1        11
   1.1057181415412032E+00  -1.9151600000000000E+00   1.4142110400000001E+02
      1051         1         1        11
   1.1057181415412032E+00  -1.9151600000000000E+00   1.4375638000000001E+02
      1052         1         1        11
   1.1057181415412032E+00  -1.9151600000000000E+00   1.4609165600000000E+02
      1053         1         1        11
   1.1057181415412032E+00  -1.9151600000000000E+00   1.4842693199999999E+02
      1054         1         1        11
   1.1057181415412032E+00  -1.9151600000000000E+00   1.5076220800000002E+02
      1055         1         1        11
   1.1057181415412032E+00  -1.9151600000000000E+00   1.5309748400000001E+02
      1056         1         1        11
   1.1057181415412032E+00  -1.9151600000000000E+00   1.5543276000000000E+02
      1057         1         1        11
  -5.5285907077060259E-01  -2.8727399999999998E+00   1.3441527600000001E+02
      1058         1         1        11
  -5.5285907077060259E-01  -2.8727399999999998E+00   1.3675055200000000E+02
      1059         1         1        11
  -5.5285907077060259E-01  -2.8727399999999998E+00   1.3908582800000002E+02
      1060         1         1        11
  -5.5285907077060259E-01  -2.8727399999999998E+00   1.4142110400000001E+02
      1061         1         1        11
  -5.5285907077060259E-01  -2.8727399999999998E+00   1.4375638000000001E+02
      1062         1         1        11
  -5.5285907077060259E-01  -2.8727399999999998E+00   1.4609165600000000E+02
      1063         1         1        11
  -5.5285907077060259E-01  -2.8727399999999998E+00   1.4842693199999999E+02
      1064         1         1        11
  -5.5285907077060259E-01  -2.8727399999999998E+00   1.5076220800000002E+02
      1065         1         1        11
  -5.5285907077060259E-01  -2.8727399999999998E+00   1.5309748400000001E+02
      1066         1         1        11
  -5.5285907077060259E-01  -2.8727399999999998E+00   1.5543276000000000E+02
      1067         1         1        11
   5.5285907077060070E-01  -2.8727400000000003E+00   1.3441527600000001E+02
      1068         1         1        11
   5.5285907077060070E-01  -2.8727400000000003E+00   1.3675055200000000E+02
      1069         1         1        11
   5.5285907077060070E-01  -2.8727400000000003E+00   1.3908582800000002E+02
      1070         1         1        11
   5.5285907077060070E-01  -2.8727400000000003E+00   1.4142110400000001E+02
      1071         1         1        11
   5.5285907077060070E-01  -2.8727400000000003E+00   1.4375638000000001E+02
      1072         1         1        11
   5.5285907077060070E-01  -2.8727400000000003E+00   1.4609165600000000E+02
      1073         1         1        11
   5.5285907077060070E-01  -2.8727400000000003E+00   1.4842693199999999E+02
      1074         1         1        11
   5.5285907077060070E-01  -2.8727400000000003E+00   1.5076220800000002E+02
      1075         1         1        11
   5.5285907077060070E-01  -2.8727400000000003E+00   1.5309748400000001E+02
      1076         1         1        11
   5.5285907077060070E-01  -2.8727400000000003E+00   1.5543276000000000E+02
      1077         1         1        11
  -5.4614824782057220E-16  -1.9151600000000002E+00   1.3441527600000001E+02
      1078         1         1        11
  -5.4614824782057220E-16  -1.9151600000000002E+00   1.3675055200000000E+02
      1079         1         1        11
  -5.4614824782057220E-16  -1.9151600000000002E+00   1.3908582800000002E+02
      1080         1         1        11
  -5.4614824782057220E-16  -1.9151600000000002E+00   1.4142110400000001E+02
      1081         1         1        11
  -5.4614824782057220E-16  -1.9151600000000002E+00   1.4375638000000001E+02
      1082         1         1        11
  -5.4614824782057220E-16  -1.9151600000000002E+00   1.4609165600000000E+02
      1083         1         1        11
  -5.4614824782057220E-16  -1.9151600000000002E+00   1.4842693199999999E+02
      1084         1         1        11
  -5.4614824782057220E-16  -1.9151600000000002E+00   1.5076220800000002E+02
      1085         1         1        11
  -5.4614824782057220E-16  -1.9151600000000002E+00   1.5309748400000001E+02
      1086         1         1        11
  -5.4614824782057220E-16  -1.9151600000000002E+00   1.5543276000000000E+02
      1087         1         1        11
   2.7642953538530088E+00  -9.5758000000000087E-01   1.3441527600000001E+02
      1088         1         1        11
   2.7642953538530088E+00  -9.5758000000000087E-01   1.3675055200000000E+02
      1089         1         1        11
   2.7642953538530088E+00  -9.5758000000000087E-01   1.3908582800000002E+02
      1090         1         1        11
   2.7642953538530088E+00  -9.5758000000000087E-01   1.4142110400000001E+02
      1091         1         1        11
   2.7642953538530088E+00  -9.5758000000000087E-01   1.4375638000000001E+02
      1092         1         1        11
   2.7642953538530088E+00  -9.5758000000000087E-01   1.4609165600000000E+02
      1093         1         1        11
   2.7642953538530088E+00  -9.5758000000000087E-01   1.4842693199999999E+02
      1094         1         1        11
   2.7642953538530088E+00  -9.5758000000000087E-01   1.5076220800000002E+02
      1095         1         1        11
   2.7642953538530088E+00  -9.5758000000000087E-01   1.5309748400000001E+02
      1096         1         1        11
   2.7642953538530088E+00  -9.5758000000000087E-01   1.5543276000000000E+02
      1097         1         1        11
   2.2114362830824059E+00  -1.9151600000000013E+00   1.3441527600000001E+02
      1098         1         1        11
   2.2114362830824059E+00  -1.9151600000000013E+00   1.3675055200000000E+02
      1099         1         1        11
   2.2114362830824059E+00  -1.9151600000000013E+00   1.3908582800000002E+02
      1100         1         1        11
   2.2114362830824059E+00  -1.9151600000000013E+00   1.4142110400000001E+02
      1101         1         1        11
   2.2114362830824059E+00  -1.9151600000000013E+00   1.4375638000000001E+02
      1102         1         1        11
   2.2114362830824059E+00  -1.9151600000000013E+00   1.4609165600000000E+02
      1103         1         1        11
   2.2114362830824059E+00  -1.9151600000000013E+00   1.4842693199999999E+02
      1104         1         1        11
   2.2114362830824059E+00  -1.9151600000000013E+00   1.5076220800000002E+02
      1105         1         1        11
   2.2114362830824059E+00  -1.9151600000000013E+00   1.5309748400000001E+02
      1106         1         1        11
   2.2114362830824059E+00  -1.9151600000000013E+00   1.5543276000000000E+02
      1107         1         1        11
   1.6585772123118048E+00  -9.5758000000000110E-01   1.3441527600000001E+02
      1108         1         1        11
   1.6585772123118048E+00  -9.5758000000000110E-01   1.3675055200000000E+02
      1109         1         1        11
   1.6585772123118048E+00  -9.5758000000000110E-01   1.3908582800000002E+02
      1110         1         1        11
   1.6585772123118048E+00  -9.5758000000000110E-01   1.4142110400000001E+02
      1111         1         1        11
   1.6585772123118048E+00  -9.5758000000000110E-01   1.4375638000000001E+02
      1112         1         1        11
   1.6585772123118048E+00  -9.5758000000000110E-01   1.4609165600000000E+02
      1113         1         1        11
   1.6585772123118048E+00  -9.5758000000000110E-01   1.4842693199999999E+02
      1114         1         1        11
   1.6585772123118048E+00  -9.5758000000000110E-01   1.5076220800000002E+02
      1115         1         1        11
   1.6585772123118048E+00  -9.5758000000000110E-01   1.5309748400000001E+02
      1116         1         1        11
   1.6585772123118048E+00  -9.5758000000000110E-01   1.5543276000000000E+02
      1117         1         1        11
   1.1057181415412036E+00   0.0000000000000000E+00  -2.3352759999999989E+01
      1118         1         1        11
   5.5285907077060192E-01   9.5757999999999988E-01  -2.3352759999999989E+01
      1119         1         1        11
  -5.5285907077060159E-01   9.5757999999999999E-01  -2.3352759999999989E+01
      1120         1         1        11
  -1.1057181415412036E+00   1.3541141827975950E-16  -2.3352759999999989E+01
      1121         1         1        11
  -5.5285907077060226E-01  -9.5757999999999976E-01  -2.3352759999999989E+01
      1122         1         1        11
   5.5285907077060104E-01  -9.5758000000000043E-01  -2.3352759999999989E+01
      1123         1         1        11
  -1.9433906324231551E-16  -1.9509284103464685E-16  -2.3352759999999989E+01
      1124         1         1        11
   5.5285907077060192E-01   9.5757999999999988E-01  -2.1017483999999989E+01
      1125         1         1        11
   1.1057181415412036E+00   0.0000000000000000E+00  -2.1017483999999989E+01
      1126         1         1        11
   5.5285907077060192E-01   9.5757999999999988E-01  -1.8682207999999992E+01
      1127         1         1        11
   1.1057181415412036E+00   0.0000000000000000E+00  -1.8682207999999992E+01
      1128         1         1        11
   5.5285907077060192E-01   9.5757999999999988E-01  -1.6346931999999992E+01
      1129         1         1        11
   1.1057181415412036E+00   0.0000000000000000E+00  -1.6346931999999992E+01
      1130         1         1        11
   5.5285907077060192E-01   9.5757999999999988E-01  -1.4011655999999993E+01
      1131         1         1        11
   1.1057181415412036E+00   0.0000000000000000E+00  -1.4011655999999993E+01
      1132         1         1        11
   5.5285907077060192E-01   9.5757999999999988E-01  -1.1676379999999995E+01
      1133         1         1        11
   1.1057181415412036E+00   0.0000000000000000E+00  -1.1676379999999995E+01
      1134         1         1        11
   5.5285907077060192E-01   9.5757999999999988E-01  -9.3411039999999961E+00
      1135         1         1        11
   1.1057181415412036E+00   0.0000000000000000E+00  -9.3411039999999961E+00
      1136         1         1        11
   5.5285907077060192E-01   9.5757999999999988E-01  -7.0058279999999975E+00
      1137         1         1        11
   1.1057181415412036E+00   0.0000000000000000E+00  -7.0058279999999975E+00
      1138         1         1        11
   5.5285907077060192E-01   9.5757999999999988E-01  -4.6705519999999972E+00
      1139         1         1        11
   1.1057181415412036E+00   0.0000000000000000E+00  -4.6705519999999972E+00
      1140         1         1        11
   5.5285907077060192E-01   9.5757999999999988E-01  -2.3352759999999968E+00
      1141         1         1        11
   1.1057181415412036E+00   0.0000000000000000E+00  -2.3352759999999968E+00
      1142         1         1        11
  -5.5285907077060159E-01   9.5757999999999999E-01  -2.1017483999999989E+01
      1143         1         1        11
  -5.5285907077060159E-01   9.5757999999999999E-01  -1.8682207999999992E+01
      1144         1         1        11
  -5.5285907077060159E-01   9.5757999999999999E-01  -1.6346931999999992E+01
      1145         1         1        11
  -5.5285907077060159E-01   9.5757999999999999E-01  -1.4011655999999993E+01
      1146         1         1        11
  -5.5285907077060159E-01   9.5757999999999999E-01  -1.1676379999999995E+01
      1147         1         1        11
  -5.5285907077060159E-01   9.5757999999999999E-01  -9.3411039999999961E+00
      1148         1         1        11
  -5.5285907077060159E-01   9.5757999999999999E-01  -7.0058279999999975E+00
      1149         1         1        11
  -5.5285907077060159E-01   9.5757999999999999E-01  -4.6705519999999972E+00
      1150         1         1        11
  -5.5285907077060159E-01   9.5757999999999999E-01  -2.3352759999999968E+00
      1151         1         1        11
  -1.1057181415412036E+00   1.3541141827975950E-16  -2.1017483999999989E+01
      1152         1         1        11
  -1.1057181415412036E+00   1.3541141827975950E-16  -1.8682207999999992E+01
      1153         1         1        11
  -1.1057181415412036E+00   1.3541141827975950E-16  -1.6346931999999992E+01
      1154         1         1        11
  -1.1057181415412036E+00   1.3541141827975950E-16  -1.4011655999999993E+01
      1155         1         1        11
  -1.1057181415412036E+00   1.3541141827975950E-16  -1.1676379999999995E+01
      1156         1         1        11
  -1.1057181415412036E+00   1.3541141827975950E-16  -9.3411039999999961E+00
      1157         1         1        11
  -1.1057181415412036E+00   1.3541141827975950E-16  -7.0058279999999975E+00
      1158         1         1        11
  -1.1057181415412036E+00   1.3541141827975950E-16  -4.6705519999999972E+00
      1159         1         1        11
  -1.1057181415412036E+00   1.3541141827975950E-16  -2.3352759999999968E+00
      1160         1         1        11
  -5.5285907077060226E-01  -9.5757999999999976E-01  -2.1017483999999989E+01
      1161         1         1        11
  -5.5285907077060226E-01  -9.5757999999999976E-01  -1.8682207999999992E+01
      1162         1         1        11
  -5.5285907077060226E-01  -9.5757999999999976E-01  -1.6346931999999992E+01
      1163         1         1        11
  -5.5285907077060226E-01  -9.5757999999999976E-01  -1.4011655999999993E+01
      1164         1         1        11
  -5.5285907077060226E-01  -9.5757999999999976E-01  -1.1676379999999995E+01
      1165         1         1        11
  -5.5285907077060226E-01  -9.5757999999999976E-01  -9.3411039999999961E+00
      1166         1         1        11
  -5.5285907077060226E-01  -9.5757999999999976E-01  -7.0058279999999975E+00
      1167         1         1        11
  -5.5285907077060226E-01  -9.5757999999999976E-01  -4.6705519999999972E+00
      1168         1         1        11
  -5.5285907077060226E-01  -9.5757999999999976E-01  -2.3352759999999968E+00
      1169         1         1        11
   5.5285907077060104E-01  -9.5758000000000043E-01  -2.1017483999999989E+01
      1170         1         1        11
   5.5285907077060104E-01  -9.5758000000000043E-01  -1.8682207999999992E+01
      1171         1         1        11
   5.5285907077060104E-01  -9.5758000000000043E-01  -1.6346931999999992E+01
      1172         1         1        11
   5.5285907077060104E-01  -9.5758000000000043E-01  -1.4011655999999993E+01
      1173         1         1        11
   5.5285907077060104E-01  -9.5758000000000043E-01  -1.1676379999999995E+01
      1174         1         1        11
   5.5285907077060104E-01  -9.5758000000000043E-01  -9.3411039999999961E+00
      1175         1         1        11
   5.5285907077060104E-01  -9.5758000000000043E-01  -7.0058279999999975E+00
      1176         1         1        11
   5.5285907077060104E-01  -9.5758000000000043E-01  -4.6705519999999972E+00
      1177         1         1        11
   5.5285907077060104E-01  -9.5758000000000043E-01  -2.3352759999999968E+00
      1178         1         1        11
  -1.9433906324231551E-16  -1.9509284103464685E-16  -2.1017483999999989E+01
      1179         1         1        11
  -1.9433906324231551E-16  -1.9509284103464685E-16  -1.8682207999999992E+01
      1180         1         1        11
  -1.9433906324231551E-16  -1.9509284103464685E-16  -1.6346931999999992E+01
      1181         1         1        11
  -1.9433906324231551E-16  -1.9509284103464685E-16  -1.4011655999999993E+01
      1182         1         1        11
  -1.9433906324231551E-16  -1.9509284103464685E-16  -1.1676379999999995E+01
      1183         1         1        11
  -1.9433906324231551E-16  -1.9509284103464685E-16  -9.3411039999999961E+00
      1184         1         1        11
  -1.9433906324231551E-16  -1.9509284103464685E-16  -7.0058279999999975E+00
      1185         1         1        11
  -1.9433906324231551E-16  -1.9509284103464685E-16  -4.6705519999999972E+00
      1186         1         1        11
  -1.9433906324231551E-16  -1.9509284103464685E-16  -2.3352759999999968E+00
      1187         1         1        11
   2.7642953538530093E+00   9.5757999999999988E-01  -2.3352759999999989E+01
      1188         1         1        11
   2.2114362830824077E+00   1.9151599999999998E+00  -2.3352759999999989E+01
      1189         1         1        11
   1.1057181415412041E+00   1.9151599999999998E+00  -2.3352759999999989E+01
      1190         1         1        11
   2.2114362830824068E+00  -5.5511151231257827E-16  -2.3352759999999989E+01
      1191         1         1        11
   1.6585772123118054E+00   9.5757999999999965E-01  -2.3352759999999989E+01
      1192         1         1        11
   2.2114362830824077E+00   1.9151599999999998E+00  -2.1017483999999989E+01
      1193         1         1        11
   2.7642953538530093E+00   9.5757999999999988E-01  -2.1017483999999989E+01
      1194         1         1        11
   2.2114362830824077E+00   1.9151599999999998E+00  -1.8682207999999992E+01
      1195         1         1        11
   2.7642953538530093E+00   9.5757999999999988E-01  -1.8682207999999992E+01
      1196         1         1        11
   2.2114362830824077E+00   1.9151599999999998E+00  -1.6346931999999992E+01
      1197         1         1        11
   2.7642953538530093E+00   9.5757999999999988E-01  -1.6346931999999992E+01
      1198         1         1        11
   2.2114362830824077E+00   1.9151599999999998E+00  -1.4011655999999993E+01
      1199         1         1        11
   2.7642953538530093E+00   9.5757999999999988E-01  -1.4011655999999993E+01
      1200         1         1        11
   2.2114362830824077E+00   1.9151599999999998E+00  -1.1676379999999995E+01
      1201         1         1        11
   2.7642953538530093E+00   9.5757999999999988E-01  -1.1676379999999995E+01
      1202         1         1        11
   2.2114362830824077E+00   1.9151599999999998E+00  -9.3411039999999961E+00
      1203         1         1        11
   2.7642953538530093E+00   9.5757999999999988E-01  -9.3411039999999961E+00
      1204         1         1        11
   2.2114362830824077E+00   1.9151599999999998E+00  -7.0058279999999975E+00
      1205         1         1        11
   2.7642953538530093E+00   9.5757999999999988E-01  -7.0058279999999975E+00
      1206         1         1        11
   2.2114362830824077E+00   1.9151599999999998E+00  -4.6705519999999972E+00
      1207         1         1        11
   2.7642953538530093E+00   9.5757999999999988E-01  -4.6705519999999972E+00
      1208         1         1        11
   2.2114362830824077E+00   1.9151599999999998E+00  -2.3352759999999968E+00
      1209         1         1        11
   2.7642953538530093E+00   9.5757999999999988E-01  -2.3352759999999968E+00
      1210         1         1        11
   1.1057181415412041E+00   1.9151599999999998E+00  -2.1017483999999989E+01
      1211         1         1        11
   1.1057181415412041E+00   1.9151599999999998E+00  -1.8682207999999992E+01
      1212         1         1        11
   1.1057181415412041E+00   1.9151599999999998E+00  -1.6346931999999992E+01
      1213         1         1        11
   1.1057181415412041E+00   1.9151599999999998E+00  -1.4011655999999993E+01
      1214         1         1        11
   1.1057181415412041E+00   1.9151599999999998E+00  -1.1676379999999995E+01
      1215         1         1        11
   1.1057181415412041E+00   1.9151599999999998E+00  -9.3411039999999961E+00
      1216         1         1        11
   1.1057181415412041E+00   1.9151599999999998E+00  -7.0058279999999975E+00
      1217         1         1        11
   1.1057181415412041E+00   1.9151599999999998E+00  -4.6705519999999972E+00
      1218         1         1        11
   1.1057181415412041E+00   1.9151599999999998E+00  -2.3352759999999968E+00
      1219         1         1        11
   2.2114362830824068E+00  -5.5511151231257827E-16  -2.1017483999999989E+01
      1220         1         1        11
   2.2114362830824068E+00  -5.5511151231257827E-16  -1.8682207999999992E+01
      1221         1         1        11
   2.2114362830824068E+00  -5.5511151231257827E-16  -1.6346931999999992E+01
      1222         1         1        11
   2.2114362830824068E+00  -5.5511151231257827E-16  -1.4011655999999993E+01
      1223         1         1        11
   2.2114362830824068E+00  -5.5511151231257827E-16  -1.1676379999999995E+01
      1224         1         1        11
   2.2114362830824068E+00  -5.5511151231257827E-16  -9.3411039999999961E+00
      1225         1         1        11
   2.2114362830824068E+00  -5.5511151231257827E-16  -7.0058279999999975E+00
      1226         1         1        11
   2.2114362830824068E+00  -5.5511151231257827E-16  -4.6705519999999972E+00
      1227         1         1        11
   2.2114362830824068E+00  -5.5511151231257827E-16  -2.3352759999999968E+00
      1228         1         1        11
   1.6585772123118054E+00   9.5757999999999965E-01  -2.1017483999999989E+01
      1229         1         1        11
   1.6585772123118054E+00   9.5757999999999965E-01  -1.8682207999999992E+01
      1230         1         1        11
   1.6585772123118054E+00   9.5757999999999965E-01  -1.6346931999999992E+01
      1231         1         1        11
   1.6585772123118054E+00   9.5757999999999965E-01  -1.4011655999999993E+01
      1232         1         1        11
   1.6585772123118054E+00   9.5757999999999965E-01  -1.1676379999999995E+01
      1233         1         1        11
   1.6585772123118054E+00   9.5757999999999965E-01  -9.3411039999999961E+00
      1234         1         1        11
   1.6585772123118054E+00   9.5757999999999965E-01  -7.0058279999999975E+00
      1235         1         1        11
   1.6585772123118054E+00   9.5757999999999965E-01  -4.6705519999999972E+00
      1236         1         1        11
   1.6585772123118054E+00   9.5757999999999965E-01  -2.3352759999999968E+00
      1237         1         1        11
   5.5285907077060203E-01   2.8727399999999998E+00  -2.3352759999999989E+01
      1238         1         1        11
  -5.5285907077060148E-01   2.8727399999999998E+00  -2.3352759999999989E+01
      1239         1         1        11
  -1.1057181415412034E+00   1.9151600000000002E+00  -2.3352759999999989E+01
      1240         1         1        11
  -7.7069335049563277E-17   1.9151599999999998E+00  -2.3352759999999989E+01
      1241         1         1        11
   5.5285907077060203E-01   2.8727399999999998E+00  -2.1017483999999989E+01
      1242         1         1        11
   5.5285907077060203E-01   2.8727399999999998E+00  -1.8682207999999992E+01
      1243         1         1        11
   5.5285907077060203E-01   2.8727399999999998E+00  -1.6346931999999992E+01
      1244         1         1        11
   5.5285907077060203E-01   2.8727399999999998E+00  -1.4011655999999993E+01
      1245         1         1        11
   5.5285907077060203E-01   2.8727399999999998E+00  -1.1676379999999995E+01
      1246         1         1        11
   5.5285907077060203E-01   2.8727399999999998E+00  -9.3411039999999961E+00
      1247         1         1        11
   5.5285907077060203E-01   2.8727399999999998E+00  -7.0058279999999975E+00
      1248         1         1        11
   5.5285907077060203E-01   2.8727399999999998E+00  -4.6705519999999972E+00
      1249         1         1        11
   5.5285907077060203E-01   2.8727399999999998E+00  -2.3352759999999968E+00
      1250         1         1        11
  -5.5285907077060148E-01   2.8727399999999998E+00  -2.1017483999999989E+01
      1251         1         1        11
  -5.5285907077060148E-01   2.8727399999999998E+00  -1.8682207999999992E+01
      1252         1         1        11
  -5.5285907077060148E-01   2.8727399999999998E+00  -1.6346931999999992E+01
      1253         1         1        11
  -5.5285907077060148E-01   2.8727399999999998E+00  -1.4011655999999993E+01
      1254         1         1        11
  -5.5285907077060148E-01   2.8727399999999998E+00  -1.1676379999999995E+01
      1255         1         1        11
  -5.5285907077060148E-01   2.8727399999999998E+00  -9.3411039999999961E+00
      1256         1         1        11
  -5.5285907077060148E-01   2.8727399999999998E+00  -7.0058279999999975E+00
      1257         1         1        11
  -5.5285907077060148E-01   2.8727399999999998E+00  -4.6705519999999972E+00
      1258         1         1        11
  -5.5285907077060148E-01   2.8727399999999998E+00  -2.3352759999999968E+00
      1259         1         1        11
  -1.1057181415412034E+00   1.9151600000000002E+00  -2.1017483999999989E+01
      1260         1         1        11
  -1.1057181415412034E+00   1.9151600000000002E+00  -1.8682207999999992E+01
      1261         1         1        11
  -1.1057181415412034E+00   1.9151600000000002E+00  -1.6346931999999992E+01
      1262         1         1        11
  -1.1057181415412034E+00   1.9151600000000002E+00  -1.4011655999999993E+01
      1263         1         1        11
  -1.1057181415412034E+00   1.9151600000000002E+00  -1.1676379999999995E+01
      1264         1         1        11
  -1.1057181415412034E+00   1.9151600000000002E+00  -9.3411039999999961E+00
      1265         1         1        11
  -1.1057181415412034E+00   1.9151600000000002E+00  -7.0058279999999975E+00
      1266         1         1        11
  -1.1057181415412034E+00   1.9151600000000002E+00  -4.6705519999999972E+00
      1267         1         1        11
  -1.1057181415412034E+00   1.9151600000000002E+00  -2.3352759999999968E+00
      1268         1         1        11
  -7.7069335049563277E-17   1.9151599999999998E+00  -2.1017483999999989E+01
      1269         1         1        11
  -7.7069335049563277E-17   1.9151599999999998E+00  -1.8682207999999992E+01
      1270         1         1        11
  -7.7069335049563277E-17   1.9151599999999998E+00  -1.6346931999999992E+01
      1271         1         1        11
  -7.7069335049563277E-17   1.9151599999999998E+00  -1.4011655999999993E+01
      1272         1         1        11
  -7.7069335049563277E-17   1.9151599999999998E+00  -1.1676379999999995E+01
      1273         1         1        11
  -7.7069335049563277E-17   1.9151599999999998E+00  -9.3411039999999961E+00
      1274         1         1        11
  -7.7069335049563277E-17   1.9151599999999998E+00  -7.0058279999999975E+00
      1275         1         1        11
  -7.7069335049563277E-17   1.9151599999999998E+00  -4.6705519999999972E+00
      1276         1         1        11
  -7.7069335049563277E-17   1.9151599999999998E+00  -2.3352759999999968E+00
      1277         1         1        11
  -2.2114362830824068E+00   1.9151600000000006E+00  -2.3352759999999989E+01
      1278         1         1        11
  -2.7642953538530088E+00   9.5758000000000076E-01  -2.3352759999999989E+01
      1279         1         1        11
  -2.2114362830824073E+00   8.8817841970012523E-16  -2.3352759999999989E+01
      1280         1         1        11
  -1.6585772123118054E+00   9.5758000000000043E-01  -2.3352759999999989E+01
      1281         1         1        11
  -2.2114362830824068E+00   1.9151600000000006E+00  -2.1017483999999989E+01
      1282         1         1        11
  -2.2114362830824068E+00   1.9151600000000006E+00  -1.8682207999999992E+01
      1283         1         1        11
  -2.2114362830824068E+00   1.9151600000000006E+00  -1.6346931999999992E+01
      1284         1         1        11
  -2.2114362830824068E+00   1.9151600000000006E+00  -1.4011655999999993E+01
      1285         1         1        11
  -2.2114362830824068E+00   1.9151600000000006E+00  -1.1676379999999995E+01
      1286         1         1        11
  -2.2114362830824068E+00   1.9151600000000006E+00  -9.3411039999999961E+00
      1287         1         1        11
  -2.2114362830824068E+00   1.9151600000000006E+00  -7.0058279999999975E+00
      1288         1         1        11
  -2.2114362830824068E+00   1.9151600000000006E+00  -4.6705519999999972E+00
      1289         1         1        11
  -2.2114362830824068E+00   1.9151600000000006E+00  -2.3352759999999968E+00
      1290         1         1        11
  -2.7642953538530088E+00   9.5758000000000076E-01  -2.1017483999999989E+01
      1291         1         1        11
  -2.7642953538530088E+00   9.5758000000000076E-01  -1.8682207999999992E+01
      1292         1         1        11
  -2.7642953538530088E+00   9.5758000000000076E-01  -1.6346931999999992E+01
      1293         1         1        11
  -2.7642953538530088E+00   9.5758000000000076E-01  -1.4011655999999993E+01
      1294         1         1        11
  -2.7642953538530088E+00   9.5758000000000076E-01  -1.1676379999999995E+01
      1295         1         1        11
  -2.7642953538530088E+00   9.5758000000000076E-01  -9.3411039999999961E+00
      1296         1         1        11
  -2.7642953538530088E+00   9.5758000000000076E-01  -7.0058279999999975E+00
      1297         1         1        11
  -2.7642953538530088E+00   9.5758000000000076E-01  -4.6705519999999972E+00
      1298         1         1        11
  -2.7642953538530088E+00   9.5758000000000076E-01  -2.3352759999999968E+00
      1299         1         1        11
  -2.2114362830824073E+00   8.8817841970012523E-16  -2.1017483999999989E+01
      1300         1         1        11
  -2.2114362830824073E+00   8.8817841970012523E-16  -1.8682207999999992E+01
      1301         1         1        11
  -2.2114362830824073E+00   8.8817841970012523E-16  -1.6346931999999992E+01
      1302         1         1        11
  -2.2114362830824073E+00   8.8817841970012523E-16  -1.4011655999999993E+01
      1303         1         1        11
  -2.2114362830824073E+00   8.8817841970012523E-16  -1.1676379999999995E+01
      1304         1         1        11
  -2.2114362830824073E+00   8.8817841970012523E-16  -9.3411039999999961E+00
      1305         1         1        11
  -2.2114362830824073E+00   8.8817841970012523E-16  -7.0058279999999975E+00
      1306         1         1        11
  -2.2114362830824073E+00   8.8817841970012523E-16  -4.6705519999999972E+00
      1307         1         1        11
  -2.2114362830824073E+00   8.8817841970012523E-16  -2.3352759999999968E+00
      1308         1         1        11
  -1.6585772123118054E+00   9.5758000000000043E-01  -2.1017483999999989E+01
      1309         1         1        11
  -1.6585772123118054E+00   9.5758000000000043E-01  -1.8682207999999992E+01
      1310         1         1        11
  -1.6585772123118054E+00   9.5758000000000043E-01  -1.6346931999999992E+01
      1311         1         1        11
  -1.6585772123118054E+00   9.5758000000000043E-01  -1.4011655999999993E+01
      1312         1         1        11
  -1.6585772123118054E+00   9.5758000000000043E-01  -1.1676379999999995E+01
      1313         1         1        11
  -1.6585772123118054E+00   9.5758000000000043E-01  -9.3411039999999961E+00
      1314         1         1        11
  -1.6585772123118054E+00   9.5758000000000043E-01  -7.0058279999999975E+00
      1315         1         1        11
  -1.6585772123118054E+00   9.5758000000000043E-01  -4.6705519999999972E+00
      1316         1         1        11
  -1.6585772123118054E+00   9.5758000000000043E-01  -2.3352759999999968E+00
      1317         1         1        11
  -2.7642953538530097E+00  -9.5757999999999932E-01  -2.3352759999999989E+01
      1318         1         1        11
  -2.2114362830824081E+00  -1.9151599999999993E+00  -2.3352759999999989E+01
      1319         1         1        11
  -1.1057181415412050E+00  -1.9151599999999998E+00  -2.3352759999999989E+01
      1320         1         1        11
  -1.6585772123118061E+00  -9.5757999999999965E-01  -2.3352759999999989E+01
      1321         1         1        11
  -2.7642953538530097E+00  -9.5757999999999932E-01  -2.1017483999999989E+01
      1322         1         1        11
  -2.7642953538530097E+00  -9.5757999999999932E-01  -1.8682207999999992E+01
      1323         1         1        11
  -2.7642953538530097E+00  -9.5757999999999932E-01  -1.6346931999999992E+01
      1324         1         1        11
  -2.7642953538530097E+00  -9.5757999999999932E-01  -1.4011655999999993E+01
      1325         1         1        11
  -2.7642953538530097E+00  -9.5757999999999932E-01  -1.1676379999999995E+01
      1326         1         1        11
  -2.7642953538530097E+00  -9.5757999999999932E-01  -9.3411039999999961E+00
      1327         1         1        11
  -2.7642953538530097E+00  -9.5757999999999932E-01  -7.0058279999999975E+00
      1328         1         1        11
  -2.7642953538530097E+00  -9.5757999999999932E-01  -4.6705519999999972E+00
      1329         1         1        11
  -2.7642953538530097E+00  -9.5757999999999932E-01  -2.3352759999999968E+00
      1330         1         1        11
  -2.2114362830824081E+00  -1.9151599999999993E+00  -2.1017483999999989E+01
      1331         1         1        11
  -2.2114362830824081E+00  -1.9151599999999993E+00  -1.8682207999999992E+01
      1332         1         1        11
  -2.2114362830824081E+00  -1.9151599999999993E+00  -1.6346931999999992E+01
      1333         1         1        11
  -2.2114362830824081E+00  -1.9151599999999993E+00  -1.4011655999999993E+01
      1334         1         1        11
  -2.2114362830824081E+00  -1.9151599999999993E+00  -1.1676379999999995E+01
      1335         1         1        11
  -2.2114362830824081E+00  -1.9151599999999993E+00  -9.3411039999999961E+00
      1336         1         1        11
  -2.2114362830824081E+00  -1.9151599999999993E+00  -7.0058279999999975E+00
      1337         1         1        11
  -2.2114362830824081E+00  -1.9151599999999993E+00  -4.6705519999999972E+00
      1338         1         1        11
  -2.2114362830824081E+00  -1.9151599999999993E+00  -2.3352759999999968E+00
      1339         1         1        11
  -1.1057181415412050E+00  -1.9151599999999998E+00  -2.1017483999999989E+01
      1340         1         1        11
  -1.1057181415412050E+00  -1.9151599999999998E+00  -1.8682207999999992E+01
      1341         1         1        11
  -1.1057181415412050E+00  -1.9151599999999998E+00  -1.6346931999999992E+01
      1342         1         1        11
  -1.1057181415412050E+00  -1.9151599999999998E+00  -1.4011655999999993E+01
      1343         1         1        11
  -1.1057181415412050E+00  -1.9151599999999998E+00  -1.1676379999999995E+01
      1344         1         1        11
  -1.1057181415412050E+00  -1.9151599999999998E+00  -9.3411039999999961E+00
      1345         1         1        11
  -1.1057181415412050E+00  -1.9151599999999998E+00  -7.0058279999999975E+00
      1346         1         1        11
  -1.1057181415412050E+00  -1.9151599999999998E+00  -4.6705519999999972E+00
      1347         1         1        11
  -1.1057181415412050E+00  -1.9151599999999998E+00  -2.3352759999999968E+00
      1348         1         1        11
  -1.6585772123118061E+00  -9.5757999999999965E-01  -2.1017483999999989E+01
      1349         1         1        11
  -1.6585772123118061E+00  -9.5757999999999965E-01  -1.8682207999999992E+01
      1350         1         1        11
  -1.6585772123118061E+00  -9.5757999999999965E-01  -1.6346931999999992E+01
      1351         1         1        11
  -1.6585772123118061E+00  -9.5757999999999965E-01  -1.4011655999999993E+01
      1352         1         1        11
  -1.6585772123118061E+00  -9.5757999999999965E-01  -1.1676379999999995E+01
      1353         1         1        11
  -1.6585772123118061E+00  -9.5757999999999965E-01  -9.3411039999999961E+00
      1354         1         1        11
  -1.6585772123118061E+00  -9.5757999999999965E-01  -7.0058279999999975E+00
      1355         1         1        11
  -1.6585772123118061E+00  -9.5757999999999965E-01  -4.6705519999999972E+00
      1356         1         1        11
  -1.6585772123118061E+00  -9.5757999999999965E-01  -2.3352759999999968E+00
      1357         1         1        11
   1.1057181415412032E+00  -1.9151600000000000E+00  -2.3352759999999989E+01
      1358         1         1        11
  -5.5285907077060259E-01  -2.8727399999999998E+00  -2.3352759999999989E+01
      1359         1         1        11
   5.5285907077060070E-01  -2.8727400000000003E+00  -2.3352759999999989E+01
      1360         1         1        11
  -5.4614824782057220E-16  -1.9151600000000002E+00  -2.3352759999999989E+01
      1361         1         1        11
   1.1057181415412032E+00  -1.9151600000000000E+00  -2.1017483999999989E+01
      1362         1         1        11
   1.1057181415412032E+00  -1.9151600000000000E+00  -1.8682207999999992E+01
      1363         1         1        11
   1.1057181415412032E+00  -1.9151600000000000E+00  -1.6346931999999992E+01
      1364         1         1        11
   1.1057181415412032E+00  -1.9151600000000000E+00  -1.4011655999999993E+01
      1365         1         1        11
   1.1057181415412032E+00  -1.9151600000000000E+00  -1.1676379999999995E+01
      1366         1         1        11
   1.1057181415412032E+00  -1.9151600000000000E+00  -9.3411039999999961E+00
      1367         1         1        11
   1.1057181415412032E+00  -1.9151600000000000E+00  -7.0058279999999975E+00
      1368         1         1        11
   1.1057181415412032E+00  -1.9151600000000000E+00  -4.6705519999999972E+00
      1369         1         1        11
   1.1057181415412032E+00  -1.9151600000000000E+00  -2.3352759999999968E+00
      1370         1         1        11
  -5.5285907077060259E-01  -2.8727399999999998E+00  -2.1017483999999989E+01
      1371         1         1        11
  -5.5285907077060259E-01  -2.8727399999999998E+00  -1.8682207999999992E+01
      1372         1         1        11
  -5.5285907077060259E-01  -2.8727399999999998E+00  -1.6346931999999992E+01
      1373         1         1        11
  -5.5285907077060259E-01  -2.8727399999999998E+00  -1.4011655999999993E+01
      1374         1         1        11
  -5.5285907077060259E-01  -2.8727399999999998E+00  -1.1676379999999995E+01
      1375         1         1        11
  -5.5285907077060259E-01  -2.8727399999999998E+00  -9.3411039999999961E+00
      1376         1         1        11
  -5.5285907077060259E-01  -2.8727399999999998E+00  -7.0058279999999975E+00
      1377         1         1        11
  -5.5285907077060259E-01  -2.8727399999999998E+00  -4.6705519999999972E+00
      1378         1         1        11
  -5.5285907077060259E-01  -2.8727399999999998E+00  -2.3352759999999968E+00
      1379         1         1        11
   5.5285907077060070E-01  -2.8727400000000003E+00  -2.1017483999999989E+01
      1380         1         1        11
   5.5285907077060070E-01  -2.8727400000000003E+00  -1.8682207999999992E+01
      1381         1         1        11
   5.5285907077060070E-01  -2.8727400000000003E+00  -1.6346931999999992E+01
      1382         1         1        11
   5.5285907077060070E-01  -2.8727400000000003E+00  -1.4011655999999993E+01
      1383         1         1        11
   5.5285907077060070E-01  -2.8727400000000003E+00  -1.1676379999999995E+01
      1384         1         1        11
   5.5285907077060070E-01  -2.8727400000000003E+00  -9.3411039999999961E+00
      1385         1         1        11
   5.5285907077060070E-01  -2.8727400000000003E+00  -7.0058279999999975E+00
      1386         1         1        11
   5.5285907077060070E-01  -2.8727400000000003E+00  -4.6705519999999972E+00
      1387         1         1        11
   5.5285907077060070E-01  -2.8727400000000003E+00  -2.3352759999999968E+00
      1388         1         1        11
  -5.4614824782057220E-16  -1.9151600000000002E+00  -2.1017483999999989E+01
      1389         1         1        11
  -5.4614824782057220E-16  -1.9151600000000002E+00  -1.8682207999999992E+01
      1390         1         1        11
  -5.4614824782057220E-16  -1.9151600000000002E+00  -1.6346931999999992E+01
      1391         1         1        11
  -5.4614824782057220E-16  -1.9151600000000002E+00  -1.4011655999999993E+01
      1392         1         1        11
  -5.4614824782057220E-16  -1.9151600000000002E+00  -1.1676379999999995E+01
      1393         1         1        11
  -5.4614824782057220E-16  -1.9151600000000002E+00  -9.3411039999999961E+00
      1394         1         1        11
  -5.4614824782057220E-16  -1.9151600000000002E+00  -7.0058279999999975E+00
      1395         1         1        11
  -5.4614824782057220E-16  -1.9151600000000002E+00  -4.6705519999999972E+00
      1396         1         1        11
  -5.4614824782057220E-16  -1.9151600000000002E+00  -2.3352759999999968E+00
      1397         1         1        11
   2.7642953538530088E+00  -9.5758000000000087E-01  -2.3352759999999989E+01
      1398         1         1        11
   2.2114362830824059E+00  -1.9151600000000013E+00  -2.3352759999999989E+01
      1399         1         1        11
   1.6585772123118048E+00  -9.5758000000000110E-01  -2.3352759999999989E+01
      1400         1         1        11
   2.7642953538530088E+00  -9.5758000000000087E-01  -2.1017483999999989E+01
      1401         1         1        11
   2.7642953538530088E+00  -9.5758000000000087E-01  -1.8682207999999992E+01
      1402         1         1        11
   2.7642953538530088E+00  -9.5758000000000087E-01  -1.6346931999999992E+01
      1403         1         1        11
   2.7642953538530088E+00  -9.5758000000000087E-01  -1.4011655999999993E+01
      1404         1         1        11
   2.7642953538530088E+00  -9.5758000000000087E-01  -1.1676379999999995E+01
      1405         1         1        11
   2.7642953538530088E+00  -9.5758000000000087E-01  -9.3411039999999961E+00
      1406         1         1        11
   2.7642953538530088E+00  -9.5758000000000087E-01  -7.0058279999999975E+00
      1407         1         1        11
   2.7642953538530088E+00  -9.5758000000000087E-01  -4.6705519999999972E+00
      1408         1         1        11
   2.7642953538530088E+00  -9.5758000000000087E-01  -2.3352759999999968E+00
      1409         1         1        11
   2.2114362830824059E+00  -1.9151600000000013E+00  -2.1017483999999989E+01
      1410         1         1        11
   2.2114362830824059E+00  -1.9151600000000013E+00  -1.8682207999999992E+01
      1411         1         1        11
   2.2114362830824059E+00  -1.9151600000000013E+00  -1.6346931999999992E+01
      1412         1         1        11
   2.2114362830824059E+00  -1.9151600000000013E+00  -1.4011655999999993E+01
      1413         1         1        11
   2.2114362830824059E+00  -1.9151600000000013E+00  -1.1676379999999995E+01
      1414         1         1        11
   2.2114362830824059E+00  -1.9151600000000013E+00  -9.3411039999999961E+00
      1415         1         1        11
   2.2114362830824059E+00  -1.9151600000000013E+00  -7.0058279999999975E+00
      1416         1         1        11
   2.2114362830824059E+00  -1.9151600000000013E+00  -4.6705519999999972E+00
      1417         1         1        11
   2.2114362830824059E+00  -1.9151600000000013E+00  -2.3352759999999968E+00
      1418         1         1        11
   1.6585772123118048E+00  -9.5758000000000110E-01  -2.1017483999999989E+01
      1419         1         1        11
   1.6585772123118048E+00  -9.5758000000000110E-01  -1.8682207999999992E+01
      1420         1         1        11
   1.6585772123118048E+00  -9.5758000000000110E-01  -1.6346931999999992E+01
      1421         1         1        11
   1.6585772123118048E+00  -9.5758000000000110E-01  -1.4011655999999993E+01
      1422         1         1        11
   1.6585772123118048E+00  -9.5758000000000110E-01  -1.1676379999999995E+01
      1423         1         1        11
   1.6585772123118048E+00  -9.5758000000000110E-01  -9.3411039999999961E+00
      1424         1         1        11
   1.6585772123118048E+00  -9.5758000000000110E-01  -7.0058279999999975E+00
      1425         1         1        11
   1.6585772123118048E+00  -9.5758000000000110E-01  -4.6705519999999972E+00
      1426         1         1        11
   1.6585772123118048E+00  -9.5758000000000110E-01  -2.3352759999999968E+00
    -1
    -1
  2412
         1        11         2         1         7         2
         0         1         1
         6         5
         2        11         2         1         7         2
         0         1         1
         5         4
         3        11         2         1         7         2
         0         1         1
         4         3
         4        11         2         1         7         2
         0         1         1
         3         2
         5        11         2         1         7         2
         0         1         1
         2         1
         6        11         2         1         7         2
         0         1         1
         1         6
       313        11         2         1         7         2
         0         1         1
         1       133
       314        11         2         1         7         2
         0         1         1
       133       134
       315        11         2         1         7         2
         0         1         1
       134       135
       316        11         2         1         7         2
         0         1         1
       135       136
       317        11         2         1         7         2
         0         1         1
       136       137
       318        11         2         1         7         2
         0         1         1
       137       138
       319        11         2         1         7         2
         0         1         1
       138       139
       320        11         2         1         7         2
         0         1         1
       139       140
       321        11         2         1         7         2
         0         1         1
       140       141
       322        11         2         1         7         2
         0         1         1
       141       142
       323        11         2         1         7         2
         0         1         1
       142       143
       324        11         2         1         7         2
         0         1         1
       143       144
       325        11         2         1         7         2
         0         1         1
       144       145
       326        11         2         1         7         2
         0         1         1
       145       146
       327        11         2         1         7         2
         0         1         1
       146       147
       328        11         2         1         7         2
         0         1         1
       147       148
       329        11         2         1         7         2
         0         1         1
       148       149
       330        11         2         1         7         2
         0         1         1
       149       150
       331        11         2         1         7         2
         0         1         1
       150       151
       332        11         2         1         7         2
         0         1         1
       151       152
       333        11         2         1         7         2
         0         1         1
       152       153
       334        11         2         1         7         2
         0         1         1
       153       154
       335        11         2         1         7         2
         0         1         1
       154       155
       336        11         2         1         7         2
         0         1         1
       155       156
       337        11         2         1         7         2
         0         1         1
       156       157
       338        11         2         1         7         2
         0         1         1
         2       108
       339        11         2         1         7         2
         0         1         1
       108       109
       340        11         2         1         7         2
         0         1         1
       109       110
       341        11         2         1         7         2
         0         1         1
       110       111
       342        11         2         1         7         2
         0         1         1
       111       112
       343        11         2         1         7         2
         0         1         1
       112       113
       344        11         2         1         7         2
         0         1         1
       113       114
       345        11         2         1         7         2
         0         1         1
       114       115
       346        11         2         1         7         2
         0         1         1
       115       116
       347        11         2         1         7         2
         0         1         1
       116       117
       348        11         2         1         7         2
         0         1         1
       117       118
       349        11         2         1         7         2
         0         1         1
       118       119
       350        11         2         1         7         2
         0         1         1
       119       120
       351        11         2         1         7         2
         0         1         1
       120       121
       352        11         2         1         7         2
         0         1         1
       121       122
       353        11         2         1         7         2
         0         1         1
       122       123
       354        11         2         1         7         2
         0         1         1
       123       124
       355        11         2         1         7         2
         0         1         1
       124       125
       356        11         2         1         7         2
         0         1         1
       125       126
       357        11         2         1         7         2
         0         1         1
       126       127
       358        11         2         1         7         2
         0         1         1
       127       128
       359        11         2         1         7         2
         0         1         1
       128       129
       360        11         2         1         7         2
         0         1         1
       129       130
       361        11         2         1         7         2
         0         1         1
       130       131
       362        11         2         1         7         2
         0         1         1
       131       132
       363        11         2         1         7         2
         0         1         1
         3        83
       364        11         2         1         7         2
         0         1         1
        83        84
       365        11         2         1         7         2
         0         1         1
        84        85
       366        11         2         1         7         2
         0         1         1
        85        86
       367        11         2         1         7         2
         0         1         1
        86        87
       368        11         2         1         7         2
         0         1         1
        87        88
       369        11         2         1         7         2
         0         1         1
        88        89
       370        11         2         1         7         2
         0         1         1
        89        90
       371        11         2         1         7         2
         0         1         1
        90        91
       372        11         2         1         7         2
         0         1         1
        91        92
       373        11         2         1         7         2
         0         1         1
        92        93
       374        11         2         1         7         2
         0         1         1
        93        94
       375        11         2         1         7         2
         0         1         1
        94        95
       376        11         2         1         7         2
         0         1         1
        95        96
       377        11         2         1         7         2
         0         1         1
        96        97
       378        11         2         1         7         2
         0         1         1
        97        98
       379        11         2         1         7         2
         0         1         1
        98        99
       380        11         2         1         7         2
         0         1         1
        99       100
       381        11         2         1         7         2
         0         1         1
       100       101
       382        11         2         1         7         2
         0         1         1
       101       102
       383        11         2         1         7         2
         0         1         1
       102       103
       384        11         2         1         7         2
         0         1         1
       103       104
       385        11         2         1         7         2
         0         1         1
       104       105
       386        11         2         1         7         2
         0         1         1
       105       106
       387        11         2         1         7         2
         0         1         1
       106       107
       388        11         2         1         7         2
         0         1         1
         4        58
       389        11         2         1         7         2
         0         1         1
        58        59
       390        11         2         1         7         2
         0         1         1
        59        60
       391        11         2         1         7         2
         0         1         1
        60        61
       392        11         2         1         7         2
         0         1         1
        61        62
       393        11         2         1         7         2
         0         1         1
        62        63
       394        11         2         1         7         2
         0         1         1
        63        64
       395        11         2         1         7         2
         0         1         1
        64        65
       396        11         2         1         7         2
         0         1         1
        65        66
       397        11         2         1         7         2
         0         1         1
        66        67
       398        11         2         1         7         2
         0         1         1
        67        68
       399        11         2         1         7         2
         0         1         1
        68        69
       400        11         2         1         7         2
         0         1         1
        69        70
       401        11         2         1         7         2
         0         1         1
        70        71
       402        11         2         1         7         2
         0         1         1
        71        72
       403        11         2         1         7         2
         0         1         1
        72        73
       404        11         2         1         7         2
         0         1         1
        73        74
       405        11         2         1         7         2
         0         1         1
        74        75
       406        11         2         1         7         2
         0         1         1
        75        76
       407        11         2         1         7         2
         0         1         1
        76        77
       408        11         2         1         7         2
         0         1         1
        77        78
       409        11         2         1         7         2
         0         1         1
        78        79
       410        11         2         1         7         2
         0         1         1
        79        80
       411        11         2         1         7         2
         0         1         1
        80        81
       412        11         2         1         7         2
         0         1         1
        81        82
       413        11         2         1         7         2
         0         1         1
         5        33
       414        11         2         1         7         2
         0         1         1
        33        34
       415        11         2         1         7         2
         0         1         1
        34        35
       416        11         2         1         7         2
         0         1         1
        35        36
       417        11         2         1         7         2
         0         1         1
        36        37
       418        11         2         1         7         2
         0         1         1
        37        38
       419        11         2         1         7         2
         0         1         1
        38        39
       420        11         2         1         7         2
         0         1         1
        39        40
       421        11         2         1         7         2
         0         1         1
        40        41
       422        11         2         1         7         2
         0         1         1
        41        42
       423        11         2         1         7         2
         0         1         1
        42        43
       424        11         2         1         7         2
         0         1         1
        43        44
       425        11         2         1         7         2
         0         1         1
        44        45
       426        11         2         1         7         2
         0         1         1
        45        46
       427        11         2         1         7         2
         0         1         1
        46        47
       428        11         2         1         7         2
         0         1         1
        47        48
       429        11         2         1         7         2
         0         1         1
        48        49
       430        11         2         1         7         2
         0         1         1
        49        50
       431        11         2         1         7         2
         0         1         1
        50        51
       432        11         2         1         7         2
         0         1         1
        51        52
       433        11         2         1         7         2
         0         1         1
        52        53
       434        11         2         1         7         2
         0         1         1
        53        54
       435        11         2         1         7         2
         0         1         1
        54        55
       436        11         2         1         7         2
         0         1         1
        55        56
       437        11         2         1         7         2
         0         1         1
        56        57
       438        11         2         1         7         2
         0         1         1
         6         8
       439        11         2         1         7         2
         0         1         1
         8         9
       440        11         2         1         7         2
         0         1         1
         9        10
       441        11         2         1         7         2
         0         1         1
        10        11
       442        11         2         1         7         2
         0         1         1
        11        12
       443        11         2         1         7         2
         0         1         1
        12        13
       444        11         2         1         7         2
         0         1         1
        13        14
       445        11         2         1         7         2
         0         1         1
        14        15
       446        11         2         1         7         2
         0         1         1
        15        16
       447        11         2         1         7         2
         0         1         1
        16        17
       448        11         2         1         7         2
         0         1         1
        17        18
       449        11         2         1         7         2
         0         1         1
        18        19
       450        11         2         1         7         2
         0         1         1
        19        20
       451        11         2         1         7         2
         0         1         1
        20        21
       452        11         2         1         7         2
         0         1         1
        21        22
       453        11         2         1         7         2
         0         1         1
        22        23
       454        11         2         1         7         2
         0         1         1
        23        24
       455        11         2         1         7         2
         0         1         1
        24        25
       456        11         2         1         7         2
         0         1         1
        25        26
       457        11         2         1         7         2
         0         1         1
        26        27
       458        11         2         1         7         2
         0         1         1
        27        28
       459        11         2         1         7         2
         0         1         1
        28        29
       460        11         2         1         7         2
         0         1         1
        29        30
       461        11         2         1         7         2
         0         1         1
        30        31
       462        11         2         1         7         2
         0         1         1
        31        32
       463        11         2         1         7         2
         0         1         1
         7       158
       464        11         2         1         7         2
         0         1         1
       158       159
       465        11         2         1         7         2
         0         1         1
       159       160
       466        11         2         1         7         2
         0         1         1
       160       161
       467        11         2         1         7         2
         0         1         1
       161       162
       468        11         2         1         7         2
         0         1         1
       162       163
       469        11         2         1         7         2
         0         1         1
       163       164
       470        11         2         1         7         2
         0         1         1
       164       165
       471        11         2         1         7         2
         0         1         1
       165       166
       472        11         2         1         7         2
         0         1         1
       166       167
       473        11         2         1         7         2
         0         1         1
       167       168
       474        11         2         1         7         2
         0         1         1
       168       169
       475        11         2         1         7         2
         0         1         1
       169       170
       476        11         2         1         7         2
         0         1         1
       170       171
       477        11         2         1         7         2
         0         1         1
       171       172
       478        11         2         1         7         2
         0         1         1
       172       173
       479        11         2         1         7         2
         0         1         1
       173       174
       480        11         2         1         7         2
         0         1         1
       174       175
       481        11         2         1         7         2
         0         1         1
       175       176
       482        11         2         1         7         2
         0         1         1
       176       177
       483        11         2         1         7         2
         0         1         1
       177       178
       484        11         2         1         7         2
         0         1         1
       178       179
       485        11         2         1         7         2
         0         1         1
       179       180
       486        11         2         1         7         2
         0         1         1
       180       181
       487        11         2         1         7         2
         0         1         1
       181       182
       488        11         2         1         7         2
         0         1         1
        32        57
       489        11         2         1         7         2
         0         1         1
        57        82
       490        11         2         1         7         2
         0         1         1
        82       107
       491        11         2         1         7         2
         0         1         1
       107       132
       492        11         2         1         7         2
         0         1         1
       132       157
       493        11         2         1         7         2
         0         1         1
       157        32
       500        11         2         1         7         2
         0         1         1
       183       184
       501        11         2         1         7         2
         0         1         1
       184       185
       502        11         2         1         7         2
         0         1         1
       185         5
       503        11         2         1         7         2
         0         1         1
         6       186
       504        11         2         1         7         2
         0         1         1
       186       183
       786        11         2         1         7         2
         0         1         1
       186       263
       787        11         2         1         7         2
         0         1         1
       263       264
       788        11         2         1         7         2
         0         1         1
       264       265
       789        11         2         1         7         2
         0         1         1
       265       266
       790        11         2         1         7         2
         0         1         1
       266       267
       791        11         2         1         7         2
         0         1         1
       267       268
       792        11         2         1         7         2
         0         1         1
       268       269
       793        11         2         1         7         2
         0         1         1
       269       270
       794        11         2         1         7         2
         0         1         1
       270       271
       795        11         2         1         7         2
         0         1         1
       271       272
       796        11         2         1         7         2
         0         1         1
       272       273
       797        11         2         1         7         2
         0         1         1
       273       274
       798        11         2         1         7         2
         0         1         1
       274       275
       799        11         2         1         7         2
         0         1         1
       275       276
       800        11         2         1         7         2
         0         1         1
       276       277
       801        11         2         1         7         2
         0         1         1
       277       278
       802        11         2         1         7         2
         0         1         1
       278       279
       803        11         2         1         7         2
         0         1         1
       279       280
       804        11         2         1         7         2
         0         1         1
       280       281
       805        11         2         1         7         2
         0         1         1
       281       282
       806        11         2         1         7         2
         0         1         1
       282       283
       807        11         2         1         7         2
         0         1         1
       283       284
       808        11         2         1         7         2
         0         1         1
       284       285
       809        11         2         1         7         2
         0         1         1
       285       286
       810        11         2         1         7         2
         0         1         1
       286       287
       811        11         2         1         7         2
         0         1         1
       185       238
       812        11         2         1         7         2
         0         1         1
       238       239
       813        11         2         1         7         2
         0         1         1
       239       240
       814        11         2         1         7         2
         0         1         1
       240       241
       815        11         2         1         7         2
         0         1         1
       241       242
       816        11         2         1         7         2
         0         1         1
       242       243
       817        11         2         1         7         2
         0         1         1
       243       244
       818        11         2         1         7         2
         0         1         1
       244       245
       819        11         2         1         7         2
         0         1         1
       245       246
       820        11         2         1         7         2
         0         1         1
       246       247
       821        11         2         1         7         2
         0         1         1
       247       248
       822        11         2         1         7         2
         0         1         1
       248       249
       823        11         2         1         7         2
         0         1         1
       249       250
       824        11         2         1         7         2
         0         1         1
       250       251
       825        11         2         1         7         2
         0         1         1
       251       252
       826        11         2         1         7         2
         0         1         1
       252       253
       827        11         2         1         7         2
         0         1         1
       253       254
       828        11         2         1         7         2
         0         1         1
       254       255
       829        11         2         1         7         2
         0         1         1
       255       256
       830        11         2         1         7         2
         0         1         1
       256       257
       831        11         2         1         7         2
         0         1         1
       257       258
       832        11         2         1         7         2
         0         1         1
       258       259
       833        11         2         1         7         2
         0         1         1
       259       260
       834        11         2         1         7         2
         0         1         1
       260       261
       835        11         2         1         7         2
         0         1         1
       261       262
       836        11         2         1         7         2
         0         1         1
       184       188
       837        11         2         1         7         2
         0         1         1
       188       190
       838        11         2         1         7         2
         0         1         1
       190       192
       839        11         2         1         7         2
         0         1         1
       192       194
       840        11         2         1         7         2
         0         1         1
       194       196
       841        11         2         1         7         2
         0         1         1
       196       198
       842        11         2         1         7         2
         0         1         1
       198       200
       843        11         2         1         7         2
         0         1         1
       200       202
       844        11         2         1         7         2
         0         1         1
       202       204
       845        11         2         1         7         2
         0         1         1
       204       206
       846        11         2         1         7         2
         0         1         1
       206       208
       847        11         2         1         7         2
         0         1         1
       208       210
       848        11         2         1         7         2
         0         1         1
       210       212
       849        11         2         1         7         2
         0         1         1
       212       214
       850        11         2         1         7         2
         0         1         1
       214       216
       851        11         2         1         7         2
         0         1         1
       216       218
       852        11         2         1         7         2
         0         1         1
       218       220
       853        11         2         1         7         2
         0         1         1
       220       222
       854        11         2         1         7         2
         0         1         1
       222       224
       855        11         2         1         7         2
         0         1         1
       224       226
       856        11         2         1         7         2
         0         1         1
       226       228
       857        11         2         1         7         2
         0         1         1
       228       230
       858        11         2         1         7         2
         0         1         1
       230       232
       859        11         2         1         7         2
         0         1         1
       232       234
       860        11         2         1         7         2
         0         1         1
       234       236
       861        11         2         1         7         2
         0         1         1
       183       189
       862        11         2         1         7         2
         0         1         1
       189       191
       863        11         2         1         7         2
         0         1         1
       191       193
       864        11         2         1         7         2
         0         1         1
       193       195
       865        11         2         1         7         2
         0         1         1
       195       197
       866        11         2         1         7         2
         0         1         1
       197       199
       867        11         2         1         7         2
         0         1         1
       199       201
       868        11         2         1         7         2
         0         1         1
       201       203
       869        11         2         1         7         2
         0         1         1
       203       205
       870        11         2         1         7         2
         0         1         1
       205       207
       871        11         2         1         7         2
         0         1         1
       207       209
       872        11         2         1         7         2
         0         1         1
       209       211
       873        11         2         1         7         2
         0         1         1
       211       213
       874        11         2         1         7         2
         0         1         1
       213       215
       875        11         2         1         7         2
         0         1         1
       215       217
       876        11         2         1         7         2
         0         1         1
       217       219
       877        11         2         1         7         2
         0         1         1
       219       221
       878        11         2         1         7         2
         0         1         1
       221       223
       879        11         2         1         7         2
         0         1         1
       223       225
       880        11         2         1         7         2
         0         1         1
       225       227
       881        11         2         1         7         2
         0         1         1
       227       229
       882        11         2         1         7         2
         0         1         1
       229       231
       883        11         2         1         7         2
         0         1         1
       231       233
       884        11         2         1         7         2
         0         1         1
       233       235
       885        11         2         1         7         2
         0         1         1
       235       237
       886        11         2         1         7         2
         0         1         1
       187       288
       887        11         2         1         7         2
         0         1         1
       288       289
       888        11         2         1         7         2
         0         1         1
       289       290
       889        11         2         1         7         2
         0         1         1
       290       291
       890        11         2         1         7         2
         0         1         1
       291       292
       891        11         2         1         7         2
         0         1         1
       292       293
       892        11         2         1         7         2
         0         1         1
       293       294
       893        11         2         1         7         2
         0         1         1
       294       295
       894        11         2         1         7         2
         0         1         1
       295       296
       895        11         2         1         7         2
         0         1         1
       296       297
       896        11         2         1         7         2
         0         1         1
       297       298
       897        11         2         1         7         2
         0         1         1
       298       299
       898        11         2         1         7         2
         0         1         1
       299       300
       899        11         2         1         7         2
         0         1         1
       300       301
       900        11         2         1         7         2
         0         1         1
       301       302
       901        11         2         1         7         2
         0         1         1
       302       303
       902        11         2         1         7         2
         0         1         1
       303       304
       903        11         2         1         7         2
         0         1         1
       304       305
       904        11         2         1         7         2
         0         1         1
       305       306
       905        11         2         1         7         2
         0         1         1
       306       307
       906        11         2         1         7         2
         0         1         1
       307       308
       907        11         2         1         7         2
         0         1         1
       308       309
       908        11         2         1         7         2
         0         1         1
       309       310
       909        11         2         1         7         2
         0         1         1
       310       311
       910        11         2         1         7         2
         0         1         1
       311       312
       911        11         2         1         7         2
         0         1         1
       237       236
       912        11         2         1         7         2
         0         1         1
       236       262
       913        11         2         1         7         2
         0         1         1
       262        57
       914        11         2         1         7         2
         0         1         1
        32       287
       915        11         2         1         7         2
         0         1         1
       287       237
       922        11         2         1         7         2
         0         1         1
       185       313
       923        11         2         1         7         2
         0         1         1
       313       314
       924        11         2         1         7         2
         0         1         1
       314       315
       925        11         2         1         7         2
         0         1         1
       315         4
      1182        11         2         1         7         2
         0         1         1
       315       367
      1183        11         2         1         7         2
         0         1         1
       367       368
      1184        11         2         1         7         2
         0         1         1
       368       369
      1185        11         2         1         7         2
         0         1         1
       369       370
      1186        11         2         1         7         2
         0         1         1
       370       371
      1187        11         2         1         7         2
         0         1         1
       371       372
      1188        11         2         1         7         2
         0         1         1
       372       373
      1189        11         2         1         7         2
         0         1         1
       373       374
      1190        11         2         1         7         2
         0         1         1
       374       375
      1191        11         2         1         7         2
         0         1         1
       375       376
      1192        11         2         1         7         2
         0         1         1
       376       377
      1193        11         2         1         7         2
         0         1         1
       377       378
      1194        11         2         1         7         2
         0         1         1
       378       379
      1195        11         2         1         7         2
         0         1         1
       379       380
      1196        11         2         1         7         2
         0         1         1
       380       381
      1197        11         2         1         7         2
         0         1         1
       381       382
      1198        11         2         1         7         2
         0         1         1
       382       383
      1199        11         2         1         7         2
         0         1         1
       383       384
      1200        11         2         1         7         2
         0         1         1
       384       385
      1201        11         2         1         7         2
         0         1         1
       385       386
      1202        11         2         1         7         2
         0         1         1
       386       387
      1203        11         2         1         7         2
         0         1         1
       387       388
      1204        11         2         1         7         2
         0         1         1
       388       389
      1205        11         2         1         7         2
         0         1         1
       389       390
      1206        11         2         1         7         2
         0         1         1
       390       391
      1207        11         2         1         7         2
         0         1         1
       314       342
      1208        11         2         1         7         2
         0         1         1
       342       343
      1209        11         2         1         7         2
         0         1         1
       343       344
      1210        11         2         1         7         2
         0         1         1
       344       345
      1211        11         2         1         7         2
         0         1         1
       345       346
      1212        11         2         1         7         2
         0         1         1
       346       347
      1213        11         2         1         7         2
         0         1         1
       347       348
      1214        11         2         1         7         2
         0         1         1
       348       349
      1215        11         2         1         7         2
         0         1         1
       349       350
      1216        11         2         1         7         2
         0         1         1
       350       351
      1217        11         2         1         7         2
         0         1         1
       351       352
      1218        11         2         1         7         2
         0         1         1
       352       353
      1219        11         2         1         7         2
         0         1         1
       353       354
      1220        11         2         1         7         2
         0         1         1
       354       355
      1221        11         2         1         7         2
         0         1         1
       355       356
      1222        11         2         1         7         2
         0         1         1
       356       357
      1223        11         2         1         7         2
         0         1         1
       357       358
      1224        11         2         1         7         2
         0         1         1
       358       359
      1225        11         2         1         7         2
         0         1         1
       359       360
      1226        11         2         1         7         2
         0         1         1
       360       361
      1227        11         2         1         7         2
         0         1         1
       361       362
      1228        11         2         1         7         2
         0         1         1
       362       363
      1229        11         2         1         7         2
         0         1         1
       363       364
      1230        11         2         1         7         2
         0         1         1
       364       365
      1231        11         2         1         7         2
         0         1         1
       365       366
      1232        11         2         1         7         2
         0         1         1
       313       317
      1233        11         2         1         7         2
         0         1         1
       317       318
      1234        11         2         1         7         2
         0         1         1
       318       319
      1235        11         2         1         7         2
         0         1         1
       319       320
      1236        11         2         1         7         2
         0         1         1
       320       321
      1237        11         2         1         7         2
         0         1         1
       321       322
      1238        11         2         1         7         2
         0         1         1
       322       323
      1239        11         2         1         7         2
         0         1         1
       323       324
      1240        11         2         1         7         2
         0         1         1
       324       325
      1241        11         2         1         7         2
         0         1         1
       325       326
      1242        11         2         1         7         2
         0         1         1
       326       327
      1243        11         2         1         7         2
         0         1         1
       327       328
      1244        11         2         1         7         2
         0         1         1
       328       329
      1245        11         2         1         7         2
         0         1         1
       329       330
      1246        11         2         1         7         2
         0         1         1
       330       331
      1247        11         2         1         7         2
         0         1         1
       331       332
      1248        11         2         1         7         2
         0         1         1
       332       333
      1249        11         2         1         7         2
         0         1         1
       333       334
      1250        11         2         1         7         2
         0         1         1
       334       335
      1251        11         2         1         7         2
         0         1         1
       335       336
      1252        11         2         1         7         2
         0         1         1
       336       337
      1253        11         2         1         7         2
         0         1         1
       337       338
      1254        11         2         1         7         2
         0         1         1
       338       339
      1255        11         2         1         7         2
         0         1         1
       339       340
      1256        11         2         1         7         2
         0         1         1
       340       341
      1257        11         2         1         7         2
         0         1         1
       316       392
      1258        11         2         1         7         2
         0         1         1
       392       393
      1259        11         2         1         7         2
         0         1         1
       393       394
      1260        11         2         1         7         2
         0         1         1
       394       395
      1261        11         2         1         7         2
         0         1         1
       395       396
      1262        11         2         1         7         2
         0         1         1
       396       397
      1263        11         2         1         7         2
         0         1         1
       397       398
      1264        11         2         1         7         2
         0         1         1
       398       399
      1265        11         2         1         7         2
         0         1         1
       399       400
      1266        11         2         1         7         2
         0         1         1
       400       401
      1267        11         2         1         7         2
         0         1         1
       401       402
      1268        11         2         1         7         2
         0         1         1
       402       403
      1269        11         2         1         7         2
         0         1         1
       403       404
      1270        11         2         1         7         2
         0         1         1
       404       405
      1271        11         2         1         7         2
         0         1         1
       405       406
      1272        11         2         1         7         2
         0         1         1
       406       407
      1273        11         2         1         7         2
         0         1         1
       407       408
      1274        11         2         1         7         2
         0         1         1
       408       409
      1275        11         2         1         7         2
         0         1         1
       409       410
      1276        11         2         1         7         2
         0         1         1
       410       411
      1277        11         2         1         7         2
         0         1         1
       411       412
      1278        11         2         1         7         2
         0         1         1
       412       413
      1279        11         2         1         7         2
         0         1         1
       413       414
      1280        11         2         1         7         2
         0         1         1
       414       415
      1281        11         2         1         7         2
         0         1         1
       415       416
      1282        11         2         1         7         2
         0         1         1
       262       341
      1283        11         2         1         7         2
         0         1         1
       341       366
      1284        11         2         1         7         2
         0         1         1
       366       391
      1285        11         2         1         7         2
         0         1         1
       391        82
      1292        11         2         1         7         2
         0         1         1
       315       417
      1293        11         2         1         7         2
         0         1         1
       417       418
      1294        11         2         1         7         2
         0         1         1
       418       419
      1295        11         2         1         7         2
         0         1         1
       419         3
      1552        11         2         1         7         2
         0         1         1
       419       471
      1553        11         2         1         7         2
         0         1         1
       471       472
      1554        11         2         1         7         2
         0         1         1
       472       473
      1555        11         2         1         7         2
         0         1         1
       473       474
      1556        11         2         1         7         2
         0         1         1
       474       475
      1557        11         2         1         7         2
         0         1         1
       475       476
      1558        11         2         1         7         2
         0         1         1
       476       477
      1559        11         2         1         7         2
         0         1         1
       477       478
      1560        11         2         1         7         2
         0         1         1
       478       479
      1561        11         2         1         7         2
         0         1         1
       479       480
      1562        11         2         1         7         2
         0         1         1
       480       481
      1563        11         2         1         7         2
         0         1         1
       481       482
      1564        11         2         1         7         2
         0         1         1
       482       483
      1565        11         2         1         7         2
         0         1         1
       483       484
      1566        11         2         1         7         2
         0         1         1
       484       485
      1567        11         2         1         7         2
         0         1         1
       485       486
      1568        11         2         1         7         2
         0         1         1
       486       487
      1569        11         2         1         7         2
         0         1         1
       487       488
      1570        11         2         1         7         2
         0         1         1
       488       489
      1571        11         2         1         7         2
         0         1         1
       489       490
      1572        11         2         1         7         2
         0         1         1
       490       491
      1573        11         2         1         7         2
         0         1         1
       491       492
      1574        11         2         1         7         2
         0         1         1
       492       493
      1575        11         2         1         7         2
         0         1         1
       493       494
      1576        11         2         1         7         2
         0         1         1
       494       495
      1577        11         2         1         7         2
         0         1         1
       418       446
      1578        11         2         1         7         2
         0         1         1
       446       447
      1579        11         2         1         7         2
         0         1         1
       447       448
      1580        11         2         1         7         2
         0         1         1
       448       449
      1581        11         2         1         7         2
         0         1         1
       449       450
      1582        11         2         1         7         2
         0         1         1
       450       451
      1583        11         2         1         7         2
         0         1         1
       451       452
      1584        11         2         1         7         2
         0         1         1
       452       453
      1585        11         2         1         7         2
         0         1         1
       453       454
      1586        11         2         1         7         2
         0         1         1
       454       455
      1587        11         2         1         7         2
         0         1         1
       455       456
      1588        11         2         1         7         2
         0         1         1
       456       457
      1589        11         2         1         7         2
         0         1         1
       457       458
      1590        11         2         1         7         2
         0         1         1
       458       459
      1591        11         2         1         7         2
         0         1         1
       459       460
      1592        11         2         1         7         2
         0         1         1
       460       461
      1593        11         2         1         7         2
         0         1         1
       461       462
      1594        11         2         1         7         2
         0         1         1
       462       463
      1595        11         2         1         7         2
         0         1         1
       463       464
      1596        11         2         1         7         2
         0         1         1
       464       465
      1597        11         2         1         7         2
         0         1         1
       465       466
      1598        11         2         1         7         2
         0         1         1
       466       467
      1599        11         2         1         7         2
         0         1         1
       467       468
      1600        11         2         1         7         2
         0         1         1
       468       469
      1601        11         2         1         7         2
         0         1         1
       469       470
      1602        11         2         1         7         2
         0         1         1
       417       421
      1603        11         2         1         7         2
         0         1         1
       421       422
      1604        11         2         1         7         2
         0         1         1
       422       423
      1605        11         2         1         7         2
         0         1         1
       423       424
      1606        11         2         1         7         2
         0         1         1
       424       425
      1607        11         2         1         7         2
         0         1         1
       425       426
      1608        11         2         1         7         2
         0         1         1
       426       427
      1609        11         2         1         7         2
         0         1         1
       427       428
      1610        11         2         1         7         2
         0         1         1
       428       429
      1611        11         2         1         7         2
         0         1         1
       429       430
      1612        11         2         1         7         2
         0         1         1
       430       431
      1613        11         2         1         7         2
         0         1         1
       431       432
      1614        11         2         1         7         2
         0         1         1
       432       433
      1615        11         2         1         7         2
         0         1         1
       433       434
      1616        11         2         1         7         2
         0         1         1
       434       435
      1617        11         2         1         7         2
         0         1         1
       435       436
      1618        11         2         1         7         2
         0         1         1
       436       437
      1619        11         2         1         7         2
         0         1         1
       437       438
      1620        11         2         1         7         2
         0         1         1
       438       439
      1621        11         2         1         7         2
         0         1         1
       439       440
      1622        11         2         1         7         2
         0         1         1
       440       441
      1623        11         2         1         7         2
         0         1         1
       441       442
      1624        11         2         1         7         2
         0         1         1
       442       443
      1625        11         2         1         7         2
         0         1         1
       443       444
      1626        11         2         1         7         2
         0         1         1
       444       445
      1627        11         2         1         7         2
         0         1         1
       420       496
      1628        11         2         1         7         2
         0         1         1
       496       497
      1629        11         2         1         7         2
         0         1         1
       497       498
      1630        11         2         1         7         2
         0         1         1
       498       499
      1631        11         2         1         7         2
         0         1         1
       499       500
      1632        11         2         1         7         2
         0         1         1
       500       501
      1633        11         2         1         7         2
         0         1         1
       501       502
      1634        11         2         1         7         2
         0         1         1
       502       503
      1635        11         2         1         7         2
         0         1         1
       503       504
      1636        11         2         1         7         2
         0         1         1
       504       505
      1637        11         2         1         7         2
         0         1         1
       505       506
      1638        11         2         1         7         2
         0         1         1
       506       507
      1639        11         2         1         7         2
         0         1         1
       507       508
      1640        11         2         1         7         2
         0         1         1
       508       509
      1641        11         2         1         7         2
         0         1         1
       509       510
      1642        11         2         1         7         2
         0         1         1
       510       511
      1643        11         2         1         7         2
         0         1         1
       511       512
      1644        11         2         1         7         2
         0         1         1
       512       513
      1645        11         2         1         7         2
         0         1         1
       513       514
      1646        11         2         1         7         2
         0         1         1
       514       515
      1647        11         2         1         7         2
         0         1         1
       515       516
      1648        11         2         1         7         2
         0         1         1
       516       517
      1649        11         2         1         7         2
         0         1         1
       517       518
      1650        11         2         1         7         2
         0         1         1
       518       519
      1651        11         2         1         7         2
         0         1         1
       519       520
      1652        11         2         1         7         2
         0         1         1
       391       445
      1653        11         2         1         7         2
         0         1         1
       445       470
      1654        11         2         1         7         2
         0         1         1
       470       495
      1655        11         2         1         7         2
         0         1         1
       495       107
      1662        11         2         1         7         2
         0         1         1
       419       521
      1663        11         2         1         7         2
         0         1         1
       521       522
      1664        11         2         1         7         2
         0         1         1
       522       523
      1665        11         2         1         7         2
         0         1         1
       523         2
      1922        11         2         1         7         2
         0         1         1
       523       575
      1923        11         2         1         7         2
         0         1         1
       575       576
      1924        11         2         1         7         2
         0         1         1
       576       577
      1925        11         2         1         7         2
         0         1         1
       577       578
      1926        11         2         1         7         2
         0         1         1
       578       579
      1927        11         2         1         7         2
         0         1         1
       579       580
      1928        11         2         1         7         2
         0         1         1
       580       581
      1929        11         2         1         7         2
         0         1         1
       581       582
      1930        11         2         1         7         2
         0         1         1
       582       583
      1931        11         2         1         7         2
         0         1         1
       583       584
      1932        11         2         1         7         2
         0         1         1
       584       585
      1933        11         2         1         7         2
         0         1         1
       585       586
      1934        11         2         1         7         2
         0         1         1
       586       587
      1935        11         2         1         7         2
         0         1         1
       587       588
      1936        11         2         1         7         2
         0         1         1
       588       589
      1937        11         2         1         7         2
         0         1         1
       589       590
      1938        11         2         1         7         2
         0         1         1
       590       591
      1939        11         2         1         7         2
         0         1         1
       591       592
      1940        11         2         1         7         2
         0         1         1
       592       593
      1941        11         2         1         7         2
         0         1         1
       593       594
      1942        11         2         1         7         2
         0         1         1
       594       595
      1943        11         2         1         7         2
         0         1         1
       595       596
      1944        11         2         1         7         2
         0         1         1
       596       597
      1945        11         2         1         7         2
         0         1         1
       597       598
      1946        11         2         1         7         2
         0         1         1
       598       599
      1947        11         2         1         7         2
         0         1         1
       522       550
      1948        11         2         1         7         2
         0         1         1
       550       551
      1949        11         2         1         7         2
         0         1         1
       551       552
      1950        11         2         1         7         2
         0         1         1
       552       553
      1951        11         2         1         7         2
         0         1         1
       553       554
      1952        11         2         1         7         2
         0         1         1
       554       555
      1953        11         2         1         7         2
         0         1         1
       555       556
      1954        11         2         1         7         2
         0         1         1
       556       557
      1955        11         2         1         7         2
         0         1         1
       557       558
      1956        11         2         1         7         2
         0         1         1
       558       559
      1957        11         2         1         7         2
         0         1         1
       559       560
      1958        11         2         1         7         2
         0         1         1
       560       561
      1959        11         2         1         7         2
         0         1         1
       561       562
      1960        11         2         1         7         2
         0         1         1
       562       563
      1961        11         2         1         7         2
         0         1         1
       563       564
      1962        11         2         1         7         2
         0         1         1
       564       565
      1963        11         2         1         7         2
         0         1         1
       565       566
      1964        11         2         1         7         2
         0         1         1
       566       567
      1965        11         2         1         7         2
         0         1         1
       567       568
      1966        11         2         1         7         2
         0         1         1
       568       569
      1967        11         2         1         7         2
         0         1         1
       569       570
      1968        11         2         1         7         2
         0         1         1
       570       571
      1969        11         2         1         7         2
         0         1         1
       571       572
      1970        11         2         1         7         2
         0         1         1
       572       573
      1971        11         2         1         7         2
         0         1         1
       573       574
      1972        11         2         1         7         2
         0         1         1
       521       525
      1973        11         2         1         7         2
         0         1         1
       525       526
      1974        11         2         1         7         2
         0         1         1
       526       527
      1975        11         2         1         7         2
         0         1         1
       527       528
      1976        11         2         1         7         2
         0         1         1
       528       529
      1977        11         2         1         7         2
         0         1         1
       529       530
      1978        11         2         1         7         2
         0         1         1
       530       531
      1979        11         2         1         7         2
         0         1         1
       531       532
      1980        11         2         1         7         2
         0         1         1
       532       533
      1981        11         2         1         7         2
         0         1         1
       533       534
      1982        11         2         1         7         2
         0         1         1
       534       535
      1983        11         2         1         7         2
         0         1         1
       535       536
      1984        11         2         1         7         2
         0         1         1
       536       537
      1985        11         2         1         7         2
         0         1         1
       537       538
      1986        11         2         1         7         2
         0         1         1
       538       539
      1987        11         2         1         7         2
         0         1         1
       539       540
      1988        11         2         1         7         2
         0         1         1
       540       541
      1989        11         2         1         7         2
         0         1         1
       541       542
      1990        11         2         1         7         2
         0         1         1
       542       543
      1991        11         2         1         7         2
         0         1         1
       543       544
      1992        11         2         1         7         2
         0         1         1
       544       545
      1993        11         2         1         7         2
         0         1         1
       545       546
      1994        11         2         1         7         2
         0         1         1
       546       547
      1995        11         2         1         7         2
         0         1         1
       547       548
      1996        11         2         1         7         2
         0         1         1
       548       549
      1997        11         2         1         7         2
         0         1         1
       524       600
      1998        11         2         1         7         2
         0         1         1
       600       601
      1999        11         2         1         7         2
         0         1         1
       601       602
      2000        11         2         1         7         2
         0         1         1
       602       603
      2001        11         2         1         7         2
         0         1         1
       603       604
      2002        11         2         1         7         2
         0         1         1
       604       605
      2003        11         2         1         7         2
         0         1         1
       605       606
      2004        11         2         1         7         2
         0         1         1
       606       607
      2005        11         2         1         7         2
         0         1         1
       607       608
      2006        11         2         1         7         2
         0         1         1
       608       609
      2007        11         2         1         7         2
         0         1         1
       609       610
      2008        11         2         1         7         2
         0         1         1
       610       611
      2009        11         2         1         7         2
         0         1         1
       611       612
      2010        11         2         1         7         2
         0         1         1
       612       613
      2011        11         2         1         7         2
         0         1         1
       613       614
      2012        11         2         1         7         2
         0         1         1
       614       615
      2013        11         2         1         7         2
         0         1         1
       615       616
      2014        11         2         1         7         2
         0         1         1
       616       617
      2015        11         2         1         7         2
         0         1         1
       617       618
      2016        11         2         1         7         2
         0         1         1
       618       619
      2017        11         2         1         7         2
         0         1         1
       619       620
      2018        11         2         1         7         2
         0         1         1
       620       621
      2019        11         2         1         7         2
         0         1         1
       621       622
      2020        11         2         1         7         2
         0         1         1
       622       623
      2021        11         2         1         7         2
         0         1         1
       623       624
      2022        11         2         1         7         2
         0         1         1
       495       549
      2023        11         2         1         7         2
         0         1         1
       549       574
      2024        11         2         1         7         2
         0         1         1
       574       599
      2025        11         2         1         7         2
         0         1         1
       599       132
      2032        11         2         1         7         2
         0         1         1
       625         1
      2033        11         2         1         7         2
         0         1         1
       523       626
      2034        11         2         1         7         2
         0         1         1
       626       627
      2035        11         2         1         7         2
         0         1         1
       627       625
      2292        11         2         1         7         2
         0         1         1
       627       679
      2293        11         2         1         7         2
         0         1         1
       679       680
      2294        11         2         1         7         2
         0         1         1
       680       681
      2295        11         2         1         7         2
         0         1         1
       681       682
      2296        11         2         1         7         2
         0         1         1
       682       683
      2297        11         2         1         7         2
         0         1         1
       683       684
      2298        11         2         1         7         2
         0         1         1
       684       685
      2299        11         2         1         7         2
         0         1         1
       685       686
      2300        11         2         1         7         2
         0         1         1
       686       687
      2301        11         2         1         7         2
         0         1         1
       687       688
      2302        11         2         1         7         2
         0         1         1
       688       689
      2303        11         2         1         7         2
         0         1         1
       689       690
      2304        11         2         1         7         2
         0         1         1
       690       691
      2305        11         2         1         7         2
         0         1         1
       691       692
      2306        11         2         1         7         2
         0         1         1
       692       693
      2307        11         2         1         7         2
         0         1         1
       693       694
      2308        11         2         1         7         2
         0         1         1
       694       695
      2309        11         2         1         7         2
         0         1         1
       695       696
      2310        11         2         1         7         2
         0         1         1
       696       697
      2311        11         2         1         7         2
         0         1         1
       697       698
      2312        11         2         1         7         2
         0         1         1
       698       699
      2313        11         2         1         7         2
         0         1         1
       699       700
      2314        11         2         1         7         2
         0         1         1
       700       701
      2315        11         2         1         7         2
         0         1         1
       701       702
      2316        11         2         1         7         2
         0         1         1
       702       703
      2317        11         2         1         7         2
         0         1         1
       626       654
      2318        11         2         1         7         2
         0         1         1
       654       655
      2319        11         2         1         7         2
         0         1         1
       655       656
      2320        11         2         1         7         2
         0         1         1
       656       657
      2321        11         2         1         7         2
         0         1         1
       657       658
      2322        11         2         1         7         2
         0         1         1
       658       659
      2323        11         2         1         7         2
         0         1         1
       659       660
      2324        11         2         1         7         2
         0         1         1
       660       661
      2325        11         2         1         7         2
         0         1         1
       661       662
      2326        11         2         1         7         2
         0         1         1
       662       663
      2327        11         2         1         7         2
         0         1         1
       663       664
      2328        11         2         1         7         2
         0         1         1
       664       665
      2329        11         2         1         7         2
         0         1         1
       665       666
      2330        11         2         1         7         2
         0         1         1
       666       667
      2331        11         2         1         7         2
         0         1         1
       667       668
      2332        11         2         1         7         2
         0         1         1
       668       669
      2333        11         2         1         7         2
         0         1         1
       669       670
      2334        11         2         1         7         2
         0         1         1
       670       671
      2335        11         2         1         7         2
         0         1         1
       671       672
      2336        11         2         1         7         2
         0         1         1
       672       673
      2337        11         2         1         7         2
         0         1         1
       673       674
      2338        11         2         1         7         2
         0         1         1
       674       675
      2339        11         2         1         7         2
         0         1         1
       675       676
      2340        11         2         1         7         2
         0         1         1
       676       677
      2341        11         2         1         7         2
         0         1         1
       677       678
      2342        11         2         1         7         2
         0         1         1
       625       629
      2343        11         2         1         7         2
         0         1         1
       629       630
      2344        11         2         1         7         2
         0         1         1
       630       631
      2345        11         2         1         7         2
         0         1         1
       631       632
      2346        11         2         1         7         2
         0         1         1
       632       633
      2347        11         2         1         7         2
         0         1         1
       633       634
      2348        11         2         1         7         2
         0         1         1
       634       635
      2349        11         2         1         7         2
         0         1         1
       635       636
      2350        11         2         1         7         2
         0         1         1
       636       637
      2351        11         2         1         7         2
         0         1         1
       637       638
      2352        11         2         1         7         2
         0         1         1
       638       639
      2353        11         2         1         7         2
         0         1         1
       639       640
      2354        11         2         1         7         2
         0         1         1
       640       641
      2355        11         2         1         7         2
         0         1         1
       641       642
      2356        11         2         1         7         2
         0         1         1
       642       643
      2357        11         2         1         7         2
         0         1         1
       643       644
      2358        11         2         1         7         2
         0         1         1
       644       645
      2359        11         2         1         7         2
         0         1         1
       645       646
      2360        11         2         1         7         2
         0         1         1
       646       647
      2361        11         2         1         7         2
         0         1         1
       647       648
      2362        11         2         1         7         2
         0         1         1
       648       649
      2363        11         2         1         7         2
         0         1         1
       649       650
      2364        11         2         1         7         2
         0         1         1
       650       651
      2365        11         2         1         7         2
         0         1         1
       651       652
      2366        11         2         1         7         2
         0         1         1
       652       653
      2367        11         2         1         7         2
         0         1         1
       628       704
      2368        11         2         1         7         2
         0         1         1
       704       705
      2369        11         2         1         7         2
         0         1         1
       705       706
      2370        11         2         1         7         2
         0         1         1
       706       707
      2371        11         2         1         7         2
         0         1         1
       707       708
      2372        11         2         1         7         2
         0         1         1
       708       709
      2373        11         2         1         7         2
         0         1         1
       709       710
      2374        11         2         1         7         2
         0         1         1
       710       711
      2375        11         2         1         7         2
         0         1         1
       711       712
      2376        11         2         1         7         2
         0         1         1
       712       713
      2377        11         2         1         7         2
         0         1         1
       713       714
      2378        11         2         1         7         2
         0         1         1
       714       715
      2379        11         2         1         7         2
         0         1         1
       715       716
      2380        11         2         1         7         2
         0         1         1
       716       717
      2381        11         2         1         7         2
         0         1         1
       717       718
      2382        11         2         1         7         2
         0         1         1
       718       719
      2383        11         2         1         7         2
         0         1         1
       719       720
      2384        11         2         1         7         2
         0         1         1
       720       721
      2385        11         2         1         7         2
         0         1         1
       721       722
      2386        11         2         1         7         2
         0         1         1
       722       723
      2387        11         2         1         7         2
         0         1         1
       723       724
      2388        11         2         1         7         2
         0         1         1
       724       725
      2389        11         2         1         7         2
         0         1         1
       725       726
      2390        11         2         1         7         2
         0         1         1
       726       727
      2391        11         2         1         7         2
         0         1         1
       727       728
      2392        11         2         1         7         2
         0         1         1
       653       157
      2393        11         2         1         7         2
         0         1         1
       599       678
      2394        11         2         1         7         2
         0         1         1
       678       703
      2395        11         2         1         7         2
         0         1         1
       703       653
      2402        11         2         1         7         2
         0         1         1
       729       186
      2403        11         2         1         7         2
         0         1         1
       625       730
      2404        11         2         1         7         2
         0         1         1
       730       729
      2636        11         2         1         7         2
         0         1         1
       730       757
      2637        11         2         1         7         2
         0         1         1
       757       758
      2638        11         2         1         7         2
         0         1         1
       758       759
      2639        11         2         1         7         2
         0         1         1
       759       760
      2640        11         2         1         7         2
         0         1         1
       760       761
      2641        11         2         1         7         2
         0         1         1
       761       762
      2642        11         2         1         7         2
         0         1         1
       762       763
      2643        11         2         1         7         2
         0         1         1
       763       764
      2644        11         2         1         7         2
         0         1         1
       764       765
      2645        11         2         1         7         2
         0         1         1
       765       766
      2646        11         2         1         7         2
         0         1         1
       766       767
      2647        11         2         1         7         2
         0         1         1
       767       768
      2648        11         2         1         7         2
         0         1         1
       768       769
      2649        11         2         1         7         2
         0         1         1
       769       770
      2650        11         2         1         7         2
         0         1         1
       770       771
      2651        11         2         1         7         2
         0         1         1
       771       772
      2652        11         2         1         7         2
         0         1         1
       772       773
      2653        11         2         1         7         2
         0         1         1
       773       774
      2654        11         2         1         7         2
         0         1         1
       774       775
      2655        11         2         1         7         2
         0         1         1
       775       776
      2656        11         2         1         7         2
         0         1         1
       776       777
      2657        11         2         1         7         2
         0         1         1
       777       778
      2658        11         2         1         7         2
         0         1         1
       778       779
      2659        11         2         1         7         2
         0         1         1
       779       780
      2660        11         2         1         7         2
         0         1         1
       780       781
      2661        11         2         1         7         2
         0         1         1
       729       732
      2662        11         2         1         7         2
         0         1         1
       732       733
      2663        11         2         1         7         2
         0         1         1
       733       734
      2664        11         2         1         7         2
         0         1         1
       734       735
      2665        11         2         1         7         2
         0         1         1
       735       736
      2666        11         2         1         7         2
         0         1         1
       736       737
      2667        11         2         1         7         2
         0         1         1
       737       738
      2668        11         2         1         7         2
         0         1         1
       738       739
      2669        11         2         1         7         2
         0         1         1
       739       740
      2670        11         2         1         7         2
         0         1         1
       740       741
      2671        11         2         1         7         2
         0         1         1
       741       742
      2672        11         2         1         7         2
         0         1         1
       742       743
      2673        11         2         1         7         2
         0         1         1
       743       744
      2674        11         2         1         7         2
         0         1         1
       744       745
      2675        11         2         1         7         2
         0         1         1
       745       746
      2676        11         2         1         7         2
         0         1         1
       746       747
      2677        11         2         1         7         2
         0         1         1
       747       748
      2678        11         2         1         7         2
         0         1         1
       748       749
      2679        11         2         1         7         2
         0         1         1
       749       750
      2680        11         2         1         7         2
         0         1         1
       750       751
      2681        11         2         1         7         2
         0         1         1
       751       752
      2682        11         2         1         7         2
         0         1         1
       752       753
      2683        11         2         1         7         2
         0         1         1
       753       754
      2684        11         2         1         7         2
         0         1         1
       754       755
      2685        11         2         1         7         2
         0         1         1
       755       756
      2686        11         2         1         7         2
         0         1         1
       731       782
      2687        11         2         1         7         2
         0         1         1
       782       783
      2688        11         2         1         7         2
         0         1         1
       783       784
      2689        11         2         1         7         2
         0         1         1
       784       785
      2690        11         2         1         7         2
         0         1         1
       785       786
      2691        11         2         1         7         2
         0         1         1
       786       787
      2692        11         2         1         7         2
         0         1         1
       787       788
      2693        11         2         1         7         2
         0         1         1
       788       789
      2694        11         2         1         7         2
         0         1         1
       789       790
      2695        11         2         1         7         2
         0         1         1
       790       791
      2696        11         2         1         7         2
         0         1         1
       791       792
      2697        11         2         1         7         2
         0         1         1
       792       793
      2698        11         2         1         7         2
         0         1         1
       793       794
      2699        11         2         1         7         2
         0         1         1
       794       795
      2700        11         2         1         7         2
         0         1         1
       795       796
      2701        11         2         1         7         2
         0         1         1
       796       797
      2702        11         2         1         7         2
         0         1         1
       797       798
      2703        11         2         1         7         2
         0         1         1
       798       799
      2704        11         2         1         7         2
         0         1         1
       799       800
      2705        11         2         1         7         2
         0         1         1
       800       801
      2706        11         2         1         7         2
         0         1         1
       801       802
      2707        11         2         1         7         2
         0         1         1
       802       803
      2708        11         2         1         7         2
         0         1         1
       803       804
      2709        11         2         1         7         2
         0         1         1
       804       805
      2710        11         2         1         7         2
         0         1         1
       805       806
      2711        11         2         1         7         2
         0         1         1
       756       287
      2712        11         2         1         7         2
         0         1         1
       653       781
      2713        11         2         1         7         2
         0         1         1
       781       756
      2840        11         2         1         7         2
         0         1         1
       157       857
      2841        11         2         1         7         2
         0         1         1
       857       858
      2842        11         2         1         7         2
         0         1         1
       858       859
      2843        11         2         1         7         2
         0         1         1
       859       860
      2844        11         2         1         7         2
         0         1         1
       860       861
      2845        11         2         1         7         2
         0         1         1
       861       862
      2846        11         2         1         7         2
         0         1         1
       862       863
      2847        11         2         1         7         2
         0         1         1
       863       864
      2848        11         2         1         7         2
         0         1         1
       864       865
      2849        11         2         1         7         2
         0         1         1
       865       866
      2850        11         2         1         7         2
         0         1         1
       132       847
      2851        11         2         1         7         2
         0         1         1
       847       848
      2852        11         2         1         7         2
         0         1         1
       848       849
      2853        11         2         1         7         2
         0         1         1
       849       850
      2854        11         2         1         7         2
         0         1         1
       850       851
      2855        11         2         1         7         2
         0         1         1
       851       852
      2856        11         2         1         7         2
         0         1         1
       852       853
      2857        11         2         1         7         2
         0         1         1
       853       854
      2858        11         2         1         7         2
         0         1         1
       854       855
      2859        11         2         1         7         2
         0         1         1
       855       856
      2860        11         2         1         7         2
         0         1         1
       107       837
      2861        11         2         1         7         2
         0         1         1
       837       838
      2862        11         2         1         7         2
         0         1         1
       838       839
      2863        11         2         1         7         2
         0         1         1
       839       840
      2864        11         2         1         7         2
         0         1         1
       840       841
      2865        11         2         1         7         2
         0         1         1
       841       842
      2866        11         2         1         7         2
         0         1         1
       842       843
      2867        11         2         1         7         2
         0         1         1
       843       844
      2868        11         2         1         7         2
         0         1         1
       844       845
      2869        11         2         1         7         2
         0         1         1
       845       846
      2870        11         2         1         7         2
         0         1         1
        82       827
      2871        11         2         1         7         2
         0         1         1
       827       828
      2872        11         2         1         7         2
         0         1         1
       828       829
      2873        11         2         1         7         2
         0         1         1
       829       830
      2874        11         2         1         7         2
         0         1         1
       830       831
      2875        11         2         1         7         2
         0         1         1
       831       832
      2876        11         2         1         7         2
         0         1         1
       832       833
      2877        11         2         1         7         2
         0         1         1
       833       834
      2878        11         2         1         7         2
         0         1         1
       834       835
      2879        11         2         1         7         2
         0         1         1
       835       836
      2880        11         2         1         7         2
         0         1         1
        57       807
      2881        11         2         1         7         2
         0         1         1
       807       809
      2882        11         2         1         7         2
         0         1         1
       809       811
      2883        11         2         1         7         2
         0         1         1
       811       813
      2884        11         2         1         7         2
         0         1         1
       813       815
      2885        11         2         1         7         2
         0         1         1
       815       817
      2886        11         2         1         7         2
         0         1         1
       817       819
      2887        11         2         1         7         2
         0         1         1
       819       821
      2888        11         2         1         7         2
         0         1         1
       821       823
      2889        11         2         1         7         2
         0         1         1
       823       825
      2890        11         2         1         7         2
         0         1         1
        32       808
      2891        11         2         1         7         2
         0         1         1
       808       810
      2892        11         2         1         7         2
         0         1         1
       810       812
      2893        11         2         1         7         2
         0         1         1
       812       814
      2894        11         2         1         7         2
         0         1         1
       814       816
      2895        11         2         1         7         2
         0         1         1
       816       818
      2896        11         2         1         7         2
         0         1         1
       818       820
      2897        11         2         1         7         2
         0         1         1
       820       822
      2898        11         2         1         7         2
         0         1         1
       822       824
      2899        11         2         1         7         2
         0         1         1
       824       826
      2900        11         2         1         7         2
         0         1         1
       182       867
      2901        11         2         1         7         2
         0         1         1
       867       868
      2902        11         2         1         7         2
         0         1         1
       868       869
      2903        11         2         1         7         2
         0         1         1
       869       870
      2904        11         2         1         7         2
         0         1         1
       870       871
      2905        11         2         1         7         2
         0         1         1
       871       872
      2906        11         2         1         7         2
         0         1         1
       872       873
      2907        11         2         1         7         2
         0         1         1
       873       874
      2908        11         2         1         7         2
         0         1         1
       874       875
      2909        11         2         1         7         2
         0         1         1
       875       876
      2910        11         2         1         7         2
         0         1         1
       826       825
      2911        11         2         1         7         2
         0         1         1
       825       836
      2912        11         2         1         7         2
         0         1         1
       836       846
      2913        11         2         1         7         2
         0         1         1
       846       856
      2914        11         2         1         7         2
         0         1         1
       856       866
      2915        11         2         1         7         2
         0         1         1
       866       826
      3032        11         2         1         7         2
         0         1         1
       287       907
      3033        11         2         1         7         2
         0         1         1
       907       908
      3034        11         2         1         7         2
         0         1         1
       908       909
      3035        11         2         1         7         2
         0         1         1
       909       910
      3036        11         2         1         7         2
         0         1         1
       910       911
      3037        11         2         1         7         2
         0         1         1
       911       912
      3038        11         2         1         7         2
         0         1         1
       912       913
      3039        11         2         1         7         2
         0         1         1
       913       914
      3040        11         2         1         7         2
         0         1         1
       914       915
      3041        11         2         1         7         2
         0         1         1
       915       916
      3042        11         2         1         7         2
         0         1         1
       262       897
      3043        11         2         1         7         2
         0         1         1
       897       898
      3044        11         2         1         7         2
         0         1         1
       898       899
      3045        11         2         1         7         2
         0         1         1
       899       900
      3046        11         2         1         7         2
         0         1         1
       900       901
      3047        11         2         1         7         2
         0         1         1
       901       902
      3048        11         2         1         7         2
         0         1         1
       902       903
      3049        11         2         1         7         2
         0         1         1
       903       904
      3050        11         2         1         7         2
         0         1         1
       904       905
      3051        11         2         1         7         2
         0         1         1
       905       906
      3052        11         2         1         7         2
         0         1         1
       236       877
      3053        11         2         1         7         2
         0         1         1
       877       879
      3054        11         2         1         7         2
         0         1         1
       879       881
      3055        11         2         1         7         2
         0         1         1
       881       883
      3056        11         2         1         7         2
         0         1         1
       883       885
      3057        11         2         1         7         2
         0         1         1
       885       887
      3058        11         2         1         7         2
         0         1         1
       887       889
      3059        11         2         1         7         2
         0         1         1
       889       891
      3060        11         2         1         7         2
         0         1         1
       891       893
      3061        11         2         1         7         2
         0         1         1
       893       895
      3062        11         2         1         7         2
         0         1         1
       237       878
      3063        11         2         1         7         2
         0         1         1
       878       880
      3064        11         2         1         7         2
         0         1         1
       880       882
      3065        11         2         1         7         2
         0         1         1
       882       884
      3066        11         2         1         7         2
         0         1         1
       884       886
      3067        11         2         1         7         2
         0         1         1
       886       888
      3068        11         2         1         7         2
         0         1         1
       888       890
      3069        11         2         1         7         2
         0         1         1
       890       892
      3070        11         2         1         7         2
         0         1         1
       892       894
      3071        11         2         1         7         2
         0         1         1
       894       896
      3072        11         2         1         7         2
         0         1         1
       312       917
      3073        11         2         1         7         2
         0         1         1
       917       918
      3074        11         2         1         7         2
         0         1         1
       918       919
      3075        11         2         1         7         2
         0         1         1
       919       920
      3076        11         2         1         7         2
         0         1         1
       920       921
      3077        11         2         1         7         2
         0         1         1
       921       922
      3078        11         2         1         7         2
         0         1         1
       922       923
      3079        11         2         1         7         2
         0         1         1
       923       924
      3080        11         2         1         7         2
         0         1         1
       924       925
      3081        11         2         1         7         2
         0         1         1
       925       926
      3082        11         2         1         7         2
         0         1         1
       896       895
      3083        11         2         1         7         2
         0         1         1
       895       906
      3084        11         2         1         7         2
         0         1         1
       906       825
      3085        11         2         1         7         2
         0         1         1
       826       916
      3086        11         2         1         7         2
         0         1         1
       916       896
      3193        11         2         1         7         2
         0         1         1
       391       947
      3194        11         2         1         7         2
         0         1         1
       947       948
      3195        11         2         1         7         2
         0         1         1
       948       949
      3196        11         2         1         7         2
         0         1         1
       949       950
      3197        11         2         1         7         2
         0         1         1
       950       951
      3198        11         2         1         7         2
         0         1         1
       951       952
      3199        11         2         1         7         2
         0         1         1
       952       953
      3200        11         2         1         7         2
         0         1         1
       953       954
      3201        11         2         1         7         2
         0         1         1
       954       955
      3202        11         2         1         7         2
         0         1         1
       955       956
      3203        11         2         1         7         2
         0         1         1
       366       937
      3204        11         2         1         7         2
         0         1         1
       937       938
      3205        11         2         1         7         2
         0         1         1
       938       939
      3206        11         2         1         7         2
         0         1         1
       939       940
      3207        11         2         1         7         2
         0         1         1
       940       941
      3208        11         2         1         7         2
         0         1         1
       941       942
      3209        11         2         1         7         2
         0         1         1
       942       943
      3210        11         2         1         7         2
         0         1         1
       943       944
      3211        11         2         1         7         2
         0         1         1
       944       945
      3212        11         2         1         7         2
         0         1         1
       945       946
      3213        11         2         1         7         2
         0         1         1
       341       927
      3214        11         2         1         7         2
         0         1         1
       927       928
      3215        11         2         1         7         2
         0         1         1
       928       929
      3216        11         2         1         7         2
         0         1         1
       929       930
      3217        11         2         1         7         2
         0         1         1
       930       931
      3218        11         2         1         7         2
         0         1         1
       931       932
      3219        11         2         1         7         2
         0         1         1
       932       933
      3220        11         2         1         7         2
         0         1         1
       933       934
      3221        11         2         1         7         2
         0         1         1
       934       935
      3222        11         2         1         7         2
         0         1         1
       935       936
      3223        11         2         1         7         2
         0         1         1
       416       957
      3224        11         2         1         7         2
         0         1         1
       957       958
      3225        11         2         1         7         2
         0         1         1
       958       959
      3226        11         2         1         7         2
         0         1         1
       959       960
      3227        11         2         1         7         2
         0         1         1
       960       961
      3228        11         2         1         7         2
         0         1         1
       961       962
      3229        11         2         1         7         2
         0         1         1
       962       963
      3230        11         2         1         7         2
         0         1         1
       963       964
      3231        11         2         1         7         2
         0         1         1
       964       965
      3232        11         2         1         7         2
         0         1         1
       965       966
      3233        11         2         1         7         2
         0         1         1
       906       936
      3234        11         2         1         7         2
         0         1         1
       936       946
      3235        11         2         1         7         2
         0         1         1
       946       956
      3236        11         2         1         7         2
         0         1         1
       956       836
      3343        11         2         1         7         2
         0         1         1
       495       987
      3344        11         2         1         7         2
         0         1         1
       987       988
      3345        11         2         1         7         2
         0         1         1
       988       989
      3346        11         2         1         7         2
         0         1         1
       989       990
      3347        11         2         1         7         2
         0         1         1
       990       991
      3348        11         2         1         7         2
         0         1         1
       991       992
      3349        11         2         1         7         2
         0         1         1
       992       993
      3350        11         2         1         7         2
         0         1         1
       993       994
      3351        11         2         1         7         2
         0         1         1
       994       995
      3352        11         2         1         7         2
         0         1         1
       995       996
      3353        11         2         1         7         2
         0         1         1
       470       977
      3354        11         2         1         7         2
         0         1         1
       977       978
      3355        11         2         1         7         2
         0         1         1
       978       979
      3356        11         2         1         7         2
         0         1         1
       979       980
      3357        11         2         1         7         2
         0         1         1
       980       981
      3358        11         2         1         7         2
         0         1         1
       981       982
      3359        11         2         1         7         2
         0         1         1
       982       983
      3360        11         2         1         7         2
         0         1         1
       983       984
      3361        11         2         1         7         2
         0         1         1
       984       985
      3362        11         2         1         7         2
         0         1         1
       985       986
      3363        11         2         1         7         2
         0         1         1
       445       967
      3364        11         2         1         7         2
         0         1         1
       967       968
      3365        11         2         1         7         2
         0         1         1
       968       969
      3366        11         2         1         7         2
         0         1         1
       969       970
      3367        11         2         1         7         2
         0         1         1
       970       971
      3368        11         2         1         7         2
         0         1         1
       971       972
      3369        11         2         1         7         2
         0         1         1
       972       973
      3370        11         2         1         7         2
         0         1         1
       973       974
      3371        11         2         1         7         2
         0         1         1
       974       975
      3372        11         2         1         7         2
         0         1         1
       975       976
      3373        11         2         1         7         2
         0         1         1
       520       997
      3374        11         2         1         7         2
         0         1         1
       997       998
      3375        11         2         1         7         2
         0         1         1
       998       999
      3376        11         2         1         7         2
         0         1         1
       999      1000
      3377        11         2         1         7         2
         0         1         1
      1000      1001
      3378        11         2         1         7         2
         0         1         1
      1001      1002
      3379        11         2         1         7         2
         0         1         1
      1002      1003
      3380        11         2         1         7         2
         0         1         1
      1003      1004
      3381        11         2         1         7         2
         0         1         1
      1004      1005
      3382        11         2         1         7         2
         0         1         1
      1005      1006
      3383        11         2         1         7         2
         0         1         1
       956       976
      3384        11         2         1         7         2
         0         1         1
       976       986
      3385        11         2         1         7         2
         0         1         1
       986       996
      3386        11         2         1         7         2
         0         1         1
       996       846
      3493        11         2         1         7         2
         0         1         1
       599      1027
      3494        11         2         1         7         2
         0         1         1
      1027      1028
      3495        11         2         1         7         2
         0         1         1
      1028      1029
      3496        11         2         1         7         2
         0         1         1
      1029      1030
      3497        11         2         1         7         2
         0         1         1
      1030      1031
      3498        11         2         1         7         2
         0         1         1
      1031      1032
      3499        11         2         1         7         2
         0         1         1
      1032      1033
      3500        11         2         1         7         2
         0         1         1
      1033      1034
      3501        11         2         1         7         2
         0         1         1
      1034      1035
      3502        11         2         1         7         2
         0         1         1
      1035      1036
      3503        11         2         1         7         2
         0         1         1
       574      1017
      3504        11         2         1         7         2
         0         1         1
      1017      1018
      3505        11         2         1         7         2
         0         1         1
      1018      1019
      3506        11         2         1         7         2
         0         1         1
      1019      1020
      3507        11         2         1         7         2
         0         1         1
      1020      1021
      3508        11         2         1         7         2
         0         1         1
      1021      1022
      3509        11         2         1         7         2
         0         1         1
      1022      1023
      3510        11         2         1         7         2
         0         1         1
      1023      1024
      3511        11         2         1         7         2
         0         1         1
      1024      1025
      3512        11         2         1         7         2
         0         1         1
      1025      1026
      3513        11         2         1         7         2
         0         1         1
       549      1007
      3514        11         2         1         7         2
         0         1         1
      1007      1008
      3515        11         2         1         7         2
         0         1         1
      1008      1009
      3516        11         2         1         7         2
         0         1         1
      1009      1010
      3517        11         2         1         7         2
         0         1         1
      1010      1011
      3518        11         2         1         7         2
         0         1         1
      1011      1012
      3519        11         2         1         7         2
         0         1         1
      1012      1013
      3520        11         2         1         7         2
         0         1         1
      1013      1014
      3521        11         2         1         7         2
         0         1         1
      1014      1015
      3522        11         2         1         7         2
         0         1         1
      1015      1016
      3523        11         2         1         7         2
         0         1         1
       624      1037
      3524        11         2         1         7         2
         0         1         1
      1037      1038
      3525        11         2         1         7         2
         0         1         1
      1038      1039
      3526        11         2         1         7         2
         0         1         1
      1039      1040
      3527        11         2         1         7         2
         0         1         1
      1040      1041
      3528        11         2         1         7         2
         0         1         1
      1041      1042
      3529        11         2         1         7         2
         0         1         1
      1042      1043
      3530        11         2         1         7         2
         0         1         1
      1043      1044
      3531        11         2         1         7         2
         0         1         1
      1044      1045
      3532        11         2         1         7         2
         0         1         1
      1045      1046
      3533        11         2         1         7         2
         0         1         1
       996      1016
      3534        11         2         1         7         2
         0         1         1
      1016      1026
      3535        11         2         1         7         2
         0         1         1
      1026      1036
      3536        11         2         1         7         2
         0         1         1
      1036       856
      3643        11         2         1         7         2
         0         1         1
       703      1067
      3644        11         2         1         7         2
         0         1         1
      1067      1068
      3645        11         2         1         7         2
         0         1         1
      1068      1069
      3646        11         2         1         7         2
         0         1         1
      1069      1070
      3647        11         2         1         7         2
         0         1         1
      1070      1071
      3648        11         2         1         7         2
         0         1         1
      1071      1072
      3649        11         2         1         7         2
         0         1         1
      1072      1073
      3650        11         2         1         7         2
         0         1         1
      1073      1074
      3651        11         2         1         7         2
         0         1         1
      1074      1075
      3652        11         2         1         7         2
         0         1         1
      1075      1076
      3653        11         2         1         7         2
         0         1         1
       678      1057
      3654        11         2         1         7         2
         0         1         1
      1057      1058
      3655        11         2         1         7         2
         0         1         1
      1058      1059
      3656        11         2         1         7         2
         0         1         1
      1059      1060
      3657        11         2         1         7         2
         0         1         1
      1060      1061
      3658        11         2         1         7         2
         0         1         1
      1061      1062
      3659        11         2         1         7         2
         0         1         1
      1062      1063
      3660        11         2         1         7         2
         0         1         1
      1063      1064
      3661        11         2         1         7         2
         0         1         1
      1064      1065
      3662        11         2         1         7         2
         0         1         1
      1065      1066
      3663        11         2         1         7         2
         0         1         1
       653      1047
      3664        11         2         1         7         2
         0         1         1
      1047      1048
      3665        11         2         1         7         2
         0         1         1
      1048      1049
      3666        11         2         1         7         2
         0         1         1
      1049      1050
      3667        11         2         1         7         2
         0         1         1
      1050      1051
      3668        11         2         1         7         2
         0         1         1
      1051      1052
      3669        11         2         1         7         2
         0         1         1
      1052      1053
      3670        11         2         1         7         2
         0         1         1
      1053      1054
      3671        11         2         1         7         2
         0         1         1
      1054      1055
      3672        11         2         1         7         2
         0         1         1
      1055      1056
      3673        11         2         1         7         2
         0         1         1
       728      1077
      3674        11         2         1         7         2
         0         1         1
      1077      1078
      3675        11         2         1         7         2
         0         1         1
      1078      1079
      3676        11         2         1         7         2
         0         1         1
      1079      1080
      3677        11         2         1         7         2
         0         1         1
      1080      1081
      3678        11         2         1         7         2
         0         1         1
      1081      1082
      3679        11         2         1         7         2
         0         1         1
      1082      1083
      3680        11         2         1         7         2
         0         1         1
      1083      1084
      3681        11         2         1         7         2
         0         1         1
      1084      1085
      3682        11         2         1         7         2
         0         1         1
      1085      1086
      3683        11         2         1         7         2
         0         1         1
      1056       866
      3684        11         2         1         7         2
         0         1         1
      1036      1066
      3685        11         2         1         7         2
         0         1         1
      1066      1076
      3686        11         2         1         7         2
         0         1         1
      1076      1056
      3783        11         2         1         7         2
         0         1         1
       781      1097
      3784        11         2         1         7         2
         0         1         1
      1097      1098
      3785        11         2         1         7         2
         0         1         1
      1098      1099
      3786        11         2         1         7         2
         0         1         1
      1099      1100
      3787        11         2         1         7         2
         0         1         1
      1100      1101
      3788        11         2         1         7         2
         0         1         1
      1101      1102
      3789        11         2         1         7         2
         0         1         1
      1102      1103
      3790        11         2         1         7         2
         0         1         1
      1103      1104
      3791        11         2         1         7         2
         0         1         1
      1104      1105
      3792        11         2         1         7         2
         0         1         1
      1105      1106
      3793        11         2         1         7         2
         0         1         1
       756      1087
      3794        11         2         1         7         2
         0         1         1
      1087      1088
      3795        11         2         1         7         2
         0         1         1
      1088      1089
      3796        11         2         1         7         2
         0         1         1
      1089      1090
      3797        11         2         1         7         2
         0         1         1
      1090      1091
      3798        11         2         1         7         2
         0         1         1
      1091      1092
      3799        11         2         1         7         2
         0         1         1
      1092      1093
      3800        11         2         1         7         2
         0         1         1
      1093      1094
      3801        11         2         1         7         2
         0         1         1
      1094      1095
      3802        11         2         1         7         2
         0         1         1
      1095      1096
      3803        11         2         1         7         2
         0         1         1
       806      1107
      3804        11         2         1         7         2
         0         1         1
      1107      1108
      3805        11         2         1         7         2
         0         1         1
      1108      1109
      3806        11         2         1         7         2
         0         1         1
      1109      1110
      3807        11         2         1         7         2
         0         1         1
      1110      1111
      3808        11         2         1         7         2
         0         1         1
      1111      1112
      3809        11         2         1         7         2
         0         1         1
      1112      1113
      3810        11         2         1         7         2
         0         1         1
      1113      1114
      3811        11         2         1         7         2
         0         1         1
      1114      1115
      3812        11         2         1         7         2
         0         1         1
      1115      1116
      3813        11         2         1         7         2
         0         1         1
      1096       916
      3814        11         2         1         7         2
         0         1         1
      1056      1106
      3815        11         2         1         7         2
         0         1         1
      1106      1096
      3822        11         2         1         7         2
         0         1         1
      1117      1118
      3823        11         2         1         7         2
         0         1         1
      1118      1119
      3824        11         2         1         7         2
         0         1         1
      1119      1120
      3825        11         2         1         7         2
         0         1         1
      1120      1121
      3826        11         2         1         7         2
         0         1         1
      1121      1122
      3827        11         2         1         7         2
         0         1         1
      1122      1117
      3954        11         2         1         7         2
         0         1         1
      1122      1169
      3955        11         2         1         7         2
         0         1         1
      1169      1170
      3956        11         2         1         7         2
         0         1         1
      1170      1171
      3957        11         2         1         7         2
         0         1         1
      1171      1172
      3958        11         2         1         7         2
         0         1         1
      1172      1173
      3959        11         2         1         7         2
         0         1         1
      1173      1174
      3960        11         2         1         7         2
         0         1         1
      1174      1175
      3961        11         2         1         7         2
         0         1         1
      1175      1176
      3962        11         2         1         7         2
         0         1         1
      1176      1177
      3963        11         2         1         7         2
         0         1         1
      1177         1
      3964        11         2         1         7         2
         0         1         1
      1121      1160
      3965        11         2         1         7         2
         0         1         1
      1160      1161
      3966        11         2         1         7         2
         0         1         1
      1161      1162
      3967        11         2         1         7         2
         0         1         1
      1162      1163
      3968        11         2         1         7         2
         0         1         1
      1163      1164
      3969        11         2         1         7         2
         0         1         1
      1164      1165
      3970        11         2         1         7         2
         0         1         1
      1165      1166
      3971        11         2         1         7         2
         0         1         1
      1166      1167
      3972        11         2         1         7         2
         0         1         1
      1167      1168
      3973        11         2         1         7         2
         0         1         1
      1168         2
      3974        11         2         1         7         2
         0         1         1
      1120      1151
      3975        11         2         1         7         2
         0         1         1
      1151      1152
      3976        11         2         1         7         2
         0         1         1
      1152      1153
      3977        11         2         1         7         2
         0         1         1
      1153      1154
      3978        11         2         1         7         2
         0         1         1
      1154      1155
      3979        11         2         1         7         2
         0         1         1
      1155      1156
      3980        11         2         1         7         2
         0         1         1
      1156      1157
      3981        11         2         1         7         2
         0         1         1
      1157      1158
      3982        11         2         1         7         2
         0         1         1
      1158      1159
      3983        11         2         1         7         2
         0         1         1
      1159         3
      3984        11         2         1         7         2
         0         1         1
      1119      1142
      3985        11         2         1         7         2
         0         1         1
      1142      1143
      3986        11         2         1         7         2
         0         1         1
      1143      1144
      3987        11         2         1         7         2
         0         1         1
      1144      1145
      3988        11         2         1         7         2
         0         1         1
      1145      1146
      3989        11         2         1         7         2
         0         1         1
      1146      1147
      3990        11         2         1         7         2
         0         1         1
      1147      1148
      3991        11         2         1         7         2
         0         1         1
      1148      1149
      3992        11         2         1         7         2
         0         1         1
      1149      1150
      3993        11         2         1         7         2
         0         1         1
      1150         4
      3994        11         2         1         7         2
         0         1         1
      1118      1124
      3995        11         2         1         7         2
         0         1         1
      1124      1126
      3996        11         2         1         7         2
         0         1         1
      1126      1128
      3997        11         2         1         7         2
         0         1         1
      1128      1130
      3998        11         2         1         7         2
         0         1         1
      1130      1132
      3999        11         2         1         7         2
         0         1         1
      1132      1134
      4000        11         2         1         7         2
         0         1         1
      1134      1136
      4001        11         2         1         7         2
         0         1         1
      1136      1138
      4002        11         2         1         7         2
         0         1         1
      1138      1140
      4003        11         2         1         7         2
         0         1         1
      1140         5
      4004        11         2         1         7         2
         0         1         1
      1117      1125
      4005        11         2         1         7         2
         0         1         1
      1125      1127
      4006        11         2         1         7         2
         0         1         1
      1127      1129
      4007        11         2         1         7         2
         0         1         1
      1129      1131
      4008        11         2         1         7         2
         0         1         1
      1131      1133
      4009        11         2         1         7         2
         0         1         1
      1133      1135
      4010        11         2         1         7         2
         0         1         1
      1135      1137
      4011        11         2         1         7         2
         0         1         1
      1137      1139
      4012        11         2         1         7         2
         0         1         1
      1139      1141
      4013        11         2         1         7         2
         0         1         1
      1141         6
      4014        11         2         1         7         2
         0         1         1
      1123      1178
      4015        11         2         1         7         2
         0         1         1
      1178      1179
      4016        11         2         1         7         2
         0         1         1
      1179      1180
      4017        11         2         1         7         2
         0         1         1
      1180      1181
      4018        11         2         1         7         2
         0         1         1
      1181      1182
      4019        11         2         1         7         2
         0         1         1
      1182      1183
      4020        11         2         1         7         2
         0         1         1
      1183      1184
      4021        11         2         1         7         2
         0         1         1
      1184      1185
      4022        11         2         1         7         2
         0         1         1
      1185      1186
      4023        11         2         1         7         2
         0         1         1
      1186         7
      4024        11         2         1         7         2
         0         1         1
      1187      1188
      4025        11         2         1         7         2
         0         1         1
      1188      1189
      4026        11         2         1         7         2
         0         1         1
      1189      1118
      4027        11         2         1         7         2
         0         1         1
      1117      1190
      4028        11         2         1         7         2
         0         1         1
      1190      1187
      4145        11         2         1         7         2
         0         1         1
      1190      1219
      4146        11         2         1         7         2
         0         1         1
      1219      1220
      4147        11         2         1         7         2
         0         1         1
      1220      1221
      4148        11         2         1         7         2
         0         1         1
      1221      1222
      4149        11         2         1         7         2
         0         1         1
      1222      1223
      4150        11         2         1         7         2
         0         1         1
      1223      1224
      4151        11         2         1         7         2
         0         1         1
      1224      1225
      4152        11         2         1         7         2
         0         1         1
      1225      1226
      4153        11         2         1         7         2
         0         1         1
      1226      1227
      4154        11         2         1         7         2
         0         1         1
      1227       186
      4155        11         2         1         7         2
         0         1         1
      1189      1210
      4156        11         2         1         7         2
         0         1         1
      1210      1211
      4157        11         2         1         7         2
         0         1         1
      1211      1212
      4158        11         2         1         7         2
         0         1         1
      1212      1213
      4159        11         2         1         7         2
         0         1         1
      1213      1214
      4160        11         2         1         7         2
         0         1         1
      1214      1215
      4161        11         2         1         7         2
         0         1         1
      1215      1216
      4162        11         2         1         7         2
         0         1         1
      1216      1217
      4163        11         2         1         7         2
         0         1         1
      1217      1218
      4164        11         2         1         7         2
         0         1         1
      1218       185
      4165        11         2         1         7         2
         0         1         1
      1188      1192
      4166        11         2         1         7         2
         0         1         1
      1192      1194
      4167        11         2         1         7         2
         0         1         1
      1194      1196
      4168        11         2         1         7         2
         0         1         1
      1196      1198
      4169        11         2         1         7         2
         0         1         1
      1198      1200
      4170        11         2         1         7         2
         0         1         1
      1200      1202
      4171        11         2         1         7         2
         0         1         1
      1202      1204
      4172        11         2         1         7         2
         0         1         1
      1204      1206
      4173        11         2         1         7         2
         0         1         1
      1206      1208
      4174        11         2         1         7         2
         0         1         1
      1208       184
      4175        11         2         1         7         2
         0         1         1
      1187      1193
      4176        11         2         1         7         2
         0         1         1
      1193      1195
      4177        11         2         1         7         2
         0         1         1
      1195      1197
      4178        11         2         1         7         2
         0         1         1
      1197      1199
      4179        11         2         1         7         2
         0         1         1
      1199      1201
      4180        11         2         1         7         2
         0         1         1
      1201      1203
      4181        11         2         1         7         2
         0         1         1
      1203      1205
      4182        11         2         1         7         2
         0         1         1
      1205      1207
      4183        11         2         1         7         2
         0         1         1
      1207      1209
      4184        11         2         1         7         2
         0         1         1
      1209       183
      4185        11         2         1         7         2
         0         1         1
      1191      1228
      4186        11         2         1         7         2
         0         1         1
      1228      1229
      4187        11         2         1         7         2
         0         1         1
      1229      1230
      4188        11         2         1         7         2
         0         1         1
      1230      1231
      4189        11         2         1         7         2
         0         1         1
      1231      1232
      4190        11         2         1         7         2
         0         1         1
      1232      1233
      4191        11         2         1         7         2
         0         1         1
      1233      1234
      4192        11         2         1         7         2
         0         1         1
      1234      1235
      4193        11         2         1         7         2
         0         1         1
      1235      1236
      4194        11         2         1         7         2
         0         1         1
      1236       187
      4195        11         2         1         7         2
         0         1         1
      1189      1237
      4196        11         2         1         7         2
         0         1         1
      1237      1238
      4197        11         2         1         7         2
         0         1         1
      1238      1239
      4198        11         2         1         7         2
         0         1         1
      1239      1119
      4305        11         2         1         7         2
         0         1         1
      1239      1259
      4306        11         2         1         7         2
         0         1         1
      1259      1260
      4307        11         2         1         7         2
         0         1         1
      1260      1261
      4308        11         2         1         7         2
         0         1         1
      1261      1262
      4309        11         2         1         7         2
         0         1         1
      1262      1263
      4310        11         2         1         7         2
         0         1         1
      1263      1264
      4311        11         2         1         7         2
         0         1         1
      1264      1265
      4312        11         2         1         7         2
         0         1         1
      1265      1266
      4313        11         2         1         7         2
         0         1         1
      1266      1267
      4314        11         2         1         7         2
         0         1         1
      1267       315
      4315        11         2         1         7         2
         0         1         1
      1238      1250
      4316        11         2         1         7         2
         0         1         1
      1250      1251
      4317        11         2         1         7         2
         0         1         1
      1251      1252
      4318        11         2         1         7         2
         0         1         1
      1252      1253
      4319        11         2         1         7         2
         0         1         1
      1253      1254
      4320        11         2         1         7         2
         0         1         1
      1254      1255
      4321        11         2         1         7         2
         0         1         1
      1255      1256
      4322        11         2         1         7         2
         0         1         1
      1256      1257
      4323        11         2         1         7         2
         0         1         1
      1257      1258
      4324        11         2         1         7         2
         0         1         1
      1258       314
      4325        11         2         1         7         2
         0         1         1
      1237      1241
      4326        11         2         1         7         2
         0         1         1
      1241      1242
      4327        11         2         1         7         2
         0         1         1
      1242      1243
      4328        11         2         1         7         2
         0         1         1
      1243      1244
      4329        11         2         1         7         2
         0         1         1
      1244      1245
      4330        11         2         1         7         2
         0         1         1
      1245      1246
      4331        11         2         1         7         2
         0         1         1
      1246      1247
      4332        11         2         1         7         2
         0         1         1
      1247      1248
      4333        11         2         1         7         2
         0         1         1
      1248      1249
      4334        11         2         1         7         2
         0         1         1
      1249       313
      4335        11         2         1         7         2
         0         1         1
      1240      1268
      4336        11         2         1         7         2
         0         1         1
      1268      1269
      4337        11         2         1         7         2
         0         1         1
      1269      1270
      4338        11         2         1         7         2
         0         1         1
      1270      1271
      4339        11         2         1         7         2
         0         1         1
      1271      1272
      4340        11         2         1         7         2
         0         1         1
      1272      1273
      4341        11         2         1         7         2
         0         1         1
      1273      1274
      4342        11         2         1         7         2
         0         1         1
      1274      1275
      4343        11         2         1         7         2
         0         1         1
      1275      1276
      4344        11         2         1         7         2
         0         1         1
      1276       316
      4345        11         2         1         7         2
         0         1         1
      1239      1277
      4346        11         2         1         7         2
         0         1         1
      1277      1278
      4347        11         2         1         7         2
         0         1         1
      1278      1279
      4348        11         2         1         7         2
         0         1         1
      1279      1120
      4455        11         2         1         7         2
         0         1         1
      1279      1299
      4456        11         2         1         7         2
         0         1         1
      1299      1300
      4457        11         2         1         7         2
         0         1         1
      1300      1301
      4458        11         2         1         7         2
         0         1         1
      1301      1302
      4459        11         2         1         7         2
         0         1         1
      1302      1303
      4460        11         2         1         7         2
         0         1         1
      1303      1304
      4461        11         2         1         7         2
         0         1         1
      1304      1305
      4462        11         2         1         7         2
         0         1         1
      1305      1306
      4463        11         2         1         7         2
         0         1         1
      1306      1307
      4464        11         2         1         7         2
         0         1         1
      1307       419
      4465        11         2         1         7         2
         0         1         1
      1278      1290
      4466        11         2         1         7         2
         0         1         1
      1290      1291
      4467        11         2         1         7         2
         0         1         1
      1291      1292
      4468        11         2         1         7         2
         0         1         1
      1292      1293
      4469        11         2         1         7         2
         0         1         1
      1293      1294
      4470        11         2         1         7         2
         0         1         1
      1294      1295
      4471        11         2         1         7         2
         0         1         1
      1295      1296
      4472        11         2         1         7         2
         0         1         1
      1296      1297
      4473        11         2         1         7         2
         0         1         1
      1297      1298
      4474        11         2         1         7         2
         0         1         1
      1298       418
      4475        11         2         1         7         2
         0         1         1
      1277      1281
      4476        11         2         1         7         2
         0         1         1
      1281      1282
      4477        11         2         1         7         2
         0         1         1
      1282      1283
      4478        11         2         1         7         2
         0         1         1
      1283      1284
      4479        11         2         1         7         2
         0         1         1
      1284      1285
      4480        11         2         1         7         2
         0         1         1
      1285      1286
      4481        11         2         1         7         2
         0         1         1
      1286      1287
      4482        11         2         1         7         2
         0         1         1
      1287      1288
      4483        11         2         1         7         2
         0         1         1
      1288      1289
      4484        11         2         1         7         2
         0         1         1
      1289       417
      4485        11         2         1         7         2
         0         1         1
      1280      1308
      4486        11         2         1         7         2
         0         1         1
      1308      1309
      4487        11         2         1         7         2
         0         1         1
      1309      1310
      4488        11         2         1         7         2
         0         1         1
      1310      1311
      4489        11         2         1         7         2
         0         1         1
      1311      1312
      4490        11         2         1         7         2
         0         1         1
      1312      1313
      4491        11         2         1         7         2
         0         1         1
      1313      1314
      4492        11         2         1         7         2
         0         1         1
      1314      1315
      4493        11         2         1         7         2
         0         1         1
      1315      1316
      4494        11         2         1         7         2
         0         1         1
      1316       420
      4495        11         2         1         7         2
         0         1         1
      1279      1317
      4496        11         2         1         7         2
         0         1         1
      1317      1318
      4497        11         2         1         7         2
         0         1         1
      1318      1319
      4498        11         2         1         7         2
         0         1         1
      1319      1121
      4605        11         2         1         7         2
         0         1         1
      1319      1339
      4606        11         2         1         7         2
         0         1         1
      1339      1340
      4607        11         2         1         7         2
         0         1         1
      1340      1341
      4608        11         2         1         7         2
         0         1         1
      1341      1342
      4609        11         2         1         7         2
         0         1         1
      1342      1343
      4610        11         2         1         7         2
         0         1         1
      1343      1344
      4611        11         2         1         7         2
         0         1         1
      1344      1345
      4612        11         2         1         7         2
         0         1         1
      1345      1346
      4613        11         2         1         7         2
         0         1         1
      1346      1347
      4614        11         2         1         7         2
         0         1         1
      1347       523
      4615        11         2         1         7         2
         0         1         1
      1318      1330
      4616        11         2         1         7         2
         0         1         1
      1330      1331
      4617        11         2         1         7         2
         0         1         1
      1331      1332
      4618        11         2         1         7         2
         0         1         1
      1332      1333
      4619        11         2         1         7         2
         0         1         1
      1333      1334
      4620        11         2         1         7         2
         0         1         1
      1334      1335
      4621        11         2         1         7         2
         0         1         1
      1335      1336
      4622        11         2         1         7         2
         0         1         1
      1336      1337
      4623        11         2         1         7         2
         0         1         1
      1337      1338
      4624        11         2         1         7         2
         0         1         1
      1338       522
      4625        11         2         1         7         2
         0         1         1
      1317      1321
      4626        11         2         1         7         2
         0         1         1
      1321      1322
      4627        11         2         1         7         2
         0         1         1
      1322      1323
      4628        11         2         1         7         2
         0         1         1
      1323      1324
      4629        11         2         1         7         2
         0         1         1
      1324      1325
      4630        11         2         1         7         2
         0         1         1
      1325      1326
      4631        11         2         1         7         2
         0         1         1
      1326      1327
      4632        11         2         1         7         2
         0         1         1
      1327      1328
      4633        11         2         1         7         2
         0         1         1
      1328      1329
      4634        11         2         1         7         2
         0         1         1
      1329       521
      4635        11         2         1         7         2
         0         1         1
      1320      1348
      4636        11         2         1         7         2
         0         1         1
      1348      1349
      4637        11         2         1         7         2
         0         1         1
      1349      1350
      4638        11         2         1         7         2
         0         1         1
      1350      1351
      4639        11         2         1         7         2
         0         1         1
      1351      1352
      4640        11         2         1         7         2
         0         1         1
      1352      1353
      4641        11         2         1         7         2
         0         1         1
      1353      1354
      4642        11         2         1         7         2
         0         1         1
      1354      1355
      4643        11         2         1         7         2
         0         1         1
      1355      1356
      4644        11         2         1         7         2
         0         1         1
      1356       524
      4645        11         2         1         7         2
         0         1         1
      1357      1122
      4646        11         2         1         7         2
         0         1         1
      1319      1358
      4647        11         2         1         7         2
         0         1         1
      1358      1359
      4648        11         2         1         7         2
         0         1         1
      1359      1357
      4755        11         2         1         7         2
         0         1         1
      1359      1379
      4756        11         2         1         7         2
         0         1         1
      1379      1380
      4757        11         2         1         7         2
         0         1         1
      1380      1381
      4758        11         2         1         7         2
         0         1         1
      1381      1382
      4759        11         2         1         7         2
         0         1         1
      1382      1383
      4760        11         2         1         7         2
         0         1         1
      1383      1384
      4761        11         2         1         7         2
         0         1         1
      1384      1385
      4762        11         2         1         7         2
         0         1         1
      1385      1386
      4763        11         2         1         7         2
         0         1         1
      1386      1387
      4764        11         2         1         7         2
         0         1         1
      1387       627
      4765        11         2         1         7         2
         0         1         1
      1358      1370
      4766        11         2         1         7         2
         0         1         1
      1370      1371
      4767        11         2         1         7         2
         0         1         1
      1371      1372
      4768        11         2         1         7         2
         0         1         1
      1372      1373
      4769        11         2         1         7         2
         0         1         1
      1373      1374
      4770        11         2         1         7         2
         0         1         1
      1374      1375
      4771        11         2         1         7         2
         0         1         1
      1375      1376
      4772        11         2         1         7         2
         0         1         1
      1376      1377
      4773        11         2         1         7         2
         0         1         1
      1377      1378
      4774        11         2         1         7         2
         0         1         1
      1378       626
      4775        11         2         1         7         2
         0         1         1
      1357      1361
      4776        11         2         1         7         2
         0         1         1
      1361      1362
      4777        11         2         1         7         2
         0         1         1
      1362      1363
      4778        11         2         1         7         2
         0         1         1
      1363      1364
      4779        11         2         1         7         2
         0         1         1
      1364      1365
      4780        11         2         1         7         2
         0         1         1
      1365      1366
      4781        11         2         1         7         2
         0         1         1
      1366      1367
      4782        11         2         1         7         2
         0         1         1
      1367      1368
      4783        11         2         1         7         2
         0         1         1
      1368      1369
      4784        11         2         1         7         2
         0         1         1
      1369       625
      4785        11         2         1         7         2
         0         1         1
      1360      1388
      4786        11         2         1         7         2
         0         1         1
      1388      1389
      4787        11         2         1         7         2
         0         1         1
      1389      1390
      4788        11         2         1         7         2
         0         1         1
      1390      1391
      4789        11         2         1         7         2
         0         1         1
      1391      1392
      4790        11         2         1         7         2
         0         1         1
      1392      1393
      4791        11         2         1         7         2
         0         1         1
      1393      1394
      4792        11         2         1         7         2
         0         1         1
      1394      1395
      4793        11         2         1         7         2
         0         1         1
      1395      1396
      4794        11         2         1         7         2
         0         1         1
      1396       628
      4795        11         2         1         7         2
         0         1         1
      1397      1190
      4796        11         2         1         7         2
         0         1         1
      1357      1398
      4797        11         2         1         7         2
         0         1         1
      1398      1397
      4894        11         2         1         7         2
         0         1         1
      1398      1409
      4895        11         2         1         7         2
         0         1         1
      1409      1410
      4896        11         2         1         7         2
         0         1         1
      1410      1411
      4897        11         2         1         7         2
         0         1         1
      1411      1412
      4898        11         2         1         7         2
         0         1         1
      1412      1413
      4899        11         2         1         7         2
         0         1         1
      1413      1414
      4900        11         2         1         7         2
         0         1         1
      1414      1415
      4901        11         2         1         7         2
         0         1         1
      1415      1416
      4902        11         2         1         7         2
         0         1         1
      1416      1417
      4903        11         2         1         7         2
         0         1         1
      1417       730
      4904        11         2         1         7         2
         0         1         1
      1397      1400
      4905        11         2         1         7         2
         0         1         1
      1400      1401
      4906        11         2         1         7         2
         0         1         1
      1401      1402
      4907        11         2         1         7         2
         0         1         1
      1402      1403
      4908        11         2         1         7         2
         0         1         1
      1403      1404
      4909        11         2         1         7         2
         0         1         1
      1404      1405
      4910        11         2         1         7         2
         0         1         1
      1405      1406
      4911        11         2         1         7         2
         0         1         1
      1406      1407
      4912        11         2         1         7         2
         0         1         1
      1407      1408
      4913        11         2         1         7         2
         0         1         1
      1408       729
      4914        11         2         1         7         2
         0         1         1
      1399      1418
      4915        11         2         1         7         2
         0         1         1
      1418      1419
      4916        11         2         1         7         2
         0         1         1
      1419      1420
      4917        11         2         1         7         2
         0         1         1
      1420      1421
      4918        11         2         1         7         2
         0         1         1
      1421      1422
      4919        11         2         1         7         2
         0         1         1
      1422      1423
      4920        11         2         1         7         2
         0         1         1
      1423      1424
      4921        11         2         1         7         2
         0         1         1
      1424      1425
      4922        11         2         1         7         2
         0         1         1
      1425      1426
      4923        11         2         1         7         2
         0         1         1
      1426       731
         7        41         2         1         7         3
         6         5         7
         8        41         2         1         7         3
         5         4         7
         9        41         2         1         7         3
         4         3         7
        10        41         2         1         7         3
         3         2         7
        11        41         2         1         7         3
         2         1         7
        12        41         2         1         7         3
         1         6         7
        13        44         2         1         7         4
         6         5        33         8
        14        44         2         1         7         4
         8        33        34         9
        15        44         2         1         7         4
         9        34        35        10
        16        44         2         1         7         4
        10        35        36        11
        17        44         2         1         7         4
        11        36        37        12
        18        44         2         1         7         4
        12        37        38        13
        19        44         2         1         7         4
        13        38        39        14
        20        44         2         1         7         4
        14        39        40        15
        21        44         2         1         7         4
        15        40        41        16
        22        44         2         1         7         4
        16        41        42        17
        23        44         2         1         7         4
        17        42        43        18
        24        44         2         1         7         4
        18        43        44        19
        25        44         2         1         7         4
        19        44        45        20
        26        44         2         1         7         4
        20        45        46        21
        27        44         2         1         7         4
        21        46        47        22
        28        44         2         1         7         4
        22        47        48        23
        29        44         2         1         7         4
        23        48        49        24
        30        44         2         1         7         4
        24        49        50        25
        31        44         2         1         7         4
        25        50        51        26
        32        44         2         1         7         4
        26        51        52        27
        33        44         2         1         7         4
        27        52        53        28
        34        44         2         1         7         4
        28        53        54        29
        35        44         2         1         7         4
        29        54        55        30
        36        44         2         1         7         4
        30        55        56        31
        37        44         2         1         7         4
        31        56        57        32
        38        44         2         1         7         4
         5         4        58        33
        39        44         2         1         7         4
        33        58        59        34
        40        44         2         1         7         4
        34        59        60        35
        41        44         2         1         7         4
        35        60        61        36
        42        44         2         1         7         4
        36        61        62        37
        43        44         2         1         7         4
        37        62        63        38
        44        44         2         1         7         4
        38        63        64        39
        45        44         2         1         7         4
        39        64        65        40
        46        44         2         1         7         4
        40        65        66        41
        47        44         2         1         7         4
        41        66        67        42
        48        44         2         1         7         4
        42        67        68        43
        49        44         2         1         7         4
        43        68        69        44
        50        44         2         1         7         4
        44        69        70        45
        51        44         2         1         7         4
        45        70        71        46
        52        44         2         1         7         4
        46        71        72        47
        53        44         2         1         7         4
        47        72        73        48
        54        44         2         1         7         4
        48        73        74        49
        55        44         2         1         7         4
        49        74        75        50
        56        44         2         1         7         4
        50        75        76        51
        57        44         2         1         7         4
        51        76        77        52
        58        44         2         1         7         4
        52        77        78        53
        59        44         2         1         7         4
        53        78        79        54
        60        44         2         1         7         4
        54        79        80        55
        61        44         2         1         7         4
        55        80        81        56
        62        44         2         1         7         4
        56        81        82        57
        63        44         2         1         7         4
         4         3        83        58
        64        44         2         1         7         4
        58        83        84        59
        65        44         2         1         7         4
        59        84        85        60
        66        44         2         1         7         4
        60        85        86        61
        67        44         2         1         7         4
        61        86        87        62
        68        44         2         1         7         4
        62        87        88        63
        69        44         2         1         7         4
        63        88        89        64
        70        44         2         1         7         4
        64        89        90        65
        71        44         2         1         7         4
        65        90        91        66
        72        44         2         1         7         4
        66        91        92        67
        73        44         2         1         7         4
        67        92        93        68
        74        44         2         1         7         4
        68        93        94        69
        75        44         2         1         7         4
        69        94        95        70
        76        44         2         1         7         4
        70        95        96        71
        77        44         2         1         7         4
        71        96        97        72
        78        44         2         1         7         4
        72        97        98        73
        79        44         2         1         7         4
        73        98        99        74
        80        44         2         1         7         4
        74        99       100        75
        81        44         2         1         7         4
        75       100       101        76
        82        44         2         1         7         4
        76       101       102        77
        83        44         2         1         7         4
        77       102       103        78
        84        44         2         1         7         4
        78       103       104        79
        85        44         2         1         7         4
        79       104       105        80
        86        44         2         1         7         4
        80       105       106        81
        87        44         2         1         7         4
        81       106       107        82
        88        44         2         1         7         4
         3         2       108        83
        89        44         2         1         7         4
        83       108       109        84
        90        44         2         1         7         4
        84       109       110        85
        91        44         2         1         7         4
        85       110       111        86
        92        44         2         1         7         4
        86       111       112        87
        93        44         2         1         7         4
        87       112       113        88
        94        44         2         1         7         4
        88       113       114        89
        95        44         2         1         7         4
        89       114       115        90
        96        44         2         1         7         4
        90       115       116        91
        97        44         2         1         7         4
        91       116       117        92
        98        44         2         1         7         4
        92       117       118        93
        99        44         2         1         7         4
        93       118       119        94
       100        44         2         1         7         4
        94       119       120        95
       101        44         2         1         7         4
        95       120       121        96
       102        44         2         1         7         4
        96       121       122        97
       103        44         2         1         7         4
        97       122       123        98
       104        44         2         1         7         4
        98       123       124        99
       105        44         2         1         7         4
        99       124       125       100
       106        44         2         1         7         4
       100       125       126       101
       107        44         2         1         7         4
       101       126       127       102
       108        44         2         1         7         4
       102       127       128       103
       109        44         2         1         7         4
       103       128       129       104
       110        44         2         1         7         4
       104       129       130       105
       111        44         2         1         7         4
       105       130       131       106
       112        44         2         1         7         4
       106       131       132       107
       113        44         2         1         7         4
         2         1       133       108
       114        44         2         1         7         4
       108       133       134       109
       115        44         2         1         7         4
       109       134       135       110
       116        44         2         1         7         4
       110       135       136       111
       117        44         2         1         7         4
       111       136       137       112
       118        44         2         1         7         4
       112       137       138       113
       119        44         2         1         7         4
       113       138       139       114
       120        44         2         1         7         4
       114       139       140       115
       121        44         2         1         7         4
       115       140       141       116
       122        44         2         1         7         4
       116       141       142       117
       123        44         2         1         7         4
       117       142       143       118
       124        44         2         1         7         4
       118       143       144       119
       125        44         2         1         7         4
       119       144       145       120
       126        44         2         1         7         4
       120       145       146       121
       127        44         2         1         7         4
       121       146       147       122
       128        44         2         1         7         4
       122       147       148       123
       129        44         2         1         7         4
       123       148       149       124
       130        44         2         1         7         4
       124       149       150       125
       131        44         2         1         7         4
       125       150       151       126
       132        44         2         1         7         4
       126       151       152       127
       133        44         2         1         7         4
       127       152       153       128
       134        44         2         1         7         4
       128       153       154       129
       135        44         2         1         7         4
       129       154       155       130
       136        44         2         1         7         4
       130       155       156       131
       137        44         2         1         7         4
       131       156       157       132
       138        44         2         1         7         4
         1         6         8       133
       139        44         2         1         7         4
       133         8         9       134
       140        44         2         1         7         4
       134         9        10       135
       141        44         2         1         7         4
       135        10        11       136
       142        44         2         1         7         4
       136        11        12       137
       143        44         2         1         7         4
       137        12        13       138
       144        44         2         1         7         4
       138        13        14       139
       145        44         2         1         7         4
       139        14        15       140
       146        44         2         1         7         4
       140        15        16       141
       147        44         2         1         7         4
       141        16        17       142
       148        44         2         1         7         4
       142        17        18       143
       149        44         2         1         7         4
       143        18        19       144
       150        44         2         1         7         4
       144        19        20       145
       151        44         2         1         7         4
       145        20        21       146
       152        44         2         1         7         4
       146        21        22       147
       153        44         2         1         7         4
       147        22        23       148
       154        44         2         1         7         4
       148        23        24       149
       155        44         2         1         7         4
       149        24        25       150
       156        44         2         1         7         4
       150        25        26       151
       157        44         2         1         7         4
       151        26        27       152
       158        44         2         1         7         4
       152        27        28       153
       159        44         2         1         7         4
       153        28        29       154
       160        44         2         1         7         4
       154        29        30       155
       161        44         2         1         7         4
       155        30        31       156
       162        44         2         1         7         4
       156        31        32       157
       494        41         2         1         7         3
        32        57       182
       495        41         2         1         7         3
        57        82       182
       496        41         2         1         7         3
        82       107       182
       497        41         2         1         7         3
       107       132       182
       498        41         2         1         7         3
       132       157       182
       499        41         2         1         7         3
       157        32       182
       505        41         2         1         7         3
       183       184       187
       506        41         2         1         7         3
       184       185       187
       507        41         2         1         7         3
       185         5       187
       508        41         2         1         7         3
         5         6       187
       509        41         2         1         7         3
         6       186       187
       510        41         2         1         7         3
       186       183       187
       511        44         2         1         7         4
       183       184       188       189
       512        44         2         1         7         4
       189       188       190       191
       513        44         2         1         7         4
       191       190       192       193
       514        44         2         1         7         4
       193       192       194       195
       515        44         2         1         7         4
       195       194       196       197
       516        44         2         1         7         4
       197       196       198       199
       517        44         2         1         7         4
       199       198       200       201
       518        44         2         1         7         4
       201       200       202       203
       519        44         2         1         7         4
       203       202       204       205
       520        44         2         1         7         4
       205       204       206       207
       521        44         2         1         7         4
       207       206       208       209
       522        44         2         1         7         4
       209       208       210       211
       523        44         2         1         7         4
       211       210       212       213
       524        44         2         1         7         4
       213       212       214       215
       525        44         2         1         7         4
       215       214       216       217
       526        44         2         1         7         4
       217       216       218       219
       527        44         2         1         7         4
       219       218       220       221
       528        44         2         1         7         4
       221       220       222       223
       529        44         2         1         7         4
       223       222       224       225
       530        44         2         1         7         4
       225       224       226       227
       531        44         2         1         7         4
       227       226       228       229
       532        44         2         1         7         4
       229       228       230       231
       533        44         2         1         7         4
       231       230       232       233
       534        44         2         1         7         4
       233       232       234       235
       535        44         2         1         7         4
       235       234       236       237
       536        44         2         1         7         4
       184       185       238       188
       537        44         2         1         7         4
       188       238       239       190
       538        44         2         1         7         4
       190       239       240       192
       539        44         2         1         7         4
       192       240       241       194
       540        44         2         1         7         4
       194       241       242       196
       541        44         2         1         7         4
       196       242       243       198
       542        44         2         1         7         4
       198       243       244       200
       543        44         2         1         7         4
       200       244       245       202
       544        44         2         1         7         4
       202       245       246       204
       545        44         2         1         7         4
       204       246       247       206
       546        44         2         1         7         4
       206       247       248       208
       547        44         2         1         7         4
       208       248       249       210
       548        44         2         1         7         4
       210       249       250       212
       549        44         2         1         7         4
       212       250       251       214
       550        44         2         1         7         4
       214       251       252       216
       551        44         2         1         7         4
       216       252       253       218
       552        44         2         1         7         4
       218       253       254       220
       553        44         2         1         7         4
       220       254       255       222
       554        44         2         1         7         4
       222       255       256       224
       555        44         2         1         7         4
       224       256       257       226
       556        44         2         1         7         4
       226       257       258       228
       557        44         2         1         7         4
       228       258       259       230
       558        44         2         1         7         4
       230       259       260       232
       559        44         2         1         7         4
       232       260       261       234
       560        44         2         1         7         4
       234       261       262       236
       561        44         2         1         7         4
       185         5        33       238
       562        44         2         1         7         4
       238        33        34       239
       563        44         2         1         7         4
       239        34        35       240
       564        44         2         1         7         4
       240        35        36       241
       565        44         2         1         7         4
       241        36        37       242
       566        44         2         1         7         4
       242        37        38       243
       567        44         2         1         7         4
       243        38        39       244
       568        44         2         1         7         4
       244        39        40       245
       569        44         2         1         7         4
       245        40        41       246
       570        44         2         1         7         4
       246        41        42       247
       571        44         2         1         7         4
       247        42        43       248
       572        44         2         1         7         4
       248        43        44       249
       573        44         2         1         7         4
       249        44        45       250
       574        44         2         1         7         4
       250        45        46       251
       575        44         2         1         7         4
       251        46        47       252
       576        44         2         1         7         4
       252        47        48       253
       577        44         2         1         7         4
       253        48        49       254
       578        44         2         1         7         4
       254        49        50       255
       579        44         2         1         7         4
       255        50        51       256
       580        44         2         1         7         4
       256        51        52       257
       581        44         2         1         7         4
       257        52        53       258
       582        44         2         1         7         4
       258        53        54       259
       583        44         2         1         7         4
       259        54        55       260
       584        44         2         1         7         4
       260        55        56       261
       585        44         2         1         7         4
       261        56        57       262
       586        44         2         1         7         4
         6       186       263         8
       587        44         2         1         7         4
         8       263       264         9
       588        44         2         1         7         4
         9       264       265        10
       589        44         2         1         7         4
        10       265       266        11
       590        44         2         1         7         4
        11       266       267        12
       591        44         2         1         7         4
        12       267       268        13
       592        44         2         1         7         4
        13       268       269        14
       593        44         2         1         7         4
        14       269       270        15
       594        44         2         1         7         4
        15       270       271        16
       595        44         2         1         7         4
        16       271       272        17
       596        44         2         1         7         4
        17       272       273        18
       597        44         2         1         7         4
        18       273       274        19
       598        44         2         1         7         4
        19       274       275        20
       599        44         2         1         7         4
        20       275       276        21
       600        44         2         1         7         4
        21       276       277        22
       601        44         2         1         7         4
        22       277       278        23
       602        44         2         1         7         4
        23       278       279        24
       603        44         2         1         7         4
        24       279       280        25
       604        44         2         1         7         4
        25       280       281        26
       605        44         2         1         7         4
        26       281       282        27
       606        44         2         1         7         4
        27       282       283        28
       607        44         2         1         7         4
        28       283       284        29
       608        44         2         1         7         4
        29       284       285        30
       609        44         2         1         7         4
        30       285       286        31
       610        44         2         1         7         4
        31       286       287        32
       611        44         2         1         7         4
       186       183       189       263
       612        44         2         1         7         4
       263       189       191       264
       613        44         2         1         7         4
       264       191       193       265
       614        44         2         1         7         4
       265       193       195       266
       615        44         2         1         7         4
       266       195       197       267
       616        44         2         1         7         4
       267       197       199       268
       617        44         2         1         7         4
       268       199       201       269
       618        44         2         1         7         4
       269       201       203       270
       619        44         2         1         7         4
       270       203       205       271
       620        44         2         1         7         4
       271       205       207       272
       621        44         2         1         7         4
       272       207       209       273
       622        44         2         1         7         4
       273       209       211       274
       623        44         2         1         7         4
       274       211       213       275
       624        44         2         1         7         4
       275       213       215       276
       625        44         2         1         7         4
       276       215       217       277
       626        44         2         1         7         4
       277       217       219       278
       627        44         2         1         7         4
       278       219       221       279
       628        44         2         1         7         4
       279       221       223       280
       629        44         2         1         7         4
       280       223       225       281
       630        44         2         1         7         4
       281       225       227       282
       631        44         2         1         7         4
       282       227       229       283
       632        44         2         1         7         4
       283       229       231       284
       633        44         2         1         7         4
       284       231       233       285
       634        44         2         1         7         4
       285       233       235       286
       635        44         2         1         7         4
       286       235       237       287
       916        41         2         1         7         3
       237       236       312
       917        41         2         1         7         3
       236       262       312
       918        41         2         1         7         3
       262        57       312
       919        41         2         1         7         3
        57        32       312
       920        41         2         1         7         3
        32       287       312
       921        41         2         1         7         3
       287       237       312
       926        41         2         1         7         3
       185       313       316
       927        41         2         1         7         3
       313       314       316
       928        41         2         1         7         3
       314       315       316
       929        41         2         1         7         3
       315         4       316
       930        41         2         1         7         3
         4         5       316
       931        41         2         1         7         3
         5       185       316
       932        44         2         1         7         4
       185       313       317       238
       933        44         2         1         7         4
       238       317       318       239
       934        44         2         1         7         4
       239       318       319       240
       935        44         2         1         7         4
       240       319       320       241
       936        44         2         1         7         4
       241       320       321       242
       937        44         2         1         7         4
       242       321       322       243
       938        44         2         1         7         4
       243       322       323       244
       939        44         2         1         7         4
       244       323       324       245
       940        44         2         1         7         4
       245       324       325       246
       941        44         2         1         7         4
       246       325       326       247
       942        44         2         1         7         4
       247       326       327       248
       943        44         2         1         7         4
       248       327       328       249
       944        44         2         1         7         4
       249       328       329       250
       945        44         2         1         7         4
       250       329       330       251
       946        44         2         1         7         4
       251       330       331       252
       947        44         2         1         7         4
       252       331       332       253
       948        44         2         1         7         4
       253       332       333       254
       949        44         2         1         7         4
       254       333       334       255
       950        44         2         1         7         4
       255       334       335       256
       951        44         2         1         7         4
       256       335       336       257
       952        44         2         1         7         4
       257       336       337       258
       953        44         2         1         7         4
       258       337       338       259
       954        44         2         1         7         4
       259       338       339       260
       955        44         2         1         7         4
       260       339       340       261
       956        44         2         1         7         4
       261       340       341       262
       957        44         2         1         7         4
       313       314       342       317
       958        44         2         1         7         4
       317       342       343       318
       959        44         2         1         7         4
       318       343       344       319
       960        44         2         1         7         4
       319       344       345       320
       961        44         2         1         7         4
       320       345       346       321
       962        44         2         1         7         4
       321       346       347       322
       963        44         2         1         7         4
       322       347       348       323
       964        44         2         1         7         4
       323       348       349       324
       965        44         2         1         7         4
       324       349       350       325
       966        44         2         1         7         4
       325       350       351       326
       967        44         2         1         7         4
       326       351       352       327
       968        44         2         1         7         4
       327       352       353       328
       969        44         2         1         7         4
       328       353       354       329
       970        44         2         1         7         4
       329       354       355       330
       971        44         2         1         7         4
       330       355       356       331
       972        44         2         1         7         4
       331       356       357       332
       973        44         2         1         7         4
       332       357       358       333
       974        44         2         1         7         4
       333       358       359       334
       975        44         2         1         7         4
       334       359       360       335
       976        44         2         1         7         4
       335       360       361       336
       977        44         2         1         7         4
       336       361       362       337
       978        44         2         1         7         4
       337       362       363       338
       979        44         2         1         7         4
       338       363       364       339
       980        44         2         1         7         4
       339       364       365       340
       981        44         2         1         7         4
       340       365       366       341
       982        44         2         1         7         4
       314       315       367       342
       983        44         2         1         7         4
       342       367       368       343
       984        44         2         1         7         4
       343       368       369       344
       985        44         2         1         7         4
       344       369       370       345
       986        44         2         1         7         4
       345       370       371       346
       987        44         2         1         7         4
       346       371       372       347
       988        44         2         1         7         4
       347       372       373       348
       989        44         2         1         7         4
       348       373       374       349
       990        44         2         1         7         4
       349       374       375       350
       991        44         2         1         7         4
       350       375       376       351
       992        44         2         1         7         4
       351       376       377       352
       993        44         2         1         7         4
       352       377       378       353
       994        44         2         1         7         4
       353       378       379       354
       995        44         2         1         7         4
       354       379       380       355
       996        44         2         1         7         4
       355       380       381       356
       997        44         2         1         7         4
       356       381       382       357
       998        44         2         1         7         4
       357       382       383       358
       999        44         2         1         7         4
       358       383       384       359
      1000        44         2         1         7         4
       359       384       385       360
      1001        44         2         1         7         4
       360       385       386       361
      1002        44         2         1         7         4
       361       386       387       362
      1003        44         2         1         7         4
       362       387       388       363
      1004        44         2         1         7         4
       363       388       389       364
      1005        44         2         1         7         4
       364       389       390       365
      1006        44         2         1         7         4
       365       390       391       366
      1007        44         2         1         7         4
       315         4        58       367
      1008        44         2         1         7         4
       367        58        59       368
      1009        44         2         1         7         4
       368        59        60       369
      1010        44         2         1         7         4
       369        60        61       370
      1011        44         2         1         7         4
       370        61        62       371
      1012        44         2         1         7         4
       371        62        63       372
      1013        44         2         1         7         4
       372        63        64       373
      1014        44         2         1         7         4
       373        64        65       374
      1015        44         2         1         7         4
       374        65        66       375
      1016        44         2         1         7         4
       375        66        67       376
      1017        44         2         1         7         4
       376        67        68       377
      1018        44         2         1         7         4
       377        68        69       378
      1019        44         2         1         7         4
       378        69        70       379
      1020        44         2         1         7         4
       379        70        71       380
      1021        44         2         1         7         4
       380        71        72       381
      1022        44         2         1         7         4
       381        72        73       382
      1023        44         2         1         7         4
       382        73        74       383
      1024        44         2         1         7         4
       383        74        75       384
      1025        44         2         1         7         4
       384        75        76       385
      1026        44         2         1         7         4
       385        76        77       386
      1027        44         2         1         7         4
       386        77        78       387
      1028        44         2         1         7         4
       387        78        79       388
      1029        44         2         1         7         4
       388        79        80       389
      1030        44         2         1         7         4
       389        80        81       390
      1031        44         2         1         7         4
       390        81        82       391
      1286        41         2         1         7         3
       262       341       416
      1287        41         2         1         7         3
       341       366       416
      1288        41         2         1         7         3
       366       391       416
      1289        41         2         1         7         3
       391        82       416
      1290        41         2         1         7         3
        82        57       416
      1291        41         2         1         7         3
        57       262       416
      1296        41         2         1         7         3
         4       315       420
      1297        41         2         1         7         3
       315       417       420
      1298        41         2         1         7         3
       417       418       420
      1299        41         2         1         7         3
       418       419       420
      1300        41         2         1         7         3
       419         3       420
      1301        41         2         1         7         3
         3         4       420
      1302        44         2         1         7         4
       315       417       421       367
      1303        44         2         1         7         4
       367       421       422       368
      1304        44         2         1         7         4
       368       422       423       369
      1305        44         2         1         7         4
       369       423       424       370
      1306        44         2         1         7         4
       370       424       425       371
      1307        44         2         1         7         4
       371       425       426       372
      1308        44         2         1         7         4
       372       426       427       373
      1309        44         2         1         7         4
       373       427       428       374
      1310        44         2         1         7         4
       374       428       429       375
      1311        44         2         1         7         4
       375       429       430       376
      1312        44         2         1         7         4
       376       430       431       377
      1313        44         2         1         7         4
       377       431       432       378
      1314        44         2         1         7         4
       378       432       433       379
      1315        44         2         1         7         4
       379       433       434       380
      1316        44         2         1         7         4
       380       434       435       381
      1317        44         2         1         7         4
       381       435       436       382
      1318        44         2         1         7         4
       382       436       437       383
      1319        44         2         1         7         4
       383       437       438       384
      1320        44         2         1         7         4
       384       438       439       385
      1321        44         2         1         7         4
       385       439       440       386
      1322        44         2         1         7         4
       386       440       441       387
      1323        44         2         1         7         4
       387       441       442       388
      1324        44         2         1         7         4
       388       442       443       389
      1325        44         2         1         7         4
       389       443       444       390
      1326        44         2         1         7         4
       390       444       445       391
      1327        44         2         1         7         4
       417       418       446       421
      1328        44         2         1         7         4
       421       446       447       422
      1329        44         2         1         7         4
       422       447       448       423
      1330        44         2         1         7         4
       423       448       449       424
      1331        44         2         1         7         4
       424       449       450       425
      1332        44         2         1         7         4
       425       450       451       426
      1333        44         2         1         7         4
       426       451       452       427
      1334        44         2         1         7         4
       427       452       453       428
      1335        44         2         1         7         4
       428       453       454       429
      1336        44         2         1         7         4
       429       454       455       430
      1337        44         2         1         7         4
       430       455       456       431
      1338        44         2         1         7         4
       431       456       457       432
      1339        44         2         1         7         4
       432       457       458       433
      1340        44         2         1         7         4
       433       458       459       434
      1341        44         2         1         7         4
       434       459       460       435
      1342        44         2         1         7         4
       435       460       461       436
      1343        44         2         1         7         4
       436       461       462       437
      1344        44         2         1         7         4
       437       462       463       438
      1345        44         2         1         7         4
       438       463       464       439
      1346        44         2         1         7         4
       439       464       465       440
      1347        44         2         1         7         4
       440       465       466       441
      1348        44         2         1         7         4
       441       466       467       442
      1349        44         2         1         7         4
       442       467       468       443
      1350        44         2         1         7         4
       443       468       469       444
      1351        44         2         1         7         4
       444       469       470       445
      1352        44         2         1         7         4
       418       419       471       446
      1353        44         2         1         7         4
       446       471       472       447
      1354        44         2         1         7         4
       447       472       473       448
      1355        44         2         1         7         4
       448       473       474       449
      1356        44         2         1         7         4
       449       474       475       450
      1357        44         2         1         7         4
       450       475       476       451
      1358        44         2         1         7         4
       451       476       477       452
      1359        44         2         1         7         4
       452       477       478       453
      1360        44         2         1         7         4
       453       478       479       454
      1361        44         2         1         7         4
       454       479       480       455
      1362        44         2         1         7         4
       455       480       481       456
      1363        44         2         1         7         4
       456       481       482       457
      1364        44         2         1         7         4
       457       482       483       458
      1365        44         2         1         7         4
       458       483       484       459
      1366        44         2         1         7         4
       459       484       485       460
      1367        44         2         1         7         4
       460       485       486       461
      1368        44         2         1         7         4
       461       486       487       462
      1369        44         2         1         7         4
       462       487       488       463
      1370        44         2         1         7         4
       463       488       489       464
      1371        44         2         1         7         4
       464       489       490       465
      1372        44         2         1         7         4
       465       490       491       466
      1373        44         2         1         7         4
       466       491       492       467
      1374        44         2         1         7         4
       467       492       493       468
      1375        44         2         1         7         4
       468       493       494       469
      1376        44         2         1         7         4
       469       494       495       470
      1377        44         2         1         7         4
       419         3        83       471
      1378        44         2         1         7         4
       471        83        84       472
      1379        44         2         1         7         4
       472        84        85       473
      1380        44         2         1         7         4
       473        85        86       474
      1381        44         2         1         7         4
       474        86        87       475
      1382        44         2         1         7         4
       475        87        88       476
      1383        44         2         1         7         4
       476        88        89       477
      1384        44         2         1         7         4
       477        89        90       478
      1385        44         2         1         7         4
       478        90        91       479
      1386        44         2         1         7         4
       479        91        92       480
      1387        44         2         1         7         4
       480        92        93       481
      1388        44         2         1         7         4
       481        93        94       482
      1389        44         2         1         7         4
       482        94        95       483
      1390        44         2         1         7         4
       483        95        96       484
      1391        44         2         1         7         4
       484        96        97       485
      1392        44         2         1         7         4
       485        97        98       486
      1393        44         2         1         7         4
       486        98        99       487
      1394        44         2         1         7         4
       487        99       100       488
      1395        44         2         1         7         4
       488       100       101       489
      1396        44         2         1         7         4
       489       101       102       490
      1397        44         2         1         7         4
       490       102       103       491
      1398        44         2         1         7         4
       491       103       104       492
      1399        44         2         1         7         4
       492       104       105       493
      1400        44         2         1         7         4
       493       105       106       494
      1401        44         2         1         7         4
       494       106       107       495
      1656        41         2         1         7         3
        82       391       520
      1657        41         2         1         7         3
       391       445       520
      1658        41         2         1         7         3
       445       470       520
      1659        41         2         1         7         3
       470       495       520
      1660        41         2         1         7         3
       495       107       520
      1661        41         2         1         7         3
       107        82       520
      1666        41         2         1         7         3
         2         3       524
      1667        41         2         1         7         3
         3       419       524
      1668        41         2         1         7         3
       419       521       524
      1669        41         2         1         7         3
       521       522       524
      1670        41         2         1         7         3
       522       523       524
      1671        41         2         1         7         3
       523         2       524
      1672        44         2         1         7         4
       419       521       525       471
      1673        44         2         1         7         4
       471       525       526       472
      1674        44         2         1         7         4
       472       526       527       473
      1675        44         2         1         7         4
       473       527       528       474
      1676        44         2         1         7         4
       474       528       529       475
      1677        44         2         1         7         4
       475       529       530       476
      1678        44         2         1         7         4
       476       530       531       477
      1679        44         2         1         7         4
       477       531       532       478
      1680        44         2         1         7         4
       478       532       533       479
      1681        44         2         1         7         4
       479       533       534       480
      1682        44         2         1         7         4
       480       534       535       481
      1683        44         2         1         7         4
       481       535       536       482
      1684        44         2         1         7         4
       482       536       537       483
      1685        44         2         1         7         4
       483       537       538       484
      1686        44         2         1         7         4
       484       538       539       485
      1687        44         2         1         7         4
       485       539       540       486
      1688        44         2         1         7         4
       486       540       541       487
      1689        44         2         1         7         4
       487       541       542       488
      1690        44         2         1         7         4
       488       542       543       489
      1691        44         2         1         7         4
       489       543       544       490
      1692        44         2         1         7         4
       490       544       545       491
      1693        44         2         1         7         4
       491       545       546       492
      1694        44         2         1         7         4
       492       546       547       493
      1695        44         2         1         7         4
       493       547       548       494
      1696        44         2         1         7         4
       494       548       549       495
      1697        44         2         1         7         4
       521       522       550       525
      1698        44         2         1         7         4
       525       550       551       526
      1699        44         2         1         7         4
       526       551       552       527
      1700        44         2         1         7         4
       527       552       553       528
      1701        44         2         1         7         4
       528       553       554       529
      1702        44         2         1         7         4
       529       554       555       530
      1703        44         2         1         7         4
       530       555       556       531
      1704        44         2         1         7         4
       531       556       557       532
      1705        44         2         1         7         4
       532       557       558       533
      1706        44         2         1         7         4
       533       558       559       534
      1707        44         2         1         7         4
       534       559       560       535
      1708        44         2         1         7         4
       535       560       561       536
      1709        44         2         1         7         4
       536       561       562       537
      1710        44         2         1         7         4
       537       562       563       538
      1711        44         2         1         7         4
       538       563       564       539
      1712        44         2         1         7         4
       539       564       565       540
      1713        44         2         1         7         4
       540       565       566       541
      1714        44         2         1         7         4
       541       566       567       542
      1715        44         2         1         7         4
       542       567       568       543
      1716        44         2         1         7         4
       543       568       569       544
      1717        44         2         1         7         4
       544       569       570       545
      1718        44         2         1         7         4
       545       570       571       546
      1719        44         2         1         7         4
       546       571       572       547
      1720        44         2         1         7         4
       547       572       573       548
      1721        44         2         1         7         4
       548       573       574       549
      1722        44         2         1         7         4
       522       523       575       550
      1723        44         2         1         7         4
       550       575       576       551
      1724        44         2         1         7         4
       551       576       577       552
      1725        44         2         1         7         4
       552       577       578       553
      1726        44         2         1         7         4
       553       578       579       554
      1727        44         2         1         7         4
       554       579       580       555
      1728        44         2         1         7         4
       555       580       581       556
      1729        44         2         1         7         4
       556       581       582       557
      1730        44         2         1         7         4
       557       582       583       558
      1731        44         2         1         7         4
       558       583       584       559
      1732        44         2         1         7         4
       559       584       585       560
      1733        44         2         1         7         4
       560       585       586       561
      1734        44         2         1         7         4
       561       586       587       562
      1735        44         2         1         7         4
       562       587       588       563
      1736        44         2         1         7         4
       563       588       589       564
      1737        44         2         1         7         4
       564       589       590       565
      1738        44         2         1         7         4
       565       590       591       566
      1739        44         2         1         7         4
       566       591       592       567
      1740        44         2         1         7         4
       567       592       593       568
      1741        44         2         1         7         4
       568       593       594       569
      1742        44         2         1         7         4
       569       594       595       570
      1743        44         2         1         7         4
       570       595       596       571
      1744        44         2         1         7         4
       571       596       597       572
      1745        44         2         1         7         4
       572       597       598       573
      1746        44         2         1         7         4
       573       598       599       574
      1747        44         2         1         7         4
       523         2       108       575
      1748        44         2         1         7         4
       575       108       109       576
      1749        44         2         1         7         4
       576       109       110       577
      1750        44         2         1         7         4
       577       110       111       578
      1751        44         2         1         7         4
       578       111       112       579
      1752        44         2         1         7         4
       579       112       113       580
      1753        44         2         1         7         4
       580       113       114       581
      1754        44         2         1         7         4
       581       114       115       582
      1755        44         2         1         7         4
       582       115       116       583
      1756        44         2         1         7         4
       583       116       117       584
      1757        44         2         1         7         4
       584       117       118       585
      1758        44         2         1         7         4
       585       118       119       586
      1759        44         2         1         7         4
       586       119       120       587
      1760        44         2         1         7         4
       587       120       121       588
      1761        44         2         1         7         4
       588       121       122       589
      1762        44         2         1         7         4
       589       122       123       590
      1763        44         2         1         7         4
       590       123       124       591
      1764        44         2         1         7         4
       591       124       125       592
      1765        44         2         1         7         4
       592       125       126       593
      1766        44         2         1         7         4
       593       126       127       594
      1767        44         2         1         7         4
       594       127       128       595
      1768        44         2         1         7         4
       595       128       129       596
      1769        44         2         1         7         4
       596       129       130       597
      1770        44         2         1         7         4
       597       130       131       598
      1771        44         2         1         7         4
       598       131       132       599
      2026        41         2         1         7         3
       132       107       624
      2027        41         2         1         7         3
       107       495       624
      2028        41         2         1         7         3
       495       549       624
      2029        41         2         1         7         3
       549       574       624
      2030        41         2         1         7         3
       574       599       624
      2031        41         2         1         7         3
       599       132       624
      2036        41         2         1         7         3
       625         1       628
      2037        41         2         1         7         3
         1         2       628
      2038        41         2         1         7         3
         2       523       628
      2039        41         2         1         7         3
       523       626       628
      2040        41         2         1         7         3
       626       627       628
      2041        41         2         1         7         3
       627       625       628
      2042        44         2         1         7         4
       625         1       133       629
      2043        44         2         1         7         4
       629       133       134       630
      2044        44         2         1         7         4
       630       134       135       631
      2045        44         2         1         7         4
       631       135       136       632
      2046        44         2         1         7         4
       632       136       137       633
      2047        44         2         1         7         4
       633       137       138       634
      2048        44         2         1         7         4
       634       138       139       635
      2049        44         2         1         7         4
       635       139       140       636
      2050        44         2         1         7         4
       636       140       141       637
      2051        44         2         1         7         4
       637       141       142       638
      2052        44         2         1         7         4
       638       142       143       639
      2053        44         2         1         7         4
       639       143       144       640
      2054        44         2         1         7         4
       640       144       145       641
      2055        44         2         1         7         4
       641       145       146       642
      2056        44         2         1         7         4
       642       146       147       643
      2057        44         2         1         7         4
       643       147       148       644
      2058        44         2         1         7         4
       644       148       149       645
      2059        44         2         1         7         4
       645       149       150       646
      2060        44         2         1         7         4
       646       150       151       647
      2061        44         2         1         7         4
       647       151       152       648
      2062        44         2         1         7         4
       648       152       153       649
      2063        44         2         1         7         4
       649       153       154       650
      2064        44         2         1         7         4
       650       154       155       651
      2065        44         2         1         7         4
       651       155       156       652
      2066        44         2         1         7         4
       652       156       157       653
      2067        44         2         1         7         4
       523       626       654       575
      2068        44         2         1         7         4
       575       654       655       576
      2069        44         2         1         7         4
       576       655       656       577
      2070        44         2         1         7         4
       577       656       657       578
      2071        44         2         1         7         4
       578       657       658       579
      2072        44         2         1         7         4
       579       658       659       580
      2073        44         2         1         7         4
       580       659       660       581
      2074        44         2         1         7         4
       581       660       661       582
      2075        44         2         1         7         4
       582       661       662       583
      2076        44         2         1         7         4
       583       662       663       584
      2077        44         2         1         7         4
       584       663       664       585
      2078        44         2         1         7         4
       585       664       665       586
      2079        44         2         1         7         4
       586       665       666       587
      2080        44         2         1         7         4
       587       666       667       588
      2081        44         2         1         7         4
       588       667       668       589
      2082        44         2         1         7         4
       589       668       669       590
      2083        44         2         1         7         4
       590       669       670       591
      2084        44         2         1         7         4
       591       670       671       592
      2085        44         2         1         7         4
       592       671       672       593
      2086        44         2         1         7         4
       593       672       673       594
      2087        44         2         1         7         4
       594       673       674       595
      2088        44         2         1         7         4
       595       674       675       596
      2089        44         2         1         7         4
       596       675       676       597
      2090        44         2         1         7         4
       597       676       677       598
      2091        44         2         1         7         4
       598       677       678       599
      2092        44         2         1         7         4
       626       627       679       654
      2093        44         2         1         7         4
       654       679       680       655
      2094        44         2         1         7         4
       655       680       681       656
      2095        44         2         1         7         4
       656       681       682       657
      2096        44         2         1         7         4
       657       682       683       658
      2097        44         2         1         7         4
       658       683       684       659
      2098        44         2         1         7         4
       659       684       685       660
      2099        44         2         1         7         4
       660       685       686       661
      2100        44         2         1         7         4
       661       686       687       662
      2101        44         2         1         7         4
       662       687       688       663
      2102        44         2         1         7         4
       663       688       689       664
      2103        44         2         1         7         4
       664       689       690       665
      2104        44         2         1         7         4
       665       690       691       666
      2105        44         2         1         7         4
       666       691       692       667
      2106        44         2         1         7         4
       667       692       693       668
      2107        44         2         1         7         4
       668       693       694       669
      2108        44         2         1         7         4
       669       694       695       670
      2109        44         2         1         7         4
       670       695       696       671
      2110        44         2         1         7         4
       671       696       697       672
      2111        44         2         1         7         4
       672       697       698       673
      2112        44         2         1         7         4
       673       698       699       674
      2113        44         2         1         7         4
       674       699       700       675
      2114        44         2         1         7         4
       675       700       701       676
      2115        44         2         1         7         4
       676       701       702       677
      2116        44         2         1         7         4
       677       702       703       678
      2117        44         2         1         7         4
       627       625       629       679
      2118        44         2         1         7         4
       679       629       630       680
      2119        44         2         1         7         4
       680       630       631       681
      2120        44         2         1         7         4
       681       631       632       682
      2121        44         2         1         7         4
       682       632       633       683
      2122        44         2         1         7         4
       683       633       634       684
      2123        44         2         1         7         4
       684       634       635       685
      2124        44         2         1         7         4
       685       635       636       686
      2125        44         2         1         7         4
       686       636       637       687
      2126        44         2         1         7         4
       687       637       638       688
      2127        44         2         1         7         4
       688       638       639       689
      2128        44         2         1         7         4
       689       639       640       690
      2129        44         2         1         7         4
       690       640       641       691
      2130        44         2         1         7         4
       691       641       642       692
      2131        44         2         1         7         4
       692       642       643       693
      2132        44         2         1         7         4
       693       643       644       694
      2133        44         2         1         7         4
       694       644       645       695
      2134        44         2         1         7         4
       695       645       646       696
      2135        44         2         1         7         4
       696       646       647       697
      2136        44         2         1         7         4
       697       647       648       698
      2137        44         2         1         7         4
       698       648       649       699
      2138        44         2         1         7         4
       699       649       650       700
      2139        44         2         1         7         4
       700       650       651       701
      2140        44         2         1         7         4
       701       651       652       702
      2141        44         2         1         7         4
       702       652       653       703
      2396        41         2         1         7         3
       653       157       728
      2397        41         2         1         7         3
       157       132       728
      2398        41         2         1         7         3
       132       599       728
      2399        41         2         1         7         3
       599       678       728
      2400        41         2         1         7         3
       678       703       728
      2401        41         2         1         7         3
       703       653       728
      2405        41         2         1         7         3
       729       186       731
      2406        41         2         1         7         3
       186         6       731
      2407        41         2         1         7         3
         6         1       731
      2408        41         2         1         7         3
         1       625       731
      2409        41         2         1         7         3
       625       730       731
      2410        41         2         1         7         3
       730       729       731
      2411        44         2         1         7         4
       729       186       263       732
      2412        44         2         1         7         4
       732       263       264       733
      2413        44         2         1         7         4
       733       264       265       734
      2414        44         2         1         7         4
       734       265       266       735
      2415        44         2         1         7         4
       735       266       267       736
      2416        44         2         1         7         4
       736       267       268       737
      2417        44         2         1         7         4
       737       268       269       738
      2418        44         2         1         7         4
       738       269       270       739
      2419        44         2         1         7         4
       739       270       271       740
      2420        44         2         1         7         4
       740       271       272       741
      2421        44         2         1         7         4
       741       272       273       742
      2422        44         2         1         7         4
       742       273       274       743
      2423        44         2         1         7         4
       743       274       275       744
      2424        44         2         1         7         4
       744       275       276       745
      2425        44         2         1         7         4
       745       276       277       746
      2426        44         2         1         7         4
       746       277       278       747
      2427        44         2         1         7         4
       747       278       279       748
      2428        44         2         1         7         4
       748       279       280       749
      2429        44         2         1         7         4
       749       280       281       750
      2430        44         2         1         7         4
       750       281       282       751
      2431        44         2         1         7         4
       751       282       283       752
      2432        44         2         1         7         4
       752       283       284       753
      2433        44         2         1         7         4
       753       284       285       754
      2434        44         2         1         7         4
       754       285       286       755
      2435        44         2         1         7         4
       755       286       287       756
      2436        44         2         1         7         4
       625       730       757       629
      2437        44         2         1         7         4
       629       757       758       630
      2438        44         2         1         7         4
       630       758       759       631
      2439        44         2         1         7         4
       631       759       760       632
      2440        44         2         1         7         4
       632       760       761       633
      2441        44         2         1         7         4
       633       761       762       634
      2442        44         2         1         7         4
       634       762       763       635
      2443        44         2         1         7         4
       635       763       764       636
      2444        44         2         1         7         4
       636       764       765       637
      2445        44         2         1         7         4
       637       765       766       638
      2446        44         2         1         7         4
       638       766       767       639
      2447        44         2         1         7         4
       639       767       768       640
      2448        44         2         1         7         4
       640       768       769       641
      2449        44         2         1         7         4
       641       769       770       642
      2450        44         2         1         7         4
       642       770       771       643
      2451        44         2         1         7         4
       643       771       772       644
      2452        44         2         1         7         4
       644       772       773       645
      2453        44         2         1         7         4
       645       773       774       646
      2454        44         2         1         7         4
       646       774       775       647
      2455        44         2         1         7         4
       647       775       776       648
      2456        44         2         1         7         4
       648       776       777       649
      2457        44         2         1         7         4
       649       777       778       650
      2458        44         2         1         7         4
       650       778       779       651
      2459        44         2         1         7         4
       651       779       780       652
      2460        44         2         1         7         4
       652       780       781       653
      2461        44         2         1         7         4
       730       729       732       757
      2462        44         2         1         7         4
       757       732       733       758
      2463        44         2         1         7         4
       758       733       734       759
      2464        44         2         1         7         4
       759       734       735       760
      2465        44         2         1         7         4
       760       735       736       761
      2466        44         2         1         7         4
       761       736       737       762
      2467        44         2         1         7         4
       762       737       738       763
      2468        44         2         1         7         4
       763       738       739       764
      2469        44         2         1         7         4
       764       739       740       765
      2470        44         2         1         7         4
       765       740       741       766
      2471        44         2         1         7         4
       766       741       742       767
      2472        44         2         1         7         4
       767       742       743       768
      2473        44         2         1         7         4
       768       743       744       769
      2474        44         2         1         7         4
       769       744       745       770
      2475        44         2         1         7         4
       770       745       746       771
      2476        44         2         1         7         4
       771       746       747       772
      2477        44         2         1         7         4
       772       747       748       773
      2478        44         2         1         7         4
       773       748       749       774
      2479        44         2         1         7         4
       774       749       750       775
      2480        44         2         1         7         4
       775       750       751       776
      2481        44         2         1         7         4
       776       751       752       777
      2482        44         2         1         7         4
       777       752       753       778
      2483        44         2         1         7         4
       778       753       754       779
      2484        44         2         1         7         4
       779       754       755       780
      2485        44         2         1         7         4
       780       755       756       781
      2714        41         2         1         7         3
       756       287       806
      2715        41         2         1         7         3
       287        32       806
      2716        41         2         1         7         3
        32       157       806
      2717        41         2         1         7         3
       157       653       806
      2718        41         2         1         7         3
       653       781       806
      2719        41         2         1         7         3
       781       756       806
      2720        44         2         1         7         4
        32        57       807       808
      2721        44         2         1         7         4
       808       807       809       810
      2722        44         2         1         7         4
       810       809       811       812
      2723        44         2         1         7         4
       812       811       813       814
      2724        44         2         1         7         4
       814       813       815       816
      2725        44         2         1         7         4
       816       815       817       818
      2726        44         2         1         7         4
       818       817       819       820
      2727        44         2         1         7         4
       820       819       821       822
      2728        44         2         1         7         4
       822       821       823       824
      2729        44         2         1         7         4
       824       823       825       826
      2730        44         2         1         7         4
        57        82       827       807
      2731        44         2         1         7         4
       807       827       828       809
      2732        44         2         1         7         4
       809       828       829       811
      2733        44         2         1         7         4
       811       829       830       813
      2734        44         2         1         7         4
       813       830       831       815
      2735        44         2         1         7         4
       815       831       832       817
      2736        44         2         1         7         4
       817       832       833       819
      2737        44         2         1         7         4
       819       833       834       821
      2738        44         2         1         7         4
       821       834       835       823
      2739        44         2         1         7         4
       823       835       836       825
      2740        44         2         1         7         4
        82       107       837       827
      2741        44         2         1         7         4
       827       837       838       828
      2742        44         2         1         7         4
       828       838       839       829
      2743        44         2         1         7         4
       829       839       840       830
      2744        44         2         1         7         4
       830       840       841       831
      2745        44         2         1         7         4
       831       841       842       832
      2746        44         2         1         7         4
       832       842       843       833
      2747        44         2         1         7         4
       833       843       844       834
      2748        44         2         1         7         4
       834       844       845       835
      2749        44         2         1         7         4
       835       845       846       836
      2750        44         2         1         7         4
       107       132       847       837
      2751        44         2         1         7         4
       837       847       848       838
      2752        44         2         1         7         4
       838       848       849       839
      2753        44         2         1         7         4
       839       849       850       840
      2754        44         2         1         7         4
       840       850       851       841
      2755        44         2         1         7         4
       841       851       852       842
      2756        44         2         1         7         4
       842       852       853       843
      2757        44         2         1         7         4
       843       853       854       844
      2758        44         2         1         7         4
       844       854       855       845
      2759        44         2         1         7         4
       845       855       856       846
      2760        44         2         1         7         4
       132       157       857       847
      2761        44         2         1         7         4
       847       857       858       848
      2762        44         2         1         7         4
       848       858       859       849
      2763        44         2         1         7         4
       849       859       860       850
      2764        44         2         1         7         4
       850       860       861       851
      2765        44         2         1         7         4
       851       861       862       852
      2766        44         2         1         7         4
       852       862       863       853
      2767        44         2         1         7         4
       853       863       864       854
      2768        44         2         1         7         4
       854       864       865       855
      2769        44         2         1         7         4
       855       865       866       856
      2770        44         2         1         7         4
       157        32       808       857
      2771        44         2         1         7         4
       857       808       810       858
      2772        44         2         1         7         4
       858       810       812       859
      2773        44         2         1         7         4
       859       812       814       860
      2774        44         2         1         7         4
       860       814       816       861
      2775        44         2         1         7         4
       861       816       818       862
      2776        44         2         1         7         4
       862       818       820       863
      2777        44         2         1         7         4
       863       820       822       864
      2778        44         2         1         7         4
       864       822       824       865
      2779        44         2         1         7         4
       865       824       826       866
      2916        41         2         1         7         3
       826       825       876
      2917        41         2         1         7         3
       825       836       876
      2918        41         2         1         7         3
       836       846       876
      2919        41         2         1         7         3
       846       856       876
      2920        41         2         1         7         3
       856       866       876
      2921        41         2         1         7         3
       866       826       876
      2922        44         2         1         7         4
       237       236       877       878
      2923        44         2         1         7         4
       878       877       879       880
      2924        44         2         1         7         4
       880       879       881       882
      2925        44         2         1         7         4
       882       881       883       884
      2926        44         2         1         7         4
       884       883       885       886
      2927        44         2         1         7         4
       886       885       887       888
      2928        44         2         1         7         4
       888       887       889       890
      2929        44         2         1         7         4
       890       889       891       892
      2930        44         2         1         7         4
       892       891       893       894
      2931        44         2         1         7         4
       894       893       895       896
      2932        44         2         1         7         4
       236       262       897       877
      2933        44         2         1         7         4
       877       897       898       879
      2934        44         2         1         7         4
       879       898       899       881
      2935        44         2         1         7         4
       881       899       900       883
      2936        44         2         1         7         4
       883       900       901       885
      2937        44         2         1         7         4
       885       901       902       887
      2938        44         2         1         7         4
       887       902       903       889
      2939        44         2         1         7         4
       889       903       904       891
      2940        44         2         1         7         4
       891       904       905       893
      2941        44         2         1         7         4
       893       905       906       895
      2942        44         2         1         7         4
       262        57       807       897
      2943        44         2         1         7         4
       897       807       809       898
      2944        44         2         1         7         4
       898       809       811       899
      2945        44         2         1         7         4
       899       811       813       900
      2946        44         2         1         7         4
       900       813       815       901
      2947        44         2         1         7         4
       901       815       817       902
      2948        44         2         1         7         4
       902       817       819       903
      2949        44         2         1         7         4
       903       819       821       904
      2950        44         2         1         7         4
       904       821       823       905
      2951        44         2         1         7         4
       905       823       825       906
      2952        44         2         1         7         4
        32       287       907       808
      2953        44         2         1         7         4
       808       907       908       810
      2954        44         2         1         7         4
       810       908       909       812
      2955        44         2         1         7         4
       812       909       910       814
      2956        44         2         1         7         4
       814       910       911       816
      2957        44         2         1         7         4
       816       911       912       818
      2958        44         2         1         7         4
       818       912       913       820
      2959        44         2         1         7         4
       820       913       914       822
      2960        44         2         1         7         4
       822       914       915       824
      2961        44         2         1         7         4
       824       915       916       826
      2962        44         2         1         7         4
       287       237       878       907
      2963        44         2         1         7         4
       907       878       880       908
      2964        44         2         1         7         4
       908       880       882       909
      2965        44         2         1         7         4
       909       882       884       910
      2966        44         2         1         7         4
       910       884       886       911
      2967        44         2         1         7         4
       911       886       888       912
      2968        44         2         1         7         4
       912       888       890       913
      2969        44         2         1         7         4
       913       890       892       914
      2970        44         2         1         7         4
       914       892       894       915
      2971        44         2         1         7         4
       915       894       896       916
      3087        41         2         1         7         3
       896       895       926
      3088        41         2         1         7         3
       895       906       926
      3089        41         2         1         7         3
       906       825       926
      3090        41         2         1         7         3
       825       826       926
      3091        41         2         1         7         3
       826       916       926
      3092        41         2         1         7         3
       916       896       926
      3093        44         2         1         7         4
       262       341       927       897
      3094        44         2         1         7         4
       897       927       928       898
      3095        44         2         1         7         4
       898       928       929       899
      3096        44         2         1         7         4
       899       929       930       900
      3097        44         2         1         7         4
       900       930       931       901
      3098        44         2         1         7         4
       901       931       932       902
      3099        44         2         1         7         4
       902       932       933       903
      3100        44         2         1         7         4
       903       933       934       904
      3101        44         2         1         7         4
       904       934       935       905
      3102        44         2         1         7         4
       905       935       936       906
      3103        44         2         1         7         4
       341       366       937       927
      3104        44         2         1         7         4
       927       937       938       928
      3105        44         2         1         7         4
       928       938       939       929
      3106        44         2         1         7         4
       929       939       940       930
      3107        44         2         1         7         4
       930       940       941       931
      3108        44         2         1         7         4
       931       941       942       932
      3109        44         2         1         7         4
       932       942       943       933
      3110        44         2         1         7         4
       933       943       944       934
      3111        44         2         1         7         4
       934       944       945       935
      3112        44         2         1         7         4
       935       945       946       936
      3113        44         2         1         7         4
       366       391       947       937
      3114        44         2         1         7         4
       937       947       948       938
      3115        44         2         1         7         4
       938       948       949       939
      3116        44         2         1         7         4
       939       949       950       940
      3117        44         2         1         7         4
       940       950       951       941
      3118        44         2         1         7         4
       941       951       952       942
      3119        44         2         1         7         4
       942       952       953       943
      3120        44         2         1         7         4
       943       953       954       944
      3121        44         2         1         7         4
       944       954       955       945
      3122        44         2         1         7         4
       945       955       956       946
      3123        44         2         1         7         4
       391        82       827       947
      3124        44         2         1         7         4
       947       827       828       948
      3125        44         2         1         7         4
       948       828       829       949
      3126        44         2         1         7         4
       949       829       830       950
      3127        44         2         1         7         4
       950       830       831       951
      3128        44         2         1         7         4
       951       831       832       952
      3129        44         2         1         7         4
       952       832       833       953
      3130        44         2         1         7         4
       953       833       834       954
      3131        44         2         1         7         4
       954       834       835       955
      3132        44         2         1         7         4
       955       835       836       956
      3237        41         2         1         7         3
       906       936       966
      3238        41         2         1         7         3
       936       946       966
      3239        41         2         1         7         3
       946       956       966
      3240        41         2         1         7         3
       956       836       966
      3241        41         2         1         7         3
       836       825       966
      3242        41         2         1         7         3
       825       906       966
      3243        44         2         1         7         4
       391       445       967       947
      3244        44         2         1         7         4
       947       967       968       948
      3245        44         2         1         7         4
       948       968       969       949
      3246        44         2         1         7         4
       949       969       970       950
      3247        44         2         1         7         4
       950       970       971       951
      3248        44         2         1         7         4
       951       971       972       952
      3249        44         2         1         7         4
       952       972       973       953
      3250        44         2         1         7         4
       953       973       974       954
      3251        44         2         1         7         4
       954       974       975       955
      3252        44         2         1         7         4
       955       975       976       956
      3253        44         2         1         7         4
       445       470       977       967
      3254        44         2         1         7         4
       967       977       978       968
      3255        44         2         1         7         4
       968       978       979       969
      3256        44         2         1         7         4
       969       979       980       970
      3257        44         2         1         7         4
       970       980       981       971
      3258        44         2         1         7         4
       971       981       982       972
      3259        44         2         1         7         4
       972       982       983       973
      3260        44         2         1         7         4
       973       983       984       974
      3261        44         2         1         7         4
       974       984       985       975
      3262        44         2         1         7         4
       975       985       986       976
      3263        44         2         1         7         4
       470       495       987       977
      3264        44         2         1         7         4
       977       987       988       978
      3265        44         2         1         7         4
       978       988       989       979
      3266        44         2         1         7         4
       979       989       990       980
      3267        44         2         1         7         4
       980       990       991       981
      3268        44         2         1         7         4
       981       991       992       982
      3269        44         2         1         7         4
       982       992       993       983
      3270        44         2         1         7         4
       983       993       994       984
      3271        44         2         1         7         4
       984       994       995       985
      3272        44         2         1         7         4
       985       995       996       986
      3273        44         2         1         7         4
       495       107       837       987
      3274        44         2         1         7         4
       987       837       838       988
      3275        44         2         1         7         4
       988       838       839       989
      3276        44         2         1         7         4
       989       839       840       990
      3277        44         2         1         7         4
       990       840       841       991
      3278        44         2         1         7         4
       991       841       842       992
      3279        44         2         1         7         4
       992       842       843       993
      3280        44         2         1         7         4
       993       843       844       994
      3281        44         2         1         7         4
       994       844       845       995
      3282        44         2         1         7         4
       995       845       846       996
      3387        41         2         1         7         3
       836       956      1006
      3388        41         2         1         7         3
       956       976      1006
      3389        41         2         1         7         3
       976       986      1006
      3390        41         2         1         7         3
       986       996      1006
      3391        41         2         1         7         3
       996       846      1006
      3392        41         2         1         7         3
       846       836      1006
      3393        44         2         1         7         4
       495       549      1007       987
      3394        44         2         1         7         4
       987      1007      1008       988
      3395        44         2         1         7         4
       988      1008      1009       989
      3396        44         2         1         7         4
       989      1009      1010       990
      3397        44         2         1         7         4
       990      1010      1011       991
      3398        44         2         1         7         4
       991      1011      1012       992
      3399        44         2         1         7         4
       992      1012      1013       993
      3400        44         2         1         7         4
       993      1013      1014       994
      3401        44         2         1         7         4
       994      1014      1015       995
      3402        44         2         1         7         4
       995      1015      1016       996
      3403        44         2         1         7         4
       549       574      1017      1007
      3404        44         2         1         7         4
      1007      1017      1018      1008
      3405        44         2         1         7         4
      1008      1018      1019      1009
      3406        44         2         1         7         4
      1009      1019      1020      1010
      3407        44         2         1         7         4
      1010      1020      1021      1011
      3408        44         2         1         7         4
      1011      1021      1022      1012
      3409        44         2         1         7         4
      1012      1022      1023      1013
      3410        44         2         1         7         4
      1013      1023      1024      1014
      3411        44         2         1         7         4
      1014      1024      1025      1015
      3412        44         2         1         7         4
      1015      1025      1026      1016
      3413        44         2         1         7         4
       574       599      1027      1017
      3414        44         2         1         7         4
      1017      1027      1028      1018
      3415        44         2         1         7         4
      1018      1028      1029      1019
      3416        44         2         1         7         4
      1019      1029      1030      1020
      3417        44         2         1         7         4
      1020      1030      1031      1021
      3418        44         2         1         7         4
      1021      1031      1032      1022
      3419        44         2         1         7         4
      1022      1032      1033      1023
      3420        44         2         1         7         4
      1023      1033      1034      1024
      3421        44         2         1         7         4
      1024      1034      1035      1025
      3422        44         2         1         7         4
      1025      1035      1036      1026
      3423        44         2         1         7         4
       599       132       847      1027
      3424        44         2         1         7         4
      1027       847       848      1028
      3425        44         2         1         7         4
      1028       848       849      1029
      3426        44         2         1         7         4
      1029       849       850      1030
      3427        44         2         1         7         4
      1030       850       851      1031
      3428        44         2         1         7         4
      1031       851       852      1032
      3429        44         2         1         7         4
      1032       852       853      1033
      3430        44         2         1         7         4
      1033       853       854      1034
      3431        44         2         1         7         4
      1034       854       855      1035
      3432        44         2         1         7         4
      1035       855       856      1036
      3537        41         2         1         7         3
       856       846      1046
      3538        41         2         1         7         3
       846       996      1046
      3539        41         2         1         7         3
       996      1016      1046
      3540        41         2         1         7         3
      1016      1026      1046
      3541        41         2         1         7         3
      1026      1036      1046
      3542        41         2         1         7         3
      1036       856      1046
      3543        44         2         1         7         4
       653       157       857      1047
      3544        44         2         1         7         4
      1047       857       858      1048
      3545        44         2         1         7         4
      1048       858       859      1049
      3546        44         2         1         7         4
      1049       859       860      1050
      3547        44         2         1         7         4
      1050       860       861      1051
      3548        44         2         1         7         4
      1051       861       862      1052
      3549        44         2         1         7         4
      1052       862       863      1053
      3550        44         2         1         7         4
      1053       863       864      1054
      3551        44         2         1         7         4
      1054       864       865      1055
      3552        44         2         1         7         4
      1055       865       866      1056
      3553        44         2         1         7         4
       599       678      1057      1027
      3554        44         2         1         7         4
      1027      1057      1058      1028
      3555        44         2         1         7         4
      1028      1058      1059      1029
      3556        44         2         1         7         4
      1029      1059      1060      1030
      3557        44         2         1         7         4
      1030      1060      1061      1031
      3558        44         2         1         7         4
      1031      1061      1062      1032
      3559        44         2         1         7         4
      1032      1062      1063      1033
      3560        44         2         1         7         4
      1033      1063      1064      1034
      3561        44         2         1         7         4
      1034      1064      1065      1035
      3562        44         2         1         7         4
      1035      1065      1066      1036
      3563        44         2         1         7         4
       678       703      1067      1057
      3564        44         2         1         7         4
      1057      1067      1068      1058
      3565        44         2         1         7         4
      1058      1068      1069      1059
      3566        44         2         1         7         4
      1059      1069      1070      1060
      3567        44         2         1         7         4
      1060      1070      1071      1061
      3568        44         2         1         7         4
      1061      1071      1072      1062
      3569        44         2         1         7         4
      1062      1072      1073      1063
      3570        44         2         1         7         4
      1063      1073      1074      1064
      3571        44         2         1         7         4
      1064      1074      1075      1065
      3572        44         2         1         7         4
      1065      1075      1076      1066
      3573        44         2         1         7         4
       703       653      1047      1067
      3574        44         2         1         7         4
      1067      1047      1048      1068
      3575        44         2         1         7         4
      1068      1048      1049      1069
      3576        44         2         1         7         4
      1069      1049      1050      1070
      3577        44         2         1         7         4
      1070      1050      1051      1071
      3578        44         2         1         7         4
      1071      1051      1052      1072
      3579        44         2         1         7         4
      1072      1052      1053      1073
      3580        44         2         1         7         4
      1073      1053      1054      1074
      3581        44         2         1         7         4
      1074      1054      1055      1075
      3582        44         2         1         7         4
      1075      1055      1056      1076
      3687        41         2         1         7         3
      1056       866      1086
      3688        41         2         1         7         3
       866       856      1086
      3689        41         2         1         7         3
       856      1036      1086
      3690        41         2         1         7         3
      1036      1066      1086
      3691        41         2         1         7         3
      1066      1076      1086
      3692        41         2         1         7         3
      1076      1056      1086
      3693        44         2         1         7         4
       756       287       907      1087
      3694        44         2         1         7         4
      1087       907       908      1088
      3695        44         2         1         7         4
      1088       908       909      1089
      3696        44         2         1         7         4
      1089       909       910      1090
      3697        44         2         1         7         4
      1090       910       911      1091
      3698        44         2         1         7         4
      1091       911       912      1092
      3699        44         2         1         7         4
      1092       912       913      1093
      3700        44         2         1         7         4
      1093       913       914      1094
      3701        44         2         1         7         4
      1094       914       915      1095
      3702        44         2         1         7         4
      1095       915       916      1096
      3703        44         2         1         7         4
       653       781      1097      1047
      3704        44         2         1         7         4
      1047      1097      1098      1048
      3705        44         2         1         7         4
      1048      1098      1099      1049
      3706        44         2         1         7         4
      1049      1099      1100      1050
      3707        44         2         1         7         4
      1050      1100      1101      1051
      3708        44         2         1         7         4
      1051      1101      1102      1052
      3709        44         2         1         7         4
      1052      1102      1103      1053
      3710        44         2         1         7         4
      1053      1103      1104      1054
      3711        44         2         1         7         4
      1054      1104      1105      1055
      3712        44         2         1         7         4
      1055      1105      1106      1056
      3713        44         2         1         7         4
       781       756      1087      1097
      3714        44         2         1         7         4
      1097      1087      1088      1098
      3715        44         2         1         7         4
      1098      1088      1089      1099
      3716        44         2         1         7         4
      1099      1089      1090      1100
      3717        44         2         1         7         4
      1100      1090      1091      1101
      3718        44         2         1         7         4
      1101      1091      1092      1102
      3719        44         2         1         7         4
      1102      1092      1093      1103
      3720        44         2         1         7         4
      1103      1093      1094      1104
      3721        44         2         1         7         4
      1104      1094      1095      1105
      3722        44         2         1         7         4
      1105      1095      1096      1106
      3816        41         2         1         7         3
      1096       916      1116
      3817        41         2         1         7         3
       916       826      1116
      3818        41         2         1         7         3
       826       866      1116
      3819        41         2         1         7         3
       866      1056      1116
      3820        41         2         1         7         3
      1056      1106      1116
      3821        41         2         1         7         3
      1106      1096      1116
      3828        41         2         1         7         3
      1117      1118      1123
      3829        41         2         1         7         3
      1118      1119      1123
      3830        41         2         1         7         3
      1119      1120      1123
      3831        41         2         1         7         3
      1120      1121      1123
      3832        41         2         1         7         3
      1121      1122      1123
      3833        41         2         1         7         3
      1122      1117      1123
      3834        44         2         1         7         4
      1117      1118      1124      1125
      3835        44         2         1         7         4
      1125      1124      1126      1127
      3836        44         2         1         7         4
      1127      1126      1128      1129
      3837        44         2         1         7         4
      1129      1128      1130      1131
      3838        44         2         1         7         4
      1131      1130      1132      1133
      3839        44         2         1         7         4
      1133      1132      1134      1135
      3840        44         2         1         7         4
      1135      1134      1136      1137
      3841        44         2         1         7         4
      1137      1136      1138      1139
      3842        44         2         1         7         4
      1139      1138      1140      1141
      3843        44         2         1         7         4
      1141      1140         5         6
      3844        44         2         1         7         4
      1118      1119      1142      1124
      3845        44         2         1         7         4
      1124      1142      1143      1126
      3846        44         2         1         7         4
      1126      1143      1144      1128
      3847        44         2         1         7         4
      1128      1144      1145      1130
      3848        44         2         1         7         4
      1130      1145      1146      1132
      3849        44         2         1         7         4
      1132      1146      1147      1134
      3850        44         2         1         7         4
      1134      1147      1148      1136
      3851        44         2         1         7         4
      1136      1148      1149      1138
      3852        44         2         1         7         4
      1138      1149      1150      1140
      3853        44         2         1         7         4
      1140      1150         4         5
      3854        44         2         1         7         4
      1119      1120      1151      1142
      3855        44         2         1         7         4
      1142      1151      1152      1143
      3856        44         2         1         7         4
      1143      1152      1153      1144
      3857        44         2         1         7         4
      1144      1153      1154      1145
      3858        44         2         1         7         4
      1145      1154      1155      1146
      3859        44         2         1         7         4
      1146      1155      1156      1147
      3860        44         2         1         7         4
      1147      1156      1157      1148
      3861        44         2         1         7         4
      1148      1157      1158      1149
      3862        44         2         1         7         4
      1149      1158      1159      1150
      3863        44         2         1         7         4
      1150      1159         3         4
      3864        44         2         1         7         4
      1120      1121      1160      1151
      3865        44         2         1         7         4
      1151      1160      1161      1152
      3866        44         2         1         7         4
      1152      1161      1162      1153
      3867        44         2         1         7         4
      1153      1162      1163      1154
      3868        44         2         1         7         4
      1154      1163      1164      1155
      3869        44         2         1         7         4
      1155      1164      1165      1156
      3870        44         2         1         7         4
      1156      1165      1166      1157
      3871        44         2         1         7         4
      1157      1166      1167      1158
      3872        44         2         1         7         4
      1158      1167      1168      1159
      3873        44         2         1         7         4
      1159      1168         2         3
      3874        44         2         1         7         4
      1121      1122      1169      1160
      3875        44         2         1         7         4
      1160      1169      1170      1161
      3876        44         2         1         7         4
      1161      1170      1171      1162
      3877        44         2         1         7         4
      1162      1171      1172      1163
      3878        44         2         1         7         4
      1163      1172      1173      1164
      3879        44         2         1         7         4
      1164      1173      1174      1165
      3880        44         2         1         7         4
      1165      1174      1175      1166
      3881        44         2         1         7         4
      1166      1175      1176      1167
      3882        44         2         1         7         4
      1167      1176      1177      1168
      3883        44         2         1         7         4
      1168      1177         1         2
      3884        44         2         1         7         4
      1122      1117      1125      1169
      3885        44         2         1         7         4
      1169      1125      1127      1170
      3886        44         2         1         7         4
      1170      1127      1129      1171
      3887        44         2         1         7         4
      1171      1129      1131      1172
      3888        44         2         1         7         4
      1172      1131      1133      1173
      3889        44         2         1         7         4
      1173      1133      1135      1174
      3890        44         2         1         7         4
      1174      1135      1137      1175
      3891        44         2         1         7         4
      1175      1137      1139      1176
      3892        44         2         1         7         4
      1176      1139      1141      1177
      3893        44         2         1         7         4
      1177      1141         6         1
      4029        41         2         1         7         3
      1187      1188      1191
      4030        41         2         1         7         3
      1188      1189      1191
      4031        41         2         1         7         3
      1189      1118      1191
      4032        41         2         1         7         3
      1118      1117      1191
      4033        41         2         1         7         3
      1117      1190      1191
      4034        41         2         1         7         3
      1190      1187      1191
      4035        44         2         1         7         4
      1187      1188      1192      1193
      4036        44         2         1         7         4
      1193      1192      1194      1195
      4037        44         2         1         7         4
      1195      1194      1196      1197
      4038        44         2         1         7         4
      1197      1196      1198      1199
      4039        44         2         1         7         4
      1199      1198      1200      1201
      4040        44         2         1         7         4
      1201      1200      1202      1203
      4041        44         2         1         7         4
      1203      1202      1204      1205
      4042        44         2         1         7         4
      1205      1204      1206      1207
      4043        44         2         1         7         4
      1207      1206      1208      1209
      4044        44         2         1         7         4
      1209      1208       184       183
      4045        44         2         1         7         4
      1188      1189      1210      1192
      4046        44         2         1         7         4
      1192      1210      1211      1194
      4047        44         2         1         7         4
      1194      1211      1212      1196
      4048        44         2         1         7         4
      1196      1212      1213      1198
      4049        44         2         1         7         4
      1198      1213      1214      1200
      4050        44         2         1         7         4
      1200      1214      1215      1202
      4051        44         2         1         7         4
      1202      1215      1216      1204
      4052        44         2         1         7         4
      1204      1216      1217      1206
      4053        44         2         1         7         4
      1206      1217      1218      1208
      4054        44         2         1         7         4
      1208      1218       185       184
      4055        44         2         1         7         4
      1189      1118      1124      1210
      4056        44         2         1         7         4
      1210      1124      1126      1211
      4057        44         2         1         7         4
      1211      1126      1128      1212
      4058        44         2         1         7         4
      1212      1128      1130      1213
      4059        44         2         1         7         4
      1213      1130      1132      1214
      4060        44         2         1         7         4
      1214      1132      1134      1215
      4061        44         2         1         7         4
      1215      1134      1136      1216
      4062        44         2         1         7         4
      1216      1136      1138      1217
      4063        44         2         1         7         4
      1217      1138      1140      1218
      4064        44         2         1         7         4
      1218      1140         5       185
      4065        44         2         1         7         4
      1117      1190      1219      1125
      4066        44         2         1         7         4
      1125      1219      1220      1127
      4067        44         2         1         7         4
      1127      1220      1221      1129
      4068        44         2         1         7         4
      1129      1221      1222      1131
      4069        44         2         1         7         4
      1131      1222      1223      1133
      4070        44         2         1         7         4
      1133      1223      1224      1135
      4071        44         2         1         7         4
      1135      1224      1225      1137
      4072        44         2         1         7         4
      1137      1225      1226      1139
      4073        44         2         1         7         4
      1139      1226      1227      1141
      4074        44         2         1         7         4
      1141      1227       186         6
      4075        44         2         1         7         4
      1190      1187      1193      1219
      4076        44         2         1         7         4
      1219      1193      1195      1220
      4077        44         2         1         7         4
      1220      1195      1197      1221
      4078        44         2         1         7         4
      1221      1197      1199      1222
      4079        44         2         1         7         4
      1222      1199      1201      1223
      4080        44         2         1         7         4
      1223      1201      1203      1224
      4081        44         2         1         7         4
      1224      1203      1205      1225
      4082        44         2         1         7         4
      1225      1205      1207      1226
      4083        44         2         1         7         4
      1226      1207      1209      1227
      4084        44         2         1         7         4
      1227      1209       183       186
      4199        41         2         1         7         3
      1189      1237      1240
      4200        41         2         1         7         3
      1237      1238      1240
      4201        41         2         1         7         3
      1238      1239      1240
      4202        41         2         1         7         3
      1239      1119      1240
      4203        41         2         1         7         3
      1119      1118      1240
      4204        41         2         1         7         3
      1118      1189      1240
      4205        44         2         1         7         4
      1189      1237      1241      1210
      4206        44         2         1         7         4
      1210      1241      1242      1211
      4207        44         2         1         7         4
      1211      1242      1243      1212
      4208        44         2         1         7         4
      1212      1243      1244      1213
      4209        44         2         1         7         4
      1213      1244      1245      1214
      4210        44         2         1         7         4
      1214      1245      1246      1215
      4211        44         2         1         7         4
      1215      1246      1247      1216
      4212        44         2         1         7         4
      1216      1247      1248      1217
      4213        44         2         1         7         4
      1217      1248      1249      1218
      4214        44         2         1         7         4
      1218      1249       313       185
      4215        44         2         1         7         4
      1237      1238      1250      1241
      4216        44         2         1         7         4
      1241      1250      1251      1242
      4217        44         2         1         7         4
      1242      1251      1252      1243
      4218        44         2         1         7         4
      1243      1252      1253      1244
      4219        44         2         1         7         4
      1244      1253      1254      1245
      4220        44         2         1         7         4
      1245      1254      1255      1246
      4221        44         2         1         7         4
      1246      1255      1256      1247
      4222        44         2         1         7         4
      1247      1256      1257      1248
      4223        44         2         1         7         4
      1248      1257      1258      1249
      4224        44         2         1         7         4
      1249      1258       314       313
      4225        44         2         1         7         4
      1238      1239      1259      1250
      4226        44         2         1         7         4
      1250      1259      1260      1251
      4227        44         2         1         7         4
      1251      1260      1261      1252
      4228        44         2         1         7         4
      1252      1261      1262      1253
      4229        44         2         1         7         4
      1253      1262      1263      1254
      4230        44         2         1         7         4
      1254      1263      1264      1255
      4231        44         2         1         7         4
      1255      1264      1265      1256
      4232        44         2         1         7         4
      1256      1265      1266      1257
      4233        44         2         1         7         4
      1257      1266      1267      1258
      4234        44         2         1         7         4
      1258      1267       315       314
      4235        44         2         1         7         4
      1239      1119      1142      1259
      4236        44         2         1         7         4
      1259      1142      1143      1260
      4237        44         2         1         7         4
      1260      1143      1144      1261
      4238        44         2         1         7         4
      1261      1144      1145      1262
      4239        44         2         1         7         4
      1262      1145      1146      1263
      4240        44         2         1         7         4
      1263      1146      1147      1264
      4241        44         2         1         7         4
      1264      1147      1148      1265
      4242        44         2         1         7         4
      1265      1148      1149      1266
      4243        44         2         1         7         4
      1266      1149      1150      1267
      4244        44         2         1         7         4
      1267      1150         4       315
      4349        41         2         1         7         3
      1119      1239      1280
      4350        41         2         1         7         3
      1239      1277      1280
      4351        41         2         1         7         3
      1277      1278      1280
      4352        41         2         1         7         3
      1278      1279      1280
      4353        41         2         1         7         3
      1279      1120      1280
      4354        41         2         1         7         3
      1120      1119      1280
      4355        44         2         1         7         4
      1239      1277      1281      1259
      4356        44         2         1         7         4
      1259      1281      1282      1260
      4357        44         2         1         7         4
      1260      1282      1283      1261
      4358        44         2         1         7         4
      1261      1283      1284      1262
      4359        44         2         1         7         4
      1262      1284      1285      1263
      4360        44         2         1         7         4
      1263      1285      1286      1264
      4361        44         2         1         7         4
      1264      1286      1287      1265
      4362        44         2         1         7         4
      1265      1287      1288      1266
      4363        44         2         1         7         4
      1266      1288      1289      1267
      4364        44         2         1         7         4
      1267      1289       417       315
      4365        44         2         1         7         4
      1277      1278      1290      1281
      4366        44         2         1         7         4
      1281      1290      1291      1282
      4367        44         2         1         7         4
      1282      1291      1292      1283
      4368        44         2         1         7         4
      1283      1292      1293      1284
      4369        44         2         1         7         4
      1284      1293      1294      1285
      4370        44         2         1         7         4
      1285      1294      1295      1286
      4371        44         2         1         7         4
      1286      1295      1296      1287
      4372        44         2         1         7         4
      1287      1296      1297      1288
      4373        44         2         1         7         4
      1288      1297      1298      1289
      4374        44         2         1         7         4
      1289      1298       418       417
      4375        44         2         1         7         4
      1278      1279      1299      1290
      4376        44         2         1         7         4
      1290      1299      1300      1291
      4377        44         2         1         7         4
      1291      1300      1301      1292
      4378        44         2         1         7         4
      1292      1301      1302      1293
      4379        44         2         1         7         4
      1293      1302      1303      1294
      4380        44         2         1         7         4
      1294      1303      1304      1295
      4381        44         2         1         7         4
      1295      1304      1305      1296
      4382        44         2         1         7         4
      1296      1305      1306      1297
      4383        44         2         1         7         4
      1297      1306      1307      1298
      4384        44         2         1         7         4
      1298      1307       419       418
      4385        44         2         1         7         4
      1279      1120      1151      1299
      4386        44         2         1         7         4
      1299      1151      1152      1300
      4387        44         2         1         7         4
      1300      1152      1153      1301
      4388        44         2         1         7         4
      1301      1153      1154      1302
      4389        44         2         1         7         4
      1302      1154      1155      1303
      4390        44         2         1         7         4
      1303      1155      1156      1304
      4391        44         2         1         7         4
      1304      1156      1157      1305
      4392        44         2         1         7         4
      1305      1157      1158      1306
      4393        44         2         1         7         4
      1306      1158      1159      1307
      4394        44         2         1         7         4
      1307      1159         3       419
      4499        41         2         1         7         3
      1121      1120      1320
      4500        41         2         1         7         3
      1120      1279      1320
      4501        41         2         1         7         3
      1279      1317      1320
      4502        41         2         1         7         3
      1317      1318      1320
      4503        41         2         1         7         3
      1318      1319      1320
      4504        41         2         1         7         3
      1319      1121      1320
      4505        44         2         1         7         4
      1279      1317      1321      1299
      4506        44         2         1         7         4
      1299      1321      1322      1300
      4507        44         2         1         7         4
      1300      1322      1323      1301
      4508        44         2         1         7         4
      1301      1323      1324      1302
      4509        44         2         1         7         4
      1302      1324      1325      1303
      4510        44         2         1         7         4
      1303      1325      1326      1304
      4511        44         2         1         7         4
      1304      1326      1327      1305
      4512        44         2         1         7         4
      1305      1327      1328      1306
      4513        44         2         1         7         4
      1306      1328      1329      1307
      4514        44         2         1         7         4
      1307      1329       521       419
      4515        44         2         1         7         4
      1317      1318      1330      1321
      4516        44         2         1         7         4
      1321      1330      1331      1322
      4517        44         2         1         7         4
      1322      1331      1332      1323
      4518        44         2         1         7         4
      1323      1332      1333      1324
      4519        44         2         1         7         4
      1324      1333      1334      1325
      4520        44         2         1         7         4
      1325      1334      1335      1326
      4521        44         2         1         7         4
      1326      1335      1336      1327
      4522        44         2         1         7         4
      1327      1336      1337      1328
      4523        44         2         1         7         4
      1328      1337      1338      1329
      4524        44         2         1         7         4
      1329      1338       522       521
      4525        44         2         1         7         4
      1318      1319      1339      1330
      4526        44         2         1         7         4
      1330      1339      1340      1331
      4527        44         2         1         7         4
      1331      1340      1341      1332
      4528        44         2         1         7         4
      1332      1341      1342      1333
      4529        44         2         1         7         4
      1333      1342      1343      1334
      4530        44         2         1         7         4
      1334      1343      1344      1335
      4531        44         2         1         7         4
      1335      1344      1345      1336
      4532        44         2         1         7         4
      1336      1345      1346      1337
      4533        44         2         1         7         4
      1337      1346      1347      1338
      4534        44         2         1         7         4
      1338      1347       523       522
      4535        44         2         1         7         4
      1319      1121      1160      1339
      4536        44         2         1         7         4
      1339      1160      1161      1340
      4537        44         2         1         7         4
      1340      1161      1162      1341
      4538        44         2         1         7         4
      1341      1162      1163      1342
      4539        44         2         1         7         4
      1342      1163      1164      1343
      4540        44         2         1         7         4
      1343      1164      1165      1344
      4541        44         2         1         7         4
      1344      1165      1166      1345
      4542        44         2         1         7         4
      1345      1166      1167      1346
      4543        44         2         1         7         4
      1346      1167      1168      1347
      4544        44         2         1         7         4
      1347      1168         2       523
      4649        41         2         1         7         3
      1357      1122      1360
      4650        41         2         1         7         3
      1122      1121      1360
      4651        41         2         1         7         3
      1121      1319      1360
      4652        41         2         1         7         3
      1319      1358      1360
      4653        41         2         1         7         3
      1358      1359      1360
      4654        41         2         1         7         3
      1359      1357      1360
      4655        44         2         1         7         4
      1357      1122      1169      1361
      4656        44         2         1         7         4
      1361      1169      1170      1362
      4657        44         2         1         7         4
      1362      1170      1171      1363
      4658        44         2         1         7         4
      1363      1171      1172      1364
      4659        44         2         1         7         4
      1364      1172      1173      1365
      4660        44         2         1         7         4
      1365      1173      1174      1366
      4661        44         2         1         7         4
      1366      1174      1175      1367
      4662        44         2         1         7         4
      1367      1175      1176      1368
      4663        44         2         1         7         4
      1368      1176      1177      1369
      4664        44         2         1         7         4
      1369      1177         1       625
      4665        44         2         1         7         4
      1319      1358      1370      1339
      4666        44         2         1         7         4
      1339      1370      1371      1340
      4667        44         2         1         7         4
      1340      1371      1372      1341
      4668        44         2         1         7         4
      1341      1372      1373      1342
      4669        44         2         1         7         4
      1342      1373      1374      1343
      4670        44         2         1         7         4
      1343      1374      1375      1344
      4671        44         2         1         7         4
      1344      1375      1376      1345
      4672        44         2         1         7         4
      1345      1376      1377      1346
      4673        44         2         1         7         4
      1346      1377      1378      1347
      4674        44         2         1         7         4
      1347      1378       626       523
      4675        44         2         1         7         4
      1358      1359      1379      1370
      4676        44         2         1         7         4
      1370      1379      1380      1371
      4677        44         2         1         7         4
      1371      1380      1381      1372
      4678        44         2         1         7         4
      1372      1381      1382      1373
      4679        44         2         1         7         4
      1373      1382      1383      1374
      4680        44         2         1         7         4
      1374      1383      1384      1375
      4681        44         2         1         7         4
      1375      1384      1385      1376
      4682        44         2         1         7         4
      1376      1385      1386      1377
      4683        44         2         1         7         4
      1377      1386      1387      1378
      4684        44         2         1         7         4
      1378      1387       627       626
      4685        44         2         1         7         4
      1359      1357      1361      1379
      4686        44         2         1         7         4
      1379      1361      1362      1380
      4687        44         2         1         7         4
      1380      1362      1363      1381
      4688        44         2         1         7         4
      1381      1363      1364      1382
      4689        44         2         1         7         4
      1382      1364      1365      1383
      4690        44         2         1         7         4
      1383      1365      1366      1384
      4691        44         2         1         7         4
      1384      1366      1367      1385
      4692        44         2         1         7         4
      1385      1367      1368      1386
      4693        44         2         1         7         4
      1386      1368      1369      1387
      4694        44         2         1         7         4
      1387      1369       625       627
      4798        41         2         1         7         3
      1397      1190      1399
      4799        41         2         1         7         3
      1190      1117      1399
      4800        41         2         1         7         3
      1117      1122      1399
      4801        41         2         1         7         3
      1122      1357      1399
      4802        41         2         1         7         3
      1357      1398      1399
      4803        41         2         1         7         3
      1398      1397      1399
      4804        44         2         1         7         4
      1397      1190      1219      1400
      4805        44         2         1         7         4
      1400      1219      1220      1401
      4806        44         2         1         7         4
      1401      1220      1221      1402
      4807        44         2         1         7         4
      1402      1221      1222      1403
      4808        44         2         1         7         4
      1403      1222      1223      1404
      4809        44         2         1         7         4
      1404      1223      1224      1405
      4810        44         2         1         7         4
      1405      1224      1225      1406
      4811        44         2         1         7         4
      1406      1225      1226      1407
      4812        44         2         1         7         4
      1407      1226      1227      1408
      4813        44         2         1         7         4
      1408      1227       186       729
      4814        44         2         1         7         4
      1357      1398      1409      1361
      4815        44         2         1         7         4
      1361      1409      1410      1362
      4816        44         2         1         7         4
      1362      1410      1411      1363
      4817        44         2         1         7         4
      1363      1411      1412      1364
      4818        44         2         1         7         4
      1364      1412      1413      1365
      4819        44         2         1         7         4
      1365      1413      1414      1366
      4820        44         2         1         7         4
      1366      1414      1415      1367
      4821        44         2         1         7         4
      1367      1415      1416      1368
      4822        44         2         1         7         4
      1368      1416      1417      1369
      4823        44         2         1         7         4
      1369      1417       730       625
      4824        44         2         1         7         4
      1398      1397      1400      1409
      4825        44         2         1         7         4
      1409      1400      1401      1410
      4826        44         2         1         7         4
      1410      1401      1402      1411
      4827        44         2         1         7         4
      1411      1402      1403      1412
      4828        44         2         1         7         4
      1412      1403      1404      1413
      4829        44         2         1         7         4
      1413      1404      1405      1414
      4830        44         2         1         7         4
      1414      1405      1406      1415
      4831        44         2         1         7         4
      1415      1406      1407      1416
      4832        44         2         1         7         4
      1416      1407      1408      1417
      4833        44         2         1         7         4
      1417      1408       729       730
       163       112         2         1         7         6
         6         5         7         8        33       158
       164       112         2         1         7         6
         8        33       158         9        34       159
       165       112         2         1         7         6
         9        34       159        10        35       160
       166       112         2         1         7         6
        10        35       160        11        36       161
       167       112         2         1         7         6
        11        36       161        12        37       162
       168       112         2         1         7         6
        12        37       162        13        38       163
       169       112         2         1         7         6
        13        38       163        14        39       164
       170       112         2         1         7         6
        14        39       164        15        40       165
       171       112         2         1         7         6
        15        40       165        16        41       166
       172       112         2         1         7         6
        16        41       166        17        42       167
       173       112         2         1         7         6
        17        42       167        18        43       168
       174       112         2         1         7         6
        18        43       168        19        44       169
       175       112         2         1         7         6
        19        44       169        20        45       170
       176       112         2         1         7         6
        20        45       170        21        46       171
       177       112         2         1         7         6
        21        46       171        22        47       172
       178       112         2         1         7         6
        22        47       172        23        48       173
       179       112         2         1         7         6
        23        48       173        24        49       174
       180       112         2         1         7         6
        24        49       174        25        50       175
       181       112         2         1         7         6
        25        50       175        26        51       176
       182       112         2         1         7         6
        26        51       176        27        52       177
       183       112         2         1         7         6
        27        52       177        28        53       178
       184       112         2         1         7         6
        28        53       178        29        54       179
       185       112         2         1         7         6
        29        54       179        30        55       180
       186       112         2         1         7         6
        30        55       180        31        56       181
       187       112         2         1         7         6
        31        56       181        32        57       182
       188       112         2         1         7         6
         5         4         7        33        58       158
       189       112         2         1         7         6
        33        58       158        34        59       159
       190       112         2         1         7         6
        34        59       159        35        60       160
       191       112         2         1         7         6
        35        60       160        36        61       161
       192       112         2         1         7         6
        36        61       161        37        62       162
       193       112         2         1         7         6
        37        62       162        38        63       163
       194       112         2         1         7         6
        38        63       163        39        64       164
       195       112         2         1         7         6
        39        64       164        40        65       165
       196       112         2         1         7         6
        40        65       165        41        66       166
       197       112         2         1         7         6
        41        66       166        42        67       167
       198       112         2         1         7         6
        42        67       167        43        68       168
       199       112         2         1         7         6
        43        68       168        44        69       169
       200       112         2         1         7         6
        44        69       169        45        70       170
       201       112         2         1         7         6
        45        70       170        46        71       171
       202       112         2         1         7         6
        46        71       171        47        72       172
       203       112         2         1         7         6
        47        72       172        48        73       173
       204       112         2         1         7         6
        48        73       173        49        74       174
       205       112         2         1         7         6
        49        74       174        50        75       175
       206       112         2         1         7         6
        50        75       175        51        76       176
       207       112         2         1         7         6
        51        76       176        52        77       177
       208       112         2         1         7         6
        52        77       177        53        78       178
       209       112         2         1         7         6
        53        78       178        54        79       179
       210       112         2         1         7         6
        54        79       179        55        80       180
       211       112         2         1         7         6
        55        80       180        56        81       181
       212       112         2         1         7         6
        56        81       181        57        82       182
       213       112         2         1         7         6
         4         3         7        58        83       158
       214       112         2         1         7         6
        58        83       158        59        84       159
       215       112         2         1         7         6
        59        84       159        60        85       160
       216       112         2         1         7         6
        60        85       160        61        86       161
       217       112         2         1         7         6
        61        86       161        62        87       162
       218       112         2         1         7         6
        62        87       162        63        88       163
       219       112         2         1         7         6
        63        88       163        64        89       164
       220       112         2         1         7         6
        64        89       164        65        90       165
       221       112         2         1         7         6
        65        90       165        66        91       166
       222       112         2         1         7         6
        66        91       166        67        92       167
       223       112         2         1         7         6
        67        92       167        68        93       168
       224       112         2         1         7         6
        68        93       168        69        94       169
       225       112         2         1         7         6
        69        94       169        70        95       170
       226       112         2         1         7         6
        70        95       170        71        96       171
       227       112         2         1         7         6
        71        96       171        72        97       172
       228       112         2         1         7         6
        72        97       172        73        98       173
       229       112         2         1         7         6
        73        98       173        74        99       174
       230       112         2         1         7         6
        74        99       174        75       100       175
       231       112         2         1         7         6
        75       100       175        76       101       176
       232       112         2         1         7         6
        76       101       176        77       102       177
       233       112         2         1         7         6
        77       102       177        78       103       178
       234       112         2         1         7         6
        78       103       178        79       104       179
       235       112         2         1         7         6
        79       104       179        80       105       180
       236       112         2         1         7         6
        80       105       180        81       106       181
       237       112         2         1         7         6
        81       106       181        82       107       182
       238       112         2         1         7         6
         3         2         7        83       108       158
       239       112         2         1         7         6
        83       108       158        84       109       159
       240       112         2         1         7         6
        84       109       159        85       110       160
       241       112         2         1         7         6
        85       110       160        86       111       161
       242       112         2         1         7         6
        86       111       161        87       112       162
       243       112         2         1         7         6
        87       112       162        88       113       163
       244       112         2         1         7         6
        88       113       163        89       114       164
       245       112         2         1         7         6
        89       114       164        90       115       165
       246       112         2         1         7         6
        90       115       165        91       116       166
       247       112         2         1         7         6
        91       116       166        92       117       167
       248       112         2         1         7         6
        92       117       167        93       118       168
       249       112         2         1         7         6
        93       118       168        94       119       169
       250       112         2         1         7         6
        94       119       169        95       120       170
       251       112         2         1         7         6
        95       120       170        96       121       171
       252       112         2         1         7         6
        96       121       171        97       122       172
       253       112         2         1         7         6
        97       122       172        98       123       173
       254       112         2         1         7         6
        98       123       173        99       124       174
       255       112         2         1         7         6
        99       124       174       100       125       175
       256       112         2         1         7         6
       100       125       175       101       126       176
       257       112         2         1         7         6
       101       126       176       102       127       177
       258       112         2         1         7         6
       102       127       177       103       128       178
       259       112         2         1         7         6
       103       128       178       104       129       179
       260       112         2         1         7         6
       104       129       179       105       130       180
       261       112         2         1         7         6
       105       130       180       106       131       181
       262       112         2         1         7         6
       106       131       181       107       132       182
       263       112         2         1         7         6
         2         1         7       108       133       158
       264       112         2         1         7         6
       108       133       158       109       134       159
       265       112         2         1         7         6
       109       134       159       110       135       160
       266       112         2         1         7         6
       110       135       160       111       136       161
       267       112         2         1         7         6
       111       136       161       112       137       162
       268       112         2         1         7         6
       112       137       162       113       138       163
       269       112         2         1         7         6
       113       138       163       114       139       164
       270       112         2         1         7         6
       114       139       164       115       140       165
       271       112         2         1         7         6
       115       140       165       116       141       166
       272       112         2         1         7         6
       116       141       166       117       142       167
       273       112         2         1         7         6
       117       142       167       118       143       168
       274       112         2         1         7         6
       118       143       168       119       144       169
       275       112         2         1         7         6
       119       144       169       120       145       170
       276       112         2         1         7         6
       120       145       170       121       146       171
       277       112         2         1         7         6
       121       146       171       122       147       172
       278       112         2         1         7         6
       122       147       172       123       148       173
       279       112         2         1         7         6
       123       148       173       124       149       174
       280       112         2         1         7         6
       124       149       174       125       150       175
       281       112         2         1         7         6
       125       150       175       126       151       176
       282       112         2         1         7         6
       126       151       176       127       152       177
       283       112         2         1         7         6
       127       152       177       128       153       178
       284       112         2         1         7         6
       128       153       178       129       154       179
       285       112         2         1         7         6
       129       154       179       130       155       180
       286       112         2         1         7         6
       130       155       180       131       156       181
       287       112         2         1         7         6
       131       156       181       132       157       182
       288       112         2         1         7         6
         1         6         7       133         8       158
       289       112         2         1         7         6
       133         8       158       134         9       159
       290       112         2         1         7         6
       134         9       159       135        10       160
       291       112         2         1         7         6
       135        10       160       136        11       161
       292       112         2         1         7         6
       136        11       161       137        12       162
       293       112         2         1         7         6
       137        12       162       138        13       163
       294       112         2         1         7         6
       138        13       163       139        14       164
       295       112         2         1         7         6
       139        14       164       140        15       165
       296       112         2         1         7         6
       140        15       165       141        16       166
       297       112         2         1         7         6
       141        16       166       142        17       167
       298       112         2         1         7         6
       142        17       167       143        18       168
       299       112         2         1         7         6
       143        18       168       144        19       169
       300       112         2         1         7         6
       144        19       169       145        20       170
       301       112         2         1         7         6
       145        20       170       146        21       171
       302       112         2         1         7         6
       146        21       171       147        22       172
       303       112         2         1         7         6
       147        22       172       148        23       173
       304       112         2         1         7         6
       148        23       173       149        24       174
       305       112         2         1         7         6
       149        24       174       150        25       175
       306       112         2         1         7         6
       150        25       175       151        26       176
       307       112         2         1         7         6
       151        26       176       152        27       177
       308       112         2         1         7         6
       152        27       177       153        28       178
       309       112         2         1         7         6
       153        28       178       154        29       179
       310       112         2         1         7         6
       154        29       179       155        30       180
       311       112         2         1         7         6
       155        30       180       156        31       181
       312       112         2         1         7         6
       156        31       181       157        32       182
       636       112         2         1         7         6
       183       184       187       189       188       288
       637       112         2         1         7         6
       189       188       288       191       190       289
       638       112         2         1         7         6
       191       190       289       193       192       290
       639       112         2         1         7         6
       193       192       290       195       194       291
       640       112         2         1         7         6
       195       194       291       197       196       292
       641       112         2         1         7         6
       197       196       292       199       198       293
       642       112         2         1         7         6
       199       198       293       201       200       294
       643       112         2         1         7         6
       201       200       294       203       202       295
       644       112         2         1         7         6
       203       202       295       205       204       296
       645       112         2         1         7         6
       205       204       296       207       206       297
       646       112         2         1         7         6
       207       206       297       209       208       298
       647       112         2         1         7         6
       209       208       298       211       210       299
       648       112         2         1         7         6
       211       210       299       213       212       300
       649       112         2         1         7         6
       213       212       300       215       214       301
       650       112         2         1         7         6
       215       214       301       217       216       302
       651       112         2         1         7         6
       217       216       302       219       218       303
       652       112         2         1         7         6
       219       218       303       221       220       304
       653       112         2         1         7         6
       221       220       304       223       222       305
       654       112         2         1         7         6
       223       222       305       225       224       306
       655       112         2         1         7         6
       225       224       306       227       226       307
       656       112         2         1         7         6
       227       226       307       229       228       308
       657       112         2         1         7         6
       229       228       308       231       230       309
       658       112         2         1         7         6
       231       230       309       233       232       310
       659       112         2         1         7         6
       233       232       310       235       234       311
       660       112         2         1         7         6
       235       234       311       237       236       312
       661       112         2         1         7         6
       184       185       187       188       238       288
       662       112         2         1         7         6
       188       238       288       190       239       289
       663       112         2         1         7         6
       190       239       289       192       240       290
       664       112         2         1         7         6
       192       240       290       194       241       291
       665       112         2         1         7         6
       194       241       291       196       242       292
       666       112         2         1         7         6
       196       242       292       198       243       293
       667       112         2         1         7         6
       198       243       293       200       244       294
       668       112         2         1         7         6
       200       244       294       202       245       295
       669       112         2         1         7         6
       202       245       295       204       246       296
       670       112         2         1         7         6
       204       246       296       206       247       297
       671       112         2         1         7         6
       206       247       297       208       248       298
       672       112         2         1         7         6
       208       248       298       210       249       299
       673       112         2         1         7         6
       210       249       299       212       250       300
       674       112         2         1         7         6
       212       250       300       214       251       301
       675       112         2         1         7         6
       214       251       301       216       252       302
       676       112         2         1         7         6
       216       252       302       218       253       303
       677       112         2         1         7         6
       218       253       303       220       254       304
       678       112         2         1         7         6
       220       254       304       222       255       305
       679       112         2         1         7         6
       222       255       305       224       256       306
       680       112         2         1         7         6
       224       256       306       226       257       307
       681       112         2         1         7         6
       226       257       307       228       258       308
       682       112         2         1         7         6
       228       258       308       230       259       309
       683       112         2         1         7         6
       230       259       309       232       260       310
       684       112         2         1         7         6
       232       260       310       234       261       311
       685       112         2         1         7         6
       234       261       311       236       262       312
       686       112         2         1         7         6
       185         5       187       238        33       288
       687       112         2         1         7         6
       238        33       288       239        34       289
       688       112         2         1         7         6
       239        34       289       240        35       290
       689       112         2         1         7         6
       240        35       290       241        36       291
       690       112         2         1         7         6
       241        36       291       242        37       292
       691       112         2         1         7         6
       242        37       292       243        38       293
       692       112         2         1         7         6
       243        38       293       244        39       294
       693       112         2         1         7         6
       244        39       294       245        40       295
       694       112         2         1         7         6
       245        40       295       246        41       296
       695       112         2         1         7         6
       246        41       296       247        42       297
       696       112         2         1         7         6
       247        42       297       248        43       298
       697       112         2         1         7         6
       248        43       298       249        44       299
       698       112         2         1         7         6
       249        44       299       250        45       300
       699       112         2         1         7         6
       250        45       300       251        46       301
       700       112         2         1         7         6
       251        46       301       252        47       302
       701       112         2         1         7         6
       252        47       302       253        48       303
       702       112         2         1         7         6
       253        48       303       254        49       304
       703       112         2         1         7         6
       254        49       304       255        50       305
       704       112         2         1         7         6
       255        50       305       256        51       306
       705       112         2         1         7         6
       256        51       306       257        52       307
       706       112         2         1         7         6
       257        52       307       258        53       308
       707       112         2         1         7         6
       258        53       308       259        54       309
       708       112         2         1         7         6
       259        54       309       260        55       310
       709       112         2         1         7         6
       260        55       310       261        56       311
       710       112         2         1         7         6
       261        56       311       262        57       312
       711       112         2         1         7         6
         5         6       187        33         8       288
       712       112         2         1         7         6
        33         8       288        34         9       289
       713       112         2         1         7         6
        34         9       289        35        10       290
       714       112         2         1         7         6
        35        10       290        36        11       291
       715       112         2         1         7         6
        36        11       291        37        12       292
       716       112         2         1         7         6
        37        12       292        38        13       293
       717       112         2         1         7         6
        38        13       293        39        14       294
       718       112         2         1         7         6
        39        14       294        40        15       295
       719       112         2         1         7         6
        40        15       295        41        16       296
       720       112         2         1         7         6
        41        16       296        42        17       297
       721       112         2         1         7         6
        42        17       297        43        18       298
       722       112         2         1         7         6
        43        18       298        44        19       299
       723       112         2         1         7         6
        44        19       299        45        20       300
       724       112         2         1         7         6
        45        20       300        46        21       301
       725       112         2         1         7         6
        46        21       301        47        22       302
       726       112         2         1         7         6
        47        22       302        48        23       303
       727       112         2         1         7         6
        48        23       303        49        24       304
       728       112         2         1         7         6
        49        24       304        50        25       305
       729       112         2         1         7         6
        50        25       305        51        26       306
       730       112         2         1         7         6
        51        26       306        52        27       307
       731       112         2         1         7         6
        52        27       307        53        28       308
       732       112         2         1         7         6
        53        28       308        54        29       309
       733       112         2         1         7         6
        54        29       309        55        30       310
       734       112         2         1         7         6
        55        30       310        56        31       311
       735       112         2         1         7         6
        56        31       311        57        32       312
       736       112         2         1         7         6
         6       186       187         8       263       288
       737       112         2         1         7         6
         8       263       288         9       264       289
       738       112         2         1         7         6
         9       264       289        10       265       290
       739       112         2         1         7         6
        10       265       290        11       266       291
       740       112         2         1         7         6
        11       266       291        12       267       292
       741       112         2         1         7         6
        12       267       292        13       268       293
       742       112         2         1         7         6
        13       268       293        14       269       294
       743       112         2         1         7         6
        14       269       294        15       270       295
       744       112         2         1         7         6
        15       270       295        16       271       296
       745       112         2         1         7         6
        16       271       296        17       272       297
       746       112         2         1         7         6
        17       272       297        18       273       298
       747       112         2         1         7         6
        18       273       298        19       274       299
       748       112         2         1         7         6
        19       274       299        20       275       300
       749       112         2         1         7         6
        20       275       300        21       276       301
       750       112         2         1         7         6
        21       276       301        22       277       302
       751       112         2         1         7         6
        22       277       302        23       278       303
       752       112         2         1         7         6
        23       278       303        24       279       304
       753       112         2         1         7         6
        24       279       304        25       280       305
       754       112         2         1         7         6
        25       280       305        26       281       306
       755       112         2         1         7         6
        26       281       306        27       282       307
       756       112         2         1         7         6
        27       282       307        28       283       308
       757       112         2         1         7         6
        28       283       308        29       284       309
       758       112         2         1         7         6
        29       284       309        30       285       310
       759       112         2         1         7         6
        30       285       310        31       286       311
       760       112         2         1         7         6
        31       286       311        32       287       312
       761       112         2         1         7         6
       186       183       187       263       189       288
       762       112         2         1         7         6
       263       189       288       264       191       289
       763       112         2         1         7         6
       264       191       289       265       193       290
       764       112         2         1         7         6
       265       193       290       266       195       291
       765       112         2         1         7         6
       266       195       291       267       197       292
       766       112         2         1         7         6
       267       197       292       268       199       293
       767       112         2         1         7         6
       268       199       293       269       201       294
       768       112         2         1         7         6
       269       201       294       270       203       295
       769       112         2         1         7         6
       270       203       295       271       205       296
       770       112         2         1         7         6
       271       205       296       272       207       297
       771       112         2         1         7         6
       272       207       297       273       209       298
       772       112         2         1         7         6
       273       209       298       274       211       299
       773       112         2         1         7         6
       274       211       299       275       213       300
       774       112         2         1         7         6
       275       213       300       276       215       301
       775       112         2         1         7         6
       276       215       301       277       217       302
       776       112         2         1         7         6
       277       217       302       278       219       303
       777       112         2         1         7         6
       278       219       303       279       221       304
       778       112         2         1         7         6
       279       221       304       280       223       305
       779       112         2         1         7         6
       280       223       305       281       225       306
       780       112         2         1         7         6
       281       225       306       282       227       307
       781       112         2         1         7         6
       282       227       307       283       229       308
       782       112         2         1         7         6
       283       229       308       284       231       309
       783       112         2         1         7         6
       284       231       309       285       233       310
       784       112         2         1         7         6
       285       233       310       286       235       311
       785       112         2         1         7         6
       286       235       311       287       237       312
      1032       112         2         1         7         6
       185       313       316       238       317       392
      1033       112         2         1         7         6
       238       317       392       239       318       393
      1034       112         2         1         7         6
       239       318       393       240       319       394
      1035       112         2         1         7         6
       240       319       394       241       320       395
      1036       112         2         1         7         6
       241       320       395       242       321       396
      1037       112         2         1         7         6
       242       321       396       243       322       397
      1038       112         2         1         7         6
       243       322       397       244       323       398
      1039       112         2         1         7         6
       244       323       398       245       324       399
      1040       112         2         1         7         6
       245       324       399       246       325       400
      1041       112         2         1         7         6
       246       325       400       247       326       401
      1042       112         2         1         7         6
       247       326       401       248       327       402
      1043       112         2         1         7         6
       248       327       402       249       328       403
      1044       112         2         1         7         6
       249       328       403       250       329       404
      1045       112         2         1         7         6
       250       329       404       251       330       405
      1046       112         2         1         7         6
       251       330       405       252       331       406
      1047       112         2         1         7         6
       252       331       406       253       332       407
      1048       112         2         1         7         6
       253       332       407       254       333       408
      1049       112         2         1         7         6
       254       333       408       255       334       409
      1050       112         2         1         7         6
       255       334       409       256       335       410
      1051       112         2         1         7         6
       256       335       410       257       336       411
      1052       112         2         1         7         6
       257       336       411       258       337       412
      1053       112         2         1         7         6
       258       337       412       259       338       413
      1054       112         2         1         7         6
       259       338       413       260       339       414
      1055       112         2         1         7         6
       260       339       414       261       340       415
      1056       112         2         1         7         6
       261       340       415       262       341       416
      1057       112         2         1         7         6
       313       314       316       317       342       392
      1058       112         2         1         7         6
       317       342       392       318       343       393
      1059       112         2         1         7         6
       318       343       393       319       344       394
      1060       112         2         1         7         6
       319       344       394       320       345       395
      1061       112         2         1         7         6
       320       345       395       321       346       396
      1062       112         2         1         7         6
       321       346       396       322       347       397
      1063       112         2         1         7         6
       322       347       397       323       348       398
      1064       112         2         1         7         6
       323       348       398       324       349       399
      1065       112         2         1         7         6
       324       349       399       325       350       400
      1066       112         2         1         7         6
       325       350       400       326       351       401
      1067       112         2         1         7         6
       326       351       401       327       352       402
      1068       112         2         1         7         6
       327       352       402       328       353       403
      1069       112         2         1         7         6
       328       353       403       329       354       404
      1070       112         2         1         7         6
       329       354       404       330       355       405
      1071       112         2         1         7         6
       330       355       405       331       356       406
      1072       112         2         1         7         6
       331       356       406       332       357       407
      1073       112         2         1         7         6
       332       357       407       333       358       408
      1074       112         2         1         7         6
       333       358       408       334       359       409
      1075       112         2         1         7         6
       334       359       409       335       360       410
      1076       112         2         1         7         6
       335       360       410       336       361       411
      1077       112         2         1         7         6
       336       361       411       337       362       412
      1078       112         2         1         7         6
       337       362       412       338       363       413
      1079       112         2         1         7         6
       338       363       413       339       364       414
      1080       112         2         1         7         6
       339       364       414       340       365       415
      1081       112         2         1         7         6
       340       365       415       341       366       416
      1082       112         2         1         7         6
       314       315       316       342       367       392
      1083       112         2         1         7         6
       342       367       392       343       368       393
      1084       112         2         1         7         6
       343       368       393       344       369       394
      1085       112         2         1         7         6
       344       369       394       345       370       395
      1086       112         2         1         7         6
       345       370       395       346       371       396
      1087       112         2         1         7         6
       346       371       396       347       372       397
      1088       112         2         1         7         6
       347       372       397       348       373       398
      1089       112         2         1         7         6
       348       373       398       349       374       399
      1090       112         2         1         7         6
       349       374       399       350       375       400
      1091       112         2         1         7         6
       350       375       400       351       376       401
      1092       112         2         1         7         6
       351       376       401       352       377       402
      1093       112         2         1         7         6
       352       377       402       353       378       403
      1094       112         2         1         7         6
       353       378       403       354       379       404
      1095       112         2         1         7         6
       354       379       404       355       380       405
      1096       112         2         1         7         6
       355       380       405       356       381       406
      1097       112         2         1         7         6
       356       381       406       357       382       407
      1098       112         2         1         7         6
       357       382       407       358       383       408
      1099       112         2         1         7         6
       358       383       408       359       384       409
      1100       112         2         1         7         6
       359       384       409       360       385       410
      1101       112         2         1         7         6
       360       385       410       361       386       411
      1102       112         2         1         7         6
       361       386       411       362       387       412
      1103       112         2         1         7         6
       362       387       412       363       388       413
      1104       112         2         1         7         6
       363       388       413       364       389       414
      1105       112         2         1         7         6
       364       389       414       365       390       415
      1106       112         2         1         7         6
       365       390       415       366       391       416
      1107       112         2         1         7         6
       315         4       316       367        58       392
      1108       112         2         1         7         6
       367        58       392       368        59       393
      1109       112         2         1         7         6
       368        59       393       369        60       394
      1110       112         2         1         7         6
       369        60       394       370        61       395
      1111       112         2         1         7         6
       370        61       395       371        62       396
      1112       112         2         1         7         6
       371        62       396       372        63       397
      1113       112         2         1         7         6
       372        63       397       373        64       398
      1114       112         2         1         7         6
       373        64       398       374        65       399
      1115       112         2         1         7         6
       374        65       399       375        66       400
      1116       112         2         1         7         6
       375        66       400       376        67       401
      1117       112         2         1         7         6
       376        67       401       377        68       402
      1118       112         2         1         7         6
       377        68       402       378        69       403
      1119       112         2         1         7         6
       378        69       403       379        70       404
      1120       112         2         1         7         6
       379        70       404       380        71       405
      1121       112         2         1         7         6
       380        71       405       381        72       406
      1122       112         2         1         7         6
       381        72       406       382        73       407
      1123       112         2         1         7         6
       382        73       407       383        74       408
      1124       112         2         1         7         6
       383        74       408       384        75       409
      1125       112         2         1         7         6
       384        75       409       385        76       410
      1126       112         2         1         7         6
       385        76       410       386        77       411
      1127       112         2         1         7         6
       386        77       411       387        78       412
      1128       112         2         1         7         6
       387        78       412       388        79       413
      1129       112         2         1         7         6
       388        79       413       389        80       414
      1130       112         2         1         7         6
       389        80       414       390        81       415
      1131       112         2         1         7         6
       390        81       415       391        82       416
      1132       112         2         1         7         6
         4         5       316        58        33       392
      1133       112         2         1         7         6
        58        33       392        59        34       393
      1134       112         2         1         7         6
        59        34       393        60        35       394
      1135       112         2         1         7         6
        60        35       394        61        36       395
      1136       112         2         1         7         6
        61        36       395        62        37       396
      1137       112         2         1         7         6
        62        37       396        63        38       397
      1138       112         2         1         7         6
        63        38       397        64        39       398
      1139       112         2         1         7         6
        64        39       398        65        40       399
      1140       112         2         1         7         6
        65        40       399        66        41       400
      1141       112         2         1         7         6
        66        41       400        67        42       401
      1142       112         2         1         7         6
        67        42       401        68        43       402
      1143       112         2         1         7         6
        68        43       402        69        44       403
      1144       112         2         1         7         6
        69        44       403        70        45       404
      1145       112         2         1         7         6
        70        45       404        71        46       405
      1146       112         2         1         7         6
        71        46       405        72        47       406
      1147       112         2         1         7         6
        72        47       406        73        48       407
      1148       112         2         1         7         6
        73        48       407        74        49       408
      1149       112         2         1         7         6
        74        49       408        75        50       409
      1150       112         2         1         7         6
        75        50       409        76        51       410
      1151       112         2         1         7         6
        76        51       410        77        52       411
      1152       112         2         1         7         6
        77        52       411        78        53       412
      1153       112         2         1         7         6
        78        53       412        79        54       413
      1154       112         2         1         7         6
        79        54       413        80        55       414
      1155       112         2         1         7         6
        80        55       414        81        56       415
      1156       112         2         1         7         6
        81        56       415        82        57       416
      1157       112         2         1         7         6
         5       185       316        33       238       392
      1158       112         2         1         7         6
        33       238       392        34       239       393
      1159       112         2         1         7         6
        34       239       393        35       240       394
      1160       112         2         1         7         6
        35       240       394        36       241       395
      1161       112         2         1         7         6
        36       241       395        37       242       396
      1162       112         2         1         7         6
        37       242       396        38       243       397
      1163       112         2         1         7         6
        38       243       397        39       244       398
      1164       112         2         1         7         6
        39       244       398        40       245       399
      1165       112         2         1         7         6
        40       245       399        41       246       400
      1166       112         2         1         7         6
        41       246       400        42       247       401
      1167       112         2         1         7         6
        42       247       401        43       248       402
      1168       112         2         1         7         6
        43       248       402        44       249       403
      1169       112         2         1         7         6
        44       249       403        45       250       404
      1170       112         2         1         7         6
        45       250       404        46       251       405
      1171       112         2         1         7         6
        46       251       405        47       252       406
      1172       112         2         1         7         6
        47       252       406        48       253       407
      1173       112         2         1         7         6
        48       253       407        49       254       408
      1174       112         2         1         7         6
        49       254       408        50       255       409
      1175       112         2         1         7         6
        50       255       409        51       256       410
      1176       112         2         1         7         6
        51       256       410        52       257       411
      1177       112         2         1         7         6
        52       257       411        53       258       412
      1178       112         2         1         7         6
        53       258       412        54       259       413
      1179       112         2         1         7         6
        54       259       413        55       260       414
      1180       112         2         1         7         6
        55       260       414        56       261       415
      1181       112         2         1         7         6
        56       261       415        57       262       416
      1402       112         2         1         7         6
         4       315       420        58       367       496
      1403       112         2         1         7         6
        58       367       496        59       368       497
      1404       112         2         1         7         6
        59       368       497        60       369       498
      1405       112         2         1         7         6
        60       369       498        61       370       499
      1406       112         2         1         7         6
        61       370       499        62       371       500
      1407       112         2         1         7         6
        62       371       500        63       372       501
      1408       112         2         1         7         6
        63       372       501        64       373       502
      1409       112         2         1         7         6
        64       373       502        65       374       503
      1410       112         2         1         7         6
        65       374       503        66       375       504
      1411       112         2         1         7         6
        66       375       504        67       376       505
      1412       112         2         1         7         6
        67       376       505        68       377       506
      1413       112         2         1         7         6
        68       377       506        69       378       507
      1414       112         2         1         7         6
        69       378       507        70       379       508
      1415       112         2         1         7         6
        70       379       508        71       380       509
      1416       112         2         1         7         6
        71       380       509        72       381       510
      1417       112         2         1         7         6
        72       381       510        73       382       511
      1418       112         2         1         7         6
        73       382       511        74       383       512
      1419       112         2         1         7         6
        74       383       512        75       384       513
      1420       112         2         1         7         6
        75       384       513        76       385       514
      1421       112         2         1         7         6
        76       385       514        77       386       515
      1422       112         2         1         7         6
        77       386       515        78       387       516
      1423       112         2         1         7         6
        78       387       516        79       388       517
      1424       112         2         1         7         6
        79       388       517        80       389       518
      1425       112         2         1         7         6
        80       389       518        81       390       519
      1426       112         2         1         7         6
        81       390       519        82       391       520
      1427       112         2         1         7         6
       315       417       420       367       421       496
      1428       112         2         1         7         6
       367       421       496       368       422       497
      1429       112         2         1         7         6
       368       422       497       369       423       498
      1430       112         2         1         7         6
       369       423       498       370       424       499
      1431       112         2         1         7         6
       370       424       499       371       425       500
      1432       112         2         1         7         6
       371       425       500       372       426       501
      1433       112         2         1         7         6
       372       426       501       373       427       502
      1434       112         2         1         7         6
       373       427       502       374       428       503
      1435       112         2         1         7         6
       374       428       503       375       429       504
      1436       112         2         1         7         6
       375       429       504       376       430       505
      1437       112         2         1         7         6
       376       430       505       377       431       506
      1438       112         2         1         7         6
       377       431       506       378       432       507
      1439       112         2         1         7         6
       378       432       507       379       433       508
      1440       112         2         1         7         6
       379       433       508       380       434       509
      1441       112         2         1         7         6
       380       434       509       381       435       510
      1442       112         2         1         7         6
       381       435       510       382       436       511
      1443       112         2         1         7         6
       382       436       511       383       437       512
      1444       112         2         1         7         6
       383       437       512       384       438       513
      1445       112         2         1         7         6
       384       438       513       385       439       514
      1446       112         2         1         7         6
       385       439       514       386       440       515
      1447       112         2         1         7         6
       386       440       515       387       441       516
      1448       112         2         1         7         6
       387       441       516       388       442       517
      1449       112         2         1         7         6
       388       442       517       389       443       518
      1450       112         2         1         7         6
       389       443       518       390       444       519
      1451       112         2         1         7         6
       390       444       519       391       445       520
      1452       112         2         1         7         6
       417       418       420       421       446       496
      1453       112         2         1         7         6
       421       446       496       422       447       497
      1454       112         2         1         7         6
       422       447       497       423       448       498
      1455       112         2         1         7         6
       423       448       498       424       449       499
      1456       112         2         1         7         6
       424       449       499       425       450       500
      1457       112         2         1         7         6
       425       450       500       426       451       501
      1458       112         2         1         7         6
       426       451       501       427       452       502
      1459       112         2         1         7         6
       427       452       502       428       453       503
      1460       112         2         1         7         6
       428       453       503       429       454       504
      1461       112         2         1         7         6
       429       454       504       430       455       505
      1462       112         2         1         7         6
       430       455       505       431       456       506
      1463       112         2         1         7         6
       431       456       506       432       457       507
      1464       112         2         1         7         6
       432       457       507       433       458       508
      1465       112         2         1         7         6
       433       458       508       434       459       509
      1466       112         2         1         7         6
       434       459       509       435       460       510
      1467       112         2         1         7         6
       435       460       510       436       461       511
      1468       112         2         1         7         6
       436       461       511       437       462       512
      1469       112         2         1         7         6
       437       462       512       438       463       513
      1470       112         2         1         7         6
       438       463       513       439       464       514
      1471       112         2         1         7         6
       439       464       514       440       465       515
      1472       112         2         1         7         6
       440       465       515       441       466       516
      1473       112         2         1         7         6
       441       466       516       442       467       517
      1474       112         2         1         7         6
       442       467       517       443       468       518
      1475       112         2         1         7         6
       443       468       518       444       469       519
      1476       112         2         1         7         6
       444       469       519       445       470       520
      1477       112         2         1         7         6
       418       419       420       446       471       496
      1478       112         2         1         7         6
       446       471       496       447       472       497
      1479       112         2         1         7         6
       447       472       497       448       473       498
      1480       112         2         1         7         6
       448       473       498       449       474       499
      1481       112         2         1         7         6
       449       474       499       450       475       500
      1482       112         2         1         7         6
       450       475       500       451       476       501
      1483       112         2         1         7         6
       451       476       501       452       477       502
      1484       112         2         1         7         6
       452       477       502       453       478       503
      1485       112         2         1         7         6
       453       478       503       454       479       504
      1486       112         2         1         7         6
       454       479       504       455       480       505
      1487       112         2         1         7         6
       455       480       505       456       481       506
      1488       112         2         1         7         6
       456       481       506       457       482       507
      1489       112         2         1         7         6
       457       482       507       458       483       508
      1490       112         2         1         7         6
       458       483       508       459       484       509
      1491       112         2         1         7         6
       459       484       509       460       485       510
      1492       112         2         1         7         6
       460       485       510       461       486       511
      1493       112         2         1         7         6
       461       486       511       462       487       512
      1494       112         2         1         7         6
       462       487       512       463       488       513
      1495       112         2         1         7         6
       463       488       513       464       489       514
      1496       112         2         1         7         6
       464       489       514       465       490       515
      1497       112         2         1         7         6
       465       490       515       466       491       516
      1498       112         2         1         7         6
       466       491       516       467       492       517
      1499       112         2         1         7         6
       467       492       517       468       493       518
      1500       112         2         1         7         6
       468       493       518       469       494       519
      1501       112         2         1         7         6
       469       494       519       470       495       520
      1502       112         2         1         7         6
       419         3       420       471        83       496
      1503       112         2         1         7         6
       471        83       496       472        84       497
      1504       112         2         1         7         6
       472        84       497       473        85       498
      1505       112         2         1         7         6
       473        85       498       474        86       499
      1506       112         2         1         7         6
       474        86       499       475        87       500
      1507       112         2         1         7         6
       475        87       500       476        88       501
      1508       112         2         1         7         6
       476        88       501       477        89       502
      1509       112         2         1         7         6
       477        89       502       478        90       503
      1510       112         2         1         7         6
       478        90       503       479        91       504
      1511       112         2         1         7         6
       479        91       504       480        92       505
      1512       112         2         1         7         6
       480        92       505       481        93       506
      1513       112         2         1         7         6
       481        93       506       482        94       507
      1514       112         2         1         7         6
       482        94       507       483        95       508
      1515       112         2         1         7         6
       483        95       508       484        96       509
      1516       112         2         1         7         6
       484        96       509       485        97       510
      1517       112         2         1         7         6
       485        97       510       486        98       511
      1518       112         2         1         7         6
       486        98       511       487        99       512
      1519       112         2         1         7         6
       487        99       512       488       100       513
      1520       112         2         1         7         6
       488       100       513       489       101       514
      1521       112         2         1         7         6
       489       101       514       490       102       515
      1522       112         2         1         7         6
       490       102       515       491       103       516
      1523       112         2         1         7         6
       491       103       516       492       104       517
      1524       112         2         1         7         6
       492       104       517       493       105       518
      1525       112         2         1         7         6
       493       105       518       494       106       519
      1526       112         2         1         7         6
       494       106       519       495       107       520
      1527       112         2         1         7         6
         3         4       420        83        58       496
      1528       112         2         1         7         6
        83        58       496        84        59       497
      1529       112         2         1         7         6
        84        59       497        85        60       498
      1530       112         2         1         7         6
        85        60       498        86        61       499
      1531       112         2         1         7         6
        86        61       499        87        62       500
      1532       112         2         1         7         6
        87        62       500        88        63       501
      1533       112         2         1         7         6
        88        63       501        89        64       502
      1534       112         2         1         7         6
        89        64       502        90        65       503
      1535       112         2         1         7         6
        90        65       503        91        66       504
      1536       112         2         1         7         6
        91        66       504        92        67       505
      1537       112         2         1         7         6
        92        67       505        93        68       506
      1538       112         2         1         7         6
        93        68       506        94        69       507
      1539       112         2         1         7         6
        94        69       507        95        70       508
      1540       112         2         1         7         6
        95        70       508        96        71       509
      1541       112         2         1         7         6
        96        71       509        97        72       510
      1542       112         2         1         7         6
        97        72       510        98        73       511
      1543       112         2         1         7         6
        98        73       511        99        74       512
      1544       112         2         1         7         6
        99        74       512       100        75       513
      1545       112         2         1         7         6
       100        75       513       101        76       514
      1546       112         2         1         7         6
       101        76       514       102        77       515
      1547       112         2         1         7         6
       102        77       515       103        78       516
      1548       112         2         1         7         6
       103        78       516       104        79       517
      1549       112         2         1         7         6
       104        79       517       105        80       518
      1550       112         2         1         7         6
       105        80       518       106        81       519
      1551       112         2         1         7         6
       106        81       519       107        82       520
      1772       112         2         1         7         6
         2         3       524       108        83       600
      1773       112         2         1         7         6
       108        83       600       109        84       601
      1774       112         2         1         7         6
       109        84       601       110        85       602
      1775       112         2         1         7         6
       110        85       602       111        86       603
      1776       112         2         1         7         6
       111        86       603       112        87       604
      1777       112         2         1         7         6
       112        87       604       113        88       605
      1778       112         2         1         7         6
       113        88       605       114        89       606
      1779       112         2         1         7         6
       114        89       606       115        90       607
      1780       112         2         1         7         6
       115        90       607       116        91       608
      1781       112         2         1         7         6
       116        91       608       117        92       609
      1782       112         2         1         7         6
       117        92       609       118        93       610
      1783       112         2         1         7         6
       118        93       610       119        94       611
      1784       112         2         1         7         6
       119        94       611       120        95       612
      1785       112         2         1         7         6
       120        95       612       121        96       613
      1786       112         2         1         7         6
       121        96       613       122        97       614
      1787       112         2         1         7         6
       122        97       614       123        98       615
      1788       112         2         1         7         6
       123        98       615       124        99       616
      1789       112         2         1         7         6
       124        99       616       125       100       617
      1790       112         2         1         7         6
       125       100       617       126       101       618
      1791       112         2         1         7         6
       126       101       618       127       102       619
      1792       112         2         1         7         6
       127       102       619       128       103       620
      1793       112         2         1         7         6
       128       103       620       129       104       621
      1794       112         2         1         7         6
       129       104       621       130       105       622
      1795       112         2         1         7         6
       130       105       622       131       106       623
      1796       112         2         1         7         6
       131       106       623       132       107       624
      1797       112         2         1         7         6
         3       419       524        83       471       600
      1798       112         2         1         7         6
        83       471       600        84       472       601
      1799       112         2         1         7         6
        84       472       601        85       473       602
      1800       112         2         1         7         6
        85       473       602        86       474       603
      1801       112         2         1         7         6
        86       474       603        87       475       604
      1802       112         2         1         7         6
        87       475       604        88       476       605
      1803       112         2         1         7         6
        88       476       605        89       477       606
      1804       112         2         1         7         6
        89       477       606        90       478       607
      1805       112         2         1         7         6
        90       478       607        91       479       608
      1806       112         2         1         7         6
        91       479       608        92       480       609
      1807       112         2         1         7         6
        92       480       609        93       481       610
      1808       112         2         1         7         6
        93       481       610        94       482       611
      1809       112         2         1         7         6
        94       482       611        95       483       612
      1810       112         2         1         7         6
        95       483       612        96       484       613
      1811       112         2         1         7         6
        96       484       613        97       485       614
      1812       112         2         1         7         6
        97       485       614        98       486       615
      1813       112         2         1         7         6
        98       486       615        99       487       616
      1814       112         2         1         7         6
        99       487       616       100       488       617
      1815       112         2         1         7         6
       100       488       617       101       489       618
      1816       112         2         1         7         6
       101       489       618       102       490       619
      1817       112         2         1         7         6
       102       490       619       103       491       620
      1818       112         2         1         7         6
       103       491       620       104       492       621
      1819       112         2         1         7         6
       104       492       621       105       493       622
      1820       112         2         1         7         6
       105       493       622       106       494       623
      1821       112         2         1         7         6
       106       494       623       107       495       624
      1822       112         2         1         7         6
       419       521       524       471       525       600
      1823       112         2         1         7         6
       471       525       600       472       526       601
      1824       112         2         1         7         6
       472       526       601       473       527       602
      1825       112         2         1         7         6
       473       527       602       474       528       603
      1826       112         2         1         7         6
       474       528       603       475       529       604
      1827       112         2         1         7         6
       475       529       604       476       530       605
      1828       112         2         1         7         6
       476       530       605       477       531       606
      1829       112         2         1         7         6
       477       531       606       478       532       607
      1830       112         2         1         7         6
       478       532       607       479       533       608
      1831       112         2         1         7         6
       479       533       608       480       534       609
      1832       112         2         1         7         6
       480       534       609       481       535       610
      1833       112         2         1         7         6
       481       535       610       482       536       611
      1834       112         2         1         7         6
       482       536       611       483       537       612
      1835       112         2         1         7         6
       483       537       612       484       538       613
      1836       112         2         1         7         6
       484       538       613       485       539       614
      1837       112         2         1         7         6
       485       539       614       486       540       615
      1838       112         2         1         7         6
       486       540       615       487       541       616
      1839       112         2         1         7         6
       487       541       616       488       542       617
      1840       112         2         1         7         6
       488       542       617       489       543       618
      1841       112         2         1         7         6
       489       543       618       490       544       619
      1842       112         2         1         7         6
       490       544       619       491       545       620
      1843       112         2         1         7         6
       491       545       620       492       546       621
      1844       112         2         1         7         6
       492       546       621       493       547       622
      1845       112         2         1         7         6
       493       547       622       494       548       623
      1846       112         2         1         7         6
       494       548       623       495       549       624
      1847       112         2         1         7         6
       521       522       524       525       550       600
      1848       112         2         1         7         6
       525       550       600       526       551       601
      1849       112         2         1         7         6
       526       551       601       527       552       602
      1850       112         2         1         7         6
       527       552       602       528       553       603
      1851       112         2         1         7         6
       528       553       603       529       554       604
      1852       112         2         1         7         6
       529       554       604       530       555       605
      1853       112         2         1         7         6
       530       555       605       531       556       606
      1854       112         2         1         7         6
       531       556       606       532       557       607
      1855       112         2         1         7         6
       532       557       607       533       558       608
      1856       112         2         1         7         6
       533       558       608       534       559       609
      1857       112         2         1         7         6
       534       559       609       535       560       610
      1858       112         2         1         7         6
       535       560       610       536       561       611
      1859       112         2         1         7         6
       536       561       611       537       562       612
      1860       112         2         1         7         6
       537       562       612       538       563       613
      1861       112         2         1         7         6
       538       563       613       539       564       614
      1862       112         2         1         7         6
       539       564       614       540       565       615
      1863       112         2         1         7         6
       540       565       615       541       566       616
      1864       112         2         1         7         6
       541       566       616       542       567       617
      1865       112         2         1         7         6
       542       567       617       543       568       618
      1866       112         2         1         7         6
       543       568       618       544       569       619
      1867       112         2         1         7         6
       544       569       619       545       570       620
      1868       112         2         1         7         6
       545       570       620       546       571       621
      1869       112         2         1         7         6
       546       571       621       547       572       622
      1870       112         2         1         7         6
       547       572       622       548       573       623
      1871       112         2         1         7         6
       548       573       623       549       574       624
      1872       112         2         1         7         6
       522       523       524       550       575       600
      1873       112         2         1         7         6
       550       575       600       551       576       601
      1874       112         2         1         7         6
       551       576       601       552       577       602
      1875       112         2         1         7         6
       552       577       602       553       578       603
      1876       112         2         1         7         6
       553       578       603       554       579       604
      1877       112         2         1         7         6
       554       579       604       555       580       605
      1878       112         2         1         7         6
       555       580       605       556       581       606
      1879       112         2         1         7         6
       556       581       606       557       582       607
      1880       112         2         1         7         6
       557       582       607       558       583       608
      1881       112         2         1         7         6
       558       583       608       559       584       609
      1882       112         2         1         7         6
       559       584       609       560       585       610
      1883       112         2         1         7         6
       560       585       610       561       586       611
      1884       112         2         1         7         6
       561       586       611       562       587       612
      1885       112         2         1         7         6
       562       587       612       563       588       613
      1886       112         2         1         7         6
       563       588       613       564       589       614
      1887       112         2         1         7         6
       564       589       614       565       590       615
      1888       112         2         1         7         6
       565       590       615       566       591       616
      1889       112         2         1         7         6
       566       591       616       567       592       617
      1890       112         2         1         7         6
       567       592       617       568       593       618
      1891       112         2         1         7         6
       568       593       618       569       594       619
      1892       112         2         1         7         6
       569       594       619       570       595       620
      1893       112         2         1         7         6
       570       595       620       571       596       621
      1894       112         2         1         7         6
       571       596       621       572       597       622
      1895       112         2         1         7         6
       572       597       622       573       598       623
      1896       112         2         1         7         6
       573       598       623       574       599       624
      1897       112         2         1         7         6
       523         2       524       575       108       600
      1898       112         2         1         7         6
       575       108       600       576       109       601
      1899       112         2         1         7         6
       576       109       601       577       110       602
      1900       112         2         1         7         6
       577       110       602       578       111       603
      1901       112         2         1         7         6
       578       111       603       579       112       604
      1902       112         2         1         7         6
       579       112       604       580       113       605
      1903       112         2         1         7         6
       580       113       605       581       114       606
      1904       112         2         1         7         6
       581       114       606       582       115       607
      1905       112         2         1         7         6
       582       115       607       583       116       608
      1906       112         2         1         7         6
       583       116       608       584       117       609
      1907       112         2         1         7         6
       584       117       609       585       118       610
      1908       112         2         1         7         6
       585       118       610       586       119       611
      1909       112         2         1         7         6
       586       119       611       587       120       612
      1910       112         2         1         7         6
       587       120       612       588       121       613
      1911       112         2         1         7         6
       588       121       613       589       122       614
      1912       112         2         1         7         6
       589       122       614       590       123       615
      1913       112         2         1         7         6
       590       123       615       591       124       616
      1914       112         2         1         7         6
       591       124       616       592       125       617
      1915       112         2         1         7         6
       592       125       617       593       126       618
      1916       112         2         1         7         6
       593       126       618       594       127       619
      1917       112         2         1         7         6
       594       127       619       595       128       620
      1918       112         2         1         7         6
       595       128       620       596       129       621
      1919       112         2         1         7         6
       596       129       621       597       130       622
      1920       112         2         1         7         6
       597       130       622       598       131       623
      1921       112         2         1         7         6
       598       131       623       599       132       624
      2142       112         2         1         7         6
       625         1       628       629       133       704
      2143       112         2         1         7         6
       629       133       704       630       134       705
      2144       112         2         1         7         6
       630       134       705       631       135       706
      2145       112         2         1         7         6
       631       135       706       632       136       707
      2146       112         2         1         7         6
       632       136       707       633       137       708
      2147       112         2         1         7         6
       633       137       708       634       138       709
      2148       112         2         1         7         6
       634       138       709       635       139       710
      2149       112         2         1         7         6
       635       139       710       636       140       711
      2150       112         2         1         7         6
       636       140       711       637       141       712
      2151       112         2         1         7         6
       637       141       712       638       142       713
      2152       112         2         1         7         6
       638       142       713       639       143       714
      2153       112         2         1         7         6
       639       143       714       640       144       715
      2154       112         2         1         7         6
       640       144       715       641       145       716
      2155       112         2         1         7         6
       641       145       716       642       146       717
      2156       112         2         1         7         6
       642       146       717       643       147       718
      2157       112         2         1         7         6
       643       147       718       644       148       719
      2158       112         2         1         7         6
       644       148       719       645       149       720
      2159       112         2         1         7         6
       645       149       720       646       150       721
      2160       112         2         1         7         6
       646       150       721       647       151       722
      2161       112         2         1         7         6
       647       151       722       648       152       723
      2162       112         2         1         7         6
       648       152       723       649       153       724
      2163       112         2         1         7         6
       649       153       724       650       154       725
      2164       112         2         1         7         6
       650       154       725       651       155       726
      2165       112         2         1         7         6
       651       155       726       652       156       727
      2166       112         2         1         7         6
       652       156       727       653       157       728
      2167       112         2         1         7         6
         1         2       628       133       108       704
      2168       112         2         1         7         6
       133       108       704       134       109       705
      2169       112         2         1         7         6
       134       109       705       135       110       706
      2170       112         2         1         7         6
       135       110       706       136       111       707
      2171       112         2         1         7         6
       136       111       707       137       112       708
      2172       112         2         1         7         6
       137       112       708       138       113       709
      2173       112         2         1         7         6
       138       113       709       139       114       710
      2174       112         2         1         7         6
       139       114       710       140       115       711
      2175       112         2         1         7         6
       140       115       711       141       116       712
      2176       112         2         1         7         6
       141       116       712       142       117       713
      2177       112         2         1         7         6
       142       117       713       143       118       714
      2178       112         2         1         7         6
       143       118       714       144       119       715
      2179       112         2         1         7         6
       144       119       715       145       120       716
      2180       112         2         1         7         6
       145       120       716       146       121       717
      2181       112         2         1         7         6
       146       121       717       147       122       718
      2182       112         2         1         7         6
       147       122       718       148       123       719
      2183       112         2         1         7         6
       148       123       719       149       124       720
      2184       112         2         1         7         6
       149       124       720       150       125       721
      2185       112         2         1         7         6
       150       125       721       151       126       722
      2186       112         2         1         7         6
       151       126       722       152       127       723
      2187       112         2         1         7         6
       152       127       723       153       128       724
      2188       112         2         1         7         6
       153       128       724       154       129       725
      2189       112         2         1         7         6
       154       129       725       155       130       726
      2190       112         2         1         7         6
       155       130       726       156       131       727
      2191       112         2         1         7         6
       156       131       727       157       132       728
      2192       112         2         1         7         6
         2       523       628       108       575       704
      2193       112         2         1         7         6
       108       575       704       109       576       705
      2194       112         2         1         7         6
       109       576       705       110       577       706
      2195       112         2         1         7         6
       110       577       706       111       578       707
      2196       112         2         1         7         6
       111       578       707       112       579       708
      2197       112         2         1         7         6
       112       579       708       113       580       709
      2198       112         2         1         7         6
       113       580       709       114       581       710
      2199       112         2         1         7         6
       114       581       710       115       582       711
      2200       112         2         1         7         6
       115       582       711       116       583       712
      2201       112         2         1         7         6
       116       583       712       117       584       713
      2202       112         2         1         7         6
       117       584       713       118       585       714
      2203       112         2         1         7         6
       118       585       714       119       586       715
      2204       112         2         1         7         6
       119       586       715       120       587       716
      2205       112         2         1         7         6
       120       587       716       121       588       717
      2206       112         2         1         7         6
       121       588       717       122       589       718
      2207       112         2         1         7         6
       122       589       718       123       590       719
      2208       112         2         1         7         6
       123       590       719       124       591       720
      2209       112         2         1         7         6
       124       591       720       125       592       721
      2210       112         2         1         7         6
       125       592       721       126       593       722
      2211       112         2         1         7         6
       126       593       722       127       594       723
      2212       112         2         1         7         6
       127       594       723       128       595       724
      2213       112         2         1         7         6
       128       595       724       129       596       725
      2214       112         2         1         7         6
       129       596       725       130       597       726
      2215       112         2         1         7         6
       130       597       726       131       598       727
      2216       112         2         1         7         6
       131       598       727       132       599       728
      2217       112         2         1         7         6
       523       626       628       575       654       704
      2218       112         2         1         7         6
       575       654       704       576       655       705
      2219       112         2         1         7         6
       576       655       705       577       656       706
      2220       112         2         1         7         6
       577       656       706       578       657       707
      2221       112         2         1         7         6
       578       657       707       579       658       708
      2222       112         2         1         7         6
       579       658       708       580       659       709
      2223       112         2         1         7         6
       580       659       709       581       660       710
      2224       112         2         1         7         6
       581       660       710       582       661       711
      2225       112         2         1         7         6
       582       661       711       583       662       712
      2226       112         2         1         7         6
       583       662       712       584       663       713
      2227       112         2         1         7         6
       584       663       713       585       664       714
      2228       112         2         1         7         6
       585       664       714       586       665       715
      2229       112         2         1         7         6
       586       665       715       587       666       716
      2230       112         2         1         7         6
       587       666       716       588       667       717
      2231       112         2         1         7         6
       588       667       717       589       668       718
      2232       112         2         1         7         6
       589       668       718       590       669       719
      2233       112         2         1         7         6
       590       669       719       591       670       720
      2234       112         2         1         7         6
       591       670       720       592       671       721
      2235       112         2         1         7         6
       592       671       721       593       672       722
      2236       112         2         1         7         6
       593       672       722       594       673       723
      2237       112         2         1         7         6
       594       673       723       595       674       724
      2238       112         2         1         7         6
       595       674       724       596       675       725
      2239       112         2         1         7         6
       596       675       725       597       676       726
      2240       112         2         1         7         6
       597       676       726       598       677       727
      2241       112         2         1         7         6
       598       677       727       599       678       728
      2242       112         2         1         7         6
       626       627       628       654       679       704
      2243       112         2         1         7         6
       654       679       704       655       680       705
      2244       112         2         1         7         6
       655       680       705       656       681       706
      2245       112         2         1         7         6
       656       681       706       657       682       707
      2246       112         2         1         7         6
       657       682       707       658       683       708
      2247       112         2         1         7         6
       658       683       708       659       684       709
      2248       112         2         1         7         6
       659       684       709       660       685       710
      2249       112         2         1         7         6
       660       685       710       661       686       711
      2250       112         2         1         7         6
       661       686       711       662       687       712
      2251       112         2         1         7         6
       662       687       712       663       688       713
      2252       112         2         1         7         6
       663       688       713       664       689       714
      2253       112         2         1         7         6
       664       689       714       665       690       715
      2254       112         2         1         7         6
       665       690       715       666       691       716
      2255       112         2         1         7         6
       666       691       716       667       692       717
      2256       112         2         1         7         6
       667       692       717       668       693       718
      2257       112         2         1         7         6
       668       693       718       669       694       719
      2258       112         2         1         7         6
       669       694       719       670       695       720
      2259       112         2         1         7         6
       670       695       720       671       696       721
      2260       112         2         1         7         6
       671       696       721       672       697       722
      2261       112         2         1         7         6
       672       697       722       673       698       723
      2262       112         2         1         7         6
       673       698       723       674       699       724
      2263       112         2         1         7         6
       674       699       724       675       700       725
      2264       112         2         1         7         6
       675       700       725       676       701       726
      2265       112         2         1         7         6
       676       701       726       677       702       727
      2266       112         2         1         7         6
       677       702       727       678       703       728
      2267       112         2         1         7         6
       627       625       628       679       629       704
      2268       112         2         1         7         6
       679       629       704       680       630       705
      2269       112         2         1         7         6
       680       630       705       681       631       706
      2270       112         2         1         7         6
       681       631       706       682       632       707
      2271       112         2         1         7         6
       682       632       707       683       633       708
      2272       112         2         1         7         6
       683       633       708       684       634       709
      2273       112         2         1         7         6
       684       634       709       685       635       710
      2274       112         2         1         7         6
       685       635       710       686       636       711
      2275       112         2         1         7         6
       686       636       711       687       637       712
      2276       112         2         1         7         6
       687       637       712       688       638       713
      2277       112         2         1         7         6
       688       638       713       689       639       714
      2278       112         2         1         7         6
       689       639       714       690       640       715
      2279       112         2         1         7         6
       690       640       715       691       641       716
      2280       112         2         1         7         6
       691       641       716       692       642       717
      2281       112         2         1         7         6
       692       642       717       693       643       718
      2282       112         2         1         7         6
       693       643       718       694       644       719
      2283       112         2         1         7         6
       694       644       719       695       645       720
      2284       112         2         1         7         6
       695       645       720       696       646       721
      2285       112         2         1         7         6
       696       646       721       697       647       722
      2286       112         2         1         7         6
       697       647       722       698       648       723
      2287       112         2         1         7         6
       698       648       723       699       649       724
      2288       112         2         1         7         6
       699       649       724       700       650       725
      2289       112         2         1         7         6
       700       650       725       701       651       726
      2290       112         2         1         7         6
       701       651       726       702       652       727
      2291       112         2         1         7         6
       702       652       727       703       653       728
      2486       112         2         1         7         6
       729       186       731       732       263       782
      2487       112         2         1         7         6
       732       263       782       733       264       783
      2488       112         2         1         7         6
       733       264       783       734       265       784
      2489       112         2         1         7         6
       734       265       784       735       266       785
      2490       112         2         1         7         6
       735       266       785       736       267       786
      2491       112         2         1         7         6
       736       267       786       737       268       787
      2492       112         2         1         7         6
       737       268       787       738       269       788
      2493       112         2         1         7         6
       738       269       788       739       270       789
      2494       112         2         1         7         6
       739       270       789       740       271       790
      2495       112         2         1         7         6
       740       271       790       741       272       791
      2496       112         2         1         7         6
       741       272       791       742       273       792
      2497       112         2         1         7         6
       742       273       792       743       274       793
      2498       112         2         1         7         6
       743       274       793       744       275       794
      2499       112         2         1         7         6
       744       275       794       745       276       795
      2500       112         2         1         7         6
       745       276       795       746       277       796
      2501       112         2         1         7         6
       746       277       796       747       278       797
      2502       112         2         1         7         6
       747       278       797       748       279       798
      2503       112         2         1         7         6
       748       279       798       749       280       799
      2504       112         2         1         7         6
       749       280       799       750       281       800
      2505       112         2         1         7         6
       750       281       800       751       282       801
      2506       112         2         1         7         6
       751       282       801       752       283       802
      2507       112         2         1         7         6
       752       283       802       753       284       803
      2508       112         2         1         7         6
       753       284       803       754       285       804
      2509       112         2         1         7         6
       754       285       804       755       286       805
      2510       112         2         1         7         6
       755       286       805       756       287       806
      2511       112         2         1         7         6
       186         6       731       263         8       782
      2512       112         2         1         7         6
       263         8       782       264         9       783
      2513       112         2         1         7         6
       264         9       783       265        10       784
      2514       112         2         1         7         6
       265        10       784       266        11       785
      2515       112         2         1         7         6
       266        11       785       267        12       786
      2516       112         2         1         7         6
       267        12       786       268        13       787
      2517       112         2         1         7         6
       268        13       787       269        14       788
      2518       112         2         1         7         6
       269        14       788       270        15       789
      2519       112         2         1         7         6
       270        15       789       271        16       790
      2520       112         2         1         7         6
       271        16       790       272        17       791
      2521       112         2         1         7         6
       272        17       791       273        18       792
      2522       112         2         1         7         6
       273        18       792       274        19       793
      2523       112         2         1         7         6
       274        19       793       275        20       794
      2524       112         2         1         7         6
       275        20       794       276        21       795
      2525       112         2         1         7         6
       276        21       795       277        22       796
      2526       112         2         1         7         6
       277        22       796       278        23       797
      2527       112         2         1         7         6
       278        23       797       279        24       798
      2528       112         2         1         7         6
       279        24       798       280        25       799
      2529       112         2         1         7         6
       280        25       799       281        26       800
      2530       112         2         1         7         6
       281        26       800       282        27       801
      2531       112         2         1         7         6
       282        27       801       283        28       802
      2532       112         2         1         7         6
       283        28       802       284        29       803
      2533       112         2         1         7         6
       284        29       803       285        30       804
      2534       112         2         1         7         6
       285        30       804       286        31       805
      2535       112         2         1         7         6
       286        31       805       287        32       806
      2536       112         2         1         7         6
         6         1       731         8       133       782
      2537       112         2         1         7         6
         8       133       782         9       134       783
      2538       112         2         1         7         6
         9       134       783        10       135       784
      2539       112         2         1         7         6
        10       135       784        11       136       785
      2540       112         2         1         7         6
        11       136       785        12       137       786
      2541       112         2         1         7         6
        12       137       786        13       138       787
      2542       112         2         1         7         6
        13       138       787        14       139       788
      2543       112         2         1         7         6
        14       139       788        15       140       789
      2544       112         2         1         7         6
        15       140       789        16       141       790
      2545       112         2         1         7         6
        16       141       790        17       142       791
      2546       112         2         1         7         6
        17       142       791        18       143       792
      2547       112         2         1         7         6
        18       143       792        19       144       793
      2548       112         2         1         7         6
        19       144       793        20       145       794
      2549       112         2         1         7         6
        20       145       794        21       146       795
      2550       112         2         1         7         6
        21       146       795        22       147       796
      2551       112         2         1         7         6
        22       147       796        23       148       797
      2552       112         2         1         7         6
        23       148       797        24       149       798
      2553       112         2         1         7         6
        24       149       798        25       150       799
      2554       112         2         1         7         6
        25       150       799        26       151       800
      2555       112         2         1         7         6
        26       151       800        27       152       801
      2556       112         2         1         7         6
        27       152       801        28       153       802
      2557       112         2         1         7         6
        28       153       802        29       154       803
      2558       112         2         1         7         6
        29       154       803        30       155       804
      2559       112         2         1         7         6
        30       155       804        31       156       805
      2560       112         2         1         7         6
        31       156       805        32       157       806
      2561       112         2         1         7         6
         1       625       731       133       629       782
      2562       112         2         1         7         6
       133       629       782       134       630       783
      2563       112         2         1         7         6
       134       630       783       135       631       784
      2564       112         2         1         7         6
       135       631       784       136       632       785
      2565       112         2         1         7         6
       136       632       785       137       633       786
      2566       112         2         1         7         6
       137       633       786       138       634       787
      2567       112         2         1         7         6
       138       634       787       139       635       788
      2568       112         2         1         7         6
       139       635       788       140       636       789
      2569       112         2         1         7         6
       140       636       789       141       637       790
      2570       112         2         1         7         6
       141       637       790       142       638       791
      2571       112         2         1         7         6
       142       638       791       143       639       792
      2572       112         2         1         7         6
       143       639       792       144       640       793
      2573       112         2         1         7         6
       144       640       793       145       641       794
      2574       112         2         1         7         6
       145       641       794       146       642       795
      2575       112         2         1         7         6
       146       642       795       147       643       796
      2576       112         2         1         7         6
       147       643       796       148       644       797
      2577       112         2         1         7         6
       148       644       797       149       645       798
      2578       112         2         1         7         6
       149       645       798       150       646       799
      2579       112         2         1         7         6
       150       646       799       151       647       800
      2580       112         2         1         7         6
       151       647       800       152       648       801
      2581       112         2         1         7         6
       152       648       801       153       649       802
      2582       112         2         1         7         6
       153       649       802       154       650       803
      2583       112         2         1         7         6
       154       650       803       155       651       804
      2584       112         2         1         7         6
       155       651       804       156       652       805
      2585       112         2         1         7         6
       156       652       805       157       653       806
      2586       112         2         1         7         6
       625       730       731       629       757       782
      2587       112         2         1         7         6
       629       757       782       630       758       783
      2588       112         2         1         7         6
       630       758       783       631       759       784
      2589       112         2         1         7         6
       631       759       784       632       760       785
      2590       112         2         1         7         6
       632       760       785       633       761       786
      2591       112         2         1         7         6
       633       761       786       634       762       787
      2592       112         2         1         7         6
       634       762       787       635       763       788
      2593       112         2         1         7         6
       635       763       788       636       764       789
      2594       112         2         1         7         6
       636       764       789       637       765       790
      2595       112         2         1         7         6
       637       765       790       638       766       791
      2596       112         2         1         7         6
       638       766       791       639       767       792
      2597       112         2         1         7         6
       639       767       792       640       768       793
      2598       112         2         1         7         6
       640       768       793       641       769       794
      2599       112         2         1         7         6
       641       769       794       642       770       795
      2600       112         2         1         7         6
       642       770       795       643       771       796
      2601       112         2         1         7         6
       643       771       796       644       772       797
      2602       112         2         1         7         6
       644       772       797       645       773       798
      2603       112         2         1         7         6
       645       773       798       646       774       799
      2604       112         2         1         7         6
       646       774       799       647       775       800
      2605       112         2         1         7         6
       647       775       800       648       776       801
      2606       112         2         1         7         6
       648       776       801       649       777       802
      2607       112         2         1         7         6
       649       777       802       650       778       803
      2608       112         2         1         7         6
       650       778       803       651       779       804
      2609       112         2         1         7         6
       651       779       804       652       780       805
      2610       112         2         1         7         6
       652       780       805       653       781       806
      2611       112         2         1         7         6
       730       729       731       757       732       782
      2612       112         2         1         7         6
       757       732       782       758       733       783
      2613       112         2         1         7         6
       758       733       783       759       734       784
      2614       112         2         1         7         6
       759       734       784       760       735       785
      2615       112         2         1         7         6
       760       735       785       761       736       786
      2616       112         2         1         7         6
       761       736       786       762       737       787
      2617       112         2         1         7         6
       762       737       787       763       738       788
      2618       112         2         1         7         6
       763       738       788       764       739       789
      2619       112         2         1         7         6
       764       739       789       765       740       790
      2620       112         2         1         7         6
       765       740       790       766       741       791
      2621       112         2         1         7         6
       766       741       791       767       742       792
      2622       112         2         1         7         6
       767       742       792       768       743       793
      2623       112         2         1         7         6
       768       743       793       769       744       794
      2624       112         2         1         7         6
       769       744       794       770       745       795
      2625       112         2         1         7         6
       770       745       795       771       746       796
      2626       112         2         1         7         6
       771       746       796       772       747       797
      2627       112         2         1         7         6
       772       747       797       773       748       798
      2628       112         2         1         7         6
       773       748       798       774       749       799
      2629       112         2         1         7         6
       774       749       799       775       750       800
      2630       112         2         1         7         6
       775       750       800       776       751       801
      2631       112         2         1         7         6
       776       751       801       777       752       802
      2632       112         2         1         7         6
       777       752       802       778       753       803
      2633       112         2         1         7         6
       778       753       803       779       754       804
      2634       112         2         1         7         6
       779       754       804       780       755       805
      2635       112         2         1         7         6
       780       755       805       781       756       806
      2780       112         2         1         7         6
        32        57       182       808       807       867
      2781       112         2         1         7         6
       808       807       867       810       809       868
      2782       112         2         1         7         6
       810       809       868       812       811       869
      2783       112         2         1         7         6
       812       811       869       814       813       870
      2784       112         2         1         7         6
       814       813       870       816       815       871
      2785       112         2         1         7         6
       816       815       871       818       817       872
      2786       112         2         1         7         6
       818       817       872       820       819       873
      2787       112         2         1         7         6
       820       819       873       822       821       874
      2788       112         2         1         7         6
       822       821       874       824       823       875
      2789       112         2         1         7         6
       824       823       875       826       825       876
      2790       112         2         1         7         6
        57        82       182       807       827       867
      2791       112         2         1         7         6
       807       827       867       809       828       868
      2792       112         2         1         7         6
       809       828       868       811       829       869
      2793       112         2         1         7         6
       811       829       869       813       830       870
      2794       112         2         1         7         6
       813       830       870       815       831       871
      2795       112         2         1         7         6
       815       831       871       817       832       872
      2796       112         2         1         7         6
       817       832       872       819       833       873
      2797       112         2         1         7         6
       819       833       873       821       834       874
      2798       112         2         1         7         6
       821       834       874       823       835       875
      2799       112         2         1         7         6
       823       835       875       825       836       876
      2800       112         2         1         7         6
        82       107       182       827       837       867
      2801       112         2         1         7         6
       827       837       867       828       838       868
      2802       112         2         1         7         6
       828       838       868       829       839       869
      2803       112         2         1         7         6
       829       839       869       830       840       870
      2804       112         2         1         7         6
       830       840       870       831       841       871
      2805       112         2         1         7         6
       831       841       871       832       842       872
      2806       112         2         1         7         6
       832       842       872       833       843       873
      2807       112         2         1         7         6
       833       843       873       834       844       874
      2808       112         2         1         7         6
       834       844       874       835       845       875
      2809       112         2         1         7         6
       835       845       875       836       846       876
      2810       112         2         1         7         6
       107       132       182       837       847       867
      2811       112         2         1         7         6
       837       847       867       838       848       868
      2812       112         2         1         7         6
       838       848       868       839       849       869
      2813       112         2         1         7         6
       839       849       869       840       850       870
      2814       112         2         1         7         6
       840       850       870       841       851       871
      2815       112         2         1         7         6
       841       851       871       842       852       872
      2816       112         2         1         7         6
       842       852       872       843       853       873
      2817       112         2         1         7         6
       843       853       873       844       854       874
      2818       112         2         1         7         6
       844       854       874       845       855       875
      2819       112         2         1         7         6
       845       855       875       846       856       876
      2820       112         2         1         7         6
       132       157       182       847       857       867
      2821       112         2         1         7         6
       847       857       867       848       858       868
      2822       112         2         1         7         6
       848       858       868       849       859       869
      2823       112         2         1         7         6
       849       859       869       850       860       870
      2824       112         2         1         7         6
       850       860       870       851       861       871
      2825       112         2         1         7         6
       851       861       871       852       862       872
      2826       112         2         1         7         6
       852       862       872       853       863       873
      2827       112         2         1         7         6
       853       863       873       854       864       874
      2828       112         2         1         7         6
       854       864       874       855       865       875
      2829       112         2         1         7         6
       855       865       875       856       866       876
      2830       112         2         1         7         6
       157        32       182       857       808       867
      2831       112         2         1         7         6
       857       808       867       858       810       868
      2832       112         2         1         7         6
       858       810       868       859       812       869
      2833       112         2         1         7         6
       859       812       869       860       814       870
      2834       112         2         1         7         6
       860       814       870       861       816       871
      2835       112         2         1         7         6
       861       816       871       862       818       872
      2836       112         2         1         7         6
       862       818       872       863       820       873
      2837       112         2         1         7         6
       863       820       873       864       822       874
      2838       112         2         1         7         6
       864       822       874       865       824       875
      2839       112         2         1         7         6
       865       824       875       866       826       876
      2972       112         2         1         7         6
       237       236       312       878       877       917
      2973       112         2         1         7         6
       878       877       917       880       879       918
      2974       112         2         1         7         6
       880       879       918       882       881       919
      2975       112         2         1         7         6
       882       881       919       884       883       920
      2976       112         2         1         7         6
       884       883       920       886       885       921
      2977       112         2         1         7         6
       886       885       921       888       887       922
      2978       112         2         1         7         6
       888       887       922       890       889       923
      2979       112         2         1         7         6
       890       889       923       892       891       924
      2980       112         2         1         7         6
       892       891       924       894       893       925
      2981       112         2         1         7         6
       894       893       925       896       895       926
      2982       112         2         1         7         6
       236       262       312       877       897       917
      2983       112         2         1         7         6
       877       897       917       879       898       918
      2984       112         2         1         7         6
       879       898       918       881       899       919
      2985       112         2         1         7         6
       881       899       919       883       900       920
      2986       112         2         1         7         6
       883       900       920       885       901       921
      2987       112         2         1         7         6
       885       901       921       887       902       922
      2988       112         2         1         7         6
       887       902       922       889       903       923
      2989       112         2         1         7         6
       889       903       923       891       904       924
      2990       112         2         1         7         6
       891       904       924       893       905       925
      2991       112         2         1         7         6
       893       905       925       895       906       926
      2992       112         2         1         7         6
       262        57       312       897       807       917
      2993       112         2         1         7         6
       897       807       917       898       809       918
      2994       112         2         1         7         6
       898       809       918       899       811       919
      2995       112         2         1         7         6
       899       811       919       900       813       920
      2996       112         2         1         7         6
       900       813       920       901       815       921
      2997       112         2         1         7         6
       901       815       921       902       817       922
      2998       112         2         1         7         6
       902       817       922       903       819       923
      2999       112         2         1         7         6
       903       819       923       904       821       924
      3000       112         2         1         7         6
       904       821       924       905       823       925
      3001       112         2         1         7         6
       905       823       925       906       825       926
      3002       112         2         1         7         6
        57        32       312       807       808       917
      3003       112         2         1         7         6
       807       808       917       809       810       918
      3004       112         2         1         7         6
       809       810       918       811       812       919
      3005       112         2         1         7         6
       811       812       919       813       814       920
      3006       112         2         1         7         6
       813       814       920       815       816       921
      3007       112         2         1         7         6
       815       816       921       817       818       922
      3008       112         2         1         7         6
       817       818       922       819       820       923
      3009       112         2         1         7         6
       819       820       923       821       822       924
      3010       112         2         1         7         6
       821       822       924       823       824       925
      3011       112         2         1         7         6
       823       824       925       825       826       926
      3012       112         2         1         7         6
        32       287       312       808       907       917
      3013       112         2         1         7         6
       808       907       917       810       908       918
      3014       112         2         1         7         6
       810       908       918       812       909       919
      3015       112         2         1         7         6
       812       909       919       814       910       920
      3016       112         2         1         7         6
       814       910       920       816       911       921
      3017       112         2         1         7         6
       816       911       921       818       912       922
      3018       112         2         1         7         6
       818       912       922       820       913       923
      3019       112         2         1         7         6
       820       913       923       822       914       924
      3020       112         2         1         7         6
       822       914       924       824       915       925
      3021       112         2         1         7         6
       824       915       925       826       916       926
      3022       112         2         1         7         6
       287       237       312       907       878       917
      3023       112         2         1         7         6
       907       878       917       908       880       918
      3024       112         2         1         7         6
       908       880       918       909       882       919
      3025       112         2         1         7         6
       909       882       919       910       884       920
      3026       112         2         1         7         6
       910       884       920       911       886       921
      3027       112         2         1         7         6
       911       886       921       912       888       922
      3028       112         2         1         7         6
       912       888       922       913       890       923
      3029       112         2         1         7         6
       913       890       923       914       892       924
      3030       112         2         1         7         6
       914       892       924       915       894       925
      3031       112         2         1         7         6
       915       894       925       916       896       926
      3133       112         2         1         7         6
       262       341       416       897       927       957
      3134       112         2         1         7         6
       897       927       957       898       928       958
      3135       112         2         1         7         6
       898       928       958       899       929       959
      3136       112         2         1         7         6
       899       929       959       900       930       960
      3137       112         2         1         7         6
       900       930       960       901       931       961
      3138       112         2         1         7         6
       901       931       961       902       932       962
      3139       112         2         1         7         6
       902       932       962       903       933       963
      3140       112         2         1         7         6
       903       933       963       904       934       964
      3141       112         2         1         7         6
       904       934       964       905       935       965
      3142       112         2         1         7         6
       905       935       965       906       936       966
      3143       112         2         1         7         6
       341       366       416       927       937       957
      3144       112         2         1         7         6
       927       937       957       928       938       958
      3145       112         2         1         7         6
       928       938       958       929       939       959
      3146       112         2         1         7         6
       929       939       959       930       940       960
      3147       112         2         1         7         6
       930       940       960       931       941       961
      3148       112         2         1         7         6
       931       941       961       932       942       962
      3149       112         2         1         7         6
       932       942       962       933       943       963
      3150       112         2         1         7         6
       933       943       963       934       944       964
      3151       112         2         1         7         6
       934       944       964       935       945       965
      3152       112         2         1         7         6
       935       945       965       936       946       966
      3153       112         2         1         7         6
       366       391       416       937       947       957
      3154       112         2         1         7         6
       937       947       957       938       948       958
      3155       112         2         1         7         6
       938       948       958       939       949       959
      3156       112         2         1         7         6
       939       949       959       940       950       960
      3157       112         2         1         7         6
       940       950       960       941       951       961
      3158       112         2         1         7         6
       941       951       961       942       952       962
      3159       112         2         1         7         6
       942       952       962       943       953       963
      3160       112         2         1         7         6
       943       953       963       944       954       964
      3161       112         2         1         7         6
       944       954       964       945       955       965
      3162       112         2         1         7         6
       945       955       965       946       956       966
      3163       112         2         1         7         6
       391        82       416       947       827       957
      3164       112         2         1         7         6
       947       827       957       948       828       958
      3165       112         2         1         7         6
       948       828       958       949       829       959
      3166       112         2         1         7         6
       949       829       959       950       830       960
      3167       112         2         1         7         6
       950       830       960       951       831       961
      3168       112         2         1         7         6
       951       831       961       952       832       962
      3169       112         2         1         7         6
       952       832       962       953       833       963
      3170       112         2         1         7         6
       953       833       963       954       834       964
      3171       112         2         1         7         6
       954       834       964       955       835       965
      3172       112         2         1         7         6
       955       835       965       956       836       966
      3173       112         2         1         7         6
        82        57       416       827       807       957
      3174       112         2         1         7         6
       827       807       957       828       809       958
      3175       112         2         1         7         6
       828       809       958       829       811       959
      3176       112         2         1         7         6
       829       811       959       830       813       960
      3177       112         2         1         7         6
       830       813       960       831       815       961
      3178       112         2         1         7         6
       831       815       961       832       817       962
      3179       112         2         1         7         6
       832       817       962       833       819       963
      3180       112         2         1         7         6
       833       819       963       834       821       964
      3181       112         2         1         7         6
       834       821       964       835       823       965
      3182       112         2         1         7         6
       835       823       965       836       825       966
      3183       112         2         1         7         6
        57       262       416       807       897       957
      3184       112         2         1         7         6
       807       897       957       809       898       958
      3185       112         2         1         7         6
       809       898       958       811       899       959
      3186       112         2         1         7         6
       811       899       959       813       900       960
      3187       112         2         1         7         6
       813       900       960       815       901       961
      3188       112         2         1         7         6
       815       901       961       817       902       962
      3189       112         2         1         7         6
       817       902       962       819       903       963
      3190       112         2         1         7         6
       819       903       963       821       904       964
      3191       112         2         1         7         6
       821       904       964       823       905       965
      3192       112         2         1         7         6
       823       905       965       825       906       966
      3283       112         2         1         7         6
        82       391       520       827       947       997
      3284       112         2         1         7         6
       827       947       997       828       948       998
      3285       112         2         1         7         6
       828       948       998       829       949       999
      3286       112         2         1         7         6
       829       949       999       830       950      1000
      3287       112         2         1         7         6
       830       950      1000       831       951      1001
      3288       112         2         1         7         6
       831       951      1001       832       952      1002
      3289       112         2         1         7         6
       832       952      1002       833       953      1003
      3290       112         2         1         7         6
       833       953      1003       834       954      1004
      3291       112         2         1         7         6
       834       954      1004       835       955      1005
      3292       112         2         1         7         6
       835       955      1005       836       956      1006
      3293       112         2         1         7         6
       391       445       520       947       967       997
      3294       112         2         1         7         6
       947       967       997       948       968       998
      3295       112         2         1         7         6
       948       968       998       949       969       999
      3296       112         2         1         7         6
       949       969       999       950       970      1000
      3297       112         2         1         7         6
       950       970      1000       951       971      1001
      3298       112         2         1         7         6
       951       971      1001       952       972      1002
      3299       112         2         1         7         6
       952       972      1002       953       973      1003
      3300       112         2         1         7         6
       953       973      1003       954       974      1004
      3301       112         2         1         7         6
       954       974      1004       955       975      1005
      3302       112         2         1         7         6
       955       975      1005       956       976      1006
      3303       112         2         1         7         6
       445       470       520       967       977       997
      3304       112         2         1         7         6
       967       977       997       968       978       998
      3305       112         2         1         7         6
       968       978       998       969       979       999
      3306       112         2         1         7         6
       969       979       999       970       980      1000
      3307       112         2         1         7         6
       970       980      1000       971       981      1001
      3308       112         2         1         7         6
       971       981      1001       972       982      1002
      3309       112         2         1         7         6
       972       982      1002       973       983      1003
      3310       112         2         1         7         6
       973       983      1003       974       984      1004
      3311       112         2         1         7         6
       974       984      1004       975       985      1005
      3312       112         2         1         7         6
       975       985      1005       976       986      1006
      3313       112         2         1         7         6
       470       495       520       977       987       997
      3314       112         2         1         7         6
       977       987       997       978       988       998
      3315       112         2         1         7         6
       978       988       998       979       989       999
      3316       112         2         1         7         6
       979       989       999       980       990      1000
      3317       112         2         1         7         6
       980       990      1000       981       991      1001
      3318       112         2         1         7         6
       981       991      1001       982       992      1002
      3319       112         2         1         7         6
       982       992      1002       983       993      1003
      3320       112         2         1         7         6
       983       993      1003       984       994      1004
      3321       112         2         1         7         6
       984       994      1004       985       995      1005
      3322       112         2         1         7         6
       985       995      1005       986       996      1006
      3323       112         2         1         7         6
       495       107       520       987       837       997
      3324       112         2         1         7         6
       987       837       997       988       838       998
      3325       112         2         1         7         6
       988       838       998       989       839       999
      3326       112         2         1         7         6
       989       839       999       990       840      1000
      3327       112         2         1         7         6
       990       840      1000       991       841      1001
      3328       112         2         1         7         6
       991       841      1001       992       842      1002
      3329       112         2         1         7         6
       992       842      1002       993       843      1003
      3330       112         2         1         7         6
       993       843      1003       994       844      1004
      3331       112         2         1         7         6
       994       844      1004       995       845      1005
      3332       112         2         1         7         6
       995       845      1005       996       846      1006
      3333       112         2         1         7         6
       107        82       520       837       827       997
      3334       112         2         1         7         6
       837       827       997       838       828       998
      3335       112         2         1         7         6
       838       828       998       839       829       999
      3336       112         2         1         7         6
       839       829       999       840       830      1000
      3337       112         2         1         7         6
       840       830      1000       841       831      1001
      3338       112         2         1         7         6
       841       831      1001       842       832      1002
      3339       112         2         1         7         6
       842       832      1002       843       833      1003
      3340       112         2         1         7         6
       843       833      1003       844       834      1004
      3341       112         2         1         7         6
       844       834      1004       845       835      1005
      3342       112         2         1         7         6
       845       835      1005       846       836      1006
      3433       112         2         1         7         6
       132       107       624       847       837      1037
      3434       112         2         1         7         6
       847       837      1037       848       838      1038
      3435       112         2         1         7         6
       848       838      1038       849       839      1039
      3436       112         2         1         7         6
       849       839      1039       850       840      1040
      3437       112         2         1         7         6
       850       840      1040       851       841      1041
      3438       112         2         1         7         6
       851       841      1041       852       842      1042
      3439       112         2         1         7         6
       852       842      1042       853       843      1043
      3440       112         2         1         7         6
       853       843      1043       854       844      1044
      3441       112         2         1         7         6
       854       844      1044       855       845      1045
      3442       112         2         1         7         6
       855       845      1045       856       846      1046
      3443       112         2         1         7         6
       107       495       624       837       987      1037
      3444       112         2         1         7         6
       837       987      1037       838       988      1038
      3445       112         2         1         7         6
       838       988      1038       839       989      1039
      3446       112         2         1         7         6
       839       989      1039       840       990      1040
      3447       112         2         1         7         6
       840       990      1040       841       991      1041
      3448       112         2         1         7         6
       841       991      1041       842       992      1042
      3449       112         2         1         7         6
       842       992      1042       843       993      1043
      3450       112         2         1         7         6
       843       993      1043       844       994      1044
      3451       112         2         1         7         6
       844       994      1044       845       995      1045
      3452       112         2         1         7         6
       845       995      1045       846       996      1046
      3453       112         2         1         7         6
       495       549       624       987      1007      1037
      3454       112         2         1         7         6
       987      1007      1037       988      1008      1038
      3455       112         2         1         7         6
       988      1008      1038       989      1009      1039
      3456       112         2         1         7         6
       989      1009      1039       990      1010      1040
      3457       112         2         1         7         6
       990      1010      1040       991      1011      1041
      3458       112         2         1         7         6
       991      1011      1041       992      1012      1042
      3459       112         2         1         7         6
       992      1012      1042       993      1013      1043
      3460       112         2         1         7         6
       993      1013      1043       994      1014      1044
      3461       112         2         1         7         6
       994      1014      1044       995      1015      1045
      3462       112         2         1         7         6
       995      1015      1045       996      1016      1046
      3463       112         2         1         7         6
       549       574       624      1007      1017      1037
      3464       112         2         1         7         6
      1007      1017      1037      1008      1018      1038
      3465       112         2         1         7         6
      1008      1018      1038      1009      1019      1039
      3466       112         2         1         7         6
      1009      1019      1039      1010      1020      1040
      3467       112         2         1         7         6
      1010      1020      1040      1011      1021      1041
      3468       112         2         1         7         6
      1011      1021      1041      1012      1022      1042
      3469       112         2         1         7         6
      1012      1022      1042      1013      1023      1043
      3470       112         2         1         7         6
      1013      1023      1043      1014      1024      1044
      3471       112         2         1         7         6
      1014      1024      1044      1015      1025      1045
      3472       112         2         1         7         6
      1015      1025      1045      1016      1026      1046
      3473       112         2         1         7         6
       574       599       624      1017      1027      1037
      3474       112         2         1         7         6
      1017      1027      1037      1018      1028      1038
      3475       112         2         1         7         6
      1018      1028      1038      1019      1029      1039
      3476       112         2         1         7         6
      1019      1029      1039      1020      1030      1040
      3477       112         2         1         7         6
      1020      1030      1040      1021      1031      1041
      3478       112         2         1         7         6
      1021      1031      1041      1022      1032      1042
      3479       112         2         1         7         6
      1022      1032      1042      1023      1033      1043
      3480       112         2         1         7         6
      1023      1033      1043      1024      1034      1044
      3481       112         2         1         7         6
      1024      1034      1044      1025      1035      1045
      3482       112         2         1         7         6
      1025      1035      1045      1026      1036      1046
      3483       112         2         1         7         6
       599       132       624      1027       847      1037
      3484       112         2         1         7         6
      1027       847      1037      1028       848      1038
      3485       112         2         1         7         6
      1028       848      1038      1029       849      1039
      3486       112         2         1         7         6
      1029       849      1039      1030       850      1040
      3487       112         2         1         7         6
      1030       850      1040      1031       851      1041
      3488       112         2         1         7         6
      1031       851      1041      1032       852      1042
      3489       112         2         1         7         6
      1032       852      1042      1033       853      1043
      3490       112         2         1         7         6
      1033       853      1043      1034       854      1044
      3491       112         2         1         7         6
      1034       854      1044      1035       855      1045
      3492       112         2         1         7         6
      1035       855      1045      1036       856      1046
      3583       112         2         1         7         6
       653       157       728      1047       857      1077
      3584       112         2         1         7         6
      1047       857      1077      1048       858      1078
      3585       112         2         1         7         6
      1048       858      1078      1049       859      1079
      3586       112         2         1         7         6
      1049       859      1079      1050       860      1080
      3587       112         2         1         7         6
      1050       860      1080      1051       861      1081
      3588       112         2         1         7         6
      1051       861      1081      1052       862      1082
      3589       112         2         1         7         6
      1052       862      1082      1053       863      1083
      3590       112         2         1         7         6
      1053       863      1083      1054       864      1084
      3591       112         2         1         7         6
      1054       864      1084      1055       865      1085
      3592       112         2         1         7         6
      1055       865      1085      1056       866      1086
      3593       112         2         1         7         6
       157       132       728       857       847      1077
      3594       112         2         1         7         6
       857       847      1077       858       848      1078
      3595       112         2         1         7         6
       858       848      1078       859       849      1079
      3596       112         2         1         7         6
       859       849      1079       860       850      1080
      3597       112         2         1         7         6
       860       850      1080       861       851      1081
      3598       112         2         1         7         6
       861       851      1081       862       852      1082
      3599       112         2         1         7         6
       862       852      1082       863       853      1083
      3600       112         2         1         7         6
       863       853      1083       864       854      1084
      3601       112         2         1         7         6
       864       854      1084       865       855      1085
      3602       112         2         1         7         6
       865       855      1085       866       856      1086
      3603       112         2         1         7         6
       132       599       728       847      1027      1077
      3604       112         2         1         7         6
       847      1027      1077       848      1028      1078
      3605       112         2         1         7         6
       848      1028      1078       849      1029      1079
      3606       112         2         1         7         6
       849      1029      1079       850      1030      1080
      3607       112         2         1         7         6
       850      1030      1080       851      1031      1081
      3608       112         2         1         7         6
       851      1031      1081       852      1032      1082
      3609       112         2         1         7         6
       852      1032      1082       853      1033      1083
      3610       112         2         1         7         6
       853      1033      1083       854      1034      1084
      3611       112         2         1         7         6
       854      1034      1084       855      1035      1085
      3612       112         2         1         7         6
       855      1035      1085       856      1036      1086
      3613       112         2         1         7         6
       599       678       728      1027      1057      1077
      3614       112         2         1         7         6
      1027      1057      1077      1028      1058      1078
      3615       112         2         1         7         6
      1028      1058      1078      1029      1059      1079
      3616       112         2         1         7         6
      1029      1059      1079      1030      1060      1080
      3617       112         2         1         7         6
      1030      1060      1080      1031      1061      1081
      3618       112         2         1         7         6
      1031      1061      1081      1032      1062      1082
      3619       112         2         1         7         6
      1032      1062      1082      1033      1063      1083
      3620       112         2         1         7         6
      1033      1063      1083      1034      1064      1084
      3621       112         2         1         7         6
      1034      1064      1084      1035      1065      1085
      3622       112         2         1         7         6
      1035      1065      1085      1036      1066      1086
      3623       112         2         1         7         6
       678       703       728      1057      1067      1077
      3624       112         2         1         7         6
      1057      1067      1077      1058      1068      1078
      3625       112         2         1         7         6
      1058      1068      1078      1059      1069      1079
      3626       112         2         1         7         6
      1059      1069      1079      1060      1070      1080
      3627       112         2         1         7         6
      1060      1070      1080      1061      1071      1081
      3628       112         2         1         7         6
      1061      1071      1081      1062      1072      1082
      3629       112         2         1         7         6
      1062      1072      1082      1063      1073      1083
      3630       112         2         1         7         6
      1063      1073      1083      1064      1074      1084
      3631       112         2         1         7         6
      1064      1074      1084      1065      1075      1085
      3632       112         2         1         7         6
      1065      1075      1085      1066      1076      1086
      3633       112         2         1         7         6
       703       653       728      1067      1047      1077
      3634       112         2         1         7         6
      1067      1047      1077      1068      1048      1078
      3635       112         2         1         7         6
      1068      1048      1078      1069      1049      1079
      3636       112         2         1         7         6
      1069      1049      1079      1070      1050      1080
      3637       112         2         1         7         6
      1070      1050      1080      1071      1051      1081
      3638       112         2         1         7         6
      1071      1051      1081      1072      1052      1082
      3639       112         2         1         7         6
      1072      1052      1082      1073      1053      1083
      3640       112         2         1         7         6
      1073      1053      1083      1074      1054      1084
      3641       112         2         1         7         6
      1074      1054      1084      1075      1055      1085
      3642       112         2         1         7         6
      1075      1055      1085      1076      1056      1086
      3723       112         2         1         7         6
       756       287       806      1087       907      1107
      3724       112         2         1         7         6
      1087       907      1107      1088       908      1108
      3725       112         2         1         7         6
      1088       908      1108      1089       909      1109
      3726       112         2         1         7         6
      1089       909      1109      1090       910      1110
      3727       112         2         1         7         6
      1090       910      1110      1091       911      1111
      3728       112         2         1         7         6
      1091       911      1111      1092       912      1112
      3729       112         2         1         7         6
      1092       912      1112      1093       913      1113
      3730       112         2         1         7         6
      1093       913      1113      1094       914      1114
      3731       112         2         1         7         6
      1094       914      1114      1095       915      1115
      3732       112         2         1         7         6
      1095       915      1115      1096       916      1116
      3733       112         2         1         7         6
       287        32       806       907       808      1107
      3734       112         2         1         7         6
       907       808      1107       908       810      1108
      3735       112         2         1         7         6
       908       810      1108       909       812      1109
      3736       112         2         1         7         6
       909       812      1109       910       814      1110
      3737       112         2         1         7         6
       910       814      1110       911       816      1111
      3738       112         2         1         7         6
       911       816      1111       912       818      1112
      3739       112         2         1         7         6
       912       818      1112       913       820      1113
      3740       112         2         1         7         6
       913       820      1113       914       822      1114
      3741       112         2         1         7         6
       914       822      1114       915       824      1115
      3742       112         2         1         7         6
       915       824      1115       916       826      1116
      3743       112         2         1         7         6
        32       157       806       808       857      1107
      3744       112         2         1         7         6
       808       857      1107       810       858      1108
      3745       112         2         1         7         6
       810       858      1108       812       859      1109
      3746       112         2         1         7         6
       812       859      1109       814       860      1110
      3747       112         2         1         7         6
       814       860      1110       816       861      1111
      3748       112         2         1         7         6
       816       861      1111       818       862      1112
      3749       112         2         1         7         6
       818       862      1112       820       863      1113
      3750       112         2         1         7         6
       820       863      1113       822       864      1114
      3751       112         2         1         7         6
       822       864      1114       824       865      1115
      3752       112         2         1         7         6
       824       865      1115       826       866      1116
      3753       112         2         1         7         6
       157       653       806       857      1047      1107
      3754       112         2         1         7         6
       857      1047      1107       858      1048      1108
      3755       112         2         1         7         6
       858      1048      1108       859      1049      1109
      3756       112         2         1         7         6
       859      1049      1109       860      1050      1110
      3757       112         2         1         7         6
       860      1050      1110       861      1051      1111
      3758       112         2         1         7         6
       861      1051      1111       862      1052      1112
      3759       112         2         1         7         6
       862      1052      1112       863      1053      1113
      3760       112         2         1         7         6
       863      1053      1113       864      1054      1114
      3761       112         2         1         7         6
       864      1054      1114       865      1055      1115
      3762       112         2         1         7         6
       865      1055      1115       866      1056      1116
      3763       112         2         1         7         6
       653       781       806      1047      1097      1107
      3764       112         2         1         7         6
      1047      1097      1107      1048      1098      1108
      3765       112         2         1         7         6
      1048      1098      1108      1049      1099      1109
      3766       112         2         1         7         6
      1049      1099      1109      1050      1100      1110
      3767       112         2         1         7         6
      1050      1100      1110      1051      1101      1111
      3768       112         2         1         7         6
      1051      1101      1111      1052      1102      1112
      3769       112         2         1         7         6
      1052      1102      1112      1053      1103      1113
      3770       112         2         1         7         6
      1053      1103      1113      1054      1104      1114
      3771       112         2         1         7         6
      1054      1104      1114      1055      1105      1115
      3772       112         2         1         7         6
      1055      1105      1115      1056      1106      1116
      3773       112         2         1         7         6
       781       756       806      1097      1087      1107
      3774       112         2         1         7         6
      1097      1087      1107      1098      1088      1108
      3775       112         2         1         7         6
      1098      1088      1108      1099      1089      1109
      3776       112         2         1         7         6
      1099      1089      1109      1100      1090      1110
      3777       112         2         1         7         6
      1100      1090      1110      1101      1091      1111
      3778       112         2         1         7         6
      1101      1091      1111      1102      1092      1112
      3779       112         2         1         7         6
      1102      1092      1112      1103      1093      1113
      3780       112         2         1         7         6
      1103      1093      1113      1104      1094      1114
      3781       112         2         1         7         6
      1104      1094      1114      1105      1095      1115
      3782       112         2         1         7         6
      1105      1095      1115      1106      1096      1116
      3894       112         2         1         7         6
      1117      1118      1123      1125      1124      1178
      3895       112         2         1         7         6
      1125      1124      1178      1127      1126      1179
      3896       112         2         1         7         6
      1127      1126      1179      1129      1128      1180
      3897       112         2         1         7         6
      1129      1128      1180      1131      1130      1181
      3898       112         2         1         7         6
      1131      1130      1181      1133      1132      1182
      3899       112         2         1         7         6
      1133      1132      1182      1135      1134      1183
      3900       112         2         1         7         6
      1135      1134      1183      1137      1136      1184
      3901       112         2         1         7         6
      1137      1136      1184      1139      1138      1185
      3902       112         2         1         7         6
      1139      1138      1185      1141      1140      1186
      3903       112         2         1         7         6
      1141      1140      1186         6         5         7
      3904       112         2         1         7         6
      1118      1119      1123      1124      1142      1178
      3905       112         2         1         7         6
      1124      1142      1178      1126      1143      1179
      3906       112         2         1         7         6
      1126      1143      1179      1128      1144      1180
      3907       112         2         1         7         6
      1128      1144      1180      1130      1145      1181
      3908       112         2         1         7         6
      1130      1145      1181      1132      1146      1182
      3909       112         2         1         7         6
      1132      1146      1182      1134      1147      1183
      3910       112         2         1         7         6
      1134      1147      1183      1136      1148      1184
      3911       112         2         1         7         6
      1136      1148      1184      1138      1149      1185
      3912       112         2         1         7         6
      1138      1149      1185      1140      1150      1186
      3913       112         2         1         7         6
      1140      1150      1186         5         4         7
      3914       112         2         1         7         6
      1119      1120      1123      1142      1151      1178
      3915       112         2         1         7         6
      1142      1151      1178      1143      1152      1179
      3916       112         2         1         7         6
      1143      1152      1179      1144      1153      1180
      3917       112         2         1         7         6
      1144      1153      1180      1145      1154      1181
      3918       112         2         1         7         6
      1145      1154      1181      1146      1155      1182
      3919       112         2         1         7         6
      1146      1155      1182      1147      1156      1183
      3920       112         2         1         7         6
      1147      1156      1183      1148      1157      1184
      3921       112         2         1         7         6
      1148      1157      1184      1149      1158      1185
      3922       112         2         1         7         6
      1149      1158      1185      1150      1159      1186
      3923       112         2         1         7         6
      1150      1159      1186         4         3         7
      3924       112         2         1         7         6
      1120      1121      1123      1151      1160      1178
      3925       112         2         1         7         6
      1151      1160      1178      1152      1161      1179
      3926       112         2         1         7         6
      1152      1161      1179      1153      1162      1180
      3927       112         2         1         7         6
      1153      1162      1180      1154      1163      1181
      3928       112         2         1         7         6
      1154      1163      1181      1155      1164      1182
      3929       112         2         1         7         6
      1155      1164      1182      1156      1165      1183
      3930       112         2         1         7         6
      1156      1165      1183      1157      1166      1184
      3931       112         2         1         7         6
      1157      1166      1184      1158      1167      1185
      3932       112         2         1         7         6
      1158      1167      1185      1159      1168      1186
      3933       112         2         1         7         6
      1159      1168      1186         3         2         7
      3934       112         2         1         7         6
      1121      1122      1123      1160      1169      1178
      3935       112         2         1         7         6
      1160      1169      1178      1161      1170      1179
      3936       112         2         1         7         6
      1161      1170      1179      1162      1171      1180
      3937       112         2         1         7         6
      1162      1171      1180      1163      1172      1181
      3938       112         2         1         7         6
      1163      1172      1181      1164      1173      1182
      3939       112         2         1         7         6
      1164      1173      1182      1165      1174      1183
      3940       112         2         1         7         6
      1165      1174      1183      1166      1175      1184
      3941       112         2         1         7         6
      1166      1175      1184      1167      1176      1185
      3942       112         2         1         7         6
      1167      1176      1185      1168      1177      1186
      3943       112         2         1         7         6
      1168      1177      1186         2         1         7
      3944       112         2         1         7         6
      1122      1117      1123      1169      1125      1178
      3945       112         2         1         7         6
      1169      1125      1178      1170      1127      1179
      3946       112         2         1         7         6
      1170      1127      1179      1171      1129      1180
      3947       112         2         1         7         6
      1171      1129      1180      1172      1131      1181
      3948       112         2         1         7         6
      1172      1131      1181      1173      1133      1182
      3949       112         2         1         7         6
      1173      1133      1182      1174      1135      1183
      3950       112         2         1         7         6
      1174      1135      1183      1175      1137      1184
      3951       112         2         1         7         6
      1175      1137      1184      1176      1139      1185
      3952       112         2         1         7         6
      1176      1139      1185      1177      1141      1186
      3953       112         2         1         7         6
      1177      1141      1186         1         6         7
      4085       112         2         1         7         6
      1187      1188      1191      1193      1192      1228
      4086       112         2         1         7         6
      1193      1192      1228      1195      1194      1229
      4087       112         2         1         7         6
      1195      1194      1229      1197      1196      1230
      4088       112         2         1         7         6
      1197      1196      1230      1199      1198      1231
      4089       112         2         1         7         6
      1199      1198      1231      1201      1200      1232
      4090       112         2         1         7         6
      1201      1200      1232      1203      1202      1233
      4091       112         2         1         7         6
      1203      1202      1233      1205      1204      1234
      4092       112         2         1         7         6
      1205      1204      1234      1207      1206      1235
      4093       112         2         1         7         6
      1207      1206      1235      1209      1208      1236
      4094       112         2         1         7         6
      1209      1208      1236       183       184       187
      4095       112         2         1         7         6
      1188      1189      1191      1192      1210      1228
      4096       112         2         1         7         6
      1192      1210      1228      1194      1211      1229
      4097       112         2         1         7         6
      1194      1211      1229      1196      1212      1230
      4098       112         2         1         7         6
      1196      1212      1230      1198      1213      1231
      4099       112         2         1         7         6
      1198      1213      1231      1200      1214      1232
      4100       112         2         1         7         6
      1200      1214      1232      1202      1215      1233
      4101       112         2         1         7         6
      1202      1215      1233      1204      1216      1234
      4102       112         2         1         7         6
      1204      1216      1234      1206      1217      1235
      4103       112         2         1         7         6
      1206      1217      1235      1208      1218      1236
      4104       112         2         1         7         6
      1208      1218      1236       184       185       187
      4105       112         2         1         7         6
      1189      1118      1191      1210      1124      1228
      4106       112         2         1         7         6
      1210      1124      1228      1211      1126      1229
      4107       112         2         1         7         6
      1211      1126      1229      1212      1128      1230
      4108       112         2         1         7         6
      1212      1128      1230      1213      1130      1231
      4109       112         2         1         7         6
      1213      1130      1231      1214      1132      1232
      4110       112         2         1         7         6
      1214      1132      1232      1215      1134      1233
      4111       112         2         1         7         6
      1215      1134      1233      1216      1136      1234
      4112       112         2         1         7         6
      1216      1136      1234      1217      1138      1235
      4113       112         2         1         7         6
      1217      1138      1235      1218      1140      1236
      4114       112         2         1         7         6
      1218      1140      1236       185         5       187
      4115       112         2         1         7         6
      1118      1117      1191      1124      1125      1228
      4116       112         2         1         7         6
      1124      1125      1228      1126      1127      1229
      4117       112         2         1         7         6
      1126      1127      1229      1128      1129      1230
      4118       112         2         1         7         6
      1128      1129      1230      1130      1131      1231
      4119       112         2         1         7         6
      1130      1131      1231      1132      1133      1232
      4120       112         2         1         7         6
      1132      1133      1232      1134      1135      1233
      4121       112         2         1         7         6
      1134      1135      1233      1136      1137      1234
      4122       112         2         1         7         6
      1136      1137      1234      1138      1139      1235
      4123       112         2         1         7         6
      1138      1139      1235      1140      1141      1236
      4124       112         2         1         7         6
      1140      1141      1236         5         6       187
      4125       112         2         1         7         6
      1117      1190      1191      1125      1219      1228
      4126       112         2         1         7         6
      1125      1219      1228      1127      1220      1229
      4127       112         2         1         7         6
      1127      1220      1229      1129      1221      1230
      4128       112         2         1         7         6
      1129      1221      1230      1131      1222      1231
      4129       112         2         1         7         6
      1131      1222      1231      1133      1223      1232
      4130       112         2         1         7         6
      1133      1223      1232      1135      1224      1233
      4131       112         2         1         7         6
      1135      1224      1233      1137      1225      1234
      4132       112         2         1         7         6
      1137      1225      1234      1139      1226      1235
      4133       112         2         1         7         6
      1139      1226      1235      1141      1227      1236
      4134       112         2         1         7         6
      1141      1227      1236         6       186       187
      4135       112         2         1         7         6
      1190      1187      1191      1219      1193      1228
      4136       112         2         1         7         6
      1219      1193      1228      1220      1195      1229
      4137       112         2         1         7         6
      1220      1195      1229      1221      1197      1230
      4138       112         2         1         7         6
      1221      1197      1230      1222      1199      1231
      4139       112         2         1         7         6
      1222      1199      1231      1223      1201      1232
      4140       112         2         1         7         6
      1223      1201      1232      1224      1203      1233
      4141       112         2         1         7         6
      1224      1203      1233      1225      1205      1234
      4142       112         2         1         7         6
      1225      1205      1234      1226      1207      1235
      4143       112         2         1         7         6
      1226      1207      1235      1227      1209      1236
      4144       112         2         1         7         6
      1227      1209      1236       186       183       187
      4245       112         2         1         7         6
      1189      1237      1240      1210      1241      1268
      4246       112         2         1         7         6
      1210      1241      1268      1211      1242      1269
      4247       112         2         1         7         6
      1211      1242      1269      1212      1243      1270
      4248       112         2         1         7         6
      1212      1243      1270      1213      1244      1271
      4249       112         2         1         7         6
      1213      1244      1271      1214      1245      1272
      4250       112         2         1         7         6
      1214      1245      1272      1215      1246      1273
      4251       112         2         1         7         6
      1215      1246      1273      1216      1247      1274
      4252       112         2         1         7         6
      1216      1247      1274      1217      1248      1275
      4253       112         2         1         7         6
      1217      1248      1275      1218      1249      1276
      4254       112         2         1         7         6
      1218      1249      1276       185       313       316
      4255       112         2         1         7         6
      1237      1238      1240      1241      1250      1268
      4256       112         2         1         7         6
      1241      1250      1268      1242      1251      1269
      4257       112         2         1         7         6
      1242      1251      1269      1243      1252      1270
      4258       112         2         1         7         6
      1243      1252      1270      1244      1253      1271
      4259       112         2         1         7         6
      1244      1253      1271      1245      1254      1272
      4260       112         2         1         7         6
      1245      1254      1272      1246      1255      1273
      4261       112         2         1         7         6
      1246      1255      1273      1247      1256      1274
      4262       112         2         1         7         6
      1247      1256      1274      1248      1257      1275
      4263       112         2         1         7         6
      1248      1257      1275      1249      1258      1276
      4264       112         2         1         7         6
      1249      1258      1276       313       314       316
      4265       112         2         1         7         6
      1238      1239      1240      1250      1259      1268
      4266       112         2         1         7         6
      1250      1259      1268      1251      1260      1269
      4267       112         2         1         7         6
      1251      1260      1269      1252      1261      1270
      4268       112         2         1         7         6
      1252      1261      1270      1253      1262      1271
      4269       112         2         1         7         6
      1253      1262      1271      1254      1263      1272
      4270       112         2         1         7         6
      1254      1263      1272      1255      1264      1273
      4271       112         2         1         7         6
      1255      1264      1273      1256      1265      1274
      4272       112         2         1         7         6
      1256      1265      1274      1257      1266      1275
      4273       112         2         1         7         6
      1257      1266      1275      1258      1267      1276
      4274       112         2         1         7         6
      1258      1267      1276       314       315       316
      4275       112         2         1         7         6
      1239      1119      1240      1259      1142      1268
      4276       112         2         1         7         6
      1259      1142      1268      1260      1143      1269
      4277       112         2         1         7         6
      1260      1143      1269      1261      1144      1270
      4278       112         2         1         7         6
      1261      1144      1270      1262      1145      1271
      4279       112         2         1         7         6
      1262      1145      1271      1263      1146      1272
      4280       112         2         1         7         6
      1263      1146      1272      1264      1147      1273
      4281       112         2         1         7         6
      1264      1147      1273      1265      1148      1274
      4282       112         2         1         7         6
      1265      1148      1274      1266      1149      1275
      4283       112         2         1         7         6
      1266      1149      1275      1267      1150      1276
      4284       112         2         1         7         6
      1267      1150      1276       315         4       316
      4285       112         2         1         7         6
      1119      1118      1240      1142      1124      1268
      4286       112         2         1         7         6
      1142      1124      1268      1143      1126      1269
      4287       112         2         1         7         6
      1143      1126      1269      1144      1128      1270
      4288       112         2         1         7         6
      1144      1128      1270      1145      1130      1271
      4289       112         2         1         7         6
      1145      1130      1271      1146      1132      1272
      4290       112         2         1         7         6
      1146      1132      1272      1147      1134      1273
      4291       112         2         1         7         6
      1147      1134      1273      1148      1136      1274
      4292       112         2         1         7         6
      1148      1136      1274      1149      1138      1275
      4293       112         2         1         7         6
      1149      1138      1275      1150      1140      1276
      4294       112         2         1         7         6
      1150      1140      1276         4         5       316
      4295       112         2         1         7         6
      1118      1189      1240      1124      1210      1268
      4296       112         2         1         7         6
      1124      1210      1268      1126      1211      1269
      4297       112         2         1         7         6
      1126      1211      1269      1128      1212      1270
      4298       112         2         1         7         6
      1128      1212      1270      1130      1213      1271
      4299       112         2         1         7         6
      1130      1213      1271      1132      1214      1272
      4300       112         2         1         7         6
      1132      1214      1272      1134      1215      1273
      4301       112         2         1         7         6
      1134      1215      1273      1136      1216      1274
      4302       112         2         1         7         6
      1136      1216      1274      1138      1217      1275
      4303       112         2         1         7         6
      1138      1217      1275      1140      1218      1276
      4304       112         2         1         7         6
      1140      1218      1276         5       185       316
      4395       112         2         1         7         6
      1119      1239      1280      1142      1259      1308
      4396       112         2         1         7         6
      1142      1259      1308      1143      1260      1309
      4397       112         2         1         7         6
      1143      1260      1309      1144      1261      1310
      4398       112         2         1         7         6
      1144      1261      1310      1145      1262      1311
      4399       112         2         1         7         6
      1145      1262      1311      1146      1263      1312
      4400       112         2         1         7         6
      1146      1263      1312      1147      1264      1313
      4401       112         2         1         7         6
      1147      1264      1313      1148      1265      1314
      4402       112         2         1         7         6
      1148      1265      1314      1149      1266      1315
      4403       112         2         1         7         6
      1149      1266      1315      1150      1267      1316
      4404       112         2         1         7         6
      1150      1267      1316         4       315       420
      4405       112         2         1         7         6
      1239      1277      1280      1259      1281      1308
      4406       112         2         1         7         6
      1259      1281      1308      1260      1282      1309
      4407       112         2         1         7         6
      1260      1282      1309      1261      1283      1310
      4408       112         2         1         7         6
      1261      1283      1310      1262      1284      1311
      4409       112         2         1         7         6
      1262      1284      1311      1263      1285      1312
      4410       112         2         1         7         6
      1263      1285      1312      1264      1286      1313
      4411       112         2         1         7         6
      1264      1286      1313      1265      1287      1314
      4412       112         2         1         7         6
      1265      1287      1314      1266      1288      1315
      4413       112         2         1         7         6
      1266      1288      1315      1267      1289      1316
      4414       112         2         1         7         6
      1267      1289      1316       315       417       420
      4415       112         2         1         7         6
      1277      1278      1280      1281      1290      1308
      4416       112         2         1         7         6
      1281      1290      1308      1282      1291      1309
      4417       112         2         1         7         6
      1282      1291      1309      1283      1292      1310
      4418       112         2         1         7         6
      1283      1292      1310      1284      1293      1311
      4419       112         2         1         7         6
      1284      1293      1311      1285      1294      1312
      4420       112         2         1         7         6
      1285      1294      1312      1286      1295      1313
      4421       112         2         1         7         6
      1286      1295      1313      1287      1296      1314
      4422       112         2         1         7         6
      1287      1296      1314      1288      1297      1315
      4423       112         2         1         7         6
      1288      1297      1315      1289      1298      1316
      4424       112         2         1         7         6
      1289      1298      1316       417       418       420
      4425       112         2         1         7         6
      1278      1279      1280      1290      1299      1308
      4426       112         2         1         7         6
      1290      1299      1308      1291      1300      1309
      4427       112         2         1         7         6
      1291      1300      1309      1292      1301      1310
      4428       112         2         1         7         6
      1292      1301      1310      1293      1302      1311
      4429       112         2         1         7         6
      1293      1302      1311      1294      1303      1312
      4430       112         2         1         7         6
      1294      1303      1312      1295      1304      1313
      4431       112         2         1         7         6
      1295      1304      1313      1296      1305      1314
      4432       112         2         1         7         6
      1296      1305      1314      1297      1306      1315
      4433       112         2         1         7         6
      1297      1306      1315      1298      1307      1316
      4434       112         2         1         7         6
      1298      1307      1316       418       419       420
      4435       112         2         1         7         6
      1279      1120      1280      1299      1151      1308
      4436       112         2         1         7         6
      1299      1151      1308      1300      1152      1309
      4437       112         2         1         7         6
      1300      1152      1309      1301      1153      1310
      4438       112         2         1         7         6
      1301      1153      1310      1302      1154      1311
      4439       112         2         1         7         6
      1302      1154      1311      1303      1155      1312
      4440       112         2         1         7         6
      1303      1155      1312      1304      1156      1313
      4441       112         2         1         7         6
      1304      1156      1313      1305      1157      1314
      4442       112         2         1         7         6
      1305      1157      1314      1306      1158      1315
      4443       112         2         1         7         6
      1306      1158      1315      1307      1159      1316
      4444       112         2         1         7         6
      1307      1159      1316       419         3       420
      4445       112         2         1         7         6
      1120      1119      1280      1151      1142      1308
      4446       112         2         1         7         6
      1151      1142      1308      1152      1143      1309
      4447       112         2         1         7         6
      1152      1143      1309      1153      1144      1310
      4448       112         2         1         7         6
      1153      1144      1310      1154      1145      1311
      4449       112         2         1         7         6
      1154      1145      1311      1155      1146      1312
      4450       112         2         1         7         6
      1155      1146      1312      1156      1147      1313
      4451       112         2         1         7         6
      1156      1147      1313      1157      1148      1314
      4452       112         2         1         7         6
      1157      1148      1314      1158      1149      1315
      4453       112         2         1         7         6
      1158      1149      1315      1159      1150      1316
      4454       112         2         1         7         6
      1159      1150      1316         3         4       420
      4545       112         2         1         7         6
      1121      1120      1320      1160      1151      1348
      4546       112         2         1         7         6
      1160      1151      1348      1161      1152      1349
      4547       112         2         1         7         6
      1161      1152      1349      1162      1153      1350
      4548       112         2         1         7         6
      1162      1153      1350      1163      1154      1351
      4549       112         2         1         7         6
      1163      1154      1351      1164      1155      1352
      4550       112         2         1         7         6
      1164      1155      1352      1165      1156      1353
      4551       112         2         1         7         6
      1165      1156      1353      1166      1157      1354
      4552       112         2         1         7         6
      1166      1157      1354      1167      1158      1355
      4553       112         2         1         7         6
      1167      1158      1355      1168      1159      1356
      4554       112         2         1         7         6
      1168      1159      1356         2         3       524
      4555       112         2         1         7         6
      1120      1279      1320      1151      1299      1348
      4556       112         2         1         7         6
      1151      1299      1348      1152      1300      1349
      4557       112         2         1         7         6
      1152      1300      1349      1153      1301      1350
      4558       112         2         1         7         6
      1153      1301      1350      1154      1302      1351
      4559       112         2         1         7         6
      1154      1302      1351      1155      1303      1352
      4560       112         2         1         7         6
      1155      1303      1352      1156      1304      1353
      4561       112         2         1         7         6
      1156      1304      1353      1157      1305      1354
      4562       112         2         1         7         6
      1157      1305      1354      1158      1306      1355
      4563       112         2         1         7         6
      1158      1306      1355      1159      1307      1356
      4564       112         2         1         7         6
      1159      1307      1356         3       419       524
      4565       112         2         1         7         6
      1279      1317      1320      1299      1321      1348
      4566       112         2         1         7         6
      1299      1321      1348      1300      1322      1349
      4567       112         2         1         7         6
      1300      1322      1349      1301      1323      1350
      4568       112         2         1         7         6
      1301      1323      1350      1302      1324      1351
      4569       112         2         1         7         6
      1302      1324      1351      1303      1325      1352
      4570       112         2         1         7         6
      1303      1325      1352      1304      1326      1353
      4571       112         2         1         7         6
      1304      1326      1353      1305      1327      1354
      4572       112         2         1         7         6
      1305      1327      1354      1306      1328      1355
      4573       112         2         1         7         6
      1306      1328      1355      1307      1329      1356
      4574       112         2         1         7         6
      1307      1329      1356       419       521       524
      4575       112         2         1         7         6
      1317      1318      1320      1321      1330      1348
      4576       112         2         1         7         6
      1321      1330      1348      1322      1331      1349
      4577       112         2         1         7         6
      1322      1331      1349      1323      1332      1350
      4578       112         2         1         7         6
      1323      1332      1350      1324      1333      1351
      4579       112         2         1         7         6
      1324      1333      1351      1325      1334      1352
      4580       112         2         1         7         6
      1325      1334      1352      1326      1335      1353
      4581       112         2         1         7         6
      1326      1335      1353      1327      1336      1354
      4582       112         2         1         7         6
      1327      1336      1354      1328      1337      1355
      4583       112         2         1         7         6
      1328      1337      1355      1329      1338      1356
      4584       112         2         1         7         6
      1329      1338      1356       521       522       524
      4585       112         2         1         7         6
      1318      1319      1320      1330      1339      1348
      4586       112         2         1         7         6
      1330      1339      1348      1331      1340      1349
      4587       112         2         1         7         6
      1331      1340      1349      1332      1341      1350
      4588       112         2         1         7         6
      1332      1341      1350      1333      1342      1351
      4589       112         2         1         7         6
      1333      1342      1351      1334      1343      1352
      4590       112         2         1         7         6
      1334      1343      1352      1335      1344      1353
      4591       112         2         1         7         6
      1335      1344      1353      1336      1345      1354
      4592       112         2         1         7         6
      1336      1345      1354      1337      1346      1355
      4593       112         2         1         7         6
      1337      1346      1355      1338      1347      1356
      4594       112         2         1         7         6
      1338      1347      1356       522       523       524
      4595       112         2         1         7         6
      1319      1121      1320      1339      1160      1348
      4596       112         2         1         7         6
      1339      1160      1348      1340      1161      1349
      4597       112         2         1         7         6
      1340      1161      1349      1341      1162      1350
      4598       112         2         1         7         6
      1341      1162      1350      1342      1163      1351
      4599       112         2         1         7         6
      1342      1163      1351      1343      1164      1352
      4600       112         2         1         7         6
      1343      1164      1352      1344      1165      1353
      4601       112         2         1         7         6
      1344      1165      1353      1345      1166      1354
      4602       112         2         1         7         6
      1345      1166      1354      1346      1167      1355
      4603       112         2         1         7         6
      1346      1167      1355      1347      1168      1356
      4604       112         2         1         7         6
      1347      1168      1356       523         2       524
      4695       112         2         1         7         6
      1357      1122      1360      1361      1169      1388
      4696       112         2         1         7         6
      1361      1169      1388      1362      1170      1389
      4697       112         2         1         7         6
      1362      1170      1389      1363      1171      1390
      4698       112         2         1         7         6
      1363      1171      1390      1364      1172      1391
      4699       112         2         1         7         6
      1364      1172      1391      1365      1173      1392
      4700       112         2         1         7         6
      1365      1173      1392      1366      1174      1393
      4701       112         2         1         7         6
      1366      1174      1393      1367      1175      1394
      4702       112         2         1         7         6
      1367      1175      1394      1368      1176      1395
      4703       112         2         1         7         6
      1368      1176      1395      1369      1177      1396
      4704       112         2         1         7         6
      1369      1177      1396       625         1       628
      4705       112         2         1         7         6
      1122      1121      1360      1169      1160      1388
      4706       112         2         1         7         6
      1169      1160      1388      1170      1161      1389
      4707       112         2         1         7         6
      1170      1161      1389      1171      1162      1390
      4708       112         2         1         7         6
      1171      1162      1390      1172      1163      1391
      4709       112         2         1         7         6
      1172      1163      1391      1173      1164      1392
      4710       112         2         1         7         6
      1173      1164      1392      1174      1165      1393
      4711       112         2         1         7         6
      1174      1165      1393      1175      1166      1394
      4712       112         2         1         7         6
      1175      1166      1394      1176      1167      1395
      4713       112         2         1         7         6
      1176      1167      1395      1177      1168      1396
      4714       112         2         1         7         6
      1177      1168      1396         1         2       628
      4715       112         2         1         7         6
      1121      1319      1360      1160      1339      1388
      4716       112         2         1         7         6
      1160      1339      1388      1161      1340      1389
      4717       112         2         1         7         6
      1161      1340      1389      1162      1341      1390
      4718       112         2         1         7         6
      1162      1341      1390      1163      1342      1391
      4719       112         2         1         7         6
      1163      1342      1391      1164      1343      1392
      4720       112         2         1         7         6
      1164      1343      1392      1165      1344      1393
      4721       112         2         1         7         6
      1165      1344      1393      1166      1345      1394
      4722       112         2         1         7         6
      1166      1345      1394      1167      1346      1395
      4723       112         2         1         7         6
      1167      1346      1395      1168      1347      1396
      4724       112         2         1         7         6
      1168      1347      1396         2       523       628
      4725       112         2         1         7         6
      1319      1358      1360      1339      1370      1388
      4726       112         2         1         7         6
      1339      1370      1388      1340      1371      1389
      4727       112         2         1         7         6
      1340      1371      1389      1341      1372      1390
      4728       112         2         1         7         6
      1341      1372      1390      1342      1373      1391
      4729       112         2         1         7         6
      1342      1373      1391      1343      1374      1392
      4730       112         2         1         7         6
      1343      1374      1392      1344      1375      1393
      4731       112         2         1         7         6
      1344      1375      1393      1345      1376      1394
      4732       112         2         1         7         6
      1345      1376      1394      1346      1377      1395
      4733       112         2         1         7         6
      1346      1377      1395      1347      1378      1396
      4734       112         2         1         7         6
      1347      1378      1396       523       626       628
      4735       112         2         1         7         6
      1358      1359      1360      1370      1379      1388
      4736       112         2         1         7         6
      1370      1379      1388      1371      1380      1389
      4737       112         2         1         7         6
      1371      1380      1389      1372      1381      1390
      4738       112         2         1         7         6
      1372      1381      1390      1373      1382      1391
      4739       112         2         1         7         6
      1373      1382      1391      1374      1383      1392
      4740       112         2         1         7         6
      1374      1383      1392      1375      1384      1393
      4741       112         2         1         7         6
      1375      1384      1393      1376      1385      1394
      4742       112         2         1         7         6
      1376      1385      1394      1377      1386      1395
      4743       112         2         1         7         6
      1377      1386      1395      1378      1387      1396
      4744       112         2         1         7         6
      1378      1387      1396       626       627       628
      4745       112         2         1         7         6
      1359      1357      1360      1379      1361      1388
      4746       112         2         1         7         6
      1379      1361      1388      1380      1362      1389
      4747       112         2         1         7         6
      1380      1362      1389      1381      1363      1390
      4748       112         2         1         7         6
      1381      1363      1390      1382      1364      1391
      4749       112         2         1         7         6
      1382      1364      1391      1383      1365      1392
      4750       112         2         1         7         6
      1383      1365      1392      1384      1366      1393
      4751       112         2         1         7         6
      1384      1366      1393      1385      1367      1394
      4752       112         2         1         7         6
      1385      1367      1394      1386      1368      1395
      4753       112         2         1         7         6
      1386      1368      1395      1387      1369      1396
      4754       112         2         1         7         6
      1387      1369      1396       627       625       628
      4834       112         2         1         7         6
      1397      1190      1399      1400      1219      1418
      4835       112         2         1         7         6
      1400      1219      1418      1401      1220      1419
      4836       112         2         1         7         6
      1401      1220      1419      1402      1221      1420
      4837       112         2         1         7         6
      1402      1221      1420      1403      1222      1421
      4838       112         2         1         7         6
      1403      1222      1421      1404      1223      1422
      4839       112         2         1         7         6
      1404      1223      1422      1405      1224      1423
      4840       112         2         1         7         6
      1405      1224      1423      1406      1225      1424
      4841       112         2         1         7         6
      1406      1225      1424      1407      1226      1425
      4842       112         2         1         7         6
      1407      1226      1425      1408      1227      1426
      4843       112         2         1         7         6
      1408      1227      1426       729       186       731
      4844       112         2         1         7         6
      1190      1117      1399      1219      1125      1418
      4845       112         2         1         7         6
      1219      1125      1418      1220      1127      1419
      4846       112         2         1         7         6
      1220      1127      1419      1221      1129      1420
      4847       112         2         1         7         6
      1221      1129      1420      1222      1131      1421
      4848       112         2         1         7         6
      1222      1131      1421      1223      1133      1422
      4849       112         2         1         7         6
      1223      1133      1422      1224      1135      1423
      4850       112         2         1         7         6
      1224      1135      1423      1225      1137      1424
      4851       112         2         1         7         6
      1225      1137      1424      1226      1139      1425
      4852       112         2         1         7         6
      1226      1139      1425      1227      1141      1426
      4853       112         2         1         7         6
      1227      1141      1426       186         6       731
      4854       112         2         1         7         6
      1117      1122      1399      1125      1169      1418
      4855       112         2         1         7         6
      1125      1169      1418      1127      1170      1419
      4856       112         2         1         7         6
      1127      1170      1419      1129      1171      1420
      4857       112         2         1         7         6
      1129      1171      1420      1131      1172      1421
      4858       112         2         1         7         6
      1131      1172      1421      1133      1173      1422
      4859       112         2         1         7         6
      1133      1173      1422      1135      1174      1423
      4860       112         2         1         7         6
      1135      1174      1423      1137      1175      1424
      4861       112         2         1         7         6
      1137      1175      1424      1139      1176      1425
      4862       112         2         1         7         6
      1139      1176      1425      1141      1177      1426
      4863       112         2         1         7         6
      1141      1177      1426         6         1       731
      4864       112         2         1         7         6
      1122      1357      1399      1169      1361      1418
      4865       112         2         1         7         6
      1169      1361      1418      1170      1362      1419
      4866       112         2         1         7         6
      1170      1362      1419      1171      1363      1420
      4867       112         2         1         7         6
      1171      1363      1420      1172      1364      1421
      4868       112         2         1         7         6
      1172      1364      1421      1173      1365      1422
      4869       112         2         1         7         6
      1173      1365      1422      1174      1366      1423
      4870       112         2         1         7         6
      1174      1366      1423      1175      1367      1424
      4871       112         2         1         7         6
      1175      1367      1424      1176      1368      1425
      4872       112         2         1         7         6
      1176      1368      1425      1177      1369      1426
      4873       112         2         1         7         6
      1177      1369      1426         1       625       731
      4874       112         2         1         7         6
      1357      1398      1399      1361      1409      1418
      4875       112         2         1         7         6
      1361      1409      1418      1362      1410      1419
      4876       112         2         1         7         6
      1362      1410      1419      1363      1411      1420
      4877       112         2         1         7         6
      1363      1411      1420      1364      1412      1421
      4878       112         2         1         7         6
      1364      1412      1421      1365      1413      1422
      4879       112         2         1         7         6
      1365      1413      1422      1366      1414      1423
      4880       112         2         1         7         6
      1366      1414      1423      1367      1415      1424
      4881       112         2         1         7         6
      1367      1415      1424      1368      1416      1425
      4882       112         2         1         7         6
      1368      1416      1425      1369      1417      1426
      4883       112         2         1         7         6
      1369      1417      1426       625       730       731
      4884       112         2         1         7         6
      1398      1397      1399      1409      1400      1418
      4885       112         2         1         7         6
      1409      1400      1418      1410      1401      1419
      4886       112         2         1         7         6
      1410      1401      1419      1411      1402      1420
      4887       112         2         1         7         6
      1411      1402      1420      1412      1403      1421
      4888       112         2         1         7         6
      1412      1403      1421      1413      1404      1422
      4889       112         2         1         7         6
      1413      1404      1422      1414      1405      1423
      4890       112         2         1         7         6
      1414      1405      1423      1415      1406      1424
      4891       112         2         1         7         6
      1415      1406      1424      1416      1407      1425
      4892       112         2         1         7         6
      1416      1407      1425      1417      1408      1426
      4893       112         2         1         7         6
      1417      1408      1426       730       729       731
    -1
    -1
  2467
         1         0         0         0         0         0         0         6
outletCentralUnloaded
         8         7         0         0         8         8         0         0
         8         9         0         0         8        10         0         0
         8        11         0         0         8        12         0         0
         2         0         0         0         0         0         0       150
centralUnloadedFuelElement
         8       163         0         0         8       164         0         0
         8       165         0         0         8       166         0         0
         8       167         0         0         8       168         0         0
         8       169         0         0         8       170         0         0
         8       171         0         0         8       172         0         0
         8       173         0         0         8       174         0         0
         8       175         0         0         8       176         0         0
         8       177         0         0         8       178         0         0
         8       179         0         0         8       180         0         0
         8       181         0         0         8       182         0         0
         8       183         0         0         8       184         0         0
         8       185         0         0         8       186         0         0
         8       187         0         0         8       188         0         0
         8       189         0         0         8       190         0         0
         8       191         0         0         8       192         0         0
         8       193         0         0         8       194         0         0
         8       195         0         0         8       196         0         0
         8       197         0         0         8       198         0         0
         8       199         0         0         8       200         0         0
         8       201         0         0         8       202         0         0
         8       203         0         0         8       204         0         0
         8       205         0         0         8       206         0         0
         8       207         0         0         8       208         0         0
         8       209         0         0         8       210         0         0
         8       211         0         0         8       212         0         0
         8       213         0         0         8       214         0         0
         8       215         0         0         8       216         0         0
         8       217         0         0         8       218         0         0
         8       219         0         0         8       220         0         0
         8       221         0         0         8       222         0         0
         8       223         0         0         8       224         0         0
         8       225         0         0         8       226         0         0
         8       227         0         0         8       228         0         0
         8       229         0         0         8       230         0         0
         8       231         0         0         8       232         0         0
         8       233         0         0         8       234         0         0
         8       235         0         0         8       236         0         0
         8       237         0         0         8       238         0         0
         8       239         0         0         8       240         0         0
         8       241         0         0         8       242         0         0
         8       243         0         0         8       244         0         0
         8       245         0         0         8       246         0         0
         8       247         0         0         8       248         0         0
         8       249         0         0         8       250         0         0
         8       251         0         0         8       252         0         0
         8       253         0         0         8       254         0         0
         8       255         0         0         8       256         0         0
         8       257         0         0         8       258         0         0
         8       259         0         0         8       260         0         0
         8       261         0         0         8       262         0         0
         8       263         0         0         8       264         0         0
         8       265         0         0         8       266         0         0
         8       267         0         0         8       268         0         0
         8       269         0         0         8       270         0         0
         8       271         0         0         8       272         0         0
         8       273         0         0         8       274         0         0
         8       275         0         0         8       276         0         0
         8       277         0         0         8       278         0         0
         8       279         0         0         8       280         0         0
         8       281         0         0         8       282         0         0
         8       283         0         0         8       284         0         0
         8       285         0         0         8       286         0         0
         8       287         0         0         8       288         0         0
         8       289         0         0         8       290         0         0
         8       291         0         0         8       292         0         0
         8       293         0         0         8       294         0         0
         8       295         0         0         8       296         0         0
         8       297         0         0         8       298         0         0
         8       299         0         0         8       300         0         0
         8       301         0         0         8       302         0         0
         8       303         0         0         8       304         0         0
         8       305         0         0         8       306         0         0
         8       307         0         0         8       308         0         0
         8       309         0         0         8       310         0         0
         8       311         0         0         8       312         0         0
         3         0         0         0         0         0         0         6
inletCentralUnloaded
         8       494         0         0         8       495         0         0
         8       496         0         0         8       497         0         0
         8       498         0         0         8       499         0         0
         4         0         0         0         0         0         0       150
baffle
         8        13         0         0         8        14         0         0
         8        15         0         0         8        16         0         0
         8        17         0         0         8        18         0         0
         8        19         0         0         8        20         0         0
         8        21         0         0         8        22         0         0
         8        23         0         0         8        24         0         0
         8        25         0         0         8        26         0         0
         8        27         0         0         8        28         0         0
         8        29         0         0         8        30         0         0
         8        31         0         0         8        32         0         0
         8        33         0         0         8        34         0         0
         8        35         0         0         8        36         0         0
         8        37         0         0         8        38         0         0
         8        39         0         0         8        40         0         0
         8        41         0         0         8        42         0         0
         8        43         0         0         8        44         0         0
         8        45         0         0         8        46         0         0
         8        47         0         0         8        48         0         0
         8        49         0         0         8        50         0         0
         8        51         0         0         8        52         0         0
         8        53         0         0         8        54         0         0
         8        55         0         0         8        56         0         0
         8        57         0         0         8        58         0         0
         8        59         0         0         8        60         0         0
         8        61         0         0         8        62         0         0
         8        63         0         0         8        64         0         0
         8        65         0         0         8        66         0         0
         8        67         0         0         8        68         0         0
         8        69         0         0         8        70         0         0
         8        71         0         0         8        72         0         0
         8        73         0         0         8        74         0         0
         8        75         0         0         8        76         0         0
         8        77         0         0         8        78         0         0
         8        79         0         0         8        80         0         0
         8        81         0         0         8        82         0         0
         8        83         0         0         8        84         0         0
         8        85         0         0         8        86         0         0
         8        87         0         0         8        88         0         0
         8        89         0         0         8        90         0         0
         8        91         0         0         8        92         0         0
         8        93         0         0         8        94         0         0
         8        95         0         0         8        96         0         0
         8        97         0         0         8        98         0         0
         8        99         0         0         8       100         0         0
         8       101         0         0         8       102         0         0
         8       103         0         0         8       104         0         0
         8       105         0         0         8       106         0         0
         8       107         0         0         8       108         0         0
         8       109         0         0         8       110         0         0
         8       111         0         0         8       112         0         0
         8       113         0         0         8       114         0         0
         8       115         0         0         8       116         0         0
         8       117         0         0         8       118         0         0
         8       119         0         0         8       120         0         0
         8       121         0         0         8       122         0         0
         8       123         0         0         8       124         0         0
         8       125         0         0         8       126         0         0
         8       127         0         0         8       128         0         0
         8       129         0         0         8       130         0         0
         8       131         0         0         8       132         0         0
         8       133         0         0         8       134         0         0
         8       135         0         0         8       136         0         0
         8       137         0         0         8       138         0         0
         8       139         0         0         8       140         0         0
         8       141         0         0         8       142         0         0
         8       143         0         0         8       144         0         0
         8       145         0         0         8       146         0         0
         8       147         0         0         8       148         0         0
         8       149         0         0         8       150         0         0
         8       151         0         0         8       152         0         0
         8       153         0         0         8       154         0         0
         8       155         0         0         8       156         0         0
         8       157         0         0         8       158         0         0
         8       159         0         0         8       160         0         0
         8       161         0         0         8       162         0         0
         5         0         0         0         0         0         0        36
outletFuelElement
         8       505         0         0         8       506         0         0
         8       507         0         0         8       508         0         0
         8       509         0         0         8       510         0         0
         8       926         0         0         8       927         0         0
         8       928         0         0         8       929         0         0
         8       930         0         0         8       931         0         0
         8      1296         0         0         8      1297         0         0
         8      1298         0         0         8      1299         0         0
         8      1300         0         0         8      1301         0         0
         8      1666         0         0         8      1667         0         0
         8      1668         0         0         8      1669         0         0
         8      1670         0         0         8      1671         0         0
         8      2036         0         0         8      2037         0         0
         8      2038         0         0         8      2039         0         0
         8      2040         0         0         8      2041         0         0
         8      2405         0         0         8      2406         0         0
         8      2407         0         0         8      2408         0         0
         8      2409         0         0         8      2410         0         0
         6         0         0         0         0         0         0       900
fuelElement
         8       636         0         0         8       637         0         0
         8       638         0         0         8       639         0         0
         8       640         0         0         8       641         0         0
         8       642         0         0         8       643         0         0
         8       644         0         0         8       645         0         0
         8       646         0         0         8       647         0         0
         8       648         0         0         8       649         0         0
         8       650         0         0         8       651         0         0
         8       652         0         0         8       653         0         0
         8       654         0         0         8       655         0         0
         8       656         0         0         8       657         0         0
         8       658         0         0         8       659         0         0
         8       660         0         0         8       661         0         0
         8       662         0         0         8       663         0         0
         8       664         0         0         8       665         0         0
         8       666         0         0         8       667         0         0
         8       668         0         0         8       669         0         0
         8       670         0         0         8       671         0         0
         8       672         0         0         8       673         0         0
         8       674         0         0         8       675         0         0
         8       676         0         0         8       677         0         0
         8       678         0         0         8       679         0         0
         8       680         0         0         8       681         0         0
         8       682         0         0         8       683         0         0
         8       684         0         0         8       685         0         0
         8       686         0         0         8       687         0         0
         8       688         0         0         8       689         0         0
         8       690         0         0         8       691         0         0
         8       692         0         0         8       693         0         0
         8       694         0         0         8       695         0         0
         8       696         0         0         8       697         0         0
         8       698         0         0         8       699         0         0
         8       700         0         0         8       701         0         0
         8       702         0         0         8       703         0         0
         8       704         0         0         8       705         0         0
         8       706         0         0         8       707         0         0
         8       708         0         0         8       709         0         0
         8       710         0         0         8       711         0         0
         8       712         0         0         8       713         0         0
         8       714         0         0         8       715         0         0
         8       716         0         0         8       717         0         0
         8       718         0         0         8       719         0         0
         8       720         0         0         8       721         0         0
         8       722         0         0         8       723         0         0
         8       724         0         0         8       725         0         0
         8       726         0         0         8       727         0         0
         8       728         0         0         8       729         0         0
         8       730         0         0         8       731         0         0
         8       732         0         0         8       733         0         0
         8       734         0         0         8       735         0         0
         8       736         0         0         8       737         0         0
         8       738         0         0         8       739         0         0
         8       740         0         0         8       741         0         0
         8       742         0         0         8       743         0         0
         8       744         0         0         8       745         0         0
         8       746         0         0         8       747         0         0
         8       748         0         0         8       749         0         0
         8       750         0         0         8       751         0         0
         8       752         0         0         8       753         0         0
         8       754         0         0         8       755         0         0
         8       756         0         0         8       757         0         0
         8       758         0         0         8       759         0         0
         8       760         0         0         8       761         0         0
         8       762         0         0         8       763         0         0
         8       764         0         0         8       765         0         0
         8       766         0         0         8       767         0         0
         8       768         0         0         8       769         0         0
         8       770         0         0         8       771         0         0
         8       772         0         0         8       773         0         0
         8       774         0         0         8       775         0         0
         8       776         0         0         8       777         0         0
         8       778         0         0         8       779         0         0
         8       780         0         0         8       781         0         0
         8       782         0         0         8       783         0         0
         8       784         0         0         8       785         0         0
         8      1032         0         0         8      1033         0         0
         8      1034         0         0         8      1035         0         0
         8      1036         0         0         8      1037         0         0
         8      1038         0         0         8      1039         0         0
         8      1040         0         0         8      1041         0         0
         8      1042         0         0         8      1043         0         0
         8      1044         0         0         8      1045         0         0
         8      1046         0         0         8      1047         0         0
         8      1048         0         0         8      1049         0         0
         8      1050         0         0         8      1051         0         0
         8      1052         0         0         8      1053         0         0
         8      1054         0         0         8      1055         0         0
         8      1056         0         0         8      1057         0         0
         8      1058         0         0         8      1059         0         0
         8      1060         0         0         8      1061         0         0
         8      1062         0         0         8      1063         0         0
         8      1064         0         0         8      1065         0         0
         8      1066         0         0         8      1067         0         0
         8      1068         0         0         8      1069         0         0
         8      1070         0         0         8      1071         0         0
         8      1072         0         0         8      1073         0         0
         8      1074         0         0         8      1075         0         0
         8      1076         0         0         8      1077         0         0
         8      1078         0         0         8      1079         0         0
         8      1080         0         0         8      1081         0         0
         8      1082         0         0         8      1083         0         0
         8      1084         0         0         8      1085         0         0
         8      1086         0         0         8      1087         0         0
         8      1088         0         0         8      1089         0         0
         8      1090         0         0         8      1091         0         0
         8      1092         0         0         8      1093         0         0
         8      1094         0         0         8      1095         0         0
         8      1096         0         0         8      1097         0         0
         8      1098         0         0         8      1099         0         0
         8      1100         0         0         8      1101         0         0
         8      1102         0         0         8      1103         0         0
         8      1104         0         0         8      1105         0         0
         8      1106         0         0         8      1107         0         0
         8      1108         0         0         8      1109         0         0
         8      1110         0         0         8      1111         0         0
         8      1112         0         0         8      1113         0         0
         8      1114         0         0         8      1115         0         0
         8      1116         0         0         8      1117         0         0
         8      1118         0         0         8      1119         0         0
         8      1120         0         0         8      1121         0         0
         8      1122         0         0         8      1123         0         0
         8      1124         0         0         8      1125         0         0
         8      1126         0         0         8      1127         0         0
         8      1128         0         0         8      1129         0         0
         8      1130         0         0         8      1131         0         0
         8      1132         0         0         8      1133         0         0
         8      1134         0         0         8      1135         0         0
         8      1136         0         0         8      1137         0         0
         8      1138         0         0         8      1139         0         0
         8      1140         0         0         8      1141         0         0
         8      1142         0         0         8      1143         0         0
         8      1144         0         0         8      1145         0         0
         8      1146         0         0         8      1147         0         0
         8      1148         0         0         8      1149         0         0
         8      1150         0         0         8      1151         0         0
         8      1152         0         0         8      1153         0         0
         8      1154         0         0         8      1155         0         0
         8      1156         0         0         8      1157         0         0
         8      1158         0         0         8      1159         0         0
         8      1160         0         0         8      1161         0         0
         8      1162         0         0         8      1163         0         0
         8      1164         0         0         8      1165         0         0
         8      1166         0         0         8      1167         0         0
         8      1168         0         0         8      1169         0         0
         8      1170         0         0         8      1171         0         0
         8      1172         0         0         8      1173         0         0
         8      1174         0         0         8      1175         0         0
         8      1176         0         0         8      1177         0         0
         8      1178         0         0         8      1179         0         0
         8      1180         0         0         8      1181         0         0
         8      1402         0         0         8      1403         0         0
         8      1404         0         0         8      1405         0         0
         8      1406         0         0         8      1407         0         0
         8      1408         0         0         8      1409         0         0
         8      1410         0         0         8      1411         0         0
         8      1412         0         0         8      1413         0         0
         8      1414         0         0         8      1415         0         0
         8      1416         0         0         8      1417         0         0
         8      1418         0         0         8      1419         0         0
         8      1420         0         0         8      1421         0         0
         8      1422         0         0         8      1423         0         0
         8      1424         0         0         8      1425         0         0
         8      1426         0         0         8      1427         0         0
         8      1428         0         0         8      1429         0         0
         8      1430         0         0         8      1431         0         0
         8      1432         0         0         8      1433         0         0
         8      1434         0         0         8      1435         0         0
         8      1436         0         0         8      1437         0         0
         8      1438         0         0         8      1439         0         0
         8      1440         0         0         8      1441         0         0
         8      1442         0         0         8      1443         0         0
         8      1444         0         0         8      1445         0         0
         8      1446         0         0         8      1447         0         0
         8      1448         0         0         8      1449         0         0
         8      1450         0         0         8      1451         0         0
         8      1452         0         0         8      1453         0         0
         8      1454         0         0         8      1455         0         0
         8      1456         0         0         8      1457         0         0
         8      1458         0         0         8      1459         0         0
         8      1460         0         0         8      1461         0         0
         8      1462         0         0         8      1463         0         0
         8      1464         0         0         8      1465         0         0
         8      1466         0         0         8      1467         0         0
         8      1468         0         0         8      1469         0         0
         8      1470         0         0         8      1471         0         0
         8      1472         0         0         8      1473         0         0
         8      1474         0         0         8      1475         0         0
         8      1476         0         0         8      1477         0         0
         8      1478         0         0         8      1479         0         0
         8      1480         0         0         8      1481         0         0
         8      1482         0         0         8      1483         0         0
         8      1484         0         0         8      1485         0         0
         8      1486         0         0         8      1487         0         0
         8      1488         0         0         8      1489         0         0
         8      1490         0         0         8      1491         0         0
         8      1492         0         0         8      1493         0         0
         8      1494         0         0         8      1495         0         0
         8      1496         0         0         8      1497         0         0
         8      1498         0         0         8      1499         0         0
         8      1500         0         0         8      1501         0         0
         8      1502         0         0         8      1503         0         0
         8      1504         0         0         8      1505         0         0
         8      1506         0         0         8      1507         0         0
         8      1508         0         0         8      1509         0         0
         8      1510         0         0         8      1511         0         0
         8      1512         0         0         8      1513         0         0
         8      1514         0         0         8      1515         0         0
         8      1516         0         0         8      1517         0         0
         8      1518         0         0         8      1519         0         0
         8      1520         0         0         8      1521         0         0
         8      1522         0         0         8      1523         0         0
         8      1524         0         0         8      1525         0         0
         8      1526         0         0         8      1527         0         0
         8      1528         0         0         8      1529         0         0
         8      1530         0         0         8      1531         0         0
         8      1532         0         0         8      1533         0         0
         8      1534         0         0         8      1535         0         0
         8      1536         0         0         8      1537         0         0
         8      1538         0         0         8      1539         0         0
         8      1540         0         0         8      1541         0         0
         8      1542         0         0         8      1543         0         0
         8      1544         0         0         8      1545         0         0
         8      1546         0         0         8      1547         0         0
         8      1548         0         0         8      1549         0         0
         8      1550         0         0         8      1551         0         0
         8      1772         0         0         8      1773         0         0
         8      1774         0         0         8      1775         0         0
         8      1776         0         0         8      1777         0         0
         8      1778         0         0         8      1779         0         0
         8      1780         0         0         8      1781         0         0
         8      1782         0         0         8      1783         0         0
         8      1784         0         0         8      1785         0         0
         8      1786         0         0         8      1787         0         0
         8      1788         0         0         8      1789         0         0
         8      1790         0         0         8      1791         0         0
         8      1792         0         0         8      1793         0         0
         8      1794         0         0         8      1795         0         0
         8      1796         0         0         8      1797         0         0
         8      1798         0         0         8      1799         0         0
         8      1800         0         0         8      1801         0         0
         8      1802         0         0         8      1803         0         0
         8      1804         0         0         8      1805         0         0
         8      1806         0         0         8      1807         0         0
         8      1808         0         0         8      1809         0         0
         8      1810         0         0         8      1811         0         0
         8      1812         0         0         8      1813         0         0
         8      1814         0         0         8      1815         0         0
         8      1816         0         0         8      1817         0         0
         8      1818         0         0         8      1819         0         0
         8      1820         0         0         8      1821         0         0
         8      1822         0         0         8      1823         0         0
         8      1824         0         0         8      1825         0         0
         8      1826         0         0         8      1827         0         0
         8      1828         0         0         8      1829         0         0
         8      1830         0         0         8      1831         0         0
         8      1832         0         0         8      1833         0         0
         8      1834         0         0         8      1835         0         0
         8      1836         0         0         8      1837         0         0
         8      1838         0         0         8      1839         0         0
         8      1840         0         0         8      1841         0         0
         8      1842         0         0         8      1843         0         0
         8      1844         0         0         8      1845         0         0
         8      1846         0         0         8      1847         0         0
         8      1848         0         0         8      1849         0         0
         8      1850         0         0         8      1851         0         0
         8      1852         0         0         8      1853         0         0
         8      1854         0         0         8      1855         0         0
         8      1856         0         0         8      1857         0         0
         8      1858         0         0         8      1859         0         0
         8      1860         0         0         8      1861         0         0
         8      1862         0         0         8      1863         0         0
         8      1864         0         0         8      1865         0         0
         8      1866         0         0         8      1867         0         0
         8      1868         0         0         8      1869         0         0
         8      1870         0         0         8      1871         0         0
         8      1872         0         0         8      1873         0         0
         8      1874         0         0         8      1875         0         0
         8      1876         0         0         8      1877         0         0
         8      1878         0         0         8      1879         0         0
         8      1880         0         0         8      1881         0         0
         8      1882         0         0         8      1883         0         0
         8      1884         0         0         8      1885         0         0
         8      1886         0         0         8      1887         0         0
         8      1888         0         0         8      1889         0         0
         8      1890         0         0         8      1891         0         0
         8      1892         0         0         8      1893         0         0
         8      1894         0         0         8      1895         0         0
         8      1896         0         0         8      1897         0         0
         8      1898         0         0         8      1899         0         0
         8      1900         0         0         8      1901         0         0
         8      1902         0         0         8      1903         0         0
         8      1904         0         0         8      1905         0         0
         8      1906         0         0         8      1907         0         0
         8      1908         0         0         8      1909         0         0
         8      1910         0         0         8      1911         0         0
         8      1912         0         0         8      1913         0         0
         8      1914         0         0         8      1915         0         0
         8      1916         0         0         8      1917         0         0
         8      1918         0         0         8      1919         0         0
         8      1920         0         0         8      1921         0         0
         8      2142         0         0         8      2143         0         0
         8      2144         0         0         8      2145         0         0
         8      2146         0         0         8      2147         0         0
         8      2148         0         0         8      2149         0         0
         8      2150         0         0         8      2151         0         0
         8      2152         0         0         8      2153         0         0
         8      2154         0         0         8      2155         0         0
         8      2156         0         0         8      2157         0         0
         8      2158         0         0         8      2159         0         0
         8      2160         0         0         8      2161         0         0
         8      2162         0         0         8      2163         0         0
         8      2164         0         0         8      2165         0         0
         8      2166         0         0         8      2167         0         0
         8      2168         0         0         8      2169         0         0
         8      2170         0         0         8      2171         0         0
         8      2172         0         0         8      2173         0         0
         8      2174         0         0         8      2175         0         0
         8      2176         0         0         8      2177         0         0
         8      2178         0         0         8      2179         0         0
         8      2180         0         0         8      2181         0         0
         8      2182         0         0         8      2183         0         0
         8      2184         0         0         8      2185         0         0
         8      2186         0         0         8      2187         0         0
         8      2188         0         0         8      2189         0         0
         8      2190         0         0         8      2191         0         0
         8      2192         0         0         8      2193         0         0
         8      2194         0         0         8      2195         0         0
         8      2196         0         0         8      2197         0         0
         8      2198         0         0         8      2199         0         0
         8      2200         0         0         8      2201         0         0
         8      2202         0         0         8      2203         0         0
         8      2204         0         0         8      2205         0         0
         8      2206         0         0         8      2207         0         0
         8      2208         0         0         8      2209         0         0
         8      2210         0         0         8      2211         0         0
         8      2212         0         0         8      2213         0         0
         8      2214         0         0         8      2215         0         0
         8      2216         0         0         8      2217         0         0
         8      2218         0         0         8      2219         0         0
         8      2220         0         0         8      2221         0         0
         8      2222         0         0         8      2223         0         0
         8      2224         0         0         8      2225         0         0
         8      2226         0         0         8      2227         0         0
         8      2228         0         0         8      2229         0         0
         8      2230         0         0         8      2231         0         0
         8      2232         0         0         8      2233         0         0
         8      2234         0         0         8      2235         0         0
         8      2236         0         0         8      2237         0         0
         8      2238         0         0         8      2239         0         0
         8      2240         0         0         8      2241         0         0
         8      2242         0         0         8      2243         0         0
         8      2244         0         0         8      2245         0         0
         8      2246         0         0         8      2247         0         0
         8      2248         0         0         8      2249         0         0
         8      2250         0         0         8      2251         0         0
         8      2252         0         0         8      2253         0         0
         8      2254         0         0         8      2255         0         0
         8      2256         0         0         8      2257         0         0
         8      2258         0         0         8      2259         0         0
         8      2260         0         0         8      2261         0         0
         8      2262         0         0         8      2263         0         0
         8      2264         0         0         8      2265         0         0
         8      2266         0         0         8      2267         0         0
         8      2268         0         0         8      2269         0         0
         8      2270         0         0         8      2271         0         0
         8      2272         0         0         8      2273         0         0
         8      2274         0         0         8      2275         0         0
         8      2276         0         0         8      2277         0         0
         8      2278         0         0         8      2279         0         0
         8      2280         0         0         8      2281         0         0
         8      2282         0         0         8      2283         0         0
         8      2284         0         0         8      2285         0         0
         8      2286         0         0         8      2287         0         0
         8      2288         0         0         8      2289         0         0
         8      2290         0         0         8      2291         0         0
         8      2486         0         0         8      2487         0         0
         8      2488         0         0         8      2489         0         0
         8      2490         0         0         8      2491         0         0
         8      2492         0         0         8      2493         0         0
         8      2494         0         0         8      2495         0         0
         8      2496         0         0         8      2497         0         0
         8      2498         0         0         8      2499         0         0
         8      2500         0         0         8      2501         0         0
         8      2502         0         0         8      2503         0         0
         8      2504         0         0         8      2505         0         0
         8      2506         0         0         8      2507         0         0
         8      2508         0         0         8      2509         0         0
         8      2510         0         0         8      2511         0         0
         8      2512         0         0         8      2513         0         0
         8      2514         0         0         8      2515         0         0
         8      2516         0         0         8      2517         0         0
         8      2518         0         0         8      2519         0         0
         8      2520         0         0         8      2521         0         0
         8      2522         0         0         8      2523         0         0
         8      2524         0         0         8      2525         0         0
         8      2526         0         0         8      2527         0         0
         8      2528         0         0         8      2529         0         0
         8      2530         0         0         8      2531         0         0
         8      2532         0         0         8      2533         0         0
         8      2534         0         0         8      2535         0         0
         8      2536         0         0         8      2537         0         0
         8      2538         0         0         8      2539         0         0
         8      2540         0         0         8      2541         0         0
         8      2542         0         0         8      2543         0         0
         8      2544         0         0         8      2545         0         0
         8      2546         0         0         8      2547         0         0
         8      2548         0         0         8      2549         0         0
         8      2550         0         0         8      2551         0         0
         8      2552         0         0         8      2553         0         0
         8      2554         0         0         8      2555         0         0
         8      2556         0         0         8      2557         0         0
         8      2558         0         0         8      2559         0         0
         8      2560         0         0         8      2561         0         0
         8      2562         0         0         8      2563         0         0
         8      2564         0         0         8      2565         0         0
         8      2566         0         0         8      2567         0         0
         8      2568         0         0         8      2569         0         0
         8      2570         0         0         8      2571         0         0
         8      2572         0         0         8      2573         0         0
         8      2574         0         0         8      2575         0         0
         8      2576         0         0         8      2577         0         0
         8      2578         0         0         8      2579         0         0
         8      2580         0         0         8      2581         0         0
         8      2582         0         0         8      2583         0         0
         8      2584         0         0         8      2585         0         0
         8      2586         0         0         8      2587         0         0
         8      2588         0         0         8      2589         0         0
         8      2590         0         0         8      2591         0         0
         8      2592         0         0         8      2593         0         0
         8      2594         0         0         8      2595         0         0
         8      2596         0         0         8      2597         0         0
         8      2598         0         0         8      2599         0         0
         8      2600         0         0         8      2601         0         0
         8      2602         0         0         8      2603         0         0
         8      2604         0         0         8      2605         0         0
         8      2606         0         0         8      2607         0         0
         8      2608         0         0         8      2609         0         0
         8      2610         0         0         8      2611         0         0
         8      2612         0         0         8      2613         0         0
         8      2614         0         0         8      2615         0         0
         8      2616         0         0         8      2617         0         0
         8      2618         0         0         8      2619         0         0
         8      2620         0         0         8      2621         0         0
         8      2622         0         0         8      2623         0         0
         8      2624         0         0         8      2625         0         0
         8      2626         0         0         8      2627         0         0
         8      2628         0         0         8      2629         0         0
         8      2630         0         0         8      2631         0         0
         8      2632         0         0         8      2633         0         0
         8      2634         0         0         8      2635         0         0
         7         0         0         0         0         0         0        36
inletFuelElement
         8       916         0         0         8       917         0         0
         8       918         0         0         8       919         0         0
         8       920         0         0         8       921         0         0
         8      1286         0         0         8      1287         0         0
         8      1288         0         0         8      1289         0         0
         8      1290         0         0         8      1291         0         0
         8      1656         0         0         8      1657         0         0
         8      1658         0         0         8      1659         0         0
         8      1660         0         0         8      1661         0         0
         8      2026         0         0         8      2027         0         0
         8      2028         0         0         8      2029         0         0
         8      2030         0         0         8      2031         0         0
         8      2396         0         0         8      2397         0         0
         8      2398         0         0         8      2399         0         0
         8      2400         0         0         8      2401         0         0
         8      2714         0         0         8      2715         0         0
         8      2716         0         0         8      2717         0         0
         8      2718         0         0         8      2719         0         0
         8         0         0         0         0         0         0       420
upperPlenum
         8      3133         0         0         8      3134         0         0
         8      3135         0         0         8      3136         0         0
         8      3137         0         0         8      3138         0         0
         8      3139         0         0         8      3140         0         0
         8      3141         0         0         8      3142         0         0
         8      3143         0         0         8      3144         0         0
         8      3145         0         0         8      3146         0         0
         8      3147         0         0         8      3148         0         0
         8      3149         0         0         8      3150         0         0
         8      3151         0         0         8      3152         0         0
         8      3153         0         0         8      3154         0         0
         8      3155         0         0         8      3156         0         0
         8      3157         0         0         8      3158         0         0
         8      3159         0         0         8      3160         0         0
         8      3161         0         0         8      3162         0         0
         8      3163         0         0         8      3164         0         0
         8      3165         0         0         8      3166         0         0
         8      3167         0         0         8      3168         0         0
         8      3169         0         0         8      3170         0         0
         8      3171         0         0         8      3172         0         0
         8      3173         0         0         8      3174         0         0
         8      3175         0         0         8      3176         0         0
         8      3177         0         0         8      3178         0         0
         8      3179         0         0         8      3180         0         0
         8      3181         0         0         8      3182         0         0
         8      3183         0         0         8      3184         0         0
         8      3185         0         0         8      3186         0         0
         8      3187         0         0         8      3188         0         0
         8      3189         0         0         8      3190         0         0
         8      3191         0         0         8      3192         0         0
         8      3283         0         0         8      3284         0         0
         8      3285         0         0         8      3286         0         0
         8      3287         0         0         8      3288         0         0
         8      3289         0         0         8      3290         0         0
         8      3291         0         0         8      3292         0         0
         8      3293         0         0         8      3294         0         0
         8      3295         0         0         8      3296         0         0
         8      3297         0         0         8      3298         0         0
         8      3299         0         0         8      3300         0         0
         8      3301         0         0         8      3302         0         0
         8      3303         0         0         8      3304         0         0
         8      3305         0         0         8      3306         0         0
         8      3307         0         0         8      3308         0         0
         8      3309         0         0         8      3310         0         0
         8      3311         0         0         8      3312         0         0
         8      3313         0         0         8      3314         0         0
         8      3315         0         0         8      3316         0         0
         8      3317         0         0         8      3318         0         0
         8      3319         0         0         8      3320         0         0
         8      3321         0         0         8      3322         0         0
         8      3323         0         0         8      3324         0         0
         8      3325         0         0         8      3326         0         0
         8      3327         0         0         8      3328         0         0
         8      3329         0         0         8      3330         0         0
         8      3331         0         0         8      3332         0         0
         8      3333         0         0         8      3334         0         0
         8      3335         0         0         8      3336         0         0
         8      3337         0         0         8      3338         0         0
         8      3339         0         0         8      3340         0         0
         8      3341         0         0         8      3342         0         0
         8      3433         0         0         8      3434         0         0
         8      3435         0         0         8      3436         0         0
         8      3437         0         0         8      3438         0         0
         8      3439         0         0         8      3440         0         0
         8      3441         0         0         8      3442         0         0
         8      3443         0         0         8      3444         0         0
         8      3445         0         0         8      3446         0         0
         8      3447         0         0         8      3448         0         0
         8      3449         0         0         8      3450         0         0
         8      3451         0         0         8      3452         0         0
         8      3453         0         0         8      3454         0         0
         8      3455         0         0         8      3456         0         0
         8      3457         0         0         8      3458         0         0
         8      3459         0         0         8      3460         0         0
         8      3461         0         0         8      3462         0         0
         8      3463         0         0         8      3464         0         0
         8      3465         0         0         8      3466         0         0
         8      3467         0         0         8      3468         0         0
         8      3469         0         0         8      3470         0         0
         8      3471         0         0         8      3472         0         0
         8      3473         0         0         8      3474         0         0
         8      3475         0         0         8      3476         0         0
         8      3477         0         0         8      3478         0         0
         8      3479         0         0         8      3480         0         0
         8      3481         0         0         8      3482         0         0
         8      3483         0         0         8      3484         0         0
         8      3485         0         0         8      3486         0         0
         8      3487         0         0         8      3488         0         0
         8      3489         0         0         8      3490         0         0
         8      3491         0         0         8      3492         0         0
         8      3583         0         0         8      3584         0         0
         8      3585         0         0         8      3586         0         0
         8      3587         0         0         8      3588         0         0
         8      3589         0         0         8      3590         0         0
         8      3591         0         0         8      3592         0         0
         8      3593         0         0         8      3594         0         0
         8      3595         0         0         8      3596         0         0
         8      3597         0         0         8      3598         0         0
         8      3599         0         0         8      3600         0         0
         8      3601         0         0         8      3602         0         0
         8      3603         0         0         8      3604         0         0
         8      3605         0         0         8      3606         0         0
         8      3607         0         0         8      3608         0         0
         8      3609         0         0         8      3610         0         0
         8      3611         0         0         8      3612         0         0
         8      3613         0         0         8      3614         0         0
         8      3615         0         0         8      3616         0         0
         8      3617         0         0         8      3618         0         0
         8      3619         0         0         8      3620         0         0
         8      3621         0         0         8      3622         0         0
         8      3623         0         0         8      3624         0         0
         8      3625         0         0         8      3626         0         0
         8      3627         0         0         8      3628         0         0
         8      3629         0         0         8      3630         0         0
         8      3631         0         0         8      3632         0         0
         8      3633         0         0         8      3634         0         0
         8      3635         0         0         8      3636         0         0
         8      3637         0         0         8      3638         0         0
         8      3639         0         0         8      3640         0         0
         8      3641         0         0         8      3642         0         0
         8      3723         0         0         8      3724         0         0
         8      3725         0         0         8      3726         0         0
         8      3727         0         0         8      3728         0         0
         8      3729         0         0         8      3730         0         0
         8      3731         0         0         8      3732         0         0
         8      3733         0         0         8      3734         0         0
         8      3735         0         0         8      3736         0         0
         8      3737         0         0         8      3738         0         0
         8      3739         0         0         8      3740         0         0
         8      3741         0         0         8      3742         0         0
         8      3743         0         0         8      3744         0         0
         8      3745         0         0         8      3746         0         0
         8      3747         0         0         8      3748         0         0
         8      3749         0         0         8      3750         0         0
         8      3751         0         0         8      3752         0         0
         8      3753         0         0         8      3754         0         0
         8      3755         0         0         8      3756         0         0
         8      3757         0         0         8      3758         0         0
         8      3759         0         0         8      3760         0         0
         8      3761         0         0         8      3762         0         0
         8      3763         0         0         8      3764         0         0
         8      3765         0         0         8      3766         0         0
         8      3767         0         0         8      3768         0         0
         8      3769         0         0         8      3770         0         0
         8      3771         0         0         8      3772         0         0
         8      3773         0         0         8      3774         0         0
         8      3775         0         0         8      3776         0         0
         8      3777         0         0         8      3778         0         0
         8      3779         0         0         8      3780         0         0
         8      3781         0         0         8      3782         0         0
         8      2780         0         0         8      2781         0         0
         8      2782         0         0         8      2783         0         0
         8      2784         0         0         8      2785         0         0
         8      2786         0         0         8      2787         0         0
         8      2788         0         0         8      2789         0         0
         8      2790         0         0         8      2791         0         0
         8      2792         0         0         8      2793         0         0
         8      2794         0         0         8      2795         0         0
         8      2796         0         0         8      2797         0         0
         8      2798         0         0         8      2799         0         0
         8      2800         0         0         8      2801         0         0
         8      2802         0         0         8      2803         0         0
         8      2804         0         0         8      2805         0         0
         8      2806         0         0         8      2807         0         0
         8      2808         0         0         8      2809         0         0
         8      2810         0         0         8      2811         0         0
         8      2812         0         0         8      2813         0         0
         8      2814         0         0         8      2815         0         0
         8      2816         0         0         8      2817         0         0
         8      2818         0         0         8      2819         0         0
         8      2820         0         0         8      2821         0         0
         8      2822         0         0         8      2823         0         0
         8      2824         0         0         8      2825         0         0
         8      2826         0         0         8      2827         0         0
         8      2828         0         0         8      2829         0         0
         8      2830         0         0         8      2831         0         0
         8      2832         0         0         8      2833         0         0
         8      2834         0         0         8      2835         0         0
         8      2836         0         0         8      2837         0         0
         8      2838         0         0         8      2839         0         0
         8      2972         0         0         8      2973         0         0
         8      2974         0         0         8      2975         0         0
         8      2976         0         0         8      2977         0         0
         8      2978         0         0         8      2979         0         0
         8      2980         0         0         8      2981         0         0
         8      2982         0         0         8      2983         0         0
         8      2984         0         0         8      2985         0         0
         8      2986         0         0         8      2987         0         0
         8      2988         0         0         8      2989         0         0
         8      2990         0         0         8      2991         0         0
         8      2992         0         0         8      2993         0         0
         8      2994         0         0         8      2995         0         0
         8      2996         0         0         8      2997         0         0
         8      2998         0         0         8      2999         0         0
         8      3000         0         0         8      3001         0         0
         8      3002         0         0         8      3003         0         0
         8      3004         0         0         8      3005         0         0
         8      3006         0         0         8      3007         0         0
         8      3008         0         0         8      3009         0         0
         8      3010         0         0         8      3011         0         0
         8      3012         0         0         8      3013         0         0
         8      3014         0         0         8      3015         0         0
         8      3016         0         0         8      3017         0         0
         8      3018         0         0         8      3019         0         0
         8      3020         0         0         8      3021         0         0
         8      3022         0         0         8      3023         0         0
         8      3024         0         0         8      3025         0         0
         8      3026         0         0         8      3027         0         0
         8      3028         0         0         8      3029         0         0
         8      3030         0         0         8      3031         0         0
         9         0         0         0         0         0         0        42
inlet
         8      3087         0         0         8      3088         0         0
         8      3089         0         0         8      3090         0         0
         8      3091         0         0         8      3092         0         0
         8      3237         0         0         8      3238         0         0
         8      3239         0         0         8      3240         0         0
         8      3241         0         0         8      3242         0         0
         8      3387         0         0         8      3388         0         0
         8      3389         0         0         8      3390         0         0
         8      3391         0         0         8      3392         0         0
         8      3537         0         0         8      3538         0         0
         8      3539         0         0         8      3540         0         0
         8      3541         0         0         8      3542         0         0
         8      3687         0         0         8      3688         0         0
         8      3689         0         0         8      3690         0         0
         8      3691         0         0         8      3692         0         0
         8      3816         0         0         8      3817         0         0
         8      3818         0         0         8      3819         0         0
         8      3820         0         0         8      3821         0         0
         8      2916         0         0         8      2917         0         0
         8      2918         0         0         8      2919         0         0
         8      2920         0         0         8      2921         0         0
        10         0         0         0         0         0         0        42
outlet
         8      3828         0         0         8      3829         0         0
         8      3830         0         0         8      3831         0         0
         8      3832         0         0         8      3833         0         0
         8      4029         0         0         8      4030         0         0
         8      4031         0         0         8      4032         0         0
         8      4033         0         0         8      4034         0         0
         8      4199         0         0         8      4200         0         0
         8      4201         0         0         8      4202         0         0
         8      4203         0         0         8      4204         0         0
         8      4349         0         0         8      4350         0         0
         8      4351         0         0         8      4352         0         0
         8      4353         0         0         8      4354         0         0
         8      4499         0         0         8      4500         0         0
         8      4501         0         0         8      4502         0         0
         8      4503         0         0         8      4504         0         0
         8      4649         0         0         8      4650         0         0
         8      4651         0         0         8      4652         0         0
         8      4653         0         0         8      4654         0         0
         8      4798         0         0         8      4799         0         0
         8      4800         0         0         8      4801         0         0
         8      4802         0         0         8      4803         0         0
        11         0         0         0         0         0         0       420
lowerPlenum
         8      3894         0         0         8      3895         0         0
         8      3896         0         0         8      3897         0         0
         8      3898         0         0         8      3899         0         0
         8      3900         0         0         8      3901         0         0
         8      3902         0         0         8      3903         0         0
         8      3904         0         0         8      3905         0         0
         8      3906         0         0         8      3907         0         0
         8      3908         0         0         8      3909         0         0
         8      3910         0         0         8      3911         0         0
         8      3912         0         0         8      3913         0         0
         8      3914         0         0         8      3915         0         0
         8      3916         0         0         8      3917         0         0
         8      3918         0         0         8      3919         0         0
         8      3920         0         0         8      3921         0         0
         8      3922         0         0         8      3923         0         0
         8      3924         0         0         8      3925         0         0
         8      3926         0         0         8      3927         0         0
         8      3928         0         0         8      3929         0         0
         8      3930         0         0         8      3931         0         0
         8      3932         0         0         8      3933         0         0
         8      3934         0         0         8      3935         0         0
         8      3936         0         0         8      3937         0         0
         8      3938         0         0         8      3939         0         0
         8      3940         0         0         8      3941         0         0
         8      3942         0         0         8      3943         0         0
         8      3944         0         0         8      3945         0         0
         8      3946         0         0         8      3947         0         0
         8      3948         0         0         8      3949         0         0
         8      3950         0         0         8      3951         0         0
         8      3952         0         0         8      3953         0         0
         8      4085         0         0         8      4086         0         0
         8      4087         0         0         8      4088         0         0
         8      4089         0         0         8      4090         0         0
         8      4091         0         0         8      4092         0         0
         8      4093         0         0         8      4094         0         0
         8      4095         0         0         8      4096         0         0
         8      4097         0         0         8      4098         0         0
         8      4099         0         0         8      4100         0         0
         8      4101         0         0         8      4102         0         0
         8      4103         0         0         8      4104         0         0
         8      4105         0         0         8      4106         0         0
         8      4107         0         0         8      4108         0         0
         8      4109         0         0         8      4110         0         0
         8      4111         0         0         8      4112         0         0
         8      4113         0         0         8      4114         0         0
         8      4115         0         0         8      4116         0         0
         8      4117         0         0         8      4118         0         0
         8      4119         0         0         8      4120         0         0
         8      4121         0         0         8      4122         0         0
         8      4123         0         0         8      4124         0         0
         8      4125         0         0         8      4126         0         0
         8      4127         0         0         8      4128         0         0
         8      4129         0         0         8      4130         0         0
         8      4131         0         0         8      4132         0         0
         8      4133         0         0         8      4134         0         0
         8      4135         0         0         8      4136         0         0
         8      4137         0         0         8      4138         0         0
         8      4139         0         0         8      4140         0         0
         8      4141         0         0         8      4142         0         0
         8      4143         0         0         8      4144         0         0
         8      4245         0         0         8      4246         0         0
         8      4247         0         0         8      4248         0         0
         8      4249         0         0         8      4250         0         0
         8      4251         0         0         8      4252         0         0
         8      4253         0         0         8      4254         0         0
         8      4255         0         0         8      4256         0         0
         8      4257         0         0         8      4258         0         0
         8      4259         0         0         8      4260         0         0
         8      4261         0         0         8      4262         0         0
         8      4263         0         0         8      4264         0         0
         8      4265         0         0         8      4266         0         0
         8      4267         0         0         8      4268         0         0
         8      4269         0         0         8      4270         0         0
         8      4271         0         0         8      4272         0         0
         8      4273         0         0         8      4274         0         0
         8      4275         0         0         8      4276         0         0
         8      4277         0         0         8      4278         0         0
         8      4279         0         0         8      4280         0         0
         8      4281         0         0         8      4282         0         0
         8      4283         0         0         8      4284         0         0
         8      4285         0         0         8      4286         0         0
         8      4287         0         0         8      4288         0         0
         8      4289         0         0         8      4290         0         0
         8      4291         0         0         8      4292         0         0
         8      4293         0         0         8      4294         0         0
         8      4295         0         0         8      4296         0         0
         8      4297         0         0         8      4298         0         0
         8      4299         0         0         8      4300         0         0
         8      4301         0         0         8      4302         0         0
         8      4303         0         0         8      4304         0         0
         8      4395         0         0         8      4396         0         0
         8      4397         0         0         8      4398         0         0
         8      4399         0         0         8      4400         0         0
         8      4401         0         0         8      4402         0         0
         8      4403         0         0         8      4404         0         0
         8      4405         0         0         8      4406         0         0
         8      4407         0         0         8      4408         0         0
         8      4409         0         0         8      4410         0         0
         8      4411         0         0         8      4412         0         0
         8      4413         0         0         8      4414         0         0
         8      4415         0         0         8      4416         0         0
         8      4417         0         0         8      4418         0         0
         8      4419         0         0         8      4420         0         0
         8      4421         0         0         8      4422         0         0
         8      4423         0         0         8      4424         0         0
         8      4425         0         0         8      4426         0         0
         8      4427         0         0         8      4428         0         0
         8      4429         0         0         8      4430         0         0
         8      4431         0         0         8      4432         0         0
         8      4433         0         0         8      4434         0         0
         8      4435         0         0         8      4436         0         0
         8      4437         0         0         8      4438         0         0
         8      4439         0         0         8      4440         0         0
         8      4441         0         0         8      4442         0         0
         8      4443         0         0         8      4444         0         0
         8      4445         0         0         8      4446         0         0
         8      4447         0         0         8      4448         0         0
         8      4449         0         0         8      4450         0         0
         8      4451         0         0         8      4452         0         0
         8      4453         0         0         8      4454         0         0
         8      4545         0         0         8      4546         0         0
         8      4547         0         0         8      4548         0         0
         8      4549         0         0         8      4550         0         0
         8      4551         0         0         8      4552         0         0
         8      4553         0         0         8      4554         0         0
         8      4555         0         0         8      4556         0         0
         8      4557         0         0         8      4558         0         0
         8      4559         0         0         8      4560         0         0
         8      4561         0         0         8      4562         0         0
         8      4563         0         0         8      4564         0         0
         8      4565         0         0         8      4566         0         0
         8      4567         0         0         8      4568         0         0
         8      4569         0         0         8      4570         0         0
         8      4571         0         0         8      4572         0         0
         8      4573         0         0         8      4574         0         0
         8      4575         0         0         8      4576         0         0
         8      4577         0         0         8      4578         0         0
         8      4579         0         0         8      4580         0         0
         8      4581         0         0         8      4582         0         0
         8      4583         0         0         8      4584         0         0
         8      4585         0         0         8      4586         0         0
         8      4587         0         0         8      4588         0         0
         8      4589         0         0         8      4590         0         0
         8      4591         0         0         8      4592         0         0
         8      4593         0         0         8      4594         0         0
         8      4595         0         0         8      4596         0         0
         8      4597         0         0         8      4598         0         0
         8      4599         0         0         8      4600         0         0
         8      4601         0         0         8      4602         0         0
         8      4603         0         0         8      4604         0         0
         8      4695         0         0         8      4696         0         0
         8      4697         0         0         8      4698         0         0
         8      4699         0         0         8      4700         0         0
         8      4701         0         0         8      4702         0         0
         8      4703         0         0         8      4704         0         0
         8      4705         0         0         8      4706         0         0
         8      4707         0         0         8      4708         0         0
         8      4709         0         0         8      4710         0         0
         8      4711         0         0         8      4712         0         0
         8      4713         0         0         8      4714         0         0
         8      4715         0         0         8      4716         0         0
         8      4717         0         0         8      4718         0         0
         8      4719         0         0         8      4720         0         0
         8      4721         0         0         8      4722         0         0
         8      4723         0         0         8      4724         0         0
         8      4725         0         0         8      4726         0         0
         8      4727         0         0         8      4728         0         0
         8      4729         0         0         8      4730         0         0
         8      4731         0         0         8      4732         0         0
         8      4733         0         0         8      4734         0         0
         8      4735         0         0         8      4736         0         0
         8      4737         0         0         8      4738         0         0
         8      4739         0         0         8      4740         0         0
         8      4741         0         0         8      4742         0         0
         8      4743         0         0         8      4744         0         0
         8      4745         0         0         8      4746         0         0
         8      4747         0         0         8      4748         0         0
         8      4749         0         0         8      4750         0         0
         8      4751         0         0         8      4752         0         0
         8      4753         0         0         8      4754         0         0
         8      4834         0         0         8      4835         0         0
         8      4836         0         0         8      4837         0         0
         8      4838         0         0         8      4839         0         0
         8      4840         0         0         8      4841         0         0
         8      4842         0         0         8      4843         0         0
         8      4844         0         0         8      4845         0         0
         8      4846         0         0         8      4847         0         0
         8      4848         0         0         8      4849         0         0
         8      4850         0         0         8      4851         0         0
         8      4852         0         0         8      4853         0         0
         8      4854         0         0         8      4855         0         0
         8      4856         0         0         8      4857         0         0
         8      4858         0         0         8      4859         0         0
         8      4860         0         0         8      4861         0         0
         8      4862         0         0         8      4863         0         0
         8      4864         0         0         8      4865         0         0
         8      4866         0         0         8      4867         0         0
         8      4868         0         0         8      4869         0         0
         8      4870         0         0         8      4871         0         0
         8      4872         0         0         8      4873         0         0
         8      4874         0         0         8      4875         0         0
         8      4876         0         0         8      4877         0         0
         8      4878         0         0         8      4879         0         0
         8      4880         0         0         8      4881         0         0
         8      4882         0         0         8      4883         0         0
         8      4884         0         0         8      4885         0         0
         8      4886         0         0         8      4887         0         0
         8      4888         0         0         8      4889         0         0
         8      4890         0         0         8      4891         0         0
         8      4892         0         0         8      4893         0         0
    -1
