    -1
   164
         1  SI: Meter (newton)         2
    1.0000000000000000E+0    1.0000000000000000E+0    1.0000000000000000E+0
    2.7314999999999998E+2
    -1
    -1
  2420
         1
SMESH_Mesh
         1         0         0
Global Cartesian Coordinate System
    1.0000000000000000E+0    0.0000000000000000E+0    0.0000000000000000E+0
    0.0000000000000000E+0    1.0000000000000000E+0    0.0000000000000000E+0
    0.0000000000000000E+0    0.0000000000000000E+0    1.0000000000000000E+0
    0.0000000000000000E+0    0.0000000000000000E+0    0.0000000000000000E+0
    -1
    -1
  2411
         1         1         1        11
   5.5285907077060104E-01  -9.5758000000000043E-01   0.0000000000000000E+00
         2         1         1        11
  -5.5285907077060226E-01  -9.5757999999999976E-01   0.0000000000000000E+00
         3         1         1        11
  -1.1057181415412036E+00   1.3541141827975950E-16   0.0000000000000000E+00
         4         1         1        11
  -5.5285907077060159E-01   9.5757999999999999E-01   0.0000000000000000E+00
         5         1         1        11
   5.5285907077060192E-01   9.5757999999999988E-01   0.0000000000000000E+00
         6         1         1        11
   1.1057181415412036E+00   0.0000000000000000E+00   0.0000000000000000E+00
         7         1         1        11
  -1.9433906324231551E-16  -1.9509284103464685E-16   0.0000000000000000E+00
         8         1         1        11
   1.1057181415412036E+00   0.0000000000000000E+00   5.2832000000000008E+00
         9         1         1        11
   1.1057181415412036E+00   0.0000000000000000E+00   1.0566400000000002E+01
        10         1         1        11
   1.1057181415412036E+00   0.0000000000000000E+00   1.5849600000000002E+01
        11         1         1        11
   1.1057181415412036E+00   0.0000000000000000E+00   2.1132800000000003E+01
        12         1         1        11
   1.1057181415412036E+00   0.0000000000000000E+00   2.6416000000000004E+01
        13         1         1        11
   1.1057181415412036E+00   0.0000000000000000E+00   3.1699200000000005E+01
        14         1         1        11
   1.1057181415412036E+00   0.0000000000000000E+00   3.6982400000000005E+01
        15         1         1        11
   1.1057181415412036E+00   0.0000000000000000E+00   4.2265600000000006E+01
        16         1         1        11
   1.1057181415412036E+00   0.0000000000000000E+00   4.7548800000000007E+01
        17         1         1        11
   1.1057181415412036E+00   0.0000000000000000E+00   5.2832000000000008E+01
        18         1         1        11
   1.1057181415412036E+00   0.0000000000000000E+00   5.8115200000000009E+01
        19         1         1        11
   1.1057181415412036E+00   0.0000000000000000E+00   6.3398400000000009E+01
        20         1         1        11
   1.1057181415412036E+00   0.0000000000000000E+00   6.8681600000000003E+01
        21         1         1        11
   1.1057181415412036E+00   0.0000000000000000E+00   7.3964799999999997E+01
        22         1         1        11
   1.1057181415412036E+00   0.0000000000000000E+00   7.9247999999999990E+01
        23         1         1        11
   1.1057181415412036E+00   0.0000000000000000E+00   8.4531199999999984E+01
        24         1         1        11
   1.1057181415412036E+00   0.0000000000000000E+00   8.9814399999999978E+01
        25         1         1        11
   1.1057181415412036E+00   0.0000000000000000E+00   9.5097599999999971E+01
        26         1         1        11
   1.1057181415412036E+00   0.0000000000000000E+00   1.0038079999999997E+02
        27         1         1        11
   1.1057181415412036E+00   0.0000000000000000E+00   1.0566399999999996E+02
        28         1         1        11
   1.1057181415412036E+00   0.0000000000000000E+00   1.1094719999999995E+02
        29         1         1        11
   1.1057181415412036E+00   0.0000000000000000E+00   1.1623039999999995E+02
        30         1         1        11
   1.1057181415412036E+00   0.0000000000000000E+00   1.2151359999999994E+02
        31         1         1        11
   1.1057181415412036E+00   0.0000000000000000E+00   1.2679679999999993E+02
        32         1         1        11
   1.1057181415412036E+00   0.0000000000000000E+00   1.3207999999999993E+02
        33         1         1        11
   5.5285907077060192E-01   9.5757999999999988E-01   5.2832000000000008E+00
        34         1         1        11
   5.5285907077060192E-01   9.5757999999999988E-01   1.0566400000000002E+01
        35         1         1        11
   5.5285907077060192E-01   9.5757999999999988E-01   1.5849600000000002E+01
        36         1         1        11
   5.5285907077060192E-01   9.5757999999999988E-01   2.1132800000000003E+01
        37         1         1        11
   5.5285907077060192E-01   9.5757999999999988E-01   2.6416000000000004E+01
        38         1         1        11
   5.5285907077060192E-01   9.5757999999999988E-01   3.1699200000000005E+01
        39         1         1        11
   5.5285907077060192E-01   9.5757999999999988E-01   3.6982400000000005E+01
        40         1         1        11
   5.5285907077060192E-01   9.5757999999999988E-01   4.2265600000000006E+01
        41         1         1        11
   5.5285907077060192E-01   9.5757999999999988E-01   4.7548800000000007E+01
        42         1         1        11
   5.5285907077060192E-01   9.5757999999999988E-01   5.2832000000000008E+01
        43         1         1        11
   5.5285907077060192E-01   9.5757999999999988E-01   5.8115200000000009E+01
        44         1         1        11
   5.5285907077060192E-01   9.5757999999999988E-01   6.3398400000000009E+01
        45         1         1        11
   5.5285907077060192E-01   9.5757999999999988E-01   6.8681600000000003E+01
        46         1         1        11
   5.5285907077060192E-01   9.5757999999999988E-01   7.3964799999999997E+01
        47         1         1        11
   5.5285907077060192E-01   9.5757999999999988E-01   7.9247999999999990E+01
        48         1         1        11
   5.5285907077060192E-01   9.5757999999999988E-01   8.4531199999999984E+01
        49         1         1        11
   5.5285907077060192E-01   9.5757999999999988E-01   8.9814399999999978E+01
        50         1         1        11
   5.5285907077060192E-01   9.5757999999999988E-01   9.5097599999999971E+01
        51         1         1        11
   5.5285907077060192E-01   9.5757999999999988E-01   1.0038079999999997E+02
        52         1         1        11
   5.5285907077060192E-01   9.5757999999999988E-01   1.0566399999999996E+02
        53         1         1        11
   5.5285907077060192E-01   9.5757999999999988E-01   1.1094719999999995E+02
        54         1         1        11
   5.5285907077060192E-01   9.5757999999999988E-01   1.1623039999999995E+02
        55         1         1        11
   5.5285907077060192E-01   9.5757999999999988E-01   1.2151359999999994E+02
        56         1         1        11
   5.5285907077060192E-01   9.5757999999999988E-01   1.2679679999999993E+02
        57         1         1        11
   5.5285907077060192E-01   9.5757999999999988E-01   1.3207999999999993E+02
        58         1         1        11
  -5.5285907077060159E-01   9.5757999999999999E-01   5.2832000000000008E+00
        59         1         1        11
  -5.5285907077060159E-01   9.5757999999999999E-01   1.0566400000000002E+01
        60         1         1        11
  -5.5285907077060159E-01   9.5757999999999999E-01   1.5849600000000002E+01
        61         1         1        11
  -5.5285907077060159E-01   9.5757999999999999E-01   2.1132800000000003E+01
        62         1         1        11
  -5.5285907077060159E-01   9.5757999999999999E-01   2.6416000000000004E+01
        63         1         1        11
  -5.5285907077060159E-01   9.5757999999999999E-01   3.1699200000000005E+01
        64         1         1        11
  -5.5285907077060159E-01   9.5757999999999999E-01   3.6982400000000005E+01
        65         1         1        11
  -5.5285907077060159E-01   9.5757999999999999E-01   4.2265600000000006E+01
        66         1         1        11
  -5.5285907077060159E-01   9.5757999999999999E-01   4.7548800000000007E+01
        67         1         1        11
  -5.5285907077060159E-01   9.5757999999999999E-01   5.2832000000000008E+01
        68         1         1        11
  -5.5285907077060159E-01   9.5757999999999999E-01   5.8115200000000009E+01
        69         1         1        11
  -5.5285907077060159E-01   9.5757999999999999E-01   6.3398400000000009E+01
        70         1         1        11
  -5.5285907077060159E-01   9.5757999999999999E-01   6.8681600000000003E+01
        71         1         1        11
  -5.5285907077060159E-01   9.5757999999999999E-01   7.3964799999999997E+01
        72         1         1        11
  -5.5285907077060159E-01   9.5757999999999999E-01   7.9247999999999990E+01
        73         1         1        11
  -5.5285907077060159E-01   9.5757999999999999E-01   8.4531199999999984E+01
        74         1         1        11
  -5.5285907077060159E-01   9.5757999999999999E-01   8.9814399999999978E+01
        75         1         1        11
  -5.5285907077060159E-01   9.5757999999999999E-01   9.5097599999999971E+01
        76         1         1        11
  -5.5285907077060159E-01   9.5757999999999999E-01   1.0038079999999997E+02
        77         1         1        11
  -5.5285907077060159E-01   9.5757999999999999E-01   1.0566399999999996E+02
        78         1         1        11
  -5.5285907077060159E-01   9.5757999999999999E-01   1.1094719999999995E+02
        79         1         1        11
  -5.5285907077060159E-01   9.5757999999999999E-01   1.1623039999999995E+02
        80         1         1        11
  -5.5285907077060159E-01   9.5757999999999999E-01   1.2151359999999994E+02
        81         1         1        11
  -5.5285907077060159E-01   9.5757999999999999E-01   1.2679679999999993E+02
        82         1         1        11
  -5.5285907077060159E-01   9.5757999999999999E-01   1.3207999999999993E+02
        83         1         1        11
  -1.1057181415412036E+00   1.3541141827975950E-16   5.2832000000000008E+00
        84         1         1        11
  -1.1057181415412036E+00   1.3541141827975950E-16   1.0566400000000002E+01
        85         1         1        11
  -1.1057181415412036E+00   1.3541141827975950E-16   1.5849600000000002E+01
        86         1         1        11
  -1.1057181415412036E+00   1.3541141827975950E-16   2.1132800000000003E+01
        87         1         1        11
  -1.1057181415412036E+00   1.3541141827975950E-16   2.6416000000000004E+01
        88         1         1        11
  -1.1057181415412036E+00   1.3541141827975950E-16   3.1699200000000005E+01
        89         1         1        11
  -1.1057181415412036E+00   1.3541141827975950E-16   3.6982400000000005E+01
        90         1         1        11
  -1.1057181415412036E+00   1.3541141827975950E-16   4.2265600000000006E+01
        91         1         1        11
  -1.1057181415412036E+00   1.3541141827975950E-16   4.7548800000000007E+01
        92         1         1        11
  -1.1057181415412036E+00   1.3541141827975950E-16   5.2832000000000008E+01
        93         1         1        11
  -1.1057181415412036E+00   1.3541141827975950E-16   5.8115200000000009E+01
        94         1         1        11
  -1.1057181415412036E+00   1.3541141827975950E-16   6.3398400000000009E+01
        95         1         1        11
  -1.1057181415412036E+00   1.3541141827975950E-16   6.8681600000000003E+01
        96         1         1        11
  -1.1057181415412036E+00   1.3541141827975950E-16   7.3964799999999997E+01
        97         1         1        11
  -1.1057181415412036E+00   1.3541141827975950E-16   7.9247999999999990E+01
        98         1         1        11
  -1.1057181415412036E+00   1.3541141827975950E-16   8.4531199999999984E+01
        99         1         1        11
  -1.1057181415412036E+00   1.3541141827975950E-16   8.9814399999999978E+01
       100         1         1        11
  -1.1057181415412036E+00   1.3541141827975950E-16   9.5097599999999971E+01
       101         1         1        11
  -1.1057181415412036E+00   1.3541141827975950E-16   1.0038079999999997E+02
       102         1         1        11
  -1.1057181415412036E+00   1.3541141827975950E-16   1.0566399999999996E+02
       103         1         1        11
  -1.1057181415412036E+00   1.3541141827975950E-16   1.1094719999999995E+02
       104         1         1        11
  -1.1057181415412036E+00   1.3541141827975950E-16   1.1623039999999995E+02
       105         1         1        11
  -1.1057181415412036E+00   1.3541141827975950E-16   1.2151359999999994E+02
       106         1         1        11
  -1.1057181415412036E+00   1.3541141827975950E-16   1.2679679999999993E+02
       107         1         1        11
  -1.1057181415412036E+00   1.3541141827975950E-16   1.3207999999999993E+02
       108         1         1        11
  -5.5285907077060226E-01  -9.5757999999999976E-01   5.2832000000000008E+00
       109         1         1        11
  -5.5285907077060226E-01  -9.5757999999999976E-01   1.0566400000000002E+01
       110         1         1        11
  -5.5285907077060226E-01  -9.5757999999999976E-01   1.5849600000000002E+01
       111         1         1        11
  -5.5285907077060226E-01  -9.5757999999999976E-01   2.1132800000000003E+01
       112         1         1        11
  -5.5285907077060226E-01  -9.5757999999999976E-01   2.6416000000000004E+01
       113         1         1        11
  -5.5285907077060226E-01  -9.5757999999999976E-01   3.1699200000000005E+01
       114         1         1        11
  -5.5285907077060226E-01  -9.5757999999999976E-01   3.6982400000000005E+01
       115         1         1        11
  -5.5285907077060226E-01  -9.5757999999999976E-01   4.2265600000000006E+01
       116         1         1        11
  -5.5285907077060226E-01  -9.5757999999999976E-01   4.7548800000000007E+01
       117         1         1        11
  -5.5285907077060226E-01  -9.5757999999999976E-01   5.2832000000000008E+01
       118         1         1        11
  -5.5285907077060226E-01  -9.5757999999999976E-01   5.8115200000000009E+01
       119         1         1        11
  -5.5285907077060226E-01  -9.5757999999999976E-01   6.3398400000000009E+01
       120         1         1        11
  -5.5285907077060226E-01  -9.5757999999999976E-01   6.8681600000000003E+01
       121         1         1        11
  -5.5285907077060226E-01  -9.5757999999999976E-01   7.3964799999999997E+01
       122         1         1        11
  -5.5285907077060226E-01  -9.5757999999999976E-01   7.9247999999999990E+01
       123         1         1        11
  -5.5285907077060226E-01  -9.5757999999999976E-01   8.4531199999999984E+01
       124         1         1        11
  -5.5285907077060226E-01  -9.5757999999999976E-01   8.9814399999999978E+01
       125         1         1        11
  -5.5285907077060226E-01  -9.5757999999999976E-01   9.5097599999999971E+01
       126         1         1        11
  -5.5285907077060226E-01  -9.5757999999999976E-01   1.0038079999999997E+02
       127         1         1        11
  -5.5285907077060226E-01  -9.5757999999999976E-01   1.0566399999999996E+02
       128         1         1        11
  -5.5285907077060226E-01  -9.5757999999999976E-01   1.1094719999999995E+02
       129         1         1        11
  -5.5285907077060226E-01  -9.5757999999999976E-01   1.1623039999999995E+02
       130         1         1        11
  -5.5285907077060226E-01  -9.5757999999999976E-01   1.2151359999999994E+02
       131         1         1        11
  -5.5285907077060226E-01  -9.5757999999999976E-01   1.2679679999999993E+02
       132         1         1        11
  -5.5285907077060226E-01  -9.5757999999999976E-01   1.3207999999999993E+02
       133         1         1        11
   5.5285907077060104E-01  -9.5758000000000043E-01   5.2832000000000008E+00
       134         1         1        11
   5.5285907077060104E-01  -9.5758000000000043E-01   1.0566400000000002E+01
       135         1         1        11
   5.5285907077060104E-01  -9.5758000000000043E-01   1.5849600000000002E+01
       136         1         1        11
   5.5285907077060104E-01  -9.5758000000000043E-01   2.1132800000000003E+01
       137         1         1        11
   5.5285907077060104E-01  -9.5758000000000043E-01   2.6416000000000004E+01
       138         1         1        11
   5.5285907077060104E-01  -9.5758000000000043E-01   3.1699200000000005E+01
       139         1         1        11
   5.5285907077060104E-01  -9.5758000000000043E-01   3.6982400000000005E+01
       140         1         1        11
   5.5285907077060104E-01  -9.5758000000000043E-01   4.2265600000000006E+01
       141         1         1        11
   5.5285907077060104E-01  -9.5758000000000043E-01   4.7548800000000007E+01
       142         1         1        11
   5.5285907077060104E-01  -9.5758000000000043E-01   5.2832000000000008E+01
       143         1         1        11
   5.5285907077060104E-01  -9.5758000000000043E-01   5.8115200000000009E+01
       144         1         1        11
   5.5285907077060104E-01  -9.5758000000000043E-01   6.3398400000000009E+01
       145         1         1        11
   5.5285907077060104E-01  -9.5758000000000043E-01   6.8681600000000003E+01
       146         1         1        11
   5.5285907077060104E-01  -9.5758000000000043E-01   7.3964799999999997E+01
       147         1         1        11
   5.5285907077060104E-01  -9.5758000000000043E-01   7.9247999999999990E+01
       148         1         1        11
   5.5285907077060104E-01  -9.5758000000000043E-01   8.4531199999999984E+01
       149         1         1        11
   5.5285907077060104E-01  -9.5758000000000043E-01   8.9814399999999978E+01
       150         1         1        11
   5.5285907077060104E-01  -9.5758000000000043E-01   9.5097599999999971E+01
       151         1         1        11
   5.5285907077060104E-01  -9.5758000000000043E-01   1.0038079999999997E+02
       152         1         1        11
   5.5285907077060104E-01  -9.5758000000000043E-01   1.0566399999999996E+02
       153         1         1        11
   5.5285907077060104E-01  -9.5758000000000043E-01   1.1094719999999995E+02
       154         1         1        11
   5.5285907077060104E-01  -9.5758000000000043E-01   1.1623039999999995E+02
       155         1         1        11
   5.5285907077060104E-01  -9.5758000000000043E-01   1.2151359999999994E+02
       156         1         1        11
   5.5285907077060104E-01  -9.5758000000000043E-01   1.2679679999999993E+02
       157         1         1        11
   5.5285907077060104E-01  -9.5758000000000043E-01   1.3207999999999993E+02
       158         1         1        11
  -1.9433906324231551E-16  -1.9509284103464685E-16   5.2832000000000008E+00
       159         1         1        11
  -1.9433906324231551E-16  -1.9509284103464685E-16   1.0566400000000002E+01
       160         1         1        11
  -1.9433906324231551E-16  -1.9509284103464685E-16   1.5849600000000002E+01
       161         1         1        11
  -1.9433906324231551E-16  -1.9509284103464685E-16   2.1132800000000003E+01
       162         1         1        11
  -1.9433906324231551E-16  -1.9509284103464685E-16   2.6416000000000004E+01
       163         1         1        11
  -1.9433906324231551E-16  -1.9509284103464685E-16   3.1699200000000005E+01
       164         1         1        11
  -1.9433906324231551E-16  -1.9509284103464685E-16   3.6982400000000005E+01
       165         1         1        11
  -1.9433906324231551E-16  -1.9509284103464685E-16   4.2265600000000006E+01
       166         1         1        11
  -1.9433906324231551E-16  -1.9509284103464685E-16   4.7548800000000007E+01
       167         1         1        11
  -1.9433906324231551E-16  -1.9509284103464685E-16   5.2832000000000008E+01
       168         1         1        11
  -1.9433906324231551E-16  -1.9509284103464685E-16   5.8115200000000009E+01
       169         1         1        11
  -1.9433906324231551E-16  -1.9509284103464685E-16   6.3398400000000009E+01
       170         1         1        11
  -1.9433906324231551E-16  -1.9509284103464685E-16   6.8681600000000003E+01
       171         1         1        11
  -1.9433906324231551E-16  -1.9509284103464685E-16   7.3964799999999997E+01
       172         1         1        11
  -1.9433906324231551E-16  -1.9509284103464685E-16   7.9247999999999990E+01
       173         1         1        11
  -1.9433906324231551E-16  -1.9509284103464685E-16   8.4531199999999984E+01
       174         1         1        11
  -1.9433906324231551E-16  -1.9509284103464685E-16   8.9814399999999978E+01
       175         1         1        11
  -1.9433906324231551E-16  -1.9509284103464685E-16   9.5097599999999971E+01
       176         1         1        11
  -1.9433906324231551E-16  -1.9509284103464685E-16   1.0038079999999997E+02
       177         1         1        11
  -1.9433906324231551E-16  -1.9509284103464685E-16   1.0566399999999996E+02
       178         1         1        11
  -1.9433906324231551E-16  -1.9509284103464685E-16   1.1094719999999995E+02
       179         1         1        11
  -1.9433906324231551E-16  -1.9509284103464685E-16   1.1623039999999995E+02
       180         1         1        11
  -1.9433906324231551E-16  -1.9509284103464685E-16   1.2151359999999994E+02
       181         1         1        11
  -1.9433906324231551E-16  -1.9509284103464685E-16   1.2679679999999993E+02
       182         1         1        11
  -1.9433906324231551E-16  -1.9509284103464685E-16   1.3207999999999993E+02
       183         1         1        11
   2.7642953538530093E+00   9.5757999999999988E-01   0.0000000000000000E+00
       184         1         1        11
   2.2114362830824077E+00   1.9151599999999998E+00   0.0000000000000000E+00
       185         1         1        11
   1.1057181415412041E+00   1.9151599999999998E+00   0.0000000000000000E+00
       186         1         1        11
   2.2114362830824068E+00  -5.5511151231257827E-16   0.0000000000000000E+00
       187         1         1        11
   1.6585772123118054E+00   9.5757999999999965E-01   0.0000000000000000E+00
       188         1         1        11
   2.2114362830824077E+00   1.9151599999999998E+00   5.2832000000000008E+00
       189         1         1        11
   2.7642953538530093E+00   9.5757999999999988E-01   5.2832000000000008E+00
       190         1         1        11
   2.2114362830824077E+00   1.9151599999999998E+00   1.0566400000000002E+01
       191         1         1        11
   2.7642953538530093E+00   9.5757999999999988E-01   1.0566400000000002E+01
       192         1         1        11
   2.2114362830824077E+00   1.9151599999999998E+00   1.5849600000000002E+01
       193         1         1        11
   2.7642953538530093E+00   9.5757999999999988E-01   1.5849600000000002E+01
       194         1         1        11
   2.2114362830824077E+00   1.9151599999999998E+00   2.1132800000000003E+01
       195         1         1        11
   2.7642953538530093E+00   9.5757999999999988E-01   2.1132800000000003E+01
       196         1         1        11
   2.2114362830824077E+00   1.9151599999999998E+00   2.6416000000000004E+01
       197         1         1        11
   2.7642953538530093E+00   9.5757999999999988E-01   2.6416000000000004E+01
       198         1         1        11
   2.2114362830824077E+00   1.9151599999999998E+00   3.1699200000000005E+01
       199         1         1        11
   2.7642953538530093E+00   9.5757999999999988E-01   3.1699200000000005E+01
       200         1         1        11
   2.2114362830824077E+00   1.9151599999999998E+00   3.6982400000000005E+01
       201         1         1        11
   2.7642953538530093E+00   9.5757999999999988E-01   3.6982400000000005E+01
       202         1         1        11
   2.2114362830824077E+00   1.9151599999999998E+00   4.2265600000000006E+01
       203         1         1        11
   2.7642953538530093E+00   9.5757999999999988E-01   4.2265600000000006E+01
       204         1         1        11
   2.2114362830824077E+00   1.9151599999999998E+00   4.7548800000000007E+01
       205         1         1        11
   2.7642953538530093E+00   9.5757999999999988E-01   4.7548800000000007E+01
       206         1         1        11
   2.2114362830824077E+00   1.9151599999999998E+00   5.2832000000000008E+01
       207         1         1        11
   2.7642953538530093E+00   9.5757999999999988E-01   5.2832000000000008E+01
       208         1         1        11
   2.2114362830824077E+00   1.9151599999999998E+00   5.8115200000000009E+01
       209         1         1        11
   2.7642953538530093E+00   9.5757999999999988E-01   5.8115200000000009E+01
       210         1         1        11
   2.2114362830824077E+00   1.9151599999999998E+00   6.3398400000000009E+01
       211         1         1        11
   2.7642953538530093E+00   9.5757999999999988E-01   6.3398400000000009E+01
       212         1         1        11
   2.2114362830824077E+00   1.9151599999999998E+00   6.8681600000000003E+01
       213         1         1        11
   2.7642953538530093E+00   9.5757999999999988E-01   6.8681600000000003E+01
       214         1         1        11
   2.2114362830824077E+00   1.9151599999999998E+00   7.3964799999999997E+01
       215         1         1        11
   2.7642953538530093E+00   9.5757999999999988E-01   7.3964799999999997E+01
       216         1         1        11
   2.2114362830824077E+00   1.9151599999999998E+00   7.9247999999999990E+01
       217         1         1        11
   2.7642953538530093E+00   9.5757999999999988E-01   7.9247999999999990E+01
       218         1         1        11
   2.2114362830824077E+00   1.9151599999999998E+00   8.4531199999999984E+01
       219         1         1        11
   2.7642953538530093E+00   9.5757999999999988E-01   8.4531199999999984E+01
       220         1         1        11
   2.2114362830824077E+00   1.9151599999999998E+00   8.9814399999999978E+01
       221         1         1        11
   2.7642953538530093E+00   9.5757999999999988E-01   8.9814399999999978E+01
       222         1         1        11
   2.2114362830824077E+00   1.9151599999999998E+00   9.5097599999999971E+01
       223         1         1        11
   2.7642953538530093E+00   9.5757999999999988E-01   9.5097599999999971E+01
       224         1         1        11
   2.2114362830824077E+00   1.9151599999999998E+00   1.0038079999999997E+02
       225         1         1        11
   2.7642953538530093E+00   9.5757999999999988E-01   1.0038079999999997E+02
       226         1         1        11
   2.2114362830824077E+00   1.9151599999999998E+00   1.0566399999999996E+02
       227         1         1        11
   2.7642953538530093E+00   9.5757999999999988E-01   1.0566399999999996E+02
       228         1         1        11
   2.2114362830824077E+00   1.9151599999999998E+00   1.1094719999999995E+02
       229         1         1        11
   2.7642953538530093E+00   9.5757999999999988E-01   1.1094719999999995E+02
       230         1         1        11
   2.2114362830824077E+00   1.9151599999999998E+00   1.1623039999999995E+02
       231         1         1        11
   2.7642953538530093E+00   9.5757999999999988E-01   1.1623039999999995E+02
       232         1         1        11
   2.2114362830824077E+00   1.9151599999999998E+00   1.2151359999999994E+02
       233         1         1        11
   2.7642953538530093E+00   9.5757999999999988E-01   1.2151359999999994E+02
       234         1         1        11
   2.2114362830824077E+00   1.9151599999999998E+00   1.2679679999999993E+02
       235         1         1        11
   2.7642953538530093E+00   9.5757999999999988E-01   1.2679679999999993E+02
       236         1         1        11
   2.2114362830824077E+00   1.9151599999999998E+00   1.3207999999999993E+02
       237         1         1        11
   2.7642953538530093E+00   9.5757999999999988E-01   1.3207999999999993E+02
       238         1         1        11
   1.1057181415412041E+00   1.9151599999999998E+00   5.2832000000000008E+00
       239         1         1        11
   1.1057181415412041E+00   1.9151599999999998E+00   1.0566400000000002E+01
       240         1         1        11
   1.1057181415412041E+00   1.9151599999999998E+00   1.5849600000000002E+01
       241         1         1        11
   1.1057181415412041E+00   1.9151599999999998E+00   2.1132800000000003E+01
       242         1         1        11
   1.1057181415412041E+00   1.9151599999999998E+00   2.6416000000000004E+01
       243         1         1        11
   1.1057181415412041E+00   1.9151599999999998E+00   3.1699200000000005E+01
       244         1         1        11
   1.1057181415412041E+00   1.9151599999999998E+00   3.6982400000000005E+01
       245         1         1        11
   1.1057181415412041E+00   1.9151599999999998E+00   4.2265600000000006E+01
       246         1         1        11
   1.1057181415412041E+00   1.9151599999999998E+00   4.7548800000000007E+01
       247         1         1        11
   1.1057181415412041E+00   1.9151599999999998E+00   5.2832000000000008E+01
       248         1         1        11
   1.1057181415412041E+00   1.9151599999999998E+00   5.8115200000000009E+01
       249         1         1        11
   1.1057181415412041E+00   1.9151599999999998E+00   6.3398400000000009E+01
       250         1         1        11
   1.1057181415412041E+00   1.9151599999999998E+00   6.8681600000000003E+01
       251         1         1        11
   1.1057181415412041E+00   1.9151599999999998E+00   7.3964799999999997E+01
       252         1         1        11
   1.1057181415412041E+00   1.9151599999999998E+00   7.9247999999999990E+01
       253         1         1        11
   1.1057181415412041E+00   1.9151599999999998E+00   8.4531199999999984E+01
       254         1         1        11
   1.1057181415412041E+00   1.9151599999999998E+00   8.9814399999999978E+01
       255         1         1        11
   1.1057181415412041E+00   1.9151599999999998E+00   9.5097599999999971E+01
       256         1         1        11
   1.1057181415412041E+00   1.9151599999999998E+00   1.0038079999999997E+02
       257         1         1        11
   1.1057181415412041E+00   1.9151599999999998E+00   1.0566399999999996E+02
       258         1         1        11
   1.1057181415412041E+00   1.9151599999999998E+00   1.1094719999999995E+02
       259         1         1        11
   1.1057181415412041E+00   1.9151599999999998E+00   1.1623039999999995E+02
       260         1         1        11
   1.1057181415412041E+00   1.9151599999999998E+00   1.2151359999999994E+02
       261         1         1        11
   1.1057181415412041E+00   1.9151599999999998E+00   1.2679679999999993E+02
       262         1         1        11
   1.1057181415412041E+00   1.9151599999999998E+00   1.3207999999999993E+02
       263         1         1        11
   2.2114362830824068E+00  -5.5511151231257827E-16   5.2832000000000008E+00
       264         1         1        11
   2.2114362830824068E+00  -5.5511151231257827E-16   1.0566400000000002E+01
       265         1         1        11
   2.2114362830824068E+00  -5.5511151231257827E-16   1.5849600000000002E+01
       266         1         1        11
   2.2114362830824068E+00  -5.5511151231257827E-16   2.1132800000000003E+01
       267         1         1        11
   2.2114362830824068E+00  -5.5511151231257827E-16   2.6416000000000004E+01
       268         1         1        11
   2.2114362830824068E+00  -5.5511151231257827E-16   3.1699200000000005E+01
       269         1         1        11
   2.2114362830824068E+00  -5.5511151231257827E-16   3.6982400000000005E+01
       270         1         1        11
   2.2114362830824068E+00  -5.5511151231257827E-16   4.2265600000000006E+01
       271         1         1        11
   2.2114362830824068E+00  -5.5511151231257827E-16   4.7548800000000007E+01
       272         1         1        11
   2.2114362830824068E+00  -5.5511151231257827E-16   5.2832000000000008E+01
       273         1         1        11
   2.2114362830824068E+00  -5.5511151231257827E-16   5.8115200000000009E+01
       274         1         1        11
   2.2114362830824068E+00  -5.5511151231257827E-16   6.3398400000000009E+01
       275         1         1        11
   2.2114362830824068E+00  -5.5511151231257827E-16   6.8681600000000003E+01
       276         1         1        11
   2.2114362830824068E+00  -5.5511151231257827E-16   7.3964799999999997E+01
       277         1         1        11
   2.2114362830824068E+00  -5.5511151231257827E-16   7.9247999999999990E+01
       278         1         1        11
   2.2114362830824068E+00  -5.5511151231257827E-16   8.4531199999999984E+01
       279         1         1        11
   2.2114362830824068E+00  -5.5511151231257827E-16   8.9814399999999978E+01
       280         1         1        11
   2.2114362830824068E+00  -5.5511151231257827E-16   9.5097599999999971E+01
       281         1         1        11
   2.2114362830824068E+00  -5.5511151231257827E-16   1.0038079999999997E+02
       282         1         1        11
   2.2114362830824068E+00  -5.5511151231257827E-16   1.0566399999999996E+02
       283         1         1        11
   2.2114362830824068E+00  -5.5511151231257827E-16   1.1094719999999995E+02
       284         1         1        11
   2.2114362830824068E+00  -5.5511151231257827E-16   1.1623039999999995E+02
       285         1         1        11
   2.2114362830824068E+00  -5.5511151231257827E-16   1.2151359999999994E+02
       286         1         1        11
   2.2114362830824068E+00  -5.5511151231257827E-16   1.2679679999999993E+02
       287         1         1        11
   2.2114362830824068E+00  -5.5511151231257827E-16   1.3207999999999993E+02
       288         1         1        11
   1.6585772123118054E+00   9.5757999999999965E-01   5.2832000000000008E+00
       289         1         1        11
   1.6585772123118054E+00   9.5757999999999965E-01   1.0566400000000002E+01
       290         1         1        11
   1.6585772123118054E+00   9.5757999999999965E-01   1.5849600000000002E+01
       291         1         1        11
   1.6585772123118054E+00   9.5757999999999965E-01   2.1132800000000003E+01
       292         1         1        11
   1.6585772123118054E+00   9.5757999999999965E-01   2.6416000000000004E+01
       293         1         1        11
   1.6585772123118054E+00   9.5757999999999965E-01   3.1699200000000005E+01
       294         1         1        11
   1.6585772123118054E+00   9.5757999999999965E-01   3.6982400000000005E+01
       295         1         1        11
   1.6585772123118054E+00   9.5757999999999965E-01   4.2265600000000006E+01
       296         1         1        11
   1.6585772123118054E+00   9.5757999999999965E-01   4.7548800000000007E+01
       297         1         1        11
   1.6585772123118054E+00   9.5757999999999965E-01   5.2832000000000008E+01
       298         1         1        11
   1.6585772123118054E+00   9.5757999999999965E-01   5.8115200000000009E+01
       299         1         1        11
   1.6585772123118054E+00   9.5757999999999965E-01   6.3398400000000009E+01
       300         1         1        11
   1.6585772123118054E+00   9.5757999999999965E-01   6.8681600000000003E+01
       301         1         1        11
   1.6585772123118054E+00   9.5757999999999965E-01   7.3964799999999997E+01
       302         1         1        11
   1.6585772123118054E+00   9.5757999999999965E-01   7.9247999999999990E+01
       303         1         1        11
   1.6585772123118054E+00   9.5757999999999965E-01   8.4531199999999984E+01
       304         1         1        11
   1.6585772123118054E+00   9.5757999999999965E-01   8.9814399999999978E+01
       305         1         1        11
   1.6585772123118054E+00   9.5757999999999965E-01   9.5097599999999971E+01
       306         1         1        11
   1.6585772123118054E+00   9.5757999999999965E-01   1.0038079999999997E+02
       307         1         1        11
   1.6585772123118054E+00   9.5757999999999965E-01   1.0566399999999996E+02
       308         1         1        11
   1.6585772123118054E+00   9.5757999999999965E-01   1.1094719999999995E+02
       309         1         1        11
   1.6585772123118054E+00   9.5757999999999965E-01   1.1623039999999995E+02
       310         1         1        11
   1.6585772123118054E+00   9.5757999999999965E-01   1.2151359999999994E+02
       311         1         1        11
   1.6585772123118054E+00   9.5757999999999965E-01   1.2679679999999993E+02
       312         1         1        11
   1.6585772123118054E+00   9.5757999999999965E-01   1.3207999999999993E+02
       313         1         1        11
   5.5285907077060203E-01   2.8727399999999998E+00   0.0000000000000000E+00
       314         1         1        11
  -5.5285907077060148E-01   2.8727399999999998E+00   0.0000000000000000E+00
       315         1         1        11
  -1.1057181415412034E+00   1.9151600000000002E+00   0.0000000000000000E+00
       316         1         1        11
  -7.7069335049563277E-17   1.9151599999999998E+00   0.0000000000000000E+00
       317         1         1        11
   5.5285907077060203E-01   2.8727399999999998E+00   5.2832000000000008E+00
       318         1         1        11
   5.5285907077060203E-01   2.8727399999999998E+00   1.0566400000000002E+01
       319         1         1        11
   5.5285907077060203E-01   2.8727399999999998E+00   1.5849600000000002E+01
       320         1         1        11
   5.5285907077060203E-01   2.8727399999999998E+00   2.1132800000000003E+01
       321         1         1        11
   5.5285907077060203E-01   2.8727399999999998E+00   2.6416000000000004E+01
       322         1         1        11
   5.5285907077060203E-01   2.8727399999999998E+00   3.1699200000000005E+01
       323         1         1        11
   5.5285907077060203E-01   2.8727399999999998E+00   3.6982400000000005E+01
       324         1         1        11
   5.5285907077060203E-01   2.8727399999999998E+00   4.2265600000000006E+01
       325         1         1        11
   5.5285907077060203E-01   2.8727399999999998E+00   4.7548800000000007E+01
       326         1         1        11
   5.5285907077060203E-01   2.8727399999999998E+00   5.2832000000000008E+01
       327         1         1        11
   5.5285907077060203E-01   2.8727399999999998E+00   5.8115200000000009E+01
       328         1         1        11
   5.5285907077060203E-01   2.8727399999999998E+00   6.3398400000000009E+01
       329         1         1        11
   5.5285907077060203E-01   2.8727399999999998E+00   6.8681600000000003E+01
       330         1         1        11
   5.5285907077060203E-01   2.8727399999999998E+00   7.3964799999999997E+01
       331         1         1        11
   5.5285907077060203E-01   2.8727399999999998E+00   7.9247999999999990E+01
       332         1         1        11
   5.5285907077060203E-01   2.8727399999999998E+00   8.4531199999999984E+01
       333         1         1        11
   5.5285907077060203E-01   2.8727399999999998E+00   8.9814399999999978E+01
       334         1         1        11
   5.5285907077060203E-01   2.8727399999999998E+00   9.5097599999999971E+01
       335         1         1        11
   5.5285907077060203E-01   2.8727399999999998E+00   1.0038079999999997E+02
       336         1         1        11
   5.5285907077060203E-01   2.8727399999999998E+00   1.0566399999999996E+02
       337         1         1        11
   5.5285907077060203E-01   2.8727399999999998E+00   1.1094719999999995E+02
       338         1         1        11
   5.5285907077060203E-01   2.8727399999999998E+00   1.1623039999999995E+02
       339         1         1        11
   5.5285907077060203E-01   2.8727399999999998E+00   1.2151359999999994E+02
       340         1         1        11
   5.5285907077060203E-01   2.8727399999999998E+00   1.2679679999999993E+02
       341         1         1        11
   5.5285907077060203E-01   2.8727399999999998E+00   1.3207999999999993E+02
       342         1         1        11
  -5.5285907077060148E-01   2.8727399999999998E+00   5.2832000000000008E+00
       343         1         1        11
  -5.5285907077060148E-01   2.8727399999999998E+00   1.0566400000000002E+01
       344         1         1        11
  -5.5285907077060148E-01   2.8727399999999998E+00   1.5849600000000002E+01
       345         1         1        11
  -5.5285907077060148E-01   2.8727399999999998E+00   2.1132800000000003E+01
       346         1         1        11
  -5.5285907077060148E-01   2.8727399999999998E+00   2.6416000000000004E+01
       347         1         1        11
  -5.5285907077060148E-01   2.8727399999999998E+00   3.1699200000000005E+01
       348         1         1        11
  -5.5285907077060148E-01   2.8727399999999998E+00   3.6982400000000005E+01
       349         1         1        11
  -5.5285907077060148E-01   2.8727399999999998E+00   4.2265600000000006E+01
       350         1         1        11
  -5.5285907077060148E-01   2.8727399999999998E+00   4.7548800000000007E+01
       351         1         1        11
  -5.5285907077060148E-01   2.8727399999999998E+00   5.2832000000000008E+01
       352         1         1        11
  -5.5285907077060148E-01   2.8727399999999998E+00   5.8115200000000009E+01
       353         1         1        11
  -5.5285907077060148E-01   2.8727399999999998E+00   6.3398400000000009E+01
       354         1         1        11
  -5.5285907077060148E-01   2.8727399999999998E+00   6.8681600000000003E+01
       355         1         1        11
  -5.5285907077060148E-01   2.8727399999999998E+00   7.3964799999999997E+01
       356         1         1        11
  -5.5285907077060148E-01   2.8727399999999998E+00   7.9247999999999990E+01
       357         1         1        11
  -5.5285907077060148E-01   2.8727399999999998E+00   8.4531199999999984E+01
       358         1         1        11
  -5.5285907077060148E-01   2.8727399999999998E+00   8.9814399999999978E+01
       359         1         1        11
  -5.5285907077060148E-01   2.8727399999999998E+00   9.5097599999999971E+01
       360         1         1        11
  -5.5285907077060148E-01   2.8727399999999998E+00   1.0038079999999997E+02
       361         1         1        11
  -5.5285907077060148E-01   2.8727399999999998E+00   1.0566399999999996E+02
       362         1         1        11
  -5.5285907077060148E-01   2.8727399999999998E+00   1.1094719999999995E+02
       363         1         1        11
  -5.5285907077060148E-01   2.8727399999999998E+00   1.1623039999999995E+02
       364         1         1        11
  -5.5285907077060148E-01   2.8727399999999998E+00   1.2151359999999994E+02
       365         1         1        11
  -5.5285907077060148E-01   2.8727399999999998E+00   1.2679679999999993E+02
       366         1         1        11
  -5.5285907077060148E-01   2.8727399999999998E+00   1.3207999999999993E+02
       367         1         1        11
  -1.1057181415412034E+00   1.9151600000000002E+00   5.2832000000000008E+00
       368         1         1        11
  -1.1057181415412034E+00   1.9151600000000002E+00   1.0566400000000002E+01
       369         1         1        11
  -1.1057181415412034E+00   1.9151600000000002E+00   1.5849600000000002E+01
       370         1         1        11
  -1.1057181415412034E+00   1.9151600000000002E+00   2.1132800000000003E+01
       371         1         1        11
  -1.1057181415412034E+00   1.9151600000000002E+00   2.6416000000000004E+01
       372         1         1        11
  -1.1057181415412034E+00   1.9151600000000002E+00   3.1699200000000005E+01
       373         1         1        11
  -1.1057181415412034E+00   1.9151600000000002E+00   3.6982400000000005E+01
       374         1         1        11
  -1.1057181415412034E+00   1.9151600000000002E+00   4.2265600000000006E+01
       375         1         1        11
  -1.1057181415412034E+00   1.9151600000000002E+00   4.7548800000000007E+01
       376         1         1        11
  -1.1057181415412034E+00   1.9151600000000002E+00   5.2832000000000008E+01
       377         1         1        11
  -1.1057181415412034E+00   1.9151600000000002E+00   5.8115200000000009E+01
       378         1         1        11
  -1.1057181415412034E+00   1.9151600000000002E+00   6.3398400000000009E+01
       379         1         1        11
  -1.1057181415412034E+00   1.9151600000000002E+00   6.8681600000000003E+01
       380         1         1        11
  -1.1057181415412034E+00   1.9151600000000002E+00   7.3964799999999997E+01
       381         1         1        11
  -1.1057181415412034E+00   1.9151600000000002E+00   7.9247999999999990E+01
       382         1         1        11
  -1.1057181415412034E+00   1.9151600000000002E+00   8.4531199999999984E+01
       383         1         1        11
  -1.1057181415412034E+00   1.9151600000000002E+00   8.9814399999999978E+01
       384         1         1        11
  -1.1057181415412034E+00   1.9151600000000002E+00   9.5097599999999971E+01
       385         1         1        11
  -1.1057181415412034E+00   1.9151600000000002E+00   1.0038079999999997E+02
       386         1         1        11
  -1.1057181415412034E+00   1.9151600000000002E+00   1.0566399999999996E+02
       387         1         1        11
  -1.1057181415412034E+00   1.9151600000000002E+00   1.1094719999999995E+02
       388         1         1        11
  -1.1057181415412034E+00   1.9151600000000002E+00   1.1623039999999995E+02
       389         1         1        11
  -1.1057181415412034E+00   1.9151600000000002E+00   1.2151359999999994E+02
       390         1         1        11
  -1.1057181415412034E+00   1.9151600000000002E+00   1.2679679999999993E+02
       391         1         1        11
  -1.1057181415412034E+00   1.9151600000000002E+00   1.3207999999999993E+02
       392         1         1        11
  -7.7069335049563277E-17   1.9151599999999998E+00   5.2832000000000008E+00
       393         1         1        11
  -7.7069335049563277E-17   1.9151599999999998E+00   1.0566400000000002E+01
       394         1         1        11
  -7.7069335049563277E-17   1.9151599999999998E+00   1.5849600000000002E+01
       395         1         1        11
  -7.7069335049563277E-17   1.9151599999999998E+00   2.1132800000000003E+01
       396         1         1        11
  -7.7069335049563277E-17   1.9151599999999998E+00   2.6416000000000004E+01
       397         1         1        11
  -7.7069335049563277E-17   1.9151599999999998E+00   3.1699200000000005E+01
       398         1         1        11
  -7.7069335049563277E-17   1.9151599999999998E+00   3.6982400000000005E+01
       399         1         1        11
  -7.7069335049563277E-17   1.9151599999999998E+00   4.2265600000000006E+01
       400         1         1        11
  -7.7069335049563277E-17   1.9151599999999998E+00   4.7548800000000007E+01
       401         1         1        11
  -7.7069335049563277E-17   1.9151599999999998E+00   5.2832000000000008E+01
       402         1         1        11
  -7.7069335049563277E-17   1.9151599999999998E+00   5.8115200000000009E+01
       403         1         1        11
  -7.7069335049563277E-17   1.9151599999999998E+00   6.3398400000000009E+01
       404         1         1        11
  -7.7069335049563277E-17   1.9151599999999998E+00   6.8681600000000003E+01
       405         1         1        11
  -7.7069335049563277E-17   1.9151599999999998E+00   7.3964799999999997E+01
       406         1         1        11
  -7.7069335049563277E-17   1.9151599999999998E+00   7.9247999999999990E+01
       407         1         1        11
  -7.7069335049563277E-17   1.9151599999999998E+00   8.4531199999999984E+01
       408         1         1        11
  -7.7069335049563277E-17   1.9151599999999998E+00   8.9814399999999978E+01
       409         1         1        11
  -7.7069335049563277E-17   1.9151599999999998E+00   9.5097599999999971E+01
       410         1         1        11
  -7.7069335049563277E-17   1.9151599999999998E+00   1.0038079999999997E+02
       411         1         1        11
  -7.7069335049563277E-17   1.9151599999999998E+00   1.0566399999999996E+02
       412         1         1        11
  -7.7069335049563277E-17   1.9151599999999998E+00   1.1094719999999995E+02
       413         1         1        11
  -7.7069335049563277E-17   1.9151599999999998E+00   1.1623039999999995E+02
       414         1         1        11
  -7.7069335049563277E-17   1.9151599999999998E+00   1.2151359999999994E+02
       415         1         1        11
  -7.7069335049563277E-17   1.9151599999999998E+00   1.2679679999999993E+02
       416         1         1        11
  -7.7069335049563277E-17   1.9151599999999998E+00   1.3207999999999993E+02
       417         1         1        11
  -2.2114362830824068E+00   1.9151600000000006E+00   0.0000000000000000E+00
       418         1         1        11
  -2.7642953538530088E+00   9.5758000000000076E-01   0.0000000000000000E+00
       419         1         1        11
  -2.2114362830824073E+00   8.8817841970012523E-16   0.0000000000000000E+00
       420         1         1        11
  -1.6585772123118054E+00   9.5758000000000043E-01   0.0000000000000000E+00
       421         1         1        11
  -2.2114362830824068E+00   1.9151600000000006E+00   5.2832000000000008E+00
       422         1         1        11
  -2.2114362830824068E+00   1.9151600000000006E+00   1.0566400000000002E+01
       423         1         1        11
  -2.2114362830824068E+00   1.9151600000000006E+00   1.5849600000000002E+01
       424         1         1        11
  -2.2114362830824068E+00   1.9151600000000006E+00   2.1132800000000003E+01
       425         1         1        11
  -2.2114362830824068E+00   1.9151600000000006E+00   2.6416000000000004E+01
       426         1         1        11
  -2.2114362830824068E+00   1.9151600000000006E+00   3.1699200000000005E+01
       427         1         1        11
  -2.2114362830824068E+00   1.9151600000000006E+00   3.6982400000000005E+01
       428         1         1        11
  -2.2114362830824068E+00   1.9151600000000006E+00   4.2265600000000006E+01
       429         1         1        11
  -2.2114362830824068E+00   1.9151600000000006E+00   4.7548800000000007E+01
       430         1         1        11
  -2.2114362830824068E+00   1.9151600000000006E+00   5.2832000000000008E+01
       431         1         1        11
  -2.2114362830824068E+00   1.9151600000000006E+00   5.8115200000000009E+01
       432         1         1        11
  -2.2114362830824068E+00   1.9151600000000006E+00   6.3398400000000009E+01
       433         1         1        11
  -2.2114362830824068E+00   1.9151600000000006E+00   6.8681600000000003E+01
       434         1         1        11
  -2.2114362830824068E+00   1.9151600000000006E+00   7.3964799999999997E+01
       435         1         1        11
  -2.2114362830824068E+00   1.9151600000000006E+00   7.9247999999999990E+01
       436         1         1        11
  -2.2114362830824068E+00   1.9151600000000006E+00   8.4531199999999984E+01
       437         1         1        11
  -2.2114362830824068E+00   1.9151600000000006E+00   8.9814399999999978E+01
       438         1         1        11
  -2.2114362830824068E+00   1.9151600000000006E+00   9.5097599999999971E+01
       439         1         1        11
  -2.2114362830824068E+00   1.9151600000000006E+00   1.0038079999999997E+02
       440         1         1        11
  -2.2114362830824068E+00   1.9151600000000006E+00   1.0566399999999996E+02
       441         1         1        11
  -2.2114362830824068E+00   1.9151600000000006E+00   1.1094719999999995E+02
       442         1         1        11
  -2.2114362830824068E+00   1.9151600000000006E+00   1.1623039999999995E+02
       443         1         1        11
  -2.2114362830824068E+00   1.9151600000000006E+00   1.2151359999999994E+02
       444         1         1        11
  -2.2114362830824068E+00   1.9151600000000006E+00   1.2679679999999993E+02
       445         1         1        11
  -2.2114362830824068E+00   1.9151600000000006E+00   1.3207999999999993E+02
       446         1         1        11
  -2.7642953538530088E+00   9.5758000000000076E-01   5.2832000000000008E+00
       447         1         1        11
  -2.7642953538530088E+00   9.5758000000000076E-01   1.0566400000000002E+01
       448         1         1        11
  -2.7642953538530088E+00   9.5758000000000076E-01   1.5849600000000002E+01
       449         1         1        11
  -2.7642953538530088E+00   9.5758000000000076E-01   2.1132800000000003E+01
       450         1         1        11
  -2.7642953538530088E+00   9.5758000000000076E-01   2.6416000000000004E+01
       451         1         1        11
  -2.7642953538530088E+00   9.5758000000000076E-01   3.1699200000000005E+01
       452         1         1        11
  -2.7642953538530088E+00   9.5758000000000076E-01   3.6982400000000005E+01
       453         1         1        11
  -2.7642953538530088E+00   9.5758000000000076E-01   4.2265600000000006E+01
       454         1         1        11
  -2.7642953538530088E+00   9.5758000000000076E-01   4.7548800000000007E+01
       455         1         1        11
  -2.7642953538530088E+00   9.5758000000000076E-01   5.2832000000000008E+01
       456         1         1        11
  -2.7642953538530088E+00   9.5758000000000076E-01   5.8115200000000009E+01
       457         1         1        11
  -2.7642953538530088E+00   9.5758000000000076E-01   6.3398400000000009E+01
       458         1         1        11
  -2.7642953538530088E+00   9.5758000000000076E-01   6.8681600000000003E+01
       459         1         1        11
  -2.7642953538530088E+00   9.5758000000000076E-01   7.3964799999999997E+01
       460         1         1        11
  -2.7642953538530088E+00   9.5758000000000076E-01   7.9247999999999990E+01
       461         1         1        11
  -2.7642953538530088E+00   9.5758000000000076E-01   8.4531199999999984E+01
       462         1         1        11
  -2.7642953538530088E+00   9.5758000000000076E-01   8.9814399999999978E+01
       463         1         1        11
  -2.7642953538530088E+00   9.5758000000000076E-01   9.5097599999999971E+01
       464         1         1        11
  -2.7642953538530088E+00   9.5758000000000076E-01   1.0038079999999997E+02
       465         1         1        11
  -2.7642953538530088E+00   9.5758000000000076E-01   1.0566399999999996E+02
       466         1         1        11
  -2.7642953538530088E+00   9.5758000000000076E-01   1.1094719999999995E+02
       467         1         1        11
  -2.7642953538530088E+00   9.5758000000000076E-01   1.1623039999999995E+02
       468         1         1        11
  -2.7642953538530088E+00   9.5758000000000076E-01   1.2151359999999994E+02
       469         1         1        11
  -2.7642953538530088E+00   9.5758000000000076E-01   1.2679679999999993E+02
       470         1         1        11
  -2.7642953538530088E+00   9.5758000000000076E-01   1.3207999999999993E+02
       471         1         1        11
  -2.2114362830824073E+00   8.8817841970012523E-16   5.2832000000000008E+00
       472         1         1        11
  -2.2114362830824073E+00   8.8817841970012523E-16   1.0566400000000002E+01
       473         1         1        11
  -2.2114362830824073E+00   8.8817841970012523E-16   1.5849600000000002E+01
       474         1         1        11
  -2.2114362830824073E+00   8.8817841970012523E-16   2.1132800000000003E+01
       475         1         1        11
  -2.2114362830824073E+00   8.8817841970012523E-16   2.6416000000000004E+01
       476         1         1        11
  -2.2114362830824073E+00   8.8817841970012523E-16   3.1699200000000005E+01
       477         1         1        11
  -2.2114362830824073E+00   8.8817841970012523E-16   3.6982400000000005E+01
       478         1         1        11
  -2.2114362830824073E+00   8.8817841970012523E-16   4.2265600000000006E+01
       479         1         1        11
  -2.2114362830824073E+00   8.8817841970012523E-16   4.7548800000000007E+01
       480         1         1        11
  -2.2114362830824073E+00   8.8817841970012523E-16   5.2832000000000008E+01
       481         1         1        11
  -2.2114362830824073E+00   8.8817841970012523E-16   5.8115200000000009E+01
       482         1         1        11
  -2.2114362830824073E+00   8.8817841970012523E-16   6.3398400000000009E+01
       483         1         1        11
  -2.2114362830824073E+00   8.8817841970012523E-16   6.8681600000000003E+01
       484         1         1        11
  -2.2114362830824073E+00   8.8817841970012523E-16   7.3964799999999997E+01
       485         1         1        11
  -2.2114362830824073E+00   8.8817841970012523E-16   7.9247999999999990E+01
       486         1         1        11
  -2.2114362830824073E+00   8.8817841970012523E-16   8.4531199999999984E+01
       487         1         1        11
  -2.2114362830824073E+00   8.8817841970012523E-16   8.9814399999999978E+01
       488         1         1        11
  -2.2114362830824073E+00   8.8817841970012523E-16   9.5097599999999971E+01
       489         1         1        11
  -2.2114362830824073E+00   8.8817841970012523E-16   1.0038079999999997E+02
       490         1         1        11
  -2.2114362830824073E+00   8.8817841970012523E-16   1.0566399999999996E+02
       491         1         1        11
  -2.2114362830824073E+00   8.8817841970012523E-16   1.1094719999999995E+02
       492         1         1        11
  -2.2114362830824073E+00   8.8817841970012523E-16   1.1623039999999995E+02
       493         1         1        11
  -2.2114362830824073E+00   8.8817841970012523E-16   1.2151359999999994E+02
       494         1         1        11
  -2.2114362830824073E+00   8.8817841970012523E-16   1.2679679999999993E+02
       495         1         1        11
  -2.2114362830824073E+00   8.8817841970012523E-16   1.3207999999999993E+02
       496         1         1        11
  -1.6585772123118054E+00   9.5758000000000043E-01   5.2832000000000008E+00
       497         1         1        11
  -1.6585772123118054E+00   9.5758000000000043E-01   1.0566400000000002E+01
       498         1         1        11
  -1.6585772123118054E+00   9.5758000000000043E-01   1.5849600000000002E+01
       499         1         1        11
  -1.6585772123118054E+00   9.5758000000000043E-01   2.1132800000000003E+01
       500         1         1        11
  -1.6585772123118054E+00   9.5758000000000043E-01   2.6416000000000004E+01
       501         1         1        11
  -1.6585772123118054E+00   9.5758000000000043E-01   3.1699200000000005E+01
       502         1         1        11
  -1.6585772123118054E+00   9.5758000000000043E-01   3.6982400000000005E+01
       503         1         1        11
  -1.6585772123118054E+00   9.5758000000000043E-01   4.2265600000000006E+01
       504         1         1        11
  -1.6585772123118054E+00   9.5758000000000043E-01   4.7548800000000007E+01
       505         1         1        11
  -1.6585772123118054E+00   9.5758000000000043E-01   5.2832000000000008E+01
       506         1         1        11
  -1.6585772123118054E+00   9.5758000000000043E-01   5.8115200000000009E+01
       507         1         1        11
  -1.6585772123118054E+00   9.5758000000000043E-01   6.3398400000000009E+01
       508         1         1        11
  -1.6585772123118054E+00   9.5758000000000043E-01   6.8681600000000003E+01
       509         1         1        11
  -1.6585772123118054E+00   9.5758000000000043E-01   7.3964799999999997E+01
       510         1         1        11
  -1.6585772123118054E+00   9.5758000000000043E-01   7.9247999999999990E+01
       511         1         1        11
  -1.6585772123118054E+00   9.5758000000000043E-01   8.4531199999999984E+01
       512         1         1        11
  -1.6585772123118054E+00   9.5758000000000043E-01   8.9814399999999978E+01
       513         1         1        11
  -1.6585772123118054E+00   9.5758000000000043E-01   9.5097599999999971E+01
       514         1         1        11
  -1.6585772123118054E+00   9.5758000000000043E-01   1.0038079999999997E+02
       515         1         1        11
  -1.6585772123118054E+00   9.5758000000000043E-01   1.0566399999999996E+02
       516         1         1        11
  -1.6585772123118054E+00   9.5758000000000043E-01   1.1094719999999995E+02
       517         1         1        11
  -1.6585772123118054E+00   9.5758000000000043E-01   1.1623039999999995E+02
       518         1         1        11
  -1.6585772123118054E+00   9.5758000000000043E-01   1.2151359999999994E+02
       519         1         1        11
  -1.6585772123118054E+00   9.5758000000000043E-01   1.2679679999999993E+02
       520         1         1        11
  -1.6585772123118054E+00   9.5758000000000043E-01   1.3207999999999993E+02
       521         1         1        11
  -2.7642953538530097E+00  -9.5757999999999932E-01   0.0000000000000000E+00
       522         1         1        11
  -2.2114362830824081E+00  -1.9151599999999993E+00   0.0000000000000000E+00
       523         1         1        11
  -1.1057181415412050E+00  -1.9151599999999998E+00   0.0000000000000000E+00
       524         1         1        11
  -1.6585772123118061E+00  -9.5757999999999965E-01   0.0000000000000000E+00
       525         1         1        11
  -2.7642953538530097E+00  -9.5757999999999932E-01   5.2832000000000008E+00
       526         1         1        11
  -2.7642953538530097E+00  -9.5757999999999932E-01   1.0566400000000002E+01
       527         1         1        11
  -2.7642953538530097E+00  -9.5757999999999932E-01   1.5849600000000002E+01
       528         1         1        11
  -2.7642953538530097E+00  -9.5757999999999932E-01   2.1132800000000003E+01
       529         1         1        11
  -2.7642953538530097E+00  -9.5757999999999932E-01   2.6416000000000004E+01
       530         1         1        11
  -2.7642953538530097E+00  -9.5757999999999932E-01   3.1699200000000005E+01
       531         1         1        11
  -2.7642953538530097E+00  -9.5757999999999932E-01   3.6982400000000005E+01
       532         1         1        11
  -2.7642953538530097E+00  -9.5757999999999932E-01   4.2265600000000006E+01
       533         1         1        11
  -2.7642953538530097E+00  -9.5757999999999932E-01   4.7548800000000007E+01
       534         1         1        11
  -2.7642953538530097E+00  -9.5757999999999932E-01   5.2832000000000008E+01
       535         1         1        11
  -2.7642953538530097E+00  -9.5757999999999932E-01   5.8115200000000009E+01
       536         1         1        11
  -2.7642953538530097E+00  -9.5757999999999932E-01   6.3398400000000009E+01
       537         1         1        11
  -2.7642953538530097E+00  -9.5757999999999932E-01   6.8681600000000003E+01
       538         1         1        11
  -2.7642953538530097E+00  -9.5757999999999932E-01   7.3964799999999997E+01
       539         1         1        11
  -2.7642953538530097E+00  -9.5757999999999932E-01   7.9247999999999990E+01
       540         1         1        11
  -2.7642953538530097E+00  -9.5757999999999932E-01   8.4531199999999984E+01
       541         1         1        11
  -2.7642953538530097E+00  -9.5757999999999932E-01   8.9814399999999978E+01
       542         1         1        11
  -2.7642953538530097E+00  -9.5757999999999932E-01   9.5097599999999971E+01
       543         1         1        11
  -2.7642953538530097E+00  -9.5757999999999932E-01   1.0038079999999997E+02
       544         1         1        11
  -2.7642953538530097E+00  -9.5757999999999932E-01   1.0566399999999996E+02
       545         1         1        11
  -2.7642953538530097E+00  -9.5757999999999932E-01   1.1094719999999995E+02
       546         1         1        11
  -2.7642953538530097E+00  -9.5757999999999932E-01   1.1623039999999995E+02
       547         1         1        11
  -2.7642953538530097E+00  -9.5757999999999932E-01   1.2151359999999994E+02
       548         1         1        11
  -2.7642953538530097E+00  -9.5757999999999932E-01   1.2679679999999993E+02
       549         1         1        11
  -2.7642953538530097E+00  -9.5757999999999932E-01   1.3207999999999993E+02
       550         1         1        11
  -2.2114362830824081E+00  -1.9151599999999993E+00   5.2832000000000008E+00
       551         1         1        11
  -2.2114362830824081E+00  -1.9151599999999993E+00   1.0566400000000002E+01
       552         1         1        11
  -2.2114362830824081E+00  -1.9151599999999993E+00   1.5849600000000002E+01
       553         1         1        11
  -2.2114362830824081E+00  -1.9151599999999993E+00   2.1132800000000003E+01
       554         1         1        11
  -2.2114362830824081E+00  -1.9151599999999993E+00   2.6416000000000004E+01
       555         1         1        11
  -2.2114362830824081E+00  -1.9151599999999993E+00   3.1699200000000005E+01
       556         1         1        11
  -2.2114362830824081E+00  -1.9151599999999993E+00   3.6982400000000005E+01
       557         1         1        11
  -2.2114362830824081E+00  -1.9151599999999993E+00   4.2265600000000006E+01
       558         1         1        11
  -2.2114362830824081E+00  -1.9151599999999993E+00   4.7548800000000007E+01
       559         1         1        11
  -2.2114362830824081E+00  -1.9151599999999993E+00   5.2832000000000008E+01
       560         1         1        11
  -2.2114362830824081E+00  -1.9151599999999993E+00   5.8115200000000009E+01
       561         1         1        11
  -2.2114362830824081E+00  -1.9151599999999993E+00   6.3398400000000009E+01
       562         1         1        11
  -2.2114362830824081E+00  -1.9151599999999993E+00   6.8681600000000003E+01
       563         1         1        11
  -2.2114362830824081E+00  -1.9151599999999993E+00   7.3964799999999997E+01
       564         1         1        11
  -2.2114362830824081E+00  -1.9151599999999993E+00   7.9247999999999990E+01
       565         1         1        11
  -2.2114362830824081E+00  -1.9151599999999993E+00   8.4531199999999984E+01
       566         1         1        11
  -2.2114362830824081E+00  -1.9151599999999993E+00   8.9814399999999978E+01
       567         1         1        11
  -2.2114362830824081E+00  -1.9151599999999993E+00   9.5097599999999971E+01
       568         1         1        11
  -2.2114362830824081E+00  -1.9151599999999993E+00   1.0038079999999997E+02
       569         1         1        11
  -2.2114362830824081E+00  -1.9151599999999993E+00   1.0566399999999996E+02
       570         1         1        11
  -2.2114362830824081E+00  -1.9151599999999993E+00   1.1094719999999995E+02
       571         1         1        11
  -2.2114362830824081E+00  -1.9151599999999993E+00   1.1623039999999995E+02
       572         1         1        11
  -2.2114362830824081E+00  -1.9151599999999993E+00   1.2151359999999994E+02
       573         1         1        11
  -2.2114362830824081E+00  -1.9151599999999993E+00   1.2679679999999993E+02
       574         1         1        11
  -2.2114362830824081E+00  -1.9151599999999993E+00   1.3207999999999993E+02
       575         1         1        11
  -1.1057181415412050E+00  -1.9151599999999998E+00   5.2832000000000008E+00
       576         1         1        11
  -1.1057181415412050E+00  -1.9151599999999998E+00   1.0566400000000002E+01
       577         1         1        11
  -1.1057181415412050E+00  -1.9151599999999998E+00   1.5849600000000002E+01
       578         1         1        11
  -1.1057181415412050E+00  -1.9151599999999998E+00   2.1132800000000003E+01
       579         1         1        11
  -1.1057181415412050E+00  -1.9151599999999998E+00   2.6416000000000004E+01
       580         1         1        11
  -1.1057181415412050E+00  -1.9151599999999998E+00   3.1699200000000005E+01
       581         1         1        11
  -1.1057181415412050E+00  -1.9151599999999998E+00   3.6982400000000005E+01
       582         1         1        11
  -1.1057181415412050E+00  -1.9151599999999998E+00   4.2265600000000006E+01
       583         1         1        11
  -1.1057181415412050E+00  -1.9151599999999998E+00   4.7548800000000007E+01
       584         1         1        11
  -1.1057181415412050E+00  -1.9151599999999998E+00   5.2832000000000008E+01
       585         1         1        11
  -1.1057181415412050E+00  -1.9151599999999998E+00   5.8115200000000009E+01
       586         1         1        11
  -1.1057181415412050E+00  -1.9151599999999998E+00   6.3398400000000009E+01
       587         1         1        11
  -1.1057181415412050E+00  -1.9151599999999998E+00   6.8681600000000003E+01
       588         1         1        11
  -1.1057181415412050E+00  -1.9151599999999998E+00   7.3964799999999997E+01
       589         1         1        11
  -1.1057181415412050E+00  -1.9151599999999998E+00   7.9247999999999990E+01
       590         1         1        11
  -1.1057181415412050E+00  -1.9151599999999998E+00   8.4531199999999984E+01
       591         1         1        11
  -1.1057181415412050E+00  -1.9151599999999998E+00   8.9814399999999978E+01
       592         1         1        11
  -1.1057181415412050E+00  -1.9151599999999998E+00   9.5097599999999971E+01
       593         1         1        11
  -1.1057181415412050E+00  -1.9151599999999998E+00   1.0038079999999997E+02
       594         1         1        11
  -1.1057181415412050E+00  -1.9151599999999998E+00   1.0566399999999996E+02
       595         1         1        11
  -1.1057181415412050E+00  -1.9151599999999998E+00   1.1094719999999995E+02
       596         1         1        11
  -1.1057181415412050E+00  -1.9151599999999998E+00   1.1623039999999995E+02
       597         1         1        11
  -1.1057181415412050E+00  -1.9151599999999998E+00   1.2151359999999994E+02
       598         1         1        11
  -1.1057181415412050E+00  -1.9151599999999998E+00   1.2679679999999993E+02
       599         1         1        11
  -1.1057181415412050E+00  -1.9151599999999998E+00   1.3207999999999993E+02
       600         1         1        11
  -1.6585772123118061E+00  -9.5757999999999965E-01   5.2832000000000008E+00
       601         1         1        11
  -1.6585772123118061E+00  -9.5757999999999965E-01   1.0566400000000002E+01
       602         1         1        11
  -1.6585772123118061E+00  -9.5757999999999965E-01   1.5849600000000002E+01
       603         1         1        11
  -1.6585772123118061E+00  -9.5757999999999965E-01   2.1132800000000003E+01
       604         1         1        11
  -1.6585772123118061E+00  -9.5757999999999965E-01   2.6416000000000004E+01
       605         1         1        11
  -1.6585772123118061E+00  -9.5757999999999965E-01   3.1699200000000005E+01
       606         1         1        11
  -1.6585772123118061E+00  -9.5757999999999965E-01   3.6982400000000005E+01
       607         1         1        11
  -1.6585772123118061E+00  -9.5757999999999965E-01   4.2265600000000006E+01
       608         1         1        11
  -1.6585772123118061E+00  -9.5757999999999965E-01   4.7548800000000007E+01
       609         1         1        11
  -1.6585772123118061E+00  -9.5757999999999965E-01   5.2832000000000008E+01
       610         1         1        11
  -1.6585772123118061E+00  -9.5757999999999965E-01   5.8115200000000009E+01
       611         1         1        11
  -1.6585772123118061E+00  -9.5757999999999965E-01   6.3398400000000009E+01
       612         1         1        11
  -1.6585772123118061E+00  -9.5757999999999965E-01   6.8681600000000003E+01
       613         1         1        11
  -1.6585772123118061E+00  -9.5757999999999965E-01   7.3964799999999997E+01
       614         1         1        11
  -1.6585772123118061E+00  -9.5757999999999965E-01   7.9247999999999990E+01
       615         1         1        11
  -1.6585772123118061E+00  -9.5757999999999965E-01   8.4531199999999984E+01
       616         1         1        11
  -1.6585772123118061E+00  -9.5757999999999965E-01   8.9814399999999978E+01
       617         1         1        11
  -1.6585772123118061E+00  -9.5757999999999965E-01   9.5097599999999971E+01
       618         1         1        11
  -1.6585772123118061E+00  -9.5757999999999965E-01   1.0038079999999997E+02
       619         1         1        11
  -1.6585772123118061E+00  -9.5757999999999965E-01   1.0566399999999996E+02
       620         1         1        11
  -1.6585772123118061E+00  -9.5757999999999965E-01   1.1094719999999995E+02
       621         1         1        11
  -1.6585772123118061E+00  -9.5757999999999965E-01   1.1623039999999995E+02
       622         1         1        11
  -1.6585772123118061E+00  -9.5757999999999965E-01   1.2151359999999994E+02
       623         1         1        11
  -1.6585772123118061E+00  -9.5757999999999965E-01   1.2679679999999993E+02
       624         1         1        11
  -1.6585772123118061E+00  -9.5757999999999965E-01   1.3207999999999993E+02
       625         1         1        11
   1.1057181415412032E+00  -1.9151600000000000E+00   0.0000000000000000E+00
       626         1         1        11
  -5.5285907077060259E-01  -2.8727399999999998E+00   0.0000000000000000E+00
       627         1         1        11
   5.5285907077060070E-01  -2.8727400000000003E+00   0.0000000000000000E+00
       628         1         1        11
  -5.4614824782057220E-16  -1.9151600000000002E+00   0.0000000000000000E+00
       629         1         1        11
   1.1057181415412032E+00  -1.9151600000000000E+00   5.2832000000000008E+00
       630         1         1        11
   1.1057181415412032E+00  -1.9151600000000000E+00   1.0566400000000002E+01
       631         1         1        11
   1.1057181415412032E+00  -1.9151600000000000E+00   1.5849600000000002E+01
       632         1         1        11
   1.1057181415412032E+00  -1.9151600000000000E+00   2.1132800000000003E+01
       633         1         1        11
   1.1057181415412032E+00  -1.9151600000000000E+00   2.6416000000000004E+01
       634         1         1        11
   1.1057181415412032E+00  -1.9151600000000000E+00   3.1699200000000005E+01
       635         1         1        11
   1.1057181415412032E+00  -1.9151600000000000E+00   3.6982400000000005E+01
       636         1         1        11
   1.1057181415412032E+00  -1.9151600000000000E+00   4.2265600000000006E+01
       637         1         1        11
   1.1057181415412032E+00  -1.9151600000000000E+00   4.7548800000000007E+01
       638         1         1        11
   1.1057181415412032E+00  -1.9151600000000000E+00   5.2832000000000008E+01
       639         1         1        11
   1.1057181415412032E+00  -1.9151600000000000E+00   5.8115200000000009E+01
       640         1         1        11
   1.1057181415412032E+00  -1.9151600000000000E+00   6.3398400000000009E+01
       641         1         1        11
   1.1057181415412032E+00  -1.9151600000000000E+00   6.8681600000000003E+01
       642         1         1        11
   1.1057181415412032E+00  -1.9151600000000000E+00   7.3964799999999997E+01
       643         1         1        11
   1.1057181415412032E+00  -1.9151600000000000E+00   7.9247999999999990E+01
       644         1         1        11
   1.1057181415412032E+00  -1.9151600000000000E+00   8.4531199999999984E+01
       645         1         1        11
   1.1057181415412032E+00  -1.9151600000000000E+00   8.9814399999999978E+01
       646         1         1        11
   1.1057181415412032E+00  -1.9151600000000000E+00   9.5097599999999971E+01
       647         1         1        11
   1.1057181415412032E+00  -1.9151600000000000E+00   1.0038079999999997E+02
       648         1         1        11
   1.1057181415412032E+00  -1.9151600000000000E+00   1.0566399999999996E+02
       649         1         1        11
   1.1057181415412032E+00  -1.9151600000000000E+00   1.1094719999999995E+02
       650         1         1        11
   1.1057181415412032E+00  -1.9151600000000000E+00   1.1623039999999995E+02
       651         1         1        11
   1.1057181415412032E+00  -1.9151600000000000E+00   1.2151359999999994E+02
       652         1         1        11
   1.1057181415412032E+00  -1.9151600000000000E+00   1.2679679999999993E+02
       653         1         1        11
   1.1057181415412032E+00  -1.9151600000000000E+00   1.3207999999999993E+02
       654         1         1        11
  -5.5285907077060259E-01  -2.8727399999999998E+00   5.2832000000000008E+00
       655         1         1        11
  -5.5285907077060259E-01  -2.8727399999999998E+00   1.0566400000000002E+01
       656         1         1        11
  -5.5285907077060259E-01  -2.8727399999999998E+00   1.5849600000000002E+01
       657         1         1        11
  -5.5285907077060259E-01  -2.8727399999999998E+00   2.1132800000000003E+01
       658         1         1        11
  -5.5285907077060259E-01  -2.8727399999999998E+00   2.6416000000000004E+01
       659         1         1        11
  -5.5285907077060259E-01  -2.8727399999999998E+00   3.1699200000000005E+01
       660         1         1        11
  -5.5285907077060259E-01  -2.8727399999999998E+00   3.6982400000000005E+01
       661         1         1        11
  -5.5285907077060259E-01  -2.8727399999999998E+00   4.2265600000000006E+01
       662         1         1        11
  -5.5285907077060259E-01  -2.8727399999999998E+00   4.7548800000000007E+01
       663         1         1        11
  -5.5285907077060259E-01  -2.8727399999999998E+00   5.2832000000000008E+01
       664         1         1        11
  -5.5285907077060259E-01  -2.8727399999999998E+00   5.8115200000000009E+01
       665         1         1        11
  -5.5285907077060259E-01  -2.8727399999999998E+00   6.3398400000000009E+01
       666         1         1        11
  -5.5285907077060259E-01  -2.8727399999999998E+00   6.8681600000000003E+01
       667         1         1        11
  -5.5285907077060259E-01  -2.8727399999999998E+00   7.3964799999999997E+01
       668         1         1        11
  -5.5285907077060259E-01  -2.8727399999999998E+00   7.9247999999999990E+01
       669         1         1        11
  -5.5285907077060259E-01  -2.8727399999999998E+00   8.4531199999999984E+01
       670         1         1        11
  -5.5285907077060259E-01  -2.8727399999999998E+00   8.9814399999999978E+01
       671         1         1        11
  -5.5285907077060259E-01  -2.8727399999999998E+00   9.5097599999999971E+01
       672         1         1        11
  -5.5285907077060259E-01  -2.8727399999999998E+00   1.0038079999999997E+02
       673         1         1        11
  -5.5285907077060259E-01  -2.8727399999999998E+00   1.0566399999999996E+02
       674         1         1        11
  -5.5285907077060259E-01  -2.8727399999999998E+00   1.1094719999999995E+02
       675         1         1        11
  -5.5285907077060259E-01  -2.8727399999999998E+00   1.1623039999999995E+02
       676         1         1        11
  -5.5285907077060259E-01  -2.8727399999999998E+00   1.2151359999999994E+02
       677         1         1        11
  -5.5285907077060259E-01  -2.8727399999999998E+00   1.2679679999999993E+02
       678         1         1        11
  -5.5285907077060259E-01  -2.8727399999999998E+00   1.3207999999999993E+02
       679         1         1        11
   5.5285907077060070E-01  -2.8727400000000003E+00   5.2832000000000008E+00
       680         1         1        11
   5.5285907077060070E-01  -2.8727400000000003E+00   1.0566400000000002E+01
       681         1         1        11
   5.5285907077060070E-01  -2.8727400000000003E+00   1.5849600000000002E+01
       682         1         1        11
   5.5285907077060070E-01  -2.8727400000000003E+00   2.1132800000000003E+01
       683         1         1        11
   5.5285907077060070E-01  -2.8727400000000003E+00   2.6416000000000004E+01
       684         1         1        11
   5.5285907077060070E-01  -2.8727400000000003E+00   3.1699200000000005E+01
       685         1         1        11
   5.5285907077060070E-01  -2.8727400000000003E+00   3.6982400000000005E+01
       686         1         1        11
   5.5285907077060070E-01  -2.8727400000000003E+00   4.2265600000000006E+01
       687         1         1        11
   5.5285907077060070E-01  -2.8727400000000003E+00   4.7548800000000007E+01
       688         1         1        11
   5.5285907077060070E-01  -2.8727400000000003E+00   5.2832000000000008E+01
       689         1         1        11
   5.5285907077060070E-01  -2.8727400000000003E+00   5.8115200000000009E+01
       690         1         1        11
   5.5285907077060070E-01  -2.8727400000000003E+00   6.3398400000000009E+01
       691         1         1        11
   5.5285907077060070E-01  -2.8727400000000003E+00   6.8681600000000003E+01
       692         1         1        11
   5.5285907077060070E-01  -2.8727400000000003E+00   7.3964799999999997E+01
       693         1         1        11
   5.5285907077060070E-01  -2.8727400000000003E+00   7.9247999999999990E+01
       694         1         1        11
   5.5285907077060070E-01  -2.8727400000000003E+00   8.4531199999999984E+01
       695         1         1        11
   5.5285907077060070E-01  -2.8727400000000003E+00   8.9814399999999978E+01
       696         1         1        11
   5.5285907077060070E-01  -2.8727400000000003E+00   9.5097599999999971E+01
       697         1         1        11
   5.5285907077060070E-01  -2.8727400000000003E+00   1.0038079999999997E+02
       698         1         1        11
   5.5285907077060070E-01  -2.8727400000000003E+00   1.0566399999999996E+02
       699         1         1        11
   5.5285907077060070E-01  -2.8727400000000003E+00   1.1094719999999995E+02
       700         1         1        11
   5.5285907077060070E-01  -2.8727400000000003E+00   1.1623039999999995E+02
       701         1         1        11
   5.5285907077060070E-01  -2.8727400000000003E+00   1.2151359999999994E+02
       702         1         1        11
   5.5285907077060070E-01  -2.8727400000000003E+00   1.2679679999999993E+02
       703         1         1        11
   5.5285907077060070E-01  -2.8727400000000003E+00   1.3207999999999993E+02
       704         1         1        11
  -5.4614824782057220E-16  -1.9151600000000002E+00   5.2832000000000008E+00
       705         1         1        11
  -5.4614824782057220E-16  -1.9151600000000002E+00   1.0566400000000002E+01
       706         1         1        11
  -5.4614824782057220E-16  -1.9151600000000002E+00   1.5849600000000002E+01
       707         1         1        11
  -5.4614824782057220E-16  -1.9151600000000002E+00   2.1132800000000003E+01
       708         1         1        11
  -5.4614824782057220E-16  -1.9151600000000002E+00   2.6416000000000004E+01
       709         1         1        11
  -5.4614824782057220E-16  -1.9151600000000002E+00   3.1699200000000005E+01
       710         1         1        11
  -5.4614824782057220E-16  -1.9151600000000002E+00   3.6982400000000005E+01
       711         1         1        11
  -5.4614824782057220E-16  -1.9151600000000002E+00   4.2265600000000006E+01
       712         1         1        11
  -5.4614824782057220E-16  -1.9151600000000002E+00   4.7548800000000007E+01
       713         1         1        11
  -5.4614824782057220E-16  -1.9151600000000002E+00   5.2832000000000008E+01
       714         1         1        11
  -5.4614824782057220E-16  -1.9151600000000002E+00   5.8115200000000009E+01
       715         1         1        11
  -5.4614824782057220E-16  -1.9151600000000002E+00   6.3398400000000009E+01
       716         1         1        11
  -5.4614824782057220E-16  -1.9151600000000002E+00   6.8681600000000003E+01
       717         1         1        11
  -5.4614824782057220E-16  -1.9151600000000002E+00   7.3964799999999997E+01
       718         1         1        11
  -5.4614824782057220E-16  -1.9151600000000002E+00   7.9247999999999990E+01
       719         1         1        11
  -5.4614824782057220E-16  -1.9151600000000002E+00   8.4531199999999984E+01
       720         1         1        11
  -5.4614824782057220E-16  -1.9151600000000002E+00   8.9814399999999978E+01
       721         1         1        11
  -5.4614824782057220E-16  -1.9151600000000002E+00   9.5097599999999971E+01
       722         1         1        11
  -5.4614824782057220E-16  -1.9151600000000002E+00   1.0038079999999997E+02
       723         1         1        11
  -5.4614824782057220E-16  -1.9151600000000002E+00   1.0566399999999996E+02
       724         1         1        11
  -5.4614824782057220E-16  -1.9151600000000002E+00   1.1094719999999995E+02
       725         1         1        11
  -5.4614824782057220E-16  -1.9151600000000002E+00   1.1623039999999995E+02
       726         1         1        11
  -5.4614824782057220E-16  -1.9151600000000002E+00   1.2151359999999994E+02
       727         1         1        11
  -5.4614824782057220E-16  -1.9151600000000002E+00   1.2679679999999993E+02
       728         1         1        11
  -5.4614824782057220E-16  -1.9151600000000002E+00   1.3207999999999993E+02
       729         1         1        11
   2.7642953538530088E+00  -9.5758000000000087E-01   0.0000000000000000E+00
       730         1         1        11
   2.2114362830824059E+00  -1.9151600000000013E+00   0.0000000000000000E+00
       731         1         1        11
   1.6585772123118048E+00  -9.5758000000000110E-01   0.0000000000000000E+00
       732         1         1        11
   2.7642953538530088E+00  -9.5758000000000087E-01   5.2832000000000008E+00
       733         1         1        11
   2.7642953538530088E+00  -9.5758000000000087E-01   1.0566400000000002E+01
       734         1         1        11
   2.7642953538530088E+00  -9.5758000000000087E-01   1.5849600000000002E+01
       735         1         1        11
   2.7642953538530088E+00  -9.5758000000000087E-01   2.1132800000000003E+01
       736         1         1        11
   2.7642953538530088E+00  -9.5758000000000087E-01   2.6416000000000004E+01
       737         1         1        11
   2.7642953538530088E+00  -9.5758000000000087E-01   3.1699200000000005E+01
       738         1         1        11
   2.7642953538530088E+00  -9.5758000000000087E-01   3.6982400000000005E+01
       739         1         1        11
   2.7642953538530088E+00  -9.5758000000000087E-01   4.2265600000000006E+01
       740         1         1        11
   2.7642953538530088E+00  -9.5758000000000087E-01   4.7548800000000007E+01
       741         1         1        11
   2.7642953538530088E+00  -9.5758000000000087E-01   5.2832000000000008E+01
       742         1         1        11
   2.7642953538530088E+00  -9.5758000000000087E-01   5.8115200000000009E+01
       743         1         1        11
   2.7642953538530088E+00  -9.5758000000000087E-01   6.3398400000000009E+01
       744         1         1        11
   2.7642953538530088E+00  -9.5758000000000087E-01   6.8681600000000003E+01
       745         1         1        11
   2.7642953538530088E+00  -9.5758000000000087E-01   7.3964799999999997E+01
       746         1         1        11
   2.7642953538530088E+00  -9.5758000000000087E-01   7.9247999999999990E+01
       747         1         1        11
   2.7642953538530088E+00  -9.5758000000000087E-01   8.4531199999999984E+01
       748         1         1        11
   2.7642953538530088E+00  -9.5758000000000087E-01   8.9814399999999978E+01
       749         1         1        11
   2.7642953538530088E+00  -9.5758000000000087E-01   9.5097599999999971E+01
       750         1         1        11
   2.7642953538530088E+00  -9.5758000000000087E-01   1.0038079999999997E+02
       751         1         1        11
   2.7642953538530088E+00  -9.5758000000000087E-01   1.0566399999999996E+02
       752         1         1        11
   2.7642953538530088E+00  -9.5758000000000087E-01   1.1094719999999995E+02
       753         1         1        11
   2.7642953538530088E+00  -9.5758000000000087E-01   1.1623039999999995E+02
       754         1         1        11
   2.7642953538530088E+00  -9.5758000000000087E-01   1.2151359999999994E+02
       755         1         1        11
   2.7642953538530088E+00  -9.5758000000000087E-01   1.2679679999999993E+02
       756         1         1        11
   2.7642953538530088E+00  -9.5758000000000087E-01   1.3207999999999993E+02
       757         1         1        11
   2.2114362830824059E+00  -1.9151600000000013E+00   5.2832000000000008E+00
       758         1         1        11
   2.2114362830824059E+00  -1.9151600000000013E+00   1.0566400000000002E+01
       759         1         1        11
   2.2114362830824059E+00  -1.9151600000000013E+00   1.5849600000000002E+01
       760         1         1        11
   2.2114362830824059E+00  -1.9151600000000013E+00   2.1132800000000003E+01
       761         1         1        11
   2.2114362830824059E+00  -1.9151600000000013E+00   2.6416000000000004E+01
       762         1         1        11
   2.2114362830824059E+00  -1.9151600000000013E+00   3.1699200000000005E+01
       763         1         1        11
   2.2114362830824059E+00  -1.9151600000000013E+00   3.6982400000000005E+01
       764         1         1        11
   2.2114362830824059E+00  -1.9151600000000013E+00   4.2265600000000006E+01
       765         1         1        11
   2.2114362830824059E+00  -1.9151600000000013E+00   4.7548800000000007E+01
       766         1         1        11
   2.2114362830824059E+00  -1.9151600000000013E+00   5.2832000000000008E+01
       767         1         1        11
   2.2114362830824059E+00  -1.9151600000000013E+00   5.8115200000000009E+01
       768         1         1        11
   2.2114362830824059E+00  -1.9151600000000013E+00   6.3398400000000009E+01
       769         1         1        11
   2.2114362830824059E+00  -1.9151600000000013E+00   6.8681600000000003E+01
       770         1         1        11
   2.2114362830824059E+00  -1.9151600000000013E+00   7.3964799999999997E+01
       771         1         1        11
   2.2114362830824059E+00  -1.9151600000000013E+00   7.9247999999999990E+01
       772         1         1        11
   2.2114362830824059E+00  -1.9151600000000013E+00   8.4531199999999984E+01
       773         1         1        11
   2.2114362830824059E+00  -1.9151600000000013E+00   8.9814399999999978E+01
       774         1         1        11
   2.2114362830824059E+00  -1.9151600000000013E+00   9.5097599999999971E+01
       775         1         1        11
   2.2114362830824059E+00  -1.9151600000000013E+00   1.0038079999999997E+02
       776         1         1        11
   2.2114362830824059E+00  -1.9151600000000013E+00   1.0566399999999996E+02
       777         1         1        11
   2.2114362830824059E+00  -1.9151600000000013E+00   1.1094719999999995E+02
       778         1         1        11
   2.2114362830824059E+00  -1.9151600000000013E+00   1.1623039999999995E+02
       779         1         1        11
   2.2114362830824059E+00  -1.9151600000000013E+00   1.2151359999999994E+02
       780         1         1        11
   2.2114362830824059E+00  -1.9151600000000013E+00   1.2679679999999993E+02
       781         1         1        11
   2.2114362830824059E+00  -1.9151600000000013E+00   1.3207999999999993E+02
       782         1         1        11
   1.6585772123118048E+00  -9.5758000000000110E-01   5.2832000000000008E+00
       783         1         1        11
   1.6585772123118048E+00  -9.5758000000000110E-01   1.0566400000000002E+01
       784         1         1        11
   1.6585772123118048E+00  -9.5758000000000110E-01   1.5849600000000002E+01
       785         1         1        11
   1.6585772123118048E+00  -9.5758000000000110E-01   2.1132800000000003E+01
       786         1         1        11
   1.6585772123118048E+00  -9.5758000000000110E-01   2.6416000000000004E+01
       787         1         1        11
   1.6585772123118048E+00  -9.5758000000000110E-01   3.1699200000000005E+01
       788         1         1        11
   1.6585772123118048E+00  -9.5758000000000110E-01   3.6982400000000005E+01
       789         1         1        11
   1.6585772123118048E+00  -9.5758000000000110E-01   4.2265600000000006E+01
       790         1         1        11
   1.6585772123118048E+00  -9.5758000000000110E-01   4.7548800000000007E+01
       791         1         1        11
   1.6585772123118048E+00  -9.5758000000000110E-01   5.2832000000000008E+01
       792         1         1        11
   1.6585772123118048E+00  -9.5758000000000110E-01   5.8115200000000009E+01
       793         1         1        11
   1.6585772123118048E+00  -9.5758000000000110E-01   6.3398400000000009E+01
       794         1         1        11
   1.6585772123118048E+00  -9.5758000000000110E-01   6.8681600000000003E+01
       795         1         1        11
   1.6585772123118048E+00  -9.5758000000000110E-01   7.3964799999999997E+01
       796         1         1        11
   1.6585772123118048E+00  -9.5758000000000110E-01   7.9247999999999990E+01
       797         1         1        11
   1.6585772123118048E+00  -9.5758000000000110E-01   8.4531199999999984E+01
       798         1         1        11
   1.6585772123118048E+00  -9.5758000000000110E-01   8.9814399999999978E+01
       799         1         1        11
   1.6585772123118048E+00  -9.5758000000000110E-01   9.5097599999999971E+01
       800         1         1        11
   1.6585772123118048E+00  -9.5758000000000110E-01   1.0038079999999997E+02
       801         1         1        11
   1.6585772123118048E+00  -9.5758000000000110E-01   1.0566399999999996E+02
       802         1         1        11
   1.6585772123118048E+00  -9.5758000000000110E-01   1.1094719999999995E+02
       803         1         1        11
   1.6585772123118048E+00  -9.5758000000000110E-01   1.1623039999999995E+02
       804         1         1        11
   1.6585772123118048E+00  -9.5758000000000110E-01   1.2151359999999994E+02
       805         1         1        11
   1.6585772123118048E+00  -9.5758000000000110E-01   1.2679679999999993E+02
       806         1         1        11
   1.6585772123118048E+00  -9.5758000000000110E-01   1.3207999999999993E+02
    -1
    -1
  2412
         1        11         2         1         7         2
         0         1         1
         6         5
         2        11         2         1         7         2
         0         1         1
         5         4
         3        11         2         1         7         2
         0         1         1
         4         3
         4        11         2         1         7         2
         0         1         1
         3         2
         5        11         2         1         7         2
         0         1         1
         2         1
         6        11         2         1         7         2
         0         1         1
         1         6
       313        11         2         1         7         2
         0         1         1
         1       133
       314        11         2         1         7         2
         0         1         1
       133       134
       315        11         2         1         7         2
         0         1         1
       134       135
       316        11         2         1         7         2
         0         1         1
       135       136
       317        11         2         1         7         2
         0         1         1
       136       137
       318        11         2         1         7         2
         0         1         1
       137       138
       319        11         2         1         7         2
         0         1         1
       138       139
       320        11         2         1         7         2
         0         1         1
       139       140
       321        11         2         1         7         2
         0         1         1
       140       141
       322        11         2         1         7         2
         0         1         1
       141       142
       323        11         2         1         7         2
         0         1         1
       142       143
       324        11         2         1         7         2
         0         1         1
       143       144
       325        11         2         1         7         2
         0         1         1
       144       145
       326        11         2         1         7         2
         0         1         1
       145       146
       327        11         2         1         7         2
         0         1         1
       146       147
       328        11         2         1         7         2
         0         1         1
       147       148
       329        11         2         1         7         2
         0         1         1
       148       149
       330        11         2         1         7         2
         0         1         1
       149       150
       331        11         2         1         7         2
         0         1         1
       150       151
       332        11         2         1         7         2
         0         1         1
       151       152
       333        11         2         1         7         2
         0         1         1
       152       153
       334        11         2         1         7         2
         0         1         1
       153       154
       335        11         2         1         7         2
         0         1         1
       154       155
       336        11         2         1         7         2
         0         1         1
       155       156
       337        11         2         1         7         2
         0         1         1
       156       157
       338        11         2         1         7         2
         0         1         1
         2       108
       339        11         2         1         7         2
         0         1         1
       108       109
       340        11         2         1         7         2
         0         1         1
       109       110
       341        11         2         1         7         2
         0         1         1
       110       111
       342        11         2         1         7         2
         0         1         1
       111       112
       343        11         2         1         7         2
         0         1         1
       112       113
       344        11         2         1         7         2
         0         1         1
       113       114
       345        11         2         1         7         2
         0         1         1
       114       115
       346        11         2         1         7         2
         0         1         1
       115       116
       347        11         2         1         7         2
         0         1         1
       116       117
       348        11         2         1         7         2
         0         1         1
       117       118
       349        11         2         1         7         2
         0         1         1
       118       119
       350        11         2         1         7         2
         0         1         1
       119       120
       351        11         2         1         7         2
         0         1         1
       120       121
       352        11         2         1         7         2
         0         1         1
       121       122
       353        11         2         1         7         2
         0         1         1
       122       123
       354        11         2         1         7         2
         0         1         1
       123       124
       355        11         2         1         7         2
         0         1         1
       124       125
       356        11         2         1         7         2
         0         1         1
       125       126
       357        11         2         1         7         2
         0         1         1
       126       127
       358        11         2         1         7         2
         0         1         1
       127       128
       359        11         2         1         7         2
         0         1         1
       128       129
       360        11         2         1         7         2
         0         1         1
       129       130
       361        11         2         1         7         2
         0         1         1
       130       131
       362        11         2         1         7         2
         0         1         1
       131       132
       363        11         2         1         7         2
         0         1         1
         3        83
       364        11         2         1         7         2
         0         1         1
        83        84
       365        11         2         1         7         2
         0         1         1
        84        85
       366        11         2         1         7         2
         0         1         1
        85        86
       367        11         2         1         7         2
         0         1         1
        86        87
       368        11         2         1         7         2
         0         1         1
        87        88
       369        11         2         1         7         2
         0         1         1
        88        89
       370        11         2         1         7         2
         0         1         1
        89        90
       371        11         2         1         7         2
         0         1         1
        90        91
       372        11         2         1         7         2
         0         1         1
        91        92
       373        11         2         1         7         2
         0         1         1
        92        93
       374        11         2         1         7         2
         0         1         1
        93        94
       375        11         2         1         7         2
         0         1         1
        94        95
       376        11         2         1         7         2
         0         1         1
        95        96
       377        11         2         1         7         2
         0         1         1
        96        97
       378        11         2         1         7         2
         0         1         1
        97        98
       379        11         2         1         7         2
         0         1         1
        98        99
       380        11         2         1         7         2
         0         1         1
        99       100
       381        11         2         1         7         2
         0         1         1
       100       101
       382        11         2         1         7         2
         0         1         1
       101       102
       383        11         2         1         7         2
         0         1         1
       102       103
       384        11         2         1         7         2
         0         1         1
       103       104
       385        11         2         1         7         2
         0         1         1
       104       105
       386        11         2         1         7         2
         0         1         1
       105       106
       387        11         2         1         7         2
         0         1         1
       106       107
       388        11         2         1         7         2
         0         1         1
         4        58
       389        11         2         1         7         2
         0         1         1
        58        59
       390        11         2         1         7         2
         0         1         1
        59        60
       391        11         2         1         7         2
         0         1         1
        60        61
       392        11         2         1         7         2
         0         1         1
        61        62
       393        11         2         1         7         2
         0         1         1
        62        63
       394        11         2         1         7         2
         0         1         1
        63        64
       395        11         2         1         7         2
         0         1         1
        64        65
       396        11         2         1         7         2
         0         1         1
        65        66
       397        11         2         1         7         2
         0         1         1
        66        67
       398        11         2         1         7         2
         0         1         1
        67        68
       399        11         2         1         7         2
         0         1         1
        68        69
       400        11         2         1         7         2
         0         1         1
        69        70
       401        11         2         1         7         2
         0         1         1
        70        71
       402        11         2         1         7         2
         0         1         1
        71        72
       403        11         2         1         7         2
         0         1         1
        72        73
       404        11         2         1         7         2
         0         1         1
        73        74
       405        11         2         1         7         2
         0         1         1
        74        75
       406        11         2         1         7         2
         0         1         1
        75        76
       407        11         2         1         7         2
         0         1         1
        76        77
       408        11         2         1         7         2
         0         1         1
        77        78
       409        11         2         1         7         2
         0         1         1
        78        79
       410        11         2         1         7         2
         0         1         1
        79        80
       411        11         2         1         7         2
         0         1         1
        80        81
       412        11         2         1         7         2
         0         1         1
        81        82
       413        11         2         1         7         2
         0         1         1
         5        33
       414        11         2         1         7         2
         0         1         1
        33        34
       415        11         2         1         7         2
         0         1         1
        34        35
       416        11         2         1         7         2
         0         1         1
        35        36
       417        11         2         1         7         2
         0         1         1
        36        37
       418        11         2         1         7         2
         0         1         1
        37        38
       419        11         2         1         7         2
         0         1         1
        38        39
       420        11         2         1         7         2
         0         1         1
        39        40
       421        11         2         1         7         2
         0         1         1
        40        41
       422        11         2         1         7         2
         0         1         1
        41        42
       423        11         2         1         7         2
         0         1         1
        42        43
       424        11         2         1         7         2
         0         1         1
        43        44
       425        11         2         1         7         2
         0         1         1
        44        45
       426        11         2         1         7         2
         0         1         1
        45        46
       427        11         2         1         7         2
         0         1         1
        46        47
       428        11         2         1         7         2
         0         1         1
        47        48
       429        11         2         1         7         2
         0         1         1
        48        49
       430        11         2         1         7         2
         0         1         1
        49        50
       431        11         2         1         7         2
         0         1         1
        50        51
       432        11         2         1         7         2
         0         1         1
        51        52
       433        11         2         1         7         2
         0         1         1
        52        53
       434        11         2         1         7         2
         0         1         1
        53        54
       435        11         2         1         7         2
         0         1         1
        54        55
       436        11         2         1         7         2
         0         1         1
        55        56
       437        11         2         1         7         2
         0         1         1
        56        57
       438        11         2         1         7         2
         0         1         1
         6         8
       439        11         2         1         7         2
         0         1         1
         8         9
       440        11         2         1         7         2
         0         1         1
         9        10
       441        11         2         1         7         2
         0         1         1
        10        11
       442        11         2         1         7         2
         0         1         1
        11        12
       443        11         2         1         7         2
         0         1         1
        12        13
       444        11         2         1         7         2
         0         1         1
        13        14
       445        11         2         1         7         2
         0         1         1
        14        15
       446        11         2         1         7         2
         0         1         1
        15        16
       447        11         2         1         7         2
         0         1         1
        16        17
       448        11         2         1         7         2
         0         1         1
        17        18
       449        11         2         1         7         2
         0         1         1
        18        19
       450        11         2         1         7         2
         0         1         1
        19        20
       451        11         2         1         7         2
         0         1         1
        20        21
       452        11         2         1         7         2
         0         1         1
        21        22
       453        11         2         1         7         2
         0         1         1
        22        23
       454        11         2         1         7         2
         0         1         1
        23        24
       455        11         2         1         7         2
         0         1         1
        24        25
       456        11         2         1         7         2
         0         1         1
        25        26
       457        11         2         1         7         2
         0         1         1
        26        27
       458        11         2         1         7         2
         0         1         1
        27        28
       459        11         2         1         7         2
         0         1         1
        28        29
       460        11         2         1         7         2
         0         1         1
        29        30
       461        11         2         1         7         2
         0         1         1
        30        31
       462        11         2         1         7         2
         0         1         1
        31        32
       463        11         2         1         7         2
         0         1         1
         7       158
       464        11         2         1         7         2
         0         1         1
       158       159
       465        11         2         1         7         2
         0         1         1
       159       160
       466        11         2         1         7         2
         0         1         1
       160       161
       467        11         2         1         7         2
         0         1         1
       161       162
       468        11         2         1         7         2
         0         1         1
       162       163
       469        11         2         1         7         2
         0         1         1
       163       164
       470        11         2         1         7         2
         0         1         1
       164       165
       471        11         2         1         7         2
         0         1         1
       165       166
       472        11         2         1         7         2
         0         1         1
       166       167
       473        11         2         1         7         2
         0         1         1
       167       168
       474        11         2         1         7         2
         0         1         1
       168       169
       475        11         2         1         7         2
         0         1         1
       169       170
       476        11         2         1         7         2
         0         1         1
       170       171
       477        11         2         1         7         2
         0         1         1
       171       172
       478        11         2         1         7         2
         0         1         1
       172       173
       479        11         2         1         7         2
         0         1         1
       173       174
       480        11         2         1         7         2
         0         1         1
       174       175
       481        11         2         1         7         2
         0         1         1
       175       176
       482        11         2         1         7         2
         0         1         1
       176       177
       483        11         2         1         7         2
         0         1         1
       177       178
       484        11         2         1         7         2
         0         1         1
       178       179
       485        11         2         1         7         2
         0         1         1
       179       180
       486        11         2         1         7         2
         0         1         1
       180       181
       487        11         2         1         7         2
         0         1         1
       181       182
       488        11         2         1         7         2
         0         1         1
        32        57
       489        11         2         1         7         2
         0         1         1
        57        82
       490        11         2         1         7         2
         0         1         1
        82       107
       491        11         2         1         7         2
         0         1         1
       107       132
       492        11         2         1         7         2
         0         1         1
       132       157
       493        11         2         1         7         2
         0         1         1
       157        32
       500        11         2         1         7         2
         0         1         1
       183       184
       501        11         2         1         7         2
         0         1         1
       184       185
       502        11         2         1         7         2
         0         1         1
       185         5
       503        11         2         1         7         2
         0         1         1
         6       186
       504        11         2         1         7         2
         0         1         1
       186       183
       786        11         2         1         7         2
         0         1         1
       186       263
       787        11         2         1         7         2
         0         1         1
       263       264
       788        11         2         1         7         2
         0         1         1
       264       265
       789        11         2         1         7         2
         0         1         1
       265       266
       790        11         2         1         7         2
         0         1         1
       266       267
       791        11         2         1         7         2
         0         1         1
       267       268
       792        11         2         1         7         2
         0         1         1
       268       269
       793        11         2         1         7         2
         0         1         1
       269       270
       794        11         2         1         7         2
         0         1         1
       270       271
       795        11         2         1         7         2
         0         1         1
       271       272
       796        11         2         1         7         2
         0         1         1
       272       273
       797        11         2         1         7         2
         0         1         1
       273       274
       798        11         2         1         7         2
         0         1         1
       274       275
       799        11         2         1         7         2
         0         1         1
       275       276
       800        11         2         1         7         2
         0         1         1
       276       277
       801        11         2         1         7         2
         0         1         1
       277       278
       802        11         2         1         7         2
         0         1         1
       278       279
       803        11         2         1         7         2
         0         1         1
       279       280
       804        11         2         1         7         2
         0         1         1
       280       281
       805        11         2         1         7         2
         0         1         1
       281       282
       806        11         2         1         7         2
         0         1         1
       282       283
       807        11         2         1         7         2
         0         1         1
       283       284
       808        11         2         1         7         2
         0         1         1
       284       285
       809        11         2         1         7         2
         0         1         1
       285       286
       810        11         2         1         7         2
         0         1         1
       286       287
       811        11         2         1         7         2
         0         1         1
       185       238
       812        11         2         1         7         2
         0         1         1
       238       239
       813        11         2         1         7         2
         0         1         1
       239       240
       814        11         2         1         7         2
         0         1         1
       240       241
       815        11         2         1         7         2
         0         1         1
       241       242
       816        11         2         1         7         2
         0         1         1
       242       243
       817        11         2         1         7         2
         0         1         1
       243       244
       818        11         2         1         7         2
         0         1         1
       244       245
       819        11         2         1         7         2
         0         1         1
       245       246
       820        11         2         1         7         2
         0         1         1
       246       247
       821        11         2         1         7         2
         0         1         1
       247       248
       822        11         2         1         7         2
         0         1         1
       248       249
       823        11         2         1         7         2
         0         1         1
       249       250
       824        11         2         1         7         2
         0         1         1
       250       251
       825        11         2         1         7         2
         0         1         1
       251       252
       826        11         2         1         7         2
         0         1         1
       252       253
       827        11         2         1         7         2
         0         1         1
       253       254
       828        11         2         1         7         2
         0         1         1
       254       255
       829        11         2         1         7         2
         0         1         1
       255       256
       830        11         2         1         7         2
         0         1         1
       256       257
       831        11         2         1         7         2
         0         1         1
       257       258
       832        11         2         1         7         2
         0         1         1
       258       259
       833        11         2         1         7         2
         0         1         1
       259       260
       834        11         2         1         7         2
         0         1         1
       260       261
       835        11         2         1         7         2
         0         1         1
       261       262
       836        11         2         1         7         2
         0         1         1
       184       188
       837        11         2         1         7         2
         0         1         1
       188       190
       838        11         2         1         7         2
         0         1         1
       190       192
       839        11         2         1         7         2
         0         1         1
       192       194
       840        11         2         1         7         2
         0         1         1
       194       196
       841        11         2         1         7         2
         0         1         1
       196       198
       842        11         2         1         7         2
         0         1         1
       198       200
       843        11         2         1         7         2
         0         1         1
       200       202
       844        11         2         1         7         2
         0         1         1
       202       204
       845        11         2         1         7         2
         0         1         1
       204       206
       846        11         2         1         7         2
         0         1         1
       206       208
       847        11         2         1         7         2
         0         1         1
       208       210
       848        11         2         1         7         2
         0         1         1
       210       212
       849        11         2         1         7         2
         0         1         1
       212       214
       850        11         2         1         7         2
         0         1         1
       214       216
       851        11         2         1         7         2
         0         1         1
       216       218
       852        11         2         1         7         2
         0         1         1
       218       220
       853        11         2         1         7         2
         0         1         1
       220       222
       854        11         2         1         7         2
         0         1         1
       222       224
       855        11         2         1         7         2
         0         1         1
       224       226
       856        11         2         1         7         2
         0         1         1
       226       228
       857        11         2         1         7         2
         0         1         1
       228       230
       858        11         2         1         7         2
         0         1         1
       230       232
       859        11         2         1         7         2
         0         1         1
       232       234
       860        11         2         1         7         2
         0         1         1
       234       236
       861        11         2         1         7         2
         0         1         1
       183       189
       862        11         2         1         7         2
         0         1         1
       189       191
       863        11         2         1         7         2
         0         1         1
       191       193
       864        11         2         1         7         2
         0         1         1
       193       195
       865        11         2         1         7         2
         0         1         1
       195       197
       866        11         2         1         7         2
         0         1         1
       197       199
       867        11         2         1         7         2
         0         1         1
       199       201
       868        11         2         1         7         2
         0         1         1
       201       203
       869        11         2         1         7         2
         0         1         1
       203       205
       870        11         2         1         7         2
         0         1         1
       205       207
       871        11         2         1         7         2
         0         1         1
       207       209
       872        11         2         1         7         2
         0         1         1
       209       211
       873        11         2         1         7         2
         0         1         1
       211       213
       874        11         2         1         7         2
         0         1         1
       213       215
       875        11         2         1         7         2
         0         1         1
       215       217
       876        11         2         1         7         2
         0         1         1
       217       219
       877        11         2         1         7         2
         0         1         1
       219       221
       878        11         2         1         7         2
         0         1         1
       221       223
       879        11         2         1         7         2
         0         1         1
       223       225
       880        11         2         1         7         2
         0         1         1
       225       227
       881        11         2         1         7         2
         0         1         1
       227       229
       882        11         2         1         7         2
         0         1         1
       229       231
       883        11         2         1         7         2
         0         1         1
       231       233
       884        11         2         1         7         2
         0         1         1
       233       235
       885        11         2         1         7         2
         0         1         1
       235       237
       886        11         2         1         7         2
         0         1         1
       187       288
       887        11         2         1         7         2
         0         1         1
       288       289
       888        11         2         1         7         2
         0         1         1
       289       290
       889        11         2         1         7         2
         0         1         1
       290       291
       890        11         2         1         7         2
         0         1         1
       291       292
       891        11         2         1         7         2
         0         1         1
       292       293
       892        11         2         1         7         2
         0         1         1
       293       294
       893        11         2         1         7         2
         0         1         1
       294       295
       894        11         2         1         7         2
         0         1         1
       295       296
       895        11         2         1         7         2
         0         1         1
       296       297
       896        11         2         1         7         2
         0         1         1
       297       298
       897        11         2         1         7         2
         0         1         1
       298       299
       898        11         2         1         7         2
         0         1         1
       299       300
       899        11         2         1         7         2
         0         1         1
       300       301
       900        11         2         1         7         2
         0         1         1
       301       302
       901        11         2         1         7         2
         0         1         1
       302       303
       902        11         2         1         7         2
         0         1         1
       303       304
       903        11         2         1         7         2
         0         1         1
       304       305
       904        11         2         1         7         2
         0         1         1
       305       306
       905        11         2         1         7         2
         0         1         1
       306       307
       906        11         2         1         7         2
         0         1         1
       307       308
       907        11         2         1         7         2
         0         1         1
       308       309
       908        11         2         1         7         2
         0         1         1
       309       310
       909        11         2         1         7         2
         0         1         1
       310       311
       910        11         2         1         7         2
         0         1         1
       311       312
       911        11         2         1         7         2
         0         1         1
       237       236
       912        11         2         1         7         2
         0         1         1
       236       262
       913        11         2         1         7         2
         0         1         1
       262        57
       914        11         2         1         7         2
         0         1         1
        32       287
       915        11         2         1         7         2
         0         1         1
       287       237
       922        11         2         1         7         2
         0         1         1
       185       313
       923        11         2         1         7         2
         0         1         1
       313       314
       924        11         2         1         7         2
         0         1         1
       314       315
       925        11         2         1         7         2
         0         1         1
       315         4
      1182        11         2         1         7         2
         0         1         1
       315       367
      1183        11         2         1         7         2
         0         1         1
       367       368
      1184        11         2         1         7         2
         0         1         1
       368       369
      1185        11         2         1         7         2
         0         1         1
       369       370
      1186        11         2         1         7         2
         0         1         1
       370       371
      1187        11         2         1         7         2
         0         1         1
       371       372
      1188        11         2         1         7         2
         0         1         1
       372       373
      1189        11         2         1         7         2
         0         1         1
       373       374
      1190        11         2         1         7         2
         0         1         1
       374       375
      1191        11         2         1         7         2
         0         1         1
       375       376
      1192        11         2         1         7         2
         0         1         1
       376       377
      1193        11         2         1         7         2
         0         1         1
       377       378
      1194        11         2         1         7         2
         0         1         1
       378       379
      1195        11         2         1         7         2
         0         1         1
       379       380
      1196        11         2         1         7         2
         0         1         1
       380       381
      1197        11         2         1         7         2
         0         1         1
       381       382
      1198        11         2         1         7         2
         0         1         1
       382       383
      1199        11         2         1         7         2
         0         1         1
       383       384
      1200        11         2         1         7         2
         0         1         1
       384       385
      1201        11         2         1         7         2
         0         1         1
       385       386
      1202        11         2         1         7         2
         0         1         1
       386       387
      1203        11         2         1         7         2
         0         1         1
       387       388
      1204        11         2         1         7         2
         0         1         1
       388       389
      1205        11         2         1         7         2
         0         1         1
       389       390
      1206        11         2         1         7         2
         0         1         1
       390       391
      1207        11         2         1         7         2
         0         1         1
       314       342
      1208        11         2         1         7         2
         0         1         1
       342       343
      1209        11         2         1         7         2
         0         1         1
       343       344
      1210        11         2         1         7         2
         0         1         1
       344       345
      1211        11         2         1         7         2
         0         1         1
       345       346
      1212        11         2         1         7         2
         0         1         1
       346       347
      1213        11         2         1         7         2
         0         1         1
       347       348
      1214        11         2         1         7         2
         0         1         1
       348       349
      1215        11         2         1         7         2
         0         1         1
       349       350
      1216        11         2         1         7         2
         0         1         1
       350       351
      1217        11         2         1         7         2
         0         1         1
       351       352
      1218        11         2         1         7         2
         0         1         1
       352       353
      1219        11         2         1         7         2
         0         1         1
       353       354
      1220        11         2         1         7         2
         0         1         1
       354       355
      1221        11         2         1         7         2
         0         1         1
       355       356
      1222        11         2         1         7         2
         0         1         1
       356       357
      1223        11         2         1         7         2
         0         1         1
       357       358
      1224        11         2         1         7         2
         0         1         1
       358       359
      1225        11         2         1         7         2
         0         1         1
       359       360
      1226        11         2         1         7         2
         0         1         1
       360       361
      1227        11         2         1         7         2
         0         1         1
       361       362
      1228        11         2         1         7         2
         0         1         1
       362       363
      1229        11         2         1         7         2
         0         1         1
       363       364
      1230        11         2         1         7         2
         0         1         1
       364       365
      1231        11         2         1         7         2
         0         1         1
       365       366
      1232        11         2         1         7         2
         0         1         1
       313       317
      1233        11         2         1         7         2
         0         1         1
       317       318
      1234        11         2         1         7         2
         0         1         1
       318       319
      1235        11         2         1         7         2
         0         1         1
       319       320
      1236        11         2         1         7         2
         0         1         1
       320       321
      1237        11         2         1         7         2
         0         1         1
       321       322
      1238        11         2         1         7         2
         0         1         1
       322       323
      1239        11         2         1         7         2
         0         1         1
       323       324
      1240        11         2         1         7         2
         0         1         1
       324       325
      1241        11         2         1         7         2
         0         1         1
       325       326
      1242        11         2         1         7         2
         0         1         1
       326       327
      1243        11         2         1         7         2
         0         1         1
       327       328
      1244        11         2         1         7         2
         0         1         1
       328       329
      1245        11         2         1         7         2
         0         1         1
       329       330
      1246        11         2         1         7         2
         0         1         1
       330       331
      1247        11         2         1         7         2
         0         1         1
       331       332
      1248        11         2         1         7         2
         0         1         1
       332       333
      1249        11         2         1         7         2
         0         1         1
       333       334
      1250        11         2         1         7         2
         0         1         1
       334       335
      1251        11         2         1         7         2
         0         1         1
       335       336
      1252        11         2         1         7         2
         0         1         1
       336       337
      1253        11         2         1         7         2
         0         1         1
       337       338
      1254        11         2         1         7         2
         0         1         1
       338       339
      1255        11         2         1         7         2
         0         1         1
       339       340
      1256        11         2         1         7         2
         0         1         1
       340       341
      1257        11         2         1         7         2
         0         1         1
       316       392
      1258        11         2         1         7         2
         0         1         1
       392       393
      1259        11         2         1         7         2
         0         1         1
       393       394
      1260        11         2         1         7         2
         0         1         1
       394       395
      1261        11         2         1         7         2
         0         1         1
       395       396
      1262        11         2         1         7         2
         0         1         1
       396       397
      1263        11         2         1         7         2
         0         1         1
       397       398
      1264        11         2         1         7         2
         0         1         1
       398       399
      1265        11         2         1         7         2
         0         1         1
       399       400
      1266        11         2         1         7         2
         0         1         1
       400       401
      1267        11         2         1         7         2
         0         1         1
       401       402
      1268        11         2         1         7         2
         0         1         1
       402       403
      1269        11         2         1         7         2
         0         1         1
       403       404
      1270        11         2         1         7         2
         0         1         1
       404       405
      1271        11         2         1         7         2
         0         1         1
       405       406
      1272        11         2         1         7         2
         0         1         1
       406       407
      1273        11         2         1         7         2
         0         1         1
       407       408
      1274        11         2         1         7         2
         0         1         1
       408       409
      1275        11         2         1         7         2
         0         1         1
       409       410
      1276        11         2         1         7         2
         0         1         1
       410       411
      1277        11         2         1         7         2
         0         1         1
       411       412
      1278        11         2         1         7         2
         0         1         1
       412       413
      1279        11         2         1         7         2
         0         1         1
       413       414
      1280        11         2         1         7         2
         0         1         1
       414       415
      1281        11         2         1         7         2
         0         1         1
       415       416
      1282        11         2         1         7         2
         0         1         1
       262       341
      1283        11         2         1         7         2
         0         1         1
       341       366
      1284        11         2         1         7         2
         0         1         1
       366       391
      1285        11         2         1         7         2
         0         1         1
       391        82
      1292        11         2         1         7         2
         0         1         1
       315       417
      1293        11         2         1         7         2
         0         1         1
       417       418
      1294        11         2         1         7         2
         0         1         1
       418       419
      1295        11         2         1         7         2
         0         1         1
       419         3
      1552        11         2         1         7         2
         0         1         1
       419       471
      1553        11         2         1         7         2
         0         1         1
       471       472
      1554        11         2         1         7         2
         0         1         1
       472       473
      1555        11         2         1         7         2
         0         1         1
       473       474
      1556        11         2         1         7         2
         0         1         1
       474       475
      1557        11         2         1         7         2
         0         1         1
       475       476
      1558        11         2         1         7         2
         0         1         1
       476       477
      1559        11         2         1         7         2
         0         1         1
       477       478
      1560        11         2         1         7         2
         0         1         1
       478       479
      1561        11         2         1         7         2
         0         1         1
       479       480
      1562        11         2         1         7         2
         0         1         1
       480       481
      1563        11         2         1         7         2
         0         1         1
       481       482
      1564        11         2         1         7         2
         0         1         1
       482       483
      1565        11         2         1         7         2
         0         1         1
       483       484
      1566        11         2         1         7         2
         0         1         1
       484       485
      1567        11         2         1         7         2
         0         1         1
       485       486
      1568        11         2         1         7         2
         0         1         1
       486       487
      1569        11         2         1         7         2
         0         1         1
       487       488
      1570        11         2         1         7         2
         0         1         1
       488       489
      1571        11         2         1         7         2
         0         1         1
       489       490
      1572        11         2         1         7         2
         0         1         1
       490       491
      1573        11         2         1         7         2
         0         1         1
       491       492
      1574        11         2         1         7         2
         0         1         1
       492       493
      1575        11         2         1         7         2
         0         1         1
       493       494
      1576        11         2         1         7         2
         0         1         1
       494       495
      1577        11         2         1         7         2
         0         1         1
       418       446
      1578        11         2         1         7         2
         0         1         1
       446       447
      1579        11         2         1         7         2
         0         1         1
       447       448
      1580        11         2         1         7         2
         0         1         1
       448       449
      1581        11         2         1         7         2
         0         1         1
       449       450
      1582        11         2         1         7         2
         0         1         1
       450       451
      1583        11         2         1         7         2
         0         1         1
       451       452
      1584        11         2         1         7         2
         0         1         1
       452       453
      1585        11         2         1         7         2
         0         1         1
       453       454
      1586        11         2         1         7         2
         0         1         1
       454       455
      1587        11         2         1         7         2
         0         1         1
       455       456
      1588        11         2         1         7         2
         0         1         1
       456       457
      1589        11         2         1         7         2
         0         1         1
       457       458
      1590        11         2         1         7         2
         0         1         1
       458       459
      1591        11         2         1         7         2
         0         1         1
       459       460
      1592        11         2         1         7         2
         0         1         1
       460       461
      1593        11         2         1         7         2
         0         1         1
       461       462
      1594        11         2         1         7         2
         0         1         1
       462       463
      1595        11         2         1         7         2
         0         1         1
       463       464
      1596        11         2         1         7         2
         0         1         1
       464       465
      1597        11         2         1         7         2
         0         1         1
       465       466
      1598        11         2         1         7         2
         0         1         1
       466       467
      1599        11         2         1         7         2
         0         1         1
       467       468
      1600        11         2         1         7         2
         0         1         1
       468       469
      1601        11         2         1         7         2
         0         1         1
       469       470
      1602        11         2         1         7         2
         0         1         1
       417       421
      1603        11         2         1         7         2
         0         1         1
       421       422
      1604        11         2         1         7         2
         0         1         1
       422       423
      1605        11         2         1         7         2
         0         1         1
       423       424
      1606        11         2         1         7         2
         0         1         1
       424       425
      1607        11         2         1         7         2
         0         1         1
       425       426
      1608        11         2         1         7         2
         0         1         1
       426       427
      1609        11         2         1         7         2
         0         1         1
       427       428
      1610        11         2         1         7         2
         0         1         1
       428       429
      1611        11         2         1         7         2
         0         1         1
       429       430
      1612        11         2         1         7         2
         0         1         1
       430       431
      1613        11         2         1         7         2
         0         1         1
       431       432
      1614        11         2         1         7         2
         0         1         1
       432       433
      1615        11         2         1         7         2
         0         1         1
       433       434
      1616        11         2         1         7         2
         0         1         1
       434       435
      1617        11         2         1         7         2
         0         1         1
       435       436
      1618        11         2         1         7         2
         0         1         1
       436       437
      1619        11         2         1         7         2
         0         1         1
       437       438
      1620        11         2         1         7         2
         0         1         1
       438       439
      1621        11         2         1         7         2
         0         1         1
       439       440
      1622        11         2         1         7         2
         0         1         1
       440       441
      1623        11         2         1         7         2
         0         1         1
       441       442
      1624        11         2         1         7         2
         0         1         1
       442       443
      1625        11         2         1         7         2
         0         1         1
       443       444
      1626        11         2         1         7         2
         0         1         1
       444       445
      1627        11         2         1         7         2
         0         1         1
       420       496
      1628        11         2         1         7         2
         0         1         1
       496       497
      1629        11         2         1         7         2
         0         1         1
       497       498
      1630        11         2         1         7         2
         0         1         1
       498       499
      1631        11         2         1         7         2
         0         1         1
       499       500
      1632        11         2         1         7         2
         0         1         1
       500       501
      1633        11         2         1         7         2
         0         1         1
       501       502
      1634        11         2         1         7         2
         0         1         1
       502       503
      1635        11         2         1         7         2
         0         1         1
       503       504
      1636        11         2         1         7         2
         0         1         1
       504       505
      1637        11         2         1         7         2
         0         1         1
       505       506
      1638        11         2         1         7         2
         0         1         1
       506       507
      1639        11         2         1         7         2
         0         1         1
       507       508
      1640        11         2         1         7         2
         0         1         1
       508       509
      1641        11         2         1         7         2
         0         1         1
       509       510
      1642        11         2         1         7         2
         0         1         1
       510       511
      1643        11         2         1         7         2
         0         1         1
       511       512
      1644        11         2         1         7         2
         0         1         1
       512       513
      1645        11         2         1         7         2
         0         1         1
       513       514
      1646        11         2         1         7         2
         0         1         1
       514       515
      1647        11         2         1         7         2
         0         1         1
       515       516
      1648        11         2         1         7         2
         0         1         1
       516       517
      1649        11         2         1         7         2
         0         1         1
       517       518
      1650        11         2         1         7         2
         0         1         1
       518       519
      1651        11         2         1         7         2
         0         1         1
       519       520
      1652        11         2         1         7         2
         0         1         1
       391       445
      1653        11         2         1         7         2
         0         1         1
       445       470
      1654        11         2         1         7         2
         0         1         1
       470       495
      1655        11         2         1         7         2
         0         1         1
       495       107
      1662        11         2         1         7         2
         0         1         1
       419       521
      1663        11         2         1         7         2
         0         1         1
       521       522
      1664        11         2         1         7         2
         0         1         1
       522       523
      1665        11         2         1         7         2
         0         1         1
       523         2
      1922        11         2         1         7         2
         0         1         1
       523       575
      1923        11         2         1         7         2
         0         1         1
       575       576
      1924        11         2         1         7         2
         0         1         1
       576       577
      1925        11         2         1         7         2
         0         1         1
       577       578
      1926        11         2         1         7         2
         0         1         1
       578       579
      1927        11         2         1         7         2
         0         1         1
       579       580
      1928        11         2         1         7         2
         0         1         1
       580       581
      1929        11         2         1         7         2
         0         1         1
       581       582
      1930        11         2         1         7         2
         0         1         1
       582       583
      1931        11         2         1         7         2
         0         1         1
       583       584
      1932        11         2         1         7         2
         0         1         1
       584       585
      1933        11         2         1         7         2
         0         1         1
       585       586
      1934        11         2         1         7         2
         0         1         1
       586       587
      1935        11         2         1         7         2
         0         1         1
       587       588
      1936        11         2         1         7         2
         0         1         1
       588       589
      1937        11         2         1         7         2
         0         1         1
       589       590
      1938        11         2         1         7         2
         0         1         1
       590       591
      1939        11         2         1         7         2
         0         1         1
       591       592
      1940        11         2         1         7         2
         0         1         1
       592       593
      1941        11         2         1         7         2
         0         1         1
       593       594
      1942        11         2         1         7         2
         0         1         1
       594       595
      1943        11         2         1         7         2
         0         1         1
       595       596
      1944        11         2         1         7         2
         0         1         1
       596       597
      1945        11         2         1         7         2
         0         1         1
       597       598
      1946        11         2         1         7         2
         0         1         1
       598       599
      1947        11         2         1         7         2
         0         1         1
       522       550
      1948        11         2         1         7         2
         0         1         1
       550       551
      1949        11         2         1         7         2
         0         1         1
       551       552
      1950        11         2         1         7         2
         0         1         1
       552       553
      1951        11         2         1         7         2
         0         1         1
       553       554
      1952        11         2         1         7         2
         0         1         1
       554       555
      1953        11         2         1         7         2
         0         1         1
       555       556
      1954        11         2         1         7         2
         0         1         1
       556       557
      1955        11         2         1         7         2
         0         1         1
       557       558
      1956        11         2         1         7         2
         0         1         1
       558       559
      1957        11         2         1         7         2
         0         1         1
       559       560
      1958        11         2         1         7         2
         0         1         1
       560       561
      1959        11         2         1         7         2
         0         1         1
       561       562
      1960        11         2         1         7         2
         0         1         1
       562       563
      1961        11         2         1         7         2
         0         1         1
       563       564
      1962        11         2         1         7         2
         0         1         1
       564       565
      1963        11         2         1         7         2
         0         1         1
       565       566
      1964        11         2         1         7         2
         0         1         1
       566       567
      1965        11         2         1         7         2
         0         1         1
       567       568
      1966        11         2         1         7         2
         0         1         1
       568       569
      1967        11         2         1         7         2
         0         1         1
       569       570
      1968        11         2         1         7         2
         0         1         1
       570       571
      1969        11         2         1         7         2
         0         1         1
       571       572
      1970        11         2         1         7         2
         0         1         1
       572       573
      1971        11         2         1         7         2
         0         1         1
       573       574
      1972        11         2         1         7         2
         0         1         1
       521       525
      1973        11         2         1         7         2
         0         1         1
       525       526
      1974        11         2         1         7         2
         0         1         1
       526       527
      1975        11         2         1         7         2
         0         1         1
       527       528
      1976        11         2         1         7         2
         0         1         1
       528       529
      1977        11         2         1         7         2
         0         1         1
       529       530
      1978        11         2         1         7         2
         0         1         1
       530       531
      1979        11         2         1         7         2
         0         1         1
       531       532
      1980        11         2         1         7         2
         0         1         1
       532       533
      1981        11         2         1         7         2
         0         1         1
       533       534
      1982        11         2         1         7         2
         0         1         1
       534       535
      1983        11         2         1         7         2
         0         1         1
       535       536
      1984        11         2         1         7         2
         0         1         1
       536       537
      1985        11         2         1         7         2
         0         1         1
       537       538
      1986        11         2         1         7         2
         0         1         1
       538       539
      1987        11         2         1         7         2
         0         1         1
       539       540
      1988        11         2         1         7         2
         0         1         1
       540       541
      1989        11         2         1         7         2
         0         1         1
       541       542
      1990        11         2         1         7         2
         0         1         1
       542       543
      1991        11         2         1         7         2
         0         1         1
       543       544
      1992        11         2         1         7         2
         0         1         1
       544       545
      1993        11         2         1         7         2
         0         1         1
       545       546
      1994        11         2         1         7         2
         0         1         1
       546       547
      1995        11         2         1         7         2
         0         1         1
       547       548
      1996        11         2         1         7         2
         0         1         1
       548       549
      1997        11         2         1         7         2
         0         1         1
       524       600
      1998        11         2         1         7         2
         0         1         1
       600       601
      1999        11         2         1         7         2
         0         1         1
       601       602
      2000        11         2         1         7         2
         0         1         1
       602       603
      2001        11         2         1         7         2
         0         1         1
       603       604
      2002        11         2         1         7         2
         0         1         1
       604       605
      2003        11         2         1         7         2
         0         1         1
       605       606
      2004        11         2         1         7         2
         0         1         1
       606       607
      2005        11         2         1         7         2
         0         1         1
       607       608
      2006        11         2         1         7         2
         0         1         1
       608       609
      2007        11         2         1         7         2
         0         1         1
       609       610
      2008        11         2         1         7         2
         0         1         1
       610       611
      2009        11         2         1         7         2
         0         1         1
       611       612
      2010        11         2         1         7         2
         0         1         1
       612       613
      2011        11         2         1         7         2
         0         1         1
       613       614
      2012        11         2         1         7         2
         0         1         1
       614       615
      2013        11         2         1         7         2
         0         1         1
       615       616
      2014        11         2         1         7         2
         0         1         1
       616       617
      2015        11         2         1         7         2
         0         1         1
       617       618
      2016        11         2         1         7         2
         0         1         1
       618       619
      2017        11         2         1         7         2
         0         1         1
       619       620
      2018        11         2         1         7         2
         0         1         1
       620       621
      2019        11         2         1         7         2
         0         1         1
       621       622
      2020        11         2         1         7         2
         0         1         1
       622       623
      2021        11         2         1         7         2
         0         1         1
       623       624
      2022        11         2         1         7         2
         0         1         1
       495       549
      2023        11         2         1         7         2
         0         1         1
       549       574
      2024        11         2         1         7         2
         0         1         1
       574       599
      2025        11         2         1         7         2
         0         1         1
       599       132
      2032        11         2         1         7         2
         0         1         1
       625         1
      2033        11         2         1         7         2
         0         1         1
       523       626
      2034        11         2         1         7         2
         0         1         1
       626       627
      2035        11         2         1         7         2
         0         1         1
       627       625
      2292        11         2         1         7         2
         0         1         1
       627       679
      2293        11         2         1         7         2
         0         1         1
       679       680
      2294        11         2         1         7         2
         0         1         1
       680       681
      2295        11         2         1         7         2
         0         1         1
       681       682
      2296        11         2         1         7         2
         0         1         1
       682       683
      2297        11         2         1         7         2
         0         1         1
       683       684
      2298        11         2         1         7         2
         0         1         1
       684       685
      2299        11         2         1         7         2
         0         1         1
       685       686
      2300        11         2         1         7         2
         0         1         1
       686       687
      2301        11         2         1         7         2
         0         1         1
       687       688
      2302        11         2         1         7         2
         0         1         1
       688       689
      2303        11         2         1         7         2
         0         1         1
       689       690
      2304        11         2         1         7         2
         0         1         1
       690       691
      2305        11         2         1         7         2
         0         1         1
       691       692
      2306        11         2         1         7         2
         0         1         1
       692       693
      2307        11         2         1         7         2
         0         1         1
       693       694
      2308        11         2         1         7         2
         0         1         1
       694       695
      2309        11         2         1         7         2
         0         1         1
       695       696
      2310        11         2         1         7         2
         0         1         1
       696       697
      2311        11         2         1         7         2
         0         1         1
       697       698
      2312        11         2         1         7         2
         0         1         1
       698       699
      2313        11         2         1         7         2
         0         1         1
       699       700
      2314        11         2         1         7         2
         0         1         1
       700       701
      2315        11         2         1         7         2
         0         1         1
       701       702
      2316        11         2         1         7         2
         0         1         1
       702       703
      2317        11         2         1         7         2
         0         1         1
       626       654
      2318        11         2         1         7         2
         0         1         1
       654       655
      2319        11         2         1         7         2
         0         1         1
       655       656
      2320        11         2         1         7         2
         0         1         1
       656       657
      2321        11         2         1         7         2
         0         1         1
       657       658
      2322        11         2         1         7         2
         0         1         1
       658       659
      2323        11         2         1         7         2
         0         1         1
       659       660
      2324        11         2         1         7         2
         0         1         1
       660       661
      2325        11         2         1         7         2
         0         1         1
       661       662
      2326        11         2         1         7         2
         0         1         1
       662       663
      2327        11         2         1         7         2
         0         1         1
       663       664
      2328        11         2         1         7         2
         0         1         1
       664       665
      2329        11         2         1         7         2
         0         1         1
       665       666
      2330        11         2         1         7         2
         0         1         1
       666       667
      2331        11         2         1         7         2
         0         1         1
       667       668
      2332        11         2         1         7         2
         0         1         1
       668       669
      2333        11         2         1         7         2
         0         1         1
       669       670
      2334        11         2         1         7         2
         0         1         1
       670       671
      2335        11         2         1         7         2
         0         1         1
       671       672
      2336        11         2         1         7         2
         0         1         1
       672       673
      2337        11         2         1         7         2
         0         1         1
       673       674
      2338        11         2         1         7         2
         0         1         1
       674       675
      2339        11         2         1         7         2
         0         1         1
       675       676
      2340        11         2         1         7         2
         0         1         1
       676       677
      2341        11         2         1         7         2
         0         1         1
       677       678
      2342        11         2         1         7         2
         0         1         1
       625       629
      2343        11         2         1         7         2
         0         1         1
       629       630
      2344        11         2         1         7         2
         0         1         1
       630       631
      2345        11         2         1         7         2
         0         1         1
       631       632
      2346        11         2         1         7         2
         0         1         1
       632       633
      2347        11         2         1         7         2
         0         1         1
       633       634
      2348        11         2         1         7         2
         0         1         1
       634       635
      2349        11         2         1         7         2
         0         1         1
       635       636
      2350        11         2         1         7         2
         0         1         1
       636       637
      2351        11         2         1         7         2
         0         1         1
       637       638
      2352        11         2         1         7         2
         0         1         1
       638       639
      2353        11         2         1         7         2
         0         1         1
       639       640
      2354        11         2         1         7         2
         0         1         1
       640       641
      2355        11         2         1         7         2
         0         1         1
       641       642
      2356        11         2         1         7         2
         0         1         1
       642       643
      2357        11         2         1         7         2
         0         1         1
       643       644
      2358        11         2         1         7         2
         0         1         1
       644       645
      2359        11         2         1         7         2
         0         1         1
       645       646
      2360        11         2         1         7         2
         0         1         1
       646       647
      2361        11         2         1         7         2
         0         1         1
       647       648
      2362        11         2         1         7         2
         0         1         1
       648       649
      2363        11         2         1         7         2
         0         1         1
       649       650
      2364        11         2         1         7         2
         0         1         1
       650       651
      2365        11         2         1         7         2
         0         1         1
       651       652
      2366        11         2         1         7         2
         0         1         1
       652       653
      2367        11         2         1         7         2
         0         1         1
       628       704
      2368        11         2         1         7         2
         0         1         1
       704       705
      2369        11         2         1         7         2
         0         1         1
       705       706
      2370        11         2         1         7         2
         0         1         1
       706       707
      2371        11         2         1         7         2
         0         1         1
       707       708
      2372        11         2         1         7         2
         0         1         1
       708       709
      2373        11         2         1         7         2
         0         1         1
       709       710
      2374        11         2         1         7         2
         0         1         1
       710       711
      2375        11         2         1         7         2
         0         1         1
       711       712
      2376        11         2         1         7         2
         0         1         1
       712       713
      2377        11         2         1         7         2
         0         1         1
       713       714
      2378        11         2         1         7         2
         0         1         1
       714       715
      2379        11         2         1         7         2
         0         1         1
       715       716
      2380        11         2         1         7         2
         0         1         1
       716       717
      2381        11         2         1         7         2
         0         1         1
       717       718
      2382        11         2         1         7         2
         0         1         1
       718       719
      2383        11         2         1         7         2
         0         1         1
       719       720
      2384        11         2         1         7         2
         0         1         1
       720       721
      2385        11         2         1         7         2
         0         1         1
       721       722
      2386        11         2         1         7         2
         0         1         1
       722       723
      2387        11         2         1         7         2
         0         1         1
       723       724
      2388        11         2         1         7         2
         0         1         1
       724       725
      2389        11         2         1         7         2
         0         1         1
       725       726
      2390        11         2         1         7         2
         0         1         1
       726       727
      2391        11         2         1         7         2
         0         1         1
       727       728
      2392        11         2         1         7         2
         0         1         1
       653       157
      2393        11         2         1         7         2
         0         1         1
       599       678
      2394        11         2         1         7         2
         0         1         1
       678       703
      2395        11         2         1         7         2
         0         1         1
       703       653
      2402        11         2         1         7         2
         0         1         1
       729       186
      2403        11         2         1         7         2
         0         1         1
       625       730
      2404        11         2         1         7         2
         0         1         1
       730       729
      2636        11         2         1         7         2
         0         1         1
       730       757
      2637        11         2         1         7         2
         0         1         1
       757       758
      2638        11         2         1         7         2
         0         1         1
       758       759
      2639        11         2         1         7         2
         0         1         1
       759       760
      2640        11         2         1         7         2
         0         1         1
       760       761
      2641        11         2         1         7         2
         0         1         1
       761       762
      2642        11         2         1         7         2
         0         1         1
       762       763
      2643        11         2         1         7         2
         0         1         1
       763       764
      2644        11         2         1         7         2
         0         1         1
       764       765
      2645        11         2         1         7         2
         0         1         1
       765       766
      2646        11         2         1         7         2
         0         1         1
       766       767
      2647        11         2         1         7         2
         0         1         1
       767       768
      2648        11         2         1         7         2
         0         1         1
       768       769
      2649        11         2         1         7         2
         0         1         1
       769       770
      2650        11         2         1         7         2
         0         1         1
       770       771
      2651        11         2         1         7         2
         0         1         1
       771       772
      2652        11         2         1         7         2
         0         1         1
       772       773
      2653        11         2         1         7         2
         0         1         1
       773       774
      2654        11         2         1         7         2
         0         1         1
       774       775
      2655        11         2         1         7         2
         0         1         1
       775       776
      2656        11         2         1         7         2
         0         1         1
       776       777
      2657        11         2         1         7         2
         0         1         1
       777       778
      2658        11         2         1         7         2
         0         1         1
       778       779
      2659        11         2         1         7         2
         0         1         1
       779       780
      2660        11         2         1         7         2
         0         1         1
       780       781
      2661        11         2         1         7         2
         0         1         1
       729       732
      2662        11         2         1         7         2
         0         1         1
       732       733
      2663        11         2         1         7         2
         0         1         1
       733       734
      2664        11         2         1         7         2
         0         1         1
       734       735
      2665        11         2         1         7         2
         0         1         1
       735       736
      2666        11         2         1         7         2
         0         1         1
       736       737
      2667        11         2         1         7         2
         0         1         1
       737       738
      2668        11         2         1         7         2
         0         1         1
       738       739
      2669        11         2         1         7         2
         0         1         1
       739       740
      2670        11         2         1         7         2
         0         1         1
       740       741
      2671        11         2         1         7         2
         0         1         1
       741       742
      2672        11         2         1         7         2
         0         1         1
       742       743
      2673        11         2         1         7         2
         0         1         1
       743       744
      2674        11         2         1         7         2
         0         1         1
       744       745
      2675        11         2         1         7         2
         0         1         1
       745       746
      2676        11         2         1         7         2
         0         1         1
       746       747
      2677        11         2         1         7         2
         0         1         1
       747       748
      2678        11         2         1         7         2
         0         1         1
       748       749
      2679        11         2         1         7         2
         0         1         1
       749       750
      2680        11         2         1         7         2
         0         1         1
       750       751
      2681        11         2         1         7         2
         0         1         1
       751       752
      2682        11         2         1         7         2
         0         1         1
       752       753
      2683        11         2         1         7         2
         0         1         1
       753       754
      2684        11         2         1         7         2
         0         1         1
       754       755
      2685        11         2         1         7         2
         0         1         1
       755       756
      2686        11         2         1         7         2
         0         1         1
       731       782
      2687        11         2         1         7         2
         0         1         1
       782       783
      2688        11         2         1         7         2
         0         1         1
       783       784
      2689        11         2         1         7         2
         0         1         1
       784       785
      2690        11         2         1         7         2
         0         1         1
       785       786
      2691        11         2         1         7         2
         0         1         1
       786       787
      2692        11         2         1         7         2
         0         1         1
       787       788
      2693        11         2         1         7         2
         0         1         1
       788       789
      2694        11         2         1         7         2
         0         1         1
       789       790
      2695        11         2         1         7         2
         0         1         1
       790       791
      2696        11         2         1         7         2
         0         1         1
       791       792
      2697        11         2         1         7         2
         0         1         1
       792       793
      2698        11         2         1         7         2
         0         1         1
       793       794
      2699        11         2         1         7         2
         0         1         1
       794       795
      2700        11         2         1         7         2
         0         1         1
       795       796
      2701        11         2         1         7         2
         0         1         1
       796       797
      2702        11         2         1         7         2
         0         1         1
       797       798
      2703        11         2         1         7         2
         0         1         1
       798       799
      2704        11         2         1         7         2
         0         1         1
       799       800
      2705        11         2         1         7         2
         0         1         1
       800       801
      2706        11         2         1         7         2
         0         1         1
       801       802
      2707        11         2         1         7         2
         0         1         1
       802       803
      2708        11         2         1         7         2
         0         1         1
       803       804
      2709        11         2         1         7         2
         0         1         1
       804       805
      2710        11         2         1         7         2
         0         1         1
       805       806
      2711        11         2         1         7         2
         0         1         1
       756       287
      2712        11         2         1         7         2
         0         1         1
       653       781
      2713        11         2         1         7         2
         0         1         1
       781       756
         7        41         2         1         7         3
         6         5         7
         8        41         2         1         7         3
         5         4         7
         9        41         2         1         7         3
         4         3         7
        10        41         2         1         7         3
         3         2         7
        11        41         2         1         7         3
         2         1         7
        12        41         2         1         7         3
         1         6         7
        13        44         2         1         7         4
         6         5        33         8
        14        44         2         1         7         4
         8        33        34         9
        15        44         2         1         7         4
         9        34        35        10
        16        44         2         1         7         4
        10        35        36        11
        17        44         2         1         7         4
        11        36        37        12
        18        44         2         1         7         4
        12        37        38        13
        19        44         2         1         7         4
        13        38        39        14
        20        44         2         1         7         4
        14        39        40        15
        21        44         2         1         7         4
        15        40        41        16
        22        44         2         1         7         4
        16        41        42        17
        23        44         2         1         7         4
        17        42        43        18
        24        44         2         1         7         4
        18        43        44        19
        25        44         2         1         7         4
        19        44        45        20
        26        44         2         1         7         4
        20        45        46        21
        27        44         2         1         7         4
        21        46        47        22
        28        44         2         1         7         4
        22        47        48        23
        29        44         2         1         7         4
        23        48        49        24
        30        44         2         1         7         4
        24        49        50        25
        31        44         2         1         7         4
        25        50        51        26
        32        44         2         1         7         4
        26        51        52        27
        33        44         2         1         7         4
        27        52        53        28
        34        44         2         1         7         4
        28        53        54        29
        35        44         2         1         7         4
        29        54        55        30
        36        44         2         1         7         4
        30        55        56        31
        37        44         2         1         7         4
        31        56        57        32
        38        44         2         1         7         4
         5         4        58        33
        39        44         2         1         7         4
        33        58        59        34
        40        44         2         1         7         4
        34        59        60        35
        41        44         2         1         7         4
        35        60        61        36
        42        44         2         1         7         4
        36        61        62        37
        43        44         2         1         7         4
        37        62        63        38
        44        44         2         1         7         4
        38        63        64        39
        45        44         2         1         7         4
        39        64        65        40
        46        44         2         1         7         4
        40        65        66        41
        47        44         2         1         7         4
        41        66        67        42
        48        44         2         1         7         4
        42        67        68        43
        49        44         2         1         7         4
        43        68        69        44
        50        44         2         1         7         4
        44        69        70        45
        51        44         2         1         7         4
        45        70        71        46
        52        44         2         1         7         4
        46        71        72        47
        53        44         2         1         7         4
        47        72        73        48
        54        44         2         1         7         4
        48        73        74        49
        55        44         2         1         7         4
        49        74        75        50
        56        44         2         1         7         4
        50        75        76        51
        57        44         2         1         7         4
        51        76        77        52
        58        44         2         1         7         4
        52        77        78        53
        59        44         2         1         7         4
        53        78        79        54
        60        44         2         1         7         4
        54        79        80        55
        61        44         2         1         7         4
        55        80        81        56
        62        44         2         1         7         4
        56        81        82        57
        63        44         2         1         7         4
         4         3        83        58
        64        44         2         1         7         4
        58        83        84        59
        65        44         2         1         7         4
        59        84        85        60
        66        44         2         1         7         4
        60        85        86        61
        67        44         2         1         7         4
        61        86        87        62
        68        44         2         1         7         4
        62        87        88        63
        69        44         2         1         7         4
        63        88        89        64
        70        44         2         1         7         4
        64        89        90        65
        71        44         2         1         7         4
        65        90        91        66
        72        44         2         1         7         4
        66        91        92        67
        73        44         2         1         7         4
        67        92        93        68
        74        44         2         1         7         4
        68        93        94        69
        75        44         2         1         7         4
        69        94        95        70
        76        44         2         1         7         4
        70        95        96        71
        77        44         2         1         7         4
        71        96        97        72
        78        44         2         1         7         4
        72        97        98        73
        79        44         2         1         7         4
        73        98        99        74
        80        44         2         1         7         4
        74        99       100        75
        81        44         2         1         7         4
        75       100       101        76
        82        44         2         1         7         4
        76       101       102        77
        83        44         2         1         7         4
        77       102       103        78
        84        44         2         1         7         4
        78       103       104        79
        85        44         2         1         7         4
        79       104       105        80
        86        44         2         1         7         4
        80       105       106        81
        87        44         2         1         7         4
        81       106       107        82
        88        44         2         1         7         4
         3         2       108        83
        89        44         2         1         7         4
        83       108       109        84
        90        44         2         1         7         4
        84       109       110        85
        91        44         2         1         7         4
        85       110       111        86
        92        44         2         1         7         4
        86       111       112        87
        93        44         2         1         7         4
        87       112       113        88
        94        44         2         1         7         4
        88       113       114        89
        95        44         2         1         7         4
        89       114       115        90
        96        44         2         1         7         4
        90       115       116        91
        97        44         2         1         7         4
        91       116       117        92
        98        44         2         1         7         4
        92       117       118        93
        99        44         2         1         7         4
        93       118       119        94
       100        44         2         1         7         4
        94       119       120        95
       101        44         2         1         7         4
        95       120       121        96
       102        44         2         1         7         4
        96       121       122        97
       103        44         2         1         7         4
        97       122       123        98
       104        44         2         1         7         4
        98       123       124        99
       105        44         2         1         7         4
        99       124       125       100
       106        44         2         1         7         4
       100       125       126       101
       107        44         2         1         7         4
       101       126       127       102
       108        44         2         1         7         4
       102       127       128       103
       109        44         2         1         7         4
       103       128       129       104
       110        44         2         1         7         4
       104       129       130       105
       111        44         2         1         7         4
       105       130       131       106
       112        44         2         1         7         4
       106       131       132       107
       113        44         2         1         7         4
         2         1       133       108
       114        44         2         1         7         4
       108       133       134       109
       115        44         2         1         7         4
       109       134       135       110
       116        44         2         1         7         4
       110       135       136       111
       117        44         2         1         7         4
       111       136       137       112
       118        44         2         1         7         4
       112       137       138       113
       119        44         2         1         7         4
       113       138       139       114
       120        44         2         1         7         4
       114       139       140       115
       121        44         2         1         7         4
       115       140       141       116
       122        44         2         1         7         4
       116       141       142       117
       123        44         2         1         7         4
       117       142       143       118
       124        44         2         1         7         4
       118       143       144       119
       125        44         2         1         7         4
       119       144       145       120
       126        44         2         1         7         4
       120       145       146       121
       127        44         2         1         7         4
       121       146       147       122
       128        44         2         1         7         4
       122       147       148       123
       129        44         2         1         7         4
       123       148       149       124
       130        44         2         1         7         4
       124       149       150       125
       131        44         2         1         7         4
       125       150       151       126
       132        44         2         1         7         4
       126       151       152       127
       133        44         2         1         7         4
       127       152       153       128
       134        44         2         1         7         4
       128       153       154       129
       135        44         2         1         7         4
       129       154       155       130
       136        44         2         1         7         4
       130       155       156       131
       137        44         2         1         7         4
       131       156       157       132
       138        44         2         1         7         4
         1         6         8       133
       139        44         2         1         7         4
       133         8         9       134
       140        44         2         1         7         4
       134         9        10       135
       141        44         2         1         7         4
       135        10        11       136
       142        44         2         1         7         4
       136        11        12       137
       143        44         2         1         7         4
       137        12        13       138
       144        44         2         1         7         4
       138        13        14       139
       145        44         2         1         7         4
       139        14        15       140
       146        44         2         1         7         4
       140        15        16       141
       147        44         2         1         7         4
       141        16        17       142
       148        44         2         1         7         4
       142        17        18       143
       149        44         2         1         7         4
       143        18        19       144
       150        44         2         1         7         4
       144        19        20       145
       151        44         2         1         7         4
       145        20        21       146
       152        44         2         1         7         4
       146        21        22       147
       153        44         2         1         7         4
       147        22        23       148
       154        44         2         1         7         4
       148        23        24       149
       155        44         2         1         7         4
       149        24        25       150
       156        44         2         1         7         4
       150        25        26       151
       157        44         2         1         7         4
       151        26        27       152
       158        44         2         1         7         4
       152        27        28       153
       159        44         2         1         7         4
       153        28        29       154
       160        44         2         1         7         4
       154        29        30       155
       161        44         2         1         7         4
       155        30        31       156
       162        44         2         1         7         4
       156        31        32       157
       494        41         2         1         7         3
        32        57       182
       495        41         2         1         7         3
        57        82       182
       496        41         2         1         7         3
        82       107       182
       497        41         2         1         7         3
       107       132       182
       498        41         2         1         7         3
       132       157       182
       499        41         2         1         7         3
       157        32       182
       505        41         2         1         7         3
       183       184       187
       506        41         2         1         7         3
       184       185       187
       507        41         2         1         7         3
       185         5       187
       508        41         2         1         7         3
         5         6       187
       509        41         2         1         7         3
         6       186       187
       510        41         2         1         7         3
       186       183       187
       511        44         2         1         7         4
       183       184       188       189
       512        44         2         1         7         4
       189       188       190       191
       513        44         2         1         7         4
       191       190       192       193
       514        44         2         1         7         4
       193       192       194       195
       515        44         2         1         7         4
       195       194       196       197
       516        44         2         1         7         4
       197       196       198       199
       517        44         2         1         7         4
       199       198       200       201
       518        44         2         1         7         4
       201       200       202       203
       519        44         2         1         7         4
       203       202       204       205
       520        44         2         1         7         4
       205       204       206       207
       521        44         2         1         7         4
       207       206       208       209
       522        44         2         1         7         4
       209       208       210       211
       523        44         2         1         7         4
       211       210       212       213
       524        44         2         1         7         4
       213       212       214       215
       525        44         2         1         7         4
       215       214       216       217
       526        44         2         1         7         4
       217       216       218       219
       527        44         2         1         7         4
       219       218       220       221
       528        44         2         1         7         4
       221       220       222       223
       529        44         2         1         7         4
       223       222       224       225
       530        44         2         1         7         4
       225       224       226       227
       531        44         2         1         7         4
       227       226       228       229
       532        44         2         1         7         4
       229       228       230       231
       533        44         2         1         7         4
       231       230       232       233
       534        44         2         1         7         4
       233       232       234       235
       535        44         2         1         7         4
       235       234       236       237
       536        44         2         1         7         4
       184       185       238       188
       537        44         2         1         7         4
       188       238       239       190
       538        44         2         1         7         4
       190       239       240       192
       539        44         2         1         7         4
       192       240       241       194
       540        44         2         1         7         4
       194       241       242       196
       541        44         2         1         7         4
       196       242       243       198
       542        44         2         1         7         4
       198       243       244       200
       543        44         2         1         7         4
       200       244       245       202
       544        44         2         1         7         4
       202       245       246       204
       545        44         2         1         7         4
       204       246       247       206
       546        44         2         1         7         4
       206       247       248       208
       547        44         2         1         7         4
       208       248       249       210
       548        44         2         1         7         4
       210       249       250       212
       549        44         2         1         7         4
       212       250       251       214
       550        44         2         1         7         4
       214       251       252       216
       551        44         2         1         7         4
       216       252       253       218
       552        44         2         1         7         4
       218       253       254       220
       553        44         2         1         7         4
       220       254       255       222
       554        44         2         1         7         4
       222       255       256       224
       555        44         2         1         7         4
       224       256       257       226
       556        44         2         1         7         4
       226       257       258       228
       557        44         2         1         7         4
       228       258       259       230
       558        44         2         1         7         4
       230       259       260       232
       559        44         2         1         7         4
       232       260       261       234
       560        44         2         1         7         4
       234       261       262       236
       561        44         2         1         7         4
       185         5        33       238
       562        44         2         1         7         4
       238        33        34       239
       563        44         2         1         7         4
       239        34        35       240
       564        44         2         1         7         4
       240        35        36       241
       565        44         2         1         7         4
       241        36        37       242
       566        44         2         1         7         4
       242        37        38       243
       567        44         2         1         7         4
       243        38        39       244
       568        44         2         1         7         4
       244        39        40       245
       569        44         2         1         7         4
       245        40        41       246
       570        44         2         1         7         4
       246        41        42       247
       571        44         2         1         7         4
       247        42        43       248
       572        44         2         1         7         4
       248        43        44       249
       573        44         2         1         7         4
       249        44        45       250
       574        44         2         1         7         4
       250        45        46       251
       575        44         2         1         7         4
       251        46        47       252
       576        44         2         1         7         4
       252        47        48       253
       577        44         2         1         7         4
       253        48        49       254
       578        44         2         1         7         4
       254        49        50       255
       579        44         2         1         7         4
       255        50        51       256
       580        44         2         1         7         4
       256        51        52       257
       581        44         2         1         7         4
       257        52        53       258
       582        44         2         1         7         4
       258        53        54       259
       583        44         2         1         7         4
       259        54        55       260
       584        44         2         1         7         4
       260        55        56       261
       585        44         2         1         7         4
       261        56        57       262
       586        44         2         1         7         4
         6       186       263         8
       587        44         2         1         7         4
         8       263       264         9
       588        44         2         1         7         4
         9       264       265        10
       589        44         2         1         7         4
        10       265       266        11
       590        44         2         1         7         4
        11       266       267        12
       591        44         2         1         7         4
        12       267       268        13
       592        44         2         1         7         4
        13       268       269        14
       593        44         2         1         7         4
        14       269       270        15
       594        44         2         1         7         4
        15       270       271        16
       595        44         2         1         7         4
        16       271       272        17
       596        44         2         1         7         4
        17       272       273        18
       597        44         2         1         7         4
        18       273       274        19
       598        44         2         1         7         4
        19       274       275        20
       599        44         2         1         7         4
        20       275       276        21
       600        44         2         1         7         4
        21       276       277        22
       601        44         2         1         7         4
        22       277       278        23
       602        44         2         1         7         4
        23       278       279        24
       603        44         2         1         7         4
        24       279       280        25
       604        44         2         1         7         4
        25       280       281        26
       605        44         2         1         7         4
        26       281       282        27
       606        44         2         1         7         4
        27       282       283        28
       607        44         2         1         7         4
        28       283       284        29
       608        44         2         1         7         4
        29       284       285        30
       609        44         2         1         7         4
        30       285       286        31
       610        44         2         1         7         4
        31       286       287        32
       611        44         2         1         7         4
       186       183       189       263
       612        44         2         1         7         4
       263       189       191       264
       613        44         2         1         7         4
       264       191       193       265
       614        44         2         1         7         4
       265       193       195       266
       615        44         2         1         7         4
       266       195       197       267
       616        44         2         1         7         4
       267       197       199       268
       617        44         2         1         7         4
       268       199       201       269
       618        44         2         1         7         4
       269       201       203       270
       619        44         2         1         7         4
       270       203       205       271
       620        44         2         1         7         4
       271       205       207       272
       621        44         2         1         7         4
       272       207       209       273
       622        44         2         1         7         4
       273       209       211       274
       623        44         2         1         7         4
       274       211       213       275
       624        44         2         1         7         4
       275       213       215       276
       625        44         2         1         7         4
       276       215       217       277
       626        44         2         1         7         4
       277       217       219       278
       627        44         2         1         7         4
       278       219       221       279
       628        44         2         1         7         4
       279       221       223       280
       629        44         2         1         7         4
       280       223       225       281
       630        44         2         1         7         4
       281       225       227       282
       631        44         2         1         7         4
       282       227       229       283
       632        44         2         1         7         4
       283       229       231       284
       633        44         2         1         7         4
       284       231       233       285
       634        44         2         1         7         4
       285       233       235       286
       635        44         2         1         7         4
       286       235       237       287
       916        41         2         1         7         3
       237       236       312
       917        41         2         1         7         3
       236       262       312
       918        41         2         1         7         3
       262        57       312
       919        41         2         1         7         3
        57        32       312
       920        41         2         1         7         3
        32       287       312
       921        41         2         1         7         3
       287       237       312
       926        41         2         1         7         3
       185       313       316
       927        41         2         1         7         3
       313       314       316
       928        41         2         1         7         3
       314       315       316
       929        41         2         1         7         3
       315         4       316
       930        41         2         1         7         3
         4         5       316
       931        41         2         1         7         3
         5       185       316
       932        44         2         1         7         4
       185       313       317       238
       933        44         2         1         7         4
       238       317       318       239
       934        44         2         1         7         4
       239       318       319       240
       935        44         2         1         7         4
       240       319       320       241
       936        44         2         1         7         4
       241       320       321       242
       937        44         2         1         7         4
       242       321       322       243
       938        44         2         1         7         4
       243       322       323       244
       939        44         2         1         7         4
       244       323       324       245
       940        44         2         1         7         4
       245       324       325       246
       941        44         2         1         7         4
       246       325       326       247
       942        44         2         1         7         4
       247       326       327       248
       943        44         2         1         7         4
       248       327       328       249
       944        44         2         1         7         4
       249       328       329       250
       945        44         2         1         7         4
       250       329       330       251
       946        44         2         1         7         4
       251       330       331       252
       947        44         2         1         7         4
       252       331       332       253
       948        44         2         1         7         4
       253       332       333       254
       949        44         2         1         7         4
       254       333       334       255
       950        44         2         1         7         4
       255       334       335       256
       951        44         2         1         7         4
       256       335       336       257
       952        44         2         1         7         4
       257       336       337       258
       953        44         2         1         7         4
       258       337       338       259
       954        44         2         1         7         4
       259       338       339       260
       955        44         2         1         7         4
       260       339       340       261
       956        44         2         1         7         4
       261       340       341       262
       957        44         2         1         7         4
       313       314       342       317
       958        44         2         1         7         4
       317       342       343       318
       959        44         2         1         7         4
       318       343       344       319
       960        44         2         1         7         4
       319       344       345       320
       961        44         2         1         7         4
       320       345       346       321
       962        44         2         1         7         4
       321       346       347       322
       963        44         2         1         7         4
       322       347       348       323
       964        44         2         1         7         4
       323       348       349       324
       965        44         2         1         7         4
       324       349       350       325
       966        44         2         1         7         4
       325       350       351       326
       967        44         2         1         7         4
       326       351       352       327
       968        44         2         1         7         4
       327       352       353       328
       969        44         2         1         7         4
       328       353       354       329
       970        44         2         1         7         4
       329       354       355       330
       971        44         2         1         7         4
       330       355       356       331
       972        44         2         1         7         4
       331       356       357       332
       973        44         2         1         7         4
       332       357       358       333
       974        44         2         1         7         4
       333       358       359       334
       975        44         2         1         7         4
       334       359       360       335
       976        44         2         1         7         4
       335       360       361       336
       977        44         2         1         7         4
       336       361       362       337
       978        44         2         1         7         4
       337       362       363       338
       979        44         2         1         7         4
       338       363       364       339
       980        44         2         1         7         4
       339       364       365       340
       981        44         2         1         7         4
       340       365       366       341
       982        44         2         1         7         4
       314       315       367       342
       983        44         2         1         7         4
       342       367       368       343
       984        44         2         1         7         4
       343       368       369       344
       985        44         2         1         7         4
       344       369       370       345
       986        44         2         1         7         4
       345       370       371       346
       987        44         2         1         7         4
       346       371       372       347
       988        44         2         1         7         4
       347       372       373       348
       989        44         2         1         7         4
       348       373       374       349
       990        44         2         1         7         4
       349       374       375       350
       991        44         2         1         7         4
       350       375       376       351
       992        44         2         1         7         4
       351       376       377       352
       993        44         2         1         7         4
       352       377       378       353
       994        44         2         1         7         4
       353       378       379       354
       995        44         2         1         7         4
       354       379       380       355
       996        44         2         1         7         4
       355       380       381       356
       997        44         2         1         7         4
       356       381       382       357
       998        44         2         1         7         4
       357       382       383       358
       999        44         2         1         7         4
       358       383       384       359
      1000        44         2         1         7         4
       359       384       385       360
      1001        44         2         1         7         4
       360       385       386       361
      1002        44         2         1         7         4
       361       386       387       362
      1003        44         2         1         7         4
       362       387       388       363
      1004        44         2         1         7         4
       363       388       389       364
      1005        44         2         1         7         4
       364       389       390       365
      1006        44         2         1         7         4
       365       390       391       366
      1007        44         2         1         7         4
       315         4        58       367
      1008        44         2         1         7         4
       367        58        59       368
      1009        44         2         1         7         4
       368        59        60       369
      1010        44         2         1         7         4
       369        60        61       370
      1011        44         2         1         7         4
       370        61        62       371
      1012        44         2         1         7         4
       371        62        63       372
      1013        44         2         1         7         4
       372        63        64       373
      1014        44         2         1         7         4
       373        64        65       374
      1015        44         2         1         7         4
       374        65        66       375
      1016        44         2         1         7         4
       375        66        67       376
      1017        44         2         1         7         4
       376        67        68       377
      1018        44         2         1         7         4
       377        68        69       378
      1019        44         2         1         7         4
       378        69        70       379
      1020        44         2         1         7         4
       379        70        71       380
      1021        44         2         1         7         4
       380        71        72       381
      1022        44         2         1         7         4
       381        72        73       382
      1023        44         2         1         7         4
       382        73        74       383
      1024        44         2         1         7         4
       383        74        75       384
      1025        44         2         1         7         4
       384        75        76       385
      1026        44         2         1         7         4
       385        76        77       386
      1027        44         2         1         7         4
       386        77        78       387
      1028        44         2         1         7         4
       387        78        79       388
      1029        44         2         1         7         4
       388        79        80       389
      1030        44         2         1         7         4
       389        80        81       390
      1031        44         2         1         7         4
       390        81        82       391
      1286        41         2         1         7         3
       262       341       416
      1287        41         2         1         7         3
       341       366       416
      1288        41         2         1         7         3
       366       391       416
      1289        41         2         1         7         3
       391        82       416
      1290        41         2         1         7         3
        82        57       416
      1291        41         2         1         7         3
        57       262       416
      1296        41         2         1         7         3
         4       315       420
      1297        41         2         1         7         3
       315       417       420
      1298        41         2         1         7         3
       417       418       420
      1299        41         2         1         7         3
       418       419       420
      1300        41         2         1         7         3
       419         3       420
      1301        41         2         1         7         3
         3         4       420
      1302        44         2         1         7         4
       315       417       421       367
      1303        44         2         1         7         4
       367       421       422       368
      1304        44         2         1         7         4
       368       422       423       369
      1305        44         2         1         7         4
       369       423       424       370
      1306        44         2         1         7         4
       370       424       425       371
      1307        44         2         1         7         4
       371       425       426       372
      1308        44         2         1         7         4
       372       426       427       373
      1309        44         2         1         7         4
       373       427       428       374
      1310        44         2         1         7         4
       374       428       429       375
      1311        44         2         1         7         4
       375       429       430       376
      1312        44         2         1         7         4
       376       430       431       377
      1313        44         2         1         7         4
       377       431       432       378
      1314        44         2         1         7         4
       378       432       433       379
      1315        44         2         1         7         4
       379       433       434       380
      1316        44         2         1         7         4
       380       434       435       381
      1317        44         2         1         7         4
       381       435       436       382
      1318        44         2         1         7         4
       382       436       437       383
      1319        44         2         1         7         4
       383       437       438       384
      1320        44         2         1         7         4
       384       438       439       385
      1321        44         2         1         7         4
       385       439       440       386
      1322        44         2         1         7         4
       386       440       441       387
      1323        44         2         1         7         4
       387       441       442       388
      1324        44         2         1         7         4
       388       442       443       389
      1325        44         2         1         7         4
       389       443       444       390
      1326        44         2         1         7         4
       390       444       445       391
      1327        44         2         1         7         4
       417       418       446       421
      1328        44         2         1         7         4
       421       446       447       422
      1329        44         2         1         7         4
       422       447       448       423
      1330        44         2         1         7         4
       423       448       449       424
      1331        44         2         1         7         4
       424       449       450       425
      1332        44         2         1         7         4
       425       450       451       426
      1333        44         2         1         7         4
       426       451       452       427
      1334        44         2         1         7         4
       427       452       453       428
      1335        44         2         1         7         4
       428       453       454       429
      1336        44         2         1         7         4
       429       454       455       430
      1337        44         2         1         7         4
       430       455       456       431
      1338        44         2         1         7         4
       431       456       457       432
      1339        44         2         1         7         4
       432       457       458       433
      1340        44         2         1         7         4
       433       458       459       434
      1341        44         2         1         7         4
       434       459       460       435
      1342        44         2         1         7         4
       435       460       461       436
      1343        44         2         1         7         4
       436       461       462       437
      1344        44         2         1         7         4
       437       462       463       438
      1345        44         2         1         7         4
       438       463       464       439
      1346        44         2         1         7         4
       439       464       465       440
      1347        44         2         1         7         4
       440       465       466       441
      1348        44         2         1         7         4
       441       466       467       442
      1349        44         2         1         7         4
       442       467       468       443
      1350        44         2         1         7         4
       443       468       469       444
      1351        44         2         1         7         4
       444       469       470       445
      1352        44         2         1         7         4
       418       419       471       446
      1353        44         2         1         7         4
       446       471       472       447
      1354        44         2         1         7         4
       447       472       473       448
      1355        44         2         1         7         4
       448       473       474       449
      1356        44         2         1         7         4
       449       474       475       450
      1357        44         2         1         7         4
       450       475       476       451
      1358        44         2         1         7         4
       451       476       477       452
      1359        44         2         1         7         4
       452       477       478       453
      1360        44         2         1         7         4
       453       478       479       454
      1361        44         2         1         7         4
       454       479       480       455
      1362        44         2         1         7         4
       455       480       481       456
      1363        44         2         1         7         4
       456       481       482       457
      1364        44         2         1         7         4
       457       482       483       458
      1365        44         2         1         7         4
       458       483       484       459
      1366        44         2         1         7         4
       459       484       485       460
      1367        44         2         1         7         4
       460       485       486       461
      1368        44         2         1         7         4
       461       486       487       462
      1369        44         2         1         7         4
       462       487       488       463
      1370        44         2         1         7         4
       463       488       489       464
      1371        44         2         1         7         4
       464       489       490       465
      1372        44         2         1         7         4
       465       490       491       466
      1373        44         2         1         7         4
       466       491       492       467
      1374        44         2         1         7         4
       467       492       493       468
      1375        44         2         1         7         4
       468       493       494       469
      1376        44         2         1         7         4
       469       494       495       470
      1377        44         2         1         7         4
       419         3        83       471
      1378        44         2         1         7         4
       471        83        84       472
      1379        44         2         1         7         4
       472        84        85       473
      1380        44         2         1         7         4
       473        85        86       474
      1381        44         2         1         7         4
       474        86        87       475
      1382        44         2         1         7         4
       475        87        88       476
      1383        44         2         1         7         4
       476        88        89       477
      1384        44         2         1         7         4
       477        89        90       478
      1385        44         2         1         7         4
       478        90        91       479
      1386        44         2         1         7         4
       479        91        92       480
      1387        44         2         1         7         4
       480        92        93       481
      1388        44         2         1         7         4
       481        93        94       482
      1389        44         2         1         7         4
       482        94        95       483
      1390        44         2         1         7         4
       483        95        96       484
      1391        44         2         1         7         4
       484        96        97       485
      1392        44         2         1         7         4
       485        97        98       486
      1393        44         2         1         7         4
       486        98        99       487
      1394        44         2         1         7         4
       487        99       100       488
      1395        44         2         1         7         4
       488       100       101       489
      1396        44         2         1         7         4
       489       101       102       490
      1397        44         2         1         7         4
       490       102       103       491
      1398        44         2         1         7         4
       491       103       104       492
      1399        44         2         1         7         4
       492       104       105       493
      1400        44         2         1         7         4
       493       105       106       494
      1401        44         2         1         7         4
       494       106       107       495
      1656        41         2         1         7         3
        82       391       520
      1657        41         2         1         7         3
       391       445       520
      1658        41         2         1         7         3
       445       470       520
      1659        41         2         1         7         3
       470       495       520
      1660        41         2         1         7         3
       495       107       520
      1661        41         2         1         7         3
       107        82       520
      1666        41         2         1         7         3
         2         3       524
      1667        41         2         1         7         3
         3       419       524
      1668        41         2         1         7         3
       419       521       524
      1669        41         2         1         7         3
       521       522       524
      1670        41         2         1         7         3
       522       523       524
      1671        41         2         1         7         3
       523         2       524
      1672        44         2         1         7         4
       419       521       525       471
      1673        44         2         1         7         4
       471       525       526       472
      1674        44         2         1         7         4
       472       526       527       473
      1675        44         2         1         7         4
       473       527       528       474
      1676        44         2         1         7         4
       474       528       529       475
      1677        44         2         1         7         4
       475       529       530       476
      1678        44         2         1         7         4
       476       530       531       477
      1679        44         2         1         7         4
       477       531       532       478
      1680        44         2         1         7         4
       478       532       533       479
      1681        44         2         1         7         4
       479       533       534       480
      1682        44         2         1         7         4
       480       534       535       481
      1683        44         2         1         7         4
       481       535       536       482
      1684        44         2         1         7         4
       482       536       537       483
      1685        44         2         1         7         4
       483       537       538       484
      1686        44         2         1         7         4
       484       538       539       485
      1687        44         2         1         7         4
       485       539       540       486
      1688        44         2         1         7         4
       486       540       541       487
      1689        44         2         1         7         4
       487       541       542       488
      1690        44         2         1         7         4
       488       542       543       489
      1691        44         2         1         7         4
       489       543       544       490
      1692        44         2         1         7         4
       490       544       545       491
      1693        44         2         1         7         4
       491       545       546       492
      1694        44         2         1         7         4
       492       546       547       493
      1695        44         2         1         7         4
       493       547       548       494
      1696        44         2         1         7         4
       494       548       549       495
      1697        44         2         1         7         4
       521       522       550       525
      1698        44         2         1         7         4
       525       550       551       526
      1699        44         2         1         7         4
       526       551       552       527
      1700        44         2         1         7         4
       527       552       553       528
      1701        44         2         1         7         4
       528       553       554       529
      1702        44         2         1         7         4
       529       554       555       530
      1703        44         2         1         7         4
       530       555       556       531
      1704        44         2         1         7         4
       531       556       557       532
      1705        44         2         1         7         4
       532       557       558       533
      1706        44         2         1         7         4
       533       558       559       534
      1707        44         2         1         7         4
       534       559       560       535
      1708        44         2         1         7         4
       535       560       561       536
      1709        44         2         1         7         4
       536       561       562       537
      1710        44         2         1         7         4
       537       562       563       538
      1711        44         2         1         7         4
       538       563       564       539
      1712        44         2         1         7         4
       539       564       565       540
      1713        44         2         1         7         4
       540       565       566       541
      1714        44         2         1         7         4
       541       566       567       542
      1715        44         2         1         7         4
       542       567       568       543
      1716        44         2         1         7         4
       543       568       569       544
      1717        44         2         1         7         4
       544       569       570       545
      1718        44         2         1         7         4
       545       570       571       546
      1719        44         2         1         7         4
       546       571       572       547
      1720        44         2         1         7         4
       547       572       573       548
      1721        44         2         1         7         4
       548       573       574       549
      1722        44         2         1         7         4
       522       523       575       550
      1723        44         2         1         7         4
       550       575       576       551
      1724        44         2         1         7         4
       551       576       577       552
      1725        44         2         1         7         4
       552       577       578       553
      1726        44         2         1         7         4
       553       578       579       554
      1727        44         2         1         7         4
       554       579       580       555
      1728        44         2         1         7         4
       555       580       581       556
      1729        44         2         1         7         4
       556       581       582       557
      1730        44         2         1         7         4
       557       582       583       558
      1731        44         2         1         7         4
       558       583       584       559
      1732        44         2         1         7         4
       559       584       585       560
      1733        44         2         1         7         4
       560       585       586       561
      1734        44         2         1         7         4
       561       586       587       562
      1735        44         2         1         7         4
       562       587       588       563
      1736        44         2         1         7         4
       563       588       589       564
      1737        44         2         1         7         4
       564       589       590       565
      1738        44         2         1         7         4
       565       590       591       566
      1739        44         2         1         7         4
       566       591       592       567
      1740        44         2         1         7         4
       567       592       593       568
      1741        44         2         1         7         4
       568       593       594       569
      1742        44         2         1         7         4
       569       594       595       570
      1743        44         2         1         7         4
       570       595       596       571
      1744        44         2         1         7         4
       571       596       597       572
      1745        44         2         1         7         4
       572       597       598       573
      1746        44         2         1         7         4
       573       598       599       574
      1747        44         2         1         7         4
       523         2       108       575
      1748        44         2         1         7         4
       575       108       109       576
      1749        44         2         1         7         4
       576       109       110       577
      1750        44         2         1         7         4
       577       110       111       578
      1751        44         2         1         7         4
       578       111       112       579
      1752        44         2         1         7         4
       579       112       113       580
      1753        44         2         1         7         4
       580       113       114       581
      1754        44         2         1         7         4
       581       114       115       582
      1755        44         2         1         7         4
       582       115       116       583
      1756        44         2         1         7         4
       583       116       117       584
      1757        44         2         1         7         4
       584       117       118       585
      1758        44         2         1         7         4
       585       118       119       586
      1759        44         2         1         7         4
       586       119       120       587
      1760        44         2         1         7         4
       587       120       121       588
      1761        44         2         1         7         4
       588       121       122       589
      1762        44         2         1         7         4
       589       122       123       590
      1763        44         2         1         7         4
       590       123       124       591
      1764        44         2         1         7         4
       591       124       125       592
      1765        44         2         1         7         4
       592       125       126       593
      1766        44         2         1         7         4
       593       126       127       594
      1767        44         2         1         7         4
       594       127       128       595
      1768        44         2         1         7         4
       595       128       129       596
      1769        44         2         1         7         4
       596       129       130       597
      1770        44         2         1         7         4
       597       130       131       598
      1771        44         2         1         7         4
       598       131       132       599
      2026        41         2         1         7         3
       132       107       624
      2027        41         2         1         7         3
       107       495       624
      2028        41         2         1         7         3
       495       549       624
      2029        41         2         1         7         3
       549       574       624
      2030        41         2         1         7         3
       574       599       624
      2031        41         2         1         7         3
       599       132       624
      2036        41         2         1         7         3
       625         1       628
      2037        41         2         1         7         3
         1         2       628
      2038        41         2         1         7         3
         2       523       628
      2039        41         2         1         7         3
       523       626       628
      2040        41         2         1         7         3
       626       627       628
      2041        41         2         1         7         3
       627       625       628
      2042        44         2         1         7         4
       625         1       133       629
      2043        44         2         1         7         4
       629       133       134       630
      2044        44         2         1         7         4
       630       134       135       631
      2045        44         2         1         7         4
       631       135       136       632
      2046        44         2         1         7         4
       632       136       137       633
      2047        44         2         1         7         4
       633       137       138       634
      2048        44         2         1         7         4
       634       138       139       635
      2049        44         2         1         7         4
       635       139       140       636
      2050        44         2         1         7         4
       636       140       141       637
      2051        44         2         1         7         4
       637       141       142       638
      2052        44         2         1         7         4
       638       142       143       639
      2053        44         2         1         7         4
       639       143       144       640
      2054        44         2         1         7         4
       640       144       145       641
      2055        44         2         1         7         4
       641       145       146       642
      2056        44         2         1         7         4
       642       146       147       643
      2057        44         2         1         7         4
       643       147       148       644
      2058        44         2         1         7         4
       644       148       149       645
      2059        44         2         1         7         4
       645       149       150       646
      2060        44         2         1         7         4
       646       150       151       647
      2061        44         2         1         7         4
       647       151       152       648
      2062        44         2         1         7         4
       648       152       153       649
      2063        44         2         1         7         4
       649       153       154       650
      2064        44         2         1         7         4
       650       154       155       651
      2065        44         2         1         7         4
       651       155       156       652
      2066        44         2         1         7         4
       652       156       157       653
      2067        44         2         1         7         4
       523       626       654       575
      2068        44         2         1         7         4
       575       654       655       576
      2069        44         2         1         7         4
       576       655       656       577
      2070        44         2         1         7         4
       577       656       657       578
      2071        44         2         1         7         4
       578       657       658       579
      2072        44         2         1         7         4
       579       658       659       580
      2073        44         2         1         7         4
       580       659       660       581
      2074        44         2         1         7         4
       581       660       661       582
      2075        44         2         1         7         4
       582       661       662       583
      2076        44         2         1         7         4
       583       662       663       584
      2077        44         2         1         7         4
       584       663       664       585
      2078        44         2         1         7         4
       585       664       665       586
      2079        44         2         1         7         4
       586       665       666       587
      2080        44         2         1         7         4
       587       666       667       588
      2081        44         2         1         7         4
       588       667       668       589
      2082        44         2         1         7         4
       589       668       669       590
      2083        44         2         1         7         4
       590       669       670       591
      2084        44         2         1         7         4
       591       670       671       592
      2085        44         2         1         7         4
       592       671       672       593
      2086        44         2         1         7         4
       593       672       673       594
      2087        44         2         1         7         4
       594       673       674       595
      2088        44         2         1         7         4
       595       674       675       596
      2089        44         2         1         7         4
       596       675       676       597
      2090        44         2         1         7         4
       597       676       677       598
      2091        44         2         1         7         4
       598       677       678       599
      2092        44         2         1         7         4
       626       627       679       654
      2093        44         2         1         7         4
       654       679       680       655
      2094        44         2         1         7         4
       655       680       681       656
      2095        44         2         1         7         4
       656       681       682       657
      2096        44         2         1         7         4
       657       682       683       658
      2097        44         2         1         7         4
       658       683       684       659
      2098        44         2         1         7         4
       659       684       685       660
      2099        44         2         1         7         4
       660       685       686       661
      2100        44         2         1         7         4
       661       686       687       662
      2101        44         2         1         7         4
       662       687       688       663
      2102        44         2         1         7         4
       663       688       689       664
      2103        44         2         1         7         4
       664       689       690       665
      2104        44         2         1         7         4
       665       690       691       666
      2105        44         2         1         7         4
       666       691       692       667
      2106        44         2         1         7         4
       667       692       693       668
      2107        44         2         1         7         4
       668       693       694       669
      2108        44         2         1         7         4
       669       694       695       670
      2109        44         2         1         7         4
       670       695       696       671
      2110        44         2         1         7         4
       671       696       697       672
      2111        44         2         1         7         4
       672       697       698       673
      2112        44         2         1         7         4
       673       698       699       674
      2113        44         2         1         7         4
       674       699       700       675
      2114        44         2         1         7         4
       675       700       701       676
      2115        44         2         1         7         4
       676       701       702       677
      2116        44         2         1         7         4
       677       702       703       678
      2117        44         2         1         7         4
       627       625       629       679
      2118        44         2         1         7         4
       679       629       630       680
      2119        44         2         1         7         4
       680       630       631       681
      2120        44         2         1         7         4
       681       631       632       682
      2121        44         2         1         7         4
       682       632       633       683
      2122        44         2         1         7         4
       683       633       634       684
      2123        44         2         1         7         4
       684       634       635       685
      2124        44         2         1         7         4
       685       635       636       686
      2125        44         2         1         7         4
       686       636       637       687
      2126        44         2         1         7         4
       687       637       638       688
      2127        44         2         1         7         4
       688       638       639       689
      2128        44         2         1         7         4
       689       639       640       690
      2129        44         2         1         7         4
       690       640       641       691
      2130        44         2         1         7         4
       691       641       642       692
      2131        44         2         1         7         4
       692       642       643       693
      2132        44         2         1         7         4
       693       643       644       694
      2133        44         2         1         7         4
       694       644       645       695
      2134        44         2         1         7         4
       695       645       646       696
      2135        44         2         1         7         4
       696       646       647       697
      2136        44         2         1         7         4
       697       647       648       698
      2137        44         2         1         7         4
       698       648       649       699
      2138        44         2         1         7         4
       699       649       650       700
      2139        44         2         1         7         4
       700       650       651       701
      2140        44         2         1         7         4
       701       651       652       702
      2141        44         2         1         7         4
       702       652       653       703
      2396        41         2         1         7         3
       653       157       728
      2397        41         2         1         7         3
       157       132       728
      2398        41         2         1         7         3
       132       599       728
      2399        41         2         1         7         3
       599       678       728
      2400        41         2         1         7         3
       678       703       728
      2401        41         2         1         7         3
       703       653       728
      2405        41         2         1         7         3
       729       186       731
      2406        41         2         1         7         3
       186         6       731
      2407        41         2         1         7         3
         6         1       731
      2408        41         2         1         7         3
         1       625       731
      2409        41         2         1         7         3
       625       730       731
      2410        41         2         1         7         3
       730       729       731
      2411        44         2         1         7         4
       729       186       263       732
      2412        44         2         1         7         4
       732       263       264       733
      2413        44         2         1         7         4
       733       264       265       734
      2414        44         2         1         7         4
       734       265       266       735
      2415        44         2         1         7         4
       735       266       267       736
      2416        44         2         1         7         4
       736       267       268       737
      2417        44         2         1         7         4
       737       268       269       738
      2418        44         2         1         7         4
       738       269       270       739
      2419        44         2         1         7         4
       739       270       271       740
      2420        44         2         1         7         4
       740       271       272       741
      2421        44         2         1         7         4
       741       272       273       742
      2422        44         2         1         7         4
       742       273       274       743
      2423        44         2         1         7         4
       743       274       275       744
      2424        44         2         1         7         4
       744       275       276       745
      2425        44         2         1         7         4
       745       276       277       746
      2426        44         2         1         7         4
       746       277       278       747
      2427        44         2         1         7         4
       747       278       279       748
      2428        44         2         1         7         4
       748       279       280       749
      2429        44         2         1         7         4
       749       280       281       750
      2430        44         2         1         7         4
       750       281       282       751
      2431        44         2         1         7         4
       751       282       283       752
      2432        44         2         1         7         4
       752       283       284       753
      2433        44         2         1         7         4
       753       284       285       754
      2434        44         2         1         7         4
       754       285       286       755
      2435        44         2         1         7         4
       755       286       287       756
      2436        44         2         1         7         4
       625       730       757       629
      2437        44         2         1         7         4
       629       757       758       630
      2438        44         2         1         7         4
       630       758       759       631
      2439        44         2         1         7         4
       631       759       760       632
      2440        44         2         1         7         4
       632       760       761       633
      2441        44         2         1         7         4
       633       761       762       634
      2442        44         2         1         7         4
       634       762       763       635
      2443        44         2         1         7         4
       635       763       764       636
      2444        44         2         1         7         4
       636       764       765       637
      2445        44         2         1         7         4
       637       765       766       638
      2446        44         2         1         7         4
       638       766       767       639
      2447        44         2         1         7         4
       639       767       768       640
      2448        44         2         1         7         4
       640       768       769       641
      2449        44         2         1         7         4
       641       769       770       642
      2450        44         2         1         7         4
       642       770       771       643
      2451        44         2         1         7         4
       643       771       772       644
      2452        44         2         1         7         4
       644       772       773       645
      2453        44         2         1         7         4
       645       773       774       646
      2454        44         2         1         7         4
       646       774       775       647
      2455        44         2         1         7         4
       647       775       776       648
      2456        44         2         1         7         4
       648       776       777       649
      2457        44         2         1         7         4
       649       777       778       650
      2458        44         2         1         7         4
       650       778       779       651
      2459        44         2         1         7         4
       651       779       780       652
      2460        44         2         1         7         4
       652       780       781       653
      2461        44         2         1         7         4
       730       729       732       757
      2462        44         2         1         7         4
       757       732       733       758
      2463        44         2         1         7         4
       758       733       734       759
      2464        44         2         1         7         4
       759       734       735       760
      2465        44         2         1         7         4
       760       735       736       761
      2466        44         2         1         7         4
       761       736       737       762
      2467        44         2         1         7         4
       762       737       738       763
      2468        44         2         1         7         4
       763       738       739       764
      2469        44         2         1         7         4
       764       739       740       765
      2470        44         2         1         7         4
       765       740       741       766
      2471        44         2         1         7         4
       766       741       742       767
      2472        44         2         1         7         4
       767       742       743       768
      2473        44         2         1         7         4
       768       743       744       769
      2474        44         2         1         7         4
       769       744       745       770
      2475        44         2         1         7         4
       770       745       746       771
      2476        44         2         1         7         4
       771       746       747       772
      2477        44         2         1         7         4
       772       747       748       773
      2478        44         2         1         7         4
       773       748       749       774
      2479        44         2         1         7         4
       774       749       750       775
      2480        44         2         1         7         4
       775       750       751       776
      2481        44         2         1         7         4
       776       751       752       777
      2482        44         2         1         7         4
       777       752       753       778
      2483        44         2         1         7         4
       778       753       754       779
      2484        44         2         1         7         4
       779       754       755       780
      2485        44         2         1         7         4
       780       755       756       781
      2714        41         2         1         7         3
       756       287       806
      2715        41         2         1         7         3
       287        32       806
      2716        41         2         1         7         3
        32       157       806
      2717        41         2         1         7         3
       157       653       806
      2718        41         2         1         7         3
       653       781       806
      2719        41         2         1         7         3
       781       756       806
       163       112         2         1         7         6
         6         5         7         8        33       158
       164       112         2         1         7         6
         8        33       158         9        34       159
       165       112         2         1         7         6
         9        34       159        10        35       160
       166       112         2         1         7         6
        10        35       160        11        36       161
       167       112         2         1         7         6
        11        36       161        12        37       162
       168       112         2         1         7         6
        12        37       162        13        38       163
       169       112         2         1         7         6
        13        38       163        14        39       164
       170       112         2         1         7         6
        14        39       164        15        40       165
       171       112         2         1         7         6
        15        40       165        16        41       166
       172       112         2         1         7         6
        16        41       166        17        42       167
       173       112         2         1         7         6
        17        42       167        18        43       168
       174       112         2         1         7         6
        18        43       168        19        44       169
       175       112         2         1         7         6
        19        44       169        20        45       170
       176       112         2         1         7         6
        20        45       170        21        46       171
       177       112         2         1         7         6
        21        46       171        22        47       172
       178       112         2         1         7         6
        22        47       172        23        48       173
       179       112         2         1         7         6
        23        48       173        24        49       174
       180       112         2         1         7         6
        24        49       174        25        50       175
       181       112         2         1         7         6
        25        50       175        26        51       176
       182       112         2         1         7         6
        26        51       176        27        52       177
       183       112         2         1         7         6
        27        52       177        28        53       178
       184       112         2         1         7         6
        28        53       178        29        54       179
       185       112         2         1         7         6
        29        54       179        30        55       180
       186       112         2         1         7         6
        30        55       180        31        56       181
       187       112         2         1         7         6
        31        56       181        32        57       182
       188       112         2         1         7         6
         5         4         7        33        58       158
       189       112         2         1         7         6
        33        58       158        34        59       159
       190       112         2         1         7         6
        34        59       159        35        60       160
       191       112         2         1         7         6
        35        60       160        36        61       161
       192       112         2         1         7         6
        36        61       161        37        62       162
       193       112         2         1         7         6
        37        62       162        38        63       163
       194       112         2         1         7         6
        38        63       163        39        64       164
       195       112         2         1         7         6
        39        64       164        40        65       165
       196       112         2         1         7         6
        40        65       165        41        66       166
       197       112         2         1         7         6
        41        66       166        42        67       167
       198       112         2         1         7         6
        42        67       167        43        68       168
       199       112         2         1         7         6
        43        68       168        44        69       169
       200       112         2         1         7         6
        44        69       169        45        70       170
       201       112         2         1         7         6
        45        70       170        46        71       171
       202       112         2         1         7         6
        46        71       171        47        72       172
       203       112         2         1         7         6
        47        72       172        48        73       173
       204       112         2         1         7         6
        48        73       173        49        74       174
       205       112         2         1         7         6
        49        74       174        50        75       175
       206       112         2         1         7         6
        50        75       175        51        76       176
       207       112         2         1         7         6
        51        76       176        52        77       177
       208       112         2         1         7         6
        52        77       177        53        78       178
       209       112         2         1         7         6
        53        78       178        54        79       179
       210       112         2         1         7         6
        54        79       179        55        80       180
       211       112         2         1         7         6
        55        80       180        56        81       181
       212       112         2         1         7         6
        56        81       181        57        82       182
       213       112         2         1         7         6
         4         3         7        58        83       158
       214       112         2         1         7         6
        58        83       158        59        84       159
       215       112         2         1         7         6
        59        84       159        60        85       160
       216       112         2         1         7         6
        60        85       160        61        86       161
       217       112         2         1         7         6
        61        86       161        62        87       162
       218       112         2         1         7         6
        62        87       162        63        88       163
       219       112         2         1         7         6
        63        88       163        64        89       164
       220       112         2         1         7         6
        64        89       164        65        90       165
       221       112         2         1         7         6
        65        90       165        66        91       166
       222       112         2         1         7         6
        66        91       166        67        92       167
       223       112         2         1         7         6
        67        92       167        68        93       168
       224       112         2         1         7         6
        68        93       168        69        94       169
       225       112         2         1         7         6
        69        94       169        70        95       170
       226       112         2         1         7         6
        70        95       170        71        96       171
       227       112         2         1         7         6
        71        96       171        72        97       172
       228       112         2         1         7         6
        72        97       172        73        98       173
       229       112         2         1         7         6
        73        98       173        74        99       174
       230       112         2         1         7         6
        74        99       174        75       100       175
       231       112         2         1         7         6
        75       100       175        76       101       176
       232       112         2         1         7         6
        76       101       176        77       102       177
       233       112         2         1         7         6
        77       102       177        78       103       178
       234       112         2         1         7         6
        78       103       178        79       104       179
       235       112         2         1         7         6
        79       104       179        80       105       180
       236       112         2         1         7         6
        80       105       180        81       106       181
       237       112         2         1         7         6
        81       106       181        82       107       182
       238       112         2         1         7         6
         3         2         7        83       108       158
       239       112         2         1         7         6
        83       108       158        84       109       159
       240       112         2         1         7         6
        84       109       159        85       110       160
       241       112         2         1         7         6
        85       110       160        86       111       161
       242       112         2         1         7         6
        86       111       161        87       112       162
       243       112         2         1         7         6
        87       112       162        88       113       163
       244       112         2         1         7         6
        88       113       163        89       114       164
       245       112         2         1         7         6
        89       114       164        90       115       165
       246       112         2         1         7         6
        90       115       165        91       116       166
       247       112         2         1         7         6
        91       116       166        92       117       167
       248       112         2         1         7         6
        92       117       167        93       118       168
       249       112         2         1         7         6
        93       118       168        94       119       169
       250       112         2         1         7         6
        94       119       169        95       120       170
       251       112         2         1         7         6
        95       120       170        96       121       171
       252       112         2         1         7         6
        96       121       171        97       122       172
       253       112         2         1         7         6
        97       122       172        98       123       173
       254       112         2         1         7         6
        98       123       173        99       124       174
       255       112         2         1         7         6
        99       124       174       100       125       175
       256       112         2         1         7         6
       100       125       175       101       126       176
       257       112         2         1         7         6
       101       126       176       102       127       177
       258       112         2         1         7         6
       102       127       177       103       128       178
       259       112         2         1         7         6
       103       128       178       104       129       179
       260       112         2         1         7         6
       104       129       179       105       130       180
       261       112         2         1         7         6
       105       130       180       106       131       181
       262       112         2         1         7         6
       106       131       181       107       132       182
       263       112         2         1         7         6
         2         1         7       108       133       158
       264       112         2         1         7         6
       108       133       158       109       134       159
       265       112         2         1         7         6
       109       134       159       110       135       160
       266       112         2         1         7         6
       110       135       160       111       136       161
       267       112         2         1         7         6
       111       136       161       112       137       162
       268       112         2         1         7         6
       112       137       162       113       138       163
       269       112         2         1         7         6
       113       138       163       114       139       164
       270       112         2         1         7         6
       114       139       164       115       140       165
       271       112         2         1         7         6
       115       140       165       116       141       166
       272       112         2         1         7         6
       116       141       166       117       142       167
       273       112         2         1         7         6
       117       142       167       118       143       168
       274       112         2         1         7         6
       118       143       168       119       144       169
       275       112         2         1         7         6
       119       144       169       120       145       170
       276       112         2         1         7         6
       120       145       170       121       146       171
       277       112         2         1         7         6
       121       146       171       122       147       172
       278       112         2         1         7         6
       122       147       172       123       148       173
       279       112         2         1         7         6
       123       148       173       124       149       174
       280       112         2         1         7         6
       124       149       174       125       150       175
       281       112         2         1         7         6
       125       150       175       126       151       176
       282       112         2         1         7         6
       126       151       176       127       152       177
       283       112         2         1         7         6
       127       152       177       128       153       178
       284       112         2         1         7         6
       128       153       178       129       154       179
       285       112         2         1         7         6
       129       154       179       130       155       180
       286       112         2         1         7         6
       130       155       180       131       156       181
       287       112         2         1         7         6
       131       156       181       132       157       182
       288       112         2         1         7         6
         1         6         7       133         8       158
       289       112         2         1         7         6
       133         8       158       134         9       159
       290       112         2         1         7         6
       134         9       159       135        10       160
       291       112         2         1         7         6
       135        10       160       136        11       161
       292       112         2         1         7         6
       136        11       161       137        12       162
       293       112         2         1         7         6
       137        12       162       138        13       163
       294       112         2         1         7         6
       138        13       163       139        14       164
       295       112         2         1         7         6
       139        14       164       140        15       165
       296       112         2         1         7         6
       140        15       165       141        16       166
       297       112         2         1         7         6
       141        16       166       142        17       167
       298       112         2         1         7         6
       142        17       167       143        18       168
       299       112         2         1         7         6
       143        18       168       144        19       169
       300       112         2         1         7         6
       144        19       169       145        20       170
       301       112         2         1         7         6
       145        20       170       146        21       171
       302       112         2         1         7         6
       146        21       171       147        22       172
       303       112         2         1         7         6
       147        22       172       148        23       173
       304       112         2         1         7         6
       148        23       173       149        24       174
       305       112         2         1         7         6
       149        24       174       150        25       175
       306       112         2         1         7         6
       150        25       175       151        26       176
       307       112         2         1         7         6
       151        26       176       152        27       177
       308       112         2         1         7         6
       152        27       177       153        28       178
       309       112         2         1         7         6
       153        28       178       154        29       179
       310       112         2         1         7         6
       154        29       179       155        30       180
       311       112         2         1         7         6
       155        30       180       156        31       181
       312       112         2         1         7         6
       156        31       181       157        32       182
       636       112         2         1         7         6
       183       184       187       189       188       288
       637       112         2         1         7         6
       189       188       288       191       190       289
       638       112         2         1         7         6
       191       190       289       193       192       290
       639       112         2         1         7         6
       193       192       290       195       194       291
       640       112         2         1         7         6
       195       194       291       197       196       292
       641       112         2         1         7         6
       197       196       292       199       198       293
       642       112         2         1         7         6
       199       198       293       201       200       294
       643       112         2         1         7         6
       201       200       294       203       202       295
       644       112         2         1         7         6
       203       202       295       205       204       296
       645       112         2         1         7         6
       205       204       296       207       206       297
       646       112         2         1         7         6
       207       206       297       209       208       298
       647       112         2         1         7         6
       209       208       298       211       210       299
       648       112         2         1         7         6
       211       210       299       213       212       300
       649       112         2         1         7         6
       213       212       300       215       214       301
       650       112         2         1         7         6
       215       214       301       217       216       302
       651       112         2         1         7         6
       217       216       302       219       218       303
       652       112         2         1         7         6
       219       218       303       221       220       304
       653       112         2         1         7         6
       221       220       304       223       222       305
       654       112         2         1         7         6
       223       222       305       225       224       306
       655       112         2         1         7         6
       225       224       306       227       226       307
       656       112         2         1         7         6
       227       226       307       229       228       308
       657       112         2         1         7         6
       229       228       308       231       230       309
       658       112         2         1         7         6
       231       230       309       233       232       310
       659       112         2         1         7         6
       233       232       310       235       234       311
       660       112         2         1         7         6
       235       234       311       237       236       312
       661       112         2         1         7         6
       184       185       187       188       238       288
       662       112         2         1         7         6
       188       238       288       190       239       289
       663       112         2         1         7         6
       190       239       289       192       240       290
       664       112         2         1         7         6
       192       240       290       194       241       291
       665       112         2         1         7         6
       194       241       291       196       242       292
       666       112         2         1         7         6
       196       242       292       198       243       293
       667       112         2         1         7         6
       198       243       293       200       244       294
       668       112         2         1         7         6
       200       244       294       202       245       295
       669       112         2         1         7         6
       202       245       295       204       246       296
       670       112         2         1         7         6
       204       246       296       206       247       297
       671       112         2         1         7         6
       206       247       297       208       248       298
       672       112         2         1         7         6
       208       248       298       210       249       299
       673       112         2         1         7         6
       210       249       299       212       250       300
       674       112         2         1         7         6
       212       250       300       214       251       301
       675       112         2         1         7         6
       214       251       301       216       252       302
       676       112         2         1         7         6
       216       252       302       218       253       303
       677       112         2         1         7         6
       218       253       303       220       254       304
       678       112         2         1         7         6
       220       254       304       222       255       305
       679       112         2         1         7         6
       222       255       305       224       256       306
       680       112         2         1         7         6
       224       256       306       226       257       307
       681       112         2         1         7         6
       226       257       307       228       258       308
       682       112         2         1         7         6
       228       258       308       230       259       309
       683       112         2         1         7         6
       230       259       309       232       260       310
       684       112         2         1         7         6
       232       260       310       234       261       311
       685       112         2         1         7         6
       234       261       311       236       262       312
       686       112         2         1         7         6
       185         5       187       238        33       288
       687       112         2         1         7         6
       238        33       288       239        34       289
       688       112         2         1         7         6
       239        34       289       240        35       290
       689       112         2         1         7         6
       240        35       290       241        36       291
       690       112         2         1         7         6
       241        36       291       242        37       292
       691       112         2         1         7         6
       242        37       292       243        38       293
       692       112         2         1         7         6
       243        38       293       244        39       294
       693       112         2         1         7         6
       244        39       294       245        40       295
       694       112         2         1         7         6
       245        40       295       246        41       296
       695       112         2         1         7         6
       246        41       296       247        42       297
       696       112         2         1         7         6
       247        42       297       248        43       298
       697       112         2         1         7         6
       248        43       298       249        44       299
       698       112         2         1         7         6
       249        44       299       250        45       300
       699       112         2         1         7         6
       250        45       300       251        46       301
       700       112         2         1         7         6
       251        46       301       252        47       302
       701       112         2         1         7         6
       252        47       302       253        48       303
       702       112         2         1         7         6
       253        48       303       254        49       304
       703       112         2         1         7         6
       254        49       304       255        50       305
       704       112         2         1         7         6
       255        50       305       256        51       306
       705       112         2         1         7         6
       256        51       306       257        52       307
       706       112         2         1         7         6
       257        52       307       258        53       308
       707       112         2         1         7         6
       258        53       308       259        54       309
       708       112         2         1         7         6
       259        54       309       260        55       310
       709       112         2         1         7         6
       260        55       310       261        56       311
       710       112         2         1         7         6
       261        56       311       262        57       312
       711       112         2         1         7         6
         5         6       187        33         8       288
       712       112         2         1         7         6
        33         8       288        34         9       289
       713       112         2         1         7         6
        34         9       289        35        10       290
       714       112         2         1         7         6
        35        10       290        36        11       291
       715       112         2         1         7         6
        36        11       291        37        12       292
       716       112         2         1         7         6
        37        12       292        38        13       293
       717       112         2         1         7         6
        38        13       293        39        14       294
       718       112         2         1         7         6
        39        14       294        40        15       295
       719       112         2         1         7         6
        40        15       295        41        16       296
       720       112         2         1         7         6
        41        16       296        42        17       297
       721       112         2         1         7         6
        42        17       297        43        18       298
       722       112         2         1         7         6
        43        18       298        44        19       299
       723       112         2         1         7         6
        44        19       299        45        20       300
       724       112         2         1         7         6
        45        20       300        46        21       301
       725       112         2         1         7         6
        46        21       301        47        22       302
       726       112         2         1         7         6
        47        22       302        48        23       303
       727       112         2         1         7         6
        48        23       303        49        24       304
       728       112         2         1         7         6
        49        24       304        50        25       305
       729       112         2         1         7         6
        50        25       305        51        26       306
       730       112         2         1         7         6
        51        26       306        52        27       307
       731       112         2         1         7         6
        52        27       307        53        28       308
       732       112         2         1         7         6
        53        28       308        54        29       309
       733       112         2         1         7         6
        54        29       309        55        30       310
       734       112         2         1         7         6
        55        30       310        56        31       311
       735       112         2         1         7         6
        56        31       311        57        32       312
       736       112         2         1         7         6
         6       186       187         8       263       288
       737       112         2         1         7         6
         8       263       288         9       264       289
       738       112         2         1         7         6
         9       264       289        10       265       290
       739       112         2         1         7         6
        10       265       290        11       266       291
       740       112         2         1         7         6
        11       266       291        12       267       292
       741       112         2         1         7         6
        12       267       292        13       268       293
       742       112         2         1         7         6
        13       268       293        14       269       294
       743       112         2         1         7         6
        14       269       294        15       270       295
       744       112         2         1         7         6
        15       270       295        16       271       296
       745       112         2         1         7         6
        16       271       296        17       272       297
       746       112         2         1         7         6
        17       272       297        18       273       298
       747       112         2         1         7         6
        18       273       298        19       274       299
       748       112         2         1         7         6
        19       274       299        20       275       300
       749       112         2         1         7         6
        20       275       300        21       276       301
       750       112         2         1         7         6
        21       276       301        22       277       302
       751       112         2         1         7         6
        22       277       302        23       278       303
       752       112         2         1         7         6
        23       278       303        24       279       304
       753       112         2         1         7         6
        24       279       304        25       280       305
       754       112         2         1         7         6
        25       280       305        26       281       306
       755       112         2         1         7         6
        26       281       306        27       282       307
       756       112         2         1         7         6
        27       282       307        28       283       308
       757       112         2         1         7         6
        28       283       308        29       284       309
       758       112         2         1         7         6
        29       284       309        30       285       310
       759       112         2         1         7         6
        30       285       310        31       286       311
       760       112         2         1         7         6
        31       286       311        32       287       312
       761       112         2         1         7         6
       186       183       187       263       189       288
       762       112         2         1         7         6
       263       189       288       264       191       289
       763       112         2         1         7         6
       264       191       289       265       193       290
       764       112         2         1         7         6
       265       193       290       266       195       291
       765       112         2         1         7         6
       266       195       291       267       197       292
       766       112         2         1         7         6
       267       197       292       268       199       293
       767       112         2         1         7         6
       268       199       293       269       201       294
       768       112         2         1         7         6
       269       201       294       270       203       295
       769       112         2         1         7         6
       270       203       295       271       205       296
       770       112         2         1         7         6
       271       205       296       272       207       297
       771       112         2         1         7         6
       272       207       297       273       209       298
       772       112         2         1         7         6
       273       209       298       274       211       299
       773       112         2         1         7         6
       274       211       299       275       213       300
       774       112         2         1         7         6
       275       213       300       276       215       301
       775       112         2         1         7         6
       276       215       301       277       217       302
       776       112         2         1         7         6
       277       217       302       278       219       303
       777       112         2         1         7         6
       278       219       303       279       221       304
       778       112         2         1         7         6
       279       221       304       280       223       305
       779       112         2         1         7         6
       280       223       305       281       225       306
       780       112         2         1         7         6
       281       225       306       282       227       307
       781       112         2         1         7         6
       282       227       307       283       229       308
       782       112         2         1         7         6
       283       229       308       284       231       309
       783       112         2         1         7         6
       284       231       309       285       233       310
       784       112         2         1         7         6
       285       233       310       286       235       311
       785       112         2         1         7         6
       286       235       311       287       237       312
      1032       112         2         1         7         6
       185       313       316       238       317       392
      1033       112         2         1         7         6
       238       317       392       239       318       393
      1034       112         2         1         7         6
       239       318       393       240       319       394
      1035       112         2         1         7         6
       240       319       394       241       320       395
      1036       112         2         1         7         6
       241       320       395       242       321       396
      1037       112         2         1         7         6
       242       321       396       243       322       397
      1038       112         2         1         7         6
       243       322       397       244       323       398
      1039       112         2         1         7         6
       244       323       398       245       324       399
      1040       112         2         1         7         6
       245       324       399       246       325       400
      1041       112         2         1         7         6
       246       325       400       247       326       401
      1042       112         2         1         7         6
       247       326       401       248       327       402
      1043       112         2         1         7         6
       248       327       402       249       328       403
      1044       112         2         1         7         6
       249       328       403       250       329       404
      1045       112         2         1         7         6
       250       329       404       251       330       405
      1046       112         2         1         7         6
       251       330       405       252       331       406
      1047       112         2         1         7         6
       252       331       406       253       332       407
      1048       112         2         1         7         6
       253       332       407       254       333       408
      1049       112         2         1         7         6
       254       333       408       255       334       409
      1050       112         2         1         7         6
       255       334       409       256       335       410
      1051       112         2         1         7         6
       256       335       410       257       336       411
      1052       112         2         1         7         6
       257       336       411       258       337       412
      1053       112         2         1         7         6
       258       337       412       259       338       413
      1054       112         2         1         7         6
       259       338       413       260       339       414
      1055       112         2         1         7         6
       260       339       414       261       340       415
      1056       112         2         1         7         6
       261       340       415       262       341       416
      1057       112         2         1         7         6
       313       314       316       317       342       392
      1058       112         2         1         7         6
       317       342       392       318       343       393
      1059       112         2         1         7         6
       318       343       393       319       344       394
      1060       112         2         1         7         6
       319       344       394       320       345       395
      1061       112         2         1         7         6
       320       345       395       321       346       396
      1062       112         2         1         7         6
       321       346       396       322       347       397
      1063       112         2         1         7         6
       322       347       397       323       348       398
      1064       112         2         1         7         6
       323       348       398       324       349       399
      1065       112         2         1         7         6
       324       349       399       325       350       400
      1066       112         2         1         7         6
       325       350       400       326       351       401
      1067       112         2         1         7         6
       326       351       401       327       352       402
      1068       112         2         1         7         6
       327       352       402       328       353       403
      1069       112         2         1         7         6
       328       353       403       329       354       404
      1070       112         2         1         7         6
       329       354       404       330       355       405
      1071       112         2         1         7         6
       330       355       405       331       356       406
      1072       112         2         1         7         6
       331       356       406       332       357       407
      1073       112         2         1         7         6
       332       357       407       333       358       408
      1074       112         2         1         7         6
       333       358       408       334       359       409
      1075       112         2         1         7         6
       334       359       409       335       360       410
      1076       112         2         1         7         6
       335       360       410       336       361       411
      1077       112         2         1         7         6
       336       361       411       337       362       412
      1078       112         2         1         7         6
       337       362       412       338       363       413
      1079       112         2         1         7         6
       338       363       413       339       364       414
      1080       112         2         1         7         6
       339       364       414       340       365       415
      1081       112         2         1         7         6
       340       365       415       341       366       416
      1082       112         2         1         7         6
       314       315       316       342       367       392
      1083       112         2         1         7         6
       342       367       392       343       368       393
      1084       112         2         1         7         6
       343       368       393       344       369       394
      1085       112         2         1         7         6
       344       369       394       345       370       395
      1086       112         2         1         7         6
       345       370       395       346       371       396
      1087       112         2         1         7         6
       346       371       396       347       372       397
      1088       112         2         1         7         6
       347       372       397       348       373       398
      1089       112         2         1         7         6
       348       373       398       349       374       399
      1090       112         2         1         7         6
       349       374       399       350       375       400
      1091       112         2         1         7         6
       350       375       400       351       376       401
      1092       112         2         1         7         6
       351       376       401       352       377       402
      1093       112         2         1         7         6
       352       377       402       353       378       403
      1094       112         2         1         7         6
       353       378       403       354       379       404
      1095       112         2         1         7         6
       354       379       404       355       380       405
      1096       112         2         1         7         6
       355       380       405       356       381       406
      1097       112         2         1         7         6
       356       381       406       357       382       407
      1098       112         2         1         7         6
       357       382       407       358       383       408
      1099       112         2         1         7         6
       358       383       408       359       384       409
      1100       112         2         1         7         6
       359       384       409       360       385       410
      1101       112         2         1         7         6
       360       385       410       361       386       411
      1102       112         2         1         7         6
       361       386       411       362       387       412
      1103       112         2         1         7         6
       362       387       412       363       388       413
      1104       112         2         1         7         6
       363       388       413       364       389       414
      1105       112         2         1         7         6
       364       389       414       365       390       415
      1106       112         2         1         7         6
       365       390       415       366       391       416
      1107       112         2         1         7         6
       315         4       316       367        58       392
      1108       112         2         1         7         6
       367        58       392       368        59       393
      1109       112         2         1         7         6
       368        59       393       369        60       394
      1110       112         2         1         7         6
       369        60       394       370        61       395
      1111       112         2         1         7         6
       370        61       395       371        62       396
      1112       112         2         1         7         6
       371        62       396       372        63       397
      1113       112         2         1         7         6
       372        63       397       373        64       398
      1114       112         2         1         7         6
       373        64       398       374        65       399
      1115       112         2         1         7         6
       374        65       399       375        66       400
      1116       112         2         1         7         6
       375        66       400       376        67       401
      1117       112         2         1         7         6
       376        67       401       377        68       402
      1118       112         2         1         7         6
       377        68       402       378        69       403
      1119       112         2         1         7         6
       378        69       403       379        70       404
      1120       112         2         1         7         6
       379        70       404       380        71       405
      1121       112         2         1         7         6
       380        71       405       381        72       406
      1122       112         2         1         7         6
       381        72       406       382        73       407
      1123       112         2         1         7         6
       382        73       407       383        74       408
      1124       112         2         1         7         6
       383        74       408       384        75       409
      1125       112         2         1         7         6
       384        75       409       385        76       410
      1126       112         2         1         7         6
       385        76       410       386        77       411
      1127       112         2         1         7         6
       386        77       411       387        78       412
      1128       112         2         1         7         6
       387        78       412       388        79       413
      1129       112         2         1         7         6
       388        79       413       389        80       414
      1130       112         2         1         7         6
       389        80       414       390        81       415
      1131       112         2         1         7         6
       390        81       415       391        82       416
      1132       112         2         1         7         6
         4         5       316        58        33       392
      1133       112         2         1         7         6
        58        33       392        59        34       393
      1134       112         2         1         7         6
        59        34       393        60        35       394
      1135       112         2         1         7         6
        60        35       394        61        36       395
      1136       112         2         1         7         6
        61        36       395        62        37       396
      1137       112         2         1         7         6
        62        37       396        63        38       397
      1138       112         2         1         7         6
        63        38       397        64        39       398
      1139       112         2         1         7         6
        64        39       398        65        40       399
      1140       112         2         1         7         6
        65        40       399        66        41       400
      1141       112         2         1         7         6
        66        41       400        67        42       401
      1142       112         2         1         7         6
        67        42       401        68        43       402
      1143       112         2         1         7         6
        68        43       402        69        44       403
      1144       112         2         1         7         6
        69        44       403        70        45       404
      1145       112         2         1         7         6
        70        45       404        71        46       405
      1146       112         2         1         7         6
        71        46       405        72        47       406
      1147       112         2         1         7         6
        72        47       406        73        48       407
      1148       112         2         1         7         6
        73        48       407        74        49       408
      1149       112         2         1         7         6
        74        49       408        75        50       409
      1150       112         2         1         7         6
        75        50       409        76        51       410
      1151       112         2         1         7         6
        76        51       410        77        52       411
      1152       112         2         1         7         6
        77        52       411        78        53       412
      1153       112         2         1         7         6
        78        53       412        79        54       413
      1154       112         2         1         7         6
        79        54       413        80        55       414
      1155       112         2         1         7         6
        80        55       414        81        56       415
      1156       112         2         1         7         6
        81        56       415        82        57       416
      1157       112         2         1         7         6
         5       185       316        33       238       392
      1158       112         2         1         7         6
        33       238       392        34       239       393
      1159       112         2         1         7         6
        34       239       393        35       240       394
      1160       112         2         1         7         6
        35       240       394        36       241       395
      1161       112         2         1         7         6
        36       241       395        37       242       396
      1162       112         2         1         7         6
        37       242       396        38       243       397
      1163       112         2         1         7         6
        38       243       397        39       244       398
      1164       112         2         1         7         6
        39       244       398        40       245       399
      1165       112         2         1         7         6
        40       245       399        41       246       400
      1166       112         2         1         7         6
        41       246       400        42       247       401
      1167       112         2         1         7         6
        42       247       401        43       248       402
      1168       112         2         1         7         6
        43       248       402        44       249       403
      1169       112         2         1         7         6
        44       249       403        45       250       404
      1170       112         2         1         7         6
        45       250       404        46       251       405
      1171       112         2         1         7         6
        46       251       405        47       252       406
      1172       112         2         1         7         6
        47       252       406        48       253       407
      1173       112         2         1         7         6
        48       253       407        49       254       408
      1174       112         2         1         7         6
        49       254       408        50       255       409
      1175       112         2         1         7         6
        50       255       409        51       256       410
      1176       112         2         1         7         6
        51       256       410        52       257       411
      1177       112         2         1         7         6
        52       257       411        53       258       412
      1178       112         2         1         7         6
        53       258       412        54       259       413
      1179       112         2         1         7         6
        54       259       413        55       260       414
      1180       112         2         1         7         6
        55       260       414        56       261       415
      1181       112         2         1         7         6
        56       261       415        57       262       416
      1402       112         2         1         7         6
         4       315       420        58       367       496
      1403       112         2         1         7         6
        58       367       496        59       368       497
      1404       112         2         1         7         6
        59       368       497        60       369       498
      1405       112         2         1         7         6
        60       369       498        61       370       499
      1406       112         2         1         7         6
        61       370       499        62       371       500
      1407       112         2         1         7         6
        62       371       500        63       372       501
      1408       112         2         1         7         6
        63       372       501        64       373       502
      1409       112         2         1         7         6
        64       373       502        65       374       503
      1410       112         2         1         7         6
        65       374       503        66       375       504
      1411       112         2         1         7         6
        66       375       504        67       376       505
      1412       112         2         1         7         6
        67       376       505        68       377       506
      1413       112         2         1         7         6
        68       377       506        69       378       507
      1414       112         2         1         7         6
        69       378       507        70       379       508
      1415       112         2         1         7         6
        70       379       508        71       380       509
      1416       112         2         1         7         6
        71       380       509        72       381       510
      1417       112         2         1         7         6
        72       381       510        73       382       511
      1418       112         2         1         7         6
        73       382       511        74       383       512
      1419       112         2         1         7         6
        74       383       512        75       384       513
      1420       112         2         1         7         6
        75       384       513        76       385       514
      1421       112         2         1         7         6
        76       385       514        77       386       515
      1422       112         2         1         7         6
        77       386       515        78       387       516
      1423       112         2         1         7         6
        78       387       516        79       388       517
      1424       112         2         1         7         6
        79       388       517        80       389       518
      1425       112         2         1         7         6
        80       389       518        81       390       519
      1426       112         2         1         7         6
        81       390       519        82       391       520
      1427       112         2         1         7         6
       315       417       420       367       421       496
      1428       112         2         1         7         6
       367       421       496       368       422       497
      1429       112         2         1         7         6
       368       422       497       369       423       498
      1430       112         2         1         7         6
       369       423       498       370       424       499
      1431       112         2         1         7         6
       370       424       499       371       425       500
      1432       112         2         1         7         6
       371       425       500       372       426       501
      1433       112         2         1         7         6
       372       426       501       373       427       502
      1434       112         2         1         7         6
       373       427       502       374       428       503
      1435       112         2         1         7         6
       374       428       503       375       429       504
      1436       112         2         1         7         6
       375       429       504       376       430       505
      1437       112         2         1         7         6
       376       430       505       377       431       506
      1438       112         2         1         7         6
       377       431       506       378       432       507
      1439       112         2         1         7         6
       378       432       507       379       433       508
      1440       112         2         1         7         6
       379       433       508       380       434       509
      1441       112         2         1         7         6
       380       434       509       381       435       510
      1442       112         2         1         7         6
       381       435       510       382       436       511
      1443       112         2         1         7         6
       382       436       511       383       437       512
      1444       112         2         1         7         6
       383       437       512       384       438       513
      1445       112         2         1         7         6
       384       438       513       385       439       514
      1446       112         2         1         7         6
       385       439       514       386       440       515
      1447       112         2         1         7         6
       386       440       515       387       441       516
      1448       112         2         1         7         6
       387       441       516       388       442       517
      1449       112         2         1         7         6
       388       442       517       389       443       518
      1450       112         2         1         7         6
       389       443       518       390       444       519
      1451       112         2         1         7         6
       390       444       519       391       445       520
      1452       112         2         1         7         6
       417       418       420       421       446       496
      1453       112         2         1         7         6
       421       446       496       422       447       497
      1454       112         2         1         7         6
       422       447       497       423       448       498
      1455       112         2         1         7         6
       423       448       498       424       449       499
      1456       112         2         1         7         6
       424       449       499       425       450       500
      1457       112         2         1         7         6
       425       450       500       426       451       501
      1458       112         2         1         7         6
       426       451       501       427       452       502
      1459       112         2         1         7         6
       427       452       502       428       453       503
      1460       112         2         1         7         6
       428       453       503       429       454       504
      1461       112         2         1         7         6
       429       454       504       430       455       505
      1462       112         2         1         7         6
       430       455       505       431       456       506
      1463       112         2         1         7         6
       431       456       506       432       457       507
      1464       112         2         1         7         6
       432       457       507       433       458       508
      1465       112         2         1         7         6
       433       458       508       434       459       509
      1466       112         2         1         7         6
       434       459       509       435       460       510
      1467       112         2         1         7         6
       435       460       510       436       461       511
      1468       112         2         1         7         6
       436       461       511       437       462       512
      1469       112         2         1         7         6
       437       462       512       438       463       513
      1470       112         2         1         7         6
       438       463       513       439       464       514
      1471       112         2         1         7         6
       439       464       514       440       465       515
      1472       112         2         1         7         6
       440       465       515       441       466       516
      1473       112         2         1         7         6
       441       466       516       442       467       517
      1474       112         2         1         7         6
       442       467       517       443       468       518
      1475       112         2         1         7         6
       443       468       518       444       469       519
      1476       112         2         1         7         6
       444       469       519       445       470       520
      1477       112         2         1         7         6
       418       419       420       446       471       496
      1478       112         2         1         7         6
       446       471       496       447       472       497
      1479       112         2         1         7         6
       447       472       497       448       473       498
      1480       112         2         1         7         6
       448       473       498       449       474       499
      1481       112         2         1         7         6
       449       474       499       450       475       500
      1482       112         2         1         7         6
       450       475       500       451       476       501
      1483       112         2         1         7         6
       451       476       501       452       477       502
      1484       112         2         1         7         6
       452       477       502       453       478       503
      1485       112         2         1         7         6
       453       478       503       454       479       504
      1486       112         2         1         7         6
       454       479       504       455       480       505
      1487       112         2         1         7         6
       455       480       505       456       481       506
      1488       112         2         1         7         6
       456       481       506       457       482       507
      1489       112         2         1         7         6
       457       482       507       458       483       508
      1490       112         2         1         7         6
       458       483       508       459       484       509
      1491       112         2         1         7         6
       459       484       509       460       485       510
      1492       112         2         1         7         6
       460       485       510       461       486       511
      1493       112         2         1         7         6
       461       486       511       462       487       512
      1494       112         2         1         7         6
       462       487       512       463       488       513
      1495       112         2         1         7         6
       463       488       513       464       489       514
      1496       112         2         1         7         6
       464       489       514       465       490       515
      1497       112         2         1         7         6
       465       490       515       466       491       516
      1498       112         2         1         7         6
       466       491       516       467       492       517
      1499       112         2         1         7         6
       467       492       517       468       493       518
      1500       112         2         1         7         6
       468       493       518       469       494       519
      1501       112         2         1         7         6
       469       494       519       470       495       520
      1502       112         2         1         7         6
       419         3       420       471        83       496
      1503       112         2         1         7         6
       471        83       496       472        84       497
      1504       112         2         1         7         6
       472        84       497       473        85       498
      1505       112         2         1         7         6
       473        85       498       474        86       499
      1506       112         2         1         7         6
       474        86       499       475        87       500
      1507       112         2         1         7         6
       475        87       500       476        88       501
      1508       112         2         1         7         6
       476        88       501       477        89       502
      1509       112         2         1         7         6
       477        89       502       478        90       503
      1510       112         2         1         7         6
       478        90       503       479        91       504
      1511       112         2         1         7         6
       479        91       504       480        92       505
      1512       112         2         1         7         6
       480        92       505       481        93       506
      1513       112         2         1         7         6
       481        93       506       482        94       507
      1514       112         2         1         7         6
       482        94       507       483        95       508
      1515       112         2         1         7         6
       483        95       508       484        96       509
      1516       112         2         1         7         6
       484        96       509       485        97       510
      1517       112         2         1         7         6
       485        97       510       486        98       511
      1518       112         2         1         7         6
       486        98       511       487        99       512
      1519       112         2         1         7         6
       487        99       512       488       100       513
      1520       112         2         1         7         6
       488       100       513       489       101       514
      1521       112         2         1         7         6
       489       101       514       490       102       515
      1522       112         2         1         7         6
       490       102       515       491       103       516
      1523       112         2         1         7         6
       491       103       516       492       104       517
      1524       112         2         1         7         6
       492       104       517       493       105       518
      1525       112         2         1         7         6
       493       105       518       494       106       519
      1526       112         2         1         7         6
       494       106       519       495       107       520
      1527       112         2         1         7         6
         3         4       420        83        58       496
      1528       112         2         1         7         6
        83        58       496        84        59       497
      1529       112         2         1         7         6
        84        59       497        85        60       498
      1530       112         2         1         7         6
        85        60       498        86        61       499
      1531       112         2         1         7         6
        86        61       499        87        62       500
      1532       112         2         1         7         6
        87        62       500        88        63       501
      1533       112         2         1         7         6
        88        63       501        89        64       502
      1534       112         2         1         7         6
        89        64       502        90        65       503
      1535       112         2         1         7         6
        90        65       503        91        66       504
      1536       112         2         1         7         6
        91        66       504        92        67       505
      1537       112         2         1         7         6
        92        67       505        93        68       506
      1538       112         2         1         7         6
        93        68       506        94        69       507
      1539       112         2         1         7         6
        94        69       507        95        70       508
      1540       112         2         1         7         6
        95        70       508        96        71       509
      1541       112         2         1         7         6
        96        71       509        97        72       510
      1542       112         2         1         7         6
        97        72       510        98        73       511
      1543       112         2         1         7         6
        98        73       511        99        74       512
      1544       112         2         1         7         6
        99        74       512       100        75       513
      1545       112         2         1         7         6
       100        75       513       101        76       514
      1546       112         2         1         7         6
       101        76       514       102        77       515
      1547       112         2         1         7         6
       102        77       515       103        78       516
      1548       112         2         1         7         6
       103        78       516       104        79       517
      1549       112         2         1         7         6
       104        79       517       105        80       518
      1550       112         2         1         7         6
       105        80       518       106        81       519
      1551       112         2         1         7         6
       106        81       519       107        82       520
      1772       112         2         1         7         6
         2         3       524       108        83       600
      1773       112         2         1         7         6
       108        83       600       109        84       601
      1774       112         2         1         7         6
       109        84       601       110        85       602
      1775       112         2         1         7         6
       110        85       602       111        86       603
      1776       112         2         1         7         6
       111        86       603       112        87       604
      1777       112         2         1         7         6
       112        87       604       113        88       605
      1778       112         2         1         7         6
       113        88       605       114        89       606
      1779       112         2         1         7         6
       114        89       606       115        90       607
      1780       112         2         1         7         6
       115        90       607       116        91       608
      1781       112         2         1         7         6
       116        91       608       117        92       609
      1782       112         2         1         7         6
       117        92       609       118        93       610
      1783       112         2         1         7         6
       118        93       610       119        94       611
      1784       112         2         1         7         6
       119        94       611       120        95       612
      1785       112         2         1         7         6
       120        95       612       121        96       613
      1786       112         2         1         7         6
       121        96       613       122        97       614
      1787       112         2         1         7         6
       122        97       614       123        98       615
      1788       112         2         1         7         6
       123        98       615       124        99       616
      1789       112         2         1         7         6
       124        99       616       125       100       617
      1790       112         2         1         7         6
       125       100       617       126       101       618
      1791       112         2         1         7         6
       126       101       618       127       102       619
      1792       112         2         1         7         6
       127       102       619       128       103       620
      1793       112         2         1         7         6
       128       103       620       129       104       621
      1794       112         2         1         7         6
       129       104       621       130       105       622
      1795       112         2         1         7         6
       130       105       622       131       106       623
      1796       112         2         1         7         6
       131       106       623       132       107       624
      1797       112         2         1         7         6
         3       419       524        83       471       600
      1798       112         2         1         7         6
        83       471       600        84       472       601
      1799       112         2         1         7         6
        84       472       601        85       473       602
      1800       112         2         1         7         6
        85       473       602        86       474       603
      1801       112         2         1         7         6
        86       474       603        87       475       604
      1802       112         2         1         7         6
        87       475       604        88       476       605
      1803       112         2         1         7         6
        88       476       605        89       477       606
      1804       112         2         1         7         6
        89       477       606        90       478       607
      1805       112         2         1         7         6
        90       478       607        91       479       608
      1806       112         2         1         7         6
        91       479       608        92       480       609
      1807       112         2         1         7         6
        92       480       609        93       481       610
      1808       112         2         1         7         6
        93       481       610        94       482       611
      1809       112         2         1         7         6
        94       482       611        95       483       612
      1810       112         2         1         7         6
        95       483       612        96       484       613
      1811       112         2         1         7         6
        96       484       613        97       485       614
      1812       112         2         1         7         6
        97       485       614        98       486       615
      1813       112         2         1         7         6
        98       486       615        99       487       616
      1814       112         2         1         7         6
        99       487       616       100       488       617
      1815       112         2         1         7         6
       100       488       617       101       489       618
      1816       112         2         1         7         6
       101       489       618       102       490       619
      1817       112         2         1         7         6
       102       490       619       103       491       620
      1818       112         2         1         7         6
       103       491       620       104       492       621
      1819       112         2         1         7         6
       104       492       621       105       493       622
      1820       112         2         1         7         6
       105       493       622       106       494       623
      1821       112         2         1         7         6
       106       494       623       107       495       624
      1822       112         2         1         7         6
       419       521       524       471       525       600
      1823       112         2         1         7         6
       471       525       600       472       526       601
      1824       112         2         1         7         6
       472       526       601       473       527       602
      1825       112         2         1         7         6
       473       527       602       474       528       603
      1826       112         2         1         7         6
       474       528       603       475       529       604
      1827       112         2         1         7         6
       475       529       604       476       530       605
      1828       112         2         1         7         6
       476       530       605       477       531       606
      1829       112         2         1         7         6
       477       531       606       478       532       607
      1830       112         2         1         7         6
       478       532       607       479       533       608
      1831       112         2         1         7         6
       479       533       608       480       534       609
      1832       112         2         1         7         6
       480       534       609       481       535       610
      1833       112         2         1         7         6
       481       535       610       482       536       611
      1834       112         2         1         7         6
       482       536       611       483       537       612
      1835       112         2         1         7         6
       483       537       612       484       538       613
      1836       112         2         1         7         6
       484       538       613       485       539       614
      1837       112         2         1         7         6
       485       539       614       486       540       615
      1838       112         2         1         7         6
       486       540       615       487       541       616
      1839       112         2         1         7         6
       487       541       616       488       542       617
      1840       112         2         1         7         6
       488       542       617       489       543       618
      1841       112         2         1         7         6
       489       543       618       490       544       619
      1842       112         2         1         7         6
       490       544       619       491       545       620
      1843       112         2         1         7         6
       491       545       620       492       546       621
      1844       112         2         1         7         6
       492       546       621       493       547       622
      1845       112         2         1         7         6
       493       547       622       494       548       623
      1846       112         2         1         7         6
       494       548       623       495       549       624
      1847       112         2         1         7         6
       521       522       524       525       550       600
      1848       112         2         1         7         6
       525       550       600       526       551       601
      1849       112         2         1         7         6
       526       551       601       527       552       602
      1850       112         2         1         7         6
       527       552       602       528       553       603
      1851       112         2         1         7         6
       528       553       603       529       554       604
      1852       112         2         1         7         6
       529       554       604       530       555       605
      1853       112         2         1         7         6
       530       555       605       531       556       606
      1854       112         2         1         7         6
       531       556       606       532       557       607
      1855       112         2         1         7         6
       532       557       607       533       558       608
      1856       112         2         1         7         6
       533       558       608       534       559       609
      1857       112         2         1         7         6
       534       559       609       535       560       610
      1858       112         2         1         7         6
       535       560       610       536       561       611
      1859       112         2         1         7         6
       536       561       611       537       562       612
      1860       112         2         1         7         6
       537       562       612       538       563       613
      1861       112         2         1         7         6
       538       563       613       539       564       614
      1862       112         2         1         7         6
       539       564       614       540       565       615
      1863       112         2         1         7         6
       540       565       615       541       566       616
      1864       112         2         1         7         6
       541       566       616       542       567       617
      1865       112         2         1         7         6
       542       567       617       543       568       618
      1866       112         2         1         7         6
       543       568       618       544       569       619
      1867       112         2         1         7         6
       544       569       619       545       570       620
      1868       112         2         1         7         6
       545       570       620       546       571       621
      1869       112         2         1         7         6
       546       571       621       547       572       622
      1870       112         2         1         7         6
       547       572       622       548       573       623
      1871       112         2         1         7         6
       548       573       623       549       574       624
      1872       112         2         1         7         6
       522       523       524       550       575       600
      1873       112         2         1         7         6
       550       575       600       551       576       601
      1874       112         2         1         7         6
       551       576       601       552       577       602
      1875       112         2         1         7         6
       552       577       602       553       578       603
      1876       112         2         1         7         6
       553       578       603       554       579       604
      1877       112         2         1         7         6
       554       579       604       555       580       605
      1878       112         2         1         7         6
       555       580       605       556       581       606
      1879       112         2         1         7         6
       556       581       606       557       582       607
      1880       112         2         1         7         6
       557       582       607       558       583       608
      1881       112         2         1         7         6
       558       583       608       559       584       609
      1882       112         2         1         7         6
       559       584       609       560       585       610
      1883       112         2         1         7         6
       560       585       610       561       586       611
      1884       112         2         1         7         6
       561       586       611       562       587       612
      1885       112         2         1         7         6
       562       587       612       563       588       613
      1886       112         2         1         7         6
       563       588       613       564       589       614
      1887       112         2         1         7         6
       564       589       614       565       590       615
      1888       112         2         1         7         6
       565       590       615       566       591       616
      1889       112         2         1         7         6
       566       591       616       567       592       617
      1890       112         2         1         7         6
       567       592       617       568       593       618
      1891       112         2         1         7         6
       568       593       618       569       594       619
      1892       112         2         1         7         6
       569       594       619       570       595       620
      1893       112         2         1         7         6
       570       595       620       571       596       621
      1894       112         2         1         7         6
       571       596       621       572       597       622
      1895       112         2         1         7         6
       572       597       622       573       598       623
      1896       112         2         1         7         6
       573       598       623       574       599       624
      1897       112         2         1         7         6
       523         2       524       575       108       600
      1898       112         2         1         7         6
       575       108       600       576       109       601
      1899       112         2         1         7         6
       576       109       601       577       110       602
      1900       112         2         1         7         6
       577       110       602       578       111       603
      1901       112         2         1         7         6
       578       111       603       579       112       604
      1902       112         2         1         7         6
       579       112       604       580       113       605
      1903       112         2         1         7         6
       580       113       605       581       114       606
      1904       112         2         1         7         6
       581       114       606       582       115       607
      1905       112         2         1         7         6
       582       115       607       583       116       608
      1906       112         2         1         7         6
       583       116       608       584       117       609
      1907       112         2         1         7         6
       584       117       609       585       118       610
      1908       112         2         1         7         6
       585       118       610       586       119       611
      1909       112         2         1         7         6
       586       119       611       587       120       612
      1910       112         2         1         7         6
       587       120       612       588       121       613
      1911       112         2         1         7         6
       588       121       613       589       122       614
      1912       112         2         1         7         6
       589       122       614       590       123       615
      1913       112         2         1         7         6
       590       123       615       591       124       616
      1914       112         2         1         7         6
       591       124       616       592       125       617
      1915       112         2         1         7         6
       592       125       617       593       126       618
      1916       112         2         1         7         6
       593       126       618       594       127       619
      1917       112         2         1         7         6
       594       127       619       595       128       620
      1918       112         2         1         7         6
       595       128       620       596       129       621
      1919       112         2         1         7         6
       596       129       621       597       130       622
      1920       112         2         1         7         6
       597       130       622       598       131       623
      1921       112         2         1         7         6
       598       131       623       599       132       624
      2142       112         2         1         7         6
       625         1       628       629       133       704
      2143       112         2         1         7         6
       629       133       704       630       134       705
      2144       112         2         1         7         6
       630       134       705       631       135       706
      2145       112         2         1         7         6
       631       135       706       632       136       707
      2146       112         2         1         7         6
       632       136       707       633       137       708
      2147       112         2         1         7         6
       633       137       708       634       138       709
      2148       112         2         1         7         6
       634       138       709       635       139       710
      2149       112         2         1         7         6
       635       139       710       636       140       711
      2150       112         2         1         7         6
       636       140       711       637       141       712
      2151       112         2         1         7         6
       637       141       712       638       142       713
      2152       112         2         1         7         6
       638       142       713       639       143       714
      2153       112         2         1         7         6
       639       143       714       640       144       715
      2154       112         2         1         7         6
       640       144       715       641       145       716
      2155       112         2         1         7         6
       641       145       716       642       146       717
      2156       112         2         1         7         6
       642       146       717       643       147       718
      2157       112         2         1         7         6
       643       147       718       644       148       719
      2158       112         2         1         7         6
       644       148       719       645       149       720
      2159       112         2         1         7         6
       645       149       720       646       150       721
      2160       112         2         1         7         6
       646       150       721       647       151       722
      2161       112         2         1         7         6
       647       151       722       648       152       723
      2162       112         2         1         7         6
       648       152       723       649       153       724
      2163       112         2         1         7         6
       649       153       724       650       154       725
      2164       112         2         1         7         6
       650       154       725       651       155       726
      2165       112         2         1         7         6
       651       155       726       652       156       727
      2166       112         2         1         7         6
       652       156       727       653       157       728
      2167       112         2         1         7         6
         1         2       628       133       108       704
      2168       112         2         1         7         6
       133       108       704       134       109       705
      2169       112         2         1         7         6
       134       109       705       135       110       706
      2170       112         2         1         7         6
       135       110       706       136       111       707
      2171       112         2         1         7         6
       136       111       707       137       112       708
      2172       112         2         1         7         6
       137       112       708       138       113       709
      2173       112         2         1         7         6
       138       113       709       139       114       710
      2174       112         2         1         7         6
       139       114       710       140       115       711
      2175       112         2         1         7         6
       140       115       711       141       116       712
      2176       112         2         1         7         6
       141       116       712       142       117       713
      2177       112         2         1         7         6
       142       117       713       143       118       714
      2178       112         2         1         7         6
       143       118       714       144       119       715
      2179       112         2         1         7         6
       144       119       715       145       120       716
      2180       112         2         1         7         6
       145       120       716       146       121       717
      2181       112         2         1         7         6
       146       121       717       147       122       718
      2182       112         2         1         7         6
       147       122       718       148       123       719
      2183       112         2         1         7         6
       148       123       719       149       124       720
      2184       112         2         1         7         6
       149       124       720       150       125       721
      2185       112         2         1         7         6
       150       125       721       151       126       722
      2186       112         2         1         7         6
       151       126       722       152       127       723
      2187       112         2         1         7         6
       152       127       723       153       128       724
      2188       112         2         1         7         6
       153       128       724       154       129       725
      2189       112         2         1         7         6
       154       129       725       155       130       726
      2190       112         2         1         7         6
       155       130       726       156       131       727
      2191       112         2         1         7         6
       156       131       727       157       132       728
      2192       112         2         1         7         6
         2       523       628       108       575       704
      2193       112         2         1         7         6
       108       575       704       109       576       705
      2194       112         2         1         7         6
       109       576       705       110       577       706
      2195       112         2         1         7         6
       110       577       706       111       578       707
      2196       112         2         1         7         6
       111       578       707       112       579       708
      2197       112         2         1         7         6
       112       579       708       113       580       709
      2198       112         2         1         7         6
       113       580       709       114       581       710
      2199       112         2         1         7         6
       114       581       710       115       582       711
      2200       112         2         1         7         6
       115       582       711       116       583       712
      2201       112         2         1         7         6
       116       583       712       117       584       713
      2202       112         2         1         7         6
       117       584       713       118       585       714
      2203       112         2         1         7         6
       118       585       714       119       586       715
      2204       112         2         1         7         6
       119       586       715       120       587       716
      2205       112         2         1         7         6
       120       587       716       121       588       717
      2206       112         2         1         7         6
       121       588       717       122       589       718
      2207       112         2         1         7         6
       122       589       718       123       590       719
      2208       112         2         1         7         6
       123       590       719       124       591       720
      2209       112         2         1         7         6
       124       591       720       125       592       721
      2210       112         2         1         7         6
       125       592       721       126       593       722
      2211       112         2         1         7         6
       126       593       722       127       594       723
      2212       112         2         1         7         6
       127       594       723       128       595       724
      2213       112         2         1         7         6
       128       595       724       129       596       725
      2214       112         2         1         7         6
       129       596       725       130       597       726
      2215       112         2         1         7         6
       130       597       726       131       598       727
      2216       112         2         1         7         6
       131       598       727       132       599       728
      2217       112         2         1         7         6
       523       626       628       575       654       704
      2218       112         2         1         7         6
       575       654       704       576       655       705
      2219       112         2         1         7         6
       576       655       705       577       656       706
      2220       112         2         1         7         6
       577       656       706       578       657       707
      2221       112         2         1         7         6
       578       657       707       579       658       708
      2222       112         2         1         7         6
       579       658       708       580       659       709
      2223       112         2         1         7         6
       580       659       709       581       660       710
      2224       112         2         1         7         6
       581       660       710       582       661       711
      2225       112         2         1         7         6
       582       661       711       583       662       712
      2226       112         2         1         7         6
       583       662       712       584       663       713
      2227       112         2         1         7         6
       584       663       713       585       664       714
      2228       112         2         1         7         6
       585       664       714       586       665       715
      2229       112         2         1         7         6
       586       665       715       587       666       716
      2230       112         2         1         7         6
       587       666       716       588       667       717
      2231       112         2         1         7         6
       588       667       717       589       668       718
      2232       112         2         1         7         6
       589       668       718       590       669       719
      2233       112         2         1         7         6
       590       669       719       591       670       720
      2234       112         2         1         7         6
       591       670       720       592       671       721
      2235       112         2         1         7         6
       592       671       721       593       672       722
      2236       112         2         1         7         6
       593       672       722       594       673       723
      2237       112         2         1         7         6
       594       673       723       595       674       724
      2238       112         2         1         7         6
       595       674       724       596       675       725
      2239       112         2         1         7         6
       596       675       725       597       676       726
      2240       112         2         1         7         6
       597       676       726       598       677       727
      2241       112         2         1         7         6
       598       677       727       599       678       728
      2242       112         2         1         7         6
       626       627       628       654       679       704
      2243       112         2         1         7         6
       654       679       704       655       680       705
      2244       112         2         1         7         6
       655       680       705       656       681       706
      2245       112         2         1         7         6
       656       681       706       657       682       707
      2246       112         2         1         7         6
       657       682       707       658       683       708
      2247       112         2         1         7         6
       658       683       708       659       684       709
      2248       112         2         1         7         6
       659       684       709       660       685       710
      2249       112         2         1         7         6
       660       685       710       661       686       711
      2250       112         2         1         7         6
       661       686       711       662       687       712
      2251       112         2         1         7         6
       662       687       712       663       688       713
      2252       112         2         1         7         6
       663       688       713       664       689       714
      2253       112         2         1         7         6
       664       689       714       665       690       715
      2254       112         2         1         7         6
       665       690       715       666       691       716
      2255       112         2         1         7         6
       666       691       716       667       692       717
      2256       112         2         1         7         6
       667       692       717       668       693       718
      2257       112         2         1         7         6
       668       693       718       669       694       719
      2258       112         2         1         7         6
       669       694       719       670       695       720
      2259       112         2         1         7         6
       670       695       720       671       696       721
      2260       112         2         1         7         6
       671       696       721       672       697       722
      2261       112         2         1         7         6
       672       697       722       673       698       723
      2262       112         2         1         7         6
       673       698       723       674       699       724
      2263       112         2         1         7         6
       674       699       724       675       700       725
      2264       112         2         1         7         6
       675       700       725       676       701       726
      2265       112         2         1         7         6
       676       701       726       677       702       727
      2266       112         2         1         7         6
       677       702       727       678       703       728
      2267       112         2         1         7         6
       627       625       628       679       629       704
      2268       112         2         1         7         6
       679       629       704       680       630       705
      2269       112         2         1         7         6
       680       630       705       681       631       706
      2270       112         2         1         7         6
       681       631       706       682       632       707
      2271       112         2         1         7         6
       682       632       707       683       633       708
      2272       112         2         1         7         6
       683       633       708       684       634       709
      2273       112         2         1         7         6
       684       634       709       685       635       710
      2274       112         2         1         7         6
       685       635       710       686       636       711
      2275       112         2         1         7         6
       686       636       711       687       637       712
      2276       112         2         1         7         6
       687       637       712       688       638       713
      2277       112         2         1         7         6
       688       638       713       689       639       714
      2278       112         2         1         7         6
       689       639       714       690       640       715
      2279       112         2         1         7         6
       690       640       715       691       641       716
      2280       112         2         1         7         6
       691       641       716       692       642       717
      2281       112         2         1         7         6
       692       642       717       693       643       718
      2282       112         2         1         7         6
       693       643       718       694       644       719
      2283       112         2         1         7         6
       694       644       719       695       645       720
      2284       112         2         1         7         6
       695       645       720       696       646       721
      2285       112         2         1         7         6
       696       646       721       697       647       722
      2286       112         2         1         7         6
       697       647       722       698       648       723
      2287       112         2         1         7         6
       698       648       723       699       649       724
      2288       112         2         1         7         6
       699       649       724       700       650       725
      2289       112         2         1         7         6
       700       650       725       701       651       726
      2290       112         2         1         7         6
       701       651       726       702       652       727
      2291       112         2         1         7         6
       702       652       727       703       653       728
      2486       112         2         1         7         6
       729       186       731       732       263       782
      2487       112         2         1         7         6
       732       263       782       733       264       783
      2488       112         2         1         7         6
       733       264       783       734       265       784
      2489       112         2         1         7         6
       734       265       784       735       266       785
      2490       112         2         1         7         6
       735       266       785       736       267       786
      2491       112         2         1         7         6
       736       267       786       737       268       787
      2492       112         2         1         7         6
       737       268       787       738       269       788
      2493       112         2         1         7         6
       738       269       788       739       270       789
      2494       112         2         1         7         6
       739       270       789       740       271       790
      2495       112         2         1         7         6
       740       271       790       741       272       791
      2496       112         2         1         7         6
       741       272       791       742       273       792
      2497       112         2         1         7         6
       742       273       792       743       274       793
      2498       112         2         1         7         6
       743       274       793       744       275       794
      2499       112         2         1         7         6
       744       275       794       745       276       795
      2500       112         2         1         7         6
       745       276       795       746       277       796
      2501       112         2         1         7         6
       746       277       796       747       278       797
      2502       112         2         1         7         6
       747       278       797       748       279       798
      2503       112         2         1         7         6
       748       279       798       749       280       799
      2504       112         2         1         7         6
       749       280       799       750       281       800
      2505       112         2         1         7         6
       750       281       800       751       282       801
      2506       112         2         1         7         6
       751       282       801       752       283       802
      2507       112         2         1         7         6
       752       283       802       753       284       803
      2508       112         2         1         7         6
       753       284       803       754       285       804
      2509       112         2         1         7         6
       754       285       804       755       286       805
      2510       112         2         1         7         6
       755       286       805       756       287       806
      2511       112         2         1         7         6
       186         6       731       263         8       782
      2512       112         2         1         7         6
       263         8       782       264         9       783
      2513       112         2         1         7         6
       264         9       783       265        10       784
      2514       112         2         1         7         6
       265        10       784       266        11       785
      2515       112         2         1         7         6
       266        11       785       267        12       786
      2516       112         2         1         7         6
       267        12       786       268        13       787
      2517       112         2         1         7         6
       268        13       787       269        14       788
      2518       112         2         1         7         6
       269        14       788       270        15       789
      2519       112         2         1         7         6
       270        15       789       271        16       790
      2520       112         2         1         7         6
       271        16       790       272        17       791
      2521       112         2         1         7         6
       272        17       791       273        18       792
      2522       112         2         1         7         6
       273        18       792       274        19       793
      2523       112         2         1         7         6
       274        19       793       275        20       794
      2524       112         2         1         7         6
       275        20       794       276        21       795
      2525       112         2         1         7         6
       276        21       795       277        22       796
      2526       112         2         1         7         6
       277        22       796       278        23       797
      2527       112         2         1         7         6
       278        23       797       279        24       798
      2528       112         2         1         7         6
       279        24       798       280        25       799
      2529       112         2         1         7         6
       280        25       799       281        26       800
      2530       112         2         1         7         6
       281        26       800       282        27       801
      2531       112         2         1         7         6
       282        27       801       283        28       802
      2532       112         2         1         7         6
       283        28       802       284        29       803
      2533       112         2         1         7         6
       284        29       803       285        30       804
      2534       112         2         1         7         6
       285        30       804       286        31       805
      2535       112         2         1         7         6
       286        31       805       287        32       806
      2536       112         2         1         7         6
         6         1       731         8       133       782
      2537       112         2         1         7         6
         8       133       782         9       134       783
      2538       112         2         1         7         6
         9       134       783        10       135       784
      2539       112         2         1         7         6
        10       135       784        11       136       785
      2540       112         2         1         7         6
        11       136       785        12       137       786
      2541       112         2         1         7         6
        12       137       786        13       138       787
      2542       112         2         1         7         6
        13       138       787        14       139       788
      2543       112         2         1         7         6
        14       139       788        15       140       789
      2544       112         2         1         7         6
        15       140       789        16       141       790
      2545       112         2         1         7         6
        16       141       790        17       142       791
      2546       112         2         1         7         6
        17       142       791        18       143       792
      2547       112         2         1         7         6
        18       143       792        19       144       793
      2548       112         2         1         7         6
        19       144       793        20       145       794
      2549       112         2         1         7         6
        20       145       794        21       146       795
      2550       112         2         1         7         6
        21       146       795        22       147       796
      2551       112         2         1         7         6
        22       147       796        23       148       797
      2552       112         2         1         7         6
        23       148       797        24       149       798
      2553       112         2         1         7         6
        24       149       798        25       150       799
      2554       112         2         1         7         6
        25       150       799        26       151       800
      2555       112         2         1         7         6
        26       151       800        27       152       801
      2556       112         2         1         7         6
        27       152       801        28       153       802
      2557       112         2         1         7         6
        28       153       802        29       154       803
      2558       112         2         1         7         6
        29       154       803        30       155       804
      2559       112         2         1         7         6
        30       155       804        31       156       805
      2560       112         2         1         7         6
        31       156       805        32       157       806
      2561       112         2         1         7         6
         1       625       731       133       629       782
      2562       112         2         1         7         6
       133       629       782       134       630       783
      2563       112         2         1         7         6
       134       630       783       135       631       784
      2564       112         2         1         7         6
       135       631       784       136       632       785
      2565       112         2         1         7         6
       136       632       785       137       633       786
      2566       112         2         1         7         6
       137       633       786       138       634       787
      2567       112         2         1         7         6
       138       634       787       139       635       788
      2568       112         2         1         7         6
       139       635       788       140       636       789
      2569       112         2         1         7         6
       140       636       789       141       637       790
      2570       112         2         1         7         6
       141       637       790       142       638       791
      2571       112         2         1         7         6
       142       638       791       143       639       792
      2572       112         2         1         7         6
       143       639       792       144       640       793
      2573       112         2         1         7         6
       144       640       793       145       641       794
      2574       112         2         1         7         6
       145       641       794       146       642       795
      2575       112         2         1         7         6
       146       642       795       147       643       796
      2576       112         2         1         7         6
       147       643       796       148       644       797
      2577       112         2         1         7         6
       148       644       797       149       645       798
      2578       112         2         1         7         6
       149       645       798       150       646       799
      2579       112         2         1         7         6
       150       646       799       151       647       800
      2580       112         2         1         7         6
       151       647       800       152       648       801
      2581       112         2         1         7         6
       152       648       801       153       649       802
      2582       112         2         1         7         6
       153       649       802       154       650       803
      2583       112         2         1         7         6
       154       650       803       155       651       804
      2584       112         2         1         7         6
       155       651       804       156       652       805
      2585       112         2         1         7         6
       156       652       805       157       653       806
      2586       112         2         1         7         6
       625       730       731       629       757       782
      2587       112         2         1         7         6
       629       757       782       630       758       783
      2588       112         2         1         7         6
       630       758       783       631       759       784
      2589       112         2         1         7         6
       631       759       784       632       760       785
      2590       112         2         1         7         6
       632       760       785       633       761       786
      2591       112         2         1         7         6
       633       761       786       634       762       787
      2592       112         2         1         7         6
       634       762       787       635       763       788
      2593       112         2         1         7         6
       635       763       788       636       764       789
      2594       112         2         1         7         6
       636       764       789       637       765       790
      2595       112         2         1         7         6
       637       765       790       638       766       791
      2596       112         2         1         7         6
       638       766       791       639       767       792
      2597       112         2         1         7         6
       639       767       792       640       768       793
      2598       112         2         1         7         6
       640       768       793       641       769       794
      2599       112         2         1         7         6
       641       769       794       642       770       795
      2600       112         2         1         7         6
       642       770       795       643       771       796
      2601       112         2         1         7         6
       643       771       796       644       772       797
      2602       112         2         1         7         6
       644       772       797       645       773       798
      2603       112         2         1         7         6
       645       773       798       646       774       799
      2604       112         2         1         7         6
       646       774       799       647       775       800
      2605       112         2         1         7         6
       647       775       800       648       776       801
      2606       112         2         1         7         6
       648       776       801       649       777       802
      2607       112         2         1         7         6
       649       777       802       650       778       803
      2608       112         2         1         7         6
       650       778       803       651       779       804
      2609       112         2         1         7         6
       651       779       804       652       780       805
      2610       112         2         1         7         6
       652       780       805       653       781       806
      2611       112         2         1         7         6
       730       729       731       757       732       782
      2612       112         2         1         7         6
       757       732       782       758       733       783
      2613       112         2         1         7         6
       758       733       783       759       734       784
      2614       112         2         1         7         6
       759       734       784       760       735       785
      2615       112         2         1         7         6
       760       735       785       761       736       786
      2616       112         2         1         7         6
       761       736       786       762       737       787
      2617       112         2         1         7         6
       762       737       787       763       738       788
      2618       112         2         1         7         6
       763       738       788       764       739       789
      2619       112         2         1         7         6
       764       739       789       765       740       790
      2620       112         2         1         7         6
       765       740       790       766       741       791
      2621       112         2         1         7         6
       766       741       791       767       742       792
      2622       112         2         1         7         6
       767       742       792       768       743       793
      2623       112         2         1         7         6
       768       743       793       769       744       794
      2624       112         2         1         7         6
       769       744       794       770       745       795
      2625       112         2         1         7         6
       770       745       795       771       746       796
      2626       112         2         1         7         6
       771       746       796       772       747       797
      2627       112         2         1         7         6
       772       747       797       773       748       798
      2628       112         2         1         7         6
       773       748       798       774       749       799
      2629       112         2         1         7         6
       774       749       799       775       750       800
      2630       112         2         1         7         6
       775       750       800       776       751       801
      2631       112         2         1         7         6
       776       751       801       777       752       802
      2632       112         2         1         7         6
       777       752       802       778       753       803
      2633       112         2         1         7         6
       778       753       803       779       754       804
      2634       112         2         1         7         6
       779       754       804       780       755       805
      2635       112         2         1         7         6
       780       755       805       781       756       806
    -1
    -1
  2467
         1         0         0         0         0         0         0         6
outletCentralUnloaded
         8         7         0         0         8         8         0         0
         8         9         0         0         8        10         0         0
         8        11         0         0         8        12         0         0
         2         0         0         0         0         0         0       150
centralUnloadedFuelElement
         8       163         0         0         8       164         0         0
         8       165         0         0         8       166         0         0
         8       167         0         0         8       168         0         0
         8       169         0         0         8       170         0         0
         8       171         0         0         8       172         0         0
         8       173         0         0         8       174         0         0
         8       175         0         0         8       176         0         0
         8       177         0         0         8       178         0         0
         8       179         0         0         8       180         0         0
         8       181         0         0         8       182         0         0
         8       183         0         0         8       184         0         0
         8       185         0         0         8       186         0         0
         8       187         0         0         8       188         0         0
         8       189         0         0         8       190         0         0
         8       191         0         0         8       192         0         0
         8       193         0         0         8       194         0         0
         8       195         0         0         8       196         0         0
         8       197         0         0         8       198         0         0
         8       199         0         0         8       200         0         0
         8       201         0         0         8       202         0         0
         8       203         0         0         8       204         0         0
         8       205         0         0         8       206         0         0
         8       207         0         0         8       208         0         0
         8       209         0         0         8       210         0         0
         8       211         0         0         8       212         0         0
         8       213         0         0         8       214         0         0
         8       215         0         0         8       216         0         0
         8       217         0         0         8       218         0         0
         8       219         0         0         8       220         0         0
         8       221         0         0         8       222         0         0
         8       223         0         0         8       224         0         0
         8       225         0         0         8       226         0         0
         8       227         0         0         8       228         0         0
         8       229         0         0         8       230         0         0
         8       231         0         0         8       232         0         0
         8       233         0         0         8       234         0         0
         8       235         0         0         8       236         0         0
         8       237         0         0         8       238         0         0
         8       239         0         0         8       240         0         0
         8       241         0         0         8       242         0         0
         8       243         0         0         8       244         0         0
         8       245         0         0         8       246         0         0
         8       247         0         0         8       248         0         0
         8       249         0         0         8       250         0         0
         8       251         0         0         8       252         0         0
         8       253         0         0         8       254         0         0
         8       255         0         0         8       256         0         0
         8       257         0         0         8       258         0         0
         8       259         0         0         8       260         0         0
         8       261         0         0         8       262         0         0
         8       263         0         0         8       264         0         0
         8       265         0         0         8       266         0         0
         8       267         0         0         8       268         0         0
         8       269         0         0         8       270         0         0
         8       271         0         0         8       272         0         0
         8       273         0         0         8       274         0         0
         8       275         0         0         8       276         0         0
         8       277         0         0         8       278         0         0
         8       279         0         0         8       280         0         0
         8       281         0         0         8       282         0         0
         8       283         0         0         8       284         0         0
         8       285         0         0         8       286         0         0
         8       287         0         0         8       288         0         0
         8       289         0         0         8       290         0         0
         8       291         0         0         8       292         0         0
         8       293         0         0         8       294         0         0
         8       295         0         0         8       296         0         0
         8       297         0         0         8       298         0         0
         8       299         0         0         8       300         0         0
         8       301         0         0         8       302         0         0
         8       303         0         0         8       304         0         0
         8       305         0         0         8       306         0         0
         8       307         0         0         8       308         0         0
         8       309         0         0         8       310         0         0
         8       311         0         0         8       312         0         0
         3         0         0         0         0         0         0         6
inletCentralUnloaded
         8       494         0         0         8       495         0         0
         8       496         0         0         8       497         0         0
         8       498         0         0         8       499         0         0
         4         0         0         0         0         0         0       150
baffle
         8        13         0         0         8        14         0         0
         8        15         0         0         8        16         0         0
         8        17         0         0         8        18         0         0
         8        19         0         0         8        20         0         0
         8        21         0         0         8        22         0         0
         8        23         0         0         8        24         0         0
         8        25         0         0         8        26         0         0
         8        27         0         0         8        28         0         0
         8        29         0         0         8        30         0         0
         8        31         0         0         8        32         0         0
         8        33         0         0         8        34         0         0
         8        35         0         0         8        36         0         0
         8        37         0         0         8        38         0         0
         8        39         0         0         8        40         0         0
         8        41         0         0         8        42         0         0
         8        43         0         0         8        44         0         0
         8        45         0         0         8        46         0         0
         8        47         0         0         8        48         0         0
         8        49         0         0         8        50         0         0
         8        51         0         0         8        52         0         0
         8        53         0         0         8        54         0         0
         8        55         0         0         8        56         0         0
         8        57         0         0         8        58         0         0
         8        59         0         0         8        60         0         0
         8        61         0         0         8        62         0         0
         8        63         0         0         8        64         0         0
         8        65         0         0         8        66         0         0
         8        67         0         0         8        68         0         0
         8        69         0         0         8        70         0         0
         8        71         0         0         8        72         0         0
         8        73         0         0         8        74         0         0
         8        75         0         0         8        76         0         0
         8        77         0         0         8        78         0         0
         8        79         0         0         8        80         0         0
         8        81         0         0         8        82         0         0
         8        83         0         0         8        84         0         0
         8        85         0         0         8        86         0         0
         8        87         0         0         8        88         0         0
         8        89         0         0         8        90         0         0
         8        91         0         0         8        92         0         0
         8        93         0         0         8        94         0         0
         8        95         0         0         8        96         0         0
         8        97         0         0         8        98         0         0
         8        99         0         0         8       100         0         0
         8       101         0         0         8       102         0         0
         8       103         0         0         8       104         0         0
         8       105         0         0         8       106         0         0
         8       107         0         0         8       108         0         0
         8       109         0         0         8       110         0         0
         8       111         0         0         8       112         0         0
         8       113         0         0         8       114         0         0
         8       115         0         0         8       116         0         0
         8       117         0         0         8       118         0         0
         8       119         0         0         8       120         0         0
         8       121         0         0         8       122         0         0
         8       123         0         0         8       124         0         0
         8       125         0         0         8       126         0         0
         8       127         0         0         8       128         0         0
         8       129         0         0         8       130         0         0
         8       131         0         0         8       132         0         0
         8       133         0         0         8       134         0         0
         8       135         0         0         8       136         0         0
         8       137         0         0         8       138         0         0
         8       139         0         0         8       140         0         0
         8       141         0         0         8       142         0         0
         8       143         0         0         8       144         0         0
         8       145         0         0         8       146         0         0
         8       147         0         0         8       148         0         0
         8       149         0         0         8       150         0         0
         8       151         0         0         8       152         0         0
         8       153         0         0         8       154         0         0
         8       155         0         0         8       156         0         0
         8       157         0         0         8       158         0         0
         8       159         0         0         8       160         0         0
         8       161         0         0         8       162         0         0
         5         0         0         0         0         0         0        36
outletFuelElement
         8       505         0         0         8       506         0         0
         8       507         0         0         8       508         0         0
         8       509         0         0         8       510         0         0
         8       926         0         0         8       927         0         0
         8       928         0         0         8       929         0         0
         8       930         0         0         8       931         0         0
         8      1296         0         0         8      1297         0         0
         8      1298         0         0         8      1299         0         0
         8      1300         0         0         8      1301         0         0
         8      1666         0         0         8      1667         0         0
         8      1668         0         0         8      1669         0         0
         8      1670         0         0         8      1671         0         0
         8      2036         0         0         8      2037         0         0
         8      2038         0         0         8      2039         0         0
         8      2040         0         0         8      2041         0         0
         8      2405         0         0         8      2406         0         0
         8      2407         0         0         8      2408         0         0
         8      2409         0         0         8      2410         0         0
         6         0         0         0         0         0         0       900
fuelElement
         8       636         0         0         8       637         0         0
         8       638         0         0         8       639         0         0
         8       640         0         0         8       641         0         0
         8       642         0         0         8       643         0         0
         8       644         0         0         8       645         0         0
         8       646         0         0         8       647         0         0
         8       648         0         0         8       649         0         0
         8       650         0         0         8       651         0         0
         8       652         0         0         8       653         0         0
         8       654         0         0         8       655         0         0
         8       656         0         0         8       657         0         0
         8       658         0         0         8       659         0         0
         8       660         0         0         8       661         0         0
         8       662         0         0         8       663         0         0
         8       664         0         0         8       665         0         0
         8       666         0         0         8       667         0         0
         8       668         0         0         8       669         0         0
         8       670         0         0         8       671         0         0
         8       672         0         0         8       673         0         0
         8       674         0         0         8       675         0         0
         8       676         0         0         8       677         0         0
         8       678         0         0         8       679         0         0
         8       680         0         0         8       681         0         0
         8       682         0         0         8       683         0         0
         8       684         0         0         8       685         0         0
         8       686         0         0         8       687         0         0
         8       688         0         0         8       689         0         0
         8       690         0         0         8       691         0         0
         8       692         0         0         8       693         0         0
         8       694         0         0         8       695         0         0
         8       696         0         0         8       697         0         0
         8       698         0         0         8       699         0         0
         8       700         0         0         8       701         0         0
         8       702         0         0         8       703         0         0
         8       704         0         0         8       705         0         0
         8       706         0         0         8       707         0         0
         8       708         0         0         8       709         0         0
         8       710         0         0         8       711         0         0
         8       712         0         0         8       713         0         0
         8       714         0         0         8       715         0         0
         8       716         0         0         8       717         0         0
         8       718         0         0         8       719         0         0
         8       720         0         0         8       721         0         0
         8       722         0         0         8       723         0         0
         8       724         0         0         8       725         0         0
         8       726         0         0         8       727         0         0
         8       728         0         0         8       729         0         0
         8       730         0         0         8       731         0         0
         8       732         0         0         8       733         0         0
         8       734         0         0         8       735         0         0
         8       736         0         0         8       737         0         0
         8       738         0         0         8       739         0         0
         8       740         0         0         8       741         0         0
         8       742         0         0         8       743         0         0
         8       744         0         0         8       745         0         0
         8       746         0         0         8       747         0         0
         8       748         0         0         8       749         0         0
         8       750         0         0         8       751         0         0
         8       752         0         0         8       753         0         0
         8       754         0         0         8       755         0         0
         8       756         0         0         8       757         0         0
         8       758         0         0         8       759         0         0
         8       760         0         0         8       761         0         0
         8       762         0         0         8       763         0         0
         8       764         0         0         8       765         0         0
         8       766         0         0         8       767         0         0
         8       768         0         0         8       769         0         0
         8       770         0         0         8       771         0         0
         8       772         0         0         8       773         0         0
         8       774         0         0         8       775         0         0
         8       776         0         0         8       777         0         0
         8       778         0         0         8       779         0         0
         8       780         0         0         8       781         0         0
         8       782         0         0         8       783         0         0
         8       784         0         0         8       785         0         0
         8      1032         0         0         8      1033         0         0
         8      1034         0         0         8      1035         0         0
         8      1036         0         0         8      1037         0         0
         8      1038         0         0         8      1039         0         0
         8      1040         0         0         8      1041         0         0
         8      1042         0         0         8      1043         0         0
         8      1044         0         0         8      1045         0         0
         8      1046         0         0         8      1047         0         0
         8      1048         0         0         8      1049         0         0
         8      1050         0         0         8      1051         0         0
         8      1052         0         0         8      1053         0         0
         8      1054         0         0         8      1055         0         0
         8      1056         0         0         8      1057         0         0
         8      1058         0         0         8      1059         0         0
         8      1060         0         0         8      1061         0         0
         8      1062         0         0         8      1063         0         0
         8      1064         0         0         8      1065         0         0
         8      1066         0         0         8      1067         0         0
         8      1068         0         0         8      1069         0         0
         8      1070         0         0         8      1071         0         0
         8      1072         0         0         8      1073         0         0
         8      1074         0         0         8      1075         0         0
         8      1076         0         0         8      1077         0         0
         8      1078         0         0         8      1079         0         0
         8      1080         0         0         8      1081         0         0
         8      1082         0         0         8      1083         0         0
         8      1084         0         0         8      1085         0         0
         8      1086         0         0         8      1087         0         0
         8      1088         0         0         8      1089         0         0
         8      1090         0         0         8      1091         0         0
         8      1092         0         0         8      1093         0         0
         8      1094         0         0         8      1095         0         0
         8      1096         0         0         8      1097         0         0
         8      1098         0         0         8      1099         0         0
         8      1100         0         0         8      1101         0         0
         8      1102         0         0         8      1103         0         0
         8      1104         0         0         8      1105         0         0
         8      1106         0         0         8      1107         0         0
         8      1108         0         0         8      1109         0         0
         8      1110         0         0         8      1111         0         0
         8      1112         0         0         8      1113         0         0
         8      1114         0         0         8      1115         0         0
         8      1116         0         0         8      1117         0         0
         8      1118         0         0         8      1119         0         0
         8      1120         0         0         8      1121         0         0
         8      1122         0         0         8      1123         0         0
         8      1124         0         0         8      1125         0         0
         8      1126         0         0         8      1127         0         0
         8      1128         0         0         8      1129         0         0
         8      1130         0         0         8      1131         0         0
         8      1132         0         0         8      1133         0         0
         8      1134         0         0         8      1135         0         0
         8      1136         0         0         8      1137         0         0
         8      1138         0         0         8      1139         0         0
         8      1140         0         0         8      1141         0         0
         8      1142         0         0         8      1143         0         0
         8      1144         0         0         8      1145         0         0
         8      1146         0         0         8      1147         0         0
         8      1148         0         0         8      1149         0         0
         8      1150         0         0         8      1151         0         0
         8      1152         0         0         8      1153         0         0
         8      1154         0         0         8      1155         0         0
         8      1156         0         0         8      1157         0         0
         8      1158         0         0         8      1159         0         0
         8      1160         0         0         8      1161         0         0
         8      1162         0         0         8      1163         0         0
         8      1164         0         0         8      1165         0         0
         8      1166         0         0         8      1167         0         0
         8      1168         0         0         8      1169         0         0
         8      1170         0         0         8      1171         0         0
         8      1172         0         0         8      1173         0         0
         8      1174         0         0         8      1175         0         0
         8      1176         0         0         8      1177         0         0
         8      1178         0         0         8      1179         0         0
         8      1180         0         0         8      1181         0         0
         8      1402         0         0         8      1403         0         0
         8      1404         0         0         8      1405         0         0
         8      1406         0         0         8      1407         0         0
         8      1408         0         0         8      1409         0         0
         8      1410         0         0         8      1411         0         0
         8      1412         0         0         8      1413         0         0
         8      1414         0         0         8      1415         0         0
         8      1416         0         0         8      1417         0         0
         8      1418         0         0         8      1419         0         0
         8      1420         0         0         8      1421         0         0
         8      1422         0         0         8      1423         0         0
         8      1424         0         0         8      1425         0         0
         8      1426         0         0         8      1427         0         0
         8      1428         0         0         8      1429         0         0
         8      1430         0         0         8      1431         0         0
         8      1432         0         0         8      1433         0         0
         8      1434         0         0         8      1435         0         0
         8      1436         0         0         8      1437         0         0
         8      1438         0         0         8      1439         0         0
         8      1440         0         0         8      1441         0         0
         8      1442         0         0         8      1443         0         0
         8      1444         0         0         8      1445         0         0
         8      1446         0         0         8      1447         0         0
         8      1448         0         0         8      1449         0         0
         8      1450         0         0         8      1451         0         0
         8      1452         0         0         8      1453         0         0
         8      1454         0         0         8      1455         0         0
         8      1456         0         0         8      1457         0         0
         8      1458         0         0         8      1459         0         0
         8      1460         0         0         8      1461         0         0
         8      1462         0         0         8      1463         0         0
         8      1464         0         0         8      1465         0         0
         8      1466         0         0         8      1467         0         0
         8      1468         0         0         8      1469         0         0
         8      1470         0         0         8      1471         0         0
         8      1472         0         0         8      1473         0         0
         8      1474         0         0         8      1475         0         0
         8      1476         0         0         8      1477         0         0
         8      1478         0         0         8      1479         0         0
         8      1480         0         0         8      1481         0         0
         8      1482         0         0         8      1483         0         0
         8      1484         0         0         8      1485         0         0
         8      1486         0         0         8      1487         0         0
         8      1488         0         0         8      1489         0         0
         8      1490         0         0         8      1491         0         0
         8      1492         0         0         8      1493         0         0
         8      1494         0         0         8      1495         0         0
         8      1496         0         0         8      1497         0         0
         8      1498         0         0         8      1499         0         0
         8      1500         0         0         8      1501         0         0
         8      1502         0         0         8      1503         0         0
         8      1504         0         0         8      1505         0         0
         8      1506         0         0         8      1507         0         0
         8      1508         0         0         8      1509         0         0
         8      1510         0         0         8      1511         0         0
         8      1512         0         0         8      1513         0         0
         8      1514         0         0         8      1515         0         0
         8      1516         0         0         8      1517         0         0
         8      1518         0         0         8      1519         0         0
         8      1520         0         0         8      1521         0         0
         8      1522         0         0         8      1523         0         0
         8      1524         0         0         8      1525         0         0
         8      1526         0         0         8      1527         0         0
         8      1528         0         0         8      1529         0         0
         8      1530         0         0         8      1531         0         0
         8      1532         0         0         8      1533         0         0
         8      1534         0         0         8      1535         0         0
         8      1536         0         0         8      1537         0         0
         8      1538         0         0         8      1539         0         0
         8      1540         0         0         8      1541         0         0
         8      1542         0         0         8      1543         0         0
         8      1544         0         0         8      1545         0         0
         8      1546         0         0         8      1547         0         0
         8      1548         0         0         8      1549         0         0
         8      1550         0         0         8      1551         0         0
         8      1772         0         0         8      1773         0         0
         8      1774         0         0         8      1775         0         0
         8      1776         0         0         8      1777         0         0
         8      1778         0         0         8      1779         0         0
         8      1780         0         0         8      1781         0         0
         8      1782         0         0         8      1783         0         0
         8      1784         0         0         8      1785         0         0
         8      1786         0         0         8      1787         0         0
         8      1788         0         0         8      1789         0         0
         8      1790         0         0         8      1791         0         0
         8      1792         0         0         8      1793         0         0
         8      1794         0         0         8      1795         0         0
         8      1796         0         0         8      1797         0         0
         8      1798         0         0         8      1799         0         0
         8      1800         0         0         8      1801         0         0
         8      1802         0         0         8      1803         0         0
         8      1804         0         0         8      1805         0         0
         8      1806         0         0         8      1807         0         0
         8      1808         0         0         8      1809         0         0
         8      1810         0         0         8      1811         0         0
         8      1812         0         0         8      1813         0         0
         8      1814         0         0         8      1815         0         0
         8      1816         0         0         8      1817         0         0
         8      1818         0         0         8      1819         0         0
         8      1820         0         0         8      1821         0         0
         8      1822         0         0         8      1823         0         0
         8      1824         0         0         8      1825         0         0
         8      1826         0         0         8      1827         0         0
         8      1828         0         0         8      1829         0         0
         8      1830         0         0         8      1831         0         0
         8      1832         0         0         8      1833         0         0
         8      1834         0         0         8      1835         0         0
         8      1836         0         0         8      1837         0         0
         8      1838         0         0         8      1839         0         0
         8      1840         0         0         8      1841         0         0
         8      1842         0         0         8      1843         0         0
         8      1844         0         0         8      1845         0         0
         8      1846         0         0         8      1847         0         0
         8      1848         0         0         8      1849         0         0
         8      1850         0         0         8      1851         0         0
         8      1852         0         0         8      1853         0         0
         8      1854         0         0         8      1855         0         0
         8      1856         0         0         8      1857         0         0
         8      1858         0         0         8      1859         0         0
         8      1860         0         0         8      1861         0         0
         8      1862         0         0         8      1863         0         0
         8      1864         0         0         8      1865         0         0
         8      1866         0         0         8      1867         0         0
         8      1868         0         0         8      1869         0         0
         8      1870         0         0         8      1871         0         0
         8      1872         0         0         8      1873         0         0
         8      1874         0         0         8      1875         0         0
         8      1876         0         0         8      1877         0         0
         8      1878         0         0         8      1879         0         0
         8      1880         0         0         8      1881         0         0
         8      1882         0         0         8      1883         0         0
         8      1884         0         0         8      1885         0         0
         8      1886         0         0         8      1887         0         0
         8      1888         0         0         8      1889         0         0
         8      1890         0         0         8      1891         0         0
         8      1892         0         0         8      1893         0         0
         8      1894         0         0         8      1895         0         0
         8      1896         0         0         8      1897         0         0
         8      1898         0         0         8      1899         0         0
         8      1900         0         0         8      1901         0         0
         8      1902         0         0         8      1903         0         0
         8      1904         0         0         8      1905         0         0
         8      1906         0         0         8      1907         0         0
         8      1908         0         0         8      1909         0         0
         8      1910         0         0         8      1911         0         0
         8      1912         0         0         8      1913         0         0
         8      1914         0         0         8      1915         0         0
         8      1916         0         0         8      1917         0         0
         8      1918         0         0         8      1919         0         0
         8      1920         0         0         8      1921         0         0
         8      2142         0         0         8      2143         0         0
         8      2144         0         0         8      2145         0         0
         8      2146         0         0         8      2147         0         0
         8      2148         0         0         8      2149         0         0
         8      2150         0         0         8      2151         0         0
         8      2152         0         0         8      2153         0         0
         8      2154         0         0         8      2155         0         0
         8      2156         0         0         8      2157         0         0
         8      2158         0         0         8      2159         0         0
         8      2160         0         0         8      2161         0         0
         8      2162         0         0         8      2163         0         0
         8      2164         0         0         8      2165         0         0
         8      2166         0         0         8      2167         0         0
         8      2168         0         0         8      2169         0         0
         8      2170         0         0         8      2171         0         0
         8      2172         0         0         8      2173         0         0
         8      2174         0         0         8      2175         0         0
         8      2176         0         0         8      2177         0         0
         8      2178         0         0         8      2179         0         0
         8      2180         0         0         8      2181         0         0
         8      2182         0         0         8      2183         0         0
         8      2184         0         0         8      2185         0         0
         8      2186         0         0         8      2187         0         0
         8      2188         0         0         8      2189         0         0
         8      2190         0         0         8      2191         0         0
         8      2192         0         0         8      2193         0         0
         8      2194         0         0         8      2195         0         0
         8      2196         0         0         8      2197         0         0
         8      2198         0         0         8      2199         0         0
         8      2200         0         0         8      2201         0         0
         8      2202         0         0         8      2203         0         0
         8      2204         0         0         8      2205         0         0
         8      2206         0         0         8      2207         0         0
         8      2208         0         0         8      2209         0         0
         8      2210         0         0         8      2211         0         0
         8      2212         0         0         8      2213         0         0
         8      2214         0         0         8      2215         0         0
         8      2216         0         0         8      2217         0         0
         8      2218         0         0         8      2219         0         0
         8      2220         0         0         8      2221         0         0
         8      2222         0         0         8      2223         0         0
         8      2224         0         0         8      2225         0         0
         8      2226         0         0         8      2227         0         0
         8      2228         0         0         8      2229         0         0
         8      2230         0         0         8      2231         0         0
         8      2232         0         0         8      2233         0         0
         8      2234         0         0         8      2235         0         0
         8      2236         0         0         8      2237         0         0
         8      2238         0         0         8      2239         0         0
         8      2240         0         0         8      2241         0         0
         8      2242         0         0         8      2243         0         0
         8      2244         0         0         8      2245         0         0
         8      2246         0         0         8      2247         0         0
         8      2248         0         0         8      2249         0         0
         8      2250         0         0         8      2251         0         0
         8      2252         0         0         8      2253         0         0
         8      2254         0         0         8      2255         0         0
         8      2256         0         0         8      2257         0         0
         8      2258         0         0         8      2259         0         0
         8      2260         0         0         8      2261         0         0
         8      2262         0         0         8      2263         0         0
         8      2264         0         0         8      2265         0         0
         8      2266         0         0         8      2267         0         0
         8      2268         0         0         8      2269         0         0
         8      2270         0         0         8      2271         0         0
         8      2272         0         0         8      2273         0         0
         8      2274         0         0         8      2275         0         0
         8      2276         0         0         8      2277         0         0
         8      2278         0         0         8      2279         0         0
         8      2280         0         0         8      2281         0         0
         8      2282         0         0         8      2283         0         0
         8      2284         0         0         8      2285         0         0
         8      2286         0         0         8      2287         0         0
         8      2288         0         0         8      2289         0         0
         8      2290         0         0         8      2291         0         0
         8      2486         0         0         8      2487         0         0
         8      2488         0         0         8      2489         0         0
         8      2490         0         0         8      2491         0         0
         8      2492         0         0         8      2493         0         0
         8      2494         0         0         8      2495         0         0
         8      2496         0         0         8      2497         0         0
         8      2498         0         0         8      2499         0         0
         8      2500         0         0         8      2501         0         0
         8      2502         0         0         8      2503         0         0
         8      2504         0         0         8      2505         0         0
         8      2506         0         0         8      2507         0         0
         8      2508         0         0         8      2509         0         0
         8      2510         0         0         8      2511         0         0
         8      2512         0         0         8      2513         0         0
         8      2514         0         0         8      2515         0         0
         8      2516         0         0         8      2517         0         0
         8      2518         0         0         8      2519         0         0
         8      2520         0         0         8      2521         0         0
         8      2522         0         0         8      2523         0         0
         8      2524         0         0         8      2525         0         0
         8      2526         0         0         8      2527         0         0
         8      2528         0         0         8      2529         0         0
         8      2530         0         0         8      2531         0         0
         8      2532         0         0         8      2533         0         0
         8      2534         0         0         8      2535         0         0
         8      2536         0         0         8      2537         0         0
         8      2538         0         0         8      2539         0         0
         8      2540         0         0         8      2541         0         0
         8      2542         0         0         8      2543         0         0
         8      2544         0         0         8      2545         0         0
         8      2546         0         0         8      2547         0         0
         8      2548         0         0         8      2549         0         0
         8      2550         0         0         8      2551         0         0
         8      2552         0         0         8      2553         0         0
         8      2554         0         0         8      2555         0         0
         8      2556         0         0         8      2557         0         0
         8      2558         0         0         8      2559         0         0
         8      2560         0         0         8      2561         0         0
         8      2562         0         0         8      2563         0         0
         8      2564         0         0         8      2565         0         0
         8      2566         0         0         8      2567         0         0
         8      2568         0         0         8      2569         0         0
         8      2570         0         0         8      2571         0         0
         8      2572         0         0         8      2573         0         0
         8      2574         0         0         8      2575         0         0
         8      2576         0         0         8      2577         0         0
         8      2578         0         0         8      2579         0         0
         8      2580         0         0         8      2581         0         0
         8      2582         0         0         8      2583         0         0
         8      2584         0         0         8      2585         0         0
         8      2586         0         0         8      2587         0         0
         8      2588         0         0         8      2589         0         0
         8      2590         0         0         8      2591         0         0
         8      2592         0         0         8      2593         0         0
         8      2594         0         0         8      2595         0         0
         8      2596         0         0         8      2597         0         0
         8      2598         0         0         8      2599         0         0
         8      2600         0         0         8      2601         0         0
         8      2602         0         0         8      2603         0         0
         8      2604         0         0         8      2605         0         0
         8      2606         0         0         8      2607         0         0
         8      2608         0         0         8      2609         0         0
         8      2610         0         0         8      2611         0         0
         8      2612         0         0         8      2613         0         0
         8      2614         0         0         8      2615         0         0
         8      2616         0         0         8      2617         0         0
         8      2618         0         0         8      2619         0         0
         8      2620         0         0         8      2621         0         0
         8      2622         0         0         8      2623         0         0
         8      2624         0         0         8      2625         0         0
         8      2626         0         0         8      2627         0         0
         8      2628         0         0         8      2629         0         0
         8      2630         0         0         8      2631         0         0
         8      2632         0         0         8      2633         0         0
         8      2634         0         0         8      2635         0         0
         7         0         0         0         0         0         0        36
inletFuelElement
         8       916         0         0         8       917         0         0
         8       918         0         0         8       919         0         0
         8       920         0         0         8       921         0         0
         8      1286         0         0         8      1287         0         0
         8      1288         0         0         8      1289         0         0
         8      1290         0         0         8      1291         0         0
         8      1656         0         0         8      1657         0         0
         8      1658         0         0         8      1659         0         0
         8      1660         0         0         8      1661         0         0
         8      2026         0         0         8      2027         0         0
         8      2028         0         0         8      2029         0         0
         8      2030         0         0         8      2031         0         0
         8      2396         0         0         8      2397         0         0
         8      2398         0         0         8      2399         0         0
         8      2400         0         0         8      2401         0         0
         8      2714         0         0         8      2715         0         0
         8      2716         0         0         8      2717         0         0
         8      2718         0         0         8      2719         0         0
    -1
