/*--------------------------------*- C++ -*----------------------------------*\
| =========                 |                                                 |
| \\      /  F ield         | OpenFOAM: The Open Source CFD Toolbox           |
|  \\    /   O peration     | Version:  2412                                  |
|   \\  /    A nd           | Website:  www.openfoam.com                      |
|    \\/     M anipulation  |                                                 |
\*---------------------------------------------------------------------------*/
FoamFile
{
    version     2.0;
    format      ascii;
    arch        "LSB;label=32;scalar=64";
    class       volScalarField;
    location    "200/thermoMechanicalRegion";
    object      fuelDisp;
}
// * * * * * * * * * * * * * * * * * * * * * * * * * * * * * * * * * * * * * //

dimensions      [0 1 0 0 0 0 0];

internalField   nonuniform List<scalar> 
23340
(
-1.21853e-07
-1.21853e-07
-1.21853e-07
-1.21853e-07
-1.21853e-07
-1.21853e-07
-1.21853e-07
-1.21853e-07
-1.21853e-07
-1.21853e-07
-1.21853e-07
-1.21853e-07
-1.21853e-07
-1.21853e-07
-1.21853e-07
-1.21853e-07
-1.21853e-07
-1.21853e-07
0.01131035
0.01131035
0.01131035
0.01155285
0.01155285
0.01155285
0.01162365
0.01162365
0.01162365
0.01162364
0.01162364
0.01162364
0.01159755
0.01159755
0.01159755
0.01155284
0.01155284
0.01155284
0.01131035
0.01131035
0.01131035
0.01155285
0.01155285
0.01155285
0.01155285
0.01155285
0.01155285
0.01162365
0.01162365
0.01162365
0.01159755
0.01159755
0.01159755
0.01162365
0.01162365
0.01162365
0.01162364
0.01162364
0.01162364
0.01155285
0.01155285
0.01155285
0.01131036
0.01131036
0.01131036
0.01159755
0.01159755
0.01159755
0.01155285
0.01155285
0.01155285
0.01162364
0.01162364
0.01162364
0.01155285
0.01155285
0.01155285
0.01155285
0.01155285
0.01155285
0.01162364
0.01162364
0.01162364
0.01131036
0.01131036
0.01131036
0.01159755
0.01159755
0.01159755
0.01162364
0.01162364
0.01162364
0.01162364
0.01162364
0.01162364
0.01159755
0.01159755
0.01159755
0.01155284
0.01155284
0.01155284
0.01155285
0.01155285
0.01155285
0.01162364
0.01162364
0.01162364
0.01131035
0.01131035
0.01131035
0.01162364
0.01162364
0.01162364
0.01131035
0.01131035
0.01131035
0.01155284
0.01155284
0.01155284
0.01159755
0.01159755
0.01159755
0.01155284
0.01155284
0.01155284
0.01162364
0.01162364
0.01162364
0.01067354
0.01067354
0.01067354
0.01067354
0.01067354
0.01067354
0.01020407
0.01020407
0.01020407
0.01118145
0.01118145
0.01118145
0.01118145
0.01118145
0.01118145
0.01137516
0.01137516
0.01137516
0.01118145
0.01118145
0.01118145
0.01020407
0.01020407
0.01020407
0.01118145
0.01118145
0.01118145
0.01067355
0.01067355
0.01067355
0.01137516
0.01137516
0.01137516
0.01067354
0.01067354
0.01067354
0.01137516
0.01137516
0.01137516
0.01118144
0.01118144
0.01118144
0.01118144
0.01118144
0.01118144
0.01020406
0.01020406
0.01020406
0.01067354
0.01067354
0.01067354
0.01067354
0.01067354
0.01067354
0.01067354
0.01067354
0.01067354
0.01067354
0.01067354
0.01067354
0.01118145
0.01118145
0.01118145
0.01118145
0.01118145
0.01118145
0.01137516
0.01137516
0.01137516
0.01020406
0.01020406
0.01020406
0.01118144
0.01118144
0.01118144
0.01137516
0.01137516
0.01137516
0.01118144
0.01118144
0.01118144
0.01067354
0.01067354
0.01067354
0.01067354
0.01067354
0.01067354
0.01020406
0.01020406
0.01020406
0.01137516
0.01137516
0.01137516
0.01118144
0.01118144
0.01118144
0.01020407
0.01020407
0.01020407
0.01118144
0.01118144
0.01118144
0.01067354
0.01067354
0.01067354
0.01067354
0.01067354
0.01067354
0.01134648
0.01134648
0.01134648
0.01112803
0.01112803
0.01112803
0.0115679
0.0115679
0.0115679
0.01134648
0.01134648
0.01134648
0.01112803
0.01112803
0.01112803
0.0115679
0.0115679
0.0115679
0.01134649
0.01134649
0.01134649
0.01156791
0.01156791
0.01156791
0.01112803
0.01112803
0.01112803
0.01156791
0.01156791
0.01156791
0.01134649
0.01134649
0.01134649
0.01112803
0.01112803
0.01112803
0.0115679
0.0115679
0.0115679
0.0115679
0.0115679
0.0115679
0.01134649
0.01134649
0.01134649
0.01134648
0.01134648
0.01134648
0.01112803
0.01112803
0.01112803
0.01112803
0.01112803
0.01112803
0.01134648
0.01134648
0.01134648
0.01112803
0.01112803
0.01112803
0.0115679
0.0115679
0.0115679
0.01112803
0.01112803
0.01112803
0.0115679
0.0115679
0.0115679
0.01134648
0.01134648
0.01134648
0.01112803
0.01112803
0.01112803
0.01112803
0.01112803
0.01112803
0.01134648
0.01134648
0.01134648
0.01134648
0.01134648
0.01134648
0.0115679
0.0115679
0.0115679
0.0115679
0.0115679
0.0115679
0.0115679
0.0115679
0.0115679
0.0115679
0.0115679
0.0115679
0.01134648
0.01134648
0.01134648
0.01112802
0.01112802
0.01112802
0.01134648
0.01134648
0.01134648
0.01112802
0.01112802
0.01112802
0
0
0
0
0
0
0
0
0
0
0
0
0
0
0
0
0
0
2.107939e-34
2.107913e-34
2.107913e-34
0
0
0
0
0
0
2.193213e-18
2.48573e-18
2.778257e-18
2.307392e-18
2.615199e-18
2.923015e-18
1.455975e-34
2.340045e-34
3.328181e-34
0
0
0
0
0
0
0
0
0
0
0
0
0
0
0
0
0
0
0
0
0
0
0
0
0
0
0
0
0
0
0
0
0
0
0
0
0
0
0
0
0
0
2.307391e-18
2.615197e-18
2.923013e-18
2.193213e-18
2.48573e-18
2.778257e-18
0
0
0
2.997236e-34
3.881285e-34
4.86942e-34
0
0
0
0
0
0
0
0
0
0
0
0
0
0
0
0
0
0
0.01047807
0.01047807
0.01047807
0.009857456
0.009857456
0.009857456
0.01075013
0.01075013
0.01075013
0.01050133
0.01050133
0.01050133
0.009843177
0.009843177
0.009843177
0.01009945
0.01009945
0.01009945
0.009857457
0.009857457
0.009857457
0.009843181
0.009843181
0.009843181
0.01050134
0.01050134
0.01050134
0.01009945
0.01009945
0.01009945
0.01047808
0.01047808
0.01047808
0.01075014
0.01075014
0.01075014
0.009857448
0.009857448
0.009857448
0.01047807
0.01047807
0.01047807
0.01075013
0.01075013
0.01075013
0.009843174
0.009843174
0.009843174
0.01009945
0.01009945
0.01009945
0.01050133
0.01050133
0.01050133
0.01047807
0.01047807
0.01047807
0.009857452
0.009857452
0.009857452
0.01075013
0.01075013
0.01075013
0.01050133
0.01050133
0.01050133
0.01009945
0.01009945
0.01009945
0.009843175
0.009843175
0.009843175
0.01009945
0.01009945
0.01009945
0.01075013
0.01075013
0.01075013
0.01050133
0.01050133
0.01050133
0.009843176
0.009843176
0.009843176
0.01047807
0.01047807
0.01047807
0.009857455
0.009857455
0.009857455
0.01009945
0.01009945
0.01009945
0.01075013
0.01075013
0.01075013
0.01047807
0.01047807
0.01047807
0.01050133
0.01050133
0.01050133
0.009843174
0.009843174
0.009843174
0.009857455
0.009857455
0.009857455
0.01009945
0.01009945
0.01009945
0.01075013
0.01075013
0.01075013
0.01047807
0.01047807
0.01047807
0.01050133
0.01050133
0.01050133
0.009857453
0.009857453
0.009857453
0.009843176
0.009843176
0.009843176
0.009857458
0.009857458
0.009857458
0.00984318
0.00984318
0.00984318
0.01047808
0.01047808
0.01047808
0.01075014
0.01075014
0.01075014
0.01009945
0.01009945
0.01009945
0.01050134
0.01050134
0.01050134
0.01009945
0.01009945
0.01009945
0.01050133
0.01050133
0.01050133
0.01075013
0.01075013
0.01075013
0.009843178
0.009843178
0.009843178
0.00985746
0.00985746
0.00985746
0.01047807
0.01047807
0.01047807
0.009857453
0.009857453
0.009857453
0.009843174
0.009843174
0.009843174
0.01009945
0.01009945
0.01009945
0.01047807
0.01047807
0.01047807
0.01075013
0.01075013
0.01075013
0.01050133
0.01050133
0.01050133
0.01009945
0.01009945
0.01009945
0.01075013
0.01075013
0.01075013
0.01047807
0.01047807
0.01047807
0.009857451
0.009857451
0.009857451
0.01050133
0.01050133
0.01050133
0.009843175
0.009843175
0.009843175
0.01075013
0.01075013
0.01075013
0.01047807
0.01047807
0.01047807
0.009843172
0.009843172
0.009843172
0.01009945
0.01009945
0.01009945
0.009857447
0.009857447
0.009857447
0.01050133
0.01050133
0.01050133
0.007202842
0.007202842
0.007202842
0.007619733
0.007619733
0.007619733
0.008653495
0.008653495
0.008653495
0.008345499
0.008345499
0.008345499
0.008345498
0.008345498
0.008345498
0.007619732
0.007619732
0.007619732
0.007619732
0.007619732
0.007619732
0.0083455
0.0083455
0.0083455
0.007202842
0.007202842
0.007202842
0.008653498
0.008653498
0.008653498
0.007619732
0.007619732
0.007619732
0.008345499
0.008345499
0.008345499
0.007619727
0.007619727
0.007619727
0.008653494
0.008653494
0.008653494
0.008345494
0.008345494
0.008345494
0.007202837
0.007202837
0.007202837
0.007619727
0.007619727
0.007619727
0.008345494
0.008345494
0.008345494
0.008653497
0.008653497
0.008653497
0.008345496
0.008345496
0.008345496
0.008345496
0.008345496
0.008345496
0.007619729
0.007619729
0.007619729
0.007202839
0.007202839
0.007202839
0.007619729
0.007619729
0.007619729
0.008653494
0.008653494
0.008653494
0.007619728
0.007619728
0.007619728
0.008345495
0.008345495
0.008345495
0.008345494
0.008345494
0.008345494
0.007619727
0.007619727
0.007619727
0.007202838
0.007202838
0.007202838
0.00720284
0.00720284
0.00720284
0.00761973
0.00761973
0.00761973
0.008345496
0.008345496
0.008345496
0.00761973
0.00761973
0.00761973
0.008345496
0.008345496
0.008345496
0.008653494
0.008653494
0.008653494
0.009208991
0.009208991
0.009208991
0.008679313
0.008679313
0.008679313
0.009105786
0.009105786
0.009105786
0.008645392
0.008645392
0.008645392
0.009431632
0.009431632
0.009431632
0.008361548
0.008361548
0.008361548
0.009208995
0.009208995
0.009208995
0.008361551
0.008361551
0.008361551
0.008679317
0.008679317
0.008679317
0.009431635
0.009431635
0.009431635
0.009105788
0.009105788
0.009105788
0.008645394
0.008645394
0.008645394
0.009208988
0.009208988
0.009208988
0.008361545
0.008361545
0.008361545
0.009431629
0.009431629
0.009431629
0.009105784
0.009105784
0.009105784
0.008679311
0.008679311
0.008679311
0.008645388
0.008645388
0.008645388
0.009208988
0.009208988
0.009208988
0.008645389
0.008645389
0.008645389
0.008361546
0.008361546
0.008361546
0.009431631
0.009431631
0.009431631
0.008679311
0.008679311
0.008679311
0.009105787
0.009105787
0.009105787
0.009105789
0.009105789
0.009105789
0.009431631
0.009431631
0.009431631
0.008645389
0.008645389
0.008645389
0.009208989
0.009208989
0.009208989
0.008361545
0.008361545
0.008361545
0.008679311
0.008679311
0.008679311
0.008361546
0.008361546
0.008361546
0.008679311
0.008679311
0.008679311
0.00864539
0.00864539
0.00864539
0.009208988
0.009208988
0.009208988
0.009105787
0.009105787
0.009105787
0.00943163
0.00943163
0.00943163
0.009023784
0.009023784
0.009023784
0.00981834
0.00981834
0.00981834
0.009396047
0.009396047
0.009396047
0.009396047
0.009396047
0.009396047
0.009023784
0.009023784
0.009023784
0.00981834
0.00981834
0.00981834
0.009023788
0.009023788
0.009023788
0.009023787
0.009023787
0.009023787
0.009396051
0.009396051
0.009396051
0.009818344
0.009818344
0.009818344
0.009396051
0.009396051
0.009396051
0.009818344
0.009818344
0.009818344
0.009023782
0.009023782
0.009023782
0.009396045
0.009396045
0.009396045
0.009818339
0.009818339
0.009818339
0.009396046
0.009396046
0.009396046
0.009023782
0.009023782
0.009023782
0.009818339
0.009818339
0.009818339
0.009818337
0.009818337
0.009818337
0.009396044
0.009396044
0.009396044
0.009818337
0.009818337
0.009818337
0.009023781
0.009023781
0.009023781
0.009023781
0.009023781
0.009023781
0.009396044
0.009396044
0.009396044
0.009023782
0.009023782
0.009023782
0.009396045
0.009396045
0.009396045
0.009818339
0.009818339
0.009818339
0.009023783
0.009023783
0.009023783
0.009818339
0.009818339
0.009818339
0.009396045
0.009396045
0.009396045
0.009818337
0.009818337
0.009818337
0.009818336
0.009818336
0.009818336
0.009023781
0.009023781
0.009023781
0.009396044
0.009396044
0.009396044
0.009396044
0.009396044
0.009396044
0.009023781
0.009023781
0.009023781
0.008361548
0.008361548
0.008361548
0.008679313
0.008679313
0.008679313
0.009105785
0.009105785
0.009105785
0.00864539
0.00864539
0.00864539
0.009208991
0.009208991
0.009208991
0.009431631
0.009431631
0.009431631
0.008679316
0.008679316
0.008679316
0.009431635
0.009431635
0.009431635
0.009105789
0.009105789
0.009105789
0.009208994
0.009208994
0.009208994
0.008361551
0.008361551
0.008361551
0.008645393
0.008645393
0.008645393
0.009105791
0.009105791
0.009105791
0.009431633
0.009431633
0.009431633
0.008645392
0.008645392
0.008645392
0.00920899
0.00920899
0.00920899
0.008679312
0.008679312
0.008679312
0.008361548
0.008361548
0.008361548
0.009208987
0.009208987
0.009208987
0.008361544
0.008361544
0.008361544
0.008679309
0.008679309
0.008679309
0.008645388
0.008645388
0.008645388
0.009431629
0.009431629
0.009431629
0.009105787
0.009105787
0.009105787
0.009105787
0.009105787
0.009105787
0.009431631
0.009431631
0.009431631
0.008645389
0.008645389
0.008645389
0.008361546
0.008361546
0.008361546
0.009208989
0.009208989
0.009208989
0.008679311
0.008679311
0.008679311
0.009105783
0.009105783
0.009105783
0.009431628
0.009431628
0.009431628
0.008645388
0.008645388
0.008645388
0.009208987
0.009208987
0.009208987
0.008361545
0.008361545
0.008361545
0.00867931
0.00867931
0.00867931
0.005074575
0.005074575
0.005074575
0.004747307
0.004747307
0.004747307
0.006449146
0.006449146
0.006449146
0.006449146
0.006449146
0.006449146
0.005074575
0.005074575
0.005074575
0.007101976
0.007101976
0.007101976
0.004747304
0.004747304
0.004747304
0.005074578
0.005074578
0.005074578
0.006449151
0.006449151
0.006449151
0.005074575
0.005074575
0.005074575
0.007101977
0.007101977
0.007101977
0.006449149
0.006449149
0.006449149
0.005074573
0.005074573
0.005074573
0.006449145
0.006449145
0.006449145
0.005074572
0.005074572
0.005074572
0.0047473
0.0047473
0.0047473
0.007101972
0.007101972
0.007101972
0.006449144
0.006449144
0.006449144
0.007101972
0.007101972
0.007101972
0.006449142
0.006449142
0.006449142
0.006449142
0.006449142
0.006449142
0.005074571
0.005074571
0.005074571
0.005074572
0.005074572
0.005074572
0.004747305
0.004747305
0.004747305
0.005074574
0.005074574
0.005074574
0.006449147
0.006449147
0.006449147
0.004747302
0.004747302
0.004747302
0.005074573
0.005074573
0.005074573
0.007101973
0.007101973
0.007101973
0.006449146
0.006449146
0.006449146
0.006449148
0.006449148
0.006449148
0.007101976
0.007101976
0.007101976
0.005074574
0.005074574
0.005074574
0.006449149
0.006449149
0.006449149
0.005074576
0.005074576
0.005074576
0.004747303
0.004747303
0.004747303
0.006920041
0.006920041
0.006920041
0.005873285
0.005873285
0.005873285
0.00672913
0.00672913
0.00672913
0.008178677
0.008178677
0.008178677
0.008681688
0.008681688
0.008681688
0.008077469
0.008077469
0.008077469
0.005873292
0.005873292
0.005873292
0.006920044
0.006920044
0.006920044
0.006729134
0.006729134
0.006729134
0.008178678
0.008178678
0.008178678
0.00868169
0.00868169
0.00868169
0.008077471
0.008077471
0.008077471
0.008178672
0.008178672
0.008178672
0.006729128
0.006729128
0.006729128
0.006920038
0.006920038
0.006920038
0.005873286
0.005873286
0.005873286
0.008077464
0.008077464
0.008077464
0.008681684
0.008681684
0.008681684
0.008681684
0.008681684
0.008681684
0.008178673
0.008178673
0.008178673
0.008077464
0.008077464
0.008077464
0.006920036
0.006920036
0.006920036
0.00587328
0.00587328
0.00587328
0.006729125
0.006729125
0.006729125
0.008681684
0.008681684
0.008681684
0.006729129
0.006729129
0.006729129
0.008178673
0.008178673
0.008178673
0.005873287
0.005873287
0.005873287
0.006920039
0.006920039
0.006920039
0.008077465
0.008077465
0.008077465
0.008681685
0.008681685
0.008681685
0.008077466
0.008077466
0.008077466
0.008178674
0.008178674
0.008178674
0.00672913
0.00672913
0.00672913
0.006920041
0.006920041
0.006920041
0.005873289
0.005873289
0.005873289
0.008529846
0.008529846
0.008529846
0.007745971
0.007745971
0.007745971
0.009457668
0.009457668
0.009457668
0.007971833
0.007971833
0.007971833
0.009670384
0.009670384
0.009670384
0.008981667
0.008981667
0.008981667
0.008529849
0.008529849
0.008529849
0.009457671
0.009457671
0.009457671
0.009670388
0.009670388
0.009670388
0.00898167
0.00898167
0.00898167
0.007971836
0.007971836
0.007971836
0.007745974
0.007745974
0.007745974
0.008981664
0.008981664
0.008981664
0.00797183
0.00797183
0.00797183
0.009670382
0.009670382
0.009670382
0.007745968
0.007745968
0.007745968
0.009457664
0.009457664
0.009457664
0.008529842
0.008529842
0.008529842
0.007745967
0.007745967
0.007745967
0.007971828
0.007971828
0.007971828
0.008529842
0.008529842
0.008529842
0.009457664
0.009457664
0.009457664
0.009670381
0.009670381
0.009670381
0.008981662
0.008981662
0.008981662
0.007745968
0.007745968
0.007745968
0.008981664
0.008981664
0.008981664
0.00797183
0.00797183
0.00797183
0.008529843
0.008529843
0.008529843
0.009457665
0.009457665
0.009457665
0.009670382
0.009670382
0.009670382
0.009457664
0.009457664
0.009457664
0.009670381
0.009670381
0.009670381
0.008981664
0.008981664
0.008981664
0.008529843
0.008529843
0.008529843
0.00797183
0.00797183
0.00797183
0.007745969
0.007745969
0.007745969
0.007971833
0.007971833
0.007971833
0.009457667
0.009457667
0.009457667
0.008981667
0.008981667
0.008981667
0.008529846
0.008529846
0.008529846
0.007745971
0.007745971
0.007745971
0.009670384
0.009670384
0.009670384
0.007971836
0.007971836
0.007971836
0.008529849
0.008529849
0.008529849
0.007745974
0.007745974
0.007745974
0.00898167
0.00898167
0.00898167
0.009457671
0.009457671
0.009457671
0.009670388
0.009670388
0.009670388
0.007745969
0.007745969
0.007745969
0.009457666
0.009457666
0.009457666
0.008529844
0.008529844
0.008529844
0.009670382
0.009670382
0.009670382
0.008981664
0.008981664
0.008981664
0.00797183
0.00797183
0.00797183
0.008981661
0.008981661
0.008981661
0.007971827
0.007971827
0.007971827
0.009670379
0.009670379
0.009670379
0.009457662
0.009457662
0.009457662
0.007745966
0.007745966
0.007745966
0.00852984
0.00852984
0.00852984
0.008529843
0.008529843
0.008529843
0.009457665
0.009457665
0.009457665
0.007745968
0.007745968
0.007745968
0.008981664
0.008981664
0.008981664
0.009670382
0.009670382
0.009670382
0.00797183
0.00797183
0.00797183
0.008981664
0.008981664
0.008981664
0.009670381
0.009670381
0.009670381
0.00797183
0.00797183
0.00797183
0.007745968
0.007745968
0.007745968
0.008529842
0.008529842
0.008529842
0.009457663
0.009457663
0.009457663
0.00587329
0.00587329
0.00587329
0.008681687
0.008681687
0.008681687
0.008077468
0.008077468
0.008077468
0.006729132
0.006729132
0.006729132
0.008178675
0.008178675
0.008178675
0.006920042
0.006920042
0.006920042
0.006920041
0.006920041
0.006920041
0.005873286
0.005873286
0.005873286
0.00868169
0.00868169
0.00868169
0.006729131
0.006729131
0.006729131
0.008178679
0.008178679
0.008178679
0.008077471
0.008077471
0.008077471
0.006920042
0.006920042
0.006920042
0.00587329
0.00587329
0.00587329
0.008178676
0.008178676
0.008178676
0.008681686
0.008681686
0.008681686
0.006729131
0.006729131
0.006729131
0.008077467
0.008077467
0.008077467
0.005873285
0.005873285
0.005873285
0.008178671
0.008178671
0.008178671
0.008077463
0.008077463
0.008077463
0.006729127
0.006729127
0.006729127
0.006920037
0.006920037
0.006920037
0.008681682
0.008681682
0.008681682
0.008178674
0.008178674
0.008178674
0.006920037
0.006920037
0.006920037
0.006729126
0.006729126
0.006729126
0.008681685
0.008681685
0.008681685
0.00587328
0.00587328
0.00587328
0.008077465
0.008077465
0.008077465
0.006729129
0.006729129
0.006729129
0.008077465
0.008077465
0.008077465
0.008681683
0.008681683
0.008681683
0.005873287
0.005873287
0.005873287
0.006920039
0.006920039
0.006920039
0.008178672
0.008178672
0.008178672
0.002440426
0.002440426
0.002440426
0.002016615
0.002016615
0.002016615
0.003417519
0.003417519
0.003417519
0.003417519
0.003417519
0.003417519
0.002440426
0.002440426
0.002440426
0.003909554
0.003909554
0.003909554
0.003417515
0.003417515
0.003417515
0.002440423
0.002440423
0.002440423
0.002440422
0.002440422
0.002440422
0.003417514
0.003417514
0.003417514
0.002016612
0.002016612
0.002016612
0.003909549
0.003909549
0.003909549
0.002440421
0.002440421
0.002440421
0.00244042
0.00244042
0.00244042
0.003417512
0.003417512
0.003417512
0.00201661
0.00201661
0.00201661
0.003417512
0.003417512
0.003417512
0.003909545
0.003909545
0.003909545
0.003909553
0.003909553
0.003909553
0.002016613
0.002016613
0.002016613
0.002440425
0.002440425
0.002440425
0.003417518
0.003417518
0.003417518
0.003417518
0.003417518
0.003417518
0.002440424
0.002440424
0.002440424
0.002440422
0.002440422
0.002440422
0.002016611
0.002016611
0.002016611
0.002440421
0.002440421
0.002440421
0.003417513
0.003417513
0.003417513
0.003417513
0.003417513
0.003417513
0.003909547
0.003909547
0.003909547
0.002440422
0.002440422
0.002440422
0.002016612
0.002016612
0.002016612
0.002440422
0.002440422
0.002440422
0.003417513
0.003417513
0.003417513
0.003909548
0.003909548
0.003909548
0.003417514
0.003417514
0.003417514
0
0
0
8.645077e-19
9.800355e-19
1.095566e-18
0
0
0
0
0
0
1.37587e-34
1.70717e-34
2.077532e-34
1.145242e-18
1.298524e-18
1.451811e-18
1.485457e-18
1.684001e-18
1.88255e-18
1.859506e-34
1.859491e-34
1.859491e-34
2.142785e-50
2.771376e-50
3.399986e-50
0
0
0
0
0
0
0
0
0
0
0
0
0
0
0
1.485458e-18
1.684002e-18
1.882551e-18
0
0
0
0
0
0
1.283672e-18
1.455216e-18
1.626764e-18
8.645094e-19
9.800372e-19
1.095568e-18
0
0
0
2.922504e-35
6.235565e-35
9.939184e-35
0
0
0
0
0
0
1.145244e-18
1.298525e-18
1.451813e-18
1.485457e-18
1.684e-18
1.88255e-18
4.35045e-35
4.350432e-35
4.350432e-35
0
0
0
2.941368e-51
4.412031e-51
5.882715e-51
0
0
0
0
0
0
0
0
0
0
0
0
0
0
0
0
0
0
1.283671e-18
1.455215e-18
1.626763e-18
1.485457e-18
1.684001e-18
1.882551e-18
0.00367874
0.00367874
0.00367874
0.004534478
0.004534478
0.004534478
0.003941142
0.003941142
0.003941142
0.006452057
0.006452057
0.006452057
0.005391143
0.005391143
0.005391143
0.005981736
0.005981736
0.005981736
0.003941149
0.003941149
0.003941149
0.005391152
0.005391152
0.005391152
0.003678741
0.003678741
0.003678741
0.004534483
0.004534483
0.004534483
0.005981744
0.005981744
0.005981744
0.006452063
0.006452063
0.006452063
0.003678736
0.003678736
0.003678736
0.003941144
0.003941144
0.003941144
0.004534478
0.004534478
0.004534478
0.005391147
0.005391147
0.005391147
0.006452057
0.006452057
0.006452057
0.005981739
0.005981739
0.005981739
0.004534474
0.004534474
0.004534474
0.003678737
0.003678737
0.003678737
0.003941139
0.003941139
0.003941139
0.005981732
0.005981732
0.005981732
0.006452052
0.006452052
0.006452052
0.005391138
0.005391138
0.005391138
0.003678738
0.003678738
0.003678738
0.005391147
0.005391147
0.005391147
0.00453448
0.00453448
0.00453448
0.00598174
0.00598174
0.00598174
0.003941144
0.003941144
0.003941144
0.006452057
0.006452057
0.006452057
0.005981741
0.005981741
0.005981741
0.006452058
0.006452058
0.006452058
0.00453448
0.00453448
0.00453448
0.005391147
0.005391147
0.005391147
0.003678738
0.003678738
0.003678738
0.003941145
0.003941145
0.003941145
0.005569135
0.005569135
0.005569135
0.004201619
0.004201619
0.004201619
0.004201623
0.004201623
0.004201623
0.006898307
0.006898307
0.006898307
0.006898307
0.006898307
0.006898307
0.005569131
0.005569131
0.005569131
0.004201621
0.004201621
0.004201621
0.006898309
0.006898309
0.006898309
0.005569137
0.005569137
0.005569137
0.005569133
0.005569133
0.005569133
0.004201624
0.004201624
0.004201624
0.006898309
0.006898309
0.006898309
0.006898304
0.006898304
0.006898304
0.005569132
0.005569132
0.005569132
0.005569132
0.005569132
0.005569132
0.006898304
0.006898304
0.006898304
0.004201624
0.004201624
0.004201624
0.004201624
0.004201624
0.004201624
0.004201615
0.004201615
0.004201615
0.005569126
0.005569126
0.005569126
0.004201618
0.004201618
0.004201618
0.00556913
0.00556913
0.00556913
0.006898301
0.006898301
0.006898301
0.006898302
0.006898302
0.006898302
0.004201616
0.004201616
0.004201616
0.006898303
0.006898303
0.006898303
0.005569132
0.005569132
0.005569132
0.006898304
0.006898304
0.006898304
0.005569128
0.005569128
0.005569128
0.00420162
0.00420162
0.00420162
0.004201624
0.004201624
0.004201624
0.004201625
0.004201625
0.004201625
0.005569132
0.005569132
0.005569132
0.005569133
0.005569133
0.005569133
0.006898304
0.006898304
0.006898304
0.006898304
0.006898304
0.006898304
0.004534482
0.004534482
0.004534482
0.005981743
0.005981743
0.005981743
0.00367874
0.00367874
0.00367874
0.00645206
0.00645206
0.00645206
0.003941147
0.003941147
0.003941147
0.00539115
0.00539115
0.00539115
0.006452058
0.006452058
0.006452058
0.005981738
0.005981738
0.005981738
0.003941143
0.003941143
0.003941143
0.005391144
0.005391144
0.005391144
0.003678741
0.003678741
0.003678741
0.004534479
0.004534479
0.004534479
0.003678738
0.003678738
0.003678738
0.003941145
0.003941145
0.003941145
0.005391148
0.005391148
0.005391148
0.004534481
0.004534481
0.004534481
0.006452058
0.006452058
0.006452058
0.005981741
0.005981741
0.005981741
0.006452055
0.006452055
0.006452055
0.005391145
0.005391145
0.005391145
0.003941143
0.003941143
0.003941143
0.004534479
0.004534479
0.004534479
0.005981738
0.005981738
0.005981738
0.003678736
0.003678736
0.003678736
0.006452054
0.006452054
0.006452054
0.005981733
0.005981733
0.005981733
0.00539114
0.00539114
0.00539114
0.004534475
0.004534475
0.004534475
0.00394114
0.00394114
0.00394114
0.003678738
0.003678738
0.003678738
0.003678737
0.003678737
0.003678737
0.003941145
0.003941145
0.003941145
0.004534479
0.004534479
0.004534479
0.006452057
0.006452057
0.006452057
0.005391147
0.005391147
0.005391147
0.00598174
0.00598174
0.00598174
0
0
0
1.25066e-50
1.250646e-50
1.250646e-50
0
0
0
1.37587e-34
1.707163e-34
2.077518e-34
0
0
0
8.645067e-19
9.800344e-19
1.095565e-18
0
0
0
0
0
0
1.145243e-18
1.29853e-18
1.451822e-18
0
0
0
0
0
0
0
0
0
0
0
0
0
0
0
0
0
0
0
0
0
0
0
0
0
0
0
0
0
0
0
0
0
8.645075e-19
9.80035e-19
1.095566e-18
0
0
0
0
0
0
0
0
0
1.145244e-18
1.298532e-18
1.451823e-18
0
0
0
0
0
0
0
0
0
0
0
0
0
0
0
0
0
0
0
0
0
0
0
0
0
0
0
0
0
0
0
0
0
0
0
0
0
0
0
0
0
0
0
0
0
0
0
0
0
0
0
0
0
0
0
0
0
8.115827e-35
1.006996e-34
1.225459e-34
0
0
0
5.099011e-19
5.78072e-19
6.462445e-19
1.012363e-50
1.352773e-50
1.767043e-50
0
0
0
0
0
0
0
0
0
0
0
0
0
0
0
0
0
0
0
0
0
0
0
0
0
0
0
0
0
0
0
0
0
0
0
0
0
0
0
0
0
0
0
0
0
8.115836e-35
1.006997e-34
1.22546e-34
5.099013e-19
5.780721e-19
6.462446e-19
1.012364e-50
1.352775e-50
1.767046e-50
0
0
0
0
0
0
0
0
0
0
0
0
0
0
0
0
0
0
0
0
0
0
0
0
0
0
0
0
0
0
0
0
0
0
0
0
0
0
0
0
0
0
0
0
0
0
0
0
0
0
0
0
0
0
0
0
0
0
0
0
0
0
0
0
0
0
0
0
0
0
0
0
0
0
0
0
0
0
0
0
0
0
0
0
0
0
0
0
0
0
0
0
0
1.506036e-66
1.825106e-66
2.144189e-66
0
0
0
0
0
0
0
0
0
0
0
0
0
0
0
0
0
0
0
0
0
0
0
0
0
0
0
0
0
0
0
0
0
0
0
0
0
0
0
0
0
0
0
0
0
0
0
0
0
0
0
0
0
0
0
0
0
0
0
0
9.280085e-19
1.052367e-18
1.176728e-18
2.716766e-35
2.716755e-35
2.716755e-35
0
0
0
0
0
0
0
0
0
0
0
0
0
0
0
0
0
0
0
0
0
0
0
0
0
0
0
0
0
0
0
0
0
0
0
0
0
0
0
0
0
0
0
0
0
9.438915e-51
9.43879e-51
9.43879e-51
9.28009e-19
1.052367e-18
1.176729e-18
8.882278e-35
8.88219e-35
8.88219e-35
0
0
0
0
0
0
0
0
0
0
0
0
0
0
0
0
0
0
0
0
0
0
0
0
0
0
0
0
0
0
0
0
0
0
0
0
0
0
0
0
0
0
0
0
0
0
0
0
0
0
0
0
0
0
0
0
0
0
0
0
0
0
0
0
0
0
0
0
0
0
0
0
0
0
0
0
0
0
0
0
0
0
0
0
0
0
0
0
0
0
0
0
0
0
0
0
0
0
0
0
0
0
0
0
0
0
0
0
0
0
0
0
0
0
0
0
0
0
0
0
0
0
0
0
0
0
0
0
0
0
0
0
0
0
0
0
0
0
0
0
0
0
0
0
0
0
0
0
0
0
0
0
0
0
0
0
0
0
0
0
0
0
0
0
0
0
0
0
0
0
0
0
0
0
0
0
0
0
0
0
0
0
0
0
0
0
0
0
0
0
0
0
0
0
0
0
0
0
0
0
0
0
0
0
0
0
0
0
0
0
0
0
0
0
0
0
0
0
0
0
0
0
0
0
0
0
0
0
0
0
0
0
0
0
0
0
0
0
0
0
0
0
0
0
0
0
0
0
0
0
0
0
0
0
0
0
0
0
0
0
0
0
0
0
0
0
0
0
0
0
0
0
0
0
0
0
0
0
0
0
0
0
0
0
0
0
0
0
0
0
0
0
0
0
0
0
0
0
0
0
0
0
0
0
0
0
0
0
0
0
0
0
0
0
0
0
0
0
0
0
0
0
0
0
0
0
0
0
0
0
0
0
0
0
0
0
0
0
0
0
0
0
0
0
0
0
0
0
0
0
0
0
0
0
0
0
0
0
0
0
0
0
0
0
0
0
0
0
0
6.172397e-19
6.997373e-19
7.822371e-19
9.824553e-35
1.219001e-34
1.48344e-34
0
0
0
0
0
0
0
0
0
0
0
0
0
0
0
0
0
0
0
0
0
0
0
0
0
0
0
0
0
0
0
0
0
0
0
0
0
0
0
0
0
0
6.17241e-19
6.997386e-19
7.822383e-19
0
0
0
0
0
0
0
0
0
0
0
0
0
0
0
0
0
0
0
0
0
0
0
0
0
0
0
0
0
0
-1.21853e-07
-1.21853e-07
-1.21853e-07
-1.21853e-07
-1.21853e-07
-1.21853e-07
0.01162365
0.01162364
0.01131035
0.01155285
0.01155284
0.01159755
0.01131035
0.01155285
0.01162365
0.01159755
0.01155285
0.01162365
0.01155285
0.01162364
0.01131036
0.01159755
0.01162364
0.01155285
0.01162364
0.01131036
0.01155285
0.01162364
0.01159755
0.01155285
0.01155284
0.01162364
0.01155285
0.01162364
0.01131035
0.01159755
0.01131035
0.01155284
0.01162364
0.01159755
0.01155284
0.01162364
0.01067354
0.01020407
0.01067354
0.01137516
0.01118145
0.01118145
0.01118145
0.01118145
0.01020407
0.01067355
0.01137516
0.01067354
0.01020406
0.01118144
0.01118144
0.01067354
0.01067354
0.01137516
0.01067354
0.01020406
0.01067354
0.01118145
0.01118145
0.01137516
0.01118144
0.01067354
0.01020406
0.01118144
0.01067354
0.01137516
0.01020407
0.01067354
0.01137516
0.01118144
0.01067354
0.01118144
0.01134648
0.0115679
0.0115679
0.01134648
0.01112803
0.01112803
0.01134649
0.01112803
0.01156791
0.01112803
0.01156791
0.01134649
0.01112803
0.01112803
0.01134649
0.01134648
0.0115679
0.0115679
0.01134648
0.01112803
0.01112803
0.0115679
0.01134648
0.0115679
0.0115679
0.01112803
0.01134648
0.0115679
0.01112803
0.01134648
0.0115679
0.01134648
0.0115679
0.01112802
0.01134648
0.01112802
0
0
0
0
0
0
2.107939e-34
0
0
1.900677e-18
1.999567e-18
6.759564e-35
0
0
0
0
0
0
0
0
0
0
0
0
0
0
0
1.900677e-18
2.217218e-34
1.999565e-18
0
0
0
0
0
0
0.01047807
0.009857456
0.01075013
0.01050133
0.009843177
0.01009945
0.009857457
0.009843181
0.01050134
0.01009945
0.01047808
0.01075014
0.01050133
0.01075013
0.01009945
0.009857448
0.01047807
0.009843174
0.01075013
0.01050133
0.01047807
0.01009945
0.009857452
0.009843175
0.01009945
0.009843176
0.009857455
0.01050133
0.01075013
0.01047807
0.009857455
0.01009945
0.01047807
0.01075013
0.009843174
0.01050133
0.01050133
0.01009945
0.01075013
0.009843176
0.01047807
0.009857453
0.009857458
0.00984318
0.01047808
0.01075014
0.01009945
0.01050134
0.009843178
0.00985746
0.01009945
0.01047807
0.01075013
0.01050133
0.009857453
0.009843174
0.01009945
0.01047807
0.01075013
0.01050133
0.01075013
0.01009945
0.01047807
0.01050133
0.009857451
0.009843175
0.01009945
0.009843172
0.009857447
0.01050133
0.01047807
0.01075013
0.007202842
0.007619733
0.008653495
0.008345499
0.008345498
0.007619732
0.008345499
0.007619732
0.008653498
0.007619732
0.007202842
0.0083455
0.007619727
0.008345494
0.007202837
0.007619727
0.008345494
0.008653494
0.008653497
0.008345496
0.008345496
0.007619729
0.007202839
0.007619729
0.007619727
0.007202838
0.007619728
0.008345494
0.008653494
0.008345495
0.00720284
0.008345496
0.008653494
0.00761973
0.00761973
0.008345496
0.009105786
0.008645392
0.009431632
0.008361548
0.009208991
0.008679313
0.008361551
0.009208995
0.008679317
0.009431635
0.008645394
0.009105788
0.009208988
0.008361545
0.009431629
0.009105784
0.008679311
0.008645388
0.009208988
0.008645389
0.008361546
0.009431631
0.008679311
0.009105787
0.009105789
0.009431631
0.008645389
0.009208989
0.008361545
0.008679311
0.009105787
0.00943163
0.008361546
0.00864539
0.009208988
0.008679311
0.00981834
0.009396047
0.00981834
0.009023784
0.009023784
0.009396047
0.009023787
0.009023788
0.009396051
0.009396051
0.009818344
0.009818344
0.009396045
0.009023782
0.009818339
0.009818339
0.009023782
0.009396046
0.009818337
0.009396044
0.009818337
0.009023781
0.009023781
0.009396044
0.009023782
0.009396045
0.009818339
0.009023783
0.009818339
0.009396045
0.009818336
0.009023781
0.009396044
0.009023781
0.009818337
0.009396044
0.009208991
0.008361548
0.008679313
0.009431631
0.009105785
0.00864539
0.008679316
0.009208994
0.009431635
0.008361551
0.008645393
0.009105789
0.009105791
0.009431633
0.008645392
0.00920899
0.008361548
0.008679312
0.009208987
0.008361544
0.008679309
0.008645388
0.009431629
0.009105787
0.009105787
0.009431631
0.008361546
0.008645389
0.009208989
0.008679311
0.009105783
0.008645388
0.009431628
0.009208987
0.00867931
0.008361545
0.004747307
0.006449146
0.006449146
0.005074575
0.005074575
0.007101976
0.004747304
0.005074575
0.005074578
0.007101977
0.006449151
0.006449149
0.007101972
0.006449144
0.006449145
0.005074573
0.005074572
0.0047473
0.007101972
0.006449142
0.006449142
0.005074571
0.005074572
0.004747305
0.006449147
0.007101973
0.005074574
0.006449146
0.004747302
0.005074573
0.006449148
0.007101976
0.005074574
0.006449149
0.005074576
0.004747303
0.006920041
0.005873285
0.008178677
0.008681688
0.008077469
0.00672913
0.00868169
0.008077471
0.005873292
0.006729134
0.008178678
0.006920044
0.006920038
0.008178672
0.005873286
0.006729128
0.008681684
0.008077464
0.008681684
0.006920036
0.008077464
0.006729125
0.00587328
0.008178673
0.008681684
0.008178673
0.008077465
0.006729129
0.005873287
0.006920039
0.008681685
0.008077466
0.008178674
0.00672913
0.006920041
0.005873289
0.008981667
0.007745971
0.007971833
0.009670384
0.008529846
0.009457668
0.008529849
0.009457671
0.009670388
0.00898167
0.007971836
0.007745974
0.00797183
0.007745968
0.008529842
0.008981664
0.009457664
0.009670382
0.007745967
0.007971828
0.008529842
0.009457664
0.009670381
0.008981662
0.007745968
0.008981664
0.00797183
0.008529843
0.009457665
0.009670382
0.009457664
0.009670381
0.008981664
0.008529843
0.00797183
0.007745969
0.007971833
0.009457667
0.008981667
0.008529846
0.007745971
0.009670384
0.009457671
0.008529849
0.007745974
0.009670388
0.007971836
0.00898167
0.007745969
0.009457666
0.008529844
0.009670382
0.008981664
0.00797183
0.008981661
0.007971827
0.009670379
0.009457662
0.007745966
0.00852984
0.008529843
0.007745968
0.009457665
0.00797183
0.009670382
0.008981664
0.008981664
0.009670381
0.00797183
0.007745968
0.008529842
0.009457663
0.00587329
0.006729132
0.008681687
0.006920042
0.008178675
0.008077468
0.006920041
0.005873286
0.00868169
0.006729131
0.008178679
0.008077471
0.006920042
0.00587329
0.008178676
0.006729131
0.008681686
0.008077467
0.005873285
0.008178671
0.008077463
0.006729127
0.006920037
0.008681682
0.006920037
0.008178674
0.00587328
0.006729126
0.008681685
0.008077465
0.006729129
0.008077465
0.008681683
0.005873287
0.006920039
0.008178672
0.002440426
0.002016615
0.003417519
0.003417519
0.002440426
0.003909554
0.002440422
0.002016612
0.003417514
0.002440423
0.003417515
0.003909549
0.00201661
0.00244042
0.002440421
0.003417512
0.003417512
0.003909545
0.003909553
0.002016613
0.002440425
0.003417518
0.003417518
0.002440424
0.002016611
0.002440422
0.003417513
0.002440421
0.003417513
0.003909547
0.002440422
0.002016612
0.003417513
0.002440422
0.003909548
0.003417514
9.919508e-19
0
0
0
7.489769e-19
1.08362e-34
1.514176e-50
1.859506e-34
0
1.286907e-18
0
0
0
0
0
0
1.112124e-18
1.286908e-18
9.919525e-19
0
0
0
0
7.489787e-19
4.35045e-35
1.286907e-18
0
1.470684e-51
0
0
0
0
0
1.112123e-18
0
1.286908e-18
0.00367874
0.004534478
0.003941142
0.006452057
0.005981736
0.005391143
0.005391152
0.005981744
0.003941149
0.004534483
0.006452063
0.003678741
0.005981739
0.006452057
0.004534478
0.005391147
0.003678736
0.003941144
0.006452052
0.005981732
0.005391138
0.003941139
0.004534474
0.003678737
0.005391147
0.003678738
0.003941144
0.006452057
0.00453448
0.00598174
0.005981741
0.006452058
0.00453448
0.005391147
0.003678738
0.003941145
0.004201619
0.004201623
0.005569135
0.005569131
0.006898307
0.006898307
0.004201621
0.006898309
0.005569137
0.006898309
0.005569133
0.004201624
0.006898304
0.005569132
0.005569132
0.006898304
0.004201624
0.004201624
0.004201615
0.005569126
0.004201618
0.00556913
0.006898301
0.006898302
0.004201616
0.005569128
0.00420162
0.006898303
0.005569132
0.006898304
0.004201624
0.004201625
0.005569132
0.005569133
0.006898304
0.006898304
0.004534482
0.005981743
0.00367874
0.00645206
0.003941147
0.00539115
0.005981738
0.003941143
0.006452058
0.003678741
0.004534479
0.005391144
0.003678738
0.003941145
0.005391148
0.004534481
0.006452058
0.005981741
0.004534479
0.005981738
0.006452055
0.003678736
0.005391145
0.003941143
0.003678738
0.005981733
0.00394114
0.006452054
0.00539114
0.004534475
0.003678737
0.003941145
0.004534479
0.00598174
0.006452057
0.005391147
0
0
1.083619e-34
7.489761e-19
0
1.25066e-50
0
0
9.919512e-19
0
0
0
0
0
0
0
0
0
0
0
7.489769e-19
0
0
0
9.919526e-19
0
0
0
0
0
0
0
0
0
0
0
0
0
0
0
0
0
0
0
6.392083e-35
0
4.417286e-19
7.380058e-51
0
0
0
0
0
0
0
0
0
0
0
0
0
6.392091e-35
0
0
4.417288e-19
7.380071e-51
0
0
0
0
0
0
0
0
0
0
0
0
0
0
0
0
0
0
0
0
0
0
0
0
0
0
0
0
0
0
0
1.186949e-66
0
0
0
0
0
0
0
0
0
0
0
0
0
0
0
0
0
0
0
0
2.716766e-35
8.036469e-19
0
0
0
0
0
0
0
0
0
0
0
0
0
0
0
8.036476e-19
9.438915e-51
8.882278e-35
0
0
0
0
0
0
0
0
0
0
0
0
0
0
0
0
0
0
0
0
0
0
0
0
0
0
0
0
0
0
0
0
0
0
0
0
0
0
0
0
0
0
0
0
0
0
0
0
0
0
0
0
0
0
0
0
0
0
0
0
0
0
0
0
0
0
0
0
0
0
0
0
0
0
0
0
0
0
0
0
0
0
0
0
0
0
0
0
0
0
0
0
0
0
0
0
0
0
0
0
0
0
0
0
0
0
0
0
0
0
0
0
0
0
0
0
0
0
0
0
0
0
0
5.3474e-19
7.737953e-35
0
0
0
0
0
0
0
0
0
0
0
0
0
0
5.347414e-19
0
0
0
0
0
0
0
0
0
0
-8.404667e-09
-1.76497e-08
-2.773506e-08
-3.866066e-08
-5.042643e-08
-6.303226e-08
-7.647802e-08
-9.076353e-08
-1.058886e-07
-1.21853e-07
-8.404667e-09
-1.76497e-08
-2.773506e-08
-3.866066e-08
-5.042643e-08
-6.303226e-08
-7.647802e-08
-9.076353e-08
-1.058886e-07
-1.21853e-07
-8.404667e-09
-1.76497e-08
-2.773506e-08
-3.866066e-08
-5.042643e-08
-6.303226e-08
-7.647802e-08
-9.076353e-08
-1.058886e-07
-1.21853e-07
-8.404667e-09
-1.76497e-08
-2.773506e-08
-3.866066e-08
-5.042643e-08
-6.303226e-08
-7.647802e-08
-9.076353e-08
-1.058886e-07
-1.21853e-07
-8.404667e-09
-1.76497e-08
-2.773506e-08
-3.866066e-08
-5.042643e-08
-6.303226e-08
-7.647802e-08
-9.076353e-08
-1.058886e-07
-1.21853e-07
-8.404667e-09
-1.76497e-08
-2.773506e-08
-3.866066e-08
-5.042643e-08
-6.303226e-08
-7.647802e-08
-9.076353e-08
-1.058886e-07
-1.21853e-07
0.0007968609
0.001828464
0.003044182
0.004386899
0.005794812
0.007203738
0.008549641
0.009771155
0.01081185
0.01162365
0.0007968608
0.001828464
0.003044181
0.004386899
0.005794812
0.007203737
0.00854964
0.009771153
0.01081185
0.01162364
0.0007774007
0.001776689
0.002952617
0.004251583
0.005614578
0.006980064
0.008286787
0.009476751
0.01049848
0.01131035
0.0007922841
0.001815228
0.00302007
0.004350964
0.005747052
0.007145016
0.008481754
0.009697111
0.0107364
0.01155285
0.0007922841
0.001815228
0.00302007
0.004350964
0.005747052
0.007145015
0.008481753
0.009697109
0.01073639
0.01155284
0.000795177
0.001824875
0.00303836
0.004378567
0.005783806
0.00719001
0.008533203
0.009751966
0.01078961
0.01159755
0.000796861
0.001828464
0.003044182
0.0043869
0.005794813
0.007203739
0.008549642
0.009771156
0.01081185
0.01162365
0.0007774008
0.001776689
0.002952617
0.004251584
0.00561458
0.006980066
0.008286789
0.009476754
0.01049848
0.01131035
0.0007922842
0.001815229
0.003020071
0.004350964
0.005747053
0.007145017
0.008481755
0.009697112
0.0107364
0.01155285
0.0007951773
0.001824875
0.003038361
0.004378568
0.005783808
0.007190011
0.008533205
0.009751968
0.01078961
0.01159755
0.0007922843
0.001815229
0.003020071
0.004350965
0.005747053
0.007145017
0.008481755
0.009697112
0.0107364
0.01155285
0.0007968611
0.001828464
0.003044182
0.004386901
0.005794814
0.00720374
0.008549643
0.009771156
0.01081186
0.01162365
0.0007774009
0.001776689
0.002952618
0.004251585
0.005614581
0.006980068
0.008286792
0.009476757
0.01049848
0.01131036
0.0007922844
0.001815229
0.003020071
0.004350965
0.005747054
0.007145018
0.008481756
0.009697113
0.0107364
0.01155285
0.0007968614
0.001828465
0.003044183
0.004386901
0.005794813
0.007203739
0.008549641
0.009771154
0.01081185
0.01162364
0.0007922844
0.001815229
0.003020071
0.004350965
0.005747053
0.007145017
0.008481755
0.009697111
0.0107364
0.01155285
0.0007951777
0.001824876
0.003038361
0.004378569
0.005783808
0.007190011
0.008533204
0.009751966
0.01078961
0.01159755
0.0007968615
0.001828465
0.003044183
0.004386901
0.005794814
0.007203739
0.008549642
0.009771155
0.01081185
0.01162364
0.0007968615
0.001828465
0.003044183
0.004386902
0.005794814
0.00720374
0.008549642
0.009771155
0.01081185
0.01162364
0.0007774009
0.001776689
0.002952618
0.004251585
0.005614582
0.006980069
0.008286793
0.009476759
0.01049849
0.01131036
0.0007922845
0.001815229
0.003020071
0.004350966
0.005747054
0.007145018
0.008481756
0.009697113
0.0107364
0.01155285
0.0007968615
0.001828465
0.003044183
0.004386901
0.005794814
0.00720374
0.008549642
0.009771155
0.01081185
0.01162364
0.0007951778
0.001824876
0.003038362
0.004378569
0.005783809
0.007190012
0.008533205
0.009751968
0.01078961
0.01159755
0.0007922844
0.001815229
0.003020071
0.004350965
0.005747054
0.007145018
0.008481756
0.009697113
0.0107364
0.01155285
0.0007968613
0.001828465
0.003044183
0.004386901
0.005794813
0.007203738
0.00854964
0.009771153
0.01081185
0.01162364
0.0007922843
0.001815229
0.003020071
0.004350964
0.005747052
0.007145016
0.008481753
0.009697109
0.01073639
0.01155284
0.0007968612
0.001828464
0.003044182
0.0043869
0.005794812
0.007203737
0.008549639
0.009771152
0.01081185
0.01162364
0.0007951775
0.001824876
0.003038361
0.004378568
0.005783807
0.00719001
0.008533202
0.009751964
0.01078961
0.01159755
0.0007774008
0.001776689
0.002952618
0.004251584
0.00561458
0.006980067
0.00828679
0.009476754
0.01049848
0.01131035
0.0007922844
0.001815229
0.003020071
0.004350965
0.005747053
0.007145017
0.008481755
0.009697111
0.0107364
0.01155285
0.0007774007
0.001776689
0.002952617
0.004251583
0.005614578
0.006980064
0.008286787
0.009476751
0.01049848
0.01131035
0.0007922842
0.001815228
0.00302007
0.004350964
0.005747052
0.007145015
0.008481753
0.009697108
0.01073639
0.01155284
0.0007951771
0.001824875
0.00303836
0.004378566
0.005783806
0.007190008
0.008533201
0.009751963
0.01078961
0.01159755
0.0007922841
0.001815228
0.00302007
0.004350964
0.005747051
0.007145015
0.008481753
0.009697109
0.01073639
0.01155284
0.000796861
0.001828464
0.003044182
0.004386899
0.005794811
0.007203736
0.008549639
0.009771151
0.01081185
0.01162364
0.0007968609
0.001828464
0.003044181
0.004386899
0.005794811
0.007203736
0.008549639
0.009771152
0.01081185
0.01162364
0.0007705042
0.001765489
0.002936546
0.00422909
0.005583888
0.006939278
0.008233599
0.009407572
0.01040623
0.01118145
0.0007136
0.001621392
0.002684874
0.003857215
0.005085996
0.006316062
0.007492277
0.008562351
0.009479672
0.01020407
0.0007403541
0.001690555
0.002806522
0.004037514
0.005327791
0.006619033
0.007852893
0.008973493
0.009929336
0.01067354
0.0007819484
0.001793289
0.002984373
0.004299395
0.005677955
0.007057248
0.008374494
0.009569311
0.01058573
0.01137516
0.0007705042
0.001765488
0.002936546
0.00422909
0.005583888
0.006939277
0.008233598
0.009407571
0.01040623
0.01118145
0.000740354
0.001690555
0.002806522
0.004037513
0.00532779
0.006619032
0.007852892
0.008973491
0.009929335
0.01067354
0.0007136005
0.001621393
0.002684876
0.003857217
0.005085998
0.006316063
0.007492278
0.008562352
0.009479672
0.01020407
0.0007705046
0.001765489
0.002936547
0.004229091
0.00558389
0.006939279
0.008233601
0.009407574
0.01040624
0.01118145
0.0007705048
0.00176549
0.002936548
0.004229092
0.00558389
0.006939279
0.0082336
0.009407573
0.01040623
0.01118145
0.0007403547
0.001690556
0.002806524
0.004037516
0.005327793
0.006619035
0.007852895
0.008973494
0.009929338
0.01067354
0.0007403545
0.001690556
0.002806523
0.004037515
0.005327792
0.006619035
0.007852895
0.008973495
0.009929338
0.01067355
0.0007819489
0.00179329
0.002984375
0.004299397
0.005677957
0.00705725
0.008374496
0.009569312
0.01058573
0.01137516
0.0007819494
0.00179329
0.002984376
0.004299398
0.005677957
0.00705725
0.008374494
0.00956931
0.01058573
0.01137516
0.0007705054
0.001765491
0.002936549
0.004229093
0.005583891
0.006939279
0.008233599
0.009407571
0.01040623
0.01118144
0.0007705052
0.00176549
0.002936549
0.004229093
0.005583891
0.006939279
0.008233599
0.009407571
0.01040623
0.01118144
0.0007403554
0.001690558
0.002806526
0.004037517
0.005327793
0.006619034
0.007852892
0.008973489
0.009929331
0.01067354
0.0007403552
0.001690557
0.002806525
0.004037516
0.005327793
0.006619034
0.007852892
0.008973489
0.009929331
0.01067354
0.0007136011
0.001621394
0.002684877
0.003857217
0.005085997
0.006316061
0.007492274
0.008562346
0.009479664
0.01020406
0.0007403556
0.001690558
0.002806526
0.004037518
0.005327794
0.006619036
0.007852894
0.008973491
0.009929333
0.01067354
0.0007403555
0.001690558
0.002806526
0.004037517
0.005327794
0.006619035
0.007852894
0.008973491
0.009929333
0.01067354
0.0007705055
0.001765491
0.00293655
0.004229094
0.005583892
0.006939281
0.008233601
0.009407573
0.01040623
0.01118145
0.0007705055
0.001765491
0.00293655
0.004229094
0.005583892
0.006939281
0.008233601
0.009407573
0.01040623
0.01118145
0.0007136013
0.001621394
0.002684877
0.003857218
0.005085998
0.006316062
0.007492275
0.008562347
0.009479665
0.01020406
0.0007819495
0.001793291
0.002984376
0.004299399
0.005677958
0.007057251
0.008374496
0.009569313
0.01058573
0.01137516
0.0007705049
0.00176549
0.002936548
0.004229092
0.005583889
0.006939277
0.008233597
0.009407569
0.01040623
0.01118144
0.0007819491
0.00179329
0.002984375
0.004299397
0.005677956
0.007057249
0.008374493
0.009569309
0.01058572
0.01137516
0.0007705051
0.00176549
0.002936549
0.004229092
0.00558389
0.006939278
0.008233598
0.00940757
0.01040623
0.01118144
0.0007403551
0.001690557
0.002806525
0.004037516
0.005327793
0.006619034
0.007852892
0.008973489
0.009929331
0.01067354
0.000740355
0.001690557
0.002806524
0.004037515
0.005327792
0.006619033
0.007852891
0.008973488
0.00992933
0.01067354
0.0007136008
0.001621393
0.002684876
0.003857217
0.005085997
0.006316061
0.007492274
0.008562346
0.009479665
0.01020406
0.0007819486
0.001793289
0.002984374
0.004299396
0.005677955
0.007057248
0.008374493
0.009569309
0.01058572
0.01137516
0.0007705043
0.001765489
0.002936546
0.00422909
0.005583888
0.006939277
0.008233597
0.00940757
0.01040623
0.01118144
0.0007136001
0.001621392
0.002684875
0.003857215
0.005085996
0.006316061
0.007492275
0.008562349
0.009479669
0.01020407
0.0007705044
0.001765489
0.002936547
0.00422909
0.005583888
0.006939277
0.008233597
0.00940757
0.01040623
0.01118144
0.0007403541
0.001690555
0.002806522
0.004037513
0.00532779
0.006619032
0.007852892
0.008973491
0.009929334
0.01067354
0.0007403543
0.001690556
0.002806523
0.004037514
0.005327791
0.006619032
0.007852891
0.00897349
0.009929333
0.01067354
0.0007795144
0.001788496
0.00297714
0.004289552
0.005665339
0.007041736
0.008355976
0.009547621
0.0105606
0.01134648
0.0007930732
0.001820536
0.003031546
0.004369009
0.005771284
0.007174377
0.00851436
0.009729779
0.01076383
0.0115679
0.0007930733
0.001820536
0.003031546
0.004369009
0.005771284
0.007174376
0.008514359
0.009729778
0.01076383
0.0115679
0.0007795144
0.001788496
0.00297714
0.004289552
0.005665339
0.007041736
0.008355977
0.009547623
0.0105606
0.01134648
0.0007653814
0.001755717
0.00292215
0.004209882
0.005559669
0.006909904
0.008198921
0.009367259
0.01035962
0.01112803
0.0007653814
0.001755717
0.00292215
0.004209882
0.005559669
0.006909904
0.008198921
0.00936726
0.01035962
0.01112803
0.0007795147
0.001788497
0.002977141
0.004289553
0.005665341
0.007041739
0.008355981
0.009547627
0.0105606
0.01134649
0.0007653817
0.001755717
0.002922151
0.004209883
0.005559671
0.006909907
0.008198924
0.009367264
0.01035962
0.01112803
0.0007930734
0.001820536
0.003031547
0.00436901
0.005771285
0.007174379
0.008514363
0.009729782
0.01076383
0.01156791
0.0007653816
0.001755717
0.002922151
0.004209883
0.005559671
0.006909906
0.008198924
0.009367263
0.01035962
0.01112803
0.0007930734
0.001820537
0.003031547
0.00436901
0.005771286
0.007174379
0.008514363
0.009729783
0.01076383
0.01156791
0.0007795145
0.001788497
0.00297714
0.004289553
0.005665341
0.007041738
0.00835598
0.009547626
0.0105606
0.01134649
0.0007930738
0.001820537
0.003031548
0.004369011
0.005771286
0.007174379
0.008514362
0.009729781
0.01076383
0.0115679
0.0007930739
0.001820537
0.003031548
0.004369011
0.005771286
0.007174379
0.008514362
0.00972978
0.01076383
0.0115679
0.000779515
0.001788498
0.002977141
0.004289554
0.005665342
0.007041739
0.00835598
0.009547625
0.0105606
0.01134649
0.0007795153
0.001788498
0.002977142
0.004289555
0.005665342
0.007041739
0.008355979
0.009547624
0.0105606
0.01134648
0.0007653822
0.001755718
0.002922153
0.004209885
0.005559672
0.006909907
0.008198924
0.009367262
0.01035962
0.01112803
0.0007653824
0.001755719
0.002922153
0.004209885
0.005559673
0.006909907
0.008198923
0.009367261
0.01035962
0.01112803
0.0007795155
0.001788499
0.002977143
0.004289556
0.005665343
0.00704174
0.008355979
0.009547624
0.0105606
0.01134648
0.0007653828
0.001755719
0.002922154
0.004209886
0.005559674
0.006909908
0.008198924
0.009367261
0.01035962
0.01112803
0.0007930742
0.001820538
0.003031549
0.004369012
0.005771287
0.00717438
0.008514363
0.009729781
0.01076383
0.0115679
0.0007653828
0.00175572
0.002922154
0.004209886
0.005559674
0.006909908
0.008198924
0.009367262
0.01035962
0.01112803
0.0007930741
0.001820538
0.003031549
0.004369012
0.005771287
0.00717438
0.008514362
0.009729781
0.01076383
0.0115679
0.0007795156
0.001788499
0.002977143
0.004289556
0.005665343
0.00704174
0.00835598
0.009547625
0.0105606
0.01134648
0.000793074
0.001820538
0.003031548
0.004369011
0.005771286
0.007174379
0.008514362
0.00972978
0.01076383
0.0115679
0.0007795153
0.001788498
0.002977142
0.004289555
0.005665342
0.007041739
0.008355979
0.009547624
0.0105606
0.01134648
0.0007653826
0.001755719
0.002922154
0.004209886
0.005559673
0.006909908
0.008198924
0.009367261
0.01035962
0.01112803
0.0007795155
0.001788499
0.002977143
0.004289556
0.005665343
0.00704174
0.00835598
0.009547625
0.0105606
0.01134648
0.0007930741
0.001820538
0.003031548
0.004369012
0.005771287
0.00717438
0.008514362
0.00972978
0.01076383
0.0115679
0.0007653827
0.001755719
0.002922154
0.004209886
0.005559674
0.006909908
0.008198924
0.009367262
0.01035962
0.01112803
0.0007930736
0.001820537
0.003031547
0.00436901
0.005771284
0.007174377
0.008514359
0.009729777
0.01076383
0.0115679
0.0007930735
0.001820537
0.003031547
0.004369009
0.005771284
0.007174376
0.008514359
0.009729777
0.01076383
0.0115679
0.000779515
0.001788497
0.002977141
0.004289553
0.00566534
0.007041737
0.008355976
0.009547621
0.0105606
0.01134648
0.000765382
0.001755718
0.002922152
0.004209883
0.005559671
0.006909905
0.00819892
0.009367258
0.01035961
0.01112802
0.0007795147
0.001788497
0.00297714
0.004289553
0.005665339
0.007041736
0.008355976
0.00954762
0.0105606
0.01134648
0.0007653819
0.001755718
0.002922151
0.004209883
0.00555967
0.006909904
0.00819892
0.009367258
0.01035961
0.01112802
0
0
0
0
0
0
0
0
0
0
0
0
0
0
0
0
0
0
0
0
0
0
0
0
0
0
0
0
0
0
0
0
0
0
0
0
0
0
0
0
0
0
0
0
0
0
0
0
0
0
0
0
0
0
0
0
0
0
0
0
0
0
0
0
0
0
0
0
0
0
2.051974e-20
6.711837e-20
1.442542e-19
2.550485e-19
4.011214e-19
5.825097e-19
7.976622e-19
1.043512e-18
1.315606e-18
1.608141e-18
6.936801e-37
2.96265e-36
7.839235e-36
1.646128e-35
3.002138e-35
4.971342e-35
7.667878e-35
1.119552e-34
1.564299e-34
2.107939e-34
0
0
0
0
0
0
0
0
0
0
0
0
0
0
0
0
0
0
0
0
2.155588e-20
7.053588e-20
1.51646e-19
2.681785e-19
4.2184e-19
6.12666e-19
8.390181e-19
1.097662e-18
1.383916e-18
1.691741e-18
0
0
0
0
0
0
0
0
0
0
0
0
0
0
0
0
0
0
0
0
0
0
0
0
0
0
0
0
0
0
0
0
0
0
0
0
0
0
0
0
0
0
0
0
0
0
0
0
0
0
0
0
0
0
0
0
0
0
0
0
0
0
0
0
0
0
0
0
0
0
0
0
0
0
0
0
0
0
0
0
0
0
0
0
0
0
0
0
0
0
0
0
0
0
0
0
0
0
0
0
0
0
0
0
0
0
0
0
0
0
0
0
0
0
0
0
0
0
0
0
2.155588e-20
7.053588e-20
1.51646e-19
2.681784e-19
4.218398e-19
6.126658e-19
8.390177e-19
1.097661e-18
1.383915e-18
1.69174e-18
0
0
0
0
0
0
0
0
0
0
2.051978e-20
6.711848e-20
1.442544e-19
2.550488e-19
4.011218e-19
5.825102e-19
7.976627e-19
1.043512e-18
1.315606e-18
1.608142e-18
0
0
0
0
0
0
0
0
0
0
0
0
0
0
0
0
0
0
0
0
7.287066e-37
3.113205e-36
8.239668e-36
1.730556e-35
3.156606e-35
5.227751e-35
8.064089e-35
1.177478e-34
1.645317e-34
2.217218e-34
0
0
0
0
0
0
0
0
0
0
0
0
0
0
0
0
0
0
0
0
0
0
0
0
0
0
0
0
0
0
0
0
0
0
0
0
0
0
0
0
0
0
0
0
0
0
0
0
0
0
0
0
0
0
0
0
0
0
0
0
0.0007271888
0.001660445
0.002756471
0.003965433
0.005232575
0.006500572
0.007712042
0.008811969
0.009749525
0.01047807
0.0006898096
0.00156733
0.002595372
0.003728671
0.004916519
0.006105515
0.007242235
0.008275913
0.00916106
0.009857456
0.0007418385
0.001699563
0.002826593
0.00407041
0.005373984
0.006677881
0.00792258
0.009050726
0.01000893
0.01075013
0.000723603
0.001659218
0.002760923
0.003977099
0.005251799
0.006526729
0.007743456
0.008845531
0.00978025
0.01050133
0.0006830644
0.001560276
0.00259089
0.003727938
0.004919758
0.006112235
0.007251125
0.0082843
0.00916334
0.009843177
0.0006963852
0.00159644
0.002656258
0.003826262
0.005052586
0.006279058
0.007449362
0.008509107
0.009407492
0.01009945
0.0006963856
0.001596441
0.00265626
0.003826264
0.005052588
0.006279061
0.007449365
0.00850911
0.009407496
0.01009945
0.0006830649
0.001560277
0.002590892
0.003727939
0.004919761
0.006112237
0.007251128
0.008284303
0.009163343
0.009843181
0.0006898099
0.001567331
0.002595373
0.003728673
0.00491652
0.006105517
0.007242236
0.008275914
0.009161061
0.009857457
0.0007236034
0.001659219
0.002760924
0.003977101
0.005251801
0.006526732
0.007743459
0.008845535
0.009780255
0.01050134
0.0007418389
0.001699564
0.002826594
0.004070411
0.005373987
0.006677884
0.007922583
0.00905073
0.01000894
0.01075014
0.0007271892
0.001660446
0.002756472
0.003965435
0.005232577
0.006500575
0.007712045
0.008811972
0.009749528
0.01047808
0.0007236043
0.00165922
0.002760926
0.003977103
0.005251803
0.006526733
0.007743459
0.008845533
0.009780251
0.01050133
0.0007418397
0.001699566
0.002826596
0.004070413
0.005373988
0.006677884
0.007922582
0.009050728
0.01000893
0.01075013
0.0006963867
0.001596443
0.002656262
0.003826267
0.00505259
0.006279062
0.007449365
0.008509108
0.009407492
0.01009945
0.0006898108
0.001567332
0.002595375
0.003728674
0.004916521
0.006105516
0.007242233
0.008275909
0.009161053
0.009857448
0.0007271901
0.001660448
0.002756474
0.003965437
0.005232578
0.006500574
0.007712043
0.008811969
0.009749523
0.01047807
0.000683066
0.001560279
0.002590894
0.003727942
0.004919762
0.006112238
0.007251127
0.0082843
0.009163338
0.009843174
0.0007418402
0.001699567
0.002826598
0.004070415
0.00537399
0.006677886
0.007922584
0.009050729
0.01000894
0.01075013
0.000723605
0.001659222
0.002760928
0.003977105
0.005251805
0.006526734
0.00774346
0.008845534
0.009780251
0.01050133
0.0007271906
0.001660449
0.002756475
0.003965439
0.00523258
0.006500577
0.007712046
0.008811971
0.009749525
0.01047807
0.0006963873
0.001596444
0.002656264
0.003826269
0.005052592
0.006279064
0.007449366
0.008509109
0.009407492
0.01009945
0.0006898114
0.001567334
0.002595377
0.003728677
0.004916524
0.00610552
0.007242237
0.008275913
0.009161058
0.009857452
0.0006830666
0.00156028
0.002590896
0.003727944
0.004919765
0.00611224
0.007251129
0.008284302
0.00916334
0.009843175
0.0007418399
0.001699566
0.002826597
0.004070414
0.005373989
0.006677885
0.007922583
0.009050728
0.01000893
0.01075013
0.0006898112
0.001567333
0.002595377
0.003728676
0.004916524
0.00610552
0.007242238
0.008275914
0.00916106
0.009857455
0.000696387
0.001596443
0.002656263
0.003826268
0.005052592
0.006279063
0.007449366
0.008509109
0.009407492
0.01009945
0.0006830662
0.001560279
0.002590895
0.003727943
0.004919764
0.00611224
0.007251129
0.008284302
0.00916334
0.009843176
0.0007271902
0.001660448
0.002756474
0.003965438
0.005232579
0.006500576
0.007712045
0.00881197
0.009749525
0.01047807
0.0007236047
0.001659221
0.002760927
0.003977105
0.005251805
0.006526734
0.00774346
0.008845534
0.009780251
0.01050133
0.000696386
0.001596441
0.00265626
0.003826264
0.005052588
0.006279059
0.007449362
0.008509106
0.009407489
0.01009945
0.0007418391
0.001699564
0.002826594
0.004070411
0.005373985
0.006677881
0.007922579
0.009050724
0.01000893
0.01075013
0.0007271893
0.001660446
0.002756472
0.003965435
0.005232575
0.006500572
0.007712042
0.008811968
0.009749523
0.01047807
0.0007236038
0.001659219
0.002760924
0.003977101
0.005251801
0.00652673
0.007743456
0.00884553
0.009780248
0.01050133
0.0006830651
0.001560277
0.002590892
0.003727939
0.00491976
0.006112236
0.007251125
0.008284299
0.009163338
0.009843174
0.0006898102
0.001567331
0.002595374
0.003728674
0.004916521
0.006105517
0.007242236
0.008275913
0.009161059
0.009857455
0.0006963852
0.00159644
0.002656259
0.003826262
0.005052586
0.006279058
0.007449362
0.008509107
0.009407491
0.01009945
0.0007418385
0.001699563
0.002826593
0.00407041
0.005373984
0.00667788
0.007922579
0.009050726
0.01000893
0.01075013
0.0007236031
0.001659218
0.002760923
0.003977099
0.005251799
0.006526729
0.007743456
0.008845531
0.00978025
0.01050133
0.0007271889
0.001660445
0.002756471
0.003965433
0.005232574
0.006500571
0.007712041
0.008811968
0.009749524
0.01047807
0.0006830645
0.001560276
0.00259089
0.003727937
0.004919758
0.006112234
0.007251125
0.008284299
0.00916334
0.009843176
0.0006898095
0.00156733
0.002595372
0.003728671
0.004916518
0.006105514
0.007242233
0.00827591
0.009161057
0.009857453
0.0006898098
0.001567331
0.002595373
0.003728673
0.00491652
0.006105517
0.007242236
0.008275915
0.009161062
0.009857458
0.0006830647
0.001560276
0.002590891
0.003727939
0.00491976
0.006112236
0.007251127
0.008284302
0.009163343
0.00984318
0.000727189
0.001660446
0.002756471
0.003965434
0.005232576
0.006500574
0.007712044
0.008811972
0.009749528
0.01047808
0.0007418387
0.001699564
0.002826594
0.004070411
0.005373986
0.006677883
0.007922583
0.00905073
0.01000894
0.01075014
0.0006963854
0.00159644
0.002656259
0.003826264
0.005052587
0.00627906
0.007449365
0.00850911
0.009407495
0.01009945
0.0007236033
0.001659218
0.002760924
0.003977101
0.005251801
0.006526732
0.007743459
0.008845535
0.009780254
0.01050134
0.0006963865
0.001596442
0.002656262
0.003826266
0.00505259
0.006279062
0.007449365
0.008509109
0.009407493
0.01009945
0.0007236042
0.00165922
0.002760926
0.003977103
0.005251803
0.006526733
0.007743459
0.008845534
0.009780252
0.01050133
0.0007418395
0.001699565
0.002826596
0.004070413
0.005373988
0.006677884
0.007922583
0.009050729
0.01000894
0.01075013
0.0006830657
0.001560278
0.002590894
0.003727942
0.004919763
0.006112239
0.007251129
0.008284303
0.009163342
0.009843178
0.0006898107
0.001567332
0.002595376
0.003728676
0.004916523
0.00610552
0.00724224
0.008275917
0.009161064
0.00985746
0.0007271897
0.001660447
0.002756473
0.003965437
0.005232578
0.006500576
0.007712046
0.008811972
0.009749528
0.01047807
0.0006963873
0.001596444
0.002656264
0.003826269
0.005052592
0.006279063
0.007449366
0.008509108
0.009407491
0.01009945
0.0006898114
0.001567334
0.002595377
0.003728677
0.004916524
0.00610552
0.007242237
0.008275913
0.009161058
0.009857453
0.0006830665
0.00156028
0.002590896
0.003727944
0.004919764
0.00611224
0.007251128
0.008284301
0.009163339
0.009843174
0.0007271904
0.001660448
0.002756475
0.003965438
0.005232579
0.006500576
0.007712045
0.00881197
0.009749524
0.01047807
0.0007236049
0.001659222
0.002760928
0.003977105
0.005251805
0.006526734
0.00774346
0.008845533
0.009780251
0.01050133
0.0007418401
0.001699567
0.002826597
0.004070415
0.005373989
0.006677885
0.007922583
0.009050728
0.01000893
0.01075013
0.0006963872
0.001596444
0.002656264
0.003826269
0.005052592
0.006279064
0.007449366
0.008509109
0.009407492
0.01009945
0.0007418401
0.001699567
0.002826597
0.004070415
0.00537399
0.006677885
0.007922584
0.009050729
0.01000894
0.01075013
0.0007271905
0.001660449
0.002756475
0.003965438
0.00523258
0.006500576
0.007712045
0.008811971
0.009749525
0.01047807
0.0006898113
0.001567333
0.002595377
0.003728676
0.004916523
0.006105519
0.007242236
0.008275912
0.009161057
0.009857451
0.0007236048
0.001659221
0.002760927
0.003977105
0.005251805
0.006526734
0.00774346
0.008845534
0.009780251
0.01050133
0.0006830665
0.00156028
0.002590896
0.003727944
0.004919765
0.00611224
0.007251129
0.008284302
0.00916334
0.009843175
0.0007418393
0.001699565
0.002826595
0.004070412
0.005373986
0.006677882
0.00792258
0.009050725
0.01000893
0.01075013
0.0007271898
0.001660447
0.002756473
0.003965436
0.005232576
0.006500573
0.007712042
0.008811967
0.009749521
0.01047807
0.0006898105
0.001567332
0.002595374
0.003728673
0.00491652
0.006105515
0.007242232
0.008275908
0.009161052
0.009857447
0.0007236039
0.00165922
0.002760925
0.003977102
0.005251801
0.00652673
0.007743456
0.00884553
0.009780248
0.01050133
0.0006830656
0.001560278
0.002590893
0.003727941
0.004919761
0.006112236
0.007251125
0.008284298
0.009163336
0.009843172
0.0006963863
0.001596442
0.002656261
0.003826265
0.005052588
0.00627906
0.007449362
0.008509106
0.009407489
0.01009945
0.000496249
0.001138181
0.001893903
0.002728134
0.003602707
0.004477789
0.00531334
0.006070419
0.006711882
0.007202842
0.0005258919
0.001205399
0.002005083
0.002887722
0.003812934
0.004738547
0.005622199
0.006422742
0.007100974
0.007619733
0.0006069931
0.001378431
0.002281751
0.0032774
0.004320978
0.00536564
0.006364419
0.007272466
0.008048803
0.008653495
0.0005801663
0.001324718
0.002199033
0.00316346
0.004174368
0.00518598
0.006152324
0.007028994
0.007773969
0.008345499
0.0005801662
0.001324718
0.002199033
0.00316346
0.004174368
0.005185979
0.006152323
0.007028993
0.007773968
0.008345498
0.0005258919
0.001205398
0.002005083
0.002887722
0.003812933
0.004738547
0.005622198
0.006422741
0.007100974
0.007619732
0.0005258933
0.001205401
0.002005086
0.002887727
0.003812938
0.004738551
0.005622202
0.006422744
0.007100974
0.007619732
0.0005801675
0.00132472
0.002199037
0.003163464
0.004174372
0.005185983
0.006152327
0.007028996
0.00777397
0.008345499
0.0005258931
0.001205401
0.002005086
0.002887726
0.003812937
0.004738551
0.005622201
0.006422743
0.007100975
0.007619732
0.0004962503
0.001138183
0.001893906
0.002728139
0.003602712
0.004477793
0.005313343
0.006070421
0.006711883
0.007202842
0.0006069942
0.001378434
0.002281754
0.003277404
0.004320983
0.005365645
0.006364423
0.00727247
0.008048807
0.008653498
0.0005801673
0.00132472
0.002199036
0.003163463
0.004174371
0.005185983
0.006152327
0.007028996
0.00777397
0.0083455
0.0005258944
0.001205403
0.002005089
0.00288773
0.003812941
0.004738553
0.005622202
0.006422742
0.007100971
0.007619727
0.0006069956
0.001378436
0.002281757
0.003277408
0.004320987
0.005365648
0.006364425
0.00727247
0.008048805
0.008653494
0.0005801686
0.001324722
0.002199039
0.003163467
0.004174375
0.005185985
0.006152327
0.007028994
0.007773966
0.008345494
0.0004962516
0.001138186
0.001893909
0.002728142
0.003602715
0.004477795
0.005313343
0.00607042
0.00671188
0.007202837
0.0005258945
0.001205404
0.00200509
0.00288773
0.003812941
0.004738553
0.005622202
0.006422742
0.007100971
0.007619727
0.0005801688
0.001324723
0.00219904
0.003163468
0.004174375
0.005185985
0.006152327
0.007028994
0.007773966
0.008345494
0.0005258952
0.001205405
0.002005092
0.002887733
0.003812944
0.004738556
0.005622205
0.006422745
0.007100973
0.007619729
0.0006069962
0.001378437
0.002281759
0.003277411
0.004320989
0.005365651
0.006364428
0.007272473
0.008048808
0.008653497
0.0004962524
0.001138187
0.001893912
0.002728145
0.003602718
0.004477798
0.005313346
0.006070423
0.006711882
0.007202839
0.0005801694
0.001324724
0.002199042
0.00316347
0.004174378
0.005185988
0.00615233
0.007028997
0.007773968
0.008345496
0.0005801694
0.001324724
0.002199042
0.00316347
0.004174378
0.005185988
0.00615233
0.007028997
0.007773969
0.008345496
0.0005258952
0.001205405
0.002005092
0.002887733
0.003812944
0.004738556
0.005622205
0.006422745
0.007100973
0.007619729
0.0006069953
0.001378436
0.002281757
0.003277407
0.004320986
0.005365647
0.006364424
0.007272469
0.008048804
0.008653494
0.0005258942
0.001205403
0.002005089
0.002887729
0.00381294
0.004738553
0.005622202
0.006422742
0.007100972
0.007619728
0.0005801685
0.001324722
0.002199039
0.003163467
0.004174374
0.005185985
0.006152327
0.007028995
0.007773967
0.008345495
0.0005801683
0.001324722
0.002199039
0.003163466
0.004174374
0.005185984
0.006152327
0.007028994
0.007773966
0.008345494
0.0005258941
0.001205403
0.002005088
0.002887729
0.00381294
0.004738552
0.005622201
0.006422742
0.007100971
0.007619727
0.0004962513
0.001138185
0.001893909
0.002728141
0.003602714
0.004477794
0.005313343
0.00607042
0.006711881
0.007202838
0.0004962496
0.001138182
0.001893904
0.002728136
0.003602709
0.004477789
0.00531334
0.006070418
0.006711881
0.00720284
0.0005801666
0.001324719
0.002199034
0.003163461
0.004174368
0.005185979
0.006152323
0.007028992
0.007773967
0.008345496
0.0005258923
0.001205399
0.002005084
0.002887723
0.003812934
0.004738547
0.005622198
0.00642274
0.007100972
0.00761973
0.0005258925
0.0012054
0.002005084
0.002887724
0.003812935
0.004738548
0.005622199
0.006422741
0.007100972
0.00761973
0.0006069936
0.001378432
0.002281752
0.003277401
0.004320979
0.005365641
0.006364419
0.007272466
0.008048802
0.008653494
0.0005801668
0.001324719
0.002199034
0.003163461
0.004174369
0.00518598
0.006152323
0.007028992
0.007773966
0.008345496
0.0006539602
0.001494489
0.002482402
0.003572572
0.004715377
0.005858835
0.00695081
0.007941113
0.00878288
0.009431632
0.0005745112
0.001319367
0.0021975
0.003167483
0.004184457
0.00520167
0.006172203
0.007050543
0.007793607
0.008361548
0.0006325707
0.001452716
0.002419873
0.00348833
0.004608532
0.005728853
0.006797509
0.007764365
0.008582331
0.009208991
0.0005932859
0.001365426
0.002277316
0.003285341
0.004342469
0.005399794
0.006408242
0.007320182
0.008090685
0.008679313
0.0006376434
0.001448875
0.002399316
0.003447144
0.004545457
0.005644823
0.006695719
0.007650939
0.008467678
0.009105786
0.0006000502
0.001370953
0.00227674
0.003276144
0.004323793
0.005372114
0.00637336
0.007281445
0.008052942
0.008645392
0.0006325714
0.001452718
0.002419875
0.003488333
0.004608535
0.005728857
0.006797512
0.007764368
0.008582334
0.009208995
0.0005745121
0.001319369
0.002197503
0.003167487
0.00418446
0.005201674
0.006172207
0.007050546
0.00779361
0.008361551
0.0005932868
0.001365427
0.002277319
0.003285344
0.004342472
0.005399798
0.006408246
0.007320185
0.008090689
0.008679317
0.0006539608
0.00149449
0.002482404
0.003572574
0.00471538
0.005858838
0.006950813
0.007941116
0.008782883
0.009431635
0.000637644
0.001448877
0.002399318
0.003447146
0.004545459
0.005644825
0.006695721
0.007650941
0.00846768
0.009105788
0.0006000511
0.001370955
0.002276742
0.003276147
0.004323796
0.005372118
0.006373363
0.007281448
0.008052945
0.008645394
0.0006325727
0.00145272
0.002419879
0.003488336
0.004608538
0.005728858
0.006797512
0.007764366
0.00858233
0.009208988
0.0006376453
0.001448879
0.002399321
0.003447149
0.004545462
0.005644827
0.006695722
0.00765094
0.008467677
0.009105784
0.0005745135
0.001319371
0.002197506
0.00316749
0.004184464
0.005201676
0.006172207
0.007050544
0.007793606
0.008361545
0.000653962
0.001494492
0.002482407
0.003572577
0.004715382
0.005858839
0.006950813
0.007941114
0.008782879
0.009431629
0.0006000523
0.001370957
0.002276745
0.003276151
0.004323799
0.005372119
0.006373363
0.007281446
0.008052941
0.008645388
0.0005932881
0.00136543
0.002277322
0.003285348
0.004342475
0.0053998
0.006408246
0.007320183
0.008090684
0.008679311
0.0006325735
0.001452722
0.002419881
0.003488339
0.004608541
0.005728861
0.006797514
0.007764367
0.00858233
0.009208988
0.0006000532
0.001370959
0.002276748
0.003276154
0.004323802
0.005372123
0.006373366
0.007281448
0.008052943
0.008645389
0.0005745143
0.001319373
0.002197509
0.003167493
0.004184467
0.005201679
0.00617221
0.007050546
0.007793607
0.008361546
0.0006539627
0.001494494
0.002482409
0.00357258
0.004715385
0.005858842
0.006950815
0.007941116
0.008782881
0.009431631
0.000593289
0.001365432
0.002277324
0.00328535
0.004342479
0.005399803
0.006408249
0.007320185
0.008090685
0.008679311
0.0006376461
0.001448881
0.002399324
0.003447153
0.004545466
0.005644832
0.006695726
0.007650944
0.008467681
0.009105787
0.0006376455
0.001448879
0.002399322
0.003447151
0.004545464
0.00564483
0.006695725
0.007650944
0.008467682
0.009105789
0.0006539622
0.001494493
0.002482408
0.003572578
0.004715384
0.005858841
0.006950814
0.007941115
0.00878288
0.009431631
0.0006000524
0.001370958
0.002276746
0.003276151
0.0043238
0.00537212
0.006373364
0.007281447
0.008052942
0.008645389
0.000632573
0.001452721
0.00241988
0.003488337
0.004608539
0.005728859
0.006797513
0.007764367
0.00858233
0.009208989
0.0005745136
0.001319371
0.002197507
0.003167491
0.004184464
0.005201677
0.006172207
0.007050544
0.007793606
0.008361545
0.0005932884
0.001365431
0.002277323
0.003285349
0.004342477
0.005399801
0.006408247
0.007320184
0.008090685
0.008679311
0.0006376441
0.001448877
0.002399318
0.003447146
0.004545459
0.005644825
0.006695721
0.00765094
0.008467679
0.009105787
0.0006539609
0.00149449
0.002482404
0.003572574
0.004715379
0.005858836
0.00695081
0.007941113
0.008782879
0.00943163
0.0005745121
0.001319368
0.002197502
0.003167486
0.004184459
0.005201672
0.006172204
0.007050542
0.007793605
0.008361546
0.0006000509
0.001370954
0.002276741
0.003276146
0.004323794
0.005372116
0.00637336
0.007281444
0.008052941
0.00864539
0.0006325716
0.001452718
0.002419876
0.003488333
0.004608534
0.005728855
0.006797509
0.007764364
0.008582329
0.009208988
0.0005932869
0.001365428
0.002277319
0.003285344
0.004342471
0.005399796
0.006408243
0.007320182
0.008090684
0.008679311
0.0006132585
0.001414823
0.00236339
0.003412851
0.004513699
0.0056146
0.006664088
0.007612251
0.008412365
0.009023784
0.0006424873
0.00147836
0.002465531
0.003556751
0.004701045
0.005845425
0.006936732
0.007923443
0.008757298
0.009396047
0.0006736374
0.001547777
0.002578898
0.003718065
0.004912374
0.006106769
0.007246021
0.008276654
0.009148653
0.00981834
0.0006424874
0.001478361
0.002465531
0.003556751
0.004701045
0.005845425
0.006936732
0.007923443
0.008757298
0.009396047
0.0006132586
0.001414823
0.00236339
0.003412851
0.004513699
0.0056146
0.006664089
0.007612252
0.008412365
0.009023784
0.0006736373
0.001547777
0.002578897
0.003718065
0.004912374
0.006106769
0.007246021
0.008276654
0.009148653
0.00981834
0.0006132589
0.001414824
0.002363391
0.003412853
0.004513701
0.005614602
0.006664091
0.007612254
0.008412368
0.009023787
0.000613259
0.001414824
0.002363391
0.003412853
0.004513702
0.005614603
0.006664092
0.007612255
0.008412369
0.009023788
0.0006424879
0.001478362
0.002465532
0.003556753
0.004701048
0.005845428
0.006936735
0.007923447
0.008757302
0.009396051
0.0006424876
0.001478361
0.002465532
0.003556752
0.004701047
0.005845427
0.006936734
0.007923446
0.008757301
0.009396051
0.0006736376
0.001547778
0.002578899
0.003718066
0.004912376
0.006106771
0.007246024
0.008276657
0.009148656
0.009818344
0.0006736377
0.001547778
0.002578899
0.003718067
0.004912376
0.006106772
0.007246024
0.008276657
0.009148656
0.009818344
0.0006424892
0.001478364
0.002465536
0.003556756
0.004701051
0.00584543
0.006936735
0.007923445
0.008757298
0.009396045
0.0006132605
0.001414827
0.002363395
0.003412857
0.004513705
0.005614605
0.006664092
0.007612253
0.008412365
0.009023782
0.0006736389
0.00154778
0.002578902
0.00371807
0.004912379
0.006106774
0.007246025
0.008276656
0.009148653
0.009818339
0.0006736388
0.00154778
0.002578902
0.00371807
0.004912379
0.006106773
0.007246025
0.008276656
0.009148653
0.009818339
0.0006132603
0.001414826
0.002363395
0.003412857
0.004513705
0.005614605
0.006664092
0.007612253
0.008412365
0.009023782
0.0006424889
0.001478364
0.002465535
0.003556756
0.004701051
0.005845429
0.006936735
0.007923445
0.008757298
0.009396046
0.0006736396
0.001547782
0.002578904
0.003718072
0.004912381
0.006106775
0.007246026
0.008276656
0.009148652
0.009818337
0.0006424899
0.001478365
0.002465538
0.003556759
0.004701053
0.005845431
0.006936736
0.007923445
0.008757297
0.009396044
0.0006736397
0.001547782
0.002578904
0.003718072
0.004912382
0.006106775
0.007246026
0.008276656
0.009148652
0.009818337
0.0006132614
0.001414828
0.002363398
0.00341286
0.004513708
0.005614608
0.006664094
0.007612254
0.008412365
0.009023781
0.0006132613
0.001414828
0.002363397
0.00341286
0.004513708
0.005614608
0.006664094
0.007612254
0.008412365
0.009023781
0.00064249
0.001478366
0.002465538
0.003556759
0.004701054
0.005845432
0.006936737
0.007923446
0.008757298
0.009396044
0.0006132611
0.001414828
0.002363397
0.003412859
0.004513707
0.005614607
0.006664094
0.007612254
0.008412366
0.009023782
0.0006424896
0.001478365
0.002465537
0.003556758
0.004701053
0.005845431
0.006936737
0.007923446
0.008757298
0.009396045
0.0006736395
0.001547781
0.002578904
0.003718072
0.004912381
0.006106775
0.007246026
0.008276657
0.009148653
0.009818339
0.0006132612
0.001414828
0.002363397
0.00341286
0.004513708
0.005614608
0.006664094
0.007612255
0.008412366
0.009023783
0.0006736394
0.001547781
0.002578903
0.003718071
0.004912381
0.006106775
0.007246026
0.008276656
0.009148653
0.009818339
0.0006424898
0.001478365
0.002465538
0.003556759
0.004701053
0.005845432
0.006936737
0.007923446
0.008757298
0.009396045
0.0006132599
0.001414825
0.002363394
0.003412855
0.004513703
0.005614603
0.00666409
0.007612251
0.008412364
0.009023781
0.0006132597
0.001414825
0.002363393
0.003412855
0.004513702
0.005614602
0.00666409
0.007612251
0.008412363
0.009023781
0.0006424883
0.001478362
0.002465533
0.003556753
0.004701048
0.005845426
0.006936732
0.007923443
0.008757296
0.009396044
0.0006424887
0.001478363
0.002465534
0.003556755
0.004701049
0.005845427
0.006936733
0.007923443
0.008757296
0.009396044
0.0006736383
0.001547779
0.0025789
0.003718068
0.004912377
0.006106771
0.007246022
0.008276653
0.00914865
0.009818337
0.0006736385
0.001547779
0.0025789
0.003718068
0.004912377
0.006106771
0.007246022
0.008276653
0.00914865
0.009818336
0.0005745115
0.001319367
0.002197501
0.003167484
0.004184457
0.005201671
0.006172203
0.007050542
0.007793606
0.008361548
0.0005932862
0.001365426
0.002277317
0.003285341
0.004342469
0.005399794
0.006408242
0.007320182
0.008090685
0.008679313
0.0006376434
0.001448875
0.002399316
0.003447143
0.004545456
0.005644822
0.006695717
0.007650937
0.008467676
0.009105785
0.0006000505
0.001370954
0.00227674
0.003276145
0.004323793
0.005372114
0.006373359
0.007281444
0.008052941
0.00864539
0.0006325709
0.001452716
0.002419874
0.00348833
0.004608532
0.005728853
0.006797509
0.007764365
0.00858233
0.009208991
0.0006539603
0.001494489
0.002482403
0.003572572
0.004715377
0.005858834
0.006950809
0.007941112
0.008782879
0.009431631
0.0005932862
0.001365426
0.002277317
0.003285342
0.00434247
0.005399796
0.006408244
0.007320184
0.008090688
0.008679316
0.0006539604
0.001494489
0.002482403
0.003572572
0.004715378
0.005858836
0.006950812
0.007941115
0.008782882
0.009431635
0.0006376434
0.001448875
0.002399316
0.003447144
0.004545457
0.005644824
0.00669572
0.007650941
0.008467681
0.009105789
0.000632571
0.001452717
0.002419874
0.003488331
0.004608534
0.005728855
0.006797511
0.007764367
0.008582333
0.009208994
0.0005745113
0.001319367
0.002197501
0.003167484
0.004184458
0.005201671
0.006172204
0.007050544
0.007793609
0.008361551
0.0006000503
0.001370953
0.00227674
0.003276145
0.004323793
0.005372115
0.006373361
0.007281446
0.008052944
0.008645393
0.0006376448
0.001448878
0.00239932
0.003447149
0.004545463
0.005644829
0.006695725
0.007650944
0.008467683
0.009105791
0.0006539616
0.001494492
0.002482406
0.003572576
0.004715382
0.005858839
0.006950814
0.007941116
0.008782882
0.009431633
0.0006000516
0.001370956
0.002276744
0.003276149
0.004323798
0.005372119
0.006373364
0.007281448
0.008052944
0.008645392
0.0006325723
0.001452719
0.002419878
0.003488335
0.004608537
0.005728858
0.006797512
0.007764367
0.008582331
0.00920899
0.0005745127
0.00131937
0.002197505
0.003167489
0.004184462
0.005201675
0.006172207
0.007050545
0.007793608
0.008361548
0.0005932876
0.001365429
0.002277321
0.003285346
0.004342474
0.005399799
0.006408246
0.007320184
0.008090686
0.008679312
0.0006376458
0.00144888
0.002399323
0.003447151
0.004545465
0.005644831
0.006695725
0.007650943
0.008467681
0.009105787
0.0006000527
0.001370958
0.002276747
0.003276152
0.0043238
0.005372121
0.006373364
0.007281446
0.008052941
0.008645388
0.0006539625
0.001494493
0.002482409
0.003572579
0.004715384
0.005858841
0.006950814
0.007941115
0.008782879
0.009431629
0.0006325732
0.001452721
0.00241988
0.003488338
0.00460854
0.00572886
0.006797513
0.007764366
0.008582329
0.009208987
0.0005745139
0.001319372
0.002197507
0.003167492
0.004184465
0.005201677
0.006172207
0.007050544
0.007793605
0.008361544
0.0005932887
0.001365431
0.002277324
0.003285349
0.004342477
0.005399801
0.006408247
0.007320184
0.008090684
0.008679309
0.000637646
0.001448881
0.002399323
0.003447152
0.004545466
0.005644831
0.006695726
0.007650944
0.008467681
0.009105787
0.0006539627
0.001494494
0.002482409
0.003572579
0.004715385
0.005858842
0.006950815
0.007941116
0.008782881
0.009431631
0.0005745143
0.001319373
0.002197509
0.003167493
0.004184467
0.005201679
0.00617221
0.007050546
0.007793607
0.008361546
0.0006000531
0.001370959
0.002276748
0.003276153
0.004323802
0.005372123
0.006373366
0.007281448
0.008052943
0.008645389
0.0006325734
0.001452721
0.002419881
0.003488339
0.00460854
0.005728861
0.006797514
0.007764368
0.008582331
0.009208989
0.0005932889
0.001365432
0.002277324
0.00328535
0.004342478
0.005399803
0.006408249
0.007320185
0.008090686
0.008679311
0.0006376449
0.001448878
0.00239932
0.003447148
0.004545461
0.005644826
0.00669572
0.007650939
0.008467676
0.009105783
0.000600052
0.001370957
0.002276744
0.00327615
0.004323798
0.005372118
0.006373362
0.007281445
0.00805294
0.008645388
0.0006539616
0.001494492
0.002482406
0.003572576
0.004715381
0.005858837
0.006950811
0.007941112
0.008782877
0.009431628
0.0006325723
0.001452719
0.002419877
0.003488335
0.004608536
0.005728856
0.00679751
0.007764364
0.008582328
0.009208987
0.0005932877
0.001365429
0.002277321
0.003285346
0.004342474
0.005399798
0.006408245
0.007320182
0.008090683
0.00867931
0.0005745131
0.00131937
0.002197505
0.003167489
0.004184462
0.005201675
0.006172206
0.007050543
0.007793605
0.008361545
0.0003541837
0.0008048066
0.001332429
0.001914007
0.002523822
0.00313478
0.003719792
0.004253131
0.004711614
0.005074575
0.0003318461
0.000754032
0.001247917
0.001792072
0.002362612
0.002934344
0.003482051
0.003981686
0.00441095
0.004747307
0.0004448401
0.001018171
0.001692235
0.002436138
0.00321623
0.003997321
0.004744122
0.005422616
0.006000948
0.006449146
0.0004448402
0.001018171
0.001692235
0.002436138
0.00321623
0.003997321
0.004744122
0.005422616
0.006000948
0.006449146
0.0003541837
0.0008048066
0.001332429
0.001914007
0.002523822
0.00313478
0.003719792
0.004253131
0.004711615
0.005074575
0.000489318
0.001121698
0.001865773
0.002686986
0.003547926
0.004409554
0.005232692
0.005979383
0.006613699
0.007101976
0.0003318473
0.0007540341
0.00124792
0.001792075
0.002362615
0.002934347
0.003482052
0.003981686
0.004410948
0.004747304
0.0003541851
0.0008048094
0.001332433
0.001914012
0.002523827
0.003134785
0.003719797
0.004253135
0.004711618
0.005074578
0.0004448418
0.001018174
0.00169224
0.002436144
0.003216237
0.003997328
0.004744129
0.005422622
0.006000953
0.006449151
0.0003541851
0.0008048094
0.001332433
0.001914012
0.002523827
0.003134784
0.003719796
0.004253134
0.004711616
0.005074575
0.0004893195
0.001121701
0.001865778
0.002686991
0.003547932
0.00440956
0.005232697
0.005979388
0.006613702
0.007101977
0.0004448419
0.001018174
0.00169224
0.002436145
0.003216237
0.003997328
0.004744129
0.005422622
0.006000953
0.006449149
0.0003541863
0.0008048117
0.001332436
0.001914015
0.00252383
0.003134787
0.003719797
0.004253134
0.004711614
0.005074573
0.0004448433
0.001018177
0.001692244
0.002436148
0.00321624
0.00399733
0.00474413
0.005422621
0.00600095
0.006449145
0.0003541864
0.0008048117
0.001332436
0.001914015
0.00252383
0.003134787
0.003719797
0.004253133
0.004711613
0.005074572
0.0003318484
0.0007540362
0.001247922
0.001792078
0.002362618
0.002934348
0.003482053
0.003981685
0.004410945
0.0047473
0.000489321
0.001121703
0.001865781
0.002686995
0.003547935
0.004409562
0.005232697
0.005979386
0.006613699
0.007101972
0.0004448433
0.001018177
0.001692244
0.002436148
0.00321624
0.00399733
0.00474413
0.00542262
0.006000949
0.006449144
0.0004893218
0.001121705
0.001865784
0.002686998
0.003547938
0.004409565
0.0052327
0.005979388
0.0066137
0.007101972
0.000444844
0.001018178
0.001692245
0.00243615
0.003216242
0.003997331
0.00474413
0.00542262
0.006000948
0.006449142
0.000444844
0.001018178
0.001692245
0.00243615
0.003216242
0.003997331
0.00474413
0.005422619
0.006000947
0.006449142
0.0003541871
0.0008048132
0.001332438
0.001914018
0.002523832
0.003134789
0.003719799
0.004253134
0.004711614
0.005074571
0.0003541871
0.0008048132
0.001332438
0.001914018
0.002523832
0.003134789
0.003719799
0.004253135
0.004711615
0.005074572
0.0003318495
0.0007540385
0.001247926
0.001792082
0.002362623
0.002934354
0.003482058
0.00398169
0.00441095
0.004747305
0.0003541861
0.0008048112
0.001332435
0.001914015
0.002523829
0.003134787
0.003719798
0.004253134
0.004711615
0.005074574
0.0004448429
0.001018176
0.001692243
0.002436147
0.00321624
0.00399733
0.00474413
0.005422621
0.006000951
0.006449147
0.0003318482
0.000754036
0.001247922
0.001792077
0.002362618
0.002934349
0.003482053
0.003981685
0.004410947
0.004747302
0.0003541862
0.0008048114
0.001332435
0.001914015
0.002523829
0.003134787
0.003719797
0.004253134
0.004711615
0.005074573
0.0004893207
0.001121703
0.001865781
0.002686994
0.003547934
0.004409562
0.005232697
0.005979387
0.0066137
0.007101973
0.000444843
0.001018176
0.001692243
0.002436148
0.00321624
0.00399733
0.00474413
0.005422621
0.00600095
0.006449146
0.0004448413
0.001018173
0.001692238
0.002436142
0.003216234
0.003997325
0.004744127
0.00542262
0.006000951
0.006449148
0.0004893188
0.001121699
0.001865775
0.002686988
0.003547928
0.004409557
0.005232694
0.005979385
0.0066137
0.007101976
0.0003541845
0.0008048081
0.001332431
0.00191401
0.002523824
0.003134782
0.003719794
0.004253132
0.004711614
0.005074574
0.0004448411
0.001018172
0.001692238
0.002436142
0.003216234
0.003997325
0.004744126
0.00542262
0.006000951
0.006449149
0.0003541844
0.000804808
0.001332431
0.00191401
0.002523824
0.003134782
0.003719795
0.004253133
0.004711616
0.005074576
0.0003318465
0.0007540326
0.001247918
0.001792072
0.002362612
0.002934344
0.00348205
0.003981683
0.004410946
0.004747303
0.0004759815
0.001090956
0.001814816
0.002614024
0.00345215
0.004291162
0.005092941
0.005820738
0.006440255
0.006920041
0.0004056038
0.0009259077
0.00153742
0.002212523
0.002920714
0.003630031
0.004308534
0.004925847
0.005454805
0.005873285
0.0005614536
0.001289529
0.002147601
0.003095267
0.004088913
0.005083099
0.006032205
0.006891947
0.007620357
0.008178677
0.0004594259
0.001055706
0.001759235
0.002536933
0.003352935
0.004169898
0.004950484
0.005658834
0.006261755
0.00672913
0.000593773
0.001366098
0.002277603
0.003284877
0.004341191
0.005397943
0.006406356
0.007319065
0.008091203
0.008681688
0.0005494682
0.001266517
0.00211408
0.003051394
0.004034685
0.005018516
0.005957369
0.006807164
0.007526424
0.008077469
0.0005937742
0.0013661
0.002277606
0.003284881
0.004341196
0.005397947
0.00640636
0.007319068
0.008091206
0.00868169
0.0005614549
0.001289532
0.002147605
0.003095271
0.004088917
0.005083103
0.006032208
0.006891949
0.007620359
0.008178678
0.000475983
0.001090959
0.00181482
0.00261403
0.003452156
0.004291167
0.005092947
0.005820743
0.006440259
0.006920044
0.0004056053
0.0009259109
0.001537425
0.002212529
0.002920721
0.003630038
0.004308542
0.004925854
0.005454812
0.005873292
0.0004594273
0.001055708
0.001759239
0.002536938
0.003352941
0.004169904
0.00495049
0.00565884
0.00626176
0.006729134
0.0005494694
0.00126652
0.002114084
0.003051398
0.00403469
0.005018521
0.005957373
0.006807168
0.007526427
0.008077471
0.0004759845
0.001090962
0.001814824
0.002614034
0.003452159
0.00429117
0.005092947
0.005820741
0.006440255
0.006920038
0.0005614565
0.001289535
0.002147609
0.003095275
0.004088921
0.005083106
0.006032209
0.006891948
0.007620355
0.008178672
0.0004056067
0.0009259134
0.001537428
0.002212532
0.002920724
0.00363004
0.004308542
0.004925852
0.005454808
0.005873286
0.0004594289
0.001055711
0.001759243
0.002536942
0.003352945
0.004169907
0.004950491
0.005658838
0.006261756
0.006729128
0.0005937758
0.001366103
0.00227761
0.003284886
0.0043412
0.00539795
0.00640636
0.007319066
0.008091201
0.008681684
0.000549471
0.001266523
0.002114088
0.003051403
0.004034693
0.005018523
0.005957374
0.006807166
0.007526422
0.008077464
0.0005937769
0.001366105
0.002277613
0.003284889
0.004341204
0.005397954
0.006406364
0.007319069
0.008091203
0.008681684
0.0004759854
0.001090964
0.001814826
0.002614036
0.003452162
0.004291172
0.005092949
0.005820742
0.006440254
0.006920036
0.0005494722
0.001266525
0.002114091
0.003051407
0.004034697
0.005018527
0.005957376
0.006807168
0.007526423
0.008077464
0.0004594298
0.001055713
0.001759245
0.002536945
0.003352947
0.004169909
0.004950492
0.005658838
0.006261754
0.006729125
0.0004056073
0.0009259144
0.001537429
0.002212533
0.002920724
0.00363004
0.00430854
0.004925849
0.005454803
0.00587328
0.0005614575
0.001289537
0.002147612
0.003095279
0.004088925
0.00508311
0.006032213
0.00689195
0.007620357
0.008178673
0.0005937759
0.001366104
0.00227761
0.003284886
0.0043412
0.00539795
0.006406361
0.007319067
0.008091202
0.008681684
0.0005494713
0.001266523
0.002114089
0.003051404
0.004034695
0.005018524
0.005957375
0.006807167
0.007526423
0.008077465
0.0004594292
0.001055712
0.001759244
0.002536944
0.003352946
0.004169908
0.004950493
0.005658839
0.006261757
0.006729129
0.0005614565
0.001289535
0.002147609
0.003095275
0.004088921
0.005083106
0.00603221
0.006891948
0.007620356
0.008178673
0.0004056069
0.0009259138
0.001537429
0.002212533
0.002920725
0.003630041
0.004308544
0.004925854
0.005454809
0.005873287
0.0004759844
0.001090962
0.001814824
0.002614034
0.003452159
0.00429117
0.005092948
0.005820742
0.006440256
0.006920039
0.000593774
0.0013661
0.002277605
0.00328488
0.004341194
0.005397945
0.006406357
0.007319064
0.008091201
0.008681685
0.0005494694
0.00126652
0.002114084
0.003051398
0.004034689
0.005018519
0.005957371
0.006807164
0.007526423
0.008077466
0.0005614546
0.001289531
0.002147603
0.003095269
0.004088915
0.005083101
0.006032206
0.006891946
0.007620356
0.008178674
0.0004594274
0.001055709
0.001759239
0.002536938
0.00335294
0.004169903
0.004950489
0.005658837
0.006261757
0.00672913
0.0004759826
0.001090958
0.001814819
0.002614028
0.003452154
0.004291165
0.005092944
0.00582074
0.006440256
0.006920041
0.0004056052
0.0009259105
0.001537424
0.002212528
0.00292072
0.003630037
0.00430854
0.004925852
0.00545481
0.005873289
0.0006046468
0.001400093
0.002343952
0.003389514
0.004486927
0.005584673
0.006631201
0.007576559
0.00837389
0.008981667
0.0005353856
0.001240179
0.002076786
0.003003826
0.003977128
0.004951056
0.005880013
0.006719929
0.007429537
0.007971833
0.0005218078
0.001207134
0.00201971
0.00291967
0.003864395
0.004809799
0.005711813
0.006527843
0.007217944
0.007745971
0.0006542543
0.001512206
0.00252881
0.003654186
0.004834967
0.006015913
0.007141678
0.008158566
0.009016199
0.009670384
0.0005772217
0.001333632
0.002229429
0.003220886
0.00426123
0.005302023
0.006294756
0.007192406
0.007950714
0.008529846
0.0006416393
0.001481386
0.002475428
0.003575333
0.004729214
0.005883306
0.006983718
0.007978145
0.008817363
0.009457668
0.0005353864
0.001240181
0.002076788
0.003003829
0.003977132
0.00495106
0.005880017
0.006719932
0.00742954
0.007971836
0.0006046475
0.001400094
0.002343954
0.003389517
0.00448693
0.005584676
0.006631204
0.007576562
0.008373893
0.00898167
0.0005772227
0.001333634
0.002229431
0.00322089
0.004261234
0.005302027
0.006294759
0.00719241
0.007950717
0.008529849
0.0006416402
0.001481388
0.002475431
0.003575336
0.004729217
0.00588331
0.006983722
0.007978149
0.008817366
0.009457671
0.000654255
0.001512208
0.002528813
0.003654189
0.00483497
0.006015917
0.007141682
0.00815857
0.009016203
0.009670388
0.0005218087
0.001207136
0.002019712
0.002919673
0.003864399
0.004809803
0.005711816
0.006527846
0.007217946
0.007745974
0.0005353884
0.001240184
0.002076793
0.003003835
0.003977137
0.004951064
0.005880018
0.006719931
0.007429536
0.00797183
0.0005218106
0.00120714
0.002019717
0.002919678
0.003864404
0.004809807
0.005711818
0.006527845
0.007217943
0.007745968
0.0005772244
0.001333637
0.002229436
0.003220894
0.004261239
0.00530203
0.00629476
0.007192408
0.007950713
0.008529842
0.0006046493
0.001400098
0.002343959
0.003389523
0.004486935
0.00558468
0.006631206
0.007576561
0.008373889
0.008981664
0.0006416419
0.001481391
0.002475435
0.003575341
0.004729222
0.005883312
0.006983723
0.007978147
0.008817361
0.009457664
0.0006542568
0.001512211
0.002528817
0.003654194
0.004834975
0.00601592
0.007141683
0.008158568
0.009016198
0.009670382
0.0006046507
0.0014001
0.002343963
0.003389527
0.004486939
0.005584683
0.006631208
0.007576562
0.008373888
0.008981662
0.0005218118
0.001207142
0.002019721
0.002919682
0.003864408
0.00480981
0.00571182
0.006527846
0.007217943
0.007745967
0.0006542579
0.001512213
0.00252882
0.003654198
0.004834979
0.006015923
0.007141686
0.008158569
0.009016199
0.009670381
0.000641643
0.001481393
0.002475438
0.003575344
0.004729225
0.005883316
0.006983726
0.007978149
0.008817362
0.009457664
0.0005772256
0.00133364
0.002229439
0.003220898
0.004261243
0.005302033
0.006294763
0.00719241
0.007950714
0.008529842
0.0005353897
0.001240187
0.002076797
0.003003839
0.003977141
0.004951067
0.005880021
0.006719932
0.007429535
0.007971828
0.0006416424
0.001481392
0.002475437
0.003575342
0.004729224
0.005883315
0.006983725
0.007978149
0.008817363
0.009457665
0.0005772249
0.001333638
0.002229437
0.003220896
0.00426124
0.005302031
0.006294762
0.007192409
0.007950714
0.008529843
0.0006046503
0.0014001
0.002343962
0.003389525
0.004486938
0.005584682
0.006631208
0.007576562
0.008373889
0.008981664
0.0005353892
0.001240186
0.002076795
0.003003837
0.003977139
0.004951066
0.005880021
0.006719933
0.007429537
0.00797183
0.0006542576
0.001512213
0.002528819
0.003654197
0.004834978
0.006015923
0.007141685
0.008158569
0.009016199
0.009670382
0.0005218112
0.001207141
0.002019719
0.002919681
0.003864406
0.004809809
0.00571182
0.006527846
0.007217944
0.007745968
0.0006046485
0.001400096
0.002343957
0.00338952
0.004486932
0.005584677
0.006631203
0.007576559
0.008373888
0.008981664
0.0006542558
0.001512209
0.002528814
0.003654191
0.004834972
0.006015917
0.00714168
0.008158566
0.009016197
0.009670381
0.0005353874
0.001240182
0.00207679
0.003003832
0.003977133
0.004951061
0.005880016
0.006719929
0.007429535
0.00797183
0.0006416406
0.001481388
0.002475432
0.003575337
0.004729217
0.005883309
0.00698372
0.007978145
0.008817361
0.009457664
0.000577223
0.001333635
0.002229432
0.00322089
0.004261234
0.005302026
0.006294757
0.007192407
0.007950713
0.008529843
0.0005218093
0.001207138
0.002019714
0.002919675
0.0038644
0.004809803
0.005711815
0.006527843
0.007217942
0.007745969
0.0005353858
0.001240179
0.002076786
0.003003827
0.003977128
0.004951057
0.005880014
0.006719929
0.007429537
0.007971833
0.0006416395
0.001481386
0.002475429
0.003575333
0.004729214
0.005883306
0.006983719
0.007978145
0.008817363
0.009457667
0.0006046468
0.001400093
0.002343952
0.003389514
0.004486927
0.005584673
0.006631201
0.007576559
0.00837389
0.008981667
0.0005772219
0.001333632
0.002229429
0.003220887
0.004261231
0.005302023
0.006294756
0.007192406
0.007950714
0.008529846
0.0005218079
0.001207135
0.00201971
0.00291967
0.003864396
0.0048098
0.005711813
0.006527843
0.007217944
0.007745971
0.0006542544
0.001512206
0.002528811
0.003654186
0.004834967
0.006015914
0.007141679
0.008158566
0.009016199
0.009670384
0.0006416396
0.001481387
0.002475429
0.003575334
0.004729215
0.005883308
0.006983721
0.007978148
0.008817366
0.009457671
0.000577222
0.001333633
0.002229429
0.003220887
0.004261232
0.005302024
0.006294758
0.007192409
0.007950717
0.008529849
0.0005218081
0.001207135
0.002019711
0.002919671
0.003864397
0.004809801
0.005711815
0.006527845
0.007217946
0.007745974
0.0006542548
0.001512207
0.002528812
0.003654188
0.004834969
0.006015916
0.007141681
0.008158569
0.009016202
0.009670388
0.0005353861
0.00124018
0.002076787
0.003003828
0.003977131
0.004951059
0.005880016
0.006719932
0.007429539
0.007971836
0.0006046473
0.001400094
0.002343954
0.003389517
0.00448693
0.005584676
0.006631204
0.007576562
0.008373893
0.00898167
0.0006046492
0.001400097
0.002343959
0.003389522
0.004486935
0.005584679
0.006631206
0.007576561
0.008373889
0.008981664
0.0005353881
0.001240184
0.002076792
0.003003834
0.003977136
0.004951063
0.005880018
0.006719931
0.007429536
0.00797183
0.0006542566
0.001512211
0.002528817
0.003654194
0.004834975
0.00601592
0.007141683
0.008158568
0.009016199
0.009670382
0.0005218101
0.001207139
0.002019716
0.002919677
0.003864403
0.004809806
0.005711818
0.006527845
0.007217944
0.007745969
0.0006416414
0.00148139
0.002475434
0.003575339
0.004729221
0.005883312
0.006983723
0.007978148
0.008817363
0.009457666
0.0005772238
0.001333636
0.002229434
0.003220893
0.004261237
0.005302029
0.00629476
0.007192409
0.007950714
0.008529844
0.0006542578
0.001512213
0.00252882
0.003654197
0.004834978
0.006015923
0.007141685
0.008158569
0.009016198
0.009670379
0.0006046506
0.0014001
0.002343963
0.003389526
0.004486939
0.005584683
0.006631208
0.007576561
0.008373888
0.008981661
0.0006416428
0.001481393
0.002475438
0.003575343
0.004729224
0.005883315
0.006983724
0.007978148
0.008817361
0.009457662
0.0005772253
0.001333639
0.002229438
0.003220897
0.004261241
0.005302032
0.006294761
0.007192408
0.007950712
0.00852984
0.0005353896
0.001240187
0.002076796
0.003003838
0.00397714
0.004951067
0.00588002
0.006719932
0.007429535
0.007971827
0.0005218116
0.001207142
0.00201972
0.002919682
0.003864407
0.004809809
0.005711819
0.006527845
0.007217942
0.007745966
0.0005772255
0.00133364
0.002229439
0.003220898
0.004261243
0.005302033
0.006294763
0.00719241
0.007950714
0.008529843
0.0005218117
0.001207142
0.00201972
0.002919682
0.003864408
0.00480981
0.005711821
0.006527847
0.007217944
0.007745968
0.0006416429
0.001481393
0.002475438
0.003575344
0.004729225
0.005883316
0.006983726
0.007978149
0.008817363
0.009457665
0.0005353895
0.001240187
0.002076796
0.003003838
0.00397714
0.004951067
0.005880021
0.006719933
0.007429537
0.00797183
0.0006542577
0.001512213
0.00252882
0.003654197
0.004834978
0.006015923
0.007141686
0.00815857
0.0090162
0.009670382
0.0006046504
0.0014001
0.002343962
0.003389526
0.004486939
0.005584683
0.006631208
0.007576563
0.00837389
0.008981664
0.0006046487
0.001400096
0.002343957
0.00338952
0.004486933
0.005584677
0.006631204
0.007576559
0.008373888
0.008981664
0.0006542562
0.00151221
0.002528815
0.003654192
0.004834973
0.006015918
0.007141681
0.008158566
0.009016197
0.009670381
0.0005353877
0.001240183
0.002076791
0.003003832
0.003977134
0.004951062
0.005880017
0.00671993
0.007429535
0.00797183
0.00052181
0.001207139
0.002019715
0.002919677
0.003864402
0.004809805
0.005711816
0.006527844
0.007217942
0.007745968
0.0005772239
0.001333636
0.002229435
0.003220893
0.004261237
0.005302028
0.006294759
0.007192407
0.007950712
0.008529842
0.0006416414
0.00148139
0.002475434
0.003575339
0.00472922
0.005883311
0.006983721
0.007978146
0.00881736
0.009457663
0.0004056046
0.0009259094
0.001537422
0.002212526
0.002920718
0.003630035
0.004308539
0.004925852
0.00545481
0.00587329
0.0005937734
0.001366099
0.002277603
0.003284878
0.004341192
0.005397943
0.006406356
0.007319064
0.008091202
0.008681687
0.0005494685
0.001266518
0.002114081
0.003051395
0.004034686
0.005018517
0.005957369
0.006807164
0.007526424
0.008077468
0.0004594265
0.001055707
0.001759236
0.002536935
0.003352938
0.004169901
0.004950487
0.005658837
0.006261758
0.006729132
0.0005614541
0.00128953
0.002147602
0.003095268
0.004088913
0.005083099
0.006032205
0.006891946
0.007620356
0.008178675
0.0004759821
0.001090957
0.001814818
0.002614026
0.003452152
0.004291164
0.005092943
0.00582074
0.006440256
0.006920042
0.0004594262
0.001055706
0.001759236
0.002536934
0.003352936
0.004169899
0.004950486
0.005658836
0.006261757
0.006729131
0.0005494684
0.001266518
0.002114081
0.003051395
0.004034686
0.005018517
0.00595737
0.006807166
0.007526426
0.008077471
0.0004759816
0.001090956
0.001814816
0.002614025
0.00345215
0.004291162
0.005092942
0.005820739
0.006440256
0.006920041
0.0004056039
0.0009259079
0.00153742
0.002212523
0.002920715
0.003630032
0.004308535
0.004925848
0.005454806
0.005873286
0.0005937731
0.001366098
0.002277603
0.003284878
0.004341192
0.005397944
0.006406357
0.007319066
0.008091205
0.00868169
0.0005614537
0.00128953
0.002147601
0.003095267
0.004088913
0.0050831
0.006032206
0.006891948
0.007620359
0.008178679
0.0004759834
0.00109096
0.001814821
0.002614031
0.003452156
0.004291168
0.005092947
0.005820742
0.006440258
0.006920042
0.0004056058
0.0009259118
0.001537426
0.00221253
0.002920722
0.003630039
0.004308542
0.004925854
0.005454811
0.00587329
0.0005614554
0.001289533
0.002147606
0.003095272
0.004088918
0.005083104
0.006032209
0.006891949
0.007620358
0.008178676
0.000459428
0.00105571
0.001759241
0.00253694
0.003352943
0.004169906
0.004950491
0.005658839
0.006261758
0.006729131
0.0005937748
0.001366102
0.002277608
0.003284883
0.004341198
0.005397948
0.00640636
0.007319067
0.008091203
0.008681686
0.0005494702
0.001266521
0.002114086
0.003051401
0.004034692
0.005018522
0.005957373
0.006807166
0.007526424
0.008077467
0.000405607
0.0009259141
0.001537429
0.002212533
0.002920725
0.003630041
0.004308543
0.004925853
0.005454808
0.005873285
0.0005614568
0.001289536
0.002147609
0.003095276
0.004088922
0.005083106
0.006032209
0.006891948
0.007620354
0.008178671
0.0005494717
0.001266524
0.00211409
0.003051405
0.004034695
0.005018525
0.005957374
0.006807166
0.007526421
0.008077463
0.0004594294
0.001055712
0.001759244
0.002536944
0.003352946
0.004169908
0.004950492
0.005658838
0.006261756
0.006729127
0.0004759847
0.001090962
0.001814824
0.002614034
0.003452159
0.00429117
0.005092947
0.005820741
0.006440254
0.006920037
0.0005937763
0.001366104
0.002277611
0.003284887
0.004341201
0.005397951
0.006406361
0.007319066
0.008091201
0.008681682
0.0005614575
0.001289537
0.002147612
0.003095279
0.004088925
0.00508311
0.006032213
0.006891951
0.007620358
0.008178674
0.0005937768
0.001366105
0.002277613
0.003284889
0.004341204
0.005397954
0.006406364
0.007319069
0.008091204
0.008681685
0.0005494721
0.001266525
0.002114091
0.003051407
0.004034697
0.005018527
0.005957377
0.006807168
0.007526424
0.008077465
0.0004759853
0.001090963
0.001814826
0.002614036
0.003452162
0.004291172
0.005092949
0.005820742
0.006440255
0.006920037
0.0004056072
0.0009259144
0.001537429
0.002212533
0.002920725
0.00363004
0.004308541
0.004925849
0.005454804
0.00587328
0.0004594297
0.001055713
0.001759245
0.002536945
0.003352947
0.004169909
0.004950492
0.005658838
0.006261755
0.006729126
0.0004594285
0.001055711
0.001759242
0.002536941
0.003352944
0.004169906
0.004950491
0.005658838
0.006261757
0.006729129
0.0005494706
0.001266522
0.002114087
0.003051401
0.004034692
0.005018522
0.005957373
0.006807165
0.007526422
0.008077465
0.0005937753
0.001366102
0.002277609
0.003284884
0.004341198
0.005397948
0.006406359
0.007319065
0.008091201
0.008681683
0.0004056063
0.0009259128
0.001537427
0.002212531
0.002920723
0.00363004
0.004308542
0.004925853
0.005454809
0.005873287
0.0004759841
0.001090961
0.001814823
0.002614032
0.003452158
0.004291169
0.005092947
0.005820741
0.006440255
0.006920039
0.0005614561
0.001289534
0.002147608
0.003095274
0.00408892
0.005083105
0.006032208
0.006891947
0.007620355
0.008178672
0.0001739426
0.0003913569
0.0006439593
0.0009215992
0.001212581
0.001504408
0.001784572
0.002041254
0.002263627
0.002440426
0.0001439045
0.000323587
0.0005321932
0.0007613768
0.00100153
0.001242381
0.001473641
0.001685582
0.001869356
0.002016615
0.0002425367
0.0005467456
0.0009008698
0.001290415
0.001698751
0.002108171
0.002500977
0.002860484
0.003171509
0.003417519
0.0002425367
0.0005467456
0.0009008698
0.001290415
0.001698751
0.002108171
0.002500978
0.002860484
0.003171509
0.003417519
0.0001739425
0.0003913568
0.0006439591
0.0009215991
0.001212581
0.001504408
0.001784572
0.002041254
0.002263627
0.002440426
0.0002755242
0.0006238437
0.001030164
0.001477364
0.00194615
0.002416069
0.002866647
0.003278388
0.003632931
0.003909554
0.0001739432
0.0003913582
0.0006439608
0.0009216008
0.001212582
0.001504409
0.001784572
0.002041253
0.002263625
0.002440422
0.0001439051
0.0003235881
0.0005321946
0.0007613783
0.001001531
0.001242382
0.001473641
0.001685582
0.001869354
0.002016612
0.0002425375
0.000546747
0.0009008715
0.001290417
0.001698752
0.002108171
0.002500976
0.002860481
0.003171505
0.003417514
0.0001739431
0.000391358
0.0006439606
0.0009216006
0.001212582
0.001504409
0.001784572
0.002041253
0.002263625
0.002440423
0.0002425374
0.000546747
0.0009008714
0.001290417
0.001698752
0.002108171
0.002500977
0.002860482
0.003171507
0.003417515
0.000275525
0.0006238452
0.001030166
0.001477366
0.001946152
0.002416069
0.002866646
0.003278385
0.003632927
0.003909549
0.0001739441
0.0003913598
0.000643963
0.0009216032
0.001212584
0.001504411
0.001784573
0.002041253
0.002263624
0.002440421
0.0001739442
0.0003913599
0.0006439631
0.0009216034
0.001212584
0.001504411
0.001784573
0.002041253
0.002263624
0.00244042
0.0002425386
0.0005467492
0.0009008744
0.00129042
0.001698755
0.002108173
0.002500978
0.002860482
0.003171505
0.003417512
0.0001439059
0.0003235896
0.0005321966
0.0007613805
0.001001534
0.001242384
0.001473642
0.001685582
0.001869353
0.00201661
0.0002425386
0.0005467491
0.0009008742
0.00129042
0.001698755
0.002108173
0.002500978
0.002860482
0.003171505
0.003417512
0.0002755261
0.0006238474
0.001030168
0.001477369
0.001946154
0.002416071
0.002866647
0.003278385
0.003632925
0.003909545
0.0002755274
0.0006238501
0.001030173
0.001477374
0.001946161
0.002416078
0.002866655
0.003278393
0.003632932
0.003909553
0.0001439065
0.0003235909
0.0005321986
0.0007613831
0.001001537
0.001242387
0.001473646
0.001685585
0.001869357
0.002016613
0.0002425396
0.0005467514
0.0009008777
0.001290424
0.00169876
0.002108179
0.002500984
0.002860488
0.003171511
0.003417518
0.0002425397
0.0005467514
0.0009008778
0.001290424
0.00169876
0.00210818
0.002500985
0.002860488
0.003171511
0.003417518
0.0001739449
0.0003913614
0.0006439653
0.0009216063
0.001212588
0.001504414
0.001784577
0.002041257
0.002263628
0.002440424
0.0001739449
0.0003913614
0.0006439654
0.0009216064
0.001212588
0.001504415
0.001784577
0.002041257
0.002263628
0.002440425
0.0001439057
0.0003235893
0.0005321962
0.0007613801
0.001001533
0.001242384
0.001473642
0.001685582
0.001869354
0.002016611
0.0001739439
0.0003913594
0.0006439625
0.0009216027
0.001212584
0.00150441
0.001784573
0.002041253
0.002263625
0.002440422
0.0002425383
0.0005467487
0.0009008737
0.001290419
0.001698754
0.002108173
0.002500978
0.002860482
0.003171506
0.003417513
0.000173944
0.0003913596
0.0006439627
0.0009216029
0.001212584
0.00150441
0.001784573
0.002041253
0.002263624
0.002440421
0.0002425384
0.0005467489
0.0009008739
0.00129042
0.001698755
0.002108173
0.002500978
0.002860482
0.003171505
0.003417513
0.0002755259
0.0006238471
0.001030168
0.001477369
0.001946154
0.002416071
0.002866647
0.003278386
0.003632926
0.003909547
0.0001739429
0.0003913574
0.0006439597
0.0009215995
0.001212581
0.001504407
0.001784571
0.002041252
0.002263624
0.002440422
0.0001439047
0.0003235874
0.0005321936
0.0007613771
0.00100153
0.001242381
0.00147364
0.001685581
0.001869354
0.002016612
0.0001739427
0.0003913571
0.0006439594
0.0009215991
0.00121258
0.001504407
0.001784571
0.002041252
0.002263624
0.002440422
0.000242537
0.0005467461
0.0009008701
0.001290415
0.00169875
0.002108169
0.002500975
0.00286048
0.003171504
0.003417513
0.0002755244
0.0006238441
0.001030164
0.001477364
0.001946149
0.002416067
0.002866644
0.003278384
0.003632925
0.003909548
0.0002425368
0.0005467458
0.0009008697
0.001290415
0.00169875
0.002108169
0.002500975
0.00286048
0.003171505
0.003417514
1.060807e-20
3.475374e-20
7.479086e-20
1.32373e-19
2.083683e-19
3.028195e-19
4.149475e-19
5.432034e-19
6.853676e-19
8.386592e-19
0
0
0
0
0
0
0
0
0
0
0
0
0
0
0
0
0
0
0
0
0
0
0
0
0
0
0
0
0
0
8.199066e-21
2.668206e-20
5.713638e-20
1.007595e-19
1.581865e-19
2.294542e-19
3.140009e-19
4.107009e-19
5.179152e-19
6.334461e-19
2.771732e-37
1.179173e-36
3.110694e-36
6.516915e-36
1.186448e-35
1.962129e-35
3.023624e-35
4.412017e-35
6.162854e-35
8.304247e-35
4.635296e-37
1.985199e-36
5.263851e-36
1.1071e-35
2.021598e-35
3.35094e-35
5.172667e-35
7.557324e-35
1.056536e-34
1.424461e-34
1.371168e-20
4.501252e-20
9.698587e-20
1.717814e-19
2.705178e-19
3.932329e-19
5.388852e-19
7.05406e-19
8.898084e-19
1.088358e-18
1.566983e-53
8.27804e-53
2.607273e-52
6.349877e-52
1.318398e-51
2.451199e-51
4.199843e-51
6.754632e-51
1.03263e-50
1.514176e-50
0
0
0
0
0
0
0
0
0
0
0
0
0
0
0
0
0
0
0
0
0
0
0
0
0
0
0
0
0
0
0
0
0
0
0
0
0
0
0
0
0
0
0
0
0
0
0
0
0
0
1.371174e-20
4.50127e-20
9.698621e-20
1.71782e-19
2.705185e-19
3.932338e-19
5.388862e-19
7.054071e-19
8.898096e-19
1.088359e-18
0
0
0
0
0
0
0
0
0
0
0
0
0
0
0
0
0
0
0
0
1.197343e-20
3.918047e-20
8.422408e-20
1.489283e-19
2.342475e-19
3.402204e-19
4.659699e-19
6.097491e-19
7.690274e-19
9.405757e-19
1.060818e-20
3.475407e-20
7.479149e-20
1.32374e-19
2.083697e-19
3.028211e-19
4.149494e-19
5.432053e-19
6.853695e-19
8.38661e-19
0
0
0
0
0
0
0
0
0
0
0
0
0
0
0
0
0
0
0
0
0
0
0
0
0
0
0
0
0
0
0
0
0
0
0
0
0
0
0
0
8.199165e-21
2.668235e-20
5.713694e-20
1.007603e-19
1.581877e-19
2.294557e-19
3.140026e-19
4.107027e-19
5.179171e-19
6.334479e-19
1.371173e-20
4.501268e-20
9.698616e-20
1.717819e-19
2.705183e-19
3.932336e-19
5.388859e-19
7.054067e-19
8.89809e-19
1.088358e-18
0
0
0
0
0
0
0
0
0
0
0
0
0
0
0
0
0
0
0
0
0
0
0
0
0
0
0
0
0
0
0
0
0
0
0
0
0
0
0
0
0
0
0
0
0
0
0
0
0
0
0
0
0
0
0
0
0
0
0
0
0
0
0
0
0
0
0
0
0
0
0
0
0
0
0
0
0
0
0
0
1.197337e-20
3.918028e-20
8.422373e-20
1.489277e-19
2.342468e-19
3.402195e-19
4.659689e-19
6.09748e-19
7.690263e-19
9.405746e-19
0
0
0
0
0
0
0
0
0
0
1.371168e-20
4.501255e-20
9.698593e-20
1.717815e-19
2.705179e-19
3.932331e-19
5.388855e-19
7.054064e-19
8.898089e-19
1.088358e-18
0.0004076388
0.0009366354
0.001560961
0.002251361
0.002976018
0.003701789
0.004395607
0.005025867
0.005563507
0.005981736
0.0004357842
0.001005851
0.001680797
0.00242806
0.003212593
0.003998061
0.004748224
0.005428302
0.00600603
0.006452057
0.0003137946
0.0007142466
0.001184327
0.001703322
0.002247998
0.002793934
0.003316831
0.003793902
0.004205322
0.004534478
0.0002679451
0.0006140204
0.001022417
0.001474375
0.001949162
0.00242513
0.002880821
0.003296156
0.003653859
0.003941142
0.0002534592
0.0005772882
0.0009577462
0.001378058
0.001819375
0.00226189
0.002685948
0.003073251
0.003408177
0.00367874
0.0003633224
0.0008379924
0.001400071
0.002022653
0.002676616
0.00333174
0.003957968
0.004526702
0.005011988
0.005391143
0.0002679461
0.0006140226
0.00102242
0.00147438
0.001949167
0.002425136
0.002880827
0.003296163
0.003653865
0.003941149
0.0003633237
0.0008379952
0.001400075
0.002022659
0.002676623
0.003331748
0.003957977
0.004526711
0.005011997
0.005391152
0.0002534599
0.0005772898
0.0009577484
0.00137806
0.001819378
0.002261892
0.002685951
0.003073253
0.003408178
0.003678741
0.0003137958
0.0007142491
0.001184331
0.001703326
0.002248004
0.00279394
0.003316836
0.003793908
0.004205328
0.004534483
0.0004076403
0.0009366386
0.001560965
0.002251367
0.002976025
0.003701797
0.004395615
0.005025875
0.005563515
0.005981744
0.0004357854
0.001005853
0.001680801
0.002428065
0.003212599
0.003998068
0.004748231
0.005428308
0.006006036
0.006452063
0.0004076419
0.0009366417
0.00156097
0.002251372
0.002976029
0.0037018
0.004395616
0.005025874
0.005563512
0.005981739
0.0004357872
0.001005857
0.001680806
0.00242807
0.003212603
0.003998071
0.004748232
0.005428307
0.006006032
0.006452057
0.0003137971
0.0007142515
0.001184334
0.00170333
0.002248007
0.002793942
0.003316837
0.003793907
0.004205325
0.004534478
0.0003633254
0.0008379985
0.001400079
0.002022664
0.002676627
0.003331752
0.003957978
0.00452671
0.005011994
0.005391147
0.0002534611
0.000577292
0.0009577513
0.001378063
0.00181938
0.002261894
0.002685951
0.003073252
0.003408175
0.003678736
0.0002679475
0.0006140252
0.001022424
0.001474383
0.00194917
0.002425139
0.002880828
0.003296162
0.003653863
0.003941144
0.0003137979
0.000714253
0.001184336
0.001703332
0.002248009
0.002793943
0.003316837
0.003793906
0.004205322
0.004534474
0.0002534622
0.0005772941
0.0009577542
0.001378067
0.001819384
0.002261898
0.002685954
0.003073254
0.003408177
0.003678737
0.0002679482
0.0006140265
0.001022425
0.001474385
0.001949171
0.002425139
0.002880827
0.003296159
0.003653858
0.003941139
0.0004076426
0.0009366428
0.001560971
0.002251373
0.002976029
0.003701799
0.004395614
0.005025871
0.005563507
0.005981732
0.0004357881
0.001005859
0.001680808
0.002428072
0.003212605
0.003998072
0.004748232
0.005428305
0.006006029
0.006452052
0.0003633261
0.0008379997
0.001400081
0.002022665
0.002676627
0.00333175
0.003957975
0.004526706
0.005011987
0.005391138
0.0002534617
0.0005772931
0.0009577529
0.001378065
0.001819383
0.002261896
0.002685953
0.003073254
0.003408177
0.003678738
0.0003633261
0.0008379999
0.001400081
0.002022666
0.00267663
0.003331754
0.00395798
0.004526712
0.005011995
0.005391147
0.0003137976
0.0007142526
0.001184336
0.001703332
0.002248009
0.002793944
0.00331684
0.00379391
0.004205327
0.00453448
0.0004076423
0.0009366425
0.001560971
0.002251373
0.002976031
0.003701802
0.004395618
0.005025876
0.005563513
0.00598174
0.0002679481
0.0006140264
0.001022425
0.001474386
0.001949172
0.002425141
0.00288083
0.003296163
0.003653863
0.003941144
0.0004357878
0.001005858
0.001680807
0.002428072
0.003212605
0.003998073
0.004748234
0.005428308
0.006006033
0.006452057
0.0004076406
0.000936639
0.001560966
0.002251368
0.002976025
0.003701797
0.004395614
0.005025874
0.005563513
0.005981741
0.0004357859
0.001005854
0.001680802
0.002428066
0.003212599
0.003998067
0.00474823
0.005428305
0.006006032
0.006452058
0.000313796
0.0007142496
0.001184332
0.001703327
0.002248004
0.00279394
0.003316836
0.003793907
0.004205326
0.00453448
0.0003633244
0.0008379965
0.001400077
0.00202266
0.002676624
0.003331749
0.003957976
0.004526709
0.005011994
0.005391147
0.0002534602
0.0005772903
0.0009577489
0.001378061
0.001819378
0.002261892
0.00268595
0.003073252
0.003408176
0.003678738
0.0002679466
0.0006140235
0.001022421
0.001474381
0.001949167
0.002425136
0.002880826
0.003296161
0.003653862
0.003941145
0.0003736625
0.0008634577
0.001444356
0.002088222
0.002764688
0.003442307
0.004089816
0.004677458
0.005178284
0.005569135
0.0002824817
0.0006503067
0.001086008
0.001568974
0.002076627
0.002585509
0.003072388
0.003515512
0.003896249
0.004201619
0.000282482
0.0006503072
0.001086009
0.001568975
0.002076628
0.002585511
0.003072391
0.003515515
0.003896252
0.004201623
0.0004622162
0.001070603
0.00179298
0.002593746
0.003434791
0.004276737
0.005080327
0.005807824
0.006424229
0.006898307
0.0004622164
0.001070603
0.001792981
0.002593747
0.003434792
0.004276738
0.005080328
0.005807825
0.006424229
0.006898307
0.0003736621
0.0008634568
0.001444355
0.00208822
0.002764685
0.003442305
0.004089812
0.004677454
0.00517828
0.005569131
0.0002824822
0.0006503076
0.001086009
0.001568976
0.002076629
0.002585511
0.00307239
0.003515514
0.00389625
0.004201621
0.0003736626
0.0008634578
0.001444356
0.002088222
0.002764688
0.003442307
0.004089815
0.004677456
0.005178282
0.005569133
0.0004622167
0.001070604
0.001792982
0.002593748
0.003434793
0.00427674
0.00508033
0.005807826
0.006424231
0.006898309
0.0003736631
0.0008634589
0.001444358
0.002088224
0.00276469
0.00344231
0.004089818
0.00467746
0.005178286
0.005569137
0.0002824825
0.0006503083
0.00108601
0.001568977
0.00207663
0.002585513
0.003072393
0.003515517
0.003896253
0.004201624
0.0004622169
0.001070604
0.001792983
0.002593749
0.003434794
0.004276741
0.00508033
0.005807827
0.006424232
0.006898309
0.0004622187
0.001070608
0.001792987
0.002593754
0.003434799
0.004276745
0.005080332
0.005807827
0.006424229
0.006898304
0.0003736649
0.0008634624
0.001444363
0.00208823
0.002764696
0.003442314
0.00408982
0.00467746
0.005178283
0.005569132
0.0003736646
0.0008634619
0.001444362
0.002088229
0.002764695
0.003442314
0.00408982
0.00467746
0.005178284
0.005569132
0.0004622189
0.001070608
0.001792988
0.002593755
0.0034348
0.004276745
0.005080333
0.005807827
0.006424229
0.006898304
0.0002824842
0.0006503118
0.001086015
0.001568983
0.002076637
0.002585519
0.003072398
0.00351552
0.003896255
0.004201624
0.0002824842
0.0006503117
0.001086015
0.001568983
0.002076636
0.002585519
0.003072398
0.00351552
0.003896255
0.004201624
0.0002824849
0.000650313
0.001086016
0.001568984
0.002076637
0.002585517
0.003072395
0.003515515
0.003896248
0.004201615
0.0003736659
0.0008634643
0.001444365
0.002088232
0.002764697
0.003442315
0.00408982
0.004677458
0.005178279
0.005569126
0.0002824851
0.0006503134
0.001086017
0.001568985
0.002076638
0.002585519
0.003072397
0.003515517
0.003896251
0.004201618
0.000373666
0.0008634646
0.001444366
0.002088233
0.002764699
0.003442317
0.004089822
0.00467746
0.005178282
0.00556913
0.0004622202
0.00107061
0.001792991
0.002593759
0.003434803
0.004276748
0.005080335
0.005807827
0.006424227
0.006898301
0.0004622202
0.00107061
0.001792991
0.002593759
0.003434803
0.004276748
0.005080335
0.005807827
0.006424228
0.006898302
0.0002824847
0.0006503125
0.001086016
0.001568983
0.002076636
0.002585517
0.003072394
0.003515515
0.003896249
0.004201616
0.0003736656
0.0008634638
0.001444365
0.002088231
0.002764697
0.003442315
0.00408982
0.004677458
0.00517828
0.005569128
0.0002824848
0.0006503129
0.001086016
0.001568984
0.002076637
0.002585519
0.003072397
0.003515518
0.003896252
0.00420162
0.0004622199
0.00107061
0.001792991
0.002593758
0.003434803
0.004276748
0.005080335
0.005807828
0.006424229
0.006898303
0.0003736657
0.000863464
0.001444365
0.002088232
0.002764698
0.003442317
0.004089822
0.004677461
0.005178284
0.005569132
0.0004622198
0.00107061
0.00179299
0.002593758
0.003434803
0.004276748
0.005080335
0.005807828
0.006424229
0.006898304
0.0002824836
0.0006503106
0.001086013
0.001568981
0.002076635
0.002585517
0.003072396
0.003515519
0.003896255
0.004201625
0.0002824837
0.0006503107
0.001086014
0.001568981
0.002076635
0.002585517
0.003072396
0.003515519
0.003896255
0.004201624
0.0003736642
0.0008634611
0.001444361
0.002088227
0.002764693
0.003442312
0.004089819
0.004677459
0.005178283
0.005569132
0.000373664
0.0008634607
0.001444361
0.002088227
0.002764693
0.003442312
0.004089819
0.004677459
0.005178283
0.005569133
0.000462218
0.001070606
0.001792985
0.002593752
0.003434797
0.004276742
0.00508033
0.005807825
0.006424228
0.006898304
0.0004622182
0.001070606
0.001792986
0.002593753
0.003434797
0.004276743
0.005080331
0.005807825
0.006424228
0.006898304
0.0003137952
0.000714248
0.00118433
0.001703325
0.002248002
0.002793938
0.003316835
0.003793907
0.004205326
0.004534482
0.0004076395
0.000936637
0.001560963
0.002251364
0.002976022
0.003701794
0.004395612
0.005025873
0.005563513
0.005981743
0.0002534594
0.0005772887
0.0009577467
0.001378058
0.001819375
0.00226189
0.002685949
0.003073252
0.003408177
0.00367874
0.0004357847
0.001005852
0.001680799
0.002428062
0.003212595
0.003998064
0.004748227
0.005428305
0.006006033
0.00645206
0.0002679456
0.0006140215
0.001022419
0.001474378
0.001949164
0.002425134
0.002880825
0.003296161
0.003653863
0.003941147
0.0003633231
0.0008379938
0.001400073
0.002022656
0.00267662
0.003331745
0.003957974
0.004526709
0.005011995
0.00539115
0.0004357845
0.001005852
0.001680798
0.002428062
0.003212594
0.003998063
0.004748226
0.005428303
0.006006032
0.006452058
0.0004076391
0.000936636
0.001560962
0.002251362
0.002976019
0.003701791
0.004395608
0.005025868
0.005563509
0.005981738
0.0003633228
0.0008379932
0.001400072
0.002022655
0.002676617
0.003331742
0.00395797
0.004526704
0.00501199
0.005391144
0.0003137949
0.0007142472
0.001184328
0.001703323
0.002248
0.002793935
0.003316832
0.003793904
0.004205324
0.004534479
0.0002679454
0.000614021
0.001022418
0.001474376
0.001949163
0.002425132
0.002880822
0.003296157
0.00365386
0.003941143
0.0002534594
0.0005772888
0.000957747
0.001378059
0.001819376
0.002261891
0.00268595
0.003073252
0.003408178
0.003678741
0.0002534608
0.0005772913
0.0009577504
0.001378062
0.00181938
0.002261894
0.002685951
0.003073253
0.003408177
0.003678738
0.0002679471
0.0006140245
0.001022423
0.001474382
0.001949169
0.002425138
0.002880827
0.003296162
0.003653863
0.003941145
0.000363325
0.0008379977
0.001400078
0.002022662
0.002676626
0.003331751
0.003957978
0.00452671
0.005011995
0.005391148
0.0003137967
0.0007142508
0.001184334
0.001703329
0.002248006
0.002793942
0.003316838
0.003793909
0.004205327
0.004534481
0.0004357866
0.001005856
0.001680804
0.002428069
0.003212602
0.00399807
0.004748232
0.005428307
0.006006033
0.006452058
0.0004076412
0.0009366404
0.001560968
0.00225137
0.002976027
0.003701799
0.004395616
0.005025875
0.005563514
0.005981741
0.0004357881
0.001005859
0.001680808
0.002428073
0.003212606
0.003998073
0.004748234
0.005428307
0.006006032
0.006452055
0.0003633265
0.0008380005
0.001400082
0.002022667
0.00267663
0.003331754
0.00395798
0.004526711
0.005011994
0.005391145
0.0002679483
0.0006140268
0.001022426
0.001474386
0.001949173
0.002425141
0.00288083
0.003296163
0.003653862
0.003941143
0.0003137979
0.0007142532
0.001184337
0.001703333
0.00224801
0.002793945
0.00331684
0.003793909
0.004205326
0.004534479
0.0004076426
0.000936643
0.001560971
0.002251374
0.002976031
0.003701802
0.004395618
0.005025875
0.005563512
0.005981738
0.0002534619
0.0005772935
0.0009577533
0.001378066
0.001819383
0.002261896
0.002685953
0.003073254
0.003408176
0.003678736
0.0004357881
0.001005859
0.001680808
0.002428072
0.003212605
0.003998072
0.004748232
0.005428306
0.00600603
0.006452054
0.0004076426
0.0009366428
0.001560971
0.002251373
0.00297603
0.0037018
0.004395615
0.005025871
0.005563507
0.005981733
0.000363326
0.0008379995
0.001400081
0.002022664
0.002676627
0.003331751
0.003957976
0.004526706
0.005011988
0.00539114
0.0003137979
0.0007142531
0.001184337
0.001703332
0.002248009
0.002793943
0.003316838
0.003793906
0.004205323
0.004534475
0.0002679481
0.0006140263
0.001022425
0.001474385
0.001949171
0.002425139
0.002880827
0.00329616
0.003653859
0.00394114
0.0002534621
0.0005772939
0.0009577539
0.001378066
0.001819384
0.002261898
0.002685954
0.003073255
0.003408177
0.003678738
0.0002534608
0.0005772913
0.0009577503
0.001378062
0.001819379
0.002261893
0.002685951
0.003073252
0.003408176
0.003678737
0.000267947
0.0006140243
0.001022422
0.001474382
0.001949169
0.002425138
0.002880827
0.003296162
0.003653863
0.003941145
0.0003137968
0.0007142509
0.001184334
0.001703329
0.002248006
0.002793941
0.003316837
0.003793907
0.004205325
0.004534479
0.0004076414
0.0009366406
0.001560968
0.00225137
0.002976027
0.003701799
0.004395615
0.005025874
0.005563512
0.00598174
0.0004357866
0.001005856
0.001680804
0.002428068
0.003212601
0.003998069
0.004748231
0.005428306
0.006006032
0.006452057
0.0003633248
0.0008379972
0.001400078
0.002022662
0.002676625
0.00333175
0.003957977
0.00452671
0.005011994
0.005391147
0
0
0
0
0
0
0
0
0
0
0
0
0
0
0
0
0
0
0
0
2.771734e-37
1.179173e-36
3.110695e-36
6.516915e-36
1.186448e-35
1.962128e-35
3.023622e-35
4.412015e-35
6.16285e-35
8.304242e-35
8.199071e-21
2.668207e-20
5.713638e-20
1.007594e-19
1.581865e-19
2.294541e-19
3.140007e-19
4.107006e-19
5.179148e-19
6.334454e-19
9.369975e-54
4.923247e-53
1.54391e-52
3.746983e-52
7.757826e-52
1.439089e-51
2.461239e-51
3.952741e-51
6.036121e-51
8.843409e-51
0
0
0
0
0
0
0
0
0
0
0
0
0
0
0
0
0
0
0
0
0
0
0
0
0
0
0
0
0
0
1.060808e-20
3.475377e-20
7.479092e-20
1.323731e-19
2.083685e-19
3.028197e-19
4.149478e-19
5.432037e-19
6.85368e-19
8.386596e-19
0
0
0
0
0
0
0
0
0
0
0
0
0
0
0
0
0
0
0
0
0
0
0
0
0
0
0
0
0
0
0
0
0
0
0
0
0
0
0
0
0
0
0
0
0
0
0
0
0
0
0
0
0
0
0
0
0
0
0
0
0
0
0
0
0
0
0
0
0
0
0
0
0
0
0
0
0
0
0
0
0
0
0
0
0
0
0
0
0
0
0
0
0
0
0
0
0
0
0
0
0
0
0
0
0
0
0
0
0
0
8.199131e-21
2.668224e-20
5.713672e-20
1.0076e-19
1.581872e-19
2.29455e-19
3.140017e-19
4.107016e-19
5.179158e-19
6.334463e-19
0
0
0
0
0
0
0
0
0
0
0
0
0
0
0
0
0
0
0
0
0
0
0
0
0
0
0
0
0
0
1.060819e-20
3.475407e-20
7.47915e-20
1.32374e-19
2.083697e-19
3.028211e-19
4.149494e-19
5.432054e-19
6.853697e-19
8.386612e-19
0
0
0
0
0
0
0
0
0
0
0
0
0
0
0
0
0
0
0
0
0
0
0
0
0
0
0
0
0
0
0
0
0
0
0
0
0
0
0
0
0
0
0
0
0
0
0
0
0
0
0
0
0
0
0
0
0
0
0
0
0
0
0
0
0
0
0
0
0
0
0
0
0
0
0
0
0
0
0
0
0
0
0
0
0
0
0
0
0
0
0
0
0
0
0
0
0
0
0
0
0
0
0
0
0
0
0
0
0
0
0
0
0
0
0
0
0
0
0
0
0
0
0
0
0
0
0
0
0
0
0
0
0
0
0
0
0
0
0
0
0
0
0
0
0
0
0
0
0
0
0
0
0
0
0
0
0
0
0
0
0
0
0
0
0
0
0
0
0
0
0
0
0
0
0
0
0
0
0
0
0
0
0
0
0
0
0
0
0
0
1.644561e-37
6.987117e-37
1.841164e-36
3.853727e-36
7.01085e-36
1.158778e-35
1.78488e-35
2.603612e-35
3.635975e-35
4.898799e-35
0
0
0
0
0
0
0
0
0
0
4.864778e-21
1.580382e-20
3.379491e-20
5.953365e-20
9.339089e-20
1.353902e-19
1.852073e-19
2.421892e-19
3.053836e-19
3.735561e-19
5.559515e-54
2.917979e-53
9.14212e-53
2.216982e-52
4.587033e-52
8.504335e-52
1.45382e-51
2.333983e-51
3.563142e-51
5.219203e-51
0
0
0
0
0
0
0
0
0
0
0
0
0
0
0
0
0
0
0
0
0
0
0
0
0
0
0
0
0
0
0
0
0
0
0
0
0
0
0
0
0
0
0
0
0
0
0
0
0
0
0
0
0
0
0
0
0
0
0
0
0
0
0
0
0
0
0
0
0
0
0
0
0
0
0
0
0
0
0
0
0
0
0
0
0
0
0
0
0
0
0
0
0
0
0
0
0
0
0
0
0
0
0
0
0
0
0
0
0
0
0
0
0
0
0
0
0
0
0
0
0
0
0
0
0
0
0
0
0
0
0
0
0
0
0
0
0
0
0
0
0
0
0
0
0
0
0
0
0
0
1.644568e-37
6.987146e-37
1.841171e-36
3.85374e-36
7.010871e-36
1.158781e-35
1.784884e-35
2.603617e-35
3.635981e-35
4.898806e-35
4.8648e-21
1.580389e-20
3.379503e-20
5.953384e-20
9.339113e-20
1.353905e-19
1.852077e-19
2.421895e-19
3.053839e-19
3.735564e-19
5.55954e-54
2.917991e-53
9.142156e-53
2.21699e-52
4.587048e-52
8.504361e-52
1.453824e-51
2.333989e-51
3.56315e-51
5.219214e-51
0
0
0
0
0
0
0
0
0
0
0
0
0
0
0
0
0
0
0
0
0
0
0
0
0
0
0
0
0
0
0
0
0
0
0
0
0
0
0
0
0
0
0
0
0
0
0
0
0
0
0
0
0
0
0
0
0
0
0
0
0
0
0
0
0
0
0
0
0
0
0
0
0
0
0
0
0
0
0
0
0
0
0
0
0
0
0
0
0
0
0
0
0
0
0
0
0
0
0
0
0
0
0
0
0
0
0
0
0
0
0
0
0
0
0
0
0
0
0
0
0
0
0
0
0
0
0
0
0
0
0
0
0
0
0
0
0
0
0
0
0
0
0
0
0
0
0
0
0
0
0
0
0
0
0
0
0
0
0
0
0
0
0
0
0
0
0
0
0
0
0
0
0
0
0
0
0
0
0
0
0
0
0
0
0
0
0
0
0
0
0
0
0
0
0
0
0
0
0
0
0
0
0
0
0
0
0
0
0
0
0
0
0
0
0
0
0
0
0
0
0
0
0
0
0
0
0
0
0
0
0
0
0
0
0
0
0
0
0
0
0
0
0
0
0
0
0
0
0
0
0
0
0
0
0
0
0
0
0
0
0
0
0
0
0
0
0
0
0
0
0
0
0
0
0
0
0
0
0
0
0
0
0
0
0
0
0
0
0
0
0
0
0
0
0
0
0
0
0
0
0
0
0
0
0
0
0
0
0
0
0
0
0
0
0
0
0
0
0
0
0
0
0
0
0
0
0
0
0
0
0
0
0
0
0
0
0
0
0
0
3.310244e-70
2.078046e-69
7.576868e-69
2.096305e-68
4.874826e-68
1.003982e-67
1.888865e-67
3.312003e-67
5.48778e-67
8.678621e-67
0
0
0
0
0
0
0
0
0
0
0
0
0
0
0
0
0
0
0
0
0
0
0
0
0
0
0
0
0
0
0
0
0
0
0
0
0
0
0
0
0
0
0
0
0
0
0
0
0
0
0
0
0
0
0
0
0
0
0
0
0
0
0
0
0
0
0
0
0
0
0
0
0
0
0
0
0
0
0
0
0
0
0
0
0
0
0
0
0
0
0
0
0
0
0
0
0
0
0
0
0
0
0
0
0
0
0
0
0
0
0
0
0
0
0
0
0
0
0
0
0
0
0
0
0
0
0
0
0
0
0
0
0
0
0
0
0
0
0
0
0
0
0
0
0
0
0
0
0
0
0
0
0
0
0
0
0
0
0
0
0
0
0
0
0
0
0
0
0
0
8.568331e-21
2.808388e-20
6.046101e-20
1.07047e-19
1.685519e-19
2.450162e-19
3.35816e-19
4.397088e-19
5.549238e-19
6.792854e-19
0
0
0
0
0
0
0
0
0
0
0
0
0
0
0
0
0
0
0
0
0
0
0
0
0
0
0
0
0
0
0
0
0
0
0
0
0
0
0
0
0
0
0
0
0
0
0
0
0
0
0
0
0
0
0
0
0
0
0
0
0
0
0
0
0
0
0
0
0
0
0
0
0
0
0
0
0
0
0
0
0
0
0
0
0
0
0
0
0
0
0
0
0
0
0
0
0
0
0
0
0
0
0
0
0
0
0
0
0
0
0
0
0
0
0
0
0
0
0
0
0
0
0
0
0
0
0
0
0
0
2.896584e-37
1.239053e-36
3.282976e-36
6.901766e-36
1.259976e-35
2.088268e-35
3.223512e-35
4.709971e-35
6.58592e-35
8.882278e-35
8.56839e-21
2.808405e-20
6.046133e-20
1.070475e-19
1.685525e-19
2.45017e-19
3.358169e-19
4.397097e-19
5.549247e-19
6.792861e-19
9.792037e-54
5.167879e-53
1.626613e-52
3.959787e-52
8.219196e-52
1.527868e-51
2.617591e-51
4.209819e-51
6.43622e-51
9.438915e-51
0
0
0
0
0
0
0
0
0
0
0
0
0
0
0
0
0
0
0
0
0
0
0
0
0
0
0
0
0
0
0
0
0
0
0
0
0
0
0
0
0
0
0
0
0
0
0
0
0
0
0
0
0
0
0
0
0
0
0
0
0
0
0
0
0
0
0
0
0
0
0
0
0
0
0
0
0
0
0
0
0
0
0
0
0
0
0
0
0
0
0
0
0
0
0
0
0
0
0
0
0
0
0
0
0
0
0
0
0
0
0
0
0
0
0
0
0
0
0
0
0
0
0
0
0
0
0
0
0
0
0
0
0
0
0
0
0
0
0
0
0
0
0
0
0
0
0
0
0
0
0
0
0
0
0
0
0
0
0
0
0
0
0
0
0
0
0
0
0
0
0
0
0
0
0
0
0
0
0
0
0
0
0
0
0
0
0
0
0
0
0
0
0
0
0
0
0
0
0
0
0
0
0
0
0
0
0
0
0
0
0
0
0
0
0
0
0
0
0
0
0
0
0
0
0
0
0
0
0
0
0
0
0
0
0
0
0
0
0
0
0
0
0
0
0
0
0
0
0
0
0
0
0
0
0
0
0
0
0
0
0
0
0
0
0
0
0
0
0
0
0
0
0
0
0
0
0
0
0
0
0
0
0
0
0
0
0
0
0
0
0
0
0
0
0
0
0
0
0
0
0
0
0
0
0
0
0
0
0
0
0
0
0
0
0
0
0
0
0
0
0
0
0
0
0
0
0
0
0
0
0
0
0
0
0
0
0
0
0
0
0
0
0
0
0
0
0
0
0
0
0
0
0
0
0
0
0
0
0
0
0
0
0
0
0
0
0
0
0
0
0
0
0
0
0
0
0
0
0
0
0
0
0
0
0
0
0
0
0
0
0
0
0
0
0
0
0
0
0
0
0
0
0
0
0
0
0
0
0
0
0
0
0
0
0
0
0
0
0
0
0
0
0
0
0
0
0
0
0
0
0
0
0
0
0
0
0
0
0
0
0
0
0
0
0
0
0
0
0
0
0
0
0
0
0
0
0
0
0
0
0
0
0
0
0
0
0
0
0
0
0
0
0
0
0
0
0
0
0
0
0
0
0
0
0
0
0
0
0
0
0
0
0
0
0
0
0
0
0
0
0
0
0
0
0
0
0
0
0
0
0
0
0
0
0
0
0
0
0
0
0
0
0
0
0
0
0
0
0
0
0
0
0
0
0
0
0
0
0
0
0
0
0
0
0
0
0
0
0
0
0
0
0
0
0
0
0
0
0
0
0
0
0
0
0
0
0
0
0
0
0
0
0
0
0
0
0
0
0
0
0
0
0
0
0
0
0
0
0
0
0
0
0
0
0
0
0
0
0
0
0
0
0
0
0
0
0
0
0
0
0
0
0
0
0
0
0
0
0
0
0
0
0
0
0
0
0
0
0
0
0
0
0
0
0
0
0
0
0
0
0
0
0
0
0
0
0
0
0
0
0
0
0
0
0
0
0
0
0
0
0
0
0
0
0
0
0
0
0
0
0
0
0
0
0
0
0
0
0
0
0
0
0
0
0
0
0
0
0
0
0
0
0
0
0
0
0
0
0
0
0
0
0
0
0
0
0
0
0
0
0
0
0
0
0
0
0
0
0
0
0
0
0
0
0
0
0
0
0
0
0
0
0
0
0
0
0
0
0
0
0
0
0
0
0
0
0
0
0
0
0
0
0
0
0
0
0
0
0
0
0
0
0
0
0
0
0
0
0
0
0
0
0
0
0
0
0
0
0
0
0
0
0
0
0
0
0
0
0
0
0
0
0
0
0
0
0
0
0
0
0
0
0
0
0
0
0
0
0
0
0
0
0
0
0
0
0
0
0
0
0
0
0
0
0
0
0
0
0
0
0
0
0
0
0
0
0
0
0
0
0
0
0
0
0
0
0
0
0
0
0
0
0
0
0
0
0
0
0
0
0
0
0
0
0
0
0
0
0
0
0
0
0
0
0
0
0
0
0
0
0
0
0
0
0
0
0
0
0
0
0
0
0
0
0
0
0
0
0
0
0
0
0
0
0
0
0
0
0
0
0
0
0
0
0
0
0
0
0
0
0
0
0
0
0
0
0
0
0
0
0
0
0
0
0
0
0
0
0
0
0
0
0
0
0
0
0
0
0
0
0
0
0
0
0
0
0
0
0
0
0
0
0
0
0
0
0
0
0
0
0
0
0
0
0
0
0
0
0
0
0
0
0
0
0
0
0
0
0
0
0
0
0
0
0
0
0
0
0
0
0
0
0
0
0
0
0
0
0
0
0
0
0
0
0
0
0
0
0
0
0
0
0
0
0
0
0
0
0
0
0
0
0
0
0
0
0
0
0
0
0
0
0
0
0
0
0
0
0
0
0
0
0
0
0
0
0
0
0
0
0
0
0
0
0
0
0
0
0
0
0
0
0
0
0
0
0
0
0
0
0
0
0
0
0
0
0
0
0
0
0
0
0
0
0
0
0
0
0
0
0
0
0
0
0
0
0
0
0
0
0
0
0
0
0
0
0
0
0
0
0
0
0
0
0
0
0
0
0
0
0
0
0
0
0
0
0
0
0
0
0
0
0
0
0
0
0
0
0
0
0
0
0
0
0
0
0
0
0
0
0
0
0
0
0
0
0
0
0
0
0
0
0
0
0
0
0
0
0
0
0
0
0
0
0
0
0
0
0
0
0
0
0
0
0
0
0
0
0
0
0
0
0
0
0
0
0
0
0
0
0
0
0
0
0
0
0
0
0
0
0
0
0
0
0
0
0
0
0
0
0
0
0
0
0
0
0
0
0
0
0
0
0
0
0
0
0
0
0
0
0
0
0
0
0
0
0
0
0
0
5.88021e-21
1.911021e-20
4.087956e-20
7.203465e-20
1.130265e-19
1.638837e-19
2.24212e-19
2.932175e-19
3.697405e-19
4.522403e-19
1.987832e-37
8.448128e-37
2.226765e-36
4.66193e-36
8.482843e-36
1.402301e-35
2.16026e-35
3.151495e-35
4.40142e-35
5.93024e-35
0
0
0
0
0
0
0
0
0
0
0
0
0
0
0
0
0
0
0
0
0
0
0
0
0
0
0
0
0
0
0
0
0
0
0
0
0
0
0
0
0
0
0
0
0
0
0
0
0
0
0
0
0
0
0
0
0
0
0
0
0
0
0
0
0
0
0
0
0
0
0
0
0
0
0
0
0
0
0
0
0
0
0
0
0
0
0
0
0
0
0
0
0
0
0
0
0
0
0
0
0
0
0
0
0
0
0
0
0
0
0
0
0
0
0
0
0
0
0
0
0
0
0
0
0
0
0
0
0
0
0
0
0
0
0
0
0
0
0
0
5.880287e-21
1.911044e-20
4.087999e-20
7.203532e-20
1.130274e-19
1.638849e-19
2.242133e-19
2.93219e-19
3.69742e-19
4.522417e-19
0
0
0
0
0
0
0
0
0
0
0
0
0
0
0
0
0
0
0
0
0
0
0
0
0
0
0
0
0
0
0
0
0
0
0
0
0
0
0
0
0
0
0
0
0
0
0
0
0
0
0
0
0
0
0
0
0
0
0
0
0
0
0
0
0
0
0
0
0
0
0
0
0
0
0
0
0
0
0
0
0
0
0
0
0
0
0
0
0
0
0
0
0
0
0
0
0
0
0
0
0
0
0
0
0
0
0
0
0
0
0
0
0
0
0
0
0
0
0
0
0
0
0
0
0
0
0
0
0
0
0
0
0
0
0
0
0
0
0
0
0
0
0
0
0
0
0
0
0
0
0
0
0
0
0
0
0
0
0
0
0
0
0
0
0
0
0
0
0
0
0
0
0
0
0
0
0
0
0
0
0
0
0
0
0
0
0
0
0
0
0
0
0
0
0
0
0
0
0
0
0
0
0
0
0
0
0
0
0
0
0
0
0
0
0
0
0
0
0
0
0
0
0
0
0
0
0
0
0
0
0
0
0
0
0
0
0
0
0
0
0
0
0
0
0
0
0
0
0
0
0
0
0
0
0
0
0
0
0
0
0
0
0
0
0
0
0
0
0
0
0
0
0
0
0
0
0
0
0
0
0
0
0
0
0
0
0
0
0
0
0
0
0
0
0
0
0
0
0
0
0
0
0
0
0
0
0
0
0
0
0
0
0
0
0
0
0
0
0
0
0
0
0
0
0
0
0
0
0
0
0
0
0
0
0
0
0
0
0
0
0
0
0
0
0
0
0
0
0
0
0
0
0
0
0
0
0
0
0
0
0
0
0
0
0
0
0
0
0
0
0
0
0
0
0
0
0
0
0
0
0
0
0
0
0
0
0
0
0
0
0
0
0
0
0
0
0
0
0
0
0
0
0
0
0
0
0
0
0
0
0
0
0
0
0
0
0
0
0
0
0
0
0
0
0
0
0
0
0
0
0
0
0
0
0
0
0
0
0
0
0
0
0
0
0
0
0
0
0
0
0
0
0
0
0
0
0
0
0
0
0
0
0
0
0
0
0
0
0
0
0
0
0
0
0
0
0
0
0
0
0
0
0
0
0
0
0
0
0
0
0
0
0
0
0
0
0
0
0
0
0
0
0
0
0
0
0
0
0
0
0
0
0
0
0
0
0
0
0
0
0
0
0
0
0
0
0
0
0
0
0
0
0
0
0
0
0
0
0
0
0
0
0
0
0
0
0
0
0
0
0
0
0
0
0
0
0
0
0
0
0
0
0
0
0
0
0
0
0
0
0
0
0
0
0
0
0
0
0
0
0
0
0
0
0
0
0
0
0
0
0
0
0
0
0
0
0
0
0
0
0
0
0
0
0
0
0
0
0
0
0
0
0
0
0
0
0
0
0
0
0
0
0
0
0
0
0
0
0
0
0
0
0
0
0
0
0
0
0
0
0
0
0
0
0
0
0
0
0
0
0
0
0
0
0
0
0
0
0
0
0
0
0
0
0
0
0
0
0
0
0
0
0
0
0
0
0
0
0
0
0
0
0
0
0
0
0
0
0
0
0
0
0
0
0
0
0
0
0
0
0
0
0
0
0
0
0
0
0
0
0
0
0
0
0
0
0
0
0
0
0
0
0
0
0
0
0
0
0
0
0
0
0
0
0
0
0
0
0
0
0
0
0
0
0
0
0
0
0
0
0
0
0
0
0
0
0
0
0
0
0
0
0
0
0
0
0
0
0
0
0
0
0
0
0
0
0
0
0
0
0
0
0
0
0
0
0
0
0
0
0
0
0
0
0
0
0
0
0
0
0
0
0
0
0
0
0
0
0
0
0
0
0
0
0
0
0
0
0
0
0
0
0
0
0
0
0
0
0
0
0
0
0
0
0
0
0
0
0
0
0
0
0
0
0
0
0
0
0
0
0
0
0
0
0
0
0
0
0
0
0
0
0
0
0
0
0
0
0
0
0
0
0
0
0
0
0
0
0
0
0
0
0
0
0
0
0
0
0
0
0
0
0
0
0
0
0
0
0
0
0
0
0
0
0
0
0
0
0
0
0
0
0
0
0
0
0
0
0
0
0
0
0
0
0
0
0
0
0
0
0
0
0
0
0
0
0
0
0
0
0
0
0
0
0
0
0
0
0
0
0
0
0
0
0
0
0
0
0
0
0
0
0
0
0
0
0
0
0
0
0
0
0
0
0
0
0
0
0
0
0
0
0
0
0
0
0
0
0
0
0
0
0
0
0
0
0
0
0
0
0
0
0
0
0
0
0
0
0
0
0
0
0
0
0
0
0
0
0
0
0
0
0
0
0
0
0
0
0
0
0
0
0
0
0
0
0
0
0
0
0
0
0
0
0
0
0
0
0
0
0
0
0
0
0
0
0
0
0
0
0
0
0
0
0
0
0
0
0
0
0
0
0
0
0
0
0
0
0
0
0
0
0
0
0
0
0
0
0
0
0
0
0
0
0
0
0
0
0
0
0
0
0
0
0
0
0
0
0
0
0
0
0
0
0
0
0
0
0
0
0
0
0
0
0
0
0
0
0
0
0
0
0
0
0
0
0
0
0
0
0
0
0
0
0
0
0
0
0
0
0
0
0
0
0
0
0
0
0
0
0
0
0
0
0
0
0
0
0
0
0
0
0
0
0
0
0
0
0
0
0
0
0
0
0
0
0
0
0
0
0
0
0
0
0
0
0
0
0
0
0
0
0
0
0
0
0
0
0
0
0
0
0
0
0
0
0
0
0
0
0
0
0
0
0
0
0
0
0
0
0
0
0
0
0
0
0
0
0
0
0
0
0
0
0
0
0
0
0
0
0
0
0
0
0
0
0
0
0
0
0
0
0
0
0
0
0
0
0
0
0
0
0
0
0
0
0
0
0
0
0
0
0
0
0
0
0
0
0
0
0
0
0
0
0
0
0
0
0
0
0
0
0
0
0
0
0
0
0
0
0
0
0
0
0
0
0
0
0
0
0
0
0
0
0
0
0
0
0
0
0
0
0
0
0
0
0
0
0
0
0
0
0
0
0
0
0
0
0
0
0
0
0
0
0
0
0
0
0
0
0
0
0
0
0
0
0
0
0
0
0
0
0
0
0
0
0
0
0
0
0
0
0
0
0
0
0
0
0
0
0
0
0
0
0
0
0
0
0
0
0
0
0
0
0
0
0
0
0
0
0
0
0
0
0
0
0
0
0
0
0
0
0
0
0
0
0
0
0
0
0
0
0
0
0
0
0
0
0
0
0
0
0
0
0
0
0
0
0
0
0
0
0
0
0
0
0
0
0
0
0
0
0
0
0
0
0
0
0
0
0
0
0
0
0
0
0
0
0
0
0
0
0
0
0
0
0
0
0
0
0
0
0
0
0
0
0
0
0
0
0
0
0
0
0
0
0
0
0
0
0
0
0
0
0
0
0
0
0
0
0
0
0
0
0
0
0
0
0
0
0
0
0
0
0
0
0
0
0
0
0
0
0
0
0
0
0
0
0
0
0
0
0
0
0
0
0
0
0
0
0
0
0
0
0
0
0
0
0
0
0
0
0
0
0
0
0
0
0
0
0
0
0
0
0
0
0
0
0
0
0
0
0
0
0
0
0
0
0
0
0
0
0
0
0
0
0
0
0
0
0
0
0
0
0
0
0
0
0
0
0
0
0
0
0
0
0
0
0
0
0
0
0
0
0
0
0
0
0
0
0
0
0
0
0
0
0
0
0
0
0
0
0
0
0
0
0
0
0
0
0
0
0
0
0
0
0
0
0
0
0
0
0
0
0
0
0
0
0
0
0
0
0
0
0
0
0
0
0
0
0
0
0
0
0
0
0
0
0
0
0
0
0
0
0
0
0
0
0
0
0
0
0
0
0
0
0
0
0
0
0
0
0
0
0
0
0
0
0
0
0
0
0
0
0
0
0
0
0
0
0
0
0
0
0
0
0
0
0
0
0
0
0
0
0
0
0
0
0
0
0
0
0
0
0
0
0
0
0
0
0
0
0
0
0
0
0
0
0
0
0
0
0
0
0
0
0
0
0
0
0
0
0
0
0
0
0
0
0
0
0
0
0
0
0
0
0
0
0
0
0
0
0
0
0
0
0
0
0
0
0
0
0
0
0
0
0
0
0
0
0
0
0
0
0
0
0
0
0
0
0
0
0
0
0
0
0
0
0
0
0
0
0
0
0
0
0
0
0
0
0
0
0
0
0
0
0
0
0
0
0
0
0
0
0
0
0
0
0
0
0
0
0
0
0
0
0
0
0
0
0
0
0
0
0
0
0
0
0
0
0
0
0
0
0
0
0
0
0
0
0
0
0
0
0
0
0
0
0
0
0
0
0
0
0
0
0
0
0
0
0
0
0
0
0
0
0
0
0
0
0
0
0
0
0
0
0
0
0
0
0
0
0
0
0
0
0
0
0
0
0
0
0
0
0
0
0
0
0
0
0
0
0
0
0
0
0
0
0
0
0
0
0
0
0
0
0
0
0
0
0
0
0
0
0
0
0
0
0
0
0
0
0
0
0
0
0
0
0
0
0
0
0
0
0
0
0
0
0
0
0
0
0
0
0
0
0
0
0
0
0
0
0
0
0
0
0
0
0
0
0
0
0
0
0
0
0
0
0
0
0
0
0
0
0
0
0
0
0
0
0
0
0
0
0
0
0
0
0
0
0
0
0
0
0
0
0
0
0
0
0
0
0
0
0
0
0
0
0
0
0
0
0
0
0
0
0
0
0
0
0
0
0
0
0
0
0
0
0
0
0
0
0
0
0
0
0
0
0
0
0
0
0
0
0
0
0
0
0
0
0
0
0
0
0
0
0
0
0
0
0
0
0
0
0
0
0
0
0
0
0
0
0
0
0
0
0
0
0
0
0
0
0
0
0
0
0
0
0
0
0
0
0
0
0
0
0
0
0
0
0
0
0
0
0
0
0
0
0
0
0
0
0
0
0
0
0
0
0
0
0
0
0
0
0
0
0
0
0
0
0
0
0
0
0
0
0
0
0
0
0
0
0
0
0
0
0
0
0
0
0
0
0
0
0
0
0
0
0
0
0
0
0
0
0
0
0
0
0
0
0
0
0
0
0
0
0
0
0
0
0
0
0
0
0
0
0
0
0
0
0
0
0
0
0
0
0
0
0
0
0
0
0
0
0
0
0
0
0
0
0
0
0
0
0
0
0
0
0
0
0
0
0
0
0
0
0
0
0
0
0
0
0
0
0
0
0
0
0
0
0
0
0
0
0
0
0
0
0
0
0
0
0
0
0
0
0
0
0
0
0
0
0
0
0
0
0
0
0
0
0
0
0
0
0
0
0
0
0
0
0
0
0
0
0
0
0
0
0
0
0
0
0
0
0
0
0
0
0
0
0
0
0
0
0
0
0
0
0
0
0
0
0
0
0
0
0
0
0
0
0
0
0
0
0
0
0
0
0
0
0
0
0
0
0
0
0
0
0
0
0
0
0
0
0
0
0
0
0
0
0
0
0
0
0
0
0
0
0
0
0
0
0
0
0
0
0
0
0
0
0
0
0
0
0
0
0
0
0
0
0
0
0
0
0
0
0
0
0
0
0
0
0
0
0
0
0
0
0
0
0
0
0
0
0
0
0
0
0
0
0
0
0
0
0
0
0
0
0
0
0
0
0
0
0
0
0
0
0
0
0
0
0
0
0
0
0
0
0
0
0
0
0
0
0
0
0
0
0
0
0
0
0
0
0
0
0
0
0
0
0
0
0
0
0
0
0
0
0
0
0
0
0
0
0
0
0
0
0
0
0
0
0
0
0
0
0
0
0
0
0
0
0
0
0
0
0
0
0
0
0
0
0
0
0
0
0
0
0
0
0
0
0
0
0
0
0
0
0
0
0
0
0
0
0
0
0
0
0
0
0
0
0
0
0
0
0
0
0
0
0
0
0
0
0
0
0
0
0
0
0
0
0
0
0
0
0
0
0
0
0
0
0
0
0
0
0
0
0
0
0
0
0
0
0
0
0
0
0
0
0
0
0
0
0
0
0
0
0
0
0
0
0
0
0
0
0
0
0
0
0
0
0
0
0
0
0
0
0
0
0
0
0
0
0
0
0
0
0
0
0
0
0
0
0
0
0
0
0
0
0
0
0
0
0
0
0
0
0
0
0
0
0
0
0
0
0
0
0
0
0
0
0
0
0
0
0
0
0
0
0
0
0
0
0
0
0
0
0
0
0
0
0
0
0
0
0
0
0
0
0
0
0
0
0
0
0
0
0
0
0
0
0
0
0
0
0
0
0
0
0
0
0
0
0
0
0
0
0
0
0
0
0
0
0
0
0
0
0
0
0
0
0
0
0
0
0
0
0
0
0
0
0
0
0
0
0
0
0
0
0
0
0
0
0
0
0
0
0
0
0
0
0
0
0
0
0
0
0
0
0
0
0
0
0
0
0
0
0
0
0
0
0
0
0
0
0
0
0
0
0
0
0
0
0
0
0
0
0
0
0
0
0
0
0
0
0
0
0
0
0
0
0
0
0
0
0
0
0
0
0
0
0
0
0
0
0
0
0
0
0
0
0
0
0
0
0
0
0
0
0
0
0
0
0
0
0
0
0
0
0
0
0
0
0
0
0
0
0
0
0
0
0
0
0
0
0
0
0
0
0
0
0
0
0
0
0
0
0
0
0
0
0
0
0
0
0
0
0
0
0
0
0
0
0
0
0
0
0
0
0
0
0
0
0
0
0
0
0
0
0
0
0
0
0
0
0
0
0
0
0
0
0
0
0
0
0
0
0
0
0
0
0
0
0
0
0
0
0
0
0
0
0
0
0
0
0
0
0
0
0
0
0
0
0
0
0
0
0
0
0
0
0
0
0
0
0
0
0
0
0
0
0
0
0
0
0
0
0
0
0
0
0
0
0
0
0
0
0
0
0
0
0
0
0
0
0
0
0
0
0
0
0
0
0
0
0
0
0
0
0
0
0
0
0
0
0
0
0
0
0
0
0
0
0
0
0
0
0
0
0
0
0
0
0
0
0
0
0
0
0
0
0
0
0
0
0
0
0
0
0
0
0
0
0
0
0
0
0
0
0
0
0
0
0
0
0
0
0
0
0
0
0
0
0
0
0
0
0
0
0
0
0
0
0
0
0
0
0
0
0
0
0
0
0
0
0
0
0
0
0
0
0
0
0
0
0
0
0
0
0
0
0
0
0
0
0
0
0
0
0
0
0
0
0
0
0
0
0
0
0
0
0
0
0
0
0
0
0
0
0
0
0
0
0
0
0
0
0
0
0
0
0
0
0
0
0
0
0
0
0
0
0
0
0
0
0
0
0
0
0
0
0
0
0
0
0
0
0
0
0
0
0
0
0
0
0
0
0
0
0
0
0
0
0
0
0
0
0
0
0
0
0
0
0
0
0
0
0
0
0
0
0
0
0
0
0
0
0
0
0
0
0
0
0
0
0
0
0
0
0
0
0
0
0
0
0
0
0
0
0
0
0
0
0
0
0
0
0
0
0
0
0
0
0
0
0
0
0
0
0
0
0
0
0
0
0
0
0
0
0
0
0
0
0
0
0
0
0
0
0
0
0
0
0
0
0
0
0
0
0
0
0
0
0
0
0
0
0
0
0
0
0
0
0
0
0
0
0
0
0
0
0
0
0
0
0
0
0
0
0
0
0
0
0
0
0
0
0
0
0
0
0
0
0
0
0
0
0
0
0
0
0
0
0
0
0
0
0
0
0
0
0
0
0
0
0
0
0
0
0
0
0
0
0
0
0
0
0
0
0
0
0
0
0
0
0
0
0
0
0
0
0
0
0
0
0
0
0
0
0
0
0
0
0
0
0
0
0
0
0
0
0
0
0
0
0
0
0
0
0
0
0
0
0
0
0
0
0
0
0
0
0
0
0
0
0
0
0
0
0
0
0
0
0
0
0
0
0
0
0
0
0
0
0
0
0
0
0
0
0
0
0
0
0
0
0
0
0
0
0
0
0
0
0
0
0
0
0
0
0
0
0
0
0
0
0
0
0
0
0
0
0
0
0
0
0
0
0
0
0
0
0
0
0
0
0
0
0
0
0
0
0
0
0
0
0
0
0
0
0
0
0
0
0
0
0
0
0
0
0
0
0
0
0
0
0
0
0
0
0
0
0
0
0
0
0
0
0
0
0
0
0
0
0
0
0
0
0
0
0
0
0
0
0
0
0
0
0
0
0
0
0
0
0
0
0
0
0
0
0
0
0
0
0
0
0
0
0
0
0
0
0
0
0
0
0
0
0
0
0
0
0
0
0
0
0
0
0
0
0
0
0
0
0
0
0
0
0
0
0
0
0
0
0
0
0
0
0
0
0
0
0
0
0
0
0
0
0
0
0
0
0
0
0
0
0
0
0
0
0
0
0
0
0
0
0
0
0
0
0
0
0
0
0
0
0
0
0
0
0
0
0
0
0
0
0
0
0
0
0
0
0
0
0
0
0
0
0
0
0
0
0
0
0
0
0
0
0
0
0
0
0
0
0
0
0
0
0
0
0
0
0
0
0
0
0
0
0
0
0
0
0
0
0
0
0
0
0
0
0
0
0
0
0
0
0
0
0
0
0
0
0
0
0
0
0
0
0
0
0
0
0
0
0
0
0
0
0
0
0
0
0
0
0
0
0
0
0
0
0
0
0
0
0
0
0
0
0
0
0
0
0
0
0
0
0
0
0
0
0
0
0
0
0
0
0
0
0
0
0
0
0
0
0
0
0
0
0
0
0
0
0
0
0
0
0
0
0
0
0
0
0
0
0
0
0
0
0
0
0
0
0
0
0
0
0
0
0
0
0
0
0
0
0
0
0
0
0
0
0
0
0
0
0
0
0
0
0
0
0
0
0
0
0
0
0
0
0
0
0
0
0
0
0
0
0
0
0
0
0
0
0
0
0
0
0
0
0
0
0
0
0
0
0
0
0
0
0
0
0
0
0
0
0
0
0
0
0
0
0
0
0
0
0
0
0
0
0
0
0
0
0
0
0
0
0
0
0
0
0
0
0
0
0
0
0
0
0
0
0
0
0
0
0
0
0
0
0
0
0
0
0
0
0
0
0
0
0
0
0
0
0
0
0
0
0
0
0
0
0
0
0
0
0
0
0
0
0
0
0
0
0
0
0
0
0
0
0
0
0
0
0
0
0
0
0
0
0
0
0
0
0
0
0
0
0
0
0
0
0
0
0
0
0
0
0
0
0
0
0
0
0
0
0
0
0
0
0
0
0
0
0
0
0
0
0
0
0
0
0
0
0
0
0
0
0
0
0
0
0
0
0
0
0
0
0
0
0
0
0
0
0
0
0
0
0
0
0
0
0
0
0
0
0
0
0
0
0
0
0
0
0
0
0
0
0
0
0
0
0
0
0
0
0
0
0
0
0
0
0
0
0
0
0
0
0
0
0
0
0
0
0
0
0
0
0
0
0
0
0
0
0
0
0
0
0
0
0
0
0
0
0
0
0
0
0
0
0
0
0
0
0
0
0
0
0
0
0
0
0
0
0
0
0
0
0
0
0
0
0
0
0
0
0
0
0
0
0
0
0
0
0
0
0
0
0
0
0
0
0
0
0
0
0
0
0
0
0
0
0
0
0
0
0
0
0
0
0
0
0
0
0
0
0
0
0
0
0
0
0
0
0
0
0
0
0
0
0
0
0
0
0
0
0
0
0
0
0
0
0
0
0
0
0
0
0
0
0
0
0
0
0
0
0
0
0
0
0
0
0
0
0
0
0
0
0
0
0
0
0
0
0
0
0
0
0
0
0
0
0
0
0
0
0
0
0
0
0
0
0
0
0
0
0
0
0
0
0
0
0
0
0
0
0
0
0
0
0
0
0
0
0
0
0
0
0
0
0
0
0
0
0
0
0
0
0
0
0
0
0
0
0
0
0
0
0
0
0
0
0
0
0
0
0
0
0
0
0
0
0
0
0
0
0
0
0
0
0
0
0
0
0
0
0
0
0
0
0
0
0
0
0
0
0
0
0
0
0
0
0
0
0
0
0
0
0
0
0
0
0
0
0
0
0
0
0
0
0
0
0
0
0
0
0
0
0
0
0
0
0
0
0
0
0
0
0
0
0
0
0
0
0
0
0
0
0
0
0
0
0
0
0
0
0
0
0
0
0
0
0
0
0
0
0
0
0
0
0
0
0
0
0
0
0
0
0
0
0
0
0
0
0
0
0
0
0
0
0
0
0
0
0
0
0
0
0
0
0
0
0
0
0
0
0
0
0
0
0
0
0
0
0
0
0
0
0
0
0
0
0
0
0
0
0
0
0
0
0
0
0
0
0
0
0
0
0
0
0
0
0
0
0
0
0
0
0
0
0
0
0
0
0
0
0
0
0
0
0
0
0
0
0
0
0
0
0
0
0
0
0
0
0
0
0
0
0
0
0
0
0
0
0
0
0
0
0
0
0
0
0
0
0
0
0
0
0
0
0
0
0
0
0
0
0
0
0
0
0
0
0
0
0
0
0
0
0
0
0
0
0
0
0
0
0
0
0
0
0
0
0
0
0
0
0
0
0
0
0
0
0
0
0
0
0
0
0
0
0
0
0
0
0
0
0
0
0
0
0
0
0
0
0
0
0
0
0
0
0
0
0
0
0
0
0
0
0
0
0
0
0
0
0
0
0
0
0
0
0
0
0
0
0
0
0
0
0
0
0
0
0
0
0
0
0
0
0
0
0
0
0
0
0
0
0
0
0
0
0
0
0
0
0
0
0
0
0
0
0
0
0
0
0
0
0
0
0
0
0
0
0
0
0
0
0
0
0
0
0
0
0
0
0
0
0
0
0
0
0
0
0
0
0
0
0
0
0
0
0
0
0
0
0
0
0
0
0
0
0
0
0
0
0
0
0
0
0
0
0
0
0
0
0
0
0
0
0
0
0
0
0
0
0
0
0
0
0
0
0
0
0
0
0
0
0
0
0
0
0
0
0
0
0
0
0
0
0
0
0
0
0
0
0
0
0
0
0
0
0
0
0
0
0
0
0
0
0
0
0
0
0
0
0
0
0
0
0
0
0
0
0
0
0
0
0
0
0
0
0
0
0
0
0
0
0
0
0
0
0
0
0
0
0
0
0
0
0
0
0
0
0
0
0
0
0
0
0
0
0
0
0
0
0
0
0
0
0
0
0
0
0
0
0
0
0
0
0
0
0
0
0
0
0
0
0
0
0
0
0
0
0
0
0
0
0
0
0
0
0
0
0
0
0
0
0
0
0
0
0
0
0
0
0
0
0
0
0
0
0
0
0
0
0
0
0
0
0
0
0
0
0
0
0
0
0
0
0
0
0
0
0
0
0
0
0
0
0
0
0
0
0
0
0
0
0
0
0
0
0
0
0
0
0
0
0
0
0
0
0
0
0
0
0
0
0
0
0
0
0
0
0
0
0
0
0
0
0
0
0
0
0
0
0
0
0
0
0
0
0
0
0
0
0
0
0
0
0
0
0
0
0
0
0
0
0
0
0
0
0
0
0
0
0
0
0
0
0
0
0
0
0
0
0
0
0
0
0
0
0
0
0
0
0
0
0
0
0
0
0
0
0
0
0
0
0
0
0
0
0
0
0
0
0
0
0
0
0
0
0
0
0
0
0
0
0
0
0
0
0
0
0
0
0
0
0
0
0
0
0
0
0
0
0
0
0
0
0
0
0
0
0
0
0
0
0
0
0
0
0
0
0
0
0
0
0
0
0
0
0
0
0
0
0
0
0
0
0
0
0
0
0
0
0
0
0
0
0
0
0
0
0
0
0
0
0
0
0
0
0
0
0
0
0
0
0
0
0
0
0
0
0
0
0
0
0
0
0
0
0
0
0
0
0
0
0
0
0
0
0
0
0
0
0
0
0
0
0
0
0
0
0
0
0
0
0
0
0
0
0
0
0
0
0
0
0
0
0
0
0
0
0
0
0
0
0
0
0
0
0
0
0
0
0
0
0
0
0
0
0
0
0
0
0
0
0
0
0
0
0
0
0
0
0
0
0
0
0
0
0
0
0
0
0
0
0
0
0
0
0
0
0
0
0
0
0
0
0
0
0
0
0
0
0
0
0
0
0
0
0
0
0
0
0
0
0
0
0
0
0
0
0
0
0
0
0
0
0
0
0
0
0
0
0
0
0
0
0
0
0
0
0
0
0
0
0
0
0
0
0
0
0
0
0
0
0
0
0
0
0
0
0
0
0
0
0
0
0
0
0
0
0
0
0
0
0
0
0
0
0
0
0
0
0
0
0
0
0
0
0
0
0
0
0
0
0
0
0
0
0
0
0
0
0
0
0
0
0
0
0
0
0
0
0
0
0
0
0
0
0
0
0
0
0
0
0
0
0
0
0
0
0
0
0
0
0
0
0
0
0
0
0
0
0
0
0
0
0
0
0
0
0
0
0
0
0
0
0
0
0
0
0
0
0
0
0
0
0
0
0
0
0
0
0
0
0
0
0
0
0
0
0
0
0
0
0
0
0
0
0
0
0
0
0
0
0
0
0
0
0
0
0
0
0
0
0
0
0
0
0
0
0
0
0
0
0
0
0
0
0
0
0
0
0
0
0
0
0
0
0
0
0
0
0
0
0
0
0
0
0
0
0
0
0
0
0
0
0
0
0
0
0
0
0
0
0
0
0
0
0
0
0
0
0
0
0
0
0
0
0
0
0
0
0
0
0
0
0
0
0
0
0
0
0
0
0
0
0
0
0
0
0
0
0
0
0
0
0
0
0
0
0
0
0
0
0
0
0
0
0
0
0
0
0
0
0
0
0
0
0
0
0
0
0
0
0
0
0
0
0
0
0
0
0
0
0
0
0
0
0
0
0
0
0
0
0
0
0
0
0
0
0
0
0
0
0
0
0
0
0
0
0
0
0
0
0
0
0
0
0
0
0
0
0
0
0
0
0
0
0
0
0
0
0
0
0
0
0
0
0
0
0
0
0
0
0
0
0
0
0
0
0
0
0
0
0
0
0
0
0
0
0
0
0
0
0
0
0
0
0
0
0
0
0
0
0
0
0
0
0
0
0
0
0
0
0
0
0
0
0
0
0
0
0
0
0
0
0
0
0
0
0
0
0
0
0
0
0
0
0
0
0
0
0
0
0
0
0
0
0
0
0
0
0
0
0
0
0
0
0
0
0
0
0
0
0
0
0
0
0
0
0
0
0
0
0
0
0
0
0
0
0
0
0
0
0
0
0
0
0
0
0
0
0
0
0
0
0
0
0
0
0
0
0
0
0
0
0
0
0
0
0
0
0
0
0
0
0
0
0
0
0
0
0
0
0
0
0
0
0
0
0
0
0
0
0
0
0
0
0
0
0
0
0
0
0
0
0
0
0
0
0
0
0
0
0
0
0
0
0
0
0
0
0
0
0
0
0
0
0
0
0
0
0
0
0
0
0
0
0
0
0
0
0
0
0
0
0
0
0
0
0
0
0
0
0
0
0
0
0
0
0
0
0
0
0
0
0
0
0
0
0
0
0
0
0
0
0
0
0
0
0
0
0
0
0
0
0
0
0
0
0
0
0
0
0
0
0
0
0
0
0
0
0
0
0
0
0
0
0
0
0
0
0
0
0
0
0
0
0
0
0
0
0
0
0
0
0
0
0
0
0
0
0
0
0
0
0
0
0
0
0
0
0
0
0
0
0
0
0
0
0
0
0
0
0
0
0
0
0
0
0
0
0
0
0
0
0
0
0
0
0
0
0
0
0
0
0
0
0
0
0
0
0
0
0
0
0
0
0
0
0
0
0
0
0
0
0
0
0
0
0
0
0
0
0
0
0
0
0
0
0
0
0
0
0
0
0
0
0
0
0
0
0
0
0
0
0
0
0
0
0
0
0
0
0
0
0
0
0
0
0
0
0
0
0
0
0
0
0
0
0
0
0
0
0
0
0
0
0
0
0
0
0
0
0
0
0
0
0
0
0
0
0
0
0
0
0
0
0
0
0
0
0
0
0
0
0
0
0
0
0
0
0
0
0
0
0
0
0
0
0
0
0
0
0
0
0
0
0
0
0
0
0
0
0
0
0
0
0
0
0
0
0
0
0
0
0
0
0
0
0
0
0
0
0
0
0
0
0
0
0
0
0
0
0
0
0
0
0
0
0
0
0
0
0
0
0
0
0
0
0
0
0
0
0
0
0
0
0
0
0
0
0
0
0
0
0
0
0
0
0
0
0
0
0
0
0
0
0
0
0
0
0
0
0
0
0
0
0
0
0
0
0
0
0
0
0
0
0
0
0
0
0
0
0
0
0
0
0
0
0
0
0
0
0
0
0
0
0
0
0
0
0
0
0
0
0
0
0
0
0
0
0
0
0
0
0
0
0
0
0
0
0
0
0
0
0
0
0
0
0
0
0
0
0
0
0
0
0
0
0
0
0
0
0
0
0
0
0
0
0
0
0
0
0
0
0
0
0
0
0
0
0
0
0
0
0
0
0
0
0
0
0
0
0
0
0
0
0
0
0
0
0
0
0
0
0
0
0
0
0
0
0
0
0
0
0
0
0
0
0
0
0
0
0
0
0
0
0
0
0
0
0
0
0
0
0
0
0
0
0
0
0
0
0
0
0
0
0
0
0
0
0
0
0
0
0
0
0
0
0
0
0
0
0
0
0
0
0
0
0
0
0
0
0
0
0
0
0
0
0
0
0
0
0
0
0
0
0
0
0
0
0
0
0
0
0
0
0
0
0
0
0
0
0
0
0
0
0
0
0
0
0
0
0
0
0
0
0
0
0
0
0
0
0
0
0
0
0
0
0
0
0
0
0
0
0
0
0
0
0
0
0
0
0
0
0
0
0
0
0
0
0
0
0
0
0
0
0
0
0
0
0
0
0
0
0
0
0
0
0
0
0
0
0
0
0
0
0
0
0
0
0
0
0
0
0
0
0
0
0
0
0
0
0
0
0
0
0
0
0
0
0
0
0
0
0
0
0
0
0
0
0
0
0
0
0
0
0
0
0
0
0
0
0
0
0
0
0
0
0
0
0
0
0
0
0
0
0
0
0
0
0
0
0
0
0
0
0
0
0
0
0
0
0
0
0
0
0
0
0
0
0
0
0
0
0
0
0
0
0
0
0
0
0
0
0
0
0
0
0
0
0
0
0
0
0
0
0
0
0
0
0
0
0
0
0
0
0
0
0
0
0
0
0
0
0
0
0
0
0
0
0
0
0
0
0
0
0
0
0
0
0
0
0
0
0
0
0
0
0
0
0
0
0
0
0
0
0
0
0
0
0
0
0
0
0
0
0
0
0
0
0
0
0
0
0
0
0
0
0
0
0
0
0
0
0
0
0
0
0
0
0
0
0
0
0
0
0
0
0
0
0
0
0
0
0
0
0
0
0
0
0
0
0
0
0
0
0
0
0
0
0
0
0
0
0
0
0
0
0
0
0
0
0
0
0
0
0
0
0
0
0
0
0
0
0
0
0
0
0
0
0
0
0
0
0
0
0
0
0
0
0
0
0
0
0
0
0
0
0
0
0
0
0
0
0
0
0
0
0
0
0
0
0
0
0
0
0
0
0
0
0
0
0
0
0
0
0
0
0
0
0
0
0
0
0
0
0
0
0
0
0
0
0
0
0
0
0
0
0
0
0
0
0
0
0
0
0
0
0
0
0
0
0
0
0
0
0
0
0
0
0
0
0
0
0
0
0
0
0
0
0
0
0
0
0
0
0
0
0
0
0
0
0
0
0
0
0
0
0
0
0
0
0
0
0
0
0
0
0
0
0
0
0
0
0
0
0
0
0
0
0
0
0
0
0
0
0
0
0
0
0
0
0
0
0
0
0
0
0
0
0
0
0
0
0
0
0
0
0
0
0
0
0
0
0
0
0
0
0
0
0
0
0
0
0
0
0
0
0
0
0
0
0
0
0
0
0
0
0
0
0
0
0
0
0
0
0
0
0
0
0
0
0
0
0
0
0
0
0
0
0
0
0
0
0
0
0
0
0
0
0
0
0
0
0
0
0
0
0
0
0
0
0
0
0
0
0
0
0
0
0
0
0
0
0
0
0
0
0
0
0
0
0
0
0
0
0
0
0
0
0
0
0
0
0
0
0
0
0
0
0
0
0
0
0
0
0
0
0
0
0
0
0
0
0
0
0
0
0
0
0
0
0
0
0
0
0
0
0
0
0
0
0
0
0
0
0
0
0
0
0
0
0
0
0
0
0
0
0
0
0
0
0
0
0
0
0
0
0
0
0
0
0
0
0
0
0
0
0
0
0
0
0
0
0
0
0
0
0
0
0
0
0
0
0
0
0
0
0
0
0
0
0
0
0
0
0
0
0
0
0
0
0
0
0
0
0
0
0
0
0
0
0
0
0
0
0
0
0
0
0
0
0
0
0
0
0
0
0
0
0
0
0
0
0
0
0
0
0
0
0
0
0
0
0
0
0
0
0
0
0
0
0
0
0
0
0
0
0
0
0
0
0
0
0
0
0
0
0
0
0
0
0
0
0
0
0
0
0
0
0
0
0
0
0
0
0
0
0
0
0
0
0
0
0
0
0
0
0
0
0
0
0
0
0
0
0
0
0
0
0
0
0
0
0
0
0
0
0
0
0
0
0
0
0
0
0
0
0
0
0
0
0
0
0
0
0
0
0
0
0
0
0
0
0
0
0
0
0
0
0
0
0
0
0
0
0
0
0
0
0
0
0
0
0
0
0
0
0
0
0
0
0
0
0
0
0
0
0
0
0
0
0
0
0
0
0
0
0
0
0
0
0
0
0
0
0
0
0
0
0
0
0
0
0
0
0
0
0
0
0
0
0
0
0
0
0
0
0
0
0
0
0
0
0
0
0
0
0
0
0
0
0
0
0
0
0
0
0
0
0
0
0
0
0
0
0
0
0
0
0
0
0
0
0
0
0
0
0
0
0
0
0
0
0
0
0
0
0
0
0
0
0
0
0
0
0
0
0
0
0
0
0
0
0
0
0
0
0
0
0
0
0
0
0
0
0
0
0
0
0
0
0
0
0
0
0
0
0
0
0
0
0
0
0
0
0
0
0
0
0
0
0
0
0
0
0
0
0
0
0
0
0
0
0
0
0
0
0
0
0
0
0
0
0
0
0
0
0
0
0
0
0
0
0
0
0
0
0
0
0
0
0
0
0
0
0
0
0
0
0
0
0
0
0
0
0
0
0
0
0
0
0
0
0
0
0
0
0
0
0
0
0
0
0
0
0
0
0
0
0
0
0
0
0
0
0
0
0
0
0
0
0
0
0
0
0
0
0
0
0
0
0
0
0
0
0
0
0
0
0
0
0
0
0
0
0
0
0
0
0
0
0
0
0
0
0
0
0
0
0
0
0
0
0
0
0
0
0
0
0
0
0
0
0
0
0
0
0
0
0
0
0
0
0
0
0
0
0
0
0
0
0
0
0
0
0
0
0
0
0
0
0
0
0
0
0
0
0
0
0
0
0
0
0
0
0
0
0
0
0
0
0
0
0
0
0
0
0
0
0
0
0
0
0
0
0
0
0
0
0
0
0
0
0
0
0
0
0
0
0
0
0
0
0
0
0
0
0
0
0
0
0
0
0
0
0
0
0
0
0
0
0
0
0
0
0
0
0
0
0
0
0
0
0
0
0
0
0
0
0
0
0
0
0
0
0
0
0
0
0
0
0
0
0
0
0
0
0
0
0
0
0
0
0
0
0
0
0
0
0
0
0
0
0
0
0
0
0
0
0
0
0
0
0
0
0
0
0
0
0
0
0
0
0
0
0
0
0
0
0
0
0
0
0
0
0
0
0
0
0
0
0
0
0
0
0
0
0
0
0
0
0
0
0
0
0
0
0
0
0
0
0
0
0
0
0
0
0
0
0
0
0
0
0
0
0
0
0
0
0
0
0
0
0
0
0
0
0
0
0
0
0
0
0
0
0
0
0
0
0
0
0
0
0
0
0
0
0
0
0
0
0
0
0
0
0
0
0
0
0
0
0
0
0
0
0
0
0
0
0
0
0
0
0
0
0
0
0
0
0
0
0
0
0
0
0
0
0
0
0
0
0
0
0
0
0
0
0
0
0
0
0
0
0
0
0
0
0
0
0
0
0
0
0
0
0
0
0
0
0
0
0
0
0
0
0
0
0
0
0
0
0
0
0
0
0
0
0
0
0
0
0
0
0
0
0
0
0
0
0
0
0
0
0
0
0
0
0
0
0
0
0
0
0
0
0
0
0
0
0
0
0
0
0
0
0
0
0
0
0
0
0
0
0
0
0
0
0
0
0
0
0
0
0
0
0
0
0
0
0
0
0
0
0
0
0
0
0
0
0
0
0
0
0
0
0
0
0
0
0
0
0
0
0
0
0
0
0
0
0
0
0
0
0
0
0
0
0
0
0
0
0
0
0
0
0
0
0
0
0
0
0
0
0
0
0
0
0
0
0
0
0
0
0
0
0
0
0
0
0
0
0
0
0
0
0
0
0
0
0
0
0
0
0
0
0
0
0
0
0
0
0
0
0
0
0
0
0
0
0
0
0
0
0
0
0
0
0
0
0
0
0
0
0
0
0
0
0
0
0
0
0
0
0
0
0
0
0
0
0
0
0
0
0
0
0
0
0
0
0
0
0
0
0
0
0
0
0
0
0
0
0
0
0
0
0
0
0
0
0
0
0
0
0
0
0
0
0
0
0
0
0
0
0
0
0
0
0
0
0
0
0
0
0
0
0
0
0
0
0
0
0
0
0
0
0
0
0
0
0
0
0
0
0
0
0
0
0
0
0
0
0
0
0
0
0
0
0
0
0
0
0
0
0
0
0
0
0
0
0
0
0
0
0
0
0
0
0
0
0
0
0
0
0
0
0
0
0
0
0
0
0
0
0
0
0
0
0
0
0
0
0
0
0
0
0
0
0
0
0
0
0
0
0
0
0
0
0
0
0
0
0
0
0
0
0
0
0
0
0
0
0
0
0
0
0
0
0
0
0
0
0
0
0
0
0
0
0
0
0
0
0
0
0
0
0
0
0
0
0
0
0
0
0
0
0
0
0
0
0
0
0
0
0
0
0
0
0
0
0
0
0
0
0
0
0
0
0
0
0
0
0
0
0
0
0
0
0
0
0
0
0
0
0
0
0
0
0
0
0
0
0
0
0
0
0
0
0
0
0
0
0
0
0
0
0
0
0
0
0
0
0
0
0
0
0
0
0
0
0
0
0
0
0
0
0
0
0
0
0
0
0
0
0
0
0
0
0
0
0
0
0
0
0
0
0
0
0
0
0
0
0
0
0
0
0
0
0
0
0
0
0
0
0
0
0
0
0
0
0
0
0
0
0
0
0
0
0
0
0
0
0
0
0
0
0
0
0
0
0
0
0
0
0
0
0
0
0
0
0
0
0
0
0
0
0
0
0
0
0
0
0
0
0
0
0
0
0
0
0
0
0
0
0
0
0
0
0
0
0
0
0
0
0
0
0
0
0
0
0
0
0
0
0
0
0
0
0
0
0
0
0
0
0
0
0
0
0
0
0
0
0
0
0
0
0
0
0
0
0
0
0
0
0
0
0
0
0
0
0
0
0
0
0
0
0
0
0
0
0
0
0
0
0
0
0
0
0
0
0
0
0
0
0
0
0
0
0
0
0
0
0
0
0
0
0
0
0
0
0
0
0
0
0
0
0
0
0
0
0
0
0
0
0
0
0
0
0
0
0
0
0
0
0
0
0
0
0
0
0
0
0
0
0
0
0
0
0
0
0
0
0
0
0
0
0
0
0
0
0
0
0
0
0
0
0
0
0
0
0
0
0
0
0
0
0
0
0
0
0
0
0
0
0
0
0
0
0
0
0
0
0
0
0
0
0
0
0
0
0
0
0
0
0
0
0
0
0
0
0
0
0
0
0
0
0
0
0
0
0
0
0
0
0
0
0
0
0
0
0
0
0
0
0
0
0
0
0
0
0
0
0
0
0
0
0
0
0
0
0
0
0
0
0
0
0
0
0
0
0
0
0
0
0
0
0
0
0
0
0
0
0
0
0
0
0
0
0
0
0
0
0
0
0
0
0
0
0
0
0
0
0
0
0
0
0
0
0
0
0
0
0
0
0
0
0
0
0
0
0
0
0
0
0
0
0
0
0
0
0
0
0
0
0
0
0
0
0
0
0
0
0
0
0
0
0
0
0
0
0
0
0
0
0
0
0
0
0
0
0
0
0
0
0
0
0
0
0
0
0
0
0
0
0
0
0
0
0
0
0
0
0
0
0
0
0
0
0
0
0
0
0
0
0
0
0
0
0
0
0
0
0
0
0
0
0
0
0
0
0
0
0
0
0
0
0
0
0
0
0
0
0
0
0
0
0
0
0
0
0
0
0
0
0
0
0
0
0
0
0
0
0
0
0
0
0
0
0
0
0
0
0
0
0
0
0
0
0
0
0
0
0
0
0
0
0
0
0
0
0
0
0
0
0
0
0
0
0
0
0
0
0
0
0
0
0
0
0
0
0
0
0
0
0
0
0
0
0
0
0
0
0
0
0
0
0
0
0
0
0
0
0
0
0
0
0
0
0
0
0
0
0
0
0
0
0
0
0
0
0
0
0
0
0
0
0
0
0
0
0
0
0
0
0
0
0
0
0
0
0
0
0
0
0
0
0
0
0
0
0
0
0
0
0
0
0
0
0
0
0
0
0
0
0
0
0
0
0
0
0
0
0
0
0
0
0
0
0
0
0
0
0
0
0
0
0
0
0
0
0
0
0
0
0
0
0
0
0
0
0
0
0
0
0
0
0
0
0
0
0
0
0
0
0
0
0
0
0
0
0
0
0
0
0
0
0
0
0
0
0
0
0
0
0
0
0
0
0
0
0
0
0
0
0
0
0
0
0
0
0
0
0
0
0
0
0
0
0
0
0
0
)
;

boundaryField
{
    top
    {
        type            zeroGradient;
    }
    topCR
    {
        type            zeroGradient;
    }
    bottom
    {
        type            fixedValue;
        value           uniform 0;
    }
    bottomCR
    {
        type            fixedValue;
        value           uniform 0;
    }
    zeroDispl
    {
        type            fixedValue;
        value           uniform 0;
    }
    defaultFaces
    {
        type            zeroGradient;
    }
}


// ************************************************************************* //
