/*--------------------------------*- C++ -*----------------------------------*\
| =========                 |                                                 |
| \\      /  F ield         | OpenFOAM: The Open Source CFD Toolbox           |
|  \\    /   O peration     | Version:  2412                                  |
|   \\  /    A nd           | Website:  www.openfoam.com                      |
|    \\/     M anipulation  |                                                 |
\*---------------------------------------------------------------------------*/
FoamFile
{
    version     2.0;
    format      ascii;
    arch        "LSB;label=32;scalar=64";
    class       surfaceScalarField;
    location    "100/fluidRegion";
    object      alphaRhoPhi;
}
// * * * * * * * * * * * * * * * * * * * * * * * * * * * * * * * * * * * * * //

dimensions      [1 0 -1 0 0 0 0];

oriented        oriented;

internalField   nonuniform List<scalar> 
10639
(
7.079104
3.731919e-10
3.407808e-10
-7.079104
7.079104
3.302591e-10
2.693635e-10
1.279742e-10
1.281531e-10
7.079104
-4.810569e-10
-7.079104
7.079104
-5.644137e-10
-8.315122e-10
7.079104
-6.452197e-10
-7.079104
7.079104
-6.440567e-10
-7.393832e-10
7.079104
-2.33253e-10
-7.079104
7.079104
-2.188364e-10
-3.077054e-10
7.079104
4.298076e-10
-7.079104
7.079104
3.593635e-10
2.154221e-10
7.079104
-7.079104
7.079104
7.079104
-6.269293e-10
3.375581e-09
-7.079104
7.079104
6.532117e-09
3.147112e-09
-8.42212e-09
-9.579665e-09
7.079104
-4.146443e-10
3.152476e-09
-7.079104
7.079104
6.592497e-09
2.982608e-09
-8.442061e-09
-9.941235e-09
7.079097
7.184305e-10
1.153837e-09
-7.079097
7.079097
5.284618e-09
5.509479e-09
-8.749109e-09
-8.407508e-09
7.079097
-7.079097
7.079097
7.079097
-7.079097
7.079097
7.079104
-7.079104
7.079104
7.079104
-5.158053e-10
5.937589e-10
-7.079104
7.079104
2.098011e-10
-8.739204e-11
2.558141e-10
-7.573619e-10
7.079098
-2.093453e-10
-7.079098
7.079098
-3.576283e-10
9.81239e-11
7.079104
6.003979e-10
-5.44134e-10
-7.079104
7.079104
-6.194168e-11
4.383711e-11
-8.313858e-10
2.012332e-10
7.079104
-7.079104
7.079104
7.079098
1.744039e-10
-7.079098
7.079098
1.662144e-10
-7.867226e-11
7.079098
-7.079098
7.079098
7.079104
-6.205248e-10
1.555605e-09
-7.079104
7.079104
2.244585e-10
9.120644e-10
-1.235851e-10
4.570926e-10
7.079098
-3.079195e-10
-7.079098
7.079098
-6.502554e-10
-5.588982e-10
7.079104
-6.176657e-10
1.540892e-09
-7.079104
7.079104
2.204814e-10
8.63057e-10
-2.524513e-10
2.592496e-10
7.079098
-3.254763e-10
-7.079098
7.079098
-6.952739e-10
-6.279223e-10
7.079098
-7.079098
7.079098
7.079104
-7.079104
7.079104
7.079104
2.920629e-09
4.335085e-09
-7.079104
7.079104
4.454697e-09
5.191267e-09
2.195968e-09
1.776457e-09
7.079098
1.282438e-09
-7.079098
7.079098
2.513574e-10
-1.663813e-09
7.079098
4.309826e-09
5.238944e-09
-7.079098
7.079098
4.080753e-09
5.500997e-09
1.475183e-09
1.549648e-09
7.079098
-7.079098
7.079098
7.079104
7.971369e-10
-7.079104
7.079104
9.350203e-10
-1.169872e-09
7.079104
-7.079104
7.079104
7.079098
1.154538e-09
6.243963e-10
-7.079098
7.079098
2.265056e-09
2.497204e-09
1.547516e-09
2.298388e-09
7.079104
1.158151e-09
8.960418e-10
-7.079104
7.079104
1.945461e-09
2.411366e-09
1.451193e-09
2.167705e-09
7.079104
4.159862e-10
-7.079104
7.079104
9.514437e-10
1.22507e-10
7.079098
-7.079098
7.079098
7.079104
1.479648e-10
-7.079104
7.079104
7.17678e-10
1.56863e-10
7.079098
-7.079098
7.079098
7.079104
1.881765e-09
1.782919e-09
-7.079104
7.079104
2.074417e-09
2.017113e-09
1.70247e-09
1.608221e-09
7.079104
-4.369394e-10
-7.079104
7.079104
-1.127524e-10
-4.925609e-10
7.079098
3.160875e-09
2.838463e-09
-7.079098
7.079098
2.603705e-09
2.490388e-09
1.624914e-09
1.566608e-09
7.079098
-6.604564e-10
-7.079098
7.079098
-1.6874e-10
-4.566492e-10
7.079104
-7.079104
7.079104
7.079098
-7.079098
7.079098
7.079098
5.974714e-10
6.196998e-10
-7.079098
7.079098
9.92051e-11
-5.255313e-11
-8.830592e-11
-3.561542e-10
7.079104
-2.030302e-09
-7.079104
7.079104
-1.547838e-09
-7.787065e-10
7.079104
-9.152467e-10
-7.079104
7.079104
-8.146659e-10
-5.820791e-10
7.079098
-1.876786e-09
-7.079098
7.079098
-1.767303e-09
-1.08499e-09
7.079104
1.09098e-09
-7.079104
7.079104
4.434522e-10
7.965079e-12
7.079098
-7.079098
7.079098
7.079104
4.258244e-08
4.734667e-08
-7.079104
7.079104
5.664517e-08
3.975097e-08
7.745563e-09
-2.275471e-08
7.079104
4.776677e-08
4.19646e-08
-7.079104
7.079104
3.917366e-08
5.689861e-08
-2.508531e-08
8.30208e-09
7.079097
4.437911e-08
4.334119e-08
-7.079097
7.079097
4.934248e-08
5.017325e-08
-3.274302e-09
-3.871955e-10
7.079097
-7.079097
7.079097
7.079104
-7.079104
7.079104
7.079097
-7.079097
7.079097
7.079097
1.139629e-08
1.027527e-08
-7.079097
7.079097
9.408043e-09
8.824418e-09
5.276547e-09
5.620596e-09
7.079104
-4.734374e-09
-7.079104
7.079104
-8.507175e-09
-1.294601e-08
7.079097
-4.728523e-09
-7.079097
7.079097
-8.558321e-09
-1.321426e-08
7.079104
3.30657e-11
-7.079104
7.079104
-2.266258e-09
-8.24732e-09
7.079097
1.148206e-09
-7.079097
7.079097
-1.631471e-09
-8.323109e-09
7.079104
-7.079104
7.079104
7.079104
6.149792e-10
-2.897099e-09
-7.079104
7.079104
-8.36389e-10
-7.694134e-10
-5.087169e-10
2.30781e-09
7.079104
6.201509e-10
-2.935398e-09
-7.079104
7.079104
-8.453394e-10
-8.284618e-10
-6.089507e-10
2.162752e-09
7.079098
6.704904e-10
-7.079098
7.079098
2.489107e-09
1.400246e-09
7.079098
6.270702e-10
-7.079098
7.079098
2.439025e-09
1.355419e-09
7.079098
-7.079098
7.079098
7.079104
-7.079104
7.079104
7.079098
3.317998e-10
2.741244e-10
-7.079098
7.079098
3.74534e-10
3.290665e-10
3.159376e-10
2.709671e-10
7.079098
-7.298455e-11
-7.079098
7.079098
-1.025922e-11
-1.092442e-10
7.079104
5.29647e-10
4.53944e-10
-7.079104
7.079104
4.530089e-10
4.053087e-10
2.446408e-10
2.066877e-10
7.079104
-7.079104
7.079104
7.079098
-9.1079e-11
-7.079098
7.079098
-1.252067e-11
-1.022031e-10
7.079104
-7.079104
7.079104
7.079097
2.784407e-08
2.223505e-08
-7.079097
7.079097
2.62174e-08
2.387002e-08
1.757946e-08
2.498092e-08
7.079104
-9.599112e-09
-7.079104
7.079104
-3.157528e-09
-8.115242e-09
7.079104
4.362109e-08
3.777186e-08
-7.079104
7.079104
3.531091e-08
3.10243e-08
1.889602e-08
2.497429e-08
7.079097
-9.839288e-09
-7.079097
7.079097
-5.096733e-09
-9.438473e-09
7.079104
-7.079104
7.079104
7.079097
-7.079097
7.079097
7.079104
-1.787961e-09
9.279941e-09
-7.079104
7.079104
2.157134e-09
6.862564e-09
-2.040368e-10
3.67275e-09
7.079098
-1.480377e-09
-7.079098
7.079098
-4.058928e-09
-4.110986e-09
7.079104
-1.772614e-09
9.195343e-09
-7.079104
7.079104
2.167348e-09
6.737388e-09
-1.814733e-10
3.442836e-09
7.079098
-1.580411e-09
-7.079098
7.079098
-4.194311e-09
-4.363464e-09
7.079098
-7.079098
7.079098
7.079104
-7.079104
7.079104
7.079098
1.323059e-09
1.926154e-09
-7.079098
7.079098
6.793863e-10
2.05814e-10
3.516812e-10
-9.949065e-10
7.079104
-3.310194e-09
-7.079104
7.079104
-2.889596e-09
-1.935528e-09
7.079104
-1.33561e-09
-7.079104
7.079104
-1.358375e-09
-1.0863e-09
7.079104
1.488242e-09
-7.079104
7.079104
1.142643e-09
4.891138e-10
7.079098
3.760721e-09
-7.079098
7.079098
2.631852e-09
1.186203e-09
7.079098
-7.079098
7.079098
7.079104
1.310799e-11
1.413515e-11
-7.079104
7.079104
4.290086e-12
4.935282e-12
-4.842425e-12
-4.141828e-12
7.079104
-3.501762e-11
-7.079104
7.079104
-3.030877e-11
-2.323507e-11
7.079104
-3.570144e-11
-7.079104
7.079104
-3.084329e-11
-2.392882e-11
7.079104
-9.209461e-12
-7.079104
7.079104
-1.506121e-11
-1.647132e-11
7.079104
-9.596948e-12
-7.079104
7.079104
-1.516449e-11
-1.648088e-11
7.079104
-7.079104
7.079104
7.079098
7.718066e-09
1.49653e-09
-7.079098
7.079098
6.975674e-09
1.162282e-09
3.514358e-09
-8.727322e-10
7.079098
7.738131e-09
1.507012e-09
-7.079098
7.079098
7.090117e-09
1.225571e-09
4.186756e-09
-6.490048e-10
7.079098
-7.079098
7.079098
7.079104
-1.630474e-09
-7.079104
7.079104
-3.36493e-09
-4.192138e-09
7.079104
-1.620926e-09
-7.079104
7.079104
-3.31383e-09
-3.743452e-09
7.079104
-7.079104
7.079104
7.079104
-8.009805e-10
-2.53198e-09
-7.079104
7.079104
4.048737e-11
-1.776404e-11
-2.388089e-10
4.511862e-09
7.079104
2.312039e-09
-7.079104
7.079104
2.193524e-09
1.17917e-09
7.079098
-6.576977e-10
-7.079098
7.079098
1.585826e-10
1.8661e-09
7.079098
-3.94091e-09
-5.555697e-10
-7.079098
7.079098
-1.451426e-09
9.588754e-10
2.54242e-09
8.3696e-10
7.079104
-7.079104
7.079104
7.079098
-7.079098
7.079098
7.079104
5.451753e-12
5.750646e-12
-7.079104
7.079104
3.964737e-12
4.433148e-12
3.093536e-12
3.339613e-12
7.079104
5.393282e-12
5.933328e-12
-7.079104
7.079104
3.884067e-12
4.519874e-12
3.000498e-12
3.142565e-12
7.079104
-7.079104
7.079104
7.079104
5.603147e-12
5.779413e-12
-7.079104
7.079104
4.197083e-12
4.354646e-12
3.093413e-12
2.957482e-12
7.079104
-7.079104
7.079104
7.079104
-7.079104
7.079104
7.079097
1.755338e-07
2.2334e-08
-7.079097
7.079096
1.596658e-07
7.975592e-09
1.394734e-07
-3.189159e-08
7.079103
2.281574e-08
1.738283e-07
-7.079104
7.079103
8.869525e-09
1.568423e-07
-3.175213e-08
1.331399e-07
7.079103
-4.155299e-08
-7.079104
7.079103
-5.528887e-08
-9.042089e-08
7.079097
-7.079097
7.079096
7.079097
-3.936583e-08
-7.079097
7.079096
-5.157137e-08
-8.394791e-08
7.079103
-7.079104
7.079103
7.079104
4.50371e-10
4.727996e-09
-7.079104
7.079104
6.655433e-10
6.595306e-09
-5.148407e-10
7.489771e-09
7.079104
8.307659e-11
-7.079104
7.079104
-6.797694e-10
-2.206598e-09
7.079098
2.477062e-09
1.18934e-09
-7.079098
7.079098
4.273514e-09
1.459946e-09
3.87623e-09
-1.583858e-09
7.079104
2.906835e-09
-7.079104
7.079104
3.79596e-09
4.751112e-09
7.079098
-7.079098
7.079098
7.079098
-7.079098
7.079098
7.079098
1.093442e-09
1.045506e-09
-7.079098
7.079098
8.480275e-10
8.040131e-10
4.343745e-10
3.909272e-10
7.079098
3.243535e-10
-7.079098
7.079098
-3.047955e-10
-9.144756e-10
7.079098
3.367284e-10
-7.079098
7.079098
-2.821374e-10
-8.979412e-10
7.079104
3.151626e-10
-7.079104
7.079104
2.631484e-11
-4.637844e-10
7.079104
2.796185e-10
-7.079104
7.079104
4.991808e-12
-4.906834e-10
7.079104
-7.079104
7.079104
7.079098
1.60266e-09
1.524038e-09
-7.079098
7.079098
1.715432e-09
2.051116e-09
1.097416e-09
3.751161e-09
7.079104
8.205814e-10
2.053494e-09
-7.079104
8.655436e-10
1.395773e-10
7.079104
-1.272596e-10
-7.079104
-1.441168e-09
7.079098
1.281551e-09
-7.079098
7.079098
1.050933e-09
2.452614e-09
7.079098
-7.079098
7.079098
7.079104
-7.079104
7.079104
7.079104
5.579996e-10
2.391362e-10
-7.079104
7.079104
7.719677e-10
-1.238101e-10
-1.0616e-09
7.079098
5.549035e-10
1.163646e-10
-7.079098
4.856066e-10
-3.391604e-10
7.079098
-7.079098
7.079098
-2.101566e-10
-7.079098
7.079098
-3.664495e-10
-9.227661e-10
7.079104
3.298079e-10
-7.079104
7.079104
2.954545e-10
6.77272e-11
7.079104
-7.079104
7.079104
7.079098
2.304524e-10
2.324947e-10
-7.079098
7.079098
1.929031e-10
1.987687e-10
1.039644e-10
8.2539e-11
7.079098
-3.533841e-10
-7.079098
7.079098
-3.67206e-10
-4.72999e-10
7.079104
-4.669619e-11
-7.079104
7.079104
-9.90631e-11
-2.408043e-10
7.079098
-3.54802e-10
-7.079098
7.079098
-3.655579e-10
-4.584296e-10
7.079104
-4.736956e-11
-7.079104
7.079104
-1.066075e-10
-2.339506e-10
7.079104
-7.079104
7.079104
7.079104
7.276002e-10
8.282621e-10
-7.079104
7.079104
6.738875e-10
8.21281e-10
1.553609e-10
2.795913e-10
7.079098
6.283265e-10
7.818119e-10
-7.079098
7.079098
7.639347e-10
8.599724e-10
3.137669e-10
4.214383e-10
7.079104
3.409519e-10
-7.079104
7.079104
1.346215e-10
-2.227476e-10
7.079104
-7.079104
7.079104
7.079098
2.881054e-10
-7.079098
7.079098
1.860038e-10
-2.061462e-10
7.079098
-7.079098
7.079098
7.079104
2.778936e-08
6.418072e-08
-7.079104
7.079103
4.823064e-08
7.968557e-08
2.978419e-08
7.252176e-08
7.079104
-5.362791e-09
-7.079104
7.079103
-3.612339e-08
-9.015015e-08
7.079097
2.479764e-09
-7.079097
7.079097
-2.855689e-08
-6.124057e-08
7.079104
3.759683e-08
-7.079104
7.079103
2.764041e-08
-7.584666e-09
7.079097
-6.637024e-09
-7.079097
7.079097
-1.138102e-08
-7.923177e-08
7.079097
-7.079097
7.079097
7.079104
4.203587e-11
4.896045e-11
-7.079104
7.079104
3.760502e-11
4.738378e-11
2.595976e-11
3.751237e-11
7.079104
1.527749e-11
-7.079104
7.079104
1.035556e-11
-8.224903e-13
7.079104
1.433524e-11
-7.079104
7.079104
1.027409e-11
-2.988561e-13
7.079098
4.684531e-11
5.285952e-11
-7.079098
7.079098
3.488457e-11
4.462354e-11
1.952122e-11
3.165119e-11
7.079098
-7.079098
7.079098
7.079098
-7.079098
7.079098
7.079104
-4.157006e-09
-4.407917e-09
-7.079104
7.079104
-2.038818e-09
-2.286709e-09
1.111486e-09
7.215231e-10
7.079104
8.205532e-09
-7.079104
7.079104
8.288057e-09
7.668528e-09
7.079104
8.374915e-09
-7.079104
7.079104
8.472356e-09
7.893904e-09
7.079098
1.623494e-09
-7.079098
7.079098
3.775808e-09
5.124554e-09
7.079098
1.704966e-09
-7.079098
7.079098
3.839365e-09
5.289181e-09
7.079098
-7.079098
7.079098
7.079104
1.271412e-09
1.014335e-09
-7.079104
3.777718e-10
-3.714227e-10
7.079104
-2.719252e-09
-7.079104
-3.298571e-09
7.079098
-5.783822e-10
-7.079098
7.079098
-2.139699e-10
-2.724025e-09
7.079104
-2.494817e-09
-7.079104
7.079104
-2.1289e-09
-4.073653e-09
7.079098
-5.457376e-10
-7.079098
7.079098
-6.344445e-10
-8.769628e-10
7.079098
-7.079098
7.079098
7.079104
4.707264e-09
-1.448907e-10
-7.079104
7.079104
3.69824e-09
1.440462e-09
1.093482e-09
-2.172115e-10
7.079104
-2.038223e-10
4.636875e-09
-7.079104
7.079104
1.416166e-09
3.701826e-09
-2.242731e-10
1.232629e-09
7.079098
-7.421458e-10
-7.079098
7.079098
-3.012569e-09
-2.619652e-09
7.079104
-7.079104
7.079104
7.079098
-7.306737e-10
-7.079098
7.079098
-3.040394e-09
-2.765865e-09
7.079098
-7.079098
7.079098
7.079104
8.697032e-10
7.279855e-11
-7.079104
7.079104
8.276852e-10
-5.841786e-11
3.714614e-10
-2.49477e-10
7.079098
-1.175812e-10
1.010356e-09
-7.079098
7.079098
-6.673673e-11
9.011047e-10
-7.566026e-11
2.647857e-10
7.079098
-4.170159e-10
-7.079098
7.079098
-4.800179e-10
-5.128233e-10
7.079104
-7.079104
7.079104
7.079098
7.480626e-10
-7.079098
7.079098
5.617703e-10
2.32354e-10
7.079104
-7.079104
7.079104
7.079097
1.126728e-08
1.330717e-08
-7.079097
7.079097
1.040712e-08
1.219348e-08
5.569514e-09
6.830815e-09
7.079097
-1.972993e-08
-7.079097
7.079097
-1.955604e-08
-2.591269e-08
7.079104
-1.846589e-08
-7.079104
7.079104
-1.933351e-08
-2.583681e-08
7.079104
-2.239515e-09
-7.079104
7.079104
-5.495753e-09
-1.332038e-08
7.079097
1.064452e-09
-7.079097
7.079097
-3.486785e-09
-1.198317e-08
7.079104
-7.079104
7.079104
7.079104
-3.39038e-12
1.635645e-10
-7.079104
7.079104
5.355941e-11
1.607734e-10
1.12079e-11
7.746918e-11
7.079104
-1.050035e-10
-7.079104
7.079104
-1.520697e-10
-2.395396e-10
7.079104
1.197459e-10
-7.079104
7.079104
2.701363e-11
-8.422334e-11
7.079098
-7.951256e-11
-7.079098
7.079098
-1.493987e-10
-2.260142e-10
7.079098
-7.263985e-11
-7.079098
7.079098
-8.284338e-11
-1.640145e-10
7.079098
-7.079098
7.079098
7.079104
3.688688e-11
-3.770831e-12
-7.079104
7.079104
3.849356e-11
3.322046e-13
3.187558e-11
-4.186826e-12
7.079098
3.89119e-11
-6.434143e-12
-7.079098
7.079098
3.947819e-11
-5.411972e-13
2.943511e-11
-4.697568e-12
7.079104
-7.079104
7.079104
7.079098
-7.048104e-12
-7.079098
7.079098
-1.312115e-11
-2.555989e-11
7.079104
-1.169934e-11
-7.079104
7.079104
-1.498747e-11
-2.370295e-11
7.079098
-7.079098
7.079098
7.079098
2.582954e-09
-6.363831e-11
-7.079098
1.124047e-09
-3.33159e-10
7.079104
-5.38428e-10
3.439472e-09
-7.079104
7.079104
-2.342391e-10
4.285678e-09
-1.985997e-10
5.38515e-09
7.079104
-8.40174e-10
-7.079104
7.079104
-9.50818e-11
2.234916e-09
7.079098
2.171469e-09
-7.079098
7.079098
3.157839e-09
7.079104
-7.079104
7.079104
7.079098
-7.079098
7.079104
6.433292e-10
1.598474e-09
-7.079104
7.079104
6.770573e-10
1.275987e-09
1.755074e-10
7.452131e-10
7.079098
-1.228467e-10
-7.079098
7.079098
-7.73484e-10
-1.352187e-09
7.079104
-4.197307e-10
-7.079104
7.079104
-9.474012e-10
-1.525761e-09
7.079098
8.827308e-10
-7.079098
7.079098
1.176173e-10
-5.532848e-10
7.079104
2.245627e-10
-7.079104
7.079104
-3.073234e-10
-9.49411e-10
7.079098
-7.079098
7.079098
7.079104
3.804073e-11
4.218584e-11
-7.079104
7.079104
3.519675e-11
3.560584e-11
2.898259e-11
2.392706e-11
7.079104
9.728811e-12
-7.079104
7.079104
7.434768e-12
1.535834e-12
7.079098
4.399023e-11
3.33351e-11
-7.079098
7.079098
3.700164e-11
2.954322e-11
2.166855e-11
2.385256e-11
7.079098
-7.079098
7.079098
7.079098
5.084307e-12
-7.079098
7.079098
4.604013e-13
-8.750954e-12
7.079104
-7.079104
7.079104
7.079098
1.092401e-09
1.211472e-09
-7.079098
7.079098
1.197526e-09
1.414106e-09
8.289576e-10
1.066671e-09
7.079098
8.451518e-10
-7.079098
7.079098
5.520507e-10
-6.28142e-12
7.079098
8.195683e-10
-7.079098
7.079098
5.509991e-10
4.454622e-11
7.079104
9.204639e-10
1.013944e-09
-7.079104
7.079104
9.887196e-10
1.204266e-09
5.801088e-10
8.686858e-10
7.079104
-7.079104
7.079104
7.079104
-7.079104
7.079104
7.079104
2.098297e-10
7.626378e-09
-7.079104
7.079104
3.786914e-10
9.229608e-09
-1.013585e-09
6.598475e-09
7.079104
-3.919914e-09
-7.079104
7.079104
-4.617241e-09
-4.771341e-09
7.079098
1.115017e-08
2.788991e-09
-7.079098
7.079097
1.049301e-08
1.178232e-09
6.376145e-09
-2.947434e-09
7.079098
-7.079098
7.079097
7.079104
2.975293e-09
-7.079104
7.079104
4.153365e-09
3.059777e-09
7.079098
-7.079098
7.079097
7.079104
1.933274e-12
3.504191e-11
-7.079104
-5.591416e-12
3.010399e-11
7.079098
2.259293e-12
3.373279e-11
-7.079098
-5.492385e-12
2.739226e-11
7.079104
-6.741577e-12
-7.079104
-1.361979e-11
7.079098
-8.44466e-12
-7.079098
-1.643966e-11
7.079098
-7.079098
7.079104
-7.079104
7.079098
5.265007e-11
2.304625e-12
-7.079098
3.52618e-11
-5.749838e-12
7.079104
5.157378e-11
8.055752e-12
-7.079104
3.566025e-11
-8.953736e-12
7.079104
-7.079104
7.079098
-2.030933e-11
-7.079098
-2.131786e-11
7.079098
2.708146e-11
-7.079098
1.770192e-11
7.079104
-7.079104
7.079104
5.763001e-09
5.689547e-09
-7.079104
7.079104
7.614177e-09
4.905004e-09
1.11748e-08
-3.402411e-09
7.079104
-9.897308e-09
-7.079104
7.079104
-1.061767e-08
-1.969584e-08
7.079104
-1.260719e-09
-7.079104
7.079104
-1.323981e-09
-1.230479e-08
7.079097
-9.643525e-09
-7.079098
7.079097
-8.303021e-09
-1.45532e-08
7.079097
-1.441054e-09
-7.079098
7.079097
-9.294594e-10
-2.870195e-09
7.079097
-7.079098
7.079097
7.079104
2.963829e-09
1.119459e-08
-7.079104
7.079104
3.098431e-09
1.000742e-08
-2.828551e-09
1.125867e-08
7.079097
-6.436377e-09
-7.079097
7.079097
-6.173809e-09
-1.193045e-08
7.079104
-6.765397e-09
-7.079104
7.079104
-8.06225e-09
-1.663932e-08
7.079097
7.09003e-09
-7.079097
7.079097
2.850244e-09
-1.684535e-09
7.079104
-8.116867e-10
-7.079104
7.079104
-2.170279e-09
-1.106291e-08
7.079097
-7.079097
7.079097
7.079104
4.693898e-10
3.712705e-10
-7.079104
7.079104
8.814698e-10
6.582212e-10
9.483735e-10
5.284301e-10
7.079098
1.939549e-10
-7.079098
7.079098
2.940561e-10
2.624972e-10
7.079104
1.73659e-10
-7.079104
7.079104
2.020371e-10
-9.444573e-11
7.079098
5.643772e-10
4.45955e-10
-7.079098
7.079098
9.325788e-10
6.173105e-10
9.723107e-10
1.954457e-10
7.079098
-7.079098
7.079098
7.079104
-7.079104
7.079104
7.079098
2.416439e-10
4.527821e-10
-7.079098
7.079098
1.236603e-10
2.219072e-10
9.778872e-12
-7.717951e-11
7.079104
4.760831e-10
2.21339e-10
-7.079104
7.079104
2.519927e-10
1.17469e-10
-4.586347e-12
-1.573539e-11
7.079104
4.430938e-10
3.994598e-10
-7.079104
7.079104
2.468567e-10
2.105888e-10
7.909972e-11
-1.900707e-11
7.079098
-7.079098
7.079098
7.079098
-7.079098
7.079098
7.079104
-7.079104
7.079104
7.079104
7.516983e-09
6.104277e-09
-7.079104
2.729838e-09
-1.759479e-09
7.079097
-1.437343e-08
-7.079097
-1.265299e-08
7.079104
-1.377303e-08
-7.079104
7.079104
-1.035947e-08
-7.764654e-09
7.079097
-2.825385e-09
-7.079097
-2.23703e-09
7.079104
-2.01311e-09
-7.079104
7.079104
-4.125947e-11
7.079097
-7.079097
7.079104
2.975514e-12
2.900079e-12
-7.079104
1.462978e-12
1.569876e-12
7.079104
-5.242983e-12
-7.079104
-6.136805e-12
7.079104
-5.257159e-12
-7.079104
-6.259008e-12
7.079098
-8.980981e-13
-7.079098
-2.904401e-12
7.079098
-8.425946e-13
-7.079098
-2.91801e-12
7.079098
-7.079098
7.079104
1.30053e-10
8.498918e-10
-7.079104
7.079104
-2.612052e-10
1.173255e-09
-8.121359e-10
1.579537e-09
7.079098
-2.366103e-10
-7.079098
7.079098
-1.151403e-10
-3.701283e-10
7.079104
7.502545e-10
2.925962e-10
-7.079104
7.079104
1.018231e-09
-8.460976e-11
1.491546e-09
-8.52982e-10
7.079104
-7.079104
7.079104
7.079098
4.988224e-10
-7.079098
7.079098
4.467816e-10
4.172511e-10
7.079098
-7.079098
7.079098
7.079097
1.625461e-08
1.922863e-08
-7.079097
7.079097
3.071393e-09
2.454804e-09
-8.183188e-09
-4.636681e-09
7.079104
2.095978e-08
1.927546e-08
-7.079104
7.079104
3.006157e-09
-3.642386e-09
-4.290739e-09
-1.313673e-08
7.079097
8.238263e-09
-7.079097
7.079097
-1.284559e-10
4.226186e-09
7.079104
-7.079104
7.079104
7.079097
3.579938e-09
-7.079097
7.079097
-6.16037e-09
-8.166264e-09
7.079104
-7.079104
7.079104
7.079104
1.698809e-11
1.154868e-12
-7.079104
7.079104
1.637952e-11
5.992292e-12
1.017035e-11
2.31425e-12
7.079104
-8.715986e-12
-7.079104
7.079104
-1.653163e-11
-2.553859e-11
7.079098
-9.07349e-12
-7.079098
7.079098
-9.36222e-12
-1.618562e-11
7.079104
-1.540988e-11
-7.079104
7.079104
-1.816313e-11
-2.51362e-11
7.079098
1.347288e-11
-7.079098
7.079098
2.709514e-12
-8.71534e-12
7.079098
-7.079098
7.079098
7.079104
7.309084e-11
7.515791e-11
-7.079104
7.079104
3.065423e-11
3.015035e-11
-2.474607e-11
-2.68712e-11
7.079104
-1.454671e-10
-7.079104
7.079104
-1.479469e-10
-1.249814e-10
7.079104
-1.452238e-10
-7.079104
7.079104
-1.466811e-10
-1.241402e-10
7.079104
-3.155927e-11
-7.079104
7.079104
-7.189273e-11
-8.701064e-11
7.079104
-2.925889e-11
-7.079104
7.079104
-7.114834e-11
-8.830519e-11
7.079104
-7.079104
7.079104
7.079098
3.767076e-12
2.941707e-12
-7.079098
7.079098
3.336278e-12
2.498987e-12
2.293894e-12
2.28008e-12
7.079098
8.567087e-13
-7.079098
7.079098
8.310496e-13
3.584854e-13
7.079098
9.874875e-13
-7.079098
7.079098
6.721802e-13
-3.479966e-15
7.079104
4.190733e-12
3.495581e-12
-7.079104
7.079104
3.269411e-12
2.265744e-12
1.874379e-12
1.484762e-12
7.079104
-7.079104
7.079104
7.079104
-7.079104
7.079104
7.079104
3.092624e-09
4.29341e-09
-7.079104
2.201483e-09
2.679339e-09
7.079098
1.059996e-09
-7.079098
-6.034937e-10
7.079098
3.816772e-09
4.740686e-09
-7.079098
1.235541e-09
3.113639e-09
7.079104
7.832226e-10
-7.079104
7.96795e-10
7.079098
-7.079098
7.079104
-7.079104
7.079104
3.585254e-09
3.962472e-09
-7.079104
7.079104
3.966136e-09
4.216553e-09
4.048763e-09
3.375257e-09
7.079104
4.095703e-09
4.406767e-09
-7.079104
7.079104
3.755605e-09
4.336578e-09
2.885546e-09
3.205348e-09
7.079104
1.129481e-09
-7.079104
7.079104
8.907072e-10
-4.626214e-10
7.079104
-7.079104
7.079104
7.079104
1.063306e-09
-7.079104
7.079104
1.221208e-09
5.306546e-10
7.079104
-7.079104
7.079104
7.079098
1.301735e-09
6.856619e-10
-7.079098
7.079098
9.440517e-10
7.516252e-10
5.309658e-10
3.200422e-10
7.079104
-1.120885e-09
-7.079104
7.079104
-1.266528e-09
-1.636885e-09
7.079104
-4.126723e-10
-7.079104
7.079104
-4.60857e-10
-7.18011e-10
7.079098
-5.166067e-10
-7.079098
7.079098
-9.689769e-10
-1.780237e-09
7.079104
4.008671e-10
-7.079104
7.079104
5.659755e-10
3.63764e-10
7.079098
-7.079098
7.079098
7.079098
7.483385e-11
8.518234e-12
-7.079098
7.079098
7.080212e-11
3.385592e-12
6.625995e-11
-1.487932e-11
7.079104
9.268408e-12
7.225778e-11
-7.079104
7.079104
4.041705e-12
6.689074e-11
-1.462787e-11
5.935666e-11
7.079104
-1.81134e-11
-7.079104
7.079104
-2.324189e-11
-4.085342e-11
7.079104
-7.079104
7.079104
7.079098
-1.479375e-11
-7.079098
7.079098
-1.869846e-11
-3.369627e-11
7.079098
-7.079098
7.079098
7.079104
1.966371e-08
1.871883e-08
-7.079104
7.079104
1.812646e-08
1.728531e-08
1.023827e-08
9.497395e-09
7.079097
-2.972978e-08
-7.079097
7.079097
-3.056648e-08
-4.045464e-08
7.079104
-2.909824e-08
-7.079104
7.079104
-3.010546e-08
-4.031575e-08
7.079097
-4.051459e-09
-7.079097
7.079097
-8.013687e-09
-2.020394e-08
7.079104
-3.73812e-09
-7.079104
7.079104
-7.633542e-09
-1.960192e-08
7.079097
-7.079097
7.079097
7.079098
-1.4002e-08
2.718986e-09
-7.079098
7.079098
-1.059672e-08
-7.928796e-09
5.728898e-10
-5.151627e-10
7.079098
-1.443814e-08
2.815969e-09
-7.079098
7.079098
-1.133866e-08
-5.538272e-09
-5.522013e-10
2.385107e-09
7.079098
-7.079098
7.079098
7.079104
2.084507e-09
-7.079104
7.079104
9.827225e-09
4.507261e-09
7.079104
-1.551389e-09
-7.079104
7.079104
-6.694795e-09
-4.818693e-10
7.079104
-7.079104
7.079104
7.079104
1.372916e-10
1.474081e-10
-7.079104
7.699062e-11
8.64188e-11
7.079104
-2.319709e-10
-7.079104
-3.083708e-10
7.079098
-2.368831e-10
-7.079098
-3.108237e-10
7.079098
-3.275627e-11
-7.079098
-1.434826e-10
7.079104
-2.757194e-11
-7.079104
-1.365271e-10
7.079098
-7.079098
7.079098
6.248161e-10
1.304366e-09
-7.079098
7.079098
-3.523868e-10
2.560696e-09
-2.438323e-09
7.021879e-09
7.079098
3.969195e-10
-7.079098
7.079098
4.541236e-10
1.654026e-09
7.079098
5.734088e-10
-7.079098
7.079098
1.557697e-09
6.35388e-09
7.079104
3.84743e-10
-7.079104
7.079104
1.17947e-09
7.079104
-9.395379e-11
-7.079104
-2.080724e-09
7.079104
-7.079104
7.079104
7.079037
2.542245e-11
2.816591e-11
-7.079037
7.079037
2.612158e-11
2.826888e-11
1.491466e-11
2.11111e-11
7.079131
2.335797e-11
2.945338e-11
-7.079131
7.079131
2.506144e-11
2.98265e-11
1.655102e-11
2.123435e-11
7.079131
3.299252e-11
3.627922e-11
-7.079131
7.079131
2.907499e-11
3.166124e-11
2.144602e-11
1.997699e-11
7.079037
-7.079037
7.079037
7.079037
-7.079037
7.079037
7.079131
-7.079131
7.079131
7.079098
1.288237e-11
1.06814e-11
-7.079098
7.079098
2.370242e-11
1.904372e-11
2.065439e-11
2.889665e-11
7.079104
-2.378069e-12
-7.079104
7.079104
8.465012e-12
7.781468e-12
7.079098
-1.260856e-12
-7.079098
7.079098
2.242411e-12
-1.228076e-11
7.079104
1.738307e-11
1.852874e-11
-7.079104
7.079104
2.053276e-11
3.145239e-11
1.938835e-11
3.121317e-11
7.079098
-7.079098
7.079098
7.079104
-7.079104
7.079104
7.079104
2.107335e-09
3.963799e-10
-7.079104
7.079104
1.870699e-09
3.586036e-10
1.120266e-09
-4.75944e-10
7.079104
3.030832e-10
1.820541e-09
-7.079104
7.079104
3.923786e-10
1.730775e-09
-1.56931e-10
9.276842e-10
7.079098
-7.695651e-10
-7.079098
7.079098
-1.005305e-09
-9.245507e-10
7.079104
-7.079104
7.079104
7.079098
5.760471e-10
-7.079098
7.079098
8.316166e-10
4.129553e-10
7.079098
-7.079098
7.079098
7.079131
2.896647e-12
2.871225e-12
-7.079131
1.503628e-12
1.531738e-12
7.079131
-5.235562e-12
-7.079131
-6.26908e-12
7.079131
-5.282532e-12
-7.079131
-6.278817e-12
7.079037
-8.089697e-13
-7.079037
-2.936846e-12
7.079037
-8.621704e-13
-7.079037
-2.947288e-12
7.079037
-7.079037
7.0791
8.17788e-09
1.17054e-08
-7.0791
-1.373571e-07
-1.281088e-07
7.0791
-5.080549e-07
-7.0791
-1.564036e-07
7.0791
-5.058431e-07
-7.0791
-1.600936e-07
7.079093
-2.397612e-07
-7.079094
-1.36198e-07
7.079093
-2.455005e-07
-7.079094
-1.417562e-07
7.079093
-7.079094
7.079104
5.339732e-08
1.700722e-07
-7.079104
7.079103
4.890484e-08
1.927527e-07
3.068898e-08
8.517308e-08
7.079104
-4.776594e-08
-7.079104
7.079103
-9.450784e-08
-1.1428e-07
7.079103
7.220262e-08
-7.079104
7.079103
9.380363e-08
4.851638e-08
7.079097
2.094259e-07
1.171878e-07
-7.079097
7.079096
2.098183e-07
6.526628e-08
1.182919e-07
-1.955821e-09
7.079097
-7.079097
7.079096
7.079097
-7.079097
7.079096
7.079131
7.053881e-10
-3.292541e-10
-7.079131
7.079131
7.616351e-11
-4.107692e-10
-4.830767e-10
-4.765736e-10
7.079131
-7.752751e-11
-7.079131
7.079131
-4.594698e-10
-5.683439e-10
7.079104
1.619608e-09
3.616005e-10
-7.079104
7.079104
3.613269e-10
-2.145502e-10
-3.920778e-10
-2.560216e-10
7.079131
-7.079131
7.079131
7.079104
-3.008446e-10
-7.079104
7.079104
-5.483737e-10
-4.387892e-10
7.079104
-7.079104
7.079104
7.079098
2.456125e-11
4.224503e-11
-7.079098
7.079098
2.61363e-11
3.533896e-11
2.720112e-11
3.1061e-11
7.079104
2.206428e-11
-7.079104
7.079104
1.110272e-11
6.659309e-12
7.079104
3.206517e-11
6.131473e-11
-7.079104
7.079104
2.513229e-11
3.284108e-11
2.738646e-11
2.81124e-11
7.079104
-7.079104
7.079104
7.079098
3.357626e-11
-7.079098
7.079098
9.575744e-12
3.559537e-12
7.079098
-7.079098
7.079098
7.079098
9.764902e-10
-8.363068e-10
-7.079098
7.079098
-8.357483e-11
-1.463835e-09
-1.407298e-09
-1.196414e-09
7.079098
-1.04425e-09
-7.079098
7.079098
-9.544926e-10
9.338054e-10
7.079104
-1.447781e-09
-7.079104
7.079104
-2.224175e-09
-8.480439e-10
7.079098
-1.840259e-09
-7.079098
7.079098
-1.639171e-09
-6.93054e-10
7.079104
-3.760609e-10
-7.079104
7.079104
-1.010783e-09
-8.779072e-10
7.079104
-7.079104
7.079104
7.079104
5.309867e-10
3.381102e-09
-7.079104
-1.746815e-11
2.170392e-09
7.079131
9.375508e-10
3.110455e-09
-7.079131
-2.435026e-10
1.987217e-09
7.079104
-1.194903e-09
-7.079104
-1.315739e-09
7.079131
1.872092e-09
-7.079131
1.272834e-09
7.079131
-7.079131
7.079104
-7.079104
7.079098
6.65725e-11
2.78444e-10
-7.079098
-3.191796e-11
2.829115e-10
7.079104
2.425535e-11
3.948635e-10
-7.079104
-4.764765e-11
3.316412e-10
7.079098
-1.282607e-10
-7.079098
-1.866189e-10
7.079104
3.047612e-11
-7.079104
-1.221833e-10
7.079098
-7.079098
7.079104
-7.079104
7.079104
3.540182e-10
8.563449e-11
-7.079104
7.079104
3.484281e-10
6.078438e-11
3.12598e-10
-3.460529e-11
7.079098
3.696323e-10
3.637751e-11
-7.079098
7.079098
3.725585e-10
2.319623e-11
2.95597e-10
-1.371525e-11
7.079098
-7.079098
7.079098
7.079098
-1.184622e-10
-7.079098
7.079098
-1.243711e-10
-1.996846e-10
7.079104
1.833422e-10
-7.079104
7.079104
1.861029e-10
1.617585e-10
7.079104
-7.079104
7.079104
7.079098
4.808125e-09
2.332218e-09
-7.079098
7.079098
3.439868e-09
2.480102e-09
1.125333e-09
2.589274e-11
7.079104
-3.974825e-09
-7.079104
7.079104
-4.642186e-09
-5.929564e-09
7.079104
-1.378753e-09
-7.079104
7.079104
-1.757824e-09
-2.693064e-09
7.079098
-1.894318e-09
-7.079098
7.079098
-3.546315e-09
-6.432897e-09
7.079104
9.833731e-10
-7.079104
7.079104
1.893939e-09
1.090312e-09
7.079098
-7.079098
7.079098
7.079104
2.414959e-11
4.833337e-11
-7.079104
7.079104
1.768951e-11
3.981162e-11
1.080644e-11
1.20017e-11
7.079104
-5.398386e-11
-7.079104
7.079104
-5.583043e-11
-6.525041e-11
7.079104
-1.891566e-11
-7.079104
7.079104
-1.863335e-11
-2.318021e-11
7.079098
2.896823e-11
-7.079098
7.079098
3.183545e-11
2.940598e-11
7.079098
6.809645e-11
-7.079098
7.079098
6.47388e-11
6.021081e-11
7.079098
-7.079098
7.079098
7.079104
1.186475e-13
4.912817e-14
-7.079104
7.079104
-2.026269e-14
-2.280335e-14
6.758867e-14
-1.221891e-13
7.079098
-6.742524e-13
-7.079098
7.079098
-3.841122e-13
-3.13923e-13
7.079098
-4.31579e-13
-7.079098
7.079098
-2.640937e-13
-1.980978e-13
7.079104
-7.247612e-13
-7.079104
7.079104
-4.555689e-13
-2.63922e-13
7.079098
3.151678e-13
-7.079098
7.079098
1.924494e-13
8.369942e-14
7.079104
-7.079104
7.079104
7.079104
-8.36996e-10
5.092923e-09
-7.079104
-1.947188e-09
2.779289e-09
7.079104
-1.368672e-09
-7.079104
-6.592477e-10
7.079098
4.259553e-09
2.792173e-10
-7.079098
7.079098
2.322746e-09
-1.897015e-09
-2.179646e-09
7.079104
-7.079104
7.079098
3.318238e-09
-7.079098
1.16595e-09
7.079098
-7.079098
7.079098
7.079104
1.552791e-09
1.315038e-09
-7.079104
1.526533e-09
9.499554e-10
7.079104
-1.779743e-09
-7.079104
-3.204324e-09
7.079098
1.216262e-10
-7.079098
-1.268995e-09
7.079104
-1.570639e-09
-7.079104
-2.843468e-09
7.079098
1.50321e-10
-7.079098
-1.053256e-09
7.079098
-7.079098
7.079098
1.539449e-10
1.794894e-10
-7.079098
7.079098
1.460872e-10
1.826292e-10
1.167928e-10
6.432135e-11
7.079104
-2.663165e-10
-7.079104
7.079104
-2.873719e-10
-3.669185e-10
7.079104
-8.659889e-11
-7.079104
7.079104
-8.108317e-11
-1.201848e-10
7.079098
-1.86062e-10
-7.079098
7.079098
-2.251453e-10
-3.518357e-10
7.079104
1.923736e-10
-7.079104
7.079104
1.798305e-10
8.277274e-11
7.079098
-7.079098
7.079098
7.079098
7.089015e-11
7.356108e-11
-7.079098
7.079098
6.362979e-11
6.20602e-11
5.127906e-11
3.813633e-11
7.079104
5.710852e-11
8.106978e-11
-7.079104
7.079104
5.155877e-11
6.596612e-11
3.941916e-11
3.78118e-11
7.079098
1.833012e-11
-7.079098
7.079098
1.24892e-11
2.463182e-13
7.079104
8.254848e-12
-7.079104
7.079104
3.243783e-13
-1.498679e-11
7.079098
-7.079098
7.079098
7.079104
-7.079104
7.079104
7.079098
1.488408e-09
-1.506778e-10
-7.079098
7.079098
-9.398717e-11
-9.890356e-10
-2.323133e-09
-7.432816e-10
7.079104
3.35932e-10
-7.079104
7.079104
-4.132624e-10
-1.111725e-10
7.079104
-1.124671e-09
-7.079104
7.079104
-5.79171e-10
5.32647e-10
7.079098
4.969205e-10
-7.079098
7.079098
-1.00388e-09
-3.201529e-10
7.079104
-3.534546e-10
-7.079104
7.079104
-9.065795e-10
8.382045e-10
7.079098
-7.079098
7.079098
7.079104
3.568933e-09
3.381919e-09
-7.079104
7.079104
3.068965e-09
2.926932e-09
1.343226e-09
1.374131e-09
7.079104
-5.808563e-09
-7.079104
7.079104
-5.807462e-09
-7.112509e-09
7.079104
-5.68828e-09
-7.079104
7.079104
-5.74333e-09
-7.247485e-09
7.079098
-9.695262e-10
-7.079098
7.079098
-1.777905e-09
-3.504361e-09
7.079098
-9.027457e-10
-7.079098
7.079098
-1.699964e-09
-3.400272e-09
7.079098
-7.079098
7.079098
7.079098
-1.135049e-12
1.35579e-11
-7.079098
7.079098
3.523449e-12
1.317645e-11
1.700319e-12
7.719974e-12
7.079098
-1.288832e-11
-7.079098
7.079098
-1.433611e-11
-1.99101e-11
7.079104
-7.438587e-12
-7.079104
7.079104
-1.283272e-11
-1.955319e-11
7.079104
-8.308362e-12
-7.079104
7.079104
-8.079045e-12
-1.285293e-11
7.079098
1.186707e-11
-7.079098
7.079098
3.13843e-12
-6.447092e-12
7.079104
-7.079104
7.079104
7.079104
1.089106e-10
1.626705e-10
-7.079104
5.989847e-11
9.435439e-11
7.079104
-2.31831e-10
-7.079104
-2.940678e-10
7.079104
-7.827984e-11
-7.079104
-1.084191e-10
7.079098
2.015759e-10
-7.079098
1.315128e-10
7.079098
-1.623081e-10
-7.079098
-3.054564e-10
7.079098
-7.079098
7.079104
3.198395e-12
2.414717e-12
-7.079104
7.079104
3.024564e-12
1.951512e-12
1.52443e-12
1.157254e-12
7.079104
-4.187636e-12
-7.079104
7.079104
-4.459674e-12
-6.476016e-12
7.079104
-5.230175e-12
-7.079104
7.079104
-4.98216e-12
-5.868188e-12
7.079098
-1.88704e-12
-7.079098
7.079098
-1.540147e-12
-2.223767e-12
7.079098
3.66705e-12
-7.079098
7.079098
3.150832e-12
1.961159e-12
7.079098
-7.079098
7.079098
7.079104
2.97333e-09
2.349926e-09
-7.079104
7.079104
1.528111e-09
5.334659e-10
-8.938219e-10
-1.14001e-09
7.079104
-5.427849e-10
-7.079104
7.079104
-1.076663e-09
-7.873538e-10
7.079098
3.860132e-09
4.607565e-09
-7.079098
7.079098
3.262469e-10
2.643861e-09
-2.265156e-09
1.740831e-09
7.079098
-6.668074e-10
-7.079098
7.079098
-2.399659e-09
-4.547195e-09
7.079098
-7.079098
7.079098
7.079104
-7.079104
7.079104
7.079131
2.165092e-11
1.641009e-10
-7.079131
7.079131
4.392845e-11
1.690135e-10
-5.378057e-11
1.766525e-10
7.079104
-1.809277e-11
-7.079104
7.079104
-3.688425e-11
-6.220702e-11
7.079131
1.522259e-10
4.741767e-11
-7.079131
7.079131
1.521581e-10
6.294876e-11
1.884061e-10
-5.862771e-11
7.079131
-7.079131
7.079131
7.079104
5.57538e-11
-7.079104
7.079104
7.273868e-11
4.557585e-11
7.079104
-7.079104
7.079104
7.079104
6.127847e-10
5.545245e-10
-7.079104
7.079104
3.464938e-10
2.893523e-10
4.608393e-11
-1.494071e-11
7.079104
4.118386e-10
-7.079104
7.079104
6.717959e-11
-7.048309e-11
7.079104
4.04359e-10
-7.079104
7.079104
5.97231e-11
-8.804213e-11
7.079098
4.630974e-10
5.288143e-10
-7.079098
7.079098
1.143079e-10
1.789471e-10
-1.469223e-10
-6.835154e-11
7.079098
-7.079098
7.079098
7.079098
-7.079098
7.079098
7.079104
1.232381e-11
1.184679e-11
-7.079104
7.079104
9.379077e-12
8.624442e-12
7.035922e-12
6.489199e-12
7.079098
1.166334e-11
1.26338e-11
-7.079098
7.079098
8.392143e-12
9.647455e-12
6.216748e-12
6.707261e-12
7.079104
1.191842e-11
1.244338e-11
-7.079104
7.079104
8.842112e-12
9.344473e-12
6.33027e-12
6.356387e-12
7.079104
-7.079104
7.079104
7.079098
-7.079098
7.079098
7.079098
-7.079098
7.079098
7.079104
1.479989e-09
1.018553e-08
-7.079104
4.494685e-09
8.087958e-09
7.079131
4.322349e-09
-7.079131
-1.531902e-09
7.079131
3.289336e-09
9.826366e-09
-7.079131
-1.056275e-09
1.022692e-08
7.079104
2.153866e-09
-7.079104
6.1581e-09
7.079131
-7.079131
7.079104
-7.079104
7.079104
-8.408268e-12
2.722813e-10
-7.079104
-3.715213e-12
2.046139e-10
7.079098
-2.846955e-10
-7.079098
-3.806383e-10
7.079104
-1.757164e-10
-7.079104
-3.602587e-10
7.079104
-1.70954e-10
-7.079104
-2.705345e-10
7.079098
2.187248e-10
-7.079098
-4.1795e-11
7.079098
-7.079098
7.079104
2.827529e-11
3.444007e-11
-7.079104
7.079104
2.773343e-11
3.300309e-11
2.32297e-11
2.361137e-11
7.079104
1.047401e-11
-7.079104
7.079104
7.565634e-12
-1.018829e-12
7.079104
1.014178e-11
-7.079104
7.079104
8.212832e-12
6.3388e-13
7.079104
3.185147e-11
3.763579e-11
-7.079104
7.079104
2.579178e-11
3.166425e-11
1.655931e-11
1.862127e-11
7.079104
-7.079104
7.079104
7.079104
-7.079104
7.079104
7.079104
1.464358e-11
-2.244159e-12
-7.079104
7.079104
1.587811e-11
-5.262884e-13
1.165901e-11
-2.243727e-12
7.079098
1.344522e-11
2.426081e-13
-7.079098
7.079098
1.399084e-11
1.377645e-12
1.159633e-11
-2.954749e-12
7.079098
-7.079098
7.079098
7.079104
-6.056208e-12
-7.079104
7.079104
-6.028354e-12
-9.038559e-12
7.079104
9.725416e-12
-7.079104
7.079104
9.789823e-12
8.377989e-12
7.079098
-7.079098
7.079098
7.079098
3.658414e-10
4.567233e-11
-7.079098
7.079098
3.688704e-10
2.762292e-11
3.65163e-10
-6.866135e-11
7.079104
4.921939e-11
3.529988e-10
-7.079104
7.079104
3.08862e-11
3.490834e-10
-6.725967e-11
3.296901e-10
7.079104
-8.155143e-11
-7.079104
7.079104
-1.091216e-10
-2.130461e-10
7.079104
-7.079104
7.079104
7.079098
-6.518485e-11
-7.079098
7.079098
-8.610285e-11
-1.762097e-10
7.079098
-7.079098
7.079098
7.079104
2.027192e-10
2.201198e-10
-7.079104
1.807693e-10
1.908907e-10
7.079104
2.155457e-10
2.504978e-10
-7.079104
1.402231e-10
1.565917e-10
7.079104
7.752329e-11
-7.079104
2.15027e-11
7.079104
9.507808e-11
-7.079104
2.77522e-11
7.079104
-7.079104
7.079104
-7.079104
7.079098
1.6295e-10
3.212861e-11
-7.079098
1.291797e-10
2.832472e-11
7.079104
-1.409692e-10
-7.079104
-2.798025e-10
7.079104
-1.572952e-10
-7.079104
-1.667963e-10
7.079098
-1.253919e-10
-7.079098
-3.13095e-10
7.079104
4.202396e-11
-7.079104
3.262917e-11
7.079098
-7.079098
7.079098
1.263026e-10
1.204474e-10
-7.079098
7.079098
1.122623e-10
1.095303e-10
6.763877e-11
5.205363e-11
7.079104
-1.956963e-10
-7.079104
7.079104
-1.972575e-10
-2.591196e-10
7.079104
-2.787434e-11
-7.079104
7.079104
-5.264069e-11
-1.323787e-10
7.079098
-1.903341e-10
-7.079098
7.079098
-1.931892e-10
-2.516583e-10
7.079098
-2.736519e-11
-7.079098
7.079098
-5.399077e-11
-1.242612e-10
7.079104
-7.079104
7.079104
7.079037
8.788609e-12
8.940641e-12
-7.079037
7.079037
7.627161e-12
7.603417e-12
2.603787e-12
2.619526e-12
7.079037
-1.286224e-11
-7.079037
7.079037
-1.363702e-11
-1.729597e-11
7.079037
-1.302249e-11
-7.079037
7.079037
-1.334164e-11
-1.619341e-11
7.079104
-1.575995e-12
-7.079104
7.079104
-3.604582e-12
-8.240565e-12
7.079104
-1.567533e-12
-7.079104
7.079104
-3.88101e-12
-9.379165e-12
7.079104
-7.079104
7.079104
7.079104
8.598247e-12
3.324218e-12
-7.079104
7.079104
6.307539e-12
4.467615e-12
4.3777e-12
1.918973e-12
7.079104
-2.547757e-12
-7.079104
7.079104
-4.569307e-12
-7.694347e-12
7.079098
9.448731e-13
-7.079098
7.079098
-2.807782e-12
-7.543247e-12
7.079104
-6.184859e-13
-7.079104
7.079104
-1.475648e-12
-2.874984e-12
7.079098
-1.148747e-12
-7.079098
7.079098
1.433571e-12
5.714243e-13
7.079098
-7.079098
7.079098
7.079098
2.528355e-12
2.815183e-12
-7.079098
7.079098
1.847957e-12
2.349576e-12
9.646459e-13
6.696432e-13
7.079104
-5.143734e-12
-7.079104
7.079104
-4.871328e-12
-5.295135e-12
7.079104
-1.878495e-12
-7.079104
7.079104
-1.73474e-12
-2.39188e-12
7.079098
-3.929401e-12
-7.079098
7.079098
-4.410674e-12
-5.969073e-12
7.079104
3.37591e-12
-7.079104
7.079104
2.709926e-12
1.431562e-12
7.079098
-7.079098
7.079098
7.079104
5.724565e-10
5.774593e-10
-7.079104
3.43611e-10
3.33168e-10
7.079037
1.661791e-10
-7.079037
-2.833681e-10
7.079104
1.717167e-10
-7.079104
-2.772802e-10
7.079037
1.657717e-10
-7.079037
-1.445007e-10
7.079104
1.552336e-10
-7.079104
-1.40176e-10
7.079037
-7.079037
7.079104
1.689075e-11
1.421564e-11
-7.079104
6.426491e-12
5.598052e-12
7.079104
-3.288711e-11
-7.079104
-3.393764e-11
7.079098
-3.557321e-11
-7.079098
-3.481163e-11
7.079104
-7.357361e-12
-7.079104
-1.685927e-11
7.079098
-1.990745e-12
-7.079098
-1.512933e-11
7.079098
-7.079098
7.079104
3.182046e-10
1.212321e-10
-7.079104
7.079104
2.379426e-10
1.697536e-10
1.477329e-10
7.954991e-11
7.079104
-1.042179e-10
-7.079104
7.079104
-1.815109e-10
-2.959114e-10
7.079098
-3.352422e-11
-7.079098
7.079098
-6.405537e-11
-1.022077e-10
7.079104
2.907379e-11
-7.079104
7.079104
-1.187042e-10
-3.058911e-10
7.079098
-3.014486e-11
-7.079098
7.079098
5.864489e-11
2.404255e-11
7.079098
-7.079098
7.079098
7.079131
2.821465e-11
5.547124e-11
-7.079131
7.079131
4.11232e-11
5.882712e-11
2.859187e-11
3.898578e-11
7.079131
2.998715e-11
-7.079131
7.079131
1.609076e-11
-2.687388e-13
7.079037
6.894515e-12
-7.079037
7.079037
7.596729e-12
-1.091189e-11
7.079037
4.987328e-11
4.574373e-11
-7.079037
7.079037
5.118801e-11
4.195932e-11
2.510768e-11
2.530291e-11
7.079037
-7.079037
7.079037
7.079131
-7.079131
7.079131
7.079104
4.235654e-10
4.616506e-10
-7.079104
7.079104
2.834155e-10
6.906547e-10
2.222457e-11
5.434453e-10
7.079098
5.661621e-10
1.07074e-09
-7.079098
7.079098
3.269077e-10
1.032347e-09
3.622596e-11
7.417626e-10
7.079104
-6.530991e-11
-7.079104
7.079104
-3.580541e-10
-6.017929e-10
7.079098
4.012255e-10
-7.079098
7.079098
-5.981243e-11
-4.174286e-10
7.079098
-7.079098
7.079098
7.079104
-7.079104
7.079104
7.079104
2.797257e-10
3.191757e-10
-7.079104
7.079104
2.480688e-10
3.176901e-10
1.373514e-10
1.619667e-10
7.079098
-4.952354e-10
-7.079098
7.079098
-5.160146e-10
-6.374232e-10
7.079104
-3.54486e-10
-7.079104
7.079104
-4.29885e-10
-7.130369e-10
7.079098
-1.676292e-10
-7.079098
7.079098
-1.572505e-10
-2.467702e-10
7.079098
3.47802e-10
-7.079098
7.079098
3.129604e-10
1.957154e-10
7.079104
-7.079104
7.079104
7.079037
1.650307e-12
8.589347e-12
-7.079037
1.187676e-12
5.17991e-12
7.079037
3.903455e-13
-7.079037
-4.326013e-12
7.079037
5.777524e-12
-7.079037
5.675383e-14
7.079131
-1.769541e-12
-7.079131
-5.111556e-12
7.079131
9.975506e-13
-7.079131
-3.138572e-12
7.079131
-7.079131
7.079104
4.509501e-10
8.659741e-09
-7.079104
1.758025e-10
7.004018e-09
7.079098
-2.543674e-09
-7.079098
-3.315821e-09
7.079098
5.071174e-09
-7.079098
3.990044e-09
7.079104
7.767744e-09
2.086496e-09
-7.079104
6.299032e-09
1.450975e-10
7.079104
-7.079104
7.079098
-7.079098
7.079098
1.472175e-10
1.686197e-10
-7.079098
7.079098
1.36414e-10
1.681597e-10
6.665185e-11
5.618627e-11
7.079104
-2.550123e-10
-7.079104
7.079104
-2.712313e-10
-3.170177e-10
7.079098
-1.778894e-10
-7.079098
7.079098
-2.175592e-10
-3.610869e-10
7.079104
-8.482854e-11
-7.079104
7.079104
-8.603912e-11
-1.469632e-10
7.079104
1.832307e-10
-7.079104
7.079104
1.714122e-10
9.246027e-11
7.079098
-7.079098
7.079098
7.079104
4.098744e-08
4.249279e-08
-7.079104
7.079104
3.76682e-08
3.960126e-08
3.033473e-08
3.116717e-08
7.079131
4.045144e-08
4.345506e-08
-7.079131
7.079131
3.715025e-08
4.030148e-08
2.972566e-08
3.062209e-08
7.079131
-7.079131
7.079131
7.079104
4.140262e-08
4.29009e-08
-7.079104
7.079104
3.832078e-08
3.953894e-08
2.986641e-08
2.993041e-08
7.079104
-7.079104
7.079104
7.079131
-7.079131
7.079131
7.079131
2.352316e-12
7.784157e-11
-7.079131
7.079131
-3.963058e-12
7.442611e-11
-1.397285e-11
6.223672e-11
7.079131
-2.208195e-11
-7.079131
7.079131
-2.18479e-11
-3.057446e-11
7.079104
3.822896e-11
-7.079104
7.079104
3.554217e-11
2.8954e-11
7.079104
7.201172e-11
1.266212e-11
-7.079104
7.079104
6.66143e-11
1.92427e-12
5.852641e-11
-1.929144e-11
7.079131
-7.079131
7.079131
7.079104
-7.079104
7.079104
7.079104
5.114316e-11
3.652016e-10
-7.079104
7.079104
5.740928e-11
3.822153e-10
1.781516e-12
3.565432e-10
7.079104
3.54691e-10
5.445954e-11
-7.079104
7.079104
3.711453e-10
5.873451e-11
3.522551e-10
-2.31098e-11
7.079104
-6.420216e-11
-7.079104
7.079104
-8.289559e-11
-2.130997e-10
7.079104
-7.079104
7.079104
7.079104
-7.797005e-11
-7.079104
7.079104
-9.527961e-11
-1.925033e-10
7.079104
-7.079104
7.079104
7.079131
1.551389e-09
7.743487e-10
-7.079131
-3.579167e-09
-3.143786e-09
7.079131
-1.378247e-08
-7.079131
-1.448499e-09
7.079104
-6.661506e-09
-7.079104
7.079104
-6.591235e-09
-2.568845e-10
7.079131
-1.385966e-08
-7.079131
-6.358787e-09
7.079104
-5.807222e-09
-7.079104
-2.116308e-09
7.079104
-7.079104
7.079104
7.079131
2.179793e-10
2.260477e-10
-7.079131
1.775815e-10
1.731582e-10
7.079104
2.332922e-10
2.112887e-10
-7.079104
1.819877e-10
1.569928e-10
7.079104
2.292432e-10
2.152811e-10
-7.079104
1.789835e-10
1.495195e-10
7.079104
-7.079104
7.079131
-7.079131
7.079131
-7.079131
7.079104
1.602387e-12
1.012389e-11
-7.079104
7.079104
2.20709e-12
7.482274e-12
1.049812e-12
3.53243e-12
7.079104
-9.955555e-14
-7.079104
7.079104
-3.366864e-12
-5.901643e-12
7.079104
2.121354e-14
-7.079104
7.079104
-3.197963e-12
-7.603147e-12
7.079104
4.7581e-12
-7.079104
7.079104
1.629854e-12
-1.050109e-12
7.079104
3.834533e-12
-7.079104
7.079104
3.790574e-12
1.855252e-12
7.079104
-7.079104
7.079104
7.079098
2.94782e-12
3.160854e-12
-7.079098
7.079098
2.245013e-12
2.474645e-12
8.948358e-13
1.130286e-12
7.079098
-5.686573e-12
-7.079098
7.079098
-5.234472e-12
-6.245375e-12
7.079104
-5.779209e-12
-7.079104
7.079104
-5.3811e-12
-6.272597e-12
7.079098
-1.076735e-12
-7.079098
7.079098
-1.732105e-12
-3.203664e-12
7.079104
-1.157817e-12
-7.079104
7.079104
-1.788958e-12
-3.39405e-12
7.079104
-7.079104
7.079104
7.079131
-1.066327e-08
-9.008363e-09
-7.079131
7.079131
-1.013776e-08
-9.593413e-09
-2.075453e-09
-3.667151e-09
7.079131
2.875224e-09
-7.079131
7.079131
1.244548e-08
1.916584e-08
7.079131
5.465915e-09
-7.079131
7.079131
1.35699e-08
1.859446e-08
7.079037
1.324389e-09
-7.079037
7.079037
4.945724e-09
9.437395e-09
7.079037
-2.92119e-09
-7.079037
7.079037
3.276964e-09
1.160039e-08
7.079037
-7.079037
7.079037
7.079104
1.53494e-11
3.188937e-12
-7.079104
7.079104
1.671155e-11
3.021046e-12
1.348073e-11
-1.998767e-12
7.079098
1.716126e-11
7.620006e-12
-7.079098
7.079098
1.69088e-11
4.700381e-12
1.413382e-11
-6.378761e-13
7.079104
-7.079104
7.079104
7.079098
-1.596251e-12
-7.079098
7.079098
-4.718206e-12
-9.067516e-12
7.079104
9.774596e-13
-7.079104
7.079104
-3.312927e-12
-8.418951e-12
7.079098
-7.079098
7.079098
7.079098
9.468841e-12
7.508337e-11
-7.079098
7.079098
9.102769e-12
7.855431e-11
-2.460521e-12
5.388403e-11
7.079104
-5.595059e-12
-7.079104
7.079104
-2.023062e-11
-3.377822e-11
7.079104
4.88093e-11
-7.079104
7.079104
4.652624e-11
3.258193e-11
7.079098
5.183513e-11
2.938629e-11
-7.079098
7.079098
6.069388e-11
1.751935e-11
4.744063e-11
-1.007197e-11
7.079098
-7.079098
7.079098
7.079104
-7.079104
7.079104
7.079037
-1.25455e-09
-7.587261e-09
-7.079037
2.048784e-10
-2.666509e-09
7.079131
-1.30172e-09
-7.625953e-09
-7.079131
1.617709e-10
-3.219046e-09
7.079037
2.977042e-09
-7.079037
3.595587e-09
7.079131
2.985529e-09
-7.079131
3.086143e-09
7.079131
-7.079131
7.079037
-7.079037
7.079104
6.573976e-10
5.694634e-10
-7.079104
3.345347e-10
2.685307e-10
7.079098
-2.055908e-10
-7.079098
-7.277428e-10
7.079104
-4.056118e-10
-7.079104
-6.460527e-10
7.079104
-1.949763e-10
-7.079104
-2.602889e-10
7.079098
4.829616e-10
-7.079098
2.446162e-10
7.079098
-7.079098
7.079098
6.323e-09
1.284925e-08
-7.079098
7.079097
2.501329e-09
1.191972e-08
-8.873107e-11
8.206896e-09
7.079104
-3.677923e-11
-7.079104
7.079104
-1.396289e-09
-3.237635e-09
7.079098
6.863751e-09
9.460394e-09
-7.079098
7.079097
7.742686e-09
3.79294e-09
6.139193e-09
-4.600255e-10
7.079104
9.159683e-09
-7.079104
7.079104
6.864968e-09
4.934059e-09
7.079098
-7.079098
7.079097
7.079104
-7.079104
7.079104
7.079104
5.048877e-11
5.441454e-12
-7.079104
7.079104
4.682421e-11
1.817594e-12
4.294125e-11
-1.012081e-11
7.079037
5.929244e-12
4.878988e-11
-7.079037
7.079037
2.266909e-12
4.425275e-11
-9.953278e-12
3.826588e-11
7.079037
-1.251504e-11
-7.079037
7.079037
-1.588995e-11
-2.707198e-11
7.079037
-7.079037
7.079037
7.079104
-1.039274e-11
-7.079104
7.079104
-1.290207e-11
-2.224386e-11
7.079104
-7.079104
7.079104
7.079098
1.398099e-10
-4.332517e-11
-7.079098
7.079098
1.26135e-10
-3.043705e-11
1.045361e-10
-4.788913e-11
7.079104
1.423559e-10
-4.04248e-11
-7.079104
7.079104
1.243152e-10
-2.884362e-11
9.848389e-11
-4.694144e-11
7.079104
-7.079104
7.079104
7.079098
-5.488763e-11
-7.079098
7.079098
-5.719823e-11
-6.760448e-11
7.079104
-5.52838e-11
-7.079104
7.079104
-6.061614e-11
-7.456334e-11
7.079098
-7.079098
7.079098
7.079098
1.210649e-11
1.501824e-11
-7.079098
7.079098
1.097225e-11
1.378991e-11
9.034508e-12
9.635016e-12
7.079098
4.176648e-12
-7.079098
7.079098
2.921841e-12
-4.3055e-13
7.079104
1.402357e-11
1.665961e-11
-7.079104
7.079104
1.026458e-11
1.33279e-11
6.323252e-12
7.775708e-12
7.079104
3.919114e-12
-7.079104
7.079104
3.181248e-12
4.061081e-13
7.079098
-7.079098
7.079098
7.079104
-7.079104
7.079104
7.079037
3.510178e-12
4.659869e-12
-7.079037
2.017057e-12
2.57824e-12
7.079037
-7.014158e-12
-7.079037
-8.657055e-12
7.079037
-2.378366e-12
-7.079037
-3.294291e-12
7.079104
-5.419469e-12
-7.079104
-9.205062e-12
7.079104
5.086132e-12
-7.079104
3.265551e-12
7.079104
-7.079104
7.079104
3.169128e-12
3.192181e-12
-7.079104
2.393332e-12
2.760532e-12
7.079098
6.13764e-12
6.157107e-12
-7.079098
3.642428e-12
3.395313e-12
7.079104
-1.520748e-12
-7.079104
-1.486831e-12
7.079104
-1.575137e-12
-7.079104
-1.561318e-12
7.079098
-7.079098
7.079098
-7.079098
7.079104
3.398913e-10
6.466158e-10
-7.079104
7.079104
1.001097e-09
6.582475e-10
-2.925464e-10
-5.825131e-10
7.079104
6.303041e-10
3.570774e-10
-7.079104
7.079104
6.515515e-10
1.003236e-09
-5.932809e-10
-2.91731e-10
7.079104
4.427909e-10
4.762858e-10
-7.079104
7.079104
8.772161e-10
8.86073e-10
-3.582811e-10
-3.466605e-10
7.079104
-7.079104
7.079104
7.079104
-7.079104
7.079104
7.079104
-7.079104
7.079104
7.079097
3.15641e-09
-3.075365e-10
-7.079097
7.079097
3.410712e-09
7.693225e-09
-9.369221e-09
-5.592225e-09
7.079097
3.293453e-09
-4.64679e-10
-7.079097
7.079097
3.411312e-09
7.699001e-09
-9.462975e-09
-5.558308e-09
7.079104
1.144603e-09
8.504347e-10
-7.079104
7.079104
6.182851e-09
6.188008e-09
-6.501704e-09
-6.374021e-09
7.079097
-7.079097
7.079097
7.079104
-7.079104
7.079104
7.079104
-7.079104
7.079104
7.079098
2.597084e-12
3.573072e-12
-7.079098
7.079098
2.048373e-12
3.492008e-12
1.296104e-12
1.941012e-12
7.079098
-5.761345e-12
-7.079098
7.079098
-5.490766e-12
-6.625705e-12
7.079098
-4.534536e-12
-7.079098
7.079098
-4.7817e-12
-7.292214e-12
7.079104
-1.957326e-12
-7.079104
7.079104
-1.535295e-12
-2.393332e-12
7.079104
4.089677e-12
-7.079104
7.079104
3.650668e-12
2.32384e-12
7.079104
-7.079104
7.079104
7.079104
1.710823e-10
-9.521955e-11
-7.079104
-3.864862e-09
-5.050038e-09
7.079104
-1.973852e-08
-7.079104
-4.818236e-09
7.079104
-1.954145e-08
-7.079104
-4.030847e-09
7.079104
-9.747172e-09
-7.079104
-4.478999e-09
7.079104
-9.677964e-09
-7.079104
-4.081249e-09
7.079104
-7.079104
7.079098
-7.139119e-12
-2.286796e-11
-7.079098
3.732513e-11
3.386778e-11
7.079098
-1.106091e-12
-7.079098
-1.218835e-11
7.079098
1.876899e-11
-7.079098
-2.996725e-11
7.079104
7.569234e-11
-7.079104
1.839938e-11
7.079104
-7.98251e-11
-7.079104
2.82679e-12
7.079104
-7.079104
7.079104
4.627883e-13
1.606308e-12
-7.079104
7.079104
6.597382e-13
1.368977e-12
7.369544e-13
8.442073e-13
7.079104
-2.508019e-14
-7.079104
7.079104
4.011899e-15
-1.852205e-13
7.079098
5.947376e-13
1.691145e-12
-7.079098
7.079098
5.807965e-13
1.440552e-12
4.808387e-13
7.717611e-13
7.079104
-7.620115e-14
-7.079104
7.079104
1.737086e-13
-6.422749e-15
7.079098
-7.079098
7.079098
7.079098
-7.079098
7.079098
7.079104
4.11398e-12
5.417545e-12
-7.079104
7.079104
3.618506e-12
5.784228e-12
2.376609e-12
5.450062e-12
7.079104
1.475745e-12
-7.079104
7.079104
1.204342e-12
-7.195771e-13
7.079104
1.182333e-12
-7.079104
7.079104
8.980797e-13
-6.450698e-13
7.079104
5.019944e-12
6.008266e-12
-7.079104
7.079104
3.752943e-12
5.613255e-12
1.860435e-12
5.006684e-12
7.079104
-7.079104
7.079104
7.079104
-7.079104
7.079104
7.079098
3.46852e-11
1.800344e-11
-7.079098
7.079098
3.433396e-11
2.863875e-11
2.031303e-11
2.370957e-11
7.079098
2.53501e-11
-7.079098
7.079098
1.30344e-11
-2.269278e-12
7.079098
2.20258e-11
-7.079098
7.079098
1.193668e-11
1.857191e-12
7.079104
2.210157e-11
4.213799e-11
-7.079104
7.079104
2.424865e-11
3.106089e-11
2.064748e-11
1.312242e-11
7.079104
-7.079104
7.079104
7.079104
-7.079104
7.079104
7.079098
4.375285e-12
-5.583515e-13
-7.079098
7.079098
4.073946e-12
7.722239e-13
2.030746e-12
-2.185482e-13
7.079104
-2.422087e-12
-7.079104
7.079104
-4.109508e-12
-5.611992e-12
7.079098
-4.129463e-12
-7.079098
7.079098
-4.508912e-12
-5.717914e-12
7.079104
-2.880849e-12
-7.079104
7.079104
-2.938452e-12
-4.369893e-12
7.079098
3.759193e-12
-7.079098
7.079098
7.557748e-13
-1.980941e-12
7.079104
-7.079104
7.079104
7.079104
6.199992e-11
1.4248e-10
-7.079104
6.311971e-11
7.812699e-11
7.079104
6.356666e-12
-7.079104
-1.853623e-11
7.079104
8.875206e-11
1.024654e-10
-7.079104
6.073282e-11
8.917449e-11
7.079104
-7.079104
7.079104
6.042893e-11
-7.079104
5.096712e-12
7.079104
-7.079104
7.079098
3.271523e-11
3.612683e-11
-7.079098
1.649548e-11
1.614066e-11
7.079104
-6.579182e-11
-7.079104
-7.27129e-11
7.079104
-2.424668e-11
-7.079104
-3.038766e-11
7.079098
-5.09158e-11
-7.079098
-7.697461e-11
7.079104
4.256478e-11
-7.079104
2.576933e-11
7.079098
-7.079098
7.079098
1.499808e-10
1.58628e-10
-7.079098
7.079098
1.462725e-10
1.512566e-10
9.091784e-11
8.684583e-11
7.079098
-2.283576e-10
-7.079098
7.079098
-2.368759e-10
-3.275006e-10
7.079098
-2.347215e-10
-7.079098
7.079098
-2.427718e-10
-3.385514e-10
7.079104
-2.976076e-11
-7.079104
7.079104
-5.736844e-11
-1.638232e-10
7.079104
-2.745367e-11
-7.079104
7.079104
-5.818958e-11
-1.789062e-10
7.079104
-7.079104
7.079104
7.079104
7.608348e-13
4.044468e-11
-7.079104
7.079104
1.353093e-11
3.947987e-11
1.765988e-11
2.335196e-11
7.079104
-1.939106e-12
-7.079104
7.079104
-6.032387e-13
-4.912872e-12
7.079104
2.093054e-11
5.069117e-11
-7.079104
7.079104
2.215857e-11
4.251646e-11
1.377379e-11
2.917878e-11
7.079104
-7.079104
7.079104
7.079104
1.180772e-11
-7.079104
7.079104
6.178885e-12
-4.803362e-12
7.079104
-7.079104
7.079104
7.079131
1.643063e-11
1.550395e-11
-7.079131
7.079131
1.269633e-11
1.138448e-11
6.756304e-12
3.409603e-12
7.079131
-2.945774e-11
-7.079131
7.079131
-2.747191e-11
-3.218303e-11
7.079131
-2.878976e-11
-7.079131
7.079131
-2.643413e-11
-3.068852e-11
7.079104
-5.594133e-12
-7.079104
7.079104
-8.572868e-12
-1.53619e-11
7.079104
-5.860921e-12
-7.079104
7.079104
-8.877484e-12
-1.722684e-11
7.079104
-7.079104
7.079104
7.079104
1.806424e-11
1.650323e-11
-7.079104
7.079104
1.642154e-11
1.566787e-11
1.170584e-11
1.271866e-11
7.079098
1.563112e-11
1.428139e-11
-7.079098
7.079098
1.537075e-11
1.499941e-11
1.176522e-11
1.264936e-11
7.079098
3.253899e-12
-7.079098
7.079098
2.113878e-12
-3.825317e-12
7.079098
3.04327e-12
-7.079098
7.079098
1.730268e-12
-3.647216e-12
7.079104
-7.079104
7.079104
7.079104
-7.079104
7.079104
7.079104
-2.004715e-12
1.051943e-11
-7.079104
-2.544462e-11
-1.857314e-11
7.079104
-1.155957e-10
-7.079104
-2.008282e-11
7.079104
-9.864455e-11
-7.079104
-1.713731e-11
7.079104
-1.895696e-11
-7.079104
-1.457674e-11
7.079104
-4.837722e-11
-7.079104
-2.435013e-11
7.079104
-7.079104
7.079131
-3.98206e-09
5.995425e-09
-7.079131
-7.847432e-10
4.528052e-09
7.079131
2.372246e-09
-7.079131
-1.312181e-09
7.079131
3.540576e-09
-7.079131
-1.189278e-09
7.079104
6.600858e-09
-7.079104
3.113053e-09
7.079104
-4.544939e-09
-7.079104
-2.322625e-09
7.079104
-7.079104
7.079098
6.73777e-11
8.236414e-11
-7.079098
7.079098
5.437715e-11
6.552965e-11
2.02562e-11
3.572474e-11
7.079104
7.833822e-11
9.374126e-11
-7.079104
7.079104
5.224055e-11
6.358727e-11
1.401196e-11
2.86659e-11
7.079098
1.866352e-11
-7.079098
7.079098
5.35952e-12
-1.311372e-11
7.079098
1.903648e-11
-7.079098
7.079098
5.518988e-12
-1.396715e-11
7.079104
-7.079104
7.079104
7.079104
-7.079104
7.079104
7.079104
-7.105397e-10
1.022198e-09
-7.079104
7.079104
-9.549408e-10
-7.657481e-10
-3.053932e-10
-1.225046e-09
7.079037
-7.579001e-10
-7.079037
7.079037
-2.628423e-11
4.843022e-10
7.079037
3.700804e-10
-7.079037
7.079037
-5.814424e-10
-6.769835e-10
7.079104
1.271406e-09
-8.491412e-10
-7.079104
7.079104
-4.492203e-10
-1.246123e-09
-1.034864e-09
-3.078991e-10
7.079104
-7.079104
7.079104
7.079037
-7.079037
7.079037
7.079037
-1.54637e-09
-7.826886e-11
-7.079037
7.079037
-1.139804e-09
-3.343036e-10
-1.939975e-10
1.263387e-10
7.079037
1.176761e-09
-7.079037
7.079037
1.942729e-09
2.15573e-09
7.079037
1.756418e-09
-7.079037
7.079037
2.23351e-09
2.40084e-09
7.079131
1.163096e-09
-7.079131
7.079131
1.412645e-09
1.762491e-09
7.079131
-8.847216e-10
-7.079131
7.079131
3.164125e-10
1.197083e-09
7.079131
-7.079131
7.079131
7.079098
4.981765e-12
4.424595e-12
-7.079098
7.079098
4.334196e-12
3.922216e-12
2.80987e-12
2.765278e-12
7.079098
1.279738e-12
-7.079098
7.079098
7.932514e-13
-1.449621e-13
7.079104
5.54146e-12
5.17924e-12
-7.079104
7.079104
4.086037e-12
3.700289e-12
2.147824e-12
1.988912e-12
7.079098
1.406608e-12
-7.079098
7.079098
8.36742e-13
-2.534808e-13
7.079104
-7.079104
7.079104
7.079104
-7.079104
7.079104
7.079104
1.430937e-11
1.442161e-11
-7.079104
7.024023e-12
6.580843e-12
7.079037
-2.720133e-11
-7.079037
-3.108015e-11
7.079037
-5.048329e-12
-7.079037
-1.520447e-11
7.079104
-2.714929e-11
-7.079104
-3.087664e-11
7.079104
-5.258619e-12
-7.079104
-1.499565e-11
7.079037
-7.079037
7.079131
2.691595e-12
3.509989e-12
-7.079131
1.497827e-12
1.835497e-12
7.079131
-5.7027e-12
-7.079131
-6.769886e-12
7.079131
-2.023712e-12
-7.079131
-2.710801e-12
7.079037
-4.542791e-12
-7.079037
-7.294668e-12
7.079037
3.956324e-12
-7.079037
2.449371e-12
7.079037
-7.079037
7.079098
4.240938e-10
3.741712e-10
-7.079098
7.079098
4.74653e-10
4.488607e-10
3.910397e-10
3.694856e-10
7.079098
1.378054e-10
-7.079098
7.079098
1.350134e-10
4.513967e-12
7.079104
4.579565e-10
4.179847e-10
-7.079104
7.079104
4.551853e-10
4.403793e-10
3.123015e-10
3.153775e-10
7.079098
1.477166e-10
-7.079098
7.079098
1.459984e-10
2.913588e-11
7.079104
-7.079104
7.079104
7.079104
-7.079104
7.079104
7.079037
1.139395e-08
2.545997e-11
-7.079037
7.079037
1.069028e-08
-9.110367e-10
1.122599e-08
-2.775882e-09
7.079131
1.054022e-08
1.660971e-09
-7.079131
7.079131
9.481856e-09
3.801379e-10
1.175458e-08
-3.614436e-09
7.079131
-7.079131
7.079131
7.079037
-3.492027e-09
-7.079037
7.079037
-2.627158e-09
-5.288893e-09
7.079037
5.981287e-09
-7.079037
7.079037
5.126814e-09
3.921758e-09
7.079131
-7.079131
7.079131
7.079037
-1.39436e-12
-5.241164e-12
-7.079037
7.079037
-1.907094e-12
-7.724312e-12
-1.241759e-13
-6.213895e-12
7.079104
-2.067292e-12
-5.617822e-12
-7.079104
7.079104
-2.179478e-12
-8.034316e-12
-8.885656e-13
-7.169126e-12
7.079104
-5.218441e-14
-7.079104
7.079104
1.604216e-12
4.533587e-12
7.079037
-3.145289e-13
-7.079037
7.079037
1.711352e-12
4.775111e-12
7.079104
-7.079104
7.079104
7.079037
-7.079037
7.079037
7.079104
1.77661e-11
3.852025e-12
-7.079104
7.079104
1.670539e-11
1.101017e-11
1.000045e-11
3.091639e-12
7.079104
-1.521499e-11
-7.079104
7.079104
-2.443134e-11
-3.245172e-11
7.079104
-1.832001e-11
-7.079104
7.079104
-1.367409e-11
-1.492399e-11
7.079098
4.310866e-12
-7.079098
7.079098
8.253282e-12
3.467879e-12
7.079098
-1.529966e-11
-7.079098
7.079098
-2.413753e-11
-3.703495e-11
7.079098
-7.079098
7.079098
7.079037
1.754528e-08
1.562937e-08
-7.079037
1.335865e-08
7.650333e-09
7.079037
1.19652e-08
1.211562e-08
-7.079037
4.59467e-09
4.615503e-09
7.079131
1.417484e-08
1.240939e-08
-7.079131
7.079131
1.351264e-08
7.825215e-09
-1.612078e-09
7.079131
-7.079131
7.079037
-7.079037
7.079131
-7.079131
7.079131
7.079037
2.618752e-10
1.483083e-10
-7.079037
1.925882e-10
1.244518e-10
7.079104
2.40745e-10
2.356053e-10
-7.079104
1.765092e-10
1.815221e-10
7.079037
2.637676e-10
1.450406e-10
-7.079037
1.851543e-10
1.220273e-10
7.079037
-7.079037
7.079104
-7.079104
7.079104
-7.079104
7.079104
4.702734e-10
3.62975e-11
-7.079104
2.803742e-10
-4.238377e-11
7.079104
-4.214735e-10
-7.079104
-6.610368e-10
7.079098
-5.96446e-10
-7.079098
-6.914184e-10
7.079098
2.224921e-10
-7.079098
-1.67926e-10
7.079104
-3.864738e-10
-7.079104
-5.210619e-10
7.079098
-7.079098
7.079131
1.024924e-10
4.876384e-11
-7.079131
7.079131
1.329208e-10
8.629468e-11
9.987583e-11
5.597941e-11
7.079131
4.054314e-11
-7.079131
7.079131
2.444219e-11
-1.45206e-11
7.079104
2.213909e-11
-7.079104
7.079104
1.720159e-11
-1.585269e-11
7.079104
1.49635e-10
7.747823e-11
-7.079104
7.079104
1.42175e-10
8.830519e-11
7.960129e-11
3.437482e-11
7.079131
-7.079131
7.079131
7.079104
-7.079104
7.079104
7.079104
3.924314e-10
1.002124e-10
-7.079104
7.079104
4.070992e-10
1.397266e-10
2.073682e-10
-5.283332e-11
7.079104
3.959188e-10
1.030355e-10
-7.079104
7.079104
4.070286e-10
1.460358e-10
2.139169e-10
-1.675113e-11
7.079104
-7.079104
7.079104
7.079104
-6.468022e-11
-7.079104
7.079104
-2.306957e-10
-2.699205e-10
7.079104
-6.536189e-11
-7.079104
7.079104
-2.243006e-10
-2.403967e-10
7.079104
-7.079104
7.079104
7.079104
2.461689e-09
4.502645e-10
-7.079104
7.079104
6.5517e-10
-4.580049e-10
-1.793687e-09
-2.126082e-09
7.079098
2.565291e-09
4.695743e-10
-7.079098
7.079098
1.255374e-09
-4.514133e-10
1.053841e-09
-1.972744e-09
7.079104
-7.079104
7.079104
7.079104
-9.269621e-10
-7.079104
7.079104
-1.882907e-09
-2.242757e-09
7.079098
-8.427322e-10
-7.079098
7.079098
-1.28933e-09
4.514368e-10
7.079098
-7.079098
7.079098
7.079131
7.661555e-10
8.102705e-10
-7.079131
7.079131
6.870559e-10
7.355316e-10
5.090661e-10
4.333129e-10
7.079131
6.853511e-10
-7.079131
7.079131
3.921229e-10
1.402405e-10
7.079104
6.704221e-10
-7.079104
7.079104
3.949622e-10
9.32476e-11
7.079104
5.326885e-10
5.61908e-10
-7.079104
7.079104
4.385185e-10
4.898384e-10
3.553162e-10
2.32594e-10
7.079131
-7.079131
7.079131
7.079104
-7.079104
7.079104
7.079104
1.246103e-08
1.264555e-08
-7.079104
8.968744e-09
8.750539e-09
7.079104
3.537125e-09
-7.079104
-8.745531e-10
7.079104
3.537199e-09
-7.079104
-7.076065e-10
7.079104
1.400301e-08
1.418765e-08
-7.079104
7.471804e-09
7.420592e-09
7.079104
-7.079104
7.079104
-7.079104
7.079098
2.77e-09
-2.404517e-09
-7.079098
-2.127298e-10
1.501418e-09
7.079098
2.87732e-09
-2.428057e-09
-7.079098
1.677828e-10
1.514427e-09
7.079098
-7.079098
7.079104
-4.809924e-10
-7.079104
-1.544822e-09
7.079104
-6.118744e-10
-7.079104
-1.912368e-09
7.079104
-7.079104
7.079098
5.632561e-09
6.445302e-09
-7.079098
7.079098
3.819684e-09
3.471433e-09
-1.866439e-09
-1.29617e-09
7.079104
3.393791e-09
3.22446e-09
-7.079104
7.079104
1.691668e-09
2.225389e-09
-2.208962e-09
-3.064875e-09
7.079098
3.8529e-09
-7.079098
7.079098
1.422509e-09
1.865148e-09
7.079098
-7.079098
7.079098
7.079104
-2.870811e-09
-7.079104
7.079104
-2.304496e-09
-4.389839e-10
7.079104
-7.079104
7.079104
7.079104
7.903597e-12
-1.253019e-14
-7.079104
7.079104
7.094165e-12
-1.743252e-13
7.701093e-12
-1.947082e-12
7.079104
7.503468e-12
1.003591e-13
-7.079104
7.079104
6.523646e-12
-7.32754e-14
6.620535e-12
-1.846333e-12
7.079104
-7.079104
7.079104
7.079104
-2.436117e-12
-7.079104
7.079104
-2.150474e-12
-4.030481e-12
7.079104
-1.965317e-12
-7.079104
7.079104
-1.468019e-12
-2.856582e-12
7.079104
-7.079104
7.079104
7.079098
4.673169e-12
6.369174e-12
-7.079098
7.079098
6.221771e-12
7.267397e-12
3.33761e-12
5.17705e-12
7.079098
-1.743683e-12
-7.079098
7.079098
-6.179658e-12
-1.070551e-11
7.079098
1.543414e-12
-7.079098
7.079098
-5.605951e-13
-3.296365e-12
7.079104
-5.709899e-12
-7.079104
7.079104
-7.607361e-12
-1.141327e-11
7.079104
3.778746e-12
-7.079104
7.079104
-1.595531e-13
-4.363644e-12
7.079104
-7.079104
7.079104
7.079098
8.830277e-12
1.172569e-11
-7.079098
7.079098
7.036686e-12
1.081357e-11
3.724596e-12
4.932298e-12
7.079098
-1.833799e-11
-7.079098
7.079098
-1.806388e-11
-2.115372e-11
7.079098
-6.485798e-12
-7.079098
7.079098
-5.721343e-12
-8.300823e-12
7.079104
-1.46381e-11
-7.079104
7.079104
-1.632445e-11
-2.375033e-11
7.079104
1.308172e-11
-7.079104
7.079104
1.1208e-11
6.93191e-12
7.079104
-7.079104
7.079104
7.079104
5.0313e-10
6.058639e-10
-7.079104
1.937794e-10
2.971383e-10
7.079104
-9.288488e-10
-7.079104
-9.972278e-10
7.079104
-3.206487e-10
-7.079104
-3.837707e-10
7.079104
-7.399595e-10
-7.079104
-1.136892e-09
7.079104
6.121641e-10
-7.079104
3.474381e-10
7.079104
-7.079104
7.079098
2.150777e-10
1.978435e-10
-7.079098
1.799923e-10
1.722434e-10
7.079104
2.172366e-10
2.54044e-10
-7.079104
1.444438e-10
1.56973e-10
7.079098
8.40068e-11
-7.079098
1.311004e-11
7.079098
6.445062e-11
-7.079098
8.304323e-12
7.079104
-7.079104
7.079104
-7.079104
7.079104
4.260062e-10
3.670979e-10
7.079104
3.263675e-10
2.888044e-10
1.967568e-11
9.330044e-11
7.079104
-1.759013e-10
7.079104
-5.108527e-10
-9.481122e-10
7.079104
-3.805548e-10
7.079104
-5.492795e-10
-7.365829e-10
7.079104
-3.756202e-11
7.079104
-1.660752e-10
-3.451163e-10
7.079104
3.011238e-10
7.079104
2.42066e-10
5.993921e-11
7.079104
7.079104
7.079104
1.886536e-08
2.336948e-08
7.079104
1.520163e-08
1.730683e-08
3.879282e-09
6.48915e-09
7.079104
1.886918e-08
2.334262e-08
7.079104
1.530822e-08
1.72031e-08
4.198054e-09
6.307857e-09
7.079098
2.063618e-08
2.066687e-08
7.079097
1.567921e-08
1.588958e-08
4.83617e-09
5.336261e-09
7.079098
7.079097
7.079098
7.079097
7.079104
7.079104
7.079104
-1.115107e-12
1.435962e-09
7.079104
-8.897196e-12
8.784052e-10
-3.458618e-10
5.421725e-10
7.079098
-2.555744e-10
7.079098
-6.925422e-10
-5.603074e-10
7.079104
8.21064e-13
1.434365e-09
7.079104
-9.201726e-12
8.763391e-10
-4.253408e-10
5.31735e-10
7.079098
-2.59108e-10
7.079098
-6.942555e-10
-4.912782e-10
7.079104
7.079104
7.079098
7.079098
7.079104
3.500086e-10
2.515137e-09
7.079104
1.38519e-10
1.717493e-09
-5.522677e-10
1.071367e-09
7.079098
-5.060661e-10
7.079098
-1.236847e-09
-1.277872e-09
7.079104
3.494762e-10
2.51562e-09
7.079104
1.400443e-10
1.718385e-09
-5.510186e-10
1.065398e-09
7.079098
-5.050497e-10
7.079098
-1.237527e-09
-1.285142e-09
7.079098
7.079098
7.079104
7.079104
7.079104
1.17269e-09
1.182467e-09
7.079104
8.748326e-10
8.033263e-10
-7.081117e-11
5.902345e-10
7.079098
-7.825037e-10
7.079098
-1.375319e-09
-2.465061e-09
7.079104
-1.361807e-09
7.079104
-1.692434e-09
-2.697927e-09
7.079104
-2.33552e-10
7.079104
-1.956992e-10
-1.454213e-10
7.079098
8.030777e-10
7.079098
5.843207e-10
-2.827765e-10
7.079098
7.079098
7.079098
-8.595627e-10
-8.579169e-10
7.079098
-8.360234e-10
-8.351374e-10
-2.413194e-10
-5.374522e-10
7.079104
-8.322142e-10
-9.076282e-10
7.079104
-8.494549e-10
-8.708514e-10
-3.209312e-10
-4.475995e-10
7.079098
7.079098
7.079104
-9.062723e-10
-8.291647e-10
7.079104
-8.570485e-10
-8.347837e-10
-3.518904e-10
-5.213663e-10
7.079104
7.079104
7.079098
7.079098
7.079104
1.189534e-09
1.724645e-09
7.079104
9.283113e-10
1.330178e-09
2.941303e-10
2.231723e-10
7.079104
-1.304303e-09
7.079104
-1.974029e-09
-2.814867e-09
7.079104
-7.739931e-11
7.079104
-4.991065e-10
-6.961352e-10
7.079098
1.15217e-09
7.079098
9.53165e-10
1.684176e-10
7.079098
-7.645946e-10
7.079098
-1.921759e-09
-3.271548e-09
7.079098
7.079098
7.079098
1.299993e-09
1.793379e-09
7.079098
8.377886e-10
1.18929e-09
1.038791e-10
5.596444e-11
7.079104
-1.563992e-09
7.079104
-2.180797e-09
-2.613636e-09
7.079104
-2.099786e-10
7.079104
-7.064527e-10
-1.21659e-09
7.079098
-1.05565e-09
7.079098
-2.346232e-09
-3.471368e-09
7.079104
1.211659e-09
7.079104
8.924879e-10
3.109235e-10
7.079098
7.079098
7.079098
1.509157e-08
1.515135e-08
7.079098
1.366457e-08
1.418229e-08
7.94063e-09
9.393807e-09
7.079104
1.496398e-08
1.501369e-08
7.079104
1.445556e-08
1.284873e-08
1.067603e-08
6.203412e-09
7.079104
1.490294e-08
1.501253e-08
7.079104
1.41943e-08
1.310535e-08
1.019257e-08
7.173184e-09
7.079104
7.079104
7.079098
7.079098
7.079098
7.079098
7.079098
1.026763e-08
7.554175e-09
7.079098
1.03586e-08
7.970287e-09
6.564775e-09
5.019964e-09
7.079104
3.202383e-09
7.079104
1.52584e-09
-2.684046e-09
7.079098
3.757726e-09
7.079098
1.372993e-09
-3.139085e-09
7.079104
1.05823e-08
8.424187e-09
7.079104
1.023721e-08
7.696001e-09
8.948585e-09
6.948748e-09
7.079104
7.079104
7.079098
7.079098
7.079104
6.878501e-11
-2.013959e-09
7.079104
7.024158e-11
-1.545921e-09
7.611781e-10
-1.307926e-09
7.079104
7.222105e-11
-2.020735e-09
7.079104
7.191764e-11
-1.565552e-09
7.527347e-10
-1.346717e-09
7.079098
2.282259e-10
7.079098
7.822165e-10
1.295351e-09
7.079098
2.383909e-10
7.079098
8.034454e-10
1.325648e-09
7.079104
7.079104
7.079098
7.079098
7.079098
2.082835e-10
2.727098e-10
7.079098
1.676844e-10
2.042182e-10
6.363707e-11
2.329952e-11
7.079098
-2.240158e-10
7.079098
-3.330542e-10
-4.610398e-10
7.079104
-1.210122e-11
7.079104
-8.535885e-11
-1.224849e-10
7.079104
1.894071e-10
7.079104
1.512801e-10
1.92255e-11
7.079098
-1.11137e-10
7.079098
-3.037636e-10
-5.240599e-10
7.079104
7.079104
7.079098
1.675054e-08
2.095519e-08
7.079097
1.435561e-08
1.744618e-08
5.741796e-09
2.422014e-09
7.079104
-1.705231e-08
7.079104
-2.629665e-08
-3.981911e-08
7.079098
-7.048055e-09
7.079097
-2.245103e-08
-4.385107e-08
7.079104
-7.655728e-10
7.079104
-6.435969e-09
-9.453162e-09
7.079104
1.497453e-08
7.079104
1.337214e-08
2.10139e-09
7.079098
7.079097
7.079104
1.100509e-09
9.491165e-09
7.079104
4.545166e-10
6.947696e-09
-2.427392e-09
4.936351e-09
7.079098
-1.693325e-09
7.079098
-4.332754e-09
-5.403611e-09
7.079104
1.107625e-09
9.476885e-09
7.079104
4.571621e-10
6.9057e-09
-2.444181e-09
4.852069e-09
7.079098
-1.714719e-09
7.079098
-4.377442e-09
-5.471176e-09
7.079098
7.079098
7.079104
7.079104
7.079098
1.500143e-09
2.981366e-09
7.079098
1.158674e-09
1.788482e-09
5.163613e-10
-5.566088e-10
7.079104
-2.302013e-09
7.079104
-3.068711e-09
-3.709869e-09
7.079104
-4.863692e-10
7.079104
-9.834538e-10
-1.456278e-09
7.079104
1.213355e-09
7.079104
1.506462e-09
1.289527e-09
7.079098
3.056249e-09
7.079098
3.175559e-09
2.803682e-09
7.079098
7.079098
7.079104
2.313724e-11
2.473473e-11
7.079104
1.555519e-11
1.747719e-11
1.507362e-12
3.51711e-12
7.079104
-2.052327e-11
7.079104
-3.27744e-11
-4.583884e-11
7.079104
-2.178208e-11
7.079104
-3.41942e-11
-4.700868e-11
7.079104
3.097694e-12
7.079104
-1.232877e-11
-2.896089e-11
7.079104
2.711274e-12
7.079104
-1.290795e-11
-2.983411e-11
7.079104
7.079104
7.079098
2.211155e-09
2.203266e-09
7.079098
3.039311e-09
1.081857e-09
2.889521e-09
-7.987928e-10
7.079098
2.212317e-09
2.202734e-09
7.079098
3.042354e-09
1.081054e-09
2.89487e-09
-7.973274e-10
7.079098
7.079098
7.079104
-6.422256e-10
7.079104
-9.231695e-10
-3.265644e-09
7.079104
-6.405799e-10
7.079104
-9.193057e-10
-3.261749e-09
7.079104
7.079104
7.079104
-1.203911e-09
-1.264562e-09
7.079104
-1.0477e-09
-1.10531e-09
-1.819374e-10
-3.089634e-10
7.079104
8.320203e-10
7.079104
1.418107e-09
2.032286e-09
7.079104
8.981897e-10
7.079104
1.540177e-09
2.618796e-09
7.079098
-2.747415e-10
7.079098
4.423255e-10
1.898591e-09
7.079098
-2.802596e-10
7.079098
3.778663e-10
1.439107e-09
7.079098
7.079098
7.079104
8.083509e-12
8.374087e-12
7.079104
5.80429e-12
6.08272e-12
2.846731e-12
3.009436e-12
7.079104
7.986843e-12
8.518997e-12
7.079104
5.786179e-12
6.229839e-12
2.869688e-12
3.083047e-12
7.079104
7.079104
7.079104
8.180166e-12
8.373935e-12
7.079104
6.094537e-12
6.230083e-12
3.091491e-12
3.099455e-12
7.079104
7.079104
7.079104
7.079104
7.079097
1.055578e-07
5.163279e-08
7.079097
1.151164e-07
2.34529e-08
9.072807e-08
-2.789033e-08
7.079104
5.219026e-08
1.049274e-07
7.079104
2.37126e-08
1.138961e-07
-2.793143e-08
8.914954e-08
7.079104
-1.925859e-08
7.079104
-4.347061e-08
-9.719195e-08
7.079097
7.079097
7.079097
-1.807075e-08
7.079097
-4.199057e-08
-9.565447e-08
7.079104
7.079104
7.079098
1.936412e-09
2.376263e-09
7.079098
2.255428e-09
9.420976e-10
2.3244e-09
9.11247e-11
7.079098
1.496948e-09
2.958084e-09
7.079098
1.906474e-09
1.310639e-09
2.671196e-09
-2.619411e-10
7.079098
7.079098
7.079104
-1.125493e-09
7.079104
-1.10361e-09
-1.682858e-09
7.079104
2.146826e-09
7.079104
1.821228e-09
9.830784e-10
7.079104
7.079104
7.079104
6.334177e-10
5.73542e-10
7.079104
5.651472e-10
5.016252e-10
4.438075e-10
3.761599e-10
7.079104
-4.504495e-10
7.079104
-7.234656e-10
-9.782395e-10
7.079104
-4.010294e-10
7.079104
-6.748658e-10
-9.370878e-10
7.079098
1.258995e-10
7.079098
-1.96771e-10
-4.807662e-10
7.079098
1.154436e-10
7.079098
-2.117409e-10
-5.073158e-10
7.079098
7.079098
7.079098
5.969683e-10
1.863178e-09
7.079098
2.979916e-10
1.886946e-09
-3.312967e-11
1.285033e-09
7.079098
-4.57274e-10
7.079098
-6.627203e-10
-1.223052e-09
7.079104
1.580303e-09
9.487225e-10
7.079104
1.603341e-09
4.179025e-10
1.122451e-09
-3.71715e-10
7.079098
1.091952e-09
7.079098
1.066315e-09
1.047075e-09
7.079104
7.079104
7.079104
7.079104
7.079098
7.947978e-11
8.533686e-11
7.079098
1.692128e-10
1.818683e-10
1.342984e-10
1.635721e-10
7.079104
7.526859e-11
9.908354e-11
7.079104
1.868282e-10
2.000703e-10
2.425643e-10
1.955322e-10
7.079098
7.079098
7.079104
9.443687e-11
7.64303e-11
7.079104
1.831134e-10
1.824488e-10
1.039353e-10
1.802108e-10
7.079104
7.079104
7.079098
7.079098
7.079098
2.051855e-10
2.078479e-10
7.079098
1.783537e-10
1.680759e-10
6.173583e-11
3.743809e-11
7.079098
-1.518442e-10
7.079098
-2.67645e-10
-4.44495e-10
7.079104
4.559648e-11
7.079104
-7.728428e-11
-2.808618e-10
7.079098
-1.488431e-10
7.079098
-2.546838e-10
-4.276485e-10
7.079104
3.998172e-11
7.079104
-7.993744e-11
-2.733914e-10
7.079104
7.079104
7.079098
1.975382e-10
1.837429e-10
7.079098
2.427075e-10
2.178643e-10
2.182754e-10
1.411062e-10
7.079098
7.676863e-11
7.079098
5.207379e-11
-1.057766e-10
7.079104
8.112553e-11
7.079104
6.807478e-11
-7.332064e-11
7.079104
2.036369e-10
1.941987e-10
7.079104
2.221299e-10
2.1324e-10
9.441269e-11
4.966995e-11
7.079098
7.079098
7.079104
7.079104
7.079097
5.205867e-08
5.31334e-08
7.079097
5.615243e-08
2.416261e-08
6.378134e-08
-3.474495e-10
7.079097
3.99091e-08
6.117919e-08
7.079097
1.796141e-08
6.041473e-08
1.623224e-09
4.383891e-08
7.079104
-2.420019e-08
7.079104
-2.847964e-08
-4.245854e-08
7.079104
4.654496e-08
7.079104
3.894311e-08
2.05454e-08
7.079097
7.079097
7.079104
7.079104
7.079104
3.349596e-11
4.438664e-11
7.079104
3.562072e-11
4.248912e-11
2.325699e-11
2.550287e-11
7.079104
1.650588e-11
7.079104
5.87502e-12
-1.232773e-11
7.079104
1.553779e-11
7.079104
8.134e-12
-9.978738e-12
7.079098
3.620707e-11
4.612916e-11
7.079098
3.02356e-11
3.941e-11
1.182377e-11
1.649068e-11
7.079098
7.079098
7.079098
7.079098
7.079104
-4.629965e-09
-4.950353e-09
7.079104
-3.527585e-09
-3.893914e-09
-6.329309e-10
-1.077666e-09
7.079104
3.759561e-09
7.079104
6.279061e-09
9.889969e-09
7.079104
4.011263e-09
7.079104
6.534899e-09
1.014143e-08
7.079098
-8.155095e-10
7.079098
2.046569e-09
6.251109e-09
7.079098
-7.467757e-10
7.079098
2.157136e-09
6.444415e-09
7.079098
7.079098
7.079104
1.740424e-09
1.767579e-09
7.079104
1.330902e-09
1.221072e-09
3.627407e-10
9.83016e-11
7.079104
-1.465827e-09
7.079104
-2.44738e-09
-3.486693e-09
7.079098
2.959418e-10
7.079098
-8.759641e-10
-2.251841e-09
7.079104
-1.431847e-09
7.079104
-2.305948e-09
-3.322413e-09
7.079098
2.348548e-10
7.079098
-9.074904e-10
-2.151678e-09
7.079098
7.079098
7.079104
7.976058e-10
7.6774e-10
7.079104
7.312429e-10
6.74921e-10
5.587447e-10
4.126211e-10
7.079104
-6.076183e-10
7.079104
-9.434325e-10
-1.856748e-09
7.079104
-5.743174e-10
7.079104
-8.755967e-10
-1.751219e-09
7.079098
1.581842e-10
7.079098
-1.218093e-10
-1.464208e-09
7.079098
1.615727e-10
7.079098
-1.103241e-10
-1.504826e-09
7.079098
7.079098
7.079104
3.767789e-10
3.487527e-10
7.079104
3.128634e-10
2.831983e-10
2.311327e-10
1.928327e-10
7.079104
-3.038821e-10
7.079104
-4.944443e-10
-8.710105e-10
7.079098
-2.762433e-10
7.079098
-4.526123e-10
-7.423142e-10
7.079104
6.098899e-11
7.079104
-1.32973e-10
-3.165866e-10
7.079098
6.137624e-11
7.079098
-1.4514e-10
-4.069591e-10
7.079098
7.079098
7.079098
1.318136e-08
1.09519e-08
7.079098
1.048202e-08
8.725418e-09
1.557639e-09
2.893183e-09
7.079098
-5.269391e-09
7.079098
-1.512057e-08
-2.701406e-08
7.079104
-1.148344e-08
7.079104
-1.689561e-08
-2.365026e-08
7.079104
-9.718697e-10
7.079104
-4.99173e-09
-1.291023e-08
7.079104
9.415431e-09
7.079104
8.523356e-09
8.210858e-09
7.079098
7.079098
7.079098
9.443682e-11
1.569752e-10
7.079098
7.107077e-11
1.325902e-10
1.098274e-11
6.240868e-11
7.079098
-1.039725e-10
7.079098
-1.652372e-10
-2.524655e-10
7.079104
-6.529728e-11
7.079104
-1.621588e-10
-2.732557e-10
7.079098
-9.681396e-13
7.079098
-3.24976e-11
-4.782502e-11
7.079104
1.021822e-10
7.079104
9.709554e-11
7.84793e-11
7.079104
7.079104
7.079104
1.558617e-11
2.270096e-11
7.079104
1.203141e-11
1.733879e-11
8.185063e-12
7.501943e-12
7.079104
-1.742556e-11
7.079104
-2.639191e-11
-3.555809e-11
7.079104
-1.355341e-12
7.079104
-7.86011e-12
-1.910816e-11
7.079098
1.534419e-11
7.079098
1.332886e-11
1.215689e-11
7.079098
-1.060055e-11
7.079098
-2.621498e-11
-4.181692e-11
7.079098
7.079098
7.079104
1.665979e-09
1.207589e-09
7.079104
1.242476e-09
8.965221e-10
5.367877e-10
5.410286e-10
7.079098
-8.33474e-10
7.079098
-2.013201e-09
-3.264329e-09
7.079104
-1.353627e-09
7.079104
-1.960949e-09
-2.49227e-09
7.079104
-1.32774e-10
7.079104
-5.843079e-10
-1.13465e-09
7.079098
1.111317e-09
7.079098
8.780596e-10
3.583575e-10
7.079098
7.079098
7.079104
4.777021e-10
7.212731e-10
7.079104
3.559501e-10
6.517217e-10
-5.573608e-11
4.568931e-10
7.079098
-5.285268e-10
7.079098
-7.347257e-10
-8.091046e-10
7.079098
-3.083371e-11
7.079098
-1.476527e-10
-2.192915e-10
7.079104
-3.264395e-10
7.079104
-7.234405e-10
-1.143895e-09
7.079098
4.764446e-10
7.079098
4.546799e-10
3.971351e-10
7.079104
7.079104
7.079104
2.870377e-11
4.162773e-11
7.079104
3.101234e-11
3.305021e-11
2.359293e-11
1.050144e-11
7.079104
9.487239e-12
7.079104
1.381192e-12
-1.001701e-11
7.079098
3.712627e-11
3.306016e-11
7.079098
3.032999e-11
3.167001e-11
9.802955e-12
2.035896e-11
7.079098
7.079098
7.079098
7.502669e-12
7.079098
-5.87317e-13
-1.358892e-11
7.079104
7.079104
7.079104
3.852013e-10
4.205362e-10
7.079104
3.089314e-10
3.470189e-10
1.679491e-11
5.043309e-11
7.079104
-2.919746e-10
7.079104
-4.6202e-10
-6.184603e-10
7.079104
-3.186454e-10
7.079104
-4.81042e-10
-6.096887e-10
7.079098
7.899554e-11
7.079098
-1.056739e-10
-2.910238e-10
7.079098
7.028243e-11
7.079098
-1.248183e-10
-3.334633e-10
7.079098
7.079098
7.079098
2.720122e-09
7.368587e-09
7.079098
1.610872e-09
8.205938e-09
3.284981e-10
7.944379e-09
7.079098
-9.415556e-10
7.079098
-2.841139e-09
-7.225526e-09
7.079104
7.358615e-09
2.741468e-09
7.079104
8.219073e-09
1.513384e-09
7.846015e-09
-1.09318e-09
7.079104
7.079104
7.079104
-9.728737e-10
7.079104
-2.730612e-09
-5.902295e-09
7.079098
7.079098
7.079104
1.282727e-11
2.468619e-11
7.079104
4.933652e-12
2.571553e-11
-6.103194e-12
1.925857e-11
7.079098
1.297219e-11
2.449258e-11
7.079098
4.979512e-12
2.520984e-11
-6.26281e-12
1.823836e-11
7.079104
-4.695047e-12
7.079104
-1.035886e-11
-1.988553e-11
7.079098
-5.03403e-12
7.079098
-1.095845e-11
-2.079941e-11
7.079098
7.079098
7.079104
7.079104
7.079098
4.49192e-11
1.297245e-11
7.079098
3.95541e-11
4.261977e-12
2.516055e-11
-7.30859e-12
7.079104
3.988594e-11
1.994237e-11
7.079104
3.673617e-11
5.031117e-12
2.821188e-11
-1.688983e-11
7.079104
7.079104
7.079098
-1.335971e-11
7.079098
-1.772723e-11
-2.544349e-11
7.079098
2.52677e-11
7.079098
2.125536e-11
1.279255e-11
7.079104
7.079104
7.079104
6.729693e-09
7.305657e-09
7.079104
4.816748e-09
5.391626e-09
6.987139e-10
1.165228e-09
7.079104
-5.568962e-09
7.079104
-9.375611e-09
-1.32668e-08
7.079098
-6.02677e-09
7.079098
-9.758527e-09
-1.353078e-08
7.079104
1.088556e-09
7.079104
-3.552639e-09
-8.445513e-09
7.079098
9.704004e-10
7.079098
-3.744601e-09
-8.648022e-09
7.079098
7.079098
7.079104
5.310131e-09
1.513593e-08
7.079104
2.841393e-09
1.397541e-08
-3.246647e-09
1.147113e-08
7.079098
-2.888712e-09
7.079098
-6.50118e-09
-7.931269e-09
7.079104
5.31744e-09
1.502663e-08
7.079104
2.903976e-09
1.353186e-08
-2.451715e-09
9.767255e-09
7.079098
-3.005318e-09
7.079098
-7.007358e-09
-1.043011e-08
7.079104
7.079104
7.079098
7.079098
7.079098
-4.197141e-10
3.34377e-10
7.079098
-1.735056e-10
9.845218e-11
1.511369e-11
-1.128294e-11
7.079098
-4.381561e-10
3.441076e-10
7.079098
-2.261111e-10
2.189159e-10
-6.660113e-12
1.420031e-10
7.079098
7.079098
7.079104
-5.324045e-12
7.079104
1.24718e-10
1.071258e-10
7.079104
3.354413e-11
7.079104
4.82851e-11
6.782608e-11
7.079104
7.079104
7.079098
1.396942e-10
4.615351e-10
7.079098
5.157407e-11
4.381189e-10
-7.873651e-11
2.812091e-10
7.079104
4.00062e-10
2.215462e-10
7.079104
3.907954e-10
7.323922e-11
2.90242e-10
-1.325729e-10
7.079098
-1.230924e-10
7.079098
-1.641596e-10
-1.879737e-10
7.079104
2.664647e-10
7.079104
2.332261e-10
1.250973e-10
7.079098
7.079098
7.079104
7.079104
7.079104
1.020967e-08
9.270918e-09
7.079104
7.695842e-09
6.72146e-09
1.80473e-09
8.575911e-10
7.079098
-8.342092e-09
7.079098
-1.356535e-08
-1.928281e-08
7.079104
-7.581805e-09
7.079104
-1.288483e-08
-1.882564e-08
7.079098
1.377235e-09
7.079098
-5.025363e-09
-1.237301e-08
7.079104
1.555655e-09
7.079104
-4.731525e-09
-1.188306e-08
7.079098
7.079098
7.079104
3.340047e-12
3.146429e-12
7.079104
2.600168e-12
2.459474e-12
6.530418e-13
5.08254e-13
7.079104
-2.565427e-12
7.079104
-4.253551e-12
-6.46023e-12
7.079104
-2.469283e-12
7.079104
-4.232707e-12
-6.494068e-12
7.079098
5.801921e-13
7.079098
-1.491461e-12
-4.239425e-12
7.079098
5.816553e-13
7.079098
-1.52765e-12
-4.182891e-12
7.079098
7.079098
7.079104
3.809892e-10
5.122623e-10
7.079104
1.762574e-10
5.441466e-10
-2.8942e-11
3.45221e-10
7.079098
-2.112843e-10
7.079098
-2.509748e-10
-3.754655e-10
7.079104
4.204871e-10
5.012746e-10
7.079104
4.680143e-10
2.258471e-10
3.594585e-10
-1.382909e-10
7.079104
7.079104
7.079098
4.2344e-10
7.079098
3.768031e-10
2.51921e-10
7.079098
7.079098
7.079104
1.972912e-08
2.557767e-08
7.079104
2.218393e-08
2.270727e-08
1.288693e-08
8.936808e-09
7.079098
1.963551e-08
2.557689e-08
7.079097
2.21757e-08
2.262457e-08
1.55278e-08
9.710726e-09
7.079104
5.95954e-09
7.079104
8.680233e-10
-2.158812e-09
7.079098
5.830397e-09
7.079097
1.042417e-10
-7.60833e-09
7.079104
7.079104
7.079098
7.079097
7.079104
1.253671e-11
1.360095e-11
7.079104
1.10861e-11
1.114002e-11
6.496792e-12
2.734891e-12
7.079104
-8.61596e-12
7.079104
-1.547979e-11
-2.525658e-11
7.079098
-9.777008e-12
7.079098
-1.681551e-11
-2.858505e-11
7.079098
2.904244e-12
7.079098
-3.92627e-12
-8.510289e-12
7.079104
2.807436e-12
7.079104
-5.113229e-12
-1.560845e-11
7.079098
7.079098
7.079104
7.580108e-11
8.243248e-11
7.079104
5.971623e-11
6.765441e-11
1.61083e-11
1.569743e-11
7.079104
-5.939205e-11
7.079104
-1.022111e-10
-1.715796e-10
7.079104
-6.510376e-11
7.079104
-1.062555e-10
-1.696621e-10
7.079104
1.365022e-11
7.079104
-3.373327e-11
-1.081064e-10
7.079104
1.461771e-11
7.079104
-2.98105e-11
-1.065767e-10
7.079104
7.079104
7.079098
4.4532e-12
4.211178e-12
7.079098
4.056207e-12
3.653672e-12
2.21886e-12
1.953455e-12
7.079098
1.40439e-12
7.079098
1.331926e-13
-1.238192e-12
7.079098
1.548939e-12
7.079098
1.304286e-13
-1.442374e-12
7.079104
4.695883e-12
4.598418e-12
7.079104
3.530498e-12
3.172965e-12
1.512525e-12
1.072858e-12
7.079104
7.079104
7.079104
7.079104
7.079104
5.994878e-09
7.085139e-09
7.079104
5.302771e-09
6.067341e-09
2.500512e-09
3.206689e-09
7.079098
2.517026e-09
7.079098
1.016301e-10
-1.796931e-09
7.079098
6.478625e-09
7.455038e-09
7.079098
4.295488e-09
5.308745e-09
1.341151e-09
1.990783e-09
7.079104
2.403131e-09
7.079104
3.502411e-10
-1.853486e-09
7.079098
7.079098
7.079104
7.079104
7.079104
2.73441e-09
2.960652e-09
7.079104
2.541481e-09
2.882326e-09
1.502231e-09
1.784266e-09
7.079104
3.007022e-09
3.018832e-09
7.079104
2.44485e-09
2.653609e-09
9.559298e-10
1.22785e-09
7.079104
1.049019e-09
7.079104
3.143446e-10
-1.074564e-09
7.079104
7.079104
7.079104
8.345391e-10
7.079104
1.822774e-10
-1.084647e-09
7.079104
7.079104
7.079098
4.694715e-10
1.499178e-09
7.079098
1.700559e-10
1.581694e-09
-2.825709e-10
1.194315e-09
7.079098
-3.611916e-10
7.079098
-5.4535e-10
-1.126243e-09
7.079104
1.274533e-09
7.671581e-10
7.079104
1.403927e-09
3.126009e-10
1.417837e-09
-3.812163e-10
7.079104
7.079104
7.079098
8.83524e-10
7.079098
8.656628e-10
8.040935e-10
7.079104
7.079104
7.079098
4.840429e-11
2.468681e-11
7.079098
5.144404e-11
1.063236e-11
4.039367e-11
-1.208248e-11
7.079104
2.502433e-11
4.777437e-11
7.079104
1.093336e-11
5.010682e-11
-1.240287e-11
3.80324e-11
7.079104
-9.826039e-12
7.079104
-2.119309e-11
-4.326154e-11
7.079104
7.079104
7.079098
-8.858607e-12
7.079098
-1.94594e-11
-4.113252e-11
7.079098
7.079098
7.079104
1.729117e-08
1.871532e-08
7.079104
1.376844e-08
1.517539e-08
3.159838e-09
4.297264e-09
7.079104
-1.312506e-08
7.079104
-2.291668e-08
-3.67666e-08
7.079098
-1.424219e-08
7.079097
-2.382822e-08
-3.733613e-08
7.079098
3.19568e-09
7.079097
-7.812844e-09
-2.403342e-08
7.079104
3.502709e-09
7.079104
-7.317482e-09
-2.346557e-08
7.079098
7.079097
7.079104
-4.269242e-11
6.945069e-10
7.079104
2.694414e-10
1.413006e-09
-1.485023e-09
2.552023e-09
7.079104
1.373378e-09
7.079104
4.328276e-10
3.161108e-10
7.079104
6.898602e-10
7.079104
-7.700047e-10
-2.983691e-09
7.079098
1.003954e-09
7.079098
5.796484e-10
-2.266506e-09
7.079098
1.057635e-09
7.079098
5.20428e-10
-1.529293e-09
7.079098
7.079098
7.079104
1.273026e-10
1.395979e-10
7.079104
1.022447e-10
1.144735e-10
2.122077e-11
3.282108e-11
7.079104
-9.448581e-11
7.079104
-1.692792e-10
-2.751705e-10
7.079098
-1.039724e-10
7.079098
-1.76995e-10
-2.805935e-10
7.079098
2.48311e-11
7.079098
-5.865555e-11
-1.805493e-10
7.079104
2.773551e-11
7.079104
-5.403492e-11
-1.743662e-10
7.079098
7.079098
7.079104
4.090646e-10
3.841358e-10
7.079104
4.007603e-10
3.920118e-10
3.462456e-10
4.277083e-10
7.079098
-2.78276e-10
7.079098
-4.634903e-10
-7.294363e-10
7.079104
-2.441028e-10
7.079104
-4.154218e-10
-6.850031e-10
7.079098
9.075752e-11
7.079098
-7.318391e-11
-2.756978e-10
7.079104
8.151245e-11
7.079104
-1.126015e-10
-4.016318e-10
7.079098
7.079098
7.079037
1.573141e-11
2.197558e-11
7.079037
1.783629e-11
2.262468e-11
1.65324e-11
1.923296e-11
7.079037
8.228729e-12
7.079037
3.467829e-12
-6.877489e-12
7.079131
7.164356e-12
7.079131
4.094062e-12
-5.616809e-12
7.079131
1.723259e-11
2.245977e-11
7.079131
1.527582e-11
2.076683e-11
6.099699e-12
1.008419e-11
7.079037
7.079037
7.079131
7.079131
7.079098
5.275556e-12
1.050374e-11
7.079098
4.519458e-12
8.093108e-12
1.829609e-12
1.006847e-12
7.079098
-5.857739e-12
7.079098
-1.026949e-11
-1.462273e-11
7.079098
2.420192e-13
7.079098
-2.516839e-12
-4.540959e-12
7.079104
-4.163275e-12
7.079104
-1.075239e-11
-1.736382e-11
7.079104
6.728061e-12
7.079104
5.588905e-12
9.412294e-13
7.079104
7.079104
7.079104
3.711156e-10
3.658881e-10
7.079104
3.415306e-10
3.517587e-10
6.151981e-11
1.353224e-10
7.079098
-2.502499e-10
7.079098
-4.330718e-10
-8.546168e-10
7.079104
-2.409082e-10
7.079104
-4.180066e-10
-6.968062e-10
7.079104
8.039916e-11
7.079104
-1.06798e-10
-6.977072e-10
7.079098
8.451339e-11
7.079098
-8.150402e-11
-4.661171e-10
7.079098
7.079098
7.079131
3.387635e-12
3.194682e-12
7.079131
2.66339e-12
2.437458e-12
6.528695e-13
4.797752e-13
7.079131
-2.564762e-12
7.079131
-4.290504e-12
-6.447512e-12
7.079131
-2.37181e-12
7.079131
-4.180404e-12
-6.470223e-12
7.079037
6.294042e-13
7.079037
-1.358006e-12
-4.035889e-12
7.079037
6.294041e-13
7.079037
-1.426754e-12
-4.178873e-12
7.079037
7.079037
7.079104
4.435069e-07
4.696233e-07
7.079102
2.52978e-07
2.83321e-07
6.276954e-09
7.424506e-09
7.079103
-4.326126e-07
7.079102
-6.666871e-07
-7.952394e-07
7.079103
-4.536858e-07
7.079102
-6.809446e-07
-7.895254e-07
7.079097
3.437229e-08
7.079095
-2.884945e-07
-5.00431e-07
7.079097
2.932907e-08
7.079095
-3.045801e-07
-5.072925e-07
7.079097
7.079095
7.079104
1.860209e-08
3.63506e-08
7.079104
3.083603e-08
5.614115e-08
1.616444e-08
6.290968e-08
7.079104
-9.827853e-09
7.079104
-2.614384e-08
-8.040419e-08
7.079104
5.157546e-09
7.079104
-7.30006e-09
-9.181482e-08
7.079098
8.747449e-09
7.079097
8.838565e-09
2.447853e-08
7.079098
2.398636e-08
7.079097
3.531032e-08
1.085606e-08
7.079098
7.079097
7.079131
9.658586e-10
1.400044e-09
7.079131
6.780054e-10
6.79862e-10
3.72178e-10
-2.723283e-10
7.079131
-1.380782e-09
7.079131
-1.686088e-09
-1.811182e-09
7.079104
-3.792981e-10
7.079104
-6.282645e-10
-8.827486e-10
7.079104
5.784822e-10
7.079104
7.408095e-10
7.901135e-10
7.079104
1.615689e-09
7.079104
1.575341e-09
1.25933e-09
7.079131
7.079131
7.079104
2.221739e-11
5.295431e-11
7.079104
1.372224e-11
6.245606e-11
-7.666283e-12
4.652677e-11
7.079104
-5.033849e-12
7.079104
-1.590459e-11
-2.963421e-11
7.079098
2.323418e-11
5.174338e-11
7.079098
1.62718e-11
5.948101e-11
6.773372e-12
4.268496e-11
7.079098
-7.260622e-12
7.079098
-2.142888e-11
-4.78972e-11
7.079098
7.079098
7.079104
7.079104
7.079098
1.370179e-09
1.478218e-09
7.079098
9.972868e-10
1.063553e-09
5.542951e-10
1.396144e-10
7.079098
-1.177048e-09
7.079098
-1.923775e-09
-2.849072e-09
7.079098
-1.285328e-09
7.079098
-1.994062e-09
-2.713004e-09
7.079104
1.867411e-10
7.079104
-7.226971e-10
-1.634499e-09
7.079104
1.865486e-10
7.079104
-7.267354e-10
-1.913184e-09
7.079104
7.079104
7.079104
2.36502e-10
1.295395e-09
7.079104
2.460265e-10
1.750926e-09
-2.321049e-10
1.468438e-09
7.079131
5.212163e-10
1.056472e-09
7.079131
4.839301e-10
1.479222e-09
-6.578953e-10
1.412925e-09
7.079104
-1.494231e-10
7.079104
-3.880798e-10
-1.119094e-09
7.079131
6.730131e-10
7.079131
8.976092e-10
7.487855e-10
7.079131
7.079131
7.079104
7.079104
7.079098
1.086192e-10
1.393561e-10
7.079098
9.239577e-11
1.040546e-10
2.929296e-11
1.890751e-12
7.079104
-1.126367e-10
7.079104
-1.652479e-10
-1.869409e-10
7.079104
-5.760337e-12
7.079104
-5.07178e-11
-1.202534e-10
7.079098
-5.179277e-11
7.079098
-1.510684e-10
-2.79995e-10
7.079104
9.734126e-11
7.079104
7.650835e-11
-2.324341e-13
7.079098
7.079098
7.079104
2.173345e-10
1.270125e-10
7.079104
2.272342e-10
4.494002e-11
1.901244e-10
-9.59631e-11
7.079098
8.490037e-11
2.47491e-10
7.079098
3.671451e-11
2.456569e-10
-4.025436e-11
1.672776e-10
7.079098
-6.762127e-11
7.079098
-9.790586e-11
-1.587343e-10
7.079098
7.079098
7.079104
1.399853e-10
7.079104
1.246611e-10
8.02319e-11
7.079104
7.079104
7.079098
4.611041e-09
2.331922e-09
7.079098
5.100731e-09
1.064249e-09
4.285284e-09
-1.103701e-09
7.079104
4.604361e-09
2.374905e-09
7.079104
5.183893e-09
1.126973e-09
5.055537e-09
-8.972444e-10
7.079104
7.079104
7.079098
-8.198686e-10
7.079098
-1.875932e-09
-4.50921e-09
7.079104
-8.695322e-10
7.079104
-1.855495e-09
-3.945407e-09
7.079098
7.079098
7.079104
2.066874e-11
4.83559e-11
7.079104
1.659903e-11
3.277821e-11
8.509735e-12
-6.299884e-12
7.079104
-3.160803e-11
7.079104
-4.445597e-11
-5.799521e-11
7.079104
-5.614935e-12
7.079104
-1.339352e-11
-2.25803e-11
7.079098
1.897471e-11
7.079098
2.391233e-11
2.053338e-11
7.079098
4.593571e-11
7.079098
5.006879e-11
4.520275e-11
7.079098
7.079098
7.079104
6.776595e-13
7.265679e-13
7.079104
4.125315e-13
3.683118e-13
2.754526e-15
-1.462739e-13
7.079098
-8.230256e-13
7.079098
-1.119981e-12
-1.087581e-12
7.079098
-1.934661e-13
7.079098
-4.513494e-13
-6.592762e-13
7.079104
-5.800354e-13
7.079104
-1.240298e-12
-1.501655e-12
7.079098
5.324486e-13
7.079098
3.629621e-13
6.316799e-14
7.079104
7.079104
7.079098
2.506172e-09
8.260629e-09
7.079098
6.947391e-10
6.585541e-09
-1.209525e-09
3.539287e-09
7.079104
3.762361e-09
7.383105e-09
7.079104
5.889056e-10
6.133486e-09
-1.969064e-09
3.840757e-09
7.079098
-2.61644e-09
7.079098
-3.325449e-09
-3.493022e-09
7.079098
4.750153e-09
7.079098
3.671623e-09
2.431945e-09
7.079104
7.079104
7.079104
7.079104
7.079104
1.364807e-09
1.270467e-09
7.079104
1.233553e-09
9.04395e-10
5.723738e-10
9.417596e-11
7.079104
-9.665849e-10
7.079104
-1.783123e-09
-2.49014e-09
7.079098
3.606592e-10
7.079098
-6.265046e-10
-1.629955e-09
7.079104
-8.047208e-10
7.079104
-1.472309e-09
-2.175416e-09
7.079098
2.930869e-10
7.079098
-6.081427e-10
-1.466397e-09
7.079098
7.079098
7.079098
1.36742e-10
1.789993e-10
7.079098
1.131188e-10
1.362746e-10
4.374371e-11
9.170513e-12
7.079104
-1.451644e-10
7.079104
-2.172009e-10
-3.00099e-10
7.079104
-8.228324e-12
7.079104
-6.06645e-11
-1.390526e-10
7.079098
-7.168695e-11
7.079098
-1.975591e-10
-3.791348e-10
7.079104
1.239637e-10
7.079104
1.035093e-10
2.542535e-11
7.079098
7.079098
7.079098
5.706856e-11
6.360313e-11
7.079098
6.008875e-11
5.040286e-11
4.581958e-11
1.398572e-11
7.079098
1.57798e-11
7.079098
3.995485e-12
-1.600292e-11
7.079104
4.942067e-11
7.052511e-11
7.079104
4.762691e-11
5.837836e-11
3.065175e-11
2.111143e-11
7.079104
1.190746e-11
7.079104
-2.947708e-12
-2.543874e-11
7.079098
7.079098
7.079104
7.079104
7.079104
3.880575e-09
-1.323412e-10
7.079104
3.423868e-09
3.381037e-10
2.312591e-09
-2.524046e-10
7.079104
3.91015e-09
-1.362619e-10
7.079104
3.53872e-09
3.086396e-10
2.69654e-09
-6.240186e-10
7.079104
7.079104
7.079098
-1.698983e-10
7.079098
-1.342328e-09
-1.624047e-09
7.079098
-2.033943e-10
7.079098
-1.486644e-09
-2.379634e-09
7.079098
7.079098
7.079104
3.691358e-09
3.407466e-09
7.079104
2.953622e-09
2.672714e-09
7.979916e-10
5.679392e-10
7.079104
-2.842735e-09
7.079104
-4.738819e-09
-7.323764e-09
7.079104
-2.620366e-09
7.079104
-4.558022e-09
-7.211885e-09
7.079098
6.102764e-10
7.079098
-1.592711e-09
-4.708231e-09
7.079098
6.718479e-10
7.079098
-1.492568e-09
-4.590056e-09
7.079098
7.079098
7.079104
1.277873e-11
1.142406e-11
7.079104
1.045884e-11
8.333615e-12
5.572083e-12
7.171496e-13
7.079098
-9.922879e-12
7.079098
-1.625352e-11
-2.330654e-11
7.079104
-9.051753e-12
7.079104
-1.549876e-11
-2.456111e-11
7.079104
2.274989e-12
7.079104
-4.449071e-12
-8.228866e-12
7.079098
1.839197e-12
7.079098
-5.836724e-12
-1.439195e-11
7.079098
7.079098
7.079104
1.187357e-10
1.288522e-10
7.079104
9.714216e-11
1.040119e-10
2.272784e-11
2.361474e-11
7.079104
-8.625642e-11
7.079104
-1.530814e-10
-2.446313e-10
7.079098
-9.569541e-11
7.079098
-1.647308e-10
-2.83134e-10
7.079104
2.609044e-11
7.079104
-4.850914e-11
-1.380064e-10
7.079098
2.550907e-11
7.079098
-4.366819e-11
-1.003646e-10
7.079098
7.079098
7.079104
4.40464e-12
3.049316e-12
7.079104
3.150136e-12
2.208392e-12
2.343411e-13
5.313743e-13
7.079104
-2.178204e-12
7.079104
-5.16269e-12
-8.4671e-12
7.079104
-3.388302e-12
7.079104
-5.019223e-12
-6.474466e-12
7.079098
-3.38016e-13
7.079098
-1.505968e-12
-3.022995e-12
7.079098
2.855709e-12
7.079098
2.274384e-12
7.282759e-13
7.079098
7.079098
7.079104
1.338475e-09
1.433445e-09
7.079104
1.375088e-09
1.448549e-09
6.133719e-10
6.329837e-10
7.079098
-7.742258e-10
7.079098
-1.501295e-09
-3.462707e-09
7.079104
-8.475102e-10
7.079104
-1.568796e-09
-3.510632e-09
7.079104
4.035938e-10
7.079104
-1.282944e-10
-6.747295e-10
7.079098
4.252789e-10
7.079098
-1.224305e-10
-7.030604e-10
7.079098
7.079098
7.079131
2.323404e-10
2.197075e-10
7.079131
1.789386e-10
1.772285e-10
8.382943e-11
4.701168e-11
7.079131
2.311789e-10
2.200934e-10
7.079131
1.748468e-10
1.80884e-10
7.423949e-11
7.142543e-11
7.079131
7.079131
7.079104
2.235316e-10
2.250798e-10
7.079104
1.745503e-10
1.822978e-10
5.081946e-11
8.482255e-11
7.079104
7.079104
7.079104
7.079104
7.079098
2.277416e-10
2.412468e-10
7.079098
2.472715e-10
2.602011e-10
5.221458e-11
7.692761e-11
7.079098
-1.067313e-10
7.079098
-2.051254e-10
-3.362781e-10
7.079098
-1.17477e-10
7.079098
-2.185069e-10
-3.622151e-10
7.079104
7.986676e-11
7.079104
-1.602788e-11
-1.67638e-10
7.079104
8.262612e-11
7.079104
-1.643251e-11
-1.688324e-10
7.079104
7.079104
7.079104
1.805494e-11
1.723191e-11
7.079104
1.318598e-11
1.245792e-11
6.535979e-12
6.257225e-12
7.079098
1.684483e-11
1.839346e-11
7.079098
1.23135e-11
1.352511e-11
6.260873e-12
6.68463e-12
7.079104
1.728017e-11
1.810318e-11
7.079104
1.273307e-11
1.337389e-11
6.528199e-12
6.753198e-12
7.079104
7.079104
7.079098
7.079098
7.079098
7.079098
7.079104
1.409195e-08
1.923241e-08
7.079104
1.066488e-08
1.529508e-08
2.664194e-09
8.027259e-09
7.079131
7.048397e-09
7.079131
-5.440296e-10
-3.133682e-09
7.079131
1.58527e-08
1.976624e-08
7.079131
7.42965e-09
1.22897e-08
-2.946048e-10
4.449581e-09
7.079104
5.821542e-09
7.079104
-3.141625e-10
-3.75254e-09
7.079131
7.079131
7.079104
7.079104
7.079104
2.327276e-10
2.204816e-10
7.079104
1.966743e-10
1.676317e-10
1.175642e-10
2.136969e-11
7.079104
-1.768692e-10
7.079104
-2.936179e-10
-4.486286e-10
7.079104
-1.723676e-10
7.079104
-2.942707e-10
-4.868037e-10
7.079098
3.73677e-11
7.079098
-1.046738e-10
-2.797081e-10
7.079098
4.511272e-11
7.079098
-7.493043e-11
-1.453322e-10
7.079098
7.079098
7.079104
2.105574e-11
2.899421e-11
7.079104
2.152814e-11
2.82748e-11
1.344909e-11
1.727665e-11
7.079104
1.055215e-11
7.079104
3.407493e-12
-8.995752e-12
7.079104
9.00336e-12
7.079104
4.022944e-12
-7.008501e-12
7.079104
2.328312e-11
2.972025e-11
7.079104
1.880757e-11
2.620003e-11
6.38504e-12
1.215275e-11
7.079104
7.079104
7.079104
7.079104
7.079098
6.582979e-12
7.696283e-12
7.079098
5.106433e-12
5.783871e-12
3.107384e-12
2.23057e-12
7.079104
-6.970374e-12
7.079104
-9.930221e-12
-1.268642e-11
7.079098
-3.388302e-12
7.079098
-9.422004e-12
-1.624722e-11
7.079104
-7.259179e-13
7.079104
-2.939453e-12
-5.963228e-12
7.079104
5.421949e-12
7.079104
4.173669e-12
1.561232e-12
7.079098
7.079098
7.079098
2.191746e-10
1.132659e-10
7.079098
2.378427e-10
4.897339e-11
1.89946e-10
-5.706255e-11
7.079104
2.163673e-10
1.153471e-10
7.079104
2.313455e-10
5.084971e-11
1.781108e-10
-5.849239e-11
7.079104
7.079104
7.079104
-4.346757e-11
7.079104
-9.450878e-11
-2.003057e-10
7.079098
-3.862712e-11
7.079098
-8.606898e-11
-1.898392e-10
7.079098
7.079098
7.079104
1.149596e-10
1.764829e-10
7.079104
1.21715e-10
1.644987e-10
8.343783e-11
8.866935e-11
7.079104
1.36839e-10
1.560549e-10
7.079104
1.490091e-10
1.312222e-10
9.742449e-11
3.621284e-11
7.079104
3.349579e-11
7.079104
9.302721e-12
-7.867513e-12
7.079104
4.724262e-11
7.079104
1.574097e-11
-4.81259e-11
7.079104
7.079104
7.079104
7.079104
7.079104
1.465204e-10
1.44051e-10
7.079104
1.304361e-10
1.09277e-10
8.217344e-11
1.446449e-11
7.079098
-1.108942e-10
7.079098
-1.948364e-10
-3.061484e-10
7.079098
2.976848e-11
7.079098
-6.499422e-11
-2.099939e-10
7.079104
-1.054728e-10
7.079104
-1.793205e-10
-2.791757e-10
7.079104
2.681582e-11
7.079104
-5.935114e-11
-1.692335e-10
7.079098
7.079098
7.079098
1.207209e-10
1.221233e-10
7.079098
1.010675e-10
9.33012e-11
3.449602e-11
1.788999e-11
7.079104
-9.356532e-11
7.079104
-1.613655e-10
-2.51681e-10
7.079104
2.536423e-11
7.079104
-5.023712e-11
-1.613388e-10
7.079098
-9.070961e-11
7.079098
-1.512628e-10
-2.399026e-10
7.079098
2.110413e-11
7.079098
-5.252885e-11
-1.564842e-10
7.079104
7.079104
7.079037
7.793905e-12
7.067023e-12
7.079037
6.7591e-12
6.043332e-12
2.267516e-12
1.556418e-12
7.079037
-5.518088e-12
7.079037
-9.483721e-12
-1.603478e-11
7.079037
-4.985649e-12
7.079037
-9.067725e-12
-1.568131e-11
7.079104
1.500677e-12
7.079104
-2.843659e-12
-1.02948e-11
7.079104
1.742547e-12
7.079104
-2.466489e-12
-9.907063e-12
7.079104
7.079104
7.079104
3.339076e-12
5.421283e-12
7.079104
2.988129e-12
4.324977e-12
2.163336e-12
1.01339e-12
7.079104
-3.484959e-12
7.079104
-5.391937e-12
-6.911209e-12
7.079104
-9.680159e-14
7.079104
-1.638338e-12
-4.030396e-12
7.079098
-2.178194e-12
7.079098
-5.460516e-12
-9.807597e-12
7.079098
3.485269e-12
7.079098
2.905891e-12
3.710298e-14
7.079098
7.079098
7.079098
2.904911e-12
3.82394e-12
7.079098
2.277984e-12
2.825046e-12
8.361087e-13
1.153509e-13
7.079104
-3.194694e-12
7.079104
-4.652049e-12
-6.152905e-12
7.079104
-2.420238e-13
7.079104
-1.368223e-12
-2.871129e-12
7.079098
-1.694151e-12
7.079098
-4.466389e-12
-7.753625e-12
7.079104
2.662242e-12
7.079104
2.006286e-12
5.136991e-13
7.079098
7.079098
7.079037
3.582401e-10
3.234373e-10
7.079037
3.102346e-10
2.754021e-10
2.284443e-10
2.03463e-10
7.079104
-2.602214e-10
7.079104
-4.151105e-10
-5.440476e-10
7.079037
-2.324372e-10
7.079037
-3.922069e-10
-5.310189e-10
7.079037
6.883057e-11
7.079037
-1.17157e-10
-2.747597e-10
7.079104
6.181206e-11
7.079104
-1.290841e-10
-2.867091e-10
7.079104
7.079104
7.079104
1.858707e-11
2.260481e-11
7.079104
1.358203e-11
1.695313e-11
3.580906e-12
1.367736e-12
7.079104
-2.081436e-11
7.079104
-2.960011e-11
-4.070289e-11
7.079098
-1.132661e-11
7.079098
-2.780453e-11
-4.637056e-11
7.079104
-2.371836e-12
7.079104
-9.023778e-12
-2.201439e-11
7.079098
1.59252e-11
7.079098
1.417269e-11
1.410341e-11
7.079098
7.079098
7.079098
1.389202e-10
1.765789e-10
7.079098
1.25051e-10
1.349696e-10
9.582173e-11
1.483183e-11
7.079104
-1.446321e-10
7.079104
-2.128241e-10
-2.609929e-10
7.079104
-1.006753e-11
7.079104
-6.595209e-11
-1.535896e-10
7.079098
-7.033147e-11
7.079098
-1.911255e-10
-3.432635e-10
7.079104
1.219791e-10
7.079104
9.753941e-11
-9.690209e-12
7.079098
7.079098
7.079037
5.426129e-11
3.397984e-11
7.079037
5.613535e-11
3.762558e-11
4.605589e-11
3.538837e-11
7.079037
1.582822e-11
7.079037
9.130898e-12
-2.165909e-12
7.079037
1.960376e-11
7.079037
6.795546e-12
-1.856112e-11
7.079131
5.459993e-11
3.809498e-11
7.079131
5.20094e-11
3.1166e-11
3.716482e-11
1.008549e-11
7.079131
7.079131
7.079131
7.079131
7.079104
4.420766e-10
3.996732e-10
7.079104
3.438424e-10
2.879438e-10
1.736944e-10
1.033628e-11
7.079104
-2.208689e-10
7.079104
-5.476023e-10
-9.199196e-10
7.079104
-4.383973e-10
7.079104
-5.809176e-10
-6.055019e-10
7.079098
-5.639151e-11
7.079098
-1.661148e-10
-2.187774e-10
7.079098
3.16323e-10
7.079098
2.553291e-10
6.771787e-11
7.079098
7.079098
7.079104
2.754687e-10
3.229044e-10
7.079104
2.175099e-10
2.503733e-10
7.120492e-11
2.02098e-11
7.079098
-2.850046e-10
7.079098
-4.117233e-10
-5.574225e-10
7.079104
-1.323858e-10
7.079104
-3.821587e-10
-7.207194e-10
7.079098
-2.715569e-11
7.079098
-1.223101e-10
-2.594789e-10
7.079098
2.271619e-10
7.079098
1.847081e-10
4.514494e-11
7.079104
7.079104
7.079131
4.163281e-12
3.824089e-12
7.079131
3.664044e-12
3.069191e-12
2.120126e-12
3.36436e-13
7.079131
-2.904265e-12
7.079131
-4.680124e-12
-6.327109e-12
7.079131
-2.710639e-12
7.079131
-4.66794e-12
-6.071828e-12
7.079037
8.712735e-13
7.079037
-1.204992e-12
-3.069673e-12
7.079037
7.2606e-13
7.079037
-1.786361e-12
-4.559338e-12
7.079037
7.079037
7.079104
5.134291e-09
3.067184e-09
7.079104
5.049561e-09
1.46926e-09
3.791409e-09
-9.961992e-10
7.079104
5.155976e-09
3.060697e-09
7.079104
5.124401e-09
1.415407e-09
3.943756e-09
-1.557398e-09
7.079104
7.079104
7.079098
-1.321385e-09
7.079098
-2.46823e-09
-4.025544e-09
7.079098
-1.293214e-09
7.079098
-2.339442e-09
-3.311938e-09
7.079098
7.079098
7.079098
1.383878e-10
1.623964e-10
7.079098
1.105494e-10
1.276234e-10
3.6364e-11
1.188352e-11
7.079104
-1.423087e-10
7.079104
-2.064356e-10
-2.826931e-10
7.079098
-6.481403e-11
7.079098
-1.901614e-10
-3.653699e-10
7.079104
-1.287565e-11
7.079104
-6.058836e-11
-1.305093e-10
7.079104
1.143319e-10
7.079104
9.390753e-11
2.329108e-11
7.079098
7.079098
7.079104
2.884874e-08
3.080176e-08
7.079104
2.637298e-08
2.821867e-08
1.607953e-08
1.703199e-08
7.079131
2.774928e-08
3.240109e-08
7.079131
2.587137e-08
2.971864e-08
1.594881e-08
1.770577e-08
7.079131
7.079131
7.079104
2.88847e-08
3.158349e-08
7.079104
2.720582e-08
2.920741e-08
1.679179e-08
1.759629e-08
7.079104
7.079104
7.079131
7.079131
7.079131
1.297163e-11
5.764887e-11
7.079131
3.446551e-12
5.605382e-11
-9.863071e-12
3.834589e-11
7.079131
-1.335889e-11
7.079131
-1.957215e-11
-3.10177e-11
7.079104
3.068847e-11
7.079104
2.706586e-11
1.694991e-11
7.079104
5.014684e-11
2.284692e-11
7.079104
5.050932e-11
5.375908e-12
3.992428e-11
-2.236584e-11
7.079131
7.079131
7.079104
7.079104
7.079104
1.102164e-10
2.188358e-10
7.079104
4.589887e-11
2.342138e-10
-5.888475e-11
1.869875e-10
7.079104
2.162226e-10
1.121526e-10
7.079104
2.281254e-10
4.75897e-11
1.760543e-10
-6.021826e-11
7.079104
-3.935254e-11
7.079104
-8.627597e-11
-1.869818e-10
7.079104
7.079104
7.079104
-4.380575e-11
7.079104
-9.399327e-11
-1.965551e-10
7.079104
7.079104
7.079131
1.248099e-08
1.151944e-08
7.079131
8.079855e-09
6.926272e-09
1.282788e-09
-2.240809e-11
7.079131
-1.161113e-08
7.079131
-1.7757e-08
-2.154898e-08
7.079104
1.010569e-09
7.079104
-7.642101e-09
-1.379389e-08
7.079131
-1.081928e-08
7.079131
-1.69351e-08
-2.092017e-08
7.079104
1.180275e-09
7.079104
-7.310471e-09
-1.311749e-08
7.079104
7.079104
7.079131
1.467617e-10
1.57652e-10
7.079131
1.362275e-10
1.468401e-10
8.317703e-11
9.303101e-11
7.079104
1.667522e-10
1.405175e-10
7.079104
1.551114e-10
1.336561e-10
9.572588e-11
8.351259e-11
7.079104
1.620583e-10
1.468101e-10
7.079104
1.517215e-10
1.409394e-10
9.228023e-11
8.991593e-11
7.079104
7.079104
7.079131
7.079131
7.079131
7.079131
7.079104
4.598406e-12
4.211029e-12
7.079104
4.018281e-12
3.849162e-12
2.741142e-12
3.243934e-12
7.079104
-3.194834e-12
7.079104
-5.264866e-12
-7.486259e-12
7.079104
-2.855709e-12
7.079104
-4.962832e-12
-6.920553e-12
7.079104
9.675776e-13
7.079104
-1.439226e-12
-3.671285e-12
7.079104
1.01583e-12
7.079104
-1.57216e-12
-4.720863e-12
7.079104
7.079104
7.079098
3.727138e-12
3.920746e-12
7.079098
2.728357e-12
2.960487e-12
5.59699e-13
6.778027e-13
7.079098
-3.048805e-12
7.079098
-5.040181e-12
-7.517677e-12
7.079104
-3.194531e-12
7.079104
-5.270109e-12
-7.593683e-12
7.079098
6.292515e-13
7.079098
-1.822071e-12
-4.791662e-12
7.079104
6.774946e-13
7.079104
-1.763704e-12
-4.838498e-12
7.079104
7.079104
7.079037
-1.008749e-09
1.226709e-09
7.079037
-6.889767e-09
-2.544565e-09
-1.318453e-08
-5.559599e-09
7.079131
-8.208911e-10
1.309723e-09
7.079131
-5.88046e-09
-2.348752e-09
-7.557303e-09
-3.98723e-09
7.079037
7.079037
7.079037
-2.666157e-09
7.079037
-3.395743e-09
7.063398e-10
7.079131
-2.561265e-09
7.079131
-2.582175e-09
4.761223e-09
7.079131
7.079131
7.079098
9.293637e-12
5.46969e-12
7.079098
9.755208e-12
6.385064e-12
5.795146e-12
3.604109e-12
7.079104
2.855856e-12
7.079104
2.010881e-12
3.064436e-13
7.079098
3.388304e-12
7.079098
1.357019e-12
-3.845863e-12
7.079104
9.487248e-12
6.195748e-12
7.079104
9.640111e-12
5.615449e-12
7.847201e-12
1.478832e-12
7.079104
7.079104
7.079098
7.079098
7.079098
1.181131e-11
1.389203e-11
7.079098
1.165052e-11
1.309506e-11
4.198617e-12
-2.910545e-12
7.079098
-1.108393e-11
7.079098
-1.595211e-11
-2.159456e-11
7.079098
-6.776674e-13
7.079098
-4.312635e-12
-1.466855e-11
7.079104
-4.162609e-12
7.079104
-1.205726e-11
-2.639591e-11
7.079104
9.632324e-12
7.079104
9.575671e-12
2.767019e-12
7.079104
7.079104
7.079037
-1.223124e-09
-4.587807e-09
7.079037
-9.779903e-10
-5.27443e-09
8.407069e-10
-4.11579e-09
7.079131
-1.232998e-09
-4.571351e-09
7.079131
-9.823322e-10
-5.230594e-09
8.385137e-10
-4.043472e-09
7.079037
4.036412e-10
7.079037
1.59244e-09
4.818665e-09
7.079131
4.29973e-10
7.079131
1.640708e-09
4.89323e-09
7.079131
7.079131
7.079037
7.079037
7.079104
4.188912e-10
4.171971e-10
7.079104
4.836959e-10
4.962454e-10
3.085473e-10
3.453634e-10
7.079098
1.722711e-10
7.079098
1.033086e-10
-2.599926e-10
7.079104
1.772083e-10
7.079104
1.193052e-10
-1.419322e-10
7.079098
4.421249e-10
4.453196e-10
7.079098
4.768033e-10
5.052709e-10
2.618337e-10
4.166615e-10
7.079098
7.079098
7.079104
7.079104
7.079098
3.101886e-09
7.800351e-09
7.079098
1.648948e-09
8.467635e-09
-1.692659e-09
5.828588e-09
7.079098
-9.755353e-10
7.079098
-2.479621e-09
-4.189406e-09
7.079104
7.78128e-09
3.176962e-09
7.079104
8.581506e-09
1.866065e-09
7.225205e-09
5.918447e-11
7.079104
7.079104
7.079104
-1.069585e-09
7.079104
-2.582852e-09
-4.544684e-09
7.079098
7.079098
7.079104
3.422183e-11
1.71356e-11
7.079104
3.576524e-11
7.161779e-12
2.761449e-11
-8.483096e-12
7.079037
1.737712e-11
3.378538e-11
7.079037
7.436378e-12
3.47826e-11
-8.581305e-12
2.602971e-11
7.079037
-7.067004e-12
7.079037
-1.513822e-11
-3.000986e-11
7.079037
7.079037
7.079104
-6.437747e-12
7.079104
-1.400733e-11
-2.862621e-11
7.079104
7.079104
7.079104
9.284005e-11
8.219044e-11
7.079104
6.997568e-11
5.926166e-11
3.39624e-11
2.65236e-11
7.079098
-7.657559e-11
7.079098
-1.233476e-10
-1.671089e-10
7.079104
-6.786281e-11
7.079104
-1.158432e-10
-1.627263e-10
7.079098
1.156785e-11
7.079098
-4.732257e-11
-1.080492e-10
7.079104
1.345629e-11
7.079104
-4.419144e-11
-1.050426e-10
7.079098
7.079098
7.079098
1.258462e-11
1.548939e-11
7.079098
1.168197e-11
1.439986e-11
6.710154e-12
8.191559e-12
7.079098
5.566338e-12
7.079098
1.25931e-12
-4.730476e-12
7.079104
1.379457e-11
1.602168e-11
7.079104
1.028148e-11
1.298884e-11
3.481532e-12
5.740982e-12
7.079104
4.840586e-12
7.079104
1.266018e-12
-3.932908e-12
7.079098
7.079098
7.079104
7.079104
7.079037
3.146275e-12
5.130857e-12
7.079037
2.501331e-12
3.877842e-12
7.33577e-13
4.743519e-13
7.079037
-3.485263e-12
7.079037
-5.557099e-12
-7.799673e-12
7.079037
-9.681066e-14
7.079037
-1.605235e-12
-3.617559e-12
7.079104
-2.226608e-12
7.079104
-5.640957e-12
-1.019781e-11
7.079104
3.339753e-12
7.079104
2.944787e-12
9.700315e-13
7.079104
7.079104
7.079104
3.049469e-12
2.95266e-12
7.079104
2.367147e-12
2.273285e-12
5.865033e-13
4.847269e-13
7.079104
-2.420214e-12
7.079104
-3.936728e-12
-5.913976e-12
7.079104
-2.37181e-12
7.079104
-3.974882e-12
-6.007246e-12
7.079098
5.324438e-13
7.079098
-1.345598e-12
-2.422384e-12
7.079098
5.324439e-13
7.079098
-1.292047e-12
-2.277051e-12
7.079098
7.079098
7.079104
1.44235e-09
1.777695e-09
7.079104
1.205384e-09
1.368197e-09
3.47489e-10
5.587981e-10
7.079104
1.775662e-09
1.442688e-09
7.079104
1.360018e-09
1.213956e-09
5.447547e-10
3.744905e-10
7.079104
1.574784e-09
1.577204e-09
7.079104
1.244805e-09
1.26154e-09
4.290105e-10
4.700508e-10
7.079104
7.079104
7.079104
7.079104
7.079104
7.079104
7.079098
2.312833e-08
1.863089e-08
7.079097
1.695258e-08
1.500859e-08
6.122964e-09
3.920956e-09
7.079098
2.314677e-08
1.862871e-08
7.079097
1.702515e-08
1.493268e-08
6.251013e-09
3.666948e-09
7.079104
2.043361e-08
2.041299e-08
7.079104
1.558784e-08
1.543931e-08
5.095468e-09
4.7134e-09
7.079098
7.079097
7.079104
7.079104
7.079104
7.079104
7.079098
3.049619e-12
4.695227e-12
7.079098
2.253615e-12
3.445679e-12
6.014987e-13
2.864348e-13
7.079098
-3.58192e-12
7.079098
-5.3338e-12
-7.043873e-12
7.079098
-2.371812e-12
7.079098
-5.481553e-12
-9.094479e-12
7.079104
-2.41872e-13
7.079104
-1.508853e-12
-3.231841e-12
7.079104
3.097731e-12
7.079104
2.552596e-12
8.222443e-13
7.079104
7.079104
7.079104
1.899093e-08
1.76056e-08
7.079104
1.120807e-08
9.634908e-09
-4.062844e-12
-4.454233e-12
7.079104
-1.866857e-08
7.079104
-2.766092e-08
-3.132921e-08
7.079104
-1.753499e-08
7.079104
-2.687336e-08
-3.158132e-08
7.079104
9.738674e-10
7.079104
-1.253195e-08
-2.011275e-08
7.079104
1.225572e-09
7.079104
-1.174638e-08
-1.986022e-08
7.079104
7.079104
7.079098
-2.966219e-10
-3.018489e-10
7.079098
-2.66721e-10
-2.576563e-10
-2.089652e-10
-1.342225e-10
7.079104
-2.842299e-10
-3.113844e-10
7.079104
-2.576136e-10
-2.656577e-10
-2.024379e-10
-1.591595e-10
7.079098
-3.066411e-10
-2.846654e-10
7.079098
-2.641575e-10
-2.470185e-10
-1.914756e-10
-1.599878e-10
7.079098
7.079098
7.079104
7.079104
7.079104
7.079104
7.079098
8.711241e-13
1.790959e-12
7.079098
3.317522e-13
1.79335e-12
-2.732529e-14
1.493195e-12
7.079104
8.230235e-13
1.693998e-12
7.079104
4.134533e-13
1.651031e-12
-3.398826e-13
1.167293e-12
7.079098
-3.870812e-13
7.079098
-7.03123e-13
-1.30205e-12
7.079104
-4.356376e-13
7.079104
-9.276059e-13
-1.339303e-12
7.079104
7.079104
7.079098
7.079098
7.079104
5.615056e-12
6.098948e-12
7.079104
4.817244e-12
5.338038e-12
2.665991e-12
2.841867e-12
7.079104
2.178347e-12
7.079104
2.90459e-13
-1.873569e-12
7.079104
1.936022e-12
7.079104
2.611406e-13
-1.689595e-12
7.079104
6.098943e-12
6.340965e-12
7.079104
4.245722e-12
4.737494e-12
1.579603e-12
1.963516e-12
7.079104
7.079104
7.079104
7.079104
7.079104
3.27697e-11
1.510278e-11
7.079104
3.462777e-11
7.089486e-12
2.533626e-11
-8.54018e-12
7.079098
3.252703e-11
1.524733e-11
7.079098
3.404823e-11
7.715486e-12
2.521667e-11
-1.622787e-12
7.079104
7.079104
7.079098
-5.856243e-12
7.079098
-1.316172e-11
-2.542651e-11
7.079104
-5.469663e-12
7.079104
-1.205248e-11
-1.846829e-11
7.079098
7.079098
7.079104
3.727784e-12
4.114363e-12
7.079104
2.75105e-12
3.370228e-12
3.062882e-13
1.77447e-12
7.079104
-3.097219e-12
7.079104
-5.194857e-12
-8.071412e-12
7.079104
7.260601e-13
7.079104
-1.52894e-12
-2.762125e-12
7.079098
-3.291492e-12
7.079098
-5.402732e-12
-7.697498e-12
7.079098
5.33098e-13
7.079098
-1.941729e-12
-4.634601e-12
7.079098
7.079098
7.079104
5.721319e-11
3.306007e-11
7.079104
6.917193e-11
2.58824e-11
6.224641e-11
-2.250719e-13
7.079104
6.902469e-11
1.878095e-11
7.079104
8.215915e-11
1.370756e-11
6.096628e-11
-5.07783e-12
7.079104
7.079104
7.079104
-1.287549e-11
7.079104
-2.184235e-11
-5.94728e-11
7.079104
3.901304e-11
7.079104
4.708176e-11
6.307552e-11
7.079104
7.079104
7.079098
3.204362e-11
4.264434e-11
7.079098
2.627409e-11
3.260245e-11
9.083117e-12
2.486123e-12
7.079104
-3.436773e-11
7.079104
-5.13389e-11
-7.179011e-11
7.079104
-2.371834e-12
7.079104
-1.469796e-11
-3.310332e-11
7.079098
-1.795815e-11
7.079098
-4.79209e-11
-9.201289e-11
7.079104
2.938148e-11
7.079104
2.45383e-11
6.360974e-12
7.079098
7.079098
7.079098
1.380967e-10
1.518926e-10
7.079098
1.09068e-10
1.228616e-10
2.405157e-11
3.585703e-11
7.079098
-1.047953e-10
7.079098
-1.835227e-10
-2.921271e-10
7.079098
-1.156862e-10
7.079098
-1.925941e-10
-2.981522e-10
7.079104
2.541209e-11
7.079104
-6.377697e-11
-1.926212e-10
7.079104
2.831636e-11
7.079104
-5.910263e-11
-1.868998e-10
7.079104
7.079104
7.079104
2.284682e-11
2.081317e-11
7.079104
1.933642e-11
1.676091e-11
1.369983e-11
1.036726e-11
7.079104
-1.728098e-11
7.079104
-2.854334e-11
-4.020076e-11
7.079104
-1.544096e-11
7.079104
-2.626501e-11
-3.59347e-11
7.079104
3.872319e-12
7.079104
-9.865026e-12
-2.647278e-11
7.079104
4.065938e-12
7.079104
-9.519472e-12
-2.732751e-11
7.079104
7.079104
7.079131
2.032913e-11
1.761849e-11
7.079131
1.530574e-11
1.46885e-11
4.31719e-12
3.220024e-12
7.079131
-1.510214e-11
7.079131
-2.451505e-11
-3.804518e-11
7.079131
-1.379522e-11
7.079131
-2.462756e-11
-3.75696e-11
7.079104
4.259702e-12
7.079104
-8.037402e-12
-2.400337e-11
7.079104
2.807274e-12
7.079104
-8.750984e-12
-2.461526e-11
7.079104
7.079104
7.079098
1.515056e-11
1.248766e-11
7.079098
1.419781e-11
1.170399e-11
7.922637e-12
6.357506e-12
7.079098
4.646816e-12
7.079098
9.368544e-13
-5.00201e-12
7.079098
5.372881e-12
7.079098
1.027068e-12
-5.362123e-12
7.079104
1.57314e-11
1.374682e-11
7.079104
1.284308e-11
1.040959e-11
5.880532e-12
3.955027e-12
7.079104
7.079104
7.079104
7.079104
7.079104
8.383614e-11
1.172352e-10
7.079104
4.926802e-11
7.025173e-11
4.263768e-12
-1.565286e-12
7.079104
-1.056182e-10
7.079104
-1.450801e-10
-1.600009e-10
7.079104
-7.473629e-11
7.079104
-1.591416e-10
-1.997653e-10
7.079104
-1.515063e-11
7.079104
-4.911524e-11
-8.384616e-11
7.079104
7.943231e-11
7.079104
5.613369e-11
3.833208e-11
7.079104
7.079104
7.079131
-6.501126e-09
-8.936692e-09
7.079131
-3.973481e-09
-5.800247e-09
-3.267911e-10
-1.224348e-09
7.079104
7.981728e-09
7.079104
1.110433e-08
1.317073e-08
7.079131
5.315667e-09
7.079131
1.175789e-08
1.553323e-08
7.079104
1.019885e-09
7.079104
3.382169e-09
4.496933e-09
7.079104
-6.121465e-09
7.079104
-4.555403e-09
-3.031997e-09
7.079131
7.079131
7.079098
5.290594e-11
7.507515e-11
7.079098
5.314164e-11
7.144245e-11
3.078918e-11
4.337122e-11
7.079104
5.798833e-11
7.783415e-11
7.079104
4.755375e-11
6.856478e-11
1.520168e-11
3.293915e-11
7.079098
2.352451e-11
7.079098
4.673586e-12
-2.768894e-11
7.079098
2.11527e-11
7.079098
7.352413e-12
-2.2602e-11
7.079104
7.079104
7.079104
7.079104
7.079104
-4.845923e-11
4.974027e-09
7.079104
1.975818e-10
3.715924e-09
-5.496604e-10
1.928246e-09
7.079037
-9.938352e-10
7.079037
-1.799433e-09
-1.783973e-09
7.079104
4.616319e-09
4.916852e-10
7.079104
3.604518e-09
-1.441194e-10
2.170457e-09
-1.216884e-09
7.079037
1.89164e-09
7.079037
1.569062e-09
8.745323e-10
7.079104
7.079104
7.079037
7.079037
7.079037
-1.362194e-09
-1.476234e-09
7.079037
-1.124049e-09
-1.079394e-09
-7.826298e-10
-2.553973e-12
7.079037
1.450533e-09
7.079037
2.015848e-09
2.740679e-09
7.079131
7.087354e-10
7.079131
1.850264e-09
3.355698e-09
7.079037
1.976844e-10
7.079037
6.803251e-10
1.413902e-09
7.079131
-1.053522e-09
7.079131
-8.013488e-10
-1.891164e-11
7.079131
7.079131
7.079098
4.647473e-12
4.599069e-12
7.079098
4.596343e-12
4.16122e-12
2.773651e-12
2.30109e-12
7.079098
1.549603e-12
7.079098
2.872625e-13
-1.504487e-12
7.079104
4.937239e-12
5.130857e-12
7.079104
4.044719e-12
3.928718e-12
1.817551e-12
1.466648e-12
7.079098
1.79096e-12
7.079098
5.564779e-13
-1.482548e-12
7.079104
7.079104
7.079104
7.079104
7.079104
1.515054e-11
1.573155e-11
7.079104
1.193307e-11
1.210778e-11
2.690804e-12
2.757856e-12
7.079037
-1.214948e-11
7.079037
-2.048369e-11
-3.227576e-11
7.079037
2.710775e-12
7.079037
-6.542203e-12
-2.052562e-11
7.079104
-1.248815e-11
7.079104
-2.049872e-11
-3.224536e-11
7.079104
2.420196e-12
7.079104
-6.82796e-12
-2.072641e-11
7.079037
7.079037
7.079131
2.710638e-12
4.211839e-12
7.079131
2.17487e-12
3.183908e-12
6.221525e-13
3.732027e-13
7.079131
-3.001077e-12
7.079131
-4.71993e-12
-6.413967e-12
7.079131
-9.681049e-14
7.079131
-1.324437e-12
-3.0199e-12
7.079037
-1.887607e-12
7.079037
-4.71096e-12
-8.413584e-12
7.079037
2.7589e-12
7.079037
2.325038e-12
7.369861e-13
7.079037
7.079037
7.079098
2.81956e-10
2.467163e-10
7.079098
2.926297e-10
2.416715e-10
1.971646e-10
1.446265e-10
7.079098
9.414645e-11
7.079098
3.816084e-11
-8.218229e-11
7.079104
2.877636e-10
2.704832e-10
7.079104
2.626818e-10
2.236578e-10
1.308485e-10
7.273983e-11
7.079098
1.121529e-10
7.079098
5.007626e-11
-8.777784e-11
7.079104
7.079104
7.079104
7.079104
7.079037
1.161722e-08
5.263036e-09
7.079037
1.078171e-08
1.799012e-09
7.101387e-09
-1.876085e-09
7.079131
9.941316e-09
7.486102e-09
7.079131
9.46104e-09
2.177436e-09
7.400885e-09
-4.088152e-09
7.079131
7.079131
7.079037
-3.743336e-09
7.079037
-4.564906e-09
-6.012346e-09
7.079037
7.642308e-09
7.079037
6.264004e-09
3.500751e-09
7.079131
7.079131
7.079104
-3.389821e-13
-8.714305e-13
7.079104
-5.662404e-13
-9.827432e-13
-4.68541e-13
-6.220034e-13
7.079104
-2.910907e-13
7.079104
-3.553679e-13
-3.767565e-13
7.079037
-4.349736e-13
-8.707742e-13
7.079037
-8.353665e-13
-1.076986e-12
-1.184397e-12
-3.873487e-13
7.079104
-1.936174e-13
7.079104
-2.272816e-13
5.875638e-13
7.079037
7.079037
7.079037
7.079037
7.079104
1.820001e-11
1.597341e-11
7.079104
1.6478e-11
1.278365e-11
1.0886e-11
1.70407e-12
7.079104
-1.316596e-11
7.079104
-2.274598e-11
-3.640898e-11
7.079104
-1.132594e-11
7.079104
-2.041924e-11
-3.282956e-11
7.079098
3.388937e-12
7.079098
-7.473382e-12
-2.534927e-11
7.079098
3.775518e-12
7.079098
-6.154161e-12
-1.976391e-11
7.079098
7.079098
7.079131
8.789407e-09
7.468694e-09
7.079131
9.581439e-09
7.880284e-09
9.519867e-09
8.160218e-09
7.079037
2.325538e-09
7.079037
1.262933e-09
-3.800818e-09
7.079037
8.25884e-09
8.726959e-09
7.079037
7.511056e-09
8.82946e-09
3.300371e-09
4.16585e-09
7.079131
3.178084e-09
7.079131
1.645562e-09
-3.306748e-09
7.079131
7.079131
7.079037
7.079037
7.079037
4.753277e-11
2.210139e-10
7.079037
1.621442e-11
2.203987e-10
-3.70029e-11
1.460392e-10
7.079104
-4.690376e-11
7.079104
-6.945961e-11
-8.736305e-11
7.079104
1.167516e-10
7.079104
1.059399e-10
6.2368e-11
7.079037
1.908103e-10
8.717657e-11
7.079037
1.952904e-10
2.758647e-11
1.468786e-10
-6.111523e-11
7.079037
7.079037
7.079104
7.079104
7.079104
3.499622e-10
4.110487e-10
7.079104
3.57941e-10
3.723805e-10
3.130457e-10
5.661261e-11
7.079104
-3.30941e-10
7.079104
-5.042777e-10
-8.318326e-10
7.079098
-2.318588e-11
7.079098
-1.572645e-10
-4.255e-10
7.079098
2.878126e-10
7.079098
2.51512e-10
-1.578292e-11
7.079104
-1.274485e-10
7.079104
-4.24548e-10
-1.016732e-09
7.079098
7.079098
7.079131
3.131757e-11
3.286651e-11
7.079131
3.239577e-11
3.194539e-11
2.573594e-11
8.745806e-12
7.079131
-1.907128e-11
7.079131
-3.486827e-11
-6.955594e-11
7.079131
-2.100745e-11
7.079131
-3.582163e-11
-5.175549e-11
7.079104
8.13174e-12
7.079104
-5.893943e-12
-4.631701e-11
7.079104
7.744809e-12
7.079104
-7.296845e-12
-4.550578e-11
7.079104
7.079104
7.079104
1.087162e-10
9.424392e-11
7.079104
1.271266e-10
1.208628e-10
1.255613e-10
1.31383e-10
7.079104
4.249901e-11
7.079104
3.512898e-11
-3.408174e-11
7.079104
4.283785e-11
7.079104
3.033785e-11
-3.707947e-11
7.079104
1.145737e-10
1.005351e-10
7.079104
1.339361e-10
1.228917e-10
1.662713e-10
1.691309e-10
7.079104
7.079104
7.079104
7.079104
7.079104
8.942212e-10
1.163625e-10
7.079104
1.297232e-09
2.286912e-10
1.162038e-09
-1.988059e-10
7.079098
9.033697e-10
1.077956e-10
7.079098
1.313723e-09
2.249562e-10
1.160866e-09
-1.842262e-10
7.079104
7.079104
7.079104
5.067963e-11
7.079104
-1.83941e-10
-1.267154e-09
7.079098
6.839563e-11
7.079098
-1.637145e-10
-1.282935e-09
7.079098
7.079098
7.079104
3.924612e-10
3.977378e-10
7.079104
3.224438e-10
3.089835e-10
4.208163e-11
2.161732e-11
7.079131
-2.947827e-10
7.079131
-4.907229e-10
-6.291906e-10
7.079131
8.06902e-11
7.079131
-1.599921e-10
-3.576599e-10
7.079104
-2.910064e-10
7.079104
-4.758791e-10
-6.237913e-10
7.079104
7.158952e-11
7.079104
-1.614057e-10
-3.42577e-10
7.079131
7.079131
7.079104
4.689219e-09
7.212443e-09
7.079104
6.440009e-09
8.426605e-09
5.002313e-09
5.956205e-09
7.079104
2.648056e-09
7.079104
1.771583e-09
-2.947081e-09
7.079104
2.380768e-09
7.079104
2.194847e-09
-2.71447e-09
7.079104
7.372414e-09
5.11643e-09
7.079104
8.514164e-09
6.10437e-09
3.936948e-09
2.750529e-09
7.079104
7.079104
7.079104
7.079104
7.079098
6.728296e-09
-5.05426e-11
7.079098
4.072897e-09
-1.343917e-10
2.397683e-09
-1.56266e-09
7.079098
6.725247e-09
-4.734726e-11
7.079098
4.068671e-09
-1.373948e-10
2.432107e-09
-1.56974e-09
7.079098
7.079098
7.079104
-1.187163e-09
7.079104
-3.237528e-09
-2.74454e-09
7.079104
-1.180919e-09
7.079104
-3.236306e-09
-2.78605e-09
7.079104
7.079104
7.079104
3.428522e-09
3.129383e-09
7.079104
1.925675e-09
1.46904e-09
6.841105e-10
-1.347815e-09
7.079104
-3.748043e-09
7.079104
-5.278161e-09
-6.943809e-09
7.079098
-3.442757e-09
7.079098
-4.577427e-09
-4.297027e-09
7.079104
-1.224203e-10
7.079104
-1.922818e-09
-2.383309e-09
7.079098
-1.285669e-10
7.079098
-2.166821e-09
-2.998128e-09
7.079098
7.079098
7.079104
8.954793e-12
4.211175e-12
7.079104
7.672605e-12
1.213016e-12
5.299295e-12
-2.133855e-12
7.079104
8.95465e-12
4.259428e-12
7.079104
7.570564e-12
1.276802e-12
4.899491e-12
-2.181585e-12
7.079104
7.079104
7.079104
-2.419554e-12
7.079104
-4.436431e-12
-6.243338e-12
7.079104
-2.371653e-12
7.079104
-4.270667e-12
-5.95761e-12
7.079104
7.079104
7.079104
7.793096e-12
6.534581e-12
7.079104
7.991103e-12
5.980181e-12
6.726415e-12
2.062836e-12
7.079098
7.357461e-12
6.098956e-12
7.079098
7.926201e-12
6.233911e-12
6.84929e-12
3.35811e-12
7.079098
2.17753e-12
7.079098
8.751034e-13
-2.138794e-12
7.079098
2.081386e-12
7.079098
5.442629e-13
-3.300573e-12
7.079104
7.079104
7.079104
7.079104
7.079098
9.632444e-12
1.476331e-11
7.079098
7.224283e-12
1.107903e-11
2.022374e-12
1.181961e-12
7.079098
-1.084191e-11
7.079098
-1.632216e-11
-2.199009e-11
7.079098
-6.770116e-13
7.079098
-4.567308e-12
-1.003304e-11
7.079104
-6.921818e-12
7.079104
-1.677196e-11
-2.880288e-11
7.079104
9.729287e-12
7.079104
8.069384e-12
2.5076e-12
7.079104
7.079104
7.079104
3.462358e-10
4.903357e-10
7.079104
3.374984e-10
4.577587e-10
1.289447e-10
1.121471e-10
7.079104
-3.389263e-10
7.079104
-5.445284e-10
-9.222385e-10
7.079104
-1.501523e-12
7.079104
-1.285041e-10
-3.854897e-10
7.079104
-1.486974e-10
7.079104
-4.680403e-10
-1.209478e-09
7.079104
3.35878e-10
7.079104
3.252345e-10
8.135731e-11
7.079104
7.079104
7.079104
1.525704e-10
1.41777e-10
7.079104
1.324166e-10
1.562773e-10
4.021597e-11
1.044921e-10
7.079098
1.155888e-10
1.765306e-10
7.079098
1.187375e-10
1.596919e-10
7.821951e-11
8.362278e-11
7.079098
3.126919e-11
7.079098
-1.620291e-12
-6.097251e-11
7.079104
7.079104
7.079104
4.051442e-11
7.079104
1.879236e-11
2.135328e-12
7.079098
7.079098
)
;

boundaryField
{
    top
    {
        type            calculated;
        value           nonuniform List<scalar> 0();
    }
    bottom
    {
        type            calculated;
        value           nonuniform List<scalar> 
1014
(
-7.079104
-7.079104
-7.079104
-7.079104
-7.079104
-7.079104
-7.079104
-7.079104
-7.079098
-7.079098
-7.079098
-7.079104
-7.079104
-7.079098
-7.079104
-7.079098
-7.079104
-7.079098
-7.079104
-7.079098
-7.079104
-7.079098
-7.079098
-7.079104
-7.079104
-7.079098
-7.079104
-7.079104
-7.079098
-7.079098
-7.079098
-7.079104
-7.079098
-7.079104
-7.079104
-7.079098
-7.079104
-7.079104
-7.079104
-7.079098
-7.079098
-7.079098
-7.079098
-7.079104
-7.079104
-7.079098
-7.079104
-7.079098
-7.079098
-7.079104
-7.079104
-7.079104
-7.079098
-7.079098
-7.079098
-7.079104
-7.079098
-7.079104
-7.079104
-7.079098
-7.079104
-7.079104
-7.079098
-7.079098
-7.079104
-7.079098
-7.079098
-7.079098
-7.079104
-7.079104
-7.079098
-7.079104
-7.079098
-7.079104
-7.079098
-7.079104
-7.079104
-7.079098
-7.079104
-7.079098
-7.079104
-7.079098
-7.079098
-7.079104
-7.079098
-7.079104
-7.079104
-7.079104
-7.079098
-7.079098
-7.079104
-7.079104
-7.079104
-7.079104
-7.079104
-7.079104
-7.079098
-7.079098
-7.079098
-7.079104
-7.079104
-7.079104
-7.079104
-7.079104
-7.079104
-7.079098
-7.079098
-7.079098
-7.079104
-7.079104
-7.079104
-7.079104
-7.079104
-7.079104
-7.079098
-7.079104
-7.079104
-7.079098
-7.079098
-7.079104
-7.079098
-7.079098
-7.079098
-7.079104
-7.079104
-7.079104
-7.079104
-7.079104
-7.079104
-7.079098
-7.079098
-7.079098
-7.079098
-7.079098
-7.079104
-7.079098
-7.079104
-7.079104
-7.079098
-7.079104
-7.079098
-7.079104
-7.079104
-7.079098
-7.079098
-7.079098
-7.079104
-7.079098
-7.079104
-7.079104
-7.079098
-7.079098
-7.079104
-7.079104
-7.079098
-7.079104
-7.079098
-7.079098
-7.079104
-7.079104
-7.079098
-7.079104
-7.079104
-7.079104
-7.079104
-7.079098
-7.079098
-7.079098
-7.079104
-7.079104
-7.079104
-7.079098
-7.079098
-7.079098
-7.079104
-7.079104
-7.079098
-7.079104
-7.079098
-7.079098
-7.079104
-7.079104
-7.079104
-7.079098
-7.079098
-7.079098
-7.079104
-7.079104
-7.079098
-7.079104
-7.079098
-7.079098
-7.079098
-7.079098
-7.079104
-7.079104
-7.079104
-7.079098
-7.079098
-7.079098
-7.079104
-7.079098
-7.079104
-7.079104
-7.079104
-7.079104
-7.079104
-7.079098
-7.079098
-7.079098
-7.079104
-7.079098
-7.079104
-7.079104
-7.079098
-7.079098
-7.079104
-7.079098
-7.079098
-7.079104
-7.079098
-7.079104
-7.079104
-7.079104
-7.079098
-7.079098
-7.079098
-7.079104
-7.079104
-7.079104
-7.079104
-7.079098
-7.079098
-7.079098
-7.079098
-7.079098
-7.079104
-7.079104
-7.079104
-7.079098
-7.079104
-7.079098
-7.079104
-7.079098
-7.079098
-7.079104
-7.079098
-7.079104
-7.079104
-7.079098
-7.079098
-7.079104
-7.079104
-7.079104
-7.079098
-7.079104
-7.079098
-7.079098
-7.079104
-7.079098
-7.079104
-7.079098
-7.079104
-7.079098
-7.079098
-7.079098
-7.079098
-7.079104
-7.079104
-7.079104
-7.079098
-7.079104
-7.079098
-7.079104
-7.079098
-7.079104
-7.079104
-7.079098
-7.079104
-7.079098
-7.079104
-7.079098
-7.079104
-7.079104
-7.079104
-7.079098
-7.079098
-7.079098
-7.079104
-7.079098
-7.079104
-7.079104
-7.079098
-7.079098
-7.079104
-7.079098
-7.079104
-7.079098
-7.079104
-7.079098
-7.079104
-7.079104
-7.079098
-7.079098
-7.079104
-7.079098
-7.079104
-7.079104
-7.079104
-7.079104
-7.079104
-7.079104
-7.079098
-7.079098
-7.079098
-7.079104
-7.079104
-7.079104
-7.079104
-7.079098
-7.079098
-7.079104
-7.079098
-7.079104
-7.079104
-7.079104
-7.079104
-7.079104
-7.079104
-7.079104
-7.079098
-7.079098
-7.079104
-7.079104
-7.079098
-7.079104
-7.079098
-7.079104
-7.079104
-7.079104
-7.079098
-7.079098
-7.079104
-7.079104
-7.079098
-7.079098
-7.079104
-7.079098
-7.079104
-7.079104
-7.079104
-7.079098
-7.079098
-7.079098
-7.079104
-7.079104
-7.079098
-7.079098
-7.079104
-7.079098
-7.079104
-7.079098
-7.079104
-7.079098
-7.079104
-7.079098
-7.079037
-7.079037
-7.079131
-7.079131
-7.079037
-7.079131
-7.079098
-7.079098
-7.079098
-7.079104
-7.079104
-7.079104
-7.079104
-7.079098
-7.079104
-7.079104
-7.079098
-7.079098
-7.079131
-7.079131
-7.079131
-7.079037
-7.079037
-7.079037
-7.079104
-7.079104
-7.079104
-7.079098
-7.079098
-7.079098
-7.079104
-7.079104
-7.079104
-7.079098
-7.079098
-7.079098
-7.079131
-7.079131
-7.079104
-7.079104
-7.079104
-7.079131
-7.079104
-7.079104
-7.079098
-7.079098
-7.079098
-7.079104
-7.079098
-7.079098
-7.079098
-7.079104
-7.079104
-7.079104
-7.079104
-7.079131
-7.079104
-7.079131
-7.079131
-7.079104
-7.079098
-7.079104
-7.079104
-7.079098
-7.079104
-7.079098
-7.079104
-7.079098
-7.079098
-7.079098
-7.079104
-7.079104
-7.079098
-7.079104
-7.079104
-7.079098
-7.079104
-7.079098
-7.079104
-7.079104
-7.079104
-7.079098
-7.079098
-7.079098
-7.079104
-7.079098
-7.079098
-7.079104
-7.079098
-7.079104
-7.079098
-7.079104
-7.079098
-7.079098
-7.079104
-7.079104
-7.079104
-7.079104
-7.079098
-7.079104
-7.079098
-7.079098
-7.079098
-7.079104
-7.079104
-7.079098
-7.079104
-7.079098
-7.079098
-7.079098
-7.079104
-7.079104
-7.079098
-7.079104
-7.079104
-7.079104
-7.079104
-7.079098
-7.079098
-7.079098
-7.079104
-7.079104
-7.079104
-7.079098
-7.079098
-7.079098
-7.079104
-7.079098
-7.079104
-7.079104
-7.079098
-7.079098
-7.079104
-7.079104
-7.079098
-7.079104
-7.079098
-7.079098
-7.079104
-7.079104
-7.079104
-7.079098
-7.079098
-7.079098
-7.079104
-7.079098
-7.079104
-7.079104
-7.079098
-7.079098
-7.079131
-7.079131
-7.079131
-7.079104
-7.079104
-7.079104
-7.079098
-7.079098
-7.079098
-7.079104
-7.079104
-7.079104
-7.079104
-7.079098
-7.079104
-7.079104
-7.079098
-7.079098
-7.079104
-7.079131
-7.079131
-7.079104
-7.079131
-7.079104
-7.079104
-7.079104
-7.079104
-7.079098
-7.079098
-7.079098
-7.079104
-7.079104
-7.079104
-7.079104
-7.079104
-7.079104
-7.079098
-7.079104
-7.079098
-7.079104
-7.079104
-7.079098
-7.079098
-7.079104
-7.079104
-7.079104
-7.079098
-7.079098
-7.079104
-7.079104
-7.079104
-7.079104
-7.079104
-7.079104
-7.079104
-7.079098
-7.079098
-7.079104
-7.079104
-7.079098
-7.079098
-7.079104
-7.079104
-7.079098
-7.079098
-7.079104
-7.079037
-7.079037
-7.079037
-7.079104
-7.079104
-7.079104
-7.079104
-7.079104
-7.079104
-7.079098
-7.079098
-7.079098
-7.079098
-7.079104
-7.079104
-7.079098
-7.079104
-7.079098
-7.079037
-7.079104
-7.079037
-7.079037
-7.079104
-7.079104
-7.079104
-7.079104
-7.079098
-7.079104
-7.079098
-7.079098
-7.079098
-7.079104
-7.079104
-7.079098
-7.079104
-7.079098
-7.079037
-7.079037
-7.079037
-7.079131
-7.079131
-7.079131
-7.079104
-7.079104
-7.079104
-7.079098
-7.079098
-7.079098
-7.079104
-7.079098
-7.079104
-7.079098
-7.079098
-7.079104
-7.079131
-7.079131
-7.079131
-7.079037
-7.079037
-7.079037
-7.079104
-7.079104
-7.079104
-7.079098
-7.079098
-7.079098
-7.079098
-7.079104
-7.079098
-7.079104
-7.079104
-7.079098
-7.079104
-7.079131
-7.079131
-7.079104
-7.079104
-7.079131
-7.079131
-7.079131
-7.079104
-7.079104
-7.079131
-7.079104
-7.079104
-7.079104
-7.079104
-7.079104
-7.079104
-7.079104
-7.079131
-7.079131
-7.079104
-7.079131
-7.079104
-7.079104
-7.079131
-7.079104
-7.079104
-7.079104
-7.079131
-7.079131
-7.079104
-7.079104
-7.079104
-7.079104
-7.079104
-7.079104
-7.079098
-7.079098
-7.079104
-7.079098
-7.079104
-7.079104
-7.079037
-7.079131
-7.079037
-7.079037
-7.079131
-7.079131
-7.079098
-7.079104
-7.079098
-7.079104
-7.079104
-7.079098
-7.079098
-7.079098
-7.079098
-7.079104
-7.079104
-7.079104
-7.079037
-7.079131
-7.079037
-7.079131
-7.079131
-7.079037
-7.079104
-7.079098
-7.079104
-7.079098
-7.079098
-7.079104
-7.079098
-7.079098
-7.079104
-7.079104
-7.079104
-7.079098
-7.079104
-7.079037
-7.079037
-7.079037
-7.079104
-7.079104
-7.079104
-7.079098
-7.079104
-7.079098
-7.079104
-7.079098
-7.079098
-7.079098
-7.079104
-7.079104
-7.079098
-7.079104
-7.079037
-7.079037
-7.079037
-7.079104
-7.079104
-7.079104
-7.079104
-7.079104
-7.079104
-7.079098
-7.079098
-7.079098
-7.079104
-7.079104
-7.079104
-7.079104
-7.079104
-7.079104
-7.079098
-7.079098
-7.079104
-7.079098
-7.079104
-7.079104
-7.079098
-7.079098
-7.079098
-7.079104
-7.079104
-7.079104
-7.079104
-7.079104
-7.079104
-7.079104
-7.079104
-7.079104
-7.079098
-7.079104
-7.079098
-7.079098
-7.079104
-7.079104
-7.079098
-7.079104
-7.079098
-7.079104
-7.079104
-7.079098
-7.079104
-7.079104
-7.079104
-7.079104
-7.079104
-7.079104
-7.079104
-7.079098
-7.079104
-7.079098
-7.079104
-7.079098
-7.079104
-7.079104
-7.079104
-7.079098
-7.079098
-7.079098
-7.079104
-7.079104
-7.079104
-7.079104
-7.079104
-7.079104
-7.079098
-7.079104
-7.079104
-7.079098
-7.079104
-7.079098
-7.079098
-7.079098
-7.079098
-7.079104
-7.079104
-7.079104
-7.079104
-7.079104
-7.079104
-7.079104
-7.079104
-7.079104
-7.079131
-7.079131
-7.079131
-7.079104
-7.079104
-7.079104
-7.079098
-7.079098
-7.079098
-7.079104
-7.079104
-7.079104
-7.079104
-7.079104
-7.079104
-7.079104
-7.079104
-7.079104
-7.079131
-7.079104
-7.079131
-7.079104
-7.079104
-7.079131
-7.079098
-7.079104
-7.079098
-7.079098
-7.079104
-7.079104
-7.079104
-7.079037
-7.079104
-7.079037
-7.079104
-7.079037
-7.079037
-7.079037
-7.079131
-7.079037
-7.079131
-7.079131
-7.079098
-7.079098
-7.079104
-7.079098
-7.079104
-7.079104
-7.079104
-7.079037
-7.079037
-7.079104
-7.079104
-7.079037
-7.079131
-7.079131
-7.079131
-7.079037
-7.079037
-7.079037
-7.079098
-7.079098
-7.079104
-7.079098
-7.079104
-7.079104
-7.079037
-7.079131
-7.079131
-7.079037
-7.079037
-7.079131
-7.079104
-7.079104
-7.079037
-7.079104
-7.079037
-7.079037
-7.079104
-7.079104
-7.079104
-7.079098
-7.079098
-7.079098
-7.079131
-7.079037
-7.079037
-7.079131
-7.079131
-7.079037
-7.079037
-7.079104
-7.079104
-7.079037
-7.079037
-7.079104
-7.079104
-7.079104
-7.079098
-7.079098
-7.079104
-7.079098
-7.079131
-7.079131
-7.079131
-7.079104
-7.079104
-7.079104
-7.079104
-7.079104
-7.079104
-7.079104
-7.079104
-7.079104
-7.079104
-7.079098
-7.079104
-7.079104
-7.079098
-7.079098
-7.079104
-7.079131
-7.079131
-7.079104
-7.079104
-7.079131
-7.079104
-7.079104
-7.079104
-7.079104
-7.079104
-7.079104
-7.079098
-7.079098
-7.079098
-7.079104
-7.079104
-7.079104
-7.079104
-7.079104
-7.079098
-7.079104
-7.079098
-7.079098
-7.079104
-7.079104
-7.079104
-7.079104
-7.079104
-7.079104
-7.079104
-7.079098
-7.079098
-7.079098
-7.079104
-7.079104
-7.079098
-7.079098
-7.079098
-7.079104
-7.079104
-7.079104
-7.079104
-7.079104
-7.079104
-7.079104
-7.079104
-7.079104
-7.079104
-7.079098
-7.079098
-7.079104
-7.079104
-7.079098
)
;
    }
    walls
    {
        type            calculated;
        value           nonuniform List<scalar> 
508
(
0
0
0
-5.672142e-27
-7.089245e-27
8.438187e-27
1.198122e-26
-1.700397e-25
3.896861e-26
-2.643711e-26
3.763939e-26
1.151752e-24
0
0
0
-7.891915e-26
-4.966273e-25
5.858182e-25
0
0
0
-9.548056e-29
2.864417e-28
1.909611e-28
2.55252e-28
3.88356e-29
1.524985e-28
0
0
-1.078914e-25
-6.707313e-25
-6.8205e-25
-1.026228e-25
0
0
-6.995536e-28
1.442791e-27
6.629978e-27
1.389969e-27
0
0
0
1.972084e-29
-7.589958e-29
-6.713477e-29
0
4.774028e-29
2.387014e-29
0
0
0
3.819222e-28
-9.548056e-29
9.548056e-29
0
0
0
3.055378e-27
-7.638444e-28
0
0
-3.819222e-28
-3.819222e-28
5.728833e-28
-1.909611e-28
-2.864417e-28
0
0
6.110756e-27
0
0
0
-7.638444e-28
1.145767e-27
-6.110756e-27
9.166133e-27
1.222151e-26
0
1.222151e-26
0
0
0
0
-1.527689e-27
-4.583067e-27
-3.055378e-27
0
0
0
-1.909611e-27
7.638444e-28
7.638444e-28
0
1.527689e-27
7.638444e-28
0
-1.527689e-27
-7.638444e-28
0
0
-1.222151e-26
0
0
0
5.377465e-25
0
3.055378e-27
3.055378e-27
1.527689e-27
6.110756e-27
-4.583067e-27
7.638444e-28
-8.555738e-26
-5.581524e-26
-1.148158e-26
0
0
0
0
0
0
-1.344187e-25
-1.115698e-25
-2.347458e-25
1.909611e-28
1.909611e-28
1.909611e-28
0
-2.864417e-28
-9.548056e-29
0
0
-2.604036e-27
3.789385e-28
3.471893e-28
-6.792733e-29
0
0
2.444302e-26
0
2.444302e-26
1.222151e-26
-2.444302e-26
-2.444302e-26
0
0
0
5.605758e-26
-6.709094e-26
-1.112162e-25
0
0
0
-9.608663e-29
2.114279e-28
6.108331e-28
0
2.291533e-27
7.638444e-28
-3.819222e-28
1.145767e-27
0
4.168667e-25
-8.931348e-27
0
0
0
0
-6.510674e-28
-1.914702e-26
0
9.777209e-26
2.444302e-26
0
0
0
0
-6.110756e-27
-6.110756e-27
-3.055378e-27
2.444302e-26
4.888604e-26
1.222151e-26
0
0
0
1.955442e-25
0
0
1.649904e-25
2.444302e-26
9.777209e-26
0
0
0
-7.332907e-26
-2.138764e-26
-1.833227e-26
0
0
-7.821767e-25
-3.910884e-25
-1.955442e-25
0
-1.955442e-25
-2.444302e-26
2.810948e-25
4.888604e-26
-7.332907e-26
0
0
0
0
0
0
-8.354549e-29
1.074156e-27
2.864417e-28
4.774028e-29
-2.387014e-28
-2.864417e-28
-3.580521e-28
5.848184e-28
7.638444e-28
9.548056e-28
5.728833e-28
1.432208e-28
0
0
0
0
0
0
0
1.222151e-26
6.110756e-27
-6.110756e-27
1.222151e-26
0
0
0
-2.888399e-26
-6.293353e-26
4.238022e-27
-5.674137e-26
-3.504934e-26
-6.236423e-26
5.084414e-25
4.668489e-25
-3.647648e-25
0
0
0
-1.896634e-24
-2.399162e-24
-4.929825e-25
0
0
0
0
0
0
6.531653e-29
4.58288e-28
7.741944e-28
0
0
0
-3.062519e-25
-4.243334e-25
-3.714417e-26
-2.69307e-25
-1.908681e-24
4.604792e-26
2.474895e-27
-3.091463e-27
1.396669e-26
0
0
0
3.621641e-26
2.677759e-26
1.52761e-26
4.774028e-29
-4.774028e-29
-9.548056e-29
0
0
0
-1.5441e-28
-1.489086e-28
-1.573005e-28
0
0
0
1.909611e-28
1.909611e-28
0
0
0
0
4.559197e-27
4.511456e-27
2.506365e-28
-9.548056e-29
-3.819222e-28
-3.819222e-28
-1.193507e-29
4.774028e-29
-2.864417e-28
0
0
0
1.909611e-27
3.819222e-27
-1.432208e-28
0
0
0
-2.291533e-27
-3.055378e-27
0
0
-3.055378e-27
0
0
1.222151e-26
2.444302e-26
9.548056e-28
-9.548056e-29
2.005092e-27
0
0
0
0
0
0
2.291533e-27
-1.145767e-27
0
-7.638444e-28
-7.638444e-28
2.864417e-28
-1.527689e-27
0
-3.819222e-28
0
0
0
0
-3.055378e-27
-2.444302e-26
7.821767e-25
-9.777209e-26
4.888604e-26
0
0
0
0
0
1.909611e-27
-7.638444e-27
-1.527689e-27
0
-3.525531e-26
-3.657647e-26
-1.013176e-27
0
0
0
0
0
0
4.49016e-26
-8.187938e-26
-7.195555e-26
3.819222e-28
0
2.387014e-28
-9.548056e-29
0
0
0
0
0
-4.617846e-28
-1.699302e-27
2.667068e-27
-9.356908e-29
-1.738977e-29
-7.711174e-29
0
0
0
0
0
1.222151e-26
1.222151e-26
2.444302e-26
-6.110756e-27
0
0
0
-7.540936e-25
-4.522342e-25
-1.030286e-25
0
0
0
-1.282088e-29
-1.062967e-29
7.473405e-29
-1.909611e-28
-1.909611e-28
-2.291533e-27
3.819222e-28
1.527689e-27
-3.055378e-27
5.233575e-26
-6.074225e-25
2.639843e-25
0
0
0
-1.905881e-27
4.739854e-27
3.256782e-27
0
0
0
1.222151e-26
4.888604e-26
0
-1.222151e-26
2.444302e-26
-4.888604e-26
0
0
0
7.638444e-28
9.548056e-28
-1.527689e-27
0
0
0
6.110756e-27
6.110756e-27
-1.222151e-26
0
4.888604e-26
0
1.550604e-25
1.848504e-25
-1.236473e-26
9.166133e-27
-6.110756e-27
0
0
0
0
0
0
0
7.821767e-25
0
-5.866325e-25
1.955442e-25
-1.955442e-25
0
4.888604e-26
0
-1.955442e-25
-4.033099e-25
-2.199872e-25
0
0
0
0
0
0
0
-2.575947e-28
3.520845e-28
7.041691e-28
-3.819222e-28
0
3.819222e-28
3.819222e-28
0
0
-3.819222e-28
-7.638444e-28
-3.819222e-28
0
0
0
0
0
0
0
0
-9.777209e-26
0
0
6.110756e-27
-6.110756e-27
0
3.055378e-27
)
;
    }
    baffle0
    {
        type            calculated;
        value           nonuniform List<scalar> 
2658
(
9.777209e-26
-4.888604e-26
0
0
0
0
4.888604e-26
1.222151e-26
-4.888604e-26
0
0
0
2.902609e-25
-1.833227e-25
-3.055378e-26
-4.888604e-26
9.777209e-26
9.777209e-26
-3.910884e-25
1.955442e-25
4.888604e-26
7.821767e-25
-5.866325e-25
0
2.444302e-26
4.277529e-26
-1.222151e-26
-9.777209e-26
2.933163e-25
-4.888604e-26
0
0
0
1.908585e-27
1.430343e-28
1.203297e-28
0
0
0
0
0
0
-6.124089e-24
1.114522e-24
-2.6372e-25
0
5.866325e-25
2.444302e-25
-5.021121e-29
-3.759547e-28
1.98607e-28
1.09171e-24
-3.470814e-25
-3.599085e-26
0
0
0
-2.444302e-25
2.933163e-25
1.955442e-25
-4.888604e-26
1.955442e-25
9.777209e-26
0
0
0
0
4.888604e-26
-9.777209e-26
0
0
0
0
0
0
5.75261e-28
-8.396508e-29
-1.014015e-28
-4.059313e-26
-1.070711e-26
2.295776e-27
2.509916e-24
-4.214759e-25
-7.080985e-25
1.360878e-28
1.680234e-28
2.340859e-28
0
0
0
-9.777209e-26
2.933163e-25
-1.955442e-25
2.968103e-27
-6.59966e-26
5.527849e-27
0
0
0
-2.227942e-27
-2.386884e-24
-2.256894e-24
2.688732e-25
-9.777209e-26
-4.888604e-26
3.910884e-25
1.955442e-25
0
-4.774517e-26
-3.546772e-26
-3.594237e-26
0
0
0
-6.110756e-27
0
0
0
0
0
-1.276444e-25
2.779846e-26
-4.553877e-26
0
0
0
0
0
0
-3.055378e-27
-1.527689e-27
0
-2.444302e-26
1.222151e-26
0
4.601152e-25
5.168595e-25
1.093677e-24
-1.628783e-26
-9.015034e-27
2.148279e-25
5.866325e-25
-1.955442e-25
1.955442e-25
0
9.777209e-26
-4.888604e-26
0
0
0
0
0
0
0
0
0
9.598407e-27
-3.120485e-26
-3.830276e-26
-7.332907e-26
-3.666453e-26
1.222151e-26
3.666453e-26
6.110756e-27
-2.444302e-26
1.595412e-25
9.770057e-26
-6.285353e-26
2.444302e-26
2.444302e-26
0
0
0
0
0
0
0
-4.888604e-26
-4.888604e-26
0
5.39957e-26
-2.30669e-26
-1.868225e-26
0
0
0
5.555383e-25
-1.160049e-24
3.414991e-24
0
0
0
1.604073e-26
0
0
-3.055378e-27
0
-7.638444e-28
1.224557e-27
9.846432e-29
-2.392608e-28
0
0
0
2.515796e-26
6.196138e-26
-1.240107e-25
0
0
0
5.49968e-26
0
-9.777209e-26
0
9.777209e-26
4.888604e-26
0
0
0
0
0
0
1.85767e-24
-1.759898e-24
-8.799488e-25
6.721831e-26
-1.008275e-25
-3.055378e-27
3.910884e-25
3.910884e-25
0
0
0
0
0
0
0
1.413109e-25
9.779308e-25
4.754119e-25
-3.128707e-24
3.128707e-24
0
-1.728995e-26
-1.007365e-25
-2.674668e-26
0
0
0
1.527689e-27
-1.527689e-27
-1.527689e-27
-3.195836e-25
2.056805e-25
1.535657e-25
4.34272e-26
-1.037563e-26
-5.643982e-27
0
0
0
0
0
1.527689e-27
3.819222e-27
3.910884e-25
7.821767e-25
-3.910884e-25
1.466581e-25
-9.777209e-26
0
2.444302e-25
-1.955442e-25
-4.624066e-26
-4.948406e-26
-4.173843e-26
0
0
7.732153e-28
-1.428385e-27
-1.955442e-25
-1.955442e-25
-3.910884e-25
0
0
0
0
0
0
1.658829e-25
-1.745271e-26
-2.996623e-25
9.636949e-26
-1.072758e-26
8.732601e-27
3.666453e-26
-9.166133e-27
1.222151e-26
0
0
0
-4.277529e-26
4.888604e-26
2.444302e-26
0
0
0
-5.719555e-25
-7.183159e-26
-6.135041e-26
-1.222151e-26
-3.666453e-26
-1.222151e-26
0
0
0
0
-9.777209e-26
-6.355186e-25
-2.001723e-29
2.136492e-27
-1.753476e-27
6.271786e-27
-6.096536e-27
-3.296923e-27
-2.036468e-26
1.488527e-27
5.339358e-27
0
7.638444e-28
0
1.538505e-29
2.680728e-29
7.841714e-29
0
0
0
0
0
-1.909611e-28
-9.548056e-28
-7.332907e-26
9.777209e-26
0
-1.47153e-25
-3.809829e-25
2.538058e-26
-1.438371e-26
1.218198e-26
-1.926142e-26
-1.492047e-26
-4.100256e-27
-8.581823e-26
0
0
0
1.183959e-26
7.027369e-26
6.110756e-26
0
0
0
1.843875e-27
-2.613594e-28
-1.374631e-27
-3.362799e-28
-6.179382e-27
-9.370335e-27
-2.08607e-24
1.921131e-25
-4.460853e-25
0
0
0
0
8.310628e-25
0
6.261045e-25
-4.09819e-26
0
0
-1.468023e-25
3.226414e-25
-5.562265e-26
-1.287435e-26
-1.580273e-26
1.590079e-25
0
0
0
-2.050408e-27
-4.887318e-28
7.066773e-27
1.336728e-27
-2.482494e-27
-1.909611e-27
-7.244901e-25
7.084078e-25
7.487881e-26
2.67498e-26
7.439105e-26
4.704837e-26
0
0
0
-5.111562e-26
4.385998e-27
9.772771e-28
0
0
0
6.738652e-28
3.936568e-27
3.199857e-27
2.467105e-26
1.159464e-25
1.128699e-25
-5.280802e-28
1.688584e-25
1.951771e-26
0
0
0
0
0
0
1.180033e-25
3.321735e-26
4.842841e-27
1.531279e-25
1.178559e-24
2.88652e-25
2.032294e-25
-1.545378e-25
0
0
-7.382298e-25
4.588508e-25
-1.833227e-26
2.444302e-26
-1.307383e-25
6.147074e-27
0
0
-2.347852e-28
-1.000634e-27
0
0
-9.301522e-27
-1.605183e-26
-4.236377e-23
4.399755e-24
2.734528e-24
1.238037e-23
9.946565e-24
0
0
0
-3.85727e-26
-1.53266e-25
-1.278507e-25
-1.124041e-28
3.26592e-27
1.264045e-26
0
0
0
0
0
0
1.173265e-24
-2.933163e-25
7.821767e-25
0
0
-3.910884e-25
3.805842e-27
-5.796434e-28
-8.755959e-28
-7.638444e-28
0
0
0
0
0
0
0
0
1.081294e-26
1.324778e-25
7.695654e-26
3.575859e-29
8.671574e-30
-1.212155e-30
0
0
9.548056e-29
-2.387014e-28
-4.774028e-29
3.910884e-25
0
0
1.466581e-25
5.978304e-27
-1.699493e-26
0
0
2.105188e-26
-1.140648e-26
-7.999061e-27
0
0
0
1.189525e-26
-1.689885e-27
-3.32401e-27
0
0
0
4.888604e-26
0
9.777209e-26
3.055378e-27
0
1.527689e-27
0
0
0
0
3.055378e-27
-3.055378e-27
9.548056e-29
-8.402289e-27
-1.03119e-26
8.578331e-30
1.016346e-29
5.874292e-30
-7.775391e-25
-2.722415e-25
8.371034e-26
0
0
0
-7.821767e-25
-3.910884e-25
0
0
0
0
1.909611e-28
3.103118e-28
-7.638444e-28
4.888604e-26
-4.888604e-26
0
0
-1.222151e-26
0
7.515271e-27
-2.977101e-27
-3.5263e-27
0
0
0
8.629615e-29
-2.77164e-28
-2.107286e-29
2.854755e-25
-1.222983e-25
-8.541785e-26
0
0
0
5.14974e-26
-1.825166e-26
-3.829768e-26
0
0
0
-5.518422e-26
9.231963e-28
2.364123e-27
2.109303e-25
2.032664e-25
-1.002439e-25
-5.633726e-28
1.041521e-28
4.130653e-29
0
0
0
0
0
-1.570912e-26
3.490402e-27
-3.366063e-29
-1.998658e-28
-4.001046e-28
2.44854e-26
-3.942116e-27
0
0
0
1.833227e-26
3.055378e-27
1.222151e-26
4.888604e-26
2.444302e-26
-5.881602e-26
-1.76639e-27
-3.723742e-27
-7.638444e-28
0
-1.527689e-27
0
-5.469619e-28
1.073783e-27
6.241202e-28
-7.61933e-27
-1.377475e-26
-1.422241e-26
0
0
0
-2.260996e-27
2.644783e-27
1.147818e-28
0
0
0
2.034556e-28
3.83181e-28
2.957193e-28
-1.002639e-27
-1.094203e-28
-6.48037e-30
0
0
0
0
0
0
3.150625e-27
8.890694e-29
3.703834e-27
7.821767e-25
9.777209e-26
1.955442e-25
0
0
-2.74984e-26
3.819222e-28
-3.819222e-28
0
0
0
0
-9.510758e-29
-3.264428e-28
6.556596e-27
3.320374e-28
9.215645e-27
2.220417e-26
0
0
8.625885e-28
-1.936041e-26
-4.589207e-26
0
0
0
0
0
0
1.371643e-26
-1.012103e-27
1.077667e-26
-1.307768e-25
-6.345368e-26
-3.287014e-25
0
0
0
4.888604e-26
-1.099936e-25
-1.466581e-25
7.638444e-28
-7.638444e-28
-3.819222e-27
-1.65366e-27
-1.928027e-27
-5.663097e-28
3.021064e-29
1.643403e-28
-1.799118e-28
0
0
0
-3.127827e-28
3.214543e-28
1.984205e-28
-1.341129e-26
6.288476e-27
1.957328e-26
0
0
0
0
9.777209e-26
-3.819222e-28
3.058362e-28
0
0
0
0
2.183279e-28
-3.744162e-28
7.334627e-26
1.708524e-26
-2.889326e-26
-1.116652e-26
8.579637e-27
1.414026e-28
-1.077793e-26
-8.536512e-27
0
0
0
-2.400068e-27
-3.821274e-27
1.229872e-27
6.844046e-25
6.012983e-24
5.478292e-24
0
0
0
-4.366007e-26
-2.346873e-26
2.868697e-26
0
0
0
-1.135409e-25
3.647749e-27
-9.520083e-27
3.626163e-27
3.687027e-26
5.527023e-26
2.816378e-26
-4.745309e-27
-9.589922e-27
-7.386941e-26
-5.610286e-26
1.219763e-26
0
0
2.786093e-28
-2.265332e-28
8.093469e-29
7.821767e-25
3.910884e-25
1.341283e-26
3.583318e-28
-1.427422e-25
-5.86756e-26
0
0
-6.032439e-29
2.417453e-29
-2.182937e-29
7.934956e-29
-6.046791e-29
-2.344588e-28
1.409741e-26
2.973278e-27
-3.294732e-28
0
0
0
-1.913419e-25
5.799833e-26
1.127866e-25
1.909611e-28
-3.819222e-28
-3.819222e-28
-1.145767e-27
2.291533e-27
0
0
0
0
-1.527689e-27
4.201144e-27
3.914703e-27
-2.173474e-26
-2.16159e-26
-2.214739e-26
4.630434e-28
1.992597e-28
-5.095715e-29
0
0
0
0
0
0
3.055378e-27
0
0
-1.440134e-28
-5.780117e-28
-8.088807e-29
-7.821767e-25
1.955442e-25
0
0
-1.527689e-27
1.756842e-26
-8.204428e-28
4.195457e-28
-3.669101e-29
3.573346e-26
-3.044095e-27
0
0
-1.353776e-25
2.627179e-26
-9.48583e-26
0
0
0
0
-5.866325e-25
-2.34653e-24
0
0
0
-2.657791e-27
-4.390334e-28
-4.032748e-29
5.730092e-27
-8.05496e-27
-2.648047e-27
-4.882189e-28
3.234124e-28
5.557733e-28
0
0
0
-3.910884e-25
2.933163e-25
0
0
2.48221e-26
5.44034e-27
-1.702612e-28
2.331068e-30
1.94178e-28
-5.445375e-29
5.30691e-28
0
0
0
3.151091e-27
3.61875e-28
1.456638e-27
3.97214e-28
5.027648e-28
2.628186e-27
-4.754913e-28
-4.767967e-28
-3.510123e-28
-7.002319e-26
4.456834e-25
-5.122398e-25
0
0
0
-1.253182e-28
0
-7.638444e-28
0
0
0
-3.318509e-28
-2.073252e-28
-2.475594e-29
-1.909611e-28
1.909611e-28
9.548056e-29
0
0
0
-2.718958e-28
-2.939011e-28
1.246655e-28
-2.332001e-28
-5.986183e-29
2.305893e-28
0
0
0
0
0
2.041913e-26
-2.30869e-28
1.644802e-28
3.855587e-29
-6.357756e-28
-1.593192e-27
-2.661838e-26
1.366971e-26
-1.222151e-26
-6.110756e-27
5.689485e-27
-1.638228e-27
0
0
0
0
-9.423577e-28
1.006649e-27
1.833227e-26
-1.222151e-26
-1.222151e-26
-4.923216e-29
2.265798e-29
6.573612e-29
0
0
0
0
0
0
2.162035e-25
-1.204118e-25
-2.005422e-25
4.289539e-27
4.678594e-27
1.033596e-28
-1.527689e-27
1.527689e-27
0
0
0
0
-1.85581e-27
-1.212575e-27
-1.340411e-27
-4.888604e-26
0
-1.222151e-26
0
0
0
7.638444e-28
-7.638444e-28
0
9.548056e-29
-1.342695e-29
-1.909611e-28
0
0
0
0
0
0
0
2.669539e-28
-1.707741e-28
-2.933163e-25
-1.955442e-25
0
0
2.940643e-27
7.07386e-28
0
-1.222151e-26
-2.444302e-26
3.055378e-27
0
-2.291533e-27
0
0
0
4.888604e-26
7.332907e-26
-1.222151e-26
0
0
0
-5.235226e-24
2.529518e-24
-3.829687e-24
5.724171e-28
2.321231e-27
2.22617e-27
0
0
0
-8.219347e-29
1.430343e-28
1.756553e-27
0
-7.638444e-28
0
1.909611e-28
-1.909611e-28
0
0
0
0
0
0
0
7.638444e-28
-3.251704e-25
1.723839e-25
1.31627e-26
3.286154e-26
1.34735e-25
-1.290811e-25
0
0
0
0
0
3.055378e-27
6.110756e-27
1.527689e-27
0
2.444302e-26
0
2.000057e-29
2.265332e-28
4.891514e-28
0
0
0
-1.393252e-24
9.777209e-26
2.444302e-26
0
0
0
1.05378e-24
-1.331069e-25
8.923419e-25
9.777209e-26
-9.777209e-26
0
0
0
0
-1.909611e-28
0
9.548056e-29
0
1.527689e-27
1.527689e-27
0
0
-1.955442e-24
4.644174e-25
-2.208454e-28
-1.319198e-27
-8.081347e-28
0
0
-4.001249e-25
1.664648e-25
7.638444e-28
0
0
0
-2.444302e-26
-1.222151e-26
-1.222151e-26
-2.444302e-26
-2.444302e-26
7.821767e-25
0
3.910884e-25
-8.507e-28
1.473282e-27
5.738158e-28
0
0
0
-2.820593e-29
3.079807e-28
1.608297e-27
-1.909611e-28
-1.909611e-28
-1.909611e-28
0
0
0
0
0
0
2.444302e-26
-1.955442e-25
0
-1.527689e-27
9.548056e-28
7.638444e-28
0
0
0
8.59325e-28
-2.864417e-28
-1.67091e-28
-9.423054e-26
-7.234377e-26
-1.318541e-26
0
0
-6.110756e-27
0
1.635944e-28
-6.265911e-29
-9.777209e-26
-1.756842e-25
4.888604e-26
-2.444302e-26
0
0
5.621895e-25
-7.332907e-26
-2.444302e-26
0
0
0
0
0
0
0
6.110756e-27
-1.222151e-26
9.548056e-29
-1.193507e-29
9.548056e-29
-9.471671e-26
7.332907e-26
9.777209e-26
0
0
0
6.683639e-28
1.909611e-28
0
-3.910884e-25
0
0
0
6.110756e-27
-6.110756e-27
1.955442e-25
9.777209e-26
-9.548056e-29
9.548056e-29
1.909611e-28
0
-1.909611e-28
-6.683639e-28
2.180015e-28
-3.889154e-28
-1.828956e-28
0
0
0
-7.638444e-28
7.638444e-28
-3.055378e-27
0
0
0
0
6.110756e-27
4.888604e-26
-4.888604e-26
3.021717e-27
2.021176e-27
0
0
0
0
0
3.910884e-25
-4.888604e-26
0
1.527689e-27
-1.527689e-27
-1.527689e-27
7.818403e-29
2.921854e-27
4.353456e-27
0
0
0
-3.055378e-27
0
-1.471324e-26
2.556487e-25
0
0
0
0
-9.777209e-26
-2.444302e-26
-1.466581e-25
0
-1.955442e-25
0
0
0
4.415976e-28
1.050286e-27
4.057924e-28
-7.161042e-29
0
0
0
-4.211817e-25
-4.565438e-25
1.550269e-25
-1.864855e-29
6.303209e-29
8.447791e-29
3.355648e-28
1.728937e-28
-5.74956e-28
9.334527e-25
-2.748412e-25
-4.671974e-27
-2.20286e-27
-6.425587e-27
-6.997339e-27
9.166133e-27
-3.055378e-27
9.166133e-27
-3.055378e-27
-2.444302e-26
0
0
0
0
1.329089e-25
-3.208147e-26
4.277529e-26
3.910884e-25
-3.910884e-25
0
0
-5.303936e-25
-2.684938e-25
1.610527e-25
3.819222e-28
-3.819222e-28
-3.819222e-28
0
0
0
-8.298603e-29
-1.96537e-27
-1.979357e-27
-3.666453e-26
0
0
0
-2.933163e-25
-1.466581e-25
-4.888604e-26
0
0
0
0
-9.777209e-26
-4.888604e-26
0
0
0
-4.888604e-26
-7.332907e-26
-3.360916e-26
6.416293e-26
6.339909e-26
4.277529e-26
2.199872e-25
3.910884e-25
3.910884e-25
-7.821767e-25
-5.866325e-25
-3.910884e-25
-1.222151e-26
-2.444302e-26
-4.888604e-26
-9.777209e-26
-1.466581e-25
0
0
0
0
-2.290554e-27
-7.016982e-28
1.205162e-28
5.495117e-25
-1.008504e-26
-2.65676e-26
0
0
0
0
0
0
-1.222151e-25
-7.332907e-26
9.777209e-26
9.321476e-28
6.946583e-30
-1.63641e-29
-4.347709e-25
1.717443e-25
1.247308e-25
0
0
0
4.888604e-26
1.099936e-25
1.955442e-25
0
0
0
-4.888604e-26
1.222151e-25
9.777209e-26
8.555058e-26
5.675126e-26
-8.173136e-26
0
0
0
-3.813628e-28
-7.948943e-29
-1.291412e-29
7.774998e-27
-1.033316e-27
-2.617696e-27
0
0
0
2.708235e-28
-1.389317e-28
3.496602e-30
-1.326915e-24
-1.218138e-25
2.140035e-25
0
0
0
-1.222151e-25
-1.955442e-25
0
8.909017e-27
-1.192337e-26
4.498962e-28
0
0
0
-9.232749e-25
-3.441984e-25
-2.02619e-24
1.466581e-25
1.222151e-25
-4.888604e-26
0
0
0
-9.269493e-27
1.867862e-26
-8.927176e-26
1.955442e-25
1.466581e-25
4.888604e-26
0
0
0
3.055378e-27
6.110756e-27
0
6.552917e-26
-6.694287e-26
6.183648e-26
0
0
0
7.943982e-26
7.332907e-26
0
0
0
0
7.638444e-28
-7.638444e-28
0
8.556265e-26
-3.325968e-28
1.790475e-26
6.179867e-26
3.318374e-26
-4.956145e-26
-2.444302e-26
0
1.955442e-25
1.630808e-25
2.933163e-25
0
0
0
0
0
0
0
-5.092032e-26
-2.485693e-26
-5.426405e-26
0
0
0
-3.055378e-27
0
-4.888604e-26
-1.37492e-26
-2.788032e-26
-7.638444e-27
-1.476599e-25
2.574022e-25
-3.680063e-25
0
0
0
0
0
0
-1.527689e-26
0
2.444302e-26
0
-4.888604e-26
-1.955442e-25
-6.92952e-27
1.575229e-26
3.935916e-26
0
0
0
-4.970773e-25
-1.388616e-24
-7.36143e-25
0
0
0
-9.166133e-27
-1.222151e-26
3.055378e-27
3.055378e-27
1.527689e-27
-1.527689e-27
4.214571e-29
-1.129169e-28
-1.60937e-28
0
0
0
4.821899e-26
-1.12802e-25
-3.299211e-25
0
0
0
-9.777209e-26
-8.555058e-26
2.444302e-26
1.161044e-25
1.466581e-25
-1.466581e-25
-7.638444e-28
3.819222e-28
0
0
0
0
7.821767e-25
5.377465e-25
-3.910884e-25
1.756842e-26
1.756842e-26
-2.138764e-26
7.821767e-25
3.910884e-25
3.910884e-25
-7.821767e-25
0
0
-2.043848e-26
-3.239388e-26
-2.547858e-28
0
0
0
0
0
0
-1.351885e-24
2.793646e-25
1.999616e-25
0
0
0
-3.711802e-26
-2.769929e-26
-8.754234e-27
4.781571e-26
-2.845666e-26
-1.043667e-25
7.638444e-28
0
-1.527689e-27
0
0
0
-9.777209e-26
0
0
0
0
0
4.888604e-26
4.888604e-26
-9.777209e-26
4.399744e-25
-9.777209e-26
4.888604e-26
6.110756e-27
3.4373e-27
3.819222e-28
0
0
0
-4.888604e-26
0
0
-2.526258e-26
5.916717e-27
1.95254e-26
0
0
0
-5.100377e-28
-1.340178e-27
4.251402e-28
0
0
0
-1.899434e-26
2.065965e-26
-1.755624e-25
-8.345495e-26
-6.312687e-26
-1.80392e-26
3.938573e-28
-1.909611e-27
-3.055378e-27
0
0
0
0
0
0
1.37492e-26
0
-9.166133e-27
4.17041e-25
7.477057e-25
1.095602e-25
0
0
3.055378e-27
0
0
0
-3.910884e-25
0
-5.866325e-25
7.235925e-29
-7.440775e-28
2.182175e-27
4.228558e-28
-5.881285e-28
-5.685662e-27
-1.093663e-26
-8.224009e-29
1.709298e-26
0
-1.527689e-27
-1.527689e-27
1.235932e-28
9.375557e-29
6.289222e-29
0
0
0
0
0
0
4.774028e-29
-4.774028e-29
-5.728833e-28
-2.444302e-26
2.444302e-26
-2.253341e-26
-6.632416e-27
-9.134541e-27
4.673808e-27
-3.736837e-25
-3.128279e-25
-9.737198e-27
-2.411285e-26
1.025647e-26
-1.818616e-26
0
0
0
-6.110756e-27
-4.888604e-26
-9.777209e-26
0
0
0
-2.321744e-29
4.923216e-29
-5.499456e-28
2.591883e-25
-8.762043e-26
5.122721e-25
-2.921761e-28
-5.08364e-27
-4.412712e-28
0
2.444302e-26
-3.544238e-25
0
0
0
-4.877042e-26
-2.744019e-25
1.315371e-26
0
0
0
9.059137e-27
1.662798e-27
-2.090525e-26
-3.426491e-25
-3.948623e-25
1.322626e-25
0
0
0
-8.655909e-27
-1.620876e-26
6.438877e-28
6.683639e-28
1.432208e-27
-6.492678e-27
-2.045952e-25
-2.478306e-25
-1.834877e-27
-2.275911e-26
-7.020101e-26
2.501302e-25
0
0
0
-2.059876e-26
-5.595776e-27
-2.148429e-26
3.236921e-28
-1.930591e-28
6.903226e-28
-1.620904e-26
1.596735e-27
1.794247e-26
0
0
0
-9.866563e-26
1.411858e-26
-4.615455e-26
0
0
0
0
0
0
8.61381e-27
-4.894078e-27
8.426625e-27
2.349997e-27
3.328532e-26
9.798137e-26
5.980194e-25
2.998176e-25
-2.353638e-25
0
0
0
-8.851948e-25
-2.877184e-25
1.892879e-25
-9.166133e-27
-9.166133e-27
2.444302e-26
-3.645171e-26
-5.403267e-26
-4.09888e-26
0
0
0
-1.184183e-29
-1.160872e-29
-5.23185e-28
0
0
0
1.572399e-27
-6.940476e-27
2.425952e-26
-1.154783e-24
3.347349e-23
-7.86074e-23
-7.638706e-25
6.142707e-25
-3.748514e-24
0
0
0
-3.101859e-27
4.091957e-28
1.096632e-26
-4.617697e-26
-2.284372e-26
-1.907768e-25
0
0
0
7.821767e-25
0
-1.564353e-24
-2.138764e-26
6.110756e-27
-1.711012e-25
0
0
0
0
0
-1.527689e-27
-2.070921e-28
9.664609e-28
-4.435044e-27
0
0
0
0
0
0
-5.9685e-26
7.001135e-26
4.097589e-26
1.948773e-29
3.683088e-30
4.443016e-29
0
0
0
2.864417e-28
9.548056e-29
0
0
0
-4.888604e-26
0
1.955442e-25
4.888604e-26
6.713477e-28
-3.391098e-27
-1.064319e-27
0
0
0
-1.594744e-26
-1.51629e-26
-4.392945e-27
0
0
0
1.53919e-26
1.954461e-27
1.352486e-27
0
0
0
0
-2.444302e-26
-1.222151e-26
1.527689e-27
-3.055378e-27
0
0
0
0
0
0
0
2.219923e-27
1.76639e-27
-6.015275e-27
-3.75302e-29
-6.871989e-29
4.554907e-29
2.158186e-25
4.608025e-25
-4.257759e-25
0
0
0
4.888604e-26
0
-1.955442e-25
0
0
0
1.432208e-28
9.548056e-29
-1.909611e-28
1.222151e-26
0
0
0
0
0
-3.055378e-27
0
2.444302e-26
2.253504e-26
2.485259e-26
7.233305e-27
0
0
0
3.732506e-28
-1.485823e-28
-3.270023e-28
-5.024804e-27
1.089308e-27
8.155942e-28
0
0
0
1.017978e-26
9.845794e-26
1.557898e-25
0
0
0
-1.059382e-26
-8.777125e-27
1.711629e-26
-1.065984e-26
-1.445438e-25
5.562253e-25
3.725047e-28
-2.280251e-28
7.785768e-30
0
0
0
0
0
0
2.071108e-27
3.212958e-27
-1.123197e-26
2.029419e-26
3.404315e-26
-2.450512e-27
-1.172061e-28
-2.749728e-28
6.788071e-29
2.983767e-27
2.434754e-27
-1.432208e-27
0
0
0
7.638444e-28
-2.530235e-27
1.527689e-27
1.222151e-26
0
0
4.774028e-28
3.819222e-28
-1.145767e-27
5.030445e-29
7.214656e-28
1.139007e-27
0
0
0
-4.196576e-27
-1.801962e-27
-1.011684e-29
4.194478e-27
-5.645847e-29
3.54397e-27
0
0
0
-4.028086e-28
3.707331e-28
-1.929658e-28
0
0
0
1.92826e-28
7.743809e-29
1.379992e-28
0
0
0
3.400423e-27
1.332299e-27
4.489637e-28
7.821767e-25
0
2.444302e-26
0
-4.888604e-26
-9.777209e-26
-1.833227e-26
0
0
-1.909611e-28
-3.819222e-28
0
0
0
0
0
0
0
-1.126372e-28
-1.288615e-28
-5.898069e-28
-7.702176e-27
4.891653e-27
2.091201e-27
-1.494261e-27
-1.114297e-27
-4.570292e-28
0
0
0
0
0
0
-2.261882e-27
1.754082e-27
1.234142e-26
3.201363e-26
-1.388757e-27
-1.022306e-25
0
0
0
1.921406e-27
-6.31174e-27
1.882151e-27
0
0
0
0
2.444302e-26
1.955442e-25
3.055378e-27
4.583067e-27
1.527689e-27
-1.179521e-29
-1.92453e-28
6.713477e-30
0
0
0
1.167539e-27
9.467401e-28
2.138056e-28
-1.047582e-28
-4.242544e-29
1.412161e-28
-1.392543e-26
-5.95905e-27
-4.224073e-26
0
0
0
-4.888604e-26
9.777209e-26
1.955442e-25
1.909611e-28
5.251431e-28
1.909611e-28
0
0
0
8.236457e-27
-2.16298e-26
3.888143e-26
0
0
0
7.645904e-28
-7.856166e-28
4.904568e-29
1.945472e-26
2.479734e-26
6.870917e-27
-1.495506e-26
1.270036e-26
-6.510301e-27
0
0
0
1.030192e-27
-3.771435e-27
-1.246189e-27
0
0
0
6.844046e-25
-9.777209e-26
2.713175e-24
-9.878974e-27
-4.501624e-26
-6.269273e-26
0
0
0
-1.865792e-26
-2.828863e-26
-5.39426e-26
3.079695e-26
3.206659e-26
2.358524e-26
1.13896e-26
5.307096e-27
6.11001e-27
4.01837e-26
4.136019e-26
-1.47112e-26
1.157142e-28
-8.755492e-29
-2.758586e-28
0
0
0
0
7.821767e-25
0
1.327916e-27
-1.488154e-28
-5.312038e-28
1.236154e-25
1.586763e-26
3.606102e-26
0
0
0
2.590285e-31
-2.169203e-29
-6.789626e-30
-1.441533e-28
1.993063e-28
-5.328822e-29
1.766511e-26
-3.409327e-27
-1.738464e-27
0
0
0
-1.063522e-26
7.089091e-26
-8.049491e-26
0
3.819222e-28
3.819222e-28
-3.819222e-28
4.296625e-28
3.4373e-27
-7.638444e-28
-7.638444e-28
3.819222e-27
0
0
0
2.32945e-26
1.473631e-26
-7.823438e-27
-1.846206e-28
-5.499922e-28
-2.268129e-28
0
0
0
-5.307376e-28
5.606219e-28
-1.706808e-28
0
0
0
-3.819222e-28
0
0
0
3.910884e-25
3.910884e-25
0
0
0
7.638444e-28
0
1.37492e-26
-2.202393e-28
-3.268158e-28
-1.702612e-28
-1.040482e-26
-1.416404e-27
-1.082874e-26
0
0
0
6.21066e-26
-7.50459e-26
2.141579e-25
0
0
0
0
1.955442e-25
7.821767e-25
0
0
0
-1.63627e-27
-1.538878e-27
-5.526776e-27
7.879011e-28
-1.154345e-28
-3.587514e-28
-1.417289e-28
2.39494e-28
4.176808e-28
0
0
0
1.955442e-25
0
3.910884e-25
0
0
0
2.861843e-26
2.867414e-26
-4.501092e-26
8.3359e-29
-1.804247e-29
-2.299832e-28
1.600978e-28
2.853228e-28
8.937316e-29
0
0
0
9.208652e-28
1.391415e-27
-1.412161e-28
-3.627142e-29
2.685391e-29
8.878107e-28
-7.856632e-28
-3.163726e-28
-5.790374e-29
-3.819222e-28
1.909611e-28
-2.357176e-28
-1.524732e-24
-6.297894e-25
3.95861e-25
0
0
0
0
0
0
-7.389486e-29
-7.520026e-29
-2.300764e-28
4.057924e-28
3.819222e-28
-5.728833e-28
0
0
0
1.065298e-28
-1.194439e-28
3.785189e-28
3.456974e-28
-4.906432e-28
1.66345e-28
0
0
0
0
0
0
-2.23839e-26
-9.950911e-27
-3.317674e-26
-2.439743e-27
5.181499e-28
-6.940756e-27
1.225209e-28
7.580634e-29
-1.258777e-30
1.504425e-27
2.386408e-27
1.468526e-27
2.497488e-26
2.006336e-26
-4.565584e-27
0
0
-6.8746e-27
0
0
0
0
0
0
5.482673e-29
-3.811297e-28
2.277174e-27
1.222151e-26
1.833227e-26
-2.444302e-26
-7.193677e-29
-4.121329e-29
7.044488e-29
0
0
0
0
0
0
-2.357421e-25
2.564354e-25
8.335602e-26
-1.490392e-27
-9.028227e-28
-1.746809e-27
2.028962e-28
-2.267663e-28
-2.291533e-27
0
0
0
2.444302e-26
-2.444302e-26
-4.888604e-26
-2.298433e-29
2.566506e-28
1.448572e-27
0
0
0
-7.638444e-28
-3.819222e-28
-5.728833e-28
-6.086885e-28
-5.012729e-28
4.774028e-29
0
0
0
-1.739909e-28
-2.930619e-28
-3.111976e-28
0
0
-1.222151e-26
0
0
0
-1.955442e-25
0
-3.910884e-25
-1.430297e-27
-5.703658e-28
4.512948e-28
0
0
0
3.055378e-27
3.055378e-27
-2.291533e-27
-9.166133e-27
-1.222151e-26
-2.444302e-26
0
0
0
0
0
0
4.888604e-26
-4.888604e-26
0
9.539077e-25
1.143498e-24
5.615187e-25
0
0
0
2.004812e-27
-5.409011e-28
2.083742e-27
7.210927e-28
4.905034e-28
4.145712e-27
7.638444e-28
3.819222e-28
0
0
0
-2.148313e-28
0
0
0
5.222781e-25
3.697921e-25
1.456347e-25
3.819222e-28
7.638444e-28
1.527689e-27
0
0
0
3.170719e-27
1.04954e-27
1.26536e-26
-2.255316e-25
2.142452e-25
-5.586826e-25
0
0
0
0
0
0
3.055378e-27
3.055378e-27
0
2.444302e-26
1.222151e-26
-6.110756e-27
-1.407965e-29
1.034994e-29
7.985774e-28
0
0
0
1.173265e-24
-6.844046e-25
2.444302e-26
0
0
0
5.888521e-26
-2.078562e-26
2.802998e-25
-7.332907e-26
-9.777209e-26
-9.777209e-26
0
0
0
-1.909611e-28
-9.548056e-29
0
-2.100572e-27
-2.291533e-27
0
0
0
0
-1.955442e-25
1.955442e-25
-3.910884e-25
-5.780583e-28
-2.822457e-28
1.820471e-27
0
0
0
1.952652e-26
1.161988e-25
2.200235e-25
-9.548056e-29
1.909611e-28
0
-3.360916e-26
-4.277529e-26
4.888604e-26
-1.833227e-26
-1.833227e-26
-6.110756e-27
0
0
0
8.860596e-26
-3.055378e-26
-4.888604e-26
1.188425e-27
2.684365e-27
2.842505e-28
0
0
0
0
0
0
1.504938e-28
-3.193564e-29
1.681027e-27
-1.193507e-29
-2.387014e-29
0
0
1.527689e-26
0
0
0
0
-7.638444e-28
-1.527689e-27
0
1.336728e-27
-1.909611e-28
-2.864417e-28
-2.093719e-27
-3.304965e-26
-7.450887e-27
0
0
0
0
0
0
-3.055378e-27
-6.110756e-27
6.110756e-27
8.797452e-29
-2.503567e-29
-1.053643e-29
4.888604e-26
9.777209e-26
1.955442e-25
-3.666453e-26
0
9.777209e-26
0
0
0
9.357094e-27
2.444302e-26
-2.444302e-26
0
0
0
0
0
0
3.055378e-27
-3.055378e-27
0
5.728833e-28
5.728833e-28
0
4.583067e-27
-1.756842e-26
6.416293e-26
0
0
0
9.548056e-28
1.909611e-28
-2.387014e-29
-9.777209e-26
-1.955442e-25
0
0
0
0
1.222151e-26
1.222151e-26
0
-1.955442e-25
0
-1.955442e-25
9.548056e-29
-9.548056e-29
3.819222e-28
-9.548056e-29
-7.161042e-29
-2.864417e-28
-2.395266e-27
-1.991478e-27
5.036972e-28
0
0
0
0
0
1.527689e-27
0
0
0
3.819222e-28
3.819222e-28
-3.055378e-27
2.444302e-26
2.444302e-26
0
0
0
0
3.074493e-27
-2.059499e-27
-5.199215e-28
0
0
0
2.688732e-25
9.777209e-26
1.955442e-25
0
0
3.055378e-27
4.142775e-28
1.027255e-27
1.961967e-27
0
0
0
3.819222e-27
-3.055378e-27
6.110756e-27
9.1639e-26
-4.400931e-25
6.604477e-25
0
0
0
0
-1.955442e-25
0
-2.444302e-26
1.222151e-26
4.888604e-26
0
0
0
-4.774028e-29
1.193507e-28
3.311982e-28
-4.774028e-29
-9.548056e-29
0
0
0
0
3.350487e-25
5.924195e-25
-8.584616e-26
1.072291e-29
-2.8812e-29
-1.743639e-29
-2.931609e-28
1.09238e-28
-2.221553e-29
3.605134e-25
-1.283907e-25
-1.869377e-27
5.091566e-27
6.357289e-28
2.415406e-27
-8.042723e-27
-1.897757e-27
-4.317303e-27
-7.638444e-28
1.527689e-27
0
3.055378e-27
3.055378e-27
0
0
0
0
3.819222e-28
-7.017821e-27
-2.138764e-26
0
1.955442e-25
-1.955442e-25
0
0
0
-1.978192e-25
-9.804119e-26
3.151239e-25
-1.909611e-28
0
0
0
0
0
-1.898422e-28
5.156323e-29
-1.712123e-27
0
-1.260343e-26
4.888604e-26
0
0
0
)
;
    }
    baffle1
    {
        type            calculated;
        value           nonuniform List<scalar> 
2665
(
-6.110756e-27
1.222151e-26
6.695574e-27
0
0
0
-1.222151e-26
4.888604e-26
7.332907e-26
0
0
0
0
1.222151e-26
1.527689e-26
0
0
0
1.955442e-25
-5.866325e-25
1.222151e-24
0
3.910884e-25
-1.955442e-25
4.888604e-26
0
-1.222151e-26
-4.888604e-26
8.310628e-25
-1.538383e-24
0
0
0
-2.095756e-26
-1.866859e-27
4.971465e-26
0
0
0
0
0
0
3.066464e-26
1.46778e-27
-2.705997e-27
-4.888604e-26
6.110756e-26
-4.888604e-26
1.85632e-25
-2.11675e-26
8.352684e-27
-1.444684e-26
2.756768e-27
1.302116e-26
0
0
0
-4.888604e-26
2.688732e-25
8.555058e-26
3.910884e-25
-6.844046e-25
-9.166133e-27
0
0
0
-7.821767e-25
1.955442e-25
9.777209e-26
0
0
0
0
0
0
-6.213784e-26
-2.682314e-27
6.061393e-26
-1.267632e-25
9.293079e-26
2.639678e-26
3.285402e-25
1.600978e-26
-1.208113e-26
-3.062694e-25
7.153685e-26
-9.123512e-26
0
0
0
1.17632e-25
-1.222151e-26
2.444302e-26
-4.634723e-27
-8.584672e-27
-3.817572e-26
0
0
0
2.029848e-26
-7.983769e-27
2.133613e-26
0
-9.777209e-26
0
8.017311e-24
-7.821767e-25
1.564353e-24
6.506437e-24
-1.645568e-24
-6.948528e-25
0
0
0
-3.128707e-24
-1.564353e-24
3.910884e-25
0
0
0
7.341074e-25
5.711803e-26
5.326701e-25
0
0
0
0
0
0
3.910884e-25
3.910884e-25
7.821767e-25
-1.466581e-25
9.777209e-26
3.971991e-26
3.210925e-25
-1.125194e-25
3.921864e-26
-1.254681e-25
2.081597e-27
6.319904e-26
0
-1.466581e-25
-1.466581e-25
0
9.777209e-26
2.444302e-26
0
0
0
0
0
0
0
0
0
-3.782573e-26
1.347031e-26
6.419995e-27
-1.833227e-26
-2.444302e-26
-6.110756e-27
-4.888604e-26
1.222151e-26
1.222151e-26
6.50867e-25
-1.304179e-24
1.213862e-24
5.670781e-24
9.777209e-25
-1.955442e-25
0
0
0
0
0
0
1.564353e-24
1.564353e-24
1.564353e-24
-6.540586e-26
9.158208e-26
-2.994998e-26
0
0
0
8.482925e-26
1.924302e-26
3.4046e-26
0
0
0
1.527689e-27
-1.527689e-27
0
1.300923e-27
7.011853e-28
-1.678369e-28
8.882562e-25
1.748614e-26
1.239814e-25
0
0
0
-2.372807e-25
6.179331e-26
-5.863522e-27
0
0
0
4.774028e-29
3.043443e-28
2.625715e-28
-7.280392e-28
-1.432208e-28
-7.757795e-29
6.257414e-24
0
0
0
0
0
-1.447027e-23
2.326976e-23
-7.821767e-25
-4.69306e-24
4.69306e-24
6.257414e-24
-6.844046e-25
3.128707e-24
3.910884e-25
0
0
0
0
0
0
7.002753e-26
3.737262e-26
7.128267e-26
-2.933163e-25
9.777209e-26
0
-1.490096e-25
1.17389e-25
2.888125e-25
0
0
0
-9.777209e-26
0
2.444302e-26
9.838227e-27
-4.137413e-26
9.672628e-27
1.980476e-27
1.752963e-28
3.102694e-26
0
0
0
0
0
-2.444302e-26
0
0
9.777209e-26
-1.955442e-25
-4.888604e-26
-1.955442e-25
0
-9.777209e-26
0
1.955442e-25
4.4333e-26
-3.631851e-27
1.073738e-25
0
0
-2.359433e-26
3.301147e-26
-1.527689e-26
4.888604e-26
4.888604e-26
0
0
0
0
0
0
-1.89942e-26
-1.236035e-26
-2.002854e-27
1.822541e-26
4.938601e-27
1.030915e-26
-3.055378e-26
1.833227e-26
3.666453e-26
0
0
0
6.110756e-27
-5.49968e-26
-1.222151e-26
0
0
0
-4.747202e-26
-3.818551e-26
2.375909e-26
3.128707e-24
1.251483e-23
7.821767e-24
0
0
0
0
-2.737618e-24
-3.128707e-24
5.588371e-28
-1.953507e-28
5.257665e-28
-1.769467e-27
-7.219318e-28
-2.105328e-27
-3.198179e-27
-8.359677e-28
-5.812286e-28
-1.955442e-25
-5.866325e-25
0
-3.091981e-25
1.233026e-25
-8.416992e-25
0
0
0
0
0
-1.466581e-25
-3.910884e-25
0
1.955442e-25
0
-1.591121e-25
3.341943e-25
2.978914e-26
4.633767e-26
-2.354274e-27
-1.543222e-26
-1.404702e-26
-1.522085e-25
-1.79103e-25
0
0
0
-2.444302e-26
-4.888604e-26
0
0
0
0
1.603321e-24
-4.882111e-25
-6.969647e-25
-5.669205e-27
1.317464e-26
1.745271e-27
-1.01373e-26
-1.62275e-27
-3.1151e-27
0
0
0
-9.548056e-29
-5.585613e-27
-4.678547e-27
-6.510012e-26
7.205845e-27
0
0
-1.610632e-25
-1.073923e-26
-5.847718e-27
-1.708342e-26
3.094894e-26
-3.944471e-26
0
0
0
2.06486e-28
5.510179e-28
1.509134e-28
-3.345036e-27
-4.872865e-28
-1.727788e-28
-1.527689e-27
1.527689e-27
3.055378e-27
2.786e-27
-2.0105e-27
-3.231e-27
0
0
0
1.5948e-26
2.522775e-27
-2.105057e-26
0
0
0
1.129338e-25
-3.947785e-26
-1.944801e-26
-1.034845e-26
-9.591208e-26
-5.25316e-26
-2.225269e-25
9.600887e-25
4.17799e-25
0
0
0
0
0
0
-1.307688e-24
-7.077398e-25
-6.357917e-25
-3.792249e-25
3.72472e-25
1.846502e-25
1.037325e-27
1.509646e-27
0
0
-9.548056e-28
1.527689e-27
-2.84754e-27
-1.036859e-28
-2.102157e-28
2.347339e-27
0
0
6.614173e-28
-5.966229e-27
0
0
1.560604e-27
3.699872e-28
3.650453e-29
-2.749262e-28
-1.483849e-25
9.865995e-25
-8.315997e-26
0
0
0
-8.35539e-25
4.358381e-25
-7.121759e-25
-4.988382e-25
-7.114995e-25
-8.677872e-25
0
0
0
0
0
0
0
7.821767e-25
0
-4.438752e-25
-3.17637e-26
3.294459e-25
1.270558e-26
1.510015e-26
5.67714e-26
4.277529e-26
0
2.444302e-26
0
0
0
0
0
0
8.269012e-26
3.511335e-27
3.943235e-28
-2.68712e-26
3.099482e-27
-2.088264e-27
0
0
0
7.821767e-25
3.910884e-25
2.880658e-25
4.19293e-26
1.909611e-28
-3.819222e-28
-4.615515e-29
-2.285379e-28
0
0
1.227615e-25
1.134946e-26
-9.301056e-27
0
0
0
-2.415038e-26
-6.060638e-27
-1.304209e-26
0
0
0
-7.821767e-25
3.910884e-25
3.910884e-25
0
-2.933163e-25
-1.955442e-25
0
0
0
0
6.325587e-28
0
-7.638444e-28
-1.527689e-27
-2.291533e-27
5.948e-27
-6.157517e-27
-2.808518e-27
-5.776434e-27
8.983937e-29
3.260745e-27
0
0
0
-1.909611e-28
0
-9.548056e-29
0
0
0
0
0
0
0
2.444302e-26
0
0
-1.955442e-25
-3.910884e-25
7.498627e-25
2.806254e-25
-3.28427e-26
0
0
0
-3.325637e-25
-1.90789e-25
2.893019e-26
5.510398e-26
4.684734e-26
2.611249e-26
0
0
0
6.110756e-27
0
-3.055378e-27
0
0
0
1.354051e-24
-1.848966e-24
1.995662e-24
3.311957e-25
-8.901548e-26
-9.785016e-25
6.035717e-25
-1.237891e-24
2.749388e-26
0
0
0
0
0
3.055378e-27
-1.909611e-27
6.71425e-26
2.519997e-26
-1.600611e-25
-1.1774e-25
5.831447e-26
2.396138e-25
0
0
0
3.4373e-27
-1.336728e-27
-3.819222e-28
-4.487586e-27
-5.728833e-28
-1.050286e-27
2.673456e-27
-1.623169e-27
-1.575429e-27
1.909611e-28
-3.341819e-28
2.864417e-28
3.785189e-28
-5.120891e-28
1.353511e-27
1.114484e-27
6.140966e-28
-1.301995e-27
0
0
0
-1.043666e-27
1.556687e-28
-2.42571e-28
0
0
0
-9.483933e-26
7.479093e-26
3.001073e-26
-5.25288e-26
-6.284094e-28
-2.550823e-26
0
0
0
0
0
0
-3.251551e-26
-5.156477e-26
2.685237e-26
-4.774028e-28
-1.909611e-28
6.683639e-28
0
1.909611e-28
0
-3.819222e-28
0
0
0
0
0
4.231283e-23
8.184943e-24
1.166694e-23
-5.020342e-24
3.837234e-23
-7.453368e-24
0
0
1.130772e-23
9.359402e-24
8.814989e-24
0
0
0
0
0
0
-2.451898e-23
-1.295709e-23
-9.514437e-24
-9.287359e-24
5.631717e-25
9.903867e-25
0
0
0
4.888604e-26
-2.444302e-26
1.222151e-26
4.888604e-26
2.444302e-26
-6.721831e-26
-1.193087e-27
9.46134e-28
5.241174e-28
-6.187121e-28
-9.582089e-28
-3.32084e-28
0
0
0
7.414303e-26
-3.446373e-26
8.922723e-27
1.795543e-25
7.009653e-26
3.118862e-26
0
0
0
0
9.777209e-26
-7.332907e-26
-7.791213e-26
0
0
0
0
4.345671e-27
4.75137e-27
-1.377391e-26
-4.550012e-27
-3.117617e-27
-3.332169e-27
1.13068e-26
-3.594321e-26
-3.171069e-26
-1.713498e-26
0
0
0
1.955442e-25
-1.466581e-25
-4.888604e-26
-1.466581e-25
-6.355186e-25
-3.910884e-25
0
0
0
2.673456e-27
-3.819222e-28
1.909611e-28
0
0
0
-5.346911e-27
-1.527689e-27
0
-2.704039e-30
3.170253e-30
5.268214e-30
7.972253e-30
-1.123575e-29
-1.892827e-29
-6.949999e-30
1.902212e-30
1.351097e-30
0
0
0
0
0
7.332907e-26
-3.910884e-25
4.888604e-26
-1.955442e-25
9.777209e-26
-1.955442e-25
0
0
-9.224306e-28
-1.948647e-28
1.753024e-27
-6.946537e-27
1.709298e-26
2.995376e-27
5.991032e-27
1.329222e-26
3.40639e-27
0
0
0
-2.370417e-27
-2.252838e-27
5.07054e-28
-2.242721e-27
-3.939645e-27
-1.771845e-27
0
-2.444302e-26
-9.777209e-26
0
0
0
-4.888604e-26
-9.777209e-26
0
-5.337447e-27
-6.081372e-25
-8.805235e-25
-1.560837e-26
-5.942031e-25
1.022499e-25
0
0
0
0
0
0
9.617988e-28
4.891514e-28
1.821963e-27
4.191261e-28
-7.448696e-28
8.326576e-29
1.527689e-27
-3.055378e-27
0
0
0
1.222151e-26
2.227103e-28
-2.700776e-28
1.707274e-28
-3.292401e-28
-2.013111e-28
1.930125e-29
0
0
0
1.54678e-26
1.20154e-26
-1.862938e-26
0
0
0
6.110756e-27
-6.110756e-27
-1.222151e-26
0
0
0
5.544087e-26
-9.521948e-28
1.95875e-27
-1.901308e-26
2.429906e-28
2.932111e-27
5.086391e-29
-4.289166e-29
1.405634e-28
0
0
0
0
-3.910884e-25
0
0
3.802439e-28
-1.906194e-26
-1.336024e-26
-1.85595e-26
1.01173e-27
-4.806663e-29
2.429439e-28
0
0
0
-1.463864e-27
-2.534151e-27
-2.929314e-27
3.020598e-28
9.888392e-29
-1.145487e-28
-7.783903e-28
-3.249835e-27
-6.628626e-28
4.004775e-29
-2.834579e-28
-2.214981e-28
0
0
0
1.241247e-27
-1.336728e-27
-1.196491e-27
0
0
0
2.617323e-28
-7.837051e-29
-1.245257e-28
-2.444302e-26
1.222151e-26
1.222151e-26
0
0
0
3.384991e-27
-9.704797e-27
7.959199e-28
3.679176e-26
3.430946e-26
2.013381e-26
0
0
0
0
0
3.39907e-27
7.274798e-28
2.107509e-26
-3.274218e-28
2.418716e-27
-1.229993e-26
-2.636625e-27
6.306798e-27
-1.222151e-26
6.110756e-27
-6.084927e-27
1.007045e-26
0
0
0
0
1.018691e-26
-2.642872e-27
-1.222151e-26
9.070653e-27
6.110756e-27
8.085916e-27
9.555468e-27
7.530609e-27
0
0
0
0
0
0
-4.181004e-28
6.096163e-27
1.539624e-26
-9.790487e-31
3.151604e-29
4.529266e-28
7.638444e-28
0
-7.638444e-28
0
0
0
-1.909611e-28
1.432208e-28
1.909611e-28
1.347357e-29
1.231736e-28
1.304466e-28
0
0
0
-2.506365e-28
9.548056e-29
7.161042e-29
-3.819222e-28
-1.909611e-28
-3.819222e-28
0
0
0
0
0
0
-2.444302e-26
1.90784e-27
2.914581e-27
-2.149944e-27
-9.532204e-28
0
0
3.819222e-28
-1.909611e-28
-2.444302e-26
-9.166133e-27
-6.110756e-27
-6.110756e-27
1.222151e-26
0
0
0
0
-1.909611e-28
-7.638444e-28
6.862665e-28
0
0
0
-3.497861e-27
-2.857284e-27
-1.438689e-27
-1.071569e-26
6.517965e-26
3.615333e-26
0
0
0
-4.214087e-26
1.537139e-26
6.025079e-26
-1.069382e-26
2.444302e-26
1.298536e-26
2.444302e-26
-2.444302e-26
-2.444302e-26
0
0
0
0
0
0
0
-4.484509e-28
1.039656e-28
-4.285979e-25
4.252598e-25
-3.507545e-25
3.530576e-25
0
0
0
0
0
-6.110756e-27
1.222151e-26
-1.069382e-26
2.444302e-26
0
2.444302e-26
-1.16782e-25
5.616407e-24
4.332451e-24
0
0
0
-6.037426e-24
9.777209e-26
-3.813111e-24
0
0
0
1.935719e-28
-7.3755e-29
8.290211e-28
-7.256522e-27
2.673456e-27
7.638444e-28
0
0
0
-3.055378e-27
4.583067e-27
1.222151e-26
-1.527689e-27
5.346911e-27
2.444302e-26
0
0
-3.910884e-25
1.955442e-25
4.491742e-25
-2.38323e-25
-1.22697e-25
0
0
-3.491502e-26
-1.190225e-26
-3.09357e-26
1.527689e-27
0
0
0
3.819222e-28
1.909611e-28
2.387014e-29
1.909611e-28
0
0
1.931523e-28
6.382465e-29
9.846432e-29
-3.072348e-29
-4.52507e-28
-2.997754e-29
0
0
0
1.96394e-25
9.542887e-25
2.501784e-24
0
0
-1.564353e-24
0
0
0
0
0
0
0
-2.148313e-28
0
0
2.387014e-28
9.070653e-28
0
0
0
3.474084e-27
2.538953e-27
2.31517e-27
-5.016459e-28
-3.38569e-27
-5.618341e-28
0
0
-4.888604e-26
-1.955442e-25
4.898819e-26
-1.229917e-25
6.110756e-27
-2.444302e-26
2.444302e-26
-2.444302e-26
0
0
5.224066e-25
8.152133e-25
1.825554e-25
0
0
0
0
0
0
1.050286e-27
-1.145767e-27
-2.100572e-27
-6.110756e-27
6.110756e-27
0
-5.525937e-27
4.201144e-27
4.583067e-27
0
0
0
-1.008793e-27
3.836938e-29
-3.504994e-28
7.161042e-29
1.909611e-28
0
0
-2.864417e-28
-9.548056e-29
0
0
-2.444302e-26
-6.110756e-26
6.110756e-26
0
-7.332907e-26
4.888604e-26
0
1.955442e-25
-5.866325e-25
0
0
0
2.564175e-28
-2.584222e-28
3.869573e-29
0
0
0
1.564353e-24
3.910884e-25
-1.564353e-24
0
-1.71865e-27
-1.909611e-27
0
0
0
0
0
-9.55738e-30
-4.77869e-29
-8.251982e-30
4.774028e-29
-2.864417e-28
-9.548056e-29
-6.110662e-28
-1.841964e-27
-1.428199e-27
0
0
0
6.110756e-27
0
1.670024e-27
-5.363835e-27
0
0
0
1.527689e-27
5.346911e-27
3.628261e-27
-2.291533e-27
-7.638444e-28
-7.638444e-28
0
0
0
6.110756e-27
1.527689e-27
-7.821767e-25
-1.955442e-25
0
0
0
-3.327824e-26
3.068534e-26
-6.315004e-27
-1.781752e-26
-6.166421e-27
3.600391e-26
5.013029e-29
5.063627e-29
2.076087e-29
-8.391846e-31
-5.827671e-29
3.524575e-29
6.242601e-29
5.261611e-27
1.950831e-27
-4.047716e-28
-1.955442e-25
-1.955442e-25
0
2.387014e-29
1.360598e-27
9.548056e-28
0
0
0
-1.20993e-24
-3.910884e-25
1.069382e-25
6.110756e-27
-1.527689e-26
0
0
9.543067e-27
2.132419e-26
1.095322e-26
1.222151e-26
0
-1.222151e-26
0
0
0
-9.458076e-27
8.498679e-26
5.651512e-26
0
0
0
0
-4.277529e-26
-2.597071e-26
0
0
0
0
2.978993e-26
4.888604e-26
4.888604e-26
0
0
0
-2.444302e-26
-1.527689e-26
1.222151e-26
0
-2.444302e-26
-4.888604e-26
-1.759898e-24
-1.368809e-24
-9.777209e-25
-1.368809e-24
2.150986e-24
2.933163e-25
-1.271037e-24
-1.29548e-24
0
-1.85767e-24
-1.197708e-24
6.844046e-25
0
0
0
-6.088102e-26
-1.75198e-26
1.987086e-26
1.47151e-27
3.02541e-26
-3.201018e-26
0
0
0
0
0
0
-3.055378e-26
-9.777209e-26
9.777209e-26
-1.626663e-25
-4.719481e-27
2.983469e-26
8.405413e-27
4.800854e-26
-1.489725e-26
0
0
0
-7.714829e-26
7.943982e-26
-2.444302e-26
0
0
0
-4.888604e-26
-9.777209e-26
-2.933163e-25
2.444302e-26
3.666453e-26
1.222151e-26
0
0
0
2.509288e-26
3.938573e-28
1.325515e-26
-1.849623e-26
-2.803021e-26
-9.321895e-27
0
0
0
-6.131278e-26
7.078424e-26
-4.461655e-26
-9.980422e-27
-2.540501e-26
1.793118e-26
0
0
0
7.332907e-26
9.777209e-26
-1.37492e-26
-8.303522e-26
2.79483e-26
1.645064e-25
0
0
0
5.598214e-26
5.810808e-26
-1.236058e-26
9.777209e-26
0
-1.955442e-25
0
0
0
-1.477394e-25
1.302441e-24
-3.177586e-26
-2.169318e-24
-2.199872e-24
-9.777209e-26
0
0
0
3.666453e-26
-1.466581e-25
9.777209e-26
-8.037522e-25
3.225736e-25
2.706165e-25
0
0
0
-1.368809e-24
-1.173265e-24
-9.777209e-26
0
0
0
1.955442e-25
0
0
6.039975e-26
3.457566e-26
6.343382e-26
-6.034931e-26
1.445593e-26
3.439659e-26
1.222151e-26
0
0
0
2.444302e-26
9.777209e-26
0
0
0
0
0
0
1.487921e-27
1.644121e-26
-2.502257e-26
0
0
0
0
6.110756e-27
0
1.222151e-26
-2.444302e-26
0
-1.309743e-26
-2.850342e-26
6.195199e-25
0
0
0
0
0
0
-7.821767e-25
-1.564353e-24
0
1.564353e-24
0
0
4.626425e-26
-1.18698e-25
-3.570298e-25
0
0
0
3.666136e-26
-1.581589e-25
-2.250117e-25
0
0
0
-3.055378e-27
-4.583067e-27
-3.055378e-27
4.893378e-28
-1.384468e-27
2.387014e-27
-6.017872e-26
-6.491111e-26
-1.289674e-25
0
0
0
4.918694e-26
6.854814e-26
4.452578e-26
0
0
0
-1.056254e-27
-9.130328e-28
2.663012e-28
1.396403e-27
9.885088e-28
-1.864855e-28
-1.564353e-24
0
-6.257414e-24
0
0
0
-7.504008e-24
-8.4084e-24
1.564353e-23
-1.564353e-24
-3.910884e-24
6.257414e-24
2.933163e-25
1.85767e-24
3.030935e-24
-6.110756e-26
0
9.777209e-26
-9.064168e-26
3.141189e-26
1.606293e-25
0
0
0
0
0
0
4.137216e-25
1.774372e-25
3.915924e-26
0
0
0
5.779031e-26
8.370148e-26
-2.504765e-26
1.739397e-27
-1.634792e-26
2.254376e-27
-2.444302e-26
4.888604e-26
-4.888604e-26
0
0
0
9.777209e-26
1.466581e-25
-1.466581e-25
0
0
0
4.888604e-26
4.888604e-26
-1.527689e-25
0
1.222151e-26
-3.055378e-26
1.222151e-26
0
9.777209e-26
0
0
0
5.728833e-28
3.055378e-27
9.166133e-27
-1.349511e-26
-2.06569e-26
-6.231878e-28
0
0
0
-3.788918e-27
1.741028e-27
1.829422e-27
0
0
0
-6.499345e-27
-3.553667e-27
1.523637e-26
-3.880529e-27
3.177568e-26
3.127454e-27
0
0
0
0
0
0
0
0
0
-9.929978e-27
4.583067e-27
-7.638444e-27
-9.153965e-27
7.613875e-27
-1.080156e-26
-1.564353e-24
3.910884e-25
-3.128707e-24
0
0
0
3.324251e-24
0
-7.821767e-25
-4.879546e-28
5.725284e-28
5.905887e-28
1.639114e-27
-4.536259e-29
-2.224305e-27
3.263496e-29
-1.782335e-27
-6.682706e-28
-2.199872e-25
0
-7.821767e-25
1.266625e-25
-1.233454e-25
8.044185e-25
0
0
0
0
0
0
1.222151e-26
-4.888604e-26
-2.933163e-25
9.777209e-26
4.888604e-26
2.933163e-25
-1.841958e-26
-9.999299e-28
9.953504e-28
-8.223482e-26
-7.106518e-26
-3.738959e-26
-1.563112e-26
8.378698e-27
-3.247582e-25
0
0
0
0
-2.444302e-26
0
0
0
0
6.541418e-25
2.944607e-25
1.084039e-24
9.877575e-27
-7.971321e-28
-3.488584e-27
1.159986e-27
3.057476e-27
-6.339853e-27
7.638444e-28
-3.819222e-28
1.217377e-27
0
0
0
6.013023e-26
-4.189517e-26
1.376539e-25
0
0
0
3.442214e-26
3.039293e-27
-1.17138e-26
6.174897e-26
-6.615642e-26
4.086377e-26
0
0
0
-2.762176e-27
-9.755521e-28
1.35808e-28
-2.270927e-28
-4.03741e-28
-1.318452e-27
0
-1.527689e-27
2.100572e-27
-1.726203e-27
-3.549751e-28
2.533452e-27
0
0
0
3.424386e-27
2.768293e-26
-7.490198e-26
-3.507745e-27
2.77896e-27
7.666883e-28
2.044454e-26
8.148715e-27
-4.94607e-26
0
0
0
-3.522472e-25
5.786364e-26
7.036656e-26
0
0
0
0
0
0
-1.908771e-25
5.528588e-25
-1.119344e-24
-4.8056e-26
-7.596923e-26
-5.298094e-25
1.188798e-27
8.770411e-28
9.985364e-28
0
0
0
-7.638444e-28
-3.819222e-28
1.527689e-27
1.956745e-27
-1.714594e-27
-4.512016e-28
-2.214515e-29
9.143848e-28
2.59667e-27
0
0
0
-1.162317e-27
2.811268e-27
-2.666556e-27
0
0
0
1.593845e-27
-3.542758e-28
-4.048599e-28
-5.731631e-28
-4.937203e-28
-3.970742e-28
4.850549e-25
-4.581079e-25
1.490128e-25
0
0
0
-3.12717e-26
1.53694e-25
-8.795938e-25
-3.228094e-25
-1.805099e-25
9.003851e-25
0
0
0
1.173265e-24
-7.821767e-25
0
1.079803e-25
6.694935e-26
-4.006288e-25
0
0
0
-2.444302e-26
-1.222151e-26
0
-3.481059e-26
-1.393811e-26
-4.118951e-27
0
0
0
0
0
0
-3.046902e-26
-2.501451e-26
-3.297156e-27
-3.291114e-26
-5.110541e-27
3.946965e-27
0
0
0
5.866325e-25
0
0
8.161261e-26
-1.669013e-25
-3.80268e-25
-9.548056e-29
1.909611e-28
-7.638444e-28
-5.687807e-30
5.081729e-30
-5.270079e-28
0
0
0
-3.831362e-26
-5.798672e-26
1.778754e-26
0
0
0
-2.982131e-26
-4.33602e-27
5.180473e-27
0
0
0
0
-7.821767e-25
3.910884e-25
7.821767e-25
0
-7.821767e-25
-1.432208e-28
6.564288e-29
-1.909611e-28
0
0
0
5.728833e-28
0
1.527689e-27
4.918507e-27
-1.017343e-26
5.648505e-27
-2.776675e-27
-1.018817e-27
4.482644e-28
0
0
0
-3.819222e-28
0
-4.774028e-29
0
0
0
9.548056e-29
-9.548056e-29
-9.548056e-29
-9.777209e-26
-1.222151e-25
-9.777209e-26
0
0
0
-5.866325e-25
1.955442e-25
-1.955442e-25
-3.662559e-25
-3.514988e-25
5.999354e-26
0
0
0
1.056683e-26
1.601698e-25
-5.397197e-26
7.815219e-26
-1.456723e-25
1.996718e-26
0
0
0
-1.527689e-27
0
1.527689e-27
0
0
0
-1.07384e-24
-1.182993e-24
-4.911797e-25
-1.690217e-25
9.862493e-26
9.799858e-27
-8.140323e-27
-6.976887e-28
-7.153759e-26
0
0
0
0
0
0
-2.864417e-28
-3.819222e-28
-3.4373e-27
-2.178794e-26
-1.550319e-26
-4.839489e-26
-5.367611e-27
-2.63089e-27
-1.193824e-26
-1.909611e-27
-1.909611e-27
1.432208e-27
0
0
0
1.527689e-27
-7.638444e-28
3.819222e-28
0
3.819222e-28
-1.909611e-28
1.527689e-27
7.638444e-28
0
7.826795e-28
1.094203e-28
6.014156e-30
0
0
0
3.424805e-28
1.794923e-29
1.912408e-28
5.319498e-29
4.790345e-28
-8.813303e-28
0
0
0
-3.447077e-26
4.892633e-27
-2.200645e-26
0
0
0
3.316924e-27
-1.264092e-26
-2.516854e-27
0
0
0
-2.707303e-28
-3.820621e-27
-3.583449e-26
3.580521e-28
-4.296625e-28
3.819222e-28
0
-9.548056e-29
3.819222e-28
-1.909611e-28
-1.909611e-28
-3.819222e-28
-1.909611e-28
-1.909611e-28
3.819222e-28
0
0
0
0
0
0
-2.724179e-24
-2.071013e-23
-4.63637e-23
-1.430828e-23
-2.989912e-23
7.364069e-23
1.426321e-23
-2.012323e-23
-7.358298e-23
0
0
0
0
0
0
3.419552e-25
2.611643e-24
-1.371528e-23
1.015503e-24
-4.825838e-25
-4.354868e-24
0
0
0
2.851905e-25
-1.220688e-24
-1.702636e-24
0
0
0
0
-9.777209e-26
-9.777209e-26
7.332907e-26
0
4.888604e-26
2.659283e-28
2.706836e-28
3.098922e-27
0
0
0
-3.454643e-29
-2.016048e-27
1.385727e-27
4.333806e-26
-1.772549e-26
-2.471486e-25
-8.697141e-26
2.218897e-25
1.488466e-25
0
0
0
1.222151e-26
-6.110756e-27
-4.888604e-26
-2.444302e-26
-2.444302e-26
-7.332907e-26
0
0
0
-2.956168e-27
5.709113e-27
3.228296e-27
0
0
0
-1.204649e-27
-2.537974e-27
-3.660803e-27
-1.130475e-26
2.934209e-27
7.351537e-27
5.259356e-27
1.294549e-26
-4.457748e-27
0
0
0
-9.777209e-26
0
0
0
0
0
8.478673e-26
7.943982e-26
-6.599616e-25
3.819222e-28
-3.819222e-28
-3.819222e-28
0
0
0
4.392106e-27
0
-1.527689e-27
-5.32416e-29
-6.554964e-29
1.179521e-29
5.547942e-30
-4.4943e-29
-5.016459e-29
-1.649532e-29
1.190088e-29
-1.086408e-29
0
0
-1.955442e-25
0
0
0
-9.777209e-26
-7.332907e-26
-5.621895e-25
0
0
-1.955442e-25
-2.444302e-26
0
0
0
0
0
1.021947e-27
2.045128e-27
-1.253118e-27
-2.312373e-27
7.605157e-27
5.207513e-27
1.555783e-26
3.520379e-28
5.507615e-27
0
0
0
-2.015675e-27
-6.97782e-28
-8.559683e-29
-5.947021e-28
-9.580691e-28
-1.172108e-27
0
0
-9.777209e-26
0
-9.777209e-26
0
0
0
0
-1.921694e-25
-3.643422e-25
-5.528517e-25
1.08319e-25
-5.110336e-26
-5.565848e-25
0
0
0
1.884902e-28
5.854711e-28
-1.671423e-27
0
0
0
4.335787e-30
-9.151774e-29
5.781049e-30
-6.110756e-27
-1.145767e-27
-7.638444e-28
0
0
0
-3.055378e-27
-6.110756e-27
0
4.281706e-28
3.442055e-28
-1.372533e-28
9.958324e-29
-3.367461e-28
-4.432759e-28
0
0
0
-2.447435e-26
-6.976099e-26
-3.151558e-27
0
0
0
-6.492678e-27
-1.126671e-26
-3.532781e-27
0
0
0
-8.279581e-27
6.046558e-27
6.794318e-27
-1.388361e-26
-3.50961e-27
-1.6778e-26
2.870944e-28
-1.212808e-27
1.561816e-29
0
0
0
-1.368809e-24
-5.866325e-25
0
0
0
0
2.862738e-26
3.063774e-26
2.588451e-26
1.682472e-26
-4.547541e-27
-2.435495e-26
2.450885e-28
1.328056e-27
7.163373e-28
0
0
0
-5.585706e-28
-2.349717e-29
-2.072972e-27
7.720032e-28
4.643022e-28
3.545555e-28
-1.415891e-28
7.487391e-29
-9.75319e-28
-5.728833e-28
-4.296625e-28
1.909611e-28
-5.984785e-28
-6.331648e-28
-6.885976e-29
0
0
0
0
0
0
2.722688e-29
-3.293333e-28
2.060198e-28
-2.138764e-26
-1.222151e-26
1.222151e-26
0
0
0
-2.189423e-26
-2.098782e-26
1.546971e-26
6.120453e-28
2.254982e-27
-4.723537e-27
0
0
0
0
0
0
-7.665065e-27
4.845965e-27
1.211689e-28
-1.514215e-27
5.096741e-27
-3.27655e-28
-4.342873e-27
-4.560735e-27
-8.598751e-27
-1.272623e-27
1.752544e-27
3.041485e-27
1.114885e-26
7.620169e-27
-4.001652e-27
1.527689e-26
1.527689e-26
-1.222151e-26
0
0
0
0
0
0
-1.11798e-27
-2.874767e-27
4.811931e-27
-1.427434e-26
-8.402289e-27
1.527689e-27
-6.011219e-27
-9.712815e-27
4.376814e-27
0
0
0
0
0
0
1.795855e-28
-3.877499e-28
2.580642e-26
3.063956e-28
1.799585e-29
-1.276027e-28
-9.548056e-29
0
-1.527689e-27
0
0
0
1.630815e-28
5.781049e-29
-5.449571e-28
9.548056e-29
4.774028e-29
-1.909611e-28
0
0
0
-2.387014e-28
-1.432208e-28
4.774028e-29
4.177274e-28
3.819222e-28
0
0
0
0
-1.458181e-26
3.033699e-27
4.159791e-27
-3.055378e-27
9.166133e-27
1.222151e-26
0
0
0
3.126429e-28
3.794513e-28
-2.341185e-27
7.638444e-28
0
-1.145767e-27
0
0
0
-1.527689e-26
-9.548056e-27
3.055378e-27
1.852323e-26
2.138764e-26
-1.222151e-26
0
0
0
0
0
0
3.055378e-27
3.055378e-27
0
8.480426e-28
2.107286e-29
-3.177712e-28
0
0
0
4.379425e-27
3.506859e-26
-1.207928e-25
-1.174742e-26
-5.185042e-27
2.55507e-26
-6.110756e-27
-2.138764e-26
3.055378e-27
2.482494e-26
2.444302e-26
-2.444302e-26
0
0
0
1.060636e-28
-5.785711e-29
-1.397242e-28
9.548056e-29
1.909611e-28
0
0
0
0
1.104919e-25
-4.520307e-25
2.272579e-25
1.826213e-25
5.988911e-26
1.703365e-25
0
0
0
0
0
0
-6.110756e-27
-6.110756e-27
-3.055378e-27
1.222151e-26
1.222151e-26
0
7.012263e-25
-2.24784e-24
2.493101e-24
0
0
0
2.933163e-25
3.666453e-25
5.621895e-25
0
0
0
6.307871e-28
-2.495175e-28
-3.61241e-27
8.784211e-27
-2.100572e-27
5.728833e-28
0
0
0
0
-4.583067e-27
0
4.774028e-27
1.260343e-26
1.565881e-26
0
0
0
7.088476e-25
7.821767e-25
-7.821767e-25
-1.003293e-25
-1.17689e-24
1.467034e-24
0
0
0
3.739966e-27
2.104582e-27
-1.185814e-26
4.964989e-27
4.201144e-27
3.246339e-27
4.774028e-28
3.759547e-28
-1.909611e-28
-2.864417e-28
-5.728833e-28
-3.819222e-28
0
0
0
-1.157608e-28
2.638769e-29
5.32416e-29
-3.916195e-29
-3.081672e-29
-7.601147e-28
0
0
0
0
0
0
-6.245398e-28
2.875246e-25
9.018726e-26
-4.888604e-26
-1.955442e-25
0
-3.819222e-28
-3.819222e-28
-3.819222e-28
0
0
0
6.683639e-28
3.819222e-28
1.909611e-28
-3.166989e-28
1.361344e-29
1.014015e-28
-5.798299e-28
2.014043e-28
-7.717701e-28
0
0
0
0
0
0
0
0
-1.955442e-25
-6.227402e-27
1.319552e-25
-2.013055e-26
-3.251113e-26
-3.246339e-26
-2.597071e-26
4.888604e-26
2.444302e-26
-2.138764e-26
0
0
0
1.441433e-25
-4.828995e-25
1.812275e-25
0
0
0
0
0
0
-7.161042e-29
4.296625e-28
-1.527689e-27
-3.055378e-27
-6.110756e-27
0
1.050286e-27
-4.487586e-27
8.688731e-27
0
0
0
1.131034e-28
4.643488e-28
1.713335e-28
4.774028e-28
0
-3.819222e-28
0
0
0
3.580521e-28
3.819222e-28
0
-1.909611e-28
-1.909611e-28
3.819222e-28
0
4.888604e-26
-4.277529e-26
-1.222151e-26
-3.055378e-26
-3.666453e-26
-1.368809e-24
-1.271037e-24
2.933163e-25
0
0
0
1.989334e-28
3.487278e-28
-3.782391e-28
0
0
0
0
0
3.128707e-24
0
0
1.564353e-24
0
0
0
2.520687e-26
2.902609e-26
-1.680458e-26
0
0
0
3.804303e-29
-4.825311e-29
9.706568e-29
-4.057924e-28
0
-7.161042e-29
-5.992244e-28
8.067361e-28
-1.278498e-27
0
0
0
-2.291533e-27
0
-3.055378e-27
-5.077067e-28
2.283235e-27
-5.512137e-27
0
0
0
-1.909611e-28
7.638444e-28
-3.055378e-27
3.819222e-28
1.145767e-27
-1.527689e-27
0
0
0
1.222151e-26
1.833227e-26
1.222151e-26
3.910884e-25
7.821767e-25
0
0
0
0
7.590378e-27
5.936643e-26
1.010569e-25
1.350764e-25
9.012875e-26
-2.090922e-27
-2.549223e-29
1.461725e-29
-2.751722e-29
2.800079e-28
-6.216959e-28
-2.471865e-28
-4.149301e-30
-1.828956e-28
-1.445262e-29
2.275293e-27
-4.381742e-27
-1.869008e-27
3.299808e-25
1.955442e-25
0
-2.387014e-29
-4.774028e-29
2.387014e-29
0
0
0
-1.466581e-25
-9.777209e-26
3.910884e-25
-1.527689e-27
3.055378e-27
6.110756e-27
0
0
0
1.094017e-27
-1.126559e-27
-5.811353e-28
-6.110756e-27
0
0
0
0
0
1.565765e-26
-1.319958e-26
3.98967e-27
0
3.910884e-25
2.933163e-25
0
0
0
)
;
    }
    procBoundary0to1
    {
        type            processor;
        value           nonuniform List<scalar> 
1032
(
7.079104
7.079104
7.079104
7.079104
7.079104
7.079104
7.079104
7.079104
7.079104
7.079097
7.079097
7.079097
7.079104
7.079098
7.079104
7.079098
7.079104
7.079098
7.079098
7.079104
7.079098
7.079098
7.079104
7.079104
7.079104
7.079104
7.079098
7.079104
7.079098
7.079098
7.079098
7.079104
7.079098
7.079104
7.079104
7.079098
7.079104
7.079104
7.079098
7.079098
7.079104
7.079098
7.079104
7.079104
7.079104
7.079098
7.079098
7.079098
7.079104
7.079104
7.079097
7.079097
7.079104
7.079097
7.079097
7.079104
7.079097
7.079104
7.079104
7.079097
7.079104
7.079098
7.079098
7.079104
7.079098
7.079104
7.079098
7.079104
7.079098
7.079104
7.079104
7.079098
7.079097
7.079104
7.079097
7.079104
7.079104
7.079097
7.079104
7.079104
7.079104
7.079097
7.079097
7.079097
7.079104
7.079098
7.079104
7.079104
7.079098
7.079098
7.079104
7.079104
7.079104
7.079104
7.079104
7.079104
7.079104
7.079098
7.079104
7.079098
7.079104
7.079098
7.079104
7.079104
7.079098
7.079098
7.079104
7.079098
7.079104
7.079104
7.079104
7.079104
7.079104
7.079104
7.079096
7.079102
7.079102
7.079096
7.079096
7.079102
7.079098
7.079098
7.079098
7.079104
7.079104
7.079104
7.079098
7.079098
7.079098
7.079104
7.079104
7.079104
7.079098
7.079098
7.079098
7.079104
7.079098
7.079104
7.079104
7.079104
7.079098
7.079098
7.079104
7.079098
7.079104
7.079104
7.079098
7.079098
7.079104
7.079104
7.079098
7.079104
7.079096
7.079096
7.079103
7.079103
7.079096
7.079103
7.079098
7.079098
7.079104
7.079098
7.079104
7.079104
7.079104
7.079104
7.079104
7.079098
7.079098
7.079098
7.079098
7.079098
7.079098
7.079104
7.079104
7.079104
7.079104
7.079098
7.079098
7.079098
7.079104
7.079098
7.079098
7.079104
7.079098
7.079104
7.079097
7.079097
7.079104
7.079104
7.079097
7.079104
7.079098
7.079098
7.079104
7.079098
7.079104
7.079104
7.079098
7.079104
7.079104
7.079098
7.079104
7.079098
7.079104
7.079104
7.079098
7.079104
7.079104
7.079098
7.079098
7.079104
7.079098
7.079104
7.079104
7.079104
7.079098
7.079098
7.079098
7.079104
7.079104
7.079104
7.079104
7.079098
7.079098
7.079098
7.079097
7.079097
7.079097
7.079104
7.079104
7.079104
7.079104
7.079104
7.079097
7.079097
7.079104
7.079097
7.079104
7.079097
7.079104
7.079097
7.079104
7.079097
7.079098
7.079098
7.079098
7.079104
7.079104
7.079104
7.079098
7.079104
7.079098
7.079104
7.079098
7.079104
7.079104
7.079104
7.079104
7.079098
7.079104
7.079104
7.079098
7.079098
7.079104
7.079097
7.079104
7.079097
7.079104
7.079097
7.079104
7.079104
7.079098
7.079104
7.079098
7.079098
7.079104
7.079104
7.079104
7.079104
7.079104
7.079104
7.079098
7.079098
7.079098
7.079104
7.079104
7.079104
7.079104
7.079104
7.079104
7.079104
7.079104
7.079104
7.079098
7.079104
7.079104
7.079098
7.079104
7.079098
7.079098
7.079104
7.079104
7.079104
7.079098
7.079098
7.079104
7.079104
7.079097
7.079097
7.079104
7.079097
7.079104
7.079104
7.079104
7.079098
7.079098
7.079098
7.079104
7.079098
7.079098
7.079104
7.079098
7.079037
7.079037
7.079131
7.079131
7.079037
7.079131
7.079098
7.079104
7.079098
7.079098
7.079104
7.079104
7.079104
7.079104
7.079098
7.079098
7.079104
7.079098
7.079103
7.079103
7.079103
7.079096
7.079096
7.079096
7.079131
7.079131
7.079104
7.079131
7.079104
7.079104
7.079104
7.079098
7.079104
7.079098
7.079098
7.079104
7.079098
7.079104
7.079098
7.079098
7.079104
7.079104
7.079104
7.079104
7.079098
7.079104
7.079098
7.079098
7.079104
7.079104
7.079097
7.079098
7.079098
7.079104
7.079104
7.079104
7.079104
7.079098
7.079098
7.079098
7.079104
7.079104
7.079104
7.079098
7.079098
7.079098
7.079098
7.079098
7.079104
7.079104
7.079104
7.079098
7.079098
7.079098
7.079098
7.079104
7.079098
7.079104
7.079098
7.079104
7.079104
7.079104
7.079104
7.079098
7.079098
7.079098
7.079097
7.079104
7.079097
7.079097
7.079104
7.079104
7.079098
7.079098
7.079104
7.079104
7.079098
7.079104
7.079104
7.079104
7.079104
7.079098
7.079098
7.079098
7.079104
7.079098
7.079104
7.079104
7.079098
7.079098
7.079131
7.079131
7.079131
7.079104
7.079104
7.079104
7.079098
7.079098
7.079098
7.079104
7.079104
7.079104
7.079104
7.079098
7.079104
7.079104
7.079098
7.079098
7.079104
7.079104
7.079104
7.079104
7.079104
7.079104
7.079104
7.079104
7.079098
7.079098
7.079104
7.079098
7.079098
7.079104
7.079104
7.079104
7.079098
7.079098
7.079098
7.079104
7.079104
7.079098
7.079098
7.079104
7.079037
7.079037
7.079037
7.079104
7.079104
7.079104
7.079104
7.079104
7.079104
7.079098
7.079098
7.079098
7.079098
7.079104
7.079104
7.079098
7.079104
7.079098
7.079098
7.079104
7.079104
7.079098
7.079104
7.079098
7.079037
7.079037
7.079037
7.079131
7.079131
7.079131
7.079104
7.079098
7.079104
7.079098
7.079098
7.079104
7.079104
7.079098
7.079104
7.079098
7.079098
7.079104
7.079104
7.079098
7.079104
7.079098
7.079104
7.079098
7.079104
7.07913
7.07913
7.079104
7.079104
7.07913
7.079131
7.079131
7.079104
7.079104
7.079131
7.079104
7.079104
7.079104
7.079104
7.079104
7.079104
7.079104
7.079104
7.079104
7.079104
7.079104
7.079104
7.079104
7.079104
7.079104
7.079098
7.079098
7.079104
7.079098
7.079104
7.079104
7.079131
7.079131
7.079037
7.079131
7.079037
7.079037
7.079104
7.079098
7.079098
7.079104
7.079098
7.079104
7.079098
7.079104
7.079104
7.079098
7.079098
7.079104
7.079097
7.079097
7.079104
7.079104
7.079104
7.079097
7.079104
7.079037
7.079037
7.079037
7.079104
7.079104
7.079098
7.079104
7.079104
7.079098
7.079104
7.079098
7.079098
7.079098
7.079104
7.079104
7.079098
7.079104
7.079104
7.079104
7.079104
7.079104
7.079104
7.079104
7.079097
7.079097
7.079104
7.079097
7.079104
7.079104
7.079098
7.079098
7.079098
7.079104
7.079104
7.079104
7.079104
7.079104
7.079098
7.079104
7.079098
7.079098
7.079104
7.079104
7.079104
7.079104
7.079104
7.079104
7.079104
7.079098
7.079104
7.079098
7.079104
7.079098
7.079104
7.079104
7.079104
7.079098
7.079098
7.079098
7.079098
7.079098
7.079104
7.079098
7.079104
7.079104
7.079104
7.079104
7.079104
7.079104
7.079104
7.079104
7.079131
7.079131
7.079131
7.079104
7.079104
7.079104
7.079104
7.079098
7.079098
7.079098
7.079104
7.079104
7.079098
7.079104
7.079098
7.079098
7.079104
7.079104
7.079104
7.079037
7.079037
7.079104
7.079104
7.079037
7.079131
7.079037
7.079037
7.079037
7.079131
7.079131
7.079098
7.079098
7.079104
7.079098
7.079104
7.079104
7.079104
7.079104
7.079104
7.079098
7.079098
7.079098
7.079131
7.079131
7.079037
7.079131
7.079037
7.079037
7.079104
7.079104
7.079037
7.079104
7.079037
7.079037
7.079104
7.079098
7.079098
7.079104
7.079104
7.079098
7.079131
7.079131
7.079104
7.079131
7.079131
7.079131
7.079104
7.079104
7.079104
7.079104
7.079104
7.079104
7.079104
7.079104
7.079098
7.079098
7.079104
7.079104
7.079104
7.079098
7.079104
7.079131
7.079131
7.079104
7.079104
7.079131
7.079098
7.079104
7.079098
7.079098
7.079104
7.079104
7.079104
7.079104
7.079104
7.079104
7.079104
7.079104
7.079098
7.079098
7.079098
7.079104
7.079104
7.079104
7.079098
7.079098
7.079098
7.079104
7.079104
7.079104
7.079104
1.16286e-09
7.079104
1.672084e-09
5.59196e-10
7.079098
5.360515e-10
7.079098
7.079104
7.163107e-09
7.079104
8.264443e-09
7.079098
1.549294e-09
3.848759e-09
7.079098
7.079104
7.079098
7.079104
7.079098
7.079098
7.079104
7.079098
7.079104
7.079104
7.079098
7.079098
7.079104
7.079104
-5.949507e-09
7.079097
7.079097
-3.171893e-09
7.079097
7.079104
7.079104
7.079104
7.079098
7.079098
7.079098
7.079104
7.079097
7.079097
7.079104
7.079097
7.079104
7.079104
7.079104
7.079098
7.079098
7.079104
7.079098
-2.590647e-09
7.079104
-1.138378e-09
7.079131
7.079131
7.079131
7.079037
7.079037
7.079037
7.0791
7.0791
7.0791
7.079093
7.079093
7.079093
7.079104
7.079131
7.079104
7.079131
7.079131
7.079104
7.079098
7.079104
7.079098
7.079104
7.079098
7.079104
7.079104
7.079104
-1.251778e-09
7.079104
7.079098
-1.637185e-09
7.079104
7.079104
7.079098
7.079104
7.079098
7.079098
7.079104
7.079104
7.079104
7.079098
7.079098
7.079098
7.079104
7.079131
7.079131
7.079104
7.079131
7.079104
7.079104
7.079098
7.079104
7.079104
7.079098
7.079098
7.079104
7.079104
7.079104
7.079104
7.079104
7.079104
7.079098
7.079104
7.079104
7.079098
7.079104
7.079098
7.079104
7.079037
7.079104
7.079037
7.079104
7.079037
7.079104
7.079104
7.079098
7.079104
7.079098
7.079098
7.079037
7.079037
7.079037
7.079131
7.079131
7.079131
7.079104
7.079098
7.079098
7.079104
7.079104
7.079098
7.079131
7.079131
-9.470419e-10
7.079131
7.079104
2.42757e-09
7.079131
7.079104
7.079104
7.079104
7.079131
7.079131
7.079037
7.079131
7.079037
7.079131
7.079131
7.079037
7.079104
7.079098
7.079104
7.079104
7.079098
7.079098
7.079037
7.079037
7.079037
7.079104
7.079104
7.079104
7.079104
7.079098
7.079104
7.079104
7.079098
7.079098
7.079104
7.079104
7.079104
7.079104
7.079104
7.079104
7.079098
7.079098
7.079098
7.079104
7.079104
7.079104
7.079104
7.079104
7.079104
7.079104
7.079104
7.079104
7.079098
7.079104
7.079104
7.079098
7.079104
7.079098
7.079104
7.079104
7.079104
7.079104
7.079104
7.079104
7.079131
7.079131
7.079131
7.079104
7.079104
7.079104
7.079104
7.079037
7.079037
7.079104
7.079104
7.079037
7.079131
7.079131
7.079131
7.079037
7.079037
7.079037
7.079037
7.079037
1.697453e-09
3.020044e-09
7.079131
7.079037
7.079037
7.079104
7.079037
7.079037
7.079104
7.079104
7.079104
7.079104
7.079098
7.079098
7.079104
7.079098
7.079104
7.079104
7.079104
7.079104
7.079104
7.079104
7.079098
7.079098
7.079098
7.079104
7.079104
7.079104
7.079104
7.079104
7.079104
7.079104
7.079104
7.079104
7.079098
7.079104
7.079098
7.079098
7.079104
7.079104
)
;
    }
}


// ************************************************************************* //
