/*--------------------------------*- C++ -*----------------------------------*\
| =========                 |                                                 |
| \\      /  F ield         | OpenFOAM: The Open Source CFD Toolbox           |
|  \\    /   O peration     | Version:  2412                                  |
|   \\  /    A nd           | Website:  www.openfoam.com                      |
|    \\/     M anipulation  |                                                 |
\*---------------------------------------------------------------------------*/
FoamFile
{
    version     2.0;
    format      ascii;
    arch        "LSB;label=32;scalar=64";
    class       volScalarField;
    location    "100/neutroRegion";
    object      prec7;
}
// * * * * * * * * * * * * * * * * * * * * * * * * * * * * * * * * * * * * * //

dimensions      [0 -3 0 0 0 0 0];

internalField   nonuniform List<scalar> 
5831
(
7.665322e-308
9.610536e-308
7.665322e-308
9.610535e-308
7.665323e-308
9.610536e-308
1.113003e-307
7.665323e-308
9.610536e-308
1.113003e-307
7.665322e-308
9.610535e-308
1.113003e-307
7.665321e-308
9.610535e-308
1.498889e+14
1.910734e+14
2.218947e+14
1.498889e+14
1.910734e+14
2.218946e+14
1.46269e+14
1.850827e+14
2.145548e+14
1.490584e+14
1.894876e+14
2.198933e+14
1.490584e+14
1.894876e+14
2.198932e+14
1.49559e+14
1.907007e+14
2.214574e+14
1.498889e+14
1.910734e+14
2.218947e+14
1.46269e+14
1.850828e+14
2.145549e+14
1.490584e+14
1.894876e+14
2.198933e+14
1.49559e+14
1.907008e+14
2.214574e+14
1.490584e+14
1.894876e+14
2.198933e+14
1.498889e+14
1.910734e+14
2.218947e+14
1.46269e+14
1.850827e+14
1.490584e+14
1.894875e+14
1.498889e+14
1.910734e+14
2.218946e+14
1.490584e+14
1.894876e+14
2.198933e+14
1.49559e+14
1.907007e+14
1.498889e+14
1.910734e+14
1.498889e+14
1.910734e+14
1.462689e+14
1.850827e+14
1.490584e+14
1.894875e+14
1.498888e+14
1.910733e+14
1.495589e+14
1.907007e+14
1.490584e+14
1.894875e+14
1.498888e+14
1.910733e+14
1.490584e+14
1.894875e+14
1.498888e+14
1.910733e+14
1.495589e+14
1.907007e+14
1.462689e+14
1.850827e+14
1.490584e+14
1.894875e+14
1.46269e+14
1.850827e+14
2.145548e+14
1.490584e+14
1.894875e+14
1.49559e+14
1.907007e+14
2.214573e+14
1.490584e+14
1.894875e+14
2.198932e+14
1.498888e+14
1.910733e+14
1.498889e+14
1.910734e+14
2.218946e+14
1.448431e+14
1.841478e+14
2.135463e+14
1.340561e+14
1.677705e+14
1.935291e+14
1.391185e+14
1.75731e+14
2.032857e+14
1.470267e+14
1.872302e+14
2.172732e+14
1.448431e+14
1.841477e+14
2.135462e+14
1.391185e+14
1.75731e+14
2.032857e+14
1.340561e+14
1.677706e+14
1.935291e+14
1.448432e+14
1.841478e+14
2.135463e+14
1.448432e+14
1.841478e+14
2.135463e+14
1.391185e+14
1.75731e+14
2.032858e+14
1.391185e+14
1.75731e+14
2.032858e+14
1.470267e+14
1.872302e+14
2.172732e+14
1.470266e+14
1.872301e+14
1.448431e+14
1.841477e+14
1.448431e+14
1.841477e+14
2.135462e+14
1.391184e+14
1.757309e+14
1.391184e+14
1.757309e+14
2.032857e+14
1.340561e+14
1.677705e+14
1.391184e+14
1.757309e+14
1.391184e+14
1.757309e+14
1.448431e+14
1.841477e+14
1.448431e+14
1.841477e+14
1.340561e+14
1.677704e+14
1.470266e+14
1.872301e+14
1.448431e+14
1.841476e+14
1.470266e+14
1.872301e+14
1.448431e+14
1.841477e+14
1.391184e+14
1.757309e+14
1.391184e+14
1.757309e+14
1.34056e+14
1.677704e+14
1.470266e+14
1.872301e+14
2.172731e+14
1.448431e+14
1.841477e+14
2.135461e+14
1.34056e+14
1.677704e+14
1.935289e+14
1.448431e+14
1.841476e+14
1.391184e+14
1.757309e+14
2.032856e+14
1.391184e+14
1.757308e+14
1.465632e+14
1.867943e+14
2.168372e+14
1.491575e+14
1.902865e+14
2.21013e+14
1.491575e+14
1.902865e+14
2.21013e+14
1.465633e+14
1.867944e+14
2.168372e+14
1.438641e+14
1.832791e+14
2.127024e+14
1.438641e+14
1.832791e+14
2.127024e+14
1.465633e+14
1.867944e+14
2.168373e+14
1.438642e+14
1.832792e+14
2.127025e+14
1.491575e+14
1.902865e+14
2.210131e+14
1.438642e+14
1.832792e+14
2.127025e+14
1.491575e+14
1.902865e+14
2.210131e+14
1.465633e+14
1.867944e+14
2.168373e+14
1.491575e+14
1.902865e+14
2.210131e+14
1.491575e+14
1.902865e+14
2.21013e+14
1.465633e+14
1.867944e+14
2.168373e+14
1.465633e+14
1.867944e+14
2.168373e+14
1.438642e+14
1.832792e+14
2.127025e+14
1.438642e+14
1.832791e+14
2.127024e+14
1.465632e+14
1.867943e+14
1.438641e+14
1.832791e+14
1.491575e+14
1.902865e+14
1.438641e+14
1.83279e+14
1.491575e+14
1.902865e+14
1.465632e+14
1.867943e+14
1.491575e+14
1.902864e+14
1.465632e+14
1.867943e+14
1.438641e+14
1.83279e+14
1.465632e+14
1.867943e+14
1.491575e+14
1.902864e+14
1.438641e+14
1.83279e+14
1.491575e+14
1.902864e+14
1.491575e+14
1.902864e+14
1.465632e+14
1.867943e+14
1.438641e+14
1.83279e+14
1.465632e+14
1.867943e+14
1.438641e+14
1.83279e+14
6.999081e-308
8.658469e-308
9.963997e-308
6.662812e-308
8.239932e-308
9.480611e-308
6.540526e-308
8.086224e-308
9.302104e-308
6.890284e-308
8.523108e-308
9.807714e-308
6.890284e-308
8.523108e-308
9.807714e-308
6.662811e-308
8.239931e-308
9.480611e-308
6.890286e-308
8.523111e-308
9.807717e-308
6.540529e-308
8.086227e-308
9.302108e-308
6.662813e-308
8.239934e-308
9.480614e-308
6.999083e-308
8.658471e-308
9.964e-308
6.890286e-308
8.523112e-308
9.807718e-308
6.662814e-308
8.239935e-308
9.480615e-308
6.662809e-308
8.239928e-308
6.890281e-308
8.523104e-308
6.540524e-308
8.086219e-308
6.662809e-308
8.239928e-308
9.480605e-308
6.999079e-308
8.658464e-308
6.890282e-308
8.523105e-308
9.807708e-308
6.999078e-308
8.658465e-308
6.540524e-308
8.08622e-308
6.890281e-308
8.523104e-308
6.890281e-308
8.523105e-308
6.662808e-308
8.239928e-308
6.662808e-308
8.239928e-308
6.662808e-308
8.239927e-308
6.662808e-308
8.239927e-308
6.540523e-308
8.086219e-308
6.89028e-308
8.523103e-308
6.999077e-308
8.658463e-308
6.89028e-308
8.523103e-308
6.662806e-308
8.239925e-308
9.480602e-308
6.540521e-308
8.086216e-308
9.302094e-308
6.662806e-308
8.239924e-308
6.890279e-308
8.523101e-308
9.807705e-308
6.999076e-308
8.658461e-308
9.963987e-308
6.890279e-308
8.523101e-308
1.366121e+14
1.725505e+14
1.995936e+14
1.295358e+14
1.621048e+14
1.869898e+14
1.393764e+14
1.771369e+14
2.053688e+14
1.359028e+14
1.729856e+14
2.006778e+14
1.282253e+14
1.62051e+14
1.875106e+14
1.30733e+14
1.663249e+14
1.929401e+14
1.30733e+14
1.66325e+14
1.929402e+14
1.282253e+14
1.62051e+14
1.875107e+14
1.295359e+14
1.621048e+14
1.869899e+14
1.359029e+14
1.729856e+14
2.006779e+14
1.393764e+14
1.77137e+14
2.053689e+14
1.366121e+14
1.725506e+14
1.995937e+14
1.359029e+14
1.729856e+14
2.006779e+14
1.393764e+14
1.77137e+14
2.053688e+14
1.30733e+14
1.663249e+14
1.929401e+14
1.295358e+14
1.621048e+14
1.869897e+14
1.366121e+14
1.725505e+14
1.995935e+14
1.282253e+14
1.620509e+14
1.875106e+14
1.393764e+14
1.771369e+14
1.359028e+14
1.729855e+14
1.36612e+14
1.725505e+14
1.307329e+14
1.663248e+14
1.295358e+14
1.621047e+14
1.282252e+14
1.620509e+14
1.393763e+14
1.771369e+14
1.295358e+14
1.621047e+14
1.307329e+14
1.663248e+14
1.282252e+14
1.620509e+14
1.36612e+14
1.725504e+14
1.359028e+14
1.729855e+14
1.307329e+14
1.663248e+14
1.393763e+14
1.771368e+14
1.36612e+14
1.725504e+14
1.359028e+14
1.729855e+14
1.282252e+14
1.620508e+14
1.295358e+14
1.621047e+14
1.307329e+14
1.663248e+14
1.9294e+14
1.393764e+14
1.771369e+14
2.053687e+14
1.359028e+14
1.729855e+14
2.006778e+14
1.36612e+14
1.725504e+14
1.995935e+14
1.282252e+14
1.620509e+14
1.875105e+14
1.295357e+14
1.621047e+14
1.869897e+14
1.295359e+14
1.621048e+14
1.869898e+14
1.282253e+14
1.62051e+14
1.875107e+14
1.366121e+14
1.725506e+14
1.995936e+14
1.393764e+14
1.77137e+14
2.053689e+14
1.30733e+14
1.66325e+14
1.929402e+14
1.359029e+14
1.729856e+14
2.006779e+14
1.30733e+14
1.66325e+14
1.929402e+14
1.359029e+14
1.729856e+14
2.006779e+14
1.393764e+14
1.77137e+14
2.053689e+14
1.282253e+14
1.62051e+14
1.875107e+14
1.295359e+14
1.621048e+14
1.869899e+14
1.366121e+14
1.725506e+14
1.995936e+14
1.307329e+14
1.663248e+14
1.295358e+14
1.621047e+14
1.282252e+14
1.620509e+14
1.36612e+14
1.725505e+14
1.359028e+14
1.729855e+14
1.393764e+14
1.771369e+14
1.307329e+14
1.663248e+14
1.393764e+14
1.771369e+14
1.36612e+14
1.725505e+14
1.295358e+14
1.621047e+14
1.359028e+14
1.729855e+14
1.282252e+14
1.620509e+14
1.393763e+14
1.771369e+14
1.36612e+14
1.725504e+14
1.295358e+14
1.621047e+14
1.359028e+14
1.729855e+14
1.282252e+14
1.620509e+14
1.307329e+14
1.663248e+14
9.281082e+13
1.181139e+14
1.369172e+14
9.841987e+13
1.251219e+14
1.450064e+14
1.138353e+14
1.422983e+14
1.640355e+14
1.087125e+14
1.372571e+14
1.587022e+14
1.087126e+14
1.372571e+14
1.587021e+14
9.841986e+13
1.251219e+14
1.450064e+14
9.841997e+13
1.25122e+14
1.450065e+14
1.087126e+14
1.372572e+14
1.587022e+14
9.841995e+13
1.25122e+14
1.450065e+14
9.281088e+13
1.181139e+14
1.369173e+14
1.138353e+14
1.422983e+14
1.640356e+14
1.087126e+14
1.372572e+14
1.587022e+14
9.841984e+13
1.251218e+14
1.450062e+14
1.138352e+14
1.422982e+14
1.087125e+14
1.37257e+14
1.58702e+14
9.281076e+13
1.181138e+14
9.841982e+13
1.251218e+14
1.087125e+14
1.37257e+14
9.841988e+13
1.251219e+14
1.138352e+14
1.422982e+14
9.281081e+13
1.181138e+14
1.087125e+14
1.372571e+14
1.087125e+14
1.37257e+14
9.841986e+13
1.251219e+14
1.138352e+14
1.422982e+14
9.841985e+13
1.251219e+14
1.087125e+14
1.37257e+14
1.087125e+14
1.37257e+14
9.841985e+13
1.251219e+14
9.281078e+13
1.181138e+14
9.281074e+13
1.181137e+14
1.369171e+14
1.087125e+14
1.37257e+14
1.58702e+14
9.841977e+13
1.251218e+14
1.450062e+14
9.841979e+13
1.251218e+14
1.138352e+14
1.422981e+14
1.640353e+14
1.087125e+14
1.372569e+14
1.227055e+14
1.551981e+14
1.79647e+14
1.076283e+14
1.373325e+14
1.594771e+14
1.186311e+14
1.513984e+14
1.758832e+14
1.111865e+14
1.424407e+14
1.657203e+14
1.19644e+14
1.497282e+14
1.727116e+14
1.124815e+14
1.421823e+14
1.64506e+14
1.186311e+14
1.513985e+14
1.758833e+14
1.076284e+14
1.373326e+14
1.594772e+14
1.111866e+14
1.424408e+14
1.657204e+14
1.227056e+14
1.551982e+14
1.796471e+14
1.19644e+14
1.497283e+14
1.727117e+14
1.124816e+14
1.421824e+14
1.64506e+14
1.186311e+14
1.513984e+14
1.758832e+14
1.196439e+14
1.497282e+14
1.727116e+14
1.076283e+14
1.373325e+14
1.59477e+14
1.227055e+14
1.551981e+14
1.79647e+14
1.124815e+14
1.421822e+14
1.645059e+14
1.111865e+14
1.424408e+14
1.657203e+14
1.186311e+14
1.513983e+14
1.124815e+14
1.421822e+14
1.076283e+14
1.373325e+14
1.227055e+14
1.551981e+14
1.111865e+14
1.424407e+14
1.196439e+14
1.497281e+14
1.196439e+14
1.497281e+14
1.227055e+14
1.551981e+14
1.124815e+14
1.421822e+14
1.186311e+14
1.513983e+14
1.076283e+14
1.373325e+14
1.111865e+14
1.424407e+14
1.196439e+14
1.497281e+14
1.227055e+14
1.55198e+14
1.076282e+14
1.373324e+14
1.124814e+14
1.421821e+14
1.18631e+14
1.513983e+14
1.111865e+14
1.424407e+14
1.149843e+14
1.479774e+14
1.725522e+14
1.205132e+14
1.543532e+14
1.796022e+14
1.264184e+14
1.61496e+14
1.876836e+14
1.205132e+14
1.543531e+14
1.796022e+14
1.149842e+14
1.479773e+14
1.725522e+14
1.264184e+14
1.61496e+14
1.876836e+14
1.149843e+14
1.479775e+14
1.725524e+14
1.149843e+14
1.479775e+14
1.725524e+14
1.205133e+14
1.543533e+14
1.796023e+14
1.205133e+14
1.543532e+14
1.796023e+14
1.264184e+14
1.614961e+14
1.876837e+14
1.264184e+14
1.614961e+14
1.876837e+14
1.205133e+14
1.543533e+14
1.796023e+14
1.149844e+14
1.479775e+14
1.725524e+14
1.264184e+14
1.614961e+14
1.876837e+14
1.264185e+14
1.614961e+14
1.876837e+14
1.149844e+14
1.479775e+14
1.725524e+14
1.205134e+14
1.543533e+14
1.796024e+14
1.264184e+14
1.61496e+14
1.205132e+14
1.543532e+14
1.264183e+14
1.61496e+14
1.149843e+14
1.479773e+14
1.149843e+14
1.479773e+14
1.205132e+14
1.543531e+14
1.149843e+14
1.479773e+14
1.205132e+14
1.543531e+14
1.264184e+14
1.61496e+14
1.149843e+14
1.479773e+14
1.264183e+14
1.61496e+14
1.205132e+14
1.543532e+14
1.149843e+14
1.479773e+14
1.149843e+14
1.479773e+14
1.205132e+14
1.543531e+14
1.205132e+14
1.543531e+14
1.264183e+14
1.61496e+14
1.264183e+14
1.61496e+14
1.076282e+14
1.373324e+14
1.594769e+14
1.111865e+14
1.424407e+14
1.657202e+14
1.196439e+14
1.497281e+14
1.727115e+14
1.124814e+14
1.421821e+14
1.645058e+14
1.18631e+14
1.513983e+14
1.758831e+14
1.227055e+14
1.55198e+14
1.796469e+14
1.111866e+14
1.424408e+14
1.657203e+14
1.227056e+14
1.551982e+14
1.79647e+14
1.19644e+14
1.497282e+14
1.727117e+14
1.186311e+14
1.513984e+14
1.758833e+14
1.076283e+14
1.373326e+14
1.594771e+14
1.124815e+14
1.421823e+14
1.64506e+14
1.19644e+14
1.497283e+14
1.727117e+14
1.227056e+14
1.551982e+14
1.796471e+14
1.124816e+14
1.421824e+14
1.645061e+14
1.186312e+14
1.513985e+14
1.758834e+14
1.076284e+14
1.373327e+14
1.594772e+14
1.111866e+14
1.424409e+14
1.657204e+14
1.196439e+14
1.497281e+14
1.124815e+14
1.421822e+14
1.227055e+14
1.551981e+14
1.186311e+14
1.513983e+14
1.076283e+14
1.373325e+14
1.111865e+14
1.424407e+14
1.196439e+14
1.497282e+14
1.227055e+14
1.551981e+14
1.076283e+14
1.373325e+14
1.124815e+14
1.421822e+14
1.186311e+14
1.513984e+14
1.111865e+14
1.424407e+14
1.196439e+14
1.497281e+14
1.124815e+14
1.421822e+14
1.227055e+14
1.551981e+14
1.186311e+14
1.513983e+14
1.111865e+14
1.424407e+14
1.076283e+14
1.373325e+14
6.622432e+13
8.281958e+13
9.541865e+13
6.201505e+13
7.754548e+13
8.924951e+13
8.33115e+13
1.056156e+14
1.222406e+14
8.331151e+13
1.056156e+14
1.222406e+14
6.622431e+13
8.281956e+13
9.541864e+13
9.171544e+13
1.166165e+14
1.351145e+14
6.201512e+13
7.754554e+13
8.924956e+13
6.622443e+13
8.281971e+13
9.541879e+13
8.331167e+13
1.056158e+14
1.222409e+14
6.622442e+13
8.281969e+13
9.541877e+13
9.171559e+13
1.166167e+14
1.351147e+14
8.331168e+13
1.056158e+14
1.222409e+14
6.622429e+13
8.281951e+13
8.331152e+13
1.056156e+14
1.222406e+14
6.622428e+13
8.281951e+13
6.201495e+13
7.754533e+13
9.171542e+13
1.166165e+14
8.33115e+13
1.056156e+14
9.171549e+13
1.166166e+14
8.331154e+13
1.056156e+14
8.331153e+13
1.056156e+14
6.622434e+13
8.281959e+13
6.622435e+13
8.281961e+13
6.201509e+13
7.754552e+13
6.622435e+13
8.281959e+13
8.331157e+13
1.056157e+14
6.201503e+13
7.754543e+13
6.622435e+13
8.28196e+13
9.171548e+13
1.166166e+14
8.331157e+13
1.056157e+14
8.331153e+13
1.056156e+14
1.222406e+14
9.171542e+13
1.166165e+14
1.351144e+14
6.62243e+13
8.281952e+13
9.541856e+13
8.331152e+13
1.056156e+14
1.222406e+14
6.62243e+13
8.281954e+13
9.541861e+13
6.201498e+13
7.754538e+13
8.924939e+13
8.920392e+13
1.133879e+14
1.314148e+14
7.591848e+13
9.57634e+13
1.107839e+14
1.053854e+14
1.344963e+14
1.561231e+14
8.608981e+13
1.09942e+14
1.277423e+14
1.115281e+14
1.427999e+14
1.660271e+14
1.031323e+14
1.324888e+14
1.542808e+14
1.115281e+14
1.427999e+14
1.660272e+14
1.053855e+14
1.344963e+14
1.561232e+14
8.920404e+13
1.133881e+14
1.31415e+14
7.591866e+13
9.576362e+13
1.107841e+14
8.608995e+13
1.099422e+14
1.277425e+14
1.031324e+14
1.324889e+14
1.542809e+14
8.920391e+13
1.133879e+14
1.314148e+14
1.053854e+14
1.344962e+14
1.56123e+14
7.591854e+13
9.576346e+13
1.107839e+14
8.608986e+13
1.09942e+14
1.277424e+14
1.11528e+14
1.427998e+14
1.66027e+14
1.031323e+14
1.324888e+14
1.542808e+14
1.11528e+14
1.427998e+14
8.920392e+13
1.133879e+14
1.031323e+14
1.324888e+14
8.608981e+13
1.09942e+14
7.591848e+13
9.576339e+13
1.053854e+14
1.344962e+14
1.11528e+14
1.427998e+14
1.031323e+14
1.324888e+14
8.608986e+13
1.09942e+14
1.053854e+14
1.344962e+14
7.591857e+13
9.57635e+13
8.920394e+13
1.133879e+14
1.11528e+14
1.427997e+14
1.031323e+14
1.324888e+14
1.053853e+14
1.344961e+14
8.608983e+13
1.09942e+14
8.920389e+13
1.133878e+14
7.591852e+13
9.576344e+13
1.136299e+14
1.472297e+14
1.721822e+14
1.004897e+14
1.302648e+14
1.52375e+14
9.790937e+13
1.266082e+14
1.47911e+14
1.230506e+14
1.589259e+14
1.856002e+14
1.08407e+14
1.398805e+14
1.632331e+14
1.206452e+14
1.554938e+14
1.813937e+14
1.004898e+14
1.30265e+14
1.523752e+14
1.1363e+14
1.472299e+14
1.721823e+14
1.084071e+14
1.398806e+14
1.632332e+14
1.206453e+14
1.554939e+14
1.813939e+14
1.230507e+14
1.58926e+14
1.856004e+14
9.790945e+13
1.266083e+14
1.479111e+14
1.004898e+14
1.30265e+14
1.523751e+14
9.790944e+13
1.266082e+14
1.47911e+14
1.084071e+14
1.398806e+14
1.632332e+14
1.1363e+14
1.472299e+14
1.721823e+14
1.206453e+14
1.554938e+14
1.813938e+14
1.230507e+14
1.589261e+14
1.856003e+14
1.136299e+14
1.472297e+14
9.790939e+13
1.266082e+14
1.230506e+14
1.589259e+14
1.206452e+14
1.554937e+14
1.08407e+14
1.398805e+14
1.004897e+14
1.302648e+14
1.206452e+14
1.554937e+14
1.08407e+14
1.398805e+14
1.136299e+14
1.472297e+14
1.004897e+14
1.302648e+14
1.230506e+14
1.589259e+14
9.790938e+13
1.266082e+14
1.136299e+14
1.472297e+14
1.230506e+14
1.589259e+14
1.004897e+14
1.302648e+14
1.206452e+14
1.554937e+14
1.08407e+14
1.398805e+14
9.790938e+13
1.266082e+14
1.004897e+14
1.302648e+14
1.52375e+14
1.206452e+14
1.554937e+14
1.813937e+14
1.136299e+14
1.472297e+14
1.721821e+14
1.08407e+14
1.398804e+14
1.63233e+14
9.790933e+13
1.266081e+14
1.479109e+14
1.230506e+14
1.589259e+14
1.856002e+14
1.206453e+14
1.554938e+14
1.813938e+14
1.084071e+14
1.398806e+14
1.632332e+14
9.790943e+13
1.266082e+14
1.479111e+14
1.230507e+14
1.58926e+14
1.856003e+14
1.004898e+14
1.302649e+14
1.523751e+14
1.1363e+14
1.472298e+14
1.721823e+14
1.136301e+14
1.472299e+14
1.721824e+14
1.004898e+14
1.30265e+14
1.523752e+14
1.230508e+14
1.589261e+14
1.856004e+14
9.790951e+13
1.266083e+14
1.479112e+14
1.206454e+14
1.554939e+14
1.813939e+14
1.084072e+14
1.398807e+14
1.632333e+14
1.230507e+14
1.589259e+14
1.136299e+14
1.472297e+14
1.206452e+14
1.554937e+14
1.08407e+14
1.398805e+14
1.004897e+14
1.302649e+14
9.790938e+13
1.266082e+14
1.08407e+14
1.398805e+14
9.79094e+13
1.266082e+14
1.206452e+14
1.554937e+14
1.004897e+14
1.302649e+14
1.230507e+14
1.589259e+14
1.136299e+14
1.472297e+14
1.136299e+14
1.472297e+14
1.230506e+14
1.589259e+14
1.004897e+14
1.302648e+14
9.790938e+13
1.266082e+14
1.08407e+14
1.398805e+14
1.206452e+14
1.554937e+14
7.591852e+13
9.576344e+13
1.107839e+14
1.11528e+14
1.427997e+14
1.66027e+14
1.031323e+14
1.324887e+14
1.542807e+14
8.60898e+13
1.09942e+14
1.277423e+14
1.053853e+14
1.344961e+14
1.561229e+14
8.920387e+13
1.133879e+14
1.314148e+14
8.608984e+13
1.09942e+14
1.277423e+14
1.031323e+14
1.324889e+14
1.542808e+14
8.920392e+13
1.133879e+14
1.314148e+14
7.591848e+13
9.57634e+13
1.107839e+14
1.115281e+14
1.427999e+14
1.660271e+14
1.053854e+14
1.344963e+14
1.561231e+14
8.920407e+13
1.133881e+14
1.31415e+14
7.591866e+13
9.576362e+13
1.107841e+14
1.053855e+14
1.344964e+14
1.561232e+14
8.608997e+13
1.099422e+14
1.277425e+14
1.115282e+14
1.428e+14
1.660273e+14
1.031325e+14
1.32489e+14
1.54281e+14
7.591851e+13
9.576342e+13
1.053853e+14
1.344961e+14
1.031323e+14
1.324888e+14
8.60898e+13
1.09942e+14
8.920387e+13
1.133878e+14
1.11528e+14
1.427998e+14
1.053854e+14
1.344962e+14
1.11528e+14
1.427998e+14
1.031323e+14
1.324888e+14
8.920393e+13
1.133879e+14
7.591851e+13
9.576343e+13
8.608983e+13
1.09942e+14
8.608986e+13
1.09942e+14
1.031323e+14
1.324888e+14
1.11528e+14
1.427998e+14
7.591855e+13
9.576347e+13
8.920393e+13
1.133879e+14
1.053854e+14
1.344962e+14
3.241472e+13
3.978674e+13
4.544807e+13
2.679874e+13
3.285538e+13
3.749891e+13
4.526457e+13
5.577107e+13
6.384794e+13
4.526457e+13
5.577108e+13
6.384794e+13
3.24147e+13
3.978673e+13
4.544806e+13
5.144038e+13
6.389882e+13
7.331734e+13
3.241472e+13
3.978674e+13
4.544806e+13
2.679875e+13
3.285539e+13
3.749891e+13
4.526457e+13
5.577106e+13
6.384791e+13
3.241472e+13
3.978674e+13
4.544806e+13
4.526458e+13
5.577107e+13
6.384793e+13
5.144038e+13
6.389881e+13
7.331732e+13
3.241464e+13
3.978663e+13
3.241464e+13
3.978663e+13
4.526447e+13
5.577093e+13
2.679868e+13
3.285529e+13
4.526447e+13
5.577093e+13
5.144027e+13
6.389866e+13
5.144044e+13
6.389888e+13
2.679877e+13
3.28554e+13
4.526459e+13
5.57711e+13
4.526461e+13
5.577111e+13
3.241472e+13
3.978674e+13
3.241473e+13
3.978675e+13
2.679873e+13
3.285535e+13
3.241468e+13
3.978668e+13
4.526452e+13
5.577099e+13
3.241468e+13
3.978668e+13
4.526452e+13
5.5771e+13
5.144032e+13
6.389873e+13
3.241466e+13
3.978666e+13
4.544796e+13
2.679871e+13
3.285532e+13
3.749884e+13
3.241466e+13
3.978666e+13
4.544798e+13
4.526449e+13
5.577095e+13
6.384777e+13
5.14403e+13
6.389871e+13
7.33172e+13
4.526449e+13
5.577096e+13
6.384781e+13
2.591664e-308
3.198479e-308
3.67705e-308
2.928721e-308
3.628828e-308
4.177079e-308
2.767707e-308
3.416216e-308
3.924699e-308
2.104347e-308
2.569851e-308
2.942638e-308
2.325384e-308
2.848162e-308
3.261334e-308
2.000804e-308
2.435024e-308
2.783027e-308
2.76771e-308
3.416218e-308
3.9247e-308
2.928726e-308
3.628834e-308
4.177085e-308
2.325384e-308
2.848162e-308
3.261332e-308
2.000804e-308
2.435025e-308
2.783027e-308
2.591667e-308
3.198482e-308
3.677054e-308
2.104348e-308
2.569852e-308
2.942638e-308
2.104344e-308
2.569846e-308
2.942631e-308
2.591662e-308
3.198476e-308
3.677046e-308
2.928721e-308
3.628827e-308
4.177077e-308
2.325379e-308
2.848155e-308
3.261325e-308
2.000799e-308
2.435018e-308
2.783019e-308
2.767703e-308
3.41621e-308
3.924692e-308
2.591665e-308
3.19848e-308
2.104348e-308
2.569852e-308
2.928722e-308
3.628829e-308
2.767708e-308
3.416217e-308
2.000805e-308
2.435025e-308
2.325385e-308
2.848163e-308
2.928723e-308
3.628829e-308
2.767706e-308
3.416214e-308
2.591663e-308
3.198478e-308
2.325382e-308
2.848158e-308
2.104345e-308
2.569849e-308
2.000802e-308
2.435021e-308
2.32538e-308
2.848155e-308
2.0008e-308
2.435019e-308
2.104344e-308
2.569847e-308
2.767704e-308
3.416211e-308
2.591662e-308
3.198476e-308
2.928721e-308
3.628827e-308
7.63209e+13
9.744019e+13
1.132362e+14
8.163719e+13
1.051042e+14
1.225743e+14
5.865357e+13
7.358167e+13
8.500058e+13
5.004509e+13
6.355722e+13
7.382364e+13
4.732444e+13
5.943018e+13
6.870357e+13
6.797896e+13
8.738465e+13
1.019001e+14
5.004522e+13
6.355739e+13
7.382383e+13
6.797915e+13
8.738488e+13
1.019004e+14
4.732452e+13
5.943027e+13
6.870366e+13
5.865373e+13
7.358186e+13
8.500079e+13
7.632108e+13
9.744042e+13
1.132364e+14
8.163733e+13
1.051044e+14
1.225745e+14
7.632101e+13
9.744032e+13
1.132363e+14
8.163729e+13
1.051043e+14
1.225745e+14
5.865363e+13
7.358173e+13
8.500064e+13
6.797912e+13
8.738485e+13
1.019003e+14
4.732445e+13
5.943019e+13
6.870357e+13
5.004518e+13
6.355733e+13
7.382377e+13
5.86536e+13
7.358169e+13
4.732447e+13
5.94302e+13
5.004511e+13
6.355724e+13
7.632091e+13
9.744019e+13
8.163721e+13
1.051042e+14
6.7979e+13
8.738468e+13
4.732446e+13
5.94302e+13
6.797909e+13
8.738479e+13
5.865366e+13
7.358176e+13
7.6321e+13
9.744031e+13
5.004515e+13
6.35573e+13
8.163726e+13
1.051043e+14
7.632099e+13
9.744028e+13
8.163726e+13
1.051043e+14
5.865363e+13
7.358172e+13
6.797908e+13
8.738479e+13
4.732444e+13
5.943017e+13
5.004515e+13
6.35573e+13
6.993339e+13
9.020896e+13
1.053734e+14
5.278279e+13
6.760108e+13
7.883678e+13
5.278281e+13
6.760111e+13
7.883682e+13
8.664477e+13
1.122755e+14
1.313454e+14
8.664475e+13
1.122755e+14
1.313454e+14
6.993333e+13
9.02089e+13
1.053733e+14
5.278285e+13
6.760115e+13
7.883686e+13
6.993342e+13
9.0209e+13
1.053734e+14
8.664485e+13
1.122756e+14
1.313455e+14
6.993348e+13
9.020907e+13
1.053735e+14
5.278289e+13
6.76012e+13
7.883692e+13
8.664486e+13
1.122756e+14
1.313456e+14
8.664491e+13
1.122757e+14
1.313456e+14
6.993349e+13
9.020908e+13
1.053735e+14
6.993351e+13
9.020911e+13
1.053735e+14
8.664488e+13
1.122756e+14
1.313456e+14
5.278295e+13
6.760128e+13
7.883701e+13
5.278296e+13
6.760129e+13
7.883702e+13
5.278283e+13
6.760112e+13
6.993339e+13
9.020896e+13
5.278286e+13
6.760116e+13
6.993343e+13
9.0209e+13
8.664482e+13
1.122756e+14
8.664482e+13
1.122756e+14
5.278283e+13
6.760111e+13
6.993339e+13
9.020895e+13
5.278286e+13
6.760116e+13
8.664481e+13
1.122756e+14
6.993342e+13
9.020899e+13
8.664481e+13
1.122756e+14
5.278292e+13
6.760122e+13
5.278291e+13
6.760121e+13
6.993343e+13
9.0209e+13
6.993343e+13
9.0209e+13
8.664482e+13
1.122756e+14
8.664481e+13
1.122755e+14
5.865363e+13
7.358173e+13
8.500064e+13
7.632096e+13
9.744027e+13
1.132363e+14
4.732443e+13
5.943016e+13
6.870354e+13
8.163722e+13
1.051042e+14
1.225744e+14
5.004513e+13
6.355728e+13
7.382371e+13
6.797903e+13
8.738475e+13
1.019002e+14
8.163724e+13
1.051043e+14
1.225744e+14
7.632093e+13
9.744023e+13
1.132362e+14
6.7979e+13
8.738471e+13
1.019002e+14
5.865362e+13
7.358172e+13
8.500064e+13
5.004512e+13
6.355727e+13
7.38237e+13
4.732447e+13
5.943023e+13
6.870362e+13
4.732452e+13
5.943027e+13
6.870365e+13
5.004522e+13
6.355739e+13
7.382382e+13
6.797915e+13
8.738489e+13
1.019004e+14
5.865373e+13
7.358185e+13
8.500077e+13
8.163736e+13
1.051044e+14
1.225746e+14
7.632109e+13
9.744043e+13
1.132364e+14
8.163725e+13
1.051043e+14
6.797906e+13
8.738478e+13
5.004515e+13
6.35573e+13
5.865363e+13
7.358172e+13
7.632096e+13
9.744026e+13
4.732443e+13
5.943016e+13
8.163723e+13
1.051042e+14
7.632094e+13
9.744023e+13
6.797899e+13
8.738468e+13
5.865364e+13
7.358173e+13
5.004512e+13
6.355726e+13
4.732448e+13
5.943023e+13
4.732445e+13
5.943018e+13
5.004515e+13
6.355729e+13
5.865365e+13
7.358174e+13
7.632099e+13
9.744028e+13
8.163725e+13
1.051042e+14
6.797906e+13
8.738477e+13
2.0008e-308
2.435019e-308
2.783021e-308
2.104343e-308
2.569847e-308
2.942632e-308
2.767704e-308
3.416212e-308
3.924693e-308
2.325379e-308
2.848156e-308
3.261326e-308
2.92872e-308
3.628827e-308
4.177077e-308
2.591661e-308
3.198475e-308
3.677046e-308
2.325384e-308
2.848162e-308
3.261334e-308
2.928722e-308
3.628829e-308
4.17708e-308
2.591664e-308
3.19848e-308
3.677051e-308
2.767707e-308
3.416216e-308
3.924698e-308
2.000804e-308
2.435024e-308
2.783027e-308
2.104348e-308
2.569852e-308
2.942639e-308
2.928726e-308
3.628834e-308
4.177085e-308
2.325384e-308
2.848161e-308
3.261332e-308
2.767708e-308
3.416217e-308
3.924699e-308
2.591666e-308
3.198481e-308
3.677052e-308
2.104347e-308
2.569851e-308
2.942637e-308
2.000804e-308
2.435024e-308
2.783025e-308
2.591661e-308
3.198474e-308
2.104343e-308
2.569846e-308
2.325379e-308
2.848155e-308
2.928719e-308
3.628825e-308
2.000799e-308
2.435018e-308
2.767702e-308
3.41621e-308
2.591666e-308
3.198481e-308
2.928723e-308
3.62883e-308
2.767709e-308
3.416218e-308
2.104349e-308
2.569853e-308
2.325386e-308
2.848164e-308
2.000805e-308
2.435026e-308
2.325381e-308
2.848157e-308
2.767705e-308
3.416213e-308
2.000801e-308
2.43502e-308
2.928722e-308
3.628829e-308
2.104344e-308
2.569848e-308
2.591662e-308
3.198477e-308
4.904111e-309
5.917406e-309
6.72757e-309
4.904111e-309
5.917407e-309
6.727571e-309
6.827006e-310
8.196222e-310
9.30106e-310
1.380929e-309
1.661531e-309
1.887087e-309
7.35813e-309
8.929757e-309
1.016815e-308
1.380929e-309
1.661532e-309
1.887087e-309
4.904112e-309
5.917407e-309
6.72757e-309
6.827011e-310
8.196227e-310
9.301064e-310
4.904113e-309
5.917408e-309
6.727572e-309
1.380929e-309
1.661532e-309
1.887087e-309
7.358133e-309
8.929758e-309
1.016815e-308
1.38093e-309
1.661533e-309
1.887088e-309
1.380928e-309
1.661529e-309
4.904102e-309
5.917394e-309
6.826998e-310
8.19621e-310
7.358117e-309
8.929738e-309
4.904102e-309
5.917394e-309
1.380928e-309
1.66153e-309
6.827016e-310
8.196232e-310
7.358137e-309
8.929763e-309
1.380931e-309
1.661534e-309
4.904114e-309
5.917409e-309
4.904115e-309
5.917411e-309
1.38093e-309
1.661533e-309
6.827003e-310
8.196216e-310
4.904107e-309
5.9174e-309
1.380928e-309
1.66153e-309
4.904107e-309
5.9174e-309
7.358123e-309
8.929746e-309
1.380928e-309
1.66153e-309
6.827002e-310
8.196215e-310
9.301052e-310
4.904104e-309
5.917396e-309
6.727557e-309
7.35812e-309
8.929742e-309
1.016813e-308
1.380928e-309
1.661531e-309
1.887085e-309
1.380928e-309
1.661529e-309
1.887084e-309
4.904104e-309
5.917397e-309
6.72756e-309
6.198867e-309
7.487275e-309
8.518406e-309
2.187237e-309
2.633931e-309
2.994218e-309
1.179355e-308
1.43235e-308
1.632881e-308
8.53596e-309
1.030819e-308
1.174422e-308
2.65059e-309
3.19223e-309
3.631992e-309
1.432403e-308
1.736029e-308
1.980182e-308
1.179355e-308
1.43235e-308
1.632881e-308
6.198867e-309
7.487274e-309
8.518405e-309
1.432403e-308
1.736029e-308
1.980182e-308
2.650595e-309
3.192235e-309
3.631996e-309
8.535968e-309
1.03082e-308
1.174422e-308
2.187239e-309
2.633933e-309
2.99422e-309
1.4324e-308
1.736025e-308
1.980177e-308
8.535943e-309
1.030817e-308
1.174419e-308
2.650587e-309
3.192225e-309
3.631985e-309
1.179352e-308
1.432347e-308
1.632876e-308
6.198854e-309
7.487258e-309
8.518385e-309
2.187234e-309
2.633926e-309
2.994212e-309
8.535962e-309
1.030819e-308
2.187239e-309
2.633933e-309
2.650591e-309
3.19223e-309
6.19887e-309
7.487278e-309
1.179355e-308
1.432351e-308
1.432403e-308
1.736029e-308
6.198862e-309
7.487267e-309
2.187236e-309
2.63393e-309
2.650592e-309
3.19223e-309
1.179353e-308
1.432349e-308
8.535957e-309
1.030819e-308
1.432401e-308
1.736028e-308
6.198856e-309
7.487258e-309
2.187234e-309
2.633926e-309
2.650588e-309
3.192226e-309
1.179352e-308
1.432347e-308
8.535946e-309
1.030817e-308
1.4324e-308
1.736025e-308
3.014727e-309
3.689934e-309
4.234641e-309
9.219445e-309
1.135792e-308
1.306974e-308
2.975825e-309
3.606734e-309
4.118945e-309
1.563077e-308
1.930225e-308
2.220733e-308
9.023359e-309
1.093402e-308
1.248162e-308
1.596922e-308
1.948559e-308
2.231035e-308
3.014727e-309
3.689933e-309
4.23464e-309
9.219442e-309
1.135791e-308
1.306973e-308
2.975828e-309
3.606737e-309
4.118948e-309
9.023372e-309
1.093403e-308
1.248164e-308
1.563078e-308
1.930225e-308
2.220733e-308
1.596923e-308
1.94856e-308
2.231036e-308
9.023343e-309
1.0934e-308
1.24816e-308
1.596919e-308
1.948555e-308
2.23103e-308
9.219432e-309
1.13579e-308
1.306972e-308
2.975818e-309
3.606725e-309
4.118935e-309
1.563074e-308
1.930222e-308
2.220729e-308
3.01472e-309
3.689926e-309
4.234632e-309
3.014728e-309
3.689935e-309
2.975826e-309
3.606734e-309
9.023362e-309
1.093402e-308
9.21945e-309
1.135792e-308
1.596922e-308
1.948559e-308
1.563077e-308
1.930225e-308
1.596921e-308
1.948557e-308
1.563075e-308
1.930223e-308
9.023356e-309
1.093401e-308
9.21943e-309
1.13579e-308
2.975823e-309
3.606731e-309
3.014722e-309
3.689927e-309
9.21943e-309
1.13579e-308
1.563074e-308
1.930221e-308
3.01472e-309
3.689925e-309
1.596919e-308
1.948555e-308
2.97582e-309
3.606726e-309
9.023343e-309
1.0934e-308
3.185483e-309
3.967608e-309
4.594881e-309
9.765025e-309
1.222852e-308
1.418838e-308
9.433138e-309
1.172158e-308
1.3545e-308
1.678661e-308
2.119487e-308
2.464189e-308
3.119584e-309
3.867597e-309
4.468003e-309
1.638989e-308
2.060883e-308
2.391117e-308
3.18547e-309
3.967591e-309
4.594861e-309
9.76501e-309
1.22285e-308
1.418835e-308
3.119572e-309
3.867581e-309
4.467983e-309
1.678663e-308
2.119488e-308
2.464191e-308
9.433109e-309
1.172154e-308
1.354495e-308
1.63899e-308
2.060883e-308
2.391117e-308
9.433127e-309
1.172156e-308
1.354498e-308
3.11958e-309
3.867591e-309
4.467996e-309
9.765042e-309
1.222854e-308
1.41884e-308
1.638991e-308
2.060885e-308
2.391119e-308
3.185477e-309
3.967601e-309
4.594872e-309
1.678667e-308
2.119493e-308
2.464196e-308
9.433145e-309
1.172159e-308
1.638991e-308
2.060884e-308
1.678663e-308
2.119488e-308
3.119587e-309
3.8676e-309
3.185486e-309
3.967611e-309
9.765032e-309
1.222853e-308
9.433101e-309
1.172153e-308
1.638988e-308
2.060881e-308
1.678662e-308
2.119486e-308
3.119568e-309
3.867576e-309
9.765004e-309
1.222849e-308
3.185466e-309
3.967587e-309
9.433123e-309
1.172156e-308
3.119579e-309
3.867589e-309
9.765032e-309
1.222852e-308
1.63899e-308
2.060883e-308
3.185475e-309
3.967597e-309
1.678665e-308
2.119491e-308
1.638987e-308
2.06088e-308
2.391114e-308
9.433092e-309
1.172152e-308
1.354493e-308
9.764995e-309
1.222848e-308
1.418833e-308
1.67866e-308
2.119485e-308
2.464187e-308
3.119566e-309
3.867573e-309
4.467976e-309
3.185463e-309
3.967583e-309
4.594852e-309
3.119589e-309
3.867603e-309
4.468009e-309
9.433147e-309
1.172159e-308
1.354501e-308
1.678663e-308
2.119489e-308
2.464192e-308
3.185486e-309
3.967612e-309
4.594885e-309
1.638991e-308
2.060885e-308
2.39112e-308
9.765032e-309
1.222853e-308
1.418839e-308
1.678667e-308
2.119494e-308
2.464197e-308
1.638992e-308
2.060886e-308
2.39112e-308
9.433136e-309
1.172158e-308
1.354499e-308
9.765041e-309
1.222854e-308
1.41884e-308
3.18548e-309
3.967604e-309
4.594875e-309
3.119584e-309
3.867595e-309
4.468001e-309
9.765003e-309
1.222849e-308
3.119568e-309
3.867576e-309
1.638988e-308
2.060881e-308
1.678661e-308
2.119486e-308
3.185465e-309
3.967585e-309
9.433096e-309
1.172153e-308
9.765032e-309
1.222853e-308
3.119588e-309
3.867601e-309
1.638991e-308
2.060884e-308
1.678663e-308
2.119488e-308
3.185484e-309
3.967609e-309
9.433146e-309
1.172159e-308
1.678665e-308
2.119491e-308
9.765029e-309
1.222852e-308
1.63899e-308
2.060883e-308
9.433123e-309
1.172156e-308
3.185476e-309
3.967599e-309
3.119579e-309
3.86759e-309
3.014721e-309
3.689926e-309
4.234631e-309
9.219424e-309
1.135789e-308
1.306971e-308
2.975821e-309
3.606728e-309
4.118938e-309
9.023351e-309
1.093401e-308
1.248161e-308
1.563074e-308
1.930222e-308
2.220729e-308
1.596919e-308
1.948556e-308
2.231031e-308
9.023363e-309
1.093402e-308
1.248163e-308
2.975825e-309
3.606734e-309
4.118945e-309
1.563078e-308
1.930226e-308
2.220734e-308
9.219448e-309
1.135793e-308
1.306975e-308
3.014727e-309
3.689935e-309
4.234643e-309
1.596922e-308
1.94856e-308
2.231036e-308
9.219444e-309
1.135792e-308
1.306974e-308
3.014726e-309
3.689932e-309
4.234639e-309
2.975826e-309
3.606734e-309
4.118944e-309
1.563077e-308
1.930224e-308
2.220732e-308
1.596922e-308
1.948559e-308
2.231034e-308
9.023362e-309
1.093402e-308
1.248162e-308
9.219426e-309
1.135789e-308
3.014719e-309
3.689924e-309
1.563075e-308
1.930222e-308
9.023349e-309
1.0934e-308
2.975819e-309
3.606726e-309
1.596919e-308
1.948555e-308
2.975828e-309
3.606736e-309
3.014728e-309
3.689936e-309
9.023367e-309
1.093403e-308
1.563078e-308
1.930226e-308
9.21945e-309
1.135793e-308
1.596923e-308
1.94856e-308
1.59692e-308
1.948556e-308
9.023347e-309
1.0934e-308
2.97582e-309
3.606727e-309
1.563074e-308
1.930221e-308
3.014723e-309
3.689928e-309
9.21943e-309
1.13579e-308
2.187236e-309
2.633929e-309
2.994215e-309
2.650589e-309
3.192227e-309
3.631988e-309
6.198858e-309
7.487263e-309
8.518392e-309
8.535947e-309
1.030818e-308
1.17442e-308
1.179352e-308
1.432347e-308
1.632878e-308
1.4324e-308
1.736025e-308
1.980178e-308
6.198866e-309
7.487273e-309
8.518404e-309
2.187237e-309
2.633931e-309
2.994218e-309
8.535959e-309
1.030819e-308
1.174422e-308
1.179354e-308
1.43235e-308
1.632881e-308
1.432402e-308
1.736029e-308
1.980182e-308
2.65059e-309
3.19223e-309
3.631992e-309
2.187239e-309
2.633933e-309
2.994219e-309
6.198868e-309
7.487275e-309
8.518405e-309
1.179355e-308
1.43235e-308
1.632881e-308
2.650594e-309
3.192233e-309
3.631994e-309
8.535962e-309
1.03082e-308
1.174422e-308
1.432403e-308
1.736029e-308
1.980182e-308
1.4324e-308
1.736025e-308
1.179352e-308
1.432347e-308
6.198854e-309
7.487258e-309
8.535944e-309
1.030817e-308
2.187234e-309
2.633928e-309
2.650588e-309
3.192226e-309
1.432404e-308
1.736031e-308
1.179355e-308
1.432351e-308
6.198872e-309
7.487281e-309
8.535965e-309
1.03082e-308
2.18724e-309
2.633935e-309
2.650594e-309
3.192234e-309
8.535949e-309
1.030818e-308
6.19886e-309
7.487264e-309
2.187234e-309
2.633928e-309
2.650588e-309
3.192226e-309
1.179353e-308
1.432348e-308
1.432401e-308
1.736026e-308
2.791772e-308
3.977961e-308
5.593733e-308
2.791772e-308
3.977961e-308
5.593733e-308
2.791773e-308
3.977961e-308
5.593733e-308
2.791772e-308
3.977961e-308
5.593733e-308
2.791772e-308
3.977961e-308
5.593733e-308
2.791772e-308
3.977961e-308
5.593733e-308
2.688652e-308
3.964261e-308
5.686611e-308
2.688652e-308
3.964261e-308
5.686612e-308
2.678432e-308
3.950674e-308
5.669421e-308
2.734957e-308
3.987662e-308
5.66215e-308
2.713285e-308
3.985478e-308
5.69272e-308
2.713285e-308
3.985478e-308
5.692719e-308
2.734957e-308
3.987662e-308
5.66215e-308
2.713285e-308
3.985479e-308
5.69272e-308
2.688652e-308
3.964261e-308
5.686612e-308
2.678433e-308
3.950675e-308
5.669422e-308
2.713285e-308
3.985478e-308
5.69272e-308
2.688652e-308
3.964261e-308
5.686612e-308
2.713284e-308
3.985478e-308
5.692719e-308
2.688652e-308
3.964261e-308
5.686611e-308
2.678432e-308
3.950674e-308
5.669421e-308
2.688651e-308
3.96426e-308
5.68661e-308
2.734957e-308
3.987661e-308
5.662149e-308
2.713285e-308
3.985478e-308
5.692719e-308
2.688651e-308
3.96426e-308
5.68661e-308
2.678431e-308
3.950673e-308
5.669419e-308
2.713284e-308
3.985477e-308
5.692718e-308
2.68865e-308
3.964259e-308
5.686609e-308
2.734956e-308
3.987661e-308
5.662149e-308
2.713284e-308
3.985477e-308
5.692718e-308
2.68865e-308
3.964259e-308
5.686609e-308
2.688651e-308
3.964259e-308
5.686609e-308
2.678431e-308
3.950672e-308
5.669419e-308
2.734957e-308
3.987661e-308
5.662149e-308
2.713284e-308
3.985477e-308
5.692718e-308
2.713284e-308
3.985477e-308
5.692718e-308
2.734957e-308
3.987661e-308
5.662149e-308
2.713284e-308
3.985477e-308
5.692718e-308
2.678432e-308
3.950674e-308
5.66942e-308
2.713285e-308
3.985478e-308
5.692719e-308
2.688651e-308
3.96426e-308
5.68661e-308
2.688651e-308
3.96426e-308
5.68661e-308
2.60075e-308
3.795125e-308
5.369693e-308
2.632599e-308
3.791599e-308
5.300159e-308
2.60075e-308
3.795125e-308
5.369694e-308
2.647095e-308
3.898984e-308
5.584181e-308
2.62705e-308
3.862402e-308
5.517892e-308
2.627049e-308
3.862401e-308
5.517891e-308
2.632599e-308
3.7916e-308
5.30016e-308
2.62705e-308
3.862402e-308
5.517892e-308
2.62705e-308
3.862402e-308
5.517892e-308
2.60075e-308
3.795125e-308
5.369694e-308
2.60075e-308
3.795125e-308
5.369694e-308
2.647095e-308
3.898984e-308
5.584181e-308
2.647095e-308
3.898983e-308
5.58418e-308
2.627049e-308
3.862401e-308
5.51789e-308
2.627049e-308
3.862402e-308
5.517891e-308
2.632598e-308
3.791598e-308
5.300158e-308
2.600749e-308
3.795124e-308
5.369692e-308
2.60075e-308
3.795125e-308
5.369693e-308
2.600749e-308
3.795123e-308
5.369691e-308
2.627048e-308
3.8624e-308
5.517889e-308
2.627048e-308
3.8624e-308
5.517889e-308
2.600749e-308
3.795123e-308
5.369691e-308
2.647093e-308
3.898982e-308
5.584178e-308
2.632597e-308
3.791597e-308
5.300157e-308
2.627048e-308
3.8624e-308
5.517889e-308
2.632597e-308
3.791597e-308
5.300156e-308
2.600748e-308
3.795123e-308
5.36969e-308
2.627048e-308
3.8624e-308
5.517889e-308
2.600748e-308
3.795122e-308
5.36969e-308
2.647093e-308
3.898981e-308
5.584177e-308
2.647094e-308
3.898983e-308
5.584179e-308
2.627049e-308
3.862401e-308
5.51789e-308
2.627048e-308
3.8624e-308
5.517889e-308
2.600749e-308
3.795123e-308
5.369691e-308
2.632597e-308
3.791597e-308
5.300156e-308
2.600749e-308
3.795123e-308
5.369691e-308
2.664179e-308
3.932508e-308
5.648405e-308
2.664179e-308
3.932508e-308
5.648405e-308
2.627885e-308
3.875196e-308
5.557954e-308
2.582266e-308
3.807566e-308
5.458198e-308
2.627885e-308
3.875197e-308
5.557955e-308
2.582266e-308
3.807566e-308
5.458198e-308
2.66418e-308
3.932509e-308
5.648407e-308
2.627886e-308
3.875197e-308
5.557956e-308
2.66418e-308
3.932509e-308
5.648407e-308
2.627886e-308
3.875197e-308
5.557956e-308
2.582267e-308
3.807568e-308
5.4582e-308
2.582267e-308
3.807568e-308
5.4582e-308
2.66418e-308
3.932509e-308
5.648406e-308
2.66418e-308
3.932509e-308
5.648406e-308
2.627886e-308
3.875197e-308
5.557956e-308
2.627886e-308
3.875197e-308
5.557956e-308
2.582267e-308
3.807568e-308
5.458201e-308
2.582267e-308
3.807567e-308
5.4582e-308
2.627885e-308
3.875196e-308
5.557954e-308
2.582266e-308
3.807566e-308
5.458198e-308
2.664179e-308
3.932507e-308
5.648404e-308
2.582266e-308
3.807565e-308
5.458197e-308
2.664179e-308
3.932507e-308
5.648405e-308
2.627884e-308
3.875195e-308
5.557953e-308
2.664178e-308
3.932507e-308
5.648404e-308
2.627884e-308
3.875195e-308
5.557953e-308
2.582265e-308
3.807565e-308
5.458197e-308
2.627884e-308
3.875195e-308
5.557953e-308
2.664178e-308
3.932507e-308
5.648404e-308
2.582265e-308
3.807565e-308
5.458197e-308
2.664178e-308
3.932507e-308
5.648403e-308
2.627884e-308
3.875195e-308
5.557953e-308
2.664178e-308
3.932507e-308
5.648404e-308
2.582265e-308
3.807565e-308
5.458197e-308
2.627884e-308
3.875194e-308
5.557952e-308
2.582265e-308
3.807565e-308
5.458196e-308
2.696653e-308
3.790749e-308
5.228995e-308
2.55748e-308
3.604596e-308
4.974301e-308
2.509564e-308
3.539003e-308
4.882911e-308
2.651331e-308
3.730425e-308
5.146607e-308
2.651331e-308
3.730425e-308
5.146606e-308
2.55748e-308
3.604596e-308
4.974301e-308
2.651332e-308
3.730426e-308
5.146608e-308
2.509566e-308
3.539005e-308
4.882913e-308
2.557481e-308
3.604597e-308
4.974302e-308
2.696654e-308
3.790749e-308
5.228996e-308
2.651333e-308
3.730427e-308
5.146609e-308
2.557481e-308
3.604598e-308
4.974303e-308
2.55748e-308
3.604596e-308
4.9743e-308
2.651331e-308
3.730424e-308
5.146605e-308
2.509564e-308
3.539003e-308
4.88291e-308
2.55748e-308
3.604596e-308
4.9743e-308
2.696653e-308
3.790748e-308
5.228993e-308
2.651332e-308
3.730425e-308
5.146606e-308
2.65133e-308
3.730424e-308
5.146605e-308
2.696651e-308
3.790747e-308
5.228992e-308
2.509564e-308
3.539002e-308
4.88291e-308
2.65133e-308
3.730424e-308
5.146605e-308
2.557479e-308
3.604594e-308
4.974299e-308
2.557479e-308
3.604595e-308
4.974299e-308
2.65133e-308
3.730424e-308
5.146604e-308
2.696651e-308
3.790747e-308
5.228992e-308
2.557479e-308
3.604595e-308
4.974299e-308
2.509564e-308
3.539002e-308
4.882909e-308
2.65133e-308
3.730424e-308
5.146605e-308
2.557479e-308
3.604595e-308
4.974299e-308
2.557479e-308
3.604594e-308
4.974298e-308
2.509563e-308
3.539001e-308
4.882908e-308
2.557479e-308
3.604594e-308
4.974298e-308
2.65133e-308
3.730423e-308
5.146603e-308
2.696652e-308
3.790747e-308
5.228991e-308
2.65133e-308
3.730423e-308
5.146604e-308
2.536325e-308
3.659406e-308
5.117552e-308
2.381501e-308
3.48744e-308
4.942246e-308
2.551487e-308
3.725868e-308
5.272188e-308
2.443888e-308
3.604792e-308
5.162415e-308
2.353497e-308
3.473016e-308
4.971438e-308
2.527325e-308
3.718157e-308
5.310776e-308
2.527326e-308
3.718159e-308
5.310778e-308
2.536326e-308
3.659407e-308
5.117553e-308
2.381503e-308
3.487441e-308
4.942248e-308
2.353499e-308
3.473018e-308
4.971441e-308
2.551488e-308
3.725869e-308
5.27219e-308
2.443889e-308
3.604794e-308
5.162418e-308
2.536326e-308
3.659407e-308
5.117553e-308
2.551488e-308
3.725869e-308
5.272189e-308
2.527327e-308
3.718159e-308
5.310778e-308
2.381502e-308
3.487441e-308
4.942247e-308
2.443889e-308
3.604794e-308
5.162418e-308
2.353499e-308
3.473018e-308
4.971441e-308
2.527325e-308
3.718157e-308
5.310775e-308
2.443888e-308
3.604792e-308
5.162415e-308
2.551486e-308
3.725867e-308
5.272187e-308
2.353497e-308
3.473016e-308
4.971438e-308
2.536324e-308
3.659405e-308
5.11755e-308
2.381501e-308
3.487439e-308
4.942245e-308
2.527324e-308
3.718156e-308
5.310774e-308
2.536324e-308
3.659404e-308
5.11755e-308
2.353497e-308
3.473016e-308
4.971437e-308
2.381501e-308
3.487438e-308
4.942244e-308
2.551486e-308
3.725867e-308
5.272186e-308
2.443887e-308
3.604791e-308
5.162414e-308
2.443887e-308
3.604792e-308
5.162414e-308
2.527325e-308
3.718156e-308
5.310774e-308
2.353497e-308
3.473016e-308
4.971437e-308
2.381501e-308
3.487439e-308
4.942244e-308
2.551486e-308
3.725867e-308
5.272187e-308
2.536324e-308
3.659405e-308
5.11755e-308
2.353497e-308
3.473016e-308
4.971438e-308
2.527325e-308
3.718157e-308
5.310775e-308
2.551486e-308
3.725867e-308
5.272186e-308
2.443887e-308
3.604791e-308
5.162414e-308
2.536324e-308
3.659404e-308
5.11755e-308
2.381501e-308
3.487438e-308
4.942244e-308
2.536326e-308
3.659407e-308
5.117553e-308
2.381502e-308
3.487441e-308
4.942248e-308
2.551488e-308
3.725869e-308
5.27219e-308
2.527327e-308
3.718159e-308
5.310779e-308
2.353499e-308
3.473018e-308
4.971441e-308
2.443889e-308
3.604794e-308
5.162418e-308
2.381503e-308
3.487442e-308
4.942249e-308
2.536326e-308
3.659408e-308
5.117554e-308
2.353499e-308
3.473019e-308
4.971442e-308
2.551488e-308
3.72587e-308
5.272191e-308
2.527327e-308
3.718159e-308
5.310779e-308
2.443889e-308
3.604794e-308
5.162418e-308
2.527325e-308
3.718157e-308
5.310776e-308
2.443888e-308
3.604792e-308
5.162415e-308
2.353498e-308
3.473017e-308
4.971439e-308
2.551487e-308
3.725868e-308
5.272187e-308
2.381501e-308
3.487439e-308
4.942245e-308
2.536324e-308
3.659405e-308
5.117551e-308
2.353497e-308
3.473016e-308
4.971438e-308
2.527324e-308
3.718156e-308
5.310775e-308
2.551486e-308
3.725867e-308
5.272186e-308
2.536324e-308
3.659405e-308
5.117551e-308
2.443887e-308
3.604791e-308
5.162414e-308
2.381501e-308
3.487439e-308
4.942245e-308
2.527325e-308
3.718156e-308
5.310774e-308
2.551486e-308
3.725867e-308
5.272187e-308
2.536324e-308
3.659405e-308
5.117551e-308
2.443887e-308
3.604791e-308
5.162414e-308
2.381501e-308
3.487439e-308
4.942246e-308
2.353497e-308
3.473016e-308
4.971438e-308
1.667947e-308
2.448321e-308
3.505771e-308
1.772716e-308
2.606054e-308
3.727561e-308
2.218694e-308
3.210389e-308
4.487841e-308
2.017776e-308
2.955873e-308
4.185734e-308
2.017776e-308
2.955873e-308
4.185734e-308
1.772715e-308
2.606054e-308
3.727561e-308
1.772718e-308
2.606057e-308
3.727564e-308
2.017778e-308
2.955875e-308
4.185737e-308
1.667949e-308
2.448324e-308
3.505775e-308
2.218695e-308
3.21039e-308
4.487843e-308
1.772718e-308
2.606057e-308
3.727565e-308
2.017778e-308
2.955875e-308
4.185738e-308
1.772716e-308
2.606054e-308
3.72756e-308
2.218694e-308
3.210388e-308
4.487839e-308
2.017776e-308
2.955872e-308
4.185733e-308
1.667947e-308
2.448321e-308
3.50577e-308
1.772716e-308
2.606053e-308
3.72756e-308
2.017776e-308
2.955872e-308
4.185733e-308
1.772716e-308
2.606054e-308
3.727561e-308
2.218694e-308
3.210388e-308
4.487839e-308
1.667948e-308
2.448322e-308
3.505772e-308
2.017776e-308
2.955873e-308
4.185734e-308
2.017776e-308
2.955873e-308
4.185733e-308
1.772716e-308
2.606054e-308
3.727561e-308
2.218694e-308
3.210388e-308
4.487839e-308
1.772716e-308
2.606054e-308
3.727561e-308
2.017776e-308
2.955872e-308
4.185733e-308
2.017776e-308
2.955873e-308
4.185734e-308
1.772716e-308
2.606054e-308
3.727561e-308
1.667947e-308
2.448321e-308
3.505771e-308
1.667947e-308
2.44832e-308
3.505769e-308
2.017775e-308
2.955871e-308
4.185731e-308
1.772715e-308
2.606053e-308
3.727559e-308
2.218693e-308
3.210387e-308
4.487837e-308
1.772715e-308
2.606052e-308
3.727558e-308
2.017775e-308
2.955871e-308
4.185731e-308
2.098596e-308
3.113187e-308
4.482044e-308
1.92735e-308
2.869849e-308
4.159927e-308
2.327341e-308
3.368911e-308
4.71596e-308
2.077709e-308
3.0485e-308
4.324998e-308
2.265191e-308
3.325023e-308
4.719871e-308
1.901732e-308
2.816182e-308
4.054887e-308
2.098598e-308
3.113189e-308
4.482047e-308
1.901734e-308
2.816184e-308
4.054889e-308
1.927352e-308
2.869851e-308
4.159929e-308
2.265192e-308
3.325025e-308
4.719873e-308
2.327342e-308
3.368912e-308
4.715962e-308
2.07771e-308
3.048502e-308
4.325e-308
2.098598e-308
3.113188e-308
4.482046e-308
1.901733e-308
2.816182e-308
4.054887e-308
2.265192e-308
3.325024e-308
4.719872e-308
2.327341e-308
3.36891e-308
4.71596e-308
1.927351e-308
2.86985e-308
4.159928e-308
2.077709e-308
3.0485e-308
4.324997e-308
2.098596e-308
3.113187e-308
4.482044e-308
2.077709e-308
3.0485e-308
4.324997e-308
1.901732e-308
2.816182e-308
4.054886e-308
2.265191e-308
3.325023e-308
4.71987e-308
1.92735e-308
2.869849e-308
4.159926e-308
2.32734e-308
3.368909e-308
4.715959e-308
2.32734e-308
3.36891e-308
4.715959e-308
2.265191e-308
3.325023e-308
4.71987e-308
2.077709e-308
3.0485e-308
4.324997e-308
2.098597e-308
3.113187e-308
4.482044e-308
1.901733e-308
2.816182e-308
4.054887e-308
1.927351e-308
2.86985e-308
4.159927e-308
2.32734e-308
3.368909e-308
4.715958e-308
2.265191e-308
3.325022e-308
4.719869e-308
1.901732e-308
2.816181e-308
4.054885e-308
2.077708e-308
3.048499e-308
4.324995e-308
2.098596e-308
3.113186e-308
4.482043e-308
1.92735e-308
2.869849e-308
4.159926e-308
1.950597e-308
2.923208e-308
4.270518e-308
2.230572e-308
3.310307e-308
4.771146e-308
2.097312e-308
3.124474e-308
4.524555e-308
2.097312e-308
3.124474e-308
4.524555e-308
1.950597e-308
2.923208e-308
4.270517e-308
2.230572e-308
3.310307e-308
4.771147e-308
1.950598e-308
2.92321e-308
4.270521e-308
1.950598e-308
2.923211e-308
4.270521e-308
2.097313e-308
3.124476e-308
4.524558e-308
2.097313e-308
3.124475e-308
4.524558e-308
2.230573e-308
3.310309e-308
4.77115e-308
2.230573e-308
3.31031e-308
4.77115e-308
2.097314e-308
3.124476e-308
4.524559e-308
1.950599e-308
2.923211e-308
4.270522e-308
2.230574e-308
3.31031e-308
4.77115e-308
2.230574e-308
3.310311e-308
4.771151e-308
1.950599e-308
2.923212e-308
4.270523e-308
2.097315e-308
3.124477e-308
4.524561e-308
2.230572e-308
3.310308e-308
4.771147e-308
2.097313e-308
3.124475e-308
4.524556e-308
2.230572e-308
3.310308e-308
4.771147e-308
1.950597e-308
2.923209e-308
4.270519e-308
1.950597e-308
2.923209e-308
4.270519e-308
2.097312e-308
3.124474e-308
4.524555e-308
1.950598e-308
2.923209e-308
4.270519e-308
2.097312e-308
3.124474e-308
4.524555e-308
2.230572e-308
3.310308e-308
4.771147e-308
1.950598e-308
2.923209e-308
4.270519e-308
2.230572e-308
3.310307e-308
4.771146e-308
2.097313e-308
3.124474e-308
4.524556e-308
2.230572e-308
3.310308e-308
4.771147e-308
1.950597e-308
2.923209e-308
4.270518e-308
2.097312e-308
3.124474e-308
4.524556e-308
1.950597e-308
2.923209e-308
4.270518e-308
2.230572e-308
3.310307e-308
4.771146e-308
2.097312e-308
3.124474e-308
4.524555e-308
1.901732e-308
2.816181e-308
4.054884e-308
2.077708e-308
3.048498e-308
4.324994e-308
2.327339e-308
3.368908e-308
4.715957e-308
1.92735e-308
2.869848e-308
4.159925e-308
2.265191e-308
3.325022e-308
4.719869e-308
2.098596e-308
3.113186e-308
4.482042e-308
1.927351e-308
2.86985e-308
4.159928e-308
2.265192e-308
3.325024e-308
4.719872e-308
2.32734e-308
3.36891e-308
4.71596e-308
2.098597e-308
3.113187e-308
4.482045e-308
1.901732e-308
2.816182e-308
4.054887e-308
2.077709e-308
3.0485e-308
4.324998e-308
2.327342e-308
3.368913e-308
4.715964e-308
2.077711e-308
3.048503e-308
4.325002e-308
2.265193e-308
3.325026e-308
4.719875e-308
2.098599e-308
3.11319e-308
4.482049e-308
1.901735e-308
2.816186e-308
4.054892e-308
1.927353e-308
2.869853e-308
4.159932e-308
2.32734e-308
3.36891e-308
4.715959e-308
2.077709e-308
3.0485e-308
4.324997e-308
2.265191e-308
3.325023e-308
4.719871e-308
2.098597e-308
3.113187e-308
4.482044e-308
1.901732e-308
2.816182e-308
4.054887e-308
1.927351e-308
2.86985e-308
4.159927e-308
2.32734e-308
3.36891e-308
4.71596e-308
2.265191e-308
3.325023e-308
4.719871e-308
2.077709e-308
3.048501e-308
4.324998e-308
1.901733e-308
2.816183e-308
4.054887e-308
2.098597e-308
3.113187e-308
4.482045e-308
1.927351e-308
2.86985e-308
4.159928e-308
2.32734e-308
3.36891e-308
4.715959e-308
2.265191e-308
3.325023e-308
4.719871e-308
2.077708e-308
3.0485e-308
4.324998e-308
2.098596e-308
3.113187e-308
4.482044e-308
1.901732e-308
2.816182e-308
4.054887e-308
1.92735e-308
2.86985e-308
4.159927e-308
1.166279e-308
1.639429e-308
2.277308e-308
1.083203e-308
1.523291e-308
2.112429e-308
1.348023e-308
1.944266e-308
2.762738e-308
1.348023e-308
1.944266e-308
2.762738e-308
1.166279e-308
1.639428e-308
2.277308e-308
1.455501e-308
2.117525e-308
3.025841e-308
1.083204e-308
1.523293e-308
2.112431e-308
1.455504e-308
2.117529e-308
3.025847e-308
1.166281e-308
1.639432e-308
2.277312e-308
1.348026e-308
1.94427e-308
2.762744e-308
1.166281e-308
1.639432e-308
2.277312e-308
1.348026e-308
1.944271e-308
2.762744e-308
1.16628e-308
1.639429e-308
2.277308e-308
1.348024e-308
1.944267e-308
2.76274e-308
1.166279e-308
1.639429e-308
2.277308e-308
1.083202e-308
1.52329e-308
2.112427e-308
1.455502e-308
2.117525e-308
3.025842e-308
1.348024e-308
1.944267e-308
2.762739e-308
1.455503e-308
2.117526e-308
3.025843e-308
1.348024e-308
1.944268e-308
2.76274e-308
1.348024e-308
1.944267e-308
2.76274e-308
1.16628e-308
1.63943e-308
2.27731e-308
1.16628e-308
1.63943e-308
2.27731e-308
1.083204e-308
1.523292e-308
2.112431e-308
1.166281e-308
1.63943e-308
2.27731e-308
1.348025e-308
1.944268e-308
2.762741e-308
1.083203e-308
1.523291e-308
2.112429e-308
1.455503e-308
2.117527e-308
3.025844e-308
1.16628e-308
1.63943e-308
2.27731e-308
1.348025e-308
1.944269e-308
2.762741e-308
1.348024e-308
1.944268e-308
2.76274e-308
1.455502e-308
2.117525e-308
3.025841e-308
1.16628e-308
1.639429e-308
2.277309e-308
1.348024e-308
1.944267e-308
2.76274e-308
1.166279e-308
1.639429e-308
2.277308e-308
1.083203e-308
1.52329e-308
2.112428e-308
1.283152e-308
1.827809e-308
2.576634e-308
1.422103e-308
2.06286e-308
2.946349e-308
1.545103e-308
2.289196e-308
3.33481e-308
1.344704e-308
1.9599e-308
2.820308e-308
1.632079e-308
2.400153e-308
3.456079e-308
1.695821e-308
2.510509e-308
3.637058e-308
1.283156e-308
1.827814e-308
2.57664e-308
1.422106e-308
2.062864e-308
2.946354e-308
1.344707e-308
1.959904e-308
2.820314e-308
1.632081e-308
2.400156e-308
3.456082e-308
1.695822e-308
2.510511e-308
3.637061e-308
1.545105e-308
2.289199e-308
3.334814e-308
1.632079e-308
2.400153e-308
3.456078e-308
1.344706e-308
1.959902e-308
2.820311e-308
1.422104e-308
2.062861e-308
2.946349e-308
1.283154e-308
1.827811e-308
2.576636e-308
1.545104e-308
2.289197e-308
3.334811e-308
1.695821e-308
2.510508e-308
3.637058e-308
1.283154e-308
1.82781e-308
2.576635e-308
1.422104e-308
2.062861e-308
2.94635e-308
1.344705e-308
1.959901e-308
2.82031e-308
1.695821e-308
2.510509e-308
3.637058e-308
1.545103e-308
2.289196e-308
3.33481e-308
1.632079e-308
2.400154e-308
3.456079e-308
1.695821e-308
2.510509e-308
3.637058e-308
1.344706e-308
1.959902e-308
2.820311e-308
1.632079e-308
2.400153e-308
3.456079e-308
1.283155e-308
1.827812e-308
2.576637e-308
1.422104e-308
2.062862e-308
2.946351e-308
1.545104e-308
2.289196e-308
3.33481e-308
1.695821e-308
2.510508e-308
3.637057e-308
1.545103e-308
2.289196e-308
3.33481e-308
1.632079e-308
2.400153e-308
3.456077e-308
1.344705e-308
1.959902e-308
2.82031e-308
1.422104e-308
2.062861e-308
2.946349e-308
1.283154e-308
1.827811e-308
2.576636e-308
1.437429e-308
2.158161e-308
3.195587e-308
1.420233e-308
2.121646e-308
3.126378e-308
1.78738e-308
2.68739e-308
3.955771e-308
1.62197e-308
2.444579e-308
3.620259e-308
1.771432e-308
2.653767e-308
3.891307e-308
1.583898e-308
2.367123e-308
3.477476e-308
1.5839e-308
2.367126e-308
3.47748e-308
1.771434e-308
2.65377e-308
3.89131e-308
1.787382e-308
2.687393e-308
3.955775e-308
1.621972e-308
2.444581e-308
3.620263e-308
1.437431e-308
2.158163e-308
3.195591e-308
1.420234e-308
2.121649e-308
3.126381e-308
1.621973e-308
2.444582e-308
3.620264e-308
1.437431e-308
2.158163e-308
3.195591e-308
1.787382e-308
2.687393e-308
3.955775e-308
1.420234e-308
2.121649e-308
3.126381e-308
1.771434e-308
2.653769e-308
3.891309e-308
1.583899e-308
2.367124e-308
3.477478e-308
1.420234e-308
2.121648e-308
3.126379e-308
1.583898e-308
2.367124e-308
3.477477e-308
1.43743e-308
2.158162e-308
3.195589e-308
1.771433e-308
2.653768e-308
3.891308e-308
1.78738e-308
2.687391e-308
3.955773e-308
1.621971e-308
2.44458e-308
3.620261e-308
1.771434e-308
2.653768e-308
3.891308e-308
1.787381e-308
2.687391e-308
3.955773e-308
1.621972e-308
2.44458e-308
3.620261e-308
1.583899e-308
2.367124e-308
3.477477e-308
1.420234e-308
2.121648e-308
3.12638e-308
1.43743e-308
2.158162e-308
3.195589e-308
1.621972e-308
2.44458e-308
3.620261e-308
1.78738e-308
2.68739e-308
3.955772e-308
1.43743e-308
2.158162e-308
3.195589e-308
1.771433e-308
2.653768e-308
3.891307e-308
1.583898e-308
2.367124e-308
3.477476e-308
1.420234e-308
2.121648e-308
3.126379e-308
1.437429e-308
2.158161e-308
3.195587e-308
1.771432e-308
2.653767e-308
3.891306e-308
1.62197e-308
2.444579e-308
3.620259e-308
1.583898e-308
2.367123e-308
3.477475e-308
1.420233e-308
2.121646e-308
3.126377e-308
1.78738e-308
2.68739e-308
3.955772e-308
1.583898e-308
2.367124e-308
3.477477e-308
1.43743e-308
2.158163e-308
3.19559e-308
1.420233e-308
2.121647e-308
3.126379e-308
1.621972e-308
2.444581e-308
3.620263e-308
1.771433e-308
2.653768e-308
3.891308e-308
1.787381e-308
2.687391e-308
3.955774e-308
1.420235e-308
2.12165e-308
3.126383e-308
1.437432e-308
2.158164e-308
3.195592e-308
1.5839e-308
2.367127e-308
3.477481e-308
1.771435e-308
2.653771e-308
3.891312e-308
1.621973e-308
2.444582e-308
3.620264e-308
1.787383e-308
2.687394e-308
3.955777e-308
1.621971e-308
2.44458e-308
3.620262e-308
1.43743e-308
2.158162e-308
3.195589e-308
1.787381e-308
2.687391e-308
3.955773e-308
1.771433e-308
2.653768e-308
3.891308e-308
1.420233e-308
2.121648e-308
3.126379e-308
1.583898e-308
2.367124e-308
3.477477e-308
1.583899e-308
2.367124e-308
3.477477e-308
1.420234e-308
2.121648e-308
3.126379e-308
1.771434e-308
2.653768e-308
3.891308e-308
1.437431e-308
2.158162e-308
3.195589e-308
1.787381e-308
2.687391e-308
3.955773e-308
1.621972e-308
2.44458e-308
3.620261e-308
1.621971e-308
2.44458e-308
3.620261e-308
1.787381e-308
2.687391e-308
3.955773e-308
1.43743e-308
2.158162e-308
3.195589e-308
1.420234e-308
2.121648e-308
3.126379e-308
1.583898e-308
2.367124e-308
3.477477e-308
1.771433e-308
2.653768e-308
3.891308e-308
1.283154e-308
1.827811e-308
2.576635e-308
1.69582e-308
2.510507e-308
3.637056e-308
1.545102e-308
2.289195e-308
3.334808e-308
1.344704e-308
1.959901e-308
2.820309e-308
1.632078e-308
2.400152e-308
3.456077e-308
1.422103e-308
2.06286e-308
2.946349e-308
1.422103e-308
2.06286e-308
2.946349e-308
1.344704e-308
1.959901e-308
2.82031e-308
1.283153e-308
1.827809e-308
2.576634e-308
1.695821e-308
2.510509e-308
3.637058e-308
1.545103e-308
2.289196e-308
3.33481e-308
1.632079e-308
2.400153e-308
3.456079e-308
1.422106e-308
2.062864e-308
2.946355e-308
1.283156e-308
1.827814e-308
2.57664e-308
1.632081e-308
2.400157e-308
3.456083e-308
1.344707e-308
1.959904e-308
2.820315e-308
1.695823e-308
2.510512e-308
3.637063e-308
1.545105e-308
2.289199e-308
3.334815e-308
1.283154e-308
1.827811e-308
2.576635e-308
1.632079e-308
2.400153e-308
3.456078e-308
1.545103e-308
2.289196e-308
3.33481e-308
1.344705e-308
1.959901e-308
2.82031e-308
1.422103e-308
2.06286e-308
2.946349e-308
1.695821e-308
2.510508e-308
3.637057e-308
1.695822e-308
2.510509e-308
3.637059e-308
1.545104e-308
2.289197e-308
3.334811e-308
1.422104e-308
2.062861e-308
2.94635e-308
1.283154e-308
1.827811e-308
2.576635e-308
1.632079e-308
2.400154e-308
3.456079e-308
1.344705e-308
1.959901e-308
2.820311e-308
1.344706e-308
1.959902e-308
2.820311e-308
1.545103e-308
2.289196e-308
3.33481e-308
1.695821e-308
2.510509e-308
3.637059e-308
1.283154e-308
1.827812e-308
2.576637e-308
1.422104e-308
2.062862e-308
2.946351e-308
1.632079e-308
2.400154e-308
3.45608e-308
6.339787e-309
8.575196e-309
1.150713e-308
5.34773e-309
7.152188e-309
9.55713e-309
8.548957e-309
1.175376e-308
1.592095e-308
8.548957e-309
1.175376e-308
1.592095e-308
6.339785e-309
8.575193e-309
1.150713e-308
9.259678e-309
1.290121e-308
1.768531e-308
8.548965e-309
1.175377e-308
1.592095e-308
6.339791e-309
8.575198e-309
1.150713e-308
6.339792e-309
8.5752e-309
1.150713e-308
8.548964e-309
1.175376e-308
1.592095e-308
5.347734e-309
7.152192e-309
9.557133e-309
9.259686e-309
1.290122e-308
1.768531e-308
6.339781e-309
8.575184e-309
1.150711e-308
6.339781e-309
8.575183e-309
1.150711e-308
5.347725e-309
7.152178e-309
9.557112e-309
8.548949e-309
1.175374e-308
1.592092e-308
8.54895e-309
1.175374e-308
1.592092e-308
9.25967e-309
1.290119e-308
1.768528e-308
9.259695e-309
1.290123e-308
1.768533e-308
5.347739e-309
7.152197e-309
9.55714e-309
6.339796e-309
8.575205e-309
1.150714e-308
8.548969e-309
1.175377e-308
1.592096e-308
8.548969e-309
1.175377e-308
1.592096e-308
6.339794e-309
8.575202e-309
1.150714e-308
6.339788e-309
8.575192e-309
1.150712e-308
5.347732e-309
7.152186e-309
9.557124e-309
6.339788e-309
8.575192e-309
1.150712e-308
8.548957e-309
1.175375e-308
1.592093e-308
8.548958e-309
1.175375e-308
1.592093e-308
9.259679e-309
1.29012e-308
1.768529e-308
6.339784e-309
8.575188e-309
1.150711e-308
5.347728e-309
7.152182e-309
9.557118e-309
6.339782e-309
8.575185e-309
1.150711e-308
8.548952e-309
1.175375e-308
1.592092e-308
9.259674e-309
1.29012e-308
1.768529e-308
8.54895e-309
1.175374e-308
1.592092e-308
1.044948e-308
1.426662e-308
1.944626e-308
1.15563e-308
1.58811e-308
2.180117e-308
1.109517e-308
1.518015e-308
2.071439e-308
8.955605e-309
1.205066e-308
1.61587e-308
9.654207e-309
1.308288e-308
1.76312e-308
8.624767e-309
1.157016e-308
1.543743e-308
1.155632e-308
1.588114e-308
2.180121e-308
1.109519e-308
1.518018e-308
2.071442e-308
9.654216e-309
1.308289e-308
1.76312e-308
1.044949e-308
1.426664e-308
1.944629e-308
8.624776e-309
1.157018e-308
1.543744e-308
8.955616e-309
1.205068e-308
1.615871e-308
8.955602e-309
1.205066e-308
1.615868e-308
8.62476e-309
1.157015e-308
1.543741e-308
9.654199e-309
1.308286e-308
1.763117e-308
1.044948e-308
1.426662e-308
1.944626e-308
1.109517e-308
1.518015e-308
2.071438e-308
1.155631e-308
1.588112e-308
2.180118e-308
9.654219e-309
1.308289e-308
1.763121e-308
1.109518e-308
1.518017e-308
2.07144e-308
8.624777e-309
1.157017e-308
1.543744e-308
1.155631e-308
1.588112e-308
2.180118e-308
8.955617e-309
1.205068e-308
1.615871e-308
1.044949e-308
1.426663e-308
1.944628e-308
1.155631e-308
1.588112e-308
2.180119e-308
1.044949e-308
1.426663e-308
1.944627e-308
8.955609e-309
1.205066e-308
1.615869e-308
1.109518e-308
1.518016e-308
2.071439e-308
8.624768e-309
1.157016e-308
1.543742e-308
9.654206e-309
1.308287e-308
1.763118e-308
8.955603e-309
1.205066e-308
1.615868e-308
8.624762e-309
1.157015e-308
1.543741e-308
9.654201e-309
1.308287e-308
1.763117e-308
1.044948e-308
1.426662e-308
1.944626e-308
1.109517e-308
1.518015e-308
2.071438e-308
1.155631e-308
1.588112e-308
2.180118e-308
8.385777e-309
1.167506e-308
1.624418e-308
1.027979e-308
1.443704e-308
2.011896e-308
8.398159e-309
1.185405e-308
1.679623e-308
1.224399e-308
1.802962e-308
2.629528e-308
1.200154e-308
1.741754e-308
2.501512e-308
1.042587e-308
1.517916e-308
2.202087e-308
1.04259e-308
1.517921e-308
2.202093e-308
1.200157e-308
1.741759e-308
2.501518e-308
8.398182e-309
1.185408e-308
1.679628e-308
1.027981e-308
1.443707e-308
2.011901e-308
1.224401e-308
1.802966e-308
2.629533e-308
8.385793e-309
1.167508e-308
1.624421e-308
8.385784e-309
1.167507e-308
1.624419e-308
8.398178e-309
1.185407e-308
1.679627e-308
1.02798e-308
1.443705e-308
2.011898e-308
1.04259e-308
1.51792e-308
2.202093e-308
1.224401e-308
1.802965e-308
2.629532e-308
1.200156e-308
1.741757e-308
2.501516e-308
1.02798e-308
1.443705e-308
2.011898e-308
8.385787e-309
1.167507e-308
1.624419e-308
8.398169e-309
1.185406e-308
1.679625e-308
1.200155e-308
1.741755e-308
2.501513e-308
1.2244e-308
1.802963e-308
2.629529e-308
1.042588e-308
1.517918e-308
2.202089e-308
1.224401e-308
1.802965e-308
2.629531e-308
1.04259e-308
1.51792e-308
2.202092e-308
1.027981e-308
1.443706e-308
2.011899e-308
1.200156e-308
1.741757e-308
2.501516e-308
8.385786e-309
1.167507e-308
1.624419e-308
8.398177e-309
1.185407e-308
1.679627e-308
1.200156e-308
1.741757e-308
2.501516e-308
1.224401e-308
1.802964e-308
2.629531e-308
1.02798e-308
1.443706e-308
2.011898e-308
1.04259e-308
1.51792e-308
2.202092e-308
8.385783e-309
1.167507e-308
1.624418e-308
8.398176e-309
1.185407e-308
1.679627e-308
1.052731e-308
1.542158e-308
2.252054e-308
8.495574e-309
1.213972e-308
1.746072e-308
8.495578e-309
1.213973e-308
1.746073e-308
1.252819e-308
1.867912e-308
2.75869e-308
1.252819e-308
1.867912e-308
2.75869e-308
1.05273e-308
1.542157e-308
2.252053e-308
8.495584e-309
1.213974e-308
1.746074e-308
1.052731e-308
1.542158e-308
2.252055e-308
1.25282e-308
1.867913e-308
2.758693e-308
1.052732e-308
1.54216e-308
2.252057e-308
8.49559e-309
1.213974e-308
1.746076e-308
1.252821e-308
1.867914e-308
2.758694e-308
1.252822e-308
1.867915e-308
2.758695e-308
1.252821e-308
1.867915e-308
2.758695e-308
1.052733e-308
1.54216e-308
2.252058e-308
1.052733e-308
1.542161e-308
2.252058e-308
8.495603e-309
1.213976e-308
1.746078e-308
8.495604e-309
1.213976e-308
1.746079e-308
8.495583e-309
1.213973e-308
1.746074e-308
1.052731e-308
1.542158e-308
2.252055e-308
8.495586e-309
1.213974e-308
1.746075e-308
1.052731e-308
1.542159e-308
2.252056e-308
1.25282e-308
1.867913e-308
2.758693e-308
1.25282e-308
1.867913e-308
2.758693e-308
8.495585e-309
1.213973e-308
1.746074e-308
1.252821e-308
1.867913e-308
2.758692e-308
1.052732e-308
1.542159e-308
2.252056e-308
1.25282e-308
1.867913e-308
2.758693e-308
1.052731e-308
1.542158e-308
2.252054e-308
8.495588e-309
1.213974e-308
1.746075e-308
8.495597e-309
1.213976e-308
1.746077e-308
8.495596e-309
1.213975e-308
1.746077e-308
1.052732e-308
1.542159e-308
2.252056e-308
1.052732e-308
1.542159e-308
2.252056e-308
1.25282e-308
1.867913e-308
2.758692e-308
1.25282e-308
1.867913e-308
2.758693e-308
1.02798e-308
1.443705e-308
2.011898e-308
1.200155e-308
1.741756e-308
2.501514e-308
8.385777e-309
1.167506e-308
1.624418e-308
1.2244e-308
1.802963e-308
2.62953e-308
8.398169e-309
1.185406e-308
1.679625e-308
1.042588e-308
1.517918e-308
2.20209e-308
1.2244e-308
1.802963e-308
2.62953e-308
1.200155e-308
1.741755e-308
2.501513e-308
8.398166e-309
1.185406e-308
1.679625e-308
1.042588e-308
1.517917e-308
2.202089e-308
8.385781e-309
1.167507e-308
1.624419e-308
1.027979e-308
1.443705e-308
2.011897e-308
8.385794e-309
1.167508e-308
1.624421e-308
8.398186e-309
1.185408e-308
1.679628e-308
1.04259e-308
1.517921e-308
2.202094e-308
1.027982e-308
1.443708e-308
2.011901e-308
1.224402e-308
1.802966e-308
2.629534e-308
1.200157e-308
1.741759e-308
2.501519e-308
1.2244e-308
1.802964e-308
2.62953e-308
1.042589e-308
1.517919e-308
2.202091e-308
8.398172e-309
1.185407e-308
1.679626e-308
1.02798e-308
1.443705e-308
2.011898e-308
1.200155e-308
1.741756e-308
2.501515e-308
8.385779e-309
1.167506e-308
1.624418e-308
1.2244e-308
1.802964e-308
2.62953e-308
1.042588e-308
1.517918e-308
2.202089e-308
1.200156e-308
1.741756e-308
2.501514e-308
8.39817e-309
1.185406e-308
1.679625e-308
1.02798e-308
1.443706e-308
2.011898e-308
8.385786e-309
1.167507e-308
1.62442e-308
1.2244e-308
1.802964e-308
2.629531e-308
1.042589e-308
1.517919e-308
2.202091e-308
1.200156e-308
1.741757e-308
2.501516e-308
8.398177e-309
1.185407e-308
1.679627e-308
8.385785e-309
1.167507e-308
1.624419e-308
1.027981e-308
1.443706e-308
2.011899e-308
8.624759e-309
1.157015e-308
1.543741e-308
8.955598e-309
1.205065e-308
1.615868e-308
1.109517e-308
1.518015e-308
2.071438e-308
9.654197e-309
1.308286e-308
1.763117e-308
1.15563e-308
1.588111e-308
2.180117e-308
1.044947e-308
1.426661e-308
1.944625e-308
9.654208e-309
1.308288e-308
1.76312e-308
1.15563e-308
1.588111e-308
2.180117e-308
1.044948e-308
1.426662e-308
1.944627e-308
1.109517e-308
1.518015e-308
2.071439e-308
8.624768e-309
1.157017e-308
1.543743e-308
8.955608e-309
1.205067e-308
1.615871e-308
1.155632e-308
1.588114e-308
2.180121e-308
9.654215e-309
1.308289e-308
1.76312e-308
1.109519e-308
1.518017e-308
2.071441e-308
1.044949e-308
1.426664e-308
1.944629e-308
8.624774e-309
1.157017e-308
1.543744e-308
8.955614e-309
1.205067e-308
1.615871e-308
1.044948e-308
1.426662e-308
1.944625e-308
8.955598e-309
1.205065e-308
1.615867e-308
9.654197e-309
1.308286e-308
1.763116e-308
1.15563e-308
1.588111e-308
2.180117e-308
8.624757e-309
1.157015e-308
1.54374e-308
1.109517e-308
1.518014e-308
2.071437e-308
1.044949e-308
1.426664e-308
1.944628e-308
1.155631e-308
1.588112e-308
2.180119e-308
1.109519e-308
1.518017e-308
2.071441e-308
8.955617e-309
1.205068e-308
1.615872e-308
9.65422e-309
1.308289e-308
1.763122e-308
8.624778e-309
1.157018e-308
1.543745e-308
1.044949e-308
1.426663e-308
1.944627e-308
1.155631e-308
1.588112e-308
2.180119e-308
8.955606e-309
1.205066e-308
1.615869e-308
9.654206e-309
1.308287e-308
1.763118e-308
1.109518e-308
1.518016e-308
2.071439e-308
8.624765e-309
1.157016e-308
1.543742e-308
2.277476e-309
2.940881e-309
3.843618e-309
2.277476e-309
2.940881e-309
3.843618e-309
3.253329e-310
4.168491e-310
5.401548e-310
6.510113e-310
8.366571e-310
1.088209e-309
3.338006e-309
4.332265e-309
5.705007e-309
6.510113e-310
8.366571e-310
1.088209e-309
2.277478e-309
2.940883e-309
3.84362e-309
3.253333e-310
4.168496e-310
5.401553e-310
2.277478e-309
2.940883e-309
3.84362e-309
6.510119e-310
8.366578e-310
1.08821e-309
3.338009e-309
4.332269e-309
5.70501e-309
6.510121e-310
8.36658e-310
1.08821e-309
6.510114e-310
8.36657e-310
1.088208e-309
2.277475e-309
2.940877e-309
3.843613e-309
3.253328e-310
4.168489e-310
5.401544e-310
3.338004e-309
4.332261e-309
5.704999e-309
2.277475e-309
2.940878e-309
3.843614e-309
6.510114e-310
8.36657e-310
1.088208e-309
3.253336e-310
4.168499e-310
5.401557e-310
6.510127e-310
8.366587e-310
1.08821e-309
6.510127e-310
8.366587e-310
1.08821e-309
2.27748e-309
2.940884e-309
3.843622e-309
2.27748e-309
2.940884e-309
3.843622e-309
3.338011e-309
4.33227e-309
5.705011e-309
3.253331e-310
4.168492e-310
5.401547e-310
2.277477e-309
2.94088e-309
3.843616e-309
2.277477e-309
2.94088e-309
3.843616e-309
6.510115e-310
8.36657e-310
1.088208e-309
3.338007e-309
4.332264e-309
5.705003e-309
6.510117e-310
8.366572e-310
1.088209e-309
2.277476e-309
2.940879e-309
3.843614e-309
3.338005e-309
4.332262e-309
5.705e-309
6.510115e-310
8.366572e-310
1.088208e-309
6.510113e-310
8.366568e-310
1.088208e-309
2.277475e-309
2.940878e-309
3.843614e-309
3.253328e-310
4.168489e-310
5.401544e-310
3.837242e-309
5.080167e-309
6.688504e-309
6.321061e-309
8.409303e-309
1.113728e-308
2.824824e-309
3.689888e-309
4.84233e-309
1.007541e-309
1.315503e-309
1.719789e-309
1.208919e-309
1.59228e-309
2.08642e-309
5.182217e-309
6.863445e-309
9.093497e-309
1.208922e-309
1.592283e-309
2.086424e-309
6.321068e-309
8.40931e-309
1.113729e-308
3.837247e-309
5.080173e-309
6.688512e-309
5.182221e-309
6.863449e-309
9.093499e-309
1.007542e-309
1.315505e-309
1.719791e-309
2.824826e-309
3.689891e-309
4.842333e-309
6.321055e-309
8.409291e-309
1.113726e-308
3.837238e-309
5.08016e-309
6.688493e-309
1.208919e-309
1.592279e-309
2.086418e-309
5.182211e-309
6.863435e-309
9.093479e-309
2.824821e-309
3.689884e-309
4.842323e-309
1.00754e-309
1.315502e-309
1.719787e-309
1.007542e-309
1.315505e-309
1.719791e-309
2.824827e-309
3.689892e-309
4.842334e-309
6.321067e-309
8.409309e-309
1.113729e-308
5.182223e-309
6.86345e-309
9.093502e-309
3.837245e-309
5.08017e-309
6.688507e-309
1.208921e-309
1.592281e-309
2.086422e-309
3.837244e-309
5.080167e-309
6.688503e-309
6.321061e-309
8.4093e-309
1.113728e-308
5.182217e-309
6.863442e-309
9.093489e-309
1.20892e-309
1.59228e-309
2.08642e-309
2.824824e-309
3.689887e-309
4.842328e-309
1.007541e-309
1.315504e-309
1.719789e-309
2.824822e-309
3.689885e-309
4.842323e-309
1.00754e-309
1.315502e-309
1.719787e-309
1.208919e-309
1.59228e-309
2.086419e-309
5.182213e-309
6.863437e-309
9.093481e-309
3.837239e-309
5.080161e-309
6.688495e-309
6.321056e-309
8.409293e-309
1.113727e-308
3.868684e-309
5.175659e-309
7.002515e-309
6.427891e-309
8.669387e-309
1.177771e-308
4.005669e-309
5.319178e-309
7.037096e-309
6.871049e-309
9.197358e-309
1.230008e-308
1.325075e-309
1.755977e-309
2.321965e-309
1.300028e-309
1.729222e-309
2.316763e-309
1.30003e-309
1.729225e-309
2.316765e-309
3.868686e-309
5.175662e-309
7.002516e-309
1.325078e-309
1.75598e-309
2.321969e-309
4.005678e-309
5.31919e-309
7.03711e-309
6.427901e-309
8.669399e-309
1.177772e-308
6.87106e-309
9.197372e-309
1.23001e-308
3.868681e-309
5.175655e-309
7.002507e-309
4.005666e-309
5.319173e-309
7.037086e-309
1.325074e-309
1.755975e-309
2.321962e-309
6.871044e-309
9.197349e-309
1.230006e-308
6.427887e-309
8.66938e-309
1.17777e-308
1.300027e-309
1.729221e-309
2.31676e-309
1.325077e-309
1.75598e-309
2.321968e-309
4.005674e-309
5.319184e-309
7.037102e-309
1.300031e-309
1.729225e-309
2.316766e-309
6.871058e-309
9.197367e-309
1.230009e-308
6.4279e-309
8.669398e-309
1.177772e-308
3.868689e-309
5.175665e-309
7.002522e-309
1.325076e-309
1.755978e-309
2.321966e-309
1.300029e-309
1.729223e-309
2.316762e-309
4.005673e-309
5.319182e-309
7.037098e-309
3.868683e-309
5.175656e-309
7.002508e-309
6.871052e-309
9.197359e-309
1.230008e-308
6.427894e-309
8.669388e-309
1.177771e-308
4.005667e-309
5.319174e-309
7.037087e-309
3.868682e-309
5.175655e-309
7.002507e-309
1.325074e-309
1.755975e-309
2.321962e-309
6.871045e-309
9.19735e-309
1.230006e-308
1.300028e-309
1.729221e-309
2.31676e-309
6.427888e-309
8.669381e-309
1.17777e-308
1.284323e-309
1.732314e-309
2.383042e-309
3.833326e-309
5.206383e-309
7.226828e-309
6.287618e-309
8.661644e-309
1.218555e-308
3.82768e-309
5.155477e-309
7.065782e-309
1.282449e-309
1.721288e-309
2.350264e-309
6.257044e-309
8.57253e-309
1.197514e-308
6.287627e-309
8.661654e-309
1.218557e-308
3.833321e-309
5.206376e-309
7.226818e-309
1.284318e-309
1.732306e-309
2.383032e-309
1.282445e-309
1.721283e-309
2.350255e-309
3.827672e-309
5.155465e-309
7.065763e-309
6.257051e-309
8.572537e-309
1.197514e-308
3.827679e-309
5.155474e-309
7.065775e-309
1.282448e-309
1.721287e-309
2.350262e-309
3.833336e-309
5.206397e-309
7.226844e-309
6.257055e-309
8.572542e-309
1.197515e-308
1.284322e-309
1.732312e-309
2.383039e-309
6.287641e-309
8.661675e-309
1.21856e-308
3.827686e-309
5.155484e-309
7.06579e-309
6.257052e-309
8.572539e-309
1.197515e-308
6.287625e-309
8.661653e-309
1.218557e-308
1.282451e-309
1.721291e-309
2.350267e-309
1.284325e-309
1.732315e-309
2.383045e-309
3.833329e-309
5.206388e-309
7.226835e-309
3.82767e-309
5.155462e-309
7.065758e-309
6.257049e-309
8.572533e-309
1.197514e-308
6.287625e-309
8.661651e-309
1.218556e-308
1.282444e-309
1.721281e-309
2.350253e-309
3.833321e-309
5.206376e-309
7.226817e-309
1.284318e-309
1.732305e-309
2.383031e-309
3.833334e-309
5.206393e-309
7.226838e-309
6.287638e-309
8.661669e-309
1.218559e-308
1.284322e-309
1.732311e-309
2.383038e-309
1.282449e-309
1.721288e-309
2.350262e-309
6.257054e-309
8.57254e-309
1.197515e-308
3.827678e-309
5.155473e-309
7.065774e-309
6.257042e-309
8.572524e-309
1.197512e-308
3.827665e-309
5.155456e-309
7.065751e-309
3.833316e-309
5.206369e-309
7.226808e-309
6.287617e-309
8.661641e-309
1.218555e-308
1.282442e-309
1.721279e-309
2.350251e-309
1.284316e-309
1.732303e-309
2.383028e-309
1.282451e-309
1.721291e-309
2.350267e-309
3.827683e-309
5.155481e-309
7.065788e-309
6.287625e-309
8.661653e-309
1.218557e-308
1.284325e-309
1.732315e-309
2.383044e-309
6.257049e-309
8.572536e-309
1.197515e-308
3.833329e-309
5.206388e-309
7.226835e-309
6.287645e-309
8.661679e-309
1.21856e-308
6.25706e-309
8.572549e-309
1.197516e-308
3.827683e-309
5.15548e-309
7.065784e-309
3.833336e-309
5.206396e-309
7.226845e-309
1.284323e-309
1.732313e-309
2.383041e-309
1.28245e-309
1.721289e-309
2.350265e-309
3.833319e-309
5.206374e-309
7.226815e-309
1.282443e-309
1.721281e-309
2.350252e-309
6.257045e-309
8.572529e-309
1.197513e-308
6.287621e-309
8.661647e-309
1.218556e-308
1.284317e-309
1.732304e-309
2.38303e-309
3.827667e-309
5.155458e-309
7.065755e-309
3.83333e-309
5.206389e-309
7.226835e-309
1.282451e-309
1.721291e-309
2.350267e-309
6.257053e-309
8.57254e-309
1.197515e-308
6.287625e-309
8.661653e-309
1.218556e-308
1.284324e-309
1.732315e-309
2.383044e-309
3.827685e-309
5.155483e-309
7.06579e-309
3.833333e-309
5.206392e-309
7.226837e-309
6.287637e-309
8.661669e-309
1.218558e-308
6.257054e-309
8.57254e-309
1.197515e-308
3.827679e-309
5.155474e-309
7.065776e-309
1.284322e-309
1.732311e-309
2.383038e-309
1.282448e-309
1.721287e-309
2.350262e-309
4.005668e-309
5.319176e-309
7.037091e-309
1.325074e-309
1.755975e-309
2.321962e-309
1.300027e-309
1.729221e-309
2.31676e-309
3.868678e-309
5.175651e-309
7.002502e-309
6.871044e-309
9.19735e-309
1.230006e-308
6.427887e-309
8.66938e-309
1.17777e-308
4.005671e-309
5.319181e-309
7.0371e-309
1.325076e-309
1.755978e-309
2.321966e-309
6.427896e-309
8.669394e-309
1.177772e-308
3.868685e-309
5.175661e-309
7.002519e-309
1.300029e-309
1.729224e-309
2.316765e-309
6.871053e-309
9.197364e-309
1.230009e-308
6.871057e-309
9.197367e-309
1.230009e-308
1.325077e-309
1.755979e-309
2.321967e-309
1.30003e-309
1.729225e-309
2.316765e-309
6.427897e-309
8.669394e-309
1.177771e-308
3.868686e-309
5.175662e-309
7.002518e-309
4.005673e-309
5.319183e-309
7.037101e-309
4.005669e-309
5.319177e-309
7.037091e-309
1.300027e-309
1.729221e-309
2.316761e-309
1.325074e-309
1.755975e-309
2.321962e-309
6.871045e-309
9.19735e-309
1.230007e-308
6.427889e-309
8.669383e-309
1.17777e-308
3.868679e-309
5.175653e-309
7.002505e-309
1.325078e-309
1.75598e-309
2.321969e-309
4.005675e-309
5.319186e-309
7.037105e-309
1.30003e-309
1.729225e-309
2.316766e-309
6.427901e-309
8.6694e-309
1.177772e-308
3.868688e-309
5.175665e-309
7.002523e-309
6.871058e-309
9.197369e-309
1.230009e-308
6.871049e-309
9.197355e-309
1.230007e-308
4.005669e-309
5.319176e-309
7.037091e-309
1.325075e-309
1.755976e-309
2.321964e-309
6.42789e-309
8.669384e-309
1.17777e-308
1.300029e-309
1.729223e-309
2.316763e-309
3.868682e-309
5.175657e-309
7.00251e-309
6.321054e-309
8.40929e-309
1.113726e-308
1.007541e-309
1.315503e-309
1.719788e-309
5.182211e-309
6.863435e-309
9.093481e-309
2.824822e-309
3.689885e-309
4.842324e-309
1.208919e-309
1.592279e-309
2.086419e-309
3.837238e-309
5.08016e-309
6.688494e-309
3.837241e-309
5.080166e-309
6.688504e-309
1.007541e-309
1.315503e-309
1.719789e-309
1.208919e-309
1.59228e-309
2.08642e-309
2.824824e-309
3.689888e-309
4.842329e-309
6.321061e-309
8.409302e-309
1.113728e-308
5.182216e-309
6.863444e-309
9.093495e-309
5.18222e-309
6.863447e-309
9.093497e-309
2.824825e-309
3.689889e-309
4.842331e-309
1.007542e-309
1.315504e-309
1.71979e-309
3.837245e-309
5.08017e-309
6.688507e-309
6.321065e-309
8.409306e-309
1.113729e-308
1.208921e-309
1.592281e-309
2.086422e-309
6.321055e-309
8.409292e-309
1.113726e-308
5.182211e-309
6.863434e-309
9.093479e-309
2.824821e-309
3.689884e-309
4.842323e-309
3.837238e-309
5.080161e-309
6.688495e-309
1.00754e-309
1.315502e-309
1.719788e-309
1.208919e-309
1.592279e-309
2.086419e-309
5.182224e-309
6.863452e-309
9.093505e-309
6.321069e-309
8.409313e-309
1.11373e-308
2.824827e-309
3.689892e-309
4.842335e-309
3.837246e-309
5.080172e-309
6.688511e-309
1.007542e-309
1.315505e-309
1.719792e-309
1.208921e-309
1.592282e-309
2.086424e-309
2.824824e-309
3.689887e-309
4.842326e-309
3.837241e-309
5.080164e-309
6.688499e-309
1.007541e-309
1.315502e-309
1.719788e-309
5.182216e-309
6.863441e-309
9.093487e-309
6.32106e-309
8.409298e-309
1.113727e-308
1.208919e-309
1.59228e-309
2.086419e-309
1.809957e-308
1.855059e-308
1.855059e-308
1.809957e-308
1.784278e-308
1.796552e-308
1.784278e-308
1.796552e-308
1.345017e-308
1.61743e-308
1.272434e-308
1.50946e-308
1.509461e-308
1.345017e-308
1.61743e-308
1.345017e-308
1.50946e-308
1.50946e-308
1.345016e-308
1.272434e-308
1.710395e-308
1.555597e-308
1.436569e-308
1.456077e-308
1.710396e-308
1.700439e-308
1.555597e-308
1.583785e-308
1.43657e-308
1.456078e-308
1.47215e-308
1.585179e-308
1.689544e-308
1.47215e-308
1.689544e-308
1.585179e-308
1.710396e-308
1.70044e-308
1.555597e-308
1.43657e-308
1.583785e-308
1.456078e-308
1.555596e-308
1.122571e-308
1.046863e-308
1.046863e-308
9.168951e-309
9.168952e-309
8.506002e-309
1.046864e-308
1.122571e-308
9.168952e-309
1.046864e-308
8.505997e-309
9.168953e-309
1.289709e-308
1.101787e-308
1.179319e-308
1.040714e-308
1.011637e-308
1.246976e-308
1.289709e-308
1.040714e-308
1.246976e-308
1.011638e-308
1.101787e-308
1.179319e-308
1.081395e-308
1.202286e-308
1.091178e-308
1.338732e-308
1.338733e-308
1.348561e-308
1.224617e-308
1.202287e-308
1.081396e-308
1.091179e-308
1.202287e-308
1.081396e-308
1.091179e-308
1.224617e-308
1.338733e-308
1.348561e-308
1.246977e-308
1.101787e-308
1.040714e-308
1.289709e-308
1.011637e-308
1.179319e-308
1.289708e-308
1.246976e-308
1.179318e-308
1.040714e-308
1.101787e-308
1.011638e-308
7.218889e-309
4.550828e-309
6.586158e-309
6.586159e-309
5.180894e-309
5.180894e-309
5.180889e-309
4.550823e-309
5.180889e-309
6.58615e-309
6.586151e-309
7.218878e-309
7.351505e-309
8.592011e-309
6.601834e-309
9.004216e-309
6.884533e-309
8.068387e-309
9.004218e-309
8.592009e-309
8.068385e-309
7.351498e-309
6.884526e-309
6.601828e-309
8.066676e-309
6.863591e-309
6.89803e-309
9.306873e-309
9.444874e-309
8.191251e-309
8.19126e-309
9.44488e-309
9.30688e-309
6.86359e-309
6.898034e-309
8.066679e-309
6.967581e-309
6.967581e-309
8.249914e-309
9.602401e-309
6.967584e-309
9.602408e-309
8.24992e-309
9.602409e-309
8.249916e-309
6.967586e-309
6.863592e-309
9.306873e-309
6.89803e-309
9.444876e-309
8.191252e-309
8.066675e-309
6.863589e-309
6.898034e-309
8.066678e-309
9.306878e-309
9.444875e-309
8.191255e-309
8.068387e-309
9.004216e-309
8.592012e-309
6.884533e-309
7.351506e-309
6.601836e-309
7.351495e-309
8.068383e-309
8.592007e-309
6.601826e-309
6.884524e-309
9.004218e-309
2.692328e-310
5.43311e-310
5.433111e-310
1.925246e-309
1.925246e-309
3.01433e-309
5.433106e-310
2.692325e-310
1.925244e-309
3.014327e-309
1.925244e-309
5.433106e-310
8.053716e-310
2.303008e-309
4.909206e-309
4.252255e-309
2.96943e-309
9.395129e-310
4.909203e-309
2.969429e-309
9.395127e-310
4.25225e-309
8.053713e-310
2.303006e-309
1.031449e-309
1.036973e-309
3.107011e-309
3.14126e-309
5.371065e-309
5.337805e-309
1.036971e-309
1.031448e-309
3.141254e-309
3.10701e-309
5.337798e-309
5.371061e-309
3.140628e-309
5.340953e-309
5.368083e-309
1.03862e-309
1.041583e-309
3.155274e-309
3.140615e-309
5.34095e-309
5.368084e-309
1.038614e-309
3.155268e-309
1.041578e-309
3.155266e-309
1.038613e-309
5.368078e-309
1.041577e-309
3.155275e-309
1.03862e-309
5.340953e-309
5.368084e-309
1.041583e-309
3.140628e-309
5.368091e-309
3.155275e-309
5.340952e-309
3.140623e-309
1.041581e-309
1.038618e-309
1.031449e-309
1.036973e-309
3.107011e-309
5.337804e-309
3.14126e-309
5.371065e-309
1.031447e-309
5.371058e-309
3.107006e-309
5.337796e-309
1.036971e-309
3.141255e-309
4.909208e-309
4.252255e-309
2.303008e-309
2.96943e-309
8.053719e-310
9.395134e-310
2.303005e-309
2.969426e-309
8.053704e-310
4.252249e-309
4.9092e-309
9.39512e-310
)
;

boundaryField
{
    top
    {
        type            zeroGradient;
    }
    bottom
    {
        type            zeroGradient;
    }
    defaultFaces
    {
        type            zeroGradient;
    }
    procBoundary1to0
    {
        type            processor;
        value           nonuniform List<scalar> 
1039
(
-1.050162e-307
-1.050161e-307
-1.050162e-307
-1.050162e-307
-1.050162e-307
-1.050161e-307
5.005897e-308
5.005898e-308
4.988283e-308
5.06247e-308
5.044955e-308
5.044955e-308
5.06247e-308
5.044956e-308
5.005898e-308
4.988283e-308
5.044955e-308
5.005898e-308
5.044955e-308
5.005898e-308
4.988283e-308
5.005897e-308
5.06247e-308
5.044955e-308
5.005896e-308
4.98828e-308
5.044954e-308
5.005895e-308
5.062468e-308
5.044953e-308
5.005895e-308
5.005895e-308
4.98828e-308
5.062468e-308
5.044954e-308
5.044953e-308
5.062469e-308
5.044954e-308
4.988282e-308
5.044955e-308
5.005896e-308
5.005897e-308
4.82529e-308
4.843047e-308
4.825291e-308
4.929946e-308
4.88982e-308
4.889819e-308
4.843048e-308
4.88982e-308
4.88982e-308
4.825291e-308
4.825291e-308
4.929946e-308
4.929946e-308
4.889819e-308
4.88982e-308
4.843046e-308
4.825289e-308
4.82529e-308
4.825287e-308
4.889817e-308
4.889816e-308
4.825287e-308
4.929943e-308
4.843043e-308
4.889817e-308
4.843043e-308
4.825287e-308
4.889816e-308
4.825287e-308
4.929943e-308
4.929944e-308
4.889818e-308
4.889818e-308
4.825288e-308
4.843045e-308
4.825288e-308
4.961409e-308
4.961409e-308
4.893324e-308
4.806123e-308
4.893324e-308
4.806123e-308
4.96141e-308
4.893326e-308
4.961411e-308
4.893326e-308
4.806125e-308
4.806125e-308
4.96141e-308
4.96141e-308
4.893325e-308
4.893325e-308
4.806125e-308
4.806125e-308
4.893324e-308
4.806122e-308
4.961408e-308
4.806122e-308
4.961409e-308
4.893323e-308
4.961407e-308
4.893322e-308
4.806121e-308
4.893322e-308
4.961407e-308
4.806121e-308
4.961407e-308
4.893323e-308
4.961408e-308
4.806121e-308
4.893322e-308
4.806121e-308
4.857442e-308
4.531983e-308
4.421797e-308
4.751184e-308
4.751184e-308
4.531983e-308
4.751185e-308
4.421799e-308
4.531985e-308
4.857443e-308
4.751186e-308
4.531985e-308
4.531983e-308
4.751183e-308
4.421797e-308
4.531983e-308
4.857441e-308
4.751184e-308
4.75118e-308
4.857438e-308
4.75118e-308
4.531978e-308
4.75118e-308
4.857438e-308
4.751181e-308
4.531979e-308
4.531981e-308
4.421795e-308
4.531981e-308
4.751182e-308
4.857439e-308
4.751182e-308
4.631602e-308
4.389047e-308
4.724527e-308
4.538601e-308
4.359061e-308
4.696713e-308
4.696715e-308
4.631603e-308
4.389049e-308
4.359063e-308
4.724529e-308
4.538604e-308
4.631603e-308
4.724528e-308
4.696715e-308
4.389049e-308
4.538604e-308
4.359063e-308
4.696712e-308
4.538601e-308
4.724525e-308
4.35906e-308
4.631599e-308
4.389046e-308
4.69671e-308
4.631598e-308
4.724524e-308
4.538598e-308
4.538601e-308
4.696712e-308
4.35906e-308
4.389046e-308
4.724526e-308
4.6316e-308
4.359061e-308
4.696712e-308
4.724526e-308
4.538601e-308
4.6316e-308
4.389046e-308
4.631603e-308
4.389049e-308
4.724528e-308
4.696715e-308
4.359063e-308
4.538604e-308
4.38905e-308
4.631604e-308
4.359064e-308
4.724529e-308
4.696715e-308
4.538604e-308
4.696712e-308
4.538601e-308
4.359061e-308
4.724526e-308
4.389047e-308
4.631601e-308
4.69671e-308
4.724524e-308
4.631598e-308
4.538598e-308
4.696711e-308
4.724525e-308
4.6316e-308
4.538601e-308
4.389046e-308
4.35906e-308
3.108605e-308
3.285927e-308
3.951444e-308
3.68767e-308
3.68767e-308
3.285927e-308
3.285931e-308
3.687674e-308
3.108609e-308
3.951447e-308
3.285931e-308
3.687674e-308
3.285927e-308
3.951443e-308
3.68767e-308
3.108605e-308
3.285927e-308
3.68767e-308
3.108605e-308
3.687669e-308
3.285927e-308
3.951442e-308
3.285926e-308
3.687669e-308
3.869247e-308
3.557254e-308
4.178564e-308
3.800384e-308
4.15424e-308
3.509595e-308
3.869249e-308
3.509598e-308
3.557256e-308
4.154242e-308
4.178566e-308
3.800387e-308
3.869249e-308
3.509596e-308
4.154241e-308
4.178564e-308
3.557255e-308
3.800384e-308
3.869245e-308
4.154237e-308
4.178562e-308
4.154239e-308
3.509594e-308
3.800383e-308
3.869247e-308
3.557254e-308
3.596517e-308
4.12762e-308
3.872652e-308
3.872652e-308
3.596516e-308
4.127621e-308
3.596519e-308
3.596519e-308
3.872655e-308
3.872654e-308
4.127623e-308
4.127623e-308
3.872655e-308
3.596521e-308
4.127624e-308
4.127624e-308
3.596521e-308
3.872657e-308
4.12762e-308
3.872653e-308
4.12762e-308
3.596516e-308
3.596517e-308
3.872652e-308
4.12762e-308
3.596517e-308
3.872652e-308
3.596517e-308
4.12762e-308
3.872652e-308
3.509594e-308
3.800382e-308
4.178562e-308
3.557253e-308
4.154239e-308
3.869246e-308
3.557255e-308
4.154241e-308
4.178564e-308
3.869247e-308
3.509595e-308
3.800384e-308
4.178567e-308
3.800388e-308
4.154243e-308
3.869251e-308
3.509599e-308
3.557259e-308
4.178563e-308
3.800383e-308
4.15424e-308
3.869247e-308
3.509595e-308
3.557254e-308
4.17856e-308
4.154238e-308
3.869245e-308
3.509591e-308
3.557252e-308
2.240007e-308
2.078046e-308
2.557526e-308
2.557526e-308
2.240007e-308
2.74248e-308
2.07805e-308
2.742487e-308
2.240013e-308
2.557531e-308
2.240013e-308
2.557532e-308
2.240009e-308
2.557528e-308
2.240009e-308
2.078046e-308
2.742483e-308
2.557528e-308
2.557528e-308
2.742482e-308
2.240009e-308
2.557528e-308
2.240009e-308
2.078046e-308
2.471467e-308
2.691706e-308
2.881121e-308
2.542502e-308
3.04641e-308
3.150807e-308
2.471473e-308
2.691711e-308
2.542507e-308
3.046414e-308
3.150811e-308
2.881125e-308
3.046411e-308
2.542505e-308
2.691708e-308
2.47147e-308
2.881123e-308
3.150808e-308
3.150807e-308
2.881122e-308
3.04641e-308
2.542504e-308
2.691708e-308
2.471469e-308
2.66579e-308
2.64189e-308
3.294583e-308
2.991783e-308
3.270575e-308
2.937231e-308
2.937234e-308
3.270578e-308
3.294587e-308
2.991787e-308
2.665793e-308
2.641893e-308
2.991787e-308
2.665794e-308
3.294587e-308
2.641893e-308
3.270578e-308
2.937234e-308
3.294582e-308
2.991783e-308
2.991785e-308
3.294585e-308
2.665792e-308
3.270576e-308
2.937232e-308
2.641892e-308
2.66579e-308
3.270574e-308
2.991783e-308
2.93723e-308
2.64189e-308
3.294584e-308
2.937232e-308
2.665792e-308
2.641892e-308
2.991786e-308
3.270576e-308
3.294586e-308
2.641895e-308
2.665795e-308
2.937236e-308
3.27058e-308
2.991788e-308
3.294589e-308
2.991784e-308
2.665791e-308
3.294585e-308
3.270576e-308
2.641891e-308
2.937232e-308
2.991785e-308
3.294584e-308
2.665791e-308
2.64189e-308
2.93723e-308
3.270574e-308
2.471469e-308
3.150806e-308
2.88112e-308
2.542503e-308
3.04641e-308
2.691707e-308
2.691706e-308
2.542503e-308
2.471467e-308
3.150807e-308
2.881121e-308
3.04641e-308
2.691712e-308
2.471473e-308
3.046415e-308
2.542508e-308
3.150812e-308
2.881126e-308
2.471469e-308
3.04641e-308
2.881122e-308
2.542503e-308
2.691707e-308
3.150807e-308
1.265711e-308
1.111783e-308
1.609022e-308
1.609022e-308
1.265711e-308
1.763599e-308
1.609023e-308
1.265712e-308
1.265712e-308
1.609023e-308
1.111784e-308
1.763601e-308
1.26571e-308
1.26571e-308
1.111782e-308
1.60902e-308
1.609021e-308
1.763599e-308
1.26571e-308
1.111783e-308
1.26571e-308
1.609021e-308
1.763599e-308
1.609021e-308
1.971136e-308
2.199762e-308
2.099059e-308
1.681916e-308
1.795999e-308
1.612852e-308
2.199767e-308
2.099062e-308
1.796e-308
1.971139e-308
1.612853e-308
1.681918e-308
1.681915e-308
1.612851e-308
1.795998e-308
1.971137e-308
2.099059e-308
2.199764e-308
1.681915e-308
1.612851e-308
1.795998e-308
1.971137e-308
2.099059e-308
2.199764e-308
1.6768e-308
1.970718e-308
1.685214e-308
2.307418e-308
2.273703e-308
2.001153e-308
2.001158e-308
2.273709e-308
1.685218e-308
1.970723e-308
2.307422e-308
1.676803e-308
1.676801e-308
1.685217e-308
1.97072e-308
2.001157e-308
2.307421e-308
2.273707e-308
2.273707e-308
2.307421e-308
1.970721e-308
2.001157e-308
1.676802e-308
1.685217e-308
2.015485e-308
1.702206e-308
1.702206e-308
2.345903e-308
2.345903e-308
2.015484e-308
1.702208e-308
2.015486e-308
2.345905e-308
2.015488e-308
1.702209e-308
2.345906e-308
2.345908e-308
2.345907e-308
2.015489e-308
2.01549e-308
1.702211e-308
1.702211e-308
2.015485e-308
2.345903e-308
1.702209e-308
1.70221e-308
2.015486e-308
2.015488e-308
2.345905e-308
2.345905e-308
1.970719e-308
2.273705e-308
1.6768e-308
2.307419e-308
1.685215e-308
2.001154e-308
2.307419e-308
2.273704e-308
1.685215e-308
2.001154e-308
1.676801e-308
1.970719e-308
1.676803e-308
1.685219e-308
2.001158e-308
1.970723e-308
2.307423e-308
2.273709e-308
2.307419e-308
2.001155e-308
1.685216e-308
1.97072e-308
2.273705e-308
1.6768e-308
1.61285e-308
1.681914e-308
2.099059e-308
1.795997e-308
2.199763e-308
1.971135e-308
1.795999e-308
2.199763e-308
1.971136e-308
2.099059e-308
1.612852e-308
1.681916e-308
2.199767e-308
1.796e-308
2.099062e-308
1.971139e-308
1.612853e-308
1.681918e-308
1.971136e-308
1.681914e-308
1.795997e-308
2.199763e-308
1.61285e-308
2.099059e-308
-9.723697e-309
-9.723698e-309
-1.359793e-309
-2.744059e-309
-1.522426e-308
-2.74406e-309
-9.723706e-309
-1.359795e-309
-9.723707e-309
-2.744062e-309
-1.522427e-308
-2.744063e-309
-2.744061e-309
-9.723693e-309
-1.359794e-309
-1.522425e-308
-9.723695e-309
-2.744061e-309
-9.723696e-309
-1.522425e-308
-2.744061e-309
-2.74406e-309
-9.723696e-309
-1.359794e-309
-1.499749e-308
-2.479458e-308
-1.163163e-308
-4.067631e-309
-4.745129e-309
-2.147656e-308
-4.74514e-309
-2.47946e-308
-1.499751e-308
-2.147657e-308
-4.067637e-309
-1.163164e-308
-2.479456e-308
-1.499748e-308
-4.745129e-309
-2.147653e-308
-1.163163e-308
-4.06763e-309
-1.163163e-308
-4.06763e-309
-4.745131e-309
-2.147654e-308
-1.499748e-308
-2.479456e-308
-1.586534e-308
-2.695927e-308
-1.569235e-308
-2.712725e-308
-5.20946e-309
-5.237361e-309
-5.237368e-309
-1.586534e-308
-5.209471e-309
-1.569239e-308
-2.69593e-308
-2.712729e-308
-1.586533e-308
-1.569234e-308
-5.209456e-309
-2.712723e-308
-2.695925e-308
-5.237359e-309
-1.569235e-308
-1.586533e-308
-5.209458e-309
-2.712724e-308
-5.23736e-309
-2.695926e-308
-5.26065e-309
-1.593612e-308
-2.71122e-308
-1.586214e-308
-5.245681e-309
-2.697517e-308
-2.711223e-308
-1.593611e-308
-5.26063e-309
-5.245664e-309
-1.586211e-308
-2.69752e-308
-1.586214e-308
-5.245678e-309
-1.593616e-308
-2.697521e-308
-5.260645e-309
-2.711229e-308
-1.593614e-308
-2.711228e-308
-5.260641e-309
-5.245677e-309
-2.697521e-308
-1.586214e-308
-2.697515e-308
-1.586208e-308
-1.593608e-308
-2.711219e-308
-5.245655e-309
-5.26062e-309
-5.245689e-309
-1.586216e-308
-2.711223e-308
-5.260655e-309
-2.69752e-308
-1.593614e-308
-2.711231e-308
-2.697524e-308
-1.586216e-308
-1.593617e-308
-5.26065e-309
-5.245685e-309
-2.697515e-308
-1.586209e-308
-1.569235e-308
-5.209457e-309
-5.237355e-309
-1.586531e-308
-2.712723e-308
-2.695924e-308
-1.569236e-308
-5.209462e-309
-2.695929e-308
-1.586535e-308
-5.237367e-309
-2.712727e-308
-2.712728e-308
-5.209467e-309
-5.237367e-309
-2.695929e-308
-1.586535e-308
-1.569237e-308
-1.569235e-308
-5.237356e-309
-5.209457e-309
-2.712723e-308
-2.695925e-308
-1.586531e-308
-2.479455e-308
-4.067632e-309
-2.147654e-308
-1.163163e-308
-4.745129e-309
-1.499747e-308
-1.499749e-308
-4.067632e-309
-4.745129e-309
-1.163163e-308
-2.479457e-308
-2.147655e-308
-2.147657e-308
-1.163164e-308
-4.067636e-309
-1.49975e-308
-2.47946e-308
-4.745136e-309
-2.479456e-308
-2.147653e-308
-1.163163e-308
-1.499748e-308
-4.067631e-309
-4.74513e-309
3.394504e-308
4.531978e-308
3.487447e-308
4.75118e-308
4.531978e-308
4.531979e-308
3.487447e-308
4.75118e-308
3.394504e-308
3.498081e-308
4.538598e-308
3.501296e-308
4.631598e-308
3.498081e-308
4.538598e-308
4.631598e-308
3.501296e-308
2.635571e-308
3.100898e-308
2.502208e-308
2.929131e-308
2.929131e-308
2.635571e-308
3.100898e-308
2.635571e-308
2.929131e-308
2.929131e-308
2.635571e-308
2.502208e-308
3.287625e-308
4.154237e-308
3.019898e-308
2.811281e-308
3.869245e-308
2.854502e-308
3.287625e-308
3.306951e-308
3.019899e-308
3.098958e-308
2.811281e-308
2.854503e-308
2.891104e-308
3.109926e-308
3.31619e-308
2.891104e-308
3.31619e-308
3.109926e-308
3.287626e-308
3.306952e-308
3.019899e-308
2.811281e-308
3.098959e-308
2.854503e-308
3.509591e-308
3.509591e-308
3.019898e-308
4.17856e-308
2.219262e-308
2.07251e-308
2.07251e-308
1.810641e-308
1.810642e-308
1.683746e-308
2.072511e-308
2.219263e-308
1.810642e-308
2.072512e-308
1.683745e-308
1.810642e-308
2.536626e-308
2.17901e-308
2.326414e-308
2.059651e-308
1.999173e-308
2.455415e-308
2.536626e-308
2.059652e-308
2.455415e-308
1.999174e-308
2.17901e-308
2.326415e-308
2.136439e-308
2.369611e-308
2.991783e-308
2.154468e-308
2.631229e-308
3.294582e-308
2.631229e-308
2.650781e-308
2.410826e-308
2.369612e-308
2.13644e-308
2.154469e-308
2.369612e-308
2.13644e-308
2.154469e-308
2.410826e-308
2.631229e-308
2.650782e-308
2.64189e-308
2.93723e-308
2.455416e-308
2.17901e-308
2.059651e-308
2.536626e-308
1.999173e-308
2.326414e-308
2.536626e-308
2.455415e-308
2.326414e-308
2.059652e-308
2.17901e-308
1.999174e-308
1.42435e-308
9.116513e-309
1.292326e-308
1.292327e-308
1.028156e-308
1.028156e-308
1.028155e-308
9.116504e-309
1.028155e-308
1.292325e-308
1.292325e-308
1.424348e-308
1.417453e-308
1.669406e-308
1.26285e-308
1.753081e-308
1.320627e-308
1.564585e-308
1.753081e-308
1.669406e-308
1.564584e-308
1.417452e-308
1.320626e-308
1.262849e-308
1.594125e-308
1.369358e-308
1.383172e-308
1.844552e-308
1.873836e-308
1.634475e-308
1.634477e-308
1.873837e-308
1.844553e-308
1.369358e-308
1.383173e-308
1.594125e-308
1.400657e-308
1.400657e-308
2.015485e-308
1.64643e-308
1.903973e-308
2.345903e-308
1.400657e-308
1.903974e-308
1.646431e-308
1.903974e-308
1.64643e-308
1.400657e-308
2.015486e-308
1.702209e-308
1.369358e-308
1.844552e-308
1.383172e-308
1.873836e-308
1.634475e-308
1.594125e-308
1.369358e-308
1.383173e-308
1.594125e-308
1.844553e-308
1.873837e-308
1.634477e-308
1.564585e-308
1.753081e-308
1.669407e-308
1.320627e-308
1.417453e-308
1.26285e-308
1.417451e-308
1.564584e-308
1.669406e-308
1.262849e-308
1.320626e-308
1.753081e-308
-1.100111e-309
-2.224965e-309
-2.224965e-309
-7.900934e-309
-7.900935e-309
-1.251584e-308
-2.224964e-309
-1.10011e-309
-7.900928e-309
-1.251583e-308
-7.900928e-309
-2.224964e-309
-3.225802e-309
-9.321882e-309
-1.944072e-308
-1.720786e-308
-1.168609e-308
-3.699794e-309
-1.944071e-308
-1.168608e-308
-3.699794e-309
-1.720784e-308
-3.225801e-309
-9.321876e-309
-4.075353e-309
-4.170468e-309
-1.225743e-308
-1.275982e-308
-2.137335e-308
-2.174825e-308
-4.170462e-309
-4.07535e-309
-1.275979e-308
-1.225743e-308
-2.174822e-308
-2.137333e-308
-1.286018e-308
-2.211759e-308
-2.226562e-308
-4.237092e-309
-4.261465e-309
-1.298588e-308
-1.286012e-308
-2.211758e-308
-2.226561e-308
-4.237069e-309
-1.298585e-308
-4.261442e-309
-1.593614e-308
-1.298585e-308
-4.237069e-309
-1.586209e-308
-2.697515e-308
-2.22656e-308
-4.26144e-309
-1.298588e-308
-4.237093e-309
-2.211759e-308
-2.226562e-308
-4.261463e-309
-1.286018e-308
-2.226566e-308
-1.298589e-308
-2.211759e-308
-1.286016e-308
-4.261456e-309
-4.237085e-309
-4.075353e-309
-4.170467e-309
-1.225743e-308
-2.174825e-308
-1.275981e-308
-2.137334e-308
-4.075347e-309
-2.137332e-308
-1.225742e-308
-2.174822e-308
-4.170462e-309
-1.27598e-308
-1.944073e-308
-1.720786e-308
-9.321884e-309
-1.168609e-308
-3.225803e-309
-3.699796e-309
-9.321873e-309
-1.168607e-308
-3.225797e-309
-1.720783e-308
-1.944069e-308
-3.699791e-309
)
;
    }
    procBoundary1to2
    {
        type            processor;
        value           nonuniform List<scalar> 
1043
(
1.113003e-307
1.113003e-307
1.113003e-307
1.21008e-307
1.21008e-307
1.21008e-307
1.113003e-307
1.113003e-307
2.412418e+14
2.412417e+14
2.33199e+14
2.390443e+14
2.390442e+14
2.407488e+14
2.412418e+14
2.33199e+14
2.390443e+14
2.407489e+14
2.390443e+14
2.412418e+14
2.145548e+14
2.145548e+14
2.198932e+14
2.412417e+14
2.214573e+14
2.390443e+14
2.214573e+14
2.218946e+14
2.218946e+14
2.145548e+14
2.198932e+14
2.218946e+14
2.214573e+14
2.198932e+14
2.218945e+14
2.198932e+14
2.218945e+14
2.214573e+14
2.145548e+14
2.198932e+14
2.331989e+14
2.198932e+14
2.198932e+14
2.407487e+14
2.218946e+14
2.390442e+14
2.218946e+14
2.412417e+14
2.319876e+14
2.098564e+14
2.206361e+14
2.361088e+14
2.319876e+14
2.20636e+14
2.098564e+14
2.319877e+14
2.319876e+14
2.206361e+14
2.206361e+14
2.361089e+14
2.172731e+14
2.172731e+14
2.135462e+14
2.319875e+14
2.032856e+14
2.20636e+14
1.93529e+14
1.93529e+14
2.032856e+14
2.032856e+14
2.135462e+14
2.135462e+14
1.93529e+14
2.172731e+14
2.135461e+14
2.17273e+14
2.135461e+14
2.032856e+14
2.032856e+14
1.93529e+14
2.361087e+14
2.135461e+14
2.319875e+14
2.098562e+14
2.032856e+14
2.135461e+14
2.206359e+14
2.032856e+14
2.356581e+14
2.402713e+14
2.402712e+14
2.356582e+14
2.311272e+14
2.311272e+14
2.356583e+14
2.311274e+14
2.402714e+14
2.311274e+14
2.402714e+14
2.356583e+14
2.402713e+14
2.402713e+14
2.356583e+14
2.356582e+14
2.311273e+14
2.311273e+14
2.168372e+14
2.127024e+14
2.21013e+14
2.127024e+14
2.21013e+14
2.168372e+14
2.210129e+14
2.168372e+14
2.127023e+14
2.168372e+14
2.210129e+14
2.127023e+14
2.210129e+14
2.210129e+14
2.168371e+14
2.127023e+14
2.168371e+14
2.127023e+14
1.080019e-307
1.027535e-307
1.008102e-307
1.063051e-307
1.063051e-307
1.027535e-307
1.063052e-307
1.008102e-307
1.027535e-307
1.080019e-307
1.063052e-307
1.027535e-307
9.480606e-308
9.807708e-308
9.302098e-308
9.302098e-308
1.027534e-307
9.963991e-308
9.963991e-308
1.063051e-307
9.963994e-308
9.302101e-308
9.80771e-308
9.807711e-308
9.480608e-308
9.480607e-308
9.480606e-308
9.480607e-308
9.302099e-308
9.807708e-308
9.963991e-308
9.807708e-308
1.027534e-307
1.008101e-307
9.4806e-308
9.4806e-308
1.06305e-307
1.080018e-307
9.807703e-308
9.807703e-308
2.166181e+14
2.027624e+14
2.230668e+14
2.180194e+14
2.035366e+14
2.096201e+14
2.096202e+14
2.035367e+14
2.027625e+14
2.180196e+14
2.23067e+14
2.166182e+14
2.180195e+14
2.230669e+14
2.096201e+14
2.027624e+14
2.16618e+14
2.035365e+14
2.053687e+14
2.006778e+14
1.995935e+14
1.9294e+14
1.869897e+14
1.875106e+14
2.053687e+14
1.869897e+14
1.9294e+14
1.875106e+14
1.995935e+14
2.006777e+14
1.9294e+14
2.053687e+14
1.995934e+14
2.006777e+14
1.875105e+14
1.869896e+14
2.0962e+14
2.230668e+14
2.180194e+14
2.16618e+14
2.035365e+14
2.027623e+14
2.027625e+14
2.035366e+14
2.166181e+14
2.23067e+14
2.096202e+14
2.180195e+14
2.096202e+14
2.180195e+14
2.230669e+14
2.035367e+14
2.027625e+14
2.166182e+14
1.9294e+14
1.869897e+14
1.875106e+14
1.995935e+14
2.006778e+14
2.053687e+14
1.9294e+14
2.053687e+14
1.995935e+14
1.869897e+14
2.006778e+14
1.875106e+14
2.053687e+14
1.995935e+14
1.869897e+14
2.006777e+14
1.875106e+14
1.9294e+14
1.486795e+14
1.57459e+14
1.778179e+14
1.72199e+14
1.72199e+14
1.574589e+14
1.574591e+14
1.721991e+14
1.57459e+14
1.486796e+14
1.77818e+14
1.721991e+14
1.574589e+14
1.369171e+14
1.640354e+14
1.640354e+14
1.721989e+14
1.369171e+14
1.450063e+14
1.587021e+14
1.450064e+14
1.640355e+14
1.369173e+14
1.587021e+14
1.587021e+14
1.450064e+14
1.640355e+14
1.450064e+14
1.587021e+14
1.587021e+14
1.450064e+14
1.369172e+14
1.486794e+14
1.450062e+14
1.721988e+14
1.574588e+14
1.450062e+14
1.778178e+14
1.58702e+14
1.58702e+14
1.95035e+14
1.733426e+14
1.912208e+14
1.802786e+14
1.872813e+14
1.785549e+14
1.912209e+14
1.733427e+14
1.802787e+14
1.950351e+14
1.872814e+14
1.78555e+14
1.912208e+14
1.872812e+14
1.733425e+14
1.95035e+14
1.785548e+14
1.802786e+14
1.758832e+14
1.645059e+14
1.594771e+14
1.79647e+14
1.657203e+14
1.727116e+14
1.727116e+14
1.796469e+14
1.645059e+14
1.758832e+14
1.594771e+14
1.657203e+14
1.727115e+14
1.796469e+14
1.59477e+14
1.645058e+14
1.758832e+14
1.657202e+14
1.879053e+14
1.953934e+14
2.040689e+14
1.953934e+14
1.879053e+14
2.040689e+14
1.879054e+14
1.879054e+14
1.953936e+14
1.953936e+14
2.040691e+14
2.040691e+14
1.953935e+14
1.879054e+14
2.04069e+14
2.04069e+14
1.879054e+14
1.953936e+14
1.876836e+14
1.796023e+14
1.876836e+14
1.725523e+14
1.725523e+14
1.796022e+14
1.725523e+14
1.796022e+14
1.876836e+14
1.725523e+14
1.876836e+14
1.796023e+14
1.725522e+14
1.725522e+14
1.796022e+14
1.796022e+14
1.876835e+14
1.876835e+14
1.733424e+14
1.802785e+14
1.872812e+14
1.785547e+14
1.912207e+14
1.950349e+14
1.802787e+14
1.950351e+14
1.872813e+14
1.912208e+14
1.733426e+14
1.785549e+14
1.872814e+14
1.950351e+14
1.78555e+14
1.912209e+14
1.733427e+14
1.802788e+14
1.727116e+14
1.645059e+14
1.796469e+14
1.758832e+14
1.59477e+14
1.657203e+14
1.727116e+14
1.79647e+14
1.594771e+14
1.645059e+14
1.758832e+14
1.657203e+14
1.727116e+14
1.645059e+14
1.796469e+14
1.758832e+14
1.657203e+14
1.59477e+14
1.034078e+14
9.666615e+13
1.326798e+14
1.326798e+14
1.034078e+14
1.466994e+14
9.666619e+13
1.034079e+14
1.326801e+14
1.034079e+14
1.466996e+14
1.326801e+14
9.541848e+13
9.541848e+13
9.541848e+13
1.326798e+14
1.351144e+14
9.54186e+13
8.924934e+13
1.351144e+14
1.222406e+14
1.351146e+14
1.222407e+14
1.222407e+14
9.541871e+13
9.541872e+13
8.924958e+13
9.54187e+13
1.222407e+14
8.924947e+13
9.541871e+13
1.351146e+14
1.222408e+14
1.326799e+14
1.314147e+14
1.466993e+14
1.034077e+14
3.924692e-308
1.326798e+14
1.034077e+14
9.666602e+13
1.427261e+14
1.20276e+14
1.696542e+14
1.389192e+14
1.805504e+14
1.679079e+14
1.805505e+14
1.696543e+14
1.427262e+14
1.202762e+14
1.389194e+14
1.67908e+14
1.42726e+14
1.696541e+14
1.20276e+14
1.389193e+14
1.805504e+14
1.679079e+14
1.660271e+14
1.314149e+14
1.542808e+14
1.277423e+14
1.107839e+14
1.561231e+14
1.660271e+14
1.542808e+14
1.277424e+14
1.561231e+14
1.10784e+14
1.314149e+14
1.66027e+14
1.542808e+14
1.561229e+14
1.277423e+14
1.314147e+14
1.107839e+14
1.877682e+14
1.661977e+14
1.612315e+14
2.022618e+14
1.778227e+14
1.975746e+14
1.661978e+14
1.877684e+14
1.778229e+14
1.975747e+14
2.02262e+14
1.612316e+14
1.661978e+14
1.612316e+14
1.778228e+14
1.877684e+14
1.975746e+14
2.022619e+14
1.721822e+14
1.47911e+14
1.856002e+14
1.813938e+14
1.632331e+14
1.523751e+14
1.813938e+14
1.632331e+14
1.721822e+14
1.523751e+14
1.856002e+14
1.47911e+14
1.721822e+14
1.856002e+14
1.523751e+14
1.813937e+14
1.632331e+14
1.47911e+14
1.661977e+14
1.975745e+14
1.877682e+14
1.778227e+14
1.612314e+14
2.022618e+14
1.975747e+14
1.778228e+14
1.612316e+14
2.022619e+14
1.661978e+14
1.877683e+14
1.877684e+14
1.661979e+14
2.02262e+14
1.612317e+14
1.975748e+14
1.778229e+14
1.856003e+14
1.721822e+14
1.813938e+14
1.632331e+14
1.523751e+14
1.47911e+14
1.632332e+14
1.47911e+14
1.813938e+14
1.523751e+14
1.856003e+14
1.721822e+14
1.721822e+14
1.856002e+14
1.523751e+14
1.47911e+14
1.632331e+14
1.813937e+14
1.20276e+14
1.805503e+14
1.679078e+14
1.389192e+14
1.696541e+14
1.42726e+14
1.389193e+14
1.679079e+14
1.427261e+14
1.20276e+14
1.805505e+14
1.696542e+14
1.427262e+14
1.202762e+14
1.696543e+14
1.389194e+14
1.805506e+14
1.67908e+14
1.107839e+14
1.56123e+14
1.542808e+14
1.277423e+14
1.314148e+14
1.66027e+14
1.561231e+14
1.660271e+14
1.542808e+14
1.314149e+14
1.10784e+14
1.277424e+14
1.277424e+14
1.542808e+14
1.660271e+14
1.10784e+14
1.314149e+14
1.561231e+14
4.907983e+13
4.047596e+13
6.902309e+13
6.902309e+13
4.907982e+13
7.931122e+13
4.907981e+13
4.047595e+13
6.902305e+13
4.907981e+13
6.902307e+13
7.931118e+13
4.544794e+13
4.544794e+13
4.544797e+13
6.38478e+13
3.749882e+13
6.384773e+13
6.384773e+13
7.331716e+13
7.331743e+13
3.749895e+13
6.384799e+13
6.384801e+13
4.54481e+13
4.544811e+13
3.749888e+13
4.544802e+13
6.384786e+13
4.544803e+13
6.384788e+13
7.331726e+13
4.907974e+13
1.632877e-308
4.047589e+13
4.907973e+13
6.902296e+13
3.261326e-308
7.931107e+13
6.902295e+13
3.984912e-308
4.528211e-308
4.250808e-308
3.184319e-308
3.527786e-308
3.008864e-308
4.250809e-308
4.528218e-308
3.527784e-308
3.008863e-308
3.984915e-308
3.184319e-308
3.184313e-308
3.984907e-308
4.528209e-308
3.527777e-308
3.008857e-308
4.2508e-308
3.677053e-308
2.942639e-308
4.177081e-308
3.924701e-308
2.783028e-308
3.261335e-308
4.177082e-308
3.924697e-308
3.67705e-308
3.26133e-308
2.942635e-308
2.783024e-308
3.261326e-308
2.783021e-308
2.942633e-308
3.924692e-308
3.677047e-308
4.177078e-308
1.231765e+14
1.335324e+14
9.227029e+13
8.033748e+13
7.461796e+13
1.110344e+14
8.033768e+13
1.110346e+14
7.461805e+13
9.227051e+13
1.231768e+14
1.335326e+14
1.231767e+14
1.335325e+14
9.227036e+13
1.110346e+14
7.461795e+13
8.03376e+13
8.500063e+13
6.870362e+13
7.38237e+13
1.132362e+14
1.225744e+14
1.019002e+14
6.870361e+13
1.019003e+14
8.500071e+13
1.132363e+14
7.382376e+13
1.225745e+14
1.132363e+14
1.225744e+14
8.500066e+13
1.019003e+14
6.870357e+13
7.382375e+13
1.149095e+14
8.594853e+13
8.594857e+13
1.43291e+14
1.43291e+14
1.149095e+14
8.594862e+13
1.149096e+14
1.432912e+14
1.149097e+14
8.594868e+13
1.432912e+14
1.432912e+14
1.149097e+14
1.149097e+14
1.432912e+14
8.594876e+13
8.594877e+13
7.883686e+13
1.053734e+14
7.883691e+13
1.053735e+14
1.313455e+14
1.313455e+14
7.883686e+13
1.053734e+14
7.883691e+13
1.313455e+14
1.053735e+14
1.313455e+14
7.883698e+13
7.883697e+13
1.053735e+14
1.053735e+14
1.313455e+14
1.313455e+14
9.227036e+13
1.231766e+14
7.461793e+13
1.335325e+14
8.033755e+13
1.110345e+14
1.335325e+14
1.231766e+14
1.110344e+14
9.227036e+13
8.033754e+13
7.461801e+13
7.461804e+13
8.033766e+13
1.110346e+14
9.227049e+13
1.335326e+14
1.231768e+14
1.225744e+14
1.019003e+14
7.382376e+13
8.500067e+13
1.132363e+14
6.870357e+13
1.225744e+14
1.132363e+14
1.019002e+14
8.500068e+13
7.382371e+13
6.870364e+13
6.870359e+13
7.382375e+13
8.500069e+13
1.132363e+14
1.225744e+14
1.019003e+14
3.008858e-308
3.184313e-308
4.250802e-308
3.527777e-308
4.528209e-308
3.984907e-308
3.527786e-308
4.528212e-308
3.984913e-308
4.250807e-308
3.008864e-308
3.184321e-308
4.528217e-308
3.527783e-308
4.250808e-308
3.984913e-308
3.184318e-308
3.008862e-308
3.677047e-308
2.942632e-308
3.261326e-308
4.177077e-308
2.78302e-308
3.924692e-308
3.677054e-308
4.177082e-308
3.924702e-308
2.942641e-308
3.261337e-308
2.783029e-308
3.261329e-308
3.924696e-308
2.783023e-308
4.177081e-308
2.942634e-308
3.677049e-308
7.253043e-309
7.253043e-309
1.002038e-309
2.033686e-309
1.096719e-308
2.033686e-309
7.253042e-309
1.002038e-309
7.253043e-309
2.033686e-309
1.096719e-308
2.033687e-309
1.887085e-309
6.727558e-309
9.301048e-310
1.016813e-308
6.727555e-309
6.727555e-309
1.887085e-309
9.301075e-310
1.016816e-308
1.88709e-309
6.727577e-309
6.727578e-309
1.887089e-309
9.301057e-310
6.727566e-309
1.887086e-309
6.727566e-309
1.016814e-308
1.887086e-309
1.002037e-309
7.253032e-309
8.518387e-309
1.096717e-308
2.033684e-309
2.033684e-309
7.253031e-309
9.188016e-309
3.229064e-309
1.762709e-308
1.268232e-308
3.919652e-309
2.139009e-308
1.762708e-308
9.188014e-309
2.139009e-308
3.919656e-309
1.268233e-308
3.229066e-309
2.139004e-308
1.268229e-308
3.919645e-309
1.762705e-308
9.187997e-309
3.229058e-309
1.174422e-308
2.994221e-309
3.631993e-309
8.518413e-309
1.632882e-308
1.980183e-308
8.5184e-309
2.994218e-309
3.631993e-309
1.63288e-308
1.174421e-308
1.980181e-308
8.518387e-309
2.994212e-309
3.631988e-309
1.632877e-308
1.174419e-308
1.980178e-308
4.589204e-309
1.417915e-308
4.453786e-309
2.408205e-308
1.349199e-308
2.414533e-308
4.589202e-309
1.417914e-308
4.453788e-309
1.349201e-308
2.408205e-308
2.414534e-308
1.349197e-308
2.414528e-308
1.417913e-308
4.453775e-309
2.408201e-308
4.589194e-309
4.234644e-309
4.118947e-309
1.248163e-308
1.306975e-308
2.231036e-308
2.220734e-308
2.231033e-308
2.220731e-308
1.248162e-308
1.306972e-308
4.118943e-309
4.234635e-309
1.306972e-308
2.220729e-308
4.234633e-309
2.231031e-308
4.118938e-309
1.24816e-308
5.000986e-309
1.545177e-308
1.472262e-308
2.684723e-308
4.857117e-309
2.602624e-308
5.000963e-309
1.545174e-308
4.857095e-309
2.684724e-308
1.472256e-308
2.602623e-308
1.472259e-308
4.857108e-309
1.545178e-308
2.602625e-308
5.000974e-309
2.68473e-308
1.354501e-308
2.39112e-308
2.464192e-308
4.468008e-309
4.594886e-309
1.418839e-308
1.354494e-308
2.391116e-308
2.46419e-308
4.46798e-309
1.418835e-308
4.594858e-309
1.354497e-308
4.467994e-309
1.418839e-308
2.391118e-308
4.594869e-309
2.464195e-308
2.602619e-308
1.472254e-308
1.545172e-308
2.684721e-308
4.857087e-309
5.000954e-309
4.857124e-309
1.472263e-308
2.684726e-308
5.00099e-309
2.602626e-308
1.545178e-308
2.684731e-308
2.602626e-308
1.47226e-308
1.545178e-308
5.000978e-309
4.857113e-309
1.418835e-308
4.46798e-309
2.391115e-308
2.464189e-308
4.594856e-309
1.354494e-308
1.418839e-308
4.468009e-309
2.39112e-308
2.464192e-308
4.594884e-309
1.354501e-308
2.464195e-308
1.418839e-308
2.391118e-308
1.354498e-308
4.594871e-309
4.467996e-309
4.589194e-309
1.417912e-308
4.453779e-309
1.349198e-308
2.408201e-308
2.414529e-308
1.3492e-308
4.453787e-309
2.408207e-308
1.417916e-308
4.589206e-309
2.414534e-308
1.417914e-308
4.589201e-309
4.453785e-309
2.408204e-308
2.414532e-308
1.349199e-308
1.306972e-308
4.234631e-309
2.22073e-308
1.248161e-308
4.118937e-309
2.231031e-308
4.11895e-309
4.234645e-309
1.248164e-308
2.220735e-308
1.306975e-308
2.231037e-308
2.231032e-308
1.248161e-308
4.118939e-309
2.220729e-308
4.234636e-309
1.306972e-308
3.229061e-309
3.919648e-309
9.188001e-309
1.26823e-308
1.762705e-308
2.139005e-308
9.188015e-309
3.229064e-309
1.268232e-308
1.762709e-308
2.139009e-308
3.919652e-309
3.229065e-309
9.188014e-309
1.762708e-308
3.919654e-309
1.268232e-308
2.139008e-308
1.980178e-308
1.632877e-308
8.518389e-309
1.17442e-308
2.994215e-309
3.631988e-309
1.980184e-308
1.632883e-308
8.518416e-309
1.174423e-308
2.994223e-309
3.631997e-309
1.17442e-308
8.518397e-309
2.994215e-309
3.631988e-309
1.632879e-308
1.980179e-308
)
;
    }
}


// ************************************************************************* //
