/*--------------------------------*- C++ -*----------------------------------*\
| =========                 |                                                 |
| \\      /  F ield         | OpenFOAM: The Open Source CFD Toolbox           |
|  \\    /   O peration     | Version:  2506                                  |
|   \\  /    A nd           | Website:  www.openfoam.com                      |
|    \\/     M anipulation  |                                                 |
\*---------------------------------------------------------------------------*/
FoamFile
{
    version     2.0;
    format      ascii;
    arch        "LSB;label=32;scalar=64";
    class       vectorField;
    location    "constant/neutroRegion/polyMesh";
    object      points;
}
// * * * * * * * * * * * * * * * * * * * * * * * * * * * * * * * * * * * * * //


25327
(
(-0.1928349899 -0.167 0.51)
(-0.09641749495 -0.167 0.51)
(-0.1446262424 -0.0835 0.51)
(-0.1928349899 -0.167 0.699)
(-0.09641749495 -0.167 0.699)
(-0.1446262424 -0.0835 0.699)
(-0.1928349899 -0.167 0.888)
(-0.09641749495 -0.167 0.888)
(-0.1446262424 -0.0835 0.888)
(-0.1928349899 -0.167 1.077)
(-0.09641749495 -0.167 1.077)
(-0.1446262424 -0.0835 1.077)
(-0.1928349899 -0.167 1.266)
(-0.09641749495 -0.167 1.266)
(-0.1446262424 -0.0835 1.266)
(-0.1928349899 -0.167 1.455)
(-0.09641749495 -0.167 1.455)
(-0.1446262424 -0.0835 1.455)
(-0.04820874748 -0.0835 0.51)
(-0.04820874748 -0.0835 0.699)
(-0.04820874748 -0.0835 0.888)
(-0.04820874748 -0.0835 1.077)
(-0.04820874748 -0.0835 1.266)
(-0.04820874748 -0.0835 1.455)
(-0.2410437374 -0.0835 0.51)
(-0.2410437374 -0.0835 0.699)
(-0.2410437374 -0.0835 0.888)
(-0.2410437374 -0.0835 1.077)
(-0.2410437374 -0.0835 1.266)
(-0.2410437374 -0.0835 1.455)
(-0.1928349899 0 0.51)
(-0.09641749495 0 0.51)
(-0.1928349899 0 0.699)
(-0.09641749495 0 0.699)
(-0.1928349899 0 0.888)
(-0.09641749495 0 0.888)
(-0.1928349899 0 1.077)
(-0.09641749495 0 1.077)
(-0.1928349899 0 1.266)
(-0.09641749495 0 1.266)
(-0.1928349899 0 1.455)
(-0.09641749495 0 1.455)
(-0.1446262424 0.0835 0.51)
(-0.1446262424 0.0835 0.699)
(-0.1446262424 0.0835 0.888)
(-0.1446262424 0.0835 1.077)
(-0.1446262424 0.0835 1.266)
(-0.1446262424 0.0835 1.455)
(-0.04820874748 0.0835 0.51)
(-0.04820874748 0.0835 0.699)
(-0.04820874748 0.0835 0.888)
(-0.04820874748 0.0835 1.077)
(-0.04820874748 0.0835 1.266)
(-0.04820874748 0.0835 1.455)
(-0.2410437374 0.0835 0.51)
(-0.2410437374 0.0835 0.699)
(-0.2410437374 0.0835 0.888)
(-0.2410437374 0.0835 1.077)
(-0.2410437374 0.0835 1.266)
(-0.2410437374 0.0835 1.455)
(-0.1928349899 0.167 0.51)
(-0.09641749495 0.167 0.51)
(-0.1928349899 0.167 0.699)
(-0.09641749495 0.167 0.699)
(-0.1928349899 0.167 0.888)
(-0.09641749495 0.167 0.888)
(-0.1928349899 0.167 1.077)
(-0.09641749495 0.167 1.077)
(-0.1928349899 0.167 1.266)
(-0.09641749495 0.167 1.266)
(-0.1928349899 0.167 1.455)
(-0.09641749495 0.167 1.455)
(-0.04820874748 -0.2505 0.51)
(0.04820874748 -0.2505 0.51)
(0 -0.167 0.51)
(-0.04820874748 -0.2505 0.699)
(0.04820874748 -0.2505 0.699)
(0 -0.167 0.699)
(-0.04820874748 -0.2505 0.888)
(0.04820874748 -0.2505 0.888)
(0 -0.167 0.888)
(-0.04820874748 -0.2505 1.077)
(0.04820874748 -0.2505 1.077)
(0 -0.167 1.077)
(-0.04820874748 -0.2505 1.266)
(0.04820874748 -0.2505 1.266)
(0 -0.167 1.266)
(-0.04820874748 -0.2505 1.455)
(0.04820874748 -0.2505 1.455)
(0 -0.167 1.455)
(0.09641749495 -0.167 0.51)
(0.09641749495 -0.167 0.699)
(0.09641749495 -0.167 0.888)
(0.09641749495 -0.167 1.077)
(0.09641749495 -0.167 1.266)
(0.09641749495 -0.167 1.455)
(0.04820874748 -0.0835 0.51)
(0.04820874748 -0.0835 0.699)
(0.04820874748 -0.0835 0.888)
(0.04820874748 -0.0835 1.077)
(0.04820874748 -0.0835 1.266)
(0.04820874748 -0.0835 1.455)
(0 0 0.51)
(0 0 0.699)
(0 0 0.888)
(0 0 1.077)
(0 0 1.266)
(0 0 1.455)
(0.09641749495 0 0.51)
(0.09641749495 0 0.699)
(0.09641749495 0 0.888)
(0.09641749495 0 1.077)
(0.09641749495 0 1.266)
(0.09641749495 0 1.455)
(0.04820874748 0.0835 0.51)
(0.04820874748 0.0835 0.699)
(0.04820874748 0.0835 0.888)
(0.04820874748 0.0835 1.077)
(0.04820874748 0.0835 1.266)
(0.04820874748 0.0835 1.455)
(0 0.167 0.51)
(0 0.167 0.699)
(0 0.167 0.888)
(0 0.167 1.077)
(0 0.167 1.266)
(0 0.167 1.455)
(0.09641749495 0.167 0.51)
(0.09641749495 0.167 0.699)
(0.09641749495 0.167 0.888)
(0.09641749495 0.167 1.077)
(0.09641749495 0.167 1.266)
(0.09641749495 0.167 1.455)
(-0.04820874748 0.2505 0.51)
(0.04820874748 0.2505 0.51)
(-0.04820874748 0.2505 0.699)
(0.04820874748 0.2505 0.699)
(-0.04820874748 0.2505 0.888)
(0.04820874748 0.2505 0.888)
(-0.04820874748 0.2505 1.077)
(0.04820874748 0.2505 1.077)
(-0.04820874748 0.2505 1.266)
(0.04820874748 0.2505 1.266)
(-0.04820874748 0.2505 1.455)
(0.04820874748 0.2505 1.455)
(0.1928349899 -0.167 0.51)
(0.1446262424 -0.0835 0.51)
(0.1928349899 -0.167 0.699)
(0.1446262424 -0.0835 0.699)
(0.1928349899 -0.167 0.888)
(0.1446262424 -0.0835 0.888)
(0.1928349899 -0.167 1.077)
(0.1446262424 -0.0835 1.077)
(0.1928349899 -0.167 1.266)
(0.1446262424 -0.0835 1.266)
(0.1928349899 -0.167 1.455)
(0.1446262424 -0.0835 1.455)
(0.2410437374 -0.0835 0.51)
(0.2410437374 -0.0835 0.699)
(0.2410437374 -0.0835 0.888)
(0.2410437374 -0.0835 1.077)
(0.2410437374 -0.0835 1.266)
(0.2410437374 -0.0835 1.455)
(0.1928349899 0 0.51)
(0.1928349899 0 0.699)
(0.1928349899 0 0.888)
(0.1928349899 0 1.077)
(0.1928349899 0 1.266)
(0.1928349899 0 1.455)
(0.1446262424 0.0835 0.51)
(0.1446262424 0.0835 0.699)
(0.1446262424 0.0835 0.888)
(0.1446262424 0.0835 1.077)
(0.1446262424 0.0835 1.266)
(0.1446262424 0.0835 1.455)
(0.2410437374 0.0835 0.51)
(0.2410437374 0.0835 0.699)
(0.2410437374 0.0835 0.888)
(0.2410437374 0.0835 1.077)
(0.2410437374 0.0835 1.266)
(0.2410437374 0.0835 1.455)
(0.1928349899 0.167 0.51)
(0.1928349899 0.167 0.699)
(0.1928349899 0.167 0.888)
(0.1928349899 0.167 1.077)
(0.1928349899 0.167 1.266)
(0.1928349899 0.167 1.455)
(-1.349844929 -0.501 0.51)
(-1.253427434 -0.501 0.51)
(-1.301636182 -0.4175 0.51)
(-1.349844929 -0.501 0.699)
(-1.253427434 -0.501 0.699)
(-1.301636182 -0.4175 0.699)
(-1.349844929 -0.501 0.888)
(-1.253427434 -0.501 0.888)
(-1.301636182 -0.4175 0.888)
(-1.349844929 -0.501 1.077)
(-1.253427434 -0.501 1.077)
(-1.301636182 -0.4175 1.077)
(-1.349844929 -0.501 1.266)
(-1.253427434 -0.501 1.266)
(-1.301636182 -0.4175 1.266)
(-1.349844929 -0.501 1.455)
(-1.253427434 -0.501 1.455)
(-1.301636182 -0.4175 1.455)
(-1.205218687 -0.4175 0.51)
(-1.205218687 -0.4175 0.699)
(-1.205218687 -0.4175 0.888)
(-1.205218687 -0.4175 1.077)
(-1.205218687 -0.4175 1.266)
(-1.205218687 -0.4175 1.455)
(-1.398053677 -0.4175 0.51)
(-1.398053677 -0.4175 0.699)
(-1.398053677 -0.4175 0.888)
(-1.398053677 -0.4175 1.077)
(-1.398053677 -0.4175 1.266)
(-1.398053677 -0.4175 1.455)
(-1.349844929 -0.334 0.51)
(-1.253427434 -0.334 0.51)
(-1.349844929 -0.334 0.699)
(-1.253427434 -0.334 0.699)
(-1.349844929 -0.334 0.888)
(-1.253427434 -0.334 0.888)
(-1.349844929 -0.334 1.077)
(-1.253427434 -0.334 1.077)
(-1.349844929 -0.334 1.266)
(-1.253427434 -0.334 1.266)
(-1.349844929 -0.334 1.455)
(-1.253427434 -0.334 1.455)
(-1.301636182 -0.2505 0.51)
(-1.301636182 -0.2505 0.699)
(-1.301636182 -0.2505 0.888)
(-1.301636182 -0.2505 1.077)
(-1.301636182 -0.2505 1.266)
(-1.301636182 -0.2505 1.455)
(-1.205218687 -0.2505 0.51)
(-1.205218687 -0.2505 0.699)
(-1.205218687 -0.2505 0.888)
(-1.205218687 -0.2505 1.077)
(-1.205218687 -0.2505 1.266)
(-1.205218687 -0.2505 1.455)
(-1.398053677 -0.2505 0.51)
(-1.398053677 -0.2505 0.699)
(-1.398053677 -0.2505 0.888)
(-1.398053677 -0.2505 1.077)
(-1.398053677 -0.2505 1.266)
(-1.398053677 -0.2505 1.455)
(-1.349844929 -0.167 0.51)
(-1.253427434 -0.167 0.51)
(-1.349844929 -0.167 0.699)
(-1.253427434 -0.167 0.699)
(-1.349844929 -0.167 0.888)
(-1.253427434 -0.167 0.888)
(-1.349844929 -0.167 1.077)
(-1.253427434 -0.167 1.077)
(-1.349844929 -0.167 1.266)
(-1.253427434 -0.167 1.266)
(-1.349844929 -0.167 1.455)
(-1.253427434 -0.167 1.455)
(-1.301636182 -0.0835 0.51)
(-1.301636182 -0.0835 0.699)
(-1.301636182 -0.0835 0.888)
(-1.301636182 -0.0835 1.077)
(-1.301636182 -0.0835 1.266)
(-1.301636182 -0.0835 1.455)
(-1.205218687 -0.0835 0.51)
(-1.205218687 -0.0835 0.699)
(-1.205218687 -0.0835 0.888)
(-1.205218687 -0.0835 1.077)
(-1.205218687 -0.0835 1.266)
(-1.205218687 -0.0835 1.455)
(-1.398053677 -0.0835 0.51)
(-1.398053677 -0.0835 0.699)
(-1.398053677 -0.0835 0.888)
(-1.398053677 -0.0835 1.077)
(-1.398053677 -0.0835 1.266)
(-1.398053677 -0.0835 1.455)
(-1.349844929 -1.387778781e-17 0.51)
(-1.253427434 -1.387778781e-17 0.51)
(-1.349844929 -1.387778781e-17 0.699)
(-1.253427434 -1.387778781e-17 0.699)
(-1.349844929 -1.387778781e-17 0.888)
(-1.253427434 -1.387778781e-17 0.888)
(-1.349844929 -1.387778781e-17 1.077)
(-1.253427434 -1.387778781e-17 1.077)
(-1.349844929 -1.387778781e-17 1.266)
(-1.253427434 -1.387778781e-17 1.266)
(-1.349844929 -1.387778781e-17 1.455)
(-1.253427434 -1.387778781e-17 1.455)
(-1.301636182 0.0835 0.51)
(-1.301636182 0.0835 0.699)
(-1.301636182 0.0835 0.888)
(-1.301636182 0.0835 1.077)
(-1.301636182 0.0835 1.266)
(-1.301636182 0.0835 1.455)
(-1.205218687 0.0835 0.51)
(-1.205218687 0.0835 0.699)
(-1.205218687 0.0835 0.888)
(-1.205218687 0.0835 1.077)
(-1.205218687 0.0835 1.266)
(-1.205218687 0.0835 1.455)
(-1.398053677 0.0835 0.51)
(-1.398053677 0.0835 0.699)
(-1.398053677 0.0835 0.888)
(-1.398053677 0.0835 1.077)
(-1.398053677 0.0835 1.266)
(-1.398053677 0.0835 1.455)
(-1.349844929 0.167 0.51)
(-1.253427434 0.167 0.51)
(-1.349844929 0.167 0.699)
(-1.253427434 0.167 0.699)
(-1.349844929 0.167 0.888)
(-1.253427434 0.167 0.888)
(-1.349844929 0.167 1.077)
(-1.253427434 0.167 1.077)
(-1.349844929 0.167 1.266)
(-1.253427434 0.167 1.266)
(-1.349844929 0.167 1.455)
(-1.253427434 0.167 1.455)
(-1.301636182 0.2505 0.51)
(-1.301636182 0.2505 0.699)
(-1.301636182 0.2505 0.888)
(-1.301636182 0.2505 1.077)
(-1.301636182 0.2505 1.266)
(-1.301636182 0.2505 1.455)
(-1.205218687 0.2505 0.51)
(-1.205218687 0.2505 0.699)
(-1.205218687 0.2505 0.888)
(-1.205218687 0.2505 1.077)
(-1.205218687 0.2505 1.266)
(-1.205218687 0.2505 1.455)
(-1.398053677 0.2505 0.51)
(-1.398053677 0.2505 0.699)
(-1.398053677 0.2505 0.888)
(-1.398053677 0.2505 1.077)
(-1.398053677 0.2505 1.266)
(-1.398053677 0.2505 1.455)
(-1.349844929 0.334 0.51)
(-1.253427434 0.334 0.51)
(-1.349844929 0.334 0.699)
(-1.253427434 0.334 0.699)
(-1.349844929 0.334 0.888)
(-1.253427434 0.334 0.888)
(-1.349844929 0.334 1.077)
(-1.253427434 0.334 1.077)
(-1.349844929 0.334 1.266)
(-1.253427434 0.334 1.266)
(-1.349844929 0.334 1.455)
(-1.253427434 0.334 1.455)
(-1.301636182 0.4175 0.51)
(-1.301636182 0.4175 0.699)
(-1.301636182 0.4175 0.888)
(-1.301636182 0.4175 1.077)
(-1.301636182 0.4175 1.266)
(-1.301636182 0.4175 1.455)
(-1.205218687 0.4175 0.51)
(-1.205218687 0.4175 0.699)
(-1.205218687 0.4175 0.888)
(-1.205218687 0.4175 1.077)
(-1.205218687 0.4175 1.266)
(-1.205218687 0.4175 1.455)
(-1.398053677 0.4175 0.51)
(-1.398053677 0.4175 0.699)
(-1.398053677 0.4175 0.888)
(-1.398053677 0.4175 1.077)
(-1.398053677 0.4175 1.266)
(-1.398053677 0.4175 1.455)
(-1.349844929 0.501 0.51)
(-1.253427434 0.501 0.51)
(-1.349844929 0.501 0.699)
(-1.253427434 0.501 0.699)
(-1.349844929 0.501 0.888)
(-1.253427434 0.501 0.888)
(-1.349844929 0.501 1.077)
(-1.253427434 0.501 1.077)
(-1.349844929 0.501 1.266)
(-1.253427434 0.501 1.266)
(-1.349844929 0.501 1.455)
(-1.253427434 0.501 1.455)
(-1.205218687 -0.7515 0.51)
(-1.108801192 -0.7515 0.51)
(-1.157009939 -0.668 0.51)
(-1.205218687 -0.7515 0.699)
(-1.108801192 -0.7515 0.699)
(-1.157009939 -0.668 0.699)
(-1.205218687 -0.7515 0.888)
(-1.108801192 -0.7515 0.888)
(-1.157009939 -0.668 0.888)
(-1.205218687 -0.7515 1.077)
(-1.108801192 -0.7515 1.077)
(-1.157009939 -0.668 1.077)
(-1.205218687 -0.7515 1.266)
(-1.108801192 -0.7515 1.266)
(-1.157009939 -0.668 1.266)
(-1.205218687 -0.7515 1.455)
(-1.108801192 -0.7515 1.455)
(-1.157009939 -0.668 1.455)
(-1.060592445 -0.668 0.51)
(-1.060592445 -0.668 0.699)
(-1.060592445 -0.668 0.888)
(-1.060592445 -0.668 1.077)
(-1.060592445 -0.668 1.266)
(-1.060592445 -0.668 1.455)
(-1.253427434 -0.668 0.51)
(-1.253427434 -0.668 0.699)
(-1.253427434 -0.668 0.888)
(-1.253427434 -0.668 1.077)
(-1.253427434 -0.668 1.266)
(-1.253427434 -0.668 1.455)
(-1.205218687 -0.5845 0.51)
(-1.108801192 -0.5845 0.51)
(-1.205218687 -0.5845 0.699)
(-1.108801192 -0.5845 0.699)
(-1.205218687 -0.5845 0.888)
(-1.108801192 -0.5845 0.888)
(-1.205218687 -0.5845 1.077)
(-1.108801192 -0.5845 1.077)
(-1.205218687 -0.5845 1.266)
(-1.108801192 -0.5845 1.266)
(-1.205218687 -0.5845 1.455)
(-1.108801192 -0.5845 1.455)
(-1.157009939 -0.501 0.51)
(-1.157009939 -0.501 0.699)
(-1.157009939 -0.501 0.888)
(-1.157009939 -0.501 1.077)
(-1.157009939 -0.501 1.266)
(-1.157009939 -0.501 1.455)
(-1.060592445 -0.501 0.51)
(-1.060592445 -0.501 0.699)
(-1.060592445 -0.501 0.888)
(-1.060592445 -0.501 1.077)
(-1.060592445 -0.501 1.266)
(-1.060592445 -0.501 1.455)
(-1.108801192 -0.4175 0.51)
(-1.108801192 -0.4175 0.699)
(-1.108801192 -0.4175 0.888)
(-1.108801192 -0.4175 1.077)
(-1.108801192 -0.4175 1.266)
(-1.108801192 -0.4175 1.455)
(-1.157009939 -0.334 0.51)
(-1.157009939 -0.334 0.699)
(-1.157009939 -0.334 0.888)
(-1.157009939 -0.334 1.077)
(-1.157009939 -0.334 1.266)
(-1.157009939 -0.334 1.455)
(-1.060592445 -0.334 0.51)
(-1.060592445 -0.334 0.699)
(-1.060592445 -0.334 0.888)
(-1.060592445 -0.334 1.077)
(-1.060592445 -0.334 1.266)
(-1.060592445 -0.334 1.455)
(-1.108801192 -0.2505 0.51)
(-1.108801192 -0.2505 0.699)
(-1.108801192 -0.2505 0.888)
(-1.108801192 -0.2505 1.077)
(-1.108801192 -0.2505 1.266)
(-1.108801192 -0.2505 1.455)
(-1.157009939 -0.167 0.51)
(-1.157009939 -0.167 0.699)
(-1.157009939 -0.167 0.888)
(-1.157009939 -0.167 1.077)
(-1.157009939 -0.167 1.266)
(-1.157009939 -0.167 1.455)
(-1.060592445 -0.167 0.51)
(-1.060592445 -0.167 0.699)
(-1.060592445 -0.167 0.888)
(-1.060592445 -0.167 1.077)
(-1.060592445 -0.167 1.266)
(-1.060592445 -0.167 1.455)
(-1.108801192 -0.0835 0.51)
(-1.108801192 -0.0835 0.699)
(-1.108801192 -0.0835 0.888)
(-1.108801192 -0.0835 1.077)
(-1.108801192 -0.0835 1.266)
(-1.108801192 -0.0835 1.455)
(-1.157009939 0 0.51)
(-1.157009939 0 0.699)
(-1.157009939 0 0.888)
(-1.157009939 0 1.077)
(-1.157009939 0 1.266)
(-1.157009939 0 1.455)
(-1.060592445 0 0.51)
(-1.060592445 0 0.699)
(-1.060592445 0 0.888)
(-1.060592445 0 1.077)
(-1.060592445 0 1.266)
(-1.060592445 0 1.455)
(-1.108801192 0.0835 0.51)
(-1.108801192 0.0835 0.699)
(-1.108801192 0.0835 0.888)
(-1.108801192 0.0835 1.077)
(-1.108801192 0.0835 1.266)
(-1.108801192 0.0835 1.455)
(-1.157009939 0.167 0.51)
(-1.157009939 0.167 0.699)
(-1.157009939 0.167 0.888)
(-1.157009939 0.167 1.077)
(-1.157009939 0.167 1.266)
(-1.157009939 0.167 1.455)
(-1.060592445 0.167 0.51)
(-1.060592445 0.167 0.699)
(-1.060592445 0.167 0.888)
(-1.060592445 0.167 1.077)
(-1.060592445 0.167 1.266)
(-1.060592445 0.167 1.455)
(-1.108801192 0.2505 0.51)
(-1.108801192 0.2505 0.699)
(-1.108801192 0.2505 0.888)
(-1.108801192 0.2505 1.077)
(-1.108801192 0.2505 1.266)
(-1.108801192 0.2505 1.455)
(-1.157009939 0.334 0.51)
(-1.157009939 0.334 0.699)
(-1.157009939 0.334 0.888)
(-1.157009939 0.334 1.077)
(-1.157009939 0.334 1.266)
(-1.157009939 0.334 1.455)
(-1.060592445 0.334 0.51)
(-1.060592445 0.334 0.699)
(-1.060592445 0.334 0.888)
(-1.060592445 0.334 1.077)
(-1.060592445 0.334 1.266)
(-1.060592445 0.334 1.455)
(-1.108801192 0.4175 0.51)
(-1.108801192 0.4175 0.699)
(-1.108801192 0.4175 0.888)
(-1.108801192 0.4175 1.077)
(-1.108801192 0.4175 1.266)
(-1.108801192 0.4175 1.455)
(-1.157009939 0.501 0.51)
(-1.157009939 0.501 0.699)
(-1.157009939 0.501 0.888)
(-1.157009939 0.501 1.077)
(-1.157009939 0.501 1.266)
(-1.157009939 0.501 1.455)
(-1.060592445 0.501 0.51)
(-1.060592445 0.501 0.699)
(-1.060592445 0.501 0.888)
(-1.060592445 0.501 1.077)
(-1.060592445 0.501 1.266)
(-1.060592445 0.501 1.455)
(-1.205218687 0.5845 0.51)
(-1.108801192 0.5845 0.51)
(-1.205218687 0.5845 0.699)
(-1.108801192 0.5845 0.699)
(-1.205218687 0.5845 0.888)
(-1.108801192 0.5845 0.888)
(-1.205218687 0.5845 1.077)
(-1.108801192 0.5845 1.077)
(-1.205218687 0.5845 1.266)
(-1.108801192 0.5845 1.266)
(-1.205218687 0.5845 1.455)
(-1.108801192 0.5845 1.455)
(-1.157009939 0.668 0.51)
(-1.157009939 0.668 0.699)
(-1.157009939 0.668 0.888)
(-1.157009939 0.668 1.077)
(-1.157009939 0.668 1.266)
(-1.157009939 0.668 1.455)
(-1.060592445 0.668 0.51)
(-1.060592445 0.668 0.699)
(-1.060592445 0.668 0.888)
(-1.060592445 0.668 1.077)
(-1.060592445 0.668 1.266)
(-1.060592445 0.668 1.455)
(-1.253427434 0.668 0.51)
(-1.253427434 0.668 0.699)
(-1.253427434 0.668 0.888)
(-1.253427434 0.668 1.077)
(-1.253427434 0.668 1.266)
(-1.253427434 0.668 1.455)
(-1.205218687 0.7515 0.51)
(-1.108801192 0.7515 0.51)
(-1.205218687 0.7515 0.699)
(-1.108801192 0.7515 0.699)
(-1.205218687 0.7515 0.888)
(-1.108801192 0.7515 0.888)
(-1.205218687 0.7515 1.077)
(-1.108801192 0.7515 1.077)
(-1.205218687 0.7515 1.266)
(-1.108801192 0.7515 1.266)
(-1.205218687 0.7515 1.455)
(-1.108801192 0.7515 1.455)
(-1.060592445 -1.002 0.51)
(-0.9641749495 -1.002 0.51)
(-1.012383697 -0.9185 0.51)
(-1.060592445 -1.002 0.699)
(-0.9641749495 -1.002 0.699)
(-1.012383697 -0.9185 0.699)
(-1.060592445 -1.002 0.888)
(-0.9641749495 -1.002 0.888)
(-1.012383697 -0.9185 0.888)
(-1.060592445 -1.002 1.077)
(-0.9641749495 -1.002 1.077)
(-1.012383697 -0.9185 1.077)
(-1.060592445 -1.002 1.266)
(-0.9641749495 -1.002 1.266)
(-1.012383697 -0.9185 1.266)
(-1.060592445 -1.002 1.455)
(-0.9641749495 -1.002 1.455)
(-1.012383697 -0.9185 1.455)
(-0.9159662021 -0.9185 0.51)
(-0.9159662021 -0.9185 0.699)
(-0.9159662021 -0.9185 0.888)
(-0.9159662021 -0.9185 1.077)
(-0.9159662021 -0.9185 1.266)
(-0.9159662021 -0.9185 1.455)
(-1.108801192 -0.9185 0.51)
(-1.108801192 -0.9185 0.699)
(-1.108801192 -0.9185 0.888)
(-1.108801192 -0.9185 1.077)
(-1.108801192 -0.9185 1.266)
(-1.108801192 -0.9185 1.455)
(-1.060592445 -0.835 0.51)
(-0.9641749495 -0.835 0.51)
(-1.060592445 -0.835 0.699)
(-0.9641749495 -0.835 0.699)
(-1.060592445 -0.835 0.888)
(-0.9641749495 -0.835 0.888)
(-1.060592445 -0.835 1.077)
(-0.9641749495 -0.835 1.077)
(-1.060592445 -0.835 1.266)
(-0.9641749495 -0.835 1.266)
(-1.060592445 -0.835 1.455)
(-0.9641749495 -0.835 1.455)
(-1.012383697 -0.7515 0.51)
(-1.012383697 -0.7515 0.699)
(-1.012383697 -0.7515 0.888)
(-1.012383697 -0.7515 1.077)
(-1.012383697 -0.7515 1.266)
(-1.012383697 -0.7515 1.455)
(-0.9159662021 -0.7515 0.51)
(-0.9159662021 -0.7515 0.699)
(-0.9159662021 -0.7515 0.888)
(-0.9159662021 -0.7515 1.077)
(-0.9159662021 -0.7515 1.266)
(-0.9159662021 -0.7515 1.455)
(-0.9641749495 -0.668 0.51)
(-0.9641749495 -0.668 0.699)
(-0.9641749495 -0.668 0.888)
(-0.9641749495 -0.668 1.077)
(-0.9641749495 -0.668 1.266)
(-0.9641749495 -0.668 1.455)
(-1.012383697 -0.5845 0.51)
(-1.012383697 -0.5845 0.699)
(-1.012383697 -0.5845 0.888)
(-1.012383697 -0.5845 1.077)
(-1.012383697 -0.5845 1.266)
(-1.012383697 -0.5845 1.455)
(-0.9159662021 -0.5845 0.51)
(-0.9159662021 -0.5845 0.699)
(-0.9159662021 -0.5845 0.888)
(-0.9159662021 -0.5845 1.077)
(-0.9159662021 -0.5845 1.266)
(-0.9159662021 -0.5845 1.455)
(-0.9641749495 -0.501 0.51)
(-0.9641749495 -0.501 0.699)
(-0.9641749495 -0.501 0.888)
(-0.9641749495 -0.501 1.077)
(-0.9641749495 -0.501 1.266)
(-0.9641749495 -0.501 1.455)
(-1.012383697 -0.4175 0.51)
(-1.012383697 -0.4175 0.699)
(-1.012383697 -0.4175 0.888)
(-1.012383697 -0.4175 1.077)
(-1.012383697 -0.4175 1.266)
(-1.012383697 -0.4175 1.455)
(-0.9159662021 -0.4175 0.51)
(-0.9159662021 -0.4175 0.699)
(-0.9159662021 -0.4175 0.888)
(-0.9159662021 -0.4175 1.077)
(-0.9159662021 -0.4175 1.266)
(-0.9159662021 -0.4175 1.455)
(-0.9641749495 -0.334 0.51)
(-0.9641749495 -0.334 0.699)
(-0.9641749495 -0.334 0.888)
(-0.9641749495 -0.334 1.077)
(-0.9641749495 -0.334 1.266)
(-0.9641749495 -0.334 1.455)
(-0.9641749495 0.334 0.51)
(-1.012383697 0.4175 0.51)
(-0.9641749495 0.334 0.699)
(-1.012383697 0.4175 0.699)
(-0.9641749495 0.334 0.888)
(-1.012383697 0.4175 0.888)
(-0.9641749495 0.334 1.077)
(-1.012383697 0.4175 1.077)
(-0.9641749495 0.334 1.266)
(-1.012383697 0.4175 1.266)
(-0.9641749495 0.334 1.455)
(-1.012383697 0.4175 1.455)
(-0.9159662021 0.4175 0.51)
(-0.9159662021 0.4175 0.699)
(-0.9159662021 0.4175 0.888)
(-0.9159662021 0.4175 1.077)
(-0.9159662021 0.4175 1.266)
(-0.9159662021 0.4175 1.455)
(-0.9641749495 0.501 0.51)
(-0.9641749495 0.501 0.699)
(-0.9641749495 0.501 0.888)
(-0.9641749495 0.501 1.077)
(-0.9641749495 0.501 1.266)
(-0.9641749495 0.501 1.455)
(-1.012383697 0.5845 0.51)
(-1.012383697 0.5845 0.699)
(-1.012383697 0.5845 0.888)
(-1.012383697 0.5845 1.077)
(-1.012383697 0.5845 1.266)
(-1.012383697 0.5845 1.455)
(-0.9159662021 0.5845 0.51)
(-0.9159662021 0.5845 0.699)
(-0.9159662021 0.5845 0.888)
(-0.9159662021 0.5845 1.077)
(-0.9159662021 0.5845 1.266)
(-0.9159662021 0.5845 1.455)
(-0.9641749495 0.668 0.51)
(-0.9641749495 0.668 0.699)
(-0.9641749495 0.668 0.888)
(-0.9641749495 0.668 1.077)
(-0.9641749495 0.668 1.266)
(-0.9641749495 0.668 1.455)
(-1.012383697 0.7515 0.51)
(-1.012383697 0.7515 0.699)
(-1.012383697 0.7515 0.888)
(-1.012383697 0.7515 1.077)
(-1.012383697 0.7515 1.266)
(-1.012383697 0.7515 1.455)
(-0.9159662021 0.7515 0.51)
(-0.9159662021 0.7515 0.699)
(-0.9159662021 0.7515 0.888)
(-0.9159662021 0.7515 1.077)
(-0.9159662021 0.7515 1.266)
(-0.9159662021 0.7515 1.455)
(-1.060592445 0.835 0.51)
(-0.9641749495 0.835 0.51)
(-1.060592445 0.835 0.699)
(-0.9641749495 0.835 0.699)
(-1.060592445 0.835 0.888)
(-0.9641749495 0.835 0.888)
(-1.060592445 0.835 1.077)
(-0.9641749495 0.835 1.077)
(-1.060592445 0.835 1.266)
(-0.9641749495 0.835 1.266)
(-1.060592445 0.835 1.455)
(-0.9641749495 0.835 1.455)
(-1.012383697 0.9185 0.51)
(-1.012383697 0.9185 0.699)
(-1.012383697 0.9185 0.888)
(-1.012383697 0.9185 1.077)
(-1.012383697 0.9185 1.266)
(-1.012383697 0.9185 1.455)
(-0.9159662021 0.9185 0.51)
(-0.9159662021 0.9185 0.699)
(-0.9159662021 0.9185 0.888)
(-0.9159662021 0.9185 1.077)
(-0.9159662021 0.9185 1.266)
(-0.9159662021 0.9185 1.455)
(-1.108801192 0.9185 0.51)
(-1.108801192 0.9185 0.699)
(-1.108801192 0.9185 0.888)
(-1.108801192 0.9185 1.077)
(-1.108801192 0.9185 1.266)
(-1.108801192 0.9185 1.455)
(-1.060592445 1.002 0.51)
(-0.9641749495 1.002 0.51)
(-1.060592445 1.002 0.699)
(-0.9641749495 1.002 0.699)
(-1.060592445 1.002 0.888)
(-0.9641749495 1.002 0.888)
(-1.060592445 1.002 1.077)
(-0.9641749495 1.002 1.077)
(-1.060592445 1.002 1.266)
(-0.9641749495 1.002 1.266)
(-1.060592445 1.002 1.455)
(-0.9641749495 1.002 1.455)
(-0.9159662021 -1.0855 0.51)
(-0.8195487071 -1.0855 0.51)
(-0.8677574546 -1.002 0.51)
(-0.9159662021 -1.0855 0.699)
(-0.8195487071 -1.0855 0.699)
(-0.8677574546 -1.002 0.699)
(-0.9159662021 -1.0855 0.888)
(-0.8195487071 -1.0855 0.888)
(-0.8677574546 -1.002 0.888)
(-0.9159662021 -1.0855 1.077)
(-0.8195487071 -1.0855 1.077)
(-0.8677574546 -1.002 1.077)
(-0.9159662021 -1.0855 1.266)
(-0.8195487071 -1.0855 1.266)
(-0.8677574546 -1.002 1.266)
(-0.9159662021 -1.0855 1.455)
(-0.8195487071 -1.0855 1.455)
(-0.8677574546 -1.002 1.455)
(-0.7713399596 -1.002 0.51)
(-0.7713399596 -1.002 0.699)
(-0.7713399596 -1.002 0.888)
(-0.7713399596 -1.002 1.077)
(-0.7713399596 -1.002 1.266)
(-0.7713399596 -1.002 1.455)
(-0.8195487071 -0.9185 0.51)
(-0.8195487071 -0.9185 0.699)
(-0.8195487071 -0.9185 0.888)
(-0.8195487071 -0.9185 1.077)
(-0.8195487071 -0.9185 1.266)
(-0.8195487071 -0.9185 1.455)
(-0.8677574546 -0.835 0.51)
(-0.8677574546 -0.835 0.699)
(-0.8677574546 -0.835 0.888)
(-0.8677574546 -0.835 1.077)
(-0.8677574546 -0.835 1.266)
(-0.8677574546 -0.835 1.455)
(-0.7713399596 -0.835 0.51)
(-0.7713399596 -0.835 0.699)
(-0.7713399596 -0.835 0.888)
(-0.7713399596 -0.835 1.077)
(-0.7713399596 -0.835 1.266)
(-0.7713399596 -0.835 1.455)
(-0.8195487071 -0.7515 0.51)
(-0.8195487071 -0.7515 0.699)
(-0.8195487071 -0.7515 0.888)
(-0.8195487071 -0.7515 1.077)
(-0.8195487071 -0.7515 1.266)
(-0.8195487071 -0.7515 1.455)
(-0.8677574546 -0.668 0.51)
(-0.8677574546 -0.668 0.699)
(-0.8677574546 -0.668 0.888)
(-0.8677574546 -0.668 1.077)
(-0.8677574546 -0.668 1.266)
(-0.8677574546 -0.668 1.455)
(-0.7713399596 -0.668 0.51)
(-0.7713399596 -0.668 0.699)
(-0.7713399596 -0.668 0.888)
(-0.7713399596 -0.668 1.077)
(-0.7713399596 -0.668 1.266)
(-0.7713399596 -0.668 1.455)
(-0.8195487071 -0.5845 0.51)
(-0.8195487071 -0.5845 0.699)
(-0.8195487071 -0.5845 0.888)
(-0.8195487071 -0.5845 1.077)
(-0.8195487071 -0.5845 1.266)
(-0.8195487071 -0.5845 1.455)
(-0.8195487071 0.5845 0.51)
(-0.8677574546 0.668 0.51)
(-0.8195487071 0.5845 0.699)
(-0.8677574546 0.668 0.699)
(-0.8195487071 0.5845 0.888)
(-0.8677574546 0.668 0.888)
(-0.8195487071 0.5845 1.077)
(-0.8677574546 0.668 1.077)
(-0.8195487071 0.5845 1.266)
(-0.8677574546 0.668 1.266)
(-0.8195487071 0.5845 1.455)
(-0.8677574546 0.668 1.455)
(-0.7713399596 0.668 0.51)
(-0.7713399596 0.668 0.699)
(-0.7713399596 0.668 0.888)
(-0.7713399596 0.668 1.077)
(-0.7713399596 0.668 1.266)
(-0.7713399596 0.668 1.455)
(-0.8195487071 0.7515 0.51)
(-0.8195487071 0.7515 0.699)
(-0.8195487071 0.7515 0.888)
(-0.8195487071 0.7515 1.077)
(-0.8195487071 0.7515 1.266)
(-0.8195487071 0.7515 1.455)
(-0.8677574546 0.835 0.51)
(-0.8677574546 0.835 0.699)
(-0.8677574546 0.835 0.888)
(-0.8677574546 0.835 1.077)
(-0.8677574546 0.835 1.266)
(-0.8677574546 0.835 1.455)
(-0.7713399596 0.835 0.51)
(-0.7713399596 0.835 0.699)
(-0.7713399596 0.835 0.888)
(-0.7713399596 0.835 1.077)
(-0.7713399596 0.835 1.266)
(-0.7713399596 0.835 1.455)
(-0.8195487071 0.9185 0.51)
(-0.8195487071 0.9185 0.699)
(-0.8195487071 0.9185 0.888)
(-0.8195487071 0.9185 1.077)
(-0.8195487071 0.9185 1.266)
(-0.8195487071 0.9185 1.455)
(-0.8677574546 1.002 0.51)
(-0.8677574546 1.002 0.699)
(-0.8677574546 1.002 0.888)
(-0.8677574546 1.002 1.077)
(-0.8677574546 1.002 1.266)
(-0.8677574546 1.002 1.455)
(-0.7713399596 1.002 0.51)
(-0.7713399596 1.002 0.699)
(-0.7713399596 1.002 0.888)
(-0.7713399596 1.002 1.077)
(-0.7713399596 1.002 1.266)
(-0.7713399596 1.002 1.455)
(-0.9159662021 1.0855 0.51)
(-0.8195487071 1.0855 0.51)
(-0.9159662021 1.0855 0.699)
(-0.8195487071 1.0855 0.699)
(-0.9159662021 1.0855 0.888)
(-0.8195487071 1.0855 0.888)
(-0.9159662021 1.0855 1.077)
(-0.8195487071 1.0855 1.077)
(-0.9159662021 1.0855 1.266)
(-0.8195487071 1.0855 1.266)
(-0.9159662021 1.0855 1.455)
(-0.8195487071 1.0855 1.455)
(-0.7713399596 -1.169 0.51)
(-0.6749224647 -1.169 0.51)
(-0.7231312122 -1.0855 0.51)
(-0.7713399596 -1.169 0.699)
(-0.6749224647 -1.169 0.699)
(-0.7231312122 -1.0855 0.699)
(-0.7713399596 -1.169 0.888)
(-0.6749224647 -1.169 0.888)
(-0.7231312122 -1.0855 0.888)
(-0.7713399596 -1.169 1.077)
(-0.6749224647 -1.169 1.077)
(-0.7231312122 -1.0855 1.077)
(-0.7713399596 -1.169 1.266)
(-0.6749224647 -1.169 1.266)
(-0.7231312122 -1.0855 1.266)
(-0.7713399596 -1.169 1.455)
(-0.6749224647 -1.169 1.455)
(-0.7231312122 -1.0855 1.455)
(-0.6267137172 -1.0855 0.51)
(-0.6267137172 -1.0855 0.699)
(-0.6267137172 -1.0855 0.888)
(-0.6267137172 -1.0855 1.077)
(-0.6267137172 -1.0855 1.266)
(-0.6267137172 -1.0855 1.455)
(-0.6749224647 -1.002 0.51)
(-0.6749224647 -1.002 0.699)
(-0.6749224647 -1.002 0.888)
(-0.6749224647 -1.002 1.077)
(-0.6749224647 -1.002 1.266)
(-0.6749224647 -1.002 1.455)
(-0.7231312122 -0.9185 0.51)
(-0.7231312122 -0.9185 0.699)
(-0.7231312122 -0.9185 0.888)
(-0.7231312122 -0.9185 1.077)
(-0.7231312122 -0.9185 1.266)
(-0.7231312122 -0.9185 1.455)
(-0.6267137172 -0.9185 0.51)
(-0.6267137172 -0.9185 0.699)
(-0.6267137172 -0.9185 0.888)
(-0.6267137172 -0.9185 1.077)
(-0.6267137172 -0.9185 1.266)
(-0.6267137172 -0.9185 1.455)
(-0.6749224647 -0.835 0.51)
(-0.6749224647 -0.835 0.699)
(-0.6749224647 -0.835 0.888)
(-0.6749224647 -0.835 1.077)
(-0.6749224647 -0.835 1.266)
(-0.6749224647 -0.835 1.455)
(-0.6749224647 0.835 0.51)
(-0.7231312122 0.9185 0.51)
(-0.6749224647 0.835 0.699)
(-0.7231312122 0.9185 0.699)
(-0.6749224647 0.835 0.888)
(-0.7231312122 0.9185 0.888)
(-0.6749224647 0.835 1.077)
(-0.7231312122 0.9185 1.077)
(-0.6749224647 0.835 1.266)
(-0.7231312122 0.9185 1.266)
(-0.6749224647 0.835 1.455)
(-0.7231312122 0.9185 1.455)
(-0.6267137172 0.9185 0.51)
(-0.6267137172 0.9185 0.699)
(-0.6267137172 0.9185 0.888)
(-0.6267137172 0.9185 1.077)
(-0.6267137172 0.9185 1.266)
(-0.6267137172 0.9185 1.455)
(-0.6749224647 1.002 0.51)
(-0.6749224647 1.002 0.699)
(-0.6749224647 1.002 0.888)
(-0.6749224647 1.002 1.077)
(-0.6749224647 1.002 1.266)
(-0.6749224647 1.002 1.455)
(-0.7231312122 1.0855 0.51)
(-0.7231312122 1.0855 0.699)
(-0.7231312122 1.0855 0.888)
(-0.7231312122 1.0855 1.077)
(-0.7231312122 1.0855 1.266)
(-0.7231312122 1.0855 1.455)
(-0.6267137172 1.0855 0.51)
(-0.6267137172 1.0855 0.699)
(-0.6267137172 1.0855 0.888)
(-0.6267137172 1.0855 1.077)
(-0.6267137172 1.0855 1.266)
(-0.6267137172 1.0855 1.455)
(-0.7713399596 1.169 0.51)
(-0.6749224647 1.169 0.51)
(-0.7713399596 1.169 0.699)
(-0.6749224647 1.169 0.699)
(-0.7713399596 1.169 0.888)
(-0.6749224647 1.169 0.888)
(-0.7713399596 1.169 1.077)
(-0.6749224647 1.169 1.077)
(-0.7713399596 1.169 1.266)
(-0.6749224647 1.169 1.266)
(-0.7713399596 1.169 1.455)
(-0.6749224647 1.169 1.455)
(-0.6267137172 -1.2525 0.51)
(-0.5302962223 -1.2525 0.51)
(-0.5785049697 -1.169 0.51)
(-0.6267137172 -1.2525 0.699)
(-0.5302962223 -1.2525 0.699)
(-0.5785049697 -1.169 0.699)
(-0.6267137172 -1.2525 0.888)
(-0.5302962223 -1.2525 0.888)
(-0.5785049697 -1.169 0.888)
(-0.6267137172 -1.2525 1.077)
(-0.5302962223 -1.2525 1.077)
(-0.5785049697 -1.169 1.077)
(-0.6267137172 -1.2525 1.266)
(-0.5302962223 -1.2525 1.266)
(-0.5785049697 -1.169 1.266)
(-0.6267137172 -1.2525 1.455)
(-0.5302962223 -1.2525 1.455)
(-0.5785049697 -1.169 1.455)
(-0.4820874748 -1.169 0.51)
(-0.4820874748 -1.169 0.699)
(-0.4820874748 -1.169 0.888)
(-0.4820874748 -1.169 1.077)
(-0.4820874748 -1.169 1.266)
(-0.4820874748 -1.169 1.455)
(-0.5302962223 -1.0855 0.51)
(-0.5302962223 -1.0855 0.699)
(-0.5302962223 -1.0855 0.888)
(-0.5302962223 -1.0855 1.077)
(-0.5302962223 -1.0855 1.266)
(-0.5302962223 -1.0855 1.455)
(-0.5785049697 -1.002 0.51)
(-0.5785049697 -1.002 0.699)
(-0.5785049697 -1.002 0.888)
(-0.5785049697 -1.002 1.077)
(-0.5785049697 -1.002 1.266)
(-0.5785049697 -1.002 1.455)
(-0.4820874748 -1.002 0.51)
(-0.4820874748 -1.002 0.699)
(-0.4820874748 -1.002 0.888)
(-0.4820874748 -1.002 1.077)
(-0.4820874748 -1.002 1.266)
(-0.4820874748 -1.002 1.455)
(-0.5302962223 -0.9185 0.51)
(-0.5302962223 -0.9185 0.699)
(-0.5302962223 -0.9185 0.888)
(-0.5302962223 -0.9185 1.077)
(-0.5302962223 -0.9185 1.266)
(-0.5302962223 -0.9185 1.455)
(-0.5302962223 0.9185 0.51)
(-0.5785049697 1.002 0.51)
(-0.5302962223 0.9185 0.699)
(-0.5785049697 1.002 0.699)
(-0.5302962223 0.9185 0.888)
(-0.5785049697 1.002 0.888)
(-0.5302962223 0.9185 1.077)
(-0.5785049697 1.002 1.077)
(-0.5302962223 0.9185 1.266)
(-0.5785049697 1.002 1.266)
(-0.5302962223 0.9185 1.455)
(-0.5785049697 1.002 1.455)
(-0.4820874748 1.002 0.51)
(-0.4820874748 1.002 0.699)
(-0.4820874748 1.002 0.888)
(-0.4820874748 1.002 1.077)
(-0.4820874748 1.002 1.266)
(-0.4820874748 1.002 1.455)
(-0.5302962223 1.0855 0.51)
(-0.5302962223 1.0855 0.699)
(-0.5302962223 1.0855 0.888)
(-0.5302962223 1.0855 1.077)
(-0.5302962223 1.0855 1.266)
(-0.5302962223 1.0855 1.455)
(-0.5785049697 1.169 0.51)
(-0.5785049697 1.169 0.699)
(-0.5785049697 1.169 0.888)
(-0.5785049697 1.169 1.077)
(-0.5785049697 1.169 1.266)
(-0.5785049697 1.169 1.455)
(-0.4820874748 1.169 0.51)
(-0.4820874748 1.169 0.699)
(-0.4820874748 1.169 0.888)
(-0.4820874748 1.169 1.077)
(-0.4820874748 1.169 1.266)
(-0.4820874748 1.169 1.455)
(-0.6267137172 1.2525 0.51)
(-0.5302962223 1.2525 0.51)
(-0.6267137172 1.2525 0.699)
(-0.5302962223 1.2525 0.699)
(-0.6267137172 1.2525 0.888)
(-0.5302962223 1.2525 0.888)
(-0.6267137172 1.2525 1.077)
(-0.5302962223 1.2525 1.077)
(-0.6267137172 1.2525 1.266)
(-0.5302962223 1.2525 1.266)
(-0.6267137172 1.2525 1.455)
(-0.5302962223 1.2525 1.455)
(-0.4820874748 -1.336 0.51)
(-0.3856699798 -1.336 0.51)
(-0.4338787273 -1.2525 0.51)
(-0.4820874748 -1.336 0.699)
(-0.3856699798 -1.336 0.699)
(-0.4338787273 -1.2525 0.699)
(-0.4820874748 -1.336 0.888)
(-0.3856699798 -1.336 0.888)
(-0.4338787273 -1.2525 0.888)
(-0.4820874748 -1.336 1.077)
(-0.3856699798 -1.336 1.077)
(-0.4338787273 -1.2525 1.077)
(-0.4820874748 -1.336 1.266)
(-0.3856699798 -1.336 1.266)
(-0.4338787273 -1.2525 1.266)
(-0.4820874748 -1.336 1.455)
(-0.3856699798 -1.336 1.455)
(-0.4338787273 -1.2525 1.455)
(-0.3374612323 -1.2525 0.51)
(-0.3374612323 -1.2525 0.699)
(-0.3374612323 -1.2525 0.888)
(-0.3374612323 -1.2525 1.077)
(-0.3374612323 -1.2525 1.266)
(-0.3374612323 -1.2525 1.455)
(-0.3856699798 -1.169 0.51)
(-0.3856699798 -1.169 0.699)
(-0.3856699798 -1.169 0.888)
(-0.3856699798 -1.169 1.077)
(-0.3856699798 -1.169 1.266)
(-0.3856699798 -1.169 1.455)
(-0.4338787273 -1.0855 0.51)
(-0.4338787273 -1.0855 0.699)
(-0.4338787273 -1.0855 0.888)
(-0.4338787273 -1.0855 1.077)
(-0.4338787273 -1.0855 1.266)
(-0.4338787273 -1.0855 1.455)
(-0.3374612323 -1.0855 0.51)
(-0.3374612323 -1.0855 0.699)
(-0.3374612323 -1.0855 0.888)
(-0.3374612323 -1.0855 1.077)
(-0.3374612323 -1.0855 1.266)
(-0.3374612323 -1.0855 1.455)
(-0.3856699798 -1.002 0.51)
(-0.3856699798 -1.002 0.699)
(-0.3856699798 -1.002 0.888)
(-0.3856699798 -1.002 1.077)
(-0.3856699798 -1.002 1.266)
(-0.3856699798 -1.002 1.455)
(-0.3856699798 1.002 0.51)
(-0.4338787273 1.0855 0.51)
(-0.3856699798 1.002 0.699)
(-0.4338787273 1.0855 0.699)
(-0.3856699798 1.002 0.888)
(-0.4338787273 1.0855 0.888)
(-0.3856699798 1.002 1.077)
(-0.4338787273 1.0855 1.077)
(-0.3856699798 1.002 1.266)
(-0.4338787273 1.0855 1.266)
(-0.3856699798 1.002 1.455)
(-0.4338787273 1.0855 1.455)
(-0.3374612323 1.0855 0.51)
(-0.3374612323 1.0855 0.699)
(-0.3374612323 1.0855 0.888)
(-0.3374612323 1.0855 1.077)
(-0.3374612323 1.0855 1.266)
(-0.3374612323 1.0855 1.455)
(-0.3856699798 1.169 0.51)
(-0.3856699798 1.169 0.699)
(-0.3856699798 1.169 0.888)
(-0.3856699798 1.169 1.077)
(-0.3856699798 1.169 1.266)
(-0.3856699798 1.169 1.455)
(-0.4338787273 1.2525 0.51)
(-0.4338787273 1.2525 0.699)
(-0.4338787273 1.2525 0.888)
(-0.4338787273 1.2525 1.077)
(-0.4338787273 1.2525 1.266)
(-0.4338787273 1.2525 1.455)
(-0.3374612323 1.2525 0.51)
(-0.3374612323 1.2525 0.699)
(-0.3374612323 1.2525 0.888)
(-0.3374612323 1.2525 1.077)
(-0.3374612323 1.2525 1.266)
(-0.3374612323 1.2525 1.455)
(-0.4820874748 1.336 0.51)
(-0.3856699798 1.336 0.51)
(-0.4820874748 1.336 0.699)
(-0.3856699798 1.336 0.699)
(-0.4820874748 1.336 0.888)
(-0.3856699798 1.336 0.888)
(-0.4820874748 1.336 1.077)
(-0.3856699798 1.336 1.077)
(-0.4820874748 1.336 1.266)
(-0.3856699798 1.336 1.266)
(-0.4820874748 1.336 1.455)
(-0.3856699798 1.336 1.455)
(-0.3374612323 -1.4195 0.51)
(-0.2410437374 -1.4195 0.51)
(-0.2892524849 -1.336 0.51)
(-0.3374612323 -1.4195 0.699)
(-0.2410437374 -1.4195 0.699)
(-0.2892524849 -1.336 0.699)
(-0.3374612323 -1.4195 0.888)
(-0.2410437374 -1.4195 0.888)
(-0.2892524849 -1.336 0.888)
(-0.3374612323 -1.4195 1.077)
(-0.2410437374 -1.4195 1.077)
(-0.2892524849 -1.336 1.077)
(-0.3374612323 -1.4195 1.266)
(-0.2410437374 -1.4195 1.266)
(-0.2892524849 -1.336 1.266)
(-0.3374612323 -1.4195 1.455)
(-0.2410437374 -1.4195 1.455)
(-0.2892524849 -1.336 1.455)
(-0.1928349899 -1.336 0.51)
(-0.1928349899 -1.336 0.699)
(-0.1928349899 -1.336 0.888)
(-0.1928349899 -1.336 1.077)
(-0.1928349899 -1.336 1.266)
(-0.1928349899 -1.336 1.455)
(-0.2410437374 -1.2525 0.51)
(-0.2410437374 -1.2525 0.699)
(-0.2410437374 -1.2525 0.888)
(-0.2410437374 -1.2525 1.077)
(-0.2410437374 -1.2525 1.266)
(-0.2410437374 -1.2525 1.455)
(-0.2892524849 -1.169 0.51)
(-0.2892524849 -1.169 0.699)
(-0.2892524849 -1.169 0.888)
(-0.2892524849 -1.169 1.077)
(-0.2892524849 -1.169 1.266)
(-0.2892524849 -1.169 1.455)
(-0.1928349899 -1.169 0.51)
(-0.1928349899 -1.169 0.699)
(-0.1928349899 -1.169 0.888)
(-0.1928349899 -1.169 1.077)
(-0.1928349899 -1.169 1.266)
(-0.1928349899 -1.169 1.455)
(-0.2410437374 -1.0855 0.51)
(-0.2410437374 -1.0855 0.699)
(-0.2410437374 -1.0855 0.888)
(-0.2410437374 -1.0855 1.077)
(-0.2410437374 -1.0855 1.266)
(-0.2410437374 -1.0855 1.455)
(-0.2410437374 1.0855 0.51)
(-0.2892524849 1.169 0.51)
(-0.2410437374 1.0855 0.699)
(-0.2892524849 1.169 0.699)
(-0.2410437374 1.0855 0.888)
(-0.2892524849 1.169 0.888)
(-0.2410437374 1.0855 1.077)
(-0.2892524849 1.169 1.077)
(-0.2410437374 1.0855 1.266)
(-0.2892524849 1.169 1.266)
(-0.2410437374 1.0855 1.455)
(-0.2892524849 1.169 1.455)
(-0.1928349899 1.169 0.51)
(-0.1928349899 1.169 0.699)
(-0.1928349899 1.169 0.888)
(-0.1928349899 1.169 1.077)
(-0.1928349899 1.169 1.266)
(-0.1928349899 1.169 1.455)
(-0.2410437374 1.2525 0.51)
(-0.2410437374 1.2525 0.699)
(-0.2410437374 1.2525 0.888)
(-0.2410437374 1.2525 1.077)
(-0.2410437374 1.2525 1.266)
(-0.2410437374 1.2525 1.455)
(-0.2892524849 1.336 0.51)
(-0.2892524849 1.336 0.699)
(-0.2892524849 1.336 0.888)
(-0.2892524849 1.336 1.077)
(-0.2892524849 1.336 1.266)
(-0.2892524849 1.336 1.455)
(-0.1928349899 1.336 0.51)
(-0.1928349899 1.336 0.699)
(-0.1928349899 1.336 0.888)
(-0.1928349899 1.336 1.077)
(-0.1928349899 1.336 1.266)
(-0.1928349899 1.336 1.455)
(-0.3374612323 1.4195 0.51)
(-0.2410437374 1.4195 0.51)
(-0.3374612323 1.4195 0.699)
(-0.2410437374 1.4195 0.699)
(-0.3374612323 1.4195 0.888)
(-0.2410437374 1.4195 0.888)
(-0.3374612323 1.4195 1.077)
(-0.2410437374 1.4195 1.077)
(-0.3374612323 1.4195 1.266)
(-0.2410437374 1.4195 1.266)
(-0.3374612323 1.4195 1.455)
(-0.2410437374 1.4195 1.455)
(-0.09641749495 -1.336 0.51)
(-0.1446262424 -1.2525 0.51)
(-0.09641749495 -1.336 0.699)
(-0.1446262424 -1.2525 0.699)
(-0.09641749495 -1.336 0.888)
(-0.1446262424 -1.2525 0.888)
(-0.09641749495 -1.336 1.077)
(-0.1446262424 -1.2525 1.077)
(-0.09641749495 -1.336 1.266)
(-0.1446262424 -1.2525 1.266)
(-0.09641749495 -1.336 1.455)
(-0.1446262424 -1.2525 1.455)
(-0.04820874748 -1.2525 0.51)
(-0.04820874748 -1.2525 0.699)
(-0.04820874748 -1.2525 0.888)
(-0.04820874748 -1.2525 1.077)
(-0.04820874748 -1.2525 1.266)
(-0.04820874748 -1.2525 1.455)
(-0.09641749495 -1.169 0.51)
(-0.09641749495 -1.169 0.699)
(-0.09641749495 -1.169 0.888)
(-0.09641749495 -1.169 1.077)
(-0.09641749495 -1.169 1.266)
(-0.09641749495 -1.169 1.455)
(-0.1446262424 -1.0855 0.51)
(-0.1446262424 -1.0855 0.699)
(-0.1446262424 -1.0855 0.888)
(-0.1446262424 -1.0855 1.077)
(-0.1446262424 -1.0855 1.266)
(-0.1446262424 -1.0855 1.455)
(-0.04820874748 -1.0855 0.51)
(-0.04820874748 -1.0855 0.699)
(-0.04820874748 -1.0855 0.888)
(-0.04820874748 -1.0855 1.077)
(-0.04820874748 -1.0855 1.266)
(-0.04820874748 -1.0855 1.455)
(-0.1928349899 -1.002 0.51)
(-0.09641749495 -1.002 0.51)
(-0.1928349899 -1.002 0.699)
(-0.09641749495 -1.002 0.699)
(-0.1928349899 -1.002 0.888)
(-0.09641749495 -1.002 0.888)
(-0.1928349899 -1.002 1.077)
(-0.09641749495 -1.002 1.077)
(-0.1928349899 -1.002 1.266)
(-0.09641749495 -1.002 1.266)
(-0.1928349899 -1.002 1.455)
(-0.09641749495 -1.002 1.455)
(-0.1928349899 1.002 0.51)
(-0.09641749495 1.002 0.51)
(-0.1446262424 1.0855 0.51)
(-0.1928349899 1.002 0.699)
(-0.09641749495 1.002 0.699)
(-0.1446262424 1.0855 0.699)
(-0.1928349899 1.002 0.888)
(-0.09641749495 1.002 0.888)
(-0.1446262424 1.0855 0.888)
(-0.1928349899 1.002 1.077)
(-0.09641749495 1.002 1.077)
(-0.1446262424 1.0855 1.077)
(-0.1928349899 1.002 1.266)
(-0.09641749495 1.002 1.266)
(-0.1446262424 1.0855 1.266)
(-0.1928349899 1.002 1.455)
(-0.09641749495 1.002 1.455)
(-0.1446262424 1.0855 1.455)
(-0.04820874748 1.0855 0.51)
(-0.04820874748 1.0855 0.699)
(-0.04820874748 1.0855 0.888)
(-0.04820874748 1.0855 1.077)
(-0.04820874748 1.0855 1.266)
(-0.04820874748 1.0855 1.455)
(-0.09641749495 1.169 0.51)
(-0.09641749495 1.169 0.699)
(-0.09641749495 1.169 0.888)
(-0.09641749495 1.169 1.077)
(-0.09641749495 1.169 1.266)
(-0.09641749495 1.169 1.455)
(-0.1446262424 1.2525 0.51)
(-0.1446262424 1.2525 0.699)
(-0.1446262424 1.2525 0.888)
(-0.1446262424 1.2525 1.077)
(-0.1446262424 1.2525 1.266)
(-0.1446262424 1.2525 1.455)
(-0.04820874748 1.2525 0.51)
(-0.04820874748 1.2525 0.699)
(-0.04820874748 1.2525 0.888)
(-0.04820874748 1.2525 1.077)
(-0.04820874748 1.2525 1.266)
(-0.04820874748 1.2525 1.455)
(-0.09641749495 1.336 0.51)
(-0.09641749495 1.336 0.699)
(-0.09641749495 1.336 0.888)
(-0.09641749495 1.336 1.077)
(-0.09641749495 1.336 1.266)
(-0.09641749495 1.336 1.455)
(-0.04820874748 -1.4195 0.51)
(0.04820874748 -1.4195 0.51)
(0 -1.336 0.51)
(-0.04820874748 -1.4195 0.699)
(0.04820874748 -1.4195 0.699)
(0 -1.336 0.699)
(-0.04820874748 -1.4195 0.888)
(0.04820874748 -1.4195 0.888)
(0 -1.336 0.888)
(-0.04820874748 -1.4195 1.077)
(0.04820874748 -1.4195 1.077)
(0 -1.336 1.077)
(-0.04820874748 -1.4195 1.266)
(0.04820874748 -1.4195 1.266)
(0 -1.336 1.266)
(-0.04820874748 -1.4195 1.455)
(0.04820874748 -1.4195 1.455)
(0 -1.336 1.455)
(0.09641749495 -1.336 0.51)
(0.09641749495 -1.336 0.699)
(0.09641749495 -1.336 0.888)
(0.09641749495 -1.336 1.077)
(0.09641749495 -1.336 1.266)
(0.09641749495 -1.336 1.455)
(0.04820874748 -1.2525 0.51)
(0.04820874748 -1.2525 0.699)
(0.04820874748 -1.2525 0.888)
(0.04820874748 -1.2525 1.077)
(0.04820874748 -1.2525 1.266)
(0.04820874748 -1.2525 1.455)
(0 -1.169 0.51)
(0 -1.169 0.699)
(0 -1.169 0.888)
(0 -1.169 1.077)
(0 -1.169 1.266)
(0 -1.169 1.455)
(0.09641749495 -1.169 0.51)
(0.09641749495 -1.169 0.699)
(0.09641749495 -1.169 0.888)
(0.09641749495 -1.169 1.077)
(0.09641749495 -1.169 1.266)
(0.09641749495 -1.169 1.455)
(0.04820874748 -1.0855 0.51)
(0.04820874748 -1.0855 0.699)
(0.04820874748 -1.0855 0.888)
(0.04820874748 -1.0855 1.077)
(0.04820874748 -1.0855 1.266)
(0.04820874748 -1.0855 1.455)
(0.04820874748 1.0855 0.51)
(0 1.169 0.51)
(0.04820874748 1.0855 0.699)
(0 1.169 0.699)
(0.04820874748 1.0855 0.888)
(0 1.169 0.888)
(0.04820874748 1.0855 1.077)
(0 1.169 1.077)
(0.04820874748 1.0855 1.266)
(0 1.169 1.266)
(0.04820874748 1.0855 1.455)
(0 1.169 1.455)
(0.09641749495 1.169 0.51)
(0.09641749495 1.169 0.699)
(0.09641749495 1.169 0.888)
(0.09641749495 1.169 1.077)
(0.09641749495 1.169 1.266)
(0.09641749495 1.169 1.455)
(0.04820874748 1.2525 0.51)
(0.04820874748 1.2525 0.699)
(0.04820874748 1.2525 0.888)
(0.04820874748 1.2525 1.077)
(0.04820874748 1.2525 1.266)
(0.04820874748 1.2525 1.455)
(0 1.336 0.51)
(0 1.336 0.699)
(0 1.336 0.888)
(0 1.336 1.077)
(0 1.336 1.266)
(0 1.336 1.455)
(0.09641749495 1.336 0.51)
(0.09641749495 1.336 0.699)
(0.09641749495 1.336 0.888)
(0.09641749495 1.336 1.077)
(0.09641749495 1.336 1.266)
(0.09641749495 1.336 1.455)
(-0.04820874748 1.4195 0.51)
(0.04820874748 1.4195 0.51)
(-0.04820874748 1.4195 0.699)
(0.04820874748 1.4195 0.699)
(-0.04820874748 1.4195 0.888)
(0.04820874748 1.4195 0.888)
(-0.04820874748 1.4195 1.077)
(0.04820874748 1.4195 1.077)
(-0.04820874748 1.4195 1.266)
(0.04820874748 1.4195 1.266)
(-0.04820874748 1.4195 1.455)
(0.04820874748 1.4195 1.455)
(0.1928349899 -1.336 0.51)
(0.1446262424 -1.2525 0.51)
(0.1928349899 -1.336 0.699)
(0.1446262424 -1.2525 0.699)
(0.1928349899 -1.336 0.888)
(0.1446262424 -1.2525 0.888)
(0.1928349899 -1.336 1.077)
(0.1446262424 -1.2525 1.077)
(0.1928349899 -1.336 1.266)
(0.1446262424 -1.2525 1.266)
(0.1928349899 -1.336 1.455)
(0.1446262424 -1.2525 1.455)
(0.2410437374 -1.2525 0.51)
(0.2410437374 -1.2525 0.699)
(0.2410437374 -1.2525 0.888)
(0.2410437374 -1.2525 1.077)
(0.2410437374 -1.2525 1.266)
(0.2410437374 -1.2525 1.455)
(0.1928349899 -1.169 0.51)
(0.1928349899 -1.169 0.699)
(0.1928349899 -1.169 0.888)
(0.1928349899 -1.169 1.077)
(0.1928349899 -1.169 1.266)
(0.1928349899 -1.169 1.455)
(0.1446262424 -1.0855 0.51)
(0.1446262424 -1.0855 0.699)
(0.1446262424 -1.0855 0.888)
(0.1446262424 -1.0855 1.077)
(0.1446262424 -1.0855 1.266)
(0.1446262424 -1.0855 1.455)
(0.2410437374 -1.0855 0.51)
(0.2410437374 -1.0855 0.699)
(0.2410437374 -1.0855 0.888)
(0.2410437374 -1.0855 1.077)
(0.2410437374 -1.0855 1.266)
(0.2410437374 -1.0855 1.455)
(0.09641749495 -1.002 0.51)
(0.1928349899 -1.002 0.51)
(0.09641749495 -1.002 0.699)
(0.1928349899 -1.002 0.699)
(0.09641749495 -1.002 0.888)
(0.1928349899 -1.002 0.888)
(0.09641749495 -1.002 1.077)
(0.1928349899 -1.002 1.077)
(0.09641749495 -1.002 1.266)
(0.1928349899 -1.002 1.266)
(0.09641749495 -1.002 1.455)
(0.1928349899 -1.002 1.455)
(0.09641749495 1.002 0.51)
(0.1928349899 1.002 0.51)
(0.1446262424 1.0855 0.51)
(0.09641749495 1.002 0.699)
(0.1928349899 1.002 0.699)
(0.1446262424 1.0855 0.699)
(0.09641749495 1.002 0.888)
(0.1928349899 1.002 0.888)
(0.1446262424 1.0855 0.888)
(0.09641749495 1.002 1.077)
(0.1928349899 1.002 1.077)
(0.1446262424 1.0855 1.077)
(0.09641749495 1.002 1.266)
(0.1928349899 1.002 1.266)
(0.1446262424 1.0855 1.266)
(0.09641749495 1.002 1.455)
(0.1928349899 1.002 1.455)
(0.1446262424 1.0855 1.455)
(0.2410437374 1.0855 0.51)
(0.2410437374 1.0855 0.699)
(0.2410437374 1.0855 0.888)
(0.2410437374 1.0855 1.077)
(0.2410437374 1.0855 1.266)
(0.2410437374 1.0855 1.455)
(0.1928349899 1.169 0.51)
(0.1928349899 1.169 0.699)
(0.1928349899 1.169 0.888)
(0.1928349899 1.169 1.077)
(0.1928349899 1.169 1.266)
(0.1928349899 1.169 1.455)
(0.1446262424 1.2525 0.51)
(0.1446262424 1.2525 0.699)
(0.1446262424 1.2525 0.888)
(0.1446262424 1.2525 1.077)
(0.1446262424 1.2525 1.266)
(0.1446262424 1.2525 1.455)
(0.2410437374 1.2525 0.51)
(0.2410437374 1.2525 0.699)
(0.2410437374 1.2525 0.888)
(0.2410437374 1.2525 1.077)
(0.2410437374 1.2525 1.266)
(0.2410437374 1.2525 1.455)
(0.1928349899 1.336 0.51)
(0.1928349899 1.336 0.699)
(0.1928349899 1.336 0.888)
(0.1928349899 1.336 1.077)
(0.1928349899 1.336 1.266)
(0.1928349899 1.336 1.455)
(0.2410437374 -1.4195 0.51)
(0.3374612323 -1.4195 0.51)
(0.2892524849 -1.336 0.51)
(0.2410437374 -1.4195 0.699)
(0.3374612323 -1.4195 0.699)
(0.2892524849 -1.336 0.699)
(0.2410437374 -1.4195 0.888)
(0.3374612323 -1.4195 0.888)
(0.2892524849 -1.336 0.888)
(0.2410437374 -1.4195 1.077)
(0.3374612323 -1.4195 1.077)
(0.2892524849 -1.336 1.077)
(0.2410437374 -1.4195 1.266)
(0.3374612323 -1.4195 1.266)
(0.2892524849 -1.336 1.266)
(0.2410437374 -1.4195 1.455)
(0.3374612323 -1.4195 1.455)
(0.2892524849 -1.336 1.455)
(0.3856699798 -1.336 0.51)
(0.3856699798 -1.336 0.699)
(0.3856699798 -1.336 0.888)
(0.3856699798 -1.336 1.077)
(0.3856699798 -1.336 1.266)
(0.3856699798 -1.336 1.455)
(0.3374612323 -1.2525 0.51)
(0.3374612323 -1.2525 0.699)
(0.3374612323 -1.2525 0.888)
(0.3374612323 -1.2525 1.077)
(0.3374612323 -1.2525 1.266)
(0.3374612323 -1.2525 1.455)
(0.2892524849 -1.169 0.51)
(0.2892524849 -1.169 0.699)
(0.2892524849 -1.169 0.888)
(0.2892524849 -1.169 1.077)
(0.2892524849 -1.169 1.266)
(0.2892524849 -1.169 1.455)
(0.3856699798 -1.169 0.51)
(0.3856699798 -1.169 0.699)
(0.3856699798 -1.169 0.888)
(0.3856699798 -1.169 1.077)
(0.3856699798 -1.169 1.266)
(0.3856699798 -1.169 1.455)
(0.3374612323 -1.0855 0.51)
(0.3374612323 -1.0855 0.699)
(0.3374612323 -1.0855 0.888)
(0.3374612323 -1.0855 1.077)
(0.3374612323 -1.0855 1.266)
(0.3374612323 -1.0855 1.455)
(0.3374612323 1.0855 0.51)
(0.2892524849 1.169 0.51)
(0.3374612323 1.0855 0.699)
(0.2892524849 1.169 0.699)
(0.3374612323 1.0855 0.888)
(0.2892524849 1.169 0.888)
(0.3374612323 1.0855 1.077)
(0.2892524849 1.169 1.077)
(0.3374612323 1.0855 1.266)
(0.2892524849 1.169 1.266)
(0.3374612323 1.0855 1.455)
(0.2892524849 1.169 1.455)
(0.3856699798 1.169 0.51)
(0.3856699798 1.169 0.699)
(0.3856699798 1.169 0.888)
(0.3856699798 1.169 1.077)
(0.3856699798 1.169 1.266)
(0.3856699798 1.169 1.455)
(0.3374612323 1.2525 0.51)
(0.3374612323 1.2525 0.699)
(0.3374612323 1.2525 0.888)
(0.3374612323 1.2525 1.077)
(0.3374612323 1.2525 1.266)
(0.3374612323 1.2525 1.455)
(0.2892524849 1.336 0.51)
(0.2892524849 1.336 0.699)
(0.2892524849 1.336 0.888)
(0.2892524849 1.336 1.077)
(0.2892524849 1.336 1.266)
(0.2892524849 1.336 1.455)
(0.3856699798 1.336 0.51)
(0.3856699798 1.336 0.699)
(0.3856699798 1.336 0.888)
(0.3856699798 1.336 1.077)
(0.3856699798 1.336 1.266)
(0.3856699798 1.336 1.455)
(0.2410437374 1.4195 0.51)
(0.3374612323 1.4195 0.51)
(0.2410437374 1.4195 0.699)
(0.3374612323 1.4195 0.699)
(0.2410437374 1.4195 0.888)
(0.3374612323 1.4195 0.888)
(0.2410437374 1.4195 1.077)
(0.3374612323 1.4195 1.077)
(0.2410437374 1.4195 1.266)
(0.3374612323 1.4195 1.266)
(0.2410437374 1.4195 1.455)
(0.3374612323 1.4195 1.455)
(0.4820874748 -1.336 0.51)
(0.4338787273 -1.2525 0.51)
(0.4820874748 -1.336 0.699)
(0.4338787273 -1.2525 0.699)
(0.4820874748 -1.336 0.888)
(0.4338787273 -1.2525 0.888)
(0.4820874748 -1.336 1.077)
(0.4338787273 -1.2525 1.077)
(0.4820874748 -1.336 1.266)
(0.4338787273 -1.2525 1.266)
(0.4820874748 -1.336 1.455)
(0.4338787273 -1.2525 1.455)
(0.5302962223 -1.2525 0.51)
(0.5302962223 -1.2525 0.699)
(0.5302962223 -1.2525 0.888)
(0.5302962223 -1.2525 1.077)
(0.5302962223 -1.2525 1.266)
(0.5302962223 -1.2525 1.455)
(0.4820874748 -1.169 0.51)
(0.4820874748 -1.169 0.699)
(0.4820874748 -1.169 0.888)
(0.4820874748 -1.169 1.077)
(0.4820874748 -1.169 1.266)
(0.4820874748 -1.169 1.455)
(0.4338787273 -1.0855 0.51)
(0.4338787273 -1.0855 0.699)
(0.4338787273 -1.0855 0.888)
(0.4338787273 -1.0855 1.077)
(0.4338787273 -1.0855 1.266)
(0.4338787273 -1.0855 1.455)
(0.5302962223 -1.0855 0.51)
(0.5302962223 -1.0855 0.699)
(0.5302962223 -1.0855 0.888)
(0.5302962223 -1.0855 1.077)
(0.5302962223 -1.0855 1.266)
(0.5302962223 -1.0855 1.455)
(0.3856699798 -1.002 0.51)
(0.4820874748 -1.002 0.51)
(0.3856699798 -1.002 0.699)
(0.4820874748 -1.002 0.699)
(0.3856699798 -1.002 0.888)
(0.4820874748 -1.002 0.888)
(0.3856699798 -1.002 1.077)
(0.4820874748 -1.002 1.077)
(0.3856699798 -1.002 1.266)
(0.4820874748 -1.002 1.266)
(0.3856699798 -1.002 1.455)
(0.4820874748 -1.002 1.455)
(0.3856699798 1.002 0.51)
(0.4820874748 1.002 0.51)
(0.4338787273 1.0855 0.51)
(0.3856699798 1.002 0.699)
(0.4820874748 1.002 0.699)
(0.4338787273 1.0855 0.699)
(0.3856699798 1.002 0.888)
(0.4820874748 1.002 0.888)
(0.4338787273 1.0855 0.888)
(0.3856699798 1.002 1.077)
(0.4820874748 1.002 1.077)
(0.4338787273 1.0855 1.077)
(0.3856699798 1.002 1.266)
(0.4820874748 1.002 1.266)
(0.4338787273 1.0855 1.266)
(0.3856699798 1.002 1.455)
(0.4820874748 1.002 1.455)
(0.4338787273 1.0855 1.455)
(0.5302962223 1.0855 0.51)
(0.5302962223 1.0855 0.699)
(0.5302962223 1.0855 0.888)
(0.5302962223 1.0855 1.077)
(0.5302962223 1.0855 1.266)
(0.5302962223 1.0855 1.455)
(0.4820874748 1.169 0.51)
(0.4820874748 1.169 0.699)
(0.4820874748 1.169 0.888)
(0.4820874748 1.169 1.077)
(0.4820874748 1.169 1.266)
(0.4820874748 1.169 1.455)
(0.4338787273 1.2525 0.51)
(0.4338787273 1.2525 0.699)
(0.4338787273 1.2525 0.888)
(0.4338787273 1.2525 1.077)
(0.4338787273 1.2525 1.266)
(0.4338787273 1.2525 1.455)
(0.5302962223 1.2525 0.51)
(0.5302962223 1.2525 0.699)
(0.5302962223 1.2525 0.888)
(0.5302962223 1.2525 1.077)
(0.5302962223 1.2525 1.266)
(0.5302962223 1.2525 1.455)
(0.4820874748 1.336 0.51)
(0.4820874748 1.336 0.699)
(0.4820874748 1.336 0.888)
(0.4820874748 1.336 1.077)
(0.4820874748 1.336 1.266)
(0.4820874748 1.336 1.455)
(0.6267137172 -1.2525 0.51)
(0.5785049697 -1.169 0.51)
(0.6267137172 -1.2525 0.699)
(0.5785049697 -1.169 0.699)
(0.6267137172 -1.2525 0.888)
(0.5785049697 -1.169 0.888)
(0.6267137172 -1.2525 1.077)
(0.5785049697 -1.169 1.077)
(0.6267137172 -1.2525 1.266)
(0.5785049697 -1.169 1.266)
(0.6267137172 -1.2525 1.455)
(0.5785049697 -1.169 1.455)
(0.6749224647 -1.169 0.51)
(0.6749224647 -1.169 0.699)
(0.6749224647 -1.169 0.888)
(0.6749224647 -1.169 1.077)
(0.6749224647 -1.169 1.266)
(0.6749224647 -1.169 1.455)
(0.6267137172 -1.0855 0.51)
(0.6267137172 -1.0855 0.699)
(0.6267137172 -1.0855 0.888)
(0.6267137172 -1.0855 1.077)
(0.6267137172 -1.0855 1.266)
(0.6267137172 -1.0855 1.455)
(0.5785049697 -1.002 0.51)
(0.5785049697 -1.002 0.699)
(0.5785049697 -1.002 0.888)
(0.5785049697 -1.002 1.077)
(0.5785049697 -1.002 1.266)
(0.5785049697 -1.002 1.455)
(0.6749224647 -1.002 0.51)
(0.6749224647 -1.002 0.699)
(0.6749224647 -1.002 0.888)
(0.6749224647 -1.002 1.077)
(0.6749224647 -1.002 1.266)
(0.6749224647 -1.002 1.455)
(0.5302962223 -0.9185 0.51)
(0.6267137172 -0.9185 0.51)
(0.5302962223 -0.9185 0.699)
(0.6267137172 -0.9185 0.699)
(0.5302962223 -0.9185 0.888)
(0.6267137172 -0.9185 0.888)
(0.5302962223 -0.9185 1.077)
(0.6267137172 -0.9185 1.077)
(0.5302962223 -0.9185 1.266)
(0.6267137172 -0.9185 1.266)
(0.5302962223 -0.9185 1.455)
(0.6267137172 -0.9185 1.455)
(0.5302962223 0.9185 0.51)
(0.6267137172 0.9185 0.51)
(0.5785049697 1.002 0.51)
(0.5302962223 0.9185 0.699)
(0.6267137172 0.9185 0.699)
(0.5785049697 1.002 0.699)
(0.5302962223 0.9185 0.888)
(0.6267137172 0.9185 0.888)
(0.5785049697 1.002 0.888)
(0.5302962223 0.9185 1.077)
(0.6267137172 0.9185 1.077)
(0.5785049697 1.002 1.077)
(0.5302962223 0.9185 1.266)
(0.6267137172 0.9185 1.266)
(0.5785049697 1.002 1.266)
(0.5302962223 0.9185 1.455)
(0.6267137172 0.9185 1.455)
(0.5785049697 1.002 1.455)
(0.6749224647 1.002 0.51)
(0.6749224647 1.002 0.699)
(0.6749224647 1.002 0.888)
(0.6749224647 1.002 1.077)
(0.6749224647 1.002 1.266)
(0.6749224647 1.002 1.455)
(0.6267137172 1.0855 0.51)
(0.6267137172 1.0855 0.699)
(0.6267137172 1.0855 0.888)
(0.6267137172 1.0855 1.077)
(0.6267137172 1.0855 1.266)
(0.6267137172 1.0855 1.455)
(0.5785049697 1.169 0.51)
(0.5785049697 1.169 0.699)
(0.5785049697 1.169 0.888)
(0.5785049697 1.169 1.077)
(0.5785049697 1.169 1.266)
(0.5785049697 1.169 1.455)
(0.6749224647 1.169 0.51)
(0.6749224647 1.169 0.699)
(0.6749224647 1.169 0.888)
(0.6749224647 1.169 1.077)
(0.6749224647 1.169 1.266)
(0.6749224647 1.169 1.455)
(0.6267137172 1.2525 0.51)
(0.6267137172 1.2525 0.699)
(0.6267137172 1.2525 0.888)
(0.6267137172 1.2525 1.077)
(0.6267137172 1.2525 1.266)
(0.6267137172 1.2525 1.455)
(0.7713399596 -1.169 0.51)
(0.7231312122 -1.0855 0.51)
(0.7713399596 -1.169 0.699)
(0.7231312122 -1.0855 0.699)
(0.7713399596 -1.169 0.888)
(0.7231312122 -1.0855 0.888)
(0.7713399596 -1.169 1.077)
(0.7231312122 -1.0855 1.077)
(0.7713399596 -1.169 1.266)
(0.7231312122 -1.0855 1.266)
(0.7713399596 -1.169 1.455)
(0.7231312122 -1.0855 1.455)
(0.8195487071 -1.0855 0.51)
(0.8195487071 -1.0855 0.699)
(0.8195487071 -1.0855 0.888)
(0.8195487071 -1.0855 1.077)
(0.8195487071 -1.0855 1.266)
(0.8195487071 -1.0855 1.455)
(0.7713399596 -1.002 0.51)
(0.7713399596 -1.002 0.699)
(0.7713399596 -1.002 0.888)
(0.7713399596 -1.002 1.077)
(0.7713399596 -1.002 1.266)
(0.7713399596 -1.002 1.455)
(0.7231312122 -0.9185 0.51)
(0.7231312122 -0.9185 0.699)
(0.7231312122 -0.9185 0.888)
(0.7231312122 -0.9185 1.077)
(0.7231312122 -0.9185 1.266)
(0.7231312122 -0.9185 1.455)
(0.8195487071 -0.9185 0.51)
(0.8195487071 -0.9185 0.699)
(0.8195487071 -0.9185 0.888)
(0.8195487071 -0.9185 1.077)
(0.8195487071 -0.9185 1.266)
(0.8195487071 -0.9185 1.455)
(0.6749224647 -0.835 0.51)
(0.7713399596 -0.835 0.51)
(0.6749224647 -0.835 0.699)
(0.7713399596 -0.835 0.699)
(0.6749224647 -0.835 0.888)
(0.7713399596 -0.835 0.888)
(0.6749224647 -0.835 1.077)
(0.7713399596 -0.835 1.077)
(0.6749224647 -0.835 1.266)
(0.7713399596 -0.835 1.266)
(0.6749224647 -0.835 1.455)
(0.7713399596 -0.835 1.455)
(0.6749224647 0.835 0.51)
(0.7713399596 0.835 0.51)
(0.7231312122 0.9185 0.51)
(0.6749224647 0.835 0.699)
(0.7713399596 0.835 0.699)
(0.7231312122 0.9185 0.699)
(0.6749224647 0.835 0.888)
(0.7713399596 0.835 0.888)
(0.7231312122 0.9185 0.888)
(0.6749224647 0.835 1.077)
(0.7713399596 0.835 1.077)
(0.7231312122 0.9185 1.077)
(0.6749224647 0.835 1.266)
(0.7713399596 0.835 1.266)
(0.7231312122 0.9185 1.266)
(0.6749224647 0.835 1.455)
(0.7713399596 0.835 1.455)
(0.7231312122 0.9185 1.455)
(0.8195487071 0.9185 0.51)
(0.8195487071 0.9185 0.699)
(0.8195487071 0.9185 0.888)
(0.8195487071 0.9185 1.077)
(0.8195487071 0.9185 1.266)
(0.8195487071 0.9185 1.455)
(0.7713399596 1.002 0.51)
(0.7713399596 1.002 0.699)
(0.7713399596 1.002 0.888)
(0.7713399596 1.002 1.077)
(0.7713399596 1.002 1.266)
(0.7713399596 1.002 1.455)
(0.7231312122 1.0855 0.51)
(0.7231312122 1.0855 0.699)
(0.7231312122 1.0855 0.888)
(0.7231312122 1.0855 1.077)
(0.7231312122 1.0855 1.266)
(0.7231312122 1.0855 1.455)
(0.8195487071 1.0855 0.51)
(0.8195487071 1.0855 0.699)
(0.8195487071 1.0855 0.888)
(0.8195487071 1.0855 1.077)
(0.8195487071 1.0855 1.266)
(0.8195487071 1.0855 1.455)
(0.7713399596 1.169 0.51)
(0.7713399596 1.169 0.699)
(0.7713399596 1.169 0.888)
(0.7713399596 1.169 1.077)
(0.7713399596 1.169 1.266)
(0.7713399596 1.169 1.455)
(0.9159662021 -1.0855 0.51)
(0.8677574546 -1.002 0.51)
(0.9159662021 -1.0855 0.699)
(0.8677574546 -1.002 0.699)
(0.9159662021 -1.0855 0.888)
(0.8677574546 -1.002 0.888)
(0.9159662021 -1.0855 1.077)
(0.8677574546 -1.002 1.077)
(0.9159662021 -1.0855 1.266)
(0.8677574546 -1.002 1.266)
(0.9159662021 -1.0855 1.455)
(0.8677574546 -1.002 1.455)
(0.9641749495 -1.002 0.51)
(0.9641749495 -1.002 0.699)
(0.9641749495 -1.002 0.888)
(0.9641749495 -1.002 1.077)
(0.9641749495 -1.002 1.266)
(0.9641749495 -1.002 1.455)
(0.9159662021 -0.9185 0.51)
(0.9159662021 -0.9185 0.699)
(0.9159662021 -0.9185 0.888)
(0.9159662021 -0.9185 1.077)
(0.9159662021 -0.9185 1.266)
(0.9159662021 -0.9185 1.455)
(0.8677574546 -0.835 0.51)
(0.8677574546 -0.835 0.699)
(0.8677574546 -0.835 0.888)
(0.8677574546 -0.835 1.077)
(0.8677574546 -0.835 1.266)
(0.8677574546 -0.835 1.455)
(0.9641749495 -0.835 0.51)
(0.9641749495 -0.835 0.699)
(0.9641749495 -0.835 0.888)
(0.9641749495 -0.835 1.077)
(0.9641749495 -0.835 1.266)
(0.9641749495 -0.835 1.455)
(0.8195487071 -0.7515 0.51)
(0.9159662021 -0.7515 0.51)
(0.8195487071 -0.7515 0.699)
(0.9159662021 -0.7515 0.699)
(0.8195487071 -0.7515 0.888)
(0.9159662021 -0.7515 0.888)
(0.8195487071 -0.7515 1.077)
(0.9159662021 -0.7515 1.077)
(0.8195487071 -0.7515 1.266)
(0.9159662021 -0.7515 1.266)
(0.8195487071 -0.7515 1.455)
(0.9159662021 -0.7515 1.455)
(0.8677574546 -0.668 0.51)
(0.8677574546 -0.668 0.699)
(0.8677574546 -0.668 0.888)
(0.8677574546 -0.668 1.077)
(0.8677574546 -0.668 1.266)
(0.8677574546 -0.668 1.455)
(0.9641749495 -0.668 0.51)
(0.9641749495 -0.668 0.699)
(0.9641749495 -0.668 0.888)
(0.9641749495 -0.668 1.077)
(0.9641749495 -0.668 1.266)
(0.9641749495 -0.668 1.455)
(0.7713399596 -0.668 0.51)
(0.7713399596 -0.668 0.699)
(0.7713399596 -0.668 0.888)
(0.7713399596 -0.668 1.077)
(0.7713399596 -0.668 1.266)
(0.7713399596 -0.668 1.455)
(0.8195487071 -0.5845 0.51)
(0.9159662021 -0.5845 0.51)
(0.8195487071 -0.5845 0.699)
(0.9159662021 -0.5845 0.699)
(0.8195487071 -0.5845 0.888)
(0.9159662021 -0.5845 0.888)
(0.8195487071 -0.5845 1.077)
(0.9159662021 -0.5845 1.077)
(0.8195487071 -0.5845 1.266)
(0.9159662021 -0.5845 1.266)
(0.8195487071 -0.5845 1.455)
(0.9159662021 -0.5845 1.455)
(0.8195487071 0.5845 0.51)
(0.9159662021 0.5845 0.51)
(0.8677574546 0.668 0.51)
(0.8195487071 0.5845 0.699)
(0.9159662021 0.5845 0.699)
(0.8677574546 0.668 0.699)
(0.8195487071 0.5845 0.888)
(0.9159662021 0.5845 0.888)
(0.8677574546 0.668 0.888)
(0.8195487071 0.5845 1.077)
(0.9159662021 0.5845 1.077)
(0.8677574546 0.668 1.077)
(0.8195487071 0.5845 1.266)
(0.9159662021 0.5845 1.266)
(0.8677574546 0.668 1.266)
(0.8195487071 0.5845 1.455)
(0.9159662021 0.5845 1.455)
(0.8677574546 0.668 1.455)
(0.9641749495 0.668 0.51)
(0.9641749495 0.668 0.699)
(0.9641749495 0.668 0.888)
(0.9641749495 0.668 1.077)
(0.9641749495 0.668 1.266)
(0.9641749495 0.668 1.455)
(0.7713399596 0.668 0.51)
(0.7713399596 0.668 0.699)
(0.7713399596 0.668 0.888)
(0.7713399596 0.668 1.077)
(0.7713399596 0.668 1.266)
(0.7713399596 0.668 1.455)
(0.8195487071 0.7515 0.51)
(0.9159662021 0.7515 0.51)
(0.8195487071 0.7515 0.699)
(0.9159662021 0.7515 0.699)
(0.8195487071 0.7515 0.888)
(0.9159662021 0.7515 0.888)
(0.8195487071 0.7515 1.077)
(0.9159662021 0.7515 1.077)
(0.8195487071 0.7515 1.266)
(0.9159662021 0.7515 1.266)
(0.8195487071 0.7515 1.455)
(0.9159662021 0.7515 1.455)
(0.8677574546 0.835 0.51)
(0.8677574546 0.835 0.699)
(0.8677574546 0.835 0.888)
(0.8677574546 0.835 1.077)
(0.8677574546 0.835 1.266)
(0.8677574546 0.835 1.455)
(0.9641749495 0.835 0.51)
(0.9641749495 0.835 0.699)
(0.9641749495 0.835 0.888)
(0.9641749495 0.835 1.077)
(0.9641749495 0.835 1.266)
(0.9641749495 0.835 1.455)
(0.9159662021 0.9185 0.51)
(0.9159662021 0.9185 0.699)
(0.9159662021 0.9185 0.888)
(0.9159662021 0.9185 1.077)
(0.9159662021 0.9185 1.266)
(0.9159662021 0.9185 1.455)
(0.8677574546 1.002 0.51)
(0.8677574546 1.002 0.699)
(0.8677574546 1.002 0.888)
(0.8677574546 1.002 1.077)
(0.8677574546 1.002 1.266)
(0.8677574546 1.002 1.455)
(0.9641749495 1.002 0.51)
(0.9641749495 1.002 0.699)
(0.9641749495 1.002 0.888)
(0.9641749495 1.002 1.077)
(0.9641749495 1.002 1.266)
(0.9641749495 1.002 1.455)
(0.9159662021 1.0855 0.51)
(0.9159662021 1.0855 0.699)
(0.9159662021 1.0855 0.888)
(0.9159662021 1.0855 1.077)
(0.9159662021 1.0855 1.266)
(0.9159662021 1.0855 1.455)
(1.060592445 -1.002 0.51)
(1.012383697 -0.9185 0.51)
(1.060592445 -1.002 0.699)
(1.012383697 -0.9185 0.699)
(1.060592445 -1.002 0.888)
(1.012383697 -0.9185 0.888)
(1.060592445 -1.002 1.077)
(1.012383697 -0.9185 1.077)
(1.060592445 -1.002 1.266)
(1.012383697 -0.9185 1.266)
(1.060592445 -1.002 1.455)
(1.012383697 -0.9185 1.455)
(1.108801192 -0.9185 0.51)
(1.108801192 -0.9185 0.699)
(1.108801192 -0.9185 0.888)
(1.108801192 -0.9185 1.077)
(1.108801192 -0.9185 1.266)
(1.108801192 -0.9185 1.455)
(1.060592445 -0.835 0.51)
(1.060592445 -0.835 0.699)
(1.060592445 -0.835 0.888)
(1.060592445 -0.835 1.077)
(1.060592445 -0.835 1.266)
(1.060592445 -0.835 1.455)
(1.012383697 -0.7515 0.51)
(1.012383697 -0.7515 0.699)
(1.012383697 -0.7515 0.888)
(1.012383697 -0.7515 1.077)
(1.012383697 -0.7515 1.266)
(1.012383697 -0.7515 1.455)
(1.108801192 -0.7515 0.51)
(1.108801192 -0.7515 0.699)
(1.108801192 -0.7515 0.888)
(1.108801192 -0.7515 1.077)
(1.108801192 -0.7515 1.266)
(1.108801192 -0.7515 1.455)
(1.060592445 -0.668 0.51)
(1.060592445 -0.668 0.699)
(1.060592445 -0.668 0.888)
(1.060592445 -0.668 1.077)
(1.060592445 -0.668 1.266)
(1.060592445 -0.668 1.455)
(1.012383697 -0.5845 0.51)
(1.012383697 -0.5845 0.699)
(1.012383697 -0.5845 0.888)
(1.012383697 -0.5845 1.077)
(1.012383697 -0.5845 1.266)
(1.012383697 -0.5845 1.455)
(1.108801192 -0.5845 0.51)
(1.108801192 -0.5845 0.699)
(1.108801192 -0.5845 0.888)
(1.108801192 -0.5845 1.077)
(1.108801192 -0.5845 1.266)
(1.108801192 -0.5845 1.455)
(0.9641749495 -0.501 0.51)
(1.060592445 -0.501 0.51)
(0.9641749495 -0.501 0.699)
(1.060592445 -0.501 0.699)
(0.9641749495 -0.501 0.888)
(1.060592445 -0.501 0.888)
(0.9641749495 -0.501 1.077)
(1.060592445 -0.501 1.077)
(0.9641749495 -0.501 1.266)
(1.060592445 -0.501 1.266)
(0.9641749495 -0.501 1.455)
(1.060592445 -0.501 1.455)
(1.012383697 -0.4175 0.51)
(1.012383697 -0.4175 0.699)
(1.012383697 -0.4175 0.888)
(1.012383697 -0.4175 1.077)
(1.012383697 -0.4175 1.266)
(1.012383697 -0.4175 1.455)
(1.108801192 -0.4175 0.51)
(1.108801192 -0.4175 0.699)
(1.108801192 -0.4175 0.888)
(1.108801192 -0.4175 1.077)
(1.108801192 -0.4175 1.266)
(1.108801192 -0.4175 1.455)
(0.9159662021 -0.4175 0.51)
(0.9159662021 -0.4175 0.699)
(0.9159662021 -0.4175 0.888)
(0.9159662021 -0.4175 1.077)
(0.9159662021 -0.4175 1.266)
(0.9159662021 -0.4175 1.455)
(0.9641749495 -0.334 0.51)
(1.060592445 -0.334 0.51)
(0.9641749495 -0.334 0.699)
(1.060592445 -0.334 0.699)
(0.9641749495 -0.334 0.888)
(1.060592445 -0.334 0.888)
(0.9641749495 -0.334 1.077)
(1.060592445 -0.334 1.077)
(0.9641749495 -0.334 1.266)
(1.060592445 -0.334 1.266)
(0.9641749495 -0.334 1.455)
(1.060592445 -0.334 1.455)
(0.9641749495 0.334 0.51)
(1.060592445 0.334 0.51)
(1.012383697 0.4175 0.51)
(0.9641749495 0.334 0.699)
(1.060592445 0.334 0.699)
(1.012383697 0.4175 0.699)
(0.9641749495 0.334 0.888)
(1.060592445 0.334 0.888)
(1.012383697 0.4175 0.888)
(0.9641749495 0.334 1.077)
(1.060592445 0.334 1.077)
(1.012383697 0.4175 1.077)
(0.9641749495 0.334 1.266)
(1.060592445 0.334 1.266)
(1.012383697 0.4175 1.266)
(0.9641749495 0.334 1.455)
(1.060592445 0.334 1.455)
(1.012383697 0.4175 1.455)
(1.108801192 0.4175 0.51)
(1.108801192 0.4175 0.699)
(1.108801192 0.4175 0.888)
(1.108801192 0.4175 1.077)
(1.108801192 0.4175 1.266)
(1.108801192 0.4175 1.455)
(0.9159662021 0.4175 0.51)
(0.9159662021 0.4175 0.699)
(0.9159662021 0.4175 0.888)
(0.9159662021 0.4175 1.077)
(0.9159662021 0.4175 1.266)
(0.9159662021 0.4175 1.455)
(0.9641749495 0.501 0.51)
(1.060592445 0.501 0.51)
(0.9641749495 0.501 0.699)
(1.060592445 0.501 0.699)
(0.9641749495 0.501 0.888)
(1.060592445 0.501 0.888)
(0.9641749495 0.501 1.077)
(1.060592445 0.501 1.077)
(0.9641749495 0.501 1.266)
(1.060592445 0.501 1.266)
(0.9641749495 0.501 1.455)
(1.060592445 0.501 1.455)
(1.012383697 0.5845 0.51)
(1.012383697 0.5845 0.699)
(1.012383697 0.5845 0.888)
(1.012383697 0.5845 1.077)
(1.012383697 0.5845 1.266)
(1.012383697 0.5845 1.455)
(1.108801192 0.5845 0.51)
(1.108801192 0.5845 0.699)
(1.108801192 0.5845 0.888)
(1.108801192 0.5845 1.077)
(1.108801192 0.5845 1.266)
(1.108801192 0.5845 1.455)
(1.060592445 0.668 0.51)
(1.060592445 0.668 0.699)
(1.060592445 0.668 0.888)
(1.060592445 0.668 1.077)
(1.060592445 0.668 1.266)
(1.060592445 0.668 1.455)
(1.012383697 0.7515 0.51)
(1.012383697 0.7515 0.699)
(1.012383697 0.7515 0.888)
(1.012383697 0.7515 1.077)
(1.012383697 0.7515 1.266)
(1.012383697 0.7515 1.455)
(1.108801192 0.7515 0.51)
(1.108801192 0.7515 0.699)
(1.108801192 0.7515 0.888)
(1.108801192 0.7515 1.077)
(1.108801192 0.7515 1.266)
(1.108801192 0.7515 1.455)
(1.060592445 0.835 0.51)
(1.060592445 0.835 0.699)
(1.060592445 0.835 0.888)
(1.060592445 0.835 1.077)
(1.060592445 0.835 1.266)
(1.060592445 0.835 1.455)
(1.012383697 0.9185 0.51)
(1.012383697 0.9185 0.699)
(1.012383697 0.9185 0.888)
(1.012383697 0.9185 1.077)
(1.012383697 0.9185 1.266)
(1.012383697 0.9185 1.455)
(1.108801192 0.9185 0.51)
(1.108801192 0.9185 0.699)
(1.108801192 0.9185 0.888)
(1.108801192 0.9185 1.077)
(1.108801192 0.9185 1.266)
(1.108801192 0.9185 1.455)
(1.060592445 1.002 0.51)
(1.060592445 1.002 0.699)
(1.060592445 1.002 0.888)
(1.060592445 1.002 1.077)
(1.060592445 1.002 1.266)
(1.060592445 1.002 1.455)
(1.205218687 -0.7515 0.51)
(1.157009939 -0.668 0.51)
(1.205218687 -0.7515 0.699)
(1.157009939 -0.668 0.699)
(1.205218687 -0.7515 0.888)
(1.157009939 -0.668 0.888)
(1.205218687 -0.7515 1.077)
(1.157009939 -0.668 1.077)
(1.205218687 -0.7515 1.266)
(1.157009939 -0.668 1.266)
(1.205218687 -0.7515 1.455)
(1.157009939 -0.668 1.455)
(1.253427434 -0.668 0.51)
(1.253427434 -0.668 0.699)
(1.253427434 -0.668 0.888)
(1.253427434 -0.668 1.077)
(1.253427434 -0.668 1.266)
(1.253427434 -0.668 1.455)
(1.205218687 -0.5845 0.51)
(1.205218687 -0.5845 0.699)
(1.205218687 -0.5845 0.888)
(1.205218687 -0.5845 1.077)
(1.205218687 -0.5845 1.266)
(1.205218687 -0.5845 1.455)
(1.157009939 -0.501 0.51)
(1.157009939 -0.501 0.699)
(1.157009939 -0.501 0.888)
(1.157009939 -0.501 1.077)
(1.157009939 -0.501 1.266)
(1.157009939 -0.501 1.455)
(1.253427434 -0.501 0.51)
(1.253427434 -0.501 0.699)
(1.253427434 -0.501 0.888)
(1.253427434 -0.501 1.077)
(1.253427434 -0.501 1.266)
(1.253427434 -0.501 1.455)
(1.205218687 -0.4175 0.51)
(1.205218687 -0.4175 0.699)
(1.205218687 -0.4175 0.888)
(1.205218687 -0.4175 1.077)
(1.205218687 -0.4175 1.266)
(1.205218687 -0.4175 1.455)
(1.157009939 -0.334 0.51)
(1.157009939 -0.334 0.699)
(1.157009939 -0.334 0.888)
(1.157009939 -0.334 1.077)
(1.157009939 -0.334 1.266)
(1.157009939 -0.334 1.455)
(1.253427434 -0.334 0.51)
(1.253427434 -0.334 0.699)
(1.253427434 -0.334 0.888)
(1.253427434 -0.334 1.077)
(1.253427434 -0.334 1.266)
(1.253427434 -0.334 1.455)
(1.108801192 -0.2505 0.51)
(1.205218687 -0.2505 0.51)
(1.108801192 -0.2505 0.699)
(1.205218687 -0.2505 0.699)
(1.108801192 -0.2505 0.888)
(1.205218687 -0.2505 0.888)
(1.108801192 -0.2505 1.077)
(1.205218687 -0.2505 1.077)
(1.108801192 -0.2505 1.266)
(1.205218687 -0.2505 1.266)
(1.108801192 -0.2505 1.455)
(1.205218687 -0.2505 1.455)
(1.157009939 -0.167 0.51)
(1.157009939 -0.167 0.699)
(1.157009939 -0.167 0.888)
(1.157009939 -0.167 1.077)
(1.157009939 -0.167 1.266)
(1.157009939 -0.167 1.455)
(1.253427434 -0.167 0.51)
(1.253427434 -0.167 0.699)
(1.253427434 -0.167 0.888)
(1.253427434 -0.167 1.077)
(1.253427434 -0.167 1.266)
(1.253427434 -0.167 1.455)
(1.060592445 -0.167 0.51)
(1.060592445 -0.167 0.699)
(1.060592445 -0.167 0.888)
(1.060592445 -0.167 1.077)
(1.060592445 -0.167 1.266)
(1.060592445 -0.167 1.455)
(1.108801192 -0.0835 0.51)
(1.205218687 -0.0835 0.51)
(1.108801192 -0.0835 0.699)
(1.205218687 -0.0835 0.699)
(1.108801192 -0.0835 0.888)
(1.205218687 -0.0835 0.888)
(1.108801192 -0.0835 1.077)
(1.205218687 -0.0835 1.077)
(1.108801192 -0.0835 1.266)
(1.205218687 -0.0835 1.266)
(1.108801192 -0.0835 1.455)
(1.205218687 -0.0835 1.455)
(1.157009939 0 0.51)
(1.157009939 0 0.699)
(1.157009939 0 0.888)
(1.157009939 0 1.077)
(1.157009939 0 1.266)
(1.157009939 0 1.455)
(1.253427434 0 0.51)
(1.253427434 0 0.699)
(1.253427434 0 0.888)
(1.253427434 0 1.077)
(1.253427434 0 1.266)
(1.253427434 0 1.455)
(1.060592445 0 0.51)
(1.060592445 0 0.699)
(1.060592445 0 0.888)
(1.060592445 0 1.077)
(1.060592445 0 1.266)
(1.060592445 0 1.455)
(1.108801192 0.0835 0.51)
(1.205218687 0.0835 0.51)
(1.108801192 0.0835 0.699)
(1.205218687 0.0835 0.699)
(1.108801192 0.0835 0.888)
(1.205218687 0.0835 0.888)
(1.108801192 0.0835 1.077)
(1.205218687 0.0835 1.077)
(1.108801192 0.0835 1.266)
(1.205218687 0.0835 1.266)
(1.108801192 0.0835 1.455)
(1.205218687 0.0835 1.455)
(1.157009939 0.167 0.51)
(1.157009939 0.167 0.699)
(1.157009939 0.167 0.888)
(1.157009939 0.167 1.077)
(1.157009939 0.167 1.266)
(1.157009939 0.167 1.455)
(1.253427434 0.167 0.51)
(1.253427434 0.167 0.699)
(1.253427434 0.167 0.888)
(1.253427434 0.167 1.077)
(1.253427434 0.167 1.266)
(1.253427434 0.167 1.455)
(1.060592445 0.167 0.51)
(1.060592445 0.167 0.699)
(1.060592445 0.167 0.888)
(1.060592445 0.167 1.077)
(1.060592445 0.167 1.266)
(1.060592445 0.167 1.455)
(1.108801192 0.2505 0.51)
(1.205218687 0.2505 0.51)
(1.108801192 0.2505 0.699)
(1.205218687 0.2505 0.699)
(1.108801192 0.2505 0.888)
(1.205218687 0.2505 0.888)
(1.108801192 0.2505 1.077)
(1.205218687 0.2505 1.077)
(1.108801192 0.2505 1.266)
(1.205218687 0.2505 1.266)
(1.108801192 0.2505 1.455)
(1.205218687 0.2505 1.455)
(1.157009939 0.334 0.51)
(1.157009939 0.334 0.699)
(1.157009939 0.334 0.888)
(1.157009939 0.334 1.077)
(1.157009939 0.334 1.266)
(1.157009939 0.334 1.455)
(1.253427434 0.334 0.51)
(1.253427434 0.334 0.699)
(1.253427434 0.334 0.888)
(1.253427434 0.334 1.077)
(1.253427434 0.334 1.266)
(1.253427434 0.334 1.455)
(1.205218687 0.4175 0.51)
(1.205218687 0.4175 0.699)
(1.205218687 0.4175 0.888)
(1.205218687 0.4175 1.077)
(1.205218687 0.4175 1.266)
(1.205218687 0.4175 1.455)
(1.157009939 0.501 0.51)
(1.157009939 0.501 0.699)
(1.157009939 0.501 0.888)
(1.157009939 0.501 1.077)
(1.157009939 0.501 1.266)
(1.157009939 0.501 1.455)
(1.253427434 0.501 0.51)
(1.253427434 0.501 0.699)
(1.253427434 0.501 0.888)
(1.253427434 0.501 1.077)
(1.253427434 0.501 1.266)
(1.253427434 0.501 1.455)
(1.205218687 0.5845 0.51)
(1.205218687 0.5845 0.699)
(1.205218687 0.5845 0.888)
(1.205218687 0.5845 1.077)
(1.205218687 0.5845 1.266)
(1.205218687 0.5845 1.455)
(1.157009939 0.668 0.51)
(1.157009939 0.668 0.699)
(1.157009939 0.668 0.888)
(1.157009939 0.668 1.077)
(1.157009939 0.668 1.266)
(1.157009939 0.668 1.455)
(1.253427434 0.668 0.51)
(1.253427434 0.668 0.699)
(1.253427434 0.668 0.888)
(1.253427434 0.668 1.077)
(1.253427434 0.668 1.266)
(1.253427434 0.668 1.455)
(1.205218687 0.7515 0.51)
(1.205218687 0.7515 0.699)
(1.205218687 0.7515 0.888)
(1.205218687 0.7515 1.077)
(1.205218687 0.7515 1.266)
(1.205218687 0.7515 1.455)
(1.349844929 -0.501 0.51)
(1.301636182 -0.4175 0.51)
(1.349844929 -0.501 0.699)
(1.301636182 -0.4175 0.699)
(1.349844929 -0.501 0.888)
(1.301636182 -0.4175 0.888)
(1.349844929 -0.501 1.077)
(1.301636182 -0.4175 1.077)
(1.349844929 -0.501 1.266)
(1.301636182 -0.4175 1.266)
(1.349844929 -0.501 1.455)
(1.301636182 -0.4175 1.455)
(1.398053677 -0.4175 0.51)
(1.398053677 -0.4175 0.699)
(1.398053677 -0.4175 0.888)
(1.398053677 -0.4175 1.077)
(1.398053677 -0.4175 1.266)
(1.398053677 -0.4175 1.455)
(1.349844929 -0.334 0.51)
(1.349844929 -0.334 0.699)
(1.349844929 -0.334 0.888)
(1.349844929 -0.334 1.077)
(1.349844929 -0.334 1.266)
(1.349844929 -0.334 1.455)
(1.301636182 -0.2505 0.51)
(1.301636182 -0.2505 0.699)
(1.301636182 -0.2505 0.888)
(1.301636182 -0.2505 1.077)
(1.301636182 -0.2505 1.266)
(1.301636182 -0.2505 1.455)
(1.398053677 -0.2505 0.51)
(1.398053677 -0.2505 0.699)
(1.398053677 -0.2505 0.888)
(1.398053677 -0.2505 1.077)
(1.398053677 -0.2505 1.266)
(1.398053677 -0.2505 1.455)
(1.349844929 -0.167 0.51)
(1.349844929 -0.167 0.699)
(1.349844929 -0.167 0.888)
(1.349844929 -0.167 1.077)
(1.349844929 -0.167 1.266)
(1.349844929 -0.167 1.455)
(1.301636182 -0.0835 0.51)
(1.301636182 -0.0835 0.699)
(1.301636182 -0.0835 0.888)
(1.301636182 -0.0835 1.077)
(1.301636182 -0.0835 1.266)
(1.301636182 -0.0835 1.455)
(1.398053677 -0.0835 0.51)
(1.398053677 -0.0835 0.699)
(1.398053677 -0.0835 0.888)
(1.398053677 -0.0835 1.077)
(1.398053677 -0.0835 1.266)
(1.398053677 -0.0835 1.455)
(1.349844929 -1.387778781e-17 0.51)
(1.349844929 -1.387778781e-17 0.699)
(1.349844929 -1.387778781e-17 0.888)
(1.349844929 -1.387778781e-17 1.077)
(1.349844929 -1.387778781e-17 1.266)
(1.349844929 -1.387778781e-17 1.455)
(1.301636182 0.0835 0.51)
(1.301636182 0.0835 0.699)
(1.301636182 0.0835 0.888)
(1.301636182 0.0835 1.077)
(1.301636182 0.0835 1.266)
(1.301636182 0.0835 1.455)
(1.398053677 0.0835 0.51)
(1.398053677 0.0835 0.699)
(1.398053677 0.0835 0.888)
(1.398053677 0.0835 1.077)
(1.398053677 0.0835 1.266)
(1.398053677 0.0835 1.455)
(1.349844929 0.167 0.51)
(1.349844929 0.167 0.699)
(1.349844929 0.167 0.888)
(1.349844929 0.167 1.077)
(1.349844929 0.167 1.266)
(1.349844929 0.167 1.455)
(1.301636182 0.2505 0.51)
(1.301636182 0.2505 0.699)
(1.301636182 0.2505 0.888)
(1.301636182 0.2505 1.077)
(1.301636182 0.2505 1.266)
(1.301636182 0.2505 1.455)
(1.398053677 0.2505 0.51)
(1.398053677 0.2505 0.699)
(1.398053677 0.2505 0.888)
(1.398053677 0.2505 1.077)
(1.398053677 0.2505 1.266)
(1.398053677 0.2505 1.455)
(1.349844929 0.334 0.51)
(1.349844929 0.334 0.699)
(1.349844929 0.334 0.888)
(1.349844929 0.334 1.077)
(1.349844929 0.334 1.266)
(1.349844929 0.334 1.455)
(1.301636182 0.4175 0.51)
(1.301636182 0.4175 0.699)
(1.301636182 0.4175 0.888)
(1.301636182 0.4175 1.077)
(1.301636182 0.4175 1.266)
(1.301636182 0.4175 1.455)
(1.398053677 0.4175 0.51)
(1.398053677 0.4175 0.699)
(1.398053677 0.4175 0.888)
(1.398053677 0.4175 1.077)
(1.398053677 0.4175 1.266)
(1.398053677 0.4175 1.455)
(1.349844929 0.501 0.51)
(1.349844929 0.501 0.699)
(1.349844929 0.501 0.888)
(1.349844929 0.501 1.077)
(1.349844929 0.501 1.266)
(1.349844929 0.501 1.455)
(-1.012383697 -0.2505 0.51)
(-1.012383697 -0.2505 0.699)
(-1.012383697 -0.2505 0.888)
(-1.012383697 -0.2505 1.077)
(-1.012383697 -0.2505 1.266)
(-1.012383697 -0.2505 1.455)
(-0.9159662021 -0.2505 0.51)
(-0.9159662021 -0.2505 0.699)
(-0.9159662021 -0.2505 0.888)
(-0.9159662021 -0.2505 1.077)
(-0.9159662021 -0.2505 1.266)
(-0.9159662021 -0.2505 1.455)
(-0.9641749495 -0.167 0.51)
(-0.9641749495 -0.167 0.699)
(-0.9641749495 -0.167 0.888)
(-0.9641749495 -0.167 1.077)
(-0.9641749495 -0.167 1.266)
(-0.9641749495 -0.167 1.455)
(-1.012383697 -0.0835 0.51)
(-1.012383697 -0.0835 0.699)
(-1.012383697 -0.0835 0.888)
(-1.012383697 -0.0835 1.077)
(-1.012383697 -0.0835 1.266)
(-1.012383697 -0.0835 1.455)
(-0.9159662021 -0.0835 0.51)
(-0.9159662021 -0.0835 0.699)
(-0.9159662021 -0.0835 0.888)
(-0.9159662021 -0.0835 1.077)
(-0.9159662021 -0.0835 1.266)
(-0.9159662021 -0.0835 1.455)
(-0.9641749495 -1.387778781e-17 0.51)
(-0.9641749495 -1.387778781e-17 0.699)
(-0.9641749495 -1.387778781e-17 0.888)
(-0.9641749495 -1.387778781e-17 1.077)
(-0.9641749495 -1.387778781e-17 1.266)
(-0.9641749495 -1.387778781e-17 1.455)
(-1.012383697 0.0835 0.51)
(-1.012383697 0.0835 0.699)
(-1.012383697 0.0835 0.888)
(-1.012383697 0.0835 1.077)
(-1.012383697 0.0835 1.266)
(-1.012383697 0.0835 1.455)
(-0.9159662021 0.0835 0.51)
(-0.9159662021 0.0835 0.699)
(-0.9159662021 0.0835 0.888)
(-0.9159662021 0.0835 1.077)
(-0.9159662021 0.0835 1.266)
(-0.9159662021 0.0835 1.455)
(-0.9641749495 0.167 0.51)
(-0.9641749495 0.167 0.699)
(-0.9641749495 0.167 0.888)
(-0.9641749495 0.167 1.077)
(-0.9641749495 0.167 1.266)
(-0.9641749495 0.167 1.455)
(-1.012383697 0.2505 0.51)
(-1.012383697 0.2505 0.699)
(-1.012383697 0.2505 0.888)
(-1.012383697 0.2505 1.077)
(-1.012383697 0.2505 1.266)
(-1.012383697 0.2505 1.455)
(-0.9159662021 0.2505 0.51)
(-0.9159662021 0.2505 0.699)
(-0.9159662021 0.2505 0.888)
(-0.9159662021 0.2505 1.077)
(-0.9159662021 0.2505 1.266)
(-0.9159662021 0.2505 1.455)
(-0.8677574546 -0.501 0.51)
(-0.8677574546 -0.501 0.699)
(-0.8677574546 -0.501 0.888)
(-0.8677574546 -0.501 1.077)
(-0.8677574546 -0.501 1.266)
(-0.8677574546 -0.501 1.455)
(-0.7713399596 -0.501 0.51)
(-0.7713399596 -0.501 0.699)
(-0.7713399596 -0.501 0.888)
(-0.7713399596 -0.501 1.077)
(-0.7713399596 -0.501 1.266)
(-0.7713399596 -0.501 1.455)
(-0.8195487071 -0.4175 0.51)
(-0.8195487071 -0.4175 0.699)
(-0.8195487071 -0.4175 0.888)
(-0.8195487071 -0.4175 1.077)
(-0.8195487071 -0.4175 1.266)
(-0.8195487071 -0.4175 1.455)
(-0.8677574546 -0.334 0.51)
(-0.8677574546 -0.334 0.699)
(-0.8677574546 -0.334 0.888)
(-0.8677574546 -0.334 1.077)
(-0.8677574546 -0.334 1.266)
(-0.8677574546 -0.334 1.455)
(-0.7713399596 -0.334 0.51)
(-0.7713399596 -0.334 0.699)
(-0.7713399596 -0.334 0.888)
(-0.7713399596 -0.334 1.077)
(-0.7713399596 -0.334 1.266)
(-0.7713399596 -0.334 1.455)
(-0.8195487071 -0.2505 0.51)
(-0.8195487071 -0.2505 0.699)
(-0.8195487071 -0.2505 0.888)
(-0.8195487071 -0.2505 1.077)
(-0.8195487071 -0.2505 1.266)
(-0.8195487071 -0.2505 1.455)
(-0.8677574546 -0.167 0.51)
(-0.8677574546 -0.167 0.699)
(-0.8677574546 -0.167 0.888)
(-0.8677574546 -0.167 1.077)
(-0.8677574546 -0.167 1.266)
(-0.8677574546 -0.167 1.455)
(-0.7713399596 -0.167 0.51)
(-0.7713399596 -0.167 0.699)
(-0.7713399596 -0.167 0.888)
(-0.7713399596 -0.167 1.077)
(-0.7713399596 -0.167 1.266)
(-0.7713399596 -0.167 1.455)
(-0.8195487071 -0.0835 0.51)
(-0.8195487071 -0.0835 0.699)
(-0.8195487071 -0.0835 0.888)
(-0.8195487071 -0.0835 1.077)
(-0.8195487071 -0.0835 1.266)
(-0.8195487071 -0.0835 1.455)
(-0.8677574546 0 0.51)
(-0.8677574546 0 0.699)
(-0.8677574546 0 0.888)
(-0.8677574546 0 1.077)
(-0.8677574546 0 1.266)
(-0.8677574546 0 1.455)
(-0.7713399596 0 0.51)
(-0.7713399596 0 0.699)
(-0.7713399596 0 0.888)
(-0.7713399596 0 1.077)
(-0.7713399596 0 1.266)
(-0.7713399596 0 1.455)
(-0.8195487071 0.0835 0.51)
(-0.8195487071 0.0835 0.699)
(-0.8195487071 0.0835 0.888)
(-0.8195487071 0.0835 1.077)
(-0.8195487071 0.0835 1.266)
(-0.8195487071 0.0835 1.455)
(-0.8677574546 0.167 0.51)
(-0.8677574546 0.167 0.699)
(-0.8677574546 0.167 0.888)
(-0.8677574546 0.167 1.077)
(-0.8677574546 0.167 1.266)
(-0.8677574546 0.167 1.455)
(-0.7713399596 0.167 0.51)
(-0.7713399596 0.167 0.699)
(-0.7713399596 0.167 0.888)
(-0.7713399596 0.167 1.077)
(-0.7713399596 0.167 1.266)
(-0.7713399596 0.167 1.455)
(-0.8195487071 0.2505 0.51)
(-0.8195487071 0.2505 0.699)
(-0.8195487071 0.2505 0.888)
(-0.8195487071 0.2505 1.077)
(-0.8195487071 0.2505 1.266)
(-0.8195487071 0.2505 1.455)
(-0.8677574546 0.334 0.51)
(-0.8677574546 0.334 0.699)
(-0.8677574546 0.334 0.888)
(-0.8677574546 0.334 1.077)
(-0.8677574546 0.334 1.266)
(-0.8677574546 0.334 1.455)
(-0.7713399596 0.334 0.51)
(-0.7713399596 0.334 0.699)
(-0.7713399596 0.334 0.888)
(-0.7713399596 0.334 1.077)
(-0.7713399596 0.334 1.266)
(-0.7713399596 0.334 1.455)
(-0.8195487071 0.4175 0.51)
(-0.8195487071 0.4175 0.699)
(-0.8195487071 0.4175 0.888)
(-0.8195487071 0.4175 1.077)
(-0.8195487071 0.4175 1.266)
(-0.8195487071 0.4175 1.455)
(-0.8677574546 0.501 0.51)
(-0.8677574546 0.501 0.699)
(-0.8677574546 0.501 0.888)
(-0.8677574546 0.501 1.077)
(-0.8677574546 0.501 1.266)
(-0.8677574546 0.501 1.455)
(-0.7713399596 0.501 0.51)
(-0.7713399596 0.501 0.699)
(-0.7713399596 0.501 0.888)
(-0.7713399596 0.501 1.077)
(-0.7713399596 0.501 1.266)
(-0.7713399596 0.501 1.455)
(-0.7231312122 -0.7515 0.51)
(-0.7231312122 -0.7515 0.699)
(-0.7231312122 -0.7515 0.888)
(-0.7231312122 -0.7515 1.077)
(-0.7231312122 -0.7515 1.266)
(-0.7231312122 -0.7515 1.455)
(-0.6267137172 -0.7515 0.51)
(-0.6267137172 -0.7515 0.699)
(-0.6267137172 -0.7515 0.888)
(-0.6267137172 -0.7515 1.077)
(-0.6267137172 -0.7515 1.266)
(-0.6267137172 -0.7515 1.455)
(-0.6749224647 -0.668 0.51)
(-0.6749224647 -0.668 0.699)
(-0.6749224647 -0.668 0.888)
(-0.6749224647 -0.668 1.077)
(-0.6749224647 -0.668 1.266)
(-0.6749224647 -0.668 1.455)
(-0.7231312122 -0.5845 0.51)
(-0.7231312122 -0.5845 0.699)
(-0.7231312122 -0.5845 0.888)
(-0.7231312122 -0.5845 1.077)
(-0.7231312122 -0.5845 1.266)
(-0.7231312122 -0.5845 1.455)
(-0.6267137172 -0.5845 0.51)
(-0.6267137172 -0.5845 0.699)
(-0.6267137172 -0.5845 0.888)
(-0.6267137172 -0.5845 1.077)
(-0.6267137172 -0.5845 1.266)
(-0.6267137172 -0.5845 1.455)
(-0.6749224647 -0.501 0.51)
(-0.6749224647 -0.501 0.699)
(-0.6749224647 -0.501 0.888)
(-0.6749224647 -0.501 1.077)
(-0.6749224647 -0.501 1.266)
(-0.6749224647 -0.501 1.455)
(-0.7231312122 -0.4175 0.51)
(-0.7231312122 -0.4175 0.699)
(-0.7231312122 -0.4175 0.888)
(-0.7231312122 -0.4175 1.077)
(-0.7231312122 -0.4175 1.266)
(-0.7231312122 -0.4175 1.455)
(-0.6267137172 -0.4175 0.51)
(-0.6267137172 -0.4175 0.699)
(-0.6267137172 -0.4175 0.888)
(-0.6267137172 -0.4175 1.077)
(-0.6267137172 -0.4175 1.266)
(-0.6267137172 -0.4175 1.455)
(-0.6749224647 -0.334 0.51)
(-0.6749224647 -0.334 0.699)
(-0.6749224647 -0.334 0.888)
(-0.6749224647 -0.334 1.077)
(-0.6749224647 -0.334 1.266)
(-0.6749224647 -0.334 1.455)
(-0.7231312122 -0.2505 0.51)
(-0.7231312122 -0.2505 0.699)
(-0.7231312122 -0.2505 0.888)
(-0.7231312122 -0.2505 1.077)
(-0.7231312122 -0.2505 1.266)
(-0.7231312122 -0.2505 1.455)
(-0.6267137172 -0.2505 0.51)
(-0.6267137172 -0.2505 0.699)
(-0.6267137172 -0.2505 0.888)
(-0.6267137172 -0.2505 1.077)
(-0.6267137172 -0.2505 1.266)
(-0.6267137172 -0.2505 1.455)
(-0.6749224647 -0.167 0.51)
(-0.6749224647 -0.167 0.699)
(-0.6749224647 -0.167 0.888)
(-0.6749224647 -0.167 1.077)
(-0.6749224647 -0.167 1.266)
(-0.6749224647 -0.167 1.455)
(-0.7231312122 -0.0835 0.51)
(-0.7231312122 -0.0835 0.699)
(-0.7231312122 -0.0835 0.888)
(-0.7231312122 -0.0835 1.077)
(-0.7231312122 -0.0835 1.266)
(-0.7231312122 -0.0835 1.455)
(-0.6267137172 -0.0835 0.51)
(-0.6267137172 -0.0835 0.699)
(-0.6267137172 -0.0835 0.888)
(-0.6267137172 -0.0835 1.077)
(-0.6267137172 -0.0835 1.266)
(-0.6267137172 -0.0835 1.455)
(-0.6749224647 -1.387778781e-17 0.51)
(-0.6749224647 -1.387778781e-17 0.699)
(-0.6749224647 -1.387778781e-17 0.888)
(-0.6749224647 -1.387778781e-17 1.077)
(-0.6749224647 -1.387778781e-17 1.266)
(-0.6749224647 -1.387778781e-17 1.455)
(-0.7231312122 0.0835 0.51)
(-0.7231312122 0.0835 0.699)
(-0.7231312122 0.0835 0.888)
(-0.7231312122 0.0835 1.077)
(-0.7231312122 0.0835 1.266)
(-0.7231312122 0.0835 1.455)
(-0.6267137172 0.0835 0.51)
(-0.6267137172 0.0835 0.699)
(-0.6267137172 0.0835 0.888)
(-0.6267137172 0.0835 1.077)
(-0.6267137172 0.0835 1.266)
(-0.6267137172 0.0835 1.455)
(-0.6749224647 0.167 0.51)
(-0.6749224647 0.167 0.699)
(-0.6749224647 0.167 0.888)
(-0.6749224647 0.167 1.077)
(-0.6749224647 0.167 1.266)
(-0.6749224647 0.167 1.455)
(-0.7231312122 0.2505 0.51)
(-0.7231312122 0.2505 0.699)
(-0.7231312122 0.2505 0.888)
(-0.7231312122 0.2505 1.077)
(-0.7231312122 0.2505 1.266)
(-0.7231312122 0.2505 1.455)
(-0.6267137172 0.2505 0.51)
(-0.6267137172 0.2505 0.699)
(-0.6267137172 0.2505 0.888)
(-0.6267137172 0.2505 1.077)
(-0.6267137172 0.2505 1.266)
(-0.6267137172 0.2505 1.455)
(-0.6749224647 0.334 0.51)
(-0.6749224647 0.334 0.699)
(-0.6749224647 0.334 0.888)
(-0.6749224647 0.334 1.077)
(-0.6749224647 0.334 1.266)
(-0.6749224647 0.334 1.455)
(-0.7231312122 0.4175 0.51)
(-0.7231312122 0.4175 0.699)
(-0.7231312122 0.4175 0.888)
(-0.7231312122 0.4175 1.077)
(-0.7231312122 0.4175 1.266)
(-0.7231312122 0.4175 1.455)
(-0.6267137172 0.4175 0.51)
(-0.6267137172 0.4175 0.699)
(-0.6267137172 0.4175 0.888)
(-0.6267137172 0.4175 1.077)
(-0.6267137172 0.4175 1.266)
(-0.6267137172 0.4175 1.455)
(-0.6749224647 0.501 0.51)
(-0.6749224647 0.501 0.699)
(-0.6749224647 0.501 0.888)
(-0.6749224647 0.501 1.077)
(-0.6749224647 0.501 1.266)
(-0.6749224647 0.501 1.455)
(-0.7231312122 0.5845 0.51)
(-0.7231312122 0.5845 0.699)
(-0.7231312122 0.5845 0.888)
(-0.7231312122 0.5845 1.077)
(-0.7231312122 0.5845 1.266)
(-0.7231312122 0.5845 1.455)
(-0.6267137172 0.5845 0.51)
(-0.6267137172 0.5845 0.699)
(-0.6267137172 0.5845 0.888)
(-0.6267137172 0.5845 1.077)
(-0.6267137172 0.5845 1.266)
(-0.6267137172 0.5845 1.455)
(-0.6749224647 0.668 0.51)
(-0.6749224647 0.668 0.699)
(-0.6749224647 0.668 0.888)
(-0.6749224647 0.668 1.077)
(-0.6749224647 0.668 1.266)
(-0.6749224647 0.668 1.455)
(-0.7231312122 0.7515 0.51)
(-0.7231312122 0.7515 0.699)
(-0.7231312122 0.7515 0.888)
(-0.7231312122 0.7515 1.077)
(-0.7231312122 0.7515 1.266)
(-0.7231312122 0.7515 1.455)
(-0.6267137172 0.7515 0.51)
(-0.6267137172 0.7515 0.699)
(-0.6267137172 0.7515 0.888)
(-0.6267137172 0.7515 1.077)
(-0.6267137172 0.7515 1.266)
(-0.6267137172 0.7515 1.455)
(-0.5785049697 -0.835 0.51)
(-0.5785049697 -0.835 0.699)
(-0.5785049697 -0.835 0.888)
(-0.5785049697 -0.835 1.077)
(-0.5785049697 -0.835 1.266)
(-0.5785049697 -0.835 1.455)
(-0.4820874748 -0.835 0.51)
(-0.4820874748 -0.835 0.699)
(-0.4820874748 -0.835 0.888)
(-0.4820874748 -0.835 1.077)
(-0.4820874748 -0.835 1.266)
(-0.4820874748 -0.835 1.455)
(-0.5302962223 -0.7515 0.51)
(-0.5302962223 -0.7515 0.699)
(-0.5302962223 -0.7515 0.888)
(-0.5302962223 -0.7515 1.077)
(-0.5302962223 -0.7515 1.266)
(-0.5302962223 -0.7515 1.455)
(-0.5785049697 -0.668 0.51)
(-0.5785049697 -0.668 0.699)
(-0.5785049697 -0.668 0.888)
(-0.5785049697 -0.668 1.077)
(-0.5785049697 -0.668 1.266)
(-0.5785049697 -0.668 1.455)
(-0.4820874748 -0.668 0.51)
(-0.4820874748 -0.668 0.699)
(-0.4820874748 -0.668 0.888)
(-0.4820874748 -0.668 1.077)
(-0.4820874748 -0.668 1.266)
(-0.4820874748 -0.668 1.455)
(-0.5302962223 -0.5845 0.51)
(-0.5302962223 -0.5845 0.699)
(-0.5302962223 -0.5845 0.888)
(-0.5302962223 -0.5845 1.077)
(-0.5302962223 -0.5845 1.266)
(-0.5302962223 -0.5845 1.455)
(-0.5785049697 -0.501 0.51)
(-0.5785049697 -0.501 0.699)
(-0.5785049697 -0.501 0.888)
(-0.5785049697 -0.501 1.077)
(-0.5785049697 -0.501 1.266)
(-0.5785049697 -0.501 1.455)
(-0.4820874748 -0.501 0.51)
(-0.4820874748 -0.501 0.699)
(-0.4820874748 -0.501 0.888)
(-0.4820874748 -0.501 1.077)
(-0.4820874748 -0.501 1.266)
(-0.4820874748 -0.501 1.455)
(-0.5302962223 -0.4175 0.51)
(-0.5302962223 -0.4175 0.699)
(-0.5302962223 -0.4175 0.888)
(-0.5302962223 -0.4175 1.077)
(-0.5302962223 -0.4175 1.266)
(-0.5302962223 -0.4175 1.455)
(-0.5785049697 -0.334 0.51)
(-0.5785049697 -0.334 0.699)
(-0.5785049697 -0.334 0.888)
(-0.5785049697 -0.334 1.077)
(-0.5785049697 -0.334 1.266)
(-0.5785049697 -0.334 1.455)
(-0.4820874748 -0.334 0.51)
(-0.4820874748 -0.334 0.699)
(-0.4820874748 -0.334 0.888)
(-0.4820874748 -0.334 1.077)
(-0.4820874748 -0.334 1.266)
(-0.4820874748 -0.334 1.455)
(-0.5302962223 -0.2505 0.51)
(-0.5302962223 -0.2505 0.699)
(-0.5302962223 -0.2505 0.888)
(-0.5302962223 -0.2505 1.077)
(-0.5302962223 -0.2505 1.266)
(-0.5302962223 -0.2505 1.455)
(-0.5785049697 -0.167 0.51)
(-0.5785049697 -0.167 0.699)
(-0.5785049697 -0.167 0.888)
(-0.5785049697 -0.167 1.077)
(-0.5785049697 -0.167 1.266)
(-0.5785049697 -0.167 1.455)
(-0.4820874748 -0.167 0.51)
(-0.4820874748 -0.167 0.699)
(-0.4820874748 -0.167 0.888)
(-0.4820874748 -0.167 1.077)
(-0.4820874748 -0.167 1.266)
(-0.4820874748 -0.167 1.455)
(-0.5302962223 -0.0835 0.51)
(-0.5302962223 -0.0835 0.699)
(-0.5302962223 -0.0835 0.888)
(-0.5302962223 -0.0835 1.077)
(-0.5302962223 -0.0835 1.266)
(-0.5302962223 -0.0835 1.455)
(-0.5785049697 0 0.51)
(-0.5785049697 0 0.699)
(-0.5785049697 0 0.888)
(-0.5785049697 0 1.077)
(-0.5785049697 0 1.266)
(-0.5785049697 0 1.455)
(-0.4820874748 0 0.51)
(-0.4820874748 0 0.699)
(-0.4820874748 0 0.888)
(-0.4820874748 0 1.077)
(-0.4820874748 0 1.266)
(-0.4820874748 0 1.455)
(-0.5302962223 0.0835 0.51)
(-0.5302962223 0.0835 0.699)
(-0.5302962223 0.0835 0.888)
(-0.5302962223 0.0835 1.077)
(-0.5302962223 0.0835 1.266)
(-0.5302962223 0.0835 1.455)
(-0.5785049697 0.167 0.51)
(-0.5785049697 0.167 0.699)
(-0.5785049697 0.167 0.888)
(-0.5785049697 0.167 1.077)
(-0.5785049697 0.167 1.266)
(-0.5785049697 0.167 1.455)
(-0.4820874748 0.167 0.51)
(-0.4820874748 0.167 0.699)
(-0.4820874748 0.167 0.888)
(-0.4820874748 0.167 1.077)
(-0.4820874748 0.167 1.266)
(-0.4820874748 0.167 1.455)
(-0.5302962223 0.2505 0.51)
(-0.5302962223 0.2505 0.699)
(-0.5302962223 0.2505 0.888)
(-0.5302962223 0.2505 1.077)
(-0.5302962223 0.2505 1.266)
(-0.5302962223 0.2505 1.455)
(-0.5785049697 0.334 0.51)
(-0.5785049697 0.334 0.699)
(-0.5785049697 0.334 0.888)
(-0.5785049697 0.334 1.077)
(-0.5785049697 0.334 1.266)
(-0.5785049697 0.334 1.455)
(-0.4820874748 0.334 0.51)
(-0.4820874748 0.334 0.699)
(-0.4820874748 0.334 0.888)
(-0.4820874748 0.334 1.077)
(-0.4820874748 0.334 1.266)
(-0.4820874748 0.334 1.455)
(-0.5302962223 0.4175 0.51)
(-0.5302962223 0.4175 0.699)
(-0.5302962223 0.4175 0.888)
(-0.5302962223 0.4175 1.077)
(-0.5302962223 0.4175 1.266)
(-0.5302962223 0.4175 1.455)
(-0.5785049697 0.501 0.51)
(-0.5785049697 0.501 0.699)
(-0.5785049697 0.501 0.888)
(-0.5785049697 0.501 1.077)
(-0.5785049697 0.501 1.266)
(-0.5785049697 0.501 1.455)
(-0.4820874748 0.501 0.51)
(-0.4820874748 0.501 0.699)
(-0.4820874748 0.501 0.888)
(-0.4820874748 0.501 1.077)
(-0.4820874748 0.501 1.266)
(-0.4820874748 0.501 1.455)
(-0.5302962223 0.5845 0.51)
(-0.5302962223 0.5845 0.699)
(-0.5302962223 0.5845 0.888)
(-0.5302962223 0.5845 1.077)
(-0.5302962223 0.5845 1.266)
(-0.5302962223 0.5845 1.455)
(-0.5785049697 0.668 0.51)
(-0.5785049697 0.668 0.699)
(-0.5785049697 0.668 0.888)
(-0.5785049697 0.668 1.077)
(-0.5785049697 0.668 1.266)
(-0.5785049697 0.668 1.455)
(-0.4820874748 0.668 0.51)
(-0.4820874748 0.668 0.699)
(-0.4820874748 0.668 0.888)
(-0.4820874748 0.668 1.077)
(-0.4820874748 0.668 1.266)
(-0.4820874748 0.668 1.455)
(-0.5302962223 0.7515 0.51)
(-0.5302962223 0.7515 0.699)
(-0.5302962223 0.7515 0.888)
(-0.5302962223 0.7515 1.077)
(-0.5302962223 0.7515 1.266)
(-0.5302962223 0.7515 1.455)
(-0.5785049697 0.835 0.51)
(-0.5785049697 0.835 0.699)
(-0.5785049697 0.835 0.888)
(-0.5785049697 0.835 1.077)
(-0.5785049697 0.835 1.266)
(-0.5785049697 0.835 1.455)
(-0.4820874748 0.835 0.51)
(-0.4820874748 0.835 0.699)
(-0.4820874748 0.835 0.888)
(-0.4820874748 0.835 1.077)
(-0.4820874748 0.835 1.266)
(-0.4820874748 0.835 1.455)
(-0.4338787273 -0.9185 0.51)
(-0.4338787273 -0.9185 0.699)
(-0.4338787273 -0.9185 0.888)
(-0.4338787273 -0.9185 1.077)
(-0.4338787273 -0.9185 1.266)
(-0.4338787273 -0.9185 1.455)
(-0.3374612323 -0.9185 0.51)
(-0.3374612323 -0.9185 0.699)
(-0.3374612323 -0.9185 0.888)
(-0.3374612323 -0.9185 1.077)
(-0.3374612323 -0.9185 1.266)
(-0.3374612323 -0.9185 1.455)
(-0.3856699798 -0.835 0.51)
(-0.3856699798 -0.835 0.699)
(-0.3856699798 -0.835 0.888)
(-0.3856699798 -0.835 1.077)
(-0.3856699798 -0.835 1.266)
(-0.3856699798 -0.835 1.455)
(-0.4338787273 -0.7515 0.51)
(-0.4338787273 -0.7515 0.699)
(-0.4338787273 -0.7515 0.888)
(-0.4338787273 -0.7515 1.077)
(-0.4338787273 -0.7515 1.266)
(-0.4338787273 -0.7515 1.455)
(-0.3374612323 -0.7515 0.51)
(-0.3374612323 -0.7515 0.699)
(-0.3374612323 -0.7515 0.888)
(-0.3374612323 -0.7515 1.077)
(-0.3374612323 -0.7515 1.266)
(-0.3374612323 -0.7515 1.455)
(-0.3856699798 -0.668 0.51)
(-0.3856699798 -0.668 0.699)
(-0.3856699798 -0.668 0.888)
(-0.3856699798 -0.668 1.077)
(-0.3856699798 -0.668 1.266)
(-0.3856699798 -0.668 1.455)
(-0.4338787273 -0.5845 0.51)
(-0.4338787273 -0.5845 0.699)
(-0.4338787273 -0.5845 0.888)
(-0.4338787273 -0.5845 1.077)
(-0.4338787273 -0.5845 1.266)
(-0.4338787273 -0.5845 1.455)
(-0.3374612323 -0.5845 0.51)
(-0.3374612323 -0.5845 0.699)
(-0.3374612323 -0.5845 0.888)
(-0.3374612323 -0.5845 1.077)
(-0.3374612323 -0.5845 1.266)
(-0.3374612323 -0.5845 1.455)
(-0.3856699798 -0.501 0.51)
(-0.3856699798 -0.501 0.699)
(-0.3856699798 -0.501 0.888)
(-0.3856699798 -0.501 1.077)
(-0.3856699798 -0.501 1.266)
(-0.3856699798 -0.501 1.455)
(-0.4338787273 -0.4175 0.51)
(-0.4338787273 -0.4175 0.699)
(-0.4338787273 -0.4175 0.888)
(-0.4338787273 -0.4175 1.077)
(-0.4338787273 -0.4175 1.266)
(-0.4338787273 -0.4175 1.455)
(-0.3374612323 -0.4175 0.51)
(-0.3374612323 -0.4175 0.699)
(-0.3374612323 -0.4175 0.888)
(-0.3374612323 -0.4175 1.077)
(-0.3374612323 -0.4175 1.266)
(-0.3374612323 -0.4175 1.455)
(-0.3856699798 -0.334 0.51)
(-0.3856699798 -0.334 0.699)
(-0.3856699798 -0.334 0.888)
(-0.3856699798 -0.334 1.077)
(-0.3856699798 -0.334 1.266)
(-0.3856699798 -0.334 1.455)
(-0.4338787273 -0.2505 0.51)
(-0.4338787273 -0.2505 0.699)
(-0.4338787273 -0.2505 0.888)
(-0.4338787273 -0.2505 1.077)
(-0.4338787273 -0.2505 1.266)
(-0.4338787273 -0.2505 1.455)
(-0.3374612323 -0.2505 0.51)
(-0.3374612323 -0.2505 0.699)
(-0.3374612323 -0.2505 0.888)
(-0.3374612323 -0.2505 1.077)
(-0.3374612323 -0.2505 1.266)
(-0.3374612323 -0.2505 1.455)
(-0.3856699798 -0.167 0.51)
(-0.3856699798 -0.167 0.699)
(-0.3856699798 -0.167 0.888)
(-0.3856699798 -0.167 1.077)
(-0.3856699798 -0.167 1.266)
(-0.3856699798 -0.167 1.455)
(-0.4338787273 -0.0835 0.51)
(-0.4338787273 -0.0835 0.699)
(-0.4338787273 -0.0835 0.888)
(-0.4338787273 -0.0835 1.077)
(-0.4338787273 -0.0835 1.266)
(-0.4338787273 -0.0835 1.455)
(-0.3374612323 -0.0835 0.51)
(-0.3374612323 -0.0835 0.699)
(-0.3374612323 -0.0835 0.888)
(-0.3374612323 -0.0835 1.077)
(-0.3374612323 -0.0835 1.266)
(-0.3374612323 -0.0835 1.455)
(-0.3856699798 1.387778781e-17 0.51)
(-0.3856699798 1.387778781e-17 0.699)
(-0.3856699798 1.387778781e-17 0.888)
(-0.3856699798 1.387778781e-17 1.077)
(-0.3856699798 1.387778781e-17 1.266)
(-0.3856699798 1.387778781e-17 1.455)
(-0.4338787273 0.0835 0.51)
(-0.4338787273 0.0835 0.699)
(-0.4338787273 0.0835 0.888)
(-0.4338787273 0.0835 1.077)
(-0.4338787273 0.0835 1.266)
(-0.4338787273 0.0835 1.455)
(-0.3374612323 0.0835 0.51)
(-0.3374612323 0.0835 0.699)
(-0.3374612323 0.0835 0.888)
(-0.3374612323 0.0835 1.077)
(-0.3374612323 0.0835 1.266)
(-0.3374612323 0.0835 1.455)
(-0.3856699798 0.167 0.51)
(-0.3856699798 0.167 0.699)
(-0.3856699798 0.167 0.888)
(-0.3856699798 0.167 1.077)
(-0.3856699798 0.167 1.266)
(-0.3856699798 0.167 1.455)
(-0.4338787273 0.2505 0.51)
(-0.4338787273 0.2505 0.699)
(-0.4338787273 0.2505 0.888)
(-0.4338787273 0.2505 1.077)
(-0.4338787273 0.2505 1.266)
(-0.4338787273 0.2505 1.455)
(-0.3374612323 0.2505 0.51)
(-0.3374612323 0.2505 0.699)
(-0.3374612323 0.2505 0.888)
(-0.3374612323 0.2505 1.077)
(-0.3374612323 0.2505 1.266)
(-0.3374612323 0.2505 1.455)
(-0.3856699798 0.334 0.51)
(-0.3856699798 0.334 0.699)
(-0.3856699798 0.334 0.888)
(-0.3856699798 0.334 1.077)
(-0.3856699798 0.334 1.266)
(-0.3856699798 0.334 1.455)
(-0.4338787273 0.4175 0.51)
(-0.4338787273 0.4175 0.699)
(-0.4338787273 0.4175 0.888)
(-0.4338787273 0.4175 1.077)
(-0.4338787273 0.4175 1.266)
(-0.4338787273 0.4175 1.455)
(-0.3374612323 0.4175 0.51)
(-0.3374612323 0.4175 0.699)
(-0.3374612323 0.4175 0.888)
(-0.3374612323 0.4175 1.077)
(-0.3374612323 0.4175 1.266)
(-0.3374612323 0.4175 1.455)
(-0.3856699798 0.501 0.51)
(-0.3856699798 0.501 0.699)
(-0.3856699798 0.501 0.888)
(-0.3856699798 0.501 1.077)
(-0.3856699798 0.501 1.266)
(-0.3856699798 0.501 1.455)
(-0.4338787273 0.5845 0.51)
(-0.4338787273 0.5845 0.699)
(-0.4338787273 0.5845 0.888)
(-0.4338787273 0.5845 1.077)
(-0.4338787273 0.5845 1.266)
(-0.4338787273 0.5845 1.455)
(-0.3374612323 0.5845 0.51)
(-0.3374612323 0.5845 0.699)
(-0.3374612323 0.5845 0.888)
(-0.3374612323 0.5845 1.077)
(-0.3374612323 0.5845 1.266)
(-0.3374612323 0.5845 1.455)
(-0.3856699798 0.668 0.51)
(-0.3856699798 0.668 0.699)
(-0.3856699798 0.668 0.888)
(-0.3856699798 0.668 1.077)
(-0.3856699798 0.668 1.266)
(-0.3856699798 0.668 1.455)
(-0.4338787273 0.7515 0.51)
(-0.4338787273 0.7515 0.699)
(-0.4338787273 0.7515 0.888)
(-0.4338787273 0.7515 1.077)
(-0.4338787273 0.7515 1.266)
(-0.4338787273 0.7515 1.455)
(-0.3374612323 0.7515 0.51)
(-0.3374612323 0.7515 0.699)
(-0.3374612323 0.7515 0.888)
(-0.3374612323 0.7515 1.077)
(-0.3374612323 0.7515 1.266)
(-0.3374612323 0.7515 1.455)
(-0.3856699798 0.835 0.51)
(-0.3856699798 0.835 0.699)
(-0.3856699798 0.835 0.888)
(-0.3856699798 0.835 1.077)
(-0.3856699798 0.835 1.266)
(-0.3856699798 0.835 1.455)
(-0.4338787273 0.9185 0.51)
(-0.4338787273 0.9185 0.699)
(-0.4338787273 0.9185 0.888)
(-0.4338787273 0.9185 1.077)
(-0.4338787273 0.9185 1.266)
(-0.4338787273 0.9185 1.455)
(-0.3374612323 0.9185 0.51)
(-0.3374612323 0.9185 0.699)
(-0.3374612323 0.9185 0.888)
(-0.3374612323 0.9185 1.077)
(-0.3374612323 0.9185 1.266)
(-0.3374612323 0.9185 1.455)
(-0.2892524849 -1.002 0.51)
(-0.2892524849 -1.002 0.699)
(-0.2892524849 -1.002 0.888)
(-0.2892524849 -1.002 1.077)
(-0.2892524849 -1.002 1.266)
(-0.2892524849 -1.002 1.455)
(-0.2410437374 -0.9185 0.51)
(-0.2410437374 -0.9185 0.699)
(-0.2410437374 -0.9185 0.888)
(-0.2410437374 -0.9185 1.077)
(-0.2410437374 -0.9185 1.266)
(-0.2410437374 -0.9185 1.455)
(-0.2892524849 -0.835 0.51)
(-0.2892524849 -0.835 0.699)
(-0.2892524849 -0.835 0.888)
(-0.2892524849 -0.835 1.077)
(-0.2892524849 -0.835 1.266)
(-0.2892524849 -0.835 1.455)
(-0.1928349899 -0.835 0.51)
(-0.1928349899 -0.835 0.699)
(-0.1928349899 -0.835 0.888)
(-0.1928349899 -0.835 1.077)
(-0.1928349899 -0.835 1.266)
(-0.1928349899 -0.835 1.455)
(-0.2410437374 -0.7515 0.51)
(-0.2410437374 -0.7515 0.699)
(-0.2410437374 -0.7515 0.888)
(-0.2410437374 -0.7515 1.077)
(-0.2410437374 -0.7515 1.266)
(-0.2410437374 -0.7515 1.455)
(-0.2892524849 -0.668 0.51)
(-0.2892524849 -0.668 0.699)
(-0.2892524849 -0.668 0.888)
(-0.2892524849 -0.668 1.077)
(-0.2892524849 -0.668 1.266)
(-0.2892524849 -0.668 1.455)
(-0.1928349899 -0.668 0.51)
(-0.1928349899 -0.668 0.699)
(-0.1928349899 -0.668 0.888)
(-0.1928349899 -0.668 1.077)
(-0.1928349899 -0.668 1.266)
(-0.1928349899 -0.668 1.455)
(-0.2410437374 -0.5845 0.51)
(-0.2410437374 -0.5845 0.699)
(-0.2410437374 -0.5845 0.888)
(-0.2410437374 -0.5845 1.077)
(-0.2410437374 -0.5845 1.266)
(-0.2410437374 -0.5845 1.455)
(-0.2892524849 -0.501 0.51)
(-0.2892524849 -0.501 0.699)
(-0.2892524849 -0.501 0.888)
(-0.2892524849 -0.501 1.077)
(-0.2892524849 -0.501 1.266)
(-0.2892524849 -0.501 1.455)
(-0.1928349899 -0.501 0.51)
(-0.1928349899 -0.501 0.699)
(-0.1928349899 -0.501 0.888)
(-0.1928349899 -0.501 1.077)
(-0.1928349899 -0.501 1.266)
(-0.1928349899 -0.501 1.455)
(-0.2410437374 -0.4175 0.51)
(-0.2410437374 -0.4175 0.699)
(-0.2410437374 -0.4175 0.888)
(-0.2410437374 -0.4175 1.077)
(-0.2410437374 -0.4175 1.266)
(-0.2410437374 -0.4175 1.455)
(-0.2892524849 -0.334 0.51)
(-0.2892524849 -0.334 0.699)
(-0.2892524849 -0.334 0.888)
(-0.2892524849 -0.334 1.077)
(-0.2892524849 -0.334 1.266)
(-0.2892524849 -0.334 1.455)
(-0.1928349899 -0.334 0.51)
(-0.1928349899 -0.334 0.699)
(-0.1928349899 -0.334 0.888)
(-0.1928349899 -0.334 1.077)
(-0.1928349899 -0.334 1.266)
(-0.1928349899 -0.334 1.455)
(-0.2410437374 -0.2505 0.51)
(-0.2410437374 -0.2505 0.699)
(-0.2410437374 -0.2505 0.888)
(-0.2410437374 -0.2505 1.077)
(-0.2410437374 -0.2505 1.266)
(-0.2410437374 -0.2505 1.455)
(-0.2892524849 -0.167 0.51)
(-0.2892524849 -0.167 0.699)
(-0.2892524849 -0.167 0.888)
(-0.2892524849 -0.167 1.077)
(-0.2892524849 -0.167 1.266)
(-0.2892524849 -0.167 1.455)
(-0.2892524849 0 0.51)
(-0.2892524849 0 0.699)
(-0.2892524849 0 0.888)
(-0.2892524849 0 1.077)
(-0.2892524849 0 1.266)
(-0.2892524849 0 1.455)
(-0.2892524849 0.167 0.51)
(-0.2892524849 0.167 0.699)
(-0.2892524849 0.167 0.888)
(-0.2892524849 0.167 1.077)
(-0.2892524849 0.167 1.266)
(-0.2892524849 0.167 1.455)
(-0.2410437374 0.2505 0.51)
(-0.2410437374 0.2505 0.699)
(-0.2410437374 0.2505 0.888)
(-0.2410437374 0.2505 1.077)
(-0.2410437374 0.2505 1.266)
(-0.2410437374 0.2505 1.455)
(-0.2892524849 0.334 0.51)
(-0.2892524849 0.334 0.699)
(-0.2892524849 0.334 0.888)
(-0.2892524849 0.334 1.077)
(-0.2892524849 0.334 1.266)
(-0.2892524849 0.334 1.455)
(-0.1928349899 0.334 0.51)
(-0.1928349899 0.334 0.699)
(-0.1928349899 0.334 0.888)
(-0.1928349899 0.334 1.077)
(-0.1928349899 0.334 1.266)
(-0.1928349899 0.334 1.455)
(-0.2410437374 0.4175 0.51)
(-0.2410437374 0.4175 0.699)
(-0.2410437374 0.4175 0.888)
(-0.2410437374 0.4175 1.077)
(-0.2410437374 0.4175 1.266)
(-0.2410437374 0.4175 1.455)
(-0.2892524849 0.501 0.51)
(-0.2892524849 0.501 0.699)
(-0.2892524849 0.501 0.888)
(-0.2892524849 0.501 1.077)
(-0.2892524849 0.501 1.266)
(-0.2892524849 0.501 1.455)
(-0.1928349899 0.501 0.51)
(-0.1928349899 0.501 0.699)
(-0.1928349899 0.501 0.888)
(-0.1928349899 0.501 1.077)
(-0.1928349899 0.501 1.266)
(-0.1928349899 0.501 1.455)
(-0.2410437374 0.5845 0.51)
(-0.2410437374 0.5845 0.699)
(-0.2410437374 0.5845 0.888)
(-0.2410437374 0.5845 1.077)
(-0.2410437374 0.5845 1.266)
(-0.2410437374 0.5845 1.455)
(-0.2892524849 0.668 0.51)
(-0.2892524849 0.668 0.699)
(-0.2892524849 0.668 0.888)
(-0.2892524849 0.668 1.077)
(-0.2892524849 0.668 1.266)
(-0.2892524849 0.668 1.455)
(-0.1928349899 0.668 0.51)
(-0.1928349899 0.668 0.699)
(-0.1928349899 0.668 0.888)
(-0.1928349899 0.668 1.077)
(-0.1928349899 0.668 1.266)
(-0.1928349899 0.668 1.455)
(-0.2410437374 0.7515 0.51)
(-0.2410437374 0.7515 0.699)
(-0.2410437374 0.7515 0.888)
(-0.2410437374 0.7515 1.077)
(-0.2410437374 0.7515 1.266)
(-0.2410437374 0.7515 1.455)
(-0.2892524849 0.835 0.51)
(-0.2892524849 0.835 0.699)
(-0.2892524849 0.835 0.888)
(-0.2892524849 0.835 1.077)
(-0.2892524849 0.835 1.266)
(-0.2892524849 0.835 1.455)
(-0.1928349899 0.835 0.51)
(-0.1928349899 0.835 0.699)
(-0.1928349899 0.835 0.888)
(-0.1928349899 0.835 1.077)
(-0.1928349899 0.835 1.266)
(-0.1928349899 0.835 1.455)
(-0.2410437374 0.9185 0.51)
(-0.2410437374 0.9185 0.699)
(-0.2410437374 0.9185 0.888)
(-0.2410437374 0.9185 1.077)
(-0.2410437374 0.9185 1.266)
(-0.2410437374 0.9185 1.455)
(-0.2892524849 1.002 0.51)
(-0.2892524849 1.002 0.699)
(-0.2892524849 1.002 0.888)
(-0.2892524849 1.002 1.077)
(-0.2892524849 1.002 1.266)
(-0.2892524849 1.002 1.455)
(-0.1446262424 -0.9185 0.51)
(-0.1446262424 -0.9185 0.699)
(-0.1446262424 -0.9185 0.888)
(-0.1446262424 -0.9185 1.077)
(-0.1446262424 -0.9185 1.266)
(-0.1446262424 -0.9185 1.455)
(-0.04820874748 -0.9185 0.51)
(-0.04820874748 -0.9185 0.699)
(-0.04820874748 -0.9185 0.888)
(-0.04820874748 -0.9185 1.077)
(-0.04820874748 -0.9185 1.266)
(-0.04820874748 -0.9185 1.455)
(-0.09641749495 -0.835 0.51)
(-0.09641749495 -0.835 0.699)
(-0.09641749495 -0.835 0.888)
(-0.09641749495 -0.835 1.077)
(-0.09641749495 -0.835 1.266)
(-0.09641749495 -0.835 1.455)
(-0.1446262424 -0.7515 0.51)
(-0.1446262424 -0.7515 0.699)
(-0.1446262424 -0.7515 0.888)
(-0.1446262424 -0.7515 1.077)
(-0.1446262424 -0.7515 1.266)
(-0.1446262424 -0.7515 1.455)
(-0.04820874748 -0.7515 0.51)
(-0.04820874748 -0.7515 0.699)
(-0.04820874748 -0.7515 0.888)
(-0.04820874748 -0.7515 1.077)
(-0.04820874748 -0.7515 1.266)
(-0.04820874748 -0.7515 1.455)
(-0.09641749495 -0.668 0.51)
(-0.09641749495 -0.668 0.699)
(-0.09641749495 -0.668 0.888)
(-0.09641749495 -0.668 1.077)
(-0.09641749495 -0.668 1.266)
(-0.09641749495 -0.668 1.455)
(-0.1446262424 -0.5845 0.51)
(-0.1446262424 -0.5845 0.699)
(-0.1446262424 -0.5845 0.888)
(-0.1446262424 -0.5845 1.077)
(-0.1446262424 -0.5845 1.266)
(-0.1446262424 -0.5845 1.455)
(-0.04820874748 -0.5845 0.51)
(-0.04820874748 -0.5845 0.699)
(-0.04820874748 -0.5845 0.888)
(-0.04820874748 -0.5845 1.077)
(-0.04820874748 -0.5845 1.266)
(-0.04820874748 -0.5845 1.455)
(-0.09641749495 -0.501 0.51)
(-0.09641749495 -0.501 0.699)
(-0.09641749495 -0.501 0.888)
(-0.09641749495 -0.501 1.077)
(-0.09641749495 -0.501 1.266)
(-0.09641749495 -0.501 1.455)
(-0.1446262424 -0.4175 0.51)
(-0.1446262424 -0.4175 0.699)
(-0.1446262424 -0.4175 0.888)
(-0.1446262424 -0.4175 1.077)
(-0.1446262424 -0.4175 1.266)
(-0.1446262424 -0.4175 1.455)
(-0.04820874748 -0.4175 0.51)
(-0.04820874748 -0.4175 0.699)
(-0.04820874748 -0.4175 0.888)
(-0.04820874748 -0.4175 1.077)
(-0.04820874748 -0.4175 1.266)
(-0.04820874748 -0.4175 1.455)
(-0.09641749495 -0.334 0.51)
(-0.09641749495 -0.334 0.699)
(-0.09641749495 -0.334 0.888)
(-0.09641749495 -0.334 1.077)
(-0.09641749495 -0.334 1.266)
(-0.09641749495 -0.334 1.455)
(-0.1446262424 -0.2505 0.51)
(-0.1446262424 -0.2505 0.699)
(-0.1446262424 -0.2505 0.888)
(-0.1446262424 -0.2505 1.077)
(-0.1446262424 -0.2505 1.266)
(-0.1446262424 -0.2505 1.455)
(-0.1446262424 0.2505 0.51)
(-0.1446262424 0.2505 0.699)
(-0.1446262424 0.2505 0.888)
(-0.1446262424 0.2505 1.077)
(-0.1446262424 0.2505 1.266)
(-0.1446262424 0.2505 1.455)
(-0.09641749495 0.334 0.51)
(-0.09641749495 0.334 0.699)
(-0.09641749495 0.334 0.888)
(-0.09641749495 0.334 1.077)
(-0.09641749495 0.334 1.266)
(-0.09641749495 0.334 1.455)
(-0.1446262424 0.4175 0.51)
(-0.1446262424 0.4175 0.699)
(-0.1446262424 0.4175 0.888)
(-0.1446262424 0.4175 1.077)
(-0.1446262424 0.4175 1.266)
(-0.1446262424 0.4175 1.455)
(-0.04820874748 0.4175 0.51)
(-0.04820874748 0.4175 0.699)
(-0.04820874748 0.4175 0.888)
(-0.04820874748 0.4175 1.077)
(-0.04820874748 0.4175 1.266)
(-0.04820874748 0.4175 1.455)
(-0.09641749495 0.501 0.51)
(-0.09641749495 0.501 0.699)
(-0.09641749495 0.501 0.888)
(-0.09641749495 0.501 1.077)
(-0.09641749495 0.501 1.266)
(-0.09641749495 0.501 1.455)
(-0.1446262424 0.5845 0.51)
(-0.1446262424 0.5845 0.699)
(-0.1446262424 0.5845 0.888)
(-0.1446262424 0.5845 1.077)
(-0.1446262424 0.5845 1.266)
(-0.1446262424 0.5845 1.455)
(-0.04820874748 0.5845 0.51)
(-0.04820874748 0.5845 0.699)
(-0.04820874748 0.5845 0.888)
(-0.04820874748 0.5845 1.077)
(-0.04820874748 0.5845 1.266)
(-0.04820874748 0.5845 1.455)
(-0.09641749495 0.668 0.51)
(-0.09641749495 0.668 0.699)
(-0.09641749495 0.668 0.888)
(-0.09641749495 0.668 1.077)
(-0.09641749495 0.668 1.266)
(-0.09641749495 0.668 1.455)
(-0.1446262424 0.7515 0.51)
(-0.1446262424 0.7515 0.699)
(-0.1446262424 0.7515 0.888)
(-0.1446262424 0.7515 1.077)
(-0.1446262424 0.7515 1.266)
(-0.1446262424 0.7515 1.455)
(-0.04820874748 0.7515 0.51)
(-0.04820874748 0.7515 0.699)
(-0.04820874748 0.7515 0.888)
(-0.04820874748 0.7515 1.077)
(-0.04820874748 0.7515 1.266)
(-0.04820874748 0.7515 1.455)
(-0.09641749495 0.835 0.51)
(-0.09641749495 0.835 0.699)
(-0.09641749495 0.835 0.888)
(-0.09641749495 0.835 1.077)
(-0.09641749495 0.835 1.266)
(-0.09641749495 0.835 1.455)
(-0.1446262424 0.9185 0.51)
(-0.1446262424 0.9185 0.699)
(-0.1446262424 0.9185 0.888)
(-0.1446262424 0.9185 1.077)
(-0.1446262424 0.9185 1.266)
(-0.1446262424 0.9185 1.455)
(-0.04820874748 0.9185 0.51)
(-0.04820874748 0.9185 0.699)
(-0.04820874748 0.9185 0.888)
(-0.04820874748 0.9185 1.077)
(-0.04820874748 0.9185 1.266)
(-0.04820874748 0.9185 1.455)
(0 -1.002 0.51)
(0 -1.002 0.699)
(0 -1.002 0.888)
(0 -1.002 1.077)
(0 -1.002 1.266)
(0 -1.002 1.455)
(0.04820874748 -0.9185 0.51)
(0.04820874748 -0.9185 0.699)
(0.04820874748 -0.9185 0.888)
(0.04820874748 -0.9185 1.077)
(0.04820874748 -0.9185 1.266)
(0.04820874748 -0.9185 1.455)
(0 -0.835 0.51)
(0 -0.835 0.699)
(0 -0.835 0.888)
(0 -0.835 1.077)
(0 -0.835 1.266)
(0 -0.835 1.455)
(0.09641749495 -0.835 0.51)
(0.09641749495 -0.835 0.699)
(0.09641749495 -0.835 0.888)
(0.09641749495 -0.835 1.077)
(0.09641749495 -0.835 1.266)
(0.09641749495 -0.835 1.455)
(0.04820874748 -0.7515 0.51)
(0.04820874748 -0.7515 0.699)
(0.04820874748 -0.7515 0.888)
(0.04820874748 -0.7515 1.077)
(0.04820874748 -0.7515 1.266)
(0.04820874748 -0.7515 1.455)
(0 -0.668 0.51)
(0 -0.668 0.699)
(0 -0.668 0.888)
(0 -0.668 1.077)
(0 -0.668 1.266)
(0 -0.668 1.455)
(0.09641749495 -0.668 0.51)
(0.09641749495 -0.668 0.699)
(0.09641749495 -0.668 0.888)
(0.09641749495 -0.668 1.077)
(0.09641749495 -0.668 1.266)
(0.09641749495 -0.668 1.455)
(0.04820874748 -0.5845 0.51)
(0.04820874748 -0.5845 0.699)
(0.04820874748 -0.5845 0.888)
(0.04820874748 -0.5845 1.077)
(0.04820874748 -0.5845 1.266)
(0.04820874748 -0.5845 1.455)
(0 -0.501 0.51)
(0 -0.501 0.699)
(0 -0.501 0.888)
(0 -0.501 1.077)
(0 -0.501 1.266)
(0 -0.501 1.455)
(0.09641749495 -0.501 0.51)
(0.09641749495 -0.501 0.699)
(0.09641749495 -0.501 0.888)
(0.09641749495 -0.501 1.077)
(0.09641749495 -0.501 1.266)
(0.09641749495 -0.501 1.455)
(0.04820874748 -0.4175 0.51)
(0.04820874748 -0.4175 0.699)
(0.04820874748 -0.4175 0.888)
(0.04820874748 -0.4175 1.077)
(0.04820874748 -0.4175 1.266)
(0.04820874748 -0.4175 1.455)
(0 -0.334 0.51)
(0 -0.334 0.699)
(0 -0.334 0.888)
(0 -0.334 1.077)
(0 -0.334 1.266)
(0 -0.334 1.455)
(0.09641749495 -0.334 0.51)
(0.09641749495 -0.334 0.699)
(0.09641749495 -0.334 0.888)
(0.09641749495 -0.334 1.077)
(0.09641749495 -0.334 1.266)
(0.09641749495 -0.334 1.455)
(0 0.334 0.51)
(0 0.334 0.699)
(0 0.334 0.888)
(0 0.334 1.077)
(0 0.334 1.266)
(0 0.334 1.455)
(0.09641749495 0.334 0.51)
(0.09641749495 0.334 0.699)
(0.09641749495 0.334 0.888)
(0.09641749495 0.334 1.077)
(0.09641749495 0.334 1.266)
(0.09641749495 0.334 1.455)
(0.04820874748 0.4175 0.51)
(0.04820874748 0.4175 0.699)
(0.04820874748 0.4175 0.888)
(0.04820874748 0.4175 1.077)
(0.04820874748 0.4175 1.266)
(0.04820874748 0.4175 1.455)
(0 0.501 0.51)
(0 0.501 0.699)
(0 0.501 0.888)
(0 0.501 1.077)
(0 0.501 1.266)
(0 0.501 1.455)
(0.09641749495 0.501 0.51)
(0.09641749495 0.501 0.699)
(0.09641749495 0.501 0.888)
(0.09641749495 0.501 1.077)
(0.09641749495 0.501 1.266)
(0.09641749495 0.501 1.455)
(0.04820874748 0.5845 0.51)
(0.04820874748 0.5845 0.699)
(0.04820874748 0.5845 0.888)
(0.04820874748 0.5845 1.077)
(0.04820874748 0.5845 1.266)
(0.04820874748 0.5845 1.455)
(0 0.668 0.51)
(0 0.668 0.699)
(0 0.668 0.888)
(0 0.668 1.077)
(0 0.668 1.266)
(0 0.668 1.455)
(0.09641749495 0.668 0.51)
(0.09641749495 0.668 0.699)
(0.09641749495 0.668 0.888)
(0.09641749495 0.668 1.077)
(0.09641749495 0.668 1.266)
(0.09641749495 0.668 1.455)
(0.04820874748 0.7515 0.51)
(0.04820874748 0.7515 0.699)
(0.04820874748 0.7515 0.888)
(0.04820874748 0.7515 1.077)
(0.04820874748 0.7515 1.266)
(0.04820874748 0.7515 1.455)
(0 0.835 0.51)
(0 0.835 0.699)
(0 0.835 0.888)
(0 0.835 1.077)
(0 0.835 1.266)
(0 0.835 1.455)
(0.09641749495 0.835 0.51)
(0.09641749495 0.835 0.699)
(0.09641749495 0.835 0.888)
(0.09641749495 0.835 1.077)
(0.09641749495 0.835 1.266)
(0.09641749495 0.835 1.455)
(0.04820874748 0.9185 0.51)
(0.04820874748 0.9185 0.699)
(0.04820874748 0.9185 0.888)
(0.04820874748 0.9185 1.077)
(0.04820874748 0.9185 1.266)
(0.04820874748 0.9185 1.455)
(0 1.002 0.51)
(0 1.002 0.699)
(0 1.002 0.888)
(0 1.002 1.077)
(0 1.002 1.266)
(0 1.002 1.455)
(0.1446262424 -0.9185 0.51)
(0.1446262424 -0.9185 0.699)
(0.1446262424 -0.9185 0.888)
(0.1446262424 -0.9185 1.077)
(0.1446262424 -0.9185 1.266)
(0.1446262424 -0.9185 1.455)
(0.2410437374 -0.9185 0.51)
(0.2410437374 -0.9185 0.699)
(0.2410437374 -0.9185 0.888)
(0.2410437374 -0.9185 1.077)
(0.2410437374 -0.9185 1.266)
(0.2410437374 -0.9185 1.455)
(0.1928349899 -0.835 0.51)
(0.1928349899 -0.835 0.699)
(0.1928349899 -0.835 0.888)
(0.1928349899 -0.835 1.077)
(0.1928349899 -0.835 1.266)
(0.1928349899 -0.835 1.455)
(0.1446262424 -0.7515 0.51)
(0.1446262424 -0.7515 0.699)
(0.1446262424 -0.7515 0.888)
(0.1446262424 -0.7515 1.077)
(0.1446262424 -0.7515 1.266)
(0.1446262424 -0.7515 1.455)
(0.2410437374 -0.7515 0.51)
(0.2410437374 -0.7515 0.699)
(0.2410437374 -0.7515 0.888)
(0.2410437374 -0.7515 1.077)
(0.2410437374 -0.7515 1.266)
(0.2410437374 -0.7515 1.455)
(0.1928349899 -0.668 0.51)
(0.1928349899 -0.668 0.699)
(0.1928349899 -0.668 0.888)
(0.1928349899 -0.668 1.077)
(0.1928349899 -0.668 1.266)
(0.1928349899 -0.668 1.455)
(0.1446262424 -0.5845 0.51)
(0.1446262424 -0.5845 0.699)
(0.1446262424 -0.5845 0.888)
(0.1446262424 -0.5845 1.077)
(0.1446262424 -0.5845 1.266)
(0.1446262424 -0.5845 1.455)
(0.2410437374 -0.5845 0.51)
(0.2410437374 -0.5845 0.699)
(0.2410437374 -0.5845 0.888)
(0.2410437374 -0.5845 1.077)
(0.2410437374 -0.5845 1.266)
(0.2410437374 -0.5845 1.455)
(0.1928349899 -0.501 0.51)
(0.1928349899 -0.501 0.699)
(0.1928349899 -0.501 0.888)
(0.1928349899 -0.501 1.077)
(0.1928349899 -0.501 1.266)
(0.1928349899 -0.501 1.455)
(0.1446262424 -0.4175 0.51)
(0.1446262424 -0.4175 0.699)
(0.1446262424 -0.4175 0.888)
(0.1446262424 -0.4175 1.077)
(0.1446262424 -0.4175 1.266)
(0.1446262424 -0.4175 1.455)
(0.2410437374 -0.4175 0.51)
(0.2410437374 -0.4175 0.699)
(0.2410437374 -0.4175 0.888)
(0.2410437374 -0.4175 1.077)
(0.2410437374 -0.4175 1.266)
(0.2410437374 -0.4175 1.455)
(0.1928349899 -0.334 0.51)
(0.1928349899 -0.334 0.699)
(0.1928349899 -0.334 0.888)
(0.1928349899 -0.334 1.077)
(0.1928349899 -0.334 1.266)
(0.1928349899 -0.334 1.455)
(0.1446262424 -0.2505 0.51)
(0.1446262424 -0.2505 0.699)
(0.1446262424 -0.2505 0.888)
(0.1446262424 -0.2505 1.077)
(0.1446262424 -0.2505 1.266)
(0.1446262424 -0.2505 1.455)
(0.2410437374 -0.2505 0.51)
(0.2410437374 -0.2505 0.699)
(0.2410437374 -0.2505 0.888)
(0.2410437374 -0.2505 1.077)
(0.2410437374 -0.2505 1.266)
(0.2410437374 -0.2505 1.455)
(0.1446262424 0.2505 0.51)
(0.1446262424 0.2505 0.699)
(0.1446262424 0.2505 0.888)
(0.1446262424 0.2505 1.077)
(0.1446262424 0.2505 1.266)
(0.1446262424 0.2505 1.455)
(0.2410437374 0.2505 0.51)
(0.2410437374 0.2505 0.699)
(0.2410437374 0.2505 0.888)
(0.2410437374 0.2505 1.077)
(0.2410437374 0.2505 1.266)
(0.2410437374 0.2505 1.455)
(0.1928349899 0.334 0.51)
(0.1928349899 0.334 0.699)
(0.1928349899 0.334 0.888)
(0.1928349899 0.334 1.077)
(0.1928349899 0.334 1.266)
(0.1928349899 0.334 1.455)
(0.1446262424 0.4175 0.51)
(0.1446262424 0.4175 0.699)
(0.1446262424 0.4175 0.888)
(0.1446262424 0.4175 1.077)
(0.1446262424 0.4175 1.266)
(0.1446262424 0.4175 1.455)
(0.2410437374 0.4175 0.51)
(0.2410437374 0.4175 0.699)
(0.2410437374 0.4175 0.888)
(0.2410437374 0.4175 1.077)
(0.2410437374 0.4175 1.266)
(0.2410437374 0.4175 1.455)
(0.1928349899 0.501 0.51)
(0.1928349899 0.501 0.699)
(0.1928349899 0.501 0.888)
(0.1928349899 0.501 1.077)
(0.1928349899 0.501 1.266)
(0.1928349899 0.501 1.455)
(0.1446262424 0.5845 0.51)
(0.1446262424 0.5845 0.699)
(0.1446262424 0.5845 0.888)
(0.1446262424 0.5845 1.077)
(0.1446262424 0.5845 1.266)
(0.1446262424 0.5845 1.455)
(0.2410437374 0.5845 0.51)
(0.2410437374 0.5845 0.699)
(0.2410437374 0.5845 0.888)
(0.2410437374 0.5845 1.077)
(0.2410437374 0.5845 1.266)
(0.2410437374 0.5845 1.455)
(0.1928349899 0.668 0.51)
(0.1928349899 0.668 0.699)
(0.1928349899 0.668 0.888)
(0.1928349899 0.668 1.077)
(0.1928349899 0.668 1.266)
(0.1928349899 0.668 1.455)
(0.1446262424 0.7515 0.51)
(0.1446262424 0.7515 0.699)
(0.1446262424 0.7515 0.888)
(0.1446262424 0.7515 1.077)
(0.1446262424 0.7515 1.266)
(0.1446262424 0.7515 1.455)
(0.2410437374 0.7515 0.51)
(0.2410437374 0.7515 0.699)
(0.2410437374 0.7515 0.888)
(0.2410437374 0.7515 1.077)
(0.2410437374 0.7515 1.266)
(0.2410437374 0.7515 1.455)
(0.1928349899 0.835 0.51)
(0.1928349899 0.835 0.699)
(0.1928349899 0.835 0.888)
(0.1928349899 0.835 1.077)
(0.1928349899 0.835 1.266)
(0.1928349899 0.835 1.455)
(0.1446262424 0.9185 0.51)
(0.1446262424 0.9185 0.699)
(0.1446262424 0.9185 0.888)
(0.1446262424 0.9185 1.077)
(0.1446262424 0.9185 1.266)
(0.1446262424 0.9185 1.455)
(0.2410437374 0.9185 0.51)
(0.2410437374 0.9185 0.699)
(0.2410437374 0.9185 0.888)
(0.2410437374 0.9185 1.077)
(0.2410437374 0.9185 1.266)
(0.2410437374 0.9185 1.455)
(0.2892524849 -1.002 0.51)
(0.2892524849 -1.002 0.699)
(0.2892524849 -1.002 0.888)
(0.2892524849 -1.002 1.077)
(0.2892524849 -1.002 1.266)
(0.2892524849 -1.002 1.455)
(0.3374612323 -0.9185 0.51)
(0.3374612323 -0.9185 0.699)
(0.3374612323 -0.9185 0.888)
(0.3374612323 -0.9185 1.077)
(0.3374612323 -0.9185 1.266)
(0.3374612323 -0.9185 1.455)
(0.2892524849 -0.835 0.51)
(0.2892524849 -0.835 0.699)
(0.2892524849 -0.835 0.888)
(0.2892524849 -0.835 1.077)
(0.2892524849 -0.835 1.266)
(0.2892524849 -0.835 1.455)
(0.3856699798 -0.835 0.51)
(0.3856699798 -0.835 0.699)
(0.3856699798 -0.835 0.888)
(0.3856699798 -0.835 1.077)
(0.3856699798 -0.835 1.266)
(0.3856699798 -0.835 1.455)
(0.3374612323 -0.7515 0.51)
(0.3374612323 -0.7515 0.699)
(0.3374612323 -0.7515 0.888)
(0.3374612323 -0.7515 1.077)
(0.3374612323 -0.7515 1.266)
(0.3374612323 -0.7515 1.455)
(0.2892524849 -0.668 0.51)
(0.2892524849 -0.668 0.699)
(0.2892524849 -0.668 0.888)
(0.2892524849 -0.668 1.077)
(0.2892524849 -0.668 1.266)
(0.2892524849 -0.668 1.455)
(0.3856699798 -0.668 0.51)
(0.3856699798 -0.668 0.699)
(0.3856699798 -0.668 0.888)
(0.3856699798 -0.668 1.077)
(0.3856699798 -0.668 1.266)
(0.3856699798 -0.668 1.455)
(0.3374612323 -0.5845 0.51)
(0.3374612323 -0.5845 0.699)
(0.3374612323 -0.5845 0.888)
(0.3374612323 -0.5845 1.077)
(0.3374612323 -0.5845 1.266)
(0.3374612323 -0.5845 1.455)
(0.2892524849 -0.501 0.51)
(0.2892524849 -0.501 0.699)
(0.2892524849 -0.501 0.888)
(0.2892524849 -0.501 1.077)
(0.2892524849 -0.501 1.266)
(0.2892524849 -0.501 1.455)
(0.3856699798 -0.501 0.51)
(0.3856699798 -0.501 0.699)
(0.3856699798 -0.501 0.888)
(0.3856699798 -0.501 1.077)
(0.3856699798 -0.501 1.266)
(0.3856699798 -0.501 1.455)
(0.3374612323 -0.4175 0.51)
(0.3374612323 -0.4175 0.699)
(0.3374612323 -0.4175 0.888)
(0.3374612323 -0.4175 1.077)
(0.3374612323 -0.4175 1.266)
(0.3374612323 -0.4175 1.455)
(0.2892524849 -0.334 0.51)
(0.2892524849 -0.334 0.699)
(0.2892524849 -0.334 0.888)
(0.2892524849 -0.334 1.077)
(0.2892524849 -0.334 1.266)
(0.2892524849 -0.334 1.455)
(0.3856699798 -0.334 0.51)
(0.3856699798 -0.334 0.699)
(0.3856699798 -0.334 0.888)
(0.3856699798 -0.334 1.077)
(0.3856699798 -0.334 1.266)
(0.3856699798 -0.334 1.455)
(0.3374612323 -0.2505 0.51)
(0.3374612323 -0.2505 0.699)
(0.3374612323 -0.2505 0.888)
(0.3374612323 -0.2505 1.077)
(0.3374612323 -0.2505 1.266)
(0.3374612323 -0.2505 1.455)
(0.2892524849 -0.167 0.51)
(0.2892524849 -0.167 0.699)
(0.2892524849 -0.167 0.888)
(0.2892524849 -0.167 1.077)
(0.2892524849 -0.167 1.266)
(0.2892524849 -0.167 1.455)
(0.3856699798 -0.167 0.51)
(0.3856699798 -0.167 0.699)
(0.3856699798 -0.167 0.888)
(0.3856699798 -0.167 1.077)
(0.3856699798 -0.167 1.266)
(0.3856699798 -0.167 1.455)
(0.3374612323 -0.0835 0.51)
(0.3374612323 -0.0835 0.699)
(0.3374612323 -0.0835 0.888)
(0.3374612323 -0.0835 1.077)
(0.3374612323 -0.0835 1.266)
(0.3374612323 -0.0835 1.455)
(0.2892524849 0 0.51)
(0.2892524849 0 0.699)
(0.2892524849 0 0.888)
(0.2892524849 0 1.077)
(0.2892524849 0 1.266)
(0.2892524849 0 1.455)
(0.3856699798 0 0.51)
(0.3856699798 0 0.699)
(0.3856699798 0 0.888)
(0.3856699798 0 1.077)
(0.3856699798 0 1.266)
(0.3856699798 0 1.455)
(0.3374612323 0.0835 0.51)
(0.3374612323 0.0835 0.699)
(0.3374612323 0.0835 0.888)
(0.3374612323 0.0835 1.077)
(0.3374612323 0.0835 1.266)
(0.3374612323 0.0835 1.455)
(0.2892524849 0.167 0.51)
(0.2892524849 0.167 0.699)
(0.2892524849 0.167 0.888)
(0.2892524849 0.167 1.077)
(0.2892524849 0.167 1.266)
(0.2892524849 0.167 1.455)
(0.3856699798 0.167 0.51)
(0.3856699798 0.167 0.699)
(0.3856699798 0.167 0.888)
(0.3856699798 0.167 1.077)
(0.3856699798 0.167 1.266)
(0.3856699798 0.167 1.455)
(0.3374612323 0.2505 0.51)
(0.3374612323 0.2505 0.699)
(0.3374612323 0.2505 0.888)
(0.3374612323 0.2505 1.077)
(0.3374612323 0.2505 1.266)
(0.3374612323 0.2505 1.455)
(0.2892524849 0.334 0.51)
(0.2892524849 0.334 0.699)
(0.2892524849 0.334 0.888)
(0.2892524849 0.334 1.077)
(0.2892524849 0.334 1.266)
(0.2892524849 0.334 1.455)
(0.3856699798 0.334 0.51)
(0.3856699798 0.334 0.699)
(0.3856699798 0.334 0.888)
(0.3856699798 0.334 1.077)
(0.3856699798 0.334 1.266)
(0.3856699798 0.334 1.455)
(0.3374612323 0.4175 0.51)
(0.3374612323 0.4175 0.699)
(0.3374612323 0.4175 0.888)
(0.3374612323 0.4175 1.077)
(0.3374612323 0.4175 1.266)
(0.3374612323 0.4175 1.455)
(0.2892524849 0.501 0.51)
(0.2892524849 0.501 0.699)
(0.2892524849 0.501 0.888)
(0.2892524849 0.501 1.077)
(0.2892524849 0.501 1.266)
(0.2892524849 0.501 1.455)
(0.3856699798 0.501 0.51)
(0.3856699798 0.501 0.699)
(0.3856699798 0.501 0.888)
(0.3856699798 0.501 1.077)
(0.3856699798 0.501 1.266)
(0.3856699798 0.501 1.455)
(0.3374612323 0.5845 0.51)
(0.3374612323 0.5845 0.699)
(0.3374612323 0.5845 0.888)
(0.3374612323 0.5845 1.077)
(0.3374612323 0.5845 1.266)
(0.3374612323 0.5845 1.455)
(0.2892524849 0.668 0.51)
(0.2892524849 0.668 0.699)
(0.2892524849 0.668 0.888)
(0.2892524849 0.668 1.077)
(0.2892524849 0.668 1.266)
(0.2892524849 0.668 1.455)
(0.3856699798 0.668 0.51)
(0.3856699798 0.668 0.699)
(0.3856699798 0.668 0.888)
(0.3856699798 0.668 1.077)
(0.3856699798 0.668 1.266)
(0.3856699798 0.668 1.455)
(0.3374612323 0.7515 0.51)
(0.3374612323 0.7515 0.699)
(0.3374612323 0.7515 0.888)
(0.3374612323 0.7515 1.077)
(0.3374612323 0.7515 1.266)
(0.3374612323 0.7515 1.455)
(0.2892524849 0.835 0.51)
(0.2892524849 0.835 0.699)
(0.2892524849 0.835 0.888)
(0.2892524849 0.835 1.077)
(0.2892524849 0.835 1.266)
(0.2892524849 0.835 1.455)
(0.3856699798 0.835 0.51)
(0.3856699798 0.835 0.699)
(0.3856699798 0.835 0.888)
(0.3856699798 0.835 1.077)
(0.3856699798 0.835 1.266)
(0.3856699798 0.835 1.455)
(0.3374612323 0.9185 0.51)
(0.3374612323 0.9185 0.699)
(0.3374612323 0.9185 0.888)
(0.3374612323 0.9185 1.077)
(0.3374612323 0.9185 1.266)
(0.3374612323 0.9185 1.455)
(0.2892524849 1.002 0.51)
(0.2892524849 1.002 0.699)
(0.2892524849 1.002 0.888)
(0.2892524849 1.002 1.077)
(0.2892524849 1.002 1.266)
(0.2892524849 1.002 1.455)
(0.4338787273 -0.9185 0.51)
(0.4338787273 -0.9185 0.699)
(0.4338787273 -0.9185 0.888)
(0.4338787273 -0.9185 1.077)
(0.4338787273 -0.9185 1.266)
(0.4338787273 -0.9185 1.455)
(0.4820874748 -0.835 0.51)
(0.4820874748 -0.835 0.699)
(0.4820874748 -0.835 0.888)
(0.4820874748 -0.835 1.077)
(0.4820874748 -0.835 1.266)
(0.4820874748 -0.835 1.455)
(0.4338787273 -0.7515 0.51)
(0.4338787273 -0.7515 0.699)
(0.4338787273 -0.7515 0.888)
(0.4338787273 -0.7515 1.077)
(0.4338787273 -0.7515 1.266)
(0.4338787273 -0.7515 1.455)
(0.5302962223 -0.7515 0.51)
(0.5302962223 -0.7515 0.699)
(0.5302962223 -0.7515 0.888)
(0.5302962223 -0.7515 1.077)
(0.5302962223 -0.7515 1.266)
(0.5302962223 -0.7515 1.455)
(0.4820874748 -0.668 0.51)
(0.4820874748 -0.668 0.699)
(0.4820874748 -0.668 0.888)
(0.4820874748 -0.668 1.077)
(0.4820874748 -0.668 1.266)
(0.4820874748 -0.668 1.455)
(0.4338787273 -0.5845 0.51)
(0.4338787273 -0.5845 0.699)
(0.4338787273 -0.5845 0.888)
(0.4338787273 -0.5845 1.077)
(0.4338787273 -0.5845 1.266)
(0.4338787273 -0.5845 1.455)
(0.5302962223 -0.5845 0.51)
(0.5302962223 -0.5845 0.699)
(0.5302962223 -0.5845 0.888)
(0.5302962223 -0.5845 1.077)
(0.5302962223 -0.5845 1.266)
(0.5302962223 -0.5845 1.455)
(0.4820874748 -0.501 0.51)
(0.4820874748 -0.501 0.699)
(0.4820874748 -0.501 0.888)
(0.4820874748 -0.501 1.077)
(0.4820874748 -0.501 1.266)
(0.4820874748 -0.501 1.455)
(0.4338787273 -0.4175 0.51)
(0.4338787273 -0.4175 0.699)
(0.4338787273 -0.4175 0.888)
(0.4338787273 -0.4175 1.077)
(0.4338787273 -0.4175 1.266)
(0.4338787273 -0.4175 1.455)
(0.5302962223 -0.4175 0.51)
(0.5302962223 -0.4175 0.699)
(0.5302962223 -0.4175 0.888)
(0.5302962223 -0.4175 1.077)
(0.5302962223 -0.4175 1.266)
(0.5302962223 -0.4175 1.455)
(0.4820874748 -0.334 0.51)
(0.4820874748 -0.334 0.699)
(0.4820874748 -0.334 0.888)
(0.4820874748 -0.334 1.077)
(0.4820874748 -0.334 1.266)
(0.4820874748 -0.334 1.455)
(0.4338787273 -0.2505 0.51)
(0.4338787273 -0.2505 0.699)
(0.4338787273 -0.2505 0.888)
(0.4338787273 -0.2505 1.077)
(0.4338787273 -0.2505 1.266)
(0.4338787273 -0.2505 1.455)
(0.5302962223 -0.2505 0.51)
(0.5302962223 -0.2505 0.699)
(0.5302962223 -0.2505 0.888)
(0.5302962223 -0.2505 1.077)
(0.5302962223 -0.2505 1.266)
(0.5302962223 -0.2505 1.455)
(0.4820874748 -0.167 0.51)
(0.4820874748 -0.167 0.699)
(0.4820874748 -0.167 0.888)
(0.4820874748 -0.167 1.077)
(0.4820874748 -0.167 1.266)
(0.4820874748 -0.167 1.455)
(0.4338787273 -0.0835 0.51)
(0.4338787273 -0.0835 0.699)
(0.4338787273 -0.0835 0.888)
(0.4338787273 -0.0835 1.077)
(0.4338787273 -0.0835 1.266)
(0.4338787273 -0.0835 1.455)
(0.5302962223 -0.0835 0.51)
(0.5302962223 -0.0835 0.699)
(0.5302962223 -0.0835 0.888)
(0.5302962223 -0.0835 1.077)
(0.5302962223 -0.0835 1.266)
(0.5302962223 -0.0835 1.455)
(0.4820874748 -1.387778781e-17 0.51)
(0.4820874748 -1.387778781e-17 0.699)
(0.4820874748 -1.387778781e-17 0.888)
(0.4820874748 -1.387778781e-17 1.077)
(0.4820874748 -1.387778781e-17 1.266)
(0.4820874748 -1.387778781e-17 1.455)
(0.4338787273 0.0835 0.51)
(0.4338787273 0.0835 0.699)
(0.4338787273 0.0835 0.888)
(0.4338787273 0.0835 1.077)
(0.4338787273 0.0835 1.266)
(0.4338787273 0.0835 1.455)
(0.5302962223 0.0835 0.51)
(0.5302962223 0.0835 0.699)
(0.5302962223 0.0835 0.888)
(0.5302962223 0.0835 1.077)
(0.5302962223 0.0835 1.266)
(0.5302962223 0.0835 1.455)
(0.4820874748 0.167 0.51)
(0.4820874748 0.167 0.699)
(0.4820874748 0.167 0.888)
(0.4820874748 0.167 1.077)
(0.4820874748 0.167 1.266)
(0.4820874748 0.167 1.455)
(0.4338787273 0.2505 0.51)
(0.4338787273 0.2505 0.699)
(0.4338787273 0.2505 0.888)
(0.4338787273 0.2505 1.077)
(0.4338787273 0.2505 1.266)
(0.4338787273 0.2505 1.455)
(0.5302962223 0.2505 0.51)
(0.5302962223 0.2505 0.699)
(0.5302962223 0.2505 0.888)
(0.5302962223 0.2505 1.077)
(0.5302962223 0.2505 1.266)
(0.5302962223 0.2505 1.455)
(0.4820874748 0.334 0.51)
(0.4820874748 0.334 0.699)
(0.4820874748 0.334 0.888)
(0.4820874748 0.334 1.077)
(0.4820874748 0.334 1.266)
(0.4820874748 0.334 1.455)
(0.4338787273 0.4175 0.51)
(0.4338787273 0.4175 0.699)
(0.4338787273 0.4175 0.888)
(0.4338787273 0.4175 1.077)
(0.4338787273 0.4175 1.266)
(0.4338787273 0.4175 1.455)
(0.5302962223 0.4175 0.51)
(0.5302962223 0.4175 0.699)
(0.5302962223 0.4175 0.888)
(0.5302962223 0.4175 1.077)
(0.5302962223 0.4175 1.266)
(0.5302962223 0.4175 1.455)
(0.4820874748 0.501 0.51)
(0.4820874748 0.501 0.699)
(0.4820874748 0.501 0.888)
(0.4820874748 0.501 1.077)
(0.4820874748 0.501 1.266)
(0.4820874748 0.501 1.455)
(0.4338787273 0.5845 0.51)
(0.4338787273 0.5845 0.699)
(0.4338787273 0.5845 0.888)
(0.4338787273 0.5845 1.077)
(0.4338787273 0.5845 1.266)
(0.4338787273 0.5845 1.455)
(0.5302962223 0.5845 0.51)
(0.5302962223 0.5845 0.699)
(0.5302962223 0.5845 0.888)
(0.5302962223 0.5845 1.077)
(0.5302962223 0.5845 1.266)
(0.5302962223 0.5845 1.455)
(0.4820874748 0.668 0.51)
(0.4820874748 0.668 0.699)
(0.4820874748 0.668 0.888)
(0.4820874748 0.668 1.077)
(0.4820874748 0.668 1.266)
(0.4820874748 0.668 1.455)
(0.4338787273 0.7515 0.51)
(0.4338787273 0.7515 0.699)
(0.4338787273 0.7515 0.888)
(0.4338787273 0.7515 1.077)
(0.4338787273 0.7515 1.266)
(0.4338787273 0.7515 1.455)
(0.5302962223 0.7515 0.51)
(0.5302962223 0.7515 0.699)
(0.5302962223 0.7515 0.888)
(0.5302962223 0.7515 1.077)
(0.5302962223 0.7515 1.266)
(0.5302962223 0.7515 1.455)
(0.4820874748 0.835 0.51)
(0.4820874748 0.835 0.699)
(0.4820874748 0.835 0.888)
(0.4820874748 0.835 1.077)
(0.4820874748 0.835 1.266)
(0.4820874748 0.835 1.455)
(0.4338787273 0.9185 0.51)
(0.4338787273 0.9185 0.699)
(0.4338787273 0.9185 0.888)
(0.4338787273 0.9185 1.077)
(0.4338787273 0.9185 1.266)
(0.4338787273 0.9185 1.455)
(0.5785049697 -0.835 0.51)
(0.5785049697 -0.835 0.699)
(0.5785049697 -0.835 0.888)
(0.5785049697 -0.835 1.077)
(0.5785049697 -0.835 1.266)
(0.5785049697 -0.835 1.455)
(0.6267137172 -0.7515 0.51)
(0.6267137172 -0.7515 0.699)
(0.6267137172 -0.7515 0.888)
(0.6267137172 -0.7515 1.077)
(0.6267137172 -0.7515 1.266)
(0.6267137172 -0.7515 1.455)
(0.5785049697 -0.668 0.51)
(0.5785049697 -0.668 0.699)
(0.5785049697 -0.668 0.888)
(0.5785049697 -0.668 1.077)
(0.5785049697 -0.668 1.266)
(0.5785049697 -0.668 1.455)
(0.6749224647 -0.668 0.51)
(0.6749224647 -0.668 0.699)
(0.6749224647 -0.668 0.888)
(0.6749224647 -0.668 1.077)
(0.6749224647 -0.668 1.266)
(0.6749224647 -0.668 1.455)
(0.6267137172 -0.5845 0.51)
(0.6267137172 -0.5845 0.699)
(0.6267137172 -0.5845 0.888)
(0.6267137172 -0.5845 1.077)
(0.6267137172 -0.5845 1.266)
(0.6267137172 -0.5845 1.455)
(0.5785049697 -0.501 0.51)
(0.5785049697 -0.501 0.699)
(0.5785049697 -0.501 0.888)
(0.5785049697 -0.501 1.077)
(0.5785049697 -0.501 1.266)
(0.5785049697 -0.501 1.455)
(0.6749224647 -0.501 0.51)
(0.6749224647 -0.501 0.699)
(0.6749224647 -0.501 0.888)
(0.6749224647 -0.501 1.077)
(0.6749224647 -0.501 1.266)
(0.6749224647 -0.501 1.455)
(0.6267137172 -0.4175 0.51)
(0.6267137172 -0.4175 0.699)
(0.6267137172 -0.4175 0.888)
(0.6267137172 -0.4175 1.077)
(0.6267137172 -0.4175 1.266)
(0.6267137172 -0.4175 1.455)
(0.5785049697 -0.334 0.51)
(0.5785049697 -0.334 0.699)
(0.5785049697 -0.334 0.888)
(0.5785049697 -0.334 1.077)
(0.5785049697 -0.334 1.266)
(0.5785049697 -0.334 1.455)
(0.6749224647 -0.334 0.51)
(0.6749224647 -0.334 0.699)
(0.6749224647 -0.334 0.888)
(0.6749224647 -0.334 1.077)
(0.6749224647 -0.334 1.266)
(0.6749224647 -0.334 1.455)
(0.6267137172 -0.2505 0.51)
(0.6267137172 -0.2505 0.699)
(0.6267137172 -0.2505 0.888)
(0.6267137172 -0.2505 1.077)
(0.6267137172 -0.2505 1.266)
(0.6267137172 -0.2505 1.455)
(0.5785049697 -0.167 0.51)
(0.5785049697 -0.167 0.699)
(0.5785049697 -0.167 0.888)
(0.5785049697 -0.167 1.077)
(0.5785049697 -0.167 1.266)
(0.5785049697 -0.167 1.455)
(0.6749224647 -0.167 0.51)
(0.6749224647 -0.167 0.699)
(0.6749224647 -0.167 0.888)
(0.6749224647 -0.167 1.077)
(0.6749224647 -0.167 1.266)
(0.6749224647 -0.167 1.455)
(0.6267137172 -0.0835 0.51)
(0.6267137172 -0.0835 0.699)
(0.6267137172 -0.0835 0.888)
(0.6267137172 -0.0835 1.077)
(0.6267137172 -0.0835 1.266)
(0.6267137172 -0.0835 1.455)
(0.5785049697 0 0.51)
(0.5785049697 0 0.699)
(0.5785049697 0 0.888)
(0.5785049697 0 1.077)
(0.5785049697 0 1.266)
(0.5785049697 0 1.455)
(0.6749224647 0 0.51)
(0.6749224647 0 0.699)
(0.6749224647 0 0.888)
(0.6749224647 0 1.077)
(0.6749224647 0 1.266)
(0.6749224647 0 1.455)
(0.6267137172 0.0835 0.51)
(0.6267137172 0.0835 0.699)
(0.6267137172 0.0835 0.888)
(0.6267137172 0.0835 1.077)
(0.6267137172 0.0835 1.266)
(0.6267137172 0.0835 1.455)
(0.5785049697 0.167 0.51)
(0.5785049697 0.167 0.699)
(0.5785049697 0.167 0.888)
(0.5785049697 0.167 1.077)
(0.5785049697 0.167 1.266)
(0.5785049697 0.167 1.455)
(0.6749224647 0.167 0.51)
(0.6749224647 0.167 0.699)
(0.6749224647 0.167 0.888)
(0.6749224647 0.167 1.077)
(0.6749224647 0.167 1.266)
(0.6749224647 0.167 1.455)
(0.6267137172 0.2505 0.51)
(0.6267137172 0.2505 0.699)
(0.6267137172 0.2505 0.888)
(0.6267137172 0.2505 1.077)
(0.6267137172 0.2505 1.266)
(0.6267137172 0.2505 1.455)
(0.5785049697 0.334 0.51)
(0.5785049697 0.334 0.699)
(0.5785049697 0.334 0.888)
(0.5785049697 0.334 1.077)
(0.5785049697 0.334 1.266)
(0.5785049697 0.334 1.455)
(0.6749224647 0.334 0.51)
(0.6749224647 0.334 0.699)
(0.6749224647 0.334 0.888)
(0.6749224647 0.334 1.077)
(0.6749224647 0.334 1.266)
(0.6749224647 0.334 1.455)
(0.6267137172 0.4175 0.51)
(0.6267137172 0.4175 0.699)
(0.6267137172 0.4175 0.888)
(0.6267137172 0.4175 1.077)
(0.6267137172 0.4175 1.266)
(0.6267137172 0.4175 1.455)
(0.5785049697 0.501 0.51)
(0.5785049697 0.501 0.699)
(0.5785049697 0.501 0.888)
(0.5785049697 0.501 1.077)
(0.5785049697 0.501 1.266)
(0.5785049697 0.501 1.455)
(0.6749224647 0.501 0.51)
(0.6749224647 0.501 0.699)
(0.6749224647 0.501 0.888)
(0.6749224647 0.501 1.077)
(0.6749224647 0.501 1.266)
(0.6749224647 0.501 1.455)
(0.6267137172 0.5845 0.51)
(0.6267137172 0.5845 0.699)
(0.6267137172 0.5845 0.888)
(0.6267137172 0.5845 1.077)
(0.6267137172 0.5845 1.266)
(0.6267137172 0.5845 1.455)
(0.5785049697 0.668 0.51)
(0.5785049697 0.668 0.699)
(0.5785049697 0.668 0.888)
(0.5785049697 0.668 1.077)
(0.5785049697 0.668 1.266)
(0.5785049697 0.668 1.455)
(0.6749224647 0.668 0.51)
(0.6749224647 0.668 0.699)
(0.6749224647 0.668 0.888)
(0.6749224647 0.668 1.077)
(0.6749224647 0.668 1.266)
(0.6749224647 0.668 1.455)
(0.6267137172 0.7515 0.51)
(0.6267137172 0.7515 0.699)
(0.6267137172 0.7515 0.888)
(0.6267137172 0.7515 1.077)
(0.6267137172 0.7515 1.266)
(0.6267137172 0.7515 1.455)
(0.5785049697 0.835 0.51)
(0.5785049697 0.835 0.699)
(0.5785049697 0.835 0.888)
(0.5785049697 0.835 1.077)
(0.5785049697 0.835 1.266)
(0.5785049697 0.835 1.455)
(0.7231312122 -0.7515 0.51)
(0.7231312122 -0.7515 0.699)
(0.7231312122 -0.7515 0.888)
(0.7231312122 -0.7515 1.077)
(0.7231312122 -0.7515 1.266)
(0.7231312122 -0.7515 1.455)
(0.7231312122 -0.5845 0.51)
(0.7231312122 -0.5845 0.699)
(0.7231312122 -0.5845 0.888)
(0.7231312122 -0.5845 1.077)
(0.7231312122 -0.5845 1.266)
(0.7231312122 -0.5845 1.455)
(0.7713399596 -0.501 0.51)
(0.7713399596 -0.501 0.699)
(0.7713399596 -0.501 0.888)
(0.7713399596 -0.501 1.077)
(0.7713399596 -0.501 1.266)
(0.7713399596 -0.501 1.455)
(0.7231312122 -0.4175 0.51)
(0.7231312122 -0.4175 0.699)
(0.7231312122 -0.4175 0.888)
(0.7231312122 -0.4175 1.077)
(0.7231312122 -0.4175 1.266)
(0.7231312122 -0.4175 1.455)
(0.8195487071 -0.4175 0.51)
(0.8195487071 -0.4175 0.699)
(0.8195487071 -0.4175 0.888)
(0.8195487071 -0.4175 1.077)
(0.8195487071 -0.4175 1.266)
(0.8195487071 -0.4175 1.455)
(0.7713399596 -0.334 0.51)
(0.7713399596 -0.334 0.699)
(0.7713399596 -0.334 0.888)
(0.7713399596 -0.334 1.077)
(0.7713399596 -0.334 1.266)
(0.7713399596 -0.334 1.455)
(0.7231312122 -0.2505 0.51)
(0.7231312122 -0.2505 0.699)
(0.7231312122 -0.2505 0.888)
(0.7231312122 -0.2505 1.077)
(0.7231312122 -0.2505 1.266)
(0.7231312122 -0.2505 1.455)
(0.8195487071 -0.2505 0.51)
(0.8195487071 -0.2505 0.699)
(0.8195487071 -0.2505 0.888)
(0.8195487071 -0.2505 1.077)
(0.8195487071 -0.2505 1.266)
(0.8195487071 -0.2505 1.455)
(0.7713399596 -0.167 0.51)
(0.7713399596 -0.167 0.699)
(0.7713399596 -0.167 0.888)
(0.7713399596 -0.167 1.077)
(0.7713399596 -0.167 1.266)
(0.7713399596 -0.167 1.455)
(0.7231312122 -0.0835 0.51)
(0.7231312122 -0.0835 0.699)
(0.7231312122 -0.0835 0.888)
(0.7231312122 -0.0835 1.077)
(0.7231312122 -0.0835 1.266)
(0.7231312122 -0.0835 1.455)
(0.8195487071 -0.0835 0.51)
(0.8195487071 -0.0835 0.699)
(0.8195487071 -0.0835 0.888)
(0.8195487071 -0.0835 1.077)
(0.8195487071 -0.0835 1.266)
(0.8195487071 -0.0835 1.455)
(0.7713399596 4.163336342e-17 0.51)
(0.7713399596 4.163336342e-17 0.699)
(0.7713399596 4.163336342e-17 0.888)
(0.7713399596 4.163336342e-17 1.077)
(0.7713399596 4.163336342e-17 1.266)
(0.7713399596 4.163336342e-17 1.455)
(0.7231312122 0.0835 0.51)
(0.7231312122 0.0835 0.699)
(0.7231312122 0.0835 0.888)
(0.7231312122 0.0835 1.077)
(0.7231312122 0.0835 1.266)
(0.7231312122 0.0835 1.455)
(0.8195487071 0.0835 0.51)
(0.8195487071 0.0835 0.699)
(0.8195487071 0.0835 0.888)
(0.8195487071 0.0835 1.077)
(0.8195487071 0.0835 1.266)
(0.8195487071 0.0835 1.455)
(0.7713399596 0.167 0.51)
(0.7713399596 0.167 0.699)
(0.7713399596 0.167 0.888)
(0.7713399596 0.167 1.077)
(0.7713399596 0.167 1.266)
(0.7713399596 0.167 1.455)
(0.7231312122 0.2505 0.51)
(0.7231312122 0.2505 0.699)
(0.7231312122 0.2505 0.888)
(0.7231312122 0.2505 1.077)
(0.7231312122 0.2505 1.266)
(0.7231312122 0.2505 1.455)
(0.8195487071 0.2505 0.51)
(0.8195487071 0.2505 0.699)
(0.8195487071 0.2505 0.888)
(0.8195487071 0.2505 1.077)
(0.8195487071 0.2505 1.266)
(0.8195487071 0.2505 1.455)
(0.7713399596 0.334 0.51)
(0.7713399596 0.334 0.699)
(0.7713399596 0.334 0.888)
(0.7713399596 0.334 1.077)
(0.7713399596 0.334 1.266)
(0.7713399596 0.334 1.455)
(0.7231312122 0.4175 0.51)
(0.7231312122 0.4175 0.699)
(0.7231312122 0.4175 0.888)
(0.7231312122 0.4175 1.077)
(0.7231312122 0.4175 1.266)
(0.7231312122 0.4175 1.455)
(0.8195487071 0.4175 0.51)
(0.8195487071 0.4175 0.699)
(0.8195487071 0.4175 0.888)
(0.8195487071 0.4175 1.077)
(0.8195487071 0.4175 1.266)
(0.8195487071 0.4175 1.455)
(0.7713399596 0.501 0.51)
(0.7713399596 0.501 0.699)
(0.7713399596 0.501 0.888)
(0.7713399596 0.501 1.077)
(0.7713399596 0.501 1.266)
(0.7713399596 0.501 1.455)
(0.7231312122 0.5845 0.51)
(0.7231312122 0.5845 0.699)
(0.7231312122 0.5845 0.888)
(0.7231312122 0.5845 1.077)
(0.7231312122 0.5845 1.266)
(0.7231312122 0.5845 1.455)
(0.7231312122 0.7515 0.51)
(0.7231312122 0.7515 0.699)
(0.7231312122 0.7515 0.888)
(0.7231312122 0.7515 1.077)
(0.7231312122 0.7515 1.266)
(0.7231312122 0.7515 1.455)
(0.8677574546 -0.501 0.51)
(0.8677574546 -0.501 0.699)
(0.8677574546 -0.501 0.888)
(0.8677574546 -0.501 1.077)
(0.8677574546 -0.501 1.266)
(0.8677574546 -0.501 1.455)
(0.8677574546 -0.334 0.51)
(0.8677574546 -0.334 0.699)
(0.8677574546 -0.334 0.888)
(0.8677574546 -0.334 1.077)
(0.8677574546 -0.334 1.266)
(0.8677574546 -0.334 1.455)
(0.9159662021 -0.2505 0.51)
(0.9159662021 -0.2505 0.699)
(0.9159662021 -0.2505 0.888)
(0.9159662021 -0.2505 1.077)
(0.9159662021 -0.2505 1.266)
(0.9159662021 -0.2505 1.455)
(0.8677574546 -0.167 0.51)
(0.8677574546 -0.167 0.699)
(0.8677574546 -0.167 0.888)
(0.8677574546 -0.167 1.077)
(0.8677574546 -0.167 1.266)
(0.8677574546 -0.167 1.455)
(0.9641749495 -0.167 0.51)
(0.9641749495 -0.167 0.699)
(0.9641749495 -0.167 0.888)
(0.9641749495 -0.167 1.077)
(0.9641749495 -0.167 1.266)
(0.9641749495 -0.167 1.455)
(0.9159662021 -0.0835 0.51)
(0.9159662021 -0.0835 0.699)
(0.9159662021 -0.0835 0.888)
(0.9159662021 -0.0835 1.077)
(0.9159662021 -0.0835 1.266)
(0.9159662021 -0.0835 1.455)
(0.8677574546 0 0.51)
(0.8677574546 0 0.699)
(0.8677574546 0 0.888)
(0.8677574546 0 1.077)
(0.8677574546 0 1.266)
(0.8677574546 0 1.455)
(0.9641749495 0 0.51)
(0.9641749495 0 0.699)
(0.9641749495 0 0.888)
(0.9641749495 0 1.077)
(0.9641749495 0 1.266)
(0.9641749495 0 1.455)
(0.9159662021 0.0835 0.51)
(0.9159662021 0.0835 0.699)
(0.9159662021 0.0835 0.888)
(0.9159662021 0.0835 1.077)
(0.9159662021 0.0835 1.266)
(0.9159662021 0.0835 1.455)
(0.8677574546 0.167 0.51)
(0.8677574546 0.167 0.699)
(0.8677574546 0.167 0.888)
(0.8677574546 0.167 1.077)
(0.8677574546 0.167 1.266)
(0.8677574546 0.167 1.455)
(0.9641749495 0.167 0.51)
(0.9641749495 0.167 0.699)
(0.9641749495 0.167 0.888)
(0.9641749495 0.167 1.077)
(0.9641749495 0.167 1.266)
(0.9641749495 0.167 1.455)
(0.9159662021 0.2505 0.51)
(0.9159662021 0.2505 0.699)
(0.9159662021 0.2505 0.888)
(0.9159662021 0.2505 1.077)
(0.9159662021 0.2505 1.266)
(0.9159662021 0.2505 1.455)
(0.8677574546 0.334 0.51)
(0.8677574546 0.334 0.699)
(0.8677574546 0.334 0.888)
(0.8677574546 0.334 1.077)
(0.8677574546 0.334 1.266)
(0.8677574546 0.334 1.455)
(0.8677574546 0.501 0.51)
(0.8677574546 0.501 0.699)
(0.8677574546 0.501 0.888)
(0.8677574546 0.501 1.077)
(0.8677574546 0.501 1.266)
(0.8677574546 0.501 1.455)
(1.012383697 -0.2505 0.51)
(1.012383697 -0.2505 0.699)
(1.012383697 -0.2505 0.888)
(1.012383697 -0.2505 1.077)
(1.012383697 -0.2505 1.266)
(1.012383697 -0.2505 1.455)
(1.012383697 -0.0835 0.51)
(1.012383697 -0.0835 0.699)
(1.012383697 -0.0835 0.888)
(1.012383697 -0.0835 1.077)
(1.012383697 -0.0835 1.266)
(1.012383697 -0.0835 1.455)
(1.012383697 0.0835 0.51)
(1.012383697 0.0835 0.699)
(1.012383697 0.0835 0.888)
(1.012383697 0.0835 1.077)
(1.012383697 0.0835 1.266)
(1.012383697 0.0835 1.455)
(1.012383697 0.2505 0.51)
(1.012383697 0.2505 0.699)
(1.012383697 0.2505 0.888)
(1.012383697 0.2505 1.077)
(1.012383697 0.2505 1.266)
(1.012383697 0.2505 1.455)
(-0.6267137172 -0.4175 -0.51)
(-0.5302962223 -0.4175 -0.51)
(-0.5785049697 -0.334 -0.51)
(-0.6267137172 -0.4175 -0.442)
(-0.5302962223 -0.4175 -0.442)
(-0.5785049697 -0.334 -0.442)
(-0.6267137172 -0.4175 -0.374)
(-0.5302962223 -0.4175 -0.374)
(-0.5785049697 -0.334 -0.374)
(-0.6267137172 -0.4175 -0.306)
(-0.5302962223 -0.4175 -0.306)
(-0.5785049697 -0.334 -0.306)
(-0.6267137172 -0.4175 -0.238)
(-0.5302962223 -0.4175 -0.238)
(-0.5785049697 -0.334 -0.238)
(-0.6267137172 -0.4175 -0.17)
(-0.5302962223 -0.4175 -0.17)
(-0.5785049697 -0.334 -0.17)
(-0.6267137172 -0.4175 -0.102)
(-0.5302962223 -0.4175 -0.102)
(-0.5785049697 -0.334 -0.102)
(-0.6267137172 -0.4175 -0.034)
(-0.5302962223 -0.4175 -0.034)
(-0.5785049697 -0.334 -0.034)
(-0.6267137172 -0.4175 0.034)
(-0.5302962223 -0.4175 0.034)
(-0.5785049697 -0.334 0.034)
(-0.6267137172 -0.4175 0.102)
(-0.5302962223 -0.4175 0.102)
(-0.5785049697 -0.334 0.102)
(-0.6267137172 -0.4175 0.17)
(-0.5302962223 -0.4175 0.17)
(-0.5785049697 -0.334 0.17)
(-0.6267137172 -0.4175 0.238)
(-0.5302962223 -0.4175 0.238)
(-0.5785049697 -0.334 0.238)
(-0.6267137172 -0.4175 0.306)
(-0.5302962223 -0.4175 0.306)
(-0.5785049697 -0.334 0.306)
(-0.6267137172 -0.4175 0.374)
(-0.5302962223 -0.4175 0.374)
(-0.5785049697 -0.334 0.374)
(-0.6267137172 -0.4175 0.442)
(-0.5302962223 -0.4175 0.442)
(-0.5785049697 -0.334 0.442)
(-0.4820874748 -0.334 -0.51)
(-0.4820874748 -0.334 -0.442)
(-0.4820874748 -0.334 -0.374)
(-0.4820874748 -0.334 -0.306)
(-0.4820874748 -0.334 -0.238)
(-0.4820874748 -0.334 -0.17)
(-0.4820874748 -0.334 -0.102)
(-0.4820874748 -0.334 -0.034)
(-0.4820874748 -0.334 0.034)
(-0.4820874748 -0.334 0.102)
(-0.4820874748 -0.334 0.17)
(-0.4820874748 -0.334 0.238)
(-0.4820874748 -0.334 0.306)
(-0.4820874748 -0.334 0.374)
(-0.4820874748 -0.334 0.442)
(-0.6749224647 -0.334 -0.51)
(-0.6749224647 -0.334 -0.442)
(-0.6749224647 -0.334 -0.374)
(-0.6749224647 -0.334 -0.306)
(-0.6749224647 -0.334 -0.238)
(-0.6749224647 -0.334 -0.17)
(-0.6749224647 -0.334 -0.102)
(-0.6749224647 -0.334 -0.034)
(-0.6749224647 -0.334 0.034)
(-0.6749224647 -0.334 0.102)
(-0.6749224647 -0.334 0.17)
(-0.6749224647 -0.334 0.238)
(-0.6749224647 -0.334 0.306)
(-0.6749224647 -0.334 0.374)
(-0.6749224647 -0.334 0.442)
(-0.6267137172 -0.2505 -0.51)
(-0.5302962223 -0.2505 -0.51)
(-0.6267137172 -0.2505 -0.442)
(-0.5302962223 -0.2505 -0.442)
(-0.6267137172 -0.2505 -0.374)
(-0.5302962223 -0.2505 -0.374)
(-0.6267137172 -0.2505 -0.306)
(-0.5302962223 -0.2505 -0.306)
(-0.6267137172 -0.2505 -0.238)
(-0.5302962223 -0.2505 -0.238)
(-0.6267137172 -0.2505 -0.17)
(-0.5302962223 -0.2505 -0.17)
(-0.6267137172 -0.2505 -0.102)
(-0.5302962223 -0.2505 -0.102)
(-0.6267137172 -0.2505 -0.034)
(-0.5302962223 -0.2505 -0.034)
(-0.6267137172 -0.2505 0.034)
(-0.5302962223 -0.2505 0.034)
(-0.6267137172 -0.2505 0.102)
(-0.5302962223 -0.2505 0.102)
(-0.6267137172 -0.2505 0.17)
(-0.5302962223 -0.2505 0.17)
(-0.6267137172 -0.2505 0.238)
(-0.5302962223 -0.2505 0.238)
(-0.6267137172 -0.2505 0.306)
(-0.5302962223 -0.2505 0.306)
(-0.6267137172 -0.2505 0.374)
(-0.5302962223 -0.2505 0.374)
(-0.6267137172 -0.2505 0.442)
(-0.5302962223 -0.2505 0.442)
(-0.5785049697 -0.167 -0.51)
(-0.5785049697 -0.167 -0.442)
(-0.5785049697 -0.167 -0.374)
(-0.5785049697 -0.167 -0.306)
(-0.5785049697 -0.167 -0.238)
(-0.5785049697 -0.167 -0.17)
(-0.5785049697 -0.167 -0.102)
(-0.5785049697 -0.167 -0.034)
(-0.5785049697 -0.167 0.034)
(-0.5785049697 -0.167 0.102)
(-0.5785049697 -0.167 0.17)
(-0.5785049697 -0.167 0.238)
(-0.5785049697 -0.167 0.306)
(-0.5785049697 -0.167 0.374)
(-0.5785049697 -0.167 0.442)
(-0.4820874748 -0.167 -0.51)
(-0.4820874748 -0.167 -0.442)
(-0.4820874748 -0.167 -0.374)
(-0.4820874748 -0.167 -0.306)
(-0.4820874748 -0.167 -0.238)
(-0.4820874748 -0.167 -0.17)
(-0.4820874748 -0.167 -0.102)
(-0.4820874748 -0.167 -0.034)
(-0.4820874748 -0.167 0.034)
(-0.4820874748 -0.167 0.102)
(-0.4820874748 -0.167 0.17)
(-0.4820874748 -0.167 0.238)
(-0.4820874748 -0.167 0.306)
(-0.4820874748 -0.167 0.374)
(-0.4820874748 -0.167 0.442)
(-0.6749224647 -0.167 -0.51)
(-0.6749224647 -0.167 -0.442)
(-0.6749224647 -0.167 -0.374)
(-0.6749224647 -0.167 -0.306)
(-0.6749224647 -0.167 -0.238)
(-0.6749224647 -0.167 -0.17)
(-0.6749224647 -0.167 -0.102)
(-0.6749224647 -0.167 -0.034)
(-0.6749224647 -0.167 0.034)
(-0.6749224647 -0.167 0.102)
(-0.6749224647 -0.167 0.17)
(-0.6749224647 -0.167 0.238)
(-0.6749224647 -0.167 0.306)
(-0.6749224647 -0.167 0.374)
(-0.6749224647 -0.167 0.442)
(-0.6267137172 -0.0835 -0.51)
(-0.5302962223 -0.0835 -0.51)
(-0.6267137172 -0.0835 -0.442)
(-0.5302962223 -0.0835 -0.442)
(-0.6267137172 -0.0835 -0.374)
(-0.5302962223 -0.0835 -0.374)
(-0.6267137172 -0.0835 -0.306)
(-0.5302962223 -0.0835 -0.306)
(-0.6267137172 -0.0835 -0.238)
(-0.5302962223 -0.0835 -0.238)
(-0.6267137172 -0.0835 -0.17)
(-0.5302962223 -0.0835 -0.17)
(-0.6267137172 -0.0835 -0.102)
(-0.5302962223 -0.0835 -0.102)
(-0.6267137172 -0.0835 -0.034)
(-0.5302962223 -0.0835 -0.034)
(-0.6267137172 -0.0835 0.034)
(-0.5302962223 -0.0835 0.034)
(-0.6267137172 -0.0835 0.102)
(-0.5302962223 -0.0835 0.102)
(-0.6267137172 -0.0835 0.17)
(-0.5302962223 -0.0835 0.17)
(-0.6267137172 -0.0835 0.238)
(-0.5302962223 -0.0835 0.238)
(-0.6267137172 -0.0835 0.306)
(-0.5302962223 -0.0835 0.306)
(-0.6267137172 -0.0835 0.374)
(-0.5302962223 -0.0835 0.374)
(-0.6267137172 -0.0835 0.442)
(-0.5302962223 -0.0835 0.442)
(-0.5785049697 0 -0.51)
(-0.5785049697 0 -0.442)
(-0.5785049697 0 -0.374)
(-0.5785049697 0 -0.306)
(-0.5785049697 0 -0.238)
(-0.5785049697 0 -0.17)
(-0.5785049697 0 -0.102)
(-0.5785049697 0 -0.034)
(-0.5785049697 0 0.034)
(-0.5785049697 0 0.102)
(-0.5785049697 0 0.17)
(-0.5785049697 0 0.238)
(-0.5785049697 0 0.306)
(-0.5785049697 0 0.374)
(-0.5785049697 0 0.442)
(-0.4820874748 0 -0.51)
(-0.4820874748 0 -0.442)
(-0.4820874748 0 -0.374)
(-0.4820874748 0 -0.306)
(-0.4820874748 0 -0.238)
(-0.4820874748 0 -0.17)
(-0.4820874748 0 -0.102)
(-0.4820874748 0 -0.034)
(-0.4820874748 0 0.034)
(-0.4820874748 0 0.102)
(-0.4820874748 0 0.17)
(-0.4820874748 0 0.238)
(-0.4820874748 0 0.306)
(-0.4820874748 0 0.374)
(-0.4820874748 0 0.442)
(-0.6749224647 0 -0.51)
(-0.6749224647 0 -0.442)
(-0.6749224647 0 -0.374)
(-0.6749224647 0 -0.306)
(-0.6749224647 0 -0.238)
(-0.6749224647 0 -0.17)
(-0.6749224647 0 -0.102)
(-0.6749224647 0 -0.034)
(-0.6749224647 0 0.034)
(-0.6749224647 0 0.102)
(-0.6749224647 0 0.17)
(-0.6749224647 0 0.238)
(-0.6749224647 0 0.306)
(-0.6749224647 0 0.374)
(-0.6749224647 0 0.442)
(-0.6267137172 0.0835 -0.51)
(-0.5302962223 0.0835 -0.51)
(-0.6267137172 0.0835 -0.442)
(-0.5302962223 0.0835 -0.442)
(-0.6267137172 0.0835 -0.374)
(-0.5302962223 0.0835 -0.374)
(-0.6267137172 0.0835 -0.306)
(-0.5302962223 0.0835 -0.306)
(-0.6267137172 0.0835 -0.238)
(-0.5302962223 0.0835 -0.238)
(-0.6267137172 0.0835 -0.17)
(-0.5302962223 0.0835 -0.17)
(-0.6267137172 0.0835 -0.102)
(-0.5302962223 0.0835 -0.102)
(-0.6267137172 0.0835 -0.034)
(-0.5302962223 0.0835 -0.034)
(-0.6267137172 0.0835 0.034)
(-0.5302962223 0.0835 0.034)
(-0.6267137172 0.0835 0.102)
(-0.5302962223 0.0835 0.102)
(-0.6267137172 0.0835 0.17)
(-0.5302962223 0.0835 0.17)
(-0.6267137172 0.0835 0.238)
(-0.5302962223 0.0835 0.238)
(-0.6267137172 0.0835 0.306)
(-0.5302962223 0.0835 0.306)
(-0.6267137172 0.0835 0.374)
(-0.5302962223 0.0835 0.374)
(-0.6267137172 0.0835 0.442)
(-0.5302962223 0.0835 0.442)
(-0.5785049697 0.167 -0.51)
(-0.5785049697 0.167 -0.442)
(-0.5785049697 0.167 -0.374)
(-0.5785049697 0.167 -0.306)
(-0.5785049697 0.167 -0.238)
(-0.5785049697 0.167 -0.17)
(-0.5785049697 0.167 -0.102)
(-0.5785049697 0.167 -0.034)
(-0.5785049697 0.167 0.034)
(-0.5785049697 0.167 0.102)
(-0.5785049697 0.167 0.17)
(-0.5785049697 0.167 0.238)
(-0.5785049697 0.167 0.306)
(-0.5785049697 0.167 0.374)
(-0.5785049697 0.167 0.442)
(-0.4820874748 0.167 -0.51)
(-0.4820874748 0.167 -0.442)
(-0.4820874748 0.167 -0.374)
(-0.4820874748 0.167 -0.306)
(-0.4820874748 0.167 -0.238)
(-0.4820874748 0.167 -0.17)
(-0.4820874748 0.167 -0.102)
(-0.4820874748 0.167 -0.034)
(-0.4820874748 0.167 0.034)
(-0.4820874748 0.167 0.102)
(-0.4820874748 0.167 0.17)
(-0.4820874748 0.167 0.238)
(-0.4820874748 0.167 0.306)
(-0.4820874748 0.167 0.374)
(-0.4820874748 0.167 0.442)
(-0.6749224647 0.167 -0.51)
(-0.6749224647 0.167 -0.442)
(-0.6749224647 0.167 -0.374)
(-0.6749224647 0.167 -0.306)
(-0.6749224647 0.167 -0.238)
(-0.6749224647 0.167 -0.17)
(-0.6749224647 0.167 -0.102)
(-0.6749224647 0.167 -0.034)
(-0.6749224647 0.167 0.034)
(-0.6749224647 0.167 0.102)
(-0.6749224647 0.167 0.17)
(-0.6749224647 0.167 0.238)
(-0.6749224647 0.167 0.306)
(-0.6749224647 0.167 0.374)
(-0.6749224647 0.167 0.442)
(-0.6267137172 0.2505 -0.51)
(-0.5302962223 0.2505 -0.51)
(-0.6267137172 0.2505 -0.442)
(-0.5302962223 0.2505 -0.442)
(-0.6267137172 0.2505 -0.374)
(-0.5302962223 0.2505 -0.374)
(-0.6267137172 0.2505 -0.306)
(-0.5302962223 0.2505 -0.306)
(-0.6267137172 0.2505 -0.238)
(-0.5302962223 0.2505 -0.238)
(-0.6267137172 0.2505 -0.17)
(-0.5302962223 0.2505 -0.17)
(-0.6267137172 0.2505 -0.102)
(-0.5302962223 0.2505 -0.102)
(-0.6267137172 0.2505 -0.034)
(-0.5302962223 0.2505 -0.034)
(-0.6267137172 0.2505 0.034)
(-0.5302962223 0.2505 0.034)
(-0.6267137172 0.2505 0.102)
(-0.5302962223 0.2505 0.102)
(-0.6267137172 0.2505 0.17)
(-0.5302962223 0.2505 0.17)
(-0.6267137172 0.2505 0.238)
(-0.5302962223 0.2505 0.238)
(-0.6267137172 0.2505 0.306)
(-0.5302962223 0.2505 0.306)
(-0.6267137172 0.2505 0.374)
(-0.5302962223 0.2505 0.374)
(-0.6267137172 0.2505 0.442)
(-0.5302962223 0.2505 0.442)
(-0.5785049697 0.334 -0.51)
(-0.5785049697 0.334 -0.442)
(-0.5785049697 0.334 -0.374)
(-0.5785049697 0.334 -0.306)
(-0.5785049697 0.334 -0.238)
(-0.5785049697 0.334 -0.17)
(-0.5785049697 0.334 -0.102)
(-0.5785049697 0.334 -0.034)
(-0.5785049697 0.334 0.034)
(-0.5785049697 0.334 0.102)
(-0.5785049697 0.334 0.17)
(-0.5785049697 0.334 0.238)
(-0.5785049697 0.334 0.306)
(-0.5785049697 0.334 0.374)
(-0.5785049697 0.334 0.442)
(-0.4820874748 0.334 -0.51)
(-0.4820874748 0.334 -0.442)
(-0.4820874748 0.334 -0.374)
(-0.4820874748 0.334 -0.306)
(-0.4820874748 0.334 -0.238)
(-0.4820874748 0.334 -0.17)
(-0.4820874748 0.334 -0.102)
(-0.4820874748 0.334 -0.034)
(-0.4820874748 0.334 0.034)
(-0.4820874748 0.334 0.102)
(-0.4820874748 0.334 0.17)
(-0.4820874748 0.334 0.238)
(-0.4820874748 0.334 0.306)
(-0.4820874748 0.334 0.374)
(-0.4820874748 0.334 0.442)
(-0.6749224647 0.334 -0.51)
(-0.6749224647 0.334 -0.442)
(-0.6749224647 0.334 -0.374)
(-0.6749224647 0.334 -0.306)
(-0.6749224647 0.334 -0.238)
(-0.6749224647 0.334 -0.17)
(-0.6749224647 0.334 -0.102)
(-0.6749224647 0.334 -0.034)
(-0.6749224647 0.334 0.034)
(-0.6749224647 0.334 0.102)
(-0.6749224647 0.334 0.17)
(-0.6749224647 0.334 0.238)
(-0.6749224647 0.334 0.306)
(-0.6749224647 0.334 0.374)
(-0.6749224647 0.334 0.442)
(-0.6267137172 0.4175 -0.51)
(-0.5302962223 0.4175 -0.51)
(-0.6267137172 0.4175 -0.442)
(-0.5302962223 0.4175 -0.442)
(-0.6267137172 0.4175 -0.374)
(-0.5302962223 0.4175 -0.374)
(-0.6267137172 0.4175 -0.306)
(-0.5302962223 0.4175 -0.306)
(-0.6267137172 0.4175 -0.238)
(-0.5302962223 0.4175 -0.238)
(-0.6267137172 0.4175 -0.17)
(-0.5302962223 0.4175 -0.17)
(-0.6267137172 0.4175 -0.102)
(-0.5302962223 0.4175 -0.102)
(-0.6267137172 0.4175 -0.034)
(-0.5302962223 0.4175 -0.034)
(-0.6267137172 0.4175 0.034)
(-0.5302962223 0.4175 0.034)
(-0.6267137172 0.4175 0.102)
(-0.5302962223 0.4175 0.102)
(-0.6267137172 0.4175 0.17)
(-0.5302962223 0.4175 0.17)
(-0.6267137172 0.4175 0.238)
(-0.5302962223 0.4175 0.238)
(-0.6267137172 0.4175 0.306)
(-0.5302962223 0.4175 0.306)
(-0.6267137172 0.4175 0.374)
(-0.5302962223 0.4175 0.374)
(-0.6267137172 0.4175 0.442)
(-0.5302962223 0.4175 0.442)
(-0.4820874748 -0.501 -0.51)
(-0.3856699798 -0.501 -0.51)
(-0.4338787273 -0.4175 -0.51)
(-0.4820874748 -0.501 -0.442)
(-0.3856699798 -0.501 -0.442)
(-0.4338787273 -0.4175 -0.442)
(-0.4820874748 -0.501 -0.374)
(-0.3856699798 -0.501 -0.374)
(-0.4338787273 -0.4175 -0.374)
(-0.4820874748 -0.501 -0.306)
(-0.3856699798 -0.501 -0.306)
(-0.4338787273 -0.4175 -0.306)
(-0.4820874748 -0.501 -0.238)
(-0.3856699798 -0.501 -0.238)
(-0.4338787273 -0.4175 -0.238)
(-0.4820874748 -0.501 -0.17)
(-0.3856699798 -0.501 -0.17)
(-0.4338787273 -0.4175 -0.17)
(-0.4820874748 -0.501 -0.102)
(-0.3856699798 -0.501 -0.102)
(-0.4338787273 -0.4175 -0.102)
(-0.4820874748 -0.501 -0.034)
(-0.3856699798 -0.501 -0.034)
(-0.4338787273 -0.4175 -0.034)
(-0.4820874748 -0.501 0.034)
(-0.3856699798 -0.501 0.034)
(-0.4338787273 -0.4175 0.034)
(-0.4820874748 -0.501 0.102)
(-0.3856699798 -0.501 0.102)
(-0.4338787273 -0.4175 0.102)
(-0.4820874748 -0.501 0.17)
(-0.3856699798 -0.501 0.17)
(-0.4338787273 -0.4175 0.17)
(-0.4820874748 -0.501 0.238)
(-0.3856699798 -0.501 0.238)
(-0.4338787273 -0.4175 0.238)
(-0.4820874748 -0.501 0.306)
(-0.3856699798 -0.501 0.306)
(-0.4338787273 -0.4175 0.306)
(-0.4820874748 -0.501 0.374)
(-0.3856699798 -0.501 0.374)
(-0.4338787273 -0.4175 0.374)
(-0.4820874748 -0.501 0.442)
(-0.3856699798 -0.501 0.442)
(-0.4338787273 -0.4175 0.442)
(-0.3374612323 -0.4175 -0.51)
(-0.3374612323 -0.4175 -0.442)
(-0.3374612323 -0.4175 -0.374)
(-0.3374612323 -0.4175 -0.306)
(-0.3374612323 -0.4175 -0.238)
(-0.3374612323 -0.4175 -0.17)
(-0.3374612323 -0.4175 -0.102)
(-0.3374612323 -0.4175 -0.034)
(-0.3374612323 -0.4175 0.034)
(-0.3374612323 -0.4175 0.102)
(-0.3374612323 -0.4175 0.17)
(-0.3374612323 -0.4175 0.238)
(-0.3374612323 -0.4175 0.306)
(-0.3374612323 -0.4175 0.374)
(-0.3374612323 -0.4175 0.442)
(-0.3856699798 -0.334 -0.51)
(-0.3856699798 -0.334 -0.442)
(-0.3856699798 -0.334 -0.374)
(-0.3856699798 -0.334 -0.306)
(-0.3856699798 -0.334 -0.238)
(-0.3856699798 -0.334 -0.17)
(-0.3856699798 -0.334 -0.102)
(-0.3856699798 -0.334 -0.034)
(-0.3856699798 -0.334 0.034)
(-0.3856699798 -0.334 0.102)
(-0.3856699798 -0.334 0.17)
(-0.3856699798 -0.334 0.238)
(-0.3856699798 -0.334 0.306)
(-0.3856699798 -0.334 0.374)
(-0.3856699798 -0.334 0.442)
(-0.4338787273 -0.2505 -0.51)
(-0.4338787273 -0.2505 -0.442)
(-0.4338787273 -0.2505 -0.374)
(-0.4338787273 -0.2505 -0.306)
(-0.4338787273 -0.2505 -0.238)
(-0.4338787273 -0.2505 -0.17)
(-0.4338787273 -0.2505 -0.102)
(-0.4338787273 -0.2505 -0.034)
(-0.4338787273 -0.2505 0.034)
(-0.4338787273 -0.2505 0.102)
(-0.4338787273 -0.2505 0.17)
(-0.4338787273 -0.2505 0.238)
(-0.4338787273 -0.2505 0.306)
(-0.4338787273 -0.2505 0.374)
(-0.4338787273 -0.2505 0.442)
(-0.3374612323 -0.2505 -0.51)
(-0.3374612323 -0.2505 -0.442)
(-0.3374612323 -0.2505 -0.374)
(-0.3374612323 -0.2505 -0.306)
(-0.3374612323 -0.2505 -0.238)
(-0.3374612323 -0.2505 -0.17)
(-0.3374612323 -0.2505 -0.102)
(-0.3374612323 -0.2505 -0.034)
(-0.3374612323 -0.2505 0.034)
(-0.3374612323 -0.2505 0.102)
(-0.3374612323 -0.2505 0.17)
(-0.3374612323 -0.2505 0.238)
(-0.3374612323 -0.2505 0.306)
(-0.3374612323 -0.2505 0.374)
(-0.3374612323 -0.2505 0.442)
(-0.3856699798 -0.167 -0.51)
(-0.3856699798 -0.167 -0.442)
(-0.3856699798 -0.167 -0.374)
(-0.3856699798 -0.167 -0.306)
(-0.3856699798 -0.167 -0.238)
(-0.3856699798 -0.167 -0.17)
(-0.3856699798 -0.167 -0.102)
(-0.3856699798 -0.167 -0.034)
(-0.3856699798 -0.167 0.034)
(-0.3856699798 -0.167 0.102)
(-0.3856699798 -0.167 0.17)
(-0.3856699798 -0.167 0.238)
(-0.3856699798 -0.167 0.306)
(-0.3856699798 -0.167 0.374)
(-0.3856699798 -0.167 0.442)
(-0.4338787273 -0.0835 -0.51)
(-0.4338787273 -0.0835 -0.442)
(-0.4338787273 -0.0835 -0.374)
(-0.4338787273 -0.0835 -0.306)
(-0.4338787273 -0.0835 -0.238)
(-0.4338787273 -0.0835 -0.17)
(-0.4338787273 -0.0835 -0.102)
(-0.4338787273 -0.0835 -0.034)
(-0.4338787273 -0.0835 0.034)
(-0.4338787273 -0.0835 0.102)
(-0.4338787273 -0.0835 0.17)
(-0.4338787273 -0.0835 0.238)
(-0.4338787273 -0.0835 0.306)
(-0.4338787273 -0.0835 0.374)
(-0.4338787273 -0.0835 0.442)
(-0.3374612323 -0.0835 -0.51)
(-0.3374612323 -0.0835 -0.442)
(-0.3374612323 -0.0835 -0.374)
(-0.3374612323 -0.0835 -0.306)
(-0.3374612323 -0.0835 -0.238)
(-0.3374612323 -0.0835 -0.17)
(-0.3374612323 -0.0835 -0.102)
(-0.3374612323 -0.0835 -0.034)
(-0.3374612323 -0.0835 0.034)
(-0.3374612323 -0.0835 0.102)
(-0.3374612323 -0.0835 0.17)
(-0.3374612323 -0.0835 0.238)
(-0.3374612323 -0.0835 0.306)
(-0.3374612323 -0.0835 0.374)
(-0.3374612323 -0.0835 0.442)
(-0.3856699798 1.387778781e-17 -0.51)
(-0.3856699798 1.387778781e-17 -0.442)
(-0.3856699798 1.387778781e-17 -0.374)
(-0.3856699798 1.387778781e-17 -0.306)
(-0.3856699798 1.387778781e-17 -0.238)
(-0.3856699798 1.387778781e-17 -0.17)
(-0.3856699798 1.387778781e-17 -0.102)
(-0.3856699798 1.387778781e-17 -0.034)
(-0.3856699798 1.387778781e-17 0.034)
(-0.3856699798 1.387778781e-17 0.102)
(-0.3856699798 1.387778781e-17 0.17)
(-0.3856699798 1.387778781e-17 0.238)
(-0.3856699798 1.387778781e-17 0.306)
(-0.3856699798 1.387778781e-17 0.374)
(-0.3856699798 1.387778781e-17 0.442)
(-0.4338787273 0.0835 -0.51)
(-0.4338787273 0.0835 -0.442)
(-0.4338787273 0.0835 -0.374)
(-0.4338787273 0.0835 -0.306)
(-0.4338787273 0.0835 -0.238)
(-0.4338787273 0.0835 -0.17)
(-0.4338787273 0.0835 -0.102)
(-0.4338787273 0.0835 -0.034)
(-0.4338787273 0.0835 0.034)
(-0.4338787273 0.0835 0.102)
(-0.4338787273 0.0835 0.17)
(-0.4338787273 0.0835 0.238)
(-0.4338787273 0.0835 0.306)
(-0.4338787273 0.0835 0.374)
(-0.4338787273 0.0835 0.442)
(-0.3374612323 0.0835 -0.51)
(-0.3374612323 0.0835 -0.442)
(-0.3374612323 0.0835 -0.374)
(-0.3374612323 0.0835 -0.306)
(-0.3374612323 0.0835 -0.238)
(-0.3374612323 0.0835 -0.17)
(-0.3374612323 0.0835 -0.102)
(-0.3374612323 0.0835 -0.034)
(-0.3374612323 0.0835 0.034)
(-0.3374612323 0.0835 0.102)
(-0.3374612323 0.0835 0.17)
(-0.3374612323 0.0835 0.238)
(-0.3374612323 0.0835 0.306)
(-0.3374612323 0.0835 0.374)
(-0.3374612323 0.0835 0.442)
(-0.3856699798 0.167 -0.51)
(-0.3856699798 0.167 -0.442)
(-0.3856699798 0.167 -0.374)
(-0.3856699798 0.167 -0.306)
(-0.3856699798 0.167 -0.238)
(-0.3856699798 0.167 -0.17)
(-0.3856699798 0.167 -0.102)
(-0.3856699798 0.167 -0.034)
(-0.3856699798 0.167 0.034)
(-0.3856699798 0.167 0.102)
(-0.3856699798 0.167 0.17)
(-0.3856699798 0.167 0.238)
(-0.3856699798 0.167 0.306)
(-0.3856699798 0.167 0.374)
(-0.3856699798 0.167 0.442)
(-0.4338787273 0.2505 -0.51)
(-0.4338787273 0.2505 -0.442)
(-0.4338787273 0.2505 -0.374)
(-0.4338787273 0.2505 -0.306)
(-0.4338787273 0.2505 -0.238)
(-0.4338787273 0.2505 -0.17)
(-0.4338787273 0.2505 -0.102)
(-0.4338787273 0.2505 -0.034)
(-0.4338787273 0.2505 0.034)
(-0.4338787273 0.2505 0.102)
(-0.4338787273 0.2505 0.17)
(-0.4338787273 0.2505 0.238)
(-0.4338787273 0.2505 0.306)
(-0.4338787273 0.2505 0.374)
(-0.4338787273 0.2505 0.442)
(-0.3374612323 0.2505 -0.51)
(-0.3374612323 0.2505 -0.442)
(-0.3374612323 0.2505 -0.374)
(-0.3374612323 0.2505 -0.306)
(-0.3374612323 0.2505 -0.238)
(-0.3374612323 0.2505 -0.17)
(-0.3374612323 0.2505 -0.102)
(-0.3374612323 0.2505 -0.034)
(-0.3374612323 0.2505 0.034)
(-0.3374612323 0.2505 0.102)
(-0.3374612323 0.2505 0.17)
(-0.3374612323 0.2505 0.238)
(-0.3374612323 0.2505 0.306)
(-0.3374612323 0.2505 0.374)
(-0.3374612323 0.2505 0.442)
(-0.3856699798 0.334 -0.51)
(-0.3856699798 0.334 -0.442)
(-0.3856699798 0.334 -0.374)
(-0.3856699798 0.334 -0.306)
(-0.3856699798 0.334 -0.238)
(-0.3856699798 0.334 -0.17)
(-0.3856699798 0.334 -0.102)
(-0.3856699798 0.334 -0.034)
(-0.3856699798 0.334 0.034)
(-0.3856699798 0.334 0.102)
(-0.3856699798 0.334 0.17)
(-0.3856699798 0.334 0.238)
(-0.3856699798 0.334 0.306)
(-0.3856699798 0.334 0.374)
(-0.3856699798 0.334 0.442)
(-0.4338787273 0.4175 -0.51)
(-0.4338787273 0.4175 -0.442)
(-0.4338787273 0.4175 -0.374)
(-0.4338787273 0.4175 -0.306)
(-0.4338787273 0.4175 -0.238)
(-0.4338787273 0.4175 -0.17)
(-0.4338787273 0.4175 -0.102)
(-0.4338787273 0.4175 -0.034)
(-0.4338787273 0.4175 0.034)
(-0.4338787273 0.4175 0.102)
(-0.4338787273 0.4175 0.17)
(-0.4338787273 0.4175 0.238)
(-0.4338787273 0.4175 0.306)
(-0.4338787273 0.4175 0.374)
(-0.4338787273 0.4175 0.442)
(-0.3374612323 0.4175 -0.51)
(-0.3374612323 0.4175 -0.442)
(-0.3374612323 0.4175 -0.374)
(-0.3374612323 0.4175 -0.306)
(-0.3374612323 0.4175 -0.238)
(-0.3374612323 0.4175 -0.17)
(-0.3374612323 0.4175 -0.102)
(-0.3374612323 0.4175 -0.034)
(-0.3374612323 0.4175 0.034)
(-0.3374612323 0.4175 0.102)
(-0.3374612323 0.4175 0.17)
(-0.3374612323 0.4175 0.238)
(-0.3374612323 0.4175 0.306)
(-0.3374612323 0.4175 0.374)
(-0.3374612323 0.4175 0.442)
(-0.4820874748 0.501 -0.51)
(-0.3856699798 0.501 -0.51)
(-0.4820874748 0.501 -0.442)
(-0.3856699798 0.501 -0.442)
(-0.4820874748 0.501 -0.374)
(-0.3856699798 0.501 -0.374)
(-0.4820874748 0.501 -0.306)
(-0.3856699798 0.501 -0.306)
(-0.4820874748 0.501 -0.238)
(-0.3856699798 0.501 -0.238)
(-0.4820874748 0.501 -0.17)
(-0.3856699798 0.501 -0.17)
(-0.4820874748 0.501 -0.102)
(-0.3856699798 0.501 -0.102)
(-0.4820874748 0.501 -0.034)
(-0.3856699798 0.501 -0.034)
(-0.4820874748 0.501 0.034)
(-0.3856699798 0.501 0.034)
(-0.4820874748 0.501 0.102)
(-0.3856699798 0.501 0.102)
(-0.4820874748 0.501 0.17)
(-0.3856699798 0.501 0.17)
(-0.4820874748 0.501 0.238)
(-0.3856699798 0.501 0.238)
(-0.4820874748 0.501 0.306)
(-0.3856699798 0.501 0.306)
(-0.4820874748 0.501 0.374)
(-0.3856699798 0.501 0.374)
(-0.4820874748 0.501 0.442)
(-0.3856699798 0.501 0.442)
(-0.3374612323 -0.5845 -0.51)
(-0.2410437374 -0.5845 -0.51)
(-0.2892524849 -0.501 -0.51)
(-0.3374612323 -0.5845 -0.442)
(-0.2410437374 -0.5845 -0.442)
(-0.2892524849 -0.501 -0.442)
(-0.3374612323 -0.5845 -0.374)
(-0.2410437374 -0.5845 -0.374)
(-0.2892524849 -0.501 -0.374)
(-0.3374612323 -0.5845 -0.306)
(-0.2410437374 -0.5845 -0.306)
(-0.2892524849 -0.501 -0.306)
(-0.3374612323 -0.5845 -0.238)
(-0.2410437374 -0.5845 -0.238)
(-0.2892524849 -0.501 -0.238)
(-0.3374612323 -0.5845 -0.17)
(-0.2410437374 -0.5845 -0.17)
(-0.2892524849 -0.501 -0.17)
(-0.3374612323 -0.5845 -0.102)
(-0.2410437374 -0.5845 -0.102)
(-0.2892524849 -0.501 -0.102)
(-0.3374612323 -0.5845 -0.034)
(-0.2410437374 -0.5845 -0.034)
(-0.2892524849 -0.501 -0.034)
(-0.3374612323 -0.5845 0.034)
(-0.2410437374 -0.5845 0.034)
(-0.2892524849 -0.501 0.034)
(-0.3374612323 -0.5845 0.102)
(-0.2410437374 -0.5845 0.102)
(-0.2892524849 -0.501 0.102)
(-0.3374612323 -0.5845 0.17)
(-0.2410437374 -0.5845 0.17)
(-0.2892524849 -0.501 0.17)
(-0.3374612323 -0.5845 0.238)
(-0.2410437374 -0.5845 0.238)
(-0.2892524849 -0.501 0.238)
(-0.3374612323 -0.5845 0.306)
(-0.2410437374 -0.5845 0.306)
(-0.2892524849 -0.501 0.306)
(-0.3374612323 -0.5845 0.374)
(-0.2410437374 -0.5845 0.374)
(-0.2892524849 -0.501 0.374)
(-0.3374612323 -0.5845 0.442)
(-0.2410437374 -0.5845 0.442)
(-0.2892524849 -0.501 0.442)
(-0.1928349899 -0.501 -0.51)
(-0.1928349899 -0.501 -0.442)
(-0.1928349899 -0.501 -0.374)
(-0.1928349899 -0.501 -0.306)
(-0.1928349899 -0.501 -0.238)
(-0.1928349899 -0.501 -0.17)
(-0.1928349899 -0.501 -0.102)
(-0.1928349899 -0.501 -0.034)
(-0.1928349899 -0.501 0.034)
(-0.1928349899 -0.501 0.102)
(-0.1928349899 -0.501 0.17)
(-0.1928349899 -0.501 0.238)
(-0.1928349899 -0.501 0.306)
(-0.1928349899 -0.501 0.374)
(-0.1928349899 -0.501 0.442)
(-0.2410437374 -0.4175 -0.51)
(-0.2410437374 -0.4175 -0.442)
(-0.2410437374 -0.4175 -0.374)
(-0.2410437374 -0.4175 -0.306)
(-0.2410437374 -0.4175 -0.238)
(-0.2410437374 -0.4175 -0.17)
(-0.2410437374 -0.4175 -0.102)
(-0.2410437374 -0.4175 -0.034)
(-0.2410437374 -0.4175 0.034)
(-0.2410437374 -0.4175 0.102)
(-0.2410437374 -0.4175 0.17)
(-0.2410437374 -0.4175 0.238)
(-0.2410437374 -0.4175 0.306)
(-0.2410437374 -0.4175 0.374)
(-0.2410437374 -0.4175 0.442)
(-0.2892524849 -0.334 -0.51)
(-0.2892524849 -0.334 -0.442)
(-0.2892524849 -0.334 -0.374)
(-0.2892524849 -0.334 -0.306)
(-0.2892524849 -0.334 -0.238)
(-0.2892524849 -0.334 -0.17)
(-0.2892524849 -0.334 -0.102)
(-0.2892524849 -0.334 -0.034)
(-0.2892524849 -0.334 0.034)
(-0.2892524849 -0.334 0.102)
(-0.2892524849 -0.334 0.17)
(-0.2892524849 -0.334 0.238)
(-0.2892524849 -0.334 0.306)
(-0.2892524849 -0.334 0.374)
(-0.2892524849 -0.334 0.442)
(-0.1928349899 -0.334 -0.51)
(-0.1928349899 -0.334 -0.442)
(-0.1928349899 -0.334 -0.374)
(-0.1928349899 -0.334 -0.306)
(-0.1928349899 -0.334 -0.238)
(-0.1928349899 -0.334 -0.17)
(-0.1928349899 -0.334 -0.102)
(-0.1928349899 -0.334 -0.034)
(-0.1928349899 -0.334 0.034)
(-0.1928349899 -0.334 0.102)
(-0.1928349899 -0.334 0.17)
(-0.1928349899 -0.334 0.238)
(-0.1928349899 -0.334 0.306)
(-0.1928349899 -0.334 0.374)
(-0.1928349899 -0.334 0.442)
(-0.2410437374 -0.2505 -0.51)
(-0.2410437374 -0.2505 -0.442)
(-0.2410437374 -0.2505 -0.374)
(-0.2410437374 -0.2505 -0.306)
(-0.2410437374 -0.2505 -0.238)
(-0.2410437374 -0.2505 -0.17)
(-0.2410437374 -0.2505 -0.102)
(-0.2410437374 -0.2505 -0.034)
(-0.2410437374 -0.2505 0.034)
(-0.2410437374 -0.2505 0.102)
(-0.2410437374 -0.2505 0.17)
(-0.2410437374 -0.2505 0.238)
(-0.2410437374 -0.2505 0.306)
(-0.2410437374 -0.2505 0.374)
(-0.2410437374 -0.2505 0.442)
(-0.2892524849 -0.167 -0.51)
(-0.2892524849 -0.167 -0.442)
(-0.2892524849 -0.167 -0.374)
(-0.2892524849 -0.167 -0.306)
(-0.2892524849 -0.167 -0.238)
(-0.2892524849 -0.167 -0.17)
(-0.2892524849 -0.167 -0.102)
(-0.2892524849 -0.167 -0.034)
(-0.2892524849 -0.167 0.034)
(-0.2892524849 -0.167 0.102)
(-0.2892524849 -0.167 0.17)
(-0.2892524849 -0.167 0.238)
(-0.2892524849 -0.167 0.306)
(-0.2892524849 -0.167 0.374)
(-0.2892524849 -0.167 0.442)
(-0.1928349899 -0.167 -0.51)
(-0.1928349899 -0.167 -0.442)
(-0.1928349899 -0.167 -0.374)
(-0.1928349899 -0.167 -0.306)
(-0.1928349899 -0.167 -0.238)
(-0.1928349899 -0.167 -0.17)
(-0.1928349899 -0.167 -0.102)
(-0.1928349899 -0.167 -0.034)
(-0.1928349899 -0.167 0.034)
(-0.1928349899 -0.167 0.102)
(-0.1928349899 -0.167 0.17)
(-0.1928349899 -0.167 0.238)
(-0.1928349899 -0.167 0.306)
(-0.1928349899 -0.167 0.374)
(-0.1928349899 -0.167 0.442)
(-0.2410437374 -0.0835 -0.51)
(-0.2410437374 -0.0835 -0.442)
(-0.2410437374 -0.0835 -0.374)
(-0.2410437374 -0.0835 -0.306)
(-0.2410437374 -0.0835 -0.238)
(-0.2410437374 -0.0835 -0.17)
(-0.2410437374 -0.0835 -0.102)
(-0.2410437374 -0.0835 -0.034)
(-0.2410437374 -0.0835 0.034)
(-0.2410437374 -0.0835 0.102)
(-0.2410437374 -0.0835 0.17)
(-0.2410437374 -0.0835 0.238)
(-0.2410437374 -0.0835 0.306)
(-0.2410437374 -0.0835 0.374)
(-0.2410437374 -0.0835 0.442)
(-0.2892524849 0 -0.51)
(-0.2892524849 0 -0.442)
(-0.2892524849 0 -0.374)
(-0.2892524849 0 -0.306)
(-0.2892524849 0 -0.238)
(-0.2892524849 0 -0.17)
(-0.2892524849 0 -0.102)
(-0.2892524849 0 -0.034)
(-0.2892524849 0 0.034)
(-0.2892524849 0 0.102)
(-0.2892524849 0 0.17)
(-0.2892524849 0 0.238)
(-0.2892524849 0 0.306)
(-0.2892524849 0 0.374)
(-0.2892524849 0 0.442)
(-0.1928349899 0 -0.51)
(-0.1928349899 0 -0.442)
(-0.1928349899 0 -0.374)
(-0.1928349899 0 -0.306)
(-0.1928349899 0 -0.238)
(-0.1928349899 0 -0.17)
(-0.1928349899 0 -0.102)
(-0.1928349899 0 -0.034)
(-0.1928349899 0 0.034)
(-0.1928349899 0 0.102)
(-0.1928349899 0 0.17)
(-0.1928349899 0 0.238)
(-0.1928349899 0 0.306)
(-0.1928349899 0 0.374)
(-0.1928349899 0 0.442)
(-0.2410437374 0.0835 -0.51)
(-0.2410437374 0.0835 -0.442)
(-0.2410437374 0.0835 -0.374)
(-0.2410437374 0.0835 -0.306)
(-0.2410437374 0.0835 -0.238)
(-0.2410437374 0.0835 -0.17)
(-0.2410437374 0.0835 -0.102)
(-0.2410437374 0.0835 -0.034)
(-0.2410437374 0.0835 0.034)
(-0.2410437374 0.0835 0.102)
(-0.2410437374 0.0835 0.17)
(-0.2410437374 0.0835 0.238)
(-0.2410437374 0.0835 0.306)
(-0.2410437374 0.0835 0.374)
(-0.2410437374 0.0835 0.442)
(-0.2892524849 0.167 -0.51)
(-0.2892524849 0.167 -0.442)
(-0.2892524849 0.167 -0.374)
(-0.2892524849 0.167 -0.306)
(-0.2892524849 0.167 -0.238)
(-0.2892524849 0.167 -0.17)
(-0.2892524849 0.167 -0.102)
(-0.2892524849 0.167 -0.034)
(-0.2892524849 0.167 0.034)
(-0.2892524849 0.167 0.102)
(-0.2892524849 0.167 0.17)
(-0.2892524849 0.167 0.238)
(-0.2892524849 0.167 0.306)
(-0.2892524849 0.167 0.374)
(-0.2892524849 0.167 0.442)
(-0.1928349899 0.167 -0.51)
(-0.1928349899 0.167 -0.442)
(-0.1928349899 0.167 -0.374)
(-0.1928349899 0.167 -0.306)
(-0.1928349899 0.167 -0.238)
(-0.1928349899 0.167 -0.17)
(-0.1928349899 0.167 -0.102)
(-0.1928349899 0.167 -0.034)
(-0.1928349899 0.167 0.034)
(-0.1928349899 0.167 0.102)
(-0.1928349899 0.167 0.17)
(-0.1928349899 0.167 0.238)
(-0.1928349899 0.167 0.306)
(-0.1928349899 0.167 0.374)
(-0.1928349899 0.167 0.442)
(-0.2410437374 0.2505 -0.51)
(-0.2410437374 0.2505 -0.442)
(-0.2410437374 0.2505 -0.374)
(-0.2410437374 0.2505 -0.306)
(-0.2410437374 0.2505 -0.238)
(-0.2410437374 0.2505 -0.17)
(-0.2410437374 0.2505 -0.102)
(-0.2410437374 0.2505 -0.034)
(-0.2410437374 0.2505 0.034)
(-0.2410437374 0.2505 0.102)
(-0.2410437374 0.2505 0.17)
(-0.2410437374 0.2505 0.238)
(-0.2410437374 0.2505 0.306)
(-0.2410437374 0.2505 0.374)
(-0.2410437374 0.2505 0.442)
(-0.2892524849 0.334 -0.51)
(-0.2892524849 0.334 -0.442)
(-0.2892524849 0.334 -0.374)
(-0.2892524849 0.334 -0.306)
(-0.2892524849 0.334 -0.238)
(-0.2892524849 0.334 -0.17)
(-0.2892524849 0.334 -0.102)
(-0.2892524849 0.334 -0.034)
(-0.2892524849 0.334 0.034)
(-0.2892524849 0.334 0.102)
(-0.2892524849 0.334 0.17)
(-0.2892524849 0.334 0.238)
(-0.2892524849 0.334 0.306)
(-0.2892524849 0.334 0.374)
(-0.2892524849 0.334 0.442)
(-0.1928349899 0.334 -0.51)
(-0.1928349899 0.334 -0.442)
(-0.1928349899 0.334 -0.374)
(-0.1928349899 0.334 -0.306)
(-0.1928349899 0.334 -0.238)
(-0.1928349899 0.334 -0.17)
(-0.1928349899 0.334 -0.102)
(-0.1928349899 0.334 -0.034)
(-0.1928349899 0.334 0.034)
(-0.1928349899 0.334 0.102)
(-0.1928349899 0.334 0.17)
(-0.1928349899 0.334 0.238)
(-0.1928349899 0.334 0.306)
(-0.1928349899 0.334 0.374)
(-0.1928349899 0.334 0.442)
(-0.2410437374 0.4175 -0.51)
(-0.2410437374 0.4175 -0.442)
(-0.2410437374 0.4175 -0.374)
(-0.2410437374 0.4175 -0.306)
(-0.2410437374 0.4175 -0.238)
(-0.2410437374 0.4175 -0.17)
(-0.2410437374 0.4175 -0.102)
(-0.2410437374 0.4175 -0.034)
(-0.2410437374 0.4175 0.034)
(-0.2410437374 0.4175 0.102)
(-0.2410437374 0.4175 0.17)
(-0.2410437374 0.4175 0.238)
(-0.2410437374 0.4175 0.306)
(-0.2410437374 0.4175 0.374)
(-0.2410437374 0.4175 0.442)
(-0.2892524849 0.501 -0.51)
(-0.2892524849 0.501 -0.442)
(-0.2892524849 0.501 -0.374)
(-0.2892524849 0.501 -0.306)
(-0.2892524849 0.501 -0.238)
(-0.2892524849 0.501 -0.17)
(-0.2892524849 0.501 -0.102)
(-0.2892524849 0.501 -0.034)
(-0.2892524849 0.501 0.034)
(-0.2892524849 0.501 0.102)
(-0.2892524849 0.501 0.17)
(-0.2892524849 0.501 0.238)
(-0.2892524849 0.501 0.306)
(-0.2892524849 0.501 0.374)
(-0.2892524849 0.501 0.442)
(-0.1928349899 0.501 -0.51)
(-0.1928349899 0.501 -0.442)
(-0.1928349899 0.501 -0.374)
(-0.1928349899 0.501 -0.306)
(-0.1928349899 0.501 -0.238)
(-0.1928349899 0.501 -0.17)
(-0.1928349899 0.501 -0.102)
(-0.1928349899 0.501 -0.034)
(-0.1928349899 0.501 0.034)
(-0.1928349899 0.501 0.102)
(-0.1928349899 0.501 0.17)
(-0.1928349899 0.501 0.238)
(-0.1928349899 0.501 0.306)
(-0.1928349899 0.501 0.374)
(-0.1928349899 0.501 0.442)
(-0.3374612323 0.5845 -0.51)
(-0.2410437374 0.5845 -0.51)
(-0.3374612323 0.5845 -0.442)
(-0.2410437374 0.5845 -0.442)
(-0.3374612323 0.5845 -0.374)
(-0.2410437374 0.5845 -0.374)
(-0.3374612323 0.5845 -0.306)
(-0.2410437374 0.5845 -0.306)
(-0.3374612323 0.5845 -0.238)
(-0.2410437374 0.5845 -0.238)
(-0.3374612323 0.5845 -0.17)
(-0.2410437374 0.5845 -0.17)
(-0.3374612323 0.5845 -0.102)
(-0.2410437374 0.5845 -0.102)
(-0.3374612323 0.5845 -0.034)
(-0.2410437374 0.5845 -0.034)
(-0.3374612323 0.5845 0.034)
(-0.2410437374 0.5845 0.034)
(-0.3374612323 0.5845 0.102)
(-0.2410437374 0.5845 0.102)
(-0.3374612323 0.5845 0.17)
(-0.2410437374 0.5845 0.17)
(-0.3374612323 0.5845 0.238)
(-0.2410437374 0.5845 0.238)
(-0.3374612323 0.5845 0.306)
(-0.2410437374 0.5845 0.306)
(-0.3374612323 0.5845 0.374)
(-0.2410437374 0.5845 0.374)
(-0.3374612323 0.5845 0.442)
(-0.2410437374 0.5845 0.442)
(-0.1928349899 -0.668 -0.51)
(-0.09641749495 -0.668 -0.51)
(-0.1446262424 -0.5845 -0.51)
(-0.1928349899 -0.668 -0.442)
(-0.09641749495 -0.668 -0.442)
(-0.1446262424 -0.5845 -0.442)
(-0.1928349899 -0.668 -0.374)
(-0.09641749495 -0.668 -0.374)
(-0.1446262424 -0.5845 -0.374)
(-0.1928349899 -0.668 -0.306)
(-0.09641749495 -0.668 -0.306)
(-0.1446262424 -0.5845 -0.306)
(-0.1928349899 -0.668 -0.238)
(-0.09641749495 -0.668 -0.238)
(-0.1446262424 -0.5845 -0.238)
(-0.1928349899 -0.668 -0.17)
(-0.09641749495 -0.668 -0.17)
(-0.1446262424 -0.5845 -0.17)
(-0.1928349899 -0.668 -0.102)
(-0.09641749495 -0.668 -0.102)
(-0.1446262424 -0.5845 -0.102)
(-0.1928349899 -0.668 -0.034)
(-0.09641749495 -0.668 -0.034)
(-0.1446262424 -0.5845 -0.034)
(-0.1928349899 -0.668 0.034)
(-0.09641749495 -0.668 0.034)
(-0.1446262424 -0.5845 0.034)
(-0.1928349899 -0.668 0.102)
(-0.09641749495 -0.668 0.102)
(-0.1446262424 -0.5845 0.102)
(-0.1928349899 -0.668 0.17)
(-0.09641749495 -0.668 0.17)
(-0.1446262424 -0.5845 0.17)
(-0.1928349899 -0.668 0.238)
(-0.09641749495 -0.668 0.238)
(-0.1446262424 -0.5845 0.238)
(-0.1928349899 -0.668 0.306)
(-0.09641749495 -0.668 0.306)
(-0.1446262424 -0.5845 0.306)
(-0.1928349899 -0.668 0.374)
(-0.09641749495 -0.668 0.374)
(-0.1446262424 -0.5845 0.374)
(-0.1928349899 -0.668 0.442)
(-0.09641749495 -0.668 0.442)
(-0.1446262424 -0.5845 0.442)
(-0.04820874748 -0.5845 -0.51)
(-0.04820874748 -0.5845 -0.442)
(-0.04820874748 -0.5845 -0.374)
(-0.04820874748 -0.5845 -0.306)
(-0.04820874748 -0.5845 -0.238)
(-0.04820874748 -0.5845 -0.17)
(-0.04820874748 -0.5845 -0.102)
(-0.04820874748 -0.5845 -0.034)
(-0.04820874748 -0.5845 0.034)
(-0.04820874748 -0.5845 0.102)
(-0.04820874748 -0.5845 0.17)
(-0.04820874748 -0.5845 0.238)
(-0.04820874748 -0.5845 0.306)
(-0.04820874748 -0.5845 0.374)
(-0.04820874748 -0.5845 0.442)
(-0.09641749495 -0.501 -0.51)
(-0.09641749495 -0.501 -0.442)
(-0.09641749495 -0.501 -0.374)
(-0.09641749495 -0.501 -0.306)
(-0.09641749495 -0.501 -0.238)
(-0.09641749495 -0.501 -0.17)
(-0.09641749495 -0.501 -0.102)
(-0.09641749495 -0.501 -0.034)
(-0.09641749495 -0.501 0.034)
(-0.09641749495 -0.501 0.102)
(-0.09641749495 -0.501 0.17)
(-0.09641749495 -0.501 0.238)
(-0.09641749495 -0.501 0.306)
(-0.09641749495 -0.501 0.374)
(-0.09641749495 -0.501 0.442)
(-0.1446262424 -0.4175 -0.51)
(-0.1446262424 -0.4175 -0.442)
(-0.1446262424 -0.4175 -0.374)
(-0.1446262424 -0.4175 -0.306)
(-0.1446262424 -0.4175 -0.238)
(-0.1446262424 -0.4175 -0.17)
(-0.1446262424 -0.4175 -0.102)
(-0.1446262424 -0.4175 -0.034)
(-0.1446262424 -0.4175 0.034)
(-0.1446262424 -0.4175 0.102)
(-0.1446262424 -0.4175 0.17)
(-0.1446262424 -0.4175 0.238)
(-0.1446262424 -0.4175 0.306)
(-0.1446262424 -0.4175 0.374)
(-0.1446262424 -0.4175 0.442)
(-0.04820874748 -0.4175 -0.51)
(-0.04820874748 -0.4175 -0.442)
(-0.04820874748 -0.4175 -0.374)
(-0.04820874748 -0.4175 -0.306)
(-0.04820874748 -0.4175 -0.238)
(-0.04820874748 -0.4175 -0.17)
(-0.04820874748 -0.4175 -0.102)
(-0.04820874748 -0.4175 -0.034)
(-0.04820874748 -0.4175 0.034)
(-0.04820874748 -0.4175 0.102)
(-0.04820874748 -0.4175 0.17)
(-0.04820874748 -0.4175 0.238)
(-0.04820874748 -0.4175 0.306)
(-0.04820874748 -0.4175 0.374)
(-0.04820874748 -0.4175 0.442)
(-0.09641749495 -0.334 -0.51)
(-0.09641749495 -0.334 -0.442)
(-0.09641749495 -0.334 -0.374)
(-0.09641749495 -0.334 -0.306)
(-0.09641749495 -0.334 -0.238)
(-0.09641749495 -0.334 -0.17)
(-0.09641749495 -0.334 -0.102)
(-0.09641749495 -0.334 -0.034)
(-0.09641749495 -0.334 0.034)
(-0.09641749495 -0.334 0.102)
(-0.09641749495 -0.334 0.17)
(-0.09641749495 -0.334 0.238)
(-0.09641749495 -0.334 0.306)
(-0.09641749495 -0.334 0.374)
(-0.09641749495 -0.334 0.442)
(-0.1446262424 -0.2505 -0.51)
(-0.1446262424 -0.2505 -0.442)
(-0.1446262424 -0.2505 -0.374)
(-0.1446262424 -0.2505 -0.306)
(-0.1446262424 -0.2505 -0.238)
(-0.1446262424 -0.2505 -0.17)
(-0.1446262424 -0.2505 -0.102)
(-0.1446262424 -0.2505 -0.034)
(-0.1446262424 -0.2505 0.034)
(-0.1446262424 -0.2505 0.102)
(-0.1446262424 -0.2505 0.17)
(-0.1446262424 -0.2505 0.238)
(-0.1446262424 -0.2505 0.306)
(-0.1446262424 -0.2505 0.374)
(-0.1446262424 -0.2505 0.442)
(-0.04820874748 -0.2505 -0.51)
(-0.04820874748 -0.2505 -0.442)
(-0.04820874748 -0.2505 -0.374)
(-0.04820874748 -0.2505 -0.306)
(-0.04820874748 -0.2505 -0.238)
(-0.04820874748 -0.2505 -0.17)
(-0.04820874748 -0.2505 -0.102)
(-0.04820874748 -0.2505 -0.034)
(-0.04820874748 -0.2505 0.034)
(-0.04820874748 -0.2505 0.102)
(-0.04820874748 -0.2505 0.17)
(-0.04820874748 -0.2505 0.238)
(-0.04820874748 -0.2505 0.306)
(-0.04820874748 -0.2505 0.374)
(-0.04820874748 -0.2505 0.442)
(-0.09641749495 -0.167 -0.51)
(-0.09641749495 -0.167 -0.442)
(-0.09641749495 -0.167 -0.374)
(-0.09641749495 -0.167 -0.306)
(-0.09641749495 -0.167 -0.238)
(-0.09641749495 -0.167 -0.17)
(-0.09641749495 -0.167 -0.102)
(-0.09641749495 -0.167 -0.034)
(-0.09641749495 -0.167 0.034)
(-0.09641749495 -0.167 0.102)
(-0.09641749495 -0.167 0.17)
(-0.09641749495 -0.167 0.238)
(-0.09641749495 -0.167 0.306)
(-0.09641749495 -0.167 0.374)
(-0.09641749495 -0.167 0.442)
(-0.09641749495 0.167 -0.51)
(-0.1446262424 0.2505 -0.51)
(-0.09641749495 0.167 -0.442)
(-0.1446262424 0.2505 -0.442)
(-0.09641749495 0.167 -0.374)
(-0.1446262424 0.2505 -0.374)
(-0.09641749495 0.167 -0.306)
(-0.1446262424 0.2505 -0.306)
(-0.09641749495 0.167 -0.238)
(-0.1446262424 0.2505 -0.238)
(-0.09641749495 0.167 -0.17)
(-0.1446262424 0.2505 -0.17)
(-0.09641749495 0.167 -0.102)
(-0.1446262424 0.2505 -0.102)
(-0.09641749495 0.167 -0.034)
(-0.1446262424 0.2505 -0.034)
(-0.09641749495 0.167 0.034)
(-0.1446262424 0.2505 0.034)
(-0.09641749495 0.167 0.102)
(-0.1446262424 0.2505 0.102)
(-0.09641749495 0.167 0.17)
(-0.1446262424 0.2505 0.17)
(-0.09641749495 0.167 0.238)
(-0.1446262424 0.2505 0.238)
(-0.09641749495 0.167 0.306)
(-0.1446262424 0.2505 0.306)
(-0.09641749495 0.167 0.374)
(-0.1446262424 0.2505 0.374)
(-0.09641749495 0.167 0.442)
(-0.1446262424 0.2505 0.442)
(-0.04820874748 0.2505 -0.51)
(-0.04820874748 0.2505 -0.442)
(-0.04820874748 0.2505 -0.374)
(-0.04820874748 0.2505 -0.306)
(-0.04820874748 0.2505 -0.238)
(-0.04820874748 0.2505 -0.17)
(-0.04820874748 0.2505 -0.102)
(-0.04820874748 0.2505 -0.034)
(-0.04820874748 0.2505 0.034)
(-0.04820874748 0.2505 0.102)
(-0.04820874748 0.2505 0.17)
(-0.04820874748 0.2505 0.238)
(-0.04820874748 0.2505 0.306)
(-0.04820874748 0.2505 0.374)
(-0.04820874748 0.2505 0.442)
(-0.09641749495 0.334 -0.51)
(-0.09641749495 0.334 -0.442)
(-0.09641749495 0.334 -0.374)
(-0.09641749495 0.334 -0.306)
(-0.09641749495 0.334 -0.238)
(-0.09641749495 0.334 -0.17)
(-0.09641749495 0.334 -0.102)
(-0.09641749495 0.334 -0.034)
(-0.09641749495 0.334 0.034)
(-0.09641749495 0.334 0.102)
(-0.09641749495 0.334 0.17)
(-0.09641749495 0.334 0.238)
(-0.09641749495 0.334 0.306)
(-0.09641749495 0.334 0.374)
(-0.09641749495 0.334 0.442)
(-0.1446262424 0.4175 -0.51)
(-0.1446262424 0.4175 -0.442)
(-0.1446262424 0.4175 -0.374)
(-0.1446262424 0.4175 -0.306)
(-0.1446262424 0.4175 -0.238)
(-0.1446262424 0.4175 -0.17)
(-0.1446262424 0.4175 -0.102)
(-0.1446262424 0.4175 -0.034)
(-0.1446262424 0.4175 0.034)
(-0.1446262424 0.4175 0.102)
(-0.1446262424 0.4175 0.17)
(-0.1446262424 0.4175 0.238)
(-0.1446262424 0.4175 0.306)
(-0.1446262424 0.4175 0.374)
(-0.1446262424 0.4175 0.442)
(-0.04820874748 0.4175 -0.51)
(-0.04820874748 0.4175 -0.442)
(-0.04820874748 0.4175 -0.374)
(-0.04820874748 0.4175 -0.306)
(-0.04820874748 0.4175 -0.238)
(-0.04820874748 0.4175 -0.17)
(-0.04820874748 0.4175 -0.102)
(-0.04820874748 0.4175 -0.034)
(-0.04820874748 0.4175 0.034)
(-0.04820874748 0.4175 0.102)
(-0.04820874748 0.4175 0.17)
(-0.04820874748 0.4175 0.238)
(-0.04820874748 0.4175 0.306)
(-0.04820874748 0.4175 0.374)
(-0.04820874748 0.4175 0.442)
(-0.09641749495 0.501 -0.51)
(-0.09641749495 0.501 -0.442)
(-0.09641749495 0.501 -0.374)
(-0.09641749495 0.501 -0.306)
(-0.09641749495 0.501 -0.238)
(-0.09641749495 0.501 -0.17)
(-0.09641749495 0.501 -0.102)
(-0.09641749495 0.501 -0.034)
(-0.09641749495 0.501 0.034)
(-0.09641749495 0.501 0.102)
(-0.09641749495 0.501 0.17)
(-0.09641749495 0.501 0.238)
(-0.09641749495 0.501 0.306)
(-0.09641749495 0.501 0.374)
(-0.09641749495 0.501 0.442)
(-0.1446262424 0.5845 -0.51)
(-0.1446262424 0.5845 -0.442)
(-0.1446262424 0.5845 -0.374)
(-0.1446262424 0.5845 -0.306)
(-0.1446262424 0.5845 -0.238)
(-0.1446262424 0.5845 -0.17)
(-0.1446262424 0.5845 -0.102)
(-0.1446262424 0.5845 -0.034)
(-0.1446262424 0.5845 0.034)
(-0.1446262424 0.5845 0.102)
(-0.1446262424 0.5845 0.17)
(-0.1446262424 0.5845 0.238)
(-0.1446262424 0.5845 0.306)
(-0.1446262424 0.5845 0.374)
(-0.1446262424 0.5845 0.442)
(-0.04820874748 0.5845 -0.51)
(-0.04820874748 0.5845 -0.442)
(-0.04820874748 0.5845 -0.374)
(-0.04820874748 0.5845 -0.306)
(-0.04820874748 0.5845 -0.238)
(-0.04820874748 0.5845 -0.17)
(-0.04820874748 0.5845 -0.102)
(-0.04820874748 0.5845 -0.034)
(-0.04820874748 0.5845 0.034)
(-0.04820874748 0.5845 0.102)
(-0.04820874748 0.5845 0.17)
(-0.04820874748 0.5845 0.238)
(-0.04820874748 0.5845 0.306)
(-0.04820874748 0.5845 0.374)
(-0.04820874748 0.5845 0.442)
(-0.1928349899 0.668 -0.51)
(-0.09641749495 0.668 -0.51)
(-0.1928349899 0.668 -0.442)
(-0.09641749495 0.668 -0.442)
(-0.1928349899 0.668 -0.374)
(-0.09641749495 0.668 -0.374)
(-0.1928349899 0.668 -0.306)
(-0.09641749495 0.668 -0.306)
(-0.1928349899 0.668 -0.238)
(-0.09641749495 0.668 -0.238)
(-0.1928349899 0.668 -0.17)
(-0.09641749495 0.668 -0.17)
(-0.1928349899 0.668 -0.102)
(-0.09641749495 0.668 -0.102)
(-0.1928349899 0.668 -0.034)
(-0.09641749495 0.668 -0.034)
(-0.1928349899 0.668 0.034)
(-0.09641749495 0.668 0.034)
(-0.1928349899 0.668 0.102)
(-0.09641749495 0.668 0.102)
(-0.1928349899 0.668 0.17)
(-0.09641749495 0.668 0.17)
(-0.1928349899 0.668 0.238)
(-0.09641749495 0.668 0.238)
(-0.1928349899 0.668 0.306)
(-0.09641749495 0.668 0.306)
(-0.1928349899 0.668 0.374)
(-0.09641749495 0.668 0.374)
(-0.1928349899 0.668 0.442)
(-0.09641749495 0.668 0.442)
(-0.04820874748 -0.7515 -0.51)
(0.04820874748 -0.7515 -0.51)
(0 -0.668 -0.51)
(-0.04820874748 -0.7515 -0.442)
(0.04820874748 -0.7515 -0.442)
(0 -0.668 -0.442)
(-0.04820874748 -0.7515 -0.374)
(0.04820874748 -0.7515 -0.374)
(0 -0.668 -0.374)
(-0.04820874748 -0.7515 -0.306)
(0.04820874748 -0.7515 -0.306)
(0 -0.668 -0.306)
(-0.04820874748 -0.7515 -0.238)
(0.04820874748 -0.7515 -0.238)
(0 -0.668 -0.238)
(-0.04820874748 -0.7515 -0.17)
(0.04820874748 -0.7515 -0.17)
(0 -0.668 -0.17)
(-0.04820874748 -0.7515 -0.102)
(0.04820874748 -0.7515 -0.102)
(0 -0.668 -0.102)
(-0.04820874748 -0.7515 -0.034)
(0.04820874748 -0.7515 -0.034)
(0 -0.668 -0.034)
(-0.04820874748 -0.7515 0.034)
(0.04820874748 -0.7515 0.034)
(0 -0.668 0.034)
(-0.04820874748 -0.7515 0.102)
(0.04820874748 -0.7515 0.102)
(0 -0.668 0.102)
(-0.04820874748 -0.7515 0.17)
(0.04820874748 -0.7515 0.17)
(0 -0.668 0.17)
(-0.04820874748 -0.7515 0.238)
(0.04820874748 -0.7515 0.238)
(0 -0.668 0.238)
(-0.04820874748 -0.7515 0.306)
(0.04820874748 -0.7515 0.306)
(0 -0.668 0.306)
(-0.04820874748 -0.7515 0.374)
(0.04820874748 -0.7515 0.374)
(0 -0.668 0.374)
(-0.04820874748 -0.7515 0.442)
(0.04820874748 -0.7515 0.442)
(0 -0.668 0.442)
(0.09641749495 -0.668 -0.51)
(0.09641749495 -0.668 -0.442)
(0.09641749495 -0.668 -0.374)
(0.09641749495 -0.668 -0.306)
(0.09641749495 -0.668 -0.238)
(0.09641749495 -0.668 -0.17)
(0.09641749495 -0.668 -0.102)
(0.09641749495 -0.668 -0.034)
(0.09641749495 -0.668 0.034)
(0.09641749495 -0.668 0.102)
(0.09641749495 -0.668 0.17)
(0.09641749495 -0.668 0.238)
(0.09641749495 -0.668 0.306)
(0.09641749495 -0.668 0.374)
(0.09641749495 -0.668 0.442)
(0.04820874748 -0.5845 -0.51)
(0.04820874748 -0.5845 -0.442)
(0.04820874748 -0.5845 -0.374)
(0.04820874748 -0.5845 -0.306)
(0.04820874748 -0.5845 -0.238)
(0.04820874748 -0.5845 -0.17)
(0.04820874748 -0.5845 -0.102)
(0.04820874748 -0.5845 -0.034)
(0.04820874748 -0.5845 0.034)
(0.04820874748 -0.5845 0.102)
(0.04820874748 -0.5845 0.17)
(0.04820874748 -0.5845 0.238)
(0.04820874748 -0.5845 0.306)
(0.04820874748 -0.5845 0.374)
(0.04820874748 -0.5845 0.442)
(0 -0.501 -0.51)
(0 -0.501 -0.442)
(0 -0.501 -0.374)
(0 -0.501 -0.306)
(0 -0.501 -0.238)
(0 -0.501 -0.17)
(0 -0.501 -0.102)
(0 -0.501 -0.034)
(0 -0.501 0.034)
(0 -0.501 0.102)
(0 -0.501 0.17)
(0 -0.501 0.238)
(0 -0.501 0.306)
(0 -0.501 0.374)
(0 -0.501 0.442)
(0.09641749495 -0.501 -0.51)
(0.09641749495 -0.501 -0.442)
(0.09641749495 -0.501 -0.374)
(0.09641749495 -0.501 -0.306)
(0.09641749495 -0.501 -0.238)
(0.09641749495 -0.501 -0.17)
(0.09641749495 -0.501 -0.102)
(0.09641749495 -0.501 -0.034)
(0.09641749495 -0.501 0.034)
(0.09641749495 -0.501 0.102)
(0.09641749495 -0.501 0.17)
(0.09641749495 -0.501 0.238)
(0.09641749495 -0.501 0.306)
(0.09641749495 -0.501 0.374)
(0.09641749495 -0.501 0.442)
(0.04820874748 -0.4175 -0.51)
(0.04820874748 -0.4175 -0.442)
(0.04820874748 -0.4175 -0.374)
(0.04820874748 -0.4175 -0.306)
(0.04820874748 -0.4175 -0.238)
(0.04820874748 -0.4175 -0.17)
(0.04820874748 -0.4175 -0.102)
(0.04820874748 -0.4175 -0.034)
(0.04820874748 -0.4175 0.034)
(0.04820874748 -0.4175 0.102)
(0.04820874748 -0.4175 0.17)
(0.04820874748 -0.4175 0.238)
(0.04820874748 -0.4175 0.306)
(0.04820874748 -0.4175 0.374)
(0.04820874748 -0.4175 0.442)
(0 -0.334 -0.51)
(0 -0.334 -0.442)
(0 -0.334 -0.374)
(0 -0.334 -0.306)
(0 -0.334 -0.238)
(0 -0.334 -0.17)
(0 -0.334 -0.102)
(0 -0.334 -0.034)
(0 -0.334 0.034)
(0 -0.334 0.102)
(0 -0.334 0.17)
(0 -0.334 0.238)
(0 -0.334 0.306)
(0 -0.334 0.374)
(0 -0.334 0.442)
(0.09641749495 -0.334 -0.51)
(0.09641749495 -0.334 -0.442)
(0.09641749495 -0.334 -0.374)
(0.09641749495 -0.334 -0.306)
(0.09641749495 -0.334 -0.238)
(0.09641749495 -0.334 -0.17)
(0.09641749495 -0.334 -0.102)
(0.09641749495 -0.334 -0.034)
(0.09641749495 -0.334 0.034)
(0.09641749495 -0.334 0.102)
(0.09641749495 -0.334 0.17)
(0.09641749495 -0.334 0.238)
(0.09641749495 -0.334 0.306)
(0.09641749495 -0.334 0.374)
(0.09641749495 -0.334 0.442)
(0.04820874748 -0.2505 -0.51)
(0.04820874748 -0.2505 -0.442)
(0.04820874748 -0.2505 -0.374)
(0.04820874748 -0.2505 -0.306)
(0.04820874748 -0.2505 -0.238)
(0.04820874748 -0.2505 -0.17)
(0.04820874748 -0.2505 -0.102)
(0.04820874748 -0.2505 -0.034)
(0.04820874748 -0.2505 0.034)
(0.04820874748 -0.2505 0.102)
(0.04820874748 -0.2505 0.17)
(0.04820874748 -0.2505 0.238)
(0.04820874748 -0.2505 0.306)
(0.04820874748 -0.2505 0.374)
(0.04820874748 -0.2505 0.442)
(0.04820874748 0.2505 -0.51)
(0 0.334 -0.51)
(0.04820874748 0.2505 -0.442)
(0 0.334 -0.442)
(0.04820874748 0.2505 -0.374)
(0 0.334 -0.374)
(0.04820874748 0.2505 -0.306)
(0 0.334 -0.306)
(0.04820874748 0.2505 -0.238)
(0 0.334 -0.238)
(0.04820874748 0.2505 -0.17)
(0 0.334 -0.17)
(0.04820874748 0.2505 -0.102)
(0 0.334 -0.102)
(0.04820874748 0.2505 -0.034)
(0 0.334 -0.034)
(0.04820874748 0.2505 0.034)
(0 0.334 0.034)
(0.04820874748 0.2505 0.102)
(0 0.334 0.102)
(0.04820874748 0.2505 0.17)
(0 0.334 0.17)
(0.04820874748 0.2505 0.238)
(0 0.334 0.238)
(0.04820874748 0.2505 0.306)
(0 0.334 0.306)
(0.04820874748 0.2505 0.374)
(0 0.334 0.374)
(0.04820874748 0.2505 0.442)
(0 0.334 0.442)
(0.09641749495 0.334 -0.51)
(0.09641749495 0.334 -0.442)
(0.09641749495 0.334 -0.374)
(0.09641749495 0.334 -0.306)
(0.09641749495 0.334 -0.238)
(0.09641749495 0.334 -0.17)
(0.09641749495 0.334 -0.102)
(0.09641749495 0.334 -0.034)
(0.09641749495 0.334 0.034)
(0.09641749495 0.334 0.102)
(0.09641749495 0.334 0.17)
(0.09641749495 0.334 0.238)
(0.09641749495 0.334 0.306)
(0.09641749495 0.334 0.374)
(0.09641749495 0.334 0.442)
(0.04820874748 0.4175 -0.51)
(0.04820874748 0.4175 -0.442)
(0.04820874748 0.4175 -0.374)
(0.04820874748 0.4175 -0.306)
(0.04820874748 0.4175 -0.238)
(0.04820874748 0.4175 -0.17)
(0.04820874748 0.4175 -0.102)
(0.04820874748 0.4175 -0.034)
(0.04820874748 0.4175 0.034)
(0.04820874748 0.4175 0.102)
(0.04820874748 0.4175 0.17)
(0.04820874748 0.4175 0.238)
(0.04820874748 0.4175 0.306)
(0.04820874748 0.4175 0.374)
(0.04820874748 0.4175 0.442)
(0 0.501 -0.51)
(0 0.501 -0.442)
(0 0.501 -0.374)
(0 0.501 -0.306)
(0 0.501 -0.238)
(0 0.501 -0.17)
(0 0.501 -0.102)
(0 0.501 -0.034)
(0 0.501 0.034)
(0 0.501 0.102)
(0 0.501 0.17)
(0 0.501 0.238)
(0 0.501 0.306)
(0 0.501 0.374)
(0 0.501 0.442)
(0.09641749495 0.501 -0.51)
(0.09641749495 0.501 -0.442)
(0.09641749495 0.501 -0.374)
(0.09641749495 0.501 -0.306)
(0.09641749495 0.501 -0.238)
(0.09641749495 0.501 -0.17)
(0.09641749495 0.501 -0.102)
(0.09641749495 0.501 -0.034)
(0.09641749495 0.501 0.034)
(0.09641749495 0.501 0.102)
(0.09641749495 0.501 0.17)
(0.09641749495 0.501 0.238)
(0.09641749495 0.501 0.306)
(0.09641749495 0.501 0.374)
(0.09641749495 0.501 0.442)
(0.04820874748 0.5845 -0.51)
(0.04820874748 0.5845 -0.442)
(0.04820874748 0.5845 -0.374)
(0.04820874748 0.5845 -0.306)
(0.04820874748 0.5845 -0.238)
(0.04820874748 0.5845 -0.17)
(0.04820874748 0.5845 -0.102)
(0.04820874748 0.5845 -0.034)
(0.04820874748 0.5845 0.034)
(0.04820874748 0.5845 0.102)
(0.04820874748 0.5845 0.17)
(0.04820874748 0.5845 0.238)
(0.04820874748 0.5845 0.306)
(0.04820874748 0.5845 0.374)
(0.04820874748 0.5845 0.442)
(0 0.668 -0.51)
(0 0.668 -0.442)
(0 0.668 -0.374)
(0 0.668 -0.306)
(0 0.668 -0.238)
(0 0.668 -0.17)
(0 0.668 -0.102)
(0 0.668 -0.034)
(0 0.668 0.034)
(0 0.668 0.102)
(0 0.668 0.17)
(0 0.668 0.238)
(0 0.668 0.306)
(0 0.668 0.374)
(0 0.668 0.442)
(0.09641749495 0.668 -0.51)
(0.09641749495 0.668 -0.442)
(0.09641749495 0.668 -0.374)
(0.09641749495 0.668 -0.306)
(0.09641749495 0.668 -0.238)
(0.09641749495 0.668 -0.17)
(0.09641749495 0.668 -0.102)
(0.09641749495 0.668 -0.034)
(0.09641749495 0.668 0.034)
(0.09641749495 0.668 0.102)
(0.09641749495 0.668 0.17)
(0.09641749495 0.668 0.238)
(0.09641749495 0.668 0.306)
(0.09641749495 0.668 0.374)
(0.09641749495 0.668 0.442)
(-0.04820874748 0.7515 -0.51)
(0.04820874748 0.7515 -0.51)
(-0.04820874748 0.7515 -0.442)
(0.04820874748 0.7515 -0.442)
(-0.04820874748 0.7515 -0.374)
(0.04820874748 0.7515 -0.374)
(-0.04820874748 0.7515 -0.306)
(0.04820874748 0.7515 -0.306)
(-0.04820874748 0.7515 -0.238)
(0.04820874748 0.7515 -0.238)
(-0.04820874748 0.7515 -0.17)
(0.04820874748 0.7515 -0.17)
(-0.04820874748 0.7515 -0.102)
(0.04820874748 0.7515 -0.102)
(-0.04820874748 0.7515 -0.034)
(0.04820874748 0.7515 -0.034)
(-0.04820874748 0.7515 0.034)
(0.04820874748 0.7515 0.034)
(-0.04820874748 0.7515 0.102)
(0.04820874748 0.7515 0.102)
(-0.04820874748 0.7515 0.17)
(0.04820874748 0.7515 0.17)
(-0.04820874748 0.7515 0.238)
(0.04820874748 0.7515 0.238)
(-0.04820874748 0.7515 0.306)
(0.04820874748 0.7515 0.306)
(-0.04820874748 0.7515 0.374)
(0.04820874748 0.7515 0.374)
(-0.04820874748 0.7515 0.442)
(0.04820874748 0.7515 0.442)
(0.1928349899 -0.668 -0.51)
(0.1446262424 -0.5845 -0.51)
(0.1928349899 -0.668 -0.442)
(0.1446262424 -0.5845 -0.442)
(0.1928349899 -0.668 -0.374)
(0.1446262424 -0.5845 -0.374)
(0.1928349899 -0.668 -0.306)
(0.1446262424 -0.5845 -0.306)
(0.1928349899 -0.668 -0.238)
(0.1446262424 -0.5845 -0.238)
(0.1928349899 -0.668 -0.17)
(0.1446262424 -0.5845 -0.17)
(0.1928349899 -0.668 -0.102)
(0.1446262424 -0.5845 -0.102)
(0.1928349899 -0.668 -0.034)
(0.1446262424 -0.5845 -0.034)
(0.1928349899 -0.668 0.034)
(0.1446262424 -0.5845 0.034)
(0.1928349899 -0.668 0.102)
(0.1446262424 -0.5845 0.102)
(0.1928349899 -0.668 0.17)
(0.1446262424 -0.5845 0.17)
(0.1928349899 -0.668 0.238)
(0.1446262424 -0.5845 0.238)
(0.1928349899 -0.668 0.306)
(0.1446262424 -0.5845 0.306)
(0.1928349899 -0.668 0.374)
(0.1446262424 -0.5845 0.374)
(0.1928349899 -0.668 0.442)
(0.1446262424 -0.5845 0.442)
(0.2410437374 -0.5845 -0.51)
(0.2410437374 -0.5845 -0.442)
(0.2410437374 -0.5845 -0.374)
(0.2410437374 -0.5845 -0.306)
(0.2410437374 -0.5845 -0.238)
(0.2410437374 -0.5845 -0.17)
(0.2410437374 -0.5845 -0.102)
(0.2410437374 -0.5845 -0.034)
(0.2410437374 -0.5845 0.034)
(0.2410437374 -0.5845 0.102)
(0.2410437374 -0.5845 0.17)
(0.2410437374 -0.5845 0.238)
(0.2410437374 -0.5845 0.306)
(0.2410437374 -0.5845 0.374)
(0.2410437374 -0.5845 0.442)
(0.1928349899 -0.501 -0.51)
(0.1928349899 -0.501 -0.442)
(0.1928349899 -0.501 -0.374)
(0.1928349899 -0.501 -0.306)
(0.1928349899 -0.501 -0.238)
(0.1928349899 -0.501 -0.17)
(0.1928349899 -0.501 -0.102)
(0.1928349899 -0.501 -0.034)
(0.1928349899 -0.501 0.034)
(0.1928349899 -0.501 0.102)
(0.1928349899 -0.501 0.17)
(0.1928349899 -0.501 0.238)
(0.1928349899 -0.501 0.306)
(0.1928349899 -0.501 0.374)
(0.1928349899 -0.501 0.442)
(0.1446262424 -0.4175 -0.51)
(0.1446262424 -0.4175 -0.442)
(0.1446262424 -0.4175 -0.374)
(0.1446262424 -0.4175 -0.306)
(0.1446262424 -0.4175 -0.238)
(0.1446262424 -0.4175 -0.17)
(0.1446262424 -0.4175 -0.102)
(0.1446262424 -0.4175 -0.034)
(0.1446262424 -0.4175 0.034)
(0.1446262424 -0.4175 0.102)
(0.1446262424 -0.4175 0.17)
(0.1446262424 -0.4175 0.238)
(0.1446262424 -0.4175 0.306)
(0.1446262424 -0.4175 0.374)
(0.1446262424 -0.4175 0.442)
(0.2410437374 -0.4175 -0.51)
(0.2410437374 -0.4175 -0.442)
(0.2410437374 -0.4175 -0.374)
(0.2410437374 -0.4175 -0.306)
(0.2410437374 -0.4175 -0.238)
(0.2410437374 -0.4175 -0.17)
(0.2410437374 -0.4175 -0.102)
(0.2410437374 -0.4175 -0.034)
(0.2410437374 -0.4175 0.034)
(0.2410437374 -0.4175 0.102)
(0.2410437374 -0.4175 0.17)
(0.2410437374 -0.4175 0.238)
(0.2410437374 -0.4175 0.306)
(0.2410437374 -0.4175 0.374)
(0.2410437374 -0.4175 0.442)
(0.1928349899 -0.334 -0.51)
(0.1928349899 -0.334 -0.442)
(0.1928349899 -0.334 -0.374)
(0.1928349899 -0.334 -0.306)
(0.1928349899 -0.334 -0.238)
(0.1928349899 -0.334 -0.17)
(0.1928349899 -0.334 -0.102)
(0.1928349899 -0.334 -0.034)
(0.1928349899 -0.334 0.034)
(0.1928349899 -0.334 0.102)
(0.1928349899 -0.334 0.17)
(0.1928349899 -0.334 0.238)
(0.1928349899 -0.334 0.306)
(0.1928349899 -0.334 0.374)
(0.1928349899 -0.334 0.442)
(0.1446262424 -0.2505 -0.51)
(0.1446262424 -0.2505 -0.442)
(0.1446262424 -0.2505 -0.374)
(0.1446262424 -0.2505 -0.306)
(0.1446262424 -0.2505 -0.238)
(0.1446262424 -0.2505 -0.17)
(0.1446262424 -0.2505 -0.102)
(0.1446262424 -0.2505 -0.034)
(0.1446262424 -0.2505 0.034)
(0.1446262424 -0.2505 0.102)
(0.1446262424 -0.2505 0.17)
(0.1446262424 -0.2505 0.238)
(0.1446262424 -0.2505 0.306)
(0.1446262424 -0.2505 0.374)
(0.1446262424 -0.2505 0.442)
(0.2410437374 -0.2505 -0.51)
(0.2410437374 -0.2505 -0.442)
(0.2410437374 -0.2505 -0.374)
(0.2410437374 -0.2505 -0.306)
(0.2410437374 -0.2505 -0.238)
(0.2410437374 -0.2505 -0.17)
(0.2410437374 -0.2505 -0.102)
(0.2410437374 -0.2505 -0.034)
(0.2410437374 -0.2505 0.034)
(0.2410437374 -0.2505 0.102)
(0.2410437374 -0.2505 0.17)
(0.2410437374 -0.2505 0.238)
(0.2410437374 -0.2505 0.306)
(0.2410437374 -0.2505 0.374)
(0.2410437374 -0.2505 0.442)
(0.09641749495 -0.167 -0.51)
(0.1928349899 -0.167 -0.51)
(0.09641749495 -0.167 -0.442)
(0.1928349899 -0.167 -0.442)
(0.09641749495 -0.167 -0.374)
(0.1928349899 -0.167 -0.374)
(0.09641749495 -0.167 -0.306)
(0.1928349899 -0.167 -0.306)
(0.09641749495 -0.167 -0.238)
(0.1928349899 -0.167 -0.238)
(0.09641749495 -0.167 -0.17)
(0.1928349899 -0.167 -0.17)
(0.09641749495 -0.167 -0.102)
(0.1928349899 -0.167 -0.102)
(0.09641749495 -0.167 -0.034)
(0.1928349899 -0.167 -0.034)
(0.09641749495 -0.167 0.034)
(0.1928349899 -0.167 0.034)
(0.09641749495 -0.167 0.102)
(0.1928349899 -0.167 0.102)
(0.09641749495 -0.167 0.17)
(0.1928349899 -0.167 0.17)
(0.09641749495 -0.167 0.238)
(0.1928349899 -0.167 0.238)
(0.09641749495 -0.167 0.306)
(0.1928349899 -0.167 0.306)
(0.09641749495 -0.167 0.374)
(0.1928349899 -0.167 0.374)
(0.09641749495 -0.167 0.442)
(0.1928349899 -0.167 0.442)
(0.09641749495 0.167 -0.51)
(0.1928349899 0.167 -0.51)
(0.1446262424 0.2505 -0.51)
(0.09641749495 0.167 -0.442)
(0.1928349899 0.167 -0.442)
(0.1446262424 0.2505 -0.442)
(0.09641749495 0.167 -0.374)
(0.1928349899 0.167 -0.374)
(0.1446262424 0.2505 -0.374)
(0.09641749495 0.167 -0.306)
(0.1928349899 0.167 -0.306)
(0.1446262424 0.2505 -0.306)
(0.09641749495 0.167 -0.238)
(0.1928349899 0.167 -0.238)
(0.1446262424 0.2505 -0.238)
(0.09641749495 0.167 -0.17)
(0.1928349899 0.167 -0.17)
(0.1446262424 0.2505 -0.17)
(0.09641749495 0.167 -0.102)
(0.1928349899 0.167 -0.102)
(0.1446262424 0.2505 -0.102)
(0.09641749495 0.167 -0.034)
(0.1928349899 0.167 -0.034)
(0.1446262424 0.2505 -0.034)
(0.09641749495 0.167 0.034)
(0.1928349899 0.167 0.034)
(0.1446262424 0.2505 0.034)
(0.09641749495 0.167 0.102)
(0.1928349899 0.167 0.102)
(0.1446262424 0.2505 0.102)
(0.09641749495 0.167 0.17)
(0.1928349899 0.167 0.17)
(0.1446262424 0.2505 0.17)
(0.09641749495 0.167 0.238)
(0.1928349899 0.167 0.238)
(0.1446262424 0.2505 0.238)
(0.09641749495 0.167 0.306)
(0.1928349899 0.167 0.306)
(0.1446262424 0.2505 0.306)
(0.09641749495 0.167 0.374)
(0.1928349899 0.167 0.374)
(0.1446262424 0.2505 0.374)
(0.09641749495 0.167 0.442)
(0.1928349899 0.167 0.442)
(0.1446262424 0.2505 0.442)
(0.2410437374 0.2505 -0.51)
(0.2410437374 0.2505 -0.442)
(0.2410437374 0.2505 -0.374)
(0.2410437374 0.2505 -0.306)
(0.2410437374 0.2505 -0.238)
(0.2410437374 0.2505 -0.17)
(0.2410437374 0.2505 -0.102)
(0.2410437374 0.2505 -0.034)
(0.2410437374 0.2505 0.034)
(0.2410437374 0.2505 0.102)
(0.2410437374 0.2505 0.17)
(0.2410437374 0.2505 0.238)
(0.2410437374 0.2505 0.306)
(0.2410437374 0.2505 0.374)
(0.2410437374 0.2505 0.442)
(0.1928349899 0.334 -0.51)
(0.1928349899 0.334 -0.442)
(0.1928349899 0.334 -0.374)
(0.1928349899 0.334 -0.306)
(0.1928349899 0.334 -0.238)
(0.1928349899 0.334 -0.17)
(0.1928349899 0.334 -0.102)
(0.1928349899 0.334 -0.034)
(0.1928349899 0.334 0.034)
(0.1928349899 0.334 0.102)
(0.1928349899 0.334 0.17)
(0.1928349899 0.334 0.238)
(0.1928349899 0.334 0.306)
(0.1928349899 0.334 0.374)
(0.1928349899 0.334 0.442)
(0.1446262424 0.4175 -0.51)
(0.1446262424 0.4175 -0.442)
(0.1446262424 0.4175 -0.374)
(0.1446262424 0.4175 -0.306)
(0.1446262424 0.4175 -0.238)
(0.1446262424 0.4175 -0.17)
(0.1446262424 0.4175 -0.102)
(0.1446262424 0.4175 -0.034)
(0.1446262424 0.4175 0.034)
(0.1446262424 0.4175 0.102)
(0.1446262424 0.4175 0.17)
(0.1446262424 0.4175 0.238)
(0.1446262424 0.4175 0.306)
(0.1446262424 0.4175 0.374)
(0.1446262424 0.4175 0.442)
(0.2410437374 0.4175 -0.51)
(0.2410437374 0.4175 -0.442)
(0.2410437374 0.4175 -0.374)
(0.2410437374 0.4175 -0.306)
(0.2410437374 0.4175 -0.238)
(0.2410437374 0.4175 -0.17)
(0.2410437374 0.4175 -0.102)
(0.2410437374 0.4175 -0.034)
(0.2410437374 0.4175 0.034)
(0.2410437374 0.4175 0.102)
(0.2410437374 0.4175 0.17)
(0.2410437374 0.4175 0.238)
(0.2410437374 0.4175 0.306)
(0.2410437374 0.4175 0.374)
(0.2410437374 0.4175 0.442)
(0.1928349899 0.501 -0.51)
(0.1928349899 0.501 -0.442)
(0.1928349899 0.501 -0.374)
(0.1928349899 0.501 -0.306)
(0.1928349899 0.501 -0.238)
(0.1928349899 0.501 -0.17)
(0.1928349899 0.501 -0.102)
(0.1928349899 0.501 -0.034)
(0.1928349899 0.501 0.034)
(0.1928349899 0.501 0.102)
(0.1928349899 0.501 0.17)
(0.1928349899 0.501 0.238)
(0.1928349899 0.501 0.306)
(0.1928349899 0.501 0.374)
(0.1928349899 0.501 0.442)
(0.1446262424 0.5845 -0.51)
(0.1446262424 0.5845 -0.442)
(0.1446262424 0.5845 -0.374)
(0.1446262424 0.5845 -0.306)
(0.1446262424 0.5845 -0.238)
(0.1446262424 0.5845 -0.17)
(0.1446262424 0.5845 -0.102)
(0.1446262424 0.5845 -0.034)
(0.1446262424 0.5845 0.034)
(0.1446262424 0.5845 0.102)
(0.1446262424 0.5845 0.17)
(0.1446262424 0.5845 0.238)
(0.1446262424 0.5845 0.306)
(0.1446262424 0.5845 0.374)
(0.1446262424 0.5845 0.442)
(0.2410437374 0.5845 -0.51)
(0.2410437374 0.5845 -0.442)
(0.2410437374 0.5845 -0.374)
(0.2410437374 0.5845 -0.306)
(0.2410437374 0.5845 -0.238)
(0.2410437374 0.5845 -0.17)
(0.2410437374 0.5845 -0.102)
(0.2410437374 0.5845 -0.034)
(0.2410437374 0.5845 0.034)
(0.2410437374 0.5845 0.102)
(0.2410437374 0.5845 0.17)
(0.2410437374 0.5845 0.238)
(0.2410437374 0.5845 0.306)
(0.2410437374 0.5845 0.374)
(0.2410437374 0.5845 0.442)
(0.1928349899 0.668 -0.51)
(0.1928349899 0.668 -0.442)
(0.1928349899 0.668 -0.374)
(0.1928349899 0.668 -0.306)
(0.1928349899 0.668 -0.238)
(0.1928349899 0.668 -0.17)
(0.1928349899 0.668 -0.102)
(0.1928349899 0.668 -0.034)
(0.1928349899 0.668 0.034)
(0.1928349899 0.668 0.102)
(0.1928349899 0.668 0.17)
(0.1928349899 0.668 0.238)
(0.1928349899 0.668 0.306)
(0.1928349899 0.668 0.374)
(0.1928349899 0.668 0.442)
(0.3374612323 -0.5845 -0.51)
(0.2892524849 -0.501 -0.51)
(0.3374612323 -0.5845 -0.442)
(0.2892524849 -0.501 -0.442)
(0.3374612323 -0.5845 -0.374)
(0.2892524849 -0.501 -0.374)
(0.3374612323 -0.5845 -0.306)
(0.2892524849 -0.501 -0.306)
(0.3374612323 -0.5845 -0.238)
(0.2892524849 -0.501 -0.238)
(0.3374612323 -0.5845 -0.17)
(0.2892524849 -0.501 -0.17)
(0.3374612323 -0.5845 -0.102)
(0.2892524849 -0.501 -0.102)
(0.3374612323 -0.5845 -0.034)
(0.2892524849 -0.501 -0.034)
(0.3374612323 -0.5845 0.034)
(0.2892524849 -0.501 0.034)
(0.3374612323 -0.5845 0.102)
(0.2892524849 -0.501 0.102)
(0.3374612323 -0.5845 0.17)
(0.2892524849 -0.501 0.17)
(0.3374612323 -0.5845 0.238)
(0.2892524849 -0.501 0.238)
(0.3374612323 -0.5845 0.306)
(0.2892524849 -0.501 0.306)
(0.3374612323 -0.5845 0.374)
(0.2892524849 -0.501 0.374)
(0.3374612323 -0.5845 0.442)
(0.2892524849 -0.501 0.442)
(0.3856699798 -0.501 -0.51)
(0.3856699798 -0.501 -0.442)
(0.3856699798 -0.501 -0.374)
(0.3856699798 -0.501 -0.306)
(0.3856699798 -0.501 -0.238)
(0.3856699798 -0.501 -0.17)
(0.3856699798 -0.501 -0.102)
(0.3856699798 -0.501 -0.034)
(0.3856699798 -0.501 0.034)
(0.3856699798 -0.501 0.102)
(0.3856699798 -0.501 0.17)
(0.3856699798 -0.501 0.238)
(0.3856699798 -0.501 0.306)
(0.3856699798 -0.501 0.374)
(0.3856699798 -0.501 0.442)
(0.3374612323 -0.4175 -0.51)
(0.3374612323 -0.4175 -0.442)
(0.3374612323 -0.4175 -0.374)
(0.3374612323 -0.4175 -0.306)
(0.3374612323 -0.4175 -0.238)
(0.3374612323 -0.4175 -0.17)
(0.3374612323 -0.4175 -0.102)
(0.3374612323 -0.4175 -0.034)
(0.3374612323 -0.4175 0.034)
(0.3374612323 -0.4175 0.102)
(0.3374612323 -0.4175 0.17)
(0.3374612323 -0.4175 0.238)
(0.3374612323 -0.4175 0.306)
(0.3374612323 -0.4175 0.374)
(0.3374612323 -0.4175 0.442)
(0.2892524849 -0.334 -0.51)
(0.2892524849 -0.334 -0.442)
(0.2892524849 -0.334 -0.374)
(0.2892524849 -0.334 -0.306)
(0.2892524849 -0.334 -0.238)
(0.2892524849 -0.334 -0.17)
(0.2892524849 -0.334 -0.102)
(0.2892524849 -0.334 -0.034)
(0.2892524849 -0.334 0.034)
(0.2892524849 -0.334 0.102)
(0.2892524849 -0.334 0.17)
(0.2892524849 -0.334 0.238)
(0.2892524849 -0.334 0.306)
(0.2892524849 -0.334 0.374)
(0.2892524849 -0.334 0.442)
(0.3856699798 -0.334 -0.51)
(0.3856699798 -0.334 -0.442)
(0.3856699798 -0.334 -0.374)
(0.3856699798 -0.334 -0.306)
(0.3856699798 -0.334 -0.238)
(0.3856699798 -0.334 -0.17)
(0.3856699798 -0.334 -0.102)
(0.3856699798 -0.334 -0.034)
(0.3856699798 -0.334 0.034)
(0.3856699798 -0.334 0.102)
(0.3856699798 -0.334 0.17)
(0.3856699798 -0.334 0.238)
(0.3856699798 -0.334 0.306)
(0.3856699798 -0.334 0.374)
(0.3856699798 -0.334 0.442)
(0.3374612323 -0.2505 -0.51)
(0.3374612323 -0.2505 -0.442)
(0.3374612323 -0.2505 -0.374)
(0.3374612323 -0.2505 -0.306)
(0.3374612323 -0.2505 -0.238)
(0.3374612323 -0.2505 -0.17)
(0.3374612323 -0.2505 -0.102)
(0.3374612323 -0.2505 -0.034)
(0.3374612323 -0.2505 0.034)
(0.3374612323 -0.2505 0.102)
(0.3374612323 -0.2505 0.17)
(0.3374612323 -0.2505 0.238)
(0.3374612323 -0.2505 0.306)
(0.3374612323 -0.2505 0.374)
(0.3374612323 -0.2505 0.442)
(0.2892524849 -0.167 -0.51)
(0.2892524849 -0.167 -0.442)
(0.2892524849 -0.167 -0.374)
(0.2892524849 -0.167 -0.306)
(0.2892524849 -0.167 -0.238)
(0.2892524849 -0.167 -0.17)
(0.2892524849 -0.167 -0.102)
(0.2892524849 -0.167 -0.034)
(0.2892524849 -0.167 0.034)
(0.2892524849 -0.167 0.102)
(0.2892524849 -0.167 0.17)
(0.2892524849 -0.167 0.238)
(0.2892524849 -0.167 0.306)
(0.2892524849 -0.167 0.374)
(0.2892524849 -0.167 0.442)
(0.3856699798 -0.167 -0.51)
(0.3856699798 -0.167 -0.442)
(0.3856699798 -0.167 -0.374)
(0.3856699798 -0.167 -0.306)
(0.3856699798 -0.167 -0.238)
(0.3856699798 -0.167 -0.17)
(0.3856699798 -0.167 -0.102)
(0.3856699798 -0.167 -0.034)
(0.3856699798 -0.167 0.034)
(0.3856699798 -0.167 0.102)
(0.3856699798 -0.167 0.17)
(0.3856699798 -0.167 0.238)
(0.3856699798 -0.167 0.306)
(0.3856699798 -0.167 0.374)
(0.3856699798 -0.167 0.442)
(0.2410437374 -0.0835 -0.51)
(0.3374612323 -0.0835 -0.51)
(0.2410437374 -0.0835 -0.442)
(0.3374612323 -0.0835 -0.442)
(0.2410437374 -0.0835 -0.374)
(0.3374612323 -0.0835 -0.374)
(0.2410437374 -0.0835 -0.306)
(0.3374612323 -0.0835 -0.306)
(0.2410437374 -0.0835 -0.238)
(0.3374612323 -0.0835 -0.238)
(0.2410437374 -0.0835 -0.17)
(0.3374612323 -0.0835 -0.17)
(0.2410437374 -0.0835 -0.102)
(0.3374612323 -0.0835 -0.102)
(0.2410437374 -0.0835 -0.034)
(0.3374612323 -0.0835 -0.034)
(0.2410437374 -0.0835 0.034)
(0.3374612323 -0.0835 0.034)
(0.2410437374 -0.0835 0.102)
(0.3374612323 -0.0835 0.102)
(0.2410437374 -0.0835 0.17)
(0.3374612323 -0.0835 0.17)
(0.2410437374 -0.0835 0.238)
(0.3374612323 -0.0835 0.238)
(0.2410437374 -0.0835 0.306)
(0.3374612323 -0.0835 0.306)
(0.2410437374 -0.0835 0.374)
(0.3374612323 -0.0835 0.374)
(0.2410437374 -0.0835 0.442)
(0.3374612323 -0.0835 0.442)
(0.2892524849 0 -0.51)
(0.2892524849 0 -0.442)
(0.2892524849 0 -0.374)
(0.2892524849 0 -0.306)
(0.2892524849 0 -0.238)
(0.2892524849 0 -0.17)
(0.2892524849 0 -0.102)
(0.2892524849 0 -0.034)
(0.2892524849 0 0.034)
(0.2892524849 0 0.102)
(0.2892524849 0 0.17)
(0.2892524849 0 0.238)
(0.2892524849 0 0.306)
(0.2892524849 0 0.374)
(0.2892524849 0 0.442)
(0.3856699798 0 -0.51)
(0.3856699798 0 -0.442)
(0.3856699798 0 -0.374)
(0.3856699798 0 -0.306)
(0.3856699798 0 -0.238)
(0.3856699798 0 -0.17)
(0.3856699798 0 -0.102)
(0.3856699798 0 -0.034)
(0.3856699798 0 0.034)
(0.3856699798 0 0.102)
(0.3856699798 0 0.17)
(0.3856699798 0 0.238)
(0.3856699798 0 0.306)
(0.3856699798 0 0.374)
(0.3856699798 0 0.442)
(0.1928349899 0 -0.51)
(0.1928349899 0 -0.442)
(0.1928349899 0 -0.374)
(0.1928349899 0 -0.306)
(0.1928349899 0 -0.238)
(0.1928349899 0 -0.17)
(0.1928349899 0 -0.102)
(0.1928349899 0 -0.034)
(0.1928349899 0 0.034)
(0.1928349899 0 0.102)
(0.1928349899 0 0.17)
(0.1928349899 0 0.238)
(0.1928349899 0 0.306)
(0.1928349899 0 0.374)
(0.1928349899 0 0.442)
(0.2410437374 0.0835 -0.51)
(0.3374612323 0.0835 -0.51)
(0.2410437374 0.0835 -0.442)
(0.3374612323 0.0835 -0.442)
(0.2410437374 0.0835 -0.374)
(0.3374612323 0.0835 -0.374)
(0.2410437374 0.0835 -0.306)
(0.3374612323 0.0835 -0.306)
(0.2410437374 0.0835 -0.238)
(0.3374612323 0.0835 -0.238)
(0.2410437374 0.0835 -0.17)
(0.3374612323 0.0835 -0.17)
(0.2410437374 0.0835 -0.102)
(0.3374612323 0.0835 -0.102)
(0.2410437374 0.0835 -0.034)
(0.3374612323 0.0835 -0.034)
(0.2410437374 0.0835 0.034)
(0.3374612323 0.0835 0.034)
(0.2410437374 0.0835 0.102)
(0.3374612323 0.0835 0.102)
(0.2410437374 0.0835 0.17)
(0.3374612323 0.0835 0.17)
(0.2410437374 0.0835 0.238)
(0.3374612323 0.0835 0.238)
(0.2410437374 0.0835 0.306)
(0.3374612323 0.0835 0.306)
(0.2410437374 0.0835 0.374)
(0.3374612323 0.0835 0.374)
(0.2410437374 0.0835 0.442)
(0.3374612323 0.0835 0.442)
(0.2892524849 0.167 -0.51)
(0.2892524849 0.167 -0.442)
(0.2892524849 0.167 -0.374)
(0.2892524849 0.167 -0.306)
(0.2892524849 0.167 -0.238)
(0.2892524849 0.167 -0.17)
(0.2892524849 0.167 -0.102)
(0.2892524849 0.167 -0.034)
(0.2892524849 0.167 0.034)
(0.2892524849 0.167 0.102)
(0.2892524849 0.167 0.17)
(0.2892524849 0.167 0.238)
(0.2892524849 0.167 0.306)
(0.2892524849 0.167 0.374)
(0.2892524849 0.167 0.442)
(0.3856699798 0.167 -0.51)
(0.3856699798 0.167 -0.442)
(0.3856699798 0.167 -0.374)
(0.3856699798 0.167 -0.306)
(0.3856699798 0.167 -0.238)
(0.3856699798 0.167 -0.17)
(0.3856699798 0.167 -0.102)
(0.3856699798 0.167 -0.034)
(0.3856699798 0.167 0.034)
(0.3856699798 0.167 0.102)
(0.3856699798 0.167 0.17)
(0.3856699798 0.167 0.238)
(0.3856699798 0.167 0.306)
(0.3856699798 0.167 0.374)
(0.3856699798 0.167 0.442)
(0.3374612323 0.2505 -0.51)
(0.3374612323 0.2505 -0.442)
(0.3374612323 0.2505 -0.374)
(0.3374612323 0.2505 -0.306)
(0.3374612323 0.2505 -0.238)
(0.3374612323 0.2505 -0.17)
(0.3374612323 0.2505 -0.102)
(0.3374612323 0.2505 -0.034)
(0.3374612323 0.2505 0.034)
(0.3374612323 0.2505 0.102)
(0.3374612323 0.2505 0.17)
(0.3374612323 0.2505 0.238)
(0.3374612323 0.2505 0.306)
(0.3374612323 0.2505 0.374)
(0.3374612323 0.2505 0.442)
(0.2892524849 0.334 -0.51)
(0.2892524849 0.334 -0.442)
(0.2892524849 0.334 -0.374)
(0.2892524849 0.334 -0.306)
(0.2892524849 0.334 -0.238)
(0.2892524849 0.334 -0.17)
(0.2892524849 0.334 -0.102)
(0.2892524849 0.334 -0.034)
(0.2892524849 0.334 0.034)
(0.2892524849 0.334 0.102)
(0.2892524849 0.334 0.17)
(0.2892524849 0.334 0.238)
(0.2892524849 0.334 0.306)
(0.2892524849 0.334 0.374)
(0.2892524849 0.334 0.442)
(0.3856699798 0.334 -0.51)
(0.3856699798 0.334 -0.442)
(0.3856699798 0.334 -0.374)
(0.3856699798 0.334 -0.306)
(0.3856699798 0.334 -0.238)
(0.3856699798 0.334 -0.17)
(0.3856699798 0.334 -0.102)
(0.3856699798 0.334 -0.034)
(0.3856699798 0.334 0.034)
(0.3856699798 0.334 0.102)
(0.3856699798 0.334 0.17)
(0.3856699798 0.334 0.238)
(0.3856699798 0.334 0.306)
(0.3856699798 0.334 0.374)
(0.3856699798 0.334 0.442)
(0.3374612323 0.4175 -0.51)
(0.3374612323 0.4175 -0.442)
(0.3374612323 0.4175 -0.374)
(0.3374612323 0.4175 -0.306)
(0.3374612323 0.4175 -0.238)
(0.3374612323 0.4175 -0.17)
(0.3374612323 0.4175 -0.102)
(0.3374612323 0.4175 -0.034)
(0.3374612323 0.4175 0.034)
(0.3374612323 0.4175 0.102)
(0.3374612323 0.4175 0.17)
(0.3374612323 0.4175 0.238)
(0.3374612323 0.4175 0.306)
(0.3374612323 0.4175 0.374)
(0.3374612323 0.4175 0.442)
(0.2892524849 0.501 -0.51)
(0.2892524849 0.501 -0.442)
(0.2892524849 0.501 -0.374)
(0.2892524849 0.501 -0.306)
(0.2892524849 0.501 -0.238)
(0.2892524849 0.501 -0.17)
(0.2892524849 0.501 -0.102)
(0.2892524849 0.501 -0.034)
(0.2892524849 0.501 0.034)
(0.2892524849 0.501 0.102)
(0.2892524849 0.501 0.17)
(0.2892524849 0.501 0.238)
(0.2892524849 0.501 0.306)
(0.2892524849 0.501 0.374)
(0.2892524849 0.501 0.442)
(0.3856699798 0.501 -0.51)
(0.3856699798 0.501 -0.442)
(0.3856699798 0.501 -0.374)
(0.3856699798 0.501 -0.306)
(0.3856699798 0.501 -0.238)
(0.3856699798 0.501 -0.17)
(0.3856699798 0.501 -0.102)
(0.3856699798 0.501 -0.034)
(0.3856699798 0.501 0.034)
(0.3856699798 0.501 0.102)
(0.3856699798 0.501 0.17)
(0.3856699798 0.501 0.238)
(0.3856699798 0.501 0.306)
(0.3856699798 0.501 0.374)
(0.3856699798 0.501 0.442)
(0.3374612323 0.5845 -0.51)
(0.3374612323 0.5845 -0.442)
(0.3374612323 0.5845 -0.374)
(0.3374612323 0.5845 -0.306)
(0.3374612323 0.5845 -0.238)
(0.3374612323 0.5845 -0.17)
(0.3374612323 0.5845 -0.102)
(0.3374612323 0.5845 -0.034)
(0.3374612323 0.5845 0.034)
(0.3374612323 0.5845 0.102)
(0.3374612323 0.5845 0.17)
(0.3374612323 0.5845 0.238)
(0.3374612323 0.5845 0.306)
(0.3374612323 0.5845 0.374)
(0.3374612323 0.5845 0.442)
(0.4820874748 -0.501 -0.51)
(0.4338787273 -0.4175 -0.51)
(0.4820874748 -0.501 -0.442)
(0.4338787273 -0.4175 -0.442)
(0.4820874748 -0.501 -0.374)
(0.4338787273 -0.4175 -0.374)
(0.4820874748 -0.501 -0.306)
(0.4338787273 -0.4175 -0.306)
(0.4820874748 -0.501 -0.238)
(0.4338787273 -0.4175 -0.238)
(0.4820874748 -0.501 -0.17)
(0.4338787273 -0.4175 -0.17)
(0.4820874748 -0.501 -0.102)
(0.4338787273 -0.4175 -0.102)
(0.4820874748 -0.501 -0.034)
(0.4338787273 -0.4175 -0.034)
(0.4820874748 -0.501 0.034)
(0.4338787273 -0.4175 0.034)
(0.4820874748 -0.501 0.102)
(0.4338787273 -0.4175 0.102)
(0.4820874748 -0.501 0.17)
(0.4338787273 -0.4175 0.17)
(0.4820874748 -0.501 0.238)
(0.4338787273 -0.4175 0.238)
(0.4820874748 -0.501 0.306)
(0.4338787273 -0.4175 0.306)
(0.4820874748 -0.501 0.374)
(0.4338787273 -0.4175 0.374)
(0.4820874748 -0.501 0.442)
(0.4338787273 -0.4175 0.442)
(0.5302962223 -0.4175 -0.51)
(0.5302962223 -0.4175 -0.442)
(0.5302962223 -0.4175 -0.374)
(0.5302962223 -0.4175 -0.306)
(0.5302962223 -0.4175 -0.238)
(0.5302962223 -0.4175 -0.17)
(0.5302962223 -0.4175 -0.102)
(0.5302962223 -0.4175 -0.034)
(0.5302962223 -0.4175 0.034)
(0.5302962223 -0.4175 0.102)
(0.5302962223 -0.4175 0.17)
(0.5302962223 -0.4175 0.238)
(0.5302962223 -0.4175 0.306)
(0.5302962223 -0.4175 0.374)
(0.5302962223 -0.4175 0.442)
(0.4820874748 -0.334 -0.51)
(0.4820874748 -0.334 -0.442)
(0.4820874748 -0.334 -0.374)
(0.4820874748 -0.334 -0.306)
(0.4820874748 -0.334 -0.238)
(0.4820874748 -0.334 -0.17)
(0.4820874748 -0.334 -0.102)
(0.4820874748 -0.334 -0.034)
(0.4820874748 -0.334 0.034)
(0.4820874748 -0.334 0.102)
(0.4820874748 -0.334 0.17)
(0.4820874748 -0.334 0.238)
(0.4820874748 -0.334 0.306)
(0.4820874748 -0.334 0.374)
(0.4820874748 -0.334 0.442)
(0.4338787273 -0.2505 -0.51)
(0.4338787273 -0.2505 -0.442)
(0.4338787273 -0.2505 -0.374)
(0.4338787273 -0.2505 -0.306)
(0.4338787273 -0.2505 -0.238)
(0.4338787273 -0.2505 -0.17)
(0.4338787273 -0.2505 -0.102)
(0.4338787273 -0.2505 -0.034)
(0.4338787273 -0.2505 0.034)
(0.4338787273 -0.2505 0.102)
(0.4338787273 -0.2505 0.17)
(0.4338787273 -0.2505 0.238)
(0.4338787273 -0.2505 0.306)
(0.4338787273 -0.2505 0.374)
(0.4338787273 -0.2505 0.442)
(0.5302962223 -0.2505 -0.51)
(0.5302962223 -0.2505 -0.442)
(0.5302962223 -0.2505 -0.374)
(0.5302962223 -0.2505 -0.306)
(0.5302962223 -0.2505 -0.238)
(0.5302962223 -0.2505 -0.17)
(0.5302962223 -0.2505 -0.102)
(0.5302962223 -0.2505 -0.034)
(0.5302962223 -0.2505 0.034)
(0.5302962223 -0.2505 0.102)
(0.5302962223 -0.2505 0.17)
(0.5302962223 -0.2505 0.238)
(0.5302962223 -0.2505 0.306)
(0.5302962223 -0.2505 0.374)
(0.5302962223 -0.2505 0.442)
(0.4820874748 -0.167 -0.51)
(0.4820874748 -0.167 -0.442)
(0.4820874748 -0.167 -0.374)
(0.4820874748 -0.167 -0.306)
(0.4820874748 -0.167 -0.238)
(0.4820874748 -0.167 -0.17)
(0.4820874748 -0.167 -0.102)
(0.4820874748 -0.167 -0.034)
(0.4820874748 -0.167 0.034)
(0.4820874748 -0.167 0.102)
(0.4820874748 -0.167 0.17)
(0.4820874748 -0.167 0.238)
(0.4820874748 -0.167 0.306)
(0.4820874748 -0.167 0.374)
(0.4820874748 -0.167 0.442)
(0.4338787273 -0.0835 -0.51)
(0.4338787273 -0.0835 -0.442)
(0.4338787273 -0.0835 -0.374)
(0.4338787273 -0.0835 -0.306)
(0.4338787273 -0.0835 -0.238)
(0.4338787273 -0.0835 -0.17)
(0.4338787273 -0.0835 -0.102)
(0.4338787273 -0.0835 -0.034)
(0.4338787273 -0.0835 0.034)
(0.4338787273 -0.0835 0.102)
(0.4338787273 -0.0835 0.17)
(0.4338787273 -0.0835 0.238)
(0.4338787273 -0.0835 0.306)
(0.4338787273 -0.0835 0.374)
(0.4338787273 -0.0835 0.442)
(0.5302962223 -0.0835 -0.51)
(0.5302962223 -0.0835 -0.442)
(0.5302962223 -0.0835 -0.374)
(0.5302962223 -0.0835 -0.306)
(0.5302962223 -0.0835 -0.238)
(0.5302962223 -0.0835 -0.17)
(0.5302962223 -0.0835 -0.102)
(0.5302962223 -0.0835 -0.034)
(0.5302962223 -0.0835 0.034)
(0.5302962223 -0.0835 0.102)
(0.5302962223 -0.0835 0.17)
(0.5302962223 -0.0835 0.238)
(0.5302962223 -0.0835 0.306)
(0.5302962223 -0.0835 0.374)
(0.5302962223 -0.0835 0.442)
(0.4820874748 -1.387778781e-17 -0.51)
(0.4820874748 -1.387778781e-17 -0.442)
(0.4820874748 -1.387778781e-17 -0.374)
(0.4820874748 -1.387778781e-17 -0.306)
(0.4820874748 -1.387778781e-17 -0.238)
(0.4820874748 -1.387778781e-17 -0.17)
(0.4820874748 -1.387778781e-17 -0.102)
(0.4820874748 -1.387778781e-17 -0.034)
(0.4820874748 -1.387778781e-17 0.034)
(0.4820874748 -1.387778781e-17 0.102)
(0.4820874748 -1.387778781e-17 0.17)
(0.4820874748 -1.387778781e-17 0.238)
(0.4820874748 -1.387778781e-17 0.306)
(0.4820874748 -1.387778781e-17 0.374)
(0.4820874748 -1.387778781e-17 0.442)
(0.4338787273 0.0835 -0.51)
(0.4338787273 0.0835 -0.442)
(0.4338787273 0.0835 -0.374)
(0.4338787273 0.0835 -0.306)
(0.4338787273 0.0835 -0.238)
(0.4338787273 0.0835 -0.17)
(0.4338787273 0.0835 -0.102)
(0.4338787273 0.0835 -0.034)
(0.4338787273 0.0835 0.034)
(0.4338787273 0.0835 0.102)
(0.4338787273 0.0835 0.17)
(0.4338787273 0.0835 0.238)
(0.4338787273 0.0835 0.306)
(0.4338787273 0.0835 0.374)
(0.4338787273 0.0835 0.442)
(0.5302962223 0.0835 -0.51)
(0.5302962223 0.0835 -0.442)
(0.5302962223 0.0835 -0.374)
(0.5302962223 0.0835 -0.306)
(0.5302962223 0.0835 -0.238)
(0.5302962223 0.0835 -0.17)
(0.5302962223 0.0835 -0.102)
(0.5302962223 0.0835 -0.034)
(0.5302962223 0.0835 0.034)
(0.5302962223 0.0835 0.102)
(0.5302962223 0.0835 0.17)
(0.5302962223 0.0835 0.238)
(0.5302962223 0.0835 0.306)
(0.5302962223 0.0835 0.374)
(0.5302962223 0.0835 0.442)
(0.4820874748 0.167 -0.51)
(0.4820874748 0.167 -0.442)
(0.4820874748 0.167 -0.374)
(0.4820874748 0.167 -0.306)
(0.4820874748 0.167 -0.238)
(0.4820874748 0.167 -0.17)
(0.4820874748 0.167 -0.102)
(0.4820874748 0.167 -0.034)
(0.4820874748 0.167 0.034)
(0.4820874748 0.167 0.102)
(0.4820874748 0.167 0.17)
(0.4820874748 0.167 0.238)
(0.4820874748 0.167 0.306)
(0.4820874748 0.167 0.374)
(0.4820874748 0.167 0.442)
(0.4338787273 0.2505 -0.51)
(0.4338787273 0.2505 -0.442)
(0.4338787273 0.2505 -0.374)
(0.4338787273 0.2505 -0.306)
(0.4338787273 0.2505 -0.238)
(0.4338787273 0.2505 -0.17)
(0.4338787273 0.2505 -0.102)
(0.4338787273 0.2505 -0.034)
(0.4338787273 0.2505 0.034)
(0.4338787273 0.2505 0.102)
(0.4338787273 0.2505 0.17)
(0.4338787273 0.2505 0.238)
(0.4338787273 0.2505 0.306)
(0.4338787273 0.2505 0.374)
(0.4338787273 0.2505 0.442)
(0.5302962223 0.2505 -0.51)
(0.5302962223 0.2505 -0.442)
(0.5302962223 0.2505 -0.374)
(0.5302962223 0.2505 -0.306)
(0.5302962223 0.2505 -0.238)
(0.5302962223 0.2505 -0.17)
(0.5302962223 0.2505 -0.102)
(0.5302962223 0.2505 -0.034)
(0.5302962223 0.2505 0.034)
(0.5302962223 0.2505 0.102)
(0.5302962223 0.2505 0.17)
(0.5302962223 0.2505 0.238)
(0.5302962223 0.2505 0.306)
(0.5302962223 0.2505 0.374)
(0.5302962223 0.2505 0.442)
(0.4820874748 0.334 -0.51)
(0.4820874748 0.334 -0.442)
(0.4820874748 0.334 -0.374)
(0.4820874748 0.334 -0.306)
(0.4820874748 0.334 -0.238)
(0.4820874748 0.334 -0.17)
(0.4820874748 0.334 -0.102)
(0.4820874748 0.334 -0.034)
(0.4820874748 0.334 0.034)
(0.4820874748 0.334 0.102)
(0.4820874748 0.334 0.17)
(0.4820874748 0.334 0.238)
(0.4820874748 0.334 0.306)
(0.4820874748 0.334 0.374)
(0.4820874748 0.334 0.442)
(0.4338787273 0.4175 -0.51)
(0.4338787273 0.4175 -0.442)
(0.4338787273 0.4175 -0.374)
(0.4338787273 0.4175 -0.306)
(0.4338787273 0.4175 -0.238)
(0.4338787273 0.4175 -0.17)
(0.4338787273 0.4175 -0.102)
(0.4338787273 0.4175 -0.034)
(0.4338787273 0.4175 0.034)
(0.4338787273 0.4175 0.102)
(0.4338787273 0.4175 0.17)
(0.4338787273 0.4175 0.238)
(0.4338787273 0.4175 0.306)
(0.4338787273 0.4175 0.374)
(0.4338787273 0.4175 0.442)
(0.5302962223 0.4175 -0.51)
(0.5302962223 0.4175 -0.442)
(0.5302962223 0.4175 -0.374)
(0.5302962223 0.4175 -0.306)
(0.5302962223 0.4175 -0.238)
(0.5302962223 0.4175 -0.17)
(0.5302962223 0.4175 -0.102)
(0.5302962223 0.4175 -0.034)
(0.5302962223 0.4175 0.034)
(0.5302962223 0.4175 0.102)
(0.5302962223 0.4175 0.17)
(0.5302962223 0.4175 0.238)
(0.5302962223 0.4175 0.306)
(0.5302962223 0.4175 0.374)
(0.5302962223 0.4175 0.442)
(0.4820874748 0.501 -0.51)
(0.4820874748 0.501 -0.442)
(0.4820874748 0.501 -0.374)
(0.4820874748 0.501 -0.306)
(0.4820874748 0.501 -0.238)
(0.4820874748 0.501 -0.17)
(0.4820874748 0.501 -0.102)
(0.4820874748 0.501 -0.034)
(0.4820874748 0.501 0.034)
(0.4820874748 0.501 0.102)
(0.4820874748 0.501 0.17)
(0.4820874748 0.501 0.238)
(0.4820874748 0.501 0.306)
(0.4820874748 0.501 0.374)
(0.4820874748 0.501 0.442)
(0.6267137172 -0.4175 -0.51)
(0.5785049697 -0.334 -0.51)
(0.6267137172 -0.4175 -0.442)
(0.5785049697 -0.334 -0.442)
(0.6267137172 -0.4175 -0.374)
(0.5785049697 -0.334 -0.374)
(0.6267137172 -0.4175 -0.306)
(0.5785049697 -0.334 -0.306)
(0.6267137172 -0.4175 -0.238)
(0.5785049697 -0.334 -0.238)
(0.6267137172 -0.4175 -0.17)
(0.5785049697 -0.334 -0.17)
(0.6267137172 -0.4175 -0.102)
(0.5785049697 -0.334 -0.102)
(0.6267137172 -0.4175 -0.034)
(0.5785049697 -0.334 -0.034)
(0.6267137172 -0.4175 0.034)
(0.5785049697 -0.334 0.034)
(0.6267137172 -0.4175 0.102)
(0.5785049697 -0.334 0.102)
(0.6267137172 -0.4175 0.17)
(0.5785049697 -0.334 0.17)
(0.6267137172 -0.4175 0.238)
(0.5785049697 -0.334 0.238)
(0.6267137172 -0.4175 0.306)
(0.5785049697 -0.334 0.306)
(0.6267137172 -0.4175 0.374)
(0.5785049697 -0.334 0.374)
(0.6267137172 -0.4175 0.442)
(0.5785049697 -0.334 0.442)
(0.6749224647 -0.334 -0.51)
(0.6749224647 -0.334 -0.442)
(0.6749224647 -0.334 -0.374)
(0.6749224647 -0.334 -0.306)
(0.6749224647 -0.334 -0.238)
(0.6749224647 -0.334 -0.17)
(0.6749224647 -0.334 -0.102)
(0.6749224647 -0.334 -0.034)
(0.6749224647 -0.334 0.034)
(0.6749224647 -0.334 0.102)
(0.6749224647 -0.334 0.17)
(0.6749224647 -0.334 0.238)
(0.6749224647 -0.334 0.306)
(0.6749224647 -0.334 0.374)
(0.6749224647 -0.334 0.442)
(0.6267137172 -0.2505 -0.51)
(0.6267137172 -0.2505 -0.442)
(0.6267137172 -0.2505 -0.374)
(0.6267137172 -0.2505 -0.306)
(0.6267137172 -0.2505 -0.238)
(0.6267137172 -0.2505 -0.17)
(0.6267137172 -0.2505 -0.102)
(0.6267137172 -0.2505 -0.034)
(0.6267137172 -0.2505 0.034)
(0.6267137172 -0.2505 0.102)
(0.6267137172 -0.2505 0.17)
(0.6267137172 -0.2505 0.238)
(0.6267137172 -0.2505 0.306)
(0.6267137172 -0.2505 0.374)
(0.6267137172 -0.2505 0.442)
(0.5785049697 -0.167 -0.51)
(0.5785049697 -0.167 -0.442)
(0.5785049697 -0.167 -0.374)
(0.5785049697 -0.167 -0.306)
(0.5785049697 -0.167 -0.238)
(0.5785049697 -0.167 -0.17)
(0.5785049697 -0.167 -0.102)
(0.5785049697 -0.167 -0.034)
(0.5785049697 -0.167 0.034)
(0.5785049697 -0.167 0.102)
(0.5785049697 -0.167 0.17)
(0.5785049697 -0.167 0.238)
(0.5785049697 -0.167 0.306)
(0.5785049697 -0.167 0.374)
(0.5785049697 -0.167 0.442)
(0.6749224647 -0.167 -0.51)
(0.6749224647 -0.167 -0.442)
(0.6749224647 -0.167 -0.374)
(0.6749224647 -0.167 -0.306)
(0.6749224647 -0.167 -0.238)
(0.6749224647 -0.167 -0.17)
(0.6749224647 -0.167 -0.102)
(0.6749224647 -0.167 -0.034)
(0.6749224647 -0.167 0.034)
(0.6749224647 -0.167 0.102)
(0.6749224647 -0.167 0.17)
(0.6749224647 -0.167 0.238)
(0.6749224647 -0.167 0.306)
(0.6749224647 -0.167 0.374)
(0.6749224647 -0.167 0.442)
(0.6267137172 -0.0835 -0.51)
(0.6267137172 -0.0835 -0.442)
(0.6267137172 -0.0835 -0.374)
(0.6267137172 -0.0835 -0.306)
(0.6267137172 -0.0835 -0.238)
(0.6267137172 -0.0835 -0.17)
(0.6267137172 -0.0835 -0.102)
(0.6267137172 -0.0835 -0.034)
(0.6267137172 -0.0835 0.034)
(0.6267137172 -0.0835 0.102)
(0.6267137172 -0.0835 0.17)
(0.6267137172 -0.0835 0.238)
(0.6267137172 -0.0835 0.306)
(0.6267137172 -0.0835 0.374)
(0.6267137172 -0.0835 0.442)
(0.5785049697 0 -0.51)
(0.5785049697 0 -0.442)
(0.5785049697 0 -0.374)
(0.5785049697 0 -0.306)
(0.5785049697 0 -0.238)
(0.5785049697 0 -0.17)
(0.5785049697 0 -0.102)
(0.5785049697 0 -0.034)
(0.5785049697 0 0.034)
(0.5785049697 0 0.102)
(0.5785049697 0 0.17)
(0.5785049697 0 0.238)
(0.5785049697 0 0.306)
(0.5785049697 0 0.374)
(0.5785049697 0 0.442)
(0.6749224647 0 -0.51)
(0.6749224647 0 -0.442)
(0.6749224647 0 -0.374)
(0.6749224647 0 -0.306)
(0.6749224647 0 -0.238)
(0.6749224647 0 -0.17)
(0.6749224647 0 -0.102)
(0.6749224647 0 -0.034)
(0.6749224647 0 0.034)
(0.6749224647 0 0.102)
(0.6749224647 0 0.17)
(0.6749224647 0 0.238)
(0.6749224647 0 0.306)
(0.6749224647 0 0.374)
(0.6749224647 0 0.442)
(0.6267137172 0.0835 -0.51)
(0.6267137172 0.0835 -0.442)
(0.6267137172 0.0835 -0.374)
(0.6267137172 0.0835 -0.306)
(0.6267137172 0.0835 -0.238)
(0.6267137172 0.0835 -0.17)
(0.6267137172 0.0835 -0.102)
(0.6267137172 0.0835 -0.034)
(0.6267137172 0.0835 0.034)
(0.6267137172 0.0835 0.102)
(0.6267137172 0.0835 0.17)
(0.6267137172 0.0835 0.238)
(0.6267137172 0.0835 0.306)
(0.6267137172 0.0835 0.374)
(0.6267137172 0.0835 0.442)
(0.5785049697 0.167 -0.51)
(0.5785049697 0.167 -0.442)
(0.5785049697 0.167 -0.374)
(0.5785049697 0.167 -0.306)
(0.5785049697 0.167 -0.238)
(0.5785049697 0.167 -0.17)
(0.5785049697 0.167 -0.102)
(0.5785049697 0.167 -0.034)
(0.5785049697 0.167 0.034)
(0.5785049697 0.167 0.102)
(0.5785049697 0.167 0.17)
(0.5785049697 0.167 0.238)
(0.5785049697 0.167 0.306)
(0.5785049697 0.167 0.374)
(0.5785049697 0.167 0.442)
(0.6749224647 0.167 -0.51)
(0.6749224647 0.167 -0.442)
(0.6749224647 0.167 -0.374)
(0.6749224647 0.167 -0.306)
(0.6749224647 0.167 -0.238)
(0.6749224647 0.167 -0.17)
(0.6749224647 0.167 -0.102)
(0.6749224647 0.167 -0.034)
(0.6749224647 0.167 0.034)
(0.6749224647 0.167 0.102)
(0.6749224647 0.167 0.17)
(0.6749224647 0.167 0.238)
(0.6749224647 0.167 0.306)
(0.6749224647 0.167 0.374)
(0.6749224647 0.167 0.442)
(0.6267137172 0.2505 -0.51)
(0.6267137172 0.2505 -0.442)
(0.6267137172 0.2505 -0.374)
(0.6267137172 0.2505 -0.306)
(0.6267137172 0.2505 -0.238)
(0.6267137172 0.2505 -0.17)
(0.6267137172 0.2505 -0.102)
(0.6267137172 0.2505 -0.034)
(0.6267137172 0.2505 0.034)
(0.6267137172 0.2505 0.102)
(0.6267137172 0.2505 0.17)
(0.6267137172 0.2505 0.238)
(0.6267137172 0.2505 0.306)
(0.6267137172 0.2505 0.374)
(0.6267137172 0.2505 0.442)
(0.5785049697 0.334 -0.51)
(0.5785049697 0.334 -0.442)
(0.5785049697 0.334 -0.374)
(0.5785049697 0.334 -0.306)
(0.5785049697 0.334 -0.238)
(0.5785049697 0.334 -0.17)
(0.5785049697 0.334 -0.102)
(0.5785049697 0.334 -0.034)
(0.5785049697 0.334 0.034)
(0.5785049697 0.334 0.102)
(0.5785049697 0.334 0.17)
(0.5785049697 0.334 0.238)
(0.5785049697 0.334 0.306)
(0.5785049697 0.334 0.374)
(0.5785049697 0.334 0.442)
(0.6749224647 0.334 -0.51)
(0.6749224647 0.334 -0.442)
(0.6749224647 0.334 -0.374)
(0.6749224647 0.334 -0.306)
(0.6749224647 0.334 -0.238)
(0.6749224647 0.334 -0.17)
(0.6749224647 0.334 -0.102)
(0.6749224647 0.334 -0.034)
(0.6749224647 0.334 0.034)
(0.6749224647 0.334 0.102)
(0.6749224647 0.334 0.17)
(0.6749224647 0.334 0.238)
(0.6749224647 0.334 0.306)
(0.6749224647 0.334 0.374)
(0.6749224647 0.334 0.442)
(0.6267137172 0.4175 -0.51)
(0.6267137172 0.4175 -0.442)
(0.6267137172 0.4175 -0.374)
(0.6267137172 0.4175 -0.306)
(0.6267137172 0.4175 -0.238)
(0.6267137172 0.4175 -0.17)
(0.6267137172 0.4175 -0.102)
(0.6267137172 0.4175 -0.034)
(0.6267137172 0.4175 0.034)
(0.6267137172 0.4175 0.102)
(0.6267137172 0.4175 0.17)
(0.6267137172 0.4175 0.238)
(0.6267137172 0.4175 0.306)
(0.6267137172 0.4175 0.374)
(0.6267137172 0.4175 0.442)
(-1.060592445 -0.334 -0.51)
(-0.9641749495 -0.334 -0.51)
(-1.012383697 -0.2505 -0.51)
(-1.060592445 -0.334 -0.442)
(-0.9641749495 -0.334 -0.442)
(-1.012383697 -0.2505 -0.442)
(-1.060592445 -0.334 -0.374)
(-0.9641749495 -0.334 -0.374)
(-1.012383697 -0.2505 -0.374)
(-1.060592445 -0.334 -0.306)
(-0.9641749495 -0.334 -0.306)
(-1.012383697 -0.2505 -0.306)
(-1.060592445 -0.334 -0.238)
(-0.9641749495 -0.334 -0.238)
(-1.012383697 -0.2505 -0.238)
(-1.060592445 -0.334 -0.17)
(-0.9641749495 -0.334 -0.17)
(-1.012383697 -0.2505 -0.17)
(-1.060592445 -0.334 -0.102)
(-0.9641749495 -0.334 -0.102)
(-1.012383697 -0.2505 -0.102)
(-1.060592445 -0.334 -0.034)
(-0.9641749495 -0.334 -0.034)
(-1.012383697 -0.2505 -0.034)
(-1.060592445 -0.334 0.034)
(-0.9641749495 -0.334 0.034)
(-1.012383697 -0.2505 0.034)
(-1.060592445 -0.334 0.102)
(-0.9641749495 -0.334 0.102)
(-1.012383697 -0.2505 0.102)
(-1.060592445 -0.334 0.17)
(-0.9641749495 -0.334 0.17)
(-1.012383697 -0.2505 0.17)
(-1.060592445 -0.334 0.238)
(-0.9641749495 -0.334 0.238)
(-1.012383697 -0.2505 0.238)
(-1.060592445 -0.334 0.306)
(-0.9641749495 -0.334 0.306)
(-1.012383697 -0.2505 0.306)
(-1.060592445 -0.334 0.374)
(-0.9641749495 -0.334 0.374)
(-1.012383697 -0.2505 0.374)
(-1.060592445 -0.334 0.442)
(-0.9641749495 -0.334 0.442)
(-1.012383697 -0.2505 0.442)
(-0.9159662021 -0.2505 -0.51)
(-0.9159662021 -0.2505 -0.442)
(-0.9159662021 -0.2505 -0.374)
(-0.9159662021 -0.2505 -0.306)
(-0.9159662021 -0.2505 -0.238)
(-0.9159662021 -0.2505 -0.17)
(-0.9159662021 -0.2505 -0.102)
(-0.9159662021 -0.2505 -0.034)
(-0.9159662021 -0.2505 0.034)
(-0.9159662021 -0.2505 0.102)
(-0.9159662021 -0.2505 0.17)
(-0.9159662021 -0.2505 0.238)
(-0.9159662021 -0.2505 0.306)
(-0.9159662021 -0.2505 0.374)
(-0.9159662021 -0.2505 0.442)
(-1.108801192 -0.2505 -0.51)
(-1.108801192 -0.2505 -0.442)
(-1.108801192 -0.2505 -0.374)
(-1.108801192 -0.2505 -0.306)
(-1.108801192 -0.2505 -0.238)
(-1.108801192 -0.2505 -0.17)
(-1.108801192 -0.2505 -0.102)
(-1.108801192 -0.2505 -0.034)
(-1.108801192 -0.2505 0.034)
(-1.108801192 -0.2505 0.102)
(-1.108801192 -0.2505 0.17)
(-1.108801192 -0.2505 0.238)
(-1.108801192 -0.2505 0.306)
(-1.108801192 -0.2505 0.374)
(-1.108801192 -0.2505 0.442)
(-1.060592445 -0.167 -0.51)
(-0.9641749495 -0.167 -0.51)
(-1.060592445 -0.167 -0.442)
(-0.9641749495 -0.167 -0.442)
(-1.060592445 -0.167 -0.374)
(-0.9641749495 -0.167 -0.374)
(-1.060592445 -0.167 -0.306)
(-0.9641749495 -0.167 -0.306)
(-1.060592445 -0.167 -0.238)
(-0.9641749495 -0.167 -0.238)
(-1.060592445 -0.167 -0.17)
(-0.9641749495 -0.167 -0.17)
(-1.060592445 -0.167 -0.102)
(-0.9641749495 -0.167 -0.102)
(-1.060592445 -0.167 -0.034)
(-0.9641749495 -0.167 -0.034)
(-1.060592445 -0.167 0.034)
(-0.9641749495 -0.167 0.034)
(-1.060592445 -0.167 0.102)
(-0.9641749495 -0.167 0.102)
(-1.060592445 -0.167 0.17)
(-0.9641749495 -0.167 0.17)
(-1.060592445 -0.167 0.238)
(-0.9641749495 -0.167 0.238)
(-1.060592445 -0.167 0.306)
(-0.9641749495 -0.167 0.306)
(-1.060592445 -0.167 0.374)
(-0.9641749495 -0.167 0.374)
(-1.060592445 -0.167 0.442)
(-0.9641749495 -0.167 0.442)
(-1.012383697 -0.0835 -0.51)
(-1.012383697 -0.0835 -0.442)
(-1.012383697 -0.0835 -0.374)
(-1.012383697 -0.0835 -0.306)
(-1.012383697 -0.0835 -0.238)
(-1.012383697 -0.0835 -0.17)
(-1.012383697 -0.0835 -0.102)
(-1.012383697 -0.0835 -0.034)
(-1.012383697 -0.0835 0.034)
(-1.012383697 -0.0835 0.102)
(-1.012383697 -0.0835 0.17)
(-1.012383697 -0.0835 0.238)
(-1.012383697 -0.0835 0.306)
(-1.012383697 -0.0835 0.374)
(-1.012383697 -0.0835 0.442)
(-0.9159662021 -0.0835 -0.51)
(-0.9159662021 -0.0835 -0.442)
(-0.9159662021 -0.0835 -0.374)
(-0.9159662021 -0.0835 -0.306)
(-0.9159662021 -0.0835 -0.238)
(-0.9159662021 -0.0835 -0.17)
(-0.9159662021 -0.0835 -0.102)
(-0.9159662021 -0.0835 -0.034)
(-0.9159662021 -0.0835 0.034)
(-0.9159662021 -0.0835 0.102)
(-0.9159662021 -0.0835 0.17)
(-0.9159662021 -0.0835 0.238)
(-0.9159662021 -0.0835 0.306)
(-0.9159662021 -0.0835 0.374)
(-0.9159662021 -0.0835 0.442)
(-1.108801192 -0.0835 -0.51)
(-1.108801192 -0.0835 -0.442)
(-1.108801192 -0.0835 -0.374)
(-1.108801192 -0.0835 -0.306)
(-1.108801192 -0.0835 -0.238)
(-1.108801192 -0.0835 -0.17)
(-1.108801192 -0.0835 -0.102)
(-1.108801192 -0.0835 -0.034)
(-1.108801192 -0.0835 0.034)
(-1.108801192 -0.0835 0.102)
(-1.108801192 -0.0835 0.17)
(-1.108801192 -0.0835 0.238)
(-1.108801192 -0.0835 0.306)
(-1.108801192 -0.0835 0.374)
(-1.108801192 -0.0835 0.442)
(-1.060592445 -1.387778781e-17 -0.51)
(-0.9641749495 -1.387778781e-17 -0.51)
(-1.060592445 -1.387778781e-17 -0.442)
(-0.9641749495 -1.387778781e-17 -0.442)
(-1.060592445 -1.387778781e-17 -0.374)
(-0.9641749495 -1.387778781e-17 -0.374)
(-1.060592445 -1.387778781e-17 -0.306)
(-0.9641749495 -1.387778781e-17 -0.306)
(-1.060592445 -1.387778781e-17 -0.238)
(-0.9641749495 -1.387778781e-17 -0.238)
(-1.060592445 -1.387778781e-17 -0.17)
(-0.9641749495 -1.387778781e-17 -0.17)
(-1.060592445 -1.387778781e-17 -0.102)
(-0.9641749495 -1.387778781e-17 -0.102)
(-1.060592445 -1.387778781e-17 -0.034)
(-0.9641749495 -1.387778781e-17 -0.034)
(-1.060592445 -1.387778781e-17 0.034)
(-0.9641749495 -1.387778781e-17 0.034)
(-1.060592445 -1.387778781e-17 0.102)
(-0.9641749495 -1.387778781e-17 0.102)
(-1.060592445 -1.387778781e-17 0.17)
(-0.9641749495 -1.387778781e-17 0.17)
(-1.060592445 -1.387778781e-17 0.238)
(-0.9641749495 -1.387778781e-17 0.238)
(-1.060592445 -1.387778781e-17 0.306)
(-0.9641749495 -1.387778781e-17 0.306)
(-1.060592445 -1.387778781e-17 0.374)
(-0.9641749495 -1.387778781e-17 0.374)
(-1.060592445 -1.387778781e-17 0.442)
(-0.9641749495 -1.387778781e-17 0.442)
(-1.012383697 0.0835 -0.51)
(-1.012383697 0.0835 -0.442)
(-1.012383697 0.0835 -0.374)
(-1.012383697 0.0835 -0.306)
(-1.012383697 0.0835 -0.238)
(-1.012383697 0.0835 -0.17)
(-1.012383697 0.0835 -0.102)
(-1.012383697 0.0835 -0.034)
(-1.012383697 0.0835 0.034)
(-1.012383697 0.0835 0.102)
(-1.012383697 0.0835 0.17)
(-1.012383697 0.0835 0.238)
(-1.012383697 0.0835 0.306)
(-1.012383697 0.0835 0.374)
(-1.012383697 0.0835 0.442)
(-0.9159662021 0.0835 -0.51)
(-0.9159662021 0.0835 -0.442)
(-0.9159662021 0.0835 -0.374)
(-0.9159662021 0.0835 -0.306)
(-0.9159662021 0.0835 -0.238)
(-0.9159662021 0.0835 -0.17)
(-0.9159662021 0.0835 -0.102)
(-0.9159662021 0.0835 -0.034)
(-0.9159662021 0.0835 0.034)
(-0.9159662021 0.0835 0.102)
(-0.9159662021 0.0835 0.17)
(-0.9159662021 0.0835 0.238)
(-0.9159662021 0.0835 0.306)
(-0.9159662021 0.0835 0.374)
(-0.9159662021 0.0835 0.442)
(-1.108801192 0.0835 -0.51)
(-1.108801192 0.0835 -0.442)
(-1.108801192 0.0835 -0.374)
(-1.108801192 0.0835 -0.306)
(-1.108801192 0.0835 -0.238)
(-1.108801192 0.0835 -0.17)
(-1.108801192 0.0835 -0.102)
(-1.108801192 0.0835 -0.034)
(-1.108801192 0.0835 0.034)
(-1.108801192 0.0835 0.102)
(-1.108801192 0.0835 0.17)
(-1.108801192 0.0835 0.238)
(-1.108801192 0.0835 0.306)
(-1.108801192 0.0835 0.374)
(-1.108801192 0.0835 0.442)
(-1.060592445 0.167 -0.51)
(-0.9641749495 0.167 -0.51)
(-1.060592445 0.167 -0.442)
(-0.9641749495 0.167 -0.442)
(-1.060592445 0.167 -0.374)
(-0.9641749495 0.167 -0.374)
(-1.060592445 0.167 -0.306)
(-0.9641749495 0.167 -0.306)
(-1.060592445 0.167 -0.238)
(-0.9641749495 0.167 -0.238)
(-1.060592445 0.167 -0.17)
(-0.9641749495 0.167 -0.17)
(-1.060592445 0.167 -0.102)
(-0.9641749495 0.167 -0.102)
(-1.060592445 0.167 -0.034)
(-0.9641749495 0.167 -0.034)
(-1.060592445 0.167 0.034)
(-0.9641749495 0.167 0.034)
(-1.060592445 0.167 0.102)
(-0.9641749495 0.167 0.102)
(-1.060592445 0.167 0.17)
(-0.9641749495 0.167 0.17)
(-1.060592445 0.167 0.238)
(-0.9641749495 0.167 0.238)
(-1.060592445 0.167 0.306)
(-0.9641749495 0.167 0.306)
(-1.060592445 0.167 0.374)
(-0.9641749495 0.167 0.374)
(-1.060592445 0.167 0.442)
(-0.9641749495 0.167 0.442)
(-1.012383697 0.2505 -0.51)
(-1.012383697 0.2505 -0.442)
(-1.012383697 0.2505 -0.374)
(-1.012383697 0.2505 -0.306)
(-1.012383697 0.2505 -0.238)
(-1.012383697 0.2505 -0.17)
(-1.012383697 0.2505 -0.102)
(-1.012383697 0.2505 -0.034)
(-1.012383697 0.2505 0.034)
(-1.012383697 0.2505 0.102)
(-1.012383697 0.2505 0.17)
(-1.012383697 0.2505 0.238)
(-1.012383697 0.2505 0.306)
(-1.012383697 0.2505 0.374)
(-1.012383697 0.2505 0.442)
(-0.9159662021 0.2505 -0.51)
(-0.9159662021 0.2505 -0.442)
(-0.9159662021 0.2505 -0.374)
(-0.9159662021 0.2505 -0.306)
(-0.9159662021 0.2505 -0.238)
(-0.9159662021 0.2505 -0.17)
(-0.9159662021 0.2505 -0.102)
(-0.9159662021 0.2505 -0.034)
(-0.9159662021 0.2505 0.034)
(-0.9159662021 0.2505 0.102)
(-0.9159662021 0.2505 0.17)
(-0.9159662021 0.2505 0.238)
(-0.9159662021 0.2505 0.306)
(-0.9159662021 0.2505 0.374)
(-0.9159662021 0.2505 0.442)
(-1.108801192 0.2505 -0.51)
(-1.108801192 0.2505 -0.442)
(-1.108801192 0.2505 -0.374)
(-1.108801192 0.2505 -0.306)
(-1.108801192 0.2505 -0.238)
(-1.108801192 0.2505 -0.17)
(-1.108801192 0.2505 -0.102)
(-1.108801192 0.2505 -0.034)
(-1.108801192 0.2505 0.034)
(-1.108801192 0.2505 0.102)
(-1.108801192 0.2505 0.17)
(-1.108801192 0.2505 0.238)
(-1.108801192 0.2505 0.306)
(-1.108801192 0.2505 0.374)
(-1.108801192 0.2505 0.442)
(-1.060592445 0.334 -0.51)
(-0.9641749495 0.334 -0.51)
(-1.060592445 0.334 -0.442)
(-0.9641749495 0.334 -0.442)
(-1.060592445 0.334 -0.374)
(-0.9641749495 0.334 -0.374)
(-1.060592445 0.334 -0.306)
(-0.9641749495 0.334 -0.306)
(-1.060592445 0.334 -0.238)
(-0.9641749495 0.334 -0.238)
(-1.060592445 0.334 -0.17)
(-0.9641749495 0.334 -0.17)
(-1.060592445 0.334 -0.102)
(-0.9641749495 0.334 -0.102)
(-1.060592445 0.334 -0.034)
(-0.9641749495 0.334 -0.034)
(-1.060592445 0.334 0.034)
(-0.9641749495 0.334 0.034)
(-1.060592445 0.334 0.102)
(-0.9641749495 0.334 0.102)
(-1.060592445 0.334 0.17)
(-0.9641749495 0.334 0.17)
(-1.060592445 0.334 0.238)
(-0.9641749495 0.334 0.238)
(-1.060592445 0.334 0.306)
(-0.9641749495 0.334 0.306)
(-1.060592445 0.334 0.374)
(-0.9641749495 0.334 0.374)
(-1.060592445 0.334 0.442)
(-0.9641749495 0.334 0.442)
(-0.9159662021 -0.5845 -0.51)
(-0.8195487071 -0.5845 -0.51)
(-0.8677574546 -0.501 -0.51)
(-0.9159662021 -0.5845 -0.442)
(-0.8195487071 -0.5845 -0.442)
(-0.8677574546 -0.501 -0.442)
(-0.9159662021 -0.5845 -0.374)
(-0.8195487071 -0.5845 -0.374)
(-0.8677574546 -0.501 -0.374)
(-0.9159662021 -0.5845 -0.306)
(-0.8195487071 -0.5845 -0.306)
(-0.8677574546 -0.501 -0.306)
(-0.9159662021 -0.5845 -0.238)
(-0.8195487071 -0.5845 -0.238)
(-0.8677574546 -0.501 -0.238)
(-0.9159662021 -0.5845 -0.17)
(-0.8195487071 -0.5845 -0.17)
(-0.8677574546 -0.501 -0.17)
(-0.9159662021 -0.5845 -0.102)
(-0.8195487071 -0.5845 -0.102)
(-0.8677574546 -0.501 -0.102)
(-0.9159662021 -0.5845 -0.034)
(-0.8195487071 -0.5845 -0.034)
(-0.8677574546 -0.501 -0.034)
(-0.9159662021 -0.5845 0.034)
(-0.8195487071 -0.5845 0.034)
(-0.8677574546 -0.501 0.034)
(-0.9159662021 -0.5845 0.102)
(-0.8195487071 -0.5845 0.102)
(-0.8677574546 -0.501 0.102)
(-0.9159662021 -0.5845 0.17)
(-0.8195487071 -0.5845 0.17)
(-0.8677574546 -0.501 0.17)
(-0.9159662021 -0.5845 0.238)
(-0.8195487071 -0.5845 0.238)
(-0.8677574546 -0.501 0.238)
(-0.9159662021 -0.5845 0.306)
(-0.8195487071 -0.5845 0.306)
(-0.8677574546 -0.501 0.306)
(-0.9159662021 -0.5845 0.374)
(-0.8195487071 -0.5845 0.374)
(-0.8677574546 -0.501 0.374)
(-0.9159662021 -0.5845 0.442)
(-0.8195487071 -0.5845 0.442)
(-0.8677574546 -0.501 0.442)
(-0.7713399596 -0.501 -0.51)
(-0.7713399596 -0.501 -0.442)
(-0.7713399596 -0.501 -0.374)
(-0.7713399596 -0.501 -0.306)
(-0.7713399596 -0.501 -0.238)
(-0.7713399596 -0.501 -0.17)
(-0.7713399596 -0.501 -0.102)
(-0.7713399596 -0.501 -0.034)
(-0.7713399596 -0.501 0.034)
(-0.7713399596 -0.501 0.102)
(-0.7713399596 -0.501 0.17)
(-0.7713399596 -0.501 0.238)
(-0.7713399596 -0.501 0.306)
(-0.7713399596 -0.501 0.374)
(-0.7713399596 -0.501 0.442)
(-0.9641749495 -0.501 -0.51)
(-0.9641749495 -0.501 -0.442)
(-0.9641749495 -0.501 -0.374)
(-0.9641749495 -0.501 -0.306)
(-0.9641749495 -0.501 -0.238)
(-0.9641749495 -0.501 -0.17)
(-0.9641749495 -0.501 -0.102)
(-0.9641749495 -0.501 -0.034)
(-0.9641749495 -0.501 0.034)
(-0.9641749495 -0.501 0.102)
(-0.9641749495 -0.501 0.17)
(-0.9641749495 -0.501 0.238)
(-0.9641749495 -0.501 0.306)
(-0.9641749495 -0.501 0.374)
(-0.9641749495 -0.501 0.442)
(-0.9159662021 -0.4175 -0.51)
(-0.8195487071 -0.4175 -0.51)
(-0.9159662021 -0.4175 -0.442)
(-0.8195487071 -0.4175 -0.442)
(-0.9159662021 -0.4175 -0.374)
(-0.8195487071 -0.4175 -0.374)
(-0.9159662021 -0.4175 -0.306)
(-0.8195487071 -0.4175 -0.306)
(-0.9159662021 -0.4175 -0.238)
(-0.8195487071 -0.4175 -0.238)
(-0.9159662021 -0.4175 -0.17)
(-0.8195487071 -0.4175 -0.17)
(-0.9159662021 -0.4175 -0.102)
(-0.8195487071 -0.4175 -0.102)
(-0.9159662021 -0.4175 -0.034)
(-0.8195487071 -0.4175 -0.034)
(-0.9159662021 -0.4175 0.034)
(-0.8195487071 -0.4175 0.034)
(-0.9159662021 -0.4175 0.102)
(-0.8195487071 -0.4175 0.102)
(-0.9159662021 -0.4175 0.17)
(-0.8195487071 -0.4175 0.17)
(-0.9159662021 -0.4175 0.238)
(-0.8195487071 -0.4175 0.238)
(-0.9159662021 -0.4175 0.306)
(-0.8195487071 -0.4175 0.306)
(-0.9159662021 -0.4175 0.374)
(-0.8195487071 -0.4175 0.374)
(-0.9159662021 -0.4175 0.442)
(-0.8195487071 -0.4175 0.442)
(-0.8677574546 -0.334 -0.51)
(-0.8677574546 -0.334 -0.442)
(-0.8677574546 -0.334 -0.374)
(-0.8677574546 -0.334 -0.306)
(-0.8677574546 -0.334 -0.238)
(-0.8677574546 -0.334 -0.17)
(-0.8677574546 -0.334 -0.102)
(-0.8677574546 -0.334 -0.034)
(-0.8677574546 -0.334 0.034)
(-0.8677574546 -0.334 0.102)
(-0.8677574546 -0.334 0.17)
(-0.8677574546 -0.334 0.238)
(-0.8677574546 -0.334 0.306)
(-0.8677574546 -0.334 0.374)
(-0.8677574546 -0.334 0.442)
(-0.7713399596 -0.334 -0.51)
(-0.7713399596 -0.334 -0.442)
(-0.7713399596 -0.334 -0.374)
(-0.7713399596 -0.334 -0.306)
(-0.7713399596 -0.334 -0.238)
(-0.7713399596 -0.334 -0.17)
(-0.7713399596 -0.334 -0.102)
(-0.7713399596 -0.334 -0.034)
(-0.7713399596 -0.334 0.034)
(-0.7713399596 -0.334 0.102)
(-0.7713399596 -0.334 0.17)
(-0.7713399596 -0.334 0.238)
(-0.7713399596 -0.334 0.306)
(-0.7713399596 -0.334 0.374)
(-0.7713399596 -0.334 0.442)
(-0.8195487071 -0.2505 -0.51)
(-0.8195487071 -0.2505 -0.442)
(-0.8195487071 -0.2505 -0.374)
(-0.8195487071 -0.2505 -0.306)
(-0.8195487071 -0.2505 -0.238)
(-0.8195487071 -0.2505 -0.17)
(-0.8195487071 -0.2505 -0.102)
(-0.8195487071 -0.2505 -0.034)
(-0.8195487071 -0.2505 0.034)
(-0.8195487071 -0.2505 0.102)
(-0.8195487071 -0.2505 0.17)
(-0.8195487071 -0.2505 0.238)
(-0.8195487071 -0.2505 0.306)
(-0.8195487071 -0.2505 0.374)
(-0.8195487071 -0.2505 0.442)
(-0.8677574546 -0.167 -0.51)
(-0.8677574546 -0.167 -0.442)
(-0.8677574546 -0.167 -0.374)
(-0.8677574546 -0.167 -0.306)
(-0.8677574546 -0.167 -0.238)
(-0.8677574546 -0.167 -0.17)
(-0.8677574546 -0.167 -0.102)
(-0.8677574546 -0.167 -0.034)
(-0.8677574546 -0.167 0.034)
(-0.8677574546 -0.167 0.102)
(-0.8677574546 -0.167 0.17)
(-0.8677574546 -0.167 0.238)
(-0.8677574546 -0.167 0.306)
(-0.8677574546 -0.167 0.374)
(-0.8677574546 -0.167 0.442)
(-0.7713399596 -0.167 -0.51)
(-0.7713399596 -0.167 -0.442)
(-0.7713399596 -0.167 -0.374)
(-0.7713399596 -0.167 -0.306)
(-0.7713399596 -0.167 -0.238)
(-0.7713399596 -0.167 -0.17)
(-0.7713399596 -0.167 -0.102)
(-0.7713399596 -0.167 -0.034)
(-0.7713399596 -0.167 0.034)
(-0.7713399596 -0.167 0.102)
(-0.7713399596 -0.167 0.17)
(-0.7713399596 -0.167 0.238)
(-0.7713399596 -0.167 0.306)
(-0.7713399596 -0.167 0.374)
(-0.7713399596 -0.167 0.442)
(-0.8195487071 -0.0835 -0.51)
(-0.8195487071 -0.0835 -0.442)
(-0.8195487071 -0.0835 -0.374)
(-0.8195487071 -0.0835 -0.306)
(-0.8195487071 -0.0835 -0.238)
(-0.8195487071 -0.0835 -0.17)
(-0.8195487071 -0.0835 -0.102)
(-0.8195487071 -0.0835 -0.034)
(-0.8195487071 -0.0835 0.034)
(-0.8195487071 -0.0835 0.102)
(-0.8195487071 -0.0835 0.17)
(-0.8195487071 -0.0835 0.238)
(-0.8195487071 -0.0835 0.306)
(-0.8195487071 -0.0835 0.374)
(-0.8195487071 -0.0835 0.442)
(-0.8677574546 0 -0.51)
(-0.8677574546 0 -0.442)
(-0.8677574546 0 -0.374)
(-0.8677574546 0 -0.306)
(-0.8677574546 0 -0.238)
(-0.8677574546 0 -0.17)
(-0.8677574546 0 -0.102)
(-0.8677574546 0 -0.034)
(-0.8677574546 0 0.034)
(-0.8677574546 0 0.102)
(-0.8677574546 0 0.17)
(-0.8677574546 0 0.238)
(-0.8677574546 0 0.306)
(-0.8677574546 0 0.374)
(-0.8677574546 0 0.442)
(-0.7713399596 0 -0.51)
(-0.7713399596 0 -0.442)
(-0.7713399596 0 -0.374)
(-0.7713399596 0 -0.306)
(-0.7713399596 0 -0.238)
(-0.7713399596 0 -0.17)
(-0.7713399596 0 -0.102)
(-0.7713399596 0 -0.034)
(-0.7713399596 0 0.034)
(-0.7713399596 0 0.102)
(-0.7713399596 0 0.17)
(-0.7713399596 0 0.238)
(-0.7713399596 0 0.306)
(-0.7713399596 0 0.374)
(-0.7713399596 0 0.442)
(-0.8195487071 0.0835 -0.51)
(-0.8195487071 0.0835 -0.442)
(-0.8195487071 0.0835 -0.374)
(-0.8195487071 0.0835 -0.306)
(-0.8195487071 0.0835 -0.238)
(-0.8195487071 0.0835 -0.17)
(-0.8195487071 0.0835 -0.102)
(-0.8195487071 0.0835 -0.034)
(-0.8195487071 0.0835 0.034)
(-0.8195487071 0.0835 0.102)
(-0.8195487071 0.0835 0.17)
(-0.8195487071 0.0835 0.238)
(-0.8195487071 0.0835 0.306)
(-0.8195487071 0.0835 0.374)
(-0.8195487071 0.0835 0.442)
(-0.8677574546 0.167 -0.51)
(-0.8677574546 0.167 -0.442)
(-0.8677574546 0.167 -0.374)
(-0.8677574546 0.167 -0.306)
(-0.8677574546 0.167 -0.238)
(-0.8677574546 0.167 -0.17)
(-0.8677574546 0.167 -0.102)
(-0.8677574546 0.167 -0.034)
(-0.8677574546 0.167 0.034)
(-0.8677574546 0.167 0.102)
(-0.8677574546 0.167 0.17)
(-0.8677574546 0.167 0.238)
(-0.8677574546 0.167 0.306)
(-0.8677574546 0.167 0.374)
(-0.8677574546 0.167 0.442)
(-0.7713399596 0.167 -0.51)
(-0.7713399596 0.167 -0.442)
(-0.7713399596 0.167 -0.374)
(-0.7713399596 0.167 -0.306)
(-0.7713399596 0.167 -0.238)
(-0.7713399596 0.167 -0.17)
(-0.7713399596 0.167 -0.102)
(-0.7713399596 0.167 -0.034)
(-0.7713399596 0.167 0.034)
(-0.7713399596 0.167 0.102)
(-0.7713399596 0.167 0.17)
(-0.7713399596 0.167 0.238)
(-0.7713399596 0.167 0.306)
(-0.7713399596 0.167 0.374)
(-0.7713399596 0.167 0.442)
(-0.8195487071 0.2505 -0.51)
(-0.8195487071 0.2505 -0.442)
(-0.8195487071 0.2505 -0.374)
(-0.8195487071 0.2505 -0.306)
(-0.8195487071 0.2505 -0.238)
(-0.8195487071 0.2505 -0.17)
(-0.8195487071 0.2505 -0.102)
(-0.8195487071 0.2505 -0.034)
(-0.8195487071 0.2505 0.034)
(-0.8195487071 0.2505 0.102)
(-0.8195487071 0.2505 0.17)
(-0.8195487071 0.2505 0.238)
(-0.8195487071 0.2505 0.306)
(-0.8195487071 0.2505 0.374)
(-0.8195487071 0.2505 0.442)
(-0.8677574546 0.334 -0.51)
(-0.8677574546 0.334 -0.442)
(-0.8677574546 0.334 -0.374)
(-0.8677574546 0.334 -0.306)
(-0.8677574546 0.334 -0.238)
(-0.8677574546 0.334 -0.17)
(-0.8677574546 0.334 -0.102)
(-0.8677574546 0.334 -0.034)
(-0.8677574546 0.334 0.034)
(-0.8677574546 0.334 0.102)
(-0.8677574546 0.334 0.17)
(-0.8677574546 0.334 0.238)
(-0.8677574546 0.334 0.306)
(-0.8677574546 0.334 0.374)
(-0.8677574546 0.334 0.442)
(-0.7713399596 0.334 -0.51)
(-0.7713399596 0.334 -0.442)
(-0.7713399596 0.334 -0.374)
(-0.7713399596 0.334 -0.306)
(-0.7713399596 0.334 -0.238)
(-0.7713399596 0.334 -0.17)
(-0.7713399596 0.334 -0.102)
(-0.7713399596 0.334 -0.034)
(-0.7713399596 0.334 0.034)
(-0.7713399596 0.334 0.102)
(-0.7713399596 0.334 0.17)
(-0.7713399596 0.334 0.238)
(-0.7713399596 0.334 0.306)
(-0.7713399596 0.334 0.374)
(-0.7713399596 0.334 0.442)
(-0.9159662021 0.4175 -0.51)
(-0.8195487071 0.4175 -0.51)
(-0.9159662021 0.4175 -0.442)
(-0.8195487071 0.4175 -0.442)
(-0.9159662021 0.4175 -0.374)
(-0.8195487071 0.4175 -0.374)
(-0.9159662021 0.4175 -0.306)
(-0.8195487071 0.4175 -0.306)
(-0.9159662021 0.4175 -0.238)
(-0.8195487071 0.4175 -0.238)
(-0.9159662021 0.4175 -0.17)
(-0.8195487071 0.4175 -0.17)
(-0.9159662021 0.4175 -0.102)
(-0.8195487071 0.4175 -0.102)
(-0.9159662021 0.4175 -0.034)
(-0.8195487071 0.4175 -0.034)
(-0.9159662021 0.4175 0.034)
(-0.8195487071 0.4175 0.034)
(-0.9159662021 0.4175 0.102)
(-0.8195487071 0.4175 0.102)
(-0.9159662021 0.4175 0.17)
(-0.8195487071 0.4175 0.17)
(-0.9159662021 0.4175 0.238)
(-0.8195487071 0.4175 0.238)
(-0.9159662021 0.4175 0.306)
(-0.8195487071 0.4175 0.306)
(-0.9159662021 0.4175 0.374)
(-0.8195487071 0.4175 0.374)
(-0.9159662021 0.4175 0.442)
(-0.8195487071 0.4175 0.442)
(-0.8677574546 0.501 -0.51)
(-0.8677574546 0.501 -0.442)
(-0.8677574546 0.501 -0.374)
(-0.8677574546 0.501 -0.306)
(-0.8677574546 0.501 -0.238)
(-0.8677574546 0.501 -0.17)
(-0.8677574546 0.501 -0.102)
(-0.8677574546 0.501 -0.034)
(-0.8677574546 0.501 0.034)
(-0.8677574546 0.501 0.102)
(-0.8677574546 0.501 0.17)
(-0.8677574546 0.501 0.238)
(-0.8677574546 0.501 0.306)
(-0.8677574546 0.501 0.374)
(-0.8677574546 0.501 0.442)
(-0.7713399596 0.501 -0.51)
(-0.7713399596 0.501 -0.442)
(-0.7713399596 0.501 -0.374)
(-0.7713399596 0.501 -0.306)
(-0.7713399596 0.501 -0.238)
(-0.7713399596 0.501 -0.17)
(-0.7713399596 0.501 -0.102)
(-0.7713399596 0.501 -0.034)
(-0.7713399596 0.501 0.034)
(-0.7713399596 0.501 0.102)
(-0.7713399596 0.501 0.17)
(-0.7713399596 0.501 0.238)
(-0.7713399596 0.501 0.306)
(-0.7713399596 0.501 0.374)
(-0.7713399596 0.501 0.442)
(-0.9641749495 0.501 -0.51)
(-0.9641749495 0.501 -0.442)
(-0.9641749495 0.501 -0.374)
(-0.9641749495 0.501 -0.306)
(-0.9641749495 0.501 -0.238)
(-0.9641749495 0.501 -0.17)
(-0.9641749495 0.501 -0.102)
(-0.9641749495 0.501 -0.034)
(-0.9641749495 0.501 0.034)
(-0.9641749495 0.501 0.102)
(-0.9641749495 0.501 0.17)
(-0.9641749495 0.501 0.238)
(-0.9641749495 0.501 0.306)
(-0.9641749495 0.501 0.374)
(-0.9641749495 0.501 0.442)
(-0.9159662021 0.5845 -0.51)
(-0.8195487071 0.5845 -0.51)
(-0.9159662021 0.5845 -0.442)
(-0.8195487071 0.5845 -0.442)
(-0.9159662021 0.5845 -0.374)
(-0.8195487071 0.5845 -0.374)
(-0.9159662021 0.5845 -0.306)
(-0.8195487071 0.5845 -0.306)
(-0.9159662021 0.5845 -0.238)
(-0.8195487071 0.5845 -0.238)
(-0.9159662021 0.5845 -0.17)
(-0.8195487071 0.5845 -0.17)
(-0.9159662021 0.5845 -0.102)
(-0.8195487071 0.5845 -0.102)
(-0.9159662021 0.5845 -0.034)
(-0.8195487071 0.5845 -0.034)
(-0.9159662021 0.5845 0.034)
(-0.8195487071 0.5845 0.034)
(-0.9159662021 0.5845 0.102)
(-0.8195487071 0.5845 0.102)
(-0.9159662021 0.5845 0.17)
(-0.8195487071 0.5845 0.17)
(-0.9159662021 0.5845 0.238)
(-0.8195487071 0.5845 0.238)
(-0.9159662021 0.5845 0.306)
(-0.8195487071 0.5845 0.306)
(-0.9159662021 0.5845 0.374)
(-0.8195487071 0.5845 0.374)
(-0.9159662021 0.5845 0.442)
(-0.8195487071 0.5845 0.442)
(-0.7713399596 -0.835 -0.51)
(-0.6749224647 -0.835 -0.51)
(-0.7231312122 -0.7515 -0.51)
(-0.7713399596 -0.835 -0.442)
(-0.6749224647 -0.835 -0.442)
(-0.7231312122 -0.7515 -0.442)
(-0.7713399596 -0.835 -0.374)
(-0.6749224647 -0.835 -0.374)
(-0.7231312122 -0.7515 -0.374)
(-0.7713399596 -0.835 -0.306)
(-0.6749224647 -0.835 -0.306)
(-0.7231312122 -0.7515 -0.306)
(-0.7713399596 -0.835 -0.238)
(-0.6749224647 -0.835 -0.238)
(-0.7231312122 -0.7515 -0.238)
(-0.7713399596 -0.835 -0.17)
(-0.6749224647 -0.835 -0.17)
(-0.7231312122 -0.7515 -0.17)
(-0.7713399596 -0.835 -0.102)
(-0.6749224647 -0.835 -0.102)
(-0.7231312122 -0.7515 -0.102)
(-0.7713399596 -0.835 -0.034)
(-0.6749224647 -0.835 -0.034)
(-0.7231312122 -0.7515 -0.034)
(-0.7713399596 -0.835 0.034)
(-0.6749224647 -0.835 0.034)
(-0.7231312122 -0.7515 0.034)
(-0.7713399596 -0.835 0.102)
(-0.6749224647 -0.835 0.102)
(-0.7231312122 -0.7515 0.102)
(-0.7713399596 -0.835 0.17)
(-0.6749224647 -0.835 0.17)
(-0.7231312122 -0.7515 0.17)
(-0.7713399596 -0.835 0.238)
(-0.6749224647 -0.835 0.238)
(-0.7231312122 -0.7515 0.238)
(-0.7713399596 -0.835 0.306)
(-0.6749224647 -0.835 0.306)
(-0.7231312122 -0.7515 0.306)
(-0.7713399596 -0.835 0.374)
(-0.6749224647 -0.835 0.374)
(-0.7231312122 -0.7515 0.374)
(-0.7713399596 -0.835 0.442)
(-0.6749224647 -0.835 0.442)
(-0.7231312122 -0.7515 0.442)
(-0.6267137172 -0.7515 -0.51)
(-0.6267137172 -0.7515 -0.442)
(-0.6267137172 -0.7515 -0.374)
(-0.6267137172 -0.7515 -0.306)
(-0.6267137172 -0.7515 -0.238)
(-0.6267137172 -0.7515 -0.17)
(-0.6267137172 -0.7515 -0.102)
(-0.6267137172 -0.7515 -0.034)
(-0.6267137172 -0.7515 0.034)
(-0.6267137172 -0.7515 0.102)
(-0.6267137172 -0.7515 0.17)
(-0.6267137172 -0.7515 0.238)
(-0.6267137172 -0.7515 0.306)
(-0.6267137172 -0.7515 0.374)
(-0.6267137172 -0.7515 0.442)
(-0.8195487071 -0.7515 -0.51)
(-0.8195487071 -0.7515 -0.442)
(-0.8195487071 -0.7515 -0.374)
(-0.8195487071 -0.7515 -0.306)
(-0.8195487071 -0.7515 -0.238)
(-0.8195487071 -0.7515 -0.17)
(-0.8195487071 -0.7515 -0.102)
(-0.8195487071 -0.7515 -0.034)
(-0.8195487071 -0.7515 0.034)
(-0.8195487071 -0.7515 0.102)
(-0.8195487071 -0.7515 0.17)
(-0.8195487071 -0.7515 0.238)
(-0.8195487071 -0.7515 0.306)
(-0.8195487071 -0.7515 0.374)
(-0.8195487071 -0.7515 0.442)
(-0.7713399596 -0.668 -0.51)
(-0.6749224647 -0.668 -0.51)
(-0.7713399596 -0.668 -0.442)
(-0.6749224647 -0.668 -0.442)
(-0.7713399596 -0.668 -0.374)
(-0.6749224647 -0.668 -0.374)
(-0.7713399596 -0.668 -0.306)
(-0.6749224647 -0.668 -0.306)
(-0.7713399596 -0.668 -0.238)
(-0.6749224647 -0.668 -0.238)
(-0.7713399596 -0.668 -0.17)
(-0.6749224647 -0.668 -0.17)
(-0.7713399596 -0.668 -0.102)
(-0.6749224647 -0.668 -0.102)
(-0.7713399596 -0.668 -0.034)
(-0.6749224647 -0.668 -0.034)
(-0.7713399596 -0.668 0.034)
(-0.6749224647 -0.668 0.034)
(-0.7713399596 -0.668 0.102)
(-0.6749224647 -0.668 0.102)
(-0.7713399596 -0.668 0.17)
(-0.6749224647 -0.668 0.17)
(-0.7713399596 -0.668 0.238)
(-0.6749224647 -0.668 0.238)
(-0.7713399596 -0.668 0.306)
(-0.6749224647 -0.668 0.306)
(-0.7713399596 -0.668 0.374)
(-0.6749224647 -0.668 0.374)
(-0.7713399596 -0.668 0.442)
(-0.6749224647 -0.668 0.442)
(-0.7231312122 -0.5845 -0.51)
(-0.7231312122 -0.5845 -0.442)
(-0.7231312122 -0.5845 -0.374)
(-0.7231312122 -0.5845 -0.306)
(-0.7231312122 -0.5845 -0.238)
(-0.7231312122 -0.5845 -0.17)
(-0.7231312122 -0.5845 -0.102)
(-0.7231312122 -0.5845 -0.034)
(-0.7231312122 -0.5845 0.034)
(-0.7231312122 -0.5845 0.102)
(-0.7231312122 -0.5845 0.17)
(-0.7231312122 -0.5845 0.238)
(-0.7231312122 -0.5845 0.306)
(-0.7231312122 -0.5845 0.374)
(-0.7231312122 -0.5845 0.442)
(-0.6267137172 -0.5845 -0.51)
(-0.6267137172 -0.5845 -0.442)
(-0.6267137172 -0.5845 -0.374)
(-0.6267137172 -0.5845 -0.306)
(-0.6267137172 -0.5845 -0.238)
(-0.6267137172 -0.5845 -0.17)
(-0.6267137172 -0.5845 -0.102)
(-0.6267137172 -0.5845 -0.034)
(-0.6267137172 -0.5845 0.034)
(-0.6267137172 -0.5845 0.102)
(-0.6267137172 -0.5845 0.17)
(-0.6267137172 -0.5845 0.238)
(-0.6267137172 -0.5845 0.306)
(-0.6267137172 -0.5845 0.374)
(-0.6267137172 -0.5845 0.442)
(-0.6749224647 -0.501 -0.51)
(-0.6749224647 -0.501 -0.442)
(-0.6749224647 -0.501 -0.374)
(-0.6749224647 -0.501 -0.306)
(-0.6749224647 -0.501 -0.238)
(-0.6749224647 -0.501 -0.17)
(-0.6749224647 -0.501 -0.102)
(-0.6749224647 -0.501 -0.034)
(-0.6749224647 -0.501 0.034)
(-0.6749224647 -0.501 0.102)
(-0.6749224647 -0.501 0.17)
(-0.6749224647 -0.501 0.238)
(-0.6749224647 -0.501 0.306)
(-0.6749224647 -0.501 0.374)
(-0.6749224647 -0.501 0.442)
(-0.7231312122 -0.4175 -0.51)
(-0.7231312122 -0.4175 -0.442)
(-0.7231312122 -0.4175 -0.374)
(-0.7231312122 -0.4175 -0.306)
(-0.7231312122 -0.4175 -0.238)
(-0.7231312122 -0.4175 -0.17)
(-0.7231312122 -0.4175 -0.102)
(-0.7231312122 -0.4175 -0.034)
(-0.7231312122 -0.4175 0.034)
(-0.7231312122 -0.4175 0.102)
(-0.7231312122 -0.4175 0.17)
(-0.7231312122 -0.4175 0.238)
(-0.7231312122 -0.4175 0.306)
(-0.7231312122 -0.4175 0.374)
(-0.7231312122 -0.4175 0.442)
(-0.7231312122 -0.2505 -0.51)
(-0.7231312122 -0.2505 -0.442)
(-0.7231312122 -0.2505 -0.374)
(-0.7231312122 -0.2505 -0.306)
(-0.7231312122 -0.2505 -0.238)
(-0.7231312122 -0.2505 -0.17)
(-0.7231312122 -0.2505 -0.102)
(-0.7231312122 -0.2505 -0.034)
(-0.7231312122 -0.2505 0.034)
(-0.7231312122 -0.2505 0.102)
(-0.7231312122 -0.2505 0.17)
(-0.7231312122 -0.2505 0.238)
(-0.7231312122 -0.2505 0.306)
(-0.7231312122 -0.2505 0.374)
(-0.7231312122 -0.2505 0.442)
(-0.7231312122 -0.0835 -0.51)
(-0.7231312122 -0.0835 -0.442)
(-0.7231312122 -0.0835 -0.374)
(-0.7231312122 -0.0835 -0.306)
(-0.7231312122 -0.0835 -0.238)
(-0.7231312122 -0.0835 -0.17)
(-0.7231312122 -0.0835 -0.102)
(-0.7231312122 -0.0835 -0.034)
(-0.7231312122 -0.0835 0.034)
(-0.7231312122 -0.0835 0.102)
(-0.7231312122 -0.0835 0.17)
(-0.7231312122 -0.0835 0.238)
(-0.7231312122 -0.0835 0.306)
(-0.7231312122 -0.0835 0.374)
(-0.7231312122 -0.0835 0.442)
(-0.7231312122 0.0835 -0.51)
(-0.7231312122 0.0835 -0.442)
(-0.7231312122 0.0835 -0.374)
(-0.7231312122 0.0835 -0.306)
(-0.7231312122 0.0835 -0.238)
(-0.7231312122 0.0835 -0.17)
(-0.7231312122 0.0835 -0.102)
(-0.7231312122 0.0835 -0.034)
(-0.7231312122 0.0835 0.034)
(-0.7231312122 0.0835 0.102)
(-0.7231312122 0.0835 0.17)
(-0.7231312122 0.0835 0.238)
(-0.7231312122 0.0835 0.306)
(-0.7231312122 0.0835 0.374)
(-0.7231312122 0.0835 0.442)
(-0.7231312122 0.2505 -0.51)
(-0.7231312122 0.2505 -0.442)
(-0.7231312122 0.2505 -0.374)
(-0.7231312122 0.2505 -0.306)
(-0.7231312122 0.2505 -0.238)
(-0.7231312122 0.2505 -0.17)
(-0.7231312122 0.2505 -0.102)
(-0.7231312122 0.2505 -0.034)
(-0.7231312122 0.2505 0.034)
(-0.7231312122 0.2505 0.102)
(-0.7231312122 0.2505 0.17)
(-0.7231312122 0.2505 0.238)
(-0.7231312122 0.2505 0.306)
(-0.7231312122 0.2505 0.374)
(-0.7231312122 0.2505 0.442)
(-0.7231312122 0.4175 -0.51)
(-0.7231312122 0.4175 -0.442)
(-0.7231312122 0.4175 -0.374)
(-0.7231312122 0.4175 -0.306)
(-0.7231312122 0.4175 -0.238)
(-0.7231312122 0.4175 -0.17)
(-0.7231312122 0.4175 -0.102)
(-0.7231312122 0.4175 -0.034)
(-0.7231312122 0.4175 0.034)
(-0.7231312122 0.4175 0.102)
(-0.7231312122 0.4175 0.17)
(-0.7231312122 0.4175 0.238)
(-0.7231312122 0.4175 0.306)
(-0.7231312122 0.4175 0.374)
(-0.7231312122 0.4175 0.442)
(-0.6749224647 0.501 -0.51)
(-0.6749224647 0.501 -0.442)
(-0.6749224647 0.501 -0.374)
(-0.6749224647 0.501 -0.306)
(-0.6749224647 0.501 -0.238)
(-0.6749224647 0.501 -0.17)
(-0.6749224647 0.501 -0.102)
(-0.6749224647 0.501 -0.034)
(-0.6749224647 0.501 0.034)
(-0.6749224647 0.501 0.102)
(-0.6749224647 0.501 0.17)
(-0.6749224647 0.501 0.238)
(-0.6749224647 0.501 0.306)
(-0.6749224647 0.501 0.374)
(-0.6749224647 0.501 0.442)
(-0.7231312122 0.5845 -0.51)
(-0.7231312122 0.5845 -0.442)
(-0.7231312122 0.5845 -0.374)
(-0.7231312122 0.5845 -0.306)
(-0.7231312122 0.5845 -0.238)
(-0.7231312122 0.5845 -0.17)
(-0.7231312122 0.5845 -0.102)
(-0.7231312122 0.5845 -0.034)
(-0.7231312122 0.5845 0.034)
(-0.7231312122 0.5845 0.102)
(-0.7231312122 0.5845 0.17)
(-0.7231312122 0.5845 0.238)
(-0.7231312122 0.5845 0.306)
(-0.7231312122 0.5845 0.374)
(-0.7231312122 0.5845 0.442)
(-0.6267137172 0.5845 -0.51)
(-0.6267137172 0.5845 -0.442)
(-0.6267137172 0.5845 -0.374)
(-0.6267137172 0.5845 -0.306)
(-0.6267137172 0.5845 -0.238)
(-0.6267137172 0.5845 -0.17)
(-0.6267137172 0.5845 -0.102)
(-0.6267137172 0.5845 -0.034)
(-0.6267137172 0.5845 0.034)
(-0.6267137172 0.5845 0.102)
(-0.6267137172 0.5845 0.17)
(-0.6267137172 0.5845 0.238)
(-0.6267137172 0.5845 0.306)
(-0.6267137172 0.5845 0.374)
(-0.6267137172 0.5845 0.442)
(-0.7713399596 0.668 -0.51)
(-0.6749224647 0.668 -0.51)
(-0.7713399596 0.668 -0.442)
(-0.6749224647 0.668 -0.442)
(-0.7713399596 0.668 -0.374)
(-0.6749224647 0.668 -0.374)
(-0.7713399596 0.668 -0.306)
(-0.6749224647 0.668 -0.306)
(-0.7713399596 0.668 -0.238)
(-0.6749224647 0.668 -0.238)
(-0.7713399596 0.668 -0.17)
(-0.6749224647 0.668 -0.17)
(-0.7713399596 0.668 -0.102)
(-0.6749224647 0.668 -0.102)
(-0.7713399596 0.668 -0.034)
(-0.6749224647 0.668 -0.034)
(-0.7713399596 0.668 0.034)
(-0.6749224647 0.668 0.034)
(-0.7713399596 0.668 0.102)
(-0.6749224647 0.668 0.102)
(-0.7713399596 0.668 0.17)
(-0.6749224647 0.668 0.17)
(-0.7713399596 0.668 0.238)
(-0.6749224647 0.668 0.238)
(-0.7713399596 0.668 0.306)
(-0.6749224647 0.668 0.306)
(-0.7713399596 0.668 0.374)
(-0.6749224647 0.668 0.374)
(-0.7713399596 0.668 0.442)
(-0.6749224647 0.668 0.442)
(-0.7231312122 0.7515 -0.51)
(-0.7231312122 0.7515 -0.442)
(-0.7231312122 0.7515 -0.374)
(-0.7231312122 0.7515 -0.306)
(-0.7231312122 0.7515 -0.238)
(-0.7231312122 0.7515 -0.17)
(-0.7231312122 0.7515 -0.102)
(-0.7231312122 0.7515 -0.034)
(-0.7231312122 0.7515 0.034)
(-0.7231312122 0.7515 0.102)
(-0.7231312122 0.7515 0.17)
(-0.7231312122 0.7515 0.238)
(-0.7231312122 0.7515 0.306)
(-0.7231312122 0.7515 0.374)
(-0.7231312122 0.7515 0.442)
(-0.6267137172 0.7515 -0.51)
(-0.6267137172 0.7515 -0.442)
(-0.6267137172 0.7515 -0.374)
(-0.6267137172 0.7515 -0.306)
(-0.6267137172 0.7515 -0.238)
(-0.6267137172 0.7515 -0.17)
(-0.6267137172 0.7515 -0.102)
(-0.6267137172 0.7515 -0.034)
(-0.6267137172 0.7515 0.034)
(-0.6267137172 0.7515 0.102)
(-0.6267137172 0.7515 0.17)
(-0.6267137172 0.7515 0.238)
(-0.6267137172 0.7515 0.306)
(-0.6267137172 0.7515 0.374)
(-0.6267137172 0.7515 0.442)
(-0.8195487071 0.7515 -0.51)
(-0.8195487071 0.7515 -0.442)
(-0.8195487071 0.7515 -0.374)
(-0.8195487071 0.7515 -0.306)
(-0.8195487071 0.7515 -0.238)
(-0.8195487071 0.7515 -0.17)
(-0.8195487071 0.7515 -0.102)
(-0.8195487071 0.7515 -0.034)
(-0.8195487071 0.7515 0.034)
(-0.8195487071 0.7515 0.102)
(-0.8195487071 0.7515 0.17)
(-0.8195487071 0.7515 0.238)
(-0.8195487071 0.7515 0.306)
(-0.8195487071 0.7515 0.374)
(-0.8195487071 0.7515 0.442)
(-0.7713399596 0.835 -0.51)
(-0.6749224647 0.835 -0.51)
(-0.7713399596 0.835 -0.442)
(-0.6749224647 0.835 -0.442)
(-0.7713399596 0.835 -0.374)
(-0.6749224647 0.835 -0.374)
(-0.7713399596 0.835 -0.306)
(-0.6749224647 0.835 -0.306)
(-0.7713399596 0.835 -0.238)
(-0.6749224647 0.835 -0.238)
(-0.7713399596 0.835 -0.17)
(-0.6749224647 0.835 -0.17)
(-0.7713399596 0.835 -0.102)
(-0.6749224647 0.835 -0.102)
(-0.7713399596 0.835 -0.034)
(-0.6749224647 0.835 -0.034)
(-0.7713399596 0.835 0.034)
(-0.6749224647 0.835 0.034)
(-0.7713399596 0.835 0.102)
(-0.6749224647 0.835 0.102)
(-0.7713399596 0.835 0.17)
(-0.6749224647 0.835 0.17)
(-0.7713399596 0.835 0.238)
(-0.6749224647 0.835 0.238)
(-0.7713399596 0.835 0.306)
(-0.6749224647 0.835 0.306)
(-0.7713399596 0.835 0.374)
(-0.6749224647 0.835 0.374)
(-0.7713399596 0.835 0.442)
(-0.6749224647 0.835 0.442)
(-0.6267137172 -0.9185 -0.51)
(-0.5302962223 -0.9185 -0.51)
(-0.5785049697 -0.835 -0.51)
(-0.6267137172 -0.9185 -0.442)
(-0.5302962223 -0.9185 -0.442)
(-0.5785049697 -0.835 -0.442)
(-0.6267137172 -0.9185 -0.374)
(-0.5302962223 -0.9185 -0.374)
(-0.5785049697 -0.835 -0.374)
(-0.6267137172 -0.9185 -0.306)
(-0.5302962223 -0.9185 -0.306)
(-0.5785049697 -0.835 -0.306)
(-0.6267137172 -0.9185 -0.238)
(-0.5302962223 -0.9185 -0.238)
(-0.5785049697 -0.835 -0.238)
(-0.6267137172 -0.9185 -0.17)
(-0.5302962223 -0.9185 -0.17)
(-0.5785049697 -0.835 -0.17)
(-0.6267137172 -0.9185 -0.102)
(-0.5302962223 -0.9185 -0.102)
(-0.5785049697 -0.835 -0.102)
(-0.6267137172 -0.9185 -0.034)
(-0.5302962223 -0.9185 -0.034)
(-0.5785049697 -0.835 -0.034)
(-0.6267137172 -0.9185 0.034)
(-0.5302962223 -0.9185 0.034)
(-0.5785049697 -0.835 0.034)
(-0.6267137172 -0.9185 0.102)
(-0.5302962223 -0.9185 0.102)
(-0.5785049697 -0.835 0.102)
(-0.6267137172 -0.9185 0.17)
(-0.5302962223 -0.9185 0.17)
(-0.5785049697 -0.835 0.17)
(-0.6267137172 -0.9185 0.238)
(-0.5302962223 -0.9185 0.238)
(-0.5785049697 -0.835 0.238)
(-0.6267137172 -0.9185 0.306)
(-0.5302962223 -0.9185 0.306)
(-0.5785049697 -0.835 0.306)
(-0.6267137172 -0.9185 0.374)
(-0.5302962223 -0.9185 0.374)
(-0.5785049697 -0.835 0.374)
(-0.6267137172 -0.9185 0.442)
(-0.5302962223 -0.9185 0.442)
(-0.5785049697 -0.835 0.442)
(-0.4820874748 -0.835 -0.51)
(-0.4820874748 -0.835 -0.442)
(-0.4820874748 -0.835 -0.374)
(-0.4820874748 -0.835 -0.306)
(-0.4820874748 -0.835 -0.238)
(-0.4820874748 -0.835 -0.17)
(-0.4820874748 -0.835 -0.102)
(-0.4820874748 -0.835 -0.034)
(-0.4820874748 -0.835 0.034)
(-0.4820874748 -0.835 0.102)
(-0.4820874748 -0.835 0.17)
(-0.4820874748 -0.835 0.238)
(-0.4820874748 -0.835 0.306)
(-0.4820874748 -0.835 0.374)
(-0.4820874748 -0.835 0.442)
(-0.5302962223 -0.7515 -0.51)
(-0.5302962223 -0.7515 -0.442)
(-0.5302962223 -0.7515 -0.374)
(-0.5302962223 -0.7515 -0.306)
(-0.5302962223 -0.7515 -0.238)
(-0.5302962223 -0.7515 -0.17)
(-0.5302962223 -0.7515 -0.102)
(-0.5302962223 -0.7515 -0.034)
(-0.5302962223 -0.7515 0.034)
(-0.5302962223 -0.7515 0.102)
(-0.5302962223 -0.7515 0.17)
(-0.5302962223 -0.7515 0.238)
(-0.5302962223 -0.7515 0.306)
(-0.5302962223 -0.7515 0.374)
(-0.5302962223 -0.7515 0.442)
(-0.5785049697 -0.668 -0.51)
(-0.5785049697 -0.668 -0.442)
(-0.5785049697 -0.668 -0.374)
(-0.5785049697 -0.668 -0.306)
(-0.5785049697 -0.668 -0.238)
(-0.5785049697 -0.668 -0.17)
(-0.5785049697 -0.668 -0.102)
(-0.5785049697 -0.668 -0.034)
(-0.5785049697 -0.668 0.034)
(-0.5785049697 -0.668 0.102)
(-0.5785049697 -0.668 0.17)
(-0.5785049697 -0.668 0.238)
(-0.5785049697 -0.668 0.306)
(-0.5785049697 -0.668 0.374)
(-0.5785049697 -0.668 0.442)
(-0.4820874748 -0.668 -0.51)
(-0.4820874748 -0.668 -0.442)
(-0.4820874748 -0.668 -0.374)
(-0.4820874748 -0.668 -0.306)
(-0.4820874748 -0.668 -0.238)
(-0.4820874748 -0.668 -0.17)
(-0.4820874748 -0.668 -0.102)
(-0.4820874748 -0.668 -0.034)
(-0.4820874748 -0.668 0.034)
(-0.4820874748 -0.668 0.102)
(-0.4820874748 -0.668 0.17)
(-0.4820874748 -0.668 0.238)
(-0.4820874748 -0.668 0.306)
(-0.4820874748 -0.668 0.374)
(-0.4820874748 -0.668 0.442)
(-0.5302962223 -0.5845 -0.51)
(-0.5302962223 -0.5845 -0.442)
(-0.5302962223 -0.5845 -0.374)
(-0.5302962223 -0.5845 -0.306)
(-0.5302962223 -0.5845 -0.238)
(-0.5302962223 -0.5845 -0.17)
(-0.5302962223 -0.5845 -0.102)
(-0.5302962223 -0.5845 -0.034)
(-0.5302962223 -0.5845 0.034)
(-0.5302962223 -0.5845 0.102)
(-0.5302962223 -0.5845 0.17)
(-0.5302962223 -0.5845 0.238)
(-0.5302962223 -0.5845 0.306)
(-0.5302962223 -0.5845 0.374)
(-0.5302962223 -0.5845 0.442)
(-0.5785049697 -0.501 -0.51)
(-0.5785049697 -0.501 -0.442)
(-0.5785049697 -0.501 -0.374)
(-0.5785049697 -0.501 -0.306)
(-0.5785049697 -0.501 -0.238)
(-0.5785049697 -0.501 -0.17)
(-0.5785049697 -0.501 -0.102)
(-0.5785049697 -0.501 -0.034)
(-0.5785049697 -0.501 0.034)
(-0.5785049697 -0.501 0.102)
(-0.5785049697 -0.501 0.17)
(-0.5785049697 -0.501 0.238)
(-0.5785049697 -0.501 0.306)
(-0.5785049697 -0.501 0.374)
(-0.5785049697 -0.501 0.442)
(-0.5785049697 0.501 -0.51)
(-0.5785049697 0.501 -0.442)
(-0.5785049697 0.501 -0.374)
(-0.5785049697 0.501 -0.306)
(-0.5785049697 0.501 -0.238)
(-0.5785049697 0.501 -0.17)
(-0.5785049697 0.501 -0.102)
(-0.5785049697 0.501 -0.034)
(-0.5785049697 0.501 0.034)
(-0.5785049697 0.501 0.102)
(-0.5785049697 0.501 0.17)
(-0.5785049697 0.501 0.238)
(-0.5785049697 0.501 0.306)
(-0.5785049697 0.501 0.374)
(-0.5785049697 0.501 0.442)
(-0.5302962223 0.5845 -0.51)
(-0.5302962223 0.5845 -0.442)
(-0.5302962223 0.5845 -0.374)
(-0.5302962223 0.5845 -0.306)
(-0.5302962223 0.5845 -0.238)
(-0.5302962223 0.5845 -0.17)
(-0.5302962223 0.5845 -0.102)
(-0.5302962223 0.5845 -0.034)
(-0.5302962223 0.5845 0.034)
(-0.5302962223 0.5845 0.102)
(-0.5302962223 0.5845 0.17)
(-0.5302962223 0.5845 0.238)
(-0.5302962223 0.5845 0.306)
(-0.5302962223 0.5845 0.374)
(-0.5302962223 0.5845 0.442)
(-0.5785049697 0.668 -0.51)
(-0.5785049697 0.668 -0.442)
(-0.5785049697 0.668 -0.374)
(-0.5785049697 0.668 -0.306)
(-0.5785049697 0.668 -0.238)
(-0.5785049697 0.668 -0.17)
(-0.5785049697 0.668 -0.102)
(-0.5785049697 0.668 -0.034)
(-0.5785049697 0.668 0.034)
(-0.5785049697 0.668 0.102)
(-0.5785049697 0.668 0.17)
(-0.5785049697 0.668 0.238)
(-0.5785049697 0.668 0.306)
(-0.5785049697 0.668 0.374)
(-0.5785049697 0.668 0.442)
(-0.4820874748 0.668 -0.51)
(-0.4820874748 0.668 -0.442)
(-0.4820874748 0.668 -0.374)
(-0.4820874748 0.668 -0.306)
(-0.4820874748 0.668 -0.238)
(-0.4820874748 0.668 -0.17)
(-0.4820874748 0.668 -0.102)
(-0.4820874748 0.668 -0.034)
(-0.4820874748 0.668 0.034)
(-0.4820874748 0.668 0.102)
(-0.4820874748 0.668 0.17)
(-0.4820874748 0.668 0.238)
(-0.4820874748 0.668 0.306)
(-0.4820874748 0.668 0.374)
(-0.4820874748 0.668 0.442)
(-0.5302962223 0.7515 -0.51)
(-0.5302962223 0.7515 -0.442)
(-0.5302962223 0.7515 -0.374)
(-0.5302962223 0.7515 -0.306)
(-0.5302962223 0.7515 -0.238)
(-0.5302962223 0.7515 -0.17)
(-0.5302962223 0.7515 -0.102)
(-0.5302962223 0.7515 -0.034)
(-0.5302962223 0.7515 0.034)
(-0.5302962223 0.7515 0.102)
(-0.5302962223 0.7515 0.17)
(-0.5302962223 0.7515 0.238)
(-0.5302962223 0.7515 0.306)
(-0.5302962223 0.7515 0.374)
(-0.5302962223 0.7515 0.442)
(-0.5785049697 0.835 -0.51)
(-0.5785049697 0.835 -0.442)
(-0.5785049697 0.835 -0.374)
(-0.5785049697 0.835 -0.306)
(-0.5785049697 0.835 -0.238)
(-0.5785049697 0.835 -0.17)
(-0.5785049697 0.835 -0.102)
(-0.5785049697 0.835 -0.034)
(-0.5785049697 0.835 0.034)
(-0.5785049697 0.835 0.102)
(-0.5785049697 0.835 0.17)
(-0.5785049697 0.835 0.238)
(-0.5785049697 0.835 0.306)
(-0.5785049697 0.835 0.374)
(-0.5785049697 0.835 0.442)
(-0.4820874748 0.835 -0.51)
(-0.4820874748 0.835 -0.442)
(-0.4820874748 0.835 -0.374)
(-0.4820874748 0.835 -0.306)
(-0.4820874748 0.835 -0.238)
(-0.4820874748 0.835 -0.17)
(-0.4820874748 0.835 -0.102)
(-0.4820874748 0.835 -0.034)
(-0.4820874748 0.835 0.034)
(-0.4820874748 0.835 0.102)
(-0.4820874748 0.835 0.17)
(-0.4820874748 0.835 0.238)
(-0.4820874748 0.835 0.306)
(-0.4820874748 0.835 0.374)
(-0.4820874748 0.835 0.442)
(-0.6267137172 0.9185 -0.51)
(-0.5302962223 0.9185 -0.51)
(-0.6267137172 0.9185 -0.442)
(-0.5302962223 0.9185 -0.442)
(-0.6267137172 0.9185 -0.374)
(-0.5302962223 0.9185 -0.374)
(-0.6267137172 0.9185 -0.306)
(-0.5302962223 0.9185 -0.306)
(-0.6267137172 0.9185 -0.238)
(-0.5302962223 0.9185 -0.238)
(-0.6267137172 0.9185 -0.17)
(-0.5302962223 0.9185 -0.17)
(-0.6267137172 0.9185 -0.102)
(-0.5302962223 0.9185 -0.102)
(-0.6267137172 0.9185 -0.034)
(-0.5302962223 0.9185 -0.034)
(-0.6267137172 0.9185 0.034)
(-0.5302962223 0.9185 0.034)
(-0.6267137172 0.9185 0.102)
(-0.5302962223 0.9185 0.102)
(-0.6267137172 0.9185 0.17)
(-0.5302962223 0.9185 0.17)
(-0.6267137172 0.9185 0.238)
(-0.5302962223 0.9185 0.238)
(-0.6267137172 0.9185 0.306)
(-0.5302962223 0.9185 0.306)
(-0.6267137172 0.9185 0.374)
(-0.5302962223 0.9185 0.374)
(-0.6267137172 0.9185 0.442)
(-0.5302962223 0.9185 0.442)
(-0.4820874748 -1.002 -0.51)
(-0.3856699798 -1.002 -0.51)
(-0.4338787273 -0.9185 -0.51)
(-0.4820874748 -1.002 -0.442)
(-0.3856699798 -1.002 -0.442)
(-0.4338787273 -0.9185 -0.442)
(-0.4820874748 -1.002 -0.374)
(-0.3856699798 -1.002 -0.374)
(-0.4338787273 -0.9185 -0.374)
(-0.4820874748 -1.002 -0.306)
(-0.3856699798 -1.002 -0.306)
(-0.4338787273 -0.9185 -0.306)
(-0.4820874748 -1.002 -0.238)
(-0.3856699798 -1.002 -0.238)
(-0.4338787273 -0.9185 -0.238)
(-0.4820874748 -1.002 -0.17)
(-0.3856699798 -1.002 -0.17)
(-0.4338787273 -0.9185 -0.17)
(-0.4820874748 -1.002 -0.102)
(-0.3856699798 -1.002 -0.102)
(-0.4338787273 -0.9185 -0.102)
(-0.4820874748 -1.002 -0.034)
(-0.3856699798 -1.002 -0.034)
(-0.4338787273 -0.9185 -0.034)
(-0.4820874748 -1.002 0.034)
(-0.3856699798 -1.002 0.034)
(-0.4338787273 -0.9185 0.034)
(-0.4820874748 -1.002 0.102)
(-0.3856699798 -1.002 0.102)
(-0.4338787273 -0.9185 0.102)
(-0.4820874748 -1.002 0.17)
(-0.3856699798 -1.002 0.17)
(-0.4338787273 -0.9185 0.17)
(-0.4820874748 -1.002 0.238)
(-0.3856699798 -1.002 0.238)
(-0.4338787273 -0.9185 0.238)
(-0.4820874748 -1.002 0.306)
(-0.3856699798 -1.002 0.306)
(-0.4338787273 -0.9185 0.306)
(-0.4820874748 -1.002 0.374)
(-0.3856699798 -1.002 0.374)
(-0.4338787273 -0.9185 0.374)
(-0.4820874748 -1.002 0.442)
(-0.3856699798 -1.002 0.442)
(-0.4338787273 -0.9185 0.442)
(-0.3374612323 -0.9185 -0.51)
(-0.3374612323 -0.9185 -0.442)
(-0.3374612323 -0.9185 -0.374)
(-0.3374612323 -0.9185 -0.306)
(-0.3374612323 -0.9185 -0.238)
(-0.3374612323 -0.9185 -0.17)
(-0.3374612323 -0.9185 -0.102)
(-0.3374612323 -0.9185 -0.034)
(-0.3374612323 -0.9185 0.034)
(-0.3374612323 -0.9185 0.102)
(-0.3374612323 -0.9185 0.17)
(-0.3374612323 -0.9185 0.238)
(-0.3374612323 -0.9185 0.306)
(-0.3374612323 -0.9185 0.374)
(-0.3374612323 -0.9185 0.442)
(-0.3856699798 -0.835 -0.51)
(-0.3856699798 -0.835 -0.442)
(-0.3856699798 -0.835 -0.374)
(-0.3856699798 -0.835 -0.306)
(-0.3856699798 -0.835 -0.238)
(-0.3856699798 -0.835 -0.17)
(-0.3856699798 -0.835 -0.102)
(-0.3856699798 -0.835 -0.034)
(-0.3856699798 -0.835 0.034)
(-0.3856699798 -0.835 0.102)
(-0.3856699798 -0.835 0.17)
(-0.3856699798 -0.835 0.238)
(-0.3856699798 -0.835 0.306)
(-0.3856699798 -0.835 0.374)
(-0.3856699798 -0.835 0.442)
(-0.4338787273 -0.7515 -0.51)
(-0.4338787273 -0.7515 -0.442)
(-0.4338787273 -0.7515 -0.374)
(-0.4338787273 -0.7515 -0.306)
(-0.4338787273 -0.7515 -0.238)
(-0.4338787273 -0.7515 -0.17)
(-0.4338787273 -0.7515 -0.102)
(-0.4338787273 -0.7515 -0.034)
(-0.4338787273 -0.7515 0.034)
(-0.4338787273 -0.7515 0.102)
(-0.4338787273 -0.7515 0.17)
(-0.4338787273 -0.7515 0.238)
(-0.4338787273 -0.7515 0.306)
(-0.4338787273 -0.7515 0.374)
(-0.4338787273 -0.7515 0.442)
(-0.3374612323 -0.7515 -0.51)
(-0.3374612323 -0.7515 -0.442)
(-0.3374612323 -0.7515 -0.374)
(-0.3374612323 -0.7515 -0.306)
(-0.3374612323 -0.7515 -0.238)
(-0.3374612323 -0.7515 -0.17)
(-0.3374612323 -0.7515 -0.102)
(-0.3374612323 -0.7515 -0.034)
(-0.3374612323 -0.7515 0.034)
(-0.3374612323 -0.7515 0.102)
(-0.3374612323 -0.7515 0.17)
(-0.3374612323 -0.7515 0.238)
(-0.3374612323 -0.7515 0.306)
(-0.3374612323 -0.7515 0.374)
(-0.3374612323 -0.7515 0.442)
(-0.3856699798 -0.668 -0.51)
(-0.3856699798 -0.668 -0.442)
(-0.3856699798 -0.668 -0.374)
(-0.3856699798 -0.668 -0.306)
(-0.3856699798 -0.668 -0.238)
(-0.3856699798 -0.668 -0.17)
(-0.3856699798 -0.668 -0.102)
(-0.3856699798 -0.668 -0.034)
(-0.3856699798 -0.668 0.034)
(-0.3856699798 -0.668 0.102)
(-0.3856699798 -0.668 0.17)
(-0.3856699798 -0.668 0.238)
(-0.3856699798 -0.668 0.306)
(-0.3856699798 -0.668 0.374)
(-0.3856699798 -0.668 0.442)
(-0.4338787273 -0.5845 -0.51)
(-0.4338787273 -0.5845 -0.442)
(-0.4338787273 -0.5845 -0.374)
(-0.4338787273 -0.5845 -0.306)
(-0.4338787273 -0.5845 -0.238)
(-0.4338787273 -0.5845 -0.17)
(-0.4338787273 -0.5845 -0.102)
(-0.4338787273 -0.5845 -0.034)
(-0.4338787273 -0.5845 0.034)
(-0.4338787273 -0.5845 0.102)
(-0.4338787273 -0.5845 0.17)
(-0.4338787273 -0.5845 0.238)
(-0.4338787273 -0.5845 0.306)
(-0.4338787273 -0.5845 0.374)
(-0.4338787273 -0.5845 0.442)
(-0.4338787273 0.5845 -0.51)
(-0.4338787273 0.5845 -0.442)
(-0.4338787273 0.5845 -0.374)
(-0.4338787273 0.5845 -0.306)
(-0.4338787273 0.5845 -0.238)
(-0.4338787273 0.5845 -0.17)
(-0.4338787273 0.5845 -0.102)
(-0.4338787273 0.5845 -0.034)
(-0.4338787273 0.5845 0.034)
(-0.4338787273 0.5845 0.102)
(-0.4338787273 0.5845 0.17)
(-0.4338787273 0.5845 0.238)
(-0.4338787273 0.5845 0.306)
(-0.4338787273 0.5845 0.374)
(-0.4338787273 0.5845 0.442)
(-0.3856699798 0.668 -0.51)
(-0.3856699798 0.668 -0.442)
(-0.3856699798 0.668 -0.374)
(-0.3856699798 0.668 -0.306)
(-0.3856699798 0.668 -0.238)
(-0.3856699798 0.668 -0.17)
(-0.3856699798 0.668 -0.102)
(-0.3856699798 0.668 -0.034)
(-0.3856699798 0.668 0.034)
(-0.3856699798 0.668 0.102)
(-0.3856699798 0.668 0.17)
(-0.3856699798 0.668 0.238)
(-0.3856699798 0.668 0.306)
(-0.3856699798 0.668 0.374)
(-0.3856699798 0.668 0.442)
(-0.4338787273 0.7515 -0.51)
(-0.4338787273 0.7515 -0.442)
(-0.4338787273 0.7515 -0.374)
(-0.4338787273 0.7515 -0.306)
(-0.4338787273 0.7515 -0.238)
(-0.4338787273 0.7515 -0.17)
(-0.4338787273 0.7515 -0.102)
(-0.4338787273 0.7515 -0.034)
(-0.4338787273 0.7515 0.034)
(-0.4338787273 0.7515 0.102)
(-0.4338787273 0.7515 0.17)
(-0.4338787273 0.7515 0.238)
(-0.4338787273 0.7515 0.306)
(-0.4338787273 0.7515 0.374)
(-0.4338787273 0.7515 0.442)
(-0.3374612323 0.7515 -0.51)
(-0.3374612323 0.7515 -0.442)
(-0.3374612323 0.7515 -0.374)
(-0.3374612323 0.7515 -0.306)
(-0.3374612323 0.7515 -0.238)
(-0.3374612323 0.7515 -0.17)
(-0.3374612323 0.7515 -0.102)
(-0.3374612323 0.7515 -0.034)
(-0.3374612323 0.7515 0.034)
(-0.3374612323 0.7515 0.102)
(-0.3374612323 0.7515 0.17)
(-0.3374612323 0.7515 0.238)
(-0.3374612323 0.7515 0.306)
(-0.3374612323 0.7515 0.374)
(-0.3374612323 0.7515 0.442)
(-0.3856699798 0.835 -0.51)
(-0.3856699798 0.835 -0.442)
(-0.3856699798 0.835 -0.374)
(-0.3856699798 0.835 -0.306)
(-0.3856699798 0.835 -0.238)
(-0.3856699798 0.835 -0.17)
(-0.3856699798 0.835 -0.102)
(-0.3856699798 0.835 -0.034)
(-0.3856699798 0.835 0.034)
(-0.3856699798 0.835 0.102)
(-0.3856699798 0.835 0.17)
(-0.3856699798 0.835 0.238)
(-0.3856699798 0.835 0.306)
(-0.3856699798 0.835 0.374)
(-0.3856699798 0.835 0.442)
(-0.4338787273 0.9185 -0.51)
(-0.4338787273 0.9185 -0.442)
(-0.4338787273 0.9185 -0.374)
(-0.4338787273 0.9185 -0.306)
(-0.4338787273 0.9185 -0.238)
(-0.4338787273 0.9185 -0.17)
(-0.4338787273 0.9185 -0.102)
(-0.4338787273 0.9185 -0.034)
(-0.4338787273 0.9185 0.034)
(-0.4338787273 0.9185 0.102)
(-0.4338787273 0.9185 0.17)
(-0.4338787273 0.9185 0.238)
(-0.4338787273 0.9185 0.306)
(-0.4338787273 0.9185 0.374)
(-0.4338787273 0.9185 0.442)
(-0.3374612323 0.9185 -0.51)
(-0.3374612323 0.9185 -0.442)
(-0.3374612323 0.9185 -0.374)
(-0.3374612323 0.9185 -0.306)
(-0.3374612323 0.9185 -0.238)
(-0.3374612323 0.9185 -0.17)
(-0.3374612323 0.9185 -0.102)
(-0.3374612323 0.9185 -0.034)
(-0.3374612323 0.9185 0.034)
(-0.3374612323 0.9185 0.102)
(-0.3374612323 0.9185 0.17)
(-0.3374612323 0.9185 0.238)
(-0.3374612323 0.9185 0.306)
(-0.3374612323 0.9185 0.374)
(-0.3374612323 0.9185 0.442)
(-0.4820874748 1.002 -0.51)
(-0.3856699798 1.002 -0.51)
(-0.4820874748 1.002 -0.442)
(-0.3856699798 1.002 -0.442)
(-0.4820874748 1.002 -0.374)
(-0.3856699798 1.002 -0.374)
(-0.4820874748 1.002 -0.306)
(-0.3856699798 1.002 -0.306)
(-0.4820874748 1.002 -0.238)
(-0.3856699798 1.002 -0.238)
(-0.4820874748 1.002 -0.17)
(-0.3856699798 1.002 -0.17)
(-0.4820874748 1.002 -0.102)
(-0.3856699798 1.002 -0.102)
(-0.4820874748 1.002 -0.034)
(-0.3856699798 1.002 -0.034)
(-0.4820874748 1.002 0.034)
(-0.3856699798 1.002 0.034)
(-0.4820874748 1.002 0.102)
(-0.3856699798 1.002 0.102)
(-0.4820874748 1.002 0.17)
(-0.3856699798 1.002 0.17)
(-0.4820874748 1.002 0.238)
(-0.3856699798 1.002 0.238)
(-0.4820874748 1.002 0.306)
(-0.3856699798 1.002 0.306)
(-0.4820874748 1.002 0.374)
(-0.3856699798 1.002 0.374)
(-0.4820874748 1.002 0.442)
(-0.3856699798 1.002 0.442)
(-0.3374612323 -1.0855 -0.51)
(-0.2410437374 -1.0855 -0.51)
(-0.2892524849 -1.002 -0.51)
(-0.3374612323 -1.0855 -0.442)
(-0.2410437374 -1.0855 -0.442)
(-0.2892524849 -1.002 -0.442)
(-0.3374612323 -1.0855 -0.374)
(-0.2410437374 -1.0855 -0.374)
(-0.2892524849 -1.002 -0.374)
(-0.3374612323 -1.0855 -0.306)
(-0.2410437374 -1.0855 -0.306)
(-0.2892524849 -1.002 -0.306)
(-0.3374612323 -1.0855 -0.238)
(-0.2410437374 -1.0855 -0.238)
(-0.2892524849 -1.002 -0.238)
(-0.3374612323 -1.0855 -0.17)
(-0.2410437374 -1.0855 -0.17)
(-0.2892524849 -1.002 -0.17)
(-0.3374612323 -1.0855 -0.102)
(-0.2410437374 -1.0855 -0.102)
(-0.2892524849 -1.002 -0.102)
(-0.3374612323 -1.0855 -0.034)
(-0.2410437374 -1.0855 -0.034)
(-0.2892524849 -1.002 -0.034)
(-0.3374612323 -1.0855 0.034)
(-0.2410437374 -1.0855 0.034)
(-0.2892524849 -1.002 0.034)
(-0.3374612323 -1.0855 0.102)
(-0.2410437374 -1.0855 0.102)
(-0.2892524849 -1.002 0.102)
(-0.3374612323 -1.0855 0.17)
(-0.2410437374 -1.0855 0.17)
(-0.2892524849 -1.002 0.17)
(-0.3374612323 -1.0855 0.238)
(-0.2410437374 -1.0855 0.238)
(-0.2892524849 -1.002 0.238)
(-0.3374612323 -1.0855 0.306)
(-0.2410437374 -1.0855 0.306)
(-0.2892524849 -1.002 0.306)
(-0.3374612323 -1.0855 0.374)
(-0.2410437374 -1.0855 0.374)
(-0.2892524849 -1.002 0.374)
(-0.3374612323 -1.0855 0.442)
(-0.2410437374 -1.0855 0.442)
(-0.2892524849 -1.002 0.442)
(-0.1928349899 -1.002 -0.51)
(-0.1928349899 -1.002 -0.442)
(-0.1928349899 -1.002 -0.374)
(-0.1928349899 -1.002 -0.306)
(-0.1928349899 -1.002 -0.238)
(-0.1928349899 -1.002 -0.17)
(-0.1928349899 -1.002 -0.102)
(-0.1928349899 -1.002 -0.034)
(-0.1928349899 -1.002 0.034)
(-0.1928349899 -1.002 0.102)
(-0.1928349899 -1.002 0.17)
(-0.1928349899 -1.002 0.238)
(-0.1928349899 -1.002 0.306)
(-0.1928349899 -1.002 0.374)
(-0.1928349899 -1.002 0.442)
(-0.2410437374 -0.9185 -0.51)
(-0.2410437374 -0.9185 -0.442)
(-0.2410437374 -0.9185 -0.374)
(-0.2410437374 -0.9185 -0.306)
(-0.2410437374 -0.9185 -0.238)
(-0.2410437374 -0.9185 -0.17)
(-0.2410437374 -0.9185 -0.102)
(-0.2410437374 -0.9185 -0.034)
(-0.2410437374 -0.9185 0.034)
(-0.2410437374 -0.9185 0.102)
(-0.2410437374 -0.9185 0.17)
(-0.2410437374 -0.9185 0.238)
(-0.2410437374 -0.9185 0.306)
(-0.2410437374 -0.9185 0.374)
(-0.2410437374 -0.9185 0.442)
(-0.2892524849 -0.835 -0.51)
(-0.2892524849 -0.835 -0.442)
(-0.2892524849 -0.835 -0.374)
(-0.2892524849 -0.835 -0.306)
(-0.2892524849 -0.835 -0.238)
(-0.2892524849 -0.835 -0.17)
(-0.2892524849 -0.835 -0.102)
(-0.2892524849 -0.835 -0.034)
(-0.2892524849 -0.835 0.034)
(-0.2892524849 -0.835 0.102)
(-0.2892524849 -0.835 0.17)
(-0.2892524849 -0.835 0.238)
(-0.2892524849 -0.835 0.306)
(-0.2892524849 -0.835 0.374)
(-0.2892524849 -0.835 0.442)
(-0.1928349899 -0.835 -0.51)
(-0.1928349899 -0.835 -0.442)
(-0.1928349899 -0.835 -0.374)
(-0.1928349899 -0.835 -0.306)
(-0.1928349899 -0.835 -0.238)
(-0.1928349899 -0.835 -0.17)
(-0.1928349899 -0.835 -0.102)
(-0.1928349899 -0.835 -0.034)
(-0.1928349899 -0.835 0.034)
(-0.1928349899 -0.835 0.102)
(-0.1928349899 -0.835 0.17)
(-0.1928349899 -0.835 0.238)
(-0.1928349899 -0.835 0.306)
(-0.1928349899 -0.835 0.374)
(-0.1928349899 -0.835 0.442)
(-0.2410437374 -0.7515 -0.51)
(-0.2410437374 -0.7515 -0.442)
(-0.2410437374 -0.7515 -0.374)
(-0.2410437374 -0.7515 -0.306)
(-0.2410437374 -0.7515 -0.238)
(-0.2410437374 -0.7515 -0.17)
(-0.2410437374 -0.7515 -0.102)
(-0.2410437374 -0.7515 -0.034)
(-0.2410437374 -0.7515 0.034)
(-0.2410437374 -0.7515 0.102)
(-0.2410437374 -0.7515 0.17)
(-0.2410437374 -0.7515 0.238)
(-0.2410437374 -0.7515 0.306)
(-0.2410437374 -0.7515 0.374)
(-0.2410437374 -0.7515 0.442)
(-0.2892524849 -0.668 -0.51)
(-0.2892524849 -0.668 -0.442)
(-0.2892524849 -0.668 -0.374)
(-0.2892524849 -0.668 -0.306)
(-0.2892524849 -0.668 -0.238)
(-0.2892524849 -0.668 -0.17)
(-0.2892524849 -0.668 -0.102)
(-0.2892524849 -0.668 -0.034)
(-0.2892524849 -0.668 0.034)
(-0.2892524849 -0.668 0.102)
(-0.2892524849 -0.668 0.17)
(-0.2892524849 -0.668 0.238)
(-0.2892524849 -0.668 0.306)
(-0.2892524849 -0.668 0.374)
(-0.2892524849 -0.668 0.442)
(-0.2892524849 0.668 -0.51)
(-0.2892524849 0.668 -0.442)
(-0.2892524849 0.668 -0.374)
(-0.2892524849 0.668 -0.306)
(-0.2892524849 0.668 -0.238)
(-0.2892524849 0.668 -0.17)
(-0.2892524849 0.668 -0.102)
(-0.2892524849 0.668 -0.034)
(-0.2892524849 0.668 0.034)
(-0.2892524849 0.668 0.102)
(-0.2892524849 0.668 0.17)
(-0.2892524849 0.668 0.238)
(-0.2892524849 0.668 0.306)
(-0.2892524849 0.668 0.374)
(-0.2892524849 0.668 0.442)
(-0.2410437374 0.7515 -0.51)
(-0.2410437374 0.7515 -0.442)
(-0.2410437374 0.7515 -0.374)
(-0.2410437374 0.7515 -0.306)
(-0.2410437374 0.7515 -0.238)
(-0.2410437374 0.7515 -0.17)
(-0.2410437374 0.7515 -0.102)
(-0.2410437374 0.7515 -0.034)
(-0.2410437374 0.7515 0.034)
(-0.2410437374 0.7515 0.102)
(-0.2410437374 0.7515 0.17)
(-0.2410437374 0.7515 0.238)
(-0.2410437374 0.7515 0.306)
(-0.2410437374 0.7515 0.374)
(-0.2410437374 0.7515 0.442)
(-0.2892524849 0.835 -0.51)
(-0.2892524849 0.835 -0.442)
(-0.2892524849 0.835 -0.374)
(-0.2892524849 0.835 -0.306)
(-0.2892524849 0.835 -0.238)
(-0.2892524849 0.835 -0.17)
(-0.2892524849 0.835 -0.102)
(-0.2892524849 0.835 -0.034)
(-0.2892524849 0.835 0.034)
(-0.2892524849 0.835 0.102)
(-0.2892524849 0.835 0.17)
(-0.2892524849 0.835 0.238)
(-0.2892524849 0.835 0.306)
(-0.2892524849 0.835 0.374)
(-0.2892524849 0.835 0.442)
(-0.1928349899 0.835 -0.51)
(-0.1928349899 0.835 -0.442)
(-0.1928349899 0.835 -0.374)
(-0.1928349899 0.835 -0.306)
(-0.1928349899 0.835 -0.238)
(-0.1928349899 0.835 -0.17)
(-0.1928349899 0.835 -0.102)
(-0.1928349899 0.835 -0.034)
(-0.1928349899 0.835 0.034)
(-0.1928349899 0.835 0.102)
(-0.1928349899 0.835 0.17)
(-0.1928349899 0.835 0.238)
(-0.1928349899 0.835 0.306)
(-0.1928349899 0.835 0.374)
(-0.1928349899 0.835 0.442)
(-0.2410437374 0.9185 -0.51)
(-0.2410437374 0.9185 -0.442)
(-0.2410437374 0.9185 -0.374)
(-0.2410437374 0.9185 -0.306)
(-0.2410437374 0.9185 -0.238)
(-0.2410437374 0.9185 -0.17)
(-0.2410437374 0.9185 -0.102)
(-0.2410437374 0.9185 -0.034)
(-0.2410437374 0.9185 0.034)
(-0.2410437374 0.9185 0.102)
(-0.2410437374 0.9185 0.17)
(-0.2410437374 0.9185 0.238)
(-0.2410437374 0.9185 0.306)
(-0.2410437374 0.9185 0.374)
(-0.2410437374 0.9185 0.442)
(-0.2892524849 1.002 -0.51)
(-0.2892524849 1.002 -0.442)
(-0.2892524849 1.002 -0.374)
(-0.2892524849 1.002 -0.306)
(-0.2892524849 1.002 -0.238)
(-0.2892524849 1.002 -0.17)
(-0.2892524849 1.002 -0.102)
(-0.2892524849 1.002 -0.034)
(-0.2892524849 1.002 0.034)
(-0.2892524849 1.002 0.102)
(-0.2892524849 1.002 0.17)
(-0.2892524849 1.002 0.238)
(-0.2892524849 1.002 0.306)
(-0.2892524849 1.002 0.374)
(-0.2892524849 1.002 0.442)
(-0.1928349899 1.002 -0.51)
(-0.1928349899 1.002 -0.442)
(-0.1928349899 1.002 -0.374)
(-0.1928349899 1.002 -0.306)
(-0.1928349899 1.002 -0.238)
(-0.1928349899 1.002 -0.17)
(-0.1928349899 1.002 -0.102)
(-0.1928349899 1.002 -0.034)
(-0.1928349899 1.002 0.034)
(-0.1928349899 1.002 0.102)
(-0.1928349899 1.002 0.17)
(-0.1928349899 1.002 0.238)
(-0.1928349899 1.002 0.306)
(-0.1928349899 1.002 0.374)
(-0.1928349899 1.002 0.442)
(-0.3374612323 1.0855 -0.51)
(-0.2410437374 1.0855 -0.51)
(-0.3374612323 1.0855 -0.442)
(-0.2410437374 1.0855 -0.442)
(-0.3374612323 1.0855 -0.374)
(-0.2410437374 1.0855 -0.374)
(-0.3374612323 1.0855 -0.306)
(-0.2410437374 1.0855 -0.306)
(-0.3374612323 1.0855 -0.238)
(-0.2410437374 1.0855 -0.238)
(-0.3374612323 1.0855 -0.17)
(-0.2410437374 1.0855 -0.17)
(-0.3374612323 1.0855 -0.102)
(-0.2410437374 1.0855 -0.102)
(-0.3374612323 1.0855 -0.034)
(-0.2410437374 1.0855 -0.034)
(-0.3374612323 1.0855 0.034)
(-0.2410437374 1.0855 0.034)
(-0.3374612323 1.0855 0.102)
(-0.2410437374 1.0855 0.102)
(-0.3374612323 1.0855 0.17)
(-0.2410437374 1.0855 0.17)
(-0.3374612323 1.0855 0.238)
(-0.2410437374 1.0855 0.238)
(-0.3374612323 1.0855 0.306)
(-0.2410437374 1.0855 0.306)
(-0.3374612323 1.0855 0.374)
(-0.2410437374 1.0855 0.374)
(-0.3374612323 1.0855 0.442)
(-0.2410437374 1.0855 0.442)
(-0.09641749495 -1.002 -0.51)
(-0.1446262424 -0.9185 -0.51)
(-0.09641749495 -1.002 -0.442)
(-0.1446262424 -0.9185 -0.442)
(-0.09641749495 -1.002 -0.374)
(-0.1446262424 -0.9185 -0.374)
(-0.09641749495 -1.002 -0.306)
(-0.1446262424 -0.9185 -0.306)
(-0.09641749495 -1.002 -0.238)
(-0.1446262424 -0.9185 -0.238)
(-0.09641749495 -1.002 -0.17)
(-0.1446262424 -0.9185 -0.17)
(-0.09641749495 -1.002 -0.102)
(-0.1446262424 -0.9185 -0.102)
(-0.09641749495 -1.002 -0.034)
(-0.1446262424 -0.9185 -0.034)
(-0.09641749495 -1.002 0.034)
(-0.1446262424 -0.9185 0.034)
(-0.09641749495 -1.002 0.102)
(-0.1446262424 -0.9185 0.102)
(-0.09641749495 -1.002 0.17)
(-0.1446262424 -0.9185 0.17)
(-0.09641749495 -1.002 0.238)
(-0.1446262424 -0.9185 0.238)
(-0.09641749495 -1.002 0.306)
(-0.1446262424 -0.9185 0.306)
(-0.09641749495 -1.002 0.374)
(-0.1446262424 -0.9185 0.374)
(-0.09641749495 -1.002 0.442)
(-0.1446262424 -0.9185 0.442)
(-0.04820874748 -0.9185 -0.51)
(-0.04820874748 -0.9185 -0.442)
(-0.04820874748 -0.9185 -0.374)
(-0.04820874748 -0.9185 -0.306)
(-0.04820874748 -0.9185 -0.238)
(-0.04820874748 -0.9185 -0.17)
(-0.04820874748 -0.9185 -0.102)
(-0.04820874748 -0.9185 -0.034)
(-0.04820874748 -0.9185 0.034)
(-0.04820874748 -0.9185 0.102)
(-0.04820874748 -0.9185 0.17)
(-0.04820874748 -0.9185 0.238)
(-0.04820874748 -0.9185 0.306)
(-0.04820874748 -0.9185 0.374)
(-0.04820874748 -0.9185 0.442)
(-0.09641749495 -0.835 -0.51)
(-0.09641749495 -0.835 -0.442)
(-0.09641749495 -0.835 -0.374)
(-0.09641749495 -0.835 -0.306)
(-0.09641749495 -0.835 -0.238)
(-0.09641749495 -0.835 -0.17)
(-0.09641749495 -0.835 -0.102)
(-0.09641749495 -0.835 -0.034)
(-0.09641749495 -0.835 0.034)
(-0.09641749495 -0.835 0.102)
(-0.09641749495 -0.835 0.17)
(-0.09641749495 -0.835 0.238)
(-0.09641749495 -0.835 0.306)
(-0.09641749495 -0.835 0.374)
(-0.09641749495 -0.835 0.442)
(-0.1446262424 -0.7515 -0.51)
(-0.1446262424 -0.7515 -0.442)
(-0.1446262424 -0.7515 -0.374)
(-0.1446262424 -0.7515 -0.306)
(-0.1446262424 -0.7515 -0.238)
(-0.1446262424 -0.7515 -0.17)
(-0.1446262424 -0.7515 -0.102)
(-0.1446262424 -0.7515 -0.034)
(-0.1446262424 -0.7515 0.034)
(-0.1446262424 -0.7515 0.102)
(-0.1446262424 -0.7515 0.17)
(-0.1446262424 -0.7515 0.238)
(-0.1446262424 -0.7515 0.306)
(-0.1446262424 -0.7515 0.374)
(-0.1446262424 -0.7515 0.442)
(-0.1446262424 0.7515 -0.51)
(-0.1446262424 0.7515 -0.442)
(-0.1446262424 0.7515 -0.374)
(-0.1446262424 0.7515 -0.306)
(-0.1446262424 0.7515 -0.238)
(-0.1446262424 0.7515 -0.17)
(-0.1446262424 0.7515 -0.102)
(-0.1446262424 0.7515 -0.034)
(-0.1446262424 0.7515 0.034)
(-0.1446262424 0.7515 0.102)
(-0.1446262424 0.7515 0.17)
(-0.1446262424 0.7515 0.238)
(-0.1446262424 0.7515 0.306)
(-0.1446262424 0.7515 0.374)
(-0.1446262424 0.7515 0.442)
(-0.09641749495 0.835 -0.51)
(-0.09641749495 0.835 -0.442)
(-0.09641749495 0.835 -0.374)
(-0.09641749495 0.835 -0.306)
(-0.09641749495 0.835 -0.238)
(-0.09641749495 0.835 -0.17)
(-0.09641749495 0.835 -0.102)
(-0.09641749495 0.835 -0.034)
(-0.09641749495 0.835 0.034)
(-0.09641749495 0.835 0.102)
(-0.09641749495 0.835 0.17)
(-0.09641749495 0.835 0.238)
(-0.09641749495 0.835 0.306)
(-0.09641749495 0.835 0.374)
(-0.09641749495 0.835 0.442)
(-0.1446262424 0.9185 -0.51)
(-0.1446262424 0.9185 -0.442)
(-0.1446262424 0.9185 -0.374)
(-0.1446262424 0.9185 -0.306)
(-0.1446262424 0.9185 -0.238)
(-0.1446262424 0.9185 -0.17)
(-0.1446262424 0.9185 -0.102)
(-0.1446262424 0.9185 -0.034)
(-0.1446262424 0.9185 0.034)
(-0.1446262424 0.9185 0.102)
(-0.1446262424 0.9185 0.17)
(-0.1446262424 0.9185 0.238)
(-0.1446262424 0.9185 0.306)
(-0.1446262424 0.9185 0.374)
(-0.1446262424 0.9185 0.442)
(-0.04820874748 0.9185 -0.51)
(-0.04820874748 0.9185 -0.442)
(-0.04820874748 0.9185 -0.374)
(-0.04820874748 0.9185 -0.306)
(-0.04820874748 0.9185 -0.238)
(-0.04820874748 0.9185 -0.17)
(-0.04820874748 0.9185 -0.102)
(-0.04820874748 0.9185 -0.034)
(-0.04820874748 0.9185 0.034)
(-0.04820874748 0.9185 0.102)
(-0.04820874748 0.9185 0.17)
(-0.04820874748 0.9185 0.238)
(-0.04820874748 0.9185 0.306)
(-0.04820874748 0.9185 0.374)
(-0.04820874748 0.9185 0.442)
(-0.09641749495 1.002 -0.51)
(-0.09641749495 1.002 -0.442)
(-0.09641749495 1.002 -0.374)
(-0.09641749495 1.002 -0.306)
(-0.09641749495 1.002 -0.238)
(-0.09641749495 1.002 -0.17)
(-0.09641749495 1.002 -0.102)
(-0.09641749495 1.002 -0.034)
(-0.09641749495 1.002 0.034)
(-0.09641749495 1.002 0.102)
(-0.09641749495 1.002 0.17)
(-0.09641749495 1.002 0.238)
(-0.09641749495 1.002 0.306)
(-0.09641749495 1.002 0.374)
(-0.09641749495 1.002 0.442)
(-0.04820874748 -1.0855 -0.51)
(0.04820874748 -1.0855 -0.51)
(0 -1.002 -0.51)
(-0.04820874748 -1.0855 -0.442)
(0.04820874748 -1.0855 -0.442)
(0 -1.002 -0.442)
(-0.04820874748 -1.0855 -0.374)
(0.04820874748 -1.0855 -0.374)
(0 -1.002 -0.374)
(-0.04820874748 -1.0855 -0.306)
(0.04820874748 -1.0855 -0.306)
(0 -1.002 -0.306)
(-0.04820874748 -1.0855 -0.238)
(0.04820874748 -1.0855 -0.238)
(0 -1.002 -0.238)
(-0.04820874748 -1.0855 -0.17)
(0.04820874748 -1.0855 -0.17)
(0 -1.002 -0.17)
(-0.04820874748 -1.0855 -0.102)
(0.04820874748 -1.0855 -0.102)
(0 -1.002 -0.102)
(-0.04820874748 -1.0855 -0.034)
(0.04820874748 -1.0855 -0.034)
(0 -1.002 -0.034)
(-0.04820874748 -1.0855 0.034)
(0.04820874748 -1.0855 0.034)
(0 -1.002 0.034)
(-0.04820874748 -1.0855 0.102)
(0.04820874748 -1.0855 0.102)
(0 -1.002 0.102)
(-0.04820874748 -1.0855 0.17)
(0.04820874748 -1.0855 0.17)
(0 -1.002 0.17)
(-0.04820874748 -1.0855 0.238)
(0.04820874748 -1.0855 0.238)
(0 -1.002 0.238)
(-0.04820874748 -1.0855 0.306)
(0.04820874748 -1.0855 0.306)
(0 -1.002 0.306)
(-0.04820874748 -1.0855 0.374)
(0.04820874748 -1.0855 0.374)
(0 -1.002 0.374)
(-0.04820874748 -1.0855 0.442)
(0.04820874748 -1.0855 0.442)
(0 -1.002 0.442)
(0.09641749495 -1.002 -0.51)
(0.09641749495 -1.002 -0.442)
(0.09641749495 -1.002 -0.374)
(0.09641749495 -1.002 -0.306)
(0.09641749495 -1.002 -0.238)
(0.09641749495 -1.002 -0.17)
(0.09641749495 -1.002 -0.102)
(0.09641749495 -1.002 -0.034)
(0.09641749495 -1.002 0.034)
(0.09641749495 -1.002 0.102)
(0.09641749495 -1.002 0.17)
(0.09641749495 -1.002 0.238)
(0.09641749495 -1.002 0.306)
(0.09641749495 -1.002 0.374)
(0.09641749495 -1.002 0.442)
(0.04820874748 -0.9185 -0.51)
(0.04820874748 -0.9185 -0.442)
(0.04820874748 -0.9185 -0.374)
(0.04820874748 -0.9185 -0.306)
(0.04820874748 -0.9185 -0.238)
(0.04820874748 -0.9185 -0.17)
(0.04820874748 -0.9185 -0.102)
(0.04820874748 -0.9185 -0.034)
(0.04820874748 -0.9185 0.034)
(0.04820874748 -0.9185 0.102)
(0.04820874748 -0.9185 0.17)
(0.04820874748 -0.9185 0.238)
(0.04820874748 -0.9185 0.306)
(0.04820874748 -0.9185 0.374)
(0.04820874748 -0.9185 0.442)
(0 -0.835 -0.51)
(0 -0.835 -0.442)
(0 -0.835 -0.374)
(0 -0.835 -0.306)
(0 -0.835 -0.238)
(0 -0.835 -0.17)
(0 -0.835 -0.102)
(0 -0.835 -0.034)
(0 -0.835 0.034)
(0 -0.835 0.102)
(0 -0.835 0.17)
(0 -0.835 0.238)
(0 -0.835 0.306)
(0 -0.835 0.374)
(0 -0.835 0.442)
(0.09641749495 -0.835 -0.51)
(0.09641749495 -0.835 -0.442)
(0.09641749495 -0.835 -0.374)
(0.09641749495 -0.835 -0.306)
(0.09641749495 -0.835 -0.238)
(0.09641749495 -0.835 -0.17)
(0.09641749495 -0.835 -0.102)
(0.09641749495 -0.835 -0.034)
(0.09641749495 -0.835 0.034)
(0.09641749495 -0.835 0.102)
(0.09641749495 -0.835 0.17)
(0.09641749495 -0.835 0.238)
(0.09641749495 -0.835 0.306)
(0.09641749495 -0.835 0.374)
(0.09641749495 -0.835 0.442)
(0 0.835 -0.51)
(0 0.835 -0.442)
(0 0.835 -0.374)
(0 0.835 -0.306)
(0 0.835 -0.238)
(0 0.835 -0.17)
(0 0.835 -0.102)
(0 0.835 -0.034)
(0 0.835 0.034)
(0 0.835 0.102)
(0 0.835 0.17)
(0 0.835 0.238)
(0 0.835 0.306)
(0 0.835 0.374)
(0 0.835 0.442)
(0.09641749495 0.835 -0.51)
(0.09641749495 0.835 -0.442)
(0.09641749495 0.835 -0.374)
(0.09641749495 0.835 -0.306)
(0.09641749495 0.835 -0.238)
(0.09641749495 0.835 -0.17)
(0.09641749495 0.835 -0.102)
(0.09641749495 0.835 -0.034)
(0.09641749495 0.835 0.034)
(0.09641749495 0.835 0.102)
(0.09641749495 0.835 0.17)
(0.09641749495 0.835 0.238)
(0.09641749495 0.835 0.306)
(0.09641749495 0.835 0.374)
(0.09641749495 0.835 0.442)
(0.04820874748 0.9185 -0.51)
(0.04820874748 0.9185 -0.442)
(0.04820874748 0.9185 -0.374)
(0.04820874748 0.9185 -0.306)
(0.04820874748 0.9185 -0.238)
(0.04820874748 0.9185 -0.17)
(0.04820874748 0.9185 -0.102)
(0.04820874748 0.9185 -0.034)
(0.04820874748 0.9185 0.034)
(0.04820874748 0.9185 0.102)
(0.04820874748 0.9185 0.17)
(0.04820874748 0.9185 0.238)
(0.04820874748 0.9185 0.306)
(0.04820874748 0.9185 0.374)
(0.04820874748 0.9185 0.442)
(0 1.002 -0.51)
(0 1.002 -0.442)
(0 1.002 -0.374)
(0 1.002 -0.306)
(0 1.002 -0.238)
(0 1.002 -0.17)
(0 1.002 -0.102)
(0 1.002 -0.034)
(0 1.002 0.034)
(0 1.002 0.102)
(0 1.002 0.17)
(0 1.002 0.238)
(0 1.002 0.306)
(0 1.002 0.374)
(0 1.002 0.442)
(0.09641749495 1.002 -0.51)
(0.09641749495 1.002 -0.442)
(0.09641749495 1.002 -0.374)
(0.09641749495 1.002 -0.306)
(0.09641749495 1.002 -0.238)
(0.09641749495 1.002 -0.17)
(0.09641749495 1.002 -0.102)
(0.09641749495 1.002 -0.034)
(0.09641749495 1.002 0.034)
(0.09641749495 1.002 0.102)
(0.09641749495 1.002 0.17)
(0.09641749495 1.002 0.238)
(0.09641749495 1.002 0.306)
(0.09641749495 1.002 0.374)
(0.09641749495 1.002 0.442)
(-0.04820874748 1.0855 -0.51)
(0.04820874748 1.0855 -0.51)
(-0.04820874748 1.0855 -0.442)
(0.04820874748 1.0855 -0.442)
(-0.04820874748 1.0855 -0.374)
(0.04820874748 1.0855 -0.374)
(-0.04820874748 1.0855 -0.306)
(0.04820874748 1.0855 -0.306)
(-0.04820874748 1.0855 -0.238)
(0.04820874748 1.0855 -0.238)
(-0.04820874748 1.0855 -0.17)
(0.04820874748 1.0855 -0.17)
(-0.04820874748 1.0855 -0.102)
(0.04820874748 1.0855 -0.102)
(-0.04820874748 1.0855 -0.034)
(0.04820874748 1.0855 -0.034)
(-0.04820874748 1.0855 0.034)
(0.04820874748 1.0855 0.034)
(-0.04820874748 1.0855 0.102)
(0.04820874748 1.0855 0.102)
(-0.04820874748 1.0855 0.17)
(0.04820874748 1.0855 0.17)
(-0.04820874748 1.0855 0.238)
(0.04820874748 1.0855 0.238)
(-0.04820874748 1.0855 0.306)
(0.04820874748 1.0855 0.306)
(-0.04820874748 1.0855 0.374)
(0.04820874748 1.0855 0.374)
(-0.04820874748 1.0855 0.442)
(0.04820874748 1.0855 0.442)
(0.1928349899 -1.002 -0.51)
(0.1446262424 -0.9185 -0.51)
(0.1928349899 -1.002 -0.442)
(0.1446262424 -0.9185 -0.442)
(0.1928349899 -1.002 -0.374)
(0.1446262424 -0.9185 -0.374)
(0.1928349899 -1.002 -0.306)
(0.1446262424 -0.9185 -0.306)
(0.1928349899 -1.002 -0.238)
(0.1446262424 -0.9185 -0.238)
(0.1928349899 -1.002 -0.17)
(0.1446262424 -0.9185 -0.17)
(0.1928349899 -1.002 -0.102)
(0.1446262424 -0.9185 -0.102)
(0.1928349899 -1.002 -0.034)
(0.1446262424 -0.9185 -0.034)
(0.1928349899 -1.002 0.034)
(0.1446262424 -0.9185 0.034)
(0.1928349899 -1.002 0.102)
(0.1446262424 -0.9185 0.102)
(0.1928349899 -1.002 0.17)
(0.1446262424 -0.9185 0.17)
(0.1928349899 -1.002 0.238)
(0.1446262424 -0.9185 0.238)
(0.1928349899 -1.002 0.306)
(0.1446262424 -0.9185 0.306)
(0.1928349899 -1.002 0.374)
(0.1446262424 -0.9185 0.374)
(0.1928349899 -1.002 0.442)
(0.1446262424 -0.9185 0.442)
(0.2410437374 -0.9185 -0.51)
(0.2410437374 -0.9185 -0.442)
(0.2410437374 -0.9185 -0.374)
(0.2410437374 -0.9185 -0.306)
(0.2410437374 -0.9185 -0.238)
(0.2410437374 -0.9185 -0.17)
(0.2410437374 -0.9185 -0.102)
(0.2410437374 -0.9185 -0.034)
(0.2410437374 -0.9185 0.034)
(0.2410437374 -0.9185 0.102)
(0.2410437374 -0.9185 0.17)
(0.2410437374 -0.9185 0.238)
(0.2410437374 -0.9185 0.306)
(0.2410437374 -0.9185 0.374)
(0.2410437374 -0.9185 0.442)
(0.1928349899 -0.835 -0.51)
(0.1928349899 -0.835 -0.442)
(0.1928349899 -0.835 -0.374)
(0.1928349899 -0.835 -0.306)
(0.1928349899 -0.835 -0.238)
(0.1928349899 -0.835 -0.17)
(0.1928349899 -0.835 -0.102)
(0.1928349899 -0.835 -0.034)
(0.1928349899 -0.835 0.034)
(0.1928349899 -0.835 0.102)
(0.1928349899 -0.835 0.17)
(0.1928349899 -0.835 0.238)
(0.1928349899 -0.835 0.306)
(0.1928349899 -0.835 0.374)
(0.1928349899 -0.835 0.442)
(0.1446262424 -0.7515 -0.51)
(0.1446262424 -0.7515 -0.442)
(0.1446262424 -0.7515 -0.374)
(0.1446262424 -0.7515 -0.306)
(0.1446262424 -0.7515 -0.238)
(0.1446262424 -0.7515 -0.17)
(0.1446262424 -0.7515 -0.102)
(0.1446262424 -0.7515 -0.034)
(0.1446262424 -0.7515 0.034)
(0.1446262424 -0.7515 0.102)
(0.1446262424 -0.7515 0.17)
(0.1446262424 -0.7515 0.238)
(0.1446262424 -0.7515 0.306)
(0.1446262424 -0.7515 0.374)
(0.1446262424 -0.7515 0.442)
(0.2410437374 -0.7515 -0.51)
(0.2410437374 -0.7515 -0.442)
(0.2410437374 -0.7515 -0.374)
(0.2410437374 -0.7515 -0.306)
(0.2410437374 -0.7515 -0.238)
(0.2410437374 -0.7515 -0.17)
(0.2410437374 -0.7515 -0.102)
(0.2410437374 -0.7515 -0.034)
(0.2410437374 -0.7515 0.034)
(0.2410437374 -0.7515 0.102)
(0.2410437374 -0.7515 0.17)
(0.2410437374 -0.7515 0.238)
(0.2410437374 -0.7515 0.306)
(0.2410437374 -0.7515 0.374)
(0.2410437374 -0.7515 0.442)
(0.1446262424 0.7515 -0.51)
(0.1446262424 0.7515 -0.442)
(0.1446262424 0.7515 -0.374)
(0.1446262424 0.7515 -0.306)
(0.1446262424 0.7515 -0.238)
(0.1446262424 0.7515 -0.17)
(0.1446262424 0.7515 -0.102)
(0.1446262424 0.7515 -0.034)
(0.1446262424 0.7515 0.034)
(0.1446262424 0.7515 0.102)
(0.1446262424 0.7515 0.17)
(0.1446262424 0.7515 0.238)
(0.1446262424 0.7515 0.306)
(0.1446262424 0.7515 0.374)
(0.1446262424 0.7515 0.442)
(0.2410437374 0.7515 -0.51)
(0.2410437374 0.7515 -0.442)
(0.2410437374 0.7515 -0.374)
(0.2410437374 0.7515 -0.306)
(0.2410437374 0.7515 -0.238)
(0.2410437374 0.7515 -0.17)
(0.2410437374 0.7515 -0.102)
(0.2410437374 0.7515 -0.034)
(0.2410437374 0.7515 0.034)
(0.2410437374 0.7515 0.102)
(0.2410437374 0.7515 0.17)
(0.2410437374 0.7515 0.238)
(0.2410437374 0.7515 0.306)
(0.2410437374 0.7515 0.374)
(0.2410437374 0.7515 0.442)
(0.1928349899 0.835 -0.51)
(0.1928349899 0.835 -0.442)
(0.1928349899 0.835 -0.374)
(0.1928349899 0.835 -0.306)
(0.1928349899 0.835 -0.238)
(0.1928349899 0.835 -0.17)
(0.1928349899 0.835 -0.102)
(0.1928349899 0.835 -0.034)
(0.1928349899 0.835 0.034)
(0.1928349899 0.835 0.102)
(0.1928349899 0.835 0.17)
(0.1928349899 0.835 0.238)
(0.1928349899 0.835 0.306)
(0.1928349899 0.835 0.374)
(0.1928349899 0.835 0.442)
(0.1446262424 0.9185 -0.51)
(0.1446262424 0.9185 -0.442)
(0.1446262424 0.9185 -0.374)
(0.1446262424 0.9185 -0.306)
(0.1446262424 0.9185 -0.238)
(0.1446262424 0.9185 -0.17)
(0.1446262424 0.9185 -0.102)
(0.1446262424 0.9185 -0.034)
(0.1446262424 0.9185 0.034)
(0.1446262424 0.9185 0.102)
(0.1446262424 0.9185 0.17)
(0.1446262424 0.9185 0.238)
(0.1446262424 0.9185 0.306)
(0.1446262424 0.9185 0.374)
(0.1446262424 0.9185 0.442)
(0.2410437374 0.9185 -0.51)
(0.2410437374 0.9185 -0.442)
(0.2410437374 0.9185 -0.374)
(0.2410437374 0.9185 -0.306)
(0.2410437374 0.9185 -0.238)
(0.2410437374 0.9185 -0.17)
(0.2410437374 0.9185 -0.102)
(0.2410437374 0.9185 -0.034)
(0.2410437374 0.9185 0.034)
(0.2410437374 0.9185 0.102)
(0.2410437374 0.9185 0.17)
(0.2410437374 0.9185 0.238)
(0.2410437374 0.9185 0.306)
(0.2410437374 0.9185 0.374)
(0.2410437374 0.9185 0.442)
(0.1928349899 1.002 -0.51)
(0.1928349899 1.002 -0.442)
(0.1928349899 1.002 -0.374)
(0.1928349899 1.002 -0.306)
(0.1928349899 1.002 -0.238)
(0.1928349899 1.002 -0.17)
(0.1928349899 1.002 -0.102)
(0.1928349899 1.002 -0.034)
(0.1928349899 1.002 0.034)
(0.1928349899 1.002 0.102)
(0.1928349899 1.002 0.17)
(0.1928349899 1.002 0.238)
(0.1928349899 1.002 0.306)
(0.1928349899 1.002 0.374)
(0.1928349899 1.002 0.442)
(0.2410437374 -1.0855 -0.51)
(0.3374612323 -1.0855 -0.51)
(0.2892524849 -1.002 -0.51)
(0.2410437374 -1.0855 -0.442)
(0.3374612323 -1.0855 -0.442)
(0.2892524849 -1.002 -0.442)
(0.2410437374 -1.0855 -0.374)
(0.3374612323 -1.0855 -0.374)
(0.2892524849 -1.002 -0.374)
(0.2410437374 -1.0855 -0.306)
(0.3374612323 -1.0855 -0.306)
(0.2892524849 -1.002 -0.306)
(0.2410437374 -1.0855 -0.238)
(0.3374612323 -1.0855 -0.238)
(0.2892524849 -1.002 -0.238)
(0.2410437374 -1.0855 -0.17)
(0.3374612323 -1.0855 -0.17)
(0.2892524849 -1.002 -0.17)
(0.2410437374 -1.0855 -0.102)
(0.3374612323 -1.0855 -0.102)
(0.2892524849 -1.002 -0.102)
(0.2410437374 -1.0855 -0.034)
(0.3374612323 -1.0855 -0.034)
(0.2892524849 -1.002 -0.034)
(0.2410437374 -1.0855 0.034)
(0.3374612323 -1.0855 0.034)
(0.2892524849 -1.002 0.034)
(0.2410437374 -1.0855 0.102)
(0.3374612323 -1.0855 0.102)
(0.2892524849 -1.002 0.102)
(0.2410437374 -1.0855 0.17)
(0.3374612323 -1.0855 0.17)
(0.2892524849 -1.002 0.17)
(0.2410437374 -1.0855 0.238)
(0.3374612323 -1.0855 0.238)
(0.2892524849 -1.002 0.238)
(0.2410437374 -1.0855 0.306)
(0.3374612323 -1.0855 0.306)
(0.2892524849 -1.002 0.306)
(0.2410437374 -1.0855 0.374)
(0.3374612323 -1.0855 0.374)
(0.2892524849 -1.002 0.374)
(0.2410437374 -1.0855 0.442)
(0.3374612323 -1.0855 0.442)
(0.2892524849 -1.002 0.442)
(0.3856699798 -1.002 -0.51)
(0.3856699798 -1.002 -0.442)
(0.3856699798 -1.002 -0.374)
(0.3856699798 -1.002 -0.306)
(0.3856699798 -1.002 -0.238)
(0.3856699798 -1.002 -0.17)
(0.3856699798 -1.002 -0.102)
(0.3856699798 -1.002 -0.034)
(0.3856699798 -1.002 0.034)
(0.3856699798 -1.002 0.102)
(0.3856699798 -1.002 0.17)
(0.3856699798 -1.002 0.238)
(0.3856699798 -1.002 0.306)
(0.3856699798 -1.002 0.374)
(0.3856699798 -1.002 0.442)
(0.3374612323 -0.9185 -0.51)
(0.3374612323 -0.9185 -0.442)
(0.3374612323 -0.9185 -0.374)
(0.3374612323 -0.9185 -0.306)
(0.3374612323 -0.9185 -0.238)
(0.3374612323 -0.9185 -0.17)
(0.3374612323 -0.9185 -0.102)
(0.3374612323 -0.9185 -0.034)
(0.3374612323 -0.9185 0.034)
(0.3374612323 -0.9185 0.102)
(0.3374612323 -0.9185 0.17)
(0.3374612323 -0.9185 0.238)
(0.3374612323 -0.9185 0.306)
(0.3374612323 -0.9185 0.374)
(0.3374612323 -0.9185 0.442)
(0.2892524849 -0.835 -0.51)
(0.2892524849 -0.835 -0.442)
(0.2892524849 -0.835 -0.374)
(0.2892524849 -0.835 -0.306)
(0.2892524849 -0.835 -0.238)
(0.2892524849 -0.835 -0.17)
(0.2892524849 -0.835 -0.102)
(0.2892524849 -0.835 -0.034)
(0.2892524849 -0.835 0.034)
(0.2892524849 -0.835 0.102)
(0.2892524849 -0.835 0.17)
(0.2892524849 -0.835 0.238)
(0.2892524849 -0.835 0.306)
(0.2892524849 -0.835 0.374)
(0.2892524849 -0.835 0.442)
(0.3856699798 -0.835 -0.51)
(0.3856699798 -0.835 -0.442)
(0.3856699798 -0.835 -0.374)
(0.3856699798 -0.835 -0.306)
(0.3856699798 -0.835 -0.238)
(0.3856699798 -0.835 -0.17)
(0.3856699798 -0.835 -0.102)
(0.3856699798 -0.835 -0.034)
(0.3856699798 -0.835 0.034)
(0.3856699798 -0.835 0.102)
(0.3856699798 -0.835 0.17)
(0.3856699798 -0.835 0.238)
(0.3856699798 -0.835 0.306)
(0.3856699798 -0.835 0.374)
(0.3856699798 -0.835 0.442)
(0.3374612323 -0.7515 -0.51)
(0.3374612323 -0.7515 -0.442)
(0.3374612323 -0.7515 -0.374)
(0.3374612323 -0.7515 -0.306)
(0.3374612323 -0.7515 -0.238)
(0.3374612323 -0.7515 -0.17)
(0.3374612323 -0.7515 -0.102)
(0.3374612323 -0.7515 -0.034)
(0.3374612323 -0.7515 0.034)
(0.3374612323 -0.7515 0.102)
(0.3374612323 -0.7515 0.17)
(0.3374612323 -0.7515 0.238)
(0.3374612323 -0.7515 0.306)
(0.3374612323 -0.7515 0.374)
(0.3374612323 -0.7515 0.442)
(0.2892524849 -0.668 -0.51)
(0.2892524849 -0.668 -0.442)
(0.2892524849 -0.668 -0.374)
(0.2892524849 -0.668 -0.306)
(0.2892524849 -0.668 -0.238)
(0.2892524849 -0.668 -0.17)
(0.2892524849 -0.668 -0.102)
(0.2892524849 -0.668 -0.034)
(0.2892524849 -0.668 0.034)
(0.2892524849 -0.668 0.102)
(0.2892524849 -0.668 0.17)
(0.2892524849 -0.668 0.238)
(0.2892524849 -0.668 0.306)
(0.2892524849 -0.668 0.374)
(0.2892524849 -0.668 0.442)
(0.3856699798 -0.668 -0.51)
(0.3856699798 -0.668 -0.442)
(0.3856699798 -0.668 -0.374)
(0.3856699798 -0.668 -0.306)
(0.3856699798 -0.668 -0.238)
(0.3856699798 -0.668 -0.17)
(0.3856699798 -0.668 -0.102)
(0.3856699798 -0.668 -0.034)
(0.3856699798 -0.668 0.034)
(0.3856699798 -0.668 0.102)
(0.3856699798 -0.668 0.17)
(0.3856699798 -0.668 0.238)
(0.3856699798 -0.668 0.306)
(0.3856699798 -0.668 0.374)
(0.3856699798 -0.668 0.442)
(0.2892524849 0.668 -0.51)
(0.2892524849 0.668 -0.442)
(0.2892524849 0.668 -0.374)
(0.2892524849 0.668 -0.306)
(0.2892524849 0.668 -0.238)
(0.2892524849 0.668 -0.17)
(0.2892524849 0.668 -0.102)
(0.2892524849 0.668 -0.034)
(0.2892524849 0.668 0.034)
(0.2892524849 0.668 0.102)
(0.2892524849 0.668 0.17)
(0.2892524849 0.668 0.238)
(0.2892524849 0.668 0.306)
(0.2892524849 0.668 0.374)
(0.2892524849 0.668 0.442)
(0.3856699798 0.668 -0.51)
(0.3856699798 0.668 -0.442)
(0.3856699798 0.668 -0.374)
(0.3856699798 0.668 -0.306)
(0.3856699798 0.668 -0.238)
(0.3856699798 0.668 -0.17)
(0.3856699798 0.668 -0.102)
(0.3856699798 0.668 -0.034)
(0.3856699798 0.668 0.034)
(0.3856699798 0.668 0.102)
(0.3856699798 0.668 0.17)
(0.3856699798 0.668 0.238)
(0.3856699798 0.668 0.306)
(0.3856699798 0.668 0.374)
(0.3856699798 0.668 0.442)
(0.3374612323 0.7515 -0.51)
(0.3374612323 0.7515 -0.442)
(0.3374612323 0.7515 -0.374)
(0.3374612323 0.7515 -0.306)
(0.3374612323 0.7515 -0.238)
(0.3374612323 0.7515 -0.17)
(0.3374612323 0.7515 -0.102)
(0.3374612323 0.7515 -0.034)
(0.3374612323 0.7515 0.034)
(0.3374612323 0.7515 0.102)
(0.3374612323 0.7515 0.17)
(0.3374612323 0.7515 0.238)
(0.3374612323 0.7515 0.306)
(0.3374612323 0.7515 0.374)
(0.3374612323 0.7515 0.442)
(0.2892524849 0.835 -0.51)
(0.2892524849 0.835 -0.442)
(0.2892524849 0.835 -0.374)
(0.2892524849 0.835 -0.306)
(0.2892524849 0.835 -0.238)
(0.2892524849 0.835 -0.17)
(0.2892524849 0.835 -0.102)
(0.2892524849 0.835 -0.034)
(0.2892524849 0.835 0.034)
(0.2892524849 0.835 0.102)
(0.2892524849 0.835 0.17)
(0.2892524849 0.835 0.238)
(0.2892524849 0.835 0.306)
(0.2892524849 0.835 0.374)
(0.2892524849 0.835 0.442)
(0.3856699798 0.835 -0.51)
(0.3856699798 0.835 -0.442)
(0.3856699798 0.835 -0.374)
(0.3856699798 0.835 -0.306)
(0.3856699798 0.835 -0.238)
(0.3856699798 0.835 -0.17)
(0.3856699798 0.835 -0.102)
(0.3856699798 0.835 -0.034)
(0.3856699798 0.835 0.034)
(0.3856699798 0.835 0.102)
(0.3856699798 0.835 0.17)
(0.3856699798 0.835 0.238)
(0.3856699798 0.835 0.306)
(0.3856699798 0.835 0.374)
(0.3856699798 0.835 0.442)
(0.3374612323 0.9185 -0.51)
(0.3374612323 0.9185 -0.442)
(0.3374612323 0.9185 -0.374)
(0.3374612323 0.9185 -0.306)
(0.3374612323 0.9185 -0.238)
(0.3374612323 0.9185 -0.17)
(0.3374612323 0.9185 -0.102)
(0.3374612323 0.9185 -0.034)
(0.3374612323 0.9185 0.034)
(0.3374612323 0.9185 0.102)
(0.3374612323 0.9185 0.17)
(0.3374612323 0.9185 0.238)
(0.3374612323 0.9185 0.306)
(0.3374612323 0.9185 0.374)
(0.3374612323 0.9185 0.442)
(0.2892524849 1.002 -0.51)
(0.2892524849 1.002 -0.442)
(0.2892524849 1.002 -0.374)
(0.2892524849 1.002 -0.306)
(0.2892524849 1.002 -0.238)
(0.2892524849 1.002 -0.17)
(0.2892524849 1.002 -0.102)
(0.2892524849 1.002 -0.034)
(0.2892524849 1.002 0.034)
(0.2892524849 1.002 0.102)
(0.2892524849 1.002 0.17)
(0.2892524849 1.002 0.238)
(0.2892524849 1.002 0.306)
(0.2892524849 1.002 0.374)
(0.2892524849 1.002 0.442)
(0.3856699798 1.002 -0.51)
(0.3856699798 1.002 -0.442)
(0.3856699798 1.002 -0.374)
(0.3856699798 1.002 -0.306)
(0.3856699798 1.002 -0.238)
(0.3856699798 1.002 -0.17)
(0.3856699798 1.002 -0.102)
(0.3856699798 1.002 -0.034)
(0.3856699798 1.002 0.034)
(0.3856699798 1.002 0.102)
(0.3856699798 1.002 0.17)
(0.3856699798 1.002 0.238)
(0.3856699798 1.002 0.306)
(0.3856699798 1.002 0.374)
(0.3856699798 1.002 0.442)
(0.2410437374 1.0855 -0.51)
(0.3374612323 1.0855 -0.51)
(0.2410437374 1.0855 -0.442)
(0.3374612323 1.0855 -0.442)
(0.2410437374 1.0855 -0.374)
(0.3374612323 1.0855 -0.374)
(0.2410437374 1.0855 -0.306)
(0.3374612323 1.0855 -0.306)
(0.2410437374 1.0855 -0.238)
(0.3374612323 1.0855 -0.238)
(0.2410437374 1.0855 -0.17)
(0.3374612323 1.0855 -0.17)
(0.2410437374 1.0855 -0.102)
(0.3374612323 1.0855 -0.102)
(0.2410437374 1.0855 -0.034)
(0.3374612323 1.0855 -0.034)
(0.2410437374 1.0855 0.034)
(0.3374612323 1.0855 0.034)
(0.2410437374 1.0855 0.102)
(0.3374612323 1.0855 0.102)
(0.2410437374 1.0855 0.17)
(0.3374612323 1.0855 0.17)
(0.2410437374 1.0855 0.238)
(0.3374612323 1.0855 0.238)
(0.2410437374 1.0855 0.306)
(0.3374612323 1.0855 0.306)
(0.2410437374 1.0855 0.374)
(0.3374612323 1.0855 0.374)
(0.2410437374 1.0855 0.442)
(0.3374612323 1.0855 0.442)
(0.4820874748 -1.002 -0.51)
(0.4338787273 -0.9185 -0.51)
(0.4820874748 -1.002 -0.442)
(0.4338787273 -0.9185 -0.442)
(0.4820874748 -1.002 -0.374)
(0.4338787273 -0.9185 -0.374)
(0.4820874748 -1.002 -0.306)
(0.4338787273 -0.9185 -0.306)
(0.4820874748 -1.002 -0.238)
(0.4338787273 -0.9185 -0.238)
(0.4820874748 -1.002 -0.17)
(0.4338787273 -0.9185 -0.17)
(0.4820874748 -1.002 -0.102)
(0.4338787273 -0.9185 -0.102)
(0.4820874748 -1.002 -0.034)
(0.4338787273 -0.9185 -0.034)
(0.4820874748 -1.002 0.034)
(0.4338787273 -0.9185 0.034)
(0.4820874748 -1.002 0.102)
(0.4338787273 -0.9185 0.102)
(0.4820874748 -1.002 0.17)
(0.4338787273 -0.9185 0.17)
(0.4820874748 -1.002 0.238)
(0.4338787273 -0.9185 0.238)
(0.4820874748 -1.002 0.306)
(0.4338787273 -0.9185 0.306)
(0.4820874748 -1.002 0.374)
(0.4338787273 -0.9185 0.374)
(0.4820874748 -1.002 0.442)
(0.4338787273 -0.9185 0.442)
(0.5302962223 -0.9185 -0.51)
(0.5302962223 -0.9185 -0.442)
(0.5302962223 -0.9185 -0.374)
(0.5302962223 -0.9185 -0.306)
(0.5302962223 -0.9185 -0.238)
(0.5302962223 -0.9185 -0.17)
(0.5302962223 -0.9185 -0.102)
(0.5302962223 -0.9185 -0.034)
(0.5302962223 -0.9185 0.034)
(0.5302962223 -0.9185 0.102)
(0.5302962223 -0.9185 0.17)
(0.5302962223 -0.9185 0.238)
(0.5302962223 -0.9185 0.306)
(0.5302962223 -0.9185 0.374)
(0.5302962223 -0.9185 0.442)
(0.4820874748 -0.835 -0.51)
(0.4820874748 -0.835 -0.442)
(0.4820874748 -0.835 -0.374)
(0.4820874748 -0.835 -0.306)
(0.4820874748 -0.835 -0.238)
(0.4820874748 -0.835 -0.17)
(0.4820874748 -0.835 -0.102)
(0.4820874748 -0.835 -0.034)
(0.4820874748 -0.835 0.034)
(0.4820874748 -0.835 0.102)
(0.4820874748 -0.835 0.17)
(0.4820874748 -0.835 0.238)
(0.4820874748 -0.835 0.306)
(0.4820874748 -0.835 0.374)
(0.4820874748 -0.835 0.442)
(0.4338787273 -0.7515 -0.51)
(0.4338787273 -0.7515 -0.442)
(0.4338787273 -0.7515 -0.374)
(0.4338787273 -0.7515 -0.306)
(0.4338787273 -0.7515 -0.238)
(0.4338787273 -0.7515 -0.17)
(0.4338787273 -0.7515 -0.102)
(0.4338787273 -0.7515 -0.034)
(0.4338787273 -0.7515 0.034)
(0.4338787273 -0.7515 0.102)
(0.4338787273 -0.7515 0.17)
(0.4338787273 -0.7515 0.238)
(0.4338787273 -0.7515 0.306)
(0.4338787273 -0.7515 0.374)
(0.4338787273 -0.7515 0.442)
(0.5302962223 -0.7515 -0.51)
(0.5302962223 -0.7515 -0.442)
(0.5302962223 -0.7515 -0.374)
(0.5302962223 -0.7515 -0.306)
(0.5302962223 -0.7515 -0.238)
(0.5302962223 -0.7515 -0.17)
(0.5302962223 -0.7515 -0.102)
(0.5302962223 -0.7515 -0.034)
(0.5302962223 -0.7515 0.034)
(0.5302962223 -0.7515 0.102)
(0.5302962223 -0.7515 0.17)
(0.5302962223 -0.7515 0.238)
(0.5302962223 -0.7515 0.306)
(0.5302962223 -0.7515 0.374)
(0.5302962223 -0.7515 0.442)
(0.4820874748 -0.668 -0.51)
(0.4820874748 -0.668 -0.442)
(0.4820874748 -0.668 -0.374)
(0.4820874748 -0.668 -0.306)
(0.4820874748 -0.668 -0.238)
(0.4820874748 -0.668 -0.17)
(0.4820874748 -0.668 -0.102)
(0.4820874748 -0.668 -0.034)
(0.4820874748 -0.668 0.034)
(0.4820874748 -0.668 0.102)
(0.4820874748 -0.668 0.17)
(0.4820874748 -0.668 0.238)
(0.4820874748 -0.668 0.306)
(0.4820874748 -0.668 0.374)
(0.4820874748 -0.668 0.442)
(0.4338787273 -0.5845 -0.51)
(0.4338787273 -0.5845 -0.442)
(0.4338787273 -0.5845 -0.374)
(0.4338787273 -0.5845 -0.306)
(0.4338787273 -0.5845 -0.238)
(0.4338787273 -0.5845 -0.17)
(0.4338787273 -0.5845 -0.102)
(0.4338787273 -0.5845 -0.034)
(0.4338787273 -0.5845 0.034)
(0.4338787273 -0.5845 0.102)
(0.4338787273 -0.5845 0.17)
(0.4338787273 -0.5845 0.238)
(0.4338787273 -0.5845 0.306)
(0.4338787273 -0.5845 0.374)
(0.4338787273 -0.5845 0.442)
(0.5302962223 -0.5845 -0.51)
(0.5302962223 -0.5845 -0.442)
(0.5302962223 -0.5845 -0.374)
(0.5302962223 -0.5845 -0.306)
(0.5302962223 -0.5845 -0.238)
(0.5302962223 -0.5845 -0.17)
(0.5302962223 -0.5845 -0.102)
(0.5302962223 -0.5845 -0.034)
(0.5302962223 -0.5845 0.034)
(0.5302962223 -0.5845 0.102)
(0.5302962223 -0.5845 0.17)
(0.5302962223 -0.5845 0.238)
(0.5302962223 -0.5845 0.306)
(0.5302962223 -0.5845 0.374)
(0.5302962223 -0.5845 0.442)
(0.4338787273 0.5845 -0.51)
(0.4338787273 0.5845 -0.442)
(0.4338787273 0.5845 -0.374)
(0.4338787273 0.5845 -0.306)
(0.4338787273 0.5845 -0.238)
(0.4338787273 0.5845 -0.17)
(0.4338787273 0.5845 -0.102)
(0.4338787273 0.5845 -0.034)
(0.4338787273 0.5845 0.034)
(0.4338787273 0.5845 0.102)
(0.4338787273 0.5845 0.17)
(0.4338787273 0.5845 0.238)
(0.4338787273 0.5845 0.306)
(0.4338787273 0.5845 0.374)
(0.4338787273 0.5845 0.442)
(0.5302962223 0.5845 -0.51)
(0.5302962223 0.5845 -0.442)
(0.5302962223 0.5845 -0.374)
(0.5302962223 0.5845 -0.306)
(0.5302962223 0.5845 -0.238)
(0.5302962223 0.5845 -0.17)
(0.5302962223 0.5845 -0.102)
(0.5302962223 0.5845 -0.034)
(0.5302962223 0.5845 0.034)
(0.5302962223 0.5845 0.102)
(0.5302962223 0.5845 0.17)
(0.5302962223 0.5845 0.238)
(0.5302962223 0.5845 0.306)
(0.5302962223 0.5845 0.374)
(0.5302962223 0.5845 0.442)
(0.4820874748 0.668 -0.51)
(0.4820874748 0.668 -0.442)
(0.4820874748 0.668 -0.374)
(0.4820874748 0.668 -0.306)
(0.4820874748 0.668 -0.238)
(0.4820874748 0.668 -0.17)
(0.4820874748 0.668 -0.102)
(0.4820874748 0.668 -0.034)
(0.4820874748 0.668 0.034)
(0.4820874748 0.668 0.102)
(0.4820874748 0.668 0.17)
(0.4820874748 0.668 0.238)
(0.4820874748 0.668 0.306)
(0.4820874748 0.668 0.374)
(0.4820874748 0.668 0.442)
(0.4338787273 0.7515 -0.51)
(0.4338787273 0.7515 -0.442)
(0.4338787273 0.7515 -0.374)
(0.4338787273 0.7515 -0.306)
(0.4338787273 0.7515 -0.238)
(0.4338787273 0.7515 -0.17)
(0.4338787273 0.7515 -0.102)
(0.4338787273 0.7515 -0.034)
(0.4338787273 0.7515 0.034)
(0.4338787273 0.7515 0.102)
(0.4338787273 0.7515 0.17)
(0.4338787273 0.7515 0.238)
(0.4338787273 0.7515 0.306)
(0.4338787273 0.7515 0.374)
(0.4338787273 0.7515 0.442)
(0.5302962223 0.7515 -0.51)
(0.5302962223 0.7515 -0.442)
(0.5302962223 0.7515 -0.374)
(0.5302962223 0.7515 -0.306)
(0.5302962223 0.7515 -0.238)
(0.5302962223 0.7515 -0.17)
(0.5302962223 0.7515 -0.102)
(0.5302962223 0.7515 -0.034)
(0.5302962223 0.7515 0.034)
(0.5302962223 0.7515 0.102)
(0.5302962223 0.7515 0.17)
(0.5302962223 0.7515 0.238)
(0.5302962223 0.7515 0.306)
(0.5302962223 0.7515 0.374)
(0.5302962223 0.7515 0.442)
(0.4820874748 0.835 -0.51)
(0.4820874748 0.835 -0.442)
(0.4820874748 0.835 -0.374)
(0.4820874748 0.835 -0.306)
(0.4820874748 0.835 -0.238)
(0.4820874748 0.835 -0.17)
(0.4820874748 0.835 -0.102)
(0.4820874748 0.835 -0.034)
(0.4820874748 0.835 0.034)
(0.4820874748 0.835 0.102)
(0.4820874748 0.835 0.17)
(0.4820874748 0.835 0.238)
(0.4820874748 0.835 0.306)
(0.4820874748 0.835 0.374)
(0.4820874748 0.835 0.442)
(0.4338787273 0.9185 -0.51)
(0.4338787273 0.9185 -0.442)
(0.4338787273 0.9185 -0.374)
(0.4338787273 0.9185 -0.306)
(0.4338787273 0.9185 -0.238)
(0.4338787273 0.9185 -0.17)
(0.4338787273 0.9185 -0.102)
(0.4338787273 0.9185 -0.034)
(0.4338787273 0.9185 0.034)
(0.4338787273 0.9185 0.102)
(0.4338787273 0.9185 0.17)
(0.4338787273 0.9185 0.238)
(0.4338787273 0.9185 0.306)
(0.4338787273 0.9185 0.374)
(0.4338787273 0.9185 0.442)
(0.5302962223 0.9185 -0.51)
(0.5302962223 0.9185 -0.442)
(0.5302962223 0.9185 -0.374)
(0.5302962223 0.9185 -0.306)
(0.5302962223 0.9185 -0.238)
(0.5302962223 0.9185 -0.17)
(0.5302962223 0.9185 -0.102)
(0.5302962223 0.9185 -0.034)
(0.5302962223 0.9185 0.034)
(0.5302962223 0.9185 0.102)
(0.5302962223 0.9185 0.17)
(0.5302962223 0.9185 0.238)
(0.5302962223 0.9185 0.306)
(0.5302962223 0.9185 0.374)
(0.5302962223 0.9185 0.442)
(0.4820874748 1.002 -0.51)
(0.4820874748 1.002 -0.442)
(0.4820874748 1.002 -0.374)
(0.4820874748 1.002 -0.306)
(0.4820874748 1.002 -0.238)
(0.4820874748 1.002 -0.17)
(0.4820874748 1.002 -0.102)
(0.4820874748 1.002 -0.034)
(0.4820874748 1.002 0.034)
(0.4820874748 1.002 0.102)
(0.4820874748 1.002 0.17)
(0.4820874748 1.002 0.238)
(0.4820874748 1.002 0.306)
(0.4820874748 1.002 0.374)
(0.4820874748 1.002 0.442)
(0.6267137172 -0.9185 -0.51)
(0.5785049697 -0.835 -0.51)
(0.6267137172 -0.9185 -0.442)
(0.5785049697 -0.835 -0.442)
(0.6267137172 -0.9185 -0.374)
(0.5785049697 -0.835 -0.374)
(0.6267137172 -0.9185 -0.306)
(0.5785049697 -0.835 -0.306)
(0.6267137172 -0.9185 -0.238)
(0.5785049697 -0.835 -0.238)
(0.6267137172 -0.9185 -0.17)
(0.5785049697 -0.835 -0.17)
(0.6267137172 -0.9185 -0.102)
(0.5785049697 -0.835 -0.102)
(0.6267137172 -0.9185 -0.034)
(0.5785049697 -0.835 -0.034)
(0.6267137172 -0.9185 0.034)
(0.5785049697 -0.835 0.034)
(0.6267137172 -0.9185 0.102)
(0.5785049697 -0.835 0.102)
(0.6267137172 -0.9185 0.17)
(0.5785049697 -0.835 0.17)
(0.6267137172 -0.9185 0.238)
(0.5785049697 -0.835 0.238)
(0.6267137172 -0.9185 0.306)
(0.5785049697 -0.835 0.306)
(0.6267137172 -0.9185 0.374)
(0.5785049697 -0.835 0.374)
(0.6267137172 -0.9185 0.442)
(0.5785049697 -0.835 0.442)
(0.6749224647 -0.835 -0.51)
(0.6749224647 -0.835 -0.442)
(0.6749224647 -0.835 -0.374)
(0.6749224647 -0.835 -0.306)
(0.6749224647 -0.835 -0.238)
(0.6749224647 -0.835 -0.17)
(0.6749224647 -0.835 -0.102)
(0.6749224647 -0.835 -0.034)
(0.6749224647 -0.835 0.034)
(0.6749224647 -0.835 0.102)
(0.6749224647 -0.835 0.17)
(0.6749224647 -0.835 0.238)
(0.6749224647 -0.835 0.306)
(0.6749224647 -0.835 0.374)
(0.6749224647 -0.835 0.442)
(0.6267137172 -0.7515 -0.51)
(0.6267137172 -0.7515 -0.442)
(0.6267137172 -0.7515 -0.374)
(0.6267137172 -0.7515 -0.306)
(0.6267137172 -0.7515 -0.238)
(0.6267137172 -0.7515 -0.17)
(0.6267137172 -0.7515 -0.102)
(0.6267137172 -0.7515 -0.034)
(0.6267137172 -0.7515 0.034)
(0.6267137172 -0.7515 0.102)
(0.6267137172 -0.7515 0.17)
(0.6267137172 -0.7515 0.238)
(0.6267137172 -0.7515 0.306)
(0.6267137172 -0.7515 0.374)
(0.6267137172 -0.7515 0.442)
(0.5785049697 -0.668 -0.51)
(0.5785049697 -0.668 -0.442)
(0.5785049697 -0.668 -0.374)
(0.5785049697 -0.668 -0.306)
(0.5785049697 -0.668 -0.238)
(0.5785049697 -0.668 -0.17)
(0.5785049697 -0.668 -0.102)
(0.5785049697 -0.668 -0.034)
(0.5785049697 -0.668 0.034)
(0.5785049697 -0.668 0.102)
(0.5785049697 -0.668 0.17)
(0.5785049697 -0.668 0.238)
(0.5785049697 -0.668 0.306)
(0.5785049697 -0.668 0.374)
(0.5785049697 -0.668 0.442)
(0.6749224647 -0.668 -0.51)
(0.6749224647 -0.668 -0.442)
(0.6749224647 -0.668 -0.374)
(0.6749224647 -0.668 -0.306)
(0.6749224647 -0.668 -0.238)
(0.6749224647 -0.668 -0.17)
(0.6749224647 -0.668 -0.102)
(0.6749224647 -0.668 -0.034)
(0.6749224647 -0.668 0.034)
(0.6749224647 -0.668 0.102)
(0.6749224647 -0.668 0.17)
(0.6749224647 -0.668 0.238)
(0.6749224647 -0.668 0.306)
(0.6749224647 -0.668 0.374)
(0.6749224647 -0.668 0.442)
(0.6267137172 -0.5845 -0.51)
(0.6267137172 -0.5845 -0.442)
(0.6267137172 -0.5845 -0.374)
(0.6267137172 -0.5845 -0.306)
(0.6267137172 -0.5845 -0.238)
(0.6267137172 -0.5845 -0.17)
(0.6267137172 -0.5845 -0.102)
(0.6267137172 -0.5845 -0.034)
(0.6267137172 -0.5845 0.034)
(0.6267137172 -0.5845 0.102)
(0.6267137172 -0.5845 0.17)
(0.6267137172 -0.5845 0.238)
(0.6267137172 -0.5845 0.306)
(0.6267137172 -0.5845 0.374)
(0.6267137172 -0.5845 0.442)
(0.5785049697 -0.501 -0.51)
(0.5785049697 -0.501 -0.442)
(0.5785049697 -0.501 -0.374)
(0.5785049697 -0.501 -0.306)
(0.5785049697 -0.501 -0.238)
(0.5785049697 -0.501 -0.17)
(0.5785049697 -0.501 -0.102)
(0.5785049697 -0.501 -0.034)
(0.5785049697 -0.501 0.034)
(0.5785049697 -0.501 0.102)
(0.5785049697 -0.501 0.17)
(0.5785049697 -0.501 0.238)
(0.5785049697 -0.501 0.306)
(0.5785049697 -0.501 0.374)
(0.5785049697 -0.501 0.442)
(0.6749224647 -0.501 -0.51)
(0.6749224647 -0.501 -0.442)
(0.6749224647 -0.501 -0.374)
(0.6749224647 -0.501 -0.306)
(0.6749224647 -0.501 -0.238)
(0.6749224647 -0.501 -0.17)
(0.6749224647 -0.501 -0.102)
(0.6749224647 -0.501 -0.034)
(0.6749224647 -0.501 0.034)
(0.6749224647 -0.501 0.102)
(0.6749224647 -0.501 0.17)
(0.6749224647 -0.501 0.238)
(0.6749224647 -0.501 0.306)
(0.6749224647 -0.501 0.374)
(0.6749224647 -0.501 0.442)
(0.5785049697 0.501 -0.51)
(0.5785049697 0.501 -0.442)
(0.5785049697 0.501 -0.374)
(0.5785049697 0.501 -0.306)
(0.5785049697 0.501 -0.238)
(0.5785049697 0.501 -0.17)
(0.5785049697 0.501 -0.102)
(0.5785049697 0.501 -0.034)
(0.5785049697 0.501 0.034)
(0.5785049697 0.501 0.102)
(0.5785049697 0.501 0.17)
(0.5785049697 0.501 0.238)
(0.5785049697 0.501 0.306)
(0.5785049697 0.501 0.374)
(0.5785049697 0.501 0.442)
(0.6749224647 0.501 -0.51)
(0.6749224647 0.501 -0.442)
(0.6749224647 0.501 -0.374)
(0.6749224647 0.501 -0.306)
(0.6749224647 0.501 -0.238)
(0.6749224647 0.501 -0.17)
(0.6749224647 0.501 -0.102)
(0.6749224647 0.501 -0.034)
(0.6749224647 0.501 0.034)
(0.6749224647 0.501 0.102)
(0.6749224647 0.501 0.17)
(0.6749224647 0.501 0.238)
(0.6749224647 0.501 0.306)
(0.6749224647 0.501 0.374)
(0.6749224647 0.501 0.442)
(0.6267137172 0.5845 -0.51)
(0.6267137172 0.5845 -0.442)
(0.6267137172 0.5845 -0.374)
(0.6267137172 0.5845 -0.306)
(0.6267137172 0.5845 -0.238)
(0.6267137172 0.5845 -0.17)
(0.6267137172 0.5845 -0.102)
(0.6267137172 0.5845 -0.034)
(0.6267137172 0.5845 0.034)
(0.6267137172 0.5845 0.102)
(0.6267137172 0.5845 0.17)
(0.6267137172 0.5845 0.238)
(0.6267137172 0.5845 0.306)
(0.6267137172 0.5845 0.374)
(0.6267137172 0.5845 0.442)
(0.5785049697 0.668 -0.51)
(0.5785049697 0.668 -0.442)
(0.5785049697 0.668 -0.374)
(0.5785049697 0.668 -0.306)
(0.5785049697 0.668 -0.238)
(0.5785049697 0.668 -0.17)
(0.5785049697 0.668 -0.102)
(0.5785049697 0.668 -0.034)
(0.5785049697 0.668 0.034)
(0.5785049697 0.668 0.102)
(0.5785049697 0.668 0.17)
(0.5785049697 0.668 0.238)
(0.5785049697 0.668 0.306)
(0.5785049697 0.668 0.374)
(0.5785049697 0.668 0.442)
(0.6749224647 0.668 -0.51)
(0.6749224647 0.668 -0.442)
(0.6749224647 0.668 -0.374)
(0.6749224647 0.668 -0.306)
(0.6749224647 0.668 -0.238)
(0.6749224647 0.668 -0.17)
(0.6749224647 0.668 -0.102)
(0.6749224647 0.668 -0.034)
(0.6749224647 0.668 0.034)
(0.6749224647 0.668 0.102)
(0.6749224647 0.668 0.17)
(0.6749224647 0.668 0.238)
(0.6749224647 0.668 0.306)
(0.6749224647 0.668 0.374)
(0.6749224647 0.668 0.442)
(0.6267137172 0.7515 -0.51)
(0.6267137172 0.7515 -0.442)
(0.6267137172 0.7515 -0.374)
(0.6267137172 0.7515 -0.306)
(0.6267137172 0.7515 -0.238)
(0.6267137172 0.7515 -0.17)
(0.6267137172 0.7515 -0.102)
(0.6267137172 0.7515 -0.034)
(0.6267137172 0.7515 0.034)
(0.6267137172 0.7515 0.102)
(0.6267137172 0.7515 0.17)
(0.6267137172 0.7515 0.238)
(0.6267137172 0.7515 0.306)
(0.6267137172 0.7515 0.374)
(0.6267137172 0.7515 0.442)
(0.5785049697 0.835 -0.51)
(0.5785049697 0.835 -0.442)
(0.5785049697 0.835 -0.374)
(0.5785049697 0.835 -0.306)
(0.5785049697 0.835 -0.238)
(0.5785049697 0.835 -0.17)
(0.5785049697 0.835 -0.102)
(0.5785049697 0.835 -0.034)
(0.5785049697 0.835 0.034)
(0.5785049697 0.835 0.102)
(0.5785049697 0.835 0.17)
(0.5785049697 0.835 0.238)
(0.5785049697 0.835 0.306)
(0.5785049697 0.835 0.374)
(0.5785049697 0.835 0.442)
(0.6749224647 0.835 -0.51)
(0.6749224647 0.835 -0.442)
(0.6749224647 0.835 -0.374)
(0.6749224647 0.835 -0.306)
(0.6749224647 0.835 -0.238)
(0.6749224647 0.835 -0.17)
(0.6749224647 0.835 -0.102)
(0.6749224647 0.835 -0.034)
(0.6749224647 0.835 0.034)
(0.6749224647 0.835 0.102)
(0.6749224647 0.835 0.17)
(0.6749224647 0.835 0.238)
(0.6749224647 0.835 0.306)
(0.6749224647 0.835 0.374)
(0.6749224647 0.835 0.442)
(0.6267137172 0.9185 -0.51)
(0.6267137172 0.9185 -0.442)
(0.6267137172 0.9185 -0.374)
(0.6267137172 0.9185 -0.306)
(0.6267137172 0.9185 -0.238)
(0.6267137172 0.9185 -0.17)
(0.6267137172 0.9185 -0.102)
(0.6267137172 0.9185 -0.034)
(0.6267137172 0.9185 0.034)
(0.6267137172 0.9185 0.102)
(0.6267137172 0.9185 0.17)
(0.6267137172 0.9185 0.238)
(0.6267137172 0.9185 0.306)
(0.6267137172 0.9185 0.374)
(0.6267137172 0.9185 0.442)
(0.7713399596 -0.835 -0.51)
(0.7231312122 -0.7515 -0.51)
(0.7713399596 -0.835 -0.442)
(0.7231312122 -0.7515 -0.442)
(0.7713399596 -0.835 -0.374)
(0.7231312122 -0.7515 -0.374)
(0.7713399596 -0.835 -0.306)
(0.7231312122 -0.7515 -0.306)
(0.7713399596 -0.835 -0.238)
(0.7231312122 -0.7515 -0.238)
(0.7713399596 -0.835 -0.17)
(0.7231312122 -0.7515 -0.17)
(0.7713399596 -0.835 -0.102)
(0.7231312122 -0.7515 -0.102)
(0.7713399596 -0.835 -0.034)
(0.7231312122 -0.7515 -0.034)
(0.7713399596 -0.835 0.034)
(0.7231312122 -0.7515 0.034)
(0.7713399596 -0.835 0.102)
(0.7231312122 -0.7515 0.102)
(0.7713399596 -0.835 0.17)
(0.7231312122 -0.7515 0.17)
(0.7713399596 -0.835 0.238)
(0.7231312122 -0.7515 0.238)
(0.7713399596 -0.835 0.306)
(0.7231312122 -0.7515 0.306)
(0.7713399596 -0.835 0.374)
(0.7231312122 -0.7515 0.374)
(0.7713399596 -0.835 0.442)
(0.7231312122 -0.7515 0.442)
(0.8195487071 -0.7515 -0.51)
(0.8195487071 -0.7515 -0.442)
(0.8195487071 -0.7515 -0.374)
(0.8195487071 -0.7515 -0.306)
(0.8195487071 -0.7515 -0.238)
(0.8195487071 -0.7515 -0.17)
(0.8195487071 -0.7515 -0.102)
(0.8195487071 -0.7515 -0.034)
(0.8195487071 -0.7515 0.034)
(0.8195487071 -0.7515 0.102)
(0.8195487071 -0.7515 0.17)
(0.8195487071 -0.7515 0.238)
(0.8195487071 -0.7515 0.306)
(0.8195487071 -0.7515 0.374)
(0.8195487071 -0.7515 0.442)
(0.7713399596 -0.668 -0.51)
(0.7713399596 -0.668 -0.442)
(0.7713399596 -0.668 -0.374)
(0.7713399596 -0.668 -0.306)
(0.7713399596 -0.668 -0.238)
(0.7713399596 -0.668 -0.17)
(0.7713399596 -0.668 -0.102)
(0.7713399596 -0.668 -0.034)
(0.7713399596 -0.668 0.034)
(0.7713399596 -0.668 0.102)
(0.7713399596 -0.668 0.17)
(0.7713399596 -0.668 0.238)
(0.7713399596 -0.668 0.306)
(0.7713399596 -0.668 0.374)
(0.7713399596 -0.668 0.442)
(0.7231312122 -0.5845 -0.51)
(0.7231312122 -0.5845 -0.442)
(0.7231312122 -0.5845 -0.374)
(0.7231312122 -0.5845 -0.306)
(0.7231312122 -0.5845 -0.238)
(0.7231312122 -0.5845 -0.17)
(0.7231312122 -0.5845 -0.102)
(0.7231312122 -0.5845 -0.034)
(0.7231312122 -0.5845 0.034)
(0.7231312122 -0.5845 0.102)
(0.7231312122 -0.5845 0.17)
(0.7231312122 -0.5845 0.238)
(0.7231312122 -0.5845 0.306)
(0.7231312122 -0.5845 0.374)
(0.7231312122 -0.5845 0.442)
(0.8195487071 -0.5845 -0.51)
(0.8195487071 -0.5845 -0.442)
(0.8195487071 -0.5845 -0.374)
(0.8195487071 -0.5845 -0.306)
(0.8195487071 -0.5845 -0.238)
(0.8195487071 -0.5845 -0.17)
(0.8195487071 -0.5845 -0.102)
(0.8195487071 -0.5845 -0.034)
(0.8195487071 -0.5845 0.034)
(0.8195487071 -0.5845 0.102)
(0.8195487071 -0.5845 0.17)
(0.8195487071 -0.5845 0.238)
(0.8195487071 -0.5845 0.306)
(0.8195487071 -0.5845 0.374)
(0.8195487071 -0.5845 0.442)
(0.7713399596 -0.501 -0.51)
(0.7713399596 -0.501 -0.442)
(0.7713399596 -0.501 -0.374)
(0.7713399596 -0.501 -0.306)
(0.7713399596 -0.501 -0.238)
(0.7713399596 -0.501 -0.17)
(0.7713399596 -0.501 -0.102)
(0.7713399596 -0.501 -0.034)
(0.7713399596 -0.501 0.034)
(0.7713399596 -0.501 0.102)
(0.7713399596 -0.501 0.17)
(0.7713399596 -0.501 0.238)
(0.7713399596 -0.501 0.306)
(0.7713399596 -0.501 0.374)
(0.7713399596 -0.501 0.442)
(0.7231312122 -0.4175 -0.51)
(0.7231312122 -0.4175 -0.442)
(0.7231312122 -0.4175 -0.374)
(0.7231312122 -0.4175 -0.306)
(0.7231312122 -0.4175 -0.238)
(0.7231312122 -0.4175 -0.17)
(0.7231312122 -0.4175 -0.102)
(0.7231312122 -0.4175 -0.034)
(0.7231312122 -0.4175 0.034)
(0.7231312122 -0.4175 0.102)
(0.7231312122 -0.4175 0.17)
(0.7231312122 -0.4175 0.238)
(0.7231312122 -0.4175 0.306)
(0.7231312122 -0.4175 0.374)
(0.7231312122 -0.4175 0.442)
(0.8195487071 -0.4175 -0.51)
(0.8195487071 -0.4175 -0.442)
(0.8195487071 -0.4175 -0.374)
(0.8195487071 -0.4175 -0.306)
(0.8195487071 -0.4175 -0.238)
(0.8195487071 -0.4175 -0.17)
(0.8195487071 -0.4175 -0.102)
(0.8195487071 -0.4175 -0.034)
(0.8195487071 -0.4175 0.034)
(0.8195487071 -0.4175 0.102)
(0.8195487071 -0.4175 0.17)
(0.8195487071 -0.4175 0.238)
(0.8195487071 -0.4175 0.306)
(0.8195487071 -0.4175 0.374)
(0.8195487071 -0.4175 0.442)
(0.7713399596 -0.334 -0.51)
(0.7713399596 -0.334 -0.442)
(0.7713399596 -0.334 -0.374)
(0.7713399596 -0.334 -0.306)
(0.7713399596 -0.334 -0.238)
(0.7713399596 -0.334 -0.17)
(0.7713399596 -0.334 -0.102)
(0.7713399596 -0.334 -0.034)
(0.7713399596 -0.334 0.034)
(0.7713399596 -0.334 0.102)
(0.7713399596 -0.334 0.17)
(0.7713399596 -0.334 0.238)
(0.7713399596 -0.334 0.306)
(0.7713399596 -0.334 0.374)
(0.7713399596 -0.334 0.442)
(0.7231312122 -0.2505 -0.51)
(0.7231312122 -0.2505 -0.442)
(0.7231312122 -0.2505 -0.374)
(0.7231312122 -0.2505 -0.306)
(0.7231312122 -0.2505 -0.238)
(0.7231312122 -0.2505 -0.17)
(0.7231312122 -0.2505 -0.102)
(0.7231312122 -0.2505 -0.034)
(0.7231312122 -0.2505 0.034)
(0.7231312122 -0.2505 0.102)
(0.7231312122 -0.2505 0.17)
(0.7231312122 -0.2505 0.238)
(0.7231312122 -0.2505 0.306)
(0.7231312122 -0.2505 0.374)
(0.7231312122 -0.2505 0.442)
(0.8195487071 -0.2505 -0.51)
(0.8195487071 -0.2505 -0.442)
(0.8195487071 -0.2505 -0.374)
(0.8195487071 -0.2505 -0.306)
(0.8195487071 -0.2505 -0.238)
(0.8195487071 -0.2505 -0.17)
(0.8195487071 -0.2505 -0.102)
(0.8195487071 -0.2505 -0.034)
(0.8195487071 -0.2505 0.034)
(0.8195487071 -0.2505 0.102)
(0.8195487071 -0.2505 0.17)
(0.8195487071 -0.2505 0.238)
(0.8195487071 -0.2505 0.306)
(0.8195487071 -0.2505 0.374)
(0.8195487071 -0.2505 0.442)
(0.7713399596 -0.167 -0.51)
(0.7713399596 -0.167 -0.442)
(0.7713399596 -0.167 -0.374)
(0.7713399596 -0.167 -0.306)
(0.7713399596 -0.167 -0.238)
(0.7713399596 -0.167 -0.17)
(0.7713399596 -0.167 -0.102)
(0.7713399596 -0.167 -0.034)
(0.7713399596 -0.167 0.034)
(0.7713399596 -0.167 0.102)
(0.7713399596 -0.167 0.17)
(0.7713399596 -0.167 0.238)
(0.7713399596 -0.167 0.306)
(0.7713399596 -0.167 0.374)
(0.7713399596 -0.167 0.442)
(0.7231312122 -0.0835 -0.51)
(0.7231312122 -0.0835 -0.442)
(0.7231312122 -0.0835 -0.374)
(0.7231312122 -0.0835 -0.306)
(0.7231312122 -0.0835 -0.238)
(0.7231312122 -0.0835 -0.17)
(0.7231312122 -0.0835 -0.102)
(0.7231312122 -0.0835 -0.034)
(0.7231312122 -0.0835 0.034)
(0.7231312122 -0.0835 0.102)
(0.7231312122 -0.0835 0.17)
(0.7231312122 -0.0835 0.238)
(0.7231312122 -0.0835 0.306)
(0.7231312122 -0.0835 0.374)
(0.7231312122 -0.0835 0.442)
(0.8195487071 -0.0835 -0.51)
(0.8195487071 -0.0835 -0.442)
(0.8195487071 -0.0835 -0.374)
(0.8195487071 -0.0835 -0.306)
(0.8195487071 -0.0835 -0.238)
(0.8195487071 -0.0835 -0.17)
(0.8195487071 -0.0835 -0.102)
(0.8195487071 -0.0835 -0.034)
(0.8195487071 -0.0835 0.034)
(0.8195487071 -0.0835 0.102)
(0.8195487071 -0.0835 0.17)
(0.8195487071 -0.0835 0.238)
(0.8195487071 -0.0835 0.306)
(0.8195487071 -0.0835 0.374)
(0.8195487071 -0.0835 0.442)
(0.7713399596 4.163336342e-17 -0.51)
(0.7713399596 4.163336342e-17 -0.442)
(0.7713399596 4.163336342e-17 -0.374)
(0.7713399596 4.163336342e-17 -0.306)
(0.7713399596 4.163336342e-17 -0.238)
(0.7713399596 4.163336342e-17 -0.17)
(0.7713399596 4.163336342e-17 -0.102)
(0.7713399596 4.163336342e-17 -0.034)
(0.7713399596 4.163336342e-17 0.034)
(0.7713399596 4.163336342e-17 0.102)
(0.7713399596 4.163336342e-17 0.17)
(0.7713399596 4.163336342e-17 0.238)
(0.7713399596 4.163336342e-17 0.306)
(0.7713399596 4.163336342e-17 0.374)
(0.7713399596 4.163336342e-17 0.442)
(0.7231312122 0.0835 -0.51)
(0.7231312122 0.0835 -0.442)
(0.7231312122 0.0835 -0.374)
(0.7231312122 0.0835 -0.306)
(0.7231312122 0.0835 -0.238)
(0.7231312122 0.0835 -0.17)
(0.7231312122 0.0835 -0.102)
(0.7231312122 0.0835 -0.034)
(0.7231312122 0.0835 0.034)
(0.7231312122 0.0835 0.102)
(0.7231312122 0.0835 0.17)
(0.7231312122 0.0835 0.238)
(0.7231312122 0.0835 0.306)
(0.7231312122 0.0835 0.374)
(0.7231312122 0.0835 0.442)
(0.8195487071 0.0835 -0.51)
(0.8195487071 0.0835 -0.442)
(0.8195487071 0.0835 -0.374)
(0.8195487071 0.0835 -0.306)
(0.8195487071 0.0835 -0.238)
(0.8195487071 0.0835 -0.17)
(0.8195487071 0.0835 -0.102)
(0.8195487071 0.0835 -0.034)
(0.8195487071 0.0835 0.034)
(0.8195487071 0.0835 0.102)
(0.8195487071 0.0835 0.17)
(0.8195487071 0.0835 0.238)
(0.8195487071 0.0835 0.306)
(0.8195487071 0.0835 0.374)
(0.8195487071 0.0835 0.442)
(0.7713399596 0.167 -0.51)
(0.7713399596 0.167 -0.442)
(0.7713399596 0.167 -0.374)
(0.7713399596 0.167 -0.306)
(0.7713399596 0.167 -0.238)
(0.7713399596 0.167 -0.17)
(0.7713399596 0.167 -0.102)
(0.7713399596 0.167 -0.034)
(0.7713399596 0.167 0.034)
(0.7713399596 0.167 0.102)
(0.7713399596 0.167 0.17)
(0.7713399596 0.167 0.238)
(0.7713399596 0.167 0.306)
(0.7713399596 0.167 0.374)
(0.7713399596 0.167 0.442)
(0.7231312122 0.2505 -0.51)
(0.7231312122 0.2505 -0.442)
(0.7231312122 0.2505 -0.374)
(0.7231312122 0.2505 -0.306)
(0.7231312122 0.2505 -0.238)
(0.7231312122 0.2505 -0.17)
(0.7231312122 0.2505 -0.102)
(0.7231312122 0.2505 -0.034)
(0.7231312122 0.2505 0.034)
(0.7231312122 0.2505 0.102)
(0.7231312122 0.2505 0.17)
(0.7231312122 0.2505 0.238)
(0.7231312122 0.2505 0.306)
(0.7231312122 0.2505 0.374)
(0.7231312122 0.2505 0.442)
(0.8195487071 0.2505 -0.51)
(0.8195487071 0.2505 -0.442)
(0.8195487071 0.2505 -0.374)
(0.8195487071 0.2505 -0.306)
(0.8195487071 0.2505 -0.238)
(0.8195487071 0.2505 -0.17)
(0.8195487071 0.2505 -0.102)
(0.8195487071 0.2505 -0.034)
(0.8195487071 0.2505 0.034)
(0.8195487071 0.2505 0.102)
(0.8195487071 0.2505 0.17)
(0.8195487071 0.2505 0.238)
(0.8195487071 0.2505 0.306)
(0.8195487071 0.2505 0.374)
(0.8195487071 0.2505 0.442)
(0.7713399596 0.334 -0.51)
(0.7713399596 0.334 -0.442)
(0.7713399596 0.334 -0.374)
(0.7713399596 0.334 -0.306)
(0.7713399596 0.334 -0.238)
(0.7713399596 0.334 -0.17)
(0.7713399596 0.334 -0.102)
(0.7713399596 0.334 -0.034)
(0.7713399596 0.334 0.034)
(0.7713399596 0.334 0.102)
(0.7713399596 0.334 0.17)
(0.7713399596 0.334 0.238)
(0.7713399596 0.334 0.306)
(0.7713399596 0.334 0.374)
(0.7713399596 0.334 0.442)
(0.7231312122 0.4175 -0.51)
(0.7231312122 0.4175 -0.442)
(0.7231312122 0.4175 -0.374)
(0.7231312122 0.4175 -0.306)
(0.7231312122 0.4175 -0.238)
(0.7231312122 0.4175 -0.17)
(0.7231312122 0.4175 -0.102)
(0.7231312122 0.4175 -0.034)
(0.7231312122 0.4175 0.034)
(0.7231312122 0.4175 0.102)
(0.7231312122 0.4175 0.17)
(0.7231312122 0.4175 0.238)
(0.7231312122 0.4175 0.306)
(0.7231312122 0.4175 0.374)
(0.7231312122 0.4175 0.442)
(0.8195487071 0.4175 -0.51)
(0.8195487071 0.4175 -0.442)
(0.8195487071 0.4175 -0.374)
(0.8195487071 0.4175 -0.306)
(0.8195487071 0.4175 -0.238)
(0.8195487071 0.4175 -0.17)
(0.8195487071 0.4175 -0.102)
(0.8195487071 0.4175 -0.034)
(0.8195487071 0.4175 0.034)
(0.8195487071 0.4175 0.102)
(0.8195487071 0.4175 0.17)
(0.8195487071 0.4175 0.238)
(0.8195487071 0.4175 0.306)
(0.8195487071 0.4175 0.374)
(0.8195487071 0.4175 0.442)
(0.7713399596 0.501 -0.51)
(0.7713399596 0.501 -0.442)
(0.7713399596 0.501 -0.374)
(0.7713399596 0.501 -0.306)
(0.7713399596 0.501 -0.238)
(0.7713399596 0.501 -0.17)
(0.7713399596 0.501 -0.102)
(0.7713399596 0.501 -0.034)
(0.7713399596 0.501 0.034)
(0.7713399596 0.501 0.102)
(0.7713399596 0.501 0.17)
(0.7713399596 0.501 0.238)
(0.7713399596 0.501 0.306)
(0.7713399596 0.501 0.374)
(0.7713399596 0.501 0.442)
(0.7231312122 0.5845 -0.51)
(0.7231312122 0.5845 -0.442)
(0.7231312122 0.5845 -0.374)
(0.7231312122 0.5845 -0.306)
(0.7231312122 0.5845 -0.238)
(0.7231312122 0.5845 -0.17)
(0.7231312122 0.5845 -0.102)
(0.7231312122 0.5845 -0.034)
(0.7231312122 0.5845 0.034)
(0.7231312122 0.5845 0.102)
(0.7231312122 0.5845 0.17)
(0.7231312122 0.5845 0.238)
(0.7231312122 0.5845 0.306)
(0.7231312122 0.5845 0.374)
(0.7231312122 0.5845 0.442)
(0.8195487071 0.5845 -0.51)
(0.8195487071 0.5845 -0.442)
(0.8195487071 0.5845 -0.374)
(0.8195487071 0.5845 -0.306)
(0.8195487071 0.5845 -0.238)
(0.8195487071 0.5845 -0.17)
(0.8195487071 0.5845 -0.102)
(0.8195487071 0.5845 -0.034)
(0.8195487071 0.5845 0.034)
(0.8195487071 0.5845 0.102)
(0.8195487071 0.5845 0.17)
(0.8195487071 0.5845 0.238)
(0.8195487071 0.5845 0.306)
(0.8195487071 0.5845 0.374)
(0.8195487071 0.5845 0.442)
(0.7713399596 0.668 -0.51)
(0.7713399596 0.668 -0.442)
(0.7713399596 0.668 -0.374)
(0.7713399596 0.668 -0.306)
(0.7713399596 0.668 -0.238)
(0.7713399596 0.668 -0.17)
(0.7713399596 0.668 -0.102)
(0.7713399596 0.668 -0.034)
(0.7713399596 0.668 0.034)
(0.7713399596 0.668 0.102)
(0.7713399596 0.668 0.17)
(0.7713399596 0.668 0.238)
(0.7713399596 0.668 0.306)
(0.7713399596 0.668 0.374)
(0.7713399596 0.668 0.442)
(0.7231312122 0.7515 -0.51)
(0.7231312122 0.7515 -0.442)
(0.7231312122 0.7515 -0.374)
(0.7231312122 0.7515 -0.306)
(0.7231312122 0.7515 -0.238)
(0.7231312122 0.7515 -0.17)
(0.7231312122 0.7515 -0.102)
(0.7231312122 0.7515 -0.034)
(0.7231312122 0.7515 0.034)
(0.7231312122 0.7515 0.102)
(0.7231312122 0.7515 0.17)
(0.7231312122 0.7515 0.238)
(0.7231312122 0.7515 0.306)
(0.7231312122 0.7515 0.374)
(0.7231312122 0.7515 0.442)
(0.8195487071 0.7515 -0.51)
(0.8195487071 0.7515 -0.442)
(0.8195487071 0.7515 -0.374)
(0.8195487071 0.7515 -0.306)
(0.8195487071 0.7515 -0.238)
(0.8195487071 0.7515 -0.17)
(0.8195487071 0.7515 -0.102)
(0.8195487071 0.7515 -0.034)
(0.8195487071 0.7515 0.034)
(0.8195487071 0.7515 0.102)
(0.8195487071 0.7515 0.17)
(0.8195487071 0.7515 0.238)
(0.8195487071 0.7515 0.306)
(0.8195487071 0.7515 0.374)
(0.8195487071 0.7515 0.442)
(0.7713399596 0.835 -0.51)
(0.7713399596 0.835 -0.442)
(0.7713399596 0.835 -0.374)
(0.7713399596 0.835 -0.306)
(0.7713399596 0.835 -0.238)
(0.7713399596 0.835 -0.17)
(0.7713399596 0.835 -0.102)
(0.7713399596 0.835 -0.034)
(0.7713399596 0.835 0.034)
(0.7713399596 0.835 0.102)
(0.7713399596 0.835 0.17)
(0.7713399596 0.835 0.238)
(0.7713399596 0.835 0.306)
(0.7713399596 0.835 0.374)
(0.7713399596 0.835 0.442)
(0.9159662021 -0.5845 -0.51)
(0.8677574546 -0.501 -0.51)
(0.9159662021 -0.5845 -0.442)
(0.8677574546 -0.501 -0.442)
(0.9159662021 -0.5845 -0.374)
(0.8677574546 -0.501 -0.374)
(0.9159662021 -0.5845 -0.306)
(0.8677574546 -0.501 -0.306)
(0.9159662021 -0.5845 -0.238)
(0.8677574546 -0.501 -0.238)
(0.9159662021 -0.5845 -0.17)
(0.8677574546 -0.501 -0.17)
(0.9159662021 -0.5845 -0.102)
(0.8677574546 -0.501 -0.102)
(0.9159662021 -0.5845 -0.034)
(0.8677574546 -0.501 -0.034)
(0.9159662021 -0.5845 0.034)
(0.8677574546 -0.501 0.034)
(0.9159662021 -0.5845 0.102)
(0.8677574546 -0.501 0.102)
(0.9159662021 -0.5845 0.17)
(0.8677574546 -0.501 0.17)
(0.9159662021 -0.5845 0.238)
(0.8677574546 -0.501 0.238)
(0.9159662021 -0.5845 0.306)
(0.8677574546 -0.501 0.306)
(0.9159662021 -0.5845 0.374)
(0.8677574546 -0.501 0.374)
(0.9159662021 -0.5845 0.442)
(0.8677574546 -0.501 0.442)
(0.9641749495 -0.501 -0.51)
(0.9641749495 -0.501 -0.442)
(0.9641749495 -0.501 -0.374)
(0.9641749495 -0.501 -0.306)
(0.9641749495 -0.501 -0.238)
(0.9641749495 -0.501 -0.17)
(0.9641749495 -0.501 -0.102)
(0.9641749495 -0.501 -0.034)
(0.9641749495 -0.501 0.034)
(0.9641749495 -0.501 0.102)
(0.9641749495 -0.501 0.17)
(0.9641749495 -0.501 0.238)
(0.9641749495 -0.501 0.306)
(0.9641749495 -0.501 0.374)
(0.9641749495 -0.501 0.442)
(0.9159662021 -0.4175 -0.51)
(0.9159662021 -0.4175 -0.442)
(0.9159662021 -0.4175 -0.374)
(0.9159662021 -0.4175 -0.306)
(0.9159662021 -0.4175 -0.238)
(0.9159662021 -0.4175 -0.17)
(0.9159662021 -0.4175 -0.102)
(0.9159662021 -0.4175 -0.034)
(0.9159662021 -0.4175 0.034)
(0.9159662021 -0.4175 0.102)
(0.9159662021 -0.4175 0.17)
(0.9159662021 -0.4175 0.238)
(0.9159662021 -0.4175 0.306)
(0.9159662021 -0.4175 0.374)
(0.9159662021 -0.4175 0.442)
(0.8677574546 -0.334 -0.51)
(0.8677574546 -0.334 -0.442)
(0.8677574546 -0.334 -0.374)
(0.8677574546 -0.334 -0.306)
(0.8677574546 -0.334 -0.238)
(0.8677574546 -0.334 -0.17)
(0.8677574546 -0.334 -0.102)
(0.8677574546 -0.334 -0.034)
(0.8677574546 -0.334 0.034)
(0.8677574546 -0.334 0.102)
(0.8677574546 -0.334 0.17)
(0.8677574546 -0.334 0.238)
(0.8677574546 -0.334 0.306)
(0.8677574546 -0.334 0.374)
(0.8677574546 -0.334 0.442)
(0.9641749495 -0.334 -0.51)
(0.9641749495 -0.334 -0.442)
(0.9641749495 -0.334 -0.374)
(0.9641749495 -0.334 -0.306)
(0.9641749495 -0.334 -0.238)
(0.9641749495 -0.334 -0.17)
(0.9641749495 -0.334 -0.102)
(0.9641749495 -0.334 -0.034)
(0.9641749495 -0.334 0.034)
(0.9641749495 -0.334 0.102)
(0.9641749495 -0.334 0.17)
(0.9641749495 -0.334 0.238)
(0.9641749495 -0.334 0.306)
(0.9641749495 -0.334 0.374)
(0.9641749495 -0.334 0.442)
(0.9159662021 -0.2505 -0.51)
(0.9159662021 -0.2505 -0.442)
(0.9159662021 -0.2505 -0.374)
(0.9159662021 -0.2505 -0.306)
(0.9159662021 -0.2505 -0.238)
(0.9159662021 -0.2505 -0.17)
(0.9159662021 -0.2505 -0.102)
(0.9159662021 -0.2505 -0.034)
(0.9159662021 -0.2505 0.034)
(0.9159662021 -0.2505 0.102)
(0.9159662021 -0.2505 0.17)
(0.9159662021 -0.2505 0.238)
(0.9159662021 -0.2505 0.306)
(0.9159662021 -0.2505 0.374)
(0.9159662021 -0.2505 0.442)
(0.8677574546 -0.167 -0.51)
(0.8677574546 -0.167 -0.442)
(0.8677574546 -0.167 -0.374)
(0.8677574546 -0.167 -0.306)
(0.8677574546 -0.167 -0.238)
(0.8677574546 -0.167 -0.17)
(0.8677574546 -0.167 -0.102)
(0.8677574546 -0.167 -0.034)
(0.8677574546 -0.167 0.034)
(0.8677574546 -0.167 0.102)
(0.8677574546 -0.167 0.17)
(0.8677574546 -0.167 0.238)
(0.8677574546 -0.167 0.306)
(0.8677574546 -0.167 0.374)
(0.8677574546 -0.167 0.442)
(0.9641749495 -0.167 -0.51)
(0.9641749495 -0.167 -0.442)
(0.9641749495 -0.167 -0.374)
(0.9641749495 -0.167 -0.306)
(0.9641749495 -0.167 -0.238)
(0.9641749495 -0.167 -0.17)
(0.9641749495 -0.167 -0.102)
(0.9641749495 -0.167 -0.034)
(0.9641749495 -0.167 0.034)
(0.9641749495 -0.167 0.102)
(0.9641749495 -0.167 0.17)
(0.9641749495 -0.167 0.238)
(0.9641749495 -0.167 0.306)
(0.9641749495 -0.167 0.374)
(0.9641749495 -0.167 0.442)
(0.9159662021 -0.0835 -0.51)
(0.9159662021 -0.0835 -0.442)
(0.9159662021 -0.0835 -0.374)
(0.9159662021 -0.0835 -0.306)
(0.9159662021 -0.0835 -0.238)
(0.9159662021 -0.0835 -0.17)
(0.9159662021 -0.0835 -0.102)
(0.9159662021 -0.0835 -0.034)
(0.9159662021 -0.0835 0.034)
(0.9159662021 -0.0835 0.102)
(0.9159662021 -0.0835 0.17)
(0.9159662021 -0.0835 0.238)
(0.9159662021 -0.0835 0.306)
(0.9159662021 -0.0835 0.374)
(0.9159662021 -0.0835 0.442)
(0.8677574546 0 -0.51)
(0.8677574546 0 -0.442)
(0.8677574546 0 -0.374)
(0.8677574546 0 -0.306)
(0.8677574546 0 -0.238)
(0.8677574546 0 -0.17)
(0.8677574546 0 -0.102)
(0.8677574546 0 -0.034)
(0.8677574546 0 0.034)
(0.8677574546 0 0.102)
(0.8677574546 0 0.17)
(0.8677574546 0 0.238)
(0.8677574546 0 0.306)
(0.8677574546 0 0.374)
(0.8677574546 0 0.442)
(0.9641749495 0 -0.51)
(0.9641749495 0 -0.442)
(0.9641749495 0 -0.374)
(0.9641749495 0 -0.306)
(0.9641749495 0 -0.238)
(0.9641749495 0 -0.17)
(0.9641749495 0 -0.102)
(0.9641749495 0 -0.034)
(0.9641749495 0 0.034)
(0.9641749495 0 0.102)
(0.9641749495 0 0.17)
(0.9641749495 0 0.238)
(0.9641749495 0 0.306)
(0.9641749495 0 0.374)
(0.9641749495 0 0.442)
(0.9159662021 0.0835 -0.51)
(0.9159662021 0.0835 -0.442)
(0.9159662021 0.0835 -0.374)
(0.9159662021 0.0835 -0.306)
(0.9159662021 0.0835 -0.238)
(0.9159662021 0.0835 -0.17)
(0.9159662021 0.0835 -0.102)
(0.9159662021 0.0835 -0.034)
(0.9159662021 0.0835 0.034)
(0.9159662021 0.0835 0.102)
(0.9159662021 0.0835 0.17)
(0.9159662021 0.0835 0.238)
(0.9159662021 0.0835 0.306)
(0.9159662021 0.0835 0.374)
(0.9159662021 0.0835 0.442)
(0.8677574546 0.167 -0.51)
(0.8677574546 0.167 -0.442)
(0.8677574546 0.167 -0.374)
(0.8677574546 0.167 -0.306)
(0.8677574546 0.167 -0.238)
(0.8677574546 0.167 -0.17)
(0.8677574546 0.167 -0.102)
(0.8677574546 0.167 -0.034)
(0.8677574546 0.167 0.034)
(0.8677574546 0.167 0.102)
(0.8677574546 0.167 0.17)
(0.8677574546 0.167 0.238)
(0.8677574546 0.167 0.306)
(0.8677574546 0.167 0.374)
(0.8677574546 0.167 0.442)
(0.9641749495 0.167 -0.51)
(0.9641749495 0.167 -0.442)
(0.9641749495 0.167 -0.374)
(0.9641749495 0.167 -0.306)
(0.9641749495 0.167 -0.238)
(0.9641749495 0.167 -0.17)
(0.9641749495 0.167 -0.102)
(0.9641749495 0.167 -0.034)
(0.9641749495 0.167 0.034)
(0.9641749495 0.167 0.102)
(0.9641749495 0.167 0.17)
(0.9641749495 0.167 0.238)
(0.9641749495 0.167 0.306)
(0.9641749495 0.167 0.374)
(0.9641749495 0.167 0.442)
(0.9159662021 0.2505 -0.51)
(0.9159662021 0.2505 -0.442)
(0.9159662021 0.2505 -0.374)
(0.9159662021 0.2505 -0.306)
(0.9159662021 0.2505 -0.238)
(0.9159662021 0.2505 -0.17)
(0.9159662021 0.2505 -0.102)
(0.9159662021 0.2505 -0.034)
(0.9159662021 0.2505 0.034)
(0.9159662021 0.2505 0.102)
(0.9159662021 0.2505 0.17)
(0.9159662021 0.2505 0.238)
(0.9159662021 0.2505 0.306)
(0.9159662021 0.2505 0.374)
(0.9159662021 0.2505 0.442)
(0.8677574546 0.334 -0.51)
(0.8677574546 0.334 -0.442)
(0.8677574546 0.334 -0.374)
(0.8677574546 0.334 -0.306)
(0.8677574546 0.334 -0.238)
(0.8677574546 0.334 -0.17)
(0.8677574546 0.334 -0.102)
(0.8677574546 0.334 -0.034)
(0.8677574546 0.334 0.034)
(0.8677574546 0.334 0.102)
(0.8677574546 0.334 0.17)
(0.8677574546 0.334 0.238)
(0.8677574546 0.334 0.306)
(0.8677574546 0.334 0.374)
(0.8677574546 0.334 0.442)
(0.9641749495 0.334 -0.51)
(0.9641749495 0.334 -0.442)
(0.9641749495 0.334 -0.374)
(0.9641749495 0.334 -0.306)
(0.9641749495 0.334 -0.238)
(0.9641749495 0.334 -0.17)
(0.9641749495 0.334 -0.102)
(0.9641749495 0.334 -0.034)
(0.9641749495 0.334 0.034)
(0.9641749495 0.334 0.102)
(0.9641749495 0.334 0.17)
(0.9641749495 0.334 0.238)
(0.9641749495 0.334 0.306)
(0.9641749495 0.334 0.374)
(0.9641749495 0.334 0.442)
(0.9159662021 0.4175 -0.51)
(0.9159662021 0.4175 -0.442)
(0.9159662021 0.4175 -0.374)
(0.9159662021 0.4175 -0.306)
(0.9159662021 0.4175 -0.238)
(0.9159662021 0.4175 -0.17)
(0.9159662021 0.4175 -0.102)
(0.9159662021 0.4175 -0.034)
(0.9159662021 0.4175 0.034)
(0.9159662021 0.4175 0.102)
(0.9159662021 0.4175 0.17)
(0.9159662021 0.4175 0.238)
(0.9159662021 0.4175 0.306)
(0.9159662021 0.4175 0.374)
(0.9159662021 0.4175 0.442)
(0.8677574546 0.501 -0.51)
(0.8677574546 0.501 -0.442)
(0.8677574546 0.501 -0.374)
(0.8677574546 0.501 -0.306)
(0.8677574546 0.501 -0.238)
(0.8677574546 0.501 -0.17)
(0.8677574546 0.501 -0.102)
(0.8677574546 0.501 -0.034)
(0.8677574546 0.501 0.034)
(0.8677574546 0.501 0.102)
(0.8677574546 0.501 0.17)
(0.8677574546 0.501 0.238)
(0.8677574546 0.501 0.306)
(0.8677574546 0.501 0.374)
(0.8677574546 0.501 0.442)
(0.9641749495 0.501 -0.51)
(0.9641749495 0.501 -0.442)
(0.9641749495 0.501 -0.374)
(0.9641749495 0.501 -0.306)
(0.9641749495 0.501 -0.238)
(0.9641749495 0.501 -0.17)
(0.9641749495 0.501 -0.102)
(0.9641749495 0.501 -0.034)
(0.9641749495 0.501 0.034)
(0.9641749495 0.501 0.102)
(0.9641749495 0.501 0.17)
(0.9641749495 0.501 0.238)
(0.9641749495 0.501 0.306)
(0.9641749495 0.501 0.374)
(0.9641749495 0.501 0.442)
(0.9159662021 0.5845 -0.51)
(0.9159662021 0.5845 -0.442)
(0.9159662021 0.5845 -0.374)
(0.9159662021 0.5845 -0.306)
(0.9159662021 0.5845 -0.238)
(0.9159662021 0.5845 -0.17)
(0.9159662021 0.5845 -0.102)
(0.9159662021 0.5845 -0.034)
(0.9159662021 0.5845 0.034)
(0.9159662021 0.5845 0.102)
(0.9159662021 0.5845 0.17)
(0.9159662021 0.5845 0.238)
(0.9159662021 0.5845 0.306)
(0.9159662021 0.5845 0.374)
(0.9159662021 0.5845 0.442)
(1.060592445 -0.334 -0.51)
(1.012383697 -0.2505 -0.51)
(1.060592445 -0.334 -0.442)
(1.012383697 -0.2505 -0.442)
(1.060592445 -0.334 -0.374)
(1.012383697 -0.2505 -0.374)
(1.060592445 -0.334 -0.306)
(1.012383697 -0.2505 -0.306)
(1.060592445 -0.334 -0.238)
(1.012383697 -0.2505 -0.238)
(1.060592445 -0.334 -0.17)
(1.012383697 -0.2505 -0.17)
(1.060592445 -0.334 -0.102)
(1.012383697 -0.2505 -0.102)
(1.060592445 -0.334 -0.034)
(1.012383697 -0.2505 -0.034)
(1.060592445 -0.334 0.034)
(1.012383697 -0.2505 0.034)
(1.060592445 -0.334 0.102)
(1.012383697 -0.2505 0.102)
(1.060592445 -0.334 0.17)
(1.012383697 -0.2505 0.17)
(1.060592445 -0.334 0.238)
(1.012383697 -0.2505 0.238)
(1.060592445 -0.334 0.306)
(1.012383697 -0.2505 0.306)
(1.060592445 -0.334 0.374)
(1.012383697 -0.2505 0.374)
(1.060592445 -0.334 0.442)
(1.012383697 -0.2505 0.442)
(1.108801192 -0.2505 -0.51)
(1.108801192 -0.2505 -0.442)
(1.108801192 -0.2505 -0.374)
(1.108801192 -0.2505 -0.306)
(1.108801192 -0.2505 -0.238)
(1.108801192 -0.2505 -0.17)
(1.108801192 -0.2505 -0.102)
(1.108801192 -0.2505 -0.034)
(1.108801192 -0.2505 0.034)
(1.108801192 -0.2505 0.102)
(1.108801192 -0.2505 0.17)
(1.108801192 -0.2505 0.238)
(1.108801192 -0.2505 0.306)
(1.108801192 -0.2505 0.374)
(1.108801192 -0.2505 0.442)
(1.060592445 -0.167 -0.51)
(1.060592445 -0.167 -0.442)
(1.060592445 -0.167 -0.374)
(1.060592445 -0.167 -0.306)
(1.060592445 -0.167 -0.238)
(1.060592445 -0.167 -0.17)
(1.060592445 -0.167 -0.102)
(1.060592445 -0.167 -0.034)
(1.060592445 -0.167 0.034)
(1.060592445 -0.167 0.102)
(1.060592445 -0.167 0.17)
(1.060592445 -0.167 0.238)
(1.060592445 -0.167 0.306)
(1.060592445 -0.167 0.374)
(1.060592445 -0.167 0.442)
(1.012383697 -0.0835 -0.51)
(1.012383697 -0.0835 -0.442)
(1.012383697 -0.0835 -0.374)
(1.012383697 -0.0835 -0.306)
(1.012383697 -0.0835 -0.238)
(1.012383697 -0.0835 -0.17)
(1.012383697 -0.0835 -0.102)
(1.012383697 -0.0835 -0.034)
(1.012383697 -0.0835 0.034)
(1.012383697 -0.0835 0.102)
(1.012383697 -0.0835 0.17)
(1.012383697 -0.0835 0.238)
(1.012383697 -0.0835 0.306)
(1.012383697 -0.0835 0.374)
(1.012383697 -0.0835 0.442)
(1.108801192 -0.0835 -0.51)
(1.108801192 -0.0835 -0.442)
(1.108801192 -0.0835 -0.374)
(1.108801192 -0.0835 -0.306)
(1.108801192 -0.0835 -0.238)
(1.108801192 -0.0835 -0.17)
(1.108801192 -0.0835 -0.102)
(1.108801192 -0.0835 -0.034)
(1.108801192 -0.0835 0.034)
(1.108801192 -0.0835 0.102)
(1.108801192 -0.0835 0.17)
(1.108801192 -0.0835 0.238)
(1.108801192 -0.0835 0.306)
(1.108801192 -0.0835 0.374)
(1.108801192 -0.0835 0.442)
(1.060592445 -1.387778781e-17 -0.51)
(1.060592445 -1.387778781e-17 -0.442)
(1.060592445 -1.387778781e-17 -0.374)
(1.060592445 -1.387778781e-17 -0.306)
(1.060592445 -1.387778781e-17 -0.238)
(1.060592445 -1.387778781e-17 -0.17)
(1.060592445 -1.387778781e-17 -0.102)
(1.060592445 -1.387778781e-17 -0.034)
(1.060592445 -1.387778781e-17 0.034)
(1.060592445 -1.387778781e-17 0.102)
(1.060592445 -1.387778781e-17 0.17)
(1.060592445 -1.387778781e-17 0.238)
(1.060592445 -1.387778781e-17 0.306)
(1.060592445 -1.387778781e-17 0.374)
(1.060592445 -1.387778781e-17 0.442)
(1.012383697 0.0835 -0.51)
(1.012383697 0.0835 -0.442)
(1.012383697 0.0835 -0.374)
(1.012383697 0.0835 -0.306)
(1.012383697 0.0835 -0.238)
(1.012383697 0.0835 -0.17)
(1.012383697 0.0835 -0.102)
(1.012383697 0.0835 -0.034)
(1.012383697 0.0835 0.034)
(1.012383697 0.0835 0.102)
(1.012383697 0.0835 0.17)
(1.012383697 0.0835 0.238)
(1.012383697 0.0835 0.306)
(1.012383697 0.0835 0.374)
(1.012383697 0.0835 0.442)
(1.108801192 0.0835 -0.51)
(1.108801192 0.0835 -0.442)
(1.108801192 0.0835 -0.374)
(1.108801192 0.0835 -0.306)
(1.108801192 0.0835 -0.238)
(1.108801192 0.0835 -0.17)
(1.108801192 0.0835 -0.102)
(1.108801192 0.0835 -0.034)
(1.108801192 0.0835 0.034)
(1.108801192 0.0835 0.102)
(1.108801192 0.0835 0.17)
(1.108801192 0.0835 0.238)
(1.108801192 0.0835 0.306)
(1.108801192 0.0835 0.374)
(1.108801192 0.0835 0.442)
(1.060592445 0.167 -0.51)
(1.060592445 0.167 -0.442)
(1.060592445 0.167 -0.374)
(1.060592445 0.167 -0.306)
(1.060592445 0.167 -0.238)
(1.060592445 0.167 -0.17)
(1.060592445 0.167 -0.102)
(1.060592445 0.167 -0.034)
(1.060592445 0.167 0.034)
(1.060592445 0.167 0.102)
(1.060592445 0.167 0.17)
(1.060592445 0.167 0.238)
(1.060592445 0.167 0.306)
(1.060592445 0.167 0.374)
(1.060592445 0.167 0.442)
(1.012383697 0.2505 -0.51)
(1.012383697 0.2505 -0.442)
(1.012383697 0.2505 -0.374)
(1.012383697 0.2505 -0.306)
(1.012383697 0.2505 -0.238)
(1.012383697 0.2505 -0.17)
(1.012383697 0.2505 -0.102)
(1.012383697 0.2505 -0.034)
(1.012383697 0.2505 0.034)
(1.012383697 0.2505 0.102)
(1.012383697 0.2505 0.17)
(1.012383697 0.2505 0.238)
(1.012383697 0.2505 0.306)
(1.012383697 0.2505 0.374)
(1.012383697 0.2505 0.442)
(1.108801192 0.2505 -0.51)
(1.108801192 0.2505 -0.442)
(1.108801192 0.2505 -0.374)
(1.108801192 0.2505 -0.306)
(1.108801192 0.2505 -0.238)
(1.108801192 0.2505 -0.17)
(1.108801192 0.2505 -0.102)
(1.108801192 0.2505 -0.034)
(1.108801192 0.2505 0.034)
(1.108801192 0.2505 0.102)
(1.108801192 0.2505 0.17)
(1.108801192 0.2505 0.238)
(1.108801192 0.2505 0.306)
(1.108801192 0.2505 0.374)
(1.108801192 0.2505 0.442)
(1.060592445 0.334 -0.51)
(1.060592445 0.334 -0.442)
(1.060592445 0.334 -0.374)
(1.060592445 0.334 -0.306)
(1.060592445 0.334 -0.238)
(1.060592445 0.334 -0.17)
(1.060592445 0.334 -0.102)
(1.060592445 0.334 -0.034)
(1.060592445 0.334 0.034)
(1.060592445 0.334 0.102)
(1.060592445 0.334 0.17)
(1.060592445 0.334 0.238)
(1.060592445 0.334 0.306)
(1.060592445 0.334 0.374)
(1.060592445 0.334 0.442)
(-0.1446262424 -0.0835 -0.51)
(-0.1446262424 -0.0835 -0.442)
(-0.1446262424 -0.0835 -0.374)
(-0.1446262424 -0.0835 -0.306)
(-0.1446262424 -0.0835 -0.238)
(-0.1446262424 -0.0835 -0.17)
(-0.1446262424 -0.0835 -0.102)
(-0.1446262424 -0.0835 -0.034)
(-0.1446262424 -0.0835 0.034)
(-0.1446262424 -0.0835 0.102)
(-0.1446262424 -0.0835 0.17)
(-0.1446262424 -0.0835 0.238)
(-0.1446262424 -0.0835 0.306)
(-0.1446262424 -0.0835 0.374)
(-0.1446262424 -0.0835 0.442)
(-0.04820874748 -0.0835 -0.51)
(-0.04820874748 -0.0835 -0.442)
(-0.04820874748 -0.0835 -0.374)
(-0.04820874748 -0.0835 -0.306)
(-0.04820874748 -0.0835 -0.238)
(-0.04820874748 -0.0835 -0.17)
(-0.04820874748 -0.0835 -0.102)
(-0.04820874748 -0.0835 -0.034)
(-0.04820874748 -0.0835 0.034)
(-0.04820874748 -0.0835 0.102)
(-0.04820874748 -0.0835 0.17)
(-0.04820874748 -0.0835 0.238)
(-0.04820874748 -0.0835 0.306)
(-0.04820874748 -0.0835 0.374)
(-0.04820874748 -0.0835 0.442)
(-0.09641749495 0 -0.51)
(-0.09641749495 0 -0.442)
(-0.09641749495 0 -0.374)
(-0.09641749495 0 -0.306)
(-0.09641749495 0 -0.238)
(-0.09641749495 0 -0.17)
(-0.09641749495 0 -0.102)
(-0.09641749495 0 -0.034)
(-0.09641749495 0 0.034)
(-0.09641749495 0 0.102)
(-0.09641749495 0 0.17)
(-0.09641749495 0 0.238)
(-0.09641749495 0 0.306)
(-0.09641749495 0 0.374)
(-0.09641749495 0 0.442)
(-0.1446262424 0.0835 -0.51)
(-0.1446262424 0.0835 -0.442)
(-0.1446262424 0.0835 -0.374)
(-0.1446262424 0.0835 -0.306)
(-0.1446262424 0.0835 -0.238)
(-0.1446262424 0.0835 -0.17)
(-0.1446262424 0.0835 -0.102)
(-0.1446262424 0.0835 -0.034)
(-0.1446262424 0.0835 0.034)
(-0.1446262424 0.0835 0.102)
(-0.1446262424 0.0835 0.17)
(-0.1446262424 0.0835 0.238)
(-0.1446262424 0.0835 0.306)
(-0.1446262424 0.0835 0.374)
(-0.1446262424 0.0835 0.442)
(-0.04820874748 0.0835 -0.51)
(-0.04820874748 0.0835 -0.442)
(-0.04820874748 0.0835 -0.374)
(-0.04820874748 0.0835 -0.306)
(-0.04820874748 0.0835 -0.238)
(-0.04820874748 0.0835 -0.17)
(-0.04820874748 0.0835 -0.102)
(-0.04820874748 0.0835 -0.034)
(-0.04820874748 0.0835 0.034)
(-0.04820874748 0.0835 0.102)
(-0.04820874748 0.0835 0.17)
(-0.04820874748 0.0835 0.238)
(-0.04820874748 0.0835 0.306)
(-0.04820874748 0.0835 0.374)
(-0.04820874748 0.0835 0.442)
(0 -0.167 -0.51)
(0 -0.167 -0.442)
(0 -0.167 -0.374)
(0 -0.167 -0.306)
(0 -0.167 -0.238)
(0 -0.167 -0.17)
(0 -0.167 -0.102)
(0 -0.167 -0.034)
(0 -0.167 0.034)
(0 -0.167 0.102)
(0 -0.167 0.17)
(0 -0.167 0.238)
(0 -0.167 0.306)
(0 -0.167 0.374)
(0 -0.167 0.442)
(0.04820874748 -0.0835 -0.51)
(0.04820874748 -0.0835 -0.442)
(0.04820874748 -0.0835 -0.374)
(0.04820874748 -0.0835 -0.306)
(0.04820874748 -0.0835 -0.238)
(0.04820874748 -0.0835 -0.17)
(0.04820874748 -0.0835 -0.102)
(0.04820874748 -0.0835 -0.034)
(0.04820874748 -0.0835 0.034)
(0.04820874748 -0.0835 0.102)
(0.04820874748 -0.0835 0.17)
(0.04820874748 -0.0835 0.238)
(0.04820874748 -0.0835 0.306)
(0.04820874748 -0.0835 0.374)
(0.04820874748 -0.0835 0.442)
(0 0 -0.51)
(0 0 -0.442)
(0 0 -0.374)
(0 0 -0.306)
(0 0 -0.238)
(0 0 -0.17)
(0 0 -0.102)
(0 0 -0.034)
(0 0 0.034)
(0 0 0.102)
(0 0 0.17)
(0 0 0.238)
(0 0 0.306)
(0 0 0.374)
(0 0 0.442)
(0.09641749495 0 -0.51)
(0.09641749495 0 -0.442)
(0.09641749495 0 -0.374)
(0.09641749495 0 -0.306)
(0.09641749495 0 -0.238)
(0.09641749495 0 -0.17)
(0.09641749495 0 -0.102)
(0.09641749495 0 -0.034)
(0.09641749495 0 0.034)
(0.09641749495 0 0.102)
(0.09641749495 0 0.17)
(0.09641749495 0 0.238)
(0.09641749495 0 0.306)
(0.09641749495 0 0.374)
(0.09641749495 0 0.442)
(0.04820874748 0.0835 -0.51)
(0.04820874748 0.0835 -0.442)
(0.04820874748 0.0835 -0.374)
(0.04820874748 0.0835 -0.306)
(0.04820874748 0.0835 -0.238)
(0.04820874748 0.0835 -0.17)
(0.04820874748 0.0835 -0.102)
(0.04820874748 0.0835 -0.034)
(0.04820874748 0.0835 0.034)
(0.04820874748 0.0835 0.102)
(0.04820874748 0.0835 0.17)
(0.04820874748 0.0835 0.238)
(0.04820874748 0.0835 0.306)
(0.04820874748 0.0835 0.374)
(0.04820874748 0.0835 0.442)
(0 0.167 -0.51)
(0 0.167 -0.442)
(0 0.167 -0.374)
(0 0.167 -0.306)
(0 0.167 -0.238)
(0 0.167 -0.17)
(0 0.167 -0.102)
(0 0.167 -0.034)
(0 0.167 0.034)
(0 0.167 0.102)
(0 0.167 0.17)
(0 0.167 0.238)
(0 0.167 0.306)
(0 0.167 0.374)
(0 0.167 0.442)
(0.1446262424 -0.0835 -0.51)
(0.1446262424 -0.0835 -0.442)
(0.1446262424 -0.0835 -0.374)
(0.1446262424 -0.0835 -0.306)
(0.1446262424 -0.0835 -0.238)
(0.1446262424 -0.0835 -0.17)
(0.1446262424 -0.0835 -0.102)
(0.1446262424 -0.0835 -0.034)
(0.1446262424 -0.0835 0.034)
(0.1446262424 -0.0835 0.102)
(0.1446262424 -0.0835 0.17)
(0.1446262424 -0.0835 0.238)
(0.1446262424 -0.0835 0.306)
(0.1446262424 -0.0835 0.374)
(0.1446262424 -0.0835 0.442)
(0.1446262424 0.0835 -0.51)
(0.1446262424 0.0835 -0.442)
(0.1446262424 0.0835 -0.374)
(0.1446262424 0.0835 -0.306)
(0.1446262424 0.0835 -0.238)
(0.1446262424 0.0835 -0.17)
(0.1446262424 0.0835 -0.102)
(0.1446262424 0.0835 -0.034)
(0.1446262424 0.0835 0.034)
(0.1446262424 0.0835 0.102)
(0.1446262424 0.0835 0.17)
(0.1446262424 0.0835 0.238)
(0.1446262424 0.0835 0.306)
(0.1446262424 0.0835 0.374)
(0.1446262424 0.0835 0.442)
(-1.349844929 -0.501 -0.51)
(-1.253427434 -0.501 -0.51)
(-1.301636182 -0.4175 -0.51)
(-1.349844929 -0.501 -0.442)
(-1.253427434 -0.501 -0.442)
(-1.301636182 -0.4175 -0.442)
(-1.349844929 -0.501 -0.374)
(-1.253427434 -0.501 -0.374)
(-1.301636182 -0.4175 -0.374)
(-1.349844929 -0.501 -0.306)
(-1.253427434 -0.501 -0.306)
(-1.301636182 -0.4175 -0.306)
(-1.349844929 -0.501 -0.238)
(-1.253427434 -0.501 -0.238)
(-1.301636182 -0.4175 -0.238)
(-1.349844929 -0.501 -0.17)
(-1.253427434 -0.501 -0.17)
(-1.301636182 -0.4175 -0.17)
(-1.349844929 -0.501 -0.102)
(-1.253427434 -0.501 -0.102)
(-1.301636182 -0.4175 -0.102)
(-1.349844929 -0.501 -0.034)
(-1.253427434 -0.501 -0.034)
(-1.301636182 -0.4175 -0.034)
(-1.349844929 -0.501 0.034)
(-1.253427434 -0.501 0.034)
(-1.301636182 -0.4175 0.034)
(-1.349844929 -0.501 0.102)
(-1.253427434 -0.501 0.102)
(-1.301636182 -0.4175 0.102)
(-1.349844929 -0.501 0.17)
(-1.253427434 -0.501 0.17)
(-1.301636182 -0.4175 0.17)
(-1.349844929 -0.501 0.238)
(-1.253427434 -0.501 0.238)
(-1.301636182 -0.4175 0.238)
(-1.349844929 -0.501 0.306)
(-1.253427434 -0.501 0.306)
(-1.301636182 -0.4175 0.306)
(-1.349844929 -0.501 0.374)
(-1.253427434 -0.501 0.374)
(-1.301636182 -0.4175 0.374)
(-1.349844929 -0.501 0.442)
(-1.253427434 -0.501 0.442)
(-1.301636182 -0.4175 0.442)
(-1.205218687 -0.4175 -0.51)
(-1.205218687 -0.4175 -0.442)
(-1.205218687 -0.4175 -0.374)
(-1.205218687 -0.4175 -0.306)
(-1.205218687 -0.4175 -0.238)
(-1.205218687 -0.4175 -0.17)
(-1.205218687 -0.4175 -0.102)
(-1.205218687 -0.4175 -0.034)
(-1.205218687 -0.4175 0.034)
(-1.205218687 -0.4175 0.102)
(-1.205218687 -0.4175 0.17)
(-1.205218687 -0.4175 0.238)
(-1.205218687 -0.4175 0.306)
(-1.205218687 -0.4175 0.374)
(-1.205218687 -0.4175 0.442)
(-1.398053677 -0.4175 -0.51)
(-1.398053677 -0.4175 -0.442)
(-1.398053677 -0.4175 -0.374)
(-1.398053677 -0.4175 -0.306)
(-1.398053677 -0.4175 -0.238)
(-1.398053677 -0.4175 -0.17)
(-1.398053677 -0.4175 -0.102)
(-1.398053677 -0.4175 -0.034)
(-1.398053677 -0.4175 0.034)
(-1.398053677 -0.4175 0.102)
(-1.398053677 -0.4175 0.17)
(-1.398053677 -0.4175 0.238)
(-1.398053677 -0.4175 0.306)
(-1.398053677 -0.4175 0.374)
(-1.398053677 -0.4175 0.442)
(-1.349844929 -0.334 -0.51)
(-1.253427434 -0.334 -0.51)
(-1.349844929 -0.334 -0.442)
(-1.253427434 -0.334 -0.442)
(-1.349844929 -0.334 -0.374)
(-1.253427434 -0.334 -0.374)
(-1.349844929 -0.334 -0.306)
(-1.253427434 -0.334 -0.306)
(-1.349844929 -0.334 -0.238)
(-1.253427434 -0.334 -0.238)
(-1.349844929 -0.334 -0.17)
(-1.253427434 -0.334 -0.17)
(-1.349844929 -0.334 -0.102)
(-1.253427434 -0.334 -0.102)
(-1.349844929 -0.334 -0.034)
(-1.253427434 -0.334 -0.034)
(-1.349844929 -0.334 0.034)
(-1.253427434 -0.334 0.034)
(-1.349844929 -0.334 0.102)
(-1.253427434 -0.334 0.102)
(-1.349844929 -0.334 0.17)
(-1.253427434 -0.334 0.17)
(-1.349844929 -0.334 0.238)
(-1.253427434 -0.334 0.238)
(-1.349844929 -0.334 0.306)
(-1.253427434 -0.334 0.306)
(-1.349844929 -0.334 0.374)
(-1.253427434 -0.334 0.374)
(-1.349844929 -0.334 0.442)
(-1.253427434 -0.334 0.442)
(-1.301636182 -0.2505 -0.51)
(-1.301636182 -0.2505 -0.442)
(-1.301636182 -0.2505 -0.374)
(-1.301636182 -0.2505 -0.306)
(-1.301636182 -0.2505 -0.238)
(-1.301636182 -0.2505 -0.17)
(-1.301636182 -0.2505 -0.102)
(-1.301636182 -0.2505 -0.034)
(-1.301636182 -0.2505 0.034)
(-1.301636182 -0.2505 0.102)
(-1.301636182 -0.2505 0.17)
(-1.301636182 -0.2505 0.238)
(-1.301636182 -0.2505 0.306)
(-1.301636182 -0.2505 0.374)
(-1.301636182 -0.2505 0.442)
(-1.205218687 -0.2505 -0.51)
(-1.205218687 -0.2505 -0.442)
(-1.205218687 -0.2505 -0.374)
(-1.205218687 -0.2505 -0.306)
(-1.205218687 -0.2505 -0.238)
(-1.205218687 -0.2505 -0.17)
(-1.205218687 -0.2505 -0.102)
(-1.205218687 -0.2505 -0.034)
(-1.205218687 -0.2505 0.034)
(-1.205218687 -0.2505 0.102)
(-1.205218687 -0.2505 0.17)
(-1.205218687 -0.2505 0.238)
(-1.205218687 -0.2505 0.306)
(-1.205218687 -0.2505 0.374)
(-1.205218687 -0.2505 0.442)
(-1.398053677 -0.2505 -0.51)
(-1.398053677 -0.2505 -0.442)
(-1.398053677 -0.2505 -0.374)
(-1.398053677 -0.2505 -0.306)
(-1.398053677 -0.2505 -0.238)
(-1.398053677 -0.2505 -0.17)
(-1.398053677 -0.2505 -0.102)
(-1.398053677 -0.2505 -0.034)
(-1.398053677 -0.2505 0.034)
(-1.398053677 -0.2505 0.102)
(-1.398053677 -0.2505 0.17)
(-1.398053677 -0.2505 0.238)
(-1.398053677 -0.2505 0.306)
(-1.398053677 -0.2505 0.374)
(-1.398053677 -0.2505 0.442)
(-1.349844929 -0.167 -0.51)
(-1.253427434 -0.167 -0.51)
(-1.349844929 -0.167 -0.442)
(-1.253427434 -0.167 -0.442)
(-1.349844929 -0.167 -0.374)
(-1.253427434 -0.167 -0.374)
(-1.349844929 -0.167 -0.306)
(-1.253427434 -0.167 -0.306)
(-1.349844929 -0.167 -0.238)
(-1.253427434 -0.167 -0.238)
(-1.349844929 -0.167 -0.17)
(-1.253427434 -0.167 -0.17)
(-1.349844929 -0.167 -0.102)
(-1.253427434 -0.167 -0.102)
(-1.349844929 -0.167 -0.034)
(-1.253427434 -0.167 -0.034)
(-1.349844929 -0.167 0.034)
(-1.253427434 -0.167 0.034)
(-1.349844929 -0.167 0.102)
(-1.253427434 -0.167 0.102)
(-1.349844929 -0.167 0.17)
(-1.253427434 -0.167 0.17)
(-1.349844929 -0.167 0.238)
(-1.253427434 -0.167 0.238)
(-1.349844929 -0.167 0.306)
(-1.253427434 -0.167 0.306)
(-1.349844929 -0.167 0.374)
(-1.253427434 -0.167 0.374)
(-1.349844929 -0.167 0.442)
(-1.253427434 -0.167 0.442)
(-1.301636182 -0.0835 -0.51)
(-1.301636182 -0.0835 -0.442)
(-1.301636182 -0.0835 -0.374)
(-1.301636182 -0.0835 -0.306)
(-1.301636182 -0.0835 -0.238)
(-1.301636182 -0.0835 -0.17)
(-1.301636182 -0.0835 -0.102)
(-1.301636182 -0.0835 -0.034)
(-1.301636182 -0.0835 0.034)
(-1.301636182 -0.0835 0.102)
(-1.301636182 -0.0835 0.17)
(-1.301636182 -0.0835 0.238)
(-1.301636182 -0.0835 0.306)
(-1.301636182 -0.0835 0.374)
(-1.301636182 -0.0835 0.442)
(-1.205218687 -0.0835 -0.51)
(-1.205218687 -0.0835 -0.442)
(-1.205218687 -0.0835 -0.374)
(-1.205218687 -0.0835 -0.306)
(-1.205218687 -0.0835 -0.238)
(-1.205218687 -0.0835 -0.17)
(-1.205218687 -0.0835 -0.102)
(-1.205218687 -0.0835 -0.034)
(-1.205218687 -0.0835 0.034)
(-1.205218687 -0.0835 0.102)
(-1.205218687 -0.0835 0.17)
(-1.205218687 -0.0835 0.238)
(-1.205218687 -0.0835 0.306)
(-1.205218687 -0.0835 0.374)
(-1.205218687 -0.0835 0.442)
(-1.398053677 -0.0835 -0.51)
(-1.398053677 -0.0835 -0.442)
(-1.398053677 -0.0835 -0.374)
(-1.398053677 -0.0835 -0.306)
(-1.398053677 -0.0835 -0.238)
(-1.398053677 -0.0835 -0.17)
(-1.398053677 -0.0835 -0.102)
(-1.398053677 -0.0835 -0.034)
(-1.398053677 -0.0835 0.034)
(-1.398053677 -0.0835 0.102)
(-1.398053677 -0.0835 0.17)
(-1.398053677 -0.0835 0.238)
(-1.398053677 -0.0835 0.306)
(-1.398053677 -0.0835 0.374)
(-1.398053677 -0.0835 0.442)
(-1.349844929 -1.387778781e-17 -0.51)
(-1.253427434 -1.387778781e-17 -0.51)
(-1.349844929 -1.387778781e-17 -0.442)
(-1.253427434 -1.387778781e-17 -0.442)
(-1.349844929 -1.387778781e-17 -0.374)
(-1.253427434 -1.387778781e-17 -0.374)
(-1.349844929 -1.387778781e-17 -0.306)
(-1.253427434 -1.387778781e-17 -0.306)
(-1.349844929 -1.387778781e-17 -0.238)
(-1.253427434 -1.387778781e-17 -0.238)
(-1.349844929 -1.387778781e-17 -0.17)
(-1.253427434 -1.387778781e-17 -0.17)
(-1.349844929 -1.387778781e-17 -0.102)
(-1.253427434 -1.387778781e-17 -0.102)
(-1.349844929 -1.387778781e-17 -0.034)
(-1.253427434 -1.387778781e-17 -0.034)
(-1.349844929 -1.387778781e-17 0.034)
(-1.253427434 -1.387778781e-17 0.034)
(-1.349844929 -1.387778781e-17 0.102)
(-1.253427434 -1.387778781e-17 0.102)
(-1.349844929 -1.387778781e-17 0.17)
(-1.253427434 -1.387778781e-17 0.17)
(-1.349844929 -1.387778781e-17 0.238)
(-1.253427434 -1.387778781e-17 0.238)
(-1.349844929 -1.387778781e-17 0.306)
(-1.253427434 -1.387778781e-17 0.306)
(-1.349844929 -1.387778781e-17 0.374)
(-1.253427434 -1.387778781e-17 0.374)
(-1.349844929 -1.387778781e-17 0.442)
(-1.253427434 -1.387778781e-17 0.442)
(-1.301636182 0.0835 -0.51)
(-1.301636182 0.0835 -0.442)
(-1.301636182 0.0835 -0.374)
(-1.301636182 0.0835 -0.306)
(-1.301636182 0.0835 -0.238)
(-1.301636182 0.0835 -0.17)
(-1.301636182 0.0835 -0.102)
(-1.301636182 0.0835 -0.034)
(-1.301636182 0.0835 0.034)
(-1.301636182 0.0835 0.102)
(-1.301636182 0.0835 0.17)
(-1.301636182 0.0835 0.238)
(-1.301636182 0.0835 0.306)
(-1.301636182 0.0835 0.374)
(-1.301636182 0.0835 0.442)
(-1.205218687 0.0835 -0.51)
(-1.205218687 0.0835 -0.442)
(-1.205218687 0.0835 -0.374)
(-1.205218687 0.0835 -0.306)
(-1.205218687 0.0835 -0.238)
(-1.205218687 0.0835 -0.17)
(-1.205218687 0.0835 -0.102)
(-1.205218687 0.0835 -0.034)
(-1.205218687 0.0835 0.034)
(-1.205218687 0.0835 0.102)
(-1.205218687 0.0835 0.17)
(-1.205218687 0.0835 0.238)
(-1.205218687 0.0835 0.306)
(-1.205218687 0.0835 0.374)
(-1.205218687 0.0835 0.442)
(-1.398053677 0.0835 -0.51)
(-1.398053677 0.0835 -0.442)
(-1.398053677 0.0835 -0.374)
(-1.398053677 0.0835 -0.306)
(-1.398053677 0.0835 -0.238)
(-1.398053677 0.0835 -0.17)
(-1.398053677 0.0835 -0.102)
(-1.398053677 0.0835 -0.034)
(-1.398053677 0.0835 0.034)
(-1.398053677 0.0835 0.102)
(-1.398053677 0.0835 0.17)
(-1.398053677 0.0835 0.238)
(-1.398053677 0.0835 0.306)
(-1.398053677 0.0835 0.374)
(-1.398053677 0.0835 0.442)
(-1.349844929 0.167 -0.51)
(-1.253427434 0.167 -0.51)
(-1.349844929 0.167 -0.442)
(-1.253427434 0.167 -0.442)
(-1.349844929 0.167 -0.374)
(-1.253427434 0.167 -0.374)
(-1.349844929 0.167 -0.306)
(-1.253427434 0.167 -0.306)
(-1.349844929 0.167 -0.238)
(-1.253427434 0.167 -0.238)
(-1.349844929 0.167 -0.17)
(-1.253427434 0.167 -0.17)
(-1.349844929 0.167 -0.102)
(-1.253427434 0.167 -0.102)
(-1.349844929 0.167 -0.034)
(-1.253427434 0.167 -0.034)
(-1.349844929 0.167 0.034)
(-1.253427434 0.167 0.034)
(-1.349844929 0.167 0.102)
(-1.253427434 0.167 0.102)
(-1.349844929 0.167 0.17)
(-1.253427434 0.167 0.17)
(-1.349844929 0.167 0.238)
(-1.253427434 0.167 0.238)
(-1.349844929 0.167 0.306)
(-1.253427434 0.167 0.306)
(-1.349844929 0.167 0.374)
(-1.253427434 0.167 0.374)
(-1.349844929 0.167 0.442)
(-1.253427434 0.167 0.442)
(-1.301636182 0.2505 -0.51)
(-1.301636182 0.2505 -0.442)
(-1.301636182 0.2505 -0.374)
(-1.301636182 0.2505 -0.306)
(-1.301636182 0.2505 -0.238)
(-1.301636182 0.2505 -0.17)
(-1.301636182 0.2505 -0.102)
(-1.301636182 0.2505 -0.034)
(-1.301636182 0.2505 0.034)
(-1.301636182 0.2505 0.102)
(-1.301636182 0.2505 0.17)
(-1.301636182 0.2505 0.238)
(-1.301636182 0.2505 0.306)
(-1.301636182 0.2505 0.374)
(-1.301636182 0.2505 0.442)
(-1.205218687 0.2505 -0.51)
(-1.205218687 0.2505 -0.442)
(-1.205218687 0.2505 -0.374)
(-1.205218687 0.2505 -0.306)
(-1.205218687 0.2505 -0.238)
(-1.205218687 0.2505 -0.17)
(-1.205218687 0.2505 -0.102)
(-1.205218687 0.2505 -0.034)
(-1.205218687 0.2505 0.034)
(-1.205218687 0.2505 0.102)
(-1.205218687 0.2505 0.17)
(-1.205218687 0.2505 0.238)
(-1.205218687 0.2505 0.306)
(-1.205218687 0.2505 0.374)
(-1.205218687 0.2505 0.442)
(-1.398053677 0.2505 -0.51)
(-1.398053677 0.2505 -0.442)
(-1.398053677 0.2505 -0.374)
(-1.398053677 0.2505 -0.306)
(-1.398053677 0.2505 -0.238)
(-1.398053677 0.2505 -0.17)
(-1.398053677 0.2505 -0.102)
(-1.398053677 0.2505 -0.034)
(-1.398053677 0.2505 0.034)
(-1.398053677 0.2505 0.102)
(-1.398053677 0.2505 0.17)
(-1.398053677 0.2505 0.238)
(-1.398053677 0.2505 0.306)
(-1.398053677 0.2505 0.374)
(-1.398053677 0.2505 0.442)
(-1.349844929 0.334 -0.51)
(-1.253427434 0.334 -0.51)
(-1.349844929 0.334 -0.442)
(-1.253427434 0.334 -0.442)
(-1.349844929 0.334 -0.374)
(-1.253427434 0.334 -0.374)
(-1.349844929 0.334 -0.306)
(-1.253427434 0.334 -0.306)
(-1.349844929 0.334 -0.238)
(-1.253427434 0.334 -0.238)
(-1.349844929 0.334 -0.17)
(-1.253427434 0.334 -0.17)
(-1.349844929 0.334 -0.102)
(-1.253427434 0.334 -0.102)
(-1.349844929 0.334 -0.034)
(-1.253427434 0.334 -0.034)
(-1.349844929 0.334 0.034)
(-1.253427434 0.334 0.034)
(-1.349844929 0.334 0.102)
(-1.253427434 0.334 0.102)
(-1.349844929 0.334 0.17)
(-1.253427434 0.334 0.17)
(-1.349844929 0.334 0.238)
(-1.253427434 0.334 0.238)
(-1.349844929 0.334 0.306)
(-1.253427434 0.334 0.306)
(-1.349844929 0.334 0.374)
(-1.253427434 0.334 0.374)
(-1.349844929 0.334 0.442)
(-1.253427434 0.334 0.442)
(-1.301636182 0.4175 -0.51)
(-1.301636182 0.4175 -0.442)
(-1.301636182 0.4175 -0.374)
(-1.301636182 0.4175 -0.306)
(-1.301636182 0.4175 -0.238)
(-1.301636182 0.4175 -0.17)
(-1.301636182 0.4175 -0.102)
(-1.301636182 0.4175 -0.034)
(-1.301636182 0.4175 0.034)
(-1.301636182 0.4175 0.102)
(-1.301636182 0.4175 0.17)
(-1.301636182 0.4175 0.238)
(-1.301636182 0.4175 0.306)
(-1.301636182 0.4175 0.374)
(-1.301636182 0.4175 0.442)
(-1.205218687 0.4175 -0.51)
(-1.205218687 0.4175 -0.442)
(-1.205218687 0.4175 -0.374)
(-1.205218687 0.4175 -0.306)
(-1.205218687 0.4175 -0.238)
(-1.205218687 0.4175 -0.17)
(-1.205218687 0.4175 -0.102)
(-1.205218687 0.4175 -0.034)
(-1.205218687 0.4175 0.034)
(-1.205218687 0.4175 0.102)
(-1.205218687 0.4175 0.17)
(-1.205218687 0.4175 0.238)
(-1.205218687 0.4175 0.306)
(-1.205218687 0.4175 0.374)
(-1.205218687 0.4175 0.442)
(-1.398053677 0.4175 -0.51)
(-1.398053677 0.4175 -0.442)
(-1.398053677 0.4175 -0.374)
(-1.398053677 0.4175 -0.306)
(-1.398053677 0.4175 -0.238)
(-1.398053677 0.4175 -0.17)
(-1.398053677 0.4175 -0.102)
(-1.398053677 0.4175 -0.034)
(-1.398053677 0.4175 0.034)
(-1.398053677 0.4175 0.102)
(-1.398053677 0.4175 0.17)
(-1.398053677 0.4175 0.238)
(-1.398053677 0.4175 0.306)
(-1.398053677 0.4175 0.374)
(-1.398053677 0.4175 0.442)
(-1.349844929 0.501 -0.51)
(-1.253427434 0.501 -0.51)
(-1.349844929 0.501 -0.442)
(-1.253427434 0.501 -0.442)
(-1.349844929 0.501 -0.374)
(-1.253427434 0.501 -0.374)
(-1.349844929 0.501 -0.306)
(-1.253427434 0.501 -0.306)
(-1.349844929 0.501 -0.238)
(-1.253427434 0.501 -0.238)
(-1.349844929 0.501 -0.17)
(-1.253427434 0.501 -0.17)
(-1.349844929 0.501 -0.102)
(-1.253427434 0.501 -0.102)
(-1.349844929 0.501 -0.034)
(-1.253427434 0.501 -0.034)
(-1.349844929 0.501 0.034)
(-1.253427434 0.501 0.034)
(-1.349844929 0.501 0.102)
(-1.253427434 0.501 0.102)
(-1.349844929 0.501 0.17)
(-1.253427434 0.501 0.17)
(-1.349844929 0.501 0.238)
(-1.253427434 0.501 0.238)
(-1.349844929 0.501 0.306)
(-1.253427434 0.501 0.306)
(-1.349844929 0.501 0.374)
(-1.253427434 0.501 0.374)
(-1.349844929 0.501 0.442)
(-1.253427434 0.501 0.442)
(-1.205218687 -0.7515 -0.51)
(-1.108801192 -0.7515 -0.51)
(-1.157009939 -0.668 -0.51)
(-1.205218687 -0.7515 -0.442)
(-1.108801192 -0.7515 -0.442)
(-1.157009939 -0.668 -0.442)
(-1.205218687 -0.7515 -0.374)
(-1.108801192 -0.7515 -0.374)
(-1.157009939 -0.668 -0.374)
(-1.205218687 -0.7515 -0.306)
(-1.108801192 -0.7515 -0.306)
(-1.157009939 -0.668 -0.306)
(-1.205218687 -0.7515 -0.238)
(-1.108801192 -0.7515 -0.238)
(-1.157009939 -0.668 -0.238)
(-1.205218687 -0.7515 -0.17)
(-1.108801192 -0.7515 -0.17)
(-1.157009939 -0.668 -0.17)
(-1.205218687 -0.7515 -0.102)
(-1.108801192 -0.7515 -0.102)
(-1.157009939 -0.668 -0.102)
(-1.205218687 -0.7515 -0.034)
(-1.108801192 -0.7515 -0.034)
(-1.157009939 -0.668 -0.034)
(-1.205218687 -0.7515 0.034)
(-1.108801192 -0.7515 0.034)
(-1.157009939 -0.668 0.034)
(-1.205218687 -0.7515 0.102)
(-1.108801192 -0.7515 0.102)
(-1.157009939 -0.668 0.102)
(-1.205218687 -0.7515 0.17)
(-1.108801192 -0.7515 0.17)
(-1.157009939 -0.668 0.17)
(-1.205218687 -0.7515 0.238)
(-1.108801192 -0.7515 0.238)
(-1.157009939 -0.668 0.238)
(-1.205218687 -0.7515 0.306)
(-1.108801192 -0.7515 0.306)
(-1.157009939 -0.668 0.306)
(-1.205218687 -0.7515 0.374)
(-1.108801192 -0.7515 0.374)
(-1.157009939 -0.668 0.374)
(-1.205218687 -0.7515 0.442)
(-1.108801192 -0.7515 0.442)
(-1.157009939 -0.668 0.442)
(-1.060592445 -0.668 -0.51)
(-1.060592445 -0.668 -0.442)
(-1.060592445 -0.668 -0.374)
(-1.060592445 -0.668 -0.306)
(-1.060592445 -0.668 -0.238)
(-1.060592445 -0.668 -0.17)
(-1.060592445 -0.668 -0.102)
(-1.060592445 -0.668 -0.034)
(-1.060592445 -0.668 0.034)
(-1.060592445 -0.668 0.102)
(-1.060592445 -0.668 0.17)
(-1.060592445 -0.668 0.238)
(-1.060592445 -0.668 0.306)
(-1.060592445 -0.668 0.374)
(-1.060592445 -0.668 0.442)
(-1.253427434 -0.668 -0.51)
(-1.253427434 -0.668 -0.442)
(-1.253427434 -0.668 -0.374)
(-1.253427434 -0.668 -0.306)
(-1.253427434 -0.668 -0.238)
(-1.253427434 -0.668 -0.17)
(-1.253427434 -0.668 -0.102)
(-1.253427434 -0.668 -0.034)
(-1.253427434 -0.668 0.034)
(-1.253427434 -0.668 0.102)
(-1.253427434 -0.668 0.17)
(-1.253427434 -0.668 0.238)
(-1.253427434 -0.668 0.306)
(-1.253427434 -0.668 0.374)
(-1.253427434 -0.668 0.442)
(-1.205218687 -0.5845 -0.51)
(-1.108801192 -0.5845 -0.51)
(-1.205218687 -0.5845 -0.442)
(-1.108801192 -0.5845 -0.442)
(-1.205218687 -0.5845 -0.374)
(-1.108801192 -0.5845 -0.374)
(-1.205218687 -0.5845 -0.306)
(-1.108801192 -0.5845 -0.306)
(-1.205218687 -0.5845 -0.238)
(-1.108801192 -0.5845 -0.238)
(-1.205218687 -0.5845 -0.17)
(-1.108801192 -0.5845 -0.17)
(-1.205218687 -0.5845 -0.102)
(-1.108801192 -0.5845 -0.102)
(-1.205218687 -0.5845 -0.034)
(-1.108801192 -0.5845 -0.034)
(-1.205218687 -0.5845 0.034)
(-1.108801192 -0.5845 0.034)
(-1.205218687 -0.5845 0.102)
(-1.108801192 -0.5845 0.102)
(-1.205218687 -0.5845 0.17)
(-1.108801192 -0.5845 0.17)
(-1.205218687 -0.5845 0.238)
(-1.108801192 -0.5845 0.238)
(-1.205218687 -0.5845 0.306)
(-1.108801192 -0.5845 0.306)
(-1.205218687 -0.5845 0.374)
(-1.108801192 -0.5845 0.374)
(-1.205218687 -0.5845 0.442)
(-1.108801192 -0.5845 0.442)
(-1.157009939 -0.501 -0.51)
(-1.157009939 -0.501 -0.442)
(-1.157009939 -0.501 -0.374)
(-1.157009939 -0.501 -0.306)
(-1.157009939 -0.501 -0.238)
(-1.157009939 -0.501 -0.17)
(-1.157009939 -0.501 -0.102)
(-1.157009939 -0.501 -0.034)
(-1.157009939 -0.501 0.034)
(-1.157009939 -0.501 0.102)
(-1.157009939 -0.501 0.17)
(-1.157009939 -0.501 0.238)
(-1.157009939 -0.501 0.306)
(-1.157009939 -0.501 0.374)
(-1.157009939 -0.501 0.442)
(-1.060592445 -0.501 -0.51)
(-1.060592445 -0.501 -0.442)
(-1.060592445 -0.501 -0.374)
(-1.060592445 -0.501 -0.306)
(-1.060592445 -0.501 -0.238)
(-1.060592445 -0.501 -0.17)
(-1.060592445 -0.501 -0.102)
(-1.060592445 -0.501 -0.034)
(-1.060592445 -0.501 0.034)
(-1.060592445 -0.501 0.102)
(-1.060592445 -0.501 0.17)
(-1.060592445 -0.501 0.238)
(-1.060592445 -0.501 0.306)
(-1.060592445 -0.501 0.374)
(-1.060592445 -0.501 0.442)
(-1.108801192 -0.4175 -0.51)
(-1.108801192 -0.4175 -0.442)
(-1.108801192 -0.4175 -0.374)
(-1.108801192 -0.4175 -0.306)
(-1.108801192 -0.4175 -0.238)
(-1.108801192 -0.4175 -0.17)
(-1.108801192 -0.4175 -0.102)
(-1.108801192 -0.4175 -0.034)
(-1.108801192 -0.4175 0.034)
(-1.108801192 -0.4175 0.102)
(-1.108801192 -0.4175 0.17)
(-1.108801192 -0.4175 0.238)
(-1.108801192 -0.4175 0.306)
(-1.108801192 -0.4175 0.374)
(-1.108801192 -0.4175 0.442)
(-1.157009939 -0.334 -0.51)
(-1.157009939 -0.334 -0.442)
(-1.157009939 -0.334 -0.374)
(-1.157009939 -0.334 -0.306)
(-1.157009939 -0.334 -0.238)
(-1.157009939 -0.334 -0.17)
(-1.157009939 -0.334 -0.102)
(-1.157009939 -0.334 -0.034)
(-1.157009939 -0.334 0.034)
(-1.157009939 -0.334 0.102)
(-1.157009939 -0.334 0.17)
(-1.157009939 -0.334 0.238)
(-1.157009939 -0.334 0.306)
(-1.157009939 -0.334 0.374)
(-1.157009939 -0.334 0.442)
(-1.157009939 -0.167 -0.51)
(-1.157009939 -0.167 -0.442)
(-1.157009939 -0.167 -0.374)
(-1.157009939 -0.167 -0.306)
(-1.157009939 -0.167 -0.238)
(-1.157009939 -0.167 -0.17)
(-1.157009939 -0.167 -0.102)
(-1.157009939 -0.167 -0.034)
(-1.157009939 -0.167 0.034)
(-1.157009939 -0.167 0.102)
(-1.157009939 -0.167 0.17)
(-1.157009939 -0.167 0.238)
(-1.157009939 -0.167 0.306)
(-1.157009939 -0.167 0.374)
(-1.157009939 -0.167 0.442)
(-1.157009939 0 -0.51)
(-1.157009939 0 -0.442)
(-1.157009939 0 -0.374)
(-1.157009939 0 -0.306)
(-1.157009939 0 -0.238)
(-1.157009939 0 -0.17)
(-1.157009939 0 -0.102)
(-1.157009939 0 -0.034)
(-1.157009939 0 0.034)
(-1.157009939 0 0.102)
(-1.157009939 0 0.17)
(-1.157009939 0 0.238)
(-1.157009939 0 0.306)
(-1.157009939 0 0.374)
(-1.157009939 0 0.442)
(-1.157009939 0.167 -0.51)
(-1.157009939 0.167 -0.442)
(-1.157009939 0.167 -0.374)
(-1.157009939 0.167 -0.306)
(-1.157009939 0.167 -0.238)
(-1.157009939 0.167 -0.17)
(-1.157009939 0.167 -0.102)
(-1.157009939 0.167 -0.034)
(-1.157009939 0.167 0.034)
(-1.157009939 0.167 0.102)
(-1.157009939 0.167 0.17)
(-1.157009939 0.167 0.238)
(-1.157009939 0.167 0.306)
(-1.157009939 0.167 0.374)
(-1.157009939 0.167 0.442)
(-1.157009939 0.334 -0.51)
(-1.157009939 0.334 -0.442)
(-1.157009939 0.334 -0.374)
(-1.157009939 0.334 -0.306)
(-1.157009939 0.334 -0.238)
(-1.157009939 0.334 -0.17)
(-1.157009939 0.334 -0.102)
(-1.157009939 0.334 -0.034)
(-1.157009939 0.334 0.034)
(-1.157009939 0.334 0.102)
(-1.157009939 0.334 0.17)
(-1.157009939 0.334 0.238)
(-1.157009939 0.334 0.306)
(-1.157009939 0.334 0.374)
(-1.157009939 0.334 0.442)
(-1.108801192 0.4175 -0.51)
(-1.108801192 0.4175 -0.442)
(-1.108801192 0.4175 -0.374)
(-1.108801192 0.4175 -0.306)
(-1.108801192 0.4175 -0.238)
(-1.108801192 0.4175 -0.17)
(-1.108801192 0.4175 -0.102)
(-1.108801192 0.4175 -0.034)
(-1.108801192 0.4175 0.034)
(-1.108801192 0.4175 0.102)
(-1.108801192 0.4175 0.17)
(-1.108801192 0.4175 0.238)
(-1.108801192 0.4175 0.306)
(-1.108801192 0.4175 0.374)
(-1.108801192 0.4175 0.442)
(-1.157009939 0.501 -0.51)
(-1.157009939 0.501 -0.442)
(-1.157009939 0.501 -0.374)
(-1.157009939 0.501 -0.306)
(-1.157009939 0.501 -0.238)
(-1.157009939 0.501 -0.17)
(-1.157009939 0.501 -0.102)
(-1.157009939 0.501 -0.034)
(-1.157009939 0.501 0.034)
(-1.157009939 0.501 0.102)
(-1.157009939 0.501 0.17)
(-1.157009939 0.501 0.238)
(-1.157009939 0.501 0.306)
(-1.157009939 0.501 0.374)
(-1.157009939 0.501 0.442)
(-1.060592445 0.501 -0.51)
(-1.060592445 0.501 -0.442)
(-1.060592445 0.501 -0.374)
(-1.060592445 0.501 -0.306)
(-1.060592445 0.501 -0.238)
(-1.060592445 0.501 -0.17)
(-1.060592445 0.501 -0.102)
(-1.060592445 0.501 -0.034)
(-1.060592445 0.501 0.034)
(-1.060592445 0.501 0.102)
(-1.060592445 0.501 0.17)
(-1.060592445 0.501 0.238)
(-1.060592445 0.501 0.306)
(-1.060592445 0.501 0.374)
(-1.060592445 0.501 0.442)
(-1.205218687 0.5845 -0.51)
(-1.108801192 0.5845 -0.51)
(-1.205218687 0.5845 -0.442)
(-1.108801192 0.5845 -0.442)
(-1.205218687 0.5845 -0.374)
(-1.108801192 0.5845 -0.374)
(-1.205218687 0.5845 -0.306)
(-1.108801192 0.5845 -0.306)
(-1.205218687 0.5845 -0.238)
(-1.108801192 0.5845 -0.238)
(-1.205218687 0.5845 -0.17)
(-1.108801192 0.5845 -0.17)
(-1.205218687 0.5845 -0.102)
(-1.108801192 0.5845 -0.102)
(-1.205218687 0.5845 -0.034)
(-1.108801192 0.5845 -0.034)
(-1.205218687 0.5845 0.034)
(-1.108801192 0.5845 0.034)
(-1.205218687 0.5845 0.102)
(-1.108801192 0.5845 0.102)
(-1.205218687 0.5845 0.17)
(-1.108801192 0.5845 0.17)
(-1.205218687 0.5845 0.238)
(-1.108801192 0.5845 0.238)
(-1.205218687 0.5845 0.306)
(-1.108801192 0.5845 0.306)
(-1.205218687 0.5845 0.374)
(-1.108801192 0.5845 0.374)
(-1.205218687 0.5845 0.442)
(-1.108801192 0.5845 0.442)
(-1.157009939 0.668 -0.51)
(-1.157009939 0.668 -0.442)
(-1.157009939 0.668 -0.374)
(-1.157009939 0.668 -0.306)
(-1.157009939 0.668 -0.238)
(-1.157009939 0.668 -0.17)
(-1.157009939 0.668 -0.102)
(-1.157009939 0.668 -0.034)
(-1.157009939 0.668 0.034)
(-1.157009939 0.668 0.102)
(-1.157009939 0.668 0.17)
(-1.157009939 0.668 0.238)
(-1.157009939 0.668 0.306)
(-1.157009939 0.668 0.374)
(-1.157009939 0.668 0.442)
(-1.060592445 0.668 -0.51)
(-1.060592445 0.668 -0.442)
(-1.060592445 0.668 -0.374)
(-1.060592445 0.668 -0.306)
(-1.060592445 0.668 -0.238)
(-1.060592445 0.668 -0.17)
(-1.060592445 0.668 -0.102)
(-1.060592445 0.668 -0.034)
(-1.060592445 0.668 0.034)
(-1.060592445 0.668 0.102)
(-1.060592445 0.668 0.17)
(-1.060592445 0.668 0.238)
(-1.060592445 0.668 0.306)
(-1.060592445 0.668 0.374)
(-1.060592445 0.668 0.442)
(-1.253427434 0.668 -0.51)
(-1.253427434 0.668 -0.442)
(-1.253427434 0.668 -0.374)
(-1.253427434 0.668 -0.306)
(-1.253427434 0.668 -0.238)
(-1.253427434 0.668 -0.17)
(-1.253427434 0.668 -0.102)
(-1.253427434 0.668 -0.034)
(-1.253427434 0.668 0.034)
(-1.253427434 0.668 0.102)
(-1.253427434 0.668 0.17)
(-1.253427434 0.668 0.238)
(-1.253427434 0.668 0.306)
(-1.253427434 0.668 0.374)
(-1.253427434 0.668 0.442)
(-1.205218687 0.7515 -0.51)
(-1.108801192 0.7515 -0.51)
(-1.205218687 0.7515 -0.442)
(-1.108801192 0.7515 -0.442)
(-1.205218687 0.7515 -0.374)
(-1.108801192 0.7515 -0.374)
(-1.205218687 0.7515 -0.306)
(-1.108801192 0.7515 -0.306)
(-1.205218687 0.7515 -0.238)
(-1.108801192 0.7515 -0.238)
(-1.205218687 0.7515 -0.17)
(-1.108801192 0.7515 -0.17)
(-1.205218687 0.7515 -0.102)
(-1.108801192 0.7515 -0.102)
(-1.205218687 0.7515 -0.034)
(-1.108801192 0.7515 -0.034)
(-1.205218687 0.7515 0.034)
(-1.108801192 0.7515 0.034)
(-1.205218687 0.7515 0.102)
(-1.108801192 0.7515 0.102)
(-1.205218687 0.7515 0.17)
(-1.108801192 0.7515 0.17)
(-1.205218687 0.7515 0.238)
(-1.108801192 0.7515 0.238)
(-1.205218687 0.7515 0.306)
(-1.108801192 0.7515 0.306)
(-1.205218687 0.7515 0.374)
(-1.108801192 0.7515 0.374)
(-1.205218687 0.7515 0.442)
(-1.108801192 0.7515 0.442)
(-1.060592445 -1.002 -0.51)
(-0.9641749495 -1.002 -0.51)
(-1.012383697 -0.9185 -0.51)
(-1.060592445 -1.002 -0.442)
(-0.9641749495 -1.002 -0.442)
(-1.012383697 -0.9185 -0.442)
(-1.060592445 -1.002 -0.374)
(-0.9641749495 -1.002 -0.374)
(-1.012383697 -0.9185 -0.374)
(-1.060592445 -1.002 -0.306)
(-0.9641749495 -1.002 -0.306)
(-1.012383697 -0.9185 -0.306)
(-1.060592445 -1.002 -0.238)
(-0.9641749495 -1.002 -0.238)
(-1.012383697 -0.9185 -0.238)
(-1.060592445 -1.002 -0.17)
(-0.9641749495 -1.002 -0.17)
(-1.012383697 -0.9185 -0.17)
(-1.060592445 -1.002 -0.102)
(-0.9641749495 -1.002 -0.102)
(-1.012383697 -0.9185 -0.102)
(-1.060592445 -1.002 -0.034)
(-0.9641749495 -1.002 -0.034)
(-1.012383697 -0.9185 -0.034)
(-1.060592445 -1.002 0.034)
(-0.9641749495 -1.002 0.034)
(-1.012383697 -0.9185 0.034)
(-1.060592445 -1.002 0.102)
(-0.9641749495 -1.002 0.102)
(-1.012383697 -0.9185 0.102)
(-1.060592445 -1.002 0.17)
(-0.9641749495 -1.002 0.17)
(-1.012383697 -0.9185 0.17)
(-1.060592445 -1.002 0.238)
(-0.9641749495 -1.002 0.238)
(-1.012383697 -0.9185 0.238)
(-1.060592445 -1.002 0.306)
(-0.9641749495 -1.002 0.306)
(-1.012383697 -0.9185 0.306)
(-1.060592445 -1.002 0.374)
(-0.9641749495 -1.002 0.374)
(-1.012383697 -0.9185 0.374)
(-1.060592445 -1.002 0.442)
(-0.9641749495 -1.002 0.442)
(-1.012383697 -0.9185 0.442)
(-0.9159662021 -0.9185 -0.51)
(-0.9159662021 -0.9185 -0.442)
(-0.9159662021 -0.9185 -0.374)
(-0.9159662021 -0.9185 -0.306)
(-0.9159662021 -0.9185 -0.238)
(-0.9159662021 -0.9185 -0.17)
(-0.9159662021 -0.9185 -0.102)
(-0.9159662021 -0.9185 -0.034)
(-0.9159662021 -0.9185 0.034)
(-0.9159662021 -0.9185 0.102)
(-0.9159662021 -0.9185 0.17)
(-0.9159662021 -0.9185 0.238)
(-0.9159662021 -0.9185 0.306)
(-0.9159662021 -0.9185 0.374)
(-0.9159662021 -0.9185 0.442)
(-1.108801192 -0.9185 -0.51)
(-1.108801192 -0.9185 -0.442)
(-1.108801192 -0.9185 -0.374)
(-1.108801192 -0.9185 -0.306)
(-1.108801192 -0.9185 -0.238)
(-1.108801192 -0.9185 -0.17)
(-1.108801192 -0.9185 -0.102)
(-1.108801192 -0.9185 -0.034)
(-1.108801192 -0.9185 0.034)
(-1.108801192 -0.9185 0.102)
(-1.108801192 -0.9185 0.17)
(-1.108801192 -0.9185 0.238)
(-1.108801192 -0.9185 0.306)
(-1.108801192 -0.9185 0.374)
(-1.108801192 -0.9185 0.442)
(-1.060592445 -0.835 -0.51)
(-0.9641749495 -0.835 -0.51)
(-1.060592445 -0.835 -0.442)
(-0.9641749495 -0.835 -0.442)
(-1.060592445 -0.835 -0.374)
(-0.9641749495 -0.835 -0.374)
(-1.060592445 -0.835 -0.306)
(-0.9641749495 -0.835 -0.306)
(-1.060592445 -0.835 -0.238)
(-0.9641749495 -0.835 -0.238)
(-1.060592445 -0.835 -0.17)
(-0.9641749495 -0.835 -0.17)
(-1.060592445 -0.835 -0.102)
(-0.9641749495 -0.835 -0.102)
(-1.060592445 -0.835 -0.034)
(-0.9641749495 -0.835 -0.034)
(-1.060592445 -0.835 0.034)
(-0.9641749495 -0.835 0.034)
(-1.060592445 -0.835 0.102)
(-0.9641749495 -0.835 0.102)
(-1.060592445 -0.835 0.17)
(-0.9641749495 -0.835 0.17)
(-1.060592445 -0.835 0.238)
(-0.9641749495 -0.835 0.238)
(-1.060592445 -0.835 0.306)
(-0.9641749495 -0.835 0.306)
(-1.060592445 -0.835 0.374)
(-0.9641749495 -0.835 0.374)
(-1.060592445 -0.835 0.442)
(-0.9641749495 -0.835 0.442)
(-1.012383697 -0.7515 -0.51)
(-1.012383697 -0.7515 -0.442)
(-1.012383697 -0.7515 -0.374)
(-1.012383697 -0.7515 -0.306)
(-1.012383697 -0.7515 -0.238)
(-1.012383697 -0.7515 -0.17)
(-1.012383697 -0.7515 -0.102)
(-1.012383697 -0.7515 -0.034)
(-1.012383697 -0.7515 0.034)
(-1.012383697 -0.7515 0.102)
(-1.012383697 -0.7515 0.17)
(-1.012383697 -0.7515 0.238)
(-1.012383697 -0.7515 0.306)
(-1.012383697 -0.7515 0.374)
(-1.012383697 -0.7515 0.442)
(-0.9159662021 -0.7515 -0.51)
(-0.9159662021 -0.7515 -0.442)
(-0.9159662021 -0.7515 -0.374)
(-0.9159662021 -0.7515 -0.306)
(-0.9159662021 -0.7515 -0.238)
(-0.9159662021 -0.7515 -0.17)
(-0.9159662021 -0.7515 -0.102)
(-0.9159662021 -0.7515 -0.034)
(-0.9159662021 -0.7515 0.034)
(-0.9159662021 -0.7515 0.102)
(-0.9159662021 -0.7515 0.17)
(-0.9159662021 -0.7515 0.238)
(-0.9159662021 -0.7515 0.306)
(-0.9159662021 -0.7515 0.374)
(-0.9159662021 -0.7515 0.442)
(-0.9641749495 -0.668 -0.51)
(-0.9641749495 -0.668 -0.442)
(-0.9641749495 -0.668 -0.374)
(-0.9641749495 -0.668 -0.306)
(-0.9641749495 -0.668 -0.238)
(-0.9641749495 -0.668 -0.17)
(-0.9641749495 -0.668 -0.102)
(-0.9641749495 -0.668 -0.034)
(-0.9641749495 -0.668 0.034)
(-0.9641749495 -0.668 0.102)
(-0.9641749495 -0.668 0.17)
(-0.9641749495 -0.668 0.238)
(-0.9641749495 -0.668 0.306)
(-0.9641749495 -0.668 0.374)
(-0.9641749495 -0.668 0.442)
(-1.012383697 -0.5845 -0.51)
(-1.012383697 -0.5845 -0.442)
(-1.012383697 -0.5845 -0.374)
(-1.012383697 -0.5845 -0.306)
(-1.012383697 -0.5845 -0.238)
(-1.012383697 -0.5845 -0.17)
(-1.012383697 -0.5845 -0.102)
(-1.012383697 -0.5845 -0.034)
(-1.012383697 -0.5845 0.034)
(-1.012383697 -0.5845 0.102)
(-1.012383697 -0.5845 0.17)
(-1.012383697 -0.5845 0.238)
(-1.012383697 -0.5845 0.306)
(-1.012383697 -0.5845 0.374)
(-1.012383697 -0.5845 0.442)
(-1.012383697 -0.4175 -0.51)
(-1.012383697 -0.4175 -0.442)
(-1.012383697 -0.4175 -0.374)
(-1.012383697 -0.4175 -0.306)
(-1.012383697 -0.4175 -0.238)
(-1.012383697 -0.4175 -0.17)
(-1.012383697 -0.4175 -0.102)
(-1.012383697 -0.4175 -0.034)
(-1.012383697 -0.4175 0.034)
(-1.012383697 -0.4175 0.102)
(-1.012383697 -0.4175 0.17)
(-1.012383697 -0.4175 0.238)
(-1.012383697 -0.4175 0.306)
(-1.012383697 -0.4175 0.374)
(-1.012383697 -0.4175 0.442)
(-1.012383697 0.4175 -0.51)
(-1.012383697 0.4175 -0.442)
(-1.012383697 0.4175 -0.374)
(-1.012383697 0.4175 -0.306)
(-1.012383697 0.4175 -0.238)
(-1.012383697 0.4175 -0.17)
(-1.012383697 0.4175 -0.102)
(-1.012383697 0.4175 -0.034)
(-1.012383697 0.4175 0.034)
(-1.012383697 0.4175 0.102)
(-1.012383697 0.4175 0.17)
(-1.012383697 0.4175 0.238)
(-1.012383697 0.4175 0.306)
(-1.012383697 0.4175 0.374)
(-1.012383697 0.4175 0.442)
(-1.012383697 0.5845 -0.51)
(-1.012383697 0.5845 -0.442)
(-1.012383697 0.5845 -0.374)
(-1.012383697 0.5845 -0.306)
(-1.012383697 0.5845 -0.238)
(-1.012383697 0.5845 -0.17)
(-1.012383697 0.5845 -0.102)
(-1.012383697 0.5845 -0.034)
(-1.012383697 0.5845 0.034)
(-1.012383697 0.5845 0.102)
(-1.012383697 0.5845 0.17)
(-1.012383697 0.5845 0.238)
(-1.012383697 0.5845 0.306)
(-1.012383697 0.5845 0.374)
(-1.012383697 0.5845 0.442)
(-0.9641749495 0.668 -0.51)
(-0.9641749495 0.668 -0.442)
(-0.9641749495 0.668 -0.374)
(-0.9641749495 0.668 -0.306)
(-0.9641749495 0.668 -0.238)
(-0.9641749495 0.668 -0.17)
(-0.9641749495 0.668 -0.102)
(-0.9641749495 0.668 -0.034)
(-0.9641749495 0.668 0.034)
(-0.9641749495 0.668 0.102)
(-0.9641749495 0.668 0.17)
(-0.9641749495 0.668 0.238)
(-0.9641749495 0.668 0.306)
(-0.9641749495 0.668 0.374)
(-0.9641749495 0.668 0.442)
(-1.012383697 0.7515 -0.51)
(-1.012383697 0.7515 -0.442)
(-1.012383697 0.7515 -0.374)
(-1.012383697 0.7515 -0.306)
(-1.012383697 0.7515 -0.238)
(-1.012383697 0.7515 -0.17)
(-1.012383697 0.7515 -0.102)
(-1.012383697 0.7515 -0.034)
(-1.012383697 0.7515 0.034)
(-1.012383697 0.7515 0.102)
(-1.012383697 0.7515 0.17)
(-1.012383697 0.7515 0.238)
(-1.012383697 0.7515 0.306)
(-1.012383697 0.7515 0.374)
(-1.012383697 0.7515 0.442)
(-0.9159662021 0.7515 -0.51)
(-0.9159662021 0.7515 -0.442)
(-0.9159662021 0.7515 -0.374)
(-0.9159662021 0.7515 -0.306)
(-0.9159662021 0.7515 -0.238)
(-0.9159662021 0.7515 -0.17)
(-0.9159662021 0.7515 -0.102)
(-0.9159662021 0.7515 -0.034)
(-0.9159662021 0.7515 0.034)
(-0.9159662021 0.7515 0.102)
(-0.9159662021 0.7515 0.17)
(-0.9159662021 0.7515 0.238)
(-0.9159662021 0.7515 0.306)
(-0.9159662021 0.7515 0.374)
(-0.9159662021 0.7515 0.442)
(-1.060592445 0.835 -0.51)
(-0.9641749495 0.835 -0.51)
(-1.060592445 0.835 -0.442)
(-0.9641749495 0.835 -0.442)
(-1.060592445 0.835 -0.374)
(-0.9641749495 0.835 -0.374)
(-1.060592445 0.835 -0.306)
(-0.9641749495 0.835 -0.306)
(-1.060592445 0.835 -0.238)
(-0.9641749495 0.835 -0.238)
(-1.060592445 0.835 -0.17)
(-0.9641749495 0.835 -0.17)
(-1.060592445 0.835 -0.102)
(-0.9641749495 0.835 -0.102)
(-1.060592445 0.835 -0.034)
(-0.9641749495 0.835 -0.034)
(-1.060592445 0.835 0.034)
(-0.9641749495 0.835 0.034)
(-1.060592445 0.835 0.102)
(-0.9641749495 0.835 0.102)
(-1.060592445 0.835 0.17)
(-0.9641749495 0.835 0.17)
(-1.060592445 0.835 0.238)
(-0.9641749495 0.835 0.238)
(-1.060592445 0.835 0.306)
(-0.9641749495 0.835 0.306)
(-1.060592445 0.835 0.374)
(-0.9641749495 0.835 0.374)
(-1.060592445 0.835 0.442)
(-0.9641749495 0.835 0.442)
(-1.012383697 0.9185 -0.51)
(-1.012383697 0.9185 -0.442)
(-1.012383697 0.9185 -0.374)
(-1.012383697 0.9185 -0.306)
(-1.012383697 0.9185 -0.238)
(-1.012383697 0.9185 -0.17)
(-1.012383697 0.9185 -0.102)
(-1.012383697 0.9185 -0.034)
(-1.012383697 0.9185 0.034)
(-1.012383697 0.9185 0.102)
(-1.012383697 0.9185 0.17)
(-1.012383697 0.9185 0.238)
(-1.012383697 0.9185 0.306)
(-1.012383697 0.9185 0.374)
(-1.012383697 0.9185 0.442)
(-0.9159662021 0.9185 -0.51)
(-0.9159662021 0.9185 -0.442)
(-0.9159662021 0.9185 -0.374)
(-0.9159662021 0.9185 -0.306)
(-0.9159662021 0.9185 -0.238)
(-0.9159662021 0.9185 -0.17)
(-0.9159662021 0.9185 -0.102)
(-0.9159662021 0.9185 -0.034)
(-0.9159662021 0.9185 0.034)
(-0.9159662021 0.9185 0.102)
(-0.9159662021 0.9185 0.17)
(-0.9159662021 0.9185 0.238)
(-0.9159662021 0.9185 0.306)
(-0.9159662021 0.9185 0.374)
(-0.9159662021 0.9185 0.442)
(-1.108801192 0.9185 -0.51)
(-1.108801192 0.9185 -0.442)
(-1.108801192 0.9185 -0.374)
(-1.108801192 0.9185 -0.306)
(-1.108801192 0.9185 -0.238)
(-1.108801192 0.9185 -0.17)
(-1.108801192 0.9185 -0.102)
(-1.108801192 0.9185 -0.034)
(-1.108801192 0.9185 0.034)
(-1.108801192 0.9185 0.102)
(-1.108801192 0.9185 0.17)
(-1.108801192 0.9185 0.238)
(-1.108801192 0.9185 0.306)
(-1.108801192 0.9185 0.374)
(-1.108801192 0.9185 0.442)
(-1.060592445 1.002 -0.51)
(-0.9641749495 1.002 -0.51)
(-1.060592445 1.002 -0.442)
(-0.9641749495 1.002 -0.442)
(-1.060592445 1.002 -0.374)
(-0.9641749495 1.002 -0.374)
(-1.060592445 1.002 -0.306)
(-0.9641749495 1.002 -0.306)
(-1.060592445 1.002 -0.238)
(-0.9641749495 1.002 -0.238)
(-1.060592445 1.002 -0.17)
(-0.9641749495 1.002 -0.17)
(-1.060592445 1.002 -0.102)
(-0.9641749495 1.002 -0.102)
(-1.060592445 1.002 -0.034)
(-0.9641749495 1.002 -0.034)
(-1.060592445 1.002 0.034)
(-0.9641749495 1.002 0.034)
(-1.060592445 1.002 0.102)
(-0.9641749495 1.002 0.102)
(-1.060592445 1.002 0.17)
(-0.9641749495 1.002 0.17)
(-1.060592445 1.002 0.238)
(-0.9641749495 1.002 0.238)
(-1.060592445 1.002 0.306)
(-0.9641749495 1.002 0.306)
(-1.060592445 1.002 0.374)
(-0.9641749495 1.002 0.374)
(-1.060592445 1.002 0.442)
(-0.9641749495 1.002 0.442)
(-0.9159662021 -1.0855 -0.51)
(-0.8195487071 -1.0855 -0.51)
(-0.8677574546 -1.002 -0.51)
(-0.9159662021 -1.0855 -0.442)
(-0.8195487071 -1.0855 -0.442)
(-0.8677574546 -1.002 -0.442)
(-0.9159662021 -1.0855 -0.374)
(-0.8195487071 -1.0855 -0.374)
(-0.8677574546 -1.002 -0.374)
(-0.9159662021 -1.0855 -0.306)
(-0.8195487071 -1.0855 -0.306)
(-0.8677574546 -1.002 -0.306)
(-0.9159662021 -1.0855 -0.238)
(-0.8195487071 -1.0855 -0.238)
(-0.8677574546 -1.002 -0.238)
(-0.9159662021 -1.0855 -0.17)
(-0.8195487071 -1.0855 -0.17)
(-0.8677574546 -1.002 -0.17)
(-0.9159662021 -1.0855 -0.102)
(-0.8195487071 -1.0855 -0.102)
(-0.8677574546 -1.002 -0.102)
(-0.9159662021 -1.0855 -0.034)
(-0.8195487071 -1.0855 -0.034)
(-0.8677574546 -1.002 -0.034)
(-0.9159662021 -1.0855 0.034)
(-0.8195487071 -1.0855 0.034)
(-0.8677574546 -1.002 0.034)
(-0.9159662021 -1.0855 0.102)
(-0.8195487071 -1.0855 0.102)
(-0.8677574546 -1.002 0.102)
(-0.9159662021 -1.0855 0.17)
(-0.8195487071 -1.0855 0.17)
(-0.8677574546 -1.002 0.17)
(-0.9159662021 -1.0855 0.238)
(-0.8195487071 -1.0855 0.238)
(-0.8677574546 -1.002 0.238)
(-0.9159662021 -1.0855 0.306)
(-0.8195487071 -1.0855 0.306)
(-0.8677574546 -1.002 0.306)
(-0.9159662021 -1.0855 0.374)
(-0.8195487071 -1.0855 0.374)
(-0.8677574546 -1.002 0.374)
(-0.9159662021 -1.0855 0.442)
(-0.8195487071 -1.0855 0.442)
(-0.8677574546 -1.002 0.442)
(-0.7713399596 -1.002 -0.51)
(-0.7713399596 -1.002 -0.442)
(-0.7713399596 -1.002 -0.374)
(-0.7713399596 -1.002 -0.306)
(-0.7713399596 -1.002 -0.238)
(-0.7713399596 -1.002 -0.17)
(-0.7713399596 -1.002 -0.102)
(-0.7713399596 -1.002 -0.034)
(-0.7713399596 -1.002 0.034)
(-0.7713399596 -1.002 0.102)
(-0.7713399596 -1.002 0.17)
(-0.7713399596 -1.002 0.238)
(-0.7713399596 -1.002 0.306)
(-0.7713399596 -1.002 0.374)
(-0.7713399596 -1.002 0.442)
(-0.8195487071 -0.9185 -0.51)
(-0.8195487071 -0.9185 -0.442)
(-0.8195487071 -0.9185 -0.374)
(-0.8195487071 -0.9185 -0.306)
(-0.8195487071 -0.9185 -0.238)
(-0.8195487071 -0.9185 -0.17)
(-0.8195487071 -0.9185 -0.102)
(-0.8195487071 -0.9185 -0.034)
(-0.8195487071 -0.9185 0.034)
(-0.8195487071 -0.9185 0.102)
(-0.8195487071 -0.9185 0.17)
(-0.8195487071 -0.9185 0.238)
(-0.8195487071 -0.9185 0.306)
(-0.8195487071 -0.9185 0.374)
(-0.8195487071 -0.9185 0.442)
(-0.8677574546 -0.835 -0.51)
(-0.8677574546 -0.835 -0.442)
(-0.8677574546 -0.835 -0.374)
(-0.8677574546 -0.835 -0.306)
(-0.8677574546 -0.835 -0.238)
(-0.8677574546 -0.835 -0.17)
(-0.8677574546 -0.835 -0.102)
(-0.8677574546 -0.835 -0.034)
(-0.8677574546 -0.835 0.034)
(-0.8677574546 -0.835 0.102)
(-0.8677574546 -0.835 0.17)
(-0.8677574546 -0.835 0.238)
(-0.8677574546 -0.835 0.306)
(-0.8677574546 -0.835 0.374)
(-0.8677574546 -0.835 0.442)
(-0.8677574546 -0.668 -0.51)
(-0.8677574546 -0.668 -0.442)
(-0.8677574546 -0.668 -0.374)
(-0.8677574546 -0.668 -0.306)
(-0.8677574546 -0.668 -0.238)
(-0.8677574546 -0.668 -0.17)
(-0.8677574546 -0.668 -0.102)
(-0.8677574546 -0.668 -0.034)
(-0.8677574546 -0.668 0.034)
(-0.8677574546 -0.668 0.102)
(-0.8677574546 -0.668 0.17)
(-0.8677574546 -0.668 0.238)
(-0.8677574546 -0.668 0.306)
(-0.8677574546 -0.668 0.374)
(-0.8677574546 -0.668 0.442)
(-0.8677574546 0.668 -0.51)
(-0.8677574546 0.668 -0.442)
(-0.8677574546 0.668 -0.374)
(-0.8677574546 0.668 -0.306)
(-0.8677574546 0.668 -0.238)
(-0.8677574546 0.668 -0.17)
(-0.8677574546 0.668 -0.102)
(-0.8677574546 0.668 -0.034)
(-0.8677574546 0.668 0.034)
(-0.8677574546 0.668 0.102)
(-0.8677574546 0.668 0.17)
(-0.8677574546 0.668 0.238)
(-0.8677574546 0.668 0.306)
(-0.8677574546 0.668 0.374)
(-0.8677574546 0.668 0.442)
(-0.8677574546 0.835 -0.51)
(-0.8677574546 0.835 -0.442)
(-0.8677574546 0.835 -0.374)
(-0.8677574546 0.835 -0.306)
(-0.8677574546 0.835 -0.238)
(-0.8677574546 0.835 -0.17)
(-0.8677574546 0.835 -0.102)
(-0.8677574546 0.835 -0.034)
(-0.8677574546 0.835 0.034)
(-0.8677574546 0.835 0.102)
(-0.8677574546 0.835 0.17)
(-0.8677574546 0.835 0.238)
(-0.8677574546 0.835 0.306)
(-0.8677574546 0.835 0.374)
(-0.8677574546 0.835 0.442)
(-0.8195487071 0.9185 -0.51)
(-0.8195487071 0.9185 -0.442)
(-0.8195487071 0.9185 -0.374)
(-0.8195487071 0.9185 -0.306)
(-0.8195487071 0.9185 -0.238)
(-0.8195487071 0.9185 -0.17)
(-0.8195487071 0.9185 -0.102)
(-0.8195487071 0.9185 -0.034)
(-0.8195487071 0.9185 0.034)
(-0.8195487071 0.9185 0.102)
(-0.8195487071 0.9185 0.17)
(-0.8195487071 0.9185 0.238)
(-0.8195487071 0.9185 0.306)
(-0.8195487071 0.9185 0.374)
(-0.8195487071 0.9185 0.442)
(-0.8677574546 1.002 -0.51)
(-0.8677574546 1.002 -0.442)
(-0.8677574546 1.002 -0.374)
(-0.8677574546 1.002 -0.306)
(-0.8677574546 1.002 -0.238)
(-0.8677574546 1.002 -0.17)
(-0.8677574546 1.002 -0.102)
(-0.8677574546 1.002 -0.034)
(-0.8677574546 1.002 0.034)
(-0.8677574546 1.002 0.102)
(-0.8677574546 1.002 0.17)
(-0.8677574546 1.002 0.238)
(-0.8677574546 1.002 0.306)
(-0.8677574546 1.002 0.374)
(-0.8677574546 1.002 0.442)
(-0.7713399596 1.002 -0.51)
(-0.7713399596 1.002 -0.442)
(-0.7713399596 1.002 -0.374)
(-0.7713399596 1.002 -0.306)
(-0.7713399596 1.002 -0.238)
(-0.7713399596 1.002 -0.17)
(-0.7713399596 1.002 -0.102)
(-0.7713399596 1.002 -0.034)
(-0.7713399596 1.002 0.034)
(-0.7713399596 1.002 0.102)
(-0.7713399596 1.002 0.17)
(-0.7713399596 1.002 0.238)
(-0.7713399596 1.002 0.306)
(-0.7713399596 1.002 0.374)
(-0.7713399596 1.002 0.442)
(-0.9159662021 1.0855 -0.51)
(-0.8195487071 1.0855 -0.51)
(-0.9159662021 1.0855 -0.442)
(-0.8195487071 1.0855 -0.442)
(-0.9159662021 1.0855 -0.374)
(-0.8195487071 1.0855 -0.374)
(-0.9159662021 1.0855 -0.306)
(-0.8195487071 1.0855 -0.306)
(-0.9159662021 1.0855 -0.238)
(-0.8195487071 1.0855 -0.238)
(-0.9159662021 1.0855 -0.17)
(-0.8195487071 1.0855 -0.17)
(-0.9159662021 1.0855 -0.102)
(-0.8195487071 1.0855 -0.102)
(-0.9159662021 1.0855 -0.034)
(-0.8195487071 1.0855 -0.034)
(-0.9159662021 1.0855 0.034)
(-0.8195487071 1.0855 0.034)
(-0.9159662021 1.0855 0.102)
(-0.8195487071 1.0855 0.102)
(-0.9159662021 1.0855 0.17)
(-0.8195487071 1.0855 0.17)
(-0.9159662021 1.0855 0.238)
(-0.8195487071 1.0855 0.238)
(-0.9159662021 1.0855 0.306)
(-0.8195487071 1.0855 0.306)
(-0.9159662021 1.0855 0.374)
(-0.8195487071 1.0855 0.374)
(-0.9159662021 1.0855 0.442)
(-0.8195487071 1.0855 0.442)
(-0.7713399596 -1.169 -0.51)
(-0.6749224647 -1.169 -0.51)
(-0.7231312122 -1.0855 -0.51)
(-0.7713399596 -1.169 -0.442)
(-0.6749224647 -1.169 -0.442)
(-0.7231312122 -1.0855 -0.442)
(-0.7713399596 -1.169 -0.374)
(-0.6749224647 -1.169 -0.374)
(-0.7231312122 -1.0855 -0.374)
(-0.7713399596 -1.169 -0.306)
(-0.6749224647 -1.169 -0.306)
(-0.7231312122 -1.0855 -0.306)
(-0.7713399596 -1.169 -0.238)
(-0.6749224647 -1.169 -0.238)
(-0.7231312122 -1.0855 -0.238)
(-0.7713399596 -1.169 -0.17)
(-0.6749224647 -1.169 -0.17)
(-0.7231312122 -1.0855 -0.17)
(-0.7713399596 -1.169 -0.102)
(-0.6749224647 -1.169 -0.102)
(-0.7231312122 -1.0855 -0.102)
(-0.7713399596 -1.169 -0.034)
(-0.6749224647 -1.169 -0.034)
(-0.7231312122 -1.0855 -0.034)
(-0.7713399596 -1.169 0.034)
(-0.6749224647 -1.169 0.034)
(-0.7231312122 -1.0855 0.034)
(-0.7713399596 -1.169 0.102)
(-0.6749224647 -1.169 0.102)
(-0.7231312122 -1.0855 0.102)
(-0.7713399596 -1.169 0.17)
(-0.6749224647 -1.169 0.17)
(-0.7231312122 -1.0855 0.17)
(-0.7713399596 -1.169 0.238)
(-0.6749224647 -1.169 0.238)
(-0.7231312122 -1.0855 0.238)
(-0.7713399596 -1.169 0.306)
(-0.6749224647 -1.169 0.306)
(-0.7231312122 -1.0855 0.306)
(-0.7713399596 -1.169 0.374)
(-0.6749224647 -1.169 0.374)
(-0.7231312122 -1.0855 0.374)
(-0.7713399596 -1.169 0.442)
(-0.6749224647 -1.169 0.442)
(-0.7231312122 -1.0855 0.442)
(-0.6267137172 -1.0855 -0.51)
(-0.6267137172 -1.0855 -0.442)
(-0.6267137172 -1.0855 -0.374)
(-0.6267137172 -1.0855 -0.306)
(-0.6267137172 -1.0855 -0.238)
(-0.6267137172 -1.0855 -0.17)
(-0.6267137172 -1.0855 -0.102)
(-0.6267137172 -1.0855 -0.034)
(-0.6267137172 -1.0855 0.034)
(-0.6267137172 -1.0855 0.102)
(-0.6267137172 -1.0855 0.17)
(-0.6267137172 -1.0855 0.238)
(-0.6267137172 -1.0855 0.306)
(-0.6267137172 -1.0855 0.374)
(-0.6267137172 -1.0855 0.442)
(-0.6749224647 -1.002 -0.51)
(-0.6749224647 -1.002 -0.442)
(-0.6749224647 -1.002 -0.374)
(-0.6749224647 -1.002 -0.306)
(-0.6749224647 -1.002 -0.238)
(-0.6749224647 -1.002 -0.17)
(-0.6749224647 -1.002 -0.102)
(-0.6749224647 -1.002 -0.034)
(-0.6749224647 -1.002 0.034)
(-0.6749224647 -1.002 0.102)
(-0.6749224647 -1.002 0.17)
(-0.6749224647 -1.002 0.238)
(-0.6749224647 -1.002 0.306)
(-0.6749224647 -1.002 0.374)
(-0.6749224647 -1.002 0.442)
(-0.7231312122 -0.9185 -0.51)
(-0.7231312122 -0.9185 -0.442)
(-0.7231312122 -0.9185 -0.374)
(-0.7231312122 -0.9185 -0.306)
(-0.7231312122 -0.9185 -0.238)
(-0.7231312122 -0.9185 -0.17)
(-0.7231312122 -0.9185 -0.102)
(-0.7231312122 -0.9185 -0.034)
(-0.7231312122 -0.9185 0.034)
(-0.7231312122 -0.9185 0.102)
(-0.7231312122 -0.9185 0.17)
(-0.7231312122 -0.9185 0.238)
(-0.7231312122 -0.9185 0.306)
(-0.7231312122 -0.9185 0.374)
(-0.7231312122 -0.9185 0.442)
(-0.7231312122 0.9185 -0.51)
(-0.7231312122 0.9185 -0.442)
(-0.7231312122 0.9185 -0.374)
(-0.7231312122 0.9185 -0.306)
(-0.7231312122 0.9185 -0.238)
(-0.7231312122 0.9185 -0.17)
(-0.7231312122 0.9185 -0.102)
(-0.7231312122 0.9185 -0.034)
(-0.7231312122 0.9185 0.034)
(-0.7231312122 0.9185 0.102)
(-0.7231312122 0.9185 0.17)
(-0.7231312122 0.9185 0.238)
(-0.7231312122 0.9185 0.306)
(-0.7231312122 0.9185 0.374)
(-0.7231312122 0.9185 0.442)
(-0.6749224647 1.002 -0.51)
(-0.6749224647 1.002 -0.442)
(-0.6749224647 1.002 -0.374)
(-0.6749224647 1.002 -0.306)
(-0.6749224647 1.002 -0.238)
(-0.6749224647 1.002 -0.17)
(-0.6749224647 1.002 -0.102)
(-0.6749224647 1.002 -0.034)
(-0.6749224647 1.002 0.034)
(-0.6749224647 1.002 0.102)
(-0.6749224647 1.002 0.17)
(-0.6749224647 1.002 0.238)
(-0.6749224647 1.002 0.306)
(-0.6749224647 1.002 0.374)
(-0.6749224647 1.002 0.442)
(-0.7231312122 1.0855 -0.51)
(-0.7231312122 1.0855 -0.442)
(-0.7231312122 1.0855 -0.374)
(-0.7231312122 1.0855 -0.306)
(-0.7231312122 1.0855 -0.238)
(-0.7231312122 1.0855 -0.17)
(-0.7231312122 1.0855 -0.102)
(-0.7231312122 1.0855 -0.034)
(-0.7231312122 1.0855 0.034)
(-0.7231312122 1.0855 0.102)
(-0.7231312122 1.0855 0.17)
(-0.7231312122 1.0855 0.238)
(-0.7231312122 1.0855 0.306)
(-0.7231312122 1.0855 0.374)
(-0.7231312122 1.0855 0.442)
(-0.6267137172 1.0855 -0.51)
(-0.6267137172 1.0855 -0.442)
(-0.6267137172 1.0855 -0.374)
(-0.6267137172 1.0855 -0.306)
(-0.6267137172 1.0855 -0.238)
(-0.6267137172 1.0855 -0.17)
(-0.6267137172 1.0855 -0.102)
(-0.6267137172 1.0855 -0.034)
(-0.6267137172 1.0855 0.034)
(-0.6267137172 1.0855 0.102)
(-0.6267137172 1.0855 0.17)
(-0.6267137172 1.0855 0.238)
(-0.6267137172 1.0855 0.306)
(-0.6267137172 1.0855 0.374)
(-0.6267137172 1.0855 0.442)
(-0.7713399596 1.169 -0.51)
(-0.6749224647 1.169 -0.51)
(-0.7713399596 1.169 -0.442)
(-0.6749224647 1.169 -0.442)
(-0.7713399596 1.169 -0.374)
(-0.6749224647 1.169 -0.374)
(-0.7713399596 1.169 -0.306)
(-0.6749224647 1.169 -0.306)
(-0.7713399596 1.169 -0.238)
(-0.6749224647 1.169 -0.238)
(-0.7713399596 1.169 -0.17)
(-0.6749224647 1.169 -0.17)
(-0.7713399596 1.169 -0.102)
(-0.6749224647 1.169 -0.102)
(-0.7713399596 1.169 -0.034)
(-0.6749224647 1.169 -0.034)
(-0.7713399596 1.169 0.034)
(-0.6749224647 1.169 0.034)
(-0.7713399596 1.169 0.102)
(-0.6749224647 1.169 0.102)
(-0.7713399596 1.169 0.17)
(-0.6749224647 1.169 0.17)
(-0.7713399596 1.169 0.238)
(-0.6749224647 1.169 0.238)
(-0.7713399596 1.169 0.306)
(-0.6749224647 1.169 0.306)
(-0.7713399596 1.169 0.374)
(-0.6749224647 1.169 0.374)
(-0.7713399596 1.169 0.442)
(-0.6749224647 1.169 0.442)
(-0.6267137172 -1.2525 -0.51)
(-0.5302962223 -1.2525 -0.51)
(-0.5785049697 -1.169 -0.51)
(-0.6267137172 -1.2525 -0.442)
(-0.5302962223 -1.2525 -0.442)
(-0.5785049697 -1.169 -0.442)
(-0.6267137172 -1.2525 -0.374)
(-0.5302962223 -1.2525 -0.374)
(-0.5785049697 -1.169 -0.374)
(-0.6267137172 -1.2525 -0.306)
(-0.5302962223 -1.2525 -0.306)
(-0.5785049697 -1.169 -0.306)
(-0.6267137172 -1.2525 -0.238)
(-0.5302962223 -1.2525 -0.238)
(-0.5785049697 -1.169 -0.238)
(-0.6267137172 -1.2525 -0.17)
(-0.5302962223 -1.2525 -0.17)
(-0.5785049697 -1.169 -0.17)
(-0.6267137172 -1.2525 -0.102)
(-0.5302962223 -1.2525 -0.102)
(-0.5785049697 -1.169 -0.102)
(-0.6267137172 -1.2525 -0.034)
(-0.5302962223 -1.2525 -0.034)
(-0.5785049697 -1.169 -0.034)
(-0.6267137172 -1.2525 0.034)
(-0.5302962223 -1.2525 0.034)
(-0.5785049697 -1.169 0.034)
(-0.6267137172 -1.2525 0.102)
(-0.5302962223 -1.2525 0.102)
(-0.5785049697 -1.169 0.102)
(-0.6267137172 -1.2525 0.17)
(-0.5302962223 -1.2525 0.17)
(-0.5785049697 -1.169 0.17)
(-0.6267137172 -1.2525 0.238)
(-0.5302962223 -1.2525 0.238)
(-0.5785049697 -1.169 0.238)
(-0.6267137172 -1.2525 0.306)
(-0.5302962223 -1.2525 0.306)
(-0.5785049697 -1.169 0.306)
(-0.6267137172 -1.2525 0.374)
(-0.5302962223 -1.2525 0.374)
(-0.5785049697 -1.169 0.374)
(-0.6267137172 -1.2525 0.442)
(-0.5302962223 -1.2525 0.442)
(-0.5785049697 -1.169 0.442)
(-0.4820874748 -1.169 -0.51)
(-0.4820874748 -1.169 -0.442)
(-0.4820874748 -1.169 -0.374)
(-0.4820874748 -1.169 -0.306)
(-0.4820874748 -1.169 -0.238)
(-0.4820874748 -1.169 -0.17)
(-0.4820874748 -1.169 -0.102)
(-0.4820874748 -1.169 -0.034)
(-0.4820874748 -1.169 0.034)
(-0.4820874748 -1.169 0.102)
(-0.4820874748 -1.169 0.17)
(-0.4820874748 -1.169 0.238)
(-0.4820874748 -1.169 0.306)
(-0.4820874748 -1.169 0.374)
(-0.4820874748 -1.169 0.442)
(-0.5302962223 -1.0855 -0.51)
(-0.5302962223 -1.0855 -0.442)
(-0.5302962223 -1.0855 -0.374)
(-0.5302962223 -1.0855 -0.306)
(-0.5302962223 -1.0855 -0.238)
(-0.5302962223 -1.0855 -0.17)
(-0.5302962223 -1.0855 -0.102)
(-0.5302962223 -1.0855 -0.034)
(-0.5302962223 -1.0855 0.034)
(-0.5302962223 -1.0855 0.102)
(-0.5302962223 -1.0855 0.17)
(-0.5302962223 -1.0855 0.238)
(-0.5302962223 -1.0855 0.306)
(-0.5302962223 -1.0855 0.374)
(-0.5302962223 -1.0855 0.442)
(-0.5785049697 -1.002 -0.51)
(-0.5785049697 -1.002 -0.442)
(-0.5785049697 -1.002 -0.374)
(-0.5785049697 -1.002 -0.306)
(-0.5785049697 -1.002 -0.238)
(-0.5785049697 -1.002 -0.17)
(-0.5785049697 -1.002 -0.102)
(-0.5785049697 -1.002 -0.034)
(-0.5785049697 -1.002 0.034)
(-0.5785049697 -1.002 0.102)
(-0.5785049697 -1.002 0.17)
(-0.5785049697 -1.002 0.238)
(-0.5785049697 -1.002 0.306)
(-0.5785049697 -1.002 0.374)
(-0.5785049697 -1.002 0.442)
(-0.5785049697 1.002 -0.51)
(-0.5785049697 1.002 -0.442)
(-0.5785049697 1.002 -0.374)
(-0.5785049697 1.002 -0.306)
(-0.5785049697 1.002 -0.238)
(-0.5785049697 1.002 -0.17)
(-0.5785049697 1.002 -0.102)
(-0.5785049697 1.002 -0.034)
(-0.5785049697 1.002 0.034)
(-0.5785049697 1.002 0.102)
(-0.5785049697 1.002 0.17)
(-0.5785049697 1.002 0.238)
(-0.5785049697 1.002 0.306)
(-0.5785049697 1.002 0.374)
(-0.5785049697 1.002 0.442)
(-0.5302962223 1.0855 -0.51)
(-0.5302962223 1.0855 -0.442)
(-0.5302962223 1.0855 -0.374)
(-0.5302962223 1.0855 -0.306)
(-0.5302962223 1.0855 -0.238)
(-0.5302962223 1.0855 -0.17)
(-0.5302962223 1.0855 -0.102)
(-0.5302962223 1.0855 -0.034)
(-0.5302962223 1.0855 0.034)
(-0.5302962223 1.0855 0.102)
(-0.5302962223 1.0855 0.17)
(-0.5302962223 1.0855 0.238)
(-0.5302962223 1.0855 0.306)
(-0.5302962223 1.0855 0.374)
(-0.5302962223 1.0855 0.442)
(-0.5785049697 1.169 -0.51)
(-0.5785049697 1.169 -0.442)
(-0.5785049697 1.169 -0.374)
(-0.5785049697 1.169 -0.306)
(-0.5785049697 1.169 -0.238)
(-0.5785049697 1.169 -0.17)
(-0.5785049697 1.169 -0.102)
(-0.5785049697 1.169 -0.034)
(-0.5785049697 1.169 0.034)
(-0.5785049697 1.169 0.102)
(-0.5785049697 1.169 0.17)
(-0.5785049697 1.169 0.238)
(-0.5785049697 1.169 0.306)
(-0.5785049697 1.169 0.374)
(-0.5785049697 1.169 0.442)
(-0.4820874748 1.169 -0.51)
(-0.4820874748 1.169 -0.442)
(-0.4820874748 1.169 -0.374)
(-0.4820874748 1.169 -0.306)
(-0.4820874748 1.169 -0.238)
(-0.4820874748 1.169 -0.17)
(-0.4820874748 1.169 -0.102)
(-0.4820874748 1.169 -0.034)
(-0.4820874748 1.169 0.034)
(-0.4820874748 1.169 0.102)
(-0.4820874748 1.169 0.17)
(-0.4820874748 1.169 0.238)
(-0.4820874748 1.169 0.306)
(-0.4820874748 1.169 0.374)
(-0.4820874748 1.169 0.442)
(-0.6267137172 1.2525 -0.51)
(-0.5302962223 1.2525 -0.51)
(-0.6267137172 1.2525 -0.442)
(-0.5302962223 1.2525 -0.442)
(-0.6267137172 1.2525 -0.374)
(-0.5302962223 1.2525 -0.374)
(-0.6267137172 1.2525 -0.306)
(-0.5302962223 1.2525 -0.306)
(-0.6267137172 1.2525 -0.238)
(-0.5302962223 1.2525 -0.238)
(-0.6267137172 1.2525 -0.17)
(-0.5302962223 1.2525 -0.17)
(-0.6267137172 1.2525 -0.102)
(-0.5302962223 1.2525 -0.102)
(-0.6267137172 1.2525 -0.034)
(-0.5302962223 1.2525 -0.034)
(-0.6267137172 1.2525 0.034)
(-0.5302962223 1.2525 0.034)
(-0.6267137172 1.2525 0.102)
(-0.5302962223 1.2525 0.102)
(-0.6267137172 1.2525 0.17)
(-0.5302962223 1.2525 0.17)
(-0.6267137172 1.2525 0.238)
(-0.5302962223 1.2525 0.238)
(-0.6267137172 1.2525 0.306)
(-0.5302962223 1.2525 0.306)
(-0.6267137172 1.2525 0.374)
(-0.5302962223 1.2525 0.374)
(-0.6267137172 1.2525 0.442)
(-0.5302962223 1.2525 0.442)
(-0.4820874748 -1.336 -0.51)
(-0.3856699798 -1.336 -0.51)
(-0.4338787273 -1.2525 -0.51)
(-0.4820874748 -1.336 -0.442)
(-0.3856699798 -1.336 -0.442)
(-0.4338787273 -1.2525 -0.442)
(-0.4820874748 -1.336 -0.374)
(-0.3856699798 -1.336 -0.374)
(-0.4338787273 -1.2525 -0.374)
(-0.4820874748 -1.336 -0.306)
(-0.3856699798 -1.336 -0.306)
(-0.4338787273 -1.2525 -0.306)
(-0.4820874748 -1.336 -0.238)
(-0.3856699798 -1.336 -0.238)
(-0.4338787273 -1.2525 -0.238)
(-0.4820874748 -1.336 -0.17)
(-0.3856699798 -1.336 -0.17)
(-0.4338787273 -1.2525 -0.17)
(-0.4820874748 -1.336 -0.102)
(-0.3856699798 -1.336 -0.102)
(-0.4338787273 -1.2525 -0.102)
(-0.4820874748 -1.336 -0.034)
(-0.3856699798 -1.336 -0.034)
(-0.4338787273 -1.2525 -0.034)
(-0.4820874748 -1.336 0.034)
(-0.3856699798 -1.336 0.034)
(-0.4338787273 -1.2525 0.034)
(-0.4820874748 -1.336 0.102)
(-0.3856699798 -1.336 0.102)
(-0.4338787273 -1.2525 0.102)
(-0.4820874748 -1.336 0.17)
(-0.3856699798 -1.336 0.17)
(-0.4338787273 -1.2525 0.17)
(-0.4820874748 -1.336 0.238)
(-0.3856699798 -1.336 0.238)
(-0.4338787273 -1.2525 0.238)
(-0.4820874748 -1.336 0.306)
(-0.3856699798 -1.336 0.306)
(-0.4338787273 -1.2525 0.306)
(-0.4820874748 -1.336 0.374)
(-0.3856699798 -1.336 0.374)
(-0.4338787273 -1.2525 0.374)
(-0.4820874748 -1.336 0.442)
(-0.3856699798 -1.336 0.442)
(-0.4338787273 -1.2525 0.442)
(-0.3374612323 -1.2525 -0.51)
(-0.3374612323 -1.2525 -0.442)
(-0.3374612323 -1.2525 -0.374)
(-0.3374612323 -1.2525 -0.306)
(-0.3374612323 -1.2525 -0.238)
(-0.3374612323 -1.2525 -0.17)
(-0.3374612323 -1.2525 -0.102)
(-0.3374612323 -1.2525 -0.034)
(-0.3374612323 -1.2525 0.034)
(-0.3374612323 -1.2525 0.102)
(-0.3374612323 -1.2525 0.17)
(-0.3374612323 -1.2525 0.238)
(-0.3374612323 -1.2525 0.306)
(-0.3374612323 -1.2525 0.374)
(-0.3374612323 -1.2525 0.442)
(-0.3856699798 -1.169 -0.51)
(-0.3856699798 -1.169 -0.442)
(-0.3856699798 -1.169 -0.374)
(-0.3856699798 -1.169 -0.306)
(-0.3856699798 -1.169 -0.238)
(-0.3856699798 -1.169 -0.17)
(-0.3856699798 -1.169 -0.102)
(-0.3856699798 -1.169 -0.034)
(-0.3856699798 -1.169 0.034)
(-0.3856699798 -1.169 0.102)
(-0.3856699798 -1.169 0.17)
(-0.3856699798 -1.169 0.238)
(-0.3856699798 -1.169 0.306)
(-0.3856699798 -1.169 0.374)
(-0.3856699798 -1.169 0.442)
(-0.4338787273 -1.0855 -0.51)
(-0.4338787273 -1.0855 -0.442)
(-0.4338787273 -1.0855 -0.374)
(-0.4338787273 -1.0855 -0.306)
(-0.4338787273 -1.0855 -0.238)
(-0.4338787273 -1.0855 -0.17)
(-0.4338787273 -1.0855 -0.102)
(-0.4338787273 -1.0855 -0.034)
(-0.4338787273 -1.0855 0.034)
(-0.4338787273 -1.0855 0.102)
(-0.4338787273 -1.0855 0.17)
(-0.4338787273 -1.0855 0.238)
(-0.4338787273 -1.0855 0.306)
(-0.4338787273 -1.0855 0.374)
(-0.4338787273 -1.0855 0.442)
(-0.4338787273 1.0855 -0.51)
(-0.4338787273 1.0855 -0.442)
(-0.4338787273 1.0855 -0.374)
(-0.4338787273 1.0855 -0.306)
(-0.4338787273 1.0855 -0.238)
(-0.4338787273 1.0855 -0.17)
(-0.4338787273 1.0855 -0.102)
(-0.4338787273 1.0855 -0.034)
(-0.4338787273 1.0855 0.034)
(-0.4338787273 1.0855 0.102)
(-0.4338787273 1.0855 0.17)
(-0.4338787273 1.0855 0.238)
(-0.4338787273 1.0855 0.306)
(-0.4338787273 1.0855 0.374)
(-0.4338787273 1.0855 0.442)
(-0.3856699798 1.169 -0.51)
(-0.3856699798 1.169 -0.442)
(-0.3856699798 1.169 -0.374)
(-0.3856699798 1.169 -0.306)
(-0.3856699798 1.169 -0.238)
(-0.3856699798 1.169 -0.17)
(-0.3856699798 1.169 -0.102)
(-0.3856699798 1.169 -0.034)
(-0.3856699798 1.169 0.034)
(-0.3856699798 1.169 0.102)
(-0.3856699798 1.169 0.17)
(-0.3856699798 1.169 0.238)
(-0.3856699798 1.169 0.306)
(-0.3856699798 1.169 0.374)
(-0.3856699798 1.169 0.442)
(-0.4338787273 1.2525 -0.51)
(-0.4338787273 1.2525 -0.442)
(-0.4338787273 1.2525 -0.374)
(-0.4338787273 1.2525 -0.306)
(-0.4338787273 1.2525 -0.238)
(-0.4338787273 1.2525 -0.17)
(-0.4338787273 1.2525 -0.102)
(-0.4338787273 1.2525 -0.034)
(-0.4338787273 1.2525 0.034)
(-0.4338787273 1.2525 0.102)
(-0.4338787273 1.2525 0.17)
(-0.4338787273 1.2525 0.238)
(-0.4338787273 1.2525 0.306)
(-0.4338787273 1.2525 0.374)
(-0.4338787273 1.2525 0.442)
(-0.3374612323 1.2525 -0.51)
(-0.3374612323 1.2525 -0.442)
(-0.3374612323 1.2525 -0.374)
(-0.3374612323 1.2525 -0.306)
(-0.3374612323 1.2525 -0.238)
(-0.3374612323 1.2525 -0.17)
(-0.3374612323 1.2525 -0.102)
(-0.3374612323 1.2525 -0.034)
(-0.3374612323 1.2525 0.034)
(-0.3374612323 1.2525 0.102)
(-0.3374612323 1.2525 0.17)
(-0.3374612323 1.2525 0.238)
(-0.3374612323 1.2525 0.306)
(-0.3374612323 1.2525 0.374)
(-0.3374612323 1.2525 0.442)
(-0.4820874748 1.336 -0.51)
(-0.3856699798 1.336 -0.51)
(-0.4820874748 1.336 -0.442)
(-0.3856699798 1.336 -0.442)
(-0.4820874748 1.336 -0.374)
(-0.3856699798 1.336 -0.374)
(-0.4820874748 1.336 -0.306)
(-0.3856699798 1.336 -0.306)
(-0.4820874748 1.336 -0.238)
(-0.3856699798 1.336 -0.238)
(-0.4820874748 1.336 -0.17)
(-0.3856699798 1.336 -0.17)
(-0.4820874748 1.336 -0.102)
(-0.3856699798 1.336 -0.102)
(-0.4820874748 1.336 -0.034)
(-0.3856699798 1.336 -0.034)
(-0.4820874748 1.336 0.034)
(-0.3856699798 1.336 0.034)
(-0.4820874748 1.336 0.102)
(-0.3856699798 1.336 0.102)
(-0.4820874748 1.336 0.17)
(-0.3856699798 1.336 0.17)
(-0.4820874748 1.336 0.238)
(-0.3856699798 1.336 0.238)
(-0.4820874748 1.336 0.306)
(-0.3856699798 1.336 0.306)
(-0.4820874748 1.336 0.374)
(-0.3856699798 1.336 0.374)
(-0.4820874748 1.336 0.442)
(-0.3856699798 1.336 0.442)
(-0.3374612323 -1.4195 -0.51)
(-0.2410437374 -1.4195 -0.51)
(-0.2892524849 -1.336 -0.51)
(-0.3374612323 -1.4195 -0.442)
(-0.2410437374 -1.4195 -0.442)
(-0.2892524849 -1.336 -0.442)
(-0.3374612323 -1.4195 -0.374)
(-0.2410437374 -1.4195 -0.374)
(-0.2892524849 -1.336 -0.374)
(-0.3374612323 -1.4195 -0.306)
(-0.2410437374 -1.4195 -0.306)
(-0.2892524849 -1.336 -0.306)
(-0.3374612323 -1.4195 -0.238)
(-0.2410437374 -1.4195 -0.238)
(-0.2892524849 -1.336 -0.238)
(-0.3374612323 -1.4195 -0.17)
(-0.2410437374 -1.4195 -0.17)
(-0.2892524849 -1.336 -0.17)
(-0.3374612323 -1.4195 -0.102)
(-0.2410437374 -1.4195 -0.102)
(-0.2892524849 -1.336 -0.102)
(-0.3374612323 -1.4195 -0.034)
(-0.2410437374 -1.4195 -0.034)
(-0.2892524849 -1.336 -0.034)
(-0.3374612323 -1.4195 0.034)
(-0.2410437374 -1.4195 0.034)
(-0.2892524849 -1.336 0.034)
(-0.3374612323 -1.4195 0.102)
(-0.2410437374 -1.4195 0.102)
(-0.2892524849 -1.336 0.102)
(-0.3374612323 -1.4195 0.17)
(-0.2410437374 -1.4195 0.17)
(-0.2892524849 -1.336 0.17)
(-0.3374612323 -1.4195 0.238)
(-0.2410437374 -1.4195 0.238)
(-0.2892524849 -1.336 0.238)
(-0.3374612323 -1.4195 0.306)
(-0.2410437374 -1.4195 0.306)
(-0.2892524849 -1.336 0.306)
(-0.3374612323 -1.4195 0.374)
(-0.2410437374 -1.4195 0.374)
(-0.2892524849 -1.336 0.374)
(-0.3374612323 -1.4195 0.442)
(-0.2410437374 -1.4195 0.442)
(-0.2892524849 -1.336 0.442)
(-0.1928349899 -1.336 -0.51)
(-0.1928349899 -1.336 -0.442)
(-0.1928349899 -1.336 -0.374)
(-0.1928349899 -1.336 -0.306)
(-0.1928349899 -1.336 -0.238)
(-0.1928349899 -1.336 -0.17)
(-0.1928349899 -1.336 -0.102)
(-0.1928349899 -1.336 -0.034)
(-0.1928349899 -1.336 0.034)
(-0.1928349899 -1.336 0.102)
(-0.1928349899 -1.336 0.17)
(-0.1928349899 -1.336 0.238)
(-0.1928349899 -1.336 0.306)
(-0.1928349899 -1.336 0.374)
(-0.1928349899 -1.336 0.442)
(-0.2410437374 -1.2525 -0.51)
(-0.2410437374 -1.2525 -0.442)
(-0.2410437374 -1.2525 -0.374)
(-0.2410437374 -1.2525 -0.306)
(-0.2410437374 -1.2525 -0.238)
(-0.2410437374 -1.2525 -0.17)
(-0.2410437374 -1.2525 -0.102)
(-0.2410437374 -1.2525 -0.034)
(-0.2410437374 -1.2525 0.034)
(-0.2410437374 -1.2525 0.102)
(-0.2410437374 -1.2525 0.17)
(-0.2410437374 -1.2525 0.238)
(-0.2410437374 -1.2525 0.306)
(-0.2410437374 -1.2525 0.374)
(-0.2410437374 -1.2525 0.442)
(-0.2892524849 -1.169 -0.51)
(-0.2892524849 -1.169 -0.442)
(-0.2892524849 -1.169 -0.374)
(-0.2892524849 -1.169 -0.306)
(-0.2892524849 -1.169 -0.238)
(-0.2892524849 -1.169 -0.17)
(-0.2892524849 -1.169 -0.102)
(-0.2892524849 -1.169 -0.034)
(-0.2892524849 -1.169 0.034)
(-0.2892524849 -1.169 0.102)
(-0.2892524849 -1.169 0.17)
(-0.2892524849 -1.169 0.238)
(-0.2892524849 -1.169 0.306)
(-0.2892524849 -1.169 0.374)
(-0.2892524849 -1.169 0.442)
(-0.1928349899 -1.169 -0.51)
(-0.1928349899 -1.169 -0.442)
(-0.1928349899 -1.169 -0.374)
(-0.1928349899 -1.169 -0.306)
(-0.1928349899 -1.169 -0.238)
(-0.1928349899 -1.169 -0.17)
(-0.1928349899 -1.169 -0.102)
(-0.1928349899 -1.169 -0.034)
(-0.1928349899 -1.169 0.034)
(-0.1928349899 -1.169 0.102)
(-0.1928349899 -1.169 0.17)
(-0.1928349899 -1.169 0.238)
(-0.1928349899 -1.169 0.306)
(-0.1928349899 -1.169 0.374)
(-0.1928349899 -1.169 0.442)
(-0.2892524849 1.169 -0.51)
(-0.2892524849 1.169 -0.442)
(-0.2892524849 1.169 -0.374)
(-0.2892524849 1.169 -0.306)
(-0.2892524849 1.169 -0.238)
(-0.2892524849 1.169 -0.17)
(-0.2892524849 1.169 -0.102)
(-0.2892524849 1.169 -0.034)
(-0.2892524849 1.169 0.034)
(-0.2892524849 1.169 0.102)
(-0.2892524849 1.169 0.17)
(-0.2892524849 1.169 0.238)
(-0.2892524849 1.169 0.306)
(-0.2892524849 1.169 0.374)
(-0.2892524849 1.169 0.442)
(-0.1928349899 1.169 -0.51)
(-0.1928349899 1.169 -0.442)
(-0.1928349899 1.169 -0.374)
(-0.1928349899 1.169 -0.306)
(-0.1928349899 1.169 -0.238)
(-0.1928349899 1.169 -0.17)
(-0.1928349899 1.169 -0.102)
(-0.1928349899 1.169 -0.034)
(-0.1928349899 1.169 0.034)
(-0.1928349899 1.169 0.102)
(-0.1928349899 1.169 0.17)
(-0.1928349899 1.169 0.238)
(-0.1928349899 1.169 0.306)
(-0.1928349899 1.169 0.374)
(-0.1928349899 1.169 0.442)
(-0.2410437374 1.2525 -0.51)
(-0.2410437374 1.2525 -0.442)
(-0.2410437374 1.2525 -0.374)
(-0.2410437374 1.2525 -0.306)
(-0.2410437374 1.2525 -0.238)
(-0.2410437374 1.2525 -0.17)
(-0.2410437374 1.2525 -0.102)
(-0.2410437374 1.2525 -0.034)
(-0.2410437374 1.2525 0.034)
(-0.2410437374 1.2525 0.102)
(-0.2410437374 1.2525 0.17)
(-0.2410437374 1.2525 0.238)
(-0.2410437374 1.2525 0.306)
(-0.2410437374 1.2525 0.374)
(-0.2410437374 1.2525 0.442)
(-0.2892524849 1.336 -0.51)
(-0.2892524849 1.336 -0.442)
(-0.2892524849 1.336 -0.374)
(-0.2892524849 1.336 -0.306)
(-0.2892524849 1.336 -0.238)
(-0.2892524849 1.336 -0.17)
(-0.2892524849 1.336 -0.102)
(-0.2892524849 1.336 -0.034)
(-0.2892524849 1.336 0.034)
(-0.2892524849 1.336 0.102)
(-0.2892524849 1.336 0.17)
(-0.2892524849 1.336 0.238)
(-0.2892524849 1.336 0.306)
(-0.2892524849 1.336 0.374)
(-0.2892524849 1.336 0.442)
(-0.1928349899 1.336 -0.51)
(-0.1928349899 1.336 -0.442)
(-0.1928349899 1.336 -0.374)
(-0.1928349899 1.336 -0.306)
(-0.1928349899 1.336 -0.238)
(-0.1928349899 1.336 -0.17)
(-0.1928349899 1.336 -0.102)
(-0.1928349899 1.336 -0.034)
(-0.1928349899 1.336 0.034)
(-0.1928349899 1.336 0.102)
(-0.1928349899 1.336 0.17)
(-0.1928349899 1.336 0.238)
(-0.1928349899 1.336 0.306)
(-0.1928349899 1.336 0.374)
(-0.1928349899 1.336 0.442)
(-0.3374612323 1.4195 -0.51)
(-0.2410437374 1.4195 -0.51)
(-0.3374612323 1.4195 -0.442)
(-0.2410437374 1.4195 -0.442)
(-0.3374612323 1.4195 -0.374)
(-0.2410437374 1.4195 -0.374)
(-0.3374612323 1.4195 -0.306)
(-0.2410437374 1.4195 -0.306)
(-0.3374612323 1.4195 -0.238)
(-0.2410437374 1.4195 -0.238)
(-0.3374612323 1.4195 -0.17)
(-0.2410437374 1.4195 -0.17)
(-0.3374612323 1.4195 -0.102)
(-0.2410437374 1.4195 -0.102)
(-0.3374612323 1.4195 -0.034)
(-0.2410437374 1.4195 -0.034)
(-0.3374612323 1.4195 0.034)
(-0.2410437374 1.4195 0.034)
(-0.3374612323 1.4195 0.102)
(-0.2410437374 1.4195 0.102)
(-0.3374612323 1.4195 0.17)
(-0.2410437374 1.4195 0.17)
(-0.3374612323 1.4195 0.238)
(-0.2410437374 1.4195 0.238)
(-0.3374612323 1.4195 0.306)
(-0.2410437374 1.4195 0.306)
(-0.3374612323 1.4195 0.374)
(-0.2410437374 1.4195 0.374)
(-0.3374612323 1.4195 0.442)
(-0.2410437374 1.4195 0.442)
(-0.09641749495 -1.336 -0.51)
(-0.1446262424 -1.2525 -0.51)
(-0.09641749495 -1.336 -0.442)
(-0.1446262424 -1.2525 -0.442)
(-0.09641749495 -1.336 -0.374)
(-0.1446262424 -1.2525 -0.374)
(-0.09641749495 -1.336 -0.306)
(-0.1446262424 -1.2525 -0.306)
(-0.09641749495 -1.336 -0.238)
(-0.1446262424 -1.2525 -0.238)
(-0.09641749495 -1.336 -0.17)
(-0.1446262424 -1.2525 -0.17)
(-0.09641749495 -1.336 -0.102)
(-0.1446262424 -1.2525 -0.102)
(-0.09641749495 -1.336 -0.034)
(-0.1446262424 -1.2525 -0.034)
(-0.09641749495 -1.336 0.034)
(-0.1446262424 -1.2525 0.034)
(-0.09641749495 -1.336 0.102)
(-0.1446262424 -1.2525 0.102)
(-0.09641749495 -1.336 0.17)
(-0.1446262424 -1.2525 0.17)
(-0.09641749495 -1.336 0.238)
(-0.1446262424 -1.2525 0.238)
(-0.09641749495 -1.336 0.306)
(-0.1446262424 -1.2525 0.306)
(-0.09641749495 -1.336 0.374)
(-0.1446262424 -1.2525 0.374)
(-0.09641749495 -1.336 0.442)
(-0.1446262424 -1.2525 0.442)
(-0.04820874748 -1.2525 -0.51)
(-0.04820874748 -1.2525 -0.442)
(-0.04820874748 -1.2525 -0.374)
(-0.04820874748 -1.2525 -0.306)
(-0.04820874748 -1.2525 -0.238)
(-0.04820874748 -1.2525 -0.17)
(-0.04820874748 -1.2525 -0.102)
(-0.04820874748 -1.2525 -0.034)
(-0.04820874748 -1.2525 0.034)
(-0.04820874748 -1.2525 0.102)
(-0.04820874748 -1.2525 0.17)
(-0.04820874748 -1.2525 0.238)
(-0.04820874748 -1.2525 0.306)
(-0.04820874748 -1.2525 0.374)
(-0.04820874748 -1.2525 0.442)
(-0.09641749495 -1.169 -0.51)
(-0.09641749495 -1.169 -0.442)
(-0.09641749495 -1.169 -0.374)
(-0.09641749495 -1.169 -0.306)
(-0.09641749495 -1.169 -0.238)
(-0.09641749495 -1.169 -0.17)
(-0.09641749495 -1.169 -0.102)
(-0.09641749495 -1.169 -0.034)
(-0.09641749495 -1.169 0.034)
(-0.09641749495 -1.169 0.102)
(-0.09641749495 -1.169 0.17)
(-0.09641749495 -1.169 0.238)
(-0.09641749495 -1.169 0.306)
(-0.09641749495 -1.169 0.374)
(-0.09641749495 -1.169 0.442)
(-0.1446262424 -1.0855 -0.51)
(-0.1446262424 -1.0855 -0.442)
(-0.1446262424 -1.0855 -0.374)
(-0.1446262424 -1.0855 -0.306)
(-0.1446262424 -1.0855 -0.238)
(-0.1446262424 -1.0855 -0.17)
(-0.1446262424 -1.0855 -0.102)
(-0.1446262424 -1.0855 -0.034)
(-0.1446262424 -1.0855 0.034)
(-0.1446262424 -1.0855 0.102)
(-0.1446262424 -1.0855 0.17)
(-0.1446262424 -1.0855 0.238)
(-0.1446262424 -1.0855 0.306)
(-0.1446262424 -1.0855 0.374)
(-0.1446262424 -1.0855 0.442)
(-0.1446262424 1.0855 -0.51)
(-0.1446262424 1.0855 -0.442)
(-0.1446262424 1.0855 -0.374)
(-0.1446262424 1.0855 -0.306)
(-0.1446262424 1.0855 -0.238)
(-0.1446262424 1.0855 -0.17)
(-0.1446262424 1.0855 -0.102)
(-0.1446262424 1.0855 -0.034)
(-0.1446262424 1.0855 0.034)
(-0.1446262424 1.0855 0.102)
(-0.1446262424 1.0855 0.17)
(-0.1446262424 1.0855 0.238)
(-0.1446262424 1.0855 0.306)
(-0.1446262424 1.0855 0.374)
(-0.1446262424 1.0855 0.442)
(-0.09641749495 1.169 -0.51)
(-0.09641749495 1.169 -0.442)
(-0.09641749495 1.169 -0.374)
(-0.09641749495 1.169 -0.306)
(-0.09641749495 1.169 -0.238)
(-0.09641749495 1.169 -0.17)
(-0.09641749495 1.169 -0.102)
(-0.09641749495 1.169 -0.034)
(-0.09641749495 1.169 0.034)
(-0.09641749495 1.169 0.102)
(-0.09641749495 1.169 0.17)
(-0.09641749495 1.169 0.238)
(-0.09641749495 1.169 0.306)
(-0.09641749495 1.169 0.374)
(-0.09641749495 1.169 0.442)
(-0.1446262424 1.2525 -0.51)
(-0.1446262424 1.2525 -0.442)
(-0.1446262424 1.2525 -0.374)
(-0.1446262424 1.2525 -0.306)
(-0.1446262424 1.2525 -0.238)
(-0.1446262424 1.2525 -0.17)
(-0.1446262424 1.2525 -0.102)
(-0.1446262424 1.2525 -0.034)
(-0.1446262424 1.2525 0.034)
(-0.1446262424 1.2525 0.102)
(-0.1446262424 1.2525 0.17)
(-0.1446262424 1.2525 0.238)
(-0.1446262424 1.2525 0.306)
(-0.1446262424 1.2525 0.374)
(-0.1446262424 1.2525 0.442)
(-0.04820874748 1.2525 -0.51)
(-0.04820874748 1.2525 -0.442)
(-0.04820874748 1.2525 -0.374)
(-0.04820874748 1.2525 -0.306)
(-0.04820874748 1.2525 -0.238)
(-0.04820874748 1.2525 -0.17)
(-0.04820874748 1.2525 -0.102)
(-0.04820874748 1.2525 -0.034)
(-0.04820874748 1.2525 0.034)
(-0.04820874748 1.2525 0.102)
(-0.04820874748 1.2525 0.17)
(-0.04820874748 1.2525 0.238)
(-0.04820874748 1.2525 0.306)
(-0.04820874748 1.2525 0.374)
(-0.04820874748 1.2525 0.442)
(-0.09641749495 1.336 -0.51)
(-0.09641749495 1.336 -0.442)
(-0.09641749495 1.336 -0.374)
(-0.09641749495 1.336 -0.306)
(-0.09641749495 1.336 -0.238)
(-0.09641749495 1.336 -0.17)
(-0.09641749495 1.336 -0.102)
(-0.09641749495 1.336 -0.034)
(-0.09641749495 1.336 0.034)
(-0.09641749495 1.336 0.102)
(-0.09641749495 1.336 0.17)
(-0.09641749495 1.336 0.238)
(-0.09641749495 1.336 0.306)
(-0.09641749495 1.336 0.374)
(-0.09641749495 1.336 0.442)
(-0.04820874748 -1.4195 -0.51)
(0.04820874748 -1.4195 -0.51)
(0 -1.336 -0.51)
(-0.04820874748 -1.4195 -0.442)
(0.04820874748 -1.4195 -0.442)
(0 -1.336 -0.442)
(-0.04820874748 -1.4195 -0.374)
(0.04820874748 -1.4195 -0.374)
(0 -1.336 -0.374)
(-0.04820874748 -1.4195 -0.306)
(0.04820874748 -1.4195 -0.306)
(0 -1.336 -0.306)
(-0.04820874748 -1.4195 -0.238)
(0.04820874748 -1.4195 -0.238)
(0 -1.336 -0.238)
(-0.04820874748 -1.4195 -0.17)
(0.04820874748 -1.4195 -0.17)
(0 -1.336 -0.17)
(-0.04820874748 -1.4195 -0.102)
(0.04820874748 -1.4195 -0.102)
(0 -1.336 -0.102)
(-0.04820874748 -1.4195 -0.034)
(0.04820874748 -1.4195 -0.034)
(0 -1.336 -0.034)
(-0.04820874748 -1.4195 0.034)
(0.04820874748 -1.4195 0.034)
(0 -1.336 0.034)
(-0.04820874748 -1.4195 0.102)
(0.04820874748 -1.4195 0.102)
(0 -1.336 0.102)
(-0.04820874748 -1.4195 0.17)
(0.04820874748 -1.4195 0.17)
(0 -1.336 0.17)
(-0.04820874748 -1.4195 0.238)
(0.04820874748 -1.4195 0.238)
(0 -1.336 0.238)
(-0.04820874748 -1.4195 0.306)
(0.04820874748 -1.4195 0.306)
(0 -1.336 0.306)
(-0.04820874748 -1.4195 0.374)
(0.04820874748 -1.4195 0.374)
(0 -1.336 0.374)
(-0.04820874748 -1.4195 0.442)
(0.04820874748 -1.4195 0.442)
(0 -1.336 0.442)
(0.09641749495 -1.336 -0.51)
(0.09641749495 -1.336 -0.442)
(0.09641749495 -1.336 -0.374)
(0.09641749495 -1.336 -0.306)
(0.09641749495 -1.336 -0.238)
(0.09641749495 -1.336 -0.17)
(0.09641749495 -1.336 -0.102)
(0.09641749495 -1.336 -0.034)
(0.09641749495 -1.336 0.034)
(0.09641749495 -1.336 0.102)
(0.09641749495 -1.336 0.17)
(0.09641749495 -1.336 0.238)
(0.09641749495 -1.336 0.306)
(0.09641749495 -1.336 0.374)
(0.09641749495 -1.336 0.442)
(0.04820874748 -1.2525 -0.51)
(0.04820874748 -1.2525 -0.442)
(0.04820874748 -1.2525 -0.374)
(0.04820874748 -1.2525 -0.306)
(0.04820874748 -1.2525 -0.238)
(0.04820874748 -1.2525 -0.17)
(0.04820874748 -1.2525 -0.102)
(0.04820874748 -1.2525 -0.034)
(0.04820874748 -1.2525 0.034)
(0.04820874748 -1.2525 0.102)
(0.04820874748 -1.2525 0.17)
(0.04820874748 -1.2525 0.238)
(0.04820874748 -1.2525 0.306)
(0.04820874748 -1.2525 0.374)
(0.04820874748 -1.2525 0.442)
(0 -1.169 -0.51)
(0 -1.169 -0.442)
(0 -1.169 -0.374)
(0 -1.169 -0.306)
(0 -1.169 -0.238)
(0 -1.169 -0.17)
(0 -1.169 -0.102)
(0 -1.169 -0.034)
(0 -1.169 0.034)
(0 -1.169 0.102)
(0 -1.169 0.17)
(0 -1.169 0.238)
(0 -1.169 0.306)
(0 -1.169 0.374)
(0 -1.169 0.442)
(0.09641749495 -1.169 -0.51)
(0.09641749495 -1.169 -0.442)
(0.09641749495 -1.169 -0.374)
(0.09641749495 -1.169 -0.306)
(0.09641749495 -1.169 -0.238)
(0.09641749495 -1.169 -0.17)
(0.09641749495 -1.169 -0.102)
(0.09641749495 -1.169 -0.034)
(0.09641749495 -1.169 0.034)
(0.09641749495 -1.169 0.102)
(0.09641749495 -1.169 0.17)
(0.09641749495 -1.169 0.238)
(0.09641749495 -1.169 0.306)
(0.09641749495 -1.169 0.374)
(0.09641749495 -1.169 0.442)
(0 1.169 -0.51)
(0 1.169 -0.442)
(0 1.169 -0.374)
(0 1.169 -0.306)
(0 1.169 -0.238)
(0 1.169 -0.17)
(0 1.169 -0.102)
(0 1.169 -0.034)
(0 1.169 0.034)
(0 1.169 0.102)
(0 1.169 0.17)
(0 1.169 0.238)
(0 1.169 0.306)
(0 1.169 0.374)
(0 1.169 0.442)
(0.09641749495 1.169 -0.51)
(0.09641749495 1.169 -0.442)
(0.09641749495 1.169 -0.374)
(0.09641749495 1.169 -0.306)
(0.09641749495 1.169 -0.238)
(0.09641749495 1.169 -0.17)
(0.09641749495 1.169 -0.102)
(0.09641749495 1.169 -0.034)
(0.09641749495 1.169 0.034)
(0.09641749495 1.169 0.102)
(0.09641749495 1.169 0.17)
(0.09641749495 1.169 0.238)
(0.09641749495 1.169 0.306)
(0.09641749495 1.169 0.374)
(0.09641749495 1.169 0.442)
(0.04820874748 1.2525 -0.51)
(0.04820874748 1.2525 -0.442)
(0.04820874748 1.2525 -0.374)
(0.04820874748 1.2525 -0.306)
(0.04820874748 1.2525 -0.238)
(0.04820874748 1.2525 -0.17)
(0.04820874748 1.2525 -0.102)
(0.04820874748 1.2525 -0.034)
(0.04820874748 1.2525 0.034)
(0.04820874748 1.2525 0.102)
(0.04820874748 1.2525 0.17)
(0.04820874748 1.2525 0.238)
(0.04820874748 1.2525 0.306)
(0.04820874748 1.2525 0.374)
(0.04820874748 1.2525 0.442)
(0 1.336 -0.51)
(0 1.336 -0.442)
(0 1.336 -0.374)
(0 1.336 -0.306)
(0 1.336 -0.238)
(0 1.336 -0.17)
(0 1.336 -0.102)
(0 1.336 -0.034)
(0 1.336 0.034)
(0 1.336 0.102)
(0 1.336 0.17)
(0 1.336 0.238)
(0 1.336 0.306)
(0 1.336 0.374)
(0 1.336 0.442)
(0.09641749495 1.336 -0.51)
(0.09641749495 1.336 -0.442)
(0.09641749495 1.336 -0.374)
(0.09641749495 1.336 -0.306)
(0.09641749495 1.336 -0.238)
(0.09641749495 1.336 -0.17)
(0.09641749495 1.336 -0.102)
(0.09641749495 1.336 -0.034)
(0.09641749495 1.336 0.034)
(0.09641749495 1.336 0.102)
(0.09641749495 1.336 0.17)
(0.09641749495 1.336 0.238)
(0.09641749495 1.336 0.306)
(0.09641749495 1.336 0.374)
(0.09641749495 1.336 0.442)
(-0.04820874748 1.4195 -0.51)
(0.04820874748 1.4195 -0.51)
(-0.04820874748 1.4195 -0.442)
(0.04820874748 1.4195 -0.442)
(-0.04820874748 1.4195 -0.374)
(0.04820874748 1.4195 -0.374)
(-0.04820874748 1.4195 -0.306)
(0.04820874748 1.4195 -0.306)
(-0.04820874748 1.4195 -0.238)
(0.04820874748 1.4195 -0.238)
(-0.04820874748 1.4195 -0.17)
(0.04820874748 1.4195 -0.17)
(-0.04820874748 1.4195 -0.102)
(0.04820874748 1.4195 -0.102)
(-0.04820874748 1.4195 -0.034)
(0.04820874748 1.4195 -0.034)
(-0.04820874748 1.4195 0.034)
(0.04820874748 1.4195 0.034)
(-0.04820874748 1.4195 0.102)
(0.04820874748 1.4195 0.102)
(-0.04820874748 1.4195 0.17)
(0.04820874748 1.4195 0.17)
(-0.04820874748 1.4195 0.238)
(0.04820874748 1.4195 0.238)
(-0.04820874748 1.4195 0.306)
(0.04820874748 1.4195 0.306)
(-0.04820874748 1.4195 0.374)
(0.04820874748 1.4195 0.374)
(-0.04820874748 1.4195 0.442)
(0.04820874748 1.4195 0.442)
(0.1928349899 -1.336 -0.51)
(0.1446262424 -1.2525 -0.51)
(0.1928349899 -1.336 -0.442)
(0.1446262424 -1.2525 -0.442)
(0.1928349899 -1.336 -0.374)
(0.1446262424 -1.2525 -0.374)
(0.1928349899 -1.336 -0.306)
(0.1446262424 -1.2525 -0.306)
(0.1928349899 -1.336 -0.238)
(0.1446262424 -1.2525 -0.238)
(0.1928349899 -1.336 -0.17)
(0.1446262424 -1.2525 -0.17)
(0.1928349899 -1.336 -0.102)
(0.1446262424 -1.2525 -0.102)
(0.1928349899 -1.336 -0.034)
(0.1446262424 -1.2525 -0.034)
(0.1928349899 -1.336 0.034)
(0.1446262424 -1.2525 0.034)
(0.1928349899 -1.336 0.102)
(0.1446262424 -1.2525 0.102)
(0.1928349899 -1.336 0.17)
(0.1446262424 -1.2525 0.17)
(0.1928349899 -1.336 0.238)
(0.1446262424 -1.2525 0.238)
(0.1928349899 -1.336 0.306)
(0.1446262424 -1.2525 0.306)
(0.1928349899 -1.336 0.374)
(0.1446262424 -1.2525 0.374)
(0.1928349899 -1.336 0.442)
(0.1446262424 -1.2525 0.442)
(0.2410437374 -1.2525 -0.51)
(0.2410437374 -1.2525 -0.442)
(0.2410437374 -1.2525 -0.374)
(0.2410437374 -1.2525 -0.306)
(0.2410437374 -1.2525 -0.238)
(0.2410437374 -1.2525 -0.17)
(0.2410437374 -1.2525 -0.102)
(0.2410437374 -1.2525 -0.034)
(0.2410437374 -1.2525 0.034)
(0.2410437374 -1.2525 0.102)
(0.2410437374 -1.2525 0.17)
(0.2410437374 -1.2525 0.238)
(0.2410437374 -1.2525 0.306)
(0.2410437374 -1.2525 0.374)
(0.2410437374 -1.2525 0.442)
(0.1928349899 -1.169 -0.51)
(0.1928349899 -1.169 -0.442)
(0.1928349899 -1.169 -0.374)
(0.1928349899 -1.169 -0.306)
(0.1928349899 -1.169 -0.238)
(0.1928349899 -1.169 -0.17)
(0.1928349899 -1.169 -0.102)
(0.1928349899 -1.169 -0.034)
(0.1928349899 -1.169 0.034)
(0.1928349899 -1.169 0.102)
(0.1928349899 -1.169 0.17)
(0.1928349899 -1.169 0.238)
(0.1928349899 -1.169 0.306)
(0.1928349899 -1.169 0.374)
(0.1928349899 -1.169 0.442)
(0.1446262424 -1.0855 -0.51)
(0.1446262424 -1.0855 -0.442)
(0.1446262424 -1.0855 -0.374)
(0.1446262424 -1.0855 -0.306)
(0.1446262424 -1.0855 -0.238)
(0.1446262424 -1.0855 -0.17)
(0.1446262424 -1.0855 -0.102)
(0.1446262424 -1.0855 -0.034)
(0.1446262424 -1.0855 0.034)
(0.1446262424 -1.0855 0.102)
(0.1446262424 -1.0855 0.17)
(0.1446262424 -1.0855 0.238)
(0.1446262424 -1.0855 0.306)
(0.1446262424 -1.0855 0.374)
(0.1446262424 -1.0855 0.442)
(0.1446262424 1.0855 -0.51)
(0.1446262424 1.0855 -0.442)
(0.1446262424 1.0855 -0.374)
(0.1446262424 1.0855 -0.306)
(0.1446262424 1.0855 -0.238)
(0.1446262424 1.0855 -0.17)
(0.1446262424 1.0855 -0.102)
(0.1446262424 1.0855 -0.034)
(0.1446262424 1.0855 0.034)
(0.1446262424 1.0855 0.102)
(0.1446262424 1.0855 0.17)
(0.1446262424 1.0855 0.238)
(0.1446262424 1.0855 0.306)
(0.1446262424 1.0855 0.374)
(0.1446262424 1.0855 0.442)
(0.1928349899 1.169 -0.51)
(0.1928349899 1.169 -0.442)
(0.1928349899 1.169 -0.374)
(0.1928349899 1.169 -0.306)
(0.1928349899 1.169 -0.238)
(0.1928349899 1.169 -0.17)
(0.1928349899 1.169 -0.102)
(0.1928349899 1.169 -0.034)
(0.1928349899 1.169 0.034)
(0.1928349899 1.169 0.102)
(0.1928349899 1.169 0.17)
(0.1928349899 1.169 0.238)
(0.1928349899 1.169 0.306)
(0.1928349899 1.169 0.374)
(0.1928349899 1.169 0.442)
(0.1446262424 1.2525 -0.51)
(0.1446262424 1.2525 -0.442)
(0.1446262424 1.2525 -0.374)
(0.1446262424 1.2525 -0.306)
(0.1446262424 1.2525 -0.238)
(0.1446262424 1.2525 -0.17)
(0.1446262424 1.2525 -0.102)
(0.1446262424 1.2525 -0.034)
(0.1446262424 1.2525 0.034)
(0.1446262424 1.2525 0.102)
(0.1446262424 1.2525 0.17)
(0.1446262424 1.2525 0.238)
(0.1446262424 1.2525 0.306)
(0.1446262424 1.2525 0.374)
(0.1446262424 1.2525 0.442)
(0.2410437374 1.2525 -0.51)
(0.2410437374 1.2525 -0.442)
(0.2410437374 1.2525 -0.374)
(0.2410437374 1.2525 -0.306)
(0.2410437374 1.2525 -0.238)
(0.2410437374 1.2525 -0.17)
(0.2410437374 1.2525 -0.102)
(0.2410437374 1.2525 -0.034)
(0.2410437374 1.2525 0.034)
(0.2410437374 1.2525 0.102)
(0.2410437374 1.2525 0.17)
(0.2410437374 1.2525 0.238)
(0.2410437374 1.2525 0.306)
(0.2410437374 1.2525 0.374)
(0.2410437374 1.2525 0.442)
(0.1928349899 1.336 -0.51)
(0.1928349899 1.336 -0.442)
(0.1928349899 1.336 -0.374)
(0.1928349899 1.336 -0.306)
(0.1928349899 1.336 -0.238)
(0.1928349899 1.336 -0.17)
(0.1928349899 1.336 -0.102)
(0.1928349899 1.336 -0.034)
(0.1928349899 1.336 0.034)
(0.1928349899 1.336 0.102)
(0.1928349899 1.336 0.17)
(0.1928349899 1.336 0.238)
(0.1928349899 1.336 0.306)
(0.1928349899 1.336 0.374)
(0.1928349899 1.336 0.442)
(0.2410437374 -1.4195 -0.51)
(0.3374612323 -1.4195 -0.51)
(0.2892524849 -1.336 -0.51)
(0.2410437374 -1.4195 -0.442)
(0.3374612323 -1.4195 -0.442)
(0.2892524849 -1.336 -0.442)
(0.2410437374 -1.4195 -0.374)
(0.3374612323 -1.4195 -0.374)
(0.2892524849 -1.336 -0.374)
(0.2410437374 -1.4195 -0.306)
(0.3374612323 -1.4195 -0.306)
(0.2892524849 -1.336 -0.306)
(0.2410437374 -1.4195 -0.238)
(0.3374612323 -1.4195 -0.238)
(0.2892524849 -1.336 -0.238)
(0.2410437374 -1.4195 -0.17)
(0.3374612323 -1.4195 -0.17)
(0.2892524849 -1.336 -0.17)
(0.2410437374 -1.4195 -0.102)
(0.3374612323 -1.4195 -0.102)
(0.2892524849 -1.336 -0.102)
(0.2410437374 -1.4195 -0.034)
(0.3374612323 -1.4195 -0.034)
(0.2892524849 -1.336 -0.034)
(0.2410437374 -1.4195 0.034)
(0.3374612323 -1.4195 0.034)
(0.2892524849 -1.336 0.034)
(0.2410437374 -1.4195 0.102)
(0.3374612323 -1.4195 0.102)
(0.2892524849 -1.336 0.102)
(0.2410437374 -1.4195 0.17)
(0.3374612323 -1.4195 0.17)
(0.2892524849 -1.336 0.17)
(0.2410437374 -1.4195 0.238)
(0.3374612323 -1.4195 0.238)
(0.2892524849 -1.336 0.238)
(0.2410437374 -1.4195 0.306)
(0.3374612323 -1.4195 0.306)
(0.2892524849 -1.336 0.306)
(0.2410437374 -1.4195 0.374)
(0.3374612323 -1.4195 0.374)
(0.2892524849 -1.336 0.374)
(0.2410437374 -1.4195 0.442)
(0.3374612323 -1.4195 0.442)
(0.2892524849 -1.336 0.442)
(0.3856699798 -1.336 -0.51)
(0.3856699798 -1.336 -0.442)
(0.3856699798 -1.336 -0.374)
(0.3856699798 -1.336 -0.306)
(0.3856699798 -1.336 -0.238)
(0.3856699798 -1.336 -0.17)
(0.3856699798 -1.336 -0.102)
(0.3856699798 -1.336 -0.034)
(0.3856699798 -1.336 0.034)
(0.3856699798 -1.336 0.102)
(0.3856699798 -1.336 0.17)
(0.3856699798 -1.336 0.238)
(0.3856699798 -1.336 0.306)
(0.3856699798 -1.336 0.374)
(0.3856699798 -1.336 0.442)
(0.3374612323 -1.2525 -0.51)
(0.3374612323 -1.2525 -0.442)
(0.3374612323 -1.2525 -0.374)
(0.3374612323 -1.2525 -0.306)
(0.3374612323 -1.2525 -0.238)
(0.3374612323 -1.2525 -0.17)
(0.3374612323 -1.2525 -0.102)
(0.3374612323 -1.2525 -0.034)
(0.3374612323 -1.2525 0.034)
(0.3374612323 -1.2525 0.102)
(0.3374612323 -1.2525 0.17)
(0.3374612323 -1.2525 0.238)
(0.3374612323 -1.2525 0.306)
(0.3374612323 -1.2525 0.374)
(0.3374612323 -1.2525 0.442)
(0.2892524849 -1.169 -0.51)
(0.2892524849 -1.169 -0.442)
(0.2892524849 -1.169 -0.374)
(0.2892524849 -1.169 -0.306)
(0.2892524849 -1.169 -0.238)
(0.2892524849 -1.169 -0.17)
(0.2892524849 -1.169 -0.102)
(0.2892524849 -1.169 -0.034)
(0.2892524849 -1.169 0.034)
(0.2892524849 -1.169 0.102)
(0.2892524849 -1.169 0.17)
(0.2892524849 -1.169 0.238)
(0.2892524849 -1.169 0.306)
(0.2892524849 -1.169 0.374)
(0.2892524849 -1.169 0.442)
(0.3856699798 -1.169 -0.51)
(0.3856699798 -1.169 -0.442)
(0.3856699798 -1.169 -0.374)
(0.3856699798 -1.169 -0.306)
(0.3856699798 -1.169 -0.238)
(0.3856699798 -1.169 -0.17)
(0.3856699798 -1.169 -0.102)
(0.3856699798 -1.169 -0.034)
(0.3856699798 -1.169 0.034)
(0.3856699798 -1.169 0.102)
(0.3856699798 -1.169 0.17)
(0.3856699798 -1.169 0.238)
(0.3856699798 -1.169 0.306)
(0.3856699798 -1.169 0.374)
(0.3856699798 -1.169 0.442)
(0.2892524849 1.169 -0.51)
(0.2892524849 1.169 -0.442)
(0.2892524849 1.169 -0.374)
(0.2892524849 1.169 -0.306)
(0.2892524849 1.169 -0.238)
(0.2892524849 1.169 -0.17)
(0.2892524849 1.169 -0.102)
(0.2892524849 1.169 -0.034)
(0.2892524849 1.169 0.034)
(0.2892524849 1.169 0.102)
(0.2892524849 1.169 0.17)
(0.2892524849 1.169 0.238)
(0.2892524849 1.169 0.306)
(0.2892524849 1.169 0.374)
(0.2892524849 1.169 0.442)
(0.3856699798 1.169 -0.51)
(0.3856699798 1.169 -0.442)
(0.3856699798 1.169 -0.374)
(0.3856699798 1.169 -0.306)
(0.3856699798 1.169 -0.238)
(0.3856699798 1.169 -0.17)
(0.3856699798 1.169 -0.102)
(0.3856699798 1.169 -0.034)
(0.3856699798 1.169 0.034)
(0.3856699798 1.169 0.102)
(0.3856699798 1.169 0.17)
(0.3856699798 1.169 0.238)
(0.3856699798 1.169 0.306)
(0.3856699798 1.169 0.374)
(0.3856699798 1.169 0.442)
(0.3374612323 1.2525 -0.51)
(0.3374612323 1.2525 -0.442)
(0.3374612323 1.2525 -0.374)
(0.3374612323 1.2525 -0.306)
(0.3374612323 1.2525 -0.238)
(0.3374612323 1.2525 -0.17)
(0.3374612323 1.2525 -0.102)
(0.3374612323 1.2525 -0.034)
(0.3374612323 1.2525 0.034)
(0.3374612323 1.2525 0.102)
(0.3374612323 1.2525 0.17)
(0.3374612323 1.2525 0.238)
(0.3374612323 1.2525 0.306)
(0.3374612323 1.2525 0.374)
(0.3374612323 1.2525 0.442)
(0.2892524849 1.336 -0.51)
(0.2892524849 1.336 -0.442)
(0.2892524849 1.336 -0.374)
(0.2892524849 1.336 -0.306)
(0.2892524849 1.336 -0.238)
(0.2892524849 1.336 -0.17)
(0.2892524849 1.336 -0.102)
(0.2892524849 1.336 -0.034)
(0.2892524849 1.336 0.034)
(0.2892524849 1.336 0.102)
(0.2892524849 1.336 0.17)
(0.2892524849 1.336 0.238)
(0.2892524849 1.336 0.306)
(0.2892524849 1.336 0.374)
(0.2892524849 1.336 0.442)
(0.3856699798 1.336 -0.51)
(0.3856699798 1.336 -0.442)
(0.3856699798 1.336 -0.374)
(0.3856699798 1.336 -0.306)
(0.3856699798 1.336 -0.238)
(0.3856699798 1.336 -0.17)
(0.3856699798 1.336 -0.102)
(0.3856699798 1.336 -0.034)
(0.3856699798 1.336 0.034)
(0.3856699798 1.336 0.102)
(0.3856699798 1.336 0.17)
(0.3856699798 1.336 0.238)
(0.3856699798 1.336 0.306)
(0.3856699798 1.336 0.374)
(0.3856699798 1.336 0.442)
(0.2410437374 1.4195 -0.51)
(0.3374612323 1.4195 -0.51)
(0.2410437374 1.4195 -0.442)
(0.3374612323 1.4195 -0.442)
(0.2410437374 1.4195 -0.374)
(0.3374612323 1.4195 -0.374)
(0.2410437374 1.4195 -0.306)
(0.3374612323 1.4195 -0.306)
(0.2410437374 1.4195 -0.238)
(0.3374612323 1.4195 -0.238)
(0.2410437374 1.4195 -0.17)
(0.3374612323 1.4195 -0.17)
(0.2410437374 1.4195 -0.102)
(0.3374612323 1.4195 -0.102)
(0.2410437374 1.4195 -0.034)
(0.3374612323 1.4195 -0.034)
(0.2410437374 1.4195 0.034)
(0.3374612323 1.4195 0.034)
(0.2410437374 1.4195 0.102)
(0.3374612323 1.4195 0.102)
(0.2410437374 1.4195 0.17)
(0.3374612323 1.4195 0.17)
(0.2410437374 1.4195 0.238)
(0.3374612323 1.4195 0.238)
(0.2410437374 1.4195 0.306)
(0.3374612323 1.4195 0.306)
(0.2410437374 1.4195 0.374)
(0.3374612323 1.4195 0.374)
(0.2410437374 1.4195 0.442)
(0.3374612323 1.4195 0.442)
(0.4820874748 -1.336 -0.51)
(0.4338787273 -1.2525 -0.51)
(0.4820874748 -1.336 -0.442)
(0.4338787273 -1.2525 -0.442)
(0.4820874748 -1.336 -0.374)
(0.4338787273 -1.2525 -0.374)
(0.4820874748 -1.336 -0.306)
(0.4338787273 -1.2525 -0.306)
(0.4820874748 -1.336 -0.238)
(0.4338787273 -1.2525 -0.238)
(0.4820874748 -1.336 -0.17)
(0.4338787273 -1.2525 -0.17)
(0.4820874748 -1.336 -0.102)
(0.4338787273 -1.2525 -0.102)
(0.4820874748 -1.336 -0.034)
(0.4338787273 -1.2525 -0.034)
(0.4820874748 -1.336 0.034)
(0.4338787273 -1.2525 0.034)
(0.4820874748 -1.336 0.102)
(0.4338787273 -1.2525 0.102)
(0.4820874748 -1.336 0.17)
(0.4338787273 -1.2525 0.17)
(0.4820874748 -1.336 0.238)
(0.4338787273 -1.2525 0.238)
(0.4820874748 -1.336 0.306)
(0.4338787273 -1.2525 0.306)
(0.4820874748 -1.336 0.374)
(0.4338787273 -1.2525 0.374)
(0.4820874748 -1.336 0.442)
(0.4338787273 -1.2525 0.442)
(0.5302962223 -1.2525 -0.51)
(0.5302962223 -1.2525 -0.442)
(0.5302962223 -1.2525 -0.374)
(0.5302962223 -1.2525 -0.306)
(0.5302962223 -1.2525 -0.238)
(0.5302962223 -1.2525 -0.17)
(0.5302962223 -1.2525 -0.102)
(0.5302962223 -1.2525 -0.034)
(0.5302962223 -1.2525 0.034)
(0.5302962223 -1.2525 0.102)
(0.5302962223 -1.2525 0.17)
(0.5302962223 -1.2525 0.238)
(0.5302962223 -1.2525 0.306)
(0.5302962223 -1.2525 0.374)
(0.5302962223 -1.2525 0.442)
(0.4820874748 -1.169 -0.51)
(0.4820874748 -1.169 -0.442)
(0.4820874748 -1.169 -0.374)
(0.4820874748 -1.169 -0.306)
(0.4820874748 -1.169 -0.238)
(0.4820874748 -1.169 -0.17)
(0.4820874748 -1.169 -0.102)
(0.4820874748 -1.169 -0.034)
(0.4820874748 -1.169 0.034)
(0.4820874748 -1.169 0.102)
(0.4820874748 -1.169 0.17)
(0.4820874748 -1.169 0.238)
(0.4820874748 -1.169 0.306)
(0.4820874748 -1.169 0.374)
(0.4820874748 -1.169 0.442)
(0.4338787273 -1.0855 -0.51)
(0.4338787273 -1.0855 -0.442)
(0.4338787273 -1.0855 -0.374)
(0.4338787273 -1.0855 -0.306)
(0.4338787273 -1.0855 -0.238)
(0.4338787273 -1.0855 -0.17)
(0.4338787273 -1.0855 -0.102)
(0.4338787273 -1.0855 -0.034)
(0.4338787273 -1.0855 0.034)
(0.4338787273 -1.0855 0.102)
(0.4338787273 -1.0855 0.17)
(0.4338787273 -1.0855 0.238)
(0.4338787273 -1.0855 0.306)
(0.4338787273 -1.0855 0.374)
(0.4338787273 -1.0855 0.442)
(0.5302962223 -1.0855 -0.51)
(0.5302962223 -1.0855 -0.442)
(0.5302962223 -1.0855 -0.374)
(0.5302962223 -1.0855 -0.306)
(0.5302962223 -1.0855 -0.238)
(0.5302962223 -1.0855 -0.17)
(0.5302962223 -1.0855 -0.102)
(0.5302962223 -1.0855 -0.034)
(0.5302962223 -1.0855 0.034)
(0.5302962223 -1.0855 0.102)
(0.5302962223 -1.0855 0.17)
(0.5302962223 -1.0855 0.238)
(0.5302962223 -1.0855 0.306)
(0.5302962223 -1.0855 0.374)
(0.5302962223 -1.0855 0.442)
(0.4338787273 1.0855 -0.51)
(0.4338787273 1.0855 -0.442)
(0.4338787273 1.0855 -0.374)
(0.4338787273 1.0855 -0.306)
(0.4338787273 1.0855 -0.238)
(0.4338787273 1.0855 -0.17)
(0.4338787273 1.0855 -0.102)
(0.4338787273 1.0855 -0.034)
(0.4338787273 1.0855 0.034)
(0.4338787273 1.0855 0.102)
(0.4338787273 1.0855 0.17)
(0.4338787273 1.0855 0.238)
(0.4338787273 1.0855 0.306)
(0.4338787273 1.0855 0.374)
(0.4338787273 1.0855 0.442)
(0.5302962223 1.0855 -0.51)
(0.5302962223 1.0855 -0.442)
(0.5302962223 1.0855 -0.374)
(0.5302962223 1.0855 -0.306)
(0.5302962223 1.0855 -0.238)
(0.5302962223 1.0855 -0.17)
(0.5302962223 1.0855 -0.102)
(0.5302962223 1.0855 -0.034)
(0.5302962223 1.0855 0.034)
(0.5302962223 1.0855 0.102)
(0.5302962223 1.0855 0.17)
(0.5302962223 1.0855 0.238)
(0.5302962223 1.0855 0.306)
(0.5302962223 1.0855 0.374)
(0.5302962223 1.0855 0.442)
(0.4820874748 1.169 -0.51)
(0.4820874748 1.169 -0.442)
(0.4820874748 1.169 -0.374)
(0.4820874748 1.169 -0.306)
(0.4820874748 1.169 -0.238)
(0.4820874748 1.169 -0.17)
(0.4820874748 1.169 -0.102)
(0.4820874748 1.169 -0.034)
(0.4820874748 1.169 0.034)
(0.4820874748 1.169 0.102)
(0.4820874748 1.169 0.17)
(0.4820874748 1.169 0.238)
(0.4820874748 1.169 0.306)
(0.4820874748 1.169 0.374)
(0.4820874748 1.169 0.442)
(0.4338787273 1.2525 -0.51)
(0.4338787273 1.2525 -0.442)
(0.4338787273 1.2525 -0.374)
(0.4338787273 1.2525 -0.306)
(0.4338787273 1.2525 -0.238)
(0.4338787273 1.2525 -0.17)
(0.4338787273 1.2525 -0.102)
(0.4338787273 1.2525 -0.034)
(0.4338787273 1.2525 0.034)
(0.4338787273 1.2525 0.102)
(0.4338787273 1.2525 0.17)
(0.4338787273 1.2525 0.238)
(0.4338787273 1.2525 0.306)
(0.4338787273 1.2525 0.374)
(0.4338787273 1.2525 0.442)
(0.5302962223 1.2525 -0.51)
(0.5302962223 1.2525 -0.442)
(0.5302962223 1.2525 -0.374)
(0.5302962223 1.2525 -0.306)
(0.5302962223 1.2525 -0.238)
(0.5302962223 1.2525 -0.17)
(0.5302962223 1.2525 -0.102)
(0.5302962223 1.2525 -0.034)
(0.5302962223 1.2525 0.034)
(0.5302962223 1.2525 0.102)
(0.5302962223 1.2525 0.17)
(0.5302962223 1.2525 0.238)
(0.5302962223 1.2525 0.306)
(0.5302962223 1.2525 0.374)
(0.5302962223 1.2525 0.442)
(0.4820874748 1.336 -0.51)
(0.4820874748 1.336 -0.442)
(0.4820874748 1.336 -0.374)
(0.4820874748 1.336 -0.306)
(0.4820874748 1.336 -0.238)
(0.4820874748 1.336 -0.17)
(0.4820874748 1.336 -0.102)
(0.4820874748 1.336 -0.034)
(0.4820874748 1.336 0.034)
(0.4820874748 1.336 0.102)
(0.4820874748 1.336 0.17)
(0.4820874748 1.336 0.238)
(0.4820874748 1.336 0.306)
(0.4820874748 1.336 0.374)
(0.4820874748 1.336 0.442)
(0.6267137172 -1.2525 -0.51)
(0.5785049697 -1.169 -0.51)
(0.6267137172 -1.2525 -0.442)
(0.5785049697 -1.169 -0.442)
(0.6267137172 -1.2525 -0.374)
(0.5785049697 -1.169 -0.374)
(0.6267137172 -1.2525 -0.306)
(0.5785049697 -1.169 -0.306)
(0.6267137172 -1.2525 -0.238)
(0.5785049697 -1.169 -0.238)
(0.6267137172 -1.2525 -0.17)
(0.5785049697 -1.169 -0.17)
(0.6267137172 -1.2525 -0.102)
(0.5785049697 -1.169 -0.102)
(0.6267137172 -1.2525 -0.034)
(0.5785049697 -1.169 -0.034)
(0.6267137172 -1.2525 0.034)
(0.5785049697 -1.169 0.034)
(0.6267137172 -1.2525 0.102)
(0.5785049697 -1.169 0.102)
(0.6267137172 -1.2525 0.17)
(0.5785049697 -1.169 0.17)
(0.6267137172 -1.2525 0.238)
(0.5785049697 -1.169 0.238)
(0.6267137172 -1.2525 0.306)
(0.5785049697 -1.169 0.306)
(0.6267137172 -1.2525 0.374)
(0.5785049697 -1.169 0.374)
(0.6267137172 -1.2525 0.442)
(0.5785049697 -1.169 0.442)
(0.6749224647 -1.169 -0.51)
(0.6749224647 -1.169 -0.442)
(0.6749224647 -1.169 -0.374)
(0.6749224647 -1.169 -0.306)
(0.6749224647 -1.169 -0.238)
(0.6749224647 -1.169 -0.17)
(0.6749224647 -1.169 -0.102)
(0.6749224647 -1.169 -0.034)
(0.6749224647 -1.169 0.034)
(0.6749224647 -1.169 0.102)
(0.6749224647 -1.169 0.17)
(0.6749224647 -1.169 0.238)
(0.6749224647 -1.169 0.306)
(0.6749224647 -1.169 0.374)
(0.6749224647 -1.169 0.442)
(0.6267137172 -1.0855 -0.51)
(0.6267137172 -1.0855 -0.442)
(0.6267137172 -1.0855 -0.374)
(0.6267137172 -1.0855 -0.306)
(0.6267137172 -1.0855 -0.238)
(0.6267137172 -1.0855 -0.17)
(0.6267137172 -1.0855 -0.102)
(0.6267137172 -1.0855 -0.034)
(0.6267137172 -1.0855 0.034)
(0.6267137172 -1.0855 0.102)
(0.6267137172 -1.0855 0.17)
(0.6267137172 -1.0855 0.238)
(0.6267137172 -1.0855 0.306)
(0.6267137172 -1.0855 0.374)
(0.6267137172 -1.0855 0.442)
(0.5785049697 -1.002 -0.51)
(0.5785049697 -1.002 -0.442)
(0.5785049697 -1.002 -0.374)
(0.5785049697 -1.002 -0.306)
(0.5785049697 -1.002 -0.238)
(0.5785049697 -1.002 -0.17)
(0.5785049697 -1.002 -0.102)
(0.5785049697 -1.002 -0.034)
(0.5785049697 -1.002 0.034)
(0.5785049697 -1.002 0.102)
(0.5785049697 -1.002 0.17)
(0.5785049697 -1.002 0.238)
(0.5785049697 -1.002 0.306)
(0.5785049697 -1.002 0.374)
(0.5785049697 -1.002 0.442)
(0.6749224647 -1.002 -0.51)
(0.6749224647 -1.002 -0.442)
(0.6749224647 -1.002 -0.374)
(0.6749224647 -1.002 -0.306)
(0.6749224647 -1.002 -0.238)
(0.6749224647 -1.002 -0.17)
(0.6749224647 -1.002 -0.102)
(0.6749224647 -1.002 -0.034)
(0.6749224647 -1.002 0.034)
(0.6749224647 -1.002 0.102)
(0.6749224647 -1.002 0.17)
(0.6749224647 -1.002 0.238)
(0.6749224647 -1.002 0.306)
(0.6749224647 -1.002 0.374)
(0.6749224647 -1.002 0.442)
(0.5785049697 1.002 -0.51)
(0.5785049697 1.002 -0.442)
(0.5785049697 1.002 -0.374)
(0.5785049697 1.002 -0.306)
(0.5785049697 1.002 -0.238)
(0.5785049697 1.002 -0.17)
(0.5785049697 1.002 -0.102)
(0.5785049697 1.002 -0.034)
(0.5785049697 1.002 0.034)
(0.5785049697 1.002 0.102)
(0.5785049697 1.002 0.17)
(0.5785049697 1.002 0.238)
(0.5785049697 1.002 0.306)
(0.5785049697 1.002 0.374)
(0.5785049697 1.002 0.442)
(0.6749224647 1.002 -0.51)
(0.6749224647 1.002 -0.442)
(0.6749224647 1.002 -0.374)
(0.6749224647 1.002 -0.306)
(0.6749224647 1.002 -0.238)
(0.6749224647 1.002 -0.17)
(0.6749224647 1.002 -0.102)
(0.6749224647 1.002 -0.034)
(0.6749224647 1.002 0.034)
(0.6749224647 1.002 0.102)
(0.6749224647 1.002 0.17)
(0.6749224647 1.002 0.238)
(0.6749224647 1.002 0.306)
(0.6749224647 1.002 0.374)
(0.6749224647 1.002 0.442)
(0.6267137172 1.0855 -0.51)
(0.6267137172 1.0855 -0.442)
(0.6267137172 1.0855 -0.374)
(0.6267137172 1.0855 -0.306)
(0.6267137172 1.0855 -0.238)
(0.6267137172 1.0855 -0.17)
(0.6267137172 1.0855 -0.102)
(0.6267137172 1.0855 -0.034)
(0.6267137172 1.0855 0.034)
(0.6267137172 1.0855 0.102)
(0.6267137172 1.0855 0.17)
(0.6267137172 1.0855 0.238)
(0.6267137172 1.0855 0.306)
(0.6267137172 1.0855 0.374)
(0.6267137172 1.0855 0.442)
(0.5785049697 1.169 -0.51)
(0.5785049697 1.169 -0.442)
(0.5785049697 1.169 -0.374)
(0.5785049697 1.169 -0.306)
(0.5785049697 1.169 -0.238)
(0.5785049697 1.169 -0.17)
(0.5785049697 1.169 -0.102)
(0.5785049697 1.169 -0.034)
(0.5785049697 1.169 0.034)
(0.5785049697 1.169 0.102)
(0.5785049697 1.169 0.17)
(0.5785049697 1.169 0.238)
(0.5785049697 1.169 0.306)
(0.5785049697 1.169 0.374)
(0.5785049697 1.169 0.442)
(0.6749224647 1.169 -0.51)
(0.6749224647 1.169 -0.442)
(0.6749224647 1.169 -0.374)
(0.6749224647 1.169 -0.306)
(0.6749224647 1.169 -0.238)
(0.6749224647 1.169 -0.17)
(0.6749224647 1.169 -0.102)
(0.6749224647 1.169 -0.034)
(0.6749224647 1.169 0.034)
(0.6749224647 1.169 0.102)
(0.6749224647 1.169 0.17)
(0.6749224647 1.169 0.238)
(0.6749224647 1.169 0.306)
(0.6749224647 1.169 0.374)
(0.6749224647 1.169 0.442)
(0.6267137172 1.2525 -0.51)
(0.6267137172 1.2525 -0.442)
(0.6267137172 1.2525 -0.374)
(0.6267137172 1.2525 -0.306)
(0.6267137172 1.2525 -0.238)
(0.6267137172 1.2525 -0.17)
(0.6267137172 1.2525 -0.102)
(0.6267137172 1.2525 -0.034)
(0.6267137172 1.2525 0.034)
(0.6267137172 1.2525 0.102)
(0.6267137172 1.2525 0.17)
(0.6267137172 1.2525 0.238)
(0.6267137172 1.2525 0.306)
(0.6267137172 1.2525 0.374)
(0.6267137172 1.2525 0.442)
(0.7713399596 -1.169 -0.51)
(0.7231312122 -1.0855 -0.51)
(0.7713399596 -1.169 -0.442)
(0.7231312122 -1.0855 -0.442)
(0.7713399596 -1.169 -0.374)
(0.7231312122 -1.0855 -0.374)
(0.7713399596 -1.169 -0.306)
(0.7231312122 -1.0855 -0.306)
(0.7713399596 -1.169 -0.238)
(0.7231312122 -1.0855 -0.238)
(0.7713399596 -1.169 -0.17)
(0.7231312122 -1.0855 -0.17)
(0.7713399596 -1.169 -0.102)
(0.7231312122 -1.0855 -0.102)
(0.7713399596 -1.169 -0.034)
(0.7231312122 -1.0855 -0.034)
(0.7713399596 -1.169 0.034)
(0.7231312122 -1.0855 0.034)
(0.7713399596 -1.169 0.102)
(0.7231312122 -1.0855 0.102)
(0.7713399596 -1.169 0.17)
(0.7231312122 -1.0855 0.17)
(0.7713399596 -1.169 0.238)
(0.7231312122 -1.0855 0.238)
(0.7713399596 -1.169 0.306)
(0.7231312122 -1.0855 0.306)
(0.7713399596 -1.169 0.374)
(0.7231312122 -1.0855 0.374)
(0.7713399596 -1.169 0.442)
(0.7231312122 -1.0855 0.442)
(0.8195487071 -1.0855 -0.51)
(0.8195487071 -1.0855 -0.442)
(0.8195487071 -1.0855 -0.374)
(0.8195487071 -1.0855 -0.306)
(0.8195487071 -1.0855 -0.238)
(0.8195487071 -1.0855 -0.17)
(0.8195487071 -1.0855 -0.102)
(0.8195487071 -1.0855 -0.034)
(0.8195487071 -1.0855 0.034)
(0.8195487071 -1.0855 0.102)
(0.8195487071 -1.0855 0.17)
(0.8195487071 -1.0855 0.238)
(0.8195487071 -1.0855 0.306)
(0.8195487071 -1.0855 0.374)
(0.8195487071 -1.0855 0.442)
(0.7713399596 -1.002 -0.51)
(0.7713399596 -1.002 -0.442)
(0.7713399596 -1.002 -0.374)
(0.7713399596 -1.002 -0.306)
(0.7713399596 -1.002 -0.238)
(0.7713399596 -1.002 -0.17)
(0.7713399596 -1.002 -0.102)
(0.7713399596 -1.002 -0.034)
(0.7713399596 -1.002 0.034)
(0.7713399596 -1.002 0.102)
(0.7713399596 -1.002 0.17)
(0.7713399596 -1.002 0.238)
(0.7713399596 -1.002 0.306)
(0.7713399596 -1.002 0.374)
(0.7713399596 -1.002 0.442)
(0.7231312122 -0.9185 -0.51)
(0.7231312122 -0.9185 -0.442)
(0.7231312122 -0.9185 -0.374)
(0.7231312122 -0.9185 -0.306)
(0.7231312122 -0.9185 -0.238)
(0.7231312122 -0.9185 -0.17)
(0.7231312122 -0.9185 -0.102)
(0.7231312122 -0.9185 -0.034)
(0.7231312122 -0.9185 0.034)
(0.7231312122 -0.9185 0.102)
(0.7231312122 -0.9185 0.17)
(0.7231312122 -0.9185 0.238)
(0.7231312122 -0.9185 0.306)
(0.7231312122 -0.9185 0.374)
(0.7231312122 -0.9185 0.442)
(0.8195487071 -0.9185 -0.51)
(0.8195487071 -0.9185 -0.442)
(0.8195487071 -0.9185 -0.374)
(0.8195487071 -0.9185 -0.306)
(0.8195487071 -0.9185 -0.238)
(0.8195487071 -0.9185 -0.17)
(0.8195487071 -0.9185 -0.102)
(0.8195487071 -0.9185 -0.034)
(0.8195487071 -0.9185 0.034)
(0.8195487071 -0.9185 0.102)
(0.8195487071 -0.9185 0.17)
(0.8195487071 -0.9185 0.238)
(0.8195487071 -0.9185 0.306)
(0.8195487071 -0.9185 0.374)
(0.8195487071 -0.9185 0.442)
(0.7231312122 0.9185 -0.51)
(0.7231312122 0.9185 -0.442)
(0.7231312122 0.9185 -0.374)
(0.7231312122 0.9185 -0.306)
(0.7231312122 0.9185 -0.238)
(0.7231312122 0.9185 -0.17)
(0.7231312122 0.9185 -0.102)
(0.7231312122 0.9185 -0.034)
(0.7231312122 0.9185 0.034)
(0.7231312122 0.9185 0.102)
(0.7231312122 0.9185 0.17)
(0.7231312122 0.9185 0.238)
(0.7231312122 0.9185 0.306)
(0.7231312122 0.9185 0.374)
(0.7231312122 0.9185 0.442)
(0.8195487071 0.9185 -0.51)
(0.8195487071 0.9185 -0.442)
(0.8195487071 0.9185 -0.374)
(0.8195487071 0.9185 -0.306)
(0.8195487071 0.9185 -0.238)
(0.8195487071 0.9185 -0.17)
(0.8195487071 0.9185 -0.102)
(0.8195487071 0.9185 -0.034)
(0.8195487071 0.9185 0.034)
(0.8195487071 0.9185 0.102)
(0.8195487071 0.9185 0.17)
(0.8195487071 0.9185 0.238)
(0.8195487071 0.9185 0.306)
(0.8195487071 0.9185 0.374)
(0.8195487071 0.9185 0.442)
(0.7713399596 1.002 -0.51)
(0.7713399596 1.002 -0.442)
(0.7713399596 1.002 -0.374)
(0.7713399596 1.002 -0.306)
(0.7713399596 1.002 -0.238)
(0.7713399596 1.002 -0.17)
(0.7713399596 1.002 -0.102)
(0.7713399596 1.002 -0.034)
(0.7713399596 1.002 0.034)
(0.7713399596 1.002 0.102)
(0.7713399596 1.002 0.17)
(0.7713399596 1.002 0.238)
(0.7713399596 1.002 0.306)
(0.7713399596 1.002 0.374)
(0.7713399596 1.002 0.442)
(0.7231312122 1.0855 -0.51)
(0.7231312122 1.0855 -0.442)
(0.7231312122 1.0855 -0.374)
(0.7231312122 1.0855 -0.306)
(0.7231312122 1.0855 -0.238)
(0.7231312122 1.0855 -0.17)
(0.7231312122 1.0855 -0.102)
(0.7231312122 1.0855 -0.034)
(0.7231312122 1.0855 0.034)
(0.7231312122 1.0855 0.102)
(0.7231312122 1.0855 0.17)
(0.7231312122 1.0855 0.238)
(0.7231312122 1.0855 0.306)
(0.7231312122 1.0855 0.374)
(0.7231312122 1.0855 0.442)
(0.8195487071 1.0855 -0.51)
(0.8195487071 1.0855 -0.442)
(0.8195487071 1.0855 -0.374)
(0.8195487071 1.0855 -0.306)
(0.8195487071 1.0855 -0.238)
(0.8195487071 1.0855 -0.17)
(0.8195487071 1.0855 -0.102)
(0.8195487071 1.0855 -0.034)
(0.8195487071 1.0855 0.034)
(0.8195487071 1.0855 0.102)
(0.8195487071 1.0855 0.17)
(0.8195487071 1.0855 0.238)
(0.8195487071 1.0855 0.306)
(0.8195487071 1.0855 0.374)
(0.8195487071 1.0855 0.442)
(0.7713399596 1.169 -0.51)
(0.7713399596 1.169 -0.442)
(0.7713399596 1.169 -0.374)
(0.7713399596 1.169 -0.306)
(0.7713399596 1.169 -0.238)
(0.7713399596 1.169 -0.17)
(0.7713399596 1.169 -0.102)
(0.7713399596 1.169 -0.034)
(0.7713399596 1.169 0.034)
(0.7713399596 1.169 0.102)
(0.7713399596 1.169 0.17)
(0.7713399596 1.169 0.238)
(0.7713399596 1.169 0.306)
(0.7713399596 1.169 0.374)
(0.7713399596 1.169 0.442)
(0.9159662021 -1.0855 -0.51)
(0.8677574546 -1.002 -0.51)
(0.9159662021 -1.0855 -0.442)
(0.8677574546 -1.002 -0.442)
(0.9159662021 -1.0855 -0.374)
(0.8677574546 -1.002 -0.374)
(0.9159662021 -1.0855 -0.306)
(0.8677574546 -1.002 -0.306)
(0.9159662021 -1.0855 -0.238)
(0.8677574546 -1.002 -0.238)
(0.9159662021 -1.0855 -0.17)
(0.8677574546 -1.002 -0.17)
(0.9159662021 -1.0855 -0.102)
(0.8677574546 -1.002 -0.102)
(0.9159662021 -1.0855 -0.034)
(0.8677574546 -1.002 -0.034)
(0.9159662021 -1.0855 0.034)
(0.8677574546 -1.002 0.034)
(0.9159662021 -1.0855 0.102)
(0.8677574546 -1.002 0.102)
(0.9159662021 -1.0855 0.17)
(0.8677574546 -1.002 0.17)
(0.9159662021 -1.0855 0.238)
(0.8677574546 -1.002 0.238)
(0.9159662021 -1.0855 0.306)
(0.8677574546 -1.002 0.306)
(0.9159662021 -1.0855 0.374)
(0.8677574546 -1.002 0.374)
(0.9159662021 -1.0855 0.442)
(0.8677574546 -1.002 0.442)
(0.9641749495 -1.002 -0.51)
(0.9641749495 -1.002 -0.442)
(0.9641749495 -1.002 -0.374)
(0.9641749495 -1.002 -0.306)
(0.9641749495 -1.002 -0.238)
(0.9641749495 -1.002 -0.17)
(0.9641749495 -1.002 -0.102)
(0.9641749495 -1.002 -0.034)
(0.9641749495 -1.002 0.034)
(0.9641749495 -1.002 0.102)
(0.9641749495 -1.002 0.17)
(0.9641749495 -1.002 0.238)
(0.9641749495 -1.002 0.306)
(0.9641749495 -1.002 0.374)
(0.9641749495 -1.002 0.442)
(0.9159662021 -0.9185 -0.51)
(0.9159662021 -0.9185 -0.442)
(0.9159662021 -0.9185 -0.374)
(0.9159662021 -0.9185 -0.306)
(0.9159662021 -0.9185 -0.238)
(0.9159662021 -0.9185 -0.17)
(0.9159662021 -0.9185 -0.102)
(0.9159662021 -0.9185 -0.034)
(0.9159662021 -0.9185 0.034)
(0.9159662021 -0.9185 0.102)
(0.9159662021 -0.9185 0.17)
(0.9159662021 -0.9185 0.238)
(0.9159662021 -0.9185 0.306)
(0.9159662021 -0.9185 0.374)
(0.9159662021 -0.9185 0.442)
(0.8677574546 -0.835 -0.51)
(0.8677574546 -0.835 -0.442)
(0.8677574546 -0.835 -0.374)
(0.8677574546 -0.835 -0.306)
(0.8677574546 -0.835 -0.238)
(0.8677574546 -0.835 -0.17)
(0.8677574546 -0.835 -0.102)
(0.8677574546 -0.835 -0.034)
(0.8677574546 -0.835 0.034)
(0.8677574546 -0.835 0.102)
(0.8677574546 -0.835 0.17)
(0.8677574546 -0.835 0.238)
(0.8677574546 -0.835 0.306)
(0.8677574546 -0.835 0.374)
(0.8677574546 -0.835 0.442)
(0.9641749495 -0.835 -0.51)
(0.9641749495 -0.835 -0.442)
(0.9641749495 -0.835 -0.374)
(0.9641749495 -0.835 -0.306)
(0.9641749495 -0.835 -0.238)
(0.9641749495 -0.835 -0.17)
(0.9641749495 -0.835 -0.102)
(0.9641749495 -0.835 -0.034)
(0.9641749495 -0.835 0.034)
(0.9641749495 -0.835 0.102)
(0.9641749495 -0.835 0.17)
(0.9641749495 -0.835 0.238)
(0.9641749495 -0.835 0.306)
(0.9641749495 -0.835 0.374)
(0.9641749495 -0.835 0.442)
(0.9159662021 -0.7515 -0.51)
(0.9159662021 -0.7515 -0.442)
(0.9159662021 -0.7515 -0.374)
(0.9159662021 -0.7515 -0.306)
(0.9159662021 -0.7515 -0.238)
(0.9159662021 -0.7515 -0.17)
(0.9159662021 -0.7515 -0.102)
(0.9159662021 -0.7515 -0.034)
(0.9159662021 -0.7515 0.034)
(0.9159662021 -0.7515 0.102)
(0.9159662021 -0.7515 0.17)
(0.9159662021 -0.7515 0.238)
(0.9159662021 -0.7515 0.306)
(0.9159662021 -0.7515 0.374)
(0.9159662021 -0.7515 0.442)
(0.8677574546 -0.668 -0.51)
(0.8677574546 -0.668 -0.442)
(0.8677574546 -0.668 -0.374)
(0.8677574546 -0.668 -0.306)
(0.8677574546 -0.668 -0.238)
(0.8677574546 -0.668 -0.17)
(0.8677574546 -0.668 -0.102)
(0.8677574546 -0.668 -0.034)
(0.8677574546 -0.668 0.034)
(0.8677574546 -0.668 0.102)
(0.8677574546 -0.668 0.17)
(0.8677574546 -0.668 0.238)
(0.8677574546 -0.668 0.306)
(0.8677574546 -0.668 0.374)
(0.8677574546 -0.668 0.442)
(0.9641749495 -0.668 -0.51)
(0.9641749495 -0.668 -0.442)
(0.9641749495 -0.668 -0.374)
(0.9641749495 -0.668 -0.306)
(0.9641749495 -0.668 -0.238)
(0.9641749495 -0.668 -0.17)
(0.9641749495 -0.668 -0.102)
(0.9641749495 -0.668 -0.034)
(0.9641749495 -0.668 0.034)
(0.9641749495 -0.668 0.102)
(0.9641749495 -0.668 0.17)
(0.9641749495 -0.668 0.238)
(0.9641749495 -0.668 0.306)
(0.9641749495 -0.668 0.374)
(0.9641749495 -0.668 0.442)
(0.8677574546 0.668 -0.51)
(0.8677574546 0.668 -0.442)
(0.8677574546 0.668 -0.374)
(0.8677574546 0.668 -0.306)
(0.8677574546 0.668 -0.238)
(0.8677574546 0.668 -0.17)
(0.8677574546 0.668 -0.102)
(0.8677574546 0.668 -0.034)
(0.8677574546 0.668 0.034)
(0.8677574546 0.668 0.102)
(0.8677574546 0.668 0.17)
(0.8677574546 0.668 0.238)
(0.8677574546 0.668 0.306)
(0.8677574546 0.668 0.374)
(0.8677574546 0.668 0.442)
(0.9641749495 0.668 -0.51)
(0.9641749495 0.668 -0.442)
(0.9641749495 0.668 -0.374)
(0.9641749495 0.668 -0.306)
(0.9641749495 0.668 -0.238)
(0.9641749495 0.668 -0.17)
(0.9641749495 0.668 -0.102)
(0.9641749495 0.668 -0.034)
(0.9641749495 0.668 0.034)
(0.9641749495 0.668 0.102)
(0.9641749495 0.668 0.17)
(0.9641749495 0.668 0.238)
(0.9641749495 0.668 0.306)
(0.9641749495 0.668 0.374)
(0.9641749495 0.668 0.442)
(0.9159662021 0.7515 -0.51)
(0.9159662021 0.7515 -0.442)
(0.9159662021 0.7515 -0.374)
(0.9159662021 0.7515 -0.306)
(0.9159662021 0.7515 -0.238)
(0.9159662021 0.7515 -0.17)
(0.9159662021 0.7515 -0.102)
(0.9159662021 0.7515 -0.034)
(0.9159662021 0.7515 0.034)
(0.9159662021 0.7515 0.102)
(0.9159662021 0.7515 0.17)
(0.9159662021 0.7515 0.238)
(0.9159662021 0.7515 0.306)
(0.9159662021 0.7515 0.374)
(0.9159662021 0.7515 0.442)
(0.8677574546 0.835 -0.51)
(0.8677574546 0.835 -0.442)
(0.8677574546 0.835 -0.374)
(0.8677574546 0.835 -0.306)
(0.8677574546 0.835 -0.238)
(0.8677574546 0.835 -0.17)
(0.8677574546 0.835 -0.102)
(0.8677574546 0.835 -0.034)
(0.8677574546 0.835 0.034)
(0.8677574546 0.835 0.102)
(0.8677574546 0.835 0.17)
(0.8677574546 0.835 0.238)
(0.8677574546 0.835 0.306)
(0.8677574546 0.835 0.374)
(0.8677574546 0.835 0.442)
(0.9641749495 0.835 -0.51)
(0.9641749495 0.835 -0.442)
(0.9641749495 0.835 -0.374)
(0.9641749495 0.835 -0.306)
(0.9641749495 0.835 -0.238)
(0.9641749495 0.835 -0.17)
(0.9641749495 0.835 -0.102)
(0.9641749495 0.835 -0.034)
(0.9641749495 0.835 0.034)
(0.9641749495 0.835 0.102)
(0.9641749495 0.835 0.17)
(0.9641749495 0.835 0.238)
(0.9641749495 0.835 0.306)
(0.9641749495 0.835 0.374)
(0.9641749495 0.835 0.442)
(0.9159662021 0.9185 -0.51)
(0.9159662021 0.9185 -0.442)
(0.9159662021 0.9185 -0.374)
(0.9159662021 0.9185 -0.306)
(0.9159662021 0.9185 -0.238)
(0.9159662021 0.9185 -0.17)
(0.9159662021 0.9185 -0.102)
(0.9159662021 0.9185 -0.034)
(0.9159662021 0.9185 0.034)
(0.9159662021 0.9185 0.102)
(0.9159662021 0.9185 0.17)
(0.9159662021 0.9185 0.238)
(0.9159662021 0.9185 0.306)
(0.9159662021 0.9185 0.374)
(0.9159662021 0.9185 0.442)
(0.8677574546 1.002 -0.51)
(0.8677574546 1.002 -0.442)
(0.8677574546 1.002 -0.374)
(0.8677574546 1.002 -0.306)
(0.8677574546 1.002 -0.238)
(0.8677574546 1.002 -0.17)
(0.8677574546 1.002 -0.102)
(0.8677574546 1.002 -0.034)
(0.8677574546 1.002 0.034)
(0.8677574546 1.002 0.102)
(0.8677574546 1.002 0.17)
(0.8677574546 1.002 0.238)
(0.8677574546 1.002 0.306)
(0.8677574546 1.002 0.374)
(0.8677574546 1.002 0.442)
(0.9641749495 1.002 -0.51)
(0.9641749495 1.002 -0.442)
(0.9641749495 1.002 -0.374)
(0.9641749495 1.002 -0.306)
(0.9641749495 1.002 -0.238)
(0.9641749495 1.002 -0.17)
(0.9641749495 1.002 -0.102)
(0.9641749495 1.002 -0.034)
(0.9641749495 1.002 0.034)
(0.9641749495 1.002 0.102)
(0.9641749495 1.002 0.17)
(0.9641749495 1.002 0.238)
(0.9641749495 1.002 0.306)
(0.9641749495 1.002 0.374)
(0.9641749495 1.002 0.442)
(0.9159662021 1.0855 -0.51)
(0.9159662021 1.0855 -0.442)
(0.9159662021 1.0855 -0.374)
(0.9159662021 1.0855 -0.306)
(0.9159662021 1.0855 -0.238)
(0.9159662021 1.0855 -0.17)
(0.9159662021 1.0855 -0.102)
(0.9159662021 1.0855 -0.034)
(0.9159662021 1.0855 0.034)
(0.9159662021 1.0855 0.102)
(0.9159662021 1.0855 0.17)
(0.9159662021 1.0855 0.238)
(0.9159662021 1.0855 0.306)
(0.9159662021 1.0855 0.374)
(0.9159662021 1.0855 0.442)
(1.060592445 -1.002 -0.51)
(1.012383697 -0.9185 -0.51)
(1.060592445 -1.002 -0.442)
(1.012383697 -0.9185 -0.442)
(1.060592445 -1.002 -0.374)
(1.012383697 -0.9185 -0.374)
(1.060592445 -1.002 -0.306)
(1.012383697 -0.9185 -0.306)
(1.060592445 -1.002 -0.238)
(1.012383697 -0.9185 -0.238)
(1.060592445 -1.002 -0.17)
(1.012383697 -0.9185 -0.17)
(1.060592445 -1.002 -0.102)
(1.012383697 -0.9185 -0.102)
(1.060592445 -1.002 -0.034)
(1.012383697 -0.9185 -0.034)
(1.060592445 -1.002 0.034)
(1.012383697 -0.9185 0.034)
(1.060592445 -1.002 0.102)
(1.012383697 -0.9185 0.102)
(1.060592445 -1.002 0.17)
(1.012383697 -0.9185 0.17)
(1.060592445 -1.002 0.238)
(1.012383697 -0.9185 0.238)
(1.060592445 -1.002 0.306)
(1.012383697 -0.9185 0.306)
(1.060592445 -1.002 0.374)
(1.012383697 -0.9185 0.374)
(1.060592445 -1.002 0.442)
(1.012383697 -0.9185 0.442)
(1.108801192 -0.9185 -0.51)
(1.108801192 -0.9185 -0.442)
(1.108801192 -0.9185 -0.374)
(1.108801192 -0.9185 -0.306)
(1.108801192 -0.9185 -0.238)
(1.108801192 -0.9185 -0.17)
(1.108801192 -0.9185 -0.102)
(1.108801192 -0.9185 -0.034)
(1.108801192 -0.9185 0.034)
(1.108801192 -0.9185 0.102)
(1.108801192 -0.9185 0.17)
(1.108801192 -0.9185 0.238)
(1.108801192 -0.9185 0.306)
(1.108801192 -0.9185 0.374)
(1.108801192 -0.9185 0.442)
(1.060592445 -0.835 -0.51)
(1.060592445 -0.835 -0.442)
(1.060592445 -0.835 -0.374)
(1.060592445 -0.835 -0.306)
(1.060592445 -0.835 -0.238)
(1.060592445 -0.835 -0.17)
(1.060592445 -0.835 -0.102)
(1.060592445 -0.835 -0.034)
(1.060592445 -0.835 0.034)
(1.060592445 -0.835 0.102)
(1.060592445 -0.835 0.17)
(1.060592445 -0.835 0.238)
(1.060592445 -0.835 0.306)
(1.060592445 -0.835 0.374)
(1.060592445 -0.835 0.442)
(1.012383697 -0.7515 -0.51)
(1.012383697 -0.7515 -0.442)
(1.012383697 -0.7515 -0.374)
(1.012383697 -0.7515 -0.306)
(1.012383697 -0.7515 -0.238)
(1.012383697 -0.7515 -0.17)
(1.012383697 -0.7515 -0.102)
(1.012383697 -0.7515 -0.034)
(1.012383697 -0.7515 0.034)
(1.012383697 -0.7515 0.102)
(1.012383697 -0.7515 0.17)
(1.012383697 -0.7515 0.238)
(1.012383697 -0.7515 0.306)
(1.012383697 -0.7515 0.374)
(1.012383697 -0.7515 0.442)
(1.108801192 -0.7515 -0.51)
(1.108801192 -0.7515 -0.442)
(1.108801192 -0.7515 -0.374)
(1.108801192 -0.7515 -0.306)
(1.108801192 -0.7515 -0.238)
(1.108801192 -0.7515 -0.17)
(1.108801192 -0.7515 -0.102)
(1.108801192 -0.7515 -0.034)
(1.108801192 -0.7515 0.034)
(1.108801192 -0.7515 0.102)
(1.108801192 -0.7515 0.17)
(1.108801192 -0.7515 0.238)
(1.108801192 -0.7515 0.306)
(1.108801192 -0.7515 0.374)
(1.108801192 -0.7515 0.442)
(1.060592445 -0.668 -0.51)
(1.060592445 -0.668 -0.442)
(1.060592445 -0.668 -0.374)
(1.060592445 -0.668 -0.306)
(1.060592445 -0.668 -0.238)
(1.060592445 -0.668 -0.17)
(1.060592445 -0.668 -0.102)
(1.060592445 -0.668 -0.034)
(1.060592445 -0.668 0.034)
(1.060592445 -0.668 0.102)
(1.060592445 -0.668 0.17)
(1.060592445 -0.668 0.238)
(1.060592445 -0.668 0.306)
(1.060592445 -0.668 0.374)
(1.060592445 -0.668 0.442)
(1.012383697 -0.5845 -0.51)
(1.012383697 -0.5845 -0.442)
(1.012383697 -0.5845 -0.374)
(1.012383697 -0.5845 -0.306)
(1.012383697 -0.5845 -0.238)
(1.012383697 -0.5845 -0.17)
(1.012383697 -0.5845 -0.102)
(1.012383697 -0.5845 -0.034)
(1.012383697 -0.5845 0.034)
(1.012383697 -0.5845 0.102)
(1.012383697 -0.5845 0.17)
(1.012383697 -0.5845 0.238)
(1.012383697 -0.5845 0.306)
(1.012383697 -0.5845 0.374)
(1.012383697 -0.5845 0.442)
(1.108801192 -0.5845 -0.51)
(1.108801192 -0.5845 -0.442)
(1.108801192 -0.5845 -0.374)
(1.108801192 -0.5845 -0.306)
(1.108801192 -0.5845 -0.238)
(1.108801192 -0.5845 -0.17)
(1.108801192 -0.5845 -0.102)
(1.108801192 -0.5845 -0.034)
(1.108801192 -0.5845 0.034)
(1.108801192 -0.5845 0.102)
(1.108801192 -0.5845 0.17)
(1.108801192 -0.5845 0.238)
(1.108801192 -0.5845 0.306)
(1.108801192 -0.5845 0.374)
(1.108801192 -0.5845 0.442)
(1.060592445 -0.501 -0.51)
(1.060592445 -0.501 -0.442)
(1.060592445 -0.501 -0.374)
(1.060592445 -0.501 -0.306)
(1.060592445 -0.501 -0.238)
(1.060592445 -0.501 -0.17)
(1.060592445 -0.501 -0.102)
(1.060592445 -0.501 -0.034)
(1.060592445 -0.501 0.034)
(1.060592445 -0.501 0.102)
(1.060592445 -0.501 0.17)
(1.060592445 -0.501 0.238)
(1.060592445 -0.501 0.306)
(1.060592445 -0.501 0.374)
(1.060592445 -0.501 0.442)
(1.012383697 -0.4175 -0.51)
(1.012383697 -0.4175 -0.442)
(1.012383697 -0.4175 -0.374)
(1.012383697 -0.4175 -0.306)
(1.012383697 -0.4175 -0.238)
(1.012383697 -0.4175 -0.17)
(1.012383697 -0.4175 -0.102)
(1.012383697 -0.4175 -0.034)
(1.012383697 -0.4175 0.034)
(1.012383697 -0.4175 0.102)
(1.012383697 -0.4175 0.17)
(1.012383697 -0.4175 0.238)
(1.012383697 -0.4175 0.306)
(1.012383697 -0.4175 0.374)
(1.012383697 -0.4175 0.442)
(1.108801192 -0.4175 -0.51)
(1.108801192 -0.4175 -0.442)
(1.108801192 -0.4175 -0.374)
(1.108801192 -0.4175 -0.306)
(1.108801192 -0.4175 -0.238)
(1.108801192 -0.4175 -0.17)
(1.108801192 -0.4175 -0.102)
(1.108801192 -0.4175 -0.034)
(1.108801192 -0.4175 0.034)
(1.108801192 -0.4175 0.102)
(1.108801192 -0.4175 0.17)
(1.108801192 -0.4175 0.238)
(1.108801192 -0.4175 0.306)
(1.108801192 -0.4175 0.374)
(1.108801192 -0.4175 0.442)
(1.012383697 0.4175 -0.51)
(1.012383697 0.4175 -0.442)
(1.012383697 0.4175 -0.374)
(1.012383697 0.4175 -0.306)
(1.012383697 0.4175 -0.238)
(1.012383697 0.4175 -0.17)
(1.012383697 0.4175 -0.102)
(1.012383697 0.4175 -0.034)
(1.012383697 0.4175 0.034)
(1.012383697 0.4175 0.102)
(1.012383697 0.4175 0.17)
(1.012383697 0.4175 0.238)
(1.012383697 0.4175 0.306)
(1.012383697 0.4175 0.374)
(1.012383697 0.4175 0.442)
(1.108801192 0.4175 -0.51)
(1.108801192 0.4175 -0.442)
(1.108801192 0.4175 -0.374)
(1.108801192 0.4175 -0.306)
(1.108801192 0.4175 -0.238)
(1.108801192 0.4175 -0.17)
(1.108801192 0.4175 -0.102)
(1.108801192 0.4175 -0.034)
(1.108801192 0.4175 0.034)
(1.108801192 0.4175 0.102)
(1.108801192 0.4175 0.17)
(1.108801192 0.4175 0.238)
(1.108801192 0.4175 0.306)
(1.108801192 0.4175 0.374)
(1.108801192 0.4175 0.442)
(1.060592445 0.501 -0.51)
(1.060592445 0.501 -0.442)
(1.060592445 0.501 -0.374)
(1.060592445 0.501 -0.306)
(1.060592445 0.501 -0.238)
(1.060592445 0.501 -0.17)
(1.060592445 0.501 -0.102)
(1.060592445 0.501 -0.034)
(1.060592445 0.501 0.034)
(1.060592445 0.501 0.102)
(1.060592445 0.501 0.17)
(1.060592445 0.501 0.238)
(1.060592445 0.501 0.306)
(1.060592445 0.501 0.374)
(1.060592445 0.501 0.442)
(1.012383697 0.5845 -0.51)
(1.012383697 0.5845 -0.442)
(1.012383697 0.5845 -0.374)
(1.012383697 0.5845 -0.306)
(1.012383697 0.5845 -0.238)
(1.012383697 0.5845 -0.17)
(1.012383697 0.5845 -0.102)
(1.012383697 0.5845 -0.034)
(1.012383697 0.5845 0.034)
(1.012383697 0.5845 0.102)
(1.012383697 0.5845 0.17)
(1.012383697 0.5845 0.238)
(1.012383697 0.5845 0.306)
(1.012383697 0.5845 0.374)
(1.012383697 0.5845 0.442)
(1.108801192 0.5845 -0.51)
(1.108801192 0.5845 -0.442)
(1.108801192 0.5845 -0.374)
(1.108801192 0.5845 -0.306)
(1.108801192 0.5845 -0.238)
(1.108801192 0.5845 -0.17)
(1.108801192 0.5845 -0.102)
(1.108801192 0.5845 -0.034)
(1.108801192 0.5845 0.034)
(1.108801192 0.5845 0.102)
(1.108801192 0.5845 0.17)
(1.108801192 0.5845 0.238)
(1.108801192 0.5845 0.306)
(1.108801192 0.5845 0.374)
(1.108801192 0.5845 0.442)
(1.060592445 0.668 -0.51)
(1.060592445 0.668 -0.442)
(1.060592445 0.668 -0.374)
(1.060592445 0.668 -0.306)
(1.060592445 0.668 -0.238)
(1.060592445 0.668 -0.17)
(1.060592445 0.668 -0.102)
(1.060592445 0.668 -0.034)
(1.060592445 0.668 0.034)
(1.060592445 0.668 0.102)
(1.060592445 0.668 0.17)
(1.060592445 0.668 0.238)
(1.060592445 0.668 0.306)
(1.060592445 0.668 0.374)
(1.060592445 0.668 0.442)
(1.012383697 0.7515 -0.51)
(1.012383697 0.7515 -0.442)
(1.012383697 0.7515 -0.374)
(1.012383697 0.7515 -0.306)
(1.012383697 0.7515 -0.238)
(1.012383697 0.7515 -0.17)
(1.012383697 0.7515 -0.102)
(1.012383697 0.7515 -0.034)
(1.012383697 0.7515 0.034)
(1.012383697 0.7515 0.102)
(1.012383697 0.7515 0.17)
(1.012383697 0.7515 0.238)
(1.012383697 0.7515 0.306)
(1.012383697 0.7515 0.374)
(1.012383697 0.7515 0.442)
(1.108801192 0.7515 -0.51)
(1.108801192 0.7515 -0.442)
(1.108801192 0.7515 -0.374)
(1.108801192 0.7515 -0.306)
(1.108801192 0.7515 -0.238)
(1.108801192 0.7515 -0.17)
(1.108801192 0.7515 -0.102)
(1.108801192 0.7515 -0.034)
(1.108801192 0.7515 0.034)
(1.108801192 0.7515 0.102)
(1.108801192 0.7515 0.17)
(1.108801192 0.7515 0.238)
(1.108801192 0.7515 0.306)
(1.108801192 0.7515 0.374)
(1.108801192 0.7515 0.442)
(1.060592445 0.835 -0.51)
(1.060592445 0.835 -0.442)
(1.060592445 0.835 -0.374)
(1.060592445 0.835 -0.306)
(1.060592445 0.835 -0.238)
(1.060592445 0.835 -0.17)
(1.060592445 0.835 -0.102)
(1.060592445 0.835 -0.034)
(1.060592445 0.835 0.034)
(1.060592445 0.835 0.102)
(1.060592445 0.835 0.17)
(1.060592445 0.835 0.238)
(1.060592445 0.835 0.306)
(1.060592445 0.835 0.374)
(1.060592445 0.835 0.442)
(1.012383697 0.9185 -0.51)
(1.012383697 0.9185 -0.442)
(1.012383697 0.9185 -0.374)
(1.012383697 0.9185 -0.306)
(1.012383697 0.9185 -0.238)
(1.012383697 0.9185 -0.17)
(1.012383697 0.9185 -0.102)
(1.012383697 0.9185 -0.034)
(1.012383697 0.9185 0.034)
(1.012383697 0.9185 0.102)
(1.012383697 0.9185 0.17)
(1.012383697 0.9185 0.238)
(1.012383697 0.9185 0.306)
(1.012383697 0.9185 0.374)
(1.012383697 0.9185 0.442)
(1.108801192 0.9185 -0.51)
(1.108801192 0.9185 -0.442)
(1.108801192 0.9185 -0.374)
(1.108801192 0.9185 -0.306)
(1.108801192 0.9185 -0.238)
(1.108801192 0.9185 -0.17)
(1.108801192 0.9185 -0.102)
(1.108801192 0.9185 -0.034)
(1.108801192 0.9185 0.034)
(1.108801192 0.9185 0.102)
(1.108801192 0.9185 0.17)
(1.108801192 0.9185 0.238)
(1.108801192 0.9185 0.306)
(1.108801192 0.9185 0.374)
(1.108801192 0.9185 0.442)
(1.060592445 1.002 -0.51)
(1.060592445 1.002 -0.442)
(1.060592445 1.002 -0.374)
(1.060592445 1.002 -0.306)
(1.060592445 1.002 -0.238)
(1.060592445 1.002 -0.17)
(1.060592445 1.002 -0.102)
(1.060592445 1.002 -0.034)
(1.060592445 1.002 0.034)
(1.060592445 1.002 0.102)
(1.060592445 1.002 0.17)
(1.060592445 1.002 0.238)
(1.060592445 1.002 0.306)
(1.060592445 1.002 0.374)
(1.060592445 1.002 0.442)
(1.205218687 -0.7515 -0.51)
(1.157009939 -0.668 -0.51)
(1.205218687 -0.7515 -0.442)
(1.157009939 -0.668 -0.442)
(1.205218687 -0.7515 -0.374)
(1.157009939 -0.668 -0.374)
(1.205218687 -0.7515 -0.306)
(1.157009939 -0.668 -0.306)
(1.205218687 -0.7515 -0.238)
(1.157009939 -0.668 -0.238)
(1.205218687 -0.7515 -0.17)
(1.157009939 -0.668 -0.17)
(1.205218687 -0.7515 -0.102)
(1.157009939 -0.668 -0.102)
(1.205218687 -0.7515 -0.034)
(1.157009939 -0.668 -0.034)
(1.205218687 -0.7515 0.034)
(1.157009939 -0.668 0.034)
(1.205218687 -0.7515 0.102)
(1.157009939 -0.668 0.102)
(1.205218687 -0.7515 0.17)
(1.157009939 -0.668 0.17)
(1.205218687 -0.7515 0.238)
(1.157009939 -0.668 0.238)
(1.205218687 -0.7515 0.306)
(1.157009939 -0.668 0.306)
(1.205218687 -0.7515 0.374)
(1.157009939 -0.668 0.374)
(1.205218687 -0.7515 0.442)
(1.157009939 -0.668 0.442)
(1.253427434 -0.668 -0.51)
(1.253427434 -0.668 -0.442)
(1.253427434 -0.668 -0.374)
(1.253427434 -0.668 -0.306)
(1.253427434 -0.668 -0.238)
(1.253427434 -0.668 -0.17)
(1.253427434 -0.668 -0.102)
(1.253427434 -0.668 -0.034)
(1.253427434 -0.668 0.034)
(1.253427434 -0.668 0.102)
(1.253427434 -0.668 0.17)
(1.253427434 -0.668 0.238)
(1.253427434 -0.668 0.306)
(1.253427434 -0.668 0.374)
(1.253427434 -0.668 0.442)
(1.205218687 -0.5845 -0.51)
(1.205218687 -0.5845 -0.442)
(1.205218687 -0.5845 -0.374)
(1.205218687 -0.5845 -0.306)
(1.205218687 -0.5845 -0.238)
(1.205218687 -0.5845 -0.17)
(1.205218687 -0.5845 -0.102)
(1.205218687 -0.5845 -0.034)
(1.205218687 -0.5845 0.034)
(1.205218687 -0.5845 0.102)
(1.205218687 -0.5845 0.17)
(1.205218687 -0.5845 0.238)
(1.205218687 -0.5845 0.306)
(1.205218687 -0.5845 0.374)
(1.205218687 -0.5845 0.442)
(1.157009939 -0.501 -0.51)
(1.157009939 -0.501 -0.442)
(1.157009939 -0.501 -0.374)
(1.157009939 -0.501 -0.306)
(1.157009939 -0.501 -0.238)
(1.157009939 -0.501 -0.17)
(1.157009939 -0.501 -0.102)
(1.157009939 -0.501 -0.034)
(1.157009939 -0.501 0.034)
(1.157009939 -0.501 0.102)
(1.157009939 -0.501 0.17)
(1.157009939 -0.501 0.238)
(1.157009939 -0.501 0.306)
(1.157009939 -0.501 0.374)
(1.157009939 -0.501 0.442)
(1.253427434 -0.501 -0.51)
(1.253427434 -0.501 -0.442)
(1.253427434 -0.501 -0.374)
(1.253427434 -0.501 -0.306)
(1.253427434 -0.501 -0.238)
(1.253427434 -0.501 -0.17)
(1.253427434 -0.501 -0.102)
(1.253427434 -0.501 -0.034)
(1.253427434 -0.501 0.034)
(1.253427434 -0.501 0.102)
(1.253427434 -0.501 0.17)
(1.253427434 -0.501 0.238)
(1.253427434 -0.501 0.306)
(1.253427434 -0.501 0.374)
(1.253427434 -0.501 0.442)
(1.205218687 -0.4175 -0.51)
(1.205218687 -0.4175 -0.442)
(1.205218687 -0.4175 -0.374)
(1.205218687 -0.4175 -0.306)
(1.205218687 -0.4175 -0.238)
(1.205218687 -0.4175 -0.17)
(1.205218687 -0.4175 -0.102)
(1.205218687 -0.4175 -0.034)
(1.205218687 -0.4175 0.034)
(1.205218687 -0.4175 0.102)
(1.205218687 -0.4175 0.17)
(1.205218687 -0.4175 0.238)
(1.205218687 -0.4175 0.306)
(1.205218687 -0.4175 0.374)
(1.205218687 -0.4175 0.442)
(1.157009939 -0.334 -0.51)
(1.157009939 -0.334 -0.442)
(1.157009939 -0.334 -0.374)
(1.157009939 -0.334 -0.306)
(1.157009939 -0.334 -0.238)
(1.157009939 -0.334 -0.17)
(1.157009939 -0.334 -0.102)
(1.157009939 -0.334 -0.034)
(1.157009939 -0.334 0.034)
(1.157009939 -0.334 0.102)
(1.157009939 -0.334 0.17)
(1.157009939 -0.334 0.238)
(1.157009939 -0.334 0.306)
(1.157009939 -0.334 0.374)
(1.157009939 -0.334 0.442)
(1.253427434 -0.334 -0.51)
(1.253427434 -0.334 -0.442)
(1.253427434 -0.334 -0.374)
(1.253427434 -0.334 -0.306)
(1.253427434 -0.334 -0.238)
(1.253427434 -0.334 -0.17)
(1.253427434 -0.334 -0.102)
(1.253427434 -0.334 -0.034)
(1.253427434 -0.334 0.034)
(1.253427434 -0.334 0.102)
(1.253427434 -0.334 0.17)
(1.253427434 -0.334 0.238)
(1.253427434 -0.334 0.306)
(1.253427434 -0.334 0.374)
(1.253427434 -0.334 0.442)
(1.205218687 -0.2505 -0.51)
(1.205218687 -0.2505 -0.442)
(1.205218687 -0.2505 -0.374)
(1.205218687 -0.2505 -0.306)
(1.205218687 -0.2505 -0.238)
(1.205218687 -0.2505 -0.17)
(1.205218687 -0.2505 -0.102)
(1.205218687 -0.2505 -0.034)
(1.205218687 -0.2505 0.034)
(1.205218687 -0.2505 0.102)
(1.205218687 -0.2505 0.17)
(1.205218687 -0.2505 0.238)
(1.205218687 -0.2505 0.306)
(1.205218687 -0.2505 0.374)
(1.205218687 -0.2505 0.442)
(1.157009939 -0.167 -0.51)
(1.157009939 -0.167 -0.442)
(1.157009939 -0.167 -0.374)
(1.157009939 -0.167 -0.306)
(1.157009939 -0.167 -0.238)
(1.157009939 -0.167 -0.17)
(1.157009939 -0.167 -0.102)
(1.157009939 -0.167 -0.034)
(1.157009939 -0.167 0.034)
(1.157009939 -0.167 0.102)
(1.157009939 -0.167 0.17)
(1.157009939 -0.167 0.238)
(1.157009939 -0.167 0.306)
(1.157009939 -0.167 0.374)
(1.157009939 -0.167 0.442)
(1.253427434 -0.167 -0.51)
(1.253427434 -0.167 -0.442)
(1.253427434 -0.167 -0.374)
(1.253427434 -0.167 -0.306)
(1.253427434 -0.167 -0.238)
(1.253427434 -0.167 -0.17)
(1.253427434 -0.167 -0.102)
(1.253427434 -0.167 -0.034)
(1.253427434 -0.167 0.034)
(1.253427434 -0.167 0.102)
(1.253427434 -0.167 0.17)
(1.253427434 -0.167 0.238)
(1.253427434 -0.167 0.306)
(1.253427434 -0.167 0.374)
(1.253427434 -0.167 0.442)
(1.205218687 -0.0835 -0.51)
(1.205218687 -0.0835 -0.442)
(1.205218687 -0.0835 -0.374)
(1.205218687 -0.0835 -0.306)
(1.205218687 -0.0835 -0.238)
(1.205218687 -0.0835 -0.17)
(1.205218687 -0.0835 -0.102)
(1.205218687 -0.0835 -0.034)
(1.205218687 -0.0835 0.034)
(1.205218687 -0.0835 0.102)
(1.205218687 -0.0835 0.17)
(1.205218687 -0.0835 0.238)
(1.205218687 -0.0835 0.306)
(1.205218687 -0.0835 0.374)
(1.205218687 -0.0835 0.442)
(1.157009939 0 -0.51)
(1.157009939 0 -0.442)
(1.157009939 0 -0.374)
(1.157009939 0 -0.306)
(1.157009939 0 -0.238)
(1.157009939 0 -0.17)
(1.157009939 0 -0.102)
(1.157009939 0 -0.034)
(1.157009939 0 0.034)
(1.157009939 0 0.102)
(1.157009939 0 0.17)
(1.157009939 0 0.238)
(1.157009939 0 0.306)
(1.157009939 0 0.374)
(1.157009939 0 0.442)
(1.253427434 0 -0.51)
(1.253427434 0 -0.442)
(1.253427434 0 -0.374)
(1.253427434 0 -0.306)
(1.253427434 0 -0.238)
(1.253427434 0 -0.17)
(1.253427434 0 -0.102)
(1.253427434 0 -0.034)
(1.253427434 0 0.034)
(1.253427434 0 0.102)
(1.253427434 0 0.17)
(1.253427434 0 0.238)
(1.253427434 0 0.306)
(1.253427434 0 0.374)
(1.253427434 0 0.442)
(1.205218687 0.0835 -0.51)
(1.205218687 0.0835 -0.442)
(1.205218687 0.0835 -0.374)
(1.205218687 0.0835 -0.306)
(1.205218687 0.0835 -0.238)
(1.205218687 0.0835 -0.17)
(1.205218687 0.0835 -0.102)
(1.205218687 0.0835 -0.034)
(1.205218687 0.0835 0.034)
(1.205218687 0.0835 0.102)
(1.205218687 0.0835 0.17)
(1.205218687 0.0835 0.238)
(1.205218687 0.0835 0.306)
(1.205218687 0.0835 0.374)
(1.205218687 0.0835 0.442)
(1.157009939 0.167 -0.51)
(1.157009939 0.167 -0.442)
(1.157009939 0.167 -0.374)
(1.157009939 0.167 -0.306)
(1.157009939 0.167 -0.238)
(1.157009939 0.167 -0.17)
(1.157009939 0.167 -0.102)
(1.157009939 0.167 -0.034)
(1.157009939 0.167 0.034)
(1.157009939 0.167 0.102)
(1.157009939 0.167 0.17)
(1.157009939 0.167 0.238)
(1.157009939 0.167 0.306)
(1.157009939 0.167 0.374)
(1.157009939 0.167 0.442)
(1.253427434 0.167 -0.51)
(1.253427434 0.167 -0.442)
(1.253427434 0.167 -0.374)
(1.253427434 0.167 -0.306)
(1.253427434 0.167 -0.238)
(1.253427434 0.167 -0.17)
(1.253427434 0.167 -0.102)
(1.253427434 0.167 -0.034)
(1.253427434 0.167 0.034)
(1.253427434 0.167 0.102)
(1.253427434 0.167 0.17)
(1.253427434 0.167 0.238)
(1.253427434 0.167 0.306)
(1.253427434 0.167 0.374)
(1.253427434 0.167 0.442)
(1.205218687 0.2505 -0.51)
(1.205218687 0.2505 -0.442)
(1.205218687 0.2505 -0.374)
(1.205218687 0.2505 -0.306)
(1.205218687 0.2505 -0.238)
(1.205218687 0.2505 -0.17)
(1.205218687 0.2505 -0.102)
(1.205218687 0.2505 -0.034)
(1.205218687 0.2505 0.034)
(1.205218687 0.2505 0.102)
(1.205218687 0.2505 0.17)
(1.205218687 0.2505 0.238)
(1.205218687 0.2505 0.306)
(1.205218687 0.2505 0.374)
(1.205218687 0.2505 0.442)
(1.157009939 0.334 -0.51)
(1.157009939 0.334 -0.442)
(1.157009939 0.334 -0.374)
(1.157009939 0.334 -0.306)
(1.157009939 0.334 -0.238)
(1.157009939 0.334 -0.17)
(1.157009939 0.334 -0.102)
(1.157009939 0.334 -0.034)
(1.157009939 0.334 0.034)
(1.157009939 0.334 0.102)
(1.157009939 0.334 0.17)
(1.157009939 0.334 0.238)
(1.157009939 0.334 0.306)
(1.157009939 0.334 0.374)
(1.157009939 0.334 0.442)
(1.253427434 0.334 -0.51)
(1.253427434 0.334 -0.442)
(1.253427434 0.334 -0.374)
(1.253427434 0.334 -0.306)
(1.253427434 0.334 -0.238)
(1.253427434 0.334 -0.17)
(1.253427434 0.334 -0.102)
(1.253427434 0.334 -0.034)
(1.253427434 0.334 0.034)
(1.253427434 0.334 0.102)
(1.253427434 0.334 0.17)
(1.253427434 0.334 0.238)
(1.253427434 0.334 0.306)
(1.253427434 0.334 0.374)
(1.253427434 0.334 0.442)
(1.205218687 0.4175 -0.51)
(1.205218687 0.4175 -0.442)
(1.205218687 0.4175 -0.374)
(1.205218687 0.4175 -0.306)
(1.205218687 0.4175 -0.238)
(1.205218687 0.4175 -0.17)
(1.205218687 0.4175 -0.102)
(1.205218687 0.4175 -0.034)
(1.205218687 0.4175 0.034)
(1.205218687 0.4175 0.102)
(1.205218687 0.4175 0.17)
(1.205218687 0.4175 0.238)
(1.205218687 0.4175 0.306)
(1.205218687 0.4175 0.374)
(1.205218687 0.4175 0.442)
(1.157009939 0.501 -0.51)
(1.157009939 0.501 -0.442)
(1.157009939 0.501 -0.374)
(1.157009939 0.501 -0.306)
(1.157009939 0.501 -0.238)
(1.157009939 0.501 -0.17)
(1.157009939 0.501 -0.102)
(1.157009939 0.501 -0.034)
(1.157009939 0.501 0.034)
(1.157009939 0.501 0.102)
(1.157009939 0.501 0.17)
(1.157009939 0.501 0.238)
(1.157009939 0.501 0.306)
(1.157009939 0.501 0.374)
(1.157009939 0.501 0.442)
(1.253427434 0.501 -0.51)
(1.253427434 0.501 -0.442)
(1.253427434 0.501 -0.374)
(1.253427434 0.501 -0.306)
(1.253427434 0.501 -0.238)
(1.253427434 0.501 -0.17)
(1.253427434 0.501 -0.102)
(1.253427434 0.501 -0.034)
(1.253427434 0.501 0.034)
(1.253427434 0.501 0.102)
(1.253427434 0.501 0.17)
(1.253427434 0.501 0.238)
(1.253427434 0.501 0.306)
(1.253427434 0.501 0.374)
(1.253427434 0.501 0.442)
(1.205218687 0.5845 -0.51)
(1.205218687 0.5845 -0.442)
(1.205218687 0.5845 -0.374)
(1.205218687 0.5845 -0.306)
(1.205218687 0.5845 -0.238)
(1.205218687 0.5845 -0.17)
(1.205218687 0.5845 -0.102)
(1.205218687 0.5845 -0.034)
(1.205218687 0.5845 0.034)
(1.205218687 0.5845 0.102)
(1.205218687 0.5845 0.17)
(1.205218687 0.5845 0.238)
(1.205218687 0.5845 0.306)
(1.205218687 0.5845 0.374)
(1.205218687 0.5845 0.442)
(1.157009939 0.668 -0.51)
(1.157009939 0.668 -0.442)
(1.157009939 0.668 -0.374)
(1.157009939 0.668 -0.306)
(1.157009939 0.668 -0.238)
(1.157009939 0.668 -0.17)
(1.157009939 0.668 -0.102)
(1.157009939 0.668 -0.034)
(1.157009939 0.668 0.034)
(1.157009939 0.668 0.102)
(1.157009939 0.668 0.17)
(1.157009939 0.668 0.238)
(1.157009939 0.668 0.306)
(1.157009939 0.668 0.374)
(1.157009939 0.668 0.442)
(1.253427434 0.668 -0.51)
(1.253427434 0.668 -0.442)
(1.253427434 0.668 -0.374)
(1.253427434 0.668 -0.306)
(1.253427434 0.668 -0.238)
(1.253427434 0.668 -0.17)
(1.253427434 0.668 -0.102)
(1.253427434 0.668 -0.034)
(1.253427434 0.668 0.034)
(1.253427434 0.668 0.102)
(1.253427434 0.668 0.17)
(1.253427434 0.668 0.238)
(1.253427434 0.668 0.306)
(1.253427434 0.668 0.374)
(1.253427434 0.668 0.442)
(1.205218687 0.7515 -0.51)
(1.205218687 0.7515 -0.442)
(1.205218687 0.7515 -0.374)
(1.205218687 0.7515 -0.306)
(1.205218687 0.7515 -0.238)
(1.205218687 0.7515 -0.17)
(1.205218687 0.7515 -0.102)
(1.205218687 0.7515 -0.034)
(1.205218687 0.7515 0.034)
(1.205218687 0.7515 0.102)
(1.205218687 0.7515 0.17)
(1.205218687 0.7515 0.238)
(1.205218687 0.7515 0.306)
(1.205218687 0.7515 0.374)
(1.205218687 0.7515 0.442)
(1.349844929 -0.501 -0.51)
(1.301636182 -0.4175 -0.51)
(1.349844929 -0.501 -0.442)
(1.301636182 -0.4175 -0.442)
(1.349844929 -0.501 -0.374)
(1.301636182 -0.4175 -0.374)
(1.349844929 -0.501 -0.306)
(1.301636182 -0.4175 -0.306)
(1.349844929 -0.501 -0.238)
(1.301636182 -0.4175 -0.238)
(1.349844929 -0.501 -0.17)
(1.301636182 -0.4175 -0.17)
(1.349844929 -0.501 -0.102)
(1.301636182 -0.4175 -0.102)
(1.349844929 -0.501 -0.034)
(1.301636182 -0.4175 -0.034)
(1.349844929 -0.501 0.034)
(1.301636182 -0.4175 0.034)
(1.349844929 -0.501 0.102)
(1.301636182 -0.4175 0.102)
(1.349844929 -0.501 0.17)
(1.301636182 -0.4175 0.17)
(1.349844929 -0.501 0.238)
(1.301636182 -0.4175 0.238)
(1.349844929 -0.501 0.306)
(1.301636182 -0.4175 0.306)
(1.349844929 -0.501 0.374)
(1.301636182 -0.4175 0.374)
(1.349844929 -0.501 0.442)
(1.301636182 -0.4175 0.442)
(1.398053677 -0.4175 -0.51)
(1.398053677 -0.4175 -0.442)
(1.398053677 -0.4175 -0.374)
(1.398053677 -0.4175 -0.306)
(1.398053677 -0.4175 -0.238)
(1.398053677 -0.4175 -0.17)
(1.398053677 -0.4175 -0.102)
(1.398053677 -0.4175 -0.034)
(1.398053677 -0.4175 0.034)
(1.398053677 -0.4175 0.102)
(1.398053677 -0.4175 0.17)
(1.398053677 -0.4175 0.238)
(1.398053677 -0.4175 0.306)
(1.398053677 -0.4175 0.374)
(1.398053677 -0.4175 0.442)
(1.349844929 -0.334 -0.51)
(1.349844929 -0.334 -0.442)
(1.349844929 -0.334 -0.374)
(1.349844929 -0.334 -0.306)
(1.349844929 -0.334 -0.238)
(1.349844929 -0.334 -0.17)
(1.349844929 -0.334 -0.102)
(1.349844929 -0.334 -0.034)
(1.349844929 -0.334 0.034)
(1.349844929 -0.334 0.102)
(1.349844929 -0.334 0.17)
(1.349844929 -0.334 0.238)
(1.349844929 -0.334 0.306)
(1.349844929 -0.334 0.374)
(1.349844929 -0.334 0.442)
(1.301636182 -0.2505 -0.51)
(1.301636182 -0.2505 -0.442)
(1.301636182 -0.2505 -0.374)
(1.301636182 -0.2505 -0.306)
(1.301636182 -0.2505 -0.238)
(1.301636182 -0.2505 -0.17)
(1.301636182 -0.2505 -0.102)
(1.301636182 -0.2505 -0.034)
(1.301636182 -0.2505 0.034)
(1.301636182 -0.2505 0.102)
(1.301636182 -0.2505 0.17)
(1.301636182 -0.2505 0.238)
(1.301636182 -0.2505 0.306)
(1.301636182 -0.2505 0.374)
(1.301636182 -0.2505 0.442)
(1.398053677 -0.2505 -0.51)
(1.398053677 -0.2505 -0.442)
(1.398053677 -0.2505 -0.374)
(1.398053677 -0.2505 -0.306)
(1.398053677 -0.2505 -0.238)
(1.398053677 -0.2505 -0.17)
(1.398053677 -0.2505 -0.102)
(1.398053677 -0.2505 -0.034)
(1.398053677 -0.2505 0.034)
(1.398053677 -0.2505 0.102)
(1.398053677 -0.2505 0.17)
(1.398053677 -0.2505 0.238)
(1.398053677 -0.2505 0.306)
(1.398053677 -0.2505 0.374)
(1.398053677 -0.2505 0.442)
(1.349844929 -0.167 -0.51)
(1.349844929 -0.167 -0.442)
(1.349844929 -0.167 -0.374)
(1.349844929 -0.167 -0.306)
(1.349844929 -0.167 -0.238)
(1.349844929 -0.167 -0.17)
(1.349844929 -0.167 -0.102)
(1.349844929 -0.167 -0.034)
(1.349844929 -0.167 0.034)
(1.349844929 -0.167 0.102)
(1.349844929 -0.167 0.17)
(1.349844929 -0.167 0.238)
(1.349844929 -0.167 0.306)
(1.349844929 -0.167 0.374)
(1.349844929 -0.167 0.442)
(1.301636182 -0.0835 -0.51)
(1.301636182 -0.0835 -0.442)
(1.301636182 -0.0835 -0.374)
(1.301636182 -0.0835 -0.306)
(1.301636182 -0.0835 -0.238)
(1.301636182 -0.0835 -0.17)
(1.301636182 -0.0835 -0.102)
(1.301636182 -0.0835 -0.034)
(1.301636182 -0.0835 0.034)
(1.301636182 -0.0835 0.102)
(1.301636182 -0.0835 0.17)
(1.301636182 -0.0835 0.238)
(1.301636182 -0.0835 0.306)
(1.301636182 -0.0835 0.374)
(1.301636182 -0.0835 0.442)
(1.398053677 -0.0835 -0.51)
(1.398053677 -0.0835 -0.442)
(1.398053677 -0.0835 -0.374)
(1.398053677 -0.0835 -0.306)
(1.398053677 -0.0835 -0.238)
(1.398053677 -0.0835 -0.17)
(1.398053677 -0.0835 -0.102)
(1.398053677 -0.0835 -0.034)
(1.398053677 -0.0835 0.034)
(1.398053677 -0.0835 0.102)
(1.398053677 -0.0835 0.17)
(1.398053677 -0.0835 0.238)
(1.398053677 -0.0835 0.306)
(1.398053677 -0.0835 0.374)
(1.398053677 -0.0835 0.442)
(1.349844929 -1.387778781e-17 -0.51)
(1.349844929 -1.387778781e-17 -0.442)
(1.349844929 -1.387778781e-17 -0.374)
(1.349844929 -1.387778781e-17 -0.306)
(1.349844929 -1.387778781e-17 -0.238)
(1.349844929 -1.387778781e-17 -0.17)
(1.349844929 -1.387778781e-17 -0.102)
(1.349844929 -1.387778781e-17 -0.034)
(1.349844929 -1.387778781e-17 0.034)
(1.349844929 -1.387778781e-17 0.102)
(1.349844929 -1.387778781e-17 0.17)
(1.349844929 -1.387778781e-17 0.238)
(1.349844929 -1.387778781e-17 0.306)
(1.349844929 -1.387778781e-17 0.374)
(1.349844929 -1.387778781e-17 0.442)
(1.301636182 0.0835 -0.51)
(1.301636182 0.0835 -0.442)
(1.301636182 0.0835 -0.374)
(1.301636182 0.0835 -0.306)
(1.301636182 0.0835 -0.238)
(1.301636182 0.0835 -0.17)
(1.301636182 0.0835 -0.102)
(1.301636182 0.0835 -0.034)
(1.301636182 0.0835 0.034)
(1.301636182 0.0835 0.102)
(1.301636182 0.0835 0.17)
(1.301636182 0.0835 0.238)
(1.301636182 0.0835 0.306)
(1.301636182 0.0835 0.374)
(1.301636182 0.0835 0.442)
(1.398053677 0.0835 -0.51)
(1.398053677 0.0835 -0.442)
(1.398053677 0.0835 -0.374)
(1.398053677 0.0835 -0.306)
(1.398053677 0.0835 -0.238)
(1.398053677 0.0835 -0.17)
(1.398053677 0.0835 -0.102)
(1.398053677 0.0835 -0.034)
(1.398053677 0.0835 0.034)
(1.398053677 0.0835 0.102)
(1.398053677 0.0835 0.17)
(1.398053677 0.0835 0.238)
(1.398053677 0.0835 0.306)
(1.398053677 0.0835 0.374)
(1.398053677 0.0835 0.442)
(1.349844929 0.167 -0.51)
(1.349844929 0.167 -0.442)
(1.349844929 0.167 -0.374)
(1.349844929 0.167 -0.306)
(1.349844929 0.167 -0.238)
(1.349844929 0.167 -0.17)
(1.349844929 0.167 -0.102)
(1.349844929 0.167 -0.034)
(1.349844929 0.167 0.034)
(1.349844929 0.167 0.102)
(1.349844929 0.167 0.17)
(1.349844929 0.167 0.238)
(1.349844929 0.167 0.306)
(1.349844929 0.167 0.374)
(1.349844929 0.167 0.442)
(1.301636182 0.2505 -0.51)
(1.301636182 0.2505 -0.442)
(1.301636182 0.2505 -0.374)
(1.301636182 0.2505 -0.306)
(1.301636182 0.2505 -0.238)
(1.301636182 0.2505 -0.17)
(1.301636182 0.2505 -0.102)
(1.301636182 0.2505 -0.034)
(1.301636182 0.2505 0.034)
(1.301636182 0.2505 0.102)
(1.301636182 0.2505 0.17)
(1.301636182 0.2505 0.238)
(1.301636182 0.2505 0.306)
(1.301636182 0.2505 0.374)
(1.301636182 0.2505 0.442)
(1.398053677 0.2505 -0.51)
(1.398053677 0.2505 -0.442)
(1.398053677 0.2505 -0.374)
(1.398053677 0.2505 -0.306)
(1.398053677 0.2505 -0.238)
(1.398053677 0.2505 -0.17)
(1.398053677 0.2505 -0.102)
(1.398053677 0.2505 -0.034)
(1.398053677 0.2505 0.034)
(1.398053677 0.2505 0.102)
(1.398053677 0.2505 0.17)
(1.398053677 0.2505 0.238)
(1.398053677 0.2505 0.306)
(1.398053677 0.2505 0.374)
(1.398053677 0.2505 0.442)
(1.349844929 0.334 -0.51)
(1.349844929 0.334 -0.442)
(1.349844929 0.334 -0.374)
(1.349844929 0.334 -0.306)
(1.349844929 0.334 -0.238)
(1.349844929 0.334 -0.17)
(1.349844929 0.334 -0.102)
(1.349844929 0.334 -0.034)
(1.349844929 0.334 0.034)
(1.349844929 0.334 0.102)
(1.349844929 0.334 0.17)
(1.349844929 0.334 0.238)
(1.349844929 0.334 0.306)
(1.349844929 0.334 0.374)
(1.349844929 0.334 0.442)
(1.301636182 0.4175 -0.51)
(1.301636182 0.4175 -0.442)
(1.301636182 0.4175 -0.374)
(1.301636182 0.4175 -0.306)
(1.301636182 0.4175 -0.238)
(1.301636182 0.4175 -0.17)
(1.301636182 0.4175 -0.102)
(1.301636182 0.4175 -0.034)
(1.301636182 0.4175 0.034)
(1.301636182 0.4175 0.102)
(1.301636182 0.4175 0.17)
(1.301636182 0.4175 0.238)
(1.301636182 0.4175 0.306)
(1.301636182 0.4175 0.374)
(1.301636182 0.4175 0.442)
(1.398053677 0.4175 -0.51)
(1.398053677 0.4175 -0.442)
(1.398053677 0.4175 -0.374)
(1.398053677 0.4175 -0.306)
(1.398053677 0.4175 -0.238)
(1.398053677 0.4175 -0.17)
(1.398053677 0.4175 -0.102)
(1.398053677 0.4175 -0.034)
(1.398053677 0.4175 0.034)
(1.398053677 0.4175 0.102)
(1.398053677 0.4175 0.17)
(1.398053677 0.4175 0.238)
(1.398053677 0.4175 0.306)
(1.398053677 0.4175 0.374)
(1.398053677 0.4175 0.442)
(1.349844929 0.501 -0.51)
(1.349844929 0.501 -0.442)
(1.349844929 0.501 -0.374)
(1.349844929 0.501 -0.306)
(1.349844929 0.501 -0.238)
(1.349844929 0.501 -0.17)
(1.349844929 0.501 -0.102)
(1.349844929 0.501 -0.034)
(1.349844929 0.501 0.034)
(1.349844929 0.501 0.102)
(1.349844929 0.501 0.17)
(1.349844929 0.501 0.238)
(1.349844929 0.501 0.306)
(1.349844929 0.501 0.374)
(1.349844929 0.501 0.442)
(-0.1928349899 -0.167 -1.435)
(-0.09641749495 -0.167 -1.435)
(-0.1446262424 -0.0835 -1.435)
(-0.1928349899 -0.167 -1.25)
(-0.09641749495 -0.167 -1.25)
(-0.1446262424 -0.0835 -1.25)
(-0.1928349899 -0.167 -1.065)
(-0.09641749495 -0.167 -1.065)
(-0.1446262424 -0.0835 -1.065)
(-0.1928349899 -0.167 -0.88)
(-0.09641749495 -0.167 -0.88)
(-0.1446262424 -0.0835 -0.88)
(-0.1928349899 -0.167 -0.695)
(-0.09641749495 -0.167 -0.695)
(-0.1446262424 -0.0835 -0.695)
(-0.04820874748 -0.0835 -1.435)
(-0.04820874748 -0.0835 -1.25)
(-0.04820874748 -0.0835 -1.065)
(-0.04820874748 -0.0835 -0.88)
(-0.04820874748 -0.0835 -0.695)
(-0.2410437374 -0.0835 -1.435)
(-0.2410437374 -0.0835 -1.25)
(-0.2410437374 -0.0835 -1.065)
(-0.2410437374 -0.0835 -0.88)
(-0.2410437374 -0.0835 -0.695)
(-0.1928349899 0 -1.435)
(-0.09641749495 0 -1.435)
(-0.1928349899 0 -1.25)
(-0.09641749495 0 -1.25)
(-0.1928349899 0 -1.065)
(-0.09641749495 0 -1.065)
(-0.1928349899 0 -0.88)
(-0.09641749495 0 -0.88)
(-0.1928349899 0 -0.695)
(-0.09641749495 0 -0.695)
(-0.1446262424 0.0835 -1.435)
(-0.1446262424 0.0835 -1.25)
(-0.1446262424 0.0835 -1.065)
(-0.1446262424 0.0835 -0.88)
(-0.1446262424 0.0835 -0.695)
(-0.04820874748 0.0835 -1.435)
(-0.04820874748 0.0835 -1.25)
(-0.04820874748 0.0835 -1.065)
(-0.04820874748 0.0835 -0.88)
(-0.04820874748 0.0835 -0.695)
(-0.2410437374 0.0835 -1.435)
(-0.2410437374 0.0835 -1.25)
(-0.2410437374 0.0835 -1.065)
(-0.2410437374 0.0835 -0.88)
(-0.2410437374 0.0835 -0.695)
(-0.1928349899 0.167 -1.435)
(-0.09641749495 0.167 -1.435)
(-0.1928349899 0.167 -1.25)
(-0.09641749495 0.167 -1.25)
(-0.1928349899 0.167 -1.065)
(-0.09641749495 0.167 -1.065)
(-0.1928349899 0.167 -0.88)
(-0.09641749495 0.167 -0.88)
(-0.1928349899 0.167 -0.695)
(-0.09641749495 0.167 -0.695)
(-0.04820874748 -0.2505 -1.435)
(0.04820874748 -0.2505 -1.435)
(0 -0.167 -1.435)
(-0.04820874748 -0.2505 -1.25)
(0.04820874748 -0.2505 -1.25)
(0 -0.167 -1.25)
(-0.04820874748 -0.2505 -1.065)
(0.04820874748 -0.2505 -1.065)
(0 -0.167 -1.065)
(-0.04820874748 -0.2505 -0.88)
(0.04820874748 -0.2505 -0.88)
(0 -0.167 -0.88)
(-0.04820874748 -0.2505 -0.695)
(0.04820874748 -0.2505 -0.695)
(0 -0.167 -0.695)
(0.09641749495 -0.167 -1.435)
(0.09641749495 -0.167 -1.25)
(0.09641749495 -0.167 -1.065)
(0.09641749495 -0.167 -0.88)
(0.09641749495 -0.167 -0.695)
(0.04820874748 -0.0835 -1.435)
(0.04820874748 -0.0835 -1.25)
(0.04820874748 -0.0835 -1.065)
(0.04820874748 -0.0835 -0.88)
(0.04820874748 -0.0835 -0.695)
(0 0 -1.435)
(0 0 -1.25)
(0 0 -1.065)
(0 0 -0.88)
(0 0 -0.695)
(0.09641749495 0 -1.435)
(0.09641749495 0 -1.25)
(0.09641749495 0 -1.065)
(0.09641749495 0 -0.88)
(0.09641749495 0 -0.695)
(0.04820874748 0.0835 -1.435)
(0.04820874748 0.0835 -1.25)
(0.04820874748 0.0835 -1.065)
(0.04820874748 0.0835 -0.88)
(0.04820874748 0.0835 -0.695)
(0 0.167 -1.435)
(0 0.167 -1.25)
(0 0.167 -1.065)
(0 0.167 -0.88)
(0 0.167 -0.695)
(0.09641749495 0.167 -1.435)
(0.09641749495 0.167 -1.25)
(0.09641749495 0.167 -1.065)
(0.09641749495 0.167 -0.88)
(0.09641749495 0.167 -0.695)
(-0.04820874748 0.2505 -1.435)
(0.04820874748 0.2505 -1.435)
(-0.04820874748 0.2505 -1.25)
(0.04820874748 0.2505 -1.25)
(-0.04820874748 0.2505 -1.065)
(0.04820874748 0.2505 -1.065)
(-0.04820874748 0.2505 -0.88)
(0.04820874748 0.2505 -0.88)
(-0.04820874748 0.2505 -0.695)
(0.04820874748 0.2505 -0.695)
(0.1928349899 -0.167 -1.435)
(0.1446262424 -0.0835 -1.435)
(0.1928349899 -0.167 -1.25)
(0.1446262424 -0.0835 -1.25)
(0.1928349899 -0.167 -1.065)
(0.1446262424 -0.0835 -1.065)
(0.1928349899 -0.167 -0.88)
(0.1446262424 -0.0835 -0.88)
(0.1928349899 -0.167 -0.695)
(0.1446262424 -0.0835 -0.695)
(0.2410437374 -0.0835 -1.435)
(0.2410437374 -0.0835 -1.25)
(0.2410437374 -0.0835 -1.065)
(0.2410437374 -0.0835 -0.88)
(0.2410437374 -0.0835 -0.695)
(0.1928349899 0 -1.435)
(0.1928349899 0 -1.25)
(0.1928349899 0 -1.065)
(0.1928349899 0 -0.88)
(0.1928349899 0 -0.695)
(0.1446262424 0.0835 -1.435)
(0.1446262424 0.0835 -1.25)
(0.1446262424 0.0835 -1.065)
(0.1446262424 0.0835 -0.88)
(0.1446262424 0.0835 -0.695)
(0.2410437374 0.0835 -1.435)
(0.2410437374 0.0835 -1.25)
(0.2410437374 0.0835 -1.065)
(0.2410437374 0.0835 -0.88)
(0.2410437374 0.0835 -0.695)
(0.1928349899 0.167 -1.435)
(0.1928349899 0.167 -1.25)
(0.1928349899 0.167 -1.065)
(0.1928349899 0.167 -0.88)
(0.1928349899 0.167 -0.695)
(-1.349844929 -0.501 -1.435)
(-1.253427434 -0.501 -1.435)
(-1.301636182 -0.4175 -1.435)
(-1.349844929 -0.501 -1.25)
(-1.253427434 -0.501 -1.25)
(-1.301636182 -0.4175 -1.25)
(-1.349844929 -0.501 -1.065)
(-1.253427434 -0.501 -1.065)
(-1.301636182 -0.4175 -1.065)
(-1.349844929 -0.501 -0.88)
(-1.253427434 -0.501 -0.88)
(-1.301636182 -0.4175 -0.88)
(-1.349844929 -0.501 -0.695)
(-1.253427434 -0.501 -0.695)
(-1.301636182 -0.4175 -0.695)
(-1.205218687 -0.4175 -1.435)
(-1.205218687 -0.4175 -1.25)
(-1.205218687 -0.4175 -1.065)
(-1.205218687 -0.4175 -0.88)
(-1.205218687 -0.4175 -0.695)
(-1.398053677 -0.4175 -1.435)
(-1.398053677 -0.4175 -1.25)
(-1.398053677 -0.4175 -1.065)
(-1.398053677 -0.4175 -0.88)
(-1.398053677 -0.4175 -0.695)
(-1.349844929 -0.334 -1.435)
(-1.253427434 -0.334 -1.435)
(-1.349844929 -0.334 -1.25)
(-1.253427434 -0.334 -1.25)
(-1.349844929 -0.334 -1.065)
(-1.253427434 -0.334 -1.065)
(-1.349844929 -0.334 -0.88)
(-1.253427434 -0.334 -0.88)
(-1.349844929 -0.334 -0.695)
(-1.253427434 -0.334 -0.695)
(-1.301636182 -0.2505 -1.435)
(-1.301636182 -0.2505 -1.25)
(-1.301636182 -0.2505 -1.065)
(-1.301636182 -0.2505 -0.88)
(-1.301636182 -0.2505 -0.695)
(-1.205218687 -0.2505 -1.435)
(-1.205218687 -0.2505 -1.25)
(-1.205218687 -0.2505 -1.065)
(-1.205218687 -0.2505 -0.88)
(-1.205218687 -0.2505 -0.695)
(-1.398053677 -0.2505 -1.435)
(-1.398053677 -0.2505 -1.25)
(-1.398053677 -0.2505 -1.065)
(-1.398053677 -0.2505 -0.88)
(-1.398053677 -0.2505 -0.695)
(-1.349844929 -0.167 -1.435)
(-1.253427434 -0.167 -1.435)
(-1.349844929 -0.167 -1.25)
(-1.253427434 -0.167 -1.25)
(-1.349844929 -0.167 -1.065)
(-1.253427434 -0.167 -1.065)
(-1.349844929 -0.167 -0.88)
(-1.253427434 -0.167 -0.88)
(-1.349844929 -0.167 -0.695)
(-1.253427434 -0.167 -0.695)
(-1.301636182 -0.0835 -1.435)
(-1.301636182 -0.0835 -1.25)
(-1.301636182 -0.0835 -1.065)
(-1.301636182 -0.0835 -0.88)
(-1.301636182 -0.0835 -0.695)
(-1.205218687 -0.0835 -1.435)
(-1.205218687 -0.0835 -1.25)
(-1.205218687 -0.0835 -1.065)
(-1.205218687 -0.0835 -0.88)
(-1.205218687 -0.0835 -0.695)
(-1.398053677 -0.0835 -1.435)
(-1.398053677 -0.0835 -1.25)
(-1.398053677 -0.0835 -1.065)
(-1.398053677 -0.0835 -0.88)
(-1.398053677 -0.0835 -0.695)
(-1.349844929 -1.387778781e-17 -1.435)
(-1.253427434 -1.387778781e-17 -1.435)
(-1.349844929 -1.387778781e-17 -1.25)
(-1.253427434 -1.387778781e-17 -1.25)
(-1.349844929 -1.387778781e-17 -1.065)
(-1.253427434 -1.387778781e-17 -1.065)
(-1.349844929 -1.387778781e-17 -0.88)
(-1.253427434 -1.387778781e-17 -0.88)
(-1.349844929 -1.387778781e-17 -0.695)
(-1.253427434 -1.387778781e-17 -0.695)
(-1.301636182 0.0835 -1.435)
(-1.301636182 0.0835 -1.25)
(-1.301636182 0.0835 -1.065)
(-1.301636182 0.0835 -0.88)
(-1.301636182 0.0835 -0.695)
(-1.205218687 0.0835 -1.435)
(-1.205218687 0.0835 -1.25)
(-1.205218687 0.0835 -1.065)
(-1.205218687 0.0835 -0.88)
(-1.205218687 0.0835 -0.695)
(-1.398053677 0.0835 -1.435)
(-1.398053677 0.0835 -1.25)
(-1.398053677 0.0835 -1.065)
(-1.398053677 0.0835 -0.88)
(-1.398053677 0.0835 -0.695)
(-1.349844929 0.167 -1.435)
(-1.253427434 0.167 -1.435)
(-1.349844929 0.167 -1.25)
(-1.253427434 0.167 -1.25)
(-1.349844929 0.167 -1.065)
(-1.253427434 0.167 -1.065)
(-1.349844929 0.167 -0.88)
(-1.253427434 0.167 -0.88)
(-1.349844929 0.167 -0.695)
(-1.253427434 0.167 -0.695)
(-1.301636182 0.2505 -1.435)
(-1.301636182 0.2505 -1.25)
(-1.301636182 0.2505 -1.065)
(-1.301636182 0.2505 -0.88)
(-1.301636182 0.2505 -0.695)
(-1.205218687 0.2505 -1.435)
(-1.205218687 0.2505 -1.25)
(-1.205218687 0.2505 -1.065)
(-1.205218687 0.2505 -0.88)
(-1.205218687 0.2505 -0.695)
(-1.398053677 0.2505 -1.435)
(-1.398053677 0.2505 -1.25)
(-1.398053677 0.2505 -1.065)
(-1.398053677 0.2505 -0.88)
(-1.398053677 0.2505 -0.695)
(-1.349844929 0.334 -1.435)
(-1.253427434 0.334 -1.435)
(-1.349844929 0.334 -1.25)
(-1.253427434 0.334 -1.25)
(-1.349844929 0.334 -1.065)
(-1.253427434 0.334 -1.065)
(-1.349844929 0.334 -0.88)
(-1.253427434 0.334 -0.88)
(-1.349844929 0.334 -0.695)
(-1.253427434 0.334 -0.695)
(-1.301636182 0.4175 -1.435)
(-1.301636182 0.4175 -1.25)
(-1.301636182 0.4175 -1.065)
(-1.301636182 0.4175 -0.88)
(-1.301636182 0.4175 -0.695)
(-1.205218687 0.4175 -1.435)
(-1.205218687 0.4175 -1.25)
(-1.205218687 0.4175 -1.065)
(-1.205218687 0.4175 -0.88)
(-1.205218687 0.4175 -0.695)
(-1.398053677 0.4175 -1.435)
(-1.398053677 0.4175 -1.25)
(-1.398053677 0.4175 -1.065)
(-1.398053677 0.4175 -0.88)
(-1.398053677 0.4175 -0.695)
(-1.349844929 0.501 -1.435)
(-1.253427434 0.501 -1.435)
(-1.349844929 0.501 -1.25)
(-1.253427434 0.501 -1.25)
(-1.349844929 0.501 -1.065)
(-1.253427434 0.501 -1.065)
(-1.349844929 0.501 -0.88)
(-1.253427434 0.501 -0.88)
(-1.349844929 0.501 -0.695)
(-1.253427434 0.501 -0.695)
(-1.205218687 -0.7515 -1.435)
(-1.108801192 -0.7515 -1.435)
(-1.157009939 -0.668 -1.435)
(-1.205218687 -0.7515 -1.25)
(-1.108801192 -0.7515 -1.25)
(-1.157009939 -0.668 -1.25)
(-1.205218687 -0.7515 -1.065)
(-1.108801192 -0.7515 -1.065)
(-1.157009939 -0.668 -1.065)
(-1.205218687 -0.7515 -0.88)
(-1.108801192 -0.7515 -0.88)
(-1.157009939 -0.668 -0.88)
(-1.205218687 -0.7515 -0.695)
(-1.108801192 -0.7515 -0.695)
(-1.157009939 -0.668 -0.695)
(-1.060592445 -0.668 -1.435)
(-1.060592445 -0.668 -1.25)
(-1.060592445 -0.668 -1.065)
(-1.060592445 -0.668 -0.88)
(-1.060592445 -0.668 -0.695)
(-1.253427434 -0.668 -1.435)
(-1.253427434 -0.668 -1.25)
(-1.253427434 -0.668 -1.065)
(-1.253427434 -0.668 -0.88)
(-1.253427434 -0.668 -0.695)
(-1.205218687 -0.5845 -1.435)
(-1.108801192 -0.5845 -1.435)
(-1.205218687 -0.5845 -1.25)
(-1.108801192 -0.5845 -1.25)
(-1.205218687 -0.5845 -1.065)
(-1.108801192 -0.5845 -1.065)
(-1.205218687 -0.5845 -0.88)
(-1.108801192 -0.5845 -0.88)
(-1.205218687 -0.5845 -0.695)
(-1.108801192 -0.5845 -0.695)
(-1.157009939 -0.501 -1.435)
(-1.157009939 -0.501 -1.25)
(-1.157009939 -0.501 -1.065)
(-1.157009939 -0.501 -0.88)
(-1.157009939 -0.501 -0.695)
(-1.060592445 -0.501 -1.435)
(-1.060592445 -0.501 -1.25)
(-1.060592445 -0.501 -1.065)
(-1.060592445 -0.501 -0.88)
(-1.060592445 -0.501 -0.695)
(-1.108801192 -0.4175 -1.435)
(-1.108801192 -0.4175 -1.25)
(-1.108801192 -0.4175 -1.065)
(-1.108801192 -0.4175 -0.88)
(-1.108801192 -0.4175 -0.695)
(-1.157009939 -0.334 -1.435)
(-1.157009939 -0.334 -1.25)
(-1.157009939 -0.334 -1.065)
(-1.157009939 -0.334 -0.88)
(-1.157009939 -0.334 -0.695)
(-1.060592445 -0.334 -1.435)
(-1.060592445 -0.334 -1.25)
(-1.060592445 -0.334 -1.065)
(-1.060592445 -0.334 -0.88)
(-1.060592445 -0.334 -0.695)
(-1.108801192 -0.2505 -1.435)
(-1.108801192 -0.2505 -1.25)
(-1.108801192 -0.2505 -1.065)
(-1.108801192 -0.2505 -0.88)
(-1.108801192 -0.2505 -0.695)
(-1.157009939 -0.167 -1.435)
(-1.157009939 -0.167 -1.25)
(-1.157009939 -0.167 -1.065)
(-1.157009939 -0.167 -0.88)
(-1.157009939 -0.167 -0.695)
(-1.060592445 -0.167 -1.435)
(-1.060592445 -0.167 -1.25)
(-1.060592445 -0.167 -1.065)
(-1.060592445 -0.167 -0.88)
(-1.060592445 -0.167 -0.695)
(-1.108801192 -0.0835 -1.435)
(-1.108801192 -0.0835 -1.25)
(-1.108801192 -0.0835 -1.065)
(-1.108801192 -0.0835 -0.88)
(-1.108801192 -0.0835 -0.695)
(-1.157009939 0 -1.435)
(-1.157009939 0 -1.25)
(-1.157009939 0 -1.065)
(-1.157009939 0 -0.88)
(-1.157009939 0 -0.695)
(-1.060592445 0 -1.435)
(-1.060592445 0 -1.25)
(-1.060592445 0 -1.065)
(-1.060592445 0 -0.88)
(-1.060592445 0 -0.695)
(-1.108801192 0.0835 -1.435)
(-1.108801192 0.0835 -1.25)
(-1.108801192 0.0835 -1.065)
(-1.108801192 0.0835 -0.88)
(-1.108801192 0.0835 -0.695)
(-1.157009939 0.167 -1.435)
(-1.157009939 0.167 -1.25)
(-1.157009939 0.167 -1.065)
(-1.157009939 0.167 -0.88)
(-1.157009939 0.167 -0.695)
(-1.060592445 0.167 -1.435)
(-1.060592445 0.167 -1.25)
(-1.060592445 0.167 -1.065)
(-1.060592445 0.167 -0.88)
(-1.060592445 0.167 -0.695)
(-1.108801192 0.2505 -1.435)
(-1.108801192 0.2505 -1.25)
(-1.108801192 0.2505 -1.065)
(-1.108801192 0.2505 -0.88)
(-1.108801192 0.2505 -0.695)
(-1.157009939 0.334 -1.435)
(-1.157009939 0.334 -1.25)
(-1.157009939 0.334 -1.065)
(-1.157009939 0.334 -0.88)
(-1.157009939 0.334 -0.695)
(-1.060592445 0.334 -1.435)
(-1.060592445 0.334 -1.25)
(-1.060592445 0.334 -1.065)
(-1.060592445 0.334 -0.88)
(-1.060592445 0.334 -0.695)
(-1.108801192 0.4175 -1.435)
(-1.108801192 0.4175 -1.25)
(-1.108801192 0.4175 -1.065)
(-1.108801192 0.4175 -0.88)
(-1.108801192 0.4175 -0.695)
(-1.157009939 0.501 -1.435)
(-1.157009939 0.501 -1.25)
(-1.157009939 0.501 -1.065)
(-1.157009939 0.501 -0.88)
(-1.157009939 0.501 -0.695)
(-1.060592445 0.501 -1.435)
(-1.060592445 0.501 -1.25)
(-1.060592445 0.501 -1.065)
(-1.060592445 0.501 -0.88)
(-1.060592445 0.501 -0.695)
(-1.205218687 0.5845 -1.435)
(-1.108801192 0.5845 -1.435)
(-1.205218687 0.5845 -1.25)
(-1.108801192 0.5845 -1.25)
(-1.205218687 0.5845 -1.065)
(-1.108801192 0.5845 -1.065)
(-1.205218687 0.5845 -0.88)
(-1.108801192 0.5845 -0.88)
(-1.205218687 0.5845 -0.695)
(-1.108801192 0.5845 -0.695)
(-1.157009939 0.668 -1.435)
(-1.157009939 0.668 -1.25)
(-1.157009939 0.668 -1.065)
(-1.157009939 0.668 -0.88)
(-1.157009939 0.668 -0.695)
(-1.060592445 0.668 -1.435)
(-1.060592445 0.668 -1.25)
(-1.060592445 0.668 -1.065)
(-1.060592445 0.668 -0.88)
(-1.060592445 0.668 -0.695)
(-1.253427434 0.668 -1.435)
(-1.253427434 0.668 -1.25)
(-1.253427434 0.668 -1.065)
(-1.253427434 0.668 -0.88)
(-1.253427434 0.668 -0.695)
(-1.205218687 0.7515 -1.435)
(-1.108801192 0.7515 -1.435)
(-1.205218687 0.7515 -1.25)
(-1.108801192 0.7515 -1.25)
(-1.205218687 0.7515 -1.065)
(-1.108801192 0.7515 -1.065)
(-1.205218687 0.7515 -0.88)
(-1.108801192 0.7515 -0.88)
(-1.205218687 0.7515 -0.695)
(-1.108801192 0.7515 -0.695)
(-1.060592445 -1.002 -1.435)
(-0.9641749495 -1.002 -1.435)
(-1.012383697 -0.9185 -1.435)
(-1.060592445 -1.002 -1.25)
(-0.9641749495 -1.002 -1.25)
(-1.012383697 -0.9185 -1.25)
(-1.060592445 -1.002 -1.065)
(-0.9641749495 -1.002 -1.065)
(-1.012383697 -0.9185 -1.065)
(-1.060592445 -1.002 -0.88)
(-0.9641749495 -1.002 -0.88)
(-1.012383697 -0.9185 -0.88)
(-1.060592445 -1.002 -0.695)
(-0.9641749495 -1.002 -0.695)
(-1.012383697 -0.9185 -0.695)
(-0.9159662021 -0.9185 -1.435)
(-0.9159662021 -0.9185 -1.25)
(-0.9159662021 -0.9185 -1.065)
(-0.9159662021 -0.9185 -0.88)
(-0.9159662021 -0.9185 -0.695)
(-1.108801192 -0.9185 -1.435)
(-1.108801192 -0.9185 -1.25)
(-1.108801192 -0.9185 -1.065)
(-1.108801192 -0.9185 -0.88)
(-1.108801192 -0.9185 -0.695)
(-1.060592445 -0.835 -1.435)
(-0.9641749495 -0.835 -1.435)
(-1.060592445 -0.835 -1.25)
(-0.9641749495 -0.835 -1.25)
(-1.060592445 -0.835 -1.065)
(-0.9641749495 -0.835 -1.065)
(-1.060592445 -0.835 -0.88)
(-0.9641749495 -0.835 -0.88)
(-1.060592445 -0.835 -0.695)
(-0.9641749495 -0.835 -0.695)
(-1.012383697 -0.7515 -1.435)
(-1.012383697 -0.7515 -1.25)
(-1.012383697 -0.7515 -1.065)
(-1.012383697 -0.7515 -0.88)
(-1.012383697 -0.7515 -0.695)
(-0.9159662021 -0.7515 -1.435)
(-0.9159662021 -0.7515 -1.25)
(-0.9159662021 -0.7515 -1.065)
(-0.9159662021 -0.7515 -0.88)
(-0.9159662021 -0.7515 -0.695)
(-0.9641749495 -0.668 -1.435)
(-0.9641749495 -0.668 -1.25)
(-0.9641749495 -0.668 -1.065)
(-0.9641749495 -0.668 -0.88)
(-0.9641749495 -0.668 -0.695)
(-1.012383697 -0.5845 -1.435)
(-1.012383697 -0.5845 -1.25)
(-1.012383697 -0.5845 -1.065)
(-1.012383697 -0.5845 -0.88)
(-1.012383697 -0.5845 -0.695)
(-0.9159662021 -0.5845 -1.435)
(-0.9159662021 -0.5845 -1.25)
(-0.9159662021 -0.5845 -1.065)
(-0.9159662021 -0.5845 -0.88)
(-0.9159662021 -0.5845 -0.695)
(-0.9641749495 -0.501 -1.435)
(-0.9641749495 -0.501 -1.25)
(-0.9641749495 -0.501 -1.065)
(-0.9641749495 -0.501 -0.88)
(-0.9641749495 -0.501 -0.695)
(-1.012383697 -0.4175 -1.435)
(-1.012383697 -0.4175 -1.25)
(-1.012383697 -0.4175 -1.065)
(-1.012383697 -0.4175 -0.88)
(-1.012383697 -0.4175 -0.695)
(-0.9159662021 -0.4175 -1.435)
(-0.9159662021 -0.4175 -1.25)
(-0.9159662021 -0.4175 -1.065)
(-0.9159662021 -0.4175 -0.88)
(-0.9159662021 -0.4175 -0.695)
(-0.9641749495 -0.334 -1.435)
(-0.9641749495 -0.334 -1.25)
(-0.9641749495 -0.334 -1.065)
(-0.9641749495 -0.334 -0.88)
(-0.9641749495 -0.334 -0.695)
(-0.9641749495 0.334 -1.435)
(-1.012383697 0.4175 -1.435)
(-0.9641749495 0.334 -1.25)
(-1.012383697 0.4175 -1.25)
(-0.9641749495 0.334 -1.065)
(-1.012383697 0.4175 -1.065)
(-0.9641749495 0.334 -0.88)
(-1.012383697 0.4175 -0.88)
(-0.9641749495 0.334 -0.695)
(-1.012383697 0.4175 -0.695)
(-0.9159662021 0.4175 -1.435)
(-0.9159662021 0.4175 -1.25)
(-0.9159662021 0.4175 -1.065)
(-0.9159662021 0.4175 -0.88)
(-0.9159662021 0.4175 -0.695)
(-0.9641749495 0.501 -1.435)
(-0.9641749495 0.501 -1.25)
(-0.9641749495 0.501 -1.065)
(-0.9641749495 0.501 -0.88)
(-0.9641749495 0.501 -0.695)
(-1.012383697 0.5845 -1.435)
(-1.012383697 0.5845 -1.25)
(-1.012383697 0.5845 -1.065)
(-1.012383697 0.5845 -0.88)
(-1.012383697 0.5845 -0.695)
(-0.9159662021 0.5845 -1.435)
(-0.9159662021 0.5845 -1.25)
(-0.9159662021 0.5845 -1.065)
(-0.9159662021 0.5845 -0.88)
(-0.9159662021 0.5845 -0.695)
(-0.9641749495 0.668 -1.435)
(-0.9641749495 0.668 -1.25)
(-0.9641749495 0.668 -1.065)
(-0.9641749495 0.668 -0.88)
(-0.9641749495 0.668 -0.695)
(-1.012383697 0.7515 -1.435)
(-1.012383697 0.7515 -1.25)
(-1.012383697 0.7515 -1.065)
(-1.012383697 0.7515 -0.88)
(-1.012383697 0.7515 -0.695)
(-0.9159662021 0.7515 -1.435)
(-0.9159662021 0.7515 -1.25)
(-0.9159662021 0.7515 -1.065)
(-0.9159662021 0.7515 -0.88)
(-0.9159662021 0.7515 -0.695)
(-1.060592445 0.835 -1.435)
(-0.9641749495 0.835 -1.435)
(-1.060592445 0.835 -1.25)
(-0.9641749495 0.835 -1.25)
(-1.060592445 0.835 -1.065)
(-0.9641749495 0.835 -1.065)
(-1.060592445 0.835 -0.88)
(-0.9641749495 0.835 -0.88)
(-1.060592445 0.835 -0.695)
(-0.9641749495 0.835 -0.695)
(-1.012383697 0.9185 -1.435)
(-1.012383697 0.9185 -1.25)
(-1.012383697 0.9185 -1.065)
(-1.012383697 0.9185 -0.88)
(-1.012383697 0.9185 -0.695)
(-0.9159662021 0.9185 -1.435)
(-0.9159662021 0.9185 -1.25)
(-0.9159662021 0.9185 -1.065)
(-0.9159662021 0.9185 -0.88)
(-0.9159662021 0.9185 -0.695)
(-1.108801192 0.9185 -1.435)
(-1.108801192 0.9185 -1.25)
(-1.108801192 0.9185 -1.065)
(-1.108801192 0.9185 -0.88)
(-1.108801192 0.9185 -0.695)
(-1.060592445 1.002 -1.435)
(-0.9641749495 1.002 -1.435)
(-1.060592445 1.002 -1.25)
(-0.9641749495 1.002 -1.25)
(-1.060592445 1.002 -1.065)
(-0.9641749495 1.002 -1.065)
(-1.060592445 1.002 -0.88)
(-0.9641749495 1.002 -0.88)
(-1.060592445 1.002 -0.695)
(-0.9641749495 1.002 -0.695)
(-0.9159662021 -1.0855 -1.435)
(-0.8195487071 -1.0855 -1.435)
(-0.8677574546 -1.002 -1.435)
(-0.9159662021 -1.0855 -1.25)
(-0.8195487071 -1.0855 -1.25)
(-0.8677574546 -1.002 -1.25)
(-0.9159662021 -1.0855 -1.065)
(-0.8195487071 -1.0855 -1.065)
(-0.8677574546 -1.002 -1.065)
(-0.9159662021 -1.0855 -0.88)
(-0.8195487071 -1.0855 -0.88)
(-0.8677574546 -1.002 -0.88)
(-0.9159662021 -1.0855 -0.695)
(-0.8195487071 -1.0855 -0.695)
(-0.8677574546 -1.002 -0.695)
(-0.7713399596 -1.002 -1.435)
(-0.7713399596 -1.002 -1.25)
(-0.7713399596 -1.002 -1.065)
(-0.7713399596 -1.002 -0.88)
(-0.7713399596 -1.002 -0.695)
(-0.8195487071 -0.9185 -1.435)
(-0.8195487071 -0.9185 -1.25)
(-0.8195487071 -0.9185 -1.065)
(-0.8195487071 -0.9185 -0.88)
(-0.8195487071 -0.9185 -0.695)
(-0.8677574546 -0.835 -1.435)
(-0.8677574546 -0.835 -1.25)
(-0.8677574546 -0.835 -1.065)
(-0.8677574546 -0.835 -0.88)
(-0.8677574546 -0.835 -0.695)
(-0.7713399596 -0.835 -1.435)
(-0.7713399596 -0.835 -1.25)
(-0.7713399596 -0.835 -1.065)
(-0.7713399596 -0.835 -0.88)
(-0.7713399596 -0.835 -0.695)
(-0.8195487071 -0.7515 -1.435)
(-0.8195487071 -0.7515 -1.25)
(-0.8195487071 -0.7515 -1.065)
(-0.8195487071 -0.7515 -0.88)
(-0.8195487071 -0.7515 -0.695)
(-0.8677574546 -0.668 -1.435)
(-0.8677574546 -0.668 -1.25)
(-0.8677574546 -0.668 -1.065)
(-0.8677574546 -0.668 -0.88)
(-0.8677574546 -0.668 -0.695)
(-0.7713399596 -0.668 -1.435)
(-0.7713399596 -0.668 -1.25)
(-0.7713399596 -0.668 -1.065)
(-0.7713399596 -0.668 -0.88)
(-0.7713399596 -0.668 -0.695)
(-0.8195487071 -0.5845 -1.435)
(-0.8195487071 -0.5845 -1.25)
(-0.8195487071 -0.5845 -1.065)
(-0.8195487071 -0.5845 -0.88)
(-0.8195487071 -0.5845 -0.695)
(-0.8195487071 0.5845 -1.435)
(-0.8677574546 0.668 -1.435)
(-0.8195487071 0.5845 -1.25)
(-0.8677574546 0.668 -1.25)
(-0.8195487071 0.5845 -1.065)
(-0.8677574546 0.668 -1.065)
(-0.8195487071 0.5845 -0.88)
(-0.8677574546 0.668 -0.88)
(-0.8195487071 0.5845 -0.695)
(-0.8677574546 0.668 -0.695)
(-0.7713399596 0.668 -1.435)
(-0.7713399596 0.668 -1.25)
(-0.7713399596 0.668 -1.065)
(-0.7713399596 0.668 -0.88)
(-0.7713399596 0.668 -0.695)
(-0.8195487071 0.7515 -1.435)
(-0.8195487071 0.7515 -1.25)
(-0.8195487071 0.7515 -1.065)
(-0.8195487071 0.7515 -0.88)
(-0.8195487071 0.7515 -0.695)
(-0.8677574546 0.835 -1.435)
(-0.8677574546 0.835 -1.25)
(-0.8677574546 0.835 -1.065)
(-0.8677574546 0.835 -0.88)
(-0.8677574546 0.835 -0.695)
(-0.7713399596 0.835 -1.435)
(-0.7713399596 0.835 -1.25)
(-0.7713399596 0.835 -1.065)
(-0.7713399596 0.835 -0.88)
(-0.7713399596 0.835 -0.695)
(-0.8195487071 0.9185 -1.435)
(-0.8195487071 0.9185 -1.25)
(-0.8195487071 0.9185 -1.065)
(-0.8195487071 0.9185 -0.88)
(-0.8195487071 0.9185 -0.695)
(-0.8677574546 1.002 -1.435)
(-0.8677574546 1.002 -1.25)
(-0.8677574546 1.002 -1.065)
(-0.8677574546 1.002 -0.88)
(-0.8677574546 1.002 -0.695)
(-0.7713399596 1.002 -1.435)
(-0.7713399596 1.002 -1.25)
(-0.7713399596 1.002 -1.065)
(-0.7713399596 1.002 -0.88)
(-0.7713399596 1.002 -0.695)
(-0.9159662021 1.0855 -1.435)
(-0.8195487071 1.0855 -1.435)
(-0.9159662021 1.0855 -1.25)
(-0.8195487071 1.0855 -1.25)
(-0.9159662021 1.0855 -1.065)
(-0.8195487071 1.0855 -1.065)
(-0.9159662021 1.0855 -0.88)
(-0.8195487071 1.0855 -0.88)
(-0.9159662021 1.0855 -0.695)
(-0.8195487071 1.0855 -0.695)
(-0.7713399596 -1.169 -1.435)
(-0.6749224647 -1.169 -1.435)
(-0.7231312122 -1.0855 -1.435)
(-0.7713399596 -1.169 -1.25)
(-0.6749224647 -1.169 -1.25)
(-0.7231312122 -1.0855 -1.25)
(-0.7713399596 -1.169 -1.065)
(-0.6749224647 -1.169 -1.065)
(-0.7231312122 -1.0855 -1.065)
(-0.7713399596 -1.169 -0.88)
(-0.6749224647 -1.169 -0.88)
(-0.7231312122 -1.0855 -0.88)
(-0.7713399596 -1.169 -0.695)
(-0.6749224647 -1.169 -0.695)
(-0.7231312122 -1.0855 -0.695)
(-0.6267137172 -1.0855 -1.435)
(-0.6267137172 -1.0855 -1.25)
(-0.6267137172 -1.0855 -1.065)
(-0.6267137172 -1.0855 -0.88)
(-0.6267137172 -1.0855 -0.695)
(-0.6749224647 -1.002 -1.435)
(-0.6749224647 -1.002 -1.25)
(-0.6749224647 -1.002 -1.065)
(-0.6749224647 -1.002 -0.88)
(-0.6749224647 -1.002 -0.695)
(-0.7231312122 -0.9185 -1.435)
(-0.7231312122 -0.9185 -1.25)
(-0.7231312122 -0.9185 -1.065)
(-0.7231312122 -0.9185 -0.88)
(-0.7231312122 -0.9185 -0.695)
(-0.6267137172 -0.9185 -1.435)
(-0.6267137172 -0.9185 -1.25)
(-0.6267137172 -0.9185 -1.065)
(-0.6267137172 -0.9185 -0.88)
(-0.6267137172 -0.9185 -0.695)
(-0.6749224647 -0.835 -1.435)
(-0.6749224647 -0.835 -1.25)
(-0.6749224647 -0.835 -1.065)
(-0.6749224647 -0.835 -0.88)
(-0.6749224647 -0.835 -0.695)
(-0.6749224647 0.835 -1.435)
(-0.7231312122 0.9185 -1.435)
(-0.6749224647 0.835 -1.25)
(-0.7231312122 0.9185 -1.25)
(-0.6749224647 0.835 -1.065)
(-0.7231312122 0.9185 -1.065)
(-0.6749224647 0.835 -0.88)
(-0.7231312122 0.9185 -0.88)
(-0.6749224647 0.835 -0.695)
(-0.7231312122 0.9185 -0.695)
(-0.6267137172 0.9185 -1.435)
(-0.6267137172 0.9185 -1.25)
(-0.6267137172 0.9185 -1.065)
(-0.6267137172 0.9185 -0.88)
(-0.6267137172 0.9185 -0.695)
(-0.6749224647 1.002 -1.435)
(-0.6749224647 1.002 -1.25)
(-0.6749224647 1.002 -1.065)
(-0.6749224647 1.002 -0.88)
(-0.6749224647 1.002 -0.695)
(-0.7231312122 1.0855 -1.435)
(-0.7231312122 1.0855 -1.25)
(-0.7231312122 1.0855 -1.065)
(-0.7231312122 1.0855 -0.88)
(-0.7231312122 1.0855 -0.695)
(-0.6267137172 1.0855 -1.435)
(-0.6267137172 1.0855 -1.25)
(-0.6267137172 1.0855 -1.065)
(-0.6267137172 1.0855 -0.88)
(-0.6267137172 1.0855 -0.695)
(-0.7713399596 1.169 -1.435)
(-0.6749224647 1.169 -1.435)
(-0.7713399596 1.169 -1.25)
(-0.6749224647 1.169 -1.25)
(-0.7713399596 1.169 -1.065)
(-0.6749224647 1.169 -1.065)
(-0.7713399596 1.169 -0.88)
(-0.6749224647 1.169 -0.88)
(-0.7713399596 1.169 -0.695)
(-0.6749224647 1.169 -0.695)
(-0.6267137172 -1.2525 -1.435)
(-0.5302962223 -1.2525 -1.435)
(-0.5785049697 -1.169 -1.435)
(-0.6267137172 -1.2525 -1.25)
(-0.5302962223 -1.2525 -1.25)
(-0.5785049697 -1.169 -1.25)
(-0.6267137172 -1.2525 -1.065)
(-0.5302962223 -1.2525 -1.065)
(-0.5785049697 -1.169 -1.065)
(-0.6267137172 -1.2525 -0.88)
(-0.5302962223 -1.2525 -0.88)
(-0.5785049697 -1.169 -0.88)
(-0.6267137172 -1.2525 -0.695)
(-0.5302962223 -1.2525 -0.695)
(-0.5785049697 -1.169 -0.695)
(-0.4820874748 -1.169 -1.435)
(-0.4820874748 -1.169 -1.25)
(-0.4820874748 -1.169 -1.065)
(-0.4820874748 -1.169 -0.88)
(-0.4820874748 -1.169 -0.695)
(-0.5302962223 -1.0855 -1.435)
(-0.5302962223 -1.0855 -1.25)
(-0.5302962223 -1.0855 -1.065)
(-0.5302962223 -1.0855 -0.88)
(-0.5302962223 -1.0855 -0.695)
(-0.5785049697 -1.002 -1.435)
(-0.5785049697 -1.002 -1.25)
(-0.5785049697 -1.002 -1.065)
(-0.5785049697 -1.002 -0.88)
(-0.5785049697 -1.002 -0.695)
(-0.4820874748 -1.002 -1.435)
(-0.4820874748 -1.002 -1.25)
(-0.4820874748 -1.002 -1.065)
(-0.4820874748 -1.002 -0.88)
(-0.4820874748 -1.002 -0.695)
(-0.5302962223 -0.9185 -1.435)
(-0.5302962223 -0.9185 -1.25)
(-0.5302962223 -0.9185 -1.065)
(-0.5302962223 -0.9185 -0.88)
(-0.5302962223 -0.9185 -0.695)
(-0.5302962223 0.9185 -1.435)
(-0.5785049697 1.002 -1.435)
(-0.5302962223 0.9185 -1.25)
(-0.5785049697 1.002 -1.25)
(-0.5302962223 0.9185 -1.065)
(-0.5785049697 1.002 -1.065)
(-0.5302962223 0.9185 -0.88)
(-0.5785049697 1.002 -0.88)
(-0.5302962223 0.9185 -0.695)
(-0.5785049697 1.002 -0.695)
(-0.4820874748 1.002 -1.435)
(-0.4820874748 1.002 -1.25)
(-0.4820874748 1.002 -1.065)
(-0.4820874748 1.002 -0.88)
(-0.4820874748 1.002 -0.695)
(-0.5302962223 1.0855 -1.435)
(-0.5302962223 1.0855 -1.25)
(-0.5302962223 1.0855 -1.065)
(-0.5302962223 1.0855 -0.88)
(-0.5302962223 1.0855 -0.695)
(-0.5785049697 1.169 -1.435)
(-0.5785049697 1.169 -1.25)
(-0.5785049697 1.169 -1.065)
(-0.5785049697 1.169 -0.88)
(-0.5785049697 1.169 -0.695)
(-0.4820874748 1.169 -1.435)
(-0.4820874748 1.169 -1.25)
(-0.4820874748 1.169 -1.065)
(-0.4820874748 1.169 -0.88)
(-0.4820874748 1.169 -0.695)
(-0.6267137172 1.2525 -1.435)
(-0.5302962223 1.2525 -1.435)
(-0.6267137172 1.2525 -1.25)
(-0.5302962223 1.2525 -1.25)
(-0.6267137172 1.2525 -1.065)
(-0.5302962223 1.2525 -1.065)
(-0.6267137172 1.2525 -0.88)
(-0.5302962223 1.2525 -0.88)
(-0.6267137172 1.2525 -0.695)
(-0.5302962223 1.2525 -0.695)
(-0.4820874748 -1.336 -1.435)
(-0.3856699798 -1.336 -1.435)
(-0.4338787273 -1.2525 -1.435)
(-0.4820874748 -1.336 -1.25)
(-0.3856699798 -1.336 -1.25)
(-0.4338787273 -1.2525 -1.25)
(-0.4820874748 -1.336 -1.065)
(-0.3856699798 -1.336 -1.065)
(-0.4338787273 -1.2525 -1.065)
(-0.4820874748 -1.336 -0.88)
(-0.3856699798 -1.336 -0.88)
(-0.4338787273 -1.2525 -0.88)
(-0.4820874748 -1.336 -0.695)
(-0.3856699798 -1.336 -0.695)
(-0.4338787273 -1.2525 -0.695)
(-0.3374612323 -1.2525 -1.435)
(-0.3374612323 -1.2525 -1.25)
(-0.3374612323 -1.2525 -1.065)
(-0.3374612323 -1.2525 -0.88)
(-0.3374612323 -1.2525 -0.695)
(-0.3856699798 -1.169 -1.435)
(-0.3856699798 -1.169 -1.25)
(-0.3856699798 -1.169 -1.065)
(-0.3856699798 -1.169 -0.88)
(-0.3856699798 -1.169 -0.695)
(-0.4338787273 -1.0855 -1.435)
(-0.4338787273 -1.0855 -1.25)
(-0.4338787273 -1.0855 -1.065)
(-0.4338787273 -1.0855 -0.88)
(-0.4338787273 -1.0855 -0.695)
(-0.3374612323 -1.0855 -1.435)
(-0.3374612323 -1.0855 -1.25)
(-0.3374612323 -1.0855 -1.065)
(-0.3374612323 -1.0855 -0.88)
(-0.3374612323 -1.0855 -0.695)
(-0.3856699798 -1.002 -1.435)
(-0.3856699798 -1.002 -1.25)
(-0.3856699798 -1.002 -1.065)
(-0.3856699798 -1.002 -0.88)
(-0.3856699798 -1.002 -0.695)
(-0.3856699798 1.002 -1.435)
(-0.4338787273 1.0855 -1.435)
(-0.3856699798 1.002 -1.25)
(-0.4338787273 1.0855 -1.25)
(-0.3856699798 1.002 -1.065)
(-0.4338787273 1.0855 -1.065)
(-0.3856699798 1.002 -0.88)
(-0.4338787273 1.0855 -0.88)
(-0.3856699798 1.002 -0.695)
(-0.4338787273 1.0855 -0.695)
(-0.3374612323 1.0855 -1.435)
(-0.3374612323 1.0855 -1.25)
(-0.3374612323 1.0855 -1.065)
(-0.3374612323 1.0855 -0.88)
(-0.3374612323 1.0855 -0.695)
(-0.3856699798 1.169 -1.435)
(-0.3856699798 1.169 -1.25)
(-0.3856699798 1.169 -1.065)
(-0.3856699798 1.169 -0.88)
(-0.3856699798 1.169 -0.695)
(-0.4338787273 1.2525 -1.435)
(-0.4338787273 1.2525 -1.25)
(-0.4338787273 1.2525 -1.065)
(-0.4338787273 1.2525 -0.88)
(-0.4338787273 1.2525 -0.695)
(-0.3374612323 1.2525 -1.435)
(-0.3374612323 1.2525 -1.25)
(-0.3374612323 1.2525 -1.065)
(-0.3374612323 1.2525 -0.88)
(-0.3374612323 1.2525 -0.695)
(-0.4820874748 1.336 -1.435)
(-0.3856699798 1.336 -1.435)
(-0.4820874748 1.336 -1.25)
(-0.3856699798 1.336 -1.25)
(-0.4820874748 1.336 -1.065)
(-0.3856699798 1.336 -1.065)
(-0.4820874748 1.336 -0.88)
(-0.3856699798 1.336 -0.88)
(-0.4820874748 1.336 -0.695)
(-0.3856699798 1.336 -0.695)
(-0.3374612323 -1.4195 -1.435)
(-0.2410437374 -1.4195 -1.435)
(-0.2892524849 -1.336 -1.435)
(-0.3374612323 -1.4195 -1.25)
(-0.2410437374 -1.4195 -1.25)
(-0.2892524849 -1.336 -1.25)
(-0.3374612323 -1.4195 -1.065)
(-0.2410437374 -1.4195 -1.065)
(-0.2892524849 -1.336 -1.065)
(-0.3374612323 -1.4195 -0.88)
(-0.2410437374 -1.4195 -0.88)
(-0.2892524849 -1.336 -0.88)
(-0.3374612323 -1.4195 -0.695)
(-0.2410437374 -1.4195 -0.695)
(-0.2892524849 -1.336 -0.695)
(-0.1928349899 -1.336 -1.435)
(-0.1928349899 -1.336 -1.25)
(-0.1928349899 -1.336 -1.065)
(-0.1928349899 -1.336 -0.88)
(-0.1928349899 -1.336 -0.695)
(-0.2410437374 -1.2525 -1.435)
(-0.2410437374 -1.2525 -1.25)
(-0.2410437374 -1.2525 -1.065)
(-0.2410437374 -1.2525 -0.88)
(-0.2410437374 -1.2525 -0.695)
(-0.2892524849 -1.169 -1.435)
(-0.2892524849 -1.169 -1.25)
(-0.2892524849 -1.169 -1.065)
(-0.2892524849 -1.169 -0.88)
(-0.2892524849 -1.169 -0.695)
(-0.1928349899 -1.169 -1.435)
(-0.1928349899 -1.169 -1.25)
(-0.1928349899 -1.169 -1.065)
(-0.1928349899 -1.169 -0.88)
(-0.1928349899 -1.169 -0.695)
(-0.2410437374 -1.0855 -1.435)
(-0.2410437374 -1.0855 -1.25)
(-0.2410437374 -1.0855 -1.065)
(-0.2410437374 -1.0855 -0.88)
(-0.2410437374 -1.0855 -0.695)
(-0.2410437374 1.0855 -1.435)
(-0.2892524849 1.169 -1.435)
(-0.2410437374 1.0855 -1.25)
(-0.2892524849 1.169 -1.25)
(-0.2410437374 1.0855 -1.065)
(-0.2892524849 1.169 -1.065)
(-0.2410437374 1.0855 -0.88)
(-0.2892524849 1.169 -0.88)
(-0.2410437374 1.0855 -0.695)
(-0.2892524849 1.169 -0.695)
(-0.1928349899 1.169 -1.435)
(-0.1928349899 1.169 -1.25)
(-0.1928349899 1.169 -1.065)
(-0.1928349899 1.169 -0.88)
(-0.1928349899 1.169 -0.695)
(-0.2410437374 1.2525 -1.435)
(-0.2410437374 1.2525 -1.25)
(-0.2410437374 1.2525 -1.065)
(-0.2410437374 1.2525 -0.88)
(-0.2410437374 1.2525 -0.695)
(-0.2892524849 1.336 -1.435)
(-0.2892524849 1.336 -1.25)
(-0.2892524849 1.336 -1.065)
(-0.2892524849 1.336 -0.88)
(-0.2892524849 1.336 -0.695)
(-0.1928349899 1.336 -1.435)
(-0.1928349899 1.336 -1.25)
(-0.1928349899 1.336 -1.065)
(-0.1928349899 1.336 -0.88)
(-0.1928349899 1.336 -0.695)
(-0.3374612323 1.4195 -1.435)
(-0.2410437374 1.4195 -1.435)
(-0.3374612323 1.4195 -1.25)
(-0.2410437374 1.4195 -1.25)
(-0.3374612323 1.4195 -1.065)
(-0.2410437374 1.4195 -1.065)
(-0.3374612323 1.4195 -0.88)
(-0.2410437374 1.4195 -0.88)
(-0.3374612323 1.4195 -0.695)
(-0.2410437374 1.4195 -0.695)
(-0.09641749495 -1.336 -1.435)
(-0.1446262424 -1.2525 -1.435)
(-0.09641749495 -1.336 -1.25)
(-0.1446262424 -1.2525 -1.25)
(-0.09641749495 -1.336 -1.065)
(-0.1446262424 -1.2525 -1.065)
(-0.09641749495 -1.336 -0.88)
(-0.1446262424 -1.2525 -0.88)
(-0.09641749495 -1.336 -0.695)
(-0.1446262424 -1.2525 -0.695)
(-0.04820874748 -1.2525 -1.435)
(-0.04820874748 -1.2525 -1.25)
(-0.04820874748 -1.2525 -1.065)
(-0.04820874748 -1.2525 -0.88)
(-0.04820874748 -1.2525 -0.695)
(-0.09641749495 -1.169 -1.435)
(-0.09641749495 -1.169 -1.25)
(-0.09641749495 -1.169 -1.065)
(-0.09641749495 -1.169 -0.88)
(-0.09641749495 -1.169 -0.695)
(-0.1446262424 -1.0855 -1.435)
(-0.1446262424 -1.0855 -1.25)
(-0.1446262424 -1.0855 -1.065)
(-0.1446262424 -1.0855 -0.88)
(-0.1446262424 -1.0855 -0.695)
(-0.04820874748 -1.0855 -1.435)
(-0.04820874748 -1.0855 -1.25)
(-0.04820874748 -1.0855 -1.065)
(-0.04820874748 -1.0855 -0.88)
(-0.04820874748 -1.0855 -0.695)
(-0.1928349899 -1.002 -1.435)
(-0.09641749495 -1.002 -1.435)
(-0.1928349899 -1.002 -1.25)
(-0.09641749495 -1.002 -1.25)
(-0.1928349899 -1.002 -1.065)
(-0.09641749495 -1.002 -1.065)
(-0.1928349899 -1.002 -0.88)
(-0.09641749495 -1.002 -0.88)
(-0.1928349899 -1.002 -0.695)
(-0.09641749495 -1.002 -0.695)
(-0.1928349899 1.002 -1.435)
(-0.09641749495 1.002 -1.435)
(-0.1446262424 1.0855 -1.435)
(-0.1928349899 1.002 -1.25)
(-0.09641749495 1.002 -1.25)
(-0.1446262424 1.0855 -1.25)
(-0.1928349899 1.002 -1.065)
(-0.09641749495 1.002 -1.065)
(-0.1446262424 1.0855 -1.065)
(-0.1928349899 1.002 -0.88)
(-0.09641749495 1.002 -0.88)
(-0.1446262424 1.0855 -0.88)
(-0.1928349899 1.002 -0.695)
(-0.09641749495 1.002 -0.695)
(-0.1446262424 1.0855 -0.695)
(-0.04820874748 1.0855 -1.435)
(-0.04820874748 1.0855 -1.25)
(-0.04820874748 1.0855 -1.065)
(-0.04820874748 1.0855 -0.88)
(-0.04820874748 1.0855 -0.695)
(-0.09641749495 1.169 -1.435)
(-0.09641749495 1.169 -1.25)
(-0.09641749495 1.169 -1.065)
(-0.09641749495 1.169 -0.88)
(-0.09641749495 1.169 -0.695)
(-0.1446262424 1.2525 -1.435)
(-0.1446262424 1.2525 -1.25)
(-0.1446262424 1.2525 -1.065)
(-0.1446262424 1.2525 -0.88)
(-0.1446262424 1.2525 -0.695)
(-0.04820874748 1.2525 -1.435)
(-0.04820874748 1.2525 -1.25)
(-0.04820874748 1.2525 -1.065)
(-0.04820874748 1.2525 -0.88)
(-0.04820874748 1.2525 -0.695)
(-0.09641749495 1.336 -1.435)
(-0.09641749495 1.336 -1.25)
(-0.09641749495 1.336 -1.065)
(-0.09641749495 1.336 -0.88)
(-0.09641749495 1.336 -0.695)
(-0.04820874748 -1.4195 -1.435)
(0.04820874748 -1.4195 -1.435)
(0 -1.336 -1.435)
(-0.04820874748 -1.4195 -1.25)
(0.04820874748 -1.4195 -1.25)
(0 -1.336 -1.25)
(-0.04820874748 -1.4195 -1.065)
(0.04820874748 -1.4195 -1.065)
(0 -1.336 -1.065)
(-0.04820874748 -1.4195 -0.88)
(0.04820874748 -1.4195 -0.88)
(0 -1.336 -0.88)
(-0.04820874748 -1.4195 -0.695)
(0.04820874748 -1.4195 -0.695)
(0 -1.336 -0.695)
(0.09641749495 -1.336 -1.435)
(0.09641749495 -1.336 -1.25)
(0.09641749495 -1.336 -1.065)
(0.09641749495 -1.336 -0.88)
(0.09641749495 -1.336 -0.695)
(0.04820874748 -1.2525 -1.435)
(0.04820874748 -1.2525 -1.25)
(0.04820874748 -1.2525 -1.065)
(0.04820874748 -1.2525 -0.88)
(0.04820874748 -1.2525 -0.695)
(0 -1.169 -1.435)
(0 -1.169 -1.25)
(0 -1.169 -1.065)
(0 -1.169 -0.88)
(0 -1.169 -0.695)
(0.09641749495 -1.169 -1.435)
(0.09641749495 -1.169 -1.25)
(0.09641749495 -1.169 -1.065)
(0.09641749495 -1.169 -0.88)
(0.09641749495 -1.169 -0.695)
(0.04820874748 -1.0855 -1.435)
(0.04820874748 -1.0855 -1.25)
(0.04820874748 -1.0855 -1.065)
(0.04820874748 -1.0855 -0.88)
(0.04820874748 -1.0855 -0.695)
(0.04820874748 1.0855 -1.435)
(0 1.169 -1.435)
(0.04820874748 1.0855 -1.25)
(0 1.169 -1.25)
(0.04820874748 1.0855 -1.065)
(0 1.169 -1.065)
(0.04820874748 1.0855 -0.88)
(0 1.169 -0.88)
(0.04820874748 1.0855 -0.695)
(0 1.169 -0.695)
(0.09641749495 1.169 -1.435)
(0.09641749495 1.169 -1.25)
(0.09641749495 1.169 -1.065)
(0.09641749495 1.169 -0.88)
(0.09641749495 1.169 -0.695)
(0.04820874748 1.2525 -1.435)
(0.04820874748 1.2525 -1.25)
(0.04820874748 1.2525 -1.065)
(0.04820874748 1.2525 -0.88)
(0.04820874748 1.2525 -0.695)
(0 1.336 -1.435)
(0 1.336 -1.25)
(0 1.336 -1.065)
(0 1.336 -0.88)
(0 1.336 -0.695)
(0.09641749495 1.336 -1.435)
(0.09641749495 1.336 -1.25)
(0.09641749495 1.336 -1.065)
(0.09641749495 1.336 -0.88)
(0.09641749495 1.336 -0.695)
(-0.04820874748 1.4195 -1.435)
(0.04820874748 1.4195 -1.435)
(-0.04820874748 1.4195 -1.25)
(0.04820874748 1.4195 -1.25)
(-0.04820874748 1.4195 -1.065)
(0.04820874748 1.4195 -1.065)
(-0.04820874748 1.4195 -0.88)
(0.04820874748 1.4195 -0.88)
(-0.04820874748 1.4195 -0.695)
(0.04820874748 1.4195 -0.695)
(0.1928349899 -1.336 -1.435)
(0.1446262424 -1.2525 -1.435)
(0.1928349899 -1.336 -1.25)
(0.1446262424 -1.2525 -1.25)
(0.1928349899 -1.336 -1.065)
(0.1446262424 -1.2525 -1.065)
(0.1928349899 -1.336 -0.88)
(0.1446262424 -1.2525 -0.88)
(0.1928349899 -1.336 -0.695)
(0.1446262424 -1.2525 -0.695)
(0.2410437374 -1.2525 -1.435)
(0.2410437374 -1.2525 -1.25)
(0.2410437374 -1.2525 -1.065)
(0.2410437374 -1.2525 -0.88)
(0.2410437374 -1.2525 -0.695)
(0.1928349899 -1.169 -1.435)
(0.1928349899 -1.169 -1.25)
(0.1928349899 -1.169 -1.065)
(0.1928349899 -1.169 -0.88)
(0.1928349899 -1.169 -0.695)
(0.1446262424 -1.0855 -1.435)
(0.1446262424 -1.0855 -1.25)
(0.1446262424 -1.0855 -1.065)
(0.1446262424 -1.0855 -0.88)
(0.1446262424 -1.0855 -0.695)
(0.2410437374 -1.0855 -1.435)
(0.2410437374 -1.0855 -1.25)
(0.2410437374 -1.0855 -1.065)
(0.2410437374 -1.0855 -0.88)
(0.2410437374 -1.0855 -0.695)
(0.09641749495 -1.002 -1.435)
(0.1928349899 -1.002 -1.435)
(0.09641749495 -1.002 -1.25)
(0.1928349899 -1.002 -1.25)
(0.09641749495 -1.002 -1.065)
(0.1928349899 -1.002 -1.065)
(0.09641749495 -1.002 -0.88)
(0.1928349899 -1.002 -0.88)
(0.09641749495 -1.002 -0.695)
(0.1928349899 -1.002 -0.695)
(0.09641749495 1.002 -1.435)
(0.1928349899 1.002 -1.435)
(0.1446262424 1.0855 -1.435)
(0.09641749495 1.002 -1.25)
(0.1928349899 1.002 -1.25)
(0.1446262424 1.0855 -1.25)
(0.09641749495 1.002 -1.065)
(0.1928349899 1.002 -1.065)
(0.1446262424 1.0855 -1.065)
(0.09641749495 1.002 -0.88)
(0.1928349899 1.002 -0.88)
(0.1446262424 1.0855 -0.88)
(0.09641749495 1.002 -0.695)
(0.1928349899 1.002 -0.695)
(0.1446262424 1.0855 -0.695)
(0.2410437374 1.0855 -1.435)
(0.2410437374 1.0855 -1.25)
(0.2410437374 1.0855 -1.065)
(0.2410437374 1.0855 -0.88)
(0.2410437374 1.0855 -0.695)
(0.1928349899 1.169 -1.435)
(0.1928349899 1.169 -1.25)
(0.1928349899 1.169 -1.065)
(0.1928349899 1.169 -0.88)
(0.1928349899 1.169 -0.695)
(0.1446262424 1.2525 -1.435)
(0.1446262424 1.2525 -1.25)
(0.1446262424 1.2525 -1.065)
(0.1446262424 1.2525 -0.88)
(0.1446262424 1.2525 -0.695)
(0.2410437374 1.2525 -1.435)
(0.2410437374 1.2525 -1.25)
(0.2410437374 1.2525 -1.065)
(0.2410437374 1.2525 -0.88)
(0.2410437374 1.2525 -0.695)
(0.1928349899 1.336 -1.435)
(0.1928349899 1.336 -1.25)
(0.1928349899 1.336 -1.065)
(0.1928349899 1.336 -0.88)
(0.1928349899 1.336 -0.695)
(0.2410437374 -1.4195 -1.435)
(0.3374612323 -1.4195 -1.435)
(0.2892524849 -1.336 -1.435)
(0.2410437374 -1.4195 -1.25)
(0.3374612323 -1.4195 -1.25)
(0.2892524849 -1.336 -1.25)
(0.2410437374 -1.4195 -1.065)
(0.3374612323 -1.4195 -1.065)
(0.2892524849 -1.336 -1.065)
(0.2410437374 -1.4195 -0.88)
(0.3374612323 -1.4195 -0.88)
(0.2892524849 -1.336 -0.88)
(0.2410437374 -1.4195 -0.695)
(0.3374612323 -1.4195 -0.695)
(0.2892524849 -1.336 -0.695)
(0.3856699798 -1.336 -1.435)
(0.3856699798 -1.336 -1.25)
(0.3856699798 -1.336 -1.065)
(0.3856699798 -1.336 -0.88)
(0.3856699798 -1.336 -0.695)
(0.3374612323 -1.2525 -1.435)
(0.3374612323 -1.2525 -1.25)
(0.3374612323 -1.2525 -1.065)
(0.3374612323 -1.2525 -0.88)
(0.3374612323 -1.2525 -0.695)
(0.2892524849 -1.169 -1.435)
(0.2892524849 -1.169 -1.25)
(0.2892524849 -1.169 -1.065)
(0.2892524849 -1.169 -0.88)
(0.2892524849 -1.169 -0.695)
(0.3856699798 -1.169 -1.435)
(0.3856699798 -1.169 -1.25)
(0.3856699798 -1.169 -1.065)
(0.3856699798 -1.169 -0.88)
(0.3856699798 -1.169 -0.695)
(0.3374612323 -1.0855 -1.435)
(0.3374612323 -1.0855 -1.25)
(0.3374612323 -1.0855 -1.065)
(0.3374612323 -1.0855 -0.88)
(0.3374612323 -1.0855 -0.695)
(0.3374612323 1.0855 -1.435)
(0.2892524849 1.169 -1.435)
(0.3374612323 1.0855 -1.25)
(0.2892524849 1.169 -1.25)
(0.3374612323 1.0855 -1.065)
(0.2892524849 1.169 -1.065)
(0.3374612323 1.0855 -0.88)
(0.2892524849 1.169 -0.88)
(0.3374612323 1.0855 -0.695)
(0.2892524849 1.169 -0.695)
(0.3856699798 1.169 -1.435)
(0.3856699798 1.169 -1.25)
(0.3856699798 1.169 -1.065)
(0.3856699798 1.169 -0.88)
(0.3856699798 1.169 -0.695)
(0.3374612323 1.2525 -1.435)
(0.3374612323 1.2525 -1.25)
(0.3374612323 1.2525 -1.065)
(0.3374612323 1.2525 -0.88)
(0.3374612323 1.2525 -0.695)
(0.2892524849 1.336 -1.435)
(0.2892524849 1.336 -1.25)
(0.2892524849 1.336 -1.065)
(0.2892524849 1.336 -0.88)
(0.2892524849 1.336 -0.695)
(0.3856699798 1.336 -1.435)
(0.3856699798 1.336 -1.25)
(0.3856699798 1.336 -1.065)
(0.3856699798 1.336 -0.88)
(0.3856699798 1.336 -0.695)
(0.2410437374 1.4195 -1.435)
(0.3374612323 1.4195 -1.435)
(0.2410437374 1.4195 -1.25)
(0.3374612323 1.4195 -1.25)
(0.2410437374 1.4195 -1.065)
(0.3374612323 1.4195 -1.065)
(0.2410437374 1.4195 -0.88)
(0.3374612323 1.4195 -0.88)
(0.2410437374 1.4195 -0.695)
(0.3374612323 1.4195 -0.695)
(0.4820874748 -1.336 -1.435)
(0.4338787273 -1.2525 -1.435)
(0.4820874748 -1.336 -1.25)
(0.4338787273 -1.2525 -1.25)
(0.4820874748 -1.336 -1.065)
(0.4338787273 -1.2525 -1.065)
(0.4820874748 -1.336 -0.88)
(0.4338787273 -1.2525 -0.88)
(0.4820874748 -1.336 -0.695)
(0.4338787273 -1.2525 -0.695)
(0.5302962223 -1.2525 -1.435)
(0.5302962223 -1.2525 -1.25)
(0.5302962223 -1.2525 -1.065)
(0.5302962223 -1.2525 -0.88)
(0.5302962223 -1.2525 -0.695)
(0.4820874748 -1.169 -1.435)
(0.4820874748 -1.169 -1.25)
(0.4820874748 -1.169 -1.065)
(0.4820874748 -1.169 -0.88)
(0.4820874748 -1.169 -0.695)
(0.4338787273 -1.0855 -1.435)
(0.4338787273 -1.0855 -1.25)
(0.4338787273 -1.0855 -1.065)
(0.4338787273 -1.0855 -0.88)
(0.4338787273 -1.0855 -0.695)
(0.5302962223 -1.0855 -1.435)
(0.5302962223 -1.0855 -1.25)
(0.5302962223 -1.0855 -1.065)
(0.5302962223 -1.0855 -0.88)
(0.5302962223 -1.0855 -0.695)
(0.3856699798 -1.002 -1.435)
(0.4820874748 -1.002 -1.435)
(0.3856699798 -1.002 -1.25)
(0.4820874748 -1.002 -1.25)
(0.3856699798 -1.002 -1.065)
(0.4820874748 -1.002 -1.065)
(0.3856699798 -1.002 -0.88)
(0.4820874748 -1.002 -0.88)
(0.3856699798 -1.002 -0.695)
(0.4820874748 -1.002 -0.695)
(0.3856699798 1.002 -1.435)
(0.4820874748 1.002 -1.435)
(0.4338787273 1.0855 -1.435)
(0.3856699798 1.002 -1.25)
(0.4820874748 1.002 -1.25)
(0.4338787273 1.0855 -1.25)
(0.3856699798 1.002 -1.065)
(0.4820874748 1.002 -1.065)
(0.4338787273 1.0855 -1.065)
(0.3856699798 1.002 -0.88)
(0.4820874748 1.002 -0.88)
(0.4338787273 1.0855 -0.88)
(0.3856699798 1.002 -0.695)
(0.4820874748 1.002 -0.695)
(0.4338787273 1.0855 -0.695)
(0.5302962223 1.0855 -1.435)
(0.5302962223 1.0855 -1.25)
(0.5302962223 1.0855 -1.065)
(0.5302962223 1.0855 -0.88)
(0.5302962223 1.0855 -0.695)
(0.4820874748 1.169 -1.435)
(0.4820874748 1.169 -1.25)
(0.4820874748 1.169 -1.065)
(0.4820874748 1.169 -0.88)
(0.4820874748 1.169 -0.695)
(0.4338787273 1.2525 -1.435)
(0.4338787273 1.2525 -1.25)
(0.4338787273 1.2525 -1.065)
(0.4338787273 1.2525 -0.88)
(0.4338787273 1.2525 -0.695)
(0.5302962223 1.2525 -1.435)
(0.5302962223 1.2525 -1.25)
(0.5302962223 1.2525 -1.065)
(0.5302962223 1.2525 -0.88)
(0.5302962223 1.2525 -0.695)
(0.4820874748 1.336 -1.435)
(0.4820874748 1.336 -1.25)
(0.4820874748 1.336 -1.065)
(0.4820874748 1.336 -0.88)
(0.4820874748 1.336 -0.695)
(0.6267137172 -1.2525 -1.435)
(0.5785049697 -1.169 -1.435)
(0.6267137172 -1.2525 -1.25)
(0.5785049697 -1.169 -1.25)
(0.6267137172 -1.2525 -1.065)
(0.5785049697 -1.169 -1.065)
(0.6267137172 -1.2525 -0.88)
(0.5785049697 -1.169 -0.88)
(0.6267137172 -1.2525 -0.695)
(0.5785049697 -1.169 -0.695)
(0.6749224647 -1.169 -1.435)
(0.6749224647 -1.169 -1.25)
(0.6749224647 -1.169 -1.065)
(0.6749224647 -1.169 -0.88)
(0.6749224647 -1.169 -0.695)
(0.6267137172 -1.0855 -1.435)
(0.6267137172 -1.0855 -1.25)
(0.6267137172 -1.0855 -1.065)
(0.6267137172 -1.0855 -0.88)
(0.6267137172 -1.0855 -0.695)
(0.5785049697 -1.002 -1.435)
(0.5785049697 -1.002 -1.25)
(0.5785049697 -1.002 -1.065)
(0.5785049697 -1.002 -0.88)
(0.5785049697 -1.002 -0.695)
(0.6749224647 -1.002 -1.435)
(0.6749224647 -1.002 -1.25)
(0.6749224647 -1.002 -1.065)
(0.6749224647 -1.002 -0.88)
(0.6749224647 -1.002 -0.695)
(0.5302962223 -0.9185 -1.435)
(0.6267137172 -0.9185 -1.435)
(0.5302962223 -0.9185 -1.25)
(0.6267137172 -0.9185 -1.25)
(0.5302962223 -0.9185 -1.065)
(0.6267137172 -0.9185 -1.065)
(0.5302962223 -0.9185 -0.88)
(0.6267137172 -0.9185 -0.88)
(0.5302962223 -0.9185 -0.695)
(0.6267137172 -0.9185 -0.695)
(0.5302962223 0.9185 -1.435)
(0.6267137172 0.9185 -1.435)
(0.5785049697 1.002 -1.435)
(0.5302962223 0.9185 -1.25)
(0.6267137172 0.9185 -1.25)
(0.5785049697 1.002 -1.25)
(0.5302962223 0.9185 -1.065)
(0.6267137172 0.9185 -1.065)
(0.5785049697 1.002 -1.065)
(0.5302962223 0.9185 -0.88)
(0.6267137172 0.9185 -0.88)
(0.5785049697 1.002 -0.88)
(0.5302962223 0.9185 -0.695)
(0.6267137172 0.9185 -0.695)
(0.5785049697 1.002 -0.695)
(0.6749224647 1.002 -1.435)
(0.6749224647 1.002 -1.25)
(0.6749224647 1.002 -1.065)
(0.6749224647 1.002 -0.88)
(0.6749224647 1.002 -0.695)
(0.6267137172 1.0855 -1.435)
(0.6267137172 1.0855 -1.25)
(0.6267137172 1.0855 -1.065)
(0.6267137172 1.0855 -0.88)
(0.6267137172 1.0855 -0.695)
(0.5785049697 1.169 -1.435)
(0.5785049697 1.169 -1.25)
(0.5785049697 1.169 -1.065)
(0.5785049697 1.169 -0.88)
(0.5785049697 1.169 -0.695)
(0.6749224647 1.169 -1.435)
(0.6749224647 1.169 -1.25)
(0.6749224647 1.169 -1.065)
(0.6749224647 1.169 -0.88)
(0.6749224647 1.169 -0.695)
(0.6267137172 1.2525 -1.435)
(0.6267137172 1.2525 -1.25)
(0.6267137172 1.2525 -1.065)
(0.6267137172 1.2525 -0.88)
(0.6267137172 1.2525 -0.695)
(0.7713399596 -1.169 -1.435)
(0.7231312122 -1.0855 -1.435)
(0.7713399596 -1.169 -1.25)
(0.7231312122 -1.0855 -1.25)
(0.7713399596 -1.169 -1.065)
(0.7231312122 -1.0855 -1.065)
(0.7713399596 -1.169 -0.88)
(0.7231312122 -1.0855 -0.88)
(0.7713399596 -1.169 -0.695)
(0.7231312122 -1.0855 -0.695)
(0.8195487071 -1.0855 -1.435)
(0.8195487071 -1.0855 -1.25)
(0.8195487071 -1.0855 -1.065)
(0.8195487071 -1.0855 -0.88)
(0.8195487071 -1.0855 -0.695)
(0.7713399596 -1.002 -1.435)
(0.7713399596 -1.002 -1.25)
(0.7713399596 -1.002 -1.065)
(0.7713399596 -1.002 -0.88)
(0.7713399596 -1.002 -0.695)
(0.7231312122 -0.9185 -1.435)
(0.7231312122 -0.9185 -1.25)
(0.7231312122 -0.9185 -1.065)
(0.7231312122 -0.9185 -0.88)
(0.7231312122 -0.9185 -0.695)
(0.8195487071 -0.9185 -1.435)
(0.8195487071 -0.9185 -1.25)
(0.8195487071 -0.9185 -1.065)
(0.8195487071 -0.9185 -0.88)
(0.8195487071 -0.9185 -0.695)
(0.6749224647 -0.835 -1.435)
(0.7713399596 -0.835 -1.435)
(0.6749224647 -0.835 -1.25)
(0.7713399596 -0.835 -1.25)
(0.6749224647 -0.835 -1.065)
(0.7713399596 -0.835 -1.065)
(0.6749224647 -0.835 -0.88)
(0.7713399596 -0.835 -0.88)
(0.6749224647 -0.835 -0.695)
(0.7713399596 -0.835 -0.695)
(0.6749224647 0.835 -1.435)
(0.7713399596 0.835 -1.435)
(0.7231312122 0.9185 -1.435)
(0.6749224647 0.835 -1.25)
(0.7713399596 0.835 -1.25)
(0.7231312122 0.9185 -1.25)
(0.6749224647 0.835 -1.065)
(0.7713399596 0.835 -1.065)
(0.7231312122 0.9185 -1.065)
(0.6749224647 0.835 -0.88)
(0.7713399596 0.835 -0.88)
(0.7231312122 0.9185 -0.88)
(0.6749224647 0.835 -0.695)
(0.7713399596 0.835 -0.695)
(0.7231312122 0.9185 -0.695)
(0.8195487071 0.9185 -1.435)
(0.8195487071 0.9185 -1.25)
(0.8195487071 0.9185 -1.065)
(0.8195487071 0.9185 -0.88)
(0.8195487071 0.9185 -0.695)
(0.7713399596 1.002 -1.435)
(0.7713399596 1.002 -1.25)
(0.7713399596 1.002 -1.065)
(0.7713399596 1.002 -0.88)
(0.7713399596 1.002 -0.695)
(0.7231312122 1.0855 -1.435)
(0.7231312122 1.0855 -1.25)
(0.7231312122 1.0855 -1.065)
(0.7231312122 1.0855 -0.88)
(0.7231312122 1.0855 -0.695)
(0.8195487071 1.0855 -1.435)
(0.8195487071 1.0855 -1.25)
(0.8195487071 1.0855 -1.065)
(0.8195487071 1.0855 -0.88)
(0.8195487071 1.0855 -0.695)
(0.7713399596 1.169 -1.435)
(0.7713399596 1.169 -1.25)
(0.7713399596 1.169 -1.065)
(0.7713399596 1.169 -0.88)
(0.7713399596 1.169 -0.695)
(0.9159662021 -1.0855 -1.435)
(0.8677574546 -1.002 -1.435)
(0.9159662021 -1.0855 -1.25)
(0.8677574546 -1.002 -1.25)
(0.9159662021 -1.0855 -1.065)
(0.8677574546 -1.002 -1.065)
(0.9159662021 -1.0855 -0.88)
(0.8677574546 -1.002 -0.88)
(0.9159662021 -1.0855 -0.695)
(0.8677574546 -1.002 -0.695)
(0.9641749495 -1.002 -1.435)
(0.9641749495 -1.002 -1.25)
(0.9641749495 -1.002 -1.065)
(0.9641749495 -1.002 -0.88)
(0.9641749495 -1.002 -0.695)
(0.9159662021 -0.9185 -1.435)
(0.9159662021 -0.9185 -1.25)
(0.9159662021 -0.9185 -1.065)
(0.9159662021 -0.9185 -0.88)
(0.9159662021 -0.9185 -0.695)
(0.8677574546 -0.835 -1.435)
(0.8677574546 -0.835 -1.25)
(0.8677574546 -0.835 -1.065)
(0.8677574546 -0.835 -0.88)
(0.8677574546 -0.835 -0.695)
(0.9641749495 -0.835 -1.435)
(0.9641749495 -0.835 -1.25)
(0.9641749495 -0.835 -1.065)
(0.9641749495 -0.835 -0.88)
(0.9641749495 -0.835 -0.695)
(0.8195487071 -0.7515 -1.435)
(0.9159662021 -0.7515 -1.435)
(0.8195487071 -0.7515 -1.25)
(0.9159662021 -0.7515 -1.25)
(0.8195487071 -0.7515 -1.065)
(0.9159662021 -0.7515 -1.065)
(0.8195487071 -0.7515 -0.88)
(0.9159662021 -0.7515 -0.88)
(0.8195487071 -0.7515 -0.695)
(0.9159662021 -0.7515 -0.695)
(0.8677574546 -0.668 -1.435)
(0.8677574546 -0.668 -1.25)
(0.8677574546 -0.668 -1.065)
(0.8677574546 -0.668 -0.88)
(0.8677574546 -0.668 -0.695)
(0.9641749495 -0.668 -1.435)
(0.9641749495 -0.668 -1.25)
(0.9641749495 -0.668 -1.065)
(0.9641749495 -0.668 -0.88)
(0.9641749495 -0.668 -0.695)
(0.7713399596 -0.668 -1.435)
(0.7713399596 -0.668 -1.25)
(0.7713399596 -0.668 -1.065)
(0.7713399596 -0.668 -0.88)
(0.7713399596 -0.668 -0.695)
(0.8195487071 -0.5845 -1.435)
(0.9159662021 -0.5845 -1.435)
(0.8195487071 -0.5845 -1.25)
(0.9159662021 -0.5845 -1.25)
(0.8195487071 -0.5845 -1.065)
(0.9159662021 -0.5845 -1.065)
(0.8195487071 -0.5845 -0.88)
(0.9159662021 -0.5845 -0.88)
(0.8195487071 -0.5845 -0.695)
(0.9159662021 -0.5845 -0.695)
(0.8195487071 0.5845 -1.435)
(0.9159662021 0.5845 -1.435)
(0.8677574546 0.668 -1.435)
(0.8195487071 0.5845 -1.25)
(0.9159662021 0.5845 -1.25)
(0.8677574546 0.668 -1.25)
(0.8195487071 0.5845 -1.065)
(0.9159662021 0.5845 -1.065)
(0.8677574546 0.668 -1.065)
(0.8195487071 0.5845 -0.88)
(0.9159662021 0.5845 -0.88)
(0.8677574546 0.668 -0.88)
(0.8195487071 0.5845 -0.695)
(0.9159662021 0.5845 -0.695)
(0.8677574546 0.668 -0.695)
(0.9641749495 0.668 -1.435)
(0.9641749495 0.668 -1.25)
(0.9641749495 0.668 -1.065)
(0.9641749495 0.668 -0.88)
(0.9641749495 0.668 -0.695)
(0.7713399596 0.668 -1.435)
(0.7713399596 0.668 -1.25)
(0.7713399596 0.668 -1.065)
(0.7713399596 0.668 -0.88)
(0.7713399596 0.668 -0.695)
(0.8195487071 0.7515 -1.435)
(0.9159662021 0.7515 -1.435)
(0.8195487071 0.7515 -1.25)
(0.9159662021 0.7515 -1.25)
(0.8195487071 0.7515 -1.065)
(0.9159662021 0.7515 -1.065)
(0.8195487071 0.7515 -0.88)
(0.9159662021 0.7515 -0.88)
(0.8195487071 0.7515 -0.695)
(0.9159662021 0.7515 -0.695)
(0.8677574546 0.835 -1.435)
(0.8677574546 0.835 -1.25)
(0.8677574546 0.835 -1.065)
(0.8677574546 0.835 -0.88)
(0.8677574546 0.835 -0.695)
(0.9641749495 0.835 -1.435)
(0.9641749495 0.835 -1.25)
(0.9641749495 0.835 -1.065)
(0.9641749495 0.835 -0.88)
(0.9641749495 0.835 -0.695)
(0.9159662021 0.9185 -1.435)
(0.9159662021 0.9185 -1.25)
(0.9159662021 0.9185 -1.065)
(0.9159662021 0.9185 -0.88)
(0.9159662021 0.9185 -0.695)
(0.8677574546 1.002 -1.435)
(0.8677574546 1.002 -1.25)
(0.8677574546 1.002 -1.065)
(0.8677574546 1.002 -0.88)
(0.8677574546 1.002 -0.695)
(0.9641749495 1.002 -1.435)
(0.9641749495 1.002 -1.25)
(0.9641749495 1.002 -1.065)
(0.9641749495 1.002 -0.88)
(0.9641749495 1.002 -0.695)
(0.9159662021 1.0855 -1.435)
(0.9159662021 1.0855 -1.25)
(0.9159662021 1.0855 -1.065)
(0.9159662021 1.0855 -0.88)
(0.9159662021 1.0855 -0.695)
(1.060592445 -1.002 -1.435)
(1.012383697 -0.9185 -1.435)
(1.060592445 -1.002 -1.25)
(1.012383697 -0.9185 -1.25)
(1.060592445 -1.002 -1.065)
(1.012383697 -0.9185 -1.065)
(1.060592445 -1.002 -0.88)
(1.012383697 -0.9185 -0.88)
(1.060592445 -1.002 -0.695)
(1.012383697 -0.9185 -0.695)
(1.108801192 -0.9185 -1.435)
(1.108801192 -0.9185 -1.25)
(1.108801192 -0.9185 -1.065)
(1.108801192 -0.9185 -0.88)
(1.108801192 -0.9185 -0.695)
(1.060592445 -0.835 -1.435)
(1.060592445 -0.835 -1.25)
(1.060592445 -0.835 -1.065)
(1.060592445 -0.835 -0.88)
(1.060592445 -0.835 -0.695)
(1.012383697 -0.7515 -1.435)
(1.012383697 -0.7515 -1.25)
(1.012383697 -0.7515 -1.065)
(1.012383697 -0.7515 -0.88)
(1.012383697 -0.7515 -0.695)
(1.108801192 -0.7515 -1.435)
(1.108801192 -0.7515 -1.25)
(1.108801192 -0.7515 -1.065)
(1.108801192 -0.7515 -0.88)
(1.108801192 -0.7515 -0.695)
(1.060592445 -0.668 -1.435)
(1.060592445 -0.668 -1.25)
(1.060592445 -0.668 -1.065)
(1.060592445 -0.668 -0.88)
(1.060592445 -0.668 -0.695)
(1.012383697 -0.5845 -1.435)
(1.012383697 -0.5845 -1.25)
(1.012383697 -0.5845 -1.065)
(1.012383697 -0.5845 -0.88)
(1.012383697 -0.5845 -0.695)
(1.108801192 -0.5845 -1.435)
(1.108801192 -0.5845 -1.25)
(1.108801192 -0.5845 -1.065)
(1.108801192 -0.5845 -0.88)
(1.108801192 -0.5845 -0.695)
(0.9641749495 -0.501 -1.435)
(1.060592445 -0.501 -1.435)
(0.9641749495 -0.501 -1.25)
(1.060592445 -0.501 -1.25)
(0.9641749495 -0.501 -1.065)
(1.060592445 -0.501 -1.065)
(0.9641749495 -0.501 -0.88)
(1.060592445 -0.501 -0.88)
(0.9641749495 -0.501 -0.695)
(1.060592445 -0.501 -0.695)
(1.012383697 -0.4175 -1.435)
(1.012383697 -0.4175 -1.25)
(1.012383697 -0.4175 -1.065)
(1.012383697 -0.4175 -0.88)
(1.012383697 -0.4175 -0.695)
(1.108801192 -0.4175 -1.435)
(1.108801192 -0.4175 -1.25)
(1.108801192 -0.4175 -1.065)
(1.108801192 -0.4175 -0.88)
(1.108801192 -0.4175 -0.695)
(0.9159662021 -0.4175 -1.435)
(0.9159662021 -0.4175 -1.25)
(0.9159662021 -0.4175 -1.065)
(0.9159662021 -0.4175 -0.88)
(0.9159662021 -0.4175 -0.695)
(0.9641749495 -0.334 -1.435)
(1.060592445 -0.334 -1.435)
(0.9641749495 -0.334 -1.25)
(1.060592445 -0.334 -1.25)
(0.9641749495 -0.334 -1.065)
(1.060592445 -0.334 -1.065)
(0.9641749495 -0.334 -0.88)
(1.060592445 -0.334 -0.88)
(0.9641749495 -0.334 -0.695)
(1.060592445 -0.334 -0.695)
(0.9641749495 0.334 -1.435)
(1.060592445 0.334 -1.435)
(1.012383697 0.4175 -1.435)
(0.9641749495 0.334 -1.25)
(1.060592445 0.334 -1.25)
(1.012383697 0.4175 -1.25)
(0.9641749495 0.334 -1.065)
(1.060592445 0.334 -1.065)
(1.012383697 0.4175 -1.065)
(0.9641749495 0.334 -0.88)
(1.060592445 0.334 -0.88)
(1.012383697 0.4175 -0.88)
(0.9641749495 0.334 -0.695)
(1.060592445 0.334 -0.695)
(1.012383697 0.4175 -0.695)
(1.108801192 0.4175 -1.435)
(1.108801192 0.4175 -1.25)
(1.108801192 0.4175 -1.065)
(1.108801192 0.4175 -0.88)
(1.108801192 0.4175 -0.695)
(0.9159662021 0.4175 -1.435)
(0.9159662021 0.4175 -1.25)
(0.9159662021 0.4175 -1.065)
(0.9159662021 0.4175 -0.88)
(0.9159662021 0.4175 -0.695)
(0.9641749495 0.501 -1.435)
(1.060592445 0.501 -1.435)
(0.9641749495 0.501 -1.25)
(1.060592445 0.501 -1.25)
(0.9641749495 0.501 -1.065)
(1.060592445 0.501 -1.065)
(0.9641749495 0.501 -0.88)
(1.060592445 0.501 -0.88)
(0.9641749495 0.501 -0.695)
(1.060592445 0.501 -0.695)
(1.012383697 0.5845 -1.435)
(1.012383697 0.5845 -1.25)
(1.012383697 0.5845 -1.065)
(1.012383697 0.5845 -0.88)
(1.012383697 0.5845 -0.695)
(1.108801192 0.5845 -1.435)
(1.108801192 0.5845 -1.25)
(1.108801192 0.5845 -1.065)
(1.108801192 0.5845 -0.88)
(1.108801192 0.5845 -0.695)
(1.060592445 0.668 -1.435)
(1.060592445 0.668 -1.25)
(1.060592445 0.668 -1.065)
(1.060592445 0.668 -0.88)
(1.060592445 0.668 -0.695)
(1.012383697 0.7515 -1.435)
(1.012383697 0.7515 -1.25)
(1.012383697 0.7515 -1.065)
(1.012383697 0.7515 -0.88)
(1.012383697 0.7515 -0.695)
(1.108801192 0.7515 -1.435)
(1.108801192 0.7515 -1.25)
(1.108801192 0.7515 -1.065)
(1.108801192 0.7515 -0.88)
(1.108801192 0.7515 -0.695)
(1.060592445 0.835 -1.435)
(1.060592445 0.835 -1.25)
(1.060592445 0.835 -1.065)
(1.060592445 0.835 -0.88)
(1.060592445 0.835 -0.695)
(1.012383697 0.9185 -1.435)
(1.012383697 0.9185 -1.25)
(1.012383697 0.9185 -1.065)
(1.012383697 0.9185 -0.88)
(1.012383697 0.9185 -0.695)
(1.108801192 0.9185 -1.435)
(1.108801192 0.9185 -1.25)
(1.108801192 0.9185 -1.065)
(1.108801192 0.9185 -0.88)
(1.108801192 0.9185 -0.695)
(1.060592445 1.002 -1.435)
(1.060592445 1.002 -1.25)
(1.060592445 1.002 -1.065)
(1.060592445 1.002 -0.88)
(1.060592445 1.002 -0.695)
(1.205218687 -0.7515 -1.435)
(1.157009939 -0.668 -1.435)
(1.205218687 -0.7515 -1.25)
(1.157009939 -0.668 -1.25)
(1.205218687 -0.7515 -1.065)
(1.157009939 -0.668 -1.065)
(1.205218687 -0.7515 -0.88)
(1.157009939 -0.668 -0.88)
(1.205218687 -0.7515 -0.695)
(1.157009939 -0.668 -0.695)
(1.253427434 -0.668 -1.435)
(1.253427434 -0.668 -1.25)
(1.253427434 -0.668 -1.065)
(1.253427434 -0.668 -0.88)
(1.253427434 -0.668 -0.695)
(1.205218687 -0.5845 -1.435)
(1.205218687 -0.5845 -1.25)
(1.205218687 -0.5845 -1.065)
(1.205218687 -0.5845 -0.88)
(1.205218687 -0.5845 -0.695)
(1.157009939 -0.501 -1.435)
(1.157009939 -0.501 -1.25)
(1.157009939 -0.501 -1.065)
(1.157009939 -0.501 -0.88)
(1.157009939 -0.501 -0.695)
(1.253427434 -0.501 -1.435)
(1.253427434 -0.501 -1.25)
(1.253427434 -0.501 -1.065)
(1.253427434 -0.501 -0.88)
(1.253427434 -0.501 -0.695)
(1.205218687 -0.4175 -1.435)
(1.205218687 -0.4175 -1.25)
(1.205218687 -0.4175 -1.065)
(1.205218687 -0.4175 -0.88)
(1.205218687 -0.4175 -0.695)
(1.157009939 -0.334 -1.435)
(1.157009939 -0.334 -1.25)
(1.157009939 -0.334 -1.065)
(1.157009939 -0.334 -0.88)
(1.157009939 -0.334 -0.695)
(1.253427434 -0.334 -1.435)
(1.253427434 -0.334 -1.25)
(1.253427434 -0.334 -1.065)
(1.253427434 -0.334 -0.88)
(1.253427434 -0.334 -0.695)
(1.108801192 -0.2505 -1.435)
(1.205218687 -0.2505 -1.435)
(1.108801192 -0.2505 -1.25)
(1.205218687 -0.2505 -1.25)
(1.108801192 -0.2505 -1.065)
(1.205218687 -0.2505 -1.065)
(1.108801192 -0.2505 -0.88)
(1.205218687 -0.2505 -0.88)
(1.108801192 -0.2505 -0.695)
(1.205218687 -0.2505 -0.695)
(1.157009939 -0.167 -1.435)
(1.157009939 -0.167 -1.25)
(1.157009939 -0.167 -1.065)
(1.157009939 -0.167 -0.88)
(1.157009939 -0.167 -0.695)
(1.253427434 -0.167 -1.435)
(1.253427434 -0.167 -1.25)
(1.253427434 -0.167 -1.065)
(1.253427434 -0.167 -0.88)
(1.253427434 -0.167 -0.695)
(1.060592445 -0.167 -1.435)
(1.060592445 -0.167 -1.25)
(1.060592445 -0.167 -1.065)
(1.060592445 -0.167 -0.88)
(1.060592445 -0.167 -0.695)
(1.108801192 -0.0835 -1.435)
(1.205218687 -0.0835 -1.435)
(1.108801192 -0.0835 -1.25)
(1.205218687 -0.0835 -1.25)
(1.108801192 -0.0835 -1.065)
(1.205218687 -0.0835 -1.065)
(1.108801192 -0.0835 -0.88)
(1.205218687 -0.0835 -0.88)
(1.108801192 -0.0835 -0.695)
(1.205218687 -0.0835 -0.695)
(1.157009939 0 -1.435)
(1.157009939 0 -1.25)
(1.157009939 0 -1.065)
(1.157009939 0 -0.88)
(1.157009939 0 -0.695)
(1.253427434 0 -1.435)
(1.253427434 0 -1.25)
(1.253427434 0 -1.065)
(1.253427434 0 -0.88)
(1.253427434 0 -0.695)
(1.060592445 0 -1.435)
(1.060592445 0 -1.25)
(1.060592445 0 -1.065)
(1.060592445 0 -0.88)
(1.060592445 0 -0.695)
(1.108801192 0.0835 -1.435)
(1.205218687 0.0835 -1.435)
(1.108801192 0.0835 -1.25)
(1.205218687 0.0835 -1.25)
(1.108801192 0.0835 -1.065)
(1.205218687 0.0835 -1.065)
(1.108801192 0.0835 -0.88)
(1.205218687 0.0835 -0.88)
(1.108801192 0.0835 -0.695)
(1.205218687 0.0835 -0.695)
(1.157009939 0.167 -1.435)
(1.157009939 0.167 -1.25)
(1.157009939 0.167 -1.065)
(1.157009939 0.167 -0.88)
(1.157009939 0.167 -0.695)
(1.253427434 0.167 -1.435)
(1.253427434 0.167 -1.25)
(1.253427434 0.167 -1.065)
(1.253427434 0.167 -0.88)
(1.253427434 0.167 -0.695)
(1.060592445 0.167 -1.435)
(1.060592445 0.167 -1.25)
(1.060592445 0.167 -1.065)
(1.060592445 0.167 -0.88)
(1.060592445 0.167 -0.695)
(1.108801192 0.2505 -1.435)
(1.205218687 0.2505 -1.435)
(1.108801192 0.2505 -1.25)
(1.205218687 0.2505 -1.25)
(1.108801192 0.2505 -1.065)
(1.205218687 0.2505 -1.065)
(1.108801192 0.2505 -0.88)
(1.205218687 0.2505 -0.88)
(1.108801192 0.2505 -0.695)
(1.205218687 0.2505 -0.695)
(1.157009939 0.334 -1.435)
(1.157009939 0.334 -1.25)
(1.157009939 0.334 -1.065)
(1.157009939 0.334 -0.88)
(1.157009939 0.334 -0.695)
(1.253427434 0.334 -1.435)
(1.253427434 0.334 -1.25)
(1.253427434 0.334 -1.065)
(1.253427434 0.334 -0.88)
(1.253427434 0.334 -0.695)
(1.205218687 0.4175 -1.435)
(1.205218687 0.4175 -1.25)
(1.205218687 0.4175 -1.065)
(1.205218687 0.4175 -0.88)
(1.205218687 0.4175 -0.695)
(1.157009939 0.501 -1.435)
(1.157009939 0.501 -1.25)
(1.157009939 0.501 -1.065)
(1.157009939 0.501 -0.88)
(1.157009939 0.501 -0.695)
(1.253427434 0.501 -1.435)
(1.253427434 0.501 -1.25)
(1.253427434 0.501 -1.065)
(1.253427434 0.501 -0.88)
(1.253427434 0.501 -0.695)
(1.205218687 0.5845 -1.435)
(1.205218687 0.5845 -1.25)
(1.205218687 0.5845 -1.065)
(1.205218687 0.5845 -0.88)
(1.205218687 0.5845 -0.695)
(1.157009939 0.668 -1.435)
(1.157009939 0.668 -1.25)
(1.157009939 0.668 -1.065)
(1.157009939 0.668 -0.88)
(1.157009939 0.668 -0.695)
(1.253427434 0.668 -1.435)
(1.253427434 0.668 -1.25)
(1.253427434 0.668 -1.065)
(1.253427434 0.668 -0.88)
(1.253427434 0.668 -0.695)
(1.205218687 0.7515 -1.435)
(1.205218687 0.7515 -1.25)
(1.205218687 0.7515 -1.065)
(1.205218687 0.7515 -0.88)
(1.205218687 0.7515 -0.695)
(1.349844929 -0.501 -1.435)
(1.301636182 -0.4175 -1.435)
(1.349844929 -0.501 -1.25)
(1.301636182 -0.4175 -1.25)
(1.349844929 -0.501 -1.065)
(1.301636182 -0.4175 -1.065)
(1.349844929 -0.501 -0.88)
(1.301636182 -0.4175 -0.88)
(1.349844929 -0.501 -0.695)
(1.301636182 -0.4175 -0.695)
(1.398053677 -0.4175 -1.435)
(1.398053677 -0.4175 -1.25)
(1.398053677 -0.4175 -1.065)
(1.398053677 -0.4175 -0.88)
(1.398053677 -0.4175 -0.695)
(1.349844929 -0.334 -1.435)
(1.349844929 -0.334 -1.25)
(1.349844929 -0.334 -1.065)
(1.349844929 -0.334 -0.88)
(1.349844929 -0.334 -0.695)
(1.301636182 -0.2505 -1.435)
(1.301636182 -0.2505 -1.25)
(1.301636182 -0.2505 -1.065)
(1.301636182 -0.2505 -0.88)
(1.301636182 -0.2505 -0.695)
(1.398053677 -0.2505 -1.435)
(1.398053677 -0.2505 -1.25)
(1.398053677 -0.2505 -1.065)
(1.398053677 -0.2505 -0.88)
(1.398053677 -0.2505 -0.695)
(1.349844929 -0.167 -1.435)
(1.349844929 -0.167 -1.25)
(1.349844929 -0.167 -1.065)
(1.349844929 -0.167 -0.88)
(1.349844929 -0.167 -0.695)
(1.301636182 -0.0835 -1.435)
(1.301636182 -0.0835 -1.25)
(1.301636182 -0.0835 -1.065)
(1.301636182 -0.0835 -0.88)
(1.301636182 -0.0835 -0.695)
(1.398053677 -0.0835 -1.435)
(1.398053677 -0.0835 -1.25)
(1.398053677 -0.0835 -1.065)
(1.398053677 -0.0835 -0.88)
(1.398053677 -0.0835 -0.695)
(1.349844929 -1.387778781e-17 -1.435)
(1.349844929 -1.387778781e-17 -1.25)
(1.349844929 -1.387778781e-17 -1.065)
(1.349844929 -1.387778781e-17 -0.88)
(1.349844929 -1.387778781e-17 -0.695)
(1.301636182 0.0835 -1.435)
(1.301636182 0.0835 -1.25)
(1.301636182 0.0835 -1.065)
(1.301636182 0.0835 -0.88)
(1.301636182 0.0835 -0.695)
(1.398053677 0.0835 -1.435)
(1.398053677 0.0835 -1.25)
(1.398053677 0.0835 -1.065)
(1.398053677 0.0835 -0.88)
(1.398053677 0.0835 -0.695)
(1.349844929 0.167 -1.435)
(1.349844929 0.167 -1.25)
(1.349844929 0.167 -1.065)
(1.349844929 0.167 -0.88)
(1.349844929 0.167 -0.695)
(1.301636182 0.2505 -1.435)
(1.301636182 0.2505 -1.25)
(1.301636182 0.2505 -1.065)
(1.301636182 0.2505 -0.88)
(1.301636182 0.2505 -0.695)
(1.398053677 0.2505 -1.435)
(1.398053677 0.2505 -1.25)
(1.398053677 0.2505 -1.065)
(1.398053677 0.2505 -0.88)
(1.398053677 0.2505 -0.695)
(1.349844929 0.334 -1.435)
(1.349844929 0.334 -1.25)
(1.349844929 0.334 -1.065)
(1.349844929 0.334 -0.88)
(1.349844929 0.334 -0.695)
(1.301636182 0.4175 -1.435)
(1.301636182 0.4175 -1.25)
(1.301636182 0.4175 -1.065)
(1.301636182 0.4175 -0.88)
(1.301636182 0.4175 -0.695)
(1.398053677 0.4175 -1.435)
(1.398053677 0.4175 -1.25)
(1.398053677 0.4175 -1.065)
(1.398053677 0.4175 -0.88)
(1.398053677 0.4175 -0.695)
(1.349844929 0.501 -1.435)
(1.349844929 0.501 -1.25)
(1.349844929 0.501 -1.065)
(1.349844929 0.501 -0.88)
(1.349844929 0.501 -0.695)
(-1.012383697 -0.2505 -1.435)
(-1.012383697 -0.2505 -1.25)
(-1.012383697 -0.2505 -1.065)
(-1.012383697 -0.2505 -0.88)
(-1.012383697 -0.2505 -0.695)
(-0.9159662021 -0.2505 -1.435)
(-0.9159662021 -0.2505 -1.25)
(-0.9159662021 -0.2505 -1.065)
(-0.9159662021 -0.2505 -0.88)
(-0.9159662021 -0.2505 -0.695)
(-0.9641749495 -0.167 -1.435)
(-0.9641749495 -0.167 -1.25)
(-0.9641749495 -0.167 -1.065)
(-0.9641749495 -0.167 -0.88)
(-0.9641749495 -0.167 -0.695)
(-1.012383697 -0.0835 -1.435)
(-1.012383697 -0.0835 -1.25)
(-1.012383697 -0.0835 -1.065)
(-1.012383697 -0.0835 -0.88)
(-1.012383697 -0.0835 -0.695)
(-0.9159662021 -0.0835 -1.435)
(-0.9159662021 -0.0835 -1.25)
(-0.9159662021 -0.0835 -1.065)
(-0.9159662021 -0.0835 -0.88)
(-0.9159662021 -0.0835 -0.695)
(-0.9641749495 -1.387778781e-17 -1.435)
(-0.9641749495 -1.387778781e-17 -1.25)
(-0.9641749495 -1.387778781e-17 -1.065)
(-0.9641749495 -1.387778781e-17 -0.88)
(-0.9641749495 -1.387778781e-17 -0.695)
(-1.012383697 0.0835 -1.435)
(-1.012383697 0.0835 -1.25)
(-1.012383697 0.0835 -1.065)
(-1.012383697 0.0835 -0.88)
(-1.012383697 0.0835 -0.695)
(-0.9159662021 0.0835 -1.435)
(-0.9159662021 0.0835 -1.25)
(-0.9159662021 0.0835 -1.065)
(-0.9159662021 0.0835 -0.88)
(-0.9159662021 0.0835 -0.695)
(-0.9641749495 0.167 -1.435)
(-0.9641749495 0.167 -1.25)
(-0.9641749495 0.167 -1.065)
(-0.9641749495 0.167 -0.88)
(-0.9641749495 0.167 -0.695)
(-1.012383697 0.2505 -1.435)
(-1.012383697 0.2505 -1.25)
(-1.012383697 0.2505 -1.065)
(-1.012383697 0.2505 -0.88)
(-1.012383697 0.2505 -0.695)
(-0.9159662021 0.2505 -1.435)
(-0.9159662021 0.2505 -1.25)
(-0.9159662021 0.2505 -1.065)
(-0.9159662021 0.2505 -0.88)
(-0.9159662021 0.2505 -0.695)
(-0.8677574546 -0.501 -1.435)
(-0.8677574546 -0.501 -1.25)
(-0.8677574546 -0.501 -1.065)
(-0.8677574546 -0.501 -0.88)
(-0.8677574546 -0.501 -0.695)
(-0.7713399596 -0.501 -1.435)
(-0.7713399596 -0.501 -1.25)
(-0.7713399596 -0.501 -1.065)
(-0.7713399596 -0.501 -0.88)
(-0.7713399596 -0.501 -0.695)
(-0.8195487071 -0.4175 -1.435)
(-0.8195487071 -0.4175 -1.25)
(-0.8195487071 -0.4175 -1.065)
(-0.8195487071 -0.4175 -0.88)
(-0.8195487071 -0.4175 -0.695)
(-0.8677574546 -0.334 -1.435)
(-0.8677574546 -0.334 -1.25)
(-0.8677574546 -0.334 -1.065)
(-0.8677574546 -0.334 -0.88)
(-0.8677574546 -0.334 -0.695)
(-0.7713399596 -0.334 -1.435)
(-0.7713399596 -0.334 -1.25)
(-0.7713399596 -0.334 -1.065)
(-0.7713399596 -0.334 -0.88)
(-0.7713399596 -0.334 -0.695)
(-0.8195487071 -0.2505 -1.435)
(-0.8195487071 -0.2505 -1.25)
(-0.8195487071 -0.2505 -1.065)
(-0.8195487071 -0.2505 -0.88)
(-0.8195487071 -0.2505 -0.695)
(-0.8677574546 -0.167 -1.435)
(-0.8677574546 -0.167 -1.25)
(-0.8677574546 -0.167 -1.065)
(-0.8677574546 -0.167 -0.88)
(-0.8677574546 -0.167 -0.695)
(-0.7713399596 -0.167 -1.435)
(-0.7713399596 -0.167 -1.25)
(-0.7713399596 -0.167 -1.065)
(-0.7713399596 -0.167 -0.88)
(-0.7713399596 -0.167 -0.695)
(-0.8195487071 -0.0835 -1.435)
(-0.8195487071 -0.0835 -1.25)
(-0.8195487071 -0.0835 -1.065)
(-0.8195487071 -0.0835 -0.88)
(-0.8195487071 -0.0835 -0.695)
(-0.8677574546 0 -1.435)
(-0.8677574546 0 -1.25)
(-0.8677574546 0 -1.065)
(-0.8677574546 0 -0.88)
(-0.8677574546 0 -0.695)
(-0.7713399596 0 -1.435)
(-0.7713399596 0 -1.25)
(-0.7713399596 0 -1.065)
(-0.7713399596 0 -0.88)
(-0.7713399596 0 -0.695)
(-0.8195487071 0.0835 -1.435)
(-0.8195487071 0.0835 -1.25)
(-0.8195487071 0.0835 -1.065)
(-0.8195487071 0.0835 -0.88)
(-0.8195487071 0.0835 -0.695)
(-0.8677574546 0.167 -1.435)
(-0.8677574546 0.167 -1.25)
(-0.8677574546 0.167 -1.065)
(-0.8677574546 0.167 -0.88)
(-0.8677574546 0.167 -0.695)
(-0.7713399596 0.167 -1.435)
(-0.7713399596 0.167 -1.25)
(-0.7713399596 0.167 -1.065)
(-0.7713399596 0.167 -0.88)
(-0.7713399596 0.167 -0.695)
(-0.8195487071 0.2505 -1.435)
(-0.8195487071 0.2505 -1.25)
(-0.8195487071 0.2505 -1.065)
(-0.8195487071 0.2505 -0.88)
(-0.8195487071 0.2505 -0.695)
(-0.8677574546 0.334 -1.435)
(-0.8677574546 0.334 -1.25)
(-0.8677574546 0.334 -1.065)
(-0.8677574546 0.334 -0.88)
(-0.8677574546 0.334 -0.695)
(-0.7713399596 0.334 -1.435)
(-0.7713399596 0.334 -1.25)
(-0.7713399596 0.334 -1.065)
(-0.7713399596 0.334 -0.88)
(-0.7713399596 0.334 -0.695)
(-0.8195487071 0.4175 -1.435)
(-0.8195487071 0.4175 -1.25)
(-0.8195487071 0.4175 -1.065)
(-0.8195487071 0.4175 -0.88)
(-0.8195487071 0.4175 -0.695)
(-0.8677574546 0.501 -1.435)
(-0.8677574546 0.501 -1.25)
(-0.8677574546 0.501 -1.065)
(-0.8677574546 0.501 -0.88)
(-0.8677574546 0.501 -0.695)
(-0.7713399596 0.501 -1.435)
(-0.7713399596 0.501 -1.25)
(-0.7713399596 0.501 -1.065)
(-0.7713399596 0.501 -0.88)
(-0.7713399596 0.501 -0.695)
(-0.7231312122 -0.7515 -1.435)
(-0.7231312122 -0.7515 -1.25)
(-0.7231312122 -0.7515 -1.065)
(-0.7231312122 -0.7515 -0.88)
(-0.7231312122 -0.7515 -0.695)
(-0.6267137172 -0.7515 -1.435)
(-0.6267137172 -0.7515 -1.25)
(-0.6267137172 -0.7515 -1.065)
(-0.6267137172 -0.7515 -0.88)
(-0.6267137172 -0.7515 -0.695)
(-0.6749224647 -0.668 -1.435)
(-0.6749224647 -0.668 -1.25)
(-0.6749224647 -0.668 -1.065)
(-0.6749224647 -0.668 -0.88)
(-0.6749224647 -0.668 -0.695)
(-0.7231312122 -0.5845 -1.435)
(-0.7231312122 -0.5845 -1.25)
(-0.7231312122 -0.5845 -1.065)
(-0.7231312122 -0.5845 -0.88)
(-0.7231312122 -0.5845 -0.695)
(-0.6267137172 -0.5845 -1.435)
(-0.6267137172 -0.5845 -1.25)
(-0.6267137172 -0.5845 -1.065)
(-0.6267137172 -0.5845 -0.88)
(-0.6267137172 -0.5845 -0.695)
(-0.6749224647 -0.501 -1.435)
(-0.6749224647 -0.501 -1.25)
(-0.6749224647 -0.501 -1.065)
(-0.6749224647 -0.501 -0.88)
(-0.6749224647 -0.501 -0.695)
(-0.7231312122 -0.4175 -1.435)
(-0.7231312122 -0.4175 -1.25)
(-0.7231312122 -0.4175 -1.065)
(-0.7231312122 -0.4175 -0.88)
(-0.7231312122 -0.4175 -0.695)
(-0.6267137172 -0.4175 -1.435)
(-0.6267137172 -0.4175 -1.25)
(-0.6267137172 -0.4175 -1.065)
(-0.6267137172 -0.4175 -0.88)
(-0.6267137172 -0.4175 -0.695)
(-0.6749224647 -0.334 -1.435)
(-0.6749224647 -0.334 -1.25)
(-0.6749224647 -0.334 -1.065)
(-0.6749224647 -0.334 -0.88)
(-0.6749224647 -0.334 -0.695)
(-0.7231312122 -0.2505 -1.435)
(-0.7231312122 -0.2505 -1.25)
(-0.7231312122 -0.2505 -1.065)
(-0.7231312122 -0.2505 -0.88)
(-0.7231312122 -0.2505 -0.695)
(-0.6267137172 -0.2505 -1.435)
(-0.6267137172 -0.2505 -1.25)
(-0.6267137172 -0.2505 -1.065)
(-0.6267137172 -0.2505 -0.88)
(-0.6267137172 -0.2505 -0.695)
(-0.6749224647 -0.167 -1.435)
(-0.6749224647 -0.167 -1.25)
(-0.6749224647 -0.167 -1.065)
(-0.6749224647 -0.167 -0.88)
(-0.6749224647 -0.167 -0.695)
(-0.7231312122 -0.0835 -1.435)
(-0.7231312122 -0.0835 -1.25)
(-0.7231312122 -0.0835 -1.065)
(-0.7231312122 -0.0835 -0.88)
(-0.7231312122 -0.0835 -0.695)
(-0.6267137172 -0.0835 -1.435)
(-0.6267137172 -0.0835 -1.25)
(-0.6267137172 -0.0835 -1.065)
(-0.6267137172 -0.0835 -0.88)
(-0.6267137172 -0.0835 -0.695)
(-0.6749224647 -1.387778781e-17 -1.435)
(-0.6749224647 -1.387778781e-17 -1.25)
(-0.6749224647 -1.387778781e-17 -1.065)
(-0.6749224647 -1.387778781e-17 -0.88)
(-0.6749224647 -1.387778781e-17 -0.695)
(-0.7231312122 0.0835 -1.435)
(-0.7231312122 0.0835 -1.25)
(-0.7231312122 0.0835 -1.065)
(-0.7231312122 0.0835 -0.88)
(-0.7231312122 0.0835 -0.695)
(-0.6267137172 0.0835 -1.435)
(-0.6267137172 0.0835 -1.25)
(-0.6267137172 0.0835 -1.065)
(-0.6267137172 0.0835 -0.88)
(-0.6267137172 0.0835 -0.695)
(-0.6749224647 0.167 -1.435)
(-0.6749224647 0.167 -1.25)
(-0.6749224647 0.167 -1.065)
(-0.6749224647 0.167 -0.88)
(-0.6749224647 0.167 -0.695)
(-0.7231312122 0.2505 -1.435)
(-0.7231312122 0.2505 -1.25)
(-0.7231312122 0.2505 -1.065)
(-0.7231312122 0.2505 -0.88)
(-0.7231312122 0.2505 -0.695)
(-0.6267137172 0.2505 -1.435)
(-0.6267137172 0.2505 -1.25)
(-0.6267137172 0.2505 -1.065)
(-0.6267137172 0.2505 -0.88)
(-0.6267137172 0.2505 -0.695)
(-0.6749224647 0.334 -1.435)
(-0.6749224647 0.334 -1.25)
(-0.6749224647 0.334 -1.065)
(-0.6749224647 0.334 -0.88)
(-0.6749224647 0.334 -0.695)
(-0.7231312122 0.4175 -1.435)
(-0.7231312122 0.4175 -1.25)
(-0.7231312122 0.4175 -1.065)
(-0.7231312122 0.4175 -0.88)
(-0.7231312122 0.4175 -0.695)
(-0.6267137172 0.4175 -1.435)
(-0.6267137172 0.4175 -1.25)
(-0.6267137172 0.4175 -1.065)
(-0.6267137172 0.4175 -0.88)
(-0.6267137172 0.4175 -0.695)
(-0.6749224647 0.501 -1.435)
(-0.6749224647 0.501 -1.25)
(-0.6749224647 0.501 -1.065)
(-0.6749224647 0.501 -0.88)
(-0.6749224647 0.501 -0.695)
(-0.7231312122 0.5845 -1.435)
(-0.7231312122 0.5845 -1.25)
(-0.7231312122 0.5845 -1.065)
(-0.7231312122 0.5845 -0.88)
(-0.7231312122 0.5845 -0.695)
(-0.6267137172 0.5845 -1.435)
(-0.6267137172 0.5845 -1.25)
(-0.6267137172 0.5845 -1.065)
(-0.6267137172 0.5845 -0.88)
(-0.6267137172 0.5845 -0.695)
(-0.6749224647 0.668 -1.435)
(-0.6749224647 0.668 -1.25)
(-0.6749224647 0.668 -1.065)
(-0.6749224647 0.668 -0.88)
(-0.6749224647 0.668 -0.695)
(-0.7231312122 0.7515 -1.435)
(-0.7231312122 0.7515 -1.25)
(-0.7231312122 0.7515 -1.065)
(-0.7231312122 0.7515 -0.88)
(-0.7231312122 0.7515 -0.695)
(-0.6267137172 0.7515 -1.435)
(-0.6267137172 0.7515 -1.25)
(-0.6267137172 0.7515 -1.065)
(-0.6267137172 0.7515 -0.88)
(-0.6267137172 0.7515 -0.695)
(-0.5785049697 -0.835 -1.435)
(-0.5785049697 -0.835 -1.25)
(-0.5785049697 -0.835 -1.065)
(-0.5785049697 -0.835 -0.88)
(-0.5785049697 -0.835 -0.695)
(-0.4820874748 -0.835 -1.435)
(-0.4820874748 -0.835 -1.25)
(-0.4820874748 -0.835 -1.065)
(-0.4820874748 -0.835 -0.88)
(-0.4820874748 -0.835 -0.695)
(-0.5302962223 -0.7515 -1.435)
(-0.5302962223 -0.7515 -1.25)
(-0.5302962223 -0.7515 -1.065)
(-0.5302962223 -0.7515 -0.88)
(-0.5302962223 -0.7515 -0.695)
(-0.5785049697 -0.668 -1.435)
(-0.5785049697 -0.668 -1.25)
(-0.5785049697 -0.668 -1.065)
(-0.5785049697 -0.668 -0.88)
(-0.5785049697 -0.668 -0.695)
(-0.4820874748 -0.668 -1.435)
(-0.4820874748 -0.668 -1.25)
(-0.4820874748 -0.668 -1.065)
(-0.4820874748 -0.668 -0.88)
(-0.4820874748 -0.668 -0.695)
(-0.5302962223 -0.5845 -1.435)
(-0.5302962223 -0.5845 -1.25)
(-0.5302962223 -0.5845 -1.065)
(-0.5302962223 -0.5845 -0.88)
(-0.5302962223 -0.5845 -0.695)
(-0.5785049697 -0.501 -1.435)
(-0.5785049697 -0.501 -1.25)
(-0.5785049697 -0.501 -1.065)
(-0.5785049697 -0.501 -0.88)
(-0.5785049697 -0.501 -0.695)
(-0.4820874748 -0.501 -1.435)
(-0.4820874748 -0.501 -1.25)
(-0.4820874748 -0.501 -1.065)
(-0.4820874748 -0.501 -0.88)
(-0.4820874748 -0.501 -0.695)
(-0.5302962223 -0.4175 -1.435)
(-0.5302962223 -0.4175 -1.25)
(-0.5302962223 -0.4175 -1.065)
(-0.5302962223 -0.4175 -0.88)
(-0.5302962223 -0.4175 -0.695)
(-0.5785049697 -0.334 -1.435)
(-0.5785049697 -0.334 -1.25)
(-0.5785049697 -0.334 -1.065)
(-0.5785049697 -0.334 -0.88)
(-0.5785049697 -0.334 -0.695)
(-0.4820874748 -0.334 -1.435)
(-0.4820874748 -0.334 -1.25)
(-0.4820874748 -0.334 -1.065)
(-0.4820874748 -0.334 -0.88)
(-0.4820874748 -0.334 -0.695)
(-0.5302962223 -0.2505 -1.435)
(-0.5302962223 -0.2505 -1.25)
(-0.5302962223 -0.2505 -1.065)
(-0.5302962223 -0.2505 -0.88)
(-0.5302962223 -0.2505 -0.695)
(-0.5785049697 -0.167 -1.435)
(-0.5785049697 -0.167 -1.25)
(-0.5785049697 -0.167 -1.065)
(-0.5785049697 -0.167 -0.88)
(-0.5785049697 -0.167 -0.695)
(-0.4820874748 -0.167 -1.435)
(-0.4820874748 -0.167 -1.25)
(-0.4820874748 -0.167 -1.065)
(-0.4820874748 -0.167 -0.88)
(-0.4820874748 -0.167 -0.695)
(-0.5302962223 -0.0835 -1.435)
(-0.5302962223 -0.0835 -1.25)
(-0.5302962223 -0.0835 -1.065)
(-0.5302962223 -0.0835 -0.88)
(-0.5302962223 -0.0835 -0.695)
(-0.5785049697 0 -1.435)
(-0.5785049697 0 -1.25)
(-0.5785049697 0 -1.065)
(-0.5785049697 0 -0.88)
(-0.5785049697 0 -0.695)
(-0.4820874748 0 -1.435)
(-0.4820874748 0 -1.25)
(-0.4820874748 0 -1.065)
(-0.4820874748 0 -0.88)
(-0.4820874748 0 -0.695)
(-0.5302962223 0.0835 -1.435)
(-0.5302962223 0.0835 -1.25)
(-0.5302962223 0.0835 -1.065)
(-0.5302962223 0.0835 -0.88)
(-0.5302962223 0.0835 -0.695)
(-0.5785049697 0.167 -1.435)
(-0.5785049697 0.167 -1.25)
(-0.5785049697 0.167 -1.065)
(-0.5785049697 0.167 -0.88)
(-0.5785049697 0.167 -0.695)
(-0.4820874748 0.167 -1.435)
(-0.4820874748 0.167 -1.25)
(-0.4820874748 0.167 -1.065)
(-0.4820874748 0.167 -0.88)
(-0.4820874748 0.167 -0.695)
(-0.5302962223 0.2505 -1.435)
(-0.5302962223 0.2505 -1.25)
(-0.5302962223 0.2505 -1.065)
(-0.5302962223 0.2505 -0.88)
(-0.5302962223 0.2505 -0.695)
(-0.5785049697 0.334 -1.435)
(-0.5785049697 0.334 -1.25)
(-0.5785049697 0.334 -1.065)
(-0.5785049697 0.334 -0.88)
(-0.5785049697 0.334 -0.695)
(-0.4820874748 0.334 -1.435)
(-0.4820874748 0.334 -1.25)
(-0.4820874748 0.334 -1.065)
(-0.4820874748 0.334 -0.88)
(-0.4820874748 0.334 -0.695)
(-0.5302962223 0.4175 -1.435)
(-0.5302962223 0.4175 -1.25)
(-0.5302962223 0.4175 -1.065)
(-0.5302962223 0.4175 -0.88)
(-0.5302962223 0.4175 -0.695)
(-0.5785049697 0.501 -1.435)
(-0.5785049697 0.501 -1.25)
(-0.5785049697 0.501 -1.065)
(-0.5785049697 0.501 -0.88)
(-0.5785049697 0.501 -0.695)
(-0.4820874748 0.501 -1.435)
(-0.4820874748 0.501 -1.25)
(-0.4820874748 0.501 -1.065)
(-0.4820874748 0.501 -0.88)
(-0.4820874748 0.501 -0.695)
(-0.5302962223 0.5845 -1.435)
(-0.5302962223 0.5845 -1.25)
(-0.5302962223 0.5845 -1.065)
(-0.5302962223 0.5845 -0.88)
(-0.5302962223 0.5845 -0.695)
(-0.5785049697 0.668 -1.435)
(-0.5785049697 0.668 -1.25)
(-0.5785049697 0.668 -1.065)
(-0.5785049697 0.668 -0.88)
(-0.5785049697 0.668 -0.695)
(-0.4820874748 0.668 -1.435)
(-0.4820874748 0.668 -1.25)
(-0.4820874748 0.668 -1.065)
(-0.4820874748 0.668 -0.88)
(-0.4820874748 0.668 -0.695)
(-0.5302962223 0.7515 -1.435)
(-0.5302962223 0.7515 -1.25)
(-0.5302962223 0.7515 -1.065)
(-0.5302962223 0.7515 -0.88)
(-0.5302962223 0.7515 -0.695)
(-0.5785049697 0.835 -1.435)
(-0.5785049697 0.835 -1.25)
(-0.5785049697 0.835 -1.065)
(-0.5785049697 0.835 -0.88)
(-0.5785049697 0.835 -0.695)
(-0.4820874748 0.835 -1.435)
(-0.4820874748 0.835 -1.25)
(-0.4820874748 0.835 -1.065)
(-0.4820874748 0.835 -0.88)
(-0.4820874748 0.835 -0.695)
(-0.4338787273 -0.9185 -1.435)
(-0.4338787273 -0.9185 -1.25)
(-0.4338787273 -0.9185 -1.065)
(-0.4338787273 -0.9185 -0.88)
(-0.4338787273 -0.9185 -0.695)
(-0.3374612323 -0.9185 -1.435)
(-0.3374612323 -0.9185 -1.25)
(-0.3374612323 -0.9185 -1.065)
(-0.3374612323 -0.9185 -0.88)
(-0.3374612323 -0.9185 -0.695)
(-0.3856699798 -0.835 -1.435)
(-0.3856699798 -0.835 -1.25)
(-0.3856699798 -0.835 -1.065)
(-0.3856699798 -0.835 -0.88)
(-0.3856699798 -0.835 -0.695)
(-0.4338787273 -0.7515 -1.435)
(-0.4338787273 -0.7515 -1.25)
(-0.4338787273 -0.7515 -1.065)
(-0.4338787273 -0.7515 -0.88)
(-0.4338787273 -0.7515 -0.695)
(-0.3374612323 -0.7515 -1.435)
(-0.3374612323 -0.7515 -1.25)
(-0.3374612323 -0.7515 -1.065)
(-0.3374612323 -0.7515 -0.88)
(-0.3374612323 -0.7515 -0.695)
(-0.3856699798 -0.668 -1.435)
(-0.3856699798 -0.668 -1.25)
(-0.3856699798 -0.668 -1.065)
(-0.3856699798 -0.668 -0.88)
(-0.3856699798 -0.668 -0.695)
(-0.4338787273 -0.5845 -1.435)
(-0.4338787273 -0.5845 -1.25)
(-0.4338787273 -0.5845 -1.065)
(-0.4338787273 -0.5845 -0.88)
(-0.4338787273 -0.5845 -0.695)
(-0.3374612323 -0.5845 -1.435)
(-0.3374612323 -0.5845 -1.25)
(-0.3374612323 -0.5845 -1.065)
(-0.3374612323 -0.5845 -0.88)
(-0.3374612323 -0.5845 -0.695)
(-0.3856699798 -0.501 -1.435)
(-0.3856699798 -0.501 -1.25)
(-0.3856699798 -0.501 -1.065)
(-0.3856699798 -0.501 -0.88)
(-0.3856699798 -0.501 -0.695)
(-0.4338787273 -0.4175 -1.435)
(-0.4338787273 -0.4175 -1.25)
(-0.4338787273 -0.4175 -1.065)
(-0.4338787273 -0.4175 -0.88)
(-0.4338787273 -0.4175 -0.695)
(-0.3374612323 -0.4175 -1.435)
(-0.3374612323 -0.4175 -1.25)
(-0.3374612323 -0.4175 -1.065)
(-0.3374612323 -0.4175 -0.88)
(-0.3374612323 -0.4175 -0.695)
(-0.3856699798 -0.334 -1.435)
(-0.3856699798 -0.334 -1.25)
(-0.3856699798 -0.334 -1.065)
(-0.3856699798 -0.334 -0.88)
(-0.3856699798 -0.334 -0.695)
(-0.4338787273 -0.2505 -1.435)
(-0.4338787273 -0.2505 -1.25)
(-0.4338787273 -0.2505 -1.065)
(-0.4338787273 -0.2505 -0.88)
(-0.4338787273 -0.2505 -0.695)
(-0.3374612323 -0.2505 -1.435)
(-0.3374612323 -0.2505 -1.25)
(-0.3374612323 -0.2505 -1.065)
(-0.3374612323 -0.2505 -0.88)
(-0.3374612323 -0.2505 -0.695)
(-0.3856699798 -0.167 -1.435)
(-0.3856699798 -0.167 -1.25)
(-0.3856699798 -0.167 -1.065)
(-0.3856699798 -0.167 -0.88)
(-0.3856699798 -0.167 -0.695)
(-0.4338787273 -0.0835 -1.435)
(-0.4338787273 -0.0835 -1.25)
(-0.4338787273 -0.0835 -1.065)
(-0.4338787273 -0.0835 -0.88)
(-0.4338787273 -0.0835 -0.695)
(-0.3374612323 -0.0835 -1.435)
(-0.3374612323 -0.0835 -1.25)
(-0.3374612323 -0.0835 -1.065)
(-0.3374612323 -0.0835 -0.88)
(-0.3374612323 -0.0835 -0.695)
(-0.3856699798 1.387778781e-17 -1.435)
(-0.3856699798 1.387778781e-17 -1.25)
(-0.3856699798 1.387778781e-17 -1.065)
(-0.3856699798 1.387778781e-17 -0.88)
(-0.3856699798 1.387778781e-17 -0.695)
(-0.4338787273 0.0835 -1.435)
(-0.4338787273 0.0835 -1.25)
(-0.4338787273 0.0835 -1.065)
(-0.4338787273 0.0835 -0.88)
(-0.4338787273 0.0835 -0.695)
(-0.3374612323 0.0835 -1.435)
(-0.3374612323 0.0835 -1.25)
(-0.3374612323 0.0835 -1.065)
(-0.3374612323 0.0835 -0.88)
(-0.3374612323 0.0835 -0.695)
(-0.3856699798 0.167 -1.435)
(-0.3856699798 0.167 -1.25)
(-0.3856699798 0.167 -1.065)
(-0.3856699798 0.167 -0.88)
(-0.3856699798 0.167 -0.695)
(-0.4338787273 0.2505 -1.435)
(-0.4338787273 0.2505 -1.25)
(-0.4338787273 0.2505 -1.065)
(-0.4338787273 0.2505 -0.88)
(-0.4338787273 0.2505 -0.695)
(-0.3374612323 0.2505 -1.435)
(-0.3374612323 0.2505 -1.25)
(-0.3374612323 0.2505 -1.065)
(-0.3374612323 0.2505 -0.88)
(-0.3374612323 0.2505 -0.695)
(-0.3856699798 0.334 -1.435)
(-0.3856699798 0.334 -1.25)
(-0.3856699798 0.334 -1.065)
(-0.3856699798 0.334 -0.88)
(-0.3856699798 0.334 -0.695)
(-0.4338787273 0.4175 -1.435)
(-0.4338787273 0.4175 -1.25)
(-0.4338787273 0.4175 -1.065)
(-0.4338787273 0.4175 -0.88)
(-0.4338787273 0.4175 -0.695)
(-0.3374612323 0.4175 -1.435)
(-0.3374612323 0.4175 -1.25)
(-0.3374612323 0.4175 -1.065)
(-0.3374612323 0.4175 -0.88)
(-0.3374612323 0.4175 -0.695)
(-0.3856699798 0.501 -1.435)
(-0.3856699798 0.501 -1.25)
(-0.3856699798 0.501 -1.065)
(-0.3856699798 0.501 -0.88)
(-0.3856699798 0.501 -0.695)
(-0.4338787273 0.5845 -1.435)
(-0.4338787273 0.5845 -1.25)
(-0.4338787273 0.5845 -1.065)
(-0.4338787273 0.5845 -0.88)
(-0.4338787273 0.5845 -0.695)
(-0.3374612323 0.5845 -1.435)
(-0.3374612323 0.5845 -1.25)
(-0.3374612323 0.5845 -1.065)
(-0.3374612323 0.5845 -0.88)
(-0.3374612323 0.5845 -0.695)
(-0.3856699798 0.668 -1.435)
(-0.3856699798 0.668 -1.25)
(-0.3856699798 0.668 -1.065)
(-0.3856699798 0.668 -0.88)
(-0.3856699798 0.668 -0.695)
(-0.4338787273 0.7515 -1.435)
(-0.4338787273 0.7515 -1.25)
(-0.4338787273 0.7515 -1.065)
(-0.4338787273 0.7515 -0.88)
(-0.4338787273 0.7515 -0.695)
(-0.3374612323 0.7515 -1.435)
(-0.3374612323 0.7515 -1.25)
(-0.3374612323 0.7515 -1.065)
(-0.3374612323 0.7515 -0.88)
(-0.3374612323 0.7515 -0.695)
(-0.3856699798 0.835 -1.435)
(-0.3856699798 0.835 -1.25)
(-0.3856699798 0.835 -1.065)
(-0.3856699798 0.835 -0.88)
(-0.3856699798 0.835 -0.695)
(-0.4338787273 0.9185 -1.435)
(-0.4338787273 0.9185 -1.25)
(-0.4338787273 0.9185 -1.065)
(-0.4338787273 0.9185 -0.88)
(-0.4338787273 0.9185 -0.695)
(-0.3374612323 0.9185 -1.435)
(-0.3374612323 0.9185 -1.25)
(-0.3374612323 0.9185 -1.065)
(-0.3374612323 0.9185 -0.88)
(-0.3374612323 0.9185 -0.695)
(-0.2892524849 -1.002 -1.435)
(-0.2892524849 -1.002 -1.25)
(-0.2892524849 -1.002 -1.065)
(-0.2892524849 -1.002 -0.88)
(-0.2892524849 -1.002 -0.695)
(-0.2410437374 -0.9185 -1.435)
(-0.2410437374 -0.9185 -1.25)
(-0.2410437374 -0.9185 -1.065)
(-0.2410437374 -0.9185 -0.88)
(-0.2410437374 -0.9185 -0.695)
(-0.2892524849 -0.835 -1.435)
(-0.2892524849 -0.835 -1.25)
(-0.2892524849 -0.835 -1.065)
(-0.2892524849 -0.835 -0.88)
(-0.2892524849 -0.835 -0.695)
(-0.1928349899 -0.835 -1.435)
(-0.1928349899 -0.835 -1.25)
(-0.1928349899 -0.835 -1.065)
(-0.1928349899 -0.835 -0.88)
(-0.1928349899 -0.835 -0.695)
(-0.2410437374 -0.7515 -1.435)
(-0.2410437374 -0.7515 -1.25)
(-0.2410437374 -0.7515 -1.065)
(-0.2410437374 -0.7515 -0.88)
(-0.2410437374 -0.7515 -0.695)
(-0.2892524849 -0.668 -1.435)
(-0.2892524849 -0.668 -1.25)
(-0.2892524849 -0.668 -1.065)
(-0.2892524849 -0.668 -0.88)
(-0.2892524849 -0.668 -0.695)
(-0.1928349899 -0.668 -1.435)
(-0.1928349899 -0.668 -1.25)
(-0.1928349899 -0.668 -1.065)
(-0.1928349899 -0.668 -0.88)
(-0.1928349899 -0.668 -0.695)
(-0.2410437374 -0.5845 -1.435)
(-0.2410437374 -0.5845 -1.25)
(-0.2410437374 -0.5845 -1.065)
(-0.2410437374 -0.5845 -0.88)
(-0.2410437374 -0.5845 -0.695)
(-0.2892524849 -0.501 -1.435)
(-0.2892524849 -0.501 -1.25)
(-0.2892524849 -0.501 -1.065)
(-0.2892524849 -0.501 -0.88)
(-0.2892524849 -0.501 -0.695)
(-0.1928349899 -0.501 -1.435)
(-0.1928349899 -0.501 -1.25)
(-0.1928349899 -0.501 -1.065)
(-0.1928349899 -0.501 -0.88)
(-0.1928349899 -0.501 -0.695)
(-0.2410437374 -0.4175 -1.435)
(-0.2410437374 -0.4175 -1.25)
(-0.2410437374 -0.4175 -1.065)
(-0.2410437374 -0.4175 -0.88)
(-0.2410437374 -0.4175 -0.695)
(-0.2892524849 -0.334 -1.435)
(-0.2892524849 -0.334 -1.25)
(-0.2892524849 -0.334 -1.065)
(-0.2892524849 -0.334 -0.88)
(-0.2892524849 -0.334 -0.695)
(-0.1928349899 -0.334 -1.435)
(-0.1928349899 -0.334 -1.25)
(-0.1928349899 -0.334 -1.065)
(-0.1928349899 -0.334 -0.88)
(-0.1928349899 -0.334 -0.695)
(-0.2410437374 -0.2505 -1.435)
(-0.2410437374 -0.2505 -1.25)
(-0.2410437374 -0.2505 -1.065)
(-0.2410437374 -0.2505 -0.88)
(-0.2410437374 -0.2505 -0.695)
(-0.2892524849 -0.167 -1.435)
(-0.2892524849 -0.167 -1.25)
(-0.2892524849 -0.167 -1.065)
(-0.2892524849 -0.167 -0.88)
(-0.2892524849 -0.167 -0.695)
(-0.2892524849 0 -1.435)
(-0.2892524849 0 -1.25)
(-0.2892524849 0 -1.065)
(-0.2892524849 0 -0.88)
(-0.2892524849 0 -0.695)
(-0.2892524849 0.167 -1.435)
(-0.2892524849 0.167 -1.25)
(-0.2892524849 0.167 -1.065)
(-0.2892524849 0.167 -0.88)
(-0.2892524849 0.167 -0.695)
(-0.2410437374 0.2505 -1.435)
(-0.2410437374 0.2505 -1.25)
(-0.2410437374 0.2505 -1.065)
(-0.2410437374 0.2505 -0.88)
(-0.2410437374 0.2505 -0.695)
(-0.2892524849 0.334 -1.435)
(-0.2892524849 0.334 -1.25)
(-0.2892524849 0.334 -1.065)
(-0.2892524849 0.334 -0.88)
(-0.2892524849 0.334 -0.695)
(-0.1928349899 0.334 -1.435)
(-0.1928349899 0.334 -1.25)
(-0.1928349899 0.334 -1.065)
(-0.1928349899 0.334 -0.88)
(-0.1928349899 0.334 -0.695)
(-0.2410437374 0.4175 -1.435)
(-0.2410437374 0.4175 -1.25)
(-0.2410437374 0.4175 -1.065)
(-0.2410437374 0.4175 -0.88)
(-0.2410437374 0.4175 -0.695)
(-0.2892524849 0.501 -1.435)
(-0.2892524849 0.501 -1.25)
(-0.2892524849 0.501 -1.065)
(-0.2892524849 0.501 -0.88)
(-0.2892524849 0.501 -0.695)
(-0.1928349899 0.501 -1.435)
(-0.1928349899 0.501 -1.25)
(-0.1928349899 0.501 -1.065)
(-0.1928349899 0.501 -0.88)
(-0.1928349899 0.501 -0.695)
(-0.2410437374 0.5845 -1.435)
(-0.2410437374 0.5845 -1.25)
(-0.2410437374 0.5845 -1.065)
(-0.2410437374 0.5845 -0.88)
(-0.2410437374 0.5845 -0.695)
(-0.2892524849 0.668 -1.435)
(-0.2892524849 0.668 -1.25)
(-0.2892524849 0.668 -1.065)
(-0.2892524849 0.668 -0.88)
(-0.2892524849 0.668 -0.695)
(-0.1928349899 0.668 -1.435)
(-0.1928349899 0.668 -1.25)
(-0.1928349899 0.668 -1.065)
(-0.1928349899 0.668 -0.88)
(-0.1928349899 0.668 -0.695)
(-0.2410437374 0.7515 -1.435)
(-0.2410437374 0.7515 -1.25)
(-0.2410437374 0.7515 -1.065)
(-0.2410437374 0.7515 -0.88)
(-0.2410437374 0.7515 -0.695)
(-0.2892524849 0.835 -1.435)
(-0.2892524849 0.835 -1.25)
(-0.2892524849 0.835 -1.065)
(-0.2892524849 0.835 -0.88)
(-0.2892524849 0.835 -0.695)
(-0.1928349899 0.835 -1.435)
(-0.1928349899 0.835 -1.25)
(-0.1928349899 0.835 -1.065)
(-0.1928349899 0.835 -0.88)
(-0.1928349899 0.835 -0.695)
(-0.2410437374 0.9185 -1.435)
(-0.2410437374 0.9185 -1.25)
(-0.2410437374 0.9185 -1.065)
(-0.2410437374 0.9185 -0.88)
(-0.2410437374 0.9185 -0.695)
(-0.2892524849 1.002 -1.435)
(-0.2892524849 1.002 -1.25)
(-0.2892524849 1.002 -1.065)
(-0.2892524849 1.002 -0.88)
(-0.2892524849 1.002 -0.695)
(-0.1446262424 -0.9185 -1.435)
(-0.1446262424 -0.9185 -1.25)
(-0.1446262424 -0.9185 -1.065)
(-0.1446262424 -0.9185 -0.88)
(-0.1446262424 -0.9185 -0.695)
(-0.04820874748 -0.9185 -1.435)
(-0.04820874748 -0.9185 -1.25)
(-0.04820874748 -0.9185 -1.065)
(-0.04820874748 -0.9185 -0.88)
(-0.04820874748 -0.9185 -0.695)
(-0.09641749495 -0.835 -1.435)
(-0.09641749495 -0.835 -1.25)
(-0.09641749495 -0.835 -1.065)
(-0.09641749495 -0.835 -0.88)
(-0.09641749495 -0.835 -0.695)
(-0.1446262424 -0.7515 -1.435)
(-0.1446262424 -0.7515 -1.25)
(-0.1446262424 -0.7515 -1.065)
(-0.1446262424 -0.7515 -0.88)
(-0.1446262424 -0.7515 -0.695)
(-0.04820874748 -0.7515 -1.435)
(-0.04820874748 -0.7515 -1.25)
(-0.04820874748 -0.7515 -1.065)
(-0.04820874748 -0.7515 -0.88)
(-0.04820874748 -0.7515 -0.695)
(-0.09641749495 -0.668 -1.435)
(-0.09641749495 -0.668 -1.25)
(-0.09641749495 -0.668 -1.065)
(-0.09641749495 -0.668 -0.88)
(-0.09641749495 -0.668 -0.695)
(-0.1446262424 -0.5845 -1.435)
(-0.1446262424 -0.5845 -1.25)
(-0.1446262424 -0.5845 -1.065)
(-0.1446262424 -0.5845 -0.88)
(-0.1446262424 -0.5845 -0.695)
(-0.04820874748 -0.5845 -1.435)
(-0.04820874748 -0.5845 -1.25)
(-0.04820874748 -0.5845 -1.065)
(-0.04820874748 -0.5845 -0.88)
(-0.04820874748 -0.5845 -0.695)
(-0.09641749495 -0.501 -1.435)
(-0.09641749495 -0.501 -1.25)
(-0.09641749495 -0.501 -1.065)
(-0.09641749495 -0.501 -0.88)
(-0.09641749495 -0.501 -0.695)
(-0.1446262424 -0.4175 -1.435)
(-0.1446262424 -0.4175 -1.25)
(-0.1446262424 -0.4175 -1.065)
(-0.1446262424 -0.4175 -0.88)
(-0.1446262424 -0.4175 -0.695)
(-0.04820874748 -0.4175 -1.435)
(-0.04820874748 -0.4175 -1.25)
(-0.04820874748 -0.4175 -1.065)
(-0.04820874748 -0.4175 -0.88)
(-0.04820874748 -0.4175 -0.695)
(-0.09641749495 -0.334 -1.435)
(-0.09641749495 -0.334 -1.25)
(-0.09641749495 -0.334 -1.065)
(-0.09641749495 -0.334 -0.88)
(-0.09641749495 -0.334 -0.695)
(-0.1446262424 -0.2505 -1.435)
(-0.1446262424 -0.2505 -1.25)
(-0.1446262424 -0.2505 -1.065)
(-0.1446262424 -0.2505 -0.88)
(-0.1446262424 -0.2505 -0.695)
(-0.1446262424 0.2505 -1.435)
(-0.1446262424 0.2505 -1.25)
(-0.1446262424 0.2505 -1.065)
(-0.1446262424 0.2505 -0.88)
(-0.1446262424 0.2505 -0.695)
(-0.09641749495 0.334 -1.435)
(-0.09641749495 0.334 -1.25)
(-0.09641749495 0.334 -1.065)
(-0.09641749495 0.334 -0.88)
(-0.09641749495 0.334 -0.695)
(-0.1446262424 0.4175 -1.435)
(-0.1446262424 0.4175 -1.25)
(-0.1446262424 0.4175 -1.065)
(-0.1446262424 0.4175 -0.88)
(-0.1446262424 0.4175 -0.695)
(-0.04820874748 0.4175 -1.435)
(-0.04820874748 0.4175 -1.25)
(-0.04820874748 0.4175 -1.065)
(-0.04820874748 0.4175 -0.88)
(-0.04820874748 0.4175 -0.695)
(-0.09641749495 0.501 -1.435)
(-0.09641749495 0.501 -1.25)
(-0.09641749495 0.501 -1.065)
(-0.09641749495 0.501 -0.88)
(-0.09641749495 0.501 -0.695)
(-0.1446262424 0.5845 -1.435)
(-0.1446262424 0.5845 -1.25)
(-0.1446262424 0.5845 -1.065)
(-0.1446262424 0.5845 -0.88)
(-0.1446262424 0.5845 -0.695)
(-0.04820874748 0.5845 -1.435)
(-0.04820874748 0.5845 -1.25)
(-0.04820874748 0.5845 -1.065)
(-0.04820874748 0.5845 -0.88)
(-0.04820874748 0.5845 -0.695)
(-0.09641749495 0.668 -1.435)
(-0.09641749495 0.668 -1.25)
(-0.09641749495 0.668 -1.065)
(-0.09641749495 0.668 -0.88)
(-0.09641749495 0.668 -0.695)
(-0.1446262424 0.7515 -1.435)
(-0.1446262424 0.7515 -1.25)
(-0.1446262424 0.7515 -1.065)
(-0.1446262424 0.7515 -0.88)
(-0.1446262424 0.7515 -0.695)
(-0.04820874748 0.7515 -1.435)
(-0.04820874748 0.7515 -1.25)
(-0.04820874748 0.7515 -1.065)
(-0.04820874748 0.7515 -0.88)
(-0.04820874748 0.7515 -0.695)
(-0.09641749495 0.835 -1.435)
(-0.09641749495 0.835 -1.25)
(-0.09641749495 0.835 -1.065)
(-0.09641749495 0.835 -0.88)
(-0.09641749495 0.835 -0.695)
(-0.1446262424 0.9185 -1.435)
(-0.1446262424 0.9185 -1.25)
(-0.1446262424 0.9185 -1.065)
(-0.1446262424 0.9185 -0.88)
(-0.1446262424 0.9185 -0.695)
(-0.04820874748 0.9185 -1.435)
(-0.04820874748 0.9185 -1.25)
(-0.04820874748 0.9185 -1.065)
(-0.04820874748 0.9185 -0.88)
(-0.04820874748 0.9185 -0.695)
(0 -1.002 -1.435)
(0 -1.002 -1.25)
(0 -1.002 -1.065)
(0 -1.002 -0.88)
(0 -1.002 -0.695)
(0.04820874748 -0.9185 -1.435)
(0.04820874748 -0.9185 -1.25)
(0.04820874748 -0.9185 -1.065)
(0.04820874748 -0.9185 -0.88)
(0.04820874748 -0.9185 -0.695)
(0 -0.835 -1.435)
(0 -0.835 -1.25)
(0 -0.835 -1.065)
(0 -0.835 -0.88)
(0 -0.835 -0.695)
(0.09641749495 -0.835 -1.435)
(0.09641749495 -0.835 -1.25)
(0.09641749495 -0.835 -1.065)
(0.09641749495 -0.835 -0.88)
(0.09641749495 -0.835 -0.695)
(0.04820874748 -0.7515 -1.435)
(0.04820874748 -0.7515 -1.25)
(0.04820874748 -0.7515 -1.065)
(0.04820874748 -0.7515 -0.88)
(0.04820874748 -0.7515 -0.695)
(0 -0.668 -1.435)
(0 -0.668 -1.25)
(0 -0.668 -1.065)
(0 -0.668 -0.88)
(0 -0.668 -0.695)
(0.09641749495 -0.668 -1.435)
(0.09641749495 -0.668 -1.25)
(0.09641749495 -0.668 -1.065)
(0.09641749495 -0.668 -0.88)
(0.09641749495 -0.668 -0.695)
(0.04820874748 -0.5845 -1.435)
(0.04820874748 -0.5845 -1.25)
(0.04820874748 -0.5845 -1.065)
(0.04820874748 -0.5845 -0.88)
(0.04820874748 -0.5845 -0.695)
(0 -0.501 -1.435)
(0 -0.501 -1.25)
(0 -0.501 -1.065)
(0 -0.501 -0.88)
(0 -0.501 -0.695)
(0.09641749495 -0.501 -1.435)
(0.09641749495 -0.501 -1.25)
(0.09641749495 -0.501 -1.065)
(0.09641749495 -0.501 -0.88)
(0.09641749495 -0.501 -0.695)
(0.04820874748 -0.4175 -1.435)
(0.04820874748 -0.4175 -1.25)
(0.04820874748 -0.4175 -1.065)
(0.04820874748 -0.4175 -0.88)
(0.04820874748 -0.4175 -0.695)
(0 -0.334 -1.435)
(0 -0.334 -1.25)
(0 -0.334 -1.065)
(0 -0.334 -0.88)
(0 -0.334 -0.695)
(0.09641749495 -0.334 -1.435)
(0.09641749495 -0.334 -1.25)
(0.09641749495 -0.334 -1.065)
(0.09641749495 -0.334 -0.88)
(0.09641749495 -0.334 -0.695)
(0 0.334 -1.435)
(0 0.334 -1.25)
(0 0.334 -1.065)
(0 0.334 -0.88)
(0 0.334 -0.695)
(0.09641749495 0.334 -1.435)
(0.09641749495 0.334 -1.25)
(0.09641749495 0.334 -1.065)
(0.09641749495 0.334 -0.88)
(0.09641749495 0.334 -0.695)
(0.04820874748 0.4175 -1.435)
(0.04820874748 0.4175 -1.25)
(0.04820874748 0.4175 -1.065)
(0.04820874748 0.4175 -0.88)
(0.04820874748 0.4175 -0.695)
(0 0.501 -1.435)
(0 0.501 -1.25)
(0 0.501 -1.065)
(0 0.501 -0.88)
(0 0.501 -0.695)
(0.09641749495 0.501 -1.435)
(0.09641749495 0.501 -1.25)
(0.09641749495 0.501 -1.065)
(0.09641749495 0.501 -0.88)
(0.09641749495 0.501 -0.695)
(0.04820874748 0.5845 -1.435)
(0.04820874748 0.5845 -1.25)
(0.04820874748 0.5845 -1.065)
(0.04820874748 0.5845 -0.88)
(0.04820874748 0.5845 -0.695)
(0 0.668 -1.435)
(0 0.668 -1.25)
(0 0.668 -1.065)
(0 0.668 -0.88)
(0 0.668 -0.695)
(0.09641749495 0.668 -1.435)
(0.09641749495 0.668 -1.25)
(0.09641749495 0.668 -1.065)
(0.09641749495 0.668 -0.88)
(0.09641749495 0.668 -0.695)
(0.04820874748 0.7515 -1.435)
(0.04820874748 0.7515 -1.25)
(0.04820874748 0.7515 -1.065)
(0.04820874748 0.7515 -0.88)
(0.04820874748 0.7515 -0.695)
(0 0.835 -1.435)
(0 0.835 -1.25)
(0 0.835 -1.065)
(0 0.835 -0.88)
(0 0.835 -0.695)
(0.09641749495 0.835 -1.435)
(0.09641749495 0.835 -1.25)
(0.09641749495 0.835 -1.065)
(0.09641749495 0.835 -0.88)
(0.09641749495 0.835 -0.695)
(0.04820874748 0.9185 -1.435)
(0.04820874748 0.9185 -1.25)
(0.04820874748 0.9185 -1.065)
(0.04820874748 0.9185 -0.88)
(0.04820874748 0.9185 -0.695)
(0 1.002 -1.435)
(0 1.002 -1.25)
(0 1.002 -1.065)
(0 1.002 -0.88)
(0 1.002 -0.695)
(0.1446262424 -0.9185 -1.435)
(0.1446262424 -0.9185 -1.25)
(0.1446262424 -0.9185 -1.065)
(0.1446262424 -0.9185 -0.88)
(0.1446262424 -0.9185 -0.695)
(0.2410437374 -0.9185 -1.435)
(0.2410437374 -0.9185 -1.25)
(0.2410437374 -0.9185 -1.065)
(0.2410437374 -0.9185 -0.88)
(0.2410437374 -0.9185 -0.695)
(0.1928349899 -0.835 -1.435)
(0.1928349899 -0.835 -1.25)
(0.1928349899 -0.835 -1.065)
(0.1928349899 -0.835 -0.88)
(0.1928349899 -0.835 -0.695)
(0.1446262424 -0.7515 -1.435)
(0.1446262424 -0.7515 -1.25)
(0.1446262424 -0.7515 -1.065)
(0.1446262424 -0.7515 -0.88)
(0.1446262424 -0.7515 -0.695)
(0.2410437374 -0.7515 -1.435)
(0.2410437374 -0.7515 -1.25)
(0.2410437374 -0.7515 -1.065)
(0.2410437374 -0.7515 -0.88)
(0.2410437374 -0.7515 -0.695)
(0.1928349899 -0.668 -1.435)
(0.1928349899 -0.668 -1.25)
(0.1928349899 -0.668 -1.065)
(0.1928349899 -0.668 -0.88)
(0.1928349899 -0.668 -0.695)
(0.1446262424 -0.5845 -1.435)
(0.1446262424 -0.5845 -1.25)
(0.1446262424 -0.5845 -1.065)
(0.1446262424 -0.5845 -0.88)
(0.1446262424 -0.5845 -0.695)
(0.2410437374 -0.5845 -1.435)
(0.2410437374 -0.5845 -1.25)
(0.2410437374 -0.5845 -1.065)
(0.2410437374 -0.5845 -0.88)
(0.2410437374 -0.5845 -0.695)
(0.1928349899 -0.501 -1.435)
(0.1928349899 -0.501 -1.25)
(0.1928349899 -0.501 -1.065)
(0.1928349899 -0.501 -0.88)
(0.1928349899 -0.501 -0.695)
(0.1446262424 -0.4175 -1.435)
(0.1446262424 -0.4175 -1.25)
(0.1446262424 -0.4175 -1.065)
(0.1446262424 -0.4175 -0.88)
(0.1446262424 -0.4175 -0.695)
(0.2410437374 -0.4175 -1.435)
(0.2410437374 -0.4175 -1.25)
(0.2410437374 -0.4175 -1.065)
(0.2410437374 -0.4175 -0.88)
(0.2410437374 -0.4175 -0.695)
(0.1928349899 -0.334 -1.435)
(0.1928349899 -0.334 -1.25)
(0.1928349899 -0.334 -1.065)
(0.1928349899 -0.334 -0.88)
(0.1928349899 -0.334 -0.695)
(0.1446262424 -0.2505 -1.435)
(0.1446262424 -0.2505 -1.25)
(0.1446262424 -0.2505 -1.065)
(0.1446262424 -0.2505 -0.88)
(0.1446262424 -0.2505 -0.695)
(0.2410437374 -0.2505 -1.435)
(0.2410437374 -0.2505 -1.25)
(0.2410437374 -0.2505 -1.065)
(0.2410437374 -0.2505 -0.88)
(0.2410437374 -0.2505 -0.695)
(0.1446262424 0.2505 -1.435)
(0.1446262424 0.2505 -1.25)
(0.1446262424 0.2505 -1.065)
(0.1446262424 0.2505 -0.88)
(0.1446262424 0.2505 -0.695)
(0.2410437374 0.2505 -1.435)
(0.2410437374 0.2505 -1.25)
(0.2410437374 0.2505 -1.065)
(0.2410437374 0.2505 -0.88)
(0.2410437374 0.2505 -0.695)
(0.1928349899 0.334 -1.435)
(0.1928349899 0.334 -1.25)
(0.1928349899 0.334 -1.065)
(0.1928349899 0.334 -0.88)
(0.1928349899 0.334 -0.695)
(0.1446262424 0.4175 -1.435)
(0.1446262424 0.4175 -1.25)
(0.1446262424 0.4175 -1.065)
(0.1446262424 0.4175 -0.88)
(0.1446262424 0.4175 -0.695)
(0.2410437374 0.4175 -1.435)
(0.2410437374 0.4175 -1.25)
(0.2410437374 0.4175 -1.065)
(0.2410437374 0.4175 -0.88)
(0.2410437374 0.4175 -0.695)
(0.1928349899 0.501 -1.435)
(0.1928349899 0.501 -1.25)
(0.1928349899 0.501 -1.065)
(0.1928349899 0.501 -0.88)
(0.1928349899 0.501 -0.695)
(0.1446262424 0.5845 -1.435)
(0.1446262424 0.5845 -1.25)
(0.1446262424 0.5845 -1.065)
(0.1446262424 0.5845 -0.88)
(0.1446262424 0.5845 -0.695)
(0.2410437374 0.5845 -1.435)
(0.2410437374 0.5845 -1.25)
(0.2410437374 0.5845 -1.065)
(0.2410437374 0.5845 -0.88)
(0.2410437374 0.5845 -0.695)
(0.1928349899 0.668 -1.435)
(0.1928349899 0.668 -1.25)
(0.1928349899 0.668 -1.065)
(0.1928349899 0.668 -0.88)
(0.1928349899 0.668 -0.695)
(0.1446262424 0.7515 -1.435)
(0.1446262424 0.7515 -1.25)
(0.1446262424 0.7515 -1.065)
(0.1446262424 0.7515 -0.88)
(0.1446262424 0.7515 -0.695)
(0.2410437374 0.7515 -1.435)
(0.2410437374 0.7515 -1.25)
(0.2410437374 0.7515 -1.065)
(0.2410437374 0.7515 -0.88)
(0.2410437374 0.7515 -0.695)
(0.1928349899 0.835 -1.435)
(0.1928349899 0.835 -1.25)
(0.1928349899 0.835 -1.065)
(0.1928349899 0.835 -0.88)
(0.1928349899 0.835 -0.695)
(0.1446262424 0.9185 -1.435)
(0.1446262424 0.9185 -1.25)
(0.1446262424 0.9185 -1.065)
(0.1446262424 0.9185 -0.88)
(0.1446262424 0.9185 -0.695)
(0.2410437374 0.9185 -1.435)
(0.2410437374 0.9185 -1.25)
(0.2410437374 0.9185 -1.065)
(0.2410437374 0.9185 -0.88)
(0.2410437374 0.9185 -0.695)
(0.2892524849 -1.002 -1.435)
(0.2892524849 -1.002 -1.25)
(0.2892524849 -1.002 -1.065)
(0.2892524849 -1.002 -0.88)
(0.2892524849 -1.002 -0.695)
(0.3374612323 -0.9185 -1.435)
(0.3374612323 -0.9185 -1.25)
(0.3374612323 -0.9185 -1.065)
(0.3374612323 -0.9185 -0.88)
(0.3374612323 -0.9185 -0.695)
(0.2892524849 -0.835 -1.435)
(0.2892524849 -0.835 -1.25)
(0.2892524849 -0.835 -1.065)
(0.2892524849 -0.835 -0.88)
(0.2892524849 -0.835 -0.695)
(0.3856699798 -0.835 -1.435)
(0.3856699798 -0.835 -1.25)
(0.3856699798 -0.835 -1.065)
(0.3856699798 -0.835 -0.88)
(0.3856699798 -0.835 -0.695)
(0.3374612323 -0.7515 -1.435)
(0.3374612323 -0.7515 -1.25)
(0.3374612323 -0.7515 -1.065)
(0.3374612323 -0.7515 -0.88)
(0.3374612323 -0.7515 -0.695)
(0.2892524849 -0.668 -1.435)
(0.2892524849 -0.668 -1.25)
(0.2892524849 -0.668 -1.065)
(0.2892524849 -0.668 -0.88)
(0.2892524849 -0.668 -0.695)
(0.3856699798 -0.668 -1.435)
(0.3856699798 -0.668 -1.25)
(0.3856699798 -0.668 -1.065)
(0.3856699798 -0.668 -0.88)
(0.3856699798 -0.668 -0.695)
(0.3374612323 -0.5845 -1.435)
(0.3374612323 -0.5845 -1.25)
(0.3374612323 -0.5845 -1.065)
(0.3374612323 -0.5845 -0.88)
(0.3374612323 -0.5845 -0.695)
(0.2892524849 -0.501 -1.435)
(0.2892524849 -0.501 -1.25)
(0.2892524849 -0.501 -1.065)
(0.2892524849 -0.501 -0.88)
(0.2892524849 -0.501 -0.695)
(0.3856699798 -0.501 -1.435)
(0.3856699798 -0.501 -1.25)
(0.3856699798 -0.501 -1.065)
(0.3856699798 -0.501 -0.88)
(0.3856699798 -0.501 -0.695)
(0.3374612323 -0.4175 -1.435)
(0.3374612323 -0.4175 -1.25)
(0.3374612323 -0.4175 -1.065)
(0.3374612323 -0.4175 -0.88)
(0.3374612323 -0.4175 -0.695)
(0.2892524849 -0.334 -1.435)
(0.2892524849 -0.334 -1.25)
(0.2892524849 -0.334 -1.065)
(0.2892524849 -0.334 -0.88)
(0.2892524849 -0.334 -0.695)
(0.3856699798 -0.334 -1.435)
(0.3856699798 -0.334 -1.25)
(0.3856699798 -0.334 -1.065)
(0.3856699798 -0.334 -0.88)
(0.3856699798 -0.334 -0.695)
(0.3374612323 -0.2505 -1.435)
(0.3374612323 -0.2505 -1.25)
(0.3374612323 -0.2505 -1.065)
(0.3374612323 -0.2505 -0.88)
(0.3374612323 -0.2505 -0.695)
(0.2892524849 -0.167 -1.435)
(0.2892524849 -0.167 -1.25)
(0.2892524849 -0.167 -1.065)
(0.2892524849 -0.167 -0.88)
(0.2892524849 -0.167 -0.695)
(0.3856699798 -0.167 -1.435)
(0.3856699798 -0.167 -1.25)
(0.3856699798 -0.167 -1.065)
(0.3856699798 -0.167 -0.88)
(0.3856699798 -0.167 -0.695)
(0.3374612323 -0.0835 -1.435)
(0.3374612323 -0.0835 -1.25)
(0.3374612323 -0.0835 -1.065)
(0.3374612323 -0.0835 -0.88)
(0.3374612323 -0.0835 -0.695)
(0.2892524849 0 -1.435)
(0.2892524849 0 -1.25)
(0.2892524849 0 -1.065)
(0.2892524849 0 -0.88)
(0.2892524849 0 -0.695)
(0.3856699798 0 -1.435)
(0.3856699798 0 -1.25)
(0.3856699798 0 -1.065)
(0.3856699798 0 -0.88)
(0.3856699798 0 -0.695)
(0.3374612323 0.0835 -1.435)
(0.3374612323 0.0835 -1.25)
(0.3374612323 0.0835 -1.065)
(0.3374612323 0.0835 -0.88)
(0.3374612323 0.0835 -0.695)
(0.2892524849 0.167 -1.435)
(0.2892524849 0.167 -1.25)
(0.2892524849 0.167 -1.065)
(0.2892524849 0.167 -0.88)
(0.2892524849 0.167 -0.695)
(0.3856699798 0.167 -1.435)
(0.3856699798 0.167 -1.25)
(0.3856699798 0.167 -1.065)
(0.3856699798 0.167 -0.88)
(0.3856699798 0.167 -0.695)
(0.3374612323 0.2505 -1.435)
(0.3374612323 0.2505 -1.25)
(0.3374612323 0.2505 -1.065)
(0.3374612323 0.2505 -0.88)
(0.3374612323 0.2505 -0.695)
(0.2892524849 0.334 -1.435)
(0.2892524849 0.334 -1.25)
(0.2892524849 0.334 -1.065)
(0.2892524849 0.334 -0.88)
(0.2892524849 0.334 -0.695)
(0.3856699798 0.334 -1.435)
(0.3856699798 0.334 -1.25)
(0.3856699798 0.334 -1.065)
(0.3856699798 0.334 -0.88)
(0.3856699798 0.334 -0.695)
(0.3374612323 0.4175 -1.435)
(0.3374612323 0.4175 -1.25)
(0.3374612323 0.4175 -1.065)
(0.3374612323 0.4175 -0.88)
(0.3374612323 0.4175 -0.695)
(0.2892524849 0.501 -1.435)
(0.2892524849 0.501 -1.25)
(0.2892524849 0.501 -1.065)
(0.2892524849 0.501 -0.88)
(0.2892524849 0.501 -0.695)
(0.3856699798 0.501 -1.435)
(0.3856699798 0.501 -1.25)
(0.3856699798 0.501 -1.065)
(0.3856699798 0.501 -0.88)
(0.3856699798 0.501 -0.695)
(0.3374612323 0.5845 -1.435)
(0.3374612323 0.5845 -1.25)
(0.3374612323 0.5845 -1.065)
(0.3374612323 0.5845 -0.88)
(0.3374612323 0.5845 -0.695)
(0.2892524849 0.668 -1.435)
(0.2892524849 0.668 -1.25)
(0.2892524849 0.668 -1.065)
(0.2892524849 0.668 -0.88)
(0.2892524849 0.668 -0.695)
(0.3856699798 0.668 -1.435)
(0.3856699798 0.668 -1.25)
(0.3856699798 0.668 -1.065)
(0.3856699798 0.668 -0.88)
(0.3856699798 0.668 -0.695)
(0.3374612323 0.7515 -1.435)
(0.3374612323 0.7515 -1.25)
(0.3374612323 0.7515 -1.065)
(0.3374612323 0.7515 -0.88)
(0.3374612323 0.7515 -0.695)
(0.2892524849 0.835 -1.435)
(0.2892524849 0.835 -1.25)
(0.2892524849 0.835 -1.065)
(0.2892524849 0.835 -0.88)
(0.2892524849 0.835 -0.695)
(0.3856699798 0.835 -1.435)
(0.3856699798 0.835 -1.25)
(0.3856699798 0.835 -1.065)
(0.3856699798 0.835 -0.88)
(0.3856699798 0.835 -0.695)
(0.3374612323 0.9185 -1.435)
(0.3374612323 0.9185 -1.25)
(0.3374612323 0.9185 -1.065)
(0.3374612323 0.9185 -0.88)
(0.3374612323 0.9185 -0.695)
(0.2892524849 1.002 -1.435)
(0.2892524849 1.002 -1.25)
(0.2892524849 1.002 -1.065)
(0.2892524849 1.002 -0.88)
(0.2892524849 1.002 -0.695)
(0.4338787273 -0.9185 -1.435)
(0.4338787273 -0.9185 -1.25)
(0.4338787273 -0.9185 -1.065)
(0.4338787273 -0.9185 -0.88)
(0.4338787273 -0.9185 -0.695)
(0.4820874748 -0.835 -1.435)
(0.4820874748 -0.835 -1.25)
(0.4820874748 -0.835 -1.065)
(0.4820874748 -0.835 -0.88)
(0.4820874748 -0.835 -0.695)
(0.4338787273 -0.7515 -1.435)
(0.4338787273 -0.7515 -1.25)
(0.4338787273 -0.7515 -1.065)
(0.4338787273 -0.7515 -0.88)
(0.4338787273 -0.7515 -0.695)
(0.5302962223 -0.7515 -1.435)
(0.5302962223 -0.7515 -1.25)
(0.5302962223 -0.7515 -1.065)
(0.5302962223 -0.7515 -0.88)
(0.5302962223 -0.7515 -0.695)
(0.4820874748 -0.668 -1.435)
(0.4820874748 -0.668 -1.25)
(0.4820874748 -0.668 -1.065)
(0.4820874748 -0.668 -0.88)
(0.4820874748 -0.668 -0.695)
(0.4338787273 -0.5845 -1.435)
(0.4338787273 -0.5845 -1.25)
(0.4338787273 -0.5845 -1.065)
(0.4338787273 -0.5845 -0.88)
(0.4338787273 -0.5845 -0.695)
(0.5302962223 -0.5845 -1.435)
(0.5302962223 -0.5845 -1.25)
(0.5302962223 -0.5845 -1.065)
(0.5302962223 -0.5845 -0.88)
(0.5302962223 -0.5845 -0.695)
(0.4820874748 -0.501 -1.435)
(0.4820874748 -0.501 -1.25)
(0.4820874748 -0.501 -1.065)
(0.4820874748 -0.501 -0.88)
(0.4820874748 -0.501 -0.695)
(0.4338787273 -0.4175 -1.435)
(0.4338787273 -0.4175 -1.25)
(0.4338787273 -0.4175 -1.065)
(0.4338787273 -0.4175 -0.88)
(0.4338787273 -0.4175 -0.695)
(0.5302962223 -0.4175 -1.435)
(0.5302962223 -0.4175 -1.25)
(0.5302962223 -0.4175 -1.065)
(0.5302962223 -0.4175 -0.88)
(0.5302962223 -0.4175 -0.695)
(0.4820874748 -0.334 -1.435)
(0.4820874748 -0.334 -1.25)
(0.4820874748 -0.334 -1.065)
(0.4820874748 -0.334 -0.88)
(0.4820874748 -0.334 -0.695)
(0.4338787273 -0.2505 -1.435)
(0.4338787273 -0.2505 -1.25)
(0.4338787273 -0.2505 -1.065)
(0.4338787273 -0.2505 -0.88)
(0.4338787273 -0.2505 -0.695)
(0.5302962223 -0.2505 -1.435)
(0.5302962223 -0.2505 -1.25)
(0.5302962223 -0.2505 -1.065)
(0.5302962223 -0.2505 -0.88)
(0.5302962223 -0.2505 -0.695)
(0.4820874748 -0.167 -1.435)
(0.4820874748 -0.167 -1.25)
(0.4820874748 -0.167 -1.065)
(0.4820874748 -0.167 -0.88)
(0.4820874748 -0.167 -0.695)
(0.4338787273 -0.0835 -1.435)
(0.4338787273 -0.0835 -1.25)
(0.4338787273 -0.0835 -1.065)
(0.4338787273 -0.0835 -0.88)
(0.4338787273 -0.0835 -0.695)
(0.5302962223 -0.0835 -1.435)
(0.5302962223 -0.0835 -1.25)
(0.5302962223 -0.0835 -1.065)
(0.5302962223 -0.0835 -0.88)
(0.5302962223 -0.0835 -0.695)
(0.4820874748 -1.387778781e-17 -1.435)
(0.4820874748 -1.387778781e-17 -1.25)
(0.4820874748 -1.387778781e-17 -1.065)
(0.4820874748 -1.387778781e-17 -0.88)
(0.4820874748 -1.387778781e-17 -0.695)
(0.4338787273 0.0835 -1.435)
(0.4338787273 0.0835 -1.25)
(0.4338787273 0.0835 -1.065)
(0.4338787273 0.0835 -0.88)
(0.4338787273 0.0835 -0.695)
(0.5302962223 0.0835 -1.435)
(0.5302962223 0.0835 -1.25)
(0.5302962223 0.0835 -1.065)
(0.5302962223 0.0835 -0.88)
(0.5302962223 0.0835 -0.695)
(0.4820874748 0.167 -1.435)
(0.4820874748 0.167 -1.25)
(0.4820874748 0.167 -1.065)
(0.4820874748 0.167 -0.88)
(0.4820874748 0.167 -0.695)
(0.4338787273 0.2505 -1.435)
(0.4338787273 0.2505 -1.25)
(0.4338787273 0.2505 -1.065)
(0.4338787273 0.2505 -0.88)
(0.4338787273 0.2505 -0.695)
(0.5302962223 0.2505 -1.435)
(0.5302962223 0.2505 -1.25)
(0.5302962223 0.2505 -1.065)
(0.5302962223 0.2505 -0.88)
(0.5302962223 0.2505 -0.695)
(0.4820874748 0.334 -1.435)
(0.4820874748 0.334 -1.25)
(0.4820874748 0.334 -1.065)
(0.4820874748 0.334 -0.88)
(0.4820874748 0.334 -0.695)
(0.4338787273 0.4175 -1.435)
(0.4338787273 0.4175 -1.25)
(0.4338787273 0.4175 -1.065)
(0.4338787273 0.4175 -0.88)
(0.4338787273 0.4175 -0.695)
(0.5302962223 0.4175 -1.435)
(0.5302962223 0.4175 -1.25)
(0.5302962223 0.4175 -1.065)
(0.5302962223 0.4175 -0.88)
(0.5302962223 0.4175 -0.695)
(0.4820874748 0.501 -1.435)
(0.4820874748 0.501 -1.25)
(0.4820874748 0.501 -1.065)
(0.4820874748 0.501 -0.88)
(0.4820874748 0.501 -0.695)
(0.4338787273 0.5845 -1.435)
(0.4338787273 0.5845 -1.25)
(0.4338787273 0.5845 -1.065)
(0.4338787273 0.5845 -0.88)
(0.4338787273 0.5845 -0.695)
(0.5302962223 0.5845 -1.435)
(0.5302962223 0.5845 -1.25)
(0.5302962223 0.5845 -1.065)
(0.5302962223 0.5845 -0.88)
(0.5302962223 0.5845 -0.695)
(0.4820874748 0.668 -1.435)
(0.4820874748 0.668 -1.25)
(0.4820874748 0.668 -1.065)
(0.4820874748 0.668 -0.88)
(0.4820874748 0.668 -0.695)
(0.4338787273 0.7515 -1.435)
(0.4338787273 0.7515 -1.25)
(0.4338787273 0.7515 -1.065)
(0.4338787273 0.7515 -0.88)
(0.4338787273 0.7515 -0.695)
(0.5302962223 0.7515 -1.435)
(0.5302962223 0.7515 -1.25)
(0.5302962223 0.7515 -1.065)
(0.5302962223 0.7515 -0.88)
(0.5302962223 0.7515 -0.695)
(0.4820874748 0.835 -1.435)
(0.4820874748 0.835 -1.25)
(0.4820874748 0.835 -1.065)
(0.4820874748 0.835 -0.88)
(0.4820874748 0.835 -0.695)
(0.4338787273 0.9185 -1.435)
(0.4338787273 0.9185 -1.25)
(0.4338787273 0.9185 -1.065)
(0.4338787273 0.9185 -0.88)
(0.4338787273 0.9185 -0.695)
(0.5785049697 -0.835 -1.435)
(0.5785049697 -0.835 -1.25)
(0.5785049697 -0.835 -1.065)
(0.5785049697 -0.835 -0.88)
(0.5785049697 -0.835 -0.695)
(0.6267137172 -0.7515 -1.435)
(0.6267137172 -0.7515 -1.25)
(0.6267137172 -0.7515 -1.065)
(0.6267137172 -0.7515 -0.88)
(0.6267137172 -0.7515 -0.695)
(0.5785049697 -0.668 -1.435)
(0.5785049697 -0.668 -1.25)
(0.5785049697 -0.668 -1.065)
(0.5785049697 -0.668 -0.88)
(0.5785049697 -0.668 -0.695)
(0.6749224647 -0.668 -1.435)
(0.6749224647 -0.668 -1.25)
(0.6749224647 -0.668 -1.065)
(0.6749224647 -0.668 -0.88)
(0.6749224647 -0.668 -0.695)
(0.6267137172 -0.5845 -1.435)
(0.6267137172 -0.5845 -1.25)
(0.6267137172 -0.5845 -1.065)
(0.6267137172 -0.5845 -0.88)
(0.6267137172 -0.5845 -0.695)
(0.5785049697 -0.501 -1.435)
(0.5785049697 -0.501 -1.25)
(0.5785049697 -0.501 -1.065)
(0.5785049697 -0.501 -0.88)
(0.5785049697 -0.501 -0.695)
(0.6749224647 -0.501 -1.435)
(0.6749224647 -0.501 -1.25)
(0.6749224647 -0.501 -1.065)
(0.6749224647 -0.501 -0.88)
(0.6749224647 -0.501 -0.695)
(0.6267137172 -0.4175 -1.435)
(0.6267137172 -0.4175 -1.25)
(0.6267137172 -0.4175 -1.065)
(0.6267137172 -0.4175 -0.88)
(0.6267137172 -0.4175 -0.695)
(0.5785049697 -0.334 -1.435)
(0.5785049697 -0.334 -1.25)
(0.5785049697 -0.334 -1.065)
(0.5785049697 -0.334 -0.88)
(0.5785049697 -0.334 -0.695)
(0.6749224647 -0.334 -1.435)
(0.6749224647 -0.334 -1.25)
(0.6749224647 -0.334 -1.065)
(0.6749224647 -0.334 -0.88)
(0.6749224647 -0.334 -0.695)
(0.6267137172 -0.2505 -1.435)
(0.6267137172 -0.2505 -1.25)
(0.6267137172 -0.2505 -1.065)
(0.6267137172 -0.2505 -0.88)
(0.6267137172 -0.2505 -0.695)
(0.5785049697 -0.167 -1.435)
(0.5785049697 -0.167 -1.25)
(0.5785049697 -0.167 -1.065)
(0.5785049697 -0.167 -0.88)
(0.5785049697 -0.167 -0.695)
(0.6749224647 -0.167 -1.435)
(0.6749224647 -0.167 -1.25)
(0.6749224647 -0.167 -1.065)
(0.6749224647 -0.167 -0.88)
(0.6749224647 -0.167 -0.695)
(0.6267137172 -0.0835 -1.435)
(0.6267137172 -0.0835 -1.25)
(0.6267137172 -0.0835 -1.065)
(0.6267137172 -0.0835 -0.88)
(0.6267137172 -0.0835 -0.695)
(0.5785049697 0 -1.435)
(0.5785049697 0 -1.25)
(0.5785049697 0 -1.065)
(0.5785049697 0 -0.88)
(0.5785049697 0 -0.695)
(0.6749224647 0 -1.435)
(0.6749224647 0 -1.25)
(0.6749224647 0 -1.065)
(0.6749224647 0 -0.88)
(0.6749224647 0 -0.695)
(0.6267137172 0.0835 -1.435)
(0.6267137172 0.0835 -1.25)
(0.6267137172 0.0835 -1.065)
(0.6267137172 0.0835 -0.88)
(0.6267137172 0.0835 -0.695)
(0.5785049697 0.167 -1.435)
(0.5785049697 0.167 -1.25)
(0.5785049697 0.167 -1.065)
(0.5785049697 0.167 -0.88)
(0.5785049697 0.167 -0.695)
(0.6749224647 0.167 -1.435)
(0.6749224647 0.167 -1.25)
(0.6749224647 0.167 -1.065)
(0.6749224647 0.167 -0.88)
(0.6749224647 0.167 -0.695)
(0.6267137172 0.2505 -1.435)
(0.6267137172 0.2505 -1.25)
(0.6267137172 0.2505 -1.065)
(0.6267137172 0.2505 -0.88)
(0.6267137172 0.2505 -0.695)
(0.5785049697 0.334 -1.435)
(0.5785049697 0.334 -1.25)
(0.5785049697 0.334 -1.065)
(0.5785049697 0.334 -0.88)
(0.5785049697 0.334 -0.695)
(0.6749224647 0.334 -1.435)
(0.6749224647 0.334 -1.25)
(0.6749224647 0.334 -1.065)
(0.6749224647 0.334 -0.88)
(0.6749224647 0.334 -0.695)
(0.6267137172 0.4175 -1.435)
(0.6267137172 0.4175 -1.25)
(0.6267137172 0.4175 -1.065)
(0.6267137172 0.4175 -0.88)
(0.6267137172 0.4175 -0.695)
(0.5785049697 0.501 -1.435)
(0.5785049697 0.501 -1.25)
(0.5785049697 0.501 -1.065)
(0.5785049697 0.501 -0.88)
(0.5785049697 0.501 -0.695)
(0.6749224647 0.501 -1.435)
(0.6749224647 0.501 -1.25)
(0.6749224647 0.501 -1.065)
(0.6749224647 0.501 -0.88)
(0.6749224647 0.501 -0.695)
(0.6267137172 0.5845 -1.435)
(0.6267137172 0.5845 -1.25)
(0.6267137172 0.5845 -1.065)
(0.6267137172 0.5845 -0.88)
(0.6267137172 0.5845 -0.695)
(0.5785049697 0.668 -1.435)
(0.5785049697 0.668 -1.25)
(0.5785049697 0.668 -1.065)
(0.5785049697 0.668 -0.88)
(0.5785049697 0.668 -0.695)
(0.6749224647 0.668 -1.435)
(0.6749224647 0.668 -1.25)
(0.6749224647 0.668 -1.065)
(0.6749224647 0.668 -0.88)
(0.6749224647 0.668 -0.695)
(0.6267137172 0.7515 -1.435)
(0.6267137172 0.7515 -1.25)
(0.6267137172 0.7515 -1.065)
(0.6267137172 0.7515 -0.88)
(0.6267137172 0.7515 -0.695)
(0.5785049697 0.835 -1.435)
(0.5785049697 0.835 -1.25)
(0.5785049697 0.835 -1.065)
(0.5785049697 0.835 -0.88)
(0.5785049697 0.835 -0.695)
(0.7231312122 -0.7515 -1.435)
(0.7231312122 -0.7515 -1.25)
(0.7231312122 -0.7515 -1.065)
(0.7231312122 -0.7515 -0.88)
(0.7231312122 -0.7515 -0.695)
(0.7231312122 -0.5845 -1.435)
(0.7231312122 -0.5845 -1.25)
(0.7231312122 -0.5845 -1.065)
(0.7231312122 -0.5845 -0.88)
(0.7231312122 -0.5845 -0.695)
(0.7713399596 -0.501 -1.435)
(0.7713399596 -0.501 -1.25)
(0.7713399596 -0.501 -1.065)
(0.7713399596 -0.501 -0.88)
(0.7713399596 -0.501 -0.695)
(0.7231312122 -0.4175 -1.435)
(0.7231312122 -0.4175 -1.25)
(0.7231312122 -0.4175 -1.065)
(0.7231312122 -0.4175 -0.88)
(0.7231312122 -0.4175 -0.695)
(0.8195487071 -0.4175 -1.435)
(0.8195487071 -0.4175 -1.25)
(0.8195487071 -0.4175 -1.065)
(0.8195487071 -0.4175 -0.88)
(0.8195487071 -0.4175 -0.695)
(0.7713399596 -0.334 -1.435)
(0.7713399596 -0.334 -1.25)
(0.7713399596 -0.334 -1.065)
(0.7713399596 -0.334 -0.88)
(0.7713399596 -0.334 -0.695)
(0.7231312122 -0.2505 -1.435)
(0.7231312122 -0.2505 -1.25)
(0.7231312122 -0.2505 -1.065)
(0.7231312122 -0.2505 -0.88)
(0.7231312122 -0.2505 -0.695)
(0.8195487071 -0.2505 -1.435)
(0.8195487071 -0.2505 -1.25)
(0.8195487071 -0.2505 -1.065)
(0.8195487071 -0.2505 -0.88)
(0.8195487071 -0.2505 -0.695)
(0.7713399596 -0.167 -1.435)
(0.7713399596 -0.167 -1.25)
(0.7713399596 -0.167 -1.065)
(0.7713399596 -0.167 -0.88)
(0.7713399596 -0.167 -0.695)
(0.7231312122 -0.0835 -1.435)
(0.7231312122 -0.0835 -1.25)
(0.7231312122 -0.0835 -1.065)
(0.7231312122 -0.0835 -0.88)
(0.7231312122 -0.0835 -0.695)
(0.8195487071 -0.0835 -1.435)
(0.8195487071 -0.0835 -1.25)
(0.8195487071 -0.0835 -1.065)
(0.8195487071 -0.0835 -0.88)
(0.8195487071 -0.0835 -0.695)
(0.7713399596 4.163336342e-17 -1.435)
(0.7713399596 4.163336342e-17 -1.25)
(0.7713399596 4.163336342e-17 -1.065)
(0.7713399596 4.163336342e-17 -0.88)
(0.7713399596 4.163336342e-17 -0.695)
(0.7231312122 0.0835 -1.435)
(0.7231312122 0.0835 -1.25)
(0.7231312122 0.0835 -1.065)
(0.7231312122 0.0835 -0.88)
(0.7231312122 0.0835 -0.695)
(0.8195487071 0.0835 -1.435)
(0.8195487071 0.0835 -1.25)
(0.8195487071 0.0835 -1.065)
(0.8195487071 0.0835 -0.88)
(0.8195487071 0.0835 -0.695)
(0.7713399596 0.167 -1.435)
(0.7713399596 0.167 -1.25)
(0.7713399596 0.167 -1.065)
(0.7713399596 0.167 -0.88)
(0.7713399596 0.167 -0.695)
(0.7231312122 0.2505 -1.435)
(0.7231312122 0.2505 -1.25)
(0.7231312122 0.2505 -1.065)
(0.7231312122 0.2505 -0.88)
(0.7231312122 0.2505 -0.695)
(0.8195487071 0.2505 -1.435)
(0.8195487071 0.2505 -1.25)
(0.8195487071 0.2505 -1.065)
(0.8195487071 0.2505 -0.88)
(0.8195487071 0.2505 -0.695)
(0.7713399596 0.334 -1.435)
(0.7713399596 0.334 -1.25)
(0.7713399596 0.334 -1.065)
(0.7713399596 0.334 -0.88)
(0.7713399596 0.334 -0.695)
(0.7231312122 0.4175 -1.435)
(0.7231312122 0.4175 -1.25)
(0.7231312122 0.4175 -1.065)
(0.7231312122 0.4175 -0.88)
(0.7231312122 0.4175 -0.695)
(0.8195487071 0.4175 -1.435)
(0.8195487071 0.4175 -1.25)
(0.8195487071 0.4175 -1.065)
(0.8195487071 0.4175 -0.88)
(0.8195487071 0.4175 -0.695)
(0.7713399596 0.501 -1.435)
(0.7713399596 0.501 -1.25)
(0.7713399596 0.501 -1.065)
(0.7713399596 0.501 -0.88)
(0.7713399596 0.501 -0.695)
(0.7231312122 0.5845 -1.435)
(0.7231312122 0.5845 -1.25)
(0.7231312122 0.5845 -1.065)
(0.7231312122 0.5845 -0.88)
(0.7231312122 0.5845 -0.695)
(0.7231312122 0.7515 -1.435)
(0.7231312122 0.7515 -1.25)
(0.7231312122 0.7515 -1.065)
(0.7231312122 0.7515 -0.88)
(0.7231312122 0.7515 -0.695)
(0.8677574546 -0.501 -1.435)
(0.8677574546 -0.501 -1.25)
(0.8677574546 -0.501 -1.065)
(0.8677574546 -0.501 -0.88)
(0.8677574546 -0.501 -0.695)
(0.8677574546 -0.334 -1.435)
(0.8677574546 -0.334 -1.25)
(0.8677574546 -0.334 -1.065)
(0.8677574546 -0.334 -0.88)
(0.8677574546 -0.334 -0.695)
(0.9159662021 -0.2505 -1.435)
(0.9159662021 -0.2505 -1.25)
(0.9159662021 -0.2505 -1.065)
(0.9159662021 -0.2505 -0.88)
(0.9159662021 -0.2505 -0.695)
(0.8677574546 -0.167 -1.435)
(0.8677574546 -0.167 -1.25)
(0.8677574546 -0.167 -1.065)
(0.8677574546 -0.167 -0.88)
(0.8677574546 -0.167 -0.695)
(0.9641749495 -0.167 -1.435)
(0.9641749495 -0.167 -1.25)
(0.9641749495 -0.167 -1.065)
(0.9641749495 -0.167 -0.88)
(0.9641749495 -0.167 -0.695)
(0.9159662021 -0.0835 -1.435)
(0.9159662021 -0.0835 -1.25)
(0.9159662021 -0.0835 -1.065)
(0.9159662021 -0.0835 -0.88)
(0.9159662021 -0.0835 -0.695)
(0.8677574546 0 -1.435)
(0.8677574546 0 -1.25)
(0.8677574546 0 -1.065)
(0.8677574546 0 -0.88)
(0.8677574546 0 -0.695)
(0.9641749495 0 -1.435)
(0.9641749495 0 -1.25)
(0.9641749495 0 -1.065)
(0.9641749495 0 -0.88)
(0.9641749495 0 -0.695)
(0.9159662021 0.0835 -1.435)
(0.9159662021 0.0835 -1.25)
(0.9159662021 0.0835 -1.065)
(0.9159662021 0.0835 -0.88)
(0.9159662021 0.0835 -0.695)
(0.8677574546 0.167 -1.435)
(0.8677574546 0.167 -1.25)
(0.8677574546 0.167 -1.065)
(0.8677574546 0.167 -0.88)
(0.8677574546 0.167 -0.695)
(0.9641749495 0.167 -1.435)
(0.9641749495 0.167 -1.25)
(0.9641749495 0.167 -1.065)
(0.9641749495 0.167 -0.88)
(0.9641749495 0.167 -0.695)
(0.9159662021 0.2505 -1.435)
(0.9159662021 0.2505 -1.25)
(0.9159662021 0.2505 -1.065)
(0.9159662021 0.2505 -0.88)
(0.9159662021 0.2505 -0.695)
(0.8677574546 0.334 -1.435)
(0.8677574546 0.334 -1.25)
(0.8677574546 0.334 -1.065)
(0.8677574546 0.334 -0.88)
(0.8677574546 0.334 -0.695)
(0.8677574546 0.501 -1.435)
(0.8677574546 0.501 -1.25)
(0.8677574546 0.501 -1.065)
(0.8677574546 0.501 -0.88)
(0.8677574546 0.501 -0.695)
(1.012383697 -0.2505 -1.435)
(1.012383697 -0.2505 -1.25)
(1.012383697 -0.2505 -1.065)
(1.012383697 -0.2505 -0.88)
(1.012383697 -0.2505 -0.695)
(1.012383697 -0.0835 -1.435)
(1.012383697 -0.0835 -1.25)
(1.012383697 -0.0835 -1.065)
(1.012383697 -0.0835 -0.88)
(1.012383697 -0.0835 -0.695)
(1.012383697 0.0835 -1.435)
(1.012383697 0.0835 -1.25)
(1.012383697 0.0835 -1.065)
(1.012383697 0.0835 -0.88)
(1.012383697 0.0835 -0.695)
(1.012383697 0.2505 -1.435)
(1.012383697 0.2505 -1.25)
(1.012383697 0.2505 -1.065)
(1.012383697 0.2505 -0.88)
(1.012383697 0.2505 -0.695)
(-1.349844929 -0.501 -2.045)
(-1.253427434 -0.501 -2.045)
(-1.301636182 -0.4175 -2.045)
(-1.349844929 -0.501 -1.923)
(-1.253427434 -0.501 -1.923)
(-1.301636182 -0.4175 -1.923)
(-1.349844929 -0.501 -1.801)
(-1.253427434 -0.501 -1.801)
(-1.301636182 -0.4175 -1.801)
(-1.349844929 -0.501 -1.679)
(-1.253427434 -0.501 -1.679)
(-1.301636182 -0.4175 -1.679)
(-1.349844929 -0.501 -1.557)
(-1.253427434 -0.501 -1.557)
(-1.301636182 -0.4175 -1.557)
(-1.205218687 -0.4175 -2.045)
(-1.205218687 -0.4175 -1.923)
(-1.205218687 -0.4175 -1.801)
(-1.205218687 -0.4175 -1.679)
(-1.205218687 -0.4175 -1.557)
(-1.398053677 -0.4175 -2.045)
(-1.398053677 -0.4175 -1.923)
(-1.398053677 -0.4175 -1.801)
(-1.398053677 -0.4175 -1.679)
(-1.398053677 -0.4175 -1.557)
(-1.349844929 -0.334 -2.045)
(-1.253427434 -0.334 -2.045)
(-1.349844929 -0.334 -1.923)
(-1.253427434 -0.334 -1.923)
(-1.349844929 -0.334 -1.801)
(-1.253427434 -0.334 -1.801)
(-1.349844929 -0.334 -1.679)
(-1.253427434 -0.334 -1.679)
(-1.349844929 -0.334 -1.557)
(-1.253427434 -0.334 -1.557)
(-1.301636182 -0.2505 -2.045)
(-1.301636182 -0.2505 -1.923)
(-1.301636182 -0.2505 -1.801)
(-1.301636182 -0.2505 -1.679)
(-1.301636182 -0.2505 -1.557)
(-1.205218687 -0.2505 -2.045)
(-1.205218687 -0.2505 -1.923)
(-1.205218687 -0.2505 -1.801)
(-1.205218687 -0.2505 -1.679)
(-1.205218687 -0.2505 -1.557)
(-1.398053677 -0.2505 -2.045)
(-1.398053677 -0.2505 -1.923)
(-1.398053677 -0.2505 -1.801)
(-1.398053677 -0.2505 -1.679)
(-1.398053677 -0.2505 -1.557)
(-1.349844929 -0.167 -2.045)
(-1.253427434 -0.167 -2.045)
(-1.349844929 -0.167 -1.923)
(-1.253427434 -0.167 -1.923)
(-1.349844929 -0.167 -1.801)
(-1.253427434 -0.167 -1.801)
(-1.349844929 -0.167 -1.679)
(-1.253427434 -0.167 -1.679)
(-1.349844929 -0.167 -1.557)
(-1.253427434 -0.167 -1.557)
(-1.301636182 -0.0835 -2.045)
(-1.301636182 -0.0835 -1.923)
(-1.301636182 -0.0835 -1.801)
(-1.301636182 -0.0835 -1.679)
(-1.301636182 -0.0835 -1.557)
(-1.205218687 -0.0835 -2.045)
(-1.205218687 -0.0835 -1.923)
(-1.205218687 -0.0835 -1.801)
(-1.205218687 -0.0835 -1.679)
(-1.205218687 -0.0835 -1.557)
(-1.398053677 -0.0835 -2.045)
(-1.398053677 -0.0835 -1.923)
(-1.398053677 -0.0835 -1.801)
(-1.398053677 -0.0835 -1.679)
(-1.398053677 -0.0835 -1.557)
(-1.349844929 -1.387778781e-17 -2.045)
(-1.253427434 -1.387778781e-17 -2.045)
(-1.349844929 -1.387778781e-17 -1.923)
(-1.253427434 -1.387778781e-17 -1.923)
(-1.349844929 -1.387778781e-17 -1.801)
(-1.253427434 -1.387778781e-17 -1.801)
(-1.349844929 -1.387778781e-17 -1.679)
(-1.253427434 -1.387778781e-17 -1.679)
(-1.349844929 -1.387778781e-17 -1.557)
(-1.253427434 -1.387778781e-17 -1.557)
(-1.301636182 0.0835 -2.045)
(-1.301636182 0.0835 -1.923)
(-1.301636182 0.0835 -1.801)
(-1.301636182 0.0835 -1.679)
(-1.301636182 0.0835 -1.557)
(-1.205218687 0.0835 -2.045)
(-1.205218687 0.0835 -1.923)
(-1.205218687 0.0835 -1.801)
(-1.205218687 0.0835 -1.679)
(-1.205218687 0.0835 -1.557)
(-1.398053677 0.0835 -2.045)
(-1.398053677 0.0835 -1.923)
(-1.398053677 0.0835 -1.801)
(-1.398053677 0.0835 -1.679)
(-1.398053677 0.0835 -1.557)
(-1.349844929 0.167 -2.045)
(-1.253427434 0.167 -2.045)
(-1.349844929 0.167 -1.923)
(-1.253427434 0.167 -1.923)
(-1.349844929 0.167 -1.801)
(-1.253427434 0.167 -1.801)
(-1.349844929 0.167 -1.679)
(-1.253427434 0.167 -1.679)
(-1.349844929 0.167 -1.557)
(-1.253427434 0.167 -1.557)
(-1.301636182 0.2505 -2.045)
(-1.301636182 0.2505 -1.923)
(-1.301636182 0.2505 -1.801)
(-1.301636182 0.2505 -1.679)
(-1.301636182 0.2505 -1.557)
(-1.205218687 0.2505 -2.045)
(-1.205218687 0.2505 -1.923)
(-1.205218687 0.2505 -1.801)
(-1.205218687 0.2505 -1.679)
(-1.205218687 0.2505 -1.557)
(-1.398053677 0.2505 -2.045)
(-1.398053677 0.2505 -1.923)
(-1.398053677 0.2505 -1.801)
(-1.398053677 0.2505 -1.679)
(-1.398053677 0.2505 -1.557)
(-1.349844929 0.334 -2.045)
(-1.253427434 0.334 -2.045)
(-1.349844929 0.334 -1.923)
(-1.253427434 0.334 -1.923)
(-1.349844929 0.334 -1.801)
(-1.253427434 0.334 -1.801)
(-1.349844929 0.334 -1.679)
(-1.253427434 0.334 -1.679)
(-1.349844929 0.334 -1.557)
(-1.253427434 0.334 -1.557)
(-1.301636182 0.4175 -2.045)
(-1.301636182 0.4175 -1.923)
(-1.301636182 0.4175 -1.801)
(-1.301636182 0.4175 -1.679)
(-1.301636182 0.4175 -1.557)
(-1.205218687 0.4175 -2.045)
(-1.205218687 0.4175 -1.923)
(-1.205218687 0.4175 -1.801)
(-1.205218687 0.4175 -1.679)
(-1.205218687 0.4175 -1.557)
(-1.398053677 0.4175 -2.045)
(-1.398053677 0.4175 -1.923)
(-1.398053677 0.4175 -1.801)
(-1.398053677 0.4175 -1.679)
(-1.398053677 0.4175 -1.557)
(-1.349844929 0.501 -2.045)
(-1.253427434 0.501 -2.045)
(-1.349844929 0.501 -1.923)
(-1.253427434 0.501 -1.923)
(-1.349844929 0.501 -1.801)
(-1.253427434 0.501 -1.801)
(-1.349844929 0.501 -1.679)
(-1.253427434 0.501 -1.679)
(-1.349844929 0.501 -1.557)
(-1.253427434 0.501 -1.557)
(-1.205218687 -0.7515 -2.045)
(-1.108801192 -0.7515 -2.045)
(-1.157009939 -0.668 -2.045)
(-1.205218687 -0.7515 -1.923)
(-1.108801192 -0.7515 -1.923)
(-1.157009939 -0.668 -1.923)
(-1.205218687 -0.7515 -1.801)
(-1.108801192 -0.7515 -1.801)
(-1.157009939 -0.668 -1.801)
(-1.205218687 -0.7515 -1.679)
(-1.108801192 -0.7515 -1.679)
(-1.157009939 -0.668 -1.679)
(-1.205218687 -0.7515 -1.557)
(-1.108801192 -0.7515 -1.557)
(-1.157009939 -0.668 -1.557)
(-1.060592445 -0.668 -2.045)
(-1.060592445 -0.668 -1.923)
(-1.060592445 -0.668 -1.801)
(-1.060592445 -0.668 -1.679)
(-1.060592445 -0.668 -1.557)
(-1.253427434 -0.668 -2.045)
(-1.253427434 -0.668 -1.923)
(-1.253427434 -0.668 -1.801)
(-1.253427434 -0.668 -1.679)
(-1.253427434 -0.668 -1.557)
(-1.205218687 -0.5845 -2.045)
(-1.108801192 -0.5845 -2.045)
(-1.205218687 -0.5845 -1.923)
(-1.108801192 -0.5845 -1.923)
(-1.205218687 -0.5845 -1.801)
(-1.108801192 -0.5845 -1.801)
(-1.205218687 -0.5845 -1.679)
(-1.108801192 -0.5845 -1.679)
(-1.205218687 -0.5845 -1.557)
(-1.108801192 -0.5845 -1.557)
(-1.157009939 -0.501 -2.045)
(-1.157009939 -0.501 -1.923)
(-1.157009939 -0.501 -1.801)
(-1.157009939 -0.501 -1.679)
(-1.157009939 -0.501 -1.557)
(-1.060592445 -0.501 -2.045)
(-1.060592445 -0.501 -1.923)
(-1.060592445 -0.501 -1.801)
(-1.060592445 -0.501 -1.679)
(-1.060592445 -0.501 -1.557)
(-1.108801192 -0.4175 -2.045)
(-1.108801192 -0.4175 -1.923)
(-1.108801192 -0.4175 -1.801)
(-1.108801192 -0.4175 -1.679)
(-1.108801192 -0.4175 -1.557)
(-1.157009939 -0.334 -2.045)
(-1.157009939 -0.334 -1.923)
(-1.157009939 -0.334 -1.801)
(-1.157009939 -0.334 -1.679)
(-1.157009939 -0.334 -1.557)
(-1.060592445 -0.334 -2.045)
(-1.060592445 -0.334 -1.923)
(-1.060592445 -0.334 -1.801)
(-1.060592445 -0.334 -1.679)
(-1.060592445 -0.334 -1.557)
(-1.108801192 -0.2505 -2.045)
(-1.108801192 -0.2505 -1.923)
(-1.108801192 -0.2505 -1.801)
(-1.108801192 -0.2505 -1.679)
(-1.108801192 -0.2505 -1.557)
(-1.157009939 -0.167 -2.045)
(-1.157009939 -0.167 -1.923)
(-1.157009939 -0.167 -1.801)
(-1.157009939 -0.167 -1.679)
(-1.157009939 -0.167 -1.557)
(-1.060592445 -0.167 -2.045)
(-1.060592445 -0.167 -1.923)
(-1.060592445 -0.167 -1.801)
(-1.060592445 -0.167 -1.679)
(-1.060592445 -0.167 -1.557)
(-1.108801192 -0.0835 -2.045)
(-1.108801192 -0.0835 -1.923)
(-1.108801192 -0.0835 -1.801)
(-1.108801192 -0.0835 -1.679)
(-1.108801192 -0.0835 -1.557)
(-1.157009939 0 -2.045)
(-1.157009939 0 -1.923)
(-1.157009939 0 -1.801)
(-1.157009939 0 -1.679)
(-1.157009939 0 -1.557)
(-1.060592445 0 -2.045)
(-1.060592445 0 -1.923)
(-1.060592445 0 -1.801)
(-1.060592445 0 -1.679)
(-1.060592445 0 -1.557)
(-1.108801192 0.0835 -2.045)
(-1.108801192 0.0835 -1.923)
(-1.108801192 0.0835 -1.801)
(-1.108801192 0.0835 -1.679)
(-1.108801192 0.0835 -1.557)
(-1.157009939 0.167 -2.045)
(-1.157009939 0.167 -1.923)
(-1.157009939 0.167 -1.801)
(-1.157009939 0.167 -1.679)
(-1.157009939 0.167 -1.557)
(-1.060592445 0.167 -2.045)
(-1.060592445 0.167 -1.923)
(-1.060592445 0.167 -1.801)
(-1.060592445 0.167 -1.679)
(-1.060592445 0.167 -1.557)
(-1.108801192 0.2505 -2.045)
(-1.108801192 0.2505 -1.923)
(-1.108801192 0.2505 -1.801)
(-1.108801192 0.2505 -1.679)
(-1.108801192 0.2505 -1.557)
(-1.157009939 0.334 -2.045)
(-1.157009939 0.334 -1.923)
(-1.157009939 0.334 -1.801)
(-1.157009939 0.334 -1.679)
(-1.157009939 0.334 -1.557)
(-1.060592445 0.334 -2.045)
(-1.060592445 0.334 -1.923)
(-1.060592445 0.334 -1.801)
(-1.060592445 0.334 -1.679)
(-1.060592445 0.334 -1.557)
(-1.108801192 0.4175 -2.045)
(-1.108801192 0.4175 -1.923)
(-1.108801192 0.4175 -1.801)
(-1.108801192 0.4175 -1.679)
(-1.108801192 0.4175 -1.557)
(-1.157009939 0.501 -2.045)
(-1.157009939 0.501 -1.923)
(-1.157009939 0.501 -1.801)
(-1.157009939 0.501 -1.679)
(-1.157009939 0.501 -1.557)
(-1.060592445 0.501 -2.045)
(-1.060592445 0.501 -1.923)
(-1.060592445 0.501 -1.801)
(-1.060592445 0.501 -1.679)
(-1.060592445 0.501 -1.557)
(-1.205218687 0.5845 -2.045)
(-1.108801192 0.5845 -2.045)
(-1.205218687 0.5845 -1.923)
(-1.108801192 0.5845 -1.923)
(-1.205218687 0.5845 -1.801)
(-1.108801192 0.5845 -1.801)
(-1.205218687 0.5845 -1.679)
(-1.108801192 0.5845 -1.679)
(-1.205218687 0.5845 -1.557)
(-1.108801192 0.5845 -1.557)
(-1.157009939 0.668 -2.045)
(-1.157009939 0.668 -1.923)
(-1.157009939 0.668 -1.801)
(-1.157009939 0.668 -1.679)
(-1.157009939 0.668 -1.557)
(-1.060592445 0.668 -2.045)
(-1.060592445 0.668 -1.923)
(-1.060592445 0.668 -1.801)
(-1.060592445 0.668 -1.679)
(-1.060592445 0.668 -1.557)
(-1.253427434 0.668 -2.045)
(-1.253427434 0.668 -1.923)
(-1.253427434 0.668 -1.801)
(-1.253427434 0.668 -1.679)
(-1.253427434 0.668 -1.557)
(-1.205218687 0.7515 -2.045)
(-1.108801192 0.7515 -2.045)
(-1.205218687 0.7515 -1.923)
(-1.108801192 0.7515 -1.923)
(-1.205218687 0.7515 -1.801)
(-1.108801192 0.7515 -1.801)
(-1.205218687 0.7515 -1.679)
(-1.108801192 0.7515 -1.679)
(-1.205218687 0.7515 -1.557)
(-1.108801192 0.7515 -1.557)
(-1.060592445 -1.002 -2.045)
(-0.9641749495 -1.002 -2.045)
(-1.012383697 -0.9185 -2.045)
(-1.060592445 -1.002 -1.923)
(-0.9641749495 -1.002 -1.923)
(-1.012383697 -0.9185 -1.923)
(-1.060592445 -1.002 -1.801)
(-0.9641749495 -1.002 -1.801)
(-1.012383697 -0.9185 -1.801)
(-1.060592445 -1.002 -1.679)
(-0.9641749495 -1.002 -1.679)
(-1.012383697 -0.9185 -1.679)
(-1.060592445 -1.002 -1.557)
(-0.9641749495 -1.002 -1.557)
(-1.012383697 -0.9185 -1.557)
(-0.9159662021 -0.9185 -2.045)
(-0.9159662021 -0.9185 -1.923)
(-0.9159662021 -0.9185 -1.801)
(-0.9159662021 -0.9185 -1.679)
(-0.9159662021 -0.9185 -1.557)
(-1.108801192 -0.9185 -2.045)
(-1.108801192 -0.9185 -1.923)
(-1.108801192 -0.9185 -1.801)
(-1.108801192 -0.9185 -1.679)
(-1.108801192 -0.9185 -1.557)
(-1.060592445 -0.835 -2.045)
(-0.9641749495 -0.835 -2.045)
(-1.060592445 -0.835 -1.923)
(-0.9641749495 -0.835 -1.923)
(-1.060592445 -0.835 -1.801)
(-0.9641749495 -0.835 -1.801)
(-1.060592445 -0.835 -1.679)
(-0.9641749495 -0.835 -1.679)
(-1.060592445 -0.835 -1.557)
(-0.9641749495 -0.835 -1.557)
(-1.012383697 -0.7515 -2.045)
(-1.012383697 -0.7515 -1.923)
(-1.012383697 -0.7515 -1.801)
(-1.012383697 -0.7515 -1.679)
(-1.012383697 -0.7515 -1.557)
(-0.9159662021 -0.7515 -2.045)
(-0.9159662021 -0.7515 -1.923)
(-0.9159662021 -0.7515 -1.801)
(-0.9159662021 -0.7515 -1.679)
(-0.9159662021 -0.7515 -1.557)
(-0.9641749495 -0.668 -2.045)
(-0.9641749495 -0.668 -1.923)
(-0.9641749495 -0.668 -1.801)
(-0.9641749495 -0.668 -1.679)
(-0.9641749495 -0.668 -1.557)
(-1.012383697 -0.5845 -2.045)
(-1.012383697 -0.5845 -1.923)
(-1.012383697 -0.5845 -1.801)
(-1.012383697 -0.5845 -1.679)
(-1.012383697 -0.5845 -1.557)
(-0.9159662021 -0.5845 -2.045)
(-0.9159662021 -0.5845 -1.923)
(-0.9159662021 -0.5845 -1.801)
(-0.9159662021 -0.5845 -1.679)
(-0.9159662021 -0.5845 -1.557)
(-0.9641749495 -0.501 -2.045)
(-0.9641749495 -0.501 -1.923)
(-0.9641749495 -0.501 -1.801)
(-0.9641749495 -0.501 -1.679)
(-0.9641749495 -0.501 -1.557)
(-1.012383697 -0.4175 -2.045)
(-1.012383697 -0.4175 -1.923)
(-1.012383697 -0.4175 -1.801)
(-1.012383697 -0.4175 -1.679)
(-1.012383697 -0.4175 -1.557)
(-0.9159662021 -0.4175 -2.045)
(-0.9159662021 -0.4175 -1.923)
(-0.9159662021 -0.4175 -1.801)
(-0.9159662021 -0.4175 -1.679)
(-0.9159662021 -0.4175 -1.557)
(-0.9641749495 -0.334 -2.045)
(-0.9641749495 -0.334 -1.923)
(-0.9641749495 -0.334 -1.801)
(-0.9641749495 -0.334 -1.679)
(-0.9641749495 -0.334 -1.557)
(-1.012383697 -0.2505 -2.045)
(-1.012383697 -0.2505 -1.923)
(-1.012383697 -0.2505 -1.801)
(-1.012383697 -0.2505 -1.679)
(-1.012383697 -0.2505 -1.557)
(-0.9159662021 -0.2505 -2.045)
(-0.9159662021 -0.2505 -1.923)
(-0.9159662021 -0.2505 -1.801)
(-0.9159662021 -0.2505 -1.679)
(-0.9159662021 -0.2505 -1.557)
(-0.9641749495 -0.167 -2.045)
(-0.9641749495 -0.167 -1.923)
(-0.9641749495 -0.167 -1.801)
(-0.9641749495 -0.167 -1.679)
(-0.9641749495 -0.167 -1.557)
(-1.012383697 -0.0835 -2.045)
(-1.012383697 -0.0835 -1.923)
(-1.012383697 -0.0835 -1.801)
(-1.012383697 -0.0835 -1.679)
(-1.012383697 -0.0835 -1.557)
(-0.9159662021 -0.0835 -2.045)
(-0.9159662021 -0.0835 -1.923)
(-0.9159662021 -0.0835 -1.801)
(-0.9159662021 -0.0835 -1.679)
(-0.9159662021 -0.0835 -1.557)
(-0.9641749495 -1.387778781e-17 -2.045)
(-0.9641749495 -1.387778781e-17 -1.923)
(-0.9641749495 -1.387778781e-17 -1.801)
(-0.9641749495 -1.387778781e-17 -1.679)
(-0.9641749495 -1.387778781e-17 -1.557)
(-1.012383697 0.0835 -2.045)
(-1.012383697 0.0835 -1.923)
(-1.012383697 0.0835 -1.801)
(-1.012383697 0.0835 -1.679)
(-1.012383697 0.0835 -1.557)
(-0.9159662021 0.0835 -2.045)
(-0.9159662021 0.0835 -1.923)
(-0.9159662021 0.0835 -1.801)
(-0.9159662021 0.0835 -1.679)
(-0.9159662021 0.0835 -1.557)
(-0.9641749495 0.167 -2.045)
(-0.9641749495 0.167 -1.923)
(-0.9641749495 0.167 -1.801)
(-0.9641749495 0.167 -1.679)
(-0.9641749495 0.167 -1.557)
(-1.012383697 0.2505 -2.045)
(-1.012383697 0.2505 -1.923)
(-1.012383697 0.2505 -1.801)
(-1.012383697 0.2505 -1.679)
(-1.012383697 0.2505 -1.557)
(-0.9159662021 0.2505 -2.045)
(-0.9159662021 0.2505 -1.923)
(-0.9159662021 0.2505 -1.801)
(-0.9159662021 0.2505 -1.679)
(-0.9159662021 0.2505 -1.557)
(-0.9641749495 0.334 -2.045)
(-0.9641749495 0.334 -1.923)
(-0.9641749495 0.334 -1.801)
(-0.9641749495 0.334 -1.679)
(-0.9641749495 0.334 -1.557)
(-1.012383697 0.4175 -2.045)
(-1.012383697 0.4175 -1.923)
(-1.012383697 0.4175 -1.801)
(-1.012383697 0.4175 -1.679)
(-1.012383697 0.4175 -1.557)
(-0.9159662021 0.4175 -2.045)
(-0.9159662021 0.4175 -1.923)
(-0.9159662021 0.4175 -1.801)
(-0.9159662021 0.4175 -1.679)
(-0.9159662021 0.4175 -1.557)
(-0.9641749495 0.501 -2.045)
(-0.9641749495 0.501 -1.923)
(-0.9641749495 0.501 -1.801)
(-0.9641749495 0.501 -1.679)
(-0.9641749495 0.501 -1.557)
(-1.012383697 0.5845 -2.045)
(-1.012383697 0.5845 -1.923)
(-1.012383697 0.5845 -1.801)
(-1.012383697 0.5845 -1.679)
(-1.012383697 0.5845 -1.557)
(-0.9159662021 0.5845 -2.045)
(-0.9159662021 0.5845 -1.923)
(-0.9159662021 0.5845 -1.801)
(-0.9159662021 0.5845 -1.679)
(-0.9159662021 0.5845 -1.557)
(-0.9641749495 0.668 -2.045)
(-0.9641749495 0.668 -1.923)
(-0.9641749495 0.668 -1.801)
(-0.9641749495 0.668 -1.679)
(-0.9641749495 0.668 -1.557)
(-1.012383697 0.7515 -2.045)
(-1.012383697 0.7515 -1.923)
(-1.012383697 0.7515 -1.801)
(-1.012383697 0.7515 -1.679)
(-1.012383697 0.7515 -1.557)
(-0.9159662021 0.7515 -2.045)
(-0.9159662021 0.7515 -1.923)
(-0.9159662021 0.7515 -1.801)
(-0.9159662021 0.7515 -1.679)
(-0.9159662021 0.7515 -1.557)
(-1.060592445 0.835 -2.045)
(-0.9641749495 0.835 -2.045)
(-1.060592445 0.835 -1.923)
(-0.9641749495 0.835 -1.923)
(-1.060592445 0.835 -1.801)
(-0.9641749495 0.835 -1.801)
(-1.060592445 0.835 -1.679)
(-0.9641749495 0.835 -1.679)
(-1.060592445 0.835 -1.557)
(-0.9641749495 0.835 -1.557)
(-1.012383697 0.9185 -2.045)
(-1.012383697 0.9185 -1.923)
(-1.012383697 0.9185 -1.801)
(-1.012383697 0.9185 -1.679)
(-1.012383697 0.9185 -1.557)
(-0.9159662021 0.9185 -2.045)
(-0.9159662021 0.9185 -1.923)
(-0.9159662021 0.9185 -1.801)
(-0.9159662021 0.9185 -1.679)
(-0.9159662021 0.9185 -1.557)
(-1.108801192 0.9185 -2.045)
(-1.108801192 0.9185 -1.923)
(-1.108801192 0.9185 -1.801)
(-1.108801192 0.9185 -1.679)
(-1.108801192 0.9185 -1.557)
(-1.060592445 1.002 -2.045)
(-0.9641749495 1.002 -2.045)
(-1.060592445 1.002 -1.923)
(-0.9641749495 1.002 -1.923)
(-1.060592445 1.002 -1.801)
(-0.9641749495 1.002 -1.801)
(-1.060592445 1.002 -1.679)
(-0.9641749495 1.002 -1.679)
(-1.060592445 1.002 -1.557)
(-0.9641749495 1.002 -1.557)
(-0.9159662021 -1.0855 -2.045)
(-0.8195487071 -1.0855 -2.045)
(-0.8677574546 -1.002 -2.045)
(-0.9159662021 -1.0855 -1.923)
(-0.8195487071 -1.0855 -1.923)
(-0.8677574546 -1.002 -1.923)
(-0.9159662021 -1.0855 -1.801)
(-0.8195487071 -1.0855 -1.801)
(-0.8677574546 -1.002 -1.801)
(-0.9159662021 -1.0855 -1.679)
(-0.8195487071 -1.0855 -1.679)
(-0.8677574546 -1.002 -1.679)
(-0.9159662021 -1.0855 -1.557)
(-0.8195487071 -1.0855 -1.557)
(-0.8677574546 -1.002 -1.557)
(-0.7713399596 -1.002 -2.045)
(-0.7713399596 -1.002 -1.923)
(-0.7713399596 -1.002 -1.801)
(-0.7713399596 -1.002 -1.679)
(-0.7713399596 -1.002 -1.557)
(-0.8195487071 -0.9185 -2.045)
(-0.8195487071 -0.9185 -1.923)
(-0.8195487071 -0.9185 -1.801)
(-0.8195487071 -0.9185 -1.679)
(-0.8195487071 -0.9185 -1.557)
(-0.8677574546 -0.835 -2.045)
(-0.8677574546 -0.835 -1.923)
(-0.8677574546 -0.835 -1.801)
(-0.8677574546 -0.835 -1.679)
(-0.8677574546 -0.835 -1.557)
(-0.7713399596 -0.835 -2.045)
(-0.7713399596 -0.835 -1.923)
(-0.7713399596 -0.835 -1.801)
(-0.7713399596 -0.835 -1.679)
(-0.7713399596 -0.835 -1.557)
(-0.8195487071 -0.7515 -2.045)
(-0.8195487071 -0.7515 -1.923)
(-0.8195487071 -0.7515 -1.801)
(-0.8195487071 -0.7515 -1.679)
(-0.8195487071 -0.7515 -1.557)
(-0.8677574546 -0.668 -2.045)
(-0.8677574546 -0.668 -1.923)
(-0.8677574546 -0.668 -1.801)
(-0.8677574546 -0.668 -1.679)
(-0.8677574546 -0.668 -1.557)
(-0.7713399596 -0.668 -2.045)
(-0.7713399596 -0.668 -1.923)
(-0.7713399596 -0.668 -1.801)
(-0.7713399596 -0.668 -1.679)
(-0.7713399596 -0.668 -1.557)
(-0.8195487071 -0.5845 -2.045)
(-0.8195487071 -0.5845 -1.923)
(-0.8195487071 -0.5845 -1.801)
(-0.8195487071 -0.5845 -1.679)
(-0.8195487071 -0.5845 -1.557)
(-0.8677574546 -0.501 -2.045)
(-0.8677574546 -0.501 -1.923)
(-0.8677574546 -0.501 -1.801)
(-0.8677574546 -0.501 -1.679)
(-0.8677574546 -0.501 -1.557)
(-0.7713399596 -0.501 -2.045)
(-0.7713399596 -0.501 -1.923)
(-0.7713399596 -0.501 -1.801)
(-0.7713399596 -0.501 -1.679)
(-0.7713399596 -0.501 -1.557)
(-0.8195487071 -0.4175 -2.045)
(-0.8195487071 -0.4175 -1.923)
(-0.8195487071 -0.4175 -1.801)
(-0.8195487071 -0.4175 -1.679)
(-0.8195487071 -0.4175 -1.557)
(-0.8677574546 -0.334 -2.045)
(-0.8677574546 -0.334 -1.923)
(-0.8677574546 -0.334 -1.801)
(-0.8677574546 -0.334 -1.679)
(-0.8677574546 -0.334 -1.557)
(-0.7713399596 -0.334 -2.045)
(-0.7713399596 -0.334 -1.923)
(-0.7713399596 -0.334 -1.801)
(-0.7713399596 -0.334 -1.679)
(-0.7713399596 -0.334 -1.557)
(-0.8195487071 -0.2505 -2.045)
(-0.8195487071 -0.2505 -1.923)
(-0.8195487071 -0.2505 -1.801)
(-0.8195487071 -0.2505 -1.679)
(-0.8195487071 -0.2505 -1.557)
(-0.8677574546 -0.167 -2.045)
(-0.8677574546 -0.167 -1.923)
(-0.8677574546 -0.167 -1.801)
(-0.8677574546 -0.167 -1.679)
(-0.8677574546 -0.167 -1.557)
(-0.7713399596 -0.167 -2.045)
(-0.7713399596 -0.167 -1.923)
(-0.7713399596 -0.167 -1.801)
(-0.7713399596 -0.167 -1.679)
(-0.7713399596 -0.167 -1.557)
(-0.8195487071 -0.0835 -2.045)
(-0.8195487071 -0.0835 -1.923)
(-0.8195487071 -0.0835 -1.801)
(-0.8195487071 -0.0835 -1.679)
(-0.8195487071 -0.0835 -1.557)
(-0.8677574546 0 -2.045)
(-0.8677574546 0 -1.923)
(-0.8677574546 0 -1.801)
(-0.8677574546 0 -1.679)
(-0.8677574546 0 -1.557)
(-0.7713399596 0 -2.045)
(-0.7713399596 0 -1.923)
(-0.7713399596 0 -1.801)
(-0.7713399596 0 -1.679)
(-0.7713399596 0 -1.557)
(-0.8195487071 0.0835 -2.045)
(-0.8195487071 0.0835 -1.923)
(-0.8195487071 0.0835 -1.801)
(-0.8195487071 0.0835 -1.679)
(-0.8195487071 0.0835 -1.557)
(-0.8677574546 0.167 -2.045)
(-0.8677574546 0.167 -1.923)
(-0.8677574546 0.167 -1.801)
(-0.8677574546 0.167 -1.679)
(-0.8677574546 0.167 -1.557)
(-0.7713399596 0.167 -2.045)
(-0.7713399596 0.167 -1.923)
(-0.7713399596 0.167 -1.801)
(-0.7713399596 0.167 -1.679)
(-0.7713399596 0.167 -1.557)
(-0.8195487071 0.2505 -2.045)
(-0.8195487071 0.2505 -1.923)
(-0.8195487071 0.2505 -1.801)
(-0.8195487071 0.2505 -1.679)
(-0.8195487071 0.2505 -1.557)
(-0.8677574546 0.334 -2.045)
(-0.8677574546 0.334 -1.923)
(-0.8677574546 0.334 -1.801)
(-0.8677574546 0.334 -1.679)
(-0.8677574546 0.334 -1.557)
(-0.7713399596 0.334 -2.045)
(-0.7713399596 0.334 -1.923)
(-0.7713399596 0.334 -1.801)
(-0.7713399596 0.334 -1.679)
(-0.7713399596 0.334 -1.557)
(-0.8195487071 0.4175 -2.045)
(-0.8195487071 0.4175 -1.923)
(-0.8195487071 0.4175 -1.801)
(-0.8195487071 0.4175 -1.679)
(-0.8195487071 0.4175 -1.557)
(-0.8677574546 0.501 -2.045)
(-0.8677574546 0.501 -1.923)
(-0.8677574546 0.501 -1.801)
(-0.8677574546 0.501 -1.679)
(-0.8677574546 0.501 -1.557)
(-0.7713399596 0.501 -2.045)
(-0.7713399596 0.501 -1.923)
(-0.7713399596 0.501 -1.801)
(-0.7713399596 0.501 -1.679)
(-0.7713399596 0.501 -1.557)
(-0.8195487071 0.5845 -2.045)
(-0.8195487071 0.5845 -1.923)
(-0.8195487071 0.5845 -1.801)
(-0.8195487071 0.5845 -1.679)
(-0.8195487071 0.5845 -1.557)
(-0.8677574546 0.668 -2.045)
(-0.8677574546 0.668 -1.923)
(-0.8677574546 0.668 -1.801)
(-0.8677574546 0.668 -1.679)
(-0.8677574546 0.668 -1.557)
(-0.7713399596 0.668 -2.045)
(-0.7713399596 0.668 -1.923)
(-0.7713399596 0.668 -1.801)
(-0.7713399596 0.668 -1.679)
(-0.7713399596 0.668 -1.557)
(-0.8195487071 0.7515 -2.045)
(-0.8195487071 0.7515 -1.923)
(-0.8195487071 0.7515 -1.801)
(-0.8195487071 0.7515 -1.679)
(-0.8195487071 0.7515 -1.557)
(-0.8677574546 0.835 -2.045)
(-0.8677574546 0.835 -1.923)
(-0.8677574546 0.835 -1.801)
(-0.8677574546 0.835 -1.679)
(-0.8677574546 0.835 -1.557)
(-0.7713399596 0.835 -2.045)
(-0.7713399596 0.835 -1.923)
(-0.7713399596 0.835 -1.801)
(-0.7713399596 0.835 -1.679)
(-0.7713399596 0.835 -1.557)
(-0.8195487071 0.9185 -2.045)
(-0.8195487071 0.9185 -1.923)
(-0.8195487071 0.9185 -1.801)
(-0.8195487071 0.9185 -1.679)
(-0.8195487071 0.9185 -1.557)
(-0.8677574546 1.002 -2.045)
(-0.8677574546 1.002 -1.923)
(-0.8677574546 1.002 -1.801)
(-0.8677574546 1.002 -1.679)
(-0.8677574546 1.002 -1.557)
(-0.7713399596 1.002 -2.045)
(-0.7713399596 1.002 -1.923)
(-0.7713399596 1.002 -1.801)
(-0.7713399596 1.002 -1.679)
(-0.7713399596 1.002 -1.557)
(-0.9159662021 1.0855 -2.045)
(-0.8195487071 1.0855 -2.045)
(-0.9159662021 1.0855 -1.923)
(-0.8195487071 1.0855 -1.923)
(-0.9159662021 1.0855 -1.801)
(-0.8195487071 1.0855 -1.801)
(-0.9159662021 1.0855 -1.679)
(-0.8195487071 1.0855 -1.679)
(-0.9159662021 1.0855 -1.557)
(-0.8195487071 1.0855 -1.557)
(-0.7713399596 -1.169 -2.045)
(-0.6749224647 -1.169 -2.045)
(-0.7231312122 -1.0855 -2.045)
(-0.7713399596 -1.169 -1.923)
(-0.6749224647 -1.169 -1.923)
(-0.7231312122 -1.0855 -1.923)
(-0.7713399596 -1.169 -1.801)
(-0.6749224647 -1.169 -1.801)
(-0.7231312122 -1.0855 -1.801)
(-0.7713399596 -1.169 -1.679)
(-0.6749224647 -1.169 -1.679)
(-0.7231312122 -1.0855 -1.679)
(-0.7713399596 -1.169 -1.557)
(-0.6749224647 -1.169 -1.557)
(-0.7231312122 -1.0855 -1.557)
(-0.6267137172 -1.0855 -2.045)
(-0.6267137172 -1.0855 -1.923)
(-0.6267137172 -1.0855 -1.801)
(-0.6267137172 -1.0855 -1.679)
(-0.6267137172 -1.0855 -1.557)
(-0.6749224647 -1.002 -2.045)
(-0.6749224647 -1.002 -1.923)
(-0.6749224647 -1.002 -1.801)
(-0.6749224647 -1.002 -1.679)
(-0.6749224647 -1.002 -1.557)
(-0.7231312122 -0.9185 -2.045)
(-0.7231312122 -0.9185 -1.923)
(-0.7231312122 -0.9185 -1.801)
(-0.7231312122 -0.9185 -1.679)
(-0.7231312122 -0.9185 -1.557)
(-0.6267137172 -0.9185 -2.045)
(-0.6267137172 -0.9185 -1.923)
(-0.6267137172 -0.9185 -1.801)
(-0.6267137172 -0.9185 -1.679)
(-0.6267137172 -0.9185 -1.557)
(-0.6749224647 -0.835 -2.045)
(-0.6749224647 -0.835 -1.923)
(-0.6749224647 -0.835 -1.801)
(-0.6749224647 -0.835 -1.679)
(-0.6749224647 -0.835 -1.557)
(-0.7231312122 -0.7515 -2.045)
(-0.7231312122 -0.7515 -1.923)
(-0.7231312122 -0.7515 -1.801)
(-0.7231312122 -0.7515 -1.679)
(-0.7231312122 -0.7515 -1.557)
(-0.6267137172 -0.7515 -2.045)
(-0.6267137172 -0.7515 -1.923)
(-0.6267137172 -0.7515 -1.801)
(-0.6267137172 -0.7515 -1.679)
(-0.6267137172 -0.7515 -1.557)
(-0.6749224647 -0.668 -2.045)
(-0.6749224647 -0.668 -1.923)
(-0.6749224647 -0.668 -1.801)
(-0.6749224647 -0.668 -1.679)
(-0.6749224647 -0.668 -1.557)
(-0.7231312122 -0.5845 -2.045)
(-0.7231312122 -0.5845 -1.923)
(-0.7231312122 -0.5845 -1.801)
(-0.7231312122 -0.5845 -1.679)
(-0.7231312122 -0.5845 -1.557)
(-0.6267137172 -0.5845 -2.045)
(-0.6267137172 -0.5845 -1.923)
(-0.6267137172 -0.5845 -1.801)
(-0.6267137172 -0.5845 -1.679)
(-0.6267137172 -0.5845 -1.557)
(-0.6749224647 -0.501 -2.045)
(-0.6749224647 -0.501 -1.923)
(-0.6749224647 -0.501 -1.801)
(-0.6749224647 -0.501 -1.679)
(-0.6749224647 -0.501 -1.557)
(-0.7231312122 -0.4175 -2.045)
(-0.7231312122 -0.4175 -1.923)
(-0.7231312122 -0.4175 -1.801)
(-0.7231312122 -0.4175 -1.679)
(-0.7231312122 -0.4175 -1.557)
(-0.6267137172 -0.4175 -2.045)
(-0.6267137172 -0.4175 -1.923)
(-0.6267137172 -0.4175 -1.801)
(-0.6267137172 -0.4175 -1.679)
(-0.6267137172 -0.4175 -1.557)
(-0.6749224647 -0.334 -2.045)
(-0.6749224647 -0.334 -1.923)
(-0.6749224647 -0.334 -1.801)
(-0.6749224647 -0.334 -1.679)
(-0.6749224647 -0.334 -1.557)
(-0.7231312122 -0.2505 -2.045)
(-0.7231312122 -0.2505 -1.923)
(-0.7231312122 -0.2505 -1.801)
(-0.7231312122 -0.2505 -1.679)
(-0.7231312122 -0.2505 -1.557)
(-0.6267137172 -0.2505 -2.045)
(-0.6267137172 -0.2505 -1.923)
(-0.6267137172 -0.2505 -1.801)
(-0.6267137172 -0.2505 -1.679)
(-0.6267137172 -0.2505 -1.557)
(-0.6749224647 -0.167 -2.045)
(-0.6749224647 -0.167 -1.923)
(-0.6749224647 -0.167 -1.801)
(-0.6749224647 -0.167 -1.679)
(-0.6749224647 -0.167 -1.557)
(-0.7231312122 -0.0835 -2.045)
(-0.7231312122 -0.0835 -1.923)
(-0.7231312122 -0.0835 -1.801)
(-0.7231312122 -0.0835 -1.679)
(-0.7231312122 -0.0835 -1.557)
(-0.6267137172 -0.0835 -2.045)
(-0.6267137172 -0.0835 -1.923)
(-0.6267137172 -0.0835 -1.801)
(-0.6267137172 -0.0835 -1.679)
(-0.6267137172 -0.0835 -1.557)
(-0.6749224647 -1.387778781e-17 -2.045)
(-0.6749224647 -1.387778781e-17 -1.923)
(-0.6749224647 -1.387778781e-17 -1.801)
(-0.6749224647 -1.387778781e-17 -1.679)
(-0.6749224647 -1.387778781e-17 -1.557)
(-0.7231312122 0.0835 -2.045)
(-0.7231312122 0.0835 -1.923)
(-0.7231312122 0.0835 -1.801)
(-0.7231312122 0.0835 -1.679)
(-0.7231312122 0.0835 -1.557)
(-0.6267137172 0.0835 -2.045)
(-0.6267137172 0.0835 -1.923)
(-0.6267137172 0.0835 -1.801)
(-0.6267137172 0.0835 -1.679)
(-0.6267137172 0.0835 -1.557)
(-0.6749224647 0.167 -2.045)
(-0.6749224647 0.167 -1.923)
(-0.6749224647 0.167 -1.801)
(-0.6749224647 0.167 -1.679)
(-0.6749224647 0.167 -1.557)
(-0.7231312122 0.2505 -2.045)
(-0.7231312122 0.2505 -1.923)
(-0.7231312122 0.2505 -1.801)
(-0.7231312122 0.2505 -1.679)
(-0.7231312122 0.2505 -1.557)
(-0.6267137172 0.2505 -2.045)
(-0.6267137172 0.2505 -1.923)
(-0.6267137172 0.2505 -1.801)
(-0.6267137172 0.2505 -1.679)
(-0.6267137172 0.2505 -1.557)
(-0.6749224647 0.334 -2.045)
(-0.6749224647 0.334 -1.923)
(-0.6749224647 0.334 -1.801)
(-0.6749224647 0.334 -1.679)
(-0.6749224647 0.334 -1.557)
(-0.7231312122 0.4175 -2.045)
(-0.7231312122 0.4175 -1.923)
(-0.7231312122 0.4175 -1.801)
(-0.7231312122 0.4175 -1.679)
(-0.7231312122 0.4175 -1.557)
(-0.6267137172 0.4175 -2.045)
(-0.6267137172 0.4175 -1.923)
(-0.6267137172 0.4175 -1.801)
(-0.6267137172 0.4175 -1.679)
(-0.6267137172 0.4175 -1.557)
(-0.6749224647 0.501 -2.045)
(-0.6749224647 0.501 -1.923)
(-0.6749224647 0.501 -1.801)
(-0.6749224647 0.501 -1.679)
(-0.6749224647 0.501 -1.557)
(-0.7231312122 0.5845 -2.045)
(-0.7231312122 0.5845 -1.923)
(-0.7231312122 0.5845 -1.801)
(-0.7231312122 0.5845 -1.679)
(-0.7231312122 0.5845 -1.557)
(-0.6267137172 0.5845 -2.045)
(-0.6267137172 0.5845 -1.923)
(-0.6267137172 0.5845 -1.801)
(-0.6267137172 0.5845 -1.679)
(-0.6267137172 0.5845 -1.557)
(-0.6749224647 0.668 -2.045)
(-0.6749224647 0.668 -1.923)
(-0.6749224647 0.668 -1.801)
(-0.6749224647 0.668 -1.679)
(-0.6749224647 0.668 -1.557)
(-0.7231312122 0.7515 -2.045)
(-0.7231312122 0.7515 -1.923)
(-0.7231312122 0.7515 -1.801)
(-0.7231312122 0.7515 -1.679)
(-0.7231312122 0.7515 -1.557)
(-0.6267137172 0.7515 -2.045)
(-0.6267137172 0.7515 -1.923)
(-0.6267137172 0.7515 -1.801)
(-0.6267137172 0.7515 -1.679)
(-0.6267137172 0.7515 -1.557)
(-0.6749224647 0.835 -2.045)
(-0.6749224647 0.835 -1.923)
(-0.6749224647 0.835 -1.801)
(-0.6749224647 0.835 -1.679)
(-0.6749224647 0.835 -1.557)
(-0.7231312122 0.9185 -2.045)
(-0.7231312122 0.9185 -1.923)
(-0.7231312122 0.9185 -1.801)
(-0.7231312122 0.9185 -1.679)
(-0.7231312122 0.9185 -1.557)
(-0.6267137172 0.9185 -2.045)
(-0.6267137172 0.9185 -1.923)
(-0.6267137172 0.9185 -1.801)
(-0.6267137172 0.9185 -1.679)
(-0.6267137172 0.9185 -1.557)
(-0.6749224647 1.002 -2.045)
(-0.6749224647 1.002 -1.923)
(-0.6749224647 1.002 -1.801)
(-0.6749224647 1.002 -1.679)
(-0.6749224647 1.002 -1.557)
(-0.7231312122 1.0855 -2.045)
(-0.7231312122 1.0855 -1.923)
(-0.7231312122 1.0855 -1.801)
(-0.7231312122 1.0855 -1.679)
(-0.7231312122 1.0855 -1.557)
(-0.6267137172 1.0855 -2.045)
(-0.6267137172 1.0855 -1.923)
(-0.6267137172 1.0855 -1.801)
(-0.6267137172 1.0855 -1.679)
(-0.6267137172 1.0855 -1.557)
(-0.7713399596 1.169 -2.045)
(-0.6749224647 1.169 -2.045)
(-0.7713399596 1.169 -1.923)
(-0.6749224647 1.169 -1.923)
(-0.7713399596 1.169 -1.801)
(-0.6749224647 1.169 -1.801)
(-0.7713399596 1.169 -1.679)
(-0.6749224647 1.169 -1.679)
(-0.7713399596 1.169 -1.557)
(-0.6749224647 1.169 -1.557)
(-0.6267137172 -1.2525 -2.045)
(-0.5302962223 -1.2525 -2.045)
(-0.5785049697 -1.169 -2.045)
(-0.6267137172 -1.2525 -1.923)
(-0.5302962223 -1.2525 -1.923)
(-0.5785049697 -1.169 -1.923)
(-0.6267137172 -1.2525 -1.801)
(-0.5302962223 -1.2525 -1.801)
(-0.5785049697 -1.169 -1.801)
(-0.6267137172 -1.2525 -1.679)
(-0.5302962223 -1.2525 -1.679)
(-0.5785049697 -1.169 -1.679)
(-0.6267137172 -1.2525 -1.557)
(-0.5302962223 -1.2525 -1.557)
(-0.5785049697 -1.169 -1.557)
(-0.4820874748 -1.169 -2.045)
(-0.4820874748 -1.169 -1.923)
(-0.4820874748 -1.169 -1.801)
(-0.4820874748 -1.169 -1.679)
(-0.4820874748 -1.169 -1.557)
(-0.5302962223 -1.0855 -2.045)
(-0.5302962223 -1.0855 -1.923)
(-0.5302962223 -1.0855 -1.801)
(-0.5302962223 -1.0855 -1.679)
(-0.5302962223 -1.0855 -1.557)
(-0.5785049697 -1.002 -2.045)
(-0.5785049697 -1.002 -1.923)
(-0.5785049697 -1.002 -1.801)
(-0.5785049697 -1.002 -1.679)
(-0.5785049697 -1.002 -1.557)
(-0.4820874748 -1.002 -2.045)
(-0.4820874748 -1.002 -1.923)
(-0.4820874748 -1.002 -1.801)
(-0.4820874748 -1.002 -1.679)
(-0.4820874748 -1.002 -1.557)
(-0.5302962223 -0.9185 -2.045)
(-0.5302962223 -0.9185 -1.923)
(-0.5302962223 -0.9185 -1.801)
(-0.5302962223 -0.9185 -1.679)
(-0.5302962223 -0.9185 -1.557)
(-0.5785049697 -0.835 -2.045)
(-0.5785049697 -0.835 -1.923)
(-0.5785049697 -0.835 -1.801)
(-0.5785049697 -0.835 -1.679)
(-0.5785049697 -0.835 -1.557)
(-0.4820874748 -0.835 -2.045)
(-0.4820874748 -0.835 -1.923)
(-0.4820874748 -0.835 -1.801)
(-0.4820874748 -0.835 -1.679)
(-0.4820874748 -0.835 -1.557)
(-0.5302962223 -0.7515 -2.045)
(-0.5302962223 -0.7515 -1.923)
(-0.5302962223 -0.7515 -1.801)
(-0.5302962223 -0.7515 -1.679)
(-0.5302962223 -0.7515 -1.557)
(-0.5785049697 -0.668 -2.045)
(-0.5785049697 -0.668 -1.923)
(-0.5785049697 -0.668 -1.801)
(-0.5785049697 -0.668 -1.679)
(-0.5785049697 -0.668 -1.557)
(-0.4820874748 -0.668 -2.045)
(-0.4820874748 -0.668 -1.923)
(-0.4820874748 -0.668 -1.801)
(-0.4820874748 -0.668 -1.679)
(-0.4820874748 -0.668 -1.557)
(-0.5302962223 -0.5845 -2.045)
(-0.5302962223 -0.5845 -1.923)
(-0.5302962223 -0.5845 -1.801)
(-0.5302962223 -0.5845 -1.679)
(-0.5302962223 -0.5845 -1.557)
(-0.5785049697 -0.501 -2.045)
(-0.5785049697 -0.501 -1.923)
(-0.5785049697 -0.501 -1.801)
(-0.5785049697 -0.501 -1.679)
(-0.5785049697 -0.501 -1.557)
(-0.4820874748 -0.501 -2.045)
(-0.4820874748 -0.501 -1.923)
(-0.4820874748 -0.501 -1.801)
(-0.4820874748 -0.501 -1.679)
(-0.4820874748 -0.501 -1.557)
(-0.5302962223 -0.4175 -2.045)
(-0.5302962223 -0.4175 -1.923)
(-0.5302962223 -0.4175 -1.801)
(-0.5302962223 -0.4175 -1.679)
(-0.5302962223 -0.4175 -1.557)
(-0.5785049697 -0.334 -2.045)
(-0.5785049697 -0.334 -1.923)
(-0.5785049697 -0.334 -1.801)
(-0.5785049697 -0.334 -1.679)
(-0.5785049697 -0.334 -1.557)
(-0.4820874748 -0.334 -2.045)
(-0.4820874748 -0.334 -1.923)
(-0.4820874748 -0.334 -1.801)
(-0.4820874748 -0.334 -1.679)
(-0.4820874748 -0.334 -1.557)
(-0.5302962223 -0.2505 -2.045)
(-0.5302962223 -0.2505 -1.923)
(-0.5302962223 -0.2505 -1.801)
(-0.5302962223 -0.2505 -1.679)
(-0.5302962223 -0.2505 -1.557)
(-0.5785049697 -0.167 -2.045)
(-0.5785049697 -0.167 -1.923)
(-0.5785049697 -0.167 -1.801)
(-0.5785049697 -0.167 -1.679)
(-0.5785049697 -0.167 -1.557)
(-0.4820874748 -0.167 -2.045)
(-0.4820874748 -0.167 -1.923)
(-0.4820874748 -0.167 -1.801)
(-0.4820874748 -0.167 -1.679)
(-0.4820874748 -0.167 -1.557)
(-0.5302962223 -0.0835 -2.045)
(-0.5302962223 -0.0835 -1.923)
(-0.5302962223 -0.0835 -1.801)
(-0.5302962223 -0.0835 -1.679)
(-0.5302962223 -0.0835 -1.557)
(-0.5785049697 0 -2.045)
(-0.5785049697 0 -1.923)
(-0.5785049697 0 -1.801)
(-0.5785049697 0 -1.679)
(-0.5785049697 0 -1.557)
(-0.4820874748 0 -2.045)
(-0.4820874748 0 -1.923)
(-0.4820874748 0 -1.801)
(-0.4820874748 0 -1.679)
(-0.4820874748 0 -1.557)
(-0.5302962223 0.0835 -2.045)
(-0.5302962223 0.0835 -1.923)
(-0.5302962223 0.0835 -1.801)
(-0.5302962223 0.0835 -1.679)
(-0.5302962223 0.0835 -1.557)
(-0.5785049697 0.167 -2.045)
(-0.5785049697 0.167 -1.923)
(-0.5785049697 0.167 -1.801)
(-0.5785049697 0.167 -1.679)
(-0.5785049697 0.167 -1.557)
(-0.4820874748 0.167 -2.045)
(-0.4820874748 0.167 -1.923)
(-0.4820874748 0.167 -1.801)
(-0.4820874748 0.167 -1.679)
(-0.4820874748 0.167 -1.557)
(-0.5302962223 0.2505 -2.045)
(-0.5302962223 0.2505 -1.923)
(-0.5302962223 0.2505 -1.801)
(-0.5302962223 0.2505 -1.679)
(-0.5302962223 0.2505 -1.557)
(-0.5785049697 0.334 -2.045)
(-0.5785049697 0.334 -1.923)
(-0.5785049697 0.334 -1.801)
(-0.5785049697 0.334 -1.679)
(-0.5785049697 0.334 -1.557)
(-0.4820874748 0.334 -2.045)
(-0.4820874748 0.334 -1.923)
(-0.4820874748 0.334 -1.801)
(-0.4820874748 0.334 -1.679)
(-0.4820874748 0.334 -1.557)
(-0.5302962223 0.4175 -2.045)
(-0.5302962223 0.4175 -1.923)
(-0.5302962223 0.4175 -1.801)
(-0.5302962223 0.4175 -1.679)
(-0.5302962223 0.4175 -1.557)
(-0.5785049697 0.501 -2.045)
(-0.5785049697 0.501 -1.923)
(-0.5785049697 0.501 -1.801)
(-0.5785049697 0.501 -1.679)
(-0.5785049697 0.501 -1.557)
(-0.4820874748 0.501 -2.045)
(-0.4820874748 0.501 -1.923)
(-0.4820874748 0.501 -1.801)
(-0.4820874748 0.501 -1.679)
(-0.4820874748 0.501 -1.557)
(-0.5302962223 0.5845 -2.045)
(-0.5302962223 0.5845 -1.923)
(-0.5302962223 0.5845 -1.801)
(-0.5302962223 0.5845 -1.679)
(-0.5302962223 0.5845 -1.557)
(-0.5785049697 0.668 -2.045)
(-0.5785049697 0.668 -1.923)
(-0.5785049697 0.668 -1.801)
(-0.5785049697 0.668 -1.679)
(-0.5785049697 0.668 -1.557)
(-0.4820874748 0.668 -2.045)
(-0.4820874748 0.668 -1.923)
(-0.4820874748 0.668 -1.801)
(-0.4820874748 0.668 -1.679)
(-0.4820874748 0.668 -1.557)
(-0.5302962223 0.7515 -2.045)
(-0.5302962223 0.7515 -1.923)
(-0.5302962223 0.7515 -1.801)
(-0.5302962223 0.7515 -1.679)
(-0.5302962223 0.7515 -1.557)
(-0.5785049697 0.835 -2.045)
(-0.5785049697 0.835 -1.923)
(-0.5785049697 0.835 -1.801)
(-0.5785049697 0.835 -1.679)
(-0.5785049697 0.835 -1.557)
(-0.4820874748 0.835 -2.045)
(-0.4820874748 0.835 -1.923)
(-0.4820874748 0.835 -1.801)
(-0.4820874748 0.835 -1.679)
(-0.4820874748 0.835 -1.557)
(-0.5302962223 0.9185 -2.045)
(-0.5302962223 0.9185 -1.923)
(-0.5302962223 0.9185 -1.801)
(-0.5302962223 0.9185 -1.679)
(-0.5302962223 0.9185 -1.557)
(-0.5785049697 1.002 -2.045)
(-0.5785049697 1.002 -1.923)
(-0.5785049697 1.002 -1.801)
(-0.5785049697 1.002 -1.679)
(-0.5785049697 1.002 -1.557)
(-0.4820874748 1.002 -2.045)
(-0.4820874748 1.002 -1.923)
(-0.4820874748 1.002 -1.801)
(-0.4820874748 1.002 -1.679)
(-0.4820874748 1.002 -1.557)
(-0.5302962223 1.0855 -2.045)
(-0.5302962223 1.0855 -1.923)
(-0.5302962223 1.0855 -1.801)
(-0.5302962223 1.0855 -1.679)
(-0.5302962223 1.0855 -1.557)
(-0.5785049697 1.169 -2.045)
(-0.5785049697 1.169 -1.923)
(-0.5785049697 1.169 -1.801)
(-0.5785049697 1.169 -1.679)
(-0.5785049697 1.169 -1.557)
(-0.4820874748 1.169 -2.045)
(-0.4820874748 1.169 -1.923)
(-0.4820874748 1.169 -1.801)
(-0.4820874748 1.169 -1.679)
(-0.4820874748 1.169 -1.557)
(-0.6267137172 1.2525 -2.045)
(-0.5302962223 1.2525 -2.045)
(-0.6267137172 1.2525 -1.923)
(-0.5302962223 1.2525 -1.923)
(-0.6267137172 1.2525 -1.801)
(-0.5302962223 1.2525 -1.801)
(-0.6267137172 1.2525 -1.679)
(-0.5302962223 1.2525 -1.679)
(-0.6267137172 1.2525 -1.557)
(-0.5302962223 1.2525 -1.557)
(-0.4820874748 -1.336 -2.045)
(-0.3856699798 -1.336 -2.045)
(-0.4338787273 -1.2525 -2.045)
(-0.4820874748 -1.336 -1.923)
(-0.3856699798 -1.336 -1.923)
(-0.4338787273 -1.2525 -1.923)
(-0.4820874748 -1.336 -1.801)
(-0.3856699798 -1.336 -1.801)
(-0.4338787273 -1.2525 -1.801)
(-0.4820874748 -1.336 -1.679)
(-0.3856699798 -1.336 -1.679)
(-0.4338787273 -1.2525 -1.679)
(-0.4820874748 -1.336 -1.557)
(-0.3856699798 -1.336 -1.557)
(-0.4338787273 -1.2525 -1.557)
(-0.3374612323 -1.2525 -2.045)
(-0.3374612323 -1.2525 -1.923)
(-0.3374612323 -1.2525 -1.801)
(-0.3374612323 -1.2525 -1.679)
(-0.3374612323 -1.2525 -1.557)
(-0.3856699798 -1.169 -2.045)
(-0.3856699798 -1.169 -1.923)
(-0.3856699798 -1.169 -1.801)
(-0.3856699798 -1.169 -1.679)
(-0.3856699798 -1.169 -1.557)
(-0.4338787273 -1.0855 -2.045)
(-0.4338787273 -1.0855 -1.923)
(-0.4338787273 -1.0855 -1.801)
(-0.4338787273 -1.0855 -1.679)
(-0.4338787273 -1.0855 -1.557)
(-0.3374612323 -1.0855 -2.045)
(-0.3374612323 -1.0855 -1.923)
(-0.3374612323 -1.0855 -1.801)
(-0.3374612323 -1.0855 -1.679)
(-0.3374612323 -1.0855 -1.557)
(-0.3856699798 -1.002 -2.045)
(-0.3856699798 -1.002 -1.923)
(-0.3856699798 -1.002 -1.801)
(-0.3856699798 -1.002 -1.679)
(-0.3856699798 -1.002 -1.557)
(-0.4338787273 -0.9185 -2.045)
(-0.4338787273 -0.9185 -1.923)
(-0.4338787273 -0.9185 -1.801)
(-0.4338787273 -0.9185 -1.679)
(-0.4338787273 -0.9185 -1.557)
(-0.3374612323 -0.9185 -2.045)
(-0.3374612323 -0.9185 -1.923)
(-0.3374612323 -0.9185 -1.801)
(-0.3374612323 -0.9185 -1.679)
(-0.3374612323 -0.9185 -1.557)
(-0.3856699798 -0.835 -2.045)
(-0.3856699798 -0.835 -1.923)
(-0.3856699798 -0.835 -1.801)
(-0.3856699798 -0.835 -1.679)
(-0.3856699798 -0.835 -1.557)
(-0.4338787273 -0.7515 -2.045)
(-0.4338787273 -0.7515 -1.923)
(-0.4338787273 -0.7515 -1.801)
(-0.4338787273 -0.7515 -1.679)
(-0.4338787273 -0.7515 -1.557)
(-0.3374612323 -0.7515 -2.045)
(-0.3374612323 -0.7515 -1.923)
(-0.3374612323 -0.7515 -1.801)
(-0.3374612323 -0.7515 -1.679)
(-0.3374612323 -0.7515 -1.557)
(-0.3856699798 -0.668 -2.045)
(-0.3856699798 -0.668 -1.923)
(-0.3856699798 -0.668 -1.801)
(-0.3856699798 -0.668 -1.679)
(-0.3856699798 -0.668 -1.557)
(-0.4338787273 -0.5845 -2.045)
(-0.4338787273 -0.5845 -1.923)
(-0.4338787273 -0.5845 -1.801)
(-0.4338787273 -0.5845 -1.679)
(-0.4338787273 -0.5845 -1.557)
(-0.3374612323 -0.5845 -2.045)
(-0.3374612323 -0.5845 -1.923)
(-0.3374612323 -0.5845 -1.801)
(-0.3374612323 -0.5845 -1.679)
(-0.3374612323 -0.5845 -1.557)
(-0.3856699798 -0.501 -2.045)
(-0.3856699798 -0.501 -1.923)
(-0.3856699798 -0.501 -1.801)
(-0.3856699798 -0.501 -1.679)
(-0.3856699798 -0.501 -1.557)
(-0.4338787273 -0.4175 -2.045)
(-0.4338787273 -0.4175 -1.923)
(-0.4338787273 -0.4175 -1.801)
(-0.4338787273 -0.4175 -1.679)
(-0.4338787273 -0.4175 -1.557)
(-0.3374612323 -0.4175 -2.045)
(-0.3374612323 -0.4175 -1.923)
(-0.3374612323 -0.4175 -1.801)
(-0.3374612323 -0.4175 -1.679)
(-0.3374612323 -0.4175 -1.557)
(-0.3856699798 -0.334 -2.045)
(-0.3856699798 -0.334 -1.923)
(-0.3856699798 -0.334 -1.801)
(-0.3856699798 -0.334 -1.679)
(-0.3856699798 -0.334 -1.557)
(-0.4338787273 -0.2505 -2.045)
(-0.4338787273 -0.2505 -1.923)
(-0.4338787273 -0.2505 -1.801)
(-0.4338787273 -0.2505 -1.679)
(-0.4338787273 -0.2505 -1.557)
(-0.3374612323 -0.2505 -2.045)
(-0.3374612323 -0.2505 -1.923)
(-0.3374612323 -0.2505 -1.801)
(-0.3374612323 -0.2505 -1.679)
(-0.3374612323 -0.2505 -1.557)
(-0.3856699798 -0.167 -2.045)
(-0.3856699798 -0.167 -1.923)
(-0.3856699798 -0.167 -1.801)
(-0.3856699798 -0.167 -1.679)
(-0.3856699798 -0.167 -1.557)
(-0.4338787273 -0.0835 -2.045)
(-0.4338787273 -0.0835 -1.923)
(-0.4338787273 -0.0835 -1.801)
(-0.4338787273 -0.0835 -1.679)
(-0.4338787273 -0.0835 -1.557)
(-0.3374612323 -0.0835 -2.045)
(-0.3374612323 -0.0835 -1.923)
(-0.3374612323 -0.0835 -1.801)
(-0.3374612323 -0.0835 -1.679)
(-0.3374612323 -0.0835 -1.557)
(-0.3856699798 1.387778781e-17 -2.045)
(-0.3856699798 1.387778781e-17 -1.923)
(-0.3856699798 1.387778781e-17 -1.801)
(-0.3856699798 1.387778781e-17 -1.679)
(-0.3856699798 1.387778781e-17 -1.557)
(-0.4338787273 0.0835 -2.045)
(-0.4338787273 0.0835 -1.923)
(-0.4338787273 0.0835 -1.801)
(-0.4338787273 0.0835 -1.679)
(-0.4338787273 0.0835 -1.557)
(-0.3374612323 0.0835 -2.045)
(-0.3374612323 0.0835 -1.923)
(-0.3374612323 0.0835 -1.801)
(-0.3374612323 0.0835 -1.679)
(-0.3374612323 0.0835 -1.557)
(-0.3856699798 0.167 -2.045)
(-0.3856699798 0.167 -1.923)
(-0.3856699798 0.167 -1.801)
(-0.3856699798 0.167 -1.679)
(-0.3856699798 0.167 -1.557)
(-0.4338787273 0.2505 -2.045)
(-0.4338787273 0.2505 -1.923)
(-0.4338787273 0.2505 -1.801)
(-0.4338787273 0.2505 -1.679)
(-0.4338787273 0.2505 -1.557)
(-0.3374612323 0.2505 -2.045)
(-0.3374612323 0.2505 -1.923)
(-0.3374612323 0.2505 -1.801)
(-0.3374612323 0.2505 -1.679)
(-0.3374612323 0.2505 -1.557)
(-0.3856699798 0.334 -2.045)
(-0.3856699798 0.334 -1.923)
(-0.3856699798 0.334 -1.801)
(-0.3856699798 0.334 -1.679)
(-0.3856699798 0.334 -1.557)
(-0.4338787273 0.4175 -2.045)
(-0.4338787273 0.4175 -1.923)
(-0.4338787273 0.4175 -1.801)
(-0.4338787273 0.4175 -1.679)
(-0.4338787273 0.4175 -1.557)
(-0.3374612323 0.4175 -2.045)
(-0.3374612323 0.4175 -1.923)
(-0.3374612323 0.4175 -1.801)
(-0.3374612323 0.4175 -1.679)
(-0.3374612323 0.4175 -1.557)
(-0.3856699798 0.501 -2.045)
(-0.3856699798 0.501 -1.923)
(-0.3856699798 0.501 -1.801)
(-0.3856699798 0.501 -1.679)
(-0.3856699798 0.501 -1.557)
(-0.4338787273 0.5845 -2.045)
(-0.4338787273 0.5845 -1.923)
(-0.4338787273 0.5845 -1.801)
(-0.4338787273 0.5845 -1.679)
(-0.4338787273 0.5845 -1.557)
(-0.3374612323 0.5845 -2.045)
(-0.3374612323 0.5845 -1.923)
(-0.3374612323 0.5845 -1.801)
(-0.3374612323 0.5845 -1.679)
(-0.3374612323 0.5845 -1.557)
(-0.3856699798 0.668 -2.045)
(-0.3856699798 0.668 -1.923)
(-0.3856699798 0.668 -1.801)
(-0.3856699798 0.668 -1.679)
(-0.3856699798 0.668 -1.557)
(-0.4338787273 0.7515 -2.045)
(-0.4338787273 0.7515 -1.923)
(-0.4338787273 0.7515 -1.801)
(-0.4338787273 0.7515 -1.679)
(-0.4338787273 0.7515 -1.557)
(-0.3374612323 0.7515 -2.045)
(-0.3374612323 0.7515 -1.923)
(-0.3374612323 0.7515 -1.801)
(-0.3374612323 0.7515 -1.679)
(-0.3374612323 0.7515 -1.557)
(-0.3856699798 0.835 -2.045)
(-0.3856699798 0.835 -1.923)
(-0.3856699798 0.835 -1.801)
(-0.3856699798 0.835 -1.679)
(-0.3856699798 0.835 -1.557)
(-0.4338787273 0.9185 -2.045)
(-0.4338787273 0.9185 -1.923)
(-0.4338787273 0.9185 -1.801)
(-0.4338787273 0.9185 -1.679)
(-0.4338787273 0.9185 -1.557)
(-0.3374612323 0.9185 -2.045)
(-0.3374612323 0.9185 -1.923)
(-0.3374612323 0.9185 -1.801)
(-0.3374612323 0.9185 -1.679)
(-0.3374612323 0.9185 -1.557)
(-0.3856699798 1.002 -2.045)
(-0.3856699798 1.002 -1.923)
(-0.3856699798 1.002 -1.801)
(-0.3856699798 1.002 -1.679)
(-0.3856699798 1.002 -1.557)
(-0.4338787273 1.0855 -2.045)
(-0.4338787273 1.0855 -1.923)
(-0.4338787273 1.0855 -1.801)
(-0.4338787273 1.0855 -1.679)
(-0.4338787273 1.0855 -1.557)
(-0.3374612323 1.0855 -2.045)
(-0.3374612323 1.0855 -1.923)
(-0.3374612323 1.0855 -1.801)
(-0.3374612323 1.0855 -1.679)
(-0.3374612323 1.0855 -1.557)
(-0.3856699798 1.169 -2.045)
(-0.3856699798 1.169 -1.923)
(-0.3856699798 1.169 -1.801)
(-0.3856699798 1.169 -1.679)
(-0.3856699798 1.169 -1.557)
(-0.4338787273 1.2525 -2.045)
(-0.4338787273 1.2525 -1.923)
(-0.4338787273 1.2525 -1.801)
(-0.4338787273 1.2525 -1.679)
(-0.4338787273 1.2525 -1.557)
(-0.3374612323 1.2525 -2.045)
(-0.3374612323 1.2525 -1.923)
(-0.3374612323 1.2525 -1.801)
(-0.3374612323 1.2525 -1.679)
(-0.3374612323 1.2525 -1.557)
(-0.4820874748 1.336 -2.045)
(-0.3856699798 1.336 -2.045)
(-0.4820874748 1.336 -1.923)
(-0.3856699798 1.336 -1.923)
(-0.4820874748 1.336 -1.801)
(-0.3856699798 1.336 -1.801)
(-0.4820874748 1.336 -1.679)
(-0.3856699798 1.336 -1.679)
(-0.4820874748 1.336 -1.557)
(-0.3856699798 1.336 -1.557)
(-0.3374612323 -1.4195 -2.045)
(-0.2410437374 -1.4195 -2.045)
(-0.2892524849 -1.336 -2.045)
(-0.3374612323 -1.4195 -1.923)
(-0.2410437374 -1.4195 -1.923)
(-0.2892524849 -1.336 -1.923)
(-0.3374612323 -1.4195 -1.801)
(-0.2410437374 -1.4195 -1.801)
(-0.2892524849 -1.336 -1.801)
(-0.3374612323 -1.4195 -1.679)
(-0.2410437374 -1.4195 -1.679)
(-0.2892524849 -1.336 -1.679)
(-0.3374612323 -1.4195 -1.557)
(-0.2410437374 -1.4195 -1.557)
(-0.2892524849 -1.336 -1.557)
(-0.1928349899 -1.336 -2.045)
(-0.1928349899 -1.336 -1.923)
(-0.1928349899 -1.336 -1.801)
(-0.1928349899 -1.336 -1.679)
(-0.1928349899 -1.336 -1.557)
(-0.2410437374 -1.2525 -2.045)
(-0.2410437374 -1.2525 -1.923)
(-0.2410437374 -1.2525 -1.801)
(-0.2410437374 -1.2525 -1.679)
(-0.2410437374 -1.2525 -1.557)
(-0.2892524849 -1.169 -2.045)
(-0.2892524849 -1.169 -1.923)
(-0.2892524849 -1.169 -1.801)
(-0.2892524849 -1.169 -1.679)
(-0.2892524849 -1.169 -1.557)
(-0.1928349899 -1.169 -2.045)
(-0.1928349899 -1.169 -1.923)
(-0.1928349899 -1.169 -1.801)
(-0.1928349899 -1.169 -1.679)
(-0.1928349899 -1.169 -1.557)
(-0.2410437374 -1.0855 -2.045)
(-0.2410437374 -1.0855 -1.923)
(-0.2410437374 -1.0855 -1.801)
(-0.2410437374 -1.0855 -1.679)
(-0.2410437374 -1.0855 -1.557)
(-0.2892524849 -1.002 -2.045)
(-0.2892524849 -1.002 -1.923)
(-0.2892524849 -1.002 -1.801)
(-0.2892524849 -1.002 -1.679)
(-0.2892524849 -1.002 -1.557)
(-0.1928349899 -1.002 -2.045)
(-0.1928349899 -1.002 -1.923)
(-0.1928349899 -1.002 -1.801)
(-0.1928349899 -1.002 -1.679)
(-0.1928349899 -1.002 -1.557)
(-0.2410437374 -0.9185 -2.045)
(-0.2410437374 -0.9185 -1.923)
(-0.2410437374 -0.9185 -1.801)
(-0.2410437374 -0.9185 -1.679)
(-0.2410437374 -0.9185 -1.557)
(-0.2892524849 -0.835 -2.045)
(-0.2892524849 -0.835 -1.923)
(-0.2892524849 -0.835 -1.801)
(-0.2892524849 -0.835 -1.679)
(-0.2892524849 -0.835 -1.557)
(-0.1928349899 -0.835 -2.045)
(-0.1928349899 -0.835 -1.923)
(-0.1928349899 -0.835 -1.801)
(-0.1928349899 -0.835 -1.679)
(-0.1928349899 -0.835 -1.557)
(-0.2410437374 -0.7515 -2.045)
(-0.2410437374 -0.7515 -1.923)
(-0.2410437374 -0.7515 -1.801)
(-0.2410437374 -0.7515 -1.679)
(-0.2410437374 -0.7515 -1.557)
(-0.2892524849 -0.668 -2.045)
(-0.2892524849 -0.668 -1.923)
(-0.2892524849 -0.668 -1.801)
(-0.2892524849 -0.668 -1.679)
(-0.2892524849 -0.668 -1.557)
(-0.1928349899 -0.668 -2.045)
(-0.1928349899 -0.668 -1.923)
(-0.1928349899 -0.668 -1.801)
(-0.1928349899 -0.668 -1.679)
(-0.1928349899 -0.668 -1.557)
(-0.2410437374 -0.5845 -2.045)
(-0.2410437374 -0.5845 -1.923)
(-0.2410437374 -0.5845 -1.801)
(-0.2410437374 -0.5845 -1.679)
(-0.2410437374 -0.5845 -1.557)
(-0.2892524849 -0.501 -2.045)
(-0.2892524849 -0.501 -1.923)
(-0.2892524849 -0.501 -1.801)
(-0.2892524849 -0.501 -1.679)
(-0.2892524849 -0.501 -1.557)
(-0.1928349899 -0.501 -2.045)
(-0.1928349899 -0.501 -1.923)
(-0.1928349899 -0.501 -1.801)
(-0.1928349899 -0.501 -1.679)
(-0.1928349899 -0.501 -1.557)
(-0.2410437374 -0.4175 -2.045)
(-0.2410437374 -0.4175 -1.923)
(-0.2410437374 -0.4175 -1.801)
(-0.2410437374 -0.4175 -1.679)
(-0.2410437374 -0.4175 -1.557)
(-0.2892524849 -0.334 -2.045)
(-0.2892524849 -0.334 -1.923)
(-0.2892524849 -0.334 -1.801)
(-0.2892524849 -0.334 -1.679)
(-0.2892524849 -0.334 -1.557)
(-0.1928349899 -0.334 -2.045)
(-0.1928349899 -0.334 -1.923)
(-0.1928349899 -0.334 -1.801)
(-0.1928349899 -0.334 -1.679)
(-0.1928349899 -0.334 -1.557)
(-0.2410437374 -0.2505 -2.045)
(-0.2410437374 -0.2505 -1.923)
(-0.2410437374 -0.2505 -1.801)
(-0.2410437374 -0.2505 -1.679)
(-0.2410437374 -0.2505 -1.557)
(-0.2892524849 -0.167 -2.045)
(-0.2892524849 -0.167 -1.923)
(-0.2892524849 -0.167 -1.801)
(-0.2892524849 -0.167 -1.679)
(-0.2892524849 -0.167 -1.557)
(-0.1928349899 -0.167 -2.045)
(-0.1928349899 -0.167 -1.923)
(-0.1928349899 -0.167 -1.801)
(-0.1928349899 -0.167 -1.679)
(-0.1928349899 -0.167 -1.557)
(-0.2410437374 -0.0835 -2.045)
(-0.2410437374 -0.0835 -1.923)
(-0.2410437374 -0.0835 -1.801)
(-0.2410437374 -0.0835 -1.679)
(-0.2410437374 -0.0835 -1.557)
(-0.2892524849 0 -2.045)
(-0.2892524849 0 -1.923)
(-0.2892524849 0 -1.801)
(-0.2892524849 0 -1.679)
(-0.2892524849 0 -1.557)
(-0.1928349899 0 -2.045)
(-0.1928349899 0 -1.923)
(-0.1928349899 0 -1.801)
(-0.1928349899 0 -1.679)
(-0.1928349899 0 -1.557)
(-0.2410437374 0.0835 -2.045)
(-0.2410437374 0.0835 -1.923)
(-0.2410437374 0.0835 -1.801)
(-0.2410437374 0.0835 -1.679)
(-0.2410437374 0.0835 -1.557)
(-0.2892524849 0.167 -2.045)
(-0.2892524849 0.167 -1.923)
(-0.2892524849 0.167 -1.801)
(-0.2892524849 0.167 -1.679)
(-0.2892524849 0.167 -1.557)
(-0.1928349899 0.167 -2.045)
(-0.1928349899 0.167 -1.923)
(-0.1928349899 0.167 -1.801)
(-0.1928349899 0.167 -1.679)
(-0.1928349899 0.167 -1.557)
(-0.2410437374 0.2505 -2.045)
(-0.2410437374 0.2505 -1.923)
(-0.2410437374 0.2505 -1.801)
(-0.2410437374 0.2505 -1.679)
(-0.2410437374 0.2505 -1.557)
(-0.2892524849 0.334 -2.045)
(-0.2892524849 0.334 -1.923)
(-0.2892524849 0.334 -1.801)
(-0.2892524849 0.334 -1.679)
(-0.2892524849 0.334 -1.557)
(-0.1928349899 0.334 -2.045)
(-0.1928349899 0.334 -1.923)
(-0.1928349899 0.334 -1.801)
(-0.1928349899 0.334 -1.679)
(-0.1928349899 0.334 -1.557)
(-0.2410437374 0.4175 -2.045)
(-0.2410437374 0.4175 -1.923)
(-0.2410437374 0.4175 -1.801)
(-0.2410437374 0.4175 -1.679)
(-0.2410437374 0.4175 -1.557)
(-0.2892524849 0.501 -2.045)
(-0.2892524849 0.501 -1.923)
(-0.2892524849 0.501 -1.801)
(-0.2892524849 0.501 -1.679)
(-0.2892524849 0.501 -1.557)
(-0.1928349899 0.501 -2.045)
(-0.1928349899 0.501 -1.923)
(-0.1928349899 0.501 -1.801)
(-0.1928349899 0.501 -1.679)
(-0.1928349899 0.501 -1.557)
(-0.2410437374 0.5845 -2.045)
(-0.2410437374 0.5845 -1.923)
(-0.2410437374 0.5845 -1.801)
(-0.2410437374 0.5845 -1.679)
(-0.2410437374 0.5845 -1.557)
(-0.2892524849 0.668 -2.045)
(-0.2892524849 0.668 -1.923)
(-0.2892524849 0.668 -1.801)
(-0.2892524849 0.668 -1.679)
(-0.2892524849 0.668 -1.557)
(-0.1928349899 0.668 -2.045)
(-0.1928349899 0.668 -1.923)
(-0.1928349899 0.668 -1.801)
(-0.1928349899 0.668 -1.679)
(-0.1928349899 0.668 -1.557)
(-0.2410437374 0.7515 -2.045)
(-0.2410437374 0.7515 -1.923)
(-0.2410437374 0.7515 -1.801)
(-0.2410437374 0.7515 -1.679)
(-0.2410437374 0.7515 -1.557)
(-0.2892524849 0.835 -2.045)
(-0.2892524849 0.835 -1.923)
(-0.2892524849 0.835 -1.801)
(-0.2892524849 0.835 -1.679)
(-0.2892524849 0.835 -1.557)
(-0.1928349899 0.835 -2.045)
(-0.1928349899 0.835 -1.923)
(-0.1928349899 0.835 -1.801)
(-0.1928349899 0.835 -1.679)
(-0.1928349899 0.835 -1.557)
(-0.2410437374 0.9185 -2.045)
(-0.2410437374 0.9185 -1.923)
(-0.2410437374 0.9185 -1.801)
(-0.2410437374 0.9185 -1.679)
(-0.2410437374 0.9185 -1.557)
(-0.2892524849 1.002 -2.045)
(-0.2892524849 1.002 -1.923)
(-0.2892524849 1.002 -1.801)
(-0.2892524849 1.002 -1.679)
(-0.2892524849 1.002 -1.557)
(-0.1928349899 1.002 -2.045)
(-0.1928349899 1.002 -1.923)
(-0.1928349899 1.002 -1.801)
(-0.1928349899 1.002 -1.679)
(-0.1928349899 1.002 -1.557)
(-0.2410437374 1.0855 -2.045)
(-0.2410437374 1.0855 -1.923)
(-0.2410437374 1.0855 -1.801)
(-0.2410437374 1.0855 -1.679)
(-0.2410437374 1.0855 -1.557)
(-0.2892524849 1.169 -2.045)
(-0.2892524849 1.169 -1.923)
(-0.2892524849 1.169 -1.801)
(-0.2892524849 1.169 -1.679)
(-0.2892524849 1.169 -1.557)
(-0.1928349899 1.169 -2.045)
(-0.1928349899 1.169 -1.923)
(-0.1928349899 1.169 -1.801)
(-0.1928349899 1.169 -1.679)
(-0.1928349899 1.169 -1.557)
(-0.2410437374 1.2525 -2.045)
(-0.2410437374 1.2525 -1.923)
(-0.2410437374 1.2525 -1.801)
(-0.2410437374 1.2525 -1.679)
(-0.2410437374 1.2525 -1.557)
(-0.2892524849 1.336 -2.045)
(-0.2892524849 1.336 -1.923)
(-0.2892524849 1.336 -1.801)
(-0.2892524849 1.336 -1.679)
(-0.2892524849 1.336 -1.557)
(-0.1928349899 1.336 -2.045)
(-0.1928349899 1.336 -1.923)
(-0.1928349899 1.336 -1.801)
(-0.1928349899 1.336 -1.679)
(-0.1928349899 1.336 -1.557)
(-0.3374612323 1.4195 -2.045)
(-0.2410437374 1.4195 -2.045)
(-0.3374612323 1.4195 -1.923)
(-0.2410437374 1.4195 -1.923)
(-0.3374612323 1.4195 -1.801)
(-0.2410437374 1.4195 -1.801)
(-0.3374612323 1.4195 -1.679)
(-0.2410437374 1.4195 -1.679)
(-0.3374612323 1.4195 -1.557)
(-0.2410437374 1.4195 -1.557)
(-0.09641749495 -1.336 -2.045)
(-0.1446262424 -1.2525 -2.045)
(-0.09641749495 -1.336 -1.923)
(-0.1446262424 -1.2525 -1.923)
(-0.09641749495 -1.336 -1.801)
(-0.1446262424 -1.2525 -1.801)
(-0.09641749495 -1.336 -1.679)
(-0.1446262424 -1.2525 -1.679)
(-0.09641749495 -1.336 -1.557)
(-0.1446262424 -1.2525 -1.557)
(-0.04820874748 -1.2525 -2.045)
(-0.04820874748 -1.2525 -1.923)
(-0.04820874748 -1.2525 -1.801)
(-0.04820874748 -1.2525 -1.679)
(-0.04820874748 -1.2525 -1.557)
(-0.09641749495 -1.169 -2.045)
(-0.09641749495 -1.169 -1.923)
(-0.09641749495 -1.169 -1.801)
(-0.09641749495 -1.169 -1.679)
(-0.09641749495 -1.169 -1.557)
(-0.1446262424 -1.0855 -2.045)
(-0.1446262424 -1.0855 -1.923)
(-0.1446262424 -1.0855 -1.801)
(-0.1446262424 -1.0855 -1.679)
(-0.1446262424 -1.0855 -1.557)
(-0.04820874748 -1.0855 -2.045)
(-0.04820874748 -1.0855 -1.923)
(-0.04820874748 -1.0855 -1.801)
(-0.04820874748 -1.0855 -1.679)
(-0.04820874748 -1.0855 -1.557)
(-0.09641749495 -1.002 -2.045)
(-0.09641749495 -1.002 -1.923)
(-0.09641749495 -1.002 -1.801)
(-0.09641749495 -1.002 -1.679)
(-0.09641749495 -1.002 -1.557)
(-0.1446262424 -0.9185 -2.045)
(-0.1446262424 -0.9185 -1.923)
(-0.1446262424 -0.9185 -1.801)
(-0.1446262424 -0.9185 -1.679)
(-0.1446262424 -0.9185 -1.557)
(-0.04820874748 -0.9185 -2.045)
(-0.04820874748 -0.9185 -1.923)
(-0.04820874748 -0.9185 -1.801)
(-0.04820874748 -0.9185 -1.679)
(-0.04820874748 -0.9185 -1.557)
(-0.09641749495 -0.835 -2.045)
(-0.09641749495 -0.835 -1.923)
(-0.09641749495 -0.835 -1.801)
(-0.09641749495 -0.835 -1.679)
(-0.09641749495 -0.835 -1.557)
(-0.1446262424 -0.7515 -2.045)
(-0.1446262424 -0.7515 -1.923)
(-0.1446262424 -0.7515 -1.801)
(-0.1446262424 -0.7515 -1.679)
(-0.1446262424 -0.7515 -1.557)
(-0.04820874748 -0.7515 -2.045)
(-0.04820874748 -0.7515 -1.923)
(-0.04820874748 -0.7515 -1.801)
(-0.04820874748 -0.7515 -1.679)
(-0.04820874748 -0.7515 -1.557)
(-0.09641749495 -0.668 -2.045)
(-0.09641749495 -0.668 -1.923)
(-0.09641749495 -0.668 -1.801)
(-0.09641749495 -0.668 -1.679)
(-0.09641749495 -0.668 -1.557)
(-0.1446262424 -0.5845 -2.045)
(-0.1446262424 -0.5845 -1.923)
(-0.1446262424 -0.5845 -1.801)
(-0.1446262424 -0.5845 -1.679)
(-0.1446262424 -0.5845 -1.557)
(-0.04820874748 -0.5845 -2.045)
(-0.04820874748 -0.5845 -1.923)
(-0.04820874748 -0.5845 -1.801)
(-0.04820874748 -0.5845 -1.679)
(-0.04820874748 -0.5845 -1.557)
(-0.09641749495 -0.501 -2.045)
(-0.09641749495 -0.501 -1.923)
(-0.09641749495 -0.501 -1.801)
(-0.09641749495 -0.501 -1.679)
(-0.09641749495 -0.501 -1.557)
(-0.1446262424 -0.4175 -2.045)
(-0.1446262424 -0.4175 -1.923)
(-0.1446262424 -0.4175 -1.801)
(-0.1446262424 -0.4175 -1.679)
(-0.1446262424 -0.4175 -1.557)
(-0.04820874748 -0.4175 -2.045)
(-0.04820874748 -0.4175 -1.923)
(-0.04820874748 -0.4175 -1.801)
(-0.04820874748 -0.4175 -1.679)
(-0.04820874748 -0.4175 -1.557)
(-0.09641749495 -0.334 -2.045)
(-0.09641749495 -0.334 -1.923)
(-0.09641749495 -0.334 -1.801)
(-0.09641749495 -0.334 -1.679)
(-0.09641749495 -0.334 -1.557)
(-0.1446262424 -0.2505 -2.045)
(-0.1446262424 -0.2505 -1.923)
(-0.1446262424 -0.2505 -1.801)
(-0.1446262424 -0.2505 -1.679)
(-0.1446262424 -0.2505 -1.557)
(-0.04820874748 -0.2505 -2.045)
(-0.04820874748 -0.2505 -1.923)
(-0.04820874748 -0.2505 -1.801)
(-0.04820874748 -0.2505 -1.679)
(-0.04820874748 -0.2505 -1.557)
(-0.09641749495 -0.167 -2.045)
(-0.09641749495 -0.167 -1.923)
(-0.09641749495 -0.167 -1.801)
(-0.09641749495 -0.167 -1.679)
(-0.09641749495 -0.167 -1.557)
(-0.1446262424 -0.0835 -2.045)
(-0.1446262424 -0.0835 -1.923)
(-0.1446262424 -0.0835 -1.801)
(-0.1446262424 -0.0835 -1.679)
(-0.1446262424 -0.0835 -1.557)
(-0.04820874748 -0.0835 -2.045)
(-0.04820874748 -0.0835 -1.923)
(-0.04820874748 -0.0835 -1.801)
(-0.04820874748 -0.0835 -1.679)
(-0.04820874748 -0.0835 -1.557)
(-0.09641749495 0 -2.045)
(-0.09641749495 0 -1.923)
(-0.09641749495 0 -1.801)
(-0.09641749495 0 -1.679)
(-0.09641749495 0 -1.557)
(-0.1446262424 0.0835 -2.045)
(-0.1446262424 0.0835 -1.923)
(-0.1446262424 0.0835 -1.801)
(-0.1446262424 0.0835 -1.679)
(-0.1446262424 0.0835 -1.557)
(-0.04820874748 0.0835 -2.045)
(-0.04820874748 0.0835 -1.923)
(-0.04820874748 0.0835 -1.801)
(-0.04820874748 0.0835 -1.679)
(-0.04820874748 0.0835 -1.557)
(-0.09641749495 0.167 -2.045)
(-0.09641749495 0.167 -1.923)
(-0.09641749495 0.167 -1.801)
(-0.09641749495 0.167 -1.679)
(-0.09641749495 0.167 -1.557)
(-0.1446262424 0.2505 -2.045)
(-0.1446262424 0.2505 -1.923)
(-0.1446262424 0.2505 -1.801)
(-0.1446262424 0.2505 -1.679)
(-0.1446262424 0.2505 -1.557)
(-0.04820874748 0.2505 -2.045)
(-0.04820874748 0.2505 -1.923)
(-0.04820874748 0.2505 -1.801)
(-0.04820874748 0.2505 -1.679)
(-0.04820874748 0.2505 -1.557)
(-0.09641749495 0.334 -2.045)
(-0.09641749495 0.334 -1.923)
(-0.09641749495 0.334 -1.801)
(-0.09641749495 0.334 -1.679)
(-0.09641749495 0.334 -1.557)
(-0.1446262424 0.4175 -2.045)
(-0.1446262424 0.4175 -1.923)
(-0.1446262424 0.4175 -1.801)
(-0.1446262424 0.4175 -1.679)
(-0.1446262424 0.4175 -1.557)
(-0.04820874748 0.4175 -2.045)
(-0.04820874748 0.4175 -1.923)
(-0.04820874748 0.4175 -1.801)
(-0.04820874748 0.4175 -1.679)
(-0.04820874748 0.4175 -1.557)
(-0.09641749495 0.501 -2.045)
(-0.09641749495 0.501 -1.923)
(-0.09641749495 0.501 -1.801)
(-0.09641749495 0.501 -1.679)
(-0.09641749495 0.501 -1.557)
(-0.1446262424 0.5845 -2.045)
(-0.1446262424 0.5845 -1.923)
(-0.1446262424 0.5845 -1.801)
(-0.1446262424 0.5845 -1.679)
(-0.1446262424 0.5845 -1.557)
(-0.04820874748 0.5845 -2.045)
(-0.04820874748 0.5845 -1.923)
(-0.04820874748 0.5845 -1.801)
(-0.04820874748 0.5845 -1.679)
(-0.04820874748 0.5845 -1.557)
(-0.09641749495 0.668 -2.045)
(-0.09641749495 0.668 -1.923)
(-0.09641749495 0.668 -1.801)
(-0.09641749495 0.668 -1.679)
(-0.09641749495 0.668 -1.557)
(-0.1446262424 0.7515 -2.045)
(-0.1446262424 0.7515 -1.923)
(-0.1446262424 0.7515 -1.801)
(-0.1446262424 0.7515 -1.679)
(-0.1446262424 0.7515 -1.557)
(-0.04820874748 0.7515 -2.045)
(-0.04820874748 0.7515 -1.923)
(-0.04820874748 0.7515 -1.801)
(-0.04820874748 0.7515 -1.679)
(-0.04820874748 0.7515 -1.557)
(-0.09641749495 0.835 -2.045)
(-0.09641749495 0.835 -1.923)
(-0.09641749495 0.835 -1.801)
(-0.09641749495 0.835 -1.679)
(-0.09641749495 0.835 -1.557)
(-0.1446262424 0.9185 -2.045)
(-0.1446262424 0.9185 -1.923)
(-0.1446262424 0.9185 -1.801)
(-0.1446262424 0.9185 -1.679)
(-0.1446262424 0.9185 -1.557)
(-0.04820874748 0.9185 -2.045)
(-0.04820874748 0.9185 -1.923)
(-0.04820874748 0.9185 -1.801)
(-0.04820874748 0.9185 -1.679)
(-0.04820874748 0.9185 -1.557)
(-0.09641749495 1.002 -2.045)
(-0.09641749495 1.002 -1.923)
(-0.09641749495 1.002 -1.801)
(-0.09641749495 1.002 -1.679)
(-0.09641749495 1.002 -1.557)
(-0.1446262424 1.0855 -2.045)
(-0.1446262424 1.0855 -1.923)
(-0.1446262424 1.0855 -1.801)
(-0.1446262424 1.0855 -1.679)
(-0.1446262424 1.0855 -1.557)
(-0.04820874748 1.0855 -2.045)
(-0.04820874748 1.0855 -1.923)
(-0.04820874748 1.0855 -1.801)
(-0.04820874748 1.0855 -1.679)
(-0.04820874748 1.0855 -1.557)
(-0.09641749495 1.169 -2.045)
(-0.09641749495 1.169 -1.923)
(-0.09641749495 1.169 -1.801)
(-0.09641749495 1.169 -1.679)
(-0.09641749495 1.169 -1.557)
(-0.1446262424 1.2525 -2.045)
(-0.1446262424 1.2525 -1.923)
(-0.1446262424 1.2525 -1.801)
(-0.1446262424 1.2525 -1.679)
(-0.1446262424 1.2525 -1.557)
(-0.04820874748 1.2525 -2.045)
(-0.04820874748 1.2525 -1.923)
(-0.04820874748 1.2525 -1.801)
(-0.04820874748 1.2525 -1.679)
(-0.04820874748 1.2525 -1.557)
(-0.09641749495 1.336 -2.045)
(-0.09641749495 1.336 -1.923)
(-0.09641749495 1.336 -1.801)
(-0.09641749495 1.336 -1.679)
(-0.09641749495 1.336 -1.557)
(-0.04820874748 -1.4195 -2.045)
(0.04820874748 -1.4195 -2.045)
(0 -1.336 -2.045)
(-0.04820874748 -1.4195 -1.923)
(0.04820874748 -1.4195 -1.923)
(0 -1.336 -1.923)
(-0.04820874748 -1.4195 -1.801)
(0.04820874748 -1.4195 -1.801)
(0 -1.336 -1.801)
(-0.04820874748 -1.4195 -1.679)
(0.04820874748 -1.4195 -1.679)
(0 -1.336 -1.679)
(-0.04820874748 -1.4195 -1.557)
(0.04820874748 -1.4195 -1.557)
(0 -1.336 -1.557)
(0.09641749495 -1.336 -2.045)
(0.09641749495 -1.336 -1.923)
(0.09641749495 -1.336 -1.801)
(0.09641749495 -1.336 -1.679)
(0.09641749495 -1.336 -1.557)
(0.04820874748 -1.2525 -2.045)
(0.04820874748 -1.2525 -1.923)
(0.04820874748 -1.2525 -1.801)
(0.04820874748 -1.2525 -1.679)
(0.04820874748 -1.2525 -1.557)
(0 -1.169 -2.045)
(0 -1.169 -1.923)
(0 -1.169 -1.801)
(0 -1.169 -1.679)
(0 -1.169 -1.557)
(0.09641749495 -1.169 -2.045)
(0.09641749495 -1.169 -1.923)
(0.09641749495 -1.169 -1.801)
(0.09641749495 -1.169 -1.679)
(0.09641749495 -1.169 -1.557)
(0.04820874748 -1.0855 -2.045)
(0.04820874748 -1.0855 -1.923)
(0.04820874748 -1.0855 -1.801)
(0.04820874748 -1.0855 -1.679)
(0.04820874748 -1.0855 -1.557)
(0 -1.002 -2.045)
(0 -1.002 -1.923)
(0 -1.002 -1.801)
(0 -1.002 -1.679)
(0 -1.002 -1.557)
(0.09641749495 -1.002 -2.045)
(0.09641749495 -1.002 -1.923)
(0.09641749495 -1.002 -1.801)
(0.09641749495 -1.002 -1.679)
(0.09641749495 -1.002 -1.557)
(0.04820874748 -0.9185 -2.045)
(0.04820874748 -0.9185 -1.923)
(0.04820874748 -0.9185 -1.801)
(0.04820874748 -0.9185 -1.679)
(0.04820874748 -0.9185 -1.557)
(0 -0.835 -2.045)
(0 -0.835 -1.923)
(0 -0.835 -1.801)
(0 -0.835 -1.679)
(0 -0.835 -1.557)
(0.09641749495 -0.835 -2.045)
(0.09641749495 -0.835 -1.923)
(0.09641749495 -0.835 -1.801)
(0.09641749495 -0.835 -1.679)
(0.09641749495 -0.835 -1.557)
(0.04820874748 -0.7515 -2.045)
(0.04820874748 -0.7515 -1.923)
(0.04820874748 -0.7515 -1.801)
(0.04820874748 -0.7515 -1.679)
(0.04820874748 -0.7515 -1.557)
(0 -0.668 -2.045)
(0 -0.668 -1.923)
(0 -0.668 -1.801)
(0 -0.668 -1.679)
(0 -0.668 -1.557)
(0.09641749495 -0.668 -2.045)
(0.09641749495 -0.668 -1.923)
(0.09641749495 -0.668 -1.801)
(0.09641749495 -0.668 -1.679)
(0.09641749495 -0.668 -1.557)
(0.04820874748 -0.5845 -2.045)
(0.04820874748 -0.5845 -1.923)
(0.04820874748 -0.5845 -1.801)
(0.04820874748 -0.5845 -1.679)
(0.04820874748 -0.5845 -1.557)
(0 -0.501 -2.045)
(0 -0.501 -1.923)
(0 -0.501 -1.801)
(0 -0.501 -1.679)
(0 -0.501 -1.557)
(0.09641749495 -0.501 -2.045)
(0.09641749495 -0.501 -1.923)
(0.09641749495 -0.501 -1.801)
(0.09641749495 -0.501 -1.679)
(0.09641749495 -0.501 -1.557)
(0.04820874748 -0.4175 -2.045)
(0.04820874748 -0.4175 -1.923)
(0.04820874748 -0.4175 -1.801)
(0.04820874748 -0.4175 -1.679)
(0.04820874748 -0.4175 -1.557)
(0 -0.334 -2.045)
(0 -0.334 -1.923)
(0 -0.334 -1.801)
(0 -0.334 -1.679)
(0 -0.334 -1.557)
(0.09641749495 -0.334 -2.045)
(0.09641749495 -0.334 -1.923)
(0.09641749495 -0.334 -1.801)
(0.09641749495 -0.334 -1.679)
(0.09641749495 -0.334 -1.557)
(0.04820874748 -0.2505 -2.045)
(0.04820874748 -0.2505 -1.923)
(0.04820874748 -0.2505 -1.801)
(0.04820874748 -0.2505 -1.679)
(0.04820874748 -0.2505 -1.557)
(0 -0.167 -2.045)
(0 -0.167 -1.923)
(0 -0.167 -1.801)
(0 -0.167 -1.679)
(0 -0.167 -1.557)
(0.09641749495 -0.167 -2.045)
(0.09641749495 -0.167 -1.923)
(0.09641749495 -0.167 -1.801)
(0.09641749495 -0.167 -1.679)
(0.09641749495 -0.167 -1.557)
(0.04820874748 -0.0835 -2.045)
(0.04820874748 -0.0835 -1.923)
(0.04820874748 -0.0835 -1.801)
(0.04820874748 -0.0835 -1.679)
(0.04820874748 -0.0835 -1.557)
(0 0 -2.045)
(0 0 -1.923)
(0 0 -1.801)
(0 0 -1.679)
(0 0 -1.557)
(0.09641749495 0 -2.045)
(0.09641749495 0 -1.923)
(0.09641749495 0 -1.801)
(0.09641749495 0 -1.679)
(0.09641749495 0 -1.557)
(0.04820874748 0.0835 -2.045)
(0.04820874748 0.0835 -1.923)
(0.04820874748 0.0835 -1.801)
(0.04820874748 0.0835 -1.679)
(0.04820874748 0.0835 -1.557)
(0 0.167 -2.045)
(0 0.167 -1.923)
(0 0.167 -1.801)
(0 0.167 -1.679)
(0 0.167 -1.557)
(0.09641749495 0.167 -2.045)
(0.09641749495 0.167 -1.923)
(0.09641749495 0.167 -1.801)
(0.09641749495 0.167 -1.679)
(0.09641749495 0.167 -1.557)
(0.04820874748 0.2505 -2.045)
(0.04820874748 0.2505 -1.923)
(0.04820874748 0.2505 -1.801)
(0.04820874748 0.2505 -1.679)
(0.04820874748 0.2505 -1.557)
(0 0.334 -2.045)
(0 0.334 -1.923)
(0 0.334 -1.801)
(0 0.334 -1.679)
(0 0.334 -1.557)
(0.09641749495 0.334 -2.045)
(0.09641749495 0.334 -1.923)
(0.09641749495 0.334 -1.801)
(0.09641749495 0.334 -1.679)
(0.09641749495 0.334 -1.557)
(0.04820874748 0.4175 -2.045)
(0.04820874748 0.4175 -1.923)
(0.04820874748 0.4175 -1.801)
(0.04820874748 0.4175 -1.679)
(0.04820874748 0.4175 -1.557)
(0 0.501 -2.045)
(0 0.501 -1.923)
(0 0.501 -1.801)
(0 0.501 -1.679)
(0 0.501 -1.557)
(0.09641749495 0.501 -2.045)
(0.09641749495 0.501 -1.923)
(0.09641749495 0.501 -1.801)
(0.09641749495 0.501 -1.679)
(0.09641749495 0.501 -1.557)
(0.04820874748 0.5845 -2.045)
(0.04820874748 0.5845 -1.923)
(0.04820874748 0.5845 -1.801)
(0.04820874748 0.5845 -1.679)
(0.04820874748 0.5845 -1.557)
(0 0.668 -2.045)
(0 0.668 -1.923)
(0 0.668 -1.801)
(0 0.668 -1.679)
(0 0.668 -1.557)
(0.09641749495 0.668 -2.045)
(0.09641749495 0.668 -1.923)
(0.09641749495 0.668 -1.801)
(0.09641749495 0.668 -1.679)
(0.09641749495 0.668 -1.557)
(0.04820874748 0.7515 -2.045)
(0.04820874748 0.7515 -1.923)
(0.04820874748 0.7515 -1.801)
(0.04820874748 0.7515 -1.679)
(0.04820874748 0.7515 -1.557)
(0 0.835 -2.045)
(0 0.835 -1.923)
(0 0.835 -1.801)
(0 0.835 -1.679)
(0 0.835 -1.557)
(0.09641749495 0.835 -2.045)
(0.09641749495 0.835 -1.923)
(0.09641749495 0.835 -1.801)
(0.09641749495 0.835 -1.679)
(0.09641749495 0.835 -1.557)
(0.04820874748 0.9185 -2.045)
(0.04820874748 0.9185 -1.923)
(0.04820874748 0.9185 -1.801)
(0.04820874748 0.9185 -1.679)
(0.04820874748 0.9185 -1.557)
(0 1.002 -2.045)
(0 1.002 -1.923)
(0 1.002 -1.801)
(0 1.002 -1.679)
(0 1.002 -1.557)
(0.09641749495 1.002 -2.045)
(0.09641749495 1.002 -1.923)
(0.09641749495 1.002 -1.801)
(0.09641749495 1.002 -1.679)
(0.09641749495 1.002 -1.557)
(0.04820874748 1.0855 -2.045)
(0.04820874748 1.0855 -1.923)
(0.04820874748 1.0855 -1.801)
(0.04820874748 1.0855 -1.679)
(0.04820874748 1.0855 -1.557)
(0 1.169 -2.045)
(0 1.169 -1.923)
(0 1.169 -1.801)
(0 1.169 -1.679)
(0 1.169 -1.557)
(0.09641749495 1.169 -2.045)
(0.09641749495 1.169 -1.923)
(0.09641749495 1.169 -1.801)
(0.09641749495 1.169 -1.679)
(0.09641749495 1.169 -1.557)
(0.04820874748 1.2525 -2.045)
(0.04820874748 1.2525 -1.923)
(0.04820874748 1.2525 -1.801)
(0.04820874748 1.2525 -1.679)
(0.04820874748 1.2525 -1.557)
(0 1.336 -2.045)
(0 1.336 -1.923)
(0 1.336 -1.801)
(0 1.336 -1.679)
(0 1.336 -1.557)
(0.09641749495 1.336 -2.045)
(0.09641749495 1.336 -1.923)
(0.09641749495 1.336 -1.801)
(0.09641749495 1.336 -1.679)
(0.09641749495 1.336 -1.557)
(-0.04820874748 1.4195 -2.045)
(0.04820874748 1.4195 -2.045)
(-0.04820874748 1.4195 -1.923)
(0.04820874748 1.4195 -1.923)
(-0.04820874748 1.4195 -1.801)
(0.04820874748 1.4195 -1.801)
(-0.04820874748 1.4195 -1.679)
(0.04820874748 1.4195 -1.679)
(-0.04820874748 1.4195 -1.557)
(0.04820874748 1.4195 -1.557)
(0.1928349899 -1.336 -2.045)
(0.1446262424 -1.2525 -2.045)
(0.1928349899 -1.336 -1.923)
(0.1446262424 -1.2525 -1.923)
(0.1928349899 -1.336 -1.801)
(0.1446262424 -1.2525 -1.801)
(0.1928349899 -1.336 -1.679)
(0.1446262424 -1.2525 -1.679)
(0.1928349899 -1.336 -1.557)
(0.1446262424 -1.2525 -1.557)
(0.2410437374 -1.2525 -2.045)
(0.2410437374 -1.2525 -1.923)
(0.2410437374 -1.2525 -1.801)
(0.2410437374 -1.2525 -1.679)
(0.2410437374 -1.2525 -1.557)
(0.1928349899 -1.169 -2.045)
(0.1928349899 -1.169 -1.923)
(0.1928349899 -1.169 -1.801)
(0.1928349899 -1.169 -1.679)
(0.1928349899 -1.169 -1.557)
(0.1446262424 -1.0855 -2.045)
(0.1446262424 -1.0855 -1.923)
(0.1446262424 -1.0855 -1.801)
(0.1446262424 -1.0855 -1.679)
(0.1446262424 -1.0855 -1.557)
(0.2410437374 -1.0855 -2.045)
(0.2410437374 -1.0855 -1.923)
(0.2410437374 -1.0855 -1.801)
(0.2410437374 -1.0855 -1.679)
(0.2410437374 -1.0855 -1.557)
(0.1928349899 -1.002 -2.045)
(0.1928349899 -1.002 -1.923)
(0.1928349899 -1.002 -1.801)
(0.1928349899 -1.002 -1.679)
(0.1928349899 -1.002 -1.557)
(0.1446262424 -0.9185 -2.045)
(0.1446262424 -0.9185 -1.923)
(0.1446262424 -0.9185 -1.801)
(0.1446262424 -0.9185 -1.679)
(0.1446262424 -0.9185 -1.557)
(0.2410437374 -0.9185 -2.045)
(0.2410437374 -0.9185 -1.923)
(0.2410437374 -0.9185 -1.801)
(0.2410437374 -0.9185 -1.679)
(0.2410437374 -0.9185 -1.557)
(0.1928349899 -0.835 -2.045)
(0.1928349899 -0.835 -1.923)
(0.1928349899 -0.835 -1.801)
(0.1928349899 -0.835 -1.679)
(0.1928349899 -0.835 -1.557)
(0.1446262424 -0.7515 -2.045)
(0.1446262424 -0.7515 -1.923)
(0.1446262424 -0.7515 -1.801)
(0.1446262424 -0.7515 -1.679)
(0.1446262424 -0.7515 -1.557)
(0.2410437374 -0.7515 -2.045)
(0.2410437374 -0.7515 -1.923)
(0.2410437374 -0.7515 -1.801)
(0.2410437374 -0.7515 -1.679)
(0.2410437374 -0.7515 -1.557)
(0.1928349899 -0.668 -2.045)
(0.1928349899 -0.668 -1.923)
(0.1928349899 -0.668 -1.801)
(0.1928349899 -0.668 -1.679)
(0.1928349899 -0.668 -1.557)
(0.1446262424 -0.5845 -2.045)
(0.1446262424 -0.5845 -1.923)
(0.1446262424 -0.5845 -1.801)
(0.1446262424 -0.5845 -1.679)
(0.1446262424 -0.5845 -1.557)
(0.2410437374 -0.5845 -2.045)
(0.2410437374 -0.5845 -1.923)
(0.2410437374 -0.5845 -1.801)
(0.2410437374 -0.5845 -1.679)
(0.2410437374 -0.5845 -1.557)
(0.1928349899 -0.501 -2.045)
(0.1928349899 -0.501 -1.923)
(0.1928349899 -0.501 -1.801)
(0.1928349899 -0.501 -1.679)
(0.1928349899 -0.501 -1.557)
(0.1446262424 -0.4175 -2.045)
(0.1446262424 -0.4175 -1.923)
(0.1446262424 -0.4175 -1.801)
(0.1446262424 -0.4175 -1.679)
(0.1446262424 -0.4175 -1.557)
(0.2410437374 -0.4175 -2.045)
(0.2410437374 -0.4175 -1.923)
(0.2410437374 -0.4175 -1.801)
(0.2410437374 -0.4175 -1.679)
(0.2410437374 -0.4175 -1.557)
(0.1928349899 -0.334 -2.045)
(0.1928349899 -0.334 -1.923)
(0.1928349899 -0.334 -1.801)
(0.1928349899 -0.334 -1.679)
(0.1928349899 -0.334 -1.557)
(0.1446262424 -0.2505 -2.045)
(0.1446262424 -0.2505 -1.923)
(0.1446262424 -0.2505 -1.801)
(0.1446262424 -0.2505 -1.679)
(0.1446262424 -0.2505 -1.557)
(0.2410437374 -0.2505 -2.045)
(0.2410437374 -0.2505 -1.923)
(0.2410437374 -0.2505 -1.801)
(0.2410437374 -0.2505 -1.679)
(0.2410437374 -0.2505 -1.557)
(0.1928349899 -0.167 -2.045)
(0.1928349899 -0.167 -1.923)
(0.1928349899 -0.167 -1.801)
(0.1928349899 -0.167 -1.679)
(0.1928349899 -0.167 -1.557)
(0.1446262424 -0.0835 -2.045)
(0.1446262424 -0.0835 -1.923)
(0.1446262424 -0.0835 -1.801)
(0.1446262424 -0.0835 -1.679)
(0.1446262424 -0.0835 -1.557)
(0.2410437374 -0.0835 -2.045)
(0.2410437374 -0.0835 -1.923)
(0.2410437374 -0.0835 -1.801)
(0.2410437374 -0.0835 -1.679)
(0.2410437374 -0.0835 -1.557)
(0.1928349899 0 -2.045)
(0.1928349899 0 -1.923)
(0.1928349899 0 -1.801)
(0.1928349899 0 -1.679)
(0.1928349899 0 -1.557)
(0.1446262424 0.0835 -2.045)
(0.1446262424 0.0835 -1.923)
(0.1446262424 0.0835 -1.801)
(0.1446262424 0.0835 -1.679)
(0.1446262424 0.0835 -1.557)
(0.2410437374 0.0835 -2.045)
(0.2410437374 0.0835 -1.923)
(0.2410437374 0.0835 -1.801)
(0.2410437374 0.0835 -1.679)
(0.2410437374 0.0835 -1.557)
(0.1928349899 0.167 -2.045)
(0.1928349899 0.167 -1.923)
(0.1928349899 0.167 -1.801)
(0.1928349899 0.167 -1.679)
(0.1928349899 0.167 -1.557)
(0.1446262424 0.2505 -2.045)
(0.1446262424 0.2505 -1.923)
(0.1446262424 0.2505 -1.801)
(0.1446262424 0.2505 -1.679)
(0.1446262424 0.2505 -1.557)
(0.2410437374 0.2505 -2.045)
(0.2410437374 0.2505 -1.923)
(0.2410437374 0.2505 -1.801)
(0.2410437374 0.2505 -1.679)
(0.2410437374 0.2505 -1.557)
(0.1928349899 0.334 -2.045)
(0.1928349899 0.334 -1.923)
(0.1928349899 0.334 -1.801)
(0.1928349899 0.334 -1.679)
(0.1928349899 0.334 -1.557)
(0.1446262424 0.4175 -2.045)
(0.1446262424 0.4175 -1.923)
(0.1446262424 0.4175 -1.801)
(0.1446262424 0.4175 -1.679)
(0.1446262424 0.4175 -1.557)
(0.2410437374 0.4175 -2.045)
(0.2410437374 0.4175 -1.923)
(0.2410437374 0.4175 -1.801)
(0.2410437374 0.4175 -1.679)
(0.2410437374 0.4175 -1.557)
(0.1928349899 0.501 -2.045)
(0.1928349899 0.501 -1.923)
(0.1928349899 0.501 -1.801)
(0.1928349899 0.501 -1.679)
(0.1928349899 0.501 -1.557)
(0.1446262424 0.5845 -2.045)
(0.1446262424 0.5845 -1.923)
(0.1446262424 0.5845 -1.801)
(0.1446262424 0.5845 -1.679)
(0.1446262424 0.5845 -1.557)
(0.2410437374 0.5845 -2.045)
(0.2410437374 0.5845 -1.923)
(0.2410437374 0.5845 -1.801)
(0.2410437374 0.5845 -1.679)
(0.2410437374 0.5845 -1.557)
(0.1928349899 0.668 -2.045)
(0.1928349899 0.668 -1.923)
(0.1928349899 0.668 -1.801)
(0.1928349899 0.668 -1.679)
(0.1928349899 0.668 -1.557)
(0.1446262424 0.7515 -2.045)
(0.1446262424 0.7515 -1.923)
(0.1446262424 0.7515 -1.801)
(0.1446262424 0.7515 -1.679)
(0.1446262424 0.7515 -1.557)
(0.2410437374 0.7515 -2.045)
(0.2410437374 0.7515 -1.923)
(0.2410437374 0.7515 -1.801)
(0.2410437374 0.7515 -1.679)
(0.2410437374 0.7515 -1.557)
(0.1928349899 0.835 -2.045)
(0.1928349899 0.835 -1.923)
(0.1928349899 0.835 -1.801)
(0.1928349899 0.835 -1.679)
(0.1928349899 0.835 -1.557)
(0.1446262424 0.9185 -2.045)
(0.1446262424 0.9185 -1.923)
(0.1446262424 0.9185 -1.801)
(0.1446262424 0.9185 -1.679)
(0.1446262424 0.9185 -1.557)
(0.2410437374 0.9185 -2.045)
(0.2410437374 0.9185 -1.923)
(0.2410437374 0.9185 -1.801)
(0.2410437374 0.9185 -1.679)
(0.2410437374 0.9185 -1.557)
(0.1928349899 1.002 -2.045)
(0.1928349899 1.002 -1.923)
(0.1928349899 1.002 -1.801)
(0.1928349899 1.002 -1.679)
(0.1928349899 1.002 -1.557)
(0.1446262424 1.0855 -2.045)
(0.1446262424 1.0855 -1.923)
(0.1446262424 1.0855 -1.801)
(0.1446262424 1.0855 -1.679)
(0.1446262424 1.0855 -1.557)
(0.2410437374 1.0855 -2.045)
(0.2410437374 1.0855 -1.923)
(0.2410437374 1.0855 -1.801)
(0.2410437374 1.0855 -1.679)
(0.2410437374 1.0855 -1.557)
(0.1928349899 1.169 -2.045)
(0.1928349899 1.169 -1.923)
(0.1928349899 1.169 -1.801)
(0.1928349899 1.169 -1.679)
(0.1928349899 1.169 -1.557)
(0.1446262424 1.2525 -2.045)
(0.1446262424 1.2525 -1.923)
(0.1446262424 1.2525 -1.801)
(0.1446262424 1.2525 -1.679)
(0.1446262424 1.2525 -1.557)
(0.2410437374 1.2525 -2.045)
(0.2410437374 1.2525 -1.923)
(0.2410437374 1.2525 -1.801)
(0.2410437374 1.2525 -1.679)
(0.2410437374 1.2525 -1.557)
(0.1928349899 1.336 -2.045)
(0.1928349899 1.336 -1.923)
(0.1928349899 1.336 -1.801)
(0.1928349899 1.336 -1.679)
(0.1928349899 1.336 -1.557)
(0.2410437374 -1.4195 -2.045)
(0.3374612323 -1.4195 -2.045)
(0.2892524849 -1.336 -2.045)
(0.2410437374 -1.4195 -1.923)
(0.3374612323 -1.4195 -1.923)
(0.2892524849 -1.336 -1.923)
(0.2410437374 -1.4195 -1.801)
(0.3374612323 -1.4195 -1.801)
(0.2892524849 -1.336 -1.801)
(0.2410437374 -1.4195 -1.679)
(0.3374612323 -1.4195 -1.679)
(0.2892524849 -1.336 -1.679)
(0.2410437374 -1.4195 -1.557)
(0.3374612323 -1.4195 -1.557)
(0.2892524849 -1.336 -1.557)
(0.3856699798 -1.336 -2.045)
(0.3856699798 -1.336 -1.923)
(0.3856699798 -1.336 -1.801)
(0.3856699798 -1.336 -1.679)
(0.3856699798 -1.336 -1.557)
(0.3374612323 -1.2525 -2.045)
(0.3374612323 -1.2525 -1.923)
(0.3374612323 -1.2525 -1.801)
(0.3374612323 -1.2525 -1.679)
(0.3374612323 -1.2525 -1.557)
(0.2892524849 -1.169 -2.045)
(0.2892524849 -1.169 -1.923)
(0.2892524849 -1.169 -1.801)
(0.2892524849 -1.169 -1.679)
(0.2892524849 -1.169 -1.557)
(0.3856699798 -1.169 -2.045)
(0.3856699798 -1.169 -1.923)
(0.3856699798 -1.169 -1.801)
(0.3856699798 -1.169 -1.679)
(0.3856699798 -1.169 -1.557)
(0.3374612323 -1.0855 -2.045)
(0.3374612323 -1.0855 -1.923)
(0.3374612323 -1.0855 -1.801)
(0.3374612323 -1.0855 -1.679)
(0.3374612323 -1.0855 -1.557)
(0.2892524849 -1.002 -2.045)
(0.2892524849 -1.002 -1.923)
(0.2892524849 -1.002 -1.801)
(0.2892524849 -1.002 -1.679)
(0.2892524849 -1.002 -1.557)
(0.3856699798 -1.002 -2.045)
(0.3856699798 -1.002 -1.923)
(0.3856699798 -1.002 -1.801)
(0.3856699798 -1.002 -1.679)
(0.3856699798 -1.002 -1.557)
(0.3374612323 -0.9185 -2.045)
(0.3374612323 -0.9185 -1.923)
(0.3374612323 -0.9185 -1.801)
(0.3374612323 -0.9185 -1.679)
(0.3374612323 -0.9185 -1.557)
(0.2892524849 -0.835 -2.045)
(0.2892524849 -0.835 -1.923)
(0.2892524849 -0.835 -1.801)
(0.2892524849 -0.835 -1.679)
(0.2892524849 -0.835 -1.557)
(0.3856699798 -0.835 -2.045)
(0.3856699798 -0.835 -1.923)
(0.3856699798 -0.835 -1.801)
(0.3856699798 -0.835 -1.679)
(0.3856699798 -0.835 -1.557)
(0.3374612323 -0.7515 -2.045)
(0.3374612323 -0.7515 -1.923)
(0.3374612323 -0.7515 -1.801)
(0.3374612323 -0.7515 -1.679)
(0.3374612323 -0.7515 -1.557)
(0.2892524849 -0.668 -2.045)
(0.2892524849 -0.668 -1.923)
(0.2892524849 -0.668 -1.801)
(0.2892524849 -0.668 -1.679)
(0.2892524849 -0.668 -1.557)
(0.3856699798 -0.668 -2.045)
(0.3856699798 -0.668 -1.923)
(0.3856699798 -0.668 -1.801)
(0.3856699798 -0.668 -1.679)
(0.3856699798 -0.668 -1.557)
(0.3374612323 -0.5845 -2.045)
(0.3374612323 -0.5845 -1.923)
(0.3374612323 -0.5845 -1.801)
(0.3374612323 -0.5845 -1.679)
(0.3374612323 -0.5845 -1.557)
(0.2892524849 -0.501 -2.045)
(0.2892524849 -0.501 -1.923)
(0.2892524849 -0.501 -1.801)
(0.2892524849 -0.501 -1.679)
(0.2892524849 -0.501 -1.557)
(0.3856699798 -0.501 -2.045)
(0.3856699798 -0.501 -1.923)
(0.3856699798 -0.501 -1.801)
(0.3856699798 -0.501 -1.679)
(0.3856699798 -0.501 -1.557)
(0.3374612323 -0.4175 -2.045)
(0.3374612323 -0.4175 -1.923)
(0.3374612323 -0.4175 -1.801)
(0.3374612323 -0.4175 -1.679)
(0.3374612323 -0.4175 -1.557)
(0.2892524849 -0.334 -2.045)
(0.2892524849 -0.334 -1.923)
(0.2892524849 -0.334 -1.801)
(0.2892524849 -0.334 -1.679)
(0.2892524849 -0.334 -1.557)
(0.3856699798 -0.334 -2.045)
(0.3856699798 -0.334 -1.923)
(0.3856699798 -0.334 -1.801)
(0.3856699798 -0.334 -1.679)
(0.3856699798 -0.334 -1.557)
(0.3374612323 -0.2505 -2.045)
(0.3374612323 -0.2505 -1.923)
(0.3374612323 -0.2505 -1.801)
(0.3374612323 -0.2505 -1.679)
(0.3374612323 -0.2505 -1.557)
(0.2892524849 -0.167 -2.045)
(0.2892524849 -0.167 -1.923)
(0.2892524849 -0.167 -1.801)
(0.2892524849 -0.167 -1.679)
(0.2892524849 -0.167 -1.557)
(0.3856699798 -0.167 -2.045)
(0.3856699798 -0.167 -1.923)
(0.3856699798 -0.167 -1.801)
(0.3856699798 -0.167 -1.679)
(0.3856699798 -0.167 -1.557)
(0.3374612323 -0.0835 -2.045)
(0.3374612323 -0.0835 -1.923)
(0.3374612323 -0.0835 -1.801)
(0.3374612323 -0.0835 -1.679)
(0.3374612323 -0.0835 -1.557)
(0.2892524849 0 -2.045)
(0.2892524849 0 -1.923)
(0.2892524849 0 -1.801)
(0.2892524849 0 -1.679)
(0.2892524849 0 -1.557)
(0.3856699798 0 -2.045)
(0.3856699798 0 -1.923)
(0.3856699798 0 -1.801)
(0.3856699798 0 -1.679)
(0.3856699798 0 -1.557)
(0.3374612323 0.0835 -2.045)
(0.3374612323 0.0835 -1.923)
(0.3374612323 0.0835 -1.801)
(0.3374612323 0.0835 -1.679)
(0.3374612323 0.0835 -1.557)
(0.2892524849 0.167 -2.045)
(0.2892524849 0.167 -1.923)
(0.2892524849 0.167 -1.801)
(0.2892524849 0.167 -1.679)
(0.2892524849 0.167 -1.557)
(0.3856699798 0.167 -2.045)
(0.3856699798 0.167 -1.923)
(0.3856699798 0.167 -1.801)
(0.3856699798 0.167 -1.679)
(0.3856699798 0.167 -1.557)
(0.3374612323 0.2505 -2.045)
(0.3374612323 0.2505 -1.923)
(0.3374612323 0.2505 -1.801)
(0.3374612323 0.2505 -1.679)
(0.3374612323 0.2505 -1.557)
(0.2892524849 0.334 -2.045)
(0.2892524849 0.334 -1.923)
(0.2892524849 0.334 -1.801)
(0.2892524849 0.334 -1.679)
(0.2892524849 0.334 -1.557)
(0.3856699798 0.334 -2.045)
(0.3856699798 0.334 -1.923)
(0.3856699798 0.334 -1.801)
(0.3856699798 0.334 -1.679)
(0.3856699798 0.334 -1.557)
(0.3374612323 0.4175 -2.045)
(0.3374612323 0.4175 -1.923)
(0.3374612323 0.4175 -1.801)
(0.3374612323 0.4175 -1.679)
(0.3374612323 0.4175 -1.557)
(0.2892524849 0.501 -2.045)
(0.2892524849 0.501 -1.923)
(0.2892524849 0.501 -1.801)
(0.2892524849 0.501 -1.679)
(0.2892524849 0.501 -1.557)
(0.3856699798 0.501 -2.045)
(0.3856699798 0.501 -1.923)
(0.3856699798 0.501 -1.801)
(0.3856699798 0.501 -1.679)
(0.3856699798 0.501 -1.557)
(0.3374612323 0.5845 -2.045)
(0.3374612323 0.5845 -1.923)
(0.3374612323 0.5845 -1.801)
(0.3374612323 0.5845 -1.679)
(0.3374612323 0.5845 -1.557)
(0.2892524849 0.668 -2.045)
(0.2892524849 0.668 -1.923)
(0.2892524849 0.668 -1.801)
(0.2892524849 0.668 -1.679)
(0.2892524849 0.668 -1.557)
(0.3856699798 0.668 -2.045)
(0.3856699798 0.668 -1.923)
(0.3856699798 0.668 -1.801)
(0.3856699798 0.668 -1.679)
(0.3856699798 0.668 -1.557)
(0.3374612323 0.7515 -2.045)
(0.3374612323 0.7515 -1.923)
(0.3374612323 0.7515 -1.801)
(0.3374612323 0.7515 -1.679)
(0.3374612323 0.7515 -1.557)
(0.2892524849 0.835 -2.045)
(0.2892524849 0.835 -1.923)
(0.2892524849 0.835 -1.801)
(0.2892524849 0.835 -1.679)
(0.2892524849 0.835 -1.557)
(0.3856699798 0.835 -2.045)
(0.3856699798 0.835 -1.923)
(0.3856699798 0.835 -1.801)
(0.3856699798 0.835 -1.679)
(0.3856699798 0.835 -1.557)
(0.3374612323 0.9185 -2.045)
(0.3374612323 0.9185 -1.923)
(0.3374612323 0.9185 -1.801)
(0.3374612323 0.9185 -1.679)
(0.3374612323 0.9185 -1.557)
(0.2892524849 1.002 -2.045)
(0.2892524849 1.002 -1.923)
(0.2892524849 1.002 -1.801)
(0.2892524849 1.002 -1.679)
(0.2892524849 1.002 -1.557)
(0.3856699798 1.002 -2.045)
(0.3856699798 1.002 -1.923)
(0.3856699798 1.002 -1.801)
(0.3856699798 1.002 -1.679)
(0.3856699798 1.002 -1.557)
(0.3374612323 1.0855 -2.045)
(0.3374612323 1.0855 -1.923)
(0.3374612323 1.0855 -1.801)
(0.3374612323 1.0855 -1.679)
(0.3374612323 1.0855 -1.557)
(0.2892524849 1.169 -2.045)
(0.2892524849 1.169 -1.923)
(0.2892524849 1.169 -1.801)
(0.2892524849 1.169 -1.679)
(0.2892524849 1.169 -1.557)
(0.3856699798 1.169 -2.045)
(0.3856699798 1.169 -1.923)
(0.3856699798 1.169 -1.801)
(0.3856699798 1.169 -1.679)
(0.3856699798 1.169 -1.557)
(0.3374612323 1.2525 -2.045)
(0.3374612323 1.2525 -1.923)
(0.3374612323 1.2525 -1.801)
(0.3374612323 1.2525 -1.679)
(0.3374612323 1.2525 -1.557)
(0.2892524849 1.336 -2.045)
(0.2892524849 1.336 -1.923)
(0.2892524849 1.336 -1.801)
(0.2892524849 1.336 -1.679)
(0.2892524849 1.336 -1.557)
(0.3856699798 1.336 -2.045)
(0.3856699798 1.336 -1.923)
(0.3856699798 1.336 -1.801)
(0.3856699798 1.336 -1.679)
(0.3856699798 1.336 -1.557)
(0.2410437374 1.4195 -2.045)
(0.3374612323 1.4195 -2.045)
(0.2410437374 1.4195 -1.923)
(0.3374612323 1.4195 -1.923)
(0.2410437374 1.4195 -1.801)
(0.3374612323 1.4195 -1.801)
(0.2410437374 1.4195 -1.679)
(0.3374612323 1.4195 -1.679)
(0.2410437374 1.4195 -1.557)
(0.3374612323 1.4195 -1.557)
(0.4820874748 -1.336 -2.045)
(0.4338787273 -1.2525 -2.045)
(0.4820874748 -1.336 -1.923)
(0.4338787273 -1.2525 -1.923)
(0.4820874748 -1.336 -1.801)
(0.4338787273 -1.2525 -1.801)
(0.4820874748 -1.336 -1.679)
(0.4338787273 -1.2525 -1.679)
(0.4820874748 -1.336 -1.557)
(0.4338787273 -1.2525 -1.557)
(0.5302962223 -1.2525 -2.045)
(0.5302962223 -1.2525 -1.923)
(0.5302962223 -1.2525 -1.801)
(0.5302962223 -1.2525 -1.679)
(0.5302962223 -1.2525 -1.557)
(0.4820874748 -1.169 -2.045)
(0.4820874748 -1.169 -1.923)
(0.4820874748 -1.169 -1.801)
(0.4820874748 -1.169 -1.679)
(0.4820874748 -1.169 -1.557)
(0.4338787273 -1.0855 -2.045)
(0.4338787273 -1.0855 -1.923)
(0.4338787273 -1.0855 -1.801)
(0.4338787273 -1.0855 -1.679)
(0.4338787273 -1.0855 -1.557)
(0.5302962223 -1.0855 -2.045)
(0.5302962223 -1.0855 -1.923)
(0.5302962223 -1.0855 -1.801)
(0.5302962223 -1.0855 -1.679)
(0.5302962223 -1.0855 -1.557)
(0.4820874748 -1.002 -2.045)
(0.4820874748 -1.002 -1.923)
(0.4820874748 -1.002 -1.801)
(0.4820874748 -1.002 -1.679)
(0.4820874748 -1.002 -1.557)
(0.4338787273 -0.9185 -2.045)
(0.4338787273 -0.9185 -1.923)
(0.4338787273 -0.9185 -1.801)
(0.4338787273 -0.9185 -1.679)
(0.4338787273 -0.9185 -1.557)
(0.5302962223 -0.9185 -2.045)
(0.5302962223 -0.9185 -1.923)
(0.5302962223 -0.9185 -1.801)
(0.5302962223 -0.9185 -1.679)
(0.5302962223 -0.9185 -1.557)
(0.4820874748 -0.835 -2.045)
(0.4820874748 -0.835 -1.923)
(0.4820874748 -0.835 -1.801)
(0.4820874748 -0.835 -1.679)
(0.4820874748 -0.835 -1.557)
(0.4338787273 -0.7515 -2.045)
(0.4338787273 -0.7515 -1.923)
(0.4338787273 -0.7515 -1.801)
(0.4338787273 -0.7515 -1.679)
(0.4338787273 -0.7515 -1.557)
(0.5302962223 -0.7515 -2.045)
(0.5302962223 -0.7515 -1.923)
(0.5302962223 -0.7515 -1.801)
(0.5302962223 -0.7515 -1.679)
(0.5302962223 -0.7515 -1.557)
(0.4820874748 -0.668 -2.045)
(0.4820874748 -0.668 -1.923)
(0.4820874748 -0.668 -1.801)
(0.4820874748 -0.668 -1.679)
(0.4820874748 -0.668 -1.557)
(0.4338787273 -0.5845 -2.045)
(0.4338787273 -0.5845 -1.923)
(0.4338787273 -0.5845 -1.801)
(0.4338787273 -0.5845 -1.679)
(0.4338787273 -0.5845 -1.557)
(0.5302962223 -0.5845 -2.045)
(0.5302962223 -0.5845 -1.923)
(0.5302962223 -0.5845 -1.801)
(0.5302962223 -0.5845 -1.679)
(0.5302962223 -0.5845 -1.557)
(0.4820874748 -0.501 -2.045)
(0.4820874748 -0.501 -1.923)
(0.4820874748 -0.501 -1.801)
(0.4820874748 -0.501 -1.679)
(0.4820874748 -0.501 -1.557)
(0.4338787273 -0.4175 -2.045)
(0.4338787273 -0.4175 -1.923)
(0.4338787273 -0.4175 -1.801)
(0.4338787273 -0.4175 -1.679)
(0.4338787273 -0.4175 -1.557)
(0.5302962223 -0.4175 -2.045)
(0.5302962223 -0.4175 -1.923)
(0.5302962223 -0.4175 -1.801)
(0.5302962223 -0.4175 -1.679)
(0.5302962223 -0.4175 -1.557)
(0.4820874748 -0.334 -2.045)
(0.4820874748 -0.334 -1.923)
(0.4820874748 -0.334 -1.801)
(0.4820874748 -0.334 -1.679)
(0.4820874748 -0.334 -1.557)
(0.4338787273 -0.2505 -2.045)
(0.4338787273 -0.2505 -1.923)
(0.4338787273 -0.2505 -1.801)
(0.4338787273 -0.2505 -1.679)
(0.4338787273 -0.2505 -1.557)
(0.5302962223 -0.2505 -2.045)
(0.5302962223 -0.2505 -1.923)
(0.5302962223 -0.2505 -1.801)
(0.5302962223 -0.2505 -1.679)
(0.5302962223 -0.2505 -1.557)
(0.4820874748 -0.167 -2.045)
(0.4820874748 -0.167 -1.923)
(0.4820874748 -0.167 -1.801)
(0.4820874748 -0.167 -1.679)
(0.4820874748 -0.167 -1.557)
(0.4338787273 -0.0835 -2.045)
(0.4338787273 -0.0835 -1.923)
(0.4338787273 -0.0835 -1.801)
(0.4338787273 -0.0835 -1.679)
(0.4338787273 -0.0835 -1.557)
(0.5302962223 -0.0835 -2.045)
(0.5302962223 -0.0835 -1.923)
(0.5302962223 -0.0835 -1.801)
(0.5302962223 -0.0835 -1.679)
(0.5302962223 -0.0835 -1.557)
(0.4820874748 -1.387778781e-17 -2.045)
(0.4820874748 -1.387778781e-17 -1.923)
(0.4820874748 -1.387778781e-17 -1.801)
(0.4820874748 -1.387778781e-17 -1.679)
(0.4820874748 -1.387778781e-17 -1.557)
(0.4338787273 0.0835 -2.045)
(0.4338787273 0.0835 -1.923)
(0.4338787273 0.0835 -1.801)
(0.4338787273 0.0835 -1.679)
(0.4338787273 0.0835 -1.557)
(0.5302962223 0.0835 -2.045)
(0.5302962223 0.0835 -1.923)
(0.5302962223 0.0835 -1.801)
(0.5302962223 0.0835 -1.679)
(0.5302962223 0.0835 -1.557)
(0.4820874748 0.167 -2.045)
(0.4820874748 0.167 -1.923)
(0.4820874748 0.167 -1.801)
(0.4820874748 0.167 -1.679)
(0.4820874748 0.167 -1.557)
(0.4338787273 0.2505 -2.045)
(0.4338787273 0.2505 -1.923)
(0.4338787273 0.2505 -1.801)
(0.4338787273 0.2505 -1.679)
(0.4338787273 0.2505 -1.557)
(0.5302962223 0.2505 -2.045)
(0.5302962223 0.2505 -1.923)
(0.5302962223 0.2505 -1.801)
(0.5302962223 0.2505 -1.679)
(0.5302962223 0.2505 -1.557)
(0.4820874748 0.334 -2.045)
(0.4820874748 0.334 -1.923)
(0.4820874748 0.334 -1.801)
(0.4820874748 0.334 -1.679)
(0.4820874748 0.334 -1.557)
(0.4338787273 0.4175 -2.045)
(0.4338787273 0.4175 -1.923)
(0.4338787273 0.4175 -1.801)
(0.4338787273 0.4175 -1.679)
(0.4338787273 0.4175 -1.557)
(0.5302962223 0.4175 -2.045)
(0.5302962223 0.4175 -1.923)
(0.5302962223 0.4175 -1.801)
(0.5302962223 0.4175 -1.679)
(0.5302962223 0.4175 -1.557)
(0.4820874748 0.501 -2.045)
(0.4820874748 0.501 -1.923)
(0.4820874748 0.501 -1.801)
(0.4820874748 0.501 -1.679)
(0.4820874748 0.501 -1.557)
(0.4338787273 0.5845 -2.045)
(0.4338787273 0.5845 -1.923)
(0.4338787273 0.5845 -1.801)
(0.4338787273 0.5845 -1.679)
(0.4338787273 0.5845 -1.557)
(0.5302962223 0.5845 -2.045)
(0.5302962223 0.5845 -1.923)
(0.5302962223 0.5845 -1.801)
(0.5302962223 0.5845 -1.679)
(0.5302962223 0.5845 -1.557)
(0.4820874748 0.668 -2.045)
(0.4820874748 0.668 -1.923)
(0.4820874748 0.668 -1.801)
(0.4820874748 0.668 -1.679)
(0.4820874748 0.668 -1.557)
(0.4338787273 0.7515 -2.045)
(0.4338787273 0.7515 -1.923)
(0.4338787273 0.7515 -1.801)
(0.4338787273 0.7515 -1.679)
(0.4338787273 0.7515 -1.557)
(0.5302962223 0.7515 -2.045)
(0.5302962223 0.7515 -1.923)
(0.5302962223 0.7515 -1.801)
(0.5302962223 0.7515 -1.679)
(0.5302962223 0.7515 -1.557)
(0.4820874748 0.835 -2.045)
(0.4820874748 0.835 -1.923)
(0.4820874748 0.835 -1.801)
(0.4820874748 0.835 -1.679)
(0.4820874748 0.835 -1.557)
(0.4338787273 0.9185 -2.045)
(0.4338787273 0.9185 -1.923)
(0.4338787273 0.9185 -1.801)
(0.4338787273 0.9185 -1.679)
(0.4338787273 0.9185 -1.557)
(0.5302962223 0.9185 -2.045)
(0.5302962223 0.9185 -1.923)
(0.5302962223 0.9185 -1.801)
(0.5302962223 0.9185 -1.679)
(0.5302962223 0.9185 -1.557)
(0.4820874748 1.002 -2.045)
(0.4820874748 1.002 -1.923)
(0.4820874748 1.002 -1.801)
(0.4820874748 1.002 -1.679)
(0.4820874748 1.002 -1.557)
(0.4338787273 1.0855 -2.045)
(0.4338787273 1.0855 -1.923)
(0.4338787273 1.0855 -1.801)
(0.4338787273 1.0855 -1.679)
(0.4338787273 1.0855 -1.557)
(0.5302962223 1.0855 -2.045)
(0.5302962223 1.0855 -1.923)
(0.5302962223 1.0855 -1.801)
(0.5302962223 1.0855 -1.679)
(0.5302962223 1.0855 -1.557)
(0.4820874748 1.169 -2.045)
(0.4820874748 1.169 -1.923)
(0.4820874748 1.169 -1.801)
(0.4820874748 1.169 -1.679)
(0.4820874748 1.169 -1.557)
(0.4338787273 1.2525 -2.045)
(0.4338787273 1.2525 -1.923)
(0.4338787273 1.2525 -1.801)
(0.4338787273 1.2525 -1.679)
(0.4338787273 1.2525 -1.557)
(0.5302962223 1.2525 -2.045)
(0.5302962223 1.2525 -1.923)
(0.5302962223 1.2525 -1.801)
(0.5302962223 1.2525 -1.679)
(0.5302962223 1.2525 -1.557)
(0.4820874748 1.336 -2.045)
(0.4820874748 1.336 -1.923)
(0.4820874748 1.336 -1.801)
(0.4820874748 1.336 -1.679)
(0.4820874748 1.336 -1.557)
(0.6267137172 -1.2525 -2.045)
(0.5785049697 -1.169 -2.045)
(0.6267137172 -1.2525 -1.923)
(0.5785049697 -1.169 -1.923)
(0.6267137172 -1.2525 -1.801)
(0.5785049697 -1.169 -1.801)
(0.6267137172 -1.2525 -1.679)
(0.5785049697 -1.169 -1.679)
(0.6267137172 -1.2525 -1.557)
(0.5785049697 -1.169 -1.557)
(0.6749224647 -1.169 -2.045)
(0.6749224647 -1.169 -1.923)
(0.6749224647 -1.169 -1.801)
(0.6749224647 -1.169 -1.679)
(0.6749224647 -1.169 -1.557)
(0.6267137172 -1.0855 -2.045)
(0.6267137172 -1.0855 -1.923)
(0.6267137172 -1.0855 -1.801)
(0.6267137172 -1.0855 -1.679)
(0.6267137172 -1.0855 -1.557)
(0.5785049697 -1.002 -2.045)
(0.5785049697 -1.002 -1.923)
(0.5785049697 -1.002 -1.801)
(0.5785049697 -1.002 -1.679)
(0.5785049697 -1.002 -1.557)
(0.6749224647 -1.002 -2.045)
(0.6749224647 -1.002 -1.923)
(0.6749224647 -1.002 -1.801)
(0.6749224647 -1.002 -1.679)
(0.6749224647 -1.002 -1.557)
(0.6267137172 -0.9185 -2.045)
(0.6267137172 -0.9185 -1.923)
(0.6267137172 -0.9185 -1.801)
(0.6267137172 -0.9185 -1.679)
(0.6267137172 -0.9185 -1.557)
(0.5785049697 -0.835 -2.045)
(0.5785049697 -0.835 -1.923)
(0.5785049697 -0.835 -1.801)
(0.5785049697 -0.835 -1.679)
(0.5785049697 -0.835 -1.557)
(0.6749224647 -0.835 -2.045)
(0.6749224647 -0.835 -1.923)
(0.6749224647 -0.835 -1.801)
(0.6749224647 -0.835 -1.679)
(0.6749224647 -0.835 -1.557)
(0.6267137172 -0.7515 -2.045)
(0.6267137172 -0.7515 -1.923)
(0.6267137172 -0.7515 -1.801)
(0.6267137172 -0.7515 -1.679)
(0.6267137172 -0.7515 -1.557)
(0.5785049697 -0.668 -2.045)
(0.5785049697 -0.668 -1.923)
(0.5785049697 -0.668 -1.801)
(0.5785049697 -0.668 -1.679)
(0.5785049697 -0.668 -1.557)
(0.6749224647 -0.668 -2.045)
(0.6749224647 -0.668 -1.923)
(0.6749224647 -0.668 -1.801)
(0.6749224647 -0.668 -1.679)
(0.6749224647 -0.668 -1.557)
(0.6267137172 -0.5845 -2.045)
(0.6267137172 -0.5845 -1.923)
(0.6267137172 -0.5845 -1.801)
(0.6267137172 -0.5845 -1.679)
(0.6267137172 -0.5845 -1.557)
(0.5785049697 -0.501 -2.045)
(0.5785049697 -0.501 -1.923)
(0.5785049697 -0.501 -1.801)
(0.5785049697 -0.501 -1.679)
(0.5785049697 -0.501 -1.557)
(0.6749224647 -0.501 -2.045)
(0.6749224647 -0.501 -1.923)
(0.6749224647 -0.501 -1.801)
(0.6749224647 -0.501 -1.679)
(0.6749224647 -0.501 -1.557)
(0.6267137172 -0.4175 -2.045)
(0.6267137172 -0.4175 -1.923)
(0.6267137172 -0.4175 -1.801)
(0.6267137172 -0.4175 -1.679)
(0.6267137172 -0.4175 -1.557)
(0.5785049697 -0.334 -2.045)
(0.5785049697 -0.334 -1.923)
(0.5785049697 -0.334 -1.801)
(0.5785049697 -0.334 -1.679)
(0.5785049697 -0.334 -1.557)
(0.6749224647 -0.334 -2.045)
(0.6749224647 -0.334 -1.923)
(0.6749224647 -0.334 -1.801)
(0.6749224647 -0.334 -1.679)
(0.6749224647 -0.334 -1.557)
(0.6267137172 -0.2505 -2.045)
(0.6267137172 -0.2505 -1.923)
(0.6267137172 -0.2505 -1.801)
(0.6267137172 -0.2505 -1.679)
(0.6267137172 -0.2505 -1.557)
(0.5785049697 -0.167 -2.045)
(0.5785049697 -0.167 -1.923)
(0.5785049697 -0.167 -1.801)
(0.5785049697 -0.167 -1.679)
(0.5785049697 -0.167 -1.557)
(0.6749224647 -0.167 -2.045)
(0.6749224647 -0.167 -1.923)
(0.6749224647 -0.167 -1.801)
(0.6749224647 -0.167 -1.679)
(0.6749224647 -0.167 -1.557)
(0.6267137172 -0.0835 -2.045)
(0.6267137172 -0.0835 -1.923)
(0.6267137172 -0.0835 -1.801)
(0.6267137172 -0.0835 -1.679)
(0.6267137172 -0.0835 -1.557)
(0.5785049697 0 -2.045)
(0.5785049697 0 -1.923)
(0.5785049697 0 -1.801)
(0.5785049697 0 -1.679)
(0.5785049697 0 -1.557)
(0.6749224647 0 -2.045)
(0.6749224647 0 -1.923)
(0.6749224647 0 -1.801)
(0.6749224647 0 -1.679)
(0.6749224647 0 -1.557)
(0.6267137172 0.0835 -2.045)
(0.6267137172 0.0835 -1.923)
(0.6267137172 0.0835 -1.801)
(0.6267137172 0.0835 -1.679)
(0.6267137172 0.0835 -1.557)
(0.5785049697 0.167 -2.045)
(0.5785049697 0.167 -1.923)
(0.5785049697 0.167 -1.801)
(0.5785049697 0.167 -1.679)
(0.5785049697 0.167 -1.557)
(0.6749224647 0.167 -2.045)
(0.6749224647 0.167 -1.923)
(0.6749224647 0.167 -1.801)
(0.6749224647 0.167 -1.679)
(0.6749224647 0.167 -1.557)
(0.6267137172 0.2505 -2.045)
(0.6267137172 0.2505 -1.923)
(0.6267137172 0.2505 -1.801)
(0.6267137172 0.2505 -1.679)
(0.6267137172 0.2505 -1.557)
(0.5785049697 0.334 -2.045)
(0.5785049697 0.334 -1.923)
(0.5785049697 0.334 -1.801)
(0.5785049697 0.334 -1.679)
(0.5785049697 0.334 -1.557)
(0.6749224647 0.334 -2.045)
(0.6749224647 0.334 -1.923)
(0.6749224647 0.334 -1.801)
(0.6749224647 0.334 -1.679)
(0.6749224647 0.334 -1.557)
(0.6267137172 0.4175 -2.045)
(0.6267137172 0.4175 -1.923)
(0.6267137172 0.4175 -1.801)
(0.6267137172 0.4175 -1.679)
(0.6267137172 0.4175 -1.557)
(0.5785049697 0.501 -2.045)
(0.5785049697 0.501 -1.923)
(0.5785049697 0.501 -1.801)
(0.5785049697 0.501 -1.679)
(0.5785049697 0.501 -1.557)
(0.6749224647 0.501 -2.045)
(0.6749224647 0.501 -1.923)
(0.6749224647 0.501 -1.801)
(0.6749224647 0.501 -1.679)
(0.6749224647 0.501 -1.557)
(0.6267137172 0.5845 -2.045)
(0.6267137172 0.5845 -1.923)
(0.6267137172 0.5845 -1.801)
(0.6267137172 0.5845 -1.679)
(0.6267137172 0.5845 -1.557)
(0.5785049697 0.668 -2.045)
(0.5785049697 0.668 -1.923)
(0.5785049697 0.668 -1.801)
(0.5785049697 0.668 -1.679)
(0.5785049697 0.668 -1.557)
(0.6749224647 0.668 -2.045)
(0.6749224647 0.668 -1.923)
(0.6749224647 0.668 -1.801)
(0.6749224647 0.668 -1.679)
(0.6749224647 0.668 -1.557)
(0.6267137172 0.7515 -2.045)
(0.6267137172 0.7515 -1.923)
(0.6267137172 0.7515 -1.801)
(0.6267137172 0.7515 -1.679)
(0.6267137172 0.7515 -1.557)
(0.5785049697 0.835 -2.045)
(0.5785049697 0.835 -1.923)
(0.5785049697 0.835 -1.801)
(0.5785049697 0.835 -1.679)
(0.5785049697 0.835 -1.557)
(0.6749224647 0.835 -2.045)
(0.6749224647 0.835 -1.923)
(0.6749224647 0.835 -1.801)
(0.6749224647 0.835 -1.679)
(0.6749224647 0.835 -1.557)
(0.6267137172 0.9185 -2.045)
(0.6267137172 0.9185 -1.923)
(0.6267137172 0.9185 -1.801)
(0.6267137172 0.9185 -1.679)
(0.6267137172 0.9185 -1.557)
(0.5785049697 1.002 -2.045)
(0.5785049697 1.002 -1.923)
(0.5785049697 1.002 -1.801)
(0.5785049697 1.002 -1.679)
(0.5785049697 1.002 -1.557)
(0.6749224647 1.002 -2.045)
(0.6749224647 1.002 -1.923)
(0.6749224647 1.002 -1.801)
(0.6749224647 1.002 -1.679)
(0.6749224647 1.002 -1.557)
(0.6267137172 1.0855 -2.045)
(0.6267137172 1.0855 -1.923)
(0.6267137172 1.0855 -1.801)
(0.6267137172 1.0855 -1.679)
(0.6267137172 1.0855 -1.557)
(0.5785049697 1.169 -2.045)
(0.5785049697 1.169 -1.923)
(0.5785049697 1.169 -1.801)
(0.5785049697 1.169 -1.679)
(0.5785049697 1.169 -1.557)
(0.6749224647 1.169 -2.045)
(0.6749224647 1.169 -1.923)
(0.6749224647 1.169 -1.801)
(0.6749224647 1.169 -1.679)
(0.6749224647 1.169 -1.557)
(0.6267137172 1.2525 -2.045)
(0.6267137172 1.2525 -1.923)
(0.6267137172 1.2525 -1.801)
(0.6267137172 1.2525 -1.679)
(0.6267137172 1.2525 -1.557)
(0.7713399596 -1.169 -2.045)
(0.7231312122 -1.0855 -2.045)
(0.7713399596 -1.169 -1.923)
(0.7231312122 -1.0855 -1.923)
(0.7713399596 -1.169 -1.801)
(0.7231312122 -1.0855 -1.801)
(0.7713399596 -1.169 -1.679)
(0.7231312122 -1.0855 -1.679)
(0.7713399596 -1.169 -1.557)
(0.7231312122 -1.0855 -1.557)
(0.8195487071 -1.0855 -2.045)
(0.8195487071 -1.0855 -1.923)
(0.8195487071 -1.0855 -1.801)
(0.8195487071 -1.0855 -1.679)
(0.8195487071 -1.0855 -1.557)
(0.7713399596 -1.002 -2.045)
(0.7713399596 -1.002 -1.923)
(0.7713399596 -1.002 -1.801)
(0.7713399596 -1.002 -1.679)
(0.7713399596 -1.002 -1.557)
(0.7231312122 -0.9185 -2.045)
(0.7231312122 -0.9185 -1.923)
(0.7231312122 -0.9185 -1.801)
(0.7231312122 -0.9185 -1.679)
(0.7231312122 -0.9185 -1.557)
(0.8195487071 -0.9185 -2.045)
(0.8195487071 -0.9185 -1.923)
(0.8195487071 -0.9185 -1.801)
(0.8195487071 -0.9185 -1.679)
(0.8195487071 -0.9185 -1.557)
(0.7713399596 -0.835 -2.045)
(0.7713399596 -0.835 -1.923)
(0.7713399596 -0.835 -1.801)
(0.7713399596 -0.835 -1.679)
(0.7713399596 -0.835 -1.557)
(0.7231312122 -0.7515 -2.045)
(0.7231312122 -0.7515 -1.923)
(0.7231312122 -0.7515 -1.801)
(0.7231312122 -0.7515 -1.679)
(0.7231312122 -0.7515 -1.557)
(0.8195487071 -0.7515 -2.045)
(0.8195487071 -0.7515 -1.923)
(0.8195487071 -0.7515 -1.801)
(0.8195487071 -0.7515 -1.679)
(0.8195487071 -0.7515 -1.557)
(0.7713399596 -0.668 -2.045)
(0.7713399596 -0.668 -1.923)
(0.7713399596 -0.668 -1.801)
(0.7713399596 -0.668 -1.679)
(0.7713399596 -0.668 -1.557)
(0.7231312122 -0.5845 -2.045)
(0.7231312122 -0.5845 -1.923)
(0.7231312122 -0.5845 -1.801)
(0.7231312122 -0.5845 -1.679)
(0.7231312122 -0.5845 -1.557)
(0.8195487071 -0.5845 -2.045)
(0.8195487071 -0.5845 -1.923)
(0.8195487071 -0.5845 -1.801)
(0.8195487071 -0.5845 -1.679)
(0.8195487071 -0.5845 -1.557)
(0.7713399596 -0.501 -2.045)
(0.7713399596 -0.501 -1.923)
(0.7713399596 -0.501 -1.801)
(0.7713399596 -0.501 -1.679)
(0.7713399596 -0.501 -1.557)
(0.7231312122 -0.4175 -2.045)
(0.7231312122 -0.4175 -1.923)
(0.7231312122 -0.4175 -1.801)
(0.7231312122 -0.4175 -1.679)
(0.7231312122 -0.4175 -1.557)
(0.8195487071 -0.4175 -2.045)
(0.8195487071 -0.4175 -1.923)
(0.8195487071 -0.4175 -1.801)
(0.8195487071 -0.4175 -1.679)
(0.8195487071 -0.4175 -1.557)
(0.7713399596 -0.334 -2.045)
(0.7713399596 -0.334 -1.923)
(0.7713399596 -0.334 -1.801)
(0.7713399596 -0.334 -1.679)
(0.7713399596 -0.334 -1.557)
(0.7231312122 -0.2505 -2.045)
(0.7231312122 -0.2505 -1.923)
(0.7231312122 -0.2505 -1.801)
(0.7231312122 -0.2505 -1.679)
(0.7231312122 -0.2505 -1.557)
(0.8195487071 -0.2505 -2.045)
(0.8195487071 -0.2505 -1.923)
(0.8195487071 -0.2505 -1.801)
(0.8195487071 -0.2505 -1.679)
(0.8195487071 -0.2505 -1.557)
(0.7713399596 -0.167 -2.045)
(0.7713399596 -0.167 -1.923)
(0.7713399596 -0.167 -1.801)
(0.7713399596 -0.167 -1.679)
(0.7713399596 -0.167 -1.557)
(0.7231312122 -0.0835 -2.045)
(0.7231312122 -0.0835 -1.923)
(0.7231312122 -0.0835 -1.801)
(0.7231312122 -0.0835 -1.679)
(0.7231312122 -0.0835 -1.557)
(0.8195487071 -0.0835 -2.045)
(0.8195487071 -0.0835 -1.923)
(0.8195487071 -0.0835 -1.801)
(0.8195487071 -0.0835 -1.679)
(0.8195487071 -0.0835 -1.557)
(0.7713399596 4.163336342e-17 -2.045)
(0.7713399596 4.163336342e-17 -1.923)
(0.7713399596 4.163336342e-17 -1.801)
(0.7713399596 4.163336342e-17 -1.679)
(0.7713399596 4.163336342e-17 -1.557)
(0.7231312122 0.0835 -2.045)
(0.7231312122 0.0835 -1.923)
(0.7231312122 0.0835 -1.801)
(0.7231312122 0.0835 -1.679)
(0.7231312122 0.0835 -1.557)
(0.8195487071 0.0835 -2.045)
(0.8195487071 0.0835 -1.923)
(0.8195487071 0.0835 -1.801)
(0.8195487071 0.0835 -1.679)
(0.8195487071 0.0835 -1.557)
(0.7713399596 0.167 -2.045)
(0.7713399596 0.167 -1.923)
(0.7713399596 0.167 -1.801)
(0.7713399596 0.167 -1.679)
(0.7713399596 0.167 -1.557)
(0.7231312122 0.2505 -2.045)
(0.7231312122 0.2505 -1.923)
(0.7231312122 0.2505 -1.801)
(0.7231312122 0.2505 -1.679)
(0.7231312122 0.2505 -1.557)
(0.8195487071 0.2505 -2.045)
(0.8195487071 0.2505 -1.923)
(0.8195487071 0.2505 -1.801)
(0.8195487071 0.2505 -1.679)
(0.8195487071 0.2505 -1.557)
(0.7713399596 0.334 -2.045)
(0.7713399596 0.334 -1.923)
(0.7713399596 0.334 -1.801)
(0.7713399596 0.334 -1.679)
(0.7713399596 0.334 -1.557)
(0.7231312122 0.4175 -2.045)
(0.7231312122 0.4175 -1.923)
(0.7231312122 0.4175 -1.801)
(0.7231312122 0.4175 -1.679)
(0.7231312122 0.4175 -1.557)
(0.8195487071 0.4175 -2.045)
(0.8195487071 0.4175 -1.923)
(0.8195487071 0.4175 -1.801)
(0.8195487071 0.4175 -1.679)
(0.8195487071 0.4175 -1.557)
(0.7713399596 0.501 -2.045)
(0.7713399596 0.501 -1.923)
(0.7713399596 0.501 -1.801)
(0.7713399596 0.501 -1.679)
(0.7713399596 0.501 -1.557)
(0.7231312122 0.5845 -2.045)
(0.7231312122 0.5845 -1.923)
(0.7231312122 0.5845 -1.801)
(0.7231312122 0.5845 -1.679)
(0.7231312122 0.5845 -1.557)
(0.8195487071 0.5845 -2.045)
(0.8195487071 0.5845 -1.923)
(0.8195487071 0.5845 -1.801)
(0.8195487071 0.5845 -1.679)
(0.8195487071 0.5845 -1.557)
(0.7713399596 0.668 -2.045)
(0.7713399596 0.668 -1.923)
(0.7713399596 0.668 -1.801)
(0.7713399596 0.668 -1.679)
(0.7713399596 0.668 -1.557)
(0.7231312122 0.7515 -2.045)
(0.7231312122 0.7515 -1.923)
(0.7231312122 0.7515 -1.801)
(0.7231312122 0.7515 -1.679)
(0.7231312122 0.7515 -1.557)
(0.8195487071 0.7515 -2.045)
(0.8195487071 0.7515 -1.923)
(0.8195487071 0.7515 -1.801)
(0.8195487071 0.7515 -1.679)
(0.8195487071 0.7515 -1.557)
(0.7713399596 0.835 -2.045)
(0.7713399596 0.835 -1.923)
(0.7713399596 0.835 -1.801)
(0.7713399596 0.835 -1.679)
(0.7713399596 0.835 -1.557)
(0.7231312122 0.9185 -2.045)
(0.7231312122 0.9185 -1.923)
(0.7231312122 0.9185 -1.801)
(0.7231312122 0.9185 -1.679)
(0.7231312122 0.9185 -1.557)
(0.8195487071 0.9185 -2.045)
(0.8195487071 0.9185 -1.923)
(0.8195487071 0.9185 -1.801)
(0.8195487071 0.9185 -1.679)
(0.8195487071 0.9185 -1.557)
(0.7713399596 1.002 -2.045)
(0.7713399596 1.002 -1.923)
(0.7713399596 1.002 -1.801)
(0.7713399596 1.002 -1.679)
(0.7713399596 1.002 -1.557)
(0.7231312122 1.0855 -2.045)
(0.7231312122 1.0855 -1.923)
(0.7231312122 1.0855 -1.801)
(0.7231312122 1.0855 -1.679)
(0.7231312122 1.0855 -1.557)
(0.8195487071 1.0855 -2.045)
(0.8195487071 1.0855 -1.923)
(0.8195487071 1.0855 -1.801)
(0.8195487071 1.0855 -1.679)
(0.8195487071 1.0855 -1.557)
(0.7713399596 1.169 -2.045)
(0.7713399596 1.169 -1.923)
(0.7713399596 1.169 -1.801)
(0.7713399596 1.169 -1.679)
(0.7713399596 1.169 -1.557)
(0.9159662021 -1.0855 -2.045)
(0.8677574546 -1.002 -2.045)
(0.9159662021 -1.0855 -1.923)
(0.8677574546 -1.002 -1.923)
(0.9159662021 -1.0855 -1.801)
(0.8677574546 -1.002 -1.801)
(0.9159662021 -1.0855 -1.679)
(0.8677574546 -1.002 -1.679)
(0.9159662021 -1.0855 -1.557)
(0.8677574546 -1.002 -1.557)
(0.9641749495 -1.002 -2.045)
(0.9641749495 -1.002 -1.923)
(0.9641749495 -1.002 -1.801)
(0.9641749495 -1.002 -1.679)
(0.9641749495 -1.002 -1.557)
(0.9159662021 -0.9185 -2.045)
(0.9159662021 -0.9185 -1.923)
(0.9159662021 -0.9185 -1.801)
(0.9159662021 -0.9185 -1.679)
(0.9159662021 -0.9185 -1.557)
(0.8677574546 -0.835 -2.045)
(0.8677574546 -0.835 -1.923)
(0.8677574546 -0.835 -1.801)
(0.8677574546 -0.835 -1.679)
(0.8677574546 -0.835 -1.557)
(0.9641749495 -0.835 -2.045)
(0.9641749495 -0.835 -1.923)
(0.9641749495 -0.835 -1.801)
(0.9641749495 -0.835 -1.679)
(0.9641749495 -0.835 -1.557)
(0.9159662021 -0.7515 -2.045)
(0.9159662021 -0.7515 -1.923)
(0.9159662021 -0.7515 -1.801)
(0.9159662021 -0.7515 -1.679)
(0.9159662021 -0.7515 -1.557)
(0.8677574546 -0.668 -2.045)
(0.8677574546 -0.668 -1.923)
(0.8677574546 -0.668 -1.801)
(0.8677574546 -0.668 -1.679)
(0.8677574546 -0.668 -1.557)
(0.9641749495 -0.668 -2.045)
(0.9641749495 -0.668 -1.923)
(0.9641749495 -0.668 -1.801)
(0.9641749495 -0.668 -1.679)
(0.9641749495 -0.668 -1.557)
(0.9159662021 -0.5845 -2.045)
(0.9159662021 -0.5845 -1.923)
(0.9159662021 -0.5845 -1.801)
(0.9159662021 -0.5845 -1.679)
(0.9159662021 -0.5845 -1.557)
(0.8677574546 -0.501 -2.045)
(0.8677574546 -0.501 -1.923)
(0.8677574546 -0.501 -1.801)
(0.8677574546 -0.501 -1.679)
(0.8677574546 -0.501 -1.557)
(0.9641749495 -0.501 -2.045)
(0.9641749495 -0.501 -1.923)
(0.9641749495 -0.501 -1.801)
(0.9641749495 -0.501 -1.679)
(0.9641749495 -0.501 -1.557)
(0.9159662021 -0.4175 -2.045)
(0.9159662021 -0.4175 -1.923)
(0.9159662021 -0.4175 -1.801)
(0.9159662021 -0.4175 -1.679)
(0.9159662021 -0.4175 -1.557)
(0.8677574546 -0.334 -2.045)
(0.8677574546 -0.334 -1.923)
(0.8677574546 -0.334 -1.801)
(0.8677574546 -0.334 -1.679)
(0.8677574546 -0.334 -1.557)
(0.9641749495 -0.334 -2.045)
(0.9641749495 -0.334 -1.923)
(0.9641749495 -0.334 -1.801)
(0.9641749495 -0.334 -1.679)
(0.9641749495 -0.334 -1.557)
(0.9159662021 -0.2505 -2.045)
(0.9159662021 -0.2505 -1.923)
(0.9159662021 -0.2505 -1.801)
(0.9159662021 -0.2505 -1.679)
(0.9159662021 -0.2505 -1.557)
(0.8677574546 -0.167 -2.045)
(0.8677574546 -0.167 -1.923)
(0.8677574546 -0.167 -1.801)
(0.8677574546 -0.167 -1.679)
(0.8677574546 -0.167 -1.557)
(0.9641749495 -0.167 -2.045)
(0.9641749495 -0.167 -1.923)
(0.9641749495 -0.167 -1.801)
(0.9641749495 -0.167 -1.679)
(0.9641749495 -0.167 -1.557)
(0.9159662021 -0.0835 -2.045)
(0.9159662021 -0.0835 -1.923)
(0.9159662021 -0.0835 -1.801)
(0.9159662021 -0.0835 -1.679)
(0.9159662021 -0.0835 -1.557)
(0.8677574546 0 -2.045)
(0.8677574546 0 -1.923)
(0.8677574546 0 -1.801)
(0.8677574546 0 -1.679)
(0.8677574546 0 -1.557)
(0.9641749495 0 -2.045)
(0.9641749495 0 -1.923)
(0.9641749495 0 -1.801)
(0.9641749495 0 -1.679)
(0.9641749495 0 -1.557)
(0.9159662021 0.0835 -2.045)
(0.9159662021 0.0835 -1.923)
(0.9159662021 0.0835 -1.801)
(0.9159662021 0.0835 -1.679)
(0.9159662021 0.0835 -1.557)
(0.8677574546 0.167 -2.045)
(0.8677574546 0.167 -1.923)
(0.8677574546 0.167 -1.801)
(0.8677574546 0.167 -1.679)
(0.8677574546 0.167 -1.557)
(0.9641749495 0.167 -2.045)
(0.9641749495 0.167 -1.923)
(0.9641749495 0.167 -1.801)
(0.9641749495 0.167 -1.679)
(0.9641749495 0.167 -1.557)
(0.9159662021 0.2505 -2.045)
(0.9159662021 0.2505 -1.923)
(0.9159662021 0.2505 -1.801)
(0.9159662021 0.2505 -1.679)
(0.9159662021 0.2505 -1.557)
(0.8677574546 0.334 -2.045)
(0.8677574546 0.334 -1.923)
(0.8677574546 0.334 -1.801)
(0.8677574546 0.334 -1.679)
(0.8677574546 0.334 -1.557)
(0.9641749495 0.334 -2.045)
(0.9641749495 0.334 -1.923)
(0.9641749495 0.334 -1.801)
(0.9641749495 0.334 -1.679)
(0.9641749495 0.334 -1.557)
(0.9159662021 0.4175 -2.045)
(0.9159662021 0.4175 -1.923)
(0.9159662021 0.4175 -1.801)
(0.9159662021 0.4175 -1.679)
(0.9159662021 0.4175 -1.557)
(0.8677574546 0.501 -2.045)
(0.8677574546 0.501 -1.923)
(0.8677574546 0.501 -1.801)
(0.8677574546 0.501 -1.679)
(0.8677574546 0.501 -1.557)
(0.9641749495 0.501 -2.045)
(0.9641749495 0.501 -1.923)
(0.9641749495 0.501 -1.801)
(0.9641749495 0.501 -1.679)
(0.9641749495 0.501 -1.557)
(0.9159662021 0.5845 -2.045)
(0.9159662021 0.5845 -1.923)
(0.9159662021 0.5845 -1.801)
(0.9159662021 0.5845 -1.679)
(0.9159662021 0.5845 -1.557)
(0.8677574546 0.668 -2.045)
(0.8677574546 0.668 -1.923)
(0.8677574546 0.668 -1.801)
(0.8677574546 0.668 -1.679)
(0.8677574546 0.668 -1.557)
(0.9641749495 0.668 -2.045)
(0.9641749495 0.668 -1.923)
(0.9641749495 0.668 -1.801)
(0.9641749495 0.668 -1.679)
(0.9641749495 0.668 -1.557)
(0.9159662021 0.7515 -2.045)
(0.9159662021 0.7515 -1.923)
(0.9159662021 0.7515 -1.801)
(0.9159662021 0.7515 -1.679)
(0.9159662021 0.7515 -1.557)
(0.8677574546 0.835 -2.045)
(0.8677574546 0.835 -1.923)
(0.8677574546 0.835 -1.801)
(0.8677574546 0.835 -1.679)
(0.8677574546 0.835 -1.557)
(0.9641749495 0.835 -2.045)
(0.9641749495 0.835 -1.923)
(0.9641749495 0.835 -1.801)
(0.9641749495 0.835 -1.679)
(0.9641749495 0.835 -1.557)
(0.9159662021 0.9185 -2.045)
(0.9159662021 0.9185 -1.923)
(0.9159662021 0.9185 -1.801)
(0.9159662021 0.9185 -1.679)
(0.9159662021 0.9185 -1.557)
(0.8677574546 1.002 -2.045)
(0.8677574546 1.002 -1.923)
(0.8677574546 1.002 -1.801)
(0.8677574546 1.002 -1.679)
(0.8677574546 1.002 -1.557)
(0.9641749495 1.002 -2.045)
(0.9641749495 1.002 -1.923)
(0.9641749495 1.002 -1.801)
(0.9641749495 1.002 -1.679)
(0.9641749495 1.002 -1.557)
(0.9159662021 1.0855 -2.045)
(0.9159662021 1.0855 -1.923)
(0.9159662021 1.0855 -1.801)
(0.9159662021 1.0855 -1.679)
(0.9159662021 1.0855 -1.557)
(1.060592445 -1.002 -2.045)
(1.012383697 -0.9185 -2.045)
(1.060592445 -1.002 -1.923)
(1.012383697 -0.9185 -1.923)
(1.060592445 -1.002 -1.801)
(1.012383697 -0.9185 -1.801)
(1.060592445 -1.002 -1.679)
(1.012383697 -0.9185 -1.679)
(1.060592445 -1.002 -1.557)
(1.012383697 -0.9185 -1.557)
(1.108801192 -0.9185 -2.045)
(1.108801192 -0.9185 -1.923)
(1.108801192 -0.9185 -1.801)
(1.108801192 -0.9185 -1.679)
(1.108801192 -0.9185 -1.557)
(1.060592445 -0.835 -2.045)
(1.060592445 -0.835 -1.923)
(1.060592445 -0.835 -1.801)
(1.060592445 -0.835 -1.679)
(1.060592445 -0.835 -1.557)
(1.012383697 -0.7515 -2.045)
(1.012383697 -0.7515 -1.923)
(1.012383697 -0.7515 -1.801)
(1.012383697 -0.7515 -1.679)
(1.012383697 -0.7515 -1.557)
(1.108801192 -0.7515 -2.045)
(1.108801192 -0.7515 -1.923)
(1.108801192 -0.7515 -1.801)
(1.108801192 -0.7515 -1.679)
(1.108801192 -0.7515 -1.557)
(1.060592445 -0.668 -2.045)
(1.060592445 -0.668 -1.923)
(1.060592445 -0.668 -1.801)
(1.060592445 -0.668 -1.679)
(1.060592445 -0.668 -1.557)
(1.012383697 -0.5845 -2.045)
(1.012383697 -0.5845 -1.923)
(1.012383697 -0.5845 -1.801)
(1.012383697 -0.5845 -1.679)
(1.012383697 -0.5845 -1.557)
(1.108801192 -0.5845 -2.045)
(1.108801192 -0.5845 -1.923)
(1.108801192 -0.5845 -1.801)
(1.108801192 -0.5845 -1.679)
(1.108801192 -0.5845 -1.557)
(1.060592445 -0.501 -2.045)
(1.060592445 -0.501 -1.923)
(1.060592445 -0.501 -1.801)
(1.060592445 -0.501 -1.679)
(1.060592445 -0.501 -1.557)
(1.012383697 -0.4175 -2.045)
(1.012383697 -0.4175 -1.923)
(1.012383697 -0.4175 -1.801)
(1.012383697 -0.4175 -1.679)
(1.012383697 -0.4175 -1.557)
(1.108801192 -0.4175 -2.045)
(1.108801192 -0.4175 -1.923)
(1.108801192 -0.4175 -1.801)
(1.108801192 -0.4175 -1.679)
(1.108801192 -0.4175 -1.557)
(1.060592445 -0.334 -2.045)
(1.060592445 -0.334 -1.923)
(1.060592445 -0.334 -1.801)
(1.060592445 -0.334 -1.679)
(1.060592445 -0.334 -1.557)
(1.012383697 -0.2505 -2.045)
(1.012383697 -0.2505 -1.923)
(1.012383697 -0.2505 -1.801)
(1.012383697 -0.2505 -1.679)
(1.012383697 -0.2505 -1.557)
(1.108801192 -0.2505 -2.045)
(1.108801192 -0.2505 -1.923)
(1.108801192 -0.2505 -1.801)
(1.108801192 -0.2505 -1.679)
(1.108801192 -0.2505 -1.557)
(1.060592445 -0.167 -2.045)
(1.060592445 -0.167 -1.923)
(1.060592445 -0.167 -1.801)
(1.060592445 -0.167 -1.679)
(1.060592445 -0.167 -1.557)
(1.012383697 -0.0835 -2.045)
(1.012383697 -0.0835 -1.923)
(1.012383697 -0.0835 -1.801)
(1.012383697 -0.0835 -1.679)
(1.012383697 -0.0835 -1.557)
(1.108801192 -0.0835 -2.045)
(1.108801192 -0.0835 -1.923)
(1.108801192 -0.0835 -1.801)
(1.108801192 -0.0835 -1.679)
(1.108801192 -0.0835 -1.557)
(1.060592445 -1.387778781e-17 -2.045)
(1.060592445 -1.387778781e-17 -1.923)
(1.060592445 -1.387778781e-17 -1.801)
(1.060592445 -1.387778781e-17 -1.679)
(1.060592445 -1.387778781e-17 -1.557)
(1.012383697 0.0835 -2.045)
(1.012383697 0.0835 -1.923)
(1.012383697 0.0835 -1.801)
(1.012383697 0.0835 -1.679)
(1.012383697 0.0835 -1.557)
(1.108801192 0.0835 -2.045)
(1.108801192 0.0835 -1.923)
(1.108801192 0.0835 -1.801)
(1.108801192 0.0835 -1.679)
(1.108801192 0.0835 -1.557)
(1.060592445 0.167 -2.045)
(1.060592445 0.167 -1.923)
(1.060592445 0.167 -1.801)
(1.060592445 0.167 -1.679)
(1.060592445 0.167 -1.557)
(1.012383697 0.2505 -2.045)
(1.012383697 0.2505 -1.923)
(1.012383697 0.2505 -1.801)
(1.012383697 0.2505 -1.679)
(1.012383697 0.2505 -1.557)
(1.108801192 0.2505 -2.045)
(1.108801192 0.2505 -1.923)
(1.108801192 0.2505 -1.801)
(1.108801192 0.2505 -1.679)
(1.108801192 0.2505 -1.557)
(1.060592445 0.334 -2.045)
(1.060592445 0.334 -1.923)
(1.060592445 0.334 -1.801)
(1.060592445 0.334 -1.679)
(1.060592445 0.334 -1.557)
(1.012383697 0.4175 -2.045)
(1.012383697 0.4175 -1.923)
(1.012383697 0.4175 -1.801)
(1.012383697 0.4175 -1.679)
(1.012383697 0.4175 -1.557)
(1.108801192 0.4175 -2.045)
(1.108801192 0.4175 -1.923)
(1.108801192 0.4175 -1.801)
(1.108801192 0.4175 -1.679)
(1.108801192 0.4175 -1.557)
(1.060592445 0.501 -2.045)
(1.060592445 0.501 -1.923)
(1.060592445 0.501 -1.801)
(1.060592445 0.501 -1.679)
(1.060592445 0.501 -1.557)
(1.012383697 0.5845 -2.045)
(1.012383697 0.5845 -1.923)
(1.012383697 0.5845 -1.801)
(1.012383697 0.5845 -1.679)
(1.012383697 0.5845 -1.557)
(1.108801192 0.5845 -2.045)
(1.108801192 0.5845 -1.923)
(1.108801192 0.5845 -1.801)
(1.108801192 0.5845 -1.679)
(1.108801192 0.5845 -1.557)
(1.060592445 0.668 -2.045)
(1.060592445 0.668 -1.923)
(1.060592445 0.668 -1.801)
(1.060592445 0.668 -1.679)
(1.060592445 0.668 -1.557)
(1.012383697 0.7515 -2.045)
(1.012383697 0.7515 -1.923)
(1.012383697 0.7515 -1.801)
(1.012383697 0.7515 -1.679)
(1.012383697 0.7515 -1.557)
(1.108801192 0.7515 -2.045)
(1.108801192 0.7515 -1.923)
(1.108801192 0.7515 -1.801)
(1.108801192 0.7515 -1.679)
(1.108801192 0.7515 -1.557)
(1.060592445 0.835 -2.045)
(1.060592445 0.835 -1.923)
(1.060592445 0.835 -1.801)
(1.060592445 0.835 -1.679)
(1.060592445 0.835 -1.557)
(1.012383697 0.9185 -2.045)
(1.012383697 0.9185 -1.923)
(1.012383697 0.9185 -1.801)
(1.012383697 0.9185 -1.679)
(1.012383697 0.9185 -1.557)
(1.108801192 0.9185 -2.045)
(1.108801192 0.9185 -1.923)
(1.108801192 0.9185 -1.801)
(1.108801192 0.9185 -1.679)
(1.108801192 0.9185 -1.557)
(1.060592445 1.002 -2.045)
(1.060592445 1.002 -1.923)
(1.060592445 1.002 -1.801)
(1.060592445 1.002 -1.679)
(1.060592445 1.002 -1.557)
(1.205218687 -0.7515 -2.045)
(1.157009939 -0.668 -2.045)
(1.205218687 -0.7515 -1.923)
(1.157009939 -0.668 -1.923)
(1.205218687 -0.7515 -1.801)
(1.157009939 -0.668 -1.801)
(1.205218687 -0.7515 -1.679)
(1.157009939 -0.668 -1.679)
(1.205218687 -0.7515 -1.557)
(1.157009939 -0.668 -1.557)
(1.253427434 -0.668 -2.045)
(1.253427434 -0.668 -1.923)
(1.253427434 -0.668 -1.801)
(1.253427434 -0.668 -1.679)
(1.253427434 -0.668 -1.557)
(1.205218687 -0.5845 -2.045)
(1.205218687 -0.5845 -1.923)
(1.205218687 -0.5845 -1.801)
(1.205218687 -0.5845 -1.679)
(1.205218687 -0.5845 -1.557)
(1.157009939 -0.501 -2.045)
(1.157009939 -0.501 -1.923)
(1.157009939 -0.501 -1.801)
(1.157009939 -0.501 -1.679)
(1.157009939 -0.501 -1.557)
(1.253427434 -0.501 -2.045)
(1.253427434 -0.501 -1.923)
(1.253427434 -0.501 -1.801)
(1.253427434 -0.501 -1.679)
(1.253427434 -0.501 -1.557)
(1.205218687 -0.4175 -2.045)
(1.205218687 -0.4175 -1.923)
(1.205218687 -0.4175 -1.801)
(1.205218687 -0.4175 -1.679)
(1.205218687 -0.4175 -1.557)
(1.157009939 -0.334 -2.045)
(1.157009939 -0.334 -1.923)
(1.157009939 -0.334 -1.801)
(1.157009939 -0.334 -1.679)
(1.157009939 -0.334 -1.557)
(1.253427434 -0.334 -2.045)
(1.253427434 -0.334 -1.923)
(1.253427434 -0.334 -1.801)
(1.253427434 -0.334 -1.679)
(1.253427434 -0.334 -1.557)
(1.205218687 -0.2505 -2.045)
(1.205218687 -0.2505 -1.923)
(1.205218687 -0.2505 -1.801)
(1.205218687 -0.2505 -1.679)
(1.205218687 -0.2505 -1.557)
(1.157009939 -0.167 -2.045)
(1.157009939 -0.167 -1.923)
(1.157009939 -0.167 -1.801)
(1.157009939 -0.167 -1.679)
(1.157009939 -0.167 -1.557)
(1.253427434 -0.167 -2.045)
(1.253427434 -0.167 -1.923)
(1.253427434 -0.167 -1.801)
(1.253427434 -0.167 -1.679)
(1.253427434 -0.167 -1.557)
(1.205218687 -0.0835 -2.045)
(1.205218687 -0.0835 -1.923)
(1.205218687 -0.0835 -1.801)
(1.205218687 -0.0835 -1.679)
(1.205218687 -0.0835 -1.557)
(1.157009939 0 -2.045)
(1.157009939 0 -1.923)
(1.157009939 0 -1.801)
(1.157009939 0 -1.679)
(1.157009939 0 -1.557)
(1.253427434 0 -2.045)
(1.253427434 0 -1.923)
(1.253427434 0 -1.801)
(1.253427434 0 -1.679)
(1.253427434 0 -1.557)
(1.205218687 0.0835 -2.045)
(1.205218687 0.0835 -1.923)
(1.205218687 0.0835 -1.801)
(1.205218687 0.0835 -1.679)
(1.205218687 0.0835 -1.557)
(1.157009939 0.167 -2.045)
(1.157009939 0.167 -1.923)
(1.157009939 0.167 -1.801)
(1.157009939 0.167 -1.679)
(1.157009939 0.167 -1.557)
(1.253427434 0.167 -2.045)
(1.253427434 0.167 -1.923)
(1.253427434 0.167 -1.801)
(1.253427434 0.167 -1.679)
(1.253427434 0.167 -1.557)
(1.205218687 0.2505 -2.045)
(1.205218687 0.2505 -1.923)
(1.205218687 0.2505 -1.801)
(1.205218687 0.2505 -1.679)
(1.205218687 0.2505 -1.557)
(1.157009939 0.334 -2.045)
(1.157009939 0.334 -1.923)
(1.157009939 0.334 -1.801)
(1.157009939 0.334 -1.679)
(1.157009939 0.334 -1.557)
(1.253427434 0.334 -2.045)
(1.253427434 0.334 -1.923)
(1.253427434 0.334 -1.801)
(1.253427434 0.334 -1.679)
(1.253427434 0.334 -1.557)
(1.205218687 0.4175 -2.045)
(1.205218687 0.4175 -1.923)
(1.205218687 0.4175 -1.801)
(1.205218687 0.4175 -1.679)
(1.205218687 0.4175 -1.557)
(1.157009939 0.501 -2.045)
(1.157009939 0.501 -1.923)
(1.157009939 0.501 -1.801)
(1.157009939 0.501 -1.679)
(1.157009939 0.501 -1.557)
(1.253427434 0.501 -2.045)
(1.253427434 0.501 -1.923)
(1.253427434 0.501 -1.801)
(1.253427434 0.501 -1.679)
(1.253427434 0.501 -1.557)
(1.205218687 0.5845 -2.045)
(1.205218687 0.5845 -1.923)
(1.205218687 0.5845 -1.801)
(1.205218687 0.5845 -1.679)
(1.205218687 0.5845 -1.557)
(1.157009939 0.668 -2.045)
(1.157009939 0.668 -1.923)
(1.157009939 0.668 -1.801)
(1.157009939 0.668 -1.679)
(1.157009939 0.668 -1.557)
(1.253427434 0.668 -2.045)
(1.253427434 0.668 -1.923)
(1.253427434 0.668 -1.801)
(1.253427434 0.668 -1.679)
(1.253427434 0.668 -1.557)
(1.205218687 0.7515 -2.045)
(1.205218687 0.7515 -1.923)
(1.205218687 0.7515 -1.801)
(1.205218687 0.7515 -1.679)
(1.205218687 0.7515 -1.557)
(1.349844929 -0.501 -2.045)
(1.301636182 -0.4175 -2.045)
(1.349844929 -0.501 -1.923)
(1.301636182 -0.4175 -1.923)
(1.349844929 -0.501 -1.801)
(1.301636182 -0.4175 -1.801)
(1.349844929 -0.501 -1.679)
(1.301636182 -0.4175 -1.679)
(1.349844929 -0.501 -1.557)
(1.301636182 -0.4175 -1.557)
(1.398053677 -0.4175 -2.045)
(1.398053677 -0.4175 -1.923)
(1.398053677 -0.4175 -1.801)
(1.398053677 -0.4175 -1.679)
(1.398053677 -0.4175 -1.557)
(1.349844929 -0.334 -2.045)
(1.349844929 -0.334 -1.923)
(1.349844929 -0.334 -1.801)
(1.349844929 -0.334 -1.679)
(1.349844929 -0.334 -1.557)
(1.301636182 -0.2505 -2.045)
(1.301636182 -0.2505 -1.923)
(1.301636182 -0.2505 -1.801)
(1.301636182 -0.2505 -1.679)
(1.301636182 -0.2505 -1.557)
(1.398053677 -0.2505 -2.045)
(1.398053677 -0.2505 -1.923)
(1.398053677 -0.2505 -1.801)
(1.398053677 -0.2505 -1.679)
(1.398053677 -0.2505 -1.557)
(1.349844929 -0.167 -2.045)
(1.349844929 -0.167 -1.923)
(1.349844929 -0.167 -1.801)
(1.349844929 -0.167 -1.679)
(1.349844929 -0.167 -1.557)
(1.301636182 -0.0835 -2.045)
(1.301636182 -0.0835 -1.923)
(1.301636182 -0.0835 -1.801)
(1.301636182 -0.0835 -1.679)
(1.301636182 -0.0835 -1.557)
(1.398053677 -0.0835 -2.045)
(1.398053677 -0.0835 -1.923)
(1.398053677 -0.0835 -1.801)
(1.398053677 -0.0835 -1.679)
(1.398053677 -0.0835 -1.557)
(1.349844929 -1.387778781e-17 -2.045)
(1.349844929 -1.387778781e-17 -1.923)
(1.349844929 -1.387778781e-17 -1.801)
(1.349844929 -1.387778781e-17 -1.679)
(1.349844929 -1.387778781e-17 -1.557)
(1.301636182 0.0835 -2.045)
(1.301636182 0.0835 -1.923)
(1.301636182 0.0835 -1.801)
(1.301636182 0.0835 -1.679)
(1.301636182 0.0835 -1.557)
(1.398053677 0.0835 -2.045)
(1.398053677 0.0835 -1.923)
(1.398053677 0.0835 -1.801)
(1.398053677 0.0835 -1.679)
(1.398053677 0.0835 -1.557)
(1.349844929 0.167 -2.045)
(1.349844929 0.167 -1.923)
(1.349844929 0.167 -1.801)
(1.349844929 0.167 -1.679)
(1.349844929 0.167 -1.557)
(1.301636182 0.2505 -2.045)
(1.301636182 0.2505 -1.923)
(1.301636182 0.2505 -1.801)
(1.301636182 0.2505 -1.679)
(1.301636182 0.2505 -1.557)
(1.398053677 0.2505 -2.045)
(1.398053677 0.2505 -1.923)
(1.398053677 0.2505 -1.801)
(1.398053677 0.2505 -1.679)
(1.398053677 0.2505 -1.557)
(1.349844929 0.334 -2.045)
(1.349844929 0.334 -1.923)
(1.349844929 0.334 -1.801)
(1.349844929 0.334 -1.679)
(1.349844929 0.334 -1.557)
(1.301636182 0.4175 -2.045)
(1.301636182 0.4175 -1.923)
(1.301636182 0.4175 -1.801)
(1.301636182 0.4175 -1.679)
(1.301636182 0.4175 -1.557)
(1.398053677 0.4175 -2.045)
(1.398053677 0.4175 -1.923)
(1.398053677 0.4175 -1.801)
(1.398053677 0.4175 -1.679)
(1.398053677 0.4175 -1.557)
(1.349844929 0.501 -2.045)
(1.349844929 0.501 -1.923)
(1.349844929 0.501 -1.801)
(1.349844929 0.501 -1.679)
(1.349844929 0.501 -1.557)
)


// ************************************************************************* //
