    -1
   164
         1  SI: Meter (newton)         2
    1.0000000000000000E+0    1.0000000000000000E+0    1.0000000000000000E+0
    2.7314999999999998E+2
    -1
    -1
  2420
         1
SMESH_Mesh
         1         0         0
Global Cartesian Coordinate System
    1.0000000000000000E+0    0.0000000000000000E+0    0.0000000000000000E+0
    0.0000000000000000E+0    1.0000000000000000E+0    0.0000000000000000E+0
    0.0000000000000000E+0    0.0000000000000000E+0    1.0000000000000000E+0
    0.0000000000000000E+0    0.0000000000000000E+0    0.0000000000000000E+0
    -1
    -1
  2411
         1         1         1        11
   0.0000000000000000E+00   0.0000000000000000E+00  -2.2799999999999998E+00
         2         1         1        11
   6.6736421201668106E-01  -2.9137750760044451E-02  -2.2799999999999998E+00
         3         1         1        11
   0.0000000000000000E+00   0.0000000000000000E+00  -1.6799999999999999E+00
         4         1         1        11
   6.6736421201668106E-01  -2.9137750760044451E-02  -1.6799999999999999E+00
         5         1         1        11
   0.0000000000000000E+00   0.0000000000000000E+00  -3.0000000000000004E-01
         6         1         1        11
   6.6736421201668106E-01  -2.9137750760044451E-02  -3.0000000000000004E-01
         7         1         1        11
   0.0000000000000000E+00   0.0000000000000000E+00   2.9999999999999999E-01
         8         1         1        11
   6.6736421201668106E-01  -2.9137750760044451E-02   2.9999999999999993E-01
         9         1         1        11
   0.0000000000000000E+00   0.0000000000000000E+00   5.9999999999999998E-01
        10         1         1        11
   6.6736421201668106E-01  -2.9137750760044451E-02   5.9999999999999998E-01
        11         1         1        11
   1.1788769014665921E+00  -5.1470877091096476E-02  -2.2799999999999998E+00
        12         1         1        11
   1.1788769014665921E+00  -5.1470877091096476E-02  -1.6799999999999999E+00
        13         1         1        11
   1.1788769014665921E+00  -5.1470877091096476E-02  -3.0000000000000004E-01
        14         1         1        11
   1.1788769014665921E+00  -5.1470877091096476E-02   2.9999999999999999E-01
        15         1         1        11
   1.1788769014665921E+00  -5.1470877091096476E-02   5.9999999999999998E-01
        16         1         1        11
   6.6736421201668131E-02  -2.9137750760044458E-03  -2.2799999999999998E+00
        17         1         1        11
   1.3347284240333623E-01  -5.8275501520088906E-03  -2.2799999999999998E+00
        18         1         1        11
   2.0020926360500432E-01  -8.7413252280133351E-03  -2.2799999999999998E+00
        19         1         1        11
   2.6694568480667241E-01  -1.1655100304017780E-02  -2.2799999999999998E+00
        20         1         1        11
   3.3368210600834053E-01  -1.4568875380022226E-02  -2.2799999999999998E+00
        21         1         1        11
   4.0041852721000865E-01  -1.7482650456026670E-02  -2.2799999999999998E+00
        22         1         1        11
   4.6715494841167671E-01  -2.0396425532031113E-02  -2.2799999999999998E+00
        23         1         1        11
   5.3389136961334482E-01  -2.3310200608035559E-02  -2.2799999999999998E+00
        24         1         1        11
   6.0062779081501283E-01  -2.6223975684040002E-02  -2.2799999999999998E+00
        25         1         1        11
   0.0000000000000000E+00   0.0000000000000000E+00  -2.2199999999999998E+00
        26         1         1        11
   0.0000000000000000E+00   0.0000000000000000E+00  -2.1600000000000001E+00
        27         1         1        11
   0.0000000000000000E+00   0.0000000000000000E+00  -2.1000000000000001E+00
        28         1         1        11
   0.0000000000000000E+00   0.0000000000000000E+00  -2.0400000000000000E+00
        29         1         1        11
   0.0000000000000000E+00   0.0000000000000000E+00  -1.9800000000000000E+00
        30         1         1        11
   0.0000000000000000E+00   0.0000000000000000E+00  -1.9199999999999999E+00
        31         1         1        11
   0.0000000000000000E+00   0.0000000000000000E+00  -1.8599999999999999E+00
        32         1         1        11
   0.0000000000000000E+00   0.0000000000000000E+00  -1.8000000000000000E+00
        33         1         1        11
   0.0000000000000000E+00   0.0000000000000000E+00  -1.7400000000000000E+00
        34         1         1        11
   6.6736421201668131E-02  -2.9137750760044458E-03  -1.6799999999999999E+00
        35         1         1        11
   1.3347284240333623E-01  -5.8275501520088906E-03  -1.6799999999999999E+00
        36         1         1        11
   2.0020926360500432E-01  -8.7413252280133351E-03  -1.6799999999999999E+00
        37         1         1        11
   2.6694568480667241E-01  -1.1655100304017780E-02  -1.6799999999999999E+00
        38         1         1        11
   3.3368210600834053E-01  -1.4568875380022226E-02  -1.6799999999999999E+00
        39         1         1        11
   4.0041852721000865E-01  -1.7482650456026670E-02  -1.6799999999999999E+00
        40         1         1        11
   4.6715494841167671E-01  -2.0396425532031113E-02  -1.6799999999999999E+00
        41         1         1        11
   5.3389136961334482E-01  -2.3310200608035559E-02  -1.6799999999999999E+00
        42         1         1        11
   6.0062779081501283E-01  -2.6223975684040002E-02  -1.6799999999999999E+00
        43         1         1        11
   6.6736421201668106E-01  -2.9137750760044451E-02  -2.2199999999999998E+00
        44         1         1        11
   6.6736421201668106E-01  -2.9137750760044451E-02  -2.1600000000000001E+00
        45         1         1        11
   6.6736421201668106E-01  -2.9137750760044451E-02  -2.1000000000000001E+00
        46         1         1        11
   6.6736421201668106E-01  -2.9137750760044451E-02  -2.0400000000000000E+00
        47         1         1        11
   6.6736421201668106E-01  -2.9137750760044451E-02  -1.9800000000000000E+00
        48         1         1        11
   6.6736421201668106E-01  -2.9137750760044451E-02  -1.9199999999999999E+00
        49         1         1        11
   6.6736421201668106E-01  -2.9137750760044451E-02  -1.8599999999999999E+00
        50         1         1        11
   6.6736421201668106E-01  -2.9137750760044451E-02  -1.8000000000000000E+00
        51         1         1        11
   6.6736421201668106E-01  -2.9137750760044451E-02  -1.7400000000000000E+00
        52         1         1        11
   0.0000000000000000E+00   0.0000000000000000E+00  -1.5419999999999998E+00
        53         1         1        11
   0.0000000000000000E+00   0.0000000000000000E+00  -1.4039999999999999E+00
        54         1         1        11
   0.0000000000000000E+00   0.0000000000000000E+00  -1.2660000000000000E+00
        55         1         1        11
   0.0000000000000000E+00   0.0000000000000000E+00  -1.1279999999999999E+00
        56         1         1        11
   0.0000000000000000E+00   0.0000000000000000E+00  -9.8999999999999999E-01
        57         1         1        11
   0.0000000000000000E+00   0.0000000000000000E+00  -8.5199999999999998E-01
        58         1         1        11
   0.0000000000000000E+00   0.0000000000000000E+00  -7.1399999999999997E-01
        59         1         1        11
   0.0000000000000000E+00   0.0000000000000000E+00  -5.7599999999999996E-01
        60         1         1        11
   0.0000000000000000E+00   0.0000000000000000E+00  -4.3799999999999994E-01
        61         1         1        11
   6.6736421201668131E-02  -2.9137750760044458E-03  -3.0000000000000004E-01
        62         1         1        11
   1.3347284240333623E-01  -5.8275501520088906E-03  -3.0000000000000004E-01
        63         1         1        11
   2.0020926360500432E-01  -8.7413252280133351E-03  -3.0000000000000004E-01
        64         1         1        11
   2.6694568480667241E-01  -1.1655100304017780E-02  -3.0000000000000004E-01
        65         1         1        11
   3.3368210600834053E-01  -1.4568875380022226E-02  -3.0000000000000004E-01
        66         1         1        11
   4.0041852721000865E-01  -1.7482650456026670E-02  -3.0000000000000004E-01
        67         1         1        11
   4.6715494841167671E-01  -2.0396425532031113E-02  -3.0000000000000004E-01
        68         1         1        11
   5.3389136961334482E-01  -2.3310200608035559E-02  -3.0000000000000004E-01
        69         1         1        11
   6.0062779081501283E-01  -2.6223975684040002E-02  -3.0000000000000004E-01
        70         1         1        11
   6.6736421201668106E-01  -2.9137750760044451E-02  -1.5419999999999998E+00
        71         1         1        11
   6.6736421201668106E-01  -2.9137750760044451E-02  -1.4039999999999999E+00
        72         1         1        11
   6.6736421201668106E-01  -2.9137750760044451E-02  -1.2660000000000000E+00
        73         1         1        11
   6.6736421201668106E-01  -2.9137750760044451E-02  -1.1279999999999999E+00
        74         1         1        11
   6.6736421201668106E-01  -2.9137750760044451E-02  -9.8999999999999999E-01
        75         1         1        11
   6.6736421201668106E-01  -2.9137750760044451E-02  -8.5199999999999998E-01
        76         1         1        11
   6.6736421201668106E-01  -2.9137750760044451E-02  -7.1399999999999997E-01
        77         1         1        11
   6.6736421201668106E-01  -2.9137750760044451E-02  -5.7599999999999996E-01
        78         1         1        11
   6.6736421201668106E-01  -2.9137750760044451E-02  -4.3799999999999994E-01
        79         1         1        11
   0.0000000000000000E+00   0.0000000000000000E+00  -2.3999999999999999E-01
        80         1         1        11
   0.0000000000000000E+00   0.0000000000000000E+00  -1.7999999999999999E-01
        81         1         1        11
   0.0000000000000000E+00   0.0000000000000000E+00  -1.2000000000000000E-01
        82         1         1        11
   0.0000000000000000E+00   0.0000000000000000E+00  -5.9999999999999998E-02
        83         1         1        11
   0.0000000000000000E+00   0.0000000000000000E+00   0.0000000000000000E+00
        84         1         1        11
   0.0000000000000000E+00   0.0000000000000000E+00   5.9999999999999998E-02
        85         1         1        11
   0.0000000000000000E+00   0.0000000000000000E+00   1.2000000000000000E-01
        86         1         1        11
   0.0000000000000000E+00   0.0000000000000000E+00   1.7999999999999999E-01
        87         1         1        11
   0.0000000000000000E+00   0.0000000000000000E+00   2.3999999999999999E-01
        88         1         1        11
   6.6736421201668131E-02  -2.9137750760044458E-03   2.9999999999999999E-01
        89         1         1        11
   1.3347284240333623E-01  -5.8275501520088906E-03   2.9999999999999999E-01
        90         1         1        11
   2.0020926360500432E-01  -8.7413252280133351E-03   2.9999999999999999E-01
        91         1         1        11
   2.6694568480667241E-01  -1.1655100304017780E-02   2.9999999999999999E-01
        92         1         1        11
   3.3368210600834053E-01  -1.4568875380022226E-02   2.9999999999999999E-01
        93         1         1        11
   4.0041852721000865E-01  -1.7482650456026670E-02   2.9999999999999999E-01
        94         1         1        11
   4.6715494841167671E-01  -2.0396425532031113E-02   2.9999999999999999E-01
        95         1         1        11
   5.3389136961334482E-01  -2.3310200608035559E-02   2.9999999999999999E-01
        96         1         1        11
   6.0062779081501283E-01  -2.6223975684040002E-02   2.9999999999999999E-01
        97         1         1        11
   6.6736421201668106E-01  -2.9137750760044451E-02  -2.3999999999999999E-01
        98         1         1        11
   6.6736421201668106E-01  -2.9137750760044451E-02  -1.7999999999999999E-01
        99         1         1        11
   6.6736421201668106E-01  -2.9137750760044451E-02  -1.2000000000000000E-01
       100         1         1        11
   6.6736421201668106E-01  -2.9137750760044451E-02  -5.9999999999999998E-02
       101         1         1        11
   6.6736421201668106E-01  -2.9137750760044451E-02   0.0000000000000000E+00
       102         1         1        11
   6.6736421201668106E-01  -2.9137750760044451E-02   5.9999999999999998E-02
       103         1         1        11
   6.6736421201668106E-01  -2.9137750760044451E-02   1.2000000000000000E-01
       104         1         1        11
   6.6736421201668106E-01  -2.9137750760044451E-02   1.7999999999999999E-01
       105         1         1        11
   6.6736421201668106E-01  -2.9137750760044451E-02   2.3999999999999999E-01
       106         1         1        11
   0.0000000000000000E+00   0.0000000000000000E+00   3.2999999999999996E-01
       107         1         1        11
   0.0000000000000000E+00   0.0000000000000000E+00   3.5999999999999999E-01
       108         1         1        11
   0.0000000000000000E+00   0.0000000000000000E+00   3.8999999999999996E-01
       109         1         1        11
   0.0000000000000000E+00   0.0000000000000000E+00   4.1999999999999993E-01
       110         1         1        11
   0.0000000000000000E+00   0.0000000000000000E+00   4.4999999999999996E-01
       111         1         1        11
   0.0000000000000000E+00   0.0000000000000000E+00   4.7999999999999998E-01
       112         1         1        11
   0.0000000000000000E+00   0.0000000000000000E+00   5.1000000000000001E-01
       113         1         1        11
   0.0000000000000000E+00   0.0000000000000000E+00   5.3999999999999992E-01
       114         1         1        11
   0.0000000000000000E+00   0.0000000000000000E+00   5.6999999999999995E-01
       115         1         1        11
   6.6736421201668131E-02  -2.9137750760044458E-03   5.9999999999999998E-01
       116         1         1        11
   1.3347284240333623E-01  -5.8275501520088906E-03   5.9999999999999998E-01
       117         1         1        11
   2.0020926360500432E-01  -8.7413252280133351E-03   5.9999999999999998E-01
       118         1         1        11
   2.6694568480667241E-01  -1.1655100304017780E-02   5.9999999999999998E-01
       119         1         1        11
   3.3368210600834053E-01  -1.4568875380022226E-02   5.9999999999999998E-01
       120         1         1        11
   4.0041852721000865E-01  -1.7482650456026670E-02   5.9999999999999998E-01
       121         1         1        11
   4.6715494841167671E-01  -2.0396425532031113E-02   5.9999999999999998E-01
       122         1         1        11
   5.3389136961334482E-01  -2.3310200608035559E-02   5.9999999999999998E-01
       123         1         1        11
   6.0062779081501283E-01  -2.6223975684040002E-02   5.9999999999999998E-01
       124         1         1        11
   6.6736421201668106E-01  -2.9137750760044451E-02   3.2999999999999996E-01
       125         1         1        11
   6.6736421201668106E-01  -2.9137750760044451E-02   3.5999999999999999E-01
       126         1         1        11
   6.6736421201668106E-01  -2.9137750760044451E-02   3.8999999999999996E-01
       127         1         1        11
   6.6736421201668106E-01  -2.9137750760044451E-02   4.1999999999999993E-01
       128         1         1        11
   6.6736421201668106E-01  -2.9137750760044451E-02   4.4999999999999996E-01
       129         1         1        11
   6.6736421201668106E-01  -2.9137750760044451E-02   4.7999999999999998E-01
       130         1         1        11
   6.6736421201668106E-01  -2.9137750760044451E-02   5.1000000000000001E-01
       131         1         1        11
   6.6736421201668106E-01  -2.9137750760044451E-02   5.3999999999999992E-01
       132         1         1        11
   6.6736421201668106E-01  -2.9137750760044451E-02   5.6999999999999995E-01
       133         1         1        11
   7.1851548096167206E-01  -3.1371063393149649E-02  -2.2799999999999998E+00
       134         1         1        11
   7.6966674990666317E-01  -3.3604376026254851E-02  -2.2799999999999998E+00
       135         1         1        11
   8.2081801885165440E-01  -3.5837688659360059E-02  -2.2799999999999998E+00
       136         1         1        11
   8.7196928779664540E-01  -3.8071001292465254E-02  -2.2799999999999998E+00
       137         1         1        11
   9.2312055674163651E-01  -4.0304313925570462E-02  -2.2799999999999998E+00
       138         1         1        11
   9.7427182568662773E-01  -4.2537626558675663E-02  -2.2799999999999998E+00
       139         1         1        11
   1.0254230946316187E+00  -4.4770939191780872E-02  -2.2799999999999998E+00
       140         1         1        11
   1.0765743635766098E+00  -4.7004251824886066E-02  -2.2799999999999998E+00
       141         1         1        11
   1.1277256325216012E+00  -4.9237564457991281E-02  -2.2799999999999998E+00
       142         1         1        11
   7.1851548096167206E-01  -3.1371063393149649E-02  -1.6799999999999999E+00
       143         1         1        11
   7.6966674990666317E-01  -3.3604376026254851E-02  -1.6799999999999999E+00
       144         1         1        11
   8.2081801885165440E-01  -3.5837688659360059E-02  -1.6799999999999999E+00
       145         1         1        11
   8.7196928779664540E-01  -3.8071001292465254E-02  -1.6799999999999999E+00
       146         1         1        11
   9.2312055674163651E-01  -4.0304313925570462E-02  -1.6799999999999999E+00
       147         1         1        11
   9.7427182568662773E-01  -4.2537626558675663E-02  -1.6799999999999999E+00
       148         1         1        11
   1.0254230946316187E+00  -4.4770939191780872E-02  -1.6799999999999999E+00
       149         1         1        11
   1.0765743635766098E+00  -4.7004251824886066E-02  -1.6799999999999999E+00
       150         1         1        11
   1.1277256325216012E+00  -4.9237564457991281E-02  -1.6799999999999999E+00
       151         1         1        11
   1.1788769014665921E+00  -5.1470877091096476E-02  -2.2199999999999998E+00
       152         1         1        11
   1.1788769014665921E+00  -5.1470877091096476E-02  -2.1600000000000001E+00
       153         1         1        11
   1.1788769014665921E+00  -5.1470877091096476E-02  -2.1000000000000001E+00
       154         1         1        11
   1.1788769014665921E+00  -5.1470877091096476E-02  -2.0400000000000000E+00
       155         1         1        11
   1.1788769014665921E+00  -5.1470877091096476E-02  -1.9800000000000000E+00
       156         1         1        11
   1.1788769014665921E+00  -5.1470877091096476E-02  -1.9199999999999999E+00
       157         1         1        11
   1.1788769014665921E+00  -5.1470877091096476E-02  -1.8599999999999999E+00
       158         1         1        11
   1.1788769014665921E+00  -5.1470877091096476E-02  -1.8000000000000000E+00
       159         1         1        11
   1.1788769014665921E+00  -5.1470877091096476E-02  -1.7400000000000000E+00
       160         1         1        11
   7.1851548096167206E-01  -3.1371063393149649E-02  -3.0000000000000004E-01
       161         1         1        11
   7.6966674990666317E-01  -3.3604376026254851E-02  -3.0000000000000004E-01
       162         1         1        11
   8.2081801885165440E-01  -3.5837688659360059E-02  -3.0000000000000004E-01
       163         1         1        11
   8.7196928779664540E-01  -3.8071001292465254E-02  -3.0000000000000004E-01
       164         1         1        11
   9.2312055674163651E-01  -4.0304313925570462E-02  -3.0000000000000004E-01
       165         1         1        11
   9.7427182568662773E-01  -4.2537626558675663E-02  -3.0000000000000004E-01
       166         1         1        11
   1.0254230946316187E+00  -4.4770939191780872E-02  -3.0000000000000004E-01
       167         1         1        11
   1.0765743635766098E+00  -4.7004251824886066E-02  -3.0000000000000004E-01
       168         1         1        11
   1.1277256325216012E+00  -4.9237564457991281E-02  -3.0000000000000004E-01
       169         1         1        11
   1.1788769014665921E+00  -5.1470877091096476E-02  -1.5419999999999998E+00
       170         1         1        11
   1.1788769014665921E+00  -5.1470877091096476E-02  -1.4039999999999999E+00
       171         1         1        11
   1.1788769014665921E+00  -5.1470877091096476E-02  -1.2660000000000000E+00
       172         1         1        11
   1.1788769014665921E+00  -5.1470877091096476E-02  -1.1279999999999999E+00
       173         1         1        11
   1.1788769014665921E+00  -5.1470877091096476E-02  -9.8999999999999999E-01
       174         1         1        11
   1.1788769014665921E+00  -5.1470877091096476E-02  -8.5199999999999998E-01
       175         1         1        11
   1.1788769014665921E+00  -5.1470877091096476E-02  -7.1399999999999997E-01
       176         1         1        11
   1.1788769014665921E+00  -5.1470877091096476E-02  -5.7599999999999996E-01
       177         1         1        11
   1.1788769014665921E+00  -5.1470877091096476E-02  -4.3799999999999994E-01
       178         1         1        11
   7.1851548096167206E-01  -3.1371063393149649E-02   2.9999999999999999E-01
       179         1         1        11
   7.6966674990666317E-01  -3.3604376026254851E-02   2.9999999999999999E-01
       180         1         1        11
   8.2081801885165440E-01  -3.5837688659360059E-02   2.9999999999999999E-01
       181         1         1        11
   8.7196928779664540E-01  -3.8071001292465254E-02   2.9999999999999999E-01
       182         1         1        11
   9.2312055674163651E-01  -4.0304313925570462E-02   2.9999999999999999E-01
       183         1         1        11
   9.7427182568662773E-01  -4.2537626558675663E-02   2.9999999999999999E-01
       184         1         1        11
   1.0254230946316187E+00  -4.4770939191780872E-02   2.9999999999999999E-01
       185         1         1        11
   1.0765743635766098E+00  -4.7004251824886066E-02   2.9999999999999999E-01
       186         1         1        11
   1.1277256325216012E+00  -4.9237564457991281E-02   2.9999999999999999E-01
       187         1         1        11
   1.1788769014665921E+00  -5.1470877091096476E-02  -2.3999999999999999E-01
       188         1         1        11
   1.1788769014665921E+00  -5.1470877091096476E-02  -1.7999999999999999E-01
       189         1         1        11
   1.1788769014665921E+00  -5.1470877091096476E-02  -1.2000000000000000E-01
       190         1         1        11
   1.1788769014665921E+00  -5.1470877091096476E-02  -5.9999999999999998E-02
       191         1         1        11
   1.1788769014665921E+00  -5.1470877091096476E-02   0.0000000000000000E+00
       192         1         1        11
   1.1788769014665921E+00  -5.1470877091096476E-02   5.9999999999999998E-02
       193         1         1        11
   1.1788769014665921E+00  -5.1470877091096476E-02   1.2000000000000000E-01
       194         1         1        11
   1.1788769014665921E+00  -5.1470877091096476E-02   1.7999999999999999E-01
       195         1         1        11
   1.1788769014665921E+00  -5.1470877091096476E-02   2.3999999999999999E-01
       196         1         1        11
   7.1851548096167206E-01  -3.1371063393149649E-02   5.9999999999999998E-01
       197         1         1        11
   7.6966674990666317E-01  -3.3604376026254851E-02   5.9999999999999998E-01
       198         1         1        11
   8.2081801885165440E-01  -3.5837688659360059E-02   5.9999999999999998E-01
       199         1         1        11
   8.7196928779664540E-01  -3.8071001292465254E-02   5.9999999999999998E-01
       200         1         1        11
   9.2312055674163651E-01  -4.0304313925570462E-02   5.9999999999999998E-01
       201         1         1        11
   9.7427182568662773E-01  -4.2537626558675663E-02   5.9999999999999998E-01
       202         1         1        11
   1.0254230946316187E+00  -4.4770939191780872E-02   5.9999999999999998E-01
       203         1         1        11
   1.0765743635766098E+00  -4.7004251824886066E-02   5.9999999999999998E-01
       204         1         1        11
   1.1277256325216012E+00  -4.9237564457991281E-02   5.9999999999999998E-01
       205         1         1        11
   1.1788769014665921E+00  -5.1470877091096476E-02   3.2999999999999996E-01
       206         1         1        11
   1.1788769014665921E+00  -5.1470877091096476E-02   3.5999999999999999E-01
       207         1         1        11
   1.1788769014665921E+00  -5.1470877091096476E-02   3.8999999999999996E-01
       208         1         1        11
   1.1788769014665921E+00  -5.1470877091096476E-02   4.1999999999999993E-01
       209         1         1        11
   1.1788769014665921E+00  -5.1470877091096476E-02   4.4999999999999996E-01
       210         1         1        11
   1.1788769014665921E+00  -5.1470877091096476E-02   4.7999999999999998E-01
       211         1         1        11
   1.1788769014665921E+00  -5.1470877091096476E-02   5.1000000000000001E-01
       212         1         1        11
   1.1788769014665921E+00  -5.1470877091096476E-02   5.3999999999999992E-01
       213         1         1        11
   1.1788769014665921E+00  -5.1470877091096476E-02   5.6999999999999995E-01
       214         1         1        11
   6.0062779081501283E-01  -2.6223975684040002E-02  -2.2200000000000002E+00
       215         1         1        11
   6.0062779081501283E-01  -2.6223975684040002E-02  -2.1600000000000001E+00
       216         1         1        11
   6.0062779081501294E-01  -2.6223975684040005E-02  -2.1000000000000001E+00
       217         1         1        11
   6.0062779081501283E-01  -2.6223975684040002E-02  -2.0400000000000000E+00
       218         1         1        11
   6.0062779081501283E-01  -2.6223975684040002E-02  -1.9800000000000000E+00
       219         1         1        11
   6.0062779081501283E-01  -2.6223975684040002E-02  -1.9199999999999999E+00
       220         1         1        11
   6.0062779081501283E-01  -2.6223975684040002E-02  -1.8599999999999999E+00
       221         1         1        11
   6.0062779081501283E-01  -2.6223975684040002E-02  -1.8000000000000000E+00
       222         1         1        11
   6.0062779081501283E-01  -2.6223975684040002E-02  -1.7400000000000000E+00
       223         1         1        11
   5.3389136961334482E-01  -2.3310200608035559E-02  -2.2200000000000002E+00
       224         1         1        11
   5.3389136961334482E-01  -2.3310200608035559E-02  -2.1600000000000001E+00
       225         1         1        11
   5.3389136961334493E-01  -2.3310200608035563E-02  -2.1000000000000001E+00
       226         1         1        11
   5.3389136961334482E-01  -2.3310200608035559E-02  -2.0400000000000000E+00
       227         1         1        11
   5.3389136961334482E-01  -2.3310200608035559E-02  -1.9800000000000000E+00
       228         1         1        11
   5.3389136961334482E-01  -2.3310200608035559E-02  -1.9199999999999999E+00
       229         1         1        11
   5.3389136961334482E-01  -2.3310200608035559E-02  -1.8599999999999999E+00
       230         1         1        11
   5.3389136961334482E-01  -2.3310200608035559E-02  -1.8000000000000000E+00
       231         1         1        11
   5.3389136961334482E-01  -2.3310200608035559E-02  -1.7400000000000000E+00
       232         1         1        11
   4.6715494841167671E-01  -2.0396425532031113E-02  -2.2200000000000002E+00
       233         1         1        11
   4.6715494841167671E-01  -2.0396425532031113E-02  -2.1600000000000001E+00
       234         1         1        11
   4.6715494841167671E-01  -2.0396425532031113E-02  -2.1000000000000001E+00
       235         1         1        11
   4.6715494841167671E-01  -2.0396425532031113E-02  -2.0400000000000000E+00
       236         1         1        11
   4.6715494841167671E-01  -2.0396425532031113E-02  -1.9800000000000000E+00
       237         1         1        11
   4.6715494841167671E-01  -2.0396425532031113E-02  -1.9199999999999999E+00
       238         1         1        11
   4.6715494841167671E-01  -2.0396425532031113E-02  -1.8599999999999999E+00
       239         1         1        11
   4.6715494841167671E-01  -2.0396425532031113E-02  -1.8000000000000000E+00
       240         1         1        11
   4.6715494841167671E-01  -2.0396425532031113E-02  -1.7400000000000000E+00
       241         1         1        11
   4.0041852721000865E-01  -1.7482650456026670E-02  -2.2199999999999998E+00
       242         1         1        11
   4.0041852721000865E-01  -1.7482650456026670E-02  -2.1600000000000001E+00
       243         1         1        11
   4.0041852721000865E-01  -1.7482650456026670E-02  -2.1000000000000001E+00
       244         1         1        11
   4.0041852721000865E-01  -1.7482650456026670E-02  -2.0400000000000000E+00
       245         1         1        11
   4.0041852721000865E-01  -1.7482650456026670E-02  -1.9800000000000000E+00
       246         1         1        11
   4.0041852721000865E-01  -1.7482650456026670E-02  -1.9199999999999999E+00
       247         1         1        11
   4.0041852721000865E-01  -1.7482650456026670E-02  -1.8599999999999999E+00
       248         1         1        11
   4.0041852721000865E-01  -1.7482650456026670E-02  -1.8000000000000000E+00
       249         1         1        11
   4.0041852721000865E-01  -1.7482650456026670E-02  -1.7400000000000000E+00
       250         1         1        11
   3.3368210600834053E-01  -1.4568875380022226E-02  -2.2199999999999998E+00
       251         1         1        11
   3.3368210600834053E-01  -1.4568875380022226E-02  -2.1600000000000001E+00
       252         1         1        11
   3.3368210600834053E-01  -1.4568875380022226E-02  -2.1000000000000001E+00
       253         1         1        11
   3.3368210600834053E-01  -1.4568875380022226E-02  -2.0400000000000000E+00
       254         1         1        11
   3.3368210600834053E-01  -1.4568875380022226E-02  -1.9800000000000000E+00
       255         1         1        11
   3.3368210600834053E-01  -1.4568875380022226E-02  -1.9199999999999999E+00
       256         1         1        11
   3.3368210600834053E-01  -1.4568875380022226E-02  -1.8599999999999999E+00
       257         1         1        11
   3.3368210600834053E-01  -1.4568875380022226E-02  -1.8000000000000000E+00
       258         1         1        11
   3.3368210600834053E-01  -1.4568875380022226E-02  -1.7400000000000000E+00
       259         1         1        11
   2.6694568480667247E-01  -1.1655100304017781E-02  -2.2199999999999998E+00
       260         1         1        11
   2.6694568480667241E-01  -1.1655100304017780E-02  -2.1600000000000001E+00
       261         1         1        11
   2.6694568480667252E-01  -1.1655100304017783E-02  -2.1000000000000001E+00
       262         1         1        11
   2.6694568480667247E-01  -1.1655100304017781E-02  -2.0400000000000000E+00
       263         1         1        11
   2.6694568480667247E-01  -1.1655100304017781E-02  -1.9800000000000000E+00
       264         1         1        11
   2.6694568480667247E-01  -1.1655100304017781E-02  -1.9199999999999999E+00
       265         1         1        11
   2.6694568480667252E-01  -1.1655100304017783E-02  -1.8599999999999999E+00
       266         1         1        11
   2.6694568480667241E-01  -1.1655100304017780E-02  -1.8000000000000000E+00
       267         1         1        11
   2.6694568480667241E-01  -1.1655100304017780E-02  -1.7400000000000000E+00
       268         1         1        11
   2.0020926360500432E-01  -8.7413252280133351E-03  -2.2200000000000002E+00
       269         1         1        11
   2.0020926360500427E-01  -8.7413252280133334E-03  -2.1600000000000001E+00
       270         1         1        11
   2.0020926360500432E-01  -8.7413252280133351E-03  -2.1000000000000001E+00
       271         1         1        11
   2.0020926360500432E-01  -8.7413252280133351E-03  -2.0400000000000000E+00
       272         1         1        11
   2.0020926360500438E-01  -8.7413252280133386E-03  -1.9800000000000000E+00
       273         1         1        11
   2.0020926360500432E-01  -8.7413252280133351E-03  -1.9199999999999999E+00
       274         1         1        11
   2.0020926360500432E-01  -8.7413252280133351E-03  -1.8599999999999999E+00
       275         1         1        11
   2.0020926360500432E-01  -8.7413252280133351E-03  -1.8000000000000000E+00
       276         1         1        11
   2.0020926360500432E-01  -8.7413252280133351E-03  -1.7400000000000000E+00
       277         1         1        11
   1.3347284240333626E-01  -5.8275501520088915E-03  -2.2199999999999998E+00
       278         1         1        11
   1.3347284240333623E-01  -5.8275501520088906E-03  -2.1600000000000001E+00
       279         1         1        11
   1.3347284240333626E-01  -5.8275501520088915E-03  -2.1000000000000001E+00
       280         1         1        11
   1.3347284240333621E-01  -5.8275501520088898E-03  -2.0400000000000000E+00
       281         1         1        11
   1.3347284240333621E-01  -5.8275501520088898E-03  -1.9800000000000000E+00
       282         1         1        11
   1.3347284240333621E-01  -5.8275501520088898E-03  -1.9199999999999999E+00
       283         1         1        11
   1.3347284240333621E-01  -5.8275501520088898E-03  -1.8599999999999999E+00
       284         1         1        11
   1.3347284240333623E-01  -5.8275501520088906E-03  -1.8000000000000000E+00
       285         1         1        11
   1.3347284240333629E-01  -5.8275501520088932E-03  -1.7400000000000000E+00
       286         1         1        11
   6.6736421201668075E-02  -2.9137750760044436E-03  -2.2199999999999998E+00
       287         1         1        11
   6.6736421201668075E-02  -2.9137750760044436E-03  -2.1600000000000001E+00
       288         1         1        11
   6.6736421201668075E-02  -2.9137750760044436E-03  -2.1000000000000001E+00
       289         1         1        11
   6.6736421201668075E-02  -2.9137750760044436E-03  -2.0400000000000000E+00
       290         1         1        11
   6.6736421201668075E-02  -2.9137750760044436E-03  -1.9800000000000000E+00
       291         1         1        11
   6.6736421201668131E-02  -2.9137750760044458E-03  -1.9199999999999999E+00
       292         1         1        11
   6.6736421201668075E-02  -2.9137750760044436E-03  -1.8599999999999999E+00
       293         1         1        11
   6.6736421201668075E-02  -2.9137750760044436E-03  -1.8000000000000000E+00
       294         1         1        11
   6.6736421201668131E-02  -2.9137750760044458E-03  -1.7400000000000000E+00
       295         1         1        11
   6.0062779081501283E-01  -2.6223975684040002E-02  -1.5419999999999998E+00
       296         1         1        11
   6.0062779081501283E-01  -2.6223975684040002E-02  -1.4039999999999999E+00
       297         1         1        11
   6.0062779081501283E-01  -2.6223975684040002E-02  -1.2660000000000000E+00
       298         1         1        11
   6.0062779081501294E-01  -2.6223975684040005E-02  -1.1279999999999999E+00
       299         1         1        11
   6.0062779081501283E-01  -2.6223975684040002E-02  -9.8999999999999999E-01
       300         1         1        11
   6.0062779081501283E-01  -2.6223975684040002E-02  -8.5199999999999987E-01
       301         1         1        11
   6.0062779081501283E-01  -2.6223975684040002E-02  -7.1399999999999997E-01
       302         1         1        11
   6.0062779081501283E-01  -2.6223975684040002E-02  -5.7599999999999996E-01
       303         1         1        11
   6.0062779081501283E-01  -2.6223975684040002E-02  -4.3799999999999994E-01
       304         1         1        11
   5.3389136961334482E-01  -2.3310200608035559E-02  -1.5420000000000003E+00
       305         1         1        11
   5.3389136961334482E-01  -2.3310200608035559E-02  -1.4039999999999997E+00
       306         1         1        11
   5.3389136961334482E-01  -2.3310200608035559E-02  -1.2660000000000000E+00
       307         1         1        11
   5.3389136961334482E-01  -2.3310200608035559E-02  -1.1279999999999999E+00
       308         1         1        11
   5.3389136961334482E-01  -2.3310200608035559E-02  -9.8999999999999999E-01
       309         1         1        11
   5.3389136961334482E-01  -2.3310200608035559E-02  -8.5199999999999987E-01
       310         1         1        11
   5.3389136961334482E-01  -2.3310200608035559E-02  -7.1399999999999997E-01
       311         1         1        11
   5.3389136961334482E-01  -2.3310200608035559E-02  -5.7599999999999985E-01
       312         1         1        11
   5.3389136961334482E-01  -2.3310200608035559E-02  -4.3799999999999994E-01
       313         1         1        11
   4.6715494841167671E-01  -2.0396425532031113E-02  -1.5419999999999998E+00
       314         1         1        11
   4.6715494841167671E-01  -2.0396425532031113E-02  -1.4039999999999999E+00
       315         1         1        11
   4.6715494841167671E-01  -2.0396425532031113E-02  -1.2660000000000000E+00
       316         1         1        11
   4.6715494841167671E-01  -2.0396425532031113E-02  -1.1279999999999999E+00
       317         1         1        11
   4.6715494841167671E-01  -2.0396425532031113E-02  -9.8999999999999988E-01
       318         1         1        11
   4.6715494841167671E-01  -2.0396425532031113E-02  -8.5199999999999998E-01
       319         1         1        11
   4.6715494841167671E-01  -2.0396425532031113E-02  -7.1399999999999997E-01
       320         1         1        11
   4.6715494841167671E-01  -2.0396425532031113E-02  -5.7599999999999985E-01
       321         1         1        11
   4.6715494841167671E-01  -2.0396425532031113E-02  -4.3799999999999994E-01
       322         1         1        11
   4.0041852721000865E-01  -1.7482650456026670E-02  -1.5419999999999998E+00
       323         1         1        11
   4.0041852721000865E-01  -1.7482650456026670E-02  -1.4039999999999999E+00
       324         1         1        11
   4.0041852721000865E-01  -1.7482650456026670E-02  -1.2659999999999998E+00
       325         1         1        11
   4.0041852721000865E-01  -1.7482650456026670E-02  -1.1279999999999999E+00
       326         1         1        11
   4.0041852721000865E-01  -1.7482650456026670E-02  -9.8999999999999999E-01
       327         1         1        11
   4.0041852721000865E-01  -1.7482650456026670E-02  -8.5199999999999987E-01
       328         1         1        11
   4.0041852721000865E-01  -1.7482650456026670E-02  -7.1400000000000008E-01
       329         1         1        11
   4.0041852721000865E-01  -1.7482650456026670E-02  -5.7599999999999996E-01
       330         1         1        11
   4.0041852721000865E-01  -1.7482650456026670E-02  -4.3799999999999994E-01
       331         1         1        11
   3.3368210600834053E-01  -1.4568875380022226E-02  -1.5420000000000000E+00
       332         1         1        11
   3.3368210600834053E-01  -1.4568875380022226E-02  -1.4039999999999999E+00
       333         1         1        11
   3.3368210600834053E-01  -1.4568875380022226E-02  -1.2660000000000000E+00
       334         1         1        11
   3.3368210600834053E-01  -1.4568875380022226E-02  -1.1279999999999999E+00
       335         1         1        11
   3.3368210600834053E-01  -1.4568875380022226E-02  -9.8999999999999999E-01
       336         1         1        11
   3.3368210600834053E-01  -1.4568875380022226E-02  -8.5199999999999998E-01
       337         1         1        11
   3.3368210600834053E-01  -1.4568875380022226E-02  -7.1399999999999997E-01
       338         1         1        11
   3.3368210600834053E-01  -1.4568875380022226E-02  -5.7599999999999985E-01
       339         1         1        11
   3.3368210600834053E-01  -1.4568875380022226E-02  -4.3799999999999994E-01
       340         1         1        11
   2.6694568480667247E-01  -1.1655100304017781E-02  -1.5420000000000000E+00
       341         1         1        11
   2.6694568480667247E-01  -1.1655100304017781E-02  -1.4039999999999999E+00
       342         1         1        11
   2.6694568480667252E-01  -1.1655100304017783E-02  -1.2660000000000000E+00
       343         1         1        11
   2.6694568480667247E-01  -1.1655100304017781E-02  -1.1279999999999999E+00
       344         1         1        11
   2.6694568480667247E-01  -1.1655100304017781E-02  -9.8999999999999988E-01
       345         1         1        11
   2.6694568480667247E-01  -1.1655100304017781E-02  -8.5199999999999987E-01
       346         1         1        11
   2.6694568480667247E-01  -1.1655100304017781E-02  -7.1399999999999997E-01
       347         1         1        11
   2.6694568480667247E-01  -1.1655100304017781E-02  -5.7599999999999985E-01
       348         1         1        11
   2.6694568480667247E-01  -1.1655100304017781E-02  -4.3799999999999994E-01
       349         1         1        11
   2.0020926360500432E-01  -8.7413252280133351E-03  -1.5419999999999998E+00
       350         1         1        11
   2.0020926360500432E-01  -8.7413252280133351E-03  -1.4039999999999999E+00
       351         1         1        11
   2.0020926360500432E-01  -8.7413252280133351E-03  -1.2659999999999998E+00
       352         1         1        11
   2.0020926360500430E-01  -8.7413252280133334E-03  -1.1279999999999999E+00
       353         1         1        11
   2.0020926360500438E-01  -8.7413252280133386E-03  -9.8999999999999988E-01
       354         1         1        11
   2.0020926360500432E-01  -8.7413252280133351E-03  -8.5199999999999998E-01
       355         1         1        11
   2.0020926360500427E-01  -8.7413252280133334E-03  -7.1399999999999997E-01
       356         1         1        11
   2.0020926360500432E-01  -8.7413252280133351E-03  -5.7599999999999985E-01
       357         1         1        11
   2.0020926360500432E-01  -8.7413252280133351E-03  -4.3799999999999994E-01
       358         1         1        11
   1.3347284240333629E-01  -5.8275501520088932E-03  -1.5420000000000003E+00
       359         1         1        11
   1.3347284240333621E-01  -5.8275501520088898E-03  -1.4039999999999999E+00
       360         1         1        11
   1.3347284240333626E-01  -5.8275501520088915E-03  -1.2660000000000000E+00
       361         1         1        11
   1.3347284240333626E-01  -5.8275501520088915E-03  -1.1279999999999999E+00
       362         1         1        11
   1.3347284240333621E-01  -5.8275501520088898E-03  -9.8999999999999999E-01
       363         1         1        11
   1.3347284240333621E-01  -5.8275501520088898E-03  -8.5199999999999987E-01
       364         1         1        11
   1.3347284240333623E-01  -5.8275501520088906E-03  -7.1400000000000008E-01
       365         1         1        11
   1.3347284240333626E-01  -5.8275501520088915E-03  -5.7599999999999985E-01
       366         1         1        11
   1.3347284240333618E-01  -5.8275501520088880E-03  -4.3799999999999994E-01
       367         1         1        11
   6.6736421201668131E-02  -2.9137750760044458E-03  -1.5420000000000003E+00
       368         1         1        11
   6.6736421201668075E-02  -2.9137750760044436E-03  -1.4039999999999999E+00
       369         1         1        11
   6.6736421201668075E-02  -2.9137750760044436E-03  -1.2659999999999998E+00
       370         1         1        11
   6.6736421201668075E-02  -2.9137750760044436E-03  -1.1279999999999999E+00
       371         1         1        11
   6.6736421201668075E-02  -2.9137750760044436E-03  -9.8999999999999988E-01
       372         1         1        11
   6.6736421201668131E-02  -2.9137750760044458E-03  -8.5199999999999987E-01
       373         1         1        11
   6.6736421201668131E-02  -2.9137750760044458E-03  -7.1399999999999997E-01
       374         1         1        11
   6.6736421201668131E-02  -2.9137750760044458E-03  -5.7599999999999996E-01
       375         1         1        11
   6.6736421201668075E-02  -2.9137750760044436E-03  -4.3799999999999994E-01
       376         1         1        11
   6.0062779081501283E-01  -2.6223975684040002E-02  -2.4000000000000007E-01
       377         1         1        11
   6.0062779081501283E-01  -2.6223975684040002E-02  -1.7999999999999999E-01
       378         1         1        11
   6.0062779081501294E-01  -2.6223975684040005E-02  -1.2000000000000000E-01
       379         1         1        11
   6.0062779081501283E-01  -2.6223975684040002E-02  -6.0000000000000012E-02
       380         1         1        11
   6.0062779081501283E-01  -2.6223975684040002E-02   0.0000000000000000E+00
       381         1         1        11
   6.0062779081501283E-01  -2.6223975684040002E-02   6.0000000000000012E-02
       382         1         1        11
   6.0062779081501283E-01  -2.6223975684040002E-02   1.2000000000000001E-01
       383         1         1        11
   6.0062779081501283E-01  -2.6223975684040002E-02   1.7999999999999999E-01
       384         1         1        11
   6.0062779081501283E-01  -2.6223975684040002E-02   2.3999999999999999E-01
       385         1         1        11
   5.3389136961334482E-01  -2.3310200608035559E-02  -2.3999999999999996E-01
       386         1         1        11
   5.3389136961334482E-01  -2.3310200608035559E-02  -1.7999999999999994E-01
       387         1         1        11
   5.3389136961334493E-01  -2.3310200608035563E-02  -1.1999999999999998E-01
       388         1         1        11
   5.3389136961334482E-01  -2.3310200608035559E-02  -6.0000000000000026E-02
       389         1         1        11
   5.3389136961334482E-01  -2.3310200608035559E-02   0.0000000000000000E+00
       390         1         1        11
   5.3389136961334482E-01  -2.3310200608035559E-02   6.0000000000000026E-02
       391         1         1        11
   5.3389136961334482E-01  -2.3310200608035559E-02   1.2000000000000001E-01
       392         1         1        11
   5.3389136961334482E-01  -2.3310200608035559E-02   1.7999999999999994E-01
       393         1         1        11
   5.3389136961334482E-01  -2.3310200608035559E-02   2.3999999999999994E-01
       394         1         1        11
   4.6715494841167671E-01  -2.0396425532031113E-02  -2.4000000000000002E-01
       395         1         1        11
   4.6715494841167671E-01  -2.0396425532031113E-02  -1.7999999999999999E-01
       396         1         1        11
   4.6715494841167671E-01  -2.0396425532031113E-02  -1.2000000000000002E-01
       397         1         1        11
   4.6715494841167671E-01  -2.0396425532031113E-02  -6.0000000000000012E-02
       398         1         1        11
   4.6715494841167671E-01  -2.0396425532031113E-02   0.0000000000000000E+00
       399         1         1        11
   4.6715494841167671E-01  -2.0396425532031113E-02   5.9999999999999970E-02
       400         1         1        11
   4.6715494841167671E-01  -2.0396425532031113E-02   1.2000000000000002E-01
       401         1         1        11
   4.6715494841167671E-01  -2.0396425532031113E-02   1.7999999999999999E-01
       402         1         1        11
   4.6715494841167671E-01  -2.0396425532031113E-02   2.3999999999999999E-01
       403         1         1        11
   4.0041852721000865E-01  -1.7482650456026670E-02  -2.4000000000000005E-01
       404         1         1        11
   4.0041852721000865E-01  -1.7482650456026670E-02  -1.8000000000000005E-01
       405         1         1        11
   4.0041852721000865E-01  -1.7482650456026670E-02  -1.1999999999999998E-01
       406         1         1        11
   4.0041852721000865E-01  -1.7482650456026670E-02  -6.0000000000000026E-02
       407         1         1        11
   4.0041852721000865E-01  -1.7482650456026670E-02  -1.3877787807814457E-17
       408         1         1        11
   4.0041852721000865E-01  -1.7482650456026670E-02   5.9999999999999998E-02
       409         1         1        11
   4.0041852721000865E-01  -1.7482650456026670E-02   1.2000000000000000E-01
       410         1         1        11
   4.0041852721000865E-01  -1.7482650456026670E-02   1.7999999999999997E-01
       411         1         1        11
   4.0041852721000865E-01  -1.7482650456026670E-02   2.4000000000000002E-01
       412         1         1        11
   3.3368210600834053E-01  -1.4568875380022226E-02  -2.4000000000000005E-01
       413         1         1        11
   3.3368210600834053E-01  -1.4568875380022226E-02  -1.8000000000000005E-01
       414         1         1        11
   3.3368210600834053E-01  -1.4568875380022226E-02  -1.1999999999999998E-01
       415         1         1        11
   3.3368210600834053E-01  -1.4568875380022226E-02  -5.9999999999999998E-02
       416         1         1        11
   3.3368210600834053E-01  -1.4568875380022226E-02   0.0000000000000000E+00
       417         1         1        11
   3.3368210600834053E-01  -1.4568875380022226E-02   5.9999999999999998E-02
       418         1         1        11
   3.3368210600834053E-01  -1.4568875380022226E-02   1.2000000000000000E-01
       419         1         1        11
   3.3368210600834053E-01  -1.4568875380022226E-02   1.7999999999999999E-01
       420         1         1        11
   3.3368210600834053E-01  -1.4568875380022226E-02   2.3999999999999999E-01
       421         1         1        11
   2.6694568480667247E-01  -1.1655100304017781E-02  -2.3999999999999994E-01
       422         1         1        11
   2.6694568480667241E-01  -1.1655100304017780E-02  -1.7999999999999999E-01
       423         1         1        11
   2.6694568480667252E-01  -1.1655100304017783E-02  -1.2000000000000002E-01
       424         1         1        11
   2.6694568480667247E-01  -1.1655100304017781E-02  -6.0000000000000005E-02
       425         1         1        11
   2.6694568480667247E-01  -1.1655100304017781E-02   0.0000000000000000E+00
       426         1         1        11
   2.6694568480667247E-01  -1.1655100304017781E-02   5.9999999999999998E-02
       427         1         1        11
   2.6694568480667252E-01  -1.1655100304017783E-02   1.1999999999999997E-01
       428         1         1        11
   2.6694568480667241E-01  -1.1655100304017780E-02   1.7999999999999999E-01
       429         1         1        11
   2.6694568480667241E-01  -1.1655100304017780E-02   2.3999999999999994E-01
       430         1         1        11
   2.0020926360500432E-01  -8.7413252280133351E-03  -2.3999999999999996E-01
       431         1         1        11
   2.0020926360500427E-01  -8.7413252280133334E-03  -1.7999999999999999E-01
       432         1         1        11
   2.0020926360500432E-01  -8.7413252280133351E-03  -1.2000000000000002E-01
       433         1         1        11
   2.0020926360500432E-01  -8.7413252280133351E-03  -6.0000000000000012E-02
       434         1         1        11
   2.0020926360500438E-01  -8.7413252280133386E-03  -6.9388939039072284E-18
       435         1         1        11
   2.0020926360500432E-01  -8.7413252280133351E-03   5.9999999999999984E-02
       436         1         1        11
   2.0020926360500432E-01  -8.7413252280133351E-03   1.2000000000000002E-01
       437         1         1        11
   2.0020926360500432E-01  -8.7413252280133351E-03   1.7999999999999999E-01
       438         1         1        11
   2.0020926360500432E-01  -8.7413252280133351E-03   2.3999999999999999E-01
       439         1         1        11
   1.3347284240333626E-01  -5.8275501520088915E-03  -2.4000000000000002E-01
       440         1         1        11
   1.3347284240333623E-01  -5.8275501520088906E-03  -1.7999999999999999E-01
       441         1         1        11
   1.3347284240333626E-01  -5.8275501520088915E-03  -1.1999999999999995E-01
       442         1         1        11
   1.3347284240333621E-01  -5.8275501520088898E-03  -6.0000000000000039E-02
       443         1         1        11
   1.3347284240333621E-01  -5.8275501520088898E-03   3.4694469519536142E-18
       444         1         1        11
   1.3347284240333621E-01  -5.8275501520088898E-03   6.0000000000000019E-02
       445         1         1        11
   1.3347284240333621E-01  -5.8275501520088898E-03   1.2000000000000002E-01
       446         1         1        11
   1.3347284240333623E-01  -5.8275501520088906E-03   1.7999999999999997E-01
       447         1         1        11
   1.3347284240333629E-01  -5.8275501520088932E-03   2.4000000000000002E-01
       448         1         1        11
   6.6736421201668075E-02  -2.9137750760044436E-03  -2.4000000000000002E-01
       449         1         1        11
   6.6736421201668075E-02  -2.9137750760044436E-03  -1.7999999999999999E-01
       450         1         1        11
   6.6736421201668075E-02  -2.9137750760044436E-03  -1.2000000000000000E-01
       451         1         1        11
   6.6736421201668075E-02  -2.9137750760044436E-03  -6.0000000000000012E-02
       452         1         1        11
   6.6736421201668075E-02  -2.9137750760044436E-03   0.0000000000000000E+00
       453         1         1        11
   6.6736421201668131E-02  -2.9137750760044458E-03   5.9999999999999998E-02
       454         1         1        11
   6.6736421201668075E-02  -2.9137750760044436E-03   1.2000000000000000E-01
       455         1         1        11
   6.6736421201668075E-02  -2.9137750760044436E-03   1.7999999999999997E-01
       456         1         1        11
   6.6736421201668131E-02  -2.9137750760044458E-03   2.3999999999999999E-01
       457         1         1        11
   6.0062779081501283E-01  -2.6223975684040002E-02   3.2999999999999996E-01
       458         1         1        11
   6.0062779081501283E-01  -2.6223975684040002E-02   3.5999999999999999E-01
       459         1         1        11
   6.0062779081501294E-01  -2.6223975684040005E-02   3.8999999999999996E-01
       460         1         1        11
   6.0062779081501283E-01  -2.6223975684040002E-02   4.1999999999999993E-01
       461         1         1        11
   6.0062779081501283E-01  -2.6223975684040002E-02   4.4999999999999996E-01
       462         1         1        11
   6.0062779081501283E-01  -2.6223975684040002E-02   4.7999999999999998E-01
       463         1         1        11
   6.0062779081501283E-01  -2.6223975684040002E-02   5.1000000000000001E-01
       464         1         1        11
   6.0062779081501283E-01  -2.6223975684040002E-02   5.3999999999999992E-01
       465         1         1        11
   6.0062779081501283E-01  -2.6223975684040002E-02   5.6999999999999995E-01
       466         1         1        11
   5.3389136961334482E-01  -2.3310200608035559E-02   3.2999999999999996E-01
       467         1         1        11
   5.3389136961334482E-01  -2.3310200608035559E-02   3.5999999999999993E-01
       468         1         1        11
   5.3389136961334493E-01  -2.3310200608035563E-02   3.8999999999999996E-01
       469         1         1        11
   5.3389136961334482E-01  -2.3310200608035559E-02   4.1999999999999993E-01
       470         1         1        11
   5.3389136961334482E-01  -2.3310200608035559E-02   4.4999999999999996E-01
       471         1         1        11
   5.3389136961334482E-01  -2.3310200608035559E-02   4.7999999999999998E-01
       472         1         1        11
   5.3389136961334482E-01  -2.3310200608035559E-02   5.1000000000000001E-01
       473         1         1        11
   5.3389136961334482E-01  -2.3310200608035559E-02   5.3999999999999992E-01
       474         1         1        11
   5.3389136961334482E-01  -2.3310200608035559E-02   5.6999999999999995E-01
       475         1         1        11
   4.6715494841167671E-01  -2.0396425532031113E-02   3.2999999999999996E-01
       476         1         1        11
   4.6715494841167671E-01  -2.0396425532031113E-02   3.5999999999999993E-01
       477         1         1        11
   4.6715494841167671E-01  -2.0396425532031113E-02   3.8999999999999996E-01
       478         1         1        11
   4.6715494841167671E-01  -2.0396425532031113E-02   4.1999999999999998E-01
       479         1         1        11
   4.6715494841167671E-01  -2.0396425532031113E-02   4.4999999999999996E-01
       480         1         1        11
   4.6715494841167671E-01  -2.0396425532031113E-02   4.7999999999999993E-01
       481         1         1        11
   4.6715494841167671E-01  -2.0396425532031113E-02   5.1000000000000001E-01
       482         1         1        11
   4.6715494841167671E-01  -2.0396425532031113E-02   5.3999999999999992E-01
       483         1         1        11
   4.6715494841167671E-01  -2.0396425532031113E-02   5.6999999999999995E-01
       484         1         1        11
   4.0041852721000865E-01  -1.7482650456026670E-02   3.2999999999999996E-01
       485         1         1        11
   4.0041852721000865E-01  -1.7482650456026670E-02   3.5999999999999993E-01
       486         1         1        11
   4.0041852721000865E-01  -1.7482650456026670E-02   3.8999999999999996E-01
       487         1         1        11
   4.0041852721000865E-01  -1.7482650456026670E-02   4.1999999999999993E-01
       488         1         1        11
   4.0041852721000865E-01  -1.7482650456026670E-02   4.4999999999999996E-01
       489         1         1        11
   4.0041852721000865E-01  -1.7482650456026670E-02   4.7999999999999998E-01
       490         1         1        11
   4.0041852721000865E-01  -1.7482650456026670E-02   5.1000000000000001E-01
       491         1         1        11
   4.0041852721000865E-01  -1.7482650456026670E-02   5.3999999999999992E-01
       492         1         1        11
   4.0041852721000865E-01  -1.7482650456026670E-02   5.6999999999999995E-01
       493         1         1        11
   3.3368210600834053E-01  -1.4568875380022226E-02   3.2999999999999996E-01
       494         1         1        11
   3.3368210600834053E-01  -1.4568875380022226E-02   3.5999999999999993E-01
       495         1         1        11
   3.3368210600834053E-01  -1.4568875380022226E-02   3.8999999999999996E-01
       496         1         1        11
   3.3368210600834053E-01  -1.4568875380022226E-02   4.1999999999999993E-01
       497         1         1        11
   3.3368210600834053E-01  -1.4568875380022226E-02   4.4999999999999996E-01
       498         1         1        11
   3.3368210600834053E-01  -1.4568875380022226E-02   4.7999999999999998E-01
       499         1         1        11
   3.3368210600834053E-01  -1.4568875380022226E-02   5.1000000000000001E-01
       500         1         1        11
   3.3368210600834053E-01  -1.4568875380022226E-02   5.3999999999999992E-01
       501         1         1        11
   3.3368210600834053E-01  -1.4568875380022226E-02   5.6999999999999995E-01
       502         1         1        11
   2.6694568480667247E-01  -1.1655100304017781E-02   3.2999999999999996E-01
       503         1         1        11
   2.6694568480667241E-01  -1.1655100304017780E-02   3.5999999999999993E-01
       504         1         1        11
   2.6694568480667252E-01  -1.1655100304017783E-02   3.8999999999999996E-01
       505         1         1        11
   2.6694568480667247E-01  -1.1655100304017781E-02   4.1999999999999993E-01
       506         1         1        11
   2.6694568480667247E-01  -1.1655100304017781E-02   4.4999999999999996E-01
       507         1         1        11
   2.6694568480667247E-01  -1.1655100304017781E-02   4.7999999999999993E-01
       508         1         1        11
   2.6694568480667252E-01  -1.1655100304017783E-02   5.1000000000000001E-01
       509         1         1        11
   2.6694568480667241E-01  -1.1655100304017780E-02   5.3999999999999992E-01
       510         1         1        11
   2.6694568480667241E-01  -1.1655100304017780E-02   5.6999999999999995E-01
       511         1         1        11
   2.0020926360500432E-01  -8.7413252280133351E-03   3.2999999999999996E-01
       512         1         1        11
   2.0020926360500427E-01  -8.7413252280133334E-03   3.5999999999999993E-01
       513         1         1        11
   2.0020926360500432E-01  -8.7413252280133351E-03   3.8999999999999996E-01
       514         1         1        11
   2.0020926360500432E-01  -8.7413252280133351E-03   4.1999999999999993E-01
       515         1         1        11
   2.0020926360500438E-01  -8.7413252280133386E-03   4.4999999999999996E-01
       516         1         1        11
   2.0020926360500432E-01  -8.7413252280133351E-03   4.7999999999999993E-01
       517         1         1        11
   2.0020926360500432E-01  -8.7413252280133351E-03   5.1000000000000001E-01
       518         1         1        11
   2.0020926360500432E-01  -8.7413252280133351E-03   5.3999999999999992E-01
       519         1         1        11
   2.0020926360500432E-01  -8.7413252280133351E-03   5.6999999999999995E-01
       520         1         1        11
   1.3347284240333626E-01  -5.8275501520088915E-03   3.2999999999999996E-01
       521         1         1        11
   1.3347284240333623E-01  -5.8275501520088906E-03   3.5999999999999993E-01
       522         1         1        11
   1.3347284240333626E-01  -5.8275501520088915E-03   3.8999999999999996E-01
       523         1         1        11
   1.3347284240333621E-01  -5.8275501520088898E-03   4.1999999999999993E-01
       524         1         1        11
   1.3347284240333621E-01  -5.8275501520088898E-03   4.4999999999999996E-01
       525         1         1        11
   1.3347284240333621E-01  -5.8275501520088898E-03   4.7999999999999998E-01
       526         1         1        11
   1.3347284240333621E-01  -5.8275501520088898E-03   5.1000000000000001E-01
       527         1         1        11
   1.3347284240333623E-01  -5.8275501520088906E-03   5.3999999999999992E-01
       528         1         1        11
   1.3347284240333629E-01  -5.8275501520088932E-03   5.6999999999999995E-01
       529         1         1        11
   6.6736421201668075E-02  -2.9137750760044436E-03   3.2999999999999996E-01
       530         1         1        11
   6.6736421201668075E-02  -2.9137750760044436E-03   3.5999999999999999E-01
       531         1         1        11
   6.6736421201668075E-02  -2.9137750760044436E-03   3.8999999999999996E-01
       532         1         1        11
   6.6736421201668075E-02  -2.9137750760044436E-03   4.1999999999999993E-01
       533         1         1        11
   6.6736421201668075E-02  -2.9137750760044436E-03   4.4999999999999996E-01
       534         1         1        11
   6.6736421201668131E-02  -2.9137750760044458E-03   4.7999999999999998E-01
       535         1         1        11
   6.6736421201668075E-02  -2.9137750760044436E-03   5.1000000000000001E-01
       536         1         1        11
   6.6736421201668075E-02  -2.9137750760044436E-03   5.3999999999999992E-01
       537         1         1        11
   6.6736421201668131E-02  -2.9137750760044458E-03   5.6999999999999995E-01
       538         1         1        11
   1.1277256325216012E+00  -4.9237564457991281E-02  -2.2200000000000002E+00
       539         1         1        11
   1.1277256325216012E+00  -4.9237564457991281E-02  -2.1600000000000001E+00
       540         1         1        11
   1.1277256325216012E+00  -4.9237564457991281E-02  -2.1000000000000001E+00
       541         1         1        11
   1.1277256325216012E+00  -4.9237564457991281E-02  -2.0400000000000000E+00
       542         1         1        11
   1.1277256325216012E+00  -4.9237564457991281E-02  -1.9800000000000000E+00
       543         1         1        11
   1.1277256325216012E+00  -4.9237564457991281E-02  -1.9199999999999999E+00
       544         1         1        11
   1.1277256325216010E+00  -4.9237564457991267E-02  -1.8599999999999999E+00
       545         1         1        11
   1.1277256325216012E+00  -4.9237564457991281E-02  -1.8000000000000000E+00
       546         1         1        11
   1.1277256325216012E+00  -4.9237564457991281E-02  -1.7400000000000000E+00
       547         1         1        11
   1.0765743635766098E+00  -4.7004251824886066E-02  -2.2200000000000002E+00
       548         1         1        11
   1.0765743635766098E+00  -4.7004251824886066E-02  -2.1600000000000001E+00
       549         1         1        11
   1.0765743635766098E+00  -4.7004251824886066E-02  -2.1000000000000001E+00
       550         1         1        11
   1.0765743635766098E+00  -4.7004251824886066E-02  -2.0400000000000000E+00
       551         1         1        11
   1.0765743635766098E+00  -4.7004251824886066E-02  -1.9800000000000000E+00
       552         1         1        11
   1.0765743635766098E+00  -4.7004251824886066E-02  -1.9199999999999999E+00
       553         1         1        11
   1.0765743635766098E+00  -4.7004251824886066E-02  -1.8599999999999999E+00
       554         1         1        11
   1.0765743635766098E+00  -4.7004251824886066E-02  -1.8000000000000000E+00
       555         1         1        11
   1.0765743635766098E+00  -4.7004251824886066E-02  -1.7400000000000000E+00
       556         1         1        11
   1.0254230946316187E+00  -4.4770939191780872E-02  -2.2200000000000002E+00
       557         1         1        11
   1.0254230946316187E+00  -4.4770939191780872E-02  -2.1600000000000001E+00
       558         1         1        11
   1.0254230946316187E+00  -4.4770939191780872E-02  -2.1000000000000001E+00
       559         1         1        11
   1.0254230946316187E+00  -4.4770939191780872E-02  -2.0400000000000000E+00
       560         1         1        11
   1.0254230946316187E+00  -4.4770939191780872E-02  -1.9800000000000000E+00
       561         1         1        11
   1.0254230946316187E+00  -4.4770939191780872E-02  -1.9199999999999999E+00
       562         1         1        11
   1.0254230946316187E+00  -4.4770939191780872E-02  -1.8599999999999999E+00
       563         1         1        11
   1.0254230946316187E+00  -4.4770939191780872E-02  -1.8000000000000000E+00
       564         1         1        11
   1.0254230946316187E+00  -4.4770939191780872E-02  -1.7400000000000000E+00
       565         1         1        11
   9.7427182568662773E-01  -4.2537626558675663E-02  -2.2199999999999998E+00
       566         1         1        11
   9.7427182568662773E-01  -4.2537626558675663E-02  -2.1600000000000001E+00
       567         1         1        11
   9.7427182568662773E-01  -4.2537626558675663E-02  -2.1000000000000001E+00
       568         1         1        11
   9.7427182568662773E-01  -4.2537626558675663E-02  -2.0400000000000000E+00
       569         1         1        11
   9.7427182568662773E-01  -4.2537626558675663E-02  -1.9800000000000000E+00
       570         1         1        11
   9.7427182568662773E-01  -4.2537626558675663E-02  -1.9199999999999999E+00
       571         1         1        11
   9.7427182568662773E-01  -4.2537626558675663E-02  -1.8599999999999999E+00
       572         1         1        11
   9.7427182568662773E-01  -4.2537626558675663E-02  -1.8000000000000000E+00
       573         1         1        11
   9.7427182568662773E-01  -4.2537626558675663E-02  -1.7400000000000000E+00
       574         1         1        11
   9.2312055674163651E-01  -4.0304313925570462E-02  -2.2199999999999998E+00
       575         1         1        11
   9.2312055674163651E-01  -4.0304313925570462E-02  -2.1600000000000001E+00
       576         1         1        11
   9.2312055674163651E-01  -4.0304313925570462E-02  -2.1000000000000001E+00
       577         1         1        11
   9.2312055674163651E-01  -4.0304313925570462E-02  -2.0400000000000000E+00
       578         1         1        11
   9.2312055674163651E-01  -4.0304313925570462E-02  -1.9800000000000000E+00
       579         1         1        11
   9.2312055674163651E-01  -4.0304313925570462E-02  -1.9199999999999999E+00
       580         1         1        11
   9.2312055674163651E-01  -4.0304313925570462E-02  -1.8599999999999999E+00
       581         1         1        11
   9.2312055674163651E-01  -4.0304313925570462E-02  -1.8000000000000000E+00
       582         1         1        11
   9.2312055674163651E-01  -4.0304313925570462E-02  -1.7400000000000000E+00
       583         1         1        11
   8.7196928779664551E-01  -3.8071001292465260E-02  -2.2199999999999998E+00
       584         1         1        11
   8.7196928779664551E-01  -3.8071001292465260E-02  -2.1600000000000001E+00
       585         1         1        11
   8.7196928779664551E-01  -3.8071001292465260E-02  -2.1000000000000001E+00
       586         1         1        11
   8.7196928779664551E-01  -3.8071001292465260E-02  -2.0400000000000000E+00
       587         1         1        11
   8.7196928779664551E-01  -3.8071001292465260E-02  -1.9800000000000000E+00
       588         1         1        11
   8.7196928779664551E-01  -3.8071001292465260E-02  -1.9199999999999999E+00
       589         1         1        11
   8.7196928779664551E-01  -3.8071001292465260E-02  -1.8599999999999999E+00
       590         1         1        11
   8.7196928779664540E-01  -3.8071001292465254E-02  -1.8000000000000000E+00
       591         1         1        11
   8.7196928779664540E-01  -3.8071001292465254E-02  -1.7400000000000000E+00
       592         1         1        11
   8.2081801885165451E-01  -3.5837688659360059E-02  -2.2199999999999998E+00
       593         1         1        11
   8.2081801885165440E-01  -3.5837688659360059E-02  -2.1600000000000001E+00
       594         1         1        11
   8.2081801885165440E-01  -3.5837688659360059E-02  -2.1000000000000001E+00
       595         1         1        11
   8.2081801885165440E-01  -3.5837688659360059E-02  -2.0400000000000000E+00
       596         1         1        11
   8.2081801885165440E-01  -3.5837688659360059E-02  -1.9800000000000000E+00
       597         1         1        11
   8.2081801885165440E-01  -3.5837688659360059E-02  -1.9199999999999999E+00
       598         1         1        11
   8.2081801885165440E-01  -3.5837688659360059E-02  -1.8599999999999999E+00
       599         1         1        11
   8.2081801885165440E-01  -3.5837688659360059E-02  -1.8000000000000000E+00
       600         1         1        11
   8.2081801885165440E-01  -3.5837688659360059E-02  -1.7400000000000000E+00
       601         1         1        11
   7.6966674990666328E-01  -3.3604376026254858E-02  -2.2199999999999998E+00
       602         1         1        11
   7.6966674990666328E-01  -3.3604376026254858E-02  -2.1600000000000001E+00
       603         1         1        11
   7.6966674990666317E-01  -3.3604376026254851E-02  -2.1000000000000001E+00
       604         1         1        11
   7.6966674990666317E-01  -3.3604376026254851E-02  -2.0400000000000000E+00
       605         1         1        11
   7.6966674990666317E-01  -3.3604376026254851E-02  -1.9800000000000000E+00
       606         1         1        11
   7.6966674990666328E-01  -3.3604376026254858E-02  -1.9199999999999999E+00
       607         1         1        11
   7.6966674990666328E-01  -3.3604376026254858E-02  -1.8599999999999999E+00
       608         1         1        11
   7.6966674990666317E-01  -3.3604376026254851E-02  -1.8000000000000000E+00
       609         1         1        11
   7.6966674990666317E-01  -3.3604376026254851E-02  -1.7400000000000000E+00
       610         1         1        11
   7.1851548096167217E-01  -3.1371063393149656E-02  -2.2199999999999998E+00
       611         1         1        11
   7.1851548096167217E-01  -3.1371063393149656E-02  -2.1600000000000001E+00
       612         1         1        11
   7.1851548096167217E-01  -3.1371063393149656E-02  -2.1000000000000001E+00
       613         1         1        11
   7.1851548096167217E-01  -3.1371063393149656E-02  -2.0400000000000000E+00
       614         1         1        11
   7.1851548096167217E-01  -3.1371063393149656E-02  -1.9800000000000000E+00
       615         1         1        11
   7.1851548096167206E-01  -3.1371063393149649E-02  -1.9199999999999999E+00
       616         1         1        11
   7.1851548096167206E-01  -3.1371063393149649E-02  -1.8599999999999999E+00
       617         1         1        11
   7.1851548096167206E-01  -3.1371063393149649E-02  -1.8000000000000000E+00
       618         1         1        11
   7.1851548096167217E-01  -3.1371063393149656E-02  -1.7400000000000000E+00
       619         1         1        11
   1.1277256325216012E+00  -4.9237564457991281E-02  -1.5420000000000000E+00
       620         1         1        11
   1.1277256325216010E+00  -4.9237564457991267E-02  -1.4039999999999999E+00
       621         1         1        11
   1.1277256325216012E+00  -4.9237564457991281E-02  -1.2660000000000000E+00
       622         1         1        11
   1.1277256325216012E+00  -4.9237564457991281E-02  -1.1279999999999999E+00
       623         1         1        11
   1.1277256325216012E+00  -4.9237564457991281E-02  -9.8999999999999999E-01
       624         1         1        11
   1.1277256325216012E+00  -4.9237564457991281E-02  -8.5199999999999987E-01
       625         1         1        11
   1.1277256325216010E+00  -4.9237564457991267E-02  -7.1399999999999997E-01
       626         1         1        11
   1.1277256325216012E+00  -4.9237564457991281E-02  -5.7599999999999996E-01
       627         1         1        11
   1.1277256325216012E+00  -4.9237564457991281E-02  -4.3799999999999983E-01
       628         1         1        11
   1.0765743635766098E+00  -4.7004251824886066E-02  -1.5419999999999998E+00
       629         1         1        11
   1.0765743635766098E+00  -4.7004251824886066E-02  -1.4039999999999999E+00
       630         1         1        11
   1.0765743635766098E+00  -4.7004251824886066E-02  -1.2660000000000000E+00
       631         1         1        11
   1.0765743635766098E+00  -4.7004251824886066E-02  -1.1279999999999999E+00
       632         1         1        11
   1.0765743635766098E+00  -4.7004251824886066E-02  -9.8999999999999988E-01
       633         1         1        11
   1.0765743635766098E+00  -4.7004251824886066E-02  -8.5199999999999987E-01
       634         1         1        11
   1.0765743635766098E+00  -4.7004251824886066E-02  -7.1399999999999997E-01
       635         1         1        11
   1.0765743635766098E+00  -4.7004251824886066E-02  -5.7599999999999996E-01
       636         1         1        11
   1.0765743635766098E+00  -4.7004251824886066E-02  -4.3799999999999994E-01
       637         1         1        11
   1.0254230946316187E+00  -4.4770939191780872E-02  -1.5419999999999998E+00
       638         1         1        11
   1.0254230946316187E+00  -4.4770939191780872E-02  -1.4039999999999999E+00
       639         1         1        11
   1.0254230946316187E+00  -4.4770939191780872E-02  -1.2660000000000000E+00
       640         1         1        11
   1.0254230946316187E+00  -4.4770939191780872E-02  -1.1279999999999999E+00
       641         1         1        11
   1.0254230946316187E+00  -4.4770939191780872E-02  -9.8999999999999988E-01
       642         1         1        11
   1.0254230946316187E+00  -4.4770939191780872E-02  -8.5199999999999998E-01
       643         1         1        11
   1.0254230946316187E+00  -4.4770939191780872E-02  -7.1399999999999997E-01
       644         1         1        11
   1.0254230946316187E+00  -4.4770939191780872E-02  -5.7599999999999985E-01
       645         1         1        11
   1.0254230946316187E+00  -4.4770939191780872E-02  -4.3799999999999994E-01
       646         1         1        11
   9.7427182568662773E-01  -4.2537626558675663E-02  -1.5419999999999998E+00
       647         1         1        11
   9.7427182568662773E-01  -4.2537626558675663E-02  -1.4039999999999999E+00
       648         1         1        11
   9.7427182568662773E-01  -4.2537626558675663E-02  -1.2659999999999998E+00
       649         1         1        11
   9.7427182568662773E-01  -4.2537626558675663E-02  -1.1279999999999999E+00
       650         1         1        11
   9.7427182568662773E-01  -4.2537626558675663E-02  -9.8999999999999999E-01
       651         1         1        11
   9.7427182568662773E-01  -4.2537626558675663E-02  -8.5199999999999987E-01
       652         1         1        11
   9.7427182568662773E-01  -4.2537626558675663E-02  -7.1400000000000008E-01
       653         1         1        11
   9.7427182568662773E-01  -4.2537626558675663E-02  -5.7599999999999996E-01
       654         1         1        11
   9.7427182568662773E-01  -4.2537626558675663E-02  -4.3799999999999994E-01
       655         1         1        11
   9.2312055674163651E-01  -4.0304313925570462E-02  -1.5420000000000000E+00
       656         1         1        11
   9.2312055674163651E-01  -4.0304313925570462E-02  -1.4039999999999999E+00
       657         1         1        11
   9.2312055674163651E-01  -4.0304313925570462E-02  -1.2660000000000000E+00
       658         1         1        11
   9.2312055674163651E-01  -4.0304313925570462E-02  -1.1279999999999999E+00
       659         1         1        11
   9.2312055674163651E-01  -4.0304313925570462E-02  -9.8999999999999999E-01
       660         1         1        11
   9.2312055674163651E-01  -4.0304313925570462E-02  -8.5199999999999998E-01
       661         1         1        11
   9.2312055674163651E-01  -4.0304313925570462E-02  -7.1399999999999997E-01
       662         1         1        11
   9.2312055674163651E-01  -4.0304313925570462E-02  -5.7599999999999985E-01
       663         1         1        11
   9.2312055674163651E-01  -4.0304313925570462E-02  -4.3799999999999994E-01
       664         1         1        11
   8.7196928779664551E-01  -3.8071001292465260E-02  -1.5420000000000000E+00
       665         1         1        11
   8.7196928779664551E-01  -3.8071001292465260E-02  -1.4039999999999999E+00
       666         1         1        11
   8.7196928779664551E-01  -3.8071001292465260E-02  -1.2660000000000000E+00
       667         1         1        11
   8.7196928779664551E-01  -3.8071001292465260E-02  -1.1279999999999999E+00
       668         1         1        11
   8.7196928779664551E-01  -3.8071001292465260E-02  -9.8999999999999988E-01
       669         1         1        11
   8.7196928779664551E-01  -3.8071001292465260E-02  -8.5199999999999987E-01
       670         1         1        11
   8.7196928779664551E-01  -3.8071001292465260E-02  -7.1399999999999997E-01
       671         1         1        11
   8.7196928779664540E-01  -3.8071001292465254E-02  -5.7599999999999985E-01
       672         1         1        11
   8.7196928779664551E-01  -3.8071001292465260E-02  -4.3799999999999994E-01
       673         1         1        11
   8.2081801885165451E-01  -3.5837688659360059E-02  -1.5420000000000000E+00
       674         1         1        11
   8.2081801885165440E-01  -3.5837688659360059E-02  -1.4039999999999999E+00
       675         1         1        11
   8.2081801885165440E-01  -3.5837688659360059E-02  -1.2660000000000000E+00
       676         1         1        11
   8.2081801885165440E-01  -3.5837688659360059E-02  -1.1279999999999999E+00
       677         1         1        11
   8.2081801885165440E-01  -3.5837688659360059E-02  -9.8999999999999988E-01
       678         1         1        11
   8.2081801885165440E-01  -3.5837688659360059E-02  -8.5199999999999987E-01
       679         1         1        11
   8.2081801885165440E-01  -3.5837688659360059E-02  -7.1400000000000008E-01
       680         1         1        11
   8.2081801885165440E-01  -3.5837688659360059E-02  -5.7599999999999996E-01
       681         1         1        11
   8.2081801885165440E-01  -3.5837688659360059E-02  -4.3799999999999994E-01
       682         1         1        11
   7.6966674990666328E-01  -3.3604376026254858E-02  -1.5420000000000003E+00
       683         1         1        11
   7.6966674990666328E-01  -3.3604376026254858E-02  -1.4039999999999999E+00
       684         1         1        11
   7.6966674990666317E-01  -3.3604376026254851E-02  -1.2660000000000000E+00
       685         1         1        11
   7.6966674990666328E-01  -3.3604376026254858E-02  -1.1279999999999999E+00
       686         1         1        11
   7.6966674990666317E-01  -3.3604376026254851E-02  -9.8999999999999999E-01
       687         1         1        11
   7.6966674990666328E-01  -3.3604376026254858E-02  -8.5199999999999987E-01
       688         1         1        11
   7.6966674990666317E-01  -3.3604376026254851E-02  -7.1400000000000008E-01
       689         1         1        11
   7.6966674990666317E-01  -3.3604376026254851E-02  -5.7599999999999985E-01
       690         1         1        11
   7.6966674990666317E-01  -3.3604376026254851E-02  -4.3799999999999994E-01
       691         1         1        11
   7.1851548096167217E-01  -3.1371063393149656E-02  -1.5420000000000003E+00
       692         1         1        11
   7.1851548096167217E-01  -3.1371063393149656E-02  -1.4039999999999999E+00
       693         1         1        11
   7.1851548096167217E-01  -3.1371063393149656E-02  -1.2659999999999998E+00
       694         1         1        11
   7.1851548096167217E-01  -3.1371063393149656E-02  -1.1279999999999999E+00
       695         1         1        11
   7.1851548096167217E-01  -3.1371063393149656E-02  -9.8999999999999988E-01
       696         1         1        11
   7.1851548096167206E-01  -3.1371063393149649E-02  -8.5199999999999987E-01
       697         1         1        11
   7.1851548096167206E-01  -3.1371063393149649E-02  -7.1399999999999997E-01
       698         1         1        11
   7.1851548096167217E-01  -3.1371063393149656E-02  -5.7599999999999996E-01
       699         1         1        11
   7.1851548096167206E-01  -3.1371063393149649E-02  -4.3799999999999994E-01
       700         1         1        11
   1.1277256325216012E+00  -4.9237564457991281E-02  -2.3999999999999996E-01
       701         1         1        11
   1.1277256325216012E+00  -4.9237564457991281E-02  -1.8000000000000005E-01
       702         1         1        11
   1.1277256325216012E+00  -4.9237564457991281E-02  -1.1999999999999998E-01
       703         1         1        11
   1.1277256325216012E+00  -4.9237564457991281E-02  -5.9999999999999998E-02
       704         1         1        11
   1.1277256325216012E+00  -4.9237564457991281E-02   0.0000000000000000E+00
       705         1         1        11
   1.1277256325216012E+00  -4.9237564457991281E-02   5.9999999999999998E-02
       706         1         1        11
   1.1277256325216010E+00  -4.9237564457991267E-02   1.1999999999999997E-01
       707         1         1        11
   1.1277256325216012E+00  -4.9237564457991281E-02   1.7999999999999997E-01
       708         1         1        11
   1.1277256325216012E+00  -4.9237564457991281E-02   2.3999999999999991E-01
       709         1         1        11
   1.0765743635766098E+00  -4.7004251824886066E-02  -2.3999999999999996E-01
       710         1         1        11
   1.0765743635766098E+00  -4.7004251824886066E-02  -1.7999999999999997E-01
       711         1         1        11
   1.0765743635766098E+00  -4.7004251824886066E-02  -1.1999999999999998E-01
       712         1         1        11
   1.0765743635766098E+00  -4.7004251824886066E-02  -5.9999999999999998E-02
       713         1         1        11
   1.0765743635766098E+00  -4.7004251824886066E-02   0.0000000000000000E+00
       714         1         1        11
   1.0765743635766098E+00  -4.7004251824886066E-02   6.0000000000000012E-02
       715         1         1        11
   1.0765743635766098E+00  -4.7004251824886066E-02   1.2000000000000002E-01
       716         1         1        11
   1.0765743635766098E+00  -4.7004251824886066E-02   1.7999999999999997E-01
       717         1         1        11
   1.0765743635766098E+00  -4.7004251824886066E-02   2.3999999999999996E-01
       718         1         1        11
   1.0254230946316187E+00  -4.4770939191780872E-02  -2.4000000000000002E-01
       719         1         1        11
   1.0254230946316187E+00  -4.4770939191780872E-02  -1.7999999999999999E-01
       720         1         1        11
   1.0254230946316187E+00  -4.4770939191780872E-02  -1.2000000000000002E-01
       721         1         1        11
   1.0254230946316187E+00  -4.4770939191780872E-02  -6.0000000000000012E-02
       722         1         1        11
   1.0254230946316187E+00  -4.4770939191780872E-02   0.0000000000000000E+00
       723         1         1        11
   1.0254230946316187E+00  -4.4770939191780872E-02   5.9999999999999970E-02
       724         1         1        11
   1.0254230946316187E+00  -4.4770939191780872E-02   1.2000000000000002E-01
       725         1         1        11
   1.0254230946316187E+00  -4.4770939191780872E-02   1.7999999999999999E-01
       726         1         1        11
   1.0254230946316187E+00  -4.4770939191780872E-02   2.3999999999999999E-01
       727         1         1        11
   9.7427182568662773E-01  -4.2537626558675663E-02  -2.4000000000000005E-01
       728         1         1        11
   9.7427182568662773E-01  -4.2537626558675663E-02  -1.8000000000000005E-01
       729         1         1        11
   9.7427182568662773E-01  -4.2537626558675663E-02  -1.1999999999999998E-01
       730         1         1        11
   9.7427182568662773E-01  -4.2537626558675663E-02  -6.0000000000000026E-02
       731         1         1        11
   9.7427182568662773E-01  -4.2537626558675663E-02  -1.3877787807814457E-17
       732         1         1        11
   9.7427182568662773E-01  -4.2537626558675663E-02   5.9999999999999998E-02
       733         1         1        11
   9.7427182568662773E-01  -4.2537626558675663E-02   1.2000000000000000E-01
       734         1         1        11
   9.7427182568662773E-01  -4.2537626558675663E-02   1.7999999999999997E-01
       735         1         1        11
   9.7427182568662773E-01  -4.2537626558675663E-02   2.4000000000000002E-01
       736         1         1        11
   9.2312055674163651E-01  -4.0304313925570462E-02  -2.4000000000000005E-01
       737         1         1        11
   9.2312055674163651E-01  -4.0304313925570462E-02  -1.8000000000000005E-01
       738         1         1        11
   9.2312055674163651E-01  -4.0304313925570462E-02  -1.1999999999999998E-01
       739         1         1        11
   9.2312055674163651E-01  -4.0304313925570462E-02  -5.9999999999999998E-02
       740         1         1        11
   9.2312055674163651E-01  -4.0304313925570462E-02   0.0000000000000000E+00
       741         1         1        11
   9.2312055674163651E-01  -4.0304313925570462E-02   5.9999999999999998E-02
       742         1         1        11
   9.2312055674163651E-01  -4.0304313925570462E-02   1.2000000000000000E-01
       743         1         1        11
   9.2312055674163651E-01  -4.0304313925570462E-02   1.7999999999999999E-01
       744         1         1        11
   9.2312055674163651E-01  -4.0304313925570462E-02   2.3999999999999999E-01
       745         1         1        11
   8.7196928779664551E-01  -3.8071001292465260E-02  -2.3999999999999994E-01
       746         1         1        11
   8.7196928779664551E-01  -3.8071001292465260E-02  -1.7999999999999999E-01
       747         1         1        11
   8.7196928779664551E-01  -3.8071001292465260E-02  -1.2000000000000002E-01
       748         1         1        11
   8.7196928779664551E-01  -3.8071001292465260E-02  -6.0000000000000005E-02
       749         1         1        11
   8.7196928779664551E-01  -3.8071001292465260E-02   0.0000000000000000E+00
       750         1         1        11
   8.7196928779664551E-01  -3.8071001292465260E-02   5.9999999999999998E-02
       751         1         1        11
   8.7196928779664551E-01  -3.8071001292465260E-02   1.1999999999999997E-01
       752         1         1        11
   8.7196928779664540E-01  -3.8071001292465254E-02   1.7999999999999999E-01
       753         1         1        11
   8.7196928779664540E-01  -3.8071001292465254E-02   2.3999999999999994E-01
       754         1         1        11
   8.2081801885165451E-01  -3.5837688659360059E-02  -2.3999999999999991E-01
       755         1         1        11
   8.2081801885165440E-01  -3.5837688659360059E-02  -1.7999999999999999E-01
       756         1         1        11
   8.2081801885165440E-01  -3.5837688659360059E-02  -1.2000000000000002E-01
       757         1         1        11
   8.2081801885165440E-01  -3.5837688659360059E-02  -5.9999999999999998E-02
       758         1         1        11
   8.2081801885165440E-01  -3.5837688659360059E-02  -6.9388939039072284E-18
       759         1         1        11
   8.2081801885165440E-01  -3.5837688659360059E-02   6.0000000000000005E-02
       760         1         1        11
   8.2081801885165440E-01  -3.5837688659360059E-02   1.2000000000000000E-01
       761         1         1        11
   8.2081801885165440E-01  -3.5837688659360059E-02   1.7999999999999999E-01
       762         1         1        11
   8.2081801885165440E-01  -3.5837688659360059E-02   2.3999999999999994E-01
       763         1         1        11
   7.6966674990666328E-01  -3.3604376026254858E-02  -2.4000000000000002E-01
       764         1         1        11
   7.6966674990666328E-01  -3.3604376026254858E-02  -1.7999999999999999E-01
       765         1         1        11
   7.6966674990666317E-01  -3.3604376026254851E-02  -1.1999999999999995E-01
       766         1         1        11
   7.6966674990666317E-01  -3.3604376026254851E-02  -6.0000000000000039E-02
       767         1         1        11
   7.6966674990666317E-01  -3.3604376026254851E-02   3.4694469519536142E-18
       768         1         1        11
   7.6966674990666328E-01  -3.3604376026254858E-02   6.0000000000000019E-02
       769         1         1        11
   7.6966674990666328E-01  -3.3604376026254858E-02   1.2000000000000002E-01
       770         1         1        11
   7.6966674990666317E-01  -3.3604376026254851E-02   1.7999999999999997E-01
       771         1         1        11
   7.6966674990666317E-01  -3.3604376026254851E-02   2.4000000000000002E-01
       772         1         1        11
   7.1851548096167217E-01  -3.1371063393149656E-02  -2.4000000000000002E-01
       773         1         1        11
   7.1851548096167217E-01  -3.1371063393149656E-02  -1.7999999999999999E-01
       774         1         1        11
   7.1851548096167217E-01  -3.1371063393149656E-02  -1.2000000000000000E-01
       775         1         1        11
   7.1851548096167217E-01  -3.1371063393149656E-02  -6.0000000000000012E-02
       776         1         1        11
   7.1851548096167217E-01  -3.1371063393149656E-02   0.0000000000000000E+00
       777         1         1        11
   7.1851548096167206E-01  -3.1371063393149649E-02   5.9999999999999998E-02
       778         1         1        11
   7.1851548096167206E-01  -3.1371063393149649E-02   1.2000000000000000E-01
       779         1         1        11
   7.1851548096167206E-01  -3.1371063393149649E-02   1.7999999999999997E-01
       780         1         1        11
   7.1851548096167217E-01  -3.1371063393149656E-02   2.3999999999999999E-01
       781         1         1        11
   1.1277256325216012E+00  -4.9237564457991281E-02   3.3000000000000002E-01
       782         1         1        11
   1.1277256325216012E+00  -4.9237564457991281E-02   3.5999999999999993E-01
       783         1         1        11
   1.1277256325216012E+00  -4.9237564457991281E-02   3.8999999999999996E-01
       784         1         1        11
   1.1277256325216012E+00  -4.9237564457991281E-02   4.1999999999999993E-01
       785         1         1        11
   1.1277256325216012E+00  -4.9237564457991281E-02   4.4999999999999996E-01
       786         1         1        11
   1.1277256325216012E+00  -4.9237564457991281E-02   4.7999999999999993E-01
       787         1         1        11
   1.1277256325216010E+00  -4.9237564457991267E-02   5.1000000000000001E-01
       788         1         1        11
   1.1277256325216012E+00  -4.9237564457991281E-02   5.3999999999999992E-01
       789         1         1        11
   1.1277256325216012E+00  -4.9237564457991281E-02   5.6999999999999995E-01
       790         1         1        11
   1.0765743635766098E+00  -4.7004251824886066E-02   3.2999999999999996E-01
       791         1         1        11
   1.0765743635766098E+00  -4.7004251824886066E-02   3.5999999999999993E-01
       792         1         1        11
   1.0765743635766098E+00  -4.7004251824886066E-02   3.8999999999999996E-01
       793         1         1        11
   1.0765743635766098E+00  -4.7004251824886066E-02   4.1999999999999993E-01
       794         1         1        11
   1.0765743635766098E+00  -4.7004251824886066E-02   4.4999999999999996E-01
       795         1         1        11
   1.0765743635766098E+00  -4.7004251824886066E-02   4.7999999999999998E-01
       796         1         1        11
   1.0765743635766098E+00  -4.7004251824886066E-02   5.1000000000000001E-01
       797         1         1        11
   1.0765743635766098E+00  -4.7004251824886066E-02   5.3999999999999992E-01
       798         1         1        11
   1.0765743635766098E+00  -4.7004251824886066E-02   5.6999999999999995E-01
       799         1         1        11
   1.0254230946316187E+00  -4.4770939191780872E-02   3.2999999999999996E-01
       800         1         1        11
   1.0254230946316187E+00  -4.4770939191780872E-02   3.5999999999999993E-01
       801         1         1        11
   1.0254230946316187E+00  -4.4770939191780872E-02   3.8999999999999996E-01
       802         1         1        11
   1.0254230946316187E+00  -4.4770939191780872E-02   4.1999999999999998E-01
       803         1         1        11
   1.0254230946316187E+00  -4.4770939191780872E-02   4.4999999999999996E-01
       804         1         1        11
   1.0254230946316187E+00  -4.4770939191780872E-02   4.7999999999999993E-01
       805         1         1        11
   1.0254230946316187E+00  -4.4770939191780872E-02   5.1000000000000001E-01
       806         1         1        11
   1.0254230946316187E+00  -4.4770939191780872E-02   5.3999999999999992E-01
       807         1         1        11
   1.0254230946316187E+00  -4.4770939191780872E-02   5.6999999999999995E-01
       808         1         1        11
   9.7427182568662773E-01  -4.2537626558675663E-02   3.2999999999999996E-01
       809         1         1        11
   9.7427182568662773E-01  -4.2537626558675663E-02   3.5999999999999993E-01
       810         1         1        11
   9.7427182568662773E-01  -4.2537626558675663E-02   3.8999999999999996E-01
       811         1         1        11
   9.7427182568662773E-01  -4.2537626558675663E-02   4.1999999999999993E-01
       812         1         1        11
   9.7427182568662773E-01  -4.2537626558675663E-02   4.4999999999999996E-01
       813         1         1        11
   9.7427182568662773E-01  -4.2537626558675663E-02   4.7999999999999998E-01
       814         1         1        11
   9.7427182568662773E-01  -4.2537626558675663E-02   5.1000000000000001E-01
       815         1         1        11
   9.7427182568662773E-01  -4.2537626558675663E-02   5.3999999999999992E-01
       816         1         1        11
   9.7427182568662773E-01  -4.2537626558675663E-02   5.6999999999999995E-01
       817         1         1        11
   9.2312055674163651E-01  -4.0304313925570462E-02   3.2999999999999996E-01
       818         1         1        11
   9.2312055674163651E-01  -4.0304313925570462E-02   3.5999999999999993E-01
       819         1         1        11
   9.2312055674163651E-01  -4.0304313925570462E-02   3.8999999999999996E-01
       820         1         1        11
   9.2312055674163651E-01  -4.0304313925570462E-02   4.1999999999999993E-01
       821         1         1        11
   9.2312055674163651E-01  -4.0304313925570462E-02   4.4999999999999996E-01
       822         1         1        11
   9.2312055674163651E-01  -4.0304313925570462E-02   4.7999999999999998E-01
       823         1         1        11
   9.2312055674163651E-01  -4.0304313925570462E-02   5.1000000000000001E-01
       824         1         1        11
   9.2312055674163651E-01  -4.0304313925570462E-02   5.3999999999999992E-01
       825         1         1        11
   9.2312055674163651E-01  -4.0304313925570462E-02   5.6999999999999995E-01
       826         1         1        11
   8.7196928779664551E-01  -3.8071001292465260E-02   3.2999999999999996E-01
       827         1         1        11
   8.7196928779664551E-01  -3.8071001292465260E-02   3.5999999999999993E-01
       828         1         1        11
   8.7196928779664551E-01  -3.8071001292465260E-02   3.8999999999999996E-01
       829         1         1        11
   8.7196928779664551E-01  -3.8071001292465260E-02   4.1999999999999993E-01
       830         1         1        11
   8.7196928779664551E-01  -3.8071001292465260E-02   4.4999999999999996E-01
       831         1         1        11
   8.7196928779664551E-01  -3.8071001292465260E-02   4.7999999999999993E-01
       832         1         1        11
   8.7196928779664551E-01  -3.8071001292465260E-02   5.1000000000000001E-01
       833         1         1        11
   8.7196928779664540E-01  -3.8071001292465254E-02   5.3999999999999992E-01
       834         1         1        11
   8.7196928779664540E-01  -3.8071001292465254E-02   5.6999999999999995E-01
       835         1         1        11
   8.2081801885165451E-01  -3.5837688659360059E-02   3.3000000000000002E-01
       836         1         1        11
   8.2081801885165440E-01  -3.5837688659360059E-02   3.5999999999999993E-01
       837         1         1        11
   8.2081801885165440E-01  -3.5837688659360059E-02   3.8999999999999996E-01
       838         1         1        11
   8.2081801885165440E-01  -3.5837688659360059E-02   4.1999999999999993E-01
       839         1         1        11
   8.2081801885165440E-01  -3.5837688659360059E-02   4.4999999999999996E-01
       840         1         1        11
   8.2081801885165440E-01  -3.5837688659360059E-02   4.7999999999999993E-01
       841         1         1        11
   8.2081801885165440E-01  -3.5837688659360059E-02   5.1000000000000001E-01
       842         1         1        11
   8.2081801885165440E-01  -3.5837688659360059E-02   5.3999999999999992E-01
       843         1         1        11
   8.2081801885165440E-01  -3.5837688659360059E-02   5.6999999999999995E-01
       844         1         1        11
   7.6966674990666328E-01  -3.3604376026254858E-02   3.2999999999999996E-01
       845         1         1        11
   7.6966674990666328E-01  -3.3604376026254858E-02   3.5999999999999993E-01
       846         1         1        11
   7.6966674990666317E-01  -3.3604376026254851E-02   3.8999999999999996E-01
       847         1         1        11
   7.6966674990666317E-01  -3.3604376026254851E-02   4.1999999999999993E-01
       848         1         1        11
   7.6966674990666317E-01  -3.3604376026254851E-02   4.4999999999999996E-01
       849         1         1        11
   7.6966674990666328E-01  -3.3604376026254858E-02   4.7999999999999998E-01
       850         1         1        11
   7.6966674990666328E-01  -3.3604376026254858E-02   5.1000000000000001E-01
       851         1         1        11
   7.6966674990666317E-01  -3.3604376026254851E-02   5.3999999999999992E-01
       852         1         1        11
   7.6966674990666317E-01  -3.3604376026254851E-02   5.6999999999999995E-01
       853         1         1        11
   7.1851548096167217E-01  -3.1371063393149656E-02   3.2999999999999996E-01
       854         1         1        11
   7.1851548096167217E-01  -3.1371063393149656E-02   3.5999999999999999E-01
       855         1         1        11
   7.1851548096167217E-01  -3.1371063393149656E-02   3.8999999999999996E-01
       856         1         1        11
   7.1851548096167217E-01  -3.1371063393149656E-02   4.1999999999999993E-01
       857         1         1        11
   7.1851548096167217E-01  -3.1371063393149656E-02   4.4999999999999996E-01
       858         1         1        11
   7.1851548096167206E-01  -3.1371063393149649E-02   4.7999999999999998E-01
       859         1         1        11
   7.1851548096167206E-01  -3.1371063393149649E-02   5.1000000000000001E-01
       860         1         1        11
   7.1851548096167206E-01  -3.1371063393149649E-02   5.3999999999999992E-01
       861         1         1        11
   7.1851548096167217E-01  -3.1371063393149656E-02   5.6999999999999995E-01
       862         1         1        11
   6.6736421201668131E-02   2.9137750760044462E-03  -2.2799999999999998E+00
       863         1         1        11
   1.3347284240333623E-01   5.8275501520088915E-03  -2.2799999999999998E+00
       864         1         1        11
   2.0020926360500432E-01   8.7413252280133351E-03  -2.2799999999999998E+00
       865         1         1        11
   2.6694568480667241E-01   1.1655100304017778E-02  -2.2799999999999998E+00
       866         1         1        11
   3.3368210600834053E-01   1.4568875380022222E-02  -2.2799999999999998E+00
       867         1         1        11
   4.0041852721000865E-01   1.7482650456026670E-02  -2.2799999999999998E+00
       868         1         1        11
   4.6715494841167671E-01   2.0396425532031109E-02  -2.2799999999999998E+00
       869         1         1        11
   5.3389136961334482E-01   2.3310200608035556E-02  -2.2799999999999998E+00
       870         1         1        11
   6.0062779081501283E-01   2.6223975684039995E-02  -2.2799999999999998E+00
       871         1         1        11
   6.6736421201668106E-01   2.9137750760044445E-02  -2.2799999999999998E+00
       872         1         1        11
   6.6736421201668131E-02   2.9137750760044462E-03  -1.6799999999999999E+00
       873         1         1        11
   1.3347284240333623E-01   5.8275501520088915E-03  -1.6799999999999999E+00
       874         1         1        11
   2.0020926360500432E-01   8.7413252280133351E-03  -1.6799999999999999E+00
       875         1         1        11
   2.6694568480667241E-01   1.1655100304017778E-02  -1.6799999999999999E+00
       876         1         1        11
   3.3368210600834053E-01   1.4568875380022222E-02  -1.6799999999999999E+00
       877         1         1        11
   4.0041852721000865E-01   1.7482650456026670E-02  -1.6799999999999999E+00
       878         1         1        11
   4.6715494841167671E-01   2.0396425532031109E-02  -1.6799999999999999E+00
       879         1         1        11
   5.3389136961334482E-01   2.3310200608035556E-02  -1.6799999999999999E+00
       880         1         1        11
   6.0062779081501283E-01   2.6223975684039995E-02  -1.6799999999999999E+00
       881         1         1        11
   6.6736421201668106E-01   2.9137750760044445E-02  -1.6799999999999999E+00
       882         1         1        11
   6.6736421201668106E-01   2.9137750760044445E-02  -2.2199999999999998E+00
       883         1         1        11
   6.6736421201668106E-01   2.9137750760044445E-02  -2.1600000000000001E+00
       884         1         1        11
   6.6736421201668106E-01   2.9137750760044445E-02  -2.1000000000000001E+00
       885         1         1        11
   6.6736421201668106E-01   2.9137750760044445E-02  -2.0400000000000000E+00
       886         1         1        11
   6.6736421201668106E-01   2.9137750760044445E-02  -1.9800000000000000E+00
       887         1         1        11
   6.6736421201668106E-01   2.9137750760044445E-02  -1.9199999999999999E+00
       888         1         1        11
   6.6736421201668106E-01   2.9137750760044445E-02  -1.8599999999999999E+00
       889         1         1        11
   6.6736421201668106E-01   2.9137750760044445E-02  -1.8000000000000000E+00
       890         1         1        11
   6.6736421201668106E-01   2.9137750760044445E-02  -1.7400000000000000E+00
       891         1         1        11
   6.6736421201668131E-02   2.9137750760044462E-03  -3.0000000000000004E-01
       892         1         1        11
   1.3347284240333623E-01   5.8275501520088915E-03  -3.0000000000000004E-01
       893         1         1        11
   2.0020926360500432E-01   8.7413252280133351E-03  -3.0000000000000004E-01
       894         1         1        11
   2.6694568480667241E-01   1.1655100304017778E-02  -3.0000000000000004E-01
       895         1         1        11
   3.3368210600834053E-01   1.4568875380022222E-02  -3.0000000000000004E-01
       896         1         1        11
   4.0041852721000865E-01   1.7482650456026670E-02  -3.0000000000000004E-01
       897         1         1        11
   4.6715494841167671E-01   2.0396425532031109E-02  -3.0000000000000004E-01
       898         1         1        11
   5.3389136961334482E-01   2.3310200608035556E-02  -3.0000000000000004E-01
       899         1         1        11
   6.0062779081501283E-01   2.6223975684039995E-02  -3.0000000000000004E-01
       900         1         1        11
   6.6736421201668106E-01   2.9137750760044445E-02  -3.0000000000000004E-01
       901         1         1        11
   6.6736421201668106E-01   2.9137750760044445E-02  -1.5419999999999998E+00
       902         1         1        11
   6.6736421201668106E-01   2.9137750760044445E-02  -1.4039999999999999E+00
       903         1         1        11
   6.6736421201668106E-01   2.9137750760044445E-02  -1.2660000000000000E+00
       904         1         1        11
   6.6736421201668106E-01   2.9137750760044445E-02  -1.1279999999999999E+00
       905         1         1        11
   6.6736421201668106E-01   2.9137750760044445E-02  -9.8999999999999999E-01
       906         1         1        11
   6.6736421201668106E-01   2.9137750760044445E-02  -8.5199999999999998E-01
       907         1         1        11
   6.6736421201668106E-01   2.9137750760044445E-02  -7.1399999999999997E-01
       908         1         1        11
   6.6736421201668106E-01   2.9137750760044445E-02  -5.7599999999999996E-01
       909         1         1        11
   6.6736421201668106E-01   2.9137750760044445E-02  -4.3799999999999994E-01
       910         1         1        11
   6.6736421201668131E-02   2.9137750760044462E-03   2.9999999999999999E-01
       911         1         1        11
   1.3347284240333623E-01   5.8275501520088915E-03   2.9999999999999999E-01
       912         1         1        11
   2.0020926360500432E-01   8.7413252280133351E-03   2.9999999999999999E-01
       913         1         1        11
   2.6694568480667241E-01   1.1655100304017778E-02   2.9999999999999999E-01
       914         1         1        11
   3.3368210600834053E-01   1.4568875380022222E-02   2.9999999999999999E-01
       915         1         1        11
   4.0041852721000865E-01   1.7482650456026670E-02   2.9999999999999999E-01
       916         1         1        11
   4.6715494841167671E-01   2.0396425532031109E-02   2.9999999999999999E-01
       917         1         1        11
   5.3389136961334482E-01   2.3310200608035556E-02   2.9999999999999999E-01
       918         1         1        11
   6.0062779081501283E-01   2.6223975684039995E-02   2.9999999999999999E-01
       919         1         1        11
   6.6736421201668106E-01   2.9137750760044445E-02   2.9999999999999993E-01
       920         1         1        11
   6.6736421201668106E-01   2.9137750760044445E-02  -2.3999999999999999E-01
       921         1         1        11
   6.6736421201668106E-01   2.9137750760044445E-02  -1.7999999999999999E-01
       922         1         1        11
   6.6736421201668106E-01   2.9137750760044445E-02  -1.2000000000000000E-01
       923         1         1        11
   6.6736421201668106E-01   2.9137750760044445E-02  -5.9999999999999998E-02
       924         1         1        11
   6.6736421201668106E-01   2.9137750760044445E-02   0.0000000000000000E+00
       925         1         1        11
   6.6736421201668106E-01   2.9137750760044445E-02   5.9999999999999998E-02
       926         1         1        11
   6.6736421201668106E-01   2.9137750760044445E-02   1.2000000000000000E-01
       927         1         1        11
   6.6736421201668106E-01   2.9137750760044445E-02   1.7999999999999999E-01
       928         1         1        11
   6.6736421201668106E-01   2.9137750760044445E-02   2.3999999999999999E-01
       929         1         1        11
   6.6736421201668131E-02   2.9137750760044462E-03   5.9999999999999998E-01
       930         1         1        11
   1.3347284240333623E-01   5.8275501520088915E-03   5.9999999999999998E-01
       931         1         1        11
   2.0020926360500432E-01   8.7413252280133351E-03   5.9999999999999998E-01
       932         1         1        11
   2.6694568480667241E-01   1.1655100304017778E-02   5.9999999999999998E-01
       933         1         1        11
   3.3368210600834053E-01   1.4568875380022222E-02   5.9999999999999998E-01
       934         1         1        11
   4.0041852721000865E-01   1.7482650456026670E-02   5.9999999999999998E-01
       935         1         1        11
   4.6715494841167671E-01   2.0396425532031109E-02   5.9999999999999998E-01
       936         1         1        11
   5.3389136961334482E-01   2.3310200608035556E-02   5.9999999999999998E-01
       937         1         1        11
   6.0062779081501283E-01   2.6223975684039995E-02   5.9999999999999998E-01
       938         1         1        11
   6.6736421201668106E-01   2.9137750760044445E-02   5.9999999999999998E-01
       939         1         1        11
   6.6736421201668106E-01   2.9137750760044445E-02   3.2999999999999996E-01
       940         1         1        11
   6.6736421201668106E-01   2.9137750760044445E-02   3.5999999999999999E-01
       941         1         1        11
   6.6736421201668106E-01   2.9137750760044445E-02   3.8999999999999996E-01
       942         1         1        11
   6.6736421201668106E-01   2.9137750760044445E-02   4.1999999999999993E-01
       943         1         1        11
   6.6736421201668106E-01   2.9137750760044445E-02   4.4999999999999996E-01
       944         1         1        11
   6.6736421201668106E-01   2.9137750760044445E-02   4.7999999999999998E-01
       945         1         1        11
   6.6736421201668106E-01   2.9137750760044445E-02   5.1000000000000001E-01
       946         1         1        11
   6.6736421201668106E-01   2.9137750760044445E-02   5.3999999999999992E-01
       947         1         1        11
   6.6736421201668106E-01   2.9137750760044445E-02   5.6999999999999995E-01
       948         1         1        11
   7.1851548096167206E-01   3.1371063393149649E-02  -2.2799999999999998E+00
       949         1         1        11
   7.6966674990666317E-01   3.3604376026254851E-02  -2.2799999999999998E+00
       950         1         1        11
   8.2081801885165440E-01   3.5837688659360052E-02  -2.2799999999999998E+00
       951         1         1        11
   8.7196928779664551E-01   3.8071001292465260E-02  -2.2799999999999998E+00
       952         1         1        11
   9.2312055674163662E-01   4.0304313925570455E-02  -2.2799999999999998E+00
       953         1         1        11
   9.7427182568662785E-01   4.2537626558675670E-02  -2.2799999999999998E+00
       954         1         1        11
   1.0254230946316187E+00   4.4770939191780851E-02  -2.2799999999999998E+00
       955         1         1        11
   1.0765743635766098E+00   4.7004251824886066E-02  -2.2799999999999998E+00
       956         1         1        11
   1.1277256325216012E+00   4.9237564457991267E-02  -2.2799999999999998E+00
       957         1         1        11
   1.1788769014665921E+00   5.1470877091096462E-02  -2.2799999999999998E+00
       958         1         1        11
   7.1851548096167206E-01   3.1371063393149649E-02  -1.6799999999999999E+00
       959         1         1        11
   7.6966674990666317E-01   3.3604376026254851E-02  -1.6799999999999999E+00
       960         1         1        11
   8.2081801885165440E-01   3.5837688659360052E-02  -1.6799999999999999E+00
       961         1         1        11
   8.7196928779664551E-01   3.8071001292465260E-02  -1.6799999999999999E+00
       962         1         1        11
   9.2312055674163662E-01   4.0304313925570455E-02  -1.6799999999999999E+00
       963         1         1        11
   9.7427182568662785E-01   4.2537626558675670E-02  -1.6799999999999999E+00
       964         1         1        11
   1.0254230946316187E+00   4.4770939191780851E-02  -1.6799999999999999E+00
       965         1         1        11
   1.0765743635766098E+00   4.7004251824886066E-02  -1.6799999999999999E+00
       966         1         1        11
   1.1277256325216012E+00   4.9237564457991267E-02  -1.6799999999999999E+00
       967         1         1        11
   1.1788769014665921E+00   5.1470877091096462E-02  -1.6799999999999999E+00
       968         1         1        11
   1.1788769014665921E+00   5.1470877091096462E-02  -2.2199999999999998E+00
       969         1         1        11
   1.1788769014665921E+00   5.1470877091096462E-02  -2.1600000000000001E+00
       970         1         1        11
   1.1788769014665921E+00   5.1470877091096462E-02  -2.1000000000000001E+00
       971         1         1        11
   1.1788769014665921E+00   5.1470877091096462E-02  -2.0400000000000000E+00
       972         1         1        11
   1.1788769014665921E+00   5.1470877091096462E-02  -1.9800000000000000E+00
       973         1         1        11
   1.1788769014665921E+00   5.1470877091096462E-02  -1.9199999999999999E+00
       974         1         1        11
   1.1788769014665921E+00   5.1470877091096462E-02  -1.8599999999999999E+00
       975         1         1        11
   1.1788769014665921E+00   5.1470877091096462E-02  -1.8000000000000000E+00
       976         1         1        11
   1.1788769014665921E+00   5.1470877091096462E-02  -1.7400000000000000E+00
       977         1         1        11
   7.1851548096167206E-01   3.1371063393149649E-02  -3.0000000000000004E-01
       978         1         1        11
   7.6966674990666317E-01   3.3604376026254851E-02  -3.0000000000000004E-01
       979         1         1        11
   8.2081801885165440E-01   3.5837688659360052E-02  -3.0000000000000004E-01
       980         1         1        11
   8.7196928779664551E-01   3.8071001292465260E-02  -3.0000000000000004E-01
       981         1         1        11
   9.2312055674163662E-01   4.0304313925570455E-02  -3.0000000000000004E-01
       982         1         1        11
   9.7427182568662785E-01   4.2537626558675670E-02  -3.0000000000000004E-01
       983         1         1        11
   1.0254230946316187E+00   4.4770939191780851E-02  -3.0000000000000004E-01
       984         1         1        11
   1.0765743635766098E+00   4.7004251824886066E-02  -3.0000000000000004E-01
       985         1         1        11
   1.1277256325216012E+00   4.9237564457991267E-02  -3.0000000000000004E-01
       986         1         1        11
   1.1788769014665921E+00   5.1470877091096462E-02  -3.0000000000000004E-01
       987         1         1        11
   1.1788769014665921E+00   5.1470877091096462E-02  -1.5419999999999998E+00
       988         1         1        11
   1.1788769014665921E+00   5.1470877091096462E-02  -1.4039999999999999E+00
       989         1         1        11
   1.1788769014665921E+00   5.1470877091096462E-02  -1.2660000000000000E+00
       990         1         1        11
   1.1788769014665921E+00   5.1470877091096462E-02  -1.1279999999999999E+00
       991         1         1        11
   1.1788769014665921E+00   5.1470877091096462E-02  -9.8999999999999999E-01
       992         1         1        11
   1.1788769014665921E+00   5.1470877091096462E-02  -8.5199999999999998E-01
       993         1         1        11
   1.1788769014665921E+00   5.1470877091096462E-02  -7.1399999999999997E-01
       994         1         1        11
   1.1788769014665921E+00   5.1470877091096462E-02  -5.7599999999999996E-01
       995         1         1        11
   1.1788769014665921E+00   5.1470877091096462E-02  -4.3799999999999994E-01
       996         1         1        11
   7.1851548096167206E-01   3.1371063393149649E-02   2.9999999999999999E-01
       997         1         1        11
   7.6966674990666317E-01   3.3604376026254851E-02   2.9999999999999999E-01
       998         1         1        11
   8.2081801885165440E-01   3.5837688659360052E-02   2.9999999999999999E-01
       999         1         1        11
   8.7196928779664551E-01   3.8071001292465260E-02   2.9999999999999999E-01
      1000         1         1        11
   9.2312055674163662E-01   4.0304313925570455E-02   2.9999999999999999E-01
      1001         1         1        11
   9.7427182568662785E-01   4.2537626558675670E-02   2.9999999999999999E-01
      1002         1         1        11
   1.0254230946316187E+00   4.4770939191780851E-02   2.9999999999999999E-01
      1003         1         1        11
   1.0765743635766098E+00   4.7004251824886066E-02   2.9999999999999999E-01
      1004         1         1        11
   1.1277256325216012E+00   4.9237564457991267E-02   2.9999999999999999E-01
      1005         1         1        11
   1.1788769014665921E+00   5.1470877091096462E-02   2.9999999999999999E-01
      1006         1         1        11
   1.1788769014665921E+00   5.1470877091096462E-02  -2.3999999999999999E-01
      1007         1         1        11
   1.1788769014665921E+00   5.1470877091096462E-02  -1.7999999999999999E-01
      1008         1         1        11
   1.1788769014665921E+00   5.1470877091096462E-02  -1.2000000000000000E-01
      1009         1         1        11
   1.1788769014665921E+00   5.1470877091096462E-02  -5.9999999999999998E-02
      1010         1         1        11
   1.1788769014665921E+00   5.1470877091096462E-02   0.0000000000000000E+00
      1011         1         1        11
   1.1788769014665921E+00   5.1470877091096462E-02   5.9999999999999998E-02
      1012         1         1        11
   1.1788769014665921E+00   5.1470877091096462E-02   1.2000000000000000E-01
      1013         1         1        11
   1.1788769014665921E+00   5.1470877091096462E-02   1.7999999999999999E-01
      1014         1         1        11
   1.1788769014665921E+00   5.1470877091096462E-02   2.3999999999999999E-01
      1015         1         1        11
   7.1851548096167206E-01   3.1371063393149649E-02   5.9999999999999998E-01
      1016         1         1        11
   7.6966674990666317E-01   3.3604376026254851E-02   5.9999999999999998E-01
      1017         1         1        11
   8.2081801885165440E-01   3.5837688659360052E-02   5.9999999999999998E-01
      1018         1         1        11
   8.7196928779664551E-01   3.8071001292465260E-02   5.9999999999999998E-01
      1019         1         1        11
   9.2312055674163662E-01   4.0304313925570455E-02   5.9999999999999998E-01
      1020         1         1        11
   9.7427182568662785E-01   4.2537626558675670E-02   5.9999999999999998E-01
      1021         1         1        11
   1.0254230946316187E+00   4.4770939191780851E-02   5.9999999999999998E-01
      1022         1         1        11
   1.0765743635766098E+00   4.7004251824886066E-02   5.9999999999999998E-01
      1023         1         1        11
   1.1277256325216012E+00   4.9237564457991267E-02   5.9999999999999998E-01
      1024         1         1        11
   1.1788769014665921E+00   5.1470877091096462E-02   5.9999999999999998E-01
      1025         1         1        11
   1.1788769014665921E+00   5.1470877091096462E-02   3.2999999999999996E-01
      1026         1         1        11
   1.1788769014665921E+00   5.1470877091096462E-02   3.5999999999999999E-01
      1027         1         1        11
   1.1788769014665921E+00   5.1470877091096462E-02   3.8999999999999996E-01
      1028         1         1        11
   1.1788769014665921E+00   5.1470877091096462E-02   4.1999999999999993E-01
      1029         1         1        11
   1.1788769014665921E+00   5.1470877091096462E-02   4.4999999999999996E-01
      1030         1         1        11
   1.1788769014665921E+00   5.1470877091096462E-02   4.7999999999999998E-01
      1031         1         1        11
   1.1788769014665921E+00   5.1470877091096462E-02   5.1000000000000001E-01
      1032         1         1        11
   1.1788769014665921E+00   5.1470877091096462E-02   5.3999999999999992E-01
      1033         1         1        11
   1.1788769014665921E+00   5.1470877091096462E-02   5.6999999999999995E-01
      1034         1         1        11
   6.0062779081501283E-01   2.6223975684039995E-02  -2.2200000000000002E+00
      1035         1         1        11
   6.0062779081501283E-01   2.6223975684039995E-02  -2.1600000000000001E+00
      1036         1         1        11
   6.0062779081501294E-01   2.6223975684039998E-02  -2.1000000000000001E+00
      1037         1         1        11
   6.0062779081501283E-01   2.6223975684039995E-02  -2.0400000000000000E+00
      1038         1         1        11
   6.0062779081501283E-01   2.6223975684039995E-02  -1.9800000000000000E+00
      1039         1         1        11
   6.0062779081501283E-01   2.6223975684039995E-02  -1.9199999999999999E+00
      1040         1         1        11
   6.0062779081501283E-01   2.6223975684039995E-02  -1.8599999999999999E+00
      1041         1         1        11
   6.0062779081501283E-01   2.6223975684039995E-02  -1.8000000000000000E+00
      1042         1         1        11
   6.0062779081501283E-01   2.6223975684039995E-02  -1.7400000000000000E+00
      1043         1         1        11
   5.3389136961334482E-01   2.3310200608035556E-02  -2.2200000000000002E+00
      1044         1         1        11
   5.3389136961334482E-01   2.3310200608035556E-02  -2.1600000000000001E+00
      1045         1         1        11
   5.3389136961334493E-01   2.3310200608035566E-02  -2.1000000000000001E+00
      1046         1         1        11
   5.3389136961334482E-01   2.3310200608035556E-02  -2.0400000000000000E+00
      1047         1         1        11
   5.3389136961334482E-01   2.3310200608035556E-02  -1.9800000000000000E+00
      1048         1         1        11
   5.3389136961334482E-01   2.3310200608035556E-02  -1.9199999999999999E+00
      1049         1         1        11
   5.3389136961334482E-01   2.3310200608035556E-02  -1.8599999999999999E+00
      1050         1         1        11
   5.3389136961334482E-01   2.3310200608035556E-02  -1.8000000000000000E+00
      1051         1         1        11
   5.3389136961334482E-01   2.3310200608035556E-02  -1.7400000000000000E+00
      1052         1         1        11
   4.6715494841167671E-01   2.0396425532031109E-02  -2.2200000000000002E+00
      1053         1         1        11
   4.6715494841167671E-01   2.0396425532031109E-02  -2.1600000000000001E+00
      1054         1         1        11
   4.6715494841167671E-01   2.0396425532031109E-02  -2.1000000000000001E+00
      1055         1         1        11
   4.6715494841167671E-01   2.0396425532031109E-02  -2.0400000000000000E+00
      1056         1         1        11
   4.6715494841167671E-01   2.0396425532031109E-02  -1.9800000000000000E+00
      1057         1         1        11
   4.6715494841167671E-01   2.0396425532031109E-02  -1.9199999999999999E+00
      1058         1         1        11
   4.6715494841167671E-01   2.0396425532031109E-02  -1.8599999999999999E+00
      1059         1         1        11
   4.6715494841167671E-01   2.0396425532031109E-02  -1.8000000000000000E+00
      1060         1         1        11
   4.6715494841167671E-01   2.0396425532031109E-02  -1.7400000000000000E+00
      1061         1         1        11
   4.0041852721000865E-01   1.7482650456026670E-02  -2.2199999999999998E+00
      1062         1         1        11
   4.0041852721000865E-01   1.7482650456026670E-02  -2.1600000000000001E+00
      1063         1         1        11
   4.0041852721000865E-01   1.7482650456026670E-02  -2.1000000000000001E+00
      1064         1         1        11
   4.0041852721000865E-01   1.7482650456026670E-02  -2.0400000000000000E+00
      1065         1         1        11
   4.0041852721000865E-01   1.7482650456026670E-02  -1.9800000000000000E+00
      1066         1         1        11
   4.0041852721000865E-01   1.7482650456026670E-02  -1.9199999999999999E+00
      1067         1         1        11
   4.0041852721000865E-01   1.7482650456026670E-02  -1.8599999999999999E+00
      1068         1         1        11
   4.0041852721000865E-01   1.7482650456026670E-02  -1.8000000000000000E+00
      1069         1         1        11
   4.0041852721000865E-01   1.7482650456026670E-02  -1.7400000000000000E+00
      1070         1         1        11
   3.3368210600834053E-01   1.4568875380022222E-02  -2.2199999999999998E+00
      1071         1         1        11
   3.3368210600834053E-01   1.4568875380022222E-02  -2.1600000000000001E+00
      1072         1         1        11
   3.3368210600834053E-01   1.4568875380022222E-02  -2.1000000000000001E+00
      1073         1         1        11
   3.3368210600834053E-01   1.4568875380022222E-02  -2.0400000000000000E+00
      1074         1         1        11
   3.3368210600834053E-01   1.4568875380022222E-02  -1.9800000000000000E+00
      1075         1         1        11
   3.3368210600834053E-01   1.4568875380022222E-02  -1.9199999999999999E+00
      1076         1         1        11
   3.3368210600834053E-01   1.4568875380022222E-02  -1.8599999999999999E+00
      1077         1         1        11
   3.3368210600834053E-01   1.4568875380022222E-02  -1.8000000000000000E+00
      1078         1         1        11
   3.3368210600834053E-01   1.4568875380022222E-02  -1.7400000000000000E+00
      1079         1         1        11
   2.6694568480667247E-01   1.1655100304017783E-02  -2.2199999999999998E+00
      1080         1         1        11
   2.6694568480667241E-01   1.1655100304017778E-02  -2.1600000000000001E+00
      1081         1         1        11
   2.6694568480667252E-01   1.1655100304017785E-02  -2.1000000000000001E+00
      1082         1         1        11
   2.6694568480667247E-01   1.1655100304017783E-02  -2.0400000000000000E+00
      1083         1         1        11
   2.6694568480667247E-01   1.1655100304017783E-02  -1.9800000000000000E+00
      1084         1         1        11
   2.6694568480667247E-01   1.1655100304017783E-02  -1.9199999999999999E+00
      1085         1         1        11
   2.6694568480667252E-01   1.1655100304017785E-02  -1.8599999999999999E+00
      1086         1         1        11
   2.6694568480667241E-01   1.1655100304017778E-02  -1.8000000000000000E+00
      1087         1         1        11
   2.6694568480667241E-01   1.1655100304017778E-02  -1.7400000000000000E+00
      1088         1         1        11
   2.0020926360500432E-01   8.7413252280133351E-03  -2.2200000000000002E+00
      1089         1         1        11
   2.0020926360500427E-01   8.7413252280133334E-03  -2.1600000000000001E+00
      1090         1         1        11
   2.0020926360500432E-01   8.7413252280133351E-03  -2.1000000000000001E+00
      1091         1         1        11
   2.0020926360500432E-01   8.7413252280133351E-03  -2.0400000000000000E+00
      1092         1         1        11
   2.0020926360500438E-01   8.7413252280133351E-03  -1.9800000000000000E+00
      1093         1         1        11
   2.0020926360500432E-01   8.7413252280133351E-03  -1.9199999999999999E+00
      1094         1         1        11
   2.0020926360500432E-01   8.7413252280133351E-03  -1.8599999999999999E+00
      1095         1         1        11
   2.0020926360500432E-01   8.7413252280133351E-03  -1.8000000000000000E+00
      1096         1         1        11
   2.0020926360500432E-01   8.7413252280133351E-03  -1.7400000000000000E+00
      1097         1         1        11
   1.3347284240333626E-01   5.8275501520088924E-03  -2.2199999999999998E+00
      1098         1         1        11
   1.3347284240333623E-01   5.8275501520088915E-03  -2.1600000000000001E+00
      1099         1         1        11
   1.3347284240333626E-01   5.8275501520088924E-03  -2.1000000000000001E+00
      1100         1         1        11
   1.3347284240333621E-01   5.8275501520088889E-03  -2.0400000000000000E+00
      1101         1         1        11
   1.3347284240333621E-01   5.8275501520088889E-03  -1.9800000000000000E+00
      1102         1         1        11
   1.3347284240333621E-01   5.8275501520088889E-03  -1.9199999999999999E+00
      1103         1         1        11
   1.3347284240333621E-01   5.8275501520088889E-03  -1.8599999999999999E+00
      1104         1         1        11
   1.3347284240333623E-01   5.8275501520088915E-03  -1.8000000000000000E+00
      1105         1         1        11
   1.3347284240333629E-01   5.8275501520088924E-03  -1.7400000000000000E+00
      1106         1         1        11
   6.6736421201668075E-02   2.9137750760044431E-03  -2.2199999999999998E+00
      1107         1         1        11
   6.6736421201668075E-02   2.9137750760044431E-03  -2.1600000000000001E+00
      1108         1         1        11
   6.6736421201668075E-02   2.9137750760044431E-03  -2.1000000000000001E+00
      1109         1         1        11
   6.6736421201668075E-02   2.9137750760044431E-03  -2.0400000000000000E+00
      1110         1         1        11
   6.6736421201668075E-02   2.9137750760044431E-03  -1.9800000000000000E+00
      1111         1         1        11
   6.6736421201668131E-02   2.9137750760044462E-03  -1.9199999999999999E+00
      1112         1         1        11
   6.6736421201668075E-02   2.9137750760044431E-03  -1.8599999999999999E+00
      1113         1         1        11
   6.6736421201668075E-02   2.9137750760044431E-03  -1.8000000000000000E+00
      1114         1         1        11
   6.6736421201668131E-02   2.9137750760044462E-03  -1.7400000000000000E+00
      1115         1         1        11
   6.0062779081501283E-01   2.6223975684039995E-02  -1.5419999999999998E+00
      1116         1         1        11
   6.0062779081501283E-01   2.6223975684039995E-02  -1.4039999999999999E+00
      1117         1         1        11
   6.0062779081501283E-01   2.6223975684039995E-02  -1.2660000000000000E+00
      1118         1         1        11
   6.0062779081501294E-01   2.6223975684039998E-02  -1.1279999999999999E+00
      1119         1         1        11
   6.0062779081501283E-01   2.6223975684039995E-02  -9.8999999999999999E-01
      1120         1         1        11
   6.0062779081501283E-01   2.6223975684039995E-02  -8.5199999999999987E-01
      1121         1         1        11
   6.0062779081501283E-01   2.6223975684039995E-02  -7.1399999999999997E-01
      1122         1         1        11
   6.0062779081501283E-01   2.6223975684039995E-02  -5.7599999999999996E-01
      1123         1         1        11
   6.0062779081501283E-01   2.6223975684039995E-02  -4.3799999999999994E-01
      1124         1         1        11
   5.3389136961334482E-01   2.3310200608035556E-02  -1.5420000000000003E+00
      1125         1         1        11
   5.3389136961334482E-01   2.3310200608035556E-02  -1.4039999999999997E+00
      1126         1         1        11
   5.3389136961334482E-01   2.3310200608035556E-02  -1.2660000000000000E+00
      1127         1         1        11
   5.3389136961334482E-01   2.3310200608035556E-02  -1.1279999999999999E+00
      1128         1         1        11
   5.3389136961334482E-01   2.3310200608035556E-02  -9.8999999999999999E-01
      1129         1         1        11
   5.3389136961334482E-01   2.3310200608035556E-02  -8.5199999999999987E-01
      1130         1         1        11
   5.3389136961334482E-01   2.3310200608035556E-02  -7.1399999999999997E-01
      1131         1         1        11
   5.3389136961334482E-01   2.3310200608035556E-02  -5.7599999999999985E-01
      1132         1         1        11
   5.3389136961334482E-01   2.3310200608035556E-02  -4.3799999999999994E-01
      1133         1         1        11
   4.6715494841167671E-01   2.0396425532031109E-02  -1.5419999999999998E+00
      1134         1         1        11
   4.6715494841167671E-01   2.0396425532031109E-02  -1.4039999999999999E+00
      1135         1         1        11
   4.6715494841167671E-01   2.0396425532031109E-02  -1.2660000000000000E+00
      1136         1         1        11
   4.6715494841167671E-01   2.0396425532031109E-02  -1.1279999999999999E+00
      1137         1         1        11
   4.6715494841167671E-01   2.0396425532031109E-02  -9.8999999999999988E-01
      1138         1         1        11
   4.6715494841167671E-01   2.0396425532031109E-02  -8.5199999999999998E-01
      1139         1         1        11
   4.6715494841167671E-01   2.0396425532031109E-02  -7.1399999999999997E-01
      1140         1         1        11
   4.6715494841167671E-01   2.0396425532031109E-02  -5.7599999999999985E-01
      1141         1         1        11
   4.6715494841167671E-01   2.0396425532031109E-02  -4.3799999999999994E-01
      1142         1         1        11
   4.0041852721000865E-01   1.7482650456026670E-02  -1.5419999999999998E+00
      1143         1         1        11
   4.0041852721000865E-01   1.7482650456026670E-02  -1.4039999999999999E+00
      1144         1         1        11
   4.0041852721000865E-01   1.7482650456026670E-02  -1.2659999999999998E+00
      1145         1         1        11
   4.0041852721000865E-01   1.7482650456026670E-02  -1.1279999999999999E+00
      1146         1         1        11
   4.0041852721000865E-01   1.7482650456026670E-02  -9.8999999999999999E-01
      1147         1         1        11
   4.0041852721000865E-01   1.7482650456026670E-02  -8.5199999999999987E-01
      1148         1         1        11
   4.0041852721000865E-01   1.7482650456026670E-02  -7.1400000000000008E-01
      1149         1         1        11
   4.0041852721000865E-01   1.7482650456026670E-02  -5.7599999999999996E-01
      1150         1         1        11
   4.0041852721000865E-01   1.7482650456026670E-02  -4.3799999999999994E-01
      1151         1         1        11
   3.3368210600834053E-01   1.4568875380022222E-02  -1.5420000000000000E+00
      1152         1         1        11
   3.3368210600834053E-01   1.4568875380022222E-02  -1.4039999999999999E+00
      1153         1         1        11
   3.3368210600834053E-01   1.4568875380022222E-02  -1.2660000000000000E+00
      1154         1         1        11
   3.3368210600834053E-01   1.4568875380022222E-02  -1.1279999999999999E+00
      1155         1         1        11
   3.3368210600834053E-01   1.4568875380022222E-02  -9.8999999999999999E-01
      1156         1         1        11
   3.3368210600834053E-01   1.4568875380022222E-02  -8.5199999999999998E-01
      1157         1         1        11
   3.3368210600834053E-01   1.4568875380022222E-02  -7.1399999999999997E-01
      1158         1         1        11
   3.3368210600834053E-01   1.4568875380022222E-02  -5.7599999999999985E-01
      1159         1         1        11
   3.3368210600834053E-01   1.4568875380022222E-02  -4.3799999999999994E-01
      1160         1         1        11
   2.6694568480667247E-01   1.1655100304017783E-02  -1.5420000000000000E+00
      1161         1         1        11
   2.6694568480667247E-01   1.1655100304017783E-02  -1.4039999999999999E+00
      1162         1         1        11
   2.6694568480667252E-01   1.1655100304017785E-02  -1.2660000000000000E+00
      1163         1         1        11
   2.6694568480667247E-01   1.1655100304017783E-02  -1.1279999999999999E+00
      1164         1         1        11
   2.6694568480667247E-01   1.1655100304017783E-02  -9.8999999999999988E-01
      1165         1         1        11
   2.6694568480667247E-01   1.1655100304017783E-02  -8.5199999999999987E-01
      1166         1         1        11
   2.6694568480667247E-01   1.1655100304017783E-02  -7.1399999999999997E-01
      1167         1         1        11
   2.6694568480667247E-01   1.1655100304017783E-02  -5.7599999999999985E-01
      1168         1         1        11
   2.6694568480667247E-01   1.1655100304017783E-02  -4.3799999999999994E-01
      1169         1         1        11
   2.0020926360500432E-01   8.7413252280133351E-03  -1.5419999999999998E+00
      1170         1         1        11
   2.0020926360500432E-01   8.7413252280133351E-03  -1.4039999999999999E+00
      1171         1         1        11
   2.0020926360500432E-01   8.7413252280133351E-03  -1.2659999999999998E+00
      1172         1         1        11
   2.0020926360500430E-01   8.7413252280133334E-03  -1.1279999999999999E+00
      1173         1         1        11
   2.0020926360500438E-01   8.7413252280133351E-03  -9.8999999999999988E-01
      1174         1         1        11
   2.0020926360500432E-01   8.7413252280133351E-03  -8.5199999999999998E-01
      1175         1         1        11
   2.0020926360500427E-01   8.7413252280133334E-03  -7.1399999999999997E-01
      1176         1         1        11
   2.0020926360500432E-01   8.7413252280133351E-03  -5.7599999999999985E-01
      1177         1         1        11
   2.0020926360500432E-01   8.7413252280133351E-03  -4.3799999999999994E-01
      1178         1         1        11
   1.3347284240333629E-01   5.8275501520088924E-03  -1.5420000000000003E+00
      1179         1         1        11
   1.3347284240333621E-01   5.8275501520088889E-03  -1.4039999999999999E+00
      1180         1         1        11
   1.3347284240333626E-01   5.8275501520088924E-03  -1.2660000000000000E+00
      1181         1         1        11
   1.3347284240333626E-01   5.8275501520088924E-03  -1.1279999999999999E+00
      1182         1         1        11
   1.3347284240333621E-01   5.8275501520088889E-03  -9.8999999999999999E-01
      1183         1         1        11
   1.3347284240333621E-01   5.8275501520088889E-03  -8.5199999999999987E-01
      1184         1         1        11
   1.3347284240333623E-01   5.8275501520088915E-03  -7.1400000000000008E-01
      1185         1         1        11
   1.3347284240333626E-01   5.8275501520088924E-03  -5.7599999999999985E-01
      1186         1         1        11
   1.3347284240333618E-01   5.8275501520088889E-03  -4.3799999999999994E-01
      1187         1         1        11
   6.6736421201668131E-02   2.9137750760044462E-03  -1.5420000000000003E+00
      1188         1         1        11
   6.6736421201668075E-02   2.9137750760044431E-03  -1.4039999999999999E+00
      1189         1         1        11
   6.6736421201668075E-02   2.9137750760044431E-03  -1.2659999999999998E+00
      1190         1         1        11
   6.6736421201668075E-02   2.9137750760044431E-03  -1.1279999999999999E+00
      1191         1         1        11
   6.6736421201668075E-02   2.9137750760044431E-03  -9.8999999999999988E-01
      1192         1         1        11
   6.6736421201668131E-02   2.9137750760044462E-03  -8.5199999999999987E-01
      1193         1         1        11
   6.6736421201668131E-02   2.9137750760044462E-03  -7.1399999999999997E-01
      1194         1         1        11
   6.6736421201668131E-02   2.9137750760044462E-03  -5.7599999999999996E-01
      1195         1         1        11
   6.6736421201668075E-02   2.9137750760044431E-03  -4.3799999999999994E-01
      1196         1         1        11
   6.0062779081501283E-01   2.6223975684039995E-02  -2.4000000000000007E-01
      1197         1         1        11
   6.0062779081501283E-01   2.6223975684039995E-02  -1.7999999999999999E-01
      1198         1         1        11
   6.0062779081501294E-01   2.6223975684039998E-02  -1.2000000000000000E-01
      1199         1         1        11
   6.0062779081501283E-01   2.6223975684039995E-02  -6.0000000000000012E-02
      1200         1         1        11
   6.0062779081501283E-01   2.6223975684039995E-02   0.0000000000000000E+00
      1201         1         1        11
   6.0062779081501283E-01   2.6223975684039995E-02   6.0000000000000012E-02
      1202         1         1        11
   6.0062779081501283E-01   2.6223975684039995E-02   1.2000000000000001E-01
      1203         1         1        11
   6.0062779081501283E-01   2.6223975684039995E-02   1.7999999999999999E-01
      1204         1         1        11
   6.0062779081501283E-01   2.6223975684039995E-02   2.3999999999999999E-01
      1205         1         1        11
   5.3389136961334482E-01   2.3310200608035556E-02  -2.3999999999999996E-01
      1206         1         1        11
   5.3389136961334482E-01   2.3310200608035556E-02  -1.7999999999999994E-01
      1207         1         1        11
   5.3389136961334493E-01   2.3310200608035566E-02  -1.1999999999999998E-01
      1208         1         1        11
   5.3389136961334482E-01   2.3310200608035556E-02  -6.0000000000000026E-02
      1209         1         1        11
   5.3389136961334482E-01   2.3310200608035556E-02   0.0000000000000000E+00
      1210         1         1        11
   5.3389136961334482E-01   2.3310200608035556E-02   6.0000000000000026E-02
      1211         1         1        11
   5.3389136961334482E-01   2.3310200608035556E-02   1.2000000000000001E-01
      1212         1         1        11
   5.3389136961334482E-01   2.3310200608035556E-02   1.7999999999999994E-01
      1213         1         1        11
   5.3389136961334482E-01   2.3310200608035556E-02   2.3999999999999994E-01
      1214         1         1        11
   4.6715494841167671E-01   2.0396425532031109E-02  -2.4000000000000002E-01
      1215         1         1        11
   4.6715494841167671E-01   2.0396425532031109E-02  -1.7999999999999999E-01
      1216         1         1        11
   4.6715494841167671E-01   2.0396425532031109E-02  -1.2000000000000002E-01
      1217         1         1        11
   4.6715494841167671E-01   2.0396425532031109E-02  -6.0000000000000012E-02
      1218         1         1        11
   4.6715494841167671E-01   2.0396425532031109E-02   0.0000000000000000E+00
      1219         1         1        11
   4.6715494841167671E-01   2.0396425532031109E-02   5.9999999999999970E-02
      1220         1         1        11
   4.6715494841167671E-01   2.0396425532031109E-02   1.2000000000000002E-01
      1221         1         1        11
   4.6715494841167671E-01   2.0396425532031109E-02   1.7999999999999999E-01
      1222         1         1        11
   4.6715494841167671E-01   2.0396425532031109E-02   2.3999999999999999E-01
      1223         1         1        11
   4.0041852721000865E-01   1.7482650456026670E-02  -2.4000000000000005E-01
      1224         1         1        11
   4.0041852721000865E-01   1.7482650456026670E-02  -1.8000000000000005E-01
      1225         1         1        11
   4.0041852721000865E-01   1.7482650456026670E-02  -1.1999999999999998E-01
      1226         1         1        11
   4.0041852721000865E-01   1.7482650456026670E-02  -6.0000000000000026E-02
      1227         1         1        11
   4.0041852721000865E-01   1.7482650456026670E-02  -1.3877787807814457E-17
      1228         1         1        11
   4.0041852721000865E-01   1.7482650456026670E-02   5.9999999999999998E-02
      1229         1         1        11
   4.0041852721000865E-01   1.7482650456026670E-02   1.2000000000000000E-01
      1230         1         1        11
   4.0041852721000865E-01   1.7482650456026670E-02   1.7999999999999997E-01
      1231         1         1        11
   4.0041852721000865E-01   1.7482650456026670E-02   2.4000000000000002E-01
      1232         1         1        11
   3.3368210600834053E-01   1.4568875380022222E-02  -2.4000000000000005E-01
      1233         1         1        11
   3.3368210600834053E-01   1.4568875380022222E-02  -1.8000000000000005E-01
      1234         1         1        11
   3.3368210600834053E-01   1.4568875380022222E-02  -1.1999999999999998E-01
      1235         1         1        11
   3.3368210600834053E-01   1.4568875380022222E-02  -5.9999999999999998E-02
      1236         1         1        11
   3.3368210600834053E-01   1.4568875380022222E-02   0.0000000000000000E+00
      1237         1         1        11
   3.3368210600834053E-01   1.4568875380022222E-02   5.9999999999999998E-02
      1238         1         1        11
   3.3368210600834053E-01   1.4568875380022222E-02   1.2000000000000000E-01
      1239         1         1        11
   3.3368210600834053E-01   1.4568875380022222E-02   1.7999999999999999E-01
      1240         1         1        11
   3.3368210600834053E-01   1.4568875380022222E-02   2.3999999999999999E-01
      1241         1         1        11
   2.6694568480667247E-01   1.1655100304017783E-02  -2.3999999999999994E-01
      1242         1         1        11
   2.6694568480667241E-01   1.1655100304017778E-02  -1.7999999999999999E-01
      1243         1         1        11
   2.6694568480667252E-01   1.1655100304017785E-02  -1.2000000000000002E-01
      1244         1         1        11
   2.6694568480667247E-01   1.1655100304017783E-02  -6.0000000000000005E-02
      1245         1         1        11
   2.6694568480667247E-01   1.1655100304017783E-02   0.0000000000000000E+00
      1246         1         1        11
   2.6694568480667247E-01   1.1655100304017783E-02   5.9999999999999998E-02
      1247         1         1        11
   2.6694568480667252E-01   1.1655100304017785E-02   1.1999999999999997E-01
      1248         1         1        11
   2.6694568480667241E-01   1.1655100304017778E-02   1.7999999999999999E-01
      1249         1         1        11
   2.6694568480667241E-01   1.1655100304017778E-02   2.3999999999999994E-01
      1250         1         1        11
   2.0020926360500432E-01   8.7413252280133351E-03  -2.3999999999999996E-01
      1251         1         1        11
   2.0020926360500427E-01   8.7413252280133334E-03  -1.7999999999999999E-01
      1252         1         1        11
   2.0020926360500432E-01   8.7413252280133351E-03  -1.2000000000000002E-01
      1253         1         1        11
   2.0020926360500432E-01   8.7413252280133351E-03  -6.0000000000000012E-02
      1254         1         1        11
   2.0020926360500438E-01   8.7413252280133351E-03  -6.9388939039072284E-18
      1255         1         1        11
   2.0020926360500432E-01   8.7413252280133351E-03   5.9999999999999984E-02
      1256         1         1        11
   2.0020926360500432E-01   8.7413252280133351E-03   1.2000000000000002E-01
      1257         1         1        11
   2.0020926360500432E-01   8.7413252280133351E-03   1.7999999999999999E-01
      1258         1         1        11
   2.0020926360500432E-01   8.7413252280133351E-03   2.3999999999999999E-01
      1259         1         1        11
   1.3347284240333626E-01   5.8275501520088924E-03  -2.4000000000000002E-01
      1260         1         1        11
   1.3347284240333623E-01   5.8275501520088915E-03  -1.7999999999999999E-01
      1261         1         1        11
   1.3347284240333626E-01   5.8275501520088924E-03  -1.1999999999999995E-01
      1262         1         1        11
   1.3347284240333621E-01   5.8275501520088889E-03  -6.0000000000000039E-02
      1263         1         1        11
   1.3347284240333621E-01   5.8275501520088889E-03   3.4694469519536142E-18
      1264         1         1        11
   1.3347284240333621E-01   5.8275501520088889E-03   6.0000000000000019E-02
      1265         1         1        11
   1.3347284240333621E-01   5.8275501520088889E-03   1.2000000000000002E-01
      1266         1         1        11
   1.3347284240333623E-01   5.8275501520088915E-03   1.7999999999999997E-01
      1267         1         1        11
   1.3347284240333629E-01   5.8275501520088924E-03   2.4000000000000002E-01
      1268         1         1        11
   6.6736421201668075E-02   2.9137750760044431E-03  -2.4000000000000002E-01
      1269         1         1        11
   6.6736421201668075E-02   2.9137750760044431E-03  -1.7999999999999999E-01
      1270         1         1        11
   6.6736421201668075E-02   2.9137750760044431E-03  -1.2000000000000000E-01
      1271         1         1        11
   6.6736421201668075E-02   2.9137750760044431E-03  -6.0000000000000012E-02
      1272         1         1        11
   6.6736421201668075E-02   2.9137750760044431E-03   0.0000000000000000E+00
      1273         1         1        11
   6.6736421201668131E-02   2.9137750760044462E-03   5.9999999999999998E-02
      1274         1         1        11
   6.6736421201668075E-02   2.9137750760044431E-03   1.2000000000000000E-01
      1275         1         1        11
   6.6736421201668075E-02   2.9137750760044431E-03   1.7999999999999997E-01
      1276         1         1        11
   6.6736421201668131E-02   2.9137750760044462E-03   2.3999999999999999E-01
      1277         1         1        11
   6.0062779081501283E-01   2.6223975684039995E-02   3.2999999999999996E-01
      1278         1         1        11
   6.0062779081501283E-01   2.6223975684039995E-02   3.5999999999999999E-01
      1279         1         1        11
   6.0062779081501294E-01   2.6223975684039998E-02   3.8999999999999996E-01
      1280         1         1        11
   6.0062779081501283E-01   2.6223975684039995E-02   4.1999999999999993E-01
      1281         1         1        11
   6.0062779081501283E-01   2.6223975684039995E-02   4.4999999999999996E-01
      1282         1         1        11
   6.0062779081501283E-01   2.6223975684039995E-02   4.7999999999999998E-01
      1283         1         1        11
   6.0062779081501283E-01   2.6223975684039995E-02   5.1000000000000001E-01
      1284         1         1        11
   6.0062779081501283E-01   2.6223975684039995E-02   5.3999999999999992E-01
      1285         1         1        11
   6.0062779081501283E-01   2.6223975684039995E-02   5.6999999999999995E-01
      1286         1         1        11
   5.3389136961334482E-01   2.3310200608035556E-02   3.2999999999999996E-01
      1287         1         1        11
   5.3389136961334482E-01   2.3310200608035556E-02   3.5999999999999993E-01
      1288         1         1        11
   5.3389136961334493E-01   2.3310200608035566E-02   3.8999999999999996E-01
      1289         1         1        11
   5.3389136961334482E-01   2.3310200608035556E-02   4.1999999999999993E-01
      1290         1         1        11
   5.3389136961334482E-01   2.3310200608035556E-02   4.4999999999999996E-01
      1291         1         1        11
   5.3389136961334482E-01   2.3310200608035556E-02   4.7999999999999998E-01
      1292         1         1        11
   5.3389136961334482E-01   2.3310200608035556E-02   5.1000000000000001E-01
      1293         1         1        11
   5.3389136961334482E-01   2.3310200608035556E-02   5.3999999999999992E-01
      1294         1         1        11
   5.3389136961334482E-01   2.3310200608035556E-02   5.6999999999999995E-01
      1295         1         1        11
   4.6715494841167671E-01   2.0396425532031109E-02   3.2999999999999996E-01
      1296         1         1        11
   4.6715494841167671E-01   2.0396425532031109E-02   3.5999999999999993E-01
      1297         1         1        11
   4.6715494841167671E-01   2.0396425532031109E-02   3.8999999999999996E-01
      1298         1         1        11
   4.6715494841167671E-01   2.0396425532031109E-02   4.1999999999999998E-01
      1299         1         1        11
   4.6715494841167671E-01   2.0396425532031109E-02   4.4999999999999996E-01
      1300         1         1        11
   4.6715494841167671E-01   2.0396425532031109E-02   4.7999999999999993E-01
      1301         1         1        11
   4.6715494841167671E-01   2.0396425532031109E-02   5.1000000000000001E-01
      1302         1         1        11
   4.6715494841167671E-01   2.0396425532031109E-02   5.3999999999999992E-01
      1303         1         1        11
   4.6715494841167671E-01   2.0396425532031109E-02   5.6999999999999995E-01
      1304         1         1        11
   4.0041852721000865E-01   1.7482650456026670E-02   3.2999999999999996E-01
      1305         1         1        11
   4.0041852721000865E-01   1.7482650456026670E-02   3.5999999999999993E-01
      1306         1         1        11
   4.0041852721000865E-01   1.7482650456026670E-02   3.8999999999999996E-01
      1307         1         1        11
   4.0041852721000865E-01   1.7482650456026670E-02   4.1999999999999993E-01
      1308         1         1        11
   4.0041852721000865E-01   1.7482650456026670E-02   4.4999999999999996E-01
      1309         1         1        11
   4.0041852721000865E-01   1.7482650456026670E-02   4.7999999999999998E-01
      1310         1         1        11
   4.0041852721000865E-01   1.7482650456026670E-02   5.1000000000000001E-01
      1311         1         1        11
   4.0041852721000865E-01   1.7482650456026670E-02   5.3999999999999992E-01
      1312         1         1        11
   4.0041852721000865E-01   1.7482650456026670E-02   5.6999999999999995E-01
      1313         1         1        11
   3.3368210600834053E-01   1.4568875380022222E-02   3.2999999999999996E-01
      1314         1         1        11
   3.3368210600834053E-01   1.4568875380022222E-02   3.5999999999999993E-01
      1315         1         1        11
   3.3368210600834053E-01   1.4568875380022222E-02   3.8999999999999996E-01
      1316         1         1        11
   3.3368210600834053E-01   1.4568875380022222E-02   4.1999999999999993E-01
      1317         1         1        11
   3.3368210600834053E-01   1.4568875380022222E-02   4.4999999999999996E-01
      1318         1         1        11
   3.3368210600834053E-01   1.4568875380022222E-02   4.7999999999999998E-01
      1319         1         1        11
   3.3368210600834053E-01   1.4568875380022222E-02   5.1000000000000001E-01
      1320         1         1        11
   3.3368210600834053E-01   1.4568875380022222E-02   5.3999999999999992E-01
      1321         1         1        11
   3.3368210600834053E-01   1.4568875380022222E-02   5.6999999999999995E-01
      1322         1         1        11
   2.6694568480667247E-01   1.1655100304017783E-02   3.2999999999999996E-01
      1323         1         1        11
   2.6694568480667241E-01   1.1655100304017778E-02   3.5999999999999993E-01
      1324         1         1        11
   2.6694568480667252E-01   1.1655100304017785E-02   3.8999999999999996E-01
      1325         1         1        11
   2.6694568480667247E-01   1.1655100304017783E-02   4.1999999999999993E-01
      1326         1         1        11
   2.6694568480667247E-01   1.1655100304017783E-02   4.4999999999999996E-01
      1327         1         1        11
   2.6694568480667247E-01   1.1655100304017783E-02   4.7999999999999993E-01
      1328         1         1        11
   2.6694568480667252E-01   1.1655100304017785E-02   5.1000000000000001E-01
      1329         1         1        11
   2.6694568480667241E-01   1.1655100304017778E-02   5.3999999999999992E-01
      1330         1         1        11
   2.6694568480667241E-01   1.1655100304017778E-02   5.6999999999999995E-01
      1331         1         1        11
   2.0020926360500432E-01   8.7413252280133351E-03   3.2999999999999996E-01
      1332         1         1        11
   2.0020926360500427E-01   8.7413252280133334E-03   3.5999999999999993E-01
      1333         1         1        11
   2.0020926360500432E-01   8.7413252280133351E-03   3.8999999999999996E-01
      1334         1         1        11
   2.0020926360500432E-01   8.7413252280133351E-03   4.1999999999999993E-01
      1335         1         1        11
   2.0020926360500438E-01   8.7413252280133351E-03   4.4999999999999996E-01
      1336         1         1        11
   2.0020926360500432E-01   8.7413252280133351E-03   4.7999999999999993E-01
      1337         1         1        11
   2.0020926360500432E-01   8.7413252280133351E-03   5.1000000000000001E-01
      1338         1         1        11
   2.0020926360500432E-01   8.7413252280133351E-03   5.3999999999999992E-01
      1339         1         1        11
   2.0020926360500432E-01   8.7413252280133351E-03   5.6999999999999995E-01
      1340         1         1        11
   1.3347284240333626E-01   5.8275501520088924E-03   3.2999999999999996E-01
      1341         1         1        11
   1.3347284240333623E-01   5.8275501520088915E-03   3.5999999999999993E-01
      1342         1         1        11
   1.3347284240333626E-01   5.8275501520088924E-03   3.8999999999999996E-01
      1343         1         1        11
   1.3347284240333621E-01   5.8275501520088889E-03   4.1999999999999993E-01
      1344         1         1        11
   1.3347284240333621E-01   5.8275501520088889E-03   4.4999999999999996E-01
      1345         1         1        11
   1.3347284240333621E-01   5.8275501520088889E-03   4.7999999999999998E-01
      1346         1         1        11
   1.3347284240333621E-01   5.8275501520088889E-03   5.1000000000000001E-01
      1347         1         1        11
   1.3347284240333623E-01   5.8275501520088915E-03   5.3999999999999992E-01
      1348         1         1        11
   1.3347284240333629E-01   5.8275501520088924E-03   5.6999999999999995E-01
      1349         1         1        11
   6.6736421201668075E-02   2.9137750760044431E-03   3.2999999999999996E-01
      1350         1         1        11
   6.6736421201668075E-02   2.9137750760044431E-03   3.5999999999999999E-01
      1351         1         1        11
   6.6736421201668075E-02   2.9137750760044431E-03   3.8999999999999996E-01
      1352         1         1        11
   6.6736421201668075E-02   2.9137750760044431E-03   4.1999999999999993E-01
      1353         1         1        11
   6.6736421201668075E-02   2.9137750760044431E-03   4.4999999999999996E-01
      1354         1         1        11
   6.6736421201668131E-02   2.9137750760044462E-03   4.7999999999999998E-01
      1355         1         1        11
   6.6736421201668075E-02   2.9137750760044431E-03   5.1000000000000001E-01
      1356         1         1        11
   6.6736421201668075E-02   2.9137750760044431E-03   5.3999999999999992E-01
      1357         1         1        11
   6.6736421201668131E-02   2.9137750760044462E-03   5.6999999999999995E-01
      1358         1         1        11
   1.1277256325216012E+00   4.9237564457991267E-02  -2.2200000000000002E+00
      1359         1         1        11
   1.1277256325216012E+00   4.9237564457991267E-02  -2.1600000000000001E+00
      1360         1         1        11
   1.1277256325216012E+00   4.9237564457991267E-02  -2.1000000000000001E+00
      1361         1         1        11
   1.1277256325216012E+00   4.9237564457991267E-02  -2.0400000000000000E+00
      1362         1         1        11
   1.1277256325216012E+00   4.9237564457991267E-02  -1.9800000000000000E+00
      1363         1         1        11
   1.1277256325216012E+00   4.9237564457991267E-02  -1.9199999999999999E+00
      1364         1         1        11
   1.1277256325216010E+00   4.9237564457991267E-02  -1.8599999999999999E+00
      1365         1         1        11
   1.1277256325216012E+00   4.9237564457991267E-02  -1.8000000000000000E+00
      1366         1         1        11
   1.1277256325216012E+00   4.9237564457991267E-02  -1.7400000000000000E+00
      1367         1         1        11
   1.0765743635766098E+00   4.7004251824886066E-02  -2.2200000000000002E+00
      1368         1         1        11
   1.0765743635766098E+00   4.7004251824886066E-02  -2.1600000000000001E+00
      1369         1         1        11
   1.0765743635766098E+00   4.7004251824886066E-02  -2.1000000000000001E+00
      1370         1         1        11
   1.0765743635766098E+00   4.7004251824886066E-02  -2.0400000000000000E+00
      1371         1         1        11
   1.0765743635766098E+00   4.7004251824886066E-02  -1.9800000000000000E+00
      1372         1         1        11
   1.0765743635766098E+00   4.7004251824886066E-02  -1.9199999999999999E+00
      1373         1         1        11
   1.0765743635766098E+00   4.7004251824886066E-02  -1.8599999999999999E+00
      1374         1         1        11
   1.0765743635766098E+00   4.7004251824886066E-02  -1.8000000000000000E+00
      1375         1         1        11
   1.0765743635766098E+00   4.7004251824886066E-02  -1.7400000000000000E+00
      1376         1         1        11
   1.0254230946316187E+00   4.4770939191780851E-02  -2.2200000000000002E+00
      1377         1         1        11
   1.0254230946316187E+00   4.4770939191780851E-02  -2.1600000000000001E+00
      1378         1         1        11
   1.0254230946316187E+00   4.4770939191780851E-02  -2.1000000000000001E+00
      1379         1         1        11
   1.0254230946316187E+00   4.4770939191780851E-02  -2.0400000000000000E+00
      1380         1         1        11
   1.0254230946316187E+00   4.4770939191780851E-02  -1.9800000000000000E+00
      1381         1         1        11
   1.0254230946316187E+00   4.4770939191780851E-02  -1.9199999999999999E+00
      1382         1         1        11
   1.0254230946316187E+00   4.4770939191780851E-02  -1.8599999999999999E+00
      1383         1         1        11
   1.0254230946316187E+00   4.4770939191780851E-02  -1.8000000000000000E+00
      1384         1         1        11
   1.0254230946316187E+00   4.4770939191780851E-02  -1.7400000000000000E+00
      1385         1         1        11
   9.7427182568662785E-01   4.2537626558675670E-02  -2.2199999999999998E+00
      1386         1         1        11
   9.7427182568662785E-01   4.2537626558675670E-02  -2.1600000000000001E+00
      1387         1         1        11
   9.7427182568662785E-01   4.2537626558675670E-02  -2.1000000000000001E+00
      1388         1         1        11
   9.7427182568662785E-01   4.2537626558675670E-02  -2.0400000000000000E+00
      1389         1         1        11
   9.7427182568662785E-01   4.2537626558675670E-02  -1.9800000000000000E+00
      1390         1         1        11
   9.7427182568662785E-01   4.2537626558675670E-02  -1.9199999999999999E+00
      1391         1         1        11
   9.7427182568662785E-01   4.2537626558675670E-02  -1.8599999999999999E+00
      1392         1         1        11
   9.7427182568662785E-01   4.2537626558675670E-02  -1.8000000000000000E+00
      1393         1         1        11
   9.7427182568662785E-01   4.2537626558675670E-02  -1.7400000000000000E+00
      1394         1         1        11
   9.2312055674163662E-01   4.0304313925570455E-02  -2.2199999999999998E+00
      1395         1         1        11
   9.2312055674163662E-01   4.0304313925570455E-02  -2.1600000000000001E+00
      1396         1         1        11
   9.2312055674163662E-01   4.0304313925570455E-02  -2.1000000000000001E+00
      1397         1         1        11
   9.2312055674163662E-01   4.0304313925570455E-02  -2.0400000000000000E+00
      1398         1         1        11
   9.2312055674163662E-01   4.0304313925570455E-02  -1.9800000000000000E+00
      1399         1         1        11
   9.2312055674163662E-01   4.0304313925570455E-02  -1.9199999999999999E+00
      1400         1         1        11
   9.2312055674163662E-01   4.0304313925570455E-02  -1.8599999999999999E+00
      1401         1         1        11
   9.2312055674163662E-01   4.0304313925570455E-02  -1.8000000000000000E+00
      1402         1         1        11
   9.2312055674163662E-01   4.0304313925570455E-02  -1.7400000000000000E+00
      1403         1         1        11
   8.7196928779664562E-01   3.8071001292465254E-02  -2.2199999999999998E+00
      1404         1         1        11
   8.7196928779664562E-01   3.8071001292465254E-02  -2.1600000000000001E+00
      1405         1         1        11
   8.7196928779664562E-01   3.8071001292465254E-02  -2.1000000000000001E+00
      1406         1         1        11
   8.7196928779664562E-01   3.8071001292465254E-02  -2.0400000000000000E+00
      1407         1         1        11
   8.7196928779664562E-01   3.8071001292465254E-02  -1.9800000000000000E+00
      1408         1         1        11
   8.7196928779664562E-01   3.8071001292465254E-02  -1.9199999999999999E+00
      1409         1         1        11
   8.7196928779664562E-01   3.8071001292465254E-02  -1.8599999999999999E+00
      1410         1         1        11
   8.7196928779664551E-01   3.8071001292465260E-02  -1.8000000000000000E+00
      1411         1         1        11
   8.7196928779664551E-01   3.8071001292465260E-02  -1.7400000000000000E+00
      1412         1         1        11
   8.2081801885165451E-01   3.5837688659360066E-02  -2.2199999999999998E+00
      1413         1         1        11
   8.2081801885165440E-01   3.5837688659360052E-02  -2.1600000000000001E+00
      1414         1         1        11
   8.2081801885165440E-01   3.5837688659360052E-02  -2.1000000000000001E+00
      1415         1         1        11
   8.2081801885165440E-01   3.5837688659360052E-02  -2.0400000000000000E+00
      1416         1         1        11
   8.2081801885165440E-01   3.5837688659360052E-02  -1.9800000000000000E+00
      1417         1         1        11
   8.2081801885165440E-01   3.5837688659360052E-02  -1.9199999999999999E+00
      1418         1         1        11
   8.2081801885165440E-01   3.5837688659360052E-02  -1.8599999999999999E+00
      1419         1         1        11
   8.2081801885165440E-01   3.5837688659360052E-02  -1.8000000000000000E+00
      1420         1         1        11
   8.2081801885165440E-01   3.5837688659360052E-02  -1.7400000000000000E+00
      1421         1         1        11
   7.6966674990666328E-01   3.3604376026254858E-02  -2.2199999999999998E+00
      1422         1         1        11
   7.6966674990666328E-01   3.3604376026254858E-02  -2.1600000000000001E+00
      1423         1         1        11
   7.6966674990666317E-01   3.3604376026254851E-02  -2.1000000000000001E+00
      1424         1         1        11
   7.6966674990666317E-01   3.3604376026254851E-02  -2.0400000000000000E+00
      1425         1         1        11
   7.6966674990666317E-01   3.3604376026254851E-02  -1.9800000000000000E+00
      1426         1         1        11
   7.6966674990666328E-01   3.3604376026254858E-02  -1.9199999999999999E+00
      1427         1         1        11
   7.6966674990666328E-01   3.3604376026254858E-02  -1.8599999999999999E+00
      1428         1         1        11
   7.6966674990666317E-01   3.3604376026254851E-02  -1.8000000000000000E+00
      1429         1         1        11
   7.6966674990666317E-01   3.3604376026254851E-02  -1.7400000000000000E+00
      1430         1         1        11
   7.1851548096167217E-01   3.1371063393149642E-02  -2.2199999999999998E+00
      1431         1         1        11
   7.1851548096167217E-01   3.1371063393149642E-02  -2.1600000000000001E+00
      1432         1         1        11
   7.1851548096167217E-01   3.1371063393149642E-02  -2.1000000000000001E+00
      1433         1         1        11
   7.1851548096167217E-01   3.1371063393149642E-02  -2.0400000000000000E+00
      1434         1         1        11
   7.1851548096167217E-01   3.1371063393149642E-02  -1.9800000000000000E+00
      1435         1         1        11
   7.1851548096167206E-01   3.1371063393149649E-02  -1.9199999999999999E+00
      1436         1         1        11
   7.1851548096167206E-01   3.1371063393149649E-02  -1.8599999999999999E+00
      1437         1         1        11
   7.1851548096167206E-01   3.1371063393149649E-02  -1.8000000000000000E+00
      1438         1         1        11
   7.1851548096167217E-01   3.1371063393149642E-02  -1.7400000000000000E+00
      1439         1         1        11
   1.1277256325216012E+00   4.9237564457991267E-02  -1.5420000000000000E+00
      1440         1         1        11
   1.1277256325216010E+00   4.9237564457991267E-02  -1.4039999999999999E+00
      1441         1         1        11
   1.1277256325216012E+00   4.9237564457991267E-02  -1.2660000000000000E+00
      1442         1         1        11
   1.1277256325216012E+00   4.9237564457991267E-02  -1.1279999999999999E+00
      1443         1         1        11
   1.1277256325216012E+00   4.9237564457991267E-02  -9.8999999999999999E-01
      1444         1         1        11
   1.1277256325216012E+00   4.9237564457991267E-02  -8.5199999999999987E-01
      1445         1         1        11
   1.1277256325216010E+00   4.9237564457991267E-02  -7.1399999999999997E-01
      1446         1         1        11
   1.1277256325216012E+00   4.9237564457991267E-02  -5.7599999999999996E-01
      1447         1         1        11
   1.1277256325216012E+00   4.9237564457991267E-02  -4.3799999999999983E-01
      1448         1         1        11
   1.0765743635766098E+00   4.7004251824886066E-02  -1.5419999999999998E+00
      1449         1         1        11
   1.0765743635766098E+00   4.7004251824886066E-02  -1.4039999999999999E+00
      1450         1         1        11
   1.0765743635766098E+00   4.7004251824886066E-02  -1.2660000000000000E+00
      1451         1         1        11
   1.0765743635766098E+00   4.7004251824886066E-02  -1.1279999999999999E+00
      1452         1         1        11
   1.0765743635766098E+00   4.7004251824886066E-02  -9.8999999999999988E-01
      1453         1         1        11
   1.0765743635766098E+00   4.7004251824886066E-02  -8.5199999999999987E-01
      1454         1         1        11
   1.0765743635766098E+00   4.7004251824886066E-02  -7.1399999999999997E-01
      1455         1         1        11
   1.0765743635766098E+00   4.7004251824886066E-02  -5.7599999999999996E-01
      1456         1         1        11
   1.0765743635766098E+00   4.7004251824886066E-02  -4.3799999999999994E-01
      1457         1         1        11
   1.0254230946316187E+00   4.4770939191780851E-02  -1.5419999999999998E+00
      1458         1         1        11
   1.0254230946316187E+00   4.4770939191780851E-02  -1.4039999999999999E+00
      1459         1         1        11
   1.0254230946316187E+00   4.4770939191780851E-02  -1.2660000000000000E+00
      1460         1         1        11
   1.0254230946316187E+00   4.4770939191780851E-02  -1.1279999999999999E+00
      1461         1         1        11
   1.0254230946316187E+00   4.4770939191780851E-02  -9.8999999999999988E-01
      1462         1         1        11
   1.0254230946316187E+00   4.4770939191780851E-02  -8.5199999999999998E-01
      1463         1         1        11
   1.0254230946316187E+00   4.4770939191780851E-02  -7.1399999999999997E-01
      1464         1         1        11
   1.0254230946316187E+00   4.4770939191780851E-02  -5.7599999999999985E-01
      1465         1         1        11
   1.0254230946316187E+00   4.4770939191780851E-02  -4.3799999999999994E-01
      1466         1         1        11
   9.7427182568662785E-01   4.2537626558675670E-02  -1.5419999999999998E+00
      1467         1         1        11
   9.7427182568662785E-01   4.2537626558675670E-02  -1.4039999999999999E+00
      1468         1         1        11
   9.7427182568662785E-01   4.2537626558675670E-02  -1.2659999999999998E+00
      1469         1         1        11
   9.7427182568662785E-01   4.2537626558675670E-02  -1.1279999999999999E+00
      1470         1         1        11
   9.7427182568662785E-01   4.2537626558675670E-02  -9.8999999999999999E-01
      1471         1         1        11
   9.7427182568662785E-01   4.2537626558675670E-02  -8.5199999999999987E-01
      1472         1         1        11
   9.7427182568662785E-01   4.2537626558675670E-02  -7.1400000000000008E-01
      1473         1         1        11
   9.7427182568662785E-01   4.2537626558675670E-02  -5.7599999999999996E-01
      1474         1         1        11
   9.7427182568662785E-01   4.2537626558675670E-02  -4.3799999999999994E-01
      1475         1         1        11
   9.2312055674163662E-01   4.0304313925570455E-02  -1.5420000000000000E+00
      1476         1         1        11
   9.2312055674163662E-01   4.0304313925570455E-02  -1.4039999999999999E+00
      1477         1         1        11
   9.2312055674163662E-01   4.0304313925570455E-02  -1.2660000000000000E+00
      1478         1         1        11
   9.2312055674163662E-01   4.0304313925570455E-02  -1.1279999999999999E+00
      1479         1         1        11
   9.2312055674163662E-01   4.0304313925570455E-02  -9.8999999999999999E-01
      1480         1         1        11
   9.2312055674163662E-01   4.0304313925570455E-02  -8.5199999999999998E-01
      1481         1         1        11
   9.2312055674163662E-01   4.0304313925570455E-02  -7.1399999999999997E-01
      1482         1         1        11
   9.2312055674163662E-01   4.0304313925570455E-02  -5.7599999999999985E-01
      1483         1         1        11
   9.2312055674163662E-01   4.0304313925570455E-02  -4.3799999999999994E-01
      1484         1         1        11
   8.7196928779664562E-01   3.8071001292465254E-02  -1.5420000000000000E+00
      1485         1         1        11
   8.7196928779664562E-01   3.8071001292465254E-02  -1.4039999999999999E+00
      1486         1         1        11
   8.7196928779664562E-01   3.8071001292465254E-02  -1.2660000000000000E+00
      1487         1         1        11
   8.7196928779664562E-01   3.8071001292465254E-02  -1.1279999999999999E+00
      1488         1         1        11
   8.7196928779664562E-01   3.8071001292465254E-02  -9.8999999999999988E-01
      1489         1         1        11
   8.7196928779664562E-01   3.8071001292465254E-02  -8.5199999999999987E-01
      1490         1         1        11
   8.7196928779664562E-01   3.8071001292465254E-02  -7.1399999999999997E-01
      1491         1         1        11
   8.7196928779664551E-01   3.8071001292465260E-02  -5.7599999999999985E-01
      1492         1         1        11
   8.7196928779664562E-01   3.8071001292465254E-02  -4.3799999999999994E-01
      1493         1         1        11
   8.2081801885165451E-01   3.5837688659360066E-02  -1.5420000000000000E+00
      1494         1         1        11
   8.2081801885165440E-01   3.5837688659360052E-02  -1.4039999999999999E+00
      1495         1         1        11
   8.2081801885165440E-01   3.5837688659360052E-02  -1.2660000000000000E+00
      1496         1         1        11
   8.2081801885165440E-01   3.5837688659360052E-02  -1.1279999999999999E+00
      1497         1         1        11
   8.2081801885165440E-01   3.5837688659360052E-02  -9.8999999999999988E-01
      1498         1         1        11
   8.2081801885165440E-01   3.5837688659360052E-02  -8.5199999999999987E-01
      1499         1         1        11
   8.2081801885165440E-01   3.5837688659360052E-02  -7.1400000000000008E-01
      1500         1         1        11
   8.2081801885165440E-01   3.5837688659360052E-02  -5.7599999999999996E-01
      1501         1         1        11
   8.2081801885165440E-01   3.5837688659360052E-02  -4.3799999999999994E-01
      1502         1         1        11
   7.6966674990666328E-01   3.3604376026254858E-02  -1.5420000000000003E+00
      1503         1         1        11
   7.6966674990666328E-01   3.3604376026254858E-02  -1.4039999999999999E+00
      1504         1         1        11
   7.6966674990666317E-01   3.3604376026254851E-02  -1.2660000000000000E+00
      1505         1         1        11
   7.6966674990666328E-01   3.3604376026254858E-02  -1.1279999999999999E+00
      1506         1         1        11
   7.6966674990666317E-01   3.3604376026254851E-02  -9.8999999999999999E-01
      1507         1         1        11
   7.6966674990666328E-01   3.3604376026254858E-02  -8.5199999999999987E-01
      1508         1         1        11
   7.6966674990666317E-01   3.3604376026254851E-02  -7.1400000000000008E-01
      1509         1         1        11
   7.6966674990666317E-01   3.3604376026254851E-02  -5.7599999999999985E-01
      1510         1         1        11
   7.6966674990666317E-01   3.3604376026254851E-02  -4.3799999999999994E-01
      1511         1         1        11
   7.1851548096167217E-01   3.1371063393149642E-02  -1.5420000000000003E+00
      1512         1         1        11
   7.1851548096167217E-01   3.1371063393149642E-02  -1.4039999999999999E+00
      1513         1         1        11
   7.1851548096167217E-01   3.1371063393149642E-02  -1.2659999999999998E+00
      1514         1         1        11
   7.1851548096167217E-01   3.1371063393149642E-02  -1.1279999999999999E+00
      1515         1         1        11
   7.1851548096167217E-01   3.1371063393149642E-02  -9.8999999999999988E-01
      1516         1         1        11
   7.1851548096167206E-01   3.1371063393149649E-02  -8.5199999999999987E-01
      1517         1         1        11
   7.1851548096167206E-01   3.1371063393149649E-02  -7.1399999999999997E-01
      1518         1         1        11
   7.1851548096167217E-01   3.1371063393149642E-02  -5.7599999999999996E-01
      1519         1         1        11
   7.1851548096167206E-01   3.1371063393149649E-02  -4.3799999999999994E-01
      1520         1         1        11
   1.1277256325216012E+00   4.9237564457991267E-02  -2.3999999999999996E-01
      1521         1         1        11
   1.1277256325216012E+00   4.9237564457991267E-02  -1.8000000000000005E-01
      1522         1         1        11
   1.1277256325216012E+00   4.9237564457991267E-02  -1.1999999999999998E-01
      1523         1         1        11
   1.1277256325216012E+00   4.9237564457991267E-02  -5.9999999999999998E-02
      1524         1         1        11
   1.1277256325216012E+00   4.9237564457991267E-02   0.0000000000000000E+00
      1525         1         1        11
   1.1277256325216012E+00   4.9237564457991267E-02   5.9999999999999998E-02
      1526         1         1        11
   1.1277256325216010E+00   4.9237564457991267E-02   1.1999999999999997E-01
      1527         1         1        11
   1.1277256325216012E+00   4.9237564457991267E-02   1.7999999999999997E-01
      1528         1         1        11
   1.1277256325216012E+00   4.9237564457991267E-02   2.3999999999999991E-01
      1529         1         1        11
   1.0765743635766098E+00   4.7004251824886066E-02  -2.3999999999999996E-01
      1530         1         1        11
   1.0765743635766098E+00   4.7004251824886066E-02  -1.7999999999999997E-01
      1531         1         1        11
   1.0765743635766098E+00   4.7004251824886066E-02  -1.1999999999999998E-01
      1532         1         1        11
   1.0765743635766098E+00   4.7004251824886066E-02  -5.9999999999999998E-02
      1533         1         1        11
   1.0765743635766098E+00   4.7004251824886066E-02   0.0000000000000000E+00
      1534         1         1        11
   1.0765743635766098E+00   4.7004251824886066E-02   6.0000000000000012E-02
      1535         1         1        11
   1.0765743635766098E+00   4.7004251824886066E-02   1.2000000000000002E-01
      1536         1         1        11
   1.0765743635766098E+00   4.7004251824886066E-02   1.7999999999999997E-01
      1537         1         1        11
   1.0765743635766098E+00   4.7004251824886066E-02   2.3999999999999996E-01
      1538         1         1        11
   1.0254230946316187E+00   4.4770939191780851E-02  -2.4000000000000002E-01
      1539         1         1        11
   1.0254230946316187E+00   4.4770939191780851E-02  -1.7999999999999999E-01
      1540         1         1        11
   1.0254230946316187E+00   4.4770939191780851E-02  -1.2000000000000002E-01
      1541         1         1        11
   1.0254230946316187E+00   4.4770939191780851E-02  -6.0000000000000012E-02
      1542         1         1        11
   1.0254230946316187E+00   4.4770939191780851E-02   0.0000000000000000E+00
      1543         1         1        11
   1.0254230946316187E+00   4.4770939191780851E-02   5.9999999999999970E-02
      1544         1         1        11
   1.0254230946316187E+00   4.4770939191780851E-02   1.2000000000000002E-01
      1545         1         1        11
   1.0254230946316187E+00   4.4770939191780851E-02   1.7999999999999999E-01
      1546         1         1        11
   1.0254230946316187E+00   4.4770939191780851E-02   2.3999999999999999E-01
      1547         1         1        11
   9.7427182568662785E-01   4.2537626558675670E-02  -2.4000000000000005E-01
      1548         1         1        11
   9.7427182568662785E-01   4.2537626558675670E-02  -1.8000000000000005E-01
      1549         1         1        11
   9.7427182568662785E-01   4.2537626558675670E-02  -1.1999999999999998E-01
      1550         1         1        11
   9.7427182568662785E-01   4.2537626558675670E-02  -6.0000000000000026E-02
      1551         1         1        11
   9.7427182568662785E-01   4.2537626558675670E-02  -1.3877787807814457E-17
      1552         1         1        11
   9.7427182568662785E-01   4.2537626558675670E-02   5.9999999999999998E-02
      1553         1         1        11
   9.7427182568662785E-01   4.2537626558675670E-02   1.2000000000000000E-01
      1554         1         1        11
   9.7427182568662785E-01   4.2537626558675670E-02   1.7999999999999997E-01
      1555         1         1        11
   9.7427182568662785E-01   4.2537626558675670E-02   2.4000000000000002E-01
      1556         1         1        11
   9.2312055674163662E-01   4.0304313925570455E-02  -2.4000000000000005E-01
      1557         1         1        11
   9.2312055674163662E-01   4.0304313925570455E-02  -1.8000000000000005E-01
      1558         1         1        11
   9.2312055674163662E-01   4.0304313925570455E-02  -1.1999999999999998E-01
      1559         1         1        11
   9.2312055674163662E-01   4.0304313925570455E-02  -5.9999999999999998E-02
      1560         1         1        11
   9.2312055674163662E-01   4.0304313925570455E-02   0.0000000000000000E+00
      1561         1         1        11
   9.2312055674163662E-01   4.0304313925570455E-02   5.9999999999999998E-02
      1562         1         1        11
   9.2312055674163662E-01   4.0304313925570455E-02   1.2000000000000000E-01
      1563         1         1        11
   9.2312055674163662E-01   4.0304313925570455E-02   1.7999999999999999E-01
      1564         1         1        11
   9.2312055674163662E-01   4.0304313925570455E-02   2.3999999999999999E-01
      1565         1         1        11
   8.7196928779664562E-01   3.8071001292465254E-02  -2.3999999999999994E-01
      1566         1         1        11
   8.7196928779664562E-01   3.8071001292465254E-02  -1.7999999999999999E-01
      1567         1         1        11
   8.7196928779664562E-01   3.8071001292465254E-02  -1.2000000000000002E-01
      1568         1         1        11
   8.7196928779664562E-01   3.8071001292465254E-02  -6.0000000000000005E-02
      1569         1         1        11
   8.7196928779664562E-01   3.8071001292465254E-02   0.0000000000000000E+00
      1570         1         1        11
   8.7196928779664562E-01   3.8071001292465254E-02   5.9999999999999998E-02
      1571         1         1        11
   8.7196928779664562E-01   3.8071001292465254E-02   1.1999999999999997E-01
      1572         1         1        11
   8.7196928779664551E-01   3.8071001292465260E-02   1.7999999999999999E-01
      1573         1         1        11
   8.7196928779664551E-01   3.8071001292465260E-02   2.3999999999999994E-01
      1574         1         1        11
   8.2081801885165451E-01   3.5837688659360066E-02  -2.3999999999999991E-01
      1575         1         1        11
   8.2081801885165440E-01   3.5837688659360052E-02  -1.7999999999999999E-01
      1576         1         1        11
   8.2081801885165440E-01   3.5837688659360052E-02  -1.2000000000000002E-01
      1577         1         1        11
   8.2081801885165440E-01   3.5837688659360052E-02  -5.9999999999999998E-02
      1578         1         1        11
   8.2081801885165440E-01   3.5837688659360052E-02  -6.9388939039072284E-18
      1579         1         1        11
   8.2081801885165440E-01   3.5837688659360052E-02   6.0000000000000005E-02
      1580         1         1        11
   8.2081801885165440E-01   3.5837688659360052E-02   1.2000000000000000E-01
      1581         1         1        11
   8.2081801885165440E-01   3.5837688659360052E-02   1.7999999999999999E-01
      1582         1         1        11
   8.2081801885165440E-01   3.5837688659360052E-02   2.3999999999999994E-01
      1583         1         1        11
   7.6966674990666328E-01   3.3604376026254858E-02  -2.4000000000000002E-01
      1584         1         1        11
   7.6966674990666328E-01   3.3604376026254858E-02  -1.7999999999999999E-01
      1585         1         1        11
   7.6966674990666317E-01   3.3604376026254851E-02  -1.1999999999999995E-01
      1586         1         1        11
   7.6966674990666317E-01   3.3604376026254851E-02  -6.0000000000000039E-02
      1587         1         1        11
   7.6966674990666317E-01   3.3604376026254851E-02   3.4694469519536142E-18
      1588         1         1        11
   7.6966674990666328E-01   3.3604376026254858E-02   6.0000000000000019E-02
      1589         1         1        11
   7.6966674990666328E-01   3.3604376026254858E-02   1.2000000000000002E-01
      1590         1         1        11
   7.6966674990666317E-01   3.3604376026254851E-02   1.7999999999999997E-01
      1591         1         1        11
   7.6966674990666317E-01   3.3604376026254851E-02   2.4000000000000002E-01
      1592         1         1        11
   7.1851548096167217E-01   3.1371063393149642E-02  -2.4000000000000002E-01
      1593         1         1        11
   7.1851548096167217E-01   3.1371063393149642E-02  -1.7999999999999999E-01
      1594         1         1        11
   7.1851548096167217E-01   3.1371063393149642E-02  -1.2000000000000000E-01
      1595         1         1        11
   7.1851548096167217E-01   3.1371063393149642E-02  -6.0000000000000012E-02
      1596         1         1        11
   7.1851548096167217E-01   3.1371063393149642E-02   0.0000000000000000E+00
      1597         1         1        11
   7.1851548096167206E-01   3.1371063393149649E-02   5.9999999999999998E-02
      1598         1         1        11
   7.1851548096167206E-01   3.1371063393149649E-02   1.2000000000000000E-01
      1599         1         1        11
   7.1851548096167206E-01   3.1371063393149649E-02   1.7999999999999997E-01
      1600         1         1        11
   7.1851548096167217E-01   3.1371063393149642E-02   2.3999999999999999E-01
      1601         1         1        11
   1.1277256325216012E+00   4.9237564457991267E-02   3.3000000000000002E-01
      1602         1         1        11
   1.1277256325216012E+00   4.9237564457991267E-02   3.5999999999999993E-01
      1603         1         1        11
   1.1277256325216012E+00   4.9237564457991267E-02   3.8999999999999996E-01
      1604         1         1        11
   1.1277256325216012E+00   4.9237564457991267E-02   4.1999999999999993E-01
      1605         1         1        11
   1.1277256325216012E+00   4.9237564457991267E-02   4.4999999999999996E-01
      1606         1         1        11
   1.1277256325216012E+00   4.9237564457991267E-02   4.7999999999999993E-01
      1607         1         1        11
   1.1277256325216010E+00   4.9237564457991267E-02   5.1000000000000001E-01
      1608         1         1        11
   1.1277256325216012E+00   4.9237564457991267E-02   5.3999999999999992E-01
      1609         1         1        11
   1.1277256325216012E+00   4.9237564457991267E-02   5.6999999999999995E-01
      1610         1         1        11
   1.0765743635766098E+00   4.7004251824886066E-02   3.2999999999999996E-01
      1611         1         1        11
   1.0765743635766098E+00   4.7004251824886066E-02   3.5999999999999993E-01
      1612         1         1        11
   1.0765743635766098E+00   4.7004251824886066E-02   3.8999999999999996E-01
      1613         1         1        11
   1.0765743635766098E+00   4.7004251824886066E-02   4.1999999999999993E-01
      1614         1         1        11
   1.0765743635766098E+00   4.7004251824886066E-02   4.4999999999999996E-01
      1615         1         1        11
   1.0765743635766098E+00   4.7004251824886066E-02   4.7999999999999998E-01
      1616         1         1        11
   1.0765743635766098E+00   4.7004251824886066E-02   5.1000000000000001E-01
      1617         1         1        11
   1.0765743635766098E+00   4.7004251824886066E-02   5.3999999999999992E-01
      1618         1         1        11
   1.0765743635766098E+00   4.7004251824886066E-02   5.6999999999999995E-01
      1619         1         1        11
   1.0254230946316187E+00   4.4770939191780851E-02   3.2999999999999996E-01
      1620         1         1        11
   1.0254230946316187E+00   4.4770939191780851E-02   3.5999999999999993E-01
      1621         1         1        11
   1.0254230946316187E+00   4.4770939191780851E-02   3.8999999999999996E-01
      1622         1         1        11
   1.0254230946316187E+00   4.4770939191780851E-02   4.1999999999999998E-01
      1623         1         1        11
   1.0254230946316187E+00   4.4770939191780851E-02   4.4999999999999996E-01
      1624         1         1        11
   1.0254230946316187E+00   4.4770939191780851E-02   4.7999999999999993E-01
      1625         1         1        11
   1.0254230946316187E+00   4.4770939191780851E-02   5.1000000000000001E-01
      1626         1         1        11
   1.0254230946316187E+00   4.4770939191780851E-02   5.3999999999999992E-01
      1627         1         1        11
   1.0254230946316187E+00   4.4770939191780851E-02   5.6999999999999995E-01
      1628         1         1        11
   9.7427182568662785E-01   4.2537626558675670E-02   3.2999999999999996E-01
      1629         1         1        11
   9.7427182568662785E-01   4.2537626558675670E-02   3.5999999999999993E-01
      1630         1         1        11
   9.7427182568662785E-01   4.2537626558675670E-02   3.8999999999999996E-01
      1631         1         1        11
   9.7427182568662785E-01   4.2537626558675670E-02   4.1999999999999993E-01
      1632         1         1        11
   9.7427182568662785E-01   4.2537626558675670E-02   4.4999999999999996E-01
      1633         1         1        11
   9.7427182568662785E-01   4.2537626558675670E-02   4.7999999999999998E-01
      1634         1         1        11
   9.7427182568662785E-01   4.2537626558675670E-02   5.1000000000000001E-01
      1635         1         1        11
   9.7427182568662785E-01   4.2537626558675670E-02   5.3999999999999992E-01
      1636         1         1        11
   9.7427182568662785E-01   4.2537626558675670E-02   5.6999999999999995E-01
      1637         1         1        11
   9.2312055674163662E-01   4.0304313925570455E-02   3.2999999999999996E-01
      1638         1         1        11
   9.2312055674163662E-01   4.0304313925570455E-02   3.5999999999999993E-01
      1639         1         1        11
   9.2312055674163662E-01   4.0304313925570455E-02   3.8999999999999996E-01
      1640         1         1        11
   9.2312055674163662E-01   4.0304313925570455E-02   4.1999999999999993E-01
      1641         1         1        11
   9.2312055674163662E-01   4.0304313925570455E-02   4.4999999999999996E-01
      1642         1         1        11
   9.2312055674163662E-01   4.0304313925570455E-02   4.7999999999999998E-01
      1643         1         1        11
   9.2312055674163662E-01   4.0304313925570455E-02   5.1000000000000001E-01
      1644         1         1        11
   9.2312055674163662E-01   4.0304313925570455E-02   5.3999999999999992E-01
      1645         1         1        11
   9.2312055674163662E-01   4.0304313925570455E-02   5.6999999999999995E-01
      1646         1         1        11
   8.7196928779664562E-01   3.8071001292465254E-02   3.2999999999999996E-01
      1647         1         1        11
   8.7196928779664562E-01   3.8071001292465254E-02   3.5999999999999993E-01
      1648         1         1        11
   8.7196928779664562E-01   3.8071001292465254E-02   3.8999999999999996E-01
      1649         1         1        11
   8.7196928779664562E-01   3.8071001292465254E-02   4.1999999999999993E-01
      1650         1         1        11
   8.7196928779664562E-01   3.8071001292465254E-02   4.4999999999999996E-01
      1651         1         1        11
   8.7196928779664562E-01   3.8071001292465254E-02   4.7999999999999993E-01
      1652         1         1        11
   8.7196928779664562E-01   3.8071001292465254E-02   5.1000000000000001E-01
      1653         1         1        11
   8.7196928779664551E-01   3.8071001292465260E-02   5.3999999999999992E-01
      1654         1         1        11
   8.7196928779664551E-01   3.8071001292465260E-02   5.6999999999999995E-01
      1655         1         1        11
   8.2081801885165451E-01   3.5837688659360066E-02   3.3000000000000002E-01
      1656         1         1        11
   8.2081801885165440E-01   3.5837688659360052E-02   3.5999999999999993E-01
      1657         1         1        11
   8.2081801885165440E-01   3.5837688659360052E-02   3.8999999999999996E-01
      1658         1         1        11
   8.2081801885165440E-01   3.5837688659360052E-02   4.1999999999999993E-01
      1659         1         1        11
   8.2081801885165440E-01   3.5837688659360052E-02   4.4999999999999996E-01
      1660         1         1        11
   8.2081801885165440E-01   3.5837688659360052E-02   4.7999999999999993E-01
      1661         1         1        11
   8.2081801885165440E-01   3.5837688659360052E-02   5.1000000000000001E-01
      1662         1         1        11
   8.2081801885165440E-01   3.5837688659360052E-02   5.3999999999999992E-01
      1663         1         1        11
   8.2081801885165440E-01   3.5837688659360052E-02   5.6999999999999995E-01
      1664         1         1        11
   7.6966674990666328E-01   3.3604376026254858E-02   3.2999999999999996E-01
      1665         1         1        11
   7.6966674990666328E-01   3.3604376026254858E-02   3.5999999999999993E-01
      1666         1         1        11
   7.6966674990666317E-01   3.3604376026254851E-02   3.8999999999999996E-01
      1667         1         1        11
   7.6966674990666317E-01   3.3604376026254851E-02   4.1999999999999993E-01
      1668         1         1        11
   7.6966674990666317E-01   3.3604376026254851E-02   4.4999999999999996E-01
      1669         1         1        11
   7.6966674990666328E-01   3.3604376026254858E-02   4.7999999999999998E-01
      1670         1         1        11
   7.6966674990666328E-01   3.3604376026254858E-02   5.1000000000000001E-01
      1671         1         1        11
   7.6966674990666317E-01   3.3604376026254851E-02   5.3999999999999992E-01
      1672         1         1        11
   7.6966674990666317E-01   3.3604376026254851E-02   5.6999999999999995E-01
      1673         1         1        11
   7.1851548096167217E-01   3.1371063393149642E-02   3.2999999999999996E-01
      1674         1         1        11
   7.1851548096167217E-01   3.1371063393149642E-02   3.5999999999999999E-01
      1675         1         1        11
   7.1851548096167217E-01   3.1371063393149642E-02   3.8999999999999996E-01
      1676         1         1        11
   7.1851548096167217E-01   3.1371063393149642E-02   4.1999999999999993E-01
      1677         1         1        11
   7.1851548096167217E-01   3.1371063393149642E-02   4.4999999999999996E-01
      1678         1         1        11
   7.1851548096167206E-01   3.1371063393149649E-02   4.7999999999999998E-01
      1679         1         1        11
   7.1851548096167206E-01   3.1371063393149649E-02   5.1000000000000001E-01
      1680         1         1        11
   7.1851548096167206E-01   3.1371063393149649E-02   5.3999999999999992E-01
      1681         1         1        11
   7.1851548096167217E-01   3.1371063393149642E-02   5.6999999999999995E-01
    -1
    -1
  2412
         1        11         2         1         7         2
         0         1         1
         1        16
         2        11         2         1         7         2
         0         1         1
        16        17
         3        11         2         1         7         2
         0         1         1
        17        18
         4        11         2         1         7         2
         0         1         1
        18        19
         5        11         2         1         7         2
         0         1         1
        19        20
         6        11         2         1         7         2
         0         1         1
        20        21
         7        11         2         1         7         2
         0         1         1
        21        22
         8        11         2         1         7         2
         0         1         1
        22        23
         9        11         2         1         7         2
         0         1         1
        23        24
        10        11         2         1         7         2
         0         1         1
        24         2
        11        11         2         1         7         2
         0         1         1
         1        25
        12        11         2         1         7         2
         0         1         1
        25        26
        13        11         2         1         7         2
         0         1         1
        26        27
        14        11         2         1         7         2
         0         1         1
        27        28
        15        11         2         1         7         2
         0         1         1
        28        29
        16        11         2         1         7         2
         0         1         1
        29        30
        17        11         2         1         7         2
         0         1         1
        30        31
        18        11         2         1         7         2
         0         1         1
        31        32
        19        11         2         1         7         2
         0         1         1
        32        33
        20        11         2         1         7         2
         0         1         1
        33         3
        21        11         2         1         7         2
         0         1         1
         3        34
        22        11         2         1         7         2
         0         1         1
        34        35
        23        11         2         1         7         2
         0         1         1
        35        36
        24        11         2         1         7         2
         0         1         1
        36        37
        25        11         2         1         7         2
         0         1         1
        37        38
        26        11         2         1         7         2
         0         1         1
        38        39
        27        11         2         1         7         2
         0         1         1
        39        40
        28        11         2         1         7         2
         0         1         1
        40        41
        29        11         2         1         7         2
         0         1         1
        41        42
        30        11         2         1         7         2
         0         1         1
        42         4
        31        11         2         1         7         2
         0         1         1
         2        43
        32        11         2         1         7         2
         0         1         1
        43        44
        33        11         2         1         7         2
         0         1         1
        44        45
        34        11         2         1         7         2
         0         1         1
        45        46
        35        11         2         1         7         2
         0         1         1
        46        47
        36        11         2         1         7         2
         0         1         1
        47        48
        37        11         2         1         7         2
         0         1         1
        48        49
        38        11         2         1         7         2
         0         1         1
        49        50
        39        11         2         1         7         2
         0         1         1
        50        51
        40        11         2         1         7         2
         0         1         1
        51         4
        41        11         2         1         7         2
         0         1         1
         3        52
        42        11         2         1         7         2
         0         1         1
        52        53
        43        11         2         1         7         2
         0         1         1
        53        54
        44        11         2         1         7         2
         0         1         1
        54        55
        45        11         2         1         7         2
         0         1         1
        55        56
        46        11         2         1         7         2
         0         1         1
        56        57
        47        11         2         1         7         2
         0         1         1
        57        58
        48        11         2         1         7         2
         0         1         1
        58        59
        49        11         2         1         7         2
         0         1         1
        59        60
        50        11         2         1         7         2
         0         1         1
        60         5
        51        11         2         1         7         2
         0         1         1
         5        61
        52        11         2         1         7         2
         0         1         1
        61        62
        53        11         2         1         7         2
         0         1         1
        62        63
        54        11         2         1         7         2
         0         1         1
        63        64
        55        11         2         1         7         2
         0         1         1
        64        65
        56        11         2         1         7         2
         0         1         1
        65        66
        57        11         2         1         7         2
         0         1         1
        66        67
        58        11         2         1         7         2
         0         1         1
        67        68
        59        11         2         1         7         2
         0         1         1
        68        69
        60        11         2         1         7         2
         0         1         1
        69         6
        61        11         2         1         7         2
         0         1         1
         4        70
        62        11         2         1         7         2
         0         1         1
        70        71
        63        11         2         1         7         2
         0         1         1
        71        72
        64        11         2         1         7         2
         0         1         1
        72        73
        65        11         2         1         7         2
         0         1         1
        73        74
        66        11         2         1         7         2
         0         1         1
        74        75
        67        11         2         1         7         2
         0         1         1
        75        76
        68        11         2         1         7         2
         0         1         1
        76        77
        69        11         2         1         7         2
         0         1         1
        77        78
        70        11         2         1         7         2
         0         1         1
        78         6
        71        11         2         1         7         2
         0         1         1
         5        79
        72        11         2         1         7         2
         0         1         1
        79        80
        73        11         2         1         7         2
         0         1         1
        80        81
        74        11         2         1         7         2
         0         1         1
        81        82
        75        11         2         1         7         2
         0         1         1
        82        83
        76        11         2         1         7         2
         0         1         1
        83        84
        77        11         2         1         7         2
         0         1         1
        84        85
        78        11         2         1         7         2
         0         1         1
        85        86
        79        11         2         1         7         2
         0         1         1
        86        87
        80        11         2         1         7         2
         0         1         1
        87         7
        81        11         2         1         7         2
         0         1         1
         7        88
        82        11         2         1         7         2
         0         1         1
        88        89
        83        11         2         1         7         2
         0         1         1
        89        90
        84        11         2         1         7         2
         0         1         1
        90        91
        85        11         2         1         7         2
         0         1         1
        91        92
        86        11         2         1         7         2
         0         1         1
        92        93
        87        11         2         1         7         2
         0         1         1
        93        94
        88        11         2         1         7         2
         0         1         1
        94        95
        89        11         2         1         7         2
         0         1         1
        95        96
        90        11         2         1         7         2
         0         1         1
        96         8
        91        11         2         1         7         2
         0         1         1
         6        97
        92        11         2         1         7         2
         0         1         1
        97        98
        93        11         2         1         7         2
         0         1         1
        98        99
        94        11         2         1         7         2
         0         1         1
        99       100
        95        11         2         1         7         2
         0         1         1
       100       101
        96        11         2         1         7         2
         0         1         1
       101       102
        97        11         2         1         7         2
         0         1         1
       102       103
        98        11         2         1         7         2
         0         1         1
       103       104
        99        11         2         1         7         2
         0         1         1
       104       105
       100        11         2         1         7         2
         0         1         1
       105         8
       101        11         2         1         7         2
         0         1         1
         7       106
       102        11         2         1         7         2
         0         1         1
       106       107
       103        11         2         1         7         2
         0         1         1
       107       108
       104        11         2         1         7         2
         0         1         1
       108       109
       105        11         2         1         7         2
         0         1         1
       109       110
       106        11         2         1         7         2
         0         1         1
       110       111
       107        11         2         1         7         2
         0         1         1
       111       112
       108        11         2         1         7         2
         0         1         1
       112       113
       109        11         2         1         7         2
         0         1         1
       113       114
       110        11         2         1         7         2
         0         1         1
       114         9
       111        11         2         1         7         2
         0         1         1
         9       115
       112        11         2         1         7         2
         0         1         1
       115       116
       113        11         2         1         7         2
         0         1         1
       116       117
       114        11         2         1         7         2
         0         1         1
       117       118
       115        11         2         1         7         2
         0         1         1
       118       119
       116        11         2         1         7         2
         0         1         1
       119       120
       117        11         2         1         7         2
         0         1         1
       120       121
       118        11         2         1         7         2
         0         1         1
       121       122
       119        11         2         1         7         2
         0         1         1
       122       123
       120        11         2         1         7         2
         0         1         1
       123        10
       121        11         2         1         7         2
         0         1         1
         8       124
       122        11         2         1         7         2
         0         1         1
       124       125
       123        11         2         1         7         2
         0         1         1
       125       126
       124        11         2         1         7         2
         0         1         1
       126       127
       125        11         2         1         7         2
         0         1         1
       127       128
       126        11         2         1         7         2
         0         1         1
       128       129
       127        11         2         1         7         2
         0         1         1
       129       130
       128        11         2         1         7         2
         0         1         1
       130       131
       129        11         2         1         7         2
         0         1         1
       131       132
       130        11         2         1         7         2
         0         1         1
       132        10
       131        11         2         1         7         2
         0         1         1
         2       133
       132        11         2         1         7         2
         0         1         1
       133       134
       133        11         2         1         7         2
         0         1         1
       134       135
       134        11         2         1         7         2
         0         1         1
       135       136
       135        11         2         1         7         2
         0         1         1
       136       137
       136        11         2         1         7         2
         0         1         1
       137       138
       137        11         2         1         7         2
         0         1         1
       138       139
       138        11         2         1         7         2
         0         1         1
       139       140
       139        11         2         1         7         2
         0         1         1
       140       141
       140        11         2         1         7         2
         0         1         1
       141        11
       141        11         2         1         7         2
         0         1         1
         4       142
       142        11         2         1         7         2
         0         1         1
       142       143
       143        11         2         1         7         2
         0         1         1
       143       144
       144        11         2         1         7         2
         0         1         1
       144       145
       145        11         2         1         7         2
         0         1         1
       145       146
       146        11         2         1         7         2
         0         1         1
       146       147
       147        11         2         1         7         2
         0         1         1
       147       148
       148        11         2         1         7         2
         0         1         1
       148       149
       149        11         2         1         7         2
         0         1         1
       149       150
       150        11         2         1         7         2
         0         1         1
       150        12
       151        11         2         1         7         2
         0         1         1
        11       151
       152        11         2         1         7         2
         0         1         1
       151       152
       153        11         2         1         7         2
         0         1         1
       152       153
       154        11         2         1         7         2
         0         1         1
       153       154
       155        11         2         1         7         2
         0         1         1
       154       155
       156        11         2         1         7         2
         0         1         1
       155       156
       157        11         2         1         7         2
         0         1         1
       156       157
       158        11         2         1         7         2
         0         1         1
       157       158
       159        11         2         1         7         2
         0         1         1
       158       159
       160        11         2         1         7         2
         0         1         1
       159        12
       161        11         2         1         7         2
         0         1         1
         6       160
       162        11         2         1         7         2
         0         1         1
       160       161
       163        11         2         1         7         2
         0         1         1
       161       162
       164        11         2         1         7         2
         0         1         1
       162       163
       165        11         2         1         7         2
         0         1         1
       163       164
       166        11         2         1         7         2
         0         1         1
       164       165
       167        11         2         1         7         2
         0         1         1
       165       166
       168        11         2         1         7         2
         0         1         1
       166       167
       169        11         2         1         7         2
         0         1         1
       167       168
       170        11         2         1         7         2
         0         1         1
       168        13
       171        11         2         1         7         2
         0         1         1
        12       169
       172        11         2         1         7         2
         0         1         1
       169       170
       173        11         2         1         7         2
         0         1         1
       170       171
       174        11         2         1         7         2
         0         1         1
       171       172
       175        11         2         1         7         2
         0         1         1
       172       173
       176        11         2         1         7         2
         0         1         1
       173       174
       177        11         2         1         7         2
         0         1         1
       174       175
       178        11         2         1         7         2
         0         1         1
       175       176
       179        11         2         1         7         2
         0         1         1
       176       177
       180        11         2         1         7         2
         0         1         1
       177        13
       181        11         2         1         7         2
         0         1         1
         8       178
       182        11         2         1         7         2
         0         1         1
       178       179
       183        11         2         1         7         2
         0         1         1
       179       180
       184        11         2         1         7         2
         0         1         1
       180       181
       185        11         2         1         7         2
         0         1         1
       181       182
       186        11         2         1         7         2
         0         1         1
       182       183
       187        11         2         1         7         2
         0         1         1
       183       184
       188        11         2         1         7         2
         0         1         1
       184       185
       189        11         2         1         7         2
         0         1         1
       185       186
       190        11         2         1         7         2
         0         1         1
       186        14
       191        11         2         1         7         2
         0         1         1
        13       187
       192        11         2         1         7         2
         0         1         1
       187       188
       193        11         2         1         7         2
         0         1         1
       188       189
       194        11         2         1         7         2
         0         1         1
       189       190
       195        11         2         1         7         2
         0         1         1
       190       191
       196        11         2         1         7         2
         0         1         1
       191       192
       197        11         2         1         7         2
         0         1         1
       192       193
       198        11         2         1         7         2
         0         1         1
       193       194
       199        11         2         1         7         2
         0         1         1
       194       195
       200        11         2         1         7         2
         0         1         1
       195        14
       201        11         2         1         7         2
         0         1         1
        10       196
       202        11         2         1         7         2
         0         1         1
       196       197
       203        11         2         1         7         2
         0         1         1
       197       198
       204        11         2         1         7         2
         0         1         1
       198       199
       205        11         2         1         7         2
         0         1         1
       199       200
       206        11         2         1         7         2
         0         1         1
       200       201
       207        11         2         1         7         2
         0         1         1
       201       202
       208        11         2         1         7         2
         0         1         1
       202       203
       209        11         2         1         7         2
         0         1         1
       203       204
       210        11         2         1         7         2
         0         1         1
       204        15
       211        11         2         1         7         2
         0         1         1
        14       205
       212        11         2         1         7         2
         0         1         1
       205       206
       213        11         2         1         7         2
         0         1         1
       206       207
       214        11         2         1         7         2
         0         1         1
       207       208
       215        11         2         1         7         2
         0         1         1
       208       209
       216        11         2         1         7         2
         0         1         1
       209       210
       217        11         2         1         7         2
         0         1         1
       210       211
       218        11         2         1         7         2
         0         1         1
       211       212
       219        11         2         1         7         2
         0         1         1
       212       213
       220        11         2         1         7         2
         0         1         1
       213        15
      2001        11         2         1         7         2
         0         1         1
         2       871
      2002        11         2         1         7         2
         0         1         1
         4       881
      2003        11         2         1         7         2
         0         1         1
         6       900
      2004        11         2         1         7         2
         0         1         1
         8       919
      2005        11         2         1         7         2
         0         1         1
        10       938
      2006        11         2         1         7         2
         0         1         1
        11       957
      2007        11         2         1         7         2
         0         1         1
        12       967
      2008        11         2         1         7         2
         0         1         1
        13       986
      2009        11         2         1         7         2
         0         1         1
        14      1005
      2010        11         2         1         7         2
         0         1         1
        15      1024
      2011        11         2         1         7         2
         0         1         1
        16       862
      2012        11         2         1         7         2
         0         1         1
        17       863
      2013        11         2         1         7         2
         0         1         1
        18       864
      2014        11         2         1         7         2
         0         1         1
        19       865
      2015        11         2         1         7         2
         0         1         1
        20       866
      2016        11         2         1         7         2
         0         1         1
        21       867
      2017        11         2         1         7         2
         0         1         1
        22       868
      2018        11         2         1         7         2
         0         1         1
        23       869
      2019        11         2         1         7         2
         0         1         1
        24       870
      2020        11         2         1         7         2
         0         1         1
        34       872
      2021        11         2         1         7         2
         0         1         1
        35       873
      2022        11         2         1         7         2
         0         1         1
        36       874
      2023        11         2         1         7         2
         0         1         1
        37       875
      2024        11         2         1         7         2
         0         1         1
        38       876
      2025        11         2         1         7         2
         0         1         1
        39       877
      2026        11         2         1         7         2
         0         1         1
        40       878
      2027        11         2         1         7         2
         0         1         1
        41       879
      2028        11         2         1         7         2
         0         1         1
        42       880
      2029        11         2         1         7         2
         0         1         1
        43       882
      2030        11         2         1         7         2
         0         1         1
        44       883
      2031        11         2         1         7         2
         0         1         1
        45       884
      2032        11         2         1         7         2
         0         1         1
        46       885
      2033        11         2         1         7         2
         0         1         1
        47       886
      2034        11         2         1         7         2
         0         1         1
        48       887
      2035        11         2         1         7         2
         0         1         1
        49       888
      2036        11         2         1         7         2
         0         1         1
        50       889
      2037        11         2         1         7         2
         0         1         1
        51       890
      2038        11         2         1         7         2
         0         1         1
        61       891
      2039        11         2         1         7         2
         0         1         1
        62       892
      2040        11         2         1         7         2
         0         1         1
        63       893
      2041        11         2         1         7         2
         0         1         1
        64       894
      2042        11         2         1         7         2
         0         1         1
        65       895
      2043        11         2         1         7         2
         0         1         1
        66       896
      2044        11         2         1         7         2
         0         1         1
        67       897
      2045        11         2         1         7         2
         0         1         1
        68       898
      2046        11         2         1         7         2
         0         1         1
        69       899
      2047        11         2         1         7         2
         0         1         1
        70       901
      2048        11         2         1         7         2
         0         1         1
        71       902
      2049        11         2         1         7         2
         0         1         1
        72       903
      2050        11         2         1         7         2
         0         1         1
        73       904
      2051        11         2         1         7         2
         0         1         1
        74       905
      2052        11         2         1         7         2
         0         1         1
        75       906
      2053        11         2         1         7         2
         0         1         1
        76       907
      2054        11         2         1         7         2
         0         1         1
        77       908
      2055        11         2         1         7         2
         0         1         1
        78       909
      2056        11         2         1         7         2
         0         1         1
        88       910
      2057        11         2         1         7         2
         0         1         1
        89       911
      2058        11         2         1         7         2
         0         1         1
        90       912
      2059        11         2         1         7         2
         0         1         1
        91       913
      2060        11         2         1         7         2
         0         1         1
        92       914
      2061        11         2         1         7         2
         0         1         1
        93       915
      2062        11         2         1         7         2
         0         1         1
        94       916
      2063        11         2         1         7         2
         0         1         1
        95       917
      2064        11         2         1         7         2
         0         1         1
        96       918
      2065        11         2         1         7         2
         0         1         1
        97       920
      2066        11         2         1         7         2
         0         1         1
        98       921
      2067        11         2         1         7         2
         0         1         1
        99       922
      2068        11         2         1         7         2
         0         1         1
       100       923
      2069        11         2         1         7         2
         0         1         1
       101       924
      2070        11         2         1         7         2
         0         1         1
       102       925
      2071        11         2         1         7         2
         0         1         1
       103       926
      2072        11         2         1         7         2
         0         1         1
       104       927
      2073        11         2         1         7         2
         0         1         1
       105       928
      2074        11         2         1         7         2
         0         1         1
       115       929
      2075        11         2         1         7         2
         0         1         1
       116       930
      2076        11         2         1         7         2
         0         1         1
       117       931
      2077        11         2         1         7         2
         0         1         1
       118       932
      2078        11         2         1         7         2
         0         1         1
       119       933
      2079        11         2         1         7         2
         0         1         1
       120       934
      2080        11         2         1         7         2
         0         1         1
       121       935
      2081        11         2         1         7         2
         0         1         1
       122       936
      2082        11         2         1         7         2
         0         1         1
       123       937
      2083        11         2         1         7         2
         0         1         1
       124       939
      2084        11         2         1         7         2
         0         1         1
       125       940
      2085        11         2         1         7         2
         0         1         1
       126       941
      2086        11         2         1         7         2
         0         1         1
       127       942
      2087        11         2         1         7         2
         0         1         1
       128       943
      2088        11         2         1         7         2
         0         1         1
       129       944
      2089        11         2         1         7         2
         0         1         1
       130       945
      2090        11         2         1         7         2
         0         1         1
       131       946
      2091        11         2         1         7         2
         0         1         1
       132       947
      2092        11         2         1         7         2
         0         1         1
       133       948
      2093        11         2         1         7         2
         0         1         1
       134       949
      2094        11         2         1         7         2
         0         1         1
       135       950
      2095        11         2         1         7         2
         0         1         1
       136       951
      2096        11         2         1         7         2
         0         1         1
       137       952
      2097        11         2         1         7         2
         0         1         1
       138       953
      2098        11         2         1         7         2
         0         1         1
       139       954
      2099        11         2         1         7         2
         0         1         1
       140       955
      2100        11         2         1         7         2
         0         1         1
       141       956
      2101        11         2         1         7         2
         0         1         1
       142       958
      2102        11         2         1         7         2
         0         1         1
       143       959
      2103        11         2         1         7         2
         0         1         1
       144       960
      2104        11         2         1         7         2
         0         1         1
       145       961
      2105        11         2         1         7         2
         0         1         1
       146       962
      2106        11         2         1         7         2
         0         1         1
       147       963
      2107        11         2         1         7         2
         0         1         1
       148       964
      2108        11         2         1         7         2
         0         1         1
       149       965
      2109        11         2         1         7         2
         0         1         1
       150       966
      2110        11         2         1         7         2
         0         1         1
       151       968
      2111        11         2         1         7         2
         0         1         1
       152       969
      2112        11         2         1         7         2
         0         1         1
       153       970
      2113        11         2         1         7         2
         0         1         1
       154       971
      2114        11         2         1         7         2
         0         1         1
       155       972
      2115        11         2         1         7         2
         0         1         1
       156       973
      2116        11         2         1         7         2
         0         1         1
       157       974
      2117        11         2         1         7         2
         0         1         1
       158       975
      2118        11         2         1         7         2
         0         1         1
       159       976
      2119        11         2         1         7         2
         0         1         1
       160       977
      2120        11         2         1         7         2
         0         1         1
       161       978
      2121        11         2         1         7         2
         0         1         1
       162       979
      2122        11         2         1         7         2
         0         1         1
       163       980
      2123        11         2         1         7         2
         0         1         1
       164       981
      2124        11         2         1         7         2
         0         1         1
       165       982
      2125        11         2         1         7         2
         0         1         1
       166       983
      2126        11         2         1         7         2
         0         1         1
       167       984
      2127        11         2         1         7         2
         0         1         1
       168       985
      2128        11         2         1         7         2
         0         1         1
       169       987
      2129        11         2         1         7         2
         0         1         1
       170       988
      2130        11         2         1         7         2
         0         1         1
       171       989
      2131        11         2         1         7         2
         0         1         1
       172       990
      2132        11         2         1         7         2
         0         1         1
       173       991
      2133        11         2         1         7         2
         0         1         1
       174       992
      2134        11         2         1         7         2
         0         1         1
       175       993
      2135        11         2         1         7         2
         0         1         1
       176       994
      2136        11         2         1         7         2
         0         1         1
       177       995
      2137        11         2         1         7         2
         0         1         1
       178       996
      2138        11         2         1         7         2
         0         1         1
       179       997
      2139        11         2         1         7         2
         0         1         1
       180       998
      2140        11         2         1         7         2
         0         1         1
       181       999
      2141        11         2         1         7         2
         0         1         1
       182      1000
      2142        11         2         1         7         2
         0         1         1
       183      1001
      2143        11         2         1         7         2
         0         1         1
       184      1002
      2144        11         2         1         7         2
         0         1         1
       185      1003
      2145        11         2         1         7         2
         0         1         1
       186      1004
      2146        11         2         1         7         2
         0         1         1
       187      1006
      2147        11         2         1         7         2
         0         1         1
       188      1007
      2148        11         2         1         7         2
         0         1         1
       189      1008
      2149        11         2         1         7         2
         0         1         1
       190      1009
      2150        11         2         1         7         2
         0         1         1
       191      1010
      2151        11         2         1         7         2
         0         1         1
       192      1011
      2152        11         2         1         7         2
         0         1         1
       193      1012
      2153        11         2         1         7         2
         0         1         1
       194      1013
      2154        11         2         1         7         2
         0         1         1
       195      1014
      2155        11         2         1         7         2
         0         1         1
       196      1015
      2156        11         2         1         7         2
         0         1         1
       197      1016
      2157        11         2         1         7         2
         0         1         1
       198      1017
      2158        11         2         1         7         2
         0         1         1
       199      1018
      2159        11         2         1         7         2
         0         1         1
       200      1019
      2160        11         2         1         7         2
         0         1         1
       201      1020
      2161        11         2         1         7         2
         0         1         1
       202      1021
      2162        11         2         1         7         2
         0         1         1
       203      1022
      2163        11         2         1         7         2
         0         1         1
       204      1023
      2164        11         2         1         7         2
         0         1         1
       205      1025
      2165        11         2         1         7         2
         0         1         1
       206      1026
      2166        11         2         1         7         2
         0         1         1
       207      1027
      2167        11         2         1         7         2
         0         1         1
       208      1028
      2168        11         2         1         7         2
         0         1         1
       209      1029
      2169        11         2         1         7         2
         0         1         1
       210      1030
      2170        11         2         1         7         2
         0         1         1
       211      1031
      2171        11         2         1         7         2
         0         1         1
       212      1032
      2172        11         2         1         7         2
         0         1         1
       213      1033
      2173        11         2         1         7         2
         0         1         1
       214      1034
      2174        11         2         1         7         2
         0         1         1
       215      1035
      2175        11         2         1         7         2
         0         1         1
       216      1036
      2176        11         2         1         7         2
         0         1         1
       217      1037
      2177        11         2         1         7         2
         0         1         1
       218      1038
      2178        11         2         1         7         2
         0         1         1
       219      1039
      2179        11         2         1         7         2
         0         1         1
       220      1040
      2180        11         2         1         7         2
         0         1         1
       221      1041
      2181        11         2         1         7         2
         0         1         1
       222      1042
      2182        11         2         1         7         2
         0         1         1
       223      1043
      2183        11         2         1         7         2
         0         1         1
       224      1044
      2184        11         2         1         7         2
         0         1         1
       225      1045
      2185        11         2         1         7         2
         0         1         1
       226      1046
      2186        11         2         1         7         2
         0         1         1
       227      1047
      2187        11         2         1         7         2
         0         1         1
       228      1048
      2188        11         2         1         7         2
         0         1         1
       229      1049
      2189        11         2         1         7         2
         0         1         1
       230      1050
      2190        11         2         1         7         2
         0         1         1
       231      1051
      2191        11         2         1         7         2
         0         1         1
       232      1052
      2192        11         2         1         7         2
         0         1         1
       233      1053
      2193        11         2         1         7         2
         0         1         1
       234      1054
      2194        11         2         1         7         2
         0         1         1
       235      1055
      2195        11         2         1         7         2
         0         1         1
       236      1056
      2196        11         2         1         7         2
         0         1         1
       237      1057
      2197        11         2         1         7         2
         0         1         1
       238      1058
      2198        11         2         1         7         2
         0         1         1
       239      1059
      2199        11         2         1         7         2
         0         1         1
       240      1060
      2200        11         2         1         7         2
         0         1         1
       241      1061
      2201        11         2         1         7         2
         0         1         1
       242      1062
      2202        11         2         1         7         2
         0         1         1
       243      1063
      2203        11         2         1         7         2
         0         1         1
       244      1064
      2204        11         2         1         7         2
         0         1         1
       245      1065
      2205        11         2         1         7         2
         0         1         1
       246      1066
      2206        11         2         1         7         2
         0         1         1
       247      1067
      2207        11         2         1         7         2
         0         1         1
       248      1068
      2208        11         2         1         7         2
         0         1         1
       249      1069
      2209        11         2         1         7         2
         0         1         1
       250      1070
      2210        11         2         1         7         2
         0         1         1
       251      1071
      2211        11         2         1         7         2
         0         1         1
       252      1072
      2212        11         2         1         7         2
         0         1         1
       253      1073
      2213        11         2         1         7         2
         0         1         1
       254      1074
      2214        11         2         1         7         2
         0         1         1
       255      1075
      2215        11         2         1         7         2
         0         1         1
       256      1076
      2216        11         2         1         7         2
         0         1         1
       257      1077
      2217        11         2         1         7         2
         0         1         1
       258      1078
      2218        11         2         1         7         2
         0         1         1
       259      1079
      2219        11         2         1         7         2
         0         1         1
       260      1080
      2220        11         2         1         7         2
         0         1         1
       261      1081
      2221        11         2         1         7         2
         0         1         1
       262      1082
      2222        11         2         1         7         2
         0         1         1
       263      1083
      2223        11         2         1         7         2
         0         1         1
       264      1084
      2224        11         2         1         7         2
         0         1         1
       265      1085
      2225        11         2         1         7         2
         0         1         1
       266      1086
      2226        11         2         1         7         2
         0         1         1
       267      1087
      2227        11         2         1         7         2
         0         1         1
       268      1088
      2228        11         2         1         7         2
         0         1         1
       269      1089
      2229        11         2         1         7         2
         0         1         1
       270      1090
      2230        11         2         1         7         2
         0         1         1
       271      1091
      2231        11         2         1         7         2
         0         1         1
       272      1092
      2232        11         2         1         7         2
         0         1         1
       273      1093
      2233        11         2         1         7         2
         0         1         1
       274      1094
      2234        11         2         1         7         2
         0         1         1
       275      1095
      2235        11         2         1         7         2
         0         1         1
       276      1096
      2236        11         2         1         7         2
         0         1         1
       277      1097
      2237        11         2         1         7         2
         0         1         1
       278      1098
      2238        11         2         1         7         2
         0         1         1
       279      1099
      2239        11         2         1         7         2
         0         1         1
       280      1100
      2240        11         2         1         7         2
         0         1         1
       281      1101
      2241        11         2         1         7         2
         0         1         1
       282      1102
      2242        11         2         1         7         2
         0         1         1
       283      1103
      2243        11         2         1         7         2
         0         1         1
       284      1104
      2244        11         2         1         7         2
         0         1         1
       285      1105
      2245        11         2         1         7         2
         0         1         1
       286      1106
      2246        11         2         1         7         2
         0         1         1
       287      1107
      2247        11         2         1         7         2
         0         1         1
       288      1108
      2248        11         2         1         7         2
         0         1         1
       289      1109
      2249        11         2         1         7         2
         0         1         1
       290      1110
      2250        11         2         1         7         2
         0         1         1
       291      1111
      2251        11         2         1         7         2
         0         1         1
       292      1112
      2252        11         2         1         7         2
         0         1         1
       293      1113
      2253        11         2         1         7         2
         0         1         1
       294      1114
      2254        11         2         1         7         2
         0         1         1
       295      1115
      2255        11         2         1         7         2
         0         1         1
       296      1116
      2256        11         2         1         7         2
         0         1         1
       297      1117
      2257        11         2         1         7         2
         0         1         1
       298      1118
      2258        11         2         1         7         2
         0         1         1
       299      1119
      2259        11         2         1         7         2
         0         1         1
       300      1120
      2260        11         2         1         7         2
         0         1         1
       301      1121
      2261        11         2         1         7         2
         0         1         1
       302      1122
      2262        11         2         1         7         2
         0         1         1
       303      1123
      2263        11         2         1         7         2
         0         1         1
       304      1124
      2264        11         2         1         7         2
         0         1         1
       305      1125
      2265        11         2         1         7         2
         0         1         1
       306      1126
      2266        11         2         1         7         2
         0         1         1
       307      1127
      2267        11         2         1         7         2
         0         1         1
       308      1128
      2268        11         2         1         7         2
         0         1         1
       309      1129
      2269        11         2         1         7         2
         0         1         1
       310      1130
      2270        11         2         1         7         2
         0         1         1
       311      1131
      2271        11         2         1         7         2
         0         1         1
       312      1132
      2272        11         2         1         7         2
         0         1         1
       313      1133
      2273        11         2         1         7         2
         0         1         1
       314      1134
      2274        11         2         1         7         2
         0         1         1
       315      1135
      2275        11         2         1         7         2
         0         1         1
       316      1136
      2276        11         2         1         7         2
         0         1         1
       317      1137
      2277        11         2         1         7         2
         0         1         1
       318      1138
      2278        11         2         1         7         2
         0         1         1
       319      1139
      2279        11         2         1         7         2
         0         1         1
       320      1140
      2280        11         2         1         7         2
         0         1         1
       321      1141
      2281        11         2         1         7         2
         0         1         1
       322      1142
      2282        11         2         1         7         2
         0         1         1
       323      1143
      2283        11         2         1         7         2
         0         1         1
       324      1144
      2284        11         2         1         7         2
         0         1         1
       325      1145
      2285        11         2         1         7         2
         0         1         1
       326      1146
      2286        11         2         1         7         2
         0         1         1
       327      1147
      2287        11         2         1         7         2
         0         1         1
       328      1148
      2288        11         2         1         7         2
         0         1         1
       329      1149
      2289        11         2         1         7         2
         0         1         1
       330      1150
      2290        11         2         1         7         2
         0         1         1
       331      1151
      2291        11         2         1         7         2
         0         1         1
       332      1152
      2292        11         2         1         7         2
         0         1         1
       333      1153
      2293        11         2         1         7         2
         0         1         1
       334      1154
      2294        11         2         1         7         2
         0         1         1
       335      1155
      2295        11         2         1         7         2
         0         1         1
       336      1156
      2296        11         2         1         7         2
         0         1         1
       337      1157
      2297        11         2         1         7         2
         0         1         1
       338      1158
      2298        11         2         1         7         2
         0         1         1
       339      1159
      2299        11         2         1         7         2
         0         1         1
       340      1160
      2300        11         2         1         7         2
         0         1         1
       341      1161
      2301        11         2         1         7         2
         0         1         1
       342      1162
      2302        11         2         1         7         2
         0         1         1
       343      1163
      2303        11         2         1         7         2
         0         1         1
       344      1164
      2304        11         2         1         7         2
         0         1         1
       345      1165
      2305        11         2         1         7         2
         0         1         1
       346      1166
      2306        11         2         1         7         2
         0         1         1
       347      1167
      2307        11         2         1         7         2
         0         1         1
       348      1168
      2308        11         2         1         7         2
         0         1         1
       349      1169
      2309        11         2         1         7         2
         0         1         1
       350      1170
      2310        11         2         1         7         2
         0         1         1
       351      1171
      2311        11         2         1         7         2
         0         1         1
       352      1172
      2312        11         2         1         7         2
         0         1         1
       353      1173
      2313        11         2         1         7         2
         0         1         1
       354      1174
      2314        11         2         1         7         2
         0         1         1
       355      1175
      2315        11         2         1         7         2
         0         1         1
       356      1176
      2316        11         2         1         7         2
         0         1         1
       357      1177
      2317        11         2         1         7         2
         0         1         1
       358      1178
      2318        11         2         1         7         2
         0         1         1
       359      1179
      2319        11         2         1         7         2
         0         1         1
       360      1180
      2320        11         2         1         7         2
         0         1         1
       361      1181
      2321        11         2         1         7         2
         0         1         1
       362      1182
      2322        11         2         1         7         2
         0         1         1
       363      1183
      2323        11         2         1         7         2
         0         1         1
       364      1184
      2324        11         2         1         7         2
         0         1         1
       365      1185
      2325        11         2         1         7         2
         0         1         1
       366      1186
      2326        11         2         1         7         2
         0         1         1
       367      1187
      2327        11         2         1         7         2
         0         1         1
       368      1188
      2328        11         2         1         7         2
         0         1         1
       369      1189
      2329        11         2         1         7         2
         0         1         1
       370      1190
      2330        11         2         1         7         2
         0         1         1
       371      1191
      2331        11         2         1         7         2
         0         1         1
       372      1192
      2332        11         2         1         7         2
         0         1         1
       373      1193
      2333        11         2         1         7         2
         0         1         1
       374      1194
      2334        11         2         1         7         2
         0         1         1
       375      1195
      2335        11         2         1         7         2
         0         1         1
       376      1196
      2336        11         2         1         7         2
         0         1         1
       377      1197
      2337        11         2         1         7         2
         0         1         1
       378      1198
      2338        11         2         1         7         2
         0         1         1
       379      1199
      2339        11         2         1         7         2
         0         1         1
       380      1200
      2340        11         2         1         7         2
         0         1         1
       381      1201
      2341        11         2         1         7         2
         0         1         1
       382      1202
      2342        11         2         1         7         2
         0         1         1
       383      1203
      2343        11         2         1         7         2
         0         1         1
       384      1204
      2344        11         2         1         7         2
         0         1         1
       385      1205
      2345        11         2         1         7         2
         0         1         1
       386      1206
      2346        11         2         1         7         2
         0         1         1
       387      1207
      2347        11         2         1         7         2
         0         1         1
       388      1208
      2348        11         2         1         7         2
         0         1         1
       389      1209
      2349        11         2         1         7         2
         0         1         1
       390      1210
      2350        11         2         1         7         2
         0         1         1
       391      1211
      2351        11         2         1         7         2
         0         1         1
       392      1212
      2352        11         2         1         7         2
         0         1         1
       393      1213
      2353        11         2         1         7         2
         0         1         1
       394      1214
      2354        11         2         1         7         2
         0         1         1
       395      1215
      2355        11         2         1         7         2
         0         1         1
       396      1216
      2356        11         2         1         7         2
         0         1         1
       397      1217
      2357        11         2         1         7         2
         0         1         1
       398      1218
      2358        11         2         1         7         2
         0         1         1
       399      1219
      2359        11         2         1         7         2
         0         1         1
       400      1220
      2360        11         2         1         7         2
         0         1         1
       401      1221
      2361        11         2         1         7         2
         0         1         1
       402      1222
      2362        11         2         1         7         2
         0         1         1
       403      1223
      2363        11         2         1         7         2
         0         1         1
       404      1224
      2364        11         2         1         7         2
         0         1         1
       405      1225
      2365        11         2         1         7         2
         0         1         1
       406      1226
      2366        11         2         1         7         2
         0         1         1
       407      1227
      2367        11         2         1         7         2
         0         1         1
       408      1228
      2368        11         2         1         7         2
         0         1         1
       409      1229
      2369        11         2         1         7         2
         0         1         1
       410      1230
      2370        11         2         1         7         2
         0         1         1
       411      1231
      2371        11         2         1         7         2
         0         1         1
       412      1232
      2372        11         2         1         7         2
         0         1         1
       413      1233
      2373        11         2         1         7         2
         0         1         1
       414      1234
      2374        11         2         1         7         2
         0         1         1
       415      1235
      2375        11         2         1         7         2
         0         1         1
       416      1236
      2376        11         2         1         7         2
         0         1         1
       417      1237
      2377        11         2         1         7         2
         0         1         1
       418      1238
      2378        11         2         1         7         2
         0         1         1
       419      1239
      2379        11         2         1         7         2
         0         1         1
       420      1240
      2380        11         2         1         7         2
         0         1         1
       421      1241
      2381        11         2         1         7         2
         0         1         1
       422      1242
      2382        11         2         1         7         2
         0         1         1
       423      1243
      2383        11         2         1         7         2
         0         1         1
       424      1244
      2384        11         2         1         7         2
         0         1         1
       425      1245
      2385        11         2         1         7         2
         0         1         1
       426      1246
      2386        11         2         1         7         2
         0         1         1
       427      1247
      2387        11         2         1         7         2
         0         1         1
       428      1248
      2388        11         2         1         7         2
         0         1         1
       429      1249
      2389        11         2         1         7         2
         0         1         1
       430      1250
      2390        11         2         1         7         2
         0         1         1
       431      1251
      2391        11         2         1         7         2
         0         1         1
       432      1252
      2392        11         2         1         7         2
         0         1         1
       433      1253
      2393        11         2         1         7         2
         0         1         1
       434      1254
      2394        11         2         1         7         2
         0         1         1
       435      1255
      2395        11         2         1         7         2
         0         1         1
       436      1256
      2396        11         2         1         7         2
         0         1         1
       437      1257
      2397        11         2         1         7         2
         0         1         1
       438      1258
      2398        11         2         1         7         2
         0         1         1
       439      1259
      2399        11         2         1         7         2
         0         1         1
       440      1260
      2400        11         2         1         7         2
         0         1         1
       441      1261
      2401        11         2         1         7         2
         0         1         1
       442      1262
      2402        11         2         1         7         2
         0         1         1
       443      1263
      2403        11         2         1         7         2
         0         1         1
       444      1264
      2404        11         2         1         7         2
         0         1         1
       445      1265
      2405        11         2         1         7         2
         0         1         1
       446      1266
      2406        11         2         1         7         2
         0         1         1
       447      1267
      2407        11         2         1         7         2
         0         1         1
       448      1268
      2408        11         2         1         7         2
         0         1         1
       449      1269
      2409        11         2         1         7         2
         0         1         1
       450      1270
      2410        11         2         1         7         2
         0         1         1
       451      1271
      2411        11         2         1         7         2
         0         1         1
       452      1272
      2412        11         2         1         7         2
         0         1         1
       453      1273
      2413        11         2         1         7         2
         0         1         1
       454      1274
      2414        11         2         1         7         2
         0         1         1
       455      1275
      2415        11         2         1         7         2
         0         1         1
       456      1276
      2416        11         2         1         7         2
         0         1         1
       457      1277
      2417        11         2         1         7         2
         0         1         1
       458      1278
      2418        11         2         1         7         2
         0         1         1
       459      1279
      2419        11         2         1         7         2
         0         1         1
       460      1280
      2420        11         2         1         7         2
         0         1         1
       461      1281
      2421        11         2         1         7         2
         0         1         1
       462      1282
      2422        11         2         1         7         2
         0         1         1
       463      1283
      2423        11         2         1         7         2
         0         1         1
       464      1284
      2424        11         2         1         7         2
         0         1         1
       465      1285
      2425        11         2         1         7         2
         0         1         1
       466      1286
      2426        11         2         1         7         2
         0         1         1
       467      1287
      2427        11         2         1         7         2
         0         1         1
       468      1288
      2428        11         2         1         7         2
         0         1         1
       469      1289
      2429        11         2         1         7         2
         0         1         1
       470      1290
      2430        11         2         1         7         2
         0         1         1
       471      1291
      2431        11         2         1         7         2
         0         1         1
       472      1292
      2432        11         2         1         7         2
         0         1         1
       473      1293
      2433        11         2         1         7         2
         0         1         1
       474      1294
      2434        11         2         1         7         2
         0         1         1
       475      1295
      2435        11         2         1         7         2
         0         1         1
       476      1296
      2436        11         2         1         7         2
         0         1         1
       477      1297
      2437        11         2         1         7         2
         0         1         1
       478      1298
      2438        11         2         1         7         2
         0         1         1
       479      1299
      2439        11         2         1         7         2
         0         1         1
       480      1300
      2440        11         2         1         7         2
         0         1         1
       481      1301
      2441        11         2         1         7         2
         0         1         1
       482      1302
      2442        11         2         1         7         2
         0         1         1
       483      1303
      2443        11         2         1         7         2
         0         1         1
       484      1304
      2444        11         2         1         7         2
         0         1         1
       485      1305
      2445        11         2         1         7         2
         0         1         1
       486      1306
      2446        11         2         1         7         2
         0         1         1
       487      1307
      2447        11         2         1         7         2
         0         1         1
       488      1308
      2448        11         2         1         7         2
         0         1         1
       489      1309
      2449        11         2         1         7         2
         0         1         1
       490      1310
      2450        11         2         1         7         2
         0         1         1
       491      1311
      2451        11         2         1         7         2
         0         1         1
       492      1312
      2452        11         2         1         7         2
         0         1         1
       493      1313
      2453        11         2         1         7         2
         0         1         1
       494      1314
      2454        11         2         1         7         2
         0         1         1
       495      1315
      2455        11         2         1         7         2
         0         1         1
       496      1316
      2456        11         2         1         7         2
         0         1         1
       497      1317
      2457        11         2         1         7         2
         0         1         1
       498      1318
      2458        11         2         1         7         2
         0         1         1
       499      1319
      2459        11         2         1         7         2
         0         1         1
       500      1320
      2460        11         2         1         7         2
         0         1         1
       501      1321
      2461        11         2         1         7         2
         0         1         1
       502      1322
      2462        11         2         1         7         2
         0         1         1
       503      1323
      2463        11         2         1         7         2
         0         1         1
       504      1324
      2464        11         2         1         7         2
         0         1         1
       505      1325
      2465        11         2         1         7         2
         0         1         1
       506      1326
      2466        11         2         1         7         2
         0         1         1
       507      1327
      2467        11         2         1         7         2
         0         1         1
       508      1328
      2468        11         2         1         7         2
         0         1         1
       509      1329
      2469        11         2         1         7         2
         0         1         1
       510      1330
      2470        11         2         1         7         2
         0         1         1
       511      1331
      2471        11         2         1         7         2
         0         1         1
       512      1332
      2472        11         2         1         7         2
         0         1         1
       513      1333
      2473        11         2         1         7         2
         0         1         1
       514      1334
      2474        11         2         1         7         2
         0         1         1
       515      1335
      2475        11         2         1         7         2
         0         1         1
       516      1336
      2476        11         2         1         7         2
         0         1         1
       517      1337
      2477        11         2         1         7         2
         0         1         1
       518      1338
      2478        11         2         1         7         2
         0         1         1
       519      1339
      2479        11         2         1         7         2
         0         1         1
       520      1340
      2480        11         2         1         7         2
         0         1         1
       521      1341
      2481        11         2         1         7         2
         0         1         1
       522      1342
      2482        11         2         1         7         2
         0         1         1
       523      1343
      2483        11         2         1         7         2
         0         1         1
       524      1344
      2484        11         2         1         7         2
         0         1         1
       525      1345
      2485        11         2         1         7         2
         0         1         1
       526      1346
      2486        11         2         1         7         2
         0         1         1
       527      1347
      2487        11         2         1         7         2
         0         1         1
       528      1348
      2488        11         2         1         7         2
         0         1         1
       529      1349
      2489        11         2         1         7         2
         0         1         1
       530      1350
      2490        11         2         1         7         2
         0         1         1
       531      1351
      2491        11         2         1         7         2
         0         1         1
       532      1352
      2492        11         2         1         7         2
         0         1         1
       533      1353
      2493        11         2         1         7         2
         0         1         1
       534      1354
      2494        11         2         1         7         2
         0         1         1
       535      1355
      2495        11         2         1         7         2
         0         1         1
       536      1356
      2496        11         2         1         7         2
         0         1         1
       537      1357
      2497        11         2         1         7         2
         0         1         1
       538      1358
      2498        11         2         1         7         2
         0         1         1
       539      1359
      2499        11         2         1         7         2
         0         1         1
       540      1360
      2500        11         2         1         7         2
         0         1         1
       541      1361
      2501        11         2         1         7         2
         0         1         1
       542      1362
      2502        11         2         1         7         2
         0         1         1
       543      1363
      2503        11         2         1         7         2
         0         1         1
       544      1364
      2504        11         2         1         7         2
         0         1         1
       545      1365
      2505        11         2         1         7         2
         0         1         1
       546      1366
      2506        11         2         1         7         2
         0         1         1
       547      1367
      2507        11         2         1         7         2
         0         1         1
       548      1368
      2508        11         2         1         7         2
         0         1         1
       549      1369
      2509        11         2         1         7         2
         0         1         1
       550      1370
      2510        11         2         1         7         2
         0         1         1
       551      1371
      2511        11         2         1         7         2
         0         1         1
       552      1372
      2512        11         2         1         7         2
         0         1         1
       553      1373
      2513        11         2         1         7         2
         0         1         1
       554      1374
      2514        11         2         1         7         2
         0         1         1
       555      1375
      2515        11         2         1         7         2
         0         1         1
       556      1376
      2516        11         2         1         7         2
         0         1         1
       557      1377
      2517        11         2         1         7         2
         0         1         1
       558      1378
      2518        11         2         1         7         2
         0         1         1
       559      1379
      2519        11         2         1         7         2
         0         1         1
       560      1380
      2520        11         2         1         7         2
         0         1         1
       561      1381
      2521        11         2         1         7         2
         0         1         1
       562      1382
      2522        11         2         1         7         2
         0         1         1
       563      1383
      2523        11         2         1         7         2
         0         1         1
       564      1384
      2524        11         2         1         7         2
         0         1         1
       565      1385
      2525        11         2         1         7         2
         0         1         1
       566      1386
      2526        11         2         1         7         2
         0         1         1
       567      1387
      2527        11         2         1         7         2
         0         1         1
       568      1388
      2528        11         2         1         7         2
         0         1         1
       569      1389
      2529        11         2         1         7         2
         0         1         1
       570      1390
      2530        11         2         1         7         2
         0         1         1
       571      1391
      2531        11         2         1         7         2
         0         1         1
       572      1392
      2532        11         2         1         7         2
         0         1         1
       573      1393
      2533        11         2         1         7         2
         0         1         1
       574      1394
      2534        11         2         1         7         2
         0         1         1
       575      1395
      2535        11         2         1         7         2
         0         1         1
       576      1396
      2536        11         2         1         7         2
         0         1         1
       577      1397
      2537        11         2         1         7         2
         0         1         1
       578      1398
      2538        11         2         1         7         2
         0         1         1
       579      1399
      2539        11         2         1         7         2
         0         1         1
       580      1400
      2540        11         2         1         7         2
         0         1         1
       581      1401
      2541        11         2         1         7         2
         0         1         1
       582      1402
      2542        11         2         1         7         2
         0         1         1
       583      1403
      2543        11         2         1         7         2
         0         1         1
       584      1404
      2544        11         2         1         7         2
         0         1         1
       585      1405
      2545        11         2         1         7         2
         0         1         1
       586      1406
      2546        11         2         1         7         2
         0         1         1
       587      1407
      2547        11         2         1         7         2
         0         1         1
       588      1408
      2548        11         2         1         7         2
         0         1         1
       589      1409
      2549        11         2         1         7         2
         0         1         1
       590      1410
      2550        11         2         1         7         2
         0         1         1
       591      1411
      2551        11         2         1         7         2
         0         1         1
       592      1412
      2552        11         2         1         7         2
         0         1         1
       593      1413
      2553        11         2         1         7         2
         0         1         1
       594      1414
      2554        11         2         1         7         2
         0         1         1
       595      1415
      2555        11         2         1         7         2
         0         1         1
       596      1416
      2556        11         2         1         7         2
         0         1         1
       597      1417
      2557        11         2         1         7         2
         0         1         1
       598      1418
      2558        11         2         1         7         2
         0         1         1
       599      1419
      2559        11         2         1         7         2
         0         1         1
       600      1420
      2560        11         2         1         7         2
         0         1         1
       601      1421
      2561        11         2         1         7         2
         0         1         1
       602      1422
      2562        11         2         1         7         2
         0         1         1
       603      1423
      2563        11         2         1         7         2
         0         1         1
       604      1424
      2564        11         2         1         7         2
         0         1         1
       605      1425
      2565        11         2         1         7         2
         0         1         1
       606      1426
      2566        11         2         1         7         2
         0         1         1
       607      1427
      2567        11         2         1         7         2
         0         1         1
       608      1428
      2568        11         2         1         7         2
         0         1         1
       609      1429
      2569        11         2         1         7         2
         0         1         1
       610      1430
      2570        11         2         1         7         2
         0         1         1
       611      1431
      2571        11         2         1         7         2
         0         1         1
       612      1432
      2572        11         2         1         7         2
         0         1         1
       613      1433
      2573        11         2         1         7         2
         0         1         1
       614      1434
      2574        11         2         1         7         2
         0         1         1
       615      1435
      2575        11         2         1         7         2
         0         1         1
       616      1436
      2576        11         2         1         7         2
         0         1         1
       617      1437
      2577        11         2         1         7         2
         0         1         1
       618      1438
      2578        11         2         1         7         2
         0         1         1
       619      1439
      2579        11         2         1         7         2
         0         1         1
       620      1440
      2580        11         2         1         7         2
         0         1         1
       621      1441
      2581        11         2         1         7         2
         0         1         1
       622      1442
      2582        11         2         1         7         2
         0         1         1
       623      1443
      2583        11         2         1         7         2
         0         1         1
       624      1444
      2584        11         2         1         7         2
         0         1         1
       625      1445
      2585        11         2         1         7         2
         0         1         1
       626      1446
      2586        11         2         1         7         2
         0         1         1
       627      1447
      2587        11         2         1         7         2
         0         1         1
       628      1448
      2588        11         2         1         7         2
         0         1         1
       629      1449
      2589        11         2         1         7         2
         0         1         1
       630      1450
      2590        11         2         1         7         2
         0         1         1
       631      1451
      2591        11         2         1         7         2
         0         1         1
       632      1452
      2592        11         2         1         7         2
         0         1         1
       633      1453
      2593        11         2         1         7         2
         0         1         1
       634      1454
      2594        11         2         1         7         2
         0         1         1
       635      1455
      2595        11         2         1         7         2
         0         1         1
       636      1456
      2596        11         2         1         7         2
         0         1         1
       637      1457
      2597        11         2         1         7         2
         0         1         1
       638      1458
      2598        11         2         1         7         2
         0         1         1
       639      1459
      2599        11         2         1         7         2
         0         1         1
       640      1460
      2600        11         2         1         7         2
         0         1         1
       641      1461
      2601        11         2         1         7         2
         0         1         1
       642      1462
      2602        11         2         1         7         2
         0         1         1
       643      1463
      2603        11         2         1         7         2
         0         1         1
       644      1464
      2604        11         2         1         7         2
         0         1         1
       645      1465
      2605        11         2         1         7         2
         0         1         1
       646      1466
      2606        11         2         1         7         2
         0         1         1
       647      1467
      2607        11         2         1         7         2
         0         1         1
       648      1468
      2608        11         2         1         7         2
         0         1         1
       649      1469
      2609        11         2         1         7         2
         0         1         1
       650      1470
      2610        11         2         1         7         2
         0         1         1
       651      1471
      2611        11         2         1         7         2
         0         1         1
       652      1472
      2612        11         2         1         7         2
         0         1         1
       653      1473
      2613        11         2         1         7         2
         0         1         1
       654      1474
      2614        11         2         1         7         2
         0         1         1
       655      1475
      2615        11         2         1         7         2
         0         1         1
       656      1476
      2616        11         2         1         7         2
         0         1         1
       657      1477
      2617        11         2         1         7         2
         0         1         1
       658      1478
      2618        11         2         1         7         2
         0         1         1
       659      1479
      2619        11         2         1         7         2
         0         1         1
       660      1480
      2620        11         2         1         7         2
         0         1         1
       661      1481
      2621        11         2         1         7         2
         0         1         1
       662      1482
      2622        11         2         1         7         2
         0         1         1
       663      1483
      2623        11         2         1         7         2
         0         1         1
       664      1484
      2624        11         2         1         7         2
         0         1         1
       665      1485
      2625        11         2         1         7         2
         0         1         1
       666      1486
      2626        11         2         1         7         2
         0         1         1
       667      1487
      2627        11         2         1         7         2
         0         1         1
       668      1488
      2628        11         2         1         7         2
         0         1         1
       669      1489
      2629        11         2         1         7         2
         0         1         1
       670      1490
      2630        11         2         1         7         2
         0         1         1
       671      1491
      2631        11         2         1         7         2
         0         1         1
       672      1492
      2632        11         2         1         7         2
         0         1         1
       673      1493
      2633        11         2         1         7         2
         0         1         1
       674      1494
      2634        11         2         1         7         2
         0         1         1
       675      1495
      2635        11         2         1         7         2
         0         1         1
       676      1496
      2636        11         2         1         7         2
         0         1         1
       677      1497
      2637        11         2         1         7         2
         0         1         1
       678      1498
      2638        11         2         1         7         2
         0         1         1
       679      1499
      2639        11         2         1         7         2
         0         1         1
       680      1500
      2640        11         2         1         7         2
         0         1         1
       681      1501
      2641        11         2         1         7         2
         0         1         1
       682      1502
      2642        11         2         1         7         2
         0         1         1
       683      1503
      2643        11         2         1         7         2
         0         1         1
       684      1504
      2644        11         2         1         7         2
         0         1         1
       685      1505
      2645        11         2         1         7         2
         0         1         1
       686      1506
      2646        11         2         1         7         2
         0         1         1
       687      1507
      2647        11         2         1         7         2
         0         1         1
       688      1508
      2648        11         2         1         7         2
         0         1         1
       689      1509
      2649        11         2         1         7         2
         0         1         1
       690      1510
      2650        11         2         1         7         2
         0         1         1
       691      1511
      2651        11         2         1         7         2
         0         1         1
       692      1512
      2652        11         2         1         7         2
         0         1         1
       693      1513
      2653        11         2         1         7         2
         0         1         1
       694      1514
      2654        11         2         1         7         2
         0         1         1
       695      1515
      2655        11         2         1         7         2
         0         1         1
       696      1516
      2656        11         2         1         7         2
         0         1         1
       697      1517
      2657        11         2         1         7         2
         0         1         1
       698      1518
      2658        11         2         1         7         2
         0         1         1
       699      1519
      2659        11         2         1         7         2
         0         1         1
       700      1520
      2660        11         2         1         7         2
         0         1         1
       701      1521
      2661        11         2         1         7         2
         0         1         1
       702      1522
      2662        11         2         1         7         2
         0         1         1
       703      1523
      2663        11         2         1         7         2
         0         1         1
       704      1524
      2664        11         2         1         7         2
         0         1         1
       705      1525
      2665        11         2         1         7         2
         0         1         1
       706      1526
      2666        11         2         1         7         2
         0         1         1
       707      1527
      2667        11         2         1         7         2
         0         1         1
       708      1528
      2668        11         2         1         7         2
         0         1         1
       709      1529
      2669        11         2         1         7         2
         0         1         1
       710      1530
      2670        11         2         1         7         2
         0         1         1
       711      1531
      2671        11         2         1         7         2
         0         1         1
       712      1532
      2672        11         2         1         7         2
         0         1         1
       713      1533
      2673        11         2         1         7         2
         0         1         1
       714      1534
      2674        11         2         1         7         2
         0         1         1
       715      1535
      2675        11         2         1         7         2
         0         1         1
       716      1536
      2676        11         2         1         7         2
         0         1         1
       717      1537
      2677        11         2         1         7         2
         0         1         1
       718      1538
      2678        11         2         1         7         2
         0         1         1
       719      1539
      2679        11         2         1         7         2
         0         1         1
       720      1540
      2680        11         2         1         7         2
         0         1         1
       721      1541
      2681        11         2         1         7         2
         0         1         1
       722      1542
      2682        11         2         1         7         2
         0         1         1
       723      1543
      2683        11         2         1         7         2
         0         1         1
       724      1544
      2684        11         2         1         7         2
         0         1         1
       725      1545
      2685        11         2         1         7         2
         0         1         1
       726      1546
      2686        11         2         1         7         2
         0         1         1
       727      1547
      2687        11         2         1         7         2
         0         1         1
       728      1548
      2688        11         2         1         7         2
         0         1         1
       729      1549
      2689        11         2         1         7         2
         0         1         1
       730      1550
      2690        11         2         1         7         2
         0         1         1
       731      1551
      2691        11         2         1         7         2
         0         1         1
       732      1552
      2692        11         2         1         7         2
         0         1         1
       733      1553
      2693        11         2         1         7         2
         0         1         1
       734      1554
      2694        11         2         1         7         2
         0         1         1
       735      1555
      2695        11         2         1         7         2
         0         1         1
       736      1556
      2696        11         2         1         7         2
         0         1         1
       737      1557
      2697        11         2         1         7         2
         0         1         1
       738      1558
      2698        11         2         1         7         2
         0         1         1
       739      1559
      2699        11         2         1         7         2
         0         1         1
       740      1560
      2700        11         2         1         7         2
         0         1         1
       741      1561
      2701        11         2         1         7         2
         0         1         1
       742      1562
      2702        11         2         1         7         2
         0         1         1
       743      1563
      2703        11         2         1         7         2
         0         1         1
       744      1564
      2704        11         2         1         7         2
         0         1         1
       745      1565
      2705        11         2         1         7         2
         0         1         1
       746      1566
      2706        11         2         1         7         2
         0         1         1
       747      1567
      2707        11         2         1         7         2
         0         1         1
       748      1568
      2708        11         2         1         7         2
         0         1         1
       749      1569
      2709        11         2         1         7         2
         0         1         1
       750      1570
      2710        11         2         1         7         2
         0         1         1
       751      1571
      2711        11         2         1         7         2
         0         1         1
       752      1572
      2712        11         2         1         7         2
         0         1         1
       753      1573
      2713        11         2         1         7         2
         0         1         1
       754      1574
      2714        11         2         1         7         2
         0         1         1
       755      1575
      2715        11         2         1         7         2
         0         1         1
       756      1576
      2716        11         2         1         7         2
         0         1         1
       757      1577
      2717        11         2         1         7         2
         0         1         1
       758      1578
      2718        11         2         1         7         2
         0         1         1
       759      1579
      2719        11         2         1         7         2
         0         1         1
       760      1580
      2720        11         2         1         7         2
         0         1         1
       761      1581
      2721        11         2         1         7         2
         0         1         1
       762      1582
      2722        11         2         1         7         2
         0         1         1
       763      1583
      2723        11         2         1         7         2
         0         1         1
       764      1584
      2724        11         2         1         7         2
         0         1         1
       765      1585
      2725        11         2         1         7         2
         0         1         1
       766      1586
      2726        11         2         1         7         2
         0         1         1
       767      1587
      2727        11         2         1         7         2
         0         1         1
       768      1588
      2728        11         2         1         7         2
         0         1         1
       769      1589
      2729        11         2         1         7         2
         0         1         1
       770      1590
      2730        11         2         1         7         2
         0         1         1
       771      1591
      2731        11         2         1         7         2
         0         1         1
       772      1592
      2732        11         2         1         7         2
         0         1         1
       773      1593
      2733        11         2         1         7         2
         0         1         1
       774      1594
      2734        11         2         1         7         2
         0         1         1
       775      1595
      2735        11         2         1         7         2
         0         1         1
       776      1596
      2736        11         2         1         7         2
         0         1         1
       777      1597
      2737        11         2         1         7         2
         0         1         1
       778      1598
      2738        11         2         1         7         2
         0         1         1
       779      1599
      2739        11         2         1         7         2
         0         1         1
       780      1600
      2740        11         2         1         7         2
         0         1         1
       781      1601
      2741        11         2         1         7         2
         0         1         1
       782      1602
      2742        11         2         1         7         2
         0         1         1
       783      1603
      2743        11         2         1         7         2
         0         1         1
       784      1604
      2744        11         2         1         7         2
         0         1         1
       785      1605
      2745        11         2         1         7         2
         0         1         1
       786      1606
      2746        11         2         1         7         2
         0         1         1
       787      1607
      2747        11         2         1         7         2
         0         1         1
       788      1608
      2748        11         2         1         7         2
         0         1         1
       789      1609
      2749        11         2         1         7         2
         0         1         1
       790      1610
      2750        11         2         1         7         2
         0         1         1
       791      1611
      2751        11         2         1         7         2
         0         1         1
       792      1612
      2752        11         2         1         7         2
         0         1         1
       793      1613
      2753        11         2         1         7         2
         0         1         1
       794      1614
      2754        11         2         1         7         2
         0         1         1
       795      1615
      2755        11         2         1         7         2
         0         1         1
       796      1616
      2756        11         2         1         7         2
         0         1         1
       797      1617
      2757        11         2         1         7         2
         0         1         1
       798      1618
      2758        11         2         1         7         2
         0         1         1
       799      1619
      2759        11         2         1         7         2
         0         1         1
       800      1620
      2760        11         2         1         7         2
         0         1         1
       801      1621
      2761        11         2         1         7         2
         0         1         1
       802      1622
      2762        11         2         1         7         2
         0         1         1
       803      1623
      2763        11         2         1         7         2
         0         1         1
       804      1624
      2764        11         2         1         7         2
         0         1         1
       805      1625
      2765        11         2         1         7         2
         0         1         1
       806      1626
      2766        11         2         1         7         2
         0         1         1
       807      1627
      2767        11         2         1         7         2
         0         1         1
       808      1628
      2768        11         2         1         7         2
         0         1         1
       809      1629
      2769        11         2         1         7         2
         0         1         1
       810      1630
      2770        11         2         1         7         2
         0         1         1
       811      1631
      2771        11         2         1         7         2
         0         1         1
       812      1632
      2772        11         2         1         7         2
         0         1         1
       813      1633
      2773        11         2         1         7         2
         0         1         1
       814      1634
      2774        11         2         1         7         2
         0         1         1
       815      1635
      2775        11         2         1         7         2
         0         1         1
       816      1636
      2776        11         2         1         7         2
         0         1         1
       817      1637
      2777        11         2         1         7         2
         0         1         1
       818      1638
      2778        11         2         1         7         2
         0         1         1
       819      1639
      2779        11         2         1         7         2
         0         1         1
       820      1640
      2780        11         2         1         7         2
         0         1         1
       821      1641
      2781        11         2         1         7         2
         0         1         1
       822      1642
      2782        11         2         1         7         2
         0         1         1
       823      1643
      2783        11         2         1         7         2
         0         1         1
       824      1644
      2784        11         2         1         7         2
         0         1         1
       825      1645
      2785        11         2         1         7         2
         0         1         1
       826      1646
      2786        11         2         1         7         2
         0         1         1
       827      1647
      2787        11         2         1         7         2
         0         1         1
       828      1648
      2788        11         2         1         7         2
         0         1         1
       829      1649
      2789        11         2         1         7         2
         0         1         1
       830      1650
      2790        11         2         1         7         2
         0         1         1
       831      1651
      2791        11         2         1         7         2
         0         1         1
       832      1652
      2792        11         2         1         7         2
         0         1         1
       833      1653
      2793        11         2         1         7         2
         0         1         1
       834      1654
      2794        11         2         1         7         2
         0         1         1
       835      1655
      2795        11         2         1         7         2
         0         1         1
       836      1656
      2796        11         2         1         7         2
         0         1         1
       837      1657
      2797        11         2         1         7         2
         0         1         1
       838      1658
      2798        11         2         1         7         2
         0         1         1
       839      1659
      2799        11         2         1         7         2
         0         1         1
       840      1660
      2800        11         2         1         7         2
         0         1         1
       841      1661
      2801        11         2         1         7         2
         0         1         1
       842      1662
      2802        11         2         1         7         2
         0         1         1
       843      1663
      2803        11         2         1         7         2
         0         1         1
       844      1664
      2804        11         2         1         7         2
         0         1         1
       845      1665
      2805        11         2         1         7         2
         0         1         1
       846      1666
      2806        11         2         1         7         2
         0         1         1
       847      1667
      2807        11         2         1         7         2
         0         1         1
       848      1668
      2808        11         2         1         7         2
         0         1         1
       849      1669
      2809        11         2         1         7         2
         0         1         1
       850      1670
      2810        11         2         1         7         2
         0         1         1
       851      1671
      2811        11         2         1         7         2
         0         1         1
       852      1672
      2812        11         2         1         7         2
         0         1         1
       853      1673
      2813        11         2         1         7         2
         0         1         1
       854      1674
      2814        11         2         1         7         2
         0         1         1
       855      1675
      2815        11         2         1         7         2
         0         1         1
       856      1676
      2816        11         2         1         7         2
         0         1         1
       857      1677
      2817        11         2         1         7         2
         0         1         1
       858      1678
      2818        11         2         1         7         2
         0         1         1
       859      1679
      2819        11         2         1         7         2
         0         1         1
       860      1680
      2820        11         2         1         7         2
         0         1         1
       861      1681
      2821        11         2         1         7         2
         0         1         1
         1       862
      2822        11         2         1         7         2
         0         1         1
       862       863
      2823        11         2         1         7         2
         0         1         1
       863       864
      2824        11         2         1         7         2
         0         1         1
       864       865
      2825        11         2         1         7         2
         0         1         1
       865       866
      2826        11         2         1         7         2
         0         1         1
       866       867
      2827        11         2         1         7         2
         0         1         1
       867       868
      2828        11         2         1         7         2
         0         1         1
       868       869
      2829        11         2         1         7         2
         0         1         1
       869       870
      2830        11         2         1         7         2
         0         1         1
       870       871
      2831        11         2         1         7         2
         0         1         1
         3       872
      2832        11         2         1         7         2
         0         1         1
       872       873
      2833        11         2         1         7         2
         0         1         1
       873       874
      2834        11         2         1         7         2
         0         1         1
       874       875
      2835        11         2         1         7         2
         0         1         1
       875       876
      2836        11         2         1         7         2
         0         1         1
       876       877
      2837        11         2         1         7         2
         0         1         1
       877       878
      2838        11         2         1         7         2
         0         1         1
       878       879
      2839        11         2         1         7         2
         0         1         1
       879       880
      2840        11         2         1         7         2
         0         1         1
       880       881
      2841        11         2         1         7         2
         0         1         1
       871       882
      2842        11         2         1         7         2
         0         1         1
       882       883
      2843        11         2         1         7         2
         0         1         1
       883       884
      2844        11         2         1         7         2
         0         1         1
       884       885
      2845        11         2         1         7         2
         0         1         1
       885       886
      2846        11         2         1         7         2
         0         1         1
       886       887
      2847        11         2         1         7         2
         0         1         1
       887       888
      2848        11         2         1         7         2
         0         1         1
       888       889
      2849        11         2         1         7         2
         0         1         1
       889       890
      2850        11         2         1         7         2
         0         1         1
       890       881
      2851        11         2         1         7         2
         0         1         1
         5       891
      2852        11         2         1         7         2
         0         1         1
       891       892
      2853        11         2         1         7         2
         0         1         1
       892       893
      2854        11         2         1         7         2
         0         1         1
       893       894
      2855        11         2         1         7         2
         0         1         1
       894       895
      2856        11         2         1         7         2
         0         1         1
       895       896
      2857        11         2         1         7         2
         0         1         1
       896       897
      2858        11         2         1         7         2
         0         1         1
       897       898
      2859        11         2         1         7         2
         0         1         1
       898       899
      2860        11         2         1         7         2
         0         1         1
       899       900
      2861        11         2         1         7         2
         0         1         1
       881       901
      2862        11         2         1         7         2
         0         1         1
       901       902
      2863        11         2         1         7         2
         0         1         1
       902       903
      2864        11         2         1         7         2
         0         1         1
       903       904
      2865        11         2         1         7         2
         0         1         1
       904       905
      2866        11         2         1         7         2
         0         1         1
       905       906
      2867        11         2         1         7         2
         0         1         1
       906       907
      2868        11         2         1         7         2
         0         1         1
       907       908
      2869        11         2         1         7         2
         0         1         1
       908       909
      2870        11         2         1         7         2
         0         1         1
       909       900
      2871        11         2         1         7         2
         0         1         1
         7       910
      2872        11         2         1         7         2
         0         1         1
       910       911
      2873        11         2         1         7         2
         0         1         1
       911       912
      2874        11         2         1         7         2
         0         1         1
       912       913
      2875        11         2         1         7         2
         0         1         1
       913       914
      2876        11         2         1         7         2
         0         1         1
       914       915
      2877        11         2         1         7         2
         0         1         1
       915       916
      2878        11         2         1         7         2
         0         1         1
       916       917
      2879        11         2         1         7         2
         0         1         1
       917       918
      2880        11         2         1         7         2
         0         1         1
       918       919
      2881        11         2         1         7         2
         0         1         1
       900       920
      2882        11         2         1         7         2
         0         1         1
       920       921
      2883        11         2         1         7         2
         0         1         1
       921       922
      2884        11         2         1         7         2
         0         1         1
       922       923
      2885        11         2         1         7         2
         0         1         1
       923       924
      2886        11         2         1         7         2
         0         1         1
       924       925
      2887        11         2         1         7         2
         0         1         1
       925       926
      2888        11         2         1         7         2
         0         1         1
       926       927
      2889        11         2         1         7         2
         0         1         1
       927       928
      2890        11         2         1         7         2
         0         1         1
       928       919
      2891        11         2         1         7         2
         0         1         1
         9       929
      2892        11         2         1         7         2
         0         1         1
       929       930
      2893        11         2         1         7         2
         0         1         1
       930       931
      2894        11         2         1         7         2
         0         1         1
       931       932
      2895        11         2         1         7         2
         0         1         1
       932       933
      2896        11         2         1         7         2
         0         1         1
       933       934
      2897        11         2         1         7         2
         0         1         1
       934       935
      2898        11         2         1         7         2
         0         1         1
       935       936
      2899        11         2         1         7         2
         0         1         1
       936       937
      2900        11         2         1         7         2
         0         1         1
       937       938
      2901        11         2         1         7         2
         0         1         1
       919       939
      2902        11         2         1         7         2
         0         1         1
       939       940
      2903        11         2         1         7         2
         0         1         1
       940       941
      2904        11         2         1         7         2
         0         1         1
       941       942
      2905        11         2         1         7         2
         0         1         1
       942       943
      2906        11         2         1         7         2
         0         1         1
       943       944
      2907        11         2         1         7         2
         0         1         1
       944       945
      2908        11         2         1         7         2
         0         1         1
       945       946
      2909        11         2         1         7         2
         0         1         1
       946       947
      2910        11         2         1         7         2
         0         1         1
       947       938
      2911        11         2         1         7         2
         0         1         1
       871       948
      2912        11         2         1         7         2
         0         1         1
       948       949
      2913        11         2         1         7         2
         0         1         1
       949       950
      2914        11         2         1         7         2
         0         1         1
       950       951
      2915        11         2         1         7         2
         0         1         1
       951       952
      2916        11         2         1         7         2
         0         1         1
       952       953
      2917        11         2         1         7         2
         0         1         1
       953       954
      2918        11         2         1         7         2
         0         1         1
       954       955
      2919        11         2         1         7         2
         0         1         1
       955       956
      2920        11         2         1         7         2
         0         1         1
       956       957
      2921        11         2         1         7         2
         0         1         1
       881       958
      2922        11         2         1         7         2
         0         1         1
       958       959
      2923        11         2         1         7         2
         0         1         1
       959       960
      2924        11         2         1         7         2
         0         1         1
       960       961
      2925        11         2         1         7         2
         0         1         1
       961       962
      2926        11         2         1         7         2
         0         1         1
       962       963
      2927        11         2         1         7         2
         0         1         1
       963       964
      2928        11         2         1         7         2
         0         1         1
       964       965
      2929        11         2         1         7         2
         0         1         1
       965       966
      2930        11         2         1         7         2
         0         1         1
       966       967
      2931        11         2         1         7         2
         0         1         1
       957       968
      2932        11         2         1         7         2
         0         1         1
       968       969
      2933        11         2         1         7         2
         0         1         1
       969       970
      2934        11         2         1         7         2
         0         1         1
       970       971
      2935        11         2         1         7         2
         0         1         1
       971       972
      2936        11         2         1         7         2
         0         1         1
       972       973
      2937        11         2         1         7         2
         0         1         1
       973       974
      2938        11         2         1         7         2
         0         1         1
       974       975
      2939        11         2         1         7         2
         0         1         1
       975       976
      2940        11         2         1         7         2
         0         1         1
       976       967
      2941        11         2         1         7         2
         0         1         1
       900       977
      2942        11         2         1         7         2
         0         1         1
       977       978
      2943        11         2         1         7         2
         0         1         1
       978       979
      2944        11         2         1         7         2
         0         1         1
       979       980
      2945        11         2         1         7         2
         0         1         1
       980       981
      2946        11         2         1         7         2
         0         1         1
       981       982
      2947        11         2         1         7         2
         0         1         1
       982       983
      2948        11         2         1         7         2
         0         1         1
       983       984
      2949        11         2         1         7         2
         0         1         1
       984       985
      2950        11         2         1         7         2
         0         1         1
       985       986
      2951        11         2         1         7         2
         0         1         1
       967       987
      2952        11         2         1         7         2
         0         1         1
       987       988
      2953        11         2         1         7         2
         0         1         1
       988       989
      2954        11         2         1         7         2
         0         1         1
       989       990
      2955        11         2         1         7         2
         0         1         1
       990       991
      2956        11         2         1         7         2
         0         1         1
       991       992
      2957        11         2         1         7         2
         0         1         1
       992       993
      2958        11         2         1         7         2
         0         1         1
       993       994
      2959        11         2         1         7         2
         0         1         1
       994       995
      2960        11         2         1         7         2
         0         1         1
       995       986
      2961        11         2         1         7         2
         0         1         1
       919       996
      2962        11         2         1         7         2
         0         1         1
       996       997
      2963        11         2         1         7         2
         0         1         1
       997       998
      2964        11         2         1         7         2
         0         1         1
       998       999
      2965        11         2         1         7         2
         0         1         1
       999      1000
      2966        11         2         1         7         2
         0         1         1
      1000      1001
      2967        11         2         1         7         2
         0         1         1
      1001      1002
      2968        11         2         1         7         2
         0         1         1
      1002      1003
      2969        11         2         1         7         2
         0         1         1
      1003      1004
      2970        11         2         1         7         2
         0         1         1
      1004      1005
      2971        11         2         1         7         2
         0         1         1
       986      1006
      2972        11         2         1         7         2
         0         1         1
      1006      1007
      2973        11         2         1         7         2
         0         1         1
      1007      1008
      2974        11         2         1         7         2
         0         1         1
      1008      1009
      2975        11         2         1         7         2
         0         1         1
      1009      1010
      2976        11         2         1         7         2
         0         1         1
      1010      1011
      2977        11         2         1         7         2
         0         1         1
      1011      1012
      2978        11         2         1         7         2
         0         1         1
      1012      1013
      2979        11         2         1         7         2
         0         1         1
      1013      1014
      2980        11         2         1         7         2
         0         1         1
      1014      1005
      2981        11         2         1         7         2
         0         1         1
       938      1015
      2982        11         2         1         7         2
         0         1         1
      1015      1016
      2983        11         2         1         7         2
         0         1         1
      1016      1017
      2984        11         2         1         7         2
         0         1         1
      1017      1018
      2985        11         2         1         7         2
         0         1         1
      1018      1019
      2986        11         2         1         7         2
         0         1         1
      1019      1020
      2987        11         2         1         7         2
         0         1         1
      1020      1021
      2988        11         2         1         7         2
         0         1         1
      1021      1022
      2989        11         2         1         7         2
         0         1         1
      1022      1023
      2990        11         2         1         7         2
         0         1         1
      1023      1024
      2991        11         2         1         7         2
         0         1         1
      1005      1025
      2992        11         2         1         7         2
         0         1         1
      1025      1026
      2993        11         2         1         7         2
         0         1         1
      1026      1027
      2994        11         2         1         7         2
         0         1         1
      1027      1028
      2995        11         2         1         7         2
         0         1         1
      1028      1029
      2996        11         2         1         7         2
         0         1         1
      1029      1030
      2997        11         2         1         7         2
         0         1         1
      1030      1031
      2998        11         2         1         7         2
         0         1         1
      1031      1032
      2999        11         2         1         7         2
         0         1         1
      1032      1033
      3000        11         2         1         7         2
         0         1         1
      1033      1024
       221        44         2         1         7         4
         2        24       214        43
       222        44         2         1         7         4
        43       214       215        44
       223        44         2         1         7         4
        44       215       216        45
       224        44         2         1         7         4
        45       216       217        46
       225        44         2         1         7         4
        46       217       218        47
       226        44         2         1         7         4
        47       218       219        48
       227        44         2         1         7         4
        48       219       220        49
       228        44         2         1         7         4
        49       220       221        50
       229        44         2         1         7         4
        50       221       222        51
       230        44         2         1         7         4
        51       222        42         4
       231        44         2         1         7         4
        24        23       223       214
       232        44         2         1         7         4
       214       223       224       215
       233        44         2         1         7         4
       215       224       225       216
       234        44         2         1         7         4
       216       225       226       217
       235        44         2         1         7         4
       217       226       227       218
       236        44         2         1         7         4
       218       227       228       219
       237        44         2         1         7         4
       219       228       229       220
       238        44         2         1         7         4
       220       229       230       221
       239        44         2         1         7         4
       221       230       231       222
       240        44         2         1         7         4
       222       231        41        42
       241        44         2         1         7         4
        23        22       232       223
       242        44         2         1         7         4
       223       232       233       224
       243        44         2         1         7         4
       224       233       234       225
       244        44         2         1         7         4
       225       234       235       226
       245        44         2         1         7         4
       226       235       236       227
       246        44         2         1         7         4
       227       236       237       228
       247        44         2         1         7         4
       228       237       238       229
       248        44         2         1         7         4
       229       238       239       230
       249        44         2         1         7         4
       230       239       240       231
       250        44         2         1         7         4
       231       240        40        41
       251        44         2         1         7         4
        22        21       241       232
       252        44         2         1         7         4
       232       241       242       233
       253        44         2         1         7         4
       233       242       243       234
       254        44         2         1         7         4
       234       243       244       235
       255        44         2         1         7         4
       235       244       245       236
       256        44         2         1         7         4
       236       245       246       237
       257        44         2         1         7         4
       237       246       247       238
       258        44         2         1         7         4
       238       247       248       239
       259        44         2         1         7         4
       239       248       249       240
       260        44         2         1         7         4
       240       249        39        40
       261        44         2         1         7         4
        21        20       250       241
       262        44         2         1         7         4
       241       250       251       242
       263        44         2         1         7         4
       242       251       252       243
       264        44         2         1         7         4
       243       252       253       244
       265        44         2         1         7         4
       244       253       254       245
       266        44         2         1         7         4
       245       254       255       246
       267        44         2         1         7         4
       246       255       256       247
       268        44         2         1         7         4
       247       256       257       248
       269        44         2         1         7         4
       248       257       258       249
       270        44         2         1         7         4
       249       258        38        39
       271        44         2         1         7         4
        20        19       259       250
       272        44         2         1         7         4
       250       259       260       251
       273        44         2         1         7         4
       251       260       261       252
       274        44         2         1         7         4
       252       261       262       253
       275        44         2         1         7         4
       253       262       263       254
       276        44         2         1         7         4
       254       263       264       255
       277        44         2         1         7         4
       255       264       265       256
       278        44         2         1         7         4
       256       265       266       257
       279        44         2         1         7         4
       257       266       267       258
       280        44         2         1         7         4
       258       267        37        38
       281        44         2         1         7         4
        19        18       268       259
       282        44         2         1         7         4
       259       268       269       260
       283        44         2         1         7         4
       260       269       270       261
       284        44         2         1         7         4
       261       270       271       262
       285        44         2         1         7         4
       262       271       272       263
       286        44         2         1         7         4
       263       272       273       264
       287        44         2         1         7         4
       264       273       274       265
       288        44         2         1         7         4
       265       274       275       266
       289        44         2         1         7         4
       266       275       276       267
       290        44         2         1         7         4
       267       276        36        37
       291        44         2         1         7         4
        18        17       277       268
       292        44         2         1         7         4
       268       277       278       269
       293        44         2         1         7         4
       269       278       279       270
       294        44         2         1         7         4
       270       279       280       271
       295        44         2         1         7         4
       271       280       281       272
       296        44         2         1         7         4
       272       281       282       273
       297        44         2         1         7         4
       273       282       283       274
       298        44         2         1         7         4
       274       283       284       275
       299        44         2         1         7         4
       275       284       285       276
       300        44         2         1         7         4
       276       285        35        36
       301        44         2         1         7         4
        17        16       286       277
       302        44         2         1         7         4
       277       286       287       278
       303        44         2         1         7         4
       278       287       288       279
       304        44         2         1         7         4
       279       288       289       280
       305        44         2         1         7         4
       280       289       290       281
       306        44         2         1         7         4
       281       290       291       282
       307        44         2         1         7         4
       282       291       292       283
       308        44         2         1         7         4
       283       292       293       284
       309        44         2         1         7         4
       284       293       294       285
       310        44         2         1         7         4
       285       294        34        35
       311        44         2         1         7         4
        16         1        25       286
       312        44         2         1         7         4
       286        25        26       287
       313        44         2         1         7         4
       287        26        27       288
       314        44         2         1         7         4
       288        27        28       289
       315        44         2         1         7         4
       289        28        29       290
       316        44         2         1         7         4
       290        29        30       291
       317        44         2         1         7         4
       291        30        31       292
       318        44         2         1         7         4
       292        31        32       293
       319        44         2         1         7         4
       293        32        33       294
       320        44         2         1         7         4
       294        33         3        34
       321        44         2         1         7         4
         4        42       295        70
       322        44         2         1         7         4
        70       295       296        71
       323        44         2         1         7         4
        71       296       297        72
       324        44         2         1         7         4
        72       297       298        73
       325        44         2         1         7         4
        73       298       299        74
       326        44         2         1         7         4
        74       299       300        75
       327        44         2         1         7         4
        75       300       301        76
       328        44         2         1         7         4
        76       301       302        77
       329        44         2         1         7         4
        77       302       303        78
       330        44         2         1         7         4
        78       303        69         6
       331        44         2         1         7         4
        42        41       304       295
       332        44         2         1         7         4
       295       304       305       296
       333        44         2         1         7         4
       296       305       306       297
       334        44         2         1         7         4
       297       306       307       298
       335        44         2         1         7         4
       298       307       308       299
       336        44         2         1         7         4
       299       308       309       300
       337        44         2         1         7         4
       300       309       310       301
       338        44         2         1         7         4
       301       310       311       302
       339        44         2         1         7         4
       302       311       312       303
       340        44         2         1         7         4
       303       312        68        69
       341        44         2         1         7         4
        41        40       313       304
       342        44         2         1         7         4
       304       313       314       305
       343        44         2         1         7         4
       305       314       315       306
       344        44         2         1         7         4
       306       315       316       307
       345        44         2         1         7         4
       307       316       317       308
       346        44         2         1         7         4
       308       317       318       309
       347        44         2         1         7         4
       309       318       319       310
       348        44         2         1         7         4
       310       319       320       311
       349        44         2         1         7         4
       311       320       321       312
       350        44         2         1         7         4
       312       321        67        68
       351        44         2         1         7         4
        40        39       322       313
       352        44         2         1         7         4
       313       322       323       314
       353        44         2         1         7         4
       314       323       324       315
       354        44         2         1         7         4
       315       324       325       316
       355        44         2         1         7         4
       316       325       326       317
       356        44         2         1         7         4
       317       326       327       318
       357        44         2         1         7         4
       318       327       328       319
       358        44         2         1         7         4
       319       328       329       320
       359        44         2         1         7         4
       320       329       330       321
       360        44         2         1         7         4
       321       330        66        67
       361        44         2         1         7         4
        39        38       331       322
       362        44         2         1         7         4
       322       331       332       323
       363        44         2         1         7         4
       323       332       333       324
       364        44         2         1         7         4
       324       333       334       325
       365        44         2         1         7         4
       325       334       335       326
       366        44         2         1         7         4
       326       335       336       327
       367        44         2         1         7         4
       327       336       337       328
       368        44         2         1         7         4
       328       337       338       329
       369        44         2         1         7         4
       329       338       339       330
       370        44         2         1         7         4
       330       339        65        66
       371        44         2         1         7         4
        38        37       340       331
       372        44         2         1         7         4
       331       340       341       332
       373        44         2         1         7         4
       332       341       342       333
       374        44         2         1         7         4
       333       342       343       334
       375        44         2         1         7         4
       334       343       344       335
       376        44         2         1         7         4
       335       344       345       336
       377        44         2         1         7         4
       336       345       346       337
       378        44         2         1         7         4
       337       346       347       338
       379        44         2         1         7         4
       338       347       348       339
       380        44         2         1         7         4
       339       348        64        65
       381        44         2         1         7         4
        37        36       349       340
       382        44         2         1         7         4
       340       349       350       341
       383        44         2         1         7         4
       341       350       351       342
       384        44         2         1         7         4
       342       351       352       343
       385        44         2         1         7         4
       343       352       353       344
       386        44         2         1         7         4
       344       353       354       345
       387        44         2         1         7         4
       345       354       355       346
       388        44         2         1         7         4
       346       355       356       347
       389        44         2         1         7         4
       347       356       357       348
       390        44         2         1         7         4
       348       357        63        64
       391        44         2         1         7         4
        36        35       358       349
       392        44         2         1         7         4
       349       358       359       350
       393        44         2         1         7         4
       350       359       360       351
       394        44         2         1         7         4
       351       360       361       352
       395        44         2         1         7         4
       352       361       362       353
       396        44         2         1         7         4
       353       362       363       354
       397        44         2         1         7         4
       354       363       364       355
       398        44         2         1         7         4
       355       364       365       356
       399        44         2         1         7         4
       356       365       366       357
       400        44         2         1         7         4
       357       366        62        63
       401        44         2         1         7         4
        35        34       367       358
       402        44         2         1         7         4
       358       367       368       359
       403        44         2         1         7         4
       359       368       369       360
       404        44         2         1         7         4
       360       369       370       361
       405        44         2         1         7         4
       361       370       371       362
       406        44         2         1         7         4
       362       371       372       363
       407        44         2         1         7         4
       363       372       373       364
       408        44         2         1         7         4
       364       373       374       365
       409        44         2         1         7         4
       365       374       375       366
       410        44         2         1         7         4
       366       375        61        62
       411        44         2         1         7         4
        34         3        52       367
       412        44         2         1         7         4
       367        52        53       368
       413        44         2         1         7         4
       368        53        54       369
       414        44         2         1         7         4
       369        54        55       370
       415        44         2         1         7         4
       370        55        56       371
       416        44         2         1         7         4
       371        56        57       372
       417        44         2         1         7         4
       372        57        58       373
       418        44         2         1         7         4
       373        58        59       374
       419        44         2         1         7         4
       374        59        60       375
       420        44         2         1         7         4
       375        60         5        61
       421        44         2         1         7         4
         6        69       376        97
       422        44         2         1         7         4
        97       376       377        98
       423        44         2         1         7         4
        98       377       378        99
       424        44         2         1         7         4
        99       378       379       100
       425        44         2         1         7         4
       100       379       380       101
       426        44         2         1         7         4
       101       380       381       102
       427        44         2         1         7         4
       102       381       382       103
       428        44         2         1         7         4
       103       382       383       104
       429        44         2         1         7         4
       104       383       384       105
       430        44         2         1         7         4
       105       384        96         8
       431        44         2         1         7         4
        69        68       385       376
       432        44         2         1         7         4
       376       385       386       377
       433        44         2         1         7         4
       377       386       387       378
       434        44         2         1         7         4
       378       387       388       379
       435        44         2         1         7         4
       379       388       389       380
       436        44         2         1         7         4
       380       389       390       381
       437        44         2         1         7         4
       381       390       391       382
       438        44         2         1         7         4
       382       391       392       383
       439        44         2         1         7         4
       383       392       393       384
       440        44         2         1         7         4
       384       393        95        96
       441        44         2         1         7         4
        68        67       394       385
       442        44         2         1         7         4
       385       394       395       386
       443        44         2         1         7         4
       386       395       396       387
       444        44         2         1         7         4
       387       396       397       388
       445        44         2         1         7         4
       388       397       398       389
       446        44         2         1         7         4
       389       398       399       390
       447        44         2         1         7         4
       390       399       400       391
       448        44         2         1         7         4
       391       400       401       392
       449        44         2         1         7         4
       392       401       402       393
       450        44         2         1         7         4
       393       402        94        95
       451        44         2         1         7         4
        67        66       403       394
       452        44         2         1         7         4
       394       403       404       395
       453        44         2         1         7         4
       395       404       405       396
       454        44         2         1         7         4
       396       405       406       397
       455        44         2         1         7         4
       397       406       407       398
       456        44         2         1         7         4
       398       407       408       399
       457        44         2         1         7         4
       399       408       409       400
       458        44         2         1         7         4
       400       409       410       401
       459        44         2         1         7         4
       401       410       411       402
       460        44         2         1         7         4
       402       411        93        94
       461        44         2         1         7         4
        66        65       412       403
       462        44         2         1         7         4
       403       412       413       404
       463        44         2         1         7         4
       404       413       414       405
       464        44         2         1         7         4
       405       414       415       406
       465        44         2         1         7         4
       406       415       416       407
       466        44         2         1         7         4
       407       416       417       408
       467        44         2         1         7         4
       408       417       418       409
       468        44         2         1         7         4
       409       418       419       410
       469        44         2         1         7         4
       410       419       420       411
       470        44         2         1         7         4
       411       420        92        93
       471        44         2         1         7         4
        65        64       421       412
       472        44         2         1         7         4
       412       421       422       413
       473        44         2         1         7         4
       413       422       423       414
       474        44         2         1         7         4
       414       423       424       415
       475        44         2         1         7         4
       415       424       425       416
       476        44         2         1         7         4
       416       425       426       417
       477        44         2         1         7         4
       417       426       427       418
       478        44         2         1         7         4
       418       427       428       419
       479        44         2         1         7         4
       419       428       429       420
       480        44         2         1         7         4
       420       429        91        92
       481        44         2         1         7         4
        64        63       430       421
       482        44         2         1         7         4
       421       430       431       422
       483        44         2         1         7         4
       422       431       432       423
       484        44         2         1         7         4
       423       432       433       424
       485        44         2         1         7         4
       424       433       434       425
       486        44         2         1         7         4
       425       434       435       426
       487        44         2         1         7         4
       426       435       436       427
       488        44         2         1         7         4
       427       436       437       428
       489        44         2         1         7         4
       428       437       438       429
       490        44         2         1         7         4
       429       438        90        91
       491        44         2         1         7         4
        63        62       439       430
       492        44         2         1         7         4
       430       439       440       431
       493        44         2         1         7         4
       431       440       441       432
       494        44         2         1         7         4
       432       441       442       433
       495        44         2         1         7         4
       433       442       443       434
       496        44         2         1         7         4
       434       443       444       435
       497        44         2         1         7         4
       435       444       445       436
       498        44         2         1         7         4
       436       445       446       437
       499        44         2         1         7         4
       437       446       447       438
       500        44         2         1         7         4
       438       447        89        90
       501        44         2         1         7         4
        62        61       448       439
       502        44         2         1         7         4
       439       448       449       440
       503        44         2         1         7         4
       440       449       450       441
       504        44         2         1         7         4
       441       450       451       442
       505        44         2         1         7         4
       442       451       452       443
       506        44         2         1         7         4
       443       452       453       444
       507        44         2         1         7         4
       444       453       454       445
       508        44         2         1         7         4
       445       454       455       446
       509        44         2         1         7         4
       446       455       456       447
       510        44         2         1         7         4
       447       456        88        89
       511        44         2         1         7         4
        61         5        79       448
       512        44         2         1         7         4
       448        79        80       449
       513        44         2         1         7         4
       449        80        81       450
       514        44         2         1         7         4
       450        81        82       451
       515        44         2         1         7         4
       451        82        83       452
       516        44         2         1         7         4
       452        83        84       453
       517        44         2         1         7         4
       453        84        85       454
       518        44         2         1         7         4
       454        85        86       455
       519        44         2         1         7         4
       455        86        87       456
       520        44         2         1         7         4
       456        87         7        88
       521        44         2         1         7         4
         8        96       457       124
       522        44         2         1         7         4
       124       457       458       125
       523        44         2         1         7         4
       125       458       459       126
       524        44         2         1         7         4
       126       459       460       127
       525        44         2         1         7         4
       127       460       461       128
       526        44         2         1         7         4
       128       461       462       129
       527        44         2         1         7         4
       129       462       463       130
       528        44         2         1         7         4
       130       463       464       131
       529        44         2         1         7         4
       131       464       465       132
       530        44         2         1         7         4
       132       465       123        10
       531        44         2         1         7         4
        96        95       466       457
       532        44         2         1         7         4
       457       466       467       458
       533        44         2         1         7         4
       458       467       468       459
       534        44         2         1         7         4
       459       468       469       460
       535        44         2         1         7         4
       460       469       470       461
       536        44         2         1         7         4
       461       470       471       462
       537        44         2         1         7         4
       462       471       472       463
       538        44         2         1         7         4
       463       472       473       464
       539        44         2         1         7         4
       464       473       474       465
       540        44         2         1         7         4
       465       474       122       123
       541        44         2         1         7         4
        95        94       475       466
       542        44         2         1         7         4
       466       475       476       467
       543        44         2         1         7         4
       467       476       477       468
       544        44         2         1         7         4
       468       477       478       469
       545        44         2         1         7         4
       469       478       479       470
       546        44         2         1         7         4
       470       479       480       471
       547        44         2         1         7         4
       471       480       481       472
       548        44         2         1         7         4
       472       481       482       473
       549        44         2         1         7         4
       473       482       483       474
       550        44         2         1         7         4
       474       483       121       122
       551        44         2         1         7         4
        94        93       484       475
       552        44         2         1         7         4
       475       484       485       476
       553        44         2         1         7         4
       476       485       486       477
       554        44         2         1         7         4
       477       486       487       478
       555        44         2         1         7         4
       478       487       488       479
       556        44         2         1         7         4
       479       488       489       480
       557        44         2         1         7         4
       480       489       490       481
       558        44         2         1         7         4
       481       490       491       482
       559        44         2         1         7         4
       482       491       492       483
       560        44         2         1         7         4
       483       492       120       121
       561        44         2         1         7         4
        93        92       493       484
       562        44         2         1         7         4
       484       493       494       485
       563        44         2         1         7         4
       485       494       495       486
       564        44         2         1         7         4
       486       495       496       487
       565        44         2         1         7         4
       487       496       497       488
       566        44         2         1         7         4
       488       497       498       489
       567        44         2         1         7         4
       489       498       499       490
       568        44         2         1         7         4
       490       499       500       491
       569        44         2         1         7         4
       491       500       501       492
       570        44         2         1         7         4
       492       501       119       120
       571        44         2         1         7         4
        92        91       502       493
       572        44         2         1         7         4
       493       502       503       494
       573        44         2         1         7         4
       494       503       504       495
       574        44         2         1         7         4
       495       504       505       496
       575        44         2         1         7         4
       496       505       506       497
       576        44         2         1         7         4
       497       506       507       498
       577        44         2         1         7         4
       498       507       508       499
       578        44         2         1         7         4
       499       508       509       500
       579        44         2         1         7         4
       500       509       510       501
       580        44         2         1         7         4
       501       510       118       119
       581        44         2         1         7         4
        91        90       511       502
       582        44         2         1         7         4
       502       511       512       503
       583        44         2         1         7         4
       503       512       513       504
       584        44         2         1         7         4
       504       513       514       505
       585        44         2         1         7         4
       505       514       515       506
       586        44         2         1         7         4
       506       515       516       507
       587        44         2         1         7         4
       507       516       517       508
       588        44         2         1         7         4
       508       517       518       509
       589        44         2         1         7         4
       509       518       519       510
       590        44         2         1         7         4
       510       519       117       118
       591        44         2         1         7         4
        90        89       520       511
       592        44         2         1         7         4
       511       520       521       512
       593        44         2         1         7         4
       512       521       522       513
       594        44         2         1         7         4
       513       522       523       514
       595        44         2         1         7         4
       514       523       524       515
       596        44         2         1         7         4
       515       524       525       516
       597        44         2         1         7         4
       516       525       526       517
       598        44         2         1         7         4
       517       526       527       518
       599        44         2         1         7         4
       518       527       528       519
       600        44         2         1         7         4
       519       528       116       117
       601        44         2         1         7         4
        89        88       529       520
       602        44         2         1         7         4
       520       529       530       521
       603        44         2         1         7         4
       521       530       531       522
       604        44         2         1         7         4
       522       531       532       523
       605        44         2         1         7         4
       523       532       533       524
       606        44         2         1         7         4
       524       533       534       525
       607        44         2         1         7         4
       525       534       535       526
       608        44         2         1         7         4
       526       535       536       527
       609        44         2         1         7         4
       527       536       537       528
       610        44         2         1         7         4
       528       537       115       116
       611        44         2         1         7         4
        88         7       106       529
       612        44         2         1         7         4
       529       106       107       530
       613        44         2         1         7         4
       530       107       108       531
       614        44         2         1         7         4
       531       108       109       532
       615        44         2         1         7         4
       532       109       110       533
       616        44         2         1         7         4
       533       110       111       534
       617        44         2         1         7         4
       534       111       112       535
       618        44         2         1         7         4
       535       112       113       536
       619        44         2         1         7         4
       536       113       114       537
       620        44         2         1         7         4
       537       114         9       115
       621        44         2         1         7         4
        11       141       538       151
       622        44         2         1         7         4
       151       538       539       152
       623        44         2         1         7         4
       152       539       540       153
       624        44         2         1         7         4
       153       540       541       154
       625        44         2         1         7         4
       154       541       542       155
       626        44         2         1         7         4
       155       542       543       156
       627        44         2         1         7         4
       156       543       544       157
       628        44         2         1         7         4
       157       544       545       158
       629        44         2         1         7         4
       158       545       546       159
       630        44         2         1         7         4
       159       546       150        12
       631        44         2         1         7         4
       141       140       547       538
       632        44         2         1         7         4
       538       547       548       539
       633        44         2         1         7         4
       539       548       549       540
       634        44         2         1         7         4
       540       549       550       541
       635        44         2         1         7         4
       541       550       551       542
       636        44         2         1         7         4
       542       551       552       543
       637        44         2         1         7         4
       543       552       553       544
       638        44         2         1         7         4
       544       553       554       545
       639        44         2         1         7         4
       545       554       555       546
       640        44         2         1         7         4
       546       555       149       150
       641        44         2         1         7         4
       140       139       556       547
       642        44         2         1         7         4
       547       556       557       548
       643        44         2         1         7         4
       548       557       558       549
       644        44         2         1         7         4
       549       558       559       550
       645        44         2         1         7         4
       550       559       560       551
       646        44         2         1         7         4
       551       560       561       552
       647        44         2         1         7         4
       552       561       562       553
       648        44         2         1         7         4
       553       562       563       554
       649        44         2         1         7         4
       554       563       564       555
       650        44         2         1         7         4
       555       564       148       149
       651        44         2         1         7         4
       139       138       565       556
       652        44         2         1         7         4
       556       565       566       557
       653        44         2         1         7         4
       557       566       567       558
       654        44         2         1         7         4
       558       567       568       559
       655        44         2         1         7         4
       559       568       569       560
       656        44         2         1         7         4
       560       569       570       561
       657        44         2         1         7         4
       561       570       571       562
       658        44         2         1         7         4
       562       571       572       563
       659        44         2         1         7         4
       563       572       573       564
       660        44         2         1         7         4
       564       573       147       148
       661        44         2         1         7         4
       138       137       574       565
       662        44         2         1         7         4
       565       574       575       566
       663        44         2         1         7         4
       566       575       576       567
       664        44         2         1         7         4
       567       576       577       568
       665        44         2         1         7         4
       568       577       578       569
       666        44         2         1         7         4
       569       578       579       570
       667        44         2         1         7         4
       570       579       580       571
       668        44         2         1         7         4
       571       580       581       572
       669        44         2         1         7         4
       572       581       582       573
       670        44         2         1         7         4
       573       582       146       147
       671        44         2         1         7         4
       137       136       583       574
       672        44         2         1         7         4
       574       583       584       575
       673        44         2         1         7         4
       575       584       585       576
       674        44         2         1         7         4
       576       585       586       577
       675        44         2         1         7         4
       577       586       587       578
       676        44         2         1         7         4
       578       587       588       579
       677        44         2         1         7         4
       579       588       589       580
       678        44         2         1         7         4
       580       589       590       581
       679        44         2         1         7         4
       581       590       591       582
       680        44         2         1         7         4
       582       591       145       146
       681        44         2         1         7         4
       136       135       592       583
       682        44         2         1         7         4
       583       592       593       584
       683        44         2         1         7         4
       584       593       594       585
       684        44         2         1         7         4
       585       594       595       586
       685        44         2         1         7         4
       586       595       596       587
       686        44         2         1         7         4
       587       596       597       588
       687        44         2         1         7         4
       588       597       598       589
       688        44         2         1         7         4
       589       598       599       590
       689        44         2         1         7         4
       590       599       600       591
       690        44         2         1         7         4
       591       600       144       145
       691        44         2         1         7         4
       135       134       601       592
       692        44         2         1         7         4
       592       601       602       593
       693        44         2         1         7         4
       593       602       603       594
       694        44         2         1         7         4
       594       603       604       595
       695        44         2         1         7         4
       595       604       605       596
       696        44         2         1         7         4
       596       605       606       597
       697        44         2         1         7         4
       597       606       607       598
       698        44         2         1         7         4
       598       607       608       599
       699        44         2         1         7         4
       599       608       609       600
       700        44         2         1         7         4
       600       609       143       144
       701        44         2         1         7         4
       134       133       610       601
       702        44         2         1         7         4
       601       610       611       602
       703        44         2         1         7         4
       602       611       612       603
       704        44         2         1         7         4
       603       612       613       604
       705        44         2         1         7         4
       604       613       614       605
       706        44         2         1         7         4
       605       614       615       606
       707        44         2         1         7         4
       606       615       616       607
       708        44         2         1         7         4
       607       616       617       608
       709        44         2         1         7         4
       608       617       618       609
       710        44         2         1         7         4
       609       618       142       143
       711        44         2         1         7         4
       133         2        43       610
       712        44         2         1         7         4
       610        43        44       611
       713        44         2         1         7         4
       611        44        45       612
       714        44         2         1         7         4
       612        45        46       613
       715        44         2         1         7         4
       613        46        47       614
       716        44         2         1         7         4
       614        47        48       615
       717        44         2         1         7         4
       615        48        49       616
       718        44         2         1         7         4
       616        49        50       617
       719        44         2         1         7         4
       617        50        51       618
       720        44         2         1         7         4
       618        51         4       142
       721        44         2         1         7         4
        12       150       619       169
       722        44         2         1         7         4
       169       619       620       170
       723        44         2         1         7         4
       170       620       621       171
       724        44         2         1         7         4
       171       621       622       172
       725        44         2         1         7         4
       172       622       623       173
       726        44         2         1         7         4
       173       623       624       174
       727        44         2         1         7         4
       174       624       625       175
       728        44         2         1         7         4
       175       625       626       176
       729        44         2         1         7         4
       176       626       627       177
       730        44         2         1         7         4
       177       627       168        13
       731        44         2         1         7         4
       150       149       628       619
       732        44         2         1         7         4
       619       628       629       620
       733        44         2         1         7         4
       620       629       630       621
       734        44         2         1         7         4
       621       630       631       622
       735        44         2         1         7         4
       622       631       632       623
       736        44         2         1         7         4
       623       632       633       624
       737        44         2         1         7         4
       624       633       634       625
       738        44         2         1         7         4
       625       634       635       626
       739        44         2         1         7         4
       626       635       636       627
       740        44         2         1         7         4
       627       636       167       168
       741        44         2         1         7         4
       149       148       637       628
       742        44         2         1         7         4
       628       637       638       629
       743        44         2         1         7         4
       629       638       639       630
       744        44         2         1         7         4
       630       639       640       631
       745        44         2         1         7         4
       631       640       641       632
       746        44         2         1         7         4
       632       641       642       633
       747        44         2         1         7         4
       633       642       643       634
       748        44         2         1         7         4
       634       643       644       635
       749        44         2         1         7         4
       635       644       645       636
       750        44         2         1         7         4
       636       645       166       167
       751        44         2         1         7         4
       148       147       646       637
       752        44         2         1         7         4
       637       646       647       638
       753        44         2         1         7         4
       638       647       648       639
       754        44         2         1         7         4
       639       648       649       640
       755        44         2         1         7         4
       640       649       650       641
       756        44         2         1         7         4
       641       650       651       642
       757        44         2         1         7         4
       642       651       652       643
       758        44         2         1         7         4
       643       652       653       644
       759        44         2         1         7         4
       644       653       654       645
       760        44         2         1         7         4
       645       654       165       166
       761        44         2         1         7         4
       147       146       655       646
       762        44         2         1         7         4
       646       655       656       647
       763        44         2         1         7         4
       647       656       657       648
       764        44         2         1         7         4
       648       657       658       649
       765        44         2         1         7         4
       649       658       659       650
       766        44         2         1         7         4
       650       659       660       651
       767        44         2         1         7         4
       651       660       661       652
       768        44         2         1         7         4
       652       661       662       653
       769        44         2         1         7         4
       653       662       663       654
       770        44         2         1         7         4
       654       663       164       165
       771        44         2         1         7         4
       146       145       664       655
       772        44         2         1         7         4
       655       664       665       656
       773        44         2         1         7         4
       656       665       666       657
       774        44         2         1         7         4
       657       666       667       658
       775        44         2         1         7         4
       658       667       668       659
       776        44         2         1         7         4
       659       668       669       660
       777        44         2         1         7         4
       660       669       670       661
       778        44         2         1         7         4
       661       670       671       662
       779        44         2         1         7         4
       662       671       672       663
       780        44         2         1         7         4
       663       672       163       164
       781        44         2         1         7         4
       145       144       673       664
       782        44         2         1         7         4
       664       673       674       665
       783        44         2         1         7         4
       665       674       675       666
       784        44         2         1         7         4
       666       675       676       667
       785        44         2         1         7         4
       667       676       677       668
       786        44         2         1         7         4
       668       677       678       669
       787        44         2         1         7         4
       669       678       679       670
       788        44         2         1         7         4
       670       679       680       671
       789        44         2         1         7         4
       671       680       681       672
       790        44         2         1         7         4
       672       681       162       163
       791        44         2         1         7         4
       144       143       682       673
       792        44         2         1         7         4
       673       682       683       674
       793        44         2         1         7         4
       674       683       684       675
       794        44         2         1         7         4
       675       684       685       676
       795        44         2         1         7         4
       676       685       686       677
       796        44         2         1         7         4
       677       686       687       678
       797        44         2         1         7         4
       678       687       688       679
       798        44         2         1         7         4
       679       688       689       680
       799        44         2         1         7         4
       680       689       690       681
       800        44         2         1         7         4
       681       690       161       162
       801        44         2         1         7         4
       143       142       691       682
       802        44         2         1         7         4
       682       691       692       683
       803        44         2         1         7         4
       683       692       693       684
       804        44         2         1         7         4
       684       693       694       685
       805        44         2         1         7         4
       685       694       695       686
       806        44         2         1         7         4
       686       695       696       687
       807        44         2         1         7         4
       687       696       697       688
       808        44         2         1         7         4
       688       697       698       689
       809        44         2         1         7         4
       689       698       699       690
       810        44         2         1         7         4
       690       699       160       161
       811        44         2         1         7         4
       142         4        70       691
       812        44         2         1         7         4
       691        70        71       692
       813        44         2         1         7         4
       692        71        72       693
       814        44         2         1         7         4
       693        72        73       694
       815        44         2         1         7         4
       694        73        74       695
       816        44         2         1         7         4
       695        74        75       696
       817        44         2         1         7         4
       696        75        76       697
       818        44         2         1         7         4
       697        76        77       698
       819        44         2         1         7         4
       698        77        78       699
       820        44         2         1         7         4
       699        78         6       160
       821        44         2         1         7         4
        13       168       700       187
       822        44         2         1         7         4
       187       700       701       188
       823        44         2         1         7         4
       188       701       702       189
       824        44         2         1         7         4
       189       702       703       190
       825        44         2         1         7         4
       190       703       704       191
       826        44         2         1         7         4
       191       704       705       192
       827        44         2         1         7         4
       192       705       706       193
       828        44         2         1         7         4
       193       706       707       194
       829        44         2         1         7         4
       194       707       708       195
       830        44         2         1         7         4
       195       708       186        14
       831        44         2         1         7         4
       168       167       709       700
       832        44         2         1         7         4
       700       709       710       701
       833        44         2         1         7         4
       701       710       711       702
       834        44         2         1         7         4
       702       711       712       703
       835        44         2         1         7         4
       703       712       713       704
       836        44         2         1         7         4
       704       713       714       705
       837        44         2         1         7         4
       705       714       715       706
       838        44         2         1         7         4
       706       715       716       707
       839        44         2         1         7         4
       707       716       717       708
       840        44         2         1         7         4
       708       717       185       186
       841        44         2         1         7         4
       167       166       718       709
       842        44         2         1         7         4
       709       718       719       710
       843        44         2         1         7         4
       710       719       720       711
       844        44         2         1         7         4
       711       720       721       712
       845        44         2         1         7         4
       712       721       722       713
       846        44         2         1         7         4
       713       722       723       714
       847        44         2         1         7         4
       714       723       724       715
       848        44         2         1         7         4
       715       724       725       716
       849        44         2         1         7         4
       716       725       726       717
       850        44         2         1         7         4
       717       726       184       185
       851        44         2         1         7         4
       166       165       727       718
       852        44         2         1         7         4
       718       727       728       719
       853        44         2         1         7         4
       719       728       729       720
       854        44         2         1         7         4
       720       729       730       721
       855        44         2         1         7         4
       721       730       731       722
       856        44         2         1         7         4
       722       731       732       723
       857        44         2         1         7         4
       723       732       733       724
       858        44         2         1         7         4
       724       733       734       725
       859        44         2         1         7         4
       725       734       735       726
       860        44         2         1         7         4
       726       735       183       184
       861        44         2         1         7         4
       165       164       736       727
       862        44         2         1         7         4
       727       736       737       728
       863        44         2         1         7         4
       728       737       738       729
       864        44         2         1         7         4
       729       738       739       730
       865        44         2         1         7         4
       730       739       740       731
       866        44         2         1         7         4
       731       740       741       732
       867        44         2         1         7         4
       732       741       742       733
       868        44         2         1         7         4
       733       742       743       734
       869        44         2         1         7         4
       734       743       744       735
       870        44         2         1         7         4
       735       744       182       183
       871        44         2         1         7         4
       164       163       745       736
       872        44         2         1         7         4
       736       745       746       737
       873        44         2         1         7         4
       737       746       747       738
       874        44         2         1         7         4
       738       747       748       739
       875        44         2         1         7         4
       739       748       749       740
       876        44         2         1         7         4
       740       749       750       741
       877        44         2         1         7         4
       741       750       751       742
       878        44         2         1         7         4
       742       751       752       743
       879        44         2         1         7         4
       743       752       753       744
       880        44         2         1         7         4
       744       753       181       182
       881        44         2         1         7         4
       163       162       754       745
       882        44         2         1         7         4
       745       754       755       746
       883        44         2         1         7         4
       746       755       756       747
       884        44         2         1         7         4
       747       756       757       748
       885        44         2         1         7         4
       748       757       758       749
       886        44         2         1         7         4
       749       758       759       750
       887        44         2         1         7         4
       750       759       760       751
       888        44         2         1         7         4
       751       760       761       752
       889        44         2         1         7         4
       752       761       762       753
       890        44         2         1         7         4
       753       762       180       181
       891        44         2         1         7         4
       162       161       763       754
       892        44         2         1         7         4
       754       763       764       755
       893        44         2         1         7         4
       755       764       765       756
       894        44         2         1         7         4
       756       765       766       757
       895        44         2         1         7         4
       757       766       767       758
       896        44         2         1         7         4
       758       767       768       759
       897        44         2         1         7         4
       759       768       769       760
       898        44         2         1         7         4
       760       769       770       761
       899        44         2         1         7         4
       761       770       771       762
       900        44         2         1         7         4
       762       771       179       180
       901        44         2         1         7         4
       161       160       772       763
       902        44         2         1         7         4
       763       772       773       764
       903        44         2         1         7         4
       764       773       774       765
       904        44         2         1         7         4
       765       774       775       766
       905        44         2         1         7         4
       766       775       776       767
       906        44         2         1         7         4
       767       776       777       768
       907        44         2         1         7         4
       768       777       778       769
       908        44         2         1         7         4
       769       778       779       770
       909        44         2         1         7         4
       770       779       780       771
       910        44         2         1         7         4
       771       780       178       179
       911        44         2         1         7         4
       160         6        97       772
       912        44         2         1         7         4
       772        97        98       773
       913        44         2         1         7         4
       773        98        99       774
       914        44         2         1         7         4
       774        99       100       775
       915        44         2         1         7         4
       775       100       101       776
       916        44         2         1         7         4
       776       101       102       777
       917        44         2         1         7         4
       777       102       103       778
       918        44         2         1         7         4
       778       103       104       779
       919        44         2         1         7         4
       779       104       105       780
       920        44         2         1         7         4
       780       105         8       178
       921        44         2         1         7         4
        14       186       781       205
       922        44         2         1         7         4
       205       781       782       206
       923        44         2         1         7         4
       206       782       783       207
       924        44         2         1         7         4
       207       783       784       208
       925        44         2         1         7         4
       208       784       785       209
       926        44         2         1         7         4
       209       785       786       210
       927        44         2         1         7         4
       210       786       787       211
       928        44         2         1         7         4
       211       787       788       212
       929        44         2         1         7         4
       212       788       789       213
       930        44         2         1         7         4
       213       789       204        15
       931        44         2         1         7         4
       186       185       790       781
       932        44         2         1         7         4
       781       790       791       782
       933        44         2         1         7         4
       782       791       792       783
       934        44         2         1         7         4
       783       792       793       784
       935        44         2         1         7         4
       784       793       794       785
       936        44         2         1         7         4
       785       794       795       786
       937        44         2         1         7         4
       786       795       796       787
       938        44         2         1         7         4
       787       796       797       788
       939        44         2         1         7         4
       788       797       798       789
       940        44         2         1         7         4
       789       798       203       204
       941        44         2         1         7         4
       185       184       799       790
       942        44         2         1         7         4
       790       799       800       791
       943        44         2         1         7         4
       791       800       801       792
       944        44         2         1         7         4
       792       801       802       793
       945        44         2         1         7         4
       793       802       803       794
       946        44         2         1         7         4
       794       803       804       795
       947        44         2         1         7         4
       795       804       805       796
       948        44         2         1         7         4
       796       805       806       797
       949        44         2         1         7         4
       797       806       807       798
       950        44         2         1         7         4
       798       807       202       203
       951        44         2         1         7         4
       184       183       808       799
       952        44         2         1         7         4
       799       808       809       800
       953        44         2         1         7         4
       800       809       810       801
       954        44         2         1         7         4
       801       810       811       802
       955        44         2         1         7         4
       802       811       812       803
       956        44         2         1         7         4
       803       812       813       804
       957        44         2         1         7         4
       804       813       814       805
       958        44         2         1         7         4
       805       814       815       806
       959        44         2         1         7         4
       806       815       816       807
       960        44         2         1         7         4
       807       816       201       202
       961        44         2         1         7         4
       183       182       817       808
       962        44         2         1         7         4
       808       817       818       809
       963        44         2         1         7         4
       809       818       819       810
       964        44         2         1         7         4
       810       819       820       811
       965        44         2         1         7         4
       811       820       821       812
       966        44         2         1         7         4
       812       821       822       813
       967        44         2         1         7         4
       813       822       823       814
       968        44         2         1         7         4
       814       823       824       815
       969        44         2         1         7         4
       815       824       825       816
       970        44         2         1         7         4
       816       825       200       201
       971        44         2         1         7         4
       182       181       826       817
       972        44         2         1         7         4
       817       826       827       818
       973        44         2         1         7         4
       818       827       828       819
       974        44         2         1         7         4
       819       828       829       820
       975        44         2         1         7         4
       820       829       830       821
       976        44         2         1         7         4
       821       830       831       822
       977        44         2         1         7         4
       822       831       832       823
       978        44         2         1         7         4
       823       832       833       824
       979        44         2         1         7         4
       824       833       834       825
       980        44         2         1         7         4
       825       834       199       200
       981        44         2         1         7         4
       181       180       835       826
       982        44         2         1         7         4
       826       835       836       827
       983        44         2         1         7         4
       827       836       837       828
       984        44         2         1         7         4
       828       837       838       829
       985        44         2         1         7         4
       829       838       839       830
       986        44         2         1         7         4
       830       839       840       831
       987        44         2         1         7         4
       831       840       841       832
       988        44         2         1         7         4
       832       841       842       833
       989        44         2         1         7         4
       833       842       843       834
       990        44         2         1         7         4
       834       843       198       199
       991        44         2         1         7         4
       180       179       844       835
       992        44         2         1         7         4
       835       844       845       836
       993        44         2         1         7         4
       836       845       846       837
       994        44         2         1         7         4
       837       846       847       838
       995        44         2         1         7         4
       838       847       848       839
       996        44         2         1         7         4
       839       848       849       840
       997        44         2         1         7         4
       840       849       850       841
       998        44         2         1         7         4
       841       850       851       842
       999        44         2         1         7         4
       842       851       852       843
      1000        44         2         1         7         4
       843       852       197       198
      1001        44         2         1         7         4
       179       178       853       844
      1002        44         2         1         7         4
       844       853       854       845
      1003        44         2         1         7         4
       845       854       855       846
      1004        44         2         1         7         4
       846       855       856       847
      1005        44         2         1         7         4
       847       856       857       848
      1006        44         2         1         7         4
       848       857       858       849
      1007        44         2         1         7         4
       849       858       859       850
      1008        44         2         1         7         4
       850       859       860       851
      1009        44         2         1         7         4
       851       860       861       852
      1010        44         2         1         7         4
       852       861       196       197
      1011        44         2         1         7         4
       178         8       124       853
      1012        44         2         1         7         4
       853       124       125       854
      1013        44         2         1         7         4
       854       125       126       855
      1014        44         2         1         7         4
       855       126       127       856
      1015        44         2         1         7         4
       856       127       128       857
      1016        44         2         1         7         4
       857       128       129       858
      1017        44         2         1         7         4
       858       129       130       859
      1018        44         2         1         7         4
       859       130       131       860
      1019        44         2         1         7         4
       860       131       132       861
      1020        44         2         1         7         4
       861       132        10       196
      1021        41         2         1         7         3
         1       862        16
      1022        44         2         1         7         4
        17        16       862       863
      1023        44         2         1         7         4
        18        17       863       864
      1024        44         2         1         7         4
        19        18       864       865
      1025        44         2         1         7         4
        20        19       865       866
      1026        44         2         1         7         4
        21        20       866       867
      1027        44         2         1         7         4
        22        21       867       868
      1028        44         2         1         7         4
        23        22       868       869
      1029        44         2         1         7         4
        24        23       869       870
      1030        44         2         1         7         4
         2        24       870       871
      1031        41         2         1         7         3
        34         3       872
      1032        44         2         1         7         4
        35        34       872       873
      1033        44         2         1         7         4
        36        35       873       874
      1034        44         2         1         7         4
        37        36       874       875
      1035        44         2         1         7         4
        38        37       875       876
      1036        44         2         1         7         4
        39        38       876       877
      1037        44         2         1         7         4
        40        39       877       878
      1038        44         2         1         7         4
        41        40       878       879
      1039        44         2         1         7         4
        42        41       879       880
      1040        44         2         1         7         4
         4        42       880       881
      1041        44         2         1         7         4
         2        43       882       871
      1042        44         2         1         7         4
        43        44       883       882
      1043        44         2         1         7         4
        44        45       884       883
      1044        44         2         1         7         4
        45        46       885       884
      1045        44         2         1         7         4
        46        47       886       885
      1046        44         2         1         7         4
        47        48       887       886
      1047        44         2         1         7         4
        48        49       888       887
      1048        44         2         1         7         4
        49        50       889       888
      1049        44         2         1         7         4
        50        51       890       889
      1050        44         2         1         7         4
        51         4       881       890
      1051        41         2         1         7         3
        61         5       891
      1052        44         2         1         7         4
        62        61       891       892
      1053        44         2         1         7         4
        63        62       892       893
      1054        44         2         1         7         4
        64        63       893       894
      1055        44         2         1         7         4
        65        64       894       895
      1056        44         2         1         7         4
        66        65       895       896
      1057        44         2         1         7         4
        67        66       896       897
      1058        44         2         1         7         4
        68        67       897       898
      1059        44         2         1         7         4
        69        68       898       899
      1060        44         2         1         7         4
         6        69       899       900
      1061        44         2         1         7         4
        70         4       881       901
      1062        44         2         1         7         4
        71        70       901       902
      1063        44         2         1         7         4
        72        71       902       903
      1064        44         2         1         7         4
        73        72       903       904
      1065        44         2         1         7         4
        74        73       904       905
      1066        44         2         1         7         4
        75        74       905       906
      1067        44         2         1         7         4
        76        75       906       907
      1068        44         2         1         7         4
        77        76       907       908
      1069        44         2         1         7         4
        78        77       908       909
      1070        44         2         1         7         4
         6        78       909       900
      1071        41         2         1         7         3
        88         7       910
      1072        44         2         1         7         4
        89        88       910       911
      1073        44         2         1         7         4
        90        89       911       912
      1074        44         2         1         7         4
        91        90       912       913
      1075        44         2         1         7         4
        92        91       913       914
      1076        44         2         1         7         4
        93        92       914       915
      1077        44         2         1         7         4
        94        93       915       916
      1078        44         2         1         7         4
        95        94       916       917
      1079        44         2         1         7         4
        96        95       917       918
      1080        44         2         1         7         4
         8        96       918       919
      1081        44         2         1         7         4
        97         6       900       920
      1082        44         2         1         7         4
        98        97       920       921
      1083        44         2         1         7         4
        99        98       921       922
      1084        44         2         1         7         4
       100        99       922       923
      1085        44         2         1         7         4
       101       100       923       924
      1086        44         2         1         7         4
       102       101       924       925
      1087        44         2         1         7         4
       103       102       925       926
      1088        44         2         1         7         4
       104       103       926       927
      1089        44         2         1         7         4
       105       104       927       928
      1090        44         2         1         7         4
         8       105       928       919
      1091        41         2         1         7         3
         9       115       929
      1092        44         2         1         7         4
       116       930       929       115
      1093        44         2         1         7         4
       117       931       930       116
      1094        44         2         1         7         4
       118       932       931       117
      1095        44         2         1         7         4
       119       933       932       118
      1096        44         2         1         7         4
       120       934       933       119
      1097        44         2         1         7         4
       121       935       934       120
      1098        44         2         1         7         4
       122       936       935       121
      1099        44         2         1         7         4
       123       937       936       122
      1100        44         2         1         7         4
        10       938       937       123
      1101        44         2         1         7         4
       124         8       919       939
      1102        44         2         1         7         4
       125       124       939       940
      1103        44         2         1         7         4
       126       125       940       941
      1104        44         2         1         7         4
       127       126       941       942
      1105        44         2         1         7         4
       128       127       942       943
      1106        44         2         1         7         4
       129       128       943       944
      1107        44         2         1         7         4
       130       129       944       945
      1108        44         2         1         7         4
       131       130       945       946
      1109        44         2         1         7         4
       132       131       946       947
      1110        44         2         1         7         4
        10       132       947       938
      1111        44         2         1         7         4
       133         2       871       948
      1112        44         2         1         7         4
       134       133       948       949
      1113        44         2         1         7         4
       135       134       949       950
      1114        44         2         1         7         4
       136       135       950       951
      1115        44         2         1         7         4
       137       136       951       952
      1116        44         2         1         7         4
       138       137       952       953
      1117        44         2         1         7         4
       139       138       953       954
      1118        44         2         1         7         4
       140       139       954       955
      1119        44         2         1         7         4
       141       140       955       956
      1120        44         2         1         7         4
        11       141       956       957
      1121        44         2         1         7         4
       142         4       881       958
      1122        44         2         1         7         4
       143       142       958       959
      1123        44         2         1         7         4
       144       143       959       960
      1124        44         2         1         7         4
       145       144       960       961
      1125        44         2         1         7         4
       146       145       961       962
      1126        44         2         1         7         4
       147       146       962       963
      1127        44         2         1         7         4
       148       147       963       964
      1128        44         2         1         7         4
       149       148       964       965
      1129        44         2         1         7         4
       150       149       965       966
      1130        44         2         1         7         4
        12       150       966       967
      1131        44         2         1         7         4
        11       957       968       151
      1132        44         2         1         7         4
       151       968       969       152
      1133        44         2         1         7         4
       152       969       970       153
      1134        44         2         1         7         4
       153       970       971       154
      1135        44         2         1         7         4
       154       971       972       155
      1136        44         2         1         7         4
       155       972       973       156
      1137        44         2         1         7         4
       156       973       974       157
      1138        44         2         1         7         4
       157       974       975       158
      1139        44         2         1         7         4
       158       975       976       159
      1140        44         2         1         7         4
       159       976       967        12
      1141        44         2         1         7         4
       160         6       900       977
      1142        44         2         1         7         4
       161       160       977       978
      1143        44         2         1         7         4
       162       161       978       979
      1144        44         2         1         7         4
       163       162       979       980
      1145        44         2         1         7         4
       164       163       980       981
      1146        44         2         1         7         4
       165       164       981       982
      1147        44         2         1         7         4
       166       165       982       983
      1148        44         2         1         7         4
       167       166       983       984
      1149        44         2         1         7         4
       168       167       984       985
      1150        44         2         1         7         4
        13       168       985       986
      1151        44         2         1         7         4
       169        12       967       987
      1152        44         2         1         7         4
       170       169       987       988
      1153        44         2         1         7         4
       171       170       988       989
      1154        44         2         1         7         4
       172       171       989       990
      1155        44         2         1         7         4
       173       172       990       991
      1156        44         2         1         7         4
       174       173       991       992
      1157        44         2         1         7         4
       175       174       992       993
      1158        44         2         1         7         4
       176       175       993       994
      1159        44         2         1         7         4
       177       176       994       995
      1160        44         2         1         7         4
        13       177       995       986
      1161        44         2         1         7         4
       178         8       919       996
      1162        44         2         1         7         4
       179       178       996       997
      1163        44         2         1         7         4
       180       179       997       998
      1164        44         2         1         7         4
       181       180       998       999
      1165        44         2         1         7         4
       182       181       999      1000
      1166        44         2         1         7         4
       183       182      1000      1001
      1167        44         2         1         7         4
       184       183      1001      1002
      1168        44         2         1         7         4
       185       184      1002      1003
      1169        44         2         1         7         4
       186       185      1003      1004
      1170        44         2         1         7         4
        14       186      1004      1005
      1171        44         2         1         7         4
       187        13       986      1006
      1172        44         2         1         7         4
       188       187      1006      1007
      1173        44         2         1         7         4
       189       188      1007      1008
      1174        44         2         1         7         4
       190       189      1008      1009
      1175        44         2         1         7         4
       191       190      1009      1010
      1176        44         2         1         7         4
       192       191      1010      1011
      1177        44         2         1         7         4
       193       192      1011      1012
      1178        44         2         1         7         4
       194       193      1012      1013
      1179        44         2         1         7         4
       195       194      1013      1014
      1180        44         2         1         7         4
        14       195      1014      1005
      1181        44         2         1         7         4
       196      1015       938        10
      1182        44         2         1         7         4
       197      1016      1015       196
      1183        44         2         1         7         4
       198      1017      1016       197
      1184        44         2         1         7         4
       199      1018      1017       198
      1185        44         2         1         7         4
       200      1019      1018       199
      1186        44         2         1         7         4
       201      1020      1019       200
      1187        44         2         1         7         4
       202      1021      1020       201
      1188        44         2         1         7         4
       203      1022      1021       202
      1189        44         2         1         7         4
       204      1023      1022       203
      1190        44         2         1         7         4
        15      1024      1023       204
      1191        44         2         1         7         4
       205        14      1005      1025
      1192        44         2         1         7         4
       206       205      1025      1026
      1193        44         2         1         7         4
       207       206      1026      1027
      1194        44         2         1         7         4
       208       207      1027      1028
      1195        44         2         1         7         4
       209       208      1028      1029
      1196        44         2         1         7         4
       210       209      1029      1030
      1197        44         2         1         7         4
       211       210      1030      1031
      1198        44         2         1         7         4
       212       211      1031      1032
      1199        44         2         1         7         4
       213       212      1032      1033
      1200        44         2         1         7         4
        15       213      1033      1024
      3001        44         2         1         7         4
       871       870      1034       882
      3002        44         2         1         7         4
       882      1034      1035       883
      3003        44         2         1         7         4
       883      1035      1036       884
      3004        44         2         1         7         4
       884      1036      1037       885
      3005        44         2         1         7         4
       885      1037      1038       886
      3006        44         2         1         7         4
       886      1038      1039       887
      3007        44         2         1         7         4
       887      1039      1040       888
      3008        44         2         1         7         4
       888      1040      1041       889
      3009        44         2         1         7         4
       889      1041      1042       890
      3010        44         2         1         7         4
       890      1042       880       881
      3011        44         2         1         7         4
       870       869      1043      1034
      3012        44         2         1         7         4
      1034      1043      1044      1035
      3013        44         2         1         7         4
      1035      1044      1045      1036
      3014        44         2         1         7         4
      1036      1045      1046      1037
      3015        44         2         1         7         4
      1037      1046      1047      1038
      3016        44         2         1         7         4
      1038      1047      1048      1039
      3017        44         2         1         7         4
      1039      1048      1049      1040
      3018        44         2         1         7         4
      1040      1049      1050      1041
      3019        44         2         1         7         4
      1041      1050      1051      1042
      3020        44         2         1         7         4
      1042      1051       879       880
      3021        44         2         1         7         4
       869       868      1052      1043
      3022        44         2         1         7         4
      1043      1052      1053      1044
      3023        44         2         1         7         4
      1044      1053      1054      1045
      3024        44         2         1         7         4
      1045      1054      1055      1046
      3025        44         2         1         7         4
      1046      1055      1056      1047
      3026        44         2         1         7         4
      1047      1056      1057      1048
      3027        44         2         1         7         4
      1048      1057      1058      1049
      3028        44         2         1         7         4
      1049      1058      1059      1050
      3029        44         2         1         7         4
      1050      1059      1060      1051
      3030        44         2         1         7         4
      1051      1060       878       879
      3031        44         2         1         7         4
       868       867      1061      1052
      3032        44         2         1         7         4
      1052      1061      1062      1053
      3033        44         2         1         7         4
      1053      1062      1063      1054
      3034        44         2         1         7         4
      1054      1063      1064      1055
      3035        44         2         1         7         4
      1055      1064      1065      1056
      3036        44         2         1         7         4
      1056      1065      1066      1057
      3037        44         2         1         7         4
      1057      1066      1067      1058
      3038        44         2         1         7         4
      1058      1067      1068      1059
      3039        44         2         1         7         4
      1059      1068      1069      1060
      3040        44         2         1         7         4
      1060      1069       877       878
      3041        44         2         1         7         4
       867       866      1070      1061
      3042        44         2         1         7         4
      1061      1070      1071      1062
      3043        44         2         1         7         4
      1062      1071      1072      1063
      3044        44         2         1         7         4
      1063      1072      1073      1064
      3045        44         2         1         7         4
      1064      1073      1074      1065
      3046        44         2         1         7         4
      1065      1074      1075      1066
      3047        44         2         1         7         4
      1066      1075      1076      1067
      3048        44         2         1         7         4
      1067      1076      1077      1068
      3049        44         2         1         7         4
      1068      1077      1078      1069
      3050        44         2         1         7         4
      1069      1078       876       877
      3051        44         2         1         7         4
       866       865      1079      1070
      3052        44         2         1         7         4
      1070      1079      1080      1071
      3053        44         2         1         7         4
      1071      1080      1081      1072
      3054        44         2         1         7         4
      1072      1081      1082      1073
      3055        44         2         1         7         4
      1073      1082      1083      1074
      3056        44         2         1         7         4
      1074      1083      1084      1075
      3057        44         2         1         7         4
      1075      1084      1085      1076
      3058        44         2         1         7         4
      1076      1085      1086      1077
      3059        44         2         1         7         4
      1077      1086      1087      1078
      3060        44         2         1         7         4
      1078      1087       875       876
      3061        44         2         1         7         4
       865       864      1088      1079
      3062        44         2         1         7         4
      1079      1088      1089      1080
      3063        44         2         1         7         4
      1080      1089      1090      1081
      3064        44         2         1         7         4
      1081      1090      1091      1082
      3065        44         2         1         7         4
      1082      1091      1092      1083
      3066        44         2         1         7         4
      1083      1092      1093      1084
      3067        44         2         1         7         4
      1084      1093      1094      1085
      3068        44         2         1         7         4
      1085      1094      1095      1086
      3069        44         2         1         7         4
      1086      1095      1096      1087
      3070        44         2         1         7         4
      1087      1096       874       875
      3071        44         2         1         7         4
       864       863      1097      1088
      3072        44         2         1         7         4
      1088      1097      1098      1089
      3073        44         2         1         7         4
      1089      1098      1099      1090
      3074        44         2         1         7         4
      1090      1099      1100      1091
      3075        44         2         1         7         4
      1091      1100      1101      1092
      3076        44         2         1         7         4
      1092      1101      1102      1093
      3077        44         2         1         7         4
      1093      1102      1103      1094
      3078        44         2         1         7         4
      1094      1103      1104      1095
      3079        44         2         1         7         4
      1095      1104      1105      1096
      3080        44         2         1         7         4
      1096      1105       873       874
      3081        44         2         1         7         4
       863       862      1106      1097
      3082        44         2         1         7         4
      1097      1106      1107      1098
      3083        44         2         1         7         4
      1098      1107      1108      1099
      3084        44         2         1         7         4
      1099      1108      1109      1100
      3085        44         2         1         7         4
      1100      1109      1110      1101
      3086        44         2         1         7         4
      1101      1110      1111      1102
      3087        44         2         1         7         4
      1102      1111      1112      1103
      3088        44         2         1         7         4
      1103      1112      1113      1104
      3089        44         2         1         7         4
      1104      1113      1114      1105
      3090        44         2         1         7         4
      1105      1114       872       873
      3091        44         2         1         7         4
        25      1106       862         1
      3092        44         2         1         7         4
        26      1107      1106        25
      3093        44         2         1         7         4
        27      1108      1107        26
      3094        44         2         1         7         4
        28      1109      1108        27
      3095        44         2         1         7         4
        29      1110      1109        28
      3096        44         2         1         7         4
        30      1111      1110        29
      3097        44         2         1         7         4
        31      1112      1111        30
      3098        44         2         1         7         4
        32      1113      1112        31
      3099        44         2         1         7         4
        33      1114      1113        32
      3100        44         2         1         7         4
         3       872      1114        33
      3101        44         2         1         7         4
       881       880      1115       901
      3102        44         2         1         7         4
       901      1115      1116       902
      3103        44         2         1         7         4
       902      1116      1117       903
      3104        44         2         1         7         4
       903      1117      1118       904
      3105        44         2         1         7         4
       904      1118      1119       905
      3106        44         2         1         7         4
       905      1119      1120       906
      3107        44         2         1         7         4
       906      1120      1121       907
      3108        44         2         1         7         4
       907      1121      1122       908
      3109        44         2         1         7         4
       908      1122      1123       909
      3110        44         2         1         7         4
       909      1123       899       900
      3111        44         2         1         7         4
       880       879      1124      1115
      3112        44         2         1         7         4
      1115      1124      1125      1116
      3113        44         2         1         7         4
      1116      1125      1126      1117
      3114        44         2         1         7         4
      1117      1126      1127      1118
      3115        44         2         1         7         4
      1118      1127      1128      1119
      3116        44         2         1         7         4
      1119      1128      1129      1120
      3117        44         2         1         7         4
      1120      1129      1130      1121
      3118        44         2         1         7         4
      1121      1130      1131      1122
      3119        44         2         1         7         4
      1122      1131      1132      1123
      3120        44         2         1         7         4
      1123      1132       898       899
      3121        44         2         1         7         4
       879       878      1133      1124
      3122        44         2         1         7         4
      1124      1133      1134      1125
      3123        44         2         1         7         4
      1125      1134      1135      1126
      3124        44         2         1         7         4
      1126      1135      1136      1127
      3125        44         2         1         7         4
      1127      1136      1137      1128
      3126        44         2         1         7         4
      1128      1137      1138      1129
      3127        44         2         1         7         4
      1129      1138      1139      1130
      3128        44         2         1         7         4
      1130      1139      1140      1131
      3129        44         2         1         7         4
      1131      1140      1141      1132
      3130        44         2         1         7         4
      1132      1141       897       898
      3131        44         2         1         7         4
       878       877      1142      1133
      3132        44         2         1         7         4
      1133      1142      1143      1134
      3133        44         2         1         7         4
      1134      1143      1144      1135
      3134        44         2         1         7         4
      1135      1144      1145      1136
      3135        44         2         1         7         4
      1136      1145      1146      1137
      3136        44         2         1         7         4
      1137      1146      1147      1138
      3137        44         2         1         7         4
      1138      1147      1148      1139
      3138        44         2         1         7         4
      1139      1148      1149      1140
      3139        44         2         1         7         4
      1140      1149      1150      1141
      3140        44         2         1         7         4
      1141      1150       896       897
      3141        44         2         1         7         4
       877       876      1151      1142
      3142        44         2         1         7         4
      1142      1151      1152      1143
      3143        44         2         1         7         4
      1143      1152      1153      1144
      3144        44         2         1         7         4
      1144      1153      1154      1145
      3145        44         2         1         7         4
      1145      1154      1155      1146
      3146        44         2         1         7         4
      1146      1155      1156      1147
      3147        44         2         1         7         4
      1147      1156      1157      1148
      3148        44         2         1         7         4
      1148      1157      1158      1149
      3149        44         2         1         7         4
      1149      1158      1159      1150
      3150        44         2         1         7         4
      1150      1159       895       896
      3151        44         2         1         7         4
       876       875      1160      1151
      3152        44         2         1         7         4
      1151      1160      1161      1152
      3153        44         2         1         7         4
      1152      1161      1162      1153
      3154        44         2         1         7         4
      1153      1162      1163      1154
      3155        44         2         1         7         4
      1154      1163      1164      1155
      3156        44         2         1         7         4
      1155      1164      1165      1156
      3157        44         2         1         7         4
      1156      1165      1166      1157
      3158        44         2         1         7         4
      1157      1166      1167      1158
      3159        44         2         1         7         4
      1158      1167      1168      1159
      3160        44         2         1         7         4
      1159      1168       894       895
      3161        44         2         1         7         4
       875       874      1169      1160
      3162        44         2         1         7         4
      1160      1169      1170      1161
      3163        44         2         1         7         4
      1161      1170      1171      1162
      3164        44         2         1         7         4
      1162      1171      1172      1163
      3165        44         2         1         7         4
      1163      1172      1173      1164
      3166        44         2         1         7         4
      1164      1173      1174      1165
      3167        44         2         1         7         4
      1165      1174      1175      1166
      3168        44         2         1         7         4
      1166      1175      1176      1167
      3169        44         2         1         7         4
      1167      1176      1177      1168
      3170        44         2         1         7         4
      1168      1177       893       894
      3171        44         2         1         7         4
       874       873      1178      1169
      3172        44         2         1         7         4
      1169      1178      1179      1170
      3173        44         2         1         7         4
      1170      1179      1180      1171
      3174        44         2         1         7         4
      1171      1180      1181      1172
      3175        44         2         1         7         4
      1172      1181      1182      1173
      3176        44         2         1         7         4
      1173      1182      1183      1174
      3177        44         2         1         7         4
      1174      1183      1184      1175
      3178        44         2         1         7         4
      1175      1184      1185      1176
      3179        44         2         1         7         4
      1176      1185      1186      1177
      3180        44         2         1         7         4
      1177      1186       892       893
      3181        44         2         1         7         4
       873       872      1187      1178
      3182        44         2         1         7         4
      1178      1187      1188      1179
      3183        44         2         1         7         4
      1179      1188      1189      1180
      3184        44         2         1         7         4
      1180      1189      1190      1181
      3185        44         2         1         7         4
      1181      1190      1191      1182
      3186        44         2         1         7         4
      1182      1191      1192      1183
      3187        44         2         1         7         4
      1183      1192      1193      1184
      3188        44         2         1         7         4
      1184      1193      1194      1185
      3189        44         2         1         7         4
      1185      1194      1195      1186
      3190        44         2         1         7         4
      1186      1195       891       892
      3191        44         2         1         7         4
        52      1187       872         3
      3192        44         2         1         7         4
        53      1188      1187        52
      3193        44         2         1         7         4
        54      1189      1188        53
      3194        44         2         1         7         4
        55      1190      1189        54
      3195        44         2         1         7         4
        56      1191      1190        55
      3196        44         2         1         7         4
        57      1192      1191        56
      3197        44         2         1         7         4
        58      1193      1192        57
      3198        44         2         1         7         4
        59      1194      1193        58
      3199        44         2         1         7         4
        60      1195      1194        59
      3200        44         2         1         7         4
         5       891      1195        60
      3201        44         2         1         7         4
       900       899      1196       920
      3202        44         2         1         7         4
       920      1196      1197       921
      3203        44         2         1         7         4
       921      1197      1198       922
      3204        44         2         1         7         4
       922      1198      1199       923
      3205        44         2         1         7         4
       923      1199      1200       924
      3206        44         2         1         7         4
       924      1200      1201       925
      3207        44         2         1         7         4
       925      1201      1202       926
      3208        44         2         1         7         4
       926      1202      1203       927
      3209        44         2         1         7         4
       927      1203      1204       928
      3210        44         2         1         7         4
       928      1204       918       919
      3211        44         2         1         7         4
       899       898      1205      1196
      3212        44         2         1         7         4
      1196      1205      1206      1197
      3213        44         2         1         7         4
      1197      1206      1207      1198
      3214        44         2         1         7         4
      1198      1207      1208      1199
      3215        44         2         1         7         4
      1199      1208      1209      1200
      3216        44         2         1         7         4
      1200      1209      1210      1201
      3217        44         2         1         7         4
      1201      1210      1211      1202
      3218        44         2         1         7         4
      1202      1211      1212      1203
      3219        44         2         1         7         4
      1203      1212      1213      1204
      3220        44         2         1         7         4
      1204      1213       917       918
      3221        44         2         1         7         4
       898       897      1214      1205
      3222        44         2         1         7         4
      1205      1214      1215      1206
      3223        44         2         1         7         4
      1206      1215      1216      1207
      3224        44         2         1         7         4
      1207      1216      1217      1208
      3225        44         2         1         7         4
      1208      1217      1218      1209
      3226        44         2         1         7         4
      1209      1218      1219      1210
      3227        44         2         1         7         4
      1210      1219      1220      1211
      3228        44         2         1         7         4
      1211      1220      1221      1212
      3229        44         2         1         7         4
      1212      1221      1222      1213
      3230        44         2         1         7         4
      1213      1222       916       917
      3231        44         2         1         7         4
       897       896      1223      1214
      3232        44         2         1         7         4
      1214      1223      1224      1215
      3233        44         2         1         7         4
      1215      1224      1225      1216
      3234        44         2         1         7         4
      1216      1225      1226      1217
      3235        44         2         1         7         4
      1217      1226      1227      1218
      3236        44         2         1         7         4
      1218      1227      1228      1219
      3237        44         2         1         7         4
      1219      1228      1229      1220
      3238        44         2         1         7         4
      1220      1229      1230      1221
      3239        44         2         1         7         4
      1221      1230      1231      1222
      3240        44         2         1         7         4
      1222      1231       915       916
      3241        44         2         1         7         4
       896       895      1232      1223
      3242        44         2         1         7         4
      1223      1232      1233      1224
      3243        44         2         1         7         4
      1224      1233      1234      1225
      3244        44         2         1         7         4
      1225      1234      1235      1226
      3245        44         2         1         7         4
      1226      1235      1236      1227
      3246        44         2         1         7         4
      1227      1236      1237      1228
      3247        44         2         1         7         4
      1228      1237      1238      1229
      3248        44         2         1         7         4
      1229      1238      1239      1230
      3249        44         2         1         7         4
      1230      1239      1240      1231
      3250        44         2         1         7         4
      1231      1240       914       915
      3251        44         2         1         7         4
       895       894      1241      1232
      3252        44         2         1         7         4
      1232      1241      1242      1233
      3253        44         2         1         7         4
      1233      1242      1243      1234
      3254        44         2         1         7         4
      1234      1243      1244      1235
      3255        44         2         1         7         4
      1235      1244      1245      1236
      3256        44         2         1         7         4
      1236      1245      1246      1237
      3257        44         2         1         7         4
      1237      1246      1247      1238
      3258        44         2         1         7         4
      1238      1247      1248      1239
      3259        44         2         1         7         4
      1239      1248      1249      1240
      3260        44         2         1         7         4
      1240      1249       913       914
      3261        44         2         1         7         4
       894       893      1250      1241
      3262        44         2         1         7         4
      1241      1250      1251      1242
      3263        44         2         1         7         4
      1242      1251      1252      1243
      3264        44         2         1         7         4
      1243      1252      1253      1244
      3265        44         2         1         7         4
      1244      1253      1254      1245
      3266        44         2         1         7         4
      1245      1254      1255      1246
      3267        44         2         1         7         4
      1246      1255      1256      1247
      3268        44         2         1         7         4
      1247      1256      1257      1248
      3269        44         2         1         7         4
      1248      1257      1258      1249
      3270        44         2         1         7         4
      1249      1258       912       913
      3271        44         2         1         7         4
       893       892      1259      1250
      3272        44         2         1         7         4
      1250      1259      1260      1251
      3273        44         2         1         7         4
      1251      1260      1261      1252
      3274        44         2         1         7         4
      1252      1261      1262      1253
      3275        44         2         1         7         4
      1253      1262      1263      1254
      3276        44         2         1         7         4
      1254      1263      1264      1255
      3277        44         2         1         7         4
      1255      1264      1265      1256
      3278        44         2         1         7         4
      1256      1265      1266      1257
      3279        44         2         1         7         4
      1257      1266      1267      1258
      3280        44         2         1         7         4
      1258      1267       911       912
      3281        44         2         1         7         4
       892       891      1268      1259
      3282        44         2         1         7         4
      1259      1268      1269      1260
      3283        44         2         1         7         4
      1260      1269      1270      1261
      3284        44         2         1         7         4
      1261      1270      1271      1262
      3285        44         2         1         7         4
      1262      1271      1272      1263
      3286        44         2         1         7         4
      1263      1272      1273      1264
      3287        44         2         1         7         4
      1264      1273      1274      1265
      3288        44         2         1         7         4
      1265      1274      1275      1266
      3289        44         2         1         7         4
      1266      1275      1276      1267
      3290        44         2         1         7         4
      1267      1276       910       911
      3291        44         2         1         7         4
        79      1268       891         5
      3292        44         2         1         7         4
        80      1269      1268        79
      3293        44         2         1         7         4
        81      1270      1269        80
      3294        44         2         1         7         4
        82      1271      1270        81
      3295        44         2         1         7         4
        83      1272      1271        82
      3296        44         2         1         7         4
        84      1273      1272        83
      3297        44         2         1         7         4
        85      1274      1273        84
      3298        44         2         1         7         4
        86      1275      1274        85
      3299        44         2         1         7         4
        87      1276      1275        86
      3300        44         2         1         7         4
         7       910      1276        87
      3301        44         2         1         7         4
       919       918      1277       939
      3302        44         2         1         7         4
       939      1277      1278       940
      3303        44         2         1         7         4
       940      1278      1279       941
      3304        44         2         1         7         4
       941      1279      1280       942
      3305        44         2         1         7         4
       942      1280      1281       943
      3306        44         2         1         7         4
       943      1281      1282       944
      3307        44         2         1         7         4
       944      1282      1283       945
      3308        44         2         1         7         4
       945      1283      1284       946
      3309        44         2         1         7         4
       946      1284      1285       947
      3310        44         2         1         7         4
       947      1285       937       938
      3311        44         2         1         7         4
       918       917      1286      1277
      3312        44         2         1         7         4
      1277      1286      1287      1278
      3313        44         2         1         7         4
      1278      1287      1288      1279
      3314        44         2         1         7         4
      1279      1288      1289      1280
      3315        44         2         1         7         4
      1280      1289      1290      1281
      3316        44         2         1         7         4
      1281      1290      1291      1282
      3317        44         2         1         7         4
      1282      1291      1292      1283
      3318        44         2         1         7         4
      1283      1292      1293      1284
      3319        44         2         1         7         4
      1284      1293      1294      1285
      3320        44         2         1         7         4
      1285      1294       936       937
      3321        44         2         1         7         4
       917       916      1295      1286
      3322        44         2         1         7         4
      1286      1295      1296      1287
      3323        44         2         1         7         4
      1287      1296      1297      1288
      3324        44         2         1         7         4
      1288      1297      1298      1289
      3325        44         2         1         7         4
      1289      1298      1299      1290
      3326        44         2         1         7         4
      1290      1299      1300      1291
      3327        44         2         1         7         4
      1291      1300      1301      1292
      3328        44         2         1         7         4
      1292      1301      1302      1293
      3329        44         2         1         7         4
      1293      1302      1303      1294
      3330        44         2         1         7         4
      1294      1303       935       936
      3331        44         2         1         7         4
       916       915      1304      1295
      3332        44         2         1         7         4
      1295      1304      1305      1296
      3333        44         2         1         7         4
      1296      1305      1306      1297
      3334        44         2         1         7         4
      1297      1306      1307      1298
      3335        44         2         1         7         4
      1298      1307      1308      1299
      3336        44         2         1         7         4
      1299      1308      1309      1300
      3337        44         2         1         7         4
      1300      1309      1310      1301
      3338        44         2         1         7         4
      1301      1310      1311      1302
      3339        44         2         1         7         4
      1302      1311      1312      1303
      3340        44         2         1         7         4
      1303      1312       934       935
      3341        44         2         1         7         4
       915       914      1313      1304
      3342        44         2         1         7         4
      1304      1313      1314      1305
      3343        44         2         1         7         4
      1305      1314      1315      1306
      3344        44         2         1         7         4
      1306      1315      1316      1307
      3345        44         2         1         7         4
      1307      1316      1317      1308
      3346        44         2         1         7         4
      1308      1317      1318      1309
      3347        44         2         1         7         4
      1309      1318      1319      1310
      3348        44         2         1         7         4
      1310      1319      1320      1311
      3349        44         2         1         7         4
      1311      1320      1321      1312
      3350        44         2         1         7         4
      1312      1321       933       934
      3351        44         2         1         7         4
       914       913      1322      1313
      3352        44         2         1         7         4
      1313      1322      1323      1314
      3353        44         2         1         7         4
      1314      1323      1324      1315
      3354        44         2         1         7         4
      1315      1324      1325      1316
      3355        44         2         1         7         4
      1316      1325      1326      1317
      3356        44         2         1         7         4
      1317      1326      1327      1318
      3357        44         2         1         7         4
      1318      1327      1328      1319
      3358        44         2         1         7         4
      1319      1328      1329      1320
      3359        44         2         1         7         4
      1320      1329      1330      1321
      3360        44         2         1         7         4
      1321      1330       932       933
      3361        44         2         1         7         4
       913       912      1331      1322
      3362        44         2         1         7         4
      1322      1331      1332      1323
      3363        44         2         1         7         4
      1323      1332      1333      1324
      3364        44         2         1         7         4
      1324      1333      1334      1325
      3365        44         2         1         7         4
      1325      1334      1335      1326
      3366        44         2         1         7         4
      1326      1335      1336      1327
      3367        44         2         1         7         4
      1327      1336      1337      1328
      3368        44         2         1         7         4
      1328      1337      1338      1329
      3369        44         2         1         7         4
      1329      1338      1339      1330
      3370        44         2         1         7         4
      1330      1339       931       932
      3371        44         2         1         7         4
       912       911      1340      1331
      3372        44         2         1         7         4
      1331      1340      1341      1332
      3373        44         2         1         7         4
      1332      1341      1342      1333
      3374        44         2         1         7         4
      1333      1342      1343      1334
      3375        44         2         1         7         4
      1334      1343      1344      1335
      3376        44         2         1         7         4
      1335      1344      1345      1336
      3377        44         2         1         7         4
      1336      1345      1346      1337
      3378        44         2         1         7         4
      1337      1346      1347      1338
      3379        44         2         1         7         4
      1338      1347      1348      1339
      3380        44         2         1         7         4
      1339      1348       930       931
      3381        44         2         1         7         4
       911       910      1349      1340
      3382        44         2         1         7         4
      1340      1349      1350      1341
      3383        44         2         1         7         4
      1341      1350      1351      1342
      3384        44         2         1         7         4
      1342      1351      1352      1343
      3385        44         2         1         7         4
      1343      1352      1353      1344
      3386        44         2         1         7         4
      1344      1353      1354      1345
      3387        44         2         1         7         4
      1345      1354      1355      1346
      3388        44         2         1         7         4
      1346      1355      1356      1347
      3389        44         2         1         7         4
      1347      1356      1357      1348
      3390        44         2         1         7         4
      1348      1357       929       930
      3391        44         2         1         7         4
       106      1349       910         7
      3392        44         2         1         7         4
       107      1350      1349       106
      3393        44         2         1         7         4
       108      1351      1350       107
      3394        44         2         1         7         4
       109      1352      1351       108
      3395        44         2         1         7         4
       110      1353      1352       109
      3396        44         2         1         7         4
       111      1354      1353       110
      3397        44         2         1         7         4
       112      1355      1354       111
      3398        44         2         1         7         4
       113      1356      1355       112
      3399        44         2         1         7         4
       114      1357      1356       113
      3400        44         2         1         7         4
         9       929      1357       114
      3401        44         2         1         7         4
       957       956      1358       968
      3402        44         2         1         7         4
       968      1358      1359       969
      3403        44         2         1         7         4
       969      1359      1360       970
      3404        44         2         1         7         4
       970      1360      1361       971
      3405        44         2         1         7         4
       971      1361      1362       972
      3406        44         2         1         7         4
       972      1362      1363       973
      3407        44         2         1         7         4
       973      1363      1364       974
      3408        44         2         1         7         4
       974      1364      1365       975
      3409        44         2         1         7         4
       975      1365      1366       976
      3410        44         2         1         7         4
       976      1366       966       967
      3411        44         2         1         7         4
       956       955      1367      1358
      3412        44         2         1         7         4
      1358      1367      1368      1359
      3413        44         2         1         7         4
      1359      1368      1369      1360
      3414        44         2         1         7         4
      1360      1369      1370      1361
      3415        44         2         1         7         4
      1361      1370      1371      1362
      3416        44         2         1         7         4
      1362      1371      1372      1363
      3417        44         2         1         7         4
      1363      1372      1373      1364
      3418        44         2         1         7         4
      1364      1373      1374      1365
      3419        44         2         1         7         4
      1365      1374      1375      1366
      3420        44         2         1         7         4
      1366      1375       965       966
      3421        44         2         1         7         4
       955       954      1376      1367
      3422        44         2         1         7         4
      1367      1376      1377      1368
      3423        44         2         1         7         4
      1368      1377      1378      1369
      3424        44         2         1         7         4
      1369      1378      1379      1370
      3425        44         2         1         7         4
      1370      1379      1380      1371
      3426        44         2         1         7         4
      1371      1380      1381      1372
      3427        44         2         1         7         4
      1372      1381      1382      1373
      3428        44         2         1         7         4
      1373      1382      1383      1374
      3429        44         2         1         7         4
      1374      1383      1384      1375
      3430        44         2         1         7         4
      1375      1384       964       965
      3431        44         2         1         7         4
       954       953      1385      1376
      3432        44         2         1         7         4
      1376      1385      1386      1377
      3433        44         2         1         7         4
      1377      1386      1387      1378
      3434        44         2         1         7         4
      1378      1387      1388      1379
      3435        44         2         1         7         4
      1379      1388      1389      1380
      3436        44         2         1         7         4
      1380      1389      1390      1381
      3437        44         2         1         7         4
      1381      1390      1391      1382
      3438        44         2         1         7         4
      1382      1391      1392      1383
      3439        44         2         1         7         4
      1383      1392      1393      1384
      3440        44         2         1         7         4
      1384      1393       963       964
      3441        44         2         1         7         4
       953       952      1394      1385
      3442        44         2         1         7         4
      1385      1394      1395      1386
      3443        44         2         1         7         4
      1386      1395      1396      1387
      3444        44         2         1         7         4
      1387      1396      1397      1388
      3445        44         2         1         7         4
      1388      1397      1398      1389
      3446        44         2         1         7         4
      1389      1398      1399      1390
      3447        44         2         1         7         4
      1390      1399      1400      1391
      3448        44         2         1         7         4
      1391      1400      1401      1392
      3449        44         2         1         7         4
      1392      1401      1402      1393
      3450        44         2         1         7         4
      1393      1402       962       963
      3451        44         2         1         7         4
       952       951      1403      1394
      3452        44         2         1         7         4
      1394      1403      1404      1395
      3453        44         2         1         7         4
      1395      1404      1405      1396
      3454        44         2         1         7         4
      1396      1405      1406      1397
      3455        44         2         1         7         4
      1397      1406      1407      1398
      3456        44         2         1         7         4
      1398      1407      1408      1399
      3457        44         2         1         7         4
      1399      1408      1409      1400
      3458        44         2         1         7         4
      1400      1409      1410      1401
      3459        44         2         1         7         4
      1401      1410      1411      1402
      3460        44         2         1         7         4
      1402      1411       961       962
      3461        44         2         1         7         4
       951       950      1412      1403
      3462        44         2         1         7         4
      1403      1412      1413      1404
      3463        44         2         1         7         4
      1404      1413      1414      1405
      3464        44         2         1         7         4
      1405      1414      1415      1406
      3465        44         2         1         7         4
      1406      1415      1416      1407
      3466        44         2         1         7         4
      1407      1416      1417      1408
      3467        44         2         1         7         4
      1408      1417      1418      1409
      3468        44         2         1         7         4
      1409      1418      1419      1410
      3469        44         2         1         7         4
      1410      1419      1420      1411
      3470        44         2         1         7         4
      1411      1420       960       961
      3471        44         2         1         7         4
       950       949      1421      1412
      3472        44         2         1         7         4
      1412      1421      1422      1413
      3473        44         2         1         7         4
      1413      1422      1423      1414
      3474        44         2         1         7         4
      1414      1423      1424      1415
      3475        44         2         1         7         4
      1415      1424      1425      1416
      3476        44         2         1         7         4
      1416      1425      1426      1417
      3477        44         2         1         7         4
      1417      1426      1427      1418
      3478        44         2         1         7         4
      1418      1427      1428      1419
      3479        44         2         1         7         4
      1419      1428      1429      1420
      3480        44         2         1         7         4
      1420      1429       959       960
      3481        44         2         1         7         4
       949       948      1430      1421
      3482        44         2         1         7         4
      1421      1430      1431      1422
      3483        44         2         1         7         4
      1422      1431      1432      1423
      3484        44         2         1         7         4
      1423      1432      1433      1424
      3485        44         2         1         7         4
      1424      1433      1434      1425
      3486        44         2         1         7         4
      1425      1434      1435      1426
      3487        44         2         1         7         4
      1426      1435      1436      1427
      3488        44         2         1         7         4
      1427      1436      1437      1428
      3489        44         2         1         7         4
      1428      1437      1438      1429
      3490        44         2         1         7         4
      1429      1438       958       959
      3491        44         2         1         7         4
       948       871       882      1430
      3492        44         2         1         7         4
      1430       882       883      1431
      3493        44         2         1         7         4
      1431       883       884      1432
      3494        44         2         1         7         4
      1432       884       885      1433
      3495        44         2         1         7         4
      1433       885       886      1434
      3496        44         2         1         7         4
      1434       886       887      1435
      3497        44         2         1         7         4
      1435       887       888      1436
      3498        44         2         1         7         4
      1436       888       889      1437
      3499        44         2         1         7         4
      1437       889       890      1438
      3500        44         2         1         7         4
      1438       890       881       958
      3501        44         2         1         7         4
       967       966      1439       987
      3502        44         2         1         7         4
       987      1439      1440       988
      3503        44         2         1         7         4
       988      1440      1441       989
      3504        44         2         1         7         4
       989      1441      1442       990
      3505        44         2         1         7         4
       990      1442      1443       991
      3506        44         2         1         7         4
       991      1443      1444       992
      3507        44         2         1         7         4
       992      1444      1445       993
      3508        44         2         1         7         4
       993      1445      1446       994
      3509        44         2         1         7         4
       994      1446      1447       995
      3510        44         2         1         7         4
       995      1447       985       986
      3511        44         2         1         7         4
       966       965      1448      1439
      3512        44         2         1         7         4
      1439      1448      1449      1440
      3513        44         2         1         7         4
      1440      1449      1450      1441
      3514        44         2         1         7         4
      1441      1450      1451      1442
      3515        44         2         1         7         4
      1442      1451      1452      1443
      3516        44         2         1         7         4
      1443      1452      1453      1444
      3517        44         2         1         7         4
      1444      1453      1454      1445
      3518        44         2         1         7         4
      1445      1454      1455      1446
      3519        44         2         1         7         4
      1446      1455      1456      1447
      3520        44         2         1         7         4
      1447      1456       984       985
      3521        44         2         1         7         4
       965       964      1457      1448
      3522        44         2         1         7         4
      1448      1457      1458      1449
      3523        44         2         1         7         4
      1449      1458      1459      1450
      3524        44         2         1         7         4
      1450      1459      1460      1451
      3525        44         2         1         7         4
      1451      1460      1461      1452
      3526        44         2         1         7         4
      1452      1461      1462      1453
      3527        44         2         1         7         4
      1453      1462      1463      1454
      3528        44         2         1         7         4
      1454      1463      1464      1455
      3529        44         2         1         7         4
      1455      1464      1465      1456
      3530        44         2         1         7         4
      1456      1465       983       984
      3531        44         2         1         7         4
       964       963      1466      1457
      3532        44         2         1         7         4
      1457      1466      1467      1458
      3533        44         2         1         7         4
      1458      1467      1468      1459
      3534        44         2         1         7         4
      1459      1468      1469      1460
      3535        44         2         1         7         4
      1460      1469      1470      1461
      3536        44         2         1         7         4
      1461      1470      1471      1462
      3537        44         2         1         7         4
      1462      1471      1472      1463
      3538        44         2         1         7         4
      1463      1472      1473      1464
      3539        44         2         1         7         4
      1464      1473      1474      1465
      3540        44         2         1         7         4
      1465      1474       982       983
      3541        44         2         1         7         4
       963       962      1475      1466
      3542        44         2         1         7         4
      1466      1475      1476      1467
      3543        44         2         1         7         4
      1467      1476      1477      1468
      3544        44         2         1         7         4
      1468      1477      1478      1469
      3545        44         2         1         7         4
      1469      1478      1479      1470
      3546        44         2         1         7         4
      1470      1479      1480      1471
      3547        44         2         1         7         4
      1471      1480      1481      1472
      3548        44         2         1         7         4
      1472      1481      1482      1473
      3549        44         2         1         7         4
      1473      1482      1483      1474
      3550        44         2         1         7         4
      1474      1483       981       982
      3551        44         2         1         7         4
       962       961      1484      1475
      3552        44         2         1         7         4
      1475      1484      1485      1476
      3553        44         2         1         7         4
      1476      1485      1486      1477
      3554        44         2         1         7         4
      1477      1486      1487      1478
      3555        44         2         1         7         4
      1478      1487      1488      1479
      3556        44         2         1         7         4
      1479      1488      1489      1480
      3557        44         2         1         7         4
      1480      1489      1490      1481
      3558        44         2         1         7         4
      1481      1490      1491      1482
      3559        44         2         1         7         4
      1482      1491      1492      1483
      3560        44         2         1         7         4
      1483      1492       980       981
      3561        44         2         1         7         4
       961       960      1493      1484
      3562        44         2         1         7         4
      1484      1493      1494      1485
      3563        44         2         1         7         4
      1485      1494      1495      1486
      3564        44         2         1         7         4
      1486      1495      1496      1487
      3565        44         2         1         7         4
      1487      1496      1497      1488
      3566        44         2         1         7         4
      1488      1497      1498      1489
      3567        44         2         1         7         4
      1489      1498      1499      1490
      3568        44         2         1         7         4
      1490      1499      1500      1491
      3569        44         2         1         7         4
      1491      1500      1501      1492
      3570        44         2         1         7         4
      1492      1501       979       980
      3571        44         2         1         7         4
       960       959      1502      1493
      3572        44         2         1         7         4
      1493      1502      1503      1494
      3573        44         2         1         7         4
      1494      1503      1504      1495
      3574        44         2         1         7         4
      1495      1504      1505      1496
      3575        44         2         1         7         4
      1496      1505      1506      1497
      3576        44         2         1         7         4
      1497      1506      1507      1498
      3577        44         2         1         7         4
      1498      1507      1508      1499
      3578        44         2         1         7         4
      1499      1508      1509      1500
      3579        44         2         1         7         4
      1500      1509      1510      1501
      3580        44         2         1         7         4
      1501      1510       978       979
      3581        44         2         1         7         4
       959       958      1511      1502
      3582        44         2         1         7         4
      1502      1511      1512      1503
      3583        44         2         1         7         4
      1503      1512      1513      1504
      3584        44         2         1         7         4
      1504      1513      1514      1505
      3585        44         2         1         7         4
      1505      1514      1515      1506
      3586        44         2         1         7         4
      1506      1515      1516      1507
      3587        44         2         1         7         4
      1507      1516      1517      1508
      3588        44         2         1         7         4
      1508      1517      1518      1509
      3589        44         2         1         7         4
      1509      1518      1519      1510
      3590        44         2         1         7         4
      1510      1519       977       978
      3591        44         2         1         7         4
       958       881       901      1511
      3592        44         2         1         7         4
      1511       901       902      1512
      3593        44         2         1         7         4
      1512       902       903      1513
      3594        44         2         1         7         4
      1513       903       904      1514
      3595        44         2         1         7         4
      1514       904       905      1515
      3596        44         2         1         7         4
      1515       905       906      1516
      3597        44         2         1         7         4
      1516       906       907      1517
      3598        44         2         1         7         4
      1517       907       908      1518
      3599        44         2         1         7         4
      1518       908       909      1519
      3600        44         2         1         7         4
      1519       909       900       977
      3601        44         2         1         7         4
       986       985      1520      1006
      3602        44         2         1         7         4
      1006      1520      1521      1007
      3603        44         2         1         7         4
      1007      1521      1522      1008
      3604        44         2         1         7         4
      1008      1522      1523      1009
      3605        44         2         1         7         4
      1009      1523      1524      1010
      3606        44         2         1         7         4
      1010      1524      1525      1011
      3607        44         2         1         7         4
      1011      1525      1526      1012
      3608        44         2         1         7         4
      1012      1526      1527      1013
      3609        44         2         1         7         4
      1013      1527      1528      1014
      3610        44         2         1         7         4
      1014      1528      1004      1005
      3611        44         2         1         7         4
       985       984      1529      1520
      3612        44         2         1         7         4
      1520      1529      1530      1521
      3613        44         2         1         7         4
      1521      1530      1531      1522
      3614        44         2         1         7         4
      1522      1531      1532      1523
      3615        44         2         1         7         4
      1523      1532      1533      1524
      3616        44         2         1         7         4
      1524      1533      1534      1525
      3617        44         2         1         7         4
      1525      1534      1535      1526
      3618        44         2         1         7         4
      1526      1535      1536      1527
      3619        44         2         1         7         4
      1527      1536      1537      1528
      3620        44         2         1         7         4
      1528      1537      1003      1004
      3621        44         2         1         7         4
       984       983      1538      1529
      3622        44         2         1         7         4
      1529      1538      1539      1530
      3623        44         2         1         7         4
      1530      1539      1540      1531
      3624        44         2         1         7         4
      1531      1540      1541      1532
      3625        44         2         1         7         4
      1532      1541      1542      1533
      3626        44         2         1         7         4
      1533      1542      1543      1534
      3627        44         2         1         7         4
      1534      1543      1544      1535
      3628        44         2         1         7         4
      1535      1544      1545      1536
      3629        44         2         1         7         4
      1536      1545      1546      1537
      3630        44         2         1         7         4
      1537      1546      1002      1003
      3631        44         2         1         7         4
       983       982      1547      1538
      3632        44         2         1         7         4
      1538      1547      1548      1539
      3633        44         2         1         7         4
      1539      1548      1549      1540
      3634        44         2         1         7         4
      1540      1549      1550      1541
      3635        44         2         1         7         4
      1541      1550      1551      1542
      3636        44         2         1         7         4
      1542      1551      1552      1543
      3637        44         2         1         7         4
      1543      1552      1553      1544
      3638        44         2         1         7         4
      1544      1553      1554      1545
      3639        44         2         1         7         4
      1545      1554      1555      1546
      3640        44         2         1         7         4
      1546      1555      1001      1002
      3641        44         2         1         7         4
       982       981      1556      1547
      3642        44         2         1         7         4
      1547      1556      1557      1548
      3643        44         2         1         7         4
      1548      1557      1558      1549
      3644        44         2         1         7         4
      1549      1558      1559      1550
      3645        44         2         1         7         4
      1550      1559      1560      1551
      3646        44         2         1         7         4
      1551      1560      1561      1552
      3647        44         2         1         7         4
      1552      1561      1562      1553
      3648        44         2         1         7         4
      1553      1562      1563      1554
      3649        44         2         1         7         4
      1554      1563      1564      1555
      3650        44         2         1         7         4
      1555      1564      1000      1001
      3651        44         2         1         7         4
       981       980      1565      1556
      3652        44         2         1         7         4
      1556      1565      1566      1557
      3653        44         2         1         7         4
      1557      1566      1567      1558
      3654        44         2         1         7         4
      1558      1567      1568      1559
      3655        44         2         1         7         4
      1559      1568      1569      1560
      3656        44         2         1         7         4
      1560      1569      1570      1561
      3657        44         2         1         7         4
      1561      1570      1571      1562
      3658        44         2         1         7         4
      1562      1571      1572      1563
      3659        44         2         1         7         4
      1563      1572      1573      1564
      3660        44         2         1         7         4
      1564      1573       999      1000
      3661        44         2         1         7         4
       980       979      1574      1565
      3662        44         2         1         7         4
      1565      1574      1575      1566
      3663        44         2         1         7         4
      1566      1575      1576      1567
      3664        44         2         1         7         4
      1567      1576      1577      1568
      3665        44         2         1         7         4
      1568      1577      1578      1569
      3666        44         2         1         7         4
      1569      1578      1579      1570
      3667        44         2         1         7         4
      1570      1579      1580      1571
      3668        44         2         1         7         4
      1571      1580      1581      1572
      3669        44         2         1         7         4
      1572      1581      1582      1573
      3670        44         2         1         7         4
      1573      1582       998       999
      3671        44         2         1         7         4
       979       978      1583      1574
      3672        44         2         1         7         4
      1574      1583      1584      1575
      3673        44         2         1         7         4
      1575      1584      1585      1576
      3674        44         2         1         7         4
      1576      1585      1586      1577
      3675        44         2         1         7         4
      1577      1586      1587      1578
      3676        44         2         1         7         4
      1578      1587      1588      1579
      3677        44         2         1         7         4
      1579      1588      1589      1580
      3678        44         2         1         7         4
      1580      1589      1590      1581
      3679        44         2         1         7         4
      1581      1590      1591      1582
      3680        44         2         1         7         4
      1582      1591       997       998
      3681        44         2         1         7         4
       978       977      1592      1583
      3682        44         2         1         7         4
      1583      1592      1593      1584
      3683        44         2         1         7         4
      1584      1593      1594      1585
      3684        44         2         1         7         4
      1585      1594      1595      1586
      3685        44         2         1         7         4
      1586      1595      1596      1587
      3686        44         2         1         7         4
      1587      1596      1597      1588
      3687        44         2         1         7         4
      1588      1597      1598      1589
      3688        44         2         1         7         4
      1589      1598      1599      1590
      3689        44         2         1         7         4
      1590      1599      1600      1591
      3690        44         2         1         7         4
      1591      1600       996       997
      3691        44         2         1         7         4
       977       900       920      1592
      3692        44         2         1         7         4
      1592       920       921      1593
      3693        44         2         1         7         4
      1593       921       922      1594
      3694        44         2         1         7         4
      1594       922       923      1595
      3695        44         2         1         7         4
      1595       923       924      1596
      3696        44         2         1         7         4
      1596       924       925      1597
      3697        44         2         1         7         4
      1597       925       926      1598
      3698        44         2         1         7         4
      1598       926       927      1599
      3699        44         2         1         7         4
      1599       927       928      1600
      3700        44         2         1         7         4
      1600       928       919       996
      3701        44         2         1         7         4
      1005      1004      1601      1025
      3702        44         2         1         7         4
      1025      1601      1602      1026
      3703        44         2         1         7         4
      1026      1602      1603      1027
      3704        44         2         1         7         4
      1027      1603      1604      1028
      3705        44         2         1         7         4
      1028      1604      1605      1029
      3706        44         2         1         7         4
      1029      1605      1606      1030
      3707        44         2         1         7         4
      1030      1606      1607      1031
      3708        44         2         1         7         4
      1031      1607      1608      1032
      3709        44         2         1         7         4
      1032      1608      1609      1033
      3710        44         2         1         7         4
      1033      1609      1023      1024
      3711        44         2         1         7         4
      1004      1003      1610      1601
      3712        44         2         1         7         4
      1601      1610      1611      1602
      3713        44         2         1         7         4
      1602      1611      1612      1603
      3714        44         2         1         7         4
      1603      1612      1613      1604
      3715        44         2         1         7         4
      1604      1613      1614      1605
      3716        44         2         1         7         4
      1605      1614      1615      1606
      3717        44         2         1         7         4
      1606      1615      1616      1607
      3718        44         2         1         7         4
      1607      1616      1617      1608
      3719        44         2         1         7         4
      1608      1617      1618      1609
      3720        44         2         1         7         4
      1609      1618      1022      1023
      3721        44         2         1         7         4
      1003      1002      1619      1610
      3722        44         2         1         7         4
      1610      1619      1620      1611
      3723        44         2         1         7         4
      1611      1620      1621      1612
      3724        44         2         1         7         4
      1612      1621      1622      1613
      3725        44         2         1         7         4
      1613      1622      1623      1614
      3726        44         2         1         7         4
      1614      1623      1624      1615
      3727        44         2         1         7         4
      1615      1624      1625      1616
      3728        44         2         1         7         4
      1616      1625      1626      1617
      3729        44         2         1         7         4
      1617      1626      1627      1618
      3730        44         2         1         7         4
      1618      1627      1021      1022
      3731        44         2         1         7         4
      1002      1001      1628      1619
      3732        44         2         1         7         4
      1619      1628      1629      1620
      3733        44         2         1         7         4
      1620      1629      1630      1621
      3734        44         2         1         7         4
      1621      1630      1631      1622
      3735        44         2         1         7         4
      1622      1631      1632      1623
      3736        44         2         1         7         4
      1623      1632      1633      1624
      3737        44         2         1         7         4
      1624      1633      1634      1625
      3738        44         2         1         7         4
      1625      1634      1635      1626
      3739        44         2         1         7         4
      1626      1635      1636      1627
      3740        44         2         1         7         4
      1627      1636      1020      1021
      3741        44         2         1         7         4
      1001      1000      1637      1628
      3742        44         2         1         7         4
      1628      1637      1638      1629
      3743        44         2         1         7         4
      1629      1638      1639      1630
      3744        44         2         1         7         4
      1630      1639      1640      1631
      3745        44         2         1         7         4
      1631      1640      1641      1632
      3746        44         2         1         7         4
      1632      1641      1642      1633
      3747        44         2         1         7         4
      1633      1642      1643      1634
      3748        44         2         1         7         4
      1634      1643      1644      1635
      3749        44         2         1         7         4
      1635      1644      1645      1636
      3750        44         2         1         7         4
      1636      1645      1019      1020
      3751        44         2         1         7         4
      1000       999      1646      1637
      3752        44         2         1         7         4
      1637      1646      1647      1638
      3753        44         2         1         7         4
      1638      1647      1648      1639
      3754        44         2         1         7         4
      1639      1648      1649      1640
      3755        44         2         1         7         4
      1640      1649      1650      1641
      3756        44         2         1         7         4
      1641      1650      1651      1642
      3757        44         2         1         7         4
      1642      1651      1652      1643
      3758        44         2         1         7         4
      1643      1652      1653      1644
      3759        44         2         1         7         4
      1644      1653      1654      1645
      3760        44         2         1         7         4
      1645      1654      1018      1019
      3761        44         2         1         7         4
       999       998      1655      1646
      3762        44         2         1         7         4
      1646      1655      1656      1647
      3763        44         2         1         7         4
      1647      1656      1657      1648
      3764        44         2         1         7         4
      1648      1657      1658      1649
      3765        44         2         1         7         4
      1649      1658      1659      1650
      3766        44         2         1         7         4
      1650      1659      1660      1651
      3767        44         2         1         7         4
      1651      1660      1661      1652
      3768        44         2         1         7         4
      1652      1661      1662      1653
      3769        44         2         1         7         4
      1653      1662      1663      1654
      3770        44         2         1         7         4
      1654      1663      1017      1018
      3771        44         2         1         7         4
       998       997      1664      1655
      3772        44         2         1         7         4
      1655      1664      1665      1656
      3773        44         2         1         7         4
      1656      1665      1666      1657
      3774        44         2         1         7         4
      1657      1666      1667      1658
      3775        44         2         1         7         4
      1658      1667      1668      1659
      3776        44         2         1         7         4
      1659      1668      1669      1660
      3777        44         2         1         7         4
      1660      1669      1670      1661
      3778        44         2         1         7         4
      1661      1670      1671      1662
      3779        44         2         1         7         4
      1662      1671      1672      1663
      3780        44         2         1         7         4
      1663      1672      1016      1017
      3781        44         2         1         7         4
       997       996      1673      1664
      3782        44         2         1         7         4
      1664      1673      1674      1665
      3783        44         2         1         7         4
      1665      1674      1675      1666
      3784        44         2         1         7         4
      1666      1675      1676      1667
      3785        44         2         1         7         4
      1667      1676      1677      1668
      3786        44         2         1         7         4
      1668      1677      1678      1669
      3787        44         2         1         7         4
      1669      1678      1679      1670
      3788        44         2         1         7         4
      1670      1679      1680      1671
      3789        44         2         1         7         4
      1671      1680      1681      1672
      3790        44         2         1         7         4
      1672      1681      1015      1016
      3791        44         2         1         7         4
       996       919       939      1673
      3792        44         2         1         7         4
      1673       939       940      1674
      3793        44         2         1         7         4
      1674       940       941      1675
      3794        44         2         1         7         4
      1675       941       942      1676
      3795        44         2         1         7         4
      1676       942       943      1677
      3796        44         2         1         7         4
      1677       943       944      1678
      3797        44         2         1         7         4
      1678       944       945      1679
      3798        44         2         1         7         4
      1679       945       946      1680
      3799        44         2         1         7         4
      1680       946       947      1681
      3800        44         2         1         7         4
      1681       947       938      1015
      1201       115         2         1         7         8
         2        24       214        43       871       870      1034       882
      1202       115         2         1         7         8
        43       214       215        44       882      1034      1035       883
      1203       115         2         1         7         8
        44       215       216        45       883      1035      1036       884
      1204       115         2         1         7         8
        45       216       217        46       884      1036      1037       885
      1205       115         2         1         7         8
        46       217       218        47       885      1037      1038       886
      1206       115         2         1         7         8
        47       218       219        48       886      1038      1039       887
      1207       115         2         1         7         8
        48       219       220        49       887      1039      1040       888
      1208       115         2         1         7         8
        49       220       221        50       888      1040      1041       889
      1209       115         2         1         7         8
        50       221       222        51       889      1041      1042       890
      1210       115         2         1         7         8
        51       222        42         4       890      1042       880       881
      1211       115         2         1         7         8
        24        23       223       214       870       869      1043      1034
      1212       115         2         1         7         8
       214       223       224       215      1034      1043      1044      1035
      1213       115         2         1         7         8
       215       224       225       216      1035      1044      1045      1036
      1214       115         2         1         7         8
       216       225       226       217      1036      1045      1046      1037
      1215       115         2         1         7         8
       217       226       227       218      1037      1046      1047      1038
      1216       115         2         1         7         8
       218       227       228       219      1038      1047      1048      1039
      1217       115         2         1         7         8
       219       228       229       220      1039      1048      1049      1040
      1218       115         2         1         7         8
       220       229       230       221      1040      1049      1050      1041
      1219       115         2         1         7         8
       221       230       231       222      1041      1050      1051      1042
      1220       115         2         1         7         8
       222       231        41        42      1042      1051       879       880
      1221       115         2         1         7         8
        23        22       232       223       869       868      1052      1043
      1222       115         2         1         7         8
       223       232       233       224      1043      1052      1053      1044
      1223       115         2         1         7         8
       224       233       234       225      1044      1053      1054      1045
      1224       115         2         1         7         8
       225       234       235       226      1045      1054      1055      1046
      1225       115         2         1         7         8
       226       235       236       227      1046      1055      1056      1047
      1226       115         2         1         7         8
       227       236       237       228      1047      1056      1057      1048
      1227       115         2         1         7         8
       228       237       238       229      1048      1057      1058      1049
      1228       115         2         1         7         8
       229       238       239       230      1049      1058      1059      1050
      1229       115         2         1         7         8
       230       239       240       231      1050      1059      1060      1051
      1230       115         2         1         7         8
       231       240        40        41      1051      1060       878       879
      1231       115         2         1         7         8
        22        21       241       232       868       867      1061      1052
      1232       115         2         1         7         8
       232       241       242       233      1052      1061      1062      1053
      1233       115         2         1         7         8
       233       242       243       234      1053      1062      1063      1054
      1234       115         2         1         7         8
       234       243       244       235      1054      1063      1064      1055
      1235       115         2         1         7         8
       235       244       245       236      1055      1064      1065      1056
      1236       115         2         1         7         8
       236       245       246       237      1056      1065      1066      1057
      1237       115         2         1         7         8
       237       246       247       238      1057      1066      1067      1058
      1238       115         2         1         7         8
       238       247       248       239      1058      1067      1068      1059
      1239       115         2         1         7         8
       239       248       249       240      1059      1068      1069      1060
      1240       115         2         1         7         8
       240       249        39        40      1060      1069       877       878
      1241       115         2         1         7         8
        21        20       250       241       867       866      1070      1061
      1242       115         2         1         7         8
       241       250       251       242      1061      1070      1071      1062
      1243       115         2         1         7         8
       242       251       252       243      1062      1071      1072      1063
      1244       115         2         1         7         8
       243       252       253       244      1063      1072      1073      1064
      1245       115         2         1         7         8
       244       253       254       245      1064      1073      1074      1065
      1246       115         2         1         7         8
       245       254       255       246      1065      1074      1075      1066
      1247       115         2         1         7         8
       246       255       256       247      1066      1075      1076      1067
      1248       115         2         1         7         8
       247       256       257       248      1067      1076      1077      1068
      1249       115         2         1         7         8
       248       257       258       249      1068      1077      1078      1069
      1250       115         2         1         7         8
       249       258        38        39      1069      1078       876       877
      1251       115         2         1         7         8
        20        19       259       250       866       865      1079      1070
      1252       115         2         1         7         8
       250       259       260       251      1070      1079      1080      1071
      1253       115         2         1         7         8
       251       260       261       252      1071      1080      1081      1072
      1254       115         2         1         7         8
       252       261       262       253      1072      1081      1082      1073
      1255       115         2         1         7         8
       253       262       263       254      1073      1082      1083      1074
      1256       115         2         1         7         8
       254       263       264       255      1074      1083      1084      1075
      1257       115         2         1         7         8
       255       264       265       256      1075      1084      1085      1076
      1258       115         2         1         7         8
       256       265       266       257      1076      1085      1086      1077
      1259       115         2         1         7         8
       257       266       267       258      1077      1086      1087      1078
      1260       115         2         1         7         8
       258       267        37        38      1078      1087       875       876
      1261       115         2         1         7         8
        19        18       268       259       865       864      1088      1079
      1262       115         2         1         7         8
       259       268       269       260      1079      1088      1089      1080
      1263       115         2         1         7         8
       260       269       270       261      1080      1089      1090      1081
      1264       115         2         1         7         8
       261       270       271       262      1081      1090      1091      1082
      1265       115         2         1         7         8
       262       271       272       263      1082      1091      1092      1083
      1266       115         2         1         7         8
       263       272       273       264      1083      1092      1093      1084
      1267       115         2         1         7         8
       264       273       274       265      1084      1093      1094      1085
      1268       115         2         1         7         8
       265       274       275       266      1085      1094      1095      1086
      1269       115         2         1         7         8
       266       275       276       267      1086      1095      1096      1087
      1270       115         2         1         7         8
       267       276        36        37      1087      1096       874       875
      1271       115         2         1         7         8
        18        17       277       268       864       863      1097      1088
      1272       115         2         1         7         8
       268       277       278       269      1088      1097      1098      1089
      1273       115         2         1         7         8
       269       278       279       270      1089      1098      1099      1090
      1274       115         2         1         7         8
       270       279       280       271      1090      1099      1100      1091
      1275       115         2         1         7         8
       271       280       281       272      1091      1100      1101      1092
      1276       115         2         1         7         8
       272       281       282       273      1092      1101      1102      1093
      1277       115         2         1         7         8
       273       282       283       274      1093      1102      1103      1094
      1278       115         2         1         7         8
       274       283       284       275      1094      1103      1104      1095
      1279       115         2         1         7         8
       275       284       285       276      1095      1104      1105      1096
      1280       115         2         1         7         8
       276       285        35        36      1096      1105       873       874
      1281       115         2         1         7         8
        17        16       286       277       863       862      1106      1097
      1282       115         2         1         7         8
       277       286       287       278      1097      1106      1107      1098
      1283       115         2         1         7         8
       278       287       288       279      1098      1107      1108      1099
      1284       115         2         1         7         8
       279       288       289       280      1099      1108      1109      1100
      1285       115         2         1         7         8
       280       289       290       281      1100      1109      1110      1101
      1286       115         2         1         7         8
       281       290       291       282      1101      1110      1111      1102
      1287       115         2         1         7         8
       282       291       292       283      1102      1111      1112      1103
      1288       115         2         1         7         8
       283       292       293       284      1103      1112      1113      1104
      1289       115         2         1         7         8
       284       293       294       285      1104      1113      1114      1105
      1290       115         2         1         7         8
       285       294        34        35      1105      1114       872       873
      1291       112         2         1         7         6
        25      1106       286         1       862        16
      1292       112         2         1         7         6
        26      1107       287        25      1106       286
      1293       112         2         1         7         6
        27      1108       288        26      1107       287
      1294       112         2         1         7         6
        28      1109       289        27      1108       288
      1295       112         2         1         7         6
        29      1110       290        28      1109       289
      1296       112         2         1         7         6
        30      1111       291        29      1110       290
      1297       112         2         1         7         6
        31      1112       292        30      1111       291
      1298       112         2         1         7         6
        32      1113       293        31      1112       292
      1299       112         2         1         7         6
        33      1114       294        32      1113       293
      1300       112         2         1         7         6
         3       872        34        33      1114       294
      1301       115         2         1         7         8
         4        42       295        70       881       880      1115       901
      1302       115         2         1         7         8
        70       295       296        71       901      1115      1116       902
      1303       115         2         1         7         8
        71       296       297        72       902      1116      1117       903
      1304       115         2         1         7         8
        72       297       298        73       903      1117      1118       904
      1305       115         2         1         7         8
        73       298       299        74       904      1118      1119       905
      1306       115         2         1         7         8
        74       299       300        75       905      1119      1120       906
      1307       115         2         1         7         8
        75       300       301        76       906      1120      1121       907
      1308       115         2         1         7         8
        76       301       302        77       907      1121      1122       908
      1309       115         2         1         7         8
        77       302       303        78       908      1122      1123       909
      1310       115         2         1         7         8
        78       303        69         6       909      1123       899       900
      1311       115         2         1         7         8
        42        41       304       295       880       879      1124      1115
      1312       115         2         1         7         8
       295       304       305       296      1115      1124      1125      1116
      1313       115         2         1         7         8
       296       305       306       297      1116      1125      1126      1117
      1314       115         2         1         7         8
       297       306       307       298      1117      1126      1127      1118
      1315       115         2         1         7         8
       298       307       308       299      1118      1127      1128      1119
      1316       115         2         1         7         8
       299       308       309       300      1119      1128      1129      1120
      1317       115         2         1         7         8
       300       309       310       301      1120      1129      1130      1121
      1318       115         2         1         7         8
       301       310       311       302      1121      1130      1131      1122
      1319       115         2         1         7         8
       302       311       312       303      1122      1131      1132      1123
      1320       115         2         1         7         8
       303       312        68        69      1123      1132       898       899
      1321       115         2         1         7         8
        41        40       313       304       879       878      1133      1124
      1322       115         2         1         7         8
       304       313       314       305      1124      1133      1134      1125
      1323       115         2         1         7         8
       305       314       315       306      1125      1134      1135      1126
      1324       115         2         1         7         8
       306       315       316       307      1126      1135      1136      1127
      1325       115         2         1         7         8
       307       316       317       308      1127      1136      1137      1128
      1326       115         2         1         7         8
       308       317       318       309      1128      1137      1138      1129
      1327       115         2         1         7         8
       309       318       319       310      1129      1138      1139      1130
      1328       115         2         1         7         8
       310       319       320       311      1130      1139      1140      1131
      1329       115         2         1         7         8
       311       320       321       312      1131      1140      1141      1132
      1330       115         2         1         7         8
       312       321        67        68      1132      1141       897       898
      1331       115         2         1         7         8
        40        39       322       313       878       877      1142      1133
      1332       115         2         1         7         8
       313       322       323       314      1133      1142      1143      1134
      1333       115         2         1         7         8
       314       323       324       315      1134      1143      1144      1135
      1334       115         2         1         7         8
       315       324       325       316      1135      1144      1145      1136
      1335       115         2         1         7         8
       316       325       326       317      1136      1145      1146      1137
      1336       115         2         1         7         8
       317       326       327       318      1137      1146      1147      1138
      1337       115         2         1         7         8
       318       327       328       319      1138      1147      1148      1139
      1338       115         2         1         7         8
       319       328       329       320      1139      1148      1149      1140
      1339       115         2         1         7         8
       320       329       330       321      1140      1149      1150      1141
      1340       115         2         1         7         8
       321       330        66        67      1141      1150       896       897
      1341       115         2         1         7         8
        39        38       331       322       877       876      1151      1142
      1342       115         2         1         7         8
       322       331       332       323      1142      1151      1152      1143
      1343       115         2         1         7         8
       323       332       333       324      1143      1152      1153      1144
      1344       115         2         1         7         8
       324       333       334       325      1144      1153      1154      1145
      1345       115         2         1         7         8
       325       334       335       326      1145      1154      1155      1146
      1346       115         2         1         7         8
       326       335       336       327      1146      1155      1156      1147
      1347       115         2         1         7         8
       327       336       337       328      1147      1156      1157      1148
      1348       115         2         1         7         8
       328       337       338       329      1148      1157      1158      1149
      1349       115         2         1         7         8
       329       338       339       330      1149      1158      1159      1150
      1350       115         2         1         7         8
       330       339        65        66      1150      1159       895       896
      1351       115         2         1         7         8
        38        37       340       331       876       875      1160      1151
      1352       115         2         1         7         8
       331       340       341       332      1151      1160      1161      1152
      1353       115         2         1         7         8
       332       341       342       333      1152      1161      1162      1153
      1354       115         2         1         7         8
       333       342       343       334      1153      1162      1163      1154
      1355       115         2         1         7         8
       334       343       344       335      1154      1163      1164      1155
      1356       115         2         1         7         8
       335       344       345       336      1155      1164      1165      1156
      1357       115         2         1         7         8
       336       345       346       337      1156      1165      1166      1157
      1358       115         2         1         7         8
       337       346       347       338      1157      1166      1167      1158
      1359       115         2         1         7         8
       338       347       348       339      1158      1167      1168      1159
      1360       115         2         1         7         8
       339       348        64        65      1159      1168       894       895
      1361       115         2         1         7         8
        37        36       349       340       875       874      1169      1160
      1362       115         2         1         7         8
       340       349       350       341      1160      1169      1170      1161
      1363       115         2         1         7         8
       341       350       351       342      1161      1170      1171      1162
      1364       115         2         1         7         8
       342       351       352       343      1162      1171      1172      1163
      1365       115         2         1         7         8
       343       352       353       344      1163      1172      1173      1164
      1366       115         2         1         7         8
       344       353       354       345      1164      1173      1174      1165
      1367       115         2         1         7         8
       345       354       355       346      1165      1174      1175      1166
      1368       115         2         1         7         8
       346       355       356       347      1166      1175      1176      1167
      1369       115         2         1         7         8
       347       356       357       348      1167      1176      1177      1168
      1370       115         2         1         7         8
       348       357        63        64      1168      1177       893       894
      1371       115         2         1         7         8
        36        35       358       349       874       873      1178      1169
      1372       115         2         1         7         8
       349       358       359       350      1169      1178      1179      1170
      1373       115         2         1         7         8
       350       359       360       351      1170      1179      1180      1171
      1374       115         2         1         7         8
       351       360       361       352      1171      1180      1181      1172
      1375       115         2         1         7         8
       352       361       362       353      1172      1181      1182      1173
      1376       115         2         1         7         8
       353       362       363       354      1173      1182      1183      1174
      1377       115         2         1         7         8
       354       363       364       355      1174      1183      1184      1175
      1378       115         2         1         7         8
       355       364       365       356      1175      1184      1185      1176
      1379       115         2         1         7         8
       356       365       366       357      1176      1185      1186      1177
      1380       115         2         1         7         8
       357       366        62        63      1177      1186       892       893
      1381       115         2         1         7         8
        35        34       367       358       873       872      1187      1178
      1382       115         2         1         7         8
       358       367       368       359      1178      1187      1188      1179
      1383       115         2         1         7         8
       359       368       369       360      1179      1188      1189      1180
      1384       115         2         1         7         8
       360       369       370       361      1180      1189      1190      1181
      1385       115         2         1         7         8
       361       370       371       362      1181      1190      1191      1182
      1386       115         2         1         7         8
       362       371       372       363      1182      1191      1192      1183
      1387       115         2         1         7         8
       363       372       373       364      1183      1192      1193      1184
      1388       115         2         1         7         8
       364       373       374       365      1184      1193      1194      1185
      1389       115         2         1         7         8
       365       374       375       366      1185      1194      1195      1186
      1390       115         2         1         7         8
       366       375        61        62      1186      1195       891       892
      1391       112         2         1         7         6
        52      1187       367         3       872        34
      1392       112         2         1         7         6
        53      1188       368        52      1187       367
      1393       112         2         1         7         6
        54      1189       369        53      1188       368
      1394       112         2         1         7         6
        55      1190       370        54      1189       369
      1395       112         2         1         7         6
        56      1191       371        55      1190       370
      1396       112         2         1         7         6
        57      1192       372        56      1191       371
      1397       112         2         1         7         6
        58      1193       373        57      1192       372
      1398       112         2         1         7         6
        59      1194       374        58      1193       373
      1399       112         2         1         7         6
        60      1195       375        59      1194       374
      1400       112         2         1         7         6
         5       891        61        60      1195       375
      1401       115         2         1         7         8
         6        69       376        97       900       899      1196       920
      1402       115         2         1         7         8
        97       376       377        98       920      1196      1197       921
      1403       115         2         1         7         8
        98       377       378        99       921      1197      1198       922
      1404       115         2         1         7         8
        99       378       379       100       922      1198      1199       923
      1405       115         2         1         7         8
       100       379       380       101       923      1199      1200       924
      1406       115         2         1         7         8
       101       380       381       102       924      1200      1201       925
      1407       115         2         1         7         8
       102       381       382       103       925      1201      1202       926
      1408       115         2         1         7         8
       103       382       383       104       926      1202      1203       927
      1409       115         2         1         7         8
       104       383       384       105       927      1203      1204       928
      1410       115         2         1         7         8
       105       384        96         8       928      1204       918       919
      1411       115         2         1         7         8
        69        68       385       376       899       898      1205      1196
      1412       115         2         1         7         8
       376       385       386       377      1196      1205      1206      1197
      1413       115         2         1         7         8
       377       386       387       378      1197      1206      1207      1198
      1414       115         2         1         7         8
       378       387       388       379      1198      1207      1208      1199
      1415       115         2         1         7         8
       379       388       389       380      1199      1208      1209      1200
      1416       115         2         1         7         8
       380       389       390       381      1200      1209      1210      1201
      1417       115         2         1         7         8
       381       390       391       382      1201      1210      1211      1202
      1418       115         2         1         7         8
       382       391       392       383      1202      1211      1212      1203
      1419       115         2         1         7         8
       383       392       393       384      1203      1212      1213      1204
      1420       115         2         1         7         8
       384       393        95        96      1204      1213       917       918
      1421       115         2         1         7         8
        68        67       394       385       898       897      1214      1205
      1422       115         2         1         7         8
       385       394       395       386      1205      1214      1215      1206
      1423       115         2         1         7         8
       386       395       396       387      1206      1215      1216      1207
      1424       115         2         1         7         8
       387       396       397       388      1207      1216      1217      1208
      1425       115         2         1         7         8
       388       397       398       389      1208      1217      1218      1209
      1426       115         2         1         7         8
       389       398       399       390      1209      1218      1219      1210
      1427       115         2         1         7         8
       390       399       400       391      1210      1219      1220      1211
      1428       115         2         1         7         8
       391       400       401       392      1211      1220      1221      1212
      1429       115         2         1         7         8
       392       401       402       393      1212      1221      1222      1213
      1430       115         2         1         7         8
       393       402        94        95      1213      1222       916       917
      1431       115         2         1         7         8
        67        66       403       394       897       896      1223      1214
      1432       115         2         1         7         8
       394       403       404       395      1214      1223      1224      1215
      1433       115         2         1         7         8
       395       404       405       396      1215      1224      1225      1216
      1434       115         2         1         7         8
       396       405       406       397      1216      1225      1226      1217
      1435       115         2         1         7         8
       397       406       407       398      1217      1226      1227      1218
      1436       115         2         1         7         8
       398       407       408       399      1218      1227      1228      1219
      1437       115         2         1         7         8
       399       408       409       400      1219      1228      1229      1220
      1438       115         2         1         7         8
       400       409       410       401      1220      1229      1230      1221
      1439       115         2         1         7         8
       401       410       411       402      1221      1230      1231      1222
      1440       115         2         1         7         8
       402       411        93        94      1222      1231       915       916
      1441       115         2         1         7         8
        66        65       412       403       896       895      1232      1223
      1442       115         2         1         7         8
       403       412       413       404      1223      1232      1233      1224
      1443       115         2         1         7         8
       404       413       414       405      1224      1233      1234      1225
      1444       115         2         1         7         8
       405       414       415       406      1225      1234      1235      1226
      1445       115         2         1         7         8
       406       415       416       407      1226      1235      1236      1227
      1446       115         2         1         7         8
       407       416       417       408      1227      1236      1237      1228
      1447       115         2         1         7         8
       408       417       418       409      1228      1237      1238      1229
      1448       115         2         1         7         8
       409       418       419       410      1229      1238      1239      1230
      1449       115         2         1         7         8
       410       419       420       411      1230      1239      1240      1231
      1450       115         2         1         7         8
       411       420        92        93      1231      1240       914       915
      1451       115         2         1         7         8
        65        64       421       412       895       894      1241      1232
      1452       115         2         1         7         8
       412       421       422       413      1232      1241      1242      1233
      1453       115         2         1         7         8
       413       422       423       414      1233      1242      1243      1234
      1454       115         2         1         7         8
       414       423       424       415      1234      1243      1244      1235
      1455       115         2         1         7         8
       415       424       425       416      1235      1244      1245      1236
      1456       115         2         1         7         8
       416       425       426       417      1236      1245      1246      1237
      1457       115         2         1         7         8
       417       426       427       418      1237      1246      1247      1238
      1458       115         2         1         7         8
       418       427       428       419      1238      1247      1248      1239
      1459       115         2         1         7         8
       419       428       429       420      1239      1248      1249      1240
      1460       115         2         1         7         8
       420       429        91        92      1240      1249       913       914
      1461       115         2         1         7         8
        64        63       430       421       894       893      1250      1241
      1462       115         2         1         7         8
       421       430       431       422      1241      1250      1251      1242
      1463       115         2         1         7         8
       422       431       432       423      1242      1251      1252      1243
      1464       115         2         1         7         8
       423       432       433       424      1243      1252      1253      1244
      1465       115         2         1         7         8
       424       433       434       425      1244      1253      1254      1245
      1466       115         2         1         7         8
       425       434       435       426      1245      1254      1255      1246
      1467       115         2         1         7         8
       426       435       436       427      1246      1255      1256      1247
      1468       115         2         1         7         8
       427       436       437       428      1247      1256      1257      1248
      1469       115         2         1         7         8
       428       437       438       429      1248      1257      1258      1249
      1470       115         2         1         7         8
       429       438        90        91      1249      1258       912       913
      1471       115         2         1         7         8
        63        62       439       430       893       892      1259      1250
      1472       115         2         1         7         8
       430       439       440       431      1250      1259      1260      1251
      1473       115         2         1         7         8
       431       440       441       432      1251      1260      1261      1252
      1474       115         2         1         7         8
       432       441       442       433      1252      1261      1262      1253
      1475       115         2         1         7         8
       433       442       443       434      1253      1262      1263      1254
      1476       115         2         1         7         8
       434       443       444       435      1254      1263      1264      1255
      1477       115         2         1         7         8
       435       444       445       436      1255      1264      1265      1256
      1478       115         2         1         7         8
       436       445       446       437      1256      1265      1266      1257
      1479       115         2         1         7         8
       437       446       447       438      1257      1266      1267      1258
      1480       115         2         1         7         8
       438       447        89        90      1258      1267       911       912
      1481       115         2         1         7         8
        62        61       448       439       892       891      1268      1259
      1482       115         2         1         7         8
       439       448       449       440      1259      1268      1269      1260
      1483       115         2         1         7         8
       440       449       450       441      1260      1269      1270      1261
      1484       115         2         1         7         8
       441       450       451       442      1261      1270      1271      1262
      1485       115         2         1         7         8
       442       451       452       443      1262      1271      1272      1263
      1486       115         2         1         7         8
       443       452       453       444      1263      1272      1273      1264
      1487       115         2         1         7         8
       444       453       454       445      1264      1273      1274      1265
      1488       115         2         1         7         8
       445       454       455       446      1265      1274      1275      1266
      1489       115         2         1         7         8
       446       455       456       447      1266      1275      1276      1267
      1490       115         2         1         7         8
       447       456        88        89      1267      1276       910       911
      1491       112         2         1         7         6
        79      1268       448         5       891        61
      1492       112         2         1         7         6
        80      1269       449        79      1268       448
      1493       112         2         1         7         6
        81      1270       450        80      1269       449
      1494       112         2         1         7         6
        82      1271       451        81      1270       450
      1495       112         2         1         7         6
        83      1272       452        82      1271       451
      1496       112         2         1         7         6
        84      1273       453        83      1272       452
      1497       112         2         1         7         6
        85      1274       454        84      1273       453
      1498       112         2         1         7         6
        86      1275       455        85      1274       454
      1499       112         2         1         7         6
        87      1276       456        86      1275       455
      1500       112         2         1         7         6
         7       910        88        87      1276       456
      1501       115         2         1         7         8
         8        96       457       124       919       918      1277       939
      1502       115         2         1         7         8
       124       457       458       125       939      1277      1278       940
      1503       115         2         1         7         8
       125       458       459       126       940      1278      1279       941
      1504       115         2         1         7         8
       126       459       460       127       941      1279      1280       942
      1505       115         2         1         7         8
       127       460       461       128       942      1280      1281       943
      1506       115         2         1         7         8
       128       461       462       129       943      1281      1282       944
      1507       115         2         1         7         8
       129       462       463       130       944      1282      1283       945
      1508       115         2         1         7         8
       130       463       464       131       945      1283      1284       946
      1509       115         2         1         7         8
       131       464       465       132       946      1284      1285       947
      1510       115         2         1         7         8
       132       465       123        10       947      1285       937       938
      1511       115         2         1         7         8
        96        95       466       457       918       917      1286      1277
      1512       115         2         1         7         8
       457       466       467       458      1277      1286      1287      1278
      1513       115         2         1         7         8
       458       467       468       459      1278      1287      1288      1279
      1514       115         2         1         7         8
       459       468       469       460      1279      1288      1289      1280
      1515       115         2         1         7         8
       460       469       470       461      1280      1289      1290      1281
      1516       115         2         1         7         8
       461       470       471       462      1281      1290      1291      1282
      1517       115         2         1         7         8
       462       471       472       463      1282      1291      1292      1283
      1518       115         2         1         7         8
       463       472       473       464      1283      1292      1293      1284
      1519       115         2         1         7         8
       464       473       474       465      1284      1293      1294      1285
      1520       115         2         1         7         8
       465       474       122       123      1285      1294       936       937
      1521       115         2         1         7         8
        95        94       475       466       917       916      1295      1286
      1522       115         2         1         7         8
       466       475       476       467      1286      1295      1296      1287
      1523       115         2         1         7         8
       467       476       477       468      1287      1296      1297      1288
      1524       115         2         1         7         8
       468       477       478       469      1288      1297      1298      1289
      1525       115         2         1         7         8
       469       478       479       470      1289      1298      1299      1290
      1526       115         2         1         7         8
       470       479       480       471      1290      1299      1300      1291
      1527       115         2         1         7         8
       471       480       481       472      1291      1300      1301      1292
      1528       115         2         1         7         8
       472       481       482       473      1292      1301      1302      1293
      1529       115         2         1         7         8
       473       482       483       474      1293      1302      1303      1294
      1530       115         2         1         7         8
       474       483       121       122      1294      1303       935       936
      1531       115         2         1         7         8
        94        93       484       475       916       915      1304      1295
      1532       115         2         1         7         8
       475       484       485       476      1295      1304      1305      1296
      1533       115         2         1         7         8
       476       485       486       477      1296      1305      1306      1297
      1534       115         2         1         7         8
       477       486       487       478      1297      1306      1307      1298
      1535       115         2         1         7         8
       478       487       488       479      1298      1307      1308      1299
      1536       115         2         1         7         8
       479       488       489       480      1299      1308      1309      1300
      1537       115         2         1         7         8
       480       489       490       481      1300      1309      1310      1301
      1538       115         2         1         7         8
       481       490       491       482      1301      1310      1311      1302
      1539       115         2         1         7         8
       482       491       492       483      1302      1311      1312      1303
      1540       115         2         1         7         8
       483       492       120       121      1303      1312       934       935
      1541       115         2         1         7         8
        93        92       493       484       915       914      1313      1304
      1542       115         2         1         7         8
       484       493       494       485      1304      1313      1314      1305
      1543       115         2         1         7         8
       485       494       495       486      1305      1314      1315      1306
      1544       115         2         1         7         8
       486       495       496       487      1306      1315      1316      1307
      1545       115         2         1         7         8
       487       496       497       488      1307      1316      1317      1308
      1546       115         2         1         7         8
       488       497       498       489      1308      1317      1318      1309
      1547       115         2         1         7         8
       489       498       499       490      1309      1318      1319      1310
      1548       115         2         1         7         8
       490       499       500       491      1310      1319      1320      1311
      1549       115         2         1         7         8
       491       500       501       492      1311      1320      1321      1312
      1550       115         2         1         7         8
       492       501       119       120      1312      1321       933       934
      1551       115         2         1         7         8
        92        91       502       493       914       913      1322      1313
      1552       115         2         1         7         8
       493       502       503       494      1313      1322      1323      1314
      1553       115         2         1         7         8
       494       503       504       495      1314      1323      1324      1315
      1554       115         2         1         7         8
       495       504       505       496      1315      1324      1325      1316
      1555       115         2         1         7         8
       496       505       506       497      1316      1325      1326      1317
      1556       115         2         1         7         8
       497       506       507       498      1317      1326      1327      1318
      1557       115         2         1         7         8
       498       507       508       499      1318      1327      1328      1319
      1558       115         2         1         7         8
       499       508       509       500      1319      1328      1329      1320
      1559       115         2         1         7         8
       500       509       510       501      1320      1329      1330      1321
      1560       115         2         1         7         8
       501       510       118       119      1321      1330       932       933
      1561       115         2         1         7         8
        91        90       511       502       913       912      1331      1322
      1562       115         2         1         7         8
       502       511       512       503      1322      1331      1332      1323
      1563       115         2         1         7         8
       503       512       513       504      1323      1332      1333      1324
      1564       115         2         1         7         8
       504       513       514       505      1324      1333      1334      1325
      1565       115         2         1         7         8
       505       514       515       506      1325      1334      1335      1326
      1566       115         2         1         7         8
       506       515       516       507      1326      1335      1336      1327
      1567       115         2         1         7         8
       507       516       517       508      1327      1336      1337      1328
      1568       115         2         1         7         8
       508       517       518       509      1328      1337      1338      1329
      1569       115         2         1         7         8
       509       518       519       510      1329      1338      1339      1330
      1570       115         2         1         7         8
       510       519       117       118      1330      1339       931       932
      1571       115         2         1         7         8
        90        89       520       511       912       911      1340      1331
      1572       115         2         1         7         8
       511       520       521       512      1331      1340      1341      1332
      1573       115         2         1         7         8
       512       521       522       513      1332      1341      1342      1333
      1574       115         2         1         7         8
       513       522       523       514      1333      1342      1343      1334
      1575       115         2         1         7         8
       514       523       524       515      1334      1343      1344      1335
      1576       115         2         1         7         8
       515       524       525       516      1335      1344      1345      1336
      1577       115         2         1         7         8
       516       525       526       517      1336      1345      1346      1337
      1578       115         2         1         7         8
       517       526       527       518      1337      1346      1347      1338
      1579       115         2         1         7         8
       518       527       528       519      1338      1347      1348      1339
      1580       115         2         1         7         8
       519       528       116       117      1339      1348       930       931
      1581       115         2         1         7         8
        89        88       529       520       911       910      1349      1340
      1582       115         2         1         7         8
       520       529       530       521      1340      1349      1350      1341
      1583       115         2         1         7         8
       521       530       531       522      1341      1350      1351      1342
      1584       115         2         1         7         8
       522       531       532       523      1342      1351      1352      1343
      1585       115         2         1         7         8
       523       532       533       524      1343      1352      1353      1344
      1586       115         2         1         7         8
       524       533       534       525      1344      1353      1354      1345
      1587       115         2         1         7         8
       525       534       535       526      1345      1354      1355      1346
      1588       115         2         1         7         8
       526       535       536       527      1346      1355      1356      1347
      1589       115         2         1         7         8
       527       536       537       528      1347      1356      1357      1348
      1590       115         2         1         7         8
       528       537       115       116      1348      1357       929       930
      1591       112         2         1         7         6
       106      1349       529         7       910        88
      1592       112         2         1         7         6
       107      1350       530       106      1349       529
      1593       112         2         1         7         6
       108      1351       531       107      1350       530
      1594       112         2         1         7         6
       109      1352       532       108      1351       531
      1595       112         2         1         7         6
       110      1353       533       109      1352       532
      1596       112         2         1         7         6
       111      1354       534       110      1353       533
      1597       112         2         1         7         6
       112      1355       535       111      1354       534
      1598       112         2         1         7         6
       113      1356       536       112      1355       535
      1599       112         2         1         7         6
       114      1357       537       113      1356       536
      1600       112         2         1         7         6
         9       929       115       114      1357       537
      1601       115         2         1         7         8
        11       141       538       151       957       956      1358       968
      1602       115         2         1         7         8
       151       538       539       152       968      1358      1359       969
      1603       115         2         1         7         8
       152       539       540       153       969      1359      1360       970
      1604       115         2         1         7         8
       153       540       541       154       970      1360      1361       971
      1605       115         2         1         7         8
       154       541       542       155       971      1361      1362       972
      1606       115         2         1         7         8
       155       542       543       156       972      1362      1363       973
      1607       115         2         1         7         8
       156       543       544       157       973      1363      1364       974
      1608       115         2         1         7         8
       157       544       545       158       974      1364      1365       975
      1609       115         2         1         7         8
       158       545       546       159       975      1365      1366       976
      1610       115         2         1         7         8
       159       546       150        12       976      1366       966       967
      1611       115         2         1         7         8
       141       140       547       538       956       955      1367      1358
      1612       115         2         1         7         8
       538       547       548       539      1358      1367      1368      1359
      1613       115         2         1         7         8
       539       548       549       540      1359      1368      1369      1360
      1614       115         2         1         7         8
       540       549       550       541      1360      1369      1370      1361
      1615       115         2         1         7         8
       541       550       551       542      1361      1370      1371      1362
      1616       115         2         1         7         8
       542       551       552       543      1362      1371      1372      1363
      1617       115         2         1         7         8
       543       552       553       544      1363      1372      1373      1364
      1618       115         2         1         7         8
       544       553       554       545      1364      1373      1374      1365
      1619       115         2         1         7         8
       545       554       555       546      1365      1374      1375      1366
      1620       115         2         1         7         8
       546       555       149       150      1366      1375       965       966
      1621       115         2         1         7         8
       140       139       556       547       955       954      1376      1367
      1622       115         2         1         7         8
       547       556       557       548      1367      1376      1377      1368
      1623       115         2         1         7         8
       548       557       558       549      1368      1377      1378      1369
      1624       115         2         1         7         8
       549       558       559       550      1369      1378      1379      1370
      1625       115         2         1         7         8
       550       559       560       551      1370      1379      1380      1371
      1626       115         2         1         7         8
       551       560       561       552      1371      1380      1381      1372
      1627       115         2         1         7         8
       552       561       562       553      1372      1381      1382      1373
      1628       115         2         1         7         8
       553       562       563       554      1373      1382      1383      1374
      1629       115         2         1         7         8
       554       563       564       555      1374      1383      1384      1375
      1630       115         2         1         7         8
       555       564       148       149      1375      1384       964       965
      1631       115         2         1         7         8
       139       138       565       556       954       953      1385      1376
      1632       115         2         1         7         8
       556       565       566       557      1376      1385      1386      1377
      1633       115         2         1         7         8
       557       566       567       558      1377      1386      1387      1378
      1634       115         2         1         7         8
       558       567       568       559      1378      1387      1388      1379
      1635       115         2         1         7         8
       559       568       569       560      1379      1388      1389      1380
      1636       115         2         1         7         8
       560       569       570       561      1380      1389      1390      1381
      1637       115         2         1         7         8
       561       570       571       562      1381      1390      1391      1382
      1638       115         2         1         7         8
       562       571       572       563      1382      1391      1392      1383
      1639       115         2         1         7         8
       563       572       573       564      1383      1392      1393      1384
      1640       115         2         1         7         8
       564       573       147       148      1384      1393       963       964
      1641       115         2         1         7         8
       138       137       574       565       953       952      1394      1385
      1642       115         2         1         7         8
       565       574       575       566      1385      1394      1395      1386
      1643       115         2         1         7         8
       566       575       576       567      1386      1395      1396      1387
      1644       115         2         1         7         8
       567       576       577       568      1387      1396      1397      1388
      1645       115         2         1         7         8
       568       577       578       569      1388      1397      1398      1389
      1646       115         2         1         7         8
       569       578       579       570      1389      1398      1399      1390
      1647       115         2         1         7         8
       570       579       580       571      1390      1399      1400      1391
      1648       115         2         1         7         8
       571       580       581       572      1391      1400      1401      1392
      1649       115         2         1         7         8
       572       581       582       573      1392      1401      1402      1393
      1650       115         2         1         7         8
       573       582       146       147      1393      1402       962       963
      1651       115         2         1         7         8
       137       136       583       574       952       951      1403      1394
      1652       115         2         1         7         8
       574       583       584       575      1394      1403      1404      1395
      1653       115         2         1         7         8
       575       584       585       576      1395      1404      1405      1396
      1654       115         2         1         7         8
       576       585       586       577      1396      1405      1406      1397
      1655       115         2         1         7         8
       577       586       587       578      1397      1406      1407      1398
      1656       115         2         1         7         8
       578       587       588       579      1398      1407      1408      1399
      1657       115         2         1         7         8
       579       588       589       580      1399      1408      1409      1400
      1658       115         2         1         7         8
       580       589       590       581      1400      1409      1410      1401
      1659       115         2         1         7         8
       581       590       591       582      1401      1410      1411      1402
      1660       115         2         1         7         8
       582       591       145       146      1402      1411       961       962
      1661       115         2         1         7         8
       136       135       592       583       951       950      1412      1403
      1662       115         2         1         7         8
       583       592       593       584      1403      1412      1413      1404
      1663       115         2         1         7         8
       584       593       594       585      1404      1413      1414      1405
      1664       115         2         1         7         8
       585       594       595       586      1405      1414      1415      1406
      1665       115         2         1         7         8
       586       595       596       587      1406      1415      1416      1407
      1666       115         2         1         7         8
       587       596       597       588      1407      1416      1417      1408
      1667       115         2         1         7         8
       588       597       598       589      1408      1417      1418      1409
      1668       115         2         1         7         8
       589       598       599       590      1409      1418      1419      1410
      1669       115         2         1         7         8
       590       599       600       591      1410      1419      1420      1411
      1670       115         2         1         7         8
       591       600       144       145      1411      1420       960       961
      1671       115         2         1         7         8
       135       134       601       592       950       949      1421      1412
      1672       115         2         1         7         8
       592       601       602       593      1412      1421      1422      1413
      1673       115         2         1         7         8
       593       602       603       594      1413      1422      1423      1414
      1674       115         2         1         7         8
       594       603       604       595      1414      1423      1424      1415
      1675       115         2         1         7         8
       595       604       605       596      1415      1424      1425      1416
      1676       115         2         1         7         8
       596       605       606       597      1416      1425      1426      1417
      1677       115         2         1         7         8
       597       606       607       598      1417      1426      1427      1418
      1678       115         2         1         7         8
       598       607       608       599      1418      1427      1428      1419
      1679       115         2         1         7         8
       599       608       609       600      1419      1428      1429      1420
      1680       115         2         1         7         8
       600       609       143       144      1420      1429       959       960
      1681       115         2         1         7         8
       134       133       610       601       949       948      1430      1421
      1682       115         2         1         7         8
       601       610       611       602      1421      1430      1431      1422
      1683       115         2         1         7         8
       602       611       612       603      1422      1431      1432      1423
      1684       115         2         1         7         8
       603       612       613       604      1423      1432      1433      1424
      1685       115         2         1         7         8
       604       613       614       605      1424      1433      1434      1425
      1686       115         2         1         7         8
       605       614       615       606      1425      1434      1435      1426
      1687       115         2         1         7         8
       606       615       616       607      1426      1435      1436      1427
      1688       115         2         1         7         8
       607       616       617       608      1427      1436      1437      1428
      1689       115         2         1         7         8
       608       617       618       609      1428      1437      1438      1429
      1690       115         2         1         7         8
       609       618       142       143      1429      1438       958       959
      1691       115         2         1         7         8
       133         2        43       610       948       871       882      1430
      1692       115         2         1         7         8
       610        43        44       611      1430       882       883      1431
      1693       115         2         1         7         8
       611        44        45       612      1431       883       884      1432
      1694       115         2         1         7         8
       612        45        46       613      1432       884       885      1433
      1695       115         2         1         7         8
       613        46        47       614      1433       885       886      1434
      1696       115         2         1         7         8
       614        47        48       615      1434       886       887      1435
      1697       115         2         1         7         8
       615        48        49       616      1435       887       888      1436
      1698       115         2         1         7         8
       616        49        50       617      1436       888       889      1437
      1699       115         2         1         7         8
       617        50        51       618      1437       889       890      1438
      1700       115         2         1         7         8
       618        51         4       142      1438       890       881       958
      1701       115         2         1         7         8
        12       150       619       169       967       966      1439       987
      1702       115         2         1         7         8
       169       619       620       170       987      1439      1440       988
      1703       115         2         1         7         8
       170       620       621       171       988      1440      1441       989
      1704       115         2         1         7         8
       171       621       622       172       989      1441      1442       990
      1705       115         2         1         7         8
       172       622       623       173       990      1442      1443       991
      1706       115         2         1         7         8
       173       623       624       174       991      1443      1444       992
      1707       115         2         1         7         8
       174       624       625       175       992      1444      1445       993
      1708       115         2         1         7         8
       175       625       626       176       993      1445      1446       994
      1709       115         2         1         7         8
       176       626       627       177       994      1446      1447       995
      1710       115         2         1         7         8
       177       627       168        13       995      1447       985       986
      1711       115         2         1         7         8
       150       149       628       619       966       965      1448      1439
      1712       115         2         1         7         8
       619       628       629       620      1439      1448      1449      1440
      1713       115         2         1         7         8
       620       629       630       621      1440      1449      1450      1441
      1714       115         2         1         7         8
       621       630       631       622      1441      1450      1451      1442
      1715       115         2         1         7         8
       622       631       632       623      1442      1451      1452      1443
      1716       115         2         1         7         8
       623       632       633       624      1443      1452      1453      1444
      1717       115         2         1         7         8
       624       633       634       625      1444      1453      1454      1445
      1718       115         2         1         7         8
       625       634       635       626      1445      1454      1455      1446
      1719       115         2         1         7         8
       626       635       636       627      1446      1455      1456      1447
      1720       115         2         1         7         8
       627       636       167       168      1447      1456       984       985
      1721       115         2         1         7         8
       149       148       637       628       965       964      1457      1448
      1722       115         2         1         7         8
       628       637       638       629      1448      1457      1458      1449
      1723       115         2         1         7         8
       629       638       639       630      1449      1458      1459      1450
      1724       115         2         1         7         8
       630       639       640       631      1450      1459      1460      1451
      1725       115         2         1         7         8
       631       640       641       632      1451      1460      1461      1452
      1726       115         2         1         7         8
       632       641       642       633      1452      1461      1462      1453
      1727       115         2         1         7         8
       633       642       643       634      1453      1462      1463      1454
      1728       115         2         1         7         8
       634       643       644       635      1454      1463      1464      1455
      1729       115         2         1         7         8
       635       644       645       636      1455      1464      1465      1456
      1730       115         2         1         7         8
       636       645       166       167      1456      1465       983       984
      1731       115         2         1         7         8
       148       147       646       637       964       963      1466      1457
      1732       115         2         1         7         8
       637       646       647       638      1457      1466      1467      1458
      1733       115         2         1         7         8
       638       647       648       639      1458      1467      1468      1459
      1734       115         2         1         7         8
       639       648       649       640      1459      1468      1469      1460
      1735       115         2         1         7         8
       640       649       650       641      1460      1469      1470      1461
      1736       115         2         1         7         8
       641       650       651       642      1461      1470      1471      1462
      1737       115         2         1         7         8
       642       651       652       643      1462      1471      1472      1463
      1738       115         2         1         7         8
       643       652       653       644      1463      1472      1473      1464
      1739       115         2         1         7         8
       644       653       654       645      1464      1473      1474      1465
      1740       115         2         1         7         8
       645       654       165       166      1465      1474       982       983
      1741       115         2         1         7         8
       147       146       655       646       963       962      1475      1466
      1742       115         2         1         7         8
       646       655       656       647      1466      1475      1476      1467
      1743       115         2         1         7         8
       647       656       657       648      1467      1476      1477      1468
      1744       115         2         1         7         8
       648       657       658       649      1468      1477      1478      1469
      1745       115         2         1         7         8
       649       658       659       650      1469      1478      1479      1470
      1746       115         2         1         7         8
       650       659       660       651      1470      1479      1480      1471
      1747       115         2         1         7         8
       651       660       661       652      1471      1480      1481      1472
      1748       115         2         1         7         8
       652       661       662       653      1472      1481      1482      1473
      1749       115         2         1         7         8
       653       662       663       654      1473      1482      1483      1474
      1750       115         2         1         7         8
       654       663       164       165      1474      1483       981       982
      1751       115         2         1         7         8
       146       145       664       655       962       961      1484      1475
      1752       115         2         1         7         8
       655       664       665       656      1475      1484      1485      1476
      1753       115         2         1         7         8
       656       665       666       657      1476      1485      1486      1477
      1754       115         2         1         7         8
       657       666       667       658      1477      1486      1487      1478
      1755       115         2         1         7         8
       658       667       668       659      1478      1487      1488      1479
      1756       115         2         1         7         8
       659       668       669       660      1479      1488      1489      1480
      1757       115         2         1         7         8
       660       669       670       661      1480      1489      1490      1481
      1758       115         2         1         7         8
       661       670       671       662      1481      1490      1491      1482
      1759       115         2         1         7         8
       662       671       672       663      1482      1491      1492      1483
      1760       115         2         1         7         8
       663       672       163       164      1483      1492       980       981
      1761       115         2         1         7         8
       145       144       673       664       961       960      1493      1484
      1762       115         2         1         7         8
       664       673       674       665      1484      1493      1494      1485
      1763       115         2         1         7         8
       665       674       675       666      1485      1494      1495      1486
      1764       115         2         1         7         8
       666       675       676       667      1486      1495      1496      1487
      1765       115         2         1         7         8
       667       676       677       668      1487      1496      1497      1488
      1766       115         2         1         7         8
       668       677       678       669      1488      1497      1498      1489
      1767       115         2         1         7         8
       669       678       679       670      1489      1498      1499      1490
      1768       115         2         1         7         8
       670       679       680       671      1490      1499      1500      1491
      1769       115         2         1         7         8
       671       680       681       672      1491      1500      1501      1492
      1770       115         2         1         7         8
       672       681       162       163      1492      1501       979       980
      1771       115         2         1         7         8
       144       143       682       673       960       959      1502      1493
      1772       115         2         1         7         8
       673       682       683       674      1493      1502      1503      1494
      1773       115         2         1         7         8
       674       683       684       675      1494      1503      1504      1495
      1774       115         2         1         7         8
       675       684       685       676      1495      1504      1505      1496
      1775       115         2         1         7         8
       676       685       686       677      1496      1505      1506      1497
      1776       115         2         1         7         8
       677       686       687       678      1497      1506      1507      1498
      1777       115         2         1         7         8
       678       687       688       679      1498      1507      1508      1499
      1778       115         2         1         7         8
       679       688       689       680      1499      1508      1509      1500
      1779       115         2         1         7         8
       680       689       690       681      1500      1509      1510      1501
      1780       115         2         1         7         8
       681       690       161       162      1501      1510       978       979
      1781       115         2         1         7         8
       143       142       691       682       959       958      1511      1502
      1782       115         2         1         7         8
       682       691       692       683      1502      1511      1512      1503
      1783       115         2         1         7         8
       683       692       693       684      1503      1512      1513      1504
      1784       115         2         1         7         8
       684       693       694       685      1504      1513      1514      1505
      1785       115         2         1         7         8
       685       694       695       686      1505      1514      1515      1506
      1786       115         2         1         7         8
       686       695       696       687      1506      1515      1516      1507
      1787       115         2         1         7         8
       687       696       697       688      1507      1516      1517      1508
      1788       115         2         1         7         8
       688       697       698       689      1508      1517      1518      1509
      1789       115         2         1         7         8
       689       698       699       690      1509      1518      1519      1510
      1790       115         2         1         7         8
       690       699       160       161      1510      1519       977       978
      1791       115         2         1         7         8
       142         4        70       691       958       881       901      1511
      1792       115         2         1         7         8
       691        70        71       692      1511       901       902      1512
      1793       115         2         1         7         8
       692        71        72       693      1512       902       903      1513
      1794       115         2         1         7         8
       693        72        73       694      1513       903       904      1514
      1795       115         2         1         7         8
       694        73        74       695      1514       904       905      1515
      1796       115         2         1         7         8
       695        74        75       696      1515       905       906      1516
      1797       115         2         1         7         8
       696        75        76       697      1516       906       907      1517
      1798       115         2         1         7         8
       697        76        77       698      1517       907       908      1518
      1799       115         2         1         7         8
       698        77        78       699      1518       908       909      1519
      1800       115         2         1         7         8
       699        78         6       160      1519       909       900       977
      1801       115         2         1         7         8
        13       168       700       187       986       985      1520      1006
      1802       115         2         1         7         8
       187       700       701       188      1006      1520      1521      1007
      1803       115         2         1         7         8
       188       701       702       189      1007      1521      1522      1008
      1804       115         2         1         7         8
       189       702       703       190      1008      1522      1523      1009
      1805       115         2         1         7         8
       190       703       704       191      1009      1523      1524      1010
      1806       115         2         1         7         8
       191       704       705       192      1010      1524      1525      1011
      1807       115         2         1         7         8
       192       705       706       193      1011      1525      1526      1012
      1808       115         2         1         7         8
       193       706       707       194      1012      1526      1527      1013
      1809       115         2         1         7         8
       194       707       708       195      1013      1527      1528      1014
      1810       115         2         1         7         8
       195       708       186        14      1014      1528      1004      1005
      1811       115         2         1         7         8
       168       167       709       700       985       984      1529      1520
      1812       115         2         1         7         8
       700       709       710       701      1520      1529      1530      1521
      1813       115         2         1         7         8
       701       710       711       702      1521      1530      1531      1522
      1814       115         2         1         7         8
       702       711       712       703      1522      1531      1532      1523
      1815       115         2         1         7         8
       703       712       713       704      1523      1532      1533      1524
      1816       115         2         1         7         8
       704       713       714       705      1524      1533      1534      1525
      1817       115         2         1         7         8
       705       714       715       706      1525      1534      1535      1526
      1818       115         2         1         7         8
       706       715       716       707      1526      1535      1536      1527
      1819       115         2         1         7         8
       707       716       717       708      1527      1536      1537      1528
      1820       115         2         1         7         8
       708       717       185       186      1528      1537      1003      1004
      1821       115         2         1         7         8
       167       166       718       709       984       983      1538      1529
      1822       115         2         1         7         8
       709       718       719       710      1529      1538      1539      1530
      1823       115         2         1         7         8
       710       719       720       711      1530      1539      1540      1531
      1824       115         2         1         7         8
       711       720       721       712      1531      1540      1541      1532
      1825       115         2         1         7         8
       712       721       722       713      1532      1541      1542      1533
      1826       115         2         1         7         8
       713       722       723       714      1533      1542      1543      1534
      1827       115         2         1         7         8
       714       723       724       715      1534      1543      1544      1535
      1828       115         2         1         7         8
       715       724       725       716      1535      1544      1545      1536
      1829       115         2         1         7         8
       716       725       726       717      1536      1545      1546      1537
      1830       115         2         1         7         8
       717       726       184       185      1537      1546      1002      1003
      1831       115         2         1         7         8
       166       165       727       718       983       982      1547      1538
      1832       115         2         1         7         8
       718       727       728       719      1538      1547      1548      1539
      1833       115         2         1         7         8
       719       728       729       720      1539      1548      1549      1540
      1834       115         2         1         7         8
       720       729       730       721      1540      1549      1550      1541
      1835       115         2         1         7         8
       721       730       731       722      1541      1550      1551      1542
      1836       115         2         1         7         8
       722       731       732       723      1542      1551      1552      1543
      1837       115         2         1         7         8
       723       732       733       724      1543      1552      1553      1544
      1838       115         2         1         7         8
       724       733       734       725      1544      1553      1554      1545
      1839       115         2         1         7         8
       725       734       735       726      1545      1554      1555      1546
      1840       115         2         1         7         8
       726       735       183       184      1546      1555      1001      1002
      1841       115         2         1         7         8
       165       164       736       727       982       981      1556      1547
      1842       115         2         1         7         8
       727       736       737       728      1547      1556      1557      1548
      1843       115         2         1         7         8
       728       737       738       729      1548      1557      1558      1549
      1844       115         2         1         7         8
       729       738       739       730      1549      1558      1559      1550
      1845       115         2         1         7         8
       730       739       740       731      1550      1559      1560      1551
      1846       115         2         1         7         8
       731       740       741       732      1551      1560      1561      1552
      1847       115         2         1         7         8
       732       741       742       733      1552      1561      1562      1553
      1848       115         2         1         7         8
       733       742       743       734      1553      1562      1563      1554
      1849       115         2         1         7         8
       734       743       744       735      1554      1563      1564      1555
      1850       115         2         1         7         8
       735       744       182       183      1555      1564      1000      1001
      1851       115         2         1         7         8
       164       163       745       736       981       980      1565      1556
      1852       115         2         1         7         8
       736       745       746       737      1556      1565      1566      1557
      1853       115         2         1         7         8
       737       746       747       738      1557      1566      1567      1558
      1854       115         2         1         7         8
       738       747       748       739      1558      1567      1568      1559
      1855       115         2         1         7         8
       739       748       749       740      1559      1568      1569      1560
      1856       115         2         1         7         8
       740       749       750       741      1560      1569      1570      1561
      1857       115         2         1         7         8
       741       750       751       742      1561      1570      1571      1562
      1858       115         2         1         7         8
       742       751       752       743      1562      1571      1572      1563
      1859       115         2         1         7         8
       743       752       753       744      1563      1572      1573      1564
      1860       115         2         1         7         8
       744       753       181       182      1564      1573       999      1000
      1861       115         2         1         7         8
       163       162       754       745       980       979      1574      1565
      1862       115         2         1         7         8
       745       754       755       746      1565      1574      1575      1566
      1863       115         2         1         7         8
       746       755       756       747      1566      1575      1576      1567
      1864       115         2         1         7         8
       747       756       757       748      1567      1576      1577      1568
      1865       115         2         1         7         8
       748       757       758       749      1568      1577      1578      1569
      1866       115         2         1         7         8
       749       758       759       750      1569      1578      1579      1570
      1867       115         2         1         7         8
       750       759       760       751      1570      1579      1580      1571
      1868       115         2         1         7         8
       751       760       761       752      1571      1580      1581      1572
      1869       115         2         1         7         8
       752       761       762       753      1572      1581      1582      1573
      1870       115         2         1         7         8
       753       762       180       181      1573      1582       998       999
      1871       115         2         1         7         8
       162       161       763       754       979       978      1583      1574
      1872       115         2         1         7         8
       754       763       764       755      1574      1583      1584      1575
      1873       115         2         1         7         8
       755       764       765       756      1575      1584      1585      1576
      1874       115         2         1         7         8
       756       765       766       757      1576      1585      1586      1577
      1875       115         2         1         7         8
       757       766       767       758      1577      1586      1587      1578
      1876       115         2         1         7         8
       758       767       768       759      1578      1587      1588      1579
      1877       115         2         1         7         8
       759       768       769       760      1579      1588      1589      1580
      1878       115         2         1         7         8
       760       769       770       761      1580      1589      1590      1581
      1879       115         2         1         7         8
       761       770       771       762      1581      1590      1591      1582
      1880       115         2         1         7         8
       762       771       179       180      1582      1591       997       998
      1881       115         2         1         7         8
       161       160       772       763       978       977      1592      1583
      1882       115         2         1         7         8
       763       772       773       764      1583      1592      1593      1584
      1883       115         2         1         7         8
       764       773       774       765      1584      1593      1594      1585
      1884       115         2         1         7         8
       765       774       775       766      1585      1594      1595      1586
      1885       115         2         1         7         8
       766       775       776       767      1586      1595      1596      1587
      1886       115         2         1         7         8
       767       776       777       768      1587      1596      1597      1588
      1887       115         2         1         7         8
       768       777       778       769      1588      1597      1598      1589
      1888       115         2         1         7         8
       769       778       779       770      1589      1598      1599      1590
      1889       115         2         1         7         8
       770       779       780       771      1590      1599      1600      1591
      1890       115         2         1         7         8
       771       780       178       179      1591      1600       996       997
      1891       115         2         1         7         8
       160         6        97       772       977       900       920      1592
      1892       115         2         1         7         8
       772        97        98       773      1592       920       921      1593
      1893       115         2         1         7         8
       773        98        99       774      1593       921       922      1594
      1894       115         2         1         7         8
       774        99       100       775      1594       922       923      1595
      1895       115         2         1         7         8
       775       100       101       776      1595       923       924      1596
      1896       115         2         1         7         8
       776       101       102       777      1596       924       925      1597
      1897       115         2         1         7         8
       777       102       103       778      1597       925       926      1598
      1898       115         2         1         7         8
       778       103       104       779      1598       926       927      1599
      1899       115         2         1         7         8
       779       104       105       780      1599       927       928      1600
      1900       115         2         1         7         8
       780       105         8       178      1600       928       919       996
      1901       115         2         1         7         8
        14       186       781       205      1005      1004      1601      1025
      1902       115         2         1         7         8
       205       781       782       206      1025      1601      1602      1026
      1903       115         2         1         7         8
       206       782       783       207      1026      1602      1603      1027
      1904       115         2         1         7         8
       207       783       784       208      1027      1603      1604      1028
      1905       115         2         1         7         8
       208       784       785       209      1028      1604      1605      1029
      1906       115         2         1         7         8
       209       785       786       210      1029      1605      1606      1030
      1907       115         2         1         7         8
       210       786       787       211      1030      1606      1607      1031
      1908       115         2         1         7         8
       211       787       788       212      1031      1607      1608      1032
      1909       115         2         1         7         8
       212       788       789       213      1032      1608      1609      1033
      1910       115         2         1         7         8
       213       789       204        15      1033      1609      1023      1024
      1911       115         2         1         7         8
       186       185       790       781      1004      1003      1610      1601
      1912       115         2         1         7         8
       781       790       791       782      1601      1610      1611      1602
      1913       115         2         1         7         8
       782       791       792       783      1602      1611      1612      1603
      1914       115         2         1         7         8
       783       792       793       784      1603      1612      1613      1604
      1915       115         2         1         7         8
       784       793       794       785      1604      1613      1614      1605
      1916       115         2         1         7         8
       785       794       795       786      1605      1614      1615      1606
      1917       115         2         1         7         8
       786       795       796       787      1606      1615      1616      1607
      1918       115         2         1         7         8
       787       796       797       788      1607      1616      1617      1608
      1919       115         2         1         7         8
       788       797       798       789      1608      1617      1618      1609
      1920       115         2         1         7         8
       789       798       203       204      1609      1618      1022      1023
      1921       115         2         1         7         8
       185       184       799       790      1003      1002      1619      1610
      1922       115         2         1         7         8
       790       799       800       791      1610      1619      1620      1611
      1923       115         2         1         7         8
       791       800       801       792      1611      1620      1621      1612
      1924       115         2         1         7         8
       792       801       802       793      1612      1621      1622      1613
      1925       115         2         1         7         8
       793       802       803       794      1613      1622      1623      1614
      1926       115         2         1         7         8
       794       803       804       795      1614      1623      1624      1615
      1927       115         2         1         7         8
       795       804       805       796      1615      1624      1625      1616
      1928       115         2         1         7         8
       796       805       806       797      1616      1625      1626      1617
      1929       115         2         1         7         8
       797       806       807       798      1617      1626      1627      1618
      1930       115         2         1         7         8
       798       807       202       203      1618      1627      1021      1022
      1931       115         2         1         7         8
       184       183       808       799      1002      1001      1628      1619
      1932       115         2         1         7         8
       799       808       809       800      1619      1628      1629      1620
      1933       115         2         1         7         8
       800       809       810       801      1620      1629      1630      1621
      1934       115         2         1         7         8
       801       810       811       802      1621      1630      1631      1622
      1935       115         2         1         7         8
       802       811       812       803      1622      1631      1632      1623
      1936       115         2         1         7         8
       803       812       813       804      1623      1632      1633      1624
      1937       115         2         1         7         8
       804       813       814       805      1624      1633      1634      1625
      1938       115         2         1         7         8
       805       814       815       806      1625      1634      1635      1626
      1939       115         2         1         7         8
       806       815       816       807      1626      1635      1636      1627
      1940       115         2         1         7         8
       807       816       201       202      1627      1636      1020      1021
      1941       115         2         1         7         8
       183       182       817       808      1001      1000      1637      1628
      1942       115         2         1         7         8
       808       817       818       809      1628      1637      1638      1629
      1943       115         2         1         7         8
       809       818       819       810      1629      1638      1639      1630
      1944       115         2         1         7         8
       810       819       820       811      1630      1639      1640      1631
      1945       115         2         1         7         8
       811       820       821       812      1631      1640      1641      1632
      1946       115         2         1         7         8
       812       821       822       813      1632      1641      1642      1633
      1947       115         2         1         7         8
       813       822       823       814      1633      1642      1643      1634
      1948       115         2         1         7         8
       814       823       824       815      1634      1643      1644      1635
      1949       115         2         1         7         8
       815       824       825       816      1635      1644      1645      1636
      1950       115         2         1         7         8
       816       825       200       201      1636      1645      1019      1020
      1951       115         2         1         7         8
       182       181       826       817      1000       999      1646      1637
      1952       115         2         1         7         8
       817       826       827       818      1637      1646      1647      1638
      1953       115         2         1         7         8
       818       827       828       819      1638      1647      1648      1639
      1954       115         2         1         7         8
       819       828       829       820      1639      1648      1649      1640
      1955       115         2         1         7         8
       820       829       830       821      1640      1649      1650      1641
      1956       115         2         1         7         8
       821       830       831       822      1641      1650      1651      1642
      1957       115         2         1         7         8
       822       831       832       823      1642      1651      1652      1643
      1958       115         2         1         7         8
       823       832       833       824      1643      1652      1653      1644
      1959       115         2         1         7         8
       824       833       834       825      1644      1653      1654      1645
      1960       115         2         1         7         8
       825       834       199       200      1645      1654      1018      1019
      1961       115         2         1         7         8
       181       180       835       826       999       998      1655      1646
      1962       115         2         1         7         8
       826       835       836       827      1646      1655      1656      1647
      1963       115         2         1         7         8
       827       836       837       828      1647      1656      1657      1648
      1964       115         2         1         7         8
       828       837       838       829      1648      1657      1658      1649
      1965       115         2         1         7         8
       829       838       839       830      1649      1658      1659      1650
      1966       115         2         1         7         8
       830       839       840       831      1650      1659      1660      1651
      1967       115         2         1         7         8
       831       840       841       832      1651      1660      1661      1652
      1968       115         2         1         7         8
       832       841       842       833      1652      1661      1662      1653
      1969       115         2         1         7         8
       833       842       843       834      1653      1662      1663      1654
      1970       115         2         1         7         8
       834       843       198       199      1654      1663      1017      1018
      1971       115         2         1         7         8
       180       179       844       835       998       997      1664      1655
      1972       115         2         1         7         8
       835       844       845       836      1655      1664      1665      1656
      1973       115         2         1         7         8
       836       845       846       837      1656      1665      1666      1657
      1974       115         2         1         7         8
       837       846       847       838      1657      1666      1667      1658
      1975       115         2         1         7         8
       838       847       848       839      1658      1667      1668      1659
      1976       115         2         1         7         8
       839       848       849       840      1659      1668      1669      1660
      1977       115         2         1         7         8
       840       849       850       841      1660      1669      1670      1661
      1978       115         2         1         7         8
       841       850       851       842      1661      1670      1671      1662
      1979       115         2         1         7         8
       842       851       852       843      1662      1671      1672      1663
      1980       115         2         1         7         8
       843       852       197       198      1663      1672      1016      1017
      1981       115         2         1         7         8
       179       178       853       844       997       996      1673      1664
      1982       115         2         1         7         8
       844       853       854       845      1664      1673      1674      1665
      1983       115         2         1         7         8
       845       854       855       846      1665      1674      1675      1666
      1984       115         2         1         7         8
       846       855       856       847      1666      1675      1676      1667
      1985       115         2         1         7         8
       847       856       857       848      1667      1676      1677      1668
      1986       115         2         1         7         8
       848       857       858       849      1668      1677      1678      1669
      1987       115         2         1         7         8
       849       858       859       850      1669      1678      1679      1670
      1988       115         2         1         7         8
       850       859       860       851      1670      1679      1680      1671
      1989       115         2         1         7         8
       851       860       861       852      1671      1680      1681      1672
      1990       115         2         1         7         8
       852       861       196       197      1672      1681      1015      1016
      1991       115         2         1         7         8
       178         8       124       853       996       919       939      1673
      1992       115         2         1         7         8
       853       124       125       854      1673       939       940      1674
      1993       115         2         1         7         8
       854       125       126       855      1674       940       941      1675
      1994       115         2         1         7         8
       855       126       127       856      1675       941       942      1676
      1995       115         2         1         7         8
       856       127       128       857      1676       942       943      1677
      1996       115         2         1         7         8
       857       128       129       858      1677       943       944      1678
      1997       115         2         1         7         8
       858       129       130       859      1678       944       945      1679
      1998       115         2         1         7         8
       859       130       131       860      1679       945       946      1680
      1999       115         2         1         7         8
       860       131       132       861      1680       946       947      1681
      2000       115         2         1         7         8
       861       132        10       196      1681       947       938      1015
    -1
    -1
  2467
         1         0         0         0         0         0         0       100
innerFuelDiagrid
         8       221         0         0         8       222         0         0
         8       223         0         0         8       224         0         0
         8       225         0         0         8       226         0         0
         8       227         0         0         8       228         0         0
         8       229         0         0         8       230         0         0
         8       231         0         0         8       232         0         0
         8       233         0         0         8       234         0         0
         8       235         0         0         8       236         0         0
         8       237         0         0         8       238         0         0
         8       239         0         0         8       240         0         0
         8       241         0         0         8       242         0         0
         8       243         0         0         8       244         0         0
         8       245         0         0         8       246         0         0
         8       247         0         0         8       248         0         0
         8       249         0         0         8       250         0         0
         8       251         0         0         8       252         0         0
         8       253         0         0         8       254         0         0
         8       255         0         0         8       256         0         0
         8       257         0         0         8       258         0         0
         8       259         0         0         8       260         0         0
         8       261         0         0         8       262         0         0
         8       263         0         0         8       264         0         0
         8       265         0         0         8       266         0         0
         8       267         0         0         8       268         0         0
         8       269         0         0         8       270         0         0
         8       271         0         0         8       272         0         0
         8       273         0         0         8       274         0         0
         8       275         0         0         8       276         0         0
         8       277         0         0         8       278         0         0
         8       279         0         0         8       280         0         0
         8       281         0         0         8       282         0         0
         8       283         0         0         8       284         0         0
         8       285         0         0         8       286         0         0
         8       287         0         0         8       288         0         0
         8       289         0         0         8       290         0         0
         8       291         0         0         8       292         0         0
         8       293         0         0         8       294         0         0
         8       295         0         0         8       296         0         0
         8       297         0         0         8       298         0         0
         8       299         0         0         8       300         0         0
         8       301         0         0         8       302         0         0
         8       303         0         0         8       304         0         0
         8       305         0         0         8       306         0         0
         8       307         0         0         8       308         0         0
         8       309         0         0         8       310         0         0
         8       311         0         0         8       312         0         0
         8       313         0         0         8       314         0         0
         8       315         0         0         8       316         0         0
         8       317         0         0         8       318         0         0
         8       319         0         0         8       320         0         0
         2         0         0         0         0         0         0       100
innerLowerFuelAssembly
         8       321         0         0         8       322         0         0
         8       323         0         0         8       324         0         0
         8       325         0         0         8       326         0         0
         8       327         0         0         8       328         0         0
         8       329         0         0         8       330         0         0
         8       331         0         0         8       332         0         0
         8       333         0         0         8       334         0         0
         8       335         0         0         8       336         0         0
         8       337         0         0         8       338         0         0
         8       339         0         0         8       340         0         0
         8       341         0         0         8       342         0         0
         8       343         0         0         8       344         0         0
         8       345         0         0         8       346         0         0
         8       347         0         0         8       348         0         0
         8       349         0         0         8       350         0         0
         8       351         0         0         8       352         0         0
         8       353         0         0         8       354         0         0
         8       355         0         0         8       356         0         0
         8       357         0         0         8       358         0         0
         8       359         0         0         8       360         0         0
         8       361         0         0         8       362         0         0
         8       363         0         0         8       364         0         0
         8       365         0         0         8       366         0         0
         8       367         0         0         8       368         0         0
         8       369         0         0         8       370         0         0
         8       371         0         0         8       372         0         0
         8       373         0         0         8       374         0         0
         8       375         0         0         8       376         0         0
         8       377         0         0         8       378         0         0
         8       379         0         0         8       380         0         0
         8       381         0         0         8       382         0         0
         8       383         0         0         8       384         0         0
         8       385         0         0         8       386         0         0
         8       387         0         0         8       388         0         0
         8       389         0         0         8       390         0         0
         8       391         0         0         8       392         0         0
         8       393         0         0         8       394         0         0
         8       395         0         0         8       396         0         0
         8       397         0         0         8       398         0         0
         8       399         0         0         8       400         0         0
         8       401         0         0         8       402         0         0
         8       403         0         0         8       404         0         0
         8       405         0         0         8       406         0         0
         8       407         0         0         8       408         0         0
         8       409         0         0         8       410         0         0
         8       411         0         0         8       412         0         0
         8       413         0         0         8       414         0         0
         8       415         0         0         8       416         0         0
         8       417         0         0         8       418         0         0
         8       419         0         0         8       420         0         0
         3         0         0         0         0         0         0       100
innerFuel
         8       421         0         0         8       422         0         0
         8       423         0         0         8       424         0         0
         8       425         0         0         8       426         0         0
         8       427         0         0         8       428         0         0
         8       429         0         0         8       430         0         0
         8       431         0         0         8       432         0         0
         8       433         0         0         8       434         0         0
         8       435         0         0         8       436         0         0
         8       437         0         0         8       438         0         0
         8       439         0         0         8       440         0         0
         8       441         0         0         8       442         0         0
         8       443         0         0         8       444         0         0
         8       445         0         0         8       446         0         0
         8       447         0         0         8       448         0         0
         8       449         0         0         8       450         0         0
         8       451         0         0         8       452         0         0
         8       453         0         0         8       454         0         0
         8       455         0         0         8       456         0         0
         8       457         0         0         8       458         0         0
         8       459         0         0         8       460         0         0
         8       461         0         0         8       462         0         0
         8       463         0         0         8       464         0         0
         8       465         0         0         8       466         0         0
         8       467         0         0         8       468         0         0
         8       469         0         0         8       470         0         0
         8       471         0         0         8       472         0         0
         8       473         0         0         8       474         0         0
         8       475         0         0         8       476         0         0
         8       477         0         0         8       478         0         0
         8       479         0         0         8       480         0         0
         8       481         0         0         8       482         0         0
         8       483         0         0         8       484         0         0
         8       485         0         0         8       486         0         0
         8       487         0         0         8       488         0         0
         8       489         0         0         8       490         0         0
         8       491         0         0         8       492         0         0
         8       493         0         0         8       494         0         0
         8       495         0         0         8       496         0         0
         8       497         0         0         8       498         0         0
         8       499         0         0         8       500         0         0
         8       501         0         0         8       502         0         0
         8       503         0         0         8       504         0         0
         8       505         0         0         8       506         0         0
         8       507         0         0         8       508         0         0
         8       509         0         0         8       510         0         0
         8       511         0         0         8       512         0         0
         8       513         0         0         8       514         0         0
         8       515         0         0         8       516         0         0
         8       517         0         0         8       518         0         0
         8       519         0         0         8       520         0         0
         4         0         0         0         0         0         0       100
innerUpperFuelAssembly
         8       521         0         0         8       522         0         0
         8       523         0         0         8       524         0         0
         8       525         0         0         8       526         0         0
         8       527         0         0         8       528         0         0
         8       529         0         0         8       530         0         0
         8       531         0         0         8       532         0         0
         8       533         0         0         8       534         0         0
         8       535         0         0         8       536         0         0
         8       537         0         0         8       538         0         0
         8       539         0         0         8       540         0         0
         8       541         0         0         8       542         0         0
         8       543         0         0         8       544         0         0
         8       545         0         0         8       546         0         0
         8       547         0         0         8       548         0         0
         8       549         0         0         8       550         0         0
         8       551         0         0         8       552         0         0
         8       553         0         0         8       554         0         0
         8       555         0         0         8       556         0         0
         8       557         0         0         8       558         0         0
         8       559         0         0         8       560         0         0
         8       561         0         0         8       562         0         0
         8       563         0         0         8       564         0         0
         8       565         0         0         8       566         0         0
         8       567         0         0         8       568         0         0
         8       569         0         0         8       570         0         0
         8       571         0         0         8       572         0         0
         8       573         0         0         8       574         0         0
         8       575         0         0         8       576         0         0
         8       577         0         0         8       578         0         0
         8       579         0         0         8       580         0         0
         8       581         0         0         8       582         0         0
         8       583         0         0         8       584         0         0
         8       585         0         0         8       586         0         0
         8       587         0         0         8       588         0         0
         8       589         0         0         8       590         0         0
         8       591         0         0         8       592         0         0
         8       593         0         0         8       594         0         0
         8       595         0         0         8       596         0         0
         8       597         0         0         8       598         0         0
         8       599         0         0         8       600         0         0
         8       601         0         0         8       602         0         0
         8       603         0         0         8       604         0         0
         8       605         0         0         8       606         0         0
         8       607         0         0         8       608         0         0
         8       609         0         0         8       610         0         0
         8       611         0         0         8       612         0         0
         8       613         0         0         8       614         0         0
         8       615         0         0         8       616         0         0
         8       617         0         0         8       618         0         0
         8       619         0         0         8       620         0         0
         5         0         0         0         0         0         0       100
outerFuelDiagrid
         8       621         0         0         8       622         0         0
         8       623         0         0         8       624         0         0
         8       625         0         0         8       626         0         0
         8       627         0         0         8       628         0         0
         8       629         0         0         8       630         0         0
         8       631         0         0         8       632         0         0
         8       633         0         0         8       634         0         0
         8       635         0         0         8       636         0         0
         8       637         0         0         8       638         0         0
         8       639         0         0         8       640         0         0
         8       641         0         0         8       642         0         0
         8       643         0         0         8       644         0         0
         8       645         0         0         8       646         0         0
         8       647         0         0         8       648         0         0
         8       649         0         0         8       650         0         0
         8       651         0         0         8       652         0         0
         8       653         0         0         8       654         0         0
         8       655         0         0         8       656         0         0
         8       657         0         0         8       658         0         0
         8       659         0         0         8       660         0         0
         8       661         0         0         8       662         0         0
         8       663         0         0         8       664         0         0
         8       665         0         0         8       666         0         0
         8       667         0         0         8       668         0         0
         8       669         0         0         8       670         0         0
         8       671         0         0         8       672         0         0
         8       673         0         0         8       674         0         0
         8       675         0         0         8       676         0         0
         8       677         0         0         8       678         0         0
         8       679         0         0         8       680         0         0
         8       681         0         0         8       682         0         0
         8       683         0         0         8       684         0         0
         8       685         0         0         8       686         0         0
         8       687         0         0         8       688         0         0
         8       689         0         0         8       690         0         0
         8       691         0         0         8       692         0         0
         8       693         0         0         8       694         0         0
         8       695         0         0         8       696         0         0
         8       697         0         0         8       698         0         0
         8       699         0         0         8       700         0         0
         8       701         0         0         8       702         0         0
         8       703         0         0         8       704         0         0
         8       705         0         0         8       706         0         0
         8       707         0         0         8       708         0         0
         8       709         0         0         8       710         0         0
         8       711         0         0         8       712         0         0
         8       713         0         0         8       714         0         0
         8       715         0         0         8       716         0         0
         8       717         0         0         8       718         0         0
         8       719         0         0         8       720         0         0
         6         0         0         0         0         0         0       100
outerLowerFuelAssembly
         8       721         0         0         8       722         0         0
         8       723         0         0         8       724         0         0
         8       725         0         0         8       726         0         0
         8       727         0         0         8       728         0         0
         8       729         0         0         8       730         0         0
         8       731         0         0         8       732         0         0
         8       733         0         0         8       734         0         0
         8       735         0         0         8       736         0         0
         8       737         0         0         8       738         0         0
         8       739         0         0         8       740         0         0
         8       741         0         0         8       742         0         0
         8       743         0         0         8       744         0         0
         8       745         0         0         8       746         0         0
         8       747         0         0         8       748         0         0
         8       749         0         0         8       750         0         0
         8       751         0         0         8       752         0         0
         8       753         0         0         8       754         0         0
         8       755         0         0         8       756         0         0
         8       757         0         0         8       758         0         0
         8       759         0         0         8       760         0         0
         8       761         0         0         8       762         0         0
         8       763         0         0         8       764         0         0
         8       765         0         0         8       766         0         0
         8       767         0         0         8       768         0         0
         8       769         0         0         8       770         0         0
         8       771         0         0         8       772         0         0
         8       773         0         0         8       774         0         0
         8       775         0         0         8       776         0         0
         8       777         0         0         8       778         0         0
         8       779         0         0         8       780         0         0
         8       781         0         0         8       782         0         0
         8       783         0         0         8       784         0         0
         8       785         0         0         8       786         0         0
         8       787         0         0         8       788         0         0
         8       789         0         0         8       790         0         0
         8       791         0         0         8       792         0         0
         8       793         0         0         8       794         0         0
         8       795         0         0         8       796         0         0
         8       797         0         0         8       798         0         0
         8       799         0         0         8       800         0         0
         8       801         0         0         8       802         0         0
         8       803         0         0         8       804         0         0
         8       805         0         0         8       806         0         0
         8       807         0         0         8       808         0         0
         8       809         0         0         8       810         0         0
         8       811         0         0         8       812         0         0
         8       813         0         0         8       814         0         0
         8       815         0         0         8       816         0         0
         8       817         0         0         8       818         0         0
         8       819         0         0         8       820         0         0
         7         0         0         0         0         0         0       100
outerFuel
         8       821         0         0         8       822         0         0
         8       823         0         0         8       824         0         0
         8       825         0         0         8       826         0         0
         8       827         0         0         8       828         0         0
         8       829         0         0         8       830         0         0
         8       831         0         0         8       832         0         0
         8       833         0         0         8       834         0         0
         8       835         0         0         8       836         0         0
         8       837         0         0         8       838         0         0
         8       839         0         0         8       840         0         0
         8       841         0         0         8       842         0         0
         8       843         0         0         8       844         0         0
         8       845         0         0         8       846         0         0
         8       847         0         0         8       848         0         0
         8       849         0         0         8       850         0         0
         8       851         0         0         8       852         0         0
         8       853         0         0         8       854         0         0
         8       855         0         0         8       856         0         0
         8       857         0         0         8       858         0         0
         8       859         0         0         8       860         0         0
         8       861         0         0         8       862         0         0
         8       863         0         0         8       864         0         0
         8       865         0         0         8       866         0         0
         8       867         0         0         8       868         0         0
         8       869         0         0         8       870         0         0
         8       871         0         0         8       872         0         0
         8       873         0         0         8       874         0         0
         8       875         0         0         8       876         0         0
         8       877         0         0         8       878         0         0
         8       879         0         0         8       880         0         0
         8       881         0         0         8       882         0         0
         8       883         0         0         8       884         0         0
         8       885         0         0         8       886         0         0
         8       887         0         0         8       888         0         0
         8       889         0         0         8       890         0         0
         8       891         0         0         8       892         0         0
         8       893         0         0         8       894         0         0
         8       895         0         0         8       896         0         0
         8       897         0         0         8       898         0         0
         8       899         0         0         8       900         0         0
         8       901         0         0         8       902         0         0
         8       903         0         0         8       904         0         0
         8       905         0         0         8       906         0         0
         8       907         0         0         8       908         0         0
         8       909         0         0         8       910         0         0
         8       911         0         0         8       912         0         0
         8       913         0         0         8       914         0         0
         8       915         0         0         8       916         0         0
         8       917         0         0         8       918         0         0
         8       919         0         0         8       920         0         0
         8         0         0         0         0         0         0       100
outerUpperFuelAssembly
         8       921         0         0         8       922         0         0
         8       923         0         0         8       924         0         0
         8       925         0         0         8       926         0         0
         8       927         0         0         8       928         0         0
         8       929         0         0         8       930         0         0
         8       931         0         0         8       932         0         0
         8       933         0         0         8       934         0         0
         8       935         0         0         8       936         0         0
         8       937         0         0         8       938         0         0
         8       939         0         0         8       940         0         0
         8       941         0         0         8       942         0         0
         8       943         0         0         8       944         0         0
         8       945         0         0         8       946         0         0
         8       947         0         0         8       948         0         0
         8       949         0         0         8       950         0         0
         8       951         0         0         8       952         0         0
         8       953         0         0         8       954         0         0
         8       955         0         0         8       956         0         0
         8       957         0         0         8       958         0         0
         8       959         0         0         8       960         0         0
         8       961         0         0         8       962         0         0
         8       963         0         0         8       964         0         0
         8       965         0         0         8       966         0         0
         8       967         0         0         8       968         0         0
         8       969         0         0         8       970         0         0
         8       971         0         0         8       972         0         0
         8       973         0         0         8       974         0         0
         8       975         0         0         8       976         0         0
         8       977         0         0         8       978         0         0
         8       979         0         0         8       980         0         0
         8       981         0         0         8       982         0         0
         8       983         0         0         8       984         0         0
         8       985         0         0         8       986         0         0
         8       987         0         0         8       988         0         0
         8       989         0         0         8       990         0         0
         8       991         0         0         8       992         0         0
         8       993         0         0         8       994         0         0
         8       995         0         0         8       996         0         0
         8       997         0         0         8       998         0         0
         8       999         0         0         8      1000         0         0
         8      1001         0         0         8      1002         0         0
         8      1003         0         0         8      1004         0         0
         8      1005         0         0         8      1006         0         0
         8      1007         0         0         8      1008         0         0
         8      1009         0         0         8      1010         0         0
         8      1011         0         0         8      1012         0         0
         8      1013         0         0         8      1014         0         0
         8      1015         0         0         8      1016         0         0
         8      1017         0         0         8      1018         0         0
         8      1019         0         0         8      1020         0         0
        31         0         0         0         0         0         0       100
innerFuelDiagrid
         8      1201         0         0         8      1202         0         0
         8      1203         0         0         8      1204         0         0
         8      1205         0         0         8      1206         0         0
         8      1207         0         0         8      1208         0         0
         8      1209         0         0         8      1210         0         0
         8      1211         0         0         8      1212         0         0
         8      1213         0         0         8      1214         0         0
         8      1215         0         0         8      1216         0         0
         8      1217         0         0         8      1218         0         0
         8      1219         0         0         8      1220         0         0
         8      1221         0         0         8      1222         0         0
         8      1223         0         0         8      1224         0         0
         8      1225         0         0         8      1226         0         0
         8      1227         0         0         8      1228         0         0
         8      1229         0         0         8      1230         0         0
         8      1231         0         0         8      1232         0         0
         8      1233         0         0         8      1234         0         0
         8      1235         0         0         8      1236         0         0
         8      1237         0         0         8      1238         0         0
         8      1239         0         0         8      1240         0         0
         8      1241         0         0         8      1242         0         0
         8      1243         0         0         8      1244         0         0
         8      1245         0         0         8      1246         0         0
         8      1247         0         0         8      1248         0         0
         8      1249         0         0         8      1250         0         0
         8      1251         0         0         8      1252         0         0
         8      1253         0         0         8      1254         0         0
         8      1255         0         0         8      1256         0         0
         8      1257         0         0         8      1258         0         0
         8      1259         0         0         8      1260         0         0
         8      1261         0         0         8      1262         0         0
         8      1263         0         0         8      1264         0         0
         8      1265         0         0         8      1266         0         0
         8      1267         0         0         8      1268         0         0
         8      1269         0         0         8      1270         0         0
         8      1271         0         0         8      1272         0         0
         8      1273         0         0         8      1274         0         0
         8      1275         0         0         8      1276         0         0
         8      1277         0         0         8      1278         0         0
         8      1279         0         0         8      1280         0         0
         8      1281         0         0         8      1282         0         0
         8      1283         0         0         8      1284         0         0
         8      1285         0         0         8      1286         0         0
         8      1287         0         0         8      1288         0         0
         8      1289         0         0         8      1290         0         0
         8      1291         0         0         8      1292         0         0
         8      1293         0         0         8      1294         0         0
         8      1295         0         0         8      1296         0         0
         8      1297         0         0         8      1298         0         0
         8      1299         0         0         8      1300         0         0
        32         0         0         0         0         0         0       100
innerFuelDiagrid_top
         8      3001         0         0         8      3002         0         0
         8      3003         0         0         8      3004         0         0
         8      3005         0         0         8      3006         0         0
         8      3007         0         0         8      3008         0         0
         8      3009         0         0         8      3010         0         0
         8      3011         0         0         8      3012         0         0
         8      3013         0         0         8      3014         0         0
         8      3015         0         0         8      3016         0         0
         8      3017         0         0         8      3018         0         0
         8      3019         0         0         8      3020         0         0
         8      3021         0         0         8      3022         0         0
         8      3023         0         0         8      3024         0         0
         8      3025         0         0         8      3026         0         0
         8      3027         0         0         8      3028         0         0
         8      3029         0         0         8      3030         0         0
         8      3031         0         0         8      3032         0         0
         8      3033         0         0         8      3034         0         0
         8      3035         0         0         8      3036         0         0
         8      3037         0         0         8      3038         0         0
         8      3039         0         0         8      3040         0         0
         8      3041         0         0         8      3042         0         0
         8      3043         0         0         8      3044         0         0
         8      3045         0         0         8      3046         0         0
         8      3047         0         0         8      3048         0         0
         8      3049         0         0         8      3050         0         0
         8      3051         0         0         8      3052         0         0
         8      3053         0         0         8      3054         0         0
         8      3055         0         0         8      3056         0         0
         8      3057         0         0         8      3058         0         0
         8      3059         0         0         8      3060         0         0
         8      3061         0         0         8      3062         0         0
         8      3063         0         0         8      3064         0         0
         8      3065         0         0         8      3066         0         0
         8      3067         0         0         8      3068         0         0
         8      3069         0         0         8      3070         0         0
         8      3071         0         0         8      3072         0         0
         8      3073         0         0         8      3074         0         0
         8      3075         0         0         8      3076         0         0
         8      3077         0         0         8      3078         0         0
         8      3079         0         0         8      3080         0         0
         8      3081         0         0         8      3082         0         0
         8      3083         0         0         8      3084         0         0
         8      3085         0         0         8      3086         0         0
         8      3087         0         0         8      3088         0         0
         8      3089         0         0         8      3090         0         0
         8      3091         0         0         8      3092         0         0
         8      3093         0         0         8      3094         0         0
         8      3095         0         0         8      3096         0         0
         8      3097         0         0         8      3098         0         0
         8      3099         0         0         8      3100         0         0
        33         0         0         0         0         0         0       100
innerLowerFuelAssembly
         8      1301         0         0         8      1302         0         0
         8      1303         0         0         8      1304         0         0
         8      1305         0         0         8      1306         0         0
         8      1307         0         0         8      1308         0         0
         8      1309         0         0         8      1310         0         0
         8      1311         0         0         8      1312         0         0
         8      1313         0         0         8      1314         0         0
         8      1315         0         0         8      1316         0         0
         8      1317         0         0         8      1318         0         0
         8      1319         0         0         8      1320         0         0
         8      1321         0         0         8      1322         0         0
         8      1323         0         0         8      1324         0         0
         8      1325         0         0         8      1326         0         0
         8      1327         0         0         8      1328         0         0
         8      1329         0         0         8      1330         0         0
         8      1331         0         0         8      1332         0         0
         8      1333         0         0         8      1334         0         0
         8      1335         0         0         8      1336         0         0
         8      1337         0         0         8      1338         0         0
         8      1339         0         0         8      1340         0         0
         8      1341         0         0         8      1342         0         0
         8      1343         0         0         8      1344         0         0
         8      1345         0         0         8      1346         0         0
         8      1347         0         0         8      1348         0         0
         8      1349         0         0         8      1350         0         0
         8      1351         0         0         8      1352         0         0
         8      1353         0         0         8      1354         0         0
         8      1355         0         0         8      1356         0         0
         8      1357         0         0         8      1358         0         0
         8      1359         0         0         8      1360         0         0
         8      1361         0         0         8      1362         0         0
         8      1363         0         0         8      1364         0         0
         8      1365         0         0         8      1366         0         0
         8      1367         0         0         8      1368         0         0
         8      1369         0         0         8      1370         0         0
         8      1371         0         0         8      1372         0         0
         8      1373         0         0         8      1374         0         0
         8      1375         0         0         8      1376         0         0
         8      1377         0         0         8      1378         0         0
         8      1379         0         0         8      1380         0         0
         8      1381         0         0         8      1382         0         0
         8      1383         0         0         8      1384         0         0
         8      1385         0         0         8      1386         0         0
         8      1387         0         0         8      1388         0         0
         8      1389         0         0         8      1390         0         0
         8      1391         0         0         8      1392         0         0
         8      1393         0         0         8      1394         0         0
         8      1395         0         0         8      1396         0         0
         8      1397         0         0         8      1398         0         0
         8      1399         0         0         8      1400         0         0
        34         0         0         0         0         0         0       100
innerLowerFuelAssembly_top
         8      3101         0         0         8      3102         0         0
         8      3103         0         0         8      3104         0         0
         8      3105         0         0         8      3106         0         0
         8      3107         0         0         8      3108         0         0
         8      3109         0         0         8      3110         0         0
         8      3111         0         0         8      3112         0         0
         8      3113         0         0         8      3114         0         0
         8      3115         0         0         8      3116         0         0
         8      3117         0         0         8      3118         0         0
         8      3119         0         0         8      3120         0         0
         8      3121         0         0         8      3122         0         0
         8      3123         0         0         8      3124         0         0
         8      3125         0         0         8      3126         0         0
         8      3127         0         0         8      3128         0         0
         8      3129         0         0         8      3130         0         0
         8      3131         0         0         8      3132         0         0
         8      3133         0         0         8      3134         0         0
         8      3135         0         0         8      3136         0         0
         8      3137         0         0         8      3138         0         0
         8      3139         0         0         8      3140         0         0
         8      3141         0         0         8      3142         0         0
         8      3143         0         0         8      3144         0         0
         8      3145         0         0         8      3146         0         0
         8      3147         0         0         8      3148         0         0
         8      3149         0         0         8      3150         0         0
         8      3151         0         0         8      3152         0         0
         8      3153         0         0         8      3154         0         0
         8      3155         0         0         8      3156         0         0
         8      3157         0         0         8      3158         0         0
         8      3159         0         0         8      3160         0         0
         8      3161         0         0         8      3162         0         0
         8      3163         0         0         8      3164         0         0
         8      3165         0         0         8      3166         0         0
         8      3167         0         0         8      3168         0         0
         8      3169         0         0         8      3170         0         0
         8      3171         0         0         8      3172         0         0
         8      3173         0         0         8      3174         0         0
         8      3175         0         0         8      3176         0         0
         8      3177         0         0         8      3178         0         0
         8      3179         0         0         8      3180         0         0
         8      3181         0         0         8      3182         0         0
         8      3183         0         0         8      3184         0         0
         8      3185         0         0         8      3186         0         0
         8      3187         0         0         8      3188         0         0
         8      3189         0         0         8      3190         0         0
         8      3191         0         0         8      3192         0         0
         8      3193         0         0         8      3194         0         0
         8      3195         0         0         8      3196         0         0
         8      3197         0         0         8      3198         0         0
         8      3199         0         0         8      3200         0         0
        35         0         0         0         0         0         0       100
innerFuel
         8      1401         0         0         8      1402         0         0
         8      1403         0         0         8      1404         0         0
         8      1405         0         0         8      1406         0         0
         8      1407         0         0         8      1408         0         0
         8      1409         0         0         8      1410         0         0
         8      1411         0         0         8      1412         0         0
         8      1413         0         0         8      1414         0         0
         8      1415         0         0         8      1416         0         0
         8      1417         0         0         8      1418         0         0
         8      1419         0         0         8      1420         0         0
         8      1421         0         0         8      1422         0         0
         8      1423         0         0         8      1424         0         0
         8      1425         0         0         8      1426         0         0
         8      1427         0         0         8      1428         0         0
         8      1429         0         0         8      1430         0         0
         8      1431         0         0         8      1432         0         0
         8      1433         0         0         8      1434         0         0
         8      1435         0         0         8      1436         0         0
         8      1437         0         0         8      1438         0         0
         8      1439         0         0         8      1440         0         0
         8      1441         0         0         8      1442         0         0
         8      1443         0         0         8      1444         0         0
         8      1445         0         0         8      1446         0         0
         8      1447         0         0         8      1448         0         0
         8      1449         0         0         8      1450         0         0
         8      1451         0         0         8      1452         0         0
         8      1453         0         0         8      1454         0         0
         8      1455         0         0         8      1456         0         0
         8      1457         0         0         8      1458         0         0
         8      1459         0         0         8      1460         0         0
         8      1461         0         0         8      1462         0         0
         8      1463         0         0         8      1464         0         0
         8      1465         0         0         8      1466         0         0
         8      1467         0         0         8      1468         0         0
         8      1469         0         0         8      1470         0         0
         8      1471         0         0         8      1472         0         0
         8      1473         0         0         8      1474         0         0
         8      1475         0         0         8      1476         0         0
         8      1477         0         0         8      1478         0         0
         8      1479         0         0         8      1480         0         0
         8      1481         0         0         8      1482         0         0
         8      1483         0         0         8      1484         0         0
         8      1485         0         0         8      1486         0         0
         8      1487         0         0         8      1488         0         0
         8      1489         0         0         8      1490         0         0
         8      1491         0         0         8      1492         0         0
         8      1493         0         0         8      1494         0         0
         8      1495         0         0         8      1496         0         0
         8      1497         0         0         8      1498         0         0
         8      1499         0         0         8      1500         0         0
        36         0         0         0         0         0         0       100
innerFuel_top
         8      3201         0         0         8      3202         0         0
         8      3203         0         0         8      3204         0         0
         8      3205         0         0         8      3206         0         0
         8      3207         0         0         8      3208         0         0
         8      3209         0         0         8      3210         0         0
         8      3211         0         0         8      3212         0         0
         8      3213         0         0         8      3214         0         0
         8      3215         0         0         8      3216         0         0
         8      3217         0         0         8      3218         0         0
         8      3219         0         0         8      3220         0         0
         8      3221         0         0         8      3222         0         0
         8      3223         0         0         8      3224         0         0
         8      3225         0         0         8      3226         0         0
         8      3227         0         0         8      3228         0         0
         8      3229         0         0         8      3230         0         0
         8      3231         0         0         8      3232         0         0
         8      3233         0         0         8      3234         0         0
         8      3235         0         0         8      3236         0         0
         8      3237         0         0         8      3238         0         0
         8      3239         0         0         8      3240         0         0
         8      3241         0         0         8      3242         0         0
         8      3243         0         0         8      3244         0         0
         8      3245         0         0         8      3246         0         0
         8      3247         0         0         8      3248         0         0
         8      3249         0         0         8      3250         0         0
         8      3251         0         0         8      3252         0         0
         8      3253         0         0         8      3254         0         0
         8      3255         0         0         8      3256         0         0
         8      3257         0         0         8      3258         0         0
         8      3259         0         0         8      3260         0         0
         8      3261         0         0         8      3262         0         0
         8      3263         0         0         8      3264         0         0
         8      3265         0         0         8      3266         0         0
         8      3267         0         0         8      3268         0         0
         8      3269         0         0         8      3270         0         0
         8      3271         0         0         8      3272         0         0
         8      3273         0         0         8      3274         0         0
         8      3275         0         0         8      3276         0         0
         8      3277         0         0         8      3278         0         0
         8      3279         0         0         8      3280         0         0
         8      3281         0         0         8      3282         0         0
         8      3283         0         0         8      3284         0         0
         8      3285         0         0         8      3286         0         0
         8      3287         0         0         8      3288         0         0
         8      3289         0         0         8      3290         0         0
         8      3291         0         0         8      3292         0         0
         8      3293         0         0         8      3294         0         0
         8      3295         0         0         8      3296         0         0
         8      3297         0         0         8      3298         0         0
         8      3299         0         0         8      3300         0         0
        37         0         0         0         0         0         0       100
innerUpperFuelAssembly
         8      1501         0         0         8      1502         0         0
         8      1503         0         0         8      1504         0         0
         8      1505         0         0         8      1506         0         0
         8      1507         0         0         8      1508         0         0
         8      1509         0         0         8      1510         0         0
         8      1511         0         0         8      1512         0         0
         8      1513         0         0         8      1514         0         0
         8      1515         0         0         8      1516         0         0
         8      1517         0         0         8      1518         0         0
         8      1519         0         0         8      1520         0         0
         8      1521         0         0         8      1522         0         0
         8      1523         0         0         8      1524         0         0
         8      1525         0         0         8      1526         0         0
         8      1527         0         0         8      1528         0         0
         8      1529         0         0         8      1530         0         0
         8      1531         0         0         8      1532         0         0
         8      1533         0         0         8      1534         0         0
         8      1535         0         0         8      1536         0         0
         8      1537         0         0         8      1538         0         0
         8      1539         0         0         8      1540         0         0
         8      1541         0         0         8      1542         0         0
         8      1543         0         0         8      1544         0         0
         8      1545         0         0         8      1546         0         0
         8      1547         0         0         8      1548         0         0
         8      1549         0         0         8      1550         0         0
         8      1551         0         0         8      1552         0         0
         8      1553         0         0         8      1554         0         0
         8      1555         0         0         8      1556         0         0
         8      1557         0         0         8      1558         0         0
         8      1559         0         0         8      1560         0         0
         8      1561         0         0         8      1562         0         0
         8      1563         0         0         8      1564         0         0
         8      1565         0         0         8      1566         0         0
         8      1567         0         0         8      1568         0         0
         8      1569         0         0         8      1570         0         0
         8      1571         0         0         8      1572         0         0
         8      1573         0         0         8      1574         0         0
         8      1575         0         0         8      1576         0         0
         8      1577         0         0         8      1578         0         0
         8      1579         0         0         8      1580         0         0
         8      1581         0         0         8      1582         0         0
         8      1583         0         0         8      1584         0         0
         8      1585         0         0         8      1586         0         0
         8      1587         0         0         8      1588         0         0
         8      1589         0         0         8      1590         0         0
         8      1591         0         0         8      1592         0         0
         8      1593         0         0         8      1594         0         0
         8      1595         0         0         8      1596         0         0
         8      1597         0         0         8      1598         0         0
         8      1599         0         0         8      1600         0         0
        38         0         0         0         0         0         0       100
innerUpperFuelAssembly_top
         8      3301         0         0         8      3302         0         0
         8      3303         0         0         8      3304         0         0
         8      3305         0         0         8      3306         0         0
         8      3307         0         0         8      3308         0         0
         8      3309         0         0         8      3310         0         0
         8      3311         0         0         8      3312         0         0
         8      3313         0         0         8      3314         0         0
         8      3315         0         0         8      3316         0         0
         8      3317         0         0         8      3318         0         0
         8      3319         0         0         8      3320         0         0
         8      3321         0         0         8      3322         0         0
         8      3323         0         0         8      3324         0         0
         8      3325         0         0         8      3326         0         0
         8      3327         0         0         8      3328         0         0
         8      3329         0         0         8      3330         0         0
         8      3331         0         0         8      3332         0         0
         8      3333         0         0         8      3334         0         0
         8      3335         0         0         8      3336         0         0
         8      3337         0         0         8      3338         0         0
         8      3339         0         0         8      3340         0         0
         8      3341         0         0         8      3342         0         0
         8      3343         0         0         8      3344         0         0
         8      3345         0         0         8      3346         0         0
         8      3347         0         0         8      3348         0         0
         8      3349         0         0         8      3350         0         0
         8      3351         0         0         8      3352         0         0
         8      3353         0         0         8      3354         0         0
         8      3355         0         0         8      3356         0         0
         8      3357         0         0         8      3358         0         0
         8      3359         0         0         8      3360         0         0
         8      3361         0         0         8      3362         0         0
         8      3363         0         0         8      3364         0         0
         8      3365         0         0         8      3366         0         0
         8      3367         0         0         8      3368         0         0
         8      3369         0         0         8      3370         0         0
         8      3371         0         0         8      3372         0         0
         8      3373         0         0         8      3374         0         0
         8      3375         0         0         8      3376         0         0
         8      3377         0         0         8      3378         0         0
         8      3379         0         0         8      3380         0         0
         8      3381         0         0         8      3382         0         0
         8      3383         0         0         8      3384         0         0
         8      3385         0         0         8      3386         0         0
         8      3387         0         0         8      3388         0         0
         8      3389         0         0         8      3390         0         0
         8      3391         0         0         8      3392         0         0
         8      3393         0         0         8      3394         0         0
         8      3395         0         0         8      3396         0         0
         8      3397         0         0         8      3398         0         0
         8      3399         0         0         8      3400         0         0
        39         0         0         0         0         0         0       100
outerFuelDiagrid
         8      1601         0         0         8      1602         0         0
         8      1603         0         0         8      1604         0         0
         8      1605         0         0         8      1606         0         0
         8      1607         0         0         8      1608         0         0
         8      1609         0         0         8      1610         0         0
         8      1611         0         0         8      1612         0         0
         8      1613         0         0         8      1614         0         0
         8      1615         0         0         8      1616         0         0
         8      1617         0         0         8      1618         0         0
         8      1619         0         0         8      1620         0         0
         8      1621         0         0         8      1622         0         0
         8      1623         0         0         8      1624         0         0
         8      1625         0         0         8      1626         0         0
         8      1627         0         0         8      1628         0         0
         8      1629         0         0         8      1630         0         0
         8      1631         0         0         8      1632         0         0
         8      1633         0         0         8      1634         0         0
         8      1635         0         0         8      1636         0         0
         8      1637         0         0         8      1638         0         0
         8      1639         0         0         8      1640         0         0
         8      1641         0         0         8      1642         0         0
         8      1643         0         0         8      1644         0         0
         8      1645         0         0         8      1646         0         0
         8      1647         0         0         8      1648         0         0
         8      1649         0         0         8      1650         0         0
         8      1651         0         0         8      1652         0         0
         8      1653         0         0         8      1654         0         0
         8      1655         0         0         8      1656         0         0
         8      1657         0         0         8      1658         0         0
         8      1659         0         0         8      1660         0         0
         8      1661         0         0         8      1662         0         0
         8      1663         0         0         8      1664         0         0
         8      1665         0         0         8      1666         0         0
         8      1667         0         0         8      1668         0         0
         8      1669         0         0         8      1670         0         0
         8      1671         0         0         8      1672         0         0
         8      1673         0         0         8      1674         0         0
         8      1675         0         0         8      1676         0         0
         8      1677         0         0         8      1678         0         0
         8      1679         0         0         8      1680         0         0
         8      1681         0         0         8      1682         0         0
         8      1683         0         0         8      1684         0         0
         8      1685         0         0         8      1686         0         0
         8      1687         0         0         8      1688         0         0
         8      1689         0         0         8      1690         0         0
         8      1691         0         0         8      1692         0         0
         8      1693         0         0         8      1694         0         0
         8      1695         0         0         8      1696         0         0
         8      1697         0         0         8      1698         0         0
         8      1699         0         0         8      1700         0         0
        40         0         0         0         0         0         0       100
outerFuelDiagrid_top
         8      3401         0         0         8      3402         0         0
         8      3403         0         0         8      3404         0         0
         8      3405         0         0         8      3406         0         0
         8      3407         0         0         8      3408         0         0
         8      3409         0         0         8      3410         0         0
         8      3411         0         0         8      3412         0         0
         8      3413         0         0         8      3414         0         0
         8      3415         0         0         8      3416         0         0
         8      3417         0         0         8      3418         0         0
         8      3419         0         0         8      3420         0         0
         8      3421         0         0         8      3422         0         0
         8      3423         0         0         8      3424         0         0
         8      3425         0         0         8      3426         0         0
         8      3427         0         0         8      3428         0         0
         8      3429         0         0         8      3430         0         0
         8      3431         0         0         8      3432         0         0
         8      3433         0         0         8      3434         0         0
         8      3435         0         0         8      3436         0         0
         8      3437         0         0         8      3438         0         0
         8      3439         0         0         8      3440         0         0
         8      3441         0         0         8      3442         0         0
         8      3443         0         0         8      3444         0         0
         8      3445         0         0         8      3446         0         0
         8      3447         0         0         8      3448         0         0
         8      3449         0         0         8      3450         0         0
         8      3451         0         0         8      3452         0         0
         8      3453         0         0         8      3454         0         0
         8      3455         0         0         8      3456         0         0
         8      3457         0         0         8      3458         0         0
         8      3459         0         0         8      3460         0         0
         8      3461         0         0         8      3462         0         0
         8      3463         0         0         8      3464         0         0
         8      3465         0         0         8      3466         0         0
         8      3467         0         0         8      3468         0         0
         8      3469         0         0         8      3470         0         0
         8      3471         0         0         8      3472         0         0
         8      3473         0         0         8      3474         0         0
         8      3475         0         0         8      3476         0         0
         8      3477         0         0         8      3478         0         0
         8      3479         0         0         8      3480         0         0
         8      3481         0         0         8      3482         0         0
         8      3483         0         0         8      3484         0         0
         8      3485         0         0         8      3486         0         0
         8      3487         0         0         8      3488         0         0
         8      3489         0         0         8      3490         0         0
         8      3491         0         0         8      3492         0         0
         8      3493         0         0         8      3494         0         0
         8      3495         0         0         8      3496         0         0
         8      3497         0         0         8      3498         0         0
         8      3499         0         0         8      3500         0         0
        41         0         0         0         0         0         0       100
outerLowerFuelAssembly
         8      1701         0         0         8      1702         0         0
         8      1703         0         0         8      1704         0         0
         8      1705         0         0         8      1706         0         0
         8      1707         0         0         8      1708         0         0
         8      1709         0         0         8      1710         0         0
         8      1711         0         0         8      1712         0         0
         8      1713         0         0         8      1714         0         0
         8      1715         0         0         8      1716         0         0
         8      1717         0         0         8      1718         0         0
         8      1719         0         0         8      1720         0         0
         8      1721         0         0         8      1722         0         0
         8      1723         0         0         8      1724         0         0
         8      1725         0         0         8      1726         0         0
         8      1727         0         0         8      1728         0         0
         8      1729         0         0         8      1730         0         0
         8      1731         0         0         8      1732         0         0
         8      1733         0         0         8      1734         0         0
         8      1735         0         0         8      1736         0         0
         8      1737         0         0         8      1738         0         0
         8      1739         0         0         8      1740         0         0
         8      1741         0         0         8      1742         0         0
         8      1743         0         0         8      1744         0         0
         8      1745         0         0         8      1746         0         0
         8      1747         0         0         8      1748         0         0
         8      1749         0         0         8      1750         0         0
         8      1751         0         0         8      1752         0         0
         8      1753         0         0         8      1754         0         0
         8      1755         0         0         8      1756         0         0
         8      1757         0         0         8      1758         0         0
         8      1759         0         0         8      1760         0         0
         8      1761         0         0         8      1762         0         0
         8      1763         0         0         8      1764         0         0
         8      1765         0         0         8      1766         0         0
         8      1767         0         0         8      1768         0         0
         8      1769         0         0         8      1770         0         0
         8      1771         0         0         8      1772         0         0
         8      1773         0         0         8      1774         0         0
         8      1775         0         0         8      1776         0         0
         8      1777         0         0         8      1778         0         0
         8      1779         0         0         8      1780         0         0
         8      1781         0         0         8      1782         0         0
         8      1783         0         0         8      1784         0         0
         8      1785         0         0         8      1786         0         0
         8      1787         0         0         8      1788         0         0
         8      1789         0         0         8      1790         0         0
         8      1791         0         0         8      1792         0         0
         8      1793         0         0         8      1794         0         0
         8      1795         0         0         8      1796         0         0
         8      1797         0         0         8      1798         0         0
         8      1799         0         0         8      1800         0         0
        42         0         0         0         0         0         0       100
outerLowerFuelAssembly_top
         8      3501         0         0         8      3502         0         0
         8      3503         0         0         8      3504         0         0
         8      3505         0         0         8      3506         0         0
         8      3507         0         0         8      3508         0         0
         8      3509         0         0         8      3510         0         0
         8      3511         0         0         8      3512         0         0
         8      3513         0         0         8      3514         0         0
         8      3515         0         0         8      3516         0         0
         8      3517         0         0         8      3518         0         0
         8      3519         0         0         8      3520         0         0
         8      3521         0         0         8      3522         0         0
         8      3523         0         0         8      3524         0         0
         8      3525         0         0         8      3526         0         0
         8      3527         0         0         8      3528         0         0
         8      3529         0         0         8      3530         0         0
         8      3531         0         0         8      3532         0         0
         8      3533         0         0         8      3534         0         0
         8      3535         0         0         8      3536         0         0
         8      3537         0         0         8      3538         0         0
         8      3539         0         0         8      3540         0         0
         8      3541         0         0         8      3542         0         0
         8      3543         0         0         8      3544         0         0
         8      3545         0         0         8      3546         0         0
         8      3547         0         0         8      3548         0         0
         8      3549         0         0         8      3550         0         0
         8      3551         0         0         8      3552         0         0
         8      3553         0         0         8      3554         0         0
         8      3555         0         0         8      3556         0         0
         8      3557         0         0         8      3558         0         0
         8      3559         0         0         8      3560         0         0
         8      3561         0         0         8      3562         0         0
         8      3563         0         0         8      3564         0         0
         8      3565         0         0         8      3566         0         0
         8      3567         0         0         8      3568         0         0
         8      3569         0         0         8      3570         0         0
         8      3571         0         0         8      3572         0         0
         8      3573         0         0         8      3574         0         0
         8      3575         0         0         8      3576         0         0
         8      3577         0         0         8      3578         0         0
         8      3579         0         0         8      3580         0         0
         8      3581         0         0         8      3582         0         0
         8      3583         0         0         8      3584         0         0
         8      3585         0         0         8      3586         0         0
         8      3587         0         0         8      3588         0         0
         8      3589         0         0         8      3590         0         0
         8      3591         0         0         8      3592         0         0
         8      3593         0         0         8      3594         0         0
         8      3595         0         0         8      3596         0         0
         8      3597         0         0         8      3598         0         0
         8      3599         0         0         8      3600         0         0
        43         0         0         0         0         0         0       100
outerFuel
         8      1801         0         0         8      1802         0         0
         8      1803         0         0         8      1804         0         0
         8      1805         0         0         8      1806         0         0
         8      1807         0         0         8      1808         0         0
         8      1809         0         0         8      1810         0         0
         8      1811         0         0         8      1812         0         0
         8      1813         0         0         8      1814         0         0
         8      1815         0         0         8      1816         0         0
         8      1817         0         0         8      1818         0         0
         8      1819         0         0         8      1820         0         0
         8      1821         0         0         8      1822         0         0
         8      1823         0         0         8      1824         0         0
         8      1825         0         0         8      1826         0         0
         8      1827         0         0         8      1828         0         0
         8      1829         0         0         8      1830         0         0
         8      1831         0         0         8      1832         0         0
         8      1833         0         0         8      1834         0         0
         8      1835         0         0         8      1836         0         0
         8      1837         0         0         8      1838         0         0
         8      1839         0         0         8      1840         0         0
         8      1841         0         0         8      1842         0         0
         8      1843         0         0         8      1844         0         0
         8      1845         0         0         8      1846         0         0
         8      1847         0         0         8      1848         0         0
         8      1849         0         0         8      1850         0         0
         8      1851         0         0         8      1852         0         0
         8      1853         0         0         8      1854         0         0
         8      1855         0         0         8      1856         0         0
         8      1857         0         0         8      1858         0         0
         8      1859         0         0         8      1860         0         0
         8      1861         0         0         8      1862         0         0
         8      1863         0         0         8      1864         0         0
         8      1865         0         0         8      1866         0         0
         8      1867         0         0         8      1868         0         0
         8      1869         0         0         8      1870         0         0
         8      1871         0         0         8      1872         0         0
         8      1873         0         0         8      1874         0         0
         8      1875         0         0         8      1876         0         0
         8      1877         0         0         8      1878         0         0
         8      1879         0         0         8      1880         0         0
         8      1881         0         0         8      1882         0         0
         8      1883         0         0         8      1884         0         0
         8      1885         0         0         8      1886         0         0
         8      1887         0         0         8      1888         0         0
         8      1889         0         0         8      1890         0         0
         8      1891         0         0         8      1892         0         0
         8      1893         0         0         8      1894         0         0
         8      1895         0         0         8      1896         0         0
         8      1897         0         0         8      1898         0         0
         8      1899         0         0         8      1900         0         0
        44         0         0         0         0         0         0       100
outerFuel_top
         8      3601         0         0         8      3602         0         0
         8      3603         0         0         8      3604         0         0
         8      3605         0         0         8      3606         0         0
         8      3607         0         0         8      3608         0         0
         8      3609         0         0         8      3610         0         0
         8      3611         0         0         8      3612         0         0
         8      3613         0         0         8      3614         0         0
         8      3615         0         0         8      3616         0         0
         8      3617         0         0         8      3618         0         0
         8      3619         0         0         8      3620         0         0
         8      3621         0         0         8      3622         0         0
         8      3623         0         0         8      3624         0         0
         8      3625         0         0         8      3626         0         0
         8      3627         0         0         8      3628         0         0
         8      3629         0         0         8      3630         0         0
         8      3631         0         0         8      3632         0         0
         8      3633         0         0         8      3634         0         0
         8      3635         0         0         8      3636         0         0
         8      3637         0         0         8      3638         0         0
         8      3639         0         0         8      3640         0         0
         8      3641         0         0         8      3642         0         0
         8      3643         0         0         8      3644         0         0
         8      3645         0         0         8      3646         0         0
         8      3647         0         0         8      3648         0         0
         8      3649         0         0         8      3650         0         0
         8      3651         0         0         8      3652         0         0
         8      3653         0         0         8      3654         0         0
         8      3655         0         0         8      3656         0         0
         8      3657         0         0         8      3658         0         0
         8      3659         0         0         8      3660         0         0
         8      3661         0         0         8      3662         0         0
         8      3663         0         0         8      3664         0         0
         8      3665         0         0         8      3666         0         0
         8      3667         0         0         8      3668         0         0
         8      3669         0         0         8      3670         0         0
         8      3671         0         0         8      3672         0         0
         8      3673         0         0         8      3674         0         0
         8      3675         0         0         8      3676         0         0
         8      3677         0         0         8      3678         0         0
         8      3679         0         0         8      3680         0         0
         8      3681         0         0         8      3682         0         0
         8      3683         0         0         8      3684         0         0
         8      3685         0         0         8      3686         0         0
         8      3687         0         0         8      3688         0         0
         8      3689         0         0         8      3690         0         0
         8      3691         0         0         8      3692         0         0
         8      3693         0         0         8      3694         0         0
         8      3695         0         0         8      3696         0         0
         8      3697         0         0         8      3698         0         0
         8      3699         0         0         8      3700         0         0
        45         0         0         0         0         0         0       100
outerUpperFuelAssembly
         8      1901         0         0         8      1902         0         0
         8      1903         0         0         8      1904         0         0
         8      1905         0         0         8      1906         0         0
         8      1907         0         0         8      1908         0         0
         8      1909         0         0         8      1910         0         0
         8      1911         0         0         8      1912         0         0
         8      1913         0         0         8      1914         0         0
         8      1915         0         0         8      1916         0         0
         8      1917         0         0         8      1918         0         0
         8      1919         0         0         8      1920         0         0
         8      1921         0         0         8      1922         0         0
         8      1923         0         0         8      1924         0         0
         8      1925         0         0         8      1926         0         0
         8      1927         0         0         8      1928         0         0
         8      1929         0         0         8      1930         0         0
         8      1931         0         0         8      1932         0         0
         8      1933         0         0         8      1934         0         0
         8      1935         0         0         8      1936         0         0
         8      1937         0         0         8      1938         0         0
         8      1939         0         0         8      1940         0         0
         8      1941         0         0         8      1942         0         0
         8      1943         0         0         8      1944         0         0
         8      1945         0         0         8      1946         0         0
         8      1947         0         0         8      1948         0         0
         8      1949         0         0         8      1950         0         0
         8      1951         0         0         8      1952         0         0
         8      1953         0         0         8      1954         0         0
         8      1955         0         0         8      1956         0         0
         8      1957         0         0         8      1958         0         0
         8      1959         0         0         8      1960         0         0
         8      1961         0         0         8      1962         0         0
         8      1963         0         0         8      1964         0         0
         8      1965         0         0         8      1966         0         0
         8      1967         0         0         8      1968         0         0
         8      1969         0         0         8      1970         0         0
         8      1971         0         0         8      1972         0         0
         8      1973         0         0         8      1974         0         0
         8      1975         0         0         8      1976         0         0
         8      1977         0         0         8      1978         0         0
         8      1979         0         0         8      1980         0         0
         8      1981         0         0         8      1982         0         0
         8      1983         0         0         8      1984         0         0
         8      1985         0         0         8      1986         0         0
         8      1987         0         0         8      1988         0         0
         8      1989         0         0         8      1990         0         0
         8      1991         0         0         8      1992         0         0
         8      1993         0         0         8      1994         0         0
         8      1995         0         0         8      1996         0         0
         8      1997         0         0         8      1998         0         0
         8      1999         0         0         8      2000         0         0
        46         0         0         0         0         0         0       100
outerUpperFuelAssembly_top
         8      3701         0         0         8      3702         0         0
         8      3703         0         0         8      3704         0         0
         8      3705         0         0         8      3706         0         0
         8      3707         0         0         8      3708         0         0
         8      3709         0         0         8      3710         0         0
         8      3711         0         0         8      3712         0         0
         8      3713         0         0         8      3714         0         0
         8      3715         0         0         8      3716         0         0
         8      3717         0         0         8      3718         0         0
         8      3719         0         0         8      3720         0         0
         8      3721         0         0         8      3722         0         0
         8      3723         0         0         8      3724         0         0
         8      3725         0         0         8      3726         0         0
         8      3727         0         0         8      3728         0         0
         8      3729         0         0         8      3730         0         0
         8      3731         0         0         8      3732         0         0
         8      3733         0         0         8      3734         0         0
         8      3735         0         0         8      3736         0         0
         8      3737         0         0         8      3738         0         0
         8      3739         0         0         8      3740         0         0
         8      3741         0         0         8      3742         0         0
         8      3743         0         0         8      3744         0         0
         8      3745         0         0         8      3746         0         0
         8      3747         0         0         8      3748         0         0
         8      3749         0         0         8      3750         0         0
         8      3751         0         0         8      3752         0         0
         8      3753         0         0         8      3754         0         0
         8      3755         0         0         8      3756         0         0
         8      3757         0         0         8      3758         0         0
         8      3759         0         0         8      3760         0         0
         8      3761         0         0         8      3762         0         0
         8      3763         0         0         8      3764         0         0
         8      3765         0         0         8      3766         0         0
         8      3767         0         0         8      3768         0         0
         8      3769         0         0         8      3770         0         0
         8      3771         0         0         8      3772         0         0
         8      3773         0         0         8      3774         0         0
         8      3775         0         0         8      3776         0         0
         8      3777         0         0         8      3778         0         0
         8      3779         0         0         8      3780         0         0
         8      3781         0         0         8      3782         0         0
         8      3783         0         0         8      3784         0         0
         8      3785         0         0         8      3786         0         0
         8      3787         0         0         8      3788         0         0
         8      3789         0         0         8      3790         0         0
         8      3791         0         0         8      3792         0         0
         8      3793         0         0         8      3794         0         0
         8      3795         0         0         8      3796         0         0
         8      3797         0         0         8      3798         0         0
         8      3799         0         0         8      3800         0         0
        55         0         0         0         0         0         0        10
Edge_4_rotated
         8      1021         0         0         8      1022         0         0
         8      1023         0         0         8      1024         0         0
         8      1025         0         0         8      1026         0         0
         8      1027         0         0         8      1028         0         0
         8      1029         0         0         8      1030         0         0
        57         0         0         0         0         0         0        10
Edge_5_rotated
         8      1031         0         0         8      1032         0         0
         8      1033         0         0         8      1034         0         0
         8      1035         0         0         8      1036         0         0
         8      1037         0         0         8      1038         0         0
         8      1039         0         0         8      1040         0         0
        59         0         0         0         0         0         0        10
Edge_6_rotated
         8      1051         0         0         8      1052         0         0
         8      1053         0         0         8      1054         0         0
         8      1055         0         0         8      1056         0         0
         8      1057         0         0         8      1058         0         0
         8      1059         0         0         8      1060         0         0
        61         0         0         0         0         0         0        10
Edge_7_rotated
         8      1071         0         0         8      1072         0         0
         8      1073         0         0         8      1074         0         0
         8      1075         0         0         8      1076         0         0
         8      1077         0         0         8      1078         0         0
         8      1079         0         0         8      1080         0         0
        63         0         0         0         0         0         0        10
Edge_8_rotated
         8      1091         0         0         8      1092         0         0
         8      1093         0         0         8      1094         0         0
         8      1095         0         0         8      1096         0         0
         8      1097         0         0         8      1098         0         0
         8      1099         0         0         8      1100         0         0
        65         0         0         0         0         0         0        10
Edge_9_rotated
         8      1041         0         0         8      1042         0         0
         8      1043         0         0         8      1044         0         0
         8      1045         0         0         8      1046         0         0
         8      1047         0         0         8      1048         0         0
         8      1049         0         0         8      1050         0         0
        67         0         0         0         0         0         0        10
Edge_10_rotated
         8      1061         0         0         8      1062         0         0
         8      1063         0         0         8      1064         0         0
         8      1065         0         0         8      1066         0         0
         8      1067         0         0         8      1068         0         0
         8      1069         0         0         8      1070         0         0
        69         0         0         0         0         0         0        10
Edge_11_rotated
         8      1081         0         0         8      1082         0         0
         8      1083         0         0         8      1084         0         0
         8      1085         0         0         8      1086         0         0
         8      1087         0         0         8      1088         0         0
         8      1089         0         0         8      1090         0         0
        71         0         0         0         0         0         0        10
Edge_12_rotated
         8      1101         0         0         8      1102         0         0
         8      1103         0         0         8      1104         0         0
         8      1105         0         0         8      1106         0         0
         8      1107         0         0         8      1108         0         0
         8      1109         0         0         8      1110         0         0
        73         0         0         0         0         0         0        10
Edge_13_rotated
         8      1111         0         0         8      1112         0         0
         8      1113         0         0         8      1114         0         0
         8      1115         0         0         8      1116         0         0
         8      1117         0         0         8      1118         0         0
         8      1119         0         0         8      1120         0         0
        75         0         0         0         0         0         0        10
Edge_14_rotated
         8      1121         0         0         8      1122         0         0
         8      1123         0         0         8      1124         0         0
         8      1125         0         0         8      1126         0         0
         8      1127         0         0         8      1128         0         0
         8      1129         0         0         8      1130         0         0
        77         0         0         0         0         0         0        10
Edge_15_rotated
         8      1141         0         0         8      1142         0         0
         8      1143         0         0         8      1144         0         0
         8      1145         0         0         8      1146         0         0
         8      1147         0         0         8      1148         0         0
         8      1149         0         0         8      1150         0         0
        79         0         0         0         0         0         0        10
Edge_16_rotated
         8      1161         0         0         8      1162         0         0
         8      1163         0         0         8      1164         0         0
         8      1165         0         0         8      1166         0         0
         8      1167         0         0         8      1168         0         0
         8      1169         0         0         8      1170         0         0
        81         0         0         0         0         0         0        10
Edge_17_rotated
         8      1181         0         0         8      1182         0         0
         8      1183         0         0         8      1184         0         0
         8      1185         0         0         8      1186         0         0
         8      1187         0         0         8      1188         0         0
         8      1189         0         0         8      1190         0         0
        83         0         0         0         0         0         0        10
Edge_18_rotated
         8      1131         0         0         8      1132         0         0
         8      1133         0         0         8      1134         0         0
         8      1135         0         0         8      1136         0         0
         8      1137         0         0         8      1138         0         0
         8      1139         0         0         8      1140         0         0
        85         0         0         0         0         0         0        10
Edge_19_rotated
         8      1151         0         0         8      1152         0         0
         8      1153         0         0         8      1154         0         0
         8      1155         0         0         8      1156         0         0
         8      1157         0         0         8      1158         0         0
         8      1159         0         0         8      1160         0         0
        87         0         0         0         0         0         0        10
Edge_20_rotated
         8      1171         0         0         8      1172         0         0
         8      1173         0         0         8      1174         0         0
         8      1175         0         0         8      1176         0         0
         8      1177         0         0         8      1178         0         0
         8      1179         0         0         8      1180         0         0
        89         0         0         0         0         0         0        10
Edge_21_rotated
         8      1191         0         0         8      1192         0         0
         8      1193         0         0         8      1194         0         0
         8      1195         0         0         8      1196         0         0
         8      1197         0         0         8      1198         0         0
         8      1199         0         0         8      1200         0         0
    -1
