/*--------------------------------*- C++ -*----------------------------------*\
| =========                 |                                                 |
| \\      /  F ield         | OpenFOAM: The Open Source CFD Toolbox           |
|  \\    /   O peration     | Version:  v1906                                 |
|   \\  /    A nd           | Web:      www.OpenFOAM.com                      |
|    \\/     M anipulation  |                                                 |
\*---------------------------------------------------------------------------*/
FoamFile
{
    version     2.0;
    format      ascii;
    class       volScalarField;
    location    "110/neutroRegion";
    object      precStar2;
}
// * * * * * * * * * * * * * * * * * * * * * * * * * * * * * * * * * * * * * //

dimensions      [0 -3 0 0 0 0 0];


internalField   nonuniform List<scalar> 
8595
(
6.21852e+16
6.98445e+16
5.62877e+16
5.10049e+16
4.8113e+16
4.63253e+16
4.50419e+16
4.41489e+16
4.34986e+16
4.30122e+16
4.26457e+16
4.22762e+16
4.20009e+16
4.17976e+16
4.13788e+16
4.04152e+16
3.77959e+16
3.98587e+16
3.86219e+16
3.93167e+16
4.01496e+16
4.08592e+16
4.14497e+16
4.19339e+16
4.23306e+16
4.26539e+16
4.29168e+16
4.31302e+16
4.33036e+16
4.34443e+16
4.35586e+16
4.36513e+16
4.37267e+16
4.37882e+16
4.38385e+16
4.38797e+16
4.39139e+16
4.39427e+16
4.39676e+16
4.399e+16
4.40115e+16
4.40338e+16
4.4059e+16
4.40899e+16
4.41306e+16
4.41864e+16
4.4265e+16
4.43777e+16
4.45401e+16
4.47737e+16
4.51062e+16
4.55667e+16
4.61602e+16
4.68326e+16
5.12676e+16
6.11838e+16
5.10289e+16
4.93423e+16
6.05955e+16
5.48003e+16
5.29234e+16
5.23211e+16
5.16932e+16
5.09201e+16
5.0159e+16
4.9445e+16
4.87436e+16
4.81261e+16
4.75347e+16
4.70116e+16
4.65079e+16
4.59479e+16
4.53105e+16
4.49375e+16
4.73179e+16
4.55366e+16
4.47986e+16
4.44866e+16
4.43581e+16
4.43113e+16
4.43067e+16
4.43242e+16
4.43522e+16
4.43837e+16
4.44149e+16
4.44437e+16
4.44689e+16
4.44901e+16
4.45074e+16
4.45207e+16
4.45305e+16
4.45371e+16
4.45408e+16
4.4542e+16
4.45409e+16
4.45379e+16
4.45333e+16
4.45278e+16
4.45217e+16
4.45156e+16
4.45102e+16
4.45063e+16
4.45053e+16
4.45088e+16
4.45193e+16
4.45405e+16
4.45771e+16
4.46355e+16
4.47208e+16
4.48238e+16
4.4794e+16
4.862e+16
5.1836e+16
3.96976e+16
4.55576e+16
5.81058e+16
5.53493e+16
5.47165e+16
5.468e+16
5.41157e+16
5.33462e+16
5.25152e+16
5.17168e+16
5.09377e+16
5.02481e+16
4.95848e+16
4.89561e+16
4.83947e+16
4.78482e+16
4.73823e+16
4.74318e+16
4.85452e+16
4.74211e+16
4.68118e+16
4.63803e+16
4.61068e+16
4.59154e+16
4.57783e+16
4.56772e+16
4.5601e+16
4.5542e+16
4.54949e+16
4.5456e+16
4.54229e+16
4.53937e+16
4.53673e+16
4.53427e+16
4.53194e+16
4.52969e+16
4.52749e+16
4.52533e+16
4.52319e+16
4.52105e+16
4.51892e+16
4.5168e+16
4.51469e+16
4.51259e+16
4.51052e+16
4.50849e+16
4.50654e+16
4.50467e+16
4.50295e+16
4.50146e+16
4.50027e+16
4.49942e+16
4.49883e+16
4.49774e+16
4.4984e+16
4.87557e+16
4.91445e+16
3.58854e+16
4.38871e+16
5.72924e+16
5.60743e+16
5.62683e+16
5.6468e+16
5.5719e+16
5.4863e+16
5.39534e+16
5.30999e+16
5.22924e+16
5.15304e+16
5.08195e+16
5.01644e+16
4.95794e+16
4.90505e+16
4.86485e+16
4.86524e+16
4.89808e+16
4.81914e+16
4.77788e+16
4.74085e+16
4.71316e+16
4.69148e+16
4.67423e+16
4.66026e+16
4.64874e+16
4.63911e+16
4.63093e+16
4.62387e+16
4.61768e+16
4.61216e+16
4.60718e+16
4.60263e+16
4.59841e+16
4.59446e+16
4.59073e+16
4.5872e+16
4.5838e+16
4.58053e+16
4.57737e+16
4.5743e+16
4.5713e+16
4.56836e+16
4.56547e+16
4.56263e+16
4.55985e+16
4.55711e+16
4.55442e+16
4.55179e+16
4.54919e+16
4.54656e+16
4.54384e+16
4.5416e+16
4.55132e+16
4.90155e+16
4.802e+16
3.40598e+16
4.31112e+16
5.71913e+16
5.68987e+16
5.77335e+16
5.77809e+16
5.67991e+16
5.58738e+16
5.4912e+16
5.39746e+16
5.31049e+16
5.23077e+16
5.15764e+16
5.09142e+16
5.03267e+16
4.98117e+16
4.94172e+16
4.92703e+16
4.90637e+16
4.85013e+16
4.82296e+16
4.79587e+16
4.77256e+16
4.75294e+16
4.73632e+16
4.72208e+16
4.70978e+16
4.69908e+16
4.6897e+16
4.6814e+16
4.67397e+16
4.66727e+16
4.66118e+16
4.65557e+16
4.65037e+16
4.64551e+16
4.64095e+16
4.63663e+16
4.63252e+16
4.62859e+16
4.62482e+16
4.62119e+16
4.61766e+16
4.61421e+16
4.61085e+16
4.60756e+16
4.60432e+16
4.60113e+16
4.59799e+16
4.59489e+16
4.5918e+16
4.58873e+16
4.58581e+16
4.58459e+16
4.59707e+16
4.92974e+16
4.74983e+16
3.30129e+16
4.29149e+16
5.75992e+16
5.79925e+16
5.90925e+16
5.85952e+16
5.75373e+16
5.64644e+16
5.5385e+16
5.43752e+16
5.34586e+16
5.26411e+16
5.19103e+16
5.12597e+16
5.06866e+16
5.0189e+16
4.97896e+16
4.9504e+16
4.88915e+16
4.85361e+16
4.83675e+16
4.8187e+16
4.80091e+16
4.785e+16
4.77084e+16
4.75814e+16
4.74677e+16
4.73656e+16
4.72737e+16
4.71906e+16
4.71149e+16
4.70456e+16
4.69817e+16
4.69224e+16
4.68672e+16
4.68154e+16
4.67664e+16
4.67199e+16
4.66757e+16
4.66334e+16
4.65929e+16
4.65537e+16
4.65159e+16
4.6479e+16
4.64431e+16
4.6408e+16
4.63737e+16
4.63402e+16
4.63074e+16
4.62753e+16
4.62445e+16
4.62157e+16
4.61926e+16
4.61928e+16
4.6311e+16
4.95716e+16
4.72814e+16
3.23264e+16
4.41037e+16
5.86144e+16
5.95751e+16
6.00803e+16
5.90641e+16
5.78405e+16
5.65669e+16
5.53548e+16
5.42706e+16
5.33264e+16
5.25131e+16
5.1809e+16
5.11956e+16
5.06603e+16
5.0196e+16
4.9807e+16
4.94359e+16
4.85142e+16
4.83639e+16
4.82873e+16
4.81754e+16
4.80476e+16
4.79272e+16
4.78149e+16
4.77108e+16
4.76149e+16
4.75265e+16
4.74449e+16
4.73695e+16
4.72995e+16
4.72344e+16
4.71735e+16
4.71164e+16
4.70625e+16
4.70116e+16
4.69633e+16
4.69172e+16
4.6873e+16
4.68307e+16
4.67898e+16
4.67504e+16
4.67123e+16
4.66753e+16
4.66393e+16
4.66043e+16
4.65704e+16
4.65375e+16
4.65061e+16
4.64765e+16
4.64498e+16
4.64283e+16
4.64171e+16
4.64306e+16
4.6535e+16
4.98043e+16
4.72435e+16
3.18263e+16
4.97561e+16
6.16628e+16
6.15605e+16
6.07662e+16
5.92175e+16
5.7602e+16
5.60661e+16
5.47138e+16
5.35771e+16
5.26405e+16
5.18721e+16
5.12343e+16
5.06959e+16
5.02337e+16
4.98336e+16
4.94872e+16
4.90961e+16
4.79687e+16
4.80198e+16
4.80344e+16
4.79666e+16
4.78782e+16
4.77902e+16
4.7706e+16
4.76266e+16
4.75517e+16
4.74811e+16
4.74144e+16
4.73513e+16
4.72916e+16
4.7235e+16
4.71812e+16
4.71299e+16
4.70809e+16
4.70342e+16
4.69893e+16
4.69462e+16
4.69047e+16
4.68645e+16
4.68257e+16
4.67881e+16
4.67517e+16
4.67164e+16
4.66822e+16
4.66493e+16
4.66178e+16
4.6588e+16
4.65604e+16
4.65364e+16
4.65179e+16
4.65086e+16
4.65147e+16
4.65449e+16
4.66386e+16
4.99749e+16
4.73191e+16
3.14298e+16
7.28387e+16
6.80545e+16
6.43227e+16
6.14501e+16
5.88e+16
5.65627e+16
5.47448e+16
5.33097e+16
5.21967e+16
5.13398e+16
5.06787e+16
5.01614e+16
4.97468e+16
4.94041e+16
4.91127e+16
4.88527e+16
4.85008e+16
4.72822e+16
4.75331e+16
4.76215e+16
4.75744e+16
4.75153e+16
4.74557e+16
4.73989e+16
4.73446e+16
4.72924e+16
4.72417e+16
4.71924e+16
4.71445e+16
4.70978e+16
4.70525e+16
4.70084e+16
4.69655e+16
4.69239e+16
4.68835e+16
4.68442e+16
4.6806e+16
4.67688e+16
4.67326e+16
4.66974e+16
4.66632e+16
4.66301e+16
4.6598e+16
4.65672e+16
4.65378e+16
4.65102e+16
4.6485e+16
4.64634e+16
4.64472e+16
4.64394e+16
4.64454e+16
4.6473e+16
4.65245e+16
4.66014e+16
5.00164e+16
4.75053e+16
3.11027e+16
1.02259e+17
7.34397e+16
6.52344e+16
5.98666e+16
5.64218e+16
5.39991e+16
5.22829e+16
5.10473e+16
5.01521e+16
4.95005e+16
4.90259e+16
4.86808e+16
4.84302e+16
4.82463e+16
4.81054e+16
4.79743e+16
4.77008e+16
4.64669e+16
4.69207e+16
4.70205e+16
4.69987e+16
4.69751e+16
4.69492e+16
4.69239e+16
4.68975e+16
4.68698e+16
4.68407e+16
4.68101e+16
4.67784e+16
4.6746e+16
4.6713e+16
4.66796e+16
4.66462e+16
4.66128e+16
4.65797e+16
4.65469e+16
4.65145e+16
4.64826e+16
4.64512e+16
4.64204e+16
4.63904e+16
4.63612e+16
4.63329e+16
4.63058e+16
4.62803e+16
4.62567e+16
4.62358e+16
4.62191e+16
4.62085e+16
4.62079e+16
4.62235e+16
4.6265e+16
4.63345e+16
4.64141e+16
4.92346e+16
4.77044e+16
3.14454e+16
2.37843e+16
2.33594e+16
2.35691e+16
2.38254e+16
2.41536e+16
2.46156e+16
2.53434e+16
2.6648e+16
2.93845e+16
3.7415e+16
3.72874e+16
3.67897e+16
3.6334e+16
3.60704e+16
3.59664e+16
3.60486e+16
3.63843e+16
3.71596e+16
3.90421e+16
4.57809e+16
3.89218e+16
3.9248e+16
3.88115e+16
3.83648e+16
3.79641e+16
3.76078e+16
3.73053e+16
3.70447e+16
3.68457e+16
3.85664e+16
3.691e+16
3.66781e+16
3.63251e+16
3.59412e+16
3.55487e+16
3.51363e+16
3.46811e+16
3.41926e+16
3.39454e+16
3.50939e+16
3.69829e+16
3.6654e+16
3.62466e+16
3.5832e+16
3.54163e+16
3.49985e+16
3.45834e+16
3.42039e+16
3.40107e+16
3.46129e+16
3.70569e+16
3.66741e+16
3.62447e+16
3.58189e+16
3.54004e+16
3.49883e+16
3.4584e+16
3.42032e+16
3.39393e+16
3.42221e+16
3.71086e+16
3.66948e+16
3.62573e+16
3.58276e+16
3.54074e+16
3.4995e+16
3.45888e+16
3.41965e+16
3.38802e+16
3.3938e+16
3.71511e+16
3.6717e+16
3.62746e+16
3.5842e+16
3.54196e+16
3.50048e+16
3.45948e+16
3.41929e+16
3.38408e+16
3.375e+16
3.71864e+16
3.67393e+16
3.62932e+16
3.58582e+16
3.54335e+16
3.50161e+16
3.46025e+16
3.41931e+16
3.38168e+16
3.36304e+16
3.72159e+16
3.67607e+16
3.6312e+16
3.58752e+16
3.54485e+16
3.50288e+16
3.46119e+16
3.41965e+16
3.38033e+16
3.35559e+16
3.7241e+16
3.67811e+16
3.63307e+16
3.58924e+16
3.54642e+16
3.50424e+16
3.46225e+16
3.42018e+16
3.3796e+16
3.35094e+16
3.72633e+16
3.68007e+16
3.63493e+16
3.59099e+16
3.54804e+16
3.50568e+16
3.46341e+16
3.42086e+16
3.37925e+16
3.34794e+16
3.72836e+16
3.68199e+16
3.63679e+16
3.59277e+16
3.5497e+16
3.50717e+16
3.46462e+16
3.4216e+16
3.37908e+16
3.34583e+16
3.73033e+16
3.68388e+16
3.63864e+16
3.59456e+16
3.55139e+16
3.50869e+16
3.46587e+16
3.42235e+16
3.37895e+16
3.34411e+16
3.73225e+16
3.68578e+16
3.64051e+16
3.59637e+16
3.5531e+16
3.51024e+16
3.46712e+16
3.42309e+16
3.37877e+16
3.34246e+16
3.73418e+16
3.68768e+16
3.64239e+16
3.5982e+16
3.55483e+16
3.51179e+16
3.46837e+16
3.42378e+16
3.37849e+16
3.34069e+16
3.7361e+16
3.6896e+16
3.6443e+16
3.60006e+16
3.55658e+16
3.51335e+16
3.4696e+16
3.42442e+16
3.37806e+16
3.33866e+16
3.73802e+16
3.69154e+16
3.64623e+16
3.60193e+16
3.55834e+16
3.51491e+16
3.4708e+16
3.42499e+16
3.37746e+16
3.33625e+16
3.73994e+16
3.69349e+16
3.64819e+16
3.60383e+16
3.56012e+16
3.51647e+16
3.47198e+16
3.42547e+16
3.37666e+16
3.33339e+16
3.74186e+16
3.69546e+16
3.65015e+16
3.60575e+16
3.56191e+16
3.51802e+16
3.47312e+16
3.42587e+16
3.37564e+16
3.33001e+16
3.74377e+16
3.69744e+16
3.65214e+16
3.60768e+16
3.5637e+16
3.51956e+16
3.47421e+16
3.42615e+16
3.37437e+16
3.32605e+16
3.74567e+16
3.69942e+16
3.65413e+16
3.60961e+16
3.56548e+16
3.52108e+16
3.47525e+16
3.42632e+16
3.37284e+16
3.32141e+16
3.74754e+16
3.70138e+16
3.65613e+16
3.61155e+16
3.56727e+16
3.52257e+16
3.47624e+16
3.42636e+16
3.37101e+16
3.31604e+16
3.74937e+16
3.70334e+16
3.65812e+16
3.61349e+16
3.56905e+16
3.52404e+16
3.47715e+16
3.42626e+16
3.36886e+16
3.30983e+16
3.75115e+16
3.70525e+16
3.66009e+16
3.61542e+16
3.57081e+16
3.52547e+16
3.47799e+16
3.426e+16
3.36636e+16
3.30269e+16
3.75285e+16
3.70712e+16
3.66204e+16
3.61733e+16
3.57255e+16
3.52686e+16
3.47874e+16
3.42557e+16
3.36348e+16
3.29449e+16
3.75445e+16
3.70892e+16
3.66394e+16
3.61922e+16
3.57427e+16
3.5282e+16
3.4794e+16
3.42495e+16
3.36017e+16
3.28507e+16
3.75591e+16
3.71063e+16
3.6658e+16
3.62107e+16
3.57595e+16
3.5295e+16
3.47996e+16
3.42413e+16
3.3564e+16
3.27427e+16
3.75719e+16
3.71221e+16
3.66757e+16
3.62288e+16
3.5776e+16
3.53074e+16
3.48043e+16
3.42309e+16
3.35211e+16
3.26186e+16
3.75824e+16
3.71363e+16
3.66923e+16
3.62462e+16
3.57922e+16
3.53194e+16
3.48079e+16
3.42184e+16
3.34726e+16
3.24757e+16
3.75897e+16
3.71482e+16
3.67075e+16
3.62629e+16
3.5808e+16
3.53312e+16
3.48109e+16
3.42037e+16
3.3418e+16
3.23108e+16
3.75929e+16
3.7157e+16
3.67207e+16
3.62786e+16
3.58236e+16
3.53431e+16
3.48136e+16
3.41872e+16
3.33569e+16
3.21193e+16
3.75904e+16
3.71616e+16
3.67311e+16
3.6293e+16
3.58393e+16
3.53559e+16
3.48169e+16
3.41694e+16
3.32889e+16
3.18959e+16
3.75804e+16
3.71603e+16
3.67374e+16
3.63056e+16
3.58556e+16
3.53709e+16
3.48227e+16
3.41521e+16
3.32139e+16
3.16329e+16
3.75597e+16
3.71505e+16
3.67377e+16
3.63158e+16
3.58734e+16
3.53907e+16
3.48343e+16
3.41383e+16
3.31333e+16
3.13188e+16
3.75236e+16
3.71275e+16
3.67281e+16
3.63219e+16
3.58943e+16
3.54198e+16
3.48587e+16
3.41349e+16
3.30489e+16
3.09366e+16
3.74632e+16
3.70818e+16
3.67013e+16
3.63212e+16
3.59211e+16
3.54667e+16
3.49087e+16
3.4158e+16
3.29751e+16
3.04538e+16
3.73654e+16
3.69924e+16
3.66368e+16
3.63002e+16
3.59522e+16
3.55473e+16
3.50179e+16
3.4243e+16
3.2926e+16
2.98252e+16
3.71999e+16
3.68005e+16
3.64783e+16
3.61966e+16
3.59184e+16
3.56053e+16
3.51928e+16
3.4531e+16
3.31553e+16
2.89973e+16
3.74173e+16
3.72745e+16
3.71258e+16
3.69695e+16
3.68055e+16
3.66245e+16
3.64045e+16
3.60844e+16
3.53449e+16
3.05487e+16
3.65453e+16
3.62338e+16
3.59945e+16
3.57789e+16
3.55452e+16
3.52394e+16
3.47695e+16
3.3942e+16
3.2191e+16
2.6565e+16
3.58483e+16
3.55025e+16
3.51973e+16
3.49133e+16
3.46138e+16
3.4251e+16
3.37564e+16
3.3e+16
3.16383e+16
2.78249e+16
3.51826e+16
3.48552e+16
3.45611e+16
3.4281e+16
3.39862e+16
3.36364e+16
3.31699e+16
3.2476e+16
3.12869e+16
2.81214e+16
3.45869e+16
3.42725e+16
3.39959e+16
3.373e+16
3.34414e+16
3.30901e+16
3.26365e+16
3.20167e+16
3.10145e+16
2.83872e+16
3.40527e+16
3.37425e+16
3.34754e+16
3.3217e+16
3.2935e+16
3.26135e+16
3.22248e+16
3.17058e+16
3.08649e+16
2.86764e+16
3.35765e+16
3.32623e+16
3.30007e+16
3.27554e+16
3.25043e+16
3.22315e+16
3.19042e+16
3.14657e+16
3.07653e+16
2.90369e+16
3.31655e+16
3.28427e+16
3.25853e+16
3.23574e+16
3.21419e+16
3.19098e+16
3.16344e+16
3.12735e+16
3.07184e+16
2.94823e+16
3.28244e+16
3.24918e+16
3.22413e+16
3.2033e+16
3.18409e+16
3.16416e+16
3.14142e+16
3.11301e+16
3.07278e+16
3.00272e+16
3.25633e+16
3.22129e+16
3.19583e+16
3.17593e+16
3.15865e+16
3.14199e+16
3.12442e+16
3.1046e+16
3.08156e+16
3.06876e+16
3.23768e+16
3.20096e+16
3.17525e+16
3.15631e+16
3.14115e+16
3.12797e+16
3.11594e+16
3.10546e+16
3.10101e+16
3.14696e+16
3.23013e+16
3.19169e+16
3.16566e+16
3.14732e+16
3.13391e+16
3.12413e+16
3.11792e+16
3.1175e+16
3.13309e+16
3.2395e+16
3.23441e+16
3.1937e+16
3.16734e+16
3.14981e+16
3.13853e+16
3.13267e+16
3.13308e+16
3.14398e+16
3.18171e+16
3.3522e+16
3.2492e+16
3.20754e+16
3.18233e+16
3.16673e+16
3.15872e+16
3.1581e+16
3.16682e+16
3.19139e+16
3.25513e+16
3.49823e+16
3.2733e+16
3.2343e+16
3.21396e+16
3.20359e+16
3.20207e+16
3.21012e+16
3.23117e+16
3.27484e+16
3.37333e+16
3.7096e+16
3.30492e+16
3.27079e+16
3.26407e+16
3.26908e+16
3.28369e+16
3.31006e+16
3.35444e+16
3.43233e+16
3.59059e+16
4.07626e+16
3.3541e+16
3.29493e+16
3.30167e+16
3.34014e+16
3.39302e+16
3.46388e+16
3.56291e+16
3.71707e+16
4.00837e+16
4.82838e+16
3.79603e+16
3.24553e+16
2.88768e+16
2.74496e+16
2.71169e+16
2.7406e+16
2.82757e+16
2.99357e+16
3.30369e+16
4.13937e+16
2.72398e+16
2.52691e+16
2.73091e+16
2.86036e+16
2.95059e+16
3.00882e+16
3.03149e+16
3.01665e+16
2.95592e+16
2.86665e+16
2.57323e+16
3.29727e+16
2.98202e+16
2.99286e+16
3.0013e+16
2.99947e+16
2.98981e+16
2.9756e+16
2.95793e+16
2.93663e+16
2.90943e+16
2.82348e+16
3.35335e+16
3.13863e+16
3.11095e+16
3.09751e+16
3.0863e+16
3.07597e+16
3.06744e+16
3.06075e+16
3.05798e+16
3.04268e+16
3.03777e+16
3.39915e+16
3.253e+16
3.21312e+16
3.19306e+16
3.18059e+16
3.17209e+16
3.16648e+16
3.16329e+16
3.16291e+16
3.15311e+16
3.17893e+16
3.45535e+16
3.35064e+16
3.30454e+16
3.27946e+16
3.26433e+16
3.25472e+16
3.24869e+16
3.24542e+16
3.24423e+16
3.24075e+16
3.27806e+16
3.51322e+16
3.43235e+16
3.38449e+16
3.35604e+16
3.33833e+16
3.32711e+16
3.32024e+16
3.31679e+16
3.31586e+16
3.31876e+16
3.35755e+16
3.57461e+16
3.50676e+16
3.45847e+16
3.42758e+16
3.40764e+16
3.39485e+16
3.38715e+16
3.38355e+16
3.38353e+16
3.39084e+16
3.42696e+16
3.6383e+16
3.57782e+16
3.52951e+16
3.49683e+16
3.47501e+16
3.46083e+16
3.45235e+16
3.44863e+16
3.44963e+16
3.45957e+16
3.49233e+16
3.70315e+16
3.6473e+16
3.59924e+16
3.56526e+16
3.54194e+16
3.52657e+16
3.51742e+16
3.51365e+16
3.51558e+16
3.52703e+16
3.55679e+16
3.76868e+16
3.71636e+16
3.66887e+16
3.6341e+16
3.60968e+16
3.59341e+16
3.58376e+16
3.58007e+16
3.58284e+16
3.59511e+16
3.62224e+16
3.83646e+16
3.78763e+16
3.74128e+16
3.7064e+16
3.68146e+16
3.6647e+16
3.65487e+16
3.65145e+16
3.65498e+16
3.66755e+16
3.69205e+16
3.91047e+16
3.86565e+16
3.82103e+16
3.78664e+16
3.76167e+16
3.74475e+16
3.73488e+16
3.73166e+16
3.73561e+16
3.74794e+16
3.76986e+16
3.99364e+16
3.95361e+16
3.91144e+16
3.87829e+16
3.8539e+16
3.83723e+16
3.82747e+16
3.82425e+16
3.82812e+16
3.83969e+16
3.85901e+16
4.08611e+16
4.05108e+16
4.01153e+16
3.97963e+16
3.95568e+16
3.93898e+16
3.92891e+16
3.9252e+16
3.92845e+16
3.93892e+16
3.95612e+16
4.17872e+16
4.14855e+16
4.11177e+16
4.08134e+16
4.05805e+16
4.04147e+16
4.03119e+16
4.027e+16
4.02941e+16
4.03842e+16
4.05326e+16
4.26699e+16
4.24168e+16
4.20788e+16
4.17933e+16
4.15713e+16
4.14108e+16
4.13086e+16
4.12633e+16
4.12783e+16
4.13516e+16
4.14747e+16
4.35091e+16
4.33064e+16
4.30001e+16
4.27365e+16
4.25288e+16
4.23765e+16
4.22771e+16
4.22294e+16
4.22357e+16
4.22932e+16
4.23939e+16
4.43052e+16
4.41555e+16
4.38831e+16
4.36438e+16
4.34536e+16
4.33126e+16
4.32192e+16
4.31722e+16
4.31708e+16
4.32158e+16
4.3299e+16
4.50572e+16
4.49642e+16
4.47275e+16
4.4515e+16
4.4345e+16
4.42184e+16
4.41339e+16
4.40903e+16
4.40858e+16
4.41226e+16
4.41935e+16
4.57627e+16
4.57312e+16
4.5532e+16
4.53486e+16
4.52017e+16
4.50924e+16
4.50198e+16
4.49829e+16
4.49798e+16
4.50128e+16
4.50761e+16
4.64193e+16
4.64556e+16
4.62955e+16
4.61433e+16
4.60218e+16
4.59327e+16
4.58753e+16
4.58483e+16
4.58503e+16
4.58835e+16
4.59435e+16
4.70236e+16
4.71347e+16
4.70143e+16
4.6895e+16
4.68014e+16
4.67351e+16
4.66954e+16
4.66813e+16
4.66915e+16
4.67283e+16
4.67885e+16
4.75719e+16
4.77625e+16
4.7682e+16
4.75973e+16
4.75335e+16
4.7492e+16
4.74724e+16
4.74738e+16
4.74949e+16
4.75379e+16
4.76013e+16
4.80367e+16
4.83048e+16
4.82634e+16
4.82106e+16
4.81732e+16
4.81537e+16
4.81521e+16
4.81679e+16
4.81998e+16
4.82503e+16
4.8319e+16
4.83911e+16
4.87316e+16
4.87245e+16
4.86982e+16
4.86826e+16
4.86811e+16
4.86946e+16
4.87228e+16
4.87651e+16
4.88234e+16
4.88979e+16
4.86504e+16
4.90704e+16
4.90922e+16
4.90879e+16
4.909e+16
4.91033e+16
4.91294e+16
4.91683e+16
4.92196e+16
4.92849e+16
4.93646e+16
4.88325e+16
4.93531e+16
4.93997e+16
4.94137e+16
4.94309e+16
4.94569e+16
4.94936e+16
4.95417e+16
4.96008e+16
4.96721e+16
4.97562e+16
4.89475e+16
4.9603e+16
4.96709e+16
4.97008e+16
4.97308e+16
4.97679e+16
4.98143e+16
4.98707e+16
4.99366e+16
5.00129e+16
5.01007e+16
4.8991e+16
4.9829e+16
4.9915e+16
4.99573e+16
4.99978e+16
5.00443e+16
5.00994e+16
5.0163e+16
5.02347e+16
5.03148e+16
5.04057e+16
4.89484e+16
5.00292e+16
5.01275e+16
5.0177e+16
5.02243e+16
5.02783e+16
5.03405e+16
5.04104e+16
5.04867e+16
5.05693e+16
5.06624e+16
4.88044e+16
5.02058e+16
5.03013e+16
5.0347e+16
5.03953e+16
5.0454e+16
5.05217e+16
5.05965e+16
5.06763e+16
5.07596e+16
5.08533e+16
4.8567e+16
5.03796e+16
5.04278e+16
5.0442e+16
5.04793e+16
5.05367e+16
5.06062e+16
5.06831e+16
5.07644e+16
5.08467e+16
5.09373e+16
4.83859e+16
5.06751e+16
5.05228e+16
5.04258e+16
5.04137e+16
5.04457e+16
5.05008e+16
5.05681e+16
5.06424e+16
5.07179e+16
5.07956e+16
4.91214e+16
5.17468e+16
5.08617e+16
5.0405e+16
5.01739e+16
5.00491e+16
4.99866e+16
4.99637e+16
4.9967e+16
4.99881e+16
5.00111e+16
5.65858e+16
5.78391e+16
5.42914e+16
5.24405e+16
5.11646e+16
5.02236e+16
4.94973e+16
4.89202e+16
4.84507e+16
4.8062e+16
4.77046e+16
3.28749e+16
3.53954e+16
3.76734e+16
3.95827e+16
4.11851e+16
4.24956e+16
4.35304e+16
4.43089e+16
4.48605e+16
4.52284e+16
4.54128e+16
4.53732e+16
4.50748e+16
4.4606e+16
4.4044e+16
4.34471e+16
4.28464e+16
4.226e+16
4.17131e+16
4.12691e+16
4.04643e+16
3.91917e+16
3.83974e+16
3.78746e+16
3.74365e+16
3.69717e+16
3.64199e+16
3.56957e+16
3.47292e+16
3.34764e+16
3.19213e+16
3.00695e+16
2.80089e+16
2.6216e+16
2.47395e+16
4.72649e+16
4.66341e+16
4.62013e+16
4.58875e+16
4.56088e+16
4.53567e+16
4.51293e+16
4.49233e+16
4.47341e+16
4.45359e+16
4.43011e+16
4.39963e+16
4.36062e+16
4.31892e+16
4.27407e+16
4.22497e+16
4.17142e+16
4.11356e+16
4.05126e+16
4.00196e+16
3.96269e+16
3.87684e+16
3.80976e+16
3.75851e+16
3.71145e+16
3.66822e+16
3.63394e+16
3.61001e+16
3.59736e+16
3.59603e+16
3.60537e+16
3.62513e+16
3.65085e+16
3.66906e+16
3.69179e+16
4.88079e+16
4.70907e+16
4.57613e+16
4.49736e+16
4.44839e+16
4.41233e+16
4.38128e+16
4.35159e+16
4.32268e+16
4.29238e+16
4.25735e+16
4.21266e+16
4.15791e+16
4.10426e+16
4.0559e+16
4.01594e+16
3.9845e+16
3.95971e+16
3.93821e+16
3.91043e+16
3.86457e+16
3.76871e+16
3.69494e+16
3.66442e+16
3.64762e+16
3.62658e+16
3.60237e+16
3.57807e+16
3.5568e+16
3.54288e+16
3.54312e+16
3.56717e+16
3.62624e+16
3.72668e+16
3.85155e+16
4.69e+16
4.71316e+16
4.68502e+16
4.63556e+16
4.58566e+16
4.54062e+16
4.49998e+16
4.46279e+16
4.42853e+16
4.39385e+16
4.35637e+16
4.31524e+16
4.27373e+16
4.23934e+16
4.21045e+16
4.1846e+16
4.15948e+16
4.1329e+16
4.10321e+16
4.07014e+16
4.03685e+16
3.97788e+16
3.90674e+16
3.85527e+16
3.82657e+16
3.80973e+16
3.79894e+16
3.79263e+16
3.79122e+16
3.79543e+16
3.80548e+16
3.82014e+16
3.83274e+16
3.81892e+16
3.76818e+16
4.62875e+16
4.62602e+16
4.61449e+16
4.59038e+16
4.55801e+16
4.52279e+16
4.48764e+16
4.45372e+16
4.42165e+16
4.38995e+16
4.35701e+16
4.32164e+16
4.28416e+16
4.24883e+16
4.21661e+16
4.18625e+16
4.15645e+16
4.12619e+16
4.09484e+16
4.0625e+16
4.02698e+16
3.98752e+16
3.94725e+16
3.91151e+16
3.88422e+16
3.86375e+16
3.84835e+16
3.83641e+16
3.82734e+16
3.82038e+16
3.81404e+16
3.80538e+16
3.78766e+16
3.75758e+16
3.7281e+16
4.6161e+16
4.60049e+16
4.58073e+16
4.55805e+16
4.53196e+16
4.50343e+16
4.47386e+16
4.44433e+16
4.41564e+16
4.38685e+16
4.35674e+16
4.32397e+16
4.28822e+16
4.25313e+16
4.22001e+16
4.18831e+16
4.15738e+16
4.12663e+16
4.09574e+16
4.06471e+16
4.03247e+16
3.99885e+16
3.96667e+16
3.9378e+16
3.91355e+16
3.89304e+16
3.87512e+16
3.85855e+16
3.84267e+16
3.82682e+16
3.81019e+16
3.79174e+16
3.77117e+16
3.75111e+16
3.73333e+16
4.60782e+16
4.59055e+16
4.56803e+16
4.5436e+16
4.51777e+16
4.49099e+16
4.46381e+16
4.43676e+16
4.41032e+16
4.38361e+16
4.35536e+16
4.32422e+16
4.28976e+16
4.25537e+16
4.22253e+16
4.19091e+16
4.16008e+16
4.12964e+16
4.09939e+16
4.0692e+16
4.03869e+16
4.00758e+16
3.9776e+16
3.95082e+16
3.92771e+16
3.90717e+16
3.88802e+16
3.86918e+16
3.85024e+16
3.83098e+16
3.81125e+16
3.79109e+16
3.77171e+16
3.7546e+16
3.73898e+16
4.60313e+16
4.58525e+16
4.56207e+16
4.53709e+16
4.51107e+16
4.48462e+16
4.4582e+16
4.43217e+16
4.40679e+16
4.38119e+16
4.35403e+16
4.32395e+16
4.2905e+16
4.25685e+16
4.22457e+16
4.19337e+16
4.16291e+16
4.13287e+16
4.10307e+16
4.07334e+16
4.04352e+16
4.01351e+16
3.98418e+16
3.95787e+16
3.93503e+16
3.91445e+16
3.89486e+16
3.87526e+16
3.85537e+16
3.83515e+16
3.81462e+16
3.79392e+16
3.77463e+16
3.75827e+16
3.74384e+16
4.60088e+16
4.58284e+16
4.55932e+16
4.53406e+16
4.50796e+16
4.48161e+16
4.45548e+16
4.42987e+16
4.40497e+16
4.37993e+16
4.35337e+16
4.32392e+16
4.29119e+16
4.25812e+16
4.22633e+16
4.19553e+16
4.16541e+16
4.13568e+16
4.10617e+16
4.07672e+16
4.04718e+16
4.01745e+16
3.98846e+16
3.96228e+16
3.9395e+16
3.91892e+16
3.89921e+16
3.87939e+16
3.85923e+16
3.83872e+16
3.8179e+16
3.79689e+16
3.77754e+16
3.76156e+16
3.74787e+16
4.60028e+16
4.58219e+16
4.55841e+16
4.53294e+16
4.50676e+16
4.48043e+16
4.45443e+16
4.42902e+16
4.40437e+16
4.37962e+16
4.3534e+16
4.32434e+16
4.29208e+16
4.2594e+16
4.22796e+16
4.19745e+16
4.16757e+16
4.13806e+16
4.10873e+16
4.07944e+16
4.05004e+16
4.02041e+16
3.99147e+16
3.96538e+16
3.94267e+16
3.92212e+16
3.90238e+16
3.8825e+16
3.86226e+16
3.84165e+16
3.8207e+16
3.79952e+16
3.78014e+16
3.76437e+16
3.75114e+16
4.60075e+16
4.58263e+16
4.55862e+16
4.53297e+16
4.50669e+16
4.48034e+16
4.45439e+16
4.42908e+16
4.40456e+16
4.37999e+16
4.35396e+16
4.32514e+16
4.29318e+16
4.26076e+16
4.22955e+16
4.19924e+16
4.16953e+16
4.14016e+16
4.11094e+16
4.08174e+16
4.05241e+16
4.02282e+16
3.99389e+16
3.96783e+16
3.94515e+16
3.92463e+16
3.90492e+16
3.88503e+16
3.86476e+16
3.84412e+16
3.82312e+16
3.80185e+16
3.78246e+16
3.7668e+16
3.75383e+16
4.60194e+16
4.58378e+16
4.55956e+16
4.53373e+16
4.50734e+16
4.48094e+16
4.455e+16
4.42974e+16
4.40528e+16
4.38082e+16
4.35491e+16
4.32624e+16
4.29446e+16
4.26221e+16
4.23116e+16
4.20098e+16
4.17137e+16
4.14208e+16
4.11294e+16
4.0838e+16
4.05451e+16
4.02495e+16
3.99601e+16
3.96995e+16
3.94731e+16
3.92681e+16
3.90711e+16
3.88722e+16
3.86694e+16
3.84628e+16
3.82527e+16
3.80398e+16
3.78459e+16
3.76897e+16
3.75612e+16
4.60361e+16
4.58539e+16
4.56096e+16
4.53496e+16
4.50846e+16
4.482e+16
4.45604e+16
4.43079e+16
4.40637e+16
4.38196e+16
4.35612e+16
4.32755e+16
4.2959e+16
4.26375e+16
4.2328e+16
4.2027e+16
4.17317e+16
4.14392e+16
4.11482e+16
4.08572e+16
4.05646e+16
4.02691e+16
3.99798e+16
3.97192e+16
3.9493e+16
3.92881e+16
3.90912e+16
3.88924e+16
3.86896e+16
3.8483e+16
3.82728e+16
3.80597e+16
3.78658e+16
3.77098e+16
3.75816e+16
4.60563e+16
4.58729e+16
4.56268e+16
4.53651e+16
4.50988e+16
4.48336e+16
4.45735e+16
4.4321e+16
4.40769e+16
4.38332e+16
4.35752e+16
4.32901e+16
4.29745e+16
4.26537e+16
4.23448e+16
4.20444e+16
4.17495e+16
4.14574e+16
4.11666e+16
4.08758e+16
4.05833e+16
4.02879e+16
3.99986e+16
3.97381e+16
3.9512e+16
3.93072e+16
3.91104e+16
3.89117e+16
3.87089e+16
3.85023e+16
3.82921e+16
3.8079e+16
3.7885e+16
3.77292e+16
3.76012e+16
4.60788e+16
4.58943e+16
4.56461e+16
4.53828e+16
4.51153e+16
4.48491e+16
4.45886e+16
4.43358e+16
4.40918e+16
4.38482e+16
4.35905e+16
4.33057e+16
4.29906e+16
4.26704e+16
4.2362e+16
4.2062e+16
4.17673e+16
4.14755e+16
4.11848e+16
4.0894e+16
4.06017e+16
4.03063e+16
4.0017e+16
3.97566e+16
3.95306e+16
3.93259e+16
3.91293e+16
3.89305e+16
3.87278e+16
3.85213e+16
3.83111e+16
3.80979e+16
3.7904e+16
3.77483e+16
3.76205e+16
4.61031e+16
4.59172e+16
4.5667e+16
4.54019e+16
4.51331e+16
4.48661e+16
4.46049e+16
4.43518e+16
4.41077e+16
4.38641e+16
4.36066e+16
4.33221e+16
4.30073e+16
4.26876e+16
4.23795e+16
4.20798e+16
4.17852e+16
4.14935e+16
4.12029e+16
4.09122e+16
4.06198e+16
4.03245e+16
4.00352e+16
3.97749e+16
3.9549e+16
3.93445e+16
3.91479e+16
3.89492e+16
3.87466e+16
3.85401e+16
3.83299e+16
3.81168e+16
3.79229e+16
3.77673e+16
3.76396e+16
4.61288e+16
4.59411e+16
4.56889e+16
4.5422e+16
4.51518e+16
4.48838e+16
4.46221e+16
4.43686e+16
4.41242e+16
4.38806e+16
4.36232e+16
4.33389e+16
4.30244e+16
4.2705e+16
4.23971e+16
4.20976e+16
4.18032e+16
4.15115e+16
4.12209e+16
4.09302e+16
4.06378e+16
4.03425e+16
4.00533e+16
3.9793e+16
3.95673e+16
3.93628e+16
3.91663e+16
3.89678e+16
3.87653e+16
3.85588e+16
3.83488e+16
3.81357e+16
3.79418e+16
3.77863e+16
3.76587e+16
4.61554e+16
4.5966e+16
4.57115e+16
4.54428e+16
4.51711e+16
4.4902e+16
4.46396e+16
4.43857e+16
4.41411e+16
4.38974e+16
4.364e+16
4.33558e+16
4.30416e+16
4.27224e+16
4.24148e+16
4.21153e+16
4.1821e+16
4.15293e+16
4.12388e+16
4.0948e+16
4.06556e+16
4.03603e+16
4.00712e+16
3.9811e+16
3.95854e+16
3.9381e+16
3.91846e+16
3.89862e+16
3.87838e+16
3.85776e+16
3.83676e+16
3.81546e+16
3.79608e+16
3.78054e+16
3.76779e+16
4.61828e+16
4.59913e+16
4.57345e+16
4.54639e+16
4.51907e+16
4.49205e+16
4.46573e+16
4.4403e+16
4.4158e+16
4.39142e+16
4.36568e+16
4.33727e+16
4.30586e+16
4.27398e+16
4.24324e+16
4.21331e+16
4.18387e+16
4.1547e+16
4.12565e+16
4.09657e+16
4.06732e+16
4.03779e+16
4.00888e+16
3.98288e+16
3.96033e+16
3.93991e+16
3.92029e+16
3.90046e+16
3.88023e+16
3.85962e+16
3.83863e+16
3.81734e+16
3.79798e+16
3.78245e+16
3.7697e+16
4.62107e+16
4.6017e+16
4.57577e+16
4.5485e+16
4.52101e+16
4.49388e+16
4.46748e+16
4.442e+16
4.41748e+16
4.39308e+16
4.36733e+16
4.33893e+16
4.30754e+16
4.27568e+16
4.24497e+16
4.21505e+16
4.18562e+16
4.15644e+16
4.12738e+16
4.09829e+16
4.06904e+16
4.03952e+16
4.01061e+16
3.98463e+16
3.96209e+16
3.94169e+16
3.92208e+16
3.90226e+16
3.88206e+16
3.86146e+16
3.8405e+16
3.81922e+16
3.79988e+16
3.78435e+16
3.77161e+16
4.62391e+16
4.60429e+16
4.57809e+16
4.55059e+16
4.52293e+16
4.49567e+16
4.46919e+16
4.44365e+16
4.4191e+16
4.39469e+16
4.36893e+16
4.34054e+16
4.30918e+16
4.27735e+16
4.24666e+16
4.21675e+16
4.18732e+16
4.15813e+16
4.12906e+16
4.09997e+16
4.07071e+16
4.04118e+16
4.0123e+16
3.98634e+16
3.96381e+16
3.94342e+16
3.92382e+16
3.90403e+16
3.88385e+16
3.86327e+16
3.84233e+16
3.82108e+16
3.80175e+16
3.78624e+16
3.77351e+16
4.62677e+16
4.60686e+16
4.58038e+16
4.55264e+16
4.5248e+16
4.49741e+16
4.47083e+16
4.44524e+16
4.42066e+16
4.39622e+16
4.37047e+16
4.34208e+16
4.31075e+16
4.27895e+16
4.24828e+16
4.21837e+16
4.18895e+16
4.15976e+16
4.13068e+16
4.10157e+16
4.07231e+16
4.04279e+16
4.01391e+16
3.98797e+16
3.96547e+16
3.9451e+16
3.92552e+16
3.90574e+16
3.88558e+16
3.86504e+16
3.84413e+16
3.82291e+16
3.8036e+16
3.78811e+16
3.77539e+16
4.62964e+16
4.60943e+16
4.58262e+16
4.55462e+16
4.52658e+16
4.49904e+16
4.47237e+16
4.44672e+16
4.42211e+16
4.39766e+16
4.37191e+16
4.34353e+16
4.31223e+16
4.28047e+16
4.24981e+16
4.21992e+16
4.19049e+16
4.1613e+16
4.1322e+16
4.10309e+16
4.07383e+16
4.0443e+16
4.01543e+16
3.98952e+16
3.96704e+16
3.94669e+16
3.92713e+16
3.90739e+16
3.88726e+16
3.86675e+16
3.84588e+16
3.82469e+16
3.80542e+16
3.78994e+16
3.77724e+16
4.6325e+16
4.61195e+16
4.58479e+16
4.5565e+16
4.52825e+16
4.50056e+16
4.47379e+16
4.44808e+16
4.42343e+16
4.39897e+16
4.37321e+16
4.34486e+16
4.31358e+16
4.28186e+16
4.25124e+16
4.22135e+16
4.19191e+16
4.16272e+16
4.13361e+16
4.10449e+16
4.07522e+16
4.04569e+16
4.01684e+16
3.99095e+16
3.9685e+16
3.94817e+16
3.92865e+16
3.90893e+16
3.88884e+16
3.86838e+16
3.84755e+16
3.8264e+16
3.80717e+16
3.79173e+16
3.77905e+16
4.63533e+16
4.6144e+16
4.58685e+16
4.55825e+16
4.52976e+16
4.50191e+16
4.47504e+16
4.44926e+16
4.42459e+16
4.40011e+16
4.37436e+16
4.34603e+16
4.31479e+16
4.28312e+16
4.25252e+16
4.22264e+16
4.1932e+16
4.16399e+16
4.13487e+16
4.10574e+16
4.07646e+16
4.04693e+16
4.0181e+16
3.99225e+16
3.96982e+16
3.94953e+16
3.93003e+16
3.91035e+16
3.8903e+16
3.86989e+16
3.84911e+16
3.82802e+16
3.80884e+16
3.79344e+16
3.78078e+16
4.63811e+16
4.61675e+16
4.58877e+16
4.55983e+16
4.53109e+16
4.50307e+16
4.47608e+16
4.45024e+16
4.42554e+16
4.40105e+16
4.37532e+16
4.34701e+16
4.31582e+16
4.28419e+16
4.25363e+16
4.22375e+16
4.19431e+16
4.16508e+16
4.13595e+16
4.10681e+16
4.07752e+16
4.04799e+16
4.01917e+16
3.99336e+16
3.97097e+16
3.9507e+16
3.93124e+16
3.9116e+16
3.89161e+16
3.87126e+16
3.85054e+16
3.82952e+16
3.81041e+16
3.79505e+16
3.78242e+16
4.6408e+16
4.61897e+16
4.59051e+16
4.56119e+16
4.53219e+16
4.50398e+16
4.47688e+16
4.45097e+16
4.42624e+16
4.40175e+16
4.37603e+16
4.34776e+16
4.31661e+16
4.28505e+16
4.25452e+16
4.22464e+16
4.19518e+16
4.16594e+16
4.13679e+16
4.10764e+16
4.07835e+16
4.04882e+16
4.02002e+16
3.99424e+16
3.97188e+16
3.95165e+16
3.93223e+16
3.91265e+16
3.89272e+16
3.87244e+16
3.85181e+16
3.83087e+16
3.81183e+16
3.79652e+16
3.78394e+16
4.64338e+16
4.62101e+16
4.59201e+16
4.56228e+16
4.53299e+16
4.50458e+16
4.47737e+16
4.4514e+16
4.42664e+16
4.40215e+16
4.37645e+16
4.34822e+16
4.31715e+16
4.28564e+16
4.25513e+16
4.22526e+16
4.19578e+16
4.16652e+16
4.13735e+16
4.10818e+16
4.07888e+16
4.04935e+16
4.02057e+16
3.99483e+16
3.97251e+16
3.95233e+16
3.93295e+16
3.91343e+16
3.89358e+16
3.87338e+16
3.85285e+16
3.83201e+16
3.81306e+16
3.79783e+16
3.7853e+16
4.64579e+16
4.62282e+16
4.59323e+16
4.56305e+16
4.53344e+16
4.50483e+16
4.47748e+16
4.45146e+16
4.42668e+16
4.40219e+16
4.37652e+16
4.34835e+16
4.31735e+16
4.28591e+16
4.25541e+16
4.22553e+16
4.19604e+16
4.16675e+16
4.13756e+16
4.10837e+16
4.07905e+16
4.04952e+16
4.02076e+16
3.99506e+16
3.97279e+16
3.95265e+16
3.93334e+16
3.91389e+16
3.89412e+16
3.87403e+16
3.85361e+16
3.83288e+16
3.81406e+16
3.79891e+16
3.78645e+16
4.64799e+16
4.62434e+16
4.59409e+16
4.56342e+16
4.53346e+16
4.50464e+16
4.47717e+16
4.45108e+16
4.42628e+16
4.40181e+16
4.37618e+16
4.34807e+16
4.31715e+16
4.28578e+16
4.25529e+16
4.2254e+16
4.19587e+16
4.16654e+16
4.13732e+16
4.10811e+16
4.07878e+16
4.04924e+16
4.0205e+16
3.99484e+16
3.97262e+16
3.95254e+16
3.93329e+16
3.91392e+16
3.89426e+16
3.87429e+16
3.854e+16
3.83342e+16
3.81474e+16
3.7997e+16
3.78733e+16
4.64993e+16
4.6255e+16
4.59452e+16
4.56331e+16
4.53299e+16
4.50394e+16
4.47635e+16
4.45019e+16
4.42538e+16
4.40093e+16
4.37535e+16
4.34732e+16
4.31649e+16
4.28517e+16
4.25469e+16
4.22475e+16
4.19517e+16
4.1658e+16
4.13654e+16
4.1073e+16
4.07795e+16
4.0484e+16
4.01967e+16
3.99406e+16
3.97189e+16
3.95188e+16
3.9327e+16
3.91343e+16
3.89389e+16
3.87406e+16
3.85393e+16
3.83353e+16
3.81501e+16
3.80011e+16
3.78784e+16
4.65153e+16
4.62624e+16
4.59443e+16
4.56263e+16
4.53194e+16
4.50266e+16
4.47493e+16
4.44872e+16
4.4239e+16
4.39947e+16
4.37394e+16
4.346e+16
4.31526e+16
4.28399e+16
4.25348e+16
4.22348e+16
4.19383e+16
4.16439e+16
4.13508e+16
4.1058e+16
4.07642e+16
4.04685e+16
4.01813e+16
3.99257e+16
3.97046e+16
3.95051e+16
3.93143e+16
3.91227e+16
3.89288e+16
3.87322e+16
3.85328e+16
3.83308e+16
3.81476e+16
3.80002e+16
3.78788e+16
4.65275e+16
4.62647e+16
4.59373e+16
4.56131e+16
4.53022e+16
4.50069e+16
4.47283e+16
4.44656e+16
4.42173e+16
4.39733e+16
4.37187e+16
4.34401e+16
4.31336e+16
4.2821e+16
4.25152e+16
4.22142e+16
4.19167e+16
4.16215e+16
4.13277e+16
4.10344e+16
4.07402e+16
4.04443e+16
4.01571e+16
3.99019e+16
3.96813e+16
3.94827e+16
3.92928e+16
3.91026e+16
3.89103e+16
3.87158e+16
3.85186e+16
3.8319e+16
3.81381e+16
3.79926e+16
3.78729e+16
4.65351e+16
4.6261e+16
4.59235e+16
4.55927e+16
4.52775e+16
4.49798e+16
4.46997e+16
4.44362e+16
4.41877e+16
4.3944e+16
4.36899e+16
4.34124e+16
4.31065e+16
4.27934e+16
4.24863e+16
4.21838e+16
4.18851e+16
4.15887e+16
4.1294e+16
4.09999e+16
4.07052e+16
4.04089e+16
4.01215e+16
3.98667e+16
3.96467e+16
3.94489e+16
3.92602e+16
3.90716e+16
3.88813e+16
3.8689e+16
3.84944e+16
3.82975e+16
3.81193e+16
3.79761e+16
3.78584e+16
4.65375e+16
4.62505e+16
4.59019e+16
4.5564e+16
4.52444e+16
4.49439e+16
4.46622e+16
4.43978e+16
4.41489e+16
4.39053e+16
4.36519e+16
4.33751e+16
4.30695e+16
4.27551e+16
4.24459e+16
4.21414e+16
4.18409e+16
4.15431e+16
4.12471e+16
4.09519e+16
4.06563e+16
4.03594e+16
4.00717e+16
3.9817e+16
3.95975e+16
3.94007e+16
3.92133e+16
3.90264e+16
3.88384e+16
3.86487e+16
3.8457e+16
3.82631e+16
3.80879e+16
3.79474e+16
3.78321e+16
4.65328e+16
4.62309e+16
4.5871e+16
4.55257e+16
4.52015e+16
4.48981e+16
4.46145e+16
4.43488e+16
4.40992e+16
4.38554e+16
4.36025e+16
4.33265e+16
4.30204e+16
4.27034e+16
4.23912e+16
4.20842e+16
4.17816e+16
4.14819e+16
4.11839e+16
4.08869e+16
4.05899e+16
4.0292e+16
4.00037e+16
3.97488e+16
3.95296e+16
3.93336e+16
3.91476e+16
3.89627e+16
3.87772e+16
3.85904e+16
3.84019e+16
3.8211e+16
3.80387e+16
3.79009e+16
3.77884e+16
4.65176e+16
4.61995e+16
4.58285e+16
4.54756e+16
4.51458e+16
4.48391e+16
4.45537e+16
4.4287e+16
4.40368e+16
4.3793e+16
4.35402e+16
4.32639e+16
4.29562e+16
4.26357e+16
4.23198e+16
4.20097e+16
4.17044e+16
4.14019e+16
4.11011e+16
4.08012e+16
4.05016e+16
4.02017e+16
3.9912e+16
3.96567e+16
3.94376e+16
3.92424e+16
3.90577e+16
3.88747e+16
3.86915e+16
3.85075e+16
3.83221e+16
3.81344e+16
3.79645e+16
3.78288e+16
3.7719e+16
4.64713e+16
4.61404e+16
4.57663e+16
4.54063e+16
4.50732e+16
4.47654e+16
4.44786e+16
4.42096e+16
4.39575e+16
4.37139e+16
4.34633e+16
4.31896e+16
4.28802e+16
4.25518e+16
4.223e+16
4.19164e+16
4.16079e+16
4.13012e+16
4.09949e+16
4.06888e+16
4.03841e+16
4.00819e+16
3.97912e+16
3.95335e+16
3.93132e+16
3.91183e+16
3.89356e+16
3.87552e+16
3.85745e+16
3.83933e+16
3.82112e+16
3.80259e+16
3.78545e+16
3.77167e+16
3.76074e+16
4.63865e+16
4.6073e+16
4.56823e+16
4.53124e+16
4.49773e+16
4.46744e+16
4.44034e+16
4.41547e+16
4.39159e+16
4.36697e+16
4.33983e+16
4.30938e+16
4.27629e+16
4.24343e+16
4.21219e+16
4.18147e+16
4.15067e+16
4.11949e+16
4.0878e+16
4.05553e+16
4.02273e+16
3.99002e+16
3.9597e+16
3.93462e+16
3.91404e+16
3.89565e+16
3.87778e+16
3.85965e+16
3.84147e+16
3.82367e+16
3.80667e+16
3.79075e+16
3.77683e+16
3.76435e+16
3.75179e+16
4.5727e+16
4.52993e+16
4.48528e+16
4.44562e+16
4.41072e+16
4.37976e+16
4.35262e+16
4.32845e+16
4.30665e+16
4.28615e+16
4.26536e+16
4.24237e+16
4.21557e+16
4.18661e+16
4.15731e+16
4.12805e+16
4.09894e+16
4.07003e+16
4.0414e+16
4.01315e+16
3.98523e+16
3.95735e+16
3.93024e+16
3.90609e+16
3.88496e+16
3.86619e+16
3.84876e+16
3.83206e+16
3.8159e+16
3.8002e+16
3.78485e+16
3.76995e+16
3.75817e+16
3.75109e+16
3.74833e+16
4.69327e+16
4.6457e+16
4.59552e+16
4.55178e+16
4.51328e+16
4.47932e+16
4.44911e+16
4.42155e+16
4.39587e+16
4.37052e+16
4.34347e+16
4.31275e+16
4.27744e+16
4.24053e+16
4.20353e+16
4.1663e+16
4.12891e+16
4.09138e+16
4.05381e+16
4.01622e+16
3.97854e+16
3.94083e+16
3.90518e+16
3.87504e+16
3.84965e+16
3.82723e+16
3.80609e+16
3.78545e+16
3.76534e+16
3.74593e+16
3.72743e+16
3.71034e+16
3.69698e+16
3.68697e+16
3.67863e+16
4.71427e+16
4.6625e+16
4.60746e+16
4.55978e+16
4.51851e+16
4.48244e+16
4.4505e+16
4.42132e+16
4.39388e+16
4.3665e+16
4.33699e+16
4.30327e+16
4.26445e+16
4.22377e+16
4.18316e+16
4.14238e+16
4.10134e+16
4.06003e+16
4.01856e+16
3.97703e+16
3.93552e+16
3.89421e+16
3.85521e+16
3.822e+16
3.79406e+16
3.76953e+16
3.7466e+16
3.72436e+16
3.70277e+16
3.68202e+16
3.66231e+16
3.6439e+16
3.62887e+16
3.61744e+16
3.60832e+16
4.71985e+16
4.66429e+16
4.60616e+16
4.55679e+16
4.51485e+16
4.4781e+16
4.4454e+16
4.4153e+16
4.38679e+16
4.35819e+16
4.32726e+16
4.29177e+16
4.25062e+16
4.2069e+16
4.16294e+16
4.11864e+16
4.07397e+16
4.02896e+16
3.98378e+16
3.93858e+16
3.8935e+16
3.84874e+16
3.80638e+16
3.77018e+16
3.73977e+16
3.71319e+16
3.6885e+16
3.66469e+16
3.64172e+16
3.61973e+16
3.59888e+16
3.57935e+16
3.5633e+16
3.55118e+16
3.54163e+16
4.72439e+16
4.66474e+16
4.60398e+16
4.55368e+16
4.51162e+16
4.47501e+16
4.44188e+16
4.41114e+16
4.38194e+16
4.3525e+16
4.32048e+16
4.28355e+16
4.24039e+16
4.19401e+16
4.14702e+16
4.09942e+16
4.05128e+16
4.00269e+16
3.95385e+16
3.90502e+16
3.85638e+16
3.80816e+16
3.7625e+16
3.72344e+16
3.69078e+16
3.66236e+16
3.63609e+16
3.61085e+16
3.58658e+16
3.56343e+16
3.54154e+16
3.52111e+16
3.50432e+16
3.49174e+16
3.48191e+16
4.73121e+16
4.66699e+16
4.6037e+16
4.55264e+16
4.51055e+16
4.47414e+16
4.44121e+16
4.41028e+16
4.38043e+16
4.35011e+16
4.31716e+16
4.279e+16
4.23403e+16
4.18521e+16
4.13542e+16
4.08477e+16
4.0334e+16
3.98142e+16
3.92909e+16
3.87676e+16
3.82471e+16
3.77323e+16
3.72456e+16
3.68299e+16
3.64842e+16
3.61847e+16
3.59084e+16
3.5643e+16
3.53874e+16
3.51436e+16
3.49133e+16
3.46985e+16
3.45221e+16
3.43904e+16
3.42881e+16
4.74204e+16
4.6725e+16
4.60653e+16
4.55469e+16
4.5125e+16
4.47613e+16
4.44322e+16
4.41226e+16
4.38225e+16
4.35159e+16
4.31785e+16
4.27845e+16
4.23168e+16
4.18065e+16
4.12836e+16
4.07491e+16
4.02057e+16
3.96543e+16
3.9098e+16
3.85417e+16
3.79892e+16
3.74449e+16
3.69326e+16
3.64969e+16
3.61374e+16
3.58266e+16
3.55396e+16
3.52621e+16
3.49931e+16
3.47346e+16
3.44894e+16
3.42602e+16
3.40714e+16
3.39308e+16
3.3822e+16
4.75841e+16
4.68228e+16
4.61315e+16
4.56038e+16
4.51805e+16
4.48167e+16
4.44863e+16
4.41738e+16
4.38696e+16
4.35584e+16
4.32156e+16
4.28152e+16
4.23383e+16
4.18088e+16
4.12607e+16
4.06994e+16
4.01291e+16
3.95492e+16
3.89624e+16
3.83752e+16
3.77929e+16
3.72223e+16
3.66897e+16
3.6241e+16
3.58746e+16
3.55585e+16
3.52651e+16
3.49775e+16
3.46941e+16
3.44179e+16
3.41531e+16
3.39039e+16
3.36979e+16
3.35449e+16
3.3427e+16
4.78181e+16
4.69701e+16
4.6238e+16
4.56984e+16
4.52735e+16
4.49102e+16
4.45794e+16
4.42644e+16
4.39557e+16
4.36381e+16
4.32873e+16
4.28773e+16
4.23892e+16
4.18453e+16
4.12823e+16
4.07025e+16
4.01081e+16
3.95003e+16
3.88835e+16
3.82678e+16
3.76582e+16
3.70641e+16
3.65162e+16
3.60618e+16
3.5697e+16
3.53841e+16
3.50915e+16
3.47985e+16
3.45016e+16
3.42047e+16
3.39145e+16
3.36384e+16
3.34089e+16
3.32391e+16
3.31088e+16
4.81392e+16
4.71708e+16
4.6383e+16
4.58282e+16
4.54022e+16
4.50405e+16
4.47105e+16
4.43942e+16
4.40818e+16
4.37589e+16
4.34007e+16
4.29808e+16
4.24792e+16
4.19182e+16
4.13371e+16
4.07389e+16
4.01255e+16
3.94988e+16
3.88626e+16
3.82222e+16
3.75864e+16
3.69679e+16
3.64055e+16
3.59507e+16
3.55965e+16
3.52984e+16
3.50191e+16
3.47313e+16
3.44268e+16
3.41089e+16
3.37878e+16
3.34765e+16
3.3216e+16
3.30243e+16
3.28782e+16
4.85683e+16
4.74262e+16
4.65612e+16
4.59881e+16
4.55624e+16
4.52044e+16
4.48765e+16
4.45599e+16
4.4245e+16
4.39175e+16
4.35527e+16
4.31238e+16
4.26098e+16
4.20328e+16
4.14337e+16
4.0816e+16
4.01821e+16
3.95344e+16
3.88767e+16
3.82149e+16
3.75585e+16
3.69249e+16
3.63547e+16
3.59008e+16
3.55607e+16
3.52873e+16
3.50373e+16
3.47736e+16
3.44766e+16
3.41433e+16
3.37868e+16
3.3429e+16
3.31253e+16
3.2902e+16
3.27323e+16
4.91347e+16
4.77327e+16
4.67625e+16
4.61705e+16
4.57486e+16
4.5397e+16
4.50729e+16
4.47571e+16
4.44402e+16
4.41087e+16
4.37378e+16
4.33003e+16
4.27747e+16
4.21831e+16
4.15681e+16
4.09331e+16
4.02806e+16
3.96126e+16
3.89328e+16
3.82476e+16
3.75676e+16
3.69128e+16
3.63289e+16
3.58751e+16
3.55525e+16
3.53148e+16
3.51151e+16
3.49071e+16
3.46516e+16
3.43274e+16
3.3943e+16
3.35314e+16
3.31712e+16
3.29053e+16
3.27043e+16
4.98802e+16
4.80769e+16
4.69705e+16
4.63654e+16
4.59541e+16
4.56125e+16
4.52941e+16
4.49797e+16
4.46612e+16
4.43257e+16
4.39488e+16
4.3503e+16
4.29662e+16
4.23613e+16
4.1732e+16
4.10815e+16
4.04123e+16
3.97262e+16
3.90266e+16
3.83196e+16
3.76155e+16
3.69341e+16
3.63244e+16
3.58555e+16
3.55384e+16
3.53339e+16
3.5199e+16
3.50841e+16
3.49268e+16
3.46679e+16
3.42865e+16
3.38183e+16
3.33809e+16
3.30553e+16
3.28115e+16
5.08639e+16
4.84201e+16
4.71597e+16
4.65608e+16
4.6171e+16
4.58439e+16
4.55325e+16
4.52197e+16
4.48995e+16
4.456e+16
4.4177e+16
4.37227e+16
4.31755e+16
4.25585e+16
4.19164e+16
4.12523e+16
4.05684e+16
3.98662e+16
3.9149e+16
3.8422e+16
3.76943e+16
3.69842e+16
3.63408e+16
3.58406e+16
3.55077e+16
3.5316e+16
3.52365e+16
3.52328e+16
3.52331e+16
3.51298e+16
3.48294e+16
3.43248e+16
3.3779e+16
3.33614e+16
3.30522e+16
5.21485e+16
4.86841e+16
4.73009e+16
4.67457e+16
4.63915e+16
4.6083e+16
4.57792e+16
4.54678e+16
4.51453e+16
4.48014e+16
4.44122e+16
4.39499e+16
4.33929e+16
4.27655e+16
4.21124e+16
4.14365e+16
4.07399e+16
4.00241e+16
3.92918e+16
3.85476e+16
3.77984e+16
3.70597e+16
3.63775e+16
3.58317e+16
3.54589e+16
3.52464e+16
3.51857e+16
3.52715e+16
3.54581e+16
3.56184e+16
3.55583e+16
3.51232e+16
3.4442e+16
3.38677e+16
3.34417e+16
5.37053e+16
4.86927e+16
4.73571e+16
4.69101e+16
4.66078e+16
4.6321e+16
4.60247e+16
4.57141e+16
4.53892e+16
4.50409e+16
4.46457e+16
4.41759e+16
4.36106e+16
4.29749e+16
4.23129e+16
4.16271e+16
4.09198e+16
4.01926e+16
3.94481e+16
3.86897e+16
3.79227e+16
3.71584e+16
3.64372e+16
3.5838e+16
3.54057e+16
3.51372e+16
3.50409e+16
3.51479e+16
3.54742e+16
3.59495e+16
3.63463e+16
3.62846e+16
3.55676e+16
3.47266e+16
3.40509e+16
5.51043e+16
4.83991e+16
4.73841e+16
4.7078e+16
4.68247e+16
4.65551e+16
4.62639e+16
4.59533e+16
4.5626e+16
4.52738e+16
4.48734e+16
4.43975e+16
4.3826e+16
4.31845e+16
4.25154e+16
4.18211e+16
4.11044e+16
4.03673e+16
3.96126e+16
3.8843e+16
3.8062e+16
3.72772e+16
3.65215e+16
3.58689e+16
3.53685e+16
3.50192e+16
3.48359e+16
3.48713e+16
3.5206e+16
3.58946e+16
3.68546e+16
3.76729e+16
3.75505e+16
3.65269e+16
3.52731e+16
5.48579e+16
4.73864e+16
4.72555e+16
4.7198e+16
4.70264e+16
4.67857e+16
4.6504e+16
4.61949e+16
4.58654e+16
4.55092e+16
4.51037e+16
4.46223e+16
4.40457e+16
4.33986e+16
4.27218e+16
4.20187e+16
4.12929e+16
4.0547e+16
3.97833e+16
3.90043e+16
3.8212e+16
3.7411e+16
3.66267e+16
3.59257e+16
3.5358e+16
3.49187e+16
3.46167e+16
3.4499e+16
3.46703e+16
3.52906e+16
3.65485e+16
3.84897e+16
4.04265e+16
4.1113e+16
4.01628e+16
3.46615e+16
3.61849e+16
3.71344e+16
3.77758e+16
3.82916e+16
3.87475e+16
3.91698e+16
3.95706e+16
3.99542e+16
4.03333e+16
4.07258e+16
4.11371e+16
4.15371e+16
4.18315e+16
4.18899e+16
4.16878e+16
4.12847e+16
4.07517e+16
4.0129e+16
3.94446e+16
3.87069e+16
3.79023e+16
3.70096e+16
3.60718e+16
3.51665e+16
3.43228e+16
3.35232e+16
3.27631e+16
3.20757e+16
3.15535e+16
3.1386e+16
3.17925e+16
3.2816e+16
3.38264e+16
3.08618e+16
3.41586e+16
3.60081e+16
3.70306e+16
3.77001e+16
3.82319e+16
3.87001e+16
3.91336e+16
3.95453e+16
3.99395e+16
4.03284e+16
4.073e+16
4.11491e+16
4.15527e+16
4.1845e+16
4.18898e+16
4.16698e+16
4.12454e+16
4.06895e+16
4.00401e+16
3.93234e+16
3.85425e+16
3.7678e+16
3.67012e+16
3.56523e+16
3.46454e+16
3.37039e+16
3.28036e+16
3.19159e+16
3.10603e+16
3.03056e+16
2.98064e+16
2.97912e+16
3.02253e+16
3.02626e+16
2.74057e+16
3.38069e+16
3.59632e+16
3.70258e+16
3.77046e+16
3.8241e+16
3.87137e+16
3.91528e+16
3.95713e+16
3.99732e+16
4.03697e+16
4.07773e+16
4.11979e+16
4.15964e+16
4.18789e+16
4.19112e+16
4.16807e+16
4.12466e+16
4.06809e+16
4.00211e+16
3.92939e+16
3.85014e+16
3.76238e+16
3.66252e+16
3.55374e+16
3.4496e+16
3.35242e+16
3.26029e+16
3.16923e+16
3.08101e+16
3.00274e+16
2.95212e+16
2.96328e+16
3.04431e+16
3.11698e+16
2.98504e+16
3.34514e+16
3.59254e+16
3.70243e+16
3.77087e+16
3.82466e+16
3.87214e+16
3.91646e+16
3.95888e+16
3.99978e+16
4.04012e+16
4.08143e+16
4.12366e+16
4.16335e+16
4.19103e+16
4.19366e+16
4.17029e+16
4.12654e+16
4.06945e+16
4.00319e+16
3.92989e+16
3.84982e+16
3.76112e+16
3.65982e+16
3.5487e+16
3.44225e+16
3.34308e+16
3.24945e+16
3.15677e+16
3.0667e+16
2.98617e+16
2.93298e+16
2.94968e+16
3.06817e+16
3.21737e+16
3.21461e+16
3.31103e+16
3.58952e+16
3.70219e+16
3.77065e+16
3.82418e+16
3.87161e+16
3.91616e+16
3.95907e+16
4.0006e+16
4.0416e+16
4.08346e+16
4.12607e+16
4.16619e+16
4.19428e+16
4.19746e+16
4.17474e+16
4.13133e+16
4.07424e+16
4.0077e+16
3.93388e+16
3.8532e+16
3.76382e+16
3.66176e+16
3.54983e+16
3.44299e+16
3.34249e+16
3.24738e+16
3.15315e+16
3.06122e+16
2.978e+16
2.9193e+16
2.93016e+16
3.07152e+16
3.3084e+16
3.50206e+16
3.27916e+16
3.58764e+16
3.70185e+16
3.7695e+16
3.82223e+16
3.86927e+16
3.91386e+16
3.95715e+16
3.99929e+16
4.04095e+16
4.08347e+16
4.12681e+16
4.16798e+16
4.19756e+16
4.2026e+16
4.18166e+16
4.13945e+16
4.08302e+16
4.01671e+16
3.9428e+16
3.86194e+16
3.77244e+16
3.67033e+16
3.55824e+16
3.45068e+16
3.34919e+16
3.25268e+16
3.15664e+16
3.06238e+16
2.9761e+16
2.91218e+16
2.90913e+16
3.04639e+16
3.36013e+16
3.84821e+16
3.25065e+16
3.58745e+16
3.70138e+16
3.76708e+16
3.81829e+16
3.86452e+16
3.90891e+16
3.95245e+16
3.99515e+16
4.03751e+16
4.08088e+16
4.12537e+16
4.16836e+16
4.20068e+16
4.20904e+16
4.19124e+16
4.15132e+16
4.09638e+16
4.0309e+16
3.9574e+16
3.87685e+16
3.7879e+16
3.6866e+16
3.57504e+16
3.46721e+16
3.36477e+16
3.26668e+16
3.16823e+16
3.07036e+16
2.97874e+16
2.90631e+16
2.88535e+16
2.99829e+16
3.34353e+16
4.11093e+16
3.22754e+16
3.59034e+16
3.70102e+16
3.76292e+16
3.8116e+16
3.85646e+16
3.90035e+16
3.94397e+16
3.98716e+16
4.03026e+16
4.0747e+16
4.12084e+16
4.16657e+16
4.20305e+16
4.21649e+16
4.20353e+16
4.16734e+16
4.115e+16
4.0512e+16
3.97872e+16
3.89899e+16
3.81119e+16
3.71148e+16
3.6013e+16
3.49389e+16
3.39076e+16
3.291e+16
3.18963e+16
3.08706e+16
2.98801e+16
2.90272e+16
2.8562e+16
2.92153e+16
3.2362e+16
4.12771e+16
3.21727e+16
3.59801e+16
3.70031e+16
3.75618e+16
3.80111e+16
3.84388e+16
3.88677e+16
3.93014e+16
3.97363e+16
4.01747e+16
4.06323e+16
4.11163e+16
4.16115e+16
4.20343e+16
4.22412e+16
4.21823e+16
4.18765e+16
4.1395e+16
4.07863e+16
4.00807e+16
3.92987e+16
3.84392e+16
3.74671e+16
3.63899e+16
3.53286e+16
3.42944e+16
3.32789e+16
3.22295e+16
3.11448e+16
3.00624e+16
2.9061e+16
2.83166e+16
2.83644e+16
3.05678e+16
3.86601e+16
3.23106e+16
3.61953e+16
3.70428e+16
3.74717e+16
3.78482e+16
3.82388e+16
3.86493e+16
3.90754e+16
3.95117e+16
3.99593e+16
4.04358e+16
4.09518e+16
4.14983e+16
4.19982e+16
4.23032e+16
4.23425e+16
4.21176e+16
4.16999e+16
4.11394e+16
4.04681e+16
3.97136e+16
3.88844e+16
3.79513e+16
3.69168e+16
3.58855e+16
3.48602e+16
3.38313e+16
3.27423e+16
3.15832e+16
3.0378e+16
2.91815e+16
2.81118e+16
2.74957e+16
2.84843e+16
3.47506e+16
3.41082e+16
3.68222e+16
3.69436e+16
3.71328e+16
3.74544e+16
3.78415e+16
3.82577e+16
3.86892e+16
3.9134e+16
3.96012e+16
4.01127e+16
4.06822e+16
4.13033e+16
4.19011e+16
4.23322e+16
4.24955e+16
4.23737e+16
4.20445e+16
4.15593e+16
4.09487e+16
4.02456e+16
3.94716e+16
3.86043e+16
3.76443e+16
3.66783e+16
3.56983e+16
3.46886e+16
3.35912e+16
3.23882e+16
3.10867e+16
2.97007e+16
2.82615e+16
2.68803e+16
2.61492e+16
2.86101e+16
4.54748e+16
4.17822e+16
3.88672e+16
3.69647e+16
3.55438e+16
3.4411e+16
3.34534e+16
3.26024e+16
3.18146e+16
3.10618e+16
3.03244e+16
2.95948e+16
2.8826e+16
2.80985e+16
2.64662e+16
3.64374e+16
3.49168e+16
3.36205e+16
3.27706e+16
3.21705e+16
3.17166e+16
3.13586e+16
3.10698e+16
3.08355e+16
3.06479e+16
3.05066e+16
3.04038e+16
3.03566e+16
3.03121e+16
3.00324e+16
3.36155e+16
3.30496e+16
3.25454e+16
3.22374e+16
3.20473e+16
3.19245e+16
3.18441e+16
3.17934e+16
3.17655e+16
3.17568e+16
3.17661e+16
3.1784e+16
3.18301e+16
3.1781e+16
3.19018e+16
3.29343e+16
3.28656e+16
3.27508e+16
3.27025e+16
3.26892e+16
3.26938e+16
3.27082e+16
3.27288e+16
3.27541e+16
3.2783e+16
3.28143e+16
3.28461e+16
3.28801e+16
3.28521e+16
3.31136e+16
3.31023e+16
3.32453e+16
3.32981e+16
3.33566e+16
3.34124e+16
3.34633e+16
3.35097e+16
3.35529e+16
3.35939e+16
3.36335e+16
3.36717e+16
3.37097e+16
3.37429e+16
3.37699e+16
3.40685e+16
3.35367e+16
3.37715e+16
3.39038e+16
3.40134e+16
3.41027e+16
3.41763e+16
3.42386e+16
3.42933e+16
3.43434e+16
3.43909e+16
3.44366e+16
3.44828e+16
3.45269e+16
3.45987e+16
3.48705e+16
3.40586e+16
3.43382e+16
3.45149e+16
3.46545e+16
3.47648e+16
3.48536e+16
3.49273e+16
3.49912e+16
3.50493e+16
3.51042e+16
3.5158e+16
3.52126e+16
3.52699e+16
3.53666e+16
3.55952e+16
3.46125e+16
3.49177e+16
3.51229e+16
3.52833e+16
3.54092e+16
3.55099e+16
3.55934e+16
3.56658e+16
3.57313e+16
3.57934e+16
3.58547e+16
3.59173e+16
3.59864e+16
3.60949e+16
3.62855e+16
3.51813e+16
3.5503e+16
3.57282e+16
3.59038e+16
3.6042e+16
3.6153e+16
3.62452e+16
3.63251e+16
3.63976e+16
3.64664e+16
3.65344e+16
3.66043e+16
3.66829e+16
3.67965e+16
3.69584e+16
3.57661e+16
3.60981e+16
3.63369e+16
3.65237e+16
3.66717e+16
3.67915e+16
3.68915e+16
3.69784e+16
3.70575e+16
3.71323e+16
3.72063e+16
3.72823e+16
3.73677e+16
3.74822e+16
3.76232e+16
3.63927e+16
3.67292e+16
3.69766e+16
3.71717e+16
3.73277e+16
3.74553e+16
3.7563e+16
3.76571e+16
3.77428e+16
3.78239e+16
3.79035e+16
3.79848e+16
3.80746e+16
3.81864e+16
3.83096e+16
3.7084e+16
3.74209e+16
3.76741e+16
3.78763e+16
3.80402e+16
3.8176e+16
3.82921e+16
3.83944e+16
3.84879e+16
3.85765e+16
3.86626e+16
3.87491e+16
3.88417e+16
3.89489e+16
3.90575e+16
3.78595e+16
3.81945e+16
3.8453e+16
3.8663e+16
3.88361e+16
3.89818e+16
3.9108e+16
3.92207e+16
3.93244e+16
3.94225e+16
3.95174e+16
3.96115e+16
3.97083e+16
3.98112e+16
3.99062e+16
3.86701e+16
3.90058e+16
3.92717e+16
3.94913e+16
3.96753e+16
3.98329e+16
3.99712e+16
4.00963e+16
4.02123e+16
4.03227e+16
4.04296e+16
4.0535e+16
4.06407e+16
4.07459e+16
4.08374e+16
3.94687e+16
3.98055e+16
4.00784e+16
4.0307e+16
4.05014e+16
4.06702e+16
4.08205e+16
4.0958e+16
4.1087e+16
4.12104e+16
4.13305e+16
4.14484e+16
4.15637e+16
4.16722e+16
4.17632e+16
4.02448e+16
4.05802e+16
4.08577e+16
4.10934e+16
4.12964e+16
4.1475e+16
4.16362e+16
4.17852e+16
4.19262e+16
4.20618e+16
4.2194e+16
4.23228e+16
4.24459e+16
4.25557e+16
4.2645e+16
4.09986e+16
4.13296e+16
4.16096e+16
4.18504e+16
4.20603e+16
4.22471e+16
4.24176e+16
4.25766e+16
4.27281e+16
4.28744e+16
4.30169e+16
4.31548e+16
4.32839e+16
4.33945e+16
4.34815e+16
4.17302e+16
4.20533e+16
4.23334e+16
4.25775e+16
4.27925e+16
4.29858e+16
4.31638e+16
4.33313e+16
4.34915e+16
4.36467e+16
4.37978e+16
4.39434e+16
4.40782e+16
4.41899e+16
4.42739e+16
4.24382e+16
4.27496e+16
4.30277e+16
4.32731e+16
4.34914e+16
4.36894e+16
4.38732e+16
4.40472e+16
4.42143e+16
4.43769e+16
4.45352e+16
4.46878e+16
4.48285e+16
4.49425e+16
4.50221e+16
4.31212e+16
4.34168e+16
4.3691e+16
4.39362e+16
4.4156e+16
4.4357e+16
4.45446e+16
4.47231e+16
4.48957e+16
4.50639e+16
4.52283e+16
4.53874e+16
4.55348e+16
4.56529e+16
4.57263e+16
4.3777e+16
4.4053e+16
4.43225e+16
4.45661e+16
4.4786e+16
4.49882e+16
4.51779e+16
4.53593e+16
4.55354e+16
4.57077e+16
4.58768e+16
4.60417e+16
4.61966e+16
4.63216e+16
4.63871e+16
4.44018e+16
4.46558e+16
4.49203e+16
4.51614e+16
4.53801e+16
4.55822e+16
4.57726e+16
4.59553e+16
4.6133e+16
4.63076e+16
4.648e+16
4.66492e+16
4.68115e+16
4.69467e+16
4.70043e+16
4.49892e+16
4.52216e+16
4.54817e+16
4.57202e+16
4.59372e+16
4.61382e+16
4.63282e+16
4.65107e+16
4.66884e+16
4.68636e+16
4.70372e+16
4.72088e+16
4.73764e+16
4.75231e+16
4.75758e+16
4.55051e+16
4.5719e+16
4.59743e+16
4.62099e+16
4.64251e+16
4.66247e+16
4.68135e+16
4.69946e+16
4.71711e+16
4.73452e+16
4.75177e+16
4.76894e+16
4.78595e+16
4.8015e+16
4.80639e+16
4.59374e+16
4.6134e+16
4.63828e+16
4.6615e+16
4.68282e+16
4.70264e+16
4.72132e+16
4.7392e+16
4.75661e+16
4.77373e+16
4.79072e+16
4.80768e+16
4.82465e+16
4.8408e+16
4.84523e+16
4.63041e+16
4.64832e+16
4.67259e+16
4.69551e+16
4.71668e+16
4.73635e+16
4.75486e+16
4.77251e+16
4.78957e+16
4.8063e+16
4.82286e+16
4.83941e+16
4.85612e+16
4.87269e+16
4.87648e+16
4.66277e+16
4.6788e+16
4.70264e+16
4.72542e+16
4.74654e+16
4.76615e+16
4.78454e+16
4.80198e+16
4.8187e+16
4.83496e+16
4.85095e+16
4.86688e+16
4.88307e+16
4.9e+16
4.90295e+16
4.69261e+16
4.70656e+16
4.73031e+16
4.75321e+16
4.77449e+16
4.79421e+16
4.8126e+16
4.82991e+16
4.84632e+16
4.86207e+16
4.87735e+16
4.89243e+16
4.90774e+16
4.92495e+16
4.92693e+16
4.72034e+16
4.73205e+16
4.75623e+16
4.77966e+16
4.80141e+16
4.82149e+16
4.84013e+16
4.85752e+16
4.87379e+16
4.88907e+16
4.90356e+16
4.91756e+16
4.93151e+16
4.94881e+16
4.94978e+16
4.74532e+16
4.75468e+16
4.78006e+16
4.80456e+16
4.82717e+16
4.84801e+16
4.86727e+16
4.88515e+16
4.90167e+16
4.91682e+16
4.93067e+16
4.9435e+16
4.95558e+16
4.97251e+16
4.97299e+16
4.76617e+16
4.77325e+16
4.80101e+16
4.82727e+16
4.85128e+16
4.87339e+16
4.8939e+16
4.91301e+16
4.93062e+16
4.94651e+16
4.96045e+16
4.97258e+16
4.98254e+16
4.99838e+16
5.00034e+16
4.77968e+16
4.78511e+16
4.81716e+16
4.84606e+16
4.87208e+16
4.89613e+16
4.91883e+16
4.94038e+16
4.96069e+16
4.97929e+16
4.99554e+16
5.00915e+16
5.01848e+16
5.03295e+16
5.04225e+16
4.77682e+16
4.78349e+16
4.82322e+16
4.85587e+16
4.88458e+16
4.91137e+16
4.93743e+16
4.96323e+16
4.98882e+16
5.01403e+16
5.03791e+16
5.05976e+16
5.07664e+16
5.09469e+16
5.13102e+16
4.72285e+16
4.74433e+16
4.79921e+16
4.83774e+16
4.87011e+16
4.90038e+16
4.9307e+16
4.96229e+16
4.99605e+16
5.03291e+16
5.07335e+16
5.11761e+16
5.16654e+16
5.21478e+16
5.35161e+16
4.41061e+16
4.53168e+16
4.63571e+16
4.69466e+16
4.7373e+16
4.77308e+16
4.80658e+16
4.84091e+16
4.87889e+16
4.92344e+16
4.97867e+16
5.04834e+16
5.14677e+16
3.01422e+16
3.01849e+16
3.02349e+16
3.0293e+16
3.03605e+16
3.04394e+16
3.18094e+16
3.17104e+16
3.16758e+16
3.16459e+16
3.16183e+16
3.15924e+16
3.15685e+16
3.15464e+16
3.15264e+16
3.15083e+16
3.14923e+16
3.14786e+16
3.1467e+16
3.14578e+16
3.14508e+16
3.14463e+16
3.14443e+16
3.14449e+16
3.14482e+16
3.14535e+16
3.14606e+16
3.14698e+16
3.14814e+16
3.14952e+16
3.15115e+16
3.15304e+16
3.1552e+16
3.15763e+16
3.16033e+16
3.1633e+16
3.16655e+16
3.17006e+16
3.17379e+16
3.17771e+16
3.18186e+16
3.33417e+16
3.32283e+16
3.3191e+16
3.31568e+16
3.31242e+16
3.30936e+16
3.30648e+16
3.30378e+16
3.30129e+16
3.29899e+16
3.29688e+16
3.29495e+16
3.29322e+16
3.29168e+16
3.29033e+16
3.28917e+16
3.2882e+16
3.28742e+16
3.28684e+16
3.28633e+16
3.28595e+16
3.28571e+16
3.2856e+16
3.28564e+16
3.28584e+16
3.28619e+16
3.28672e+16
3.28742e+16
3.28829e+16
3.28933e+16
3.29055e+16
3.29192e+16
3.29341e+16
3.29492e+16
3.29625e+16
3.49763e+16
3.48315e+16
3.47738e+16
3.47224e+16
3.46744e+16
3.46294e+16
3.45872e+16
3.45475e+16
3.45101e+16
3.4475e+16
3.4442e+16
3.44113e+16
3.43826e+16
3.4356e+16
3.43316e+16
3.43092e+16
3.42889e+16
3.4271e+16
3.42546e+16
3.42395e+16
3.42261e+16
3.42144e+16
3.42046e+16
3.41966e+16
3.41906e+16
3.41868e+16
3.41853e+16
3.4186e+16
3.41891e+16
3.41946e+16
3.42024e+16
3.42121e+16
3.42232e+16
3.42341e+16
3.42411e+16
3.65351e+16
3.63775e+16
3.62995e+16
3.62278e+16
3.61604e+16
3.60968e+16
3.60367e+16
3.59798e+16
3.59261e+16
3.58753e+16
3.58273e+16
3.57823e+16
3.57402e+16
3.57008e+16
3.56642e+16
3.56305e+16
3.55997e+16
3.5572e+16
3.55462e+16
3.55229e+16
3.55019e+16
3.54835e+16
3.54677e+16
3.54548e+16
3.5445e+16
3.54384e+16
3.54352e+16
3.54356e+16
3.54398e+16
3.54479e+16
3.546e+16
3.54757e+16
3.54948e+16
3.55162e+16
3.55381e+16
3.80115e+16
3.78608e+16
3.77649e+16
3.76744e+16
3.75883e+16
3.75062e+16
3.74281e+16
3.73539e+16
3.72834e+16
3.72167e+16
3.71535e+16
3.70938e+16
3.70379e+16
3.69854e+16
3.69366e+16
3.68913e+16
3.68497e+16
3.68118e+16
3.67769e+16
3.67452e+16
3.67168e+16
3.6692e+16
3.66709e+16
3.66537e+16
3.66407e+16
3.66322e+16
3.66284e+16
3.66295e+16
3.66359e+16
3.66476e+16
3.66648e+16
3.66877e+16
3.6716e+16
3.67496e+16
3.67888e+16
3.93715e+16
3.92433e+16
3.91331e+16
3.9027e+16
3.89248e+16
3.88267e+16
3.87327e+16
3.86427e+16
3.85568e+16
3.8475e+16
3.83972e+16
3.83234e+16
3.82536e+16
3.81878e+16
3.81259e+16
3.8068e+16
3.80143e+16
3.79648e+16
3.7919e+16
3.78772e+16
3.78396e+16
3.78065e+16
3.7778e+16
3.77543e+16
3.77358e+16
3.77226e+16
3.77153e+16
3.77138e+16
3.77186e+16
3.77298e+16
3.77478e+16
3.77728e+16
3.78049e+16
3.78447e+16
3.78935e+16
4.0599e+16
4.04994e+16
4.0376e+16
4.02554e+16
4.01385e+16
4.00256e+16
3.99167e+16
3.98121e+16
3.97117e+16
3.96155e+16
3.95236e+16
3.94358e+16
3.93523e+16
3.9273e+16
3.9198e+16
3.91272e+16
3.90607e+16
3.89986e+16
3.89408e+16
3.88875e+16
3.8839e+16
3.87955e+16
3.87573e+16
3.87245e+16
3.86975e+16
3.86765e+16
3.86617e+16
3.86536e+16
3.86523e+16
3.86581e+16
3.86713e+16
3.86921e+16
3.8721e+16
3.8759e+16
3.88073e+16
4.17145e+16
4.16458e+16
4.151e+16
4.13755e+16
4.12443e+16
4.11169e+16
4.09935e+16
4.08743e+16
4.07594e+16
4.06487e+16
4.05423e+16
4.04402e+16
4.03425e+16
4.02492e+16
4.01601e+16
4.00755e+16
3.99955e+16
3.99201e+16
3.98491e+16
3.9783e+16
3.97219e+16
3.96661e+16
3.96157e+16
3.9571e+16
3.95323e+16
3.94997e+16
3.94737e+16
3.94545e+16
3.94423e+16
3.94373e+16
3.94398e+16
3.94503e+16
3.9469e+16
3.94965e+16
3.95342e+16
4.27648e+16
4.2726e+16
4.25778e+16
4.24298e+16
4.22852e+16
4.21444e+16
4.20075e+16
4.18746e+16
4.17459e+16
4.16215e+16
4.15012e+16
4.13851e+16
4.12733e+16
4.11658e+16
4.10627e+16
4.0964e+16
4.08698e+16
4.07801e+16
4.06948e+16
4.06141e+16
4.05384e+16
4.04679e+16
4.04026e+16
4.0343e+16
4.02892e+16
4.02415e+16
4.02001e+16
4.01652e+16
4.0137e+16
4.01157e+16
4.01014e+16
4.00943e+16
4.00942e+16
4.01013e+16
4.01157e+16
4.38156e+16
4.38073e+16
4.3646e+16
4.34834e+16
4.33243e+16
4.31691e+16
4.30179e+16
4.28704e+16
4.27266e+16
4.25866e+16
4.24503e+16
4.23178e+16
4.21892e+16
4.20644e+16
4.19438e+16
4.18272e+16
4.17148e+16
4.16069e+16
4.15032e+16
4.14041e+16
4.13095e+16
4.12199e+16
4.11354e+16
4.10561e+16
4.09825e+16
4.09146e+16
4.08526e+16
4.07968e+16
4.07473e+16
4.0704e+16
4.06672e+16
4.06369e+16
4.0613e+16
4.05953e+16
4.05824e+16
4.49148e+16
4.49269e+16
4.47426e+16
4.45582e+16
4.43796e+16
4.42061e+16
4.40375e+16
4.38729e+16
4.37121e+16
4.35551e+16
4.34017e+16
4.32515e+16
4.31047e+16
4.29612e+16
4.2821e+16
4.26841e+16
4.25505e+16
4.24205e+16
4.22941e+16
4.21718e+16
4.20539e+16
4.19404e+16
4.18317e+16
4.1728e+16
4.16295e+16
4.15364e+16
4.14489e+16
4.1367e+16
4.12907e+16
4.12201e+16
4.11552e+16
4.10957e+16
4.10412e+16
4.09909e+16
4.09429e+16
4.60934e+16
4.61323e+16
4.59192e+16
4.57026e+16
4.54923e+16
4.52879e+16
4.5089e+16
4.48948e+16
4.47049e+16
4.45187e+16
4.43361e+16
4.41568e+16
4.39807e+16
4.38077e+16
4.36378e+16
4.34709e+16
4.33071e+16
4.31464e+16
4.29893e+16
4.2836e+16
4.2687e+16
4.25423e+16
4.24022e+16
4.22669e+16
4.21366e+16
4.20115e+16
4.18915e+16
4.1777e+16
4.1668e+16
4.15645e+16
4.14665e+16
4.13738e+16
4.12865e+16
4.12045e+16
4.11288e+16
4.73162e+16
4.73802e+16
4.7127e+16
4.68668e+16
4.6614e+16
4.63685e+16
4.61295e+16
4.58962e+16
4.56678e+16
4.54438e+16
4.52238e+16
4.50076e+16
4.47947e+16
4.45851e+16
4.43787e+16
4.41755e+16
4.39756e+16
4.3779e+16
4.3586e+16
4.33968e+16
4.32117e+16
4.30311e+16
4.2855e+16
4.26834e+16
4.25169e+16
4.23554e+16
4.21992e+16
4.20482e+16
4.19026e+16
4.17624e+16
4.16278e+16
4.14984e+16
4.13745e+16
4.12563e+16
4.11447e+16
4.85926e+16
4.86767e+16
4.83712e+16
4.80569e+16
4.77531e+16
4.74592e+16
4.71737e+16
4.68955e+16
4.66236e+16
4.6357e+16
4.60952e+16
4.58378e+16
4.55842e+16
4.53343e+16
4.5088e+16
4.48451e+16
4.46057e+16
4.43698e+16
4.41377e+16
4.39096e+16
4.36856e+16
4.34659e+16
4.32507e+16
4.30402e+16
4.28347e+16
4.26344e+16
4.24392e+16
4.22493e+16
4.20648e+16
4.18855e+16
4.17114e+16
4.15422e+16
4.13776e+16
4.12174e+16
4.10607e+16
4.99597e+16
5.00656e+16
4.96999e+16
4.93229e+16
4.89601e+16
4.86107e+16
4.82725e+16
4.79437e+16
4.76227e+16
4.73085e+16
4.69999e+16
4.66965e+16
4.63978e+16
4.61033e+16
4.58128e+16
4.55261e+16
4.52432e+16
4.49641e+16
4.4689e+16
4.4418e+16
4.41512e+16
4.3889e+16
4.36314e+16
4.33787e+16
4.31311e+16
4.28887e+16
4.26516e+16
4.242e+16
4.21936e+16
4.19723e+16
4.17561e+16
4.15445e+16
4.1337e+16
4.11327e+16
4.09303e+16
5.14444e+16
5.15766e+16
5.11427e+16
5.06947e+16
5.02657e+16
4.9854e+16
4.94568e+16
4.90715e+16
4.86961e+16
4.8329e+16
4.7969e+16
4.76151e+16
4.72666e+16
4.69231e+16
4.65841e+16
4.62493e+16
4.59189e+16
4.55927e+16
4.52708e+16
4.49534e+16
4.46404e+16
4.43322e+16
4.4029e+16
4.37312e+16
4.34386e+16
4.31515e+16
4.28702e+16
4.25946e+16
4.23249e+16
4.20606e+16
4.18017e+16
4.15479e+16
4.12985e+16
4.1053e+16
4.08102e+16
5.30578e+16
5.32272e+16
5.2719e+16
5.21928e+16
5.16907e+16
5.12108e+16
5.07491e+16
5.03022e+16
4.98677e+16
4.94432e+16
4.90272e+16
4.86185e+16
4.82162e+16
4.78195e+16
4.7428e+16
4.70416e+16
4.66598e+16
4.6283e+16
4.59109e+16
4.55435e+16
4.51813e+16
4.48244e+16
4.44729e+16
4.41271e+16
4.37874e+16
4.34539e+16
4.31269e+16
4.28064e+16
4.24925e+16
4.21855e+16
4.1885e+16
4.15911e+16
4.13034e+16
4.10217e+16
4.07457e+16
5.48e+16
5.50251e+16
5.44368e+16
5.38262e+16
5.32461e+16
5.26937e+16
5.21636e+16
5.16516e+16
5.11543e+16
5.0669e+16
5.01937e+16
4.97269e+16
4.92675e+16
4.88145e+16
4.83674e+16
4.79261e+16
4.74901e+16
4.70594e+16
4.66341e+16
4.62144e+16
4.58005e+16
4.53924e+16
4.49905e+16
4.45951e+16
4.42066e+16
4.38256e+16
4.3452e+16
4.30864e+16
4.2729e+16
4.23803e+16
4.20404e+16
4.17096e+16
4.13882e+16
4.10766e+16
4.07754e+16
5.66664e+16
5.69758e+16
5.63029e+16
5.56015e+16
5.4939e+16
5.43113e+16
5.37109e+16
5.31318e+16
5.25702e+16
5.20224e+16
5.1486e+16
5.09592e+16
5.04406e+16
4.99292e+16
4.94243e+16
4.89256e+16
4.8433e+16
4.79463e+16
4.74657e+16
4.69915e+16
4.65237e+16
4.60626e+16
4.56088e+16
4.51626e+16
4.47245e+16
4.42949e+16
4.38746e+16
4.3464e+16
4.30641e+16
4.26753e+16
4.22985e+16
4.19348e+16
4.1585e+16
4.12504e+16
4.09328e+16
5.865e+16
5.90896e+16
5.83247e+16
5.7523e+16
5.67723e+16
5.60663e+16
5.53942e+16
5.47482e+16
5.41225e+16
5.35126e+16
5.29153e+16
5.23284e+16
5.17504e+16
5.118e+16
5.06165e+16
5.00595e+16
4.95088e+16
4.89647e+16
4.84275e+16
4.78974e+16
4.73746e+16
4.68596e+16
4.6353e+16
4.58552e+16
4.5367e+16
4.48891e+16
4.44223e+16
4.39678e+16
4.35268e+16
4.31002e+16
4.26897e+16
4.22974e+16
4.19257e+16
4.15774e+16
4.12547e+16
6.07551e+16
6.13829e+16
6.05131e+16
5.95993e+16
5.8752e+16
5.79616e+16
5.72138e+16
5.64981e+16
5.58069e+16
5.51345e+16
5.4477e+16
5.38313e+16
5.31954e+16
5.2568e+16
5.19476e+16
5.13337e+16
5.0726e+16
5.01245e+16
4.95305e+16
4.89444e+16
4.83666e+16
4.77979e+16
4.72388e+16
4.669e+16
4.61529e+16
4.56282e+16
4.51171e+16
4.46216e+16
4.41432e+16
4.3684e+16
4.32469e+16
4.28352e+16
4.24534e+16
4.21071e+16
4.18017e+16
6.28426e+16
6.37993e+16
6.28635e+16
6.18406e+16
6.08901e+16
6.00059e+16
5.91724e+16
5.83775e+16
5.76124e+16
5.687e+16
5.61456e+16
5.54354e+16
5.47367e+16
5.40477e+16
5.33668e+16
5.26929e+16
5.20258e+16
5.13657e+16
5.0714e+16
5.00718e+16
4.94396e+16
4.88179e+16
4.82074e+16
4.76093e+16
4.70245e+16
4.64543e+16
4.59006e+16
4.53656e+16
4.48516e+16
4.43619e+16
4.39006e+16
4.34738e+16
4.30903e+16
4.27642e+16
4.25224e+16
6.46896e+16
6.60488e+16
6.50734e+16
6.39573e+16
6.29164e+16
6.19498e+16
6.10409e+16
6.01761e+16
5.93452e+16
5.85407e+16
5.77566e+16
5.69891e+16
5.62348e+16
5.54912e+16
5.47571e+16
5.40311e+16
5.33128e+16
5.26024e+16
5.19014e+16
5.12109e+16
5.05315e+16
4.98638e+16
4.92088e+16
4.85674e+16
4.79412e+16
4.7332e+16
4.67423e+16
4.61747e+16
4.56327e+16
4.51213e+16
4.46469e+16
4.42191e+16
4.38527e+16
4.35727e+16
4.34236e+16
6.62138e+16
6.80552e+16
6.70876e+16
6.59054e+16
6.47961e+16
6.37667e+16
6.27996e+16
6.18801e+16
6.09973e+16
6.01428e+16
5.93106e+16
5.84961e+16
5.76958e+16
5.69074e+16
5.61291e+16
5.53599e+16
5.45993e+16
5.3847e+16
5.31049e+16
5.2374e+16
5.16549e+16
5.09485e+16
5.02557e+16
4.9578e+16
4.89174e+16
4.82761e+16
4.76571e+16
4.70638e+16
4.65013e+16
4.59758e+16
4.54962e+16
4.50754e+16
4.47333e+16
4.45018e+16
4.44338e+16
6.74365e+16
6.98682e+16
6.8968e+16
6.775e+16
6.65953e+16
6.55226e+16
6.45144e+16
6.35551e+16
6.26333e+16
6.17404e+16
6.08701e+16
6.00178e+16
5.91801e+16
5.83544e+16
5.75395e+16
5.6734e+16
5.59374e+16
5.51498e+16
5.43725e+16
5.3607e+16
5.28538e+16
5.21139e+16
5.13888e+16
5.06802e+16
4.99901e+16
4.93214e+16
4.86776e+16
4.8063e+16
4.74836e+16
4.6947e+16
4.64639e+16
4.60493e+16
4.57259e+16
4.55301e+16
4.552e+16
6.83953e+16
7.15501e+16
7.07849e+16
6.95656e+16
6.83896e+16
6.72935e+16
6.62611e+16
6.52769e+16
6.43291e+16
6.34093e+16
6.25113e+16
6.16304e+16
6.07634e+16
5.9908e+16
5.90626e+16
5.82265e+16
5.73991e+16
5.65805e+16
5.57722e+16
5.49758e+16
5.4192e+16
5.34222e+16
5.2668e+16
5.19312e+16
5.12142e+16
5.05204e+16
4.98536e+16
4.92189e+16
4.8623e+16
4.80746e+16
4.75857e+16
4.71728e+16
4.68601e+16
4.66868e+16
4.67192e+16
6.90556e+16
7.31187e+16
7.25995e+16
7.14232e+16
7.02523e+16
6.91529e+16
6.81134e+16
6.71186e+16
6.61572e+16
6.52211e+16
6.43042e+16
6.34025e+16
6.25128e+16
6.16331e+16
6.07621e+16
5.9899e+16
5.90434e+16
5.81954e+16
5.73578e+16
5.65321e+16
5.57192e+16
5.49205e+16
5.41377e+16
5.3373e+16
5.26291e+16
5.19093e+16
5.12181e+16
5.05609e+16
4.99449e+16
4.93797e+16
4.88781e+16
4.8458e+16
4.81446e+16
4.79787e+16
4.80469e+16
6.93363e+16
7.45085e+16
7.4362e+16
7.32836e+16
7.21527e+16
7.10783e+16
7.00554e+16
6.90704e+16
6.81127e+16
6.71749e+16
6.62519e+16
6.53401e+16
6.4437e+16
6.35409e+16
6.2651e+16
6.17667e+16
6.08879e+16
6.00149e+16
5.91513e+16
5.82991e+16
5.74595e+16
5.66338e+16
5.58239e+16
5.5032e+16
5.42609e+16
5.35144e+16
5.27969e+16
5.21142e+16
5.14742e+16
5.0887e+16
5.03669e+16
4.99338e+16
4.96156e+16
4.94554e+16
4.95668e+16
6.91099e+16
7.56425e+16
7.5995e+16
7.5073e+16
7.40265e+16
7.30157e+16
7.20427e+16
7.10962e+16
7.01673e+16
6.92501e+16
6.83404e+16
6.74359e+16
6.65348e+16
6.56361e+16
6.47395e+16
6.38448e+16
6.29523e+16
6.20626e+16
6.11805e+16
6.03087e+16
5.94483e+16
5.86007e+16
5.77681e+16
5.69527e+16
5.61575e+16
5.53862e+16
5.46438e+16
5.39363e+16
5.32722e+16
5.26632e+16
5.21259e+16
5.16847e+16
5.1376e+16
5.12495e+16
5.1429e+16
6.8202e+16
7.64343e+16
7.73655e+16
5.2698e+16
5.66564e+16
4.37685e+16
4.72706e+16
4.78067e+16
4.76877e+16
4.74291e+16
4.71255e+16
4.68004e+16
4.6461e+16
4.61098e+16
4.57373e+16
4.53192e+16
4.48283e+16
4.42461e+16
4.35952e+16
4.29146e+16
4.22082e+16
4.14797e+16
4.07311e+16
3.99645e+16
3.91818e+16
3.83837e+16
3.75725e+16
3.67669e+16
3.6026e+16
3.53999e+16
3.48775e+16
3.44544e+16
3.41507e+16
3.40381e+16
3.42549e+16
3.50553e+16
3.68751e+16
3.99922e+16
4.33903e+16
4.62838e+16
4.30627e+16
4.67575e+16
4.74648e+16
4.75051e+16
4.73452e+16
4.71026e+16
4.68173e+16
4.65047e+16
4.6172e+16
4.58127e+16
4.54061e+16
4.49277e+16
4.43604e+16
4.37236e+16
4.30544e+16
4.23574e+16
4.16366e+16
4.08946e+16
4.01336e+16
3.93555e+16
3.85613e+16
3.77521e+16
3.69432e+16
3.61883e+16
3.55396e+16
3.49848e+16
3.4516e+16
3.41425e+16
3.39228e+16
3.39841e+16
3.45964e+16
3.63537e+16
4.03385e+16
4.66257e+16
5.7099e+16
4.32889e+16
4.71051e+16
4.76986e+16
4.76796e+16
4.74923e+16
4.72381e+16
4.69489e+16
4.66366e+16
4.63063e+16
4.59515e+16
4.55513e+16
4.50819e+16
4.45258e+16
4.38993e+16
4.32393e+16
4.25508e+16
4.18377e+16
4.11023e+16
4.03464e+16
3.95718e+16
3.8779e+16
3.7969e+16
3.71542e+16
3.63842e+16
3.57117e+16
3.51218e+16
3.46007e+16
3.4143e+16
3.37833e+16
3.36076e+16
3.38126e+16
3.48776e+16
3.79363e+16
4.42024e+16
5.82312e+16
4.38284e+16
4.75474e+16
4.79541e+16
4.78551e+16
4.76369e+16
4.73732e+16
4.7084e+16
4.67764e+16
4.64531e+16
4.6107e+16
4.57176e+16
4.52617e+16
4.47217e+16
4.41115e+16
4.34664e+16
4.27916e+16
4.2091e+16
4.13666e+16
4.06199e+16
3.98524e+16
3.90643e+16
3.82558e+16
3.74382e+16
3.66587e+16
3.59688e+16
3.53503e+16
3.47842e+16
3.42518e+16
3.37658e+16
3.33713e+16
3.31859e+16
3.3529e+16
3.52662e+16
3.98727e+16
5.22443e+16
3.22811e+16
3.29026e+16
3.40623e+16
3.50117e+16
3.57753e+16
3.64109e+16
3.69698e+16
3.74814e+16
3.7962e+16
3.84387e+16
3.89534e+16
3.95553e+16
4.02794e+16
4.10578e+16
4.17408e+16
4.21651e+16
4.22658e+16
4.21169e+16
4.17717e+16
4.12655e+16
4.06459e+16
3.99696e+16
3.92378e+16
3.84477e+16
3.76537e+16
3.68342e+16
3.59648e+16
3.49948e+16
3.39057e+16
3.27147e+16
3.14548e+16
3.01242e+16
2.88486e+16
2.78956e+16
2.68205e+16
3.57906e+16
3.61416e+16
3.63501e+16
3.66285e+16
3.69536e+16
3.73057e+16
3.76739e+16
3.80545e+16
3.84481e+16
3.88712e+16
3.93567e+16
3.99412e+16
4.0645e+16
4.13999e+16
4.20525e+16
4.24472e+16
4.25373e+16
4.23822e+16
4.20254e+16
4.15022e+16
4.08531e+16
4.0138e+16
3.93656e+16
3.85439e+16
3.77354e+16
3.69022e+16
3.60052e+16
3.49817e+16
3.3806e+16
3.2484e+16
3.10259e+16
2.94066e+16
2.76803e+16
2.5866e+16
2.4474e+16
3.43174e+16
3.56572e+16
3.62173e+16
3.66192e+16
3.69819e+16
3.73387e+16
3.76996e+16
3.80695e+16
3.84521e+16
3.8864e+16
3.93391e+16
3.99175e+16
4.06269e+16
4.14044e+16
4.20679e+16
4.24696e+16
4.25939e+16
4.24831e+16
4.21646e+16
4.16679e+16
4.10261e+16
4.03038e+16
3.95212e+16
3.86933e+16
3.7884e+16
3.70499e+16
3.61484e+16
3.51109e+16
3.39089e+16
3.2549e+16
3.10492e+16
2.93983e+16
2.76391e+16
2.5821e+16
2.45714e+16
3.39093e+16
3.53948e+16
3.60327e+16
3.64831e+16
3.68728e+16
3.72422e+16
3.76073e+16
3.79771e+16
3.83579e+16
3.87678e+16
3.92433e+16
3.9829e+16
4.05596e+16
4.13716e+16
4.20635e+16
4.24902e+16
4.26501e+16
4.25719e+16
4.22817e+16
4.18069e+16
4.11718e+16
4.04431e+16
3.96504e+16
3.88187e+16
3.8012e+16
3.71827e+16
3.62837e+16
3.52432e+16
3.40299e+16
3.26508e+16
3.1128e+16
2.94529e+16
2.76711e+16
2.57833e+16
2.42119e+16
3.36679e+16
3.52134e+16
3.58727e+16
3.63378e+16
3.67366e+16
3.71102e+16
3.74756e+16
3.78436e+16
3.82221e+16
3.86311e+16
3.91097e+16
3.97073e+16
4.04657e+16
4.13192e+16
4.20432e+16
4.25008e+16
4.26975e+16
4.26481e+16
4.23822e+16
4.19277e+16
4.13002e+16
4.05653e+16
3.97629e+16
3.89293e+16
3.81259e+16
3.7303e+16
3.64091e+16
3.53696e+16
3.41505e+16
3.27568e+16
3.12132e+16
2.95131e+16
2.7706e+16
2.57336e+16
2.38014e+16
3.34662e+16
3.50484e+16
3.5716e+16
3.61848e+16
3.65842e+16
3.69555e+16
3.73167e+16
3.76796e+16
3.80538e+16
3.8461e+16
3.89436e+16
3.95568e+16
4.03501e+16
4.12512e+16
4.20091e+16
4.25023e+16
4.27362e+16
4.27132e+16
4.24694e+16
4.20345e+16
4.14158e+16
4.06754e+16
3.98632e+16
3.90285e+16
3.82274e+16
3.74106e+16
3.65223e+16
3.54857e+16
3.4263e+16
3.28566e+16
3.12938e+16
2.95702e+16
2.77403e+16
2.56899e+16
2.339e+16
3.32658e+16
3.48794e+16
3.55518e+16
3.602e+16
3.6415e+16
3.67791e+16
3.71315e+16
3.74855e+16
3.78526e+16
3.82566e+16
3.87439e+16
3.93771e+16
4.02142e+16
4.11687e+16
4.19623e+16
4.2497e+16
4.27678e+16
4.27689e+16
4.25451e+16
4.21286e+16
4.15199e+16
4.07745e+16
3.99518e+16
3.91163e+16
3.83163e+16
3.75049e+16
3.66211e+16
3.5588e+16
3.43635e+16
3.29466e+16
3.13664e+16
2.96224e+16
2.77763e+16
2.56584e+16
2.29813e+16
3.30385e+16
3.47005e+16
3.53782e+16
3.58422e+16
3.62277e+16
3.65792e+16
3.69176e+16
3.72582e+16
3.76146e+16
3.80135e+16
3.85065e+16
3.9166e+16
4.00598e+16
4.10735e+16
4.19064e+16
4.2488e+16
4.2793e+16
4.28159e+16
4.26099e+16
4.22096e+16
4.16112e+16
4.08612e+16
4.00273e+16
3.91913e+16
3.83907e+16
3.75828e+16
3.67027e+16
3.56732e+16
3.44483e+16
3.30231e+16
3.14285e+16
2.96685e+16
2.78136e+16
2.56412e+16
2.25771e+16
3.28044e+16
3.45185e+16
3.51948e+16
3.56483e+16
3.6018e+16
3.63507e+16
3.66693e+16
3.69912e+16
3.7333e+16
3.7725e+16
3.82264e+16
3.89232e+16
3.98919e+16
4.09696e+16
4.18489e+16
4.24794e+16
4.28138e+16
4.28553e+16
4.26635e+16
4.22758e+16
4.16864e+16
4.09315e+16
4.00863e+16
3.92495e+16
3.84463e+16
3.76401e+16
3.67616e+16
3.57351e+16
3.45109e+16
3.30801e+16
3.14742e+16
2.97045e+16
2.78511e+16
2.56393e+16
2.21823e+16
3.26541e+16
3.43657e+16
3.50179e+16
3.54442e+16
3.57873e+16
3.6093e+16
3.63847e+16
3.66816e+16
3.70036e+16
3.7387e+16
3.79022e+16
3.86543e+16
3.97234e+16
4.08691e+16
4.18028e+16
4.24783e+16
4.28332e+16
4.28879e+16
4.27053e+16
4.23242e+16
4.17401e+16
4.09799e+16
4.01243e+16
3.92853e+16
3.84764e+16
3.76685e+16
3.67888e+16
3.57665e+16
3.45472e+16
3.3113e+16
3.14984e+16
2.97228e+16
2.78787e+16
2.5644e+16
2.1796e+16
3.25099e+16
3.41765e+16
3.48185e+16
3.52239e+16
3.5538e+16
3.58109e+16
3.60674e+16
3.63296e+16
3.66237e+16
3.69958e+16
3.7537e+16
3.83798e+16
3.95837e+16
4.07924e+16
4.17863e+16
4.24921e+16
4.28565e+16
4.29171e+16
4.27356e+16
4.23525e+16
4.1767e+16
4.10047e+16
4.01365e+16
3.92903e+16
3.84734e+16
3.76618e+16
3.67802e+16
3.57587e+16
3.45396e+16
3.31013e+16
3.14799e+16
2.97049e+16
2.78831e+16
2.56474e+16
2.14117e+16
3.2397e+16
3.39868e+16
3.45997e+16
3.49863e+16
3.52712e+16
3.55023e+16
3.57089e+16
3.59224e+16
3.61812e+16
3.6549e+16
3.71426e+16
3.81222e+16
3.94984e+16
4.07943e+16
4.18413e+16
4.25411e+16
4.28917e+16
4.29451e+16
4.27556e+16
4.23634e+16
4.17663e+16
4.09892e+16
4.01024e+16
3.92443e+16
3.84184e+16
3.76027e+16
3.67179e+16
3.56938e+16
3.44701e+16
3.30241e+16
3.13968e+16
2.96312e+16
2.78506e+16
2.56415e+16
2.10338e+16
3.24545e+16
3.39158e+16
3.44557e+16
3.47769e+16
3.49949e+16
3.51448e+16
3.52606e+16
3.53945e+16
3.56142e+16
3.60204e+16
3.6775e+16
3.803e+16
3.95999e+16
4.09203e+16
4.19564e+16
4.26272e+16
4.29529e+16
4.29813e+16
4.27668e+16
4.23515e+16
4.17281e+16
4.09211e+16
4.00052e+16
3.91286e+16
3.82917e+16
3.74704e+16
3.65799e+16
3.55472e+16
3.43109e+16
3.28506e+16
3.12178e+16
2.94742e+16
2.77602e+16
2.56162e+16
2.06709e+16
3.25386e+16
3.37082e+16
3.41331e+16
3.43655e+16
3.44791e+16
3.45139e+16
3.45402e+16
3.4662e+16
3.49863e+16
3.56257e+16
3.66922e+16
3.82044e+16
3.98612e+16
4.11994e+16
4.21904e+16
4.28085e+16
4.30773e+16
4.30466e+16
4.27759e+16
4.23119e+16
4.16386e+16
4.07769e+16
3.98149e+16
3.89134e+16
3.80648e+16
3.7237e+16
3.63362e+16
3.52845e+16
3.40209e+16
3.25334e+16
3.08939e+16
2.91927e+16
2.75869e+16
2.55645e+16
2.03351e+16
3.20271e+16
3.27109e+16
3.29785e+16
3.31438e+16
3.32252e+16
3.32658e+16
3.34027e+16
3.37704e+16
3.44509e+16
3.55014e+16
3.69443e+16
3.86961e+16
4.04283e+16
4.17526e+16
4.26539e+16
4.31516e+16
4.32962e+16
4.31504e+16
4.278e+16
4.22331e+16
4.14715e+16
4.05106e+16
3.94787e+16
3.85528e+16
3.77015e+16
3.68699e+16
3.59507e+16
3.48598e+16
3.35405e+16
3.19985e+16
3.034e+16
2.87043e+16
2.72643e+16
2.54733e+16
2.01277e+16
3.13835e+16
3.19674e+16
3.24192e+16
3.28e+16
3.28991e+16
3.29772e+16
3.33401e+16
3.40979e+16
3.52105e+16
3.66394e+16
3.83253e+16
4.01291e+16
4.17209e+16
4.28042e+16
4.34276e+16
4.36542e+16
4.35589e+16
4.32166e+16
4.26971e+16
4.20441e+16
4.11708e+16
4.00769e+16
3.89732e+16
3.80346e+16
3.71794e+16
3.63183e+16
3.53341e+16
3.41387e+16
3.26872e+16
3.10125e+16
2.92685e+16
2.76656e+16
2.6372e+16
2.47664e+16
1.96169e+16
3.10922e+16
3.29067e+16
3.41351e+16
3.40566e+16
3.34635e+16
3.33329e+16
3.38318e+16
3.48225e+16
3.61216e+16
3.76516e+16
3.93413e+16
4.10441e+16
4.24462e+16
4.3318e+16
4.37372e+16
4.37846e+16
4.35457e+16
4.30999e+16
4.25167e+16
4.18351e+16
4.09094e+16
3.97092e+16
3.85696e+16
3.7634e+16
3.67682e+16
3.58476e+16
3.47573e+16
3.34079e+16
3.17654e+16
2.98847e+16
2.79632e+16
2.63403e+16
2.52853e+16
2.41024e+16
1.92877e+16
3.16255e+16
3.5291e+16
3.50399e+16
3.3318e+16
3.27145e+16
3.31273e+16
3.41904e+16
3.5599e+16
3.71506e+16
3.8793e+16
4.04608e+16
4.20114e+16
4.31736e+16
4.38039e+16
4.40087e+16
4.38821e+16
4.35157e+16
4.29886e+16
4.23648e+16
4.16784e+16
4.07123e+16
3.93947e+16
3.82592e+16
3.73543e+16
3.64994e+16
3.55293e+16
3.43507e+16
3.28783e+16
3.1086e+16
2.90346e+16
2.69206e+16
2.51715e+16
2.43971e+16
2.44439e+16
2.04968e+16
4.25072e+16
3.75382e+16
3.29105e+16
3.16268e+16
3.21606e+16
3.35314e+16
3.52393e+16
3.7016e+16
3.87193e+16
4.03457e+16
4.18478e+16
4.31074e+16
4.39243e+16
4.42499e+16
4.42079e+16
4.39012e+16
4.34216e+16
4.28403e+16
4.22105e+16
4.15641e+16
4.05923e+16
3.91761e+16
3.81238e+16
3.72807e+16
3.64549e+16
3.54641e+16
3.4251e+16
3.27271e+16
3.08616e+16
2.87019e+16
2.64075e+16
2.43342e+16
2.32506e+16
2.51304e+16
3.28621e+16
3.55035e+16
2.7694e+16
2.84253e+16
3.06969e+16
3.32056e+16
3.55985e+16
3.77526e+16
3.96162e+16
4.1177e+16
4.24924e+16
4.35562e+16
4.43032e+16
4.46292e+16
4.45748e+16
4.42573e+16
4.37769e+16
4.32112e+16
4.26123e+16
4.20152e+16
4.14566e+16
4.05463e+16
3.90933e+16
3.81592e+16
3.74363e+16
3.67227e+16
3.58654e+16
3.47932e+16
3.34045e+16
3.16355e+16
2.94696e+16
2.69467e+16
2.42073e+16
2.14573e+16
1.97747e+16
2.21345e+16
2.97208e+16
2.96163e+16
2.9528e+16
2.94271e+16
2.93205e+16
2.92114e+16
2.91019e+16
2.8993e+16
2.88856e+16
2.87803e+16
2.86776e+16
2.8578e+16
2.84819e+16
2.83897e+16
2.83015e+16
2.82176e+16
2.81384e+16
2.80637e+16
2.79936e+16
2.79284e+16
2.78673e+16
2.78099e+16
2.77558e+16
2.77046e+16
2.76558e+16
2.76092e+16
2.75639e+16
2.75193e+16
2.74753e+16
2.74314e+16
2.73881e+16
2.73466e+16
2.73099e+16
2.72853e+16
2.72861e+16
3.05104e+16
3.04049e+16
3.03574e+16
3.03163e+16
3.02776e+16
3.02407e+16
3.02058e+16
3.01729e+16
3.01423e+16
3.01139e+16
3.00878e+16
3.00642e+16
3.00433e+16
3.00249e+16
3.00092e+16
2.99963e+16
2.99862e+16
2.99791e+16
2.99749e+16
2.99739e+16
2.99755e+16
2.99798e+16
2.99869e+16
2.99971e+16
3.00107e+16
3.00279e+16
3.00492e+16
3.0075e+16
3.01058e+16
5.62479e+16
5.70926e+16
5.80066e+16
5.89943e+16
6.00614e+16
6.1216e+16
6.24708e+16
6.38479e+16
6.5394e+16
4.94697e+16
4.9657e+16
4.97695e+16
4.99012e+16
5.00563e+16
5.02336e+16
5.04317e+16
5.06504e+16
5.08903e+16
5.11532e+16
5.14419e+16
5.17597e+16
5.211e+16
5.2497e+16
5.29244e+16
5.33962e+16
5.39163e+16
5.44886e+16
5.51166e+16
5.58042e+16
5.65551e+16
5.73735e+16
5.82639e+16
5.92313e+16
6.02822e+16
6.1425e+16
6.26718e+16
6.40408e+16
6.5561e+16
6.72824e+16
4.98659e+16
5.0085e+16
5.023e+16
5.03948e+16
5.0583e+16
5.07936e+16
5.10255e+16
5.12782e+16
5.15524e+16
5.18495e+16
5.21721e+16
5.25228e+16
5.29053e+16
5.33233e+16
5.37807e+16
5.42819e+16
5.48311e+16
5.54323e+16
5.60903e+16
5.68094e+16
5.75946e+16
5.8451e+16
5.93843e+16
6.04015e+16
6.1511e+16
6.27238e+16
6.4055e+16
6.55262e+16
6.71671e+16
6.90172e+16
5.02148e+16
5.04643e+16
5.06376e+16
5.08326e+16
5.10515e+16
5.12937e+16
5.15582e+16
5.18445e+16
5.21531e+16
5.24854e+16
5.28435e+16
5.32297e+16
5.36476e+16
5.41006e+16
5.45926e+16
5.5128e+16
5.57108e+16
5.63457e+16
5.70376e+16
5.77918e+16
5.86137e+16
5.95096e+16
6.04866e+16
6.15532e+16
6.27198e+16
6.39996e+16
6.54098e+16
6.69733e+16
6.87178e+16
7.06725e+16
5.05246e+16
5.08029e+16
5.10004e+16
5.12222e+16
5.14691e+16
5.17406e+16
5.20357e+16
5.23539e+16
5.26958e+16
5.30624e+16
5.34555e+16
5.38777e+16
5.43319e+16
5.48214e+16
5.535e+16
5.59216e+16
5.65406e+16
5.72117e+16
5.79401e+16
5.87312e+16
5.95914e+16
6.05277e+16
6.15484e+16
6.26635e+16
6.3885e+16
6.52282e+16
6.67119e+16
6.836e+16
7.02001e+16
7.22533e+16
5.07868e+16
5.10907e+16
5.13077e+16
5.1552e+16
5.1823e+16
5.21201e+16
5.24422e+16
5.27889e+16
5.31608e+16
5.35586e+16
5.39841e+16
5.44397e+16
5.4928e+16
5.54522e+16
5.60159e+16
5.66227e+16
5.72769e+16
5.79833e+16
5.87471e+16
5.95742e+16
6.04711e+16
6.14456e+16
6.25072e+16
6.36672e+16
6.49394e+16
6.63414e+16
6.78948e+16
6.96276e+16
7.15769e+16
7.37695e+16
5.09849e+16
5.13094e+16
5.15398e+16
5.18016e+16
5.20919e+16
5.24095e+16
5.27535e+16
5.31233e+16
5.35195e+16
5.39429e+16
5.43952e+16
5.48786e+16
5.53954e+16
5.59489e+16
5.65421e+16
5.71788e+16
5.7863e+16
5.85994e+16
5.93931e+16
6.02501e+16
6.11775e+16
6.21836e+16
6.32787e+16
6.44756e+16
6.57907e+16
6.7245e+16
6.88661e+16
7.06934e+16
7.27987e+16
7.52736e+16
5.108e+16
5.14161e+16
5.16531e+16
5.19267e+16
5.22302e+16
5.25619e+16
5.29206e+16
5.3306e+16
5.37183e+16
5.41587e+16
5.46289e+16
5.51307e+16
5.56666e+16
5.62393e+16
5.6852e+16
5.75083e+16
5.82117e+16
5.8967e+16
5.97793e+16
6.06546e+16
6.16002e+16
6.26249e+16
6.37402e+16
6.49605e+16
6.63055e+16
6.78024e+16
6.94906e+16
7.14308e+16
7.37675e+16
7.68653e+16
5.09562e+16
5.12841e+16
5.15208e+16
5.18e+16
5.21095e+16
5.24472e+16
5.28116e+16
5.32023e+16
5.36198e+16
5.40652e+16
5.45402e+16
5.50465e+16
5.55867e+16
5.61632e+16
5.67791e+16
5.74378e+16
5.81428e+16
5.88987e+16
5.97106e+16
6.05846e+16
6.15281e+16
6.25509e+16
6.36655e+16
6.48889e+16
6.62455e+16
6.77727e+16
6.95317e+16
7.16287e+16
7.43006e+16
7.86359e+16
5.01793e+16
5.04325e+16
5.0649e+16
5.09144e+16
5.12124e+16
5.1539e+16
5.18914e+16
5.22686e+16
5.26711e+16
5.30996e+16
5.35558e+16
5.40419e+16
5.45599e+16
5.51123e+16
5.57023e+16
5.6333e+16
5.7008e+16
5.77321e+16
5.85103e+16
5.93491e+16
6.02568e+16
6.12443e+16
6.23263e+16
6.3524e+16
6.48696e+16
6.64173e+16
6.82683e+16
7.06507e+16
7.40598e+16
8.06258e+16
4.75479e+16
4.73369e+16
4.72493e+16
4.72426e+16
4.72978e+16
4.73977e+16
4.75311e+16
4.76933e+16
4.78829e+16
4.81004e+16
4.83477e+16
4.86269e+16
4.894e+16
4.92891e+16
4.96773e+16
5.01072e+16
5.05827e+16
5.11087e+16
5.16906e+16
5.23371e+16
5.30583e+16
5.38692e+16
5.47913e+16
5.58569e+16
5.71184e+16
5.86685e+16
6.07013e+16
6.37677e+16
7.05992e+16
8.94031e+16
7.66482e+16
7.57432e+16
7.4848e+16
7.39701e+16
7.3102e+16
7.22378e+16
7.13737e+16
7.05075e+16
6.96381e+16
6.87648e+16
6.78877e+16
6.70068e+16
6.61227e+16
6.5236e+16
6.43476e+16
6.34643e+16
6.25891e+16
6.17234e+16
6.08689e+16
6.00277e+16
5.92023e+16
5.8396e+16
5.76129e+16
5.68582e+16
5.6139e+16
5.54649e+16
5.48504e+16
5.43171e+16
5.39e+16
5.36586e+16
5.36845e+16
5.40787e+16
6.64328e+16
7.67579e+16
7.81604e+16
7.76937e+16
7.70129e+16
7.63024e+16
7.55793e+16
7.48442e+16
7.40958e+16
7.33337e+16
7.2558e+16
7.17691e+16
7.09678e+16
7.01551e+16
6.93321e+16
6.84997e+16
6.76591e+16
6.68114e+16
6.59659e+16
6.51258e+16
6.42931e+16
6.34699e+16
6.26586e+16
6.18624e+16
6.1085e+16
6.03312e+16
5.96073e+16
5.89221e+16
5.82882e+16
5.77251e+16
5.72648e+16
5.69652e+16
5.69405e+16
5.74563e+16
5.88962e+16
6.39025e+16
7.59036e+16
7.74912e+16
7.74245e+16
7.70908e+16
7.66589e+16
7.61744e+16
7.56537e+16
7.51024e+16
7.45231e+16
7.3918e+16
7.32894e+16
7.26394e+16
7.19704e+16
7.12847e+16
7.05844e+16
6.98713e+16
6.91473e+16
6.84226e+16
6.77017e+16
6.69877e+16
6.62838e+16
6.55938e+16
6.49224e+16
6.42749e+16
6.36584e+16
6.30821e+16
6.25588e+16
6.21069e+16
6.17553e+16
6.15524e+16
6.15885e+16
6.20613e+16
6.35052e+16
6.80544e+16
6.26214e+16
7.26181e+16
7.4601e+16
7.4987e+16
7.50863e+16
7.50307e+16
7.4875e+16
7.46518e+16
7.4376e+16
7.40547e+16
7.36926e+16
7.32942e+16
7.28637e+16
7.24054e+16
7.19234e+16
7.14218e+16
7.09044e+16
7.0375e+16
6.98434e+16
6.93153e+16
6.87958e+16
6.82905e+16
6.78059e+16
6.73496e+16
6.69309e+16
6.65619e+16
6.62584e+16
6.60426e+16
6.59471e+16
6.60227e+16
6.6354e+16
6.70943e+16
6.85513e+16
7.13947e+16
7.68107e+16
2.73739e+16
2.72957e+16
2.72812e+16
2.72685e+16
2.72709e+16
2.72952e+16
2.73455e+16
2.74253e+16
2.7538e+16
2.76881e+16
2.78807e+16
2.81223e+16
2.84204e+16
2.87844e+16
2.9225e+16
2.97541e+16
3.03843e+16
3.11274e+16
3.19922e+16
3.29838e+16
3.41043e+16
3.53928e+16
3.69321e+16
3.87441e+16
4.05654e+16
4.17692e+16
4.16388e+16
3.97652e+16
3.66772e+16
3.11812e+16
3.05827e+16
3.04633e+16
3.04081e+16
3.03638e+16
3.03262e+16
3.02971e+16
3.02787e+16
3.02737e+16
3.02854e+16
3.03173e+16
3.03737e+16
3.04597e+16
3.05813e+16
3.07457e+16
3.09609e+16
3.12359e+16
3.15799e+16
3.20014e+16
3.25058e+16
3.30931e+16
3.37546e+16
3.44721e+16
3.52109e+16
3.58581e+16
3.6179e+16
3.59179e+16
3.49554e+16
3.34659e+16
3.17956e+16
2.98532e+16
3.19506e+16
3.17743e+16
3.16681e+16
3.15734e+16
3.14862e+16
3.14064e+16
3.13356e+16
3.1276e+16
3.12303e+16
3.12013e+16
3.11927e+16
3.12084e+16
3.12531e+16
3.1332e+16
3.14509e+16
3.16156e+16
3.18314e+16
3.21016e+16
3.24249e+16
3.27914e+16
3.3178e+16
3.35321e+16
3.37922e+16
3.38647e+16
3.36316e+16
3.3051e+16
3.22083e+16
3.13177e+16
3.04937e+16
2.98101e+16
3.30939e+16
3.28511e+16
3.26903e+16
3.25341e+16
3.23827e+16
3.22374e+16
3.21001e+16
3.19728e+16
3.1858e+16
3.17585e+16
3.16776e+16
3.16185e+16
3.15847e+16
3.158e+16
3.16079e+16
3.1671e+16
3.17703e+16
3.19032e+16
3.20613e+16
3.22262e+16
3.23663e+16
3.24315e+16
3.23795e+16
3.21816e+16
3.18314e+16
3.13648e+16
3.0868e+16
3.04344e+16
3.00455e+16
2.97661e+16
3.437e+16
3.40659e+16
3.38408e+16
3.36144e+16
3.33877e+16
3.31625e+16
3.29411e+16
3.2726e+16
3.25202e+16
3.23269e+16
3.21491e+16
3.19903e+16
3.1854e+16
3.1743e+16
3.16595e+16
3.16044e+16
3.15759e+16
3.15691e+16
3.15737e+16
3.15735e+16
3.15475e+16
3.14762e+16
3.13424e+16
3.11491e+16
3.09116e+16
3.06522e+16
3.04097e+16
3.02105e+16
3.00122e+16
2.99162e+16
3.56616e+16
3.53447e+16
3.50781e+16
3.48027e+16
3.45199e+16
3.42321e+16
3.39411e+16
3.36496e+16
3.33606e+16
3.30773e+16
3.28032e+16
3.25423e+16
3.22984e+16
3.20751e+16
3.18754e+16
3.17006e+16
3.15507e+16
3.14228e+16
3.1311e+16
3.12073e+16
3.11032e+16
3.09954e+16
3.08767e+16
3.07547e+16
3.0634e+16
3.05205e+16
3.04221e+16
3.03482e+16
3.02728e+16
3.03227e+16
3.68883e+16
3.66003e+16
3.63207e+16
3.60274e+16
3.57217e+16
3.54046e+16
3.50776e+16
3.47424e+16
3.44012e+16
3.40566e+16
3.37122e+16
3.33716e+16
3.30396e+16
3.27207e+16
3.24196e+16
3.21405e+16
3.18868e+16
3.166e+16
3.14601e+16
3.12861e+16
3.11363e+16
3.10093e+16
3.09063e+16
3.08268e+16
3.07803e+16
3.07532e+16
3.07411e+16
3.07503e+16
3.07758e+16
3.09478e+16
3.79508e+16
3.772e+16
3.74505e+16
3.71658e+16
3.68665e+16
3.65528e+16
3.62249e+16
3.58835e+16
3.55295e+16
3.51645e+16
3.47907e+16
3.44114e+16
3.40303e+16
3.36526e+16
3.32838e+16
3.29305e+16
3.25987e+16
3.22946e+16
3.20234e+16
3.17888e+16
3.15938e+16
3.14394e+16
3.13283e+16
3.12547e+16
3.12281e+16
3.12445e+16
3.12865e+16
3.1353e+16
3.14541e+16
3.17123e+16
3.88103e+16
3.86484e+16
3.84015e+16
3.81401e+16
3.78645e+16
3.75743e+16
3.72689e+16
3.69481e+16
3.66118e+16
3.62604e+16
3.58948e+16
3.55167e+16
3.51287e+16
3.47347e+16
3.43396e+16
3.39502e+16
3.35739e+16
3.32191e+16
3.28946e+16
3.26081e+16
3.23659e+16
3.21732e+16
3.20312e+16
3.19421e+16
3.19015e+16
3.19303e+16
3.19967e+16
3.20965e+16
3.22448e+16
3.2553e+16
3.9477e+16
3.93852e+16
3.91662e+16
3.89334e+16
3.86882e+16
3.84296e+16
3.81569e+16
3.78695e+16
3.75667e+16
3.72481e+16
3.69137e+16
3.65641e+16
3.62002e+16
3.58246e+16
3.54406e+16
3.5053e+16
3.46685e+16
3.42956e+16
3.39435e+16
3.36226e+16
3.33425e+16
3.31115e+16
3.29349e+16
3.28169e+16
3.27547e+16
3.27564e+16
3.28275e+16
3.29412e+16
3.31124e+16
3.3442e+16
3.99902e+16
3.9965e+16
3.97749e+16
3.95724e+16
3.93594e+16
3.9135e+16
3.88982e+16
3.86481e+16
3.8384e+16
3.81053e+16
3.78116e+16
3.75029e+16
3.71796e+16
3.68429e+16
3.6495e+16
3.61387e+16
3.57786e+16
3.54213e+16
3.50747e+16
3.47485e+16
3.4453e+16
3.41985e+16
3.39943e+16
3.38462e+16
3.37593e+16
3.37293e+16
3.37868e+16
3.3893e+16
3.40668e+16
3.43947e+16
4.0387e+16
4.04338e+16
4.0277e+16
4.01083e+16
3.99312e+16
3.97447e+16
3.95474e+16
3.93384e+16
3.91165e+16
3.88812e+16
3.86321e+16
3.8369e+16
3.80922e+16
3.78027e+16
3.75017e+16
3.71914e+16
3.68749e+16
3.65567e+16
3.62426e+16
3.59397e+16
3.56569e+16
3.54036e+16
3.51894e+16
3.50227e+16
3.49099e+16
3.48537e+16
3.48612e+16
3.49527e+16
3.51149e+16
3.5425e+16
4.06588e+16
4.07819e+16
4.066e+16
4.05288e+16
4.03928e+16
4.025e+16
4.00985e+16
3.99367e+16
3.9763e+16
3.95765e+16
3.93766e+16
3.91628e+16
3.89354e+16
3.86955e+16
3.84441e+16
3.81833e+16
3.79162e+16
3.7646e+16
3.73772e+16
3.71153e+16
3.68665e+16
3.6638e+16
3.64373e+16
3.62719e+16
3.61483e+16
3.60724e+16
3.60451e+16
3.61011e+16
3.62318e+16
3.6507e+16
4.07547e+16
4.09661e+16
4.08856e+16
4.07974e+16
4.07089e+16
4.06179e+16
4.05217e+16
4.04177e+16
4.03037e+16
4.01777e+16
4.0038e+16
3.98836e+16
3.97141e+16
3.95295e+16
3.9331e+16
3.91205e+16
3.89006e+16
3.86747e+16
3.84469e+16
3.82218e+16
3.80046e+16
3.78012e+16
3.76175e+16
3.74594e+16
3.73326e+16
3.72426e+16
3.71936e+16
3.71977e+16
3.72957e+16
3.75282e+16
4.06687e+16
4.09492e+16
4.08987e+16
4.08441e+16
4.07961e+16
4.07523e+16
4.07094e+16
4.06641e+16
4.0613e+16
4.05532e+16
4.04817e+16
4.0396e+16
4.02943e+16
4.01755e+16
4.00391e+16
3.98864e+16
3.97192e+16
3.95402e+16
3.93537e+16
3.91641e+16
3.89765e+16
3.87965e+16
3.86293e+16
3.84802e+16
3.83547e+16
3.82579e+16
3.81961e+16
3.81783e+16
3.82491e+16
3.84355e+16
4.04806e+16
4.0801e+16
4.0759e+16
4.07187e+16
4.06939e+16
4.06816e+16
4.06783e+16
4.068e+16
4.06828e+16
4.06832e+16
4.06771e+16
4.06609e+16
4.06314e+16
4.05857e+16
4.05217e+16
4.04383e+16
4.03358e+16
4.02155e+16
4.00804e+16
3.99349e+16
3.9784e+16
3.96335e+16
3.94893e+16
3.93566e+16
3.92411e+16
3.91478e+16
3.90832e+16
3.90563e+16
3.91014e+16
3.92501e+16
4.02543e+16
4.0593e+16
4.05401e+16
4.04947e+16
4.04738e+16
4.04744e+16
4.04925e+16
4.05238e+16
4.05645e+16
4.06104e+16
4.06573e+16
4.07011e+16
4.07379e+16
4.07636e+16
4.07747e+16
4.07681e+16
4.07413e+16
4.06935e+16
4.06251e+16
4.05385e+16
4.04375e+16
4.03274e+16
4.02148e+16
4.01062e+16
4.00079e+16
3.99257e+16
3.98667e+16
3.98401e+16
3.98709e+16
3.99926e+16
4.00457e+16
4.03862e+16
4.03039e+16
4.0235e+16
4.01997e+16
4.01948e+16
4.02157e+16
4.02581e+16
4.03176e+16
4.03899e+16
4.0471e+16
4.0557e+16
4.06435e+16
4.07267e+16
4.08026e+16
4.08671e+16
4.09164e+16
4.09475e+16
4.09581e+16
4.09469e+16
4.09148e+16
4.08643e+16
4.08002e+16
4.07293e+16
4.06586e+16
4.05961e+16
4.05498e+16
4.0531e+16
4.05594e+16
4.06628e+16
3.98962e+16
4.02282e+16
4.00991e+16
3.99896e+16
3.99235e+16
3.98969e+16
3.99043e+16
3.99408e+16
4.00014e+16
4.00818e+16
4.01779e+16
4.02856e+16
4.04011e+16
4.05207e+16
4.06407e+16
4.07572e+16
4.08668e+16
4.09657e+16
4.10505e+16
4.11181e+16
4.11661e+16
4.11934e+16
4.12005e+16
4.11906e+16
4.11686e+16
4.11419e+16
4.11204e+16
4.11168e+16
4.11489e+16
4.124e+16
3.98381e+16
4.01571e+16
3.99642e+16
3.97981e+16
3.9686e+16
3.9623e+16
3.96026e+16
3.96187e+16
3.96659e+16
3.97392e+16
3.98341e+16
3.99463e+16
4.0072e+16
4.02077e+16
4.03498e+16
4.04951e+16
4.06403e+16
4.07826e+16
4.09187e+16
4.10456e+16
4.11605e+16
4.12609e+16
4.13449e+16
4.14112e+16
4.14604e+16
4.14955e+16
4.15225e+16
4.15517e+16
4.15982e+16
4.16839e+16
3.98969e+16
4.02063e+16
3.99326e+16
3.9693e+16
3.95195e+16
3.94059e+16
3.93441e+16
3.9327e+16
3.9348e+16
3.94014e+16
3.94821e+16
3.95853e+16
3.9707e+16
3.98432e+16
3.99905e+16
4.01457e+16
4.03058e+16
4.04679e+16
4.06294e+16
4.07879e+16
4.09408e+16
4.10862e+16
4.12221e+16
4.13471e+16
4.14599e+16
4.15608e+16
4.16511e+16
4.17354e+16
4.18194e+16
4.19166e+16
4.00962e+16
4.04109e+16
4.00379e+16
3.97067e+16
3.94554e+16
3.9276e+16
3.91589e+16
3.90952e+16
3.90774e+16
3.90987e+16
3.91533e+16
3.92359e+16
3.93418e+16
3.94667e+16
3.96068e+16
3.97586e+16
3.99191e+16
4.00852e+16
4.02543e+16
4.0424e+16
4.05921e+16
4.07564e+16
4.09158e+16
4.10687e+16
4.12145e+16
4.13527e+16
4.14845e+16
4.16121e+16
4.17357e+16
4.18633e+16
4.04685e+16
4.08113e+16
4.03172e+16
3.98757e+16
3.95293e+16
3.92678e+16
3.90796e+16
3.89546e+16
3.88839e+16
3.88599e+16
3.88759e+16
3.8926e+16
3.90047e+16
3.91073e+16
3.92294e+16
3.93671e+16
3.95169e+16
3.96755e+16
3.98402e+16
4.00083e+16
4.01775e+16
4.03457e+16
4.05111e+16
4.06724e+16
4.08291e+16
4.09805e+16
4.11276e+16
4.1272e+16
4.14142e+16
4.15598e+16
4.102e+16
4.1437e+16
4.08176e+16
4.02512e+16
3.9793e+16
3.94321e+16
3.91558e+16
3.89529e+16
3.88138e+16
3.87298e+16
3.86936e+16
3.86983e+16
3.87379e+16
3.88069e+16
3.89006e+16
3.90143e+16
3.9144e+16
3.9286e+16
3.94371e+16
3.95943e+16
3.97551e+16
3.99172e+16
4.00786e+16
4.02378e+16
4.0394e+16
4.05469e+16
4.06971e+16
4.08459e+16
4.09936e+16
4.11438e+16
4.17344e+16
4.22451e+16
4.15009e+16
4.0809e+16
4.0236e+16
3.97708e+16
3.93998e+16
3.91111e+16
3.88947e+16
3.87414e+16
3.86434e+16
3.85936e+16
3.85853e+16
3.86125e+16
3.86698e+16
3.8752e+16
3.88546e+16
3.89732e+16
3.91042e+16
3.92443e+16
3.93903e+16
3.95399e+16
3.96907e+16
3.98412e+16
3.99903e+16
4.01377e+16
4.02838e+16
4.04296e+16
4.0575e+16
4.072e+16
4.25028e+16
4.31455e+16
4.22925e+16
4.14865e+16
4.08065e+16
4.02407e+16
3.97753e+16
3.93983e+16
3.91001e+16
3.88718e+16
3.87055e+16
3.85942e+16
3.85312e+16
3.85099e+16
3.85246e+16
3.85696e+16
3.86397e+16
3.87302e+16
3.88368e+16
3.89555e+16
3.90831e+16
3.92166e+16
3.93534e+16
3.94918e+16
3.96304e+16
3.97688e+16
3.99072e+16
4.00462e+16
4.01851e+16
4.03206e+16
4.32687e+16
4.4107e+16
4.31687e+16
4.2265e+16
4.14894e+16
4.08298e+16
4.02723e+16
3.98061e+16
3.94222e+16
3.9113e+16
3.88715e+16
3.8691e+16
3.85653e+16
3.84878e+16
3.84525e+16
3.84535e+16
3.84851e+16
3.85419e+16
3.86191e+16
3.87123e+16
3.88176e+16
3.89314e+16
3.90512e+16
3.91746e+16
3.93001e+16
3.94269e+16
3.95551e+16
3.96847e+16
3.98145e+16
3.99394e+16
4.40198e+16
4.51421e+16
4.41442e+16
4.31624e+16
4.23052e+16
4.156e+16
4.09137e+16
4.03568e+16
3.98825e+16
3.94847e+16
3.91583e+16
3.88978e+16
3.8698e+16
3.8553e+16
3.84569e+16
3.84038e+16
3.83876e+16
3.84024e+16
3.84429e+16
3.8504e+16
3.85812e+16
3.86704e+16
3.87685e+16
3.8873e+16
3.89816e+16
3.90935e+16
3.92083e+16
3.93258e+16
3.94439e+16
3.95573e+16
4.47439e+16
4.62892e+16
4.52708e+16
4.42349e+16
4.33135e+16
4.24935e+16
4.17627e+16
4.11135e+16
4.05418e+16
4.00445e+16
3.96191e+16
3.92626e+16
3.89716e+16
3.87416e+16
3.85678e+16
3.84442e+16
3.83653e+16
3.83246e+16
3.83163e+16
3.83346e+16
3.83743e+16
3.84309e+16
3.85003e+16
3.85793e+16
3.86656e+16
3.87577e+16
3.88549e+16
3.89568e+16
3.90605e+16
3.91613e+16
4.54081e+16
4.75663e+16
4.65735e+16
4.55169e+16
4.45594e+16
4.36858e+16
4.28833e+16
4.21464e+16
4.14743e+16
4.0868e+16
4.03289e+16
3.98578e+16
3.94543e+16
3.91168e+16
3.8842e+16
3.86255e+16
3.8462e+16
3.83456e+16
3.827e+16
3.82289e+16
3.82167e+16
3.82276e+16
3.82571e+16
3.83009e+16
3.83564e+16
3.84214e+16
3.84946e+16
3.85756e+16
3.86609e+16
3.87467e+16
4.59415e+16
4.89926e+16
4.80758e+16
4.70419e+16
4.60927e+16
4.52036e+16
4.43579e+16
4.35511e+16
4.27856e+16
4.20672e+16
4.14028e+16
4.07983e+16
4.02582e+16
3.9785e+16
3.93787e+16
3.90378e+16
3.87584e+16
3.85356e+16
3.8364e+16
3.82371e+16
3.81488e+16
3.80925e+16
3.80627e+16
3.80548e+16
3.80646e+16
3.80895e+16
3.81278e+16
3.81787e+16
3.82379e+16
3.83031e+16
4.62683e+16
5.06212e+16
4.98145e+16
4.88549e+16
4.79807e+16
4.714e+16
4.6305e+16
4.5469e+16
4.46368e+16
4.38189e+16
4.30285e+16
4.22779e+16
4.15785e+16
4.09383e+16
4.0363e+16
3.98552e+16
3.9415e+16
3.90399e+16
3.87265e+16
3.84695e+16
3.8263e+16
3.81007e+16
3.79764e+16
3.78844e+16
3.78201e+16
3.77796e+16
3.77605e+16
3.7762e+16
3.77787e+16
3.78094e+16
4.64374e+16
5.25994e+16
5.18606e+16
5.10414e+16
5.03374e+16
4.96451e+16
4.89151e+16
4.81313e+16
4.72968e+16
4.64254e+16
4.55358e+16
4.4648e+16
4.37806e+16
4.29495e+16
4.21674e+16
4.14433e+16
4.07834e+16
4.01901e+16
3.96638e+16
3.92025e+16
3.88027e+16
3.84602e+16
3.81694e+16
3.79251e+16
3.77224e+16
3.75572e+16
3.74268e+16
3.73299e+16
3.72612e+16
3.72167e+16
4.72381e+16
5.52225e+16
5.45453e+16
5.39397e+16
5.35192e+16
5.31235e+16
5.26553e+16
5.20742e+16
5.13719e+16
5.05589e+16
4.96564e+16
4.86905e+16
4.76878e+16
4.6673e+16
4.56673e+16
4.46881e+16
4.37486e+16
4.28582e+16
4.20226e+16
4.12452e+16
4.05268e+16
3.98669e+16
3.92628e+16
3.87125e+16
3.82132e+16
3.77629e+16
3.73611e+16
3.70084e+16
3.6706e+16
3.64347e+16
5.0637e+16
6.05771e+16
6.09557e+16
6.03503e+16
6.03914e+16
6.06038e+16
6.0769e+16
6.07658e+16
6.0537e+16
6.00658e+16
5.93629e+16
5.84557e+16
5.73798e+16
5.61733e+16
5.48736e+16
5.35142e+16
5.21235e+16
5.07251e+16
4.93365e+16
4.7971e+16
4.66365e+16
4.53371e+16
4.40733e+16
4.28426e+16
4.16403e+16
4.0461e+16
3.93006e+16
3.81542e+16
3.70326e+16
3.58849e+16
2.65484e+16
2.33748e+16
2.47275e+16
2.52845e+16
2.56337e+16
2.5948e+16
2.62786e+16
2.66463e+16
2.70592e+16
2.75197e+16
2.80235e+16
2.85588e+16
2.90974e+16
2.96193e+16
3.01027e+16
3.05263e+16
3.0873e+16
3.11327e+16
3.13022e+16
3.13846e+16
3.13879e+16
3.13232e+16
3.12028e+16
3.10395e+16
3.08453e+16
3.06315e+16
3.04086e+16
3.0188e+16
2.99826e+16
2.98199e+16
3.28263e+16
2.88943e+16
2.91332e+16
2.93386e+16
2.94843e+16
2.96161e+16
2.9753e+16
2.99009e+16
3.00594e+16
3.02238e+16
3.03875e+16
3.05381e+16
3.06749e+16
3.07926e+16
3.08859e+16
3.0952e+16
3.09899e+16
3.10006e+16
3.0987e+16
3.09532e+16
3.09043e+16
3.08454e+16
3.07818e+16
3.07178e+16
3.06573e+16
3.06032e+16
3.05578e+16
3.05224e+16
3.04995e+16
3.04858e+16
3.36166e+16
3.09029e+16
3.08397e+16
3.08853e+16
3.09317e+16
3.09731e+16
3.10162e+16
3.10628e+16
3.11126e+16
3.11626e+16
3.12062e+16
3.12435e+16
3.12736e+16
3.12956e+16
3.13096e+16
3.13163e+16
3.13174e+16
3.13149e+16
3.13111e+16
3.13087e+16
3.13097e+16
3.13164e+16
3.13302e+16
3.13522e+16
3.1383e+16
3.1423e+16
3.14722e+16
3.15302e+16
3.15967e+16
3.16683e+16
3.39274e+16
3.20531e+16
3.18741e+16
3.18388e+16
3.18332e+16
3.18326e+16
3.18344e+16
3.18389e+16
3.18458e+16
3.18516e+16
3.18583e+16
3.18665e+16
3.18767e+16
3.18902e+16
3.19077e+16
3.19308e+16
3.19604e+16
3.19978e+16
3.20441e+16
3.20998e+16
3.21656e+16
3.22413e+16
3.23269e+16
3.24221e+16
3.25258e+16
3.26372e+16
3.27551e+16
3.28782e+16
3.30037e+16
3.31285e+16
3.4247e+16
3.29078e+16
3.26667e+16
3.25867e+16
3.25527e+16
3.25329e+16
3.25199e+16
3.25123e+16
3.25075e+16
3.25081e+16
3.25154e+16
3.25312e+16
3.25568e+16
3.25935e+16
3.2642e+16
3.27033e+16
3.27779e+16
3.28661e+16
3.29677e+16
3.30827e+16
3.32105e+16
3.33501e+16
3.35004e+16
3.36602e+16
3.38279e+16
3.40017e+16
3.41795e+16
3.43589e+16
3.45365e+16
3.47064e+16
3.4623e+16
3.36178e+16
3.33551e+16
3.32509e+16
3.32027e+16
3.31773e+16
3.31644e+16
3.31591e+16
3.31626e+16
3.31759e+16
3.32012e+16
3.32401e+16
3.32939e+16
3.33637e+16
3.34501e+16
3.35532e+16
3.36732e+16
3.38096e+16
3.39619e+16
3.41287e+16
3.43091e+16
3.45013e+16
3.47036e+16
3.49141e+16
3.51309e+16
3.53519e+16
3.55749e+16
3.57974e+16
3.60168e+16
3.62287e+16
3.50712e+16
3.42748e+16
3.40092e+16
3.38942e+16
3.38414e+16
3.38186e+16
3.38131e+16
3.38193e+16
3.38379e+16
3.38708e+16
3.39195e+16
3.39855e+16
3.40696e+16
3.41728e+16
3.42953e+16
3.44368e+16
3.45972e+16
3.47753e+16
3.49701e+16
3.51798e+16
3.54027e+16
3.56368e+16
3.58802e+16
3.61311e+16
3.63872e+16
3.66469e+16
3.69084e+16
3.71701e+16
3.74304e+16
3.7688e+16
3.55787e+16
3.4919e+16
3.46581e+16
3.45411e+16
3.44907e+16
3.44756e+16
3.44782e+16
3.4499e+16
3.45348e+16
3.45878e+16
3.46596e+16
3.47512e+16
3.4863e+16
3.49959e+16
3.51499e+16
3.53244e+16
3.55185e+16
3.57309e+16
3.596e+16
3.62041e+16
3.64611e+16
3.67288e+16
3.70053e+16
3.72888e+16
3.75775e+16
3.78697e+16
3.81643e+16
3.84601e+16
3.87563e+16
3.90539e+16
3.61322e+16
3.55667e+16
3.53141e+16
3.52002e+16
3.51557e+16
3.51487e+16
3.51634e+16
3.51975e+16
3.52496e+16
3.53211e+16
3.54132e+16
3.55269e+16
3.56625e+16
3.58206e+16
3.60008e+16
3.62025e+16
3.64242e+16
3.66645e+16
3.69215e+16
3.71932e+16
3.74776e+16
3.77727e+16
3.80762e+16
3.83864e+16
3.87016e+16
3.90202e+16
3.93408e+16
3.96626e+16
3.9985e+16
4.0309e+16
3.67249e+16
3.62285e+16
3.59878e+16
3.58811e+16
3.58456e+16
3.58473e+16
3.5875e+16
3.59223e+16
3.59899e+16
3.60784e+16
3.61887e+16
3.63218e+16
3.64782e+16
3.66579e+16
3.68605e+16
3.70847e+16
3.73295e+16
3.75931e+16
3.78732e+16
3.81677e+16
3.84745e+16
3.87914e+16
3.91162e+16
3.9447e+16
3.97818e+16
4.0119e+16
4.04568e+16
4.07943e+16
4.11306e+16
4.1466e+16
3.73703e+16
3.69337e+16
3.67115e+16
3.66184e+16
3.65966e+16
3.66088e+16
3.6651e+16
3.67138e+16
3.67982e+16
3.69045e+16
3.70334e+16
3.71856e+16
3.73617e+16
3.75616e+16
3.77846e+16
3.80295e+16
3.82948e+16
3.85785e+16
3.88783e+16
3.91918e+16
3.95168e+16
3.98508e+16
4.01914e+16
4.05363e+16
4.08834e+16
4.12304e+16
4.15752e+16
4.19159e+16
4.22506e+16
4.25777e+16
3.81e+16
3.77232e+16
3.75263e+16
3.74514e+16
3.74446e+16
3.74725e+16
3.75291e+16
3.76081e+16
3.77091e+16
3.78327e+16
3.79793e+16
3.81497e+16
3.83439e+16
3.85619e+16
3.8803e+16
3.90658e+16
3.93483e+16
3.96483e+16
3.99634e+16
4.02912e+16
4.06288e+16
4.09738e+16
4.13235e+16
4.16752e+16
4.20262e+16
4.23741e+16
4.27165e+16
4.30511e+16
4.33758e+16
4.36882e+16
3.89376e+16
3.86289e+16
3.84632e+16
3.84085e+16
3.84147e+16
3.84569e+16
3.85259e+16
3.86194e+16
3.87356e+16
3.88747e+16
3.90374e+16
3.9224e+16
3.94347e+16
3.96689e+16
3.99258e+16
4.02039e+16
4.05009e+16
4.08147e+16
4.11426e+16
4.14819e+16
4.18298e+16
4.21831e+16
4.2539e+16
4.28946e+16
4.32472e+16
4.35936e+16
4.39312e+16
4.42571e+16
4.45683e+16
4.48606e+16
3.98612e+16
3.96122e+16
3.94668e+16
3.94215e+16
3.94246e+16
3.94715e+16
3.95464e+16
3.96473e+16
3.97724e+16
3.99214e+16
4.00948e+16
4.02927e+16
4.05152e+16
4.07615e+16
4.10304e+16
4.13204e+16
4.1629e+16
4.1954e+16
4.22922e+16
4.2641e+16
4.29974e+16
4.33582e+16
4.37202e+16
4.40807e+16
4.44368e+16
4.47861e+16
4.51263e+16
4.54555e+16
4.57724e+16
4.60763e+16
4.07838e+16
4.05777e+16
4.044e+16
4.03925e+16
4.03946e+16
4.04411e+16
4.05187e+16
4.06238e+16
4.07546e+16
4.09107e+16
4.10918e+16
4.12985e+16
4.15301e+16
4.1786e+16
4.20647e+16
4.23644e+16
4.26827e+16
4.30171e+16
4.33648e+16
4.37227e+16
4.40878e+16
4.44574e+16
4.48285e+16
4.51988e+16
4.55661e+16
4.59286e+16
4.62856e+16
4.66363e+16
4.69815e+16
4.73232e+16
4.16801e+16
4.15053e+16
4.13719e+16
4.132e+16
4.13212e+16
4.13666e+16
4.14456e+16
4.15538e+16
4.16891e+16
4.18509e+16
4.20388e+16
4.2253e+16
4.24927e+16
4.27571e+16
4.30446e+16
4.33534e+16
4.36813e+16
4.40255e+16
4.43836e+16
4.47528e+16
4.51303e+16
4.55138e+16
4.59011e+16
4.62901e+16
4.668e+16
4.70695e+16
4.74585e+16
4.78473e+16
4.82362e+16
4.86266e+16
4.25618e+16
4.24123e+16
4.22816e+16
4.22246e+16
4.22236e+16
4.22664e+16
4.23451e+16
4.2455e+16
4.25937e+16
4.27599e+16
4.29536e+16
4.31742e+16
4.34211e+16
4.36935e+16
4.39898e+16
4.43081e+16
4.46466e+16
4.50027e+16
4.53743e+16
4.5759e+16
4.61546e+16
4.65594e+16
4.69717e+16
4.73904e+16
4.78145e+16
4.82441e+16
4.86788e+16
4.91188e+16
4.9564e+16
5.00145e+16
4.34378e+16
4.33127e+16
4.31854e+16
4.31236e+16
4.31191e+16
4.31581e+16
4.32349e+16
4.33447e+16
4.34849e+16
4.36545e+16
4.38527e+16
4.40789e+16
4.43326e+16
4.46129e+16
4.49186e+16
4.52479e+16
4.55991e+16
4.59705e+16
4.63599e+16
4.67656e+16
4.71862e+16
4.76204e+16
4.80671e+16
4.85257e+16
4.89956e+16
4.94769e+16
4.99695e+16
5.04735e+16
5.09884e+16
5.15138e+16
4.43113e+16
4.42137e+16
4.40948e+16
4.40293e+16
4.40216e+16
4.4057e+16
4.4131e+16
4.42393e+16
4.43794e+16
4.45505e+16
4.4752e+16
4.49832e+16
4.52437e+16
4.55324e+16
4.58485e+16
4.61906e+16
4.65574e+16
4.69476e+16
4.73597e+16
4.77923e+16
4.82446e+16
4.87158e+16
4.92054e+16
4.97133e+16
5.02392e+16
5.07832e+16
5.13452e+16
5.19254e+16
5.25235e+16
5.31396e+16
4.51794e+16
4.51141e+16
4.50084e+16
4.49489e+16
4.49418e+16
4.49761e+16
4.50478e+16
4.51542e+16
4.52936e+16
4.54653e+16
4.56692e+16
4.59048e+16
4.61719e+16
4.64697e+16
4.67977e+16
4.71548e+16
4.75401e+16
4.79527e+16
4.83918e+16
4.88567e+16
4.93469e+16
4.98622e+16
5.04025e+16
5.0968e+16
5.15589e+16
5.21754e+16
5.28178e+16
5.34862e+16
5.41807e+16
5.49017e+16
4.60378e+16
4.60113e+16
4.59274e+16
4.58831e+16
4.58841e+16
4.59229e+16
4.59965e+16
4.61033e+16
4.62429e+16
4.64156e+16
4.66217e+16
4.68618e+16
4.71355e+16
4.74431e+16
4.77843e+16
4.81584e+16
4.85648e+16
4.90033e+16
4.94734e+16
4.99751e+16
5.05087e+16
5.1074e+16
5.16717e+16
5.23022e+16
5.29663e+16
5.36644e+16
5.43971e+16
5.51648e+16
5.59678e+16
5.68067e+16
4.68784e+16
4.68966e+16
4.6844e+16
4.68247e+16
4.68437e+16
4.68958e+16
4.69787e+16
4.70918e+16
4.7236e+16
4.74124e+16
4.76225e+16
4.78679e+16
4.81492e+16
4.84675e+16
4.88229e+16
4.92154e+16
4.96452e+16
5.01124e+16
5.06171e+16
5.11599e+16
5.17413e+16
5.23619e+16
5.30229e+16
5.37251e+16
5.44697e+16
5.52578e+16
5.60903e+16
5.69683e+16
5.78924e+16
5.88624e+16
4.76905e+16
4.77572e+16
4.77448e+16
4.77602e+16
4.78075e+16
4.78831e+16
4.79852e+16
4.81138e+16
4.82701e+16
4.84564e+16
4.86752e+16
4.89292e+16
4.92204e+16
4.95507e+16
4.99214e+16
5.03336e+16
5.07882e+16
5.12861e+16
5.18282e+16
5.24154e+16
5.30489e+16
5.37301e+16
5.44605e+16
5.52421e+16
5.60767e+16
5.69666e+16
5.79138e+16
5.89207e+16
5.99885e+16
6.1114e+16
4.84132e+16
4.85262e+16
4.85583e+16
4.86133e+16
4.86956e+16
4.88026e+16
4.89327e+16
4.90858e+16
4.92633e+16
4.94675e+16
4.97015e+16
4.99686e+16
5.02722e+16
5.06151e+16
5.1e+16
5.14292e+16
5.19048e+16
5.24285e+16
5.30022e+16
5.36276e+16
5.43065e+16
5.50411e+16
5.58337e+16
5.66869e+16
5.76036e+16
5.85874e+16
5.96426e+16
6.07756e+16
6.19966e+16
6.33279e+16
4.89978e+16
4.91505e+16
4.92253e+16
4.93202e+16
4.94396e+16
4.95819e+16
4.97455e+16
4.99301e+16
5.01368e+16
5.03678e+16
5.0626e+16
5.0915e+16
5.12383e+16
5.15997e+16
5.20027e+16
5.24507e+16
5.29467e+16
5.34938e+16
5.40947e+16
5.47521e+16
5.54688e+16
)
;

boundaryField
{
    front
    {
        type            wedge;
    }
    back
    {
        type            wedge;
    }
    bottomwall
    {
        type            zeroGradient;
    }
    topwall
    {
        type            zeroGradient;
    }
    reflector
    {
        type            zeroGradient;
    }
    hx
    {
        type            zeroGradient;
    }
}


// ************************************************************************* //
