/*--------------------------------*- C++ -*----------------------------------*\
| =========                 |                                                 |
| \\      /  F ield         | OpenFOAM: The Open Source CFD Toolbox           |
|  \\    /   O peration     | Version:  2412                                  |
|   \\  /    A nd           | Website:  www.openfoam.com                      |
|    \\/     M anipulation  |                                                 |
\*---------------------------------------------------------------------------*/
FoamFile
{
    version     2.0;
    format      ascii;
    arch        "LSB;label=32;scalar=64";
    class       volScalarField;
    location    "100/neutroRegion";
    object      prec6;
}
// * * * * * * * * * * * * * * * * * * * * * * * * * * * * * * * * * * * * * //

dimensions      [0 -3 0 0 0 0 0];

internalField   nonuniform List<scalar> 
23322
(
0
0
0
0
0
0
0
0
0
0
0
0
0
0
0
0
0
0
0
0
0
0
0
0
0
0
0
0
0
0
0
0
0
0
0
0
0
0
0
0
0
0
0
0
0
0
0
0
0
0
0
0
0
0
0
0
0
0
0
0
0
0
0
0
0
0
0
0
0
0
0
0
0
0
0
0
0
0
0
0
0
0
0
0
0
0
0
0
0
0
0
0
0
0
0
0
0
0
0
0
0
0
0
0
0
0
0
0
0
0
0
0
0
0
0
0
0
0
0
0
0
0
0
0
0
0
0
0
0
0
0
0
0
0
0
0
0
0
0
0
0
0
0
0
0
0
0
0
0
0
0
0
0
0
0
0
0
0
0
0
0
0
0
0
0
0
0
0
0
0
0
0
0
0
0
0
0
0
0
0
0
0
0
0
0
0
0
0
0
0
0
0
0
0
0
0
0
0
0
0
0
0
0
0
0
0
0
0
0
0
0
0
0
0
0
0
0
0
0
0
0
0
0
0
0
0
0
0
0
0
0
0
0
0
0
0
0
0
0
0
0
0
0
0
0
0
0
0
0
0
0
0
0
0
0
0
0
0
0
0
0
0
0
0
0
0
0
0
0
0
0
0
0
0
0
0
0
0
0
0
0
0
0
0
0
0
0
0
0
0
0
0
0
0
0
0
0
0
0
0
0
0
0
0
0
0
0
0
0
0
0
0
0
0
0
0
0
0
0
0
0
0
0
0
0
0
0
0
0
0
0
0
0
0
0
0
0
0
0
0
0
0
0
0
0
0
0
0
0
0
0
0
0
0
0
0
0
0
0
0
0
0
0
0
0
0
0
0
0
0
0
0
0
0
0
0
0
0
0
0
0
0
0
0
0
0
0
0
0
0
0
0
0
0
0
0
0
0
0
0
0
0
0
0
0
0
0
0
0
0
0
0
0
0
0
0
0
0
0
0
0
0
0
0
0
0
0
0
0
0
0
0
0
0
0
0
0
0
0
0
0
0
0
0
0
0
0
0
0
0
0
0
0
0
0
0
0
0
0
0
0
0
0
0
0
0
0
0
0
0
0
0
0
0
0
0
0
0
0
0
0
0
0
0
0
0
0
0
0
0
0
0
0
0
0
0
0
0
0
0
0
0
0
0
0
0
0
0
0
0
0
0
0
0
0
0
0
0
0
0
0
0
0
0
0
0
0
0
0
0
0
0
0
0
0
0
0
0
0
0
0
0
0
0
0
0
0
0
0
0
0
0
0
0
0
0
0
0
0
0
0
0
0
0
0
0
0
0
0
0
0
0
0
0
0
0
0
0
0
0
0
0
0
0
0
0
0
0
0
0
0
0
0
0
0
0
0
0
0
0
0
0
0
0
0
0
0
0
0
0
0
0
0
0
0
0
0
0
0
0
0
0
0
0
0
0
0
0
0
0
0
0
0
0
0
0
0
0
0
0
0
0
0
0
0
0
0
0
0
0
0
0
0
0
0
0
0
0
0
0
0
0
0
0
0
0
0
0
0
0
0
0
0
0
0
0
0
0
0
0
0
0
0
0
0
0
0
0
0
0
0
0
0
0
0
0
0
0
0
0
0
0
0
0
0
0
0
0
0
0
0
0
0
0
0
0
0
0
0
0
0
0
0
0
0
0
0
0
0
0
0
0
0
0
0
0
0
0
0
0
0
0
0
0
0
0
0
0
0
0
0
0
0
0
0
0
0
0
0
0
0
0
0
0
0
0
0
0
0
0
0
0
0
0
0
0
0
0
0
0
0
0
0
0
0
0
0
0
0
0
0
0
0
0
0
0
0
0
0
0
0
0
0
0
0
0
0
0
0
0
0
0
0
0
0
0
0
0
0
0
0
0
0
0
0
0
0
0
0
0
0
0
0
0
0
0
0
0
0
0
0
0
0
0
0
0
0
0
0
0
0
0
0
0
0
0
0
0
0
0
0
0
0
0
0
0
0
0
0
0
0
0
0
0
0
0
0
0
0
0
0
0
0
0
0
0
0
0
0
0
0
0
0
0
0
0
0
0
0
0
0
0
0
0
0
0
0
0
0
0
0
0
0
0
0
0
0
0
0
0
0
0
0
0
0
0
0
0
0
0
0
0
0
0
0
0
0
0
0
0
0
0
0
0
0
0
0
0
0
0
0
0
0
0
0
0
0
0
0
0
0
0
0
0
0
0
0
0
0
0
0
0
0
0
0
0
0
0
0
0
0
0
0
0
0
0
0
0
0
0
0
0
0
0
0
0
0
0
0
0
0
0
0
0
0
0
0
0
0
0
0
0
0
0
0
0
0
0
0
0
0
0
0
0
0
0
0
0
0
0
0
0
0
0
0
0
0
0
0
0
0
0
0
0
0
0
0
0
0
0
0
0
0
0
0
0
0
0
0
0
0
0
0
0
0
0
0
0
0
0
0
0
0
0
0
0
0
0
0
0
0
0
0
0
0
0
0
0
0
0
0
0
0
0
0
0
0
0
0
0
0
0
0
0
0
0
0
0
0
0
0
0
0
0
0
0
0
0
0
0
0
0
0
0
0
0
0
0
0
0
0
0
0
0
0
0
0
0
0
0
0
0
0
0
0
0
0
0
0
0
0
0
0
0
0
0
0
0
0
0
0
0
0
0
0
0
0
0
0
0
0
0
0
0
0
0
0
0
0
0
0
0
0
0
0
0
0
0
0
0
0
0
0
0
0
0
0
0
0
0
0
0
0
0
0
0
0
0
0
0
0
0
0
0
0
0
0
0
0
0
0
0
0
0
0
0
0
0
0
0
0
0
0
0
0
0
0
0
0
0
0
0
0
0
0
0
0
0
0
0
0
0
0
0
0
0
0
0
0
0
0
0
0
0
0
0
0
0
0
0
0
0
0
0
0
0
0
0
0
0
0
0
0
0
0
0
0
0
0
0
0
0
0
0
0
0
0
0
0
0
0
0
0
0
0
0
0
0
0
0
0
0
0
0
0
0
0
0
0
0
0
0
0
0
0
0
0
0
0
0
0
0
0
0
0
0
0
0
0
0
0
0
0
0
0
0
0
0
0
0
0
0
0
0
0
0
0
0
0
0
0
0
0
0
0
0
0
0
0
0
0
0
0
0
0
0
0
0
0
0
0
0
0
0
0
0
0
0
0
0
0
0
0
0
0
0
0
0
0
0
0
0
0
0
0
0
0
0
0
0
0
0
0
0
0
0
0
0
0
0
0
0
0
0
0
0
0
0
0
0
0
0
0
0
0
0
0
0
0
0
0
0
0
0
0
0
0
0
0
0
0
0
0
0
0
0
0
0
0
0
0
0
0
0
0
0
0
0
0
0
0
0
0
0
0
0
0
0
0
0
0
0
0
0
0
0
0
0
0
0
0
0
0
0
0
0
0
0
0
0
0
0
0
0
0
0
0
0
0
0
0
0
0
0
0
0
0
0
0
0
0
0
0
0
0
0
0
0
0
0
0
0
0
0
0
0
0
0
0
0
0
0
0
0
0
0
0
0
0
0
0
0
0
0
0
0
0
0
0
0
0
0
0
0
0
0
0
0
0
0
0
0
0
0
0
0
0
0
0
0
0
0
0
0
0
0
0
0
0
0
0
0
0
0
0
0
0
0
0
0
0
0
0
0
0
0
0
0
0
0
0
0
0
0
0
0
0
0
0
0
0
0
0
0
0
0
0
0
0
0
0
0
0
0
0
0
0
0
0
0
0
0
0
0
0
0
0
0
0
0
0
0
0
0
0
0
0
0
0
0
0
0
0
0
0
0
0
0
0
0
0
0
0
0
0
0
0
0
0
0
0
0
0
0
0
0
0
0
0
0
0
0
0
0
0
0
0
0
0
0
0
0
0
0
0
0
0
0
0
0
0
0
0
0
0
0
0
0
0
0
0
0
0
0
0
0
0
0
0
0
0
0
0
0
0
0
0
0
0
0
0
0
0
0
0
0
0
0
0
0
0
0
0
0
0
0
0
0
0
0
0
0
0
0
0
0
0
0
0
0
0
0
0
0
0
0
0
0
0
0
0
0
0
0
0
0
0
0
0
0
0
0
0
0
0
0
0
0
0
0
0
0
0
0
0
0
0
0
0
0
0
0
0
0
0
0
0
0
0
0
0
0
0
0
0
0
0
0
0
0
0
0
0
0
0
0
0
0
0
0
0
0
0
0
0
0
0
0
0
0
0
0
0
0
0
0
0
0
0
0
0
0
0
0
0
0
0
0
0
0
0
0
0
0
0
0
0
0
0
0
0
0
0
0
0
0
0
0
0
0
0
0
0
0
0
0
0
0
0
0
0
0
0
0
0
0
0
0
0
0
0
0
0
0
0
0
0
0
0
0
0
0
0
0
0
0
0
0
0
0
0
0
0
0
0
0
0
0
0
0
0
0
0
0
0
0
0
0
0
0
0
0
0
0
0
0
0
0
0
0
0
0
0
0
0
0
0
0
0
0
0
0
0
0
0
0
0
0
0
0
0
0
0
0
0
0
0
0
0
0
0
0
0
0
0
0
0
0
0
0
0
0
0
0
0
0
0
0
0
0
0
0
0
0
0
0
0
0
0
0
0
0
0
0
0
0
0
0
0
0
0
0
0
0
0
0
0
0
0
0
0
0
0
0
0
0
0
0
0
0
0
0
0
0
0
0
0
0
0
0
0
0
0
0
0
0
0
0
0
0
0
0
0
0
0
0
0
0
0
0
0
0
0
0
0
0
0
0
0
0
0
0
0
0
0
0
0
0
0
0
0
0
0
0
0
0
0
0
0
0
0
0
0
0
0
0
0
0
0
0
0
0
0
0
0
0
0
0
0
0
0
0
0
0
0
0
0
0
0
0
0
0
0
0
0
0
0
0
0
0
0
0
0
0
0
0
0
0
0
0
0
0
0
0
0
0
0
0
0
0
0
0
0
0
0
0
0
0
0
0
0
0
0
0
0
0
0
0
0
0
0
0
0
0
0
0
0
0
0
0
0
0
0
0
0
0
0
0
0
0
0
0
0
0
0
0
0
0
0
0
0
0
0
0
0
0
0
0
0
0
0
0
0
0
0
0
0
0
0
0
0
0
0
0
0
0
0
0
0
0
0
0
0
0
0
0
0
0
0
0
0
0
0
0
0
0
0
0
0
0
0
0
0
0
0
0
0
0
0
0
0
0
0
0
0
0
0
0
0
0
0
0
0
0
0
0
0
0
0
0
0
0
0
0
0
0
0
0
0
0
0
0
0
0
0
0
0
0
0
0
0
0
0
0
0
0
0
0
0
0
0
0
0
0
0
0
0
0
0
0
0
0
0
0
0
0
0
0
0
0
0
0
0
0
0
0
0
0
0
0
0
0
0
0
0
0
0
0
0
0
0
0
0
0
0
0
0
0
0
0
0
0
0
0
0
0
0
0
0
0
0
0
0
0
0
0
0
0
0
0
0
0
0
0
0
0
0
0
0
0
0
0
0
0
0
0
0
0
0
0
0
0
0
0
0
0
0
0
0
0
0
0
0
0
0
0
0
0
0
0
0
0
0
0
0
0
0
0
0
0
0
0
0
0
0
0
0
0
0
0
0
0
0
0
0
0
0
0
0
0
0
0
0
0
0
0
0
0
0
0
0
0
0
0
0
0
0
0
0
0
0
0
0
0
0
0
0
0
0
0
0
0
0
0
0
0
0
0
0
0
0
0
0
0
0
0
0
0
0
0
0
0
0
0
0
0
0
0
0
0
0
0
0
0
0
0
0
0
0
0
0
0
0
0
0
0
0
0
0
0
0
0
0
0
0
0
0
0
0
0
0
0
0
0
0
0
0
0
0
0
0
0
0
0
0
0
0
0
0
0
0
0
0
0
0
0
0
0
0
0
0
0
0
0
0
0
0
0
0
0
0
0
0
0
0
0
0
0
0
0
0
0
0
0
0
0
0
0
0
0
0
0
0
0
0
0
0
0
0
0
0
0
0
0
0
0
0
0
0
0
0
0
0
0
0
0
0
0
0
0
0
0
0
0
0
0
0
0
0
0
0
0
0
0
0
0
0
0
0
0
0
0
0
0
0
0
0
0
0
0
0
0
0
0
0
0
0
0
0
0
0
0
0
0
0
0
0
0
0
0
0
0
0
0
0
0
0
0
0
0
0
0
0
0
0
0
0
0
0
0
0
0
0
0
0
0
0
0
0
0
0
0
0
0
0
0
0
0
0
0
0
0
0
0
0
0
0
0
0
0
0
0
0
0
0
0
0
0
0
0
0
0
0
0
0
0
0
0
0
0
0
0
0
0
0
0
0
0
0
0
0
0
0
0
0
0
0
0
0
0
0
0
0
0
0
0
0
0
0
0
0
0
0
0
0
0
0
0
0
0
0
0
0
0
0
0
0
0
0
0
0
0
0
0
0
0
0
0
0
0
0
0
0
0
0
0
0
0
0
0
0
0
0
0
0
0
0
0
0
0
0
0
0
0
0
0
0
0
0
0
0
0
0
0
0
0
0
0
0
0
0
0
0
0
0
0
0
0
0
0
0
0
0
0
0
0
0
0
0
0
0
0
0
0
0
0
0
0
0
0
0
0
0
0
0
0
0
0
0
0
0
0
0
0
0
0
0
0
0
0
0
0
0
0
0
0
0
0
0
0
0
0
0
0
0
0
0
0
0
0
0
0
0
0
0
0
0
0
0
0
0
0
0
0
0
0
0
0
0
0
0
0
0
0
0
0
0
0
0
0
0
0
0
0
0
0
0
0
0
0
0
0
0
0
0
0
0
0
0
0
0
0
0
0
0
0
0
0
0
0
0
0
0
0
0
0
0
0
0
0
0
0
0
0
0
0
0
0
0
0
0
0
0
0
0
0
0
0
0
0
0
0
0
0
0
0
0
0
0
0
0
0
0
0
0
0
0
0
0
0
0
0
0
0
0
0
0
0
0
0
0
0
0
0
0
0
0
0
0
0
0
0
0
0
0
0
0
0
0
0
0
0
0
0
0
0
0
0
0
0
0
0
0
0
0
0
0
0
0
0
0
0
0
0
0
0
0
0
0
0
0
0
0
0
0
0
0
0
0
0
0
0
0
0
0
0
0
0
0
0
0
0
0
0
0
0
0
0
0
0
0
0
0
0
0
0
0
0
0
0
0
0
0
0
0
0
0
0
0
0
0
0
0
0
0
0
0
0
0
0
0
0
0
0
0
0
0
0
0
0
0
0
0
0
0
0
0
0
0
0
0
0
0
0
0
0
0
0
0
0
0
0
0
0
0
0
0
0
0
0
0
0
0
0
0
0
0
0
0
0
0
0
0
0
0
0
0
0
0
0
0
0
0
0
0
0
0
0
0
0
0
0
0
0
0
0
0
0
0
0
0
0
0
0
0
0
0
0
0
0
0
0
0
0
0
0
0
0
0
0
0
0
0
0
0
0
0
0
0
0
0
0
0
0
0
0
0
0
0
0
0
0
0
0
0
0
0
0
0
0
0
0
0
0
0
0
0
0
0
0
0
0
0
0
0
0
0
0
0
0
0
0
0
0
0
0
0
0
0
0
0
0
0
0
0
0
0
0
0
0
0
0
0
0
0
0
0
0
0
0
0
0
0
0
0
0
0
0
0
0
0
0
0
0
0
0
0
0
0
0
0
0
0
0
0
0
0
0
0
0
0
0
0
0
0
0
0
0
0
0
0
0
0
0
0
0
0
0
0
0
0
0
0
0
0
0
0
0
0
0
0
0
0
0
0
0
0
0
0
0
0
0
0
0
0
0
0
0
0
0
0
0
0
0
0
0
0
0
0
0
0
0
0
0
0
0
0
0
0
0
0
0
0
0
0
0
0
0
0
0
0
0
0
0
0
0
0
0
0
0
0
0
0
0
0
0
0
0
0
0
0
0
0
0
0
0
0
0
0
0
0
0
0
0
0
0
0
0
0
0
0
0
0
0
0
0
0
0
0
0
0
0
0
0
0
0
0
0
0
0
0
0
0
0
0
0
0
0
0
0
0
0
0
0
0
0
0
0
0
0
0
0
0
0
0
0
0
0
0
0
0
0
0
0
0
0
0
0
0
0
0
0
0
0
0
0
0
0
0
0
0
0
0
0
0
0
0
0
0
0
0
0
0
0
0
0
0
0
0
0
0
0
0
0
0
0
0
0
0
0
0
0
0
0
0
0
0
0
0
0
0
0
0
0
0
0
0
0
0
0
0
0
0
0
0
0
0
0
0
0
0
0
0
0
0
0
0
0
0
0
0
0
0
0
0
0
0
0
0
0
0
0
0
0
0
0
0
0
0
0
0
0
0
0
0
0
0
0
0
0
0
0
0
0
0
0
0
0
0
0
0
0
0
0
0
0
0
0
0
0
0
0
0
0
0
0
0
0
0
0
0
0
0
0
0
0
0
0
0
0
0
0
0
0
0
0
0
0
0
0
0
0
0
0
0
0
0
0
0
0
0
0
0
0
0
0
0
0
0
0
0
0
0
0
0
0
0
0
0
0
0
0
0
0
0
0
0
0
0
0
0
0
0
0
0
0
0
0
0
0
0
0
0
0
0
0
0
0
0
0
0
0
0
0
0
0
0
0
0
0
0
0
0
0
0
0
0
0
0
0
0
0
0
0
0
0
0
0
0
0
0
0
0
0
0
0
0
0
0
0
0
0
0
0
0
0
0
0
0
0
0
0
0
0
0
0
0
0
0
0
0
0
0
0
0
0
0
0
0
0
0
0
0
0
0
0
0
0
0
0
0
0
0
0
0
0
0
0
0
0
0
0
0
0
0
0
0
0
0
0
0
0
0
0
0
0
0
0
0
0
0
0
0
0
0
0
0
0
0
0
0
0
0
0
0
0
0
0
0
0
0
0
0
0
0
0
0
0
0
0
0
0
0
0
0
0
0
0
0
0
0
0
0
0
0
0
0
0
0
0
0
0
0
0
0
0
0
0
0
0
0
0
0
0
0
0
0
0
0
0
0
0
0
0
0
0
0
0
0
0
0
0
0
0
0
0
0
0
0
0
0
0
0
0
0
0
0
0
0
0
0
0
0
0
0
0
0
0
0
0
0
0
0
0
0
0
0
0
0
0
0
0
0
0
0
0
0
0
0
0
0
0
0
0
0
0
0
0
0
0
0
0
0
0
0
0
0
0
0
0
0
0
0
0
0
0
0
0
0
0
0
0
0
0
0
0
0
0
0
0
0
0
0
0
0
0
0
0
0
0
0
0
0
0
0
0
0
0
0
0
0
0
0
0
0
0
0
0
0
0
0
0
0
0
0
0
0
0
0
0
0
0
0
0
0
0
0
0
0
0
0
0
0
0
0
0
6.660808e+14
8.470486e+14
9.814654e+14
1.064955e+15
1.094766e+15
1.07017e+15
9.92576e+14
8.654798e+14
6.94194e+14
4.867447e+14
6.660807e+14
8.470485e+14
9.814653e+14
1.064955e+15
1.094766e+15
1.070169e+15
9.925757e+14
8.654795e+14
6.941937e+14
4.867445e+14
6.498132e+14
8.204095e+14
9.491956e+14
1.030125e+15
1.059778e+15
1.037239e+15
9.639801e+14
8.439335e+14
6.836624e+14
4.923758e+14
6.62255e+14
8.398989e+14
9.726288e+14
1.055532e+15
1.085565e+15
1.061907e+15
9.860109e+14
8.615839e+14
6.94355e+14
4.919745e+14
6.622549e+14
8.398988e+14
9.726286e+14
1.055532e+15
1.085565e+15
1.061907e+15
9.860106e+14
8.615835e+14
6.943547e+14
4.919744e+14
6.646732e+14
8.454882e+14
9.796677e+14
1.062966e+15
1.092689e+15
1.0681e+15
9.905649e+14
8.634812e+14
6.919889e+14
4.839236e+14
6.660809e+14
8.470487e+14
9.814655e+14
1.064955e+15
1.094766e+15
1.07017e+15
9.92576e+14
8.654798e+14
6.94194e+14
4.867446e+14
6.498133e+14
8.204096e+14
9.491958e+14
1.030125e+15
1.059779e+15
1.03724e+15
9.639804e+14
8.439338e+14
6.836627e+14
4.92376e+14
6.62255e+14
8.39899e+14
9.726288e+14
1.055532e+15
1.085565e+15
1.061907e+15
9.86011e+14
8.615839e+14
6.94355e+14
4.919745e+14
6.646734e+14
8.454884e+14
9.796679e+14
1.062967e+15
1.092689e+15
1.0681e+15
9.905648e+14
8.634811e+14
6.919888e+14
4.839236e+14
6.62255e+14
8.39899e+14
9.726288e+14
1.055532e+15
1.085565e+15
1.061907e+15
9.860107e+14
8.615836e+14
6.943548e+14
4.919744e+14
6.660809e+14
8.470487e+14
9.814655e+14
1.064955e+15
1.094766e+15
1.07017e+15
9.925758e+14
8.654796e+14
6.941938e+14
4.867445e+14
6.498132e+14
8.204096e+14
9.491958e+14
1.030125e+15
1.059779e+15
1.03724e+15
9.639806e+14
8.439341e+14
6.836629e+14
4.923762e+14
6.62255e+14
8.398989e+14
9.726287e+14
1.055532e+15
1.085565e+15
1.061907e+15
9.860105e+14
8.615834e+14
6.943546e+14
4.919743e+14
6.66081e+14
8.470487e+14
9.814654e+14
1.064955e+15
1.094766e+15
1.070169e+15
9.925753e+14
8.654791e+14
6.941933e+14
4.867442e+14
6.62255e+14
8.39899e+14
9.726288e+14
1.055532e+15
1.085565e+15
1.061907e+15
9.860108e+14
8.615837e+14
6.943549e+14
4.919744e+14
6.646735e+14
8.454883e+14
9.796677e+14
1.062966e+15
1.092688e+15
1.068099e+15
9.90564e+14
8.634802e+14
6.91988e+14
4.83923e+14
6.660809e+14
8.470486e+14
9.814653e+14
1.064955e+15
1.094766e+15
1.070169e+15
9.925753e+14
8.65479e+14
6.941933e+14
4.867441e+14
6.660809e+14
8.470485e+14
9.814652e+14
1.064954e+15
1.094766e+15
1.070169e+15
9.925752e+14
8.65479e+14
6.941932e+14
4.867441e+14
6.498132e+14
8.204096e+14
9.491957e+14
1.030125e+15
1.059779e+15
1.03724e+15
9.639807e+14
8.439341e+14
6.83663e+14
4.923763e+14
6.622549e+14
8.398988e+14
9.726286e+14
1.055532e+15
1.085565e+15
1.061907e+15
9.860107e+14
8.615836e+14
6.943548e+14
4.919744e+14
6.660808e+14
8.470485e+14
9.814651e+14
1.064954e+15
1.094766e+15
1.070169e+15
9.925752e+14
8.65479e+14
6.941932e+14
4.867441e+14
6.646734e+14
8.454882e+14
9.796675e+14
1.062966e+15
1.092688e+15
1.068099e+15
9.905642e+14
8.634804e+14
6.919881e+14
4.83923e+14
6.622549e+14
8.398988e+14
9.726285e+14
1.055532e+15
1.085565e+15
1.061907e+15
9.860105e+14
8.615835e+14
6.943546e+14
4.919743e+14
6.660808e+14
8.470484e+14
9.81465e+14
1.064954e+15
1.094765e+15
1.070169e+15
9.92575e+14
8.654787e+14
6.94193e+14
4.86744e+14
6.622549e+14
8.398987e+14
9.726284e+14
1.055532e+15
1.085564e+15
1.061906e+15
9.8601e+14
8.61583e+14
6.943542e+14
4.919741e+14
6.660807e+14
8.470483e+14
9.814649e+14
1.064954e+15
1.094765e+15
1.070169e+15
9.92575e+14
8.654787e+14
6.941931e+14
4.86744e+14
6.646732e+14
8.45488e+14
9.796673e+14
1.062966e+15
1.092688e+15
1.068099e+15
9.905638e+14
8.6348e+14
6.919879e+14
4.839229e+14
6.498131e+14
8.204094e+14
9.491955e+14
1.030125e+15
1.059779e+15
1.037239e+15
9.639803e+14
8.439336e+14
6.836626e+14
4.923759e+14
6.622549e+14
8.398987e+14
9.726285e+14
1.055532e+15
1.085565e+15
1.061907e+15
9.860103e+14
8.615832e+14
6.943545e+14
4.919742e+14
6.498131e+14
8.204094e+14
9.491955e+14
1.030125e+15
1.059778e+15
1.037239e+15
9.639798e+14
8.439332e+14
6.836622e+14
4.923757e+14
6.622548e+14
8.398987e+14
9.726285e+14
1.055532e+15
1.085564e+15
1.061907e+15
9.860102e+14
8.615831e+14
6.943543e+14
4.919741e+14
6.646732e+14
8.45488e+14
9.796674e+14
1.062966e+15
1.092688e+15
1.068099e+15
9.905638e+14
8.634801e+14
6.919879e+14
4.83923e+14
6.622549e+14
8.398988e+14
9.726285e+14
1.055532e+15
1.085565e+15
1.061907e+15
9.860103e+14
8.615833e+14
6.943545e+14
4.919742e+14
6.660806e+14
8.470483e+14
9.81465e+14
1.064954e+15
1.094765e+15
1.070169e+15
9.92575e+14
8.654788e+14
6.941932e+14
4.867441e+14
6.660807e+14
8.470484e+14
9.814651e+14
1.064954e+15
1.094766e+15
1.070169e+15
9.925753e+14
8.654791e+14
6.941934e+14
4.867442e+14
6.44049e+14
8.169459e+14
9.453399e+14
1.025064e+15
1.053355e+15
1.029382e+15
9.543861e+14
8.315699e+14
6.656837e+14
4.634676e+14
5.964813e+14
7.451533e+14
8.581707e+14
9.293698e+14
9.550409e+14
9.339562e+14
8.672367e+14
7.583434e+14
6.130262e+14
4.375456e+14
6.188459e+14
7.800907e+14
9.007225e+14
9.760859e+14
1.003044e+15
9.805671e+14
9.098011e+14
7.939584e+14
6.377784e+14
4.460848e+14
6.536155e+14
8.303981e+14
9.61549e+14
1.042944e+15
1.071888e+15
1.047598e+15
9.713538e+14
8.463988e+14
6.775817e+14
4.721347e+14
6.44049e+14
8.169458e+14
9.453398e+14
1.025064e+15
1.053355e+15
1.029382e+15
9.543857e+14
8.315696e+14
6.656834e+14
4.634674e+14
6.188459e+14
7.800907e+14
9.007223e+14
9.760857e+14
1.003044e+15
9.805668e+14
9.098008e+14
7.93958e+14
6.377783e+14
4.460846e+14
5.964816e+14
7.451535e+14
8.581709e+14
9.293699e+14
9.550409e+14
9.339561e+14
8.672364e+14
7.58343e+14
6.130261e+14
4.375453e+14
6.440492e+14
8.169461e+14
9.453401e+14
1.025064e+15
1.053355e+15
1.029383e+15
9.543861e+14
8.3157e+14
6.656836e+14
4.634676e+14
6.440493e+14
8.169462e+14
9.453401e+14
1.025064e+15
1.053355e+15
1.029382e+15
9.543858e+14
8.315696e+14
6.656833e+14
4.634673e+14
6.188463e+14
7.80091e+14
9.007227e+14
9.76086e+14
1.003044e+15
9.805669e+14
9.098008e+14
7.93958e+14
6.377778e+14
4.460844e+14
6.188462e+14
7.800909e+14
9.007226e+14
9.76086e+14
1.003044e+15
9.805671e+14
9.098011e+14
7.939584e+14
6.377781e+14
4.460847e+14
6.536157e+14
8.303983e+14
9.615492e+14
1.042944e+15
1.071888e+15
1.047599e+15
9.713541e+14
8.46399e+14
6.775819e+14
4.721347e+14
6.536159e+14
8.303983e+14
9.615489e+14
1.042944e+15
1.071887e+15
1.047597e+15
9.713527e+14
8.463976e+14
6.775805e+14
4.721339e+14
6.440494e+14
8.169461e+14
9.453398e+14
1.025064e+15
1.053354e+15
1.029381e+15
9.543846e+14
8.315683e+14
6.656822e+14
4.634665e+14
6.440494e+14
8.169461e+14
9.453399e+14
1.025064e+15
1.053355e+15
1.029381e+15
9.543847e+14
8.315685e+14
6.656823e+14
4.634667e+14
6.188464e+14
7.800909e+14
9.007223e+14
9.760854e+14
1.003043e+15
9.805656e+14
9.097993e+14
7.939564e+14
6.377763e+14
4.460834e+14
6.188464e+14
7.80091e+14
9.007223e+14
9.760854e+14
1.003043e+15
9.805657e+14
9.097994e+14
7.939566e+14
6.377765e+14
4.460835e+14
5.964816e+14
7.451533e+14
8.581704e+14
9.293691e+14
9.550398e+14
9.339547e+14
8.672348e+14
7.583412e+14
6.130244e+14
4.375441e+14
6.188464e+14
7.800909e+14
9.007222e+14
9.760854e+14
1.003043e+15
9.805656e+14
9.097993e+14
7.939565e+14
6.377763e+14
4.460834e+14
6.188464e+14
7.800909e+14
9.007222e+14
9.760853e+14
1.003043e+15
9.805656e+14
9.097993e+14
7.939565e+14
6.377763e+14
4.460834e+14
6.440493e+14
8.16946e+14
9.453397e+14
1.025064e+15
1.053354e+15
1.029381e+15
9.543848e+14
8.315685e+14
6.656823e+14
4.634665e+14
6.440494e+14
8.16946e+14
9.453397e+14
1.025064e+15
1.053355e+15
1.029381e+15
9.543848e+14
8.315685e+14
6.656823e+14
4.634665e+14
5.964816e+14
7.451533e+14
8.581703e+14
9.293691e+14
9.550397e+14
9.339546e+14
8.672347e+14
7.583412e+14
6.130244e+14
4.375439e+14
6.536157e+14
8.303982e+14
9.615488e+14
1.042944e+15
1.071887e+15
1.047598e+15
9.713529e+14
8.463977e+14
6.775807e+14
4.721339e+14
6.440491e+14
8.169457e+14
9.453394e+14
1.025063e+15
1.053354e+15
1.029381e+15
9.543845e+14
8.315683e+14
6.656821e+14
4.634666e+14
6.536155e+14
8.303979e+14
9.615486e+14
1.042943e+15
1.071887e+15
1.047597e+15
9.713525e+14
8.463974e+14
6.775805e+14
4.721339e+14
6.440492e+14
8.169458e+14
9.453395e+14
1.025063e+15
1.053354e+15
1.029381e+15
9.543845e+14
8.315682e+14
6.656821e+14
4.634665e+14
6.188461e+14
7.800906e+14
9.00722e+14
9.760852e+14
1.003043e+15
9.805656e+14
9.097993e+14
7.939565e+14
6.377764e+14
4.460834e+14
6.18846e+14
7.800905e+14
9.007219e+14
9.760851e+14
1.003043e+15
9.805655e+14
9.097993e+14
7.939565e+14
6.377764e+14
4.460835e+14
5.964813e+14
7.45153e+14
8.581702e+14
9.293689e+14
9.550396e+14
9.339547e+14
8.672348e+14
7.583413e+14
6.130245e+14
4.375441e+14
6.536154e+14
8.303978e+14
9.615486e+14
1.042943e+15
1.071887e+15
1.047598e+15
9.713529e+14
8.463979e+14
6.775809e+14
4.721342e+14
6.440489e+14
8.169456e+14
9.453395e+14
1.025064e+15
1.053355e+15
1.029382e+15
9.543852e+14
8.31569e+14
6.656828e+14
4.63467e+14
5.964811e+14
7.451529e+14
8.581702e+14
9.293692e+14
9.550401e+14
9.339554e+14
8.672357e+14
7.583422e+14
6.130254e+14
4.375448e+14
6.440489e+14
8.169456e+14
9.453394e+14
1.025063e+15
1.053354e+15
1.029381e+15
9.543849e+14
8.315687e+14
6.656825e+14
4.634668e+14
6.188457e+14
7.800904e+14
9.00722e+14
9.760853e+14
1.003043e+15
9.805663e+14
9.098002e+14
7.939575e+14
6.377773e+14
4.460841e+14
6.188458e+14
7.800904e+14
9.007219e+14
9.760852e+14
1.003043e+15
9.80566e+14
9.097999e+14
7.939571e+14
6.37777e+14
4.460839e+14
6.515806e+14
8.284729e+14
9.59598e+14
1.040897e+15
1.069752e+15
1.045408e+15
9.691221e+14
8.440785e+14
6.750899e+14
4.696062e+14
6.629147e+14
8.436609e+14
9.776821e+14
1.060803e+15
1.090392e+15
1.065736e+15
9.88175e+14
8.610372e+14
6.893933e+14
4.811645e+14
6.629147e+14
8.436609e+14
9.77682e+14
1.060802e+15
1.090392e+15
1.065736e+15
9.881748e+14
8.61037e+14
6.893932e+14
4.811643e+14
6.515806e+14
8.28473e+14
9.595982e+14
1.040897e+15
1.069752e+15
1.045408e+15
9.691225e+14
8.44079e+14
6.750902e+14
4.696064e+14
6.397665e+14
8.131575e+14
9.416592e+14
1.021311e+15
1.049523e+15
1.025519e+15
9.50486e+14
8.274832e+14
6.611313e+14
4.586025e+14
6.397666e+14
8.131576e+14
9.416592e+14
1.021311e+15
1.049523e+15
1.025519e+15
9.504861e+14
8.274833e+14
6.611314e+14
4.586026e+14
6.515809e+14
8.284733e+14
9.595985e+14
1.040898e+15
1.069753e+15
1.045409e+15
9.691231e+14
8.440795e+14
6.750908e+14
4.696067e+14
6.397668e+14
8.131579e+14
9.416596e+14
1.021312e+15
1.049524e+15
1.025519e+15
9.504867e+14
8.27484e+14
6.611321e+14
4.58603e+14
6.629149e+14
8.436611e+14
9.776824e+14
1.060803e+15
1.090393e+15
1.065737e+15
9.881756e+14
8.610379e+14
6.893939e+14
4.811648e+14
6.397668e+14
8.131579e+14
9.416596e+14
1.021312e+15
1.049524e+15
1.025519e+15
9.504868e+14
8.27484e+14
6.611321e+14
4.58603e+14
6.629149e+14
8.436612e+14
9.776824e+14
1.060803e+15
1.090393e+15
1.065737e+15
9.881757e+14
8.610379e+14
6.89394e+14
4.811648e+14
6.515807e+14
8.284732e+14
9.595984e+14
1.040898e+15
1.069753e+15
1.045409e+15
9.691232e+14
8.440796e+14
6.750909e+14
4.696067e+14
6.629151e+14
8.436613e+14
9.776823e+14
1.060803e+15
1.090392e+15
1.065736e+15
9.881748e+14
8.61037e+14
6.893931e+14
4.811643e+14
6.629151e+14
8.436613e+14
9.776823e+14
1.060803e+15
1.090392e+15
1.065736e+15
9.881747e+14
8.610369e+14
6.89393e+14
4.811642e+14
6.51581e+14
8.284734e+14
9.595985e+14
1.040898e+15
1.069753e+15
1.045408e+15
9.691224e+14
8.440788e+14
6.750901e+14
4.696062e+14
6.515811e+14
8.284734e+14
9.595984e+14
1.040897e+15
1.069752e+15
1.045408e+15
9.691218e+14
8.440781e+14
6.750895e+14
4.696059e+14
6.397671e+14
8.131581e+14
9.416596e+14
1.021311e+15
1.049523e+15
1.025519e+15
9.504857e+14
8.274828e+14
6.61131e+14
4.586023e+14
6.397671e+14
8.131581e+14
9.416596e+14
1.021311e+15
1.049523e+15
1.025518e+15
9.504855e+14
8.274826e+14
6.611308e+14
4.586021e+14
6.515811e+14
8.284733e+14
9.595982e+14
1.040897e+15
1.069752e+15
1.045407e+15
9.691215e+14
8.440778e+14
6.750892e+14
4.696056e+14
6.397671e+14
8.13158e+14
9.416594e+14
1.021311e+15
1.049523e+15
1.025518e+15
9.504851e+14
8.274822e+14
6.611303e+14
4.586017e+14
6.62915e+14
8.436611e+14
9.776821e+14
1.060802e+15
1.090392e+15
1.065736e+15
9.881745e+14
8.610366e+14
6.893928e+14
4.81164e+14
6.397671e+14
8.13158e+14
9.416594e+14
1.021311e+15
1.049523e+15
1.025518e+15
9.504852e+14
8.274822e+14
6.611304e+14
4.586017e+14
6.62915e+14
8.436611e+14
9.776821e+14
1.060803e+15
1.090392e+15
1.065736e+15
9.881745e+14
8.610365e+14
6.893927e+14
4.81164e+14
6.51581e+14
8.284732e+14
9.595982e+14
1.040897e+15
1.069752e+15
1.045408e+15
9.691218e+14
8.440781e+14
6.750894e+14
4.696057e+14
6.629149e+14
8.43661e+14
9.776819e+14
1.060802e+15
1.090392e+15
1.065736e+15
9.881743e+14
8.610365e+14
6.893927e+14
4.81164e+14
6.515809e+14
8.284731e+14
9.59598e+14
1.040897e+15
1.069752e+15
1.045407e+15
9.691215e+14
8.440778e+14
6.750893e+14
4.696057e+14
6.39767e+14
8.131578e+14
9.416592e+14
1.021311e+15
1.049523e+15
1.025518e+15
9.50485e+14
8.274821e+14
6.611303e+14
4.586018e+14
6.51581e+14
8.284732e+14
9.595981e+14
1.040897e+15
1.069752e+15
1.045408e+15
9.691217e+14
8.440779e+14
6.750893e+14
4.696057e+14
6.629149e+14
8.43661e+14
9.77682e+14
1.060802e+15
1.090392e+15
1.065736e+15
9.881746e+14
8.610367e+14
6.893929e+14
4.81164e+14
6.39767e+14
8.131578e+14
9.416593e+14
1.021311e+15
1.049523e+15
1.025518e+15
9.504852e+14
8.274822e+14
6.611304e+14
4.586018e+14
6.629147e+14
8.436608e+14
9.776817e+14
1.060802e+15
1.090392e+15
1.065736e+15
9.881741e+14
8.610363e+14
6.893925e+14
4.81164e+14
6.629147e+14
8.436608e+14
9.776818e+14
1.060802e+15
1.090392e+15
1.065736e+15
9.881742e+14
8.610363e+14
6.893926e+14
4.81164e+14
6.515807e+14
8.284729e+14
9.595978e+14
1.040897e+15
1.069752e+15
1.045407e+15
9.691215e+14
8.440778e+14
6.750893e+14
4.696057e+14
6.397667e+14
8.131575e+14
9.416589e+14
1.021311e+15
1.049523e+15
1.025518e+15
9.504849e+14
8.274821e+14
6.611304e+14
4.586019e+14
6.515806e+14
8.284728e+14
9.595978e+14
1.040897e+15
1.069752e+15
1.045407e+15
9.691215e+14
8.440778e+14
6.750893e+14
4.696058e+14
6.397666e+14
8.131575e+14
9.416589e+14
1.021311e+15
1.049523e+15
1.025518e+15
9.50485e+14
8.274822e+14
6.611305e+14
4.586019e+14
0
0
0
0
0
0
0
0
0
0
0
0
0
0
0
0
0
0
0
0
0
0
0
0
0
0
0
0
0
0
0
0
0
0
0
0
0
0
0
0
0
0
0
0
0
0
0
0
0
0
0
0
0
0
0
0
0
0
0
0
0
0
0
0
0
0
0
0
0
0
0
0
0
0
0
0
0
0
0
0
0
0
0
0
0
0
0
0
0
0
0
0
0
0
0
0
0
0
0
0
0
0
0
0
0
0
0
0
0
0
0
0
0
0
0
0
0
0
0
0
0
0
0
0
0
0
0
0
0
0
0
0
0
0
0
0
0
0
0
0
0
0
0
0
0
0
0
0
0
0
0
0
0
0
0
0
0
0
0
0
0
0
0
0
0
0
0
0
0
0
0
0
0
0
0
0
0
0
0
0
0
0
0
0
0
0
0
0
0
0
0
0
0
0
0
0
0
0
0
0
0
0
0
0
0
0
0
0
0
0
0
0
0
0
0
0
0
0
0
0
0
0
0
0
0
0
0
0
0
0
0
0
0
0
0
0
0
0
0
0
0
0
0
0
0
0
0
0
0
0
0
0
0
0
0
0
0
0
0
0
0
0
0
0
0
0
0
0
0
0
0
0
0
0
0
0
0
0
0
0
0
0
0
0
0
0
0
0
0
0
0
0
0
0
0
0
0
0
0
0
0
0
0
0
0
0
0
0
0
0
0
0
0
0
0
0
0
0
0
0
0
0
0
0
0
0
0
0
0
0
0
0
0
0
0
0
0
0
0
0
0
0
0
0
0
0
0
0
0
0
0
0
0
0
0
0
0
0
0
0
6.078411e+14
7.6618e+14
8.846296e+14
9.586249e+14
9.850678e+14
9.629246e+14
8.932909e+14
7.79275e+14
6.254361e+14
4.362315e+14
5.765948e+14
7.203067e+14
8.295794e+14
8.984355e+14
9.232504e+14
9.02802e+14
8.381322e+14
7.325169e+14
5.913414e+14
4.198585e+14
6.20087e+14
7.863517e+14
9.097973e+14
9.864242e+14
1.013536e+15
9.902766e+14
9.177675e+14
7.989885e+14
6.383618e+14
4.421689e+14
6.048436e+14
7.682197e+14
8.893978e+14
9.645647e+14
9.911565e+14
9.683463e+14
8.971836e+14
7.804778e+14
6.224436e+14
4.294413e+14
5.709567e+14
7.201782e+14
8.318631e+14
9.016501e+14
9.265802e+14
9.056427e+14
8.398149e+14
7.319277e+14
5.860841e+14
4.059943e+14
5.820916e+14
7.390169e+14
8.555831e+14
9.279545e+14
9.535615e+14
9.315666e+14
8.629706e+14
7.5049e+14
5.981727e+14
4.117624e+14
5.82092e+14
7.390173e+14
8.555836e+14
9.279549e+14
9.535618e+14
9.31567e+14
8.629709e+14
7.504906e+14
5.981725e+14
4.117624e+14
5.70957e+14
7.201785e+14
8.318634e+14
9.016504e+14
9.265806e+14
9.05643e+14
8.398152e+14
7.319279e+14
5.860845e+14
4.059941e+14
5.765951e+14
7.203069e+14
8.295796e+14
8.984356e+14
9.232505e+14
9.028021e+14
8.381323e+14
7.325172e+14
5.913401e+14
4.198578e+14
6.048439e+14
7.682201e+14
8.893982e+14
9.645652e+14
9.91157e+14
9.683469e+14
8.971842e+14
7.804785e+14
6.224444e+14
4.294418e+14
6.200873e+14
7.86352e+14
9.097977e+14
9.864247e+14
1.013536e+15
9.902772e+14
9.177681e+14
7.98989e+14
6.383627e+14
4.421694e+14
6.078414e+14
7.661803e+14
8.846299e+14
9.586253e+14
9.850681e+14
9.629249e+14
8.932913e+14
7.792754e+14
6.25436e+14
4.362316e+14
6.048443e+14
7.682204e+14
8.893982e+14
9.645648e+14
9.911563e+14
9.683458e+14
8.971829e+14
7.80477e+14
6.224427e+14
4.294407e+14
6.200876e+14
7.863522e+14
9.097976e+14
9.864243e+14
1.013536e+15
9.902761e+14
9.177667e+14
7.989875e+14
6.383611e+14
4.421684e+14
5.820924e+14
7.390176e+14
8.555836e+14
9.279546e+14
9.535612e+14
9.31566e+14
8.629697e+14
7.504891e+14
5.981709e+14
4.117613e+14
5.765954e+14
7.20307e+14
8.295793e+14
8.98435e+14
9.232494e+14
9.028006e+14
8.381306e+14
7.325153e+14
5.91338e+14
4.198563e+14
6.078417e+14
7.661803e+14
8.846297e+14
9.586247e+14
9.850672e+14
9.629237e+14
8.932898e+14
7.792738e+14
6.254344e+14
4.362304e+14
5.709574e+14
7.201788e+14
8.318633e+14
9.0165e+14
9.265797e+14
9.056418e+14
8.398137e+14
7.319261e+14
5.860827e+14
4.059929e+14
6.200877e+14
7.863521e+14
9.097974e+14
9.864241e+14
1.013535e+15
9.902758e+14
9.177664e+14
7.989871e+14
6.383607e+14
4.421679e+14
6.048444e+14
7.682203e+14
8.893981e+14
9.645647e+14
9.91156e+14
9.683454e+14
8.971824e+14
7.804763e+14
6.22442e+14
4.294401e+14
6.078417e+14
7.661803e+14
8.846297e+14
9.586248e+14
9.850672e+14
9.629236e+14
8.932897e+14
7.792737e+14
6.254342e+14
4.362302e+14
5.820926e+14
7.390176e+14
8.555835e+14
9.279544e+14
9.535608e+14
9.315655e+14
8.629691e+14
7.504883e+14
5.981702e+14
4.117606e+14
5.765955e+14
7.203071e+14
8.295795e+14
8.984352e+14
9.232496e+14
9.028007e+14
8.381306e+14
7.325152e+14
5.913379e+14
4.198561e+14
5.709575e+14
7.201788e+14
8.318634e+14
9.0165e+14
9.265796e+14
9.056415e+14
8.398133e+14
7.319256e+14
5.860821e+14
4.059924e+14
6.200874e+14
7.863519e+14
9.097972e+14
9.86424e+14
1.013535e+15
9.902757e+14
9.177664e+14
7.989871e+14
6.383608e+14
4.421681e+14
5.765953e+14
7.20307e+14
8.295794e+14
8.984352e+14
9.232497e+14
9.028009e+14
8.381309e+14
7.325156e+14
5.913383e+14
4.198564e+14
5.820923e+14
7.390173e+14
8.555833e+14
9.279543e+14
9.535608e+14
9.315656e+14
8.629692e+14
7.504885e+14
5.981704e+14
4.117609e+14
5.709573e+14
7.201786e+14
8.318632e+14
9.016499e+14
9.265796e+14
9.056417e+14
8.398135e+14
7.319259e+14
5.860825e+14
4.059927e+14
6.078415e+14
7.661801e+14
8.846295e+14
9.586246e+14
9.850671e+14
9.629237e+14
8.932898e+14
7.792738e+14
6.254344e+14
4.362303e+14
6.048441e+14
7.682201e+14
8.893979e+14
9.645646e+14
9.91156e+14
9.683455e+14
8.971826e+14
7.804765e+14
6.224423e+14
4.294403e+14
5.820918e+14
7.390168e+14
8.555829e+14
9.279541e+14
9.535607e+14
9.315656e+14
8.629694e+14
7.504888e+14
5.981707e+14
4.117612e+14
6.20087e+14
7.863515e+14
9.097969e+14
9.864238e+14
1.013535e+15
9.902757e+14
9.177664e+14
7.989872e+14
6.383609e+14
4.421682e+14
6.078411e+14
7.661797e+14
8.846293e+14
9.586245e+14
9.850671e+14
9.629238e+14
8.9329e+14
7.792741e+14
6.254347e+14
4.362306e+14
6.048437e+14
7.682196e+14
8.893975e+14
9.645643e+14
9.911559e+14
9.683454e+14
8.971826e+14
7.804767e+14
6.224425e+14
4.294405e+14
5.709567e+14
7.201781e+14
8.318628e+14
9.016497e+14
9.265796e+14
9.056419e+14
8.398139e+14
7.319264e+14
5.86083e+14
4.059931e+14
5.765949e+14
7.203066e+14
8.295791e+14
8.984352e+14
9.232499e+14
9.028013e+14
8.381315e+14
7.325161e+14
5.913389e+14
4.198569e+14
5.820916e+14
7.390168e+14
8.55583e+14
9.279543e+14
9.535613e+14
9.315665e+14
8.629705e+14
7.504901e+14
5.981719e+14
4.117621e+14
6.200869e+14
7.863516e+14
9.097971e+14
9.864241e+14
1.013536e+15
9.902765e+14
9.177674e+14
7.989883e+14
6.383619e+14
4.421689e+14
6.048435e+14
7.682196e+14
8.893977e+14
9.645646e+14
9.911565e+14
9.683464e+14
8.971838e+14
7.80478e+14
6.224436e+14
4.294413e+14
6.07841e+14
7.661797e+14
8.846293e+14
9.586246e+14
9.850674e+14
9.629242e+14
8.932906e+14
7.792747e+14
6.254353e+14
4.362311e+14
5.709565e+14
7.20178e+14
8.318628e+14
9.016498e+14
9.2658e+14
9.056425e+14
8.398147e+14
7.319273e+14
5.860839e+14
4.059938e+14
5.765946e+14
7.203064e+14
8.295789e+14
8.984349e+14
9.232499e+14
9.028014e+14
8.381317e+14
7.325166e+14
5.913393e+14
4.198573e+14
5.76595e+14
7.203069e+14
8.295796e+14
8.984357e+14
9.232506e+14
9.028022e+14
8.381325e+14
7.325174e+14
5.913401e+14
4.19858e+14
5.709569e+14
7.201784e+14
8.318633e+14
9.016504e+14
9.265805e+14
9.05643e+14
8.398152e+14
7.31928e+14
5.860847e+14
4.059942e+14
6.078412e+14
7.661801e+14
8.846298e+14
9.586252e+14
9.850681e+14
9.62925e+14
8.932913e+14
7.792755e+14
6.254361e+14
4.362317e+14
6.200872e+14
7.86352e+14
9.097976e+14
9.864246e+14
1.013536e+15
9.902772e+14
9.177681e+14
7.98989e+14
6.383626e+14
4.421694e+14
5.820919e+14
7.390172e+14
8.555835e+14
9.279548e+14
9.535618e+14
9.31567e+14
8.62971e+14
7.504907e+14
5.981727e+14
4.117624e+14
6.048438e+14
7.6822e+14
8.893982e+14
9.645651e+14
9.911571e+14
9.683469e+14
8.971843e+14
7.804785e+14
6.224444e+14
4.294418e+14
5.820924e+14
7.390176e+14
8.555837e+14
9.279547e+14
9.535614e+14
9.315662e+14
8.6297e+14
7.504894e+14
5.981712e+14
4.117615e+14
6.048442e+14
7.682203e+14
8.893983e+14
9.64565e+14
9.911566e+14
9.683461e+14
8.971833e+14
7.804773e+14
6.22443e+14
4.294408e+14
6.200875e+14
7.863522e+14
9.097977e+14
9.864245e+14
1.013536e+15
9.902765e+14
9.177672e+14
7.98988e+14
6.383615e+14
4.421686e+14
5.709574e+14
7.201789e+14
8.318636e+14
9.016504e+14
9.265803e+14
9.056425e+14
8.398145e+14
7.31927e+14
5.860835e+14
4.059934e+14
5.765955e+14
7.203074e+14
8.2958e+14
8.984359e+14
9.232506e+14
9.028021e+14
8.381322e+14
7.325169e+14
5.913395e+14
4.198573e+14
6.078416e+14
7.661805e+14
8.846301e+14
9.586253e+14
9.850679e+14
9.629246e+14
8.932908e+14
7.792748e+14
6.254353e+14
4.36231e+14
5.820926e+14
7.390176e+14
8.555835e+14
9.279544e+14
9.535608e+14
9.315654e+14
8.62969e+14
7.504883e+14
5.981702e+14
4.117607e+14
5.765956e+14
7.203072e+14
8.295795e+14
8.984353e+14
9.232497e+14
9.028009e+14
8.381308e+14
7.325154e+14
5.913381e+14
4.198563e+14
5.709575e+14
7.201788e+14
8.318634e+14
9.0165e+14
9.265796e+14
9.056416e+14
8.398134e+14
7.319257e+14
5.860823e+14
4.059925e+14
6.078417e+14
7.661803e+14
8.846297e+14
9.586248e+14
9.850672e+14
9.629236e+14
8.932897e+14
7.792736e+14
6.254342e+14
4.362302e+14
6.048443e+14
7.682203e+14
8.89398e+14
9.645647e+14
9.91156e+14
9.683454e+14
8.971824e+14
7.804764e+14
6.224421e+14
4.294401e+14
6.200876e+14
7.863521e+14
9.097974e+14
9.864241e+14
1.013535e+15
9.902758e+14
9.177663e+14
7.98987e+14
6.383607e+14
4.421679e+14
5.820925e+14
7.390175e+14
8.555834e+14
9.279544e+14
9.535608e+14
9.315655e+14
8.629691e+14
7.504884e+14
5.981702e+14
4.117608e+14
6.200875e+14
7.86352e+14
9.097973e+14
9.864241e+14
1.013535e+15
9.902757e+14
9.177663e+14
7.98987e+14
6.383607e+14
4.42168e+14
6.078417e+14
7.661802e+14
8.846296e+14
9.586247e+14
9.850671e+14
9.629236e+14
8.932897e+14
7.792736e+14
6.254342e+14
4.362302e+14
5.765955e+14
7.20307e+14
8.295794e+14
8.984351e+14
9.232495e+14
9.028006e+14
8.381306e+14
7.325152e+14
5.913379e+14
4.198562e+14
6.048442e+14
7.682201e+14
8.893979e+14
9.645646e+14
9.91156e+14
9.683455e+14
8.971825e+14
7.804765e+14
6.224422e+14
4.294402e+14
5.709575e+14
7.201788e+14
8.318633e+14
9.0165e+14
9.265796e+14
9.056416e+14
8.398133e+14
7.319256e+14
5.860822e+14
4.059925e+14
6.200871e+14
7.863516e+14
9.09797e+14
9.864237e+14
1.013535e+15
9.902756e+14
9.177662e+14
7.989871e+14
6.383608e+14
4.421681e+14
6.078413e+14
7.661798e+14
8.846292e+14
9.586244e+14
9.850669e+14
9.629234e+14
8.932895e+14
7.792736e+14
6.254342e+14
4.362304e+14
5.76595e+14
7.203066e+14
8.295789e+14
8.984347e+14
9.232491e+14
9.028004e+14
8.381304e+14
7.325151e+14
5.913379e+14
4.198563e+14
6.048438e+14
7.682197e+14
8.893976e+14
9.645643e+14
9.911558e+14
9.683453e+14
8.971824e+14
7.804765e+14
6.224423e+14
4.294404e+14
5.70957e+14
7.201783e+14
8.318629e+14
9.016496e+14
9.265793e+14
9.056414e+14
8.398132e+14
7.319257e+14
5.860824e+14
4.059927e+14
5.820919e+14
7.39017e+14
8.55583e+14
9.279541e+14
9.535606e+14
9.315654e+14
8.629692e+14
7.504885e+14
5.981705e+14
4.117611e+14
4.147966e+14
5.270897e+14
6.101221e+14
6.617206e+14
6.801888e+14
6.649014e+14
6.164757e+14
5.366088e+14
4.275462e+14
2.918695e+14
4.395751e+14
5.579309e+14
6.45592e+14
7.000851e+14
7.195253e+14
7.032317e+14
6.518769e+14
5.673062e+14
4.519314e+14
3.081903e+14
5.073684e+14
6.332234e+14
7.289306e+14
7.893265e+14
8.111642e+14
7.932967e+14
7.365535e+14
6.436248e+14
5.186066e+14
3.63133e+14
4.849435e+14
6.112628e+14
7.057072e+14
7.647882e+14
7.859889e+14
7.683939e+14
7.127506e+14
6.212651e+14
4.967837e+14
3.403201e+14
4.849435e+14
6.112628e+14
7.057072e+14
7.647881e+14
7.859889e+14
7.683938e+14
7.127506e+14
6.212651e+14
4.967842e+14
3.403198e+14
4.395751e+14
5.579309e+14
6.45592e+14
7.00085e+14
7.195253e+14
7.032317e+14
6.518769e+14
5.673062e+14
4.519311e+14
3.081904e+14
4.39576e+14
5.579317e+14
6.455926e+14
7.000854e+14
7.195252e+14
7.032312e+14
6.518762e+14
5.673053e+14
4.519304e+14
3.081895e+14
4.849443e+14
6.112636e+14
7.057078e+14
7.647884e+14
7.859889e+14
7.683935e+14
7.1275e+14
6.212645e+14
4.967827e+14
3.403194e+14
4.395759e+14
5.579316e+14
6.455925e+14
7.000853e+14
7.195253e+14
7.032313e+14
6.518763e+14
5.673055e+14
4.519305e+14
3.081896e+14
4.147973e+14
5.270904e+14
6.101226e+14
6.617209e+14
6.801889e+14
6.649011e+14
6.164752e+14
5.366081e+14
4.275455e+14
2.918688e+14
5.073691e+14
6.33224e+14
7.289312e+14
7.893269e+14
8.111644e+14
7.932967e+14
7.365534e+14
6.436251e+14
5.186045e+14
3.631328e+14
4.849442e+14
6.112634e+14
7.057077e+14
7.647884e+14
7.85989e+14
7.683937e+14
7.127502e+14
6.212647e+14
4.967828e+14
3.403196e+14
4.395764e+14
5.579318e+14
6.455924e+14
7.00085e+14
7.195245e+14
7.032303e+14
6.51875e+14
5.67304e+14
4.51929e+14
3.081884e+14
5.073696e+14
6.332243e+14
7.289311e+14
7.893267e+14
8.111637e+14
7.932956e+14
7.365521e+14
6.436234e+14
5.186029e+14
3.631315e+14
4.849446e+14
6.112637e+14
7.057076e+14
7.647881e+14
7.859882e+14
7.683925e+14
7.127488e+14
6.212631e+14
4.967813e+14
3.403183e+14
4.147978e+14
5.270905e+14
6.101225e+14
6.617206e+14
6.801881e+14
6.649e+14
6.164738e+14
5.366066e+14
4.27544e+14
2.918675e+14
4.395764e+14
5.579318e+14
6.455925e+14
7.00085e+14
7.195245e+14
7.032302e+14
6.518749e+14
5.673038e+14
4.519288e+14
3.081882e+14
4.849447e+14
6.112637e+14
7.057077e+14
7.647881e+14
7.859881e+14
7.683924e+14
7.127486e+14
6.212629e+14
4.96781e+14
3.403181e+14
4.395768e+14
5.579322e+14
6.455929e+14
7.000853e+14
7.195246e+14
7.032302e+14
6.518747e+14
5.673036e+14
4.519285e+14
3.081879e+14
5.073699e+14
6.332246e+14
7.289314e+14
7.893269e+14
8.111638e+14
7.932956e+14
7.36552e+14
6.436232e+14
5.186027e+14
3.631313e+14
4.147982e+14
5.27091e+14
6.10123e+14
6.617209e+14
6.801883e+14
6.649e+14
6.164736e+14
5.366062e+14
4.275435e+14
2.918671e+14
4.84945e+14
6.11264e+14
7.05708e+14
7.647883e+14
7.859882e+14
7.683924e+14
7.127485e+14
6.212627e+14
4.967808e+14
3.403178e+14
4.849449e+14
6.11264e+14
7.057079e+14
7.647883e+14
7.859883e+14
7.683925e+14
7.127486e+14
6.212628e+14
4.967809e+14
3.403179e+14
4.395767e+14
5.579322e+14
6.455929e+14
7.000853e+14
7.195247e+14
7.032302e+14
6.518748e+14
5.673036e+14
4.519286e+14
3.081879e+14
5.073693e+14
6.33224e+14
7.289309e+14
7.893265e+14
8.111635e+14
7.932955e+14
7.36552e+14
6.436233e+14
5.186029e+14
3.631315e+14
4.395761e+14
5.579316e+14
6.455924e+14
7.00085e+14
7.195245e+14
7.032303e+14
6.51875e+14
5.67304e+14
4.51929e+14
3.081883e+14
4.849444e+14
6.112634e+14
7.057075e+14
7.64788e+14
7.859881e+14
7.683925e+14
7.127488e+14
6.21263e+14
4.967812e+14
3.403182e+14
4.849444e+14
6.112634e+14
7.057074e+14
7.64788e+14
7.859881e+14
7.683924e+14
7.127487e+14
6.21263e+14
4.967812e+14
3.403183e+14
4.395761e+14
5.579316e+14
6.455923e+14
7.00085e+14
7.195245e+14
7.032303e+14
6.51875e+14
5.67304e+14
4.519291e+14
3.081884e+14
4.147975e+14
5.270904e+14
6.101225e+14
6.617205e+14
6.801882e+14
6.649001e+14
6.16474e+14
5.366067e+14
4.275441e+14
2.918676e+14
4.147967e+14
5.270896e+14
6.101217e+14
6.617202e+14
6.801884e+14
6.649008e+14
6.16475e+14
5.366081e+14
4.275455e+14
2.918688e+14
4.849435e+14
6.112626e+14
7.057068e+14
7.647877e+14
7.859884e+14
7.683932e+14
7.1275e+14
6.212646e+14
4.967828e+14
3.403195e+14
4.395751e+14
5.579307e+14
6.455917e+14
7.000846e+14
7.195248e+14
7.032311e+14
6.518763e+14
5.673056e+14
4.519307e+14
3.081897e+14
4.395752e+14
5.579307e+14
6.455916e+14
7.000847e+14
7.195247e+14
7.03231e+14
6.518761e+14
5.673053e+14
4.519304e+14
3.081895e+14
5.073684e+14
6.332232e+14
7.289302e+14
7.893261e+14
8.111637e+14
7.932961e+14
7.36553e+14
6.436246e+14
5.186042e+14
3.631326e+14
4.849435e+14
6.112626e+14
7.057068e+14
7.647877e+14
7.859883e+14
7.683931e+14
7.127497e+14
6.212642e+14
4.967825e+14
3.403192e+14
5.466285e+14
6.900748e+14
7.974271e+14
8.645266e+14
8.885421e+14
8.684984e+14
8.053074e+14
7.016177e+14
5.611685e+14
3.868418e+14
4.80216e+14
6.116235e+14
7.089954e+14
7.694508e+14
7.909656e+14
7.728629e+14
7.15929e+14
6.222593e+14
4.947572e+14
3.369325e+14
5.287486e+14
6.734461e+14
7.808706e+14
8.47556e+14
8.71223e+14
8.511404e+14
7.882039e+14
6.848089e+14
5.444613e+14
3.719531e+14
4.959101e+14
6.340711e+14
7.363355e+14
7.997382e+14
8.223137e+14
8.034424e+14
7.439564e+14
6.460227e+14
5.128155e+14
3.489265e+14
5.329889e+14
6.658982e+14
7.669746e+14
8.307113e+14
8.537179e+14
8.348245e+14
7.749407e+14
6.769752e+14
5.455139e+14
3.835626e+14
5.015643e+14
6.329077e+14
7.311309e+14
7.925506e+14
8.145751e+14
7.962825e+14
7.384693e+14
6.434628e+14
5.143685e+14
3.52804e+14
5.287491e+14
6.734466e+14
7.808711e+14
8.475564e+14
8.712233e+14
8.511406e+14
7.882039e+14
6.848087e+14
5.444614e+14
3.719528e+14
4.802166e+14
6.116241e+14
7.089959e+14
7.694512e+14
7.909658e+14
7.728629e+14
7.159288e+14
6.222588e+14
4.947562e+14
3.369323e+14
4.959106e+14
6.340717e+14
7.36336e+14
7.997386e+14
8.223139e+14
8.034425e+14
7.439563e+14
6.460225e+14
5.128146e+14
3.489261e+14
5.466289e+14
6.900752e+14
7.974275e+14
8.645269e+14
8.885424e+14
8.684986e+14
8.053075e+14
7.016169e+14
5.611705e+14
3.86842e+14
5.329894e+14
6.658986e+14
7.66975e+14
8.307116e+14
8.53718e+14
8.348245e+14
7.749406e+14
6.769739e+14
5.455079e+14
3.835634e+14
5.015649e+14
6.329083e+14
7.311314e+14
7.92551e+14
8.145752e+14
7.962824e+14
7.384691e+14
6.434623e+14
5.143662e+14
3.528042e+14
5.287497e+14
6.73447e+14
7.808712e+14
8.475561e+14
8.712225e+14
8.511394e+14
7.882025e+14
6.848071e+14
5.444599e+14
3.719515e+14
5.329898e+14
6.658989e+14
7.66975e+14
8.307112e+14
8.537173e+14
8.348234e+14
7.749393e+14
6.769723e+14
5.455065e+14
3.835622e+14
4.802171e+14
6.116245e+14
7.08996e+14
7.694509e+14
7.909651e+14
7.728618e+14
7.159275e+14
6.222573e+14
4.947547e+14
3.369309e+14
5.466293e+14
6.900755e+14
7.974275e+14
8.645266e+14
8.885416e+14
8.684975e+14
8.053061e+14
7.016152e+14
5.61169e+14
3.868408e+14
5.015654e+14
6.329085e+14
7.311313e+14
7.925506e+14
8.145745e+14
7.962813e+14
7.384677e+14
6.434607e+14
5.143648e+14
3.528029e+14
4.959112e+14
6.340721e+14
7.363361e+14
7.997384e+14
8.223132e+14
8.034414e+14
7.439549e+14
6.460209e+14
5.128131e+14
3.489248e+14
5.287499e+14
6.734471e+14
7.808712e+14
8.475561e+14
8.712223e+14
8.51139e+14
7.882019e+14
6.848063e+14
5.444591e+14
3.719508e+14
5.015657e+14
6.329088e+14
7.311316e+14
7.925508e+14
8.145744e+14
7.96281e+14
7.384673e+14
6.434601e+14
5.143641e+14
3.528024e+14
4.802175e+14
6.116247e+14
7.089962e+14
7.694511e+14
7.90965e+14
7.728615e+14
7.15927e+14
6.222566e+14
4.947541e+14
3.369303e+14
5.466296e+14
6.900757e+14
7.974276e+14
8.645267e+14
8.885415e+14
8.684972e+14
8.053056e+14
7.016146e+14
5.611683e+14
3.868402e+14
4.959115e+14
6.340723e+14
7.363362e+14
7.997385e+14
8.22313e+14
8.03441e+14
7.439543e+14
6.460202e+14
5.128123e+14
3.489241e+14
5.329902e+14
6.658992e+14
7.669753e+14
8.307115e+14
8.537175e+14
8.348234e+14
7.749392e+14
6.76972e+14
5.455061e+14
3.835617e+14
5.329898e+14
6.658989e+14
7.66975e+14
8.307114e+14
8.537175e+14
8.348236e+14
7.749395e+14
6.769724e+14
5.455065e+14
3.835622e+14
5.466293e+14
6.900754e+14
7.974274e+14
8.645265e+14
8.885415e+14
8.684972e+14
8.053058e+14
7.016149e+14
5.611686e+14
3.868404e+14
5.015653e+14
6.329084e+14
7.311313e+14
7.925506e+14
8.145744e+14
7.962811e+14
7.384675e+14
6.434605e+14
5.143645e+14
3.528027e+14
5.287496e+14
6.734468e+14
7.80871e+14
8.47556e+14
8.712223e+14
8.511391e+14
7.882021e+14
6.848066e+14
5.444594e+14
3.719511e+14
4.80217e+14
6.116243e+14
7.089959e+14
7.694509e+14
7.909649e+14
7.728615e+14
7.159271e+14
6.222569e+14
4.947544e+14
3.369306e+14
4.959112e+14
6.34072e+14
7.36336e+14
7.997383e+14
8.22313e+14
8.034411e+14
7.439545e+14
6.460204e+14
5.128126e+14
3.489244e+14
5.329891e+14
6.658981e+14
7.669744e+14
8.307111e+14
8.537175e+14
8.348239e+14
7.749401e+14
6.769732e+14
5.455073e+14
3.835629e+14
5.466286e+14
6.900747e+14
7.974269e+14
8.645263e+14
8.885415e+14
8.684976e+14
8.053064e+14
7.016156e+14
5.611694e+14
3.868411e+14
4.802162e+14
6.116235e+14
7.089952e+14
7.694505e+14
7.90965e+14
7.72862e+14
7.15928e+14
6.22258e+14
4.947555e+14
3.369316e+14
5.015644e+14
6.329076e+14
7.311306e+14
7.925503e+14
8.145746e+14
7.962817e+14
7.384685e+14
6.434616e+14
5.143657e+14
3.528037e+14
5.287489e+14
6.734461e+14
7.808704e+14
8.475557e+14
8.712223e+14
8.511394e+14
7.882027e+14
6.848073e+14
5.444602e+14
3.719518e+14
4.959103e+14
6.340711e+14
7.363354e+14
7.99738e+14
8.22313e+14
8.034415e+14
7.439552e+14
6.460214e+14
5.128136e+14
3.489252e+14
5.126052e+14
6.582835e+14
7.660502e+14
8.327404e+14
8.564528e+14
8.366595e+14
7.742731e+14
6.715994e+14
5.322625e+14
3.622174e+14
5.370379e+14
6.864022e+14
7.971089e+14
8.657144e+14
8.900674e+14
8.695124e+14
8.049668e+14
6.988385e+14
5.548439e+14
3.789137e+14
5.630767e+14
7.177921e+14
8.325241e+14
9.036471e+14
9.288411e+14
9.073773e+14
8.402114e+14
7.298913e+14
5.803405e+14
3.977923e+14
5.370379e+14
6.864022e+14
7.971088e+14
8.657144e+14
8.900673e+14
8.695123e+14
8.049666e+14
6.988383e+14
5.548438e+14
3.789136e+14
5.126051e+14
6.582835e+14
7.660502e+14
8.327404e+14
8.564528e+14
8.366596e+14
7.742731e+14
6.715994e+14
5.322626e+14
3.622174e+14
5.630767e+14
7.177922e+14
8.325241e+14
9.036472e+14
9.288412e+14
9.073774e+14
8.402114e+14
7.298913e+14
5.803407e+14
3.977924e+14
5.126055e+14
6.582839e+14
7.660506e+14
8.327408e+14
8.564532e+14
8.366597e+14
7.742731e+14
6.715993e+14
5.322624e+14
3.622174e+14
5.126056e+14
6.58284e+14
7.660507e+14
8.327408e+14
8.564532e+14
8.366598e+14
7.742732e+14
6.715994e+14
5.322624e+14
3.622174e+14
5.370383e+14
6.864027e+14
7.971093e+14
8.657149e+14
8.900678e+14
8.695127e+14
8.049669e+14
6.988386e+14
5.548438e+14
3.789137e+14
5.370382e+14
6.864025e+14
7.971092e+14
8.657148e+14
8.900678e+14
8.695127e+14
8.04967e+14
6.988387e+14
5.54844e+14
3.789138e+14
5.63077e+14
7.177925e+14
8.325245e+14
9.036476e+14
9.288416e+14
9.073778e+14
8.402118e+14
7.298917e+14
5.803407e+14
3.977925e+14
5.63077e+14
7.177926e+14
8.325246e+14
9.036476e+14
9.288417e+14
9.073778e+14
8.402118e+14
7.298917e+14
5.803406e+14
3.977925e+14
5.37039e+14
6.864032e+14
7.971095e+14
8.657147e+14
8.900671e+14
8.695116e+14
8.049655e+14
6.988369e+14
5.548424e+14
3.789124e+14
5.126063e+14
6.582846e+14
7.660511e+14
8.327408e+14
8.564527e+14
8.366588e+14
7.742719e+14
6.715978e+14
5.322609e+14
3.622161e+14
5.630776e+14
7.17793e+14
8.325247e+14
9.036474e+14
9.28841e+14
9.073768e+14
8.402105e+14
7.298902e+14
5.803393e+14
3.977913e+14
5.630776e+14
7.17793e+14
8.325248e+14
9.036475e+14
9.288411e+14
9.073769e+14
8.402106e+14
7.298903e+14
5.803394e+14
3.977914e+14
5.126063e+14
6.582846e+14
7.660511e+14
8.327408e+14
8.564527e+14
8.366588e+14
7.742719e+14
6.715979e+14
5.32261e+14
3.622162e+14
5.370389e+14
6.864032e+14
7.971096e+14
8.657148e+14
8.900673e+14
8.695118e+14
8.049657e+14
6.988371e+14
5.548426e+14
3.789125e+14
5.630778e+14
7.17793e+14
8.325246e+14
9.036472e+14
9.288406e+14
9.073762e+14
8.402097e+14
7.298893e+14
5.803384e+14
3.977906e+14
5.370391e+14
6.864032e+14
7.971095e+14
8.657146e+14
8.900668e+14
8.69511e+14
8.049648e+14
6.98836e+14
5.548415e+14
3.789117e+14
5.630777e+14
7.17793e+14
8.325246e+14
9.036473e+14
9.288406e+14
9.073762e+14
8.402098e+14
7.298893e+14
5.803385e+14
3.977906e+14
5.126065e+14
6.582846e+14
7.66051e+14
8.327407e+14
8.564523e+14
8.366582e+14
7.742711e+14
6.715969e+14
5.3226e+14
3.622153e+14
5.126065e+14
6.582846e+14
7.66051e+14
8.327407e+14
8.564523e+14
8.366582e+14
7.742711e+14
6.715969e+14
5.3226e+14
3.622153e+14
5.370391e+14
6.864031e+14
7.971094e+14
8.657146e+14
8.900668e+14
8.695112e+14
8.049649e+14
6.988362e+14
5.548416e+14
3.789117e+14
5.126064e+14
6.582844e+14
7.660508e+14
8.327406e+14
8.564523e+14
8.366583e+14
7.742713e+14
6.715971e+14
5.322602e+14
3.622156e+14
5.370389e+14
6.864029e+14
7.971093e+14
8.657145e+14
8.900668e+14
8.695112e+14
8.049651e+14
6.988364e+14
5.548418e+14
3.78912e+14
5.630776e+14
7.177929e+14
8.325245e+14
9.036472e+14
9.288406e+14
9.073763e+14
8.402099e+14
7.298895e+14
5.803386e+14
3.977908e+14
5.126064e+14
6.582845e+14
7.660509e+14
8.327406e+14
8.564523e+14
8.366583e+14
7.742713e+14
6.715971e+14
5.322602e+14
3.622155e+14
5.630775e+14
7.177928e+14
8.325244e+14
9.036472e+14
9.288407e+14
9.073764e+14
8.4021e+14
7.298896e+14
5.803387e+14
3.977908e+14
5.37039e+14
6.864031e+14
7.971094e+14
8.657146e+14
8.900668e+14
8.695112e+14
8.049649e+14
6.988362e+14
5.548417e+14
3.789118e+14
5.126057e+14
6.582838e+14
7.660503e+14
8.327402e+14
8.564522e+14
8.366584e+14
7.742716e+14
6.715976e+14
5.322607e+14
3.62216e+14
5.126056e+14
6.582837e+14
7.660502e+14
8.327402e+14
8.564522e+14
8.366585e+14
7.742717e+14
6.715978e+14
5.322609e+14
3.622162e+14
5.370382e+14
6.864023e+14
7.971088e+14
8.657142e+14
8.900667e+14
8.695114e+14
8.049654e+14
6.988369e+14
5.548424e+14
3.789125e+14
5.370384e+14
6.864024e+14
7.971089e+14
8.657142e+14
8.900666e+14
8.695112e+14
8.049652e+14
6.988366e+14
5.548421e+14
3.789123e+14
5.63077e+14
7.177922e+14
8.32524e+14
9.036469e+14
9.288405e+14
9.073764e+14
8.402102e+14
7.298899e+14
5.803391e+14
3.977912e+14
5.63077e+14
7.177923e+14
8.32524e+14
9.036469e+14
9.288405e+14
9.073763e+14
8.4021e+14
7.298896e+14
5.803389e+14
3.977911e+14
4.80216e+14
6.116234e+14
7.089952e+14
7.694505e+14
7.909653e+14
7.728625e+14
7.159287e+14
6.222588e+14
4.947563e+14
3.369323e+14
4.959101e+14
6.340711e+14
7.363353e+14
7.99738e+14
8.223134e+14
8.034421e+14
7.439561e+14
6.460224e+14
5.128146e+14
3.48926e+14
5.329888e+14
6.658979e+14
7.669742e+14
8.307108e+14
8.537174e+14
8.34824e+14
7.749403e+14
6.769736e+14
5.455078e+14
3.835633e+14
5.015642e+14
6.329075e+14
7.311306e+14
7.925503e+14
8.145747e+14
7.962821e+14
7.38469e+14
6.434623e+14
5.143664e+14
3.528042e+14
5.287486e+14
6.73446e+14
7.808704e+14
8.475558e+14
8.712228e+14
8.511402e+14
7.882037e+14
6.848085e+14
5.444614e+14
3.719527e+14
5.466283e+14
6.900746e+14
7.974269e+14
8.645263e+14
8.885418e+14
8.684981e+14
8.053071e+14
7.016165e+14
5.611703e+14
3.868418e+14
4.959103e+14
6.340714e+14
7.363357e+14
7.997385e+14
8.223138e+14
8.034425e+14
7.439564e+14
6.460227e+14
5.128149e+14
3.489263e+14
5.466286e+14
6.90075e+14
7.974273e+14
8.645268e+14
8.885424e+14
8.684987e+14
8.053077e+14
7.016171e+14
5.611707e+14
3.868423e+14
5.32989e+14
6.658983e+14
7.669748e+14
8.307115e+14
8.537181e+14
8.348248e+14
7.749411e+14
6.769742e+14
5.455077e+14
3.835643e+14
5.287488e+14
6.734463e+14
7.808708e+14
8.475562e+14
8.712233e+14
8.511407e+14
7.882042e+14
6.848092e+14
5.444619e+14
3.71953e+14
4.802161e+14
6.116236e+14
7.089956e+14
7.69451e+14
7.909658e+14
7.728631e+14
7.159292e+14
6.222593e+14
4.947567e+14
3.369327e+14
5.015644e+14
6.329078e+14
7.31131e+14
7.925508e+14
8.145752e+14
7.962826e+14
7.384695e+14
6.434627e+14
5.143666e+14
3.528048e+14
5.329898e+14
6.658991e+14
7.669754e+14
8.307119e+14
8.537182e+14
8.348245e+14
7.749405e+14
6.769736e+14
5.45508e+14
3.835632e+14
5.466293e+14
6.900756e+14
7.974278e+14
8.64527e+14
8.885422e+14
8.684981e+14
8.053068e+14
7.01616e+14
5.611698e+14
3.868413e+14
5.015652e+14
6.329086e+14
7.311316e+14
7.92551e+14
8.145751e+14
7.962821e+14
7.384687e+14
6.434618e+14
5.143661e+14
3.528039e+14
5.287496e+14
6.734471e+14
7.808714e+14
8.475563e+14
8.712229e+14
8.511398e+14
7.882029e+14
6.848075e+14
5.444604e+14
3.719518e+14
4.80217e+14
6.116245e+14
7.089962e+14
7.694512e+14
7.909656e+14
7.728624e+14
7.159282e+14
6.22258e+14
4.947559e+14
3.369317e+14
4.959112e+14
6.340722e+14
7.363363e+14
7.997386e+14
8.223136e+14
8.034418e+14
7.439553e+14
6.460214e+14
5.128138e+14
3.489252e+14
5.329901e+14
6.658991e+14
7.669752e+14
8.307115e+14
8.537175e+14
8.348235e+14
7.749393e+14
6.769722e+14
5.455063e+14
3.83562e+14
5.015656e+14
6.329086e+14
7.311315e+14
7.925507e+14
8.145744e+14
7.962811e+14
7.384674e+14
6.434603e+14
5.143643e+14
3.528026e+14
5.466295e+14
6.900756e+14
7.974276e+14
8.645266e+14
8.885415e+14
8.684971e+14
8.053056e+14
7.016147e+14
5.611684e+14
3.868403e+14
5.287498e+14
6.73447e+14
7.808712e+14
8.47556e+14
8.712223e+14
8.51139e+14
7.882019e+14
6.848063e+14
5.444591e+14
3.719509e+14
4.802173e+14
6.116245e+14
7.08996e+14
7.694509e+14
7.909649e+14
7.728614e+14
7.15927e+14
6.222566e+14
4.947541e+14
3.369304e+14
4.959114e+14
6.340722e+14
7.363362e+14
7.997384e+14
8.22313e+14
8.034409e+14
7.439542e+14
6.460201e+14
5.128123e+14
3.489241e+14
5.329901e+14
6.658991e+14
7.669752e+14
8.307115e+14
8.537174e+14
8.348234e+14
7.749391e+14
6.76972e+14
5.455061e+14
3.835618e+14
5.466296e+14
6.900756e+14
7.974276e+14
8.645266e+14
8.885415e+14
8.684971e+14
8.053056e+14
7.016146e+14
5.611683e+14
3.868402e+14
4.802174e+14
6.116247e+14
7.089962e+14
7.694511e+14
7.90965e+14
7.728615e+14
7.15927e+14
6.222567e+14
4.947541e+14
3.369304e+14
5.015657e+14
6.329087e+14
7.311316e+14
7.925508e+14
8.145745e+14
7.962811e+14
7.384674e+14
6.434603e+14
5.143643e+14
3.528025e+14
5.287498e+14
6.734471e+14
7.808712e+14
8.475561e+14
8.712223e+14
8.51139e+14
7.882019e+14
6.848063e+14
5.444591e+14
3.719509e+14
4.959115e+14
6.340722e+14
7.363362e+14
7.997384e+14
8.22313e+14
8.03441e+14
7.439543e+14
6.460202e+14
5.128123e+14
3.489241e+14
5.329894e+14
6.658984e+14
7.669746e+14
8.307109e+14
8.537171e+14
8.348232e+14
7.749392e+14
6.769722e+14
5.455064e+14
3.835622e+14
5.01565e+14
6.329081e+14
7.31131e+14
7.925504e+14
8.145743e+14
7.962811e+14
7.384676e+14
6.434606e+14
5.143647e+14
3.528029e+14
5.466289e+14
6.90075e+14
7.97427e+14
8.645262e+14
8.885413e+14
8.684971e+14
8.053058e+14
7.016149e+14
5.611688e+14
3.868407e+14
5.287492e+14
6.734464e+14
7.808706e+14
8.475557e+14
8.712222e+14
8.511391e+14
7.882022e+14
6.848068e+14
5.444597e+14
3.719514e+14
4.959108e+14
6.340716e+14
7.363357e+14
7.997381e+14
8.223129e+14
8.03441e+14
7.439545e+14
6.460206e+14
5.128128e+14
3.489246e+14
4.802167e+14
6.11624e+14
7.089956e+14
7.694507e+14
7.909649e+14
7.728616e+14
7.159273e+14
6.222571e+14
4.947546e+14
3.369309e+14
2.968633e+14
3.709165e+14
4.269664e+14
4.623991e+14
4.7544e+14
4.65455e+14
4.329804e+14
3.796821e+14
3.081828e+14
2.210191e+14
2.781407e+14
3.475101e+14
3.996559e+14
4.326295e+14
4.448101e+14
4.355776e+14
4.054093e+14
3.557737e+14
2.88592e+14
2.040796e+14
3.728509e+14
4.720308e+14
5.456519e+14
5.916592e+14
6.083738e+14
5.951814e+14
5.526963e+14
4.826696e+14
3.875658e+14
2.69556e+14
3.728509e+14
4.720308e+14
5.456519e+14
5.916592e+14
6.083738e+14
5.951814e+14
5.526963e+14
4.826695e+14
3.875658e+14
2.69556e+14
2.968632e+14
3.709164e+14
4.269664e+14
4.623991e+14
4.7544e+14
4.654551e+14
4.329804e+14
3.796821e+14
3.081828e+14
2.210191e+14
4.101318e+14
5.206715e+14
6.023609e+14
6.531736e+14
6.714255e+14
6.565036e+14
6.090644e+14
5.309003e+14
4.244337e+14
2.922363e+14
2.781414e+14
3.475107e+14
3.996563e+14
4.326296e+14
4.448098e+14
4.35577e+14
4.054084e+14
3.557726e+14
2.885909e+14
2.040787e+14
2.968642e+14
3.709174e+14
4.269672e+14
4.623996e+14
4.754402e+14
4.654549e+14
4.3298e+14
3.796815e+14
3.081821e+14
2.210184e+14
3.728521e+14
4.72032e+14
5.45653e+14
5.9166e+14
6.083743e+14
5.951815e+14
5.526961e+14
4.82669e+14
3.875651e+14
2.695553e+14
2.968642e+14
3.709173e+14
4.269671e+14
4.623995e+14
4.754401e+14
4.654548e+14
4.329798e+14
3.796813e+14
3.081819e+14
2.210183e+14
4.10133e+14
5.206726e+14
6.023618e+14
6.531742e+14
6.714257e+14
6.565033e+14
6.090637e+14
5.308994e+14
4.244326e+14
2.922354e+14
3.728521e+14
4.720321e+14
5.456531e+14
5.9166e+14
6.083743e+14
5.951814e+14
5.526959e+14
4.826688e+14
3.875649e+14
2.695551e+14
2.968647e+14
3.709175e+14
4.26967e+14
4.623993e+14
4.754397e+14
4.654541e+14
4.32979e+14
3.796803e+14
3.081809e+14
2.210173e+14
3.728526e+14
4.720322e+14
5.456527e+14
5.916597e+14
6.083736e+14
5.951805e+14
5.526949e+14
4.826676e+14
3.875637e+14
2.695541e+14
2.968647e+14
3.709175e+14
4.269671e+14
4.623993e+14
4.754396e+14
4.65454e+14
4.329788e+14
3.796801e+14
3.081807e+14
2.210172e+14
2.781418e+14
3.475108e+14
3.996562e+14
4.326294e+14
4.448093e+14
4.355763e+14
4.054075e+14
3.557716e+14
2.885898e+14
2.040777e+14
4.101335e+14
5.206727e+14
6.023616e+14
6.531739e+14
6.71425e+14
6.565023e+14
6.090625e+14
5.308979e+14
4.244312e+14
2.922342e+14
3.728525e+14
4.720322e+14
5.456529e+14
5.916597e+14
6.083736e+14
5.951804e+14
5.526947e+14
4.826675e+14
3.875635e+14
2.695539e+14
4.10134e+14
5.206733e+14
6.023622e+14
6.531741e+14
6.71425e+14
6.56502e+14
6.090619e+14
5.308972e+14
4.244304e+14
2.922336e+14
3.728529e+14
4.720325e+14
5.456531e+14
5.916597e+14
6.083733e+14
5.951799e+14
5.526941e+14
4.826667e+14
3.875628e+14
2.695533e+14
3.728529e+14
4.720325e+14
5.456531e+14
5.916597e+14
6.083733e+14
5.951799e+14
5.52694e+14
4.826667e+14
3.875627e+14
2.695533e+14
2.968651e+14
3.70918e+14
4.269675e+14
4.623996e+14
4.754396e+14
4.654538e+14
4.329784e+14
3.796796e+14
3.081801e+14
2.210167e+14
2.968651e+14
3.70918e+14
4.269676e+14
4.623996e+14
4.754397e+14
4.654538e+14
4.329785e+14
3.796796e+14
3.081801e+14
2.210167e+14
2.781425e+14
3.475117e+14
3.996571e+14
4.326301e+14
4.448098e+14
4.355765e+14
4.054074e+14
3.557713e+14
2.885894e+14
2.040773e+14
2.968645e+14
3.709174e+14
4.269671e+14
4.623994e+14
4.754397e+14
4.654542e+14
4.32979e+14
3.796804e+14
3.08181e+14
2.210174e+14
3.728523e+14
4.72032e+14
5.456529e+14
5.916598e+14
6.083737e+14
5.951806e+14
5.52695e+14
4.826677e+14
3.875638e+14
2.695542e+14
2.781417e+14
3.475108e+14
3.996563e+14
4.326295e+14
4.448093e+14
4.355763e+14
4.054075e+14
3.557717e+14
2.885899e+14
2.040778e+14
2.968645e+14
3.709175e+14
4.269672e+14
4.623994e+14
4.754397e+14
4.654541e+14
4.329789e+14
3.796802e+14
3.081808e+14
2.210173e+14
4.101333e+14
5.206726e+14
6.023617e+14
6.531739e+14
6.714251e+14
6.565023e+14
6.090625e+14
5.30898e+14
4.244312e+14
2.922342e+14
3.728524e+14
4.720321e+14
5.45653e+14
5.916598e+14
6.083737e+14
5.951805e+14
5.526948e+14
4.826676e+14
3.875636e+14
2.69554e+14
3.728514e+14
4.720312e+14
5.456521e+14
5.916594e+14
6.083739e+14
5.951812e+14
5.52696e+14
4.82669e+14
3.875651e+14
2.695552e+14
4.101322e+14
5.206716e+14
6.023609e+14
6.531735e+14
6.714253e+14
6.565031e+14
6.090638e+14
5.308996e+14
4.244329e+14
2.922356e+14
2.968636e+14
3.709165e+14
4.269663e+14
4.62399e+14
4.754398e+14
4.654546e+14
4.329799e+14
3.796814e+14
3.081821e+14
2.210184e+14
3.728513e+14
4.720312e+14
5.456522e+14
5.916594e+14
6.083739e+14
5.951813e+14
5.526962e+14
4.826693e+14
3.875654e+14
2.695554e+14
2.968636e+14
3.709167e+14
4.269665e+14
4.623991e+14
4.754399e+14
4.654549e+14
4.329801e+14
3.796817e+14
3.081823e+14
2.210186e+14
2.781407e+14
3.4751e+14
3.996556e+14
4.326291e+14
4.448095e+14
4.355769e+14
4.054085e+14
3.557729e+14
2.885911e+14
2.040787e+14
3.989528e+14
5.063369e+14
5.859986e+14
6.356877e+14
6.536625e+14
6.393155e+14
5.933275e+14
5.175885e+14
4.148578e+14
2.881625e+14
3.399623e+14
4.283341e+14
4.949723e+14
5.369085e+14
5.522874e+14
5.404976e+14
5.021913e+14
4.39297e+14
3.550885e+14
2.54293e+14
4.705957e+14
5.994965e+14
6.947052e+14
7.538157e+14
7.749614e+14
7.574915e+14
7.021596e+14
6.109805e+14
4.867456e+14
3.329317e+14
3.850761e+14
4.909847e+14
5.696285e+14
6.187074e+14
6.365628e+14
6.226764e+14
5.777937e+14
5.038809e+14
4.0386e+14
2.809263e+14
4.97686e+14
6.359647e+14
7.380294e+14
8.013109e+14
8.239129e+14
8.052108e+14
7.460295e+14
6.485065e+14
5.15649e+14
3.514703e+14
4.605495e+14
5.904842e+14
6.863352e+14
7.457715e+14
7.671023e+14
7.498168e+14
6.947511e+14
6.040031e+14
4.805993e+14
3.285011e+14
4.976867e+14
6.359655e+14
7.3803e+14
8.013113e+14
8.23913e+14
8.052106e+14
7.460291e+14
6.48506e+14
5.156486e+14
3.514697e+14
4.705965e+14
5.994972e+14
6.947057e+14
7.53816e+14
7.749615e+14
7.574913e+14
7.021591e+14
6.109798e+14
4.86745e+14
3.32931e+14
3.989538e+14
5.063379e+14
5.859995e+14
6.356883e+14
6.536628e+14
6.393155e+14
5.933272e+14
5.175879e+14
4.148571e+14
2.881618e+14
3.399634e+14
4.283353e+14
4.949735e+14
5.369095e+14
5.522881e+14
5.40498e+14
5.021913e+14
4.392968e+14
3.550881e+14
2.542926e+14
3.85077e+14
4.909856e+14
5.696294e+14
6.187081e+14
6.365632e+14
6.226766e+14
5.777935e+14
5.038806e+14
4.038595e+14
2.809259e+14
4.605502e+14
5.904849e+14
6.863358e+14
7.457719e+14
7.671025e+14
7.498167e+14
6.947508e+14
6.040026e+14
4.805988e+14
3.285006e+14
3.989544e+14
5.063383e+14
5.859994e+14
6.35688e+14
6.536621e+14
6.393144e+14
5.933258e+14
5.175864e+14
4.148556e+14
2.881605e+14
4.705971e+14
5.994976e+14
6.947058e+14
7.538157e+14
7.749607e+14
7.574901e+14
7.021576e+14
6.109781e+14
4.867434e+14
3.329296e+14
3.399639e+14
4.283356e+14
4.949734e+14
5.369091e+14
5.522874e+14
5.40497e+14
5.021901e+14
4.392955e+14
3.550867e+14
2.542913e+14
3.850778e+14
4.909862e+14
5.696296e+14
6.187078e+14
6.365625e+14
6.226755e+14
5.777922e+14
5.03879e+14
4.038579e+14
2.809245e+14
4.976874e+14
6.359659e+14
7.380301e+14
8.01311e+14
8.239122e+14
8.052094e+14
7.460276e+14
6.485043e+14
5.15647e+14
3.514681e+14
4.60551e+14
5.904855e+14
6.86336e+14
7.457717e+14
7.671017e+14
7.498155e+14
6.947492e+14
6.040008e+14
4.80597e+14
3.28499e+14
4.976879e+14
6.359663e+14
7.380305e+14
8.013113e+14
8.239122e+14
8.052091e+14
7.46027e+14
6.485035e+14
5.156461e+14
3.514675e+14
3.989548e+14
5.063386e+14
5.859998e+14
6.356881e+14
6.536619e+14
6.393139e+14
5.933251e+14
5.175855e+14
4.148547e+14
2.881597e+14
4.605515e+14
5.904858e+14
6.863363e+14
7.45772e+14
7.671016e+14
7.498151e+14
6.947486e+14
6.04e+14
4.805962e+14
3.284983e+14
3.85078e+14
4.909863e+14
5.696297e+14
6.187078e+14
6.365622e+14
6.226749e+14
5.777913e+14
5.03878e+14
4.038569e+14
2.809237e+14
3.39964e+14
4.283356e+14
4.949733e+14
5.369089e+14
5.522869e+14
5.404962e+14
5.021891e+14
4.392943e+14
3.550856e+14
2.542904e+14
4.705976e+14
5.994981e+14
6.947062e+14
7.538161e+14
7.749608e+14
7.574899e+14
7.021572e+14
6.109775e+14
4.867426e+14
3.329289e+14
4.976873e+14
6.359657e+14
7.3803e+14
8.01311e+14
8.239121e+14
8.052092e+14
7.460273e+14
6.485039e+14
5.156466e+14
3.514679e+14
4.60551e+14
5.904853e+14
6.86336e+14
7.457718e+14
7.671016e+14
7.498153e+14
6.947489e+14
6.040005e+14
4.805967e+14
3.284988e+14
3.850777e+14
4.909861e+14
5.696296e+14
6.187079e+14
6.365625e+14
6.226754e+14
5.77792e+14
5.038788e+14
4.038576e+14
2.809242e+14
4.705969e+14
5.994974e+14
6.947057e+14
7.538158e+14
7.749607e+14
7.5749e+14
7.021576e+14
6.10978e+14
4.867432e+14
3.329294e+14
3.399639e+14
4.283356e+14
4.949736e+14
5.369093e+14
5.522875e+14
5.404969e+14
5.0219e+14
4.392953e+14
3.550865e+14
2.542911e+14
3.989543e+14
5.063382e+14
5.859995e+14
6.356881e+14
6.536621e+14
6.393144e+14
5.933257e+14
5.175862e+14
4.148555e+14
2.881603e+14
4.976862e+14
6.359647e+14
7.380292e+14
8.013106e+14
8.239122e+14
8.052099e+14
7.460284e+14
6.485052e+14
5.15648e+14
3.51469e+14
4.605499e+14
5.904843e+14
6.863352e+14
7.457714e+14
7.671017e+14
7.498159e+14
6.947499e+14
6.040017e+14
4.80598e+14
3.284998e+14
4.705958e+14
5.994963e+14
6.947049e+14
7.538154e+14
7.749609e+14
7.574907e+14
7.021587e+14
6.109794e+14
4.867447e+14
3.329306e+14
3.850767e+14
4.909851e+14
5.696288e+14
6.187076e+14
6.365626e+14
6.22676e+14
5.777929e+14
5.038799e+14
4.038589e+14
2.809252e+14
3.989532e+14
5.063371e+14
5.859986e+14
6.356877e+14
6.536623e+14
6.39315e+14
5.933269e+14
5.175876e+14
4.148569e+14
2.881615e+14
3.399629e+14
4.283347e+14
4.949728e+14
5.36909e+14
5.522876e+14
5.404975e+14
5.02191e+14
4.392964e+14
3.550878e+14
2.542921e+14
5.068001e+14
6.551341e+14
7.644943e+14
8.321312e+14
8.563673e+14
8.368145e+14
7.744743e+14
6.716982e+14
5.320427e+14
3.608542e+14
4.487449e+14
5.8048e+14
6.776485e+14
7.37856e+14
7.596056e+14
7.425627e+14
6.876668e+14
5.970918e+14
4.740332e+14
3.228371e+14
4.373639e+14
5.644239e+14
6.581365e+14
7.162407e+14
7.372396e+14
7.207628e+14
6.677022e+14
5.801576e+14
4.611648e+14
3.146586e+14
5.483815e+14
7.065726e+14
8.233258e+14
8.955197e+14
9.212538e+14
9.000388e+14
8.328909e+14
7.222824e+14
5.720306e+14
3.882639e+14
4.838121e+14
6.229417e+14
7.254783e+14
7.889573e+14
8.117165e+14
7.933054e+14
7.346323e+14
6.378935e+14
5.063074e+14
3.444163e+14
5.378075e+14
6.915557e+14
8.050043e+14
8.751857e+14
9.001976e+14
8.795146e+14
8.141074e+14
7.063641e+14
5.598753e+14
3.801936e+14
4.487455e+14
5.804806e+14
6.776491e+14
7.378564e+14
7.596059e+14
7.425627e+14
6.876665e+14
5.970913e+14
4.740324e+14
3.228368e+14
5.068006e+14
6.551346e+14
7.644948e+14
8.321316e+14
8.563676e+14
8.368146e+14
7.744742e+14
6.716979e+14
5.32042e+14
3.60854e+14
4.838129e+14
6.229424e+14
7.254789e+14
7.889577e+14
8.117167e+14
7.933053e+14
7.34632e+14
6.378929e+14
5.063067e+14
3.444158e+14
5.378081e+14
6.915563e+14
8.050049e+14
8.751861e+14
9.001979e+14
8.795147e+14
8.141072e+14
7.063637e+14
5.598745e+14
3.801933e+14
5.48382e+14
7.065733e+14
8.233264e+14
8.955203e+14
9.212542e+14
9.00039e+14
8.328908e+14
7.222821e+14
5.720298e+14
3.882636e+14
4.373645e+14
5.644246e+14
6.58137e+14
7.162411e+14
7.372399e+14
7.207629e+14
6.67702e+14
5.801572e+14
4.611642e+14
3.146582e+14
4.487466e+14
5.804815e+14
6.776496e+14
7.378564e+14
7.596053e+14
7.425616e+14
6.87665e+14
5.970896e+14
4.740307e+14
3.228353e+14
4.373656e+14
5.644254e+14
6.581375e+14
7.162411e+14
7.372392e+14
7.207617e+14
6.677005e+14
5.801555e+14
4.611625e+14
3.146567e+14
4.838137e+14
6.229431e+14
7.254792e+14
7.889576e+14
8.11716e+14
7.933042e+14
7.346305e+14
6.378912e+14
5.06305e+14
3.444142e+14
5.068016e+14
6.551355e+14
7.644953e+14
8.321316e+14
8.56367e+14
8.368135e+14
7.744727e+14
6.716961e+14
5.320403e+14
3.608524e+14
5.37809e+14
6.91557e+14
8.050052e+14
8.751859e+14
9.001971e+14
8.795134e+14
8.141056e+14
7.063618e+14
5.598728e+14
3.801917e+14
5.48383e+14
7.06574e+14
8.233268e+14
8.955202e+14
9.212535e+14
9.000378e+14
8.328893e+14
7.222803e+14
5.720282e+14
3.882621e+14
5.06802e+14
6.551357e+14
7.644955e+14
8.321316e+14
8.563666e+14
8.368127e+14
7.744717e+14
6.716948e+14
5.32039e+14
3.608513e+14
4.37366e+14
5.644257e+14
6.581377e+14
7.162412e+14
7.37239e+14
7.207611e+14
6.676996e+14
5.801543e+14
4.611613e+14
3.146557e+14
5.483833e+14
7.065741e+14
8.233268e+14
8.955201e+14
9.212531e+14
9.000372e+14
8.328884e+14
7.222793e+14
5.720271e+14
3.882612e+14
5.378093e+14
6.915572e+14
8.050053e+14
8.75186e+14
9.001969e+14
8.795129e+14
8.141049e+14
7.063609e+14
5.598719e+14
3.801909e+14
4.838141e+14
6.229433e+14
7.254794e+14
7.889577e+14
8.117159e+14
7.933037e+14
7.346298e+14
6.378903e+14
5.063041e+14
3.444135e+14
4.48747e+14
5.804817e+14
6.776498e+14
7.378565e+14
7.59605e+14
7.42561e+14
6.876642e+14
5.970885e+14
4.740296e+14
3.228343e+14
5.378089e+14
6.915568e+14
8.05005e+14
8.751859e+14
9.001969e+14
8.795131e+14
8.141052e+14
7.063613e+14
5.598723e+14
3.801913e+14
4.838137e+14
6.229429e+14
7.254791e+14
7.889576e+14
8.117159e+14
7.933039e+14
7.346301e+14
6.378907e+14
5.063045e+14
3.444139e+14
5.068018e+14
6.551355e+14
7.644953e+14
8.321315e+14
8.563666e+14
8.368129e+14
7.744719e+14
6.716952e+14
5.320394e+14
3.608517e+14
4.487467e+14
5.804815e+14
6.776496e+14
7.378564e+14
7.596051e+14
7.425612e+14
6.876644e+14
5.970889e+14
4.740299e+14
3.228346e+14
5.483829e+14
7.065738e+14
8.233265e+14
8.9552e+14
9.212532e+14
9.000374e+14
8.328887e+14
7.222797e+14
5.720275e+14
3.882616e+14
4.373656e+14
5.644253e+14
6.581375e+14
7.162411e+14
7.372391e+14
7.207614e+14
6.677e+14
5.801548e+14
4.611618e+14
3.146562e+14
5.068008e+14
6.551345e+14
7.644945e+14
8.321311e+14
8.563666e+14
8.368133e+14
7.744726e+14
6.716961e+14
5.320403e+14
3.608525e+14
5.48382e+14
7.065729e+14
8.233259e+14
8.955196e+14
9.212531e+14
9.000376e+14
8.328893e+14
7.222805e+14
5.720284e+14
3.882623e+14
4.487456e+14
5.804804e+14
6.776488e+14
7.37856e+14
7.596051e+14
7.425616e+14
6.876652e+14
5.970899e+14
4.74031e+14
3.228355e+14
5.378079e+14
6.915559e+14
8.050043e+14
8.751855e+14
9.001969e+14
8.795135e+14
8.141059e+14
7.063623e+14
5.598733e+14
3.801922e+14
4.838126e+14
6.22942e+14
7.254784e+14
7.889572e+14
8.117159e+14
7.933044e+14
7.346309e+14
6.378918e+14
5.063057e+14
3.444148e+14
4.373645e+14
5.644243e+14
6.581367e+14
7.162407e+14
7.372391e+14
7.207618e+14
6.677008e+14
5.801559e+14
4.61163e+14
3.14657e+14
4.487449e+14
5.8048e+14
6.776485e+14
7.378559e+14
7.596056e+14
7.425626e+14
6.876667e+14
5.970917e+14
4.740329e+14
3.22837e+14
5.378075e+14
6.915556e+14
8.050042e+14
8.751855e+14
9.001974e+14
8.795144e+14
8.141072e+14
7.063638e+14
5.598748e+14
3.801934e+14
5.068e+14
6.55134e+14
7.644942e+14
8.321311e+14
8.563672e+14
8.368145e+14
7.744744e+14
6.716982e+14
5.320425e+14
3.608542e+14
4.838122e+14
6.229417e+14
7.254782e+14
7.889571e+14
8.117164e+14
7.933052e+14
7.346322e+14
6.378933e+14
5.063071e+14
3.44416e+14
4.373639e+14
5.644239e+14
6.581364e+14
7.162406e+14
7.372395e+14
7.207628e+14
6.677022e+14
5.801575e+14
4.611647e+14
3.146584e+14
5.483815e+14
7.065726e+14
8.233258e+14
8.955197e+14
9.212537e+14
9.000387e+14
8.328908e+14
7.222822e+14
5.720301e+14
3.882636e+14
5.378078e+14
6.91556e+14
8.050046e+14
8.75186e+14
9.001978e+14
8.795148e+14
8.141075e+14
7.063641e+14
5.598749e+14
3.801937e+14
4.838124e+14
6.22942e+14
7.254786e+14
7.889576e+14
8.117167e+14
7.933055e+14
7.346324e+14
6.378934e+14
5.063072e+14
3.444163e+14
4.373642e+14
5.644242e+14
6.581368e+14
7.16241e+14
7.372398e+14
7.207629e+14
6.677021e+14
5.801574e+14
4.611645e+14
3.146585e+14
5.483818e+14
7.06573e+14
8.233262e+14
8.955201e+14
9.212541e+14
9.00039e+14
8.328909e+14
7.222823e+14
5.7203e+14
3.882638e+14
4.487453e+14
5.804804e+14
6.77649e+14
7.378563e+14
7.596059e+14
7.425627e+14
6.876666e+14
5.970915e+14
4.740326e+14
3.22837e+14
5.068004e+14
6.551345e+14
7.644948e+14
8.321316e+14
8.563676e+14
8.368147e+14
7.744743e+14
6.71698e+14
5.320421e+14
3.60854e+14
5.068016e+14
6.551355e+14
7.644954e+14
8.321317e+14
8.563671e+14
8.368136e+14
7.744728e+14
6.716962e+14
5.320404e+14
3.608525e+14
4.487465e+14
5.804815e+14
6.776497e+14
7.378565e+14
7.596054e+14
7.425618e+14
6.876653e+14
5.970899e+14
4.740311e+14
3.228355e+14
5.483829e+14
7.06574e+14
8.233268e+14
8.955203e+14
9.212536e+14
9.00038e+14
8.328894e+14
7.222806e+14
5.720284e+14
3.882623e+14
4.373654e+14
5.644253e+14
6.581375e+14
7.162412e+14
7.372395e+14
7.20762e+14
6.677009e+14
5.80156e+14
4.611633e+14
3.146571e+14
5.378089e+14
6.91557e+14
8.050053e+14
8.751862e+14
9.001974e+14
8.795138e+14
8.141061e+14
7.063624e+14
5.598735e+14
3.801922e+14
4.838135e+14
6.22943e+14
7.254793e+14
7.889578e+14
8.117164e+14
7.933046e+14
7.34631e+14
6.378918e+14
5.06306e+14
3.444148e+14
5.483833e+14
7.065741e+14
8.233268e+14
8.955201e+14
9.212531e+14
9.00037e+14
8.328882e+14
7.222791e+14
5.720269e+14
3.882611e+14
5.06802e+14
6.551357e+14
7.644954e+14
8.321316e+14
8.563666e+14
8.368127e+14
7.744717e+14
6.716948e+14
5.32039e+14
3.608513e+14
5.378092e+14
6.915571e+14
8.050052e+14
8.75186e+14
9.001968e+14
8.795129e+14
8.141048e+14
7.063609e+14
5.598718e+14
3.801909e+14
4.83814e+14
6.229432e+14
7.254793e+14
7.889576e+14
8.117158e+14
7.933036e+14
7.346297e+14
6.378902e+14
5.06304e+14
3.444135e+14
4.48747e+14
5.804818e+14
6.776498e+14
7.378565e+14
7.59605e+14
7.425609e+14
6.87664e+14
5.970883e+14
4.740294e+14
3.228342e+14
4.373659e+14
5.644256e+14
6.581376e+14
7.162411e+14
7.372389e+14
7.207611e+14
6.676996e+14
5.801544e+14
4.611614e+14
3.146557e+14
4.838141e+14
6.229433e+14
7.254794e+14
7.889577e+14
8.117159e+14
7.933037e+14
7.346298e+14
6.378904e+14
5.063041e+14
3.444136e+14
4.373659e+14
5.644256e+14
6.581377e+14
7.162412e+14
7.37239e+14
7.207612e+14
6.676998e+14
5.801546e+14
4.611616e+14
3.14656e+14
5.378092e+14
6.915571e+14
8.050052e+14
8.75186e+14
9.001969e+14
8.79513e+14
8.14105e+14
7.063611e+14
5.59872e+14
3.801911e+14
4.487469e+14
5.804816e+14
6.776497e+14
7.378565e+14
7.596051e+14
7.425611e+14
6.876643e+14
5.970887e+14
4.740298e+14
3.228345e+14
5.483832e+14
7.06574e+14
8.233267e+14
8.955201e+14
9.212532e+14
9.000373e+14
8.328885e+14
7.222794e+14
5.720273e+14
3.882614e+14
5.068018e+14
6.551355e+14
7.644953e+14
8.321316e+14
8.563667e+14
8.368129e+14
7.74472e+14
6.716952e+14
5.320394e+14
3.608517e+14
5.068008e+14
6.551346e+14
7.644946e+14
8.321312e+14
8.563666e+14
8.368133e+14
7.744726e+14
6.716961e+14
5.320403e+14
3.608525e+14
5.483822e+14
7.065731e+14
8.23326e+14
8.955197e+14
9.212531e+14
9.000375e+14
8.328891e+14
7.222803e+14
5.720282e+14
3.882621e+14
4.487458e+14
5.804806e+14
6.776489e+14
7.37856e+14
7.59605e+14
7.425615e+14
6.87665e+14
5.970897e+14
4.740308e+14
3.228354e+14
4.373649e+14
5.644246e+14
6.581369e+14
7.162408e+14
7.37239e+14
7.207616e+14
6.677004e+14
5.801555e+14
4.611626e+14
3.146568e+14
4.838131e+14
6.229424e+14
7.254786e+14
7.889573e+14
8.117158e+14
7.93304e+14
7.346304e+14
6.378912e+14
5.063051e+14
3.444144e+14
5.378083e+14
6.915562e+14
8.050045e+14
8.751855e+14
9.001968e+14
8.795132e+14
8.141055e+14
7.063618e+14
5.598728e+14
3.801917e+14
3.399627e+14
4.283346e+14
4.949728e+14
5.369089e+14
5.522878e+14
5.404979e+14
5.021915e+14
4.392971e+14
3.550884e+14
2.542928e+14
4.97686e+14
6.359646e+14
7.380292e+14
8.013106e+14
8.239125e+14
8.052104e+14
7.460291e+14
6.485061e+14
5.156489e+14
3.514697e+14
4.605495e+14
5.904841e+14
6.86335e+14
7.457713e+14
7.671021e+14
7.498165e+14
6.947509e+14
6.040029e+14
4.805992e+14
3.285007e+14
3.850763e+14
4.909849e+14
5.696287e+14
6.187075e+14
6.365629e+14
6.226765e+14
5.777937e+14
5.038809e+14
4.038598e+14
2.809261e+14
4.705957e+14
5.994964e+14
6.947049e+14
7.538153e+14
7.74961e+14
7.57491e+14
7.021591e+14
6.109799e+14
4.867452e+14
3.329311e+14
3.98953e+14
5.063371e+14
5.859987e+14
6.356877e+14
6.536624e+14
6.393153e+14
5.933273e+14
5.175882e+14
4.148575e+14
2.881619e+14
3.850762e+14
4.909848e+14
5.696287e+14
6.187075e+14
6.365629e+14
6.226765e+14
5.777937e+14
5.038809e+14
4.038599e+14
2.809263e+14
4.605496e+14
5.904843e+14
6.863353e+14
7.457717e+14
7.671024e+14
7.498169e+14
6.947512e+14
6.040032e+14
4.805994e+14
3.285011e+14
3.989529e+14
5.06337e+14
5.859987e+14
6.356878e+14
6.536626e+14
6.393156e+14
5.933275e+14
5.175885e+14
4.148578e+14
2.881625e+14
3.399623e+14
4.283342e+14
4.949724e+14
5.369086e+14
5.522875e+14
5.404977e+14
5.021914e+14
4.392971e+14
3.550885e+14
2.54293e+14
4.976861e+14
6.359649e+14
7.380296e+14
8.01311e+14
8.23913e+14
8.052109e+14
7.460296e+14
6.485066e+14
5.156493e+14
3.514702e+14
4.705957e+14
5.994965e+14
6.947052e+14
7.538158e+14
7.749616e+14
7.574916e+14
7.021597e+14
6.109806e+14
4.867458e+14
3.329317e+14
3.989541e+14
5.063382e+14
5.859996e+14
6.356883e+14
6.536627e+14
6.393152e+14
5.933268e+14
5.175875e+14
4.148567e+14
2.881614e+14
3.399637e+14
4.283355e+14
4.949736e+14
5.369094e+14
5.52288e+14
5.404977e+14
5.02191e+14
4.392964e+14
3.550877e+14
2.542921e+14
4.705967e+14
5.994975e+14
6.947059e+14
7.538161e+14
7.749614e+14
7.57491e+14
7.021587e+14
6.109794e+14
4.867446e+14
3.329306e+14
3.850774e+14
4.90986e+14
5.696296e+14
6.187081e+14
6.36563e+14
6.226762e+14
5.777929e+14
5.038799e+14
4.038589e+14
2.809252e+14
4.976871e+14
6.359658e+14
7.380303e+14
8.013113e+14
8.239127e+14
8.052102e+14
7.460284e+14
6.485053e+14
5.15648e+14
3.514689e+14
4.605507e+14
5.904854e+14
6.863361e+14
7.45772e+14
7.671022e+14
7.498161e+14
6.9475e+14
6.040017e+14
4.805981e+14
3.284997e+14
3.39964e+14
4.283356e+14
4.949735e+14
5.369092e+14
5.522874e+14
5.404968e+14
5.021899e+14
4.392951e+14
3.550864e+14
2.54291e+14
4.705972e+14
5.994976e+14
6.947058e+14
7.538158e+14
7.749606e+14
7.574899e+14
7.021574e+14
6.109778e+14
4.86743e+14
3.329293e+14
4.605512e+14
5.904855e+14
6.86336e+14
7.457718e+14
7.671015e+14
7.498151e+14
6.947487e+14
6.040002e+14
4.805964e+14
3.284985e+14
3.850778e+14
4.909861e+14
5.696296e+14
6.187079e+14
6.365624e+14
6.226753e+14
5.777918e+14
5.038786e+14
4.038574e+14
2.80924e+14
3.989544e+14
5.063382e+14
5.859995e+14
6.35688e+14
6.536621e+14
6.393143e+14
5.933256e+14
5.175861e+14
4.148554e+14
2.881602e+14
4.976875e+14
6.359659e+14
7.380301e+14
8.01311e+14
8.23912e+14
8.052091e+14
7.460271e+14
6.485037e+14
5.156464e+14
3.514677e+14
4.705976e+14
5.99498e+14
6.947062e+14
7.538161e+14
7.749608e+14
7.574899e+14
7.021573e+14
6.109776e+14
4.867427e+14
3.32929e+14
4.976878e+14
6.359662e+14
7.380304e+14
8.013113e+14
8.239122e+14
8.052092e+14
7.460272e+14
6.485037e+14
5.156463e+14
3.514676e+14
4.605514e+14
5.904858e+14
6.863363e+14
7.45772e+14
7.671017e+14
7.498152e+14
6.947487e+14
6.040001e+14
4.805963e+14
3.284984e+14
3.989548e+14
5.063386e+14
5.859998e+14
6.356882e+14
6.53662e+14
6.39314e+14
5.933252e+14
5.175856e+14
4.148548e+14
2.881598e+14
3.399641e+14
4.283356e+14
4.949734e+14
5.369089e+14
5.522869e+14
5.404962e+14
5.021891e+14
4.392943e+14
3.550856e+14
2.542905e+14
3.85078e+14
4.909863e+14
5.696297e+14
6.187079e+14
6.365623e+14
6.22675e+14
5.777914e+14
5.038781e+14
4.03857e+14
2.809237e+14
3.850773e+14
4.909856e+14
5.696292e+14
6.187077e+14
6.365625e+14
6.226755e+14
5.777922e+14
5.038791e+14
4.03858e+14
2.809246e+14
4.605505e+14
5.904849e+14
6.863355e+14
7.457715e+14
7.671016e+14
7.498154e+14
6.947493e+14
6.040009e+14
4.805972e+14
3.284992e+14
4.97687e+14
6.359655e+14
7.380298e+14
8.013108e+14
8.23912e+14
8.052093e+14
7.460274e+14
6.485041e+14
5.156468e+14
3.514681e+14
3.399636e+14
4.283352e+14
4.949733e+14
5.369091e+14
5.522874e+14
5.40497e+14
5.021902e+14
4.392956e+14
3.550869e+14
2.542915e+14
3.989541e+14
5.063379e+14
5.859993e+14
6.35688e+14
6.536621e+14
6.393144e+14
5.933259e+14
5.175865e+14
4.148557e+14
2.881606e+14
4.705968e+14
5.994973e+14
6.947056e+14
7.538157e+14
7.749607e+14
7.5749e+14
7.021576e+14
6.10978e+14
4.867433e+14
3.329295e+14
1.457921e+14
1.789027e+14
2.043106e+14
2.206259e+14
2.267599e+14
2.222756e+14
2.074059e+14
1.829686e+14
1.500171e+14
1.083814e+14
1.206158e+14
1.47852e+14
1.687191e+14
1.821107e+14
1.8714e+14
1.834413e+14
1.712005e+14
1.510854e+14
1.240143e+14
9.056826e+13
2.032849e+14
2.503384e+14
2.864562e+14
3.095916e+14
3.182492e+14
3.118599e+14
2.907777e+14
2.561895e+14
2.096734e+14
1.503722e+14
2.032849e+14
2.503384e+14
2.864562e+14
3.095917e+14
3.182493e+14
3.118599e+14
2.907777e+14
2.561894e+14
2.096734e+14
1.503722e+14
1.457921e+14
1.789026e+14
2.043106e+14
2.206258e+14
2.267599e+14
2.222756e+14
2.07406e+14
1.829686e+14
1.500171e+14
1.083814e+14
2.30934e+14
2.866792e+14
3.287418e+14
3.55482e+14
3.654262e+14
3.579889e+14
3.33555e+14
2.933376e+14
2.386565e+14
1.67873e+14
1.457925e+14
1.78903e+14
2.043107e+14
2.206258e+14
2.267596e+14
2.222751e+14
2.074053e+14
1.829678e+14
1.500163e+14
1.083807e+14
1.206161e+14
1.478523e+14
1.687192e+14
1.821107e+14
1.871397e+14
1.834409e+14
1.711999e+14
1.510848e+14
1.240136e+14
9.05677e+13
2.032853e+14
2.503387e+14
2.864563e+14
3.095914e+14
3.182488e+14
3.118592e+14
2.907768e+14
2.561884e+14
2.096724e+14
1.503713e+14
1.457925e+14
1.789029e+14
2.043107e+14
2.206258e+14
2.267597e+14
2.222751e+14
2.074053e+14
1.829679e+14
1.500164e+14
1.083808e+14
2.032853e+14
2.503387e+14
2.864563e+14
3.095915e+14
3.182489e+14
3.118593e+14
2.907769e+14
2.561886e+14
2.096725e+14
1.503714e+14
2.309344e+14
2.866795e+14
3.287418e+14
3.554817e+14
3.654257e+14
3.579881e+14
3.335541e+14
2.933365e+14
2.386554e+14
1.678721e+14
1.457929e+14
1.789032e+14
2.043107e+14
2.206257e+14
2.267594e+14
2.222747e+14
2.074047e+14
1.829672e+14
1.500156e+14
1.0838e+14
1.457929e+14
1.789032e+14
2.043108e+14
2.206258e+14
2.267594e+14
2.222746e+14
2.074047e+14
1.829671e+14
1.500155e+14
1.0838e+14
2.032858e+14
2.50339e+14
2.864564e+14
3.095914e+14
3.182485e+14
3.118586e+14
2.907761e+14
2.561876e+14
2.096714e+14
1.503704e+14
1.206164e+14
1.478525e+14
1.687193e+14
1.821107e+14
1.871395e+14
1.834406e+14
1.711994e+14
1.510842e+14
1.240129e+14
9.056704e+13
2.032858e+14
2.503389e+14
2.864563e+14
3.095914e+14
3.182485e+14
3.118587e+14
2.907761e+14
2.561877e+14
2.096715e+14
1.503705e+14
2.309349e+14
2.866798e+14
3.287419e+14
3.554817e+14
3.654253e+14
3.579875e+14
3.335532e+14
2.933355e+14
2.386543e+14
1.678711e+14
2.309358e+14
2.866808e+14
3.28743e+14
3.554826e+14
3.65426e+14
3.57988e+14
3.335534e+14
2.933354e+14
2.386541e+14
1.678709e+14
1.206169e+14
1.47853e+14
1.687199e+14
1.821111e+14
1.871399e+14
1.834408e+14
1.711995e+14
1.510841e+14
1.240128e+14
9.056686e+13
2.032865e+14
2.503398e+14
2.864573e+14
3.095922e+14
3.182491e+14
3.11859e+14
2.907762e+14
2.561876e+14
2.096713e+14
1.503702e+14
2.032866e+14
2.503398e+14
2.864573e+14
3.095922e+14
3.182491e+14
3.118591e+14
2.907763e+14
2.561876e+14
2.096713e+14
1.503702e+14
1.457934e+14
1.789038e+14
2.043114e+14
2.206263e+14
2.267598e+14
2.222749e+14
2.074048e+14
1.829671e+14
1.500154e+14
1.083798e+14
1.457934e+14
1.789038e+14
2.043114e+14
2.206263e+14
2.267598e+14
2.222749e+14
2.074048e+14
1.829671e+14
1.500154e+14
1.083798e+14
1.206164e+14
1.478525e+14
1.687194e+14
1.821107e+14
1.871396e+14
1.834406e+14
1.711995e+14
1.510843e+14
1.24013e+14
9.056713e+13
1.457927e+14
1.789031e+14
2.043108e+14
2.206258e+14
2.267595e+14
2.222748e+14
2.074048e+14
1.829673e+14
1.500157e+14
1.083801e+14
2.032857e+14
2.503388e+14
2.864564e+14
3.095915e+14
3.182486e+14
3.118588e+14
2.907762e+14
2.561878e+14
2.096716e+14
1.503706e+14
1.457928e+14
1.789031e+14
2.043108e+14
2.206258e+14
2.267595e+14
2.222747e+14
2.074048e+14
1.829672e+14
1.500156e+14
1.083801e+14
2.032857e+14
2.503389e+14
2.864565e+14
3.095915e+14
3.182486e+14
3.118587e+14
2.907762e+14
2.561877e+14
2.096715e+14
1.503705e+14
2.309348e+14
2.866797e+14
3.287419e+14
3.554817e+14
3.654254e+14
3.579876e+14
3.335533e+14
2.933356e+14
2.386545e+14
1.678713e+14
1.457921e+14
1.789025e+14
2.043102e+14
2.206255e+14
2.267595e+14
2.22275e+14
2.074053e+14
1.829679e+14
1.500164e+14
1.083808e+14
1.206158e+14
1.47852e+14
1.687189e+14
1.821105e+14
1.871396e+14
1.834409e+14
1.712e+14
1.510849e+14
1.240137e+14
9.056774e+13
1.457921e+14
1.789025e+14
2.043103e+14
2.206255e+14
2.267595e+14
2.222751e+14
2.074054e+14
1.829681e+14
1.500165e+14
1.083808e+14
2.032849e+14
2.503381e+14
2.864557e+14
3.095911e+14
3.182485e+14
3.118591e+14
2.907768e+14
2.561885e+14
2.096725e+14
1.503714e+14
2.30934e+14
2.86679e+14
3.287413e+14
3.554814e+14
3.654254e+14
3.579881e+14
3.335541e+14
2.933366e+14
2.386555e+14
1.678721e+14
2.032848e+14
2.503382e+14
2.864559e+14
3.095912e+14
3.182487e+14
3.118592e+14
2.90777e+14
2.561888e+14
2.096727e+14
1.503715e+14
0
0
0
0
0
0
0
0
0
0
0
0
0
0
0
0
0
0
0
0
0
0
0
0
0
0
0
0
0
0
0
0
0
0
0
0
0
0
0
0
0
0
0
0
0
0
0
0
0
0
0
0
0
0
0
0
0
0
0
0
0
0
0
0
0
0
0
0
0
0
0
0
0
0
0
0
0
0
0
0
0
0
0
0
0
0
0
0
0
0
0
0
0
0
0
0
0
0
0
0
0
0
0
0
0
0
0
0
0
0
0
0
0
0
0
0
0
0
0
0
0
0
0
0
0
0
0
0
0
0
0
0
0
0
0
0
0
0
0
0
0
0
0
0
0
0
0
0
0
0
0
0
0
0
0
0
0
0
0
0
0
0
0
0
0
0
0
0
0
0
0
0
0
0
0
0
0
0
0
0
0
0
0
0
0
0
0
0
0
0
0
0
0
0
0
0
0
0
0
0
0
0
0
0
0
0
0
0
0
0
0
0
0
0
0
0
0
0
0
0
0
0
0
0
0
0
0
0
0
0
0
0
0
0
0
0
0
0
0
0
0
0
0
0
0
0
0
0
0
0
0
0
0
0
0
0
0
0
0
0
0
0
0
0
0
0
0
0
0
0
0
0
0
0
0
0
0
0
0
0
0
0
0
0
0
0
0
0
0
0
0
0
0
0
0
0
0
0
0
0
0
0
0
0
0
0
0
0
0
0
0
0
0
0
0
0
0
0
0
0
0
0
0
0
0
0
0
0
0
0
0
0
0
0
0
0
0
0
0
0
0
0
0
0
0
0
0
0
0
0
0
0
0
0
0
0
0
0
0
0
3.416693e+14
4.355851e+14
5.055149e+14
5.492963e+14
5.653761e+14
5.53284e+14
5.137361e+14
4.486039e+14
3.606188e+14
2.52226e+14
3.652606e+14
4.694699e+14
5.466259e+14
5.946898e+14
6.122428e+14
5.989109e+14
5.55491e+14
4.839137e+14
3.869526e+14
2.676485e+14
2.630104e+14
3.296395e+14
3.804605e+14
4.127394e+14
4.247905e+14
4.160789e+14
3.871908e+14
3.398631e+14
2.770067e+14
2.016821e+14
2.245806e+14
2.849403e+14
3.306606e+14
3.595994e+14
3.704834e+14
3.629634e+14
3.37619e+14
2.96025e+14
2.409054e+14
1.763426e+14
2.12439e+14
2.665718e+14
3.079423e+14
3.342953e+14
3.44236e+14
3.373355e+14
3.141127e+14
2.760805e+14
2.258286e+14
1.666914e+14
3.045239e+14
3.908989e+14
4.552166e+14
4.954891e+14
5.104044e+14
4.996285e+14
4.638921e+14
4.050027e+14
3.2572e+14
2.292661e+14
2.245814e+14
2.849411e+14
3.306614e+14
3.596001e+14
3.70484e+14
3.629638e+14
3.376192e+14
2.960251e+14
2.409053e+14
1.763425e+14
3.045249e+14
3.909e+14
4.552178e+14
4.954901e+14
5.104052e+14
4.996292e+14
4.638924e+14
4.050028e+14
3.257199e+14
2.29266e+14
2.124396e+14
2.665723e+14
3.079427e+14
3.342955e+14
3.442361e+14
3.373354e+14
3.141124e+14
2.760801e+14
2.258281e+14
1.66691e+14
2.630113e+14
3.296405e+14
3.804614e+14
4.127402e+14
4.24791e+14
4.160792e+14
3.871908e+14
3.398629e+14
2.770064e+14
2.016817e+14
3.416704e+14
4.355864e+14
5.055161e+14
5.492973e+14
5.653769e+14
5.532845e+14
5.137363e+14
4.486039e+14
3.606185e+14
2.522258e+14
3.652615e+14
4.694709e+14
5.466268e+14
5.946906e+14
6.122434e+14
5.989112e+14
5.55491e+14
4.839135e+14
3.869522e+14
2.676482e+14
3.416712e+14
4.35587e+14
5.055164e+14
5.492972e+14
5.653764e+14
5.532835e+14
5.137351e+14
4.486025e+14
3.606171e+14
2.522244e+14
3.652624e+14
4.694716e+14
5.466272e+14
5.946905e+14
6.122428e+14
5.989102e+14
5.554897e+14
4.83912e+14
3.869507e+14
2.676467e+14
2.630119e+14
3.296409e+14
3.804615e+14
4.127399e+14
4.247905e+14
4.160784e+14
3.871898e+14
3.398618e+14
2.770051e+14
2.016806e+14
3.045258e+14
3.909008e+14
4.552182e+14
4.954901e+14
5.104048e+14
4.996283e+14
4.638912e+14
4.050014e+14
3.257184e+14
2.292646e+14
2.124402e+14
2.665728e+14
3.079429e+14
3.342954e+14
3.442357e+14
3.373347e+14
3.141114e+14
2.76079e+14
2.258269e+14
1.666899e+14
2.245821e+14
2.849417e+14
3.306617e+14
3.596001e+14
3.704837e+14
3.629631e+14
3.376183e+14
2.96024e+14
2.409041e+14
1.763413e+14
2.630123e+14
3.296411e+14
3.804616e+14
4.127399e+14
4.247901e+14
4.160777e+14
3.871889e+14
3.398607e+14
2.770041e+14
2.016797e+14
2.124407e+14
2.665732e+14
3.079433e+14
3.342957e+14
3.442357e+14
3.373345e+14
3.14111e+14
2.760784e+14
2.258262e+14
1.666893e+14
2.245824e+14
2.849418e+14
3.306617e+14
3.595999e+14
3.704831e+14
3.629623e+14
3.376172e+14
2.960228e+14
2.409029e+14
1.763404e+14
3.416714e+14
4.355869e+14
5.055161e+14
5.492968e+14
5.653757e+14
5.532825e+14
5.137339e+14
4.486011e+14
3.606158e+14
2.522234e+14
3.652627e+14
4.694717e+14
5.466272e+14
5.946904e+14
6.122423e+14
5.989094e+14
5.554886e+14
4.839107e+14
3.869495e+14
2.676457e+14
3.04526e+14
3.909006e+14
4.552179e+14
4.954897e+14
5.104039e+14
4.996271e+14
4.638898e+14
4.049999e+14
3.257169e+14
2.292635e+14
2.124404e+14
2.665729e+14
3.079431e+14
3.342956e+14
3.442357e+14
3.373346e+14
3.141112e+14
2.760787e+14
2.258266e+14
1.666896e+14
3.04526e+14
3.909008e+14
4.552183e+14
4.954902e+14
5.104047e+14
4.99628e+14
4.638908e+14
4.050009e+14
3.257178e+14
2.292642e+14
2.630121e+14
3.296411e+14
3.804617e+14
4.127402e+14
4.247906e+14
4.160783e+14
3.871896e+14
3.398615e+14
2.770048e+14
2.016803e+14
3.416713e+14
4.35587e+14
5.055164e+14
5.492974e+14
5.653764e+14
5.532834e+14
5.137348e+14
4.486021e+14
3.606167e+14
2.522241e+14
2.245823e+14
2.849418e+14
3.306618e+14
3.596002e+14
3.704836e+14
3.629629e+14
3.376179e+14
2.960236e+14
2.409037e+14
1.76341e+14
3.652625e+14
4.694716e+14
5.466272e+14
5.946906e+14
6.122427e+14
5.989099e+14
5.554893e+14
4.839114e+14
3.869501e+14
2.676463e+14
3.416703e+14
4.35586e+14
5.055157e+14
5.49297e+14
5.653764e+14
5.532839e+14
5.137356e+14
4.486031e+14
3.606178e+14
2.52225e+14
3.652615e+14
4.694706e+14
5.466265e+14
5.946902e+14
6.122427e+14
5.989104e+14
5.554901e+14
4.839124e+14
3.869512e+14
2.676471e+14
2.630112e+14
3.296402e+14
3.80461e+14
4.127399e+14
4.247906e+14
4.160787e+14
3.871903e+14
3.398624e+14
2.770058e+14
2.016811e+14
3.04525e+14
3.908999e+14
4.552176e+14
4.954899e+14
5.104047e+14
4.996284e+14
4.638915e+14
4.050018e+14
3.257188e+14
2.292649e+14
2.124395e+14
2.665721e+14
3.079425e+14
3.342953e+14
3.442357e+14
3.373349e+14
3.141118e+14
2.760794e+14
2.258274e+14
1.666903e+14
2.245814e+14
2.84941e+14
3.306612e+14
3.595999e+14
3.704836e+14
3.629632e+14
3.376185e+14
2.960243e+14
2.409045e+14
1.763417e+14
3.131905e+14
4.033776e+14
4.705051e+14
5.124882e+14
5.280313e+14
5.168374e+14
4.796802e+14
4.184329e+14
3.360124e+14
2.36095e+14
2.367647e+14
3.028914e+14
3.528557e+14
3.843873e+14
3.962566e+14
3.88179e+14
3.608042e+14
3.158205e+14
2.562561e+14
1.871897e+14
2.367648e+14
3.028916e+14
3.528559e+14
3.843876e+14
3.962569e+14
3.881793e+14
3.608045e+14
3.158208e+14
2.562565e+14
1.871898e+14
3.874156e+14
5.010811e+14
5.851463e+14
6.374069e+14
6.564887e+14
6.420953e+14
5.951075e+14
5.175673e+14
4.1249e+14
2.836833e+14
3.874155e+14
5.01081e+14
5.851463e+14
6.374068e+14
6.564888e+14
6.420954e+14
5.951077e+14
5.175674e+14
4.124901e+14
2.836834e+14
3.131902e+14
4.033773e+14
4.705048e+14
5.124879e+14
5.280309e+14
5.168371e+14
4.7968e+14
4.184327e+14
3.360121e+14
2.360949e+14
2.36765e+14
3.028917e+14
3.52856e+14
3.843876e+14
3.962567e+14
3.88179e+14
3.60804e+14
3.158202e+14
2.562558e+14
1.871895e+14
3.131907e+14
4.033777e+14
4.705051e+14
5.124882e+14
5.280311e+14
5.168371e+14
4.796798e+14
4.184324e+14
3.360117e+14
2.360948e+14
3.87416e+14
5.010815e+14
5.851467e+14
6.374072e+14
6.56489e+14
6.420954e+14
5.951074e+14
5.175669e+14
4.124894e+14
2.836832e+14
3.13191e+14
4.033781e+14
4.705056e+14
5.124886e+14
5.280315e+14
5.168374e+14
4.7968e+14
4.184325e+14
3.360118e+14
2.360948e+14
2.367652e+14
3.02892e+14
3.528563e+14
3.843879e+14
3.962571e+14
3.881793e+14
3.608044e+14
3.158205e+14
2.56256e+14
1.871896e+14
3.874161e+14
5.010816e+14
5.851468e+14
6.374073e+14
6.56489e+14
6.420954e+14
5.951074e+14
5.175669e+14
4.124893e+14
2.836831e+14
3.874172e+14
5.010826e+14
5.851474e+14
6.374074e+14
6.564886e+14
6.420945e+14
5.951061e+14
5.175655e+14
4.124879e+14
2.836817e+14
3.13192e+14
4.03379e+14
4.705061e+14
5.124887e+14
5.280311e+14
5.168366e+14
4.796788e+14
4.184312e+14
3.360103e+14
2.360934e+14
3.131919e+14
4.03379e+14
4.705061e+14
5.124888e+14
5.280312e+14
5.168367e+14
4.79679e+14
4.184314e+14
3.360108e+14
2.360936e+14
3.874172e+14
5.010826e+14
5.851474e+14
6.374074e+14
6.564885e+14
6.420945e+14
5.951061e+14
5.175654e+14
4.124878e+14
2.836816e+14
2.367663e+14
3.028931e+14
3.528571e+14
3.843884e+14
3.962572e+14
3.88179e+14
3.608037e+14
3.158196e+14
2.56255e+14
1.871885e+14
2.367663e+14
3.028931e+14
3.528571e+14
3.843884e+14
3.962572e+14
3.88179e+14
3.608038e+14
3.158197e+14
2.562552e+14
1.871886e+14
2.367665e+14
3.02893e+14
3.528568e+14
3.843878e+14
3.962563e+14
3.881777e+14
3.608022e+14
3.15818e+14
2.562533e+14
1.871873e+14
3.131924e+14
4.033792e+14
4.705061e+14
5.124885e+14
5.280305e+14
5.168356e+14
4.796776e+14
4.184297e+14
3.360088e+14
2.360922e+14
2.367666e+14
3.028932e+14
3.528571e+14
3.843881e+14
3.962566e+14
3.881781e+14
3.608026e+14
3.158183e+14
2.562536e+14
1.871875e+14
3.131925e+14
4.033794e+14
4.705064e+14
5.124888e+14
5.280308e+14
5.16836e+14
4.796779e+14
4.1843e+14
3.360091e+14
2.360924e+14
3.874178e+14
5.01083e+14
5.851477e+14
6.374075e+14
6.564882e+14
6.420937e+14
5.951049e+14
5.175639e+14
4.124863e+14
2.836804e+14
3.874177e+14
5.01083e+14
5.851477e+14
6.374075e+14
6.564882e+14
6.420937e+14
5.95105e+14
5.17564e+14
4.124863e+14
2.836804e+14
2.367663e+14
3.028928e+14
3.528567e+14
3.843878e+14
3.962563e+14
3.881779e+14
3.608024e+14
3.158182e+14
2.562536e+14
1.871876e+14
3.131922e+14
4.03379e+14
4.70506e+14
5.124885e+14
5.280305e+14
5.168358e+14
4.796778e+14
4.1843e+14
3.360092e+14
2.360925e+14
2.367664e+14
3.02893e+14
3.52857e+14
3.843881e+14
3.962566e+14
3.881782e+14
3.608028e+14
3.158186e+14
2.56254e+14
1.871878e+14
3.874175e+14
5.010828e+14
5.851475e+14
6.374074e+14
6.564883e+14
6.420939e+14
5.951052e+14
5.175643e+14
4.124867e+14
2.836808e+14
3.131923e+14
4.033791e+14
4.705062e+14
5.124888e+14
5.280309e+14
5.168362e+14
4.796782e+14
4.184304e+14
3.360095e+14
2.360928e+14
3.874175e+14
5.010827e+14
5.851475e+14
6.374075e+14
6.564883e+14
6.42094e+14
5.951053e+14
5.175644e+14
4.124868e+14
2.836808e+14
2.367658e+14
3.028925e+14
3.528567e+14
3.843882e+14
3.96257e+14
3.881789e+14
3.608038e+14
3.158197e+14
2.562551e+14
1.871887e+14
2.367658e+14
3.028925e+14
3.528567e+14
3.843881e+14
3.96257e+14
3.881789e+14
3.608037e+14
3.158197e+14
2.56255e+14
1.871887e+14
3.131914e+14
4.033783e+14
4.705056e+14
5.124885e+14
5.280309e+14
5.168365e+14
4.796789e+14
4.184312e+14
3.360104e+14
2.360935e+14
3.131913e+14
4.033782e+14
4.705055e+14
5.124884e+14
5.280309e+14
5.168366e+14
4.79679e+14
4.184314e+14
3.360106e+14
2.360936e+14
3.874164e+14
5.010817e+14
5.851467e+14
6.37407e+14
6.564883e+14
6.420944e+14
5.951061e+14
5.175654e+14
4.124878e+14
2.836817e+14
3.874165e+14
5.010818e+14
5.851468e+14
6.374071e+14
6.564883e+14
6.420943e+14
5.95106e+14
5.175654e+14
4.124878e+14
2.836817e+14
2.630108e+14
3.2964e+14
3.804609e+14
4.127398e+14
4.247908e+14
4.160791e+14
3.871909e+14
3.398632e+14
2.770066e+14
2.016819e+14
3.416698e+14
4.355857e+14
5.055155e+14
5.492969e+14
5.653766e+14
5.532844e+14
5.137365e+14
4.486042e+14
3.606189e+14
2.522259e+14
2.124391e+14
2.665719e+14
3.079423e+14
3.342952e+14
3.442359e+14
3.373354e+14
3.141125e+14
2.760804e+14
2.258284e+14
1.666912e+14
3.652609e+14
4.694703e+14
5.466263e+14
5.946901e+14
6.122431e+14
5.989111e+14
5.554912e+14
4.839138e+14
3.869526e+14
2.676483e+14
2.24581e+14
2.849407e+14
3.30661e+14
3.595998e+14
3.704839e+14
3.629638e+14
3.376194e+14
2.960254e+14
2.409056e+14
1.763427e+14
3.045243e+14
3.908994e+14
4.552172e+14
4.954897e+14
5.10405e+14
4.996292e+14
4.638927e+14
4.050033e+14
3.257204e+14
2.292662e+14
3.652609e+14
4.694702e+14
5.466262e+14
5.9469e+14
6.12243e+14
5.98911e+14
5.55491e+14
4.839136e+14
3.869524e+14
2.676484e+14
3.416695e+14
4.355853e+14
5.055151e+14
5.492965e+14
5.653763e+14
5.532841e+14
5.137361e+14
4.486039e+14
3.606187e+14
2.52226e+14
3.045242e+14
3.908991e+14
4.552169e+14
4.954893e+14
5.104045e+14
4.996286e+14
4.63892e+14
4.050026e+14
3.257198e+14
2.29266e+14
2.630107e+14
3.296398e+14
3.804607e+14
4.127396e+14
4.247906e+14
4.160789e+14
3.871907e+14
3.39863e+14
2.770065e+14
2.016819e+14
2.245808e+14
2.849405e+14
3.306608e+14
3.595996e+14
3.704835e+14
3.629634e+14
3.376189e+14
2.960249e+14
2.409052e+14
1.763425e+14
2.124392e+14
2.66572e+14
3.079425e+14
3.342954e+14
3.442361e+14
3.373356e+14
3.141126e+14
2.760803e+14
2.258284e+14
1.666913e+14
2.124401e+14
2.665727e+14
3.079429e+14
3.342955e+14
3.442359e+14
3.37335e+14
3.141117e+14
2.760794e+14
2.258274e+14
1.666903e+14
2.24582e+14
2.849416e+14
3.306617e+14
3.596001e+14
3.704838e+14
3.629633e+14
3.376185e+14
2.960243e+14
2.409045e+14
1.763417e+14
3.045256e+14
3.909006e+14
4.552181e+14
4.954902e+14
5.104049e+14
4.996285e+14
4.638916e+14
4.050019e+14
3.257191e+14
2.29265e+14
2.630118e+14
3.296409e+14
3.804616e+14
4.127402e+14
4.247909e+14
4.160788e+14
3.871903e+14
3.398623e+14
2.770058e+14
2.016811e+14
3.652622e+14
4.694715e+14
5.466272e+14
5.946906e+14
6.122431e+14
5.989106e+14
5.554902e+14
4.839126e+14
3.869515e+14
2.676472e+14
3.416709e+14
4.355868e+14
5.055164e+14
5.492974e+14
5.653768e+14
5.532841e+14
5.137357e+14
4.486032e+14
3.606179e+14
2.522251e+14
3.652628e+14
4.694718e+14
5.466274e+14
5.946906e+14
6.122426e+14
5.989097e+14
5.55489e+14
4.83911e+14
3.869497e+14
2.676459e+14
3.045262e+14
3.90901e+14
4.552184e+14
4.954903e+14
5.104046e+14
4.996278e+14
4.638906e+14
4.050006e+14
3.257175e+14
2.292638e+14
2.245825e+14
2.84942e+14
3.30662e+14
3.596003e+14
3.704835e+14
3.629627e+14
3.376177e+14
2.960232e+14
2.409033e+14
1.763406e+14
2.630123e+14
3.296412e+14
3.804618e+14
4.127402e+14
4.247905e+14
4.160782e+14
3.871894e+14
3.398613e+14
2.770046e+14
2.016801e+14
3.416714e+14
4.355871e+14
5.055165e+14
5.492973e+14
5.653763e+14
5.532832e+14
5.137346e+14
4.486018e+14
3.606164e+14
2.522238e+14
2.124405e+14
2.66573e+14
3.079431e+14
3.342956e+14
3.442357e+14
3.373345e+14
3.141111e+14
2.760785e+14
2.258264e+14
1.666894e+14
3.652627e+14
4.694717e+14
5.466272e+14
5.946904e+14
6.122424e+14
5.989095e+14
5.554887e+14
4.839109e+14
3.869496e+14
2.676459e+14
3.416714e+14
4.355869e+14
5.055162e+14
5.492969e+14
5.653757e+14
5.532826e+14
5.137339e+14
4.486012e+14
3.606159e+14
2.522235e+14
3.045258e+14
3.909005e+14
4.552178e+14
4.954896e+14
5.10404e+14
4.996273e+14
4.638901e+14
4.050002e+14
3.257172e+14
2.292637e+14
2.630123e+14
3.296411e+14
3.804616e+14
4.1274e+14
4.247902e+14
4.160778e+14
3.871889e+14
3.398607e+14
2.770041e+14
2.016798e+14
2.245823e+14
2.849417e+14
3.306616e+14
3.595999e+14
3.704832e+14
3.629624e+14
3.376173e+14
2.96023e+14
2.409031e+14
1.763406e+14
2.124407e+14
2.665732e+14
3.079433e+14
3.342957e+14
3.442358e+14
3.373346e+14
3.141111e+14
2.760784e+14
2.258263e+14
1.666894e+14
2.124398e+14
2.665724e+14
3.079426e+14
3.342953e+14
3.442356e+14
3.373347e+14
3.141115e+14
2.760791e+14
2.258271e+14
1.666901e+14
2.245817e+14
2.849412e+14
3.306614e+14
3.596e+14
3.704836e+14
3.629631e+14
3.376184e+14
2.960242e+14
2.409043e+14
1.763416e+14
2.630116e+14
3.296405e+14
3.804612e+14
4.127399e+14
4.247905e+14
4.160784e+14
3.871899e+14
3.398619e+14
2.770053e+14
2.016807e+14
3.416707e+14
4.355864e+14
5.05516e+14
5.492971e+14
5.653763e+14
5.532836e+14
5.137352e+14
4.486026e+14
3.606173e+14
2.522246e+14
3.652618e+14
4.694709e+14
5.466267e+14
5.946903e+14
6.122427e+14
5.989102e+14
5.554898e+14
4.839121e+14
3.869509e+14
2.676469e+14
3.045252e+14
3.909001e+14
4.552177e+14
4.954899e+14
5.104047e+14
4.996283e+14
4.638914e+14
4.050016e+14
3.257187e+14
2.292648e+14
0
0
0
0
0
0
0
0
0
0
0
0
0
0
0
0
0
0
0
0
0
0
0
0
0
0
0
0
0
0
0
0
0
0
0
0
0
0
0
0
0
0
0
0
0
0
0
0
0
0
0
0
0
0
0
0
0
0
0
0
0
0
0
0
0
0
0
0
0
0
0
0
0
0
0
0
0
0
0
0
0
0
0
0
0
0
0
0
0
0
0
0
0
0
0
0
0
0
0
0
0
0
0
0
0
0
0
0
0
0
0
0
0
0
0
0
0
0
0
0
0
0
0
0
0
0
0
0
0
0
0
0
0
0
0
0
0
0
0
0
0
0
0
0
0
0
0
0
0
0
0
0
0
0
0
0
0
0
0
0
0
0
0
0
0
0
0
0
0
0
0
0
0
0
0
0
0
0
0
0
0
0
0
0
0
0
0
0
0
0
0
0
0
0
0
0
0
0
0
0
0
0
0
0
0
0
0
0
0
0
0
0
0
0
0
0
0
0
0
0
0
0
0
0
0
0
0
0
0
0
0
0
0
0
0
0
0
0
0
0
0
0
0
0
0
0
0
0
0
0
0
0
0
0
0
0
0
0
0
0
0
0
0
0
0
0
0
0
0
0
0
0
0
0
0
0
0
0
0
0
0
0
0
0
0
0
0
0
0
0
0
0
0
0
0
0
0
0
0
0
0
0
0
0
0
0
0
0
0
0
0
0
0
0
0
0
0
0
0
0
0
0
0
0
0
0
0
0
0
0
0
0
0
0
0
0
0
0
0
0
0
0
0
0
0
0
0
0
0
0
0
0
0
0
0
0
0
0
0
0
0
0
0
0
0
0
0
0
0
0
0
0
0
0
0
0
0
0
0
0
0
0
0
0
0
0
0
0
0
0
0
0
0
0
0
0
0
0
0
0
0
0
0
0
0
0
0
0
0
0
0
0
0
0
0
0
0
0
0
0
0
0
0
0
0
0
0
0
0
0
0
0
0
0
0
0
0
0
0
0
0
0
0
0
0
0
0
0
0
0
0
0
0
0
0
0
0
0
0
0
0
0
0
0
0
0
0
0
0
0
0
0
0
0
0
0
0
0
0
0
0
0
0
0
0
0
0
0
0
0
0
0
0
0
0
0
0
0
0
0
0
0
0
0
0
0
0
0
0
0
0
0
0
0
0
0
0
0
0
0
0
0
0
0
0
0
0
0
0
0
0
0
0
0
0
0
0
0
0
0
0
0
0
0
0
0
0
0
0
0
0
0
0
0
0
0
0
0
0
0
0
0
0
0
0
0
0
0
0
0
0
0
0
0
0
0
0
0
0
0
0
0
0
0
0
0
0
0
0
0
0
0
0
0
0
0
0
0
0
0
0
0
0
0
0
0
0
0
0
0
0
0
0
0
0
0
0
0
0
0
0
0
0
0
0
0
0
0
0
0
0
0
0
0
0
0
0
0
0
0
0
0
0
0
0
0
0
0
0
0
0
0
0
0
0
0
0
0
0
0
0
0
0
0
0
0
0
0
0
0
0
0
0
0
0
0
0
0
0
0
0
0
0
0
0
0
0
0
0
0
0
0
0
0
0
0
0
0
0
0
0
0
0
0
0
0
0
0
0
0
0
0
0
0
0
0
0
0
0
0
0
0
0
0
0
0
0
0
0
0
0
0
0
0
0
0
0
0
0
0
0
0
0
0
0
0
0
0
0
0
0
0
0
0
0
0
0
0
0
0
0
0
0
0
0
0
0
0
0
0
0
0
0
0
0
0
0
0
0
0
0
0
0
0
0
0
0
0
0
0
0
0
0
0
0
0
0
0
0
0
0
0
0
0
0
0
0
0
0
0
0
0
0
0
0
0
0
0
0
0
0
0
0
0
0
0
0
0
0
0
0
0
0
0
0
0
0
0
0
0
0
0
0
0
0
0
0
0
0
0
0
0
0
0
0
0
0
0
0
0
0
0
0
0
0
0
0
0
0
0
0
0
0
0
0
0
0
0
0
0
0
0
0
0
0
0
0
0
0
0
0
0
0
0
0
0
0
0
0
0
0
0
0
0
0
0
0
0
0
0
0
0
0
0
0
0
0
0
0
0
0
0
0
0
0
0
0
0
0
0
0
0
0
0
0
0
0
0
0
0
0
0
0
0
0
0
0
0
0
0
0
0
0
0
0
0
0
0
0
0
0
0
0
0
0
0
0
0
0
0
0
0
0
0
0
0
0
0
0
0
0
0
0
0
0
0
0
0
0
0
0
0
0
0
0
0
0
0
0
0
0
0
0
0
0
0
0
0
0
0
0
0
0
0
0
0
0
0
0
0
0
0
0
0
0
0
0
0
0
0
0
0
0
0
0
0
0
0
0
0
0
0
0
0
0
0
0
0
0
0
0
0
0
0
0
0
0
0
0
0
0
0
0
0
0
0
0
0
0
0
0
0
0
0
0
0
0
0
0
0
0
0
0
0
0
0
0
0
0
0
0
0
0
0
0
0
0
0
0
0
0
0
0
0
0
0
0
0
0
0
0
0
0
0
0
0
0
0
0
0
0
0
0
0
0
0
0
0
0
0
0
0
0
0
0
0
0
0
0
0
0
0
0
0
0
0
0
0
0
0
0
0
0
0
0
0
0
0
0
0
0
0
0
0
0
0
0
0
0
0
0
0
0
0
0
0
0
0
0
0
0
0
0
0
0
0
0
0
0
0
0
0
0
0
0
0
0
0
0
0
0
0
0
0
0
0
0
0
0
0
0
0
0
0
0
0
0
0
0
0
0
0
0
0
0
0
0
0
0
0
0
0
0
0
0
0
0
0
0
0
0
0
0
0
0
0
0
0
0
0
0
0
0
0
0
0
0
0
0
0
0
0
0
0
0
0
0
0
0
0
0
0
0
0
0
0
0
0
0
0
0
0
0
0
0
0
0
0
0
0
0
0
0
0
0
0
0
0
0
0
0
0
0
0
0
0
0
0
0
0
0
0
0
0
0
0
0
0
0
0
0
0
0
0
0
0
0
0
0
0
0
0
0
0
0
0
0
0
0
0
0
0
0
0
0
0
0
0
0
0
0
0
0
0
0
0
0
0
0
0
0
0
0
0
0
0
0
0
0
0
0
0
0
0
0
0
0
0
0
0
0
0
0
0
0
0
0
0
0
0
0
0
0
0
0
0
0
0
0
0
0
0
0
0
0
0
0
0
0
0
0
0
0
0
0
0
0
0
0
0
0
0
0
0
0
0
0
0
0
0
0
0
0
0
0
0
0
0
0
0
0
0
0
0
0
0
0
0
0
0
0
0
0
0
0
0
0
0
0
0
0
0
0
0
0
0
0
0
0
0
0
0
0
0
0
0
0
0
0
0
0
0
0
0
0
0
0
0
0
0
0
0
0
0
0
0
0
0
0
0
0
0
0
0
0
0
0
0
0
0
0
0
0
0
0
0
0
0
0
0
0
0
0
0
0
0
0
0
0
0
0
0
0
0
0
0
0
0
0
0
0
0
0
0
0
0
0
0
0
0
0
0
0
0
0
0
0
0
0
0
0
0
0
0
0
0
0
0
0
0
0
0
0
0
0
0
0
0
0
0
0
0
0
0
0
0
0
0
0
0
0
0
0
0
0
0
0
0
0
0
0
0
0
0
0
0
0
0
0
0
0
0
0
0
0
0
0
0
0
0
0
0
0
0
0
0
0
0
0
0
0
0
0
0
0
0
0
0
0
0
0
0
0
0
0
0
0
0
0
0
0
0
0
0
0
0
0
0
0
0
0
0
0
0
0
0
0
0
0
0
0
0
0
0
0
0
0
0
0
0
0
0
0
0
0
0
0
0
0
0
0
0
0
0
0
0
0
0
0
0
0
0
0
0
0
0
0
0
0
0
0
0
0
0
0
0
0
0
0
0
0
0
0
0
0
0
0
0
0
0
0
0
0
0
0
0
0
0
0
0
0
0
0
0
0
0
0
0
0
0
0
0
0
0
0
0
0
0
0
0
0
0
0
0
0
0
0
0
0
0
0
0
0
0
0
0
0
0
0
0
0
0
0
0
0
0
0
0
0
0
0
0
0
0
0
0
0
0
0
0
0
0
0
0
0
0
0
0
0
0
0
0
0
0
0
0
0
0
0
0
0
0
0
0
0
0
0
0
0
0
0
0
0
0
0
0
0
0
0
0
0
0
0
0
0
0
0
0
0
0
0
0
0
0
0
0
0
0
0
0
0
0
0
0
0
0
0
0
0
0
0
0
0
0
0
0
0
0
0
0
0
0
0
0
0
0
0
0
0
0
0
0
0
0
0
0
0
0
0
0
0
0
0
0
0
0
0
0
0
0
0
0
0
0
0
0
0
0
0
0
0
0
0
0
0
0
0
0
0
0
0
0
0
0
0
0
0
0
0
0
0
0
0
0
0
0
0
0
0
0
0
0
0
0
0
0
0
0
0
0
0
0
0
0
0
0
0
0
0
0
0
0
0
0
0
0
0
0
0
0
0
0
0
0
0
0
0
0
0
0
0
0
0
0
0
0
0
0
0
0
0
0
0
0
0
0
0
0
0
0
0
0
0
0
0
0
0
0
0
0
0
0
0
0
0
0
0
0
0
0
0
0
0
0
0
0
0
0
0
0
0
0
0
0
0
0
0
0
0
0
0
0
0
0
0
0
0
0
0
0
0
0
0
0
0
0
0
0
0
0
0
0
0
0
0
0
0
0
0
0
0
0
0
0
0
0
0
0
0
0
0
0
0
0
0
0
0
0
0
0
0
0
0
0
0
0
0
0
0
0
0
0
0
0
0
0
0
0
0
0
0
0
0
0
0
0
0
0
0
0
0
0
0
0
0
0
0
0
0
0
0
0
0
0
0
0
0
0
0
0
0
0
0
0
0
0
0
0
0
0
0
0
0
0
0
0
0
0
0
0
0
0
0
0
0
0
0
0
0
0
0
0
0
0
0
0
0
0
0
0
0
0
0
0
0
0
0
0
0
0
0
0
0
0
0
0
0
0
0
0
0
0
0
0
0
0
0
0
0
0
0
0
0
0
0
0
0
0
0
0
0
0
0
0
0
0
0
0
0
0
0
0
0
0
0
0
0
0
0
0
0
0
0
0
0
0
0
0
0
0
0
0
0
0
0
0
0
0
0
0
0
0
0
0
0
0
0
0
0
0
0
0
0
0
0
0
0
0
0
0
0
0
0
0
0
0
0
0
0
0
0
0
0
0
0
0
0
0
0
0
0
0
0
0
0
0
0
0
0
0
0
0
0
0
0
0
0
0
0
0
0
0
0
0
0
0
0
0
0
0
0
0
0
0
0
0
0
0
0
0
0
0
0
0
0
0
0
0
0
0
0
0
0
0
0
0
0
0
0
0
0
0
0
0
0
0
0
0
0
0
0
0
0
0
0
0
0
0
0
0
0
0
0
0
0
0
0
0
0
0
0
0
0
0
0
0
0
0
0
0
0
0
0
0
0
0
0
0
0
0
0
0
0
0
0
0
0
0
0
0
0
0
0
0
0
0
0
0
0
0
0
0
0
0
0
0
0
0
0
0
0
0
0
0
0
0
0
0
0
0
0
0
0
0
0
0
0
0
0
0
0
0
0
0
0
0
0
0
0
0
0
0
0
0
0
0
0
0
0
0
0
0
0
0
0
0
0
0
0
0
0
0
0
0
0
0
0
0
0
0
0
0
0
0
0
0
0
0
0
0
0
0
0
0
0
0
0
0
0
0
0
0
0
0
0
0
0
0
0
0
0
0
0
0
0
0
0
0
0
0
0
0
0
0
0
0
0
0
0
0
0
0
0
0
0
0
0
0
0
0
0
0
0
0
0
0
0
0
0
0
0
0
0
0
0
0
0
0
0
0
0
0
0
0
0
0
0
0
0
0
0
0
0
0
0
0
0
0
0
0
0
0
0
0
0
0
0
0
0
0
0
0
0
0
0
0
0
0
0
0
0
0
0
0
0
0
0
0
0
0
0
0
0
0
0
0
0
0
0
0
0
0
0
0
0
0
0
0
0
0
0
0
0
0
0
0
0
0
0
0
0
0
0
0
0
0
0
0
0
0
0
0
0
0
0
0
0
0
0
0
0
0
0
0
0
0
0
0
0
0
0
0
0
0
0
0
0
0
0
0
0
0
0
0
0
0
0
0
0
0
0
0
0
0
0
0
0
0
0
0
0
0
0
0
0
0
0
0
0
0
0
0
0
0
0
0
0
0
0
0
0
0
0
0
0
0
0
0
0
0
0
0
0
0
0
0
0
0
0
0
0
0
0
0
0
0
0
0
0
0
0
0
0
0
0
0
0
0
0
0
0
0
0
0
0
0
0
0
0
0
0
0
0
0
0
0
0
0
0
0
0
0
0
0
0
0
0
0
0
0
0
0
0
0
0
0
0
0
0
0
0
0
0
0
0
0
0
0
0
0
0
0
0
0
0
0
0
0
0
0
0
0
0
0
0
0
0
0
0
0
0
0
0
0
0
0
0
0
0
0
0
0
0
0
0
0
0
0
0
0
0
0
0
0
0
0
0
0
0
0
0
0
0
0
0
0
0
0
0
0
0
0
0
0
0
0
0
0
0
0
0
0
0
0
0
0
0
0
0
0
0
0
0
0
0
0
0
0
0
0
0
0
0
0
0
0
0
0
0
0
0
0
0
0
0
0
0
0
0
0
0
0
0
0
0
0
0
0
0
0
0
0
0
0
0
0
0
0
0
0
0
0
0
0
0
0
0
0
0
0
0
0
0
0
0
0
0
0
0
0
0
0
0
0
0
0
0
0
0
0
0
0
0
0
0
0
0
0
0
0
0
0
0
0
0
0
0
0
0
0
0
0
0
0
0
0
0
0
0
0
0
0
0
0
0
0
0
0
0
0
0
0
0
0
0
0
0
0
0
0
0
0
0
0
0
0
0
0
0
0
0
0
0
0
0
0
0
0
0
0
0
0
0
0
0
0
0
0
0
0
0
0
0
0
0
0
0
0
0
0
0
0
0
0
0
0
0
0
0
0
0
0
0
0
0
0
0
0
0
0
0
0
0
0
0
0
0
0
0
0
0
0
0
0
0
0
0
0
0
0
0
0
0
0
0
0
0
0
0
0
0
0
0
0
0
0
0
0
0
0
0
0
0
0
0
0
0
0
0
0
0
0
0
0
0
0
0
0
0
0
0
0
0
0
0
0
0
0
0
0
0
0
0
0
0
0
0
0
0
0
0
0
0
0
0
0
0
0
0
0
0
0
0
0
0
0
0
0
0
0
0
0
0
0
0
0
0
0
0
0
0
0
0
0
0
0
0
0
0
0
0
0
0
0
0
0
0
0
0
0
0
0
0
0
0
0
0
0
0
0
0
0
0
0
0
0
0
0
0
0
0
0
0
0
0
0
0
0
0
0
0
0
0
0
0
0
0
0
0
0
0
0
0
0
0
0
0
0
0
0
0
0
0
0
0
0
0
0
0
0
0
0
0
0
0
0
0
0
0
0
0
0
0
0
0
0
0
0
0
0
0
0
0
0
0
0
0
0
0
0
0
0
0
0
0
0
0
0
0
0
0
0
0
0
0
0
0
0
0
0
0
0
0
0
0
0
0
0
0
0
0
0
0
0
0
0
0
0
0
0
0
0
0
0
0
0
0
0
0
0
0
0
0
0
0
0
0
0
0
0
0
0
0
0
0
0
0
0
0
0
0
0
0
0
0
0
0
0
0
0
0
0
0
0
0
0
0
0
0
0
0
0
0
0
0
0
0
0
0
0
0
0
0
0
0
0
0
0
0
0
0
0
0
0
0
0
0
0
0
0
0
0
0
0
0
0
0
0
0
0
0
0
0
0
0
0
0
0
0
0
0
0
0
0
0
0
0
0
0
0
0
0
0
0
0
0
0
0
0
0
0
0
0
0
0
0
0
0
0
0
0
0
0
0
0
0
0
0
0
0
0
0
0
0
0
0
0
0
0
0
0
0
0
0
0
0
0
0
0
0
0
0
0
0
0
0
0
0
0
0
0
0
0
0
0
0
0
0
0
0
0
0
0
0
0
0
0
0
0
0
0
0
0
0
0
0
0
0
0
0
0
0
0
0
0
0
0
0
0
0
0
0
0
0
0
0
0
0
0
0
0
0
0
0
0
0
0
0
0
0
0
0
0
0
0
0
0
0
0
0
0
0
0
0
0
0
0
0
0
0
0
0
0
0
0
0
0
0
0
0
0
0
0
0
0
0
0
0
0
0
0
0
0
0
0
0
0
0
0
0
0
0
0
0
0
0
0
0
0
0
0
0
0
0
0
0
0
0
0
0
0
0
0
0
0
0
0
0
0
0
0
0
0
0
0
0
0
0
0
0
0
0
0
0
0
0
0
0
0
0
0
0
0
0
0
0
0
0
0
0
0
0
0
0
0
0
0
0
0
0
0
0
0
0
0
0
0
0
0
0
0
0
0
0
0
0
0
0
0
0
0
0
0
0
0
0
0
0
0
0
0
0
0
0
0
0
0
0
0
0
0
0
0
0
0
0
0
0
0
0
0
0
0
0
0
0
0
0
0
0
0
0
0
0
0
0
0
0
0
0
0
0
0
0
0
0
0
0
0
0
0
0
0
0
0
0
0
0
0
0
0
0
0
0
0
0
0
0
0
0
0
0
0
0
0
0
0
0
0
0
0
0
0
0
0
0
0
0
0
0
0
0
0
0
0
0
0
0
0
0
0
0
0
0
0
0
0
0
0
0
0
0
0
0
0
0
0
0
0
0
0
0
0
0
0
0
0
0
0
0
0
0
0
0
0
0
0
0
0
0
0
0
0
0
0
0
0
0
0
0
0
0
0
0
0
0
0
0
0
0
0
0
0
0
0
0
0
0
0
0
0
0
0
0
0
0
0
0
0
0
0
0
0
0
0
0
0
0
0
0
0
0
0
0
0
0
0
0
0
0
0
0
0
0
0
0
0
0
0
0
0
0
0
0
0
0
0
0
0
0
0
0
0
0
0
0
0
0
0
0
0
0
0
0
0
0
0
0
0
0
0
0
0
0
0
0
0
0
0
0
0
0
0
0
0
0
0
0
0
0
0
0
0
0
0
0
0
0
0
0
0
0
0
0
0
0
0
0
0
0
0
0
0
0
0
0
0
0
0
0
0
0
0
0
0
0
0
0
0
0
0
0
0
0
0
0
0
0
0
0
0
0
0
0
0
0
0
0
0
0
0
0
0
0
0
0
0
0
0
0
0
0
0
0
0
0
0
0
0
0
0
0
0
0
0
0
0
0
0
0
0
0
0
0
0
0
0
0
0
0
0
0
0
0
0
0
0
0
0
0
0
0
0
0
0
0
0
0
0
0
0
0
0
0
0
0
0
0
0
0
0
0
0
0
0
0
0
0
0
0
0
0
0
0
0
0
0
0
0
0
0
0
0
0
0
0
0
0
0
0
0
0
0
0
0
0
0
0
0
0
0
0
0
0
0
0
0
0
0
0
0
0
0
0
0
0
0
0
0
0
0
0
0
0
0
0
0
0
0
0
0
0
0
0
0
0
0
0
0
0
0
0
0
0
0
0
0
0
0
0
0
0
0
0
0
0
0
0
0
0
0
0
0
0
0
0
0
0
0
0
0
0
0
0
0
0
0
0
0
0
0
0
0
0
0
0
0
0
0
0
0
0
0
0
0
0
0
0
0
0
0
0
0
0
0
0
0
0
0
0
0
0
0
0
0
0
0
0
0
0
0
0
0
0
0
0
0
0
0
0
0
0
0
0
0
0
0
0
0
0
0
0
0
0
0
0
0
0
0
0
0
0
0
0
0
0
0
0
0
0
0
0
0
0
0
0
0
0
0
0
0
0
0
0
0
0
0
0
0
0
0
0
0
0
0
0
0
0
0
0
0
0
0
0
0
0
0
0
0
0
0
0
0
0
0
0
0
0
0
0
0
0
0
0
0
0
0
0
0
0
0
0
0
0
0
0
0
0
0
0
0
0
0
0
0
0
0
0
0
0
0
0
0
0
0
0
0
0
0
0
0
0
0
0
0
0
0
0
0
0
0
0
0
0
0
0
0
0
0
0
0
0
0
0
0
0
0
0
0
0
0
0
0
0
0
0
0
0
0
0
0
0
0
0
0
0
0
0
0
0
0
0
0
0
0
0
0
0
0
0
0
0
0
0
0
0
0
0
0
0
0
0
0
0
0
0
0
0
0
0
0
0
0
0
0
0
0
0
0
0
0
0
0
0
0
0
0
0
0
0
0
0
0
0
0
0
0
0
0
0
0
0
0
0
0
0
0
0
0
0
0
0
0
0
0
0
0
0
0
0
0
0
0
0
0
0
0
0
0
0
0
0
0
0
0
0
0
0
0
0
0
0
0
0
0
0
0
0
0
0
0
0
0
0
0
0
0
0
0
0
0
0
0
0
0
0
0
0
0
0
0
0
0
0
0
0
0
0
0
0
0
0
0
0
0
0
0
0
0
0
0
0
0
0
0
0
0
0
0
0
0
0
0
0
0
0
0
0
0
0
0
0
0
0
0
0
0
0
0
0
0
0
0
0
0
0
0
0
0
0
0
0
0
0
0
0
0
0
0
0
0
0
0
0
0
0
0
0
0
0
0
0
0
0
0
0
0
0
0
0
0
0
0
0
0
0
0
0
0
0
0
0
0
0
0
0
0
0
0
0
0
0
0
0
0
0
0
0
0
0
0
0
0
0
0
0
0
0
0
0
0
0
0
0
0
0
0
0
0
0
0
0
0
0
0
0
0
0
0
0
0
0
0
0
0
0
0
0
0
0
0
0
0
0
0
0
0
0
0
0
0
0
0
0
0
0
0
0
0
0
0
0
0
0
0
0
0
0
0
0
0
0
0
0
0
0
0
0
0
0
0
0
0
0
0
0
0
0
0
0
0
0
0
0
0
0
0
0
0
0
0
0
0
0
0
0
0
0
0
0
0
0
0
0
0
0
0
0
0
0
0
0
0
0
0
0
0
0
0
0
0
0
0
0
0
0
0
0
0
0
0
0
0
0
0
0
0
0
0
0
0
0
0
0
0
0
0
0
0
0
0
0
0
0
0
0
0
0
0
0
0
0
0
0
0
0
0
0
0
0
0
0
0
0
0
0
0
0
0
0
0
0
0
0
0
0
0
0
0
0
0
0
0
0
0
0
0
0
0
0
0
0
0
0
0
0
0
0
0
0
0
0
0
0
0
0
0
0
0
0
0
0
0
0
0
0
0
0
0
0
0
0
0
0
0
0
0
0
0
0
0
0
0
0
0
0
0
0
0
0
0
0
0
0
0
0
0
0
0
0
0
0
0
0
0
0
0
0
0
0
0
0
0
0
0
0
0
0
0
0
0
0
0
0
0
0
0
0
0
0
0
0
0
0
0
0
0
0
0
0
0
0
0
0
0
0
0
0
0
0
0
0
0
0
0
0
0
0
0
0
0
0
0
0
0
0
0
0
0
0
0
0
0
0
0
0
0
0
0
0
0
0
0
0
0
0
0
0
0
0
0
0
0
0
0
0
0
0
0
0
0
0
0
0
0
0
0
0
0
0
0
0
0
0
0
0
0
0
0
0
0
0
0
0
0
0
0
0
0
0
0
0
0
0
0
0
0
0
0
0
0
0
0
0
0
0
0
0
0
0
0
0
0
0
0
0
0
0
0
0
0
0
0
0
0
0
0
0
0
0
0
0
0
0
0
0
0
0
0
0
0
0
0
0
0
0
0
0
0
0
0
0
0
0
0
0
0
0
0
0
0
0
0
0
0
0
0
0
0
0
0
0
0
0
0
0
0
0
0
0
0
0
0
0
0
0
0
0
0
0
0
0
0
0
0
0
0
0
0
0
0
0
0
0
0
0
0
0
0
0
0
0
0
0
0
0
0
0
0
0
0
0
0
0
0
0
0
0
0
0
0
0
0
0
0
0
0
0
0
0
0
0
0
0
0
0
0
0
0
0
0
0
0
0
0
0
0
0
0
0
0
0
0
0
0
0
0
0
0
0
0
0
0
0
0
0
0
0
0
0
0
0
0
0
0
0
0
0
0
0
0
0
0
0
0
0
0
0
0
0
0
0
0
0
0
0
0
0
0
0
0
0
0
0
0
0
0
0
0
0
0
0
0
0
0
0
0
0
0
0
0
0
0
0
0
0
0
0
0
0
0
0
0
0
0
0
0
0
0
0
0
0
0
0
0
0
0
0
0
0
0
0
0
0
0
0
0
0
0
0
0
0
0
0
0
0
0
0
0
0
0
0
0
0
0
0
0
0
0
0
0
0
0
0
0
0
0
0
0
0
0
0
0
0
0
0
0
0
0
0
0
0
0
0
0
0
0
0
0
0
0
0
0
0
0
0
0
0
0
0
0
0
0
0
0
0
0
0
0
0
0
0
0
0
0
0
0
0
0
0
0
0
0
0
0
0
0
0
0
0
0
0
0
0
0
0
0
0
0
0
0
0
0
0
0
0
0
0
0
0
0
0
0
0
0
0
0
0
0
0
0
0
0
0
0
0
0
0
0
0
0
0
0
0
0
0
0
0
0
0
0
0
0
0
0
0
0
0
0
0
0
0
0
0
0
0
0
0
0
0
0
0
0
0
0
0
0
0
0
0
0
0
0
0
0
0
0
0
0
0
0
0
0
0
0
0
0
0
0
0
0
0
0
0
0
0
0
0
0
0
0
0
0
0
0
0
0
0
0
0
0
0
0
0
0
0
0
0
0
0
0
0
0
0
0
0
0
0
0
0
0
0
0
0
0
0
0
0
0
0
0
0
0
0
0
0
0
0
0
0
0
0
0
0
0
0
0
0
0
0
0
0
0
0
0
0
0
0
0
0
0
0
0
0
0
0
0
0
0
0
0
0
0
0
0
0
0
0
0
0
0
0
0
0
0
0
0
0
0
0
0
0
0
0
0
0
0
0
0
0
0
0
0
0
0
0
0
0
0
0
0
0
0
0
0
0
0
0
0
0
0
0
0
0
0
0
0
0
0
0
0
0
0
0
0
0
0
0
0
0
0
0
0
0
0
0
0
0
0
0
0
0
0
0
0
0
0
0
0
0
0
0
0
0
0
0
0
0
0
0
0
0
0
0
0
0
0
0
0
0
0
0
0
0
0
0
0
0
0
0
0
0
0
0
0
0
0
0
0
0
0
0
0
0
0
0
0
0
0
0
0
0
0
0
0
0
0
0
0
0
0
0
0
0
0
0
0
0
0
0
0
0
0
0
0
0
0
0
0
0
0
0
0
0
0
0
0
0
0
0
0
0
0
0
0
0
0
0
0
0
0
0
0
0
0
0
0
0
0
0
0
0
0
0
0
0
0
0
0
0
0
0
0
0
0
0
0
0
0
0
0
0
0
0
0
0
0
0
0
0
0
0
0
0
0
0
0
0
0
0
0
0
0
0
0
0
0
0
0
0
0
0
0
0
0
0
0
0
0
0
0
0
0
0
0
0
0
0
0
0
0
0
0
0
0
0
0
0
0
0
0
0
0
0
0
0
0
0
0
0
0
0
0
0
0
0
0
0
0
0
0
0
0
0
0
0
0
0
0
0
0
0
0
0
0
0
0
0
0
0
0
0
0
0
0
0
0
0
0
0
0
0
0
0
0
0
0
0
0
0
0
0
0
0
0
0
0
0
0
0
0
0
0
0
0
0
0
0
0
0
0
0
0
0
0
0
0
0
0
0
0
0
0
0
0
0
0
0
0
0
0
0
0
0
0
0
0
0
0
0
0
0
0
0
0
0
0
0
0
0
0
0
0
0
0
0
0
0
0
0
0
0
0
0
0
0
0
0
0
0
0
0
0
0
0
0
0
0
0
0
0
0
0
0
0
0
0
0
0
0
0
0
0
0
0
0
0
0
0
0
0
0
0
0
0
0
0
0
0
0
0
0
0
0
0
0
0
0
0
0
0
0
0
0
0
0
0
0
0
0
0
0
0
0
0
0
0
0
0
0
0
0
0
0
0
0
0
0
0
0
0
0
0
0
0
0
0
0
0
0
0
0
0
0
0
0
0
0
0
0
0
0
0
0
0
0
0
0
0
0
0
0
0
0
0
0
0
0
0
0
0
0
0
0
0
0
0
0
0
0
0
0
0
0
0
0
0
0
0
0
0
0
0
0
0
0
0
0
0
0
0
0
0
0
0
0
0
0
0
0
0
0
0
0
0
0
0
0
0
0
0
0
0
0
0
0
0
0
0
0
0
0
0
0
0
0
0
0
0
0
0
0
0
0
0
0
0
0
0
0
0
0
0
0
0
0
0
0
0
0
0
0
0
0
0
0
0
0
0
0
0
0
0
0
0
0
0
0
0
0
0
0
0
0
0
0
0
0
0
0
0
0
0
0
0
0
0
0
0
0
0
0
0
0
0
0
0
0
0
0
0
0
0
0
0
0
0
0
0
0
0
0
0
0
0
0
0
0
0
0
0
0
0
0
0
0
0
0
0
0
0
0
0
0
0
0
0
0
0
0
0
0
0
0
0
0
0
0
0
0
0
0
0
0
0
0
0
0
0
0
0
0
0
0
0
0
0
0
0
0
0
0
0
0
0
0
0
0
0
0
0
0
0
0
0
0
0
0
0
0
0
0
0
0
0
0
0
0
0
0
0
0
0
0
0
0
0
0
0
0
0
0
0
0
0
0
0
0
0
0
0
0
0
0
0
0
0
0
0
0
0
0
0
0
0
0
0
0
0
0
0
0
0
0
0
0
0
0
0
0
0
0
0
0
0
0
0
0
0
0
0
0
0
0
0
0
0
0
0
0
0
0
0
0
0
0
0
0
0
0
0
0
0
0
0
0
0
0
0
0
0
0
0
0
0
0
0
0
0
0
0
0
0
0
0
0
0
0
0
0
0
0
0
0
0
0
0
0
0
0
0
0
0
0
0
0
0
0
0
0
0
0
0
0
0
0
0
0
0
0
0
0
0
0
0
0
0
0
0
0
0
0
0
0
0
0
0
0
0
0
0
0
0
0
0
0
0
0
0
0
0
0
0
0
0
0
0
0
0
0
0
0
0
0
0
0
0
0
0
0
0
0
0
0
0
0
0
0
0
0
0
0
0
0
0
0
0
0
0
0
0
0
0
0
0
0
0
0
0
0
0
0
0
0
0
0
0
0
0
0
0
0
0
0
0
0
0
0
0
0
0
0
0
0
0
0
0
0
0
0
0
0
0
0
0
0
0
0
0
0
0
0
0
0
0
0
0
0
0
0
0
0
0
0
0
0
0
0
0
0
0
0
0
0
0
0
0
0
0
0
0
0
0
0
0
0
0
0
0
0
0
0
0
0
0
0
0
0
0
0
0
0
0
0
0
0
0
0
0
0
0
0
0
0
0
0
0
0
0
0
0
0
0
0
0
0
0
0
0
0
0
0
0
0
0
0
0
0
0
0
0
0
0
0
0
0
0
0
0
0
0
0
0
0
0
0
0
0
0
0
0
0
0
0
0
0
0
0
0
0
0
0
0
0
0
0
0
0
0
0
0
0
0
0
0
0
0
0
0
0
0
0
0
0
0
0
0
0
0
0
0
0
0
0
0
0
0
0
0
0
0
0
0
0
0
0
0
0
0
0
0
0
0
0
0
0
0
0
0
0
0
0
0
0
0
0
0
0
0
0
0
0
0
0
0
0
0
0
0
0
0
0
0
0
0
0
0
0
0
0
0
0
0
0
0
0
0
0
0
0
0
0
0
0
0
0
0
0
0
0
0
0
0
0
0
0
0
0
0
0
0
0
0
0
0
0
0
0
0
0
0
0
0
0
0
0
0
0
0
0
0
0
0
0
0
0
0
0
0
0
0
0
0
0
0
0
0
0
0
0
0
0
0
0
0
0
0
0
0
0
0
0
0
0
0
0
0
0
0
0
0
0
0
0
0
0
0
0
0
0
0
0
0
0
0
0
0
0
0
0
0
0
0
0
0
0
0
0
0
0
0
0
0
0
0
0
0
0
0
0
0
0
0
0
0
0
0
0
0
0
0
0
0
0
0
0
0
0
0
0
0
0
0
0
0
0
0
0
0
0
0
0
0
0
0
0
0
0
0
0
0
0
0
0
0
0
0
0
0
0
0
0
0
0
0
0
0
0
0
0
0
0
0
0
0
0
0
0
0
0
0
0
0
0
0
0
0
0
0
0
0
0
0
0
0
0
0
0
0
0
0
0
0
0
0
0
0
0
0
0
0
0
0
0
0
0
0
0
0
0
0
0
0
0
0
0
0
0
0
0
0
0
0
0
0
0
0
0
0
0
0
0
0
0
0
0
0
0
0
0
0
0
0
0
0
0
0
0
0
0
0
0
0
0
0
0
0
0
0
0
0
0
0
0
0
0
0
0
0
0
0
0
0
0
0
0
0
0
0
0
0
0
0
0
0
0
0
0
0
0
0
0
0
0
0
0
0
0
0
0
0
0
0
0
0
0
0
0
0
0
0
0
0
0
0
0
0
0
0
0
0
0
0
0
0
0
0
0
0
0
0
0
0
0
0
0
0
0
0
0
0
0
0
0
0
0
0
0
0
0
0
0
0
0
0
0
0
0
0
0
0
0
0
0
0
0
0
0
0
0
0
0
0
0
0
0
0
0
0
0
0
0
0
0
0
0
0
0
0
0
0
0
0
0
0
0
0
0
0
0
0
0
0
0
0
0
0
0
0
0
0
0
0
0
0
0
0
0
0
0
0
0
0
0
0
0
0
0
0
0
0
0
0
0
0
0
0
0
0
0
0
0
0
0
0
0
0
0
0
0
0
0
0
0
0
0
0
0
0
0
0
0
0
0
0
0
0
0
0
0
0
0
0
0
0
0
0
0
0
0
0
0
0
0
0
0
0
0
0
0
0
0
0
0
0
0
0
0
0
0
0
0
0
0
0
0
0
0
0
0
0
0
0
0
0
0
0
0
0
0
0
0
0
0
0
0
0
0
0
0
0
0
0
0
0
0
0
0
0
0
0
0
0
0
0
0
0
0
0
0
0
0
0
0
0
0
0
0
0
0
0
0
0
0
0
0
0
0
0
0
0
0
0
0
0
0
0
0
0
0
0
0
0
0
0
0
0
0
0
0
0
0
0
0
0
0
0
0
0
0
0
0
0
0
0
0
0
0
0
0
0
0
0
0
0
0
0
0
0
0
0
0
0
0
0
0
0
0
0
0
0
0
0
0
0
0
0
0
0
0
0
0
0
0
0
0
0
0
0
0
0
0
0
0
0
0
0
0
0
0
0
0
0
0
0
0
0
0
0
0
0
0
0
0
0
0
0
0
0
0
0
0
0
0
0
0
0
0
0
0
0
0
0
0
0
0
0
0
0
0
0
0
0
0
0
0
0
0
0
0
0
0
0
0
0
0
0
0
0
0
0
0
0
0
0
0
0
0
0
0
0
0
0
0
0
0
0
0
0
0
0
0
0
0
0
0
0
0
0
0
0
0
0
0
0
0
0
0
0
0
0
0
0
0
0
0
0
0
0
0
0
0
0
0
0
0
0
0
0
0
0
0
0
0
0
0
0
0
0
0
0
0
0
0
0
0
0
0
0
0
0
0
0
0
0
0
0
0
0
0
0
0
0
0
0
0
0
0
0
0
0
0
0
0
0
0
0
0
0
0
0
0
0
0
0
0
0
0
0
0
0
0
0
0
0
0
0
0
0
0
0
0
0
0
0
0
0
0
0
0
0
0
0
0
0
0
0
0
0
0
0
0
0
0
0
0
0
0
0
0
0
0
0
0
0
0
0
0
0
0
0
0
0
0
0
0
0
0
0
0
0
0
0
0
0
0
0
0
0
0
0
0
0
0
0
0
0
0
0
0
0
0
0
0
0
0
0
0
0
0
0
0
0
0
0
0
0
0
0
0
0
0
0
0
0
0
0
0
0
0
0
0
0
0
0
0
0
0
0
0
0
0
0
0
0
0
0
0
0
0
0
0
0
0
0
0
0
0
0
0
0
0
0
0
0
0
0
0
0
0
0
0
0
0
0
0
0
0
0
0
0
0
0
0
0
0
0
0
0
0
0
0
0
0
0
0
0
0
0
0
0
0
0
0
0
0
0
0
0
0
0
0
0
0
0
0
0
0
0
0
0
0
0
0
0
0
0
0
0
0
0
0
0
0
0
0
0
0
0
0
0
0
0
0
0
0
0
0
0
0
0
0
0
0
0
0
0
0
0
0
0
0
0
0
0
0
0
0
0
0
0
0
0
0
0
0
0
0
0
0
0
0
0
0
0
0
0
0
0
0
0
0
0
0
0
0
0
0
0
0
0
0
0
0
0
0
0
0
0
0
0
0
0
0
0
0
0
0
0
0
0
0
0
0
0
0
0
0
0
0
0
0
0
0
0
0
0
0
0
0
0
0
0
0
0
0
0
0
0
0
0
0
0
0
0
0
0
0
0
0
0
0
0
0
0
0
0
0
0
0
0
0
0
0
0
0
0
0
0
0
0
0
0
0
0
0
0
0
0
0
0
0
0
0
0
0
0
0
0
0
0
0
0
0
0
0
0
0
0
0
0
0
0
0
0
0
0
0
0
0
0
0
0
0
0
0
0
0
0
0
0
0
0
0
0
0
0
0
0
0
0
0
0
0
0
0
0
0
0
0
0
0
0
0
0
0
0
0
0
0
0
0
0
0
0
0
0
0
0
0
0
0
0
0
0
0
0
0
0
0
0
0
0
0
0
0
0
0
0
0
0
0
0
0
0
0
0
0
0
0
0
0
0
0
0
0
0
0
0
0
0
0
0
0
0
0
0
0
0
0
0
0
0
0
0
0
0
0
0
0
0
0
0
0
0
0
0
0
0
0
0
0
0
0
0
0
0
0
0
0
0
0
0
0
0
0
0
0
0
0
0
0
0
0
0
0
0
0
0
0
0
0
0
0
0
0
0
0
0
0
0
0
0
0
0
0
0
0
0
0
0
0
0
0
0
0
0
0
0
0
0
0
0
0
0
0
0
0
0
0
0
0
0
0
0
0
0
0
0
0
0
0
0
0
0
0
0
0
0
0
0
0
0
0
0
0
0
0
0
0
0
0
0
0
0
0
0
0
0
0
0
0
0
0
0
0
0
0
0
0
0
0
0
0
0
0
0
0
0
0
0
0
0
0
0
0
0
0
0
0
0
0
0
0
0
0
0
0
0
0
0
0
0
0
0
0
0
0
0
0
0
0
0
0
0
0
0
0
0
0
0
0
0
0
0
0
0
0
0
0
0
0
0
0
0
0
0
0
0
0
0
0
0
0
0
0
0
0
0
0
0
0
0
0
0
0
0
0
0
0
0
0
0
0
0
0
0
0
0
0
0
0
0
0
0
0
0
0
0
0
0
0
0
0
0
0
0
0
0
0
0
0
0
0
0
0
0
0
0
0
0
0
0
0
0
0
0
0
0
0
0
0
0
0
0
0
0
0
0
0
0
0
0
0
0
0
0
0
0
0
0
0
0
0
0
0
0
0
0
0
0
0
0
0
0
0
0
0
0
0
0
0
0
0
0
0
0
0
0
0
0
0
0
0
0
0
0
0
0
0
0
0
0
0
0
0
0
0
0
0
0
0
0
0
0
0
0
0
0
0
0
0
0
0
0
0
0
0
0
0
0
0
0
0
0
0
0
0
0
0
0
0
0
0
0
0
0
0
0
0
0
0
0
0
0
0
0
0
0
0
0
0
0
0
0
0
0
0
0
0
0
0
0
0
0
0
0
0
0
0
0
0
0
0
0
0
0
0
0
0
0
0
0
0
0
0
0
0
0
0
0
0
0
0
0
0
0
0
0
0
0
0
0
0
0
0
0
0
0
0
0
0
0
0
0
0
0
0
0
0
0
0
0
0
0
0
0
0
0
0
0
0
0
0
0
0
0
0
0
0
0
0
0
0
0
0
0
0
0
0
0
0
0
0
0
0
0
0
0
0
0
0
0
0
0
0
0
0
0
0
0
0
0
0
0
0
0
0
0
0
0
0
0
0
0
0
0
0
0
0
0
0
0
0
0
0
0
0
0
0
0
0
0
0
0
0
0
0
0
0
0
0
0
0
0
0
0
0
0
0
0
0
0
0
0
0
0
0
0
0
0
0
0
0
0
0
0
0
0
0
0
0
0
0
0
0
0
0
0
0
0
0
0
0
0
0
0
0
0
0
0
0
0
0
0
0
0
0
0
0
0
0
0
0
0
0
0
0
0
0
0
0
0
0
0
0
0
0
0
0
0
0
0
0
0
0
0
0
0
0
0
0
0
0
0
0
0
0
0
0
0
0
0
0
0
0
0
0
0
0
0
0
0
0
0
0
0
0
0
0
0
0
0
0
0
0
0
0
0
0
0
0
0
0
0
0
0
0
0
0
0
0
0
0
0
0
0
0
0
0
0
0
0
0
0
0
0
0
0
0
0
0
0
0
0
0
0
0
0
0
0
0
0
0
0
0
0
0
0
0
0
0
0
0
0
0
0
0
0
0
0
0
0
0
0
0
0
0
0
0
0
0
0
0
0
0
0
0
0
0
0
0
0
0
0
0
0
0
0
0
0
0
0
0
0
0
0
0
0
0
0
0
0
0
0
0
0
0
0
0
0
0
0
0
0
0
0
0
0
0
0
0
0
0
0
0
0
0
0
0
0
0
0
0
0
0
0
0
0
0
0
0
0
0
0
0
0
0
0
0
0
0
0
0
0
0
0
0
0
0
0
0
0
0
0
0
0
0
0
0
0
0
0
0
0
0
0
0
0
0
0
0
0
0
0
0
0
0
0
0
0
0
0
0
0
0
0
0
0
0
0
0
0
0
0
0
0
0
0
0
0
0
0
0
0
0
0
0
0
0
0
0
0
0
0
0
0
0
0
0
0
0
0
0
0
0
0
0
0
0
0
0
0
0
0
0
0
0
0
0
0
0
0
0
0
0
0
0
0
0
0
0
0
0
0
0
0
0
0
0
0
0
0
0
0
0
0
0
0
0
0
0
0
0
0
0
0
0
0
0
0
0
0
0
0
0
0
0
0
0
0
0
0
0
0
0
0
0
0
0
0
0
0
0
0
0
0
0
0
0
0
0
0
0
0
0
0
0
0
0
0
0
0
0
0
0
0
0
0
0
0
0
0
0
0
0
0
0
0
0
0
0
0
0
0
0
0
0
0
0
0
0
0
0
0
0
0
0
0
0
0
0
0
0
0
0
0
0
0
0
0
0
0
0
0
0
0
0
0
0
0
0
0
0
0
0
0
0
0
0
0
0
0
0
0
0
0
0
0
0
0
0
0
0
0
0
0
0
0
0
0
0
0
0
0
0
0
0
0
0
0
0
0
0
0
0
0
0
0
0
0
0
0
0
0
0
0
0
0
0
0
0
0
0
0
0
0
0
0
0
0
0
0
0
0
0
0
0
0
0
0
0
0
0
0
0
0
0
0
0
0
0
0
0
0
0
0
0
0
0
0
0
0
0
0
0
0
0
0
0
0
0
0
0
0
0
0
0
0
0
0
0
0
0
0
0
0
0
0
0
0
0
0
0
0
0
0
0
0
0
0
0
0
0
0
0
0
0
0
0
0
0
0
0
0
0
0
0
0
0
0
0
0
0
0
0
0
0
0
0
0
0
0
0
0
0
0
0
0
0
0
0
0
0
0
0
0
0
0
0
0
0
0
0
0
0
0
0
0
0
0
0
0
0
0
0
0
0
0
0
0
0
0
0
0
0
0
0
0
0
0
0
0
0
0
0
0
0
0
0
0
0
0
0
0
0
0
0
0
0
0
0
0
0
0
0
0
0
0
0
0
0
0
0
0
0
0
0
0
0
0
0
0
0
0
0
0
0
0
0
0
0
0
0
0
0
0
0
0
0
0
0
0
0
0
0
0
0
0
0
0
0
0
0
0
0
0
0
0
0
0
0
0
0
0
0
0
0
0
0
0
0
0
0
0
0
0
0
0
0
0
0
0
0
0
0
0
0
0
0
0
0
0
0
0
0
0
0
0
0
0
0
0
0
0
0
0
0
0
0
0
0
0
0
0
0
0
0
0
0
0
0
0
0
0
0
0
0
0
0
0
0
0
0
0
0
0
0
0
0
0
0
0
0
0
0
0
0
0
0
0
0
0
0
0
0
0
0
0
0
0
0
0
0
0
0
0
0
0
0
0
0
0
0
0
0
0
0
0
0
0
0
0
0
0
0
0
0
0
0
0
0
0
0
0
0
0
0
0
0
0
0
0
0
0
0
0
0
0
0
0
0
0
0
0
0
0
0
0
0
0
0
0
0
0
0
0
0
0
0
0
0
0
0
0
0
0
0
0
0
0
0
0
0
0
0
0
0
0
0
0
0
0
0
0
0
0
0
0
0
0
0
0
0
0
0
0
0
0
0
0
0
0
0
0
0
0
0
0
0
0
0
0
0
0
0
0
0
0
0
0
0
0
0
0
0
0
0
0
0
0
0
0
0
0
0
0
0
0
0
0
0
0
0
0
0
0
0
0
0
0
0
0
0
0
0
0
0
0
0
0
0
0
0
0
0
0
0
0
0
0
0
0
0
0
0
0
0
0
0
0
0
0
0
0
0
0
0
0
0
0
0
0
0
0
0
0
0
0
0
0
0
0
0
0
0
0
0
0
0
0
0
0
0
0
0
0
0
0
0
0
0
0
0
0
0
0
0
0
0
0
0
0
0
0
0
0
0
0
0
0
0
0
0
0
0
0
0
0
0
0
0
0
0
0
0
0
0
0
0
0
0
0
0
0
0
0
0
0
0
0
0
0
0
0
0
0
0
0
0
0
0
0
0
0
0
0
0
0
0
0
0
0
0
0
0
0
0
0
0
0
0
0
0
0
0
0
0
0
0
0
0
0
0
0
0
0
0
0
0
0
0
0
0
0
0
0
0
0
0
0
0
0
0
0
0
0
0
0
0
0
0
0
0
0
0
0
0
0
0
0
0
0
0
0
0
0
0
0
0
0
0
0
0
0
0
0
0
0
0
0
0
0
0
0
0
0
0
0
0
0
0
0
0
0
0
0
0
0
0
0
0
0
0
0
0
0
0
0
0
0
0
0
0
0
0
0
0
0
0
0
0
0
0
0
0
0
0
0
0
0
0
0
0
0
0
0
0
0
0
0
0
0
0
0
0
0
0
0
0
0
0
0
0
0
0
0
0
0
0
0
0
0
0
0
0
0
0
0
0
0
0
0
0
0
0
0
0
0
0
0
0
0
0
0
0
0
0
0
0
0
0
0
0
0
0
0
0
0
0
0
0
0
0
0
0
0
0
0
0
0
0
0
0
0
0
0
0
0
0
0
0
0
0
0
0
0
0
0
0
0
0
0
0
0
0
0
0
0
0
0
0
0
0
0
0
0
0
0
0
0
0
0
0
0
0
0
0
0
0
0
0
0
0
0
0
0
0
0
0
0
0
0
0
0
0
0
0
0
0
0
0
0
0
0
0
0
0
0
0
0
0
0
0
0
0
0
0
0
0
0
0
0
0
0
0
0
0
0
0
0
0
0
0
0
0
0
0
0
0
0
0
0
0
0
0
0
0
0
0
0
0
0
0
0
0
0
0
0
0
0
0
0
0
0
0
0
0
0
0
0
0
0
0
0
0
0
0
0
0
0
0
0
0
0
0
0
0
0
0
0
0
0
0
0
0
0
0
0
0
0
0
0
0
0
0
0
0
0
0
0
0
0
0
0
0
0
0
0
0
0
0
0
0
0
0
0
0
0
0
0
0
0
0
0
0
0
0
0
0
0
0
0
0
0
0
0
0
0
0
0
0
0
0
0
0
0
0
0
0
0
0
0
0
0
0
0
0
0
0
0
0
0
0
0
0
0
0
0
0
0
0
0
0
0
0
0
0
0
0
0
0
0
0
0
0
0
0
0
0
0
0
0
0
0
0
0
0
0
0
0
0
0
0
0
0
0
0
0
0
0
0
0
0
0
0
0
0
0
0
0
0
0
0
0
0
0
0
0
0
0
0
0
0
0
0
0
0
0
0
0
0
0
0
0
0
0
0
0
0
0
0
0
0
0
0
0
0
0
0
0
0
0
0
0
0
0
0
0
0
0
0
0
0
0
0
0
0
0
0
0
0
0
0
0
0
0
0
0
0
0
0
0
0
0
0
0
0
0
0
0
0
0
0
0
0
0
0
0
0
0
0
0
0
0
0
0
0
0
0
0
0
0
0
0
0
0
0
0
0
0
0
0
0
0
0
0
0
0
0
0
0
0
0
0
0
0
0
0
0
0
0
0
0
0
0
0
0
0
0
0
0
0
0
0
0
0
0
0
0
0
0
0
0
0
0
0
0
0
0
0
0
0
0
0
0
0
0
0
0
0
0
0
0
0
0
0
0
0
0
0
0
0
0
0
0
0
0
0
0
0
0
0
0
0
0
0
0
0
0
0
0
0
0
0
0
0
0
0
0
0
0
0
0
0
0
0
0
0
0
0
0
0
0
0
0
0
0
0
0
0
0
0
0
0
0
0
0
0
0
0
0
0
0
0
0
0
0
0
0
0
0
0
0
0
0
0
0
0
0
0
0
0
0
0
0
0
0
0
0
0
0
0
0
0
0
0
0
0
0
0
0
0
0
0
0
0
0
0
0
0
0
0
0
0
0
0
0
0
0
0
0
0
0
0
0
0
0
0
0
0
0
0
0
0
0
0
0
0
0
0
0
0
0
0
0
0
0
0
0
0
0
0
0
0
0
0
0
0
0
0
0
0
0
0
0
0
0
0
0
0
0
0
0
0
0
0
0
0
0
0
0
0
0
0
0
0
0
0
0
0
0
0
0
0
0
0
0
0
0
0
0
0
0
0
0
0
0
0
0
0
0
0
0
0
0
0
0
0
0
0
0
0
0
0
0
0
0
0
0
0
0
0
0
0
0
0
0
0
0
0
0
0
0
0
0
0
0
0
0
0
0
0
0
0
0
0
0
0
0
0
0
0
0
0
0
0
0
0
0
0
0
0
0
0
0
0
0
0
0
0
0
0
0
0
0
0
0
0
0
0
0
0
0
0
0
0
0
0
0
0
0
0
0
0
0
0
0
0
0
0
0
0
0
0
0
0
0
0
0
0
0
0
0
0
0
0
0
0
0
0
0
0
0
0
0
0
0
0
0
0
0
0
0
0
0
0
0
0
0
0
0
0
0
0
0
0
0
0
0
0
0
0
0
0
0
0
0
0
0
0
0
0
0
0
0
0
0
0
0
0
0
0
0
0
0
0
0
0
0
0
0
0
0
0
0
0
0
0
0
0
0
0
0
0
0
0
0
0
0
0
0
0
0
0
0
0
0
0
0
0
0
0
0
0
0
0
0
0
0
0
0
0
0
0
0
0
0
0
0
0
0
0
0
0
0
0
0
0
0
0
0
0
0
0
0
0
0
0
0
0
0
0
0
0
0
0
0
0
0
0
0
0
0
0
0
0
0
0
0
0
0
0
0
0
0
0
0
0
0
0
0
0
0
0
0
0
0
0
0
0
0
0
0
0
0
0
0
0
0
0
0
0
0
0
0
0
0
0
0
0
0
0
0
0
0
0
0
0
0
0
0
0
0
0
0
0
0
0
0
0
0
0
0
0
0
0
0
0
0
0
0
0
0
0
0
0
0
0
0
0
0
0
0
0
0
0
0
0
0
0
0
0
0
0
0
0
0
0
0
0
0
0
0
0
0
0
0
0
0
0
0
0
0
0
0
0
0
0
0
0
0
0
0
0
0
0
0
0
0
0
0
0
0
0
0
0
0
0
0
0
0
0
0
0
0
0
0
0
0
0
0
0
0
0
0
0
0
0
0
0
0
0
0
0
0
0
0
0
0
0
0
0
0
0
0
0
0
0
0
0
0
0
0
0
0
0
0
0
0
0
0
0
0
0
0
0
0
0
0
0
0
0
0
0
0
0
0
0
0
0
0
0
0
0
0
0
0
0
0
0
0
0
0
0
0
0
0
0
0
0
0
0
0
0
0
0
0
0
0
0
0
0
0
0
0
0
0
0
0
0
0
0
0
0
0
0
0
0
0
0
0
0
0
0
0
0
0
0
0
0
0
0
0
0
0
0
0
0
0
0
0
0
0
0
0
0
0
0
0
0
0
0
0
0
0
0
0
0
0
0
0
0
0
0
0
0
0
0
0
0
0
0
0
0
0
0
0
0
0
0
0
0
0
0
0
0
0
0
0
0
0
0
0
0
0
0
0
0
0
0
0
0
0
0
0
0
0
0
0
0
0
0
0
0
0
0
0
0
0
0
0
0
0
0
0
0
0
0
0
0
0
0
0
0
0
0
0
0
0
0
0
0
0
0
0
0
0
0
0
0
0
0
0
0
0
0
0
0
0
0
0
0
0
0
0
0
0
0
0
0
0
0
0
0
0
0
0
0
0
0
0
0
0
0
0
0
0
0
0
0
0
0
0
0
0
0
0
0
0
0
0
0
0
0
0
0
0
0
0
0
0
0
0
0
0
0
0
0
0
0
0
0
0
0
0
0
0
0
0
0
0
0
0
0
0
0
0
0
0
0
0
0
0
0
0
0
0
0
0
0
0
0
0
0
0
0
0
0
0
0
0
0
0
0
0
0
0
0
0
0
0
0
0
0
0
0
0
0
0
0
0
0
0
0
0
0
0
0
0
0
0
0
0
0
0
0
0
0
0
0
0
0
0
0
0
0
0
0
0
0
0
0
0
0
0
0
0
0
0
0
0
0
0
0
0
0
0
0
0
0
0
0
0
0
0
0
0
0
0
0
0
0
0
0
0
0
0
0
0
0
0
0
0
0
0
0
0
0
0
0
0
0
0
0
0
0
0
0
0
0
0
0
0
0
0
0
0
0
0
0
0
0
0
0
0
0
0
0
0
0
0
0
0
0
0
0
0
0
0
0
0
0
0
0
0
0
0
0
0
0
0
0
0
0
0
0
0
0
0
0
0
0
0
0
0
0
0
0
0
0
0
0
0
0
0
0
0
0
0
0
0
0
0
0
0
0
0
0
0
0
0
0
0
0
0
0
0
0
0
0
0
0
0
0
0
0
0
0
0
0
0
0
0
0
0
0
0
0
0
0
0
0
0
0
0
0
0
0
0
0
0
0
0
0
0
0
0
0
0
0
0
0
0
0
0
)
;

boundaryField
{
    top
    {
        type            zeroGradient;
    }
    bottom
    {
        type            zeroGradient;
    }
    defaultFaces
    {
        type            zeroGradient;
    }
}


// ************************************************************************* //
