/*--------------------------------*- C++ -*----------------------------------*\
| =========                 |                                                 |
| \\      /  F ield         | OpenFOAM: The Open Source CFD Toolbox           |
|  \\    /   O peration     | Version:  2412                                  |
|   \\  /    A nd           | Website:  www.openfoam.com                      |
|    \\/     M anipulation  |                                                 |
\*---------------------------------------------------------------------------*/
FoamFile
{
    version     2.0;
    format      ascii;
    arch        "LSB;label=32;scalar=64";
    class       volScalarField;
    location    "100/neutroRegion";
    object      TStructMech;
}
// * * * * * * * * * * * * * * * * * * * * * * * * * * * * * * * * * * * * * //

dimensions      [0 0 0 1 0 0 0];

internalField   nonuniform List<scalar> 
23322
(
667.9839
667.9831
667.9824
667.9839
667.9831
667.9824
667.9839
667.9831
667.9824
667.9839
667.9831
667.9824
667.9839
667.9831
667.9824
667.9839
667.9831
667.9824
882.8149
882.8155
882.8161
887.3961
887.3926
887.3891
888.7183
888.7153
888.7122
888.7182
888.7152
888.7121
888.2179
888.2158
888.2137
887.3961
887.3926
887.389
882.8149
882.8156
882.8162
887.3961
887.3926
887.3891
887.3962
887.3927
887.3891
888.7183
888.7152
888.7122
888.2179
888.2158
888.2137
888.7183
888.7153
888.7122
888.7182
888.7152
888.7121
887.3961
887.3926
887.3891
882.815
882.8156
882.8162
888.2178
888.2157
888.2136
887.3961
887.3926
887.389
888.7182
888.7152
888.7121
887.3961
887.3926
887.389
887.3961
887.3926
887.389
888.7182
888.7151
888.7121
882.815
882.8156
882.8162
888.2178
888.2157
888.2136
888.7181
888.7151
888.712
888.7181
888.7151
888.712
888.2177
888.2156
888.2135
887.396
887.3925
887.3889
887.396
887.3925
887.389
888.7181
888.7151
888.712
882.8149
882.8155
882.8161
888.7181
888.7151
888.712
882.8149
882.8155
882.8161
887.396
887.3925
887.389
888.2177
888.2156
888.2135
887.396
887.3925
887.389
888.7182
888.7151
888.7121
870.4842
870.4823
870.4803
870.4843
870.4824
870.4804
861.559
861.5628
861.5666
880.1965
880.1922
880.1879
880.1964
880.1922
880.1878
883.9161
883.9113
883.9064
880.1965
880.1922
880.1879
861.559
861.5628
861.5665
880.1964
880.1922
880.1878
870.4843
870.4823
870.4804
883.9161
883.9113
883.9065
870.4842
870.4823
870.4803
883.916
883.9112
883.9063
880.1963
880.192
880.1877
880.1963
880.1921
880.1877
861.5588
861.5626
861.5663
870.4841
870.4821
870.4801
870.4841
870.4821
870.4802
870.484
870.4821
870.4801
870.484
870.4821
870.4801
880.1963
880.192
880.1877
880.1963
880.192
880.1877
883.916
883.9112
883.9063
861.5588
861.5626
861.5663
880.1962
880.192
880.1876
883.9159
883.9111
883.9062
880.1962
880.192
880.1876
870.484
870.4821
870.4801
870.484
870.4821
870.4801
861.5587
861.5625
861.5663
883.916
883.9112
883.9063
880.1964
880.1921
880.1878
861.5589
861.5627
861.5664
880.1963
880.1921
880.1877
870.4842
870.4822
870.4802
870.4841
870.4822
870.4802
883.3786
883.3763
883.374
879.189
879.1882
879.1872
887.6297
887.6259
887.6221
883.3787
883.3764
883.374
879.1891
879.1882
879.1872
887.6297
887.6259
887.622
883.3788
883.3765
883.3741
887.6298
887.6261
887.6222
879.1892
879.1883
879.1873
887.6298
887.626
887.6222
883.3788
883.3765
883.3741
879.1892
879.1883
879.1873
887.6297
887.6259
887.6221
887.6297
887.6259
887.6221
883.3787
883.3764
883.374
883.3786
883.3763
883.374
879.1891
879.1882
879.1872
879.189
879.1881
879.1872
883.3786
883.3763
883.3739
879.189
879.1881
879.1871
887.6297
887.6259
887.622
879.189
879.1881
879.1871
887.6297
887.6259
887.622
883.3786
883.3763
883.374
879.189
879.1881
879.1871
879.1889
879.188
879.1871
883.3786
883.3763
883.3739
883.3786
883.3763
883.3739
887.6297
887.6259
887.622
887.6296
887.6258
887.622
887.6296
887.6258
887.6219
887.6296
887.6258
887.6219
883.3785
883.3762
883.3739
879.1889
879.188
879.187
883.3785
883.3762
883.3739
879.1889
879.188
879.1871
667.9839
667.9831
667.9823
667.9839
667.9831
667.9823
667.9839
667.9831
667.9823
667.9839
667.9831
667.9823
667.9839
667.9831
667.9823
667.9839
667.9831
667.9823
667.9839
667.9831
667.9823
667.9839
667.9831
667.9823
667.9839
667.9831
667.9823
667.9839
667.9831
667.9823
667.9839
667.9831
667.9823
667.9839
667.9831
667.9823
667.9839
667.9831
667.9823
667.9839
667.9831
667.9823
667.9839
667.9831
667.9823
667.9839
667.9831
667.9823
667.9839
667.9831
667.9823
667.9839
667.9831
667.9823
667.9839
667.9831
667.9823
667.9839
667.9831
667.9823
667.9839
667.9831
667.9823
667.9839
667.9831
667.9823
667.9839
667.9831
667.9823
667.9839
667.9831
667.9823
667.9839
667.9831
667.9823
667.9839
667.9831
667.9823
667.9839
667.9831
667.9823
667.9839
667.9831
667.9823
667.9839
667.9831
667.9823
667.9839
667.9831
667.9823
667.9839
667.9831
667.9823
667.9839
667.9831
667.9823
667.9839
667.9831
667.9823
667.9839
667.9831
667.9823
667.9839
667.9831
667.9823
667.9839
667.9831
667.9823
866.7135
866.7091
866.7047
854.8944
854.8962
854.8979
871.9019
871.8964
871.8909
867.1448
867.1417
867.1386
854.5689
854.5686
854.5683
859.4559
859.4548
859.4536
854.8946
854.8964
854.8981
854.5691
854.5688
854.5685
867.1451
867.142
867.1389
859.4561
859.455
859.4539
866.7137
866.7094
866.705
871.9022
871.8967
871.8912
854.8942
854.896
854.8977
866.7133
866.709
866.7046
871.9018
871.8964
871.8908
854.5688
854.5685
854.5682
859.4558
859.4547
859.4536
867.1448
867.1417
867.1385
866.7133
866.709
866.7046
854.8942
854.896
854.8977
871.9018
871.8963
871.8908
867.1447
867.1416
867.1384
859.4557
859.4546
859.4535
854.5687
854.5684
854.5681
859.4557
859.4546
859.4535
871.9018
871.8963
871.8908
867.1447
867.1416
867.1385
854.5687
854.5684
854.5681
866.7133
866.709
866.7046
854.8943
854.896
854.8977
859.4557
859.4546
859.4534
871.9017
871.8963
871.8907
866.7133
866.709
866.7046
867.1447
867.1416
867.1384
854.5687
854.5685
854.5681
854.8943
854.8961
854.8978
859.4559
859.4548
859.4536
871.9019
871.8964
871.8909
866.7134
866.709
866.7046
867.1448
867.1417
867.1386
854.8943
854.8961
854.8978
854.5688
854.5685
854.5682
854.8945
854.8963
854.898
854.569
854.5687
854.5684
866.7136
866.7092
866.7048
871.9021
871.8966
871.891
859.456
859.4549
859.4537
867.145
867.1419
867.1387
859.4559
859.4548
859.4536
867.1448
867.1417
867.1386
871.9019
871.8964
871.8909
854.5689
854.5686
854.5683
854.8945
854.8962
854.898
866.7135
866.7091
866.7047
854.8942
854.896
854.8977
854.5687
854.5684
854.5681
859.4557
859.4546
859.4535
866.7133
866.709
866.7046
871.9018
871.8963
871.8908
867.1447
867.1416
867.1385
859.4557
859.4546
859.4535
871.9018
871.8963
871.8908
866.7133
866.709
866.7046
854.8942
854.896
854.8977
867.1447
867.1416
867.1385
854.5687
854.5684
854.5681
871.9017
871.8963
871.8907
866.7132
866.7089
866.7045
854.5686
854.5684
854.568
859.4557
859.4546
859.4534
854.8941
854.8959
854.8976
867.1447
867.1416
867.1384
804.1435
804.1472
804.1509
812.0634
812.0637
812.064
831.7875
831.7818
831.7761
825.8864
825.882
825.8777
825.8864
825.882
825.8777
812.0634
812.0637
812.064
812.0633
812.0637
812.064
825.8864
825.882
825.8777
804.1435
804.1472
804.1508
831.7875
831.7818
831.7761
812.0633
812.0637
812.064
825.8863
825.882
825.8776
812.0632
812.0635
812.0638
831.7873
831.7816
831.7759
825.8862
825.8819
825.8775
804.1434
804.147
804.1507
812.0632
812.0635
812.0638
825.8862
825.8818
825.8775
831.7873
831.7816
831.7759
825.8862
825.8818
825.8775
825.8862
825.8819
825.8775
812.0632
812.0635
812.0638
804.1434
804.147
804.1507
812.0632
812.0635
812.0638
831.7873
831.7816
831.7759
812.0632
812.0635
812.0638
825.8862
825.8818
825.8775
825.8862
825.8818
825.8775
812.0632
812.0635
812.0638
804.1434
804.147
804.1507
804.1434
804.1471
804.1508
812.0633
812.0636
812.0639
825.8863
825.8819
825.8776
812.0632
812.0636
812.0639
825.8862
825.8819
825.8775
831.7873
831.7817
831.7759
842.3905
842.3868
842.3829
832.2921
832.2917
832.2912
840.462
840.4593
840.4565
831.645
831.6443
831.6436
846.6507
846.6453
846.6399
826.2355
826.2376
826.2397
842.3905
842.3868
842.3829
826.2355
826.2376
826.2397
832.2921
832.2917
832.2912
846.6507
846.6453
846.6399
840.462
840.4593
840.4565
831.645
831.6443
831.6436
842.3904
842.3866
842.3828
826.2354
826.2375
826.2395
846.6505
846.6451
846.6397
840.4619
840.4591
840.4563
832.292
832.2915
832.2911
831.6448
831.6442
831.6435
842.3903
842.3865
842.3827
831.6448
831.6441
831.6435
826.2354
826.2374
826.2395
846.6505
846.6451
846.6397
832.2919
832.2915
832.291
840.4619
840.4591
840.4564
840.4619
840.4591
840.4564
846.6505
846.6451
846.6397
831.6448
831.6441
831.6434
842.3903
842.3865
842.3827
826.2353
826.2374
826.2394
832.2919
832.2915
832.291
826.2354
826.2375
826.2395
832.2919
832.2915
832.2911
831.6448
831.6442
831.6435
842.3903
842.3865
842.3827
840.4619
840.4592
840.4564
846.6505
846.6451
846.6397
838.8883
838.8889
838.8894
854.0474
854.0428
854.0381
845.9888
845.9872
845.9856
845.9887
845.9872
845.9856
838.8883
838.8889
838.8894
854.0474
854.0428
854.0381
838.8884
838.889
838.8895
838.8884
838.8889
838.8894
845.9888
845.9873
845.9857
854.0475
854.0429
854.0382
845.9888
845.9873
845.9857
854.0475
854.0429
854.0382
838.8883
838.8888
838.8893
845.9887
845.9871
845.9855
854.0474
854.0427
854.0381
845.9887
845.9872
845.9855
838.8883
838.8888
838.8893
854.0474
854.0428
854.0381
854.0472
854.0426
854.038
845.9886
845.987
845.9854
854.0473
854.0426
854.038
838.8882
838.8887
838.8892
838.8882
838.8887
838.8892
845.9886
845.987
845.9854
838.8882
838.8887
838.8892
845.9886
845.987
845.9854
854.0473
854.0426
854.038
838.8882
838.8887
838.8893
854.0473
854.0427
854.038
845.9886
845.987
845.9854
854.0473
854.0426
854.038
854.0472
854.0426
854.0379
838.8882
838.8887
838.8892
845.9886
845.987
845.9854
845.9886
845.987
845.9854
838.8882
838.8887
838.8892
826.2355
826.2376
826.2396
832.292
832.2916
832.2912
840.4619
840.4592
840.4564
831.6449
831.6442
831.6436
842.3904
842.3867
842.3829
846.6506
846.6452
846.6398
832.2921
832.2917
832.2912
846.6507
846.6453
846.6399
840.4621
840.4593
840.4566
842.3905
842.3868
842.3829
826.2356
826.2376
826.2397
831.645
831.6443
831.6437
840.4621
840.4594
840.4566
846.6507
846.6453
846.6399
831.645
831.6443
831.6437
842.3905
842.3867
842.3829
832.2921
832.2917
832.2912
826.2355
826.2376
826.2396
842.3903
842.3865
842.3827
826.2353
826.2374
826.2395
832.2919
832.2915
832.291
831.6448
831.6441
831.6435
846.6505
846.6451
846.6397
840.4619
840.4592
840.4564
840.4618
840.4591
840.4563
846.6504
846.6451
846.6397
831.6448
831.6441
831.6434
826.2353
826.2374
826.2395
842.3903
842.3865
842.3827
832.2919
832.2915
832.291
840.4618
840.4591
840.4563
846.6504
846.6451
846.6397
831.6448
831.6441
831.6434
842.3903
842.3865
842.3827
826.2353
826.2374
826.2394
832.2919
832.2915
832.291
763.7213
763.7265
763.7317
757.4849
757.4878
757.4907
789.7477
789.7418
789.736
789.7477
789.7418
789.736
763.7213
763.7265
763.7317
802.1376
802.128
802.1184
757.4848
757.4877
757.4906
763.7213
763.7265
763.7317
789.7478
789.7419
789.736
763.7212
763.7265
763.7317
802.1376
802.128
802.1184
789.7478
789.7419
789.736
763.7211
763.7264
763.7316
789.7476
789.7418
789.7359
763.7211
763.7264
763.7316
757.4847
757.4876
757.4905
802.1375
802.1278
802.1182
789.7476
789.7417
789.7359
802.1374
802.1278
802.1182
789.7475
789.7417
789.7358
789.7475
789.7417
789.7358
763.7211
763.7263
763.7316
763.7211
763.7263
763.7316
757.4848
757.4877
757.4906
763.7211
763.7264
763.7316
789.7476
789.7418
789.7359
757.4847
757.4876
757.4905
763.7211
763.7264
763.7316
802.1375
802.1278
802.1182
789.7476
789.7418
789.7359
789.7476
789.7418
789.7359
802.1375
802.1279
802.1182
763.7211
763.7264
763.7316
789.7477
789.7418
789.7359
763.7212
763.7264
763.7316
757.4848
757.4877
757.4905
798.7566
798.7565
798.7563
778.9404
778.9509
778.9613
795.1453
795.147
795.1486
822.694
822.6876
822.6812
832.284
832.2754
832.2667
820.7747
820.7684
820.7622
778.9405
778.951
778.9614
798.7566
798.7565
798.7564
795.1454
795.147
795.1487
822.694
822.6876
822.6812
832.284
832.2754
832.2667
820.7747
820.7685
820.7622
822.6938
822.6874
822.6811
795.1452
795.1469
795.1485
798.7564
798.7563
798.7562
778.9404
778.9508
778.9613
820.7745
820.7683
820.762
832.2838
832.2752
832.2665
832.2838
832.2752
832.2665
822.6938
822.6874
822.681
820.7745
820.7682
820.762
798.7564
798.7563
798.7561
778.9402
778.9507
778.9611
795.1451
795.1468
795.1484
832.2838
832.2751
832.2665
795.1452
795.1469
795.1485
822.6938
822.6874
822.681
778.9403
778.9508
778.9613
798.7564
798.7563
798.7562
820.7745
820.7683
820.762
832.2838
832.2752
832.2665
820.7745
820.7683
820.762
822.6938
822.6875
822.6811
795.1452
795.1469
795.1486
798.7565
798.7564
798.7562
778.9404
778.9509
778.9613
829.4539
829.4532
829.4524
814.5426
814.5474
814.5521
847.1401
847.1338
847.1275
818.8435
818.8469
818.8502
851.204
851.1966
851.189
838.0688
838.0651
838.0613
829.4539
829.4532
829.4524
847.1402
847.1339
847.1275
851.2041
851.1966
851.189
838.0688
838.0651
838.0613
818.8435
818.8469
818.8502
814.5426
814.5474
814.5521
838.0687
838.065
838.0612
818.8434
818.8468
818.8501
851.2039
851.1964
851.1889
814.5425
814.5473
814.552
847.14
847.1337
847.1274
829.4538
829.453
829.4523
814.5424
814.5472
814.5519
818.8433
818.8467
818.85
829.4537
829.453
829.4522
847.1399
847.1336
847.1273
851.2038
851.1963
851.1888
838.0686
838.0648
838.0611
814.5424
814.5472
814.5519
838.0686
838.0649
838.0611
818.8433
818.8467
818.85
829.4537
829.453
829.4522
847.1399
847.1336
847.1273
851.2038
851.1963
851.1888
847.1399
847.1337
847.1273
851.2038
851.1963
851.1888
838.0686
838.0649
838.0611
829.4537
829.453
829.4522
818.8433
818.8467
818.85
814.5424
814.5472
814.552
818.8435
818.8469
818.8502
847.1401
847.1338
847.1275
838.0688
838.0651
838.0613
829.4539
829.4532
829.4524
814.5426
814.5474
814.5521
851.204
851.1965
851.189
818.8435
818.8469
818.8502
829.4539
829.4532
829.4524
814.5426
814.5474
814.5521
838.0688
838.0651
838.0613
847.1402
847.1339
847.1275
851.2041
851.1966
851.189
814.5425
814.5473
814.5521
847.1401
847.1338
847.1275
829.4539
829.4531
829.4524
851.204
851.1965
851.1889
838.0687
838.065
838.0612
818.8435
818.8468
818.8501
838.0685
838.0648
838.0611
818.8433
818.8466
818.8499
851.2038
851.1963
851.1887
847.1399
847.1336
847.1273
814.5424
814.5472
814.5519
829.4537
829.4529
829.4522
829.4537
829.453
829.4522
847.1399
847.1336
847.1273
814.5424
814.5472
814.5519
838.0686
838.0649
838.0611
851.2038
851.1963
851.1888
818.8433
818.8467
818.85
838.0686
838.0649
838.0611
851.2038
851.1963
851.1888
818.8433
818.8467
818.85
814.5424
814.5472
814.5519
829.4537
829.453
829.4522
847.1399
847.1336
847.1273
778.9405
778.9509
778.9614
832.2839
832.2753
832.2666
820.7746
820.7684
820.7621
795.1453
795.147
795.1486
822.6939
822.6875
822.6812
798.7565
798.7564
798.7563
798.7566
798.7565
798.7563
778.9404
778.9509
778.9613
832.284
832.2754
832.2667
795.1453
795.147
795.1486
822.694
822.6877
822.6813
820.7747
820.7685
820.7622
798.7566
798.7565
798.7563
778.9405
778.9509
778.9614
822.6939
822.6876
822.6812
832.284
832.2753
832.2666
795.1453
795.147
795.1486
820.7746
820.7684
820.7621
778.9403
778.9508
778.9612
822.6938
822.6874
822.681
820.7745
820.7682
820.7619
795.1452
795.1468
795.1485
798.7564
798.7563
798.7562
832.2838
832.2751
832.2664
822.6938
822.6874
822.6811
798.7564
798.7563
798.7561
795.1451
795.1468
795.1484
832.2838
832.2752
832.2665
778.9402
778.9507
778.9611
820.7745
820.7682
820.762
795.1452
795.1469
795.1485
820.7745
820.7683
820.762
832.2838
832.2751
832.2665
778.9404
778.9508
778.9613
798.7564
798.7563
798.7562
822.6938
822.6874
822.681
713.8561
713.8585
713.8609
705.8848
705.889
705.8933
732.257
732.2529
732.2489
732.257
732.2529
732.2489
713.8561
713.8585
713.8609
741.5331
741.5259
741.5188
732.2569
732.2529
732.2488
713.856
713.8584
713.8609
713.856
713.8584
713.8608
732.2569
732.2528
732.2488
705.8847
705.889
705.8932
741.5329
741.5258
741.5186
713.8559
713.8584
713.8608
713.8559
713.8584
713.8608
732.2568
732.2528
732.2487
705.8847
705.8889
705.8932
732.2568
732.2528
732.2487
741.5328
741.5257
741.5185
741.533
741.5258
741.5187
705.8847
705.889
705.8932
713.856
713.8584
713.8608
732.2569
732.2529
732.2488
732.2569
732.2529
732.2488
713.856
713.8584
713.8608
713.8559
713.8584
713.8608
705.8847
705.8889
705.8932
713.8559
713.8584
713.8608
732.2568
732.2528
732.2487
732.2568
732.2528
732.2487
741.5329
741.5257
741.5186
713.856
713.8584
713.8608
705.8847
705.889
705.8932
713.856
713.8584
713.8608
732.2568
732.2528
732.2488
741.5329
741.5258
741.5186
732.2568
732.2528
732.2488
667.9839
667.9831
667.9823
667.9839
667.9831
667.9823
667.9839
667.9831
667.9823
667.9839
667.9831
667.9823
667.9839
667.9831
667.9823
667.9839
667.9831
667.9823
667.9839
667.9831
667.9823
667.9839
667.9831
667.9823
667.9839
667.9831
667.9823
667.9839
667.9831
667.9823
667.9839
667.9831
667.9823
667.9839
667.9831
667.9823
667.9839
667.9831
667.9823
667.9839
667.9831
667.9823
667.9839
667.9831
667.9823
667.9839
667.9831
667.9823
667.9839
667.9831
667.9823
667.9839
667.9831
667.9823
667.9839
667.9831
667.9823
667.9839
667.9831
667.9823
667.9839
667.9831
667.9823
667.9839
667.9831
667.9823
667.9839
667.9831
667.9823
667.9839
667.9831
667.9823
667.9839
667.9831
667.9823
667.9839
667.9831
667.9823
667.9839
667.9831
667.9823
667.9839
667.9831
667.9823
667.9839
667.9831
667.9823
667.9839
667.9831
667.9823
667.9839
667.9831
667.9823
667.9839
667.9831
667.9823
667.9839
667.9831
667.9823
667.9839
667.9831
667.9823
667.9839
667.9831
667.9823
667.9839
667.9831
667.9823
737.3023
737.3081
737.3139
753.477
753.4795
753.482
742.2746
742.2808
742.287
789.7831
789.7722
789.7613
769.6832
769.6795
769.6758
780.8653
780.8579
780.8505
742.2747
742.2809
742.2871
769.6833
769.6797
769.676
737.3023
737.3081
737.3139
753.4771
753.4796
753.482
780.8654
780.8581
780.8507
789.7832
789.7723
789.7614
737.3022
737.308
737.3138
742.2746
742.2808
742.287
753.477
753.4795
753.4819
769.6832
769.6796
769.6759
789.7831
789.7722
789.7613
780.8653
780.8579
780.8505
753.4769
753.4794
753.4818
737.3022
737.308
737.3138
742.2745
742.2807
742.2869
780.8651
780.8578
780.8504
789.7829
789.772
789.7611
769.683
769.6793
769.6757
737.3022
737.308
737.3138
769.6832
769.6795
769.6758
753.477
753.4795
753.4819
780.8653
780.8579
780.8505
742.2746
742.2808
742.287
789.783
789.7721
789.7612
780.8653
780.8579
780.8505
789.7831
789.7722
789.7612
753.477
753.4795
753.4819
769.6832
769.6795
769.6759
737.3022
737.308
737.3138
742.2746
742.2808
742.287
773.0831
773.0816
773.0801
747.2231
747.2304
747.2377
747.2232
747.2305
747.2378
798.293
798.2833
798.2735
798.293
798.2833
798.2736
773.083
773.0815
773.08
747.2231
747.2304
747.2377
798.2929
798.2832
798.2735
773.0831
773.0816
773.0801
773.083
773.0815
773.08
747.2232
747.2305
747.2378
798.2929
798.2832
798.2735
798.2929
798.2832
798.2734
773.083
773.0815
773.08
773.083
773.0815
773.08
798.2928
798.2831
798.2734
747.2232
747.2305
747.2378
747.2232
747.2305
747.2378
747.223
747.2303
747.2376
773.0828
773.0813
773.0798
747.223
747.2303
747.2376
773.0829
773.0814
773.0799
798.2927
798.283
798.2733
798.2927
798.283
798.2733
747.223
747.2303
747.2376
798.2927
798.283
798.2733
773.0829
773.0814
773.0799
798.2927
798.283
798.2733
773.0828
773.0813
773.0798
747.2231
747.2304
747.2376
747.2231
747.2305
747.2377
747.2232
747.2305
747.2377
773.0829
773.0814
773.0799
773.0829
773.0814
773.0799
798.2928
798.2831
798.2733
798.2928
798.2831
798.2733
753.4771
753.4795
753.482
780.8654
780.858
780.8506
737.3023
737.3081
737.3139
789.7832
789.7723
789.7614
742.2747
742.2809
742.2871
769.6833
769.6796
769.676
789.7831
789.7722
789.7613
780.8653
780.858
780.8506
742.2746
742.2808
742.287
769.6832
769.6795
769.6759
737.3024
737.3082
737.3139
753.477
753.4795
753.482
737.3023
737.3081
737.3139
742.2747
742.2809
742.287
769.6832
769.6796
769.6759
753.4771
753.4795
753.482
789.7831
789.7722
789.7613
780.8654
780.858
780.8506
789.783
789.7721
789.7612
769.6831
769.6795
769.6758
742.2746
742.2808
742.287
753.477
753.4794
753.4819
780.8653
780.8579
780.8505
737.3022
737.308
737.3138
789.783
789.7721
789.7611
780.8652
780.8578
780.8504
769.683
769.6794
769.6757
753.4769
753.4794
753.4818
742.2745
742.2807
742.2869
737.3022
737.308
737.3138
737.3022
737.308
737.3138
742.2746
742.2808
742.287
753.477
753.4794
753.4819
789.783
789.7721
789.7612
769.6832
769.6795
769.6759
780.8653
780.8579
780.8505
667.9839
667.9831
667.9823
667.9839
667.9831
667.9823
667.9839
667.9831
667.9823
667.9839
667.9831
667.9823
667.9839
667.9831
667.9823
667.9839
667.9831
667.9823
667.9839
667.9831
667.9823
667.9839
667.9831
667.9823
667.9839
667.9831
667.9823
667.9839
667.9831
667.9823
667.9839
667.9831
667.9823
667.9839
667.9831
667.9823
667.9839
667.9831
667.9823
667.9839
667.9831
667.9823
667.9839
667.9831
667.9823
667.9839
667.9831
667.9823
667.9839
667.9831
667.9823
667.9839
667.9831
667.9823
667.9839
667.9831
667.9823
667.9839
667.9831
667.9823
667.9839
667.9831
667.9823
667.9839
667.9831
667.9823
667.9839
667.9831
667.9823
667.9839
667.9831
667.9823
667.9839
667.9831
667.9823
667.9839
667.9831
667.9823
667.9839
667.9831
667.9823
667.9839
667.9831
667.9823
667.9839
667.9831
667.9823
667.9839
667.9831
667.9823
667.9839
667.9831
667.9823
667.9839
667.9831
667.9823
667.9839
667.9831
667.9823
667.9839
667.9831
667.9823
667.9839
667.9831
667.9823
667.9839
667.9831
667.9823
667.9839
667.9831
667.9823
667.9839
667.9831
667.9823
667.9839
667.9831
667.9823
667.9839
667.9831
667.9823
667.9839
667.9831
667.9823
667.9839
667.9831
667.9823
667.9839
667.9831
667.9823
667.9839
667.9831
667.9823
667.9839
667.9831
667.9823
667.9839
667.9831
667.9823
667.9839
667.9831
667.9823
667.9839
667.9831
667.9823
667.9839
667.9831
667.9823
667.9839
667.9831
667.9823
667.9839
667.9831
667.9823
667.9839
667.9831
667.9823
667.9839
667.9831
667.9823
667.9839
667.9831
667.9823
667.9839
667.9831
667.9823
667.9839
667.9831
667.9823
667.9839
667.9831
667.9823
667.9839
667.9831
667.9823
667.9839
667.9831
667.9823
667.9839
667.9831
667.9823
667.9839
667.9831
667.9823
667.9839
667.9831
667.9823
667.9839
667.9831
667.9823
667.9839
667.9831
667.9823
667.9839
667.9831
667.9823
667.9839
667.9831
667.9823
667.9839
667.9831
667.9823
667.9839
667.9831
667.9823
667.9839
667.9831
667.9823
667.9839
667.9831
667.9823
667.9839
667.9831
667.9823
667.9839
667.9831
667.9823
667.9839
667.9831
667.9823
667.9839
667.9831
667.9823
667.9839
667.9831
667.9823
667.9839
667.9831
667.9823
667.9839
667.9831
667.9823
667.9839
667.9831
667.9823
667.9839
667.9831
667.9823
667.9839
667.9831
667.9823
667.9839
667.9831
667.9823
667.9839
667.9831
667.9823
667.9839
667.9831
667.9823
667.9839
667.9831
667.9823
667.9839
667.9831
667.9823
667.9839
667.9831
667.9823
667.9839
667.9831
667.9823
667.9839
667.9831
667.9823
667.9839
667.9831
667.9823
667.9839
667.9831
667.9823
667.9839
667.9831
667.9823
667.9839
667.9831
667.9823
667.9839
667.9831
667.9823
667.9839
667.9831
667.9823
667.9839
667.9831
667.9823
667.9839
667.9831
667.9823
667.9839
667.9831
667.9823
667.9839
667.9831
667.9823
667.9839
667.9831
667.9823
667.9839
667.9831
667.9823
667.9839
667.9831
667.9823
667.9839
667.9831
667.9823
667.9839
667.9831
667.9823
667.9839
667.9831
667.9823
667.9839
667.9831
667.9823
667.9839
667.9831
667.9823
667.9839
667.9831
667.9823
667.9839
667.9831
667.9823
667.9839
667.9831
667.9823
667.9839
667.9831
667.9823
667.9839
667.9831
667.9823
667.9839
667.9831
667.9823
667.9839
667.9831
667.9823
667.9839
667.9831
667.9823
667.9839
667.9831
667.9823
667.9839
667.9831
667.9823
667.9839
667.9831
667.9823
667.9839
667.9831
667.9823
667.9839
667.9831
667.9823
667.9839
667.9831
667.9823
667.9839
667.9831
667.9823
667.9839
667.9831
667.9823
667.9839
667.9831
667.9823
667.9839
667.9831
667.9823
667.9839
667.9831
667.9823
667.9839
667.9831
667.9823
667.9839
667.9831
667.9823
667.9839
667.9831
667.9823
667.9839
667.9831
667.9823
667.9839
667.9831
667.9823
667.9839
667.9831
667.9823
667.9839
667.9831
667.9823
667.9839
667.9831
667.9823
667.9839
667.9831
667.9823
667.9839
667.9831
667.9823
667.9839
667.9831
667.9823
667.9839
667.9831
667.9823
667.9839
667.9831
667.9823
667.9839
667.9831
667.9823
667.9839
667.9831
667.9823
667.9839
667.9831
667.9823
667.9839
667.9831
667.9823
667.9839
667.9831
667.9823
667.9839
667.9831
667.9823
667.9839
667.9831
667.9823
667.9839
667.9831
667.9823
667.9839
667.9831
667.9823
667.9839
667.9831
667.9823
667.9839
667.9831
667.9823
667.9839
667.9831
667.9823
667.9839
667.9831
667.9823
667.9839
667.9831
667.9823
667.9839
667.9831
667.9823
667.9839
667.9831
667.9823
667.9839
667.9831
667.9823
667.9839
667.9831
667.9823
667.9839
667.9831
667.9823
667.9839
667.9831
667.9823
667.9839
667.9831
667.9823
667.9839
667.9831
667.9823
667.9839
667.9831
667.9823
667.9839
667.9831
667.9823
667.9839
667.9831
667.9823
667.9839
667.9831
667.9823
667.9839
667.9831
667.9823
667.9839
667.9831
667.9823
667.9839
667.9831
667.9823
667.9839
667.9831
667.9823
667.9839
667.9831
667.9823
667.9839
667.9831
667.9823
667.9839
667.9831
667.9823
667.9839
667.9831
667.9823
667.9839
667.9831
667.9823
667.9839
667.9831
667.9823
667.9839
667.9831
667.9823
667.9839
667.9831
667.9823
667.9839
667.9831
667.9823
667.9839
667.9831
667.9823
667.9839
667.9831
667.9823
667.9839
667.9831
667.9823
667.9839
667.9831
667.9823
667.9839
667.9831
667.9823
667.9839
667.9831
667.9823
667.9839
667.9831
667.9823
667.9839
667.9831
667.9823
667.9839
667.9831
667.9823
667.9839
667.9831
667.9823
667.9839
667.9831
667.9823
667.9839
667.9831
667.9823
667.9839
667.9831
667.9823
667.9839
667.9831
667.9823
667.9839
667.9831
667.9823
667.9839
667.9831
667.9823
667.9839
667.9831
667.9823
667.9839
667.9831
667.9823
667.9839
667.9831
667.9823
667.9839
667.9831
667.9823
667.9839
667.9831
667.9823
667.9839
667.9831
667.9823
667.9839
667.9831
667.9823
667.9839
667.9831
667.9823
667.9839
667.9831
667.9823
667.9839
667.9831
667.9823
667.9839
667.9831
667.9823
667.9839
667.9831
667.9823
667.9839
667.9831
667.9823
667.9839
667.9831
667.9823
667.9839
667.9831
667.9823
667.9839
667.9831
667.9823
667.9839
667.9831
667.9823
667.9839
667.9831
667.9823
667.9839
667.9831
667.9823
667.9839
667.9831
667.9823
667.9839
667.9831
667.9823
667.9839
667.9831
667.9823
667.9839
667.9831
667.9823
667.9839
667.9831
667.9823
667.9839
667.9831
667.9823
667.9839
667.9831
667.9823
667.9839
667.9831
667.9823
667.9839
667.9831
667.9823
667.9839
667.9831
667.9823
667.9839
667.9831
667.9823
667.9839
667.9831
667.9823
667.9839
667.9831
667.9823
667.9839
667.9831
667.9823
667.9839
667.9831
667.9823
667.9839
667.9831
667.9823
667.9839
667.9831
667.9823
667.9839
667.9831
667.9823
667.9839
667.9831
667.9823
667.9839
667.9831
667.9823
667.9839
667.9831
667.9823
667.9839
667.9831
667.9823
667.9839
667.9831
667.9823
667.9839
667.9831
667.9823
667.9839
667.9831
667.9823
667.9839
667.9831
667.9823
667.9839
667.9831
667.9823
667.9839
667.9831
667.9823
667.9839
667.9831
667.9823
667.9839
667.9831
667.9823
667.9839
667.9831
667.9823
667.9839
667.9831
667.9823
667.9839
667.9831
667.9823
667.9839
667.9831
667.9823
667.9839
667.9831
667.9823
667.9839
667.9831
667.9823
667.9839
667.9831
667.9823
667.9839
667.9831
667.9823
667.9839
667.9831
667.9823
667.9839
667.9831
667.9823
667.9839
667.9831
667.9823
667.9839
667.9831
667.9823
667.9839
667.9831
667.9823
667.9839
667.9831
667.9823
667.9839
667.9831
667.9823
667.9839
667.9831
667.9823
667.9839
667.9831
667.9823
667.9839
667.9831
667.9823
667.9839
667.9831
667.9823
667.9839
667.9831
667.9823
667.9839
667.9831
667.9823
667.9839
667.9831
667.9823
667.9839
667.9831
667.9823
667.9839
667.9831
667.9823
667.9839
667.9831
667.9823
667.9839
667.9831
667.9823
667.9839
667.9831
667.9823
667.9839
667.9831
667.9823
667.9839
667.9831
667.9823
667.9839
667.9831
667.9823
667.9839
667.9831
667.9823
667.9839
667.9831
667.9823
667.9839
667.9831
667.9823
667.9839
667.9831
667.9823
667.9839
667.9831
667.9823
667.9839
667.9831
667.9823
667.9839
667.9831
667.9823
667.9839
667.9831
667.9823
667.9839
667.9831
667.9823
667.9839
667.9831
667.9823
667.9839
667.9831
667.9823
667.9839
667.9831
667.9823
667.9839
667.9831
667.9823
667.9839
667.9831
667.9823
667.9839
667.9831
667.9823
667.9839
667.9831
667.9823
667.9846
667.9846
667.9846
667.9846
667.9846
667.9846
888.721
888.721
882.814
887.3994
887.3993
888.2197
882.8141
887.3994
888.721
888.2197
887.3994
888.721
887.3993
888.7209
882.8141
888.2196
888.7209
887.3994
888.7209
882.8141
887.3993
888.7209
888.2196
887.3993
887.3992
888.7209
887.3993
888.7209
882.814
888.2195
882.814
887.3993
888.7209
888.2195
887.3993
888.7209
870.4859
861.555
870.486
883.9207
880.2005
880.2005
880.2005
880.2005
861.555
870.486
883.9207
870.4859
861.5548
880.2004
880.2004
870.4858
870.4858
883.9206
870.4857
861.5548
870.4857
880.2003
880.2004
883.9205
880.2003
870.4857
861.5547
880.2003
870.4857
883.9205
861.5549
870.4858
883.9206
880.2004
870.4859
880.2004
883.3807
887.6333
887.6332
883.3808
879.1897
879.1897
883.3809
879.1898
887.6334
879.1898
887.6334
883.3809
879.1897
879.1897
883.3808
883.3807
887.6333
887.6333
883.3807
879.1896
879.1896
887.6332
883.3807
887.6332
887.6332
879.1896
883.3806
887.6332
879.1896
883.3807
887.6331
883.3806
887.6331
879.1895
883.3806
879.1896
667.9846
667.9846
667.9846
667.9846
667.9846
667.9846
667.9846
667.9846
667.9846
667.9846
667.9846
667.9846
667.9846
667.9846
667.9846
667.9846
667.9846
667.9846
667.9846
667.9846
667.9846
667.9846
667.9846
667.9846
667.9846
667.9846
667.9846
667.9846
667.9846
667.9846
667.9846
667.9846
667.9846
667.9846
667.9846
667.9846
866.7176
854.8925
871.9072
867.1477
854.569
859.4568
854.8927
854.5692
867.148
859.457
866.7178
871.9075
867.1477
871.9071
859.4567
854.8922
866.7174
854.5688
871.907
867.1476
866.7174
859.4566
854.8923
854.5688
859.4567
854.5688
854.8923
867.1476
871.907
866.7174
854.8923
859.4566
866.7174
871.907
854.5688
867.1476
867.1477
859.4568
871.9071
854.5689
866.7175
854.8923
854.8926
854.5691
866.7177
871.9073
859.4569
867.1479
854.569
854.8925
859.4568
866.7176
871.9072
867.1477
854.8923
854.5688
859.4566
866.7174
871.907
867.1476
871.907
859.4566
866.7174
867.1476
854.8922
854.5688
859.4566
854.5687
854.8922
867.1475
866.7174
871.907
804.1397
812.0629
831.793
825.8906
825.8905
812.0629
825.8905
812.0628
831.793
812.0629
804.1397
825.8905
812.0627
825.8904
804.1396
812.0627
825.8903
831.7928
831.7928
825.8904
825.8904
812.0627
804.1396
812.0627
812.0627
804.1396
812.0627
825.8903
831.7928
825.8903
804.1396
825.8904
831.7929
812.0628
812.0628
825.8904
840.4646
831.6455
846.6559
826.2333
842.3941
832.2924
826.2333
842.3941
832.2924
846.6559
831.6455
840.4646
842.394
826.2332
846.6557
840.4644
832.2922
831.6453
842.3939
831.6453
826.2331
846.6557
832.2922
840.4644
840.4644
846.6556
831.6453
842.3939
826.2331
832.2921
840.4645
846.6557
826.2332
831.6453
842.3939
832.2922
854.0518
845.9901
854.0518
838.8876
838.8876
845.9901
838.8877
838.8877
845.9902
845.9902
854.0519
854.0519
845.9901
838.8876
854.0518
854.0518
838.8876
845.9901
854.0517
845.99
854.0517
838.8875
838.8875
845.99
838.8875
845.99
854.0517
838.8875
854.0517
845.99
854.0517
838.8875
845.99
838.8875
854.0517
845.99
842.3941
826.2332
832.2923
846.6558
840.4645
831.6454
832.2924
842.3941
846.6559
826.2333
831.6455
840.4646
840.4647
846.6559
831.6455
842.3941
826.2333
832.2923
842.3939
826.2331
832.2921
831.6453
846.6556
840.4645
840.4644
846.6556
826.2331
831.6453
842.3939
832.2921
840.4644
831.6452
846.6556
842.3939
832.2921
826.2331
757.482
789.7535
789.7535
763.7159
763.7159
802.1471
757.4819
763.7159
763.716
802.1471
789.7536
789.7535
802.147
789.7534
789.7534
763.7158
763.7158
757.4818
802.1469
789.7533
789.7533
763.7158
763.7158
757.4818
789.7534
802.147
763.7158
789.7534
757.4818
763.7158
789.7534
802.147
763.7158
789.7535
763.7159
757.4818
798.7565
778.9298
822.7002
832.2925
820.7808
795.1435
832.2925
820.7808
778.9299
795.1436
822.7002
798.7566
798.7564
822.7
778.9298
795.1434
832.2923
820.7806
832.2923
798.7564
820.7806
795.1433
778.9297
822.7
832.2923
822.7
820.7806
795.1434
778.9298
798.7564
832.2924
820.7807
822.7001
795.1435
798.7565
778.9298
838.0724
814.5377
818.8401
851.2114
829.4545
847.1463
829.4545
847.1463
851.2114
838.0724
818.8401
814.5377
818.8399
814.5376
829.4544
838.0723
847.1461
851.2113
814.5375
818.8398
829.4543
847.146
851.2111
838.0721
814.5375
838.0722
818.8399
829.4543
847.1461
851.2112
847.1461
851.2112
838.0722
829.4543
818.8399
814.5375
818.84
847.1462
838.0724
829.4545
814.5377
851.2113
847.1463
829.4546
814.5377
851.2114
818.8401
838.0724
814.5376
847.1462
829.4545
851.2113
838.0723
818.84
838.0721
818.8398
851.2111
847.146
814.5375
829.4543
829.4543
814.5375
847.1461
818.8398
851.2112
838.0722
838.0722
851.2112
818.8399
814.5375
829.4543
847.146
778.9299
795.1436
832.2924
798.7565
822.7001
820.7808
798.7566
778.9299
832.2925
795.1436
822.7002
820.7808
798.7566
778.9299
822.7002
795.1436
832.2925
820.7808
778.9298
822.7
820.7806
795.1434
798.7564
832.2923
798.7564
822.7
778.9297
795.1434
832.2923
820.7806
795.1434
820.7806
832.2923
778.9298
798.7564
822.7
713.8536
705.8805
732.2609
732.2609
713.8536
741.5402
713.8535
705.8805
732.2608
713.8535
732.2609
741.54
705.8804
713.8535
713.8535
732.2608
732.2608
741.5399
741.5401
705.8805
713.8535
732.2609
732.2609
713.8535
705.8804
713.8535
732.2608
713.8535
732.2608
741.5399
713.8535
705.8804
732.2608
713.8535
741.54
732.2608
667.9846
667.9846
667.9846
667.9846
667.9846
667.9846
667.9846
667.9846
667.9846
667.9846
667.9846
667.9846
667.9846
667.9846
667.9846
667.9846
667.9846
667.9846
667.9846
667.9846
667.9846
667.9846
667.9846
667.9846
667.9846
667.9846
667.9846
667.9846
667.9846
667.9846
667.9846
667.9846
667.9846
667.9846
667.9846
667.9846
737.2965
753.4745
742.2684
789.7939
780.8726
769.6867
769.6869
780.8727
742.2685
753.4745
789.794
737.2965
780.8726
789.7939
753.4744
769.6868
737.2964
742.2684
789.7937
780.8724
769.6866
742.2682
753.4743
737.2964
769.6867
737.2964
742.2683
789.7938
753.4744
780.8726
780.8726
789.7939
753.4744
769.6867
737.2964
742.2683
747.2158
747.2159
773.0845
773.0844
798.3026
798.3026
747.2158
798.3025
773.0845
798.3026
773.0844
747.2158
798.3025
773.0844
773.0844
798.3024
747.2158
747.2158
747.2156
773.0842
747.2157
773.0843
798.3023
798.3023
747.2156
773.0842
747.2157
798.3023
773.0843
798.3024
747.2158
747.2158
773.0843
773.0843
798.3024
798.3024
753.4745
780.8727
737.2965
789.794
742.2684
769.6869
780.8726
742.2684
789.7939
737.2965
753.4745
769.6867
737.2964
742.2684
769.6868
753.4745
789.7939
780.8727
753.4744
780.8726
789.7938
737.2964
769.6867
742.2683
737.2964
780.8725
742.2682
789.7938
769.6866
753.4743
737.2964
742.2683
753.4744
780.8726
789.7938
769.6867
667.9846
667.9846
667.9846
667.9846
667.9846
667.9846
667.9846
667.9846
667.9846
667.9846
667.9846
667.9846
667.9846
667.9846
667.9846
667.9846
667.9846
667.9846
667.9846
667.9846
667.9846
667.9846
667.9846
667.9846
667.9846
667.9846
667.9846
667.9846
667.9846
667.9846
667.9846
667.9846
667.9846
667.9846
667.9846
667.9846
667.9846
667.9846
667.9846
667.9846
667.9846
667.9846
667.9846
667.9846
667.9846
667.9846
667.9846
667.9846
667.9846
667.9846
667.9846
667.9846
667.9846
667.9846
667.9846
667.9846
667.9846
667.9846
667.9846
667.9846
667.9846
667.9846
667.9846
667.9846
667.9846
667.9846
667.9846
667.9846
667.9846
667.9846
667.9846
667.9846
667.9846
667.9846
667.9846
667.9846
667.9846
667.9846
667.9846
667.9846
667.9846
667.9846
667.9846
667.9846
667.9846
667.9846
667.9846
667.9846
667.9846
667.9846
667.9846
667.9846
667.9846
667.9846
667.9846
667.9846
667.9846
667.9846
667.9846
667.9846
667.9846
667.9846
667.9846
667.9846
667.9846
667.9846
667.9846
667.9846
667.9846
667.9846
667.9846
667.9846
667.9846
667.9846
667.9846
667.9846
667.9846
667.9846
667.9846
667.9846
667.9846
667.9846
667.9846
667.9846
667.9846
667.9846
667.9846
667.9846
667.9846
667.9846
667.9846
667.9846
667.9846
667.9846
667.9846
667.9846
667.9846
667.9846
667.9846
667.9846
667.9846
667.9846
667.9846
667.9846
667.9846
667.9846
667.9846
667.9846
667.9846
667.9846
667.9846
667.9846
667.9846
667.9846
667.9846
667.9846
667.9846
667.9846
667.9846
667.9846
667.9846
667.9846
667.9846
667.9846
667.9846
667.9846
667.9846
667.9846
667.9846
667.9846
667.9846
667.9846
667.9846
667.9846
667.9846
667.9846
667.9846
667.9846
667.9846
667.9846
667.9846
667.9846
667.9846
667.9846
667.9846
667.9846
667.9846
667.9846
667.9846
667.9846
667.9846
667.9846
667.9846
667.9846
667.9846
667.9846
667.9846
667.9846
667.9846
667.9846
667.9846
667.9846
667.9846
667.9846
667.9846
667.9846
667.9846
667.9846
667.9846
667.9846
667.9846
667.9846
667.9846
667.9846
667.9846
667.9846
667.9846
667.9846
667.9846
667.9846
667.9846
667.9846
667.9846
667.9846
667.9846
667.9846
667.9846
667.9846
667.9846
667.9846
667.9846
667.9846
667.9846
667.9846
667.9846
667.9846
667.9846
667.9846
667.9846
667.9846
667.9846
667.9846
667.9846
667.9846
667.9846
667.9846
667.9846
667.9846
667.9846
667.9846
667.9846
667.9846
667.9846
667.9846
667.9846
667.9846
667.9846
667.9846
667.9846
667.9846
667.9846
667.9846
667.9846
667.9846
667.9846
667.9846
667.9846
667.9846
667.9846
667.9846
667.9846
667.9846
667.9846
667.9846
667.9846
667.9846
667.9846
667.9846
667.9846
667.9846
667.9846
667.9846
667.9846
667.9846
667.9846
667.9846
667.9846
667.9846
667.9924
667.9916
667.9908
667.9901
667.9893
667.9885
667.9878
667.987
667.9862
667.9855
667.9924
667.9916
667.9908
667.9901
667.9893
667.9885
667.9878
667.987
667.9862
667.9855
667.9924
667.9916
667.9908
667.9901
667.9893
667.9885
667.9878
667.987
667.9862
667.9855
667.9924
667.9916
667.9908
667.9901
667.9893
667.9885
667.9878
667.987
667.9862
667.9855
667.9924
667.9916
667.9908
667.9901
667.9893
667.9885
667.9878
667.987
667.9862
667.9855
667.9924
667.9916
667.9908
667.9901
667.9893
667.9885
667.9878
667.987
667.9862
667.9855
684.5237
705.6164
730.1528
756.8842
784.469
811.5244
836.6868
858.6725
876.3321
888.7239
684.5237
705.6164
730.1528
756.8842
784.469
811.5244
836.6868
858.6725
876.3321
888.7239
684.1196
704.5469
728.2719
754.1217
780.8157
807.029
831.458
852.8901
870.2785
882.8129
684.4286
705.3425
729.6564
756.1487
783.4983
810.3413
835.3339
857.2178
874.8794
887.4028
684.4286
705.3425
729.6563
756.1487
783.4983
810.3413
835.3339
857.2178
874.8793
887.4028
684.4888
705.5426
730.0339
756.7153
784.2475
811.2505
836.3619
858.2971
875.901
888.2216
684.5237
705.6164
730.1528
756.8842
784.469
811.5244
836.6868
858.6725
876.3322
888.7239
684.1196
704.5469
728.2719
754.1217
780.8157
807.029
831.458
852.8902
870.2785
882.8129
684.4286
705.3425
729.6564
756.1487
783.4983
810.3414
835.3339
857.2179
874.8794
887.4028
684.4888
705.5426
730.034
756.7153
784.2475
811.2505
836.3619
858.2971
875.901
888.2216
684.4286
705.3425
729.6564
756.1487
783.4983
810.3413
835.3339
857.2178
874.8794
887.4028
684.5237
705.6164
730.1528
756.8842
784.469
811.5244
836.6868
858.6725
876.3321
888.7239
684.1196
704.5469
728.2719
754.1217
780.8157
807.029
831.458
852.8902
870.2785
882.813
684.4286
705.3425
729.6564
756.1487
783.4983
810.3413
835.3339
857.2178
874.8793
887.4028
684.5237
705.6164
730.1528
756.8842
784.469
811.5244
836.6868
858.6725
876.3321
888.7238
684.4286
705.3425
729.6564
756.1487
783.4983
810.3413
835.3339
857.2178
874.8794
887.4028
684.4888
705.5426
730.0339
756.7153
784.2475
811.2504
836.3618
858.297
875.9009
888.2214
684.5237
705.6164
730.1528
756.8842
784.469
811.5244
836.6867
858.6725
876.3321
888.7238
684.5237
705.6164
730.1528
756.8842
784.469
811.5244
836.6867
858.6724
876.332
888.7238
684.1196
704.5469
728.2719
754.1217
780.8157
807.029
831.458
852.8902
870.2785
882.813
684.4286
705.3425
729.6563
756.1487
783.4983
810.3413
835.3339
857.2178
874.8793
887.4028
684.5237
705.6164
730.1528
756.8842
784.469
811.5244
836.6867
858.6724
876.332
888.7238
684.4888
705.5426
730.0339
756.7153
784.2475
811.2504
836.3618
858.297
875.9009
888.2214
684.4286
705.3425
729.6563
756.1487
783.4983
810.3413
835.3339
857.2178
874.8793
887.4027
684.5237
705.6164
730.1528
756.8842
784.4689
811.5243
836.6867
858.6724
876.332
888.7237
684.4286
705.3425
729.6563
756.1486
783.4983
810.3413
835.3338
857.2177
874.8792
887.4027
684.5237
705.6164
730.1528
756.8842
784.4689
811.5243
836.6867
858.6724
876.332
888.7237
684.4888
705.5426
730.0339
756.7152
784.2474
811.2504
836.3618
858.2969
875.9008
888.2214
684.1196
704.5469
728.2719
754.1217
780.8157
807.029
831.458
852.8902
870.2785
882.8129
684.4286
705.3425
729.6563
756.1487
783.4983
810.3413
835.3339
857.2178
874.8793
887.4027
684.1196
704.5469
728.2719
754.1217
780.8157
807.029
831.4579
852.8901
870.2784
882.8128
684.4286
705.3425
729.6563
756.1487
783.4983
810.3413
835.3338
857.2177
874.8793
887.4027
684.4888
705.5426
730.0339
756.7152
784.2474
811.2504
836.3618
858.2969
875.9009
888.2214
684.4286
705.3425
729.6563
756.1487
783.4983
810.3413
835.3339
857.2178
874.8793
887.4027
684.5237
705.6164
730.1528
756.8842
784.4689
811.5243
836.6867
858.6724
876.332
888.7238
684.5237
705.6164
730.1528
756.8842
784.469
811.5244
836.6867
858.6724
876.332
888.7238
683.976
704.3156
727.9417
753.6608
780.1884
806.1975
830.377
851.4885
868.4127
880.2048
682.7944
701.3408
722.776
746.0747
770.1015
793.6727
815.6193
834.8517
850.424
861.5505
683.3498
702.7683
725.2721
749.751
774.9971
799.7572
822.7923
842.9367
859.1427
870.4877
684.2138
704.8897
728.9239
755.0963
782.0963
808.572
833.1874
854.6804
871.9108
883.9256
683.976
704.3156
727.9417
753.6608
780.1883
806.1974
830.3769
851.4884
868.4127
880.2048
683.3498
702.7683
725.272
749.751
774.9971
799.7572
822.7923
842.9366
859.1427
870.4877
682.7944
701.3408
722.776
746.0747
770.1015
793.6728
815.6193
834.8517
850.4239
861.5505
683.976
704.3156
727.9417
753.6609
780.1884
806.1975
830.377
851.4885
868.4127
880.2048
683.976
704.3156
727.9417
753.6609
780.1884
806.1975
830.377
851.4885
868.4127
880.2048
683.3498
702.7683
725.2721
749.751
774.9971
799.7572
822.7923
842.9367
859.1427
870.4877
683.3498
702.7683
725.2721
749.751
774.9971
799.7572
822.7923
842.9367
859.1427
870.4877
684.2138
704.8897
728.9239
755.0963
782.0963
808.572
833.1874
854.6804
871.9108
883.9256
684.2138
704.8897
728.9239
755.0963
782.0963
808.572
833.1873
854.6803
871.9107
883.9254
683.976
704.3156
727.9417
753.6609
780.1883
806.1974
830.3769
851.4884
868.4126
880.2047
683.976
704.3156
727.9417
753.6609
780.1883
806.1974
830.3769
851.4884
868.4126
880.2047
683.3498
702.7683
725.2721
749.751
774.9971
799.7571
822.7922
842.9365
859.1425
870.4875
683.3498
702.7684
725.2721
749.751
774.9971
799.7572
822.7922
842.9365
859.1426
870.4875
682.7944
701.3408
722.776
746.0746
770.1014
793.6727
815.6192
834.8515
850.4237
861.5503
683.3498
702.7683
725.2721
749.751
774.9971
799.7571
822.7922
842.9365
859.1425
870.4875
683.3498
702.7683
725.2721
749.751
774.9971
799.7571
822.7922
842.9365
859.1425
870.4875
683.976
704.3156
727.9417
753.6608
780.1883
806.1974
830.3769
851.4883
868.4126
880.2046
683.976
704.3156
727.9417
753.6608
780.1883
806.1974
830.3769
851.4884
868.4126
880.2047
682.7944
701.3408
722.776
746.0746
770.1014
793.6727
815.6192
834.8515
850.4237
861.5502
684.2138
704.8897
728.9239
755.0963
782.0963
808.5719
833.1873
854.6803
871.9107
883.9254
683.976
704.3156
727.9417
753.6608
780.1883
806.1974
830.3768
851.4883
868.4125
880.2046
684.2138
704.8897
728.9239
755.0962
782.0963
808.5719
833.1873
854.6802
871.9106
883.9254
683.976
704.3156
727.9417
753.6608
780.1883
806.1974
830.3768
851.4883
868.4125
880.2046
683.3498
702.7683
725.272
749.751
774.9971
799.7571
822.7922
842.9365
859.1425
870.4875
683.3498
702.7683
725.272
749.751
774.997
799.7571
822.7922
842.9365
859.1425
870.4875
682.7944
701.3408
722.7759
746.0746
770.1014
793.6726
815.6192
834.8515
850.4237
861.5502
684.2138
704.8897
728.9239
755.0962
782.0963
808.5719
833.1873
854.6803
871.9107
883.9255
683.976
704.3156
727.9417
753.6608
780.1883
806.1974
830.3769
851.4884
868.4126
880.2047
682.7944
701.3408
722.7759
746.0746
770.1014
793.6727
815.6193
834.8516
850.4238
861.5504
683.976
704.3156
727.9417
753.6608
780.1883
806.1974
830.3769
851.4884
868.4126
880.2047
683.3498
702.7683
725.272
749.751
774.9971
799.7571
822.7923
842.9366
859.1426
870.4876
683.3498
702.7683
725.272
749.751
774.9971
799.7571
822.7922
842.9366
859.1426
870.4876
684.1633
704.7914
728.777
754.8983
781.845
808.266
832.826
854.2615
871.4303
883.3828
684.4449
705.4527
729.8936
756.5193
783.992
810.9333
835.9821
857.8531
875.3888
887.637
684.4449
705.4527
729.8936
756.5193
783.992
810.9333
835.9821
857.853
875.3888
887.637
684.1633
704.7914
728.777
754.8983
781.845
808.2661
832.826
854.2615
871.4304
883.3829
683.8698
704.115
727.6491
753.2741
779.7053
805.6174
829.6992
850.7086
867.5193
879.1903
683.8698
704.115
727.6491
753.2741
779.7054
805.6174
829.6992
850.7086
867.5193
879.1903
684.1633
704.7914
728.777
754.8983
781.8451
808.2661
832.8261
854.2616
871.4305
883.383
683.8698
704.115
727.6491
753.2742
779.7054
805.6175
829.6993
850.7087
867.5194
879.1904
684.445
705.4527
729.8936
756.5193
783.992
810.9334
835.9822
857.8531
875.3889
887.6371
683.8698
704.115
727.6491
753.2742
779.7054
805.6175
829.6993
850.7087
867.5194
879.1904
684.445
705.4527
729.8936
756.5193
783.992
810.9334
835.9822
857.8531
875.3889
887.6371
684.1633
704.7914
728.777
754.8983
781.845
808.2661
832.8261
854.2616
871.4305
883.383
684.445
705.4527
729.8936
756.5193
783.992
810.9333
835.9821
857.8531
875.3888
887.637
684.445
705.4527
729.8936
756.5193
783.992
810.9333
835.9821
857.8531
875.3888
887.637
684.1633
704.7914
728.777
754.8983
781.845
808.2661
832.826
854.2615
871.4304
883.3829
684.1633
704.7914
728.777
754.8983
781.845
808.2661
832.826
854.2615
871.4303
883.3828
683.8698
704.115
727.6491
753.2742
779.7054
805.6175
829.6993
850.7086
867.5193
879.1903
683.8698
704.115
727.6491
753.2742
779.7054
805.6175
829.6992
850.7086
867.5193
879.1903
684.1633
704.7914
728.777
754.8983
781.845
808.2661
832.826
854.2615
871.4303
883.3828
683.8698
704.115
727.6491
753.2742
779.7054
805.6174
829.6992
850.7086
867.5192
879.1902
684.445
705.4527
729.8936
756.5193
783.992
810.9333
835.9821
857.853
875.3888
887.637
683.8698
704.115
727.6491
753.2742
779.7054
805.6174
829.6992
850.7086
867.5193
879.1902
684.445
705.4527
729.8936
756.5193
783.992
810.9333
835.9821
857.853
875.3888
887.637
684.1633
704.7914
728.777
754.8983
781.845
808.2661
832.826
854.2615
871.4303
883.3828
684.445
705.4527
729.8936
756.5193
783.992
810.9333
835.982
857.853
875.3887
887.6369
684.1633
704.7914
728.777
754.8983
781.845
808.266
832.8259
854.2614
871.4303
883.3828
683.8698
704.115
727.6491
753.2741
779.7054
805.6174
829.6992
850.7085
867.5192
879.1902
684.1633
704.7914
728.777
754.8983
781.845
808.266
832.826
854.2615
871.4303
883.3828
684.445
705.4527
729.8936
756.5193
783.992
810.9333
835.9821
857.853
875.3888
887.637
683.8698
704.115
727.6491
753.2741
779.7054
805.6174
829.6992
850.7086
867.5192
879.1902
684.4449
705.4527
729.8936
756.5193
783.992
810.9333
835.982
857.8529
875.3887
887.6369
684.4449
705.4527
729.8936
756.5193
783.992
810.9333
835.982
857.8529
875.3887
887.6369
684.1633
704.7914
728.777
754.8983
781.845
808.266
832.8259
854.2614
871.4302
883.3827
683.8698
704.115
727.6491
753.2741
779.7053
805.6174
829.6991
850.7085
867.5192
879.1901
684.1633
704.7914
728.777
754.8983
781.845
808.266
832.8259
854.2614
871.4302
883.3827
683.8698
704.115
727.6491
753.2741
779.7053
805.6174
829.6991
850.7085
867.5192
879.1901
667.9924
667.9916
667.9908
667.9901
667.9893
667.9885
667.9878
667.987
667.9862
667.9855
667.9924
667.9916
667.9908
667.9901
667.9893
667.9885
667.9878
667.987
667.9862
667.9855
667.9924
667.9916
667.9908
667.9901
667.9893
667.9885
667.9878
667.987
667.9862
667.9855
667.9924
667.9916
667.9908
667.9901
667.9893
667.9885
667.9878
667.987
667.9862
667.9855
667.9924
667.9916
667.9908
667.9901
667.9893
667.9885
667.9878
667.987
667.9862
667.9855
667.9924
667.9916
667.9908
667.9901
667.9893
667.9885
667.9878
667.987
667.9862
667.9855
667.9924
667.9916
667.9908
667.9901
667.9893
667.9885
667.9878
667.987
667.9862
667.9855
667.9924
667.9916
667.9908
667.9901
667.9893
667.9885
667.9878
667.987
667.9862
667.9855
667.9924
667.9916
667.9908
667.9901
667.9893
667.9885
667.9878
667.987
667.9862
667.9855
667.9924
667.9916
667.9908
667.9901
667.9893
667.9885
667.9878
667.987
667.9862
667.9855
667.9924
667.9916
667.9908
667.9901
667.9893
667.9885
667.9878
667.987
667.9862
667.9855
667.9924
667.9916
667.9908
667.9901
667.9893
667.9885
667.9878
667.987
667.9862
667.9855
667.9924
667.9916
667.9908
667.9901
667.9893
667.9885
667.9878
667.987
667.9862
667.9855
667.9924
667.9916
667.9908
667.9901
667.9893
667.9885
667.9878
667.987
667.9862
667.9855
667.9924
667.9916
667.9908
667.9901
667.9893
667.9885
667.9878
667.987
667.9862
667.9855
667.9924
667.9916
667.9908
667.9901
667.9893
667.9885
667.9878
667.987
667.9862
667.9855
667.9924
667.9916
667.9908
667.9901
667.9893
667.9885
667.9878
667.987
667.9862
667.9855
667.9924
667.9916
667.9908
667.9901
667.9893
667.9885
667.9878
667.987
667.9862
667.9855
667.9924
667.9916
667.9908
667.9901
667.9893
667.9885
667.9878
667.987
667.9862
667.9855
667.9924
667.9916
667.9908
667.9901
667.9893
667.9885
667.9878
667.987
667.9862
667.9855
667.9924
667.9916
667.9908
667.9901
667.9893
667.9885
667.9878
667.987
667.9862
667.9855
667.9924
667.9916
667.9908
667.9901
667.9893
667.9885
667.9878
667.987
667.9862
667.9855
667.9924
667.9916
667.9908
667.9901
667.9893
667.9885
667.9878
667.987
667.9862
667.9855
667.9924
667.9916
667.9908
667.9901
667.9893
667.9885
667.9878
667.987
667.9862
667.9855
667.9924
667.9916
667.9908
667.9901
667.9893
667.9885
667.9878
667.987
667.9862
667.9855
667.9924
667.9916
667.9908
667.9901
667.9893
667.9885
667.9878
667.987
667.9862
667.9855
667.9924
667.9916
667.9908
667.9901
667.9893
667.9885
667.9878
667.987
667.9862
667.9855
667.9924
667.9916
667.9908
667.9901
667.9893
667.9885
667.9878
667.987
667.9862
667.9855
667.9924
667.9916
667.9908
667.9901
667.9893
667.9885
667.9878
667.987
667.9862
667.9855
667.9924
667.9916
667.9908
667.9901
667.9893
667.9885
667.9878
667.987
667.9862
667.9855
667.9924
667.9916
667.9908
667.9901
667.9893
667.9885
667.9878
667.987
667.9862
667.9855
667.9924
667.9916
667.9908
667.9901
667.9893
667.9885
667.9878
667.987
667.9862
667.9855
667.9924
667.9916
667.9908
667.9901
667.9893
667.9885
667.9878
667.987
667.9862
667.9855
667.9924
667.9916
667.9908
667.9901
667.9893
667.9885
667.9878
667.987
667.9862
667.9855
667.9924
667.9916
667.9908
667.9901
667.9893
667.9885
667.9878
667.987
667.9862
667.9855
667.9924
667.9916
667.9908
667.9901
667.9893
667.9885
667.9878
667.987
667.9862
667.9855
683.0762
702.1465
724.2444
748.28
773.0666
797.3733
819.9825
839.7468
855.6328
866.722
682.3001
700.2252
720.9405
743.4552
766.6714
789.4443
810.6422
829.2085
844.2205
854.8902
683.3804
702.9546
725.6852
750.4241
775.9353
800.9414
824.1787
844.4503
860.6698
871.9128
683.0018
702.1229
724.3405
748.5261
773.4677
797.9135
820.6235
840.4206
856.2326
867.1508
682.16
700.0811
720.8525
743.4466
766.7454
789.5887
810.8276
829.3772
844.2537
854.569
682.4366
700.8281
722.1953
745.4543
769.439
792.9445
814.7773
833.8043
848.9928
859.4577
682.4366
700.8282
722.1954
745.4544
769.4391
792.9447
814.7774
833.8045
848.9931
859.4579
682.16
700.0812
720.8525
743.4467
766.7455
789.5888
810.8278
829.3773
844.2539
854.5692
682.3001
700.2252
720.9406
743.4553
766.6715
789.4444
810.6423
829.2086
844.2207
854.8904
683.0018
702.123
724.3405
748.5261
773.4678
797.9136
820.6237
840.4208
856.2329
867.1511
683.3804
702.9546
725.6853
750.4242
775.9354
800.9416
824.1789
844.4505
860.6701
871.9131
683.0762
702.1465
724.2445
748.28
773.0667
797.3735
819.9826
839.747
855.633
866.7222
683.0018
702.123
724.3405
748.5261
773.4677
797.9135
820.6235
840.4206
856.2326
867.1507
683.3804
702.9546
725.6853
750.4242
775.9353
800.9415
824.1787
844.4503
860.6698
871.9128
682.4366
700.8282
722.1954
745.4544
769.4391
792.9446
814.7773
833.8042
848.9928
859.4576
682.3001
700.2252
720.9406
743.4552
766.6714
789.4443
810.6421
829.2084
844.2203
854.89
683.0762
702.1465
724.2445
748.28
773.0666
797.3733
819.9824
839.7467
855.6327
866.7218
682.16
700.0812
720.8525
743.4467
766.7454
789.5887
810.8276
829.3771
844.2536
854.5688
683.3804
702.9546
725.6853
750.4242
775.9353
800.9414
824.1787
844.4502
860.6697
871.9127
683.0018
702.123
724.3405
748.5261
773.4677
797.9135
820.6235
840.4206
856.2325
867.1506
683.0762
702.1465
724.2445
748.28
773.0666
797.3733
819.9824
839.7467
855.6327
866.7218
682.4366
700.8282
722.1954
745.4544
769.4391
792.9445
814.7772
833.8042
848.9927
859.4575
682.3001
700.2252
720.9406
743.4552
766.6714
789.4443
810.6422
829.2084
844.2203
854.89
682.16
700.0812
720.8525
743.4467
766.7455
789.5887
810.8276
829.3771
844.2535
854.5688
683.3804
702.9546
725.6853
750.4241
775.9353
800.9414
824.1787
844.4502
860.6697
871.9127
682.3001
700.2252
720.9406
743.4552
766.6714
789.4443
810.6422
829.2084
844.2204
854.89
682.4366
700.8282
722.1953
745.4544
769.4391
792.9445
814.7772
833.8042
848.9927
859.4575
682.16
700.0812
720.8525
743.4466
766.7454
789.5887
810.8276
829.3771
844.2535
854.5688
683.0762
702.1465
724.2444
748.28
773.0666
797.3733
819.9824
839.7467
855.6327
866.7218
683.0018
702.1229
724.3405
748.5261
773.4677
797.9134
820.6235
840.4206
856.2325
867.1506
682.4366
700.8281
722.1953
745.4543
769.439
792.9445
814.7772
833.8041
848.9926
859.4575
683.3804
702.9546
725.6852
750.4241
775.9352
800.9414
824.1786
844.4502
860.6697
871.9126
683.0762
702.1465
724.2444
748.2799
773.0666
797.3733
819.9824
839.7467
855.6327
866.7218
683.0018
702.1229
724.3405
748.526
773.4676
797.9134
820.6234
840.4205
856.2325
867.1506
682.16
700.0811
720.8525
743.4466
766.7454
789.5886
810.8276
829.3771
844.2535
854.5688
682.3001
700.2252
720.9405
743.4552
766.6714
789.4443
810.6422
829.2084
844.2204
854.89
682.4366
700.8281
722.1953
745.4543
769.439
792.9445
814.7772
833.8042
848.9928
859.4577
683.3804
702.9546
725.6852
750.4241
775.9353
800.9414
824.1787
844.4503
860.6698
871.9128
683.0018
702.1229
724.3405
748.526
773.4676
797.9134
820.6235
840.4206
856.2326
867.1508
683.0762
702.1465
724.2444
748.2799
773.0666
797.3733
819.9824
839.7468
855.6327
866.7219
682.16
700.0811
720.8525
743.4466
766.7454
789.5886
810.8276
829.3771
844.2536
854.5689
682.3001
700.2252
720.9405
743.4552
766.6714
789.4443
810.6421
829.2084
844.2204
854.8901
682.3001
700.2252
720.9406
743.4552
766.6715
789.4444
810.6423
829.2086
844.2206
854.8903
682.16
700.0812
720.8525
743.4467
766.7455
789.5887
810.8277
829.3772
844.2538
854.569
683.0762
702.1465
724.2445
748.28
773.0666
797.3734
819.9825
839.7469
855.6329
866.7221
683.3804
702.9546
725.6853
750.4242
775.9353
800.9415
824.1788
844.4504
860.6699
871.913
682.4366
700.8282
722.1953
745.4544
769.4391
792.9446
814.7773
833.8044
848.993
859.4578
683.0018
702.1229
724.3405
748.5261
773.4677
797.9135
820.6236
840.4207
856.2327
867.1509
682.4366
700.8282
722.1954
745.4544
769.4391
792.9446
814.7773
833.8043
848.9928
859.4577
683.0018
702.123
724.3405
748.5261
773.4677
797.9135
820.6235
840.4207
856.2326
867.1508
683.3804
702.9546
725.6853
750.4242
775.9353
800.9415
824.1788
844.4503
860.6698
871.9128
682.16
700.0812
720.8525
743.4467
766.7455
789.5887
810.8277
829.3772
844.2537
854.5689
682.3001
700.2252
720.9406
743.4553
766.6715
789.4444
810.6423
829.2086
844.2206
854.8902
683.0762
702.1465
724.2445
748.28
773.0667
797.3734
819.9825
839.7469
855.6328
866.722
682.4366
700.8282
722.1954
745.4544
769.4391
792.9445
814.7772
833.8042
848.9927
859.4575
682.3001
700.2252
720.9406
743.4552
766.6715
789.4443
810.6422
829.2084
844.2204
854.89
682.16
700.0812
720.8525
743.4467
766.7454
789.5887
810.8276
829.3771
844.2535
854.5688
683.0762
702.1465
724.2445
748.28
773.0666
797.3733
819.9824
839.7467
855.6327
866.7218
683.0018
702.123
724.3405
748.5261
773.4677
797.9135
820.6235
840.4206
856.2325
867.1506
683.3804
702.9546
725.6853
750.4242
775.9353
800.9414
824.1787
844.4502
860.6697
871.9127
682.4366
700.8282
722.1954
745.4544
769.4391
792.9445
814.7772
833.8042
848.9927
859.4575
683.3804
702.9546
725.6853
750.4241
775.9353
800.9414
824.1787
844.4502
860.6697
871.9127
683.0762
702.1465
724.2445
748.28
773.0666
797.3733
819.9824
839.7467
855.6327
866.7218
682.3001
700.2252
720.9406
743.4552
766.6714
789.4443
810.6421
829.2084
844.2203
854.89
683.0018
702.123
724.3405
748.5261
773.4677
797.9135
820.6235
840.4206
856.2325
867.1506
682.16
700.0812
720.8525
743.4467
766.7454
789.5887
810.8276
829.3771
844.2535
854.5688
683.3804
702.9546
725.6852
750.4241
775.9352
800.9414
824.1786
844.4502
860.6696
871.9126
683.0762
702.1465
724.2444
748.2799
773.0666
797.3733
819.9824
839.7467
855.6326
866.7218
682.3001
700.2252
720.9405
743.4552
766.6714
789.4442
810.6421
829.2083
844.2202
854.8899
683.0018
702.1229
724.3405
748.526
773.4676
797.9134
820.6234
840.4205
856.2324
867.1506
682.16
700.0811
720.8525
743.4466
766.7454
789.5886
810.8275
829.377
844.2535
854.5687
682.4366
700.8281
722.1953
745.4543
769.439
792.9445
814.7772
833.8041
848.9926
859.4575
678.2818
691.3837
706.5892
723.1264
740.1722
756.8784
772.4039
785.9447
796.7504
804.1355
678.8968
692.7673
708.8609
726.3635
744.4037
762.0826
778.5093
792.833
804.2612
812.0623
680.5798
696.3286
714.5126
734.2657
754.6283
774.5992
793.1873
809.4626
822.5957
831.7989
680.0231
695.2236
712.8243
731.9575
751.6809
771.0168
788.9962
804.6988
817.2736
825.8951
680.0231
695.2236
712.8243
731.9575
751.6809
771.0168
788.9962
804.6988
817.2736
825.8951
678.8968
692.7673
708.8609
726.3635
744.4037
762.0826
778.5093
792.833
804.2612
812.0623
678.8968
692.7673
708.861
726.3635
744.4037
762.0827
778.5093
792.833
804.2612
812.0622
680.0231
695.2236
712.8244
731.9576
751.681
771.0169
788.9962
804.6988
817.2736
825.895
678.8968
692.7673
708.861
726.3635
744.4037
762.0826
778.5093
792.833
804.2612
812.0623
678.2818
691.3837
706.5892
723.1264
740.1723
756.8785
772.4039
785.9447
796.7504
804.1355
680.5799
696.3286
714.5126
734.2657
754.6284
774.5993
793.1874
809.4626
822.5958
831.799
680.0231
695.2236
712.8244
731.9576
751.681
771.0169
788.9962
804.6988
817.2736
825.8951
678.8968
692.7673
708.861
726.3635
744.4037
762.0826
778.5092
792.8329
804.261
812.0621
680.5799
696.3287
714.5126
734.2658
754.6284
774.5992
793.1873
809.4625
822.5956
831.7988
680.0231
695.2237
712.8244
731.9576
751.681
771.0168
788.9961
804.6987
817.2735
825.8949
678.2818
691.3838
706.5892
723.1264
740.1723
756.8784
772.4039
785.9446
796.7502
804.1353
678.8968
692.7673
708.861
726.3635
744.4037
762.0826
778.5092
792.8329
804.261
812.0621
680.0231
695.2237
712.8244
731.9576
751.681
771.0168
788.9961
804.6987
817.2734
825.8949
678.8968
692.7674
708.861
726.3636
744.4038
762.0827
778.5093
792.833
804.261
812.0621
680.5799
696.3287
714.5127
734.2658
754.6284
774.5993
793.1873
809.4626
822.5956
831.7988
678.2818
691.3838
706.5893
723.1265
740.1723
756.8785
772.4039
785.9446
796.7502
804.1353
680.0231
695.2237
712.8244
731.9576
751.681
771.0169
788.9962
804.6987
817.2735
825.8949
680.0231
695.2237
712.8244
731.9576
751.681
771.0168
788.9962
804.6987
817.2735
825.8949
678.8968
692.7674
708.861
726.3636
744.4038
762.0826
778.5093
792.833
804.261
812.0621
680.5799
696.3286
714.5126
734.2657
754.6283
774.5992
793.1873
809.4625
822.5956
831.7988
678.8968
692.7673
708.861
726.3635
744.4037
762.0826
778.5092
792.8329
804.261
812.0621
680.0231
695.2236
712.8244
731.9576
751.6809
771.0168
788.9961
804.6987
817.2734
825.8948
680.0231
695.2236
712.8243
731.9576
751.6809
771.0168
788.9961
804.6987
817.2734
825.8948
678.8968
692.7673
708.861
726.3635
744.4037
762.0826
778.5092
792.8329
804.261
812.0621
678.2818
691.3837
706.5892
723.1264
740.1723
756.8784
772.4039
785.9446
796.7502
804.1353
678.2818
691.3837
706.5891
723.1264
740.1722
756.8784
772.4038
785.9446
796.7503
804.1354
680.0231
695.2236
712.8243
731.9575
751.6809
771.0168
788.9961
804.6987
817.2735
825.895
678.8968
692.7673
708.8609
726.3634
744.4036
762.0826
778.5092
792.8329
804.2611
812.0622
678.8968
692.7673
708.8609
726.3635
744.4036
762.0826
778.5092
792.8329
804.261
812.0622
680.5798
696.3286
714.5126
734.2657
754.6283
774.5991
793.1873
809.4625
822.5956
831.7988
680.0231
695.2236
712.8243
731.9575
751.6809
771.0168
788.9961
804.6987
817.2735
825.8949
681.5552
698.7233
718.6274
740.2801
762.6082
784.4984
804.848
822.6136
836.844
846.6615
679.9062
695.1165
712.8008
732.0533
751.9055
771.3588
789.4241
805.1583
817.6885
826.2308
681.1112
697.8639
717.3516
738.5748
760.4624
781.9094
801.8215
819.1569
832.9602
842.398
680.2958
696.0658
714.4355
734.4514
755.0976
775.3288
794.1094
810.4513
823.4438
832.2926
681.2165
697.7816
716.9218
737.7216
759.1668
780.1994
799.7731
816.9075
830.7356
840.4673
680.4361
696.1775
714.4174
734.2529
754.7037
774.7531
793.3935
809.6691
822.6996
831.6459
681.1112
697.864
717.3516
738.5749
760.4624
781.9095
801.8215
819.157
832.9603
842.398
679.9062
695.1165
712.8008
732.0534
751.9055
771.3588
789.4242
805.1583
817.6885
826.2308
680.2958
696.0659
714.4356
734.4515
755.0976
775.3288
794.1094
810.4514
823.4438
832.2926
681.5552
698.7234
718.6274
740.2801
762.6082
784.4984
804.848
822.6137
836.844
846.6615
681.2165
697.7816
716.9219
737.7217
759.1668
780.1994
799.7731
816.9075
830.7356
840.4673
680.4362
696.1775
714.4174
734.253
754.7038
774.7532
793.3936
809.6691
822.6996
831.6459
681.1112
697.864
717.3516
738.5749
760.4624
781.9094
801.8214
819.1569
832.9601
842.3978
681.2165
697.7816
716.9219
737.7217
759.1668
780.1994
799.7731
816.9074
830.7355
840.4671
679.9062
695.1165
712.8008
732.0534
751.9055
771.3588
789.4241
805.1582
817.6883
826.2306
681.5552
698.7234
718.6274
740.2801
762.6082
784.4984
804.848
822.6135
836.8438
846.6613
680.4362
696.1776
714.4174
734.253
754.7038
774.7531
793.3935
809.669
822.6994
831.6457
680.2958
696.0659
714.4356
734.4515
755.0977
775.3288
794.1094
810.4513
823.4436
832.2924
681.1112
697.864
717.3516
738.5749
760.4624
781.9094
801.8214
819.1568
832.9601
842.3978
680.4362
696.1776
714.4175
734.253
754.7038
774.7532
793.3935
809.669
822.6994
831.6457
679.9062
695.1165
712.8009
732.0534
751.9055
771.3588
789.4241
805.1582
817.6883
826.2306
681.5552
698.7234
718.6274
740.2801
762.6082
784.4984
804.848
822.6135
836.8438
846.6612
680.2958
696.0659
714.4356
734.4515
755.0977
775.3288
794.1094
810.4513
823.4436
832.2924
681.2165
697.7816
716.9219
737.7217
759.1668
780.1995
799.7731
816.9075
830.7355
840.4672
681.2165
697.7816
716.9219
737.7217
759.1668
780.1994
799.7731
816.9075
830.7355
840.4672
681.5552
698.7234
718.6274
740.2801
762.6082
784.4984
804.8479
822.6135
836.8438
846.6612
680.4362
696.1776
714.4174
734.253
754.7038
774.7531
793.3935
809.669
822.6994
831.6457
681.1112
697.864
717.3516
738.5749
760.4624
781.9094
801.8214
819.1568
832.96
842.3978
679.9062
695.1165
712.8008
732.0534
751.9055
771.3588
789.4241
805.1582
817.6883
826.2306
680.2958
696.0659
714.4356
734.4515
755.0976
775.3288
794.1094
810.4512
823.4436
832.2923
681.2165
697.7816
716.9218
737.7216
759.1667
780.1994
799.7731
816.9074
830.7355
840.4672
681.5552
698.7233
718.6274
740.2801
762.6081
784.4983
804.8479
822.6135
836.8438
846.6613
679.9062
695.1165
712.8008
732.0533
751.9054
771.3587
789.424
805.1582
817.6883
826.2306
680.4361
696.1775
714.4174
734.2529
754.7037
774.7531
793.3935
809.669
822.6994
831.6458
681.1112
697.8639
717.3516
738.5748
760.4624
781.9094
801.8214
819.1568
832.96
842.3978
680.2958
696.0659
714.4355
734.4514
755.0976
775.3287
794.1093
810.4512
823.4436
832.2924
680.7105
697.0851
716.2009
737.0504
758.5638
779.643
799.2007
816.2005
829.6945
838.8867
681.3172
698.3938
718.2898
739.9726
762.3401
784.2576
804.601
822.2991
836.372
845.9916
681.9639
699.8242
720.6099
743.2516
766.6045
789.4884
810.7339
829.2279
843.9544
854.0566
681.3172
698.3938
718.2898
739.9726
762.3401
784.2576
804.601
822.299
836.372
845.9915
680.7105
697.085
716.2009
737.0504
758.5638
779.643
799.2007
816.2005
829.6945
838.8867
681.9639
699.8242
720.6099
743.2516
766.6045
789.4884
810.7339
829.228
843.9544
854.0566
680.7105
697.0851
716.2009
737.0504
758.5638
779.643
799.2008
816.2006
829.6946
838.8868
680.7105
697.0851
716.2009
737.0504
758.5638
779.643
799.2008
816.2006
829.6946
838.8868
681.3173
698.3938
718.2898
739.9727
762.3402
784.2577
804.6011
822.2991
836.3721
845.9916
681.3172
698.3938
718.2898
739.9727
762.3401
784.2577
804.6011
822.2991
836.3721
845.9916
681.9639
699.8242
720.61
743.2517
766.6045
789.4885
810.734
829.228
843.9545
854.0567
681.9639
699.8242
720.61
743.2517
766.6045
789.4885
810.734
829.2281
843.9545
854.0567
681.3173
698.3938
718.2898
739.9727
762.3402
784.2577
804.601
822.299
836.372
845.9915
680.7106
697.0851
716.2009
737.0505
758.5639
779.643
799.2008
816.2005
829.6945
838.8867
681.9639
699.8242
720.61
743.2517
766.6045
789.4884
810.7339
829.228
843.9544
854.0566
681.9639
699.8242
720.61
743.2517
766.6046
789.4885
810.734
829.228
843.9544
854.0566
680.7106
697.0851
716.2009
737.0505
758.5639
779.643
799.2008
816.2005
829.6945
838.8867
681.3173
698.3938
718.2898
739.9727
762.3402
784.2577
804.601
822.2991
836.372
845.9915
681.9639
699.8242
720.61
743.2517
766.6045
789.4884
810.7339
829.2279
843.9543
854.0565
681.3173
698.3938
718.2898
739.9727
762.3402
784.2576
804.601
822.299
836.3719
845.9914
681.9639
699.8242
720.61
743.2517
766.6045
789.4884
810.7339
829.2279
843.9543
854.0565
680.7106
697.0851
716.2009
737.0505
758.5639
779.643
799.2007
816.2004
829.6944
838.8866
680.7106
697.0851
716.2009
737.0505
758.5639
779.643
799.2007
816.2004
829.6944
838.8866
681.3173
698.3938
718.2898
739.9727
762.3402
784.2576
804.601
822.299
836.3719
845.9914
680.7106
697.0851
716.2009
737.0505
758.5639
779.643
799.2007
816.2004
829.6944
838.8866
681.3173
698.3938
718.2898
739.9727
762.3401
784.2576
804.601
822.299
836.3719
845.9914
681.9639
699.8242
720.61
743.2517
766.6045
789.4884
810.7339
829.2279
843.9543
854.0565
680.7106
697.0851
716.2009
737.0505
758.5639
779.643
799.2007
816.2004
829.6944
838.8866
681.9639
699.8242
720.61
743.2517
766.6045
789.4884
810.7339
829.2279
843.9543
854.0565
681.3173
698.3938
718.2898
739.9727
762.3402
784.2576
804.601
822.299
836.3719
845.9914
680.7105
697.0851
716.2009
737.0504
758.5638
779.6429
799.2007
816.2004
829.6944
838.8866
680.7105
697.0851
716.2009
737.0504
758.5638
779.6429
799.2007
816.2004
829.6944
838.8866
681.3172
698.3938
718.2898
739.9726
762.3401
784.2576
804.6009
822.299
836.3719
845.9914
681.3173
698.3938
718.2898
739.9726
762.3401
784.2576
804.6009
822.2989
836.3719
845.9914
681.9639
699.8242
720.61
743.2516
766.6045
789.4884
810.7338
829.2279
843.9543
854.0565
681.9639
699.8242
720.61
743.2516
766.6045
789.4884
810.7338
829.2279
843.9542
854.0565
679.9062
695.1164
712.8008
732.0533
751.9054
771.3587
789.4241
805.1582
817.6884
826.2307
680.2958
696.0658
714.4355
734.4514
755.0976
775.3287
794.1094
810.4513
823.4437
832.2925
681.2165
697.7815
716.9218
737.7216
759.1667
780.1993
799.773
816.9074
830.7355
840.4672
680.4361
696.1775
714.4174
734.2529
754.7037
774.7531
793.3935
809.669
822.6995
831.6458
681.1112
697.8639
717.3516
738.5748
760.4624
781.9094
801.8214
819.1569
832.9602
842.3979
681.5552
698.7233
718.6274
740.2801
762.6081
784.4983
804.8479
822.6136
836.8439
846.6614
680.2958
696.0659
714.4355
734.4515
755.0976
775.3288
794.1094
810.4513
823.4438
832.2926
681.5552
698.7234
718.6274
740.2801
762.6082
784.4984
804.848
822.6137
836.844
846.6615
681.2165
697.7816
716.9218
737.7216
759.1668
780.1994
799.7731
816.9076
830.7357
840.4673
681.1112
697.8639
717.3516
738.5748
760.4624
781.9094
801.8215
819.157
832.9603
842.398
679.9062
695.1165
712.8008
732.0534
751.9055
771.3588
789.4241
805.1583
817.6885
826.2308
680.4361
696.1775
714.4174
734.2529
754.7037
774.7531
793.3936
809.6691
822.6996
831.6459
681.2165
697.7816
716.9219
737.7217
759.1669
780.1995
799.7732
816.9076
830.7357
840.4674
681.5552
698.7234
718.6274
740.2802
762.6082
784.4984
804.8481
822.6137
836.844
846.6615
680.4362
696.1776
714.4174
734.253
754.7038
774.7532
793.3936
809.6692
822.6996
831.6459
681.1112
697.864
717.3516
738.5749
760.4625
781.9095
801.8215
819.157
832.9602
842.398
679.9062
695.1165
712.8008
732.0534
751.9056
771.3588
789.4242
805.1583
817.6885
826.2308
680.2958
696.0659
714.4356
734.4515
755.0977
775.3289
794.1095
810.4514
823.4437
832.2925
681.2165
697.7816
716.9219
737.7217
759.1668
780.1994
799.7731
816.9075
830.7355
840.4672
680.4362
696.1776
714.4174
734.253
754.7038
774.7531
793.3935
809.669
822.6994
831.6457
681.5552
698.7234
718.6274
740.2801
762.6082
784.4984
804.848
822.6135
836.8438
846.6612
681.1112
697.864
717.3516
738.5749
760.4624
781.9094
801.8214
819.1568
832.96
842.3978
679.9062
695.1165
712.8008
732.0534
751.9055
771.3588
789.4241
805.1582
817.6883
826.2306
680.2958
696.0659
714.4356
734.4515
755.0977
775.3288
794.1094
810.4512
823.4436
832.2923
681.2165
697.7816
716.9219
737.7217
759.1668
780.1994
799.7731
816.9074
830.7355
840.4671
681.5552
698.7234
718.6274
740.2801
762.6082
784.4984
804.848
822.6135
836.8438
846.6612
679.9062
695.1165
712.8008
732.0534
751.9055
771.3588
789.4241
805.1582
817.6883
826.2306
680.4362
696.1776
714.4174
734.253
754.7038
774.7531
793.3935
809.669
822.6994
831.6457
681.1112
697.864
717.3516
738.5749
760.4624
781.9094
801.8214
819.1568
832.96
842.3978
680.2958
696.0659
714.4356
734.4515
755.0977
775.3288
794.1094
810.4512
823.4436
832.2923
681.2165
697.7816
716.9218
737.7216
759.1667
780.1994
799.773
816.9074
830.7354
840.4671
680.4362
696.1775
714.4174
734.2529
754.7037
774.7531
793.3935
809.669
822.6994
831.6457
681.5552
698.7234
718.6274
740.2801
762.6081
784.4983
804.8479
822.6135
836.8438
846.6612
681.1112
697.864
717.3516
738.5748
760.4624
781.9094
801.8214
819.1568
832.96
842.3977
680.2958
696.0659
714.4355
734.4515
755.0976
775.3287
794.1093
810.4512
823.4435
832.2923
679.9062
695.1165
712.8008
732.0534
751.9055
771.3587
789.4241
805.1582
817.6883
826.2306
675.3343
684.5208
695.1157
706.6133
718.4599
730.0812
740.9119
750.4252
758.158
763.71
674.8709
683.4761
693.3901
704.1427
715.2195
726.087
736.2194
745.1251
752.3584
757.4787
677.2143
688.91
702.4608
717.1904
732.3732
747.2614
761.1152
773.2346
782.9784
789.7598
677.2143
688.91
702.4608
717.1904
732.3732
747.2614
761.1152
773.2346
782.9784
789.7598
675.3343
684.5208
695.1157
706.6133
718.4599
730.0812
740.9119
750.4252
758.158
763.71
678.137
691.041
706.0068
722.2783
739.0488
755.487
770.7703
784.1158
794.7984
802.1575
674.8709
683.4761
693.3902
704.1427
715.2195
726.087
736.2194
745.125
752.3584
757.4786
675.3343
684.5209
695.1158
706.6134
718.46
730.0813
740.912
750.4253
758.158
763.7101
677.2143
688.91
702.4609
717.1905
732.3734
747.2615
761.1154
773.2347
782.9785
789.7599
675.3343
684.5209
695.1157
706.6134
718.46
730.0813
740.912
750.4252
758.158
763.71
678.137
691.041
706.0069
722.2784
739.0489
755.4871
770.7704
784.1158
794.7984
802.1575
677.2143
688.91
702.4609
717.1905
732.3734
747.2615
761.1154
773.2347
782.9785
789.7598
675.3344
684.5209
695.1158
706.6134
718.46
730.0813
740.9119
750.4252
758.1579
763.7099
677.2144
688.9101
702.4609
717.1905
732.3734
747.2614
761.1153
773.2346
782.9784
789.7597
675.3343
684.5209
695.1158
706.6134
718.46
730.0813
740.9119
750.4252
758.1579
763.7099
674.8709
683.4761
693.3902
704.1427
715.2195
726.087
736.2194
745.125
752.3583
757.4785
678.137
691.041
706.0069
722.2784
739.0488
755.487
770.7703
784.1157
794.7983
802.1574
677.2144
688.9101
702.4609
717.1905
732.3734
747.2614
761.1153
773.2346
782.9783
789.7597
678.137
691.0411
706.0069
722.2785
739.0489
755.487
770.7704
784.1157
794.7982
802.1573
677.2144
688.9101
702.461
717.1905
732.3734
747.2614
761.1153
773.2345
782.9783
789.7596
677.2144
688.9101
702.461
717.1905
732.3734
747.2614
761.1153
773.2345
782.9783
789.7596
675.3344
684.5209
695.1158
706.6135
718.4601
730.0813
740.912
750.4252
758.1579
763.7099
675.3344
684.5209
695.1158
706.6135
718.4601
730.0813
740.912
750.4252
758.1579
763.7099
674.8709
683.4762
693.3902
704.1428
715.2196
726.0871
736.2195
745.1251
752.3583
757.4786
675.3343
684.5209
695.1158
706.6134
718.46
730.0813
740.9119
750.4252
758.1579
763.7099
677.2143
688.91
702.4609
717.1905
732.3734
747.2614
761.1153
773.2346
782.9784
789.7597
674.8709
683.4761
693.3902
704.1427
715.2195
726.087
736.2194
745.125
752.3583
757.4785
675.3343
684.5209
695.1158
706.6134
718.46
730.0813
740.9119
750.4252
758.1579
763.7099
678.137
691.041
706.0069
722.2784
739.0488
755.487
770.7703
784.1157
794.7983
802.1574
677.2144
688.9101
702.4609
717.1905
732.3734
747.2614
761.1153
773.2346
782.9784
789.7597
677.2143
688.91
702.4609
717.1904
732.3733
747.2614
761.1152
773.2345
782.9784
789.7597
678.137
691.041
706.0068
722.2783
739.0487
755.4869
770.7703
784.1157
794.7983
802.1574
675.3343
684.5208
695.1157
706.6133
718.4599
730.0812
740.9119
750.4251
758.1579
763.7099
677.2143
688.91
702.4609
717.1904
732.3733
747.2614
761.1152
773.2346
782.9784
789.7597
675.3343
684.5208
695.1157
706.6133
718.4599
730.0812
740.9119
750.4252
758.1579
763.71
674.8709
683.4761
693.3901
704.1426
715.2195
726.0869
736.2193
745.1249
752.3583
757.4785
677.8609
690.4101
704.9699
720.8062
737.1335
753.1424
768.0328
781.0469
791.4933
798.7565
676.4014
687.0142
699.3053
712.6694
726.4492
739.9662
752.5519
763.5824
772.5133
778.9182
679.6345
694.4996
711.7751
730.5775
749.9652
768.9681
786.6252
802.0193
814.3006
822.707
677.5175
689.6853
703.8365
719.2471
735.1437
750.732
765.2288
777.8948
788.0619
795.1415
680.3053
696.0776
714.4367
734.4336
755.0587
775.2733
794.0482
810.4007
823.4212
832.3018
679.3857
694.0265
711.0921
729.6916
748.8798
767.6872
785.155
800.3705
812.4944
820.7875
680.3053
696.0776
714.4367
734.4336
755.0588
775.2734
794.0483
810.4007
823.4212
832.3018
679.6345
694.4996
711.7751
730.5775
749.9652
768.9682
786.6253
802.0193
814.3006
822.707
677.8609
690.4102
704.97
720.8063
737.1336
753.1425
768.0329
781.047
791.4934
798.7565
676.4014
687.0143
699.3054
712.6695
726.4494
739.9663
752.5521
763.5825
772.5134
778.9183
677.5175
689.6854
703.8366
719.2472
735.1438
750.7321
765.2289
777.8949
788.062
795.1416
679.3858
694.0265
711.0922
729.6917
748.8799
767.6873
785.155
800.3705
812.4945
820.7875
677.861
690.4102
704.97
720.8063
737.1336
753.1425
768.0329
781.0469
791.4932
798.7563
679.6345
694.4996
711.7751
730.5776
749.9652
768.9682
786.6252
802.0192
814.3004
822.7068
676.4014
687.0143
699.3054
712.6695
726.4494
739.9663
752.552
763.5824
772.5132
778.9181
677.5176
689.6854
703.8366
719.2472
735.1438
750.7321
765.2288
777.8948
788.0618
795.1414
680.3053
696.0777
714.4368
734.4337
755.0588
775.2734
794.0482
810.4006
823.4211
832.3016
679.3858
694.0265
711.0922
729.6917
748.8799
767.6873
785.155
800.3704
812.4943
820.7873
680.3053
696.0777
714.4368
734.4337
755.0588
775.2734
794.0482
810.4006
823.421
832.3016
677.861
690.4102
704.97
720.8063
737.1336
753.1425
768.0329
781.0469
791.4932
798.7563
679.3858
694.0266
711.0923
729.6917
748.88
767.6873
785.155
800.3704
812.4943
820.7872
677.5176
689.6854
703.8367
719.2472
735.1438
750.7321
765.2288
777.8948
788.0618
795.1413
676.4014
687.0143
699.3054
712.6695
726.4493
739.9662
752.5519
763.5823
772.5131
778.918
679.6345
694.4997
711.7752
730.5776
749.9653
768.9682
786.6253
802.0192
814.3004
822.7068
680.3053
696.0776
714.4367
734.4337
755.0588
775.2734
794.0482
810.4006
823.421
832.3016
679.3858
694.0265
711.0922
729.6917
748.8799
767.6873
785.155
800.3704
812.4943
820.7873
677.5176
689.6854
703.8366
719.2472
735.1438
750.7321
765.2288
777.8948
788.0618
795.1414
679.6345
694.4996
711.7751
730.5776
749.9652
768.9682
786.6252
802.0192
814.3004
822.7068
676.4014
687.0143
699.3054
712.6695
726.4494
739.9663
752.552
763.5824
772.5132
778.9181
677.861
690.4102
704.97
720.8063
737.1336
753.1425
768.0329
781.0469
791.4932
798.7563
680.3053
696.0776
714.4367
734.4336
755.0587
775.2733
794.0481
810.4006
823.4211
832.3016
679.3857
694.0265
711.0922
729.6916
748.8798
767.6872
785.1549
800.3704
812.4943
820.7873
679.6345
694.4996
711.7751
730.5775
749.9651
768.9681
786.6252
802.0192
814.3004
822.7068
677.5175
689.6854
703.8366
719.2471
735.1438
750.732
765.2288
777.8948
788.0618
795.1415
677.8609
690.4101
704.9699
720.8062
737.1335
753.1424
768.0328
781.0469
791.4933
798.7564
676.4014
687.0143
699.3054
712.6694
726.4493
739.9662
752.552
763.5824
772.5133
778.9182
680.5314
696.7814
715.8037
736.5777
758.0261
779.047
798.5515
815.5022
828.9486
838.0762
679.0941
693.4873
710.3377
728.741
747.7437
766.3722
783.6661
798.7131
810.6782
818.8362
678.8124
692.8064
709.1694
727.0299
745.4684
763.5444
780.3308
794.9461
806.5829
814.5322
681.5612
699.0918
719.5877
741.959
765.0513
787.6812
808.677
826.9215
841.3913
851.2194
679.9622
695.4114
713.4579
733.146
753.4656
773.3817
791.8711
807.9586
820.7473
829.4551
681.2993
698.4561
718.4932
740.3522
762.9113
785.019
805.5353
823.3726
837.5312
847.1529
679.0941
693.4873
710.3377
728.741
747.7438
766.3723
783.6662
798.7131
810.6782
818.8362
680.5314
696.7815
715.8038
736.5778
758.0262
779.0471
798.5516
815.5022
828.9487
838.0762
679.9623
695.4115
713.4579
733.1461
753.4657
773.3818
791.8712
807.9587
820.7473
829.4551
681.2993
698.4561
718.4932
740.3523
762.9114
785.0191
805.5354
823.3727
837.5313
847.1529
681.5612
699.0918
719.5877
741.959
765.0514
787.6812
808.6771
826.9216
841.3914
851.2194
678.8124
692.8064
709.1694
727.03
745.4684
763.5445
780.3308
794.9462
806.5829
814.5322
679.0941
693.4873
710.3378
728.7411
747.7438
766.3723
783.6662
798.7131
810.6781
818.836
678.8124
692.8065
709.1695
727.03
745.4685
763.5445
780.3308
794.9461
806.5828
814.5321
679.9623
695.4115
713.458
733.1461
753.4657
773.3818
791.8711
807.9586
820.7472
829.455
680.5315
696.7815
715.8038
736.5778
758.0262
779.0471
798.5515
815.5022
828.9485
838.0761
681.2993
698.4562
718.4932
740.3523
762.9114
785.0191
805.5353
823.3726
837.5311
847.1528
681.5612
699.0919
719.5878
741.9591
765.0514
787.6813
808.677
826.9215
841.3912
851.2192
680.5315
696.7815
715.8038
736.5779
758.0263
779.0471
798.5515
815.5021
828.9484
838.076
678.8124
692.8065
709.1695
727.0301
745.4685
763.5445
780.3308
794.9461
806.5827
814.532
681.5612
699.0919
719.5878
741.9591
765.0514
787.6812
808.677
826.9214
841.3911
851.2191
681.2994
698.4562
718.4933
740.3524
762.9114
785.0191
805.5353
823.3726
837.531
847.1527
679.9623
695.4115
713.458
733.1461
753.4657
773.3818
791.8711
807.9585
820.7471
829.4549
679.0942
693.4873
710.3378
728.7411
747.7438
766.3723
783.6661
798.713
810.678
818.8359
681.2993
698.4562
718.4932
740.3523
762.9114
785.019
805.5353
823.3726
837.5311
847.1527
679.9623
695.4115
713.458
733.1461
753.4657
773.3817
791.8711
807.9585
820.7471
829.4549
680.5315
696.7815
715.8038
736.5778
758.0262
779.0471
798.5515
815.5021
828.9485
838.076
679.0941
693.4873
710.3378
728.7411
747.7438
766.3723
783.6661
798.713
810.678
818.836
681.5612
699.0919
719.5877
741.959
765.0514
787.6812
808.677
826.9214
841.3911
851.2191
678.8124
692.8065
709.1695
727.03
745.4685
763.5445
780.3308
794.9461
806.5827
814.532
680.5314
696.7815
715.8038
736.5778
758.0262
779.047
798.5515
815.5021
828.9485
838.076
681.5612
699.0918
719.5877
741.959
765.0513
787.6812
808.6769
826.9214
841.3911
851.2191
679.0941
693.4873
710.3377
728.741
747.7437
766.3722
783.6661
798.713
810.678
818.836
681.2993
698.4561
718.4932
740.3522
762.9113
785.019
805.5353
823.3725
837.531
847.1527
679.9622
695.4115
713.4579
733.146
753.4656
773.3817
791.871
807.9585
820.7471
829.4549
678.8124
692.8064
709.1694
727.03
745.4684
763.5444
780.3307
794.9461
806.5827
814.5321
679.0941
693.4873
710.3377
728.741
747.7437
766.3722
783.6661
798.7131
810.6781
818.8361
681.2993
698.4561
718.4932
740.3522
762.9113
785.019
805.5353
823.3726
837.5312
847.1529
680.5314
696.7814
715.8037
736.5777
758.0261
779.047
798.5515
815.5022
828.9486
838.0762
679.9622
695.4114
713.4579
733.146
753.4656
773.3817
791.8711
807.9586
820.7472
829.4551
678.8124
692.8064
709.1694
727.0299
745.4683
763.5444
780.3308
794.9461
806.5828
814.5322
681.5612
699.0918
719.5877
741.959
765.0513
787.6812
808.677
826.9215
841.3913
851.2193
681.2993
698.4561
718.4932
740.3523
762.9113
785.019
805.5354
823.3727
837.5313
847.153
679.9622
695.4114
713.4579
733.146
753.4656
773.3817
791.8711
807.9586
820.7473
829.4551
678.8124
692.8064
709.1694
727.03
745.4684
763.5445
780.3308
794.9462
806.5829
814.5322
681.5612
699.0918
719.5877
741.959
765.0514
787.6812
808.677
826.9216
841.3914
851.2194
679.0941
693.4873
710.3377
728.741
747.7438
766.3723
783.6662
798.7131
810.6782
818.8362
680.5314
696.7815
715.8038
736.5778
758.0262
779.0471
798.5516
815.5022
828.9487
838.0762
680.5315
696.7815
715.8038
736.5778
758.0263
779.0471
798.5516
815.5022
828.9486
838.0761
679.0941
693.4873
710.3378
728.7411
747.7438
766.3723
783.6662
798.7131
810.6781
818.8361
681.5612
699.0919
719.5878
741.9591
765.0514
787.6813
808.677
826.9215
841.3912
851.2193
678.8124
692.8065
709.1695
727.03
745.4685
763.5445
780.3308
794.9462
806.5828
814.5322
681.2993
698.4562
718.4932
740.3523
762.9114
785.0191
805.5354
823.3726
837.5312
847.1529
679.9623
695.4115
713.458
733.1461
753.4657
773.3818
791.8712
807.9586
820.7472
829.455
681.5612
699.0919
719.5878
741.9591
765.0514
787.6812
808.677
826.9214
841.3911
851.2191
680.5315
696.7815
715.8038
736.5778
758.0262
779.0471
798.5515
815.5021
828.9484
838.076
681.2994
698.4562
718.4933
740.3523
762.9114
785.019
805.5353
823.3725
837.531
847.1527
679.9623
695.4115
713.458
733.1461
753.4657
773.3818
791.8711
807.9585
820.7471
829.4549
679.0942
693.4874
710.3378
728.7411
747.7438
766.3723
783.6661
798.713
810.678
818.8359
678.8124
692.8065
709.1695
727.0301
745.4685
763.5445
780.3308
794.9461
806.5827
814.532
679.9623
695.4115
713.458
733.1461
753.4657
773.3818
791.8711
807.9585
820.7471
829.4549
678.8124
692.8065
709.1695
727.0301
745.4685
763.5445
780.3308
794.9461
806.5827
814.532
681.2994
698.4562
718.4933
740.3523
762.9114
785.019
805.5353
823.3726
837.531
847.1527
679.0942
693.4873
710.3378
728.7411
747.7438
766.3723
783.6661
798.713
810.678
818.836
681.5612
699.0919
719.5878
741.9591
765.0514
787.6812
808.677
826.9214
841.3911
851.2191
680.5315
696.7815
715.8038
736.5778
758.0262
779.0471
798.5515
815.5021
828.9485
838.076
680.5315
696.7815
715.8038
736.5778
758.0262
779.047
798.5515
815.5021
828.9485
838.076
681.5612
699.0918
719.5877
741.959
765.0513
787.6812
808.6769
826.9214
841.3911
851.2191
679.0941
693.4873
710.3377
728.741
747.7438
766.3722
783.6661
798.713
810.678
818.836
678.8124
692.8064
709.1694
727.03
745.4684
763.5445
780.3307
794.946
806.5827
814.532
679.9623
695.4115
713.4579
733.1461
753.4656
773.3817
791.871
807.9585
820.7471
829.4549
681.2993
698.4561
718.4932
740.3523
762.9113
785.019
805.5353
823.3725
837.531
847.1527
676.4014
687.0143
699.3054
712.6694
726.4493
739.9662
752.552
763.5825
772.5133
778.9182
680.3053
696.0776
714.4367
734.4336
755.0587
775.2733
794.0482
810.4006
823.4211
832.3017
679.3857
694.0265
711.0921
729.6916
748.8798
767.6872
785.1549
800.3705
812.4944
820.7874
677.5175
689.6854
703.8366
719.2471
735.1437
750.732
765.2288
777.8948
788.0619
795.1415
679.6345
694.4996
711.7751
730.5775
749.9651
768.9681
786.6252
802.0192
814.3005
822.7069
677.8609
690.4101
704.9699
720.8062
737.1335
753.1424
768.0328
781.0469
791.4933
798.7564
677.5175
689.6854
703.8366
719.2471
735.1437
750.732
765.2288
777.8948
788.0619
795.1415
679.3857
694.0265
711.0922
729.6916
748.8799
767.6872
785.155
800.3705
812.4945
820.7875
677.8609
690.4101
704.9699
720.8062
737.1335
753.1424
768.0329
781.0469
791.4934
798.7565
676.4014
687.0142
699.3053
712.6694
726.4492
739.9662
752.5519
763.5824
772.5133
778.9182
680.3053
696.0776
714.4367
734.4336
755.0587
775.2734
794.0482
810.4007
823.4212
832.3018
679.6345
694.4996
711.7751
730.5775
749.9652
768.9682
786.6253
802.0193
814.3006
822.707
677.8609
690.4102
704.97
720.8063
737.1336
753.1425
768.0329
781.047
791.4934
798.7565
676.4014
687.0143
699.3054
712.6695
726.4494
739.9663
752.5521
763.5825
772.5134
778.9182
679.6345
694.4996
711.7751
730.5776
749.9653
768.9682
786.6253
802.0193
814.3005
822.7069
677.5176
689.6854
703.8366
719.2472
735.1438
750.7321
765.2288
777.8949
788.0619
795.1415
680.3053
696.0776
714.4367
734.4337
755.0588
775.2734
794.0482
810.4007
823.4212
832.3017
679.3858
694.0265
711.0922
729.6917
748.8799
767.6873
785.155
800.3705
812.4944
820.7874
676.4014
687.0143
699.3054
712.6695
726.4494
739.9663
752.552
763.5824
772.5132
778.9181
679.6345
694.4996
711.7751
730.5776
749.9652
768.9682
786.6252
802.0192
814.3004
822.7067
679.3858
694.0265
711.0922
729.6917
748.8799
767.6873
785.155
800.3704
812.4943
820.7872
677.5176
689.6854
703.8366
719.2472
735.1438
750.7321
765.2288
777.8948
788.0618
795.1414
677.861
690.4102
704.97
720.8063
737.1336
753.1425
768.0329
781.0469
791.4932
798.7563
680.3053
696.0777
714.4368
734.4337
755.0588
775.2734
794.0482
810.4006
823.421
832.3015
679.6345
694.4997
711.7752
730.5776
749.9653
768.9682
786.6253
802.0192
814.3004
822.7068
680.3053
696.0777
714.4368
734.4337
755.0588
775.2734
794.0482
810.4006
823.4211
832.3016
679.3858
694.0266
711.0923
729.6917
748.88
767.6873
785.155
800.3704
812.4943
820.7873
677.861
690.4102
704.97
720.8063
737.1336
753.1425
768.0329
781.0469
791.4932
798.7563
676.4014
687.0143
699.3054
712.6695
726.4493
739.9662
752.5519
763.5823
772.5131
778.918
677.5176
689.6854
703.8367
719.2472
735.1438
750.7321
765.2288
777.8948
788.0618
795.1413
677.5175
689.6854
703.8366
719.2471
735.1438
750.7321
765.2288
777.8948
788.0618
795.1414
679.3858
694.0265
711.0922
729.6916
748.8799
767.6872
785.1549
800.3704
812.4943
820.7873
680.3053
696.0776
714.4367
734.4336
755.0588
775.2733
794.0481
810.4006
823.421
832.3016
676.4014
687.0143
699.3054
712.6695
726.4493
739.9662
752.552
763.5824
772.5132
778.9181
677.8609
690.4102
704.97
720.8063
737.1336
753.1424
768.0328
781.0469
791.4932
798.7563
679.6345
694.4996
711.7751
730.5775
749.9652
768.9681
786.6252
802.0192
814.3004
822.7067
671.5969
676.0224
681.0814
686.5502
692.1772
697.6989
702.8567
707.4111
711.1487
713.8509
670.9745
674.6315
678.8083
683.3209
687.9627
692.5173
696.7721
700.5305
703.6185
705.8758
673.0184
679.2126
686.3093
693.9895
701.8953
709.6526
716.8944
723.2813
728.5125
732.2653
673.0184
679.2126
686.3093
693.9895
701.8953
709.6526
716.8944
723.2813
728.5125
732.2653
671.5969
676.0224
681.0814
686.5502
692.1772
697.6989
702.8567
707.4111
711.1486
713.8509
673.7021
680.7968
688.9436
697.7663
706.8497
715.7613
724.0755
731.3953
737.3552
741.5479
671.5969
676.0224
681.0814
686.5502
692.1772
697.6989
702.8567
707.4111
711.1486
713.8508
670.9745
674.6315
678.8083
683.3209
687.9627
692.5173
696.7721
700.5305
703.6184
705.8757
673.0184
679.2126
686.3094
693.9895
701.8953
709.6526
716.8943
723.2812
728.5124
732.2652
671.5969
676.0224
681.0814
686.5502
692.1772
697.6989
702.8567
707.4111
711.1486
713.8508
673.0184
679.2126
686.3094
693.9895
701.8953
709.6526
716.8943
723.2812
728.5125
732.2652
673.7021
680.7968
688.9436
697.7664
706.8497
715.7612
724.0755
731.3952
737.3551
741.5478
671.5969
676.0224
681.0814
686.5502
692.1772
697.6989
702.8567
707.4111
711.1485
713.8507
671.5969
676.0224
681.0814
686.5502
692.1772
697.6989
702.8567
707.4111
711.1485
713.8507
673.0184
679.2127
686.3094
693.9895
701.8953
709.6526
716.8943
723.2812
728.5124
732.2651
670.9745
674.6315
678.8083
683.3209
687.9627
692.5173
696.7721
700.5305
703.6184
705.8757
673.0184
679.2127
686.3094
693.9895
701.8953
709.6526
716.8943
723.2812
728.5124
732.2651
673.7022
680.7968
688.9437
697.7664
706.8497
715.7612
724.0755
731.3952
737.355
741.5477
673.7022
680.7969
688.9437
697.7665
706.8498
715.7614
724.0756
731.3953
737.3551
741.5478
670.9745
674.6315
678.8083
683.321
687.9628
692.5173
696.7721
700.5305
703.6184
705.8757
673.0184
679.2127
686.3094
693.9896
701.8954
709.6527
716.8944
723.2813
728.5125
732.2652
673.0184
679.2127
686.3094
693.9896
701.8954
709.6527
716.8944
723.2813
728.5125
732.2652
671.5969
676.0225
681.0815
686.5503
692.1773
697.699
702.8567
707.4112
711.1486
713.8508
671.5969
676.0225
681.0815
686.5503
692.1773
697.699
702.8567
707.4112
711.1486
713.8508
670.9745
674.6315
678.8083
683.3209
687.9627
692.5173
696.7721
700.5305
703.6184
705.8757
671.5969
676.0224
681.0814
686.5502
692.1772
697.6989
702.8567
707.4111
711.1485
713.8508
673.0184
679.2127
686.3094
693.9895
701.8953
709.6526
716.8943
723.2812
728.5124
732.2651
671.5969
676.0224
681.0814
686.5502
692.1772
697.6989
702.8567
707.4111
711.1485
713.8508
673.0184
679.2127
686.3094
693.9895
701.8953
709.6526
716.8943
723.2812
728.5124
732.2651
673.7022
680.7968
688.9437
697.7664
706.8497
715.7612
724.0755
731.3952
737.355
741.5477
671.5969
676.0224
681.0814
686.5501
692.1771
697.6989
702.8566
707.4111
711.1485
713.8508
670.9745
674.6315
678.8083
683.3209
687.9627
692.5172
696.772
700.5305
703.6184
705.8757
671.5969
676.0224
681.0814
686.5501
692.1771
697.6989
702.8566
707.4111
711.1486
713.8508
673.0184
679.2126
686.3093
693.9895
701.8952
709.6526
716.8943
723.2811
728.5124
732.2651
673.7021
680.7968
688.9436
697.7663
706.8497
715.7612
724.0754
731.3952
737.355
741.5478
673.0184
679.2126
686.3093
693.9895
701.8952
709.6526
716.8943
723.2812
728.5124
732.2652
667.9924
667.9916
667.9908
667.9901
667.9893
667.9885
667.9878
667.987
667.9862
667.9855
667.9924
667.9916
667.9908
667.9901
667.9893
667.9885
667.9878
667.987
667.9862
667.9855
667.9924
667.9916
667.9908
667.9901
667.9893
667.9885
667.9878
667.987
667.9862
667.9855
667.9924
667.9916
667.9908
667.9901
667.9893
667.9885
667.9878
667.987
667.9862
667.9855
667.9924
667.9916
667.9908
667.9901
667.9893
667.9885
667.9878
667.987
667.9862
667.9855
667.9924
667.9916
667.9908
667.9901
667.9893
667.9885
667.9878
667.987
667.9862
667.9855
667.9924
667.9916
667.9908
667.9901
667.9893
667.9885
667.9878
667.987
667.9862
667.9855
667.9924
667.9916
667.9908
667.9901
667.9893
667.9885
667.9878
667.987
667.9862
667.9855
667.9924
667.9916
667.9908
667.9901
667.9893
667.9885
667.9878
667.987
667.9862
667.9855
667.9924
667.9916
667.9908
667.9901
667.9893
667.9885
667.9878
667.987
667.9862
667.9855
667.9924
667.9916
667.9908
667.9901
667.9893
667.9885
667.9878
667.987
667.9862
667.9855
667.9924
667.9916
667.9908
667.9901
667.9893
667.9885
667.9878
667.987
667.9862
667.9855
667.9924
667.9916
667.9908
667.9901
667.9893
667.9885
667.9878
667.987
667.9862
667.9855
667.9924
667.9916
667.9908
667.9901
667.9893
667.9885
667.9878
667.987
667.9862
667.9855
667.9924
667.9916
667.9908
667.9901
667.9893
667.9885
667.9878
667.987
667.9862
667.9855
667.9924
667.9916
667.9908
667.9901
667.9893
667.9885
667.9878
667.987
667.9862
667.9855
667.9924
667.9916
667.9908
667.9901
667.9893
667.9885
667.9878
667.987
667.9862
667.9855
667.9924
667.9916
667.9908
667.9901
667.9893
667.9885
667.9878
667.987
667.9862
667.9855
667.9924
667.9916
667.9908
667.9901
667.9893
667.9885
667.9878
667.987
667.9862
667.9855
667.9924
667.9916
667.9908
667.9901
667.9893
667.9885
667.9878
667.987
667.9862
667.9855
667.9924
667.9916
667.9908
667.9901
667.9893
667.9885
667.9878
667.987
667.9862
667.9855
667.9924
667.9916
667.9908
667.9901
667.9893
667.9885
667.9878
667.987
667.9862
667.9855
667.9924
667.9916
667.9908
667.9901
667.9893
667.9885
667.9878
667.987
667.9862
667.9855
667.9924
667.9916
667.9908
667.9901
667.9893
667.9885
667.9878
667.987
667.9862
667.9855
667.9924
667.9916
667.9908
667.9901
667.9893
667.9885
667.9878
667.987
667.9862
667.9855
667.9924
667.9916
667.9908
667.9901
667.9893
667.9885
667.9878
667.987
667.9862
667.9855
667.9924
667.9916
667.9908
667.9901
667.9893
667.9885
667.9878
667.987
667.9862
667.9855
667.9924
667.9916
667.9908
667.9901
667.9893
667.9885
667.9878
667.987
667.9862
667.9855
667.9924
667.9916
667.9908
667.9901
667.9893
667.9885
667.9878
667.987
667.9862
667.9855
667.9924
667.9916
667.9908
667.9901
667.9893
667.9885
667.9878
667.987
667.9862
667.9855
667.9924
667.9916
667.9908
667.9901
667.9893
667.9885
667.9878
667.987
667.9862
667.9855
667.9924
667.9916
667.9908
667.9901
667.9893
667.9885
667.9878
667.987
667.9862
667.9855
667.9924
667.9916
667.9908
667.9901
667.9893
667.9885
667.9878
667.987
667.9862
667.9855
667.9924
667.9916
667.9908
667.9901
667.9893
667.9885
667.9878
667.987
667.9862
667.9855
667.9924
667.9916
667.9908
667.9901
667.9893
667.9885
667.9878
667.987
667.9862
667.9855
667.9924
667.9916
667.9908
667.9901
667.9893
667.9885
667.9878
667.987
667.9862
667.9855
676.4423
687.2322
699.7808
713.4473
727.5463
741.3737
754.2377
765.4888
774.5439
780.8806
677.0261
688.657
702.23
717.0325
732.309
747.287
761.2072
773.3536
783.0774
789.8058
674.4964
682.6581
692.094
702.3493
712.9239
723.3005
732.9729
741.4757
748.4148
753.4716
673.546
680.5996
688.7975
697.7277
706.944
715.9884
724.4148
731.8138
737.843
742.2614
673.2456
679.8438
687.4769
695.7762
704.3361
712.7377
720.5728
727.4687
733.1166
737.29
675.5233
685.204
696.4995
708.8201
721.5386
734.014
745.6184
755.7654
763.9359
769.6906
673.546
680.5996
688.7976
697.7278
706.9441
715.9885
724.4149
731.8139
737.8431
742.2615
675.5233
685.2041
696.4996
708.8202
721.5387
734.0142
745.6186
755.7656
763.936
769.6908
673.2456
679.8438
687.477
695.7763
704.3362
712.7378
720.5728
727.4688
733.1166
737.29
674.4964
682.6581
692.0941
702.3494
712.924
723.3006
732.973
741.4758
748.4148
753.4717
676.4424
687.2322
699.7808
713.4474
727.5464
741.3739
754.2379
765.489
774.544
780.8807
677.0261
688.657
702.2301
717.0326
732.3091
747.2872
761.2073
773.3537
783.0775
789.8058
676.4424
687.2323
699.7809
713.4475
727.5464
741.3739
754.2378
765.4889
774.5439
780.8806
677.0261
688.6571
702.2301
717.0326
732.3091
747.2872
761.2073
773.3536
783.0774
789.8057
674.4964
682.6582
692.0941
702.3494
712.924
723.3005
732.973
741.4758
748.4147
753.4716
675.5234
685.2041
696.4996
708.8202
721.5388
734.0142
745.6186
755.7656
763.9359
769.6907
673.2456
679.8438
687.477
695.7763
704.3362
712.7378
720.5728
727.4687
733.1165
737.2899
673.546
680.5997
688.7976
697.7278
706.9441
715.9885
724.4149
731.8138
737.843
742.2614
674.4965
682.6582
692.0942
702.3495
712.924
723.3005
732.9729
741.4757
748.4147
753.4715
673.2456
679.8438
687.477
695.7764
704.3362
712.7378
720.5728
727.4687
733.1165
737.2899
673.546
680.5997
688.7976
697.7278
706.9441
715.9885
724.4148
731.8138
737.8429
742.2613
676.4424
687.2323
699.7809
713.4475
727.5464
741.3738
754.2377
765.4888
774.5438
780.8804
677.0261
688.6571
702.2302
717.0326
732.3091
747.2871
761.2073
773.3535
783.0772
789.8056
675.5234
685.2041
696.4996
708.8202
721.5388
734.0141
745.6185
755.7654
763.9357
769.6904
673.2456
679.8438
687.477
695.7763
704.3362
712.7378
720.5728
727.4687
733.1165
737.2899
675.5234
685.2041
696.4996
708.8203
721.5388
734.0142
745.6186
755.7655
763.9359
769.6906
674.4965
682.6582
692.0942
702.3495
712.924
723.3006
732.973
741.4758
748.4148
753.4716
676.4424
687.2323
699.7809
713.4475
727.5465
741.3739
754.2378
765.4889
774.5439
780.8806
673.546
680.5997
688.7976
697.7278
706.9441
715.9885
724.4149
731.8138
737.843
742.2614
677.0261
688.6571
702.2301
717.0326
732.3091
747.2872
761.2073
773.3536
783.0773
789.8057
676.4424
687.2322
699.7808
713.4474
727.5464
741.3738
754.2378
765.4889
774.5439
780.8806
677.0261
688.657
702.2301
717.0325
732.309
747.2871
761.2073
773.3536
783.0773
789.8057
674.4964
682.6581
692.0941
702.3494
712.9239
723.3005
732.9729
741.4758
748.4147
753.4716
675.5233
685.2041
696.4996
708.8202
721.5387
734.0141
745.6185
755.7655
763.9359
769.6906
673.2456
679.8438
687.477
695.7763
704.3361
712.7377
720.5728
727.4687
733.1165
737.2899
673.546
680.5996
688.7976
697.7278
706.9441
715.9885
724.4148
731.8138
737.843
742.2614
675.7379
685.7288
697.4057
710.1524
723.3148
736.2254
748.2309
758.7206
767.1549
773.086
673.8475
681.3464
690.0964
699.6452
709.5068
719.1848
728.1954
736.0948
742.5133
747.2076
673.8475
681.3464
690.0964
699.6452
709.5069
719.1848
728.1955
736.0949
742.5134
747.2077
677.5746
689.9912
704.526
720.4001
736.792
752.8634
767.7906
780.7954
791.1727
798.3131
677.5746
689.9912
704.526
720.4001
736.792
752.8634
767.7906
780.7954
791.1727
798.3131
675.7379
685.7287
697.4057
710.1523
723.3147
736.2254
748.2308
758.7205
767.1549
773.0859
673.8475
681.3464
690.0964
699.6452
709.5069
719.1848
728.1954
736.0948
742.5133
747.2076
675.7379
685.7288
697.4057
710.1524
723.3147
736.2254
748.2308
758.7205
767.1549
773.0859
677.5746
689.9912
704.526
720.4001
736.792
752.8635
767.7906
780.7954
791.1727
798.313
675.7379
685.7288
697.4057
710.1524
723.3148
736.2254
748.2309
758.7206
767.1549
773.086
673.8475
681.3464
690.0964
699.6453
709.5069
719.1848
728.1955
736.0949
742.5134
747.2077
677.5746
689.9912
704.526
720.4001
736.792
752.8635
767.7907
780.7954
791.1727
798.3131
677.5747
689.9912
704.5261
720.4002
736.7921
752.8635
767.7907
780.7954
791.1726
798.313
675.738
685.7288
697.4058
710.1525
723.3148
736.2255
748.2309
758.7206
767.1548
773.0859
675.738
685.7288
697.4058
710.1525
723.3148
736.2255
748.2309
758.7206
767.1549
773.0859
677.5747
689.9912
704.5261
720.4002
736.7921
752.8635
767.7906
780.7954
791.1726
798.3129
673.8475
681.3464
690.0965
699.6454
709.507
719.1849
728.1955
736.0949
742.5134
747.2077
673.8475
681.3464
690.0965
699.6454
709.507
719.1849
728.1955
736.0949
742.5134
747.2077
673.8475
681.3464
690.0965
699.6453
709.507
719.1848
728.1954
736.0948
742.5132
747.2075
675.738
685.7288
697.4058
710.1525
723.3148
736.2255
748.2309
758.7205
767.1547
773.0857
673.8475
681.3464
690.0965
699.6454
709.507
719.1849
728.1955
736.0948
742.5133
747.2075
675.738
685.7289
697.4058
710.1525
723.3149
736.2255
748.2309
758.7205
767.1548
773.0858
677.5747
689.9913
704.5261
720.4003
736.7921
752.8635
767.7906
780.7953
791.1725
798.3128
677.5747
689.9913
704.5261
720.4002
736.7921
752.8635
767.7906
780.7953
791.1725
798.3128
673.8475
681.3464
690.0965
699.6453
709.5069
719.1848
728.1954
736.0948
742.5132
747.2075
675.738
685.7288
697.4058
710.1525
723.3148
736.2254
748.2309
758.7205
767.1547
773.0857
673.8475
681.3464
690.0965
699.6453
709.507
719.1849
728.1955
736.0948
742.5133
747.2076
677.5747
689.9913
704.5261
720.4002
736.7921
752.8635
767.7906
780.7953
791.1725
798.3128
675.738
685.7288
697.4058
710.1525
723.3149
736.2255
748.2309
758.7205
767.1548
773.0858
677.5747
689.9913
704.5261
720.4002
736.7921
752.8635
767.7906
780.7953
791.1726
798.3129
673.8475
681.3464
690.0965
699.6453
709.5069
719.1849
728.1955
736.0949
742.5134
747.2077
673.8475
681.3464
690.0965
699.6453
709.5069
719.1849
728.1955
736.0949
742.5133
747.2077
675.738
685.7288
697.4057
710.1524
723.3148
736.2254
748.2309
758.7205
767.1548
773.0858
675.738
685.7288
697.4057
710.1524
723.3148
736.2254
748.2309
758.7205
767.1548
773.0858
677.5746
689.9912
704.526
720.4002
736.792
752.8634
767.7906
780.7953
791.1726
798.3129
677.5746
689.9912
704.526
720.4002
736.792
752.8634
767.7906
780.7953
791.1726
798.3129
674.4964
682.6581
692.0941
702.3494
712.9239
723.3005
732.973
741.4758
748.4148
753.4717
676.4424
687.2322
699.7808
713.4474
727.5464
741.3738
754.2378
765.4889
774.544
780.8807
673.2456
679.8438
687.4769
695.7762
704.3361
712.7377
720.5728
727.4687
733.1165
737.29
677.0261
688.657
702.23
717.0325
732.309
747.2871
761.2073
773.3536
783.0774
789.8058
673.546
680.5996
688.7975
697.7278
706.944
715.9885
724.4148
731.8138
737.8431
742.2615
675.5233
685.2041
696.4995
708.8201
721.5387
734.0141
745.6185
755.7656
763.936
769.6907
677.0261
688.657
702.23
717.0325
732.309
747.2871
761.2073
773.3536
783.0774
789.8058
676.4424
687.2322
699.7808
713.4473
727.5463
741.3738
754.2377
765.4888
774.5439
780.8806
675.5233
685.2041
696.4995
708.8201
721.5386
734.014
745.6184
755.7655
763.9359
769.6906
674.4964
682.6581
692.0941
702.3494
712.9239
723.3005
732.9729
741.4758
748.4148
753.4716
673.546
680.5996
688.7975
697.7277
706.944
715.9885
724.4148
731.8138
737.843
742.2614
673.2456
679.8438
687.4769
695.7763
704.3361
712.7378
720.5728
727.4687
733.1166
737.29
673.2456
679.8438
687.477
695.7763
704.3362
712.7378
720.5728
727.4687
733.1165
737.29
673.546
680.5997
688.7976
697.7278
706.9441
715.9885
724.4149
731.8139
737.8431
742.2615
675.5234
685.2041
696.4996
708.8202
721.5388
734.0142
745.6186
755.7656
763.936
769.6907
674.4964
682.6582
692.0941
702.3495
712.924
723.3006
732.973
741.4758
748.4148
753.4717
677.0261
688.6571
702.2301
717.0326
732.3091
747.2872
761.2073
773.3537
783.0774
789.8058
676.4424
687.2322
699.7809
713.4475
727.5464
741.3739
754.2379
765.489
774.544
780.8807
677.0261
688.6571
702.2302
717.0326
732.3091
747.2872
761.2073
773.3536
783.0773
789.8056
675.5234
685.2042
696.4996
708.8203
721.5388
734.0142
745.6186
755.7655
763.9359
769.6906
673.546
680.5997
688.7976
697.7279
706.9441
715.9886
724.4149
731.8138
737.843
742.2614
674.4965
682.6582
692.0942
702.3495
712.924
723.3006
732.973
741.4758
748.4147
753.4716
676.4424
687.2323
699.7809
713.4475
727.5465
741.3739
754.2378
765.4889
774.5439
780.8805
673.2456
679.8438
687.477
695.7763
704.3362
712.7378
720.5728
727.4687
733.1165
737.2899
677.0261
688.6571
702.2301
717.0326
732.3091
747.2871
761.2073
773.3536
783.0773
789.8056
676.4424
687.2323
699.7809
713.4475
727.5464
741.3738
754.2378
765.4888
774.5438
780.8804
675.5234
685.2041
696.4996
708.8202
721.5387
734.0141
745.6185
755.7654
763.9358
769.6905
674.4965
682.6582
692.0942
702.3495
712.924
723.3005
732.9729
741.4757
748.4147
753.4715
673.546
680.5997
688.7976
697.7278
706.9441
715.9885
724.4148
731.8138
737.8429
742.2613
673.2456
679.8438
687.477
695.7764
704.3362
712.7378
720.5728
727.4687
733.1165
737.2899
673.2456
679.8438
687.477
695.7763
704.3362
712.7378
720.5728
727.4687
733.1165
737.2899
673.546
680.5996
688.7976
697.7278
706.9441
715.9885
724.4148
731.8138
737.843
742.2614
674.4964
682.6582
692.0941
702.3494
712.924
723.3005
732.9729
741.4758
748.4147
753.4716
676.4424
687.2322
699.7808
713.4474
727.5464
741.3738
754.2378
765.4889
774.5439
780.8806
677.0261
688.657
702.2301
717.0326
732.3091
747.2871
761.2073
773.3536
783.0773
789.8057
675.5233
685.2041
696.4996
708.8202
721.5387
734.0141
745.6185
755.7655
763.9359
769.6906
667.9924
667.9916
667.9908
667.9901
667.9893
667.9885
667.9878
667.987
667.9862
667.9855
667.9924
667.9916
667.9908
667.9901
667.9893
667.9885
667.9878
667.987
667.9862
667.9855
667.9924
667.9916
667.9908
667.9901
667.9893
667.9885
667.9878
667.987
667.9862
667.9855
667.9924
667.9916
667.9908
667.9901
667.9893
667.9885
667.9878
667.987
667.9862
667.9855
667.9924
667.9916
667.9908
667.9901
667.9893
667.9885
667.9878
667.987
667.9862
667.9855
667.9924
667.9916
667.9908
667.9901
667.9893
667.9885
667.9878
667.987
667.9862
667.9855
667.9924
667.9916
667.9908
667.9901
667.9893
667.9885
667.9878
667.987
667.9862
667.9855
667.9924
667.9916
667.9908
667.9901
667.9893
667.9885
667.9878
667.987
667.9862
667.9855
667.9924
667.9916
667.9908
667.9901
667.9893
667.9885
667.9878
667.987
667.9862
667.9855
667.9924
667.9916
667.9908
667.9901
667.9893
667.9885
667.9878
667.987
667.9862
667.9855
667.9924
667.9916
667.9908
667.9901
667.9893
667.9885
667.9878
667.987
667.9862
667.9855
667.9924
667.9916
667.9908
667.9901
667.9893
667.9885
667.9878
667.987
667.9862
667.9855
667.9924
667.9916
667.9908
667.9901
667.9893
667.9885
667.9878
667.987
667.9862
667.9855
667.9924
667.9916
667.9908
667.9901
667.9893
667.9885
667.9878
667.987
667.9862
667.9855
667.9924
667.9916
667.9908
667.9901
667.9893
667.9885
667.9878
667.987
667.9862
667.9855
667.9924
667.9916
667.9908
667.9901
667.9893
667.9885
667.9878
667.987
667.9862
667.9855
667.9924
667.9916
667.9908
667.9901
667.9893
667.9885
667.9878
667.987
667.9862
667.9855
667.9924
667.9916
667.9908
667.9901
667.9893
667.9885
667.9878
667.987
667.9862
667.9855
667.9924
667.9916
667.9908
667.9901
667.9893
667.9885
667.9878
667.987
667.9862
667.9855
667.9924
667.9916
667.9908
667.9901
667.9893
667.9885
667.9878
667.987
667.9862
667.9855
667.9924
667.9916
667.9908
667.9901
667.9893
667.9885
667.9878
667.987
667.9862
667.9855
667.9924
667.9916
667.9908
667.9901
667.9893
667.9885
667.9878
667.987
667.9862
667.9855
667.9924
667.9916
667.9908
667.9901
667.9893
667.9885
667.9878
667.987
667.9862
667.9855
667.9924
667.9916
667.9908
667.9901
667.9893
667.9885
667.9878
667.987
667.9862
667.9855
667.9924
667.9916
667.9908
667.9901
667.9893
667.9885
667.9878
667.987
667.9862
667.9855
667.9924
667.9916
667.9908
667.9901
667.9893
667.9885
667.9878
667.987
667.9862
667.9855
667.9924
667.9916
667.9908
667.9901
667.9893
667.9885
667.9878
667.987
667.9862
667.9855
667.9924
667.9916
667.9908
667.9901
667.9893
667.9885
667.9878
667.987
667.9862
667.9855
667.9924
667.9916
667.9908
667.9901
667.9893
667.9885
667.9878
667.987
667.9862
667.9855
667.9924
667.9916
667.9908
667.9901
667.9893
667.9885
667.9878
667.987
667.9862
667.9855
667.9924
667.9916
667.9908
667.9901
667.9893
667.9885
667.9878
667.987
667.9862
667.9855
667.9924
667.9916
667.9908
667.9901
667.9893
667.9885
667.9878
667.987
667.9862
667.9855
667.9924
667.9916
667.9908
667.9901
667.9893
667.9885
667.9878
667.987
667.9862
667.9855
667.9924
667.9916
667.9908
667.9901
667.9893
667.9885
667.9878
667.987
667.9862
667.9855
667.9924
667.9916
667.9908
667.9901
667.9893
667.9885
667.9878
667.987
667.9862
667.9855
667.9924
667.9916
667.9908
667.9901
667.9893
667.9885
667.9878
667.987
667.9862
667.9855
667.9924
667.9916
667.9908
667.9901
667.9893
667.9885
667.9878
667.987
667.9862
667.9855
667.9924
667.9916
667.9908
667.9901
667.9893
667.9885
667.9878
667.987
667.9862
667.9855
667.9924
667.9916
667.9908
667.9901
667.9893
667.9885
667.9878
667.987
667.9862
667.9855
667.9924
667.9916
667.9908
667.9901
667.9893
667.9885
667.9878
667.987
667.9862
667.9855
667.9924
667.9916
667.9908
667.9901
667.9893
667.9885
667.9878
667.987
667.9862
667.9855
667.9924
667.9916
667.9908
667.9901
667.9893
667.9885
667.9878
667.987
667.9862
667.9855
667.9924
667.9916
667.9908
667.9901
667.9893
667.9885
667.9878
667.987
667.9862
667.9855
667.9924
667.9916
667.9908
667.9901
667.9893
667.9885
667.9878
667.987
667.9862
667.9855
667.9924
667.9916
667.9908
667.9901
667.9893
667.9885
667.9878
667.987
667.9862
667.9855
667.9924
667.9916
667.9908
667.9901
667.9893
667.9885
667.9878
667.987
667.9862
667.9855
667.9924
667.9916
667.9908
667.9901
667.9893
667.9885
667.9878
667.987
667.9862
667.9855
667.9924
667.9916
667.9908
667.9901
667.9893
667.9885
667.9878
667.987
667.9862
667.9855
667.9924
667.9916
667.9908
667.9901
667.9893
667.9885
667.9878
667.987
667.9862
667.9855
667.9924
667.9916
667.9908
667.9901
667.9893
667.9885
667.9878
667.987
667.9862
667.9855
667.9924
667.9916
667.9908
667.9901
667.9893
667.9885
667.9878
667.987
667.9862
667.9855
667.9924
667.9916
667.9908
667.9901
667.9893
667.9885
667.9878
667.987
667.9862
667.9855
667.9924
667.9916
667.9908
667.9901
667.9893
667.9885
667.9878
667.987
667.9862
667.9855
667.9924
667.9916
667.9908
667.9901
667.9893
667.9885
667.9878
667.987
667.9862
667.9855
667.9924
667.9916
667.9908
667.9901
667.9893
667.9885
667.9878
667.987
667.9862
667.9855
667.9924
667.9916
667.9908
667.9901
667.9893
667.9885
667.9878
667.987
667.9862
667.9855
667.9924
667.9916
667.9908
667.9901
667.9893
667.9885
667.9878
667.987
667.9862
667.9855
667.9924
667.9916
667.9908
667.9901
667.9893
667.9885
667.9878
667.987
667.9862
667.9855
667.9924
667.9916
667.9908
667.9901
667.9893
667.9885
667.9878
667.987
667.9862
667.9855
667.9924
667.9916
667.9908
667.9901
667.9893
667.9885
667.9878
667.987
667.9862
667.9855
667.9924
667.9916
667.9908
667.9901
667.9893
667.9885
667.9878
667.987
667.9862
667.9855
667.9924
667.9916
667.9908
667.9901
667.9893
667.9885
667.9878
667.987
667.9862
667.9855
667.9924
667.9916
667.9908
667.9901
667.9893
667.9885
667.9878
667.987
667.9862
667.9855
667.9924
667.9916
667.9908
667.9901
667.9893
667.9885
667.9878
667.987
667.9862
667.9855
667.9924
667.9916
667.9908
667.9901
667.9893
667.9885
667.9878
667.987
667.9862
667.9855
667.9924
667.9916
667.9908
667.9901
667.9893
667.9885
667.9878
667.987
667.9862
667.9855
667.9924
667.9916
667.9908
667.9901
667.9893
667.9885
667.9878
667.987
667.9862
667.9855
667.9924
667.9916
667.9908
667.9901
667.9893
667.9885
667.9878
667.987
667.9862
667.9855
667.9924
667.9916
667.9908
667.9901
667.9893
667.9885
667.9878
667.987
667.9862
667.9855
667.9924
667.9916
667.9908
667.9901
667.9893
667.9885
667.9878
667.987
667.9862
667.9855
667.9924
667.9916
667.9908
667.9901
667.9893
667.9885
667.9878
667.987
667.9862
667.9855
667.9924
667.9916
667.9908
667.9901
667.9893
667.9885
667.9878
667.987
667.9862
667.9855
667.9924
667.9916
667.9908
667.9901
667.9893
667.9885
667.9878
667.987
667.9862
667.9855
667.9924
667.9916
667.9908
667.9901
667.9893
667.9885
667.9878
667.987
667.9862
667.9855
667.9924
667.9916
667.9908
667.9901
667.9893
667.9885
667.9878
667.987
667.9862
667.9855
667.9924
667.9916
667.9908
667.9901
667.9893
667.9885
667.9878
667.987
667.9862
667.9855
667.9924
667.9916
667.9908
667.9901
667.9893
667.9885
667.9878
667.987
667.9862
667.9855
667.9924
667.9916
667.9908
667.9901
667.9893
667.9885
667.9878
667.987
667.9862
667.9855
667.9924
667.9916
667.9908
667.9901
667.9893
667.9885
667.9878
667.987
667.9862
667.9855
667.9924
667.9916
667.9908
667.9901
667.9893
667.9885
667.9878
667.987
667.9862
667.9855
667.9924
667.9916
667.9908
667.9901
667.9893
667.9885
667.9878
667.987
667.9862
667.9855
667.9924
667.9916
667.9908
667.9901
667.9893
667.9885
667.9878
667.987
667.9862
667.9855
667.9924
667.9916
667.9908
667.9901
667.9893
667.9885
667.9878
667.987
667.9862
667.9855
667.9924
667.9916
667.9908
667.9901
667.9893
667.9885
667.9878
667.987
667.9862
667.9855
667.9924
667.9916
667.9908
667.9901
667.9893
667.9885
667.9878
667.987
667.9862
667.9855
667.9924
667.9916
667.9908
667.9901
667.9893
667.9885
667.9878
667.987
667.9862
667.9855
667.9924
667.9916
667.9908
667.9901
667.9893
667.9885
667.9878
667.987
667.9862
667.9855
667.9924
667.9916
667.9908
667.9901
667.9893
667.9885
667.9878
667.987
667.9862
667.9855
667.9924
667.9916
667.9908
667.9901
667.9893
667.9885
667.9878
667.987
667.9862
667.9855
667.9924
667.9916
667.9908
667.9901
667.9893
667.9885
667.9878
667.987
667.9862
667.9855
667.9924
667.9916
667.9908
667.9901
667.9893
667.9885
667.9878
667.987
667.9862
667.9855
667.9924
667.9916
667.9908
667.9901
667.9893
667.9885
667.9878
667.987
667.9862
667.9855
667.9924
667.9916
667.9908
667.9901
667.9893
667.9885
667.9878
667.987
667.9862
667.9855
667.9924
667.9916
667.9908
667.9901
667.9893
667.9885
667.9878
667.987
667.9862
667.9855
667.9924
667.9916
667.9908
667.9901
667.9893
667.9885
667.9878
667.987
667.9862
667.9855
667.9924
667.9916
667.9908
667.9901
667.9893
667.9885
667.9878
667.987
667.9862
667.9855
667.9924
667.9916
667.9908
667.9901
667.9893
667.9885
667.9878
667.987
667.9862
667.9855
667.9924
667.9916
667.9908
667.9901
667.9893
667.9885
667.9878
667.987
667.9862
667.9855
667.9924
667.9916
667.9908
667.9901
667.9893
667.9885
667.9878
667.987
667.9862
667.9855
667.9924
667.9916
667.9908
667.9901
667.9893
667.9885
667.9878
667.987
667.9862
667.9855
667.9924
667.9916
667.9908
667.9901
667.9893
667.9885
667.9878
667.987
667.9862
667.9855
667.9924
667.9916
667.9908
667.9901
667.9893
667.9885
667.9878
667.987
667.9862
667.9855
667.9924
667.9916
667.9908
667.9901
667.9893
667.9885
667.9878
667.987
667.9862
667.9855
667.9924
667.9916
667.9908
667.9901
667.9893
667.9885
667.9878
667.987
667.9862
667.9855
667.9924
667.9916
667.9908
667.9901
667.9893
667.9885
667.9878
667.987
667.9862
667.9855
667.9924
667.9916
667.9908
667.9901
667.9893
667.9885
667.9878
667.987
667.9862
667.9855
667.9924
667.9916
667.9908
667.9901
667.9893
667.9885
667.9878
667.987
667.9862
667.9855
667.9924
667.9916
667.9908
667.9901
667.9893
667.9885
667.9878
667.987
667.9862
667.9855
667.9924
667.9916
667.9908
667.9901
667.9893
667.9885
667.9878
667.987
667.9862
667.9855
667.9924
667.9916
667.9908
667.9901
667.9893
667.9885
667.9878
667.987
667.9862
667.9855
667.9924
667.9916
667.9908
667.9901
667.9893
667.9885
667.9878
667.987
667.9862
667.9855
667.9924
667.9916
667.9908
667.9901
667.9893
667.9885
667.9878
667.987
667.9862
667.9855
667.9924
667.9916
667.9908
667.9901
667.9893
667.9885
667.9878
667.987
667.9862
667.9855
667.9924
667.9916
667.9908
667.9901
667.9893
667.9885
667.9878
667.987
667.9862
667.9855
667.9924
667.9916
667.9908
667.9901
667.9893
667.9885
667.9878
667.987
667.9862
667.9855
667.9924
667.9916
667.9908
667.9901
667.9893
667.9885
667.9878
667.987
667.9862
667.9855
667.9924
667.9916
667.9908
667.9901
667.9893
667.9885
667.9878
667.987
667.9862
667.9855
667.9924
667.9916
667.9908
667.9901
667.9893
667.9885
667.9878
667.987
667.9862
667.9855
667.9924
667.9916
667.9908
667.9901
667.9893
667.9885
667.9878
667.987
667.9862
667.9855
667.9924
667.9916
667.9908
667.9901
667.9893
667.9885
667.9878
667.987
667.9862
667.9855
667.9924
667.9916
667.9908
667.9901
667.9893
667.9885
667.9878
667.987
667.9862
667.9855
667.9924
667.9916
667.9908
667.9901
667.9893
667.9885
667.9878
667.987
667.9862
667.9855
667.9924
667.9916
667.9908
667.9901
667.9893
667.9885
667.9878
667.987
667.9862
667.9855
667.9924
667.9916
667.9908
667.9901
667.9893
667.9885
667.9878
667.987
667.9862
667.9855
667.9924
667.9916
667.9908
667.9901
667.9893
667.9885
667.9878
667.987
667.9862
667.9855
667.9924
667.9916
667.9908
667.9901
667.9893
667.9885
667.9878
667.987
667.9862
667.9855
667.9924
667.9916
667.9908
667.9901
667.9893
667.9885
667.9878
667.987
667.9862
667.9855
667.9924
667.9916
667.9908
667.9901
667.9893
667.9885
667.9878
667.987
667.9862
667.9855
667.9924
667.9916
667.9908
667.9901
667.9893
667.9885
667.9878
667.987
667.9862
667.9855
667.9924
667.9916
667.9908
667.9901
667.9893
667.9885
667.9878
667.987
667.9862
667.9855
667.9924
667.9916
667.9908
667.9901
667.9893
667.9885
667.9878
667.987
667.9862
667.9855
667.9924
667.9916
667.9908
667.9901
667.9893
667.9885
667.9878
667.987
667.9862
667.9855
667.9924
667.9916
667.9908
667.9901
667.9893
667.9885
667.9878
667.987
667.9862
667.9855
667.9924
667.9916
667.9908
667.9901
667.9893
667.9885
667.9878
667.987
667.9862
667.9855
667.9924
667.9916
667.9908
667.9901
667.9893
667.9885
667.9878
667.987
667.9862
667.9855
667.9924
667.9916
667.9908
667.9901
667.9893
667.9885
667.9878
667.987
667.9862
667.9855
667.9924
667.9916
667.9908
667.9901
667.9893
667.9885
667.9878
667.987
667.9862
667.9855
667.9924
667.9916
667.9908
667.9901
667.9893
667.9885
667.9878
667.987
667.9862
667.9855
667.9924
667.9916
667.9908
667.9901
667.9893
667.9885
667.9878
667.987
667.9862
667.9855
667.9924
667.9916
667.9908
667.9901
667.9893
667.9885
667.9878
667.987
667.9862
667.9855
667.9924
667.9916
667.9908
667.9901
667.9893
667.9885
667.9878
667.987
667.9862
667.9855
667.9924
667.9916
667.9908
667.9901
667.9893
667.9885
667.9878
667.987
667.9862
667.9855
667.9924
667.9916
667.9908
667.9901
667.9893
667.9885
667.9878
667.987
667.9862
667.9855
667.9924
667.9916
667.9908
667.9901
667.9893
667.9885
667.9878
667.987
667.9862
667.9855
667.9924
667.9916
667.9908
667.9901
667.9893
667.9885
667.9878
667.987
667.9862
667.9855
667.9924
667.9916
667.9908
667.9901
667.9893
667.9885
667.9878
667.987
667.9862
667.9855
667.9924
667.9916
667.9908
667.9901
667.9893
667.9885
667.9878
667.987
667.9862
667.9855
667.9924
667.9916
667.9908
667.9901
667.9893
667.9885
667.9878
667.987
667.9862
667.9855
667.9924
667.9916
667.9908
667.9901
667.9893
667.9885
667.9878
667.987
667.9862
667.9855
667.9924
667.9916
667.9908
667.9901
667.9893
667.9885
667.9878
667.987
667.9862
667.9855
667.9924
667.9916
667.9908
667.9901
667.9893
667.9885
667.9878
667.987
667.9862
667.9855
667.9924
667.9916
667.9908
667.9901
667.9893
667.9885
667.9878
667.987
667.9862
667.9855
667.9924
667.9916
667.9908
667.9901
667.9893
667.9885
667.9878
667.987
667.9862
667.9855
667.9924
667.9916
667.9908
667.9901
667.9893
667.9885
667.9878
667.987
667.9862
667.9855
667.9924
667.9916
667.9908
667.9901
667.9893
667.9885
667.9878
667.987
667.9862
667.9855
667.9924
667.9916
667.9908
667.9901
667.9893
667.9885
667.9878
667.987
667.9862
667.9855
667.9924
667.9916
667.9908
667.9901
667.9893
667.9885
667.9878
667.987
667.9862
667.9855
667.9924
667.9916
667.9908
667.9901
667.9893
667.9885
667.9878
667.987
667.9862
667.9855
667.9924
667.9916
667.9908
667.9901
667.9893
667.9885
667.9878
667.987
667.9862
667.9855
667.9924
667.9916
667.9908
667.9901
667.9893
667.9885
667.9878
667.987
667.9862
667.9855
667.9924
667.9916
667.9908
667.9901
667.9893
667.9885
667.9878
667.987
667.9862
667.9855
667.9924
667.9916
667.9908
667.9901
667.9893
667.9885
667.9878
667.987
667.9862
667.9855
667.9924
667.9916
667.9908
667.9901
667.9893
667.9885
667.9878
667.987
667.9862
667.9855
667.9924
667.9916
667.9908
667.9901
667.9893
667.9885
667.9878
667.987
667.9862
667.9855
667.9924
667.9916
667.9908
667.9901
667.9893
667.9885
667.9878
667.987
667.9862
667.9855
667.9924
667.9916
667.9908
667.9901
667.9893
667.9885
667.9878
667.987
667.9862
667.9855
667.9924
667.9916
667.9908
667.9901
667.9893
667.9885
667.9878
667.987
667.9862
667.9855
667.9924
667.9916
667.9908
667.9901
667.9893
667.9885
667.9878
667.987
667.9862
667.9855
667.9924
667.9916
667.9908
667.9901
667.9893
667.9885
667.9878
667.987
667.9862
667.9855
667.9924
667.9916
667.9908
667.9901
667.9893
667.9885
667.9878
667.987
667.9862
667.9855
667.9924
667.9916
667.9908
667.9901
667.9893
667.9885
667.9878
667.987
667.9862
667.9855
667.9924
667.9916
667.9908
667.9901
667.9893
667.9885
667.9878
667.987
667.9862
667.9855
667.9924
667.9916
667.9908
667.9901
667.9893
667.9885
667.9878
667.987
667.9862
667.9855
667.9924
667.9916
667.9908
667.9901
667.9893
667.9885
667.9878
667.987
667.9862
667.9855
667.9924
667.9916
667.9908
667.9901
667.9893
667.9885
667.9878
667.987
667.9862
667.9855
667.9924
667.9916
667.9908
667.9901
667.9893
667.9885
667.9878
667.987
667.9862
667.9855
667.9924
667.9916
667.9908
667.9901
667.9893
667.9885
667.9878
667.987
667.9862
667.9855
667.9924
667.9916
667.9908
667.9901
667.9893
667.9885
667.9878
667.987
667.9862
667.9855
667.9924
667.9916
667.9908
667.9901
667.9893
667.9885
667.9878
667.987
667.9862
667.9855
667.9924
667.9916
667.9908
667.9901
667.9893
667.9885
667.9878
667.987
667.9862
667.9855
667.9924
667.9916
667.9908
667.9901
667.9893
667.9885
667.9878
667.987
667.9862
667.9855
667.9924
667.9916
667.9908
667.9901
667.9893
667.9885
667.9878
667.987
667.9862
667.9855
667.9924
667.9916
667.9908
667.9901
667.9893
667.9885
667.9878
667.987
667.9862
667.9855
667.9924
667.9916
667.9908
667.9901
667.9893
667.9885
667.9878
667.987
667.9862
667.9855
667.9924
667.9916
667.9908
667.9901
667.9893
667.9885
667.9878
667.987
667.9862
667.9855
667.9924
667.9916
667.9908
667.9901
667.9893
667.9885
667.9878
667.987
667.9862
667.9855
667.9924
667.9916
667.9908
667.9901
667.9893
667.9885
667.9878
667.987
667.9862
667.9855
667.9924
667.9916
667.9908
667.9901
667.9893
667.9885
667.9878
667.987
667.9862
667.9855
667.9924
667.9916
667.9908
667.9901
667.9893
667.9885
667.9878
667.987
667.9862
667.9855
667.9924
667.9916
667.9908
667.9901
667.9893
667.9885
667.9878
667.987
667.9862
667.9855
667.9924
667.9916
667.9908
667.9901
667.9893
667.9885
667.9878
667.987
667.9862
667.9855
667.9924
667.9916
667.9908
667.9901
667.9893
667.9885
667.9878
667.987
667.9862
667.9855
667.9924
667.9916
667.9908
667.9901
667.9893
667.9885
667.9878
667.987
667.9862
667.9855
667.9924
667.9916
667.9908
667.9901
667.9893
667.9885
667.9878
667.987
667.9862
667.9855
667.9924
667.9916
667.9908
667.9901
667.9893
667.9885
667.9878
667.987
667.9862
667.9855
667.9924
667.9916
667.9908
667.9901
667.9893
667.9885
667.9878
667.987
667.9862
667.9855
667.9924
667.9916
667.9908
667.9901
667.9893
667.9885
667.9878
667.987
667.9862
667.9855
667.9924
667.9916
667.9908
667.9901
667.9893
667.9885
667.9878
667.987
667.9862
667.9855
667.9924
667.9916
667.9908
667.9901
667.9893
667.9885
667.9878
667.987
667.9862
667.9855
667.9924
667.9916
667.9908
667.9901
667.9893
667.9885
667.9878
667.987
667.9862
667.9855
667.9924
667.9916
667.9908
667.9901
667.9893
667.9885
667.9878
667.987
667.9862
667.9855
667.9924
667.9916
667.9908
667.9901
667.9893
667.9885
667.9878
667.987
667.9862
667.9855
667.9924
667.9916
667.9908
667.9901
667.9893
667.9885
667.9878
667.987
667.9862
667.9855
667.9924
667.9916
667.9908
667.9901
667.9893
667.9885
667.9878
667.987
667.9862
667.9855
667.9924
667.9916
667.9908
667.9901
667.9893
667.9885
667.9878
667.987
667.9862
667.9855
667.9924
667.9916
667.9908
667.9901
667.9893
667.9885
667.9878
667.987
667.9862
667.9855
667.9924
667.9916
667.9908
667.9901
667.9893
667.9885
667.9878
667.987
667.9862
667.9855
667.9924
667.9916
667.9908
667.9901
667.9893
667.9885
667.9878
667.987
667.9862
667.9855
667.9924
667.9916
667.9908
667.9901
667.9893
667.9885
667.9878
667.987
667.9862
667.9855
667.9924
667.9916
667.9908
667.9901
667.9893
667.9885
667.9878
667.987
667.9862
667.9855
667.9924
667.9916
667.9908
667.9901
667.9893
667.9885
667.9878
667.987
667.9862
667.9855
667.9924
667.9916
667.9908
667.9901
667.9893
667.9885
667.9878
667.987
667.9862
667.9855
667.9924
667.9916
667.9908
667.9901
667.9893
667.9885
667.9878
667.987
667.9862
667.9855
667.9924
667.9916
667.9908
667.9901
667.9893
667.9885
667.9878
667.987
667.9862
667.9855
667.9924
667.9916
667.9908
667.9901
667.9893
667.9885
667.9878
667.987
667.9862
667.9855
667.9924
667.9916
667.9908
667.9901
667.9893
667.9885
667.9878
667.987
667.9862
667.9855
667.9924
667.9916
667.9908
667.9901
667.9893
667.9885
667.9878
667.987
667.9862
667.9855
667.9924
667.9916
667.9908
667.9901
667.9893
667.9885
667.9878
667.987
667.9862
667.9855
667.9924
667.9916
667.9908
667.9901
667.9893
667.9885
667.9878
667.987
667.9862
667.9855
667.9924
667.9916
667.9908
667.9901
667.9893
667.9885
667.9878
667.987
667.9862
667.9855
667.9924
667.9916
667.9908
667.9901
667.9893
667.9885
667.9878
667.987
667.9862
667.9855
667.9924
667.9916
667.9908
667.9901
667.9893
667.9885
667.9878
667.987
667.9862
667.9855
667.9924
667.9916
667.9908
667.9901
667.9893
667.9885
667.9878
667.987
667.9862
667.9855
667.9924
667.9916
667.9908
667.9901
667.9893
667.9885
667.9878
667.987
667.9862
667.9855
667.9924
667.9916
667.9908
667.9901
667.9893
667.9885
667.9878
667.987
667.9862
667.9855
667.9924
667.9916
667.9908
667.9901
667.9893
667.9885
667.9878
667.987
667.9862
667.9855
667.9924
667.9916
667.9908
667.9901
667.9893
667.9885
667.9878
667.987
667.9862
667.9855
667.9924
667.9916
667.9908
667.9901
667.9893
667.9885
667.9878
667.987
667.9862
667.9855
667.9924
667.9916
667.9908
667.9901
667.9893
667.9885
667.9878
667.987
667.9862
667.9855
667.9924
667.9916
667.9908
667.9901
667.9893
667.9885
667.9878
667.987
667.9862
667.9855
667.9924
667.9916
667.9908
667.9901
667.9893
667.9885
667.9878
667.987
667.9862
667.9855
667.9924
667.9916
667.9908
667.9901
667.9893
667.9885
667.9878
667.987
667.9862
667.9855
667.9924
667.9916
667.9908
667.9901
667.9893
667.9885
667.9878
667.987
667.9862
667.9855
667.9924
667.9916
667.9908
667.9901
667.9893
667.9885
667.9878
667.987
667.9862
667.9855
667.9924
667.9916
667.9908
667.9901
667.9893
667.9885
667.9878
667.987
667.9862
667.9855
667.9924
667.9916
667.9908
667.9901
667.9893
667.9885
667.9878
667.987
667.9862
667.9855
667.9924
667.9916
667.9908
667.9901
667.9893
667.9885
667.9878
667.987
667.9862
667.9855
667.9924
667.9916
667.9908
667.9901
667.9893
667.9885
667.9878
667.987
667.9862
667.9855
667.9924
667.9916
667.9908
667.9901
667.9893
667.9885
667.9878
667.987
667.9862
667.9855
667.9924
667.9916
667.9908
667.9901
667.9893
667.9885
667.9878
667.987
667.9862
667.9855
667.9924
667.9916
667.9908
667.9901
667.9893
667.9885
667.9878
667.987
667.9862
667.9855
667.9924
667.9916
667.9908
667.9901
667.9893
667.9885
667.9878
667.987
667.9862
667.9855
667.9924
667.9916
667.9908
667.9901
667.9893
667.9885
667.9878
667.987
667.9862
667.9855
667.9924
667.9916
667.9908
667.9901
667.9893
667.9885
667.9878
667.987
667.9862
667.9855
667.9924
667.9916
667.9908
667.9901
667.9893
667.9885
667.9878
667.987
667.9862
667.9855
667.9924
667.9916
667.9908
667.9901
667.9893
667.9885
667.9878
667.987
667.9862
667.9855
667.9924
667.9916
667.9908
667.9901
667.9893
667.9885
667.9878
667.987
667.9862
667.9855
667.9924
667.9916
667.9908
667.9901
667.9893
667.9885
667.9878
667.987
667.9862
667.9855
667.9924
667.9916
667.9908
667.9901
667.9893
667.9885
667.9878
667.987
667.9862
667.9855
667.9924
667.9916
667.9908
667.9901
667.9893
667.9885
667.9878
667.987
667.9862
667.9855
667.9924
667.9916
667.9908
667.9901
667.9893
667.9885
667.9878
667.987
667.9862
667.9855
667.9924
667.9916
667.9908
667.9901
667.9893
667.9885
667.9878
667.987
667.9862
667.9855
667.9924
667.9916
667.9908
667.9901
667.9893
667.9885
667.9878
667.987
667.9862
667.9855
667.9924
667.9916
667.9908
667.9901
667.9893
667.9885
667.9878
667.987
667.9862
667.9855
667.9924
667.9916
667.9908
667.9901
667.9893
667.9885
667.9878
667.987
667.9862
667.9855
667.9924
667.9916
667.9908
667.9901
667.9893
667.9885
667.9878
667.987
667.9862
667.9855
667.9924
667.9916
667.9908
667.9901
667.9893
667.9885
667.9878
667.987
667.9862
667.9855
667.9924
667.9916
667.9908
667.9901
667.9893
667.9885
667.9878
667.987
667.9862
667.9855
667.9924
667.9916
667.9908
667.9901
667.9893
667.9885
667.9878
667.987
667.9862
667.9855
667.9924
667.9916
667.9908
667.9901
667.9893
667.9885
667.9878
667.987
667.9862
667.9855
667.9924
667.9916
667.9908
667.9901
667.9893
667.9885
667.9878
667.987
667.9862
667.9855
667.9924
667.9916
667.9908
667.9901
667.9893
667.9885
667.9878
667.987
667.9862
667.9855
667.9924
667.9916
667.9908
667.9901
667.9893
667.9885
667.9878
667.987
667.9862
667.9855
667.9924
667.9916
667.9908
667.9901
667.9893
667.9885
667.9878
667.987
667.9862
667.9855
667.9924
667.9916
667.9908
667.9901
667.9893
667.9885
667.9878
667.987
667.9862
667.9855
667.9924
667.9916
667.9908
667.9901
667.9893
667.9885
667.9878
667.987
667.9862
667.9855
667.9924
667.9916
667.9908
667.9901
667.9893
667.9885
667.9878
667.987
667.9862
667.9855
667.9924
667.9916
667.9908
667.9901
667.9893
667.9885
667.9878
667.987
667.9862
667.9855
667.9924
667.9916
667.9908
667.9901
667.9893
667.9885
667.9878
667.987
667.9862
667.9855
667.9924
667.9916
667.9908
667.9901
667.9893
667.9885
667.9878
667.987
667.9862
667.9855
667.9924
667.9916
667.9908
667.9901
667.9893
667.9885
667.9878
667.987
667.9862
667.9855
667.9924
667.9916
667.9908
667.9901
667.9893
667.9885
667.9878
667.987
667.9862
667.9855
667.9924
667.9916
667.9908
667.9901
667.9893
667.9885
667.9878
667.987
667.9862
667.9855
667.9924
667.9916
667.9908
667.9901
667.9893
667.9885
667.9878
667.987
667.9862
667.9855
667.9924
667.9916
667.9908
667.9901
667.9893
667.9885
667.9878
667.987
667.9862
667.9855
667.9924
667.9916
667.9908
667.9901
667.9893
667.9885
667.9878
667.987
667.9862
667.9855
667.9924
667.9916
667.9908
667.9901
667.9893
667.9885
667.9878
667.987
667.9862
667.9855
667.9924
667.9916
667.9908
667.9901
667.9893
667.9885
667.9878
667.987
667.9862
667.9855
667.9924
667.9916
667.9908
667.9901
667.9893
667.9885
667.9878
667.987
667.9862
667.9855
667.9924
667.9916
667.9908
667.9901
667.9893
667.9885
667.9878
667.987
667.9862
667.9855
667.9924
667.9916
667.9908
667.9901
667.9893
667.9885
667.9878
667.987
667.9862
667.9855
667.9924
667.9916
667.9908
667.9901
667.9893
667.9885
667.9878
667.987
667.9862
667.9855
667.9924
667.9916
667.9908
667.9901
667.9893
667.9885
667.9878
667.987
667.9862
667.9855
667.9924
667.9916
667.9908
667.9901
667.9893
667.9885
667.9878
667.987
667.9862
667.9855
667.9924
667.9916
667.9908
667.9901
667.9893
667.9885
667.9878
667.987
667.9862
667.9855
667.9924
667.9916
667.9908
667.9901
667.9893
667.9885
667.9878
667.987
667.9862
667.9855
667.9924
667.9916
667.9908
667.9901
667.9893
667.9885
667.9878
667.987
667.9862
667.9855
667.9924
667.9916
667.9908
667.9901
667.9893
667.9885
667.9878
667.987
667.9862
667.9855
667.9947
667.9939
667.9931
667.9947
667.9939
667.9931
667.9947
667.9939
667.9931
667.9947
667.9939
667.9931
667.9947
667.9939
667.9931
667.9947
667.9939
667.9931
667.9947
667.9939
667.9951
667.9947
667.9939
667.9951
667.9947
667.9939
667.9951
667.9947
667.9939
667.995
667.9947
667.9939
667.9951
667.9947
667.9939
667.9951
667.9947
667.9939
667.995
667.9947
667.9939
667.9951
667.9947
667.9939
667.9951
667.9947
667.9939
667.9951
667.9947
667.9939
667.9951
667.9947
667.9939
667.9951
667.9947
667.9939
667.9951
667.9947
667.9939
667.9951
667.9947
667.9939
667.9951
667.9947
667.9939
667.9951
667.9947
667.9939
667.995
667.9947
667.9939
667.9951
667.9947
667.9939
667.9951
667.9947
667.9939
667.9951
667.9947
667.9939
667.9951
667.9947
667.9939
667.9951
667.9947
667.9939
667.995
667.9947
667.9939
667.9951
667.9947
667.9939
667.9951
667.9947
667.9939
667.9951
667.9947
667.9939
667.9951
667.9947
667.9939
667.995
667.9947
667.9939
667.9951
667.9947
667.9939
667.9951
667.9947
667.9939
667.995
667.9947
667.9939
667.9951
667.9947
667.9939
667.9951
667.9947
667.9939
667.9951
667.9947
667.9939
667.9951
667.9947
667.9939
667.9951
667.9947
667.9939
667.995
667.9947
667.9939
667.9949
667.9947
667.9939
667.995
667.9947
667.9939
667.9951
667.9947
667.9939
667.995
667.9947
667.9939
667.995
667.9947
667.9939
667.9949
667.9947
667.9939
667.995
667.9947
667.9939
667.995
667.9947
667.9939
667.995
667.9947
667.9939
667.995
667.9947
667.9939
667.9951
667.9947
667.9939
667.9951
667.9947
667.9939
667.995
667.9947
667.9939
667.995
667.9947
667.9939
667.9949
667.9947
667.9939
667.995
667.9947
667.9939
667.995
667.9947
667.9939
667.995
667.9947
667.9939
667.995
667.9947
667.9939
667.995
667.9947
667.9939
667.995
667.9947
667.9939
667.9951
667.9947
667.9939
667.9949
667.9947
667.9939
667.995
667.9947
667.9939
667.9949
667.9947
667.9939
667.995
667.9947
667.9939
667.995
667.9947
667.9939
667.995
667.9947
667.9939
667.9951
667.9947
667.9939
667.9951
667.9947
667.9939
667.995
667.9947
667.9939
667.995
667.9947
667.9939
667.995
667.9947
667.9939
667.9949
667.9947
667.9939
667.995
667.9947
667.9939
667.9951
667.9947
667.9939
667.9951
667.9947
667.9939
667.9951
667.9947
667.9939
667.995
667.9947
667.9939
667.9951
667.9947
667.9939
667.995
667.9947
667.9939
667.9951
667.9947
667.9939
667.9951
667.9947
667.9939
667.9951
667.9947
667.9939
667.9951
667.9947
667.9939
667.995
667.9947
667.9939
667.995
667.9947
667.9939
667.9951
667.9947
667.9939
667.9951
667.9947
667.9939
667.9951
667.9947
667.9939
667.9951
667.9947
667.9939
667.995
667.9947
667.9939
667.995
667.9947
667.9939
667.9951
667.9947
667.9939
667.995
667.9947
667.9939
667.9951
667.9947
667.9939
667.995
667.9947
667.9939
667.9951
667.9947
667.9939
667.9951
667.9947
667.9939
667.9951
667.9947
667.9939
667.9951
667.9947
667.9939
667.995
667.9947
667.9939
667.9951
667.9947
667.9939
667.9951
667.9947
667.9939
667.995
667.9947
667.9939
667.9951
667.9947
667.9939
667.9951
667.9947
667.9939
667.9951
667.9947
667.9939
667.995
667.9947
667.9939
667.9951
667.9947
667.9939
667.995
667.9947
667.9939
667.9931
667.9947
667.9939
667.9931
667.9947
667.9939
667.9931
667.9947
667.9939
667.9931
667.9947
667.9939
667.9931
667.9947
667.9939
667.9931
667.9947
667.9939
667.9931
667.9947
667.9939
667.9931
667.9947
667.9939
667.9931
667.9947
667.9939
667.9931
667.9947
667.9939
667.9931
667.9947
667.9939
667.9931
667.9947
667.9939
667.9931
667.9947
667.9939
667.9931
667.9947
667.9939
667.9931
667.9947
667.9939
667.9931
667.9947
667.9939
667.9931
667.9947
667.9939
667.9931
667.9947
667.9939
667.9931
667.9947
667.9939
667.9931
667.9947
667.9939
667.9931
667.9947
667.9939
667.9931
667.9947
667.9939
667.9931
667.9947
667.9939
667.9931
667.9947
667.9939
667.9931
667.9947
667.9939
667.9931
667.9947
667.9939
667.9931
667.9947
667.9939
667.9931
667.9947
667.9939
667.9931
667.9947
667.9939
667.9931
667.9947
667.9939
667.9931
667.9947
667.9939
667.9931
667.9947
667.9939
667.9931
667.9947
667.9939
667.9931
667.9947
667.9939
667.9931
667.9947
667.9939
667.9931
667.9947
667.9939
667.9948
667.9947
667.9939
667.9948
667.9947
667.9939
667.9949
667.9947
667.9939
667.9949
667.9947
667.9939
667.9948
667.9947
667.9939
667.995
667.9947
667.9939
667.995
667.9947
667.9939
667.9948
667.9947
667.9939
667.9948
667.9947
667.9939
667.9948
667.9947
667.9939
667.9949
667.9947
667.9939
667.9949
667.9947
667.9939
667.9948
667.9947
667.9939
667.9949
667.9947
667.9939
667.995
667.9947
667.9939
667.9948
667.9947
667.9939
667.9949
667.9947
667.9939
667.9948
667.9947
667.9939
667.995
667.9947
667.9939
667.9949
667.9947
667.9939
667.9949
667.9947
667.9939
667.9948
667.9947
667.9939
667.9948
667.9947
667.9939
667.9948
667.9947
667.9939
667.995
667.9947
667.9939
667.9948
667.9947
667.9939
667.9948
667.9947
667.9939
667.9948
667.9947
667.9939
667.9949
667.9947
667.9939
667.9949
667.9947
667.9939
667.9949
667.9947
667.9939
667.995
667.9947
667.9939
667.9948
667.9947
667.9939
667.9948
667.9947
667.9939
667.9949
667.9947
667.9939
667.9948
667.9947
667.9939
667.9948
667.9947
667.9939
667.995
667.9947
667.9939
667.9949
667.9947
667.9939
667.9949
667.9947
667.9939
667.9948
667.9947
667.9939
667.9948
667.9947
667.9939
667.9948
667.9947
667.9939
667.9948
667.9947
667.9939
667.9949
667.9947
667.9939
667.995
667.9947
667.9939
667.9948
667.9947
667.9939
667.9949
667.9947
667.9939
667.9948
667.9947
667.9939
667.9948
667.9947
667.9939
667.9948
667.9947
667.9939
667.9949
667.9947
667.9939
667.995
667.9947
667.9939
667.9949
667.9947
667.9939
667.995
667.9947
667.9939
667.9949
667.9947
667.9939
667.9948
667.9947
667.9939
667.9949
667.9947
667.9939
667.9948
667.9947
667.9939
667.9948
667.9947
667.9939
667.9948
667.9947
667.9939
667.995
667.9947
667.9939
667.9949
667.9947
667.9939
667.9948
667.9947
667.9939
667.9949
667.9947
667.9939
667.9948
667.9947
667.9939
667.995
667.9947
667.9939
667.9949
667.9947
667.9939
667.9948
667.9947
667.9939
667.9949
667.9947
667.9939
667.9948
667.9947
667.9939
667.9948
667.9947
667.9939
667.9943
667.9947
667.9939
667.9944
667.9947
667.9939
667.9946
667.9947
667.9939
667.9946
667.9947
667.9939
667.9946
667.9947
667.9939
667.9944
667.9947
667.9939
667.9944
667.9947
667.9939
667.9946
667.9947
667.9939
667.9943
667.9947
667.9939
667.9946
667.9947
667.9939
667.9944
667.9947
667.9939
667.9946
667.9947
667.9939
667.9944
667.9947
667.9939
667.9946
667.9947
667.9939
667.9946
667.9947
667.9939
667.9943
667.9947
667.9939
667.9944
667.9947
667.9939
667.9946
667.9947
667.9939
667.9944
667.9947
667.9939
667.9946
667.9947
667.9939
667.9943
667.9947
667.9939
667.9946
667.9947
667.9939
667.9946
667.9947
667.9939
667.9944
667.9947
667.9939
667.9946
667.9947
667.9939
667.9944
667.9947
667.9939
667.9946
667.9947
667.9939
667.9946
667.9947
667.9939
667.9944
667.9947
667.9939
667.9943
667.9947
667.9939
667.9943
667.9947
667.9939
667.9946
667.9947
667.9939
667.9944
667.9947
667.9939
667.9946
667.9947
667.9939
667.9944
667.9947
667.9939
667.9946
667.9947
667.9939
667.9947
667.9947
667.9939
667.9946
667.9947
667.9939
667.9947
667.9947
667.9939
667.9946
667.9947
667.9939
667.9947
667.9947
667.9939
667.9945
667.9947
667.9939
667.9947
667.9947
667.9939
667.9945
667.9947
667.9939
667.9946
667.9947
667.9939
667.9947
667.9947
667.9939
667.9947
667.9947
667.9939
667.9946
667.9947
667.9939
667.9947
667.9947
667.9939
667.9945
667.9947
667.9939
667.9947
667.9947
667.9939
667.9947
667.9947
667.9939
667.9946
667.9947
667.9939
667.9946
667.9947
667.9939
667.9947
667.9947
667.9939
667.9946
667.9947
667.9939
667.9945
667.9947
667.9939
667.9947
667.9947
667.9939
667.9946
667.9947
667.9939
667.9947
667.9947
667.9939
667.9947
667.9947
667.9939
667.9947
667.9947
667.9939
667.9946
667.9947
667.9939
667.9947
667.9947
667.9939
667.9945
667.9947
667.9939
667.9946
667.9947
667.9939
667.9947
667.9947
667.9939
667.9947
667.9947
667.9939
667.9945
667.9947
667.9939
667.9946
667.9947
667.9939
667.9947
667.9947
667.9939
667.9946
667.9947
667.9939
667.9946
667.9947
667.9939
667.9948
667.9947
667.9939
667.9947
667.9947
667.9939
667.9947
667.9947
667.9939
667.9946
667.9947
667.9939
667.9948
667.9947
667.9939
667.9946
667.9947
667.9939
667.9946
667.9947
667.9939
667.9947
667.9947
667.9939
667.9947
667.9947
667.9939
667.9948
667.9947
667.9939
667.9948
667.9947
667.9939
667.9947
667.9947
667.9939
667.9946
667.9947
667.9939
667.9948
667.9947
667.9939
667.9948
667.9947
667.9939
667.9946
667.9947
667.9939
667.9947
667.9947
667.9939
667.9948
667.9947
667.9939
667.9947
667.9947
667.9939
667.9948
667.9947
667.9939
667.9946
667.9947
667.9939
667.9946
667.9947
667.9939
667.9947
667.9947
667.9939
667.9946
667.9947
667.9939
667.9947
667.9947
667.9939
667.9948
667.9947
667.9939
667.9946
667.9947
667.9939
667.9948
667.9947
667.9939
667.9947
667.9947
667.9939
667.9948
667.9947
667.9939
667.9946
667.9947
667.9939
667.9947
667.9947
667.9939
667.9946
667.9947
667.9939
667.9948
667.9947
667.9939
667.9947
667.9947
667.9939
667.9945
667.9947
667.9939
667.9946
667.9947
667.9939
667.9947
667.9947
667.9939
667.9946
667.9947
667.9939
667.9947
667.9947
667.9939
667.9947
667.9947
667.9939
667.9946
667.9947
667.9939
667.9947
667.9947
667.9939
667.9947
667.9947
667.9939
667.9947
667.9947
667.9939
667.9945
667.9947
667.9939
667.9946
667.9947
667.9939
667.9947
667.9947
667.9939
667.9946
667.9947
667.9939
667.9947
667.9947
667.9939
667.9947
667.9947
667.9939
667.9945
667.9947
667.9939
667.9946
667.9947
667.9939
667.9947
667.9947
667.9939
667.9946
667.9947
667.9939
667.9947
667.9947
667.9939
667.9947
667.9947
667.9939
667.9945
667.9947
667.9939
667.9946
667.9947
667.9939
667.9947
667.9947
667.9939
667.9947
667.9947
667.9939
667.9946
667.9947
667.9939
667.9945
667.9947
667.9939
667.9947
667.9947
667.9939
667.9946
667.9947
667.9939
667.9947
667.9947
667.9939
667.9947
667.9947
667.9939
667.9946
667.9947
667.9939
667.9947
667.9947
667.9939
667.9945
667.9947
667.9939
667.9946
667.9947
667.9939
667.994
667.9947
667.9939
667.9939
667.9947
667.9939
667.9942
667.9947
667.9939
667.9942
667.9947
667.9939
667.994
667.9947
667.9939
667.9943
667.9947
667.9939
667.9939
667.9947
667.9939
667.9943
667.9947
667.9939
667.994
667.9947
667.9939
667.9942
667.9947
667.9939
667.994
667.9947
667.9939
667.9942
667.9947
667.9939
667.994
667.9947
667.9939
667.9942
667.9947
667.9939
667.994
667.9947
667.9939
667.9939
667.9947
667.9939
667.9943
667.9947
667.9939
667.9942
667.9947
667.9939
667.9943
667.9947
667.9939
667.9942
667.9947
667.9939
667.9942
667.9947
667.9939
667.994
667.9947
667.9939
667.994
667.9947
667.9939
667.9939
667.9947
667.9939
667.994
667.9947
667.9939
667.9942
667.9947
667.9939
667.9939
667.9947
667.9939
667.9943
667.9947
667.9939
667.994
667.9947
667.9939
667.9942
667.9947
667.9939
667.9942
667.9947
667.9939
667.9943
667.9947
667.9939
667.994
667.9947
667.9939
667.9942
667.9947
667.9939
667.994
667.9947
667.9939
667.9939
667.9947
667.9939
667.9941
667.9947
667.9939
667.9943
667.9947
667.9939
667.9945
667.9947
667.9939
667.9943
667.9947
667.9939
667.9945
667.9947
667.9939
667.9946
667.9947
667.9939
667.9941
667.9947
667.9939
667.9943
667.9947
667.9939
667.9943
667.9947
667.9939
667.9945
667.9947
667.9939
667.9946
667.9947
667.9939
667.9945
667.9947
667.9939
667.9945
667.9947
667.9939
667.9943
667.9947
667.9939
667.9943
667.9947
667.9939
667.9941
667.9947
667.9939
667.9945
667.9947
667.9939
667.9946
667.9947
667.9939
667.9941
667.9947
667.9939
667.9943
667.9947
667.9939
667.9943
667.9947
667.9939
667.9946
667.9947
667.9939
667.9945
667.9947
667.9939
667.9945
667.9947
667.9939
667.9946
667.9947
667.9939
667.9943
667.9947
667.9939
667.9945
667.9947
667.9939
667.9941
667.9947
667.9939
667.9943
667.9947
667.9939
667.9945
667.9947
667.9939
667.9946
667.9947
667.9939
667.9945
667.9947
667.9939
667.9945
667.9947
667.9939
667.9943
667.9947
667.9939
667.9943
667.9947
667.9939
667.9941
667.9947
667.9939
667.9944
667.9947
667.9939
667.9944
667.9947
667.9939
667.9947
667.9947
667.9939
667.9946
667.9947
667.9939
667.9947
667.9947
667.9939
667.9945
667.9947
667.9939
667.9945
667.9947
667.9939
667.9947
667.9947
667.9939
667.9947
667.9947
667.9939
667.9946
667.9947
667.9939
667.9944
667.9947
667.9939
667.9944
667.9947
667.9939
667.9946
667.9947
667.9939
667.9944
667.9947
667.9939
667.9947
667.9947
667.9939
667.9944
667.9947
667.9939
667.9947
667.9947
667.9939
667.9945
667.9947
667.9939
667.9944
667.9947
667.9939
667.9945
667.9947
667.9939
667.9944
667.9947
667.9939
667.9947
667.9947
667.9939
667.9947
667.9947
667.9939
667.9946
667.9947
667.9939
667.9947
667.9947
667.9939
667.9947
667.9947
667.9939
667.9946
667.9947
667.9939
667.9945
667.9947
667.9939
667.9944
667.9947
667.9939
667.9944
667.9947
667.9939
667.9946
667.9947
667.9939
667.9947
667.9947
667.9939
667.9944
667.9947
667.9939
667.9947
667.9947
667.9939
667.9945
667.9947
667.9939
667.9944
667.9947
667.9939
667.9944
667.9947
667.9939
667.9947
667.9947
667.9939
667.9946
667.9947
667.9939
667.9945
667.9947
667.9939
667.9944
667.9947
667.9939
667.9947
667.9947
667.9939
667.9945
667.9947
667.9939
667.9944
667.9947
667.9939
667.9944
667.9947
667.9939
667.9946
667.9947
667.9939
667.9947
667.9947
667.9939
667.9947
667.9947
667.9939
667.9944
667.9947
667.9939
667.9944
667.9947
667.9939
667.9945
667.9947
667.9939
667.9947
667.9947
667.9939
667.9946
667.9947
667.9939
667.9947
667.9947
667.9939
667.9946
667.9947
667.9939
667.9944
667.9947
667.9939
667.9947
667.9947
667.9939
667.9947
667.9947
667.9939
667.9944
667.9947
667.9939
667.9945
667.9947
667.9939
667.9945
667.9947
667.9939
667.9944
667.9947
667.9939
667.9947
667.9947
667.9939
667.9944
667.9947
667.9939
667.9947
667.9947
667.9939
667.9946
667.9947
667.9939
667.9946
667.9947
667.9939
667.9947
667.9947
667.9939
667.9944
667.9947
667.9939
667.9944
667.9947
667.9939
667.9945
667.9947
667.9939
667.9947
667.9947
667.9939
667.9941
667.9947
667.9939
667.9946
667.9947
667.9939
667.9945
667.9947
667.9939
667.9943
667.9947
667.9939
667.9945
667.9947
667.9939
667.9943
667.9947
667.9939
667.9943
667.9947
667.9939
667.9943
667.9947
667.9939
667.9941
667.9947
667.9939
667.9946
667.9947
667.9939
667.9945
667.9947
667.9939
667.9945
667.9947
667.9939
667.9943
667.9947
667.9939
667.9941
667.9947
667.9939
667.9945
667.9947
667.9939
667.9943
667.9947
667.9939
667.9946
667.9947
667.9939
667.9945
667.9947
667.9939
667.9941
667.9947
667.9939
667.9945
667.9947
667.9939
667.9945
667.9947
667.9939
667.9943
667.9947
667.9939
667.9943
667.9947
667.9939
667.9946
667.9947
667.9939
667.9946
667.9947
667.9939
667.9945
667.9947
667.9939
667.9943
667.9947
667.9939
667.9941
667.9947
667.9939
667.9945
667.9947
667.9939
667.9943
667.9947
667.9939
667.9943
667.9947
667.9939
667.9945
667.9947
667.9939
667.9946
667.9947
667.9939
667.9941
667.9947
667.9939
667.9943
667.9947
667.9939
667.9945
667.9947
667.9939
667.9936
667.9947
667.9939
667.9935
667.9947
667.9939
667.9937
667.9947
667.9939
667.9937
667.9947
667.9939
667.9936
667.9947
667.9939
667.9938
667.9947
667.9939
667.9937
667.9947
667.9939
667.9936
667.9947
667.9939
667.9936
667.9947
667.9939
667.9937
667.9947
667.9939
667.9935
667.9947
667.9939
667.9938
667.9947
667.9939
667.9936
667.9947
667.9939
667.9936
667.9947
667.9939
667.9935
667.9947
667.9939
667.9937
667.9947
667.9939
667.9937
667.9947
667.9939
667.9938
667.9947
667.9939
667.9938
667.9947
667.9939
667.9935
667.9947
667.9939
667.9936
667.9947
667.9939
667.9937
667.9947
667.9939
667.9937
667.9947
667.9939
667.9936
667.9947
667.9939
667.9936
667.9947
667.9939
667.9935
667.9947
667.9939
667.9936
667.9947
667.9939
667.9937
667.9947
667.9939
667.9937
667.9947
667.9939
667.9938
667.9947
667.9939
667.9936
667.9947
667.9939
667.9935
667.9947
667.9939
667.9936
667.9947
667.9939
667.9937
667.9947
667.9939
667.9938
667.9947
667.9939
667.9937
667.9947
667.9939
667.9931
667.9947
667.9939
667.9931
667.9947
667.9939
667.9931
667.9947
667.9939
667.9931
667.9947
667.9939
667.9931
667.9947
667.9939
667.9931
667.9947
667.9939
667.9931
667.9947
667.9939
667.9931
667.9947
667.9939
667.9931
667.9947
667.9939
667.9931
667.9947
667.9939
667.9931
667.9947
667.9939
667.9931
667.9947
667.9939
667.9931
667.9947
667.9939
667.9931
667.9947
667.9939
667.9931
667.9947
667.9939
667.9931
667.9947
667.9939
667.9931
667.9947
667.9939
667.9931
667.9947
667.9939
667.9931
667.9947
667.9939
667.9931
667.9947
667.9939
667.9931
667.9947
667.9939
667.9931
667.9947
667.9939
667.9931
667.9947
667.9939
667.9931
667.9947
667.9939
667.9931
667.9947
667.9939
667.9931
667.9947
667.9939
667.9931
667.9947
667.9939
667.9931
667.9947
667.9939
667.9931
667.9947
667.9939
667.9931
667.9947
667.9939
667.9931
667.9947
667.9939
667.9931
667.9947
667.9939
667.9931
667.9947
667.9939
667.9931
667.9947
667.9939
667.9931
667.9947
667.9939
667.9931
667.9947
667.9939
667.9937
667.9947
667.9939
667.9939
667.9947
667.9939
667.9938
667.9947
667.9939
667.9942
667.9947
667.9939
667.9941
667.9947
667.9939
667.994
667.9947
667.9939
667.994
667.9947
667.9939
667.9941
667.9947
667.9939
667.9938
667.9947
667.9939
667.9939
667.9947
667.9939
667.9942
667.9947
667.9939
667.9937
667.9947
667.9939
667.9937
667.9947
667.9939
667.9938
667.9947
667.9939
667.9939
667.9947
667.9939
667.994
667.9947
667.9939
667.9942
667.9947
667.9939
667.9941
667.9947
667.9939
667.9939
667.9947
667.9939
667.9937
667.9947
667.9939
667.9938
667.9947
667.9939
667.9941
667.9947
667.9939
667.9942
667.9947
667.9939
667.994
667.9947
667.9939
667.9942
667.9947
667.9939
667.994
667.9947
667.9939
667.9939
667.9947
667.9939
667.9941
667.9947
667.9939
667.9937
667.9947
667.9939
667.9938
667.9947
667.9939
667.9941
667.9947
667.9939
667.9942
667.9947
667.9939
667.9939
667.9947
667.9939
667.994
667.9947
667.9939
667.9937
667.9947
667.9939
667.9938
667.9947
667.9939
667.994
667.9947
667.9939
667.9938
667.9947
667.9939
667.9938
667.9947
667.9939
667.9943
667.9947
667.9939
667.9943
667.9947
667.9939
667.994
667.9947
667.9939
667.9938
667.9947
667.9939
667.994
667.9947
667.9939
667.9943
667.9947
667.9939
667.994
667.9947
667.9939
667.9938
667.9947
667.9939
667.9943
667.9947
667.9939
667.9943
667.9947
667.9939
667.9943
667.9947
667.9939
667.994
667.9947
667.9939
667.994
667.9947
667.9939
667.9938
667.9947
667.9939
667.9938
667.9947
667.9939
667.9938
667.9947
667.9939
667.994
667.9947
667.9939
667.9938
667.9947
667.9939
667.994
667.9947
667.9939
667.9943
667.9947
667.9939
667.9943
667.9947
667.9939
667.9938
667.9947
667.9939
667.9943
667.9947
667.9939
667.994
667.9947
667.9939
667.9943
667.9947
667.9939
667.994
667.9947
667.9939
667.9938
667.9947
667.9939
667.9938
667.9947
667.9939
667.9938
667.9947
667.9939
667.994
667.9947
667.9939
667.994
667.9947
667.9939
667.9943
667.9947
667.9939
667.9943
667.9947
667.9939
667.9939
667.9947
667.9939
667.9941
667.9947
667.9939
667.9937
667.9947
667.9939
667.9942
667.9947
667.9939
667.9938
667.9947
667.9939
667.994
667.9947
667.9939
667.9942
667.9947
667.9939
667.9941
667.9947
667.9939
667.9938
667.9947
667.9939
667.994
667.9947
667.9939
667.9937
667.9947
667.9939
667.9939
667.9947
667.9939
667.9937
667.9947
667.9939
667.9938
667.9947
667.9939
667.994
667.9947
667.9939
667.9939
667.9947
667.9939
667.9942
667.9947
667.9939
667.9941
667.9947
667.9939
667.9942
667.9947
667.9939
667.994
667.9947
667.9939
667.9938
667.9947
667.9939
667.9939
667.9947
667.9939
667.9941
667.9947
667.9939
667.9937
667.9947
667.9939
667.9942
667.9947
667.9939
667.994
667.9947
667.9939
667.9941
667.9947
667.9939
667.9938
667.9947
667.9939
667.9939
667.9947
667.9939
667.9937
667.9947
667.9939
667.9942
667.9947
667.9939
667.994
667.9947
667.9939
667.9941
667.9947
667.9939
667.9938
667.9947
667.9939
667.9937
667.9947
667.9939
667.9939
667.9947
667.9939
667.9931
667.9947
667.9939
667.9931
667.9947
667.9939
667.9931
667.9947
667.9939
667.9931
667.9947
667.9939
667.9931
667.9947
667.9939
667.9931
667.9947
667.9939
667.9931
667.9947
667.9939
667.9931
667.9947
667.9939
667.9931
667.9947
667.9939
667.9931
667.9947
667.9939
667.9931
667.9947
667.9939
667.9931
667.9947
667.9939
667.9931
667.9947
667.9939
667.9931
667.9947
667.9939
667.9931
667.9947
667.9939
667.9931
667.9947
667.9939
667.9931
667.9947
667.9939
667.9931
667.9947
667.9939
667.9931
667.9947
667.9939
667.9931
667.9947
667.9939
667.9931
667.9947
667.9939
667.9931
667.9947
667.9939
667.9931
667.9947
667.9939
667.9931
667.9947
667.9939
667.9931
667.9947
667.9939
667.9931
667.9947
667.9939
667.9931
667.9947
667.9939
667.9931
667.9947
667.9939
667.9931
667.9947
667.9939
667.9931
667.9947
667.9939
667.9931
667.9947
667.9939
667.9931
667.9947
667.9939
667.9931
667.9947
667.9939
667.9931
667.9947
667.9939
667.9931
667.9947
667.9939
667.9931
667.9947
667.9939
667.9931
667.9947
667.9939
667.9931
667.9947
667.9939
667.9931
667.9947
667.9939
667.9931
667.9947
667.9939
667.9931
667.9947
667.9939
667.9931
667.9947
667.9939
667.9931
667.9947
667.9939
667.9931
667.9947
667.9939
667.9931
667.9947
667.9939
667.9931
667.9947
667.9939
667.9931
667.9947
667.9939
667.9931
667.9947
667.9939
667.9931
667.9947
667.9939
667.9931
667.9947
667.9939
667.9931
667.9947
667.9939
667.9931
667.9947
667.9939
667.9931
667.9947
667.9939
667.9931
667.9947
667.9939
667.9931
667.9947
667.9939
667.9931
667.9947
667.9939
667.9931
667.9947
667.9939
667.9931
667.9947
667.9939
667.9931
667.9947
667.9939
667.9931
667.9947
667.9939
667.9931
667.9947
667.9939
667.9931
667.9947
667.9939
667.9931
667.9947
667.9939
667.9931
667.9947
667.9939
667.9931
667.9947
667.9939
667.9931
667.9947
667.9939
667.9931
667.9947
667.9939
667.9931
667.9947
667.9939
667.9931
667.9947
667.9939
667.9931
667.9947
667.9939
667.9931
667.9947
667.9939
667.9931
667.9947
667.9939
667.9931
667.9947
667.9939
667.9931
667.9947
667.9939
667.9931
667.9947
667.9939
667.9931
667.9947
667.9939
667.9931
667.9947
667.9939
667.9931
667.9947
667.9939
667.9931
667.9947
667.9939
667.9931
667.9947
667.9939
667.9931
667.9947
667.9939
667.9931
667.9947
667.9939
667.9931
667.9947
667.9939
667.9931
667.9947
667.9939
667.9931
667.9947
667.9939
667.9931
667.9947
667.9939
667.9931
667.9947
667.9939
667.9931
667.9947
667.9939
667.9931
667.9947
667.9939
667.9931
667.9947
667.9939
667.9931
667.9947
667.9939
667.9931
667.9947
667.9939
667.9931
667.9947
667.9939
667.9931
667.9947
667.9939
667.9931
667.9947
667.9939
667.9931
667.9947
667.9939
667.9931
667.9947
667.9939
667.9931
667.9947
667.9939
667.9931
667.9947
667.9939
667.9931
667.9947
667.9939
667.9931
667.9947
667.9939
667.9931
667.9947
667.9939
667.9931
667.9947
667.9939
667.9931
667.9947
667.9939
667.9931
667.9947
667.9939
667.9931
667.9947
667.9939
667.9931
667.9947
667.9939
667.9931
667.9947
667.9939
667.9931
667.9947
667.9939
667.9931
667.9947
667.9939
667.9931
667.9947
667.9939
667.9931
667.9947
667.9939
667.9931
667.9947
667.9939
667.9931
667.9947
667.9939
667.9931
667.9947
667.9939
667.9931
667.9947
667.9939
667.9931
667.9947
667.9939
667.9931
667.9947
667.9939
667.9931
667.9947
667.9939
667.9931
667.9947
667.9939
667.9931
667.9947
667.9939
667.9931
667.9947
667.9939
667.9931
667.9947
667.9939
667.9931
667.9947
667.9939
667.9931
667.9947
667.9939
667.9931
667.9947
667.9939
667.9931
667.9947
667.9939
667.9931
667.9947
667.9939
667.9931
667.9947
667.9939
667.9931
667.9947
667.9939
667.9931
667.9947
667.9939
667.9931
667.9947
667.9939
667.9931
667.9947
667.9939
667.9931
667.9947
667.9939
667.9931
667.9947
667.9939
667.9931
667.9947
667.9939
667.9931
667.9947
667.9939
667.9931
667.9947
667.9939
667.9931
667.9947
667.9939
667.9931
667.9947
667.9939
667.9931
667.9947
667.9939
667.9931
667.9947
667.9939
667.9931
667.9947
667.9939
667.9931
667.9947
667.9939
667.9931
667.9947
667.9939
667.9931
667.9947
667.9939
667.9931
667.9947
667.9939
667.9931
667.9947
667.9939
667.9931
667.9947
667.9939
667.9931
667.9947
667.9939
667.9931
667.9947
667.9939
667.9931
667.9947
667.9939
667.9931
667.9947
667.9939
667.9931
667.9947
667.9939
667.9931
667.9947
667.9939
667.9931
667.9947
667.9939
667.9931
667.9947
667.9939
667.9931
667.9947
667.9939
667.9931
667.9947
667.9939
667.9931
667.9947
667.9939
667.9931
667.9947
667.9939
667.9931
667.9947
667.9939
667.9931
667.9947
667.9939
667.9931
667.9947
667.9939
667.9931
667.9947
667.9939
667.9931
667.9947
667.9939
667.9931
667.9947
667.9939
667.9931
667.9947
667.9939
667.9931
667.9947
667.9939
667.9931
667.9947
667.9939
667.9931
667.9947
667.9939
667.9931
667.9947
667.9939
667.9931
667.9947
667.9939
667.9931
667.9947
667.9939
667.9931
667.9947
667.9939
667.9931
667.9947
667.9939
667.9931
667.9947
667.9939
667.9931
667.9947
667.9939
667.9931
667.9947
667.9939
667.9931
667.9947
667.9939
667.9931
667.9947
667.9939
667.9931
667.9947
667.9939
667.9931
667.9947
667.9939
667.9931
667.9947
667.9939
667.9931
667.9947
667.9939
667.9931
667.9947
667.9939
667.9931
667.9947
667.9939
667.9931
667.9947
667.9939
667.9931
667.9947
667.9939
667.9931
667.9947
667.9939
667.9931
667.9947
667.9939
667.9931
667.9947
667.9939
667.9931
667.9947
667.9939
667.9931
667.9947
667.9939
667.9931
667.9947
667.9939
667.9931
667.9947
667.9939
667.9931
667.9947
667.9939
667.9931
667.9947
667.9939
667.9931
667.9947
667.9939
667.9931
667.9947
667.9939
667.9931
667.9947
667.9939
667.9931
667.9947
667.9939
667.9931
667.9947
667.9939
667.9931
667.9947
667.9939
667.9931
667.9947
667.9939
667.9931
667.9947
667.9939
667.9931
667.9947
667.9939
667.9931
667.9947
667.9939
667.9931
667.9947
667.9939
667.9931
667.9947
667.9939
667.9931
667.9947
667.9939
667.9931
667.9947
667.9939
667.9931
667.9947
667.9939
667.9931
667.9947
667.9939
667.9931
667.9947
667.9939
667.9931
667.9947
667.9939
667.9931
667.9947
667.9939
667.9931
667.9947
667.9939
667.9931
667.9947
667.9939
667.9931
667.9947
667.9939
667.9931
667.9947
667.9939
667.9931
667.9947
667.9939
667.9931
667.9947
667.9939
667.9931
667.9947
667.9939
667.9931
667.9947
667.9939
667.9931
667.9947
667.9939
667.9931
667.9947
667.9939
667.9931
667.9947
667.9939
667.9931
667.9947
667.9939
667.9931
667.9947
667.9939
667.9931
667.9947
667.9939
667.9931
667.9947
667.9939
667.9931
667.9947
667.9939
667.9931
667.9947
667.9939
667.9931
667.9947
667.9939
667.9931
667.9947
667.9939
667.9931
667.9947
667.9939
667.9931
667.9947
667.9939
667.9931
667.9947
667.9939
667.9931
667.9947
667.9939
667.9931
667.9947
667.9939
667.9931
667.9947
667.9939
667.9931
667.9947
667.9939
667.9931
667.9947
667.9939
667.9931
667.9947
667.9939
667.9931
667.9947
667.9939
667.9931
667.9947
667.9939
667.9931
667.9947
667.9939
667.9931
667.9947
667.9939
667.9931
667.9947
667.9939
667.9931
667.9947
667.9939
667.9931
667.9947
667.9939
667.9931
667.9947
667.9939
667.9931
667.9947
667.9939
667.9931
667.9947
667.9939
667.9931
667.9947
667.9939
667.9931
667.9947
667.9939
667.9931
667.9947
667.9939
667.9931
667.9947
667.9939
667.9931
667.9947
667.9939
667.9931
667.9947
667.9939
667.9931
667.9947
667.9939
667.9931
667.9947
667.9939
667.9931
667.9947
667.9939
667.9931
667.9947
667.9939
667.9931
667.9947
667.9939
667.9931
667.9947
667.9939
667.9931
667.9947
667.9939
667.9931
667.9947
667.9939
667.9931
667.9947
667.9939
667.9931
667.9947
667.9939
667.9931
667.9947
667.9939
667.9931
667.9947
667.9939
667.9931
667.9947
667.9939
667.9931
667.9947
667.9939
667.9931
667.9947
667.9939
667.9931
667.9947
667.9939
667.9931
667.9947
667.9939
667.9931
667.9947
667.9939
667.9931
667.9947
667.9939
667.9931
667.9947
667.9939
667.9931
667.9947
667.9939
667.9931
667.9947
667.9939
667.9931
667.9947
667.9939
667.9931
667.9947
667.9939
667.9931
667.9947
667.9939
667.9931
667.9947
667.9939
667.9931
667.9969
667.9962
667.9954
667.9969
667.9962
667.9954
667.9969
667.9962
667.9954
667.9969
667.9962
667.9954
667.9969
667.9962
667.9954
667.9969
667.9962
667.9954
667.9969
667.9962
667.9954
667.9969
667.9962
667.9954
667.9969
667.9962
667.9954
667.9969
667.9962
667.9954
667.9969
667.9962
667.9954
667.9969
667.9962
667.9954
667.9969
667.9962
667.9954
667.9969
667.9962
667.9954
667.9969
667.9962
667.9954
667.9969
667.9962
667.9954
667.9969
667.9962
667.9954
667.9969
667.9962
667.9954
667.9969
667.9962
667.9954
667.9969
667.9962
667.9954
667.9969
667.9962
667.9954
667.9969
667.9962
667.9954
667.9969
667.9962
667.9954
667.9969
667.9962
667.9954
667.9969
667.9962
667.9954
667.9969
667.9962
667.9954
667.9969
667.9962
667.9954
667.9969
667.9962
667.9954
667.9969
667.9962
667.9954
667.9969
667.9962
667.9954
667.9969
667.9962
667.9954
667.9969
667.9962
667.9954
667.9969
667.9962
667.9954
667.9969
667.9962
667.9954
667.9969
667.9962
667.9954
667.9969
667.9962
667.9954
667.9969
667.9962
667.9954
667.9969
667.9962
667.9954
667.9969
667.9962
667.9954
667.9969
667.9962
667.9954
667.9969
667.9962
667.9954
667.9969
667.9962
667.9954
667.9969
667.9962
667.9954
667.9969
667.9962
667.9954
667.9969
667.9962
667.9954
667.9969
667.9962
667.9954
667.9969
667.9962
667.9954
667.9969
667.9962
667.9954
667.9969
667.9962
667.9954
667.9969
667.9962
667.9954
667.9969
667.9962
667.9954
667.9969
667.9962
667.9954
667.9969
667.9962
667.9954
667.9969
667.9962
667.9954
667.9969
667.9962
667.9954
667.9969
667.9962
667.9954
667.9969
667.9962
667.9954
667.9969
667.9962
667.9954
667.9969
667.9962
667.9954
667.9969
667.9962
667.9954
667.9969
667.9962
667.9954
667.9969
667.9962
667.9954
667.9969
667.9962
667.9954
667.9969
667.9962
667.9954
667.9969
667.9962
667.9954
667.9969
667.9962
667.9954
667.9969
667.9962
667.9954
667.9969
667.9962
667.9954
667.9969
667.9962
667.9954
667.9969
667.9962
667.9954
667.9969
667.9962
667.9954
667.9969
667.9962
667.9954
667.9969
667.9962
667.9954
667.9969
667.9962
667.9954
667.9969
667.9962
667.9954
667.9969
667.9962
667.9954
667.9969
667.9962
667.9954
667.9969
667.9962
667.9954
667.9969
667.9962
667.9954
667.9969
667.9962
667.9954
667.9969
667.9962
667.9954
667.9969
667.9962
667.9954
667.9969
667.9962
667.9954
667.9969
667.9962
667.9954
667.9969
667.9962
667.9954
667.9969
667.9962
667.9954
667.9969
667.9962
667.9954
667.9969
667.9962
667.9954
667.9969
667.9962
667.9954
667.9969
667.9962
667.9954
667.9969
667.9962
667.9954
667.9969
667.9962
667.9954
667.9969
667.9962
667.9954
667.9969
667.9962
667.9954
667.9969
667.9962
667.9954
667.9969
667.9962
667.9954
667.9969
667.9962
667.9954
667.9969
667.9962
667.9954
667.9969
667.9962
667.9954
667.9969
667.9962
667.9954
667.9969
667.9962
667.9954
667.9969
667.9962
667.9954
667.9969
667.9962
667.9954
667.9969
667.9962
667.9954
667.9969
667.9962
667.9954
667.9969
667.9962
667.9954
667.9969
667.9962
667.9954
667.9969
667.9962
667.9954
667.9969
667.9962
667.9954
667.9969
667.9962
667.9954
667.9969
667.9962
667.9954
667.9969
667.9962
667.9954
667.9969
667.9962
667.9954
667.9969
667.9962
667.9954
667.9969
667.9962
667.9954
667.9969
667.9962
667.9954
667.9969
667.9962
667.9954
667.9969
667.9962
667.9954
667.9969
667.9962
667.9954
667.9969
667.9962
667.9954
667.9969
667.9962
667.9954
667.9969
667.9962
667.9954
667.9969
667.9962
667.9954
667.9969
667.9962
667.9954
667.9969
667.9962
667.9954
667.9969
667.9962
667.9954
667.9969
667.9962
667.9954
667.9969
667.9962
667.9954
667.9969
667.9962
667.9954
667.9969
667.9962
667.9954
667.9969
667.9962
667.9954
667.9969
667.9962
667.9954
667.9969
667.9962
667.9954
667.9969
667.9962
667.9954
667.9969
667.9962
667.9954
667.9969
667.9962
667.9954
667.9969
667.9962
667.9954
667.9969
667.9962
667.9954
667.9969
667.9962
667.9954
667.9969
667.9962
667.9954
667.9969
667.9962
667.9954
667.9969
667.9962
667.9954
667.9969
667.9962
667.9954
667.9969
667.9962
667.9954
667.9969
667.9962
667.9954
667.9969
667.9962
667.9954
667.9969
667.9962
667.9954
667.9969
667.9962
667.9954
667.9969
667.9962
667.9954
667.9969
667.9962
667.9954
667.9969
667.9962
667.9954
667.9969
667.9962
667.9954
667.9969
667.9962
667.9954
667.9969
667.9962
667.9954
667.9969
667.9962
667.9954
667.9969
667.9962
667.9954
667.9969
667.9962
667.9954
667.9969
667.9962
667.9954
667.9969
667.9962
667.9954
667.9969
667.9962
667.9954
667.9969
667.9962
667.9954
667.9969
667.9962
667.9954
667.9969
667.9962
667.9954
667.9969
667.9962
667.9954
667.9969
667.9962
667.9954
667.9969
667.9962
667.9954
667.9969
667.9962
667.9954
667.9969
667.9962
667.9954
667.9969
667.9962
667.9954
667.9969
667.9962
667.9954
667.9969
667.9962
667.9954
667.9969
667.9962
667.9954
667.9969
667.9962
667.9954
667.9969
667.9962
667.9954
667.9969
667.9962
667.9954
667.9969
667.9962
667.9954
667.9969
667.9962
667.9954
667.9969
667.9962
667.9954
667.9969
667.9962
667.9954
667.9969
667.9962
667.9954
667.9969
667.9962
667.9954
667.9969
667.9962
667.9954
667.9969
667.9962
667.9954
667.9969
667.9962
667.9954
667.9969
667.9962
667.9954
667.9969
667.9962
667.9954
667.9969
667.9962
667.9954
667.9969
667.9962
667.9954
667.9969
667.9962
667.9954
667.9969
667.9962
667.9954
667.9969
667.9962
667.9954
667.9969
667.9962
667.9954
667.9969
667.9962
667.9954
667.9969
667.9962
667.9954
667.9969
667.9962
667.9954
667.9969
667.9962
667.9954
667.9969
667.9962
667.9954
667.9969
667.9962
667.9954
667.9969
667.9962
667.9954
667.9969
667.9962
667.9954
667.9969
667.9962
667.9954
667.9969
667.9962
667.9954
667.9969
667.9962
667.9954
667.9969
667.9962
667.9954
667.9969
667.9962
667.9954
667.9969
667.9962
667.9954
667.9969
667.9962
667.9954
667.9969
667.9962
667.9954
667.9969
667.9962
667.9954
667.9969
667.9962
667.9954
667.9969
667.9962
667.9954
667.9969
667.9962
667.9954
667.9969
667.9962
667.9954
667.9969
667.9962
667.9954
667.9969
667.9962
667.9954
667.9969
667.9962
667.9954
667.9969
667.9962
667.9954
667.9969
667.9962
667.9954
667.9969
667.9962
667.9954
667.9969
667.9962
667.9954
667.9969
667.9962
667.9954
667.9969
667.9962
667.9954
667.9969
667.9962
667.9954
667.9969
667.9962
667.9954
667.9969
667.9962
667.9954
667.9969
667.9962
667.9954
667.9969
667.9962
667.9954
667.9969
667.9962
667.9954
667.9969
667.9962
667.9954
667.9969
667.9962
667.9954
667.9969
667.9962
667.9954
667.9969
667.9962
667.9954
667.9969
667.9962
667.9954
667.9969
667.9962
667.9954
667.9969
667.9962
667.9954
667.9969
667.9962
667.9954
667.9969
667.9962
667.9954
667.9969
667.9962
667.9954
667.9969
667.9962
667.9954
667.9969
667.9962
667.9954
667.9969
667.9962
667.9954
667.9969
667.9962
667.9954
667.9969
667.9962
667.9954
667.9969
667.9962
667.9954
667.9969
667.9962
667.9954
667.9969
667.9962
667.9954
667.9969
667.9962
667.9954
667.9969
667.9962
667.9954
667.9969
667.9962
667.9954
667.9969
667.9962
667.9954
667.9969
667.9962
667.9954
667.9969
667.9962
667.9954
667.9969
667.9962
667.9954
667.9969
667.9962
667.9954
667.9969
667.9962
667.9954
667.9969
667.9962
667.9954
667.9969
667.9962
667.9954
667.9969
667.9962
667.9954
667.9969
667.9962
667.9954
667.9969
667.9962
667.9954
667.9969
667.9962
667.9954
667.9969
667.9962
667.9954
667.9969
667.9962
667.9954
667.9969
667.9962
667.9954
667.9969
667.9962
667.9954
667.9969
667.9962
667.9954
667.9969
667.9962
667.9954
667.9969
667.9962
667.9954
667.9969
667.9962
667.9954
667.9969
667.9962
667.9954
667.9969
667.9962
667.9954
667.9969
667.9962
667.9954
667.9969
667.9962
667.9954
667.9969
667.9962
667.9954
667.9969
667.9962
667.9954
667.9969
667.9962
667.9954
667.9969
667.9962
667.9954
667.9969
667.9962
667.9954
667.9969
667.9962
667.9954
667.9969
667.9962
667.9954
667.9969
667.9962
667.9954
667.9969
667.9962
667.9954
667.9969
667.9962
667.9954
667.9969
667.9962
667.9954
667.9969
667.9962
667.9954
667.9969
667.9962
667.9954
667.9969
667.9962
667.9954
667.9969
667.9962
667.9954
667.9969
667.9962
667.9954
667.9969
667.9962
667.9954
667.9969
667.9962
667.9954
667.9969
667.9962
667.9954
667.9969
667.9962
667.9954
667.9969
667.9962
667.9954
667.9969
667.9962
667.9954
667.9969
667.9962
667.9954
667.9969
667.9962
667.9954
667.9969
667.9962
667.9954
667.9969
667.9962
667.9954
667.9969
667.9962
667.9954
667.9969
667.9962
667.9954
667.9969
667.9962
667.9954
667.9969
667.9962
667.9954
667.9969
667.9962
667.9954
667.9969
667.9962
667.9954
667.9969
667.9962
667.9954
667.9969
667.9962
667.9954
667.9969
667.9962
667.9954
667.9969
667.9962
667.9954
667.9969
667.9962
667.9954
667.9969
667.9962
667.9954
667.9969
667.9962
667.9954
667.9969
667.9962
667.9954
667.9969
667.9962
667.9954
667.9969
667.9962
667.9954
667.9969
667.9962
667.9954
667.9969
667.9962
667.9954
667.9969
667.9962
667.9954
667.9969
667.9962
667.9954
667.9969
667.9962
667.9954
667.9969
667.9962
667.9954
667.9969
667.9962
667.9954
667.9969
667.9962
667.9954
667.9969
667.9962
667.9954
667.9969
667.9962
667.9954
667.9969
667.9962
667.9954
667.9969
667.9962
667.9954
667.9969
667.9962
667.9954
667.9969
667.9962
667.9954
667.9969
667.9962
667.9954
667.9969
667.9962
667.9954
667.9969
667.9962
667.9954
667.9969
667.9962
667.9954
667.9969
667.9962
667.9954
667.9969
667.9962
667.9954
667.9969
667.9962
667.9954
667.9969
667.9962
667.9954
667.9969
667.9962
667.9954
667.9969
667.9962
667.9954
667.9969
667.9962
667.9954
667.9969
667.9962
667.9954
667.9969
667.9962
667.9954
667.9969
667.9962
667.9954
667.9969
667.9962
667.9954
667.9969
667.9962
667.9954
667.9969
667.9962
667.9954
667.9969
667.9962
667.9954
667.9969
667.9962
667.9954
667.9969
667.9962
667.9954
667.9969
667.9962
667.9954
667.9969
667.9962
667.9954
667.9969
667.9962
667.9954
667.9969
667.9962
667.9954
667.9969
667.9962
667.9954
667.9969
667.9962
667.9954
667.9969
667.9962
667.9954
667.9969
667.9962
667.9954
667.9969
667.9962
667.9954
667.9969
667.9962
667.9954
667.9969
667.9962
667.9954
667.9969
667.9962
667.9954
667.9969
667.9962
667.9954
667.9969
667.9962
667.9954
667.9969
667.9962
667.9954
667.9969
667.9962
667.9954
667.9969
667.9962
667.9954
667.9969
667.9962
667.9954
667.9969
667.9962
667.9954
667.9969
667.9962
667.9954
667.9969
667.9962
667.9954
667.9969
667.9962
667.9954
667.9969
667.9962
667.9954
667.9969
667.9962
667.9954
667.9969
667.9962
667.9954
667.9969
667.9962
667.9954
667.9969
667.9962
667.9954
667.9969
667.9962
667.9954
667.9969
667.9962
667.9954
667.9969
667.9962
667.9954
667.9969
667.9962
667.9954
667.9969
667.9962
667.9954
667.9969
667.9962
667.9954
667.9969
667.9962
667.9954
667.9969
667.9962
667.9954
667.9969
667.9962
667.9954
667.9969
667.9962
667.9954
667.9969
667.9962
667.9954
667.9969
667.9962
667.9954
667.9969
667.9962
667.9954
667.9969
667.9962
667.9954
667.9969
667.9962
667.9954
667.9969
667.9962
667.9954
667.9969
667.9962
667.9954
667.9969
667.9962
667.9954
667.9969
667.9962
667.9954
667.9969
667.9962
667.9954
667.9969
667.9962
667.9954
667.9969
667.9962
667.9954
667.9969
667.9962
667.9954
667.9969
667.9962
667.9954
667.9969
667.9962
667.9954
667.9969
667.9962
667.9954
667.9969
667.9962
667.9954
667.9969
667.9962
667.9954
667.9969
667.9962
667.9954
667.9969
667.9962
667.9954
667.9969
667.9962
667.9954
667.9969
667.9962
667.9954
667.9969
667.9962
667.9954
667.9969
667.9962
667.9954
667.9969
667.9962
667.9954
667.9969
667.9962
667.9954
667.9969
667.9962
667.9954
667.9969
667.9962
667.9954
667.9969
667.9962
667.9954
667.9969
667.9962
667.9954
667.9969
667.9962
667.9954
667.9969
667.9962
667.9954
667.9969
667.9962
667.9954
667.9969
667.9962
667.9954
667.9969
667.9962
667.9954
667.9969
667.9962
667.9954
667.9969
667.9962
667.9954
667.9969
667.9962
667.9954
667.9969
667.9962
667.9954
667.9969
667.9962
667.9954
667.9969
667.9962
667.9954
667.9969
667.9962
667.9954
667.9969
667.9962
667.9954
667.9969
667.9962
667.9954
667.9969
667.9962
667.9954
667.9969
667.9962
667.9954
667.9969
667.9962
667.9954
667.9969
667.9962
667.9954
667.9969
667.9962
667.9954
667.9969
667.9962
667.9954
667.9969
667.9962
667.9954
667.9969
667.9962
667.9954
667.9969
667.9962
667.9954
667.9969
667.9962
667.9954
667.9969
667.9962
667.9954
667.9969
667.9962
667.9954
667.9969
667.9962
667.9954
667.9969
667.9962
667.9954
667.9969
667.9962
667.9954
667.9969
667.9962
667.9954
667.9969
667.9962
667.9954
667.9969
667.9962
667.9954
667.9969
667.9962
667.9954
667.9969
667.9962
667.9954
667.9969
667.9962
667.9954
667.9969
667.9962
667.9954
667.9969
667.9962
667.9954
667.9969
667.9962
667.9954
667.9969
667.9962
667.9954
667.9969
667.9962
667.9954
667.9969
667.9962
667.9954
667.9969
667.9962
667.9954
667.9969
667.9962
667.9954
667.9969
667.9962
667.9954
667.9969
667.9962
667.9954
667.9969
667.9962
667.9954
667.9969
667.9962
667.9954
667.9969
667.9962
667.9954
667.9969
667.9962
667.9954
667.9969
667.9962
667.9954
667.9969
667.9962
667.9954
667.9969
667.9962
667.9954
667.9969
667.9962
667.9954
667.9969
667.9962
667.9954
667.9969
667.9962
667.9954
667.9969
667.9962
667.9954
667.9969
667.9962
667.9954
667.9969
667.9962
667.9954
667.9969
667.9962
667.9954
667.9969
667.9962
667.9954
667.9969
667.9962
667.9954
667.9969
667.9962
667.9954
667.9969
667.9962
667.9954
667.9969
667.9962
667.9954
667.9969
667.9962
667.9954
667.9969
667.9962
667.9954
667.9969
667.9962
667.9954
667.9969
667.9962
667.9954
667.9969
667.9962
667.9954
667.9969
667.9962
667.9954
667.9969
667.9962
667.9954
667.9969
667.9962
667.9954
667.9969
667.9962
667.9954
667.9969
667.9962
667.9954
667.9969
667.9962
667.9954
667.9969
667.9962
667.9954
667.9969
667.9962
667.9954
667.9969
667.9962
667.9954
667.9969
667.9962
667.9954
667.9969
667.9962
667.9954
667.9969
667.9962
667.9954
667.9969
667.9962
667.9954
667.9969
667.9962
667.9954
667.9969
667.9962
667.9954
667.9969
667.9962
667.9954
667.9969
667.9962
667.9954
667.9969
667.9962
667.9954
667.9969
667.9962
667.9954
667.9969
667.9962
667.9954
667.9969
667.9962
667.9954
667.9969
667.9962
667.9954
667.9969
667.9962
667.9954
667.9969
667.9962
667.9954
667.9969
667.9962
667.9954
667.9969
667.9962
667.9954
667.9969
667.9962
667.9954
667.9969
667.9962
667.9954
667.9969
667.9962
667.9954
667.9969
667.9962
667.9954
667.9969
667.9962
667.9954
667.9969
667.9962
667.9954
667.9969
667.9962
667.9954
667.9969
667.9962
667.9954
667.9969
667.9962
667.9954
667.9969
667.9962
667.9954
667.9969
667.9962
667.9954
667.9969
667.9962
667.9954
667.9969
667.9962
667.9954
667.9969
667.9962
667.9954
667.9969
667.9962
667.9954
667.9969
667.9962
667.9954
667.9969
667.9962
667.9954
667.9969
667.9962
667.9954
667.9969
667.9962
667.9954
667.9969
667.9962
667.9954
667.9969
667.9962
667.9954
667.9969
667.9962
667.9954
667.9969
667.9962
667.9954
667.9969
667.9962
667.9954
667.9969
667.9962
667.9954
667.9969
667.9962
667.9954
667.9969
667.9962
667.9954
667.9969
667.9962
667.9954
667.9969
667.9962
667.9954
667.9969
667.9962
667.9954
667.9969
667.9962
667.9954
667.9969
667.9962
667.9954
667.9969
667.9962
667.9954
667.9969
667.9962
667.9954
667.9969
667.9962
667.9954
667.9969
667.9962
667.9954
667.9969
667.9962
667.9954
667.9969
667.9962
667.9954
667.9969
667.9962
667.9954
667.9969
667.9962
667.9954
667.9969
667.9962
667.9954
667.9969
667.9962
667.9954
667.9969
667.9962
667.9954
667.9969
667.9962
667.9954
667.9969
667.9962
667.9954
667.9969
667.9962
667.9954
667.9969
667.9962
667.9954
667.9969
667.9962
667.9954
667.9969
667.9962
667.9954
667.9969
667.9962
667.9954
667.9969
667.9962
667.9954
667.9969
667.9962
667.9954
667.9969
667.9962
667.9954
667.9969
667.9962
667.9954
667.9969
667.9962
667.9954
667.9969
667.9962
667.9954
667.9969
667.9962
667.9954
667.9969
667.9962
667.9954
667.9969
667.9962
667.9954
667.9969
667.9962
667.9954
667.9969
667.9962
667.9954
667.9969
667.9962
667.9954
667.9969
667.9962
667.9954
667.9969
667.9962
667.9954
667.9969
667.9962
667.9954
667.9969
667.9962
667.9954
667.9969
667.9962
667.9954
667.9969
667.9962
667.9954
667.9969
667.9962
667.9954
667.9969
667.9962
667.9954
667.9969
667.9962
667.9954
667.9969
667.9962
667.9954
667.9969
667.9962
667.9954
667.9969
667.9962
667.9954
667.9969
667.9962
667.9954
667.9969
667.9962
667.9954
667.9969
667.9962
667.9954
667.9969
667.9962
667.9954
667.9969
667.9962
667.9954
667.9969
667.9962
667.9954
667.9969
667.9962
667.9954
667.9969
667.9962
667.9954
667.9969
667.9962
667.9954
667.9969
667.9962
667.9954
667.9969
667.9962
667.9954
667.9969
667.9962
667.9954
667.9969
667.9962
667.9954
667.9969
667.9962
667.9954
667.9969
667.9962
667.9954
667.9969
667.9962
667.9954
667.9969
667.9962
667.9954
667.9969
667.9962
667.9954
667.9969
667.9962
667.9954
667.9969
667.9962
667.9954
667.9969
667.9962
667.9954
667.9969
667.9962
667.9954
667.9969
667.9962
667.9954
667.9969
667.9962
667.9954
667.9969
667.9962
667.9954
667.9969
667.9962
667.9954
667.9969
667.9962
667.9954
667.9969
667.9962
667.9954
667.9969
667.9962
667.9954
667.9969
667.9962
667.9954
667.9969
667.9962
667.9954
667.9969
667.9962
667.9954
667.9969
667.9962
667.9954
667.9969
667.9962
667.9954
667.9969
667.9962
667.9954
667.9969
667.9962
667.9954
667.9969
667.9962
667.9954
667.9969
667.9962
667.9954
667.9969
667.9962
667.9954
667.9969
667.9962
667.9954
667.9969
667.9962
667.9954
667.9969
667.9962
667.9954
667.9969
667.9962
667.9954
667.9969
667.9962
667.9954
667.9969
667.9962
667.9954
667.9969
667.9962
667.9954
667.9969
667.9962
667.9954
667.9969
667.9962
667.9954
667.9969
667.9962
667.9954
667.9969
667.9962
667.9954
667.9969
667.9962
667.9954
667.9969
667.9962
667.9954
667.9969
667.9962
667.9954
667.9969
667.9962
667.9954
667.9969
667.9962
667.9954
667.9969
667.9962
667.9954
667.9969
667.9962
667.9954
667.9969
667.9962
667.9954
667.9969
667.9962
667.9954
667.9969
667.9962
667.9954
667.9969
667.9962
667.9954
667.9969
667.9962
667.9954
667.9969
667.9962
667.9954
667.9969
667.9962
667.9954
667.9969
667.9962
667.9954
667.9969
667.9962
667.9954
667.9969
667.9962
667.9954
667.9969
667.9962
667.9954
667.9969
667.9962
667.9954
667.9969
667.9962
667.9954
667.9969
667.9962
667.9954
667.9969
667.9962
667.9954
667.9969
667.9962
667.9954
667.9969
667.9962
667.9954
667.9969
667.9962
667.9954
667.9969
667.9962
667.9954
667.9969
667.9962
667.9954
667.9969
667.9962
667.9954
667.9969
667.9962
667.9954
667.9969
667.9962
667.9954
667.9969
667.9962
667.9954
667.9969
667.9962
667.9954
667.9969
667.9962
667.9954
667.9969
667.9962
667.9954
667.9969
667.9962
667.9954
667.9969
667.9962
667.9954
667.9969
667.9962
667.9954
667.9969
667.9962
667.9954
667.9969
667.9962
667.9954
667.9969
667.9962
667.9954
667.9969
667.9962
667.9954
667.9969
667.9962
667.9954
667.9969
667.9962
667.9954
667.9969
667.9962
667.9954
667.9969
667.9962
667.9954
667.9969
667.9962
667.9954
667.9969
667.9962
667.9954
667.9969
667.9962
667.9954
667.9969
667.9962
667.9954
667.9969
667.9962
667.9954
667.9969
667.9962
667.9954
667.9969
667.9962
667.9954
667.9969
667.9962
667.9954
667.9969
667.9962
667.9954
667.9969
667.9962
667.9954
667.9969
667.9962
667.9954
667.9969
667.9962
667.9954
667.9969
667.9962
667.9954
667.9969
667.9962
667.9954
667.9969
667.9962
667.9954
667.9969
667.9962
667.9954
667.9969
667.9962
667.9954
667.9969
667.9962
667.9954
667.9969
667.9962
667.9954
667.9969
667.9962
667.9954
667.9969
667.9962
667.9954
667.9969
667.9962
667.9954
667.9969
667.9962
667.9954
667.9969
667.9962
667.9954
667.9969
667.9962
667.9954
667.9969
667.9962
667.9954
667.9969
667.9962
667.9954
667.9969
667.9962
667.9954
667.9969
667.9962
667.9954
667.9969
667.9962
667.9954
667.9969
667.9962
667.9954
667.9969
667.9962
667.9954
667.9969
667.9962
667.9954
667.9969
667.9962
667.9954
667.9969
667.9962
667.9954
667.9969
667.9962
667.9954
667.9969
667.9962
667.9954
667.9969
667.9962
667.9954
667.9969
667.9962
667.9954
667.9969
667.9962
667.9954
667.9969
667.9962
667.9954
667.9969
667.9962
667.9954
667.9969
667.9962
667.9954
667.9969
667.9962
667.9954
667.9969
667.9962
667.9954
667.9969
667.9962
667.9954
667.9969
667.9962
667.9954
667.9969
667.9962
667.9954
667.9969
667.9962
667.9954
667.9969
667.9962
667.9954
667.9969
667.9962
667.9954
667.9969
667.9962
667.9954
667.9969
667.9962
667.9954
667.9969
667.9962
667.9954
667.9969
667.9962
667.9954
667.9969
667.9962
667.9954
667.9969
667.9962
667.9954
667.9969
667.9962
667.9954
667.9969
667.9962
667.9954
667.9969
667.9962
667.9954
667.9969
667.9962
667.9954
667.9969
667.9962
667.9954
667.9969
667.9962
667.9954
667.9969
667.9962
667.9954
667.9969
667.9962
667.9954
667.9969
667.9962
667.9954
667.9969
667.9962
667.9954
667.9969
667.9962
667.9954
667.9969
667.9962
667.9954
667.9969
667.9962
667.9954
667.9969
667.9962
667.9954
667.9969
667.9962
667.9954
667.9969
667.9962
667.9954
667.9969
667.9962
667.9954
667.9969
667.9962
667.9954
667.9969
667.9962
667.9954
667.9969
667.9962
667.9954
667.9969
667.9962
667.9954
667.9969
667.9962
667.9954
667.9969
667.9962
667.9954
667.9969
667.9962
667.9954
667.9969
667.9962
667.9954
667.9969
667.9962
667.9954
667.9969
667.9962
667.9954
667.9969
667.9962
667.9954
667.9969
667.9962
667.9954
667.9969
667.9962
667.9954
667.9969
667.9962
667.9954
667.9969
667.9962
667.9954
667.9969
667.9962
667.9954
667.9969
667.9962
667.9954
667.9969
667.9962
667.9954
667.9969
667.9962
667.9954
667.9969
667.9962
667.9954
667.9969
667.9962
667.9954
667.9969
667.9962
667.9954
667.9969
667.9962
667.9954
667.9969
667.9962
667.9954
667.9969
667.9962
667.9954
667.9969
667.9962
667.9954
667.9969
667.9962
667.9954
667.9969
667.9962
667.9954
667.9969
667.9962
667.9954
667.9969
667.9962
667.9954
667.9969
667.9962
667.9954
667.9969
667.9962
667.9954
667.9969
667.9962
667.9954
667.9969
667.9962
667.9954
667.9969
667.9962
667.9954
667.9969
667.9962
667.9954
667.9969
667.9962
667.9954
667.9969
667.9962
667.9954
667.9969
667.9962
667.9954
667.9969
667.9962
667.9954
667.9969
667.9962
667.9954
667.9969
667.9962
667.9954
667.9969
667.9962
667.9954
667.9969
667.9962
667.9954
667.9969
667.9962
667.9954
667.9969
667.9962
667.9954
667.9969
667.9962
667.9954
667.9969
667.9962
667.9954
667.9969
667.9962
667.9954
667.9969
667.9962
667.9954
667.9969
667.9962
667.9954
667.9969
667.9962
667.9954
667.9969
667.9962
667.9954
667.9969
667.9962
667.9954
667.9969
667.9962
667.9954
667.9969
667.9962
667.9954
667.9969
667.9962
667.9954
667.9969
667.9962
667.9954
667.9969
667.9962
667.9954
667.9969
667.9962
667.9954
667.9969
667.9962
667.9954
667.9969
667.9962
667.9954
667.9969
667.9962
667.9954
667.9969
667.9962
667.9954
667.9969
667.9962
667.9954
667.9969
667.9962
667.9954
667.9969
667.9962
667.9954
667.9969
667.9962
667.9954
667.9969
667.9962
667.9954
667.9969
667.9962
667.9954
667.9969
667.9962
667.9954
667.9969
667.9962
667.9954
667.9969
667.9962
667.9954
667.9969
667.9962
667.9954
667.9969
667.9962
667.9954
667.9969
667.9962
667.9954
667.9969
667.9962
667.9954
667.9969
667.9962
667.9954
667.9969
667.9962
667.9954
667.9969
667.9962
667.9954
667.9969
667.9962
667.9954
667.9969
667.9962
667.9954
667.9969
667.9962
667.9954
667.9969
667.9962
667.9954
667.9969
667.9962
667.9954
667.9969
667.9962
667.9954
667.9969
667.9962
667.9954
667.9969
667.9962
667.9954
667.9969
667.9962
667.9954
667.9969
667.9962
667.9954
667.9969
667.9962
667.9954
667.9969
667.9962
667.9954
667.9969
667.9962
667.9954
667.9969
667.9962
667.9954
667.9969
667.9962
667.9954
667.9969
667.9962
667.9954
667.9969
667.9962
667.9954
667.9969
667.9962
667.9954
667.9969
667.9962
667.9954
667.9969
667.9962
667.9954
667.9969
667.9962
667.9954
667.9969
667.9962
667.9954
667.9969
667.9962
667.9954
667.9969
667.9962
667.9954
667.9969
667.9962
667.9954
667.9969
667.9962
667.9954
667.9969
667.9962
667.9954
667.9969
667.9962
667.9954
667.9969
667.9962
667.9954
667.9969
667.9962
667.9954
667.9969
667.9962
667.9954
667.9969
667.9962
667.9954
667.9969
667.9962
667.9954
667.9969
667.9962
667.9954
667.9969
667.9962
667.9954
667.9969
667.9962
667.9954
667.9969
667.9962
667.9954
667.9969
667.9962
667.9954
667.9969
667.9962
667.9954
667.9969
667.9962
667.9954
667.9969
667.9962
667.9954
667.9969
667.9962
667.9954
667.9969
667.9962
667.9954
667.9969
667.9962
667.9954
667.9969
667.9962
667.9954
667.9969
667.9962
667.9954
667.9969
667.9962
667.9954
667.9969
667.9962
667.9954
667.9969
667.9962
667.9954
667.9969
667.9962
667.9954
667.9969
667.9962
667.9954
667.9969
667.9962
667.9954
667.9969
667.9962
667.9954
667.9969
667.9962
667.9954
667.9969
667.9962
667.9954
667.9969
667.9962
667.9954
667.9969
667.9962
667.9954
667.9969
667.9962
667.9954
667.9969
667.9962
667.9954
667.9969
667.9962
667.9954
667.9969
667.9962
667.9954
667.9969
667.9962
667.9954
667.9969
667.9962
667.9954
667.9969
667.9962
667.9954
667.9969
667.9962
667.9954
667.9969
667.9962
667.9954
667.9969
667.9962
667.9954
667.9969
667.9962
667.9954
667.9969
667.9962
667.9954
667.9969
667.9962
667.9954
667.9969
667.9962
667.9954
667.9969
667.9962
667.9954
667.9969
667.9962
667.9954
667.9969
667.9962
667.9954
667.9969
667.9962
667.9954
667.9969
667.9962
667.9954
667.9969
667.9962
667.9954
667.9969
667.9962
667.9954
667.9969
667.9962
667.9954
667.9969
667.9962
667.9954
667.9969
667.9962
667.9954
667.9969
667.9962
667.9954
667.9969
667.9962
667.9954
667.9969
667.9962
667.9954
667.9969
667.9962
667.9954
667.9969
667.9962
667.9954
667.9969
667.9962
667.9954
667.9969
667.9962
667.9954
667.9969
667.9962
667.9954
667.9969
667.9962
667.9954
667.9969
667.9962
667.9954
667.9969
667.9962
667.9954
667.9969
667.9962
667.9954
667.9969
667.9962
667.9954
667.9969
667.9962
667.9954
667.9969
667.9962
667.9954
667.9969
667.9962
667.9954
667.9969
667.9962
667.9954
667.9969
667.9962
667.9954
667.9969
667.9962
667.9954
667.9969
667.9962
667.9954
667.9969
667.9962
667.9954
667.9969
667.9962
667.9954
667.9969
667.9962
667.9954
667.9969
667.9962
667.9954
667.9969
667.9962
667.9954
667.9969
667.9962
667.9954
667.9969
667.9962
667.9954
667.9969
667.9962
667.9954
667.9969
667.9962
667.9954
667.9969
667.9962
667.9954
667.9969
667.9962
667.9954
667.9969
667.9962
667.9954
667.9969
667.9962
667.9954
667.9969
667.9962
667.9954
667.9969
667.9962
667.9954
667.9969
667.9962
667.9954
667.9969
667.9962
667.9954
667.9969
667.9962
667.9954
667.9969
667.9962
667.9954
667.9969
667.9962
667.9954
667.9969
667.9962
667.9954
667.9969
667.9962
667.9954
667.9969
667.9962
667.9954
667.9969
667.9962
667.9954
667.9969
667.9962
667.9954
667.9969
667.9962
667.9954
667.9969
667.9962
667.9954
667.9969
667.9962
667.9954
667.9969
667.9962
667.9954
667.9969
667.9962
667.9954
667.9969
667.9962
667.9954
667.9969
667.9962
667.9954
667.9969
667.9962
667.9954
667.9969
667.9962
667.9954
667.9969
667.9962
667.9954
667.9969
667.9962
667.9954
667.9969
667.9962
667.9954
667.9969
667.9962
667.9954
667.9969
667.9962
667.9954
667.9969
667.9962
667.9954
667.9969
667.9962
667.9954
667.9969
667.9962
667.9954
667.9969
667.9962
667.9954
667.9969
667.9962
667.9954
667.9969
667.9962
667.9954
667.9969
667.9962
667.9954
667.9969
667.9962
667.9954
667.9969
667.9962
667.9954
667.9969
667.9962
667.9954
667.9969
667.9962
667.9954
667.9969
667.9962
667.9954
667.9969
667.9962
667.9954
667.9969
667.9962
667.9954
667.9969
667.9962
667.9954
667.9969
667.9962
667.9954
667.9969
667.9962
667.9954
667.9969
667.9962
667.9954
667.9969
667.9962
667.9954
667.9969
667.9962
667.9954
667.9969
667.9962
667.9954
667.9969
667.9962
667.9954
667.9969
667.9962
667.9954
667.9969
667.9962
667.9954
667.9969
667.9962
667.9954
667.9969
667.9962
667.9954
667.9969
667.9962
667.9954
667.9969
667.9962
667.9954
667.9969
667.9962
667.9954
667.9969
667.9962
667.9954
667.9969
667.9962
667.9954
667.9969
667.9962
667.9954
667.9969
667.9962
667.9954
667.9969
667.9962
667.9954
667.9969
667.9962
667.9954
667.9969
667.9962
667.9954
667.9969
667.9962
667.9954
667.9969
667.9962
667.9954
667.9969
667.9962
667.9954
667.9969
667.9962
667.9954
667.9992
667.9985
667.9977
667.9992
667.9985
667.9977
667.9992
667.9985
667.9977
667.9992
667.9985
667.9977
667.9992
667.9985
667.9977
667.9992
667.9985
667.9977
667.9992
667.9985
667.9977
667.9992
667.9985
667.9977
667.9992
667.9985
667.9977
667.9992
667.9985
667.9977
667.9992
667.9985
667.9977
667.9992
667.9985
667.9977
667.9992
667.9985
667.9977
667.9992
667.9985
667.9977
667.9992
667.9985
667.9977
667.9992
667.9985
667.9977
667.9992
667.9985
667.9977
667.9992
667.9985
667.9977
667.9992
667.9985
667.9977
667.9992
667.9985
667.9977
667.9992
667.9985
667.9977
667.9992
667.9985
667.9977
667.9992
667.9985
667.9977
667.9992
667.9985
667.9977
667.9992
667.9985
667.9977
667.9992
667.9985
667.9977
667.9992
667.9985
667.9977
667.9992
667.9985
667.9977
667.9992
667.9985
667.9977
667.9992
667.9985
667.9977
667.9992
667.9985
667.9977
667.9992
667.9985
667.9977
667.9992
667.9985
667.9977
667.9992
667.9985
667.9977
667.9992
667.9985
667.9977
667.9992
667.9985
667.9977
667.9992
667.9985
667.9977
667.9992
667.9985
667.9977
667.9992
667.9985
667.9977
667.9992
667.9985
667.9977
667.9992
667.9985
667.9977
667.9992
667.9985
667.9977
667.9992
667.9985
667.9977
667.9992
667.9985
667.9977
667.9992
667.9985
667.9977
667.9992
667.9985
667.9977
667.9992
667.9985
667.9977
667.9992
667.9985
667.9977
667.9992
667.9985
667.9977
667.9992
667.9985
667.9977
667.9992
667.9985
667.9977
667.9992
667.9985
667.9977
667.9992
667.9985
667.9977
667.9992
667.9985
667.9977
667.9992
667.9985
667.9977
667.9992
667.9985
667.9977
667.9992
667.9985
667.9977
667.9992
667.9985
667.9977
667.9992
667.9985
667.9977
667.9992
667.9985
667.9977
667.9992
667.9985
667.9977
667.9992
667.9985
667.9977
667.9992
667.9985
667.9977
667.9992
667.9985
667.9977
667.9992
667.9985
667.9977
667.9992
667.9985
667.9977
667.9992
667.9985
667.9977
667.9992
667.9985
667.9977
667.9992
667.9985
667.9977
667.9992
667.9985
667.9977
667.9992
667.9985
667.9977
667.9992
667.9985
667.9977
667.9992
667.9985
667.9977
667.9992
667.9985
667.9977
667.9992
667.9985
667.9977
667.9992
667.9985
667.9977
667.9992
667.9985
667.9977
667.9992
667.9985
667.9977
667.9992
667.9985
667.9977
667.9992
667.9985
667.9977
667.9992
667.9985
667.9977
667.9992
667.9985
667.9977
667.9992
667.9985
667.9977
667.9992
667.9985
667.9977
667.9992
667.9985
667.9977
667.9992
667.9985
667.9977
667.9992
667.9985
667.9977
667.9992
667.9985
667.9977
667.9992
667.9985
667.9977
667.9992
667.9985
667.9977
667.9992
667.9985
667.9977
667.9992
667.9985
667.9977
667.9992
667.9985
667.9977
667.9992
667.9985
667.9977
667.9992
667.9985
667.9977
667.9992
667.9985
667.9977
667.9992
667.9985
667.9977
667.9992
667.9985
667.9977
667.9992
667.9985
667.9977
667.9992
667.9985
667.9977
667.9992
667.9985
667.9977
667.9992
667.9985
667.9977
667.9992
667.9985
667.9977
667.9992
667.9985
667.9977
667.9992
667.9985
667.9977
667.9992
667.9985
667.9977
667.9992
667.9985
667.9977
667.9992
667.9985
667.9977
667.9992
667.9985
667.9977
667.9992
667.9985
667.9977
667.9992
667.9985
667.9977
667.9992
667.9985
667.9977
667.9992
667.9985
667.9977
667.9992
667.9985
667.9977
667.9992
667.9985
667.9977
667.9992
667.9985
667.9977
667.9992
667.9985
667.9977
667.9992
667.9985
667.9977
667.9992
667.9985
667.9977
667.9992
667.9985
667.9977
667.9992
667.9985
667.9977
667.9992
667.9985
667.9977
667.9992
667.9985
667.9977
667.9992
667.9985
667.9977
667.9992
667.9985
667.9977
667.9992
667.9985
667.9977
667.9992
667.9985
667.9977
667.9992
667.9985
667.9977
667.9992
667.9985
667.9977
667.9992
667.9985
667.9977
667.9992
667.9985
667.9977
667.9992
667.9985
667.9977
667.9992
667.9985
667.9977
667.9992
667.9985
667.9977
667.9992
667.9985
667.9977
667.9992
667.9985
667.9977
667.9992
667.9985
667.9977
667.9992
667.9985
667.9977
667.9992
667.9985
667.9977
667.9992
667.9985
667.9977
667.9992
667.9985
667.9977
667.9992
667.9985
667.9977
667.9992
667.9985
667.9977
667.9992
667.9985
667.9977
667.9992
667.9985
667.9977
667.9992
667.9985
667.9977
667.9992
667.9985
667.9977
667.9992
667.9985
667.9977
667.9992
667.9985
667.9977
667.9992
667.9985
667.9977
667.9992
667.9985
667.9977
667.9992
667.9985
667.9977
667.9992
667.9985
667.9977
667.9992
667.9985
667.9977
667.9992
667.9985
667.9977
667.9992
667.9985
667.9977
667.9992
667.9985
667.9977
667.9992
667.9985
667.9977
667.9992
667.9985
667.9977
667.9992
667.9985
667.9977
667.9992
667.9985
667.9977
667.9992
667.9985
667.9977
667.9992
667.9985
667.9977
667.9992
667.9985
667.9977
667.9992
667.9985
667.9977
667.9992
667.9985
667.9977
667.9992
667.9985
667.9977
667.9992
667.9985
667.9977
667.9992
667.9985
667.9977
667.9992
667.9985
667.9977
667.9992
667.9985
667.9977
667.9992
667.9985
667.9977
667.9992
667.9985
667.9977
667.9992
667.9985
667.9977
667.9992
667.9985
667.9977
667.9992
667.9985
667.9977
667.9992
667.9985
667.9977
667.9992
667.9985
667.9977
667.9992
667.9985
667.9977
667.9992
667.9985
667.9977
667.9992
667.9985
667.9977
667.9992
667.9985
667.9977
667.9992
667.9985
667.9977
667.9992
667.9985
667.9977
667.9992
667.9985
667.9977
667.9992
667.9985
667.9977
667.9992
667.9985
667.9977
667.9992
667.9985
667.9977
667.9992
667.9985
667.9977
667.9992
667.9985
667.9977
667.9992
667.9985
667.9977
667.9992
667.9985
667.9977
667.9992
667.9985
667.9977
667.9992
667.9985
667.9977
667.9992
667.9985
667.9977
667.9992
667.9985
667.9977
667.9992
667.9985
667.9977
667.9992
667.9985
667.9977
667.9992
667.9985
667.9977
667.9992
667.9985
667.9977
667.9992
667.9985
667.9977
667.9992
667.9985
667.9977
667.9992
667.9985
667.9977
667.9992
667.9985
667.9977
667.9992
667.9985
667.9977
667.9992
667.9985
667.9977
667.9992
667.9985
667.9977
667.9992
667.9985
667.9977
667.9992
667.9985
667.9977
667.9992
667.9985
667.9977
667.9992
667.9985
667.9977
667.9992
667.9985
667.9977
667.9992
667.9985
667.9977
667.9992
667.9985
667.9977
667.9992
667.9985
667.9977
667.9992
667.9985
667.9977
667.9992
667.9985
667.9977
667.9992
667.9985
667.9977
667.9992
667.9985
667.9977
667.9992
667.9985
667.9977
667.9992
667.9985
667.9977
667.9992
667.9985
667.9977
667.9992
667.9985
667.9977
667.9992
667.9985
667.9977
667.9992
667.9985
667.9977
667.9992
667.9985
667.9977
667.9992
667.9985
667.9977
667.9992
667.9985
667.9977
667.9992
667.9985
667.9977
667.9992
667.9985
667.9977
667.9992
667.9985
667.9977
667.9992
667.9985
667.9977
667.9992
667.9985
667.9977
667.9992
667.9985
667.9977
667.9992
667.9985
667.9977
667.9992
667.9985
667.9977
667.9992
667.9985
667.9977
667.9992
667.9985
667.9977
667.9992
667.9985
667.9977
667.9992
667.9985
667.9977
667.9992
667.9985
667.9977
667.9992
667.9985
667.9977
667.9992
667.9985
667.9977
667.9992
667.9985
667.9977
667.9992
667.9985
667.9977
667.9992
667.9985
667.9977
667.9992
667.9985
667.9977
667.9992
667.9985
667.9977
667.9992
667.9985
667.9977
667.9992
667.9985
667.9977
667.9992
667.9985
667.9977
667.9992
667.9985
667.9977
667.9992
667.9985
667.9977
667.9992
667.9985
667.9977
667.9992
667.9985
667.9977
667.9992
667.9985
667.9977
667.9992
667.9985
667.9977
667.9992
667.9985
667.9977
667.9992
667.9985
667.9977
667.9992
667.9985
667.9977
667.9992
667.9985
667.9977
667.9992
667.9985
667.9977
667.9992
667.9985
667.9977
667.9992
667.9985
667.9977
667.9992
667.9985
667.9977
667.9992
667.9985
667.9977
667.9992
667.9985
667.9977
667.9992
667.9985
667.9977
667.9992
667.9985
667.9977
667.9992
667.9985
667.9977
667.9992
667.9985
667.9977
667.9992
667.9985
667.9977
667.9992
667.9985
667.9977
667.9992
667.9985
667.9977
667.9992
667.9985
667.9977
667.9992
667.9985
667.9977
667.9992
667.9985
667.9977
667.9992
667.9985
667.9977
667.9992
667.9985
667.9977
667.9992
667.9985
667.9977
667.9992
667.9985
667.9977
667.9992
667.9985
667.9977
667.9992
667.9985
667.9977
667.9992
667.9985
667.9977
667.9992
667.9985
667.9977
667.9992
667.9985
667.9977
667.9992
667.9985
667.9977
667.9992
667.9985
667.9977
667.9992
667.9985
667.9977
667.9992
667.9985
667.9977
667.9992
667.9985
667.9977
667.9992
667.9985
667.9977
667.9992
667.9985
667.9977
667.9992
667.9985
667.9977
667.9992
667.9985
667.9977
667.9992
667.9985
667.9977
667.9992
667.9985
667.9977
667.9992
667.9985
667.9977
667.9992
667.9985
667.9977
667.9992
667.9985
667.9977
667.9992
667.9985
667.9977
667.9992
667.9985
667.9977
667.9992
667.9985
667.9977
667.9992
667.9985
667.9977
667.9992
667.9985
667.9977
667.9992
667.9985
667.9977
667.9992
667.9985
667.9977
667.9992
667.9985
667.9977
667.9992
667.9985
667.9977
667.9992
667.9985
667.9977
667.9992
667.9985
667.9977
667.9992
667.9985
667.9977
667.9992
667.9985
667.9977
667.9992
667.9985
667.9977
667.9992
667.9985
667.9977
667.9992
667.9985
667.9977
667.9992
667.9985
667.9977
667.9992
667.9985
667.9977
667.9992
667.9985
667.9977
667.9992
667.9985
667.9977
667.9992
667.9985
667.9977
667.9992
667.9985
667.9977
667.9992
667.9985
667.9977
667.9992
667.9985
667.9977
667.9992
667.9985
667.9977
667.9992
667.9985
667.9977
667.9992
667.9985
667.9977
667.9992
667.9985
667.9977
667.9992
667.9985
667.9977
667.9992
667.9985
667.9977
667.9992
667.9985
667.9977
667.9992
667.9985
667.9977
667.9992
667.9985
667.9977
667.9992
667.9985
667.9977
667.9992
667.9985
667.9977
667.9992
667.9985
667.9977
667.9992
667.9985
667.9977
667.9992
667.9985
667.9977
667.9992
667.9985
667.9977
667.9992
667.9985
667.9977
667.9992
667.9985
667.9977
667.9992
667.9985
667.9977
667.9992
667.9985
667.9977
667.9992
667.9985
667.9977
667.9992
667.9985
667.9977
667.9992
667.9985
667.9977
667.9992
667.9985
667.9977
667.9992
667.9985
667.9977
667.9992
667.9985
667.9977
667.9992
667.9985
667.9977
667.9992
667.9985
667.9977
667.9992
667.9985
667.9977
667.9992
667.9985
667.9977
667.9992
667.9985
667.9977
667.9992
667.9985
667.9977
667.9992
667.9985
667.9977
667.9992
667.9985
667.9977
667.9992
667.9985
667.9977
667.9992
667.9985
667.9977
667.9992
667.9985
667.9977
667.9992
667.9985
667.9977
667.9992
667.9985
667.9977
667.9992
667.9985
667.9977
667.9992
667.9985
667.9977
667.9992
667.9985
667.9977
667.9992
667.9985
667.9977
667.9992
667.9985
667.9977
667.9992
667.9985
667.9977
667.9992
667.9985
667.9977
667.9992
667.9985
667.9977
667.9992
667.9985
667.9977
667.9992
667.9985
667.9977
667.9992
667.9985
667.9977
667.9992
667.9985
667.9977
667.9992
667.9985
667.9977
667.9992
667.9985
667.9977
667.9992
667.9985
667.9977
667.9992
667.9985
667.9977
667.9992
667.9985
667.9977
667.9992
667.9985
667.9977
667.9992
667.9985
667.9977
667.9992
667.9985
667.9977
667.9992
667.9985
667.9977
667.9992
667.9985
667.9977
667.9992
667.9985
667.9977
667.9992
667.9985
667.9977
667.9992
667.9985
667.9977
667.9992
667.9985
667.9977
667.9992
667.9985
667.9977
667.9992
667.9985
667.9977
667.9992
667.9985
667.9977
667.9992
667.9985
667.9977
667.9992
667.9985
667.9977
667.9992
667.9985
667.9977
667.9992
667.9985
667.9977
667.9992
667.9985
667.9977
667.9992
667.9985
667.9977
667.9992
667.9985
667.9977
667.9992
667.9985
667.9977
667.9992
667.9985
667.9977
667.9992
667.9985
667.9977
667.9992
667.9985
667.9977
667.9992
667.9985
667.9977
667.9992
667.9985
667.9977
667.9992
667.9985
667.9977
667.9992
667.9985
667.9977
667.9992
667.9985
667.9977
667.9992
667.9985
667.9977
667.9992
667.9985
667.9977
667.9992
667.9985
667.9977
667.9992
667.9985
667.9977
667.9992
667.9985
667.9977
667.9992
667.9985
667.9977
667.9992
667.9985
667.9977
667.9992
667.9985
667.9977
667.9992
667.9985
667.9977
667.9992
667.9985
667.9977
667.9992
667.9985
667.9977
667.9992
667.9985
667.9977
667.9992
667.9985
667.9977
667.9992
667.9985
667.9977
667.9992
667.9985
667.9977
667.9992
667.9985
667.9977
667.9992
667.9985
667.9977
667.9992
667.9985
667.9977
667.9992
667.9985
667.9977
667.9992
667.9985
667.9977
667.9992
667.9985
667.9977
667.9992
667.9985
667.9977
667.9992
667.9985
667.9977
667.9992
667.9985
667.9977
667.9992
667.9985
667.9977
667.9992
667.9985
667.9977
667.9992
667.9985
667.9977
667.9992
667.9985
667.9977
667.9992
667.9985
667.9977
667.9992
667.9985
667.9977
667.9992
667.9985
667.9977
667.9992
667.9985
667.9977
667.9992
667.9985
667.9977
667.9992
667.9985
667.9977
667.9992
667.9985
667.9977
667.9992
667.9985
667.9977
667.9992
667.9985
667.9977
667.9992
667.9985
667.9977
667.9992
667.9985
667.9977
667.9992
667.9985
667.9977
667.9992
667.9985
667.9977
667.9992
667.9985
667.9977
667.9992
667.9985
667.9977
667.9992
667.9985
667.9977
667.9992
667.9985
667.9977
667.9992
667.9985
667.9977
667.9992
667.9985
667.9977
667.9992
667.9985
667.9977
667.9992
667.9985
667.9977
667.9992
667.9985
667.9977
667.9992
667.9985
667.9977
667.9992
667.9985
667.9977
667.9992
667.9985
667.9977
667.9992
667.9985
667.9977
667.9992
667.9985
667.9977
667.9992
667.9985
667.9977
667.9992
667.9985
667.9977
667.9992
667.9985
667.9977
667.9992
667.9985
667.9977
667.9992
667.9985
667.9977
667.9992
667.9985
667.9977
667.9992
667.9985
667.9977
667.9992
667.9985
667.9977
667.9992
667.9985
667.9977
667.9992
667.9985
667.9977
667.9992
667.9985
667.9977
667.9992
667.9985
667.9977
667.9992
667.9985
667.9977
667.9992
667.9985
667.9977
667.9992
667.9985
667.9977
667.9992
667.9985
667.9977
667.9992
667.9985
667.9977
667.9992
667.9985
667.9977
667.9992
667.9985
667.9977
667.9992
667.9985
667.9977
667.9992
667.9985
667.9977
667.9992
667.9985
667.9977
667.9992
667.9985
667.9977
667.9992
667.9985
667.9977
667.9992
667.9985
667.9977
667.9992
667.9985
667.9977
667.9992
667.9985
667.9977
667.9992
667.9985
667.9977
667.9992
667.9985
667.9977
667.9992
667.9985
667.9977
667.9992
667.9985
667.9977
667.9992
667.9985
667.9977
667.9992
667.9985
667.9977
667.9992
667.9985
667.9977
667.9992
667.9985
667.9977
667.9992
667.9985
667.9977
667.9992
667.9985
667.9977
667.9992
667.9985
667.9977
667.9992
667.9985
667.9977
667.9992
667.9985
667.9977
667.9992
667.9985
667.9977
667.9992
667.9985
667.9977
667.9992
667.9985
667.9977
667.9992
667.9985
667.9977
667.9992
667.9985
667.9977
667.9992
667.9985
667.9977
667.9992
667.9985
667.9977
667.9992
667.9985
667.9977
667.9992
667.9985
667.9977
667.9992
667.9985
667.9977
667.9992
667.9985
667.9977
667.9992
667.9985
667.9977
667.9992
667.9985
667.9977
667.9992
667.9985
667.9977
667.9992
667.9985
667.9977
667.9992
667.9985
667.9977
667.9992
667.9985
667.9977
667.9992
667.9985
667.9977
667.9992
667.9985
667.9977
667.9992
667.9985
667.9977
667.9992
667.9985
667.9977
667.9992
667.9985
667.9977
667.9992
667.9985
667.9977
667.9992
667.9985
667.9977
667.9992
667.9985
667.9977
667.9992
667.9985
667.9977
667.9992
667.9985
667.9977
667.9992
667.9985
667.9977
667.9992
667.9985
667.9977
667.9992
667.9985
667.9977
667.9992
667.9985
667.9977
667.9992
667.9985
667.9977
667.9992
667.9985
667.9977
667.9992
667.9985
667.9977
667.9992
667.9985
667.9977
667.9992
667.9985
667.9977
667.9992
667.9985
667.9977
667.9992
667.9985
667.9977
667.9992
667.9985
667.9977
667.9992
667.9985
667.9977
667.9992
667.9985
667.9977
667.9992
667.9985
667.9977
667.9992
667.9985
667.9977
667.9992
667.9985
667.9977
667.9992
667.9985
667.9977
667.9992
667.9985
667.9977
667.9992
667.9985
667.9977
667.9992
667.9985
667.9977
667.9992
667.9985
667.9977
667.9992
667.9985
667.9977
667.9992
667.9985
667.9977
667.9992
667.9985
667.9977
667.9992
667.9985
667.9977
667.9992
667.9985
667.9977
667.9992
667.9985
667.9977
667.9992
667.9985
667.9977
667.9992
667.9985
667.9977
667.9992
667.9985
667.9977
667.9992
667.9985
667.9977
667.9992
667.9985
667.9977
667.9992
667.9985
667.9977
667.9992
667.9985
667.9977
667.9992
667.9985
667.9977
667.9992
667.9985
667.9977
667.9992
667.9985
667.9977
667.9992
667.9985
667.9977
667.9992
667.9985
667.9977
667.9992
667.9985
667.9977
667.9992
667.9985
667.9977
667.9992
667.9985
667.9977
667.9992
667.9985
667.9977
667.9992
667.9985
667.9977
667.9992
667.9985
667.9977
667.9992
667.9985
667.9977
667.9992
667.9985
667.9977
667.9992
667.9985
667.9977
667.9992
667.9985
667.9977
667.9992
667.9985
667.9977
667.9992
667.9985
667.9977
667.9992
667.9985
667.9977
667.9992
667.9985
667.9977
667.9992
667.9985
667.9977
667.9992
667.9985
667.9977
667.9992
667.9985
667.9977
667.9992
667.9985
667.9977
667.9992
667.9985
667.9977
667.9992
667.9985
667.9977
667.9992
667.9985
667.9977
667.9992
667.9985
667.9977
667.9992
667.9985
667.9977
667.9992
667.9985
667.9977
667.9992
667.9985
667.9977
667.9992
667.9985
667.9977
667.9992
667.9985
667.9977
667.9992
667.9985
667.9977
667.9992
667.9985
667.9977
667.9992
667.9985
667.9977
667.9992
667.9985
667.9977
667.9992
667.9985
667.9977
667.9992
667.9985
667.9977
667.9992
667.9985
667.9977
667.9992
667.9985
667.9977
667.9992
667.9985
667.9977
667.9992
667.9985
667.9977
667.9992
667.9985
667.9977
667.9992
667.9985
667.9977
667.9992
667.9985
667.9977
667.9992
667.9985
667.9977
667.9992
667.9985
667.9977
667.9992
667.9985
667.9977
667.9992
667.9985
667.9977
667.9992
667.9985
667.9977
667.9992
667.9985
667.9977
667.9992
667.9985
667.9977
667.9992
667.9985
667.9977
667.9992
667.9985
667.9977
667.9992
667.9985
667.9977
667.9992
667.9985
667.9977
667.9992
667.9985
667.9977
667.9992
667.9985
667.9977
667.9992
667.9985
667.9977
667.9992
667.9985
667.9977
667.9992
667.9985
667.9977
667.9992
667.9985
667.9977
667.9992
667.9985
667.9977
667.9992
667.9985
667.9977
667.9992
667.9985
667.9977
667.9992
667.9985
667.9977
667.9992
667.9985
667.9977
667.9992
667.9985
667.9977
667.9992
667.9985
667.9977
667.9992
667.9985
667.9977
667.9992
667.9985
667.9977
667.9992
667.9985
667.9977
667.9992
667.9985
667.9977
667.9992
667.9985
667.9977
667.9992
667.9985
667.9977
667.9992
667.9985
667.9977
667.9992
667.9985
667.9977
667.9992
667.9985
667.9977
667.9992
667.9985
667.9977
667.9992
667.9985
667.9977
667.9992
667.9985
667.9977
667.9992
667.9985
667.9977
667.9992
667.9985
667.9977
667.9992
667.9985
667.9977
667.9992
667.9985
667.9977
667.9992
667.9985
667.9977
667.9992
667.9985
667.9977
667.9992
667.9985
667.9977
667.9992
667.9985
667.9977
667.9992
667.9985
667.9977
667.9992
667.9985
667.9977
667.9992
667.9985
667.9977
667.9992
667.9985
667.9977
667.9992
667.9985
667.9977
667.9992
667.9985
667.9977
667.9992
667.9985
667.9977
667.9992
667.9985
667.9977
667.9992
667.9985
667.9977
667.9992
667.9985
667.9977
667.9992
667.9985
667.9977
667.9992
667.9985
667.9977
667.9992
667.9985
667.9977
667.9992
667.9985
667.9977
667.9992
667.9985
667.9977
667.9992
667.9985
667.9977
667.9992
667.9985
667.9977
667.9992
667.9985
667.9977
667.9992
667.9985
667.9977
667.9992
667.9985
667.9977
667.9992
667.9985
667.9977
667.9992
667.9985
667.9977
667.9992
667.9985
667.9977
667.9992
667.9985
667.9977
667.9992
667.9985
667.9977
667.9992
667.9985
667.9977
667.9992
667.9985
667.9977
667.9992
667.9985
667.9977
667.9992
667.9985
667.9977
667.9992
667.9985
667.9977
667.9992
667.9985
667.9977
667.9992
667.9985
667.9977
667.9992
667.9985
667.9977
667.9992
667.9985
667.9977
667.9992
667.9985
667.9977
667.9992
667.9985
667.9977
667.9992
667.9985
667.9977
667.9992
667.9985
667.9977
667.9992
667.9985
667.9977
667.9992
667.9985
667.9977
667.9992
667.9985
667.9977
667.9992
667.9985
667.9977
667.9992
667.9985
667.9977
667.9992
667.9985
667.9977
667.9992
667.9985
667.9977
667.9992
667.9985
667.9977
667.9992
667.9985
667.9977
667.9992
667.9985
667.9977
667.9992
667.9985
667.9977
667.9992
667.9985
667.9977
667.9992
667.9985
667.9977
667.9992
667.9985
667.9977
667.9992
667.9985
667.9977
667.9992
667.9985
667.9977
667.9992
667.9985
667.9977
667.9992
667.9985
667.9977
667.9992
667.9985
667.9977
667.9992
667.9985
667.9977
667.9992
667.9985
667.9977
667.9992
667.9985
667.9977
667.9992
667.9985
667.9977
667.9992
667.9985
667.9977
667.9992
667.9985
667.9977
667.9992
667.9985
667.9977
667.9992
667.9985
667.9977
667.9992
667.9985
667.9977
667.9992
667.9985
667.9977
667.9992
667.9985
667.9977
667.9992
667.9985
667.9977
667.9992
667.9985
667.9977
667.9992
667.9985
667.9977
667.9992
667.9985
667.9977
667.9992
667.9985
667.9977
667.9992
667.9985
667.9977
667.9992
667.9985
667.9977
667.9992
667.9985
667.9977
667.9992
667.9985
667.9977
667.9992
667.9985
667.9977
667.9992
667.9985
667.9977
667.9992
667.9985
667.9977
667.9992
667.9985
667.9977
667.9992
667.9985
667.9977
667.9992
667.9985
667.9977
667.9992
667.9985
667.9977
667.9992
667.9985
667.9977
667.9992
667.9985
667.9977
667.9992
667.9985
667.9977
667.9992
667.9985
667.9977
667.9992
667.9985
667.9977
667.9992
667.9985
667.9977
667.9992
667.9985
667.9977
667.9992
667.9985
667.9977
667.9992
667.9985
667.9977
667.9992
667.9985
667.9977
667.9992
667.9985
667.9977
667.9992
667.9985
667.9977
667.9992
667.9985
667.9977
667.9992
667.9985
667.9977
667.9992
667.9985
667.9977
667.9992
667.9985
667.9977
667.9992
667.9985
667.9977
667.9992
667.9985
667.9977
667.9992
667.9985
667.9977
667.9992
667.9985
667.9977
667.9992
667.9985
667.9977
667.9992
667.9985
667.9977
667.9992
667.9985
667.9977
667.9992
667.9985
667.9977
667.9992
667.9985
667.9977
667.9992
667.9985
667.9977
667.9992
667.9985
667.9977
667.9992
667.9985
667.9977
667.9992
667.9985
667.9977
667.9992
667.9985
667.9977
667.9992
667.9985
667.9977
667.9992
667.9985
667.9977
667.9992
667.9985
667.9977
667.9992
667.9985
667.9977
667.9992
667.9985
667.9977
667.9992
667.9985
667.9977
667.9992
667.9985
667.9977
667.9992
667.9985
667.9977
667.9992
667.9985
667.9977
667.9992
667.9985
667.9977
667.9992
667.9985
667.9977
667.9992
667.9985
667.9977
667.9992
667.9985
667.9977
667.9992
667.9985
667.9977
667.9992
667.9985
667.9977
667.9992
667.9985
667.9977
667.9992
667.9985
667.9977
667.9992
667.9985
667.9977
667.9992
667.9985
667.9977
667.9992
667.9985
667.9977
667.9992
667.9985
667.9977
667.9992
667.9985
667.9977
667.9992
667.9985
667.9977
667.9992
667.9985
667.9977
667.9992
667.9985
667.9977
667.9992
667.9985
667.9977
667.9992
667.9985
667.9977
667.9992
667.9985
667.9977
667.9992
667.9985
667.9977
667.9992
667.9985
667.9977
667.9992
667.9985
667.9977
667.9992
667.9985
667.9977
667.9992
667.9985
667.9977
667.9992
667.9985
667.9977
667.9992
667.9985
667.9977
667.9992
667.9985
667.9977
667.9992
667.9985
667.9977
667.9992
667.9985
667.9977
667.9992
667.9985
667.9977
667.9992
667.9985
667.9977
667.9992
667.9985
667.9977
667.9992
667.9985
667.9977
667.9992
667.9985
667.9977
667.9992
667.9985
667.9977
667.9992
667.9985
667.9977
667.9992
667.9985
667.9977
667.9992
667.9985
667.9977
667.9992
667.9985
667.9977
667.9992
667.9985
667.9977
667.9992
667.9985
667.9977
667.9992
667.9985
667.9977
667.9992
667.9985
667.9977
667.9992
667.9985
667.9977
667.9992
667.9985
667.9977
667.9992
667.9985
667.9977
667.9992
667.9985
667.9977
667.9992
667.9985
667.9977
667.9992
667.9985
667.9977
667.9992
667.9985
667.9977
667.9992
667.9985
667.9977
667.9992
667.9985
667.9977
667.9992
667.9985
667.9977
667.9992
667.9985
667.9977
667.9992
667.9985
667.9977
667.9992
667.9985
667.9977
667.9992
667.9985
667.9977
667.9992
667.9985
667.9977
667.9992
667.9985
667.9977
667.9992
667.9985
667.9977
667.9992
667.9985
667.9977
667.9992
667.9985
667.9977
667.9992
667.9985
667.9977
667.9992
667.9985
667.9977
667.9992
667.9985
667.9977
667.9992
667.9985
667.9977
667.9992
667.9985
667.9977
667.9992
667.9985
667.9977
667.9992
667.9985
667.9977
667.9992
667.9985
667.9977
667.9992
667.9985
667.9977
667.9992
667.9985
667.9977
667.9992
667.9985
667.9977
667.9992
667.9985
667.9977
667.9992
667.9985
667.9977
667.9992
667.9985
667.9977
667.9992
667.9985
667.9977
667.9992
667.9985
667.9977
667.9992
667.9985
667.9977
667.9992
667.9985
667.9977
667.9992
667.9985
667.9977
667.9992
667.9985
667.9977
667.9992
667.9985
667.9977
667.9992
667.9985
667.9977
667.9992
667.9985
667.9977
667.9992
667.9985
667.9977
667.9992
667.9985
667.9977
667.9992
667.9985
667.9977
667.9992
667.9985
667.9977
667.9992
667.9985
667.9977
667.9992
667.9985
667.9977
667.9992
667.9985
667.9977
667.9992
667.9985
667.9977
667.9992
667.9985
667.9977
667.9992
667.9985
667.9977
667.9992
667.9985
667.9977
667.9992
667.9985
667.9977
667.9992
667.9985
667.9977
667.9992
667.9985
667.9977
667.9992
667.9985
667.9977
667.9992
667.9985
667.9977
667.9992
667.9985
667.9977
667.9992
667.9985
667.9977
667.9992
667.9985
667.9977
667.9992
667.9985
667.9977
667.9992
667.9985
667.9977
667.9992
667.9985
667.9977
667.9992
667.9985
667.9977
667.9992
667.9985
667.9977
667.9992
667.9985
667.9977
667.9992
667.9985
667.9977
667.9992
667.9985
667.9977
667.9992
667.9985
667.9977
667.9992
667.9985
667.9977
667.9992
667.9985
667.9977
667.9992
667.9985
667.9977
667.9992
667.9985
667.9977
667.9992
667.9985
667.9977
667.9992
667.9985
667.9977
667.9992
667.9985
667.9977
667.9992
667.9985
667.9977
667.9992
667.9985
667.9977
667.9992
667.9985
667.9977
667.9992
667.9985
667.9977
667.9992
667.9985
667.9977
667.9992
667.9985
667.9977
667.9992
667.9985
667.9977
667.9992
667.9985
667.9977
667.9992
667.9985
667.9977
667.9992
667.9985
667.9977
667.9992
667.9985
667.9977
667.9992
667.9985
667.9977
667.9992
667.9985
667.9977
667.9992
667.9985
667.9977
667.9992
667.9985
667.9977
667.9992
667.9985
667.9977
667.9992
667.9985
667.9977
667.9992
667.9985
667.9977
667.9992
667.9985
667.9977
667.9992
667.9985
667.9977
667.9992
667.9985
667.9977
667.9992
667.9985
667.9977
667.9992
667.9985
667.9977
667.9992
667.9985
667.9977
667.9992
667.9985
667.9977
667.9992
667.9985
667.9977
667.9992
667.9985
667.9977
667.9992
667.9985
667.9977
667.9992
667.9985
667.9977
667.9992
667.9985
667.9977
667.9992
667.9985
667.9977
667.9992
667.9985
667.9977
667.9992
667.9985
667.9977
667.9992
667.9985
667.9977
667.9992
667.9985
667.9977
667.9992
667.9985
667.9977
667.9992
667.9985
667.9977
667.9992
667.9985
667.9977
667.9992
667.9985
667.9977
667.9992
667.9985
667.9977
667.9992
667.9985
667.9977
667.9992
667.9985
667.9977
667.9992
667.9985
667.9977
667.9992
667.9985
667.9977
667.9992
667.9985
667.9977
667.9992
667.9985
667.9977
667.9992
667.9985
667.9977
667.9992
667.9985
667.9977
667.9992
667.9985
667.9977
667.9992
667.9985
667.9977
667.9992
667.9985
667.9977
667.9992
667.9985
667.9977
667.9992
667.9985
667.9977
667.9992
667.9985
667.9977
667.9992
667.9985
667.9977
667.9992
667.9985
667.9977
667.9992
667.9985
667.9977
667.9992
667.9985
667.9977
667.9992
667.9985
667.9977
667.9992
667.9985
667.9977
667.9992
667.9985
667.9977
667.9992
667.9985
667.9977
667.9992
667.9985
667.9977
667.9992
667.9985
667.9977
667.9992
667.9985
667.9977
667.9992
667.9985
667.9977
667.9992
667.9985
667.9977
667.9992
667.9985
667.9977
667.9992
667.9985
667.9977
667.9992
667.9985
667.9977
667.9992
667.9985
667.9977
667.9992
667.9985
667.9977
667.9992
667.9985
667.9977
667.9992
667.9985
667.9977
667.9992
667.9985
667.9977
667.9992
667.9985
667.9977
667.9992
667.9985
667.9977
667.9992
667.9985
667.9977
667.9992
667.9985
667.9977
667.9992
667.9985
667.9977
667.9992
667.9985
667.9977
667.9992
667.9985
667.9977
667.9992
667.9985
667.9977
667.9992
667.9985
667.9977
667.9992
667.9985
667.9977
667.9992
667.9985
667.9977
667.9992
667.9985
667.9977
667.9992
667.9985
667.9977
667.9992
667.9985
667.9977
667.9992
667.9985
667.9977
667.9992
667.9985
667.9977
667.9992
667.9985
667.9977
667.9992
667.9985
667.9977
667.9992
667.9985
667.9977
667.9992
667.9985
667.9977
667.9992
667.9985
667.9977
667.9992
667.9985
667.9977
667.9992
667.9985
667.9977
667.9992
667.9985
667.9977
667.9992
667.9985
667.9977
667.9992
667.9985
667.9977
667.9992
667.9985
667.9977
667.9992
667.9985
667.9977
667.9992
667.9985
667.9977
667.9992
667.9985
667.9977
667.9992
667.9985
667.9977
667.9992
667.9985
667.9977
667.9992
667.9985
667.9977
667.9992
667.9985
667.9977
667.9992
667.9985
667.9977
667.9992
667.9985
667.9977
667.9992
667.9985
667.9977
667.9992
667.9985
667.9977
667.9992
667.9985
667.9977
667.9992
667.9985
667.9977
667.9992
667.9985
667.9977
667.9992
667.9985
667.9977
667.9992
667.9985
667.9977
)
;

boundaryField
{
    top
    {
        type            zeroGradient;
    }
    bottom
    {
        type            zeroGradient;
    }
    defaultFaces
    {
        type            zeroGradient;
    }
}


// ************************************************************************* //
