/*--------------------------------*- C++ -*----------------------------------*\
| =========                 |                                                 |
| \\      /  F ield         | OpenFOAM: The Open Source CFD Toolbox           |
|  \\    /   O peration     | Version:  2412                                  |
|   \\  /    A nd           | Website:  www.openfoam.com                      |
|    \\/     M anipulation  |                                                 |
\*---------------------------------------------------------------------------*/
FoamFile
{
    version     2.0;
    format      ascii;
    arch        "LSB;label=32;scalar=64";
    class       volScalarField;
    location    "200/fluidRegion";
    object      powerDensityStructure;
}
// * * * * * * * * * * * * * * * * * * * * * * * * * * * * * * * * * * * * * //

dimensions      [1 -1 -3 0 0 0 0];

internalField   nonuniform List<scalar> 
23322
(
0
0
0
0
0
0
0
0
0
0
0
0
0
0
0
0
0
0
0
0
0
0
0
0
0
0
0
0
0
0
0
0
0
0
0
0
0
0
0
0
0
0
0
0
0
0
0
0
0
0
0
0
0
0
0
0
0
0
0
0
0
0
0
0
0
0
0
0
0
0
0
0
0
0
0
0
0
0
0
0
0
0
0
0
0
0
0
0
0
0
0
0
0
0
0
0
0
0
0
0
0
0
0
0
0
0
0
0
0
0
0
0
0
0
0
0
0
0
0
0
0
0
0
0
0
0
0
0
0
0
0
0
0
0
0
0
0
0
0
0
0
0
0
0
0
0
0
0
0
0
0
0
0
0
0
0
0
0
0
0
0
0
0
0
0
0
0
0
0
0
0
0
0
0
0
0
0
0
0
0
0
0
0
0
0
0
0
0
0
0
0
0
0
0
0
0
0
0
0
0
0
0
0
0
0
0
0
0
0
0
0
0
0
0
0
0
0
0
0
0
0
0
0
0
0
0
0
0
0
0
0
0
0
0
0
0
0
0
0
0
0
0
0
0
0
0
0
0
0
0
0
0
0
0
0
0
0
0
0
0
0
0
0
0
0
0
0
0
0
0
0
0
0
0
0
0
0
0
0
0
0
0
0
0
0
0
0
0
0
0
0
0
0
0
0
0
0
0
0
0
0
0
0
0
0
0
0
0
0
0
0
0
0
0
0
0
0
0
0
0
0
0
0
0
0
0
0
0
0
0
0
0
0
0
0
0
0
0
0
0
0
0
0
0
0
0
0
0
0
0
0
0
0
0
0
0
0
0
0
0
0
0
0
0
0
0
0
0
0
0
0
0
0
0
0
0
0
0
0
0
0
0
0
0
0
0
0
0
0
0
0
0
0
0
0
0
0
0
0
0
0
0
0
0
0
0
0
0
0
0
0
0
0
0
0
0
0
0
0
0
0
0
0
0
0
0
0
0
0
0
0
0
0
0
0
0
0
0
0
0
0
0
0
0
0
0
0
0
0
0
0
0
0
0
0
0
0
0
0
0
0
0
0
0
0
0
0
0
0
0
0
0
0
0
0
0
0
0
0
0
0
0
0
0
0
0
0
0
0
0
0
0
0
0
0
0
0
0
0
0
0
0
0
0
0
0
0
0
0
0
0
0
0
0
0
0
0
0
0
0
0
0
0
0
0
0
0
0
0
0
0
0
0
0
0
0
0
0
0
0
0
0
0
0
0
0
0
0
0
0
0
0
0
0
0
0
0
0
0
0
0
0
0
0
0
0
0
0
0
0
0
0
0
0
0
0
0
0
0
0
0
0
0
0
0
0
0
0
0
0
0
0
0
0
0
0
0
0
0
0
0
0
0
0
0
0
0
0
0
0
0
0
0
0
0
0
0
0
0
0
0
0
0
0
0
0
0
0
0
0
0
0
0
0
0
0
0
0
0
0
0
0
0
0
0
0
0
0
0
0
0
0
0
0
0
0
0
0
0
0
0
0
0
0
0
0
0
0
0
0
0
0
0
0
0
0
0
0
0
0
0
0
0
0
0
0
0
0
0
0
0
0
0
0
0
0
0
0
0
0
0
0
0
0
0
0
0
0
0
0
0
0
0
0
0
0
0
0
0
0
0
0
0
0
0
0
0
0
0
0
0
0
0
0
0
0
0
0
0
0
0
0
0
0
0
0
0
0
0
0
0
0
0
0
0
0
0
0
0
0
0
0
0
0
0
0
0
0
0
0
0
0
0
0
0
0
0
0
0
0
0
0
0
0
0
0
0
0
0
0
0
0
0
0
0
0
0
0
0
0
0
0
0
0
0
0
0
0
0
0
0
0
0
0
0
0
0
0
0
0
0
0
0
0
0
0
0
0
0
0
0
0
0
0
0
0
0
0
0
0
0
0
0
0
0
0
0
0
0
0
0
0
0
0
0
0
0
0
0
0
0
0
0
0
0
0
0
0
0
0
0
0
0
0
0
0
0
0
0
0
0
0
0
0
0
0
0
0
0
0
0
0
0
0
0
0
0
0
0
0
0
0
0
0
0
0
0
0
0
0
0
0
0
0
0
0
0
0
0
0
0
0
0
0
0
0
0
0
0
0
0
0
0
0
0
0
0
0
0
0
0
0
0
0
0
0
0
0
0
0
0
0
0
0
0
0
0
0
0
0
0
0
0
0
0
0
0
0
0
0
0
0
0
0
0
0
0
0
0
0
0
0
0
0
0
0
0
0
0
0
0
0
0
0
0
0
0
0
0
0
0
0
0
0
0
0
0
0
0
0
0
0
0
0
0
0
0
0
0
0
0
0
0
0
0
0
0
0
0
0
0
0
0
0
0
0
0
0
0
0
0
0
0
0
0
0
0
0
0
0
0
0
0
0
0
0
0
0
0
0
0
0
0
0
0
0
0
0
0
0
0
0
0
0
0
0
0
0
0
0
0
0
0
0
0
0
0
0
0
0
0
0
0
0
0
0
0
0
0
0
0
0
0
0
0
0
0
0
0
0
0
0
0
0
0
0
0
0
0
0
0
0
0
0
0
0
0
0
0
0
0
0
0
0
0
0
0
0
0
0
0
0
0
0
0
0
0
0
0
0
0
0
0
0
0
0
0
0
0
0
0
0
0
0
0
0
0
0
0
0
0
0
0
0
0
0
0
0
0
0
0
0
0
0
0
0
0
0
0
0
0
0
0
0
0
0
0
0
0
0
0
0
0
0
0
0
0
0
0
0
0
0
0
0
0
0
0
0
0
0
0
0
0
0
0
0
0
0
0
0
0
0
0
0
0
0
0
0
0
0
0
0
0
0
0
0
0
0
0
0
0
0
0
0
0
0
0
0
0
0
0
0
0
0
0
0
0
0
0
0
0
0
0
0
0
0
0
0
0
0
0
0
0
0
0
0
0
0
0
0
0
0
0
0
0
0
0
0
0
0
0
0
0
0
0
0
0
0
0
0
0
0
0
0
0
0
0
0
0
0
0
0
0
0
0
0
0
0
0
0
0
0
0
0
0
0
0
0
0
0
0
0
0
0
0
0
0
0
0
0
0
0
0
0
0
0
0
0
0
0
0
0
0
0
0
0
0
0
0
0
0
0
0
0
0
0
0
0
0
0
0
0
0
0
0
0
0
0
0
0
0
0
0
0
0
0
0
0
0
0
0
0
0
0
0
0
0
0
0
0
0
0
0
0
0
0
0
0
0
0
0
0
0
0
0
0
0
0
0
0
0
0
0
0
0
0
0
0
0
0
0
0
0
0
0
0
0
0
0
0
0
0
0
0
0
0
0
0
0
0
0
0
0
0
0
0
0
0
0
0
0
0
0
0
0
0
0
0
0
0
0
0
0
0
0
0
0
0
0
0
0
0
0
0
0
0
0
0
0
0
0
0
0
0
0
0
0
0
0
0
0
0
0
0
0
0
0
0
0
0
0
0
0
0
0
0
0
0
0
0
0
0
0
0
0
0
0
0
0
0
0
0
0
0
0
0
0
0
0
0
0
0
0
0
0
0
0
0
0
0
0
0
0
0
0
0
0
0
0
0
0
0
0
0
0
0
0
0
0
0
0
0
0
0
0
0
0
0
0
0
0
0
0
0
0
0
0
0
0
0
0
0
0
0
0
0
0
0
0
0
0
0
0
0
0
0
0
0
0
0
0
0
0
0
0
0
0
0
0
0
0
0
0
0
0
0
0
0
0
0
0
0
0
0
0
0
0
0
0
0
0
0
0
0
0
0
0
0
0
0
0
0
0
0
0
0
0
0
0
0
0
0
0
0
0
0
0
0
0
0
0
0
0
0
0
0
0
0
0
0
0
0
0
0
0
0
0
0
0
0
0
0
0
0
0
0
0
0
0
0
0
0
0
0
0
0
0
0
0
0
0
0
0
0
0
0
0
0
0
0
0
0
0
0
0
0
0
0
0
0
0
0
0
0
0
0
0
0
0
0
0
0
0
0
0
0
0
0
0
0
0
0
0
0
0
0
0
0
0
0
0
0
0
0
0
0
0
0
0
0
0
0
0
0
0
0
0
0
0
0
0
0
0
0
0
0
0
0
0
0
0
0
0
0
0
0
0
0
0
0
0
0
0
0
0
0
0
0
0
0
0
0
0
0
0
0
0
0
0
0
0
0
0
0
0
0
0
0
0
0
0
0
0
0
0
0
0
0
0
0
0
0
0
0
0
0
0
0
0
0
0
0
0
0
0
0
0
0
0
0
0
0
0
0
0
0
0
0
0
0
0
0
0
0
0
0
0
0
0
0
0
0
0
0
0
0
0
0
0
0
0
0
0
0
0
0
0
0
0
0
0
0
0
0
0
0
0
0
0
0
0
0
0
0
0
0
0
0
0
0
0
0
0
0
0
0
0
0
0
0
0
0
0
0
0
0
0
0
0
0
0
0
0
0
0
0
0
0
0
0
0
0
0
0
0
0
0
0
0
0
0
0
0
0
0
0
0
0
0
0
0
0
0
0
0
0
0
0
0
0
0
0
0
0
0
0
0
0
0
0
0
0
0
0
0
0
0
0
0
0
0
0
0
0
0
0
0
0
0
0
0
0
0
0
0
0
0
0
0
0
0
0
0
0
0
0
0
0
0
0
0
0
0
0
0
0
0
0
0
0
0
0
0
0
0
0
0
0
0
0
0
0
0
0
0
0
0
0
0
0
0
0
0
0
0
0
0
0
0
0
0
0
0
0
0
0
0
0
0
0
0
0
0
0
0
0
0
0
0
0
0
0
0
0
0
0
0
0
0
0
0
0
0
0
0
0
0
0
0
0
0
0
0
0
0
0
0
0
0
0
0
0
0
0
0
0
0
0
0
0
0
0
0
0
0
0
0
0
0
0
0
0
0
0
0
0
0
0
0
0
0
0
0
0
0
0
0
0
0
0
0
0
0
0
0
0
0
0
0
0
0
0
0
0
0
0
0
0
0
0
0
0
0
0
0
0
0
0
0
0
0
0
0
0
0
0
0
0
0
0
0
0
0
0
0
0
0
0
0
0
0
0
0
0
0
0
0
0
0
0
0
0
0
0
0
0
0
0
0
0
0
0
0
0
0
0
0
0
0
0
0
0
0
0
0
0
0
0
0
0
0
0
0
0
0
0
0
0
0
0
0
0
0
0
0
0
0
0
0
0
0
0
0
0
0
0
0
0
0
0
0
0
0
0
0
0
0
0
0
0
0
0
0
0
0
0
0
0
0
0
0
0
0
0
0
0
0
0
0
0
0
0
0
0
0
0
0
0
0
0
0
0
0
0
0
0
0
0
0
0
0
0
0
0
0
0
0
0
0
0
0
0
0
0
0
0
0
0
0
0
0
0
0
0
0
0
0
0
0
0
0
0
0
0
0
0
0
0
0
0
0
0
0
0
0
0
0
0
0
0
0
0
0
0
0
0
0
0
0
0
0
0
0
0
0
0
0
0
0
0
0
0
0
0
0
0
0
0
0
0
0
0
0
0
0
0
0
0
0
0
0
0
0
0
0
0
0
0
0
0
0
0
0
0
0
0
0
0
0
0
0
0
0
0
0
0
0
0
0
0
0
0
0
0
0
0
0
0
0
0
0
0
0
0
0
0
0
0
0
0
0
0
0
0
0
0
0
0
0
0
0
0
0
0
0
0
0
0
0
0
0
0
0
0
0
0
0
0
0
0
0
0
0
0
0
0
0
0
0
0
0
0
0
0
0
0
0
0
0
0
0
0
0
0
0
0
0
0
0
0
0
0
0
0
0
0
0
0
0
0
0
0
0
0
0
0
0
0
0
0
0
0
0
0
0
0
0
0
0
0
0
0
0
0
0
0
0
0
0
0
0
0
0
0
0
0
0
0
0
0
0
0
0
0
0
0
0
0
0
0
0
0
0
0
0
0
0
0
0
0
0
0
0
0
0
0
0
0
0
0
0
0
0
0
0
0
0
0
0
0
0
0
0
0
0
0
0
0
0
0
0
0
0
0
0
0
0
0
0
0
0
0
0
0
0
0
0
0
0
0
0
0
0
0
0
0
0
0
0
0
0
0
0
0
0
0
0
0
0
0
0
0
0
0
0
0
0
0
0
0
0
0
0
0
0
0
0
0
0
0
0
0
0
0
0
0
0
0
0
0
0
0
0
0
0
0
0
0
0
0
0
0
0
0
0
0
0
0
0
0
0
0
0
0
0
0
0
0
0
0
0
0
0
0
0
0
0
0
0
0
0
0
0
0
0
0
0
0
0
0
0
0
0
0
0
0
0
0
0
0
0
0
0
0
0
0
0
0
0
0
0
0
0
0
0
0
0
0
0
0
0
0
0
0
0
0
0
0
0
0
0
0
0
0
0
0
0
0
0
0
0
0
0
0
0
0
0
0
0
0
0
0
0
0
0
0
0
0
0
0
0
0
0
0
0
0
0
0
0
0
0
0
0
0
0
0
0
0
0
0
0
0
0
0
0
0
0
0
0
0
0
0
0
0
0
0
0
0
0
0
0
0
0
0
0
0
0
0
0
0
0
0
0
0
0
0
0
0
0
0
0
0
0
0
0
0
0
0
0
0
0
0
0
0
0
0
0
0
0
0
0
0
0
0
0
0
0
0
0
0
0
0
0
0
0
0
0
0
0
0
0
0
0
0
0
0
0
0
0
0
0
0
0
0
0
0
0
0
0
0
0
0
0
0
0
0
0
0
0
0
0
0
0
0
0
0
0
0
0
0
0
0
0
0
0
0
0
0
0
0
0
0
0
0
0
0
0
0
0
0
0
0
0
0
0
0
0
0
0
0
0
0
0
0
0
0
0
0
0
0
0
0
0
0
0
0
0
0
0
0
0
0
0
0
0
0
0
0
0
0
0
0
0
0
0
0
0
0
0
0
0
0
0
0
0
0
0
0
0
0
0
0
0
0
0
0
0
0
0
0
0
0
0
0
0
0
0
0
0
0
0
0
0
0
0
0
0
0
0
0
0
0
0
0
0
0
0
0
0
0
0
0
0
0
0
0
0
0
0
0
0
0
0
0
0
0
0
0
0
0
0
0
0
0
0
0
0
0
0
0
0
0
0
0
0
0
0
0
0
0
0
0
0
0
0
0
0
0
0
0
0
0
0
0
0
0
0
0
0
0
0
0
0
0
0
0
0
0
0
0
0
0
0
0
0
0
0
0
0
0
0
0
0
0
0
0
0
0
0
0
0
0
0
0
0
0
0
0
0
0
0
0
0
0
0
0
0
0
0
0
0
0
0
0
0
0
0
0
0
0
0
0
0
0
0
0
0
0
0
0
0
0
0
0
0
0
0
0
0
0
0
0
0
0
0
0
0
0
0
0
0
0
0
0
0
0
0
0
0
0
0
0
0
0
0
0
0
0
0
0
0
0
0
0
0
0
0
0
0
0
0
0
0
0
0
0
0
0
0
0
0
0
0
0
0
0
0
0
0
0
0
0
0
0
0
0
0
0
0
0
0
0
0
0
0
0
0
0
0
0
0
0
0
0
0
0
0
0
0
0
0
0
0
0
0
0
0
0
0
0
0
0
0
0
0
0
0
0
0
0
0
0
0
0
0
0
0
0
0
0
0
0
0
0
0
0
0
0
0
0
0
0
0
0
0
0
0
0
0
0
0
0
0
0
0
0
0
0
0
0
0
0
0
0
0
0
0
0
0
0
0
0
0
0
0
0
0
0
0
0
0
0
0
0
0
0
0
0
0
0
0
0
0
0
0
0
0
0
0
0
0
0
0
0
0
0
0
0
0
0
0
0
0
0
0
0
0
0
0
0
0
0
0
0
0
0
0
0
0
0
0
0
0
0
0
0
0
0
0
0
0
0
0
0
0
0
0
0
0
0
0
0
0
0
0
0
0
0
0
0
0
0
0
0
0
0
0
0
0
0
0
0
0
0
0
0
0
0
0
0
0
0
0
0
0
0
0
0
0
0
0
0
0
0
0
0
0
0
0
0
0
0
0
0
0
0
0
0
0
0
0
0
0
0
0
0
0
0
0
0
0
0
0
0
0
0
0
0
0
0
0
0
0
0
0
0
0
0
0
0
0
0
0
0
0
0
0
0
0
0
0
0
0
0
0
0
0
0
0
0
0
0
0
0
0
0
0
0
0
0
0
0
0
0
0
0
0
0
0
0
0
0
0
0
0
0
0
0
0
0
0
0
0
0
0
0
0
0
0
0
0
0
0
0
0
0
0
0
0
0
0
0
0
0
0
0
0
0
0
0
0
0
0
0
0
0
0
0
0
0
0
0
0
0
0
0
0
0
0
0
0
0
0
0
0
0
0
0
0
0
0
0
0
0
0
0
0
0
0
0
0
0
0
0
0
0
0
0
0
0
0
0
0
0
0
0
0
0
0
0
0
0
0
0
0
0
0
0
0
0
0
0
0
0
0
0
0
0
0
0
0
0
0
0
0
0
0
0
0
0
0
0
0
0
0
0
0
0
0
0
0
0
0
0
0
0
0
0
0
0
0
0
0
0
0
0
0
0
0
0
0
0
0
0
0
0
0
0
0
0
0
0
0
0
0
0
0
0
0
0
0
0
0
0
0
0
0
0
0
0
0
0
0
0
0
0
0
0
0
0
0
0
0
0
0
0
0
0
0
0
0
0
0
0
0
0
0
0
0
0
0
0
0
0
0
0
0
0
0
0
0
0
0
0
0
0
0
0
0
0
0
0
0
0
0
0
0
0
0
0
0
0
0
0
0
0
0
0
0
0
0
0
0
0
0
0
0
0
0
0
0
0
0
0
0
0
0
0
0
0
0
0
0
0
0
0
0
0
0
0
0
0
0
0
0
0
0
0
0
0
0
0
0
0
0
0
0
0
0
0
0
0
0
0
0
0
0
0
0
0
0
0
0
0
0
0
0
0
0
0
0
0
0
0
0
0
0
0
0
0
0
0
0
0
0
0
0
0
0
0
0
0
0
0
0
0
0
0
0
0
0
0
0
0
0
0
0
0
0
0
0
0
0
0
0
0
0
0
0
0
0
0
0
0
0
0
0
0
0
0
0
0
0
0
0
0
0
0
0
0
0
0
0
0
0
0
0
0
0
0
0
0
0
0
0
0
0
0
0
0
0
0
0
0
0
0
0
0
0
0
0
0
0
0
0
0
0
0
0
0
0
0
0
0
0
0
0
0
0
0
0
0
0
0
0
0
0
0
0
0
0
0
0
0
0
0
0
0
0
0
0
0
0
0
0
0
0
0
0
0
0
0
0
0
0
0
0
0
0
0
0
0
0
0
0
0
0
0
0
0
0
0
0
0
0
0
0
0
0
0
0
0
0
0
0
0
4.505164e+08
5.728988e+08
6.63796e+08
7.202516e+08
7.404074e+08
7.237709e+08
6.712961e+08
5.853455e+08
4.695098e+08
3.292118e+08
4.505163e+08
5.728987e+08
6.637959e+08
7.202515e+08
7.404073e+08
7.237708e+08
6.71296e+08
5.853453e+08
4.695097e+08
3.292117e+08
4.395146e+08
5.548835e+08
6.419734e+08
6.966981e+08
7.167473e+08
7.01502e+08
6.519582e+08
5.707746e+08
4.623875e+08
3.330201e+08
4.479289e+08
5.680635e+08
6.5782e+08
7.138792e+08
7.341847e+08
7.181829e+08
6.668558e+08
5.827101e+08
4.69618e+08
3.327483e+08
4.479289e+08
5.680635e+08
6.578199e+08
7.138791e+08
7.341846e+08
7.181828e+08
6.668556e+08
5.827099e+08
4.696179e+08
3.327483e+08
4.495644e+08
5.718435e+08
6.625802e+08
7.189068e+08
7.390022e+08
7.223706e+08
6.699356e+08
5.839934e+08
4.680181e+08
3.273037e+08
4.505164e+08
5.728989e+08
6.637961e+08
7.202517e+08
7.404075e+08
7.23771e+08
6.712961e+08
5.853455e+08
4.695098e+08
3.292118e+08
4.395146e+08
5.548837e+08
6.419736e+08
6.966983e+08
7.167476e+08
7.015023e+08
6.519585e+08
5.707748e+08
4.623878e+08
3.330203e+08
4.47929e+08
5.680636e+08
6.5782e+08
7.138792e+08
7.341848e+08
7.18183e+08
6.668558e+08
5.827101e+08
4.696181e+08
3.327484e+08
4.495646e+08
5.718436e+08
6.625803e+08
7.189069e+08
7.390023e+08
7.223707e+08
6.699356e+08
5.839934e+08
4.680181e+08
3.273036e+08
4.47929e+08
5.680637e+08
6.578201e+08
7.138792e+08
7.341848e+08
7.181829e+08
6.668557e+08
5.827101e+08
4.69618e+08
3.327483e+08
4.505165e+08
5.728989e+08
6.637962e+08
7.202517e+08
7.404075e+08
7.23771e+08
6.712961e+08
5.853455e+08
4.695098e+08
3.292117e+08
4.395147e+08
5.548838e+08
6.419738e+08
6.966985e+08
7.167478e+08
7.015026e+08
6.519588e+08
5.707752e+08
4.623881e+08
3.330205e+08
4.479291e+08
5.680638e+08
6.578202e+08
7.138793e+08
7.341848e+08
7.18183e+08
6.668558e+08
5.827101e+08
4.69618e+08
3.327483e+08
4.505166e+08
5.72899e+08
6.637962e+08
7.202516e+08
7.404073e+08
7.237707e+08
6.712958e+08
5.853451e+08
4.695094e+08
3.292115e+08
4.479291e+08
5.680637e+08
6.578201e+08
7.138793e+08
7.341848e+08
7.181829e+08
6.668556e+08
5.827099e+08
4.696179e+08
3.327483e+08
4.495648e+08
5.718438e+08
6.625804e+08
7.189069e+08
7.390021e+08
7.223704e+08
6.699352e+08
5.83993e+08
4.680177e+08
3.273033e+08
4.505167e+08
5.728991e+08
6.637963e+08
7.202517e+08
7.404074e+08
7.237707e+08
6.712958e+08
5.853451e+08
4.695094e+08
3.292115e+08
4.505167e+08
5.728991e+08
6.637963e+08
7.202517e+08
7.404074e+08
7.237707e+08
6.712958e+08
5.853451e+08
4.695094e+08
3.292115e+08
4.395147e+08
5.548838e+08
6.419738e+08
6.966986e+08
7.16748e+08
7.015027e+08
6.519589e+08
5.707753e+08
4.623882e+08
3.330206e+08
4.479291e+08
5.680638e+08
6.578202e+08
7.138793e+08
7.341848e+08
7.18183e+08
6.668558e+08
5.8271e+08
4.69618e+08
3.327484e+08
4.505167e+08
5.728991e+08
6.637963e+08
7.202517e+08
7.404074e+08
7.237707e+08
6.712958e+08
5.853451e+08
4.695094e+08
3.292115e+08
4.495648e+08
5.718439e+08
6.625805e+08
7.189069e+08
7.390022e+08
7.223705e+08
6.699353e+08
5.83993e+08
4.680177e+08
3.273033e+08
4.479291e+08
5.680637e+08
6.578202e+08
7.138793e+08
7.341849e+08
7.18183e+08
6.668558e+08
5.827101e+08
4.69618e+08
3.327482e+08
4.505166e+08
5.72899e+08
6.637962e+08
7.202516e+08
7.404072e+08
7.237706e+08
6.712957e+08
5.85345e+08
4.695093e+08
3.292115e+08
4.47929e+08
5.680636e+08
6.5782e+08
7.138791e+08
7.341846e+08
7.181827e+08
6.668555e+08
5.827098e+08
4.696178e+08
3.327482e+08
4.505165e+08
5.728989e+08
6.637961e+08
7.202515e+08
7.404072e+08
7.237705e+08
6.712956e+08
5.853449e+08
4.695093e+08
3.292115e+08
4.495647e+08
5.718437e+08
6.625803e+08
7.189067e+08
7.39002e+08
7.223702e+08
6.699351e+08
5.839928e+08
4.680176e+08
3.273033e+08
4.395147e+08
5.548837e+08
6.419737e+08
6.966983e+08
7.167476e+08
7.015023e+08
6.519585e+08
5.707748e+08
4.623877e+08
3.330202e+08
4.47929e+08
5.680637e+08
6.578201e+08
7.138792e+08
7.341847e+08
7.181828e+08
6.668556e+08
5.827099e+08
4.696179e+08
3.327482e+08
4.395146e+08
5.548836e+08
6.419735e+08
6.966981e+08
7.167473e+08
7.01502e+08
6.519582e+08
5.707746e+08
4.623875e+08
3.330201e+08
4.479289e+08
5.680636e+08
6.578199e+08
7.13879e+08
7.341845e+08
7.181826e+08
6.668554e+08
5.827097e+08
4.696177e+08
3.327482e+08
4.495645e+08
5.718435e+08
6.625801e+08
7.189066e+08
7.390019e+08
7.223702e+08
6.699352e+08
5.839929e+08
4.680177e+08
3.273034e+08
4.479289e+08
5.680635e+08
6.578199e+08
7.13879e+08
7.341846e+08
7.181827e+08
6.668555e+08
5.827099e+08
4.696178e+08
3.327482e+08
4.505164e+08
5.728988e+08
6.63796e+08
7.202514e+08
7.404071e+08
7.237705e+08
6.712956e+08
5.853449e+08
4.695094e+08
3.292115e+08
4.505164e+08
5.728987e+08
6.637959e+08
7.202514e+08
7.404072e+08
7.237706e+08
6.712957e+08
5.853451e+08
4.695095e+08
3.292116e+08
4.356163e+08
5.525414e+08
6.393664e+08
6.932764e+08
7.124045e+08
6.961899e+08
6.454713e+08
5.624145e+08
4.502296e+08
3.134701e+08
4.034461e+08
5.039899e+08
5.804179e+08
6.28564e+08
6.459211e+08
6.316597e+08
5.865378e+08
5.128955e+08
4.146198e+08
2.959398e+08
4.185714e+08
5.276172e+08
6.091936e+08
6.601552e+08
6.783821e+08
6.631792e+08
6.153211e+08
5.369797e+08
4.313581e+08
3.017143e+08
4.420861e+08
5.616386e+08
6.503275e+08
7.05367e+08
7.249365e+08
7.085075e+08
6.569449e+08
5.724419e+08
4.582754e+08
3.193312e+08
4.356163e+08
5.525413e+08
6.393663e+08
6.932763e+08
7.124044e+08
6.961897e+08
6.454711e+08
5.624144e+08
4.502295e+08
3.1347e+08
4.185714e+08
5.276171e+08
6.091936e+08
6.601551e+08
6.78382e+08
6.63179e+08
6.15321e+08
5.369796e+08
4.31358e+08
3.017142e+08
4.034464e+08
5.039902e+08
5.804181e+08
6.285641e+08
6.459211e+08
6.316596e+08
5.865377e+08
5.128953e+08
4.146195e+08
2.959396e+08
4.356165e+08
5.525416e+08
6.393665e+08
6.932765e+08
7.124046e+08
6.961899e+08
6.454712e+08
5.624145e+08
4.502296e+08
3.1347e+08
4.356166e+08
5.525416e+08
6.393666e+08
6.932765e+08
7.124045e+08
6.961898e+08
6.454711e+08
5.624143e+08
4.502294e+08
3.134699e+08
4.185717e+08
5.276175e+08
6.091939e+08
6.601554e+08
6.783821e+08
6.631791e+08
6.15321e+08
5.369795e+08
4.313578e+08
3.017141e+08
4.185716e+08
5.276174e+08
6.091938e+08
6.601554e+08
6.783822e+08
6.631792e+08
6.153211e+08
5.369797e+08
4.31358e+08
3.017142e+08
4.420863e+08
5.616388e+08
6.503277e+08
7.053671e+08
7.249365e+08
7.085075e+08
6.569447e+08
5.724418e+08
4.582752e+08
3.193311e+08
4.420866e+08
5.616391e+08
6.503279e+08
7.053671e+08
7.249363e+08
7.08507e+08
6.569442e+08
5.724412e+08
4.582747e+08
3.193307e+08
4.35617e+08
5.525419e+08
6.393667e+08
6.932764e+08
7.124042e+08
6.961893e+08
6.454704e+08
5.624136e+08
4.502287e+08
3.134694e+08
4.356169e+08
5.525419e+08
6.393667e+08
6.932764e+08
7.124042e+08
6.961893e+08
6.454705e+08
5.624136e+08
4.502288e+08
3.134695e+08
4.185721e+08
5.276178e+08
6.09194e+08
6.601552e+08
6.783817e+08
6.631784e+08
6.1532e+08
5.369785e+08
4.313569e+08
3.017134e+08
4.185721e+08
5.276177e+08
6.091939e+08
6.601552e+08
6.783817e+08
6.631784e+08
6.153201e+08
5.369786e+08
4.31357e+08
3.017135e+08
4.034467e+08
5.039904e+08
5.804181e+08
6.285638e+08
6.459205e+08
6.316587e+08
5.865366e+08
5.128941e+08
4.146184e+08
2.959389e+08
4.185722e+08
5.276179e+08
6.091941e+08
6.601553e+08
6.783818e+08
6.631785e+08
6.153201e+08
5.369786e+08
4.313569e+08
3.017134e+08
4.185722e+08
5.276179e+08
6.091941e+08
6.601553e+08
6.783817e+08
6.631785e+08
6.153201e+08
5.369786e+08
4.313569e+08
3.017134e+08
4.35617e+08
5.52542e+08
6.393668e+08
6.932765e+08
7.124043e+08
6.961894e+08
6.454706e+08
5.624137e+08
4.502288e+08
3.134694e+08
4.35617e+08
5.52542e+08
6.393668e+08
6.932765e+08
7.124044e+08
6.961894e+08
6.454706e+08
5.624137e+08
4.502288e+08
3.134695e+08
4.034468e+08
5.039905e+08
5.804182e+08
6.285639e+08
6.459205e+08
6.316587e+08
5.865365e+08
5.12894e+08
4.146184e+08
2.959388e+08
4.420867e+08
5.616391e+08
6.50328e+08
7.053672e+08
7.249364e+08
7.085072e+08
6.569444e+08
5.724413e+08
4.582748e+08
3.193306e+08
4.356167e+08
5.525417e+08
6.393665e+08
6.932763e+08
7.124041e+08
6.961892e+08
6.454704e+08
5.624136e+08
4.502288e+08
3.134695e+08
4.420865e+08
5.616389e+08
6.503277e+08
7.05367e+08
7.249362e+08
7.08507e+08
6.569442e+08
5.724412e+08
4.582747e+08
3.193308e+08
4.356168e+08
5.525418e+08
6.393666e+08
6.932764e+08
7.124042e+08
6.961893e+08
6.454705e+08
5.624136e+08
4.502288e+08
3.134695e+08
4.18572e+08
5.276177e+08
6.091939e+08
6.601552e+08
6.783817e+08
6.631784e+08
6.153201e+08
5.369786e+08
4.31357e+08
3.017135e+08
4.185719e+08
5.276176e+08
6.091938e+08
6.601551e+08
6.783816e+08
6.631784e+08
6.153201e+08
5.369786e+08
4.31357e+08
3.017135e+08
4.034466e+08
5.039903e+08
5.804181e+08
6.285638e+08
6.459205e+08
6.316588e+08
5.865367e+08
5.128943e+08
4.146186e+08
2.959389e+08
4.420862e+08
5.616386e+08
6.503275e+08
7.053668e+08
7.249362e+08
7.085071e+08
6.569444e+08
5.724415e+08
4.582749e+08
3.193309e+08
4.356164e+08
5.525413e+08
6.393663e+08
6.932762e+08
7.124042e+08
6.961895e+08
6.454708e+08
5.624141e+08
4.502292e+08
3.134698e+08
4.034462e+08
5.039899e+08
5.804179e+08
6.285638e+08
6.459208e+08
6.316593e+08
5.865374e+08
5.12895e+08
4.146193e+08
2.959395e+08
4.356164e+08
5.525414e+08
6.393663e+08
6.932762e+08
7.124041e+08
6.961893e+08
6.454706e+08
5.624139e+08
4.502291e+08
3.134696e+08
4.185714e+08
5.276171e+08
6.091935e+08
6.60155e+08
6.783818e+08
6.631788e+08
6.153207e+08
5.369793e+08
4.313577e+08
3.01714e+08
4.185715e+08
5.276172e+08
6.091936e+08
6.60155e+08
6.783817e+08
6.631787e+08
6.153205e+08
5.369791e+08
4.313575e+08
3.017139e+08
4.4071e+08
5.603368e+08
6.490084e+08
7.039832e+08
7.234924e+08
7.070265e+08
6.554361e+08
5.708732e+08
4.565906e+08
3.176214e+08
4.483752e+08
5.706078e+08
6.612375e+08
7.174437e+08
7.374496e+08
7.207729e+08
6.683199e+08
5.823411e+08
4.662632e+08
3.254379e+08
4.483752e+08
5.706079e+08
6.612375e+08
7.174437e+08
7.374496e+08
7.207728e+08
6.683198e+08
5.82341e+08
4.662631e+08
3.254379e+08
4.4071e+08
5.603368e+08
6.490084e+08
7.039833e+08
7.234925e+08
7.070267e+08
6.554363e+08
5.708734e+08
4.565907e+08
3.176215e+08
4.327202e+08
5.499795e+08
6.368774e+08
6.907386e+08
7.098132e+08
6.935771e+08
6.428339e+08
5.596509e+08
4.471511e+08
3.101798e+08
4.327201e+08
5.499795e+08
6.368774e+08
6.907386e+08
7.098132e+08
6.935771e+08
6.428339e+08
5.596509e+08
4.471511e+08
3.101799e+08
4.407101e+08
5.60337e+08
6.490087e+08
7.039836e+08
7.234928e+08
7.07027e+08
6.554366e+08
5.708737e+08
4.56591e+08
3.176216e+08
4.327203e+08
5.499797e+08
6.368776e+08
6.907388e+08
7.098136e+08
6.935774e+08
6.428343e+08
5.596513e+08
4.471514e+08
3.101801e+08
4.483753e+08
5.706079e+08
6.612377e+08
7.174439e+08
7.374499e+08
7.207732e+08
6.683203e+08
5.823414e+08
4.662634e+08
3.254381e+08
4.327203e+08
5.499796e+08
6.368775e+08
6.907388e+08
7.098135e+08
6.935774e+08
6.428343e+08
5.596513e+08
4.471514e+08
3.101801e+08
4.483753e+08
5.70608e+08
6.612377e+08
7.174439e+08
7.374499e+08
7.207733e+08
6.683203e+08
5.823414e+08
4.662635e+08
3.254381e+08
4.4071e+08
5.603369e+08
6.490086e+08
7.039835e+08
7.234928e+08
7.07027e+08
6.554366e+08
5.708737e+08
4.56591e+08
3.176216e+08
4.483755e+08
5.706082e+08
6.612378e+08
7.174439e+08
7.374498e+08
7.20773e+08
6.683199e+08
5.82341e+08
4.662631e+08
3.254378e+08
4.483756e+08
5.706082e+08
6.612379e+08
7.174439e+08
7.374497e+08
7.207729e+08
6.683198e+08
5.823409e+08
4.66263e+08
3.254377e+08
4.407103e+08
5.603372e+08
6.490088e+08
7.039836e+08
7.234927e+08
7.070267e+08
6.554362e+08
5.708733e+08
4.565906e+08
3.176213e+08
4.407105e+08
5.603373e+08
6.490088e+08
7.039835e+08
7.234925e+08
7.070265e+08
6.554359e+08
5.708729e+08
4.565903e+08
3.176211e+08
4.327206e+08
5.4998e+08
6.368778e+08
6.907388e+08
7.098133e+08
6.93577e+08
6.428337e+08
5.596506e+08
4.471508e+08
3.101796e+08
4.327207e+08
5.4998e+08
6.368778e+08
6.907388e+08
7.098133e+08
6.935769e+08
6.428336e+08
5.596505e+08
4.471507e+08
3.101795e+08
4.407106e+08
5.603374e+08
6.490089e+08
7.039835e+08
7.234925e+08
7.070264e+08
6.554358e+08
5.708728e+08
4.565901e+08
3.17621e+08
4.327209e+08
5.499803e+08
6.368779e+08
6.907389e+08
7.098132e+08
6.935768e+08
6.428334e+08
5.596502e+08
4.471504e+08
3.101793e+08
4.483757e+08
5.706084e+08
6.61238e+08
7.17444e+08
7.374497e+08
7.207729e+08
6.683197e+08
5.823408e+08
4.662628e+08
3.254376e+08
4.32721e+08
5.499803e+08
6.36878e+08
6.907389e+08
7.098133e+08
6.935768e+08
6.428334e+08
5.596503e+08
4.471504e+08
3.101793e+08
4.483757e+08
5.706083e+08
6.61238e+08
7.174439e+08
7.374497e+08
7.207728e+08
6.683197e+08
5.823407e+08
4.662628e+08
3.254375e+08
4.407107e+08
5.603374e+08
6.49009e+08
7.039836e+08
7.234926e+08
7.070265e+08
6.554358e+08
5.708728e+08
4.565902e+08
3.176211e+08
4.483756e+08
5.706083e+08
6.612379e+08
7.174439e+08
7.374496e+08
7.207728e+08
6.683196e+08
5.823407e+08
4.662628e+08
3.254376e+08
4.407105e+08
5.603373e+08
6.490088e+08
7.039835e+08
7.234925e+08
7.070264e+08
6.554358e+08
5.708729e+08
4.565902e+08
3.176209e+08
4.327208e+08
5.499802e+08
6.368779e+08
6.907388e+08
7.098132e+08
6.935768e+08
6.428334e+08
5.596503e+08
4.471505e+08
3.101793e+08
4.407106e+08
5.603374e+08
6.490089e+08
7.039836e+08
7.234926e+08
7.070265e+08
6.554359e+08
5.708729e+08
4.565902e+08
3.176212e+08
4.483757e+08
5.706083e+08
6.612379e+08
7.174439e+08
7.374497e+08
7.207728e+08
6.683196e+08
5.823407e+08
4.662628e+08
3.254378e+08
4.327209e+08
5.499802e+08
6.368779e+08
6.907389e+08
7.098133e+08
6.935769e+08
6.428335e+08
5.596504e+08
4.471505e+08
3.101793e+08
4.483754e+08
5.70608e+08
6.612377e+08
7.174437e+08
7.374495e+08
7.207726e+08
6.683195e+08
5.823407e+08
4.662628e+08
3.254377e+08
4.483754e+08
5.70608e+08
6.612376e+08
7.174436e+08
7.374495e+08
7.207726e+08
6.683195e+08
5.823407e+08
4.662628e+08
3.254377e+08
4.407103e+08
5.603371e+08
6.490086e+08
7.039833e+08
7.234923e+08
7.070263e+08
6.554357e+08
5.708728e+08
4.565902e+08
3.176211e+08
4.327205e+08
5.499798e+08
6.368776e+08
6.907386e+08
7.09813e+08
6.935767e+08
6.428334e+08
5.596503e+08
4.471506e+08
3.101795e+08
4.407102e+08
5.603369e+08
6.490085e+08
7.039832e+08
7.234923e+08
7.070263e+08
6.554358e+08
5.708729e+08
4.565903e+08
3.176211e+08
4.327204e+08
5.499798e+08
6.368775e+08
6.907386e+08
7.09813e+08
6.935767e+08
6.428334e+08
5.596504e+08
4.471506e+08
3.101795e+08
0
0
0
0
0
0
0
0
0
0
0
0
0
0
0
0
0
0
0
0
0
0
0
0
0
0
0
0
0
0
0
0
0
0
0
0
0
0
0
0
0
0
0
0
0
0
0
0
0
0
0
0
0
0
0
0
0
0
0
0
0
0
0
0
0
0
0
0
0
0
0
0
0
0
0
0
0
0
0
0
0
0
0
0
0
0
0
0
0
0
0
0
0
0
0
0
0
0
0
0
0
0
0
0
0
0
0
0
0
0
0
0
0
0
0
0
0
0
0
0
0
0
0
0
0
0
0
0
0
0
0
0
0
0
0
0
0
0
0
0
0
0
0
0
0
0
0
0
0
0
0
0
0
0
0
0
0
0
0
0
0
0
0
0
0
0
0
0
0
0
0
0
0
0
0
0
0
0
0
0
0
0
0
0
0
0
0
0
0
0
0
0
0
0
0
0
0
0
0
0
0
0
0
0
0
0
0
0
0
0
0
0
0
0
0
0
0
0
0
0
0
0
0
0
0
0
0
0
0
0
0
0
0
0
0
0
0
0
0
0
0
0
0
0
0
0
0
0
0
0
0
0
0
0
0
0
0
0
0
0
0
0
0
0
0
0
0
0
0
0
0
0
0
0
0
0
0
0
0
0
0
0
0
0
0
0
0
0
0
0
0
0
0
0
0
0
0
0
0
0
0
0
0
0
0
0
0
0
0
0
0
0
0
0
0
0
0
0
0
0
0
0
0
0
0
0
0
0
0
0
0
0
0
0
0
0
0
0
0
0
0
0
0
0
0
0
0
0
0
0
0
0
0
0
0
0
0
0
0
0
4.111288e+08
5.182097e+08
5.983108e+08
6.483475e+08
6.662262e+08
6.512489e+08
6.041565e+08
5.270504e+08
4.230114e+08
2.950507e+08
3.899967e+08
4.871867e+08
5.610828e+08
6.076448e+08
6.244231e+08
6.105921e+08
5.668564e+08
4.954307e+08
3.99954e+08
2.839778e+08
4.194108e+08
5.318515e+08
6.153308e+08
6.671468e+08
6.854777e+08
6.697457e+08
6.207089e+08
5.403818e+08
4.317534e+08
2.990664e+08
4.091017e+08
5.195893e+08
6.015355e+08
6.523645e+08
6.703439e+08
6.549156e+08
6.067892e+08
5.278639e+08
4.209881e+08
2.904586e+08
3.861836e+08
4.870998e+08
5.626272e+08
6.098188e+08
6.26675e+08
6.125132e+08
5.679943e+08
4.950319e+08
3.963995e+08
2.746016e+08
3.937144e+08
4.998402e+08
5.786683e+08
6.276073e+08
6.449211e+08
6.300443e+08
5.836536e+08
5.075853e+08
4.045745e+08
2.785027e+08
3.937147e+08
4.998405e+08
5.786686e+08
6.276076e+08
6.449213e+08
6.300445e+08
5.836537e+08
5.075854e+08
4.045745e+08
2.785027e+08
3.861839e+08
4.871001e+08
5.626275e+08
6.09819e+08
6.266752e+08
6.125133e+08
5.679944e+08
4.95032e+08
3.963995e+08
2.746016e+08
3.899969e+08
4.871868e+08
5.610829e+08
6.076449e+08
6.244231e+08
6.105921e+08
5.668563e+08
4.954306e+08
3.999539e+08
2.839778e+08
4.091019e+08
5.195895e+08
6.015358e+08
6.523647e+08
6.703442e+08
6.549158e+08
6.067895e+08
5.278642e+08
4.209883e+08
2.904588e+08
4.19411e+08
5.318517e+08
6.153311e+08
6.671471e+08
6.85478e+08
6.69746e+08
6.207092e+08
5.403821e+08
4.317535e+08
2.990665e+08
4.11129e+08
5.182099e+08
5.983111e+08
6.483477e+08
6.662264e+08
6.512491e+08
6.041567e+08
5.270505e+08
4.230115e+08
2.950507e+08
4.091024e+08
5.1959e+08
6.015361e+08
6.523648e+08
6.703439e+08
6.549153e+08
6.067887e+08
5.278633e+08
4.209874e+08
2.904581e+08
4.194115e+08
5.318521e+08
6.153313e+08
6.671471e+08
6.854777e+08
6.697454e+08
6.207084e+08
5.403812e+08
4.317528e+08
2.990659e+08
3.937152e+08
4.99841e+08
5.786689e+08
6.276076e+08
6.449211e+08
6.300439e+08
5.836529e+08
5.075845e+08
4.045736e+08
2.78502e+08
3.899974e+08
4.871873e+08
5.610831e+08
6.076447e+08
6.244226e+08
6.105912e+08
5.668552e+08
4.954294e+08
3.999527e+08
2.839768e+08
4.111295e+08
5.182103e+08
5.983113e+08
6.483476e+08
6.66226e+08
6.512484e+08
6.041558e+08
5.270495e+08
4.230106e+08
2.9505e+08
3.861845e+08
4.871006e+08
5.626277e+08
6.09819e+08
6.266748e+08
6.125126e+08
5.679934e+08
4.950309e+08
3.963984e+08
2.746008e+08
4.194118e+08
5.318524e+08
6.153315e+08
6.671472e+08
6.854777e+08
6.697453e+08
6.207083e+08
5.40381e+08
4.317525e+08
2.990656e+08
4.091027e+08
5.195903e+08
6.015363e+08
6.523649e+08
6.703439e+08
6.549151e+08
6.067884e+08
5.278629e+08
4.20987e+08
2.904577e+08
4.111298e+08
5.182106e+08
5.983115e+08
6.483478e+08
6.662261e+08
6.512484e+08
6.041558e+08
5.270494e+08
4.230104e+08
2.950499e+08
3.937156e+08
4.998413e+08
5.786692e+08
6.276077e+08
6.44921e+08
6.300437e+08
5.836526e+08
5.07584e+08
4.045732e+08
2.785016e+08
3.899978e+08
4.871876e+08
5.610834e+08
6.076451e+08
6.244229e+08
6.105914e+08
5.668553e+08
4.954294e+08
3.999527e+08
2.839767e+08
3.861848e+08
4.871009e+08
5.626281e+08
6.098192e+08
6.266749e+08
6.125126e+08
5.679932e+08
4.950306e+08
3.963982e+08
2.746004e+08
4.194116e+08
5.318522e+08
6.153314e+08
6.671471e+08
6.854777e+08
6.697453e+08
6.207083e+08
5.403811e+08
4.317526e+08
2.990658e+08
3.899976e+08
4.871875e+08
5.610834e+08
6.076451e+08
6.244231e+08
6.105917e+08
5.668557e+08
4.954298e+08
3.99953e+08
2.83977e+08
3.937154e+08
4.998412e+08
5.786691e+08
6.276077e+08
6.449211e+08
6.300438e+08
5.836527e+08
5.075843e+08
4.045734e+08
2.785017e+08
3.861846e+08
4.871007e+08
5.626279e+08
6.098191e+08
6.266749e+08
6.125127e+08
5.679935e+08
4.950309e+08
3.963984e+08
2.746006e+08
4.111296e+08
5.182104e+08
5.983114e+08
6.483477e+08
6.662261e+08
6.512485e+08
6.041559e+08
5.270496e+08
4.230106e+08
2.950501e+08
4.091026e+08
5.195902e+08
6.015362e+08
6.523648e+08
6.703439e+08
6.549152e+08
6.067886e+08
5.278631e+08
4.209872e+08
2.904578e+08
3.937148e+08
4.998406e+08
5.786686e+08
6.276074e+08
6.449209e+08
6.300439e+08
5.836529e+08
5.075846e+08
4.045738e+08
2.785021e+08
4.194111e+08
5.318518e+08
6.15331e+08
6.671468e+08
6.854775e+08
6.697453e+08
6.207084e+08
5.403813e+08
4.317528e+08
2.990659e+08
4.111291e+08
5.182099e+08
5.98311e+08
6.483475e+08
6.66226e+08
6.512486e+08
6.041561e+08
5.270499e+08
4.230109e+08
2.950503e+08
4.091021e+08
5.195897e+08
6.015358e+08
6.523645e+08
6.703437e+08
6.549152e+08
6.067887e+08
5.278633e+08
4.209874e+08
2.904581e+08
3.86184e+08
4.871001e+08
5.626274e+08
6.098188e+08
6.266748e+08
6.125128e+08
5.679938e+08
4.950313e+08
3.963989e+08
2.746011e+08
3.899971e+08
4.87187e+08
5.61083e+08
6.076449e+08
6.24423e+08
6.105918e+08
5.66856e+08
4.954302e+08
3.999534e+08
2.839773e+08
3.937144e+08
4.998402e+08
5.786683e+08
6.276073e+08
6.449211e+08
6.300443e+08
5.836535e+08
5.075852e+08
4.045744e+08
2.785027e+08
4.194108e+08
5.318515e+08
6.153308e+08
6.671468e+08
6.854777e+08
6.697456e+08
6.207089e+08
5.403818e+08
4.317533e+08
2.990663e+08
4.091017e+08
5.195893e+08
6.015356e+08
6.523645e+08
6.703439e+08
6.549155e+08
6.067892e+08
5.278639e+08
4.20988e+08
2.904586e+08
4.111288e+08
5.182097e+08
5.983108e+08
6.483474e+08
6.662261e+08
6.512488e+08
6.041564e+08
5.270503e+08
4.230113e+08
2.950506e+08
3.861836e+08
4.870998e+08
5.626272e+08
6.098187e+08
6.266749e+08
6.125131e+08
5.679942e+08
4.950319e+08
3.963994e+08
2.746016e+08
3.899967e+08
4.871866e+08
5.610826e+08
6.076446e+08
6.244229e+08
6.105918e+08
5.668561e+08
4.954305e+08
3.999538e+08
2.839777e+08
3.899968e+08
4.871868e+08
5.610829e+08
6.07645e+08
6.244233e+08
6.105922e+08
5.668565e+08
4.954308e+08
3.99954e+08
2.839778e+08
3.861837e+08
4.870999e+08
5.626273e+08
6.098189e+08
6.266751e+08
6.125133e+08
5.679944e+08
4.95032e+08
3.963996e+08
2.746017e+08
4.111289e+08
5.182098e+08
5.98311e+08
6.483477e+08
6.662263e+08
6.512491e+08
6.041567e+08
5.270506e+08
4.230116e+08
2.950507e+08
4.194109e+08
5.318516e+08
6.15331e+08
6.671471e+08
6.85478e+08
6.69746e+08
6.207092e+08
5.403821e+08
4.317536e+08
2.990665e+08
3.937145e+08
4.998404e+08
5.786685e+08
6.276075e+08
6.449213e+08
6.300445e+08
5.836537e+08
5.075855e+08
4.045746e+08
2.785028e+08
4.091018e+08
5.195895e+08
6.015358e+08
6.523647e+08
6.703442e+08
6.549158e+08
6.067895e+08
5.278642e+08
4.209883e+08
2.904588e+08
3.937151e+08
4.998409e+08
5.786689e+08
6.276076e+08
6.449211e+08
6.300441e+08
5.836531e+08
5.075847e+08
4.045738e+08
2.785021e+08
4.091023e+08
5.195899e+08
6.015361e+08
6.523648e+08
6.70344e+08
6.549154e+08
6.067888e+08
5.278634e+08
4.209875e+08
2.904582e+08
4.194114e+08
5.31852e+08
6.153313e+08
6.671471e+08
6.854778e+08
6.697456e+08
6.207087e+08
5.403815e+08
4.317529e+08
2.99066e+08
3.861843e+08
4.871005e+08
5.626277e+08
6.098191e+08
6.266751e+08
6.12513e+08
5.679939e+08
4.950314e+08
3.963989e+08
2.746011e+08
3.899973e+08
4.871873e+08
5.610833e+08
6.076452e+08
6.244234e+08
6.105922e+08
5.668563e+08
4.954305e+08
3.999537e+08
2.839775e+08
4.111293e+08
5.182102e+08
5.983113e+08
6.483478e+08
6.662263e+08
6.512489e+08
6.041564e+08
5.270501e+08
4.230111e+08
2.950504e+08
3.937156e+08
4.998413e+08
5.786692e+08
6.276077e+08
6.44921e+08
6.300437e+08
5.836525e+08
5.07584e+08
4.045732e+08
2.785016e+08
3.899977e+08
4.871876e+08
5.610834e+08
6.076451e+08
6.24423e+08
6.105915e+08
5.668554e+08
4.954296e+08
3.999528e+08
2.839768e+08
3.861847e+08
4.871009e+08
5.62628e+08
6.098191e+08
6.266748e+08
6.125125e+08
5.679932e+08
4.950306e+08
3.963982e+08
2.746005e+08
4.111297e+08
5.182105e+08
5.983114e+08
6.483478e+08
6.662261e+08
6.512484e+08
6.041558e+08
5.270494e+08
4.230105e+08
2.950499e+08
4.091027e+08
5.195903e+08
6.015363e+08
6.523649e+08
6.703438e+08
6.549151e+08
6.067884e+08
5.278629e+08
4.20987e+08
2.904577e+08
4.194117e+08
5.318523e+08
6.153314e+08
6.671472e+08
6.854776e+08
6.697453e+08
6.207082e+08
5.403809e+08
4.317525e+08
2.990656e+08
3.937155e+08
4.998413e+08
5.786692e+08
6.276077e+08
6.449211e+08
6.300438e+08
5.836527e+08
5.075842e+08
4.045733e+08
2.785017e+08
4.194117e+08
5.318523e+08
6.153314e+08
6.671472e+08
6.854777e+08
6.697453e+08
6.207083e+08
5.403811e+08
4.317525e+08
2.990657e+08
4.111297e+08
5.182105e+08
5.983115e+08
6.483478e+08
6.662261e+08
6.512484e+08
6.041558e+08
5.270495e+08
4.230105e+08
2.950499e+08
3.899977e+08
4.871876e+08
5.610834e+08
6.07645e+08
6.244228e+08
6.105914e+08
5.668553e+08
4.954294e+08
3.999527e+08
2.839767e+08
4.091027e+08
5.195902e+08
6.015363e+08
6.523649e+08
6.703439e+08
6.549152e+08
6.067885e+08
5.27863e+08
4.209871e+08
2.904578e+08
3.861848e+08
4.871009e+08
5.62628e+08
6.098192e+08
6.266749e+08
6.125126e+08
5.679933e+08
4.950307e+08
3.963982e+08
2.746005e+08
4.194113e+08
5.318519e+08
6.153311e+08
6.671469e+08
6.854775e+08
6.697452e+08
6.207083e+08
5.403811e+08
4.317527e+08
2.990659e+08
4.111293e+08
5.182101e+08
5.983111e+08
6.483475e+08
6.662259e+08
6.512483e+08
6.041557e+08
5.270495e+08
4.230106e+08
2.9505e+08
3.899972e+08
4.871871e+08
5.610829e+08
6.076446e+08
6.244226e+08
6.105912e+08
5.668552e+08
4.954294e+08
3.999528e+08
2.839769e+08
4.091022e+08
5.195897e+08
6.015358e+08
6.523645e+08
6.703437e+08
6.549151e+08
6.067886e+08
5.278632e+08
4.209874e+08
2.904581e+08
3.861843e+08
4.871004e+08
5.626275e+08
6.098188e+08
6.266747e+08
6.125125e+08
5.679933e+08
4.950309e+08
3.963985e+08
2.746008e+08
3.93715e+08
4.998407e+08
5.786687e+08
6.276074e+08
6.449209e+08
6.300438e+08
5.836528e+08
5.075844e+08
4.045736e+08
2.78502e+08
2.805686e+08
3.565146e+08
4.126689e+08
4.475631e+08
4.600512e+08
4.497108e+08
4.169595e+08
3.629443e+08
2.891829e+08
1.974183e+08
2.973274e+08
3.77373e+08
4.366571e+08
4.735085e+08
4.866538e+08
4.75633e+08
4.409009e+08
3.83705e+08
3.056749e+08
2.084568e+08
3.431778e+08
4.282932e+08
4.930171e+08
5.338593e+08
5.48625e+08
5.365396e+08
4.981639e+08
4.353168e+08
3.507651e+08
2.456152e+08
3.280113e+08
4.134414e+08
4.773118e+08
5.17265e+08
5.316002e+08
5.196991e+08
4.820671e+08
4.201955e+08
3.360075e+08
2.301863e+08
3.280113e+08
4.134414e+08
4.773117e+08
5.172649e+08
5.316002e+08
5.19699e+08
4.82067e+08
4.201955e+08
3.360075e+08
2.301863e+08
2.973273e+08
3.77373e+08
4.366571e+08
4.735085e+08
4.866538e+08
4.756329e+08
4.409009e+08
3.83705e+08
3.056749e+08
2.084567e+08
2.973281e+08
3.773737e+08
4.366576e+08
4.735088e+08
4.866538e+08
4.756326e+08
4.409004e+08
3.837042e+08
3.056741e+08
2.08456e+08
3.28012e+08
4.134421e+08
4.773123e+08
5.172653e+08
5.316002e+08
5.196988e+08
4.820666e+08
4.201949e+08
3.360068e+08
2.301857e+08
2.97328e+08
3.773736e+08
4.366575e+08
4.735088e+08
4.866538e+08
4.756327e+08
4.409005e+08
3.837044e+08
3.056743e+08
2.084562e+08
2.805693e+08
3.565153e+08
4.126694e+08
4.475634e+08
4.600512e+08
4.497106e+08
4.16959e+08
3.629436e+08
2.891821e+08
1.974177e+08
3.431784e+08
4.282938e+08
4.930177e+08
5.338597e+08
5.486252e+08
5.365396e+08
4.981638e+08
4.353165e+08
3.507647e+08
2.456148e+08
3.280119e+08
4.13442e+08
4.773122e+08
5.172652e+08
5.316003e+08
5.196989e+08
4.820668e+08
4.201951e+08
3.360071e+08
2.301859e+08
2.973288e+08
3.773743e+08
4.36658e+08
4.735089e+08
4.866535e+08
4.756321e+08
4.408995e+08
3.837033e+08
3.056731e+08
2.084553e+08
3.431792e+08
4.282946e+08
4.930182e+08
5.338599e+08
5.486251e+08
5.365391e+08
4.981629e+08
4.353155e+08
3.507636e+08
2.456139e+08
3.280127e+08
4.134426e+08
4.773127e+08
5.172653e+08
5.316e+08
5.196983e+08
4.820658e+08
4.201939e+08
3.360059e+08
2.30185e+08
2.805701e+08
3.56516e+08
4.126698e+08
4.475635e+08
4.60051e+08
4.497099e+08
4.169581e+08
3.629426e+08
2.891811e+08
1.974168e+08
2.973288e+08
3.773744e+08
4.36658e+08
4.735089e+08
4.866535e+08
4.75632e+08
4.408994e+08
3.837032e+08
3.05673e+08
2.084552e+08
3.280128e+08
4.134427e+08
4.773127e+08
5.172654e+08
5.316e+08
5.196982e+08
4.820657e+08
4.201938e+08
3.360058e+08
2.301848e+08
2.973292e+08
3.773748e+08
4.366584e+08
4.735092e+08
4.866536e+08
4.756321e+08
4.408994e+08
3.83703e+08
3.056728e+08
2.08455e+08
3.431795e+08
4.282949e+08
4.930185e+08
5.338601e+08
5.486253e+08
5.365392e+08
4.98163e+08
4.353155e+08
3.507636e+08
2.456138e+08
2.805705e+08
3.565164e+08
4.126702e+08
4.475638e+08
4.600511e+08
4.497099e+08
4.16958e+08
3.629423e+08
2.891808e+08
1.974165e+08
3.280131e+08
4.134431e+08
4.77313e+08
5.172656e+08
5.316001e+08
5.196983e+08
4.820656e+08
4.201937e+08
3.360056e+08
2.301846e+08
3.280131e+08
4.134431e+08
4.77313e+08
5.172656e+08
5.316001e+08
5.196983e+08
4.820657e+08
4.201937e+08
3.360056e+08
2.301847e+08
2.973292e+08
3.773748e+08
4.366584e+08
4.735092e+08
4.866536e+08
4.75632e+08
4.408993e+08
3.83703e+08
3.056728e+08
2.084549e+08
3.43179e+08
4.282944e+08
4.93018e+08
5.338598e+08
5.48625e+08
5.365391e+08
4.98163e+08
4.353156e+08
3.507637e+08
2.45614e+08
2.973287e+08
3.773742e+08
4.366579e+08
4.735089e+08
4.866536e+08
4.756322e+08
4.408996e+08
3.837034e+08
3.056733e+08
2.084554e+08
3.280126e+08
4.134426e+08
4.773126e+08
5.172653e+08
5.316e+08
5.196983e+08
4.820659e+08
4.20194e+08
3.36006e+08
2.30185e+08
3.280125e+08
4.134425e+08
4.773125e+08
5.172653e+08
5.316e+08
5.196983e+08
4.820659e+08
4.201941e+08
3.360061e+08
2.301851e+08
2.973286e+08
3.773741e+08
4.366579e+08
4.735088e+08
4.866535e+08
4.756322e+08
4.408997e+08
3.837034e+08
3.056733e+08
2.084554e+08
2.805699e+08
3.565158e+08
4.126697e+08
4.475635e+08
4.60051e+08
4.497101e+08
4.169583e+08
3.629428e+08
2.891813e+08
1.97417e+08
2.805689e+08
3.565149e+08
4.12669e+08
4.475631e+08
4.600511e+08
4.497105e+08
4.169591e+08
3.629438e+08
2.891824e+08
1.974179e+08
3.280115e+08
4.134416e+08
4.773118e+08
5.172649e+08
5.316001e+08
5.196988e+08
4.820667e+08
4.201951e+08
3.360072e+08
2.30186e+08
2.973276e+08
3.773732e+08
4.366572e+08
4.735085e+08
4.866536e+08
4.756327e+08
4.409006e+08
3.837046e+08
3.056745e+08
2.084564e+08
2.973277e+08
3.773733e+08
4.366573e+08
4.735085e+08
4.866536e+08
4.756326e+08
4.409004e+08
3.837044e+08
3.056743e+08
2.084563e+08
3.43178e+08
4.282934e+08
4.930173e+08
5.338593e+08
5.486249e+08
5.365394e+08
4.981636e+08
4.353165e+08
3.507647e+08
2.456149e+08
3.280116e+08
4.134417e+08
4.773119e+08
5.17265e+08
5.316e+08
5.196987e+08
4.820666e+08
4.20195e+08
3.36007e+08
2.301859e+08
3.697302e+08
4.667414e+08
5.393394e+08
5.84714e+08
6.009519e+08
5.873946e+08
5.446586e+08
4.74534e+08
3.79551e+08
2.616491e+08
3.248141e+08
4.136855e+08
4.795358e+08
5.204186e+08
5.349663e+08
5.227219e+08
4.842172e+08
4.208683e+08
3.346373e+08
2.278955e+08
3.576378e+08
4.554958e+08
5.281431e+08
5.732381e+08
5.892406e+08
5.756572e+08
5.330933e+08
4.631682e+08
3.682518e+08
2.515799e+08
3.354284e+08
4.288667e+08
4.980252e+08
5.409007e+08
5.561654e+08
5.434011e+08
5.031704e+08
4.369383e+08
3.468494e+08
2.360067e+08
3.605054e+08
4.50391e+08
5.187453e+08
5.618462e+08
5.774022e+08
5.646228e+08
5.241234e+08
4.578693e+08
3.689592e+08
2.594323e+08
3.392524e+08
4.280798e+08
4.945053e+08
5.360398e+08
5.509318e+08
5.385588e+08
4.994595e+08
4.352068e+08
3.478988e+08
2.386296e+08
3.576382e+08
4.554962e+08
5.281435e+08
5.732383e+08
5.892408e+08
5.756573e+08
5.330933e+08
4.631682e+08
3.682517e+08
2.515799e+08
3.248146e+08
4.13686e+08
4.795362e+08
5.204189e+08
5.349665e+08
5.227219e+08
4.84217e+08
4.20868e+08
3.34637e+08
2.278953e+08
3.354288e+08
4.288672e+08
4.980256e+08
5.40901e+08
5.561655e+08
5.434011e+08
5.031704e+08
4.369382e+08
3.468492e+08
2.360065e+08
3.697305e+08
4.667417e+08
5.393397e+08
5.847142e+08
6.009521e+08
5.873947e+08
5.446587e+08
4.74534e+08
3.79551e+08
2.616491e+08
3.605058e+08
4.503914e+08
5.187456e+08
5.618464e+08
5.774023e+08
5.646228e+08
5.241233e+08
4.578692e+08
3.68959e+08
2.594321e+08
3.392529e+08
4.280803e+08
4.945057e+08
5.3604e+08
5.50932e+08
5.385588e+08
4.994593e+08
4.352066e+08
3.478985e+08
2.386294e+08
3.576389e+08
4.554968e+08
5.281439e+08
5.732384e+08
5.892405e+08
5.756566e+08
5.330923e+08
4.63167e+08
3.682505e+08
2.515789e+08
3.605065e+08
4.50392e+08
5.187461e+08
5.618465e+08
5.77402e+08
5.646223e+08
5.241224e+08
4.578682e+08
3.689581e+08
2.594313e+08
3.248153e+08
4.136867e+08
4.795367e+08
5.20419e+08
5.349662e+08
5.227212e+08
4.84216e+08
4.208668e+08
3.346359e+08
2.278943e+08
3.697312e+08
4.667423e+08
5.393401e+08
5.847143e+08
6.009518e+08
5.87394e+08
5.446578e+08
4.745329e+08
3.795499e+08
2.616482e+08
3.392536e+08
4.280809e+08
4.945061e+08
5.360401e+08
5.509317e+08
5.385581e+08
4.994584e+08
4.352054e+08
3.478973e+08
2.386284e+08
3.354296e+08
4.288679e+08
4.98026e+08
5.409011e+08
5.561652e+08
5.434004e+08
5.031693e+08
4.369369e+08
3.46848e+08
2.360055e+08
3.576394e+08
4.554973e+08
5.281442e+08
5.732386e+08
5.892405e+08
5.756564e+08
5.33092e+08
4.631666e+08
3.6825e+08
2.515785e+08
3.392541e+08
4.280814e+08
4.945065e+08
5.360404e+08
5.509318e+08
5.385581e+08
4.994582e+08
4.352051e+08
3.47897e+08
2.38628e+08
3.248158e+08
4.136872e+08
4.795371e+08
5.204193e+08
5.349663e+08
5.227211e+08
4.842157e+08
4.208664e+08
3.346354e+08
2.278939e+08
3.697316e+08
4.667427e+08
5.393404e+08
5.847145e+08
6.009519e+08
5.87394e+08
5.446576e+08
4.745326e+08
3.795495e+08
2.616478e+08
3.354301e+08
4.288684e+08
4.980264e+08
5.409013e+08
5.561653e+08
5.434003e+08
5.03169e+08
4.369365e+08
3.468475e+08
2.360051e+08
3.60507e+08
4.503925e+08
5.187465e+08
5.618469e+08
5.774023e+08
5.646224e+08
5.241224e+08
4.57868e+08
3.689578e+08
2.594309e+08
3.605067e+08
4.503922e+08
5.187463e+08
5.618468e+08
5.774023e+08
5.646226e+08
5.241228e+08
4.578685e+08
3.689582e+08
2.594313e+08
3.697313e+08
4.667424e+08
5.393402e+08
5.847144e+08
6.009519e+08
5.873941e+08
5.446578e+08
4.745329e+08
3.795498e+08
2.61648e+08
3.392537e+08
4.28081e+08
4.945062e+08
5.360402e+08
5.509317e+08
5.385582e+08
4.994584e+08
4.352055e+08
3.478973e+08
2.386284e+08
3.576391e+08
4.55497e+08
5.281441e+08
5.732385e+08
5.892405e+08
5.756565e+08
5.330922e+08
4.631669e+08
3.682503e+08
2.515787e+08
3.248154e+08
4.136868e+08
4.795368e+08
5.204191e+08
5.349662e+08
5.227212e+08
4.84216e+08
4.208667e+08
3.346357e+08
2.278942e+08
3.354298e+08
4.288681e+08
4.980262e+08
5.409012e+08
5.561653e+08
5.434004e+08
5.031692e+08
4.369368e+08
3.468478e+08
2.360053e+08
3.605059e+08
4.503914e+08
5.187456e+08
5.618464e+08
5.774022e+08
5.646227e+08
5.241232e+08
4.57869e+08
3.689589e+08
2.59432e+08
3.697306e+08
4.667417e+08
5.393396e+08
5.84714e+08
6.009518e+08
5.873943e+08
5.446582e+08
4.745335e+08
3.795504e+08
2.616486e+08
3.248145e+08
4.13686e+08
4.795361e+08
5.204187e+08
5.349662e+08
5.227216e+08
4.842166e+08
4.208676e+08
3.346366e+08
2.27895e+08
3.392528e+08
4.280802e+08
4.945055e+08
5.360398e+08
5.509317e+08
5.385585e+08
4.99459e+08
4.352063e+08
3.478982e+08
2.386292e+08
3.576383e+08
4.554963e+08
5.281435e+08
5.732381e+08
5.892404e+08
5.756567e+08
5.330927e+08
4.631675e+08
3.68251e+08
2.515793e+08
3.354289e+08
4.288672e+08
4.980255e+08
5.409008e+08
5.561652e+08
5.434007e+08
5.031698e+08
4.369376e+08
3.468487e+08
2.36006e+08
3.467198e+08
4.452415e+08
5.181207e+08
5.63219e+08
5.792524e+08
5.658645e+08
5.236726e+08
4.542352e+08
3.600017e+08
2.449957e+08
3.63244e+08
4.642579e+08
5.391245e+08
5.855177e+08
6.019839e+08
5.880809e+08
5.444289e+08
4.726556e+08
3.752728e+08
2.562873e+08
3.808545e+08
4.854864e+08
5.630745e+08
6.111697e+08
6.282044e+08
6.136867e+08
5.682628e+08
4.936553e+08
3.925155e+08
2.690549e+08
3.632441e+08
4.642579e+08
5.391245e+08
5.855177e+08
6.019839e+08
5.880808e+08
5.444288e+08
4.726556e+08
3.752727e+08
2.562873e+08
3.467198e+08
4.452416e+08
5.181207e+08
5.63219e+08
5.792524e+08
5.658645e+08
5.236726e+08
4.542352e+08
3.600017e+08
2.449957e+08
3.808544e+08
4.854864e+08
5.630745e+08
6.111697e+08
6.282044e+08
6.136867e+08
5.682629e+08
4.936553e+08
3.925155e+08
2.690549e+08
3.4672e+08
4.452418e+08
5.181209e+08
5.632192e+08
5.792526e+08
5.658647e+08
5.236727e+08
4.542352e+08
3.600017e+08
2.449957e+08
3.4672e+08
4.452418e+08
5.18121e+08
5.632193e+08
5.792526e+08
5.658647e+08
5.236727e+08
4.542352e+08
3.600017e+08
2.449957e+08
3.632443e+08
4.642582e+08
5.391248e+08
5.85518e+08
6.019841e+08
5.88081e+08
5.44429e+08
4.726557e+08
3.752728e+08
2.562873e+08
3.632442e+08
4.642581e+08
5.391247e+08
5.855179e+08
6.019841e+08
5.880811e+08
5.44429e+08
4.726557e+08
3.752729e+08
2.562874e+08
3.808546e+08
4.854866e+08
5.630747e+08
6.111699e+08
6.282046e+08
6.136869e+08
5.682631e+08
4.936555e+08
3.925156e+08
2.69055e+08
3.808547e+08
4.854866e+08
5.630748e+08
6.111699e+08
6.282046e+08
6.136869e+08
5.68263e+08
4.936554e+08
3.925156e+08
2.690549e+08
3.632451e+08
4.642588e+08
5.391252e+08
5.85518e+08
6.019838e+08
5.880804e+08
5.44428e+08
4.726545e+08
3.752717e+08
2.562864e+08
3.467208e+08
4.452426e+08
5.181215e+08
5.632194e+08
5.792523e+08
5.65864e+08
5.236717e+08
4.54234e+08
3.600005e+08
2.449947e+08
3.808553e+08
4.854872e+08
5.630752e+08
6.1117e+08
6.282043e+08
6.136863e+08
5.682621e+08
4.936544e+08
3.925145e+08
2.690541e+08
3.808553e+08
4.854872e+08
5.630752e+08
6.1117e+08
6.282044e+08
6.136863e+08
5.682622e+08
4.936545e+08
3.925146e+08
2.690542e+08
3.467208e+08
4.452425e+08
5.181214e+08
5.632194e+08
5.792524e+08
5.658641e+08
5.236717e+08
4.54234e+08
3.600005e+08
2.449947e+08
3.63245e+08
4.642587e+08
5.391252e+08
5.855181e+08
6.019839e+08
5.880805e+08
5.444281e+08
4.726546e+08
3.752718e+08
2.562864e+08
3.808557e+08
4.854876e+08
5.630754e+08
6.111701e+08
6.282042e+08
6.13686e+08
5.682617e+08
4.936539e+08
3.92514e+08
2.690537e+08
3.632455e+08
4.642592e+08
5.391255e+08
5.855182e+08
6.019838e+08
5.880801e+08
5.444276e+08
4.72654e+08
3.752711e+08
2.562859e+08
3.808558e+08
4.854876e+08
5.630755e+08
6.111701e+08
6.282043e+08
6.13686e+08
5.682617e+08
4.936538e+08
3.92514e+08
2.690536e+08
3.467214e+08
4.452431e+08
5.181218e+08
5.632196e+08
5.792523e+08
5.658638e+08
5.236712e+08
4.542334e+08
3.599999e+08
2.449941e+08
3.467213e+08
4.452431e+08
5.181218e+08
5.632196e+08
5.792523e+08
5.658637e+08
5.236712e+08
4.542334e+08
3.599999e+08
2.449941e+08
3.632455e+08
4.642593e+08
5.391256e+08
5.855182e+08
6.019838e+08
5.880801e+08
5.444276e+08
4.72654e+08
3.752711e+08
2.562859e+08
3.467212e+08
4.452429e+08
5.181217e+08
5.632196e+08
5.792523e+08
5.658639e+08
5.236714e+08
4.542337e+08
3.600001e+08
2.449944e+08
3.632453e+08
4.642591e+08
5.391254e+08
5.855182e+08
6.019838e+08
5.880803e+08
5.444278e+08
4.726543e+08
3.752714e+08
2.562861e+08
3.808557e+08
4.854875e+08
5.630754e+08
6.111701e+08
6.282043e+08
6.136861e+08
5.682619e+08
4.93654e+08
3.925142e+08
2.690538e+08
3.467212e+08
4.45243e+08
5.181218e+08
5.632196e+08
5.792524e+08
5.658639e+08
5.236714e+08
4.542337e+08
3.600001e+08
2.449943e+08
3.808556e+08
4.854875e+08
5.630754e+08
6.111701e+08
6.282043e+08
6.136862e+08
5.682619e+08
4.936541e+08
3.925142e+08
2.690539e+08
3.632455e+08
4.642592e+08
5.391256e+08
5.855182e+08
6.019839e+08
5.880802e+08
5.444277e+08
4.726542e+08
3.752713e+08
2.56286e+08
3.467205e+08
4.452423e+08
5.181212e+08
5.632192e+08
5.792522e+08
5.65864e+08
5.236717e+08
4.542341e+08
3.600007e+08
2.449948e+08
3.467204e+08
4.452422e+08
5.181211e+08
5.632192e+08
5.792522e+08
5.65864e+08
5.236718e+08
4.542342e+08
3.600007e+08
2.449949e+08
3.632446e+08
4.642584e+08
5.391249e+08
5.855178e+08
6.019837e+08
5.880804e+08
5.444282e+08
4.726548e+08
3.75272e+08
2.562866e+08
3.632448e+08
4.642585e+08
5.39125e+08
5.855178e+08
6.019837e+08
5.880803e+08
5.44428e+08
4.726546e+08
3.752718e+08
2.562865e+08
3.80855e+08
4.854869e+08
5.630749e+08
6.111697e+08
6.282042e+08
6.136862e+08
5.682622e+08
4.936545e+08
3.925147e+08
2.690543e+08
3.808551e+08
4.85487e+08
5.630749e+08
6.111698e+08
6.282041e+08
6.136861e+08
5.682621e+08
4.936543e+08
3.925146e+08
2.690542e+08
3.248142e+08
4.136856e+08
4.795359e+08
5.204186e+08
5.349663e+08
5.227218e+08
4.84217e+08
4.208681e+08
3.346371e+08
2.278954e+08
3.354285e+08
4.288668e+08
4.980252e+08
5.409007e+08
5.561653e+08
5.43401e+08
5.031703e+08
4.369382e+08
3.468493e+08
2.360066e+08
3.605055e+08
4.50391e+08
5.187453e+08
5.618461e+08
5.77402e+08
5.646227e+08
5.241232e+08
4.578692e+08
3.689591e+08
2.594322e+08
3.392526e+08
4.280799e+08
4.945053e+08
5.360397e+08
5.509317e+08
5.385587e+08
4.994593e+08
4.352066e+08
3.478986e+08
2.386295e+08
3.576379e+08
4.554959e+08
5.281432e+08
5.732381e+08
5.892406e+08
5.756571e+08
5.330932e+08
4.631681e+08
3.682517e+08
2.515799e+08
3.697302e+08
4.667414e+08
5.393394e+08
5.847139e+08
6.009518e+08
5.873945e+08
5.446586e+08
4.745339e+08
3.795509e+08
2.616491e+08
3.354285e+08
4.288669e+08
4.980253e+08
5.409009e+08
5.561655e+08
5.434012e+08
5.031705e+08
4.369384e+08
3.468495e+08
2.360067e+08
3.697302e+08
4.667415e+08
5.393395e+08
5.847141e+08
6.00952e+08
5.873947e+08
5.446588e+08
4.745342e+08
3.795512e+08
2.616492e+08
3.605055e+08
4.50391e+08
5.187454e+08
5.618463e+08
5.774023e+08
5.64623e+08
5.241236e+08
4.578696e+08
3.689595e+08
2.594324e+08
3.57638e+08
4.55496e+08
5.281433e+08
5.732382e+08
5.892408e+08
5.756573e+08
5.330934e+08
4.631683e+08
3.682518e+08
2.5158e+08
3.248141e+08
4.136856e+08
4.795359e+08
5.204187e+08
5.349665e+08
5.227221e+08
4.842173e+08
4.208684e+08
3.346374e+08
2.278956e+08
3.392525e+08
4.280799e+08
4.945053e+08
5.360399e+08
5.509319e+08
5.385589e+08
4.994596e+08
4.352069e+08
3.478989e+08
2.386297e+08
3.605063e+08
4.503918e+08
5.187461e+08
5.618467e+08
5.774025e+08
5.646229e+08
5.241232e+08
4.57869e+08
3.689587e+08
2.594317e+08
3.697309e+08
4.667421e+08
5.3934e+08
5.847144e+08
6.00952e+08
5.873944e+08
5.446582e+08
4.745334e+08
3.795503e+08
2.616485e+08
3.392532e+08
4.280806e+08
4.945059e+08
5.360402e+08
5.509319e+08
5.385586e+08
4.99459e+08
4.352061e+08
3.47898e+08
2.386289e+08
3.576387e+08
4.554967e+08
5.281438e+08
5.732384e+08
5.892406e+08
5.756568e+08
5.330926e+08
4.631673e+08
3.682508e+08
2.515791e+08
3.248149e+08
4.136864e+08
4.795365e+08
5.20419e+08
5.349664e+08
5.227216e+08
4.842165e+08
4.208674e+08
3.346364e+08
2.278947e+08
3.354293e+08
4.288677e+08
4.980259e+08
5.409011e+08
5.561654e+08
5.434007e+08
5.031697e+08
4.369373e+08
3.468484e+08
2.360058e+08
3.605068e+08
4.503923e+08
5.187464e+08
5.618468e+08
5.774023e+08
5.646224e+08
5.241226e+08
4.578682e+08
3.68958e+08
2.594311e+08
3.392539e+08
4.280812e+08
4.945063e+08
5.360402e+08
5.509317e+08
5.385581e+08
4.994582e+08
4.352052e+08
3.478971e+08
2.386282e+08
3.697315e+08
4.667426e+08
5.393403e+08
5.847144e+08
6.009518e+08
5.873939e+08
5.446575e+08
4.745326e+08
3.795496e+08
2.616479e+08
3.576393e+08
4.554971e+08
5.281441e+08
5.732385e+08
5.892404e+08
5.756564e+08
5.33092e+08
4.631666e+08
3.682501e+08
2.515785e+08
3.248156e+08
4.13687e+08
4.795369e+08
5.204191e+08
5.349661e+08
5.22721e+08
4.842157e+08
4.208664e+08
3.346355e+08
2.27894e+08
3.354299e+08
4.288682e+08
4.980263e+08
5.409012e+08
5.561652e+08
5.434002e+08
5.03169e+08
4.369365e+08
3.468476e+08
2.360051e+08
3.60507e+08
4.503924e+08
5.187465e+08
5.618469e+08
5.774022e+08
5.646223e+08
5.241224e+08
4.57868e+08
3.689578e+08
2.59431e+08
3.697315e+08
4.667427e+08
5.393404e+08
5.847145e+08
6.009519e+08
5.87394e+08
5.446576e+08
4.745327e+08
3.795496e+08
2.616479e+08
3.248158e+08
4.136872e+08
4.795371e+08
5.204193e+08
5.349663e+08
5.227212e+08
4.842158e+08
4.208665e+08
3.346355e+08
2.27894e+08
3.392541e+08
4.280814e+08
4.945065e+08
5.360404e+08
5.509318e+08
5.385581e+08
4.994582e+08
4.352051e+08
3.47897e+08
2.386281e+08
3.576393e+08
4.554972e+08
5.281442e+08
5.732386e+08
5.892405e+08
5.756564e+08
5.330921e+08
4.631667e+08
3.682501e+08
2.515785e+08
3.354301e+08
4.288683e+08
4.980264e+08
5.409013e+08
5.561653e+08
5.434003e+08
5.031691e+08
4.369366e+08
3.468476e+08
2.360052e+08
3.605063e+08
4.503917e+08
5.187459e+08
5.618464e+08
5.77402e+08
5.646223e+08
5.241225e+08
4.578683e+08
3.689582e+08
2.594314e+08
3.392534e+08
4.280807e+08
4.945059e+08
5.3604e+08
5.509316e+08
5.385582e+08
4.994585e+08
4.352056e+08
3.478975e+08
2.386286e+08
3.69731e+08
4.667421e+08
5.393399e+08
5.847141e+08
6.009517e+08
5.87394e+08
5.446578e+08
4.74533e+08
3.7955e+08
2.616483e+08
3.576387e+08
4.554966e+08
5.281437e+08
5.732383e+08
5.892404e+08
5.756565e+08
5.330924e+08
4.631671e+08
3.682506e+08
2.51579e+08
3.354294e+08
4.288677e+08
4.980258e+08
5.40901e+08
5.561651e+08
5.434004e+08
5.031694e+08
4.36937e+08
3.468481e+08
2.360056e+08
3.248151e+08
4.136865e+08
4.795365e+08
5.204189e+08
5.349662e+08
5.227213e+08
4.842161e+08
4.20867e+08
3.34636e+08
2.278944e+08
2.002511e+08
2.501998e+08
2.880044e+08
3.119022e+08
3.206971e+08
3.139616e+08
2.920574e+08
2.56108e+08
2.078817e+08
1.490881e+08
1.876224e+08
2.344123e+08
2.695838e+08
2.918233e+08
3.000379e+08
2.9381e+08
2.734613e+08
2.399821e+08
1.946677e+08
1.376622e+08
2.51505e+08
3.183997e+08
3.680539e+08
3.990826e+08
4.103544e+08
4.014553e+08
3.728e+08
3.255687e+08
2.614231e+08
1.818253e+08
2.515051e+08
3.183997e+08
3.680539e+08
3.990826e+08
4.103543e+08
4.014553e+08
3.727999e+08
3.255686e+08
2.61423e+08
1.818253e+08
2.002511e+08
2.501998e+08
2.880044e+08
3.119022e+08
3.206971e+08
3.139616e+08
2.920574e+08
2.56108e+08
2.078817e+08
1.490881e+08
2.766509e+08
3.512066e+08
4.063017e+08
4.405709e+08
4.528792e+08
4.428137e+08
4.108172e+08
3.580981e+08
2.862893e+08
1.971229e+08
1.87623e+08
2.344128e+08
2.695841e+08
2.918234e+08
3.000377e+08
2.938096e+08
2.734606e+08
2.399813e+08
1.946669e+08
1.376615e+08
2.002519e+08
2.502006e+08
2.88005e+08
3.119026e+08
3.206972e+08
3.139615e+08
2.920571e+08
2.561075e+08
2.078812e+08
1.490876e+08
2.51506e+08
3.184007e+08
3.680547e+08
3.990832e+08
4.103547e+08
4.014554e+08
3.727997e+08
3.255682e+08
2.614225e+08
1.818247e+08
2.002519e+08
2.502006e+08
2.880049e+08
3.119025e+08
3.206971e+08
3.139613e+08
2.920569e+08
2.561073e+08
2.078809e+08
1.490875e+08
2.766518e+08
3.512074e+08
4.063024e+08
4.405714e+08
4.528794e+08
4.428135e+08
4.108168e+08
3.580974e+08
2.862885e+08
1.971221e+08
2.515061e+08
3.184007e+08
3.680547e+08
3.990832e+08
4.103546e+08
4.014553e+08
3.727996e+08
3.255681e+08
2.614224e+08
1.818246e+08
2.002526e+08
2.502012e+08
2.880054e+08
3.119027e+08
3.20697e+08
3.139609e+08
2.920563e+08
2.561065e+08
2.078801e+08
1.490868e+08
2.515068e+08
3.184014e+08
3.680551e+08
3.990833e+08
4.103544e+08
4.014547e+08
3.727988e+08
3.255671e+08
2.614214e+08
1.818238e+08
2.002526e+08
2.502012e+08
2.880054e+08
3.119027e+08
3.206969e+08
3.139608e+08
2.920562e+08
2.561064e+08
2.0788e+08
1.490867e+08
1.876237e+08
2.344133e+08
2.695844e+08
2.918234e+08
3.000375e+08
2.938091e+08
2.734599e+08
2.399805e+08
1.94666e+08
1.376608e+08
2.766526e+08
3.512082e+08
4.063029e+08
4.405715e+08
4.528791e+08
4.428128e+08
4.108158e+08
3.580963e+08
2.862874e+08
1.971212e+08
2.515068e+08
3.184014e+08
3.680551e+08
3.990833e+08
4.103544e+08
4.014547e+08
3.727987e+08
3.25567e+08
2.614213e+08
1.818237e+08
2.766531e+08
3.512086e+08
4.063033e+08
4.405717e+08
4.528791e+08
4.428127e+08
4.108155e+08
3.580958e+08
2.862869e+08
1.971208e+08
2.515072e+08
3.184017e+08
3.680554e+08
3.990833e+08
4.103542e+08
4.014543e+08
3.727982e+08
3.255664e+08
2.614207e+08
1.818233e+08
2.515072e+08
3.184017e+08
3.680554e+08
3.990833e+08
4.103542e+08
4.014543e+08
3.727982e+08
3.255664e+08
2.614206e+08
1.818232e+08
2.00253e+08
2.502016e+08
2.880057e+08
3.119029e+08
3.206969e+08
3.139607e+08
2.920559e+08
2.56106e+08
2.078796e+08
1.490863e+08
2.00253e+08
2.502016e+08
2.880057e+08
3.119029e+08
3.20697e+08
3.139607e+08
2.920559e+08
2.56106e+08
2.078796e+08
1.490863e+08
1.876243e+08
2.34414e+08
2.695851e+08
2.918239e+08
3.000379e+08
2.938092e+08
2.734599e+08
2.399802e+08
1.946657e+08
1.376605e+08
2.002524e+08
2.50201e+08
2.880053e+08
3.119027e+08
3.20697e+08
3.139611e+08
2.920565e+08
2.561067e+08
2.078804e+08
1.490869e+08
2.515066e+08
3.184012e+08
3.68055e+08
3.990833e+08
4.103545e+08
4.014549e+08
3.72799e+08
3.255673e+08
2.614216e+08
1.81824e+08
1.876236e+08
2.344133e+08
2.695844e+08
2.918235e+08
3.000376e+08
2.938092e+08
2.734601e+08
2.399806e+08
1.946662e+08
1.376609e+08
2.002525e+08
2.502011e+08
2.880053e+08
3.119027e+08
3.20697e+08
3.13961e+08
2.920563e+08
2.561066e+08
2.078802e+08
1.490868e+08
2.766525e+08
3.51208e+08
4.063028e+08
4.405715e+08
4.528791e+08
4.42813e+08
4.10816e+08
3.580965e+08
2.862876e+08
1.971214e+08
2.515067e+08
3.184013e+08
3.680551e+08
3.990833e+08
4.103545e+08
4.014548e+08
3.727989e+08
3.255672e+08
2.614215e+08
1.818239e+08
2.515057e+08
3.184003e+08
3.680544e+08
3.990829e+08
4.103545e+08
4.014553e+08
3.727997e+08
3.255683e+08
2.614226e+08
1.818249e+08
2.766514e+08
3.51207e+08
4.06302e+08
4.405711e+08
4.528792e+08
4.428135e+08
4.108169e+08
3.580977e+08
2.862888e+08
1.971224e+08
2.002515e+08
2.502002e+08
2.880047e+08
3.119024e+08
3.20697e+08
3.139614e+08
2.920571e+08
2.561075e+08
2.078812e+08
1.490877e+08
2.515056e+08
3.184002e+08
3.680543e+08
3.990829e+08
4.103546e+08
4.014554e+08
3.727999e+08
3.255685e+08
2.614228e+08
1.81825e+08
2.002515e+08
2.502002e+08
2.880047e+08
3.119024e+08
3.206971e+08
3.139615e+08
2.920573e+08
2.561077e+08
2.078814e+08
1.490878e+08
1.876226e+08
2.344124e+08
2.695838e+08
2.918231e+08
3.000376e+08
2.938096e+08
2.734608e+08
2.399816e+08
1.946672e+08
1.376617e+08
2.691107e+08
3.415383e+08
3.95266e+08
4.287776e+08
4.408991e+08
4.312214e+08
4.002036e+08
3.4912e+08
2.798308e+08
1.943751e+08
2.293217e+08
2.889273e+08
3.338725e+08
3.62156e+08
3.725273e+08
3.645744e+08
3.387372e+08
2.963161e+08
2.395184e+08
1.71531e+08
3.174327e+08
4.043706e+08
4.685824e+08
5.084468e+08
5.22706e+08
5.109219e+08
4.736026e+08
4.121065e+08
3.283152e+08
2.245701e+08
2.597509e+08
3.311836e+08
3.842252e+08
4.173253e+08
4.293664e+08
4.199994e+08
3.89727e+08
3.39875e+08
2.724132e+08
1.894945e+08
3.357044e+08
4.289667e+08
4.978017e+08
5.404785e+08
5.557196e+08
5.431043e+08
5.031891e+08
4.374148e+08
3.478087e+08
2.370734e+08
3.106567e+08
3.982923e+08
4.629375e+08
5.030218e+08
5.174059e+08
5.057462e+08
4.686064e+08
4.07401e+08
3.2417e+08
2.215819e+08
3.357051e+08
4.289673e+08
4.978022e+08
5.404789e+08
5.557197e+08
5.431042e+08
5.031888e+08
4.374144e+08
3.478082e+08
2.37073e+08
3.174334e+08
4.043713e+08
4.685829e+08
5.084471e+08
5.227061e+08
5.109217e+08
4.736022e+08
4.121059e+08
3.283146e+08
2.245696e+08
2.691115e+08
3.415391e+08
3.952668e+08
4.287781e+08
4.408993e+08
4.312213e+08
4.002033e+08
3.491195e+08
2.798302e+08
1.943746e+08
2.293226e+08
2.889283e+08
3.338733e+08
3.621567e+08
3.725278e+08
3.645746e+08
3.387372e+08
2.963159e+08
2.395181e+08
1.715307e+08
2.597517e+08
3.311844e+08
3.842259e+08
4.173258e+08
4.293667e+08
4.199995e+08
3.897269e+08
3.398747e+08
2.724128e+08
1.894942e+08
3.106574e+08
3.98293e+08
4.62938e+08
5.030221e+08
5.174061e+08
5.057461e+08
4.686062e+08
4.074006e+08
3.241696e+08
2.215816e+08
2.691124e+08
3.415398e+08
3.952672e+08
4.287781e+08
4.40899e+08
4.312206e+08
4.002022e+08
3.491183e+08
2.79829e+08
1.943736e+08
3.174343e+08
4.043721e+08
4.685834e+08
5.084472e+08
5.227058e+08
5.109209e+08
4.736011e+08
4.121047e+08
3.283133e+08
2.245685e+08
2.293234e+08
2.889289e+08
3.338737e+08
3.621568e+08
3.725274e+08
3.645739e+08
3.387362e+08
2.963147e+08
2.395169e+08
1.715297e+08
2.597526e+08
3.311852e+08
3.842263e+08
4.173259e+08
4.293664e+08
4.199988e+08
3.897258e+08
3.398734e+08
2.724115e+08
1.894931e+08
3.35706e+08
4.289681e+08
4.978027e+08
5.40479e+08
5.557193e+08
5.431035e+08
5.031876e+08
4.374131e+08
3.478069e+08
2.370719e+08
3.106584e+08
3.982938e+08
4.629385e+08
5.030223e+08
5.174057e+08
5.057453e+08
4.68605e+08
4.073992e+08
3.241681e+08
2.215804e+08
3.357066e+08
4.289687e+08
4.978032e+08
5.404793e+08
5.557194e+08
5.431033e+08
5.031873e+08
4.374126e+08
3.478063e+08
2.370714e+08
2.691129e+08
3.415403e+08
3.952675e+08
4.287783e+08
4.408989e+08
4.312203e+08
4.002018e+08
3.491177e+08
2.798283e+08
1.94373e+08
3.10659e+08
3.982944e+08
4.62939e+08
5.030225e+08
5.174057e+08
5.057451e+08
4.686046e+08
4.073986e+08
3.241675e+08
2.215799e+08
2.597531e+08
3.311856e+08
3.842267e+08
4.173261e+08
4.293662e+08
4.199984e+08
3.897252e+08
3.398727e+08
2.724107e+08
1.894925e+08
2.293237e+08
2.889291e+08
3.338738e+08
3.621566e+08
3.725271e+08
3.645734e+08
3.387355e+08
2.963139e+08
2.395161e+08
1.71529e+08
3.174348e+08
4.043727e+08
4.685839e+08
5.084475e+08
5.227059e+08
5.109208e+08
4.736008e+08
4.121042e+08
3.283128e+08
2.245681e+08
3.35706e+08
4.289682e+08
4.978028e+08
5.404791e+08
5.557194e+08
5.431034e+08
5.031876e+08
4.37413e+08
3.478068e+08
2.370718e+08
3.106585e+08
3.98294e+08
4.629387e+08
5.030224e+08
5.174058e+08
5.057453e+08
4.686049e+08
4.073991e+08
3.24168e+08
2.215803e+08
2.597527e+08
3.311854e+08
3.842265e+08
4.173261e+08
4.293665e+08
4.199988e+08
3.897257e+08
3.398733e+08
2.724113e+08
1.89493e+08
3.174342e+08
4.043721e+08
4.685834e+08
5.084473e+08
5.227058e+08
5.10921e+08
4.736012e+08
4.121047e+08
3.283133e+08
2.245686e+08
2.293235e+08
2.88929e+08
3.338739e+08
3.621569e+08
3.725275e+08
3.64574e+08
3.387362e+08
2.963147e+08
2.395169e+08
1.715296e+08
2.691124e+08
3.415398e+08
3.952672e+08
4.287782e+08
4.40899e+08
4.312206e+08
4.002023e+08
3.491183e+08
2.79829e+08
1.943736e+08
3.35705e+08
4.289672e+08
4.97802e+08
5.404786e+08
5.557194e+08
5.431039e+08
5.031884e+08
4.374141e+08
3.478079e+08
2.370727e+08
3.106574e+08
3.982929e+08
4.629379e+08
5.030219e+08
5.174058e+08
5.057457e+08
4.686057e+08
4.074001e+08
3.241691e+08
2.215812e+08
3.174332e+08
4.043711e+08
4.685827e+08
5.084469e+08
5.227059e+08
5.109215e+08
4.73602e+08
4.121058e+08
3.283145e+08
2.245695e+08
2.597517e+08
3.311844e+08
3.842258e+08
4.173257e+08
4.293665e+08
4.199992e+08
3.897265e+08
3.398743e+08
2.724124e+08
1.894938e+08
2.691113e+08
3.415389e+08
3.952665e+08
4.287778e+08
4.408991e+08
4.312211e+08
4.002032e+08
3.491194e+08
2.798301e+08
1.943745e+08
2.293225e+08
2.889281e+08
3.338732e+08
3.621566e+08
3.725276e+08
3.645744e+08
3.38737e+08
2.963157e+08
2.395179e+08
1.715305e+08
3.418517e+08
4.418955e+08
5.156505e+08
5.612645e+08
5.776074e+08
5.644184e+08
5.223728e+08
4.530558e+08
3.588648e+08
2.434025e+08
3.026948e+08
3.91545e+08
4.57079e+08
4.976834e+08
5.123501e+08
5.00854e+08
4.638287e+08
4.027398e+08
3.197412e+08
2.177618e+08
2.950185e+08
3.807158e+08
4.439192e+08
4.831054e+08
4.972659e+08
4.861517e+08
4.503641e+08
3.913188e+08
3.110623e+08
2.122457e+08
3.698971e+08
4.765878e+08
5.553278e+08
6.040143e+08
6.213669e+08
6.070567e+08
5.617689e+08
4.871701e+08
3.858334e+08
2.618887e+08
3.263469e+08
4.201834e+08
4.893369e+08
5.321472e+08
5.474944e+08
5.350754e+08
4.955029e+08
4.302573e+08
3.415083e+08
2.323159e+08
3.627652e+08
4.664597e+08
5.429713e+08
5.903009e+08
6.071667e+08
5.932153e+08
5.491014e+08
4.764349e+08
3.776359e+08
2.564458e+08
3.026953e+08
3.915455e+08
4.570794e+08
4.976837e+08
5.123503e+08
5.00854e+08
4.638286e+08
4.027396e+08
3.19741e+08
2.177616e+08
3.418521e+08
4.418959e+08
5.156509e+08
5.612648e+08
5.776076e+08
5.644185e+08
5.223728e+08
4.530558e+08
3.588647e+08
2.434023e+08
3.263475e+08
4.20184e+08
4.893374e+08
5.321476e+08
5.474946e+08
5.350754e+08
4.955027e+08
4.302571e+08
3.41508e+08
2.323157e+08
3.627657e+08
4.664602e+08
5.429718e+08
5.903012e+08
6.071669e+08
5.932154e+08
5.491014e+08
4.764347e+08
3.776356e+08
2.564456e+08
3.698975e+08
4.765882e+08
5.553281e+08
6.040146e+08
6.213672e+08
6.070569e+08
5.617689e+08
4.871701e+08
3.858333e+08
2.618885e+08
2.950191e+08
3.807164e+08
4.439197e+08
4.831058e+08
4.972661e+08
4.861517e+08
4.503639e+08
3.913186e+08
3.11062e+08
2.122454e+08
3.026964e+08
3.915465e+08
4.570801e+08
4.97684e+08
5.1235e+08
5.008532e+08
4.638273e+08
4.027381e+08
3.197395e+08
2.177604e+08
2.950201e+08
3.807173e+08
4.439203e+08
4.831059e+08
4.972658e+08
4.861509e+08
4.503627e+08
3.913171e+08
3.110605e+08
2.122442e+08
3.263485e+08
4.201849e+08
4.89338e+08
5.321477e+08
5.474942e+08
5.350746e+08
4.955015e+08
4.302556e+08
3.415065e+08
2.323144e+08
3.418531e+08
4.418969e+08
5.156516e+08
5.61265e+08
5.776073e+08
5.644177e+08
5.223715e+08
4.530542e+08
3.588631e+08
2.434011e+08
3.627667e+08
4.664611e+08
5.429724e+08
5.903013e+08
6.071665e+08
5.932145e+08
5.491001e+08
4.764332e+08
3.776342e+08
2.564444e+08
3.698985e+08
4.765891e+08
5.553288e+08
6.040148e+08
6.213669e+08
6.07056e+08
5.617676e+08
4.871686e+08
3.858319e+08
2.618873e+08
3.418539e+08
4.418975e+08
5.156521e+08
5.612653e+08
5.776072e+08
5.644173e+08
5.223709e+08
4.530534e+08
3.588623e+08
2.434004e+08
2.950208e+08
3.80718e+08
4.439208e+08
4.831062e+08
4.972658e+08
4.861505e+08
4.503621e+08
3.913163e+08
3.110597e+08
2.122435e+08
3.698991e+08
4.765897e+08
5.553292e+08
6.040151e+08
6.213668e+08
6.070558e+08
5.617672e+08
4.87168e+08
3.858312e+08
2.618867e+08
3.627673e+08
4.664617e+08
5.429728e+08
5.903016e+08
6.071665e+08
5.932143e+08
5.490997e+08
4.764327e+08
3.776335e+08
2.564439e+08
3.263491e+08
4.201855e+08
4.893385e+08
5.32148e+08
5.474943e+08
5.350744e+08
4.95501e+08
4.302549e+08
3.415058e+08
2.323139e+08
3.026971e+08
3.915472e+08
4.570806e+08
4.976842e+08
5.1235e+08
5.008528e+08
4.638267e+08
4.027372e+08
3.197386e+08
2.177596e+08
3.62767e+08
4.664614e+08
5.429726e+08
5.903015e+08
6.071666e+08
5.932145e+08
5.491e+08
4.76433e+08
3.776339e+08
2.564442e+08
3.263487e+08
4.201851e+08
4.893382e+08
5.321479e+08
5.474943e+08
5.350746e+08
4.955014e+08
4.302554e+08
3.415063e+08
2.323142e+08
3.418537e+08
4.418973e+08
5.156519e+08
5.612652e+08
5.776073e+08
5.644174e+08
5.223711e+08
4.530537e+08
3.588626e+08
2.434007e+08
3.026968e+08
3.915469e+08
4.570804e+08
4.976842e+08
5.1235e+08
5.00853e+08
4.63827e+08
4.027377e+08
3.19739e+08
2.1776e+08
3.698989e+08
4.765895e+08
5.553291e+08
6.04015e+08
6.213669e+08
6.070559e+08
5.617674e+08
4.871682e+08
3.858314e+08
2.61887e+08
2.950205e+08
3.807177e+08
4.439206e+08
4.831061e+08
4.972658e+08
4.861508e+08
4.503625e+08
3.913168e+08
3.110602e+08
2.122439e+08
3.418527e+08
4.418964e+08
5.156512e+08
5.612648e+08
5.776073e+08
5.644178e+08
5.223718e+08
4.530546e+08
3.588636e+08
2.434015e+08
3.698979e+08
4.765885e+08
5.553283e+08
6.040145e+08
6.213668e+08
6.070561e+08
5.61768e+08
4.871691e+08
3.858323e+08
2.618877e+08
3.026958e+08
3.915459e+08
4.570796e+08
4.976837e+08
5.1235e+08
5.008534e+08
4.638277e+08
4.027386e+08
3.1974e+08
2.177608e+08
3.62766e+08
4.664604e+08
5.429718e+08
5.90301e+08
6.071665e+08
5.932148e+08
5.491006e+08
4.764339e+08
3.776349e+08
2.56445e+08
3.263477e+08
4.201841e+08
4.893374e+08
5.321474e+08
5.474943e+08
5.350749e+08
4.955021e+08
4.302563e+08
3.415073e+08
2.323151e+08
2.950194e+08
3.807167e+08
4.439198e+08
4.831057e+08
4.972658e+08
4.861511e+08
4.503632e+08
3.913178e+08
3.110612e+08
2.122447e+08
3.026949e+08
3.915451e+08
4.57079e+08
4.976834e+08
5.123501e+08
5.00854e+08
4.638286e+08
4.027397e+08
3.197412e+08
2.177618e+08
3.627654e+08
4.664598e+08
5.429714e+08
5.903009e+08
6.071666e+08
5.932153e+08
5.491013e+08
4.764348e+08
3.776357e+08
2.564458e+08
3.418517e+08
4.418955e+08
5.156505e+08
5.612645e+08
5.776074e+08
5.644184e+08
5.223728e+08
4.530558e+08
3.588648e+08
2.434025e+08
3.26347e+08
4.201835e+08
4.89337e+08
5.321472e+08
5.474944e+08
5.350754e+08
4.955028e+08
4.302572e+08
3.415081e+08
2.323158e+08
2.950186e+08
3.807159e+08
4.439192e+08
4.831054e+08
4.972659e+08
4.861516e+08
4.50364e+08
3.913188e+08
3.110623e+08
2.122456e+08
3.698971e+08
4.765878e+08
5.553278e+08
6.040143e+08
6.213669e+08
6.070567e+08
5.617688e+08
4.871701e+08
3.858334e+08
2.618886e+08
3.627654e+08
4.664599e+08
5.429715e+08
5.90301e+08
6.071669e+08
5.932155e+08
5.491016e+08
4.76435e+08
3.77636e+08
2.564459e+08
3.263471e+08
4.201836e+08
4.893371e+08
5.321474e+08
5.474946e+08
5.350756e+08
4.95503e+08
4.302574e+08
3.415083e+08
2.32316e+08
2.950187e+08
3.807161e+08
4.439194e+08
4.831056e+08
4.972661e+08
4.861518e+08
4.503641e+08
3.913188e+08
3.110623e+08
2.122457e+08
3.698973e+08
4.76588e+08
5.55328e+08
6.040146e+08
6.213671e+08
6.070569e+08
5.617689e+08
4.871702e+08
3.858334e+08
2.618887e+08
3.026951e+08
3.915453e+08
4.570793e+08
4.976837e+08
5.123503e+08
5.008541e+08
4.638287e+08
4.027397e+08
3.197411e+08
2.177617e+08
3.41852e+08
4.418958e+08
5.156508e+08
5.612648e+08
5.776076e+08
5.644185e+08
5.223728e+08
4.530558e+08
3.588647e+08
2.434024e+08
3.418531e+08
4.418968e+08
5.156515e+08
5.61265e+08
5.776074e+08
5.644177e+08
5.223716e+08
4.530543e+08
3.588632e+08
2.434011e+08
3.026962e+08
3.915463e+08
4.5708e+08
4.976839e+08
5.123501e+08
5.008533e+08
4.638275e+08
4.027382e+08
3.197396e+08
2.177605e+08
3.698983e+08
4.76589e+08
5.553287e+08
6.040148e+08
6.213669e+08
6.070561e+08
5.617678e+08
4.871688e+08
3.85832e+08
2.618874e+08
2.950198e+08
3.807171e+08
4.439202e+08
4.831059e+08
4.972659e+08
4.861511e+08
4.50363e+08
3.913174e+08
3.110609e+08
2.122445e+08
3.627664e+08
4.664609e+08
5.429722e+08
5.903013e+08
6.071666e+08
5.932148e+08
5.491004e+08
4.764336e+08
3.776345e+08
2.564447e+08
3.263481e+08
4.201846e+08
4.893378e+08
5.321477e+08
5.474944e+08
5.350749e+08
4.955019e+08
4.30256e+08
3.415069e+08
2.323148e+08
3.698991e+08
4.765896e+08
5.553292e+08
6.04015e+08
6.213668e+08
6.070557e+08
5.617671e+08
4.871679e+08
3.858311e+08
2.618867e+08
3.418538e+08
4.418975e+08
5.15652e+08
5.612652e+08
5.776072e+08
5.644172e+08
5.223708e+08
4.530534e+08
3.588622e+08
2.434004e+08
3.627672e+08
4.664615e+08
5.429727e+08
5.903015e+08
6.071665e+08
5.932143e+08
5.490996e+08
4.764327e+08
3.776336e+08
2.564439e+08
3.26349e+08
4.201853e+08
4.893383e+08
5.321479e+08
5.474942e+08
5.350743e+08
4.95501e+08
4.30255e+08
3.415058e+08
2.323139e+08
3.026971e+08
3.915471e+08
4.570805e+08
4.976842e+08
5.123499e+08
5.008528e+08
4.638267e+08
4.027372e+08
3.197386e+08
2.177596e+08
2.950207e+08
3.807179e+08
4.439207e+08
4.831061e+08
4.972657e+08
4.861505e+08
4.503621e+08
3.913164e+08
3.110598e+08
2.122436e+08
3.263491e+08
4.201854e+08
4.893385e+08
5.32148e+08
5.474943e+08
5.350744e+08
4.955011e+08
4.302551e+08
3.415059e+08
2.32314e+08
2.950207e+08
3.807179e+08
4.439208e+08
4.831062e+08
4.972658e+08
4.861506e+08
4.503623e+08
3.913165e+08
3.110599e+08
2.122437e+08
3.627673e+08
4.664616e+08
5.429728e+08
5.903016e+08
6.071666e+08
5.932144e+08
5.490998e+08
4.764328e+08
3.776337e+08
2.56444e+08
3.02697e+08
3.915471e+08
4.570805e+08
4.976842e+08
5.1235e+08
5.00853e+08
4.638269e+08
4.027375e+08
3.197389e+08
2.177599e+08
3.69899e+08
4.765896e+08
5.553292e+08
6.040151e+08
6.213669e+08
6.070558e+08
5.617673e+08
4.871682e+08
3.858314e+08
2.618869e+08
3.418537e+08
4.418974e+08
5.15652e+08
5.612653e+08
5.776073e+08
5.644174e+08
5.223711e+08
4.530537e+08
3.588626e+08
2.434006e+08
3.418528e+08
4.418965e+08
5.156512e+08
5.612648e+08
5.776073e+08
5.644177e+08
5.223717e+08
4.530545e+08
3.588635e+08
2.434014e+08
3.698981e+08
4.765887e+08
5.553285e+08
6.040146e+08
6.213668e+08
6.070561e+08
5.617678e+08
4.871689e+08
3.858321e+08
2.618876e+08
3.02696e+08
3.915461e+08
4.570798e+08
4.976838e+08
5.1235e+08
5.008533e+08
4.638276e+08
4.027384e+08
3.197398e+08
2.177607e+08
2.950198e+08
3.80717e+08
4.4392e+08
4.831058e+08
4.972658e+08
4.86151e+08
4.503629e+08
3.913174e+08
3.110609e+08
2.122445e+08
3.263482e+08
4.201845e+08
4.893378e+08
5.321476e+08
5.474942e+08
5.350747e+08
4.955017e+08
4.302558e+08
3.415067e+08
2.323147e+08
3.627664e+08
4.664608e+08
5.429721e+08
5.903012e+08
6.071664e+08
5.932146e+08
5.491002e+08
4.764334e+08
3.776344e+08
2.564446e+08
2.293222e+08
2.889278e+08
3.33873e+08
3.621565e+08
3.725276e+08
3.645746e+08
3.387373e+08
2.963161e+08
2.395184e+08
1.715309e+08
3.357046e+08
4.289668e+08
4.978017e+08
5.404785e+08
5.557195e+08
5.431042e+08
5.031888e+08
4.374146e+08
3.478084e+08
2.370732e+08
3.106569e+08
3.982925e+08
4.629376e+08
5.030218e+08
5.174059e+08
5.057461e+08
4.686063e+08
4.074008e+08
3.241698e+08
2.215818e+08
2.597512e+08
3.311839e+08
3.842254e+08
4.173255e+08
4.293666e+08
4.199995e+08
3.89727e+08
3.39875e+08
2.724131e+08
1.894944e+08
3.174329e+08
4.043708e+08
4.685825e+08
5.084468e+08
5.227059e+08
5.109216e+08
4.736023e+08
4.121061e+08
3.283148e+08
2.245698e+08
2.69111e+08
3.415386e+08
3.952663e+08
4.287777e+08
4.408991e+08
4.312213e+08
4.002035e+08
3.491198e+08
2.798305e+08
1.943749e+08
2.59751e+08
3.311838e+08
3.842253e+08
4.173254e+08
4.293665e+08
4.199995e+08
3.89727e+08
3.39875e+08
2.724132e+08
1.894945e+08
3.106569e+08
3.982924e+08
4.629376e+08
5.030219e+08
5.17406e+08
5.057463e+08
4.686065e+08
4.074011e+08
3.241701e+08
2.21582e+08
2.691107e+08
3.415383e+08
3.952661e+08
4.287776e+08
4.408991e+08
4.312214e+08
4.002036e+08
3.4912e+08
2.798308e+08
1.943751e+08
2.293218e+08
2.889274e+08
3.338726e+08
3.621561e+08
3.725274e+08
3.645745e+08
3.387372e+08
2.963161e+08
2.395184e+08
1.71531e+08
3.357045e+08
4.289667e+08
4.978018e+08
5.404786e+08
5.557197e+08
5.431044e+08
5.031892e+08
4.374149e+08
3.478088e+08
2.370734e+08
3.174327e+08
4.043707e+08
4.685824e+08
5.084468e+08
5.227061e+08
5.10922e+08
4.736027e+08
4.121066e+08
3.283153e+08
2.245702e+08
2.691118e+08
3.415393e+08
3.952669e+08
4.287781e+08
4.408992e+08
4.312211e+08
4.00203e+08
3.491191e+08
2.798298e+08
1.943743e+08
2.293229e+08
2.889285e+08
3.338735e+08
3.621567e+08
3.725277e+08
3.645744e+08
3.387368e+08
2.963154e+08
2.395177e+08
1.715302e+08
3.174336e+08
4.043715e+08
4.68583e+08
5.084472e+08
5.22706e+08
5.109215e+08
4.736019e+08
4.121056e+08
3.283142e+08
2.245693e+08
2.597521e+08
3.311848e+08
3.842261e+08
4.173259e+08
4.293666e+08
4.199992e+08
3.897263e+08
3.398741e+08
2.724121e+08
1.894936e+08
3.357054e+08
4.289676e+08
4.978024e+08
5.40479e+08
5.557195e+08
5.431039e+08
5.031882e+08
4.374137e+08
3.478076e+08
2.370724e+08
3.106579e+08
3.982934e+08
4.629383e+08
5.030222e+08
5.174059e+08
5.057457e+08
4.686055e+08
4.073998e+08
3.241688e+08
2.215809e+08
2.293236e+08
2.889291e+08
3.338739e+08
3.621568e+08
3.725274e+08
3.645738e+08
3.38736e+08
2.963145e+08
2.395167e+08
1.715294e+08
3.174344e+08
4.043722e+08
4.685835e+08
5.084473e+08
5.227058e+08
5.109208e+08
4.736009e+08
4.121044e+08
3.28313e+08
2.245683e+08
3.106587e+08
3.982941e+08
4.629388e+08
5.030224e+08
5.174057e+08
5.057451e+08
4.686046e+08
4.073987e+08
3.241677e+08
2.2158e+08
2.597528e+08
3.311854e+08
3.842265e+08
4.17326e+08
4.293664e+08
4.199986e+08
3.897255e+08
3.398731e+08
2.724111e+08
1.894928e+08
2.691125e+08
3.415399e+08
3.952673e+08
4.287781e+08
4.408989e+08
4.312205e+08
4.002021e+08
3.491181e+08
2.798288e+08
1.943734e+08
3.357063e+08
4.289684e+08
4.978029e+08
5.404791e+08
5.557193e+08
5.431033e+08
5.031873e+08
4.374126e+08
3.478064e+08
2.370715e+08
3.174348e+08
4.043727e+08
4.685839e+08
5.084476e+08
5.227059e+08
5.109209e+08
4.736009e+08
4.121043e+08
3.283128e+08
2.245681e+08
3.357065e+08
4.289687e+08
4.978032e+08
5.404793e+08
5.557195e+08
5.431034e+08
5.031874e+08
4.374127e+08
3.478064e+08
2.370715e+08
3.106589e+08
3.982944e+08
4.62939e+08
5.030226e+08
5.174058e+08
5.057452e+08
4.686047e+08
4.073987e+08
3.241676e+08
2.2158e+08
2.691128e+08
3.415403e+08
3.952675e+08
4.287783e+08
4.40899e+08
4.312203e+08
4.002018e+08
3.491177e+08
2.798284e+08
1.943731e+08
2.293237e+08
2.889291e+08
3.338738e+08
3.621567e+08
3.725271e+08
3.645734e+08
3.387355e+08
2.96314e+08
2.395162e+08
1.715291e+08
2.59753e+08
3.311856e+08
3.842267e+08
4.173261e+08
4.293663e+08
4.199984e+08
3.897253e+08
3.398728e+08
2.724108e+08
1.894926e+08
2.597523e+08
3.31185e+08
3.842262e+08
4.173259e+08
4.293664e+08
4.199989e+08
3.89726e+08
3.398737e+08
2.724117e+08
1.894933e+08
3.106581e+08
3.982935e+08
4.629383e+08
5.030221e+08
5.174057e+08
5.057454e+08
4.686052e+08
4.073995e+08
3.241684e+08
2.215807e+08
3.357057e+08
4.289679e+08
4.978025e+08
5.404789e+08
5.557193e+08
5.431035e+08
5.031878e+08
4.374132e+08
3.478071e+08
2.37072e+08
2.293232e+08
2.889287e+08
3.338736e+08
3.621567e+08
3.725275e+08
3.645741e+08
3.387364e+08
2.96315e+08
2.395172e+08
1.715299e+08
2.691121e+08
3.415396e+08
3.952671e+08
4.287781e+08
4.40899e+08
4.312207e+08
4.002025e+08
3.491185e+08
2.798292e+08
1.943738e+08
3.17434e+08
4.043719e+08
4.685832e+08
5.084471e+08
5.227058e+08
5.10921e+08
4.736013e+08
4.121048e+08
3.283135e+08
2.245687e+08
9.834854e+07
1.206831e+08
1.378216e+08
1.488266e+08
1.52964e+08
1.499389e+08
1.399086e+08
1.234245e+08
1.011972e+08
7.311148e+07
8.136564e+07
9.973801e+07
1.138138e+08
1.228469e+08
1.262392e+08
1.237441e+08
1.15487e+08
1.019183e+08
8.365725e+07
6.109568e+07
1.371301e+08
1.688689e+08
1.932308e+08
2.088355e+08
2.146746e+08
2.103645e+08
1.96144e+08
1.728134e+08
1.41437e+08
1.014359e+08
1.371301e+08
1.688689e+08
1.932308e+08
2.088355e+08
2.146746e+08
2.103645e+08
1.96144e+08
1.728134e+08
1.41437e+08
1.014359e+08
9.83485e+07
1.206831e+08
1.378216e+08
1.488266e+08
1.529639e+08
1.499389e+08
1.399086e+08
1.234246e+08
1.011972e+08
7.31115e+07
1.557803e+08
1.933814e+08
2.217526e+08
2.397884e+08
2.464951e+08
2.414781e+08
2.24997e+08
1.978698e+08
1.609863e+08
1.132404e+08
9.834892e+07
1.206834e+08
1.378218e+08
1.488266e+08
1.529637e+08
1.499385e+08
1.39908e+08
1.234239e+08
1.011965e+08
7.311092e+07
8.136596e+07
9.973827e+07
1.13814e+08
1.228469e+08
1.26239e+08
1.237438e+08
1.154866e+08
1.019178e+08
8.365674e+07
6.109522e+07
1.371305e+08
1.688692e+08
1.932309e+08
2.088354e+08
2.146743e+08
2.10364e+08
1.961433e+08
1.728126e+08
1.414362e+08
1.014352e+08
9.834886e+07
1.206834e+08
1.378218e+08
1.488266e+08
1.529638e+08
1.499385e+08
1.399081e+08
1.23424e+08
1.011966e+08
7.311099e+07
1.371305e+08
1.688692e+08
1.93231e+08
2.088355e+08
2.146744e+08
2.103641e+08
1.961434e+08
1.728127e+08
1.414363e+08
1.014353e+08
1.557808e+08
1.933818e+08
2.217528e+08
2.397883e+08
2.464948e+08
2.414775e+08
2.249962e+08
1.978689e+08
1.609855e+08
1.132397e+08
9.83494e+07
1.206839e+08
1.378221e+08
1.488267e+08
1.529637e+08
1.499382e+08
1.399076e+08
1.234234e+08
1.01196e+08
7.311039e+07
9.834944e+07
1.206839e+08
1.378221e+08
1.488267e+08
1.529637e+08
1.499382e+08
1.399076e+08
1.234233e+08
1.011959e+08
7.311034e+07
1.371312e+08
1.688698e+08
1.932313e+08
2.088356e+08
2.146742e+08
2.103636e+08
1.961427e+08
1.728119e+08
1.414354e+08
1.014345e+08
8.136642e+07
9.973867e+07
1.138142e+08
1.228471e+08
1.26239e+08
1.237436e+08
1.154862e+08
1.019173e+08
8.365617e+07
6.10947e+07
1.371312e+08
1.688698e+08
1.932313e+08
2.088356e+08
2.146742e+08
2.103637e+08
1.961428e+08
1.728119e+08
1.414355e+08
1.014345e+08
1.557814e+08
1.933823e+08
2.217531e+08
2.397884e+08
2.464946e+08
2.414771e+08
2.249956e+08
1.978681e+08
1.609846e+08
1.13239e+08
1.557822e+08
1.933831e+08
2.217539e+08
2.397891e+08
2.464951e+08
2.414774e+08
2.249957e+08
1.97868e+08
1.609844e+08
1.132388e+08
8.136679e+07
9.973906e+07
1.138146e+08
1.228474e+08
1.262392e+08
1.237437e+08
1.154862e+08
1.019172e+08
8.365604e+07
6.109457e+07
1.371318e+08
1.688704e+08
1.932319e+08
2.088361e+08
2.146746e+08
2.103639e+08
1.961428e+08
1.728118e+08
1.414353e+08
1.014343e+08
1.371318e+08
1.688704e+08
1.93232e+08
2.088361e+08
2.146746e+08
2.103639e+08
1.961428e+08
1.728118e+08
1.414353e+08
1.014343e+08
9.834982e+07
1.206843e+08
1.378225e+08
1.488271e+08
1.529639e+08
1.499384e+08
1.399076e+08
1.234233e+08
1.011958e+08
7.311022e+07
9.834983e+07
1.206843e+08
1.378225e+08
1.488271e+08
1.52964e+08
1.499384e+08
1.399077e+08
1.234233e+08
1.011958e+08
7.311023e+07
8.136634e+07
9.973861e+07
1.138142e+08
1.228471e+08
1.26239e+08
1.237436e+08
1.154863e+08
1.019174e+08
8.36563e+07
6.109484e+07
9.834927e+07
1.206837e+08
1.37822e+08
1.488267e+08
1.529637e+08
1.499383e+08
1.399078e+08
1.234235e+08
1.011961e+08
7.311055e+07
1.37131e+08
1.688696e+08
1.932313e+08
2.088356e+08
2.146743e+08
2.103638e+08
1.961429e+08
1.728121e+08
1.414357e+08
1.014347e+08
9.834933e+07
1.206838e+08
1.378221e+08
1.488267e+08
1.529637e+08
1.499383e+08
1.399077e+08
1.234235e+08
1.01196e+08
7.311049e+07
1.371311e+08
1.688697e+08
1.932313e+08
2.088356e+08
2.146743e+08
2.103637e+08
1.961428e+08
1.72812e+08
1.414356e+08
1.014346e+08
1.557813e+08
1.933822e+08
2.217531e+08
2.397884e+08
2.464947e+08
2.414772e+08
2.249957e+08
1.978683e+08
1.609848e+08
1.132392e+08
9.83487e+07
1.206832e+08
1.378216e+08
1.488265e+08
1.529637e+08
1.499385e+08
1.399081e+08
1.234241e+08
1.011967e+08
7.311107e+07
8.136577e+07
9.973809e+07
1.138138e+08
1.228468e+08
1.26239e+08
1.237439e+08
1.154866e+08
1.019179e+08
8.365689e+07
6.109536e+07
9.834862e+07
1.206832e+08
1.378216e+08
1.488265e+08
1.529637e+08
1.499386e+08
1.399082e+08
1.234242e+08
1.011968e+08
7.311114e+07
1.371303e+08
1.688689e+08
1.932307e+08
2.088353e+08
2.146742e+08
2.10364e+08
1.961434e+08
1.728127e+08
1.414364e+08
1.014353e+08
1.557805e+08
1.933815e+08
2.217525e+08
2.397881e+08
2.464947e+08
2.414776e+08
2.249964e+08
1.978691e+08
1.609857e+08
1.132399e+08
1.371302e+08
1.688689e+08
1.932307e+08
2.088353e+08
2.146743e+08
2.103641e+08
1.961435e+08
1.728129e+08
1.414366e+08
1.014354e+08
0
0
0
0
0
0
0
0
0
0
0
0
0
0
0
0
0
0
0
0
0
0
0
0
0
0
0
0
0
0
0
0
0
0
0
0
0
0
0
0
0
0
0
0
0
0
0
0
0
0
0
0
0
0
0
0
0
0
0
0
0
0
0
0
0
0
0
0
0
0
0
0
0
0
0
0
0
0
0
0
0
0
0
0
0
0
0
0
0
0
0
0
0
0
0
0
0
0
0
0
0
0
0
0
0
0
0
0
0
0
0
0
0
0
0
0
0
0
0
0
0
0
0
0
0
0
0
0
0
0
0
0
0
0
0
0
0
0
0
0
0
0
0
0
0
0
0
0
0
0
0
0
0
0
0
0
0
0
0
0
0
0
0
0
0
0
0
0
0
0
0
0
0
0
0
0
0
0
0
0
0
0
0
0
0
0
0
0
0
0
0
0
0
0
0
0
0
0
0
0
0
0
0
0
0
0
0
0
0
0
0
0
0
0
0
0
0
0
0
0
0
0
0
0
0
0
0
0
0
0
0
0
0
0
0
0
0
0
0
0
0
0
0
0
0
0
0
0
0
0
0
0
0
0
0
0
0
0
0
0
0
0
0
0
0
0
0
0
0
0
0
0
0
0
0
0
0
0
0
0
0
0
0
0
0
0
0
0
0
0
0
0
0
0
0
0
0
0
0
0
0
0
0
0
0
0
0
0
0
0
0
0
0
0
0
0
0
0
0
0
0
0
0
0
0
0
0
0
0
0
0
0
0
0
0
0
0
0
0
0
0
0
0
0
0
0
0
0
0
0
0
0
0
0
0
0
0
0
0
0
2.304731e+08
2.93818e+08
3.409831e+08
3.705111e+08
3.81355e+08
3.731982e+08
3.465236e+08
3.025932e+08
2.432484e+08
1.701367e+08
2.463855e+08
3.166726e+08
3.68711e+08
4.011269e+08
4.129642e+08
4.039712e+08
3.746853e+08
3.264082e+08
2.610098e+08
1.805389e+08
1.774167e+08
2.223586e+08
2.566368e+08
2.784079e+08
2.865354e+08
2.806588e+08
2.611736e+08
2.292509e+08
1.868537e+08
1.360453e+08
1.514948e+08
1.922085e+08
2.23047e+08
2.425657e+08
2.499063e+08
2.448335e+08
2.277383e+08
1.996826e+08
1.625034e+08
1.189536e+08
1.433049e+08
1.798187e+08
2.077234e+08
2.254981e+08
2.322027e+08
2.275478e+08
2.118834e+08
1.8623e+08
1.523339e+08
1.124437e+08
2.054182e+08
2.636777e+08
3.070584e+08
3.342203e+08
3.442792e+08
3.370102e+08
3.129062e+08
2.73186e+08
2.197101e+08
1.546505e+08
1.514954e+08
1.922091e+08
2.230476e+08
2.425662e+08
2.499067e+08
2.448338e+08
2.277384e+08
1.996826e+08
1.625033e+08
1.189535e+08
2.05419e+08
2.636786e+08
3.070593e+08
3.34221e+08
3.442798e+08
3.370107e+08
3.129065e+08
2.731861e+08
2.197101e+08
1.546505e+08
1.433053e+08
1.798191e+08
2.077237e+08
2.254984e+08
2.322027e+08
2.275477e+08
2.118832e+08
1.862297e+08
1.523336e+08
1.124434e+08
1.774174e+08
2.223593e+08
2.566374e+08
2.784084e+08
2.865357e+08
2.80659e+08
2.611735e+08
2.292507e+08
1.868534e+08
1.36045e+08
2.30474e+08
2.938189e+08
3.40984e+08
3.705118e+08
3.813555e+08
3.731985e+08
3.465237e+08
3.025931e+08
2.432482e+08
1.701365e+08
2.463862e+08
3.166733e+08
3.687117e+08
4.011275e+08
4.129646e+08
4.039714e+08
3.746853e+08
3.264081e+08
2.610096e+08
1.805387e+08
2.304749e+08
2.938197e+08
3.409845e+08
3.705119e+08
3.813553e+08
3.731978e+08
3.465227e+08
3.025919e+08
2.432469e+08
1.701354e+08
2.463872e+08
3.166742e+08
3.687123e+08
4.011277e+08
4.129643e+08
4.039707e+08
3.746842e+08
3.264067e+08
2.610082e+08
1.805376e+08
1.774181e+08
2.223599e+08
2.566378e+08
2.784085e+08
2.865355e+08
2.806584e+08
2.611727e+08
2.292497e+08
1.868524e+08
1.360441e+08
2.0542e+08
2.636795e+08
3.070598e+08
3.342212e+08
3.442795e+08
3.3701e+08
3.129054e+08
2.731848e+08
2.197088e+08
1.546494e+08
1.43306e+08
1.798197e+08
2.07724e+08
2.254984e+08
2.322025e+08
2.275472e+08
2.118824e+08
1.862288e+08
1.523326e+08
1.124425e+08
1.514961e+08
1.922098e+08
2.23048e+08
2.425664e+08
2.499065e+08
2.448333e+08
2.277376e+08
1.996816e+08
1.625023e+08
1.189525e+08
1.774186e+08
2.223603e+08
2.56638e+08
2.784085e+08
2.865353e+08
2.80658e+08
2.611721e+08
2.29249e+08
1.868516e+08
1.360434e+08
1.433066e+08
1.798202e+08
2.077245e+08
2.254987e+08
2.322026e+08
2.27547e+08
2.118821e+08
1.862283e+08
1.52332e+08
1.124419e+08
1.514965e+08
1.922101e+08
2.230482e+08
2.425663e+08
2.499062e+08
2.448327e+08
2.277369e+08
1.996808e+08
1.625014e+08
1.189518e+08
2.304753e+08
2.9382e+08
3.409846e+08
3.705118e+08
3.813549e+08
3.731972e+08
3.465219e+08
3.02591e+08
2.43246e+08
1.701347e+08
2.463877e+08
3.166747e+08
3.687126e+08
4.011277e+08
4.129641e+08
4.039702e+08
3.746835e+08
3.264059e+08
2.610074e+08
1.805368e+08
2.054204e+08
2.636797e+08
3.070599e+08
3.34221e+08
3.44279e+08
3.370093e+08
3.129045e+08
2.731837e+08
2.197077e+08
1.546485e+08
1.433063e+08
1.7982e+08
2.077243e+08
2.254986e+08
2.322026e+08
2.275472e+08
2.118823e+08
1.862286e+08
1.523324e+08
1.124423e+08
2.054203e+08
2.636798e+08
3.070601e+08
3.342214e+08
3.442796e+08
3.370099e+08
3.129052e+08
2.731844e+08
2.197084e+08
1.54649e+08
1.774184e+08
2.223602e+08
2.56638e+08
2.784087e+08
2.865356e+08
2.806585e+08
2.611727e+08
2.292496e+08
1.868522e+08
1.360439e+08
2.304751e+08
2.938199e+08
3.409847e+08
3.705121e+08
3.813553e+08
3.731978e+08
3.465226e+08
3.025918e+08
2.432468e+08
1.701352e+08
1.514965e+08
1.922101e+08
2.230483e+08
2.425665e+08
2.499066e+08
2.448332e+08
2.277374e+08
1.996813e+08
1.625019e+08
1.189522e+08
2.463875e+08
3.166745e+08
3.687125e+08
4.011278e+08
4.129644e+08
4.039706e+08
3.74684e+08
3.264065e+08
2.61008e+08
1.805373e+08
2.304741e+08
2.93819e+08
3.40984e+08
3.705117e+08
3.813554e+08
3.731982e+08
3.465234e+08
3.025927e+08
2.432478e+08
1.701361e+08
2.463865e+08
3.166735e+08
3.687118e+08
4.011274e+08
4.129643e+08
4.03971e+08
3.746848e+08
3.264075e+08
2.61009e+08
1.805381e+08
1.774176e+08
2.223594e+08
2.566374e+08
2.784084e+08
2.865356e+08
2.806588e+08
2.611732e+08
2.292504e+08
1.868531e+08
1.360446e+08
2.054194e+08
2.636789e+08
3.070594e+08
3.34221e+08
3.442795e+08
3.370102e+08
3.129058e+08
2.731853e+08
2.197093e+08
1.546498e+08
1.433055e+08
1.798192e+08
2.077237e+08
2.254983e+08
2.322025e+08
2.275474e+08
2.118828e+08
1.862293e+08
1.523331e+08
1.124429e+08
1.514956e+08
1.922093e+08
2.230477e+08
2.425662e+08
2.499065e+08
2.448334e+08
2.277379e+08
1.996821e+08
1.625027e+08
1.189529e+08
2.112641e+08
2.720946e+08
3.173702e+08
3.456857e+08
3.561679e+08
3.486169e+08
3.235547e+08
2.822442e+08
2.26652e+08
1.592566e+08
1.597133e+08
2.043168e+08
2.380176e+08
2.59285e+08
2.6729e+08
2.61841e+08
2.433764e+08
2.130345e+08
1.728574e+08
1.2627e+08
1.597134e+08
2.04317e+08
2.380178e+08
2.592852e+08
2.672902e+08
2.618413e+08
2.433766e+08
2.130346e+08
1.728576e+08
1.262701e+08
2.61329e+08
3.379935e+08
3.946913e+08
4.299372e+08
4.428053e+08
4.330963e+08
4.014042e+08
3.491056e+08
2.782335e+08
1.91354e+08
2.61329e+08
3.379935e+08
3.946914e+08
4.299373e+08
4.428054e+08
4.330963e+08
4.014042e+08
3.491056e+08
2.782334e+08
1.91354e+08
2.112638e+08
2.720944e+08
3.173699e+08
3.456855e+08
3.561676e+08
3.486167e+08
3.235546e+08
2.822441e+08
2.266519e+08
1.592566e+08
1.597136e+08
2.04317e+08
2.380178e+08
2.592851e+08
2.672901e+08
2.618411e+08
2.433763e+08
2.130343e+08
1.728573e+08
1.262699e+08
2.112641e+08
2.720947e+08
3.173702e+08
3.456857e+08
3.561677e+08
3.486168e+08
3.235545e+08
2.822439e+08
2.266518e+08
1.592565e+08
2.613293e+08
3.379938e+08
3.946916e+08
4.299374e+08
4.428055e+08
4.330964e+08
4.014041e+08
3.491055e+08
2.782333e+08
1.913539e+08
2.112644e+08
2.72095e+08
3.173705e+08
3.45686e+08
3.56168e+08
3.48617e+08
3.235546e+08
2.82244e+08
2.266518e+08
1.592565e+08
1.597137e+08
2.043172e+08
2.38018e+08
2.592853e+08
2.672903e+08
2.618413e+08
2.433765e+08
2.130345e+08
1.728574e+08
1.2627e+08
2.613294e+08
3.379939e+08
3.946917e+08
4.299375e+08
4.428055e+08
4.330964e+08
4.014041e+08
3.491055e+08
2.782333e+08
1.913538e+08
2.613304e+08
3.379948e+08
3.946923e+08
4.299377e+08
4.428053e+08
4.330956e+08
4.01403e+08
3.491041e+08
2.782319e+08
1.913527e+08
2.112654e+08
2.720959e+08
3.173712e+08
3.456862e+08
3.561678e+08
3.486163e+08
3.235536e+08
2.822427e+08
2.266504e+08
1.592553e+08
2.112653e+08
2.720958e+08
3.173711e+08
3.456862e+08
3.561678e+08
3.486164e+08
3.235537e+08
2.822429e+08
2.266506e+08
1.592554e+08
2.613305e+08
3.379949e+08
3.946924e+08
4.299378e+08
4.428052e+08
4.330956e+08
4.014029e+08
3.49104e+08
2.782318e+08
1.913526e+08
1.597147e+08
2.043182e+08
2.380188e+08
2.592858e+08
2.672904e+08
2.61841e+08
2.433759e+08
2.130336e+08
1.728564e+08
1.262691e+08
1.597147e+08
2.043182e+08
2.380188e+08
2.592858e+08
2.672904e+08
2.61841e+08
2.433759e+08
2.130336e+08
1.728565e+08
1.262691e+08
1.597151e+08
2.043185e+08
2.380188e+08
2.592855e+08
2.672898e+08
2.618402e+08
2.433749e+08
2.130325e+08
1.728553e+08
1.262682e+08
2.11266e+08
2.720964e+08
3.173714e+08
3.456862e+08
3.561675e+08
3.486157e+08
3.235527e+08
2.822417e+08
2.266495e+08
1.592545e+08
1.597152e+08
2.043186e+08
2.38019e+08
2.592858e+08
2.672901e+08
2.618404e+08
2.433751e+08
2.130327e+08
1.728555e+08
1.262683e+08
2.112661e+08
2.720965e+08
3.173716e+08
3.456864e+08
3.561677e+08
3.486159e+08
3.23553e+08
2.822419e+08
2.266496e+08
1.592546e+08
2.613312e+08
3.379956e+08
3.946929e+08
4.29938e+08
4.428051e+08
4.330952e+08
4.014022e+08
3.491031e+08
2.782309e+08
1.913518e+08
2.613312e+08
3.379956e+08
3.946929e+08
4.29938e+08
4.428052e+08
4.330952e+08
4.014022e+08
3.491031e+08
2.782309e+08
1.913518e+08
1.59715e+08
2.043184e+08
2.380187e+08
2.592855e+08
2.672899e+08
2.618403e+08
2.43375e+08
2.130327e+08
1.728555e+08
1.262684e+08
2.112658e+08
2.720963e+08
3.173714e+08
3.456862e+08
3.561675e+08
3.486158e+08
3.235529e+08
2.82242e+08
2.266497e+08
1.592547e+08
1.597151e+08
2.043185e+08
2.380189e+08
2.592857e+08
2.672901e+08
2.618405e+08
2.433753e+08
2.130329e+08
1.728558e+08
1.262685e+08
2.613311e+08
3.379954e+08
3.946928e+08
4.29938e+08
4.428052e+08
4.330953e+08
4.014025e+08
3.491034e+08
2.782312e+08
1.913521e+08
2.112659e+08
2.720963e+08
3.173715e+08
3.456864e+08
3.561678e+08
3.486161e+08
3.235532e+08
2.822423e+08
2.2665e+08
1.592549e+08
2.61331e+08
3.379954e+08
3.946928e+08
4.29938e+08
4.428053e+08
4.330954e+08
4.014025e+08
3.491035e+08
2.782312e+08
1.913521e+08
1.597144e+08
2.043179e+08
2.380185e+08
2.592857e+08
2.672904e+08
2.618411e+08
2.433761e+08
2.130339e+08
1.728568e+08
1.262694e+08
1.597144e+08
2.043179e+08
2.380185e+08
2.592857e+08
2.672903e+08
2.61841e+08
2.433761e+08
2.130339e+08
1.728567e+08
1.262693e+08
2.11265e+08
2.720955e+08
3.173709e+08
3.45686e+08
3.561678e+08
3.486164e+08
3.235538e+08
2.822431e+08
2.266508e+08
1.592556e+08
2.112649e+08
2.720954e+08
3.173708e+08
3.45686e+08
3.561678e+08
3.486165e+08
3.235539e+08
2.822432e+08
2.266509e+08
1.592557e+08
2.6133e+08
3.379944e+08
3.94692e+08
4.299375e+08
4.428052e+08
4.330958e+08
4.014032e+08
3.491044e+08
2.782322e+08
1.913529e+08
2.613301e+08
3.379945e+08
3.946921e+08
4.299376e+08
4.428052e+08
4.330957e+08
4.014032e+08
3.491043e+08
2.782322e+08
1.913529e+08
1.774171e+08
2.223589e+08
2.566371e+08
2.784082e+08
2.865356e+08
2.80659e+08
2.611736e+08
2.292509e+08
1.868536e+08
1.360452e+08
2.304735e+08
2.938184e+08
3.409836e+08
3.705115e+08
3.813554e+08
3.731985e+08
3.465239e+08
3.025934e+08
2.432485e+08
1.701367e+08
1.43305e+08
1.798188e+08
2.077234e+08
2.254982e+08
2.322026e+08
2.275477e+08
2.118833e+08
1.862299e+08
1.523338e+08
1.124436e+08
2.463858e+08
3.166729e+08
3.687113e+08
4.011272e+08
4.129644e+08
4.039714e+08
3.746855e+08
3.264084e+08
2.610099e+08
1.805389e+08
1.514951e+08
1.922088e+08
2.230473e+08
2.42566e+08
2.499066e+08
2.448338e+08
2.277385e+08
1.996828e+08
1.625035e+08
1.189536e+08
2.054186e+08
2.636782e+08
3.070589e+08
3.342208e+08
3.442796e+08
3.370107e+08
3.129066e+08
2.731863e+08
2.197104e+08
1.546507e+08
2.463857e+08
3.166728e+08
3.687112e+08
4.011271e+08
4.129643e+08
4.039713e+08
3.746853e+08
3.264082e+08
2.610098e+08
1.805389e+08
2.304733e+08
2.938181e+08
3.409833e+08
3.705112e+08
3.813551e+08
3.731982e+08
3.465237e+08
3.025932e+08
2.432484e+08
1.701367e+08
2.054185e+08
2.63678e+08
3.070587e+08
3.342205e+08
3.442793e+08
3.370103e+08
3.129062e+08
2.731859e+08
2.1971e+08
1.546504e+08
1.774169e+08
2.223587e+08
2.566369e+08
2.784081e+08
2.865355e+08
2.806589e+08
2.611735e+08
2.292508e+08
1.868536e+08
1.360452e+08
1.514949e+08
1.922087e+08
2.230471e+08
2.425658e+08
2.499064e+08
2.448335e+08
2.277383e+08
1.996825e+08
1.625033e+08
1.189535e+08
1.43305e+08
1.798188e+08
2.077235e+08
2.254983e+08
2.322027e+08
2.275478e+08
2.118834e+08
1.862299e+08
1.523338e+08
1.124436e+08
1.433058e+08
1.798195e+08
2.077239e+08
2.254984e+08
2.322026e+08
2.275473e+08
2.118827e+08
1.862291e+08
1.523329e+08
1.124427e+08
1.514959e+08
1.922096e+08
2.230479e+08
2.425663e+08
2.499066e+08
2.448334e+08
2.277378e+08
1.996818e+08
1.625025e+08
1.189527e+08
2.054197e+08
2.636792e+08
3.070597e+08
3.342212e+08
3.442796e+08
3.370101e+08
3.129056e+08
2.731851e+08
2.19709e+08
1.546496e+08
1.774179e+08
2.223597e+08
2.566377e+08
2.784086e+08
2.865357e+08
2.806587e+08
2.611731e+08
2.292501e+08
1.868528e+08
1.360444e+08
2.463869e+08
3.166739e+08
3.687121e+08
4.011276e+08
4.129644e+08
4.039709e+08
3.746845e+08
3.264071e+08
2.610086e+08
1.805379e+08
2.304745e+08
2.938194e+08
3.409843e+08
3.705119e+08
3.813554e+08
3.731981e+08
3.465231e+08
3.025924e+08
2.432474e+08
1.701358e+08
2.463877e+08
3.166747e+08
3.687126e+08
4.011278e+08
4.129643e+08
4.039704e+08
3.746838e+08
3.264062e+08
2.610076e+08
1.80537e+08
2.054205e+08
2.6368e+08
3.070603e+08
3.342214e+08
3.442795e+08
3.370097e+08
3.129049e+08
2.731841e+08
2.19708e+08
1.546487e+08
1.514966e+08
1.922103e+08
2.230483e+08
2.425665e+08
2.499065e+08
2.44833e+08
2.277372e+08
1.996811e+08
1.625017e+08
1.18952e+08
1.774186e+08
2.223603e+08
2.566381e+08
2.784087e+08
2.865355e+08
2.806583e+08
2.611724e+08
2.292493e+08
1.868519e+08
1.360437e+08
2.304753e+08
2.938201e+08
3.409847e+08
3.705121e+08
3.813552e+08
3.731976e+08
3.465224e+08
3.025915e+08
2.432465e+08
1.70135e+08
1.433064e+08
1.798201e+08
2.077244e+08
2.254986e+08
2.322025e+08
2.27547e+08
2.118822e+08
1.862284e+08
1.523322e+08
1.124421e+08
2.463877e+08
3.166746e+08
3.687125e+08
4.011277e+08
4.129641e+08
4.039702e+08
3.746836e+08
3.26406e+08
2.610075e+08
1.80537e+08
2.304752e+08
2.9382e+08
3.409846e+08
3.705118e+08
3.813549e+08
3.731972e+08
3.46522e+08
3.02591e+08
2.432461e+08
1.701348e+08
2.054203e+08
2.636797e+08
3.070599e+08
3.34221e+08
3.442791e+08
3.370094e+08
3.129046e+08
2.731839e+08
2.197079e+08
1.546487e+08
1.774186e+08
2.223603e+08
2.56638e+08
2.784086e+08
2.865353e+08
2.80658e+08
2.611721e+08
2.29249e+08
1.868517e+08
1.360435e+08
1.514965e+08
1.922101e+08
2.230481e+08
2.425663e+08
2.499063e+08
2.448328e+08
2.27737e+08
1.996809e+08
1.625016e+08
1.18952e+08
1.433065e+08
1.798202e+08
2.077245e+08
2.254987e+08
2.322026e+08
2.275471e+08
2.118822e+08
1.862284e+08
1.523322e+08
1.124421e+08
1.433058e+08
1.798195e+08
2.077239e+08
2.254984e+08
2.322025e+08
2.275473e+08
2.118826e+08
1.86229e+08
1.523329e+08
1.124427e+08
1.514959e+08
1.922096e+08
2.230478e+08
2.425663e+08
2.499065e+08
2.448334e+08
2.277378e+08
1.996819e+08
1.625026e+08
1.189528e+08
1.774179e+08
2.223597e+08
2.566376e+08
2.784084e+08
2.865355e+08
2.806585e+08
2.611729e+08
2.292499e+08
1.868526e+08
1.360443e+08
2.304746e+08
2.938194e+08
3.409843e+08
3.705118e+08
3.813553e+08
3.731979e+08
3.46523e+08
3.025922e+08
2.432473e+08
1.701357e+08
2.463869e+08
3.166739e+08
3.68712e+08
4.011275e+08
4.129643e+08
4.039708e+08
3.746845e+08
3.264071e+08
2.610086e+08
1.805379e+08
2.054196e+08
2.636791e+08
3.070596e+08
3.342211e+08
3.442795e+08
3.370101e+08
3.129057e+08
2.731851e+08
2.197092e+08
1.546497e+08
0
0
0
0
0
0
0
0
0
0
0
0
0
0
0
0
0
0
0
0
0
0
0
0
0
0
0
0
0
0
0
0
0
0
0
0
0
0
0
0
0
0
0
0
0
0
0
0
0
0
0
0
0
0
0
0
0
0
0
0
0
0
0
0
0
0
0
0
0
0
0
0
0
0
0
0
0
0
0
0
0
0
0
0
0
0
0
0
0
0
0
0
0
0
0
0
0
0
0
0
0
0
0
0
0
0
0
0
0
0
0
0
0
0
0
0
0
0
0
0
0
0
0
0
0
0
0
0
0
0
0
0
0
0
0
0
0
0
0
0
0
0
0
0
0
0
0
0
0
0
0
0
0
0
0
0
0
0
0
0
0
0
0
0
0
0
0
0
0
0
0
0
0
0
0
0
0
0
0
0
0
0
0
0
0
0
0
0
0
0
0
0
0
0
0
0
0
0
0
0
0
0
0
0
0
0
0
0
0
0
0
0
0
0
0
0
0
0
0
0
0
0
0
0
0
0
0
0
0
0
0
0
0
0
0
0
0
0
0
0
0
0
0
0
0
0
0
0
0
0
0
0
0
0
0
0
0
0
0
0
0
0
0
0
0
0
0
0
0
0
0
0
0
0
0
0
0
0
0
0
0
0
0
0
0
0
0
0
0
0
0
0
0
0
0
0
0
0
0
0
0
0
0
0
0
0
0
0
0
0
0
0
0
0
0
0
0
0
0
0
0
0
0
0
0
0
0
0
0
0
0
0
0
0
0
0
0
0
0
0
0
0
0
0
0
0
0
0
0
0
0
0
0
0
0
0
0
0
0
0
0
0
0
0
0
0
0
0
0
0
0
0
0
0
0
0
0
0
0
0
0
0
0
0
0
0
0
0
0
0
0
0
0
0
0
0
0
0
0
0
0
0
0
0
0
0
0
0
0
0
0
0
0
0
0
0
0
0
0
0
0
0
0
0
0
0
0
0
0
0
0
0
0
0
0
0
0
0
0
0
0
0
0
0
0
0
0
0
0
0
0
0
0
0
0
0
0
0
0
0
0
0
0
0
0
0
0
0
0
0
0
0
0
0
0
0
0
0
0
0
0
0
0
0
0
0
0
0
0
0
0
0
0
0
0
0
0
0
0
0
0
0
0
0
0
0
0
0
0
0
0
0
0
0
0
0
0
0
0
0
0
0
0
0
0
0
0
0
0
0
0
0
0
0
0
0
0
0
0
0
0
0
0
0
0
0
0
0
0
0
0
0
0
0
0
0
0
0
0
0
0
0
0
0
0
0
0
0
0
0
0
0
0
0
0
0
0
0
0
0
0
0
0
0
0
0
0
0
0
0
0
0
0
0
0
0
0
0
0
0
0
0
0
0
0
0
0
0
0
0
0
0
0
0
0
0
0
0
0
0
0
0
0
0
0
0
0
0
0
0
0
0
0
0
0
0
0
0
0
0
0
0
0
0
0
0
0
0
0
0
0
0
0
0
0
0
0
0
0
0
0
0
0
0
0
0
0
0
0
0
0
0
0
0
0
0
0
0
0
0
0
0
0
0
0
0
0
0
0
0
0
0
0
0
0
0
0
0
0
0
0
0
0
0
0
0
0
0
0
0
0
0
0
0
0
0
0
0
0
0
0
0
0
0
0
0
0
0
0
0
0
0
0
0
0
0
0
0
0
0
0
0
0
0
0
0
0
0
0
0
0
0
0
0
0
0
0
0
0
0
0
0
0
0
0
0
0
0
0
0
0
0
0
0
0
0
0
0
0
0
0
0
0
0
0
0
0
0
0
0
0
0
0
0
0
0
0
0
0
0
0
0
0
0
0
0
0
0
0
0
0
0
0
0
0
0
0
0
0
0
0
0
0
0
0
0
0
0
0
0
0
0
0
0
0
0
0
0
0
0
0
0
0
0
0
0
0
0
0
0
0
0
0
0
0
0
0
0
0
0
0
0
0
0
0
0
0
0
0
0
0
0
0
0
0
0
0
0
0
0
0
0
0
0
0
0
0
0
0
0
0
0
0
0
0
0
0
0
0
0
0
0
0
0
0
0
0
0
0
0
0
0
0
0
0
0
0
0
0
0
0
0
0
0
0
0
0
0
0
0
0
0
0
0
0
0
0
0
0
0
0
0
0
0
0
0
0
0
0
0
0
0
0
0
0
0
0
0
0
0
0
0
0
0
0
0
0
0
0
0
0
0
0
0
0
0
0
0
0
0
0
0
0
0
0
0
0
0
0
0
0
0
0
0
0
0
0
0
0
0
0
0
0
0
0
0
0
0
0
0
0
0
0
0
0
0
0
0
0
0
0
0
0
0
0
0
0
0
0
0
0
0
0
0
0
0
0
0
0
0
0
0
0
0
0
0
0
0
0
0
0
0
0
0
0
0
0
0
0
0
0
0
0
0
0
0
0
0
0
0
0
0
0
0
0
0
0
0
0
0
0
0
0
0
0
0
0
0
0
0
0
0
0
0
0
0
0
0
0
0
0
0
0
0
0
0
0
0
0
0
0
0
0
0
0
0
0
0
0
0
0
0
0
0
0
0
0
0
0
0
0
0
0
0
0
0
0
0
0
0
0
0
0
0
0
0
0
0
0
0
0
0
0
0
0
0
0
0
0
0
0
0
0
0
0
0
0
0
0
0
0
0
0
0
0
0
0
0
0
0
0
0
0
0
0
0
0
0
0
0
0
0
0
0
0
0
0
0
0
0
0
0
0
0
0
0
0
0
0
0
0
0
0
0
0
0
0
0
0
0
0
0
0
0
0
0
0
0
0
0
0
0
0
0
0
0
0
0
0
0
0
0
0
0
0
0
0
0
0
0
0
0
0
0
0
0
0
0
0
0
0
0
0
0
0
0
0
0
0
0
0
0
0
0
0
0
0
0
0
0
0
0
0
0
0
0
0
0
0
0
0
0
0
0
0
0
0
0
0
0
0
0
0
0
0
0
0
0
0
0
0
0
0
0
0
0
0
0
0
0
0
0
0
0
0
0
0
0
0
0
0
0
0
0
0
0
0
0
0
0
0
0
0
0
0
0
0
0
0
0
0
0
0
0
0
0
0
0
0
0
0
0
0
0
0
0
0
0
0
0
0
0
0
0
0
0
0
0
0
0
0
0
0
0
0
0
0
0
0
0
0
0
0
0
0
0
0
0
0
0
0
0
0
0
0
0
0
0
0
0
0
0
0
0
0
0
0
0
0
0
0
0
0
0
0
0
0
0
0
0
0
0
0
0
0
0
0
0
0
0
0
0
0
0
0
0
0
0
0
0
0
0
0
0
0
0
0
0
0
0
0
0
0
0
0
0
0
0
0
0
0
0
0
0
0
0
0
0
0
0
0
0
0
0
0
0
0
0
0
0
0
0
0
0
0
0
0
0
0
0
0
0
0
0
0
0
0
0
0
0
0
0
0
0
0
0
0
0
0
0
0
0
0
0
0
0
0
0
0
0
0
0
0
0
0
0
0
0
0
0
0
0
0
0
0
0
0
0
0
0
0
0
0
0
0
0
0
0
0
0
0
0
0
0
0
0
0
0
0
0
0
0
0
0
0
0
0
0
0
0
0
0
0
0
0
0
0
0
0
0
0
0
0
0
0
0
0
0
0
0
0
0
0
0
0
0
0
0
0
0
0
0
0
0
0
0
0
0
0
0
0
0
0
0
0
0
0
0
0
0
0
0
0
0
0
0
0
0
0
0
0
0
0
0
0
0
0
0
0
0
0
0
0
0
0
0
0
0
0
0
0
0
0
0
0
0
0
0
0
0
0
0
0
0
0
0
0
0
0
0
0
0
0
0
0
0
0
0
0
0
0
0
0
0
0
0
0
0
0
0
0
0
0
0
0
0
0
0
0
0
0
0
0
0
0
0
0
0
0
0
0
0
0
0
0
0
0
0
0
0
0
0
0
0
0
0
0
0
0
0
0
0
0
0
0
0
0
0
0
0
0
0
0
0
0
0
0
0
0
0
0
0
0
0
0
0
0
0
0
0
0
0
0
0
0
0
0
0
0
0
0
0
0
0
0
0
0
0
0
0
0
0
0
0
0
0
0
0
0
0
0
0
0
0
0
0
0
0
0
0
0
0
0
0
0
0
0
0
0
0
0
0
0
0
0
0
0
0
0
0
0
0
0
0
0
0
0
0
0
0
0
0
0
0
0
0
0
0
0
0
0
0
0
0
0
0
0
0
0
0
0
0
0
0
0
0
0
0
0
0
0
0
0
0
0
0
0
0
0
0
0
0
0
0
0
0
0
0
0
0
0
0
0
0
0
0
0
0
0
0
0
0
0
0
0
0
0
0
0
0
0
0
0
0
0
0
0
0
0
0
0
0
0
0
0
0
0
0
0
0
0
0
0
0
0
0
0
0
0
0
0
0
0
0
0
0
0
0
0
0
0
0
0
0
0
0
0
0
0
0
0
0
0
0
0
0
0
0
0
0
0
0
0
0
0
0
0
0
0
0
0
0
0
0
0
0
0
0
0
0
0
0
0
0
0
0
0
0
0
0
0
0
0
0
0
0
0
0
0
0
0
0
0
0
0
0
0
0
0
0
0
0
0
0
0
0
0
0
0
0
0
0
0
0
0
0
0
0
0
0
0
0
0
0
0
0
0
0
0
0
0
0
0
0
0
0
0
0
0
0
0
0
0
0
0
0
0
0
0
0
0
0
0
0
0
0
0
0
0
0
0
0
0
0
0
0
0
0
0
0
0
0
0
0
0
0
0
0
0
0
0
0
0
0
0
0
0
0
0
0
0
0
0
0
0
0
0
0
0
0
0
0
0
0
0
0
0
0
0
0
0
0
0
0
0
0
0
0
0
0
0
0
0
0
0
0
0
0
0
0
0
0
0
0
0
0
0
0
0
0
0
0
0
0
0
0
0
0
0
0
0
0
0
0
0
0
0
0
0
0
0
0
0
0
0
0
0
0
0
0
0
0
0
0
0
0
0
0
0
0
0
0
0
0
0
0
0
0
0
0
0
0
0
0
0
0
0
0
0
0
0
0
0
0
0
0
0
0
0
0
0
0
0
0
0
0
0
0
0
0
0
0
0
0
0
0
0
0
0
0
0
0
0
0
0
0
0
0
0
0
0
0
0
0
0
0
0
0
0
0
0
0
0
0
0
0
0
0
0
0
0
0
0
0
0
0
0
0
0
0
0
0
0
0
0
0
0
0
0
0
0
0
0
0
0
0
0
0
0
0
0
0
0
0
0
0
0
0
0
0
0
0
0
0
0
0
0
0
0
0
0
0
0
0
0
0
0
0
0
0
0
0
0
0
0
0
0
0
0
0
0
0
0
0
0
0
0
0
0
0
0
0
0
0
0
0
0
0
0
0
0
0
0
0
0
0
0
0
0
0
0
0
0
0
0
0
0
0
0
0
0
0
0
0
0
0
0
0
0
0
0
0
0
0
0
0
0
0
0
0
0
0
0
0
0
0
0
0
0
0
0
0
0
0
0
0
0
0
0
0
0
0
0
0
0
0
0
0
0
0
0
0
0
0
0
0
0
0
0
0
0
0
0
0
0
0
0
0
0
0
0
0
0
0
0
0
0
0
0
0
0
0
0
0
0
0
0
0
0
0
0
0
0
0
0
0
0
0
0
0
0
0
0
0
0
0
0
0
0
0
0
0
0
0
0
0
0
0
0
0
0
0
0
0
0
0
0
0
0
0
0
0
0
0
0
0
0
0
0
0
0
0
0
0
0
0
0
0
0
0
0
0
0
0
0
0
0
0
0
0
0
0
0
0
0
0
0
0
0
0
0
0
0
0
0
0
0
0
0
0
0
0
0
0
0
0
0
0
0
0
0
0
0
0
0
0
0
0
0
0
0
0
0
0
0
0
0
0
0
0
0
0
0
0
0
0
0
0
0
0
0
0
0
0
0
0
0
0
0
0
0
0
0
0
0
0
0
0
0
0
0
0
0
0
0
0
0
0
0
0
0
0
0
0
0
0
0
0
0
0
0
0
0
0
0
0
0
0
0
0
0
0
0
0
0
0
0
0
0
0
0
0
0
0
0
0
0
0
0
0
0
0
0
0
0
0
0
0
0
0
0
0
0
0
0
0
0
0
0
0
0
0
0
0
0
0
0
0
0
0
0
0
0
0
0
0
0
0
0
0
0
0
0
0
0
0
0
0
0
0
0
0
0
0
0
0
0
0
0
0
0
0
0
0
0
0
0
0
0
0
0
0
0
0
0
0
0
0
0
0
0
0
0
0
0
0
0
0
0
0
0
0
0
0
0
0
0
0
0
0
0
0
0
0
0
0
0
0
0
0
0
0
0
0
0
0
0
0
0
0
0
0
0
0
0
0
0
0
0
0
0
0
0
0
0
0
0
0
0
0
0
0
0
0
0
0
0
0
0
0
0
0
0
0
0
0
0
0
0
0
0
0
0
0
0
0
0
0
0
0
0
0
0
0
0
0
0
0
0
0
0
0
0
0
0
0
0
0
0
0
0
0
0
0
0
0
0
0
0
0
0
0
0
0
0
0
0
0
0
0
0
0
0
0
0
0
0
0
0
0
0
0
0
0
0
0
0
0
0
0
0
0
0
0
0
0
0
0
0
0
0
0
0
0
0
0
0
0
0
0
0
0
0
0
0
0
0
0
0
0
0
0
0
0
0
0
0
0
0
0
0
0
0
0
0
0
0
0
0
0
0
0
0
0
0
0
0
0
0
0
0
0
0
0
0
0
0
0
0
0
0
0
0
0
0
0
0
0
0
0
0
0
0
0
0
0
0
0
0
0
0
0
0
0
0
0
0
0
0
0
0
0
0
0
0
0
0
0
0
0
0
0
0
0
0
0
0
0
0
0
0
0
0
0
0
0
0
0
0
0
0
0
0
0
0
0
0
0
0
0
0
0
0
0
0
0
0
0
0
0
0
0
0
0
0
0
0
0
0
0
0
0
0
0
0
0
0
0
0
0
0
0
0
0
0
0
0
0
0
0
0
0
0
0
0
0
0
0
0
0
0
0
0
0
0
0
0
0
0
0
0
0
0
0
0
0
0
0
0
0
0
0
0
0
0
0
0
0
0
0
0
0
0
0
0
0
0
0
0
0
0
0
0
0
0
0
0
0
0
0
0
0
0
0
0
0
0
0
0
0
0
0
0
0
0
0
0
0
0
0
0
0
0
0
0
0
0
0
0
0
0
0
0
0
0
0
0
0
0
0
0
0
0
0
0
0
0
0
0
0
0
0
0
0
0
0
0
0
0
0
0
0
0
0
0
0
0
0
0
0
0
0
0
0
0
0
0
0
0
0
0
0
0
0
0
0
0
0
0
0
0
0
0
0
0
0
0
0
0
0
0
0
0
0
0
0
0
0
0
0
0
0
0
0
0
0
0
0
0
0
0
0
0
0
0
0
0
0
0
0
0
0
0
0
0
0
0
0
0
0
0
0
0
0
0
0
0
0
0
0
0
0
0
0
0
0
0
0
0
0
0
0
0
0
0
0
0
0
0
0
0
0
0
0
0
0
0
0
0
0
0
0
0
0
0
0
0
0
0
0
0
0
0
0
0
0
0
0
0
0
0
0
0
0
0
0
0
0
0
0
0
0
0
0
0
0
0
0
0
0
0
0
0
0
0
0
0
0
0
0
0
0
0
0
0
0
0
0
0
0
0
0
0
0
0
0
0
0
0
0
0
0
0
0
0
0
0
0
0
0
0
0
0
0
0
0
0
0
0
0
0
0
0
0
0
0
0
0
0
0
0
0
0
0
0
0
0
0
0
0
0
0
0
0
0
0
0
0
0
0
0
0
0
0
0
0
0
0
0
0
0
0
0
0
0
0
0
0
0
0
0
0
0
0
0
0
0
0
0
0
0
0
0
0
0
0
0
0
0
0
0
0
0
0
0
0
0
0
0
0
0
0
0
0
0
0
0
0
0
0
0
0
0
0
0
0
0
0
0
0
0
0
0
0
0
0
0
0
0
0
0
0
0
0
0
0
0
0
0
0
0
0
0
0
0
0
0
0
0
0
0
0
0
0
0
0
0
0
0
0
0
0
0
0
0
0
0
0
0
0
0
0
0
0
0
0
0
0
0
0
0
0
0
0
0
0
0
0
0
0
0
0
0
0
0
0
0
0
0
0
0
0
0
0
0
0
0
0
0
0
0
0
0
0
0
0
0
0
0
0
0
0
0
0
0
0
0
0
0
0
0
0
0
0
0
0
0
0
0
0
0
0
0
0
0
0
0
0
0
0
0
0
0
0
0
0
0
0
0
0
0
0
0
0
0
0
0
0
0
0
0
0
0
0
0
0
0
0
0
0
0
0
0
0
0
0
0
0
0
0
0
0
0
0
0
0
0
0
0
0
0
0
0
0
0
0
0
0
0
0
0
0
0
0
0
0
0
0
0
0
0
0
0
0
0
0
0
0
0
0
0
0
0
0
0
0
0
0
0
0
0
0
0
0
0
0
0
0
0
0
0
0
0
0
0
0
0
0
0
0
0
0
0
0
0
0
0
0
0
0
0
0
0
0
0
0
0
0
0
0
0
0
0
0
0
0
0
0
0
0
0
0
0
0
0
0
0
0
0
0
0
0
0
0
0
0
0
0
0
0
0
0
0
0
0
0
0
0
0
0
0
0
0
0
0
0
0
0
0
0
0
0
0
0
0
0
0
0
0
0
0
0
0
0
0
0
0
0
0
0
0
0
0
0
0
0
0
0
0
0
0
0
0
0
0
0
0
0
0
0
0
0
0
0
0
0
0
0
0
0
0
0
0
0
0
0
0
0
0
0
0
0
0
0
0
0
0
0
0
0
0
0
0
0
0
0
0
0
0
0
0
0
0
0
0
0
0
0
0
0
0
0
0
0
0
0
0
0
0
0
0
0
0
0
0
0
0
0
0
0
0
0
0
0
0
0
0
0
0
0
0
0
0
0
0
0
0
0
0
0
0
0
0
0
0
0
0
0
0
0
0
0
0
0
0
0
0
0
0
0
0
0
0
0
0
0
0
0
0
0
0
0
0
0
0
0
0
0
0
0
0
0
0
0
0
0
0
0
0
0
0
0
0
0
0
0
0
0
0
0
0
0
0
0
0
0
0
0
0
0
0
0
0
0
0
0
0
0
0
0
0
0
0
0
0
0
0
0
0
0
0
0
0
0
0
0
0
0
0
0
0
0
0
0
0
0
0
0
0
0
0
0
0
0
0
0
0
0
0
0
0
0
0
0
0
0
0
0
0
0
0
0
0
0
0
0
0
0
0
0
0
0
0
0
0
0
0
0
0
0
0
0
0
0
0
0
0
0
0
0
0
0
0
0
0
0
0
0
0
0
0
0
0
0
0
0
0
0
0
0
0
0
0
0
0
0
0
0
0
0
0
0
0
0
0
0
0
0
0
0
0
0
0
0
0
0
0
0
0
0
0
0
0
0
0
0
0
0
0
0
0
0
0
0
0
0
0
0
0
0
0
0
0
0
0
0
0
0
0
0
0
0
0
0
0
0
0
0
0
0
0
0
0
0
0
0
0
0
0
0
0
0
0
0
0
0
0
0
0
0
0
0
0
0
0
0
0
0
0
0
0
0
0
0
0
0
0
0
0
0
0
0
0
0
0
0
0
0
0
0
0
0
0
0
0
0
0
0
0
0
0
0
0
0
0
0
0
0
0
0
0
0
0
0
0
0
0
0
0
0
0
0
0
0
0
0
0
0
0
0
0
0
0
0
0
0
0
0
0
0
0
0
0
0
0
0
0
0
0
0
0
0
0
0
0
0
0
0
0
0
0
0
0
0
0
0
0
0
0
0
0
0
0
0
0
0
0
0
0
0
0
0
0
0
0
0
0
0
0
0
0
0
0
0
0
0
0
0
0
0
0
0
0
0
0
0
0
0
0
0
0
0
0
0
0
0
0
0
0
0
0
0
0
0
0
0
0
0
0
0
0
0
0
0
0
0
0
0
0
0
0
0
0
0
0
0
0
0
0
0
0
0
0
0
0
0
0
0
0
0
0
0
0
0
0
0
0
0
0
0
0
0
0
0
0
0
0
0
0
0
0
0
0
0
0
0
0
0
0
0
0
0
0
0
0
0
0
0
0
0
0
0
0
0
0
0
0
0
0
0
0
0
0
0
0
0
0
0
0
0
0
0
0
0
0
0
0
0
0
0
0
0
0
0
0
0
0
0
0
0
0
0
0
0
0
0
0
0
0
0
0
0
0
0
0
0
0
0
0
0
0
0
0
0
0
0
0
0
0
0
0
0
0
0
0
0
0
0
0
0
0
0
0
0
0
0
0
0
0
0
0
0
0
0
0
0
0
0
0
0
0
0
0
0
0
0
0
0
0
0
0
0
0
0
0
0
0
0
0
0
0
0
0
0
0
0
0
0
0
0
0
0
0
0
0
0
0
0
0
0
0
0
0
0
0
0
0
0
0
0
0
0
0
0
0
0
0
0
0
0
0
0
0
0
0
0
0
0
0
0
0
0
0
0
0
0
0
0
0
0
0
0
0
0
0
0
0
0
0
0
0
0
0
0
0
0
0
0
0
0
0
0
0
0
0
0
0
0
0
0
0
0
0
0
0
0
0
0
0
0
0
0
0
0
0
0
0
0
0
0
0
0
0
0
0
0
0
0
0
0
0
0
0
0
0
0
0
0
0
0
0
0
0
0
0
0
0
0
0
0
0
0
0
0
0
0
0
0
0
0
0
0
0
0
0
0
0
0
0
0
0
0
0
0
0
0
0
0
0
0
0
0
0
0
0
0
0
0
0
0
0
0
0
0
0
0
0
0
0
0
0
0
0
0
0
0
0
0
0
0
0
0
0
0
0
0
0
0
0
0
0
0
0
0
0
0
0
0
0
0
0
0
0
0
0
0
0
0
0
0
0
0
0
0
0
0
0
0
0
0
0
0
0
0
0
0
0
0
0
0
0
0
0
0
0
0
0
0
0
0
0
0
0
0
0
0
0
0
0
0
0
0
0
0
0
0
0
0
0
0
0
0
0
0
0
0
0
0
0
0
0
0
0
0
0
0
0
0
0
0
0
0
0
0
0
0
0
0
0
0
0
0
0
0
0
0
0
0
0
0
0
0
0
0
0
0
0
0
0
0
0
0
0
0
0
0
0
0
0
0
0
0
0
0
0
0
0
0
0
0
0
0
0
0
0
0
0
0
0
0
0
0
0
0
0
0
0
0
0
0
0
0
0
0
0
0
0
0
0
0
0
0
0
0
0
0
0
0
0
0
0
0
0
0
0
0
0
0
0
0
0
0
0
0
0
0
0
0
0
0
0
0
0
0
0
0
0
0
0
0
0
0
0
0
0
0
0
0
0
0
0
0
0
0
0
0
0
0
0
0
0
0
0
0
0
0
0
0
0
0
0
0
0
0
0
0
0
0
0
0
0
0
0
0
0
0
0
0
0
0
0
0
0
0
0
0
0
0
0
0
0
0
0
0
0
0
0
0
0
0
0
0
0
0
0
0
0
0
0
0
0
0
0
0
0
0
0
0
0
0
0
0
0
0
0
0
0
0
0
0
0
0
0
0
0
0
0
0
0
0
0
0
0
0
0
0
0
0
0
0
0
0
0
0
0
0
0
0
0
0
0
0
0
0
0
0
0
0
0
0
0
0
0
0
0
0
0
0
0
0
0
0
0
0
0
0
0
0
0
0
0
0
0
0
0
0
0
0
0
0
0
0
0
0
0
0
0
0
0
0
0
0
0
0
0
0
0
0
0
0
0
0
0
0
0
0
0
0
0
0
0
0
0
0
0
0
0
0
0
0
0
0
0
0
0
0
0
0
0
0
0
0
0
0
0
0
0
0
0
0
0
0
0
0
0
0
0
0
0
0
0
0
0
0
0
0
0
0
0
0
0
0
0
0
0
0
0
0
0
0
0
0
0
0
0
0
0
0
0
0
0
0
0
0
0
0
0
0
0
0
0
0
0
0
0
0
0
0
0
0
0
0
0
0
0
0
0
0
0
0
0
0
0
0
0
0
0
0
0
0
0
0
0
0
0
0
0
0
0
0
0
0
0
0
0
0
0
0
0
0
0
0
0
0
0
0
0
0
0
0
0
0
0
0
0
0
0
0
0
0
0
0
0
0
0
0
0
0
0
0
0
0
0
0
0
0
0
0
0
0
0
0
0
0
0
0
0
0
0
0
0
0
0
0
0
0
0
0
0
0
0
0
0
0
0
0
0
0
0
0
0
0
0
0
0
0
0
0
0
0
0
0
0
0
0
0
0
0
0
0
0
0
0
0
0
0
0
0
0
0
0
0
0
0
0
0
0
0
0
0
0
0
0
0
0
0
0
0
0
0
0
0
0
0
0
0
0
0
0
0
0
0
0
0
0
0
0
0
0
0
0
0
0
0
0
0
0
0
0
0
0
0
0
0
0
0
0
0
0
0
0
0
0
0
0
0
0
0
0
0
0
0
0
0
0
0
0
0
0
0
0
0
0
0
0
0
0
0
0
0
0
0
0
0
0
0
0
0
0
0
0
0
0
0
0
0
0
0
0
0
0
0
0
0
0
0
0
0
0
0
0
0
0
0
0
0
0
0
0
0
0
0
0
0
0
0
0
0
0
0
0
0
0
0
0
0
0
0
0
0
0
0
0
0
0
0
0
0
0
0
0
0
0
0
0
0
0
0
0
0
0
0
0
0
0
0
0
0
0
0
0
0
0
0
0
0
0
0
0
0
0
0
0
0
0
0
0
0
0
0
0
0
0
0
0
0
0
0
0
0
0
0
0
0
0
0
0
0
0
0
0
0
0
0
0
0
0
0
0
0
0
0
0
0
0
0
0
0
0
0
0
0
0
0
0
0
0
0
0
0
0
0
0
0
0
0
0
0
0
0
0
0
0
0
0
0
0
0
0
0
0
0
0
0
0
0
0
0
0
0
0
0
0
0
0
0
0
0
0
0
0
0
0
0
0
0
0
0
0
0
0
0
0
0
0
0
0
0
0
0
0
0
0
0
0
0
0
0
0
0
0
0
0
0
0
0
0
0
0
0
0
0
0
0
0
0
0
0
0
0
0
0
0
0
0
0
0
0
0
0
0
0
0
0
0
0
0
0
0
0
0
0
0
0
0
0
0
0
0
0
0
0
0
0
0
0
0
0
0
0
0
0
0
0
0
0
0
0
0
0
0
0
0
0
0
0
0
0
0
0
0
0
0
0
0
0
0
0
0
0
0
0
0
0
0
0
0
0
0
0
0
0
0
0
0
0
0
0
0
0
0
0
0
0
0
0
0
0
0
0
0
0
0
0
0
0
0
0
0
0
0
0
0
0
0
0
0
0
0
0
0
0
0
0
0
0
0
0
0
0
0
0
0
0
0
0
0
0
0
0
0
0
0
0
0
0
0
0
0
0
0
0
0
0
0
0
0
0
0
0
0
0
0
0
0
0
0
0
0
0
0
0
0
0
0
0
0
0
0
0
0
0
0
0
0
0
0
0
0
0
0
0
0
0
0
0
0
0
0
0
0
0
0
0
0
0
0
0
0
0
0
0
0
0
0
0
0
0
0
0
0
0
0
0
0
0
0
0
0
0
0
0
0
0
0
0
0
0
0
0
0
0
0
0
0
0
0
0
0
0
0
0
0
0
0
0
0
0
0
0
0
0
0
0
0
0
0
0
0
0
0
0
0
0
0
0
0
0
0
0
0
0
0
0
0
0
0
0
0
0
0
0
0
0
0
0
0
0
0
0
0
0
0
0
0
0
0
0
0
0
0
0
0
0
0
0
0
0
0
0
0
0
0
0
0
0
0
0
0
0
0
0
0
0
0
0
0
0
0
0
0
0
0
0
0
0
0
0
0
0
0
0
0
0
0
0
0
0
0
0
0
0
0
0
0
0
0
0
0
0
0
0
0
0
0
0
0
0
0
0
0
0
0
0
0
0
0
0
0
0
0
0
0
0
0
0
0
0
0
0
0
0
0
0
0
0
0
0
0
0
0
0
0
0
0
0
0
0
0
0
0
0
0
0
0
0
0
0
0
0
0
0
0
0
0
0
0
0
0
0
0
0
0
0
0
0
0
0
0
0
0
0
0
0
0
0
0
0
0
0
0
0
0
0
0
0
0
0
0
0
0
0
0
0
0
0
0
0
0
0
0
0
0
0
0
0
0
0
0
0
0
0
0
0
0
0
0
0
0
0
0
0
0
0
0
0
0
0
0
0
0
0
0
0
0
0
0
0
0
0
0
0
0
0
0
0
0
0
0
0
0
0
0
0
0
0
0
0
0
0
0
0
0
0
0
0
0
0
0
0
0
0
0
0
0
0
0
0
0
0
0
0
0
0
0
0
0
0
0
0
0
0
0
0
0
0
0
0
0
0
0
0
0
0
0
0
0
0
0
0
0
0
0
0
0
0
0
0
0
0
0
0
0
0
0
0
0
0
0
0
0
0
0
0
0
0
0
0
0
0
0
0
0
0
0
0
0
0
0
0
0
0
0
0
0
0
0
0
0
0
0
0
0
0
0
0
0
0
0
0
0
0
0
0
0
0
0
0
0
0
0
0
0
0
0
0
0
0
0
0
0
0
0
0
0
0
0
0
0
0
0
0
0
0
0
0
0
0
0
0
0
0
0
0
0
0
0
0
0
0
0
0
0
0
0
0
0
0
0
0
0
0
0
0
0
0
0
0
0
0
0
0
0
0
0
0
0
0
0
0
0
0
0
0
0
0
0
0
0
0
0
0
0
0
0
0
0
0
0
0
0
0
0
0
0
0
0
0
0
0
0
0
0
0
0
0
0
0
0
0
0
0
0
0
0
0
0
0
0
0
0
0
0
0
0
0
0
0
0
0
0
0
0
0
0
0
0
0
0
0
0
0
0
0
0
0
0
0
0
0
0
0
0
0
0
0
0
0
0
0
0
0
0
0
0
0
0
0
0
0
0
0
0
0
0
0
0
0
0
0
0
0
0
0
0
0
0
0
0
0
0
0
0
0
0
0
0
0
0
0
0
0
0
0
0
0
0
0
0
0
0
0
0
0
0
0
0
0
0
0
0
0
0
0
0
0
0
0
0
0
0
0
0
0
0
0
0
0
0
0
0
0
0
0
0
0
0
0
0
0
0
0
0
0
0
0
0
0
0
0
0
0
0
0
0
0
0
0
0
0
0
0
0
0
0
0
0
0
0
0
0
0
0
0
0
0
0
0
0
0
0
0
0
0
0
0
0
0
0
0
0
0
0
0
0
0
0
0
0
0
0
0
0
0
0
0
0
0
0
0
0
0
0
0
0
0
0
0
0
0
0
0
0
0
0
0
0
0
0
0
0
0
0
0
0
0
0
0
0
0
0
0
0
0
0
0
0
0
0
0
0
0
0
0
0
0
0
0
0
0
0
0
0
0
0
0
0
0
0
0
0
0
0
0
0
0
0
0
0
0
0
0
0
0
0
0
0
0
0
0
0
0
0
0
0
0
0
0
0
0
0
0
0
0
0
0
0
0
0
0
0
0
0
0
0
0
0
0
0
0
0
0
0
0
0
0
0
0
0
0
0
0
0
0
0
0
0
0
0
0
0
0
0
0
0
0
0
0
0
0
0
0
0
0
0
0
0
0
0
0
0
0
0
0
0
0
0
0
0
0
0
0
0
0
0
0
0
0
0
0
0
0
0
0
0
0
0
0
0
0
0
0
0
0
0
0
0
0
0
0
0
0
0
0
0
0
0
0
0
0
0
0
0
0
0
0
0
0
0
0
0
0
0
0
0
0
0
0
0
0
0
0
0
0
0
0
0
0
0
0
0
0
0
0
0
0
0
0
0
0
0
0
0
0
0
0
0
0
0
0
0
0
0
0
0
0
0
0
0
0
0
0
0
0
0
0
0
0
0
0
0
0
0
0
0
0
0
0
0
0
0
0
0
0
0
0
0
0
0
0
0
0
0
0
0
0
0
0
0
0
0
0
0
0
0
0
0
0
0
0
0
0
0
0
0
0
0
0
0
0
0
0
0
0
0
0
0
0
0
0
0
0
0
0
0
0
0
0
0
0
0
0
0
0
0
0
0
0
0
0
0
0
0
0
0
0
0
0
0
0
0
0
0
0
0
0
0
0
0
0
0
0
0
0
0
0
0
0
0
0
0
0
0
0
0
0
0
0
0
0
0
0
0
0
0
0
0
0
0
0
0
0
0
0
0
0
0
0
0
0
0
0
0
0
0
0
0
0
0
0
0
0
0
0
0
0
0
0
0
0
0
0
0
0
0
0
0
0
0
0
0
0
0
0
0
0
0
0
0
0
0
0
0
0
0
0
0
0
0
0
0
0
0
0
0
0
0
0
0
0
0
0
0
0
0
0
0
0
0
0
0
0
0
0
0
0
0
0
0
0
0
0
0
0
0
0
0
0
0
0
0
0
0
0
0
0
0
0
0
0
0
0
0
0
0
0
0
0
0
0
0
0
0
0
0
0
0
0
0
0
0
0
0
0
0
0
0
0
0
0
0
0
0
0
0
0
0
0
0
0
0
0
0
0
0
0
0
0
0
0
0
0
0
0
0
0
0
0
0
0
0
0
0
0
0
0
0
0
0
0
0
0
0
0
0
0
0
0
0
0
0
0
0
0
0
0
0
0
0
0
0
0
0
0
0
0
0
0
0
0
0
0
0
0
0
0
0
0
0
0
0
0
0
0
0
0
0
0
0
0
0
0
0
0
0
0
0
0
0
0
0
0
0
0
0
0
0
0
0
0
0
0
0
0
0
0
0
0
0
0
0
0
0
0
0
0
0
0
0
0
0
0
0
0
0
0
0
0
0
0
0
0
0
0
0
0
0
0
0
0
0
0
0
0
0
0
0
0
0
0
0
0
0
0
0
0
0
0
0
0
0
0
0
0
0
0
0
0
0
0
0
0
0
0
0
0
0
0
0
0
0
0
0
0
0
0
0
0
0
0
0
0
0
0
0
0
0
0
0
0
0
0
0
0
0
0
0
0
0
0
0
0
0
0
0
0
0
0
0
0
0
0
0
0
0
0
0
0
0
0
0
0
0
0
0
0
0
0
0
0
0
0
0
0
0
0
0
0
0
0
0
0
0
0
0
0
0
0
0
0
0
0
0
0
0
0
0
0
0
0
0
0
0
0
0
0
0
0
0
0
0
0
0
0
0
0
0
0
0
0
0
0
0
0
0
0
0
0
0
0
0
0
0
0
0
0
0
0
0
0
0
0
0
0
0
0
0
0
0
0
0
0
0
0
0
0
0
0
0
0
0
0
0
0
0
0
0
0
0
0
0
0
0
0
0
0
0
0
0
0
0
0
0
0
0
0
0
0
0
0
0
0
0
0
0
0
0
0
0
0
0
0
0
0
0
0
0
0
0
0
0
0
0
0
0
0
0
0
0
0
0
0
0
0
0
0
0
0
0
0
0
0
0
0
0
0
0
0
0
0
0
0
0
0
0
0
0
0
0
0
0
0
0
0
0
0
0
0
0
0
0
0
0
0
0
0
0
0
0
0
0
0
0
0
0
0
0
0
0
0
0
0
0
0
0
0
0
0
0
0
0
0
0
0
0
0
0
0
0
0
0
0
0
0
0
0
0
0
0
0
0
0
0
0
0
0
0
0
0
0
0
0
0
0
0
0
0
0
0
0
0
0
0
0
0
0
0
0
0
0
0
0
0
0
0
0
0
0
0
0
0
0
0
0
0
0
0
0
0
0
0
0
0
0
0
0
0
0
0
0
0
0
0
0
0
0
0
0
0
0
0
0
0
0
0
0
0
0
0
0
0
0
0
0
0
0
0
0
0
0
0
0
0
0
0
0
0
0
0
0
0
0
0
0
0
0
0
0
0
0
0
0
0
0
0
0
0
0
0
0
0
0
0
0
0
0
0
0
0
0
0
0
0
0
0
0
0
0
0
0
0
0
0
0
0
0
0
0
0
0
0
0
0
0
0
0
0
0
0
0
0
0
0
0
0
0
0
0
0
0
0
0
0
0
0
0
0
0
0
0
0
0
0
0
0
0
0
0
0
0
0
0
0
0
0
0
0
0
0
0
0
0
0
0
0
0
0
0
0
0
0
0
0
0
0
0
0
0
0
0
0
0
0
0
0
0
0
0
0
0
0
0
0
0
0
0
0
0
0
0
0
0
0
0
0
0
0
0
0
0
0
0
0
0
0
0
0
0
0
0
0
0
0
0
0
0
0
0
0
0
0
0
0
0
0
0
0
0
0
0
0
0
0
0
0
0
0
0
0
0
0
0
0
0
0
0
0
0
0
0
0
0
0
0
0
0
0
0
0
0
0
0
0
0
0
0
0
0
0
0
0
0
0
0
0
0
0
0
0
0
0
0
0
0
0
0
0
0
0
0
0
0
0
0
0
0
0
0
0
0
0
0
0
0
0
0
0
0
0
0
0
0
0
0
0
0
0
0
0
0
0
0
0
0
0
0
0
0
0
0
0
0
0
0
0
0
0
0
0
0
0
0
0
0
0
0
0
0
0
0
0
0
0
0
0
0
0
0
0
0
0
0
0
0
0
0
0
0
0
0
0
0
0
0
0
0
0
0
0
0
0
0
0
0
0
0
0
0
0
0
0
0
0
0
0
0
0
0
0
0
0
0
0
0
0
0
0
0
0
0
0
0
0
0
0
0
0
0
0
0
0
0
0
0
0
0
0
0
0
0
0
0
0
0
0
0
0
0
0
0
0
0
0
0
0
0
0
0
0
0
0
0
0
0
0
0
0
0
0
0
0
0
0
0
0
0
0
0
0
0
0
0
0
0
0
0
0
0
0
0
0
0
0
0
0
0
0
0
0
0
0
0
0
0
0
0
0
0
0
0
0
0
0
0
0
0
0
0
0
0
0
0
0
0
0
0
0
0
0
0
0
0
0
0
0
0
0
0
0
0
0
0
0
0
0
0
0
0
0
0
0
0
0
0
0
0
0
0
0
0
0
0
0
0
0
0
0
0
0
0
0
0
0
0
0
0
0
0
0
0
0
0
0
0
0
0
0
0
0
0
0
0
0
0
0
0
0
0
0
0
0
0
0
0
0
0
0
0
0
0
0
0
0
0
0
0
0
0
0
0
0
0
0
0
0
0
0
0
0
0
0
0
0
0
0
0
0
0
0
0
0
0
0
0
0
0
0
0
0
0
0
0
0
0
0
0
0
0
0
0
0
0
0
0
0
0
0
0
0
0
0
0
0
0
0
0
0
0
0
0
0
0
0
0
0
0
0
0
0
0
0
0
0
0
0
0
0
0
0
0
0
0
0
0
0
0
0
0
0
0
0
0
0
0
0
0
0
0
0
0
0
0
0
0
0
0
0
0
0
0
0
0
0
0
0
0
0
0
0
0
0
0
0
0
0
0
0
0
0
0
0
0
0
0
0
0
0
0
0
0
0
0
0
0
0
0
0
0
0
0
0
0
0
0
0
0
0
0
0
0
0
0
0
0
0
0
0
0
0
0
0
0
0
0
0
0
0
0
0
0
0
0
0
0
0
0
0
0
0
0
0
0
0
0
0
0
0
0
0
0
0
0
0
0
0
0
0
0
0
0
0
0
0
0
0
0
0
0
0
0
0
0
0
0
0
0
0
0
0
0
0
0
0
0
0
0
0
0
0
0
0
0
0
0
0
0
0
0
0
0
0
0
0
0
0
0
0
0
0
0
0
0
0
0
0
0
0
0
0
0
0
0
0
0
0
0
0
0
0
0
0
0
0
0
0
0
0
0
0
0
0
0
0
0
0
0
0
0
0
0
0
0
0
0
0
0
0
0
0
0
0
0
0
0
0
0
0
0
0
0
0
0
0
0
0
0
0
0
0
0
0
0
0
0
0
0
0
0
0
0
0
0
0
0
0
0
0
0
0
0
0
0
0
0
0
0
0
0
0
0
0
0
0
0
0
0
0
0
0
0
0
0
0
0
0
0
0
0
0
0
0
0
0
0
0
0
0
0
0
0
0
0
0
0
0
0
0
0
0
0
0
0
0
0
0
0
0
0
0
0
0
0
0
0
0
0
0
0
0
0
0
0
0
0
0
0
0
0
0
0
0
0
0
0
0
0
0
0
0
0
0
0
0
0
0
0
0
0
0
0
0
0
0
0
0
0
0
0
0
0
0
0
0
0
0
0
0
0
0
0
0
0
0
0
0
0
0
0
0
0
0
0
0
0
0
0
0
0
0
0
0
0
0
0
0
0
0
0
0
0
0
0
0
0
0
0
0
0
0
0
0
0
0
0
0
0
0
0
0
0
0
0
0
0
0
0
0
0
0
0
0
0
0
0
0
0
0
0
0
0
0
0
0
0
0
0
0
0
0
0
0
0
0
0
0
0
0
0
0
0
0
0
0
0
0
0
0
0
0
0
0
0
0
0
0
0
0
0
0
0
0
0
0
0
0
0
0
0
0
0
0
0
0
0
0
0
0
0
0
0
0
0
0
0
0
0
0
0
0
0
0
0
0
0
0
0
0
0
0
0
0
0
0
0
0
0
0
0
0
0
0
0
0
0
0
0
0
0
0
0
0
0
0
0
0
0
0
0
0
0
0
0
0
0
0
0
0
0
0
0
0
0
0
0
0
0
0
0
0
0
0
0
0
0
0
0
0
0
0
0
0
0
0
0
0
0
0
0
0
0
0
0
0
0
0
0
0
0
0
0
0
0
0
0
0
0
0
0
0
0
0
0
0
0
0
0
0
0
0
0
0
0
0
0
0
0
0
0
0
0
0
0
0
0
0
0
0
0
0
0
0
0
0
0
0
0
0
0
0
0
0
0
0
0
0
0
0
0
0
0
0
0
0
0
0
0
0
0
0
0
0
0
0
0
0
0
0
0
0
0
0
0
0
0
0
0
0
0
0
0
0
0
0
0
0
0
0
0
0
0
0
0
0
0
0
0
0
0
0
0
0
0
0
0
0
0
0
0
0
0
0
0
0
0
0
0
0
0
0
0
0
0
0
0
0
0
0
0
0
0
0
0
0
0
0
0
0
0
0
0
0
0
0
0
0
0
0
0
0
0
0
0
0
0
0
0
0
0
0
0
0
0
0
0
0
0
0
0
0
0
0
0
0
0
0
0
0
0
0
0
0
0
0
0
0
0
0
0
0
0
0
0
0
0
0
0
0
0
0
0
0
0
0
0
0
0
0
0
0
0
0
0
0
0
0
0
0
0
0
0
0
0
0
0
0
0
0
0
0
0
0
0
0
0
0
0
0
0
0
0
0
0
0
0
0
0
0
0
0
0
0
0
0
0
0
0
0
0
0
0
0
0
0
0
0
0
0
0
0
0
0
0
0
0
0
0
0
0
0
0
0
0
0
0
0
0
0
0
0
0
0
0
0
0
0
0
0
0
0
0
0
0
0
0
0
0
0
0
0
0
0
0
0
0
0
0
0
0
0
0
0
0
0
0
0
0
0
0
0
0
0
0
0
0
0
0
0
0
0
0
0
0
0
0
0
0
0
0
0
0
0
0
0
0
0
0
0
0
0
0
0
0
0
0
0
0
0
0
0
0
0
0
0
0
0
0
0
0
0
0
0
0
0
0
0
0
0
0
0
0
0
0
0
0
0
0
0
0
0
0
0
0
0
0
0
0
0
0
0
0
0
0
0
0
0
0
0
0
0
0
0
0
0
0
0
0
0
0
0
0
0
0
0
0
0
0
0
0
0
0
0
0
0
0
0
0
0
0
0
0
0
0
0
0
0
0
0
0
0
0
0
0
0
0
0
0
0
0
0
0
0
0
0
0
0
0
0
0
0
0
0
0
0
0
0
0
0
0
0
0
0
0
0
0
0
0
0
0
0
0
0
0
0
0
0
0
0
0
0
0
0
0
0
0
0
0
0
0
0
0
0
0
0
0
0
0
0
0
0
0
0
0
0
0
0
0
0
0
0
0
0
0
0
0
0
0
0
0
0
0
0
0
0
0
0
0
0
0
0
0
0
0
0
0
0
0
0
0
0
0
0
0
0
0
0
0
0
0
0
0
0
0
0
0
0
0
0
0
0
0
0
0
0
0
0
0
0
0
0
0
0
0
0
0
0
0
0
0
0
0
0
0
0
0
0
0
0
0
0
0
0
0
0
0
0
0
0
0
0
0
0
0
0
0
0
0
0
0
0
0
0
0
0
0
0
0
0
0
0
0
0
0
0
0
0
0
0
0
0
0
0
0
0
0
0
0
0
0
0
0
0
0
0
0
0
0
0
0
0
0
0
0
0
0
0
0
0
0
0
0
0
0
0
0
0
0
0
0
0
0
0
0
0
0
0
0
0
0
0
0
0
0
0
0
0
0
0
0
0
0
0
0
0
0
0
0
0
0
0
0
0
0
0
0
0
0
0
0
0
0
0
0
0
0
0
0
0
0
0
0
0
0
0
0
0
0
0
0
0
0
0
0
0
0
0
0
0
0
0
0
0
0
0
0
0
0
0
0
0
0
0
0
0
0
0
0
0
0
0
0
0
0
0
0
0
0
0
0
0
0
0
0
0
0
0
0
0
0
0
0
0
0
0
0
0
0
0
0
0
0
0
0
0
0
0
0
0
0
0
0
0
0
0
0
0
0
0
0
0
0
0
0
0
0
0
0
0
0
0
0
0
0
0
0
0
0
0
0
0
0
0
0
0
0
0
0
0
0
0
0
0
0
0
0
0
0
0
0
0
0
0
0
0
0
0
0
0
0
0
0
0
0
0
0
0
0
0
0
0
0
0
0
0
0
0
0
0
0
0
0
0
0
0
0
0
0
0
0
0
0
0
0
0
0
0
0
0
0
0
0
0
0
0
0
0
0
0
0
0
0
0
0
0
0
0
0
0
0
0
0
0
0
0
0
0
0
0
0
0
0
0
0
0
0
0
0
0
0
0
0
0
0
0
0
0
0
0
0
0
0
0
0
0
0
0
0
0
0
0
0
0
0
0
0
0
0
0
0
0
0
0
0
0
0
0
0
0
0
0
0
0
0
0
0
0
0
0
0
0
0
0
0
0
0
0
0
0
0
0
0
0
0
0
0
0
0
0
0
0
0
0
0
0
0
0
0
0
0
0
0
0
0
0
0
0
0
0
0
0
0
0
0
0
0
0
0
0
0
0
0
0
0
0
0
0
0
0
0
0
0
0
0
0
0
0
0
0
0
0
0
0
0
0
0
0
0
0
0
0
0
0
0
0
0
0
0
0
0
0
0
0
0
0
0
0
0
0
0
0
0
0
0
0
0
0
0
0
0
0
0
0
0
0
0
0
0
0
0
0
0
0
0
0
0
0
0
0
0
0
0
0
0
0
0
0
0
0
0
0
0
0
0
0
0
0
0
0
0
0
0
0
0
0
0
0
0
0
0
0
0
0
0
0
0
0
0
0
0
0
0
0
0
0
0
0
0
0
0
0
0
0
0
0
0
0
0
0
0
0
0
0
0
0
0
0
0
0
0
0
0
0
0
0
0
0
0
0
0
0
0
0
0
0
0
0
0
0
0
0
0
0
0
0
0
0
0
0
0
0
0
0
0
0
0
0
0
0
0
0
0
0
0
0
0
0
0
0
0
0
0
0
0
0
0
0
0
0
0
0
0
0
0
0
0
0
0
0
0
0
0
0
0
0
0
0
0
0
0
0
0
0
0
0
0
0
0
0
0
0
0
0
0
0
0
0
0
0
0
0
0
0
0
0
0
0
0
0
0
0
0
0
0
0
0
0
0
0
0
0
0
0
0
0
0
0
0
0
0
0
0
0
0
0
0
0
0
0
0
0
0
0
0
0
0
0
0
0
0
0
0
0
0
0
0
0
0
0
0
0
0
0
0
0
0
0
0
0
0
0
0
0
0
0
0
0
0
0
0
0
0
0
0
0
0
0
0
0
0
0
0
0
0
0
0
0
0
0
0
0
0
0
0
0
0
0
0
0
0
0
0
0
0
0
0
0
0
0
0
0
0
0
0
0
0
0
0
0
0
0
0
0
0
0
0
0
0
0
0
0
0
0
0
0
0
0
0
0
0
0
0
0
0
0
0
0
0
0
0
0
0
0
0
0
0
0
0
0
0
0
0
0
0
0
0
0
0
0
0
0
0
0
0
0
0
0
0
0
0
0
0
0
0
0
0
0
0
0
0
0
0
0
0
0
0
0
0
0
0
0
0
0
0
0
0
0
0
0
0
0
0
0
0
0
0
0
0
0
0
0
0
0
0
0
0
0
0
0
0
0
0
0
0
0
0
0
0
0
0
0
0
0
0
0
0
0
0
0
0
0
0
0
0
0
0
0
0
0
0
0
0
0
0
0
0
0
0
0
0
0
0
0
0
0
0
0
0
0
0
0
0
0
0
0
0
0
0
0
0
0
0
0
0
0
0
0
0
0
0
0
0
0
0
0
0
0
0
0
0
0
0
0
0
0
0
0
0
0
0
0
0
0
0
0
0
0
0
0
0
0
0
0
0
0
0
0
0
0
0
0
0
0
0
0
0
0
0
0
0
0
0
0
0
0
0
0
0
0
0
0
0
0
0
0
0
0
0
0
0
0
0
0
0
0
0
0
0
0
0
0
0
0
0
0
0
0
0
0
0
0
0
0
0
0
0
0
0
0
0
0
0
0
0
0
0
0
0
0
0
0
0
0
0
0
0
0
0
0
0
0
0
0
0
0
0
0
0
0
0
0
0
0
0
0
0
0
0
0
0
0
0
0
0
0
0
0
0
0
0
0
0
0
0
0
0
0
0
0
0
0
0
0
0
0
0
0
0
0
0
0
0
0
0
0
0
0
0
0
0
0
0
0
0
0
0
0
0
0
0
0
0
0
0
0
0
0
0
0
0
0
0
0
0
0
0
0
0
0
0
0
0
0
0
0
0
0
0
0
0
0
0
0
0
0
0
0
0
0
0
0
0
0
0
0
0
0
0
0
0
0
0
0
0
0
0
0
0
0
0
0
0
0
0
0
0
0
0
0
0
0
0
0
0
0
0
0
0
0
0
0
0
0
0
0
0
0
0
0
0
0
0
0
0
0
0
0
0
0
0
0
0
0
0
0
0
0
0
0
0
0
0
0
0
0
0
0
0
0
0
0
0
0
0
0
0
0
0
0
0
0
0
0
0
0
0
0
0
0
0
0
0
0
0
0
0
0
0
0
0
0
0
0
0
0
0
0
0
0
0
0
0
0
0
0
0
0
0
0
0
0
0
0
0
0
0
0
0
0
0
0
0
0
0
0
0
0
0
0
0
0
0
0
0
0
0
0
0
0
0
0
0
0
0
0
0
0
0
0
0
0
0
0
0
0
0
0
0
0
0
0
0
0
0
0
0
0
0
0
0
0
0
0
0
0
0
0
0
0
0
0
0
0
0
0
0
0
0
0
0
0
0
0
0
0
0
0
0
0
0
0
0
0
0
0
0
0
0
0
0
0
0
0
0
0
0
0
0
0
0
0
0
0
0
0
0
0
0
0
0
0
0
0
0
0
0
0
0
0
0
0
0
0
0
0
0
0
0
0
0
0
0
0
0
0
0
0
0
0
0
0
0
0
0
0
0
0
0
0
0
0
0
0
0
0
0
0
0
0
0
0
0
0
0
0
0
0
0
0
0
0
0
0
0
0
0
0
0
0
0
0
0
0
0
0
0
0
0
0
0
0
0
0
0
0
0
0
0
0
0
0
0
0
0
0
0
0
0
0
0
0
0
0
0
0
0
0
0
0
0
0
0
0
0
0
0
0
0
0
0
0
0
0
0
0
0
0
0
0
0
0
0
0
0
0
0
0
0
0
0
0
0
0
0
0
0
0
0
0
0
0
0
0
0
0
0
0
0
0
0
0
0
0
0
0
0
0
0
0
0
0
0
0
0
0
0
0
0
0
0
0
0
0
0
0
0
0
0
0
0
0
0
0
0
0
0
0
0
0
0
0
0
0
0
0
0
0
0
0
0
0
0
0
0
0
0
0
0
0
0
0
0
0
0
0
0
0
0
0
0
0
0
0
0
0
0
0
0
0
0
0
0
0
0
0
0
0
0
0
0
0
0
0
0
0
0
0
0
0
0
0
0
0
0
0
0
0
0
0
0
0
0
0
0
0
0
0
0
0
0
0
0
0
0
0
0
0
0
0
0
0
0
0
0
0
0
0
0
0
0
0
0
0
0
0
0
0
0
0
0
0
0
0
0
0
0
0
0
0
0
0
0
0
0
0
0
0
0
0
0
0
0
0
0
0
0
0
0
0
0
0
0
0
0
0
0
0
0
0
0
0
0
0
0
0
0
0
0
0
0
0
0
0
0
0
0
0
0
0
0
0
0
0
0
0
0
0
0
0
0
0
0
0
0
0
0
0
0
0
0
0
0
0
0
0
0
0
0
0
0
0
0
0
0
0
0
0
0
0
0
0
0
0
0
0
0
0
0
0
0
0
0
0
0
0
0
0
0
0
0
0
0
0
0
0
0
0
0
0
0
0
0
0
0
0
0
0
0
0
0
0
0
0
0
0
0
0
0
0
0
0
0
0
0
0
0
0
0
0
0
0
0
0
0
0
0
0
0
0
0
0
0
0
0
0
0
0
0
0
0
0
0
0
0
0
0
0
0
0
0
0
0
0
0
0
0
0
0
0
0
0
0
0
0
0
0
0
0
0
0
0
0
0
0
0
0
0
0
0
0
0
0
0
0
0
0
0
0
0
0
0
0
0
0
0
0
0
0
0
0
0
0
0
0
0
0
0
0
0
0
0
0
0
0
0
0
0
0
0
0
0
0
0
0
0
0
0
0
0
0
0
0
0
0
0
0
0
0
0
0
0
0
0
0
0
0
0
0
0
0
0
0
0
0
0
0
0
0
0
0
0
0
0
0
0
0
0
0
0
0
0
0
0
0
0
0
0
0
0
0
0
0
0
0
0
0
0
0
0
0
0
0
0
0
0
0
0
0
0
0
0
0
0
0
0
0
0
0
0
0
0
0
0
0
0
0
0
0
0
0
0
0
0
0
0
0
0
0
0
0
0
0
0
0
0
0
0
0
0
0
0
0
0
0
0
0
0
0
0
0
0
0
0
0
0
0
0
0
0
0
0
0
0
0
0
0
0
0
0
0
0
0
0
0
0
0
0
0
0
0
0
0
0
0
0
0
0
0
)
;

boundaryField
{
    top
    {
        type            zeroGradient;
    }
    bottom
    {
        type            zeroGradient;
    }
    walls
    {
        type            zeroGradient;
    }
    baffle0
    {
        type            zeroGradient;
    }
    baffle1
    {
        type            zeroGradient;
    }
}


// ************************************************************************* //
