/*--------------------------------*- C++ -*----------------------------------*\
| =========                 |                                                 |
| \\      /  F ield         | OpenFOAM: The Open Source CFD Toolbox           |
|  \\    /   O peration     | Version:  2306                                  |
|   \\  /    A nd           | Website:  www.openfoam.com                      |
|    \\/     M anipulation  |                                                 |
\*---------------------------------------------------------------------------*/
FoamFile
{
    version     2.0;
    format      ascii;
    arch        "LSB;label=32;scalar=64";
    note        "nPoints:9792  nCells:41588  nFaces:88638  nInternalFaces:77714";
    class       labelList;
    location    "constant/polyMesh";
    object      neighbour;
}
// * * * * * * * * * * * * * * * * * * * * * * * * * * * * * * * * * * * * * //


77714
(
12
1927
24971
34058
14380
19421
26368
26406
2897
10506
19650
32422
3227
14695
32727
32824
9134
11931
17798
26529
5106
19244
25196
603
4557
14585
34320
37484
37520
37526
38511
10165
28069
32275
34136
441
1284
9443
25546
8733
15431
23400
23747
4451
15495
19263
41302
13
18
28163
24950
24969
38904
2870
2878
12668
24589
9296
19114
34058
34081
7332
9406
23377
34459
9119
14939
17798
41380
30572
33996
38904
5732
15877
35155
39623
451
994
10590
40219
16883
33034
34055
34975
666
1357
22580
25418
14766
15038
17616
40003
1705
5788
14682
28944
2986
4121
23055
40247
4370
7695
7829
24872
1357
8909
18862
24731
7306
26393
40596
41289
18911
27689
32422
8597
23636
26232
31652
31792
34055
1526
19888
32709
37907
10419
16334
16722
34299
2095
2900
12544
27448
2753
4956
34062
41454
10566
17956
38843
38853
303
11789
11947
39736
47
4665
19226
25713
15834
18141
27135
35559
12874
36856
36872
40137
3811
6361
9409
39935
5662
27530
30474
35146
9052
32415
32628
40117
18943
23078
34082
4885
12567
32557
35784
4711
6821
33003
39139
13707
22441
34026
12803
32771
38604
40187
15812
16335
21718
62
6821
24144
31676
2171
2299
23682
27076
7827
22032
29397
39183
4785
9323
20543
30355
30065
33691
38978
40828
4004
11568
11569
40468
4690
31859
36667
37100
10901
12945
29493
713
2544
3191
11789
3849
5322
37270
40570
111
21313
38684
39489
19332
25168
28915
40552
4349
29491
30783
8490
17604
24431
37317
11654
21188
36090
36712
733
10627
21690
40344
17310
26943
40057
14038
16277
31169
38332
6959
14645
23436
28727
3366
3382
23437
1959
8105
8299
34150
2045
9423
12275
38814
12014
26449
31850
36119
13777
29122
31045
39373
338
4375
18153
31661
11730
20743
24860
26534
9509
15093
22020
41585
10757
21752
24910
33013
15707
26499
37519
38161
1311
25528
29468
30194
6921
8153
24694
5265
28944
35721
39205
8148
8497
17593
1959
8995
24812
33401
9147
23042
36801
23045
24812
25954
28751
3622
7594
19777
34638
14643
24518
31196
36759
3862
11083
21456
22814
943
18415
22384
35725
7899
15301
15337
17858
12244
14601
34513
37612
93
12784
24098
33853
2872
11820
28175
24829
24832
33995
34086
11820
13481
26248
27499
729
12802
33853
34879
8269
8287
35666
39095
13734
25080
38753
21389
21498
26935
32209
13936
22581
33092
599
10139
33990
40939
7966
9034
11371
30674
1243
3882
8204
26239
2127
7893
7895
12684
373
16131
29963
40334
16144
30305
37293
37294
5842
10908
12311
20731
3226
17770
18987
41296
17755
22949
22995
39001
356
20971
28137
36335
737
2335
22068
13431
17219
19426
19141
34104
38005
40102
10210
11701
20819
26601
4457
13965
24542
28624
30391
38028
38034
22989
28141
33233
37745
2879
12887
20479
35074
5603
5852
15985
34017
37107
37893
39790
5335
5491
14698
29048
10144
20537
21339
38684
4263
24442
39728
41378
2200
34990
35387
38988
17172
17853
32292
5595
10692
12347
39074
6943
15437
27370
31566
14557
17403
18849
34140
131
280
26374
41380
1717
14431
16088
40873
24866
25887
34093
137
11816
26271
38936
15736
15914
22357
5064
24948
28685
31890
11397
21094
2043
6170
6219
30075
832
16672
25365
2769
6247
18859
18945
316
2608
8097
11728
8685
9010
9069
37857
10636
15854
29286
29290
25875
26663
32195
32726
147
1297
1299
12267
18320
18903
29259
33134
31402
33845
33869
1218
12092
20780
24272
12307
14149
36635
1594
14018
39980
1299
25155
25775
27236
3975
16897
23875
40249
3262
17863
21446
24712
373
5111
5336
15114
972
20094
33126
34956
27160
27357
31047
32908
3279
17897
29880
32754
1640
28993
30459
33281
2807
16092
22804
37898
1913
4030
25389
28567
24173
29182
30323
40039
2200
4224
29882
7714
8308
14271
35544
24513
25069
33945
33948
13490
17151
39567
6561
19171
31544
31545
3892
9054
19160
21084
20769
22142
32916
8069
8074
22811
25249
2858
15886
19358
39977
172
4186
23099
39569
9130
13152
23613
27841
26064
28932
33520
35920
6579
27876
31555
4567
10578
33837
40239
731
11590
24327
33843
2513
3272
10529
25239
9307
20036
23751
34810
14323
14937
14940
28863
11796
25065
33392
35623
1106
14772
20247
39815
5108
16417
17980
214
14403
17476
36779
14555
27148
30564
17676
18674
25029
26076
12583
34603
35595
35627
2535
4479
19093
28020
312
9682
13825
39430
17242
24605
39581
15987
34528
36406
9109
13464
16977
28384
6287
14029
34208
34220
12991
13186
16071
6287
14885
34220
4024
9284
33343
41466
689
9299
16860
41529
1907
5337
29150
38575
8107
9285
18780
41466
4186
19511
23099
25567
18451
29870
30048
7727
15485
29789
32380
210
18973
24386
35998
16174
23320
39616
4752
18971
22135
29303
4748
4750
9808
33068
15570
29476
40153
210
1041
25567
33534
4168
18349
19837
40583
4990
18055
18171
40529
10287
24848
37737
17486
18315
33187
33901
14630
25569
13047
31155
37021
3538
19765
31307
32424
14757
18640
20098
9307
28368
5604
18063
20753
38878
12417
19799
27972
34692
2610
7785
26483
33999
1174
2010
15608
38262
2202
2848
37668
229
30313
34239
37812
15380
15393
29106
35101
7576
11478
12736
18856
11972
13905
19316
37812
1052
25286
25514
36876
7900
9362
23358
26420
5230
27690
38471
4922
13345
19534
30027
2788
12446
16301
27548
4577
26703
37820
16398
20740
38173
14811
17969
17991
40644
11972
18885
26703
37825
754
4400
23117
36840
410
426
1856
24187
4447
4572
10585
23167
4334
7549
30281
31479
12026
19185
32769
39502
13658
19386
27458
38472
7183
25194
27014
40159
17815
18472
37594
37817
938
24629
33860
40994
11061
20552
35469
537
938
24623
41181
4988
16993
35437
39308
8432
8729
15141
21654
4824
25550
32273
35568
5085
5098
5340
13810
11575
24088
26199
26378
14096
14133
28732
34603
8020
11213
11248
37433
537
4021
4262
11376
4249
8974
19427
41491
9484
10103
19456
41491
23436
38180
38238
29346
33915
38939
41392
2028
2648
2651
38305
12478
28219
30636
35736
269
24513
33947
41239
13496
19786
19801
20609
11130
26869
29329
34451
23604
25288
39286
5587
11364
18414
31086
31594
19683
21665
23029
36345
2707
8422
29835
11960
25179
26111
34025
13491
19198
33767
35683
26518
29863
34100
4392
13887
22590
4249
14301
29350
41490
7428
24049
35866
39855
24755
27190
37601
2896
7878
19449
22455
7153
8476
20374
31287
278
12821
26111
26124
9836
23494
6162
14747
21268
25442
29348
34023
41461
18066
18187
36260
36379
2764
11692
14939
5172
13599
17964
27039
571
29359
35300
13046
14373
23211
33258
1199
12387
33181
35673
2400
4499
14125
24003
21290
21304
24712
29666
1345
20017
24793
7599
19491
21209
35529
9724
10838
24070
36460
8739
13152
14493
23694
12614
16628
27779
30372
16331
24699
34555
36250
4842
27852
28194
29098
10537
20525
39491
9556
9564
25643
25701
11169
22806
23408
28288
303
6536
15590
15594
16699
20150
23672
33075
9094
34089
34156
38318
12220
15766
19384
29928
3038
8971
17215
24022
17341
19631
27112
36292
11782
24849
4246
11762
19991
23359
11783
11847
17193
25485
3417
16260
32600
2367
14265
16405
25177
11166
20110
25257
1067
3876
7657
18743
10011
12489
12501
31234
1665
1804
10090
38705
2608
17243
27368
5567
21786
29571
40987
8916
19968
38499
15355
15948
16875
35233
28524
28860
37076
461
9659
9971
25646
15041
25418
25848
26603
4956
10345
19067
34011
1402
8396
16652
38197
21912
25086
29760
32678
887
7014
12270
23117
4558
11605
19085
39131
11765
12253
25854
39996
6339
9843
17634
29196
27615
37672
14181
14186
15732
35586
625
19526
28632
39426
31241
32046
8023
22108
26603
39793
10678
10724
22869
31859
14517
14524
16987
22701
17774
23648
35233
873
8278
26288
41198
1243
7799
19085
30303
17382
19056
24731
27445
11845
13933
8328
10691
30068
16270
18863
22745
380
3218
6670
35142
11373
18755
19011
26302
28322
31061
32078
39497
13941
24392
24742
31794
11901
23081
32372
5084
7527
21985
30281
8056
18946
24815
24970
12730
33993
34039
34143
4398
19356
19685
21523
7647
13086
36189
3369
7068
18500
24339
8048
20650
32953
40328
4658
11958
18608
32529
2806
4241
15435
32325
3276
3359
6555
40677
14300
14356
20356
33126
26218
35906
36341
6945
18815
26253
39986
8104
9932
11727
6167
13449
40123
40516
6985
9720
25197
36223
11506
19009
32441
39912
12019
32191
36932
11854
24640
36218
39973
6774
7317
24696
33741
3701
25592
29042
29050
3940
22355
40656
40724
21834
24259
40325
2739
15537
22846
40775
11304
11307
27389
3591
6752
20694
35151
11098
11683
20717
40483
9739
23722
23726
26327
10691
39144
7820
7973
10834
37128
2578
9708
9731
19261
8374
23265
26166
29352
4048
19533
20030
28863
5189
20535
22028
24663
7060
18794
25570
41516
13559
32640
1190
10997
19524
37024
8094
37281
40081
41264
6200
10142
11727
29964
10589
14274
33813
37307
448
2153
34190
34212
11230
25071
33195
40656
22346
33170
36567
40081
840
27781
32324
9937
28927
534
7978
23498
37899
4837
22363
34325
34339
8552
13546
19321
41543
403
955
7922
34325
16139
17533
28110
28150
14769
20777
24824
10725
29079
29113
29119
565
14207
14261
22169
2325
18252
31830
32261
13316
25703
34793
34794
9907
10703
21044
21099
17555
18727
19245
21323
407
18789
24541
26273
9876
22575
36330
15027
32285
39302
5764
5768
24617
31114
6403
17832
28291
29025
3946
22346
31535
3495
3537
19251
829
28475
36567
37281
427
21765
28554
9042
12572
18395
37863
17749
20687
37891
40985
11111
15189
32658
37029
4449
5198
7531
11401
4235
8167
20089
25657
2708
15572
20690
35151
457
20997
26081
35640
4503
25524
29351
38766
9977
10495
19626
32437
37470
40656
41332
14751
17791
20820
28876
425
6649
33366
35522
917
18914
25725
26005
1061
2396
30534
427
15373
427
34139
35335
1582
5850
29047
37983
12807
19194
41428
7520
26478
40027
22692
33212
35989
39660
457
491
1603
4464
9437
29684
30157
31167
12386
16947
19441
26730
8099
15557
23720
32410
16650
23103
24747
34043
3546
3549
21666
38658
20758
26445
39097
14448
17993
38359
7603
15529
25650
2570
31165
38152
1453
12385
30723
34550
6799
10104
25370
32323
4301
15790
19981
38981
3059
15805
20224
40127
4806
22175
36279
37417
10416
12263
22113
26681
32359
34189
18831
37185
40796
40943
6707
7471
24537
31953
5453
6126
32790
6194
7539
25206
32773
3889
11480
15273
21256
11142
21613
23644
36193
6287
16860
19408
26643
10158
20685
22639
36957
470
22426
2964
11871
18660
21769
15811
20026
28842
13787
13795
33212
37085
480
9563
19289
34366
35575
5041
18918
19349
32192
4258
8000
18703
39237
2631
3321
9584
17908
7589
7617
28784
11243
38616
40838
40854
1263
2414
2575
25259
737
6168
10114
22296
3920
3927
29544
3050
6176
6301
21265
6336
9925
30473
38442
4434
8417
27703
32561
6885
10314
32389
2254
11068
31960
41474
4742
9797
10175
2743
7462
17481
17555
6274
9638
21215
28862
10310
13584
23795
24508
494
34573
38008
4516
10272
25888
26194
719
5903
21461
41478
9563
34240
34241
38242
1988
5996
26948
37104
4585
5889
28849
30668
6096
9887
21521
34573
9583
11154
25685
25709
9434
21545
33254
38432
20264
24346
24593
31766
1485
21060
25064
29721
492
493
35640
608
4008
40663
1018
7937
35674
10210
34090
34240
4918
8519
16489
30423
7946
11622
24430
41362
13795
28018
33212
41209
13745
28386
28432
31171
17159
34294
37304
37954
803
5017
19209
37511
2504
24875
29607
34099
9038
9964
26526
34158
4585
16024
27284
28557
3456
15385
17939
21582
14876
19602
30742
40005
559
567
33665
41072
6024
25252
29877
2618
2660
18193
22728
5754
5791
13192
25188
3580
4914
39282
4730
5264
37583
40462
3001
5037
9041
10015
2625
6934
28066
34123
8004
11086
26083
33485
1806
11895
31699
40984
2144
16991
19629
36962
7995
10710
12630
41002
2370
2409
18581
39382
8897
12527
16565
20181
1778
7304
41262
2809
7629
17417
26567
10147
31778
32204
40661
18763
24445
26306
30281
1129
26860
32077
35147
27745
29042
29588
34747
4708
25772
36014
36029
6722
20777
39789
1147
1364
4255
4756
4924
10128
14882
37649
17392
19311
34339
37899
8105
24787
26411
34067
4860
12699
17154
30584
4875
14072
23709
35311
5659
17422
25856
16602
29603
554
4603
6238
22615
8166
31484
8155
33903
41168
41176
21485
36909
39652
12244
13769
24275
31733
1668
10087
19212
32684
7421
30908
39855
41179
3820
18334
39935
39978
24563
25040
31611
9002
14482
22017
37886
9680
25216
32746
39296
14463
15962
19894
38145
5459
15569
24221
31457
746
7953
22278
37201
5874
35259
35263
6795
20863
21895
32549
17608
18183
23504
34933
2191
6663
12055
4828
12024
40984
18895
22615
24411
32204
566
17184
39395
4194
10365
24821
32400
2169
5564
10625
24979
16589
21076
25624
2625
17184
28066
39525
24292
24324
37862
41534
5144
20422
33010
39913
4409
19007
26833
33882
8431
12555
15681
22795
2244
14919
22189
11231
38248
39525
572
601
30336
13414
20785
27892
34629
11780
14938
19575
37049
6176
21266
21788
24688
27184
27185
37172
639
4606
9217
9537
36222
38189
38234
12081
14143
29335
33627
11637
12861
34415
6649
22612
29013
29936
6642
10220
12530
39029
15452
20651
28125
28989
3091
5015
25047
40288
12090
22225
29841
31839
21326
39021
39022
39524
6648
6659
20603
21686
9491
14332
23070
25794
19319
34263
40964
41546
4182
12658
16832
26139
4884
17670
27186
39818
7854
18649
41202
11323
20950
29296
35925
5018
7754
37286
40970
4262
4265
8166
37786
18535
18611
38143
38755
12706
28023
31678
19021
26578
40461
41133
24808
25010
30183
41398
5349
25338
37143
39272
6949
21181
36729
37109
2816
10556
17515
39866
2201
6416
13626
31937
12794
25552
26730
12393
15522
15775
36407
639
4872
24634
24642
26510
26697
26735
800
1302
6495
9854
10767
18098
12332
19792
24811
5806
6883
27596
27621
2085
9352
18249
32467
1113
9723
18329
4616
33221
40603
40622
6392
11404
15212
13943
28920
35854
4364
20281
29862
38975
655
10704
22344
6020
6030
6032
10472
25705
28920
28921
1388
6154
8640
9361
4867
5052
6634
24592
4276
30367
31728
27038
27395
37045
41119
11780
12108
21188
24568
3944
3963
12127
24457
4178
23398
31232
17205
30436
4594
7032
17341
41259
7992
23768
11141
37471
40703
40885
10739
15268
18158
39852
15636
18180
25529
9781
11133
30331
10098
13943
19363
8503
14094
15453
30881
11871
11876
25709
40875
14866
14995
28484
3225
29447
32799
38667
3149
4402
11859
18988
3360
8209
20489
40173
15006
28864
645
20981
26837
31842
6430
24510
1547
1726
3192
32680
9387
24259
28878
1389
1397
40082
41446
16413
21996
38856
15254
15821
29134
7007
21188
36712
13852
17102
17224
2930
4339
10248
26173
894
14251
22412
36425
3114
5621
29173
31413
11992
13928
22361
14877
36735
36747
37168
6466
7567
13891
31776
7636
18019
25458
39723
12483
30224
31005
32796
17760
32639
36773
3052
17721
31104
37708
7270
11021
17200
35833
4534
7271
33753
40996
3988
34919
35573
40797
21163
22211
40370
40996
3197
10176
22691
39029
7554
14789
26823
39887
8895
16992
33429
683
1339
15517
26646
9546
25161
26586
34098
15041
24966
38622
1921
10976
13875
17496
6388
9834
10891
4835
11889
12707
27391
8900
15890
24892
28200
673
804
11619
41195
2965
7551
14656
30931
26283
37728
40582
3296
4586
15068
40459
683
12096
34889
38096
5146
17500
39295
41049
3515
10226
13588
36732
4317
15582
18220
39726
17164
37085
38634
39437
14344
17472
19988
38953
3952
25813
33391
5195
14282
18077
32288
35088
41559
11698
16984
20713
26161
1885
3700
5626
39899
5860
19572
22365
26934
23659
26067
33645
41039
4197
26069
26170
37110
11049
19079
37542
5958
11348
15839
20042
5394
8508
15938
40061
1420
11222
20708
40047
19404
21523
38231
38242
12422
12426
28211
35709
4912
4975
26654
27004
3943
10221
14831
26001
4111
7643
15053
20995
6312
27612
30869
41158
1271
23805
36448
41005
19381
23353
25276
25932
25328
26424
26427
30106
703
5122
9733
31826
6724
10377
4420
6435
18058
22023
840
13115
23836
36787
11830
14248
21884
40522
17846
22312
40151
40193
5163
8196
34850
10223
18900
25498
26718
5810
22539
26516
40044
722
12024
34197
37384
8180
22762
33910
34109
26610
41313
41376
1535
12185
17108
17250
8108
15451
37783
832
836
19096
36746
2654
6582
26066
39991
7690
10196
11270
17450
2986
6071
7638
4146
15878
22247
41087
16707
27222
28303
34725
12057
26676
26718
7661
10341
25292
25311
17105
24025
25893
35959
11138
21142
32262
34463
22352
26554
39849
41249
8180
12744
33910
39153
13419
21600
25609
32935
26366
27379
33852
778
5441
11745
35601
741
748
40240
8357
21998
25824
6380
21684
25401
1502
14014
19357
29615
4321
11802
19437
35653
11462
11905
26924
39468
18145
38687
6319
6569
8962
39885
6994
12659
13392
18959
15384
15400
30287
36795
4115
11745
41212
5610
17807
28167
34892
4166
4422
4624
24718
12934
19004
21481
29854
6395
18151
39781
39792
20097
24737
34348
2519
5830
22729
32598
11490
24197
41216
9729
11391
18309
26692
988
3392
24979
40347
4217
11296
33728
11586
26156
29182
13856
18890
23554
26409
887
14982
38115
16839
18227
19825
27860
816
4419
17310
19413
761
2856
17387
26382
18318
20561
26218
10739
18619
39852
26619
34469
36109
40166
15132
17426
29983
4288
13401
14923
15826
23029
26844
37311
1700
23367
34651
35646
7018
7953
29903
1042
11646
26249
41101
775
2405
31674
34365
3422
21463
31659
37046
942
4967
10807
37586
7866
8241
10135
33918
6268
8230
15171
26515
4258
17892
18703
37184
15471
22438
34412
37117
775
2405
26464
28189
13973
34441
10449
30017
30519
30534
4551
6988
6995
28447
11490
32448
38808
4800
18028
18040
40282
12342
17016
40059
1735
14911
17532
37206
5329
9960
13135
13507
4548
26389
28477
37279
6477
9117
17595
22274
10185
11781
19582
33905
3090
12848
27584
32993
1536
10123
28455
40267
6618
7048
18618
34182
3758
10886
17940
20436
10975
24157
30094
1040
11235
18892
19516
17719
17941
40644
9639
36299
888
5975
6241
10950
888
22571
23624
37166
3545
3744
14798
18211
9689
17243
26389
28496
1730
12952
23133
1323
13912
35959
37149
6157
19394
37040
7871
7881
15417
40596
2454
8132
24794
24796
6498
6738
19422
8263
22436
24363
10674
35929
37206
39847
4821
10907
39114
39353
2328
16497
23319
27568
8185
19089
19098
41342
27898
28498
41275
41336
5146
10788
32969
37144
5712
23336
40054
40063
13269
23336
35156
40053
22317
22656
22665
31536
1202
11697
25053
38006
2155
5575
19870
28476
1155
4609
32642
9877
9879
36957
934
2877
3870
23229
22729
26967
29802
39509
2055
2934
14757
40536
2466
33212
37348
39660
17614
22375
29073
31894
5443
8519
16489
30424
3052
10642
21727
35845
15515
20771
24491
26888
9115
13076
13085
7724
8231
32895
37939
5646
10633
24454
34367
22495
24536
24538
21952
24267
24539
29966
6293
32604
34367
38275
31746
31749
29670
36728
40976
8936
21436
23989
3271
7914
12462
24246
25365
36749
1294
13627
20810
37022
11986
20789
38275
41035
859
875
26205
41138
1063
41141
3476
23805
26334
36448
1494
1994
19834
19838
19514
26335
26457
41084
3523
14880
21156
21172
6408
13623
29432
33251
7554
12039
12120
37080
849
23974
26122
40286
25935
26195
34255
40886
1801
11644
36342
4814
40612
41564
1677
4523
11568
41128
7457
11913
39538
41195
870
17347
20837
28876
7845
13758
23946
32622
7049
11646
14835
35963
8099
23722
27197
40152
25936
29475
33570
41078
22272
26205
33749
36154
1648
26577
34305
17549
24846
37406
8477
8981
29243
35049
877
15570
24121
39999
7468
18266
18300
25710
17655
40260
41063
41065
4661
22864
24373
25577
16962
21438
24753
36410
2908
30403
39961
2000
2926
11949
25814
3335
26620
29460
39530
14751
24927
29414
25980
28520
33532
40787
5584
8537
16987
24415
11469
12799
24110
1032
3236
6015
38390
5015
19021
26578
3911
22539
25308
29617
1286
15587
18092
33748
33759
36154
37127
25603
27684
33083
2417
7809
8216
13484
893
18400
26005
33174
1810
23488
39306
3212
8375
36849
40053
893
917
26222
33134
3127
9692
20837
38557
26788
29338
36773
35145
37201
1316
2493
11357
17026
20413
6727
9441
12852
5022
6104
22667
30023
23417
24402
24873
29178
898
899
14252
24308
25839
11691
16510
26357
2994
36915
39631
39633
9577
10660
7776
18364
26461
904
4008
18955
17116
20669
20670
26399
33287
40033
6487
6593
13364
36180
911
17851
18132
18915
26222
40663
6701
20850
20882
41443
18914
18915
33289
9958
26884
34480
35746
2144
16545
17323
19629
9488
12322
31936
40082
3702
10787
21975
39627
1024
10625
29741
4973
10425
24008
34389
3612
5883
10929
30304
22313
22772
29559
5033
7143
14182
3449
14169
24912
30839
29543
33289
14993
37228
39156
40247
9673
15077
25140
4955
26430
28612
34503
3094
20220
38197
40120
11093
14861
26685
11039
11392
11442
24532
12177
19485
19558
33978
4257
4843
12121
37567
8285
8728
13333
26750
18028
23624
26751
27289
21162
26823
29516
36769
3516
4002
26782
37881
10024
17892
29285
33776
13686
18364
18903
26461
16820
27678
34575
22829
23977
23978
34361
17996
23234
40720
1051
13691
28521
35860
4548
27368
33967
37279
4237
11682
18844
38979
4160
40993
2972
14896
29741
8040
26654
33110
34317
2051
18634
26559
41346
17803
28029
34360
11774
22619
25051
33799
33805
41132
6299
8276
15085
26963
981
2565
2577
41033
10493
18210
24800
5933
6003
18093
40492
1405
18736
18744
39731
16415
23691
40018
41405
7868
12129
33882
40998
8607
18782
28106
34864
5722
12255
20776
32690
5840
10115
28124
34378
4634
32268
36956
2459
3112
8464
39998
1923
14378
22101
23332
1470
3156
5631
23016
4712
8276
14128
26710
34313
34948
35590
40439
4871
10807
20905
34361
25837
31820
2145
3056
8151
40643
26305
33874
1317
1342
34361
34397
6520
13379
26347
32186
21518
25856
34893
34894
1118
1135
17683
22693
20128
38954
14348
18791
40829
41015
8268
10383
10508
26267
17284
30547
1145
7801
7807
41299
9388
14579
27451
29661
8351
9305
12621
13879
6470
7637
7759
11645
1240
1484
27517
27519
4970
6740
14639
24251
17039
20334
31203
39954
2522
9865
24973
25464
7296
18813
26249
4262
17794
24445
26085
28969
32567
36652
2853
2859
3692
14621
6525
13330
23110
29866
1243
7457
24361
30373
16907
27179
35268
36858
8282
25214
28881
13278
14513
38597
991
8318
10050
39708
1016
27383
1535
11040
19566
26836
4174
7087
28631
36089
10764
21356
37792
2888
12325
15093
11361
27475
28452
29837
4613
19226
41378
41379
6705
28198
29553
37404
6642
15540
19219
22609
10582
19277
36939
13585
15202
40205
40221
24987
27981
31773
8034
11454
39714
40153
10795
17500
19189
39272
15605
17372
22515
1648
4555
21186
41138
8510
26259
39707
40095
7455
29426
37483
6907
16117
20797
26966
8684
19198
20763
25927
9041
10016
14788
24776
2025
37587
40038
4973
9800
10425
38168
4273
8278
8348
11469
11380
30958
37162
8318
16892
7380
7869
32395
40185
14827
19707
26258
12268
18544
21077
32882
23345
26533
38135
39790
15022
15848
16197
12383
15591
18427
22448
26888
37104
38271
17172
25348
4793
5455
19182
41460
2141
9148
12893
31226
4273
11469
26339
15896
28206
38961
41348
15439
16698
16936
27870
13145
26262
33863
33866
5602
17392
19311
16331
27369
38391
10863
17549
20092
36905
25674
33025
35171
40373
19827
31206
32052
36354
3329
12065
30316
39928
12041
19559
40266
41068
11614
13484
13497
40141
1040
19512
26638
41256
13929
15074
6226
17363
19166
18813
29848
41038
11298
21131
37272
37946
15158
19234
21914
35997
18139
21659
21660
29963
12186
26751
26969
41256
1838
19801
35210
35258
4607
30421
31525
41025
4752
18394
22963
31617
6149
11078
18505
37413
8121
14733
18687
10279
17894
31698
13211
30933
32886
35795
5774
15436
25277
37105
5185
16996
39365
40427
21854
31458
31746
33839
1073
4758
17003
30326
6943
11426
28095
30075
13018
13225
16011
38112
11645
17405
19025
41315
9545
10469
25836
8350
9979
20706
22894
13115
28816
40269
18308
30215
30727
30888
1104
6454
6969
7080
20935
21770
28338
33013
1069
19557
33885
15045
23156
37108
3876
21170
26841
4083
6964
26822
34494
26659
29755
36753
39741
12531
13018
15930
16011
6946
19094
33842
18984
30102
35548
40071
16210
16222
36337
36679
3509
24410
36931
37702
7414
24377
24406
24004
24008
34389
35528
2817
16610
24007
30038
11335
30264
33418
36628
3303
24323
29967
29968
10192
18389
37217
1739
2281
7353
31955
1758
7365
24323
30002
4973
17106
24007
32833
12936
20586
27834
33041
1089
4843
37027
37037
1423
21795
32739
12121
23625
23630
1513
1599
3508
20565
3121
14793
18960
26898
14842
23630
36493
37037
11447
16373
34318
34319
14238
22164
30046
2326
18545
24772
33221
24294
24302
26347
33786
14795
26260
29660
33174
3208
7950
9641
16373
17770
17782
26209
34559
15605
22404
25689
37576
10367
13514
33493
33659
12207
16669
24294
26158
11015
24906
25714
30044
18776
22226
41053
17324
17499
23921
31412
39032
39186
39187
7328
14345
22759
28486
31550
40321
41456
19158
24400
28495
33379
1471
23930
30146
32277
15430
15729
16285
40879
18789
28498
33965
4626
26072
26349
23772
30436
30658
20787
26896
36099
36862
28076
34366
35575
35583
8005
28303
35366
38512
4036
11104
28018
3344
3645
20344
27726
2719
23088
35620
39039
9121
15866
37298
39842
1128
4354
18906
29726
2308
19538
23129
33803
8118
9165
11323
13689
5035
6273
34439
35705
12030
15125
20776
26723
8964
12170
12623
38521
1153
24265
19459
26485
32862
6831
14435
27634
29580
1659
19802
34618
38703
10698
10703
11457
21044
6854
7098
19543
32065
1135
11104
17667
36601
1870
28492
2655
20531
24312
25675
30427
34520
37888
7055
14095
19416
28739
6801
35055
38460
38521
20196
34284
34520
1153
18954
26257
21258
22831
24479
37067
1672
3944
17279
21175
11275
16249
27807
39120
8292
29008
11962
19451
22754
38494
25057
26455
26588
19015
22549
24027
39672
17333
24668
32315
32637
16035
21308
29165
5482
12566
20231
35108
14143
26907
29335
41235
14538
14369
16122
16135
16294
22718
25089
28810
1192
4182
16832
31747
6051
11531
38800
1168
1172
10945
31736
5609
15903
18635
24817
15645
22737
25482
24534
27084
27931
38456
3528
5494
12941
15175
3551
3570
23288
38514
4896
34450
35057
35169
1191
1211
1238
24767
2615
33997
35047
38030
1259
22155
22738
38110
1180
4187
29991
3599
6675
10357
39001
3218
15510
29854
38159
23153
27237
37045
41118
4203
16894
31747
5582
14685
33598
35885
38211
41204
2180
5052
32556
39233
10697
17760
28804
29336
2667
23864
28139
41364
1369
33825
33916
39278
11573
37945
37955
4465
11448
31720
6389
12504
12531
15930
12539
13986
24709
36206
24682
29790
30353
8855
16523
34823
14593
17293
27018
32689
9789
11496
26736
39820
17670
23296
25049
33864
4741
15479
34383
37537
15073
22825
37550
39469
17188
29033
37633
7532
22513
24834
4465
31847
14442
16406
23521
29095
3520
12787
37603
3164
8232
14128
31674
3164
15471
24216
24591
7950
11107
26485
34985
2403
23139
27702
32631
24806
27509
33171
6268
23107
28458
31692
5023
24122
26813
37365
20432
25079
34003
8624
25801
40158
40159
5933
17929
40225
40226
9313
13489
29082
7868
11380
12129
33763
16793
30930
36440
39134
26184
26186
26251
37158
4933
6954
27219
27270
2950
6954
17102
26825
1251
29567
28626
28634
28650
41258
1261
26784
27854
37721
4684
19134
27113
27203
16815
18908
24807
24848
1452
17491
37031
1480
7391
21139
24499
27231
36118
36320
5970
28153
34933
37165
6432
13816
28412
33393
16648
32713
33019
37696
5959
11793
17839
19609
12246
21037
31932
34469
2352
13563
18032
29178
6744
14877
21042
26977
1716
22950
23550
23715
5943
12973
15867
39646
11776
13548
20626
22577
10303
25584
32337
10077
15385
16244
37052
2117
5408
6288
17752
17752
23171
25152
27077
13332
33070
36689
40337
8953
19809
30722
30784
16912
22209
32398
4252
24627
39504
7082
12356
37769
39780
1251
8201
3412
3565
24185
38744
1282
27658
36827
5045
28006
31436
39580
1332
11709
24393
31472
10596
7059
21192
29747
30031
3617
6551
32599
32603
2001
5438
15916
22490
23961
26913
27158
1293
14238
22164
5200
21818
28158
32827
8558
34189
38756
39757
2502
37018
20080
22623
24300
38090
12292
18817
32147
7880
8945
15040
26204
12911
16381
22953
35140
1499
5619
9148
30511
8363
13921
19581
22458
4342
11953
20702
21622
4407
22746
32646
1268
1370
27180
31848
3051
3536
31798
5645
14438
16402
3184
24710
29676
21622
25939
36918
1975
5442
19838
34450
6082
20695
33470
35512
18557
19038
31231
12216
19022
34429
8031
13334
19193
25276
5057
10275
17377
19619
8031
13840
40977
6850
7945
36280
2272
4816
11804
25616
2142
4385
33641
41106
22343
22764
26564
28804
11465
16720
20627
4726
13915
19193
33503
6499
6528
17378
32650
18372
23583
23683
34146
8577
14048
23406
38254
2071
7473
16836
1484
17713
5799
16507
23004
23006
6729
10845
19206
6940
7624
32880
32885
15570
18939
37719
5130
13981
19272
34568
1290
11155
34930
36456
3955
4998
19338
34873
5222
28089
34418
17428
19118
19128
24801
1931
2787
28662
24906
30042
20792
21472
2197
15967
19876
37937
22143
36131
38171
2778
8571
14298
25189
32651
38177
7407
9269
16956
35440
4283
5004
21396
27236
2569
13342
13462
5277
30808
32692
36452
10599
12143
32722
4539
6704
17775
19668
10155
16454
20376
9576
10583
12301
24236
4965
21234
35198
2787
21234
26354
26914
4972
5066
19457
26916
2269
26582
36619
3258
15102
35745
4903
29230
38356
39199
16368
21498
21527
4570
14154
33911
41325
19152
37166
7058
23439
26756
6689
30395
34137
35315
9123
27483
34955
37931
6704
17315
22179
34519
4351
4630
22918
26387
4848
11993
14881
17105
10425
11509
24025
9812
13922
17294
28134
10362
11989
25933
41532
2329
19616
24574
31914
6462
12319
19621
22286
1343
7437
22158
31431
9013
15984
23663
15388
26867
37260
40255
8611
12233
37521
6786
17293
19637
9689
11728
22340
33214
6747
19573
20626
26962
5020
10940
15076
33256
8388
12699
30584
32190
11903
19536
22589
23978
13769
28034
29329
34451
4963
18997
41559
1343
12266
13969
27587
4185
11281
14758
30196
9254
11903
34323
1355
27265
1783
10824
13193
37475
4064
10557
10752
24652
32929
35310
13326
23515
33673
40830
1360
1366
1371
36021
1664
14291
15293
26141
10913
12898
29165
37974
1560
15194
22906
11482
12215
18825
33690
30967
38502
38507
4309
4315
9503
34796
4978
26917
36955
1371
26662
39741
40856
37318
38635
19285
21225
21253
41508
7237
35348
38515
12106
26331
41369
1377
19501
30817
2014
3143
3221
9953
5361
8665
14463
12046
25443
29857
5575
13101
13647
15728
19611
26425
29755
23846
28240
32014
38775
14219
21244
39611
39969
22461
29346
39762
7708
8326
36562
27297
29755
5012
14219
17343
39655
4259
9802
26873
30656
3810
20383
22540
27359
6635
7118
11359
28655
15109
21566
39399
9283
31444
35729
22400
24926
25518
31994
1388
15616
37955
40192
8906
17821
27281
30389
7545
9370
18637
41016
4286
21054
40436
40913
4339
9688
10130
26176
6798
10154
30144
15939
23178
26949
38340
3050
8282
8296
9644
3442
10526
36893
7516
41045
14233
26996
41447
7295
8952
27675
11394
11498
22635
33738
1394
14839
25046
35951
1394
33865
35951
37788
26326
2383
8411
25681
14428
16045
16844
1401
14850
41570
15327
32880
32952
33932
16264
21635
40155
8457
22094
22798
33031
19344
25428
41569
1412
1440
15964
6599
16423
22900
31223
3343
3707
26817
29618
3896
21621
41147
18064
22071
22935
23302
27035
27090
27681
34568
5520
16013
17926
21558
2781
8134
14153
28526
21116
24517
27332
32228
4523
4538
23275
41038
3163
5353
40074
5958
15839
17593
37566
19660
20292
39879
2156
15651
30828
37747
17065
19362
31578
31583
4119
4496
40839
41097
7186
28848
32228
2680
18828
19083
22954
11100
15080
26941
14648
20627
30851
38812
3563
17686
38819
40040
1592
21882
22276
15694
25657
32372
9479
12850
13501
34954
1914
14387
33711
24261
30602
30606
14536
18089
20635
33553
4515
6223
6707
6991
13592
17061
32883
39062
3452
5119
20087
5586
14468
23302
30600
15270
31252
34959
12197
27903
30749
11412
16747
32213
39645
5209
14680
20765
37375
2355
5147
20087
23302
23925
31461
31777
1445
1488
14978
36108
5663
8565
24662
11214
11215
19135
23330
13560
28698
6814
9104
25186
40392
1462
11094
11452
12203
23300
30643
36148
22291
26910
38323
11076
22842
33140
33144
17514
20017
26241
22598
28668
29934
30248
6879
16437
23304
37311
8924
22820
38438
38641
29920
36164
37275
19670
31476
23730
27054
38733
1460
12281
12286
22224
5109
5154
21667
3182
23292
29790
30964
32735
38451
6924
17064
18440
7972
12384
27054
7254
11246
28771
29845
11105
26154
37641
23413
31259
38553
5311
12457
13039
30539
1479
1486
11474
20516
5197
21293
21744
22015
3012
25578
29101
35063
11558
26054
29850
40848
12748
12823
27843
30765
1876
15681
35079
24067
28192
3524
18422
22602
25744
1476
16514
30648
38103
12366
12376
12384
38657
2844
12914
41089
41230
3525
27533
38393
9026
19083
27602
32856
2998
24020
31668
33606
11681
21926
29860
4909
28398
36825
4737
4740
21020
28039
8652
8692
25242
36737
13859
27730
27973
35914
11232
31796
1513
13750
36346
26155
26235
37799
10670
22651
31046
38105
31007
31053
34548
19553
23956
35316
3772
15658
23008
33806
14302
16522
19197
32149
12384
29128
31046
34548
19848
23270
30997
24032
34450
12348
12351
12995
30189
3382
14197
23437
39490
2284
12672
28900
28931
5968
9353
19562
20851
5575
28476
33086
7685
11555
33640
20536
23828
31990
33655
16995
33119
40430
3391
10623
21596
30063
7793
23440
23597
6215
12672
23923
28561
7346
14943
20379
39165
5193
23003
23023
4218
9123
34828
34955
1529
1710
14676
23367
1512
14357
23154
27814
15925
18730
24061
30270
14361
14533
32460
1686
25066
24841
35561
40726
15847
17965
18695
18824
16525
20392
26123
38336
13638
15263
28120
33271
15771
36390
37224
1747
6932
15687
27695
5644
11595
11721
12833
2909
12849
20120
33112
5762
31893
38559
38621
15909
19701
40795
8569
25225
35677
14148
19862
35038
20227
37994
41273
9021
15135
16400
15220
16453
36873
12467
17168
14161
38187
38192
16520
19784
32820
28155
32869
39176
16250
25261
7366
16318
16348
31895
9793
28724
10548
32092
32596
1889
14445
30903
36516
16066
23379
27312
38603
7879
34090
34240
36142
2061
2093
21794
22218
10815
20870
25684
28014
14044
29065
37387
39293
12522
15885
15927
17497
15941
23557
31191
40156
1551
14471
21571
22943
1596
36546
38656
39283
1665
1814
40116
3270
5736
21670
41127
8827
21673
31066
1551
20996
34578
39734
2920
20174
3462
22732
31429
39769
11549
29997
39191
5192
14679
17210
17424
12389
20174
21571
21805
16201
25360
30909
8491
24031
27209
28293
10658
17791
25442
38500
4118
10936
37429
40893
9872
10742
15211
8652
8796
15244
23493
3694
8976
20783
31564
1790
10868
41353
41404
10687
17544
32951
32953
3962
17814
20977
24457
1766
4063
16455
33698
17825
22134
27641
29031
15804
16119
16553
14436
32711
32742
32745
16181
21776
30995
13327
23120
28062
31522
19199
31015
39677
8205
33017
33020
6924
23789
35223
7069
13563
20508
1660
23366
26407
36300
11680
27142
28095
39766
27462
27495
31082
34574
8802
14425
29379
38994
8335
8819
12359
16752
12351
12370
21865
27043
5831
21326
30979
1590
5459
26164
37740
8755
17718
35346
36516
7299
8145
12359
38913
8145
9357
27656
20192
21993
27433
34986
27477
30050
30648
38393
1594
31197
38213
38663
7420
20064
39172
5956
16641
29039
29378
30053
31664
35219
8540
12721
29740
34210
1859
30429
8205
18341
33017
39878
7238
32543
38193
15015
29393
30694
15504
16825
31124
33856
17051
18318
20561
12826
17197
27253
34731
1605
19179
27682
35811
23441
27654
30865
4008
7896
41272
31347
38691
38886
5205
5231
12575
5205
5230
18887
27682
1857
16509
21798
21902
1699
20247
21673
30718
1857
14283
27071
40203
7502
12942
16016
38260
2436
8714
13001
21632
5250
18335
21798
35811
1618
8337
12395
4182
9715
18707
8828
9039
13250
25661
3774
3782
6163
30660
10368
20495
33062
6026
37676
14512
30689
40695
12180
19759
27101
34610
2199
6844
14438
2866
6592
24952
41538
7530
18232
32946
32970
3309
5795
10675
31610
12649
13004
18155
5114
21710
38338
10921
31888
36025
27024
38862
39053
4481
19419
25084
36095
5795
9221
10675
34118
4081
6151
8089
10344
4300
5128
30357
31254
3061
9300
9540
20529
1873
19801
27178
35251
9198
29111
31255
34742
12311
15948
35233
14336
18568
19807
21994
2973
8797
16078
26448
35326
36661
37967
13429
16017
33601
4274
6177
14583
38981
2065
16573
27886
30594
12392
22999
38426
12516
16354
27032
34584
9544
10993
20364
35577
8220
12448
36390
36407
1664
15293
23782
33535
7316
15070
8435
11861
35139
36672
5368
13489
23103
12480
12481
18371
19712
12357
27688
34584
35859
1654
13260
23000
34620
6061
10823
13263
14479
15860
15864
35220
3452
16176
27023
32735
1659
23032
27032
30434
6068
13068
13088
29502
5204
23023
15910
16172
17015
23738
5193
18371
23023
23032
3732
18612
37543
3905
23172
1798
1906
10146
32224
35575
8402
12392
38703
1692
2710
7188
4555
4889
15070
33745
19699
23031
23496
41246
4280
10250
19419
31828
39501
3813
28954
34401
38324
12610
18048
23923
27320
5251
5888
15160
18514
2546
4167
25986
33657
4004
37582
40863
16254
23541
33696
38444
23620
30696
39381
40884
4705
6503
27923
40738
2517
5302
16887
30175
1698
3995
33927
8911
16781
16788
25422
17051
20565
28177
28193
14699
16885
40268
40336
9841
20971
36346
9188
16237
19383
2094
2095
8891
13594
20091
30614
35100
12388
15773
16818
35935
9002
14400
37395
37886
1906
21250
29452
4493
19731
27742
31546
1697
1827
7044
28019
2078
15589
16702
16834
12676
12965
34593
37512
1870
11675
28558
4628
36776
39828
8514
15845
1710
17210
34644
30842
38138
38199
13016
14168
14682
5237
12665
22987
29657
11389
13057
18865
41046
12909
31348
1718
1724
7778
17603
16129
16465
26617
26942
8991
19915
27286
12449
12793
19745
27836
5788
31348
8947
20021
34580
36368
12966
16034
16294
23714
13522
25507
32717
39146
13012
30484
35239
35662
10440
15207
21785
39533
7103
38718
5755
15566
36453
1722
18666
5219
12561
12632
16621
5991
24040
39446
3767
9515
15443
40509
7095
10930
19687
20296
23024
31197
7095
37277
40760
2838
3827
18267
29575
1798
7925
25163
4722
5983
17115
24620
30409
32157
39392
41071
5527
27428
28931
30537
31041
36550
36589
10354
12160
35065
35133
4415
17532
24758
36671
10932
19857
19862
35038
23668
36655
14281
37245
37476
7339
30332
30800
41072
17158
17255
17289
35611
5976
12867
19880
35389
1758
26228
39118
21677
23363
29056
29313
7190
16925
32390
39378
15531
16853
23868
31526
1887
24240
38830
8754
13020
14357
35596
14008
14312
14515
15934
12764
15772
21176
27835
16622
39208
39753
7226
16160
23231
23366
12451
13072
14195
16824
5265
13319
34648
6487
26477
36180
39189
5532
8856
13085
30830
9974
21676
35166
4190
28994
30461
30467
17001
20418
22945
1949
31556
35213
35247
13276
15500
16778
27333
14580
22332
3678
6415
25670
35376
30098
30456
31528
33706
2781
13960
38533
38714
3866
15442
37486
40578
5280
35253
35269
36075
8999
30866
39328
39336
7841
29216
30111
33474
20378
20442
32671
10152
13058
14201
28079
7348
30014
33700
41072
1961
2024
2124
9604
7382
16829
23419
28060
12700
13235
27525
28978
8691
29089
36437
21671
33155
11378
16943
27957
28419
11423
29833
37429
41156
9316
31008
38449
16796
27175
28616
33157
7191
37475
37665
15610
23608
31276
12527
17204
24711
31445
16346
20279
30696
34891
6875
15205
23646
38994
13964
33153
8944
15848
19327
38277
8647
33894
35386
26410
29983
32316
13308
27148
27170
28010
20957
27912
27977
37952
8447
8570
30928
30792
31644
40898
1903
27306
34705
39669
19659
27636
35375
36195
6165
14800
24051
38048
15254
19805
27902
37952
12873
13532
27230
32410
8307
15561
37710
37809
16526
31155
31213
34244
13942
21250
2054
33541
37829
5575
10355
15722
27761
6684
26077
39511
2147
20366
23018
38576
8996
15806
20480
27588
1814
22194
11388
18865
25909
26065
12024
34123
37384
5039
5356
35087
3100
15335
20221
20368
13002
16411
27115
7575
7578
25026
3182
10521
14892
18129
6826
11296
23435
40988
11398
23810
25943
26195
36984
41501
5248
8831
12972
19732
13299
13353
24600
28721
33642
36907
39828
40417
14040
27298
34771
38636
8684
9132
23932
25136
19294
22951
24428
40993
10043
19294
24425
27826
1823
5315
13303
25679
8576
12461
28028
15200
19843
27488
29041
3268
14270
15821
2708
4762
16686
22739
1870
11798
28579
11039
26313
26608
39473
8507
8595
36819
39648
13243
32296
35374
39873
12434
16925
29322
32390
1864
13063
15547
35759
23596
36300
37695
40906
8401
12390
23057
6639
6890
28551
32059
9393
16206
16848
21128
19748
19752
19755
31056
12535
31113
38892
8812
13871
36541
1847
12950
22006
2376
28772
34949
1846
2795
19151
24451
1858
23786
30430
35228
6813
8327
16086
20732
16110
32805
33564
33568
11777
20189
3740
6777
7193
14074
19801
31113
35266
7607
13169
41232
41323
2102
10677
21590
30646
19069
22951
26434
26524
16231
16926
25125
5679
8557
30451
34759
2241
23232
38875
4574
5291
16472
20727
4717
37826
39400
16332
16350
16624
23003
8484
13502
23786
4717
9582
30358
41533
1872
8248
9238
20729
13067
16871
17800
34961
9328
12451
15372
20723
15549
20723
34686
13045
21662
23607
3638
5807
22008
22107
20908
24149
37897
12508
23918
30482
30496
3423
9164
39368
40426
19163
20456
23249
26428
26651
30700
1881
1882
8603
22172
39421
13044
15922
20443
27179
12028
22948
30631
15495
24985
37764
38864
15897
20480
30425
30517
1881
5296
5416
27182
15973
20369
24654
30681
35210
31080
31562
35251
12313
19992
20090
34988
4224
27889
31397
34750
15222
27448
28957
13044
15921
16907
38798
20665
35320
3901
34902
36420
16837
16840
36458
13148
15913
19945
23835
14829
19956
19961
38761
2430
5886
18818
28709
13100
13276
19948
20668
8365
34549
39115
12473
18118
23839
34144
8585
16523
21760
34616
5223
23499
23679
32294
14418
19954
28708
30482
5074
16555
19945
38129
6653
17682
28513
28695
24223
29086
29881
40385
24187
27820
28013
34371
15933
25697
34706
3881
6719
28695
29552
20471
23754
34810
36373
10090
36290
20037
20050
37847
12382
13114
35398
37211
15818
16133
38645
8358
15329
27271
40777
19889
27264
38735
19897
37560
40404
28499
38634
40782
5707
9092
31098
14376
16372
38316
5393
18257
23011
37926
5486
21017
21468
30366
10560
21401
22280
39774
12722
12724
12735
36215
7128
24867
30152
39721
13011
29832
32075
3831
31080
38742
6860
38990
7202
7511
16617
3144
13704
18246
18360
1928
17497
38798
38799
1929
26658
34081
6054
15885
17496
4721
19187
28163
12830
25991
30153
30156
2637
28040
30627
8613
21695
29600
8039
14061
15037
5134
8101
31660
38968
14021
21700
36167
14185
29908
33819
34421
2004
2005
33688
37439
2909
12940
18991
34932
26742
35511
6653
16986
17583
28132
7470
21758
35014
36716
8771
8792
29339
29340
9429
16209
17435
35417
4982
19401
26787
15706
15738
21704
23812
5310
30780
32715
32761
3017
3534
32527
37819
8992
17427
24206
39995
5289
14253
28080
6141
9303
25831
37806
2272
20127
26191
36273
11673
21557
21935
38403
9433
22973
28941
8832
21716
10136
11764
39361
5229
22974
30565
34080
5486
5807
28985
32935
10102
33986
37793
9308
20736
9151
12839
20053
2624
14138
23224
6593
21010
24992
39281
2525
4896
24031
39015
15014
16040
16079
33299
2258
29265
35192
3914
17678
21016
36180
1968
1975
19838
25866
2595
12471
24160
3985
20211
35359
38362
17394
18632
22925
26867
8187
25618
39744
39923
6344
14308
32174
38170
16798
28209
35121
35731
24540
27698
34418
34444
11070
38116
16520
17876
27770
32820
7208
39417
1997
4637
33960
37814
2996
11624
13887
26799
1998
13872
17009
31916
16958
21852
22259
9293
27664
31981
39956
12525
16535
24164
27726
1994
13875
24032
32075
5541
32226
38879
12641
17311
38196
8805
14160
14428
40448
4983
26953
35156
16759
18254
18663
40047
7930
27295
29455
14354
19451
38527
38756
9816
13258
19584
28223
20623
25156
35542
3336
5298
10338
17895
32815
7677
10938
19156
26843
1998
18445
32475
33973
41469
31342
39004
14929
25813
20705
38124
5769
17959
38060
38599
6636
10217
19156
36950
6183
7335
17394
37573
39999
3878
23689
25935
40707
4586
15067
33546
39172
14327
17494
21555
27476
12299
13772
36599
39403
2171
15604
16512
6699
7693
7701
11060
14182
23179
30381
41252
5656
26821
41111
12576
29342
41293
12332
15267
15363
21647
4433
8345
10911
25744
16810
21574
39894
40056
5630
13247
15888
36871
16819
21747
21796
29132
11779
23502
31282
38754
7314
17974
34838
34853
17391
20491
34745
36725
29719
29770
34845
35349
2213
22088
39520
19964
36778
37071
6878
14880
26838
28427
6636
26581
26843
39887
28835
29573
34997
7205
18965
29003
33636
15213
18014
25602
37473
8878
29633
38469
6186
9466
9475
34885
8317
19121
24829
24949
7045
21954
29521
6746
8794
12857
34740
7279
21579
27889
34846
2041
2062
24197
41361
12577
12673
23086
30619
26232
33000
33028
38907
24782
31855
38905
41225
11490
18986
24218
13505
13742
17475
31986
23941
27381
41149
24075
31097
32924
34569
2138
39195
8149
21415
22659
24764
5555
29757
30639
40484
2306
28665
29890
38729
13793
13796
23671
31127
16406
23444
29095
30779
4230
8280
37469
3781
7199
23690
35598
3329
14820
37741
40024
7132
37714
14625
37178
2263
5337
29890
39906
6056
10232
20884
32470
18687
18689
31960
41474
6175
20725
35638
40209
6762
9586
22750
37828
5212
20523
36392
15247
33708
40214
19125
24971
25213
34369
13114
27886
30594
30957
31240
32086
38230
30954
32085
34928
40546
8150
14607
17472
33707
8503
33290
35157
2070
18723
38947
2081
2087
35591
2215
12399
7355
31771
33109
34142
6544
9594
20554
2092
2095
20347
25651
8413
14164
15827
22842
14573
24864
32295
2091
11561
13139
14356
23064
27110
36005
18737
18761
38184
40879
10392
10774
28400
3975
18723
41029
19206
19445
25543
37578
5929
18966
27243
35288
5948
31021
35045
35295
22914
39185
7852
11485
15247
24197
2315
3921
18647
12401
27131
31026
31036
8957
15443
40509
5413
14120
21804
38947
8891
12816
13694
2094
4195
17709
16701
20996
23230
27245
28380
6269
2886
6338
29489
31257
29115
34913
39892
2183
12811
28949
29561
12340
15672
38309
2219
6944
17867
31514
3629
38040
40568
40613
22958
27665
8470
15357
23522
29321
11050
14762
15238
40512
13413
15576
17441
39726
4588
12441
19788
23652
2161
2543
13405
5511
9568
18689
32107
22410
22752
25786
33321
5348
36742
38584
2118
9540
22335
30197
6215
19540
19571
23828
27825
31327
31909
34213
13381
32418
33351
40704
4758
21851
24174
32341
5268
16491
23649
23762
5419
29297
34476
23547
30199
33129
8981
13976
20013
35685
20720
38897
38898
2124
2213
18693
23535
7833
16462
30616
34788
12588
12828
21823
17580
20555
6183
21618
33977
41057
8077
26353
40840
2492
13468
36423
20212
27548
27555
37976
16148
30209
30864
40950
4033
10638
15104
37699
2923
11930
20137
35101
2141
12833
15678
30740
5866
28237
40075
41173
7593
12476
27576
32907
9156
31701
32563
32625
3138
32996
34758
38170
16494
22993
26712
37101
12292
32134
38814
5475
12810
13647
30369
10956
11487
13757
16148
12568
13754
4003
33923
5420
7683
40816
40891
12261
12319
23078
29356
2665
3898
6871
20069
2162
3216
15777
17041
20053
27743
38750
13218
21000
23018
34808
6741
21974
24544
32654
9958
27571
28220
34315
35159
36101
8543
39757
6890
6900
13870
21117
10355
19909
20183
8859
12967
30705
3897
4099
9369
41341
8069
16673
37462
13490
25316
30577
35338
12664
19046
34880
12261
27989
40117
22092
23018
34746
11314
24588
28341
35718
13065
18701
18709
35011
8531
9195
32110
39485
8271
21351
25628
5181
13999
16468
21228
2176
8139
20969
25891
3231
3392
32240
3330
12836
25587
28582
5806
17064
15556
16382
16401
34772
17061
21462
31430
32883
16263
17963
21495
33076
6990
20559
33649
35609
3671
15045
31816
12519
13529
16880
35374
5684
16382
29253
35064
8286
19822
29636
7008
13752
28453
8531
13925
24037
31314
5998
21115
24202
34761
15222
17262
17559
12924
17153
33404
33453
3661
15348
24368
33722
22950
34805
35411
40124
34794
37922
38125
8159
14344
29661
41354
24347
26901
30519
32090
2196
4882
20791
34760
2629
11868
32541
5661
16312
19885
38435
2196
6358
8841
20791
13591
30561
37216
40405
18015
23621
32924
38918
10442
15973
8431
12555
15683
31450
35072
41572
6841
8627
14559
31397
24550
24930
30956
2240
5080
11164
2861
11177
25846
30184
9453
10671
13097
37583
7327
20534
25558
31034
3300
38595
40224
4891
8053
16813
27935
2231
29640
37038
2227
11164
11223
25984
8495
12477
28282
14815
29820
33676
33732
6754
7745
7755
7757
13755
41020
5837
14628
17919
28819
20860
30244
40396
12648
21570
23430
31290
13906
16820
34129
6822
14131
14497
29849
10448
25375
4096
4158
30670
38896
10586
29000
31684
40170
2246
19290
23245
38901
9082
9083
38901
5288
9236
10980
27210
13181
27294
30372
32861
5243
6933
12445
39756
2240
2244
22402
5191
16869
39496
2252
6275
17529
24263
7846
10868
15554
41402
2249
4774
23094
29174
38852
3935
6852
27995
33756
5962
6209
19929
34813
20041
27891
36914
37931
4653
27469
27640
35921
16486
21570
31515
37415
6937
9850
10265
39364
16997
25838
30169
39230
3647
10659
8484
19733
30657
16052
20464
28740
31492
20520
31184
37667
2253
10829
18358
21802
22051
9083
31492
32891
16475
19781
20937
29471
5884
6209
21570
15657
29636
29641
15880
28016
28021
4053
13435
13459
18720
6522
26542
39467
2254
18214
28357
10829
11322
2738
17326
35325
38611
5446
27429
30441
34839
3783
5080
5087
30255
24549
30385
35181
11023
25208
41467
41470
11285
23337
36922
5851
29070
30575
35010
2362
8216
13484
26239
8548
20049
34727
2268
14705
23666
34401
15119
27367
33433
34981
11295
16185
16371
26050
9016
22324
29325
32673
14237
16215
34384
2780
11825
40362
6957
18455
21444
33480
5345
12191
37010
37701
11800
15621
6938
7582
11298
15071
7048
11294
18618
25447
15126
18149
26627
34517
7173
13945
15096
5369
13123
14770
27818
9045
19161
19467
19475
3996
4075
33611
40870
13418
17731
33841
41086
4890
18935
21082
6604
11004
18983
34049
2289
2300
2653
39875
9086
14323
14928
13063
15361
16875
35445
4095
21453
25717
9732
13523
36018
40293
19267
24659
26642
34248
7790
9997
18590
15465
17536
32427
9131
22193
25579
41000
12580
19416
27818
38479
6050
6071
21461
29053
9244
12604
25703
27786
5263
16823
23210
39893
14275
29725
30407
34860
12583
29719
35349
35595
2692
3074
3947
39877
7263
38262
3297
7519
25871
3401
5762
31178
34942
12586
15562
19342
32140
6628
6873
11232
13896
7458
11925
41495
25622
26160
33298
37192
2796
5776
39906
7194
8572
36228
6417
9817
26767
32486
32487
36985
2914
6803
13849
18406
3880
24547
27471
13475
15960
19682
37342
4605
14110
14156
21359
4584
10197
17779
39563
3975
19722
41154
9312
19999
25038
16305
16306
19682
19684
19252
21088
31810
41573
14705
30806
34422
38324
14042
20082
27251
5851
27422
30575
5606
25549
30358
39400
5570
14314
17987
34837
8712
11018
32365
18241
19165
26012
8119
37757
23343
32826
37888
40978
38121
38133
41060
11853
19645
24546
14494
19590
30441
34384
4961
18018
20331
27329
4397
26254
39784
41172
2340
8494
12511
38009
13622
17963
20541
40467
6345
17899
22296
15209
17676
27848
33616
2340
2342
6562
8964
2657
33680
40678
41048
17220
28989
29679
32408
2341
18018
2342
4895
16765
34725
35118
13700
14300
20099
20356
17014
19199
20410
7781
20767
27538
15319
26071
40681
40760
17166
22096
36441
40744
4865
4951
5110
25003
2357
7849
8089
37757
9950
19949
29941
38352
9897
12506
34841
38943
17952
18071
25419
18728
24068
27074
35787
14305
15503
24606
39396
16414
20512
23992
14608
17784
20239
32502
4081
18244
19132
22580
26590
37318
7696
37497
37539
5825
16522
23067
27331
2730
11203
11340
41295
11486
33111
33120
6680
7865
32730
36869
3892
28501
31544
37083
4384
23063
23132
26767
9693
7182
16368
32209
2383
3695
18270
9324
11064
14916
29028
2373
12295
30461
7123
32205
33140
33147
2750
18959
21608
33398
2750
13398
34103
6011
39309
39359
20922
31078
35468
35492
9514
13495
7865
12276
26752
26863
7041
7934
14655
19110
7749
9352
25763
39185
13686
24159
25619
40730
10809
10841
20842
21394
10264
20412
32220
18428
32286
7443
10298
14654
31834
7199
23690
23695
4655
5395
30480
30481
10142
19463
19898
29631
5517
5558
6190
14792
6129
7740
19307
38191
13825
17243
37281
41270
3099
11581
8293
11895
15183
34123
5382
11729
14636
28348
10044
10200
22376
33520
5307
5313
25830
40720
25884
26727
9980
9983
14215
22206
22784
24778
26053
33511
35712
39000
39135
18512
30295
40720
10367
21039
30799
34461
13392
15800
17233
18515
12255
31934
34416
20938
26663
41513
17110
26715
14129
20934
23357
24036
12213
21731
21941
41159
14870
18519
20563
22129
4655
13398
19005
14732
31947
39183
3896
3954
5461
41147
13398
18876
27416
30480
3238
16436
24339
8156
35248
18681
21409
26098
6458
18681
21839
41007
3882
8204
22762
36539
40181
40580
2433
28709
28713
28722
10566
20841
24340
29532
4713
10816
40425
4712
19494
31934
34416
6089
18445
25502
41469
7822
19356
32259
34091
14303
28731
32149
34824
7642
9989
24676
28674
10720
24345
25890
26805
3954
12677
34567
39077
27152
28395
32488
35597
2433
30553
36070
2443
7416
20563
36644
7147
10251
13679
24349
12946
20673
2457
16555
18746
19942
5088
15371
31136
35825
14969
24699
31664
14871
18336
25582
40515
9374
30016
31912
35560
2977
11192
11264
25842
9976
9991
15078
36826
5893
13231
16896
24139
10646
11297
18672
25891
30253
33451
6575
15255
19170
24381
12439
30162
31097
35881
13439
13848
27660
28264
6755
12324
26431
32687
5616
5639
32044
3154
6786
31790
32689
4210
23351
23612
23807
8066
33215
37278
40555
24544
30302
31710
35967
16597
22150
25518
32206
20018
24795
17542
25937
32507
37345
17116
26777
28715
2458
18259
33783
6152
19942
26792
8536
18941
37566
7450
11261
25019
26021
11186
11261
25937
11363
22301
35637
3400
3466
7766
26720
5452
17419
33334
41296
4412
16158
21651
22053
32009
35969
37085
5453
9859
17788
21286
12725
13102
32218
34859
9721
21058
28500
40791
7121
23043
23161
23165
2489
11881
13798
28421
3053
6517
18688
29282
26041
40908
41078
2477
6920
20412
32536
12673
12742
17849
21857
24418
31903
33792
17254
25001
36174
10046
22376
40980
41520
2480
18894
25843
26444
4938
26446
37598
2489
6497
11729
24613
2486
2487
12667
26263
6843
20985
35894
35897
5735
24666
27607
32841
5059
9288
14228
31316
22983
29657
40577
11752
22983
27386
2490
22983
24589
34980
6504
11221
2878
13485
15457
18882
34229
2872
15457
26973
4411
6241
2983
7381
37506
39597
6917
9583
11154
27756
24359
31209
32575
39954
21363
26643
41527
41556
9976
10016
10183
13770
16785
21398
31710
2531
2534
2537
12214
2581
11713
14681
24998
10595
4535
7939
11532
22593
2531
2534
29771
5157
9337
24156
35938
11364
19427
19456
41491
11017
28191
35917
40872
2511
25515
25912
25977
18627
33969
38899
41279
5719
7664
21888
35760
2963
6637
18294
2559
3184
8197
32459
3610
36920
40205
3027
13721
21085
34583
2632
5692
6370
10847
5271
6402
21962
39627
3193
9319
35444
18660
26012
32261
33498
3104
6017
29802
17563
17567
17569
18306
11560
15271
15272
25923
11151
19165
25709
9340
16458
32780
39040
13614
15266
22018
35782
15885
23075
30494
2561
31877
32530
40872
18822
28484
37669
40930
15232
26038
30002
34650
3727
18208
33014
40416
6067
15415
22132
6096
9966
5468
10025
18559
18565
4126
6713
28191
36014
34099
36281
19092
24284
41207
7090
8349
22884
24415
6096
19223
20959
15790
28775
30442
33752
9362
19126
20084
24183
17592
18674
23703
37965
4861
20774
29411
37353
12050
25954
27493
41267
32628
40114
20743
29622
39736
16798
21397
39000
39133
11534
23856
26217
7565
9773
10227
32143
6109
6865
12119
17258
10706
20199
25367
37708
2551
11806
18808
27961
17167
27948
28283
11694
23360
24594
38847
2736
10320
24307
3668
8386
20301
30486
22611
25324
29752
37820
4082
18214
28357
40510
13481
15457
26248
34980
5452
9317
18987
33465
7873
7918
25247
16796
18233
28684
37949
13859
27973
28389
9626
24769
38398
22987
24589
34057
35641
4311
23568
33811
40605
4902
23964
37156
2572
7702
23819
25659
24389
35566
39950
9442
23357
26707
31600
25528
28909
33994
9289
18099
31103
4657
9786
18808
27948
5513
10508
24883
5093
12083
22179
25940
6654
9451
13833
28695
8156
8197
32784
19472
20559
28855
28886
4906
23283
26057
13370
24289
26633
3788
10748
40610
40952
4810
30243
13802
3379
6511
19049
41389
17187
21916
29268
32530
6091
15317
19175
22930
13538
13580
15718
3785
14130
15965
20202
17744
23749
30512
37451
12052
27490
29458
33228
10740
14737
20576
39754
20438
31988
39329
39334
3476
23805
40304
40662
12052
16717
30745
33757
12062
12073
33235
11818
13480
24266
24270
12520
23036
35512
20593
40826
41024
11952
18621
40598
40878
2628
2639
2711
16227
4659
6505
22225
27472
17374
21732
25337
40313
10382
10467
10518
24786
2607
20790
23829
25107
3060
3110
31142
39457
2606
2607
12573
39152
3514
7957
14655
28971
10701
10877
26357
2611
10907
6446
9689
28272
28839
36282
4938
26633
37198
12573
34297
39353
10775
10869
24059
34920
23202
25203
32139
33455
3473
4448
30081
34764
31641
37802
4487
18434
36699
38823
7962
9087
35409
40792
5264
16637
19726
3669
18683
31817
36596
3453
3459
25565
37271
4783
20638
29833
31717
35561
35972
35981
39383
8183
22225
26677
4830
7842
22088
34125
37811
3457
14748
25564
2647
2803
37465
39743
10459
12242
10159
19379
22616
8035
22097
28495
33346
10662
24981
25215
5695
22338
40041
6335
14608
20234
20239
7536
10337
13609
39976
2647
8126
17451
37655
7000
13622
25531
2787
5696
6745
28323
28733
30611
40271
15559
28879
38487
17924
27412
28851
34931
2798
27811
37324
38613
2643
7581
8126
10166
17512
18596
10520
17124
24247
28439
2720
9703
20947
25030
3406
13656
20922
31078
2906
16015
4161
4243
38366
12488
27318
29598
29651
2654
33731
37965
40992
19923
28826
41411
20902
24370
32081
2801
3298
3874
2801
41576
10899
25558
13090
15063
20969
39274
4003
8188
33640
5718
10304
25268
37226
32301
35216
40200
5264
31607
2860
18814
29589
2942
21526
25424
25500
8011
24749
39694
11465
32189
35511
22804
33173
33959
3799
18537
18586
22095
13422
34159
34965
5602
7978
9880
25863
7104
12574
35056
35068
5353
5697
25167
39638
13083
20169
20224
27594
10370
32057
32202
13388
13422
34159
35625
9828
20381
36050
38555
12596
20044
23862
29141
16187
16455
23546
31001
13437
23862
24090
35608
6772
38232
40404
14197
22165
22172
2882
8908
12926
2698
6996
9247
9333
2896
3207
4407
22455
3028
4041
11245
18586
4424
7614
36947
4339
11572
20315
24821
9247
12728
15788
34965
6711
14915
22293
6104
11130
27087
34514
7211
16991
17037
28470
5690
19532
38140
40051
29197
29210
29222
18602
36039
40807
13437
34773
34965
39082
14644
30874
37590
38720
30689
37401
38569
23513
29083
2708
21978
32182
8929
13719
23864
3750
5039
12008
27559
13220
16451
19654
31092
2883
2968
14753
21532
13811
20396
23632
39640
2727
8548
18170
19703
16625
27528
41482
9340
16467
30608
39031
22978
25316
27741
33933
16920
30619
6690
6692
9519
11945
24638
12326
21225
25440
2883
15543
11250
12022
39614
11812
15239
17547
19779
3927
26379
40553
40733
11186
30338
32504
2718
10998
11148
18669
3088
3266
3280
4045
4073
18861
8422
23934
2955
6710
9633
7700
11409
21488
26891
10395
19296
30353
37123
5551
9382
34567
38046
8147
19686
21111
32228
11481
26092
33543
38047
7262
14515
14519
15934
14205
15761
23719
9787
10707
11952
25870
12659
22518
22846
22981
11206
15925
25994
11771
15316
21636
34536
13164
14392
38476
6401
17722
7404
12752
31878
40213
13164
13675
30598
20838
21295
22431
11110
30270
30272
3907
5527
15131
18511
24865
25719
15888
16613
35881
39412
4760
15536
18513
40894
3898
7553
28933
33173
2927
11071
36411
3974
8008
9843
17634
3410
10512
18283
40248
5026
15011
22336
32351
22087
32187
36527
39543
15071
19297
24914
34344
5953
28108
34994
38366
15536
25833
11056
20906
24074
29706
3647
20963
31960
37035
11657
12297
26460
4105
7465
16220
40773
21357
32494
32751
37103
2894
4634
7922
13789
2765
3067
11161
25925
2783
20400
31503
31823
6392
19779
25492
29939
13700
17709
23508
25651
5928
17262
27246
33280
11239
18670
18900
28549
7172
20584
25403
25828
26137
2776
11273
16469
17161
20008
39048
24308
25779
33406
14307
22739
25095
2772
16945
23086
3298
18775
25032
33633
3065
7644
11088
32504
2782
6172
34865
5649
5971
15235
38963
13487
17143
26412
2967
5869
9231
16245
10949
32305
37219
25425
25556
25561
8564
24746
34120
4123
4488
20745
25002
19398
36619
7134
9051
31463
33623
12923
21816
31353
5216
12647
16640
38535
2789
2814
3067
3077
6252
15703
27342
36366
4965
12868
15814
38960
6601
33371
37227
20335
27419
34916
3250
15047
29783
29785
6252
16018
20055
28973
21484
21511
21830
25376
13337
14495
29587
38062
11632
19139
24204
26779
38307
19253
21740
23289
40880
8647
26779
36428
24629
26434
33860
33945
2931
7923
8615
8011
25032
10879
12569
23248
30268
2871
11213
11248
2818
20081
29970
30578
20784
23061
34629
34673
8113
37287
39765
25055
33531
38837
6427
7177
27069
31991
28925
29647
18463
21839
25898
31960
11306
27155
36141
36214
24524
32272
34804
8813
20983
31385
33779
11344
17541
29840
7307
20992
28358
39288
8132
9790
24002
27413
27425
2826
29925
33462
30144
33986
37463
5005
10418
17288
25485
11385
33571
33924
40231
5450
29960
29970
33940
22740
32443
33582
20756
25908
30813
40942
30255
30256
39451
28155
29970
33490
10561
17465
17838
9078
20941
21911
28022
4624
29309
32554
33217
2833
9189
14148
34739
2982
3692
9302
20570
2849
30615
33575
38016
27515
35034
38016
3251
13294
17824
36044
5424
21767
22818
40343
8926
23413
30786
3244
6205
7539
25204
10343
13261
37060
6804
12130
34242
36770
22533
23545
35643
13138
13749
15416
38020
6788
26726
36382
36768
3317
17860
38235
40226
15931
18412
30380
15140
16743
21257
21441
4830
23220
24037
31306
7005
14148
35034
36760
5080
10665
30256
17783
23091
4516
6010
11778
8560
14422
21561
25799
2853
2861
10520
31813
27992
31815
9483
26519
34090
38226
25849
27986
37108
5574
10058
26395
5985
18051
19989
20355
19324
25425
37302
2861
9302
18639
11425
18964
39919
9528
4488
11886
24748
20955
22861
25699
39457
12699
33871
33976
34996
5653
6157
7754
18888
4820
19310
35570
20252
27316
29696
32222
23844
26421
27466
38838
12615
23192
37902
24587
26632
40600
18874
39743
12784
26248
3519
10041
15866
33355
15537
22314
22845
33448
15543
19244
39678
12365
18855
33535
40797
5504
14447
17361
19119
20084
2880
19880
33106
35416
36717
38860
2945
8795
11260
20177
5758
19083
39678
17318
35211
36096
2945
20366
36571
38578
30535
40283
40285
5992
6001
10721
30368
12001
41585
5625
18065
27507
28110
5662
6290
7595
29293
10194
15217
17788
32987
7459
9310
13074
16579
11077
15216
25902
40718
14807
22685
26965
9915
10878
30438
35862
7014
35145
4128
27440
29448
6798
17423
34209
5445
28949
33096
33116
14889
20356
25651
17561
27488
28331
34731
3603
23112
41542
3047
4829
6783
28552
5368
12792
20095
30552
2909
5857
8551
22397
11106
12164
36181
13388
13417
38065
38571
7426
18208
2918
6040
10721
18127
22979
4982
5733
26564
29336
5949
8215
29052
30721
5981
14823
31108
6804
24490
36017
2918
18991
28152
34467
4385
11208
17632
19169
28838
39568
2921
27536
10574
11525
19527
33055
7117
20996
2923
5857
20135
12582
15933
34705
38678
5647
12855
3498
4296
14656
14844
7681
13372
20513
31478
8016
32547
6179
10021
24803
33130
33131
37033
39710
15623
18867
33544
41137
5084
24821
26172
29151
30282
39916
16393
33651
41372
7459
16579
27507
33280
32373
37178
23511
39625
13283
26240
33586
13062
14818
28397
29045
2978
14844
18550
35865
3214
16262
28390
33075
18475
18702
21022
21416
3428
6090
6159
6171
4622
25432
34161
2978
5466
18116
25819
2949
10709
11180
13670
13075
22085
28107
28429
39520
7751
21967
22916
34631
18528
22790
25804
40881
11035
37412
11526
21929
26325
3949
17148
17297
28296
10211
17252
23980
39327
3701
9482
25592
38021
11196
15713
32374
34738
3029
9103
11072
4859
9678
33596
35045
5643
5971
6285
38965
11881
19173
27923
35996
7280
15298
17035
19873
8973
24028
30515
35296
5746
5957
10717
22130
8482
11209
15294
33086
4125
15767
26011
11151
23109
26012
2975
5466
11022
5865
17035
27485
28397
5332
13204
33015
16227
22184
23242
9656
18011
23198
9020
27401
29458
29503
4979
12260
23534
30252
3439
5564
9073
38427
38428
2987
9030
24177
29496
3784
5487
33023
3602
6502
26418
40052
11179
22817
27782
4734
25576
25568
30316
37025
40683
6414
36307
37852
37856
19158
24886
33348
33379
6086
21877
23202
3000
26983
27095
27558
28506
29787
32535
15299
15999
21705
17986
19181
2989
8057
28194
3872
9882
27904
5275
23104
29501
5462
5872
11835
29105
19013
21033
31885
31891
6731
17773
37288
37374
3800
18774
18924
23481
7916
21486
25120
3651
27335
29704
38402
11506
15165
17714
5101
5462
11835
40162
5339
12029
38052
19150
32678
37322
39936
7113
31902
36555
25096
26526
34227
10208
23297
31639
34108
19253
25018
34108
40031
3948
31860
40621
3055
11241
13845
36017
7471
9699
20800
39425
5374
12786
15378
24020
11066
20089
24807
10123
21490
25337
38551
11146
11278
11669
15252
24416
26028
30192
5572
29099
25894
37069
41309
7575
7588
23475
15427
39531
39628
3661
24368
33791
6554
32618
17067
17264
37849
39408
17053
18405
22811
40741
3319
18100
29567
32808
10047
15507
18765
22181
3433
28472
39199
11711
24907
40946
41475
3075
4031
13113
34168
7610
21455
25021
33431
4486
11923
18083
39041
6609
6917
11879
7610
22527
26541
6108
17705
20967
6078
6515
22632
27129
13507
13509
19196
22634
3080
4395
4878
25394
3944
6534
17248
17831
6616
9685
37670
3042
19195
33596
11301
22326
25723
32451
11414
32330
36980
13866
23848
27888
3947
11257
18602
25874
3601
26222
40664
40752
6603
23297
40725
40855
4859
16726
31584
13560
32071
39260
9968
17063
25345
29332
4015
4073
11878
40851
15712
16704
35099
38964
4208
25951
36016
8990
16381
19878
20224
10664
11288
16481
19091
5062
24980
26783
28035
37721
7431
10507
13689
29296
36013
8758
15159
37471
24490
36271
41079
5548
7342
15069
6757
25809
31074
31078
19452
26261
34333
41060
12574
13544
17245
3107
17123
22969
7547
35462
40891
3553
15635
33877
35530
9855
10661
20817
35748
3122
3142
20950
29417
3068
3069
33367
3547
5746
5957
9131
32305
37089
8022
10164
30345
7687
37057
3554
32253
40025
15829
27594
32858
35140
9431
15730
20228
29946
23185
26541
29469
40853
17545
18586
36039
4236
33562
33791
11712
21062
24400
28495
11161
17524
33371
21977
33304
40696
14346
29060
5740
7133
24988
8553
9107
34913
37036
10288
15011
40934
7898
17431
18451
22473
17696
22031
35784
3120
3503
10832
18031
8395
19878
19892
24382
24908
37435
14654
17570
31761
11255
13571
21499
24652
32923
38233
4846
25085
26574
9368
21877
23202
24314
21447
29286
29289
17245
29341
38222
11274
11484
22433
29367
36389
37631
9458
10822
23949
31806
6893
9566
18562
33364
7415
32017
39319
3130
9231
27611
3133
4858
16721
29602
10880
24033
24407
37546
3812
17272
22561
35229
5902
20603
32598
10534
23491
25839
36554
20089
25557
37189
3116
22862
24446
5019
6578
27311
36203
13730
13731
13883
36003
3116
18127
22861
10847
17622
40013
3296
14536
23080
9924
11383
23641
23802
12566
16445
38960
6055
10516
35954
26954
28336
12454
16279
27544
32939
23208
23301
23307
40885
10597
12898
15235
20205
25582
29579
39925
11666
13753
39965
17673
29280
29296
7303
10227
13677
14105
5980
10597
15475
15476
3166
22000
25824
34900
8481
15940
17698
29192
10480
25219
15546
20205
20484
35735
14131
14874
39236
5869
9710
38850
8029
15721
18136
27453
11089
17972
29104
9152
16456
27908
13539
13855
27582
32959
3160
18246
37501
7722
14906
40038
11604
23930
30146
37436
6344
28468
29258
5610
20745
41494
5683
8397
9496
15648
15702
27555
29173
17809
28234
39277
15932
37909
41273
3160
19841
19846
15521
29273
31469
35307
7143
12911
23179
35678
6376
6382
14072
29125
23039
23417
29988
32952
9934
32703
36298
4770
10069
22363
25857
26979
27247
31794
37509
5239
29907
33137
33465
7139
13956
21230
32702
3202
14587
36413
12465
15870
24125
32942
12028
15678
5443
34520
34896
36114
15820
27761
33015
37973
13229
31092
32993
33333
3163
12926
25167
27280
11768
17812
19029
30247
8565
29620
26710
34365
4962
20761
30139
38119
8516
8518
13865
35921
39442
13965
31852
37122
37310
5004
12250
25905
28081
9628
21039
22443
34461
14507
15488
15489
27603
7215
9497
14509
39644
9378
24922
33768
34899
5318
8516
19944
37413
3364
17672
28413
17672
21139
28398
36056
22844
30113
37502
3250
14407
29786
40653
3185
12901
15806
15883
9424
12902
27598
32435
3186
19833
24867
37855
12698
17846
33751
36622
38670
21344
32748
16164
16204
27588
19835
36314
15537
24865
25991
6317
17338
22160
28471
24868
25888
26330
34101
12921
17794
24573
29151
12218
13707
39007
4402
6481
10055
15381
19730
22737
6482
9939
11184
3196
10099
17397
32311
26567
36987
4545
12530
33944
5314
13345
37763
37766
6371
17268
31207
38775
3219
13223
32333
32416
17260
17301
29606
35852
6462
12264
32689
3205
8396
21538
29947
18658
37111
39459
39476
12895
15730
28243
12831
35102
36792
19499
26879
32646
18750
26860
36883
6292
16599
30846
32822
16027
20145
25588
35035
9440
10139
26084
33990
20123
24737
38097
4832
19177
41439
27550
29181
35069
5888
20728
31651
38952
20904
21115
34761
3247
32055
32058
40133
13559
24724
10488
37397
6181
9466
33801
34180
10358
29342
37854
12320
32171
36525
9757
13865
27640
31268
3228
16128
23177
24125
8798
29438
38670
34962
34964
15102
19623
24104
30846
35129
3237
6851
6852
41586
12210
34480
35151
38344
5564
22569
6674
30867
32710
40972
6931
29723
29828
33208
3248
3249
8010
26236
13568
22569
29483
36878
22082
24940
27023
31268
34347
37638
3515
36727
7645
39645
7175
17345
19214
26993
6310
8319
14807
22686
5034
6254
28462
33492
14610
30898
39194
39206
3511
7618
10497
3251
15325
18025
23645
5509
23415
27910
29978
5503
7321
32057
3255
6230
13451
3255
9597
41216
28677
32663
30101
30239
10255
11856
31981
36025
19702
33536
37491
40890
9580
9639
17908
7852
24197
24395
24683
28246
35748
4788
39792
39804
40354
6113
28827
8938
12751
12775
27849
4115
11822
32520
35601
3480
17170
22645
8704
17882
35745
3269
7244
11149
25962
8751
17368
17886
22312
3604
6445
11149
17166
7560
31834
6552
6572
10729
20825
17339
27198
6445
7230
19921
3275
8700
7573
20466
37424
10484
32771
40204
15422
15458
15485
32380
3484
25125
30925
15995
20240
6713
25772
36702
15153
30777
39024
3938
3989
31568
36702
6094
9474
38741
7534
17570
18001
29432
33251
40633
17861
17862
25209
33058
3604
6445
18985
22932
3304
8643
30714
38200
11817
15526
17370
10312
10618
29291
8500
8832
39815
7244
11149
22937
39923
6354
37230
41387
5695
24984
31836
31886
10498
17947
18142
29119
7844
22848
30040
32281
4944
11733
39359
39360
10478
25256
29421
32748
8914
8917
16054
21615
37566
3301
11302
23323
7519
23460
16412
16513
20317
14245
14904
31650
17776
18662
23341
6043
8231
15116
32300
9746
14830
31536
3310
8649
20249
5947
22817
23453
27733
6069
8209
8965
10278
31863
35782
37086
40454
9601
11293
18607
22785
6033
9358
40394
5743
8772
16107
23525
29109
39398
15465
17443
29712
5831
6834
29047
14706
21402
32801
37163
5104
16861
35002
35295
6348
7485
13614
15266
10338
17879
17890
6832
9654
19366
25751
7873
32812
37103
5955
26078
32493
32845
9700
10794
17844
21658
30975
33576
37975
10631
18255
36919
40222
3611
14332
25452
27476
3964
5501
32944
32948
16906
22912
25903
4720
6317
17830
25825
7225
20584
28672
28719
14172
36302
12831
36378
36792
6003
12752
21325
21327
20119
24034
30254
12635
15216
25902
37815
10084
18001
28791
35810
9660
18553
18626
11073
12471
32075
6414
7504
31104
10656
17207
22722
28344
22731
36138
36901
38056
10216
20884
22970
32470
3753
7002
22069
25660
3345
14437
31215
8560
13380
25759
3346
11074
30379
3350
20254
14329
24160
30179
5597
5611
17173
21406
6408
22710
29129
29697
21391
32471
41318
5850
14439
33576
5820
5838
25735
26999
5226
8061
10706
25427
3355
3873
20290
28096
40306
40708
41367
3613
18310
27192
17951
17999
40010
40633
7480
33132
35067
7157
8731
33663
39419
25772
29272
36006
7029
9006
10338
7987
8026
16144
8953
15299
29395
39417
39418
27640
28398
33504
10534
10970
26805
28336
3367
16034
23714
36175
3488
9504
21592
32870
21879
39663
12796
21414
25439
21872
26198
28879
36677
4308
9389
12351
22833
17404
36893
3555
31931
40149
40449
5992
6001
22850
22861
3415
6832
24356
29272
3786
5881
6031
28888
23048
25164
25203
38868
7680
32009
37085
18519
23040
39456
40764
17257
25881
28413
29883
36240
3397
3467
7766
29706
14644
23436
30868
7921
22305
25347
5749
5967
11212
17948
3390
8606
9135
14011
18134
21299
30882
39258
4953
24102
25478
33040
3408
8614
8616
22709
29887
30064
29483
36879
15164
17404
36893
29973
31660
36997
39056
3472
11120
26827
27980
16665
21936
22236
22237
14958
26849
33359
3814
31024
35797
39938
6000
9705
31420
31866
14961
25840
14089
20039
31286
7756
7757
25056
13891
24293
31723
36061
4391
12241
27003
31118
12927
13817
22996
37263
15249
18612
33309
14161
14537
33559
38192
3409
3411
12746
3413
9135
14051
6047
7929
19110
3413
4012
15752
5431
17471
8732
7898
11205
17524
18553
24935
27545
3967
18454
31069
32455
5433
8902
23405
5739
6014
12740
35855
10037
24762
37212
3440
3494
28307
35914
26975
28619
32579
36087
15221
23574
29489
20462
22921
3437
12402
15152
40779
5794
9995
21536
25265
3438
5956
13091
22033
5160
5320
21393
36400
6191
32608
36087
16819
21796
36038
41352
14241
22280
25631
27089
14784
16265
30698
40467
9722
18496
26001
11511
28009
31754
17473
20203
24460
26975
36817
39247
6422
31093
32309
33834
3942
3968
18625
9013
25362
32613
10602
14896
40218
13848
28519
32565
20817
24395
32500
13478
13510
25230
3450
22101
33663
38351
13311
16811
16813
38915
15277
32742
32745
36245
8775
15979
23847
31140
8708
14932
23853
25154
16756
18037
30006
34065
3505
8387
14378
39460
6159
13705
36089
39247
21979
23706
3457
17487
37805
3458
5849
16967
25451
5151
13003
13263
34620
16550
29427
38760
9541
36798
39013
39180
9541
34000
5437
33024
39862
40441
3804
30269
30346
19493
23761
25743
19690
22250
27645
27648
6401
10643
39272
40368
7429
10888
25388
32977
3467
3472
18465
22411
29440
3479
12431
27645
36012
6111
7076
22653
27784
3771
26796
27136
29720
7337
14962
37548
9281
37546
30347
35514
40637
16995
19357
29926
14958
24079
25782
33359
4129
26583
3500
3504
30527
13583
16328
16348
39257
19690
21796
23857
18013
28456
32398
7960
9669
14241
39445
6038
11114
14867
28354
5718
18263
21429
32835
15120
36529
5738
9325
22469
40317
3504
17274
24485
33264
8227
24667
26201
29175
3490
9142
26649
25603
27131
27684
31036
32870
40332
4730
13094
14981
37583
12180
13467
19705
20297
5838
5882
34939
35202
9551
9561
39990
25240
27984
29717
13886
24623
33860
40995
13267
27666
31505
38473
3672
6016
6449
16359
23032
27690
38663
6436
13664
29059
3929
21802
22051
23170
11786
25689
37570
17720
39925
29059
40642
7542
24912
40581
10649
10832
11313
14867
13003
16600
21798
23590
18318
29423
32010
5802
35817
40319
3533
3852
4433
25902
18097
21243
25204
4188
14619
30221
40617
22598
28410
29934
30449
5757
25593
30086
16598
21406
6878
36823
40274
3670
9394
13672
35639
9577
9857
21297
28668
30248
37031
3746
16716
8713
22499
31028
10078
19924
34600
34852
13856
28427
29314
8345
22735
28298
22499
28977
31027
14540
27165
31394
3532
23652
32180
32424
6830
17990
39688
19062
19976
20818
29389
4189
15866
22747
37298
19242
30129
37654
10986
16730
19765
3535
30388
37790
7788
32565
37941
4189
34718
40718
10205
24621
28575
8433
25809
15287
20308
31394
5144
32978
33011
39295
21933
22408
25495
8192
9679
25663
33179
5436
11346
14085
34918
4624
6166
15150
33220
4166
22322
24718
15150
25544
33222
15908
21712
8121
13691
35856
14058
27164
30363
31313
5188
14614
23288
5244
8850
11785
19032
3571
29051
36468
16804
20636
20855
35719
3554
4547
25008
11129
19872
22161
40380
10731
21918
28280
35781
40388
40424
7044
11675
18526
32439
19254
22994
23119
38973
10926
14641
18253
40493
21320
22652
35756
38684
7964
22360
28971
35804
13606
21476
25511
10889
17848
24692
40088
24211
38741
29313
29320
32931
38420
14760
14763
17414
39961
14635
23124
32882
40742
4314
11667
31500
32439
3571
7231
38510
8474
3755
14903
25335
38581
3860
13050
29518
39014
11006
21077
21083
33964
22539
25308
25363
38989
3584
15264
23580
23581
3912
6070
25469
37152
3858
27721
38542
39495
3965
9328
12499
15372
4907
23364
39273
6252
13146
28931
36366
14158
29486
30944
14439
20254
30903
5267
14158
23561
3681
19010
19385
31741
13213
14253
29479
35255
7761
29424
34015
37300
13360
23116
32882
36010
7641
25393
26427
11263
25461
33053
3733
4381
15510
22399
27172
29213
3594
16037
21334
13028
36506
39377
4013
8767
28414
28860
9694
19756
36389
12364
18182
30107
30109
8474
8884
29320
31265
26785
28210
30130
11535
36049
40752
18952
40625
40727
25454
25859
26408
18677
22347
33574
22937
36441
20422
22216
25468
39540
3634
3648
12512
13649
15606
32955
41345
3650
8934
39676
39682
11618
37650
39624
41215
7503
32768
40452
11073
17494
30179
8224
17937
35031
12456
25906
36802
4111
7736
9365
22239
6323
30007
35889
36363
3682
15693
18166
3723
3736
35903
9158
11907
12495
16706
22853
25755
27212
33471
14331
20594
34687
35268
4032
12731
30294
41475
18164
27135
35711
14624
22434
23928
28174
3641
3644
3717
11353
6438
10965
27952
35514
7039
8845
22437
31153
23212
30169
30178
31432
4425
8016
32525
7764
28004
38041
12512
21812
21915
35043
6473
11393
23433
33682
10330
24286
28310
3983
12830
16220
33699
21915
39682
7918
21344
38725
38739
10493
15034
18211
27701
7598
24785
25956
25961
22102
35161
39808
20549
22144
29015
31900
10977
31435
33396
40620
18378
22630
30435
11742
14633
24561
28555
11907
20404
24769
31408
3670
16731
29560
12525
13611
14329
14488
20673
21556
32069
9262
10829
3650
12495
20333
3932
12479
18415
35617
16057
16387
23638
29714
32069
20313
22618
25793
33335
5924
6853
12503
23638
17679
17701
19957
38035
7372
19033
25688
30317
13495
24342
30058
6403
8174
9675
30989
3771
28267
29950
37183
14281
37206
37510
37845
3735
4088
23737
29703
25969
31855
16103
18539
38223
5423
14337
30480
33281
3781
34335
38797
41043
4436
15348
22701
33722
7600
18057
21686
33311
6442
9194
11034
20589
13982
16758
18167
20929
24310
26831
30435
25885
25901
39451
11313
22517
29578
21193
22637
29754
40370
19461
28396
33514
36034
7652
15152
40779
9495
14579
34866
35638
5554
23194
33033
40700
6407
24410
37702
12344
22594
40560
10124
12607
25996
6973
19461
31785
5129
15370
21876
9156
27504
27747
39164
15239
17547
20016
36963
7504
31047
31104
40083
3694
13137
35908
37207
6375
13602
29813
34546
12915
16943
25640
31227
8941
9457
18292
23949
17120
23344
23355
31052
3777
5410
18801
20919
33459
40809
4508
34153
37775
40547
36576
7669
18077
40548
6970
22649
27716
27790
17203
25359
35217
39480
11755
24306
36692
25456
25458
39653
39723
15270
31137
35398
25606
35389
10681
14554
39862
5872
11835
16935
40481
15315
20782
29094
30726
13304
30665
39697
4794
24645
34602
8493
22413
22799
8191
11111
18348
24774
3869
7217
32018
33942
7247
17271
35351
35367
7556
27981
18202
30982
40617
40620
7667
11119
25781
27969
12459
16760
34634
38926
17297
33266
33323
5544
8897
17215
5148
27136
28286
12838
16936
27870
35026
13802
20270
6823
10083
28100
3722
13866
13918
41310
6100
27888
35007
3728
33393
39462
4014
11284
18845
35910
6049
22576
22607
34436
26369
39674
40660
41441
3836
4164
33135
6432
35898
35973
5881
24919
25396
28818
5995
5999
36958
37866
4491
6135
26890
35953
10728
29465
35371
3737
4383
40046
3738
6253
31221
35898
4100
18289
6277
28480
31471
4151
25098
26941
6277
31216
39467
6437
20557
30099
35839
32337
32339
7830
9402
17998
28887
3747
4100
22288
35807
8662
16048
19283
41486
10830
11037
37187
9026
9207
19086
5322
22256
22975
6397
18289
20900
3765
3939
12660
32199
15530
16460
31338
35073
4981
19303
35130
18353
18564
35558
3754
10437
32905
35073
22478
22484
33223
6374
13087
16460
13650
22536
38989
10076
10393
32376
8833
30664
34833
38633
7028
13608
34627
16420
30664
38758
38759
18001
21264
40631
41120
21298
21496
28870
29116
20624
22738
22746
25089
18053
25397
29459
35818
10149
15139
22407
40512
4631
24975
5425
12533
27227
40609
5258
20894
35453
10923
15175
25427
36970
5941
7551
31048
39606
27301
27303
31322
34635
19077
30458
3801
20019
23021
14050
23533
30661
36607
3805
12593
19776
32284
32337
20917
27174
27188
40530
10650
32976
15911
37817
38025
40645
12170
19840
27218
38114
15779
21438
36592
41059
3978
4282
17442
38367
38468
4094
6448
18463
25472
32985
33311
3925
5428
29240
18046
20910
4849
15911
22837
25687
21884
37025
40535
16745
19131
35655
37720
11674
20452
35899
37986
9759
32533
34505
37213
4906
10267
24819
37156
10252
22585
22902
36313
24290
24330
28049
33842
6900
19477
32059
34347
7276
24397
27459
41124
15923
20449
25712
28096
26536
27928
34116
34583
7448
7464
40658
11188
18541
18873
3889
10040
15658
19662
26142
33414
37347
11044
11146
14254
40783
10525
22889
36283
3810
35629
38367
14863
22573
26786
40606
4562
28512
29728
35900
20899
31014
31029
37053
5236
13861
19163
31486
20463
34775
3820
5793
25024
6413
9648
22221
5953
7478
13177
10754
17212
36738
4693
11773
18851
33314
11140
25849
27986
37267
7337
12479
22439
18243
24555
9191
12618
17470
34886
7414
37643
28796
35492
39606
39610
16709
16959
20639
40815
6224
18838
23883
23886
25014
32253
40025
18289
29703
37060
40615
18202
23151
25645
30982
3854
13261
23951
3889
21261
22669
22780
4205
5195
20643
22308
14729
18312
27196
28904
13425
16710
31562
18851
33314
40620
8845
10854
23928
38930
13348
17470
26448
38840
24184
30011
35326
36654
14760
14862
18384
12510
20670
23918
27224
14161
22897
30070
24290
26345
33784
33828
8084
22494
22915
18636
23222
31306
33454
5451
5539
29646
31331
5451
13041
41257
4856
33551
36929
11710
27388
38074
40553
15229
36653
39695
6780
9174
16303
17620
20188
27480
29687
36954
15193
25741
33867
17079
18383
24933
40637
5988
20116
28665
31291
7234
25995
37815
16766
28675
31497
33603
22372
40576
40636
15557
23727
29631
29689
14042
23721
29120
39137
15257
23549
30090
41353
5289
6068
38866
7998
25894
30119
35516
16388
34698
35260
3888
14933
18960
26399
6603
33432
40725
23192
30823
37900
7572
7650
18490
36000
5899
17608
18050
34996
23737
29575
40576
4132
6983
28219
40061
7706
17078
30419
32563
4874
18570
17361
25832
30201
12508
27329
30485
31405
21401
27802
39774
18310
30906
35508
7790
10917
36323
11303
18582
29962
40878
4741
24533
11042
18531
18951
33348
25909
37621
40693
4385
7980
33641
33920
38126
11806
13833
18808
7799
39716
5427
13748
29209
35909
6512
21019
21755
24505
6216
14873
22497
41515
4125
6958
9735
33643
14028
20402
27480
39320
7385
11051
11204
3891
9136
29538
32197
12542
12828
29696
3937
6585
23822
35385
38278
10646
11717
13668
15578
7063
9866
21088
34182
34157
38045
9625
31714
41322
16018
35329
19184
24985
25955
6164
18921
18922
18970
30232
38345
11680
26112
27381
40829
14073
14084
26324
34624
11957
24603
31559
34133
22321
30227
41265
11530
19700
26108
30341
14998
17313
17359
7767
12056
35587
37408
37524
37772
37822
8321
8323
13990
22061
10819
11677
29613
18382
28353
36027
12619
12645
17313
34937
13698
28585
35900
7478
23662
37303
38624
10935
12536
40592
40594
3972
3986
4072
21966
6131
29170
33812
40810
3920
3927
11456
33345
10257
35989
18730
21807
27420
23781
29876
30015
35560
11258
21499
24078
30932
14421
16175
39997
11965
20786
35131
17522
18419
24888
40704
4145
3993
22306
22557
40680
21160
23041
23184
4794
4841
22846
38236
11197
22534
38108
12842
14624
22836
7631
23602
23641
38967
11243
18495
22097
33379
21121
21173
34294
8677
14665
37591
4490
9061
37083
18406
29492
31567
11156
37379
23208
37470
40885
8642
30707
30710
7189
22579
25983
3967
11126
18496
31828
7611
10953
11211
29466
9745
14830
26344
11187
36324
4153
7684
10966
33265
33325
4015
4040
18845
40598
10290
12842
13712
30335
37278
41400
3956
5407
36396
38273
23078
38046
23919
29809
33477
18583
22899
4593
12373
17192
40890
11924
26709
35656
38174
7678
31729
31736
33180
3979
7475
26698
6086
20580
23051
31811
3963
3966
19612
31821
31871
5481
10624
40310
19796
35290
38892
12178
31874
34494
25998
37215
12402
29868
33274
6419
13890
18705
28899
12161
12331
39382
40814
6425
18698
36293
36743
4611
4971
11307
13329
30205
30209
40950
7976
16151
27399
30507
6142
13171
19952
4239
4611
20987
26207
4866
22445
38797
18081
24845
6154
19120
39297
6931
10029
31657
32335
7287
11431
26122
41126
26147
37190
23405
32600
32620
36518
8609
29037
16004
26207
24797
32253
12365
18579
41153
21916
29492
35917
6582
11244
21455
33297
13105
16259
20257
20263
13701
29583
38900
41279
4229
27176
29722
23266
26154
34867
39444
10063
26071
6582
23703
26076
3999
15789
20430
35184
4019
4683
33157
34683
4012
4054
15752
10102
33986
41221
21051
25051
26118
4948
36060
37636
11555
33641
33740
33760
7538
10045
21985
31249
4285
8237
15344
29943
4683
14922
19222
34094
7776
4122
18586
40658
40821
6604
18405
19089
37084
4380
10269
22022
34024
12722
23537
24934
28500
40791
11892
11898
40877
7935
11284
7584
13863
33573
37880
37461
37743
39746
7274
15278
23351
23808
4672
5255
14922
14060
16796
19222
27175
18763
24445
33862
4538
23974
35472
40845
26740
30036
33507
6240
41528
41556
9513
14922
30488
35945
6116
32009
40091
41264
18668
23323
25938
41579
5255
24884
35324
37777
18620
19388
21113
24907
25134
40505
4329
5525
24368
7850
11038
27867
4038
5434
36435
6486
10962
33516
38971
4046
31803
37453
40507
6553
7851
31477
6588
23483
25448
40959
5342
12084
15520
15066
39658
39674
39959
6568
7773
40878
7790
9997
40821
11142
11278
23303
26007
22802
32908
38551
40314
6756
16979
28300
33534
4059
11284
40877
18292
31235
37452
10695
20897
33118
40827
5897
9045
15811
16171
16689
23520
36414
6149
12609
32416
36189
6816
7901
19666
22321
7770
21216
28056
30206
11681
13455
33545
23536
40518
17131
18713
21904
30228
4057
5306
23548
24765
9782
11337
33467
15808
16015
33489
36708
10998
37112
39745
17575
20581
33129
40767
18537
22095
23309
40786
13863
25946
26614
41087
14960
29783
32663
10919
21595
4136
5673
28543
37946
6900
21159
24585
35946
4188
23741
37006
39915
24353
26725
36402
40931
25036
28301
28358
28479
5437
6800
15284
39853
4299
4473
11839
28071
35200
36242
11224
18948
33638
33924
36907
40914
23483
26015
33297
27951
40662
40937
41587
20269
23264
29123
40653
9262
10951
22189
28485
30560
31052
35451
35496
12754
17868
30378
34672
10839
10878
11117
19760
19574
19578
31869
10760
25081
28364
30198
5070
11322
18687
41474
4171
4616
4629
9619
4623
4625
21026
41407
7762
17563
16924
17825
31201
4104
10110
14065
4625
18712
24243
40899
9277
11492
23882
30228
18022
18108
32969
6458
21839
39537
8259
21323
23510
7180
13987
23428
29981
30105
31164
33592
18800
22897
30084
30095
12625
35488
40945
22269
25590
4152
12603
14065
27312
10580
25313
28891
31022
4104
4157
7202
27309
19916
11110
12830
30156
18651
22288
31025
40579
5335
13184
16221
28956
4494
4999
26148
31570
14714
18734
36419
40888
6127
12314
37371
4121
10340
7131
27414
35593
36645
23861
33500
35430
37186
12162
12543
29214
40814
32514
33524
17712
22701
24378
33975
13184
16221
23143
31283
6165
14161
14800
7053
26164
40840
12147
23201
26611
34405
4150
22359
17545
18607
23316
4816
7458
11804
20238
26268
41283
41349
19130
33501
28283
35999
38280
5401
28888
33160
6481
19650
40116
6884
10651
33769
5132
19444
35527
7050
23616
23698
38163
4134
30965
6664
6957
23676
34176
5390
23962
40061
7651
34383
34392
40856
33482
37111
41129
10411
13169
20315
40017
18675
18767
23708
37203
24064
26505
34314
8676
17869
31284
34562
7740
11020
26364
34044
6586
18982
26348
36614
5491
13479
36368
37960
13184
14698
21426
31178
6494
39719
41272
6823
11032
28531
6671
6735
18738
21185
21426
28126
34572
34812
4159
16044
27857
29818
9353
17932
22239
11100
15464
32643
11416
16041
29815
4154
4162
40608
11226
22337
13537
17422
34374
8547
11655
30742
30810
5537
7511
14065
4169
9082
16309
5537
12603
26428
11506
19006
40994
5371
19927
27792
11226
28446
40621
4180
10246
11111
15598
7566
28373
40416
4650
5437
40093
40409
7650
39964
24628
26032
41322
22567
29505
29913
30670
38901
38916
13402
32497
33836
39624
4180
33094
40608
9053
20467
36321
38281
14859
15568
21358
9607
10444
19003
7908
10059
15661
17292
7243
13199
20471
28370
18943
34082
38981
39028
5946
9098
7603
7692
7697
29939
8191
25583
28446
28574
30196
40606
23867
35970
36898
40179
4198
4465
20350
18349
33331
36209
19166
33960
14795
18399
33814
13665
17152
7217
37790
12502
19146
32847
13108
20502
28739
38067
25626
29726
40723
15200
15213
29022
31685
10348
13172
5969
39907
39921
5936
25827
32266
38641
23440
23595
33615
11448
18954
11014
18399
18452
18954
4201
18956
23946
36284
6563
24443
33814
15379
19073
29971
36907
9875
16832
29991
4663
19304
30217
35475
4211
12470
17412
5901
26420
41298
41427
28264
28272
36275
39988
6238
7796
19365
4827
11298
19864
22270
23614
23811
30454
18233
29463
40549
19933
25413
33385
40876
11373
24965
26190
41181
9726
13073
13542
35615
4538
4790
23974
26120
20388
31791
31902
39548
10895
23434
25873
7344
12086
27518
16004
26207
36855
4234
12711
34906
40547
6203
19908
37923
38836
11477
14383
17304
28850
14847
18235
32533
34466
5559
12345
4234
4672
13397
22307
4855
16031
27561
30697
11407
32445
37352
8480
9122
16031
36792
14923
21601
22308
7597
8010
26866
4233
28425
35414
38283
12365
26108
30341
4240
13828
23669
13662
25553
13663
25557
40533
26402
34168
5547
5552
15251
9771
9779
38762
22041
27375
36855
12234
16356
38167
17448
19088
22947
4245
11272
11557
34994
38639
41411
5897
9045
28850
12228
17513
30290
8242
19115
34059
4250
13220
19890
34805
11430
19120
37443
37446
11996
13501
4253
13229
4253
5998
24652
38233
4791
37358
24202
8594
19750
21940
27583
4536
26588
34508
8260
22828
40929
41112
21040
26834
34389
33811
40926
6471
24860
34398
4280
17282
20416
35991
4850
19514
21514
26334
12125
7948
8479
22063
10927
14069
25688
37597
19009
22356
37420
6762
22750
29634
37759
14392
22377
27242
25509
34117
34287
41557
5671
10050
12134
14031
13663
15389
36408
37181
20372
27282
32175
4275
4279
31263
8034
26237
9245
14159
18859
10442
15963
28872
13064
30385
15418
26801
30328
41346
4561
13894
41115
10442
27580
6549
7287
11431
33748
33759
7195
7203
30401
24745
25905
27087
18431
25610
33985
36273
4451
25223
34148
22689
37588
5657
12191
19729
37483
4289
4317
6057
4320
9990
9996
9416
11930
27207
32914
4397
6669
23617
39784
7608
18455
23673
41524
6132
6227
28652
37961
4746
6735
12178
31862
18618
23664
28932
33520
6449
28645
31144
6673
7266
24472
36079
26235
29859
29914
41213
7054
11533
12179
21448
35985
9385
34082
4319
4801
21169
28490
15985
39957
39960
6992
13352
29353
38917
25378
32383
36678
38467
4308
16889
35881
35980
5717
10612
16890
34901
40357
6667
12381
21081
31510
7544
15639
18716
17429
23145
30152
33449
7129
13412
23927
14635
32777
40742
4318
5716
23902
8703
24953
25831
28901
4320
18172
14523
28937
7021
18891
26922
6773
17441
22778
26687
12021
18461
33587
40260
4338
16680
18003
18066
4327
12397
22646
12439
27093
30004
32724
11214
11898
37112
40877
37340
38032
39100
11767
34285
34895
39410
15586
22708
26214
4344
22680
29814
36260
18261
20533
24209
24663
4388
16682
20876
24394
22936
27014
4619
10043
24822
4456
11054
26529
33939
8056
24970
39604
9645
10561
25326
37176
10696
13264
36974
10802
4341
26167
37788
29797
38607
38944
7276
7786
20710
21060
28339
29721
39719
18187
20492
29536
10094
24334
31458
32379
12663
16987
24369
39555
6563
9913
9969
28753
21090
22800
28489
41459
12694
31588
37758
14581
24266
27494
33027
12063
17371
30597
13500
24146
25020
28180
29371
31084
35199
7546
24265
40794
25134
32439
33342
40746
15302
18066
18229
36974
24152
28201
35939
39941
16682
18391
24305
24394
28714
29922
32413
26470
34781
34830
18915
18955
24244
25769
4365
4369
22123
5885
7668
21047
37534
16457
16744
33547
10246
22594
5078
12721
32956
40439
5028
18797
29779
38043
18867
24088
40194
41044
9381
33124
4543
9146
26520
4613
17798
24868
34101
5092
7787
15094
28714
29922
30113
12800
24419
26268
26561
4500
21552
21574
8177
14350
19053
26213
21661
21713
39894
40056
24671
24673
34950
35435
7889
14851
27181
32611
34104
38031
4383
7703
29854
11483
18385
34465
36107
10388
32839
24062
27013
28966
4386
11208
20325
26175
4417
6688
13899
36073
18469
19922
22608
24514
41239
41374
11810
34950
35435
35436
17677
18480
31109
11706
22591
24513
18784
26315
33740
9894
11236
21651
21942
5724
11580
24988
4498
24983
25465
25690
23283
35960
4541
26522
41582
21851
29220
34779
19447
38110
40055
4808
9439
24015
26212
7925
19344
29205
33919
33925
41008
19970
26234
26561
4458
12173
26771
40063
7888
17380
19219
39036
22343
28803
7763
19523
19602
26333
7868
12245
22157
5009
24576
25116
25302
7975
8235
26740
18203
40925
41319
4416
14987
31118
33074
7173
12309
14265
32657
12952
17564
34909
13683
20535
27003
4441
25041
33850
19720
22046
35929
36550
23005
27404
40057
5477
8003
25403
16818
24150
34529
35935
11443
29259
39964
8544
22724
23998
41262
12412
19240
24604
11417
12731
18408
18409
26349
26881
40660
4497
11038
38971
39305
4441
10640
27108
36735
11449
20040
41189
13952
19254
28861
40599
12601
13879
26615
40874
8280
13357
25961
26559
25886
25914
17183
31880
5290
7509
22046
22717
14517
29674
33854
20542
28774
34511
14808
22764
26876
28810
14132
14140
15703
27460
7004
11565
37555
40165
19580
21033
4782
7942
40983
4452
32533
41259
5172
10563
27039
40691
5310
8981
9001
32774
11893
33855
33859
37469
18351
24680
39149
4469
25702
29062
11422
17568
18237
6667
21200
40787
41391
20237
37764
7075
17341
37213
10012
16977
30803
6509
31568
35997
36724
4797
25228
35655
35661
5016
21227
34018
21035
27217
36747
6672
35152
40058
6626
19510
24584
36421
5091
11848
38370
38695
4466
18379
29179
30121
6070
12360
14967
28353
11475
13812
18720
23794
7896
14827
41266
29992
13297
30116
39369
16661
20530
25516
39364
8839
8895
26263
40577
4470
27966
30347
7529
23909
33194
13094
22228
30936
38089
13397
22310
34126
39724
7054
16558
29475
4958
19458
34323
9077
20386
39082
39083
4542
10544
11543
39203
25609
28981
39724
40547
5468
18698
26097
33777
8787
18405
40090
8095
12023
26583
33484
6510
6549
9804
4888
11528
25948
36971
13671
18434
22796
33133
35331
40927
9233
9614
11353
16731
14673
19329
30732
4492
13292
31631
6240
41494
16358
16382
20150
31413
6590
18962
33961
9929
25837
13671
22417
16202
16834
32327
11109
11681
13459
11748
13379
27845
38984
33546
36794
37652
14742
33516
10174
22376
23477
4670
18567
25830
10691
40056
40334
4846
26208
26560
36069
4527
8492
20580
28441
14027
25175
25620
24820
26252
32587
38944
7728
19436
22182
22354
8232
13975
24450
36841
4509
7312
24714
32308
4694
25609
40951
11591
22952
39629
11912
13512
21321
26269
9174
16303
21766
31331
16736
16744
28123
39039
4943
5018
22393
26735
6765
17288
21237
21245
6221
6223
6237
22231
39129
4518
5843
9184
4526
30187
33509
34063
9311
15321
38851
6218
6225
15093
38027
5650
11923
34226
38130
4790
39825
26185
26206
36045
40864
4526
36172
4527
36121
9184
11359
19639
38265
41509
12955
14480
15912
39948
7064
8255
23095
26799
8920
13023
35520
39967
4924
10128
28807
39953
17282
20413
28502
31875
33754
33805
41132
6519
7057
13690
25118
25443
39121
4976
15474
20743
22441
11495
19739
36210
39574
11358
26435
39470
41374
25409
25854
26634
10530
10547
19111
7829
7948
38622
21024
30853
35626
36262
6548
21227
33939
6666
10241
17674
29816
7650
11129
32303
17243
28702
21057
26481
36616
38038
8229
12744
27379
30278
4597
13690
18820
10945
16894
39087
39301
5727
15133
37903
11967
23097
23101
7423
34362
6983
7593
30965
35132
4728
11520
28909
15420
24110
5717
12411
22833
33572
37276
39870
40227
9814
23627
26790
11741
19228
21016
22926
23321
23407
25878
21629
29731
36263
36740
10326
20962
26134
28244
6651
16986
20632
28401
33835
37650
41218
7057
13695
25540
24452
35820
8180
19045
40753
20031
20038
39872
19045
39138
41331
10640
21035
36116
37122
4578
20310
32345
4594
17267
37155
39426
8306
9297
28599
6981
8009
26629
27713
27959
32306
4800
26107
26969
33934
5818
8864
13284
31305
24677
26388
28762
39149
25958
26039
26513
26682
5291
13088
15250
16630
6110
6114
7336
19475
28855
20064
26163
5654
8967
12850
14027
14430
34690
35479
9436
12193
28974
36703
9822
27213
36573
36574
9111
27086
33487
35528
24065
26728
34248
37464
7961
10066
28621
34035
4778
10160
36956
4598
36498
39385
20962
26134
39301
14628
17208
17919
4631
11127
14798
15150
4871
10836
20926
37530
9942
16648
25176
26383
8107
9285
24746
25189
4828
19378
37969
8461
16425
16426
34879
35394
37342
21076
32016
41026
9217
24510
30444
4631
12660
25723
29274
4612
12896
22718
4756
10424
26517
26518
26058
35894
5061
15875
35142
11931
25713
24678
25149
34238
38414
7139
17835
24272
39590
7684
31860
22447
29433
30687
41237
8521
8586
25005
26588
7521
7634
27840
4766
21051
33753
4625
16671
23556
28837
4977
38013
40108
11010
16671
34816
25724
40947
26081
35640
41436
7450
23644
26021
37591
30310
40923
9403
15290
22480
8267
37585
20551
6971
9925
30450
34752
17390
19078
22639
39791
22067
31253
41335
41343
9349
19315
26623
29014
9864
15158
19511
4640
36018
40511
40610
13402
32497
37646
40069
18207
40293
40952
7052
9058
20085
35642
6739
14642
24155
37505
10840
12487
18079
36365
4786
13371
24098
30551
11728
21068
27994
37076
6928
11154
31830
40959
19103
29949
30300
36748
9438
24328
27696
6619
13064
24957
12318
15284
18079
17242
19229
31507
40090
5367
12400
16452
16548
17257
28413
31275
18099
30236
30240
21605
40589
4787
4876
15258
32163
13833
24997
40871
18616
32630
33296
19378
22613
22616
13523
21881
33127
40956
11508
18079
29579
4673
11519
20608
30238
20643
27162
31150
28174
35406
36639
19216
22441
28627
25920
26330
26431
41379
19177
25263
34454
41440
14586
14637
19445
31686
14219
21242
27060
39548
5395
11325
40589
9007
14637
30266
35523
13662
24488
5588
12091
24252
19341
24657
34217
39710
4680
6682
33530
33715
8847
15581
35498
39810
5682
36850
10418
11852
28652
41505
13945
19980
36930
11451
30271
30669
24640
32685
38204
38212
17012
22195
40104
41501
16796
29463
12006
25027
25116
11462
21099
34449
34985
8189
11631
37840
39955
10698
32876
33492
37090
5909
6453
11819
31590
8189
17067
32573
32577
4691
9754
30669
11451
19543
37092
5042
11306
27155
32482
6066
7640
22304
18234
21600
33165
26804
28458
38252
39141
14782
14856
19352
36828
4865
24566
27276
39247
20619
26859
27040
31731
10470
10771
19284
26816
15255
27869
28421
36629
30296
35195
35532
35534
6447
15142
20958
40593
16567
38698
38893
40671
6497
6651
7425
24613
24129
24179
34116
6931
10855
34684
35483
12937
20784
25640
34537
13849
28378
36020
6280
9192
26284
35534
7280
9189
17049
20145
30788
34245
38787
32584
37365
22644
31607
40462
27050
28929
32060
32067
15076
26636
26969
27293
10413
17033
19260
24115
24186
24187
29878
32131
32705
35713
8254
22584
28618
32536
20617
35008
35012
25955
28367
28565
26442
27873
35280
19126
28565
34054
34081
6596
6759
10284
39897
9662
22160
30301
37614
11387
22778
29279
9789
26315
33765
9258
9443
9728
5728
15124
31424
32705
11894
22731
15051
15381
22737
33987
11801
24787
34023
34084
17609
20035
28882
29690
18917
26042
12536
15246
15911
14422
14447
17356
22403
14594
17037
38816
5390
10369
35737
41363
12817
30638
37978
7108
27173
38999
33978
36333
6584
35647
4749
13764
31617
36746
5609
14807
15903
22686
7471
9699
21443
24362
6646
6954
26825
20530
22242
33069
36690
9177
29582
35439
10427
18394
31749
10265
18264
40701
12969
16461
40558
24684
24687
4904
31361
38056
40460
5053
18918
34169
40105
6919
11414
19874
12219
39971
22240
22509
35782
35788
32430
35555
6348
17914
37086
40501
4841
25719
25364
30350
32163
39390
7703
26884
35151
5526
7298
17850
24234
4872
10276
20665
24634
13880
25764
31687
35918
25070
25083
33800
4973
9800
10947
37567
9555
20272
24998
9351
9360
20656
25550
8302
13536
32269
10154
20685
36957
37160
9324
11029
32121
39391
6097
18635
20111
32433
19829
32436
33726
15044
15515
24491
37701
9175
15992
30131
32850
20806
21486
39633
10053
13536
28807
9426
11637
28912
27553
30610
36842
38805
8257
11059
11062
41249
6615
23631
37256
11552
30015
37369
9362
15459
24190
26413
16667
28057
31518
15630
26498
28759
24260
28064
39201
4891
4953
18151
17376
32619
40194
40869
32616
40842
9814
23627
35173
18756
23647
26717
34291
12038
12043
41448
11007
16607
20979
26037
37282
10317
30453
30457
34170
6787
8240
38864
10685
24357
33508
36382
5276
22008
22093
40517
8165
21146
6107
9822
18878
5295
17715
27141
39044
4820
11813
41477
41481
11403
24471
31417
31419
10796
11906
26894
26932
9343
15075
34250
11976
16879
24969
39502
9257
11919
41552
4817
4818
6592
11519
16612
37593
9729
10147
10163
36447
5329
9075
9150
11997
12154
18492
24898
38054
15048
24067
7455
34337
37660
11925
24748
8088
12094
31591
4820
31596
23479
23516
38098
39353
5905
20080
20633
26789
4984
14099
20403
19105
26802
34870
11808
20656
35565
4839
7382
36929
18891
19512
26638
31851
6987
21173
27311
27472
35934
6238
15664
26725
33658
40767
19476
22393
29634
37759
12794
16718
38162
21982
22640
34250
39691
6097
11124
22670
19995
34102
34217
12857
33211
34736
37935
14769
25862
26002
9429
16534
22060
39809
4845
30018
12560
13801
21284
31335
25988
17018
20764
28214
9800
26834
4847
4852
8013
13450
4857
7846
33475
4949
25047
7818
33840
41282
10461
16607
24029
15246
18271
22596
26335
27475
37881
28806
33988
36487
37164
20657
24168
34914
5202
13450
24168
26236
20601
28082
29216
12806
23019
30622
4864
40894
4864
25992
36929
16116
20218
29597
27758
28340
15709
16779
30417
20625
26711
35116
7064
10220
12530
23095
7971
17382
24425
27826
29729
40902
5124
24565
16799
23690
40569
21717
35941
40798
13187
21806
29216
10637
12785
19993
29404
12200
26723
35699
37404
22829
23371
11133
30331
32202
38912
10911
25742
30258
14375
19618
35424
14098
32169
32263
10074
26772
34296
37690
12494
25353
25596
25656
33188
33224
40574
5868
22995
26525
28223
10990
12609
25996
32416
19647
30681
34757
20134
27509
30743
34079
33800
33864
36069
18260
35784
39896
30348
31540
38834
7956
11382
13931
19542
11395
33644
34396
7273
7276
7786
16855
22428
31523
8143
16996
8160
22281
22450
22684
21867
21874
37444
39621
11544
16853
20644
31528
4923
8494
28303
24032
31493
4900
17648
33045
39840
4927
4980
28696
18623
35061
36786
18168
39839
40403
13317
32723
34790
12181
26249
41101
15082
22487
28009
18069
35432
38089
19266
20924
25927
37781
15623
35943
4914
25488
10703
11905
22852
33609
19385
27356
31281
5124
13910
27276
31884
5877
8360
9447
12902
9448
26469
35702
10305
14603
18934
30633
18123
23069
15367
18209
26698
39846
4955
5110
17102
27219
17039
31196
32482
36434
38375
19487
23879
25978
34414
7779
21275
26813
26858
6155
11631
21241
39955
9249
23952
26385
4927
4980
28090
20777
39789
6808
12235
38323
12705
34336
37982
19836
28306
16857
26104
26555
39849
25649
35012
35968
39424
11649
12108
28930
36090
5102
13979
17501
40365
25399
25412
26051
41566
6646
6974
12239
11781
26333
28233
30247
24145
25300
26748
29503
9624
10423
12277
17016
32798
35705
24838
37875
27434
28025
36803
38841
9804
14771
31980
35992
4961
13317
32723
34700
10160
26678
28807
37370
26510
41545
6011
23971
8270
14213
33983
6518
11782
14999
22620
10944
12119
12167
18610
10205
19439
26783
7251
21178
36069
6661
34377
39860
41131
6910
24460
34031
5052
6065
6634
39521
40353
40427
6589
17253
20413
21928
4960
26604
10048
34009
7311
19559
26566
36074
7058
8233
26853
8558
10062
37262
21193
21929
34503
13052
16765
12152
19460
25103
19264
20126
24892
11766
17384
19632
30609
20009
20767
26445
23993
34361
34397
5013
22425
35944
37992
13773
17982
18047
24544
6101
17294
26811
9663
21966
27389
19637
34426
39078
18926
22084
24926
25015
6099
16949
34386
20751
21208
41377
5076
14787
26521
7211
26938
35715
7019
32317
36990
14276
30626
9401
9415
36626
19410
26613
26871
34351
24766
30047
31491
20403
24799
14861
17333
26673
26685
10242
18023
36939
5761
13314
30963
8048
18137
23872
29086
10582
25459
37147
13506
13579
13595
29910
18189
34571
34582
37015
5010
21810
24224
40418
5380
10033
18722
33413
5046
18663
20812
32710
23287
23973
33365
40415
19444
30271
33077
36098
12996
19655
29779
13459
15382
40506
6656
12271
37537
37539
5412
18857
19338
33478
13021
33204
37418
10996
11048
19558
30038
25155
26926
21237
37388
39972
13736
22391
28809
7130
20684
30510
33693
6736
7151
9602
27088
6384
22821
26530
5526
21913
39362
9963
9999
23883
30507
17315
27060
29318
5107
25064
38077
11661
15590
19154
24849
23308
26205
7064
11863
22238
19422
33567
34265
19392
37759
12097
33612
37041
21152
27290
31770
12103
13340
19482
28131
12251
17010
23063
23139
31934
13924
19611
24521
26336
12256
24109
25156
6459
22475
40934
26606
27270
27787
28587
9335
16831
29834
19138
22610
24893
27267
7093
14503
14983
31990
9405
13441
31922
38692
16371
23599
23639
40961
25100
26955
29210
9793
24429
23044
26872
30653
7094
10261
24503
8648
25096
25701
9634
18747
31597
35562
7216
7427
10690
33756
34347
5076
25128
40107
17067
17264
39549
16552
18880
32171
36158
9079
9405
20065
31781
9662
12279
26990
6314
20652
21063
5710
17843
32064
35793
17739
25518
25641
32206
9062
32415
39645
13932
17834
31935
41568
5566
21858
31948
35605
28385
6980
18905
32192
6720
9080
37322
41518
11418
16602
19360
29603
5107
28445
31237
35944
6499
18047
30302
5710
17947
25347
34432
34488
35154
7166
9664
25155
26909
6312
12896
20692
6301
20825
32763
18746
19956
20568
33783
21428
30847
35221
6377
31171
39521
39982
12250
12307
36635
20797
27570
30382
40985
6541
10801
36923
8163
8200
18135
29100
5694
11114
13655
10308
21966
39951
12283
18925
22149
22462
8722
34104
38066
39973
15913
16903
29935
8124
13950
29780
36257
19325
25432
6759
12076
25929
6153
34213
34858
6748
16678
19545
31695
20963
15184
19269
32955
6641
11933
21245
23576
19354
19650
26117
11394
26306
12199
32401
5948
8923
33466
35295
20915
30249
39537
5694
5961
13655
6846
21930
27375
31950
22128
25875
29954
41508
9116
32679
36218
9965
26453
41500
7177
17756
34519
7025
9355
10603
38999
27144
27240
31945
36104
17204
24709
24711
13958
21953
24333
36131
27871
32901
33357
13000
16911
21660
28938
5544
8897
29203
33424
20137
23849
29154
5721
25338
40366
9039
9518
13250
29428
5876
29155
32035
12351
12370
16634
16753
9656
21830
26198
31247
36613
5147
21832
23654
19273
22558
37050
5124
26923
21715
31663
15859
34145
39069
8333
20067
31011
8955
34053
34078
16063
33001
34661
41090
24251
29226
30672
39150
6767
15306
15316
38141
10823
12714
13006
31546
16176
23302
30600
9455
33039
36138
36901
15629
32736
36996
39673
28400
35231
5596
6101
13922
32026
28612
10543
21860
37144
39689
8337
13984
35829
36026
14319
14893
25133
37119
30163
35985
36156
5721
13979
39840
7300
13265
14280
21580
21585
24438
30904
10770
32027
8308
11807
26599
35535
5618
39055
12353
13796
16549
30478
6101
24251
29224
34715
13277
15115
19698
29172
22566
29358
38417
7717
13914
17299
37330
14280
19272
30518
12378
21591
21592
25315
28135
32026
35231
11956
24218
30630
32448
5411
39255
5441
11935
32448
5234
32978
16414
22935
11353
22304
40679
10289
10307
37610
7917
9503
25449
39412
14279
27071
38473
20522
24068
27662
16003
22040
38488
24720
37328
10888
21491
21726
21727
12349
12788
12805
15261
9874
13779
20970
18235
31677
32534
36813
5349
17574
23364
39273
23645
36399
10484
10529
33058
5415
14256
28681
34292
34849
34855
8880
16457
33712
33735
5630
9460
18333
37339
7034
21728
32971
32978
14719
22141
31474
9005
27051
27621
34129
35916
5171
27969
28440
36697
5456
9187
11258
20862
33555
10543
13715
21931
21999
22018
38272
5201
5231
18751
35571
5549
19967
32767
34885
7917
16627
30172
39074
32508
36536
36584
7324
20867
21542
40564
5204
5205
12585
30434
28691
36638
38372
15287
20309
25283
32424
8335
16752
28978
36631
5200
19967
34185
40638
12980
20871
40421
8401
19673
21665
26844
14569
21566
27926
21712
38102
38514
17693
20533
35432
15110
25445
33067
40175
15545
16865
32403
13012
27695
30360
35964
38213
5556
8234
23852
40834
14923
40548
5243
9356
9395
20033
12291
15112
31476
7628
9454
25600
9520
12401
32327
14417
18735
19179
23034
23134
24199
26797
26828
11429
21267
21268
25221
16624
23002
30430
14669
28942
38554
37795
37984
38552
6175
11684
19104
5220
25131
41368
14641
31745
31984
40492
8875
18676
27119
35227
18017
21590
24068
5241
16821
18165
19716
8925
14487
16212
23769
33121
34311
37477
40475
23696
30542
32567
15466
25504
35757
35761
18332
27927
33676
34646
12713
16433
18395
10471
17813
27147
6922
7231
36510
38514
5542
32693
36452
5800
19687
35964
6222
11684
11909
5228
28160
35636
35641
26592
32897
39168
11429
21781
29418
38637
5235
9162
23844
13401
13419
39724
16509
18335
27117
27119
20919
20935
32976
40616
18296
22392
24486
39883
7040
10888
32977
9224
35636
38855
25139
26481
35988
15176
35659
41093
10788
20919
32975
39914
6220
28741
33149
11763
15176
29907
34967
8334
19753
30522
20076
27461
29758
33162
14604
36507
11779
27958
32159
10076
14925
20391
24885
10757
21752
24918
29459
27912
27977
27996
39811
15832
19782
31482
13019
14410
32355
35399
9044
14390
6220
6234
29907
14549
35241
38552
15160
15179
27367
30009
14848
18233
36745
40549
21311
37773
8039
15037
18225
28782
30476
33187
33302
7030
9067
9515
23275
40846
41128
41136
15757
16944
29472
38285
9226
13286
15287
24869
16622
27008
32758
39202
8312
25679
28016
10671
16006
8831
12808
27934
31481
14124
27725
32397
19785
30564
5271
10680
22222
33013
17351
17361
17994
25832
14554
28338
5283
12940
33113
35286
5813
15443
25639
30062
5295
17219
20120
33112
5282
29088
33362
18161
30366
37780
5297
5542
36130
18312
22596
22837
37594
12458
15924
30383
37850
14186
35185
35267
7378
21413
32971
40647
20159
27535
28194
8460
9172
20747
5300
6442
11621
18437
31744
31985
40383
40425
8369
11922
14054
20409
15381
30175
35448
39837
19798
31943
38795
14244
29498
11598
16833
27956
14475
27959
8619
9226
31319
36643
19730
22730
39822
31037
32100
11995
12710
13030
13058
35210
11844
24458
30284
14327
17494
19834
13162
16472
35395
38572
9187
12493
30208
8585
28694
28723
35341
5320
30034
30167
6268
8930
23085
26514
5320
27078
30171
38821
5373
12148
25507
34216
16709
20639
20666
9428
17996
38094
5319
29491
31676
5312
13493
19407
26384
19998
31694
13031
13063
31214
12067
31603
41555
22403
22413
26817
8550
25985
41555
16823
35755
38572
8193
9487
25894
18133
22854
30180
30490
7240
11131
7006
12865
13508
36397
29464
32335
33142
35356
33302
33901
13000
15114
17983
21660
5914
8988
37394
8550
16691
38096
40369
6441
26390
26840
26926
20051
21993
23841
33164
8749
24386
26364
26437
11998
34073
27422
29001
38137
5346
28323
28672
10513
20219
29142
11959
28806
34121
36485
14145
20049
29890
39120
5406
8676
17983
21567
21715
20037
28869
8966
23884
28204
41245
16940
31668
36077
8923
9678
32915
5513
10490
22992
26272
12907
14551
36435
13617
18102
19904
39389
5351
8480
28435
40655
5432
12069
36986
5398
24371
28329
5367
5384
14989
28416
35083
6401
5760
6279
12876
38136
12810
30492
34807
8973
17035
27542
34960
23633
34769
6297
8838
32829
35119
21338
37565
37793
17737
27559
33717
21578
29928
39245
39947
6291
6792
8529
23214
16314
21272
31926
38172
13220
17706
19657
40124
12571
39064
8661
9093
29798
7162
7210
12317
28009
5672
15127
33937
41055
14507
15499
19885
23517
8472
9415
16039
35858
5383
18339
8274
33362
19471
19910
34791
10726
17570
20818
32500
7553
27796
38366
5387
11886
11962
41462
5374
23089
31581
5388
12148
14834
19050
23982
41023
13681
29147
31326
5569
14258
19920
28625
5383
10800
18062
35733
9051
20453
30437
38836
13461
15400
30521
26503
31719
36252
41027
17682
26471
5384
24761
5396
37859
5388
31581
32914
33577
14343
21614
24121
40001
28800
38494
11930
20137
5889
8195
16462
28504
9498
12159
11434
27306
31204
11410
16973
40957
41246
19920
23774
28625
12157
13528
33963
14337
31642
15359
30239
36391
13153
16178
38993
22570
39979
20284
36321
40571
28735
38605
39235
5410
10650
25436
5405
16994
35120
41348
12169
16351
23670
34822
13278
16391
28707
30976
12835
15895
35049
16628
27324
28956
18571
18583
36398
21397
25152
26952
5765
16342
23274
31163
13760
21726
5700
18819
29718
19298
27382
32743
18648
18832
20601
8517
12654
19148
34843
9367
30483
33601
13428
16737
9246
13056
19440
39068
19197
28708
30485
31405
14553
16800
35728
7846
10883
33661
18819
21862
39550
39914
13386
14339
40721
13060
16933
16939
10648
40407
41152
15692
30538
37889
5440
22815
26712
37332
31238
35939
5614
12084
15520
15840
16428
40030
17865
20021
28999
6020
25234
5516
9493
23734
13111
14078
27334
10637
29243
41360
6024
7720
35756
36926
14819
19956
33804
13739
15533
15917
20705
8515
13362
23774
28692
19376
28643
37101
20716
26351
15699
30490
38509
15993
22348
15811
17909
20030
38571
17479
27890
31685
16215
18045
27292
19923
21424
28960
38305
30753
34612
40962
10378
30753
33608
36226
29685
33490
8986
33922
26356
33674
17781
37792
8350
20646
22894
32743
6595
26265
39394
9201
25838
27969
12728
13437
28885
30645
5460
8520
9283
36819
7053
40470
5465
34517
36816
5507
6231
39077
15380
15741
18065
20345
27507
35284
17601
22470
33010
33011
26763
35729
5487
14844
9101
9449
12060
26501
9875
24443
11118
11803
29555
36609
10248
10802
24448
41044
5867
18080
20345
20355
26498
28760
28777
39096
8033
22483
33989
41328
9362
15617
26973
34881
15728
29158
39043
12868
16445
20222
32938
10085
32595
33023
17293
22333
27037
31472
5702
7012
7101
29557
5829
7482
13679
31119
5499
6386
12160
15856
38960
12918
23203
27563
10054
11604
19460
6850
21421
24789
34212
14925
40927
13739
40441
5495
21672
37296
40308
6386
22909
37295
40308
9097
20260
29904
8078
8654
29294
32057
16152
17609
29150
38566
21672
36970
37296
21391
32961
41421
6576
7441
17545
19544
12488
21352
21822
29616
6990
17421
35318
38636
32948
40307
12259
13355
17766
39623
10624
18024
25380
17298
20429
40131
40132
34576
35155
39620
14338
14448
17351
6766
22379
29982
35428
12016
15396
24802
34904
23748
26166
39922
10617
22564
29973
36997
10617
17539
32950
5930
12545
15208
17559
5581
6573
41007
5579
25200
28262
32760
12236
26680
6658
10765
26899
27128
8431
8629
10010
19815
15894
20138
36986
5524
8196
36391
9309
19101
27496
34742
5524
6190
15358
40338
9071
12170
30489
15185
15195
27474
29672
5539
9174
38786
8536
18941
26209
10078
15359
15710
20634
33975
7839
40418
14972
28561
38088
38698
40670
19300
20397
20411
13231
16896
24100
35627
22893
35573
41170
41177
13084
18301
17208
24229
30230
8756
13306
17689
35342
17506
17515
22395
29758
33407
34866
40209
9339
19377
27793
33958
38062
8986
13309
6992
13150
16073
17038
35283
39164
27698
36238
12840
12858
28790
38053
27888
35007
24018
27532
32896
33577
12771
21098
26342
40240
41212
41217
8374
12602
26166
6186
18744
40638
18726
19191
33468
41094
6185
7089
38047
11682
23087
40840
8562
28687
35343
36358
20068
32676
34264
9377
11935
35600
8225
20815
32076
10173
10660
14216
32022
23651
30168
30392
19865
34917
16495
19101
33139
35039
21637
30972
32836
33378
6408
21639
30880
41120
14501
16465
29671
31160
40211
10034
27781
40250
23777
35316
38672
8161
21696
24982
17681
28488
36605
36613
27376
29734
34538
12641
12647
31107
13569
15505
28245
29484
11967
12786
38057
22013
27079
37339
39429
19496
26788
8246
13615
28268
29565
27474
29675
33909
35334
7012
7681
10613
20513
9644
35762
40834
5605
31626
40729
11068
30924
41474
6381
22519
22528
15685
20517
23183
30503
22701
25968
33974
16286
22104
24547
38748
21107
22071
30641
39761
41392
6738
9812
28134
9849
10407
23771
8461
29527
30585
30589
28149
29022
31685
34747
22450
22684
22686
37558
6857
23543
27891
30676
5595
16693
23470
30607
5717
28937
16732
34715
5617
10226
39034
8906
14724
27520
30389
15462
24028
27870
40481
9499
23977
34445
36981
5611
39056
39057
10373
9097
32109
19374
35676
37485
6500
6612
32759
10162
30359
41538
14205
20052
23758
34724
15890
16722
24898
25953
20111
21516
26411
17176
18530
27512
33383
38084
39042
6444
6779
17711
24515
20786
35116
37353
20076
32384
33103
38591
5637
8109
39333
6009
10617
17176
9511
16140
29668
12806
30514
30621
12562
31582
35297
40391
15648
16358
20178
8361
28111
33145
33146
27748
28950
34733
38483
5983
9216
29195
33190
14889
20094
28913
15222
16304
17551
12880
20091
25604
37934
20610
25337
32909
35844
30635
30636
35048
36772
10621
13373
15681
35054
36700
8453
8472
16038
29281
10368
16311
27767
33062
8175
8215
19117
33050
9426
19270
19407
20156
13937
18870
27858
28569
5678
7612
20354
18995
19064
33525
5674
5678
7330
12798
20750
31573
31575
20494
27766
32230
40412
11797
12250
12306
25905
16696
18484
20105
8591
16812
32986
33711
36668
10628
26711
31673
6276
9416
24019
5875
8824
31340
38716
6961
11254
33016
17100
34889
38095
5666
7204
10443
20357
6092
6689
23997
36713
9728
13343
34320
11370
16863
32319
11928
13130
26707
33347
22551
31825
41167
12152
20778
37664
5823
12718
17598
5671
12133
34374
12890
29341
35127
40120
14375
14507
27603
9579
20834
6971
35311
40072
7878
17329
19449
29903
7106
8360
12901
16204
5669
5692
31886
14086
15836
17300
29270
27582
29130
32959
35077
5674
5677
10847
23878
34016
34349
38383
34894
18715
25170
30859
18665
22226
33480
17647
39335
14440
19889
38282
19889
19897
38287
5678
7204
5685
19766
29344
30684
12560
31335
35007
15484
38570
40695
16878
24956
8392
9531
9532
13222
29255
34772
7325
25026
18056
21490
28818
39303
6779
10254
17711
9026
20215
20306
41451
9159
16616
18163
21641
6732
17769
32643
5703
31480
38627
5695
17649
12174
13259
17251
30599
6088
35860
5698
30609
31530
39134
5758
23963
27602
28273
31836
34430
5709
17699
27570
28229
20422
21867
39636
18073
20369
30473
32954
13248
27031
30172
23183
30503
30607
9026
23963
27602
32032
12287
15477
33925
35616
10812
12709
34435
35125
16403
37518
13517
20185
30511
30514
6279
28212
32297
28254
21004
32708
34502
36376
12899
32626
38131
21308
21309
32991
21868
24675
8476
8594
20505
31287
16890
36538
14523
21515
18135
29667
37170
26807
26864
32876
33079
15693
24915
15125
19568
22672
10356
13221
15797
17300
25268
25311
25385
13254
13258
14364
20197
5996
26911
26948
38131
26729
37264
29325
37556
37581
7813
18828
29620
32898
7031
7909
21390
30923
14203
19233
31626
24917
39620
40132
14363
19531
14811
25290
29535
40563
15974
15989
27619
21707
40697
41123
8873
9506
21137
8512
24988
26592
16131
20511
10568
24783
37013
14444
15374
30713
14443
27623
28690
14397
29067
14743
16274
23603
31211
16470
16769
38932
17728
25031
8577
14048
33282
40785
5822
21594
22496
31904
6071
38819
40040
10279
21325
21331
21332
9149
13133
21333
40011
6346
10700
20153
21332
9805
18332
22550
22648
5790
10502
32804
16188
32620
39384
12976
28735
40034
5966
9776
14655
25167
17973
22546
34654
39446
15975
22099
28217
23971
31364
36687
28953
35364
5768
13251
35439
40460
11755
35431
39169
15219
39415
40495
19865
30952
38683
40297
10665
18690
20963
40803
23911
24305
27320
28928
34675
22734
26877
30422
38118
14433
15028
35182
40941
11723
18372
23859
16183
25979
27255
29036
10379
21066
25628
32576
32597
36451
41201
14170
31459
38728
5783
28294
32466
39268
9409
20883
25024
29298
5783
6361
28294
9535
20863
22916
8818
27655
36518
22914
28319
30956
32467
28319
30956
14473
16361
37138
39207
7186
25194
38448
5787
16244
17691
40215
5790
10502
15385
13016
17210
16366
17984
24607
38608
6764
40215
17900
32849
40215
16891
21273
31474
28294
37626
39268
5796
5808
25335
12198
31026
14903
40228
40273
13628
28887
36093
39480
20033
31012
39004
12357
22999
34592
13970
23025
37864
27939
31366
35436
22720
32598
35160
13793
14395
21665
37349
16475
20954
31394
10341
17950
17991
40273
16512
27051
9429
30366
10575
37748
40228
6932
14168
19041
27008
17686
21465
38989
17206
28334
28887
35217
6037
6397
7830
31003
8940
11574
27945
6366
31383
40431
40566
13006
14527
19731
10028
30106
39690
16241
23606
30736
32285
32210
10116
30085
39119
25401
36641
40270
7133
10568
25379
5824
8060
37013
17960
27452
38301
10568
25384
41205
14539
20405
32149
13642
23164
31018
7200
36582
39767
14982
34017
36847
37107
7152
17653
40021
7625
20560
25733
14421
8922
14544
23686
8152
33178
34152
39175
27160
27357
36674
5855
5873
5883
10593
7938
18467
33459
36596
17000
34817
5841
20560
5855
5873
17933
24813
23740
27725
35583
33025
34982
35202
15928
23240
29359
11510
30182
34506
7181
8773
8911
9071
12195
23067
27731
5882
27156
32092
34939
16150
16182
38995
8658
36480
39438
39596
16272
16923
16964
29103
37959
15857
29077
29343
29902
34921
10007
12816
13200
30748
14745
27156
33252
40019
25269
8526
11663
13507
24177
28945
35101
12924
13498
20160
31573
8315
13216
16884
35197
5868
22995
5870
6390
18460
28588
7279
34745
34838
38024
6233
13624
27907
9050
31589
35039
35287
8973
14818
38717
21280
24649
24702
7459
9831
31697
22998
28038
13078
16280
7225
28360
39602
12895
17733
20299
32943
16862
16866
26093
30304
10908
20731
34674
21365
23728
32236
8784
29851
33593
9425
20834
29283
7563
20583
39754
40437
20585
21767
25397
35851
7580
12136
12189
12193
18046
25436
10656
32596
35681
40278
8673
21575
29422
37237
39532
8851
14406
31407
13151
19435
26022
30447
24182
32869
28584
28867
7029
9006
31614
40225
8082
11481
29784
30608
17453
32218
34775
38367
17679
21763
34359
5903
5931
7375
37231
12435
21210
24920
10331
11600
18827
29583
6177
11477
15323
32830
38595
40465
5985
32623
33871
11671
18531
22369
33444
8243
13465
22758
18054
21683
40323
19181
39352
7729
25738
28463
16773
34617
10301
15585
25366
35818
9200
14543
24066
31691
10682
21503
26780
36600
34664
35796
36639
8729
15049
15090
15141
9390
18951
20046
28345
32982
35202
40373
18733
29393
30694
40743
12578
32145
13092
13095
31962
34835
13415
29623
31410
31767
9367
20330
38397
15887
21303
30948
35270
8065
10644
33327
34732
9390
37991
40729
11142
21454
21613
26007
8857
16370
23562
39768
9523
13232
15879
19625
23642
31402
12534
14200
28067
35719
15390
29104
36127
16651
19973
20737
26412
14889
18068
27507
20760
33273
35292
15200
15203
27248
15323
24205
39352
5935
28649
31120
32096
32814
35764
14935
16138
21825
39588
5937
7147
31042
11775
25076
37320
9873
32096
32594
6423
11488
26929
34930
17232
31650
32814
34500
8355
16137
16352
31175
17025
28573
35846
14913
15300
16089
23395
6810
20399
16237
20165
26440
35378
13142
39324
40565
14927
27896
38319
7076
18460
28785
9414
9678
19972
28777
33397
12918
15897
15940
27563
17783
19845
34987
9029
9059
15425
33202
33246
34971
21431
26078
29532
30306
10481
15111
37290
12979
14428
6038
10790
10588
40459
25807
28101
31914
28313
35319
35362
35496
5964
31130
31132
8904
19259
19586
12715
22947
39836
40265
17047
24344
31126
9166
12675
19161
5973
9805
31321
6071
10559
17986
17946
22359
32753
13197
20347
41425
13197
21768
23049
15497
35062
9925
24962
29258
40073
9671
9776
28851
9559
14786
18798
20931
23953
26750
40967
13713
15740
19854
10925
13619
30942
30947
8784
16842
24026
29585
12703
20161
33428
16476
20475
32920
28372
31968
14656
30931
31038
31119
15231
41410
20365
21626
30624
39005
13126
32546
15343
16965
17540
18624
15518
17800
27542
32033
16483
28126
31819
17973
25061
34639
34666
6016
29716
31136
35862
10925
22546
32155
6103
7484
27762
27905
31998
35307
17765
25530
29682
36822
17465
39687
40312
12115
40054
30755
30812
30875
39326
7256
19881
25390
26456
32457
6372
32048
39514
18127
13083
21269
27549
28118
6008
17929
16657
20225
35103
36624
23492
30759
40298
40336
12199
16565
20214
12914
12933
16059
29302
10532
25185
32776
10226
21829
22100
10272
12219
39308
6340
7404
10555
31878
10144
10590
21356
21361
16890
20511
40357
21864
33095
33205
7482
31119
20585
21745
41224
6098
10721
14508
29716
20949
25030
25081
29985
21316
24185
11265
17125
24348
28364
11943
25425
39977
20125
20242
32229
39681
6030
21320
11065
13295
20448
20522
24069
27074
21844
34527
37134
37452
27779
29831
39427
39505
7035
7536
25304
35802
22362
9832
11610
25349
14240
21313
21320
10679
24667
31509
24938
28550
30080
10134
18145
22068
25474
13261
17976
40579
6379
20900
37058
6088
10649
14950
21047
25277
37098
6042
6064
6404
11588
12415
19359
40476
6062
32111
41006
10589
25278
33813
7039
22432
22440
39110
12561
13005
16838
22941
13665
17697
23741
6050
25511
40040
20868
25590
31025
40576
11761
17148
22410
10191
21420
7838
9067
32242
11255
13033
20566
18022
21850
32965
37711
8980
13011
35584
13688
21409
10228
36835
13401
14921
15582
22446
29401
32629
35706
11756
32513
32517
6078
6465
6515
28635
9043
13442
27036
6064
11317
7333
12440
12467
30360
13682
13684
17779
26131
39275
16805
22398
25645
25995
28410
33971
14253
29479
21420
21461
40229
18803
22166
10278
21461
31614
39352
12790
12793
21130
34626
6084
25028
28466
39558
11811
19800
27972
11199
12208
18119
19725
12866
12965
31537
37987
12147
9375
23009
24880
24922
18271
18886
29825
37597
14198
28147
33207
34681
15700
24162
27226
21385
39221
39491
11319
30105
31956
14113
15824
15834
24153
9302
18177
14891
27729
39750
10790
15371
25475
34133
38529
6169
11647
27288
6962
31841
34198
7795
11821
19309
11837
20711
24639
34266
10067
21539
38743
6464
26482
36230
39526
29607
34375
6103
6211
31038
9448
26715
37116
9710
15335
31335
31623
10567
10866
21565
32754
6178
6550
22287
26958
6792
12832
34336
41348
12265
19589
31790
40109
17246
23189
28604
6110
10197
28466
13837
27658
31801
28369
35877
7225
24371
28773
20431
32611
40002
7622
22387
24833
6125
18561
28546
6164
9906
16669
33828
6433
9902
40692
26798
29663
39813
10164
10221
23065
32506
10238
14634
32276
34630
14217
24712
24763
38010
6168
25204
25256
29705
6174
9163
22125
41549
6130
37363
39870
7303
28341
31873
39929
10326
20962
25581
10766
25244
37632
9400
35495
14638
28449
31854
36064
22353
26364
32029
39863
39865
39868
9784
31367
35347
22895
32574
37506
6580
6706
27777
28522
10540
10579
11590
24337
24219
31822
35556
10159
12088
12122
32541
15858
19262
34081
39123
7816
34490
34914
41483
15997
23979
24039
28793
15117
17590
33674
41228
22413
25989
38094
14256
28681
21270
32511
37725
7203
15779
22604
33189
7392
24288
28391
36064
6194
6342
10455
32786
18310
20313
37376
37778
8801
15500
16775
28694
7647
19783
14499
18506
28409
37806
14249
21240
17742
31498
8932
19961
24139
39299
40231
6321
32606
37016
7740
30408
34138
38902
26705
34320
13198
17469
29236
31622
9819
32608
17773
36810
36812
39247
10071
11429
21788
7618
10497
25221
17444
38757
9905
12205
14537
24060
25987
33036
33222
23756
26112
40513
6197
7539
6171
6204
11478
18856
23936
6405
32534
21818
32793
37427
11420
26159
36972
40239
7849
12360
18822
30637
33772
6329
29418
19981
6211
10541
20955
11071
11759
6543
14744
31707
32150
6235
23244
37798
17118
17903
28309
24111
33690
9526
20716
23244
40048
11349
18574
18847
18736
18782
6908
8929
13102
41364
25842
28322
37174
12497
12653
23885
12987
39454
20280
28379
28559
16856
34779
37635
21922
24249
32031
36097
7541
29710
8717
8718
23256
30545
17773
19013
25123
31884
17857
18145
32773
12765
14178
14548
23839
14348
23763
23785
38123
8080
8104
8111
21265
25214
36878
38646
9638
10497
21215
32800
7168
8214
24575
28638
7715
17840
32785
12980
14595
23160
27926
20644
31516
34730
12593
13144
27298
38630
31180
31290
20691
23956
38980
14656
28645
34944
40408
41082
25042
27288
32485
36113
7342
11683
18943
21621
14972
27292
18411
22834
40934
13325
31522
31644
41404
21520
24638
36111
9791
13115
23726
28742
31651
6232
19648
21214
7310
28027
33675
31889
31953
24091
26142
37346
22106
34163
38204
22810
28271
33534
20800
37509
41505
9338
14221
32329
33716
7305
24009
24327
33843
9627
24212
41361
36899
37416
39500
6237
29323
8843
31207
12617
18944
28742
9466
18986
29757
22106
25428
34163
41570
14780
31927
18614
10685
27995
33506
33756
19080
34888
26755
33888
10714
18033
39503
40966
6253
6270
11873
17058
13064
15373
31728
19003
25042
36113
15467
22956
39817
11477
14323
28863
22104
29686
30588
33648
10894
21149
28246
40089
6286
7488
21061
36255
6286
6305
7277
31224
14389
6432
24263
9793
26807
32876
9985
11166
20885
37426
19515
39349
8057
11663
24177
35682
15458
21047
25277
32248
7112
13816
36616
38038
19268
21628
24181
25507
25038
31679
39261
12638
35057
35366
39015
9744
30879
34050
40094
19387
28537
36715
12492
38829
39174
25905
27087
28663
34451
17058
21015
31217
24048
18074
20347
33306
7112
21015
24263
17502
17523
31575
36563
8299
11920
19340
26497
12444
14183
31501
17366
25205
6450
6557
21015
23933
27536
39052
35898
10245
15711
26713
28188
8669
17699
26862
28966
31530
9355
20627
32136
21008
21279
24109
24236
6761
20776
22664
37402
12115
26230
26911
35119
16696
27258
32911
6557
26542
21154
16800
26918
39133
12889
28114
29593
31999
12902
20834
27591
12832
16999
9919
16118
35129
10633
13533
32589
7277
7282
7290
39565
36917
36961
7109
22289
36909
8710
23816
34332
16793
21275
26858
14128
23473
34370
7936
18538
29682
34479
32223
38637
9980
20832
25314
28876
14956
21419
32814
38771
9422
30822
40962
26542
28405
35905
6307
9464
10821
28312
6328
9435
39413
9355
21004
36376
8148
13411
28816
13537
26965
11700
18029
22709
29887
10001
22491
26533
30427
31470
40978
6674
32840
38348
6602
6640
25398
35171
19651
19744
23278
38530
8969
17306
15467
32428
37422
9736
10496
32744
6370
10434
25285
40041
17190
28598
38064
17900
20525
21385
21418
12762
15050
35965
11961
14690
31994
38293
6330
40079
40080
6331
12300
21965
39425
10797
10835
32530
39413
9464
28304
39288
17785
24396
24980
9701
39611
40076
7027
26816
31927
18438
20971
35904
35905
16315
26044
26422
40079
6339
17050
29196
39314
7362
14654
31761
8806
32954
41424
9658
29897
37125
39735
7101
22191
37236
17360
17879
25241
38235
18073
20369
32174
9829
10479
10554
9765
24981
32545
32987
18073
32043
17904
21313
40200
7198
9796
28275
6358
6359
16398
16404
9794
36168
8933
20346
24921
9841
25066
31784
31805
6538
12300
28653
36153
9539
16665
28407
31101
18510
24505
39316
22599
37229
38833
12300
21245
31921
39613
8109
29591
31886
32044
9795
25271
36372
8719
31926
8627
20740
21638
10437
17301
20370
35073
24550
26314
26592
32897
37866
9542
9836
32056
10647
28423
37916
39240
12567
14188
28453
35886
37229
38835
40567
13831
23830
31338
36259
8597
13087
23636
31207
18264
31807
40699
10240
40013
27905
31339
33374
31866
39329
10899
17567
18237
28242
31995
32905
17623
31239
40222
23552
28242
32905
9608
29959
35878
9456
24350
35499
36734
15233
18381
22560
20584
20598
38934
7418
24505
28451
9203
31050
35073
10270
20966
36115
37169
29856
36146
41385
18555
28430
31310
33454
25379
40310
9677
24515
31238
31805
17973
22121
34646
10908
17386
7076
7225
25770
20326
20329
20419
40445
16208
14322
23435
33728
37110
9830
31947
22644
33040
40381
9590
14908
22262
28847
9402
30998
9712
9830
20250
22087
33657
36526
36528
10622
21592
32928
40666
17574
10762
22222
39647
36837
9915
20914
22979
31677
36087
14660
17887
24933
6415
32966
34732
30972
6715
7435
11139
24887
25672
32047
36162
37457
7688
8169
26689
32857
7033
19600
20765
27134
15233
22556
22560
10122
36306
21892
24447
29298
11468
11750
26985
35606
36151
18691
23348
35931
6448
18680
26098
41416
7563
21678
33311
40414
14255
25544
32303
11155
27235
36134
6426
13900
14082
33185
23199
26133
41018
9780
26128
32187
25373
34519
36196
9902
13107
41206
17121
24058
30213
40822
16901
20592
32016
13756
17000
30207
41024
13698
13792
19588
35969
17120
24485
30527
33322
17720
25493
36900
22154
25782
29717
18474
30112
35541
33114
35895
40637
30312
30487
34748
11468
12303
26840
35649
6968
12303
21396
6869
35419
11155
11750
12303
26894
18504
18510
28177
15227
6553
9682
31545
18910
22969
39457
9517
36646
10878
35862
21031
32307
36613
14621
21563
28056
35624
32652
32693
34423
36722
22990
30887
35725
7582
11639
28543
17237
18221
28000
35907
19923
20059
34591
41415
10771
21222
24672
9517
13685
15151
22480
33098
7770
18524
21120
33283
22420
22495
24539
39702
6539
16676
14637
19474
31688
32411
6625
37385
6541
8623
34496
6686
13709
11368
32020
34437
41399
6474
9785
12107
35613
17151
27808
28812
38588
8547
19523
33906
11730
11790
38006
12278
21953
24791
26994
18772
40693
41112
9571
17070
26807
21093
36120
36149
8445
14313
25722
41010
27313
38715
41504
19349
19653
41581
8651
11488
22422
27235
11460
28197
31346
32013
11859
12015
9887
9965
41500
12002
19609
36119
41258
10207
11639
32615
6571
12130
28378
31923
6763
18622
36951
28281
40027
24320
30394
30412
32157
11029
11091
36707
18325
18475
21952
24539
25014
31069
33276
37073
6511
11006
37078
40505
18400
18452
32806
33810
13747
28610
40733
19400
19432
19517
10742
10803
18413
13798
35952
6739
13927
26219
6514
6516
6559
13818
22396
24268
28630
39589
7654
11230
25037
6609
27756
35996
9451
11881
24613
10133
29841
37811
6521
7268
21012
32477
9170
9278
9465
25467
18646
37433
37659
9660
31567
9643
17818
17823
17137
21084
10254
22528
28382
29953
39238
39562
6528
28102
34984
12304
27432
6748
30302
35020
8122
39485
41017
25636
33943
34001
18274
18821
28443
11748
22529
33786
20992
24947
17529
28156
31247
7586
11139
22454
34002
14634
32291
39222
41280
9781
30789
21027
23524
40826
11443
13686
18330
40730
12193
28092
11476
33548
34873
39089
22580
26546
26565
38622
17467
31465
6627
11241
21113
36040
9129
19419
27575
36669
17826
31774
36076
20612
24044
34417
11789
26538
28285
12651
14080
27786
27819
6652
27052
39613
7024
14593
39078
6673
13836
26919
28569
36618
37403
13780
21324
27906
29029
14668
30546
35555
14564
16998
39369
24548
28887
30220
36166
13052
16390
24000
35276
9471
12493
36595
7695
11707
19350
7411
17818
7484
24375
31061
17055
28156
28411
9578
13576
24681
28018
28143
9788
18488
24611
24383
28529
36721
13832
19234
28132
31917
21061
31217
7055
19420
27819
34599
13815
25922
13803
31611
35901
39285
18962
19168
37083
8641
11922
12195
18793
23946
11908
19261
25549
26281
13676
22029
24047
31768
9209
9242
22428
31955
13873
17257
24584
41583
8758
25864
37572
8939
9580
10229
7939
10945
14795
40628
9654
12035
25951
7074
32223
32545
30924
31108
41006
6626
6858
40526
41586
6630
14741
17632
9522
22931
23396
26477
31219
39189
39570
11524
21134
37351
11958
12455
33960
6721
6935
28389
18528
18582
22355
40654
41576
18302
33117
41117
8604
17125
11599
19160
41275
17002
33833
37562
13143
34599
34800
34801
14203
18661
40026
9940
9947
11085
28486
37462
39347
27923
28421
28579
31502
15346
34372
32602
40027
18748
23997
28070
39527
17033
20611
33880
12076
24108
41583
11674
20452
31511
35900
24934
24946
31477
32881
15987
34538
38317
9018
10590
40219
40221
17525
24768
37240
6847
30560
30570
19233
31626
17053
24287
13439
13859
28749
40872
12381
13878
17520
24382
9890
11871
18584
40599
16852
24178
31751
27777
34116
10207
26253
32585
10284
24108
37947
10208
23291
31638
15072
15225
20804
37124
6694
7381
11852
41505
7942
24857
40921
14666
32017
39319
28019
28558
40738
40747
11300
21049
32542
18448
30385
35572
18800
26142
31526
33414
14938
17071
28490
37051
32020
32025
34460
6634
21708
26131
35893
14970
15154
30955
37383
25508
28629
27469
36032
10968
18620
36770
14880
21156
24498
6832
13730
24356
26618
28838
31475
32881
15354
27975
34799
40543
23389
25166
32610
38983
18526
28540
32777
38983
39982
19639
21973
27313
7259
7260
18672
25515
41542
6644
27951
37880
40859
13865
21113
37638
6648
6659
7011
6691
12300
31928
7951
10791
26305
29435
23612
30454
40305
9940
20414
24578
11502
28494
32164
38314
13652
28799
13339
35339
21229
24640
37388
38190
9725
27967
21244
36153
39969
6654
26471
9725
24613
7081
10872
15228
8256
12106
24567
14183
16560
26491
34439
10759
26811
35957
30528
30570
11547
21211
34930
35727
7313
27508
40461
8146
15137
34247
12048
13035
26732
25946
41051
41087
13838
13889
29873
36041
14771
28502
25562
38615
11654
12217
13911
36073
23283
23798
33799
6690
20690
7102
27844
28510
11269
24367
26830
6862
7269
16794
26944
11409
13557
15080
33099
35124
35957
38080
7823
12230
19566
21044
6878
21142
27749
37636
7394
10774
24582
27128
19459
26752
34442
9814
11108
13862
24627
16389
23895
36665
17059
17379
27502
36265
7291
11524
36203
7792
24381
26468
31971
9749
31776
36062
13852
14135
20468
34507
6974
10426
19574
28065
36718
22756
21965
26818
26908
32686
38086
38370
13966
22318
27011
27144
6697
6765
31898
13767
24560
31751
19530
22201
29266
40051
12020
12310
28657
17071
17107
21168
18743
22552
33885
18628
21200
25267
31510
24881
34093
40097
16878
19648
31957
36850
36235
36237
36722
39493
19286
39655
7865
19488
36924
6709
21012
34116
13774
14780
11235
12099
15074
28601
24179
24947
36663
9703
17043
19312
19425
38339
10189
15437
22171
40955
11017
28283
6716
19134
28634
36115
13951
23588
34001
12013
20966
31850
19291
38315
41580
15129
22284
26410
37161
18808
28389
31877
9094
21906
34020
9761
28522
28695
17390
19337
9494
12104
19391
37781
32677
35744
35961
10102
15353
32402
9111
14639
16791
26745
38091
41564
8305
23976
28590
28599
19422
26171
28133
7154
7173
7175
27000
7087
34030
36812
22155
26879
40055
7113
12020
25281
31897
11719
19036
19145
36110
28581
36774
7119
12305
25807
6746
12857
17792
20141
12091
28015
7389
28015
16791
21922
39150
17982
20617
31753
6749
19466
29869
22152
24777
26453
36575
11851
26971
34005
26964
32404
34421
7005
14224
19622
22319
22202
36590
6750
27406
32637
25115
32315
37993
15126
22671
35484
40049
15510
15875
35142
18616
25867
33389
34183
25058
34622
34631
19282
25920
26373
23084
25567
13656
20911
28350
11652
18949
19139
31354
35912
8575
17741
28718
32647
12030
36923
25879
13834
19240
33516
17939
25277
32804
31921
37504
8101
8935
29595
17081
21636
9862
11250
28844
36421
14984
15315
29094
36438
6891
8310
36112
38457
14918
21850
22492
39583
9124
15460
23438
8409
18428
39722
24690
28845
38885
6789
22512
22661
36462
19917
21772
30744
37059
32337
40485
14094
29312
40841
17030
22525
31439
39695
7100
11910
18739
36058
16011
16370
27218
39932
6788
26725
36755
14462
21439
35209
18713
21904
24231
36252
19591
31467
22928
25911
37682
33625
36402
22765
26791
26906
13853
21126
27489
31667
11044
17680
32298
37974
38961
26910
26961
28663
29556
17338
27145
28469
31436
9535
30947
34622
20469
25712
27229
35524
6811
11238
18617
24597
10105
34041
34207
37370
39711
10787
39862
40438
12638
18119
7268
27928
39990
13860
29492
31689
10968
18599
12211
17768
37994
8383
9532
36385
13845
13860
36017
6815
19490
23114
17639
24629
33950
33951
12973
21776
23700
17185
18620
36047
15727
15774
30755
14461
20709
20872
40351
40968
27252
29852
8307
15561
19898
9239
12473
14574
35590
8351
9314
24983
34114
22924
25767
26562
27625
28190
32712
34056
38805
28190
35687
14874
27863
29838
10038
40983
30649
30841
37099
38932
7302
16023
25301
38374
10918
30311
12845
16999
30775
32945
33491
37089
40711
11948
18626
34045
36724
15525
40309
23279
23280
34244
27545
31212
38219
39600
14415
14439
35344
16393
33651
37821
6849
28030
31725
31735
17491
30248
39769
40702
12541
18624
30744
13891
15986
29886
31723
21138
24293
24624
27691
21638
23513
29218
10263
28843
36061
28591
39905
36668
39628
7100
13838
28510
36829
6991
28591
39423
20881
28313
35496
8435
28963
29187
40972
6861
27469
41586
26644
36278
6858
24502
26726
21121
26726
8858
16051
11447
11451
16389
16156
17091
30853
11821
32001
34308
39394
31301
38920
21129
25764
10292
30527
33322
37174
22115
36200
38992
27640
31268
31725
25085
31772
33619
21817
27468
27481
29152
9108
27394
36625
21294
24465
27262
7907
9731
19261
36222
7077
16154
31145
20809
22624
25783
7564
23212
31432
8138
9469
16746
35513
17550
17591
17605
20065
29628
38672
38809
21142
31796
41255
31177
36843
41115
41255
14425
14941
9889
10260
12167
21153
12274
19572
20795
34483
26784
8226
23029
36345
26583
33506
33769
40280
16470
28758
38940
16536
16989
21328
36403
13974
23025
23682
21512
34345
37070
8688
17368
19623
6898
9730
29314
36803
17698
27573
28116
32826
6892
6894
9730
33687
7003
15312
22730
12172
17365
16655
27346
36103
6898
7630
37724
11119
22874
28440
6901
17716
19477
22410
22605
22607
35847
15651
33653
37747
8859
31157
37747
26056
31778
16478
28734
35167
35345
6901
18305
26824
13767
26391
30300
41347
32770
32781
36234
18779
19704
20298
27773
9402
17998
28834
6915
21202
22749
28618
16014
30382
38348
6996
12725
20382
17868
27320
28108
33246
22584
22767
34507
7471
24537
37961
37968
9920
11503
23947
35212
13892
17114
24462
34381
27572
33919
34478
6916
28376
31824
6920
39501
11877
33497
15391
18968
23732
41241
7847
7961
40890
28618
36664
11771
25192
36225
37544
24612
26015
31970
40850
8815
30845
9848
16834
31036
32327
9009
32249
35165
38268
7218
14602
39622
7063
25448
33497
12368
12769
15687
17636
11877
11879
27948
35999
25607
30360
38148
9397
25148
25949
37383
41396
21012
27973
28304
6938
12097
32615
13264
33039
37990
6987
39992
6941
6949
28623
37120
21831
24440
10655
12176
22378
32951
33932
23716
23720
13239
14210
36422
23957
26077
40824
17002
32430
32462
13399
16388
21812
11312
20813
32095
6950
8254
11654
22749
36090
16461
38273
40558
15643
16394
33653
11715
12061
18288
36358
27337
8563
14293
28625
28692
19574
21191
27393
41119
11390
23673
7056
15209
23450
16289
21459
40694
8236
33482
34468
40824
8529
18623
23214
10576
15344
29943
9012
9081
20155
28196
6974
11502
28620
20362
21322
31169
13929
23213
26841
37883
8256
21043
26336
40165
11155
27235
28089
15071
18778
24914
22679
30647
34993
9266
24962
9724
10808
11609
14672
24503
25082
26621
36022
14681
20272
29408
8085
16576
31466
32308
11627
24968
33872
41580
10349
13785
24159
33340
7855
11603
25365
33970
10107
12248
40103
22928
30313
37682
14396
23551
23711
30636
35053
6993
10217
11108
34373
12090
30955
41396
12079
21134
24496
36034
11360
12097
10871
25009
28231
21648
26321
29600
9772
35317
13774
39905
8462
21569
9573
9814
33734
9391
11338
33768
10327
36284
39522
8929
34775
10319
40301
41205
12431
23855
29430
36012
12815
22723
34408
37575
22791
25637
8524
11963
34738
38166
8089
17659
41519
19706
30167
35444
21042
24468
26977
34987
29491
30757
33313
24468
24568
26837
22523
32556
39240
7035
7632
7755
16493
35985
39060
13633
25770
28799
7814
27392
7021
7023
24570
41251
8362
26879
11932
12322
20122
22020
11249
11271
21525
7041
34905
40045
40174
19424
22278
11845
28232
10830
12402
14832
22673
9822
41253
12262
14126
19635
40110
18897
21198
36574
19621
25129
37527
11465
17320
20627
22530
24986
25015
25162
31953
34473
39425
7632
7662
17940
8896
10700
7531
11422
11435
10768
20869
28269
34035
39242
7758
20857
38669
21413
33011
37713
7662
13609
25778
28617
32078
24359
24392
24537
27096
8118
11323
28251
41002
22295
39564
18108
21726
32969
13619
17924
11455
18935
21082
23982
9699
21965
24362
26908
22699
26287
9846
10683
31954
17730
20961
22830
25031
7191
24423
27739
34655
7063
26539
13904
33765
40863
23605
40707
40988
7927
15417
18993
39226
24826
24832
39123
8077
23792
18534
29474
14080
14096
33643
34113
41584
14764
18821
34323
34364
19155
19519
40997
17728
40525
7071
11435
11445
32970
10272
24881
26447
31810
21227
7659
15478
24893
25147
11229
11253
26665
41499
17247
22174
23191
23213
16436
21878
29093
17967
21889
7079
20278
28607
11402
20545
31013
7528
19318
36894
29643
39339
39591
10658
10662
13576
14852
19631
13633
14768
16410
20245
7324
27706
36537
38474
28562
32485
9866
18778
39993
11440
17431
22473
14116
18200
35733
26744
27067
34004
34505
18872
26983
39340
39598
21023
28631
37012
37142
12834
25714
30040
33536
21023
28598
7099
7100
7267
36265
11481
12730
19983
8537
9406
26162
7679
16973
26017
40954
9239
9477
38596
39067
15472
25093
39407
7267
24494
18807
30314
7887
12669
26232
41355
23894
26924
31933
34406
7111
23894
32067
18739
20571
24494
36830
7806
28967
10944
17258
33505
15460
16230
38232
13221
13543
31337
8252
11691
25107
34301
9420
35135
41464
9561
18488
32618
17320
17323
38816
17332
39633
8575
17741
26523
35243
9641
31933
36883
13728
21056
27116
28657
7481
9916
17628
28651
9602
11852
31898
31965
7473
12364
12399
33029
14471
22218
7119
12020
31898
11983
31897
16821
18165
22723
40487
22054
22098
22707
11191
13384
22911
33375
7769
14717
22445
8373
9893
10657
36966
17346
17430
25097
31872
20282
31630
33337
40650
17624
17660
35279
35289
12100
26019
23919
33477
18840
27419
30065
11340
21807
33278
33541
39764
8512
25596
13119
28507
28594
12142
14036
23056
33846
11366
25023
26188
37885
7814
8294
28967
35540
8199
18958
19128
28763
12323
24576
15553
26681
38523
7151
9798
25807
27111
13022
14113
18164
19780
37980
12933
17768
24105
35150
7288
7453
32316
37161
7874
17760
32641
34353
10653
35294
12244
17162
32382
37612
8996
23115
27530
35111
16926
29030
29792
25143
26449
8003
10085
38033
12890
12894
34759
13961
27052
32657
8821
23264
23329
29161
7160
18319
36371
7208
39417
8735
21430
23398
31232
20121
27886
31302
40262
14599
34472
36763
16181
38723
41330
31890
32072
38350
15961
38700
40673
7165
7166
18376
36149
9664
12302
18322
12315
22386
15566
20952
29766
19908
27315
7194
21657
35345
13158
14434
28725
33494
16597
17345
34518
39651
8003
28719
26993
27779
32891
39427
26992
40115
12290
18937
24281
26995
26994
38177
14420
23609
39594
16340
27084
38456
38474
13182
19911
29808
16781
29715
12308
25177
39612
16291
25792
27016
30881
34165
40841
9046
34992
36620
7919
21111
15999
16292
30785
19288
22530
26991
18625
25962
32392
23347
23764
13962
23998
9903
15405
23604
30735
12950
37657
16843
7196
37838
7197
7199
7201
33225
17649
28269
31987
7201
7242
36585
41417
37197
40613
21568
9232
41043
20354
20034
29960
39261
7212
7220
7655
15128
9031
24658
32032
41188
22115
36200
12760
14886
20393
39248
9803
17327
32131
22286
28039
7214
38315
7217
7223
14955
33942
7220
38031
20495
39642
19303
20371
15602
23684
28765
30713
15684
16003
16447
20286
40096
7223
8475
23068
19658
35214
38450
10113
37291
14491
16487
30787
36465
38422
7229
19663
21151
30890
21722
23601
29139
14009
23347
32390
11185
13753
25962
8884
37544
29590
33717
35110
9401
28240
32014
38768
16099
28410
30388
13306
27823
35342
21994
24469
34718
40718
8743
21762
18290
39283
18697
28868
32393
37185
13446
19944
9073
14097
38427
38857
12637
23239
38665
16965
16966
36429
25727
25983
14076
30764
40715
7247
14613
25059
35351
7253
18425
12967
23320
30705
31077
7320
35291
35694
38751
14790
15093
20286
36111
19030
20571
25077
16346
31464
37159
41493
7270
19019
35819
18869
28820
38264
13129
20221
25218
27765
15575
27551
27600
15747
23141
31170
9180
14371
26061
26919
27492
10217
19402
29837
25415
32994
39401
39512
16587
21787
9227
25749
7265
20067
20124
32733
19667
27674
38856
23148
23150
31858
11662
27502
9561
7311
13864
28569
10733
17271
13954
14767
33893
7285
32902
32903
7274
27459
37350
11569
18809
7276
21514
37080
41124
7281
31225
19617
20714
29630
38809
17391
38022
20186
27515
7290
20994
31224
28292
31228
31230
8781
16256
26291
39649
11776
26916
34426
34513
25326
32457
36958
13794
13809
17237
40686
7291
33747
17397
19415
28450
31737
33747
37070
17241
18609
36342
12517
18609
21148
33747
7825
39033
15367
26698
36328
27676
38416
39681
35960
36045
40846
7315
9650
22649
30760
8221
34582
37015
8335
22271
27644
27604
31189
34568
12366
19688
31192
34544
8848
16021
16028
9182
24352
13194
24403
37475
7689
33556
37801
7881
16881
26801
17641
21011
32476
10551
13640
38037
40271
20074
23195
27373
11684
16216
24723
24097
25085
26487
39629
41483
7323
24083
26106
26337
30623
38164
7368
22668
25359
7323
21162
24083
24474
24697
33746
12132
16500
19452
34333
8922
27215
30787
9553
37488
12259
13518
29294
9456
20894
22116
24350
16857
26577
15115
21793
7330
10320
39306
21544
32857
33255
39976
10957
31797
36734
17393
23079
8300
14343
26341
40001
17631
7332
7335
15388
21614
14343
33849
19719
30362
12625
26032
41322
21618
26867
25581
28423
31844
12469
35617
11648
18864
19068
24451
7348
16771
18830
25329
36751
39190
12027
13834
23118
36951
23078
41147
27437
38434
38555
13206
16611
38229
20400
20460
23926
27373
14937
14940
20689
8129
28392
35773
39330
20667
41150
20642
26152
33781
34142
12274
14224
22113
22235
23094
28216
32907
41363
7393
26181
26212
34354
14580
20642
27851
8511
13516
34363
37321
7359
14834
30074
18157
22158
31431
31752
10634
17162
35539
35967
16449
22150
25180
26993
7648
29548
32463
12252
18804
18817
20846
32960
38210
9742
10298
7364
14834
24089
29548
7365
7367
26152
24302
26158
13583
17968
26160
29548
32472
9650
16978
39480
7447
10322
10329
31835
15906
23937
31517
39063
12882
15990
25466
7771
8418
36890
10243
16637
27099
31911
7406
8612
11430
40037
14993
32830
40539
7380
11394
11499
24233
7414
18334
29276
30647
7403
10762
24910
13571
15408
15410
40808
7398
7401
28657
37509
18836
31912
7556
20367
27981
18969
24173
32340
40039
18362
40752
10295
10871
31341
32118
12661
19103
39223
8837
27632
31756
34490
26212
32632
34354
13153
16178
23697
28737
27260
27697
31785
23979
36066
18027
24015
33870
7752
13340
34388
19591
22486
24393
29608
17251
24276
30609
14688
16850
20985
29738
7869
10182
11499
11395
26722
33482
33646
19345
26670
36296
36383
7406
8612
32395
10465
16141
31513
7439
7559
21413
10766
25244
20873
22505
25415
30966
24569
39786
7982
19669
34146
13492
26162
34459
41144
15211
18413
24976
26786
17653
17735
18058
20416
31775
31980
10143
18096
18783
37566
21615
23080
26286
33977
32551
8008
11581
23162
25844
25891
7640
18296
22606
25645
22514
29260
33598
10330
17336
21577
21624
26286
33724
22173
24027
41135
15953
34706
38711
39669
26183
37350
39796
7428
17638
26302
39855
11881
13798
17095
8686
20423
25470
24585
28575
37698
23296
40206
19189
20199
25387
9252
9615
9634
21728
25387
37713
10983
10994
37002
37014
21189
23766
24453
24475
9547
13913
18603
28012
15596
22474
26927
8471
27626
29049
26938
35749
36160
7449
19014
33736
39615
13673
25437
40440
7448
10092
23396
23644
11257
18646
19473
9977
9982
38445
7627
20213
37019
39678
19515
21164
32152
39349
10517
32771
37853
40380
17784
24921
7450
18598
7452
9688
26173
7464
8154
29055
37026
40170
26175
28820
33873
17426
19401
19449
8950
11834
20127
20130
12191
35478
11275
23751
36373
13482
18346
26415
39358
11472
13456
13457
20112
26161
30232
37173
23426
23519
32330
7466
23821
26342
38368
10219
36192
18566
40909
40911
8112
11614
17655
18773
19284
29323
31927
14164
25607
28130
19085
24110
41198
41301
30796
40330
8963
17027
30402
36806
37510
7487
16867
17534
28776
10039
39841
39846
7525
9371
24590
16058
16583
23822
23825
16572
38324
10509
17671
19070
14822
22862
31143
17582
17660
31872
10311
17735
10969
12453
27153
34634
13296
39497
18070
24234
36860
9946
28505
35476
14971
17528
27499
31250
31949
7494
7497
13813
27898
19507
21141
23593
26405
16589
19050
33669
39386
8351
9599
25453
37079
7494
7496
39193
41334
21508
37459
27006
36311
39552
8905
30470
41202
15637
33965
41202
11085
17286
20980
21928
10077
33979
40257
40258
7508
22655
26686
32186
7508
24294
30468
33784
15852
36475
12803
15202
32776
21739
40627
17546
22147
22706
36340
7507
7520
7524
24993
39584
22665
26347
11598
13089
40428
9772
17409
31920
34777
16309
34713
10335
18756
23631
24857
20699
23533
23862
36606
20295
32577
37005
39955
32372
32940
37178
26169
29971
37760
16670
18188
30516
35179
24951
25918
28932
40973
23323
23458
7524
17724
7549
26308
41174
23242
29559
35772
36088
29489
30535
37046
28281
17044
39484
10177
14670
35896
7538
24821
40017
17780
22789
30123
30133
33199
38800
9067
32251
25225
26463
33751
9060
10003
13561
36733
32500
31049
33012
34938
35274
10856
33255
25473
25476
28261
35765
22178
32400
10479
10476
14215
14751
21213
25206
32786
38651
8171
25537
40514
7569
10510
13676
7848
14801
28894
8531
9193
15330
18326
22163
22427
9300
30118
33656
9249
10445
14129
23952
13169
40017
19915
27314
30673
34691
10541
11022
12272
25304
33255
39045
17703
17828
34260
36769
7560
17179
39439
7565
10227
8060
25384
37131
37295
15363
37605
39812
13673
17601
20419
9354
31063
33141
35475
25059
31052
35319
35832
32985
40413
35419
10288
18794
7707
31374
7574
15131
38611
38699
10175
32116
7965
10811
20845
25286
9653
11539
19167
21919
18625
25945
33036
12462
21593
16018
17828
28972
8136
8352
11355
11452
13361
18444
22244
24203
7588
23488
8301
11614
26341
41063
7587
10423
39243
16639
17451
17512
32615
37946
7587
10423
17381
10773
23681
26614
8127
10408
29604
38724
22694
27102
40163
23832
28092
22025
9836
23494
8403
25747
25750
33323
9344
36433
39709
15350
20775
24567
36332
26982
41363
17168
34659
12869
12914
19506
30946
38237
38432
40314
7598
8280
13451
29761
33522
28464
31411
31417
31087
37177
40471
10756
18159
21933
25495
10799
18206
40397
25492
12103
31391
32997
37505
10769
28497
31396
31404
7633
22146
24448
31484
7633
26524
31479
23639
40921
41105
11517
28771
38264
41046
7790
18590
11436
19239
25974
8136
25026
31843
11289
16371
25873
40916
12412
26540
33435
7725
22316
32299
37180
37212
39735
8051
23475
28783
21271
21278
10663
15008
31840
36549
8329
10619
25449
39428
7655
14781
14782
41577
24762
25231
24336
30898
36991
41426
13572
17543
15490
32596
40267
11253
14268
34166
38387
17572
9716
18237
19312
29647
24433
26056
36807
10022
11433
25917
7745
31354
41323
8017
24573
24579
7794
11059
26921
41167
13159
15177
37645
7674
19029
19522
38842
40247
41478
7960
18651
22279
22280
30329
40679
14320
39690
40917
14856
14914
11212
17971
26516
10164
11902
25618
13933
14017
7794
13901
24086
33890
11078
34900
16668
23868
31526
19557
21133
24038
33709
33036
11984
33904
39741
11185
19921
19985
22260
22933
26001
11417
25382
33210
7989
41498
14914
18605
19291
24961
7694
18883
36333
7946
23095
26799
41362
27203
31939
36266
25628
32491
39515
9363
37226
40431
35802
40045
9795
13602
32041
17947
29119
31925
19018
25947
33817
39741
10379
21071
9201
9376
35814
10140
20497
38739
34669
37896
10140
19860
37307
37534
11399
22467
37250
38004
14033
14739
16101
30399
21932
39685
40402
17060
19025
29747
11673
12592
19947
28062
30014
30343
30452
7682
12186
26300
29989
31747
31847
17481
36418
40957
13795
17137
41209
12681
7691
26595
26843
8120
13391
33475
40603
40608
32503
39694
11985
33171
34079
39175
10167
24797
17695
37908
40667
9597
11893
18540
7742
12720
22744
7693
12186
41113
11850
18564
36936
41254
7701
7885
18743
19055
33944
11036
34411
10995
29508
29913
10699
23516
24733
40233
7700
26857
26868
11406
11494
12878
33889
23090
28786
32322
12934
22476
10416
19587
26933
10421
30174
34476
35728
8372
17134
35292
21135
25929
7712
11147
24840
18766
26079
26115
38134
11764
25006
38958
11988
25976
37649
41561
7758
25142
31940
9364
13492
18933
26162
29664
40719
17841
29421
29676
8499
11725
18343
18345
24811
10306
21373
37356
38784
7722
17505
29793
7721
22362
29880
21537
40235
36778
7735
13631
28791
28880
10524
19850
39749
22315
28827
32895
7750
14380
24870
24904
8201
37235
22351
26380
15491
21625
28318
11687
13910
19145
26430
20896
25594
33074
40827
11783
25485
26531
37378
7734
19421
22354
14946
26368
34712
34931
35806
9851
9882
10549
12584
12608
20788
32796
21478
25738
30857
16697
33057
40329
24937
10124
37397
39773
13393
18389
18529
17997
24040
25671
27412
17166
22472
25805
26462
7756
34627
11437
18644
32278
11185
15152
18625
40712
30510
33558
33693
39158
21967
22916
25056
14295
19421
19436
9587
17694
24447
10785
31404
32132
11687
27180
31884
34429
19394
41398
13249
13609
31451
21967
35441
24840
27134
7763
26662
33817
17498
22955
32289
37737
21594
37176
40303
18306
23737
24312
29433
29638
11066
16815
17498
14250
22126
31206
35667
33317
37455
12078
18082
21259
25881
32062
40866
22456
38797
39080
11134
16938
13663
32290
36401
9206
22411
24407
29706
18582
23307
25865
11062
17156
23169
35948
12740
15311
31659
32949
13791
28610
28477
33667
36564
36568
7782
40681
41108
16789
19399
28202
8046
8261
19081
19974
28199
32926
18666
18814
40684
9258
11974
13122
30166
17111
35163
37574
38176
19316
25847
37875
21612
33745
21248
22195
9551
32618
19933
21088
40876
41053
16015
23342
25937
37465
11593
22800
40735
11285
26043
40932
11504
41134
28065
36711
41485
10044
10046
10056
13506
15129
20840
37221
11060
21133
26921
33889
8247
41198
12837
18525
37542
39789
7811
22757
9261
25414
28798
7827
20250
22032
32519
22772
27030
32235
7806
9320
22191
13248
26649
7809
22762
29008
7828
7844
12626
33913
15221
23574
27031
39113
33913
41192
8378
23600
28967
37236
13831
32490
36259
8314
10613
9569
21883
29995
31188
8013
24942
34462
7821
19102
34462
37381
7821
8013
39225
10569
16302
17939
21404
9985
32865
10547
13116
19685
25344
34281
9907
19455
22145
11103
17074
34442
36869
14984
21787
36438
8040
16949
26710
34365
20255
10125
24906
30044
11651
24966
17206
22560
15088
19925
30309
11168
22122
22223
22228
8134
14153
39864
24625
27356
27519
36825
25801
33152
30980
31147
36094
20704
21671
9515
10814
38800
17850
37020
9194
18467
30158
32139
14572
18721
30235
22167
28121
31310
11408
11413
22511
23031
10525
11463
22421
32669
30018
7862
22848
32281
11024
23098
23779
40560
41567
9787
24901
18052
28487
32881
18540
41056
9718
10321
10403
21854
21075
30468
30470
11009
24246
34046
11009
11603
35553
37381
8103
22345
31390
38914
26348
29998
30287
41278
7871
11976
33059
38904
15155
25331
27613
33973
23584
25389
33210
40946
7961
10879
13736
15021
22391
41392
8030
33923
41106
41220
35699
37686
39869
7909
7929
7934
10886
18898
10203
17337
17755
39001
25963
33523
14852
27067
39339
22513
32494
14697
26877
26943
11691
34301
38376
14808
22343
22746
27406
19060
24724
32647
19424
25122
25297
41442
41582
18946
24870
26765
11607
15418
10363
26374
34093
17670
26192
33902
34380
8270
30143
33983
40015
12124
22571
30037
10053
10305
34298
34302
11607
18936
33523
15043
22609
23948
19145
21203
36110
30188
32747
10518
24786
26766
37692
10409
13169
24905
41174
7900
26973
26974
11277
33488
37595
7900
23362
30278
18955
41269
11407
22740
33581
30048
33371
17366
19770
22214
41427
8307
10189
32280
24813
26093
30308
13868
17259
30393
32024
22161
31931
35760
37026
28128
31597
34191
38189
15385
21417
32801
33979
7910
25550
38234
8791
10135
7924
20439
9351
9359
34851
13433
21488
25098
30252
20466
37121
37426
9329
20888
29617
9985
10834
37426
17952
24223
25419
39652
15888
23874
10140
37307
8153
27016
39848
19587
26947
32213
17142
29571
32995
15548
37552
11685
33983
7929
10191
32703
41569
13886
24077
33893
40996
18995
19970
31861
11895
13882
37938
41064
40248
22081
22180
11149
21507
22472
39923
17680
23321
29691
37659
24315
24506
32104
33667
7957
28959
23185
25865
39877
9066
11412
11415
10141
26221
40663
21254
30158
34958
13690
25009
20901
38178
40208
23595
40681
40684
41047
40981
41537
7951
10186
22690
38649
10047
26738
39595
26644
35245
15165
7951
30216
38649
39029
9128
39061
8326
19138
25142
27267
15473
32862
19017
24847
34002
41373
34247
34352
26331
30033
41316
11150
22182
22354
34194
12139
21183
39601
28995
30941
15846
19564
21950
30520
7963
24341
27938
34949
29295
37053
17191
9222
13630
30793
10732
11537
31797
7974
14813
22208
25514
29149
37879
8041
9225
20085
17961
18263
21457
37226
18846
27436
39503
40966
24783
32854
36852
8580
13119
13346
14388
8006
18765
23948
12329
31046
38100
37096
40208
7990
10528
31602
12233
26755
32833
8008
18324
29194
26960
27338
36132
36570
17392
22685
14473
16446
19676
40156
8004
33485
8001
34544
38657
38733
10735
35429
8709
27299
27310
39171
15307
30068
39144
40357
14281
19757
30110
39876
8310
16655
38734
10028
17493
37631
19757
22007
33035
39876
14782
24678
25149
22360
29820
31512
11566
17797
31613
39601
9799
18231
39426
24507
32016
33695
33701
22887
22912
30907
39016
9165
11323
25666
8205
18060
39884
16211
25908
30813
30844
9300
22335
41309
20915
22788
30249
24628
25986
28302
23299
27345
38726
10593
16144
40917
17653
8055
40844
28299
35057
38463
8017
27840
28145
18562
25890
30176
33364
12664
19046
25035
13450
33840
10917
23705
10962
18606
25921
37136
26233
11023
15423
25208
11092
18814
18964
22703
11417
11949
26773
40202
25962
32392
33244
40550
10021
24803
37173
10196
17542
18631
8677
25019
25998
37057
37215
19370
24961
26634
10394
25667
29454
32188
18280
21754
21884
40952
17466
17493
22597
10528
13602
30917
34552
8117
13423
29649
38331
25773
27837
34621
8640
10348
23353
41005
23681
28531
40924
26125
39363
39367
33822
38368
17218
31490
38982
8055
11086
23704
32581
11925
11959
24748
24581
28996
31728
35339
24577
30566
8276
34441
9058
12781
13481
26206
33865
37157
39672
8174
8414
9674
24370
8182
22731
36901
40462
22245
22249
24355
41064
8063
26387
29006
10586
22375
22726
34530
17855
27924
17414
18384
36427
40862
8058
13601
29743
40212
8136
31812
31843
15326
23859
8054
9610
24226
16956
27935
37730
24580
41222
16646
37088
28252
35767
35779
9064
13471
25538
26582
21668
32897
18041
18109
20208
8063
11724
23167
34037
8217
41463
8090
8131
21300
22803
29494
37054
15406
38634
39437
27156
29129
35810
35815
8069
8079
8084
25327
10972
14069
32348
15280
20359
23076
36802
10422
23072
37393
22602
22857
29826
31429
24920
25327
37075
8078
12616
8109
8129
29591
39330
14162
24221
19899
37960
8081
8185
25237
10142
14349
8084
17213
26275
14221
29801
33716
12836
15682
34853
11350
24176
28553
9748
13233
17191
30229
8149
21415
36889
37048
22986
26815
31596
8119
8133
17179
39439
8264
11398
18812
25943
19176
23351
33747
41126
15451
22678
22748
26039
28815
33662
33967
13840
36448
41084
11903
19536
22156
13824
27368
28541
14625
15579
15583
18258
18655
23727
22654
28541
28564
28815
16140
37047
9394
12891
20548
30137
13116
24704
37381
18786
37554
11365
21516
19818
37359
41163
11370
29349
11365
12780
20357
11977
13491
33767
38161
14931
30229
37554
19728
37962
41192
17449
17513
19594
36583
36586
37977
26553
31380
34509
39192
8748
26276
33972
34486
8124
11934
37669
40930
14249
25662
30091
40891
28437
41000
18217
39542
40803
18216
26138
36517
11638
11473
16216
17590
33330
39743
11193
32682
9790
18777
37466
13603
28833
11193
20938
24274
29649
8133
31762
22761
21447
29286
28504
28508
14791
15665
22962
37338
39333
22255
22715
33364
40804
8193
15414
16537
9370
13090
29301
37376
37778
37804
23051
23188
31811
8181
18061
34852
10230
16813
22503
8146
8160
20840
37221
27657
39101
12204
14726
17942
21116
36184
10588
40269
37125
9495
14344
14976
12602
13411
23938
11818
24270
25043
21111
30960
31684
31931
40149
31019
33762
41233
22190
25222
16224
19190
19208
25378
11285
23333
23449
25924
12662
14976
29775
15166
8163
8179
35546
8791
11734
17371
33918
14236
21888
25656
33224
37673
9573
26300
26595
37785
40993
23081
24807
32290
11220
15279
17455
20016
29398
30977
39976
10032
10784
34645
35837
20956
21541
40581
17907
24834
33751
33821
25937
36785
37414
29396
14570
30721
30752
8238
11453
32274
32523
21069
33650
41143
8184
8199
8322
15630
8200
29159
35765
32270
24852
37200
22644
36904
39792
11219
34257
24818
27001
28170
16673
37459
25339
26437
33969
34044
10224
21507
21613
17618
18967
41108
9607
11501
9521
25756
25834
28417
11000
22336
10256
22479
22484
12485
29937
15907
23966
24856
37208
12611
27856
30440
23651
34855
33821
36622
12606
20720
24754
25957
26989
28759
8203
25476
19860
24834
18424
25681
37181
37195
34088
34130
40376
8216
8239
18292
31359
40474
10571
11160
36852
36949
25313
28889
28891
33197
14239
17941
10545
12102
25668
32836
29794
29972
30277
37587
19123
21354
29507
34892
18502
19143
22682
37516
16617
29353
27423
30751
19039
19065
20700
22268
8229
23824
25971
38373
13271
14901
24853
15615
30087
17843
32066
34597
18424
25557
32377
21366
25280
32461
32808
13117
32846
32878
8296
9642
40348
23304
16663
20686
40489
10836
28187
37116
41563
8239
33910
20773
24216
29410
10458
11787
24591
35695
26699
26896
28611
21296
21696
34193
17106
22571
30036
17592
23957
26049
25911
37764
12269
15841
19721
8242
10596
11815
15321
26683
15632
24837
19039
25971
23365
26413
34115
10512
18283
18337
25304
12834
18442
36191
25411
28250
36007
22762
26288
32270
11753
26421
26632
10383
10400
12155
25774
27853
34929
38632
17017
28202
31501
38276
16515
20790
38377
18829
23837
26359
37260
10655
22749
11863
39752
19611
40169
22551
26104
39849
10332
15607
33685
33750
17555
32330
18868
19012
19073
8267
22267
34070
19972
29527
30585
34069
33854
34977
38847
33760
41034
12155
30634
34349
36706
18135
20845
25476
35753
26387
29791
10381
10396
37692
8316
12779
40939
19059
30147
10379
10595
8305
28402
28590
32484
10466
13844
26701
29634
19331
30552
11303
13163
22695
24586
19494
15963
28454
28461
38368
40119
23708
25913
37202
41541
41356
12089
18764
23459
34124
21265
32765
10466
10738
22750
34261
30451
30683
30684
38949
13844
40967
32395
40192
8317
19321
24828
20369
24654
28712
8806
20988
30451
38442
14906
37038
41163
8294
22563
23600
40698
26340
30376
11219
26677
41064
12362
31520
13519
14694
23102
33019
20825
24681
33992
37751
37936
20038
24795
39713
8995
24787
11583
35465
35466
10061
24206
37718
12460
25856
37126
18499
19988
20721
41228
8316
19258
26512
37720
21386
8389
17066
35566
40955
14315
40698
12680
24072
27100
29131
35211
21518
34894
39708
19795
23210
12466
33186
33261
33339
30503
31520
12531
19808
39932
8317
38486
41440
8510
39152
15166
22450
26605
12795
13675
27458
15236
22406
40399
18958
23045
28751
8387
11053
25537
20085
20739
34085
40340
14316
32343
32823
36675
8363
13909
8330
14409
36443
25417
27930
40833
13907
39732
16086
25126
14479
16498
23361
38104
16435
31190
31193
30962
34884
36244
8384
35380
8826
8339
22008
32802
24069
36036
8488
24128
24134
34379
15611
40486
8347
16908
19951
20330
30226
11070
28697
28700
38116
8983
10905
30317
36888
16687
34915
38943
38946
18416
18554
15132
26382
35145
37201
16086
27639
20040
24836
39713
18092
18939
26242
9404
33558
25876
25715
25720
20423
25470
33044
33089
14013
20402
27250
29120
36625
37225
8726
12850
32319
34120
17994
38120
13207
15774
29916
25169
35602
37905
41403
9431
29287
15390
17283
37933
12270
19424
32645
21190
36562
8367
8398
26318
33850
30796
34501
21700
25975
32711
36451
8368
9904
12216
8398
13921
34493
16479
19959
23915
14290
15731
34694
20276
36167
9102
16284
17407
14167
37592
10609
18745
20927
32313
32644
8379
8381
34218
38592
18072
21628
25617
38764
26599
29895
8451
26645
10210
11259
11279
11287
15714
21982
8943
10782
10822
18446
8385
8392
28718
9393
15560
16848
17314
38007
18234
27022
9825
12795
37847
21386
28599
29413
8591
25114
27549
38650
8397
38007
8575
38007
8634
16232
21289
23262
8403
13634
25750
35367
9263
25630
35127
15929
40074
25041
26659
13129
20144
40614
8410
9644
32760
32765
27076
9004
18371
27065
18425
30215
13981
14398
19272
17404
24691
37319
14791
28032
39429
39455
8412
23983
25438
38654
13545
20803
36814
32286
33148
36405
20822
21164
32089
22972
22973
19132
26550
38452
23001
37601
10716
16972
15467
24764
39813
28004
36401
36408
40597
8505
9438
16802
23699
30317
17077
21472
14775
35244
38653
9335
11349
23056
34167
23088
41100
14445
16490
20190
20383
34792
35629
10236
10329
39357
13489
20095
29080
41203
15744
31297
38083
8453
16046
36934
41173
19186
19340
26497
33387
8432
8608
27652
38240
22948
8770
18612
30892
31078
8439
8608
8770
38186
26900
40137
8593
12568
13754
13099
16706
19937
20678
9115
13076
14049
38378
8716
16177
16101
17042
27711
30399
10189
18575
23386
32280
19954
26777
32166
35459
8564
8571
21630
39757
13938
15683
20176
11071
17048
36411
9122
30754
37937
14146
36208
14359
24899
34302
36433
8452
18390
8452
9115
30583
38563
38592
12925
13054
15620
20498
9412
30373
37722
39715
13041
27317
13195
32046
32054
10574
17995
21307
10013
21772
31298
38495
18050
24099
27458
36783
17516
30552
29526
29530
13150
17484
18258
25611
32940
10093
24378
24790
11787
21371
32391
19741
22565
37454
13104
20668
28732
34624
10027
10035
37756
13316
16528
25693
25697
8912
14817
8912
31265
32385
23830
35109
9530
12004
19638
38695
16816
37291
39845
29341
35421
15895
31675
32774
12809
12898
17400
21308
11651
15038
17604
30754
36378
15544
15957
27569
12881
20185
33081
30059
32324
41062
41141
16511
23232
11693
22264
41062
19960
25422
32665
8734
8737
22725
36510
15441
17411
37575
11693
11725
30059
11636
22022
12522
16434
16710
23051
25164
9303
25907
30259
34818
38512
13857
28248
36804
14074
19796
27185
35257
18106
23717
38796
10946
18713
31647
31648
23079
30072
32409
8514
8649
8656
16092
25055
27468
33933
10192
11867
37437
15463
29063
22882
28743
33310
38014
8706
8760
32561
16458
28158
32767
34943
8520
18880
22368
12070
27565
33723
13511
19994
30791
37749
14806
25102
32809
10892
40310
22515
36164
38003
8832
13629
28688
36360
11078
16547
22980
34848
11175
22000
22348
21001
38910
8559
19133
26194
10359
16654
20217
20306
9263
16381
27601
37906
15742
20007
37473
13045
32781
32783
26706
33285
39146
14619
30076
30274
33396
14872
25264
26573
37696
12845
38963
20096
33577
33610
37758
9298
9791
14347
26327
28098
15293
22847
27443
41013
20379
28865
28885
36607
19440
20646
29811
32743
17594
34559
33974
34434
23940
26163
27384
40345
11822
29182
35601
41157
13147
13149
13166
15368
33326
38260
12414
20973
34653
35679
8571
34212
36280
41092
41099
41197
15014
16069
21080
14408
16195
38423
11645
30811
19348
27878
8567
16065
40769
13504
40360
17535
30612
35023
12747
24839
31574
8657
10013
29326
11955
22347
25464
33818
26547
29347
38583
39760
33299
33388
36231
12894
34756
38442
38522
25005
39129
41240
22799
28393
12464
28317
30374
34719
13420
16749
18307
9276
13103
27376
8659
38756
27283
29264
12974
28994
32847
15004
21180
21707
28689
40841
10291
27847
28729
35264
28729
33243
16452
19924
35724
8590
21007
38910
38999
23742
29137
35755
23764
32282
17027
30399
30402
38220
8702
16492
30834
31073
23243
26022
12988
14728
19794
35186
8586
19604
26527
38666
12515
38155
13103
27817
27823
34827
8801
14067
19216
32687
27647
28738
33229
9212
9379
20034
33940
20036
20037
34806
22368
27166
27173
29256
32991
8598
14514
39388
15743
30514
13939
36685
19446
26846
27073
24579
26168
40015
40037
8843
10432
28738
33219
33232
8600
8951
21289
36449
17822
25127
30925
9532
19883
23175
28961
14409
14461
23262
15046
16232
29121
28364
30198
35867
8613
20318
8614
9411
34219
40638
21650
40889
14429
25341
27649
15694
21597
37735
39727
10417
14786
10045
24233
12958
18213
18219
24242
30143
18212
18788
11466
27080
32034
37410
9974
18850
25272
30737
31448
20798
26850
38813
39648
8651
10786
25775
27449
14335
29089
32668
8638
10801
28635
17098
23272
25792
15686
18204
29405
17406
39065
39070
14438
8661
8789
8803
29786
21940
35058
38300
23539
30993
22198
36470
15015
18185
35193
14888
16352
27378
20265
23637
31099
15747
26466
35178
11611
18663
26907
30855
14992
25351
40301
41401
17010
26543
36479
11500
18387
26951
35154
40231
41220
9071
12170
23562
16067
40018
15145
15394
20305
27721
27965
39835
8649
8656
21674
30714
21607
23478
36483
39020
38613
38639
19404
25075
25371
13025
33726
37038
37565
20965
36515
15798
20445
8659
26547
41465
29187
30840
38911
13025
21674
36475
20109
29115
15506
16542
38217
15021
21630
15506
16542
23503
25004
40624
23834
33746
8675
15627
21643
21742
8667
16174
16230
23634
14763
39961
23643
32636
40521
8775
31598
32576
40406
27568
29368
38136
16277
20362
41200
8706
8760
8777
8865
30897
36488
39264
23661
27866
34813
8682
17016
35705
41035
26504
19899
32861
26021
30338
11735
15260
22206
32740
8687
8694
14328
36469
8890
23484
31081
31654
13045
14066
21680
32781
8693
12341
31672
13037
16203
21642
13491
25137
14821
32249
14169
18123
30403
14465
16440
20207
15102
17882
40154
15394
30715
38200
38201
23384
36569
40268
40423
8863
16293
21710
16877
35208
38720
29399
35712
39135
19962
22290
32667
8726
25612
34075
41434
8699
8726
19427
24741
28730
33243
15146
21711
32813
18453
33915
41434
8701
16774
21670
8705
13320
14374
11080
25829
30261
17884
40193
14401
16774
38499
20991
18005
23274
28736
39630
9609
19658
30962
19905
39669
20202
32582
35709
28735
30825
40034
10705
11799
37797
14330
23896
27533
16443
35218
36123
14546
17688
38019
38184
40889
13189
15744
38919
12355
12816
23578
16404
27580
19689
21632
22010
23853
12285
14326
14969
23896
15103
25158
13544
15830
20228
35942
11196
14299
17972
20748
13811
19630
31004
35424
8974
8884
14530
29317
32385
8741
40272
16088
16124
37693
38295
13179
22101
22115
18184
21724
21692
27663
14530
16501
23752
27882
12819
19762
21501
37952
22712
12877
15990
30826
13985
23315
25466
15297
23284
31229
12042
19152
26750
12563
28436
34728
38439
21718
30829
35170
8943
8949
14561
31704
26268
26553
31381
34486
14935
21666
39587
16155
16186
28942
38504
17364
31381
31593
8757
13701
35955
8926
14487
38589
21292
38409
40151
15123
29368
35119
40062
14661
16114
38504
15772
17635
27694
14385
31658
38433
13287
13394
28694
14117
34046
41399
23322
25874
21466
32426
32747
14377
9164
12971
20462
27334
25731
28736
31163
28584
30439
30671
38614
28414
31547
40321
41456
23527
38311
41526
9408
16032
17981
30878
8779
24605
39581
8865
23539
29387
25170
33908
35122
39003
16199
21654
23141
29334
32125
20249
39187
21664
34072
23388
30652
39211
16091
9179
23384
40398
10804
16124
20877
38296
11593
24934
39463
8937
8997
9088
39554
9138
15979
16091
23566
23847
16267
16419
16774
16781
29045
32035
16858
20139
27750
36206
13272
27355
28732
35595
28414
31507
40741
15120
24989
15135
29164
36529
15882
31131
37368
26414
13156
15747
28229
29205
33914
35739
18218
33211
36760
13069
15683
21702
36737
39344
23372
34243
10291
25225
32799
27767
28468
32996
8807
8808
31390
37381
13629
28951
13153
9093
15136
40653
14175
15299
15999
14500
16043
27275
32937
29594
34462
34486
11009
13361
14117
13158
14434
14458
35177
14147
16385
20193
38300
16034
16166
14759
21793
38474
8817
35916
8817
8819
11708
27648
23789
28764
14609
21551
23134
27650
13111
16347
36523
31628
8822
32728
34269
34285
16082
16231
10619
20875
27930
21733
22954
24702
13858
16261
36572
8826
27045
28978
22271
21716
31059
14284
31035
32501
12676
16757
35506
37985
18291
26227
27941
40545
20964
35582
20247
31373
35313
38462
10025
15286
36293
36526
20559
20574
31181
34788
15643
21343
23461
39823
18444
29594
41483
8852
15965
23750
8861
8862
26244
9207
19097
23121
20895
31926
38170
14309
20429
29292
40128
10353
8850
11785
15362
14250
22432
21991
23228
25195
38549
29724
39564
16023
16327
32255
32282
40785
20305
27968
12655
16903
31324
10375
24501
27263
8858
20404
20675
32367
16121
16421
23420
30801
16778
22883
26324
12791
12925
13054
13246
14891
20409
32371
22038
16248
29727
39370
41370
23136
26226
28157
8895
33446
19217
29060
16730
32180
32210
15662
25312
13284
27709
27714
32159
29404
29411
31673
33354
32178
32183
34690
38825
9558
19035
35686
38647
14888
15717
16137
9141
27738
29642
32531
37435
39347
15640
15641
14479
23736
38306
12769
15847
17504
20302
29451
33001
41090
16102
29642
38763
24012
29737
9191
17464
27424
37967
11421
26151
29905
18059
22791
25531
39985
17467
24184
31439
14478
29407
31062
38502
32931
19448
20773
24558
31673
8966
12066
30788
39139
13474
20400
35668
38169
14456
25243
25248
29383
24100
29645
35627
14449
25243
12355
12544
13074
30591
34734
35377
9485
13140
28111
28939
24012
24106
29644
29750
22988
17930
28918
30923
8921
32222
36557
39164
39320
9395
19752
20033
12066
20768
25960
20214
29204
32401
16201
16260
25346
31549
38901
38917
23245
23428
30670
37557
41334
34766
35059
9220
15777
35064
35422
19084
21733
8945
15040
37318
13610
17737
23629
32014
8918
25416
20291
16267
21670
29975
15943
17054
41019
15996
16234
29305
9988
16788
19960
16061
40986
20240
40784
9042
22939
22976
34618
20308
20311
38643
16565
31418
30569
38266
20181
33424
19132
23983
41420
9398
16113
16474
20319
23414
21151
21334
23363
19001
26000
35088
39142
17453
8942
12116
23879
30802
37630
20524
34213
38761
17627
20340
37878
29529
32201
39680
9387
22139
24259
9972
23944
38791
10328
37796
9072
12774
37596
18095
36885
40143
8948
8949
10817
10780
10822
27960
24048
34415
16319
15022
39325
39924
41420
33664
38355
34591
38590
13279
30062
27945
11833
15799
34023
25125
29792
36499
23228
27674
32232
15303
8961
28760
30416
34084
14340
18418
21710
19962
32665
32668
36469
27945
37453
31340
32245
40595
13396
19676
34542
14421
16415
21326
40009
26111
34023
34878
28876
32509
32744
33258
35055
38009
25290
32810
40178
20768
37734
8989
11996
25175
11688
12054
27331
38153
17338
21282
24143
17037
19629
38816
16076
38436
14828
16261
30334
40614
35000
11996
34075
13826
30562
35299
37251
35694
35966
9125
12903
13541
35071
13826
20151
40405
23421
30829
32607
35373
13520
20328
38742
8982
16334
18483
23884
16799
35995
41022
13620
21365
30557
32236
16767
37635
27798
12741
22855
30414
34969
20428
23368
37373
13427
15799
34075
13083
15818
22953
14707
27314
30668
9412
24361
26295
8995
11920
15842
40324
30749
36742
39128
41329
23179
27560
37770
39561
9923
21978
24735
32181
38735
39331
31202
37536
40404
18483
19997
27553
39212
9923
12920
12480
16499
35859
13776
22137
37349
10278
40226
30263
31688
10808
10838
18088
18753
32239
38349
20288
30890
12256
23171
32354
9959
19198
39151
40473
19959
23809
29534
35043
10599
14184
24493
35542
9956
12256
16784
24017
25013
28349
39090
10866
17943
32816
13283
17395
33650
39836
13135
24177
28195
24989
29164
16772
23553
31998
35304
16402
20372
21784
18828
32856
32898
35743
20226
20370
35426
27271
29916
29919
39974
10351
34346
37909
38328
11927
33201
38740
23104
24180
33285
10005
17734
38327
20036
20037
34727
34934
19919
27336
12781
14584
41267
24896
34990
35922
14026
14696
27754
9112
19863
30861
22019
34232
41581
16081
12731
13322
33210
40946
9973
9994
16705
35850
13280
31009
23128
23589
20026
21436
9056
16213
30981
35449
17296
20277
21274
36998
10187
19360
25111
36824
20104
28331
33093
12579
34691
32214
36432
40110
13475
35394
18972
33961
12313
17985
20007
37028
31345
13121
13126
20022
33476
27007
34881
11918
34086
34087
22379
30900
36992
16673
19098
37462
16747
32212
12459
16730
27168
38826
25150
28915
40362
9067
25600
32242
33151
16747
39002
12060
17100
23932
30741
20288
39213
20404
20675
20676
22001
13252
12751
22219
14155
12253
32678
39936
41442
9081
9961
35645
12419
35253
35269
35270
9477
35632
35633
11181
17084
20588
13441
16571
38672
9094
21912
32678
9155
9959
13182
34713
16052
18498
34944
36793
9543
17918
39284
13404
18945
28900
21898
30793
35392
9133
16400
38384
15135
16400
23329
29161
16654
23633
32856
40074
14396
31044
13996
11626
9100
25423
34171
34173
23575
29569
34722
36457
27456
32105
12540
21772
31296
16019
31253
35402
35403
10474
19638
32701
11514
17807
34150
20198
29195
32546
20947
28466
35856
20872
15713
20141
32374
15203
20090
20440
27248
28366
31296
34890
14038
31169
31244
12367
16965
9120
16852
34437
37255
37586
15654
30761
20463
27359
31322
14731
14735
23611
31077
12925
17011
24640
38715
14850
17011
26591
16591
17128
19942
30501
9128
11657
34095
17599
17602
41399
28075
36163
39845
26693
35102
13206
34737
19896
40404
20366
36380
39043
13196
13487
30587
31329
23845
31137
35009
37211
9134
9146
10250
29823
12988
14381
31076
10713
28354
12852
40367
40641
10328
35521
11707
39728
18398
31102
32196
33909
9141
14118
27439
34863
15892
38443
10455
33058
40379
21291
27068
30478
12726
13248
23874
30172
15764
37340
39098
39100
19883
23175
23564
12350
16481
22131
23324
11707
26350
14055
30540
12806
13101
30771
40020
9155
12068
27238
35282
12889
16721
38962
12145
31603
31606
9426
9636
12116
35651
11825
40362
17038
30419
9159
9176
41403
24766
24769
31409
18111
10993
34776
34790
16535
19803
28328
9218
9224
12685
10713
14868
41553
13091
32613
25899
39545
19475
28849
23255
34734
35928
36561
20003
32040
9170
11247
24604
33526
9267
11601
12947
19051
19913
31767
29061
30548
9223
12601
27613
29510
29302
29304
32831
28468
32043
29558
36254
17336
17346
28342
15796
35208
27639
9182
17438
28352
31867
9204
13677
16997
20578
39372
39375
11510
17815
26987
27521
35497
12511
15701
27329
33286
15410
18437
19374
27537
16027
35098
16997
33406
39372
13349
26448
16783
30609
35195
28902
41016
18437
36697
18688
40940
41432
35176
37401
37536
32700
38465
22159
27890
32054
12860
15519
28947
30620
24711
35293
18435
22252
14422
22413
22799
40586
15530
29125
32490
17438
35824
14562
20913
30760
35832
15248
20906
25781
20215
9209
16666
36710
9235
24320
10454
16169
28129
33866
17209
33666
38834
21604
35168
16557
19844
19943
37931
18881
28131
29746
35528
15494
34880
37936
40964
20353
30588
31713
18697
31525
14971
18701
20733
14646
22487
38810
12903
31200
34746
18155
20297
18459
24486
30274
9240
9278
18978
9225
24148
13481
14971
31448
38413
22938
23033
23682
15064
18974
21368
20739
26417
30700
34085
19052
19950
34841
41284
20219
32959
14717
27196
39080
22304
29917
35494
11321
20570
28441
30177
11582
30019
32157
27202
28236
18518
18557
37547
38863
9286
15858
26392
16559
28139
9267
24614
33386
26806
26828
41351
31531
31542
9260
17256
20712
39155
13110
19918
34641
9248
23086
34968
18840
30510
30573
29996
38061
26150
31769
38981
9450
31604
11233
18741
37515
38143
15024
19396
26713
32277
9616
18747
9260
19387
30387
36715
19565
22156
24002
18407
20769
29213
40618
19387
20712
30712
9813
26219
26753
28909
30183
14647
15724
32435
41464
20651
36718
21135
24601
31776
19020
36080
23259
23514
23834
33741
34577
25704
31424
31753
32654
12894
20374
20503
9278
10666
18688
35482
41449
9610
32998
39365
16872
35897
36853
39968
9274
17640
25483
39900
9860
10284
25033
9665
16850
39968
9858
9528
21838
30184
34506
27822
27823
34845
13359
18713
28744
28525
13744
18821
22830
35877
12518
14571
16904
30199
20809
24033
26720
9806
27899
31176
36571
12282
30817
11732
41462
41531
11732
37529
19262
30700
39210
24625
26775
36055
12282
15134
18149
19206
24572
30236
9543
17891
24278
40234
13096
15011
18114
29177
35450
39805
10587
16663
33042
13314
36689
40386
40500
11723
23592
35431
15858
15863
40600
17252
18805
25073
14082
28902
40940
19372
26642
41532
35516
12875
26643
34224
34225
11321
10018
14339
10982
13757
24166
40815
9314
34179
15925
18513
30270
40901
14287
17476
11365
12780
33928
12825
13636
13959
17289
17325
20002
19124
20079
28168
13127
26579
38693
12693
14845
29080
23477
26062
10731
24339
31760
36727
14912
27021
31382
19988
33137
33981
20987
26207
15325
25482
35831
13248
15221
40335
13674
13687
31060
38455
9360
9407
11975
15317
24043
24045
11026
11091
10892
25367
40316
29763
31811
39025
9341
17364
20656
26394
23207
32296
10156
22545
25309
9331
23898
39657
10636
17401
18449
21416
29423
14040
27298
30654
17928
21853
21857
27363
12126
19984
23924
31760
17708
18547
20970
27442
33844
34614
16223
27857
34795
12768
39038
9351
24937
36445
13564
29009
29245
9605
10492
14603
9349
23093
14260
14973
19043
37836
15771
19756
19758
17768
28717
35150
20230
28114
31999
33725
13580
28794
15739
24662
38197
38222
9407
21451
37752
10924
22243
18432
19827
30217
23820
39004
27650
34575
21301
31506
36036
9407
9720
25197
32360
38244
10365
33921
41045
21457
21458
32810
22884
33111
35466
9883
20995
11600
17363
22809
33381
16017
16908
13587
23170
26030
11337
11551
20595
15045
33458
24595
31849
29252
31907
35882
15952
21560
36357
18836
37191
41069
13452
19944
23021
13672
25745
33408
11909
16459
33675
13452
37958
13337
13472
31622
26450
33701
41070
18803
22594
37152
9385
17751
38047
11774
16807
37548
11240
26363
34491
38189
15790
17762
22514
24505
27418
10002
32456
14136
22989
33162
12348
27467
31185
18495
33348
15800
17684
34279
20855
28824
28964
35273
23996
30150
34175
39756
9399
11752
24094
27386
20316
32260
14489
16487
38689
11698
12755
31635
12209
30235
40892
10430
32580
24409
25615
25648
33098
13056
30510
33479
13742
31986
18092
21623
34138
14035
20486
34750
31937
37908
13639
18243
24555
20717
28142
30370
11754
18350
27563
29192
37980
15825
21312
24021
16786
28239
27538
32896
15803
29174
32906
38852
18225
34663
37896
13075
15784
20366
35071
9431
12886
14647
17373
31379
34966
39403
30174
31444
35729
9962
34502
35713
12869
27909
32853
9579
12895
21538
34341
12003
25307
25421
34282
19005
19016
29467
22107
18703
28906
35937
36741
9447
19252
25629
26537
34181
9445
18172
18220
22536
37616
41250
9476
9788
29648
12189
17328
36126
11991
26734
28011
14377
20607
30774
32632
12058
30104
38883
12875
26576
38095
10453
14129
31606
28133
38152
13180
13193
28365
22974
30565
20151
23866
29601
12895
31095
26464
26714
9470
19143
25320
13493
26385
24997
28522
11874
13720
24798
38299
14981
17922
23968
11401
10816
40462
40503
10899
18237
17642
31146
35454
10903
21495
40802
15801
16727
31584
35689
13247
18026
32870
9470
12060
30732
40352
9470
25332
29458
29503
15051
22728
39683
9761
28358
18628
22812
24388
30640
10781
21828
34836
37813
28678
30481
34292
12631
20454
25990
19332
11623
15408
9486
30640
40214
40839
18192
26470
34830
9543
40234
9486
14607
18782
28659
31918
34770
35634
23731
34542
11512
14298
34120
11958
19234
27876
31879
11926
17440
30550
30721
18195
29043
37935
29607
34573
40100
11833
33985
34075
23570
28916
33145
12662
38974
28007
35513
11932
41571
17611
41585
15215
25993
40892
41365
10112
26127
27686
10864
15387
37731
37735
34008
37699
37701
20931
26814
37779
9512
33707
9532
17312
19084
39639
11965
25102
35738
10737
18893
34391
16842
20365
24026
29163
24095
24572
29005
31103
9510
34160
34164
41577
12717
39113
18333
20513
32984
13907
16751
22709
36871
21540
24390
13239
16184
23943
9565
11842
24118
14790
17611
34161
36111
38013
40108
22302
39055
40295
32452
35638
37746
10853
30486
34153
13279
34440
33199
11640
11848
22275
28628
15062
26098
13906
9548
36218
38370
12425
13442
31546
31632
35104
40651
18598
23316
37465
29524
35267
35269
13391
15215
20027
40816
12162
30233
40812
11745
18844
37798
17119
24230
28001
17124
20588
25770
28588
32595
35823
9534
10474
26591
26523
28961
11836
20711
24158
37282
13942
25484
38705
21880
34631
9632
19103
30297
34460
28109
34491
39526
9705
32518
32519
32549
9823
14987
39450
33467
40817
12477
10299
17019
24301
10067
16631
29522
35276
35556
39573
22248
25090
27223
14683
41535
12045
25161
41450
26496
30219
30230
10848
18753
26484
32565
37830
19201
19321
34271
39095
20394
27398
25317
28112
29752
34141
13732
16982
22036
9563
25646
38026
12341
12422
32582
35122
19001
34341
35092
19517
36202
37568
20270
24188
40028
32477
10672
10676
35820
36177
40101
19345
36824
40107
9569
24478
29241
10880
11119
34924
18468
20577
30932
37467
18681
41007
17178
17202
11187
18607
19814
19821
26864
27085
35613
12123
18027
26181
34066
21146
34373
25414
28798
9724
14672
24073
26505
9962
29861
10173
21403
10229
21270
37725
32943
38326
32509
40143
9583
25709
30495
33527
32356
38244
41303
13805
9691
17347
29414
9595
25690
33818
34181
10429
36202
37040
28305
34735
35797
14901
17466
22597
35747
14862
22283
22336
24774
10893
18295
23870
24444
28434
39238
9594
23480
25781
27969
39230
39374
16998
36696
10132
18299
18671
10065
28789
29521
20722
33840
27615
34797
37672
14222
22924
33296
15075
25184
26626
37417
23458
25871
40821
14227
25143
11641
17397
17587
22366
20555
26096
31982
15718
28794
37033
11286
24392
28051
32573
36113
9967
17656
39517
19689
31055
34884
16996
25480
32889
36632
40384
40387
28429
35875
36741
39520
22767
27567
28494
35994
18474
25706
29917
9620
11240
9620
28069
9620
28069
34137
35315
28043
34836
37460
37467
11158
22475
22480
18790
9711
21972
37444
40444
14936
26140
30273
16846
19648
21214
9628
31930
20943
36509
36511
24766
30500
33554
18976
19000
24719
9657
12043
13839
19182
26433
10715
10743
12188
26620
27545
31699
39530
24708
39223
41480
11072
22130
26363
13239
38791
38815
38861
19407
19534
26385
12119
27262
31177
31796
14747
17347
32509
14747
22210
28862
38500
11447
34985
9644
20822
40834
13838
21184
24465
17936
22592
29424
9703
25028
30198
35927
17146
21013
21898
35408
22556
22628
35834
14991
23800
29461
35409
33193
25597
25614
26467
32859
17020
18334
29276
39979
11006
18972
21083
29272
36031
9657
10715
16950
21039
25196
10746
12277
22316
37233
9939
22568
41575
24603
36724
17340
17492
21467
26870
26981
26058
19607
28087
16488
16496
24298
9676
12146
33847
39069
24618
25667
25721
34276
20334
28051
36221
29295
31757
22700
24408
24552
37628
18000
22648
34654
20596
21684
39705
41224
11634
24679
9675
28852
30990
30988
15859
33844
40754
28161
35974
36256
13810
24718
25724
32451
9691
30445
38558
29203
29204
31418
31544
41209
24515
28177
31805
35938
15565
26228
29855
36471
17696
39313
9740
21445
36832
10820
36389
37634
18866
33809
28143
10339
32632
35742
35744
10450
39296
36151
36299
14688
29738
10072
10820
20801
21233
25825
9697
23410
24626
10282
23383
29392
21421
22482
33439
38424
24954
22186
39296
31793
32161
22327
27895
34809
39582
20949
18340
20897
22595
31032
31800
32153
9731
24289
36223
41534
9825
14169
15369
25573
11908
15317
31841
9833
9872
15211
32449
30996
33419
21874
40022
40397
9811
10299
24301
9726
13621
14545
38850
25547
25885
30256
29993
31747
33277
35499
39182
18953
23935
33174
40629
11549
28054
34815
11676
18409
33390
40732
9731
15317
13808
19171
32605
26035
40779
13791
26349
40750
36476
16986
36684
16782
35044
19434
24778
26690
33511
25546
41398
11916
27478
18305
28427
10709
22217
19423
30603
32677
10066
15561
17150
18932
10885
15767
36325
24924
24928
32244
20507
25411
25797
9742
10307
24626
11411
23723
33580
10204
10405
31833
14189
15192
21881
17013
20234
10202
24642
34266
37286
32022
32989
40349
12960
18789
12960
22317
29968
11842
11870
17196
20508
10066
15561
18654
28798
31779
13696
13845
36033
39946
28798
31779
11356
17797
17799
34005
12437
35499
36734
19412
19543
27705
24644
25034
30103
35519
17254
17615
28609
41121
17365
21117
33504
19600
25017
25027
27011
27285
39551
41261
24004
27010
29746
35536
17682
28479
23842
24952
35570
9860
24328
37683
21087
28272
37944
21276
21789
25206
9768
13993
20753
38751
19747
22706
37407
9770
17221
27743
12804
28968
35770
13993
17078
30419
9828
39085
16395
35610
24352
31870
17421
23823
31373
38462
9838
9845
15426
22820
17924
22546
19634
22109
22291
29683
17568
20538
33318
23956
30985
38980
18692
33185
29866
30421
16959
24765
40820
11035
18546
40140
9928
29057
36212
17101
17250
37951
11879
27777
28389
25921
37136
21388
28659
24481
33761
17515
22230
23936
27384
16679
22998
28223
31300
17250
24234
29073
37015
29813
30920
10240
25285
29032
13740
32115
40798
17839
19641
26449
21035
28623
29906
10948
21199
25123
31848
37310
9904
12216
27106
18957
32207
9820
25084
9851
27927
12254
15676
10337
10856
14745
34712
29582
33037
40498
10682
22971
36963
37407
24282
31420
32153
9830
19209
34710
10845
19422
24138
10792
12056
18206
37691
20830
26948
31300
12276
23060
28491
10177
19070
29976
32115
13705
17588
25042
13838
17379
36829
12315
20975
26956
27069
23191
16665
18456
35013
20800
26979
31921
39425
18049
22061
20381
20699
36050
39082
20650
20672
29699
32068
27829
31373
10455
17899
20255
17325
20355
32563
25354
28888
37482
14763
18114
22121
31512
31865
10549
17931
22239
17019
10925
24040
27412
32151
10438
19326
41517
25275
25322
37871
25025
25732
25926
35623
28445
35904
11545
13743
33418
34650
31954
21324
27906
32104
36761
10412
19324
34282
11581
9869
9871
26348
30287
15589
34215
24508
36833
16661
18069
38089
10340
31321
9885
14606
22640
39710
19904
34590
40385
40458
22186
40195
10173
22922
30877
21135
25929
39898
40866
17848
40088
17640
37675
39443
32790
37569
38655
10300
27696
18617
27454
28778
12022
28426
31368
18907
26015
33297
40855
11954
11957
18973
10081
19299
33529
25450
26003
11019
12044
30408
38955
11251
18628
19166
33528
9884
11421
36615
18283
19110
40010
40174
9884
26145
33833
11312
35294
10295
18328
29209
12658
17726
9877
13717
29016
34303
17239
28057
31709
11150
34194
34303
15137
15512
23498
29288
39439
9883
10819
29613
15919
41214
12851
24657
26607
15529
16208
25492
37407
9966
9986
28460
31857
35041
26783
27749
37636
11003
11876
23385
11163
11830
25469
40522
23990
28505
11207
31758
22044
35665
20923
24074
36205
22913
25391
37493
9910
9950
16687
18000
21401
21496
28847
17275
17556
40615
10973
13670
14261
18214
12174
24062
28473
32077
25728
40091
15625
40611
26873
29433
16669
18922
12213
26345
40086
11103
17074
22877
27067
36082
21255
24333
24535
24941
18256
24136
38352
11282
13821
26462
41332
12502
19076
28091
33603
17130
26135
32972
13660
31872
35824
11055
11117
25097
25535
11101
13792
19048
13540
14512
30691
32672
16075
27598
32831
30843
32203
35749
17302
27281
34766
35126
21007
26912
27166
36609
16662
32182
10022
26060
34468
35602
13792
33170
40692
19086
22954
36941
22423
29170
9938
26937
39461
11099
35979
36491
36534
32173
33062
11557
12228
30292
10741
18565
20348
26217
19214
39637
40115
9938
11334
26937
31617
14230
28669
28871
22021
28669
39704
26936
36295
9941
35477
9946
24467
24578
9949
9951
12031
11328
17911
28906
37184
19076
32483
34068
22690
26197
39603
24288
31782
17253
35991
9964
22019
35442
35447
26743
38122
38130
12654
19148
9955
26383
34214
25167
27280
30466
15932
32851
40128
16688
21362
37854
11990
34226
38130
10371
16300
24273
12910
17817
33741
41178
12931
21055
9961
35683
9961
22634
40552
20762
12275
24236
9979
20706
40242
32164
36575
36583
36586
28770
31171
13592
27910
29330
10024
36310
40315
10464
20805
29376
11184
11287
38008
13239
21436
11505
14788
24637
21342
33360
14399
14444
16412
38408
17846
22312
22293
25559
38339
38660
10033
30505
10480
20837
15006
25231
28864
29438
29568
38670
10480
17858
19770
11159
23402
23407
36193
11184
11190
38008
10495
17717
25212
20240
9991
10183
36828
22334
32974
33148
17416
38314
24833
29666
40148
23524
28431
40801
41020
10008
25111
32188
21739
22469
40316
10393
14921
32974
25871
40524
10465
29744
37047
38968
10033
20659
40776
14704
26876
26945
15541
16009
27617
20277
29595
29977
21387
22072
22139
20793
23336
34368
41088
15939
24658
34769
13713
14878
19880
38860
14394
38477
25701
34276
36824
21208
24842
25091
38538
15967
38439
38441
14199
16429
36429
13473
19882
27875
31296
28431
30199
33129
40801
10016
25344
32259
10023
12207
26144
29968
37806
37810
10536
10539
39865
20015
22991
33351
34898
37106
40989
25340
29776
26135
36303
18698
36528
17236
28789
29521
10034
33585
40917
15480
29828
36730
22860
36805
38991
41059
19893
22880
22955
30242
33268
33318
33558
13124
23843
10036
22493
13124
39763
22315
24833
10083
22247
41537
18168
24845
25495
11204
13452
40706
10910
12529
33257
10070
20706
33479
41029
37785
37786
10049
26064
11430
33921
25916
37929
11685
10345
11775
10056
10271
15878
12573
34894
17149
18304
30443
40832
26640
34147
37316
32269
28203
30025
14725
25486
26451
11032
18614
10074
10128
22363
25862
12133
14031
23486
12799
22920
10064
26761
26789
34297
11454
11614
17427
37489
39831
40227
40722
11971
34296
34327
23463
14956
38770
11437
15017
36419
40825
10074
11971
38380
20664
39066
21268
36878
37042
13066
19758
10074
11968
13566
25519
10987
11327
14920
30218
24894
16219
22592
20481
27092
14285
24761
33029
39262
13841
21949
25463
11151
18584
35554
10190
13466
13470
37285
22246
33519
16975
31003
40631
30931
32094
13760
20919
32971
40647
26663
32195
10132
22247
34290
41544
10833
11096
40907
32684
10095
28925
36897
11142
18537
40780
12783
18941
34434
10106
28049
28055
13335
36916
36987
19122
19317
26052
26776
10115
10119
10126
29519
25665
25667
26672
22323
36987
10111
11802
13843
26052
10467
10492
25810
30633
13301
22451
34076
34887
13347
24784
25184
22638
30144
39829
29457
30324
32489
36294
41512
10111
32837
35697
40965
12063
19964
36486
14012
27312
39803
23628
25759
28417
33376
32005
32008
21344
32751
38688
28076
31558
30128
32962
41409
10119
10126
35256
35267
18021
18078
37741
40527
25897
34413
17059
28792
31853
36903
13600
35777
35779
36307
37703
37708
33012
34268
10488
22844
12626
14238
29522
29524
13494
14884
25869
25519
14946
18542
37549
10802
10958
40194
10406
17033
24805
41448
10174
22246
10153
22616
25845
21356
21360
32791
15661
37686
24801
26193
33930
10146
12490
16826
20373
15493
36790
39266
19201
39095
32812
18362
33304
11428
14342
34459
41144
32816
39489
14235
15116
25278
28076
29360
10159
34306
20879
21610
33014
33089
15238
37440
11890
16777
17548
17722
20203
37703
12535
15732
31556
10157
25855
36447
21346
20407
29360
29519
20995
26516
29617
10163
11231
26676
17390
29016
36447
32268
19555
26760
29257
29263
10165
10181
41484
11391
11940
14831
10180
28128
18810
22785
11088
11189
35826
10170
10406
10415
33511
10981
27660
28535
31689
10172
26776
33521
11812
30322
32515
24171
24213
25853
17872
10200
25690
17671
20261
24872
26520
38464
39484
33874
34187
41419
15101
19361
29776
37118
10181
34137
37254
30395
34471
24222
24569
32259
38302
12122
24171
38534
38755
11624
22590
28233
15043
22609
39603
20893
34228
34237
28429
35937
36297
13161
12059
18885
30103
28918
30923
10193
40903
10949
15433
25808
21286
32545
34096
28290
31800
32056
39514
36182
37345
39275
39558
11063
16972
20907
24071
19900
25931
29627
36785
23664
34290
19048
35640
35674
40696
10209
25010
41398
26376
38931
36832
26782
37063
17739
19636
24332
25641
23957
33612
18661
31626
15026
26704
34266
38008
10672
24452
28607
17241
20994
28789
15026
19211
25552
35519
18769
19014
23282
33848
10235
10237
10303
17832
24408
11493
18748
34471
36222
37254
11262
25930
33426
11090
14824
22260
18775
33615
33633
40932
11940
28549
37623
18494
33423
33488
18373
32334
36163
17357
10232
21411
24553
17908
39885
14902
18039
21907
28263
30882
34193
23559
35752
37602
10307
10452
17013
10242
10262
12704
18134
31835
10242
15579
15583
17141
24245
41280
10250
17282
25803
32535
17649
35994
36669
36944
32042
39781
39805
14657
21021
34797
37770
10266
19534
30027
15147
24772
11314
13680
17046
24349
26255
26306
14554
22409
24117
37140
17661
32088
40021
18211
25544
32309
28642
31486
31502
33425
18324
10921
35448
39668
10350
15151
32451
22426
24536
39660
10330
17336
21223
27116
27247
28657
12119
31789
31801
11662
21158
28841
20191
32423
24293
28841
36754
17307
36213
18069
33068
12116
19409
26514
26182
41183
41186
10806
10920
14824
32506
17796
38031
41578
14680
27134
37315
11522
25022
41525
25062
26285
31759
41280
41476
11516
40302
40443
11397
18047
21094
10277
20662
35320
16584
34730
24205
18144
31878
13626
21967
24930
35441
22771
22990
34679
21445
36731
16971
17118
17349
13315
15412
24309
35089
28324
28325
30986
16777
22839
22955
14862
14873
24626
29392
37602
16806
18432
19827
35606
22154
25882
32078
18451
24909
25858
33702
24929
36010
38619
41390
24156
28201
20658
29866
30331
30336
15291
18210
18246
33271
17013
19940
28290
37685
39345
39897
22713
25305
26967
13581
18934
23093
25659
20191
32339
15528
41387
34207
34252
14235
20472
29422
17606
24366
35200
13575
13581
14359
20078
11268
36833
36834
15371
17915
32141
17566
17606
17610
21394
25285
28273
31698
17886
22460
25349
27273
39311
10396
23850
27577
37894
20658
30332
30343
20138
25953
28200
37474
12749
25356
17633
10431
33678
39188
21886
23383
18509
24065
34211
34248
10333
18758
20070
37289
14868
23831
28251
29417
17809
39557
26134
33777
39232
17044
14608
23410
33411
12369
12435
33381
10333
26048
37289
10336
19934
23665
26717
38163
41105
16190
23605
24945
26048
34176
30977
34702
40173
20607
28017
30596
11212
22359
14811
32810
18381
22561
29494
37054
15233
37478
17659
26094
40928
25076
29764
13686
23935
28442
40626
19707
19714
39698
10365
20325
28415
36000
40035
11301
22478
22480
15931
15932
20217
17821
23178
32707
38333
10432
20494
27766
15538
32967
35105
27485
29144
15556
15794
35068
14364
22201
26880
12920
37907
15931
15972
38326
10379
10595
15422
12029
12072
14879
41382
24651
25678
41529
14948
41443
26464
26853
28189
34364
26172
14946
34303
37549
21038
30284
14509
19614
26982
28206
37115
32058
16784
20623
35539
14642
34354
35732
36493
15512
26762
10461
16607
26700
26701
20771
32589
32829
13977
19563
29553
34033
31826
35744
24119
29335
30867
14808
17560
26876
27405
10508
10518
25647
25519
25647
30633
20648
37894
10389
24155
24582
31826
18863
30477
34768
12173
16002
19503
20681
17332
19883
25094
32315
19528
25530
26950
14642
24154
35732
10988
32974
37731
40534
13932
26930
32681
24582
31826
21597
37731
22176
24679
26672
19313
22192
37124
11968
13566
29973
32893
34872
39057
18011
21487
32235
14211
23238
23263
29564
11970
26774
30634
10767
15217
32516
37792
17845
32591
34200
38629
11587
28054
30315
12644
22108
34235
38654
28698
10413
18894
17627
21907
30882
13950
38679
40099
19056
27826
41232
21508
27801
29303
39193
10942
11884
14942
25425
29759
41445
10415
26446
20493
28779
40190
24632
24861
12274
29681
10737
34321
37828
26531
31969
12785
20768
23884
28209
29399
35731
37377
15134
26627
30782
11399
22467
37252
31930
12046
29863
36257
26834
27044
27270
27787
13764
22968
33678
17140
24245
34475
10441
25892
26705
16039
17736
31357
10500
28555
31822
31993
10773
23681
26684
30912
30916
32000
16193
16721
20230
31425
16814
19817
29249
35106
35423
12003
34282
16311
16719
32173
38173
29161
38384
39315
10462
22750
26702
38208
17649
18251
11631
17263
28598
10447
16948
22534
22844
28714
10453
23349
21274
22185
32458
10469
24347
30320
36151
36299
16484
21506
38861
40284
21447
29289
31600
10457
17104
37807
17862
21872
23989
28879
38791
23349
23378
31600
10463
32895
12229
19208
38487
17841
21217
32778
35809
10462
23991
34261
35959
10483
38010
23215
24650
36887
10664
31427
23991
40967
14618
26769
17601
22216
25488
33010
35551
39188
16988
17225
28641
12013
27011
34510
14209
29652
20028
34736
34819
38021
13953
41496
10554
32785
40188
20820
22206
28862
10559
21390
21399
29053
17866
30445
36137
17840
22296
14242
14720
25229
17841
21238
32800
24712
29665
29666
10517
28877
10555
17348
20843
32788
17862
22068
25209
29710
21781
29490
37851
38651
25996
11268
17873
25514
32000
19996
24883
32368
14618
24883
32368
36276
14606
15075
22902
36940
11281
14758
22057
33177
14750
32244
32785
17614
29570
34395
10530
10565
10579
24337
11742
13764
35953
10505
28457
40621
14720
25229
10505
10527
14758
33333
10514
21434
25395
32493
22057
37501
24372
32422
20195
21736
25429
25659
18719
20261
20264
24123
39963
28428
28433
29942
31164
25334
15722
29138
33015
17691
25229
37102
10851
29055
30891
40149
31765
31963
36662
24883
10520
16917
24247
31813
15063
14756
23174
32349
18230
20530
22242
31802
17084
17090
29403
31721
37356
37939
30269
22075
28859
36882
12537
28457
33798
20864
31612
17861
10544
10578
10540
24173
28044
29457
17943
38746
40220
10990
25996
39801
24345
36877
10810
25510
33107
34500
10538
11911
39868
14239
20483
40173
10539
10562
17509
36912
11822
33524
22858
31048
11384
36912
37686
10750
24009
33837
10898
25265
25335
20913
25359
30760
40373
10565
19102
28344
28455
32964
22550
27904
14732
17198
21451
28323
28719
10591
17687
21460
40228
10556
10562
11917
39866
17840
18144
32815
11911
10600
11450
15259
22018
22026
38256
28971
35804
22279
28847
37456
16219
11384
25627
36374
37618
25292
36394
40431
40566
38906
41282
21431
32904
17889
17890
40190
32854
10831
17538
32248
13117
14242
32801
32846
25356
31904
41205
10826
21637
22532
29610
18195
27515
29043
35034
22559
37246
17687
40275
40627
30313
34198
15156
17512
22923
39919
10579
32379
24334
23951
40636
18262
22234
31014
30126
12143
21277
21279
21445
31833
39888
18354
26416
40753
18143
30926
15645
18059
33005
11336
13411
32817
39749
17910
18337
21476
25334
10865
21384
38769
38774
14206
30305
22496
24665
36949
40259
37018
23359
30278
12809
15534
21474
30536
21277
10705
10919
26231
14610
24399
39206
36549
40253
21283
38910
25402
29807
32966
35160
14695
22387
25231
15319
23598
29847
15505
16969
21164
29484
16363
21704
37004
38218
11336
12602
23939
12374
16755
21554
27645
10628
10638
19993
34008
10692
16634
35881
30533
19904
21566
21913
39399
14610
17357
24616
23994
31664
36123
32893
23559
15199
13001
16443
36244
13369
13372
31478
29711
32866
12627
32873
40359
10892
25319
17172
32240
11025
14820
24974
25470
20583
21682
38934
10633
20625
16437
21293
23667
27056
10676
35891
36176
14949
22726
29885
27574
36634
38105
20236
21974
37581
37614
17554
24439
32892
35428
29288
39657
10638
20774
20625
13760
24919
35845
40236
13935
21181
21633
25319
25354
17721
21491
25349
17722
19189
32590
13637
28320
40319
18046
22713
28818
38081
22697
36326
13752
33594
35873
37177
40342
10717
17915
21611
26334
33686
39452
10863
11890
20093
11121
24349
28648
13310
27990
37069
41016
28619
32982
35815
11207
20016
38493
38646
19020
37668
40857
18095
36885
10894
30879
32764
17791
39885
24693
28266
29488
31513
25547
35578
13689
23416
39545
11405
18823
41444
12690
14470
20519
30004
12397
23970
30043
37340
13586
22582
38100
37625
11862
35888
20047
37129
38472
12442
30107
40466
16684
31856
36267
12377
16546
16891
13514
21179
37100
20686
33006
34307
10740
14554
14737
22320
24117
33024
17456
29521
11720
20672
21427
10690
40280
15260
20832
24928
25314
21580
32888
40328
24664
29558
36692
11075
11289
37203
19477
31979
21567
16627
32968
10697
15000
24733
30422
18228
31101
31740
37355
18344
22114
33051
11283
36690
36979
22734
26382
24237
26809
10701
10704
14701
17895
17930
22344
26968
12337
14520
17977
18186
11462
15000
34284
10833
36307
40317
13322
24901
32807
17445
29429
32446
37461
41489
15010
25899
19917
27885
32063
34928
21469
30120
30129
11310
17727
13913
18611
37515
10746
10915
20907
30611
40525
11714
17236
21005
31949
22042
28360
30581
38037
10869
23038
34920
20573
13526
25439
28260
29488
21267
21789
32223
38637
10915
13553
28226
10811
22681
37170
21405
24395
35751
15815
15873
18007
22826
35376
22380
32592
34096
15542
32440
34220
13588
21829
10818
31118
39450
14562
24484
33234
10834
22162
40208
19188
29994
34149
11067
11653
18358
14786
36202
33888
34321
37828
17552
37440
39862
40438
18559
26139
36512
22906
10915
22869
24459
24303
24345
25746
33317
11436
18657
25515
26063
10751
10765
10774
28400
21500
36067
40535
17648
20422
39529
40403
13978
32965
37711
10769
10770
12182
26241
15175
18041
19287
25427
28305
40665
10761
25178
25361
35232
18168
21924
25405
25433
35851
15514
18384
33135
40535
10765
10770
32027
28542
31958
35870
31755
33048
39635
10783
12122
35962
38755
10767
20493
28779
35231
12801
34236
32788
18251
20438
39334
10785
39291
31396
12019
26800
13600
17873
28273
36876
22265
22614
10785
25783
30250
22541
25627
31807
36379
40502
40699
17147
17964
23050
29814
10835
28519
31918
39413
18292
37453
11067
30938
37727
27960
40432
11916
27510
34262
17568
17569
18342
15079
27236
36479
33008
39647
18801
39689
21961
36302
40024
40442
28355
35861
10942
20315
20324
15367
21945
22059
22643
22669
33445
36312
18098
22186
40147
18110
37143
37712
34496
36618
37399
10821
28513
16482
18160
40487
21874
33009
39846
18200
19548
30222
17010
11578
13706
36209
36211
20991
35552
35911
16537
16538
39016
40590
11883
23059
16168
26747
37580
28275
31730
38606
10926
17232
22996
18135
29149
29401
37209
13339
13551
24057
31090
15443
30071
12937
34643
31744
33069
13279
31704
35452
18480
34946
35016
27802
27821
22597
37259
17682
14561
13442
35800
22385
33153
37777
13982
16848
28419
38274
30880
38970
17995
21307
36809
13833
31879
36684
40871
22189
17707
33222
13188
14598
40150
25570
40525
11538
37432
29268
20905
28184
14863
17414
24771
40581
10848
31827
21260
40928
41002
21610
29579
40542
21331
31698
35785
11183
22662
33820
35710
12801
20845
35278
40213
11609
30386
32408
36476
25543
34267
10850
10859
36859
17629
19474
19518
17297
29950
33325
17850
19871
10859
19872
10859
19871
36927
37026
16758
24131
35945
14250
28965
32052
13141
35684
36745
17951
33252
24342
25639
30058
33151
16296
22488
28040
35722
29055
15480
19816
25686
36861
13410
14062
27976
35489
17860
17890
17906
32754
24846
23699
36890
40534
21380
24278
24340
25241
40220
11195
11198
12427
36683
10883
41365
25746
11195
14229
34425
35710
13751
37930
12884
20528
20667
21074
25624
41023
15994
16489
20649
22993
18325
24504
28483
21003
22258
22507
40626
10900
14701
16510
40936
17112
18471
24059
12739
12749
39228
35681
39686
40257
20666
30090
14988
32468
38070
23446
23489
41566
20437
28959
12804
30929
34443
21728
20815
24683
40346
11168
12737
21859
22220
32038
36375
38540
30998
35807
34050
35748
10937
40831
30215
33324
36935
40575
19537
23146
24403
41117
14988
22532
40630
25675
10907
12132
16515
14991
18291
35464
10946
24231
31644
41406
13683
14784
18446
10946
30418
41406
14194
15389
35598
16731
25706
34188
35639
20790
21258
23267
37153
19813
24479
39772
25565
32015
32965
39653
41049
41052
11254
23214
11043
21734
23295
29693
11218
11838
13727
33570
39693
39918
18772
22868
23435
37797
11046
11273
25925
18196
39785
21003
29209
35909
40626
21475
25388
32944
14812
17931
32834
17924
25510
33064
12413
29825
14918
15175
39572
40714
22601
32878
13733
18807
34324
33867
36409
40570
11209
12881
18223
12277
16950
17231
39243
11838
13727
22230
37466
15246
18314
18884
28060
38187
11717
23449
25924
10940
26635
27858
30932
31571
35794
35796
19156
31770
19438
26919
31772
33886
26305
18950
22420
36369
39720
12225
28576
18279
13385
13338
17106
36975
10950
23624
37027
11273
37217
23953
38168
14866
14919
28484
17295
17373
39493
10954
36343
36347
10961
26540
20603
21686
22818
41152
10982
21025
24167
11537
11559
22370
14765
17376
16716
19893
32289
15482
25625
36588
36877
10962
18606
18622
10972
19033
30218
36880
13652
20560
28799
33025
20550
22394
39217
11788
26957
40639
18046
21602
22713
25952
36017
12808
14476
20964
22862
35067
40761
12491
13285
34192
31489
33141
21505
22517
25577
12891
20554
20578
36199
27955
30081
31399
13885
29832
31943
28337
30329
33314
10987
32936
40680
11050
15236
32352
35242
38795
31662
31666
36270
24050
10997
26836
36726
10985
27140
27154
27169
12459
27168
37841
15756
27169
29477
11329
29722
11329
36933
23138
30018
33661
41069
12598
17429
18310
35507
37376
38012
18311
23188
25889
30491
16543
20376
11048
19535
37034
11404
19346
27427
29033
36975
11047
27427
17776
40524
13236
17112
30229
24976
33094
40606
11718
17667
26304
27868
19833
29871
36314
38108
11726
23389
40880
17169
18285
40740
11007
15537
22538
19167
22846
33422
15193
18569
21438
36592
34541
22435
27998
18361
23877
26136
31720
26439
26775
27513
24050
40815
40953
41327
18793
18916
33814
18442
30042
13875
17496
23075
27961
36702
13558
22984
39799
19129
24939
29269
24700
31380
39192
19019
29842
40544
25472
37175
11031
34509
11540
29876
30049
14169
18078
25566
11041
24509
41028
13654
34044
38899
41285
11064
30049
35430
41028
16855
30348
20581
30117
33185
33597
13654
38955
25916
40924
13587
21251
22255
30164
21374
22415
30173
11180
18550
15550
17076
32694
14797
14798
30293
12238
17266
12230
28724
36726
16827
18277
36212
14192
39674
40751
11878
40598
40882
33441
41277
33348
35838
37991
39659
24858
30345
32506
12185
26836
35536
27413
27427
21154
37540
15054
18960
19985
39965
25294
32830
40465
15236
26780
11057
11058
22238
30438
30924
41006
18470
24308
25839
11090
19281
30214
15002
15594
26529
11060
22551
37538
20546
30099
11069
37538
17226
23218
31906
37196
40619
15371
17046
32141
40568
30250
40804
21839
39541
18870
23149
36969
12520
35169
14492
20961
25031
14329
28326
22908
23070
25794
18675
22697
25923
18426
22457
28904
15602
18570
38359
12622
13051
18238
18247
23338
23339
28901
35693
19023
21148
22270
24960
20046
20853
11188
11899
18662
18774
23445
33635
33727
22349
23111
26012
33517
14665
18494
11196
13138
19845
22238
29057
36212
33640
39694
41110
11641
22325
12679
18720
33545
12166
32498
32514
39776
32406
37432
39748
11550
24056
33703
33705
14341
18735
40638
33695
36490
36498
17769
19554
19588
30335
25727
25983
26001
40779
11107
28528
27868
35990
12734
21709
30003
29474
37655
11994
21099
11493
11542
13406
33478
34871
40773
22123
14712
17522
25826
28997
12526
32334
37250
11322
40936
18425
23908
25748
28346
20602
24511
36491
40944
20914
39541
11577
20626
22319
18471
22617
25785
29562
17582
17628
25536
11124
18635
19058
17277
30984
36838
24816
32432
14561
18293
27945
37453
25806
33496
37241
14797
20551
33220
11130
12202
19538
35649
14255
22322
26905
19736
25861
23229
25832
25904
34898
18901
36649
21120
23052
27988
18648
18832
30111
38195
14277
34292
34482
15855
22898
25790
30259
11493
21172
29837
17771
22696
11174
21563
28056
25877
33071
37470
14254
23065
30337
32298
14929
15406
25768
41389
18543
18861
19232
26063
11282
25880
26534
31940
36560
18924
18948
25016
14946
11871
24414
24628
28302
31714
21947
25820
27978
33321
40875
31997
40622
18548
30113
36709
22477
22478
33221
11902
18588
23071
25356
41290
25860
11170
20756
33464
40942
24774
33124
37152
20915
11167
11169
12139
27362
32865
11182
23432
28637
12762
29615
11182
19542
17091
20587
21911
11176
16963
22109
24745
16434
19725
23582
28225
18554
25565
25981
37805
27988
28077
37267
19944
24880
12251
22282
36479
26027
31813
35094
30249
30255
40762
23355
25842
22217
25577
17083
18708
21911
21206
22801
11210
32631
36695
39965
26021
32507
11257
17545
11302
26080
14665
20819
36583
22908
26842
30950
20813
28322
35846
11638
11715
11950
17883
36716
11210
22572
11963
12607
14713
39801
27066
34427
34435
12638
30494
39015
22732
22747
29934
37790
11202
12475
35497
35524
27521
28041
28186
23881
31497
32586
34902
38345
11374
22473
23881
33398
34897
11220
22770
13172
13240
20183
28476
26906
36683
22698
23111
40882
17945
36181
23335
13668
25924
17664
21052
38073
40601
23111
33294
33435
33529
12141
41076
22245
26675
12787
14740
19235
28348
19554
24367
35149
13726
18520
11878
22698
40657
25877
36686
37471
24770
34155
11269
19447
19554
23035
11295
23434
33566
40919
11249
29434
11749
40556
13839
26433
36055
11993
24674
41552
14970
15095
15168
17032
23625
26829
12078
21938
17256
35327
36718
19382
20892
36771
18303
28778
28070
39527
31261
31264
27491
31261
35921
36032
25804
40659
21456
25021
39991
22527
39877
40524
26083
40844
41041
24387
26556
40787
18646
22931
11253
11625
26245
25580
32475
33960
13290
22872
32162
35524
11259
12898
30638
11258
15410
15209
17676
34113
41053
18699
22252
11271
34007
29158
35416
38578
15956
23342
36192
39918
14281
30110
37845
17025
18460
28796
21943
31768
32524
13684
20914
24446
39537
18150
20823
23795
17578
35543
26771
28926
17445
28903
11279
26640
12194
20157
30290
11883
19088
22947
33538
19847
37843
13936
25615
29979
33097
18951
40751
22926
36193
34147
14997
18775
22703
26043
22574
28446
11669
22472
22675
26075
26086
39745
21930
31950
26665
11311
17867
31427
16190
23599
18807
29847
40908
41074
14107
15524
25644
34537
15432
30289
40849
40853
17776
23335
37112
21125
25771
38291
15272
25873
40916
13668
18657
37299
12782
21085
25448
27728
21109
27489
28375
12660
15290
15780
39875
18528
18621
24297
31795
39576
18930
18948
40657
40849
27133
37835
32481
39576
18532
31543
40735
13653
28352
31867
35853
17728
18402
41516
31251
31514
32594
35828
17735
18031
25535
32486
36967
37688
39910
25358
25791
27985
13685
41007
12608
20757
24149
26099
28433
30181
11324
11326
22878
24215
20580
25846
22193
11347
28205
28209
28705
34457
39019
11332
26525
28222
11329
19042
40534
15061
36502
13391
20451
30091
40812
17216
30800
36701
39387
11347
22520
26952
18557
33408
34188
35639
26278
39434
11545
30276
31533
26163
40459
31910
40817
13436
18927
21609
13810
21312
27871
38854
15925
25997
18557
30939
34192
24645
25132
34602
40704
18876
19016
22587
31195
11467
17524
22879
16459
30628
35600
35620
14084
15737
21397
34425
15069
40643
18841
32721
21856
32283
32314
13590
19931
30054
38139
11353
16605
18474
35550
11363
15581
19278
37732
12736
37640
12201
21187
22674
21928
25068
19066
24967
34003
27240
27256
31732
31743
39614
13856
26335
26409
11923
17100
19329
25503
37729
39112
22391
26386
26511
41393
41431
11378
11379
20870
31303
14117
26370
39179
20754
26226
34980
40577
34287
38437
25043
31618
40340
11530
15971
16005
18734
30030
41175
11440
11467
28821
24872
38447
38635
39036
26182
26378
41181
11643
26167
29850
16848
20878
11381
12388
25684
33890
41134
16845
31303
11562
22629
23201
23959
34468
38257
11917
39872
11633
17603
30147
39604
41165
41222
13775
26457
26731
11389
29804
37832
29843
33730
18664
33385
40973
26433
36043
11396
23196
32036
15966
25917
37106
40189
23803
26060
11442
18385
24685
25691
23658
40468
38000
25815
25926
40660
41408
13643
20538
11445
11470
30094
28460
29939
29280
29324
39487
11409
17337
11567
30333
22521
23310
23729
32624
27015
32280
37710
29513
37876
41011
14017
26947
33672
35987
41177
23426
40890
14017
36821
13182
14068
14071
25037
26670
32184
36296
31527
32430
34010
40237
11589
29965
12151
38976
18342
20894
35560
40893
40897
12517
19176
36971
40675
15956
39920
22944
29689
41182
11491
13733
25919
29475
12232
29631
25233
26168
26055
41136
25946
26013
26721
34176
23602
23665
23698
11489
18576
31233
16937
28002
22786
41521
18508
38127
18668
23434
23449
40932
18869
29845
29971
40887
11441
15228
24830
33270
40710
19561
24461
18273
18903
19088
37658
39765
32251
32946
12567
17127
32557
39517
11458
18399
23877
17514
39713
12141
24793
33697
12679
25715
24837
29007
32540
18998
38368
15281
21074
35981
21509
33169
35989
21036
33609
34417
33697
34449
35703
11550
24091
33833
41031
28332
31344
36355
17155
26133
28234
37065
24237
18328
18956
40629
17511
17655
21102
41433
21617
19596
26630
27827
24863
29840
19545
33803
22920
24405
24554
30089
11913
13482
19112
26290
14013
14894
31697
20693
24201
28027
11476
34143
34871
11929
26149
41013
15791
20516
18859
41149
41171
13454
33836
40759
41213
14727
16171
38345
30629
31457
41058
19561
25251
36129
14350
23838
35930
13448
15251
40240
22884
24369
39995
13175
24230
30213
23374
27827
18591
34680
11745
18534
18806
13359
26503
34463
11497
11500
26933
23287
35472
40847
24014
34400
11515
19587
26947
24445
26306
41320
29096
29124
11515
40049
37834
37840
39950
12178
12222
13354
14590
21964
19034
19513
41249
21165
25111
32258
19007
12104
19275
24137
37761
18031
29578
40409
13344
17111
37149
20580
39025
28472
38350
13501
25193
28809
23586
37970
38838
19329
28167
33387
14228
35154
24380
36918
40305
23287
33730
34477
13340
27085
31404
35957
24252
30243
13130
14585
26262
21050
21148
27951
37306
21106
24951
26064
23171
30525
33782
33647
33759
18714
21305
25070
25077
33800
18616
24598
26552
41530
23350
23803
36342
28780
31328
35873
39270
19699
33604
32251
32946
18273
25540
40623
22373
41076
33657
36512
18327
33289
12175
18461
22984
26243
11554
35452
22373
26231
21083
30294
33964
33272
35430
40604
24762
25230
37212
12183
18890
21172
13116
26401
29940
16333
33703
28072
39118
11560
11717
15578
25938
11562
19542
21206
18393
24559
29307
29308
21855
24338
35549
39072
23548
23555
40945
13823
35561
40619
17131
30093
30860
35458
20896
31118
31704
15296
32865
37128
33582
26252
33730
41187
11574
22371
24350
11809
39122
23253
38082
11564
26929
11570
11571
29307
21206
26611
37399
11566
27062
32036
17799
24532
11867
22740
18809
23653
21612
23808
18931
28053
31822
16859
18393
28053
13172
13240
20324
15616
41162
25639
35452
24448
33862
41044
12900
26085
26189
29151
11592
20795
26934
14765
20315
41323
11652
13954
17376
32619
21536
22469
25311
31954
33666
36710
39392
13492
26211
33849
15375
16883
19343
37728
21846
22913
25391
19100
24192
28045
28046
28555
38801
33052
40428
40466
15567
17213
26275
33524
37650
14112
21854
30315
29555
35484
36836
18532
31971
11720
28258
36927
12568
32986
11668
15567
29965
37557
26882
30782
30833
35728
40476
24426
27898
13701
35950
17520
33526
27114
29924
32003
40004
11816
21224
25103
15461
41298
21990
31096
34962
38579
25956
25961
21593
22659
24764
37428
19387
35525
12949
21633
27273
11686
22890
26882
16931
28011
29684
36460
14581
14584
27494
38781
12783
17685
24404
24704
36351
38914
12235
20998
21002
29683
21731
33835
41159
23358
24183
38847
12493
30208
38823
36135
36144
36595
15540
22181
12493
13033
15410
19008
39752
25270
25307
29957
12253
24726
34238
11636
11777
11641
14861
24668
36315
24815
28145
40201
41174
13944
14728
31901
38063
18949
19151
29435
33572
37276
19363
26672
28922
17616
19142
19601
33945
17604
41578
34341
35024
13950
29649
17592
36035
12004
25484
40099
22323
19484
27044
40410
41119
11646
13904
40848
23803
23804
33646
12912
26203
21177
28559
19069
19142
19601
16970
28376
13907
15726
18029
14766
19068
14721
40995
22704
23165
40804
21181
19072
30837
41176
24081
24965
26781
33762
26350
41454
16981
17014
38153
39758
22356
24732
26200
26202
26840
26926
28081
34512
24847
33879
36754
36831
13341
13522
11670
15313
18015
27082
12590
16944
31481
38413
19172
26898
40727
32605
33342
39304
15342
24330
26277
33444
41332
25236
30034
40333
21454
26007
40852
11678
21264
28870
32047
21995
13698
28412
28492
33380
15227
18942
40689
11678
18659
27802
41030
18515
18566
30156
40709
12679
23794
34871
29914
41097
15097
29357
33772
26739
40202
16759
26951
30130
11790
19036
13356
22982
32030
18864
19056
19151
41232
25817
25827
26590
32266
16505
26460
34009
33586
23168
33795
33854
27955
31399
31446
19131
20606
33995
37720
11719
11730
17808
14504
34122
19717
27266
40078
40118
18015
21412
25236
26519
29760
34090
12235
20998
22486
23114
11733
23583
23971
35439
11947
25713
28627
34101
27174
27919
28782
40648
25069
40994
41233
33939
14522
20983
31628
19637
24850
36635
18493
37992
40032
13788
23119
26492
19047
26492
28540
35557
17050
29470
39314
29143
36723
13850
31739
37063
40990
40831
21057
32603
35630
11737
34029
19871
11964
25114
15340
17428
19971
31706
22030
22268
38941
41331
23717
30072
21740
25166
40599
17449
19594
13824
26471
35952
11737
22917
25002
25520
29348
14354
38525
23591
39169
12063
37589
19651
25205
28862
13251
18372
24305
36691
19036
26534
13387
27737
28991
36716
11755
11810
35431
11904
19105
34490
41351
20390
20450
24995
24163
36746
11756
23994
26862
26985
28952
36703
27461
33857
40209
11760
15468
24854
27408
24318
31707
13163
24825
33210
28491
36456
21817
27812
29651
29675
11805
13485
24587
38829
39174
29476
39714
39715
18152
21631
28977
28800
37468
38494
38527
20405
27328
30493
32149
23013
23425
33557
15087
25207
22768
28296
30321
12663
19115
25972
12667
12755
20713
22267
38489
26546
39936
41453
17381
28103
34796
34844
34901
19154
19583
33879
12701
12702
21685
18342
20540
23735
25598
38859
24779
28920
29652
29720
30458
35637
22636
33026
34062
11797
27037
33872
40000
24889
26931
39971
16196
19032
12217
21198
19523
33906
25636
34061
13930
19026
12139
19486
39105
39116
32183
32515
35558
37507
15116
22753
25786
26847
39007
23268
30656
16192
16697
24401
40329
12176
28622
31677
18319
20978
39552
20444
20548
29184
34175
27144
31965
39972
41383
17218
28495
35838
12316
28663
22693
22699
24384
15564
37432
23931
25610
25616
11834
25023
34067
23464
23628
13548
22342
28176
20127
25623
19040
24594
34122
13720
38299
11817
18120
25190
26815
30191
35400
15578
26011
33501
22037
19811
20829
25754
11814
24891
16773
30352
33552
19779
32510
15494
26512
33992
19111
21219
26599
12050
39175
28067
31560
36639
26490
30551
12053
26688
24173
12789
12897
32894
38854
16582
31691
33591
29468
17800
20186
27515
34961
12822
28919
41203
12295
14572
18721
25997
13905
19316
26732
37199
15945
40535
16651
17508
33113
35286
29972
39227
39833
20130
34887
26188
33954
20779
11837
20979
40970
24641
37286
12150
33570
41076
32320
37589
39871
24899
32269
37126
11855
13736
21630
35265
17285
33602
39472
36990
37009
16590
28723
35341
38401
12017
13940
12004
34032
20680
27815
38401
38480
32510
32515
35558
19581
21034
39073
39597
28647
31897
36555
25090
37392
38066
17178
17196
16690
16694
27099
32059
33508
36768
36808
11961
17290
24926
25015
19354
14948
29764
37316
12931
27616
34480
31856
39327
12140
39755
21906
24968
34019
34238
11929
12135
14291
40541
15612
25658
35454
40361
15404
15433
13036
26059
22692
28000
28143
28496
11875
11880
25419
18827
21224
22915
24422
13698
13800
17678
24383
31568
36702
13257
20447
24118
22526
33527
13805
21125
23294
13721
11887
13257
35795
18261
24209
28822
25808
17747
40420
12152
20138
20778
24065
41528
17181
20874
33060
18085
34217
34222
37094
28185
28788
32368
11901
30365
12485
25982
27991
29931
25974
36347
22927
33840
16637
23967
40469
24622
24839
25043
33178
33201
11900
11942
21473
40295
35915
23657
33501
40960
11973
34872
17548
23065
39744
13928
26802
31320
34914
29198
33659
19488
28491
35538
12496
38404
25551
38244
11935
13837
28031
28510
22395
25007
26585
30104
24363
26293
18627
33826
41468
24289
34125
37198
37846
24354
26692
22763
20741
28178
37753
25543
30774
39094
26502
26650
12720
17450
29692
23562
35114
26743
15425
26660
38740
15621
18521
20129
29070
25954
28178
41267
16946
29468
27142
27443
40540
26528
39728
26596
14233
26930
41506
12323
26517
36257
11956
13911
28620
36022
40164
24198
32264
34556
34870
17839
19631
19641
39552
25158
27181
38066
39966
26718
32204
13549
31787
36524
40110
11973
23415
24873
19280
19373
25441
14783
14788
26668
37011
19223
40102
41514
15084
20858
36281
41574
25636
33941
17009
31559
40979
24895
25382
18307
35599
36358
19364
27995
34294
40860
26544
37141
24380
24397
36918
19511
25569
22813
24973
25453
28148
40484
38529
37814
22754
13486
14301
26124
12118
39656
14297
24748
13749
28935
12028
12833
30631
23962
32809
11980
34121
39831
39834
38058
37690
37692
13564
26310
26774
29223
23090
25774
25857
34893
19317
33521
29978
39063
13374
30183
40835
22930
25202
41467
19108
40596
15023
19143
19332
13509
21628
30508
41562
12797
13521
20083
20755
15470
37484
38511
12129
19034
21171
36117
12939
17408
20760
39042
12305
25381
27256
19018
19520
24038
12050
15424
29092
17016
34708
41337
29009
34342
37451
38054
18525
19369
37535
14623
26769
34338
18997
19267
24659
24115
36484
41314
28184
29748
34364
26753
37282
26803
34360
36891
17219
18966
12850
20766
35645
12068
13135
30756
19398
24146
34470
35675
12054
14539
28731
17834
20122
41568
12006
12014
36274
25289
37327
25138
21079
29682
36863
25302
36132
20891
25299
34276
38411
12077
31358
14781
17793
20307
22019
17715
28349
33797
19616
25373
26436
31991
13374
34151
34470
35675
12014
25027
27088
14725
27440
21261
32369
32414
17193
25158
38036
12482
25750
37543
19284
27109
22760
26240
35463
33481
24433
37724
40280
17007
12797
12863
20758
30756
12094
24191
31591
24929
33532
38615
12904
29364
37404
18780
24648
25182
14840
26172
26173
33873
20611
30387
32001
39394
18581
35495
37371
39382
13880
35920
36016
12167
12225
31772
32583
25764
37954
39441
40526
18603
21145
41535
19559
26061
33621
22942
23026
34608
35780
33621
36060
37881
14843
18040
40282
26692
27463
13654
19002
33629
12049
29857
41574
12049
13956
19307
26482
28629
38902
13905
37948
24878
38076
18615
22839
22880
37406
17018
27401
36713
36715
12657
35599
22613
22616
26732
14172
31919
37839
39525
19194
28164
34151
24639
34312
35519
19329
13305
14292
17036
24277
27500
29193
13336
31089
35438
21259
22053
32559
20126
35088
20762
35645
36577
12797
27400
12236
26272
27552
12157
14130
28212
12202
12231
26894
26904
31587
33606
36842
20738
21861
30704
26764
34329
34330
37010
20100
20633
26023
34329
24619
36791
15614
20500
32868
32559
20569
25082
37044
13439
28257
28264
28530
12273
12287
24119
12916
17268
35852
35858
15100
17743
18140
15104
37700
12105
12278
17290
36322
12760
14035
19877
15144
15366
18415
13915
34306
35962
18033
23587
38209
19175
34257
19445
26171
22128
24791
26436
16607
24717
26037
29800
15346
35400
12112
22128
25835
26436
35650
38091
41560
39393
15493
19866
29796
29310
41114
22643
23145
19152
27289
40282
40858
20890
33378
39312
19480
21040
15048
40612
22143
25940
26994
15350
36329
17101
19482
26177
18878
26316
26747
28187
34358
34419
15544
28116
28229
33729
19424
29899
32645
17315
26178
29318
22878
24215
29232
29257
20786
20789
35709
37336
20637
26888
38647
21001
32171
35511
36525
12163
17290
26178
21514
27475
34260
21048
37265
24354
36495
37358
12878
37166
25046
26085
37420
12187
16831
17772
13919
28503
33883
14843
19508
26355
26580
24081
24935
31718
12141
26231
41076
14708
39114
23498
26088
19496
27383
13161
18791
23386
31930
34461
36235
13937
26794
26843
41254
23196
24453
32036
39474
34458
15590
22819
12156
34140
38044
39159
25704
32654
12338
12426
32809
20155
35645
15920
17772
19339
37403
14869
33569
22815
23734
36435
37699
12156
22761
16457
29862
36615
26728
20649
26712
28217
37332
16722
33046
33412
13575
37894
24793
20202
33926
17738
32828
35107
36772
30965
41363
41381
12917
17738
19005
23073
32234
25910
40811
12278
22128
25875
19900
25931
29474
29905
30556
33737
33832
32496
32497
34640
33886
12171
16409
27371
38972
12190
19367
12224
18064
19656
28551
38841
12930
16497
16792
20618
39795
39799
32579
37120
37497
38245
17814
19305
22373
12425
27036
26206
33865
37156
13558
21595
39983
24466
24627
26778
17107
21167
26636
41114
19524
37951
22552
17740
23056
27380
17235
21039
33493
30799
39243
15717
23670
23707
34330
13525
16910
16916
38665
36722
20163
22743
16479
18018
12548
18478
33955
40646
27484
35415
38283
31552
34606
40395
32915
13977
23456
26737
15351
23346
26619
12303
34514
15785
21709
22847
15137
15166
26088
12213
37637
14804
20146
22670
18920
30468
12379
31072
35201
12314
12543
15215
20694
21063
27616
19888
24105
16014
16062
26955
35150
20959
24777
38681
17394
18632
36562
13899
21188
26435
26610
34003
25062
26518
15774
27484
29916
12372
21104
21109
27728
17814
28494
28583
12224
30641
38972
39940
21991
22071
27844
33619
22324
26980
37556
37612
29556
29852
31496
17449
16224
21506
22073
22188
36552
22664
23147
26932
17449
39765
26740
34393
12254
29919
39949
26267
34022
16224
16366
34695
23196
24531
27341
22767
34031
36022
19520
21170
33904
36578
16319
31704
36277
12280
22073
26424
32342
37493
36503
21192
26833
18388
34035
36107
29367
30106
37631
17418
22195
40105
19360
22176
26664
26916
16963
14648
41582
12258
32749
35025
33782
20004
23849
27759
29154
27899
29919
38286
28963
35155
20806
25098
32839
12264
13405
13549
27018
32689
29681
32214
40110
12319
22490
19635
36432
16676
26116
39078
12306
22109
24745
21083
32531
33961
17518
20040
22278
32313
34383
36329
21544
37472
16794
37891
40985
27034
19488
23147
32699
15081
30301
39405
16227
32823
36675
12291
12353
21293
31316
36819
13400
14587
40068
12336
14326
29128
31007
14978
31007
34555
12330
27047
27438
30859
33937
19555
22890
28210
30856
14295
19421
26216
40067
27426
27438
21244
36150
37517
39337
17835
24272
29649
29954
29214
39382
24870
26360
39605
39924
19281
30214
30216
25381
25835
31996
38251
22205
27098
28087
21277
21093
36599
22629
26929
27827
19646
32688
13968
36635
28144
32651
14692
19642
15096
25177
28656
21223
31921
31976
29359
22143
31887
36216
36322
27891
31301
20012
37372
20965
25775
13968
26961
27037
15082
34516
38385
21968
33100
40106
27159
14596
20798
39002
15713
15742
37028
37150
32194
41568
13423
22821
19227
25157
26036
15103
38027
38183
17595
21250
36983
15641
16442
29380
30602
12343
19943
30952
34955
19679
27054
12384
12385
29128
22905
37371
37372
20102
29889
17553
22303
23872
24398
12336
22651
22776
30051
17443
18061
24852
25207
18316
30055
13190
30933
36632
23962
28211
12623
30489
35144
21635
40155
12342
28207
12422
12345
18009
20005
12360
18803
19865
37301
12355
23256
35398
36496
12681
27392
30607
12690
13235
24811
29889
32872
27410
27415
36530
19203
20867
27643
27683
21971
27056
31031
32513
36038
41352
13594
15771
19758
27643
34608
14720
15206
21402
22367
13244
27648
14208
13396
34542
38726
14271
40698
14905
25482
30101
32855
37624
37845
14333
30723
20471
28368
12428
27118
39738
12421
22929
38101
12460
22067
36956
13853
28257
28839
19702
33540
12443
34565
40196
13898
21747
23688
29132
16642
34548
36108
14470
20519
21273
29895
32866
35535
17386
18119
13263
13697
18105
27785
24908
41472
19992
34988
38929
15407
16053
39622
27438
38103
12794
16606
16718
26046
26084
30104
18239
19761
21291
30518
35977
19683
19694
21665
25010
26724
26730
28165
34618
35859
13998
18717
13596
14199
27431
36429
27097
31552
13997
21513
22011
33125
19502
39785
12407
22011
36250
38099
13991
20860
22005
35750
12425
21070
12403
14832
26035
29654
12915
27892
34633
35485
14199
14205
19693
39891
12590
31448
32210
13997
21882
27579
12409
16693
27455
30479
12411
21513
33125
12489
12501
27810
27878
16693
18622
33529
22838
29829
40574
35239
35662
35714
14777
22791
25499
23817
31342
35774
39004
13027
13303
28028
14165
16033
16544
17876
13232
13237
35261
16006
16604
35235
40006
18627
28525
12423
28211
33908
13781
19710
21699
21808
27101
37336
40059
19504
26491
35708
17636
21548
30362
12431
15091
21546
40580
35236
39322
21554
12438
15764
27093
39098
12701
14525
27659
39098
21677
29315
29321
13762
18272
28616
28782
33154
27938
31797
36094
12439
15313
18037
16889
13012
30362
30484
19791
21341
32420
20686
30109
30244
12452
22943
39734
21275
24122
30930
14616
20316
30922
15870
20162
37972
12770
15689
17278
17625
12450
15522
21140
27121
38782
15615
32342
37492
13049
16875
16701
21794
29131
16570
19787
34647
20161
35615
37976
25580
32630
38618
26127
27212
27630
15947
23762
30402
18174
22865
33143
16278
17422
27996
35240
39811
20886
22162
15415
18355
25756
25995
25752
29832
30136
12478
20162
41471
18479
23037
25906
13016
22872
28068
35509
14962
39112
39634
22310
29463
34126
14329
23036
16755
21571
21805
37608
33807
34948
12483
22298
32656
35657
28169
32162
40646
15476
20475
32894
36798
36804
12703
12842
15121
27688
12516
16359
23032
19251
33265
12498
22295
20918
33004
34629
34673
20567
21120
15756
19791
23652
34676
15284
21961
40434
17470
32532
19693
16737
32225
35821
33206
39634
39779
31333
38897
15528
36424
16387
20678
19220
21556
31494
16087
28058
34861
35657
36024
39110
15356
29502
35580
14088
29518
30948
39014
21359
38565
30460
31724
23642
32364
38400
17386
19808
38117
20615
23580
35574
35576
18256
18645
19052
18481
25903
30259
33376
14273
28948
23719
35405
39889
27328
27330
30482
18018
35144
13766
25110
26448
30008
35321
38169
14526
15833
30739
23313
30665
16345
27688
12682
37306
21091
23047
28022
13032
16868
20628
13312
13383
12620
19808
35204
38117
28227
34704
22905
37371
39351
21992
26068
31989
37087
19803
27199
33350
37666
38000
31433
35293
18357
25793
40771
14336
19813
28668
19219
34674
25741
33867
39771
22837
25740
35272
12546
15366
22990
13058
28230
12538
40645
22468
33333
12549
16724
17204
24022
33593
17540
23398
28366
27880
38321
16282
21823
31102
30233
40902
14356
28957
13140
20440
27248
12548
12549
34679
19917
27885
31256
14200
18472
37179
40645
17486
24756
33831
13804
14039
14542
17688
12598
13215
24831
32416
19054
29111
29127
38453
28953
32140
37389
23261
12565
20177
20219
30280
15294
21306
30513
34751
13681
23640
32381
38937
12561
12575
27119
35227
29203
12572
16861
32388
35002
23668
38072
21811
30553
36070
38937
20144
20176
20368
16401
31413
20976
23216
30269
32281
16133
19817
29249
38645
19890
23634
34805
12585
22941
26968
27523
35942
12585
16438
27620
41395
16945
21857
15562
15568
16130
13119
19908
19915
13143
19902
34635
19148
32848
34848
35594
14384
16531
36455
31222
12646
32757
35480
37863
20470
23140
38621
38638
40748
29550
36557
14089
16713
19682
20039
16278
16730
19903
20559
38636
39867
16981
34693
38151
20463
23318
25254
25261
13378
18030
39429
39455
19617
23533
30661
19851
22534
28714
14712
19403
23247
25676
30437
14091
16898
34135
39027
12621
22251
23748
20456
29817
22504
31123
37922
17139
28960
36430
24750
33000
41307
22534
32757
40530
37400
14389
15131
28561
13174
19932
28527
13488
18709
18726
19191
14237
14246
17888
34672
16307
23430
29831
13479
36368
36370
17893
19899
32900
18517
27460
31096
20081
27424
32532
23190
23197
38320
15879
27218
39932
33386
13227
32333
33350
38009
38088
38517
40670
18704
30041
36283
37338
38322
39436
12651
27355
27358
35349
17612
18695
27753
38782
21260
28898
15414
22903
16433
16838
18695
19748
21130
21136
39730
13846
13857
13893
28249
18355
22799
33377
21108
23999
27121
35569
14055
23787
39767
12640
27074
34585
34587
31682
34570
35787
15122
41091
16486
19397
20470
23140
19912
30506
34649
34970
19373
24728
17324
17499
34834
31005
31153
36653
41091
16221
30818
37901
12683
20660
29171
13635
17001
19920
27514
14258
29781
13422
14223
17856
34773
16087
27439
34863
17742
31498
18854
31407
18560
22427
28753
40315
13305
16974
36358
18559
18707
23028
40775
37379
17141
29949
24010
40216
23168
33795
14259
30103
12687
28179
29709
16734
18991
34932
36617
15179
16990
26632
35642
38855
18936
24782
24785
13989
14892
15261
26798
19343
25963
31899
33525
20459
34923
31769
36642
12678
13281
27100
37912
30377
38593
12866
19775
23889
29356
41082
12683
16507
21799
26112
19990
27685
32968
38101
18609
25766
36971
27677
27685
27379
33853
36423
20733
23586
37970
16427
21616
39523
18990
28160
35641
14127
27241
34997
35330
14719
23022
27020
31474
12700
31185
12698
35404
40719
40904
27488
30620
33146
38020
20107
23097
30783
33610
38805
12714
12716
19704
27791
18351
18482
26984
39130
33852
33912
34811
39136
15261
40789
24099
20519
27045
27093
30004
16546
20519
27045
20162
33421
36681
37541
15173
15532
37979
12861
33353
35090
15891
34102
40246
26225
29394
34941
38271
36908
37104
17715
20009
24897
25553
28981
23236
31248
40682
13260
17517
23027
13260
19715
15563
37494
17504
27836
38782
15311
17777
37423
17960
27294
38160
13148
21756
38832
23054
32538
27365
34858
12746
18843
14190
23053
33841
39161
12729
13152
25466
19907
34775
14118
29188
35632
17849
17856
17909
22502
13120
29996
18843
27841
18574
29784
24901
14547
16336
21072
33785
22369
40556
40656
41332
18629
34875
40759
12882
16094
33415
14162
33590
12762
18230
17272
25670
36304
36306
12763
32879
16601
35433
28962
33456
31369
33605
16139
17530
27503
28150
26366
36938
14518
17782
18987
21576
18788
33415
13546
29193
34083
14516
16094
30827
25351
40299
15199
15311
30068
31661
18404
18940
20847
32776
19901
27340
27342
28928
14237
17869
34401
27386
34967
13165
18065
20094
30547
14924
19852
23509
13432
27257
29110
36127
13290
22872
27200
23328
23725
20521
35402
40098
40546
25563
25328
32962
37297
12769
27118
27836
14223
18131
20066
16921
23088
34251
34868
13458
17770
30371
41296
19983
26150
30629
18676
18676
21176
27806
26241
39983
40146
17372
33088
37606
23662
35385
38320
38624
16097
16106
37870
12791
12823
33394
15267
29711
29889
12790
21136
32453
34621
20754
28179
33468
40577
15425
35666
38174
25958
26039
26490
35669
21110
26536
34583
17782
26209
28157
36423
34299
37474
23097
25578
17460
22770
26798
32867
39817
27258
27758
32906
12813
31266
12992
28745
12849
17723
29088
19746
27118
19201
20050
24099
28258
40378
20006
20160
33050
15420
17292
13763
26233
33796
34200
38601
28757
39130
41435
12844
32768
18281
20835
24810
40789
13754
28164
34271
16760
29185
35105
15679
39043
17551
29569
34912
13371
18521
30586
34069
19746
34621
35559
12968
20921
34657
27942
27949
34526
41423
15743
20152
23895
33530
35701
15204
15328
23692
22397
29080
35101
40540
26502
36782
40320
20107
29080
29106
27849
30830
25145
26445
35690
39145
13203
28768
35028
17284
28111
34956
14111
20058
20063
39921
32222
32227
14157
18730
19722
38192
30747
16994
29244
13081
37491
30775
33412
37739
18191
30747
25678
25810
26769
17062
28340
31584
17041
35280
35282
18492
20149
40246
16866
16940
29101
29105
16806
12855
20004
24019
34957
20847
29068
35278
18487
36786
20185
35038
35096
15497
19858
33007
33056
14460
35310
38182
22397
26657
19395
25182
38424
19136
30741
13225
14910
27715
38698
12872
12905
15328
16113
23849
29102
12888
14262
39806
17974
29009
31585
20096
35019
35022
28943
31586
33146
28857
25507
31581
39146
41242
20083
33054
33720
13067
17800
29021
29043
26652
33002
36577
12985
21497
15288
15740
25606
16193
38962
27619
29304
14509
19614
19630
31004
18094
21782
30680
12909
13319
34648
13307
33585
19613
34553
38911
21363
14130
15965
15975
18404
33394
36936
14059
20547
30046
33275
18370
29364
36077
35038
35098
14506
30827
16698
17062
32911
35099
27855
33368
12892
16534
25501
15521
16786
31469
20487
33106
24843
32414
33395
12928
31426
27520
35059
30435
38986
13021
40485
23216
33075
33078
34752
20235
16310
27258
35062
13258
13556
19584
29096
29124
15830
20232
23200
20482
36380
21310
30614
35115
12909
15204
16530
28119
33063
38017
15926
22815
37700
16226
23963
32039
15197
24124
38885
27601
17405
18875
33817
16226
18858
25169
29293
28419
31634
16039
17736
35128
20231
35133
41479
27556
35137
15291
20553
28120
32250
32181
37854
21985
24579
41324
28767
29281
35109
38824
31823
32474
16733
30716
38378
19084
29620
17147
23050
31615
20204
29593
31299
20647
24491
35478
37701
16002
26533
38135
21079
36672
19532
26685
38140
15981
41089
18992
34553
34576
36856
21603
31538
21603
12943
12955
23904
39967
18966
20749
17530
17535
14918
15525
21815
23412
29064
38203
21207
21800
35237
18718
19269
32958
21013
29461
14488
27350
28722
14928
20045
33623
14066
23607
38194
18004
20910
25336
37314
37782
14739
18539
38223
36504
18227
23062
27126
27864
16821
22723
25529
40433
30364
34594
16831
18857
19298
27380
12959
12961
21483
34648
12983
21695
16006
34644
35235
18649
12964
15823
20932
14645
16283
16877
40694
15628
21643
40867
20954
21348
13014
27143
16166
28726
15163
36219
12972
16104
19806
15349
19797
13434
15915
15919
18928
16043
38362
40446
18466
33692
13187
35495
14506
18181
28745
16347
30858
38292
26617
27833
29114
38440
12985
16104
27699
31313
16844
20986
29039
17917
18103
16253
20952
13434
15915
33735
20321
40975
15663
18185
12993
16757
13419
15582
18220
32935
21410
40338
40341
19797
14899
22733
37617
15789
16553
40496
14952
37971
38517
37596
38378
30363
31313
34662
16526
37021
38602
22892
27043
27495
13412
18797
33477
13460
26351
28123
12999
14481
32355
34677
20303
27708
35240
13612
21442
39666
17636
19719
27122
27785
29441
27687
34613
16207
17965
19082
27774
35800
25680
33159
37775
40951
16332
24529
27690
18728
23230
36392
17926
21557
22982
38403
13061
13520
39738
15444
21844
35789
19763
34647
35582
23762
31214
35244
30360
13019
29136
37837
39930
21302
34677
17576
18770
19748
22060
14058
19742
27146
21803
35246
38285
13027
14351
17339
38574
15845
36478
13027
20829
27917
27972
27914
15352
15357
21677
15880
27183
35257
39893
16737
28079
29485
15365
30539
14218
20615
35253
13292
13303
19768
31557
38572
19122
24171
32541
13915
26687
32541
16109
21655
30970
13039
13043
15355
15361
15947
13051
18368
20014
39718
29662
35281
15923
19832
20343
30374
14365
17786
35251
36603
14365
30539
30666
16071
30771
16241
16243
26741
39300
13323
23648
35233
16369
23560
27723
13086
30148
19937
31491
13842
27783
32074
18356
18390
27720
31554
34366
20646
13059
37588
27182
36775
36910
23157
33281
30136
31079
35420
19875
35074
41572
27167
20733
26579
28162
15269
19925
37259
13799
29044
15698
34686
38542
20479
35416
13073
29204
31534
32901
20487
27745
34990
35387
13167
16823
39893
13080
14545
14010
20002
30280
33066
16085
28730
13855
16456
16653
20222
13204
24021
30996
13624
27762
27907
37251
16123
21826
29202
16812
16814
20476
13440
31036
34215
40390
38650
27843
30802
30830
20989
34900
39718
27905
31993
14195
20727
14911
17562
14070
18637
14160
15991
20251
35971
39586
36608
38762
36138
40503
27797
31948
31966
15194
15211
32351
21859
40382
19603
19666
19898
19220
23563
29701
20568
26324
34624
27561
31226
18124
27831
34499
34976
14087
19961
38059
16045
29037
35358
15503
19202
24606
34832
19588
25768
14022
14090
37927
20698
29186
31896
34861
17008
19920
27813
20211
23405
22229
23585
25804
33379
20634
21624
40216
23256
38919
23941
39225
37163
13128
21756
23885
23243
14016
14064
15788
16779
18965
33871
13131
30194
36619
14064
28563
34771
27781
36787
26095
37091
37102
40261
20198
33404
13488
18709
25038
13168
14574
35590
16383
20368
30194
33863
30142
35644
16541
23500
38501
16214
40018
13154
27188
28964
35305
25168
17921
17923
21434
37102
13195
16580
35285
13797
29104
13694
14300
28924
34956
13154
38337
40648
30862
40042
40562
19420
28592
30654
30660
38628
30692
30701
35644
16636
30537
31503
17462
29740
29745
29147
13168
33794
34774
22489
34793
15837
34791
15755
38994
19790
35273
15694
25611
32940
15748
38334
13175
24230
21701
27671
13173
37525
37531
14433
29036
29453
15437
36789
13208
19768
35393
13322
33195
13658
14402
13196
17482
20099
13168
23885
34863
35257
35290
38572
35634
30545
32063
34935
31406
32492
21819
32955
37645
23799
28526
38896
23882
28744
14498
14677
29830
29849
15555
28670
34994
21537
30100
40234
26009
38353
19278
23680
37003
14738
16020
34562
16052
16486
21570
23442
16344
14356
20061
23253
28924
36582
38501
18721
33278
17538
20472
21581
41423
13211
13224
18101
20182
23504
23577
33338
13219
32493
32849
13194
22133
32049
35908
20047
35284
36519
37165
27803
29673
39177
23754
36429
38565
41423
13210
16181
38723
13203
13636
28769
13992
27751
15820
15831
16611
20256
32105
38230
26343
16357
39128
13496
23526
35460
20491
31392
31393
36720
20362
41200
13212
17983
13224
13612
17181
23526
29482
35397
14026
31245
38682
13223
22254
13237
16880
35253
15874
27597
30448
35085
18656
27546
40655
15501
20841
32845
13229
16772
29270
29254
38075
38175
13227
14520
16567
39931
15816
28436
38441
40124
21226
30114
13233
14931
37767
38233
13231
13272
35595
37924
27352
13234
39750
19879
37809
13237
14953
39932
21871
28970
22742
32447
37554
38518
13245
13252
27731
39758
26176
14899
19706
35444
26859
28929
31711
41551
14075
19772
20723
22250
27046
38913
18043
20410
23809
18043
39768
16751
40332
20556
35441
29172
23583
36866
38403
39768
13270
13274
27734
27816
13269
26532
13625
25671
28880
35806
26485
26924
31933
34985
17977
30933
13269
16792
32060
27791
20874
24476
29247
31625
31009
36690
39364
18536
27065
37913
23894
27026
28934
34406
19203
27033
27668
27664
33042
35831
36026
20830
13278
13304
39697
13275
37293
37294
13276
20668
16995
17870
22259
35808
21995
30465
24853
37292
13287
27678
34554
40183
27734
13495
13467
16317
27036
16701
27622
27627
18152
24306
24671
31702
13302
38792
15386
25706
20309
32200
15500
35350
33927
40227
40230
19202
32137
34832
27195
28083
19949
29941
31406
31715
38823
18288
24600
27817
30798
13991
14285
33029
28363
30005
35718
18126
32594
39380
20548
38986
40672
15482
25400
27984
13306
27817
28694
14480
14533
27814
34594
32402
41180
22760
32326
38574
28707
37744
16976
34714
28721
23833
37756
14555
27205
36353
31415
31437
38786
18694
21216
27993
24226
30170
21848
28700
23186
24184
36654
16957
35437
29299
30185
28593
28596
30047
31491
22966
25754
28083
36846
28944
38147
36582
38501
19708
22509
30969
33070
13469
23207
27185
29359
17083
21629
30204
36262
23120
29872
31645
15533
18644
29866
30336
31525
15763
23972
33072
36691
21024
21025
35626
20601
21804
24644
26697
30103
34880
35440
40289
40388
13869
23593
41547
13840
31780
40661
29523
36318
30971
31688
32411
17469
29637
22571
23624
24006
24581
32425
27128
13509
30732
34051
19389
19394
24808
18888
19393
24158
24025
25893
27072
15711
28188
13352
19908
25370
25374
37417
29944
33249
35328
32521
32522
38169
17338
19598
28469
39424
18140
27291
27587
28144
21569
37923
14292
35341
38396
13771
25361
30847
15980
27586
32850
27735
27816
35599
19109
31903
38905
22658
29855
34809
36568
36252
13808
18544
40321
26370
29594
13363
13642
28746
13416
18297
35340
39281
39571
13803
21053
38055
39285
13387
13416
28746
36362
21078
32186
35545
36461
17093
30323
39035
40039
13373
32981
19308
39092
41485
18587
18593
18333
18338
24075
28165
41437
17134
23252
27238
16753
30189
30558
22957
28048
32252
34755
22013
32871
36925
27851
35545
18486
25811
30179
23009
23021
25132
17145
20027
20451
34785
27221
39018
26508
35501
39023
25993
30792
31648
19724
23073
35515
13420
28682
14232
17909
15280
15413
28317
40591
16938
18556
20756
20941
30233
18511
40775
23054
24858
33247
16527
19948
28723
28696
30226
30626
34482
16322
34535
27193
40547
19016
13766
13784
35260
26917
36953
36960
21601
32442
40837
33666
36710
16575
33623
34865
36413
36964
18857
32721
34876
17362
17409
31938
41422
19589
22537
27005
14353
20833
35648
27164
31633
40643
26091
28766
16209
20654
24885
14578
18272
27175
20065
31461
31777
18278
15810
19468
34784
27348
33846
38044
22974
18278
28991
27350
28683
30553
32114
16559
24272
36356
13648
25730
30136
31079
13428
16273
27182
28857
31694
35692
16863
25612
25623
20373
23158
34911
13436
16909
18485
37957
16734
27744
34467
15393
28919
29106
26671
36386
36988
36659
41214
13812
26113
41014
25821
34279
20699
14087
19961
32956
39027
35914
27859
31509
34307
35605
19948
20527
24139
34359
18926
25518
26289
27295
16459
30499
34943
39037
13452
34902
18976
24218
25970
41361
33556
41161
28094
36899
39077
26866
24212
41358
20684
27419
35591
23087
23266
29914
28094
29625
36899
16990
16992
26263
15844
19040
26263
18826
38532
16770
20716
35620
39039
25716
26105
40776
19400
25527
26499
13478
24762
25231
13473
13596
16965
19118
23365
29542
24641
32837
33952
34609
19991
23362
24594
13788
22695
25870
18885
19317
21955
26585
33770
21604
27793
38107
13597
17540
30008
31353
34983
16306
30862
26282
33857
41307
24942
31438
33972
34490
36882
27402
34152
39175
23168
23381
18482
30303
39131
41427
39716
24594
24823
21422
30549
34043
16649
17482
29074
33476
30576
33531
40504
31603
18798
19517
20924
24341
35258
13554
33111
35466
17432
30728
39042
16948
25978
34315
20134
39091
41428
38560
23003
36011
38213
15003
19264
27554
38764
20156
25985
26000
16574
29623
30542
13574
26706
20766
34073
40251
15164
24720
13535
23101
38058
25538
26585
41548
13574
13595
22294
27029
39468
13516
23094
30780
31675
25102
25105
15743
20152
33078
17761
17766
40129
14837
23105
32713
17489
27232
16735
39091
23102
34051
13562
18205
23833
37767
37829
14910
23239
35259
21414
36580
36651
19994
29010
38058
23962
28211
35131
16916
31070
34971
38297
38320
38699
16990
16992
28990
41223
15440
29964
20236
20771
34941
13561
30895
30901
39054
23089
34216
37749
22363
36956
26087
19335
29012
16445
20178
20222
15487
40695
15728
23672
29138
27757
29202
31299
29273
29946
35942
20220
32860
14319
28854
32346
34271
16025
32302
33926
39003
34513
36503
22490
26913
18121
24393
24850
36216
33319
33366
13565
17795
30013
38139
17223
31712
40141
41066
28034
32170
33816
34979
14364
26830
28210
22201
32624
40051
41061
20621
32647
16915
39231
22072
30893
21881
41489
20506
23090
28786
17643
24194
27794
25647
38380
18134
28265
30884
22210
37042
14896
18013
22645
28788
33130
34217
38053
25173
22378
40294
20828
24683
39355
39357
15129
29864
23850
26259
24924
39885
15511
17133
18013
25348
23183
23572
30163
36156
14915
15853
29014
25774
39709
21349
32725
34088
37878
17637
20342
30905
32000
17910
25239
38722
14719
22233
30052
20572
33455
36727
13594
34974
36496
37884
29598
35328
41412
13621
16111
31334
29978
36186
17352
28853
30188
32747
28381
24780
13597
27446
28366
37036
13613
15746
19870
27254
29814
36260
40464
28270
28277
17623
40217
40217
20357
32037
39334
20492
33108
37087
22233
27068
30478
37608
17950
25296
31383
13624
30557
32230
13619
34622
40045
25058
21285
30562
35299
19823
20344
28317
27921
13716
19854
36725
21999
35788
25411
36647
17144
17944
20814
39260
39401
39943
40385
18316
31007
31388
34555
28959
29592
30555
40405
16782
27611
35446
37625
30972
37056
37616
20494
28846
39481
24447
29398
21472
36818
17998
35836
16775
35343
18304
28104
30211
14745
30220
35810
18380
20552
22603
40618
23713
25398
33324
35381
13641
13642
23774
20363
31578
24410
34732
37545
13704
13718
32454
28319
32467
28309
31905
13644
30405
13644
24405
32251
18297
17430
28342
31870
27755
29851
33090
38925
27561
34744
20343
20441
13661
20333
14652
17686
21476
15746
28582
33216
36725
32598
35171
35718
35720
35857
33826
30438
30924
31087
40371
25579
37035
39486
41000
13675
14111
21962
39592
40444
17582
31868
19941
20341
21311
37678
16802
25782
36179
23800
25819
28605
28639
37175
25912
25977
33517
34111
19135
28676
38463
38512
20928
40510
29184
26831
35814
20326
13692
16516
34934
20261
24123
24351
17087
22098
40762
40764
13680
40021
32141
13699
31325
18127
26954
22118
25521
13685
17227
35141
13697
29431
29437
22027
23219
39535
29500
39301
20947
35861
19697
31342
16623
16725
27245
38477
14764
25548
28897
21112
27491
39346
19697
31010
31326
32074
20047
30593
27589
24328
37683
18388
27059
28632
32036
15292
33271
19003
24566
13718
13876
17808
20743
17080
17573
22236
35134
25044
36061
13947
27095
31794
37506
16988
17225
13761
32287
13716
19909
17264
28395
32482
18055
37480
19870
25575
37549
37552
33331
13723
17447
29999
27961
29552
13859
17186
17668
33295
33431
40725
13729
30654
36050
18738
21185
25084
36903
28408
31221
39189
20928
41492
25936
21015
21031
30660
38468
38759
19366
27625
13881
37938
40980
20272
21011
39411
25936
13737
35357
38620
18552
28197
28332
28451
38196
20551
29274
30088
32554
25493
40409
35504
35936
19943
19992
31400
37211
23696
30544
28073
29836
35972
20961
20967
20972
20974
33594
24444
32972
36285
18493
22425
28442
13779
22425
31784
19843
27746
29721
32010
40686
20562
22507
39939
35878
39521
15227
40732
34749
21026
21027
35875
17131
35458
40822
30860
31646
13783
32013
36355
19048
19707
35674
21727
16724
22836
40592
22812
33381
34132
22345
31456
39225
26937
23510
30155
33399
37491
16390
19941
24421
36748
19331
30549
30751
33400
28081
36531
24455
26914
32653
14590
35232
15081
19619
39405
16785
24280
32165
19508
28452
33502
22204
35222
23457
31043
13816
17055
17529
36605
21060
25066
20752
36707
13793
15723
35222
22341
27877
28808
29927
18522
28059
36352
19941
20327
28415
39959
40550
13793
16437
23671
36345
17164
28516
35989
26475
40946
15903
37552
23126
26280
31500
31548
33172
35976
22138
29721
33169
33345
17683
19710
23701
13799
17783
36127
24932
15416
27257
20457
21056
35899
14545
31534
33419
20271
24998
24610
28512
17981
20486
34745
25771
41530
13890
13925
14138
22167
17585
32614
33628
39441
31547
31548
33169
35907
35975
32912
27283
35425
18731
37082
21508
24326
41336
13831
18828
20498
41173
13861
24129
38039
24263
19593
33107
34558
31490
33344
35988
13828
28422
36717
38165
14145
14156
14163
38730
26472
32437
40783
16838
17833
38415
37196
40604
40726
22341
28606
37348
41264
30557
29190
33703
39066
20491
34743
13841
22565
32419
21072
31421
34685
34696
40075
16986
23173
27876
13878
14742
13847
16095
31323
41234
27858
31770
36079
28035
36058
26444
40865
33484
18060
16105
27353
31323
19122
26687
41547
21112
13885
25452
27476
23317
29633
14675
39989
24490
31662
26782
33686
33769
28515
34183
35996
41522
25003
21109
28530
19576
31280
36028
41583
13858
27611
21172
27505
21365
30555
28535
28558
35988
13896
41115
41255
26013
34177
18870
23148
26555
17365
13902
13938
21105
32061
35923
36261
24420
28747
41480
19507
35653
40272
18305
26439
26775
14794
16081
39729
34127
40979
41469
29883
36056
36791
23554
23573
27478
35919
13877
15138
15263
36211
13885
14327
33526
38615
13881
36003
27539
28378
24355
34179
34256
37929
40984
17032
19302
34127
19175
31839
34198
13893
30030
31019
17639
40994
30596
30766
35956
17379
24599
36057
18691
37390
31374
13923
17075
23189
27202
13895
21152
26790
24470
31774
24495
21152
27290
28571
31774
28701
34128
20981
27393
13925
14138
23224
26109
26921
13918
16076
24002
26903
27425
34397
37582
29428
34128
39428
18871
23159
23169
40389
19605
31848
37168
19608
28612
19575
21202
18893
34261
38168
18042
29713
32871
32872
22778
26731
33502
37039
19597
40114
29157
28583
28620
40164
22870
26313
36552
38050
24521
31846
16928
38128
17114
17246
26837
26977
31846
14082
15717
23707
38706
26031
33861
37511
34323
28602
37627
37378
38068
19561
24532
39471
18771
39076
19881
20193
22153
40124
27234
36712
36735
15029
18410
19606
26104
31450
20168
29341
41263
23576
26930
31951
34473
39338
17595
26591
28921
13957
34680
38227
27000
28653
19227
34029
36110
38666
22895
24643
27096
20787
26897
36869
41550
13957
16162
16394
30020
22621
22622
39129
18584
19236
34110
15094
26453
38732
14721
26996
31936
36930
41506
30020
36257
21343
22292
31887
32699
19101
28330
35028
15953
15954
30437
26992
34498
39654
18178
24423
37665
20140
27750
38491
37665
38078
37154
37169
22248
25017
36104
24528
24596
27604
31006
29683
31472
17195
22086
27291
18536
35964
37913
19543
23894
30283
39468
28768
31241
32040
23473
31674
13981
14395
22137
29219
30814
35517
31694
35090
35688
37404
20131
37480
39723
18171
21924
15611
19741
32794
32802
35993
30225
35380
14626
16186
16708
13991
36044
15349
38247
19054
28768
39706
29819
29824
31495
16843
20206
18120
37023
18020
21945
40519
24023
28768
20002
27504
20154
28882
33634
33743
30999
38570
40695
32671
40607
21885
17495
25462
37223
28758
38138
15395
15399
23601
34636
14002
14006
15899
36156
14003
23183
38627
14006
14316
14515
20704
39033
23796
37387
39065
24607
29237
16293
22198
36500
20679
21635
14019
30890
14013
20485
27504
18398
16066
16072
27747
20532
22118
35018
14577
19982
33823
28563
28893
38571
39076
14025
23232
37695
29322
32399
27162
31063
31657
36730
20276
40975
19468
34596
38067
14025
30733
31151
39980
32323
37370
39791
22997
23596
29900
19247
38437
14030
29550
36557
15018
37540
41554
20402
23721
19496
26968
23103
29082
29501
37093
14037
23211
35358
35360
20393
36633
18498
34877
40523
14041
14373
23724
21578
23669
39947
17410
29996
14370
14739
23687
15276
19975
27280
29264
30682
40073
23796
41238
15167
23530
30770
16633
37061
38701
38702
14526
15833
39317
23606
28730
23777
30985
34777
18184
29075
33415
14054
16390
35276
35585
16876
24094
30667
33929
35114
35275
14368
23042
14365
30540
33258
15197
16100
17925
23125
19780
31633
15149
18386
33328
14578
16922
35487
14062
16563
35489
35648
23546
33704
37434
38959
29996
38061
14068
18850
21342
16761
20421
20680
34713
19033
15063
23047
27992
16041
16620
15527
23552
16161
22883
23015
35353
37172
15265
15549
20730
15686
18198
23482
33887
33920
38107
38126
36522
36523
15025
16197
38295
16643
22504
14088
29522
35585
36251
28899
17805
28972
35321
38149
14085
16161
37927
38059
16657
31308
31336
14091
14133
19625
29524
14859
35364
14091
14122
34947
37927
14346
21790
30726
16508
23994
36123
15360
30883
14096
14122
22540
34615
15988
16341
35635
39201
20341
24239
36246
14213
14295
26738
16369
23740
34399
39014
15642
22370
25594
31034
33894
37280
37303
14527
19745
21140
39730
20367
20385
39929
27121
27124
30361
30428
20784
23061
31398
20929
26959
35094
19643
20327
34399
36251
27810
38728
27809
39907
19096
22952
31746
14114
17171
24153
35473
24176
28553
15269
19758
35955
35634
16674
18192
31529
35545
16897
30453
33549
17399
38154
14133
19907
17356
18133
18512
22403
14151
34703
38745
18512
29215
31640
17757
19622
34485
15092
31454
35386
30814
31605
33721
14137
38526
17550
23193
30580
34859
19347
20728
24182
34995
20477
28609
24751
27451
40588
16126
38610
26096
16428
32145
39241
17537
21990
27342
37877
40125
29201
30822
30840
17748
33654
17527
28585
35901
39571
19521
38729
17938
23370
29253
31200
35064
22143
24850
27291
19874
22263
23426
37833
14166
31553
35821
15837
28508
30447
30617
34929
38533
26340
32272
34804
16377
23372
37342
38727
16899
24061
40795
38745
14535
14583
40483
16043
29362
37651
41171
21359
28370
38565
29723
38329
17205
17880
27768
35799
38745
22880
37406
16544
23505
27810
38573
22521
23763
23793
21259
37741
15576
17437
18156
18124
28139
33794
34774
38586
40160
14179
25192
38488
38548
22883
23011
23015
37926
14226
15859
34144
19665
22050
25160
27021
38545
39933
39940
14201
20406
34413
26955
28717
26851
30024
20623
21398
35726
23129
26311
33820
34413
36075
16115
31269
39213
24991
37914
14207
18520
41487
15916
38946
39162
15986
17672
28036
18592
26010
33390
14577
17396
18849
33713
14469
16799
23690
15372
35290
30400
35332
38329
39479
19811
25682
15704
16804
40646
16273
16826
15827
29723
32205
23483
14532
14848
34663
35684
27431
14320
40917
14919
14967
14214
18822
19312
25677
38339
21436
32237
36620
23198
35772
21470
22070
22209
34195
26380
14967
28484
20839
24927
17872
21270
32989
21290
24713
32387
35576
36075
26044
17881
34561
38301
38614
33543
38043
27625
36002
36003
16559
38596
17757
26962
18771
32664
14548
17731
40754
17813
31965
34510
19446
26846
22520
22572
34489
17308
39704
17308
23542
15810
17396
33713
27308
38190
18363
22197
31650
39352
21371
25765
31892
35876
31563
15036
25290
40563
37017
40200
15058
34666
15111
37102
15671
16741
22566
38585
32403
39495
39498
18016
18363
29531
14738
17881
32863
15142
18917
37409
29918
36436
40861
25664
31135
24271
25890
26854
36395
36425
15356
25880
39797
18366
22581
14272
14286
14262
30045
37190
29734
34641
18885
26703
19124
20744
14785
41487
20526
40800
24889
25005
25144
34508
14266
14270
19805
27143
24670
25180
14267
17901
37987
14270
14353
19322
25270
25342
27129
27432
36198
41385
17927
35540
14273
23920
30496
14288
30500
22190
25227
33821
34800
34803
23221
32723
14286
23221
27672
31035
31345
16350
21925
31505
20473
37918
14920
22334
33148
14390
36535
27670
29172
36537
37859
14288
23751
33554
34700
37869
39771
40572
25795
37271
27443
36789
14294
24600
15500
27358
34845
17036
19202
26765
28214
28761
30746
38079
19451
25616
41531
25260
35250
17985
23570
28935
19249
29351
14303
14305
34714
16976
27815
28418
30492
34807
35097
14311
19197
15901
35143
37910
38328
18992
36384
32023
32176
15958
20215
23121
14388
17484
26022
34678
27815
28708
28722
15675
21635
17048
33541
23921
27794
31107
18179
25190
27009
20517
16536
16989
27306
22043
25160
38546
19318
24691
15383
40278
19041
19691
27760
23433
33566
33632
20459
25734
25749
19781
20932
20937
20957
27533
30055
18418
36501
38490
34550
39664
28021
31557
35254
27557
40591
19672
23356
23995
14451
14452
15309
36501
36437
36469
30388
34718
16908
24003
14459
24669
25989
22898
14346
14451
21790
18744
21621
39040
18096
32409
18092
14579
18450
35465
35474
18115
18580
27384
23744
23907
18654
19898
21069
22925
17355
17369
17388
14389
27320
28928
35329
16570
17927
24746
41531
14358
14362
23499
30731
17635
28946
32294
38262
39709
40095
14861
36316
39631
14529
19740
21550
25780
30733
32639
36773
19500
14368
23715
31263
40737
32176
38172
19774
30666
14565
23714
14373
31075
17822
20268
20732
14373
14374
23787
31075
39767
16312
14379
16073
16927
30994
14384
38225
22631
15649
27842
35186
14384
21568
25669
19161
20459
34923
35355
16490
36516
21569
25669
25676
35355
16402
16403
20372
21569
38712
16018
21798
29441
16074
27629
35166
14393
14402
14394
27457
30675
27242
30748
14398
19694
16533
37518
16107
23412
31127
20248
23684
30713
16466
28976
16432
22290
14403
20063
22377
24788
19886
20984
40122
15523
29798
16337
19952
31406
23264
23331
36499
16656
29407
38502
36449
32420
35771
18847
31565
34877
41014
16109
29051
36468
23363
30890
32399
38881
16297
29487
39901
14427
16175
35346
14427
16235
29109
30769
20693
28146
38014
28706
28711
30496
15009
15357
23522
16542
36480
14455
14424
14436
32732
38365
39418
39416
16641
39416
21658
38425
14954
25360
27646
38363
15362
27968
32420
20920
25341
41452
20321
21355
21695
25979
15253
21701
36207
27635
38520
39418
16837
36458
16404
29047
19887
23438
39099
16385
20505
36685
38075
14614
33568
38658
15996
30883
38372
15145
30777
16817
25287
25291
30736
31111
14448
14455
15438
23619
14466
19868
21692
30861
18418
15303
21705
15654
23394
30819
16153
16429
16966
38281
38359
40586
16200
16255
25245
15039
20726
35206
21697
23493
23226
23229
30261
28242
31337
35080
17829
15013
21697
21701
15460
30874
37607
38577
39344
16441
36469
30865
36317
14499
15289
24562
24669
20512
29375
15389
25681
32286
30021
30189
16750
22141
15671
15672
38417
15768
16212
16588
38147
16630
29137
35755
27149
27153
19868
20284
30863
36317
31347
39009
14482
35714
36508
14484
27982
27987
23361
14486
14489
23414
35241
38653
15910
16138
16146
14491
31259
38357
14489
20336
24606
14491
15737
20671
28603
33783
23013
25722
40957
15349
19797
19914
30805
31179
21352
31415
31437
14777
15612
20541
34452
14498
16615
27325
14687
28740
25989
33352
16045
29037
16008
16126
15472
34834
35357
27797
27799
31967
14517
14524
31635
15518
15519
30624
39005
33415
22979
28645
35862
30682
14853
16377
23372
14838
14855
16377
23546
31001
14853
14855
16391
23455
27646
28738
20435
30765
38246
33795
14524
16984
17685
16587
38412
33060
22015
35220
38104
15113
19690
36038
35980
21576
22958
27665
38918
31218
38249
27772
27774
14536
26297
33689
39998
17635
21150
39753
36510
38506
19781
27163
27977
27982
22965
33208
40006
40077
16305
39125
40562
34205
40198
15068
33549
40249
29726
29756
27331
14560
28755
29133
14542
21578
27486
14546
35418
24526
27239
34636
34637
16111
15682
24316
31771
34010
14557
18849
15191
38379
15697
15712
19858
37973
15918
26758
41348
14557
20066
22502
33543
26832
26882
28224
19769
19754
29140
39286
17725
16247
16325
23686
23770
15220
39516
29097
34831
33193
35819
14573
24869
36643
18457
14711
38969
20348
26139
28074
14716
17244
34804
30691
32663
39140
39259
14595
30298
18563
20001
30746
28832
30197
34820
24773
40901
16276
28755
39067
16859
24175
32283
38801
18922
37192
37347
41086
27883
28986
20721
24302
26347
18615
20001
16534
21469
30127
30366
29357
20000
27493
19271
27075
19442
20604
24055
16676
31467
21330
28241
34566
39618
14595
30066
30298
37341
28042
20200
20640
26712
27263
26354
28662
35726
25129
34426
21020
22487
38810
17917
17321
31316
34474
18499
20721
29758
33162
16302
32544
31786
36559
20987
22041
24298
24275
26870
26916
21287
28765
35162
19315
28794
14616
14664
14674
30900
30902
36001
36733
14618
37033
14976
40491
39350
23034
32758
24336
15297
17787
37865
38360
15318
37865
38433
38515
23908
24485
39609
23447
30970
21496
21939
25632
28851
17576
27692
14649
14664
16367
17510
14623
18459
23800
31235
31270
33156
40507
27992
30206
16569
19628
35577
19431
26607
33238
38930
32940
16473
28942
30786
14631
16885
20446
37590
24630
30230
32371
32378
17602
32021
17827
30816
16283
16321
38181
18393
24163
31751
17182
35564
23126
38983
17057
27920
37578
24599
28577
36059
28493
37807
16929
28448
31723
36063
17230
14842
28467
36973
14645
20446
16127
21097
24142
28239
31095
16720
19749
23589
23817
14651
16172
30967
14661
16160
23366
18337
40010
41250
16993
29241
39308
17572
17948
17656
32560
17336
28342
19333
26645
30583
32713
17079
23909
31907
30967
14673
16739
25620
39041
15733
15961
38700
15481
27693
30338
37670
18088
18090
31827
35956
23954
30017
32148
16326
30786
31269
37796
39234
28395
32488
36973
28537
16729
33387
17576
18779
34249
27660
28533
35924
17925
31348
21575
38531
14693
16008
16615
19740
35721
40006
27147
37288
35557
16592
24073
26505
28012
17197
20135
28945
31586
20976
22508
37917
18899
21197
22676
28613
14693
16041
38531
16463
15472
18045
34839
34937
17345
19288
26992
17480
18154
22285
26935
21249
23379
27651
16739
37088
37093
28864
34825
38230
15000
20196
30422
34812
37900
16187
37434
33938
34112
35005
14708
36114
18085
19330
34052
17165
17217
27253
28110
19531
22764
34353
23197
31179
17937
21417
38747
28849
30671
14709
15428
34350
40233
41077
14711
21314
31201
39483
16924
36175
33449
19833
22464
33699
40825
40911
17358
23001
28063
34668
37887
41325
17811
30401
14727
15017
19245
37173
22582
32801
26375
33893
23269
29405
30695
39157
29405
31085
39157
21780
40122
29702
29736
26410
29983
34352
21452
30232
15650
14730
22650
33143
14748
19812
27564
30705
39823
32246
36269
17045
28521
36106
17047
24348
31133
32524
15638
15649
29774
17571
21629
24417
30205
17658
22409
31563
34561
28479
28522
36663
31971
39463
24382
39305
23523
23530
38343
31421
31527
34696
21543
24297
28467
36242
36759
37042
22650
14770
19468
34947
38065
18095
32022
28875
14755
15625
19718
36054
36072
14755
38310
38311
15619
16103
19273
20887
22558
18023
15292
27084
36539
18114
18208
20583
39927
40437
40440
15236
26025
36600
32449
18401
41536
18949
29435
19055
19142
33753
40007
15146
16513
14882
20382
38061
28578
36944
21711
28756
39186
25375
29444
36886
35786
38421
15191
23770
14816
14829
34326
34948
25637
38255
32508
36541
22375
22726
29055
36859
24362
15128
19352
38228
19328
21166
14809
17963
21505
22169
33127
36981
19406
34160
40108
38408
26355
26580
37816
20307
38013
22187
24564
21395
23675
30168
15227
18365
40689
28701
18323
14805
15281
21076
25624
17707
15034
30122
32338
37782
22897
30265
18716
33272
15492
22126
34682
39110
19153
36936
41111
19953
26569
38438
37369
40619
40756
25107
26259
36706
20115
25089
14981
17693
40472
23479
34348
37218
38087
17992
17964
20851
28279
20864
28896
30921
22234
35879
37053
39445
18282
30920
36375
15535
34857
34915
27631
31265
27541
32035
14825
14829
31539
18078
33044
16055
32239
37857
20951
22788
32111
35871
41006
33496
18118
19982
33823
23314
28703
37717
40142
24244
24258
15776
33066
14833
17052
32102
25726
25998
37187
18118
34948
39027
34142
14858
22751
33765
26169
33733
38264
40913
14845
25613
29082
15988
23314
28703
26376
26377
33738
26169
26256
33876
23273
33799
39784
41172
37391
37505
24464
40272
40765
14869
33569
20707
20710
21514
37039
27127
27285
36813
24882
37896
22157
26184
26892
33763
22274
41569
19227
34024
38690
19641
34004
38597
18154
22400
22783
28923
38431
19291
17269
24576
32702
36104
33764
37157
16713
30504
19530
32645
38140
15011
21541
40490
14869
14875
23101
34216
20563
36644
39456
19020
40857
22517
25571
25579
40930
23097
18683
24310
39544
21505
22864
33127
14875
19330
32713
18382
22283
20428
39229
26573
34052
18902
19031
39049
19581
31846
16503
19875
29144
20010
33046
35075
21142
18741
24029
35984
25517
25862
18867
18947
26255
33736
15707
20924
26499
41528
41556
14887
31175
34822
16137
20262
23670
15751
27322
17262
14894
14924
27250
36457
14953
22049
29663
23182
37319
39740
21768
34936
21580
21801
40326
40329
22647
29974
37523
37565
14924
19852
21768
23506
15325
21410
19830
37038
37559
30309
16996
17917
37341
21476
25296
16808
29531
18182
21840
37624
15376
19830
14917
16712
21430
23757
17997
18295
31757
14953
17389
38518
16392
21302
37476
40428
15905
27055
39264
39832
19368
24676
24780
24781
15281
35981
40619
20284
20467
30863
39585
22402
29462
41037
21018
24894
27193
22334
30951
24894
28985
24131
24423
37773
38078
23755
31236
38321
14940
27428
14934
24895
17052
26344
37194
29964
14996
39665
18362
21977
26029
19095
25768
16189
22418
30095
19540
27775
17281
26316
15002
26460
23955
16238
22034
33620
19147
24905
39945
20380
28865
29630
20819
26601
34174
22293
25561
37302
26603
33872
34187
40008
19067
25086
31621
40493
25188
32789
36926
24855
25257
30308
36585
38088
16370
16641
40448
23068
33403
17875
39284
25185
31745
37613
40492
15392
37455
29121
32660
39479
39483
16455
38386
39140
18465
26957
37442
35494
35637
15387
32290
36890
29783
32660
38386
36220
38995
14968
15649
29777
39166
15192
16047
30828
30053
34555
15183
26675
35670
14979
14998
28168
34087
37751
15982
16167
30703
40669
14977
23269
23395
30994
25970
20147
23469
16323
31387
14983
23828
38598
16180
18201
30936
34246
36840
14998
27799
30722
15766
20167
39947
40016
23975
31420
31988
32160
18228
35455
18653
28890
16548
34850
32375
37337
37776
17697
26227
37362
40300
41421
17961
37231
16135
16165
16299
39482
25899
39545
23853
35218
38395
15005
15156
23460
18045
24844
34001
17760
15003
25617
35654
41244
17798
26137
15891
34952
16040
33299
17512
29596
36922
28859
36882
18011
22881
23242
36677
36650
36651
15014
39377
18244
37669
41002
18527
18548
19849
22468
15016
15243
15748
20142
15244
21697
16171
38127
15542
19078
19337
34056
34245
34952
41244
15735
31174
40351
24741
33915
15025
37648
25538
28915
33767
15711
19275
37763
16349
26730
31172
16055
30838
32239
31246
38410
22326
22581
32451
18005
21997
22038
31157
15048
20926
22361
26814
15918
15975
26889
33721
22535
25660
33182
37379
24975
15049
15090
33213
40884
15228
30041
15083
27919
24431
24442
25127
36446
15043
24435
33872
34019
26197
26569
38438
38459
38447
20100
26023
35123
15330
15047
32660
36446
32716
23620
17080
22223
35889
18193
15055
15068
18745
34864
17975
38835
40247
15065
15502
32352
15067
18782
29352
15064
30842
40243
40254
22259
24135
31804
28287
32156
39445
18651
23950
27940
31025
18683
21374
22412
32146
16827
24053
17087
36644
39456
22522
34716
15268
15370
39851
27388
40728
15068
38974
15097
20042
36769
37080
32614
23238
24424
28883
26313
26319
26608
21167
36752
22640
26790
33734
28927
39700
24637
38408
21396
26543
27235
26785
26891
24913
39580
21009
36143
27151
34663
20844
34099
41514
23473
26737
34441
21953
24535
36118
36147
15088
18061
27409
34600
17746
34394
41385
15099
32142
21703
23857
21821
33898
22194
41501
25330
26615
34127
24672
20717
25129
27166
35503
36609
15141
16287
24296
25940
27291
24776
29454
32188
22387
32681
24501
36857
15121
20940
27637
31129
15117
31649
33330
41359
18234
21600
28813
39642
39643
21792
33067
35792
39399
40458
17923
21741
31058
15667
16514
30648
29963
29430
40564
18499
24721
19191
28992
33486
33513
15130
33462
38951
29164
27604
31189
20043
30544
34837
15978
29374
34332
34516
37528
37754
32691
17317
26846
18715
24120
30832
20294
17446
22855
29925
38297
19449
34352
26002
26772
37264
31444
34488
15136
20269
26605
28814
33815
36338
37406
22975
40570
38240
20951
16801
23048
23528
28043
22990
35725
16408
15153
31145
15598
18545
18246
32450
33328
22164
30097
25723
18410
22479
22687
21711
25475
25502
38922
26551
33969
38891
18964
23474
25751
27545
31699
31718
31559
37814
25864
40703
15176
35659
23527
38311
39553
23527
30834
31152
16149
16240
22038
37328
39912
26087
20054
32766
24355
26615
26616
15172
16163
30706
40518
15551
23432
36099
41550
23891
33349
35686
15174
23643
36434
40064
40518
40521
15179
20131
22492
31105
31290
34562
37901
29657
27012
37062
37780
40482
15185
15196
29541
35405
16281
35187
35196
24622
37383
37531
37774
15190
20154
19848
19853
23397
31453
31259
35165
38357
40788
16327
19663
21151
22337
33138
20071
38617
39903
27205
35241
22166
18420
29826
29979
15196
29687
31832
20188
21483
31348
32343
38804
40283
40285
37423
33096
16756
16822
30203
31184
17878
37632
15208
15210
16100
38993
38997
16302
32804
37343
16453
38384
15222
20440
36325
15213
18010
37450
17413
19346
37818
38483
18439
33355
39772
19987
33352
40586
18098
35763
16174
21987
23320
32636
23462
23466
39414
29218
39533
17777
18129
29663
37048
37234
15243
21702
35178
40941
19296
28883
37119
17707
22673
25012
33270
16058
24194
31107
18496
25806
30048
29195
33946
22452
24323
34762
37060
22437
23928
32177
37182
15476
27576
17487
22602
30383
30663
15502
29577
17455
29662
33898
33907
19999
20022
20198
29195
29646
29651
31331
41412
15244
38334
26465
15256
26402
37740
18886
15251
37742
24030
35814
39371
22824
40371
15698
35399
39930
29586
22926
33441
37470
27671
35182
27170
24932
31475
26164
29586
37742
30420
40818
41069
30012
30350
41071
21992
26075
26086
19744
35537
16550
21377
37357
38784
22774
36313
17802
30944
15365
23237
30666
31989
37086
37609
15502
24845
25481
36532
39899
18675
18767
26011
26050
39122
15655
22311
22845
19408
24648
24651
41529
23530
29140
38656
23721
15979
29153
41191
18809
23653
41126
33088
37604
20344
23070
39391
19450
20277
28853
21441
22466
33224
37738
33008
18382
22125
41515
41516
18565
31362
39237
27165
19875
28397
29144
18506
23339
37153
22585
32007
24800
32450
19841
33331
25812
33082
31888
34021
35902
17933
24813
36208
17049
18223
25812
29400
15889
16254
17350
19106
39679
18187
22009
26068
15309
30784
22002
35788
36169
39917
17508
17533
20355
28801
15308
30935
21917
27930
34269
16365
38418
20782
18754
23450
33616
39122
40357
18029
25236
25455
30162
39404
17536
37121
37605
15320
25192
17718
17787
27635
23594
23595
34536
38418
38546
33992
26414
41199
41326
21419
38769
15483
22430
25487
29460
30101
29207
34149
39173
24440
32887
39777
37750
37984
15727
15759
40585
25885
15336
15352
29317
27212
27630
35104
37380
22773
25699
25778
36588
38448
38488
40157
31134
41310
15357
20291
17790
21231
35809
15352
29056
29317
15607
34177
40949
41525
19974
34070
41326
18076
27440
29448
29702
28049
32366
33829
18595
18641
21430
22928
32363
24113
24754
41229
41287
25226
41533
19087
20471
29888
33975
40494
28704
26839
27130
36109
36124
36506
21346
37532
23423
36406
39107
15361
17774
31556
38892
22711
27092
18062
34854
15453
33329
16540
34690
29712
16023
29305
33329
15547
16724
22836
18206
15421
23305
38374
17646
18123
39282
18166
39840
29502
28554
35339
15394
28765
38201
15496
34975
40582
17505
19061
17933
37167
38778
38785
15380
25578
29105
18868
36775
36776
20137
39822
15384
30521
40758
22601
37232
26153
36978
29917
35498
39634
23081
18433
41143
16802
28919
18974
39294
25840
26957
29717
28943
28947
15397
30735
22277
33448
15399
15402
31112
18579
19701
30344
27239
26145
37346
18799
18838
23886
30084
15405
18489
21510
32445
33581
22743
37437
15625
19588
37278
30845
38258
36172
16450
16538
40590
23840
40250
41062
16932
18436
32128
18479
34719
36802
37030
39016
18481
25834
29020
30620
15418
24734
26559
16578
16876
24587
26423
24661
15453
29063
15436
26338
26561
33401
35614
38738
34087
23983
25438
41445
15486
23635
29123
34333
34896
41077
19549
19555
22890
28224
15431
19498
18737
18585
23298
33295
30333
16308
16349
27654
17448
17513
15458
29427
23716
23400
25248
15462
15716
20171
19594
37287
18178
24134
18306
22112
25598
18199
37367
41197
16482
17402
21950
29366
22793
25529
40482
15450
35176
37560
37579
23735
26467
27941
31271
31803
31806
33118
37452
23674
30816
22682
29013
34202
35607
15488
15489
16311
38173
25006
33954
34067
39358
15463
21218
40254
34881
16550
15617
20741
26238
19894
39519
39538
16866
35066
35157
38372
15510
15539
27585
15468
25207
21694
35758
37919
37428
22383
22709
24075
34569
36871
22754
38494
19411
24454
39528
26803
27004
28580
19604
24842
26534
16539
33056
35062
35062
21827
30809
32302
25142
27228
38538
17247
21170
33904
18314
33147
21367
36507
25787
37455
25508
25949
37383
15486
25000
19860
37534
15487
29123
40607
19614
15499
34758
22729
28344
39507
17207
29807
33327
32362
34683
35667
36778
19046
25532
19187
35661
19343
25955
33996
28119
33016
15506
39435
39438
16398
20791
21537
32844
40235
18081
19199
34717
15508
27335
38399
15511
21607
15540
22609
39595
20336
28683
32069
16239
31278
39181
19515
17385
19414
15518
24028
40391
40481
25568
36427
37025
20640
27263
33354
35090
35092
35685
20770
37464
37642
16935
40162
40241
29240
32999
29946
32832
30082
20378
20442
19537
22792
32656
21849
39819
29559
35772
31050
35424
25394
20956
36327
29955
36259
18830
30098
31528
15918
34336
37323
23515
26024
15538
32920
35105
33807
33838
29214
33284
20484
36772
22738
32621
38159
15552
15603
20692
32438
15559
15942
35739
17802
20628
33729
35048
35053
15549
22807
34325
16874
34410
39104
20194
34033
34034
24105
40139
34209
36264
25992
31645
36247
16572
20455
38639
27595
32922
19463
23716
27796
37280
38278
38624
15573
19753
20878
34658
32145
35382
17448
37499
22851
32406
37430
31529
31532
36461
30696
39381
33829
41334
40734
18825
22705
33694
37718
18783
21618
22946
29629
15603
21978
38344
19244
28879
15769
15794
34767
38716
15770
15777
34761
39725
21714
32803
33564
19241
40536
15586
22708
41145
22297
22401
28985
25584
15597
22712
23678
21602
21751
15587
24413
21623
24111
22449
24311
30026
34337
27963
39008
39755
15592
16053
30717
20248
27083
26047
32503
39692
39920
22819
34061
22264
23851
39836
21208
23588
24859
23447
31262
38102
22337
40608
30717
38211
41204
21653
21714
23678
15608
20246
23024
17993
40718
17816
35148
18440
41204
17459
22492
39583
15633
15646
30731
41019
16492
23687
30834
39553
19709
19718
38310
21096
19237
40374
17573
33119
35136
35965
27528
33725
29367
19822
39299
19044
27007
15626
16698
28119
30513
15625
18497
15958
16225
29278
28806
37164
17638
22173
23285
40864
24088
41186
16363
19919
27336
32229
20145
33063
33082
15628
21459
36207
38180
20242
27336
20000
24809
16729
19186
27490
40320
32512
37257
15664
40931
40949
18367
24909
33702
37187
22579
32455
33274
17411
22717
40433
18649
18789
22656
23611
27842
30706
18704
26032
40605
15738
23812
36996
17953
21835
18340
20531
33150
15651
16047
24759
29372
33017
37769
15647
33987
15664
21106
41525
18059
37629
16245
29135
23461
21343
23461
35186
39823
15662
23399
39824
15659
15660
16424
16424
39824
16171
17233
40709
15715
15739
28242
31337
32436
37443
39297
17485
22845
16070
39263
39832
31085
39826
39832
20031
32523
39264
16179
27661
38243
36911
22300
34601
39454
22711
34601
34604
39454
19690
27441
34551
16820
27653
28975
36012
17081
21288
30650
40159
15762
15869
24781
15696
15675
16447
18259
21761
38124
38946
23801
33600
34277
34842
38417
27268
38167
16031
23019
26693
28418
23016
34749
28422
28435
31176
15684
15691
37138
40640
34838
35418
20177
15696
29019
23572
31257
40283
15695
27122
35571
17630
23066
36005
23134
35571
39208
19775
21497
23125
35691
15696
16741
39209
25906
27192
27364
18049
25489
31085
15702
16539
33056
20320
35759
38503
38528
16532
22910
33470
16768
27224
27328
16262
27550
20460
33033
23579
28366
39891
17590
18501
19977
34185
29166
29168
19266
21572
23824
33912
30575
33453
33637
23080
24378
26214
30027
15825
16310
20352
19341
39691
16460
29946
29955
20145
25588
35066
15751
33131
34250
19408
25944
34208
37529
18605
40008
41580
15834
27161
35559
15728
16503
15871
21741
21744
25153
31358
32868
15727
15754
39331
20520
25455
39422
30875
38241
40889
29947
29955
22856
23761
28115
32386
37021
38602
20859
27249
27642
23141
40392
31023
31170
38707
33804
21540
38454
29125
29955
19831
19909
16862
28947
40162
20028
34738
23216
30545
23141
27255
31170
38446
25587
34744
29339
27378
38673
38707
16142
16365
22035
34533
19859
15789
23327
30866
39326
15759
27264
38282
23694
30987
36215
15949
27163
27140
31481
35582
16561
16562
17353
27153
40777
18269
23122
33144
37594
18170
34724
39889
15886
32433
34375
18197
31116
39800
30006
16750
21794
22943
38913
36788
39974
26051
41566
23409
31274
40156
15770
32929
15776
22562
18889
35596
15850
19761
30082
37577
15784
34767
15784
18479
23037
28249
28321
15781
25695
33626
40918
41576
16962
33189
37869
25525
26656
27521
29436
15786
23392
37387
39070
35422
18720
40758
41013
28976
30649
17442
20025
38389
38468
38061
38065
18219
26092
19930
20558
34873
15806
15830
32860
35111
17434
19973
25638
15797
32929
20742
27397
27500
31618
25242
16772
23728
25242
26465
25623
29348
16689
18642
15802
15809
41382
15819
18370
29364
15807
15809
30790
16173
18245
15868
20169
27523
15829
16715
18487
37739
15956
23342
39919
15819
32906
34596
33752
37877
41116
16128
16194
20230
27528
15856
15870
16193
17853
32244
15817
22950
27524
23258
23715
19878
16696
18484
15825
35076
19805
38933
18164
19742
27161
35711
34648
37984
18141
31447
31021
18172
30565
40548
33140
21477
21497
27704
30363
20170
20480
29287
17222
27541
41572
16104
21059
27936
23693
35370
18164
20045
20714
38806
15843
20229
31425
27284
28557
20455
23143
37324
38638
17594
15848
19336
23429
30376
41299
28754
36782
38079
20232
29273
35135
19991
26244
34059
29066
17532
17562
17564
16207
16411
24667
31039
31509
23062
27864
15854
38496
39657
23412
36478
15869
22586
29910
15950
31762
22903
25903
26323
15883
15884
28776
29071
38137
26632
18131
19661
37886
16077
25100
27569
30517
15864
37311
37368
38263
26392
34058
41287
19661
38306
31764
33533
33552
33257
16070
23544
29249
29255
40127
32431
35107
15882
38263
15950
29290
23278
32243
36879
38330
41300
41321
27585
41158
23334
23487
39641
29328
35139
38347
34290
41107
34697
35114
23206
35254
18567
22910
28705
38116
35222
17738
35107
20229
20232
35108
24031
37302
20322
35574
36071
16627
23395
29081
30993
15891
34071
24871
33696
39649
19164
21722
38270
23749
25953
26641
15896
37739
16715
28216
20170
27566
18887
19692
30432
16362
17984
31254
15935
17821
23259
41300
15935
25112
38330
21917
34206
34269
18030
21640
23615
22010
31387
34547
16954
24257
24873
36393
37200
16195
21666
26396
16220
26147
33537
26407
39588
22843
20973
27936
36604
18854
20859
38410
16457
23919
15917
23053
30590
30592
15926
16854
36615
16895
30568
31375
17497
35266
37172
27178
27195
27200
20290
34719
22600
25758
38030
15975
37332
31072
35201
35300
17386
35172
35201
16654
26949
41321
38093
37910
30380
25676
35355
15937
17234
38333
19966
30724
32668
29358
38417
27565
33949
33963
15951
38308
15957
27593
27345
27354
34544
15957
30635
35048
16054
30733
21722
26741
29139
18384
24774
40862
25272
30889
30894
32571
19785
17786
19772
27169
27996
34676
38496
15964
34769
38002
21559
27339
27299
27853
25676
34706
38713
16372
31233
38225
27566
24126
24666
16338
16393
39632
16430
35364
38731
15968
23529
34741
35411
39064
19891
16652
30450
37700
16185
23433
23616
25633
15969
38519
23529
25883
38594
25283
27165
16375
35987
40830
18412
24126
32943
20895
38208
21340
27607
17298
32838
39623
40132
22039
32742
32755
41191
25108
37377
40062
23566
15981
29328
39623
17816
32838
16119
16173
36220
32711
32755
36451
31159
32613
40426
29902
38682
31372
39440
16985
31223
16377
15992
29304
20435
30827
17989
39368
39414
17766
20499
15994
16000
34896
34333
38133
21707
40784
28693
25044
36062
36066
25194
30650
40157
38625
23319
23343
38133
22290
32667
20677
30869
16365
30935
28071
16375
33537
40911
35721
23914
31446
31636
16416
27651
16014
29200
40139
21935
23236
39931
19840
16647
17902
38597
17398
19840
28228
37414
16030
21675
36475
33281
23270
23700
16307
19259
31290
16029
18961
19931
37280
38278
16234
28560
28842
29374
32582
35122
27486
28425
28582
36378
20180
34739
16029
21675
16030
25293
38202
38371
30492
31393
34750
17205
38505
36240
32967
35137
41540
25246
37661
38296
16042
36505
16039
16048
35840
16065
36505
23379
16065
33262
21329
26428
39171
24697
35840
41502
23461
29281
29945
32249
38553
39213
16051
16057
31401
16056
20404
16620
23684
31151
38661
20287
16057
23638
38404
32201
38361
16062
16075
41166
27800
38361
23518
36197
39575
16077
16117
24862
23304
23667
23731
33269
37821
21720
29109
40009
16069
16074
21194
16079
30997
23500
38697
16338
16393
34699
35355
16079
39378
16117
29302
26955
41169
16108
38428
38600
33388
16451
19890
21743
36541
21785
16084
27849
30830
37630
16097
20989
35183
16106
23660
33250
16102
41388
41565
23544
39157
39832
16181
16258
30995
20285
28831
29573
23270
35403
38319
21347
23318
16105
41219
24106
29751
31896
38831
23660
37823
21998
23068
36165
18568
39843
19762
18477
20698
38311
34657
33845
29072
37596
30778
36478
36965
38429
36464
31059
21284
21826
29590
29593
31350
38147
38689
16186
16664
38662
20288
38876
27529
29590
31999
16118
27562
34487
23401
18366
28814
32737
33092
36694
40130
16127
28727
29204
27655
36453
27430
30441
34707
16465
38526
16145
40245
32942
41482
31160
38440
16485
37382
40734
21586
23876
18005
22782
23646
38997
40121
40126
20362
21322
39958
38969
40245
38735
39332
39348
16154
18065
28801
21449
35428
35312
37047
40325
17864
30720
30730
17406
19661
37368
20446
36171
16519
36197
39575
16150
29371
30854
30213
35458
23320
30854
35199
16167
16178
17634
17711
18504
17607
18183
20050
21359
31234
35394
20245
21825
21553
38507
20587
21673
23286
30718
29918
37025
40925
18979
21218
23305
25301
38662
20502
31442
38227
38674
23536
30987
23177
32934
35309
21314
38386
39483
26504
16240
30854
24036
26695
33518
23888
31619
17104
23349
29226
27103
18287
40531
30769
36459
16409
30964
16179
27661
38186
16182
21379
23471
25496
28737
38996
21355
29334
29453
17867
19091
33566
39476
40806
23405
25341
25360
26396
27103
39588
40916
23739
32178
34690
21549
29208
37333
20229
20225
32868
41464
38508
38513
23502
33236
37677
40030
23288
29051
30970
38186
16253
34891
16259
19731
34607
29095
30970
23200
27590
16451
32175
40573
40896
21119
21122
29211
27119
35822
19747
37818
28985
39726
24557
30532
16953
18524
33457
32820
38589
31009
31010
21333
29108
41405
23666
23775
18501
33407
19521
19855
28664
39120
16222
16366
17980
36337
40257
40911
31284
32825
34453
16309
20453
38896
32825
27607
29277
34577
17734
39638
36677
16229
16233
16246
30787
16236
16275
16487
23550
23551
23329
35206
36446
16236
27205
38379
21368
23280
38520
23692
37750
16608
17989
23646
39414
29108
30734
41405
16281
35196
39302
16967
18298
18352
25288
36546
22592
37055
20178
20212
16247
30849
37989
19769
23738
20462
38440
40446
16251
16257
37843
27843
30802
16252
19855
16257
21425
28805
20279
25245
39646
25243
16258
20285
22079
37904
41200
25346
25362
31159
27582
34767
29135
37973
20541
30078
21671
22936
16269
39011
40472
16363
23812
32736
23783
38945
17958
25731
25739
41370
16695
40469
18858
22716
37905
29524
30948
34378
35269
23603
31067
38343
20373
23532
18290
18298
32543
23767
31115
24864
38643
39322
21319
16760
31481
16476
25104
37976
35044
35983
38850
21997
38993
16464
29687
31837
16288
30759
17134
33946
19498
29383
31464
18860
24620
27471
37159
38241
23718
40298
18696
21742
28727
16301
29173
35065
38960
27014
39684
16419
16440
16444
19215
23225
16320
18696
16300
20623
28662
16298
30627
31182
29481
39499
20796
35722
23492
30759
36494
28040
32354
27555
32920
17034
30054
41412
28950
30896
37450
16713
36321
40562
19928
30372
19489
19497
37661
19906
16539
21312
32996
16397
19678
39343
39373
32176
38170
39366
16368
17775
39655
16498
16748
23730
38733
22942
27668
34609
32071
28822
36128
16321
36240
39482
36494
23293
16331
23300
23858
23305
29064
38260
16491
17015
23685
23413
39214
33262
18150
20831
19664
23858
38392
39666
21147
27215
38266
40788
19664
16355
40203
16336
16853
35549
33412
35049
35369
36195
40912
24316
28706
28709
31715
16339
16343
16353
23746
39803
27718
40203
19659
37723
38857
31084
16353
38674
16485
19351
27862
16354
16355
27679
40873
41565
29112
29114
32071
37648
37661
16354
21902
31168
39245
39947
36625
23655
31442
31505
24529
38456
39949
40016
18679
40770
16699
29130
24529
40199
36680
38221
38416
39681
22017
39211
27025
31384
38627
21071
32247
37055
29019
30356
18779
27773
27806
40080
29515
39931
23616
18576
16379
28580
23693
30738
35370
36694
40910
41153
16389
28679
34319
36101
17883
27734
35014
18750
21046
32257
24144
35024
35687
35692
32858
23325
27765
29156
27765
40595
19881
27551
16392
23239
38887
41417
19936
38404
21688
23560
16396
23915
38431
38698
38882
38674
39632
17421
34777
36607
23987
32065
36666
31092
31273
21784
27600
32923
38075
38175
27595
35108
16404
27580
34753
17316
26006
28756
32805
19850
25227
37235
39749
20249
30777
39816
18064
27023
16513
23518
17636
27061
20248
39024
16418
22935
30605
16417
16418
39022
29671
38537
24557
36337
24701
36155
16432
23783
30660
34833
38757
19579
37717
19918
25707
32279
38677
17483
20418
27514
30761
16427
18593
30586
16427
33852
34811
23429
30825
27882
31234
31893
37342
16572
38612
39379
16440
17833
18075
20406
28227
27346
30604
30730
18491
21744
16600
23590
27805
17949
29380
31519
38625
16444
25420
20512
24701
29375
34557
39665
16781
27595
22017
23361
31191
38309
18160
22330
32802
26006
32206
26568
39023
31273
35733
35750
20407
20425
38113
31091
16782
31403
30613
32827
32832
23387
36243
30440
31181
16851
21823
36954
17406
19661
16921
34039
39038
38138
40243
19374
27537
37481
23391
29087
37544
38510
38513
39009
27707
35755
16708
20319
23769
31267
31307
16539
27555
16635
17898
30464
38150
16490
30927
38433
18113
20331
19936
29714
30497
38402
21464
29563
16821
23131
21425
23192
37844
16493
29239
35985
19342
31178
29839
23767
28686
26820
17021
38220
31075
23943
16500
35123
37679
17479
28331
33116
28362
28686
29738
26878
40063
23731
34542
16518
20473
37918
16515
22993
23677
32385
23937
29330
39253
29142
29158
16529
20185
35095
16510
16515
26820
27718
32508
36536
27058
34611
22499
31028
27690
30434
30424
25737
29370
36011
20246
39024
31031
23815
23817
31060
21836
23286
23444
31066
16524
20865
26407
40906
38505
16581
38686
39202
27731
38153
28951
20293
23108
35892
25973
26187
40355
29581
16590
17689
34359
23007
34706
38713
16530
20152
18623
33016
23655
31441
38225
16711
25694
33469
23550
40551
40737
30655
31122
25697
34803
16746
33457
26572
29480
19785
35768
38652
23650
31073
31152
39594
16631
20425
34776
16581
27008
16552
27989
21606
22271
17742
29217
34849
19710
27426
37608
32248
18372
19669
36691
16776
17323
18219
18017
24072
35787
38028
16903
18811
16557
16573
25545
16577
26343
16594
37655
23839
21235
29394
36943
16564
20816
20849
16563
20826
35648
17353
27919
27153
27917
38846
16569
19628
20327
16635
23236
27732
30464
30665
38155
24239
36246
27964
35648
19552
31781
37303
16577
38230
17326
31416
35325
19969
23194
40700
24744
28054
31681
16611
34989
27386
31499
38671
17180
30591
20514
32054
37214
16592
17876
31580
40238
17311
23921
31107
20658
30331
29087
38586
38966
19966
32670
32818
19809
30722
16592
28944
38686
33665
41023
27350
38396
17117
18276
26679
32820
19265
27554
30508
38764
16629
41073
20041
36914
38018
29570
29743
31894
22180
36995
39667
16625
30471
32831
27776
35811
21552
23876
35312
16619
26664
26337
38018
38164
20925
40077
18378
28347
40672
19441
28164
26441
27752
17221
20394
27238
27398
22156
33507
34393
27518
16864
20608
30162
30202
36871
27332
27343
32228
38526
16618
30384
37905
19906
38836
32960
41424
26661
32184
28740
17504
27791
35227
21551
39196
21800
23476
29456
16703
30430
16658
27883
28986
34670
31478
27307
32861
18802
29475
41078
16824
27710
35271
36602
19247
20132
26653
38766
29554
38602
32968
32981
17399
38112
19051
23194
31823
16694
19471
33683
34791
36630
41073
25818
28979
31351
22034
16655
38657
38734
23015
27355
28732
27511
28117
29098
40327
26084
33181
38752
39095
16729
27490
35682
23369
25883
38594
34289
34951
17530
28801
35286
25522
25524
37093
16733
17153
26949
30469
17300
21365
31308
38340
23299
30967
38423
29602
31425
25153
27909
25594
33074
35018
35455
16690
16694
16695
21842
22223
22228
16675
16686
32003
39985
16700
16723
18795
26101
31952
17209
17214
24045
22418
25622
26140
18920
18975
30519
38984
28836
29262
18971
24291
41340
24426
24320
27851
31955
26884
35746
26917
23832
24455
28102
30582
29908
31733
34515
26856
34435
36908
31802
36260
36979
27939
28772
31109
34440
18197
27071
27680
27718
38473
21301
34585
19963
31407
38935
25095
32182
18259
38129
24917
32181
40132
17233
40705
29924
19396
25136
37763
19455
20781
32714
37002
35884
19726
31814
35036
21400
30902
16704
29135
29138
31148
38422
38662
39734
16845
21108
34607
19082
23002
20173
30513
17507
18395
23026
19220
24766
20425
28297
38113
16723
17871
18711
24765
23532
27209
27226
28085
32234
18641
27880
16727
32718
32761
32907
32918
19895
22975
24145
25300
30743
26631
16742
36875
39366
31999
34071
17877
21800
31485
32295
16727
27758
32906
18271
22860
29825
33226
16739
29938
24248
35531
38128
20160
28173
17219
27243
19398
20755
24146
38975
40048
41098
36594
28124
34378
35576
36075
25524
18473
28068
29624
38419
21783
32173
17498
33227
23934
33712
19121
35660
38844
16953
20119
20798
19681
22015
38104
28688
35343
22218
23702
30064
39732
27046
27477
32981
19723
24069
35827
37861
22250
22943
23970
30022
27936
34653
27942
28419
18387
26785
16763
16974
35343
27123
27161
27453
35238
20421
24141
24347
29990
30327
32113
28090
35271
19950
32586
33600
24319
30032
32148
20405
35144
19674
29087
30652
26113
30349
34876
30074
30800
41023
35080
33510
34656
16788
28692
28710
32171
32189
24846
23011
28951
28998
33476
21619
23144
29653
27908
17251
30285
30599
25156
34420
24544
32722
29267
33374
35198
35533
20240
26309
35081
28024
28029
34360
34447
22633
37247
26309
38484
24276
24119
38848
32819
34711
41337
19587
26850
29681
32213
24120
35704
17229
17750
34612
16873
35794
36405
19804
22298
27172
18266
25710
18851
30982
37732
32093
38930
26827
27980
17232
22996
18101
21719
21721
21725
21585
22120
40326
31184
34280
39170
29167
29256
29537
29250
30631
22871
37737
27626
31265
16840
20172
25684
33779
19698
19492
32874
39838
16824
35445
23887
27353
28683
31558
32225
23776
23885
27825
34210
34861
20339
33551
36929
20641
26148
33891
36615
19339
29992
17411
24128
27110
25653
27114
31000
27132
30244
39847
20254
36463
17965
19720
21262
34307
31229
36463
16842
19054
33593
38405
29040
28729
30928
20263
27963
16849
16878
34450
35057
38528
16851
28646
35897
16851
35897
31750
37800
33785
18928
20641
33413
31540
39386
29997
19606
26566
24022
27755
38436
20630
21154
34224
31433
31445
16871
16935
25605
33343
35531
37593
38128
16868
16869
28127
16893
23136
26226
27499
32387
35374
16874
34686
28965
29054
35480
38924
16893
27257
16878
17287
24956
28043
31571
31630
20730
20723
19107
40600
23718
38179
19108
24112
16884
16916
25956
33522
41307
19125
24112
24971
26392
29656
31899
34674
39873
36171
37434
21719
25480
30067
37341
25187
35827
35831
25444
31188
33060
32724
34172
23702
30646
26357
36381
20136
32347
17726
29993
22501
30056
38051
34858
38831
18723
25999
34159
34947
41364
19701
29655
40910
16902
16918
17439
20543
23778
31518
16922
21598
24127
20674
17571
28022
30205
20599
24241
27999
22853
33376
33471
35242
37239
31642
18927
21608
28086
16913
27715
24402
27911
27921
16914
28456
16916
38518
24335
32071
18710
26959
16922
34036
35487
33539
38338
38342
30613
34943
39037
18848
41100
19222
31277
38668
39021
30686
21194
24328
28134
28135
34356
28577
36059
36066
20417
26998
28404
31285
19518
30702
32412
21908
30190
36135
24003
34464
18104
22153
34746
35086
40162
17062
36077
20542
32970
33199
21091
34820
18876
21609
25823
20171
28183
20849
20917
35490
16983
19096
24246
34541
20870
27771
19765
20308
21853
31463
20155
26707
28196
26631
31172
31173
19487
37132
24046
26654
28226
30799
16953
33472
34785
35516
27934
31319
38413
38643
24034
20506
29178
39253
24884
31634
34655
37773
19669
23972
31364
34146
36689
25591
27940
35136
30210
33467
17119
21024
24241
40950
20599
21383
24241
36740
37736
40572
22287
22291
20057
30770
39600
18595
28370
23603
19444
31396
31419
33077
21174
32988
17281
26316
17657
21577
24286
20902
24370
17150
33579
16976
28731
17199
22544
22554
20680
24788
35813
36093
17169
18275
16982
32476
32528
19947
22982
17031
22244
24169
31750
21619
41297
22899
38708
17690
21222
32161
18572
22899
20713
22286
36953
30968
31208
17006
30512
21852
36693
29179
17006
27997
36497
17008
30405
21073
33832
19094
22529
29990
26146
40758
41268
19260
25317
26446
32001
30775
34342
27472
34123
37811
22945
18608
37814
30023
32685
38695
25486
29702
40105
34717
39409
17021
31738
32798
34708
20133
30745
17277
25054
39978
17029
18470
24079
36554
27824
28324
28750
29276
22795
31285
35083
28588
39606
27558
31875
39249
17029
25876
33574
36947
24152
24515
35939
20273
22036
32479
24622
37938
36482
21402
21404
38406
34717
39409
35716
17041
38879
27094
27155
20384
24343
28548
35857
30419
21433
31112
17705
28388
35504
35521
30181
31956
31963
35718
35825
28351
35870
33082
35098
17236
17129
29967
32099
37075
40740
38211
41003
25135
32603
28271
28343
31510
31972
19170
39280
20389
31219
28578
30033
33900
17063
18370
21918
27076
35226
17099
17161
35039
21177
32485
39321
37834
17145
25760
35518
37372
29413
36084
39408
26177
28482
31404
17826
17831
24255
34992
20945
26600
28626
32034
22852
35723
17108
28600
37014
37034
37497
20803
17325
35292
33194
35882
22237
37355
40158
17088
21629
29731
31721
17088
17124
17662
22392
30211
31900
35842
22078
25891
29301
31815
25844
36646
17662
18636
18684
40948
41416
17571
28022
35643
21381
35626
28535
32061
35924
24174
29220
30327
18984
24684
29303
41207
19173
19174
27967
22809
31972
34132
37075
19339
19440
33847
34060
17354
25801
17158
29576
33139
26576
37001
21929
18729
28711
28715
31715
23888
24251
23988
26753
30038
17826
24470
19524
34381
22188
24429
24531
28724
24024
26570
36660
27072
27086
17191
23248
17115
32226
35612
38879
24531
27341
18860
20353
19954
28711
17128
28720
38401
17660
24071
17121
30213
39609
27999
20663
30230
36253
41027
19760
20914
31142
24279
22029
31768
23946
32972
36287
36355
28780
32124
33598
18762
28709
21837
28171
28177
20591
30096
31352
40944
17143
17154
20737
36783
28456
35282
21604
24547
27793
27763
32082
39432
41391
31544
37078
31615
33064
33108
17151
28812
37898
17141
17626
39223
21786
29391
30587
18150
20823
20012
30254
17200
22221
35834
29536
34560
25786
34579
17276
30793
40544
17192
37710
40617
40674
19989
20737
33637
26097
28244
33183
21196
33709
41247
24011
27454
31703
37839
17165
17228
18758
19934
25918
19518
26484
29679
31089
17228
35287
27017
31733
17230
17875
32814
40492
25732
29540
17180
33136
18942
26552
28529
36676
23155
30484
26473
34047
24399
28856
32992
25683
35372
32152
24705
39034
39056
17202
29207
39309
17554
24438
27915
32952
21462
32917
21886
23771
31835
26625
19940
31834
17289
28110
27921
35795
21856
32291
34556
21086
31924
24292
37846
36030
36770
36771
28534
28749
35999
27660
35917
40872
26102
34382
37883
22816
29553
36618
37399
18224
21023
37016
19879
23426
40954
37388
39966
27111
39339
39340
39591
19615
24850
26116
17967
20874
17217
40781
18249
18265
32246
22548
35810
35815
36305
40575
17261
21222
32161
40076
29241
24484
33234
35229
17215
22554
22561
22720
40319
39385
17239
26419
35721
23870
28791
29116
31003
17700
35813
36166
26159
41340
31518
38834
41070
28064
31440
33109
28150
28152
40601
41274
26484
30729
35525
23252
38878
23565
23848
29155
17231
27027
28226
20468
28586
36848
36851
17624
27874
23040
24446
26954
20008
28152
17436
22459
36404
17232
30286
17503
25112
27599
17285
24044
21954
28483
35906
20613
20619
35533
33666
17241
28154
28292
23463
18980
20128
33917
20168
35056
27344
37537
40169
31774
31818
19031
24519
29754
33895
39321
17282
25803
17589
24999
20002
20753
29576
24329
35368
31280
24465
28510
30260
31597
38216
17270
17309
19642
27448
26691
37386
38063
22382
26390
26480
28089
19454
22188
36552
18231
34466
41259
17270
38820
25017
25116
39121
31207
17702
36928
22064
37545
22385
25586
37733
39110
23908
28346
40642
30475
35834
39265
29842
30455
40832
39979
21150
39208
40144
28615
31818
28505
35476
31824
31829
17284
28111
40781
22443
17383
31959
36853
24954
37504
19205
25940
19026
21203
36085
39966
19867
32274
34426
26899
28493
21204
34966
36237
20564
31660
39012
28337
29292
32841
18343
36925
32938
20226
35863
20988
32937
17821
26949
30469
41300
17305
17966
23142
34923
38060
17830
25372
37754
28379
35888
28871
23636
35863
26877
28810
23825
31412
23175
18045
23190
36387
25373
31883
32209
26912
27073
35484
27498
27574
18923
18938
27265
36955
32189
38811
19453
30817
36673
18923
31883
40065
27159
19178
19205
17475
17987
31423
32072
21038
28934
36553
19470
22284
37161
34246
34348
38087
38097
26879
28811
32645
38140
18673
23540
19499
38144
22343
26787
27406
32638
17987
27794
31312
38611
26933
17369
17927
23947
28042
27211
21253
25404
25835
29318
24670
32657
34498
17407
17432
20198
33404
22150
17349
36299
32516
34162
34236
21577
31872
23251
29568
35786
17988
24635
24703
36989
41426
35490
38927
17358
34687
22854
24336
36732
17388
19789
17475
17477
31961
18523
21837
31373
34777
39085
33528
34134
35565
36444
17790
30188
32405
36989
17882
17884
20833
24424
25190
26647
32499
39154
17490
29920
17375
24331
21620
21687
32909
17378
32650
39493
17378
19632
24331
17384
35992
17382
17619
24427
17384
28092
23948
21957
39250
21095
20097
34247
19410
26788
29336
20829
27194
27715
39931
34300
17979
34846
22808
26240
40256
33688
19053
32326
40265
17403
21489
38112
38150
38893
29181
30638
37978
29291
18160
27012
37246
28775
30442
17780
18740
41247
41271
17408
20760
17432
31948
34835
17421
23823
30645
22967
34080
34669
29621
32720
24912
25033
37819
37941
26526
32164
36828
19425
22294
21248
34625
36294
30371
34186
38541
23486
24733
26361
26382
26965
37479
38523
35646
35662
36508
22986
26808
31438
41351
19410
32316
18998
39716
18351
24680
22464
37396
24352
35824
24768
25858
23892
17472
19977
26356
38541
17440
29070
20654
22060
18270
22965
24882
22972
22973
39722
31868
28813
28825
34036
19973
29052
21597
39725
17444
38458
22711
34604
38475
40479
36182
18514
18989
30580
17452
17453
38468
22103
18631
33489
41073
17462
20025
35633
27831
17463
21626
27488
29041
20011
18125
37592
22170
24768
25858
30992
20338
20342
30915
37879
30322
33088
37603
37604
21937
32719
36436
36906
27831
34774
29020
30620
39005
28155
32522
33875
37176
40291
37294
30011
31742
17579
30390
32025
32029
21352
32532
38788
37611
38744
40205
28106
20208
25390
26456
17643
31439
33279
39695
34837
30598
17499
20043
34837
24814
39227
39278
28149
29111
23929
27265
27272
18727
40954
17531
23164
27975
34794
17503
23028
40706
17490
37275
37271
39770
20956
21503
25537
26780
31493
32075
39018
37606
37273
37275
23929
23947
29235
37634
18486
30523
37224
38799
35300
38620
32977
41052
21870
39255
41049
17519
28173
30716
22845
40775
18695
37755
39863
18777
26070
37283
17833
22939
34589
19989
38085
29793
39871
17625
23128
27693
19728
33773
20020
40146
17535
35023
18075
19715
27101
20031
32523
17528
20129
35010
22812
17530
17531
17535
27503
24831
32418
17528
27494
35670
24830
40710
29372
33020
36809
37448
35973
39462
38781
36613
30547
19564
19205
36617
18701
18726
20754
20101
22383
17550
17584
38579
17934
38784
20852
22564
24437
30744
32305
37352
22931
23404
36001
39194
39204
20824
22378
32884
18082
21938
36336
22971
24807
24848
22407
34969
28940
40263
36905
40372
32951
33932
39778
20852
23039
24803
17557
30475
40635
17558
24412
17563
30069
40635
28913
33096
19466
29337
37222
27253
33096
33116
18180
22717
23133
37249
32878
37091
38817
40279
29289
29290
17568
25598
30069
29389
22533
19062
29389
35879
40430
22470
18637
21201
23547
27694
17622
23795
30905
17652
17873
28270
24943
26489
31386
20581
23531
30117
24047
28566
29300
35279
20632
26471
17591
27340
21126
28839
36282
21990
28743
33980
34221
22325
25122
29865
28562
32569
32609
22736
29316
36052
28146
31309
34970
41129
18096
23382
26978
17597
17599
36751
38938
17602
26473
34047
19290
30372
32891
34046
37800
19139
19601
24451
41317
17613
40000
30414
30795
31309
29289
17608
17609
34996
20035
33976
23559
37610
19279
19652
17630
18824
30428
17618
33924
41108
35793
40170
21041
32569
36052
26443
33892
17620
24184
29566
38786
33923
24428
33950
41362
29944
31439
31892
31977
35543
36833
22328
39510
40212
24071
20314
27806
28308
28747
38216
23771
39258
24349
25535
17647
22328
22338
38780
17647
35775
39287
17637
35775
28327
34619
20838
35754
23277
41172
26799
33947
40866
18488
19162
27960
40361
17644
33249
25818
31312
35321
17689
17692
28721
38396
17648
25573
39518
20836
24915
20835
30921
35776
38606
20525
32491
40190
22338
36834
24285
29981
32526
35868
21098
39234
20902
24071
21764
33013
35851
23814
39087
17903
31905
35289
38037
24227
31721
20713
26247
41223
41297
20999
33344
18529
20148
36785
24043
39385
19163
25139
18585
18907
40855
24798
28221
31568
35997
22211
24590
32115
29883
22027
36013
39486
20468
20477
21186
24481
26185
34362
22226
23863
24663
31365
20389
20457
17689
27352
29692
20999
21031
36616
33342
40746
37958
40705
17690
21619
28936
33307
19877
23725
24404
39555
22498
25395
38035
38399
25521
30936
31942
39975
20883
26689
35029
21019
37644
32859
35464
20166
29222
27614
28116
21543
30220
40322
23887
31124
32106
25670
35381
36305
23166
29011
33173
23877
25725
26136
26260
20960
28385
19881
20505
38233
25987
20565
21423
29423
19386
30593
18702
19204
20655
21022
29385
21576
24790
26297
21294
27262
19008
26833
24017
31979
33687
36823
26463
35693
17778
38425
17912
17991
21460
18031
18058
25367
40083
19292
27141
33112
33383
26478
19984
33543
34167
22543
26097
18516
22125
41516
17730
20270
24188
18396
33670
38051
28644
28648
35825
35853
23830
28243
35743
32039
38312
17915
38820
21285
35087
20170
26995
20645
33846
38051
20621
21976
34847
18154
19286
40078
26310
28643
30632
19311
25868
26762
34327
22827
26530
27177
19147
24815
33897
29331
30855
37891
20216
21827
26223
24120
26832
30832
17762
39084
41083
26918
27321
22366
29865
32637
32638
19504
26856
28205
30132
19572
34483
18140
19595
36133
22113
27252
30426
30427
31470
26887
30134
30856
35152
29294
40138
31572
17764
18317
31164
29271
31156
26940
29680
30835
32841
32841
34581
39618
40129
41231
35050
40051
24844
34002
38051
40754
27276
35768
21527
26422
25871
31659
40335
17820
36458
38524
29225
31844
24691
32516
32591
34236
24790
29044
17848
24715
28266
40244
19774
17806
17820
32791
37792
21781
35758
38637
38648
21215
21238
25215
32374
34987
37935
26521
38013
41577
24822
30281
17828
27796
38699
22063
34020
41378
21043
36332
26619
26971
19399
23107
26757
30141
23580
32403
26747
34318
34358
19271
23357
25896
26707
17828
29011
30013
17819
30974
21516
26501
34003
34026
28235
28546
21187
23354
26839
36332
22457
27196
19155
39742
18224
41368
21185
18478
27192
24105
24656
28241
29278
34577
21263
17820
36513
23284
36443
19577
24465
31187
30239
37859
23472
23637
29827
33704
37401
37434
20266
21315
23262
25757
38358
31829
24482
39890
17978
21230
38265
17842
28608
31462
17864
30720
25357
30085
40291
36119
32344
25259
18052
28143
33214
17847
32068
17908
25217
20332
24571
25477
25212
19871
20672
32066
32502
17852
17928
32066
32243
17856
24090
31369
36879
40347
25477
34088
34130
38382
18137
32068
34597
20066
21360
23916
29705
20839
25219
37569
38651
38655
40186
21539
38770
18146
28259
17899
24763
25227
40193
31190
31272
17874
30378
34595
21217
21243
29421
22185
17874
34675
28954
30378
20897
24135
33051
17877
27770
40088
40346
40041
27865
39167
18250
17877
17880
25244
32776
40221
17889
32815
31148
30439
32910
21304
27816
34693
19626
22312
17920
21564
31248
38430
38445
23909
29062
23775
30377
38593
20493
25241
20483
17918
21380
40277
31355
40843
30446
38550
20866
25285
30916
20153
30347
35514
35541
35839
17906
21537
40234
21557
21564
23236
17904
32491
39515
21479
27902
17920
39697
28651
31905
18146
18067
18221
32599
35903
23046
24278
25227
37235
40191
28775
32790
38704
22435
23569
29262
17950
21420
25511
25510
32811
34524
34532
32070
39510
21336
22681
28277
36876
40465
30465
38696
21517
26095
21859
29615
30079
26078
35691
32030
38150
19787
20030
35608
21325
38235
28269
28279
23055
37261
29810
38779
38783
18392
24605
27994
32247
32899
32902
37163
40276
21064
21656
37823
32248
40248
20489
21420
19665
30641
38744
40221
23784
39888
17948
31321
40044
17986
22215
35804
35793
35766
17953
30536
40229
34905
40174
22303
24398
17957
17966
19157
20075
23142
21587
25322
36958
37866
29535
32904
37064
21835
34531
39673
17989
22782
41375
23923
30377
34923
32910
25294
37230
18403
19224
25355
37243
23968
33732
40198
31625
20838
21295
31895
25275
37748
25309
32468
38070
38822
21465
38819
38835
23570
30623
38022
29611
37228
37229
20900
22288
37058
29995
33060
18075
19751
21375
19854
34736
34819
21448
31258
20491
23669
25691
32886
24695
31258
20748
23250
22359
28979
17993
24441
38120
29362
37131
37296
41386
40228
21450
25275
25311
33403
22000
18714
24760
30257
31195
18000
39447
22556
29432
29612
35493
28851
40634
22089
25336
27273
33378
25516
39364
40701
21633
29610
18006
23276
25739
28736
19744
23278
18132
32398
21579
27889
34955
20090
31400
37473
26198
22209
24335
24399
32394
29741
19986
35390
38988
34569
19181
23055
40539
21588
27657
30126
37525
22059
33084
40527
18242
21259
40519
21841
19257
40536
25354
37482
37704
35829
36044
36399
28032
30064
37339
18042
33934
37027
21644
36925
24398
39777
23459
34066
24226
25480
30067
19479
23628
29800
41547
18153
21574
21792
34895
39404
18039
20875
32728
37341
39170
23958
34259
19301
39688
24151
37515
29534
21594
25357
31904
34015
28661
23666
33246
38297
39282
18051
18112
18080
36783
18392
28608
20610
25305
29599
29802
39478
39494
18122
21927
22089
32964
38081
25472
30528
31087
30246
33020
39886
34600
20481
37266
33288
35611
37481
22066
40502
25050
28487
28608
23049
23508
25651
31740
21999
40418
24402
30937
35795
18083
34226
37696
18107
30677
37884
41425
27753
18905
18913
21753
18270
24882
40528
33100
18112
31329
29577
32353
35587
40519
33019
34051
22714
36319
36600
19341
25819
28639
32979
23382
33689
34559
34963
20634
21624
23080
29004
30766
30712
37580
21327
31864
34258
18163
20501
32019
18106
21271
24981
25215
25210
29659
21351
32812
37018
21715
21652
23160
32994
21810
27916
35083
38584
40640
35774
35800
40393
30072
40255
18163
20846
32960
18162
22481
39687
39688
40312
19287
39572
18163
20501
32043
28153
34933
27731
34840
35461
26359
38796
40255
26045
32979
39859
18221
31471
36341
34135
38460
22049
25174
29608
29853
22408
37147
33085
33789
41364
36338
36600
40512
32095
39497
31056
32453
33030
22558
24373
25490
33100
40112
27442
29741
23235
31640
20828
24153
27828
33041
29881
24436
25220
33938
21473
29668
40295
40118
22003
30361
29113
29570
18253
31624
31864
20153
20866
21360
25234
20650
21801
25505
33057
20827
20847
29068
34376
26846
36819
39257
22503
33040
24617
35435
40833
24296
19705
29171
28941
35336
26301
27266
40118
22408
24845
25405
39621
40402
22093
21045
21468
40482
22719
33160
18167
27942
32352
33049
35380
40488
39840
21892
29298
39267
18175
33935
21876
25456
18428
22107
35161
35417
25740
33968
36805
18183
27809
37165
21865
27043
27592
30642
18556
23052
35510
34408
21535
23181
32821
30520
18390
29075
30245
33005
33935
18301
21347
18190
38243
27918
29994
35429
25271
18192
24322
35545
21988
36170
40457
35193
35194
40715
34740
34853
30241
24525
24527
31365
35435
19819
19873
19502
39668
36691
18204
20142
35193
22724
34907
19529
25496
35193
35194
18296
30221
18242
33105
40514
23469
25496
40293
40982
21754
37824
22059
33045
39839
32310
37501
18367
18213
23418
18245
40936
22512
22531
22577
29556
18707
33184
22127
23219
41416
27254
33239
34740
18245
18226
31462
18413
22573
26786
19831
20183
26744
27204
28980
37949
28941
35191
35336
19720
40429
20535
35848
24101
31863
36977
22506
21032
24157
29212
22967
28825
28622
36051
31808
33151
35499
39182
32333
36189
20878
22048
31040
31508
33156
40509
21124
22349
33614
22053
25566
18249
18265
18822
18287
18368
18373
18670
26433
36043
37613
38743
28269
33614
40963
41573
31621
31984
20812
30821
30835
33064
33108
34532
18313
34068
23774
36360
19776
31498
24991
34797
36128
39011
18456
20534
31034
25323
38774
28823
36254
20683
28169
21013
29493
30502
21893
25597
27950
31359
18314
22596
33147
32286
39124
20918
24577
18330
22062
22593
37915
18285
31543
23773
26792
34616
24053
31367
37186
21559
35340
22077
31736
40628
40522
41012
34424
35770
35776
27039
36372
36374
35802
18285
31507
31543
36705
19229
18374
23040
39534
23418
35365
28687
35006
28834
31211
25313
29493
22371
31803
34831
18299
19099
41566
25671
31435
38194
25412
41541
22842
28186
33144
18356
19537
34643
19388
36047
40922
21894
30242
26838
25675
22977
28991
30125
30274
30321
27434
35919
36048
21820
36598
37808
25740
38991
18645
20697
40594
37603
37606
30053
37942
26131
33592
35890
29643
34472
29309
29539
33167
18716
23856
26032
18376
39579
18956
25009
40629
21755
18449
18835
24264
30161
25012
29543
22421
32118
26029
40664
40727
22258
25735
34993
39981
40667
21493
34639
32963
39981
27682
21500
28373
36027
21547
21596
30063
18341
22005
20868
41085
37860
28002
39733
29926
30077
36125
24810
26826
23168
23359
23360
18436
20589
35419
32658
40490
40606
22573
30196
29476
37716
37719
18354
23607
25451
18551
37508
18482
25959
25907
37815
18397
22875
22888
30907
21828
18376
24268
36371
33275
33328
33332
31729
33122
40664
19181
22212
33134
33172
18960
18985
40033
33834
40025
32250
32309
33356
20968
27231
36145
37431
35036
18536
19820
28075
18519
36417
39544
22394
22603
27952
31900
26956
22605
35895
36637
39217
33230
38986
20548
22796
30154
22606
25645
30112
30659
18794
34765
35895
18388
20528
32450
26891
30835
19526
20148
40903
18397
22030
22037
39463
24560
22957
26915
23027
18401
18402
25548
29075
30768
29075
30768
26260
18953
18955
22830
26129
41515
41553
20143
40300
18981
19098
18599
36020
23146
23680
27172
24901
25099
19172
26875
29979
22076
25548
28897
19506
24666
36209
18429
38954
39761
25914
33971
40651
24876
25743
32008
36437
28997
34602
18569
30476
33302
25741
25743
33831
22732
30449
31429
18650
18940
27849
30831
22972
28335
24755
29436
18440
41204
22973
18458
19430
25191
25748
30524
31434
19433
20700
33825
25585
22266
23079
30072
30151
25838
30149
39375
24309
38871
40808
18549
20561
28171
32334
33402
38003
30845
24001
27221
28297
19835
25714
19832
20258
20358
25852
24714
32291
18973
35998
30698
36128
28105
38899
41279
23842
18462
18475
33773
40256
41433
26005
26257
19433
19456
33985
29654
31093
33274
18665
39059
22236
35455
21899
31907
39369
38941
38954
39269
35409
39883
22817
22985
33652
28339
29423
32010
18680
20963
18467
20589
32128
36596
22863
37183
19806
20964
27149
20570
23826
24078
37460
20533
20876
23969
24074
24084
25745
23122
40645
25852
27189
31915
29183
22420
19834
19838
30180
30490
18489
18539
28096
35497
40591
24673
31365
25907
36938
18507
28204
18487
29354
19946
23801
28993
21561
30180
38963
39288
18497
31112
25008
28415
32392
18530
21406
39671
20010
31585
37995
40733
25618
33245
33432
40729
29870
18539
31565
39159
33149
21462
29093
31430
24723
29769
25151
37519
38161
18852
29905
32340
32520
21837
39316
19735
37400
18573
28895
19997
33046
33412
18642
23520
32336
19267
24871
27391
18552
28451
18515
33398
25719
33398
18517
27367
18643
22169
25571
28354
29002
30580
19038
20566
37599
22402
18587
18613
21416
21423
18549
28171
39314
30119
34820
19079
19371
28570
32601
18589
19839
29505
22229
33247
37345
29093
18592
24886
39581
22663
33583
40152
41062
39747
18603
24805
41448
19712
18594
30835
34432
35154
29688
33556
26015
41523
41584
19058
26368
18669
23657
40960
18962
19171
40603
18550
25576
40093
21423
28197
32013
18551
29478
40765
18589
30195
28193
27540
39530
28298
40651
18823
22127
41017
18639
29549
22430
24603
29460
36517
22419
29726
29756
23831
28369
28465
26854
29821
18615
38079
39096
18589
29508
36310
18643
40825
23241
31640
28409
30115
37738
37867
30258
30662
18591
23387
18576
18583
36403
28901
37806
29625
32721
23785
27015
38123
18591
26017
26108
33579
20638
26140
41150
41156
37563
23940
33694
41148
21605
28994
40724
18591
28520
18930
40850
20117
34027
32504
32507
33247
18796
25016
23096
33443
24098
39523
36039
39881
40780
18604
38281
18810
23316
39743
24615
25667
25705
28921
22923
23342
24935
27540
23807
23810
23811
40443
23298
33295
40659
40725
19473
23322
18611
29888
35396
19368
39793
29027
36343
18810
34045
36002
36183
28571
31177
36843
34262
29070
29077
33624
36911
27493
40736
28545
31703
25413
18640
32941
40372
28545
22779
29693
19236
18641
24356
26618
26551
25467
26110
29998
36978
25872
31643
40031
40875
29691
37433
18825
35940
23265
36794
37652
39922
22891
33796
37469
23223
25901
24037
28902
33185
33597
20588
20941
19277
18643
34272
34897
26024
20335
35589
18699
18834
35591
35592
33291
33549
22317
18929
30765
22261
30754
36742
40584
40655
29610
36023
30229
32410
33583
37287
18682
36742
39128
19232
41521
26050
27848
33616
21264
38818
25018
40031
25872
31638
18669
40960
21869
18776
19297
33480
27848
37111
29589
34324
26998
37615
38284
33633
40919
18774
38248
18677
33631
41541
25913
36326
19883
37999
39459
41129
36326
35571
33818
34114
22913
25355
37487
18682
38146
38284
21409
23219
25898
28416
34808
34958
18686
36656
25666
37066
41449
23223
30253
41000
37066
25898
35954
29500
36013
37035
21779
23199
30117
36509
36511
20595
31910
40947
20567
25982
37069
28726
38181
18792
41026
26133
18874
24092
30012
30019
33669
28160
28059
36369
29285
23138
40945
29282
35925
37066
23348
26138
35931
36528
22543
20587
30192
33486
30253
33451
30093
30792
30860
30864
40823
41407
25462
37448
30776
31378
24760
37309
32469
37487
21943
24285
35495
27382
31570
40506
20664
22094
32794
37454
21073
29901
36612
40237
28776
40800
40888
21528
37912
23158
35594
41292
38195
23791
40516
41014
22511
22521
25722
18761
21737
23484
33557
33604
34968
40483
29352
34180
18785
31853
36829
19461
28031
19513
35948
39861
26694
34066
27237
31821
36078
36092
24006
32780
20042
40459
18762
18811
30351
34136
24114
24324
19129
22930
26557
24041
39215
19691
27122
34623
25552
33312
34455
38162
37580
25029
33626
40918
25915
33805
35943
23605
38163
26079
37730
40678
40844
19864
37299
18785
23394
25489
19028
33615
33632
37110
18785
40743
18818
23010
24448
31484
26332
34106
38209
39908
40202
33632
33633
39696
26051
40961
26077
26722
33612
36203
18815
33808
41040
19755
23154
30922
31935
41506
37621
40929
23610
26818
32191
23657
40687
19933
24914
30314
21049
21104
21176
19408
38122
22549
34400
39820
41131
21615
23377
26754
33745
33761
35190
22742
30292
24316
39072
40237
18837
35327
27142
27370
24511
28868
35979
28753
32806
28373
24320
30394
34830
18873
21455
39875
34060
38049
37779
30070
30344
33559
23886
38048
32969
25919
36224
41073
19624
23980
32505
36708
29473
26055
19821
18818
20496
32616
41034
41036
23275
41033
18967
23960
33635
26612
32011
34316
34369
19624
35717
20527
32975
39635
25581
28423
28447
28430
29324
27061
41148
33980
34221
21210
36351
21069
22867
23838
23868
41150
23779
30049
41028
27420
29216
18909
25621
33787
40179
27414
35589
18950
36369
40176
30018
41402
18843
25460
26105
40776
31526
32463
35549
41031
30568
35277
23056
34876
34877
37561
39650
41161
20430
41098
41212
37146
37572
18879
23573
26778
28094
34567
28140
33548
39089
41086
18853
32571
22301
28123
33712
30836
32543
38194
38937
19699
26108
30227
23723
41009
29834
22745
40198
32185
33648
19239
29695
19149
24728
39924
24911
19069
27445
19012
36910
22273
26175
26176
19014
36910
40923
26169
33873
26104
18899
34304
40410
22886
24643
18907
18924
19821
30810
33881
39861
18927
20942
20958
40318
27344
36573
27436
27506
35919
27158
38813
34387
37255
38080
18905
21753
21133
26317
33889
18886
25523
36861
23786
30429
26705
40970
27118
34619
34626
26332
34343
26845
41253
24006
26751
41256
28907
34321
25853
27463
19381
19464
40661
18908
22838
22871
36401
25074
28908
36578
21192
30031
33890
19024
33881
28778
31919
20665
26346
19144
24519
24520
33167
26138
28898
33184
37065
34169
36898
40723
40794
21455
32290
36565
36623
37194
20958
25625
40761
18913
21753
31378
37872
37874
40926
29448
40103
23942
26221
18954
20350
29756
35865
40593
25431
25432
25431
29736
34169
21075
18982
37347
37562
26160
23929
29235
18930
21970
40068
22199
24775
18959
29809
39163
18981
30826
37694
26014
30563
39573
22321
33579
24404
33115
20078
25647
28072
39118
25961
38905
22149
27005
40067
22462
36960
40065
24206
26295
18981
37705
41144
25805
25941
29357
26247
29907
33465
20075
34865
26773
28145
26174
41050
41137
40851
41323
22495
41266
21698
39965
40712
40752
32669
41269
28231
32131
32134
39195
26196
40331
22587
18977
30715
38371
40321
19012
19037
26065
41112
26047
27470
38877
33640
18974
30715
24174
28044
33737
32462
32472
37562
22957
32002
19095
21084
38529
18977
24631
26727
30516
30630
32452
18979
25301
25580
29510
33382
38205
19092
24284
23420
37637
41278
25329
28052
36751
27801
31370
19978
40688
33708
37798
34964
39637
41571
22642
29925
32875
20734
35011
38839
28150
19004
22739
25963
25966
41302
21856
26391
35564
19314
25966
20720
38897
41229
41357
19264
19481
39714
41198
20886
21593
29897
37233
29761
29767
31620
20156
39139
25339
30408
34044
26691
19060
24724
29773
19007
24965
26781
29520
39742
40997
26202
40993
31281
31735
37698
30030
33754
40206
28771
21199
36810
33809
26892
37158
25833
24523
29333
37305
21196
41247
28335
23416
35579
36766
21033
32612
33850
21512
33506
36068
33902
39861
40389
24086
26109
37375
41260
19060
36384
36387
22828
26074
33684
19155
33906
20569
21182
24496
25079
26602
39901
19042
22352
41134
19409
20773
39142
24840
22227
28771
41041
22417
23375
19991
25972
38148
36890
20744
33930
37753
27001
28170
28175
39153
41325
26683
24907
25134
32777
22138
21084
25768
41206
21082
29961
19969
33622
19076
35593
22433
26243
35028
19350
33868
24905
26251
32441
37420
24817
32432
22177
26404
36902
37364
41163
20239
21481
29038
36902
19109
41286
20130
32318
39363
24442
34107
41311
19150
26374
24966
40000
23092
21030
19113
19146
28678
21171
30811
40998
29845
40417
22211
30910
34380
41168
26191
26415
29791
41495
36645
27980
37183
34040
36264
37535
25002
25509
33343
32318
41393
41431
35822
19086
39640
30373
28664
36373
22135
25237
19094
32462
33786
33828
22131
28808
39431
19098
39356
41208
24290
21919
24561
29278
36934
41178
23446
33614
34181
30318
30323
34815
29111
35553
39629
33407
40209
31763
34201
25219
29438
26423
38907
41287
24754
25957
24418
31861
35766
35553
38936
25968
39987
41145
19140
32332
32473
33929
34054
34975
23144
29653
26111
28760
33397
36782
27511
30746
41430
26984
26989
24183
24823
33929
33921
33995
37720
37948
21363
25503
26576
34115
39210
24190
39123
30340
31759
35567
41477
24677
26196
38955
23657
25912
34111
26622
38844
25827
19216
26330
28627
25027
31939
19232
19241
40363
40367
23445
35476
21190
27228
26375
19146
28091
30459
19282
39994
41514
33868
41548
22591
24514
41371
25053
30467
19149
40201
33087
33897
41419
34011
34095
39945
37816
40858
30247
41237
29747
33734
19159
33980
24958
35838
19901
23142
27342
41206
28850
24611
39279
33425
19213
39079
39290
21124
25685
25267
33964
40505
28020
28414
28860
25050
39462
21053
39287
39304
40732
40750
19295
28515
19230
20990
41459
26557
23614
25948
34139
38162
23921
35385
38320
19692
30431
21506
38466
38487
38791
34308
22758
26292
31706
19323
31653
25965
32357
39226
26502
26650
26622
28367
34146
35437
39173
19287
19192
25608
24477
19208
26059
40311
28180
34470
40085
40238
26652
30757
41562
35461
26575
19210
23586
24148
26651
34085
28164
23745
27666
27670
32004
40167
33273
26171
19211
31172
34331
35333
38470
28493
34390
20696
23809
39677
34270
34455
24274
25440
32682
30838
38349
39651
19217
26431
21905
25409
25438
38452
41362
19243
19231
19250
35370
30488
29607
34099
22119
25298
32421
19226
19227
34026
34107
26431
28359
32479
32528
34049
22800
24384
24932
19248
19255
21757
29695
21456
33297
24798
28421
28716
36629
29027
35554
25499
25652
31000
20898
21639
36308
22698
26063
33526
23341
40960
29369
33031
37137
30485
30498
30500
24803
36419
33916
33953
37882
39759
30583
34954
19250
23424
39115
21422
29350
38766
30739
39111
30892
33264
23446
40876
23291
31643
25166
34110
23424
26548
32126
19263
28556
32011
35661
19277
36939
20606
28168
34087
19928
34561
20611
29694
39092
24832
26658
25223
25965
24871
19481
34889
41559
21364
25137
34214
25617
34216
41244
21843
32933
26384
28912
33002
19432
37574
35977
23182
28800
34220
38525
41462
32716
37530
24808
26269
26365
39148
32941
22297
28365
20307
24959
19935
19939
41420
26460
25157
41450
33746
35840
36854
19639
21221
25440
22179
37008
19301
21225
39656
19406
34573
41497
19928
38301
24678
19301
20203
22126
24140
25585
30217
26524
37785
20990
26299
27763
24682
25133
25918
37299
19560
35618
24387
24604
41473
24947
38039
25487
26618
40979
32568
32580
22306
24140
40680
29474
37571
20223
25202
25208
27581
27624
25317
34141
36711
24324
37862
41485
24972
32271
41481
37264
20792
29892
19970
20210
22175
34252
26483
37948
23176
37119
26513
26682
37936
25034
25532
40939
40964
41439
25299
25371
38411
19343
33525
29762
41418
19406
34625
41575
21905
22453
25063
19336
39125
19353
29778
37011
26645
34218
27423
40504
20132
23105
19335
22175
29014
36279
21358
37540
19930
29809
35618
26502
41461
34218
19351
28953
26451
41571
22568
25128
29913
32795
31333
38591
41093
27244
38573
39906
34228
34230
40003
40999
20470
40748
35442
24679
29454
39700
36298
20351
23507
38307
38561
24727
38414
30077
30079
22670
34375
41418
33052
40477
20893
25299
25340
34278
19374
19380
19383
25140
24960
33506
41587
25751
37929
40984
26562
40980
19384
30876
26769
34338
41561
22108
25352
26371
37649
39789
22364
34338
37535
19935
20080
20100
25101
26613
27053
37323
38381
19403
27310
34795
19381
21127
19381
25276
40661
31583
35676
31699
31703
37384
35378
30755
30812
31785
31798
28153
39907
28551
38749
39148
41545
25854
26546
26550
38452
24052
24137
25927
19394
25879
41545
25895
26705
34320
24648
24651
25933
35650
38096
23368
27862
31515
26494
39215
20924
37789
19415
32638
26458
26581
34373
27309
38678
34241
39701
20891
24615
29434
37007
34171
25985
19429
29410
26515
29415
37117
23890
27027
31712
23017
32642
38111
23497
24300
37218
22366
19420
34802
29869
36388
37222
22140
28509
33885
37538
28615
28596
28135
28424
35231
24780
20120
23933
27536
25193
37244
38087
38090
38097
26713
26746
39142
29346
39761
39762
27391
32368
34211
25896
37568
25191
29346
23626
24641
32837
19462
34678
38479
24904
26380
19507
22778
26405
27492
32262
36060
24497
28396
32583
35618
28165
41438
31686
35741
34455
35333
35335
37826
32661
26850
39648
28926
35050
20761
37950
38803
32426
32747
29347
25101
35123
21232
31443
36525
23408
24461
34448
28528
36862
25191
26870
28144
36159
19565
26855
34410
27150
34317
30139
37483
25082
28507
28594
34635
27230
40955
19465
24411
33484
23353
40937
40977
27406
29874
19533
28855
34940
19471
19478
30815
38239
21489
25122
34784
28557
28563
39867
19544
39911
24055
28560
26700
26701
35697
33508
30868
38238
39344
23464
23593
24717
19482
37265
37391
34226
38764
34388
19592
26863
27150
31934
25947
26318
26659
30037
36333
23083
28637
39102
23952
37803
26932
19498
23400
25248
19573
26961
29852
20612
21179
24456
19502
23970
22856
25741
29826
19592
26963
34187
40008
29338
19498
41493
28811
29865
26532
28926
29266
19613
29206
20687
26878
29191
26886
34435
26763
26918
34612
27619
32943
24464
24464
26458
25929
31372
31374
36791
28399
31978
41583
21914
26841
26848
21171
41315
20707
36448
25348
26829
34665
37627
37040
32411
33905
33906
41312
19557
34006
23622
38730
19583
26662
30033
30742
34234
22145
23427
23432
27362
34035
22007
29609
39902
21055
22476
19547
37769
39874
21482
26564
26945
26671
36988
27775
28886
28188
19565
30035
37002
37521
37706
23147
32749
26459
26733
33110
34441
20459
34940
20194
26733
28611
27795
22919
36039
26985
36590
26840
28136
34512
36590
33018
33035
21845
37266
22949
26525
28222
19617
20714
29141
26911
29232
38132
40062
19553
23925
27778
38672
24738
26885
19608
21203
41260
28509
26902
38245
34305
30573
35563
39158
27633
19593
22215
31602
22816
34034
27962
29609
26312
20781
30678
19569
22852
26500
29198
19570
32690
23060
26180
34442
26791
32629
37209
28858
33655
34940
22235
22333
27037
27044
28503
33883
32062
39345
39897
31809
33505
36095
21191
25052
27041
19659
30801
37723
21181
31891
36073
37168
22591
24520
41130
22447
29333
26885
38131
20982
24333
24941
19590
27856
34561
24283
19929
34707
22537
31790
26749
34317
22212
37263
19607
28144
32651
34444
34521
36129
21970
24283
40109
24913
25649
28471
22583
22688
26507
34394
31939
31941
26434
29638
34398
23790
29631
22441
34029
19649
24542
37169
26794
36074
36133
39406
26976
36145
37405
34465
34521
36105
33878
24472
26795
28576
36673
38912
22012
25174
27287
28101
36157
20691
19630
27603
40072
24636
28660
19623
19626
27173
28039
22333
27018
32389
24142
29517
35275
19633
30879
32292
19643
39026
29264
27006
21094
32764
39349
20982
21002
24364
31790
22462
40065
26116
32686
38086
41504
21522
28654
36983
40115
39339
39612
20364
27720
24546
36556
36758
39546
25381
25404
31897
24955
28101
36157
29258
29261
34758
24360
22610
27267
36115
28874
22210
19653
24959
25431
19657
27522
34763
26091
29801
33548
21989
30529
32734
23710
31287
24698
25154
21114
32729
19675
21948
37346
20287
37857
21442
38390
19686
39934
26141
36789
30529
31011
38498
19717
21527
40078
30723
31192
19681
31191
38104
30723
39664
31131
35226
37349
38419
38585
26105
30092
23361
21942
22044
25654
36906
23709
31092
34763
36634
38734
27522
34757
34760
38435
31192
34544
38730
31292
35396
37325
39701
27343
38548
23499
38213
23356
27354
34547
39666
19738
35230
27682
23719
23057
21100
21554
40196
40564
21905
22453
25297
41442
21749
40393
29428
29430
41211
26017
36418
37190
41153
30155
19713
27809
34727
27774
27835
34609
35780
22960
36864
40337
40499
19754
23523
27681
19713
23754
34727
34810
24528
27604
20058
27431
24258
33787
40172
27742
31546
19753
27953
40433
19739
19754
38148
22047
26288
40119
41299
29655
33559
20522
27078
36397
20454
22898
28085
28293
29107
30241
35446
27684
33080
34588
41193
37664
37921
35444
21140
27934
31482
22907
25574
27057
19735
22727
22780
23145
19736
37413
22727
20590
34725
35118
36602
34623
35228
26400
39717
39753
22330
31313
34628
21548
27061
30428
24928
21130
27835
27121
30361
22516
34249
27773
27785
35774
20984
31287
34728
21318
29373
20024
36558
40611
20302
23906
30087
36390
37245
23026
23027
35790
20944
31144
27963
39008
23125
27902
19787
27143
35526
21531
29923
31271
33197
29477
28461
34754
34756
23123
27708
30564
38652
20609
34692
23770
27205
32740
30122
32338
32933
19774
20731
27713
27958
32159
35479
35263
21502
34651
25584
33204
23155
27120
34662
20300
27814
31266
35714
34638
38552
27936
37985
39948
24831
29506
32418
23769
27178
37873
27914
23739
32424
38269
20594
25754
28063
27194
30400
34668
27987
32355
21646
39733
19820
24479
37068
39772
19797
36243
23123
29134
38933
23207
31113
20474
25730
25752
32350
34689
38827
34692
36846
22976
23002
19823
35420
32656
37706
27912
27699
34671
19813
30115
37067
35197
29395
23237
31070
38665
20629
27531
30538
36798
35915
36324
37112
20193
22795
38441
31489
36730
41022
30631
35058
29641
39297
39299
19831
33211
36760
32334
33350
29641
28328
30374
25710
32335
33142
40594
27859
27864
39008
31553
32224
35575
31452
19853
19863
30761
37793
41180
40038
19873
28314
29624
36191
28297
34776
19839
33331
19849
38093
19849
33333
19851
22164
29871
28916
38020
19992
27891
38921
32374
19849
33332
36709
23751
34806
23755
21446
30097
38108
23760
36519
31455
33211
37844
22099
32826
34334
40064
28476
30621
35033
23217
30513
22357
23327
37018
32915
33591
33596
33239
36760
19868
19869
24960
34294
32120
37257
37882
24661
26414
26416
30863
31524
34744
36927
25606
19879
19880
35054
36700
20486
34828
40126
30803
32063
37238
25445
33067
40326
34760
40896
19892
27583
19889
19896
24656
23258
28872
34754
35127
41263
19895
31758
37615
38718
22770
19897
37579
28999
29429
36182
38060
27359
27818
31322
34788
39864
21652
34705
38224
38313
20453
30673
20382
22540
29144
27300
28557
28563
20464
23428
27866
21424
27865
34564
27428
29623
30537
23187
28099
27315
23655
36455
39803
27875
22945
38676
22932
25727
24209
31366
36430
19925
25481
20060
20121
30957
36496
23166
31454
34997
23245
30805
34726
20641
33478
21821
31454
27856
30670
34720
34182
24951
33685
39605
39924
20696
39676
20331
23915
30831
37630
40125
19953
22631
26495
21447
36246
34847
34989
20496
38832
28086
28675
30459
38403
39758
23010
20674
34847
33087
33603
24003
29215
19963
23920
24816
26406
27330
19958
20109
31302
38059
24107
27352
29343
30954
40478
25110
34840
19968
19966
19968
38398
29969
20701
34857
34915
38129
20023
28158
34253
20023
33623
20238
24801
26292
39361
26179
30548
24680
29006
23255
35407
21297
29769
41228
19985
22932
20817
22922
32500
26996
32662
39637
33752
26114
34918
33993
38045
38043
40754
20005
20488
37473
20012
20027
30820
26356
33404
27678
34554
31673
38803
20010
20149
24657
25264
34223
26272
26766
31669
30790
41382
27553
30610
35692
23892
26490
30551
30752
33027
27750
36206
39706
28333
35078
31400
37301
28173
30752
31575
20090
28935
27744
34467
24017
28802
35115
24891
33088
20774
29243
35052
21998
24633
33356
21236
29506
30148
20018
24792
20020
22780
25826
41042
26237
39713
37960
25038
39261
20302
29451
39756
27738
29745
28560
40819
20488
34814
20395
27799
29626
38598
28893
24836
23509
23575
36412
36457
34249
33742
34998
23504
31332
30598
22763
24836
23622
30823
40119
27483
37028
28142
38620
38753
27363
28865
35608
23955
31463
20936
33432
20099
23506
29698
30991
23754
38565
34934
31713
33175
34986
28374
28377
41425
20394
20057
30711
32762
20069
20460
20461
22821
26426
26517
39448
39449
27446
28384
31291
34572
41411
27901
29326
37238
20440
28957
34988
35283
38765
38767
39164
24788
30675
23940
26165
29626
32329
20088
27373
33033
41359
23193
33499
21444
25766
37272
20154
20351
27244
20395
20536
27797
31920
20097
20123
24737
23926
38952
33310
40198
31655
38898
23195
31649
31655
34302
38380
20606
27377
28367
25106
20118
38837
31564
35700
39137
24145
34074
34881
35642
24148
24266
24270
27500
31618
25497
38609
20124
35214
20360
21310
20093
20098
30365
32373
20356
22397
35023
27872
33043
37218
32373
40372
24311
20110
20885
22956
39812
29893
37121
37422
29102
31586
40241
35036
38017
38965
20252
23841
29538
33166
27497
25588
27547
30615
33575
20121
29326
20114
22383
37558
23144
34059
27807
27983
28665
37904
25257
27408
22685
25863
21425
37904
41415
23136
29076
39523
25055
29003
32537
25762
40813
33168
34959
41585
37114
38090
21833
27673
21833
25198
27554
41559
26415
37887
38941
30550
38781
36273
37711
25522
27610
33054
33720
26655
33242
28152
29102
29101
29110
33575
38119
38436
27755
31671
30623
20147
30897
21391
25298
41421
30334
22820
41418
36488
29627
34222
37094
20476
29167
20218
31334
28387
29032
29690
31606
33003
20163
37495
20738
20750
28117
30709
29090
33400
41430
38084
20204
31426
31426
20164
32256
37743
41142
24716
35379
32826
37981
20259
23670
36756
29254
40127
20231
35306
41479
36077
37934
20184
20190
31229
30515
38717
38964
30518
34578
27556
32967
32991
35133
38407
29142
32959
27759
31589
33093
40375
35035
35095
31433
32915
23506
29541
29698
25812
20206
27542
35066
30450
34752
34766
35059
29698
33874
34187
20206
28734
25555
29152
33634
33743
35086
20759
26893
27160
31104
26819
26943
22995
26880
25388
25427
20637
23750
38121
26760
30237
32626
38132
35131
20208
27757
20209
37974
30928
21705
36501
38625
36307
26982
27576
38961
20223
20237
25341
29112
31403
35044
21300
31834
31418
32842
26878
29368
30237
41188
41451
29601
30562
35077
32927
35085
30561
30871
31403
20233
34148
32858
31425
35135
24977
27764
30380
32838
41089
29287
32927
32938
32942
29251
35942
20238
25208
41349
23410
22491
27404
20647
24450
25966
31653
26561
20244
21828
35803
21101
25198
20281
20516
37799
39089
25851
37813
39575
22940
21716
39815
20253
31966
38640
33164
35612
28290
31800
32519
31947
31138
34825
38229
20267
30909
35358
22896
28314
35501
20262
30878
20393
36633
31768
20393
20267
20986
24391
23262
23472
20709
35206
36173
20726
25127
23635
29161
20271
20275
39279
20275
31876
40028
38247
38249
39307
22036
20318
20509
20280
32569
36052
20952
38296
28607
35888
20558
38977
22771
25851
30887
21773
23334
38354
21319
41200
20294
33282
40785
38881
23904
23905
31318
40043
20358
36802
32385
28848
39684
39848
20996
23230
20307
36543
39549
39952
22940
31198
37864
21070
27774
31012
35774
29275
31095
35109
27123
32453
33030
30225
33158
30922
23123
28010
39811
27959
29137
38790
38793
29481
24126
32856
38413
32179
32180
29479
29482
31282
28755
31394
35520
24646
27724
29485
31279
35508
40771
23128
30431
35811
29449
39271
27083
40986
40975
38589
38542
39835
20392
26587
23740
30948
34378
21337
32571
32766
32781
33873
41106
39927
23077
24031
31493
33089
39856
40434
28676
23563
25476
34088
34233
31401
31409
24359
39577
20697
34064
23745
27350
20346
24692
32511
40207
20843
34162
23419
25992
30111
20342
24522
20403
20449
29624
28315
28801
31329
21349
23049
22419
40933
31812
39330
39333
28074
29992
27481
31330
20748
37028
33648
35612
20357
20856
20359
35508
33375
35501
25604
35061
28949
30591
33136
35040
27496
35004
29522
31554
29040
39010
20377
38407
31050
32580
38768
29360
30679
34763
20377
20384
24938
28566
31554
20385
24987
27605
28884
35610
20714
23955
27363
36608
38762
34947
34615
34801
20385
30080
24351
34773
38596
32185
32197
33166
33920
26770
27261
26477
20457
21016
21017
32284
30914
40968
27743
29628
39165
23457
35426
24994
35899
37986
21379
21735
23471
29118
23270
30997
20461
22612
29013
30398
34141
30991
31409
23532
25897
23532
25897
30954
31298
40098
40478
27729
29534
39758
20450
24995
36636
36174
20414
28502
27737
32127
36362
24467
28511
22950
35411
38718
22900
22216
33048
27376
34528
34538
34540
21760
38480
20424
33085
33047
40445
36602
20429
21330
40131
27651
38537
38603
27863
21362
27839
35365
24963
24967
41311
24967
33895
40002
21115
21980
34741
40778
24967
26443
33892
33899
23315
30826
20437
32045
20439
31988
20439
20443
27200
27229
25124
29798
20469
25730
22781
22794
32103
23493
30758
24223
25446
39401
28355
29985
27229
28068
32528
33472
33550
28642
29728
34691
35515
40813
38612
38613
27312
27325
27863
39427
23193
28973
38149
36522
27298
29830
30804
27983
28812
28826
36430
37422
23752
35994
20474
35500
40731
39532
23108
31189
27210
27214
32939
35132
28284
29250
24999
30299
39683
39781
39807
35072
35678
25481
28284
35079
35097
20525
23046
35048
41540
29120
34734
39137
38024
31671
21579
28958
28918
20493
32788
32815
22680
26068
31998
20524
38761
22652
32812
37098
23830
35743
30750
40138
27529
27559
35103
32172
38481
29261
34757
38435
25357
30085
39127
40299
32923
21889
24434
25407
29391
40296
25419
21274
28878
22459
27162
32288
41037
39144
22934
30172
27890
28949
34912
27560
27588
27591
41169
20558
31520
32343
21589
23292
27009
29790
39170
29896
40197
22218
30646
20527
31909
33699
37190
40888
30554
20547
20553
20639
40816
40819
22220
31017
31034
22122
25521
35848
40472
35013
25521
35610
39165
21345
21356
21366
24405
22331
24135
33051
20894
22116
35457
25637
31349
31508
24321
30234
24671
27946
31799
34946
27952
33320
35471
31446
35470
35839
27947
33270
22603
28774
33192
22606
33267
35541
29213
30108
27855
27947
20953
23913
31714
36509
29398
39976
25655
29183
33891
35486
20971
37915
37917
37930
32138
38968
41429
35938
22252
31631
25894
33283
23010
28603
24494
32139
28581
36774
30938
34836
37460
30368
31117
31120
27430
35609
20582
27179
27187
27195
21678
33203
40343
23826
24084
37524
30137
36696
21802
25358
26030
35505
23224
20594
27190
35268
40344
20880
22818
39705
27887
33004
26028
30193
31817
23582
34697
35256
32004
36359
24507
30234
31913
20599
20600
22966
21903
31714
25430
25433
40344
22904
28085
30885
40813
21679
25770
40413
27999
30207
34821
23110
20663
21904
30444
41160
29004
32661
32697
24154
34388
37391
34086
24064
34314
34309
34710
31557
37873
20889
24916
30386
33492
35529
26859
30285
41551
24739
32648
38158
20628
36547
20620
25115
26669
38142
25649
28471
24062
24276
26858
23985
21976
29311
38159
20624
27407
25098
26381
26671
32643
21976
38159
36857
22531
25754
29227
34688
24421
26391
22815
24501
27263
37699
24379
35952
26264
26761
20635
40216
41227
28824
33142
33238
20640
41060
20667
41032
33467
35123
31570
27850
29961
32288
40549
24317
22501
30574
35563
26865
34008
23780
26267
26279
26759
30423
28255
30387
35607
20681
21869
32840
24119
34478
35112
36226
37418
33780
36761
40176
26488
26156
28045
41282
34170
30507
33693
39081
27685
34570
26329
30415
36252
31708
32163
39387
24630
31913
25999
24240
40816
41365
33700
24139
23158
28711
30483
27330
26792
34823
25788
31494
38828
28093
31324
24799
31401
31470
37911
41122
25110
29700
20704
21671
35341
27612
40058
30056
31375
33838
34145
20855
28130
29180
33479
41029
34041
22047
30382
32840
30822
30833
33608
40962
23828
38598
39165
20692
35142
27778
21818
22882
20708
35149
24165
30886
30953
29700
39396
20701
23317
27832
30645
36273
41394
24136
21612
23813
28172
33930
37836
39047
27347
34843
39066
25939
26731
30821
40046
20724
21622
37284
26734
41314
24329
30767
20719
31532
41067
35600
34196
26403
29735
32448
20752
31542
24750
34866
24327
26352
41216
20726
20732
29767
31620
33857
29479
35395
32384
24113
39174
31070
35374
39873
27639
35663
29709
32358
38956
28349
33237
39097
25310
26696
33305
33637
33235
35672
24829
24832
36884
24826
27007
26266
33775
35663
23365
29542
26411
39358
23586
26266
35671
27423
30552
31577
39042
39044
39046
23106
30704
24859
33941
39736
31523
31533
35291
28160
26748
27400
29765
33038
34673
25145
20772
26896
36099
38085
21627
24473
22822
41555
24137
37761
39151
27490
28194
29090
25131
36085
36577
28802
35690
34071
23146
25960
35088
37950
26225
24042
26855
39104
35686
29404
34411
39105
35025
34300
31669
36986
31668
33163
35026
25117
26972
39590
26836
27010
21790
35285
35377
35966
27175
27879
35485
31696
26699
28528
20802
31139
32362
23816
32604
26264
34758
37123
26771
34340
37107
25108
26223
30809
37398
27034
35484
21397
28215
39000
27562
38848
36158
21118
25889
29480
30491
37504
24143
25199
22964
28616
40530
21472
28854
20805
36818
37022
20808
23215
26667
32648
20808
36818
36894
26827
37019
32131
32705
32708
34516
26900
27616
28589
35828
39231
39888
20828
21299
20829
25682
27194
29284
21297
32502
24874
20832
38500
20850
24877
24881
21149
34050
24325
24508
24225
30902
40294
32592
20833
27194
37895
21327
29000
31684
30884
35156
23873
35754
22206
27530
20864
30917
22338
24984
24927
21231
38567
26410
21418
23046
23869
28252
35767
40014
26454
34013
39994
34233
32019
40213
21778
36788
39974
25682
24874
34174
33676
33732
22302
23012
20936
25930
33426
23900
24257
27911
33207
31843
32037
31946
36085
36110
24879
32674
34013
26466
36845
30109
36026
20869
21390
28896
30921
33463
36363
40464
32552
28968
22999
23004
29032
40014
27706
36542
23950
31029
28274
35776
21603
27916
28280
39926
31608
32578
24118
25446
25444
40749
31116
31361
20952
29766
27957
39925
40416
28672
40270
20922
30570
33309
21912
26454
40097
36739
39938
37622
37121
20901
24682
39740
25060
32468
21490
25305
28818
25368
33254
40314
24618
41499
25498
26716
34197
34230
32174
22370
34831
41085
22544
36161
40631
22269
29295
37060
22162
29708
24286
22777
22817
27782
39602
36757
38576
26756
28187
33406
39371
28309
40271
20916
20918
37697
25776
30763
35832
35849
21478
28639
31087
37175
20913
35319
36928
36931
24484
25984
20921
31488
34671
35305
35308
24149
27649
27838
27884
37697
39610
36190
36194
39371
21207
21348
28184
32716
22278
24737
41487
41489
21944
36596
20931
22829
24052
37568
40538
21501
37984
28539
32107
35954
23371
24052
24137
21752
25494
21698
40786
20954
35491
22111
21089
21103
22904
21584
22213
31189
21091
26042
28605
40593
36527
41322
22253
37412
40510
27080
36105
36292
28351
28356
28536
25028
29280
31162
39277
39487
30198
28234
28251
22253
22969
27978
36199
35246
28597
36797
21501
34593
32686
32701
20967
32556
23827
34647
20975
22386
27147
39551
35877
27069
31991
36118
23223
30253
22421
28339
29225
31844
35883
27123
35714
28386
39562
39984
28630
37431
22031
35886
21185
33505
36095
28630
36311
37405
23626
26700
23445
25041
36091
22109
36131
32517
36038
29344
34759
26058
25362
28362
21780
34766
23660
26280
32082
28659
28728
32476
21078
35548
41344
21005
29611
22138
22426
35969
24393
31472
38073
27899
34782
38576
21232
21283
25506
39939
32133
38814
29470
31224
21067
30364
33430
36604
30525
32673
29325
33802
34502
21020
32211
34516
24188
26478
25039
39279
27928
37478
28492
36601
38982
41274
32602
21471
21958
33133
34908
27418
39313
32708
27615
39561
36764
27204
28001
24757
30209
27998
40947
41020
22435
24414
27998
36741
22533
23524
24417
24285
35631
28622
29906
34466
27108
22458
22674
27130
27234
22188
22840
34448
27064
28621
36086
27029
30799
31391
35528
28609
32609
27062
27070
24567
31613
26809
22793
40517
40951
22444
24220
34414
40150
24500
26829
26835
24914
34182
24960
37289
41587
25083
41132
27388
37991
27920
36629
24820
33733
33739
21079
24994
25135
25139
22693
24946
31477
21067
31487
36604
22425
32307
25134
28499
33392
27612
27617
37877
41116
24379
28401
40735
21071
37105
39515
23905
22341
28808
39431
37260
31026
40161
39071
30556
32430
23982
39383
40086
39391
39304
40742
24322
27780
25530
23522
36466
25562
29511
31550
39386
28534
33497
27703
35923
39944
28538
37830
26003
24005
27226
28084
24931
40735
40739
30206
21930
27372
28051
31209
39403
28103
31930
39488
30655
32794
28009
31754
32207
21102
39983
28024
21542
21584
29416
29169
32232
38856
41061
22905
25760
28420
28840
24358
24602
36028
28552
33685
21116
29375
30959
21119
21122
28534
27728
28538
38548
31261
39442
21123
38259
38261
22092
30601
24625
35946
29443
29768
27828
31303
33457
35947
37954
27124
36005
24261
25464
34181
26539
38267
35918
36268
25932
37969
29211
35372
31264
31687
36032
35596
25766
26722
36183
21136
27846
39730
40400
25942
37041
25483
31056
24261
30602
21139
27697
31293
28036
23999
23468
23587
38209
21162
26794
26823
41111
21160
23170
40768
40809
26692
34262
36048
34124
35173
38270
39079
37070
21174
29670
27692
27694
33259
36843
26783
28035
32583
28793
31779
36062
24466
27513
24039
25044
28449
24503
27697
31293
27356
27854
31798
22078
33452
22140
31851
34403
41118
28910
29754
33903
41168
21174
21166
22176
24679
21169
26638
21169
28490
28604
22174
39854
27351
31732
40089
24457
27575
28615
27694
27288
29413
28581
31862
33619
22869
33493
25273
36231
25070
25077
28636
36332
39105
21263
27277
29873
27508
35730
34495
40163
23623
27216
28930
22458
26328
33758
37045
25078
40007
36466
24570
26845
34403
41251
27395
34006
27270
27337
34304
27393
33758
27108
37122
26556
39432
27990
33597
41016
28503
40164
27181
36120
39402
32764
39349
40089
23984
31485
35520
41240
28460
31857
22915
27795
32692
34497
35891
36267
21215
21231
21243
28646
28005
33283
21231
36137
38198
21224
22494
39203
36141
36543
37966
39955
29954
38265
41508
25146
37517
24704
28654
21258
37068
40999
28691
38948
21237
27308
27319
30020
41509
30817
24948
38358
24217
35696
34439
36921
41035
22254
23260
30114
41383
35809
21262
27684
33080
34307
22168
26094
33277
32606
37378
37966
25146
25281
27116
28875
25146
27308
22016
22240
30969
35783
26117
29452
34518
36298
36295
41500
21389
32209
32703
21254
22715
23170
21522
27002
27052
39654
21973
39654
22055
40768
36356
38331
21261
21452
32414
24753
33227
36409
30114
33184
36312
31041
36550
31775
36162
21266
22666
36878
21276
38644
38644
22953
23203
36885
21276
25442
21638
29083
36875
27020
37943
41429
31501
21278
35542
25206
25221
25156
34420
21868
24675
28237
21286
38629
38648
38655
25181
25199
28685
21617
37216
35110
32591
23732
41226
29023
40155
28677
36446
21292
23701
21304
23730
27277
27658
23852
24982
25410
21403
21939
28791
40634
24692
32076
34021
34587
35259
27722
27723
29518
40154
22007
33035
37448
23217
27761
33086
22565
37454
32967
32986
37978
29354
29364
33153
38078
25104
21316
38969
39147
27641
36239
25234
39489
22165
23437
29031
21350
21375
27131
32576
41201
37017
22748
33305
41548
21775
39962
21452
24843
22423
31878
21720
30918
29732
34860
38708
39370
40446
23121
30918
31730
31730
40225
36548
21677
33259
25451
36483
39013
28253
34395
35785
30894
31121
32770
33986
37463
21565
22299
35756
28767
29277
27987
38269
21680
24710
21360
32461
38687
33984
41221
25261
27843
35235
35246
38303
40207
21372
34606
25238
32808
39177
23487
26009
32750
41191
34119
34888
21437
29034
25224
25255
32461
30504
35382
22068
38704
39489
40128
34119
26708
40367
22299
28779
23815
23817
23820
25301
40254
21372
34589
34592
38426
21437
25186
26587
21373
40395
32391
37097
31817
27101
34589
22789
22794
30135
35301
37096
38760
21393
21412
23621
40359
21384
26103
24757
40942
23618
25789
28043
33363
24417
40823
40950
25323
40465
32495
32899
37849
39408
21400
37333
24611
29408
35911
21467
28995
21399
22197
22212
38631
21395
21408
28275
34430
21410
23645
34514
32653
32722
22208
30921
36733
25631
22922
38747
38777
24683
32502
39350
24705
30893
35427
39216
21412
22960
30167
25898
22960
24555
32873
21691
36657
37234
21582
35031
32849
38843
31650
38595
25386
26626
24747
28193
30506
34591
37902
23143
28955
28258
29699
36657
25361
31755
38350
21431
21529
32904
23752
21435
22190
32300
33813
35248
23685
27239
27711
21435
26078
21530
38853
29334
22466
29334
29339
23897
27021
27055
32734
22975
32289
24699
37378
37968
34176
40974
29392
29665
35745
34453
23876
24439
35312
25322
25385
29535
25763
21453
33445
36312
21698
40786
37231
40178
31383
40229
41478
30758
38180
25334
21829
21464
35433
36530
31513
37046
26516
40567
24255
24707
40927
21471
25501
32405
33938
36991
22006
28938
23180
30532
22481
32977
40714
21479
27164
25336
38081
21497
37987
26868
30252
36990
38158
29266
32313
32644
21502
34644
32237
40287
25087
23534
32238
40287
26868
26940
32311
37161
28455
25380
37482
23324
23572
36682
40283
22550
25635
28279
21936
22234
33073
30077
30078
27421
22285
23528
35794
21887
33135
21502
23125
22706
37407
30067
30170
32728
34206
25571
34522
33244
33443
41342
25065
36587
40553
22901
30268
30346
21872
26198
40287
31739
33769
33095
21524
21529
25268
37783
21524
21530
40259
37126
39707
27097
37533
37676
37765
22106
34173
38086
32701
34171
41500
32662
41447
22660
24727
24665
25289
25307
25423
25428
34173
37676
37765
21530
37064
25325
25313
27941
37486
23263
35812
36072
25265
35037
39312
40316
23975
24195
29551
30941
22192
27009
25292
25353
27597
41321
32754
40220
27326
29166
22151
36327
29419
31129
31024
34481
31057
21547
25736
41250
27035
29416
40181
33307
39045
27125
30361
22379
32892
39787
32460
39271
39208
21562
32949
26397
38554
29416
23074
27464
29714
30497
21995
30489
34826
23312
27339
37744
22854
23074
29742
32890
33452
40809
30464
30465
29880
32816
40087
21661
25417
23247
27309
27068
21616
33852
38373
21713
30904
39782
40422
29742
27866
29830
33981
38283
34814
24401
23254
38082
38928
37167
38747
23250
23253
25534
27090
34563
39058
40422
29668
29963
25385
26314
40303
21590
21606
38034
22192
30353
34856
26609
35540
35544
32984
40291
39799
41190
27079
37339
32376
27900
33158
23772
27760
27768
30436
39808
34908
39724
21611
25640
22104
39126
39351
21685
39101
38346
39435
23881
30463
25821
33065
39925
40434
21748
25436
33740
33423
33587
37439
26165
38369
35511
23377
21691
25429
40236
39028
26214
33977
33553
22803
33327
28149
28331
26746
37436
37950
34051
32517
32738
23896
35218
35037
21688
27729
29533
38858
25336
30880
36884
30010
30857
21644
24856
21782
30384
23444
31065
21645
39733
21646
21649
37204
21647
21649
29712
29034
29546
34604
37609
21737
38185
40713
32559
35665
21913
39362
21655
36464
21714
31065
23421
35167
35170
25928
29072
38516
39398
23039
29988
37335
21663
21910
39376
25451
39449
39453
24402
29988
30937
33292
34165
36982
36229
36889
37050
39814
37131
40291
40312
22065
32944
32948
40306
21815
40306
38202
33326
30737
38254
39699
39754
21684
28799
40414
33361
29078
30927
35373
22023
25403
22849
25673
41160
35486
38034
40414
21690
25434
25437
21812
21731
39624
40837
21732
21736
25437
30819
29953
31154
31845
28247
29159
32763
29034
29159
31831
37595
21703
22204
27035
30914
36450
35209
39354
21808
29168
38215
25439
25504
40378
40987
34165
35874
35896
39982
26153
29060
39816
36225
39559
39560
23447
21725
23290
28388
35647
27636
30066
36632
30710
30978
30067
34206
39290
23466
23697
29371
25254
25261
21917
25417
33160
21728
23663
40426
40495
31084
35199
39630
33253
36674
24660
21769
28905
29199
23332
38990
37713
30725
40879
21812
21915
37709
37748
21814
26016
21808
28726
23634
40551
38263
25397
29599
29802
21751
21774
25494
21751
25494
29459
31010
23965
36536
35818
40647
27689
35665
29194
39313
27825
34313
30796
32126
27737
30976
32127
29194
39313
39319
23773
31539
33804
29046
35170
37865
23887
32114
38831
21767
21770
22409
24957
34322
27317
31311
35281
21777
33338
21814
25018
21774
37140
29156
38407
41305
27896
30695
38353
21777
31244
38539
41335
32913
40407
30875
40585
22087
22090
26096
30451
35757
23712
23517
23511
25777
40296
39033
29418
32545
38648
29024
24396
29418
35757
39894
40087
23854
36539
27657
21871
28978
22204
27035
27608
31128
23006
27622
27683
34661
25445
40328
33461
31315
37985
39948
34170
27090
27681
21807
27420
27414
31058
30394
30404
30509
34781
27926
32364
38400
38828
28837
30093
40898
40944
28905
40599
41318
41367
24740
31351
32593
27241
27318
29739
25554
39819
23052
27988
28077
31311
29646
29651
29678
31100
33909
35334
41257
33560
34407
32297
35616
35505
21918
24616
32885
32950
22082
38862
27676
29208
37333
24701
36996
31065
32803
24235
30186
21845
32855
21850
22481
39578
31814
35446
40004
25554
32469
21901
37366
37858
37313
37776
27495
30642
37940
38099
24162
35512
25554
32471
41318
40714
23954
33119
23955
28863
30318
34815
39035
24198
35316
41422
21870
21931
39685
30719
39046
29718
39685
40402
25235
26629
34455
37820
21891
22011
38391
33104
33125
21874
37619
39839
40403
25405
40403
38889
41196
26887
30855
21924
29718
21882
21885
38815
29444
32237
24432
25195
32231
38454
25459
28077
40809
39663
24339
31760
32151
34789
41487
27473
29207
31242
34149
29918
27467
23784
36731
40515
40542
40610
31925
35546
23903
23900
23903
31625
21969
27498
36096
30956
39975
22136
22142
32916
30443
34667
36637
31483
32153
22576
24486
30274
31435
21902
21925
23590
37863
29461
40575
23909
30133
29950
30458
33314
22114
34780
35864
23555
24414
40947
41027
29987
22063
39061
31892
40376
30177
30187
36121
28261
35664
35760
37853
32886
39559
39943
30204
34089
27926
31917
39751
28221
31663
25345
24895
32525
24387
25867
33389
41473
25352
29759
34281
37325
26811
35124
21963
23478
29069
21927
23000
34620
26110
26148
33891
21931
21933
21957
39904
21932
21933
24675
24702
39373
39768
22541
22151
40490
40861
22147
22117
34931
29246
38439
36614
37637
40837
22147
41319
24238
32526
26959
31815
33451
35587
36328
24653
38872
22752
36187
36795
37347
21951
37246
39902
21951
37249
21956
27962
36764
38171
29196
25007
26362
35675
34909
37249
25068
29787
27176
36933
22767
27567
28618
40164
21968
21975
33008
40442
33008
39856
24076
39550
31068
39020
35212
39199
31927
33022
40060
21986
33205
35410
40067
22224
30478
25468
25491
39858
27002
27109
30301
35967
22320
40066
25115
26399
37220
24656
24940
25497
35410
22024
22092
34808
25478
28280
38256
38272
22482
38250
25176
29349
34951
38592
22505
24096
30966
30968
24233
31384
33161
33248
23401
30854
22510
25415
34571
21991
23897
38498
27460
38545
22018
28882
33634
24562
33352
38151
22066
30529
31030
37726
38997
38120
24224
40717
24769
24799
24224
39926
40457
27125
34659
22014
24096
39917
40500
33032
25501
40485
39886
22102
31863
35778
40456
33209
30642
22149
31467
36217
32963
30966
39512
40386
31476
29812
30961
24959
25435
34163
28920
28927
35854
33896
39927
22153
28404
35411
23494
25513
35782
36977
29951
31765
31740
35432
35456
28550
24305
35431
28382
32552
29378
39414
40473
29378
39416
22040
22052
34534
39411
35436
39630
26009
39419
22058
36853
27874
35289
35828
22050
30604
30730
36436
22048
27956
37477
40429
36589
40429
40466
40489
34379
35935
32349
22058
39934
23043
23165
22058
27360
30730
30316
23041
23162
25844
22129
30176
34958
22906
33091
32310
40621
38449
40520
33049
33084
25540
33179
41578
29494
34732
36306
22481
22719
40708
22082
22935
26965
22077
33182
38001
25220
28856
30959
32456
29237
34695
23251
29446
29568
32778
36893
22479
40934
33180
39087
23162
40768
26291
41194
22085
22088
28121
26117
31030
22084
29853
32208
24775
25174
32555
24296
27265
27287
23348
40766
39298
39303
28107
31982
36526
25408
40326
40329
22153
32802
37780
29369
30120
26541
33426
25941
33287
40033
32759
38616
23161
33450
26889
28116
24616
25345
32950
38353
33165
30290
37499
28166
27745
34747
35922
38491
32685
40486
29603
34229
34230
25392
38331
22116
25675
33150
22331
37134
22374
25632
40633
40634
33074
40802
32469
37487
25408
29742
34862
25593
30086
29615
30936
33124
37029
22159
27748
34733
35922
28353
22432
39535
40948
22707
23162
28355
23943
39060
30262
38029
23680
24403
36999
22165
22172
36239
24291
41338
31359
33156
27621
31128
39698
22379
37333
26635
26848
27068
28774
33192
25614
26467
35842
28288
35723
24623
26199
40995
22516
29619
33124
40522
24332
31994
36906
41319
29604
38679
25778
31083
32621
32646
30029
29520
27587
39198
34991
26981
26988
36927
37853
33774
33812
36767
40958
31304
37390
24978
29989
33180
28353
24827
27947
40710
22493
38123
39763
29121
39855
39860
26841
41253
25369
25111
30147
37522
39788
26308
40017
40420
26178
27295
34518
39908
37532
28138
28496
30073
41276
32823
36054
36088
41429
25216
34601
37609
22193
24763
29489
28354
38732
22203
22202
22205
24275
34512
31614
40497
23225
38342
24986
27295
25120
36386
39631
30307
31733
40103
40104
26990
39405
24487
25201
36993
39216
22215
35804
28856
38530
25049
22215
23108
27628
34563
39679
33047
24373
40112
35375
36195
37870
22228
40382
36304
37478
24910
40438
37355
22233
38100
32144
28543
34477
38257
40690
23100
24586
22761
22621
25841
22248
22318
36085
37392
27047
22236
22365
22241
31101
22819
25512
40454
22541
31807
35889
36979
32834
37261
37263
24714
34541
26616
23477
33631
38288
24492
33384
34179
27444
26563
27613
41468
38863
22787
37409
24831
24888
22874
30938
33302
37738
23072
37393
37397
22593
27940
30337
22280
25591
22279
29295
35807
23519
37762
22663
33650
34291
40668
26240
33586
41143
38958
41393
39269
41328
35807
27311
36183
39101
34305
39452
40266
33485
40991
36983
41447
30020
38076
40099
27579
31664
22314
39806
22288
29910
37221
24941
36514
37152
41004
29903
27278
40078
26917
26910
27087
25094
25121
36961
38499
25392
41513
24729
29864
29724
31005
32301
22298
27172
29724
40012
40190
22962
40341
37732
22564
35428
29086
35791
29720
28254
32995
22307
22308
22310
24488
22310
25796
29391
32995
22314
30153
39806
22547
37236
40285
25991
22316
39735
30468
25131
39972
27034
35503
33101
26141
22581
36318
22342
32382
28811
29899
22585
25544
22658
33662
33967
23873
35775
23130
29495
37776
25463
28891
22665
26228
31536
23114
29722
28005
30119
25583
22477
24772
25583
41004
26389
28606
28541
26980
36609
29338
36381
24419
26157
26344
36565
23113
36947
23343
37888
25977
33294
32714
34360
34397
36891
37522
37532
34377
35869
24386
32028
34882
22369
40852
33982
37786
27249
31023
26312
30029
38245
25593
32753
22589
24211
25798
26642
34248
31496
32312
37290
37344
27081
27158
23100
22371
22374
31025
31804
40579
40907
31158
33150
40170
26562
36779
32880
32792
37725
40207
23949
30078
34452
37366
22386
22390
22422
22553
33026
35617
28365
35657
22396
40148
22389
34521
39589
22390
34444
39402
22396
36120
25193
22394
28104
40965
22606
26070
39868
36149
22401
29917
30112
22401
30108
25641
38294
35498
40857
40720
22515
38004
27227
35272
37600
38015
26025
32353
36328
37440
40343
22766
29915
37546
22415
29930
24030
30435
31992
36194
25779
39374
29396
32079
32080
32081
31631
34175
33414
37192
29733
40315
29707
32013
23374
28089
40167
24326
35021
35060
41336
24538
24054
33812
31540
31542
24229
24232
24321
25508
34133
24307
32093
40265
33206
35406
37182
28906
26215
29656
37728
31637
39608
30024
32695
35517
22440
32093
37729
39112
22471
26927
30687
41373
24458
25978
32257
30401
32221
30814
32634
34370
24523
26593
22449
30026
36744
26871
22463
39269
41328
33298
33417
37316
37327
26927
27102
41373
29865
32638
25686
33147
39124
33140
27107
36730
41022
25396
32973
39303
38939
39278
24332
22483
36781
37855
39801
24851
29622
30687
41237
24753
33188
37576
22832
37709
40368
22620
24851
24859
33443
27208
28633
38538
22477
25583
26884
22834
25660
25250
26644
30589
36784
25663
28897
25643
38023
38231
40101
24364
29230
26303
34489
35710
23014
36524
29200
41122
37645
37714
39764
26159
33827
33668
37013
40303
22834
41004
41567
22592
29424
40261
38388
23104
27207
32717
33301
30231
30568
26092
28775
30299
28739
38481
22510
31802
36363
40464
22593
25009
22528
28208
28382
25513
35781
36170
23013
30406
26939
28078
29567
29574
32124
29920
25654
40936
22587
25159
38236
22525
28451
31343
28038
36836
23785
28439
35643
39274
35886
37920
23118
36951
38971
38973
22528
24152
26535
27756
40875
23185
25016
30546
32090
32195
39656
26934
31496
32836
40632
40801
25662
25664
40622
25668
37056
29608
36217
33448
36286
25692
27818
33438
25900
30117
33656
35462
29993
33183
36308
37054
25634
29611
30086
22563
23600
29559
22554
28320
28334
37157
27937
41254
26848
41256
33206
34192
34664
37054
27089
27937
32158
40615
25553
27176
22798
27012
33055
22561
33018
37224
32343
36088
29982
25463
40160
28574
30196
33798
25646
36383
22666
24385
39981
26939
28078
40583
25648
36185
36209
24824
29016
34300
30321
38985
28663
36533
25152
29555
34489
36836
25726
40602
26550
34543
23346
24516
26895
24460
41121
25615
22684
32431
25833
22626
22875
25791
25793
26814
22591
28159
29980
29923
33150
37486
39124
25698
25634
36426
31569
33968
37600
40278
40279
30543
35469
22650
27196
34765
34787
33267
39217
26435
38998
41371
27130
36124
26633
31841
34239
28112
35333
32144
30454
40302
40676
28088
34197
22636
23912
29929
22626
25851
33337
22624
37408
24847
24849
34001
24887
26970
24269
26613
34351
22625
22636
24084
25783
37524
22859
35803
23354
24516
28636
33234
35833
35836
22632
36566
29952
31992
33321
39605
23201
26895
28914
34318
37498
22822
40251
26307
26377
41050
26827
22676
26602
26604
22755
32438
34040
38424
28245
29565
36007
28155
32869
34973
22727
24102
25201
28245
27933
31670
25201
36545
25631
34666
30797
25695
29128
30052
38688
38739
23713
27716
34982
26274
27877
35060
22665
35032
36471
24326
24541
25608
31519
24543
36564
29897
24726
36142
41582
27066
34427
26311
30930
31288
22867
23851
30023
36923
24688
40211
26958
37402
22679
35813
40322
22727
25861
24816
26627
29297
34438
32629
32691
34416
22687
27107
34005
22680
36979
26606
34492
22683
29638
31020
34492
26513
34275
35029
36739
25286
34376
22748
37513
25947
33817
33881
22807
36049
22694
24516
37955
40192
38459
26350
30214
33939
28018
35907
32605
22696
26506
22779
23451
24887
40831
33517
26280
31500
24406
25054
25816
26604
26606
28587
30656
40684
40687
23038
23161
28098
30057
41009
22714
30176
37599
24368
25968
22722
30010
35815
22725
38102
28463
36336
23165
30176
30384
36558
32640
37704
22729
29807
22745
27620
28318
32964
22793
24134
25406
38514
31621
39781
40381
37667
39794
37663
34854
40338
28803
28804
30449
33971
33997
36177
39249
32642
22756
32444
30344
37563
39081
40776
32443
32444
28903
32558
40903
38312
25115
30248
39769
39148
28376
24481
26185
37157
22753
22775
29059
36187
34121
32440
39829
24724
37962
41299
41298
26211
32328
22984
37653
24796
24795
32641
26905
26958
32690
22768
22775
34787
28346
31434
24911
35602
37905
41424
24082
35798
22881
40285
22850
22861
30319
28120
32309
33815
40642
27462
31082
37942
22866
32980
25870
40836
24802
27970
31231
25739
25641
26006
31883
24674
37282
41314
23326
29596
23112
29466
22788
41492
30116
40672
40654
40659
40853
40477
25644
37475
37777
33159
29183
40672
40640
29184
35303
22801
23432
28514
35723
37062
31973
22806
23984
31049
33012
38237
36308
29614
30795
28489
31548
32082
41390
23448
35723
22808
34339
22810
35950
31972
34047
28486
37462
41472
37079
41457
41473
25021
33426
33431
26611
37403
39699
41488
29856
26652
40360
30508
40251
40360
40369
22849
33309
41160
26313
34458
39473
29465
32073
37702
26507
26970
27220
40417
40685
40538
28369
24469
24530
24633
29505
33798
27467
33125
33223
22868
26069
37110
40685
33238
37817
25656
24846
24429
34417
30417
30584
37964
37601
25687
38015
25715
33536
32073
28617
37494
37500
23448
30262
33531
38951
34694
39771
30476
31641
37787
31074
36797
37175
23618
25789
37808
36881
40574
22969
26847
28182
29440
36018
40515
25695
30663
36592
23453
27740
33538
40152
30310
31857
22873
27362
34458
25656
28004
27229
24042
32694
37014
23826
30159
27985
37808
22878
26525
26885
28223
22886
28050
26856
22885
22889
31758
32235
36815
34865
40700
26242
32445
37352
39593
39598
22888
37030
29932
24863
30130
24418
26234
31861
34574
37943
30349
34919
35734
29190
39163
36540
39593
26508
35801
30273
22903
27366
38676
32443
32447
32007
32310
27226
30886
28084
33097
23772
30433
38875
30379
33469
25379
25384
32852
23241
25866
22912
27225
30907
26323
32930
39975
25327
31942
26411
34286
41461
29006
39154
41326
23396
25878
40780
24836
25731
41370
23316
40658
24598
25465
35930
37260
23233
29940
33855
39225
34204
29583
41279
24116
37465
22933
22937
25727
23992
34525
29023
33155
39797
23025
25749
38415
38426
27596
22976
23002
27033
35790
23723
25720
33580
27305
26165
41057
41148
23851
35058
30130
34438
24629
33950
34541
35553
24649
32428
32867
31749
22961
34856
22963
26915
27780
31616
40341
27662
30171
24161
32873
24295
26936
27188
31139
33240
36404
27195
37873
37896
37949
26901
35551
39461
24482
25492
28813
38415
27339
36364
27433
33976
38877
31142
29933
34842
23028
33806
40716
38151
22987
32326
37573
39795
41065
24736
41350
38671
33429
33468
41094
26246
33102
23260
23281
40704
26641
28185
39246
26820
25870
25921
28861
31615
23232
25780
27066
35859
23027
35790
38329
27058
35892
23017
30869
38135
27628
27643
27361
28592
38711
25826
33448
36286
25141
25904
28720
27333
23039
23415
40295
23496
25707
32279
38481
28418
35097
23035
24738
24299
34749
28418
36700
37937
40584
41042
27525
30051
36631
38703
30731
38664
35993
34610
33768
31552
34588
40396
23390
41211
23057
30432
35230
37893
38111
27199
39018
27364
28248
40805
35141
23043
23156
23239
35263
28215
35003
35712
24818
33998
24340
23547
30206
33363
27246
32834
38868
25889
27348
23058
23071
39156
23682
23059
23082
32506
32538
26752
26767
27879
33038
34311
37477
27150
35147
23996
25599
33083
23082
27124
30428
30489
35144
30403
23076
23082
29692
37666
38000
29467
40811
25799
24032
26127
33375
24001
27209
38742
32328
25657
32298
26893
34034
23099
25253
29409
23107
26719
34414
32793
26353
41217
30628
24020
41243
29110
36127
24427
33868
33950
23819
28794
41381
25805
33390
40036
28894
30016
41069
23173
24886
33437
34052
25613
37088
33362
29146
29082
37093
24266
30709
33027
24220
34578
23111
29199
35554
23120
29872
23113
25515
33294
33435
34485
27527
30448
38330
23127
24929
31550
32313
40055
23127
39305
23124
25171
33291
29278
25710
40594
27148
38973
41475
32610
36010
32882
40790
23132
27702
25391
30082
30522
37249
23139
26311
30522
36558
30431
33875
34983
36661
29071
28972
31312
35322
38611
28894
31288
31473
37373
28900
28670
26161
37396
37706
35025
23149
23159
23153
23169
23153
27237
36079
28892
39915
40618
24150
40474
40475
36969
29450
30913
23367
35628
31816
25821
28993
33601
27049
39827
40384
40421
27735
34829
36236
27514
36361
29598
29650
29006
33824
27395
23390
40541
41265
29409
31917
24682
29790
36895
28854
36818
36894
27590
35129
34346
38308
27527
29377
32383
36083
40698
37328
25849
33452
37108
40851
31414
38786
23197
34937
29160
23204
28602
23666
38297
23204
27213
34812
32875
36366
31651
41359
34422
23242
23263
28107
32555
27591
27598
28636
38868
28118
35140
23213
24462
30531
32729
27183
27184
27712
23233
23311
28440
29821
30158
36697
35768
38652
30402
30539
30173
34382
23238
32983
28390
37973
28852
29018
40803
23222
23545
39274
30626
34700
35926
35926
40767
38338
23339
24669
34898
38496
32231
30257
27627
36300
36465
23303
25878
30201
30279
30295
23241
25811
26817
23787
27712
35172
39873
25694
27286
30447
33790
38987
30804
23273
25083
33864
41132
25669
38836
32447
23746
38224
39803
31301
35809
35288
35292
37081
38920
29120
37188
30957
23265
29352
33546
37652
28436
25630
27599
23267
24888
35054
24650
35621
37641
37651
23281
26430
26604
38006
23332
23469
34362
35963
39796
40863
24694
38859
23306
28572
23466
31084
40845
31166
37791
24819
26302
35943
31658
36459
30769
31213
23338
23339
26250
33365
33544
41140
36458
24819
26206
41135
23411
41187
36229
26016
33346
38616
28756
31059
34108
38616
35404
31190
31272
34535
23295
40657
40849
25018
30289
26192
28572
23298
40850
40838
31193
27369
27371
23322
37471
39911
23311
40780
23736
38198
26320
36766
39784
23322
40807
25047
26320
36766
29469
39881
39882
23390
26149
40541
39881
40852
27737
28707
36236
36357
39220
38246
39276
29186
23465
36215
26533
40978
33441
36686
23340
29563
38807
29130
32922
35422
23335
23337
27249
38706
38229
39251
23331
23333
23335
23341
25125
36529
30695
23337
23340
32750
38444
26953
29596
24645
23341
25938
34334
25842
33322
35451
26819
30427
40057
27338
36291
33282
39543
37132
23659
25948
36204
28450
23665
25948
26004
34178
41109
40163
41366
27733
31008
23376
23360
41195
23362
23362
26238
35691
37394
39505
23373
38597
23660
27847
24036
37530
23373
34243
34418
34444
29653
33120
23378
33518
37574
33977
26745
37807
24121
37718
41063
41065
24361
24369
39987
28142
30370
23410
35208
39075
23393
28520
41522
23785
40541
31901
30841
38932
39212
25165
32601
41081
28758
37099
29065
38199
25165
25980
27763
35190
39824
36488
23404
30761
39263
23579
23467
35189
27654
40496
23404
23644
32507
24391
24593
24595
23407
30708
30737
31111
29691
23448
27795
31272
34533
28752
39032
23414
23417
29500
35578
32887
25460
31645
33291
40130
25928
35345
34799
36396
38273
40543
31218
39109
36416
30406
32278
24042
36099
36862
34813
35382
28956
31515
23711
37536
38569
23435
33728
36175
37615
26699
35702
36891
26170
40932
37648
39325
30818
40731
24046
26654
27004
32862
28752
35477
41573
33561
26500
25938
26080
33501
23585
26475
26479
37644
37674
39896
27784
32091
23464
24835
26690
38755
35360
26733
26897
34033
24660
29122
23460
29596
37358
39504
36323
39415
40473
28154
26405
23694
38246
23646
25312
31609
24464
34106
34259
23471
30163
33200
35884
27641
36323
39693
40658
23494
32254
41090
41520
38346
23486
23497
24313
36693
36696
26014
34111
41523
25489
30897
40743
40870
31609
35189
23664
33385
34290
40973
23516
26291
23501
25399
36325
40876
29546
33494
35209
28336
30319
36395
30690
35177
27713
27714
32321
32345
33604
40957
23498
37242
25761
30771
24307
27206
32293
33584
33607
33931
38562
39903
23759
27244
29150
39906
28153
35284
30677
25717
36980
39533
24977
27764
31045
39625
35085
40120
41300
33691
41294
26968
27282
40986
36411
38127
23818
39587
29140
31211
40823
23609
30978
33588
35255
35258
31210
25203
25471
38701
32570
23535
33129
40817
38980
25120
32317
28431
31910
23537
35363
25254
36215
27839
29774
30706
35184
36488
24739
26667
38142
27667
38355
39458
25087
36917
36914
38354
39646
33658
30688
28005
23549
30090
23556
28837
23634
31202
38232
38182
31995
35080
29314
37892
23556
23571
23567
31274
34534
37004
38218
23581
30943
27218
30485
35461
28866
27888
30996
33466
29117
38443
23569
29262
40818
23569
23779
35982
23571
28939
24414
40605
27415
26332
35986
31257
39103
40263
24954
26908
27316
31332
31701
30748
34721
34935
27882
35262
29509
29107
35204
31364
24608
24825
29514
24586
29514
33766
34259
33943
41240
29437
31060
34620
23592
23683
39359
23859
33766
26069
26071
23597
40905
23598
41075
41074
24857
37203
26599
38270
23689
26067
29139
29846
30708
30773
38310
41526
29323
23643
24380
40292
27842
30706
30987
34178
40675
23966
39433
40988
32588
41102
41139
30160
36598
23747
35189
29384
30165
36400
31819
37844
23768
24453
33934
36492
26037
35697
35958
26793
27559
35103
36626
34355
37514
34291
31004
39644
24658
27602
39315
35423
29121
31201
29704
24857
38163
31325
32378
33645
40690
27353
27783
23675
29844
34255
40668
27183
39893
23770
30564
35244
31071
36548
36393
35479
40468
40842
25497
31258
38862
27366
36403
38676
38677
23659
32616
40842
26004
29824
31495
34422
39415
25413
33644
23730
29344
40016
27056
28284
31226
24489
41051
30874
38577
40364
24945
40973
41107
25406
29049
25406
25734
25753
28892
30200
23859
39173
34637
30849
34637
38223
23855
28701
23698
38967
30707
38668
39181
36353
31220
25681
37195
27450
35323
38994
25917
29462
36405
41335
31127
35977
27644
31474
26066
36035
26049
26073
39918
39991
31054
35410
30812
36756
25412
33630
30679
32993
28436
34728
34754
31202
31205
34042
36875
25674
33025
29689
30059
35208
27878
23836
36787
38765
23836
33589
30075
29035
38673
31168
23836
30075
27197
39765
35304
38716
23793
33671
37082
23736
38201
30781
35162
38258
23749
28643
29015
31270
25590
37989
25283
29512
25601
32859
28028
32350
35769
23748
23756
23938
40123
23765
23899
30060
38396
38399
38313
30819
35190
23797
35120
35119
38136
38281
32190
37847
38575
31453
38319
40411
41149
31232
31236
31524
34890
39891
23760
39889
34724
25795
32008
38220
23765
27629
39378
40408
24463
27344
39474
31267
28623
24522
38869
26679
23923
27292
24509
36490
29628
31920
24634
25364
30354
40818
26023
28667
37679
37369
40756
40895
41013
41081
41268
38966
24325
27057
30666
23796
35225
39065
35225
39051
29689
36789
41182
23793
34944
40408
34874
40345
41171
36793
27142
40829
23873
25303
34874
39922
40411
26250
41040
41102
28478
28518
34929
33231
28675
34433
23803
23804
33645
23959
41103
24397
26244
37963
38369
23813
24380
23813
40468
34840
23813
29844
40676
23827
39301
41536
32829
35051
31145
32813
33560
32322
36276
36507
37962
40119
41189
38361
30654
36050
33910
30938
23831
28256
27577
34297
40171
26129
32135
37714
41001
29277
29147
31909
38937
23838
35930
37876
33538
35625
23843
33583
27479
39160
35572
39397
32410
33585
27387
37970
30896
37151
38685
27907
35299
31086
29851
31450
40241
38380
40171
32325
40920
40976
23855
29430
39729
40580
37872
34551
32734
34547
28122
34696
34723
25626
31367
35082
24209
31109
31366
29999
34965
23867
24841
34910
31334
31350
34407
25621
30074
30917
34524
38606
28880
30998
33703
33706
39066
40242
29148
36834
27028
40332
23883
26040
33706
40334
26774
29238
30634
35651
24765
28837
30093
40899
34283
24058
40242
35685
26040
29751
24248
30060
40123
41054
27040
27705
24048
33353
34415
33771
29632
32101
36102
36666
28026
29229
33209
34922
38545
23901
23907
29247
40537
41054
28937
39103
39113
24257
30364
34661
31482
30913
31541
33030
23910
39763
23941
31566
41015
24394
24527
31361
24084
25745
33408
29252
38986
39369
25655
27966
35839
25110
32773
32791
32987
24016
24106
24107
32106
30483
38397
33547
28706
31016
31962
39407
39586
36727
27778
34973
35668
23934
28140
33547
29054
26935
26746
28203
28806
29347
37269
40352
40369
27538
26461
28610
28098
40345
36186
40537
41054
26163
34874
35621
40470
40537
25769
26257
38861
38466
23947
27272
30843
24435
37452
31033
37053
29493
31601
23991
39506
35555
26253
26750
33766
39506
26121
40824
26121
33727
33848
31787
36524
38813
26082
29848
41033
27680
29442
32465
30392
36393
23969
31911
39794
33076
37625
40469
30006
24304
39804
40264
32587
33714
41184
41103
24282
30940
23986
23993
38176
36981
40538
23990
24035
24452
26101
30409
39392
24089
25441
32741
35538
30286
30296
31731
25073
28599
28679
38626
26031
26219
35984
25376
28797
34261
30356
36337
26925
35163
28977
31382
31387
36108
36005
24324
24134
37707
27846
34607
31491
35577
36246
38113
30035
26090
27411
24162
39019
34665
26925
34445
26925
27086
37801
39617
29775
33562
40214
30342
34184
24016
29633
33113
33383
34932
38085
26736
26821
24151
34314
41234
27091
31579
32926
27532
39052
38057
33473
35983
29851
24709
27751
24545
26715
37116
26031
35000
39010
37162
41131
27542
26694
39506
26831
29915
24059
25746
30844
34785
24039
24288
28505
31601
40767
40400
41247
35081
38484
38626
34385
26450
31716
33493
33602
26419
26450
30141
34386
24123
28568
31692
24081
30910
36117
24757
30098
30452
33660
25896
31355
37184
28753
30096
30161
29004
24091
30505
40242
29005
30702
31106
30223
25783
30452
33549
33563
40773
40909
35147
26100
33978
34382
37537
24070
35956
37642
24526
29858
31580
32277
32716
36392
34587
30774
31827
27656
26265
33880
33359
30063
28338
40616
30028
31019
33903
25471
30159
33358
36588
24646
24653
35397
41179
25851
33335
27508
28910
31560
31630
40650
30031
41315
24819
26186
30908
41135
25915
26038
30002
34773
26145
25364
30350
31518
26130
26498
28763
30416
24823
34977
30263
30971
29812
36169
26555
26566
26574
34879
34996
24106
24107
29242
40455
40498
36870
40425
24117
37139
40342
33914
35736
35739
28844
31978
33788
26339
24413
39999
24113
26392
36222
39526
41534
24632
30157
25202
29943
24478
39133
37573
26851
31288
34539
32934
35736
35743
30486
30488
33158
27956
34907
25922
40738
32994
39512
39926
40421
34526
37775
27956
33121
37367
40480
24208
33822
40153
31022
29935
38129
24158
25895
26753
34682
28731
34824
32207
35717
25825
39424
26812
35046
27401
33770
27398
37485
38878
38855
33154
33117
28012
41552
24156
29211
24582
30603
32997
31343
32946
34267
33172
39658
25866
33470
29887
36865
28705
24172
29306
24165
27199
35512
24228
31646
24230
28001
24196
31320
24561
32304
41347
24199
24719
29767
30637
26776
24178
32083
39434
30326
24176
32464
31681
39190
31502
38039
29145
29496
35690
34245
41242
41562
35659
38956
34054
24211
32816
28556
32361
41303
25226
39465
31333
34057
35658
38829
24826
27377
25213
28013
24744
34815
26402
33562
37742
41056
30039
39695
28983
32050
32160
26156
26403
28553
26282
32464
39191
32676
33330
34783
26370
34903
39222
28665
28826
36428
38769
40178
26242
24687
26278
38870
39983
41065
41190
24212
29775
40223
41308
29880
29761
25843
25847
37875
29335
30832
33627
41235
28209
29263
24545
24558
26354
40484
26890
29307
39215
33590
24242
29096
40356
27916
28255
33057
40419
24279
25993
30820
30234
36253
30415
41025
24240
36648
41324
36859
24279
28438
27403
34449
28351
32524
30354
36263
28830
41236
28431
31910
40820
26258
29547
30375
34630
37800
32117
34715
31186
31194
35527
24256
24269
26729
31686
34356
24440
27910
32887
39252
24262
24265
33787
25377
36998
24311
26020
34337
31517
24262
41266
37047
30012
30412
31440
38261
24264
29547
24265
33810
28477
30073
36149
26762
34152
24303
24345
25839
27017
32382
32404
26663
29954
28081
39134
26655
34083
34152
38770
32117
24455
28661
26289
26997
30945
40067
24686
40090
25237
28052
29584
28449
37862
31371
25237
41339
36227
31377
33828
24684
31370
38294
27139
39910
39968
30625
34746
36380
26762
37242
26152
24407
29706
29582
36687
24664
39306
32138
26613
31017
30140
33410
26030
28077
36598
36568
41067
35549
30332
30457
31528
27845
31421
33781
30017
30534
37635
30354
30355
35158
26144
24522
35032
24337
26345
41159
28660
27287
25392
29162
29457
24376
32394
26352
29997
30320
39188
38773
24342
35452
31808
24351
28352
28372
31133
35720
31773
35551
25081
29986
35453
31873
24357
24411
28088
36447
38534
37938
36721
24433
36807
39345
39944
28051
29323
36854
39995
26215
26290
34485
26058
28362
29738
28467
36968
39910
26883
40058
24415
28852
24385
28672
27440
27689
36018
28673
29018
31906
32980
28595
31038
32594
32394
36995
39667
25054
28324
29276
33974
26468
24932
39280
34045
36676
24946
31475
25735
40270
32021
28520
28525
33381
33528
28403
37834
37849
24517
27326
39670
32116
31951
24525
25504
37334
40292
24608
29514
32884
39787
41099
34434
27943
37628
34924
39890
24548
30998
35835
24433
30455
33268
35837
37656
39987
29549
30193
39025
36740
26338
26553
32024
32025
24560
29584
33970
35950
34526
29564
32821
24428
24732
37459
27445
39036
24430
24732
26202
24963
41311
27326
27332
39253
24731
28145
30893
30895
36993
27915
32885
39200
32892
39787
37335
39058
24469
24633
24635
39470
33777
36310
26135
31143
35797
28644
31968
35871
24454
35517
40000
28632
24591
31411
37090
37100
28583
34461
36233
31857
36729
26628
27633
33744
40168
24468
36573
37555
24495
27506
31782
35991
24475
24562
41114
28482
28497
31874
33619
24483
24551
24558
28845
38884
27070
36704
25444
28998
33513
41414
29995
31208
24530
28783
28784
32048
39820
29025
24545
26746
36660
36928
28316
28104
28250
36007
39204
34682
34683
25399
33385
41544
34242
30026
27223
31946
39117
35726
25082
24627
25047
27296
31772
36060
41068
26775
26838
36055
29909
31788
36827
27411
36975
37567
37700
36040
36768
37638
33755
26218
32010
35906
27906
31533
36628
31716
36498
24522
33695
33701
31913
36649
30444
40898
24631
30404
32150
38984
24514
33948
40163
38261
39879
27152
28395
32482
30028
33903
30742
41176
26425
27107
27105
41373
32512
33917
31366
35436
35379
36140
24617
35456
37864
40199
27719
28075
33257
39601
26102
37883
38157
24596
27719
27449
36320
39702
41270
32575
40172
41266
41276
34497
36129
36136
31535
35021
37168
39073
28481
30264
31535
29410
24574
27060
28880
39481
32275
35572
41484
31937
30025
30139
35695
37643
39978
24555
32466
31013
33114
40508
26155
34157
39731
40113
36155
24591
24560
28046
37067
31876
39281
28032
36865
25003
33618
33618
37998
37550
36573
36574
28830
37794
26922
33758
25473
35758
38629
35523
37578
24822
39916
25373
36762
28631
32534
36051
39590
28986
31488
28511
36065
31249
24583
29126
29679
31088
26168
37446
41222
27469
28030
34347
36042
24825
34057
30005
39929
35636
32116
35941
36844
39233
32116
27609
27931
25498
28778
36047
25718
25767
28843
36796
39440
39898
32061
39346
41457
37076
30497
34695
24958
25800
31845
36743
41018
25040
28301
28359
31639
32261
40959
25876
37079
41457
24618
36688
25708
28426
28844
26442
38748
26782
31979
36823
25487
41175
28036
31723
31783
27516
40605
36491
36498
30526
34781
34312
41539
30148
31708
24669
34898
24685
24913
26526
32258
39973
40102
24641
41539
24644
41546
27095
40964
25829
24647
27191
31279
34077
36941
41173
25196
35812
25944
27600
27191
32293
28454
28461
24923
31703
34184
39530
32709
34953
38340
26646
34154
39640
39643
25959
41199
29125
35311
27003
31702
24783
36852
29292
37932
25094
32312
37008
39655
26800
28656
28772
34946
26053
36481
38302
24680
41431
38315
28881
32989
24686
25696
24687
41338
40244
25200
29484
29565
32988
31094
38890
32346
24921
28260
28262
28268
30531
25497
27025
38608
24697
36937
41155
41510
31055
38450
27579
26364
35955
39179
30605
29122
24705
24707
36994
26401
24706
24707
25377
39671
24943
39222
41280
32301
35216
29858
24763
25222
40151
32314
29488
37334
28769
36140
24835
26694
33179
26236
29735
25230
39814
24730
28741
33674
24827
33815
33956
34253
41146
24736
24743
26808
41289
25149
38318
25149
38228
34235
41419
24781
26598
37302
28742
28748
41359
40201
39908
36847
24743
30328
39226
24917
35746
38347
31592
27585
41158
29311
37999
28984
30542
31410
25193
34120
36152
39599
39502
40596
31466
27236
32319
25522
25032
37730
41110
24751
40588
27461
33857
24876
32417
36800
37298
38041
33028
25525
32417
36800
37275
40953
27962
34909
37354
33032
39780
25462
37308
30222
37860
26463
40710
28574
33138
33793
26786
32449
29980
29214
40894
40902
26997
29776
37011
34097
36586
24835
26037
28669
29647
36897
31792
40223
25394
26681
36264
41554
41095
41355
25519
41561
41461
28384
25374
36278
37417
39998
31991
36118
24793
24796
24795
39866
35530
35826
31599
31409
27701
29542
25826
33449
30820
40815
40819
41327
26053
36489
26046
26696
38738
33994
27493
28751
39096
24811
33928
35614
24855
33916
36790
39266
29126
26495
37553
28178
37753
38607
40436
37786
38847
34325
33437
34086
27971
24829
24839
33202
29840
28827
25247
38143
32523
24861
25318
26446
40340
27180
35970
35972
26527
31940
30155
40800
24847
24851
39736
37208
24854
27408
27409
32865
37204
33491
37217
33943
27106
29622
33521
37825
35236
40043
28821
36283
35236
40043
30156
30272
24868
41380
41518
36191
41379
29133
24970
24892
33944
27911
24875
29771
26454
26519
37291
29771
34012
37977
36281
37988
38681
25057
25920
26373
38109
40717
32674
32288
25644
27879
32376
37411
25729
26506
26970
39129
24893
26507
27203
36291
30322
37642
27228
33133
28567
27748
29884
25680
35331
26641
40246
34295
33571
37361
39299
41162
26368
26406
32432
24907
33964
40742
41475
39604
40201
25249
34048
33368
40440
32957
35126
33105
24936
39282
39913
24918
24919
29459
28220
32909
40236
25436
25249
34132
39258
24944
25141
25952
27540
28881
38493
25130
26400
36133
40118
38294
38567
38492
25562
37752
25253
28401
41458
34748
31973
31923
28469
39580
34138
41470
28568
26675
30955
34257
33205
38862
26270
34486
26285
41480
30279
34899
38109
24951
25022
31973
36636
25183
25199
26417
35660
41440
25964
28163
41302
31838
34372
38547
40721
25485
26972
32688
36274
29388
28554
31838
25025
25729
35447
34091
38414
29261
40072
26443
37317
27981
31773
30911
38635
38315
41578
24971
32769
26360
26294
32267
41304
30495
41473
25566
25568
30316
36940
25648
32351
35872
25664
33176
32089
32765
28247
35762
40147
25777
35880
25453
33818
39335
28367
38851
26991
28566
26314
28386
28770
39270
37768
31876
32602
40028
24996
39570
26476
29728
35899
28278
28292
39584
27777
35996
29816
39249
36668
39628
29816
29823
36669
25623
34507
29164
25091
26386
26269
38883
33877
26365
25541
26269
26362
33994
29658
36049
26445
27610
39097
33956
32208
40524
39117
39692
39920
26571
27509
35673
39918
34177
41107
26511
40331
32551
39267
25800
25815
28542
33616
39459
28355
35861
35856
26115
27703
37956
25035
25552
25532
33312
28359
28728
36640
25071
32547
28295
28312
28358
27922
32479
31842
28562
41267
36059
36141
37835
37840
26182
26251
26192
26558
35869
41133
33754
40206
35903
40869
41040
26822
36092
37049
26430
40002
30983
25316
29397
32552
25062
26194
34702
40045
30873
39609
25308
40630
40632
28287
33436
32674
25076
29764
41517
35978
36344
28516
41274
35938
25118
26455
26588
32687
27558
35891
31019
33860
25099
25850
28817
33727
38257
41041
26639
36091
36753
25701
38026
38411
26637
35949
26325
33753
40370
38006
39049
25093
31967
38640
35870
27296
36944
41068
25088
41443
29523
26601
29760
37316
27407
25157
25161
26527
36266
25144
29956
34508
39121
35357
38642
28866
25643
38231
31873
25109
32807
29192
37980
25106
26261
41381
26728
37436
27871
35983
31675
32999
35738
37244
39114
39152
29248
35731
32787
40703
27527
30381
27584
31337
35056
38222
38645
29956
25302
27231
36274
26586
27223
25708
26666
36383
29523
36315
36909
29899
27180
37315
29783
29785
29030
36443
41512
41575
26980
26301
28006
27011
33806
40716
36814
39740
36591
36605
37761
40641
38161
40367
32686
34032
38659
36601
35841
35854
30267
40716
25147
26744
28658
27220
36266
30756
35680
31976
27267
31944
36507
25168
26748
27400
37516
40363
35722
32853
39619
32651
38690
25829
30267
40716
25192
36218
32195
41507
26591
41496
41569
25173
26299
32610
25171
29503
30466
39638
32704
26493
38983
30541
30833
34488
36201
25203
35138
36217
29348
29351
25182
34953
28472
26143
34076
34878
26006
28923
27145
30850
29349
35221
25810
41558
25274
40452
32125
27664
27932
35830
32804
32843
25386
33439
36895
39269
27332
30959
36887
26482
38902
32733
28268
40920
32992
34148
29421
32740
37569
38704
25217
32792
34782
34808
38146
40778
33751
40191
32011
32769
29483
38493
28875
25224
25255
37725
30555
36572
40595
38557
32992
40188
32782
32356
41303
25280
32746
29574
28013
34322
25258
28556
34204
32493
37615
38145
38146
39099
29490
40188
28259
25324
32361
37826
30167
25628
37098
40012
28259
40205
25400
25809
31083
40219
31081
40219
25246
25248
33821
37307
25260
33439
38592
26600
26630
39471
32544
36926
40150
28300
39569
35363
25256
29705
32751
37292
25263
34454
35655
29676
35245
38563
25266
25273
34310
35660
26383
34953
28890
25284
30894
32770
28271
39569
25394
35681
37167
25306
25421
29813
35778
25284
31111
25284
40769
37611
37613
38746
37709
26059
29422
36520
25400
25802
40318
40195
25404
27109
29877
37017
37237
32179
36232
40213
32255
32564
26741
39289
26640
38773
30889
36546
40273
38202
25323
25300
25321
26571
27509
40273
40566
25350
26522
32471
40309
25306
40339
28640
30781
41210
39509
34278
37007
29958
40971
25634
40567
25320
25321
41548
29387
29390
32744
26649
28967
29895
27470
25318
26633
29752
38540
25332
34150
26696
40339
32903
32835
25551
30397
37064
37300
38853
32902
29584
39857
38867
41333
25331
25502
41469
25339
26563
33228
40339
27357
33307
37472
25511
25668
34268
39255
39913
25502
25344
26367
34166
39701
39970
25736
35493
38237
39045
25371
27334
32613
31925
25396
34007
37327
39970
32879
41409
25409
25426
28890
36394
25589
40299
32877
33461
37267
28345
39384
28472
33251
37056
40971
31708
41339
39478
39494
25380
31047
32908
39311
25370
39711
39701
28685
31890
38385
34190
32458
36620
32237
39012
29377
32825
25388
36157
25389
25454
37232
39219
40279
41290
40301
37064
34212
37529
32590
37708
40782
37852
37490
39119
39686
32849
38849
35845
32913
25674
28785
33617
25533
33253
35486
29806
40323
38934
27060
29718
36467
25796
36580
40419
29208
26522
28263
35880
40976
41544
25629
25483
39900
25446
25422
25479
26550
34235
25422
32665
29759
39970
25500
41496
25428
25435
26451
25438
38654
41445
35845
40313
35851
39705
39754
34161
26452
25434
32909
40344
40440
26596
34161
37334
26978
38654
41445
38644
26586
32702
26625
25505
40356
25629
25771
26537
25450
27028
37423
39993
40870
28326
40591
25465
25814
33215
37667
40333
40365
28067
28174
28988
35719
39661
39851
35365
30107
30245
33052
37246
33294
25718
25580
26556
33048
39636
36067
40958
33014
33455
37460
35823
37919
38709
29710
32773
32791
25508
28629
32592
32763
40453
30066
39376
40772
32998
35733
33005
26978
38724
25500
32680
26620
33047
39826
36241
40511
39540
40022
40435
33023
39853
32976
39841
28003
39985
40489
26452
39850
25526
41557
28247
25788
31887
36216
25520
25526
31624
35788
36168
36169
36864
40424
30915
31802
40799
34328
37649
25620
34286
38766
32287
32348
27534
28041
37868
28167
34892
25528
26575
33767
25541
29366
29680
35446
37629
38486
25625
25700
40318
28924
28939
28341
28648
31867
31868
36340
25541
25542
29274
33182
37379
25663
26582
33122
33176
28011
38083
38921
26704
34267
32110
41432
30397
39092
26281
31841
32363
32955
25642
32339
37657
26367
29759
34278
37181
36734
25560
25677
37007
25561
34278
37118
41390
33119
35965
25695
25711
39770
34000
33105
25569
25572
25571
25582
33014
33135
40542
33084
40528
30657
30658
30369
38165
38860
26045
29578
27497
28485
35883
28373
32093
34682
37678
27254
30697
37934
37493
39857
31029
27089
29021
38166
27927
41085
30007
32158
35965
37842
31260
33369
40578
27860
31041
34658
39182
36999
41151
29022
29042
38166
27110
29373
35035
38017
25612
32319
41531
38406
32335
34684
29377
40935
37269
41434
32376
37411
25616
29501
32717
33192
39915
36185
26573
25726
37995
39658
40728
34117
37194
29548
33417
33700
25699
29733
37874
33436
25690
30389
27937
27421
27821
38072
38439
37229
30083
33555
37618
26432
30575
33637
35453
27834
32338
37774
34232
34655
26666
33094
25696
29913
36327
40583
25653
25658
27126
26201
29621
30135
37735
34311
25774
25662
31035
33221
38001
25721
32184
28898
35925
33254
37923
35835
31003
37058
37456
39494
40407
25776
25705
37113
37542
41558
27198
38933
34906
35305
27881
27900
34633
26537
31830
35995
37597
33226
35272
29829
36888
30322
25696
27821
40044
40633
28592
28596
34803
25830
26817
35968
34699
37802
40702
25700
31083
36797
31399
31636
25707
37922
28680
37095
27970
34793
25721
34694
37869
27214
35497
39007
39766
26146
37563
26019
25771
41530
30272
41182
26670
27015
25724
33217
29406
25983
28498
40692
33437
40036
36603
39368
28499
33392
35298
35486
41224
32294
34982
29612
38432
25761
25780
28318
38081
37791
33143
27526
34000
36800
32015
37663
25785
33316
28296
28346
33265
28335
32294
25951
28321
31943
25761
37778
40771
25914
33377
31423
31424
35008
37380
37889
38325
25794
29618
30254
40813
36011
30885
40590
29397
39183
36019
31925
31977
34396
28529
38291
29547
33810
36020
27453
32453
36147
30760
30797
36647
33358
30173
39230
34924
33358
25785
26831
29560
29915
37546
29952
33317
36877
35792
33337
35801
26842
28085
33469
35803
30531
30179
32005
32018
28255
29699
36581
40294
40419
26768
37535
29361
30662
28499
40782
25809
28350
29787
40854
33303
25860
33371
28647
32558
39953
25866
30180
27485
25814
37278
26408
33427
40036
30983
39890
26565
39006
41454
33279
38536
26042
31992
36188
36194
32369
34904
39721
30279
33065
34464
39718
35012
26637
25841
25887
38236
29773
38094
40721
40717
33284
30262
33376
41508
25837
31820
39461
35556
27979
27984
37455
25888
26432
25853
25855
31816
25847
25855
33999
30177
30182
26732
25854
26634
39996
33461
32437
32548
32787
35508
40649
38534
26444
25857
37899
33368
33303
33427
41384
33496
34902
36420
26772
26605
26544
37133
29469
40807
30495
41522
26729
34296
37264
25879
28917
31639
40959
25923
35913
39656
33386
30291
33441
39911
37040
39744
39923
39898
31048
31074
35492
38696
31820
35164
32110
25902
30258
33377
25888
26447
35510
40763
25893
35959
37149
25895
34265
37789
35256
37669
36511
41341
39542
41416
33351
40717
33339
37810
29443
37620
37827
29467
33284
38547
38864
26063
41542
25995
26199
32619
28100
40969
38967
34344
32505
34324
26026
27867
31638
40026
40831
33496
37072
29540
41441
37789
32607
37870
37584
37414
39747
25934
26607
34077
26684
30200
41109
26067
37831
29473
40311
41005
40689
41384
26118
27296
33647
40886
26626
41558
26018
29658
40712
25950
40410
30342
37385
37256
37681
40921
31718
28545
34299
35614
38845
41355
26393
28172
31706
39131
28200
37474
25964
33996
38904
32769
41302
33525
27634
29078
31658
38433
33722
26215
29669
32452
37639
37963
26161
34122
29035
32597
29695
41521
31598
32756
36450
33565
37664
37921
33614
26123
38619
41391
29921
33186
33261
27986
28357
41492
28188
36526
39237
29658
33220
33284
38236
38547
40586
35513
40900
33474
31521
34897
40909
41288
30460
33278
32455
30456
33706
26713
38096
34339
34113
41053
26067
26195
26260
33444
33245
33877
35826
33244
40550
40751
36326
26048
41080
31970
33498
26479
26493
30045
29259
36000
40625
33399
36312
26729
34329
37660
37010
27417
30411
29577
36319
26438
34013
39994
28438
29299
30186
33464
26072
26898
30160
26034
28475
28481
33667
36564
26834
33861
37037
29870
27223
32687
38666
33417
39383
33305
38048
40249
36224
41074
36922
41075
26770
39548
33021
26709
33305
39693
39694
34177
32581
37965
40961
33617
26690
32837
38143
29843
41034
37350
41128
32204
37623
26250
33544
41033
33482
40989
36074
39887
33631
34114
36016
40690
40693
37965
26086
39870
39828
26881
29545
26253
33635
33681
40678
41047
40383
33611
40918
33646
33639
33684
40918
41584
26372
29544
28911
33714
33778
28820
33727
33991
33738
36974
26089
26089
26395
34374
26903
27413
27425
28140
34446
31769
30305
29993
39087
33858
38817
32187
26134
36656
28437
28465
28474
26319
37497
37539
36710
29033
33978
29532
30306
40277
37346
31825
34377
39849
35173
35958
36492
33900
40400
31683
34875
41149
34877
41170
33713
34135
34598
33731
37730
31467
26126
32585
39986
26121
35472
40847
41103
40847
41103
41104
38257
36204
36342
26187
27534
29351
26388
28181
37885
28874
36290
33471
28899
39543
41536
41553
28181
29526
29527
29271
36959
39704
35931
33776
29365
29660
26432
34061
34131
41031
26179
36781
36784
26158
33298
33413
30521
34919
30341
36978
37082
41081
39028
39040
29901
33735
41214
33416
40758
29860
33545
37416
41096
41157
27606
38914
26160
26271
34434
40839
26286
41147
26203
38944
31249
33728
30238
26256
33736
33736
33876
41184
33485
32132
38293
34025
26924
28037
29198
35984
36493
26186
37127
37784
41138
29520
30911
35963
26190
38335
32318
41393
30282
37420
30908
30911
37164
41394
35866
26196
33998
38489
26330
29844
26511
26204
26216
41175
33982
39908
27126
31039
39912
33764
41101
26765
39603
37127
28572
36766
41133
30059
32324
35465
26219
26243
33652
33688
33974
26220
39237
40933
26406
26569
26258
33289
29331
30237
26230
29394
30132
36921
26230
26888
26248
26467
35413
30276
31649
33330
33407
32829
33034
26270
41346
33796
29860
34867
26403
33822
27001
37753
39716
39995
26341
40587
33628
36282
36421
38907
40588
41357
31096
34964
36045
40845
26326
29850
40436
35579
35960
40864
41044
41320
40189
41045
33810
40171
26953
34368
28133
33567
27577
28667
28537
41460
27397
27552
26270
39224
32366
41340
36986
28498
35021
40081
28564
41208
41336
36976
27632
29594
31593
29965
33835
40239
31617
32083
26774
34016
34022
26299
30358
38244
29767
33522
26486
39519
27026
28473
30599
26489
30393
41057
26299
28019
32601
32274
26995
29455
33722
33854
41191
29542
37716
37722
26296
30352
34656
37719
39987
26298
34475
38953
41227
30351
41304
26969
33734
31752
30908
32404
33819
34979
28517
28838
36248
39945
33739
33876
40189
29126
31249
26858
26680
34022
27013
34410
37034
37013
33761
40863
28490
36333
36334
27787
31020
33744
38050
27296
32588
27638
29546
32275
39397
41304
26842
39016
28603
27186
33800
37158
26359
37876
27102
27208
28633
26346
31719
36329
40856
26778
41237
41313
41124
40274
26977
34005
27483
34737
27606
34509
41301
33911
35466
40146
41189
37931
30001
36648
36649
35603
26369
26520
35601
41157
41282
37651
26358
33502
41228
39152
32653
35726
33589
33897
34246
34348
37201
26582
40835
31597
38903
26724
41546
39130
39136
34281
26379
35976
31386
34091
34281
29540
39437
40555
26455
41574
34009
41317
29124
29797
38931
33862
41186
29544
41441
30147
26667
26673
38144
37696
36577
35651
34067
38489
41463
29526
39143
30073
26909
28136
32283
41307
31381
41349
41470
29983
38423
31347
38886
27581
32024
38903
31881
39203
38808
30143
30145
35962
26418
33391
26457
28452
30548
35286
26420
30699
39154
33954
33824
33957
30693
31726
26509
32547
39519
26651
38855
31882
41229
41357
39857
34493
36021
26530
26931
39971
37297
39690
27310
27240
32679
34098
41509
34101
31354
26528
31996
27589
35998
34020
41379
41518
36803
38841
27752
31589
40554
27537
39048
41317
37598
34093
34004
26596
34625
40105
32701
34089
29857
39687
33503
28452
34343
26464
26469
28611
33174
26472
40052
35677
38410
40941
39280
26699
33110
26474
30516
26509
40744
36751
35164
26492
29514
26481
37986
38038
39465
40836
40854
31379
32693
34966
33344
28109
31839
34239
34442
30699
38845
28045
31466
34914
30191
32360
41349
31593
36431
28170
26886
32633
26493
28540
26813
26860
30141
39977
26503
30228
41027
26650
34150
34069
38749
32692
32741
29507
37516
28726
26507
27208
26568
26594
26545
32548
34275
38489
35655
38486
29410
35153
28458
29425
34089
26565
34232
38023
37325
36388
37993
41232
38669
26538
39007
26538
29956
32606
38064
32644
40053
31643
40738
40880
40026
31810
34018
28375
33497
29466
33431
36249
26904
36134
32635
40878
33341
40744
26589
37262
38756
30738
32129
27405
27407
35243
27613
28525
27948
40736
31390
26555
26558
39827
38618
34257
26560
27327
31861
26574
41133
36004
26615
33629
26787
26590
26577
29864
26572
28184
28192
29748
26585
33770
26594
30491
35654
26578
28196
37789
30741
26578
35015
26581
26597
26595
40662
26656
27364
27531
28289
29857
40968
29987
39006
39936
38464
40317
26662
27297
29433
30907
37808
26597
29736
40282
40858
29762
29958
34469
36107
34147
29754
40005
34235
31020
34223
39469
40168
30533
32984
37329
39049
41371
28637
26622
26658
38844
28531
37256
26675
29269
38605
26620
39471
31743
33755
39393
35661
34298
36433
26764
26766
27552
37692
31188
38424
34476
34448
39472
33312
34204
32034
36566
33366
35522
38414
36969
41118
26638
33218
29987
39006
26837
33878
36574
37327
37451
26648
38122
38250
37464
41560
28883
36895
34154
34224
33228
38838
29504
34954
38560
27402
33235
26987
28238
27207
29146
33168
34369
36091
26682
28172
37751
26664
26672
28922
26666
41499
39633
38408
32621
32646
38144
36824
26673
39631
30622
30697
35033
37811
39525
27472
35934
34300
36330
39791
26777
38480
28786
39246
34190
26709
37682
40302
28811
27801
28047
30530
34308
39395
31024
34481
26776
37998
37937
33766
26747
37498
37803
33401
37285
32353
26702
29800
37759
40970
37812
26734
31167
30757
33313
37781
40612
33991
34412
29411
34367
26756
28187
35702
34365
28088
36046
36755
34178
37681
34197
26810
34386
35153
33316
37681
40675
40974
37946
26749
26963
33990
38883
28088
36019
30526
30534
26768
29279
26737
34267
33952
37286
28910
29516
26739
26765
26773
33983
31443
36525
34289
41557
31964
33518
37498
33770
26863
35699
33934
27150
29516
36377
28907
34321
34364
28202
28458
37117
28206
29240
33721
28217
34334
38133
29331
30856
27577
36309
27321
30174
28218
37690
33565
28952
37664
39611
40079
37893
37925
40015
39504
31459
35337
33882
41233
26824
36823
40047
29874
37242
39353
27293
34427
36683
35653
41547
39887
27290
31821
36079
27980
29562
33241
26801
26866
33522
28653
36153
26806
31466
34358
35702
29425
34711
37331
40763
40805
26808
41289
28464
30328
28024
30678
28580
34414
34419
31194
28912
31676
35147
40538
30340
31438
36150
36153
32664
34520
39790
38376
28910
31825
31871
33883
37816
26838
27854
28586
35949
32864
40904
31320
34404
30134
35152
35121
41235
40997
34404
37001
37951
41366
41369
30852
39050
26922
31851
26849
26957
33885
29440
36188
32167
32633
32695
29224
31186
32053
28611
29930
34924
26896
34385
29221
26947
39076
27050
32862
27026
28934
31731
36126
28974
31695
35025
34387
38080
29426
35478
36841
41346
29629
37009
32170
32655
33816
26990
37104
35705
35712
29638
31020
29415
34708
38275
38276
26881
26898
40689
32641
27568
39001
41511
26907
26887
30134
40047
29257
29394
35125
40058
33729
37979
29308
26940
37162
39104
36134
27129
27338
32730
33110
28424
32997
30541
32710
26915
26928
30036
30038
33507
30035
32714
30023
34514
32655
32749
26939
32655
40136
26926
27098
35030
29221
27077
29555
31468
31787
30582
30618
32252
36950
28494
28586
35994
36903
37051
27219
31885
34031
27425
28633
31616
35179
39461
34496
38036
27177
28198
34483
28038
31883
31616
35953
32211
36143
32170
26941
40046
38605
38610
26966
30824
38348
29337
29187
29189
29201
40138
36908
28232
32839
30782
34438
29297
36836
40054
39534
36371
36765
36462
31813
28640
36198
37421
38323
29852
31496
32691
27017
30618
34515
34028
38848
29805
39478
27177
27062
40166
27138
31996
28175
28175
33853
41435
32608
41121
27276
37386
37998
41504
34473
37517
34513
31436
39198
35053
26986
28658
41427
41435
32652
27111
36555
39340
27214
27364
36160
37528
37754
27001
41435
39406
29452
34518
28654
38171
40082
27005
38718
33308
34938
36641
27052
32662
27304
39613
36128
34386
36217
36292
35669
27769
29664
32714
34447
29366
31530
39134
41010
30531
39848
35539
35503
27034
27073
31468
32167
27525
34574
36139
33165
40488
27369
30479
33095
33205
33161
27050
30283
31731
32731
37425
28226
30283
30535
31251
29557
39074
35850
35864
31505
34608
35790
34006
34403
36578
36379
31711
27237
31869
36092
27374
30644
35211
36096
34304
30050
36631
30052
36015
36559
39340
39591
27323
31858
34304
30599
35226
29231
29244
30632
38657
34547
34922
30433
35228
37765
37912
27062
27063
31932
27070
27217
28632
28626
34469
36109
37918
28078
39598
36147
36747
36535
34265
37511
27081
37676
33567
34265
37574
30525
34517
27662
38032
39436
34521
36311
27166
31468
38821
38918
39098
30717
41003
28131
38080
35163
32688
34510
32156
29416
29084
29145
39090
34600
36544
39577
39547
36540
39577
40395
28136
34512
39821
27685
35787
34495
38423
27768
31148
38422
38869
34495
36021
41369
30687
36560
34495
31848
31976
38780
28647
27211
28626
28650
28634
36132
36291
29175
34623
35822
31902
30430
34623
35822
27704
30363
34638
38148
36604
31447
30362
40489
31852
34466
37130
32997
34394
39073
34606
33080
36504
27152
37687
37848
31944
27700
34659
28267
29560
27917
27972
38926
31945
38251
39590
31795
36759
37688
29472
35526
27512
29084
27913
34510
31752
27884
34670
35473
41261
29134
38927
27919
37895
38337
37688
27996
35526
37841
36543
36350
27269
32575
36214
27159
27173
40313
35679
35475
27987
29471
27976
29133
29136
35759
39930
27169
35769
36353
37952
27372
28071
39904
33154
35490
34908
35500
31562
27185
37239
28613
40370
28041
35500
35524
40648
40649
40650
28041
35412
27206
40609
34094
34153
33580
37658
28016
38574
39017
31560
35502
35509
37551
28249
31943
27220
34505
41261
38789
40540
27228
38113
27233
28238
28621
37171
37778
39475
40169
28321
38357
28623
36090
36704
28624
39426
28587
29956
31493
35169
28293
35366
35581
38397
33375
33471
40771
38012
38325
29964
41001
28640
35420
39017
35500
36858
37868
36704
36747
28655
27812
31330
33273
35611
38566
27457
30593
33306
34936
34523
37517
28916
30951
37188
35407
36576
34485
28913
35033
31246
38335
31945
38251
28947
35099
34853
38164
31788
36058
36830
34523
39337
39599
27349
39331
27278
31176
35416
36717
36141
37968
38286
40585
27278
31431
39312
27275
28712
32954
38210
38949
31183
31739
33514
36068
37351
39639
32707
40896
29620
32490
30617
31852
34030
30617
38294
36084
37166
41113
36076
28858
35958
41114
30446
32863
34493
36021
34795
38632
28842
34784
38571
28508
39864
39867
27323
27327
36069
39818
34709
39864
27308
27313
41447
32279
27779
38156
36455
38224
36068
27319
28527
34720
29353
27480
39320
27800
27468
29650
28655
38715
34476
34517
27378
31023
27337
31862
29048
37382
38156
28740
33902
39827
31405
28948
30493
34826
27355
27358
38362
32084
32137
32736
28613
36566
28991
34972
39474
40168
38544
28930
31193
34535
27360
31193
27417
29933
34945
31177
31187
33756
36068
37698
38042
33845
27360
34534
35946
31049
28625
34801
31008
34635
34709
38714
28288
29141
32217
34859
35352
36398
28990
28815
30643
28095
41015
32734
36139
36221
36242
34264
30643
32735
36112
35894
36853
27822
28565
30699
27394
38373
34876
35563
28095
41015
33558
39158
37248
40269
30232
33445
36420
35641
35658
38839
39659
39951
28788
32322
33130
36276
34223
29557
30503
28908
38673
40410
29530
30589
33989
29193
31574
29194
39316
40362
33054
30709
34079
33697
37090
37092
30426
41122
37222
32640
30309
31141
39060
27427
35536
35806
30035
31141
39103
28086
30472
34103
34274
37644
35592
38947
27802
28870
30417
29061
29637
29970
27441
31058
38598
27430
28858
34927
31181
27446
27736
36472
28882
33743
36043
31962
35317
35609
36048
36608
36610
31389
27444
31389
32329
39766
36015
37608
38635
28377
27521
28904
33144
37594
33306
27736
36514
30544
41091
31620
41095
31549
35234
31919
31384
31480
33104
29911
31138
38682
38476
38477
37129
28450
31737
28748
38898
37940
38105
38534
41448
27476
27505
29363
29677
35658
38839
35658
38829
32537
28998
29003
32185
28970
37942
38099
29538
39160
33621
31628
32739
27510
34306
27803
29686
33175
29698
33743
33933
27489
36014
36029
38280
37150
29928
34751
27903
38283
31064
34548
36634
38734
32562
28532
36714
29837
33621
30674
28970
32049
35285
29106
35063
27592
30642
34027
30704
30719
33771
33775
36057
30547
40781
38767
27526
27513
39820
35962
35986
27535
28795
28795
39044
36799
34538
33504
36825
31789
31801
37721
30952
38683
27854
36055
35127
40122
34754
40573
34772
35108
31285
38441
31082
29363
29921
27601
32868
33717
33725
27560
27564
28282
35078
38103
34043
40320
29084
29098
34467
33168
32562
35920
36029
31567
29155
35076
27544
32901
35615
27871
35093
27899
28435
35414
29099
35100
31426
38962
32991
29185
31422
35064
38075
37010
32712
30788
28118
41479
27686
29363
33186
36176
41252
30492
29205
32822
30425
29436
28212
28229
32828
35309
28583
36664
27614
34487
35309
29205
35616
34576
39620
30471
32822
35112
27614
29197
40978
31064
37940
36664
39501
32918
31388
37940
37942
38099
28109
38191
32922
29246
41263
32923
35421
32642
28963
29328
30824
36159
30517
33969
34134
27598
41464
41166
33248
35137
37981
41540
28118
41479
32938
27618
37864
29283
32927
27601
32929
29261
32683
28105
34581
27609
40181
31006
27852
39145
30561
35149
29191
39895
30821
35148
38348
27621
31006
29275
38312
41293
27628
39737
28689
29312
28629
34882
36721
36468
35892
37912
35892
38254
31632
33339
29319
29321
31759
33972
27795
34497
38429
38515
38515
30829
38857
27643
27688
36542
33495
30866
36845
39336
36631
38913
27653
27647
35360
27649
27650
27653
29381
38185
34575
27663
38292
27657
29131
31788
30391
34856
38034
31629
35188
34856
30865
31506
30021
30559
27706
36537
33696
39464
27672
34586
37579
38577
39332
27672
34613
38239
27687
27674
27675
38450
38498
27676
38497
27683
34554
34613
34565
27706
36542
38456
35449
36536
35977
40183
28417
31632
34609
36041
36754
36831
39271
40144
40144
39738
39753
27703
39944
36831
36136
39492
27976
31537
35239
35559
35679
32250
32749
36695
35691
32101
35698
32345
32350
35393
27710
37837
31395
33236
35445
39930
38220
28115
32296
38793
31305
31395
27784
30797
29487
29498
38754
38789
31360
40199
27727
39026
29481
38866
35261
39750
36122
29499
35799
38789
30943
34357
30953
31122
29525
34366
28420
34698
27928
32566
34583
34829
38150
32091
35849
36364
37744
36198
36515
35632
38434
27771
27954
37707
27784
27824
28773
31294
33976
35338
27753
38782
38751
35611
37481
31671
29020
29041
38166
31701
39320
31789
37721
29858
36140
28333
34957
38780
29900
31295
32086
33527
35615
32912
35042
40554
27769
35230
34751
31336
31339
28515
29606
33420
30682
27769
32758
38589
28014
31227
31012
39730
27776
28884
34940
27805
27806
38809
30530
31370
28589
32381
29437
34641
38710
33850
27830
29740
29750
35314
32263
35635
39088
27824
30647
27805
31454
33894
37280
38126
38699
34971
31990
32193
33887
33922
31961
31311
35032
31622
38107
31781
33293
35323
35227
28869
29890
31294
35338
38575
34934
31460
31627
33898
33907
31123
37926
30913
35459
38151
28710
30407
38710
28556
32011
34310
31321
29770
29147
27840
36515
27837
31538
30664
38555
29745
38458
38763
32218
29633
29750
38763
35359
40446
27892
34629
27836
35569
29386
33229
27841
29772
41174
31076
28031
28581
27850
30462
35569
33243
41524
27851
30412
29496
39090
38533
38680
32250
33368
38614
28518
38632
36969
27861
34215
31040
39008
27864
31039
28956
37382
39505
28108
34595
29808
38971
38973
28487
32599
28517
28579
31475
30515
34786
37758
33946
35282
28589
30581
30744
36684
30102
41207
38573
35324
31236
27883
27892
35473
27900
27887
34628
40546
27897
33041
35234
38024
34733
29898
39957
41343
35928
37207
37214
30102
35060
40071
35403
37059
34989
35009
37211
33965
32063
34928
40252
36378
27937
32832
36621
38775
31299
31334
29304
32831
32950
28938
27913
34593
35526
34634
37841
32880
39783
38272
34634
32998
36348
36632
28301
28348
29247
28295
28301
28019
40084
40175
40458
28682
28746
34499
34976
32753
35934
37253
40969
30068
29419
31129
30175
35448
39785
31888
35830
39785
35450
39804
27944
31808
31363
31033
40578
27953
30089
31700
36094
31147
31700
27971
27953
27954
37575
40474
41092
41197
40304
31013
27957
27957
34379
29212
35470
27968
32306
35399
31877
39902
27976
31537
37987
27968
32306
35771
30123
31636
28523
41458
29183
28120
32454
28307
33224
37268
37738
39107
28010
29252
30169
30208
36699
28010
35241
28276
28666
27991
29932
27993
27991
32212
28005
41309
37267
29301
28056
33458
33214
36382
28836
34816
35875
28138
31462
30872
29015
29497
28544
36046
36047
33188
29327
39406
30118
33472
35516
28606
29927
39582
39094
36489
34529
34643
30603
32659
33870
35742
28524
39356
34687
38574
32819
35688
34449
28549
37623
40922
35701
36101
29739
37841
35703
37255
31368
36056
32583
32928
31374
31377
31727
36503
36533
31801
29909
28952
34406
36553
28078
32211
32404
32489
40050
38906
30315
32304
28048
33784
39193
31371
32002
31371
37005
39593
39952
33970
41339
28555
38801
38802
30324
31458
32113
30350
31722
31326
32004
36367
31912
40893
29876
30015
40604
33563
40897
29180
35412
31516
39387
30395
35607
30342
37839
37551
35502
29265
34137
37254
28073
31523
29017
35981
29756
33356
29519
32225
35213
29485
29499
35213
29872
30418
36247
34688
32234
39086
30463
36599
39406
32723
34776
32473
32848
28102
29935
38352
41014
33955
34180
37652
41096
41097
33694
30441
34839
33384
41520
36145
28661
28661
38985
38900
41285
33689
34219
36293
34564
34851
29694
34331
35700
38750
38751
38767
41471
28230
35586
28795
35672
38965
28430
33599
30410
30567
32150
32520
31558
32397
29936
30386
32408
28955
31291
32387
35247
35580
32271
34136
31600
33347
34668
35273
35613
36008
30701
28424
34652
31379
28151
36346
40686
28483
34770
41100
29674
31652
40494
34864
34185
34186
29176
35622
30630
33772
35619
29127
28156
35975
36344
28278
28480
39523
40587
30499
38998
41371
41376
29385
31250
34978
37970
33996
34151
33190
35168
41410
34286
33992
28186
29180
35669
31243
33928
30550
29176
32382
34979
36503
35669
29657
30009
35673
41428
30416
39367
28267
29439
29952
29099
35100
38052
28790
40246
35412
29748
30783
34245
28749
31693
28203
30756
33054
39145
29468
31343
36618
36923
33315
35680
35690
37642
29209
39939
38252
36660
32712
34092
29233
35708
35737
32704
39135
37917
39941
30134
33926
31820
35164
35179
29091
40327
31182
34425
31675
35737
38121
34330
37921
37925
33949
35746
31599
28224
29297
29263
28227
35201
35203
35586
29200
29210
37911
31113
34704
32118
36284
36822
39775
41376
28244
31845
39277
39536
28238
28289
29605
41502
37868
35109
35130
38820
34539
34545
32898
36259
28256
39355
31831
28249
28289
31840
36581
28256
30929
34443
28277
29570
35779
32068
32953
40928
28272
28538
40377
38704
40296
40987
35753
38604
28266
35762
28265
35876
31666
30882
40253
28286
36647
29085
28300
40041
28833
28983
35770
31987
28869
38588
29113
33555
40427
39189
28289
40677
30740
34018
39755
41376
29952
34579
33073
33438
36552
36837
39015
36835
39411
33323
28306
30543
33997
28306
28697
35169
40739
31982
36741
28306
28307
32477
28846
39413
35562
32079
32081
33411
30647
32551
36739
29648
29465
36931
28328
28328
31122
35501
30892
35362
35468
28326
30010
32466
30124
32982
34719
32095
28673
29018
30990
29832
29196
29385
28733
28750
39979
31578
31589
35039
29260
40554
30124
30220
30727
36415
29950
34579
37140
29707
35070
35099
31867
33409
29511
36705
40739
32596
30124
40322
33194
35550
35847
28479
35672
28639
31958
31963
32108
39541
28512
32094
38033
28512
29728
32478
36640
29986
30080
35857
32526
37733
28384
34810
28474
29888
28374
28377
34974
37036
31126
34913
37884
28534
38267
39921
34242
28383
28381
30675
39921
34721
34974
32220
36087
28388
39275
30638
33007
33016
35927
33007
33078
31775
31782
32160
39513
28417
29361
33377
28506
29823
36174
37063
40652
38406
31725
28532
36028
36261
29409
32487
35597
37848
28416
35083
28444
31216
39467
31511
35901
39285
39568
28829
35017
35898
35973
33352
39843
35975
35990
36591
35630
38038
38284
39993
28425
33216
28443
30603
28435
31727
40274
31162
33128
29271
35874
30105
39563
35932
36303
39239
30181
39486
32117
39539
29403
30159
35138
36121
35909
37995
35877
39240
35905
36335
31247
36249
33094
33595
37916
31183
31783
36065
40292
35878
37914
38208
39507
34155
31411
31417
33077
36667
31417
30684
28464
35529
29805
28482
28546
29417
28474
35200
40073
35715
35716
36945
30301
28966
34406
35856
31975
33668
32097
30440
30616
39106
36335
39467
31975
36628
41276
36080
40930
34048
28838
36579
38073
38077
29511
31547
32741
40746
33487
41270
31419
39291
31477
31545
28564
39430
41275
28511
31824
28527
30668
36178
28508
30447
33709
34006
31980
33440
36008
36869
36924
41550
36009
33392
40746
33425
35887
29819
38896
28533
31880
28542
31130
31555
36009
36684
28541
39431
28527
34691
36891
40677
28749
31667
40983
36032
39946
29268
31924
36033
28539
31126
32566
31132
36106
33346
31956
41129
36808
37623
40922
39563
34491
39526
39527
29300
31133
36043
29986
40922
33625
36016
34870
30396
33380
39321
28931
39356
38845
28568
40505
41389
39963
36074
33346
33380
40747
28576
31809
33864
28595
30931
32094
32539
31741
31798
33505
29873
36064
35992
33425
34358
35418
28849
38593
35973
36180
28792
32612
32094
32481
35894
34800
34678
34794
34802
38712
38714
35828
35846
38710
30339
39457
40593
37374
28602
34234
36750
34404
36750
36752
34823
36752
36797
40318
37279
39321
34507
41272
39818
33886
34463
36843
36950
36095
28684
39497
32220
32536
33883
37155
36086
37155
41377
32679
41504
41509
36371
32216
36560
36124
36472
34405
34034
32216
36084
36146
31793
36150
39338
32478
35887
34022
28649
31125
30339
39905
31914
28649
31850
36119
32088
32574
32606
36932
39654
41383
39969
40076
31964
39597
32527
39403
31292
37904
41413
37894
38377
28671
28954
34572
34595
34994
28733
28750
38314
32848
30226
34818
31099
36499
28681
32257
29861
29878
32332
28687
34999
38400
28782
33240
32203
28710
35340
41123
28691
41123
40697
34976
38372
40243
40254
28697
28699
34869
31833
39231
28700
34457
28705
39729
33967
36564
37281
37723
38247
40561
28713
28713
34976
38949
30498
29217
30501
31502
32478
36663
30381
29038
36902
38033
28723
34616
38401
34381
33495
35205
32528
36636
33250
36838
30928
36208
39477
38125
28742
33465
28748
33334
31647
33394
31018
39223
33033
28773
41329
30779
28760
39096
41329
29097
32813
28759
28762
34879
38948
28763
29090
36782
41430
28763
29526
30781
38258
34446
34614
29275
29948
35378
28780
31363
32980
31349
35010
30721
34069
40195
39517
29309
29539
29658
32554
31812
32056
39514
30560
35849
28787
28790
29009
39246
28790
35949
28797
31983
33050
30560
35451
32440
29145
33168
35145
38115
32641
37902
34207
35249
28831
33091
39430
40537
32581
34468
36913
30219
34817
39615
30041
36277
28829
31101
31740
29464
32052
30486
34153
28835
29665
28829
35017
35456
36688
36254
30143
40037
28835
38561
30209
30210
40953
32160
39334
40615
38307
36497
36534
28840
32614
31377
36057
38890
34789
29116
39879
29977
35005
28867
32398
35024
35090
28867
31545
28905
29027
32727
30661
36961
31181
30420
40796
34806
40634
36897
36916
31263
40573
29672
33907
38617
40116
29414
32779
38772
40186
29744
40349
28886
33649
28893
35608
28893
35464
35816
36023
33434
37006
30115
37153
28983
28995
33223
40938
36366
32446
29436
40836
32833
38168
36091
41119
30194
29797
29799
41183
34956
34315
35159
37132
35683
28935
38749
41545
37933
31994
37008
33126
36987
34340
39703
34972
32087
32542
34564
38305
38366
30283
35766
40010
40044
33200
28950
34912
28945
37933
30612
31266
34619
34626
33286
34700
36360
28966
38621
31284
34942
37324
35398
34819
34846
35391
30940
30795
33515
37993
29002
34969
38580
35139
28965
34681
31135
28982
28983
28984
31504
31082
28995
28973
31503
34984
35534
29132
34129
35916
37395
39070
35219
31312
31416
30566
35487
34908
35331
31612
32050
32567
33300
30566
33429
33456
33460
29176
29345
33207
28996
39155
29002
33433
32358
33462
34981
38942
39126
30367
34202
36286
29026
30378
38550
34395
34484
33460
41094
41414
30579
30578
31827
30971
32412
30376
32272
34109
30614
35115
34886
38788
34250
36279
38250
30413
31349
29028
29029
29836
34533
29021
32033
29041
33152
40159
34053
30417
30577
41414
29199
29057
35361
29057
36707
30686
38157
38332
40355
31246
38362
29311
36385
29127
29585
35390
35001
35001
38016
29588
33090
35174
38360
35383
36467
29588
34960
38406
29061
30923
31614
32177
35622
32931
32665
32668
40639
34764
38198
38205
34716
36477
36478
38200
38203
29667
31931
37928
37959
29076
33446
36228
32064
32070
30716
33453
35010
29077
38429
29085
31977
35543
30994
33664
38355
38172
29088
29113
40084
29146
36500
40320
29092
30745
34079
38079
40324
30784
41236
31485
32295
39090
29101
29149
31892
40376
35287
33576
33584
37928
33145
31668
35581
38460
31071
35063
30858
35359
36523
39477
34959
37456
29153
39466
38990
37170
33420
33738
40420
34747
29432
36350
32947
34565
36012
33015
31214
35240
32947
30735
39283
41572
34693
39409
29146
32951
32953
35543
31294
41236
29236
29673
36245
38351
35019
35022
35295
41305
38860
34130
33363
36598
38868
30318
31458
33830
30624
31582
40391
37982
35069
35084
37000
30605
36996
38454
31352
32012
34118
34611
34199
31422
32894
32907
32003
37932
29537
32874
39807
32887
30138
29227
29185
33007
32103
33056
31323
32074
29294
36610
30750
40135
40972
33705
30382
37911
29222
31470
37911
30808
40882
40135
34409
31534
30840
36201
38911
34862
31447
34504
38503
41292
36873
39625
32634
36744
38271
30320
39035
29232
30132
29238
29245
30632
30672
34632
29271
31156
35159
29355
33207
32053
35701
36665
35716
29238
38381
37377
29399
35003
36698
31443
36670
36948
32537
33636
36675
40284
34453
34522
35738
31863
35783
32999
34336
34342
40121
29374
30809
41055
35306
29253
35079
29256
35084
35133
33230
35106
29255
36685
35106
35306
38132
30473
29309
31317
36534
35121
40072
32275
35050
31339
36624
36626
33629
29273
35307
31923
33217
32853
29281
40311
29951
29296
29420
29287
35111
32764
31362
35937
29288
29291
30380
35146
41166
39938
35089
39539
32524
35624
32850
41342
30883
29308
35953
39434
35958
36492
38158
30883
29315
32399
36799
29319
29322
35888
36177
36213
38506
34498
29320
36466
29420
33599
34420
38495
36599
39580
35148
33816
36531
29332
39252
37398
33879
41316
36773
29874
37248
32125
31240
32086
34728
29355
38895
34121
33439
38560
30673
35061
36786
32162
34688
41054
29402
38412
29363
30258
33620
41375
29406
29539
30088
30520
32342
32297
30129
30657
30523
38780
32302
30606
35812
37019
37022
36679
39416
29382
34525
29384
30899
38240
30602
30725
30899
34891
37159
40873
40884
39968
29393
31609
30897
29400
38412
36837
32550
34431
29402
32634
35125
40160
35643
35685
29543
38513
29648
39279
29412
29425
33349
37331
30445
29425
34367
39486
36539
40181
37390
41017
32817
38849
29749
30139
37052
39729
29627
37458
29442
32465
38455
29957
29441
29440
29915
31992
36535
36535
29480
36620
29450
29456
35237
38694
32782
38409
38556
38557
38558
40104
29450
30922
32254
32460
36290
29546
35209
37095
32254
33830
35682
34184
33231
33148
40534
34683
34684
36354
33309
33435
40721
40654
29478
29477
31307
29477
35491
37466
40908
35905
33457
39901
32293
38894
38530
32760
35397
29487
29498
39498
36651
32786
40379
31579
32932
37137
37577
39145
31013
31900
34645
29499
38745
36080
37088
34686
33003
38787
40360
29508
33351
34900
30741
40363
35574
36071
31916
33973
41456
29515
30943
36071
30057
41009
36122
29518
34698
39750
31554
32441
36917
34399
35583
36784
29529
31015
38402
39676
31037
34811
39143
37261
37263
32845
29534
35043
39221
32051
33108
30299
38915
29696
29543
29544
33931
39889
37220
41436
41511
29763
29765
36954
31865
32050
31877
33440
36924
29581
36965
35030
31257
31114
36688
29562
29569
30591
33280
29938
30535
31251
35772
36081
31415
35326
38840
38421
35928
35546
40377
29881
34571
40356
29614
29650
32797
29703
35467
31576
35377
40765
40515
29581
36965
34244
36351
37075
29588
39010
40840
31734
35326
36658
32505
29601
35770
32245
40595
31660
32921
29602
30562
35103
38788
35844
39509
35110
31308
34231
38732
32572
35128
32572
37245
37360
37616
41250
29617
33173
38305
29646
31415
38840
30259
33469
30325
36436
36906
37818
41313
29626
34143
34871
31986
29630
40255
41148
30661
32087
29639
37791
38537
39786
33940
36658
29727
41370
29641
41163
29745
34863
39552
29645
29737
35314
40447
29652
34997
39555
29870
33702
30344
41154
29669
34055
30142
30701
38152
33167
40628
33233
40223
41257
35404
32895
35753
35760
31855
41286
32988
40920
29727
31832
35334
29675
39160
31635
34977
29678
32344
34995
38956
33922
39177
32425
30821
40046
32167
36821
38323
30702
32429
31679
33405
33166
38107
29696
33859
41056
33931
38566
29692
40836
40881
29936
30157
40877
30946
31289
32964
32995
29701
34840
35461
39396
34169
40635
31037
32100
40147
39719
39720
37233
38178
30009
35659
37569
32872
40666
32427
35547
37329
37330
38404
33292
38945
31042
31120
40639
37924
35494
36933
35332
29730
38478
31160
30233
33475
34798
38708
34641
38317
38676
40843
40926
34798
38317
30630
30637
38394
30499
37427
32217
35779
31427
41429
34387
35613
35695
36841
31896
31323
32106
34203
30025
31674
35695
34493
34885
38987
31649
41442
41095
34282
29768
35510
29768
33464
36453
36521
33707
34866
34798
36583
29777
29782
39166
32234
40589
29777
31077
41361
36219
39700
29801
29834
29863
38679
34798
35349
38478
30703
35365
29801
34039
29803
29803
36529
34002
37305
41366
32817
37356
39749
38958
36449
32320
37755
29795
39292
39834
36485
37587
33918
37589
39869
35951
40624
41050
41137
41186
35697
40624
34477
40690
41104
29806
29807
39478
29815
29824
32743
38778
40276
33477
34060
30963
30968
32051
29817
38531
31875
29822
29819
29822
39106
30920
31551
29930
34958
29824
32535
30663
33218
36078
37051
32205
36404
36401
40597
37415
30804
30807
30015
32721
32331
39031
41100
36621
36896
29839
29849
37415
31473
33999
34125
39265
37832
34178
40915
34255
40707
40760
33778
41101
36216
38158
30276
41067
36356
38485
37564
38975
41098
34875
35713
31683
33891
37988
32311
32496
32514
41098
41212
32303
33036
33222
37993
30042
41406
31183
30685
35082
35361
37196
30016
39532
31423
31424
29882
29884
34729
34590
37301
38988
31372
38483
38988
36860
36919
29891
31776
39440
32873
31292
32867
36062
36063
36072
37022
37124
37605
39812
29896
29898
40098
41343
29900
29902
34921
29902
30556
34352
29911
37225
39248
39776
36116
37120
33803
36531
31783
29912
38539
31138
39251
34867
35415
35665
35414
34000
36804
33332
36709
31158
33118
36025
38837
33051
30102
30876
29938
33026
34188
39374
29932
29937
33600
34843
30388
32429
37030
33241
32510
37801
32492
35594
31156
39536
39563
38840
41412
31357
32568
41486
32927
38197
38824
39619
32276
33128
41444
35883
39557
37007
38660
38660
36844
39234
39982
30578
31679
31440
34142
32635
33195
40724
33667
33668
33780
34762
32320
36778
37589
40914
36790
39055
30277
37559
39292
38945
38948
40697
35631
35893
40798
37312
39054
32893
33098
40560
41004
32108
32921
36992
30904
32952
39778
39782
29986
38452
39782
33277
32090
34755
29992
33814
29995
30000
30563
32442
37646
35633
39082
31208
35437
40386
30470
37557
40086
39118
37641
40759
30021
30080
30083
33463
36661
38536
34981
36308
36661
32157
33249
35328
33660
40897
34779
31540
38834
30558
30043
30203
40333
36943
38276
36660
35478
38106
33899
33948
33507
33762
41312
30526
32154
40856
30043
38821
30037
30054
38139
38361
30044
36314
30175
33540
33270
33554
40756
30051
36015
30052
30055
31311
38393
33670
39162
35940
37876
30061
30062
40408
40516
30071
32242
30071
40358
36865
30231
41306
40384
35837
35843
30084
33109
30125
33266
36935
40802
36125
33076
30094
35471
37490
32158
33438
30092
41409
35805
36389
33122
30487
38794
33661
30118
30095
38794
33414
32004
32012
32413
38048
30108
32844
40277
37617
35673
39558
37845
30112
33042
37858
40774
37503
30148
30121
30133
33283
30127
37062
35303
32375
32958
30135
35217
30215
33323
36681
40529
32794
37780
32421
40309
39850
30750
32706
34028
36698
35302
30374
30150
30154
30140
30154
36696
30151
34412
30166
41221
33718
37794
41560
30150
31631
36699
39375
30154
36699
33447
37855
33699
40709
33395
34331
30164
30164
34836
35505
32806
36367
34569
31141
33455
40358
40359
38152
41437
38322
33410
34280
36400
38918
38909
32128
33410
31765
30184
30187
33994
30186
30186
30190
30190
34112
37943
32357
41283
30193
34506
37503
37508
30199
30210
33573
33624
38109
39410
39412
39428
37667
39837
30205
35626
34817
40822
31432
40820
34645
40792
32267
34617
34656
39029
34062
31206
32936
41037
30223
39883
39915
37858
39874
30228
40822
31398
33038
38274
34869
33579
41246
30590
30592
31716
33474
40902
30238
30251
40062
30240
40364
30692
30701
33987
37629
34645
40508
30251
30266
33006
30246
40477
39775
31143
37727
35523
36386
36646
30261
30267
30393
40868
41476
38094
35104
35523
30276
32102
30273
37429
41156
31686
31195
30269
38188
30275
36097
33099
33697
35124
40038
30303
31195
30334
35077
33982
30808
33659
35533
30288
36978
30296
32135
39243
40838
40881
33071
41277
33582
30294
32531
32525
34464
36126
30300
34903
39222
40749
40772
35564
30307
36938
40276
32835
35967
39405
37292
37293
35747
40685
40929
37621
40707
34764
38794
37277
37283
32308
36880
38906
36554
34779
30762
33830
30327
33830
32719
37029
30327
32489
39224
31435
34436
32273
35565
35567
40868
34730
37219
33066
40696
30343
39797
31142
31144
33972
35565
33537
36227
41072
33491
37072
32445
33194
41070
35707
40506
35562
30375
41481
39390
31722
38609
35884
39053
35568
30396
31838
41484
31541
40532
35180
35181
39380
33216
34744
34254
34963
34963
38532
39538
34475
41476
38599
30953
33470
35143
30543
37805
30387
32024
36431
38191
38032
39100
37338
39454
36431
30409
34293
30413
39400
30398
34141
37826
39400
37895
38337
30839
30410
30462
33672
34599
38478
38922
30509
34723
39088
32336
34274
34288
30462
34202
35339
39567
30421
30789
40331
31521
37191
41353
36649
34017
34334
36434
36114
35678
37980
40057
38471
30433
35230
35864
34795
31136
38593
34707
31572
30524
41025
38556
32900
38160
35111
37906
37802
38002
30453
30456
37880
30475
35392
30457
30472
30461
31497
34103
34685
31497
34103
38154
39697
41403
30472
30481
35059
40120
33784
32706
30480
30681
37910
38326
38330
35408
30595
37997
38312
38327
31384
39053
39126
31405
30496
34659
33114
35485
32166
31072
41530
39396
31016
31494
33675
31016
31715
34847
35408
35467
40545
37389
39125
33413
39163
33515
41029
38787
39088
33078
33086
30632
34342
35096
35070
35164
35309
30546
37360
40506
33018
37448
30727
30762
36816
35823
39610
38392
32186
32252
30536
36679
35540
34531
35325
33143
37850
34432
40137
31351
38030
38692
40252
31707
34025
30752
34027
30554
31909
32114
30561
32341
37251
30559
31097
32924
39191
34669
32154
30573
30787
30849
39610
35474
41066
41193
33059
34058
34975
35618
30590
33710
34945
30577
33442
37964
33513
31096
38580
41223
34969
31906
39602
34984
35532
34951
30586
36783
37129
33175
33190
33691
34841
39162
38472
31297
38083
31569
31641
35744
36780
39759
41463
36339
30606
36184
38261
38457
30959
31480
30629
36642
31588
32718
36838
37933
40781
30619
32793
38052
34739
34929
30668
31710
35020
39031
30622
35096
37150
33093
34807
40584
40655
34818
36440
33677
34943
31769
39953
32828
35736
33421
34253
34885
40491
33708
33801
36339
30644
31053
38391
36607
31389
38199
30651
40155
38141
38309
40157
38419
30930
31182
36440
39809
34429
36161
37457
38359
39770
36236
31652
34055
34977
33715
36098
31561
32053
38916
31618
35670
34721
38920
38921
36412
39892
32876
34447
35311
35421
32019
34756
39639
36655
38950
36655
35970
40726
40793
36175
30691
38959
39140
30999
33704
31091
38386
34309
35671
41543
35188
40713
40873
36792
39011
40432
34115
39178
32425
35196
30719
31277
38219
30736
38193
40327
38217
39594
39448
30767
35525
38202
36563
36477
39032
30728
38418
38546
32818
36500
31081
38185
40544
31573
33771
30767
39155
30733
35682
31210
31278
36546
30836
40145
39109
31226
35097
30745
34074
40327
30754
40134
33397
41430
30832
30848
41242
38179
40245
31434
36637
30797
32091
35188
38184
40743
35961
39997
31212
38343
36548
30773
31067
31276
39181
31278
32661
38054
30848
34478
36477
39030
39186
32774
38852
35225
34488
41242
38586
38966
34952
41406
32774
37739
34052
34222
35654
41365
30888
30976
32123
38431
37898
34827
35006
33665
37705
34721
34935
31492
31180
31105
34402
31515
37415
39505
36553
33937
30837
40005
41312
41315
36788
34820
40953
32584
35182
39342
35176
37590
31283
39379
30861
36201
37844
34028
40972
39241
39310
33394
35187
36219
38865
40912
40136
38193
39854
41168
39302
39961
37395
34716
30850
31431
41327
35113
41482
32203
36226
32203
32136
35717
38810
30885
30950
40590
30872
30856
30880
41452
33925
34478
31648
38731
35458
40899
39323
33608
40136
30874
41122
30875
39326
39328
31134
37216
35819
35832
39245
30879
32022
40016
33290
36728
40976
30886
31590
37772
40544
40575
38656
31621
40180
37543
30898
33938
31137
30901
31464
34891
39200
39783
36992
37312
32884
31656
32888
30912
31915
33955
35798
38363
33762
40206
41179
40013
34594
38336
40975
30916
32000
40014
30929
34258
34484
31608
36450
40968
32038
31624
32811
34484
35345
40217
38863
32889
30937
35791
39559
39782
38141
38309
32886
34664
37547
30941
30942
35805
30945
32155
39498
31483
30972
39298
31483
32151
34778
38582
40777
30953
39023
30991
34989
38495
38922
40252
30973
33884
41134
36184
38259
30963
30969
36687
31665
35214
40500
36339
38972
31208
40455
35438
31002
41167
38360
31215
38524
35014
31024
35797
33584
39594
31068
39524
31797
35013
39450
31010
32465
33434
30984
30986
30988
30989
35316
39085
30988
30990
39890
36838
31069
31093
33956
33664
33692
39649
33473
39263
38569
35434
40004
33698
31825
33884
34400
31128
31382
34586
34884
38392
34249
31017
34832
38398
31029
36361
36416
35076
38964
31032
40636
40390
31031
32513
38388
35218
38395
31051
37486
40576
35808
35879
36584
32201
31042
34658
40429
33083
31119
39343
39643
31205
39626
36634
40275
31061
37472
35425
38390
38392
35849
31064
31388
32735
36096
34922
38498
32857
33308
34938
34551
32805
35846
31347
38507
31452
31489
35211
32803
32805
38668
37983
33373
31152
31210
38501
31083
39166
32636
35584
35584
31140
31089
31090
31690
35438
32683
40806
33702
41155
32435
32981
33711
33719
39626
39259
31102
31837
41248
31106
31179
31180
31165
33319
31132
32107
36277
33037
33068
40290
40499
32564
35439
39169
37989
38056
39794
32111
35871
31125
32766
39023
38481
31908
38035
31136
35871
31132
34568
36542
35860
35870
35223
39050
35857
31335
31139
35480
31252
31245
35667
31598
32756
33200
33132
35865
33121
40474
40475
31799
33592
35927
39275
39558
31206
35483
35652
40905
31637
35480
31156
39536
40020
31166
40023
31803
35457
37821
38537
41397
39536
40495
31167
31173
33651
31172
34822
38410
35874
33319
41438
38446
38673
40355
39248
38578
31286
34384
35710
31376
38915
32724
31623
31809
31242
31623
32027
31203
31199
38664
31199
40199
38663
35079
35086
39256
36221
36759
31428
31441
34705
38569
39423
39576
31276
40020
33576
31225
39565
40559
31221
31228
39318
40130
31230
34792
38478
34799
36396
31949
31230
34537
34655
39565
39570
34175
35639
31441
38227
31260
31359
31455
31748
32307
36255
31784
35974
35778
39510
40456
31302
32109
34742
39712
31805
35904
36256
36625
34825
36344
38519
38696
36256
39314
36053
40262
35401
40098
31258
39053
34991
38453
39712
35402
37059
31271
34527
39442
33561
34753
36040
41079
35239
36042
38554
31271
35457
40896
34533
37138
35921
36719
38343
38217
39600
41526
34428
36594
32062
36719
31725
36042
32306
38866
38638
40748
37901
37900
40734
32631
32092
36350
38237
36428
38730
31377
36037
38561
32085
40197
32085
40252
35401
31350
36908
37081
39508
31538
31310
31314
41017
38826
31310
31314
38269
37251
33515
39485
35235
35506
36508
39648
31328
31344
32119
31482
38643
39967
39322
34771
31406
34861
34210
34858
38831
33598
35885
35284
35330
38617
35281
32625
33164
34995
35307
36624
35852
35858
38775
36572
31343
31346
35885
40393
31346
36287
35449
36584
32118
33156
34409
31416
31356
32593
40995
31356
40810
33776
32580
35130
39619
32501
36537
38474
35432
36297
36303
34950
40290
35456
40810
33481
36037
32329
35548
34755
39898
35277
39069
31783
31788
36041
33500
33811
34423
31381
41470
36103
38842
32517
31593
39179
33209
36250
36015
33936
33487
33861
31397
34846
35388
31397
38873
35957
32656
37151
32100
38962
36070
31494
38398
38935
32474
33300
33079
38196
35084
31437
33958
38062
35322
39513
34010
35065
35084
31442
38313
37787
33591
34787
31752
33887
39224
33669
31442
36201
33593
38405
32200
33396
40617
40620
38925
32518
32549
34627
32287
35356
31455
31524
33796
33855
37740
31460
38564
38728
38806
38809
38241
31504
31742
36652
35503
35135
36624
35903
39229
32968
31484
37785
36349
37986
38039
34657
35238
34670
35489
32348
32759
40601
39427
34726
34813
38124
31680
34967
41093
32605
32798
35322
32593
34021
35902
39581
33199
31610
41472
35887
36248
31612
32038
35433
32238
33785
39071
34525
36679
40892
31525
32393
36707
35555
31531
31955
34421
31532
41067
33357
32102
32102
34647
38946
39161
33001
33430
40739
40791
36010
38298
38301
34048
31602
33732
34560
40394
34357
37077
41455
35580
35353
34413
36724
34720
38298
38614
34704
34384
34562
34734
36576
34944
41083
36787
39763
37867
33478
31590
37467
39084
36563
35671
40340
33027
31583
35291
35966
33113
33383
38084
35378
37758
35027
35042
33610
38405
40375
35004
40092
35117
38054
34731
35075
38805
41243
34786
35046
31630
31592
39502
31598
31608
32578
36006
38280
38291
40677
41350
41477
33440
36008
37803
38106
34558
31604
31605
37766
31606
39151
40381
31654
40390
39571
32041
39469
40165
35158
33866
34309
34710
35638
33742
32006
34258
31893
38559
38727
32738
38186
40713
33186
34670
35485
35945
37745
32177
31643
40031
38509
38030
34292
34482
41025
41402
31647
31648
32384
38907
37764
32384
35344
36516
35356
35483
32949
31689
31693
39144
36244
39665
31667
36268
31693
33565
34211
31682
37861
38032
33090
34332
34431
35051
33002
32579
33353
37331
39141
33486
33102
38591
41357
32464
38028
34640
37564
31864
34733
36271
41079
35917
31728
35293
39141
36014
32715
34515
35020
32809
37326
37336
31701
33338
36876
34949
31705
36688
31799
35017
41199
38984
36701
39392
41071
35539
32087
31859
32623
33198
39385
35561
41032
36771
36648
31729
31736
39390
32847
33278
36645
34316
39178
36037
36791
31847
38623
31735
35947
36654
38062
31743
33748
34345
34711
38252
33512
33514
37698
33279
38536
33481
33039
36690
40182
38936
35944
35974
33839
34903
41347
41347
35008
35221
31759
31763
32291
39447
35751
31764
34556
41291
41477
33128
31773
39963
33622
38806
36950
32463
40232
36064
31781
33293
31780
37892
31983
33503
41084
35944
36058
36763
39546
32167
31796
36556
36758
31855
40494
36152
39337
39547
37689
39954
35016
40636
34831
40827
40691
31818
31830
35510
35773
35434
40467
33459
39451
34942
38729
36076
39573
34264
31828
31829
35762
40987
31837
39258
34424
35777
35572
37199
32919
39216
31846
36735
33594
39557
35521
37171
33218
37154
36265
36774
31980
36065
36796
31869
31874
35041
31997
32007
31874
31984
35805
31988
32045
34494
32143
33409
34494
36092
32535
32479
32529
38299
31918
32527
36133
36210
39579
36758
39574
31885
32612
39335
36131
31950
31951
31957
38358
34031
36729
32070
40212
34210
41383
33523
41286
34680
36243
34523
41225
41356
36949
32088
40271
33856
41219
39802
36253
34472
35502
40650
36002
40874
38248
31948
31961
31967
38753
36020
35924
32664
36932
41506
34925
35313
38461
36086
40166
32077
31936
32550
35313
38461
31944
38538
36266
38669
39117
39185
36115
32688
38666
38669
36269
31959
31953
34830
32108
31959
39197
32108
32526
31986
34926
36106
39341
39598
31969
31967
35605
35853
39972
41368
32261
41523
40740
40791
36621
36623
36767
40177
36565
36623
39613
36258
36421
40280
33987
35448
39520
40180
33039
36867
36870
34430
35776
36919
40456
34926
31995
31998
36157
32199
36711
33829
39193
39956
33942
32026
32027
32199
37348
33812
40167
36626
32018
37271
32121
37663
32028
32029
32028
41399
32043
32172
41480
39179
34826
34829
32053
35701
39150
32039
41451
34960
39005
36570
35000
35773
39329
32041
41395
39706
39712
39792
39798
39802
39335
32518
32049
34742
37456
41030
35773
39513
34546
34560
38930
38908
39618
40129
34553
38908
37638
38543
36033
37015
32067
32101
35792
38543
38400
38358
40323
34193
38382
36883
37174
36837
41459
36746
36749
32100
33869
32086
32101
32152
40094
32252
33012
39380
32098
36568
34809
39582
33418
34910
37194
35301
33780
32109
38683
41234
32112
39542
39508
40297
33839
34755
34359
39484
36285
39270
38685
40297
33701
41070
32123
32129
40142
32130
39220
32557
40392
32127
32129
32130
35094
32130
34388
32134
32136
32708
32147
35532
32147
38399
33451
35138
35382
33213
37199
37373
36425
39544
35717
32154
32154
32292
35805
32158
35136
38792
38895
32219
35442
32575
39423
34824
34474
36673
36872
32219
36533
34753
40551
32179
38825
32709
38792
32198
36509
34276
35338
37964
32664
34229
41512
32196
33920
34163
38207
41446
32197
32198
32227
36940
32210
34553
32221
36322
41507
37527
36158
40117
32698
32698
32217
35314
38367
40447
32573
37043
32218
35320
38830
40569
32226
38646
35821
36597
34703
32227
38221
32233
38214
38214
39681
32236
32241
40412
36053
32245
36053
36422
32243
36879
32245
40349
36868
40161
35530
32260
32285
37437
37743
34319
34237
34227
33886
37636
41071
33533
33533
33552
34630
34062
38649
35570
39397
36330
34302
36938
40753
32273
41538
32540
34191
33957
35564
35650
33557
40830
41265
32564
33269
32304
33204
40485
40785
40592
37673
40094
38872
32386
32302
37939
38178
38010
32344
33274
32314
40711
32314
33177
32637
38142
37885
32350
35769
38826
36264
40250
37274
32365
32409
33849
33605
34446
32480
33601
32370
34272
34273
37657
33737
33737
38894
33575
34961
35066
36861
36895
33098
40399
40399
35722
38790
32357
32360
35400
33405
33490
34208
37529
38525
34148
32363
34204
33157
36024
41303
32371
32381
37430
32379
40239
32371
38935
33395
33399
37397
37666
40532
37313
39722
39727
40533
32381
38936
37357
32387
35580
33591
33596
40238
32824
33259
37939
38178
40602
37191
40895
36991
41185
32399
38420
38880
34703
35262
33921
32901
37522
39788
35247
34112
34195
37496
37449
37571
39748
40907
32429
32412
37578
33328
39806
34456
40111
37032
41042
33020
36809
37243
37541
37774
32429
36886
36998
37605
39812
32433
37558
32462
32472
33416
40232
32853
37438
33071
34041
32777
37647
40759
33581
33582
39746
40903
35619
33275
33276
39054
34992
36998
32494
32748
38667
38694
37103
32472
38802
37752
40630
32471
32480
32483
33622
33973
38891
39288
38055
32492
35594
39423
32492
32487
35597
35566
32488
36968
32488
33842
35425
40012
32797
39515
40161
33836
37564
32498
35604
41215
32553
37257
39759
32508
36541
33367
33489
40088
32540
32553
32520
35763
33499
34886
38149
34973
35668
32561
36676
40736
33440
40790
32537
37135
36089
41121
32558
32658
32795
33138
33957
32562
34344
32570
37343
32563
32623
32548
32552
37908
33824
34037
33220
33599
41021
32560
37824
39896
37819
35918
40769
37953
35914
39990
35323
38824
32608
32571
38656
35852
40075
36084
39341
39597
38332
37043
39549
38776
36820
33731
34332
32695
35706
37041
34288
41295
33778
41187
33647
40883
32604
36857
37703
37715
34096
38382
38536
32985
40413
38364
35990
40747
33393
35116
35375
33618
38619
33896
34429
39992
33612
41039
36035
39993
40870
33805
32627
32643
32669
32806
36367
32625
36988
33198
35152
40063
36453
36518
36521
32696
40111
36442
33382
33389
36892
32659
35706
36892
32807
40703
32649
34353
32839
35184
40496
40521
34423
36722
36452
36703
37581
36695
39969
32719
32661
32677
40115
32672
34078
38490
39937
32670
38490
39720
39937
33698
33698
40607
33782
33802
34012
34164
36111
40096
40102
40700
32697
38715
41496
41501
38036
38183
32684
38724
32700
41570
37402
34370
35727
36237
39104
39116
37365
36432
40114
35741
35961
34456
32726
36322
40806
34098
36983
35122
41055
34502
35112
40134
34768
32838
40136
32732
35687
34363
33569
34786
35689
32720
32795
34162
34233
37879
41507
41513
35443
38259
39848
34317
35699
37423
40335
36167
38856
40025
32739
35219
35727
39419
32756
32752
32751
38351
38353
32797
38568
33676
41194
35308
40729
40218
38852
32766
32783
35758
40211
32780
33677
32771
40449
32780
33677
33790
34251
35664
37853
40377
40451
32784
38675
33061
35761
36662
32784
40151
39449
36622
32800
40188
33071
35756
37098
40012
38722
35763
38303
32827
33038
36024
32799
38568
33195
40229
34530
35767
37534
38341
37326
37331
36081
37124
33919
34522
34968
32934
40224
33374
34445
37056
37891
32851
40128
36926
37343
40235
32845
37290
33979
37091
33603
34028
41395
41451
32961
37362
41205
37617
40019
32860
41125
37906
32900
32910
34642
37330
40719
37023
38952
32928
32990
40666
35537
38915
33499
34973
40257
40258
40281
32962
40300
39463
32917
39783
39194
39560
39778
39401
39943
34862
35312
40325
39058
32917
32925
32914
32926
40312
40074
38843
39221
36868
39221
38773
32973
35036
38965
38854
35818
39494
33301
41117
39057
38961
38963
35427
36581
36650
37972
36997
37312
34767
40358
35093
38854
33315
37313
37487
38304
37654
37776
37774
35107
39808
33141
35475
32957
33428
35093
37147
41471
36970
35117
36786
35071
35077
37704
32960
33789
34859
41424
37313
40308
37243
32990
37144
33327
34504
32975
36359
38551
40313
36933
32978
37139
39602
40319
32986
35069
37978
32990
33023
40147
40348
37329
36993
38182
40457
39366
35429
35052
40588
41355
33003
37697
33042
33080
40396
39621
39841
39273
40368
33032
37769
39041
33024
33101
40093
33101
40106
39859
37548
33059
41287
37624
33430
37308
33059
33523
36687
40455
35473
33163
33606
35689
39556
40435
33049
33084
34092
33085
39858
40399
38084
33053
37476
37360
40186
35757
37851
35035
35095
40493
34899
39894
40460
40382
35781
40500
36866
38056
40264
39445
35069
33099
33099
37090
33082
35095
35098
39556
34841
34843
40445
35074
33092
33097
40241
36211
36241
33103
33123
33149
33162
33248
36349
36427
35388
36720
34524
38631
33785
33115
34932
39218
33120
33136
34529
41092
37134
39555
35454
33137
34967
37745
36027
39691
40762
40764
40625
33139
33149
35040
40592
38020
34731
35453
33155
37678
40530
35324
34633
34408
37482
35410
35019
40092
33198
40517
33648
40623
35978
39698
33191
38738
33340
33742
33180
33182
33271
36313
33191
34083
33191
34883
33184
40928
37273
33336
37838
34998
33196
40618
35215
33201
35656
38752
34527
37134
35612
33202
35666
33311
40441
40471
37411
35617
35332
35684
39664
33219
33232
33427
40782
38165
38001
33256
41519
37736
38040
36881
38041
33757
33232
33321
35847
36935
40884
40494
41354
35215
33237
38872
33242
35719
35033
36745
40648
35494
37548
34074
39091
33250
33488
33488
40602
34401
33372
35321
36228
41120
33255
35493
34268
35274
40275
36078
41118
34718
33262
33968
36805
36881
37867
33263
36804
33269
36798
37805
37850
33265
40639
33396
35550
40679
40832
39378
33500
36617
35530
37057
38535
34936
33301
33315
34818
38397
33341
40745
35288
38878
36982
33563
40184
40697
33300
40853
33382
36002
39146
40036
40052
35674
36412
40275
40667
33980
37671
34454
33315
34073
33317
40508
34504
35469
35470
35481
36305
37442
38374
38374
33674
34186
36439
40574
40597
41059
40649
34933
37889
40625
40750
33391
37078
34287
39702
39719
33863
33353
33354
37068
35686
33402
37031
36165
33424
33483
36205
33361
33370
36232
36234
33400
34920
33848
35472
33372
35789
41125
41197
33388
35166
33491
37073
37215
37240
35858
39298
38982
37079
40969
34286
38618
40660
40745
35630
34025
39721
34043
40324
36164
39842
38120
33486
35011
39230
38863
36693
33781
33786
34131
36627
33483
38850
35426
40075
35132
37972
33806
34602
36286
37591
37595
33466
41408
35132
33433
40659
33456
37003
40674
33438
37618
40556
33460
38951
41414
33444
38137
33449
34904
37599
40764
40805
35624
33476
40948
38951
35624
37108
40768
33513
33555
33473
34981
35513
33483
36247
37272
33755
35983
40977
37511
39919
39176
34417
33495
33517
40657
33959
37874
34260
37892
36807
33539
33552
41539
33749
36154
37351
37063
37586
33631
37202
36004
37875
41215
41522
38891
35554
36097
39567
34110
38619
34556
34047
41268
41153
37658
33542
34078
40800
40954
41010
38341
39937
33714
40513
35621
38977
34039
35518
40812
40900
38206
40774
38974
40216
36419
40249
39587
33564
33568
41308
40893
41561
39696
34390
40540
33572
40230
37361
40859
40949
34114
35022
35573
40797
41081
41211
41011
37274
33588
33650
33652
41143
37975
40152
41141
41009
35868
39521
39522
39562
39984
37074
37390
34274
33609
33659
36418
33716
36642
41243
37928
38346
40135
34448
41243
34113
41584
38134
39476
39696
40992
41047
36325
41524
40448
37969
40924
36019
37304
40992
41579
33654
33937
39614
40526
41468
37202
40981
41537
33684
39160
40991
33742
34986
33642
41048
41108
33682
36913
41041
33680
33681
40681
40963
41573
39059
40989
41104
40824
39511
33655
35610
41397
37439
39632
41372
37398
41235
34927
37074
36527
40766
40801
41150
41156
40945
35021
35060
36245
36701
40176
36701
33841
34144
40523
41170
41177
33673
40830
40755
34253
38987
33839
35551
34945
40523
40755
40844
40915
40417
41048
33684
41112
38067
38125
37304
37881
40266
37724
40274
34864
41057
41058
33710
39641
38978
40470
40943
37369
36659
39163
41146
38979
37538
35734
40755
35625
41137
35698
34446
37438
39788
41180
36668
38570
34074
39097
33723
33729
37115
34168
37740
41058
37793
41046
38134
33876
41184
38931
40185
38885
34382
37024
36377
38884
37350
40288
40990
40860
40931
41587
40996
40324
40339
37049
40883
37582
34362
37162
41179
33865
37788
37958
38693
37746
35474
35347
40177
40794
35015
39239
38944
35916
36764
40232
33788
33804
33802
39027
40439
39731
40113
41225
33859
37469
41356
33798
34155
35590
40439
34122
35672
39044
39046
41140
38979
41097
36376
35649
34145
33809
40869
40991
40194
35982
40210
33834
33819
33820
36695
40146
33841
39161
39154
33988
37269
38899
36972
39203
41340
37270
36611
40050
36612
33956
41217
36972
39617
34064
34916
40050
39650
41161
38043
38049
33856
34945
33851
35224
39615
34459
34060
38049
33869
34015
36949
40259
37505
41320
35644
34390
36410
33951
34314
38877
39945
37967
40602
36753
40169
36476
36482
34492
41164
34377
41131
39177
40967
33948
41374
33899
38639
33899
40007
34024
41311
35281
34392
37270
37603
39818
36753
40997
41164
35334
33962
33922
34109
39153
40141
33949
41008
41465
36780
34038
37257
35113
41220
39003
33963
36777
33998
40600
33998
33935
39777
38561
38566
35955
38900
39192
33943
41377
39036
33951
33951
40999
33966
37285
40965
34038
39762
38958
35502
40753
38126
34886
38837
39347
33963
33966
39003
41008
35272
38938
38279
41227
35031
37745
38953
39916
37160
37532
41434
36780
41394
39143
41331
34263
34263
38174
34157
39038
38844
38279
37198
37213
34166
34240
38119
40232
39006
41454
34100
36281
40097
36611
40050
41159
41215
40261
37101
37679
38118
38998
39996
41453
34156
35830
34107
34029
38781
37288
41261
38076
38370
41550
34080
34094
34038
39759
38941
34041
34209
36874
36884
36721
38938
37435
37084
41333
40348
34063
40582
34092
35075
38671
37963
34078
34915
38943
34280
34895
37515
38352
37585
39361
37734
34165
40784
35680
36781
41490
34214
41532
34126
38046
34883
40331
41329
35671
38302
37734
34126
37322
41380
35763
37988
38679
38681
36104
37977
37988
34222
35654
38690
34503
40002
40007
34124
34343
41378
40838
36951
40963
34289
38437
34585
37533
41556
34259
41396
40874
34129
34193
41032
41472
40979
35998
38891
35625
41304
41467
34371
34167
39084
37416
34145
38883
34225
38092
38005
39994
37416
34237
41581
38065
38023
41497
38303
40100
41498
34241
38047
37656
34625
34844
35980
40108
41443
41520
39731
36009
40871
38541
38014
34192
38522
38527
38234
40868
37160
34205
34254
34239
34554
34613
34233
34236
41291
41351
34293
34270
37820
37825
37671
40483
39953
41554
34338
34313
34223
34953
34963
38541
34962
41296
38095
38130
36828
38228
40107
41581
34231
36289
40107
34404
37627
39996
38026
41079
37061
38702
36847
39038
40113
34298
39711
38532
35934
40969
41064
35764
37039
40966
40939
35519
35298
34901
34312
34331
34883
34283
37957
34274
34277
39148
41546
37957
37957
35443
34288
34897
36114
35443
39422
41466
41288
39041
37256
35181
41484
39707
40095
36309
34893
41360
34349
36706
37080
37892
40865
34316
34371
37825
34326
34319
35660
35703
34372
35740
38761
38832
37242
37899
37921
37925
36309
37660
35598
36888
40597
36840
41088
38647
34373
39441
36154
39452
38327
41188
38377
37244
38098
39114
37114
35742
36492
36495
34652
37593
35583
35688
37244
41077
39210
34395
37170
37707
36117
39854
37024
36334
36862
37002
34447
37567
37807
36202
37149
38176
36334
40400
34445
37521
36971
40974
39049
41313
37901
38324
39379
37045
39102
34409
34526
37550
39116
37365
38647
36442
34930
37803
41563
37581
34515
36590
34430
34443
35708
37209
35799
36593
36698
37377
34479
34842
34848
38942
34579
40679
34460
34903
40049
35003
36277
35777
36533
35454
40480
38486
39645
34482
39116
41483
41255
36129
39092
41485
39591
36150
34479
39002
38216
40847
36872
38347
35091
40019
40049
35785
35129
35739
34979
38903
40005
36134
36130
38293
34501
34540
35764
40497
34827
34999
34511
37142
39971
41285
35469
36210
38467
39547
34552
35789
34549
37707
40212
40222
36155
34546
40222
40156
34643
34566
34549
36361
34574
38105
34577
34581
34552
39108
38103
34558
36123
34560
39998
34578
39737
35329
34575
34605
41083
34585
34580
36672
34591
34595
34590
39362
34608
35850
35449
38473
37861
34606
34610
34597
34611
35780
35491
35237
34598
40458
34918
37927
34615
34792
35352
37208
38908
35780
37533
38909
38049
34792
34823
35570
35850
39738
35569
34627
38059
35596
34657
35238
34735
34715
38274
39093
34646
37618
37646
38976
34672
38550
34651
36375
34972
39167
34910
35972
35506
35741
34662
35628
34666
39447
36589
34672
34675
38599
40043
35711
35406
36975
38157
35895
39218
38329
40548
35489
38927
35259
39167
38790
38793
37837
38653
38712
35798
37179
35305
38924
35273
34723
39201
34692
35393
39770
35204
35267
35275
34793
38316
34707
34726
39106
34712
34735
35213
35266
34711
38533
38680
38128
34905
34717
38153
39294
38916
35928
37188
35635
36519
35581
37151
37301
38685
39387
34789
38022
38019
38021
34783
38719
36717
36720
38167
35418
34764
40637
34917
38717
38442
40737
34757
40122
40573
34910
38435
35882
35126
38308
39638
34774
35633
39867
35068
34782
38286
36125
37366
36757
39064
40819
35806
35577
38479
35980
39412
39896
36406
38125
38479
34860
39064
36380
36473
36368
37150
38022
41024
34821
35389
35459
38019
38024
38402
38628
34937
35317
38461
38019
39528
34895
35350
41292
35724
36391
36445
38234
34855
35724
37266
37617
37200
38832
38710
39058
41096
37799
40048
40113
38463
38503
39055
38977
36794
41213
34887
39367
38529
41428
39666
39363
34892
41494
40369
34913
40171
39790
34931
37775
38078
37367
38942
41292
37214
35277
36633
37563
40804
40478
35317
35318
34927
39407
35609
38495
36457
34939
40019
35517
36943
38559
34949
38437
37734
38563
35287
39048
36532
39010
38016
41297
36120
39040
34972
35329
38624
37238
35011
38839
35636
34993
35668
35020
38877
35001
37081
38482
35029
35168
39261
35006
40330
35296
35034
35045
35296
35708
35966
39054
36723
40262
40297
35663
38693
35017
39450
35134
40430
40085
35078
41203
35092
40092
40481
35379
40554
38485
35091
36462
35681
40071
36023
38540
35285
35377
36667
35297
40375
39739
37976
35070
35692
37380
38029
41360
40055
36921
41035
37321
37353
37115
35366
35581
38175
40121
38017
35105
40805
38175
38964
35422
35074
38925
37749
38717
35310
39215
35347
40723
37906
40640
38768
35094
35202
40322
41245
37934
38029
38300
38848
41008
35118
35117
36857
35271
36435
41360
37398
37247
38271
38002
41503
38824
35709
35455
35848
35879
40808
35155
35678
39456
41230
41231
41230
41252
38344
41158
40139
37116
41563
37114
36638
35179
39150
37702
40323
35191
41226
37586
38553
36208
37865
41116
35817
35197
35203
37358
41116
35180
35192
35368
38180
38238
38334
39155
35192
37630
40125
40518
35197
35203
35204
37726
38243
35190
39808
35315
35198
35533
36219
35696
39616
35586
40867
39421
36845
38290
39342
35252
36948
38356
35836
39480
38725
38736
35229
38393
38263
37349
35226
39068
39069
37545
35238
40077
38790
36858
36388
37837
35250
35520
35262
38736
35250
35265
35264
35266
35258
35397
35353
37239
35395
38892
36602
35353
35585
36251
35270
35576
35265
36280
36547
35276
36641
36674
35585
39068
35753
38604
35294
38879
38750
35294
35395
35676
38846
40391
40085
40238
35844
40267
35302
35303
40412
38650
38924
38633
38458
35327
35354
38462
35351
35325
36024
35368
38788
35337
38307
40935
35522
35522
38162
35417
39726
35386
38564
35350
38042
35346
36459
35361
38428
38429
38865
37924
35362
35627
40447
38630
38636
36354
38363
38363
36896
35371
37389
35371
35381
37823
37877
40125
37543
38274
38865
35381
37900
40734
37389
38731
40042
35388
35390
35391
35391
35391
35408
36736
35460
36321
35771
41533
35403
39903
36561
35413
37601
35842
40792
35415
39128
38871
38222
35863
35426
36733
37196
35855
40374
36689
39365
39170
38652
39798
35481
40507
38480
38894
40817
41341
37653
40256
41433
41066
35843
40635
35481
35496
35471
35514
35477
38825
35492
35578
41432
36354
37949
40891
41341
37897
38285
36350
37796
39484
35803
35646
35798
36439
38011
38895
35518
40900
40811
37580
36097
35696
36126
35544
37023
37951
35547
37023
36924
37399
35550
35547
35664
40719
35557
35911
40895
38216
35707
41476
41481
41533
41538
35987
36547
37668
35730
41138
37512
36603
35588
36331
36336
35592
35593
41306
41284
37849
36408
36364
38987
38002
37646
38976
40069
36611
39776
40069
38568
36711
38740
40985
37639
37746
36794
38924
35838
38071
35646
35662
40447
36248
35868
35890
36610
39067
39123
35867
40798
36531
41564
35667
36745
40549
38738
38740
37777
35670
35765
38752
40835
37488
35693
35711
40552
38337
41245
37321
36842
35700
36102
37247
35731
39135
41055
36442
35734
39158
39195
36946
38356
35825
35853
37408
36456
38909
40461
40864
35742
38978
37979
37982
41540
35738
36224
41074
41075
37259
40346
36143
38385
39780
39350
36832
35775
37919
40451
38623
37919
40040
35785
38793
39835
39917
40454
37644
39679
35816
39566
39778
37020
37026
37547
40649
40174
40430
41085
39678
36100
39375
41125
36931
40373
36267
36593
39606
35829
36397
35831
37861
35834
39265
36928
37545
36736
41503
36959
39883
40545
40578
41224
35882
37355
36959
36538
35861
35872
37863
37412
35869
36117
35868
35927
39860
37916
39984
35880
39517
39562
37930
38055
40799
35893
39250
35896
35901
37932
39956
36249
40686
35990
35913
35915
36324
37675
39897
40866
37572
39441
36799
36031
38482
35924
39989
37065
39274
40428
40466
35940
37065
36297
36743
35936
36844
37768
37771
37477
35941
41140
37773
36042
40526
41586
40389
41249
36774
38938
41183
39280
36106
37784
36045
39437
36896
38461
35978
39658
40733
36587
40796
40943
37184
37186
37037
38209
40966
41211
38982
36796
37913
36888
38797
38267
39964
36581
40294
40874
36031
38291
36029
36031
37077
40803
37954
36073
37842
39956
36036
36067
36714
36046
36755
36768
36272
37351
40288
40394
36056
36770
36830
36808
40712
37135
36551
36083
36754
36061
36066
40956
38828
36122
36081
36078
37035
36083
37012
37142
36088
37205
36812
36166
36667
36738
36739
36665
36108
36148
36107
39242
37205
36148
38451
39950
37109
37130
36144
36291
36136
39472
41258
38871
38556
38667
38089
36148
39942
38226
38242
38356
36172
40808
36274
36198
36320
38177
38558
39338
40284
38813
39078
39198
37527
39198
36162
40631
39842
37032
39845
40665
38365
36170
40501
36170
38957
40245
36595
36239
39421
36213
36177
36178
36213
36187
36205
36182
36203
36211
36313
39062
39063
36188
36205
36199
39372
39721
39692
39693
39744
36199
37705
36210
36762
36765
38661
40842
41126
40867
37689
39954
40531
40669
36230
41396
36630
38513
36301
37385
38508
37385
41534
36232
36234
36235
36238
39488
37744
36238
39492
36288
36365
39576
40892
39568
36255
38391
39014
36648
36256
36261
36275
39988
36272
36263
36829
36270
36275
36271
36272
39946
39946
36282
37033
36279
36287
36287
39522
36302
40060
36296
41512
39242
36297
36295
41575
39651
40134
40135
36365
36310
36305
37690
39589
36316
36318
36915
40565
36331
36356
40821
39745
37818
36331
36341
37592
40514
40519
37148
40882
36346
37146
39365
40386
40387
38101
36355
36359
39108
36416
40799
39928
36369
37902
38590
36379
39120
36375
38999
36769
37284
37248
36402
37999
36902
40364
36424
38070
36415
36398
36399
40860
38316
40569
40533
37223
40613
36410
40572
39899
40068
40109
38345
40705
36417
39534
36425
40763
40888
38815
40287
40587
36426
38833
38070
40925
41411
41413
36444
37323
37376
36454
40688
36892
36449
36445
40868
38191
38364
36456
36474
39797
38678
36476
39094
36471
41344
36467
37419
38874
36468
38342
36473
36514
40071
41344
40744
40783
36514
36484
36489
41552
36484
36489
39453
39094
36487
36487
36780
37071
36502
36497
36495
39482
36532
40944
36534
36550
39847
39377
40006
36517
38524
37421
36528
41425
37237
40210
38440
40117
36538
39103
39892
36544
37961
36544
39952
36549
39216
36815
38807
38815
36703
36588
36556
36559
38765
36589
36562
36576
37207
38693
36567
39471
40172
38465
40398
37410
41258
38576
40614
36586
41251
36587
36591
41274
36657
36839
36585
38077
36601
36805
36594
36597
38798
36616
38762
38980
39083
39083
36614
39072
41214
40069
38085
40835
36627
38675
36627
36628
38055
36922
38683
36640
38985
40184
36663
39031
39322
36656
39451
40296
36839
38535
38535
37967
39072
40451
36669
36666
36673
38912
37206
37510
39847
36856
38804
38299
36815
38466
38470
38215
38218
36939
38804
38807
40284
36892
38300
37659
39911
39169
39360
40145
39374
36921
38584
36712
40740
40741
38069
36718
36719
39346
39394
40330
40330
38165
37024
38050
39355
36817
39888
39667
40545
40792
37607
39938
39239
36841
38867
39190
36752
36771
36788
40778
39548
36767
40167
36763
39546
36765
39579
40176
37972
37760
37945
36777
36907
37945
40230
39367
37345
37071
40523
41278
36803
39769
38887
37441
39262
36808
36811
36817
36813
36820
37130
36813
37123
38804
38910
36820
37109
36822
37009
36827
38314
36831
37602
37626
40419
36849
41382
37914
37873
40233
36850
36854
38097
41088
36851
39197
39904
36863
36860
37597
36872
36867
37990
40290
40460
40350
40424
36904
40353
36874
36884
40761
41022
41037
37268
38484
37180
40177
40793
40513
39853
39927
40434
36904
36944
40354
37440
36915
40757
40949
41525
39871
37106
38134
39652
36917
41005
37087
37611
40452
36932
36937
36941
41113
36942
41178
36942
38889
38275
36946
36952
36948
36955
41457
36953
36960
36962
36960
37176
36964
36966
40068
38600
37592
36985
39909
36973
39168
36977
37459
41334
37990
37491
37521
40184
40104
40116
36991
36994
39200
39206
36995
39034
37006
37004
37265
37732
37012
37016
40674
38293
39076
37043
38050
39341
38737
39399
38697
39506
39842
38245
37238
37284
37044
39393
37050
37051
37055
37105
37073
37457
38321
38600
40938
37153
40304
37587
37089
37241
41309
39431
38618
39432
39304
38928
41170
39356
40090
41338
40456
37227
40258
37100
39468
38053
37113
39703
38779
38785
38779
40208
39675
38383
38688
40215
39476
41077
37120
40989
37118
40061
38276
37130
37180
40883
38785
41401
37498
37141
37145
37142
37141
37309
39859
40471
37148
40366
41049
37146
37572
37148
39852
40598
37450
37155
39551
41183
39672
41495
39907
38760
37310
37213
39551
37239
40371
41152
40532
38011
37210
37193
39779
37442
40756
41026
41028
37193
40568
41404
37197
40613
37197
37598
40981
37208
39073
40166
37212
39814
37241
40711
38090
37352
40745
41400
37224
38539
41387
37240
37241
37230
41478
39254
39813
38737
39857
37255
38003
37258
37570
37969
40924
38189
37508
39844
39760
37514
37867
38583
37299
40702
37287
37277
37283
40722
39582
37315
37306
37298
37296
39168
39119
39228
40259
40303
40860
41316
41369
41080
37309
37577
37315
38306
41426
37337
39850
41317
38447
37328
38641
41488
37326
39061
37332
38559
39970
37353
40334
40422
41337
37654
37782
39433
38821
37344
40235
41209
37441
39884
37357
37361
37364
37363
40301
37364
39863
38253
38253
39050
40814
39229
37375
37386
38064
37804
37394
37839
41260
37392
37514
39966
39773
39844
38156
37400
37410
37431
37412
37421
37418
41042
38069
37695
38875
37431
37424
37428
39732
40332
39037
37494
40790
37464
39746
37443
37445
37573
37510
39880
39786
39592
39636
37446
41165
37637
37647
41278
37458
37743
38483
39246
37461
37571
37520
37526
37772
37479
37484
39829
39045
38803
37489
38522
40529
37489
37488
37492
37493
40265
37496
37499
37500
41142
37500
37503
39773
39844
41505
37509
37508
37570
37985
38285
37519
38749
37783
40737
37523
39830
37727
37541
39829
37528
37556
38106
37541
40395
37560
37550
37542
38304
37553
38895
40646
37553
39474
39475
37614
37565
39624
41217
41031
41213
38176
37576
40433
39825
40503
37591
37595
41326
37760
40913
38721
40865
40763
38325
37610
37606
38720
39455
37614
38432
39529
40022
40520
37621
40757
37626
37628
37858
37643
37633
37643
37634
38722
40187
37883
38157
40484
40491
37641
37651
39585
40837
39650
41061
41058
41011
37903
37693
37670
37672
37790
37674
38014
38532
37674
37737
37684
38292
40034
38377
37683
37684
41105
37685
37685
39443
39872
37688
37689
37741
40029
40520
38296
41565
39318
40130
40912
37856
37833
39572
39653
41052
37715
37756
40368
41145
40145
40153
41145
39538
41084
40023
37822
37733
40533
37838
40214
41146
40023
40627
41244
37795
38689
37836
38385
39865
40560
37955
37763
37829
37833
41010
39151
41555
37809
41001
37770
37771
37796
39234
37813
37781
40846
41139
37802
40702
41397
39786
38379
39799
38979
38975
39190
38325
37833
39843
37822
39843
40609
38603
37870
40511
37831
37832
39990
40886
41036
41036
37835
37848
38540
37862
39395
37889
40186
40379
37871
37871
40317
39262
39878
37871
40933
37879
40376
41080
39266
39892
41431
41331
37908
39184
40667
38135
38927
39567
37925
41273
37997
41281
41230
39233
37920
39240
37930
37920
38042
40980
38021
37956
37947
37953
39988
37956
39142
37956
39989
40706
37983
37966
37968
38697
38700
37982
39398
40064
40064
40499
40601
38074
37996
41231
40032
38328
41281
41293
40623
38004
38031
40096
38512
38025
38025
40609
38025
41577
38387
38204
39973
38279
38037
38190
38041
41086
38046
39028
38057
38058
38068
41368
38690
41260
39747
39659
40553
41441
38074
38077
38659
41423
38919
38695
38098
41417
38092
38095
41560
38114
40233
41563
38111
38115
38118
38117
38521
38118
38509
38460
38803
38136
41527
39764
38132
41094
39675
38278
38488
38144
38719
38582
38169
38155
38177
38752
40694
40694
38207
41568
38206
38195
38206
40774
38212
38195
38620
39675
38371
38205
38371
38207
38212
41019
41446
38215
38454
39021
38221
39181
39553
38678
38318
40100
38231
40220
38239
38241
40101
40715
39276
40559
38265
40480
40476
40480
40383
40424
39622
40415
39093
38280
38349
40788
39093
39324
40042
40651
40770
38735
39332
41051
41537
41544
38290
38577
39332
39348
39354
38295
41388
38917
38691
38327
38677
38708
41498
40359
41321
38333
40406
38446
38364
41188
38342
38347
39079
39458
39157
39460
38373
40587
38376
38381
38383
38383
40207
38411
41499
38434
38759
40479
38458
38469
38475
38485
41310
38430
39209
38691
38430
38445
38516
38520
38865
39220
41420
39464
39641
39646
38707
38464
38548
39933
38497
38457
39942
38491
39706
38641
38628
38528
38649
40423
38467
38763
38487
38663
38476
38491
38543
40375
38493
38500
38530
38509
38507
38510
39830
38524
38700
40682
38523
38527
39962
39496
38626
38549
39933
38549
39303
39214
38923
38759
38567
38567
38568
38564
38617
39626
39903
38588
39043
38580
38822
38989
40630
39099
40770
39278
41465
40584
38587
38587
40160
41415
38897
38702
39284
38604
38709
40187
38701
39477
38631
38931
38609
39236
38638
40787
41453
40225
40497
38630
38709
40497
39171
41389
38642
39586
38646
38650
38651
38772
39587
38681
40099
40905
39980
38675
39022
38675
41093
38711
39960
38687
39205
38688
39009
38753
40077
38724
38732
39326
38772
38713
38714
40778
39075
39075
40268
40204
39957
39958
38737
40210
38733
38728
38729
40210
38739
38743
38746
38746
38778
41410
38866
39901
38758
40479
39137
38771
38771
40226
40204
38774
40178
40351
40406
38778
38783
38784
38785
41562
38825
38798
38799
40269
41141
38802
39191
38861
41157
41216
38812
38812
38816
41290
38970
40971
41120
38842
40566
40567
38827
38926
38935
39390
40431
41387
38842
38849
40582
38853
38864
38859
40158
38870
41339
38874
41333
41338
38873
38894
38875
38880
38881
38923
38886
38887
38888
38923
38893
41155
38914
38922
41286
39629
40962
40137
38917
38929
38928
38929
38929
39811
40413
41465
38945
38966
39162
38950
41354
41467
39176
38959
39132
40693
39132
40632
39942
39172
39776
39089
39081
39217
38992
39080
39124
38996
40669
41239
39056
39020
39018
39086
39180
39180
39032
39187
39047
41426
40048
39052
39051
41271
40974
41105
41453
41271
39201
39113
40123
41043
41154
39159
41422
39351
40589
39105
39108
39109
39115
39111
39115
39810
39121
39127
41579
40042
39219
40281
39149
41298
39147
39138
39153
39143
39149
41245
39147
39256
40539
40310
40839
39309
41229
39210
39524
39935
39981
39573
41285
39200
39202
39717
39338
39206
39717
39209
39211
39212
39214
40508
39228
40299
41283
41283
39760
39254
39244
39238
39239
39557
39236
39241
39244
39522
39244
39251
39253
39690
39295
39259
39260
39826
39268
39984
39295
39913
39307
41018
39289
39287
39289
40611
39300
39830
39294
41238
40314
39302
40790
39310
39317
39309
39318
39312
40083
39531
39318
39325
40565
39325
39331
39348
39611
39593
39354
40941
39354
39357
40457
41328
40495
41375
39372
39389
40087
39388
41032
39388
39391
39943
40384
40865
39492
39410
40333
39528
39422
39420
39420
39420
39428
39433
41264
41455
39436
39607
39448
39500
40411
40513
39447
39596
39607
41124
39607
40666
39460
39466
40992
39568
39466
39473
39728
40003
39601
40165
40168
39490
40665
39490
39490
39542
41021
39493
40563
39496
39499
39499
39922
41096
39504
39509
40267
40262
39986
41102
40387
39531
39628
39529
39556
40528
41195
39540
39533
40150
41444
39541
39556
41449
39574
39599
39592
39635
39561
39566
39566
40175
39895
39608
39810
40084
41455
39661
39583
40708
41367
39661
39819
40401
39603
39600
39779
40076
40080
39992
40415
41218
40131
40133
40401
39647
40444
39810
39636
39644
39649
39644
39858
41218
40365
39674
41270
39685
39689
39914
39821
39838
39879
41135
39677
39739
39682
39751
39822
40278
40281
39710
40919
40172
39705
40414
39703
41276
39708
41301
41301
41269
39725
40529
39727
39737
40196
39751
39752
39877
41142
39775
39775
39831
41182
41030
39787
41165
40008
39802
41190
40846
41128
39800
39804
39802
39807
39821
39838
40486
39817
39816
39837
39826
40848
41034
40389
40685
39834
39833
39834
39838
39846
39852
40437
39861
39858
40435
40441
40461
39871
39876
39878
41576
39880
39880
39884
40807
40654
40786
40852
39886
39902
40263
39951
39951
40616
40202
39926
40511
40683
39934
39940
39941
39942
39967
39974
39960
40751
39962
40035
40004
41040
39989
40009
40011
40260
41063
41374
40018
40020
41222
40029
41372
40029
40435
40397
40034
40728
40688
40730
41324
40556
41088
41060
40422
41337
40442
40070
40444
40397
40442
41403
40692
41571
40316
40385
40092
40772
41206
41275
40106
40347
41498
41518
41497
41497
40140
40114
40140
40127
41263
40133
41192
40145
40154
40180
40328
40179
40794
40182
40450
40196
40564
40189
41185
40204
40193
41185
40546
40218
40253
41095
40539
41162
40647
41161
40253
40352
40261
41433
40289
40354
40990
40281
40845
41102
41136
40652
40337
40350
40337
40304
40423
40305
41109
40307
40308
41386
40843
40423
40806
40343
40471
40470
40348
40349
40353
40388
40355
40504
40354
40463
40366
40463
40467
40378
40451
40449
40503
40453
40421
40427
40396
40402
40765
41171
41184
40453
40463
40438
40676
40450
40452
40501
40499
40472
40488
40517
40862
41146
40502
40701
40552
40509
41492
41319
40829
40527
40528
40683
40557
40732
41408
41436
40558
40559
40561
40561
40571
40644
40571
40653
40683
40641
40628
40629
40971
41564
40990
41068
40977
40664
40676
40671
40673
40682
40682
41080
41110
41075
41047
41110
40699
40799
41400
40701
40706
40825
41052
40760
40793
40885
40750
40748
40871
41456
41384
40880
40833
41177
40923
41020
40777
40833
40795
40901
41277
40904
40818
41268
40827
40843
40814
40899
40826
41407
41154
41294
41306
40920
41038
40851
40855
40881
41113
40937
41109
40862
40925
40889
41139
40914
40915
41106
40901
40897
41353
40906
40910
41294
41046
41220
41048
40988
41579
41051
40929
40933
40935
40937
40951
40940
41026
40982
41001
40958
40982
41012
41524
41523
41012
41003
41164
41312
41239
41021
41407
41039
41187
41104
41059
41185
41320
41358
41083
41107
41231
41117
41151
41262
41254
41127
41151
41164
41176
41233
41139
41172
41160
41196
41169
41252
41181
41193
41201
41510
41208
41342
41226
41238
41234
41308
41241
41354
41324
41241
41377
41265
41257
41253
41272
41281
41295
41306
41294
41295
41350
41310
41358
41539
41345
41335
41343
41367
41358
41511
41401
41421
41452
41391
41463
41436
41409
41404
41511
41415
41438
41440
41543
41570
41514
41574
41458
41459
41535
41528
41527
41517
41491
41565
41503
41510
41549
41536
41567
41557
41532
41542
41553
41567
41558
)


// ************************************************************************* //
