/*--------------------------------*- C++ -*----------------------------------*\
| =========                 |                                                 |
| \\      /  F ield         | OpenFOAM: The Open Source CFD Toolbox           |
|  \\    /   O peration     | Version:  2312                                  |
|   \\  /    A nd           | Website:  www.openfoam.com                      |
|    \\/     M anipulation  |                                                 |
\*---------------------------------------------------------------------------*/
FoamFile
{
    version     2.0;
    format      ascii;
    arch        "LSB;label=32;scalar=64";
    class       vectorField;
    location    "constant/polyMesh";
    object      points;
}
// * * * * * * * * * * * * * * * * * * * * * * * * * * * * * * * * * * * * * //


10037
(
(0 0 4.755)
(0.00015599307 -1.361330898e-06 4.755)
(0.0003119861401 -2.722661797e-06 4.755)
(0.0004679792101 -4.083992695e-06 4.755)
(0.0006239722801 -5.445323594e-06 4.755)
(0.0007799653501 -6.806654492e-06 4.755)
(0.0009359584202 -8.167985391e-06 4.755)
(0.00109195149 -9.529316289e-06 4.755)
(0.00124794456 -1.089064719e-05 4.755)
(0.00140393763 -1.225197809e-05 4.755)
(0.0015599307 -1.361330898e-05 4.755)
(0.00171592377 -1.497463988e-05 4.755)
(0.00187191684 -1.633597078e-05 4.755)
(0.00202790991 -1.769730168e-05 4.755)
(0.00218390298 -1.905863258e-05 4.755)
(0.00233989605 -2.041996348e-05 4.755)
(0.00249588912 -2.178129437e-05 4.755)
(0.002651882191 -2.314262527e-05 4.755)
(0.002807875261 -2.450395617e-05 4.755)
(0.002963868331 -2.586528707e-05 4.755)
(0.003119861401 -2.722661797e-05 4.755)
(0.003275854471 -2.858794887e-05 4.755)
(0.003431847541 -2.994927977e-05 4.755)
(0.003587840611 -3.131061066e-05 4.755)
(0.003743833681 -3.267194156e-05 4.755)
(0.003899826751 -3.403327246e-05 4.755)
(0.004055819821 -3.539460336e-05 4.755)
(0.004211812891 -3.675593426e-05 4.755)
(0.004367805961 -3.811726516e-05 4.755)
(0.004523799031 -3.947859605e-05 4.755)
(0.004679792101 -4.083992695e-05 4.755)
(0.00015599307 1.361330898e-06 4.755)
(0.0003119861401 2.722661797e-06 4.755)
(0.0004679792101 4.083992695e-06 4.755)
(0.0006239722801 5.445323594e-06 4.755)
(0.0007799653501 6.806654492e-06 4.755)
(0.0009359584202 8.167985391e-06 4.755)
(0.00109195149 9.529316289e-06 4.755)
(0.00124794456 1.089064719e-05 4.755)
(0.00140393763 1.225197809e-05 4.755)
(0.0015599307 1.361330898e-05 4.755)
(0.00171592377 1.497463988e-05 4.755)
(0.00187191684 1.633597078e-05 4.755)
(0.00202790991 1.769730168e-05 4.755)
(0.00218390298 1.905863258e-05 4.755)
(0.00233989605 2.041996348e-05 4.755)
(0.00249588912 2.178129437e-05 4.755)
(0.002651882191 2.314262527e-05 4.755)
(0.002807875261 2.450395617e-05 4.755)
(0.002963868331 2.586528707e-05 4.755)
(0.003119861401 2.722661797e-05 4.755)
(0.003275854471 2.858794887e-05 4.755)
(0.003431847541 2.994927977e-05 4.755)
(0.003587840611 3.131061066e-05 4.755)
(0.003743833681 3.267194156e-05 4.755)
(0.003899826751 3.403327246e-05 4.755)
(0.004055819821 3.539460336e-05 4.755)
(0.004211812891 3.675593426e-05 4.755)
(0.004367805961 3.811726516e-05 4.755)
(0.004523799031 3.947859605e-05 4.755)
(0.004679792101 4.083992695e-05 4.755)
(0 0 4.763333333)
(0.00015599307 -1.361330898e-06 4.763333333)
(0.0003119861401 -2.722661797e-06 4.763333333)
(0.0004679792101 -4.083992695e-06 4.763333333)
(0.0006239722801 -5.445323594e-06 4.763333333)
(0.0007799653501 -6.806654492e-06 4.763333333)
(0.0009359584202 -8.167985391e-06 4.763333333)
(0.00109195149 -9.529316289e-06 4.763333333)
(0.00124794456 -1.089064719e-05 4.763333333)
(0.00140393763 -1.225197809e-05 4.763333333)
(0.0015599307 -1.361330898e-05 4.763333333)
(0.00171592377 -1.497463988e-05 4.763333333)
(0.00187191684 -1.633597078e-05 4.763333333)
(0.00202790991 -1.769730168e-05 4.763333333)
(0.00218390298 -1.905863258e-05 4.763333333)
(0.00233989605 -2.041996348e-05 4.763333333)
(0.00249588912 -2.178129437e-05 4.763333333)
(0.002651882191 -2.314262527e-05 4.763333333)
(0.002807875261 -2.450395617e-05 4.763333333)
(0.002963868331 -2.586528707e-05 4.763333333)
(0.003119861401 -2.722661797e-05 4.763333333)
(0.003275854471 -2.858794887e-05 4.763333333)
(0.003431847541 -2.994927977e-05 4.763333333)
(0.003587840611 -3.131061066e-05 4.763333333)
(0.003743833681 -3.267194156e-05 4.763333333)
(0.003899826751 -3.403327246e-05 4.763333333)
(0.004055819821 -3.539460336e-05 4.763333333)
(0.004211812891 -3.675593426e-05 4.763333333)
(0.004367805961 -3.811726516e-05 4.763333333)
(0.004523799031 -3.947859605e-05 4.763333333)
(0.004679792101 -4.083992695e-05 4.763333333)
(0.00015599307 1.361330898e-06 4.763333333)
(0.0003119861401 2.722661797e-06 4.763333333)
(0.0004679792101 4.083992695e-06 4.763333333)
(0.0006239722801 5.445323594e-06 4.763333333)
(0.0007799653501 6.806654492e-06 4.763333333)
(0.0009359584202 8.167985391e-06 4.763333333)
(0.00109195149 9.529316289e-06 4.763333333)
(0.00124794456 1.089064719e-05 4.763333333)
(0.00140393763 1.225197809e-05 4.763333333)
(0.0015599307 1.361330898e-05 4.763333333)
(0.00171592377 1.497463988e-05 4.763333333)
(0.00187191684 1.633597078e-05 4.763333333)
(0.00202790991 1.769730168e-05 4.763333333)
(0.00218390298 1.905863258e-05 4.763333333)
(0.00233989605 2.041996348e-05 4.763333333)
(0.00249588912 2.178129437e-05 4.763333333)
(0.002651882191 2.314262527e-05 4.763333333)
(0.002807875261 2.450395617e-05 4.763333333)
(0.002963868331 2.586528707e-05 4.763333333)
(0.003119861401 2.722661797e-05 4.763333333)
(0.003275854471 2.858794887e-05 4.763333333)
(0.003431847541 2.994927977e-05 4.763333333)
(0.003587840611 3.131061066e-05 4.763333333)
(0.003743833681 3.267194156e-05 4.763333333)
(0.003899826751 3.403327246e-05 4.763333333)
(0.004055819821 3.539460336e-05 4.763333333)
(0.004211812891 3.675593426e-05 4.763333333)
(0.004367805961 3.811726516e-05 4.763333333)
(0.004523799031 3.947859605e-05 4.763333333)
(0.004679792101 4.083992695e-05 4.763333333)
(0 0 4.771666667)
(0.00015599307 -1.361330898e-06 4.771666667)
(0.0003119861401 -2.722661797e-06 4.771666667)
(0.0004679792101 -4.083992695e-06 4.771666667)
(0.0006239722801 -5.445323594e-06 4.771666667)
(0.0007799653501 -6.806654492e-06 4.771666667)
(0.0009359584202 -8.167985391e-06 4.771666667)
(0.00109195149 -9.529316289e-06 4.771666667)
(0.00124794456 -1.089064719e-05 4.771666667)
(0.00140393763 -1.225197809e-05 4.771666667)
(0.0015599307 -1.361330898e-05 4.771666667)
(0.00171592377 -1.497463988e-05 4.771666667)
(0.00187191684 -1.633597078e-05 4.771666667)
(0.00202790991 -1.769730168e-05 4.771666667)
(0.00218390298 -1.905863258e-05 4.771666667)
(0.00233989605 -2.041996348e-05 4.771666667)
(0.00249588912 -2.178129437e-05 4.771666667)
(0.002651882191 -2.314262527e-05 4.771666667)
(0.002807875261 -2.450395617e-05 4.771666667)
(0.002963868331 -2.586528707e-05 4.771666667)
(0.003119861401 -2.722661797e-05 4.771666667)
(0.003275854471 -2.858794887e-05 4.771666667)
(0.003431847541 -2.994927977e-05 4.771666667)
(0.003587840611 -3.131061066e-05 4.771666667)
(0.003743833681 -3.267194156e-05 4.771666667)
(0.003899826751 -3.403327246e-05 4.771666667)
(0.004055819821 -3.539460336e-05 4.771666667)
(0.004211812891 -3.675593426e-05 4.771666667)
(0.004367805961 -3.811726516e-05 4.771666667)
(0.004523799031 -3.947859605e-05 4.771666667)
(0.004679792101 -4.083992695e-05 4.771666667)
(0.00015599307 1.361330898e-06 4.771666667)
(0.0003119861401 2.722661797e-06 4.771666667)
(0.0004679792101 4.083992695e-06 4.771666667)
(0.0006239722801 5.445323594e-06 4.771666667)
(0.0007799653501 6.806654492e-06 4.771666667)
(0.0009359584202 8.167985391e-06 4.771666667)
(0.00109195149 9.529316289e-06 4.771666667)
(0.00124794456 1.089064719e-05 4.771666667)
(0.00140393763 1.225197809e-05 4.771666667)
(0.0015599307 1.361330898e-05 4.771666667)
(0.00171592377 1.497463988e-05 4.771666667)
(0.00187191684 1.633597078e-05 4.771666667)
(0.00202790991 1.769730168e-05 4.771666667)
(0.00218390298 1.905863258e-05 4.771666667)
(0.00233989605 2.041996348e-05 4.771666667)
(0.00249588912 2.178129437e-05 4.771666667)
(0.002651882191 2.314262527e-05 4.771666667)
(0.002807875261 2.450395617e-05 4.771666667)
(0.002963868331 2.586528707e-05 4.771666667)
(0.003119861401 2.722661797e-05 4.771666667)
(0.003275854471 2.858794887e-05 4.771666667)
(0.003431847541 2.994927977e-05 4.771666667)
(0.003587840611 3.131061066e-05 4.771666667)
(0.003743833681 3.267194156e-05 4.771666667)
(0.003899826751 3.403327246e-05 4.771666667)
(0.004055819821 3.539460336e-05 4.771666667)
(0.004211812891 3.675593426e-05 4.771666667)
(0.004367805961 3.811726516e-05 4.771666667)
(0.004523799031 3.947859605e-05 4.771666667)
(0.004679792101 4.083992695e-05 4.771666667)
(0 0 4.78)
(0.00015599307 -1.361330898e-06 4.78)
(0.0003119861401 -2.722661797e-06 4.78)
(0.0004679792101 -4.083992695e-06 4.78)
(0.0006239722801 -5.445323594e-06 4.78)
(0.0007799653501 -6.806654492e-06 4.78)
(0.0009359584202 -8.167985391e-06 4.78)
(0.00109195149 -9.529316289e-06 4.78)
(0.00124794456 -1.089064719e-05 4.78)
(0.00140393763 -1.225197809e-05 4.78)
(0.0015599307 -1.361330898e-05 4.78)
(0.00171592377 -1.497463988e-05 4.78)
(0.00187191684 -1.633597078e-05 4.78)
(0.00202790991 -1.769730168e-05 4.78)
(0.00218390298 -1.905863258e-05 4.78)
(0.00233989605 -2.041996348e-05 4.78)
(0.00249588912 -2.178129437e-05 4.78)
(0.002651882191 -2.314262527e-05 4.78)
(0.002807875261 -2.450395617e-05 4.78)
(0.002963868331 -2.586528707e-05 4.78)
(0.003119861401 -2.722661797e-05 4.78)
(0.003275854471 -2.858794887e-05 4.78)
(0.003431847541 -2.994927977e-05 4.78)
(0.003587840611 -3.131061066e-05 4.78)
(0.003743833681 -3.267194156e-05 4.78)
(0.003899826751 -3.403327246e-05 4.78)
(0.004055819821 -3.539460336e-05 4.78)
(0.004211812891 -3.675593426e-05 4.78)
(0.004367805961 -3.811726516e-05 4.78)
(0.004523799031 -3.947859605e-05 4.78)
(0.004679792101 -4.083992695e-05 4.78)
(0.00015599307 1.361330898e-06 4.78)
(0.0003119861401 2.722661797e-06 4.78)
(0.0004679792101 4.083992695e-06 4.78)
(0.0006239722801 5.445323594e-06 4.78)
(0.0007799653501 6.806654492e-06 4.78)
(0.0009359584202 8.167985391e-06 4.78)
(0.00109195149 9.529316289e-06 4.78)
(0.00124794456 1.089064719e-05 4.78)
(0.00140393763 1.225197809e-05 4.78)
(0.0015599307 1.361330898e-05 4.78)
(0.00171592377 1.497463988e-05 4.78)
(0.00187191684 1.633597078e-05 4.78)
(0.00202790991 1.769730168e-05 4.78)
(0.00218390298 1.905863258e-05 4.78)
(0.00233989605 2.041996348e-05 4.78)
(0.00249588912 2.178129437e-05 4.78)
(0.002651882191 2.314262527e-05 4.78)
(0.002807875261 2.450395617e-05 4.78)
(0.002963868331 2.586528707e-05 4.78)
(0.003119861401 2.722661797e-05 4.78)
(0.003275854471 2.858794887e-05 4.78)
(0.003431847541 2.994927977e-05 4.78)
(0.003587840611 3.131061066e-05 4.78)
(0.003743833681 3.267194156e-05 4.78)
(0.003899826751 3.403327246e-05 4.78)
(0.004055819821 3.539460336e-05 4.78)
(0.004211812891 3.675593426e-05 4.78)
(0.004367805961 3.811726516e-05 4.78)
(0.004523799031 3.947859605e-05 4.78)
(0.004679792101 4.083992695e-05 4.78)
(0 0 4.788333333)
(0.00015599307 -1.361330898e-06 4.788333333)
(0.0003119861401 -2.722661797e-06 4.788333333)
(0.0004679792101 -4.083992695e-06 4.788333333)
(0.0006239722801 -5.445323594e-06 4.788333333)
(0.0007799653501 -6.806654492e-06 4.788333333)
(0.0009359584202 -8.167985391e-06 4.788333333)
(0.00109195149 -9.529316289e-06 4.788333333)
(0.00124794456 -1.089064719e-05 4.788333333)
(0.00140393763 -1.225197809e-05 4.788333333)
(0.0015599307 -1.361330898e-05 4.788333333)
(0.00171592377 -1.497463988e-05 4.788333333)
(0.00187191684 -1.633597078e-05 4.788333333)
(0.00202790991 -1.769730168e-05 4.788333333)
(0.00218390298 -1.905863258e-05 4.788333333)
(0.00233989605 -2.041996348e-05 4.788333333)
(0.00249588912 -2.178129437e-05 4.788333333)
(0.002651882191 -2.314262527e-05 4.788333333)
(0.002807875261 -2.450395617e-05 4.788333333)
(0.002963868331 -2.586528707e-05 4.788333333)
(0.003119861401 -2.722661797e-05 4.788333333)
(0.003275854471 -2.858794887e-05 4.788333333)
(0.003431847541 -2.994927977e-05 4.788333333)
(0.003587840611 -3.131061066e-05 4.788333333)
(0.003743833681 -3.267194156e-05 4.788333333)
(0.003899826751 -3.403327246e-05 4.788333333)
(0.004055819821 -3.539460336e-05 4.788333333)
(0.004211812891 -3.675593426e-05 4.788333333)
(0.004367805961 -3.811726516e-05 4.788333333)
(0.004523799031 -3.947859605e-05 4.788333333)
(0.004679792101 -4.083992695e-05 4.788333333)
(0.00015599307 1.361330898e-06 4.788333333)
(0.0003119861401 2.722661797e-06 4.788333333)
(0.0004679792101 4.083992695e-06 4.788333333)
(0.0006239722801 5.445323594e-06 4.788333333)
(0.0007799653501 6.806654492e-06 4.788333333)
(0.0009359584202 8.167985391e-06 4.788333333)
(0.00109195149 9.529316289e-06 4.788333333)
(0.00124794456 1.089064719e-05 4.788333333)
(0.00140393763 1.225197809e-05 4.788333333)
(0.0015599307 1.361330898e-05 4.788333333)
(0.00171592377 1.497463988e-05 4.788333333)
(0.00187191684 1.633597078e-05 4.788333333)
(0.00202790991 1.769730168e-05 4.788333333)
(0.00218390298 1.905863258e-05 4.788333333)
(0.00233989605 2.041996348e-05 4.788333333)
(0.00249588912 2.178129437e-05 4.788333333)
(0.002651882191 2.314262527e-05 4.788333333)
(0.002807875261 2.450395617e-05 4.788333333)
(0.002963868331 2.586528707e-05 4.788333333)
(0.003119861401 2.722661797e-05 4.788333333)
(0.003275854471 2.858794887e-05 4.788333333)
(0.003431847541 2.994927977e-05 4.788333333)
(0.003587840611 3.131061066e-05 4.788333333)
(0.003743833681 3.267194156e-05 4.788333333)
(0.003899826751 3.403327246e-05 4.788333333)
(0.004055819821 3.539460336e-05 4.788333333)
(0.004211812891 3.675593426e-05 4.788333333)
(0.004367805961 3.811726516e-05 4.788333333)
(0.004523799031 3.947859605e-05 4.788333333)
(0.004679792101 4.083992695e-05 4.788333333)
(0 0 4.796666667)
(0.00015599307 -1.361330898e-06 4.796666667)
(0.0003119861401 -2.722661797e-06 4.796666667)
(0.0004679792101 -4.083992695e-06 4.796666667)
(0.0006239722801 -5.445323594e-06 4.796666667)
(0.0007799653501 -6.806654492e-06 4.796666667)
(0.0009359584202 -8.167985391e-06 4.796666667)
(0.00109195149 -9.529316289e-06 4.796666667)
(0.00124794456 -1.089064719e-05 4.796666667)
(0.00140393763 -1.225197809e-05 4.796666667)
(0.0015599307 -1.361330898e-05 4.796666667)
(0.00171592377 -1.497463988e-05 4.796666667)
(0.00187191684 -1.633597078e-05 4.796666667)
(0.00202790991 -1.769730168e-05 4.796666667)
(0.00218390298 -1.905863258e-05 4.796666667)
(0.00233989605 -2.041996348e-05 4.796666667)
(0.00249588912 -2.178129437e-05 4.796666667)
(0.002651882191 -2.314262527e-05 4.796666667)
(0.002807875261 -2.450395617e-05 4.796666667)
(0.002963868331 -2.586528707e-05 4.796666667)
(0.003119861401 -2.722661797e-05 4.796666667)
(0.003275854471 -2.858794887e-05 4.796666667)
(0.003431847541 -2.994927977e-05 4.796666667)
(0.003587840611 -3.131061066e-05 4.796666667)
(0.003743833681 -3.267194156e-05 4.796666667)
(0.003899826751 -3.403327246e-05 4.796666667)
(0.004055819821 -3.539460336e-05 4.796666667)
(0.004211812891 -3.675593426e-05 4.796666667)
(0.004367805961 -3.811726516e-05 4.796666667)
(0.004523799031 -3.947859605e-05 4.796666667)
(0.004679792101 -4.083992695e-05 4.796666667)
(0.00015599307 1.361330898e-06 4.796666667)
(0.0003119861401 2.722661797e-06 4.796666667)
(0.0004679792101 4.083992695e-06 4.796666667)
(0.0006239722801 5.445323594e-06 4.796666667)
(0.0007799653501 6.806654492e-06 4.796666667)
(0.0009359584202 8.167985391e-06 4.796666667)
(0.00109195149 9.529316289e-06 4.796666667)
(0.00124794456 1.089064719e-05 4.796666667)
(0.00140393763 1.225197809e-05 4.796666667)
(0.0015599307 1.361330898e-05 4.796666667)
(0.00171592377 1.497463988e-05 4.796666667)
(0.00187191684 1.633597078e-05 4.796666667)
(0.00202790991 1.769730168e-05 4.796666667)
(0.00218390298 1.905863258e-05 4.796666667)
(0.00233989605 2.041996348e-05 4.796666667)
(0.00249588912 2.178129437e-05 4.796666667)
(0.002651882191 2.314262527e-05 4.796666667)
(0.002807875261 2.450395617e-05 4.796666667)
(0.002963868331 2.586528707e-05 4.796666667)
(0.003119861401 2.722661797e-05 4.796666667)
(0.003275854471 2.858794887e-05 4.796666667)
(0.003431847541 2.994927977e-05 4.796666667)
(0.003587840611 3.131061066e-05 4.796666667)
(0.003743833681 3.267194156e-05 4.796666667)
(0.003899826751 3.403327246e-05 4.796666667)
(0.004055819821 3.539460336e-05 4.796666667)
(0.004211812891 3.675593426e-05 4.796666667)
(0.004367805961 3.811726516e-05 4.796666667)
(0.004523799031 3.947859605e-05 4.796666667)
(0.004679792101 4.083992695e-05 4.796666667)
(0 0 4.805)
(0.00015599307 -1.361330898e-06 4.805)
(0.0003119861401 -2.722661797e-06 4.805)
(0.0004679792101 -4.083992695e-06 4.805)
(0.0006239722801 -5.445323594e-06 4.805)
(0.0007799653501 -6.806654492e-06 4.805)
(0.0009359584202 -8.167985391e-06 4.805)
(0.00109195149 -9.529316289e-06 4.805)
(0.00124794456 -1.089064719e-05 4.805)
(0.00140393763 -1.225197809e-05 4.805)
(0.0015599307 -1.361330898e-05 4.805)
(0.00171592377 -1.497463988e-05 4.805)
(0.00187191684 -1.633597078e-05 4.805)
(0.00202790991 -1.769730168e-05 4.805)
(0.00218390298 -1.905863258e-05 4.805)
(0.00233989605 -2.041996348e-05 4.805)
(0.00249588912 -2.178129437e-05 4.805)
(0.002651882191 -2.314262527e-05 4.805)
(0.002807875261 -2.450395617e-05 4.805)
(0.002963868331 -2.586528707e-05 4.805)
(0.003119861401 -2.722661797e-05 4.805)
(0.003275854471 -2.858794887e-05 4.805)
(0.003431847541 -2.994927977e-05 4.805)
(0.003587840611 -3.131061066e-05 4.805)
(0.003743833681 -3.267194156e-05 4.805)
(0.003899826751 -3.403327246e-05 4.805)
(0.004055819821 -3.539460336e-05 4.805)
(0.004211812891 -3.675593426e-05 4.805)
(0.004367805961 -3.811726516e-05 4.805)
(0.004523799031 -3.947859605e-05 4.805)
(0.004679792101 -4.083992695e-05 4.805)
(0.00015599307 1.361330898e-06 4.805)
(0.0003119861401 2.722661797e-06 4.805)
(0.0004679792101 4.083992695e-06 4.805)
(0.0006239722801 5.445323594e-06 4.805)
(0.0007799653501 6.806654492e-06 4.805)
(0.0009359584202 8.167985391e-06 4.805)
(0.00109195149 9.529316289e-06 4.805)
(0.00124794456 1.089064719e-05 4.805)
(0.00140393763 1.225197809e-05 4.805)
(0.0015599307 1.361330898e-05 4.805)
(0.00171592377 1.497463988e-05 4.805)
(0.00187191684 1.633597078e-05 4.805)
(0.00202790991 1.769730168e-05 4.805)
(0.00218390298 1.905863258e-05 4.805)
(0.00233989605 2.041996348e-05 4.805)
(0.00249588912 2.178129437e-05 4.805)
(0.002651882191 2.314262527e-05 4.805)
(0.002807875261 2.450395617e-05 4.805)
(0.002963868331 2.586528707e-05 4.805)
(0.003119861401 2.722661797e-05 4.805)
(0.003275854471 2.858794887e-05 4.805)
(0.003431847541 2.994927977e-05 4.805)
(0.003587840611 3.131061066e-05 4.805)
(0.003743833681 3.267194156e-05 4.805)
(0.003899826751 3.403327246e-05 4.805)
(0.004055819821 3.539460336e-05 4.805)
(0.004211812891 3.675593426e-05 4.805)
(0.004367805961 3.811726516e-05 4.805)
(0.004523799031 3.947859605e-05 4.805)
(0.004679792101 4.083992695e-05 4.805)
(0 0 4.813333333)
(0.00015599307 -1.361330898e-06 4.813333333)
(0.0003119861401 -2.722661797e-06 4.813333333)
(0.0004679792101 -4.083992695e-06 4.813333333)
(0.0006239722801 -5.445323594e-06 4.813333333)
(0.0007799653501 -6.806654492e-06 4.813333333)
(0.0009359584202 -8.167985391e-06 4.813333333)
(0.00109195149 -9.529316289e-06 4.813333333)
(0.00124794456 -1.089064719e-05 4.813333333)
(0.00140393763 -1.225197809e-05 4.813333333)
(0.0015599307 -1.361330898e-05 4.813333333)
(0.00171592377 -1.497463988e-05 4.813333333)
(0.00187191684 -1.633597078e-05 4.813333333)
(0.00202790991 -1.769730168e-05 4.813333333)
(0.00218390298 -1.905863258e-05 4.813333333)
(0.00233989605 -2.041996348e-05 4.813333333)
(0.00249588912 -2.178129437e-05 4.813333333)
(0.002651882191 -2.314262527e-05 4.813333333)
(0.002807875261 -2.450395617e-05 4.813333333)
(0.002963868331 -2.586528707e-05 4.813333333)
(0.003119861401 -2.722661797e-05 4.813333333)
(0.003275854471 -2.858794887e-05 4.813333333)
(0.003431847541 -2.994927977e-05 4.813333333)
(0.003587840611 -3.131061066e-05 4.813333333)
(0.003743833681 -3.267194156e-05 4.813333333)
(0.003899826751 -3.403327246e-05 4.813333333)
(0.004055819821 -3.539460336e-05 4.813333333)
(0.004211812891 -3.675593426e-05 4.813333333)
(0.004367805961 -3.811726516e-05 4.813333333)
(0.004523799031 -3.947859605e-05 4.813333333)
(0.004679792101 -4.083992695e-05 4.813333333)
(0.00015599307 1.361330898e-06 4.813333333)
(0.0003119861401 2.722661797e-06 4.813333333)
(0.0004679792101 4.083992695e-06 4.813333333)
(0.0006239722801 5.445323594e-06 4.813333333)
(0.0007799653501 6.806654492e-06 4.813333333)
(0.0009359584202 8.167985391e-06 4.813333333)
(0.00109195149 9.529316289e-06 4.813333333)
(0.00124794456 1.089064719e-05 4.813333333)
(0.00140393763 1.225197809e-05 4.813333333)
(0.0015599307 1.361330898e-05 4.813333333)
(0.00171592377 1.497463988e-05 4.813333333)
(0.00187191684 1.633597078e-05 4.813333333)
(0.00202790991 1.769730168e-05 4.813333333)
(0.00218390298 1.905863258e-05 4.813333333)
(0.00233989605 2.041996348e-05 4.813333333)
(0.00249588912 2.178129437e-05 4.813333333)
(0.002651882191 2.314262527e-05 4.813333333)
(0.002807875261 2.450395617e-05 4.813333333)
(0.002963868331 2.586528707e-05 4.813333333)
(0.003119861401 2.722661797e-05 4.813333333)
(0.003275854471 2.858794887e-05 4.813333333)
(0.003431847541 2.994927977e-05 4.813333333)
(0.003587840611 3.131061066e-05 4.813333333)
(0.003743833681 3.267194156e-05 4.813333333)
(0.003899826751 3.403327246e-05 4.813333333)
(0.004055819821 3.539460336e-05 4.813333333)
(0.004211812891 3.675593426e-05 4.813333333)
(0.004367805961 3.811726516e-05 4.813333333)
(0.004523799031 3.947859605e-05 4.813333333)
(0.004679792101 4.083992695e-05 4.813333333)
(0 0 4.821666667)
(0.00015599307 -1.361330898e-06 4.821666667)
(0.0003119861401 -2.722661797e-06 4.821666667)
(0.0004679792101 -4.083992695e-06 4.821666667)
(0.0006239722801 -5.445323594e-06 4.821666667)
(0.0007799653501 -6.806654492e-06 4.821666667)
(0.0009359584202 -8.167985391e-06 4.821666667)
(0.00109195149 -9.529316289e-06 4.821666667)
(0.00124794456 -1.089064719e-05 4.821666667)
(0.00140393763 -1.225197809e-05 4.821666667)
(0.0015599307 -1.361330898e-05 4.821666667)
(0.00171592377 -1.497463988e-05 4.821666667)
(0.00187191684 -1.633597078e-05 4.821666667)
(0.00202790991 -1.769730168e-05 4.821666667)
(0.00218390298 -1.905863258e-05 4.821666667)
(0.00233989605 -2.041996348e-05 4.821666667)
(0.00249588912 -2.178129437e-05 4.821666667)
(0.002651882191 -2.314262527e-05 4.821666667)
(0.002807875261 -2.450395617e-05 4.821666667)
(0.002963868331 -2.586528707e-05 4.821666667)
(0.003119861401 -2.722661797e-05 4.821666667)
(0.003275854471 -2.858794887e-05 4.821666667)
(0.003431847541 -2.994927977e-05 4.821666667)
(0.003587840611 -3.131061066e-05 4.821666667)
(0.003743833681 -3.267194156e-05 4.821666667)
(0.003899826751 -3.403327246e-05 4.821666667)
(0.004055819821 -3.539460336e-05 4.821666667)
(0.004211812891 -3.675593426e-05 4.821666667)
(0.004367805961 -3.811726516e-05 4.821666667)
(0.004523799031 -3.947859605e-05 4.821666667)
(0.004679792101 -4.083992695e-05 4.821666667)
(0.00015599307 1.361330898e-06 4.821666667)
(0.0003119861401 2.722661797e-06 4.821666667)
(0.0004679792101 4.083992695e-06 4.821666667)
(0.0006239722801 5.445323594e-06 4.821666667)
(0.0007799653501 6.806654492e-06 4.821666667)
(0.0009359584202 8.167985391e-06 4.821666667)
(0.00109195149 9.529316289e-06 4.821666667)
(0.00124794456 1.089064719e-05 4.821666667)
(0.00140393763 1.225197809e-05 4.821666667)
(0.0015599307 1.361330898e-05 4.821666667)
(0.00171592377 1.497463988e-05 4.821666667)
(0.00187191684 1.633597078e-05 4.821666667)
(0.00202790991 1.769730168e-05 4.821666667)
(0.00218390298 1.905863258e-05 4.821666667)
(0.00233989605 2.041996348e-05 4.821666667)
(0.00249588912 2.178129437e-05 4.821666667)
(0.002651882191 2.314262527e-05 4.821666667)
(0.002807875261 2.450395617e-05 4.821666667)
(0.002963868331 2.586528707e-05 4.821666667)
(0.003119861401 2.722661797e-05 4.821666667)
(0.003275854471 2.858794887e-05 4.821666667)
(0.003431847541 2.994927977e-05 4.821666667)
(0.003587840611 3.131061066e-05 4.821666667)
(0.003743833681 3.267194156e-05 4.821666667)
(0.003899826751 3.403327246e-05 4.821666667)
(0.004055819821 3.539460336e-05 4.821666667)
(0.004211812891 3.675593426e-05 4.821666667)
(0.004367805961 3.811726516e-05 4.821666667)
(0.004523799031 3.947859605e-05 4.821666667)
(0.004679792101 4.083992695e-05 4.821666667)
(0 0 4.83)
(0.00015599307 -1.361330898e-06 4.83)
(0.0003119861401 -2.722661797e-06 4.83)
(0.0004679792101 -4.083992695e-06 4.83)
(0.0006239722801 -5.445323594e-06 4.83)
(0.0007799653501 -6.806654492e-06 4.83)
(0.0009359584202 -8.167985391e-06 4.83)
(0.00109195149 -9.529316289e-06 4.83)
(0.00124794456 -1.089064719e-05 4.83)
(0.00140393763 -1.225197809e-05 4.83)
(0.0015599307 -1.361330898e-05 4.83)
(0.00171592377 -1.497463988e-05 4.83)
(0.00187191684 -1.633597078e-05 4.83)
(0.00202790991 -1.769730168e-05 4.83)
(0.00218390298 -1.905863258e-05 4.83)
(0.00233989605 -2.041996348e-05 4.83)
(0.00249588912 -2.178129437e-05 4.83)
(0.002651882191 -2.314262527e-05 4.83)
(0.002807875261 -2.450395617e-05 4.83)
(0.002963868331 -2.586528707e-05 4.83)
(0.003119861401 -2.722661797e-05 4.83)
(0.003275854471 -2.858794887e-05 4.83)
(0.003431847541 -2.994927977e-05 4.83)
(0.003587840611 -3.131061066e-05 4.83)
(0.003743833681 -3.267194156e-05 4.83)
(0.003899826751 -3.403327246e-05 4.83)
(0.004055819821 -3.539460336e-05 4.83)
(0.004211812891 -3.675593426e-05 4.83)
(0.004367805961 -3.811726516e-05 4.83)
(0.004523799031 -3.947859605e-05 4.83)
(0.004679792101 -4.083992695e-05 4.83)
(0.00015599307 1.361330898e-06 4.83)
(0.0003119861401 2.722661797e-06 4.83)
(0.0004679792101 4.083992695e-06 4.83)
(0.0006239722801 5.445323594e-06 4.83)
(0.0007799653501 6.806654492e-06 4.83)
(0.0009359584202 8.167985391e-06 4.83)
(0.00109195149 9.529316289e-06 4.83)
(0.00124794456 1.089064719e-05 4.83)
(0.00140393763 1.225197809e-05 4.83)
(0.0015599307 1.361330898e-05 4.83)
(0.00171592377 1.497463988e-05 4.83)
(0.00187191684 1.633597078e-05 4.83)
(0.00202790991 1.769730168e-05 4.83)
(0.00218390298 1.905863258e-05 4.83)
(0.00233989605 2.041996348e-05 4.83)
(0.00249588912 2.178129437e-05 4.83)
(0.002651882191 2.314262527e-05 4.83)
(0.002807875261 2.450395617e-05 4.83)
(0.002963868331 2.586528707e-05 4.83)
(0.003119861401 2.722661797e-05 4.83)
(0.003275854471 2.858794887e-05 4.83)
(0.003431847541 2.994927977e-05 4.83)
(0.003587840611 3.131061066e-05 4.83)
(0.003743833681 3.267194156e-05 4.83)
(0.003899826751 3.403327246e-05 4.83)
(0.004055819821 3.539460336e-05 4.83)
(0.004211812891 3.675593426e-05 4.83)
(0.004367805961 3.811726516e-05 4.83)
(0.004523799031 3.947859605e-05 4.83)
(0.004679792101 4.083992695e-05 4.83)
(0 0 4.838333333)
(0.00015599307 -1.361330898e-06 4.838333333)
(0.0003119861401 -2.722661797e-06 4.838333333)
(0.0004679792101 -4.083992695e-06 4.838333333)
(0.0006239722801 -5.445323594e-06 4.838333333)
(0.0007799653501 -6.806654492e-06 4.838333333)
(0.0009359584202 -8.167985391e-06 4.838333333)
(0.00109195149 -9.529316289e-06 4.838333333)
(0.00124794456 -1.089064719e-05 4.838333333)
(0.00140393763 -1.225197809e-05 4.838333333)
(0.0015599307 -1.361330898e-05 4.838333333)
(0.00171592377 -1.497463988e-05 4.838333333)
(0.00187191684 -1.633597078e-05 4.838333333)
(0.00202790991 -1.769730168e-05 4.838333333)
(0.00218390298 -1.905863258e-05 4.838333333)
(0.00233989605 -2.041996348e-05 4.838333333)
(0.00249588912 -2.178129437e-05 4.838333333)
(0.002651882191 -2.314262527e-05 4.838333333)
(0.002807875261 -2.450395617e-05 4.838333333)
(0.002963868331 -2.586528707e-05 4.838333333)
(0.003119861401 -2.722661797e-05 4.838333333)
(0.003275854471 -2.858794887e-05 4.838333333)
(0.003431847541 -2.994927977e-05 4.838333333)
(0.003587840611 -3.131061066e-05 4.838333333)
(0.003743833681 -3.267194156e-05 4.838333333)
(0.003899826751 -3.403327246e-05 4.838333333)
(0.004055819821 -3.539460336e-05 4.838333333)
(0.004211812891 -3.675593426e-05 4.838333333)
(0.004367805961 -3.811726516e-05 4.838333333)
(0.004523799031 -3.947859605e-05 4.838333333)
(0.004679792101 -4.083992695e-05 4.838333333)
(0.00015599307 1.361330898e-06 4.838333333)
(0.0003119861401 2.722661797e-06 4.838333333)
(0.0004679792101 4.083992695e-06 4.838333333)
(0.0006239722801 5.445323594e-06 4.838333333)
(0.0007799653501 6.806654492e-06 4.838333333)
(0.0009359584202 8.167985391e-06 4.838333333)
(0.00109195149 9.529316289e-06 4.838333333)
(0.00124794456 1.089064719e-05 4.838333333)
(0.00140393763 1.225197809e-05 4.838333333)
(0.0015599307 1.361330898e-05 4.838333333)
(0.00171592377 1.497463988e-05 4.838333333)
(0.00187191684 1.633597078e-05 4.838333333)
(0.00202790991 1.769730168e-05 4.838333333)
(0.00218390298 1.905863258e-05 4.838333333)
(0.00233989605 2.041996348e-05 4.838333333)
(0.00249588912 2.178129437e-05 4.838333333)
(0.002651882191 2.314262527e-05 4.838333333)
(0.002807875261 2.450395617e-05 4.838333333)
(0.002963868331 2.586528707e-05 4.838333333)
(0.003119861401 2.722661797e-05 4.838333333)
(0.003275854471 2.858794887e-05 4.838333333)
(0.003431847541 2.994927977e-05 4.838333333)
(0.003587840611 3.131061066e-05 4.838333333)
(0.003743833681 3.267194156e-05 4.838333333)
(0.003899826751 3.403327246e-05 4.838333333)
(0.004055819821 3.539460336e-05 4.838333333)
(0.004211812891 3.675593426e-05 4.838333333)
(0.004367805961 3.811726516e-05 4.838333333)
(0.004523799031 3.947859605e-05 4.838333333)
(0.004679792101 4.083992695e-05 4.838333333)
(0 0 4.846666667)
(0.00015599307 -1.361330898e-06 4.846666667)
(0.0003119861401 -2.722661797e-06 4.846666667)
(0.0004679792101 -4.083992695e-06 4.846666667)
(0.0006239722801 -5.445323594e-06 4.846666667)
(0.0007799653501 -6.806654492e-06 4.846666667)
(0.0009359584202 -8.167985391e-06 4.846666667)
(0.00109195149 -9.529316289e-06 4.846666667)
(0.00124794456 -1.089064719e-05 4.846666667)
(0.00140393763 -1.225197809e-05 4.846666667)
(0.0015599307 -1.361330898e-05 4.846666667)
(0.00171592377 -1.497463988e-05 4.846666667)
(0.00187191684 -1.633597078e-05 4.846666667)
(0.00202790991 -1.769730168e-05 4.846666667)
(0.00218390298 -1.905863258e-05 4.846666667)
(0.00233989605 -2.041996348e-05 4.846666667)
(0.00249588912 -2.178129437e-05 4.846666667)
(0.002651882191 -2.314262527e-05 4.846666667)
(0.002807875261 -2.450395617e-05 4.846666667)
(0.002963868331 -2.586528707e-05 4.846666667)
(0.003119861401 -2.722661797e-05 4.846666667)
(0.003275854471 -2.858794887e-05 4.846666667)
(0.003431847541 -2.994927977e-05 4.846666667)
(0.003587840611 -3.131061066e-05 4.846666667)
(0.003743833681 -3.267194156e-05 4.846666667)
(0.003899826751 -3.403327246e-05 4.846666667)
(0.004055819821 -3.539460336e-05 4.846666667)
(0.004211812891 -3.675593426e-05 4.846666667)
(0.004367805961 -3.811726516e-05 4.846666667)
(0.004523799031 -3.947859605e-05 4.846666667)
(0.004679792101 -4.083992695e-05 4.846666667)
(0.00015599307 1.361330898e-06 4.846666667)
(0.0003119861401 2.722661797e-06 4.846666667)
(0.0004679792101 4.083992695e-06 4.846666667)
(0.0006239722801 5.445323594e-06 4.846666667)
(0.0007799653501 6.806654492e-06 4.846666667)
(0.0009359584202 8.167985391e-06 4.846666667)
(0.00109195149 9.529316289e-06 4.846666667)
(0.00124794456 1.089064719e-05 4.846666667)
(0.00140393763 1.225197809e-05 4.846666667)
(0.0015599307 1.361330898e-05 4.846666667)
(0.00171592377 1.497463988e-05 4.846666667)
(0.00187191684 1.633597078e-05 4.846666667)
(0.00202790991 1.769730168e-05 4.846666667)
(0.00218390298 1.905863258e-05 4.846666667)
(0.00233989605 2.041996348e-05 4.846666667)
(0.00249588912 2.178129437e-05 4.846666667)
(0.002651882191 2.314262527e-05 4.846666667)
(0.002807875261 2.450395617e-05 4.846666667)
(0.002963868331 2.586528707e-05 4.846666667)
(0.003119861401 2.722661797e-05 4.846666667)
(0.003275854471 2.858794887e-05 4.846666667)
(0.003431847541 2.994927977e-05 4.846666667)
(0.003587840611 3.131061066e-05 4.846666667)
(0.003743833681 3.267194156e-05 4.846666667)
(0.003899826751 3.403327246e-05 4.846666667)
(0.004055819821 3.539460336e-05 4.846666667)
(0.004211812891 3.675593426e-05 4.846666667)
(0.004367805961 3.811726516e-05 4.846666667)
(0.004523799031 3.947859605e-05 4.846666667)
(0.004679792101 4.083992695e-05 4.846666667)
(0 0 4.855)
(0.00015599307 -1.361330898e-06 4.855)
(0.0003119861401 -2.722661797e-06 4.855)
(0.0004679792101 -4.083992695e-06 4.855)
(0.0006239722801 -5.445323594e-06 4.855)
(0.0007799653501 -6.806654492e-06 4.855)
(0.0009359584202 -8.167985391e-06 4.855)
(0.00109195149 -9.529316289e-06 4.855)
(0.00124794456 -1.089064719e-05 4.855)
(0.00140393763 -1.225197809e-05 4.855)
(0.0015599307 -1.361330898e-05 4.855)
(0.00171592377 -1.497463988e-05 4.855)
(0.00187191684 -1.633597078e-05 4.855)
(0.00202790991 -1.769730168e-05 4.855)
(0.00218390298 -1.905863258e-05 4.855)
(0.00233989605 -2.041996348e-05 4.855)
(0.00249588912 -2.178129437e-05 4.855)
(0.002651882191 -2.314262527e-05 4.855)
(0.002807875261 -2.450395617e-05 4.855)
(0.002963868331 -2.586528707e-05 4.855)
(0.003119861401 -2.722661797e-05 4.855)
(0.003275854471 -2.858794887e-05 4.855)
(0.003431847541 -2.994927977e-05 4.855)
(0.003587840611 -3.131061066e-05 4.855)
(0.003743833681 -3.267194156e-05 4.855)
(0.003899826751 -3.403327246e-05 4.855)
(0.004055819821 -3.539460336e-05 4.855)
(0.004211812891 -3.675593426e-05 4.855)
(0.004367805961 -3.811726516e-05 4.855)
(0.004523799031 -3.947859605e-05 4.855)
(0.004679792101 -4.083992695e-05 4.855)
(0.00015599307 1.361330898e-06 4.855)
(0.0003119861401 2.722661797e-06 4.855)
(0.0004679792101 4.083992695e-06 4.855)
(0.0006239722801 5.445323594e-06 4.855)
(0.0007799653501 6.806654492e-06 4.855)
(0.0009359584202 8.167985391e-06 4.855)
(0.00109195149 9.529316289e-06 4.855)
(0.00124794456 1.089064719e-05 4.855)
(0.00140393763 1.225197809e-05 4.855)
(0.0015599307 1.361330898e-05 4.855)
(0.00171592377 1.497463988e-05 4.855)
(0.00187191684 1.633597078e-05 4.855)
(0.00202790991 1.769730168e-05 4.855)
(0.00218390298 1.905863258e-05 4.855)
(0.00233989605 2.041996348e-05 4.855)
(0.00249588912 2.178129437e-05 4.855)
(0.002651882191 2.314262527e-05 4.855)
(0.002807875261 2.450395617e-05 4.855)
(0.002963868331 2.586528707e-05 4.855)
(0.003119861401 2.722661797e-05 4.855)
(0.003275854471 2.858794887e-05 4.855)
(0.003431847541 2.994927977e-05 4.855)
(0.003587840611 3.131061066e-05 4.855)
(0.003743833681 3.267194156e-05 4.855)
(0.003899826751 3.403327246e-05 4.855)
(0.004055819821 3.539460336e-05 4.855)
(0.004211812891 3.675593426e-05 4.855)
(0.004367805961 3.811726516e-05 4.855)
(0.004523799031 3.947859605e-05 4.855)
(0.004679792101 4.083992695e-05 4.855)
(0 0 4.863333333)
(0.00015599307 -1.361330898e-06 4.863333333)
(0.0003119861401 -2.722661797e-06 4.863333333)
(0.0004679792101 -4.083992695e-06 4.863333333)
(0.0006239722801 -5.445323594e-06 4.863333333)
(0.0007799653501 -6.806654492e-06 4.863333333)
(0.0009359584202 -8.167985391e-06 4.863333333)
(0.00109195149 -9.529316289e-06 4.863333333)
(0.00124794456 -1.089064719e-05 4.863333333)
(0.00140393763 -1.225197809e-05 4.863333333)
(0.0015599307 -1.361330898e-05 4.863333333)
(0.00171592377 -1.497463988e-05 4.863333333)
(0.00187191684 -1.633597078e-05 4.863333333)
(0.00202790991 -1.769730168e-05 4.863333333)
(0.00218390298 -1.905863258e-05 4.863333333)
(0.00233989605 -2.041996348e-05 4.863333333)
(0.00249588912 -2.178129437e-05 4.863333333)
(0.002651882191 -2.314262527e-05 4.863333333)
(0.002807875261 -2.450395617e-05 4.863333333)
(0.002963868331 -2.586528707e-05 4.863333333)
(0.003119861401 -2.722661797e-05 4.863333333)
(0.003275854471 -2.858794887e-05 4.863333333)
(0.003431847541 -2.994927977e-05 4.863333333)
(0.003587840611 -3.131061066e-05 4.863333333)
(0.003743833681 -3.267194156e-05 4.863333333)
(0.003899826751 -3.403327246e-05 4.863333333)
(0.004055819821 -3.539460336e-05 4.863333333)
(0.004211812891 -3.675593426e-05 4.863333333)
(0.004367805961 -3.811726516e-05 4.863333333)
(0.004523799031 -3.947859605e-05 4.863333333)
(0.004679792101 -4.083992695e-05 4.863333333)
(0.00015599307 1.361330898e-06 4.863333333)
(0.0003119861401 2.722661797e-06 4.863333333)
(0.0004679792101 4.083992695e-06 4.863333333)
(0.0006239722801 5.445323594e-06 4.863333333)
(0.0007799653501 6.806654492e-06 4.863333333)
(0.0009359584202 8.167985391e-06 4.863333333)
(0.00109195149 9.529316289e-06 4.863333333)
(0.00124794456 1.089064719e-05 4.863333333)
(0.00140393763 1.225197809e-05 4.863333333)
(0.0015599307 1.361330898e-05 4.863333333)
(0.00171592377 1.497463988e-05 4.863333333)
(0.00187191684 1.633597078e-05 4.863333333)
(0.00202790991 1.769730168e-05 4.863333333)
(0.00218390298 1.905863258e-05 4.863333333)
(0.00233989605 2.041996348e-05 4.863333333)
(0.00249588912 2.178129437e-05 4.863333333)
(0.002651882191 2.314262527e-05 4.863333333)
(0.002807875261 2.450395617e-05 4.863333333)
(0.002963868331 2.586528707e-05 4.863333333)
(0.003119861401 2.722661797e-05 4.863333333)
(0.003275854471 2.858794887e-05 4.863333333)
(0.003431847541 2.994927977e-05 4.863333333)
(0.003587840611 3.131061066e-05 4.863333333)
(0.003743833681 3.267194156e-05 4.863333333)
(0.003899826751 3.403327246e-05 4.863333333)
(0.004055819821 3.539460336e-05 4.863333333)
(0.004211812891 3.675593426e-05 4.863333333)
(0.004367805961 3.811726516e-05 4.863333333)
(0.004523799031 3.947859605e-05 4.863333333)
(0.004679792101 4.083992695e-05 4.863333333)
(0 0 4.871666667)
(0.00015599307 -1.361330898e-06 4.871666667)
(0.0003119861401 -2.722661797e-06 4.871666667)
(0.0004679792101 -4.083992695e-06 4.871666667)
(0.0006239722801 -5.445323594e-06 4.871666667)
(0.0007799653501 -6.806654492e-06 4.871666667)
(0.0009359584202 -8.167985391e-06 4.871666667)
(0.00109195149 -9.529316289e-06 4.871666667)
(0.00124794456 -1.089064719e-05 4.871666667)
(0.00140393763 -1.225197809e-05 4.871666667)
(0.0015599307 -1.361330898e-05 4.871666667)
(0.00171592377 -1.497463988e-05 4.871666667)
(0.00187191684 -1.633597078e-05 4.871666667)
(0.00202790991 -1.769730168e-05 4.871666667)
(0.00218390298 -1.905863258e-05 4.871666667)
(0.00233989605 -2.041996348e-05 4.871666667)
(0.00249588912 -2.178129437e-05 4.871666667)
(0.002651882191 -2.314262527e-05 4.871666667)
(0.002807875261 -2.450395617e-05 4.871666667)
(0.002963868331 -2.586528707e-05 4.871666667)
(0.003119861401 -2.722661797e-05 4.871666667)
(0.003275854471 -2.858794887e-05 4.871666667)
(0.003431847541 -2.994927977e-05 4.871666667)
(0.003587840611 -3.131061066e-05 4.871666667)
(0.003743833681 -3.267194156e-05 4.871666667)
(0.003899826751 -3.403327246e-05 4.871666667)
(0.004055819821 -3.539460336e-05 4.871666667)
(0.004211812891 -3.675593426e-05 4.871666667)
(0.004367805961 -3.811726516e-05 4.871666667)
(0.004523799031 -3.947859605e-05 4.871666667)
(0.004679792101 -4.083992695e-05 4.871666667)
(0.00015599307 1.361330898e-06 4.871666667)
(0.0003119861401 2.722661797e-06 4.871666667)
(0.0004679792101 4.083992695e-06 4.871666667)
(0.0006239722801 5.445323594e-06 4.871666667)
(0.0007799653501 6.806654492e-06 4.871666667)
(0.0009359584202 8.167985391e-06 4.871666667)
(0.00109195149 9.529316289e-06 4.871666667)
(0.00124794456 1.089064719e-05 4.871666667)
(0.00140393763 1.225197809e-05 4.871666667)
(0.0015599307 1.361330898e-05 4.871666667)
(0.00171592377 1.497463988e-05 4.871666667)
(0.00187191684 1.633597078e-05 4.871666667)
(0.00202790991 1.769730168e-05 4.871666667)
(0.00218390298 1.905863258e-05 4.871666667)
(0.00233989605 2.041996348e-05 4.871666667)
(0.00249588912 2.178129437e-05 4.871666667)
(0.002651882191 2.314262527e-05 4.871666667)
(0.002807875261 2.450395617e-05 4.871666667)
(0.002963868331 2.586528707e-05 4.871666667)
(0.003119861401 2.722661797e-05 4.871666667)
(0.003275854471 2.858794887e-05 4.871666667)
(0.003431847541 2.994927977e-05 4.871666667)
(0.003587840611 3.131061066e-05 4.871666667)
(0.003743833681 3.267194156e-05 4.871666667)
(0.003899826751 3.403327246e-05 4.871666667)
(0.004055819821 3.539460336e-05 4.871666667)
(0.004211812891 3.675593426e-05 4.871666667)
(0.004367805961 3.811726516e-05 4.871666667)
(0.004523799031 3.947859605e-05 4.871666667)
(0.004679792101 4.083992695e-05 4.871666667)
(0 0 4.88)
(0.00015599307 -1.361330898e-06 4.88)
(0.0003119861401 -2.722661797e-06 4.88)
(0.0004679792101 -4.083992695e-06 4.88)
(0.0006239722801 -5.445323594e-06 4.88)
(0.0007799653501 -6.806654492e-06 4.88)
(0.0009359584202 -8.167985391e-06 4.88)
(0.00109195149 -9.529316289e-06 4.88)
(0.00124794456 -1.089064719e-05 4.88)
(0.00140393763 -1.225197809e-05 4.88)
(0.0015599307 -1.361330898e-05 4.88)
(0.00171592377 -1.497463988e-05 4.88)
(0.00187191684 -1.633597078e-05 4.88)
(0.00202790991 -1.769730168e-05 4.88)
(0.00218390298 -1.905863258e-05 4.88)
(0.00233989605 -2.041996348e-05 4.88)
(0.00249588912 -2.178129437e-05 4.88)
(0.002651882191 -2.314262527e-05 4.88)
(0.002807875261 -2.450395617e-05 4.88)
(0.002963868331 -2.586528707e-05 4.88)
(0.003119861401 -2.722661797e-05 4.88)
(0.003275854471 -2.858794887e-05 4.88)
(0.003431847541 -2.994927977e-05 4.88)
(0.003587840611 -3.131061066e-05 4.88)
(0.003743833681 -3.267194156e-05 4.88)
(0.003899826751 -3.403327246e-05 4.88)
(0.004055819821 -3.539460336e-05 4.88)
(0.004211812891 -3.675593426e-05 4.88)
(0.004367805961 -3.811726516e-05 4.88)
(0.004523799031 -3.947859605e-05 4.88)
(0.004679792101 -4.083992695e-05 4.88)
(0.00015599307 1.361330898e-06 4.88)
(0.0003119861401 2.722661797e-06 4.88)
(0.0004679792101 4.083992695e-06 4.88)
(0.0006239722801 5.445323594e-06 4.88)
(0.0007799653501 6.806654492e-06 4.88)
(0.0009359584202 8.167985391e-06 4.88)
(0.00109195149 9.529316289e-06 4.88)
(0.00124794456 1.089064719e-05 4.88)
(0.00140393763 1.225197809e-05 4.88)
(0.0015599307 1.361330898e-05 4.88)
(0.00171592377 1.497463988e-05 4.88)
(0.00187191684 1.633597078e-05 4.88)
(0.00202790991 1.769730168e-05 4.88)
(0.00218390298 1.905863258e-05 4.88)
(0.00233989605 2.041996348e-05 4.88)
(0.00249588912 2.178129437e-05 4.88)
(0.002651882191 2.314262527e-05 4.88)
(0.002807875261 2.450395617e-05 4.88)
(0.002963868331 2.586528707e-05 4.88)
(0.003119861401 2.722661797e-05 4.88)
(0.003275854471 2.858794887e-05 4.88)
(0.003431847541 2.994927977e-05 4.88)
(0.003587840611 3.131061066e-05 4.88)
(0.003743833681 3.267194156e-05 4.88)
(0.003899826751 3.403327246e-05 4.88)
(0.004055819821 3.539460336e-05 4.88)
(0.004211812891 3.675593426e-05 4.88)
(0.004367805961 3.811726516e-05 4.88)
(0.004523799031 3.947859605e-05 4.88)
(0.004679792101 4.083992695e-05 4.88)
(0 0 4.888333333)
(0.00015599307 -1.361330898e-06 4.888333333)
(0.0003119861401 -2.722661797e-06 4.888333333)
(0.0004679792101 -4.083992695e-06 4.888333333)
(0.0006239722801 -5.445323594e-06 4.888333333)
(0.0007799653501 -6.806654492e-06 4.888333333)
(0.0009359584202 -8.167985391e-06 4.888333333)
(0.00109195149 -9.529316289e-06 4.888333333)
(0.00124794456 -1.089064719e-05 4.888333333)
(0.00140393763 -1.225197809e-05 4.888333333)
(0.0015599307 -1.361330898e-05 4.888333333)
(0.00171592377 -1.497463988e-05 4.888333333)
(0.00187191684 -1.633597078e-05 4.888333333)
(0.00202790991 -1.769730168e-05 4.888333333)
(0.00218390298 -1.905863258e-05 4.888333333)
(0.00233989605 -2.041996348e-05 4.888333333)
(0.00249588912 -2.178129437e-05 4.888333333)
(0.002651882191 -2.314262527e-05 4.888333333)
(0.002807875261 -2.450395617e-05 4.888333333)
(0.002963868331 -2.586528707e-05 4.888333333)
(0.003119861401 -2.722661797e-05 4.888333333)
(0.003275854471 -2.858794887e-05 4.888333333)
(0.003431847541 -2.994927977e-05 4.888333333)
(0.003587840611 -3.131061066e-05 4.888333333)
(0.003743833681 -3.267194156e-05 4.888333333)
(0.003899826751 -3.403327246e-05 4.888333333)
(0.004055819821 -3.539460336e-05 4.888333333)
(0.004211812891 -3.675593426e-05 4.888333333)
(0.004367805961 -3.811726516e-05 4.888333333)
(0.004523799031 -3.947859605e-05 4.888333333)
(0.004679792101 -4.083992695e-05 4.888333333)
(0.00015599307 1.361330898e-06 4.888333333)
(0.0003119861401 2.722661797e-06 4.888333333)
(0.0004679792101 4.083992695e-06 4.888333333)
(0.0006239722801 5.445323594e-06 4.888333333)
(0.0007799653501 6.806654492e-06 4.888333333)
(0.0009359584202 8.167985391e-06 4.888333333)
(0.00109195149 9.529316289e-06 4.888333333)
(0.00124794456 1.089064719e-05 4.888333333)
(0.00140393763 1.225197809e-05 4.888333333)
(0.0015599307 1.361330898e-05 4.888333333)
(0.00171592377 1.497463988e-05 4.888333333)
(0.00187191684 1.633597078e-05 4.888333333)
(0.00202790991 1.769730168e-05 4.888333333)
(0.00218390298 1.905863258e-05 4.888333333)
(0.00233989605 2.041996348e-05 4.888333333)
(0.00249588912 2.178129437e-05 4.888333333)
(0.002651882191 2.314262527e-05 4.888333333)
(0.002807875261 2.450395617e-05 4.888333333)
(0.002963868331 2.586528707e-05 4.888333333)
(0.003119861401 2.722661797e-05 4.888333333)
(0.003275854471 2.858794887e-05 4.888333333)
(0.003431847541 2.994927977e-05 4.888333333)
(0.003587840611 3.131061066e-05 4.888333333)
(0.003743833681 3.267194156e-05 4.888333333)
(0.003899826751 3.403327246e-05 4.888333333)
(0.004055819821 3.539460336e-05 4.888333333)
(0.004211812891 3.675593426e-05 4.888333333)
(0.004367805961 3.811726516e-05 4.888333333)
(0.004523799031 3.947859605e-05 4.888333333)
(0.004679792101 4.083992695e-05 4.888333333)
(0 0 4.896666667)
(0.00015599307 -1.361330898e-06 4.896666667)
(0.0003119861401 -2.722661797e-06 4.896666667)
(0.0004679792101 -4.083992695e-06 4.896666667)
(0.0006239722801 -5.445323594e-06 4.896666667)
(0.0007799653501 -6.806654492e-06 4.896666667)
(0.0009359584202 -8.167985391e-06 4.896666667)
(0.00109195149 -9.529316289e-06 4.896666667)
(0.00124794456 -1.089064719e-05 4.896666667)
(0.00140393763 -1.225197809e-05 4.896666667)
(0.0015599307 -1.361330898e-05 4.896666667)
(0.00171592377 -1.497463988e-05 4.896666667)
(0.00187191684 -1.633597078e-05 4.896666667)
(0.00202790991 -1.769730168e-05 4.896666667)
(0.00218390298 -1.905863258e-05 4.896666667)
(0.00233989605 -2.041996348e-05 4.896666667)
(0.00249588912 -2.178129437e-05 4.896666667)
(0.002651882191 -2.314262527e-05 4.896666667)
(0.002807875261 -2.450395617e-05 4.896666667)
(0.002963868331 -2.586528707e-05 4.896666667)
(0.003119861401 -2.722661797e-05 4.896666667)
(0.003275854471 -2.858794887e-05 4.896666667)
(0.003431847541 -2.994927977e-05 4.896666667)
(0.003587840611 -3.131061066e-05 4.896666667)
(0.003743833681 -3.267194156e-05 4.896666667)
(0.003899826751 -3.403327246e-05 4.896666667)
(0.004055819821 -3.539460336e-05 4.896666667)
(0.004211812891 -3.675593426e-05 4.896666667)
(0.004367805961 -3.811726516e-05 4.896666667)
(0.004523799031 -3.947859605e-05 4.896666667)
(0.004679792101 -4.083992695e-05 4.896666667)
(0.00015599307 1.361330898e-06 4.896666667)
(0.0003119861401 2.722661797e-06 4.896666667)
(0.0004679792101 4.083992695e-06 4.896666667)
(0.0006239722801 5.445323594e-06 4.896666667)
(0.0007799653501 6.806654492e-06 4.896666667)
(0.0009359584202 8.167985391e-06 4.896666667)
(0.00109195149 9.529316289e-06 4.896666667)
(0.00124794456 1.089064719e-05 4.896666667)
(0.00140393763 1.225197809e-05 4.896666667)
(0.0015599307 1.361330898e-05 4.896666667)
(0.00171592377 1.497463988e-05 4.896666667)
(0.00187191684 1.633597078e-05 4.896666667)
(0.00202790991 1.769730168e-05 4.896666667)
(0.00218390298 1.905863258e-05 4.896666667)
(0.00233989605 2.041996348e-05 4.896666667)
(0.00249588912 2.178129437e-05 4.896666667)
(0.002651882191 2.314262527e-05 4.896666667)
(0.002807875261 2.450395617e-05 4.896666667)
(0.002963868331 2.586528707e-05 4.896666667)
(0.003119861401 2.722661797e-05 4.896666667)
(0.003275854471 2.858794887e-05 4.896666667)
(0.003431847541 2.994927977e-05 4.896666667)
(0.003587840611 3.131061066e-05 4.896666667)
(0.003743833681 3.267194156e-05 4.896666667)
(0.003899826751 3.403327246e-05 4.896666667)
(0.004055819821 3.539460336e-05 4.896666667)
(0.004211812891 3.675593426e-05 4.896666667)
(0.004367805961 3.811726516e-05 4.896666667)
(0.004523799031 3.947859605e-05 4.896666667)
(0.004679792101 4.083992695e-05 4.896666667)
(0 0 4.905)
(0.00015599307 -1.361330898e-06 4.905)
(0.0003119861401 -2.722661797e-06 4.905)
(0.0004679792101 -4.083992695e-06 4.905)
(0.0006239722801 -5.445323594e-06 4.905)
(0.0007799653501 -6.806654492e-06 4.905)
(0.0009359584202 -8.167985391e-06 4.905)
(0.00109195149 -9.529316289e-06 4.905)
(0.00124794456 -1.089064719e-05 4.905)
(0.00140393763 -1.225197809e-05 4.905)
(0.0015599307 -1.361330898e-05 4.905)
(0.00171592377 -1.497463988e-05 4.905)
(0.00187191684 -1.633597078e-05 4.905)
(0.00202790991 -1.769730168e-05 4.905)
(0.00218390298 -1.905863258e-05 4.905)
(0.00233989605 -2.041996348e-05 4.905)
(0.00249588912 -2.178129437e-05 4.905)
(0.002651882191 -2.314262527e-05 4.905)
(0.002807875261 -2.450395617e-05 4.905)
(0.002963868331 -2.586528707e-05 4.905)
(0.003119861401 -2.722661797e-05 4.905)
(0.003275854471 -2.858794887e-05 4.905)
(0.003431847541 -2.994927977e-05 4.905)
(0.003587840611 -3.131061066e-05 4.905)
(0.003743833681 -3.267194156e-05 4.905)
(0.003899826751 -3.403327246e-05 4.905)
(0.004055819821 -3.539460336e-05 4.905)
(0.004211812891 -3.675593426e-05 4.905)
(0.004367805961 -3.811726516e-05 4.905)
(0.004523799031 -3.947859605e-05 4.905)
(0.004679792101 -4.083992695e-05 4.905)
(0.00015599307 1.361330898e-06 4.905)
(0.0003119861401 2.722661797e-06 4.905)
(0.0004679792101 4.083992695e-06 4.905)
(0.0006239722801 5.445323594e-06 4.905)
(0.0007799653501 6.806654492e-06 4.905)
(0.0009359584202 8.167985391e-06 4.905)
(0.00109195149 9.529316289e-06 4.905)
(0.00124794456 1.089064719e-05 4.905)
(0.00140393763 1.225197809e-05 4.905)
(0.0015599307 1.361330898e-05 4.905)
(0.00171592377 1.497463988e-05 4.905)
(0.00187191684 1.633597078e-05 4.905)
(0.00202790991 1.769730168e-05 4.905)
(0.00218390298 1.905863258e-05 4.905)
(0.00233989605 2.041996348e-05 4.905)
(0.00249588912 2.178129437e-05 4.905)
(0.002651882191 2.314262527e-05 4.905)
(0.002807875261 2.450395617e-05 4.905)
(0.002963868331 2.586528707e-05 4.905)
(0.003119861401 2.722661797e-05 4.905)
(0.003275854471 2.858794887e-05 4.905)
(0.003431847541 2.994927977e-05 4.905)
(0.003587840611 3.131061066e-05 4.905)
(0.003743833681 3.267194156e-05 4.905)
(0.003899826751 3.403327246e-05 4.905)
(0.004055819821 3.539460336e-05 4.905)
(0.004211812891 3.675593426e-05 4.905)
(0.004367805961 3.811726516e-05 4.905)
(0.004523799031 3.947859605e-05 4.905)
(0.004679792101 4.083992695e-05 4.905)
(0 0 4.913333333)
(0.00015599307 -1.361330898e-06 4.913333333)
(0.0003119861401 -2.722661797e-06 4.913333333)
(0.0004679792101 -4.083992695e-06 4.913333333)
(0.0006239722801 -5.445323594e-06 4.913333333)
(0.0007799653501 -6.806654492e-06 4.913333333)
(0.0009359584202 -8.167985391e-06 4.913333333)
(0.00109195149 -9.529316289e-06 4.913333333)
(0.00124794456 -1.089064719e-05 4.913333333)
(0.00140393763 -1.225197809e-05 4.913333333)
(0.0015599307 -1.361330898e-05 4.913333333)
(0.00171592377 -1.497463988e-05 4.913333333)
(0.00187191684 -1.633597078e-05 4.913333333)
(0.00202790991 -1.769730168e-05 4.913333333)
(0.00218390298 -1.905863258e-05 4.913333333)
(0.00233989605 -2.041996348e-05 4.913333333)
(0.00249588912 -2.178129437e-05 4.913333333)
(0.002651882191 -2.314262527e-05 4.913333333)
(0.002807875261 -2.450395617e-05 4.913333333)
(0.002963868331 -2.586528707e-05 4.913333333)
(0.003119861401 -2.722661797e-05 4.913333333)
(0.003275854471 -2.858794887e-05 4.913333333)
(0.003431847541 -2.994927977e-05 4.913333333)
(0.003587840611 -3.131061066e-05 4.913333333)
(0.003743833681 -3.267194156e-05 4.913333333)
(0.003899826751 -3.403327246e-05 4.913333333)
(0.004055819821 -3.539460336e-05 4.913333333)
(0.004211812891 -3.675593426e-05 4.913333333)
(0.004367805961 -3.811726516e-05 4.913333333)
(0.004523799031 -3.947859605e-05 4.913333333)
(0.004679792101 -4.083992695e-05 4.913333333)
(0.00015599307 1.361330898e-06 4.913333333)
(0.0003119861401 2.722661797e-06 4.913333333)
(0.0004679792101 4.083992695e-06 4.913333333)
(0.0006239722801 5.445323594e-06 4.913333333)
(0.0007799653501 6.806654492e-06 4.913333333)
(0.0009359584202 8.167985391e-06 4.913333333)
(0.00109195149 9.529316289e-06 4.913333333)
(0.00124794456 1.089064719e-05 4.913333333)
(0.00140393763 1.225197809e-05 4.913333333)
(0.0015599307 1.361330898e-05 4.913333333)
(0.00171592377 1.497463988e-05 4.913333333)
(0.00187191684 1.633597078e-05 4.913333333)
(0.00202790991 1.769730168e-05 4.913333333)
(0.00218390298 1.905863258e-05 4.913333333)
(0.00233989605 2.041996348e-05 4.913333333)
(0.00249588912 2.178129437e-05 4.913333333)
(0.002651882191 2.314262527e-05 4.913333333)
(0.002807875261 2.450395617e-05 4.913333333)
(0.002963868331 2.586528707e-05 4.913333333)
(0.003119861401 2.722661797e-05 4.913333333)
(0.003275854471 2.858794887e-05 4.913333333)
(0.003431847541 2.994927977e-05 4.913333333)
(0.003587840611 3.131061066e-05 4.913333333)
(0.003743833681 3.267194156e-05 4.913333333)
(0.003899826751 3.403327246e-05 4.913333333)
(0.004055819821 3.539460336e-05 4.913333333)
(0.004211812891 3.675593426e-05 4.913333333)
(0.004367805961 3.811726516e-05 4.913333333)
(0.004523799031 3.947859605e-05 4.913333333)
(0.004679792101 4.083992695e-05 4.913333333)
(0 0 4.921666667)
(0.00015599307 -1.361330898e-06 4.921666667)
(0.0003119861401 -2.722661797e-06 4.921666667)
(0.0004679792101 -4.083992695e-06 4.921666667)
(0.0006239722801 -5.445323594e-06 4.921666667)
(0.0007799653501 -6.806654492e-06 4.921666667)
(0.0009359584202 -8.167985391e-06 4.921666667)
(0.00109195149 -9.529316289e-06 4.921666667)
(0.00124794456 -1.089064719e-05 4.921666667)
(0.00140393763 -1.225197809e-05 4.921666667)
(0.0015599307 -1.361330898e-05 4.921666667)
(0.00171592377 -1.497463988e-05 4.921666667)
(0.00187191684 -1.633597078e-05 4.921666667)
(0.00202790991 -1.769730168e-05 4.921666667)
(0.00218390298 -1.905863258e-05 4.921666667)
(0.00233989605 -2.041996348e-05 4.921666667)
(0.00249588912 -2.178129437e-05 4.921666667)
(0.002651882191 -2.314262527e-05 4.921666667)
(0.002807875261 -2.450395617e-05 4.921666667)
(0.002963868331 -2.586528707e-05 4.921666667)
(0.003119861401 -2.722661797e-05 4.921666667)
(0.003275854471 -2.858794887e-05 4.921666667)
(0.003431847541 -2.994927977e-05 4.921666667)
(0.003587840611 -3.131061066e-05 4.921666667)
(0.003743833681 -3.267194156e-05 4.921666667)
(0.003899826751 -3.403327246e-05 4.921666667)
(0.004055819821 -3.539460336e-05 4.921666667)
(0.004211812891 -3.675593426e-05 4.921666667)
(0.004367805961 -3.811726516e-05 4.921666667)
(0.004523799031 -3.947859605e-05 4.921666667)
(0.004679792101 -4.083992695e-05 4.921666667)
(0.00015599307 1.361330898e-06 4.921666667)
(0.0003119861401 2.722661797e-06 4.921666667)
(0.0004679792101 4.083992695e-06 4.921666667)
(0.0006239722801 5.445323594e-06 4.921666667)
(0.0007799653501 6.806654492e-06 4.921666667)
(0.0009359584202 8.167985391e-06 4.921666667)
(0.00109195149 9.529316289e-06 4.921666667)
(0.00124794456 1.089064719e-05 4.921666667)
(0.00140393763 1.225197809e-05 4.921666667)
(0.0015599307 1.361330898e-05 4.921666667)
(0.00171592377 1.497463988e-05 4.921666667)
(0.00187191684 1.633597078e-05 4.921666667)
(0.00202790991 1.769730168e-05 4.921666667)
(0.00218390298 1.905863258e-05 4.921666667)
(0.00233989605 2.041996348e-05 4.921666667)
(0.00249588912 2.178129437e-05 4.921666667)
(0.002651882191 2.314262527e-05 4.921666667)
(0.002807875261 2.450395617e-05 4.921666667)
(0.002963868331 2.586528707e-05 4.921666667)
(0.003119861401 2.722661797e-05 4.921666667)
(0.003275854471 2.858794887e-05 4.921666667)
(0.003431847541 2.994927977e-05 4.921666667)
(0.003587840611 3.131061066e-05 4.921666667)
(0.003743833681 3.267194156e-05 4.921666667)
(0.003899826751 3.403327246e-05 4.921666667)
(0.004055819821 3.539460336e-05 4.921666667)
(0.004211812891 3.675593426e-05 4.921666667)
(0.004367805961 3.811726516e-05 4.921666667)
(0.004523799031 3.947859605e-05 4.921666667)
(0.004679792101 4.083992695e-05 4.921666667)
(0 0 4.93)
(0.00015599307 -1.361330898e-06 4.93)
(0.0003119861401 -2.722661797e-06 4.93)
(0.0004679792101 -4.083992695e-06 4.93)
(0.0006239722801 -5.445323594e-06 4.93)
(0.0007799653501 -6.806654492e-06 4.93)
(0.0009359584202 -8.167985391e-06 4.93)
(0.00109195149 -9.529316289e-06 4.93)
(0.00124794456 -1.089064719e-05 4.93)
(0.00140393763 -1.225197809e-05 4.93)
(0.0015599307 -1.361330898e-05 4.93)
(0.00171592377 -1.497463988e-05 4.93)
(0.00187191684 -1.633597078e-05 4.93)
(0.00202790991 -1.769730168e-05 4.93)
(0.00218390298 -1.905863258e-05 4.93)
(0.00233989605 -2.041996348e-05 4.93)
(0.00249588912 -2.178129437e-05 4.93)
(0.002651882191 -2.314262527e-05 4.93)
(0.002807875261 -2.450395617e-05 4.93)
(0.002963868331 -2.586528707e-05 4.93)
(0.003119861401 -2.722661797e-05 4.93)
(0.003275854471 -2.858794887e-05 4.93)
(0.003431847541 -2.994927977e-05 4.93)
(0.003587840611 -3.131061066e-05 4.93)
(0.003743833681 -3.267194156e-05 4.93)
(0.003899826751 -3.403327246e-05 4.93)
(0.004055819821 -3.539460336e-05 4.93)
(0.004211812891 -3.675593426e-05 4.93)
(0.004367805961 -3.811726516e-05 4.93)
(0.004523799031 -3.947859605e-05 4.93)
(0.004679792101 -4.083992695e-05 4.93)
(0.00015599307 1.361330898e-06 4.93)
(0.0003119861401 2.722661797e-06 4.93)
(0.0004679792101 4.083992695e-06 4.93)
(0.0006239722801 5.445323594e-06 4.93)
(0.0007799653501 6.806654492e-06 4.93)
(0.0009359584202 8.167985391e-06 4.93)
(0.00109195149 9.529316289e-06 4.93)
(0.00124794456 1.089064719e-05 4.93)
(0.00140393763 1.225197809e-05 4.93)
(0.0015599307 1.361330898e-05 4.93)
(0.00171592377 1.497463988e-05 4.93)
(0.00187191684 1.633597078e-05 4.93)
(0.00202790991 1.769730168e-05 4.93)
(0.00218390298 1.905863258e-05 4.93)
(0.00233989605 2.041996348e-05 4.93)
(0.00249588912 2.178129437e-05 4.93)
(0.002651882191 2.314262527e-05 4.93)
(0.002807875261 2.450395617e-05 4.93)
(0.002963868331 2.586528707e-05 4.93)
(0.003119861401 2.722661797e-05 4.93)
(0.003275854471 2.858794887e-05 4.93)
(0.003431847541 2.994927977e-05 4.93)
(0.003587840611 3.131061066e-05 4.93)
(0.003743833681 3.267194156e-05 4.93)
(0.003899826751 3.403327246e-05 4.93)
(0.004055819821 3.539460336e-05 4.93)
(0.004211812891 3.675593426e-05 4.93)
(0.004367805961 3.811726516e-05 4.93)
(0.004523799031 3.947859605e-05 4.93)
(0.004679792101 4.083992695e-05 4.93)
(0 0 4.938333333)
(0.00015599307 -1.361330898e-06 4.938333333)
(0.0003119861401 -2.722661797e-06 4.938333333)
(0.0004679792101 -4.083992695e-06 4.938333333)
(0.0006239722801 -5.445323594e-06 4.938333333)
(0.0007799653501 -6.806654492e-06 4.938333333)
(0.0009359584202 -8.167985391e-06 4.938333333)
(0.00109195149 -9.529316289e-06 4.938333333)
(0.00124794456 -1.089064719e-05 4.938333333)
(0.00140393763 -1.225197809e-05 4.938333333)
(0.0015599307 -1.361330898e-05 4.938333333)
(0.00171592377 -1.497463988e-05 4.938333333)
(0.00187191684 -1.633597078e-05 4.938333333)
(0.00202790991 -1.769730168e-05 4.938333333)
(0.00218390298 -1.905863258e-05 4.938333333)
(0.00233989605 -2.041996348e-05 4.938333333)
(0.00249588912 -2.178129437e-05 4.938333333)
(0.002651882191 -2.314262527e-05 4.938333333)
(0.002807875261 -2.450395617e-05 4.938333333)
(0.002963868331 -2.586528707e-05 4.938333333)
(0.003119861401 -2.722661797e-05 4.938333333)
(0.003275854471 -2.858794887e-05 4.938333333)
(0.003431847541 -2.994927977e-05 4.938333333)
(0.003587840611 -3.131061066e-05 4.938333333)
(0.003743833681 -3.267194156e-05 4.938333333)
(0.003899826751 -3.403327246e-05 4.938333333)
(0.004055819821 -3.539460336e-05 4.938333333)
(0.004211812891 -3.675593426e-05 4.938333333)
(0.004367805961 -3.811726516e-05 4.938333333)
(0.004523799031 -3.947859605e-05 4.938333333)
(0.004679792101 -4.083992695e-05 4.938333333)
(0.00015599307 1.361330898e-06 4.938333333)
(0.0003119861401 2.722661797e-06 4.938333333)
(0.0004679792101 4.083992695e-06 4.938333333)
(0.0006239722801 5.445323594e-06 4.938333333)
(0.0007799653501 6.806654492e-06 4.938333333)
(0.0009359584202 8.167985391e-06 4.938333333)
(0.00109195149 9.529316289e-06 4.938333333)
(0.00124794456 1.089064719e-05 4.938333333)
(0.00140393763 1.225197809e-05 4.938333333)
(0.0015599307 1.361330898e-05 4.938333333)
(0.00171592377 1.497463988e-05 4.938333333)
(0.00187191684 1.633597078e-05 4.938333333)
(0.00202790991 1.769730168e-05 4.938333333)
(0.00218390298 1.905863258e-05 4.938333333)
(0.00233989605 2.041996348e-05 4.938333333)
(0.00249588912 2.178129437e-05 4.938333333)
(0.002651882191 2.314262527e-05 4.938333333)
(0.002807875261 2.450395617e-05 4.938333333)
(0.002963868331 2.586528707e-05 4.938333333)
(0.003119861401 2.722661797e-05 4.938333333)
(0.003275854471 2.858794887e-05 4.938333333)
(0.003431847541 2.994927977e-05 4.938333333)
(0.003587840611 3.131061066e-05 4.938333333)
(0.003743833681 3.267194156e-05 4.938333333)
(0.003899826751 3.403327246e-05 4.938333333)
(0.004055819821 3.539460336e-05 4.938333333)
(0.004211812891 3.675593426e-05 4.938333333)
(0.004367805961 3.811726516e-05 4.938333333)
(0.004523799031 3.947859605e-05 4.938333333)
(0.004679792101 4.083992695e-05 4.938333333)
(0 0 4.946666667)
(0.00015599307 -1.361330898e-06 4.946666667)
(0.0003119861401 -2.722661797e-06 4.946666667)
(0.0004679792101 -4.083992695e-06 4.946666667)
(0.0006239722801 -5.445323594e-06 4.946666667)
(0.0007799653501 -6.806654492e-06 4.946666667)
(0.0009359584202 -8.167985391e-06 4.946666667)
(0.00109195149 -9.529316289e-06 4.946666667)
(0.00124794456 -1.089064719e-05 4.946666667)
(0.00140393763 -1.225197809e-05 4.946666667)
(0.0015599307 -1.361330898e-05 4.946666667)
(0.00171592377 -1.497463988e-05 4.946666667)
(0.00187191684 -1.633597078e-05 4.946666667)
(0.00202790991 -1.769730168e-05 4.946666667)
(0.00218390298 -1.905863258e-05 4.946666667)
(0.00233989605 -2.041996348e-05 4.946666667)
(0.00249588912 -2.178129437e-05 4.946666667)
(0.002651882191 -2.314262527e-05 4.946666667)
(0.002807875261 -2.450395617e-05 4.946666667)
(0.002963868331 -2.586528707e-05 4.946666667)
(0.003119861401 -2.722661797e-05 4.946666667)
(0.003275854471 -2.858794887e-05 4.946666667)
(0.003431847541 -2.994927977e-05 4.946666667)
(0.003587840611 -3.131061066e-05 4.946666667)
(0.003743833681 -3.267194156e-05 4.946666667)
(0.003899826751 -3.403327246e-05 4.946666667)
(0.004055819821 -3.539460336e-05 4.946666667)
(0.004211812891 -3.675593426e-05 4.946666667)
(0.004367805961 -3.811726516e-05 4.946666667)
(0.004523799031 -3.947859605e-05 4.946666667)
(0.004679792101 -4.083992695e-05 4.946666667)
(0.00015599307 1.361330898e-06 4.946666667)
(0.0003119861401 2.722661797e-06 4.946666667)
(0.0004679792101 4.083992695e-06 4.946666667)
(0.0006239722801 5.445323594e-06 4.946666667)
(0.0007799653501 6.806654492e-06 4.946666667)
(0.0009359584202 8.167985391e-06 4.946666667)
(0.00109195149 9.529316289e-06 4.946666667)
(0.00124794456 1.089064719e-05 4.946666667)
(0.00140393763 1.225197809e-05 4.946666667)
(0.0015599307 1.361330898e-05 4.946666667)
(0.00171592377 1.497463988e-05 4.946666667)
(0.00187191684 1.633597078e-05 4.946666667)
(0.00202790991 1.769730168e-05 4.946666667)
(0.00218390298 1.905863258e-05 4.946666667)
(0.00233989605 2.041996348e-05 4.946666667)
(0.00249588912 2.178129437e-05 4.946666667)
(0.002651882191 2.314262527e-05 4.946666667)
(0.002807875261 2.450395617e-05 4.946666667)
(0.002963868331 2.586528707e-05 4.946666667)
(0.003119861401 2.722661797e-05 4.946666667)
(0.003275854471 2.858794887e-05 4.946666667)
(0.003431847541 2.994927977e-05 4.946666667)
(0.003587840611 3.131061066e-05 4.946666667)
(0.003743833681 3.267194156e-05 4.946666667)
(0.003899826751 3.403327246e-05 4.946666667)
(0.004055819821 3.539460336e-05 4.946666667)
(0.004211812891 3.675593426e-05 4.946666667)
(0.004367805961 3.811726516e-05 4.946666667)
(0.004523799031 3.947859605e-05 4.946666667)
(0.004679792101 4.083992695e-05 4.946666667)
(0 0 4.955)
(0.00015599307 -1.361330898e-06 4.955)
(0.0003119861401 -2.722661797e-06 4.955)
(0.0004679792101 -4.083992695e-06 4.955)
(0.0006239722801 -5.445323594e-06 4.955)
(0.0007799653501 -6.806654492e-06 4.955)
(0.0009359584202 -8.167985391e-06 4.955)
(0.00109195149 -9.529316289e-06 4.955)
(0.00124794456 -1.089064719e-05 4.955)
(0.00140393763 -1.225197809e-05 4.955)
(0.0015599307 -1.361330898e-05 4.955)
(0.00171592377 -1.497463988e-05 4.955)
(0.00187191684 -1.633597078e-05 4.955)
(0.00202790991 -1.769730168e-05 4.955)
(0.00218390298 -1.905863258e-05 4.955)
(0.00233989605 -2.041996348e-05 4.955)
(0.00249588912 -2.178129437e-05 4.955)
(0.002651882191 -2.314262527e-05 4.955)
(0.002807875261 -2.450395617e-05 4.955)
(0.002963868331 -2.586528707e-05 4.955)
(0.003119861401 -2.722661797e-05 4.955)
(0.003275854471 -2.858794887e-05 4.955)
(0.003431847541 -2.994927977e-05 4.955)
(0.003587840611 -3.131061066e-05 4.955)
(0.003743833681 -3.267194156e-05 4.955)
(0.003899826751 -3.403327246e-05 4.955)
(0.004055819821 -3.539460336e-05 4.955)
(0.004211812891 -3.675593426e-05 4.955)
(0.004367805961 -3.811726516e-05 4.955)
(0.004523799031 -3.947859605e-05 4.955)
(0.004679792101 -4.083992695e-05 4.955)
(0.00015599307 1.361330898e-06 4.955)
(0.0003119861401 2.722661797e-06 4.955)
(0.0004679792101 4.083992695e-06 4.955)
(0.0006239722801 5.445323594e-06 4.955)
(0.0007799653501 6.806654492e-06 4.955)
(0.0009359584202 8.167985391e-06 4.955)
(0.00109195149 9.529316289e-06 4.955)
(0.00124794456 1.089064719e-05 4.955)
(0.00140393763 1.225197809e-05 4.955)
(0.0015599307 1.361330898e-05 4.955)
(0.00171592377 1.497463988e-05 4.955)
(0.00187191684 1.633597078e-05 4.955)
(0.00202790991 1.769730168e-05 4.955)
(0.00218390298 1.905863258e-05 4.955)
(0.00233989605 2.041996348e-05 4.955)
(0.00249588912 2.178129437e-05 4.955)
(0.002651882191 2.314262527e-05 4.955)
(0.002807875261 2.450395617e-05 4.955)
(0.002963868331 2.586528707e-05 4.955)
(0.003119861401 2.722661797e-05 4.955)
(0.003275854471 2.858794887e-05 4.955)
(0.003431847541 2.994927977e-05 4.955)
(0.003587840611 3.131061066e-05 4.955)
(0.003743833681 3.267194156e-05 4.955)
(0.003899826751 3.403327246e-05 4.955)
(0.004055819821 3.539460336e-05 4.955)
(0.004211812891 3.675593426e-05 4.955)
(0.004367805961 3.811726516e-05 4.955)
(0.004523799031 3.947859605e-05 4.955)
(0.004679792101 4.083992695e-05 4.955)
(0 0 4.963333333)
(0.00015599307 -1.361330898e-06 4.963333333)
(0.0003119861401 -2.722661797e-06 4.963333333)
(0.0004679792101 -4.083992695e-06 4.963333333)
(0.0006239722801 -5.445323594e-06 4.963333333)
(0.0007799653501 -6.806654492e-06 4.963333333)
(0.0009359584202 -8.167985391e-06 4.963333333)
(0.00109195149 -9.529316289e-06 4.963333333)
(0.00124794456 -1.089064719e-05 4.963333333)
(0.00140393763 -1.225197809e-05 4.963333333)
(0.0015599307 -1.361330898e-05 4.963333333)
(0.00171592377 -1.497463988e-05 4.963333333)
(0.00187191684 -1.633597078e-05 4.963333333)
(0.00202790991 -1.769730168e-05 4.963333333)
(0.00218390298 -1.905863258e-05 4.963333333)
(0.00233989605 -2.041996348e-05 4.963333333)
(0.00249588912 -2.178129437e-05 4.963333333)
(0.002651882191 -2.314262527e-05 4.963333333)
(0.002807875261 -2.450395617e-05 4.963333333)
(0.002963868331 -2.586528707e-05 4.963333333)
(0.003119861401 -2.722661797e-05 4.963333333)
(0.003275854471 -2.858794887e-05 4.963333333)
(0.003431847541 -2.994927977e-05 4.963333333)
(0.003587840611 -3.131061066e-05 4.963333333)
(0.003743833681 -3.267194156e-05 4.963333333)
(0.003899826751 -3.403327246e-05 4.963333333)
(0.004055819821 -3.539460336e-05 4.963333333)
(0.004211812891 -3.675593426e-05 4.963333333)
(0.004367805961 -3.811726516e-05 4.963333333)
(0.004523799031 -3.947859605e-05 4.963333333)
(0.004679792101 -4.083992695e-05 4.963333333)
(0.00015599307 1.361330898e-06 4.963333333)
(0.0003119861401 2.722661797e-06 4.963333333)
(0.0004679792101 4.083992695e-06 4.963333333)
(0.0006239722801 5.445323594e-06 4.963333333)
(0.0007799653501 6.806654492e-06 4.963333333)
(0.0009359584202 8.167985391e-06 4.963333333)
(0.00109195149 9.529316289e-06 4.963333333)
(0.00124794456 1.089064719e-05 4.963333333)
(0.00140393763 1.225197809e-05 4.963333333)
(0.0015599307 1.361330898e-05 4.963333333)
(0.00171592377 1.497463988e-05 4.963333333)
(0.00187191684 1.633597078e-05 4.963333333)
(0.00202790991 1.769730168e-05 4.963333333)
(0.00218390298 1.905863258e-05 4.963333333)
(0.00233989605 2.041996348e-05 4.963333333)
(0.00249588912 2.178129437e-05 4.963333333)
(0.002651882191 2.314262527e-05 4.963333333)
(0.002807875261 2.450395617e-05 4.963333333)
(0.002963868331 2.586528707e-05 4.963333333)
(0.003119861401 2.722661797e-05 4.963333333)
(0.003275854471 2.858794887e-05 4.963333333)
(0.003431847541 2.994927977e-05 4.963333333)
(0.003587840611 3.131061066e-05 4.963333333)
(0.003743833681 3.267194156e-05 4.963333333)
(0.003899826751 3.403327246e-05 4.963333333)
(0.004055819821 3.539460336e-05 4.963333333)
(0.004211812891 3.675593426e-05 4.963333333)
(0.004367805961 3.811726516e-05 4.963333333)
(0.004523799031 3.947859605e-05 4.963333333)
(0.004679792101 4.083992695e-05 4.963333333)
(0 0 4.971666667)
(0.00015599307 -1.361330898e-06 4.971666667)
(0.0003119861401 -2.722661797e-06 4.971666667)
(0.0004679792101 -4.083992695e-06 4.971666667)
(0.0006239722801 -5.445323594e-06 4.971666667)
(0.0007799653501 -6.806654492e-06 4.971666667)
(0.0009359584202 -8.167985391e-06 4.971666667)
(0.00109195149 -9.529316289e-06 4.971666667)
(0.00124794456 -1.089064719e-05 4.971666667)
(0.00140393763 -1.225197809e-05 4.971666667)
(0.0015599307 -1.361330898e-05 4.971666667)
(0.00171592377 -1.497463988e-05 4.971666667)
(0.00187191684 -1.633597078e-05 4.971666667)
(0.00202790991 -1.769730168e-05 4.971666667)
(0.00218390298 -1.905863258e-05 4.971666667)
(0.00233989605 -2.041996348e-05 4.971666667)
(0.00249588912 -2.178129437e-05 4.971666667)
(0.002651882191 -2.314262527e-05 4.971666667)
(0.002807875261 -2.450395617e-05 4.971666667)
(0.002963868331 -2.586528707e-05 4.971666667)
(0.003119861401 -2.722661797e-05 4.971666667)
(0.003275854471 -2.858794887e-05 4.971666667)
(0.003431847541 -2.994927977e-05 4.971666667)
(0.003587840611 -3.131061066e-05 4.971666667)
(0.003743833681 -3.267194156e-05 4.971666667)
(0.003899826751 -3.403327246e-05 4.971666667)
(0.004055819821 -3.539460336e-05 4.971666667)
(0.004211812891 -3.675593426e-05 4.971666667)
(0.004367805961 -3.811726516e-05 4.971666667)
(0.004523799031 -3.947859605e-05 4.971666667)
(0.004679792101 -4.083992695e-05 4.971666667)
(0.00015599307 1.361330898e-06 4.971666667)
(0.0003119861401 2.722661797e-06 4.971666667)
(0.0004679792101 4.083992695e-06 4.971666667)
(0.0006239722801 5.445323594e-06 4.971666667)
(0.0007799653501 6.806654492e-06 4.971666667)
(0.0009359584202 8.167985391e-06 4.971666667)
(0.00109195149 9.529316289e-06 4.971666667)
(0.00124794456 1.089064719e-05 4.971666667)
(0.00140393763 1.225197809e-05 4.971666667)
(0.0015599307 1.361330898e-05 4.971666667)
(0.00171592377 1.497463988e-05 4.971666667)
(0.00187191684 1.633597078e-05 4.971666667)
(0.00202790991 1.769730168e-05 4.971666667)
(0.00218390298 1.905863258e-05 4.971666667)
(0.00233989605 2.041996348e-05 4.971666667)
(0.00249588912 2.178129437e-05 4.971666667)
(0.002651882191 2.314262527e-05 4.971666667)
(0.002807875261 2.450395617e-05 4.971666667)
(0.002963868331 2.586528707e-05 4.971666667)
(0.003119861401 2.722661797e-05 4.971666667)
(0.003275854471 2.858794887e-05 4.971666667)
(0.003431847541 2.994927977e-05 4.971666667)
(0.003587840611 3.131061066e-05 4.971666667)
(0.003743833681 3.267194156e-05 4.971666667)
(0.003899826751 3.403327246e-05 4.971666667)
(0.004055819821 3.539460336e-05 4.971666667)
(0.004211812891 3.675593426e-05 4.971666667)
(0.004367805961 3.811726516e-05 4.971666667)
(0.004523799031 3.947859605e-05 4.971666667)
(0.004679792101 4.083992695e-05 4.971666667)
(0 0 4.98)
(0.00015599307 -1.361330898e-06 4.98)
(0.0003119861401 -2.722661797e-06 4.98)
(0.0004679792101 -4.083992695e-06 4.98)
(0.0006239722801 -5.445323594e-06 4.98)
(0.0007799653501 -6.806654492e-06 4.98)
(0.0009359584202 -8.167985391e-06 4.98)
(0.00109195149 -9.529316289e-06 4.98)
(0.00124794456 -1.089064719e-05 4.98)
(0.00140393763 -1.225197809e-05 4.98)
(0.0015599307 -1.361330898e-05 4.98)
(0.00171592377 -1.497463988e-05 4.98)
(0.00187191684 -1.633597078e-05 4.98)
(0.00202790991 -1.769730168e-05 4.98)
(0.00218390298 -1.905863258e-05 4.98)
(0.00233989605 -2.041996348e-05 4.98)
(0.00249588912 -2.178129437e-05 4.98)
(0.002651882191 -2.314262527e-05 4.98)
(0.002807875261 -2.450395617e-05 4.98)
(0.002963868331 -2.586528707e-05 4.98)
(0.003119861401 -2.722661797e-05 4.98)
(0.003275854471 -2.858794887e-05 4.98)
(0.003431847541 -2.994927977e-05 4.98)
(0.003587840611 -3.131061066e-05 4.98)
(0.003743833681 -3.267194156e-05 4.98)
(0.003899826751 -3.403327246e-05 4.98)
(0.004055819821 -3.539460336e-05 4.98)
(0.004211812891 -3.675593426e-05 4.98)
(0.004367805961 -3.811726516e-05 4.98)
(0.004523799031 -3.947859605e-05 4.98)
(0.004679792101 -4.083992695e-05 4.98)
(0.00015599307 1.361330898e-06 4.98)
(0.0003119861401 2.722661797e-06 4.98)
(0.0004679792101 4.083992695e-06 4.98)
(0.0006239722801 5.445323594e-06 4.98)
(0.0007799653501 6.806654492e-06 4.98)
(0.0009359584202 8.167985391e-06 4.98)
(0.00109195149 9.529316289e-06 4.98)
(0.00124794456 1.089064719e-05 4.98)
(0.00140393763 1.225197809e-05 4.98)
(0.0015599307 1.361330898e-05 4.98)
(0.00171592377 1.497463988e-05 4.98)
(0.00187191684 1.633597078e-05 4.98)
(0.00202790991 1.769730168e-05 4.98)
(0.00218390298 1.905863258e-05 4.98)
(0.00233989605 2.041996348e-05 4.98)
(0.00249588912 2.178129437e-05 4.98)
(0.002651882191 2.314262527e-05 4.98)
(0.002807875261 2.450395617e-05 4.98)
(0.002963868331 2.586528707e-05 4.98)
(0.003119861401 2.722661797e-05 4.98)
(0.003275854471 2.858794887e-05 4.98)
(0.003431847541 2.994927977e-05 4.98)
(0.003587840611 3.131061066e-05 4.98)
(0.003743833681 3.267194156e-05 4.98)
(0.003899826751 3.403327246e-05 4.98)
(0.004055819821 3.539460336e-05 4.98)
(0.004211812891 3.675593426e-05 4.98)
(0.004367805961 3.811726516e-05 4.98)
(0.004523799031 3.947859605e-05 4.98)
(0.004679792101 4.083992695e-05 4.98)
(0 0 4.988333333)
(0.00015599307 -1.361330898e-06 4.988333333)
(0.0003119861401 -2.722661797e-06 4.988333333)
(0.0004679792101 -4.083992695e-06 4.988333333)
(0.0006239722801 -5.445323594e-06 4.988333333)
(0.0007799653501 -6.806654492e-06 4.988333333)
(0.0009359584202 -8.167985391e-06 4.988333333)
(0.00109195149 -9.529316289e-06 4.988333333)
(0.00124794456 -1.089064719e-05 4.988333333)
(0.00140393763 -1.225197809e-05 4.988333333)
(0.0015599307 -1.361330898e-05 4.988333333)
(0.00171592377 -1.497463988e-05 4.988333333)
(0.00187191684 -1.633597078e-05 4.988333333)
(0.00202790991 -1.769730168e-05 4.988333333)
(0.00218390298 -1.905863258e-05 4.988333333)
(0.00233989605 -2.041996348e-05 4.988333333)
(0.00249588912 -2.178129437e-05 4.988333333)
(0.002651882191 -2.314262527e-05 4.988333333)
(0.002807875261 -2.450395617e-05 4.988333333)
(0.002963868331 -2.586528707e-05 4.988333333)
(0.003119861401 -2.722661797e-05 4.988333333)
(0.003275854471 -2.858794887e-05 4.988333333)
(0.003431847541 -2.994927977e-05 4.988333333)
(0.003587840611 -3.131061066e-05 4.988333333)
(0.003743833681 -3.267194156e-05 4.988333333)
(0.003899826751 -3.403327246e-05 4.988333333)
(0.004055819821 -3.539460336e-05 4.988333333)
(0.004211812891 -3.675593426e-05 4.988333333)
(0.004367805961 -3.811726516e-05 4.988333333)
(0.004523799031 -3.947859605e-05 4.988333333)
(0.004679792101 -4.083992695e-05 4.988333333)
(0.00015599307 1.361330898e-06 4.988333333)
(0.0003119861401 2.722661797e-06 4.988333333)
(0.0004679792101 4.083992695e-06 4.988333333)
(0.0006239722801 5.445323594e-06 4.988333333)
(0.0007799653501 6.806654492e-06 4.988333333)
(0.0009359584202 8.167985391e-06 4.988333333)
(0.00109195149 9.529316289e-06 4.988333333)
(0.00124794456 1.089064719e-05 4.988333333)
(0.00140393763 1.225197809e-05 4.988333333)
(0.0015599307 1.361330898e-05 4.988333333)
(0.00171592377 1.497463988e-05 4.988333333)
(0.00187191684 1.633597078e-05 4.988333333)
(0.00202790991 1.769730168e-05 4.988333333)
(0.00218390298 1.905863258e-05 4.988333333)
(0.00233989605 2.041996348e-05 4.988333333)
(0.00249588912 2.178129437e-05 4.988333333)
(0.002651882191 2.314262527e-05 4.988333333)
(0.002807875261 2.450395617e-05 4.988333333)
(0.002963868331 2.586528707e-05 4.988333333)
(0.003119861401 2.722661797e-05 4.988333333)
(0.003275854471 2.858794887e-05 4.988333333)
(0.003431847541 2.994927977e-05 4.988333333)
(0.003587840611 3.131061066e-05 4.988333333)
(0.003743833681 3.267194156e-05 4.988333333)
(0.003899826751 3.403327246e-05 4.988333333)
(0.004055819821 3.539460336e-05 4.988333333)
(0.004211812891 3.675593426e-05 4.988333333)
(0.004367805961 3.811726516e-05 4.988333333)
(0.004523799031 3.947859605e-05 4.988333333)
(0.004679792101 4.083992695e-05 4.988333333)
(0 0 4.996666667)
(0.00015599307 -1.361330898e-06 4.996666667)
(0.0003119861401 -2.722661797e-06 4.996666667)
(0.0004679792101 -4.083992695e-06 4.996666667)
(0.0006239722801 -5.445323594e-06 4.996666667)
(0.0007799653501 -6.806654492e-06 4.996666667)
(0.0009359584202 -8.167985391e-06 4.996666667)
(0.00109195149 -9.529316289e-06 4.996666667)
(0.00124794456 -1.089064719e-05 4.996666667)
(0.00140393763 -1.225197809e-05 4.996666667)
(0.0015599307 -1.361330898e-05 4.996666667)
(0.00171592377 -1.497463988e-05 4.996666667)
(0.00187191684 -1.633597078e-05 4.996666667)
(0.00202790991 -1.769730168e-05 4.996666667)
(0.00218390298 -1.905863258e-05 4.996666667)
(0.00233989605 -2.041996348e-05 4.996666667)
(0.00249588912 -2.178129437e-05 4.996666667)
(0.002651882191 -2.314262527e-05 4.996666667)
(0.002807875261 -2.450395617e-05 4.996666667)
(0.002963868331 -2.586528707e-05 4.996666667)
(0.003119861401 -2.722661797e-05 4.996666667)
(0.003275854471 -2.858794887e-05 4.996666667)
(0.003431847541 -2.994927977e-05 4.996666667)
(0.003587840611 -3.131061066e-05 4.996666667)
(0.003743833681 -3.267194156e-05 4.996666667)
(0.003899826751 -3.403327246e-05 4.996666667)
(0.004055819821 -3.539460336e-05 4.996666667)
(0.004211812891 -3.675593426e-05 4.996666667)
(0.004367805961 -3.811726516e-05 4.996666667)
(0.004523799031 -3.947859605e-05 4.996666667)
(0.004679792101 -4.083992695e-05 4.996666667)
(0.00015599307 1.361330898e-06 4.996666667)
(0.0003119861401 2.722661797e-06 4.996666667)
(0.0004679792101 4.083992695e-06 4.996666667)
(0.0006239722801 5.445323594e-06 4.996666667)
(0.0007799653501 6.806654492e-06 4.996666667)
(0.0009359584202 8.167985391e-06 4.996666667)
(0.00109195149 9.529316289e-06 4.996666667)
(0.00124794456 1.089064719e-05 4.996666667)
(0.00140393763 1.225197809e-05 4.996666667)
(0.0015599307 1.361330898e-05 4.996666667)
(0.00171592377 1.497463988e-05 4.996666667)
(0.00187191684 1.633597078e-05 4.996666667)
(0.00202790991 1.769730168e-05 4.996666667)
(0.00218390298 1.905863258e-05 4.996666667)
(0.00233989605 2.041996348e-05 4.996666667)
(0.00249588912 2.178129437e-05 4.996666667)
(0.002651882191 2.314262527e-05 4.996666667)
(0.002807875261 2.450395617e-05 4.996666667)
(0.002963868331 2.586528707e-05 4.996666667)
(0.003119861401 2.722661797e-05 4.996666667)
(0.003275854471 2.858794887e-05 4.996666667)
(0.003431847541 2.994927977e-05 4.996666667)
(0.003587840611 3.131061066e-05 4.996666667)
(0.003743833681 3.267194156e-05 4.996666667)
(0.003899826751 3.403327246e-05 4.996666667)
(0.004055819821 3.539460336e-05 4.996666667)
(0.004211812891 3.675593426e-05 4.996666667)
(0.004367805961 3.811726516e-05 4.996666667)
(0.004523799031 3.947859605e-05 4.996666667)
(0.004679792101 4.083992695e-05 4.996666667)
(0 0 5.005)
(0.00015599307 -1.361330898e-06 5.005)
(0.0003119861401 -2.722661797e-06 5.005)
(0.0004679792101 -4.083992695e-06 5.005)
(0.0006239722801 -5.445323594e-06 5.005)
(0.0007799653501 -6.806654492e-06 5.005)
(0.0009359584202 -8.167985391e-06 5.005)
(0.00109195149 -9.529316289e-06 5.005)
(0.00124794456 -1.089064719e-05 5.005)
(0.00140393763 -1.225197809e-05 5.005)
(0.0015599307 -1.361330898e-05 5.005)
(0.00171592377 -1.497463988e-05 5.005)
(0.00187191684 -1.633597078e-05 5.005)
(0.00202790991 -1.769730168e-05 5.005)
(0.00218390298 -1.905863258e-05 5.005)
(0.00233989605 -2.041996348e-05 5.005)
(0.00249588912 -2.178129437e-05 5.005)
(0.002651882191 -2.314262527e-05 5.005)
(0.002807875261 -2.450395617e-05 5.005)
(0.002963868331 -2.586528707e-05 5.005)
(0.003119861401 -2.722661797e-05 5.005)
(0.003275854471 -2.858794887e-05 5.005)
(0.003431847541 -2.994927977e-05 5.005)
(0.003587840611 -3.131061066e-05 5.005)
(0.003743833681 -3.267194156e-05 5.005)
(0.003899826751 -3.403327246e-05 5.005)
(0.004055819821 -3.539460336e-05 5.005)
(0.004211812891 -3.675593426e-05 5.005)
(0.004367805961 -3.811726516e-05 5.005)
(0.004523799031 -3.947859605e-05 5.005)
(0.004679792101 -4.083992695e-05 5.005)
(0.00015599307 1.361330898e-06 5.005)
(0.0003119861401 2.722661797e-06 5.005)
(0.0004679792101 4.083992695e-06 5.005)
(0.0006239722801 5.445323594e-06 5.005)
(0.0007799653501 6.806654492e-06 5.005)
(0.0009359584202 8.167985391e-06 5.005)
(0.00109195149 9.529316289e-06 5.005)
(0.00124794456 1.089064719e-05 5.005)
(0.00140393763 1.225197809e-05 5.005)
(0.0015599307 1.361330898e-05 5.005)
(0.00171592377 1.497463988e-05 5.005)
(0.00187191684 1.633597078e-05 5.005)
(0.00202790991 1.769730168e-05 5.005)
(0.00218390298 1.905863258e-05 5.005)
(0.00233989605 2.041996348e-05 5.005)
(0.00249588912 2.178129437e-05 5.005)
(0.002651882191 2.314262527e-05 5.005)
(0.002807875261 2.450395617e-05 5.005)
(0.002963868331 2.586528707e-05 5.005)
(0.003119861401 2.722661797e-05 5.005)
(0.003275854471 2.858794887e-05 5.005)
(0.003431847541 2.994927977e-05 5.005)
(0.003587840611 3.131061066e-05 5.005)
(0.003743833681 3.267194156e-05 5.005)
(0.003899826751 3.403327246e-05 5.005)
(0.004055819821 3.539460336e-05 5.005)
(0.004211812891 3.675593426e-05 5.005)
(0.004367805961 3.811726516e-05 5.005)
(0.004523799031 3.947859605e-05 5.005)
(0.004679792101 4.083992695e-05 5.005)
(0.0015599307 -1.361330898e-05 5.014375)
(0.00166392608 -1.452086292e-05 5.014375)
(0.00176792146 -1.542841685e-05 5.014375)
(0.00187191684 -1.633597078e-05 5.014375)
(0.00197591222 -1.724352471e-05 5.014375)
(0.0020799076 -1.815107865e-05 5.014375)
(0.00218390298 -1.905863258e-05 5.014375)
(0.00228789836 -1.996618651e-05 5.014375)
(0.00239189374 -2.087374044e-05 5.014375)
(0.00249588912 -2.178129437e-05 5.014375)
(0.0025998845 -2.268884831e-05 5.014375)
(0.002703879881 -2.359640224e-05 5.014375)
(0.002807875261 -2.450395617e-05 5.014375)
(0.002911870641 -2.54115101e-05 5.014375)
(0.003015866021 -2.631906404e-05 5.014375)
(0.003119861401 -2.722661797e-05 5.014375)
(0.003223856781 -2.81341719e-05 5.014375)
(0.003327852161 -2.904172583e-05 5.014375)
(0.003431847541 -2.994927977e-05 5.014375)
(0.003535842921 -3.08568337e-05 5.014375)
(0.003639838301 -3.176438763e-05 5.014375)
(0.003743833681 -3.267194156e-05 5.014375)
(0.003847829061 -3.357949549e-05 5.014375)
(0.003951824441 -3.448704943e-05 5.014375)
(0.004055819821 -3.539460336e-05 5.014375)
(0.004159815201 -3.630215729e-05 5.014375)
(0.004263810581 -3.720971122e-05 5.014375)
(0.004367805961 -3.811726516e-05 5.014375)
(0.004471801341 -3.902481909e-05 5.014375)
(0.004575796721 -3.993237302e-05 5.014375)
(0.004679792101 -4.083992695e-05 5.014375)
(0.0015599307 1.361330898e-05 5.014375)
(0.00166392608 1.452086292e-05 5.014375)
(0.00176792146 1.542841685e-05 5.014375)
(0.00187191684 1.633597078e-05 5.014375)
(0.00197591222 1.724352471e-05 5.014375)
(0.0020799076 1.815107865e-05 5.014375)
(0.00218390298 1.905863258e-05 5.014375)
(0.00228789836 1.996618651e-05 5.014375)
(0.00239189374 2.087374044e-05 5.014375)
(0.00249588912 2.178129437e-05 5.014375)
(0.0025998845 2.268884831e-05 5.014375)
(0.002703879881 2.359640224e-05 5.014375)
(0.002807875261 2.450395617e-05 5.014375)
(0.002911870641 2.54115101e-05 5.014375)
(0.003015866021 2.631906404e-05 5.014375)
(0.003119861401 2.722661797e-05 5.014375)
(0.003223856781 2.81341719e-05 5.014375)
(0.003327852161 2.904172583e-05 5.014375)
(0.003431847541 2.994927977e-05 5.014375)
(0.003535842921 3.08568337e-05 5.014375)
(0.003639838301 3.176438763e-05 5.014375)
(0.003743833681 3.267194156e-05 5.014375)
(0.003847829061 3.357949549e-05 5.014375)
(0.003951824441 3.448704943e-05 5.014375)
(0.004055819821 3.539460336e-05 5.014375)
(0.004159815201 3.630215729e-05 5.014375)
(0.004263810581 3.720971122e-05 5.014375)
(0.004367805961 3.811726516e-05 5.014375)
(0.004471801341 3.902481909e-05 5.014375)
(0.004575796721 3.993237302e-05 5.014375)
(0.004679792101 4.083992695e-05 5.014375)
(0.0015599307 -1.361330898e-05 5.02375)
(0.00166392608 -1.452086292e-05 5.02375)
(0.00176792146 -1.542841685e-05 5.02375)
(0.00187191684 -1.633597078e-05 5.02375)
(0.00197591222 -1.724352471e-05 5.02375)
(0.0020799076 -1.815107865e-05 5.02375)
(0.00218390298 -1.905863258e-05 5.02375)
(0.00228789836 -1.996618651e-05 5.02375)
(0.00239189374 -2.087374044e-05 5.02375)
(0.00249588912 -2.178129437e-05 5.02375)
(0.0025998845 -2.268884831e-05 5.02375)
(0.002703879881 -2.359640224e-05 5.02375)
(0.002807875261 -2.450395617e-05 5.02375)
(0.002911870641 -2.54115101e-05 5.02375)
(0.003015866021 -2.631906404e-05 5.02375)
(0.003119861401 -2.722661797e-05 5.02375)
(0.003223856781 -2.81341719e-05 5.02375)
(0.003327852161 -2.904172583e-05 5.02375)
(0.003431847541 -2.994927977e-05 5.02375)
(0.003535842921 -3.08568337e-05 5.02375)
(0.003639838301 -3.176438763e-05 5.02375)
(0.003743833681 -3.267194156e-05 5.02375)
(0.003847829061 -3.357949549e-05 5.02375)
(0.003951824441 -3.448704943e-05 5.02375)
(0.004055819821 -3.539460336e-05 5.02375)
(0.004159815201 -3.630215729e-05 5.02375)
(0.004263810581 -3.720971122e-05 5.02375)
(0.004367805961 -3.811726516e-05 5.02375)
(0.004471801341 -3.902481909e-05 5.02375)
(0.004575796721 -3.993237302e-05 5.02375)
(0.004679792101 -4.083992695e-05 5.02375)
(0.0015599307 1.361330898e-05 5.02375)
(0.00166392608 1.452086292e-05 5.02375)
(0.00176792146 1.542841685e-05 5.02375)
(0.00187191684 1.633597078e-05 5.02375)
(0.00197591222 1.724352471e-05 5.02375)
(0.0020799076 1.815107865e-05 5.02375)
(0.00218390298 1.905863258e-05 5.02375)
(0.00228789836 1.996618651e-05 5.02375)
(0.00239189374 2.087374044e-05 5.02375)
(0.00249588912 2.178129437e-05 5.02375)
(0.0025998845 2.268884831e-05 5.02375)
(0.002703879881 2.359640224e-05 5.02375)
(0.002807875261 2.450395617e-05 5.02375)
(0.002911870641 2.54115101e-05 5.02375)
(0.003015866021 2.631906404e-05 5.02375)
(0.003119861401 2.722661797e-05 5.02375)
(0.003223856781 2.81341719e-05 5.02375)
(0.003327852161 2.904172583e-05 5.02375)
(0.003431847541 2.994927977e-05 5.02375)
(0.003535842921 3.08568337e-05 5.02375)
(0.003639838301 3.176438763e-05 5.02375)
(0.003743833681 3.267194156e-05 5.02375)
(0.003847829061 3.357949549e-05 5.02375)
(0.003951824441 3.448704943e-05 5.02375)
(0.004055819821 3.539460336e-05 5.02375)
(0.004159815201 3.630215729e-05 5.02375)
(0.004263810581 3.720971122e-05 5.02375)
(0.004367805961 3.811726516e-05 5.02375)
(0.004471801341 3.902481909e-05 5.02375)
(0.004575796721 3.993237302e-05 5.02375)
(0.004679792101 4.083992695e-05 5.02375)
(0.0015599307 -1.361330898e-05 5.033125)
(0.00166392608 -1.452086292e-05 5.033125)
(0.00176792146 -1.542841685e-05 5.033125)
(0.00187191684 -1.633597078e-05 5.033125)
(0.00197591222 -1.724352471e-05 5.033125)
(0.0020799076 -1.815107865e-05 5.033125)
(0.00218390298 -1.905863258e-05 5.033125)
(0.00228789836 -1.996618651e-05 5.033125)
(0.00239189374 -2.087374044e-05 5.033125)
(0.00249588912 -2.178129437e-05 5.033125)
(0.0025998845 -2.268884831e-05 5.033125)
(0.002703879881 -2.359640224e-05 5.033125)
(0.002807875261 -2.450395617e-05 5.033125)
(0.002911870641 -2.54115101e-05 5.033125)
(0.003015866021 -2.631906404e-05 5.033125)
(0.003119861401 -2.722661797e-05 5.033125)
(0.003223856781 -2.81341719e-05 5.033125)
(0.003327852161 -2.904172583e-05 5.033125)
(0.003431847541 -2.994927977e-05 5.033125)
(0.003535842921 -3.08568337e-05 5.033125)
(0.003639838301 -3.176438763e-05 5.033125)
(0.003743833681 -3.267194156e-05 5.033125)
(0.003847829061 -3.357949549e-05 5.033125)
(0.003951824441 -3.448704943e-05 5.033125)
(0.004055819821 -3.539460336e-05 5.033125)
(0.004159815201 -3.630215729e-05 5.033125)
(0.004263810581 -3.720971122e-05 5.033125)
(0.004367805961 -3.811726516e-05 5.033125)
(0.004471801341 -3.902481909e-05 5.033125)
(0.004575796721 -3.993237302e-05 5.033125)
(0.004679792101 -4.083992695e-05 5.033125)
(0.0015599307 1.361330898e-05 5.033125)
(0.00166392608 1.452086292e-05 5.033125)
(0.00176792146 1.542841685e-05 5.033125)
(0.00187191684 1.633597078e-05 5.033125)
(0.00197591222 1.724352471e-05 5.033125)
(0.0020799076 1.815107865e-05 5.033125)
(0.00218390298 1.905863258e-05 5.033125)
(0.00228789836 1.996618651e-05 5.033125)
(0.00239189374 2.087374044e-05 5.033125)
(0.00249588912 2.178129437e-05 5.033125)
(0.0025998845 2.268884831e-05 5.033125)
(0.002703879881 2.359640224e-05 5.033125)
(0.002807875261 2.450395617e-05 5.033125)
(0.002911870641 2.54115101e-05 5.033125)
(0.003015866021 2.631906404e-05 5.033125)
(0.003119861401 2.722661797e-05 5.033125)
(0.003223856781 2.81341719e-05 5.033125)
(0.003327852161 2.904172583e-05 5.033125)
(0.003431847541 2.994927977e-05 5.033125)
(0.003535842921 3.08568337e-05 5.033125)
(0.003639838301 3.176438763e-05 5.033125)
(0.003743833681 3.267194156e-05 5.033125)
(0.003847829061 3.357949549e-05 5.033125)
(0.003951824441 3.448704943e-05 5.033125)
(0.004055819821 3.539460336e-05 5.033125)
(0.004159815201 3.630215729e-05 5.033125)
(0.004263810581 3.720971122e-05 5.033125)
(0.004367805961 3.811726516e-05 5.033125)
(0.004471801341 3.902481909e-05 5.033125)
(0.004575796721 3.993237302e-05 5.033125)
(0.004679792101 4.083992695e-05 5.033125)
(0.0015599307 -1.361330898e-05 5.0425)
(0.00166392608 -1.452086292e-05 5.0425)
(0.00176792146 -1.542841685e-05 5.0425)
(0.00187191684 -1.633597078e-05 5.0425)
(0.00197591222 -1.724352471e-05 5.0425)
(0.0020799076 -1.815107865e-05 5.0425)
(0.00218390298 -1.905863258e-05 5.0425)
(0.00228789836 -1.996618651e-05 5.0425)
(0.00239189374 -2.087374044e-05 5.0425)
(0.00249588912 -2.178129437e-05 5.0425)
(0.0025998845 -2.268884831e-05 5.0425)
(0.002703879881 -2.359640224e-05 5.0425)
(0.002807875261 -2.450395617e-05 5.0425)
(0.002911870641 -2.54115101e-05 5.0425)
(0.003015866021 -2.631906404e-05 5.0425)
(0.003119861401 -2.722661797e-05 5.0425)
(0.003223856781 -2.81341719e-05 5.0425)
(0.003327852161 -2.904172583e-05 5.0425)
(0.003431847541 -2.994927977e-05 5.0425)
(0.003535842921 -3.08568337e-05 5.0425)
(0.003639838301 -3.176438763e-05 5.0425)
(0.003743833681 -3.267194156e-05 5.0425)
(0.003847829061 -3.357949549e-05 5.0425)
(0.003951824441 -3.448704943e-05 5.0425)
(0.004055819821 -3.539460336e-05 5.0425)
(0.004159815201 -3.630215729e-05 5.0425)
(0.004263810581 -3.720971122e-05 5.0425)
(0.004367805961 -3.811726516e-05 5.0425)
(0.004471801341 -3.902481909e-05 5.0425)
(0.004575796721 -3.993237302e-05 5.0425)
(0.004679792101 -4.083992695e-05 5.0425)
(0.0015599307 1.361330898e-05 5.0425)
(0.00166392608 1.452086292e-05 5.0425)
(0.00176792146 1.542841685e-05 5.0425)
(0.00187191684 1.633597078e-05 5.0425)
(0.00197591222 1.724352471e-05 5.0425)
(0.0020799076 1.815107865e-05 5.0425)
(0.00218390298 1.905863258e-05 5.0425)
(0.00228789836 1.996618651e-05 5.0425)
(0.00239189374 2.087374044e-05 5.0425)
(0.00249588912 2.178129437e-05 5.0425)
(0.0025998845 2.268884831e-05 5.0425)
(0.002703879881 2.359640224e-05 5.0425)
(0.002807875261 2.450395617e-05 5.0425)
(0.002911870641 2.54115101e-05 5.0425)
(0.003015866021 2.631906404e-05 5.0425)
(0.003119861401 2.722661797e-05 5.0425)
(0.003223856781 2.81341719e-05 5.0425)
(0.003327852161 2.904172583e-05 5.0425)
(0.003431847541 2.994927977e-05 5.0425)
(0.003535842921 3.08568337e-05 5.0425)
(0.003639838301 3.176438763e-05 5.0425)
(0.003743833681 3.267194156e-05 5.0425)
(0.003847829061 3.357949549e-05 5.0425)
(0.003951824441 3.448704943e-05 5.0425)
(0.004055819821 3.539460336e-05 5.0425)
(0.004159815201 3.630215729e-05 5.0425)
(0.004263810581 3.720971122e-05 5.0425)
(0.004367805961 3.811726516e-05 5.0425)
(0.004471801341 3.902481909e-05 5.0425)
(0.004575796721 3.993237302e-05 5.0425)
(0.004679792101 4.083992695e-05 5.0425)
(0.0015599307 -1.361330898e-05 5.051875)
(0.00166392608 -1.452086292e-05 5.051875)
(0.00176792146 -1.542841685e-05 5.051875)
(0.00187191684 -1.633597078e-05 5.051875)
(0.00197591222 -1.724352471e-05 5.051875)
(0.0020799076 -1.815107865e-05 5.051875)
(0.00218390298 -1.905863258e-05 5.051875)
(0.00228789836 -1.996618651e-05 5.051875)
(0.00239189374 -2.087374044e-05 5.051875)
(0.00249588912 -2.178129437e-05 5.051875)
(0.0025998845 -2.268884831e-05 5.051875)
(0.002703879881 -2.359640224e-05 5.051875)
(0.002807875261 -2.450395617e-05 5.051875)
(0.002911870641 -2.54115101e-05 5.051875)
(0.003015866021 -2.631906404e-05 5.051875)
(0.003119861401 -2.722661797e-05 5.051875)
(0.003223856781 -2.81341719e-05 5.051875)
(0.003327852161 -2.904172583e-05 5.051875)
(0.003431847541 -2.994927977e-05 5.051875)
(0.003535842921 -3.08568337e-05 5.051875)
(0.003639838301 -3.176438763e-05 5.051875)
(0.003743833681 -3.267194156e-05 5.051875)
(0.003847829061 -3.357949549e-05 5.051875)
(0.003951824441 -3.448704943e-05 5.051875)
(0.004055819821 -3.539460336e-05 5.051875)
(0.004159815201 -3.630215729e-05 5.051875)
(0.004263810581 -3.720971122e-05 5.051875)
(0.004367805961 -3.811726516e-05 5.051875)
(0.004471801341 -3.902481909e-05 5.051875)
(0.004575796721 -3.993237302e-05 5.051875)
(0.004679792101 -4.083992695e-05 5.051875)
(0.0015599307 1.361330898e-05 5.051875)
(0.00166392608 1.452086292e-05 5.051875)
(0.00176792146 1.542841685e-05 5.051875)
(0.00187191684 1.633597078e-05 5.051875)
(0.00197591222 1.724352471e-05 5.051875)
(0.0020799076 1.815107865e-05 5.051875)
(0.00218390298 1.905863258e-05 5.051875)
(0.00228789836 1.996618651e-05 5.051875)
(0.00239189374 2.087374044e-05 5.051875)
(0.00249588912 2.178129437e-05 5.051875)
(0.0025998845 2.268884831e-05 5.051875)
(0.002703879881 2.359640224e-05 5.051875)
(0.002807875261 2.450395617e-05 5.051875)
(0.002911870641 2.54115101e-05 5.051875)
(0.003015866021 2.631906404e-05 5.051875)
(0.003119861401 2.722661797e-05 5.051875)
(0.003223856781 2.81341719e-05 5.051875)
(0.003327852161 2.904172583e-05 5.051875)
(0.003431847541 2.994927977e-05 5.051875)
(0.003535842921 3.08568337e-05 5.051875)
(0.003639838301 3.176438763e-05 5.051875)
(0.003743833681 3.267194156e-05 5.051875)
(0.003847829061 3.357949549e-05 5.051875)
(0.003951824441 3.448704943e-05 5.051875)
(0.004055819821 3.539460336e-05 5.051875)
(0.004159815201 3.630215729e-05 5.051875)
(0.004263810581 3.720971122e-05 5.051875)
(0.004367805961 3.811726516e-05 5.051875)
(0.004471801341 3.902481909e-05 5.051875)
(0.004575796721 3.993237302e-05 5.051875)
(0.004679792101 4.083992695e-05 5.051875)
(0.0015599307 -1.361330898e-05 5.06125)
(0.00166392608 -1.452086292e-05 5.06125)
(0.00176792146 -1.542841685e-05 5.06125)
(0.00187191684 -1.633597078e-05 5.06125)
(0.00197591222 -1.724352471e-05 5.06125)
(0.0020799076 -1.815107865e-05 5.06125)
(0.00218390298 -1.905863258e-05 5.06125)
(0.00228789836 -1.996618651e-05 5.06125)
(0.00239189374 -2.087374044e-05 5.06125)
(0.00249588912 -2.178129437e-05 5.06125)
(0.0025998845 -2.268884831e-05 5.06125)
(0.002703879881 -2.359640224e-05 5.06125)
(0.002807875261 -2.450395617e-05 5.06125)
(0.002911870641 -2.54115101e-05 5.06125)
(0.003015866021 -2.631906404e-05 5.06125)
(0.003119861401 -2.722661797e-05 5.06125)
(0.003223856781 -2.81341719e-05 5.06125)
(0.003327852161 -2.904172583e-05 5.06125)
(0.003431847541 -2.994927977e-05 5.06125)
(0.003535842921 -3.08568337e-05 5.06125)
(0.003639838301 -3.176438763e-05 5.06125)
(0.003743833681 -3.267194156e-05 5.06125)
(0.003847829061 -3.357949549e-05 5.06125)
(0.003951824441 -3.448704943e-05 5.06125)
(0.004055819821 -3.539460336e-05 5.06125)
(0.004159815201 -3.630215729e-05 5.06125)
(0.004263810581 -3.720971122e-05 5.06125)
(0.004367805961 -3.811726516e-05 5.06125)
(0.004471801341 -3.902481909e-05 5.06125)
(0.004575796721 -3.993237302e-05 5.06125)
(0.004679792101 -4.083992695e-05 5.06125)
(0.0015599307 1.361330898e-05 5.06125)
(0.00166392608 1.452086292e-05 5.06125)
(0.00176792146 1.542841685e-05 5.06125)
(0.00187191684 1.633597078e-05 5.06125)
(0.00197591222 1.724352471e-05 5.06125)
(0.0020799076 1.815107865e-05 5.06125)
(0.00218390298 1.905863258e-05 5.06125)
(0.00228789836 1.996618651e-05 5.06125)
(0.00239189374 2.087374044e-05 5.06125)
(0.00249588912 2.178129437e-05 5.06125)
(0.0025998845 2.268884831e-05 5.06125)
(0.002703879881 2.359640224e-05 5.06125)
(0.002807875261 2.450395617e-05 5.06125)
(0.002911870641 2.54115101e-05 5.06125)
(0.003015866021 2.631906404e-05 5.06125)
(0.003119861401 2.722661797e-05 5.06125)
(0.003223856781 2.81341719e-05 5.06125)
(0.003327852161 2.904172583e-05 5.06125)
(0.003431847541 2.994927977e-05 5.06125)
(0.003535842921 3.08568337e-05 5.06125)
(0.003639838301 3.176438763e-05 5.06125)
(0.003743833681 3.267194156e-05 5.06125)
(0.003847829061 3.357949549e-05 5.06125)
(0.003951824441 3.448704943e-05 5.06125)
(0.004055819821 3.539460336e-05 5.06125)
(0.004159815201 3.630215729e-05 5.06125)
(0.004263810581 3.720971122e-05 5.06125)
(0.004367805961 3.811726516e-05 5.06125)
(0.004471801341 3.902481909e-05 5.06125)
(0.004575796721 3.993237302e-05 5.06125)
(0.004679792101 4.083992695e-05 5.06125)
(0.0015599307 -1.361330898e-05 5.070625)
(0.00166392608 -1.452086292e-05 5.070625)
(0.00176792146 -1.542841685e-05 5.070625)
(0.00187191684 -1.633597078e-05 5.070625)
(0.00197591222 -1.724352471e-05 5.070625)
(0.0020799076 -1.815107865e-05 5.070625)
(0.00218390298 -1.905863258e-05 5.070625)
(0.00228789836 -1.996618651e-05 5.070625)
(0.00239189374 -2.087374044e-05 5.070625)
(0.00249588912 -2.178129437e-05 5.070625)
(0.0025998845 -2.268884831e-05 5.070625)
(0.002703879881 -2.359640224e-05 5.070625)
(0.002807875261 -2.450395617e-05 5.070625)
(0.002911870641 -2.54115101e-05 5.070625)
(0.003015866021 -2.631906404e-05 5.070625)
(0.003119861401 -2.722661797e-05 5.070625)
(0.003223856781 -2.81341719e-05 5.070625)
(0.003327852161 -2.904172583e-05 5.070625)
(0.003431847541 -2.994927977e-05 5.070625)
(0.003535842921 -3.08568337e-05 5.070625)
(0.003639838301 -3.176438763e-05 5.070625)
(0.003743833681 -3.267194156e-05 5.070625)
(0.003847829061 -3.357949549e-05 5.070625)
(0.003951824441 -3.448704943e-05 5.070625)
(0.004055819821 -3.539460336e-05 5.070625)
(0.004159815201 -3.630215729e-05 5.070625)
(0.004263810581 -3.720971122e-05 5.070625)
(0.004367805961 -3.811726516e-05 5.070625)
(0.004471801341 -3.902481909e-05 5.070625)
(0.004575796721 -3.993237302e-05 5.070625)
(0.004679792101 -4.083992695e-05 5.070625)
(0.0015599307 1.361330898e-05 5.070625)
(0.00166392608 1.452086292e-05 5.070625)
(0.00176792146 1.542841685e-05 5.070625)
(0.00187191684 1.633597078e-05 5.070625)
(0.00197591222 1.724352471e-05 5.070625)
(0.0020799076 1.815107865e-05 5.070625)
(0.00218390298 1.905863258e-05 5.070625)
(0.00228789836 1.996618651e-05 5.070625)
(0.00239189374 2.087374044e-05 5.070625)
(0.00249588912 2.178129437e-05 5.070625)
(0.0025998845 2.268884831e-05 5.070625)
(0.002703879881 2.359640224e-05 5.070625)
(0.002807875261 2.450395617e-05 5.070625)
(0.002911870641 2.54115101e-05 5.070625)
(0.003015866021 2.631906404e-05 5.070625)
(0.003119861401 2.722661797e-05 5.070625)
(0.003223856781 2.81341719e-05 5.070625)
(0.003327852161 2.904172583e-05 5.070625)
(0.003431847541 2.994927977e-05 5.070625)
(0.003535842921 3.08568337e-05 5.070625)
(0.003639838301 3.176438763e-05 5.070625)
(0.003743833681 3.267194156e-05 5.070625)
(0.003847829061 3.357949549e-05 5.070625)
(0.003951824441 3.448704943e-05 5.070625)
(0.004055819821 3.539460336e-05 5.070625)
(0.004159815201 3.630215729e-05 5.070625)
(0.004263810581 3.720971122e-05 5.070625)
(0.004367805961 3.811726516e-05 5.070625)
(0.004471801341 3.902481909e-05 5.070625)
(0.004575796721 3.993237302e-05 5.070625)
(0.004679792101 4.083992695e-05 5.070625)
(0.0015599307 -1.361330898e-05 5.08)
(0.00166392608 -1.452086292e-05 5.08)
(0.00176792146 -1.542841685e-05 5.08)
(0.00187191684 -1.633597078e-05 5.08)
(0.00197591222 -1.724352471e-05 5.08)
(0.0020799076 -1.815107865e-05 5.08)
(0.00218390298 -1.905863258e-05 5.08)
(0.00228789836 -1.996618651e-05 5.08)
(0.00239189374 -2.087374044e-05 5.08)
(0.00249588912 -2.178129437e-05 5.08)
(0.0025998845 -2.268884831e-05 5.08)
(0.002703879881 -2.359640224e-05 5.08)
(0.002807875261 -2.450395617e-05 5.08)
(0.002911870641 -2.54115101e-05 5.08)
(0.003015866021 -2.631906404e-05 5.08)
(0.003119861401 -2.722661797e-05 5.08)
(0.003223856781 -2.81341719e-05 5.08)
(0.003327852161 -2.904172583e-05 5.08)
(0.003431847541 -2.994927977e-05 5.08)
(0.003535842921 -3.08568337e-05 5.08)
(0.003639838301 -3.176438763e-05 5.08)
(0.003743833681 -3.267194156e-05 5.08)
(0.003847829061 -3.357949549e-05 5.08)
(0.003951824441 -3.448704943e-05 5.08)
(0.004055819821 -3.539460336e-05 5.08)
(0.004159815201 -3.630215729e-05 5.08)
(0.004263810581 -3.720971122e-05 5.08)
(0.004367805961 -3.811726516e-05 5.08)
(0.004471801341 -3.902481909e-05 5.08)
(0.004575796721 -3.993237302e-05 5.08)
(0.004679792101 -4.083992695e-05 5.08)
(0.0015599307 1.361330898e-05 5.08)
(0.00166392608 1.452086292e-05 5.08)
(0.00176792146 1.542841685e-05 5.08)
(0.00187191684 1.633597078e-05 5.08)
(0.00197591222 1.724352471e-05 5.08)
(0.0020799076 1.815107865e-05 5.08)
(0.00218390298 1.905863258e-05 5.08)
(0.00228789836 1.996618651e-05 5.08)
(0.00239189374 2.087374044e-05 5.08)
(0.00249588912 2.178129437e-05 5.08)
(0.0025998845 2.268884831e-05 5.08)
(0.002703879881 2.359640224e-05 5.08)
(0.002807875261 2.450395617e-05 5.08)
(0.002911870641 2.54115101e-05 5.08)
(0.003015866021 2.631906404e-05 5.08)
(0.003119861401 2.722661797e-05 5.08)
(0.003223856781 2.81341719e-05 5.08)
(0.003327852161 2.904172583e-05 5.08)
(0.003431847541 2.994927977e-05 5.08)
(0.003535842921 3.08568337e-05 5.08)
(0.003639838301 3.176438763e-05 5.08)
(0.003743833681 3.267194156e-05 5.08)
(0.003847829061 3.357949549e-05 5.08)
(0.003951824441 3.448704943e-05 5.08)
(0.004055819821 3.539460336e-05 5.08)
(0.004159815201 3.630215729e-05 5.08)
(0.004263810581 3.720971122e-05 5.08)
(0.004367805961 3.811726516e-05 5.08)
(0.004471801341 3.902481909e-05 5.08)
(0.004575796721 3.993237302e-05 5.08)
(0.004679792101 4.083992695e-05 5.08)
(0.0015599307 -1.361330898e-05 5.089375)
(0.00166392608 -1.452086292e-05 5.089375)
(0.00176792146 -1.542841685e-05 5.089375)
(0.00187191684 -1.633597078e-05 5.089375)
(0.00197591222 -1.724352471e-05 5.089375)
(0.0020799076 -1.815107865e-05 5.089375)
(0.00218390298 -1.905863258e-05 5.089375)
(0.00228789836 -1.996618651e-05 5.089375)
(0.00239189374 -2.087374044e-05 5.089375)
(0.00249588912 -2.178129437e-05 5.089375)
(0.0025998845 -2.268884831e-05 5.089375)
(0.002703879881 -2.359640224e-05 5.089375)
(0.002807875261 -2.450395617e-05 5.089375)
(0.002911870641 -2.54115101e-05 5.089375)
(0.003015866021 -2.631906404e-05 5.089375)
(0.003119861401 -2.722661797e-05 5.089375)
(0.003223856781 -2.81341719e-05 5.089375)
(0.003327852161 -2.904172583e-05 5.089375)
(0.003431847541 -2.994927977e-05 5.089375)
(0.003535842921 -3.08568337e-05 5.089375)
(0.003639838301 -3.176438763e-05 5.089375)
(0.003743833681 -3.267194156e-05 5.089375)
(0.003847829061 -3.357949549e-05 5.089375)
(0.003951824441 -3.448704943e-05 5.089375)
(0.004055819821 -3.539460336e-05 5.089375)
(0.004159815201 -3.630215729e-05 5.089375)
(0.004263810581 -3.720971122e-05 5.089375)
(0.004367805961 -3.811726516e-05 5.089375)
(0.004471801341 -3.902481909e-05 5.089375)
(0.004575796721 -3.993237302e-05 5.089375)
(0.004679792101 -4.083992695e-05 5.089375)
(0.0015599307 1.361330898e-05 5.089375)
(0.00166392608 1.452086292e-05 5.089375)
(0.00176792146 1.542841685e-05 5.089375)
(0.00187191684 1.633597078e-05 5.089375)
(0.00197591222 1.724352471e-05 5.089375)
(0.0020799076 1.815107865e-05 5.089375)
(0.00218390298 1.905863258e-05 5.089375)
(0.00228789836 1.996618651e-05 5.089375)
(0.00239189374 2.087374044e-05 5.089375)
(0.00249588912 2.178129437e-05 5.089375)
(0.0025998845 2.268884831e-05 5.089375)
(0.002703879881 2.359640224e-05 5.089375)
(0.002807875261 2.450395617e-05 5.089375)
(0.002911870641 2.54115101e-05 5.089375)
(0.003015866021 2.631906404e-05 5.089375)
(0.003119861401 2.722661797e-05 5.089375)
(0.003223856781 2.81341719e-05 5.089375)
(0.003327852161 2.904172583e-05 5.089375)
(0.003431847541 2.994927977e-05 5.089375)
(0.003535842921 3.08568337e-05 5.089375)
(0.003639838301 3.176438763e-05 5.089375)
(0.003743833681 3.267194156e-05 5.089375)
(0.003847829061 3.357949549e-05 5.089375)
(0.003951824441 3.448704943e-05 5.089375)
(0.004055819821 3.539460336e-05 5.089375)
(0.004159815201 3.630215729e-05 5.089375)
(0.004263810581 3.720971122e-05 5.089375)
(0.004367805961 3.811726516e-05 5.089375)
(0.004471801341 3.902481909e-05 5.089375)
(0.004575796721 3.993237302e-05 5.089375)
(0.004679792101 4.083992695e-05 5.089375)
(0.0015599307 -1.361330898e-05 5.09875)
(0.00166392608 -1.452086292e-05 5.09875)
(0.00176792146 -1.542841685e-05 5.09875)
(0.00187191684 -1.633597078e-05 5.09875)
(0.00197591222 -1.724352471e-05 5.09875)
(0.0020799076 -1.815107865e-05 5.09875)
(0.00218390298 -1.905863258e-05 5.09875)
(0.00228789836 -1.996618651e-05 5.09875)
(0.00239189374 -2.087374044e-05 5.09875)
(0.00249588912 -2.178129437e-05 5.09875)
(0.0025998845 -2.268884831e-05 5.09875)
(0.002703879881 -2.359640224e-05 5.09875)
(0.002807875261 -2.450395617e-05 5.09875)
(0.002911870641 -2.54115101e-05 5.09875)
(0.003015866021 -2.631906404e-05 5.09875)
(0.003119861401 -2.722661797e-05 5.09875)
(0.003223856781 -2.81341719e-05 5.09875)
(0.003327852161 -2.904172583e-05 5.09875)
(0.003431847541 -2.994927977e-05 5.09875)
(0.003535842921 -3.08568337e-05 5.09875)
(0.003639838301 -3.176438763e-05 5.09875)
(0.003743833681 -3.267194156e-05 5.09875)
(0.003847829061 -3.357949549e-05 5.09875)
(0.003951824441 -3.448704943e-05 5.09875)
(0.004055819821 -3.539460336e-05 5.09875)
(0.004159815201 -3.630215729e-05 5.09875)
(0.004263810581 -3.720971122e-05 5.09875)
(0.004367805961 -3.811726516e-05 5.09875)
(0.004471801341 -3.902481909e-05 5.09875)
(0.004575796721 -3.993237302e-05 5.09875)
(0.004679792101 -4.083992695e-05 5.09875)
(0.0015599307 1.361330898e-05 5.09875)
(0.00166392608 1.452086292e-05 5.09875)
(0.00176792146 1.542841685e-05 5.09875)
(0.00187191684 1.633597078e-05 5.09875)
(0.00197591222 1.724352471e-05 5.09875)
(0.0020799076 1.815107865e-05 5.09875)
(0.00218390298 1.905863258e-05 5.09875)
(0.00228789836 1.996618651e-05 5.09875)
(0.00239189374 2.087374044e-05 5.09875)
(0.00249588912 2.178129437e-05 5.09875)
(0.0025998845 2.268884831e-05 5.09875)
(0.002703879881 2.359640224e-05 5.09875)
(0.002807875261 2.450395617e-05 5.09875)
(0.002911870641 2.54115101e-05 5.09875)
(0.003015866021 2.631906404e-05 5.09875)
(0.003119861401 2.722661797e-05 5.09875)
(0.003223856781 2.81341719e-05 5.09875)
(0.003327852161 2.904172583e-05 5.09875)
(0.003431847541 2.994927977e-05 5.09875)
(0.003535842921 3.08568337e-05 5.09875)
(0.003639838301 3.176438763e-05 5.09875)
(0.003743833681 3.267194156e-05 5.09875)
(0.003847829061 3.357949549e-05 5.09875)
(0.003951824441 3.448704943e-05 5.09875)
(0.004055819821 3.539460336e-05 5.09875)
(0.004159815201 3.630215729e-05 5.09875)
(0.004263810581 3.720971122e-05 5.09875)
(0.004367805961 3.811726516e-05 5.09875)
(0.004471801341 3.902481909e-05 5.09875)
(0.004575796721 3.993237302e-05 5.09875)
(0.004679792101 4.083992695e-05 5.09875)
(0.0015599307 -1.361330898e-05 5.108125)
(0.00166392608 -1.452086292e-05 5.108125)
(0.00176792146 -1.542841685e-05 5.108125)
(0.00187191684 -1.633597078e-05 5.108125)
(0.00197591222 -1.724352471e-05 5.108125)
(0.0020799076 -1.815107865e-05 5.108125)
(0.00218390298 -1.905863258e-05 5.108125)
(0.00228789836 -1.996618651e-05 5.108125)
(0.00239189374 -2.087374044e-05 5.108125)
(0.00249588912 -2.178129437e-05 5.108125)
(0.0025998845 -2.268884831e-05 5.108125)
(0.002703879881 -2.359640224e-05 5.108125)
(0.002807875261 -2.450395617e-05 5.108125)
(0.002911870641 -2.54115101e-05 5.108125)
(0.003015866021 -2.631906404e-05 5.108125)
(0.003119861401 -2.722661797e-05 5.108125)
(0.003223856781 -2.81341719e-05 5.108125)
(0.003327852161 -2.904172583e-05 5.108125)
(0.003431847541 -2.994927977e-05 5.108125)
(0.003535842921 -3.08568337e-05 5.108125)
(0.003639838301 -3.176438763e-05 5.108125)
(0.003743833681 -3.267194156e-05 5.108125)
(0.003847829061 -3.357949549e-05 5.108125)
(0.003951824441 -3.448704943e-05 5.108125)
(0.004055819821 -3.539460336e-05 5.108125)
(0.004159815201 -3.630215729e-05 5.108125)
(0.004263810581 -3.720971122e-05 5.108125)
(0.004367805961 -3.811726516e-05 5.108125)
(0.004471801341 -3.902481909e-05 5.108125)
(0.004575796721 -3.993237302e-05 5.108125)
(0.004679792101 -4.083992695e-05 5.108125)
(0.0015599307 1.361330898e-05 5.108125)
(0.00166392608 1.452086292e-05 5.108125)
(0.00176792146 1.542841685e-05 5.108125)
(0.00187191684 1.633597078e-05 5.108125)
(0.00197591222 1.724352471e-05 5.108125)
(0.0020799076 1.815107865e-05 5.108125)
(0.00218390298 1.905863258e-05 5.108125)
(0.00228789836 1.996618651e-05 5.108125)
(0.00239189374 2.087374044e-05 5.108125)
(0.00249588912 2.178129437e-05 5.108125)
(0.0025998845 2.268884831e-05 5.108125)
(0.002703879881 2.359640224e-05 5.108125)
(0.002807875261 2.450395617e-05 5.108125)
(0.002911870641 2.54115101e-05 5.108125)
(0.003015866021 2.631906404e-05 5.108125)
(0.003119861401 2.722661797e-05 5.108125)
(0.003223856781 2.81341719e-05 5.108125)
(0.003327852161 2.904172583e-05 5.108125)
(0.003431847541 2.994927977e-05 5.108125)
(0.003535842921 3.08568337e-05 5.108125)
(0.003639838301 3.176438763e-05 5.108125)
(0.003743833681 3.267194156e-05 5.108125)
(0.003847829061 3.357949549e-05 5.108125)
(0.003951824441 3.448704943e-05 5.108125)
(0.004055819821 3.539460336e-05 5.108125)
(0.004159815201 3.630215729e-05 5.108125)
(0.004263810581 3.720971122e-05 5.108125)
(0.004367805961 3.811726516e-05 5.108125)
(0.004471801341 3.902481909e-05 5.108125)
(0.004575796721 3.993237302e-05 5.108125)
(0.004679792101 4.083992695e-05 5.108125)
(0.0015599307 -1.361330898e-05 5.1175)
(0.00166392608 -1.452086292e-05 5.1175)
(0.00176792146 -1.542841685e-05 5.1175)
(0.00187191684 -1.633597078e-05 5.1175)
(0.00197591222 -1.724352471e-05 5.1175)
(0.0020799076 -1.815107865e-05 5.1175)
(0.00218390298 -1.905863258e-05 5.1175)
(0.00228789836 -1.996618651e-05 5.1175)
(0.00239189374 -2.087374044e-05 5.1175)
(0.00249588912 -2.178129437e-05 5.1175)
(0.0025998845 -2.268884831e-05 5.1175)
(0.002703879881 -2.359640224e-05 5.1175)
(0.002807875261 -2.450395617e-05 5.1175)
(0.002911870641 -2.54115101e-05 5.1175)
(0.003015866021 -2.631906404e-05 5.1175)
(0.003119861401 -2.722661797e-05 5.1175)
(0.003223856781 -2.81341719e-05 5.1175)
(0.003327852161 -2.904172583e-05 5.1175)
(0.003431847541 -2.994927977e-05 5.1175)
(0.003535842921 -3.08568337e-05 5.1175)
(0.003639838301 -3.176438763e-05 5.1175)
(0.003743833681 -3.267194156e-05 5.1175)
(0.003847829061 -3.357949549e-05 5.1175)
(0.003951824441 -3.448704943e-05 5.1175)
(0.004055819821 -3.539460336e-05 5.1175)
(0.004159815201 -3.630215729e-05 5.1175)
(0.004263810581 -3.720971122e-05 5.1175)
(0.004367805961 -3.811726516e-05 5.1175)
(0.004471801341 -3.902481909e-05 5.1175)
(0.004575796721 -3.993237302e-05 5.1175)
(0.004679792101 -4.083992695e-05 5.1175)
(0.0015599307 1.361330898e-05 5.1175)
(0.00166392608 1.452086292e-05 5.1175)
(0.00176792146 1.542841685e-05 5.1175)
(0.00187191684 1.633597078e-05 5.1175)
(0.00197591222 1.724352471e-05 5.1175)
(0.0020799076 1.815107865e-05 5.1175)
(0.00218390298 1.905863258e-05 5.1175)
(0.00228789836 1.996618651e-05 5.1175)
(0.00239189374 2.087374044e-05 5.1175)
(0.00249588912 2.178129437e-05 5.1175)
(0.0025998845 2.268884831e-05 5.1175)
(0.002703879881 2.359640224e-05 5.1175)
(0.002807875261 2.450395617e-05 5.1175)
(0.002911870641 2.54115101e-05 5.1175)
(0.003015866021 2.631906404e-05 5.1175)
(0.003119861401 2.722661797e-05 5.1175)
(0.003223856781 2.81341719e-05 5.1175)
(0.003327852161 2.904172583e-05 5.1175)
(0.003431847541 2.994927977e-05 5.1175)
(0.003535842921 3.08568337e-05 5.1175)
(0.003639838301 3.176438763e-05 5.1175)
(0.003743833681 3.267194156e-05 5.1175)
(0.003847829061 3.357949549e-05 5.1175)
(0.003951824441 3.448704943e-05 5.1175)
(0.004055819821 3.539460336e-05 5.1175)
(0.004159815201 3.630215729e-05 5.1175)
(0.004263810581 3.720971122e-05 5.1175)
(0.004367805961 3.811726516e-05 5.1175)
(0.004471801341 3.902481909e-05 5.1175)
(0.004575796721 3.993237302e-05 5.1175)
(0.004679792101 4.083992695e-05 5.1175)
(0.0015599307 -1.361330898e-05 5.126875)
(0.00166392608 -1.452086292e-05 5.126875)
(0.00176792146 -1.542841685e-05 5.126875)
(0.00187191684 -1.633597078e-05 5.126875)
(0.00197591222 -1.724352471e-05 5.126875)
(0.0020799076 -1.815107865e-05 5.126875)
(0.00218390298 -1.905863258e-05 5.126875)
(0.00228789836 -1.996618651e-05 5.126875)
(0.00239189374 -2.087374044e-05 5.126875)
(0.00249588912 -2.178129437e-05 5.126875)
(0.0025998845 -2.268884831e-05 5.126875)
(0.002703879881 -2.359640224e-05 5.126875)
(0.002807875261 -2.450395617e-05 5.126875)
(0.002911870641 -2.54115101e-05 5.126875)
(0.003015866021 -2.631906404e-05 5.126875)
(0.003119861401 -2.722661797e-05 5.126875)
(0.003223856781 -2.81341719e-05 5.126875)
(0.003327852161 -2.904172583e-05 5.126875)
(0.003431847541 -2.994927977e-05 5.126875)
(0.003535842921 -3.08568337e-05 5.126875)
(0.003639838301 -3.176438763e-05 5.126875)
(0.003743833681 -3.267194156e-05 5.126875)
(0.003847829061 -3.357949549e-05 5.126875)
(0.003951824441 -3.448704943e-05 5.126875)
(0.004055819821 -3.539460336e-05 5.126875)
(0.004159815201 -3.630215729e-05 5.126875)
(0.004263810581 -3.720971122e-05 5.126875)
(0.004367805961 -3.811726516e-05 5.126875)
(0.004471801341 -3.902481909e-05 5.126875)
(0.004575796721 -3.993237302e-05 5.126875)
(0.004679792101 -4.083992695e-05 5.126875)
(0.0015599307 1.361330898e-05 5.126875)
(0.00166392608 1.452086292e-05 5.126875)
(0.00176792146 1.542841685e-05 5.126875)
(0.00187191684 1.633597078e-05 5.126875)
(0.00197591222 1.724352471e-05 5.126875)
(0.0020799076 1.815107865e-05 5.126875)
(0.00218390298 1.905863258e-05 5.126875)
(0.00228789836 1.996618651e-05 5.126875)
(0.00239189374 2.087374044e-05 5.126875)
(0.00249588912 2.178129437e-05 5.126875)
(0.0025998845 2.268884831e-05 5.126875)
(0.002703879881 2.359640224e-05 5.126875)
(0.002807875261 2.450395617e-05 5.126875)
(0.002911870641 2.54115101e-05 5.126875)
(0.003015866021 2.631906404e-05 5.126875)
(0.003119861401 2.722661797e-05 5.126875)
(0.003223856781 2.81341719e-05 5.126875)
(0.003327852161 2.904172583e-05 5.126875)
(0.003431847541 2.994927977e-05 5.126875)
(0.003535842921 3.08568337e-05 5.126875)
(0.003639838301 3.176438763e-05 5.126875)
(0.003743833681 3.267194156e-05 5.126875)
(0.003847829061 3.357949549e-05 5.126875)
(0.003951824441 3.448704943e-05 5.126875)
(0.004055819821 3.539460336e-05 5.126875)
(0.004159815201 3.630215729e-05 5.126875)
(0.004263810581 3.720971122e-05 5.126875)
(0.004367805961 3.811726516e-05 5.126875)
(0.004471801341 3.902481909e-05 5.126875)
(0.004575796721 3.993237302e-05 5.126875)
(0.004679792101 4.083992695e-05 5.126875)
(0.0015599307 -1.361330898e-05 5.13625)
(0.00166392608 -1.452086292e-05 5.13625)
(0.00176792146 -1.542841685e-05 5.13625)
(0.00187191684 -1.633597078e-05 5.13625)
(0.00197591222 -1.724352471e-05 5.13625)
(0.0020799076 -1.815107865e-05 5.13625)
(0.00218390298 -1.905863258e-05 5.13625)
(0.00228789836 -1.996618651e-05 5.13625)
(0.00239189374 -2.087374044e-05 5.13625)
(0.00249588912 -2.178129437e-05 5.13625)
(0.0025998845 -2.268884831e-05 5.13625)
(0.002703879881 -2.359640224e-05 5.13625)
(0.002807875261 -2.450395617e-05 5.13625)
(0.002911870641 -2.54115101e-05 5.13625)
(0.003015866021 -2.631906404e-05 5.13625)
(0.003119861401 -2.722661797e-05 5.13625)
(0.003223856781 -2.81341719e-05 5.13625)
(0.003327852161 -2.904172583e-05 5.13625)
(0.003431847541 -2.994927977e-05 5.13625)
(0.003535842921 -3.08568337e-05 5.13625)
(0.003639838301 -3.176438763e-05 5.13625)
(0.003743833681 -3.267194156e-05 5.13625)
(0.003847829061 -3.357949549e-05 5.13625)
(0.003951824441 -3.448704943e-05 5.13625)
(0.004055819821 -3.539460336e-05 5.13625)
(0.004159815201 -3.630215729e-05 5.13625)
(0.004263810581 -3.720971122e-05 5.13625)
(0.004367805961 -3.811726516e-05 5.13625)
(0.004471801341 -3.902481909e-05 5.13625)
(0.004575796721 -3.993237302e-05 5.13625)
(0.004679792101 -4.083992695e-05 5.13625)
(0.0015599307 1.361330898e-05 5.13625)
(0.00166392608 1.452086292e-05 5.13625)
(0.00176792146 1.542841685e-05 5.13625)
(0.00187191684 1.633597078e-05 5.13625)
(0.00197591222 1.724352471e-05 5.13625)
(0.0020799076 1.815107865e-05 5.13625)
(0.00218390298 1.905863258e-05 5.13625)
(0.00228789836 1.996618651e-05 5.13625)
(0.00239189374 2.087374044e-05 5.13625)
(0.00249588912 2.178129437e-05 5.13625)
(0.0025998845 2.268884831e-05 5.13625)
(0.002703879881 2.359640224e-05 5.13625)
(0.002807875261 2.450395617e-05 5.13625)
(0.002911870641 2.54115101e-05 5.13625)
(0.003015866021 2.631906404e-05 5.13625)
(0.003119861401 2.722661797e-05 5.13625)
(0.003223856781 2.81341719e-05 5.13625)
(0.003327852161 2.904172583e-05 5.13625)
(0.003431847541 2.994927977e-05 5.13625)
(0.003535842921 3.08568337e-05 5.13625)
(0.003639838301 3.176438763e-05 5.13625)
(0.003743833681 3.267194156e-05 5.13625)
(0.003847829061 3.357949549e-05 5.13625)
(0.003951824441 3.448704943e-05 5.13625)
(0.004055819821 3.539460336e-05 5.13625)
(0.004159815201 3.630215729e-05 5.13625)
(0.004263810581 3.720971122e-05 5.13625)
(0.004367805961 3.811726516e-05 5.13625)
(0.004471801341 3.902481909e-05 5.13625)
(0.004575796721 3.993237302e-05 5.13625)
(0.004679792101 4.083992695e-05 5.13625)
(0.0015599307 -1.361330898e-05 5.145625)
(0.00166392608 -1.452086292e-05 5.145625)
(0.00176792146 -1.542841685e-05 5.145625)
(0.00187191684 -1.633597078e-05 5.145625)
(0.00197591222 -1.724352471e-05 5.145625)
(0.0020799076 -1.815107865e-05 5.145625)
(0.00218390298 -1.905863258e-05 5.145625)
(0.00228789836 -1.996618651e-05 5.145625)
(0.00239189374 -2.087374044e-05 5.145625)
(0.00249588912 -2.178129437e-05 5.145625)
(0.0025998845 -2.268884831e-05 5.145625)
(0.002703879881 -2.359640224e-05 5.145625)
(0.002807875261 -2.450395617e-05 5.145625)
(0.002911870641 -2.54115101e-05 5.145625)
(0.003015866021 -2.631906404e-05 5.145625)
(0.003119861401 -2.722661797e-05 5.145625)
(0.003223856781 -2.81341719e-05 5.145625)
(0.003327852161 -2.904172583e-05 5.145625)
(0.003431847541 -2.994927977e-05 5.145625)
(0.003535842921 -3.08568337e-05 5.145625)
(0.003639838301 -3.176438763e-05 5.145625)
(0.003743833681 -3.267194156e-05 5.145625)
(0.003847829061 -3.357949549e-05 5.145625)
(0.003951824441 -3.448704943e-05 5.145625)
(0.004055819821 -3.539460336e-05 5.145625)
(0.004159815201 -3.630215729e-05 5.145625)
(0.004263810581 -3.720971122e-05 5.145625)
(0.004367805961 -3.811726516e-05 5.145625)
(0.004471801341 -3.902481909e-05 5.145625)
(0.004575796721 -3.993237302e-05 5.145625)
(0.004679792101 -4.083992695e-05 5.145625)
(0.0015599307 1.361330898e-05 5.145625)
(0.00166392608 1.452086292e-05 5.145625)
(0.00176792146 1.542841685e-05 5.145625)
(0.00187191684 1.633597078e-05 5.145625)
(0.00197591222 1.724352471e-05 5.145625)
(0.0020799076 1.815107865e-05 5.145625)
(0.00218390298 1.905863258e-05 5.145625)
(0.00228789836 1.996618651e-05 5.145625)
(0.00239189374 2.087374044e-05 5.145625)
(0.00249588912 2.178129437e-05 5.145625)
(0.0025998845 2.268884831e-05 5.145625)
(0.002703879881 2.359640224e-05 5.145625)
(0.002807875261 2.450395617e-05 5.145625)
(0.002911870641 2.54115101e-05 5.145625)
(0.003015866021 2.631906404e-05 5.145625)
(0.003119861401 2.722661797e-05 5.145625)
(0.003223856781 2.81341719e-05 5.145625)
(0.003327852161 2.904172583e-05 5.145625)
(0.003431847541 2.994927977e-05 5.145625)
(0.003535842921 3.08568337e-05 5.145625)
(0.003639838301 3.176438763e-05 5.145625)
(0.003743833681 3.267194156e-05 5.145625)
(0.003847829061 3.357949549e-05 5.145625)
(0.003951824441 3.448704943e-05 5.145625)
(0.004055819821 3.539460336e-05 5.145625)
(0.004159815201 3.630215729e-05 5.145625)
(0.004263810581 3.720971122e-05 5.145625)
(0.004367805961 3.811726516e-05 5.145625)
(0.004471801341 3.902481909e-05 5.145625)
(0.004575796721 3.993237302e-05 5.145625)
(0.004679792101 4.083992695e-05 5.145625)
(0.0015599307 -1.361330898e-05 5.155)
(0.00166392608 -1.452086292e-05 5.155)
(0.00176792146 -1.542841685e-05 5.155)
(0.00187191684 -1.633597078e-05 5.155)
(0.00197591222 -1.724352471e-05 5.155)
(0.0020799076 -1.815107865e-05 5.155)
(0.00218390298 -1.905863258e-05 5.155)
(0.00228789836 -1.996618651e-05 5.155)
(0.00239189374 -2.087374044e-05 5.155)
(0.00249588912 -2.178129437e-05 5.155)
(0.0025998845 -2.268884831e-05 5.155)
(0.002703879881 -2.359640224e-05 5.155)
(0.002807875261 -2.450395617e-05 5.155)
(0.002911870641 -2.54115101e-05 5.155)
(0.003015866021 -2.631906404e-05 5.155)
(0.003119861401 -2.722661797e-05 5.155)
(0.003223856781 -2.81341719e-05 5.155)
(0.003327852161 -2.904172583e-05 5.155)
(0.003431847541 -2.994927977e-05 5.155)
(0.003535842921 -3.08568337e-05 5.155)
(0.003639838301 -3.176438763e-05 5.155)
(0.003743833681 -3.267194156e-05 5.155)
(0.003847829061 -3.357949549e-05 5.155)
(0.003951824441 -3.448704943e-05 5.155)
(0.004055819821 -3.539460336e-05 5.155)
(0.004159815201 -3.630215729e-05 5.155)
(0.004263810581 -3.720971122e-05 5.155)
(0.004367805961 -3.811726516e-05 5.155)
(0.004471801341 -3.902481909e-05 5.155)
(0.004575796721 -3.993237302e-05 5.155)
(0.004679792101 -4.083992695e-05 5.155)
(0.0015599307 1.361330898e-05 5.155)
(0.00166392608 1.452086292e-05 5.155)
(0.00176792146 1.542841685e-05 5.155)
(0.00187191684 1.633597078e-05 5.155)
(0.00197591222 1.724352471e-05 5.155)
(0.0020799076 1.815107865e-05 5.155)
(0.00218390298 1.905863258e-05 5.155)
(0.00228789836 1.996618651e-05 5.155)
(0.00239189374 2.087374044e-05 5.155)
(0.00249588912 2.178129437e-05 5.155)
(0.0025998845 2.268884831e-05 5.155)
(0.002703879881 2.359640224e-05 5.155)
(0.002807875261 2.450395617e-05 5.155)
(0.002911870641 2.54115101e-05 5.155)
(0.003015866021 2.631906404e-05 5.155)
(0.003119861401 2.722661797e-05 5.155)
(0.003223856781 2.81341719e-05 5.155)
(0.003327852161 2.904172583e-05 5.155)
(0.003431847541 2.994927977e-05 5.155)
(0.003535842921 3.08568337e-05 5.155)
(0.003639838301 3.176438763e-05 5.155)
(0.003743833681 3.267194156e-05 5.155)
(0.003847829061 3.357949549e-05 5.155)
(0.003951824441 3.448704943e-05 5.155)
(0.004055819821 3.539460336e-05 5.155)
(0.004159815201 3.630215729e-05 5.155)
(0.004263810581 3.720971122e-05 5.155)
(0.004367805961 3.811726516e-05 5.155)
(0.004471801341 3.902481909e-05 5.155)
(0.004575796721 3.993237302e-05 5.155)
(0.004679792101 4.083992695e-05 5.155)
(0.0015599307 -1.361330898e-05 5.164375)
(0.00166392608 -1.452086292e-05 5.164375)
(0.00176792146 -1.542841685e-05 5.164375)
(0.00187191684 -1.633597078e-05 5.164375)
(0.00197591222 -1.724352471e-05 5.164375)
(0.0020799076 -1.815107865e-05 5.164375)
(0.00218390298 -1.905863258e-05 5.164375)
(0.00228789836 -1.996618651e-05 5.164375)
(0.00239189374 -2.087374044e-05 5.164375)
(0.00249588912 -2.178129437e-05 5.164375)
(0.0025998845 -2.268884831e-05 5.164375)
(0.002703879881 -2.359640224e-05 5.164375)
(0.002807875261 -2.450395617e-05 5.164375)
(0.002911870641 -2.54115101e-05 5.164375)
(0.003015866021 -2.631906404e-05 5.164375)
(0.003119861401 -2.722661797e-05 5.164375)
(0.003223856781 -2.81341719e-05 5.164375)
(0.003327852161 -2.904172583e-05 5.164375)
(0.003431847541 -2.994927977e-05 5.164375)
(0.003535842921 -3.08568337e-05 5.164375)
(0.003639838301 -3.176438763e-05 5.164375)
(0.003743833681 -3.267194156e-05 5.164375)
(0.003847829061 -3.357949549e-05 5.164375)
(0.003951824441 -3.448704943e-05 5.164375)
(0.004055819821 -3.539460336e-05 5.164375)
(0.004159815201 -3.630215729e-05 5.164375)
(0.004263810581 -3.720971122e-05 5.164375)
(0.004367805961 -3.811726516e-05 5.164375)
(0.004471801341 -3.902481909e-05 5.164375)
(0.004575796721 -3.993237302e-05 5.164375)
(0.004679792101 -4.083992695e-05 5.164375)
(0.0015599307 1.361330898e-05 5.164375)
(0.00166392608 1.452086292e-05 5.164375)
(0.00176792146 1.542841685e-05 5.164375)
(0.00187191684 1.633597078e-05 5.164375)
(0.00197591222 1.724352471e-05 5.164375)
(0.0020799076 1.815107865e-05 5.164375)
(0.00218390298 1.905863258e-05 5.164375)
(0.00228789836 1.996618651e-05 5.164375)
(0.00239189374 2.087374044e-05 5.164375)
(0.00249588912 2.178129437e-05 5.164375)
(0.0025998845 2.268884831e-05 5.164375)
(0.002703879881 2.359640224e-05 5.164375)
(0.002807875261 2.450395617e-05 5.164375)
(0.002911870641 2.54115101e-05 5.164375)
(0.003015866021 2.631906404e-05 5.164375)
(0.003119861401 2.722661797e-05 5.164375)
(0.003223856781 2.81341719e-05 5.164375)
(0.003327852161 2.904172583e-05 5.164375)
(0.003431847541 2.994927977e-05 5.164375)
(0.003535842921 3.08568337e-05 5.164375)
(0.003639838301 3.176438763e-05 5.164375)
(0.003743833681 3.267194156e-05 5.164375)
(0.003847829061 3.357949549e-05 5.164375)
(0.003951824441 3.448704943e-05 5.164375)
(0.004055819821 3.539460336e-05 5.164375)
(0.004159815201 3.630215729e-05 5.164375)
(0.004263810581 3.720971122e-05 5.164375)
(0.004367805961 3.811726516e-05 5.164375)
(0.004471801341 3.902481909e-05 5.164375)
(0.004575796721 3.993237302e-05 5.164375)
(0.004679792101 4.083992695e-05 5.164375)
(0.0015599307 -1.361330898e-05 5.17375)
(0.00166392608 -1.452086292e-05 5.17375)
(0.00176792146 -1.542841685e-05 5.17375)
(0.00187191684 -1.633597078e-05 5.17375)
(0.00197591222 -1.724352471e-05 5.17375)
(0.0020799076 -1.815107865e-05 5.17375)
(0.00218390298 -1.905863258e-05 5.17375)
(0.00228789836 -1.996618651e-05 5.17375)
(0.00239189374 -2.087374044e-05 5.17375)
(0.00249588912 -2.178129437e-05 5.17375)
(0.0025998845 -2.268884831e-05 5.17375)
(0.002703879881 -2.359640224e-05 5.17375)
(0.002807875261 -2.450395617e-05 5.17375)
(0.002911870641 -2.54115101e-05 5.17375)
(0.003015866021 -2.631906404e-05 5.17375)
(0.003119861401 -2.722661797e-05 5.17375)
(0.003223856781 -2.81341719e-05 5.17375)
(0.003327852161 -2.904172583e-05 5.17375)
(0.003431847541 -2.994927977e-05 5.17375)
(0.003535842921 -3.08568337e-05 5.17375)
(0.003639838301 -3.176438763e-05 5.17375)
(0.003743833681 -3.267194156e-05 5.17375)
(0.003847829061 -3.357949549e-05 5.17375)
(0.003951824441 -3.448704943e-05 5.17375)
(0.004055819821 -3.539460336e-05 5.17375)
(0.004159815201 -3.630215729e-05 5.17375)
(0.004263810581 -3.720971122e-05 5.17375)
(0.004367805961 -3.811726516e-05 5.17375)
(0.004471801341 -3.902481909e-05 5.17375)
(0.004575796721 -3.993237302e-05 5.17375)
(0.004679792101 -4.083992695e-05 5.17375)
(0.0015599307 1.361330898e-05 5.17375)
(0.00166392608 1.452086292e-05 5.17375)
(0.00176792146 1.542841685e-05 5.17375)
(0.00187191684 1.633597078e-05 5.17375)
(0.00197591222 1.724352471e-05 5.17375)
(0.0020799076 1.815107865e-05 5.17375)
(0.00218390298 1.905863258e-05 5.17375)
(0.00228789836 1.996618651e-05 5.17375)
(0.00239189374 2.087374044e-05 5.17375)
(0.00249588912 2.178129437e-05 5.17375)
(0.0025998845 2.268884831e-05 5.17375)
(0.002703879881 2.359640224e-05 5.17375)
(0.002807875261 2.450395617e-05 5.17375)
(0.002911870641 2.54115101e-05 5.17375)
(0.003015866021 2.631906404e-05 5.17375)
(0.003119861401 2.722661797e-05 5.17375)
(0.003223856781 2.81341719e-05 5.17375)
(0.003327852161 2.904172583e-05 5.17375)
(0.003431847541 2.994927977e-05 5.17375)
(0.003535842921 3.08568337e-05 5.17375)
(0.003639838301 3.176438763e-05 5.17375)
(0.003743833681 3.267194156e-05 5.17375)
(0.003847829061 3.357949549e-05 5.17375)
(0.003951824441 3.448704943e-05 5.17375)
(0.004055819821 3.539460336e-05 5.17375)
(0.004159815201 3.630215729e-05 5.17375)
(0.004263810581 3.720971122e-05 5.17375)
(0.004367805961 3.811726516e-05 5.17375)
(0.004471801341 3.902481909e-05 5.17375)
(0.004575796721 3.993237302e-05 5.17375)
(0.004679792101 4.083992695e-05 5.17375)
(0.0015599307 -1.361330898e-05 5.183125)
(0.00166392608 -1.452086292e-05 5.183125)
(0.00176792146 -1.542841685e-05 5.183125)
(0.00187191684 -1.633597078e-05 5.183125)
(0.00197591222 -1.724352471e-05 5.183125)
(0.0020799076 -1.815107865e-05 5.183125)
(0.00218390298 -1.905863258e-05 5.183125)
(0.00228789836 -1.996618651e-05 5.183125)
(0.00239189374 -2.087374044e-05 5.183125)
(0.00249588912 -2.178129437e-05 5.183125)
(0.0025998845 -2.268884831e-05 5.183125)
(0.002703879881 -2.359640224e-05 5.183125)
(0.002807875261 -2.450395617e-05 5.183125)
(0.002911870641 -2.54115101e-05 5.183125)
(0.003015866021 -2.631906404e-05 5.183125)
(0.003119861401 -2.722661797e-05 5.183125)
(0.003223856781 -2.81341719e-05 5.183125)
(0.003327852161 -2.904172583e-05 5.183125)
(0.003431847541 -2.994927977e-05 5.183125)
(0.003535842921 -3.08568337e-05 5.183125)
(0.003639838301 -3.176438763e-05 5.183125)
(0.003743833681 -3.267194156e-05 5.183125)
(0.003847829061 -3.357949549e-05 5.183125)
(0.003951824441 -3.448704943e-05 5.183125)
(0.004055819821 -3.539460336e-05 5.183125)
(0.004159815201 -3.630215729e-05 5.183125)
(0.004263810581 -3.720971122e-05 5.183125)
(0.004367805961 -3.811726516e-05 5.183125)
(0.004471801341 -3.902481909e-05 5.183125)
(0.004575796721 -3.993237302e-05 5.183125)
(0.004679792101 -4.083992695e-05 5.183125)
(0.0015599307 1.361330898e-05 5.183125)
(0.00166392608 1.452086292e-05 5.183125)
(0.00176792146 1.542841685e-05 5.183125)
(0.00187191684 1.633597078e-05 5.183125)
(0.00197591222 1.724352471e-05 5.183125)
(0.0020799076 1.815107865e-05 5.183125)
(0.00218390298 1.905863258e-05 5.183125)
(0.00228789836 1.996618651e-05 5.183125)
(0.00239189374 2.087374044e-05 5.183125)
(0.00249588912 2.178129437e-05 5.183125)
(0.0025998845 2.268884831e-05 5.183125)
(0.002703879881 2.359640224e-05 5.183125)
(0.002807875261 2.450395617e-05 5.183125)
(0.002911870641 2.54115101e-05 5.183125)
(0.003015866021 2.631906404e-05 5.183125)
(0.003119861401 2.722661797e-05 5.183125)
(0.003223856781 2.81341719e-05 5.183125)
(0.003327852161 2.904172583e-05 5.183125)
(0.003431847541 2.994927977e-05 5.183125)
(0.003535842921 3.08568337e-05 5.183125)
(0.003639838301 3.176438763e-05 5.183125)
(0.003743833681 3.267194156e-05 5.183125)
(0.003847829061 3.357949549e-05 5.183125)
(0.003951824441 3.448704943e-05 5.183125)
(0.004055819821 3.539460336e-05 5.183125)
(0.004159815201 3.630215729e-05 5.183125)
(0.004263810581 3.720971122e-05 5.183125)
(0.004367805961 3.811726516e-05 5.183125)
(0.004471801341 3.902481909e-05 5.183125)
(0.004575796721 3.993237302e-05 5.183125)
(0.004679792101 4.083992695e-05 5.183125)
(0.0015599307 -1.361330898e-05 5.1925)
(0.00166392608 -1.452086292e-05 5.1925)
(0.00176792146 -1.542841685e-05 5.1925)
(0.00187191684 -1.633597078e-05 5.1925)
(0.00197591222 -1.724352471e-05 5.1925)
(0.0020799076 -1.815107865e-05 5.1925)
(0.00218390298 -1.905863258e-05 5.1925)
(0.00228789836 -1.996618651e-05 5.1925)
(0.00239189374 -2.087374044e-05 5.1925)
(0.00249588912 -2.178129437e-05 5.1925)
(0.0025998845 -2.268884831e-05 5.1925)
(0.002703879881 -2.359640224e-05 5.1925)
(0.002807875261 -2.450395617e-05 5.1925)
(0.002911870641 -2.54115101e-05 5.1925)
(0.003015866021 -2.631906404e-05 5.1925)
(0.003119861401 -2.722661797e-05 5.1925)
(0.003223856781 -2.81341719e-05 5.1925)
(0.003327852161 -2.904172583e-05 5.1925)
(0.003431847541 -2.994927977e-05 5.1925)
(0.003535842921 -3.08568337e-05 5.1925)
(0.003639838301 -3.176438763e-05 5.1925)
(0.003743833681 -3.267194156e-05 5.1925)
(0.003847829061 -3.357949549e-05 5.1925)
(0.003951824441 -3.448704943e-05 5.1925)
(0.004055819821 -3.539460336e-05 5.1925)
(0.004159815201 -3.630215729e-05 5.1925)
(0.004263810581 -3.720971122e-05 5.1925)
(0.004367805961 -3.811726516e-05 5.1925)
(0.004471801341 -3.902481909e-05 5.1925)
(0.004575796721 -3.993237302e-05 5.1925)
(0.004679792101 -4.083992695e-05 5.1925)
(0.0015599307 1.361330898e-05 5.1925)
(0.00166392608 1.452086292e-05 5.1925)
(0.00176792146 1.542841685e-05 5.1925)
(0.00187191684 1.633597078e-05 5.1925)
(0.00197591222 1.724352471e-05 5.1925)
(0.0020799076 1.815107865e-05 5.1925)
(0.00218390298 1.905863258e-05 5.1925)
(0.00228789836 1.996618651e-05 5.1925)
(0.00239189374 2.087374044e-05 5.1925)
(0.00249588912 2.178129437e-05 5.1925)
(0.0025998845 2.268884831e-05 5.1925)
(0.002703879881 2.359640224e-05 5.1925)
(0.002807875261 2.450395617e-05 5.1925)
(0.002911870641 2.54115101e-05 5.1925)
(0.003015866021 2.631906404e-05 5.1925)
(0.003119861401 2.722661797e-05 5.1925)
(0.003223856781 2.81341719e-05 5.1925)
(0.003327852161 2.904172583e-05 5.1925)
(0.003431847541 2.994927977e-05 5.1925)
(0.003535842921 3.08568337e-05 5.1925)
(0.003639838301 3.176438763e-05 5.1925)
(0.003743833681 3.267194156e-05 5.1925)
(0.003847829061 3.357949549e-05 5.1925)
(0.003951824441 3.448704943e-05 5.1925)
(0.004055819821 3.539460336e-05 5.1925)
(0.004159815201 3.630215729e-05 5.1925)
(0.004263810581 3.720971122e-05 5.1925)
(0.004367805961 3.811726516e-05 5.1925)
(0.004471801341 3.902481909e-05 5.1925)
(0.004575796721 3.993237302e-05 5.1925)
(0.004679792101 4.083992695e-05 5.1925)
(0.0015599307 -1.361330898e-05 5.201875)
(0.00166392608 -1.452086292e-05 5.201875)
(0.00176792146 -1.542841685e-05 5.201875)
(0.00187191684 -1.633597078e-05 5.201875)
(0.00197591222 -1.724352471e-05 5.201875)
(0.0020799076 -1.815107865e-05 5.201875)
(0.00218390298 -1.905863258e-05 5.201875)
(0.00228789836 -1.996618651e-05 5.201875)
(0.00239189374 -2.087374044e-05 5.201875)
(0.00249588912 -2.178129437e-05 5.201875)
(0.0025998845 -2.268884831e-05 5.201875)
(0.002703879881 -2.359640224e-05 5.201875)
(0.002807875261 -2.450395617e-05 5.201875)
(0.002911870641 -2.54115101e-05 5.201875)
(0.003015866021 -2.631906404e-05 5.201875)
(0.003119861401 -2.722661797e-05 5.201875)
(0.003223856781 -2.81341719e-05 5.201875)
(0.003327852161 -2.904172583e-05 5.201875)
(0.003431847541 -2.994927977e-05 5.201875)
(0.003535842921 -3.08568337e-05 5.201875)
(0.003639838301 -3.176438763e-05 5.201875)
(0.003743833681 -3.267194156e-05 5.201875)
(0.003847829061 -3.357949549e-05 5.201875)
(0.003951824441 -3.448704943e-05 5.201875)
(0.004055819821 -3.539460336e-05 5.201875)
(0.004159815201 -3.630215729e-05 5.201875)
(0.004263810581 -3.720971122e-05 5.201875)
(0.004367805961 -3.811726516e-05 5.201875)
(0.004471801341 -3.902481909e-05 5.201875)
(0.004575796721 -3.993237302e-05 5.201875)
(0.004679792101 -4.083992695e-05 5.201875)
(0.0015599307 1.361330898e-05 5.201875)
(0.00166392608 1.452086292e-05 5.201875)
(0.00176792146 1.542841685e-05 5.201875)
(0.00187191684 1.633597078e-05 5.201875)
(0.00197591222 1.724352471e-05 5.201875)
(0.0020799076 1.815107865e-05 5.201875)
(0.00218390298 1.905863258e-05 5.201875)
(0.00228789836 1.996618651e-05 5.201875)
(0.00239189374 2.087374044e-05 5.201875)
(0.00249588912 2.178129437e-05 5.201875)
(0.0025998845 2.268884831e-05 5.201875)
(0.002703879881 2.359640224e-05 5.201875)
(0.002807875261 2.450395617e-05 5.201875)
(0.002911870641 2.54115101e-05 5.201875)
(0.003015866021 2.631906404e-05 5.201875)
(0.003119861401 2.722661797e-05 5.201875)
(0.003223856781 2.81341719e-05 5.201875)
(0.003327852161 2.904172583e-05 5.201875)
(0.003431847541 2.994927977e-05 5.201875)
(0.003535842921 3.08568337e-05 5.201875)
(0.003639838301 3.176438763e-05 5.201875)
(0.003743833681 3.267194156e-05 5.201875)
(0.003847829061 3.357949549e-05 5.201875)
(0.003951824441 3.448704943e-05 5.201875)
(0.004055819821 3.539460336e-05 5.201875)
(0.004159815201 3.630215729e-05 5.201875)
(0.004263810581 3.720971122e-05 5.201875)
(0.004367805961 3.811726516e-05 5.201875)
(0.004471801341 3.902481909e-05 5.201875)
(0.004575796721 3.993237302e-05 5.201875)
(0.004679792101 4.083992695e-05 5.201875)
(0.0015599307 -1.361330898e-05 5.21125)
(0.00166392608 -1.452086292e-05 5.21125)
(0.00176792146 -1.542841685e-05 5.21125)
(0.00187191684 -1.633597078e-05 5.21125)
(0.00197591222 -1.724352471e-05 5.21125)
(0.0020799076 -1.815107865e-05 5.21125)
(0.00218390298 -1.905863258e-05 5.21125)
(0.00228789836 -1.996618651e-05 5.21125)
(0.00239189374 -2.087374044e-05 5.21125)
(0.00249588912 -2.178129437e-05 5.21125)
(0.0025998845 -2.268884831e-05 5.21125)
(0.002703879881 -2.359640224e-05 5.21125)
(0.002807875261 -2.450395617e-05 5.21125)
(0.002911870641 -2.54115101e-05 5.21125)
(0.003015866021 -2.631906404e-05 5.21125)
(0.003119861401 -2.722661797e-05 5.21125)
(0.003223856781 -2.81341719e-05 5.21125)
(0.003327852161 -2.904172583e-05 5.21125)
(0.003431847541 -2.994927977e-05 5.21125)
(0.003535842921 -3.08568337e-05 5.21125)
(0.003639838301 -3.176438763e-05 5.21125)
(0.003743833681 -3.267194156e-05 5.21125)
(0.003847829061 -3.357949549e-05 5.21125)
(0.003951824441 -3.448704943e-05 5.21125)
(0.004055819821 -3.539460336e-05 5.21125)
(0.004159815201 -3.630215729e-05 5.21125)
(0.004263810581 -3.720971122e-05 5.21125)
(0.004367805961 -3.811726516e-05 5.21125)
(0.004471801341 -3.902481909e-05 5.21125)
(0.004575796721 -3.993237302e-05 5.21125)
(0.004679792101 -4.083992695e-05 5.21125)
(0.0015599307 1.361330898e-05 5.21125)
(0.00166392608 1.452086292e-05 5.21125)
(0.00176792146 1.542841685e-05 5.21125)
(0.00187191684 1.633597078e-05 5.21125)
(0.00197591222 1.724352471e-05 5.21125)
(0.0020799076 1.815107865e-05 5.21125)
(0.00218390298 1.905863258e-05 5.21125)
(0.00228789836 1.996618651e-05 5.21125)
(0.00239189374 2.087374044e-05 5.21125)
(0.00249588912 2.178129437e-05 5.21125)
(0.0025998845 2.268884831e-05 5.21125)
(0.002703879881 2.359640224e-05 5.21125)
(0.002807875261 2.450395617e-05 5.21125)
(0.002911870641 2.54115101e-05 5.21125)
(0.003015866021 2.631906404e-05 5.21125)
(0.003119861401 2.722661797e-05 5.21125)
(0.003223856781 2.81341719e-05 5.21125)
(0.003327852161 2.904172583e-05 5.21125)
(0.003431847541 2.994927977e-05 5.21125)
(0.003535842921 3.08568337e-05 5.21125)
(0.003639838301 3.176438763e-05 5.21125)
(0.003743833681 3.267194156e-05 5.21125)
(0.003847829061 3.357949549e-05 5.21125)
(0.003951824441 3.448704943e-05 5.21125)
(0.004055819821 3.539460336e-05 5.21125)
(0.004159815201 3.630215729e-05 5.21125)
(0.004263810581 3.720971122e-05 5.21125)
(0.004367805961 3.811726516e-05 5.21125)
(0.004471801341 3.902481909e-05 5.21125)
(0.004575796721 3.993237302e-05 5.21125)
(0.004679792101 4.083992695e-05 5.21125)
(0.0015599307 -1.361330898e-05 5.220625)
(0.00166392608 -1.452086292e-05 5.220625)
(0.00176792146 -1.542841685e-05 5.220625)
(0.00187191684 -1.633597078e-05 5.220625)
(0.00197591222 -1.724352471e-05 5.220625)
(0.0020799076 -1.815107865e-05 5.220625)
(0.00218390298 -1.905863258e-05 5.220625)
(0.00228789836 -1.996618651e-05 5.220625)
(0.00239189374 -2.087374044e-05 5.220625)
(0.00249588912 -2.178129437e-05 5.220625)
(0.0025998845 -2.268884831e-05 5.220625)
(0.002703879881 -2.359640224e-05 5.220625)
(0.002807875261 -2.450395617e-05 5.220625)
(0.002911870641 -2.54115101e-05 5.220625)
(0.003015866021 -2.631906404e-05 5.220625)
(0.003119861401 -2.722661797e-05 5.220625)
(0.003223856781 -2.81341719e-05 5.220625)
(0.003327852161 -2.904172583e-05 5.220625)
(0.003431847541 -2.994927977e-05 5.220625)
(0.003535842921 -3.08568337e-05 5.220625)
(0.003639838301 -3.176438763e-05 5.220625)
(0.003743833681 -3.267194156e-05 5.220625)
(0.003847829061 -3.357949549e-05 5.220625)
(0.003951824441 -3.448704943e-05 5.220625)
(0.004055819821 -3.539460336e-05 5.220625)
(0.004159815201 -3.630215729e-05 5.220625)
(0.004263810581 -3.720971122e-05 5.220625)
(0.004367805961 -3.811726516e-05 5.220625)
(0.004471801341 -3.902481909e-05 5.220625)
(0.004575796721 -3.993237302e-05 5.220625)
(0.004679792101 -4.083992695e-05 5.220625)
(0.0015599307 1.361330898e-05 5.220625)
(0.00166392608 1.452086292e-05 5.220625)
(0.00176792146 1.542841685e-05 5.220625)
(0.00187191684 1.633597078e-05 5.220625)
(0.00197591222 1.724352471e-05 5.220625)
(0.0020799076 1.815107865e-05 5.220625)
(0.00218390298 1.905863258e-05 5.220625)
(0.00228789836 1.996618651e-05 5.220625)
(0.00239189374 2.087374044e-05 5.220625)
(0.00249588912 2.178129437e-05 5.220625)
(0.0025998845 2.268884831e-05 5.220625)
(0.002703879881 2.359640224e-05 5.220625)
(0.002807875261 2.450395617e-05 5.220625)
(0.002911870641 2.54115101e-05 5.220625)
(0.003015866021 2.631906404e-05 5.220625)
(0.003119861401 2.722661797e-05 5.220625)
(0.003223856781 2.81341719e-05 5.220625)
(0.003327852161 2.904172583e-05 5.220625)
(0.003431847541 2.994927977e-05 5.220625)
(0.003535842921 3.08568337e-05 5.220625)
(0.003639838301 3.176438763e-05 5.220625)
(0.003743833681 3.267194156e-05 5.220625)
(0.003847829061 3.357949549e-05 5.220625)
(0.003951824441 3.448704943e-05 5.220625)
(0.004055819821 3.539460336e-05 5.220625)
(0.004159815201 3.630215729e-05 5.220625)
(0.004263810581 3.720971122e-05 5.220625)
(0.004367805961 3.811726516e-05 5.220625)
(0.004471801341 3.902481909e-05 5.220625)
(0.004575796721 3.993237302e-05 5.220625)
(0.004679792101 4.083992695e-05 5.220625)
(0.0015599307 -1.361330898e-05 5.23)
(0.00166392608 -1.452086292e-05 5.23)
(0.00176792146 -1.542841685e-05 5.23)
(0.00187191684 -1.633597078e-05 5.23)
(0.00197591222 -1.724352471e-05 5.23)
(0.0020799076 -1.815107865e-05 5.23)
(0.00218390298 -1.905863258e-05 5.23)
(0.00228789836 -1.996618651e-05 5.23)
(0.00239189374 -2.087374044e-05 5.23)
(0.00249588912 -2.178129437e-05 5.23)
(0.0025998845 -2.268884831e-05 5.23)
(0.002703879881 -2.359640224e-05 5.23)
(0.002807875261 -2.450395617e-05 5.23)
(0.002911870641 -2.54115101e-05 5.23)
(0.003015866021 -2.631906404e-05 5.23)
(0.003119861401 -2.722661797e-05 5.23)
(0.003223856781 -2.81341719e-05 5.23)
(0.003327852161 -2.904172583e-05 5.23)
(0.003431847541 -2.994927977e-05 5.23)
(0.003535842921 -3.08568337e-05 5.23)
(0.003639838301 -3.176438763e-05 5.23)
(0.003743833681 -3.267194156e-05 5.23)
(0.003847829061 -3.357949549e-05 5.23)
(0.003951824441 -3.448704943e-05 5.23)
(0.004055819821 -3.539460336e-05 5.23)
(0.004159815201 -3.630215729e-05 5.23)
(0.004263810581 -3.720971122e-05 5.23)
(0.004367805961 -3.811726516e-05 5.23)
(0.004471801341 -3.902481909e-05 5.23)
(0.004575796721 -3.993237302e-05 5.23)
(0.004679792101 -4.083992695e-05 5.23)
(0.0015599307 1.361330898e-05 5.23)
(0.00166392608 1.452086292e-05 5.23)
(0.00176792146 1.542841685e-05 5.23)
(0.00187191684 1.633597078e-05 5.23)
(0.00197591222 1.724352471e-05 5.23)
(0.0020799076 1.815107865e-05 5.23)
(0.00218390298 1.905863258e-05 5.23)
(0.00228789836 1.996618651e-05 5.23)
(0.00239189374 2.087374044e-05 5.23)
(0.00249588912 2.178129437e-05 5.23)
(0.0025998845 2.268884831e-05 5.23)
(0.002703879881 2.359640224e-05 5.23)
(0.002807875261 2.450395617e-05 5.23)
(0.002911870641 2.54115101e-05 5.23)
(0.003015866021 2.631906404e-05 5.23)
(0.003119861401 2.722661797e-05 5.23)
(0.003223856781 2.81341719e-05 5.23)
(0.003327852161 2.904172583e-05 5.23)
(0.003431847541 2.994927977e-05 5.23)
(0.003535842921 3.08568337e-05 5.23)
(0.003639838301 3.176438763e-05 5.23)
(0.003743833681 3.267194156e-05 5.23)
(0.003847829061 3.357949549e-05 5.23)
(0.003951824441 3.448704943e-05 5.23)
(0.004055819821 3.539460336e-05 5.23)
(0.004159815201 3.630215729e-05 5.23)
(0.004263810581 3.720971122e-05 5.23)
(0.004367805961 3.811726516e-05 5.23)
(0.004471801341 3.902481909e-05 5.23)
(0.004575796721 3.993237302e-05 5.23)
(0.004679792101 4.083992695e-05 5.23)
(0.0015599307 -1.361330898e-05 5.239375)
(0.00166392608 -1.452086292e-05 5.239375)
(0.00176792146 -1.542841685e-05 5.239375)
(0.00187191684 -1.633597078e-05 5.239375)
(0.00197591222 -1.724352471e-05 5.239375)
(0.0020799076 -1.815107865e-05 5.239375)
(0.00218390298 -1.905863258e-05 5.239375)
(0.00228789836 -1.996618651e-05 5.239375)
(0.00239189374 -2.087374044e-05 5.239375)
(0.00249588912 -2.178129437e-05 5.239375)
(0.0025998845 -2.268884831e-05 5.239375)
(0.002703879881 -2.359640224e-05 5.239375)
(0.002807875261 -2.450395617e-05 5.239375)
(0.002911870641 -2.54115101e-05 5.239375)
(0.003015866021 -2.631906404e-05 5.239375)
(0.003119861401 -2.722661797e-05 5.239375)
(0.003223856781 -2.81341719e-05 5.239375)
(0.003327852161 -2.904172583e-05 5.239375)
(0.003431847541 -2.994927977e-05 5.239375)
(0.003535842921 -3.08568337e-05 5.239375)
(0.003639838301 -3.176438763e-05 5.239375)
(0.003743833681 -3.267194156e-05 5.239375)
(0.003847829061 -3.357949549e-05 5.239375)
(0.003951824441 -3.448704943e-05 5.239375)
(0.004055819821 -3.539460336e-05 5.239375)
(0.004159815201 -3.630215729e-05 5.239375)
(0.004263810581 -3.720971122e-05 5.239375)
(0.004367805961 -3.811726516e-05 5.239375)
(0.004471801341 -3.902481909e-05 5.239375)
(0.004575796721 -3.993237302e-05 5.239375)
(0.004679792101 -4.083992695e-05 5.239375)
(0.0015599307 1.361330898e-05 5.239375)
(0.00166392608 1.452086292e-05 5.239375)
(0.00176792146 1.542841685e-05 5.239375)
(0.00187191684 1.633597078e-05 5.239375)
(0.00197591222 1.724352471e-05 5.239375)
(0.0020799076 1.815107865e-05 5.239375)
(0.00218390298 1.905863258e-05 5.239375)
(0.00228789836 1.996618651e-05 5.239375)
(0.00239189374 2.087374044e-05 5.239375)
(0.00249588912 2.178129437e-05 5.239375)
(0.0025998845 2.268884831e-05 5.239375)
(0.002703879881 2.359640224e-05 5.239375)
(0.002807875261 2.450395617e-05 5.239375)
(0.002911870641 2.54115101e-05 5.239375)
(0.003015866021 2.631906404e-05 5.239375)
(0.003119861401 2.722661797e-05 5.239375)
(0.003223856781 2.81341719e-05 5.239375)
(0.003327852161 2.904172583e-05 5.239375)
(0.003431847541 2.994927977e-05 5.239375)
(0.003535842921 3.08568337e-05 5.239375)
(0.003639838301 3.176438763e-05 5.239375)
(0.003743833681 3.267194156e-05 5.239375)
(0.003847829061 3.357949549e-05 5.239375)
(0.003951824441 3.448704943e-05 5.239375)
(0.004055819821 3.539460336e-05 5.239375)
(0.004159815201 3.630215729e-05 5.239375)
(0.004263810581 3.720971122e-05 5.239375)
(0.004367805961 3.811726516e-05 5.239375)
(0.004471801341 3.902481909e-05 5.239375)
(0.004575796721 3.993237302e-05 5.239375)
(0.004679792101 4.083992695e-05 5.239375)
(0.0015599307 -1.361330898e-05 5.24875)
(0.00166392608 -1.452086292e-05 5.24875)
(0.00176792146 -1.542841685e-05 5.24875)
(0.00187191684 -1.633597078e-05 5.24875)
(0.00197591222 -1.724352471e-05 5.24875)
(0.0020799076 -1.815107865e-05 5.24875)
(0.00218390298 -1.905863258e-05 5.24875)
(0.00228789836 -1.996618651e-05 5.24875)
(0.00239189374 -2.087374044e-05 5.24875)
(0.00249588912 -2.178129437e-05 5.24875)
(0.0025998845 -2.268884831e-05 5.24875)
(0.002703879881 -2.359640224e-05 5.24875)
(0.002807875261 -2.450395617e-05 5.24875)
(0.002911870641 -2.54115101e-05 5.24875)
(0.003015866021 -2.631906404e-05 5.24875)
(0.003119861401 -2.722661797e-05 5.24875)
(0.003223856781 -2.81341719e-05 5.24875)
(0.003327852161 -2.904172583e-05 5.24875)
(0.003431847541 -2.994927977e-05 5.24875)
(0.003535842921 -3.08568337e-05 5.24875)
(0.003639838301 -3.176438763e-05 5.24875)
(0.003743833681 -3.267194156e-05 5.24875)
(0.003847829061 -3.357949549e-05 5.24875)
(0.003951824441 -3.448704943e-05 5.24875)
(0.004055819821 -3.539460336e-05 5.24875)
(0.004159815201 -3.630215729e-05 5.24875)
(0.004263810581 -3.720971122e-05 5.24875)
(0.004367805961 -3.811726516e-05 5.24875)
(0.004471801341 -3.902481909e-05 5.24875)
(0.004575796721 -3.993237302e-05 5.24875)
(0.004679792101 -4.083992695e-05 5.24875)
(0.0015599307 1.361330898e-05 5.24875)
(0.00166392608 1.452086292e-05 5.24875)
(0.00176792146 1.542841685e-05 5.24875)
(0.00187191684 1.633597078e-05 5.24875)
(0.00197591222 1.724352471e-05 5.24875)
(0.0020799076 1.815107865e-05 5.24875)
(0.00218390298 1.905863258e-05 5.24875)
(0.00228789836 1.996618651e-05 5.24875)
(0.00239189374 2.087374044e-05 5.24875)
(0.00249588912 2.178129437e-05 5.24875)
(0.0025998845 2.268884831e-05 5.24875)
(0.002703879881 2.359640224e-05 5.24875)
(0.002807875261 2.450395617e-05 5.24875)
(0.002911870641 2.54115101e-05 5.24875)
(0.003015866021 2.631906404e-05 5.24875)
(0.003119861401 2.722661797e-05 5.24875)
(0.003223856781 2.81341719e-05 5.24875)
(0.003327852161 2.904172583e-05 5.24875)
(0.003431847541 2.994927977e-05 5.24875)
(0.003535842921 3.08568337e-05 5.24875)
(0.003639838301 3.176438763e-05 5.24875)
(0.003743833681 3.267194156e-05 5.24875)
(0.003847829061 3.357949549e-05 5.24875)
(0.003951824441 3.448704943e-05 5.24875)
(0.004055819821 3.539460336e-05 5.24875)
(0.004159815201 3.630215729e-05 5.24875)
(0.004263810581 3.720971122e-05 5.24875)
(0.004367805961 3.811726516e-05 5.24875)
(0.004471801341 3.902481909e-05 5.24875)
(0.004575796721 3.993237302e-05 5.24875)
(0.004679792101 4.083992695e-05 5.24875)
(0.0015599307 -1.361330898e-05 5.258125)
(0.00166392608 -1.452086292e-05 5.258125)
(0.00176792146 -1.542841685e-05 5.258125)
(0.00187191684 -1.633597078e-05 5.258125)
(0.00197591222 -1.724352471e-05 5.258125)
(0.0020799076 -1.815107865e-05 5.258125)
(0.00218390298 -1.905863258e-05 5.258125)
(0.00228789836 -1.996618651e-05 5.258125)
(0.00239189374 -2.087374044e-05 5.258125)
(0.00249588912 -2.178129437e-05 5.258125)
(0.0025998845 -2.268884831e-05 5.258125)
(0.002703879881 -2.359640224e-05 5.258125)
(0.002807875261 -2.450395617e-05 5.258125)
(0.002911870641 -2.54115101e-05 5.258125)
(0.003015866021 -2.631906404e-05 5.258125)
(0.003119861401 -2.722661797e-05 5.258125)
(0.003223856781 -2.81341719e-05 5.258125)
(0.003327852161 -2.904172583e-05 5.258125)
(0.003431847541 -2.994927977e-05 5.258125)
(0.003535842921 -3.08568337e-05 5.258125)
(0.003639838301 -3.176438763e-05 5.258125)
(0.003743833681 -3.267194156e-05 5.258125)
(0.003847829061 -3.357949549e-05 5.258125)
(0.003951824441 -3.448704943e-05 5.258125)
(0.004055819821 -3.539460336e-05 5.258125)
(0.004159815201 -3.630215729e-05 5.258125)
(0.004263810581 -3.720971122e-05 5.258125)
(0.004367805961 -3.811726516e-05 5.258125)
(0.004471801341 -3.902481909e-05 5.258125)
(0.004575796721 -3.993237302e-05 5.258125)
(0.004679792101 -4.083992695e-05 5.258125)
(0.0015599307 1.361330898e-05 5.258125)
(0.00166392608 1.452086292e-05 5.258125)
(0.00176792146 1.542841685e-05 5.258125)
(0.00187191684 1.633597078e-05 5.258125)
(0.00197591222 1.724352471e-05 5.258125)
(0.0020799076 1.815107865e-05 5.258125)
(0.00218390298 1.905863258e-05 5.258125)
(0.00228789836 1.996618651e-05 5.258125)
(0.00239189374 2.087374044e-05 5.258125)
(0.00249588912 2.178129437e-05 5.258125)
(0.0025998845 2.268884831e-05 5.258125)
(0.002703879881 2.359640224e-05 5.258125)
(0.002807875261 2.450395617e-05 5.258125)
(0.002911870641 2.54115101e-05 5.258125)
(0.003015866021 2.631906404e-05 5.258125)
(0.003119861401 2.722661797e-05 5.258125)
(0.003223856781 2.81341719e-05 5.258125)
(0.003327852161 2.904172583e-05 5.258125)
(0.003431847541 2.994927977e-05 5.258125)
(0.003535842921 3.08568337e-05 5.258125)
(0.003639838301 3.176438763e-05 5.258125)
(0.003743833681 3.267194156e-05 5.258125)
(0.003847829061 3.357949549e-05 5.258125)
(0.003951824441 3.448704943e-05 5.258125)
(0.004055819821 3.539460336e-05 5.258125)
(0.004159815201 3.630215729e-05 5.258125)
(0.004263810581 3.720971122e-05 5.258125)
(0.004367805961 3.811726516e-05 5.258125)
(0.004471801341 3.902481909e-05 5.258125)
(0.004575796721 3.993237302e-05 5.258125)
(0.004679792101 4.083992695e-05 5.258125)
(0.0015599307 -1.361330898e-05 5.2675)
(0.00166392608 -1.452086292e-05 5.2675)
(0.00176792146 -1.542841685e-05 5.2675)
(0.00187191684 -1.633597078e-05 5.2675)
(0.00197591222 -1.724352471e-05 5.2675)
(0.0020799076 -1.815107865e-05 5.2675)
(0.00218390298 -1.905863258e-05 5.2675)
(0.00228789836 -1.996618651e-05 5.2675)
(0.00239189374 -2.087374044e-05 5.2675)
(0.00249588912 -2.178129437e-05 5.2675)
(0.0025998845 -2.268884831e-05 5.2675)
(0.002703879881 -2.359640224e-05 5.2675)
(0.002807875261 -2.450395617e-05 5.2675)
(0.002911870641 -2.54115101e-05 5.2675)
(0.003015866021 -2.631906404e-05 5.2675)
(0.003119861401 -2.722661797e-05 5.2675)
(0.003223856781 -2.81341719e-05 5.2675)
(0.003327852161 -2.904172583e-05 5.2675)
(0.003431847541 -2.994927977e-05 5.2675)
(0.003535842921 -3.08568337e-05 5.2675)
(0.003639838301 -3.176438763e-05 5.2675)
(0.003743833681 -3.267194156e-05 5.2675)
(0.003847829061 -3.357949549e-05 5.2675)
(0.003951824441 -3.448704943e-05 5.2675)
(0.004055819821 -3.539460336e-05 5.2675)
(0.004159815201 -3.630215729e-05 5.2675)
(0.004263810581 -3.720971122e-05 5.2675)
(0.004367805961 -3.811726516e-05 5.2675)
(0.004471801341 -3.902481909e-05 5.2675)
(0.004575796721 -3.993237302e-05 5.2675)
(0.004679792101 -4.083992695e-05 5.2675)
(0.0015599307 1.361330898e-05 5.2675)
(0.00166392608 1.452086292e-05 5.2675)
(0.00176792146 1.542841685e-05 5.2675)
(0.00187191684 1.633597078e-05 5.2675)
(0.00197591222 1.724352471e-05 5.2675)
(0.0020799076 1.815107865e-05 5.2675)
(0.00218390298 1.905863258e-05 5.2675)
(0.00228789836 1.996618651e-05 5.2675)
(0.00239189374 2.087374044e-05 5.2675)
(0.00249588912 2.178129437e-05 5.2675)
(0.0025998845 2.268884831e-05 5.2675)
(0.002703879881 2.359640224e-05 5.2675)
(0.002807875261 2.450395617e-05 5.2675)
(0.002911870641 2.54115101e-05 5.2675)
(0.003015866021 2.631906404e-05 5.2675)
(0.003119861401 2.722661797e-05 5.2675)
(0.003223856781 2.81341719e-05 5.2675)
(0.003327852161 2.904172583e-05 5.2675)
(0.003431847541 2.994927977e-05 5.2675)
(0.003535842921 3.08568337e-05 5.2675)
(0.003639838301 3.176438763e-05 5.2675)
(0.003743833681 3.267194156e-05 5.2675)
(0.003847829061 3.357949549e-05 5.2675)
(0.003951824441 3.448704943e-05 5.2675)
(0.004055819821 3.539460336e-05 5.2675)
(0.004159815201 3.630215729e-05 5.2675)
(0.004263810581 3.720971122e-05 5.2675)
(0.004367805961 3.811726516e-05 5.2675)
(0.004471801341 3.902481909e-05 5.2675)
(0.004575796721 3.993237302e-05 5.2675)
(0.004679792101 4.083992695e-05 5.2675)
(0.0015599307 -1.361330898e-05 5.276875)
(0.00166392608 -1.452086292e-05 5.276875)
(0.00176792146 -1.542841685e-05 5.276875)
(0.00187191684 -1.633597078e-05 5.276875)
(0.00197591222 -1.724352471e-05 5.276875)
(0.0020799076 -1.815107865e-05 5.276875)
(0.00218390298 -1.905863258e-05 5.276875)
(0.00228789836 -1.996618651e-05 5.276875)
(0.00239189374 -2.087374044e-05 5.276875)
(0.00249588912 -2.178129437e-05 5.276875)
(0.0025998845 -2.268884831e-05 5.276875)
(0.002703879881 -2.359640224e-05 5.276875)
(0.002807875261 -2.450395617e-05 5.276875)
(0.002911870641 -2.54115101e-05 5.276875)
(0.003015866021 -2.631906404e-05 5.276875)
(0.003119861401 -2.722661797e-05 5.276875)
(0.003223856781 -2.81341719e-05 5.276875)
(0.003327852161 -2.904172583e-05 5.276875)
(0.003431847541 -2.994927977e-05 5.276875)
(0.003535842921 -3.08568337e-05 5.276875)
(0.003639838301 -3.176438763e-05 5.276875)
(0.003743833681 -3.267194156e-05 5.276875)
(0.003847829061 -3.357949549e-05 5.276875)
(0.003951824441 -3.448704943e-05 5.276875)
(0.004055819821 -3.539460336e-05 5.276875)
(0.004159815201 -3.630215729e-05 5.276875)
(0.004263810581 -3.720971122e-05 5.276875)
(0.004367805961 -3.811726516e-05 5.276875)
(0.004471801341 -3.902481909e-05 5.276875)
(0.004575796721 -3.993237302e-05 5.276875)
(0.004679792101 -4.083992695e-05 5.276875)
(0.0015599307 1.361330898e-05 5.276875)
(0.00166392608 1.452086292e-05 5.276875)
(0.00176792146 1.542841685e-05 5.276875)
(0.00187191684 1.633597078e-05 5.276875)
(0.00197591222 1.724352471e-05 5.276875)
(0.0020799076 1.815107865e-05 5.276875)
(0.00218390298 1.905863258e-05 5.276875)
(0.00228789836 1.996618651e-05 5.276875)
(0.00239189374 2.087374044e-05 5.276875)
(0.00249588912 2.178129437e-05 5.276875)
(0.0025998845 2.268884831e-05 5.276875)
(0.002703879881 2.359640224e-05 5.276875)
(0.002807875261 2.450395617e-05 5.276875)
(0.002911870641 2.54115101e-05 5.276875)
(0.003015866021 2.631906404e-05 5.276875)
(0.003119861401 2.722661797e-05 5.276875)
(0.003223856781 2.81341719e-05 5.276875)
(0.003327852161 2.904172583e-05 5.276875)
(0.003431847541 2.994927977e-05 5.276875)
(0.003535842921 3.08568337e-05 5.276875)
(0.003639838301 3.176438763e-05 5.276875)
(0.003743833681 3.267194156e-05 5.276875)
(0.003847829061 3.357949549e-05 5.276875)
(0.003951824441 3.448704943e-05 5.276875)
(0.004055819821 3.539460336e-05 5.276875)
(0.004159815201 3.630215729e-05 5.276875)
(0.004263810581 3.720971122e-05 5.276875)
(0.004367805961 3.811726516e-05 5.276875)
(0.004471801341 3.902481909e-05 5.276875)
(0.004575796721 3.993237302e-05 5.276875)
(0.004679792101 4.083992695e-05 5.276875)
(0.0015599307 -1.361330898e-05 5.28625)
(0.00166392608 -1.452086292e-05 5.28625)
(0.00176792146 -1.542841685e-05 5.28625)
(0.00187191684 -1.633597078e-05 5.28625)
(0.00197591222 -1.724352471e-05 5.28625)
(0.0020799076 -1.815107865e-05 5.28625)
(0.00218390298 -1.905863258e-05 5.28625)
(0.00228789836 -1.996618651e-05 5.28625)
(0.00239189374 -2.087374044e-05 5.28625)
(0.00249588912 -2.178129437e-05 5.28625)
(0.0025998845 -2.268884831e-05 5.28625)
(0.002703879881 -2.359640224e-05 5.28625)
(0.002807875261 -2.450395617e-05 5.28625)
(0.002911870641 -2.54115101e-05 5.28625)
(0.003015866021 -2.631906404e-05 5.28625)
(0.003119861401 -2.722661797e-05 5.28625)
(0.003223856781 -2.81341719e-05 5.28625)
(0.003327852161 -2.904172583e-05 5.28625)
(0.003431847541 -2.994927977e-05 5.28625)
(0.003535842921 -3.08568337e-05 5.28625)
(0.003639838301 -3.176438763e-05 5.28625)
(0.003743833681 -3.267194156e-05 5.28625)
(0.003847829061 -3.357949549e-05 5.28625)
(0.003951824441 -3.448704943e-05 5.28625)
(0.004055819821 -3.539460336e-05 5.28625)
(0.004159815201 -3.630215729e-05 5.28625)
(0.004263810581 -3.720971122e-05 5.28625)
(0.004367805961 -3.811726516e-05 5.28625)
(0.004471801341 -3.902481909e-05 5.28625)
(0.004575796721 -3.993237302e-05 5.28625)
(0.004679792101 -4.083992695e-05 5.28625)
(0.0015599307 1.361330898e-05 5.28625)
(0.00166392608 1.452086292e-05 5.28625)
(0.00176792146 1.542841685e-05 5.28625)
(0.00187191684 1.633597078e-05 5.28625)
(0.00197591222 1.724352471e-05 5.28625)
(0.0020799076 1.815107865e-05 5.28625)
(0.00218390298 1.905863258e-05 5.28625)
(0.00228789836 1.996618651e-05 5.28625)
(0.00239189374 2.087374044e-05 5.28625)
(0.00249588912 2.178129437e-05 5.28625)
(0.0025998845 2.268884831e-05 5.28625)
(0.002703879881 2.359640224e-05 5.28625)
(0.002807875261 2.450395617e-05 5.28625)
(0.002911870641 2.54115101e-05 5.28625)
(0.003015866021 2.631906404e-05 5.28625)
(0.003119861401 2.722661797e-05 5.28625)
(0.003223856781 2.81341719e-05 5.28625)
(0.003327852161 2.904172583e-05 5.28625)
(0.003431847541 2.994927977e-05 5.28625)
(0.003535842921 3.08568337e-05 5.28625)
(0.003639838301 3.176438763e-05 5.28625)
(0.003743833681 3.267194156e-05 5.28625)
(0.003847829061 3.357949549e-05 5.28625)
(0.003951824441 3.448704943e-05 5.28625)
(0.004055819821 3.539460336e-05 5.28625)
(0.004159815201 3.630215729e-05 5.28625)
(0.004263810581 3.720971122e-05 5.28625)
(0.004367805961 3.811726516e-05 5.28625)
(0.004471801341 3.902481909e-05 5.28625)
(0.004575796721 3.993237302e-05 5.28625)
(0.004679792101 4.083992695e-05 5.28625)
(0.0015599307 -1.361330898e-05 5.295625)
(0.00166392608 -1.452086292e-05 5.295625)
(0.00176792146 -1.542841685e-05 5.295625)
(0.00187191684 -1.633597078e-05 5.295625)
(0.00197591222 -1.724352471e-05 5.295625)
(0.0020799076 -1.815107865e-05 5.295625)
(0.00218390298 -1.905863258e-05 5.295625)
(0.00228789836 -1.996618651e-05 5.295625)
(0.00239189374 -2.087374044e-05 5.295625)
(0.00249588912 -2.178129437e-05 5.295625)
(0.0025998845 -2.268884831e-05 5.295625)
(0.002703879881 -2.359640224e-05 5.295625)
(0.002807875261 -2.450395617e-05 5.295625)
(0.002911870641 -2.54115101e-05 5.295625)
(0.003015866021 -2.631906404e-05 5.295625)
(0.003119861401 -2.722661797e-05 5.295625)
(0.003223856781 -2.81341719e-05 5.295625)
(0.003327852161 -2.904172583e-05 5.295625)
(0.003431847541 -2.994927977e-05 5.295625)
(0.003535842921 -3.08568337e-05 5.295625)
(0.003639838301 -3.176438763e-05 5.295625)
(0.003743833681 -3.267194156e-05 5.295625)
(0.003847829061 -3.357949549e-05 5.295625)
(0.003951824441 -3.448704943e-05 5.295625)
(0.004055819821 -3.539460336e-05 5.295625)
(0.004159815201 -3.630215729e-05 5.295625)
(0.004263810581 -3.720971122e-05 5.295625)
(0.004367805961 -3.811726516e-05 5.295625)
(0.004471801341 -3.902481909e-05 5.295625)
(0.004575796721 -3.993237302e-05 5.295625)
(0.004679792101 -4.083992695e-05 5.295625)
(0.0015599307 1.361330898e-05 5.295625)
(0.00166392608 1.452086292e-05 5.295625)
(0.00176792146 1.542841685e-05 5.295625)
(0.00187191684 1.633597078e-05 5.295625)
(0.00197591222 1.724352471e-05 5.295625)
(0.0020799076 1.815107865e-05 5.295625)
(0.00218390298 1.905863258e-05 5.295625)
(0.00228789836 1.996618651e-05 5.295625)
(0.00239189374 2.087374044e-05 5.295625)
(0.00249588912 2.178129437e-05 5.295625)
(0.0025998845 2.268884831e-05 5.295625)
(0.002703879881 2.359640224e-05 5.295625)
(0.002807875261 2.450395617e-05 5.295625)
(0.002911870641 2.54115101e-05 5.295625)
(0.003015866021 2.631906404e-05 5.295625)
(0.003119861401 2.722661797e-05 5.295625)
(0.003223856781 2.81341719e-05 5.295625)
(0.003327852161 2.904172583e-05 5.295625)
(0.003431847541 2.994927977e-05 5.295625)
(0.003535842921 3.08568337e-05 5.295625)
(0.003639838301 3.176438763e-05 5.295625)
(0.003743833681 3.267194156e-05 5.295625)
(0.003847829061 3.357949549e-05 5.295625)
(0.003951824441 3.448704943e-05 5.295625)
(0.004055819821 3.539460336e-05 5.295625)
(0.004159815201 3.630215729e-05 5.295625)
(0.004263810581 3.720971122e-05 5.295625)
(0.004367805961 3.811726516e-05 5.295625)
(0.004471801341 3.902481909e-05 5.295625)
(0.004575796721 3.993237302e-05 5.295625)
(0.004679792101 4.083992695e-05 5.295625)
(0.0015599307 -1.361330898e-05 5.305)
(0.00166392608 -1.452086292e-05 5.305)
(0.00176792146 -1.542841685e-05 5.305)
(0.00187191684 -1.633597078e-05 5.305)
(0.00197591222 -1.724352471e-05 5.305)
(0.0020799076 -1.815107865e-05 5.305)
(0.00218390298 -1.905863258e-05 5.305)
(0.00228789836 -1.996618651e-05 5.305)
(0.00239189374 -2.087374044e-05 5.305)
(0.00249588912 -2.178129437e-05 5.305)
(0.0025998845 -2.268884831e-05 5.305)
(0.002703879881 -2.359640224e-05 5.305)
(0.002807875261 -2.450395617e-05 5.305)
(0.002911870641 -2.54115101e-05 5.305)
(0.003015866021 -2.631906404e-05 5.305)
(0.003119861401 -2.722661797e-05 5.305)
(0.003223856781 -2.81341719e-05 5.305)
(0.003327852161 -2.904172583e-05 5.305)
(0.003431847541 -2.994927977e-05 5.305)
(0.003535842921 -3.08568337e-05 5.305)
(0.003639838301 -3.176438763e-05 5.305)
(0.003743833681 -3.267194156e-05 5.305)
(0.003847829061 -3.357949549e-05 5.305)
(0.003951824441 -3.448704943e-05 5.305)
(0.004055819821 -3.539460336e-05 5.305)
(0.004159815201 -3.630215729e-05 5.305)
(0.004263810581 -3.720971122e-05 5.305)
(0.004367805961 -3.811726516e-05 5.305)
(0.004471801341 -3.902481909e-05 5.305)
(0.004575796721 -3.993237302e-05 5.305)
(0.004679792101 -4.083992695e-05 5.305)
(0.0015599307 1.361330898e-05 5.305)
(0.00166392608 1.452086292e-05 5.305)
(0.00176792146 1.542841685e-05 5.305)
(0.00187191684 1.633597078e-05 5.305)
(0.00197591222 1.724352471e-05 5.305)
(0.0020799076 1.815107865e-05 5.305)
(0.00218390298 1.905863258e-05 5.305)
(0.00228789836 1.996618651e-05 5.305)
(0.00239189374 2.087374044e-05 5.305)
(0.00249588912 2.178129437e-05 5.305)
(0.0025998845 2.268884831e-05 5.305)
(0.002703879881 2.359640224e-05 5.305)
(0.002807875261 2.450395617e-05 5.305)
(0.002911870641 2.54115101e-05 5.305)
(0.003015866021 2.631906404e-05 5.305)
(0.003119861401 2.722661797e-05 5.305)
(0.003223856781 2.81341719e-05 5.305)
(0.003327852161 2.904172583e-05 5.305)
(0.003431847541 2.994927977e-05 5.305)
(0.003535842921 3.08568337e-05 5.305)
(0.003639838301 3.176438763e-05 5.305)
(0.003743833681 3.267194156e-05 5.305)
(0.003847829061 3.357949549e-05 5.305)
(0.003951824441 3.448704943e-05 5.305)
(0.004055819821 3.539460336e-05 5.305)
(0.004159815201 3.630215729e-05 5.305)
(0.004263810581 3.720971122e-05 5.305)
(0.004367805961 3.811726516e-05 5.305)
(0.004471801341 3.902481909e-05 5.305)
(0.004575796721 3.993237302e-05 5.305)
(0.004679792101 4.083992695e-05 5.305)
(0.0015599307 -1.361330898e-05 5.314375)
(0.00166392608 -1.452086292e-05 5.314375)
(0.00176792146 -1.542841685e-05 5.314375)
(0.00187191684 -1.633597078e-05 5.314375)
(0.00197591222 -1.724352471e-05 5.314375)
(0.0020799076 -1.815107865e-05 5.314375)
(0.00218390298 -1.905863258e-05 5.314375)
(0.00228789836 -1.996618651e-05 5.314375)
(0.00239189374 -2.087374044e-05 5.314375)
(0.00249588912 -2.178129437e-05 5.314375)
(0.0025998845 -2.268884831e-05 5.314375)
(0.002703879881 -2.359640224e-05 5.314375)
(0.002807875261 -2.450395617e-05 5.314375)
(0.002911870641 -2.54115101e-05 5.314375)
(0.003015866021 -2.631906404e-05 5.314375)
(0.003119861401 -2.722661797e-05 5.314375)
(0.003223856781 -2.81341719e-05 5.314375)
(0.003327852161 -2.904172583e-05 5.314375)
(0.003431847541 -2.994927977e-05 5.314375)
(0.003535842921 -3.08568337e-05 5.314375)
(0.003639838301 -3.176438763e-05 5.314375)
(0.003743833681 -3.267194156e-05 5.314375)
(0.003847829061 -3.357949549e-05 5.314375)
(0.003951824441 -3.448704943e-05 5.314375)
(0.004055819821 -3.539460336e-05 5.314375)
(0.004159815201 -3.630215729e-05 5.314375)
(0.004263810581 -3.720971122e-05 5.314375)
(0.004367805961 -3.811726516e-05 5.314375)
(0.004471801341 -3.902481909e-05 5.314375)
(0.004575796721 -3.993237302e-05 5.314375)
(0.004679792101 -4.083992695e-05 5.314375)
(0.0015599307 1.361330898e-05 5.314375)
(0.00166392608 1.452086292e-05 5.314375)
(0.00176792146 1.542841685e-05 5.314375)
(0.00187191684 1.633597078e-05 5.314375)
(0.00197591222 1.724352471e-05 5.314375)
(0.0020799076 1.815107865e-05 5.314375)
(0.00218390298 1.905863258e-05 5.314375)
(0.00228789836 1.996618651e-05 5.314375)
(0.00239189374 2.087374044e-05 5.314375)
(0.00249588912 2.178129437e-05 5.314375)
(0.0025998845 2.268884831e-05 5.314375)
(0.002703879881 2.359640224e-05 5.314375)
(0.002807875261 2.450395617e-05 5.314375)
(0.002911870641 2.54115101e-05 5.314375)
(0.003015866021 2.631906404e-05 5.314375)
(0.003119861401 2.722661797e-05 5.314375)
(0.003223856781 2.81341719e-05 5.314375)
(0.003327852161 2.904172583e-05 5.314375)
(0.003431847541 2.994927977e-05 5.314375)
(0.003535842921 3.08568337e-05 5.314375)
(0.003639838301 3.176438763e-05 5.314375)
(0.003743833681 3.267194156e-05 5.314375)
(0.003847829061 3.357949549e-05 5.314375)
(0.003951824441 3.448704943e-05 5.314375)
(0.004055819821 3.539460336e-05 5.314375)
(0.004159815201 3.630215729e-05 5.314375)
(0.004263810581 3.720971122e-05 5.314375)
(0.004367805961 3.811726516e-05 5.314375)
(0.004471801341 3.902481909e-05 5.314375)
(0.004575796721 3.993237302e-05 5.314375)
(0.004679792101 4.083992695e-05 5.314375)
(0.0015599307 -1.361330898e-05 5.32375)
(0.00166392608 -1.452086292e-05 5.32375)
(0.00176792146 -1.542841685e-05 5.32375)
(0.00187191684 -1.633597078e-05 5.32375)
(0.00197591222 -1.724352471e-05 5.32375)
(0.0020799076 -1.815107865e-05 5.32375)
(0.00218390298 -1.905863258e-05 5.32375)
(0.00228789836 -1.996618651e-05 5.32375)
(0.00239189374 -2.087374044e-05 5.32375)
(0.00249588912 -2.178129437e-05 5.32375)
(0.0025998845 -2.268884831e-05 5.32375)
(0.002703879881 -2.359640224e-05 5.32375)
(0.002807875261 -2.450395617e-05 5.32375)
(0.002911870641 -2.54115101e-05 5.32375)
(0.003015866021 -2.631906404e-05 5.32375)
(0.003119861401 -2.722661797e-05 5.32375)
(0.003223856781 -2.81341719e-05 5.32375)
(0.003327852161 -2.904172583e-05 5.32375)
(0.003431847541 -2.994927977e-05 5.32375)
(0.003535842921 -3.08568337e-05 5.32375)
(0.003639838301 -3.176438763e-05 5.32375)
(0.003743833681 -3.267194156e-05 5.32375)
(0.003847829061 -3.357949549e-05 5.32375)
(0.003951824441 -3.448704943e-05 5.32375)
(0.004055819821 -3.539460336e-05 5.32375)
(0.004159815201 -3.630215729e-05 5.32375)
(0.004263810581 -3.720971122e-05 5.32375)
(0.004367805961 -3.811726516e-05 5.32375)
(0.004471801341 -3.902481909e-05 5.32375)
(0.004575796721 -3.993237302e-05 5.32375)
(0.004679792101 -4.083992695e-05 5.32375)
(0.0015599307 1.361330898e-05 5.32375)
(0.00166392608 1.452086292e-05 5.32375)
(0.00176792146 1.542841685e-05 5.32375)
(0.00187191684 1.633597078e-05 5.32375)
(0.00197591222 1.724352471e-05 5.32375)
(0.0020799076 1.815107865e-05 5.32375)
(0.00218390298 1.905863258e-05 5.32375)
(0.00228789836 1.996618651e-05 5.32375)
(0.00239189374 2.087374044e-05 5.32375)
(0.00249588912 2.178129437e-05 5.32375)
(0.0025998845 2.268884831e-05 5.32375)
(0.002703879881 2.359640224e-05 5.32375)
(0.002807875261 2.450395617e-05 5.32375)
(0.002911870641 2.54115101e-05 5.32375)
(0.003015866021 2.631906404e-05 5.32375)
(0.003119861401 2.722661797e-05 5.32375)
(0.003223856781 2.81341719e-05 5.32375)
(0.003327852161 2.904172583e-05 5.32375)
(0.003431847541 2.994927977e-05 5.32375)
(0.003535842921 3.08568337e-05 5.32375)
(0.003639838301 3.176438763e-05 5.32375)
(0.003743833681 3.267194156e-05 5.32375)
(0.003847829061 3.357949549e-05 5.32375)
(0.003951824441 3.448704943e-05 5.32375)
(0.004055819821 3.539460336e-05 5.32375)
(0.004159815201 3.630215729e-05 5.32375)
(0.004263810581 3.720971122e-05 5.32375)
(0.004367805961 3.811726516e-05 5.32375)
(0.004471801341 3.902481909e-05 5.32375)
(0.004575796721 3.993237302e-05 5.32375)
(0.004679792101 4.083992695e-05 5.32375)
(0.0015599307 -1.361330898e-05 5.333125)
(0.00166392608 -1.452086292e-05 5.333125)
(0.00176792146 -1.542841685e-05 5.333125)
(0.00187191684 -1.633597078e-05 5.333125)
(0.00197591222 -1.724352471e-05 5.333125)
(0.0020799076 -1.815107865e-05 5.333125)
(0.00218390298 -1.905863258e-05 5.333125)
(0.00228789836 -1.996618651e-05 5.333125)
(0.00239189374 -2.087374044e-05 5.333125)
(0.00249588912 -2.178129437e-05 5.333125)
(0.0025998845 -2.268884831e-05 5.333125)
(0.002703879881 -2.359640224e-05 5.333125)
(0.002807875261 -2.450395617e-05 5.333125)
(0.002911870641 -2.54115101e-05 5.333125)
(0.003015866021 -2.631906404e-05 5.333125)
(0.003119861401 -2.722661797e-05 5.333125)
(0.003223856781 -2.81341719e-05 5.333125)
(0.003327852161 -2.904172583e-05 5.333125)
(0.003431847541 -2.994927977e-05 5.333125)
(0.003535842921 -3.08568337e-05 5.333125)
(0.003639838301 -3.176438763e-05 5.333125)
(0.003743833681 -3.267194156e-05 5.333125)
(0.003847829061 -3.357949549e-05 5.333125)
(0.003951824441 -3.448704943e-05 5.333125)
(0.004055819821 -3.539460336e-05 5.333125)
(0.004159815201 -3.630215729e-05 5.333125)
(0.004263810581 -3.720971122e-05 5.333125)
(0.004367805961 -3.811726516e-05 5.333125)
(0.004471801341 -3.902481909e-05 5.333125)
(0.004575796721 -3.993237302e-05 5.333125)
(0.004679792101 -4.083992695e-05 5.333125)
(0.0015599307 1.361330898e-05 5.333125)
(0.00166392608 1.452086292e-05 5.333125)
(0.00176792146 1.542841685e-05 5.333125)
(0.00187191684 1.633597078e-05 5.333125)
(0.00197591222 1.724352471e-05 5.333125)
(0.0020799076 1.815107865e-05 5.333125)
(0.00218390298 1.905863258e-05 5.333125)
(0.00228789836 1.996618651e-05 5.333125)
(0.00239189374 2.087374044e-05 5.333125)
(0.00249588912 2.178129437e-05 5.333125)
(0.0025998845 2.268884831e-05 5.333125)
(0.002703879881 2.359640224e-05 5.333125)
(0.002807875261 2.450395617e-05 5.333125)
(0.002911870641 2.54115101e-05 5.333125)
(0.003015866021 2.631906404e-05 5.333125)
(0.003119861401 2.722661797e-05 5.333125)
(0.003223856781 2.81341719e-05 5.333125)
(0.003327852161 2.904172583e-05 5.333125)
(0.003431847541 2.994927977e-05 5.333125)
(0.003535842921 3.08568337e-05 5.333125)
(0.003639838301 3.176438763e-05 5.333125)
(0.003743833681 3.267194156e-05 5.333125)
(0.003847829061 3.357949549e-05 5.333125)
(0.003951824441 3.448704943e-05 5.333125)
(0.004055819821 3.539460336e-05 5.333125)
(0.004159815201 3.630215729e-05 5.333125)
(0.004263810581 3.720971122e-05 5.333125)
(0.004367805961 3.811726516e-05 5.333125)
(0.004471801341 3.902481909e-05 5.333125)
(0.004575796721 3.993237302e-05 5.333125)
(0.004679792101 4.083992695e-05 5.333125)
(0.0015599307 -1.361330898e-05 5.3425)
(0.00166392608 -1.452086292e-05 5.3425)
(0.00176792146 -1.542841685e-05 5.3425)
(0.00187191684 -1.633597078e-05 5.3425)
(0.00197591222 -1.724352471e-05 5.3425)
(0.0020799076 -1.815107865e-05 5.3425)
(0.00218390298 -1.905863258e-05 5.3425)
(0.00228789836 -1.996618651e-05 5.3425)
(0.00239189374 -2.087374044e-05 5.3425)
(0.00249588912 -2.178129437e-05 5.3425)
(0.0025998845 -2.268884831e-05 5.3425)
(0.002703879881 -2.359640224e-05 5.3425)
(0.002807875261 -2.450395617e-05 5.3425)
(0.002911870641 -2.54115101e-05 5.3425)
(0.003015866021 -2.631906404e-05 5.3425)
(0.003119861401 -2.722661797e-05 5.3425)
(0.003223856781 -2.81341719e-05 5.3425)
(0.003327852161 -2.904172583e-05 5.3425)
(0.003431847541 -2.994927977e-05 5.3425)
(0.003535842921 -3.08568337e-05 5.3425)
(0.003639838301 -3.176438763e-05 5.3425)
(0.003743833681 -3.267194156e-05 5.3425)
(0.003847829061 -3.357949549e-05 5.3425)
(0.003951824441 -3.448704943e-05 5.3425)
(0.004055819821 -3.539460336e-05 5.3425)
(0.004159815201 -3.630215729e-05 5.3425)
(0.004263810581 -3.720971122e-05 5.3425)
(0.004367805961 -3.811726516e-05 5.3425)
(0.004471801341 -3.902481909e-05 5.3425)
(0.004575796721 -3.993237302e-05 5.3425)
(0.004679792101 -4.083992695e-05 5.3425)
(0.0015599307 1.361330898e-05 5.3425)
(0.00166392608 1.452086292e-05 5.3425)
(0.00176792146 1.542841685e-05 5.3425)
(0.00187191684 1.633597078e-05 5.3425)
(0.00197591222 1.724352471e-05 5.3425)
(0.0020799076 1.815107865e-05 5.3425)
(0.00218390298 1.905863258e-05 5.3425)
(0.00228789836 1.996618651e-05 5.3425)
(0.00239189374 2.087374044e-05 5.3425)
(0.00249588912 2.178129437e-05 5.3425)
(0.0025998845 2.268884831e-05 5.3425)
(0.002703879881 2.359640224e-05 5.3425)
(0.002807875261 2.450395617e-05 5.3425)
(0.002911870641 2.54115101e-05 5.3425)
(0.003015866021 2.631906404e-05 5.3425)
(0.003119861401 2.722661797e-05 5.3425)
(0.003223856781 2.81341719e-05 5.3425)
(0.003327852161 2.904172583e-05 5.3425)
(0.003431847541 2.994927977e-05 5.3425)
(0.003535842921 3.08568337e-05 5.3425)
(0.003639838301 3.176438763e-05 5.3425)
(0.003743833681 3.267194156e-05 5.3425)
(0.003847829061 3.357949549e-05 5.3425)
(0.003951824441 3.448704943e-05 5.3425)
(0.004055819821 3.539460336e-05 5.3425)
(0.004159815201 3.630215729e-05 5.3425)
(0.004263810581 3.720971122e-05 5.3425)
(0.004367805961 3.811726516e-05 5.3425)
(0.004471801341 3.902481909e-05 5.3425)
(0.004575796721 3.993237302e-05 5.3425)
(0.004679792101 4.083992695e-05 5.3425)
(0.0015599307 -1.361330898e-05 5.351875)
(0.00166392608 -1.452086292e-05 5.351875)
(0.00176792146 -1.542841685e-05 5.351875)
(0.00187191684 -1.633597078e-05 5.351875)
(0.00197591222 -1.724352471e-05 5.351875)
(0.0020799076 -1.815107865e-05 5.351875)
(0.00218390298 -1.905863258e-05 5.351875)
(0.00228789836 -1.996618651e-05 5.351875)
(0.00239189374 -2.087374044e-05 5.351875)
(0.00249588912 -2.178129437e-05 5.351875)
(0.0025998845 -2.268884831e-05 5.351875)
(0.002703879881 -2.359640224e-05 5.351875)
(0.002807875261 -2.450395617e-05 5.351875)
(0.002911870641 -2.54115101e-05 5.351875)
(0.003015866021 -2.631906404e-05 5.351875)
(0.003119861401 -2.722661797e-05 5.351875)
(0.003223856781 -2.81341719e-05 5.351875)
(0.003327852161 -2.904172583e-05 5.351875)
(0.003431847541 -2.994927977e-05 5.351875)
(0.003535842921 -3.08568337e-05 5.351875)
(0.003639838301 -3.176438763e-05 5.351875)
(0.003743833681 -3.267194156e-05 5.351875)
(0.003847829061 -3.357949549e-05 5.351875)
(0.003951824441 -3.448704943e-05 5.351875)
(0.004055819821 -3.539460336e-05 5.351875)
(0.004159815201 -3.630215729e-05 5.351875)
(0.004263810581 -3.720971122e-05 5.351875)
(0.004367805961 -3.811726516e-05 5.351875)
(0.004471801341 -3.902481909e-05 5.351875)
(0.004575796721 -3.993237302e-05 5.351875)
(0.004679792101 -4.083992695e-05 5.351875)
(0.0015599307 1.361330898e-05 5.351875)
(0.00166392608 1.452086292e-05 5.351875)
(0.00176792146 1.542841685e-05 5.351875)
(0.00187191684 1.633597078e-05 5.351875)
(0.00197591222 1.724352471e-05 5.351875)
(0.0020799076 1.815107865e-05 5.351875)
(0.00218390298 1.905863258e-05 5.351875)
(0.00228789836 1.996618651e-05 5.351875)
(0.00239189374 2.087374044e-05 5.351875)
(0.00249588912 2.178129437e-05 5.351875)
(0.0025998845 2.268884831e-05 5.351875)
(0.002703879881 2.359640224e-05 5.351875)
(0.002807875261 2.450395617e-05 5.351875)
(0.002911870641 2.54115101e-05 5.351875)
(0.003015866021 2.631906404e-05 5.351875)
(0.003119861401 2.722661797e-05 5.351875)
(0.003223856781 2.81341719e-05 5.351875)
(0.003327852161 2.904172583e-05 5.351875)
(0.003431847541 2.994927977e-05 5.351875)
(0.003535842921 3.08568337e-05 5.351875)
(0.003639838301 3.176438763e-05 5.351875)
(0.003743833681 3.267194156e-05 5.351875)
(0.003847829061 3.357949549e-05 5.351875)
(0.003951824441 3.448704943e-05 5.351875)
(0.004055819821 3.539460336e-05 5.351875)
(0.004159815201 3.630215729e-05 5.351875)
(0.004263810581 3.720971122e-05 5.351875)
(0.004367805961 3.811726516e-05 5.351875)
(0.004471801341 3.902481909e-05 5.351875)
(0.004575796721 3.993237302e-05 5.351875)
(0.004679792101 4.083992695e-05 5.351875)
(0.0015599307 -1.361330898e-05 5.36125)
(0.00166392608 -1.452086292e-05 5.36125)
(0.00176792146 -1.542841685e-05 5.36125)
(0.00187191684 -1.633597078e-05 5.36125)
(0.00197591222 -1.724352471e-05 5.36125)
(0.0020799076 -1.815107865e-05 5.36125)
(0.00218390298 -1.905863258e-05 5.36125)
(0.00228789836 -1.996618651e-05 5.36125)
(0.00239189374 -2.087374044e-05 5.36125)
(0.00249588912 -2.178129437e-05 5.36125)
(0.0025998845 -2.268884831e-05 5.36125)
(0.002703879881 -2.359640224e-05 5.36125)
(0.002807875261 -2.450395617e-05 5.36125)
(0.002911870641 -2.54115101e-05 5.36125)
(0.003015866021 -2.631906404e-05 5.36125)
(0.003119861401 -2.722661797e-05 5.36125)
(0.003223856781 -2.81341719e-05 5.36125)
(0.003327852161 -2.904172583e-05 5.36125)
(0.003431847541 -2.994927977e-05 5.36125)
(0.003535842921 -3.08568337e-05 5.36125)
(0.003639838301 -3.176438763e-05 5.36125)
(0.003743833681 -3.267194156e-05 5.36125)
(0.003847829061 -3.357949549e-05 5.36125)
(0.003951824441 -3.448704943e-05 5.36125)
(0.004055819821 -3.539460336e-05 5.36125)
(0.004159815201 -3.630215729e-05 5.36125)
(0.004263810581 -3.720971122e-05 5.36125)
(0.004367805961 -3.811726516e-05 5.36125)
(0.004471801341 -3.902481909e-05 5.36125)
(0.004575796721 -3.993237302e-05 5.36125)
(0.004679792101 -4.083992695e-05 5.36125)
(0.0015599307 1.361330898e-05 5.36125)
(0.00166392608 1.452086292e-05 5.36125)
(0.00176792146 1.542841685e-05 5.36125)
(0.00187191684 1.633597078e-05 5.36125)
(0.00197591222 1.724352471e-05 5.36125)
(0.0020799076 1.815107865e-05 5.36125)
(0.00218390298 1.905863258e-05 5.36125)
(0.00228789836 1.996618651e-05 5.36125)
(0.00239189374 2.087374044e-05 5.36125)
(0.00249588912 2.178129437e-05 5.36125)
(0.0025998845 2.268884831e-05 5.36125)
(0.002703879881 2.359640224e-05 5.36125)
(0.002807875261 2.450395617e-05 5.36125)
(0.002911870641 2.54115101e-05 5.36125)
(0.003015866021 2.631906404e-05 5.36125)
(0.003119861401 2.722661797e-05 5.36125)
(0.003223856781 2.81341719e-05 5.36125)
(0.003327852161 2.904172583e-05 5.36125)
(0.003431847541 2.994927977e-05 5.36125)
(0.003535842921 3.08568337e-05 5.36125)
(0.003639838301 3.176438763e-05 5.36125)
(0.003743833681 3.267194156e-05 5.36125)
(0.003847829061 3.357949549e-05 5.36125)
(0.003951824441 3.448704943e-05 5.36125)
(0.004055819821 3.539460336e-05 5.36125)
(0.004159815201 3.630215729e-05 5.36125)
(0.004263810581 3.720971122e-05 5.36125)
(0.004367805961 3.811726516e-05 5.36125)
(0.004471801341 3.902481909e-05 5.36125)
(0.004575796721 3.993237302e-05 5.36125)
(0.004679792101 4.083992695e-05 5.36125)
(0.0015599307 -1.361330898e-05 5.370625)
(0.00166392608 -1.452086292e-05 5.370625)
(0.00176792146 -1.542841685e-05 5.370625)
(0.00187191684 -1.633597078e-05 5.370625)
(0.00197591222 -1.724352471e-05 5.370625)
(0.0020799076 -1.815107865e-05 5.370625)
(0.00218390298 -1.905863258e-05 5.370625)
(0.00228789836 -1.996618651e-05 5.370625)
(0.00239189374 -2.087374044e-05 5.370625)
(0.00249588912 -2.178129437e-05 5.370625)
(0.0025998845 -2.268884831e-05 5.370625)
(0.002703879881 -2.359640224e-05 5.370625)
(0.002807875261 -2.450395617e-05 5.370625)
(0.002911870641 -2.54115101e-05 5.370625)
(0.003015866021 -2.631906404e-05 5.370625)
(0.003119861401 -2.722661797e-05 5.370625)
(0.003223856781 -2.81341719e-05 5.370625)
(0.003327852161 -2.904172583e-05 5.370625)
(0.003431847541 -2.994927977e-05 5.370625)
(0.003535842921 -3.08568337e-05 5.370625)
(0.003639838301 -3.176438763e-05 5.370625)
(0.003743833681 -3.267194156e-05 5.370625)
(0.003847829061 -3.357949549e-05 5.370625)
(0.003951824441 -3.448704943e-05 5.370625)
(0.004055819821 -3.539460336e-05 5.370625)
(0.004159815201 -3.630215729e-05 5.370625)
(0.004263810581 -3.720971122e-05 5.370625)
(0.004367805961 -3.811726516e-05 5.370625)
(0.004471801341 -3.902481909e-05 5.370625)
(0.004575796721 -3.993237302e-05 5.370625)
(0.004679792101 -4.083992695e-05 5.370625)
(0.0015599307 1.361330898e-05 5.370625)
(0.00166392608 1.452086292e-05 5.370625)
(0.00176792146 1.542841685e-05 5.370625)
(0.00187191684 1.633597078e-05 5.370625)
(0.00197591222 1.724352471e-05 5.370625)
(0.0020799076 1.815107865e-05 5.370625)
(0.00218390298 1.905863258e-05 5.370625)
(0.00228789836 1.996618651e-05 5.370625)
(0.00239189374 2.087374044e-05 5.370625)
(0.00249588912 2.178129437e-05 5.370625)
(0.0025998845 2.268884831e-05 5.370625)
(0.002703879881 2.359640224e-05 5.370625)
(0.002807875261 2.450395617e-05 5.370625)
(0.002911870641 2.54115101e-05 5.370625)
(0.003015866021 2.631906404e-05 5.370625)
(0.003119861401 2.722661797e-05 5.370625)
(0.003223856781 2.81341719e-05 5.370625)
(0.003327852161 2.904172583e-05 5.370625)
(0.003431847541 2.994927977e-05 5.370625)
(0.003535842921 3.08568337e-05 5.370625)
(0.003639838301 3.176438763e-05 5.370625)
(0.003743833681 3.267194156e-05 5.370625)
(0.003847829061 3.357949549e-05 5.370625)
(0.003951824441 3.448704943e-05 5.370625)
(0.004055819821 3.539460336e-05 5.370625)
(0.004159815201 3.630215729e-05 5.370625)
(0.004263810581 3.720971122e-05 5.370625)
(0.004367805961 3.811726516e-05 5.370625)
(0.004471801341 3.902481909e-05 5.370625)
(0.004575796721 3.993237302e-05 5.370625)
(0.004679792101 4.083992695e-05 5.370625)
(0.0015599307 -1.361330898e-05 5.38)
(0.00166392608 -1.452086292e-05 5.38)
(0.00176792146 -1.542841685e-05 5.38)
(0.00187191684 -1.633597078e-05 5.38)
(0.00197591222 -1.724352471e-05 5.38)
(0.0020799076 -1.815107865e-05 5.38)
(0.00218390298 -1.905863258e-05 5.38)
(0.00228789836 -1.996618651e-05 5.38)
(0.00239189374 -2.087374044e-05 5.38)
(0.00249588912 -2.178129437e-05 5.38)
(0.0025998845 -2.268884831e-05 5.38)
(0.002703879881 -2.359640224e-05 5.38)
(0.002807875261 -2.450395617e-05 5.38)
(0.002911870641 -2.54115101e-05 5.38)
(0.003015866021 -2.631906404e-05 5.38)
(0.003119861401 -2.722661797e-05 5.38)
(0.003223856781 -2.81341719e-05 5.38)
(0.003327852161 -2.904172583e-05 5.38)
(0.003431847541 -2.994927977e-05 5.38)
(0.003535842921 -3.08568337e-05 5.38)
(0.003639838301 -3.176438763e-05 5.38)
(0.003743833681 -3.267194156e-05 5.38)
(0.003847829061 -3.357949549e-05 5.38)
(0.003951824441 -3.448704943e-05 5.38)
(0.004055819821 -3.539460336e-05 5.38)
(0.004159815201 -3.630215729e-05 5.38)
(0.004263810581 -3.720971122e-05 5.38)
(0.004367805961 -3.811726516e-05 5.38)
(0.004471801341 -3.902481909e-05 5.38)
(0.004575796721 -3.993237302e-05 5.38)
(0.004679792101 -4.083992695e-05 5.38)
(0.0015599307 1.361330898e-05 5.38)
(0.00166392608 1.452086292e-05 5.38)
(0.00176792146 1.542841685e-05 5.38)
(0.00187191684 1.633597078e-05 5.38)
(0.00197591222 1.724352471e-05 5.38)
(0.0020799076 1.815107865e-05 5.38)
(0.00218390298 1.905863258e-05 5.38)
(0.00228789836 1.996618651e-05 5.38)
(0.00239189374 2.087374044e-05 5.38)
(0.00249588912 2.178129437e-05 5.38)
(0.0025998845 2.268884831e-05 5.38)
(0.002703879881 2.359640224e-05 5.38)
(0.002807875261 2.450395617e-05 5.38)
(0.002911870641 2.54115101e-05 5.38)
(0.003015866021 2.631906404e-05 5.38)
(0.003119861401 2.722661797e-05 5.38)
(0.003223856781 2.81341719e-05 5.38)
(0.003327852161 2.904172583e-05 5.38)
(0.003431847541 2.994927977e-05 5.38)
(0.003535842921 3.08568337e-05 5.38)
(0.003639838301 3.176438763e-05 5.38)
(0.003743833681 3.267194156e-05 5.38)
(0.003847829061 3.357949549e-05 5.38)
(0.003951824441 3.448704943e-05 5.38)
(0.004055819821 3.539460336e-05 5.38)
(0.004159815201 3.630215729e-05 5.38)
(0.004263810581 3.720971122e-05 5.38)
(0.004367805961 3.811726516e-05 5.38)
(0.004471801341 3.902481909e-05 5.38)
(0.004575796721 3.993237302e-05 5.38)
(0.004679792101 4.083992695e-05 5.38)
(0.0015599307 -1.361330898e-05 5.389375)
(0.00166392608 -1.452086292e-05 5.389375)
(0.00176792146 -1.542841685e-05 5.389375)
(0.00187191684 -1.633597078e-05 5.389375)
(0.00197591222 -1.724352471e-05 5.389375)
(0.0020799076 -1.815107865e-05 5.389375)
(0.00218390298 -1.905863258e-05 5.389375)
(0.00228789836 -1.996618651e-05 5.389375)
(0.00239189374 -2.087374044e-05 5.389375)
(0.00249588912 -2.178129437e-05 5.389375)
(0.0025998845 -2.268884831e-05 5.389375)
(0.002703879881 -2.359640224e-05 5.389375)
(0.002807875261 -2.450395617e-05 5.389375)
(0.002911870641 -2.54115101e-05 5.389375)
(0.003015866021 -2.631906404e-05 5.389375)
(0.003119861401 -2.722661797e-05 5.389375)
(0.003223856781 -2.81341719e-05 5.389375)
(0.003327852161 -2.904172583e-05 5.389375)
(0.003431847541 -2.994927977e-05 5.389375)
(0.003535842921 -3.08568337e-05 5.389375)
(0.003639838301 -3.176438763e-05 5.389375)
(0.003743833681 -3.267194156e-05 5.389375)
(0.003847829061 -3.357949549e-05 5.389375)
(0.003951824441 -3.448704943e-05 5.389375)
(0.004055819821 -3.539460336e-05 5.389375)
(0.004159815201 -3.630215729e-05 5.389375)
(0.004263810581 -3.720971122e-05 5.389375)
(0.004367805961 -3.811726516e-05 5.389375)
(0.004471801341 -3.902481909e-05 5.389375)
(0.004575796721 -3.993237302e-05 5.389375)
(0.004679792101 -4.083992695e-05 5.389375)
(0.0015599307 1.361330898e-05 5.389375)
(0.00166392608 1.452086292e-05 5.389375)
(0.00176792146 1.542841685e-05 5.389375)
(0.00187191684 1.633597078e-05 5.389375)
(0.00197591222 1.724352471e-05 5.389375)
(0.0020799076 1.815107865e-05 5.389375)
(0.00218390298 1.905863258e-05 5.389375)
(0.00228789836 1.996618651e-05 5.389375)
(0.00239189374 2.087374044e-05 5.389375)
(0.00249588912 2.178129437e-05 5.389375)
(0.0025998845 2.268884831e-05 5.389375)
(0.002703879881 2.359640224e-05 5.389375)
(0.002807875261 2.450395617e-05 5.389375)
(0.002911870641 2.54115101e-05 5.389375)
(0.003015866021 2.631906404e-05 5.389375)
(0.003119861401 2.722661797e-05 5.389375)
(0.003223856781 2.81341719e-05 5.389375)
(0.003327852161 2.904172583e-05 5.389375)
(0.003431847541 2.994927977e-05 5.389375)
(0.003535842921 3.08568337e-05 5.389375)
(0.003639838301 3.176438763e-05 5.389375)
(0.003743833681 3.267194156e-05 5.389375)
(0.003847829061 3.357949549e-05 5.389375)
(0.003951824441 3.448704943e-05 5.389375)
(0.004055819821 3.539460336e-05 5.389375)
(0.004159815201 3.630215729e-05 5.389375)
(0.004263810581 3.720971122e-05 5.389375)
(0.004367805961 3.811726516e-05 5.389375)
(0.004471801341 3.902481909e-05 5.389375)
(0.004575796721 3.993237302e-05 5.389375)
(0.004679792101 4.083992695e-05 5.389375)
(0.0015599307 -1.361330898e-05 5.39875)
(0.00166392608 -1.452086292e-05 5.39875)
(0.00176792146 -1.542841685e-05 5.39875)
(0.00187191684 -1.633597078e-05 5.39875)
(0.00197591222 -1.724352471e-05 5.39875)
(0.0020799076 -1.815107865e-05 5.39875)
(0.00218390298 -1.905863258e-05 5.39875)
(0.00228789836 -1.996618651e-05 5.39875)
(0.00239189374 -2.087374044e-05 5.39875)
(0.00249588912 -2.178129437e-05 5.39875)
(0.0025998845 -2.268884831e-05 5.39875)
(0.002703879881 -2.359640224e-05 5.39875)
(0.002807875261 -2.450395617e-05 5.39875)
(0.002911870641 -2.54115101e-05 5.39875)
(0.003015866021 -2.631906404e-05 5.39875)
(0.003119861401 -2.722661797e-05 5.39875)
(0.003223856781 -2.81341719e-05 5.39875)
(0.003327852161 -2.904172583e-05 5.39875)
(0.003431847541 -2.994927977e-05 5.39875)
(0.003535842921 -3.08568337e-05 5.39875)
(0.003639838301 -3.176438763e-05 5.39875)
(0.003743833681 -3.267194156e-05 5.39875)
(0.003847829061 -3.357949549e-05 5.39875)
(0.003951824441 -3.448704943e-05 5.39875)
(0.004055819821 -3.539460336e-05 5.39875)
(0.004159815201 -3.630215729e-05 5.39875)
(0.004263810581 -3.720971122e-05 5.39875)
(0.004367805961 -3.811726516e-05 5.39875)
(0.004471801341 -3.902481909e-05 5.39875)
(0.004575796721 -3.993237302e-05 5.39875)
(0.004679792101 -4.083992695e-05 5.39875)
(0.0015599307 1.361330898e-05 5.39875)
(0.00166392608 1.452086292e-05 5.39875)
(0.00176792146 1.542841685e-05 5.39875)
(0.00187191684 1.633597078e-05 5.39875)
(0.00197591222 1.724352471e-05 5.39875)
(0.0020799076 1.815107865e-05 5.39875)
(0.00218390298 1.905863258e-05 5.39875)
(0.00228789836 1.996618651e-05 5.39875)
(0.00239189374 2.087374044e-05 5.39875)
(0.00249588912 2.178129437e-05 5.39875)
(0.0025998845 2.268884831e-05 5.39875)
(0.002703879881 2.359640224e-05 5.39875)
(0.002807875261 2.450395617e-05 5.39875)
(0.002911870641 2.54115101e-05 5.39875)
(0.003015866021 2.631906404e-05 5.39875)
(0.003119861401 2.722661797e-05 5.39875)
(0.003223856781 2.81341719e-05 5.39875)
(0.003327852161 2.904172583e-05 5.39875)
(0.003431847541 2.994927977e-05 5.39875)
(0.003535842921 3.08568337e-05 5.39875)
(0.003639838301 3.176438763e-05 5.39875)
(0.003743833681 3.267194156e-05 5.39875)
(0.003847829061 3.357949549e-05 5.39875)
(0.003951824441 3.448704943e-05 5.39875)
(0.004055819821 3.539460336e-05 5.39875)
(0.004159815201 3.630215729e-05 5.39875)
(0.004263810581 3.720971122e-05 5.39875)
(0.004367805961 3.811726516e-05 5.39875)
(0.004471801341 3.902481909e-05 5.39875)
(0.004575796721 3.993237302e-05 5.39875)
(0.004679792101 4.083992695e-05 5.39875)
(0.0015599307 -1.361330898e-05 5.408125)
(0.00166392608 -1.452086292e-05 5.408125)
(0.00176792146 -1.542841685e-05 5.408125)
(0.00187191684 -1.633597078e-05 5.408125)
(0.00197591222 -1.724352471e-05 5.408125)
(0.0020799076 -1.815107865e-05 5.408125)
(0.00218390298 -1.905863258e-05 5.408125)
(0.00228789836 -1.996618651e-05 5.408125)
(0.00239189374 -2.087374044e-05 5.408125)
(0.00249588912 -2.178129437e-05 5.408125)
(0.0025998845 -2.268884831e-05 5.408125)
(0.002703879881 -2.359640224e-05 5.408125)
(0.002807875261 -2.450395617e-05 5.408125)
(0.002911870641 -2.54115101e-05 5.408125)
(0.003015866021 -2.631906404e-05 5.408125)
(0.003119861401 -2.722661797e-05 5.408125)
(0.003223856781 -2.81341719e-05 5.408125)
(0.003327852161 -2.904172583e-05 5.408125)
(0.003431847541 -2.994927977e-05 5.408125)
(0.003535842921 -3.08568337e-05 5.408125)
(0.003639838301 -3.176438763e-05 5.408125)
(0.003743833681 -3.267194156e-05 5.408125)
(0.003847829061 -3.357949549e-05 5.408125)
(0.003951824441 -3.448704943e-05 5.408125)
(0.004055819821 -3.539460336e-05 5.408125)
(0.004159815201 -3.630215729e-05 5.408125)
(0.004263810581 -3.720971122e-05 5.408125)
(0.004367805961 -3.811726516e-05 5.408125)
(0.004471801341 -3.902481909e-05 5.408125)
(0.004575796721 -3.993237302e-05 5.408125)
(0.004679792101 -4.083992695e-05 5.408125)
(0.0015599307 1.361330898e-05 5.408125)
(0.00166392608 1.452086292e-05 5.408125)
(0.00176792146 1.542841685e-05 5.408125)
(0.00187191684 1.633597078e-05 5.408125)
(0.00197591222 1.724352471e-05 5.408125)
(0.0020799076 1.815107865e-05 5.408125)
(0.00218390298 1.905863258e-05 5.408125)
(0.00228789836 1.996618651e-05 5.408125)
(0.00239189374 2.087374044e-05 5.408125)
(0.00249588912 2.178129437e-05 5.408125)
(0.0025998845 2.268884831e-05 5.408125)
(0.002703879881 2.359640224e-05 5.408125)
(0.002807875261 2.450395617e-05 5.408125)
(0.002911870641 2.54115101e-05 5.408125)
(0.003015866021 2.631906404e-05 5.408125)
(0.003119861401 2.722661797e-05 5.408125)
(0.003223856781 2.81341719e-05 5.408125)
(0.003327852161 2.904172583e-05 5.408125)
(0.003431847541 2.994927977e-05 5.408125)
(0.003535842921 3.08568337e-05 5.408125)
(0.003639838301 3.176438763e-05 5.408125)
(0.003743833681 3.267194156e-05 5.408125)
(0.003847829061 3.357949549e-05 5.408125)
(0.003951824441 3.448704943e-05 5.408125)
(0.004055819821 3.539460336e-05 5.408125)
(0.004159815201 3.630215729e-05 5.408125)
(0.004263810581 3.720971122e-05 5.408125)
(0.004367805961 3.811726516e-05 5.408125)
(0.004471801341 3.902481909e-05 5.408125)
(0.004575796721 3.993237302e-05 5.408125)
(0.004679792101 4.083992695e-05 5.408125)
(0.0015599307 -1.361330898e-05 5.4175)
(0.00166392608 -1.452086292e-05 5.4175)
(0.00176792146 -1.542841685e-05 5.4175)
(0.00187191684 -1.633597078e-05 5.4175)
(0.00197591222 -1.724352471e-05 5.4175)
(0.0020799076 -1.815107865e-05 5.4175)
(0.00218390298 -1.905863258e-05 5.4175)
(0.00228789836 -1.996618651e-05 5.4175)
(0.00239189374 -2.087374044e-05 5.4175)
(0.00249588912 -2.178129437e-05 5.4175)
(0.0025998845 -2.268884831e-05 5.4175)
(0.002703879881 -2.359640224e-05 5.4175)
(0.002807875261 -2.450395617e-05 5.4175)
(0.002911870641 -2.54115101e-05 5.4175)
(0.003015866021 -2.631906404e-05 5.4175)
(0.003119861401 -2.722661797e-05 5.4175)
(0.003223856781 -2.81341719e-05 5.4175)
(0.003327852161 -2.904172583e-05 5.4175)
(0.003431847541 -2.994927977e-05 5.4175)
(0.003535842921 -3.08568337e-05 5.4175)
(0.003639838301 -3.176438763e-05 5.4175)
(0.003743833681 -3.267194156e-05 5.4175)
(0.003847829061 -3.357949549e-05 5.4175)
(0.003951824441 -3.448704943e-05 5.4175)
(0.004055819821 -3.539460336e-05 5.4175)
(0.004159815201 -3.630215729e-05 5.4175)
(0.004263810581 -3.720971122e-05 5.4175)
(0.004367805961 -3.811726516e-05 5.4175)
(0.004471801341 -3.902481909e-05 5.4175)
(0.004575796721 -3.993237302e-05 5.4175)
(0.004679792101 -4.083992695e-05 5.4175)
(0.0015599307 1.361330898e-05 5.4175)
(0.00166392608 1.452086292e-05 5.4175)
(0.00176792146 1.542841685e-05 5.4175)
(0.00187191684 1.633597078e-05 5.4175)
(0.00197591222 1.724352471e-05 5.4175)
(0.0020799076 1.815107865e-05 5.4175)
(0.00218390298 1.905863258e-05 5.4175)
(0.00228789836 1.996618651e-05 5.4175)
(0.00239189374 2.087374044e-05 5.4175)
(0.00249588912 2.178129437e-05 5.4175)
(0.0025998845 2.268884831e-05 5.4175)
(0.002703879881 2.359640224e-05 5.4175)
(0.002807875261 2.450395617e-05 5.4175)
(0.002911870641 2.54115101e-05 5.4175)
(0.003015866021 2.631906404e-05 5.4175)
(0.003119861401 2.722661797e-05 5.4175)
(0.003223856781 2.81341719e-05 5.4175)
(0.003327852161 2.904172583e-05 5.4175)
(0.003431847541 2.994927977e-05 5.4175)
(0.003535842921 3.08568337e-05 5.4175)
(0.003639838301 3.176438763e-05 5.4175)
(0.003743833681 3.267194156e-05 5.4175)
(0.003847829061 3.357949549e-05 5.4175)
(0.003951824441 3.448704943e-05 5.4175)
(0.004055819821 3.539460336e-05 5.4175)
(0.004159815201 3.630215729e-05 5.4175)
(0.004263810581 3.720971122e-05 5.4175)
(0.004367805961 3.811726516e-05 5.4175)
(0.004471801341 3.902481909e-05 5.4175)
(0.004575796721 3.993237302e-05 5.4175)
(0.004679792101 4.083992695e-05 5.4175)
(0.0015599307 -1.361330898e-05 5.426875)
(0.00166392608 -1.452086292e-05 5.426875)
(0.00176792146 -1.542841685e-05 5.426875)
(0.00187191684 -1.633597078e-05 5.426875)
(0.00197591222 -1.724352471e-05 5.426875)
(0.0020799076 -1.815107865e-05 5.426875)
(0.00218390298 -1.905863258e-05 5.426875)
(0.00228789836 -1.996618651e-05 5.426875)
(0.00239189374 -2.087374044e-05 5.426875)
(0.00249588912 -2.178129437e-05 5.426875)
(0.0025998845 -2.268884831e-05 5.426875)
(0.002703879881 -2.359640224e-05 5.426875)
(0.002807875261 -2.450395617e-05 5.426875)
(0.002911870641 -2.54115101e-05 5.426875)
(0.003015866021 -2.631906404e-05 5.426875)
(0.003119861401 -2.722661797e-05 5.426875)
(0.003223856781 -2.81341719e-05 5.426875)
(0.003327852161 -2.904172583e-05 5.426875)
(0.003431847541 -2.994927977e-05 5.426875)
(0.003535842921 -3.08568337e-05 5.426875)
(0.003639838301 -3.176438763e-05 5.426875)
(0.003743833681 -3.267194156e-05 5.426875)
(0.003847829061 -3.357949549e-05 5.426875)
(0.003951824441 -3.448704943e-05 5.426875)
(0.004055819821 -3.539460336e-05 5.426875)
(0.004159815201 -3.630215729e-05 5.426875)
(0.004263810581 -3.720971122e-05 5.426875)
(0.004367805961 -3.811726516e-05 5.426875)
(0.004471801341 -3.902481909e-05 5.426875)
(0.004575796721 -3.993237302e-05 5.426875)
(0.004679792101 -4.083992695e-05 5.426875)
(0.0015599307 1.361330898e-05 5.426875)
(0.00166392608 1.452086292e-05 5.426875)
(0.00176792146 1.542841685e-05 5.426875)
(0.00187191684 1.633597078e-05 5.426875)
(0.00197591222 1.724352471e-05 5.426875)
(0.0020799076 1.815107865e-05 5.426875)
(0.00218390298 1.905863258e-05 5.426875)
(0.00228789836 1.996618651e-05 5.426875)
(0.00239189374 2.087374044e-05 5.426875)
(0.00249588912 2.178129437e-05 5.426875)
(0.0025998845 2.268884831e-05 5.426875)
(0.002703879881 2.359640224e-05 5.426875)
(0.002807875261 2.450395617e-05 5.426875)
(0.002911870641 2.54115101e-05 5.426875)
(0.003015866021 2.631906404e-05 5.426875)
(0.003119861401 2.722661797e-05 5.426875)
(0.003223856781 2.81341719e-05 5.426875)
(0.003327852161 2.904172583e-05 5.426875)
(0.003431847541 2.994927977e-05 5.426875)
(0.003535842921 3.08568337e-05 5.426875)
(0.003639838301 3.176438763e-05 5.426875)
(0.003743833681 3.267194156e-05 5.426875)
(0.003847829061 3.357949549e-05 5.426875)
(0.003951824441 3.448704943e-05 5.426875)
(0.004055819821 3.539460336e-05 5.426875)
(0.004159815201 3.630215729e-05 5.426875)
(0.004263810581 3.720971122e-05 5.426875)
(0.004367805961 3.811726516e-05 5.426875)
(0.004471801341 3.902481909e-05 5.426875)
(0.004575796721 3.993237302e-05 5.426875)
(0.004679792101 4.083992695e-05 5.426875)
(0.0015599307 -1.361330898e-05 5.43625)
(0.00166392608 -1.452086292e-05 5.43625)
(0.00176792146 -1.542841685e-05 5.43625)
(0.00187191684 -1.633597078e-05 5.43625)
(0.00197591222 -1.724352471e-05 5.43625)
(0.0020799076 -1.815107865e-05 5.43625)
(0.00218390298 -1.905863258e-05 5.43625)
(0.00228789836 -1.996618651e-05 5.43625)
(0.00239189374 -2.087374044e-05 5.43625)
(0.00249588912 -2.178129437e-05 5.43625)
(0.0025998845 -2.268884831e-05 5.43625)
(0.002703879881 -2.359640224e-05 5.43625)
(0.002807875261 -2.450395617e-05 5.43625)
(0.002911870641 -2.54115101e-05 5.43625)
(0.003015866021 -2.631906404e-05 5.43625)
(0.003119861401 -2.722661797e-05 5.43625)
(0.003223856781 -2.81341719e-05 5.43625)
(0.003327852161 -2.904172583e-05 5.43625)
(0.003431847541 -2.994927977e-05 5.43625)
(0.003535842921 -3.08568337e-05 5.43625)
(0.003639838301 -3.176438763e-05 5.43625)
(0.003743833681 -3.267194156e-05 5.43625)
(0.003847829061 -3.357949549e-05 5.43625)
(0.003951824441 -3.448704943e-05 5.43625)
(0.004055819821 -3.539460336e-05 5.43625)
(0.004159815201 -3.630215729e-05 5.43625)
(0.004263810581 -3.720971122e-05 5.43625)
(0.004367805961 -3.811726516e-05 5.43625)
(0.004471801341 -3.902481909e-05 5.43625)
(0.004575796721 -3.993237302e-05 5.43625)
(0.004679792101 -4.083992695e-05 5.43625)
(0.0015599307 1.361330898e-05 5.43625)
(0.00166392608 1.452086292e-05 5.43625)
(0.00176792146 1.542841685e-05 5.43625)
(0.00187191684 1.633597078e-05 5.43625)
(0.00197591222 1.724352471e-05 5.43625)
(0.0020799076 1.815107865e-05 5.43625)
(0.00218390298 1.905863258e-05 5.43625)
(0.00228789836 1.996618651e-05 5.43625)
(0.00239189374 2.087374044e-05 5.43625)
(0.00249588912 2.178129437e-05 5.43625)
(0.0025998845 2.268884831e-05 5.43625)
(0.002703879881 2.359640224e-05 5.43625)
(0.002807875261 2.450395617e-05 5.43625)
(0.002911870641 2.54115101e-05 5.43625)
(0.003015866021 2.631906404e-05 5.43625)
(0.003119861401 2.722661797e-05 5.43625)
(0.003223856781 2.81341719e-05 5.43625)
(0.003327852161 2.904172583e-05 5.43625)
(0.003431847541 2.994927977e-05 5.43625)
(0.003535842921 3.08568337e-05 5.43625)
(0.003639838301 3.176438763e-05 5.43625)
(0.003743833681 3.267194156e-05 5.43625)
(0.003847829061 3.357949549e-05 5.43625)
(0.003951824441 3.448704943e-05 5.43625)
(0.004055819821 3.539460336e-05 5.43625)
(0.004159815201 3.630215729e-05 5.43625)
(0.004263810581 3.720971122e-05 5.43625)
(0.004367805961 3.811726516e-05 5.43625)
(0.004471801341 3.902481909e-05 5.43625)
(0.004575796721 3.993237302e-05 5.43625)
(0.004679792101 4.083992695e-05 5.43625)
(0.0015599307 -1.361330898e-05 5.445625)
(0.00166392608 -1.452086292e-05 5.445625)
(0.00176792146 -1.542841685e-05 5.445625)
(0.00187191684 -1.633597078e-05 5.445625)
(0.00197591222 -1.724352471e-05 5.445625)
(0.0020799076 -1.815107865e-05 5.445625)
(0.00218390298 -1.905863258e-05 5.445625)
(0.00228789836 -1.996618651e-05 5.445625)
(0.00239189374 -2.087374044e-05 5.445625)
(0.00249588912 -2.178129437e-05 5.445625)
(0.0025998845 -2.268884831e-05 5.445625)
(0.002703879881 -2.359640224e-05 5.445625)
(0.002807875261 -2.450395617e-05 5.445625)
(0.002911870641 -2.54115101e-05 5.445625)
(0.003015866021 -2.631906404e-05 5.445625)
(0.003119861401 -2.722661797e-05 5.445625)
(0.003223856781 -2.81341719e-05 5.445625)
(0.003327852161 -2.904172583e-05 5.445625)
(0.003431847541 -2.994927977e-05 5.445625)
(0.003535842921 -3.08568337e-05 5.445625)
(0.003639838301 -3.176438763e-05 5.445625)
(0.003743833681 -3.267194156e-05 5.445625)
(0.003847829061 -3.357949549e-05 5.445625)
(0.003951824441 -3.448704943e-05 5.445625)
(0.004055819821 -3.539460336e-05 5.445625)
(0.004159815201 -3.630215729e-05 5.445625)
(0.004263810581 -3.720971122e-05 5.445625)
(0.004367805961 -3.811726516e-05 5.445625)
(0.004471801341 -3.902481909e-05 5.445625)
(0.004575796721 -3.993237302e-05 5.445625)
(0.004679792101 -4.083992695e-05 5.445625)
(0.0015599307 1.361330898e-05 5.445625)
(0.00166392608 1.452086292e-05 5.445625)
(0.00176792146 1.542841685e-05 5.445625)
(0.00187191684 1.633597078e-05 5.445625)
(0.00197591222 1.724352471e-05 5.445625)
(0.0020799076 1.815107865e-05 5.445625)
(0.00218390298 1.905863258e-05 5.445625)
(0.00228789836 1.996618651e-05 5.445625)
(0.00239189374 2.087374044e-05 5.445625)
(0.00249588912 2.178129437e-05 5.445625)
(0.0025998845 2.268884831e-05 5.445625)
(0.002703879881 2.359640224e-05 5.445625)
(0.002807875261 2.450395617e-05 5.445625)
(0.002911870641 2.54115101e-05 5.445625)
(0.003015866021 2.631906404e-05 5.445625)
(0.003119861401 2.722661797e-05 5.445625)
(0.003223856781 2.81341719e-05 5.445625)
(0.003327852161 2.904172583e-05 5.445625)
(0.003431847541 2.994927977e-05 5.445625)
(0.003535842921 3.08568337e-05 5.445625)
(0.003639838301 3.176438763e-05 5.445625)
(0.003743833681 3.267194156e-05 5.445625)
(0.003847829061 3.357949549e-05 5.445625)
(0.003951824441 3.448704943e-05 5.445625)
(0.004055819821 3.539460336e-05 5.445625)
(0.004159815201 3.630215729e-05 5.445625)
(0.004263810581 3.720971122e-05 5.445625)
(0.004367805961 3.811726516e-05 5.445625)
(0.004471801341 3.902481909e-05 5.445625)
(0.004575796721 3.993237302e-05 5.445625)
(0.004679792101 4.083992695e-05 5.445625)
(0.0015599307 -1.361330898e-05 5.455)
(0.00166392608 -1.452086292e-05 5.455)
(0.00176792146 -1.542841685e-05 5.455)
(0.00187191684 -1.633597078e-05 5.455)
(0.00197591222 -1.724352471e-05 5.455)
(0.0020799076 -1.815107865e-05 5.455)
(0.00218390298 -1.905863258e-05 5.455)
(0.00228789836 -1.996618651e-05 5.455)
(0.00239189374 -2.087374044e-05 5.455)
(0.00249588912 -2.178129437e-05 5.455)
(0.0025998845 -2.268884831e-05 5.455)
(0.002703879881 -2.359640224e-05 5.455)
(0.002807875261 -2.450395617e-05 5.455)
(0.002911870641 -2.54115101e-05 5.455)
(0.003015866021 -2.631906404e-05 5.455)
(0.003119861401 -2.722661797e-05 5.455)
(0.003223856781 -2.81341719e-05 5.455)
(0.003327852161 -2.904172583e-05 5.455)
(0.003431847541 -2.994927977e-05 5.455)
(0.003535842921 -3.08568337e-05 5.455)
(0.003639838301 -3.176438763e-05 5.455)
(0.003743833681 -3.267194156e-05 5.455)
(0.003847829061 -3.357949549e-05 5.455)
(0.003951824441 -3.448704943e-05 5.455)
(0.004055819821 -3.539460336e-05 5.455)
(0.004159815201 -3.630215729e-05 5.455)
(0.004263810581 -3.720971122e-05 5.455)
(0.004367805961 -3.811726516e-05 5.455)
(0.004471801341 -3.902481909e-05 5.455)
(0.004575796721 -3.993237302e-05 5.455)
(0.004679792101 -4.083992695e-05 5.455)
(0.0015599307 1.361330898e-05 5.455)
(0.00166392608 1.452086292e-05 5.455)
(0.00176792146 1.542841685e-05 5.455)
(0.00187191684 1.633597078e-05 5.455)
(0.00197591222 1.724352471e-05 5.455)
(0.0020799076 1.815107865e-05 5.455)
(0.00218390298 1.905863258e-05 5.455)
(0.00228789836 1.996618651e-05 5.455)
(0.00239189374 2.087374044e-05 5.455)
(0.00249588912 2.178129437e-05 5.455)
(0.0025998845 2.268884831e-05 5.455)
(0.002703879881 2.359640224e-05 5.455)
(0.002807875261 2.450395617e-05 5.455)
(0.002911870641 2.54115101e-05 5.455)
(0.003015866021 2.631906404e-05 5.455)
(0.003119861401 2.722661797e-05 5.455)
(0.003223856781 2.81341719e-05 5.455)
(0.003327852161 2.904172583e-05 5.455)
(0.003431847541 2.994927977e-05 5.455)
(0.003535842921 3.08568337e-05 5.455)
(0.003639838301 3.176438763e-05 5.455)
(0.003743833681 3.267194156e-05 5.455)
(0.003847829061 3.357949549e-05 5.455)
(0.003951824441 3.448704943e-05 5.455)
(0.004055819821 3.539460336e-05 5.455)
(0.004159815201 3.630215729e-05 5.455)
(0.004263810581 3.720971122e-05 5.455)
(0.004367805961 3.811726516e-05 5.455)
(0.004471801341 3.902481909e-05 5.455)
(0.004575796721 3.993237302e-05 5.455)
(0.004679792101 4.083992695e-05 5.455)
(0.0015599307 -1.361330898e-05 5.464375)
(0.00166392608 -1.452086292e-05 5.464375)
(0.00176792146 -1.542841685e-05 5.464375)
(0.00187191684 -1.633597078e-05 5.464375)
(0.00197591222 -1.724352471e-05 5.464375)
(0.0020799076 -1.815107865e-05 5.464375)
(0.00218390298 -1.905863258e-05 5.464375)
(0.00228789836 -1.996618651e-05 5.464375)
(0.00239189374 -2.087374044e-05 5.464375)
(0.00249588912 -2.178129437e-05 5.464375)
(0.0025998845 -2.268884831e-05 5.464375)
(0.002703879881 -2.359640224e-05 5.464375)
(0.002807875261 -2.450395617e-05 5.464375)
(0.002911870641 -2.54115101e-05 5.464375)
(0.003015866021 -2.631906404e-05 5.464375)
(0.003119861401 -2.722661797e-05 5.464375)
(0.003223856781 -2.81341719e-05 5.464375)
(0.003327852161 -2.904172583e-05 5.464375)
(0.003431847541 -2.994927977e-05 5.464375)
(0.003535842921 -3.08568337e-05 5.464375)
(0.003639838301 -3.176438763e-05 5.464375)
(0.003743833681 -3.267194156e-05 5.464375)
(0.003847829061 -3.357949549e-05 5.464375)
(0.003951824441 -3.448704943e-05 5.464375)
(0.004055819821 -3.539460336e-05 5.464375)
(0.004159815201 -3.630215729e-05 5.464375)
(0.004263810581 -3.720971122e-05 5.464375)
(0.004367805961 -3.811726516e-05 5.464375)
(0.004471801341 -3.902481909e-05 5.464375)
(0.004575796721 -3.993237302e-05 5.464375)
(0.004679792101 -4.083992695e-05 5.464375)
(0.0015599307 1.361330898e-05 5.464375)
(0.00166392608 1.452086292e-05 5.464375)
(0.00176792146 1.542841685e-05 5.464375)
(0.00187191684 1.633597078e-05 5.464375)
(0.00197591222 1.724352471e-05 5.464375)
(0.0020799076 1.815107865e-05 5.464375)
(0.00218390298 1.905863258e-05 5.464375)
(0.00228789836 1.996618651e-05 5.464375)
(0.00239189374 2.087374044e-05 5.464375)
(0.00249588912 2.178129437e-05 5.464375)
(0.0025998845 2.268884831e-05 5.464375)
(0.002703879881 2.359640224e-05 5.464375)
(0.002807875261 2.450395617e-05 5.464375)
(0.002911870641 2.54115101e-05 5.464375)
(0.003015866021 2.631906404e-05 5.464375)
(0.003119861401 2.722661797e-05 5.464375)
(0.003223856781 2.81341719e-05 5.464375)
(0.003327852161 2.904172583e-05 5.464375)
(0.003431847541 2.994927977e-05 5.464375)
(0.003535842921 3.08568337e-05 5.464375)
(0.003639838301 3.176438763e-05 5.464375)
(0.003743833681 3.267194156e-05 5.464375)
(0.003847829061 3.357949549e-05 5.464375)
(0.003951824441 3.448704943e-05 5.464375)
(0.004055819821 3.539460336e-05 5.464375)
(0.004159815201 3.630215729e-05 5.464375)
(0.004263810581 3.720971122e-05 5.464375)
(0.004367805961 3.811726516e-05 5.464375)
(0.004471801341 3.902481909e-05 5.464375)
(0.004575796721 3.993237302e-05 5.464375)
(0.004679792101 4.083992695e-05 5.464375)
(0.0015599307 -1.361330898e-05 5.47375)
(0.00166392608 -1.452086292e-05 5.47375)
(0.00176792146 -1.542841685e-05 5.47375)
(0.00187191684 -1.633597078e-05 5.47375)
(0.00197591222 -1.724352471e-05 5.47375)
(0.0020799076 -1.815107865e-05 5.47375)
(0.00218390298 -1.905863258e-05 5.47375)
(0.00228789836 -1.996618651e-05 5.47375)
(0.00239189374 -2.087374044e-05 5.47375)
(0.00249588912 -2.178129437e-05 5.47375)
(0.0025998845 -2.268884831e-05 5.47375)
(0.002703879881 -2.359640224e-05 5.47375)
(0.002807875261 -2.450395617e-05 5.47375)
(0.002911870641 -2.54115101e-05 5.47375)
(0.003015866021 -2.631906404e-05 5.47375)
(0.003119861401 -2.722661797e-05 5.47375)
(0.003223856781 -2.81341719e-05 5.47375)
(0.003327852161 -2.904172583e-05 5.47375)
(0.003431847541 -2.994927977e-05 5.47375)
(0.003535842921 -3.08568337e-05 5.47375)
(0.003639838301 -3.176438763e-05 5.47375)
(0.003743833681 -3.267194156e-05 5.47375)
(0.003847829061 -3.357949549e-05 5.47375)
(0.003951824441 -3.448704943e-05 5.47375)
(0.004055819821 -3.539460336e-05 5.47375)
(0.004159815201 -3.630215729e-05 5.47375)
(0.004263810581 -3.720971122e-05 5.47375)
(0.004367805961 -3.811726516e-05 5.47375)
(0.004471801341 -3.902481909e-05 5.47375)
(0.004575796721 -3.993237302e-05 5.47375)
(0.004679792101 -4.083992695e-05 5.47375)
(0.0015599307 1.361330898e-05 5.47375)
(0.00166392608 1.452086292e-05 5.47375)
(0.00176792146 1.542841685e-05 5.47375)
(0.00187191684 1.633597078e-05 5.47375)
(0.00197591222 1.724352471e-05 5.47375)
(0.0020799076 1.815107865e-05 5.47375)
(0.00218390298 1.905863258e-05 5.47375)
(0.00228789836 1.996618651e-05 5.47375)
(0.00239189374 2.087374044e-05 5.47375)
(0.00249588912 2.178129437e-05 5.47375)
(0.0025998845 2.268884831e-05 5.47375)
(0.002703879881 2.359640224e-05 5.47375)
(0.002807875261 2.450395617e-05 5.47375)
(0.002911870641 2.54115101e-05 5.47375)
(0.003015866021 2.631906404e-05 5.47375)
(0.003119861401 2.722661797e-05 5.47375)
(0.003223856781 2.81341719e-05 5.47375)
(0.003327852161 2.904172583e-05 5.47375)
(0.003431847541 2.994927977e-05 5.47375)
(0.003535842921 3.08568337e-05 5.47375)
(0.003639838301 3.176438763e-05 5.47375)
(0.003743833681 3.267194156e-05 5.47375)
(0.003847829061 3.357949549e-05 5.47375)
(0.003951824441 3.448704943e-05 5.47375)
(0.004055819821 3.539460336e-05 5.47375)
(0.004159815201 3.630215729e-05 5.47375)
(0.004263810581 3.720971122e-05 5.47375)
(0.004367805961 3.811726516e-05 5.47375)
(0.004471801341 3.902481909e-05 5.47375)
(0.004575796721 3.993237302e-05 5.47375)
(0.004679792101 4.083992695e-05 5.47375)
(0.0015599307 -1.361330898e-05 5.483125)
(0.00166392608 -1.452086292e-05 5.483125)
(0.00176792146 -1.542841685e-05 5.483125)
(0.00187191684 -1.633597078e-05 5.483125)
(0.00197591222 -1.724352471e-05 5.483125)
(0.0020799076 -1.815107865e-05 5.483125)
(0.00218390298 -1.905863258e-05 5.483125)
(0.00228789836 -1.996618651e-05 5.483125)
(0.00239189374 -2.087374044e-05 5.483125)
(0.00249588912 -2.178129437e-05 5.483125)
(0.0025998845 -2.268884831e-05 5.483125)
(0.002703879881 -2.359640224e-05 5.483125)
(0.002807875261 -2.450395617e-05 5.483125)
(0.002911870641 -2.54115101e-05 5.483125)
(0.003015866021 -2.631906404e-05 5.483125)
(0.003119861401 -2.722661797e-05 5.483125)
(0.003223856781 -2.81341719e-05 5.483125)
(0.003327852161 -2.904172583e-05 5.483125)
(0.003431847541 -2.994927977e-05 5.483125)
(0.003535842921 -3.08568337e-05 5.483125)
(0.003639838301 -3.176438763e-05 5.483125)
(0.003743833681 -3.267194156e-05 5.483125)
(0.003847829061 -3.357949549e-05 5.483125)
(0.003951824441 -3.448704943e-05 5.483125)
(0.004055819821 -3.539460336e-05 5.483125)
(0.004159815201 -3.630215729e-05 5.483125)
(0.004263810581 -3.720971122e-05 5.483125)
(0.004367805961 -3.811726516e-05 5.483125)
(0.004471801341 -3.902481909e-05 5.483125)
(0.004575796721 -3.993237302e-05 5.483125)
(0.004679792101 -4.083992695e-05 5.483125)
(0.0015599307 1.361330898e-05 5.483125)
(0.00166392608 1.452086292e-05 5.483125)
(0.00176792146 1.542841685e-05 5.483125)
(0.00187191684 1.633597078e-05 5.483125)
(0.00197591222 1.724352471e-05 5.483125)
(0.0020799076 1.815107865e-05 5.483125)
(0.00218390298 1.905863258e-05 5.483125)
(0.00228789836 1.996618651e-05 5.483125)
(0.00239189374 2.087374044e-05 5.483125)
(0.00249588912 2.178129437e-05 5.483125)
(0.0025998845 2.268884831e-05 5.483125)
(0.002703879881 2.359640224e-05 5.483125)
(0.002807875261 2.450395617e-05 5.483125)
(0.002911870641 2.54115101e-05 5.483125)
(0.003015866021 2.631906404e-05 5.483125)
(0.003119861401 2.722661797e-05 5.483125)
(0.003223856781 2.81341719e-05 5.483125)
(0.003327852161 2.904172583e-05 5.483125)
(0.003431847541 2.994927977e-05 5.483125)
(0.003535842921 3.08568337e-05 5.483125)
(0.003639838301 3.176438763e-05 5.483125)
(0.003743833681 3.267194156e-05 5.483125)
(0.003847829061 3.357949549e-05 5.483125)
(0.003951824441 3.448704943e-05 5.483125)
(0.004055819821 3.539460336e-05 5.483125)
(0.004159815201 3.630215729e-05 5.483125)
(0.004263810581 3.720971122e-05 5.483125)
(0.004367805961 3.811726516e-05 5.483125)
(0.004471801341 3.902481909e-05 5.483125)
(0.004575796721 3.993237302e-05 5.483125)
(0.004679792101 4.083992695e-05 5.483125)
(0.0015599307 -1.361330898e-05 5.4925)
(0.00166392608 -1.452086292e-05 5.4925)
(0.00176792146 -1.542841685e-05 5.4925)
(0.00187191684 -1.633597078e-05 5.4925)
(0.00197591222 -1.724352471e-05 5.4925)
(0.0020799076 -1.815107865e-05 5.4925)
(0.00218390298 -1.905863258e-05 5.4925)
(0.00228789836 -1.996618651e-05 5.4925)
(0.00239189374 -2.087374044e-05 5.4925)
(0.00249588912 -2.178129437e-05 5.4925)
(0.0025998845 -2.268884831e-05 5.4925)
(0.002703879881 -2.359640224e-05 5.4925)
(0.002807875261 -2.450395617e-05 5.4925)
(0.002911870641 -2.54115101e-05 5.4925)
(0.003015866021 -2.631906404e-05 5.4925)
(0.003119861401 -2.722661797e-05 5.4925)
(0.003223856781 -2.81341719e-05 5.4925)
(0.003327852161 -2.904172583e-05 5.4925)
(0.003431847541 -2.994927977e-05 5.4925)
(0.003535842921 -3.08568337e-05 5.4925)
(0.003639838301 -3.176438763e-05 5.4925)
(0.003743833681 -3.267194156e-05 5.4925)
(0.003847829061 -3.357949549e-05 5.4925)
(0.003951824441 -3.448704943e-05 5.4925)
(0.004055819821 -3.539460336e-05 5.4925)
(0.004159815201 -3.630215729e-05 5.4925)
(0.004263810581 -3.720971122e-05 5.4925)
(0.004367805961 -3.811726516e-05 5.4925)
(0.004471801341 -3.902481909e-05 5.4925)
(0.004575796721 -3.993237302e-05 5.4925)
(0.004679792101 -4.083992695e-05 5.4925)
(0.0015599307 1.361330898e-05 5.4925)
(0.00166392608 1.452086292e-05 5.4925)
(0.00176792146 1.542841685e-05 5.4925)
(0.00187191684 1.633597078e-05 5.4925)
(0.00197591222 1.724352471e-05 5.4925)
(0.0020799076 1.815107865e-05 5.4925)
(0.00218390298 1.905863258e-05 5.4925)
(0.00228789836 1.996618651e-05 5.4925)
(0.00239189374 2.087374044e-05 5.4925)
(0.00249588912 2.178129437e-05 5.4925)
(0.0025998845 2.268884831e-05 5.4925)
(0.002703879881 2.359640224e-05 5.4925)
(0.002807875261 2.450395617e-05 5.4925)
(0.002911870641 2.54115101e-05 5.4925)
(0.003015866021 2.631906404e-05 5.4925)
(0.003119861401 2.722661797e-05 5.4925)
(0.003223856781 2.81341719e-05 5.4925)
(0.003327852161 2.904172583e-05 5.4925)
(0.003431847541 2.994927977e-05 5.4925)
(0.003535842921 3.08568337e-05 5.4925)
(0.003639838301 3.176438763e-05 5.4925)
(0.003743833681 3.267194156e-05 5.4925)
(0.003847829061 3.357949549e-05 5.4925)
(0.003951824441 3.448704943e-05 5.4925)
(0.004055819821 3.539460336e-05 5.4925)
(0.004159815201 3.630215729e-05 5.4925)
(0.004263810581 3.720971122e-05 5.4925)
(0.004367805961 3.811726516e-05 5.4925)
(0.004471801341 3.902481909e-05 5.4925)
(0.004575796721 3.993237302e-05 5.4925)
(0.004679792101 4.083992695e-05 5.4925)
(0.0015599307 -1.361330898e-05 5.501875)
(0.00166392608 -1.452086292e-05 5.501875)
(0.00176792146 -1.542841685e-05 5.501875)
(0.00187191684 -1.633597078e-05 5.501875)
(0.00197591222 -1.724352471e-05 5.501875)
(0.0020799076 -1.815107865e-05 5.501875)
(0.00218390298 -1.905863258e-05 5.501875)
(0.00228789836 -1.996618651e-05 5.501875)
(0.00239189374 -2.087374044e-05 5.501875)
(0.00249588912 -2.178129437e-05 5.501875)
(0.0025998845 -2.268884831e-05 5.501875)
(0.002703879881 -2.359640224e-05 5.501875)
(0.002807875261 -2.450395617e-05 5.501875)
(0.002911870641 -2.54115101e-05 5.501875)
(0.003015866021 -2.631906404e-05 5.501875)
(0.003119861401 -2.722661797e-05 5.501875)
(0.003223856781 -2.81341719e-05 5.501875)
(0.003327852161 -2.904172583e-05 5.501875)
(0.003431847541 -2.994927977e-05 5.501875)
(0.003535842921 -3.08568337e-05 5.501875)
(0.003639838301 -3.176438763e-05 5.501875)
(0.003743833681 -3.267194156e-05 5.501875)
(0.003847829061 -3.357949549e-05 5.501875)
(0.003951824441 -3.448704943e-05 5.501875)
(0.004055819821 -3.539460336e-05 5.501875)
(0.004159815201 -3.630215729e-05 5.501875)
(0.004263810581 -3.720971122e-05 5.501875)
(0.004367805961 -3.811726516e-05 5.501875)
(0.004471801341 -3.902481909e-05 5.501875)
(0.004575796721 -3.993237302e-05 5.501875)
(0.004679792101 -4.083992695e-05 5.501875)
(0.0015599307 1.361330898e-05 5.501875)
(0.00166392608 1.452086292e-05 5.501875)
(0.00176792146 1.542841685e-05 5.501875)
(0.00187191684 1.633597078e-05 5.501875)
(0.00197591222 1.724352471e-05 5.501875)
(0.0020799076 1.815107865e-05 5.501875)
(0.00218390298 1.905863258e-05 5.501875)
(0.00228789836 1.996618651e-05 5.501875)
(0.00239189374 2.087374044e-05 5.501875)
(0.00249588912 2.178129437e-05 5.501875)
(0.0025998845 2.268884831e-05 5.501875)
(0.002703879881 2.359640224e-05 5.501875)
(0.002807875261 2.450395617e-05 5.501875)
(0.002911870641 2.54115101e-05 5.501875)
(0.003015866021 2.631906404e-05 5.501875)
(0.003119861401 2.722661797e-05 5.501875)
(0.003223856781 2.81341719e-05 5.501875)
(0.003327852161 2.904172583e-05 5.501875)
(0.003431847541 2.994927977e-05 5.501875)
(0.003535842921 3.08568337e-05 5.501875)
(0.003639838301 3.176438763e-05 5.501875)
(0.003743833681 3.267194156e-05 5.501875)
(0.003847829061 3.357949549e-05 5.501875)
(0.003951824441 3.448704943e-05 5.501875)
(0.004055819821 3.539460336e-05 5.501875)
(0.004159815201 3.630215729e-05 5.501875)
(0.004263810581 3.720971122e-05 5.501875)
(0.004367805961 3.811726516e-05 5.501875)
(0.004471801341 3.902481909e-05 5.501875)
(0.004575796721 3.993237302e-05 5.501875)
(0.004679792101 4.083992695e-05 5.501875)
(0.0015599307 -1.361330898e-05 5.51125)
(0.00166392608 -1.452086292e-05 5.51125)
(0.00176792146 -1.542841685e-05 5.51125)
(0.00187191684 -1.633597078e-05 5.51125)
(0.00197591222 -1.724352471e-05 5.51125)
(0.0020799076 -1.815107865e-05 5.51125)
(0.00218390298 -1.905863258e-05 5.51125)
(0.00228789836 -1.996618651e-05 5.51125)
(0.00239189374 -2.087374044e-05 5.51125)
(0.00249588912 -2.178129437e-05 5.51125)
(0.0025998845 -2.268884831e-05 5.51125)
(0.002703879881 -2.359640224e-05 5.51125)
(0.002807875261 -2.450395617e-05 5.51125)
(0.002911870641 -2.54115101e-05 5.51125)
(0.003015866021 -2.631906404e-05 5.51125)
(0.003119861401 -2.722661797e-05 5.51125)
(0.003223856781 -2.81341719e-05 5.51125)
(0.003327852161 -2.904172583e-05 5.51125)
(0.003431847541 -2.994927977e-05 5.51125)
(0.003535842921 -3.08568337e-05 5.51125)
(0.003639838301 -3.176438763e-05 5.51125)
(0.003743833681 -3.267194156e-05 5.51125)
(0.003847829061 -3.357949549e-05 5.51125)
(0.003951824441 -3.448704943e-05 5.51125)
(0.004055819821 -3.539460336e-05 5.51125)
(0.004159815201 -3.630215729e-05 5.51125)
(0.004263810581 -3.720971122e-05 5.51125)
(0.004367805961 -3.811726516e-05 5.51125)
(0.004471801341 -3.902481909e-05 5.51125)
(0.004575796721 -3.993237302e-05 5.51125)
(0.004679792101 -4.083992695e-05 5.51125)
(0.0015599307 1.361330898e-05 5.51125)
(0.00166392608 1.452086292e-05 5.51125)
(0.00176792146 1.542841685e-05 5.51125)
(0.00187191684 1.633597078e-05 5.51125)
(0.00197591222 1.724352471e-05 5.51125)
(0.0020799076 1.815107865e-05 5.51125)
(0.00218390298 1.905863258e-05 5.51125)
(0.00228789836 1.996618651e-05 5.51125)
(0.00239189374 2.087374044e-05 5.51125)
(0.00249588912 2.178129437e-05 5.51125)
(0.0025998845 2.268884831e-05 5.51125)
(0.002703879881 2.359640224e-05 5.51125)
(0.002807875261 2.450395617e-05 5.51125)
(0.002911870641 2.54115101e-05 5.51125)
(0.003015866021 2.631906404e-05 5.51125)
(0.003119861401 2.722661797e-05 5.51125)
(0.003223856781 2.81341719e-05 5.51125)
(0.003327852161 2.904172583e-05 5.51125)
(0.003431847541 2.994927977e-05 5.51125)
(0.003535842921 3.08568337e-05 5.51125)
(0.003639838301 3.176438763e-05 5.51125)
(0.003743833681 3.267194156e-05 5.51125)
(0.003847829061 3.357949549e-05 5.51125)
(0.003951824441 3.448704943e-05 5.51125)
(0.004055819821 3.539460336e-05 5.51125)
(0.004159815201 3.630215729e-05 5.51125)
(0.004263810581 3.720971122e-05 5.51125)
(0.004367805961 3.811726516e-05 5.51125)
(0.004471801341 3.902481909e-05 5.51125)
(0.004575796721 3.993237302e-05 5.51125)
(0.004679792101 4.083992695e-05 5.51125)
(0.0015599307 -1.361330898e-05 5.520625)
(0.00166392608 -1.452086292e-05 5.520625)
(0.00176792146 -1.542841685e-05 5.520625)
(0.00187191684 -1.633597078e-05 5.520625)
(0.00197591222 -1.724352471e-05 5.520625)
(0.0020799076 -1.815107865e-05 5.520625)
(0.00218390298 -1.905863258e-05 5.520625)
(0.00228789836 -1.996618651e-05 5.520625)
(0.00239189374 -2.087374044e-05 5.520625)
(0.00249588912 -2.178129437e-05 5.520625)
(0.0025998845 -2.268884831e-05 5.520625)
(0.002703879881 -2.359640224e-05 5.520625)
(0.002807875261 -2.450395617e-05 5.520625)
(0.002911870641 -2.54115101e-05 5.520625)
(0.003015866021 -2.631906404e-05 5.520625)
(0.003119861401 -2.722661797e-05 5.520625)
(0.003223856781 -2.81341719e-05 5.520625)
(0.003327852161 -2.904172583e-05 5.520625)
(0.003431847541 -2.994927977e-05 5.520625)
(0.003535842921 -3.08568337e-05 5.520625)
(0.003639838301 -3.176438763e-05 5.520625)
(0.003743833681 -3.267194156e-05 5.520625)
(0.003847829061 -3.357949549e-05 5.520625)
(0.003951824441 -3.448704943e-05 5.520625)
(0.004055819821 -3.539460336e-05 5.520625)
(0.004159815201 -3.630215729e-05 5.520625)
(0.004263810581 -3.720971122e-05 5.520625)
(0.004367805961 -3.811726516e-05 5.520625)
(0.004471801341 -3.902481909e-05 5.520625)
(0.004575796721 -3.993237302e-05 5.520625)
(0.004679792101 -4.083992695e-05 5.520625)
(0.0015599307 1.361330898e-05 5.520625)
(0.00166392608 1.452086292e-05 5.520625)
(0.00176792146 1.542841685e-05 5.520625)
(0.00187191684 1.633597078e-05 5.520625)
(0.00197591222 1.724352471e-05 5.520625)
(0.0020799076 1.815107865e-05 5.520625)
(0.00218390298 1.905863258e-05 5.520625)
(0.00228789836 1.996618651e-05 5.520625)
(0.00239189374 2.087374044e-05 5.520625)
(0.00249588912 2.178129437e-05 5.520625)
(0.0025998845 2.268884831e-05 5.520625)
(0.002703879881 2.359640224e-05 5.520625)
(0.002807875261 2.450395617e-05 5.520625)
(0.002911870641 2.54115101e-05 5.520625)
(0.003015866021 2.631906404e-05 5.520625)
(0.003119861401 2.722661797e-05 5.520625)
(0.003223856781 2.81341719e-05 5.520625)
(0.003327852161 2.904172583e-05 5.520625)
(0.003431847541 2.994927977e-05 5.520625)
(0.003535842921 3.08568337e-05 5.520625)
(0.003639838301 3.176438763e-05 5.520625)
(0.003743833681 3.267194156e-05 5.520625)
(0.003847829061 3.357949549e-05 5.520625)
(0.003951824441 3.448704943e-05 5.520625)
(0.004055819821 3.539460336e-05 5.520625)
(0.004159815201 3.630215729e-05 5.520625)
(0.004263810581 3.720971122e-05 5.520625)
(0.004367805961 3.811726516e-05 5.520625)
(0.004471801341 3.902481909e-05 5.520625)
(0.004575796721 3.993237302e-05 5.520625)
(0.004679792101 4.083992695e-05 5.520625)
(0.0015599307 -1.361330898e-05 5.53)
(0.00166392608 -1.452086292e-05 5.53)
(0.00176792146 -1.542841685e-05 5.53)
(0.00187191684 -1.633597078e-05 5.53)
(0.00197591222 -1.724352471e-05 5.53)
(0.0020799076 -1.815107865e-05 5.53)
(0.00218390298 -1.905863258e-05 5.53)
(0.00228789836 -1.996618651e-05 5.53)
(0.00239189374 -2.087374044e-05 5.53)
(0.00249588912 -2.178129437e-05 5.53)
(0.0025998845 -2.268884831e-05 5.53)
(0.002703879881 -2.359640224e-05 5.53)
(0.002807875261 -2.450395617e-05 5.53)
(0.002911870641 -2.54115101e-05 5.53)
(0.003015866021 -2.631906404e-05 5.53)
(0.003119861401 -2.722661797e-05 5.53)
(0.003223856781 -2.81341719e-05 5.53)
(0.003327852161 -2.904172583e-05 5.53)
(0.003431847541 -2.994927977e-05 5.53)
(0.003535842921 -3.08568337e-05 5.53)
(0.003639838301 -3.176438763e-05 5.53)
(0.003743833681 -3.267194156e-05 5.53)
(0.003847829061 -3.357949549e-05 5.53)
(0.003951824441 -3.448704943e-05 5.53)
(0.004055819821 -3.539460336e-05 5.53)
(0.004159815201 -3.630215729e-05 5.53)
(0.004263810581 -3.720971122e-05 5.53)
(0.004367805961 -3.811726516e-05 5.53)
(0.004471801341 -3.902481909e-05 5.53)
(0.004575796721 -3.993237302e-05 5.53)
(0.004679792101 -4.083992695e-05 5.53)
(0.0015599307 1.361330898e-05 5.53)
(0.00166392608 1.452086292e-05 5.53)
(0.00176792146 1.542841685e-05 5.53)
(0.00187191684 1.633597078e-05 5.53)
(0.00197591222 1.724352471e-05 5.53)
(0.0020799076 1.815107865e-05 5.53)
(0.00218390298 1.905863258e-05 5.53)
(0.00228789836 1.996618651e-05 5.53)
(0.00239189374 2.087374044e-05 5.53)
(0.00249588912 2.178129437e-05 5.53)
(0.0025998845 2.268884831e-05 5.53)
(0.002703879881 2.359640224e-05 5.53)
(0.002807875261 2.450395617e-05 5.53)
(0.002911870641 2.54115101e-05 5.53)
(0.003015866021 2.631906404e-05 5.53)
(0.003119861401 2.722661797e-05 5.53)
(0.003223856781 2.81341719e-05 5.53)
(0.003327852161 2.904172583e-05 5.53)
(0.003431847541 2.994927977e-05 5.53)
(0.003535842921 3.08568337e-05 5.53)
(0.003639838301 3.176438763e-05 5.53)
(0.003743833681 3.267194156e-05 5.53)
(0.003847829061 3.357949549e-05 5.53)
(0.003951824441 3.448704943e-05 5.53)
(0.004055819821 3.539460336e-05 5.53)
(0.004159815201 3.630215729e-05 5.53)
(0.004263810581 3.720971122e-05 5.53)
(0.004367805961 3.811726516e-05 5.53)
(0.004471801341 3.902481909e-05 5.53)
(0.004575796721 3.993237302e-05 5.53)
(0.004679792101 4.083992695e-05 5.53)
(0.0015599307 -1.361330898e-05 5.539375)
(0.00166392608 -1.452086292e-05 5.539375)
(0.00176792146 -1.542841685e-05 5.539375)
(0.00187191684 -1.633597078e-05 5.539375)
(0.00197591222 -1.724352471e-05 5.539375)
(0.0020799076 -1.815107865e-05 5.539375)
(0.00218390298 -1.905863258e-05 5.539375)
(0.00228789836 -1.996618651e-05 5.539375)
(0.00239189374 -2.087374044e-05 5.539375)
(0.00249588912 -2.178129437e-05 5.539375)
(0.0025998845 -2.268884831e-05 5.539375)
(0.002703879881 -2.359640224e-05 5.539375)
(0.002807875261 -2.450395617e-05 5.539375)
(0.002911870641 -2.54115101e-05 5.539375)
(0.003015866021 -2.631906404e-05 5.539375)
(0.003119861401 -2.722661797e-05 5.539375)
(0.003223856781 -2.81341719e-05 5.539375)
(0.003327852161 -2.904172583e-05 5.539375)
(0.003431847541 -2.994927977e-05 5.539375)
(0.003535842921 -3.08568337e-05 5.539375)
(0.003639838301 -3.176438763e-05 5.539375)
(0.003743833681 -3.267194156e-05 5.539375)
(0.003847829061 -3.357949549e-05 5.539375)
(0.003951824441 -3.448704943e-05 5.539375)
(0.004055819821 -3.539460336e-05 5.539375)
(0.004159815201 -3.630215729e-05 5.539375)
(0.004263810581 -3.720971122e-05 5.539375)
(0.004367805961 -3.811726516e-05 5.539375)
(0.004471801341 -3.902481909e-05 5.539375)
(0.004575796721 -3.993237302e-05 5.539375)
(0.004679792101 -4.083992695e-05 5.539375)
(0.0015599307 1.361330898e-05 5.539375)
(0.00166392608 1.452086292e-05 5.539375)
(0.00176792146 1.542841685e-05 5.539375)
(0.00187191684 1.633597078e-05 5.539375)
(0.00197591222 1.724352471e-05 5.539375)
(0.0020799076 1.815107865e-05 5.539375)
(0.00218390298 1.905863258e-05 5.539375)
(0.00228789836 1.996618651e-05 5.539375)
(0.00239189374 2.087374044e-05 5.539375)
(0.00249588912 2.178129437e-05 5.539375)
(0.0025998845 2.268884831e-05 5.539375)
(0.002703879881 2.359640224e-05 5.539375)
(0.002807875261 2.450395617e-05 5.539375)
(0.002911870641 2.54115101e-05 5.539375)
(0.003015866021 2.631906404e-05 5.539375)
(0.003119861401 2.722661797e-05 5.539375)
(0.003223856781 2.81341719e-05 5.539375)
(0.003327852161 2.904172583e-05 5.539375)
(0.003431847541 2.994927977e-05 5.539375)
(0.003535842921 3.08568337e-05 5.539375)
(0.003639838301 3.176438763e-05 5.539375)
(0.003743833681 3.267194156e-05 5.539375)
(0.003847829061 3.357949549e-05 5.539375)
(0.003951824441 3.448704943e-05 5.539375)
(0.004055819821 3.539460336e-05 5.539375)
(0.004159815201 3.630215729e-05 5.539375)
(0.004263810581 3.720971122e-05 5.539375)
(0.004367805961 3.811726516e-05 5.539375)
(0.004471801341 3.902481909e-05 5.539375)
(0.004575796721 3.993237302e-05 5.539375)
(0.004679792101 4.083992695e-05 5.539375)
(0.0015599307 -1.361330898e-05 5.54875)
(0.00166392608 -1.452086292e-05 5.54875)
(0.00176792146 -1.542841685e-05 5.54875)
(0.00187191684 -1.633597078e-05 5.54875)
(0.00197591222 -1.724352471e-05 5.54875)
(0.0020799076 -1.815107865e-05 5.54875)
(0.00218390298 -1.905863258e-05 5.54875)
(0.00228789836 -1.996618651e-05 5.54875)
(0.00239189374 -2.087374044e-05 5.54875)
(0.00249588912 -2.178129437e-05 5.54875)
(0.0025998845 -2.268884831e-05 5.54875)
(0.002703879881 -2.359640224e-05 5.54875)
(0.002807875261 -2.450395617e-05 5.54875)
(0.002911870641 -2.54115101e-05 5.54875)
(0.003015866021 -2.631906404e-05 5.54875)
(0.003119861401 -2.722661797e-05 5.54875)
(0.003223856781 -2.81341719e-05 5.54875)
(0.003327852161 -2.904172583e-05 5.54875)
(0.003431847541 -2.994927977e-05 5.54875)
(0.003535842921 -3.08568337e-05 5.54875)
(0.003639838301 -3.176438763e-05 5.54875)
(0.003743833681 -3.267194156e-05 5.54875)
(0.003847829061 -3.357949549e-05 5.54875)
(0.003951824441 -3.448704943e-05 5.54875)
(0.004055819821 -3.539460336e-05 5.54875)
(0.004159815201 -3.630215729e-05 5.54875)
(0.004263810581 -3.720971122e-05 5.54875)
(0.004367805961 -3.811726516e-05 5.54875)
(0.004471801341 -3.902481909e-05 5.54875)
(0.004575796721 -3.993237302e-05 5.54875)
(0.004679792101 -4.083992695e-05 5.54875)
(0.0015599307 1.361330898e-05 5.54875)
(0.00166392608 1.452086292e-05 5.54875)
(0.00176792146 1.542841685e-05 5.54875)
(0.00187191684 1.633597078e-05 5.54875)
(0.00197591222 1.724352471e-05 5.54875)
(0.0020799076 1.815107865e-05 5.54875)
(0.00218390298 1.905863258e-05 5.54875)
(0.00228789836 1.996618651e-05 5.54875)
(0.00239189374 2.087374044e-05 5.54875)
(0.00249588912 2.178129437e-05 5.54875)
(0.0025998845 2.268884831e-05 5.54875)
(0.002703879881 2.359640224e-05 5.54875)
(0.002807875261 2.450395617e-05 5.54875)
(0.002911870641 2.54115101e-05 5.54875)
(0.003015866021 2.631906404e-05 5.54875)
(0.003119861401 2.722661797e-05 5.54875)
(0.003223856781 2.81341719e-05 5.54875)
(0.003327852161 2.904172583e-05 5.54875)
(0.003431847541 2.994927977e-05 5.54875)
(0.003535842921 3.08568337e-05 5.54875)
(0.003639838301 3.176438763e-05 5.54875)
(0.003743833681 3.267194156e-05 5.54875)
(0.003847829061 3.357949549e-05 5.54875)
(0.003951824441 3.448704943e-05 5.54875)
(0.004055819821 3.539460336e-05 5.54875)
(0.004159815201 3.630215729e-05 5.54875)
(0.004263810581 3.720971122e-05 5.54875)
(0.004367805961 3.811726516e-05 5.54875)
(0.004471801341 3.902481909e-05 5.54875)
(0.004575796721 3.993237302e-05 5.54875)
(0.004679792101 4.083992695e-05 5.54875)
(0.0015599307 -1.361330898e-05 5.558125)
(0.00166392608 -1.452086292e-05 5.558125)
(0.00176792146 -1.542841685e-05 5.558125)
(0.00187191684 -1.633597078e-05 5.558125)
(0.00197591222 -1.724352471e-05 5.558125)
(0.0020799076 -1.815107865e-05 5.558125)
(0.00218390298 -1.905863258e-05 5.558125)
(0.00228789836 -1.996618651e-05 5.558125)
(0.00239189374 -2.087374044e-05 5.558125)
(0.00249588912 -2.178129437e-05 5.558125)
(0.0025998845 -2.268884831e-05 5.558125)
(0.002703879881 -2.359640224e-05 5.558125)
(0.002807875261 -2.450395617e-05 5.558125)
(0.002911870641 -2.54115101e-05 5.558125)
(0.003015866021 -2.631906404e-05 5.558125)
(0.003119861401 -2.722661797e-05 5.558125)
(0.003223856781 -2.81341719e-05 5.558125)
(0.003327852161 -2.904172583e-05 5.558125)
(0.003431847541 -2.994927977e-05 5.558125)
(0.003535842921 -3.08568337e-05 5.558125)
(0.003639838301 -3.176438763e-05 5.558125)
(0.003743833681 -3.267194156e-05 5.558125)
(0.003847829061 -3.357949549e-05 5.558125)
(0.003951824441 -3.448704943e-05 5.558125)
(0.004055819821 -3.539460336e-05 5.558125)
(0.004159815201 -3.630215729e-05 5.558125)
(0.004263810581 -3.720971122e-05 5.558125)
(0.004367805961 -3.811726516e-05 5.558125)
(0.004471801341 -3.902481909e-05 5.558125)
(0.004575796721 -3.993237302e-05 5.558125)
(0.004679792101 -4.083992695e-05 5.558125)
(0.0015599307 1.361330898e-05 5.558125)
(0.00166392608 1.452086292e-05 5.558125)
(0.00176792146 1.542841685e-05 5.558125)
(0.00187191684 1.633597078e-05 5.558125)
(0.00197591222 1.724352471e-05 5.558125)
(0.0020799076 1.815107865e-05 5.558125)
(0.00218390298 1.905863258e-05 5.558125)
(0.00228789836 1.996618651e-05 5.558125)
(0.00239189374 2.087374044e-05 5.558125)
(0.00249588912 2.178129437e-05 5.558125)
(0.0025998845 2.268884831e-05 5.558125)
(0.002703879881 2.359640224e-05 5.558125)
(0.002807875261 2.450395617e-05 5.558125)
(0.002911870641 2.54115101e-05 5.558125)
(0.003015866021 2.631906404e-05 5.558125)
(0.003119861401 2.722661797e-05 5.558125)
(0.003223856781 2.81341719e-05 5.558125)
(0.003327852161 2.904172583e-05 5.558125)
(0.003431847541 2.994927977e-05 5.558125)
(0.003535842921 3.08568337e-05 5.558125)
(0.003639838301 3.176438763e-05 5.558125)
(0.003743833681 3.267194156e-05 5.558125)
(0.003847829061 3.357949549e-05 5.558125)
(0.003951824441 3.448704943e-05 5.558125)
(0.004055819821 3.539460336e-05 5.558125)
(0.004159815201 3.630215729e-05 5.558125)
(0.004263810581 3.720971122e-05 5.558125)
(0.004367805961 3.811726516e-05 5.558125)
(0.004471801341 3.902481909e-05 5.558125)
(0.004575796721 3.993237302e-05 5.558125)
(0.004679792101 4.083992695e-05 5.558125)
(0.0015599307 -1.361330898e-05 5.5675)
(0.00166392608 -1.452086292e-05 5.5675)
(0.00176792146 -1.542841685e-05 5.5675)
(0.00187191684 -1.633597078e-05 5.5675)
(0.00197591222 -1.724352471e-05 5.5675)
(0.0020799076 -1.815107865e-05 5.5675)
(0.00218390298 -1.905863258e-05 5.5675)
(0.00228789836 -1.996618651e-05 5.5675)
(0.00239189374 -2.087374044e-05 5.5675)
(0.00249588912 -2.178129437e-05 5.5675)
(0.0025998845 -2.268884831e-05 5.5675)
(0.002703879881 -2.359640224e-05 5.5675)
(0.002807875261 -2.450395617e-05 5.5675)
(0.002911870641 -2.54115101e-05 5.5675)
(0.003015866021 -2.631906404e-05 5.5675)
(0.003119861401 -2.722661797e-05 5.5675)
(0.003223856781 -2.81341719e-05 5.5675)
(0.003327852161 -2.904172583e-05 5.5675)
(0.003431847541 -2.994927977e-05 5.5675)
(0.003535842921 -3.08568337e-05 5.5675)
(0.003639838301 -3.176438763e-05 5.5675)
(0.003743833681 -3.267194156e-05 5.5675)
(0.003847829061 -3.357949549e-05 5.5675)
(0.003951824441 -3.448704943e-05 5.5675)
(0.004055819821 -3.539460336e-05 5.5675)
(0.004159815201 -3.630215729e-05 5.5675)
(0.004263810581 -3.720971122e-05 5.5675)
(0.004367805961 -3.811726516e-05 5.5675)
(0.004471801341 -3.902481909e-05 5.5675)
(0.004575796721 -3.993237302e-05 5.5675)
(0.004679792101 -4.083992695e-05 5.5675)
(0.0015599307 1.361330898e-05 5.5675)
(0.00166392608 1.452086292e-05 5.5675)
(0.00176792146 1.542841685e-05 5.5675)
(0.00187191684 1.633597078e-05 5.5675)
(0.00197591222 1.724352471e-05 5.5675)
(0.0020799076 1.815107865e-05 5.5675)
(0.00218390298 1.905863258e-05 5.5675)
(0.00228789836 1.996618651e-05 5.5675)
(0.00239189374 2.087374044e-05 5.5675)
(0.00249588912 2.178129437e-05 5.5675)
(0.0025998845 2.268884831e-05 5.5675)
(0.002703879881 2.359640224e-05 5.5675)
(0.002807875261 2.450395617e-05 5.5675)
(0.002911870641 2.54115101e-05 5.5675)
(0.003015866021 2.631906404e-05 5.5675)
(0.003119861401 2.722661797e-05 5.5675)
(0.003223856781 2.81341719e-05 5.5675)
(0.003327852161 2.904172583e-05 5.5675)
(0.003431847541 2.994927977e-05 5.5675)
(0.003535842921 3.08568337e-05 5.5675)
(0.003639838301 3.176438763e-05 5.5675)
(0.003743833681 3.267194156e-05 5.5675)
(0.003847829061 3.357949549e-05 5.5675)
(0.003951824441 3.448704943e-05 5.5675)
(0.004055819821 3.539460336e-05 5.5675)
(0.004159815201 3.630215729e-05 5.5675)
(0.004263810581 3.720971122e-05 5.5675)
(0.004367805961 3.811726516e-05 5.5675)
(0.004471801341 3.902481909e-05 5.5675)
(0.004575796721 3.993237302e-05 5.5675)
(0.004679792101 4.083992695e-05 5.5675)
(0.0015599307 -1.361330898e-05 5.576875)
(0.00166392608 -1.452086292e-05 5.576875)
(0.00176792146 -1.542841685e-05 5.576875)
(0.00187191684 -1.633597078e-05 5.576875)
(0.00197591222 -1.724352471e-05 5.576875)
(0.0020799076 -1.815107865e-05 5.576875)
(0.00218390298 -1.905863258e-05 5.576875)
(0.00228789836 -1.996618651e-05 5.576875)
(0.00239189374 -2.087374044e-05 5.576875)
(0.00249588912 -2.178129437e-05 5.576875)
(0.0025998845 -2.268884831e-05 5.576875)
(0.002703879881 -2.359640224e-05 5.576875)
(0.002807875261 -2.450395617e-05 5.576875)
(0.002911870641 -2.54115101e-05 5.576875)
(0.003015866021 -2.631906404e-05 5.576875)
(0.003119861401 -2.722661797e-05 5.576875)
(0.003223856781 -2.81341719e-05 5.576875)
(0.003327852161 -2.904172583e-05 5.576875)
(0.003431847541 -2.994927977e-05 5.576875)
(0.003535842921 -3.08568337e-05 5.576875)
(0.003639838301 -3.176438763e-05 5.576875)
(0.003743833681 -3.267194156e-05 5.576875)
(0.003847829061 -3.357949549e-05 5.576875)
(0.003951824441 -3.448704943e-05 5.576875)
(0.004055819821 -3.539460336e-05 5.576875)
(0.004159815201 -3.630215729e-05 5.576875)
(0.004263810581 -3.720971122e-05 5.576875)
(0.004367805961 -3.811726516e-05 5.576875)
(0.004471801341 -3.902481909e-05 5.576875)
(0.004575796721 -3.993237302e-05 5.576875)
(0.004679792101 -4.083992695e-05 5.576875)
(0.0015599307 1.361330898e-05 5.576875)
(0.00166392608 1.452086292e-05 5.576875)
(0.00176792146 1.542841685e-05 5.576875)
(0.00187191684 1.633597078e-05 5.576875)
(0.00197591222 1.724352471e-05 5.576875)
(0.0020799076 1.815107865e-05 5.576875)
(0.00218390298 1.905863258e-05 5.576875)
(0.00228789836 1.996618651e-05 5.576875)
(0.00239189374 2.087374044e-05 5.576875)
(0.00249588912 2.178129437e-05 5.576875)
(0.0025998845 2.268884831e-05 5.576875)
(0.002703879881 2.359640224e-05 5.576875)
(0.002807875261 2.450395617e-05 5.576875)
(0.002911870641 2.54115101e-05 5.576875)
(0.003015866021 2.631906404e-05 5.576875)
(0.003119861401 2.722661797e-05 5.576875)
(0.003223856781 2.81341719e-05 5.576875)
(0.003327852161 2.904172583e-05 5.576875)
(0.003431847541 2.994927977e-05 5.576875)
(0.003535842921 3.08568337e-05 5.576875)
(0.003639838301 3.176438763e-05 5.576875)
(0.003743833681 3.267194156e-05 5.576875)
(0.003847829061 3.357949549e-05 5.576875)
(0.003951824441 3.448704943e-05 5.576875)
(0.004055819821 3.539460336e-05 5.576875)
(0.004159815201 3.630215729e-05 5.576875)
(0.004263810581 3.720971122e-05 5.576875)
(0.004367805961 3.811726516e-05 5.576875)
(0.004471801341 3.902481909e-05 5.576875)
(0.004575796721 3.993237302e-05 5.576875)
(0.004679792101 4.083992695e-05 5.576875)
(0.0015599307 -1.361330898e-05 5.58625)
(0.00166392608 -1.452086292e-05 5.58625)
(0.00176792146 -1.542841685e-05 5.58625)
(0.00187191684 -1.633597078e-05 5.58625)
(0.00197591222 -1.724352471e-05 5.58625)
(0.0020799076 -1.815107865e-05 5.58625)
(0.00218390298 -1.905863258e-05 5.58625)
(0.00228789836 -1.996618651e-05 5.58625)
(0.00239189374 -2.087374044e-05 5.58625)
(0.00249588912 -2.178129437e-05 5.58625)
(0.0025998845 -2.268884831e-05 5.58625)
(0.002703879881 -2.359640224e-05 5.58625)
(0.002807875261 -2.450395617e-05 5.58625)
(0.002911870641 -2.54115101e-05 5.58625)
(0.003015866021 -2.631906404e-05 5.58625)
(0.003119861401 -2.722661797e-05 5.58625)
(0.003223856781 -2.81341719e-05 5.58625)
(0.003327852161 -2.904172583e-05 5.58625)
(0.003431847541 -2.994927977e-05 5.58625)
(0.003535842921 -3.08568337e-05 5.58625)
(0.003639838301 -3.176438763e-05 5.58625)
(0.003743833681 -3.267194156e-05 5.58625)
(0.003847829061 -3.357949549e-05 5.58625)
(0.003951824441 -3.448704943e-05 5.58625)
(0.004055819821 -3.539460336e-05 5.58625)
(0.004159815201 -3.630215729e-05 5.58625)
(0.004263810581 -3.720971122e-05 5.58625)
(0.004367805961 -3.811726516e-05 5.58625)
(0.004471801341 -3.902481909e-05 5.58625)
(0.004575796721 -3.993237302e-05 5.58625)
(0.004679792101 -4.083992695e-05 5.58625)
(0.0015599307 1.361330898e-05 5.58625)
(0.00166392608 1.452086292e-05 5.58625)
(0.00176792146 1.542841685e-05 5.58625)
(0.00187191684 1.633597078e-05 5.58625)
(0.00197591222 1.724352471e-05 5.58625)
(0.0020799076 1.815107865e-05 5.58625)
(0.00218390298 1.905863258e-05 5.58625)
(0.00228789836 1.996618651e-05 5.58625)
(0.00239189374 2.087374044e-05 5.58625)
(0.00249588912 2.178129437e-05 5.58625)
(0.0025998845 2.268884831e-05 5.58625)
(0.002703879881 2.359640224e-05 5.58625)
(0.002807875261 2.450395617e-05 5.58625)
(0.002911870641 2.54115101e-05 5.58625)
(0.003015866021 2.631906404e-05 5.58625)
(0.003119861401 2.722661797e-05 5.58625)
(0.003223856781 2.81341719e-05 5.58625)
(0.003327852161 2.904172583e-05 5.58625)
(0.003431847541 2.994927977e-05 5.58625)
(0.003535842921 3.08568337e-05 5.58625)
(0.003639838301 3.176438763e-05 5.58625)
(0.003743833681 3.267194156e-05 5.58625)
(0.003847829061 3.357949549e-05 5.58625)
(0.003951824441 3.448704943e-05 5.58625)
(0.004055819821 3.539460336e-05 5.58625)
(0.004159815201 3.630215729e-05 5.58625)
(0.004263810581 3.720971122e-05 5.58625)
(0.004367805961 3.811726516e-05 5.58625)
(0.004471801341 3.902481909e-05 5.58625)
(0.004575796721 3.993237302e-05 5.58625)
(0.004679792101 4.083992695e-05 5.58625)
(0.0015599307 -1.361330898e-05 5.595625)
(0.00166392608 -1.452086292e-05 5.595625)
(0.00176792146 -1.542841685e-05 5.595625)
(0.00187191684 -1.633597078e-05 5.595625)
(0.00197591222 -1.724352471e-05 5.595625)
(0.0020799076 -1.815107865e-05 5.595625)
(0.00218390298 -1.905863258e-05 5.595625)
(0.00228789836 -1.996618651e-05 5.595625)
(0.00239189374 -2.087374044e-05 5.595625)
(0.00249588912 -2.178129437e-05 5.595625)
(0.0025998845 -2.268884831e-05 5.595625)
(0.002703879881 -2.359640224e-05 5.595625)
(0.002807875261 -2.450395617e-05 5.595625)
(0.002911870641 -2.54115101e-05 5.595625)
(0.003015866021 -2.631906404e-05 5.595625)
(0.003119861401 -2.722661797e-05 5.595625)
(0.003223856781 -2.81341719e-05 5.595625)
(0.003327852161 -2.904172583e-05 5.595625)
(0.003431847541 -2.994927977e-05 5.595625)
(0.003535842921 -3.08568337e-05 5.595625)
(0.003639838301 -3.176438763e-05 5.595625)
(0.003743833681 -3.267194156e-05 5.595625)
(0.003847829061 -3.357949549e-05 5.595625)
(0.003951824441 -3.448704943e-05 5.595625)
(0.004055819821 -3.539460336e-05 5.595625)
(0.004159815201 -3.630215729e-05 5.595625)
(0.004263810581 -3.720971122e-05 5.595625)
(0.004367805961 -3.811726516e-05 5.595625)
(0.004471801341 -3.902481909e-05 5.595625)
(0.004575796721 -3.993237302e-05 5.595625)
(0.004679792101 -4.083992695e-05 5.595625)
(0.0015599307 1.361330898e-05 5.595625)
(0.00166392608 1.452086292e-05 5.595625)
(0.00176792146 1.542841685e-05 5.595625)
(0.00187191684 1.633597078e-05 5.595625)
(0.00197591222 1.724352471e-05 5.595625)
(0.0020799076 1.815107865e-05 5.595625)
(0.00218390298 1.905863258e-05 5.595625)
(0.00228789836 1.996618651e-05 5.595625)
(0.00239189374 2.087374044e-05 5.595625)
(0.00249588912 2.178129437e-05 5.595625)
(0.0025998845 2.268884831e-05 5.595625)
(0.002703879881 2.359640224e-05 5.595625)
(0.002807875261 2.450395617e-05 5.595625)
(0.002911870641 2.54115101e-05 5.595625)
(0.003015866021 2.631906404e-05 5.595625)
(0.003119861401 2.722661797e-05 5.595625)
(0.003223856781 2.81341719e-05 5.595625)
(0.003327852161 2.904172583e-05 5.595625)
(0.003431847541 2.994927977e-05 5.595625)
(0.003535842921 3.08568337e-05 5.595625)
(0.003639838301 3.176438763e-05 5.595625)
(0.003743833681 3.267194156e-05 5.595625)
(0.003847829061 3.357949549e-05 5.595625)
(0.003951824441 3.448704943e-05 5.595625)
(0.004055819821 3.539460336e-05 5.595625)
(0.004159815201 3.630215729e-05 5.595625)
(0.004263810581 3.720971122e-05 5.595625)
(0.004367805961 3.811726516e-05 5.595625)
(0.004471801341 3.902481909e-05 5.595625)
(0.004575796721 3.993237302e-05 5.595625)
(0.004679792101 4.083992695e-05 5.595625)
(0.0015599307 -1.361330898e-05 5.605)
(0.00166392608 -1.452086292e-05 5.605)
(0.00176792146 -1.542841685e-05 5.605)
(0.00187191684 -1.633597078e-05 5.605)
(0.00197591222 -1.724352471e-05 5.605)
(0.0020799076 -1.815107865e-05 5.605)
(0.00218390298 -1.905863258e-05 5.605)
(0.00228789836 -1.996618651e-05 5.605)
(0.00239189374 -2.087374044e-05 5.605)
(0.00249588912 -2.178129437e-05 5.605)
(0.0025998845 -2.268884831e-05 5.605)
(0.002703879881 -2.359640224e-05 5.605)
(0.002807875261 -2.450395617e-05 5.605)
(0.002911870641 -2.54115101e-05 5.605)
(0.003015866021 -2.631906404e-05 5.605)
(0.003119861401 -2.722661797e-05 5.605)
(0.003223856781 -2.81341719e-05 5.605)
(0.003327852161 -2.904172583e-05 5.605)
(0.003431847541 -2.994927977e-05 5.605)
(0.003535842921 -3.08568337e-05 5.605)
(0.003639838301 -3.176438763e-05 5.605)
(0.003743833681 -3.267194156e-05 5.605)
(0.003847829061 -3.357949549e-05 5.605)
(0.003951824441 -3.448704943e-05 5.605)
(0.004055819821 -3.539460336e-05 5.605)
(0.004159815201 -3.630215729e-05 5.605)
(0.004263810581 -3.720971122e-05 5.605)
(0.004367805961 -3.811726516e-05 5.605)
(0.004471801341 -3.902481909e-05 5.605)
(0.004575796721 -3.993237302e-05 5.605)
(0.004679792101 -4.083992695e-05 5.605)
(0.0015599307 1.361330898e-05 5.605)
(0.00166392608 1.452086292e-05 5.605)
(0.00176792146 1.542841685e-05 5.605)
(0.00187191684 1.633597078e-05 5.605)
(0.00197591222 1.724352471e-05 5.605)
(0.0020799076 1.815107865e-05 5.605)
(0.00218390298 1.905863258e-05 5.605)
(0.00228789836 1.996618651e-05 5.605)
(0.00239189374 2.087374044e-05 5.605)
(0.00249588912 2.178129437e-05 5.605)
(0.0025998845 2.268884831e-05 5.605)
(0.002703879881 2.359640224e-05 5.605)
(0.002807875261 2.450395617e-05 5.605)
(0.002911870641 2.54115101e-05 5.605)
(0.003015866021 2.631906404e-05 5.605)
(0.003119861401 2.722661797e-05 5.605)
(0.003223856781 2.81341719e-05 5.605)
(0.003327852161 2.904172583e-05 5.605)
(0.003431847541 2.994927977e-05 5.605)
(0.003535842921 3.08568337e-05 5.605)
(0.003639838301 3.176438763e-05 5.605)
(0.003743833681 3.267194156e-05 5.605)
(0.003847829061 3.357949549e-05 5.605)
(0.003951824441 3.448704943e-05 5.605)
(0.004055819821 3.539460336e-05 5.605)
(0.004159815201 3.630215729e-05 5.605)
(0.004263810581 3.720971122e-05 5.605)
(0.004367805961 3.811726516e-05 5.605)
(0.004471801341 3.902481909e-05 5.605)
(0.004575796721 3.993237302e-05 5.605)
(0.004679792101 4.083992695e-05 5.605)
(0.0015599307 -1.361330898e-05 5.614375)
(0.00166392608 -1.452086292e-05 5.614375)
(0.00176792146 -1.542841685e-05 5.614375)
(0.00187191684 -1.633597078e-05 5.614375)
(0.00197591222 -1.724352471e-05 5.614375)
(0.0020799076 -1.815107865e-05 5.614375)
(0.00218390298 -1.905863258e-05 5.614375)
(0.00228789836 -1.996618651e-05 5.614375)
(0.00239189374 -2.087374044e-05 5.614375)
(0.00249588912 -2.178129437e-05 5.614375)
(0.0025998845 -2.268884831e-05 5.614375)
(0.002703879881 -2.359640224e-05 5.614375)
(0.002807875261 -2.450395617e-05 5.614375)
(0.002911870641 -2.54115101e-05 5.614375)
(0.003015866021 -2.631906404e-05 5.614375)
(0.003119861401 -2.722661797e-05 5.614375)
(0.003223856781 -2.81341719e-05 5.614375)
(0.003327852161 -2.904172583e-05 5.614375)
(0.003431847541 -2.994927977e-05 5.614375)
(0.003535842921 -3.08568337e-05 5.614375)
(0.003639838301 -3.176438763e-05 5.614375)
(0.003743833681 -3.267194156e-05 5.614375)
(0.003847829061 -3.357949549e-05 5.614375)
(0.003951824441 -3.448704943e-05 5.614375)
(0.004055819821 -3.539460336e-05 5.614375)
(0.004159815201 -3.630215729e-05 5.614375)
(0.004263810581 -3.720971122e-05 5.614375)
(0.004367805961 -3.811726516e-05 5.614375)
(0.004471801341 -3.902481909e-05 5.614375)
(0.004575796721 -3.993237302e-05 5.614375)
(0.004679792101 -4.083992695e-05 5.614375)
(0.0015599307 1.361330898e-05 5.614375)
(0.00166392608 1.452086292e-05 5.614375)
(0.00176792146 1.542841685e-05 5.614375)
(0.00187191684 1.633597078e-05 5.614375)
(0.00197591222 1.724352471e-05 5.614375)
(0.0020799076 1.815107865e-05 5.614375)
(0.00218390298 1.905863258e-05 5.614375)
(0.00228789836 1.996618651e-05 5.614375)
(0.00239189374 2.087374044e-05 5.614375)
(0.00249588912 2.178129437e-05 5.614375)
(0.0025998845 2.268884831e-05 5.614375)
(0.002703879881 2.359640224e-05 5.614375)
(0.002807875261 2.450395617e-05 5.614375)
(0.002911870641 2.54115101e-05 5.614375)
(0.003015866021 2.631906404e-05 5.614375)
(0.003119861401 2.722661797e-05 5.614375)
(0.003223856781 2.81341719e-05 5.614375)
(0.003327852161 2.904172583e-05 5.614375)
(0.003431847541 2.994927977e-05 5.614375)
(0.003535842921 3.08568337e-05 5.614375)
(0.003639838301 3.176438763e-05 5.614375)
(0.003743833681 3.267194156e-05 5.614375)
(0.003847829061 3.357949549e-05 5.614375)
(0.003951824441 3.448704943e-05 5.614375)
(0.004055819821 3.539460336e-05 5.614375)
(0.004159815201 3.630215729e-05 5.614375)
(0.004263810581 3.720971122e-05 5.614375)
(0.004367805961 3.811726516e-05 5.614375)
(0.004471801341 3.902481909e-05 5.614375)
(0.004575796721 3.993237302e-05 5.614375)
(0.004679792101 4.083992695e-05 5.614375)
(0.0015599307 -1.361330898e-05 5.62375)
(0.00166392608 -1.452086292e-05 5.62375)
(0.00176792146 -1.542841685e-05 5.62375)
(0.00187191684 -1.633597078e-05 5.62375)
(0.00197591222 -1.724352471e-05 5.62375)
(0.0020799076 -1.815107865e-05 5.62375)
(0.00218390298 -1.905863258e-05 5.62375)
(0.00228789836 -1.996618651e-05 5.62375)
(0.00239189374 -2.087374044e-05 5.62375)
(0.00249588912 -2.178129437e-05 5.62375)
(0.0025998845 -2.268884831e-05 5.62375)
(0.002703879881 -2.359640224e-05 5.62375)
(0.002807875261 -2.450395617e-05 5.62375)
(0.002911870641 -2.54115101e-05 5.62375)
(0.003015866021 -2.631906404e-05 5.62375)
(0.003119861401 -2.722661797e-05 5.62375)
(0.003223856781 -2.81341719e-05 5.62375)
(0.003327852161 -2.904172583e-05 5.62375)
(0.003431847541 -2.994927977e-05 5.62375)
(0.003535842921 -3.08568337e-05 5.62375)
(0.003639838301 -3.176438763e-05 5.62375)
(0.003743833681 -3.267194156e-05 5.62375)
(0.003847829061 -3.357949549e-05 5.62375)
(0.003951824441 -3.448704943e-05 5.62375)
(0.004055819821 -3.539460336e-05 5.62375)
(0.004159815201 -3.630215729e-05 5.62375)
(0.004263810581 -3.720971122e-05 5.62375)
(0.004367805961 -3.811726516e-05 5.62375)
(0.004471801341 -3.902481909e-05 5.62375)
(0.004575796721 -3.993237302e-05 5.62375)
(0.004679792101 -4.083992695e-05 5.62375)
(0.0015599307 1.361330898e-05 5.62375)
(0.00166392608 1.452086292e-05 5.62375)
(0.00176792146 1.542841685e-05 5.62375)
(0.00187191684 1.633597078e-05 5.62375)
(0.00197591222 1.724352471e-05 5.62375)
(0.0020799076 1.815107865e-05 5.62375)
(0.00218390298 1.905863258e-05 5.62375)
(0.00228789836 1.996618651e-05 5.62375)
(0.00239189374 2.087374044e-05 5.62375)
(0.00249588912 2.178129437e-05 5.62375)
(0.0025998845 2.268884831e-05 5.62375)
(0.002703879881 2.359640224e-05 5.62375)
(0.002807875261 2.450395617e-05 5.62375)
(0.002911870641 2.54115101e-05 5.62375)
(0.003015866021 2.631906404e-05 5.62375)
(0.003119861401 2.722661797e-05 5.62375)
(0.003223856781 2.81341719e-05 5.62375)
(0.003327852161 2.904172583e-05 5.62375)
(0.003431847541 2.994927977e-05 5.62375)
(0.003535842921 3.08568337e-05 5.62375)
(0.003639838301 3.176438763e-05 5.62375)
(0.003743833681 3.267194156e-05 5.62375)
(0.003847829061 3.357949549e-05 5.62375)
(0.003951824441 3.448704943e-05 5.62375)
(0.004055819821 3.539460336e-05 5.62375)
(0.004159815201 3.630215729e-05 5.62375)
(0.004263810581 3.720971122e-05 5.62375)
(0.004367805961 3.811726516e-05 5.62375)
(0.004471801341 3.902481909e-05 5.62375)
(0.004575796721 3.993237302e-05 5.62375)
(0.004679792101 4.083992695e-05 5.62375)
(0.0015599307 -1.361330898e-05 5.633125)
(0.00166392608 -1.452086292e-05 5.633125)
(0.00176792146 -1.542841685e-05 5.633125)
(0.00187191684 -1.633597078e-05 5.633125)
(0.00197591222 -1.724352471e-05 5.633125)
(0.0020799076 -1.815107865e-05 5.633125)
(0.00218390298 -1.905863258e-05 5.633125)
(0.00228789836 -1.996618651e-05 5.633125)
(0.00239189374 -2.087374044e-05 5.633125)
(0.00249588912 -2.178129437e-05 5.633125)
(0.0025998845 -2.268884831e-05 5.633125)
(0.002703879881 -2.359640224e-05 5.633125)
(0.002807875261 -2.450395617e-05 5.633125)
(0.002911870641 -2.54115101e-05 5.633125)
(0.003015866021 -2.631906404e-05 5.633125)
(0.003119861401 -2.722661797e-05 5.633125)
(0.003223856781 -2.81341719e-05 5.633125)
(0.003327852161 -2.904172583e-05 5.633125)
(0.003431847541 -2.994927977e-05 5.633125)
(0.003535842921 -3.08568337e-05 5.633125)
(0.003639838301 -3.176438763e-05 5.633125)
(0.003743833681 -3.267194156e-05 5.633125)
(0.003847829061 -3.357949549e-05 5.633125)
(0.003951824441 -3.448704943e-05 5.633125)
(0.004055819821 -3.539460336e-05 5.633125)
(0.004159815201 -3.630215729e-05 5.633125)
(0.004263810581 -3.720971122e-05 5.633125)
(0.004367805961 -3.811726516e-05 5.633125)
(0.004471801341 -3.902481909e-05 5.633125)
(0.004575796721 -3.993237302e-05 5.633125)
(0.004679792101 -4.083992695e-05 5.633125)
(0.0015599307 1.361330898e-05 5.633125)
(0.00166392608 1.452086292e-05 5.633125)
(0.00176792146 1.542841685e-05 5.633125)
(0.00187191684 1.633597078e-05 5.633125)
(0.00197591222 1.724352471e-05 5.633125)
(0.0020799076 1.815107865e-05 5.633125)
(0.00218390298 1.905863258e-05 5.633125)
(0.00228789836 1.996618651e-05 5.633125)
(0.00239189374 2.087374044e-05 5.633125)
(0.00249588912 2.178129437e-05 5.633125)
(0.0025998845 2.268884831e-05 5.633125)
(0.002703879881 2.359640224e-05 5.633125)
(0.002807875261 2.450395617e-05 5.633125)
(0.002911870641 2.54115101e-05 5.633125)
(0.003015866021 2.631906404e-05 5.633125)
(0.003119861401 2.722661797e-05 5.633125)
(0.003223856781 2.81341719e-05 5.633125)
(0.003327852161 2.904172583e-05 5.633125)
(0.003431847541 2.994927977e-05 5.633125)
(0.003535842921 3.08568337e-05 5.633125)
(0.003639838301 3.176438763e-05 5.633125)
(0.003743833681 3.267194156e-05 5.633125)
(0.003847829061 3.357949549e-05 5.633125)
(0.003951824441 3.448704943e-05 5.633125)
(0.004055819821 3.539460336e-05 5.633125)
(0.004159815201 3.630215729e-05 5.633125)
(0.004263810581 3.720971122e-05 5.633125)
(0.004367805961 3.811726516e-05 5.633125)
(0.004471801341 3.902481909e-05 5.633125)
(0.004575796721 3.993237302e-05 5.633125)
(0.004679792101 4.083992695e-05 5.633125)
(0.0015599307 -1.361330898e-05 5.6425)
(0.00166392608 -1.452086292e-05 5.6425)
(0.00176792146 -1.542841685e-05 5.6425)
(0.00187191684 -1.633597078e-05 5.6425)
(0.00197591222 -1.724352471e-05 5.6425)
(0.0020799076 -1.815107865e-05 5.6425)
(0.00218390298 -1.905863258e-05 5.6425)
(0.00228789836 -1.996618651e-05 5.6425)
(0.00239189374 -2.087374044e-05 5.6425)
(0.00249588912 -2.178129437e-05 5.6425)
(0.0025998845 -2.268884831e-05 5.6425)
(0.002703879881 -2.359640224e-05 5.6425)
(0.002807875261 -2.450395617e-05 5.6425)
(0.002911870641 -2.54115101e-05 5.6425)
(0.003015866021 -2.631906404e-05 5.6425)
(0.003119861401 -2.722661797e-05 5.6425)
(0.003223856781 -2.81341719e-05 5.6425)
(0.003327852161 -2.904172583e-05 5.6425)
(0.003431847541 -2.994927977e-05 5.6425)
(0.003535842921 -3.08568337e-05 5.6425)
(0.003639838301 -3.176438763e-05 5.6425)
(0.003743833681 -3.267194156e-05 5.6425)
(0.003847829061 -3.357949549e-05 5.6425)
(0.003951824441 -3.448704943e-05 5.6425)
(0.004055819821 -3.539460336e-05 5.6425)
(0.004159815201 -3.630215729e-05 5.6425)
(0.004263810581 -3.720971122e-05 5.6425)
(0.004367805961 -3.811726516e-05 5.6425)
(0.004471801341 -3.902481909e-05 5.6425)
(0.004575796721 -3.993237302e-05 5.6425)
(0.004679792101 -4.083992695e-05 5.6425)
(0.0015599307 1.361330898e-05 5.6425)
(0.00166392608 1.452086292e-05 5.6425)
(0.00176792146 1.542841685e-05 5.6425)
(0.00187191684 1.633597078e-05 5.6425)
(0.00197591222 1.724352471e-05 5.6425)
(0.0020799076 1.815107865e-05 5.6425)
(0.00218390298 1.905863258e-05 5.6425)
(0.00228789836 1.996618651e-05 5.6425)
(0.00239189374 2.087374044e-05 5.6425)
(0.00249588912 2.178129437e-05 5.6425)
(0.0025998845 2.268884831e-05 5.6425)
(0.002703879881 2.359640224e-05 5.6425)
(0.002807875261 2.450395617e-05 5.6425)
(0.002911870641 2.54115101e-05 5.6425)
(0.003015866021 2.631906404e-05 5.6425)
(0.003119861401 2.722661797e-05 5.6425)
(0.003223856781 2.81341719e-05 5.6425)
(0.003327852161 2.904172583e-05 5.6425)
(0.003431847541 2.994927977e-05 5.6425)
(0.003535842921 3.08568337e-05 5.6425)
(0.003639838301 3.176438763e-05 5.6425)
(0.003743833681 3.267194156e-05 5.6425)
(0.003847829061 3.357949549e-05 5.6425)
(0.003951824441 3.448704943e-05 5.6425)
(0.004055819821 3.539460336e-05 5.6425)
(0.004159815201 3.630215729e-05 5.6425)
(0.004263810581 3.720971122e-05 5.6425)
(0.004367805961 3.811726516e-05 5.6425)
(0.004471801341 3.902481909e-05 5.6425)
(0.004575796721 3.993237302e-05 5.6425)
(0.004679792101 4.083992695e-05 5.6425)
(0.0015599307 -1.361330898e-05 5.651875)
(0.00166392608 -1.452086292e-05 5.651875)
(0.00176792146 -1.542841685e-05 5.651875)
(0.00187191684 -1.633597078e-05 5.651875)
(0.00197591222 -1.724352471e-05 5.651875)
(0.0020799076 -1.815107865e-05 5.651875)
(0.00218390298 -1.905863258e-05 5.651875)
(0.00228789836 -1.996618651e-05 5.651875)
(0.00239189374 -2.087374044e-05 5.651875)
(0.00249588912 -2.178129437e-05 5.651875)
(0.0025998845 -2.268884831e-05 5.651875)
(0.002703879881 -2.359640224e-05 5.651875)
(0.002807875261 -2.450395617e-05 5.651875)
(0.002911870641 -2.54115101e-05 5.651875)
(0.003015866021 -2.631906404e-05 5.651875)
(0.003119861401 -2.722661797e-05 5.651875)
(0.003223856781 -2.81341719e-05 5.651875)
(0.003327852161 -2.904172583e-05 5.651875)
(0.003431847541 -2.994927977e-05 5.651875)
(0.003535842921 -3.08568337e-05 5.651875)
(0.003639838301 -3.176438763e-05 5.651875)
(0.003743833681 -3.267194156e-05 5.651875)
(0.003847829061 -3.357949549e-05 5.651875)
(0.003951824441 -3.448704943e-05 5.651875)
(0.004055819821 -3.539460336e-05 5.651875)
(0.004159815201 -3.630215729e-05 5.651875)
(0.004263810581 -3.720971122e-05 5.651875)
(0.004367805961 -3.811726516e-05 5.651875)
(0.004471801341 -3.902481909e-05 5.651875)
(0.004575796721 -3.993237302e-05 5.651875)
(0.004679792101 -4.083992695e-05 5.651875)
(0.0015599307 1.361330898e-05 5.651875)
(0.00166392608 1.452086292e-05 5.651875)
(0.00176792146 1.542841685e-05 5.651875)
(0.00187191684 1.633597078e-05 5.651875)
(0.00197591222 1.724352471e-05 5.651875)
(0.0020799076 1.815107865e-05 5.651875)
(0.00218390298 1.905863258e-05 5.651875)
(0.00228789836 1.996618651e-05 5.651875)
(0.00239189374 2.087374044e-05 5.651875)
(0.00249588912 2.178129437e-05 5.651875)
(0.0025998845 2.268884831e-05 5.651875)
(0.002703879881 2.359640224e-05 5.651875)
(0.002807875261 2.450395617e-05 5.651875)
(0.002911870641 2.54115101e-05 5.651875)
(0.003015866021 2.631906404e-05 5.651875)
(0.003119861401 2.722661797e-05 5.651875)
(0.003223856781 2.81341719e-05 5.651875)
(0.003327852161 2.904172583e-05 5.651875)
(0.003431847541 2.994927977e-05 5.651875)
(0.003535842921 3.08568337e-05 5.651875)
(0.003639838301 3.176438763e-05 5.651875)
(0.003743833681 3.267194156e-05 5.651875)
(0.003847829061 3.357949549e-05 5.651875)
(0.003951824441 3.448704943e-05 5.651875)
(0.004055819821 3.539460336e-05 5.651875)
(0.004159815201 3.630215729e-05 5.651875)
(0.004263810581 3.720971122e-05 5.651875)
(0.004367805961 3.811726516e-05 5.651875)
(0.004471801341 3.902481909e-05 5.651875)
(0.004575796721 3.993237302e-05 5.651875)
(0.004679792101 4.083992695e-05 5.651875)
(0.0015599307 -1.361330898e-05 5.66125)
(0.00166392608 -1.452086292e-05 5.66125)
(0.00176792146 -1.542841685e-05 5.66125)
(0.00187191684 -1.633597078e-05 5.66125)
(0.00197591222 -1.724352471e-05 5.66125)
(0.0020799076 -1.815107865e-05 5.66125)
(0.00218390298 -1.905863258e-05 5.66125)
(0.00228789836 -1.996618651e-05 5.66125)
(0.00239189374 -2.087374044e-05 5.66125)
(0.00249588912 -2.178129437e-05 5.66125)
(0.0025998845 -2.268884831e-05 5.66125)
(0.002703879881 -2.359640224e-05 5.66125)
(0.002807875261 -2.450395617e-05 5.66125)
(0.002911870641 -2.54115101e-05 5.66125)
(0.003015866021 -2.631906404e-05 5.66125)
(0.003119861401 -2.722661797e-05 5.66125)
(0.003223856781 -2.81341719e-05 5.66125)
(0.003327852161 -2.904172583e-05 5.66125)
(0.003431847541 -2.994927977e-05 5.66125)
(0.003535842921 -3.08568337e-05 5.66125)
(0.003639838301 -3.176438763e-05 5.66125)
(0.003743833681 -3.267194156e-05 5.66125)
(0.003847829061 -3.357949549e-05 5.66125)
(0.003951824441 -3.448704943e-05 5.66125)
(0.004055819821 -3.539460336e-05 5.66125)
(0.004159815201 -3.630215729e-05 5.66125)
(0.004263810581 -3.720971122e-05 5.66125)
(0.004367805961 -3.811726516e-05 5.66125)
(0.004471801341 -3.902481909e-05 5.66125)
(0.004575796721 -3.993237302e-05 5.66125)
(0.004679792101 -4.083992695e-05 5.66125)
(0.0015599307 1.361330898e-05 5.66125)
(0.00166392608 1.452086292e-05 5.66125)
(0.00176792146 1.542841685e-05 5.66125)
(0.00187191684 1.633597078e-05 5.66125)
(0.00197591222 1.724352471e-05 5.66125)
(0.0020799076 1.815107865e-05 5.66125)
(0.00218390298 1.905863258e-05 5.66125)
(0.00228789836 1.996618651e-05 5.66125)
(0.00239189374 2.087374044e-05 5.66125)
(0.00249588912 2.178129437e-05 5.66125)
(0.0025998845 2.268884831e-05 5.66125)
(0.002703879881 2.359640224e-05 5.66125)
(0.002807875261 2.450395617e-05 5.66125)
(0.002911870641 2.54115101e-05 5.66125)
(0.003015866021 2.631906404e-05 5.66125)
(0.003119861401 2.722661797e-05 5.66125)
(0.003223856781 2.81341719e-05 5.66125)
(0.003327852161 2.904172583e-05 5.66125)
(0.003431847541 2.994927977e-05 5.66125)
(0.003535842921 3.08568337e-05 5.66125)
(0.003639838301 3.176438763e-05 5.66125)
(0.003743833681 3.267194156e-05 5.66125)
(0.003847829061 3.357949549e-05 5.66125)
(0.003951824441 3.448704943e-05 5.66125)
(0.004055819821 3.539460336e-05 5.66125)
(0.004159815201 3.630215729e-05 5.66125)
(0.004263810581 3.720971122e-05 5.66125)
(0.004367805961 3.811726516e-05 5.66125)
(0.004471801341 3.902481909e-05 5.66125)
(0.004575796721 3.993237302e-05 5.66125)
(0.004679792101 4.083992695e-05 5.66125)
(0.0015599307 -1.361330898e-05 5.670625)
(0.00166392608 -1.452086292e-05 5.670625)
(0.00176792146 -1.542841685e-05 5.670625)
(0.00187191684 -1.633597078e-05 5.670625)
(0.00197591222 -1.724352471e-05 5.670625)
(0.0020799076 -1.815107865e-05 5.670625)
(0.00218390298 -1.905863258e-05 5.670625)
(0.00228789836 -1.996618651e-05 5.670625)
(0.00239189374 -2.087374044e-05 5.670625)
(0.00249588912 -2.178129437e-05 5.670625)
(0.0025998845 -2.268884831e-05 5.670625)
(0.002703879881 -2.359640224e-05 5.670625)
(0.002807875261 -2.450395617e-05 5.670625)
(0.002911870641 -2.54115101e-05 5.670625)
(0.003015866021 -2.631906404e-05 5.670625)
(0.003119861401 -2.722661797e-05 5.670625)
(0.003223856781 -2.81341719e-05 5.670625)
(0.003327852161 -2.904172583e-05 5.670625)
(0.003431847541 -2.994927977e-05 5.670625)
(0.003535842921 -3.08568337e-05 5.670625)
(0.003639838301 -3.176438763e-05 5.670625)
(0.003743833681 -3.267194156e-05 5.670625)
(0.003847829061 -3.357949549e-05 5.670625)
(0.003951824441 -3.448704943e-05 5.670625)
(0.004055819821 -3.539460336e-05 5.670625)
(0.004159815201 -3.630215729e-05 5.670625)
(0.004263810581 -3.720971122e-05 5.670625)
(0.004367805961 -3.811726516e-05 5.670625)
(0.004471801341 -3.902481909e-05 5.670625)
(0.004575796721 -3.993237302e-05 5.670625)
(0.004679792101 -4.083992695e-05 5.670625)
(0.0015599307 1.361330898e-05 5.670625)
(0.00166392608 1.452086292e-05 5.670625)
(0.00176792146 1.542841685e-05 5.670625)
(0.00187191684 1.633597078e-05 5.670625)
(0.00197591222 1.724352471e-05 5.670625)
(0.0020799076 1.815107865e-05 5.670625)
(0.00218390298 1.905863258e-05 5.670625)
(0.00228789836 1.996618651e-05 5.670625)
(0.00239189374 2.087374044e-05 5.670625)
(0.00249588912 2.178129437e-05 5.670625)
(0.0025998845 2.268884831e-05 5.670625)
(0.002703879881 2.359640224e-05 5.670625)
(0.002807875261 2.450395617e-05 5.670625)
(0.002911870641 2.54115101e-05 5.670625)
(0.003015866021 2.631906404e-05 5.670625)
(0.003119861401 2.722661797e-05 5.670625)
(0.003223856781 2.81341719e-05 5.670625)
(0.003327852161 2.904172583e-05 5.670625)
(0.003431847541 2.994927977e-05 5.670625)
(0.003535842921 3.08568337e-05 5.670625)
(0.003639838301 3.176438763e-05 5.670625)
(0.003743833681 3.267194156e-05 5.670625)
(0.003847829061 3.357949549e-05 5.670625)
(0.003951824441 3.448704943e-05 5.670625)
(0.004055819821 3.539460336e-05 5.670625)
(0.004159815201 3.630215729e-05 5.670625)
(0.004263810581 3.720971122e-05 5.670625)
(0.004367805961 3.811726516e-05 5.670625)
(0.004471801341 3.902481909e-05 5.670625)
(0.004575796721 3.993237302e-05 5.670625)
(0.004679792101 4.083992695e-05 5.670625)
(0.0015599307 -1.361330898e-05 5.68)
(0.00166392608 -1.452086292e-05 5.68)
(0.00176792146 -1.542841685e-05 5.68)
(0.00187191684 -1.633597078e-05 5.68)
(0.00197591222 -1.724352471e-05 5.68)
(0.0020799076 -1.815107865e-05 5.68)
(0.00218390298 -1.905863258e-05 5.68)
(0.00228789836 -1.996618651e-05 5.68)
(0.00239189374 -2.087374044e-05 5.68)
(0.00249588912 -2.178129437e-05 5.68)
(0.0025998845 -2.268884831e-05 5.68)
(0.002703879881 -2.359640224e-05 5.68)
(0.002807875261 -2.450395617e-05 5.68)
(0.002911870641 -2.54115101e-05 5.68)
(0.003015866021 -2.631906404e-05 5.68)
(0.003119861401 -2.722661797e-05 5.68)
(0.003223856781 -2.81341719e-05 5.68)
(0.003327852161 -2.904172583e-05 5.68)
(0.003431847541 -2.994927977e-05 5.68)
(0.003535842921 -3.08568337e-05 5.68)
(0.003639838301 -3.176438763e-05 5.68)
(0.003743833681 -3.267194156e-05 5.68)
(0.003847829061 -3.357949549e-05 5.68)
(0.003951824441 -3.448704943e-05 5.68)
(0.004055819821 -3.539460336e-05 5.68)
(0.004159815201 -3.630215729e-05 5.68)
(0.004263810581 -3.720971122e-05 5.68)
(0.004367805961 -3.811726516e-05 5.68)
(0.004471801341 -3.902481909e-05 5.68)
(0.004575796721 -3.993237302e-05 5.68)
(0.004679792101 -4.083992695e-05 5.68)
(0.0015599307 1.361330898e-05 5.68)
(0.00166392608 1.452086292e-05 5.68)
(0.00176792146 1.542841685e-05 5.68)
(0.00187191684 1.633597078e-05 5.68)
(0.00197591222 1.724352471e-05 5.68)
(0.0020799076 1.815107865e-05 5.68)
(0.00218390298 1.905863258e-05 5.68)
(0.00228789836 1.996618651e-05 5.68)
(0.00239189374 2.087374044e-05 5.68)
(0.00249588912 2.178129437e-05 5.68)
(0.0025998845 2.268884831e-05 5.68)
(0.002703879881 2.359640224e-05 5.68)
(0.002807875261 2.450395617e-05 5.68)
(0.002911870641 2.54115101e-05 5.68)
(0.003015866021 2.631906404e-05 5.68)
(0.003119861401 2.722661797e-05 5.68)
(0.003223856781 2.81341719e-05 5.68)
(0.003327852161 2.904172583e-05 5.68)
(0.003431847541 2.994927977e-05 5.68)
(0.003535842921 3.08568337e-05 5.68)
(0.003639838301 3.176438763e-05 5.68)
(0.003743833681 3.267194156e-05 5.68)
(0.003847829061 3.357949549e-05 5.68)
(0.003951824441 3.448704943e-05 5.68)
(0.004055819821 3.539460336e-05 5.68)
(0.004159815201 3.630215729e-05 5.68)
(0.004263810581 3.720971122e-05 5.68)
(0.004367805961 3.811726516e-05 5.68)
(0.004471801341 3.902481909e-05 5.68)
(0.004575796721 3.993237302e-05 5.68)
(0.004679792101 4.083992695e-05 5.68)
(0.0015599307 -1.361330898e-05 5.689375)
(0.00166392608 -1.452086292e-05 5.689375)
(0.00176792146 -1.542841685e-05 5.689375)
(0.00187191684 -1.633597078e-05 5.689375)
(0.00197591222 -1.724352471e-05 5.689375)
(0.0020799076 -1.815107865e-05 5.689375)
(0.00218390298 -1.905863258e-05 5.689375)
(0.00228789836 -1.996618651e-05 5.689375)
(0.00239189374 -2.087374044e-05 5.689375)
(0.00249588912 -2.178129437e-05 5.689375)
(0.0025998845 -2.268884831e-05 5.689375)
(0.002703879881 -2.359640224e-05 5.689375)
(0.002807875261 -2.450395617e-05 5.689375)
(0.002911870641 -2.54115101e-05 5.689375)
(0.003015866021 -2.631906404e-05 5.689375)
(0.003119861401 -2.722661797e-05 5.689375)
(0.003223856781 -2.81341719e-05 5.689375)
(0.003327852161 -2.904172583e-05 5.689375)
(0.003431847541 -2.994927977e-05 5.689375)
(0.003535842921 -3.08568337e-05 5.689375)
(0.003639838301 -3.176438763e-05 5.689375)
(0.003743833681 -3.267194156e-05 5.689375)
(0.003847829061 -3.357949549e-05 5.689375)
(0.003951824441 -3.448704943e-05 5.689375)
(0.004055819821 -3.539460336e-05 5.689375)
(0.004159815201 -3.630215729e-05 5.689375)
(0.004263810581 -3.720971122e-05 5.689375)
(0.004367805961 -3.811726516e-05 5.689375)
(0.004471801341 -3.902481909e-05 5.689375)
(0.004575796721 -3.993237302e-05 5.689375)
(0.004679792101 -4.083992695e-05 5.689375)
(0.0015599307 1.361330898e-05 5.689375)
(0.00166392608 1.452086292e-05 5.689375)
(0.00176792146 1.542841685e-05 5.689375)
(0.00187191684 1.633597078e-05 5.689375)
(0.00197591222 1.724352471e-05 5.689375)
(0.0020799076 1.815107865e-05 5.689375)
(0.00218390298 1.905863258e-05 5.689375)
(0.00228789836 1.996618651e-05 5.689375)
(0.00239189374 2.087374044e-05 5.689375)
(0.00249588912 2.178129437e-05 5.689375)
(0.0025998845 2.268884831e-05 5.689375)
(0.002703879881 2.359640224e-05 5.689375)
(0.002807875261 2.450395617e-05 5.689375)
(0.002911870641 2.54115101e-05 5.689375)
(0.003015866021 2.631906404e-05 5.689375)
(0.003119861401 2.722661797e-05 5.689375)
(0.003223856781 2.81341719e-05 5.689375)
(0.003327852161 2.904172583e-05 5.689375)
(0.003431847541 2.994927977e-05 5.689375)
(0.003535842921 3.08568337e-05 5.689375)
(0.003639838301 3.176438763e-05 5.689375)
(0.003743833681 3.267194156e-05 5.689375)
(0.003847829061 3.357949549e-05 5.689375)
(0.003951824441 3.448704943e-05 5.689375)
(0.004055819821 3.539460336e-05 5.689375)
(0.004159815201 3.630215729e-05 5.689375)
(0.004263810581 3.720971122e-05 5.689375)
(0.004367805961 3.811726516e-05 5.689375)
(0.004471801341 3.902481909e-05 5.689375)
(0.004575796721 3.993237302e-05 5.689375)
(0.004679792101 4.083992695e-05 5.689375)
(0.0015599307 -1.361330898e-05 5.69875)
(0.00166392608 -1.452086292e-05 5.69875)
(0.00176792146 -1.542841685e-05 5.69875)
(0.00187191684 -1.633597078e-05 5.69875)
(0.00197591222 -1.724352471e-05 5.69875)
(0.0020799076 -1.815107865e-05 5.69875)
(0.00218390298 -1.905863258e-05 5.69875)
(0.00228789836 -1.996618651e-05 5.69875)
(0.00239189374 -2.087374044e-05 5.69875)
(0.00249588912 -2.178129437e-05 5.69875)
(0.0025998845 -2.268884831e-05 5.69875)
(0.002703879881 -2.359640224e-05 5.69875)
(0.002807875261 -2.450395617e-05 5.69875)
(0.002911870641 -2.54115101e-05 5.69875)
(0.003015866021 -2.631906404e-05 5.69875)
(0.003119861401 -2.722661797e-05 5.69875)
(0.003223856781 -2.81341719e-05 5.69875)
(0.003327852161 -2.904172583e-05 5.69875)
(0.003431847541 -2.994927977e-05 5.69875)
(0.003535842921 -3.08568337e-05 5.69875)
(0.003639838301 -3.176438763e-05 5.69875)
(0.003743833681 -3.267194156e-05 5.69875)
(0.003847829061 -3.357949549e-05 5.69875)
(0.003951824441 -3.448704943e-05 5.69875)
(0.004055819821 -3.539460336e-05 5.69875)
(0.004159815201 -3.630215729e-05 5.69875)
(0.004263810581 -3.720971122e-05 5.69875)
(0.004367805961 -3.811726516e-05 5.69875)
(0.004471801341 -3.902481909e-05 5.69875)
(0.004575796721 -3.993237302e-05 5.69875)
(0.004679792101 -4.083992695e-05 5.69875)
(0.0015599307 1.361330898e-05 5.69875)
(0.00166392608 1.452086292e-05 5.69875)
(0.00176792146 1.542841685e-05 5.69875)
(0.00187191684 1.633597078e-05 5.69875)
(0.00197591222 1.724352471e-05 5.69875)
(0.0020799076 1.815107865e-05 5.69875)
(0.00218390298 1.905863258e-05 5.69875)
(0.00228789836 1.996618651e-05 5.69875)
(0.00239189374 2.087374044e-05 5.69875)
(0.00249588912 2.178129437e-05 5.69875)
(0.0025998845 2.268884831e-05 5.69875)
(0.002703879881 2.359640224e-05 5.69875)
(0.002807875261 2.450395617e-05 5.69875)
(0.002911870641 2.54115101e-05 5.69875)
(0.003015866021 2.631906404e-05 5.69875)
(0.003119861401 2.722661797e-05 5.69875)
(0.003223856781 2.81341719e-05 5.69875)
(0.003327852161 2.904172583e-05 5.69875)
(0.003431847541 2.994927977e-05 5.69875)
(0.003535842921 3.08568337e-05 5.69875)
(0.003639838301 3.176438763e-05 5.69875)
(0.003743833681 3.267194156e-05 5.69875)
(0.003847829061 3.357949549e-05 5.69875)
(0.003951824441 3.448704943e-05 5.69875)
(0.004055819821 3.539460336e-05 5.69875)
(0.004159815201 3.630215729e-05 5.69875)
(0.004263810581 3.720971122e-05 5.69875)
(0.004367805961 3.811726516e-05 5.69875)
(0.004471801341 3.902481909e-05 5.69875)
(0.004575796721 3.993237302e-05 5.69875)
(0.004679792101 4.083992695e-05 5.69875)
(0.0015599307 -1.361330898e-05 5.708125)
(0.00166392608 -1.452086292e-05 5.708125)
(0.00176792146 -1.542841685e-05 5.708125)
(0.00187191684 -1.633597078e-05 5.708125)
(0.00197591222 -1.724352471e-05 5.708125)
(0.0020799076 -1.815107865e-05 5.708125)
(0.00218390298 -1.905863258e-05 5.708125)
(0.00228789836 -1.996618651e-05 5.708125)
(0.00239189374 -2.087374044e-05 5.708125)
(0.00249588912 -2.178129437e-05 5.708125)
(0.0025998845 -2.268884831e-05 5.708125)
(0.002703879881 -2.359640224e-05 5.708125)
(0.002807875261 -2.450395617e-05 5.708125)
(0.002911870641 -2.54115101e-05 5.708125)
(0.003015866021 -2.631906404e-05 5.708125)
(0.003119861401 -2.722661797e-05 5.708125)
(0.003223856781 -2.81341719e-05 5.708125)
(0.003327852161 -2.904172583e-05 5.708125)
(0.003431847541 -2.994927977e-05 5.708125)
(0.003535842921 -3.08568337e-05 5.708125)
(0.003639838301 -3.176438763e-05 5.708125)
(0.003743833681 -3.267194156e-05 5.708125)
(0.003847829061 -3.357949549e-05 5.708125)
(0.003951824441 -3.448704943e-05 5.708125)
(0.004055819821 -3.539460336e-05 5.708125)
(0.004159815201 -3.630215729e-05 5.708125)
(0.004263810581 -3.720971122e-05 5.708125)
(0.004367805961 -3.811726516e-05 5.708125)
(0.004471801341 -3.902481909e-05 5.708125)
(0.004575796721 -3.993237302e-05 5.708125)
(0.004679792101 -4.083992695e-05 5.708125)
(0.0015599307 1.361330898e-05 5.708125)
(0.00166392608 1.452086292e-05 5.708125)
(0.00176792146 1.542841685e-05 5.708125)
(0.00187191684 1.633597078e-05 5.708125)
(0.00197591222 1.724352471e-05 5.708125)
(0.0020799076 1.815107865e-05 5.708125)
(0.00218390298 1.905863258e-05 5.708125)
(0.00228789836 1.996618651e-05 5.708125)
(0.00239189374 2.087374044e-05 5.708125)
(0.00249588912 2.178129437e-05 5.708125)
(0.0025998845 2.268884831e-05 5.708125)
(0.002703879881 2.359640224e-05 5.708125)
(0.002807875261 2.450395617e-05 5.708125)
(0.002911870641 2.54115101e-05 5.708125)
(0.003015866021 2.631906404e-05 5.708125)
(0.003119861401 2.722661797e-05 5.708125)
(0.003223856781 2.81341719e-05 5.708125)
(0.003327852161 2.904172583e-05 5.708125)
(0.003431847541 2.994927977e-05 5.708125)
(0.003535842921 3.08568337e-05 5.708125)
(0.003639838301 3.176438763e-05 5.708125)
(0.003743833681 3.267194156e-05 5.708125)
(0.003847829061 3.357949549e-05 5.708125)
(0.003951824441 3.448704943e-05 5.708125)
(0.004055819821 3.539460336e-05 5.708125)
(0.004159815201 3.630215729e-05 5.708125)
(0.004263810581 3.720971122e-05 5.708125)
(0.004367805961 3.811726516e-05 5.708125)
(0.004471801341 3.902481909e-05 5.708125)
(0.004575796721 3.993237302e-05 5.708125)
(0.004679792101 4.083992695e-05 5.708125)
(0.0015599307 -1.361330898e-05 5.7175)
(0.00166392608 -1.452086292e-05 5.7175)
(0.00176792146 -1.542841685e-05 5.7175)
(0.00187191684 -1.633597078e-05 5.7175)
(0.00197591222 -1.724352471e-05 5.7175)
(0.0020799076 -1.815107865e-05 5.7175)
(0.00218390298 -1.905863258e-05 5.7175)
(0.00228789836 -1.996618651e-05 5.7175)
(0.00239189374 -2.087374044e-05 5.7175)
(0.00249588912 -2.178129437e-05 5.7175)
(0.0025998845 -2.268884831e-05 5.7175)
(0.002703879881 -2.359640224e-05 5.7175)
(0.002807875261 -2.450395617e-05 5.7175)
(0.002911870641 -2.54115101e-05 5.7175)
(0.003015866021 -2.631906404e-05 5.7175)
(0.003119861401 -2.722661797e-05 5.7175)
(0.003223856781 -2.81341719e-05 5.7175)
(0.003327852161 -2.904172583e-05 5.7175)
(0.003431847541 -2.994927977e-05 5.7175)
(0.003535842921 -3.08568337e-05 5.7175)
(0.003639838301 -3.176438763e-05 5.7175)
(0.003743833681 -3.267194156e-05 5.7175)
(0.003847829061 -3.357949549e-05 5.7175)
(0.003951824441 -3.448704943e-05 5.7175)
(0.004055819821 -3.539460336e-05 5.7175)
(0.004159815201 -3.630215729e-05 5.7175)
(0.004263810581 -3.720971122e-05 5.7175)
(0.004367805961 -3.811726516e-05 5.7175)
(0.004471801341 -3.902481909e-05 5.7175)
(0.004575796721 -3.993237302e-05 5.7175)
(0.004679792101 -4.083992695e-05 5.7175)
(0.0015599307 1.361330898e-05 5.7175)
(0.00166392608 1.452086292e-05 5.7175)
(0.00176792146 1.542841685e-05 5.7175)
(0.00187191684 1.633597078e-05 5.7175)
(0.00197591222 1.724352471e-05 5.7175)
(0.0020799076 1.815107865e-05 5.7175)
(0.00218390298 1.905863258e-05 5.7175)
(0.00228789836 1.996618651e-05 5.7175)
(0.00239189374 2.087374044e-05 5.7175)
(0.00249588912 2.178129437e-05 5.7175)
(0.0025998845 2.268884831e-05 5.7175)
(0.002703879881 2.359640224e-05 5.7175)
(0.002807875261 2.450395617e-05 5.7175)
(0.002911870641 2.54115101e-05 5.7175)
(0.003015866021 2.631906404e-05 5.7175)
(0.003119861401 2.722661797e-05 5.7175)
(0.003223856781 2.81341719e-05 5.7175)
(0.003327852161 2.904172583e-05 5.7175)
(0.003431847541 2.994927977e-05 5.7175)
(0.003535842921 3.08568337e-05 5.7175)
(0.003639838301 3.176438763e-05 5.7175)
(0.003743833681 3.267194156e-05 5.7175)
(0.003847829061 3.357949549e-05 5.7175)
(0.003951824441 3.448704943e-05 5.7175)
(0.004055819821 3.539460336e-05 5.7175)
(0.004159815201 3.630215729e-05 5.7175)
(0.004263810581 3.720971122e-05 5.7175)
(0.004367805961 3.811726516e-05 5.7175)
(0.004471801341 3.902481909e-05 5.7175)
(0.004575796721 3.993237302e-05 5.7175)
(0.004679792101 4.083992695e-05 5.7175)
(0.0015599307 -1.361330898e-05 5.726875)
(0.00166392608 -1.452086292e-05 5.726875)
(0.00176792146 -1.542841685e-05 5.726875)
(0.00187191684 -1.633597078e-05 5.726875)
(0.00197591222 -1.724352471e-05 5.726875)
(0.0020799076 -1.815107865e-05 5.726875)
(0.00218390298 -1.905863258e-05 5.726875)
(0.00228789836 -1.996618651e-05 5.726875)
(0.00239189374 -2.087374044e-05 5.726875)
(0.00249588912 -2.178129437e-05 5.726875)
(0.0025998845 -2.268884831e-05 5.726875)
(0.002703879881 -2.359640224e-05 5.726875)
(0.002807875261 -2.450395617e-05 5.726875)
(0.002911870641 -2.54115101e-05 5.726875)
(0.003015866021 -2.631906404e-05 5.726875)
(0.003119861401 -2.722661797e-05 5.726875)
(0.003223856781 -2.81341719e-05 5.726875)
(0.003327852161 -2.904172583e-05 5.726875)
(0.003431847541 -2.994927977e-05 5.726875)
(0.003535842921 -3.08568337e-05 5.726875)
(0.003639838301 -3.176438763e-05 5.726875)
(0.003743833681 -3.267194156e-05 5.726875)
(0.003847829061 -3.357949549e-05 5.726875)
(0.003951824441 -3.448704943e-05 5.726875)
(0.004055819821 -3.539460336e-05 5.726875)
(0.004159815201 -3.630215729e-05 5.726875)
(0.004263810581 -3.720971122e-05 5.726875)
(0.004367805961 -3.811726516e-05 5.726875)
(0.004471801341 -3.902481909e-05 5.726875)
(0.004575796721 -3.993237302e-05 5.726875)
(0.004679792101 -4.083992695e-05 5.726875)
(0.0015599307 1.361330898e-05 5.726875)
(0.00166392608 1.452086292e-05 5.726875)
(0.00176792146 1.542841685e-05 5.726875)
(0.00187191684 1.633597078e-05 5.726875)
(0.00197591222 1.724352471e-05 5.726875)
(0.0020799076 1.815107865e-05 5.726875)
(0.00218390298 1.905863258e-05 5.726875)
(0.00228789836 1.996618651e-05 5.726875)
(0.00239189374 2.087374044e-05 5.726875)
(0.00249588912 2.178129437e-05 5.726875)
(0.0025998845 2.268884831e-05 5.726875)
(0.002703879881 2.359640224e-05 5.726875)
(0.002807875261 2.450395617e-05 5.726875)
(0.002911870641 2.54115101e-05 5.726875)
(0.003015866021 2.631906404e-05 5.726875)
(0.003119861401 2.722661797e-05 5.726875)
(0.003223856781 2.81341719e-05 5.726875)
(0.003327852161 2.904172583e-05 5.726875)
(0.003431847541 2.994927977e-05 5.726875)
(0.003535842921 3.08568337e-05 5.726875)
(0.003639838301 3.176438763e-05 5.726875)
(0.003743833681 3.267194156e-05 5.726875)
(0.003847829061 3.357949549e-05 5.726875)
(0.003951824441 3.448704943e-05 5.726875)
(0.004055819821 3.539460336e-05 5.726875)
(0.004159815201 3.630215729e-05 5.726875)
(0.004263810581 3.720971122e-05 5.726875)
(0.004367805961 3.811726516e-05 5.726875)
(0.004471801341 3.902481909e-05 5.726875)
(0.004575796721 3.993237302e-05 5.726875)
(0.004679792101 4.083992695e-05 5.726875)
(0.0015599307 -1.361330898e-05 5.73625)
(0.00166392608 -1.452086292e-05 5.73625)
(0.00176792146 -1.542841685e-05 5.73625)
(0.00187191684 -1.633597078e-05 5.73625)
(0.00197591222 -1.724352471e-05 5.73625)
(0.0020799076 -1.815107865e-05 5.73625)
(0.00218390298 -1.905863258e-05 5.73625)
(0.00228789836 -1.996618651e-05 5.73625)
(0.00239189374 -2.087374044e-05 5.73625)
(0.00249588912 -2.178129437e-05 5.73625)
(0.0025998845 -2.268884831e-05 5.73625)
(0.002703879881 -2.359640224e-05 5.73625)
(0.002807875261 -2.450395617e-05 5.73625)
(0.002911870641 -2.54115101e-05 5.73625)
(0.003015866021 -2.631906404e-05 5.73625)
(0.003119861401 -2.722661797e-05 5.73625)
(0.003223856781 -2.81341719e-05 5.73625)
(0.003327852161 -2.904172583e-05 5.73625)
(0.003431847541 -2.994927977e-05 5.73625)
(0.003535842921 -3.08568337e-05 5.73625)
(0.003639838301 -3.176438763e-05 5.73625)
(0.003743833681 -3.267194156e-05 5.73625)
(0.003847829061 -3.357949549e-05 5.73625)
(0.003951824441 -3.448704943e-05 5.73625)
(0.004055819821 -3.539460336e-05 5.73625)
(0.004159815201 -3.630215729e-05 5.73625)
(0.004263810581 -3.720971122e-05 5.73625)
(0.004367805961 -3.811726516e-05 5.73625)
(0.004471801341 -3.902481909e-05 5.73625)
(0.004575796721 -3.993237302e-05 5.73625)
(0.004679792101 -4.083992695e-05 5.73625)
(0.0015599307 1.361330898e-05 5.73625)
(0.00166392608 1.452086292e-05 5.73625)
(0.00176792146 1.542841685e-05 5.73625)
(0.00187191684 1.633597078e-05 5.73625)
(0.00197591222 1.724352471e-05 5.73625)
(0.0020799076 1.815107865e-05 5.73625)
(0.00218390298 1.905863258e-05 5.73625)
(0.00228789836 1.996618651e-05 5.73625)
(0.00239189374 2.087374044e-05 5.73625)
(0.00249588912 2.178129437e-05 5.73625)
(0.0025998845 2.268884831e-05 5.73625)
(0.002703879881 2.359640224e-05 5.73625)
(0.002807875261 2.450395617e-05 5.73625)
(0.002911870641 2.54115101e-05 5.73625)
(0.003015866021 2.631906404e-05 5.73625)
(0.003119861401 2.722661797e-05 5.73625)
(0.003223856781 2.81341719e-05 5.73625)
(0.003327852161 2.904172583e-05 5.73625)
(0.003431847541 2.994927977e-05 5.73625)
(0.003535842921 3.08568337e-05 5.73625)
(0.003639838301 3.176438763e-05 5.73625)
(0.003743833681 3.267194156e-05 5.73625)
(0.003847829061 3.357949549e-05 5.73625)
(0.003951824441 3.448704943e-05 5.73625)
(0.004055819821 3.539460336e-05 5.73625)
(0.004159815201 3.630215729e-05 5.73625)
(0.004263810581 3.720971122e-05 5.73625)
(0.004367805961 3.811726516e-05 5.73625)
(0.004471801341 3.902481909e-05 5.73625)
(0.004575796721 3.993237302e-05 5.73625)
(0.004679792101 4.083992695e-05 5.73625)
(0.0015599307 -1.361330898e-05 5.745625)
(0.00166392608 -1.452086292e-05 5.745625)
(0.00176792146 -1.542841685e-05 5.745625)
(0.00187191684 -1.633597078e-05 5.745625)
(0.00197591222 -1.724352471e-05 5.745625)
(0.0020799076 -1.815107865e-05 5.745625)
(0.00218390298 -1.905863258e-05 5.745625)
(0.00228789836 -1.996618651e-05 5.745625)
(0.00239189374 -2.087374044e-05 5.745625)
(0.00249588912 -2.178129437e-05 5.745625)
(0.0025998845 -2.268884831e-05 5.745625)
(0.002703879881 -2.359640224e-05 5.745625)
(0.002807875261 -2.450395617e-05 5.745625)
(0.002911870641 -2.54115101e-05 5.745625)
(0.003015866021 -2.631906404e-05 5.745625)
(0.003119861401 -2.722661797e-05 5.745625)
(0.003223856781 -2.81341719e-05 5.745625)
(0.003327852161 -2.904172583e-05 5.745625)
(0.003431847541 -2.994927977e-05 5.745625)
(0.003535842921 -3.08568337e-05 5.745625)
(0.003639838301 -3.176438763e-05 5.745625)
(0.003743833681 -3.267194156e-05 5.745625)
(0.003847829061 -3.357949549e-05 5.745625)
(0.003951824441 -3.448704943e-05 5.745625)
(0.004055819821 -3.539460336e-05 5.745625)
(0.004159815201 -3.630215729e-05 5.745625)
(0.004263810581 -3.720971122e-05 5.745625)
(0.004367805961 -3.811726516e-05 5.745625)
(0.004471801341 -3.902481909e-05 5.745625)
(0.004575796721 -3.993237302e-05 5.745625)
(0.004679792101 -4.083992695e-05 5.745625)
(0.0015599307 1.361330898e-05 5.745625)
(0.00166392608 1.452086292e-05 5.745625)
(0.00176792146 1.542841685e-05 5.745625)
(0.00187191684 1.633597078e-05 5.745625)
(0.00197591222 1.724352471e-05 5.745625)
(0.0020799076 1.815107865e-05 5.745625)
(0.00218390298 1.905863258e-05 5.745625)
(0.00228789836 1.996618651e-05 5.745625)
(0.00239189374 2.087374044e-05 5.745625)
(0.00249588912 2.178129437e-05 5.745625)
(0.0025998845 2.268884831e-05 5.745625)
(0.002703879881 2.359640224e-05 5.745625)
(0.002807875261 2.450395617e-05 5.745625)
(0.002911870641 2.54115101e-05 5.745625)
(0.003015866021 2.631906404e-05 5.745625)
(0.003119861401 2.722661797e-05 5.745625)
(0.003223856781 2.81341719e-05 5.745625)
(0.003327852161 2.904172583e-05 5.745625)
(0.003431847541 2.994927977e-05 5.745625)
(0.003535842921 3.08568337e-05 5.745625)
(0.003639838301 3.176438763e-05 5.745625)
(0.003743833681 3.267194156e-05 5.745625)
(0.003847829061 3.357949549e-05 5.745625)
(0.003951824441 3.448704943e-05 5.745625)
(0.004055819821 3.539460336e-05 5.745625)
(0.004159815201 3.630215729e-05 5.745625)
(0.004263810581 3.720971122e-05 5.745625)
(0.004367805961 3.811726516e-05 5.745625)
(0.004471801341 3.902481909e-05 5.745625)
(0.004575796721 3.993237302e-05 5.745625)
(0.004679792101 4.083992695e-05 5.745625)
(0.0015599307 -1.361330898e-05 5.755)
(0.00166392608 -1.452086292e-05 5.755)
(0.00176792146 -1.542841685e-05 5.755)
(0.00187191684 -1.633597078e-05 5.755)
(0.00197591222 -1.724352471e-05 5.755)
(0.0020799076 -1.815107865e-05 5.755)
(0.00218390298 -1.905863258e-05 5.755)
(0.00228789836 -1.996618651e-05 5.755)
(0.00239189374 -2.087374044e-05 5.755)
(0.00249588912 -2.178129437e-05 5.755)
(0.0025998845 -2.268884831e-05 5.755)
(0.002703879881 -2.359640224e-05 5.755)
(0.002807875261 -2.450395617e-05 5.755)
(0.002911870641 -2.54115101e-05 5.755)
(0.003015866021 -2.631906404e-05 5.755)
(0.003119861401 -2.722661797e-05 5.755)
(0.003223856781 -2.81341719e-05 5.755)
(0.003327852161 -2.904172583e-05 5.755)
(0.003431847541 -2.994927977e-05 5.755)
(0.003535842921 -3.08568337e-05 5.755)
(0.003639838301 -3.176438763e-05 5.755)
(0.003743833681 -3.267194156e-05 5.755)
(0.003847829061 -3.357949549e-05 5.755)
(0.003951824441 -3.448704943e-05 5.755)
(0.004055819821 -3.539460336e-05 5.755)
(0.004159815201 -3.630215729e-05 5.755)
(0.004263810581 -3.720971122e-05 5.755)
(0.004367805961 -3.811726516e-05 5.755)
(0.004471801341 -3.902481909e-05 5.755)
(0.004575796721 -3.993237302e-05 5.755)
(0.004679792101 -4.083992695e-05 5.755)
(0.0015599307 1.361330898e-05 5.755)
(0.00166392608 1.452086292e-05 5.755)
(0.00176792146 1.542841685e-05 5.755)
(0.00187191684 1.633597078e-05 5.755)
(0.00197591222 1.724352471e-05 5.755)
(0.0020799076 1.815107865e-05 5.755)
(0.00218390298 1.905863258e-05 5.755)
(0.00228789836 1.996618651e-05 5.755)
(0.00239189374 2.087374044e-05 5.755)
(0.00249588912 2.178129437e-05 5.755)
(0.0025998845 2.268884831e-05 5.755)
(0.002703879881 2.359640224e-05 5.755)
(0.002807875261 2.450395617e-05 5.755)
(0.002911870641 2.54115101e-05 5.755)
(0.003015866021 2.631906404e-05 5.755)
(0.003119861401 2.722661797e-05 5.755)
(0.003223856781 2.81341719e-05 5.755)
(0.003327852161 2.904172583e-05 5.755)
(0.003431847541 2.994927977e-05 5.755)
(0.003535842921 3.08568337e-05 5.755)
(0.003639838301 3.176438763e-05 5.755)
(0.003743833681 3.267194156e-05 5.755)
(0.003847829061 3.357949549e-05 5.755)
(0.003951824441 3.448704943e-05 5.755)
(0.004055819821 3.539460336e-05 5.755)
(0.004159815201 3.630215729e-05 5.755)
(0.004263810581 3.720971122e-05 5.755)
(0.004367805961 3.811726516e-05 5.755)
(0.004471801341 3.902481909e-05 5.755)
(0.004575796721 3.993237302e-05 5.755)
(0.004679792101 4.083992695e-05 5.755)
(0.004834785215 -4.219253137e-05 3.826228)
(0.004884782994 -4.262885538e-05 3.826228)
(0.004934780773 -4.306517938e-05 3.826228)
(0.004984778552 -4.350150339e-05 3.826228)
(0.005034776331 -4.393782739e-05 3.826228)
(0.00508477411 -4.43741514e-05 3.826228)
(0.005134771888 -4.481047541e-05 3.826228)
(0.005184769667 -4.524679941e-05 3.826228)
(0.005234767446 -4.568312342e-05 3.826228)
(0.005284765225 -4.611944742e-05 3.826228)
(0.005334763004 -4.655577143e-05 3.826228)
(0.004834785215 4.219253137e-05 3.826228)
(0.004884782994 4.262885538e-05 3.826228)
(0.004934780773 4.306517938e-05 3.826228)
(0.004984778552 4.350150339e-05 3.826228)
(0.005034776331 4.393782739e-05 3.826228)
(0.00508477411 4.43741514e-05 3.826228)
(0.005134771888 4.481047541e-05 3.826228)
(0.005184769667 4.524679941e-05 3.826228)
(0.005234767446 4.568312342e-05 3.826228)
(0.005284765225 4.611944742e-05 3.826228)
(0.005334763004 4.655577143e-05 3.826228)
(0.004834785215 -4.219253137e-05 3.857187067)
(0.004884782994 -4.262885538e-05 3.857187067)
(0.004934780773 -4.306517938e-05 3.857187067)
(0.004984778552 -4.350150339e-05 3.857187067)
(0.005034776331 -4.393782739e-05 3.857187067)
(0.00508477411 -4.43741514e-05 3.857187067)
(0.005134771888 -4.481047541e-05 3.857187067)
(0.005184769667 -4.524679941e-05 3.857187067)
(0.005234767446 -4.568312342e-05 3.857187067)
(0.005284765225 -4.611944742e-05 3.857187067)
(0.005334763004 -4.655577143e-05 3.857187067)
(0.004834785215 4.219253137e-05 3.857187067)
(0.004884782994 4.262885538e-05 3.857187067)
(0.004934780773 4.306517938e-05 3.857187067)
(0.004984778552 4.350150339e-05 3.857187067)
(0.005034776331 4.393782739e-05 3.857187067)
(0.00508477411 4.43741514e-05 3.857187067)
(0.005134771888 4.481047541e-05 3.857187067)
(0.005184769667 4.524679941e-05 3.857187067)
(0.005234767446 4.568312342e-05 3.857187067)
(0.005284765225 4.611944742e-05 3.857187067)
(0.005334763004 4.655577143e-05 3.857187067)
(0.004834785215 -4.219253137e-05 3.888146133)
(0.004884782994 -4.262885538e-05 3.888146133)
(0.004934780773 -4.306517938e-05 3.888146133)
(0.004984778552 -4.350150339e-05 3.888146133)
(0.005034776331 -4.393782739e-05 3.888146133)
(0.00508477411 -4.43741514e-05 3.888146133)
(0.005134771888 -4.481047541e-05 3.888146133)
(0.005184769667 -4.524679941e-05 3.888146133)
(0.005234767446 -4.568312342e-05 3.888146133)
(0.005284765225 -4.611944742e-05 3.888146133)
(0.005334763004 -4.655577143e-05 3.888146133)
(0.004834785215 4.219253137e-05 3.888146133)
(0.004884782994 4.262885538e-05 3.888146133)
(0.004934780773 4.306517938e-05 3.888146133)
(0.004984778552 4.350150339e-05 3.888146133)
(0.005034776331 4.393782739e-05 3.888146133)
(0.00508477411 4.43741514e-05 3.888146133)
(0.005134771888 4.481047541e-05 3.888146133)
(0.005184769667 4.524679941e-05 3.888146133)
(0.005234767446 4.568312342e-05 3.888146133)
(0.005284765225 4.611944742e-05 3.888146133)
(0.005334763004 4.655577143e-05 3.888146133)
(0.004834785215 -4.219253137e-05 3.9191052)
(0.004884782994 -4.262885538e-05 3.9191052)
(0.004934780773 -4.306517938e-05 3.9191052)
(0.004984778552 -4.350150339e-05 3.9191052)
(0.005034776331 -4.393782739e-05 3.9191052)
(0.00508477411 -4.43741514e-05 3.9191052)
(0.005134771888 -4.481047541e-05 3.9191052)
(0.005184769667 -4.524679941e-05 3.9191052)
(0.005234767446 -4.568312342e-05 3.9191052)
(0.005284765225 -4.611944742e-05 3.9191052)
(0.005334763004 -4.655577143e-05 3.9191052)
(0.004834785215 4.219253137e-05 3.9191052)
(0.004884782994 4.262885538e-05 3.9191052)
(0.004934780773 4.306517938e-05 3.9191052)
(0.004984778552 4.350150339e-05 3.9191052)
(0.005034776331 4.393782739e-05 3.9191052)
(0.00508477411 4.43741514e-05 3.9191052)
(0.005134771888 4.481047541e-05 3.9191052)
(0.005184769667 4.524679941e-05 3.9191052)
(0.005234767446 4.568312342e-05 3.9191052)
(0.005284765225 4.611944742e-05 3.9191052)
(0.005334763004 4.655577143e-05 3.9191052)
(0.004834785215 -4.219253137e-05 3.950064267)
(0.004884782994 -4.262885538e-05 3.950064267)
(0.004934780773 -4.306517938e-05 3.950064267)
(0.004984778552 -4.350150339e-05 3.950064267)
(0.005034776331 -4.393782739e-05 3.950064267)
(0.00508477411 -4.43741514e-05 3.950064267)
(0.005134771888 -4.481047541e-05 3.950064267)
(0.005184769667 -4.524679941e-05 3.950064267)
(0.005234767446 -4.568312342e-05 3.950064267)
(0.005284765225 -4.611944742e-05 3.950064267)
(0.005334763004 -4.655577143e-05 3.950064267)
(0.004834785215 4.219253137e-05 3.950064267)
(0.004884782994 4.262885538e-05 3.950064267)
(0.004934780773 4.306517938e-05 3.950064267)
(0.004984778552 4.350150339e-05 3.950064267)
(0.005034776331 4.393782739e-05 3.950064267)
(0.00508477411 4.43741514e-05 3.950064267)
(0.005134771888 4.481047541e-05 3.950064267)
(0.005184769667 4.524679941e-05 3.950064267)
(0.005234767446 4.568312342e-05 3.950064267)
(0.005284765225 4.611944742e-05 3.950064267)
(0.005334763004 4.655577143e-05 3.950064267)
(0.004834785215 -4.219253137e-05 3.981023333)
(0.004884782994 -4.262885538e-05 3.981023333)
(0.004934780773 -4.306517938e-05 3.981023333)
(0.004984778552 -4.350150339e-05 3.981023333)
(0.005034776331 -4.393782739e-05 3.981023333)
(0.00508477411 -4.43741514e-05 3.981023333)
(0.005134771888 -4.481047541e-05 3.981023333)
(0.005184769667 -4.524679941e-05 3.981023333)
(0.005234767446 -4.568312342e-05 3.981023333)
(0.005284765225 -4.611944742e-05 3.981023333)
(0.005334763004 -4.655577143e-05 3.981023333)
(0.004834785215 4.219253137e-05 3.981023333)
(0.004884782994 4.262885538e-05 3.981023333)
(0.004934780773 4.306517938e-05 3.981023333)
(0.004984778552 4.350150339e-05 3.981023333)
(0.005034776331 4.393782739e-05 3.981023333)
(0.00508477411 4.43741514e-05 3.981023333)
(0.005134771888 4.481047541e-05 3.981023333)
(0.005184769667 4.524679941e-05 3.981023333)
(0.005234767446 4.568312342e-05 3.981023333)
(0.005284765225 4.611944742e-05 3.981023333)
(0.005334763004 4.655577143e-05 3.981023333)
(0.004834785215 -4.219253137e-05 4.0119824)
(0.004884782994 -4.262885538e-05 4.0119824)
(0.004934780773 -4.306517938e-05 4.0119824)
(0.004984778552 -4.350150339e-05 4.0119824)
(0.005034776331 -4.393782739e-05 4.0119824)
(0.00508477411 -4.43741514e-05 4.0119824)
(0.005134771888 -4.481047541e-05 4.0119824)
(0.005184769667 -4.524679941e-05 4.0119824)
(0.005234767446 -4.568312342e-05 4.0119824)
(0.005284765225 -4.611944742e-05 4.0119824)
(0.005334763004 -4.655577143e-05 4.0119824)
(0.004834785215 4.219253137e-05 4.0119824)
(0.004884782994 4.262885538e-05 4.0119824)
(0.004934780773 4.306517938e-05 4.0119824)
(0.004984778552 4.350150339e-05 4.0119824)
(0.005034776331 4.393782739e-05 4.0119824)
(0.00508477411 4.43741514e-05 4.0119824)
(0.005134771888 4.481047541e-05 4.0119824)
(0.005184769667 4.524679941e-05 4.0119824)
(0.005234767446 4.568312342e-05 4.0119824)
(0.005284765225 4.611944742e-05 4.0119824)
(0.005334763004 4.655577143e-05 4.0119824)
(0.004834785215 -4.219253137e-05 4.042941467)
(0.004884782994 -4.262885538e-05 4.042941467)
(0.004934780773 -4.306517938e-05 4.042941467)
(0.004984778552 -4.350150339e-05 4.042941467)
(0.005034776331 -4.393782739e-05 4.042941467)
(0.00508477411 -4.43741514e-05 4.042941467)
(0.005134771888 -4.481047541e-05 4.042941467)
(0.005184769667 -4.524679941e-05 4.042941467)
(0.005234767446 -4.568312342e-05 4.042941467)
(0.005284765225 -4.611944742e-05 4.042941467)
(0.005334763004 -4.655577143e-05 4.042941467)
(0.004834785215 4.219253137e-05 4.042941467)
(0.004884782994 4.262885538e-05 4.042941467)
(0.004934780773 4.306517938e-05 4.042941467)
(0.004984778552 4.350150339e-05 4.042941467)
(0.005034776331 4.393782739e-05 4.042941467)
(0.00508477411 4.43741514e-05 4.042941467)
(0.005134771888 4.481047541e-05 4.042941467)
(0.005184769667 4.524679941e-05 4.042941467)
(0.005234767446 4.568312342e-05 4.042941467)
(0.005284765225 4.611944742e-05 4.042941467)
(0.005334763004 4.655577143e-05 4.042941467)
(0.004834785215 -4.219253137e-05 4.073900533)
(0.004884782994 -4.262885538e-05 4.073900533)
(0.004934780773 -4.306517938e-05 4.073900533)
(0.004984778552 -4.350150339e-05 4.073900533)
(0.005034776331 -4.393782739e-05 4.073900533)
(0.00508477411 -4.43741514e-05 4.073900533)
(0.005134771888 -4.481047541e-05 4.073900533)
(0.005184769667 -4.524679941e-05 4.073900533)
(0.005234767446 -4.568312342e-05 4.073900533)
(0.005284765225 -4.611944742e-05 4.073900533)
(0.005334763004 -4.655577143e-05 4.073900533)
(0.004834785215 4.219253137e-05 4.073900533)
(0.004884782994 4.262885538e-05 4.073900533)
(0.004934780773 4.306517938e-05 4.073900533)
(0.004984778552 4.350150339e-05 4.073900533)
(0.005034776331 4.393782739e-05 4.073900533)
(0.00508477411 4.43741514e-05 4.073900533)
(0.005134771888 4.481047541e-05 4.073900533)
(0.005184769667 4.524679941e-05 4.073900533)
(0.005234767446 4.568312342e-05 4.073900533)
(0.005284765225 4.611944742e-05 4.073900533)
(0.005334763004 4.655577143e-05 4.073900533)
(0.004834785215 -4.219253137e-05 4.1048596)
(0.004884782994 -4.262885538e-05 4.1048596)
(0.004934780773 -4.306517938e-05 4.1048596)
(0.004984778552 -4.350150339e-05 4.1048596)
(0.005034776331 -4.393782739e-05 4.1048596)
(0.00508477411 -4.43741514e-05 4.1048596)
(0.005134771888 -4.481047541e-05 4.1048596)
(0.005184769667 -4.524679941e-05 4.1048596)
(0.005234767446 -4.568312342e-05 4.1048596)
(0.005284765225 -4.611944742e-05 4.1048596)
(0.005334763004 -4.655577143e-05 4.1048596)
(0.004834785215 4.219253137e-05 4.1048596)
(0.004884782994 4.262885538e-05 4.1048596)
(0.004934780773 4.306517938e-05 4.1048596)
(0.004984778552 4.350150339e-05 4.1048596)
(0.005034776331 4.393782739e-05 4.1048596)
(0.00508477411 4.43741514e-05 4.1048596)
(0.005134771888 4.481047541e-05 4.1048596)
(0.005184769667 4.524679941e-05 4.1048596)
(0.005234767446 4.568312342e-05 4.1048596)
(0.005284765225 4.611944742e-05 4.1048596)
(0.005334763004 4.655577143e-05 4.1048596)
(0.004834785215 -4.219253137e-05 4.135818667)
(0.004884782994 -4.262885538e-05 4.135818667)
(0.004934780773 -4.306517938e-05 4.135818667)
(0.004984778552 -4.350150339e-05 4.135818667)
(0.005034776331 -4.393782739e-05 4.135818667)
(0.00508477411 -4.43741514e-05 4.135818667)
(0.005134771888 -4.481047541e-05 4.135818667)
(0.005184769667 -4.524679941e-05 4.135818667)
(0.005234767446 -4.568312342e-05 4.135818667)
(0.005284765225 -4.611944742e-05 4.135818667)
(0.005334763004 -4.655577143e-05 4.135818667)
(0.004834785215 4.219253137e-05 4.135818667)
(0.004884782994 4.262885538e-05 4.135818667)
(0.004934780773 4.306517938e-05 4.135818667)
(0.004984778552 4.350150339e-05 4.135818667)
(0.005034776331 4.393782739e-05 4.135818667)
(0.00508477411 4.43741514e-05 4.135818667)
(0.005134771888 4.481047541e-05 4.135818667)
(0.005184769667 4.524679941e-05 4.135818667)
(0.005234767446 4.568312342e-05 4.135818667)
(0.005284765225 4.611944742e-05 4.135818667)
(0.005334763004 4.655577143e-05 4.135818667)
(0.004834785215 -4.219253137e-05 4.166777733)
(0.004884782994 -4.262885538e-05 4.166777733)
(0.004934780773 -4.306517938e-05 4.166777733)
(0.004984778552 -4.350150339e-05 4.166777733)
(0.005034776331 -4.393782739e-05 4.166777733)
(0.00508477411 -4.43741514e-05 4.166777733)
(0.005134771888 -4.481047541e-05 4.166777733)
(0.005184769667 -4.524679941e-05 4.166777733)
(0.005234767446 -4.568312342e-05 4.166777733)
(0.005284765225 -4.611944742e-05 4.166777733)
(0.005334763004 -4.655577143e-05 4.166777733)
(0.004834785215 4.219253137e-05 4.166777733)
(0.004884782994 4.262885538e-05 4.166777733)
(0.004934780773 4.306517938e-05 4.166777733)
(0.004984778552 4.350150339e-05 4.166777733)
(0.005034776331 4.393782739e-05 4.166777733)
(0.00508477411 4.43741514e-05 4.166777733)
(0.005134771888 4.481047541e-05 4.166777733)
(0.005184769667 4.524679941e-05 4.166777733)
(0.005234767446 4.568312342e-05 4.166777733)
(0.005284765225 4.611944742e-05 4.166777733)
(0.005334763004 4.655577143e-05 4.166777733)
(0.004834785215 -4.219253137e-05 4.1977368)
(0.004884782994 -4.262885538e-05 4.1977368)
(0.004934780773 -4.306517938e-05 4.1977368)
(0.004984778552 -4.350150339e-05 4.1977368)
(0.005034776331 -4.393782739e-05 4.1977368)
(0.00508477411 -4.43741514e-05 4.1977368)
(0.005134771888 -4.481047541e-05 4.1977368)
(0.005184769667 -4.524679941e-05 4.1977368)
(0.005234767446 -4.568312342e-05 4.1977368)
(0.005284765225 -4.611944742e-05 4.1977368)
(0.005334763004 -4.655577143e-05 4.1977368)
(0.004834785215 4.219253137e-05 4.1977368)
(0.004884782994 4.262885538e-05 4.1977368)
(0.004934780773 4.306517938e-05 4.1977368)
(0.004984778552 4.350150339e-05 4.1977368)
(0.005034776331 4.393782739e-05 4.1977368)
(0.00508477411 4.43741514e-05 4.1977368)
(0.005134771888 4.481047541e-05 4.1977368)
(0.005184769667 4.524679941e-05 4.1977368)
(0.005234767446 4.568312342e-05 4.1977368)
(0.005284765225 4.611944742e-05 4.1977368)
(0.005334763004 4.655577143e-05 4.1977368)
(0.004834785215 -4.219253137e-05 4.228695867)
(0.004884782994 -4.262885538e-05 4.228695867)
(0.004934780773 -4.306517938e-05 4.228695867)
(0.004984778552 -4.350150339e-05 4.228695867)
(0.005034776331 -4.393782739e-05 4.228695867)
(0.00508477411 -4.43741514e-05 4.228695867)
(0.005134771888 -4.481047541e-05 4.228695867)
(0.005184769667 -4.524679941e-05 4.228695867)
(0.005234767446 -4.568312342e-05 4.228695867)
(0.005284765225 -4.611944742e-05 4.228695867)
(0.005334763004 -4.655577143e-05 4.228695867)
(0.004834785215 4.219253137e-05 4.228695867)
(0.004884782994 4.262885538e-05 4.228695867)
(0.004934780773 4.306517938e-05 4.228695867)
(0.004984778552 4.350150339e-05 4.228695867)
(0.005034776331 4.393782739e-05 4.228695867)
(0.00508477411 4.43741514e-05 4.228695867)
(0.005134771888 4.481047541e-05 4.228695867)
(0.005184769667 4.524679941e-05 4.228695867)
(0.005234767446 4.568312342e-05 4.228695867)
(0.005284765225 4.611944742e-05 4.228695867)
(0.005334763004 4.655577143e-05 4.228695867)
(0.004834785215 -4.219253137e-05 4.259654933)
(0.004884782994 -4.262885538e-05 4.259654933)
(0.004934780773 -4.306517938e-05 4.259654933)
(0.004984778552 -4.350150339e-05 4.259654933)
(0.005034776331 -4.393782739e-05 4.259654933)
(0.00508477411 -4.43741514e-05 4.259654933)
(0.005134771888 -4.481047541e-05 4.259654933)
(0.005184769667 -4.524679941e-05 4.259654933)
(0.005234767446 -4.568312342e-05 4.259654933)
(0.005284765225 -4.611944742e-05 4.259654933)
(0.005334763004 -4.655577143e-05 4.259654933)
(0.004834785215 4.219253137e-05 4.259654933)
(0.004884782994 4.262885538e-05 4.259654933)
(0.004934780773 4.306517938e-05 4.259654933)
(0.004984778552 4.350150339e-05 4.259654933)
(0.005034776331 4.393782739e-05 4.259654933)
(0.00508477411 4.43741514e-05 4.259654933)
(0.005134771888 4.481047541e-05 4.259654933)
(0.005184769667 4.524679941e-05 4.259654933)
(0.005234767446 4.568312342e-05 4.259654933)
(0.005284765225 4.611944742e-05 4.259654933)
(0.005334763004 4.655577143e-05 4.259654933)
(0.004834785215 -4.219253137e-05 4.290614)
(0.004884782994 -4.262885538e-05 4.290614)
(0.004934780773 -4.306517938e-05 4.290614)
(0.004984778552 -4.350150339e-05 4.290614)
(0.005034776331 -4.393782739e-05 4.290614)
(0.00508477411 -4.43741514e-05 4.290614)
(0.005134771888 -4.481047541e-05 4.290614)
(0.005184769667 -4.524679941e-05 4.290614)
(0.005234767446 -4.568312342e-05 4.290614)
(0.005284765225 -4.611944742e-05 4.290614)
(0.005334763004 -4.655577143e-05 4.290614)
(0.004834785215 4.219253137e-05 4.290614)
(0.004884782994 4.262885538e-05 4.290614)
(0.004934780773 4.306517938e-05 4.290614)
(0.004984778552 4.350150339e-05 4.290614)
(0.005034776331 4.393782739e-05 4.290614)
(0.00508477411 4.43741514e-05 4.290614)
(0.005134771888 4.481047541e-05 4.290614)
(0.005184769667 4.524679941e-05 4.290614)
(0.005234767446 4.568312342e-05 4.290614)
(0.005284765225 4.611944742e-05 4.290614)
(0.005334763004 4.655577143e-05 4.290614)
(0.004834785215 -4.219253137e-05 4.321573067)
(0.004884782994 -4.262885538e-05 4.321573067)
(0.004934780773 -4.306517938e-05 4.321573067)
(0.004984778552 -4.350150339e-05 4.321573067)
(0.005034776331 -4.393782739e-05 4.321573067)
(0.00508477411 -4.43741514e-05 4.321573067)
(0.005134771888 -4.481047541e-05 4.321573067)
(0.005184769667 -4.524679941e-05 4.321573067)
(0.005234767446 -4.568312342e-05 4.321573067)
(0.005284765225 -4.611944742e-05 4.321573067)
(0.005334763004 -4.655577143e-05 4.321573067)
(0.004834785215 4.219253137e-05 4.321573067)
(0.004884782994 4.262885538e-05 4.321573067)
(0.004934780773 4.306517938e-05 4.321573067)
(0.004984778552 4.350150339e-05 4.321573067)
(0.005034776331 4.393782739e-05 4.321573067)
(0.00508477411 4.43741514e-05 4.321573067)
(0.005134771888 4.481047541e-05 4.321573067)
(0.005184769667 4.524679941e-05 4.321573067)
(0.005234767446 4.568312342e-05 4.321573067)
(0.005284765225 4.611944742e-05 4.321573067)
(0.005334763004 4.655577143e-05 4.321573067)
(0.004834785215 -4.219253137e-05 4.352532133)
(0.004884782994 -4.262885538e-05 4.352532133)
(0.004934780773 -4.306517938e-05 4.352532133)
(0.004984778552 -4.350150339e-05 4.352532133)
(0.005034776331 -4.393782739e-05 4.352532133)
(0.00508477411 -4.43741514e-05 4.352532133)
(0.005134771888 -4.481047541e-05 4.352532133)
(0.005184769667 -4.524679941e-05 4.352532133)
(0.005234767446 -4.568312342e-05 4.352532133)
(0.005284765225 -4.611944742e-05 4.352532133)
(0.005334763004 -4.655577143e-05 4.352532133)
(0.004834785215 4.219253137e-05 4.352532133)
(0.004884782994 4.262885538e-05 4.352532133)
(0.004934780773 4.306517938e-05 4.352532133)
(0.004984778552 4.350150339e-05 4.352532133)
(0.005034776331 4.393782739e-05 4.352532133)
(0.00508477411 4.43741514e-05 4.352532133)
(0.005134771888 4.481047541e-05 4.352532133)
(0.005184769667 4.524679941e-05 4.352532133)
(0.005234767446 4.568312342e-05 4.352532133)
(0.005284765225 4.611944742e-05 4.352532133)
(0.005334763004 4.655577143e-05 4.352532133)
(0.004834785215 -4.219253137e-05 4.3834912)
(0.004884782994 -4.262885538e-05 4.3834912)
(0.004934780773 -4.306517938e-05 4.3834912)
(0.004984778552 -4.350150339e-05 4.3834912)
(0.005034776331 -4.393782739e-05 4.3834912)
(0.00508477411 -4.43741514e-05 4.3834912)
(0.005134771888 -4.481047541e-05 4.3834912)
(0.005184769667 -4.524679941e-05 4.3834912)
(0.005234767446 -4.568312342e-05 4.3834912)
(0.005284765225 -4.611944742e-05 4.3834912)
(0.005334763004 -4.655577143e-05 4.3834912)
(0.004834785215 4.219253137e-05 4.3834912)
(0.004884782994 4.262885538e-05 4.3834912)
(0.004934780773 4.306517938e-05 4.3834912)
(0.004984778552 4.350150339e-05 4.3834912)
(0.005034776331 4.393782739e-05 4.3834912)
(0.00508477411 4.43741514e-05 4.3834912)
(0.005134771888 4.481047541e-05 4.3834912)
(0.005184769667 4.524679941e-05 4.3834912)
(0.005234767446 4.568312342e-05 4.3834912)
(0.005284765225 4.611944742e-05 4.3834912)
(0.005334763004 4.655577143e-05 4.3834912)
(0.004834785215 -4.219253137e-05 4.414450267)
(0.004884782994 -4.262885538e-05 4.414450267)
(0.004934780773 -4.306517938e-05 4.414450267)
(0.004984778552 -4.350150339e-05 4.414450267)
(0.005034776331 -4.393782739e-05 4.414450267)
(0.00508477411 -4.43741514e-05 4.414450267)
(0.005134771888 -4.481047541e-05 4.414450267)
(0.005184769667 -4.524679941e-05 4.414450267)
(0.005234767446 -4.568312342e-05 4.414450267)
(0.005284765225 -4.611944742e-05 4.414450267)
(0.005334763004 -4.655577143e-05 4.414450267)
(0.004834785215 4.219253137e-05 4.414450267)
(0.004884782994 4.262885538e-05 4.414450267)
(0.004934780773 4.306517938e-05 4.414450267)
(0.004984778552 4.350150339e-05 4.414450267)
(0.005034776331 4.393782739e-05 4.414450267)
(0.00508477411 4.43741514e-05 4.414450267)
(0.005134771888 4.481047541e-05 4.414450267)
(0.005184769667 4.524679941e-05 4.414450267)
(0.005234767446 4.568312342e-05 4.414450267)
(0.005284765225 4.611944742e-05 4.414450267)
(0.005334763004 4.655577143e-05 4.414450267)
(0.004834785215 -4.219253137e-05 4.445409333)
(0.004884782994 -4.262885538e-05 4.445409333)
(0.004934780773 -4.306517938e-05 4.445409333)
(0.004984778552 -4.350150339e-05 4.445409333)
(0.005034776331 -4.393782739e-05 4.445409333)
(0.00508477411 -4.43741514e-05 4.445409333)
(0.005134771888 -4.481047541e-05 4.445409333)
(0.005184769667 -4.524679941e-05 4.445409333)
(0.005234767446 -4.568312342e-05 4.445409333)
(0.005284765225 -4.611944742e-05 4.445409333)
(0.005334763004 -4.655577143e-05 4.445409333)
(0.004834785215 4.219253137e-05 4.445409333)
(0.004884782994 4.262885538e-05 4.445409333)
(0.004934780773 4.306517938e-05 4.445409333)
(0.004984778552 4.350150339e-05 4.445409333)
(0.005034776331 4.393782739e-05 4.445409333)
(0.00508477411 4.43741514e-05 4.445409333)
(0.005134771888 4.481047541e-05 4.445409333)
(0.005184769667 4.524679941e-05 4.445409333)
(0.005234767446 4.568312342e-05 4.445409333)
(0.005284765225 4.611944742e-05 4.445409333)
(0.005334763004 4.655577143e-05 4.445409333)
(0.004834785215 -4.219253137e-05 4.4763684)
(0.004884782994 -4.262885538e-05 4.4763684)
(0.004934780773 -4.306517938e-05 4.4763684)
(0.004984778552 -4.350150339e-05 4.4763684)
(0.005034776331 -4.393782739e-05 4.4763684)
(0.00508477411 -4.43741514e-05 4.4763684)
(0.005134771888 -4.481047541e-05 4.4763684)
(0.005184769667 -4.524679941e-05 4.4763684)
(0.005234767446 -4.568312342e-05 4.4763684)
(0.005284765225 -4.611944742e-05 4.4763684)
(0.005334763004 -4.655577143e-05 4.4763684)
(0.004834785215 4.219253137e-05 4.4763684)
(0.004884782994 4.262885538e-05 4.4763684)
(0.004934780773 4.306517938e-05 4.4763684)
(0.004984778552 4.350150339e-05 4.4763684)
(0.005034776331 4.393782739e-05 4.4763684)
(0.00508477411 4.43741514e-05 4.4763684)
(0.005134771888 4.481047541e-05 4.4763684)
(0.005184769667 4.524679941e-05 4.4763684)
(0.005234767446 4.568312342e-05 4.4763684)
(0.005284765225 4.611944742e-05 4.4763684)
(0.005334763004 4.655577143e-05 4.4763684)
(0.004834785215 -4.219253137e-05 4.507327467)
(0.004884782994 -4.262885538e-05 4.507327467)
(0.004934780773 -4.306517938e-05 4.507327467)
(0.004984778552 -4.350150339e-05 4.507327467)
(0.005034776331 -4.393782739e-05 4.507327467)
(0.00508477411 -4.43741514e-05 4.507327467)
(0.005134771888 -4.481047541e-05 4.507327467)
(0.005184769667 -4.524679941e-05 4.507327467)
(0.005234767446 -4.568312342e-05 4.507327467)
(0.005284765225 -4.611944742e-05 4.507327467)
(0.005334763004 -4.655577143e-05 4.507327467)
(0.004834785215 4.219253137e-05 4.507327467)
(0.004884782994 4.262885538e-05 4.507327467)
(0.004934780773 4.306517938e-05 4.507327467)
(0.004984778552 4.350150339e-05 4.507327467)
(0.005034776331 4.393782739e-05 4.507327467)
(0.00508477411 4.43741514e-05 4.507327467)
(0.005134771888 4.481047541e-05 4.507327467)
(0.005184769667 4.524679941e-05 4.507327467)
(0.005234767446 4.568312342e-05 4.507327467)
(0.005284765225 4.611944742e-05 4.507327467)
(0.005334763004 4.655577143e-05 4.507327467)
(0.004834785215 -4.219253137e-05 4.538286533)
(0.004884782994 -4.262885538e-05 4.538286533)
(0.004934780773 -4.306517938e-05 4.538286533)
(0.004984778552 -4.350150339e-05 4.538286533)
(0.005034776331 -4.393782739e-05 4.538286533)
(0.00508477411 -4.43741514e-05 4.538286533)
(0.005134771888 -4.481047541e-05 4.538286533)
(0.005184769667 -4.524679941e-05 4.538286533)
(0.005234767446 -4.568312342e-05 4.538286533)
(0.005284765225 -4.611944742e-05 4.538286533)
(0.005334763004 -4.655577143e-05 4.538286533)
(0.004834785215 4.219253137e-05 4.538286533)
(0.004884782994 4.262885538e-05 4.538286533)
(0.004934780773 4.306517938e-05 4.538286533)
(0.004984778552 4.350150339e-05 4.538286533)
(0.005034776331 4.393782739e-05 4.538286533)
(0.00508477411 4.43741514e-05 4.538286533)
(0.005134771888 4.481047541e-05 4.538286533)
(0.005184769667 4.524679941e-05 4.538286533)
(0.005234767446 4.568312342e-05 4.538286533)
(0.005284765225 4.611944742e-05 4.538286533)
(0.005334763004 4.655577143e-05 4.538286533)
(0.004834785215 -4.219253137e-05 4.5692456)
(0.004884782994 -4.262885538e-05 4.5692456)
(0.004934780773 -4.306517938e-05 4.5692456)
(0.004984778552 -4.350150339e-05 4.5692456)
(0.005034776331 -4.393782739e-05 4.5692456)
(0.00508477411 -4.43741514e-05 4.5692456)
(0.005134771888 -4.481047541e-05 4.5692456)
(0.005184769667 -4.524679941e-05 4.5692456)
(0.005234767446 -4.568312342e-05 4.5692456)
(0.005284765225 -4.611944742e-05 4.5692456)
(0.005334763004 -4.655577143e-05 4.5692456)
(0.004834785215 4.219253137e-05 4.5692456)
(0.004884782994 4.262885538e-05 4.5692456)
(0.004934780773 4.306517938e-05 4.5692456)
(0.004984778552 4.350150339e-05 4.5692456)
(0.005034776331 4.393782739e-05 4.5692456)
(0.00508477411 4.43741514e-05 4.5692456)
(0.005134771888 4.481047541e-05 4.5692456)
(0.005184769667 4.524679941e-05 4.5692456)
(0.005234767446 4.568312342e-05 4.5692456)
(0.005284765225 4.611944742e-05 4.5692456)
(0.005334763004 4.655577143e-05 4.5692456)
(0.004834785215 -4.219253137e-05 4.600204667)
(0.004884782994 -4.262885538e-05 4.600204667)
(0.004934780773 -4.306517938e-05 4.600204667)
(0.004984778552 -4.350150339e-05 4.600204667)
(0.005034776331 -4.393782739e-05 4.600204667)
(0.00508477411 -4.43741514e-05 4.600204667)
(0.005134771888 -4.481047541e-05 4.600204667)
(0.005184769667 -4.524679941e-05 4.600204667)
(0.005234767446 -4.568312342e-05 4.600204667)
(0.005284765225 -4.611944742e-05 4.600204667)
(0.005334763004 -4.655577143e-05 4.600204667)
(0.004834785215 4.219253137e-05 4.600204667)
(0.004884782994 4.262885538e-05 4.600204667)
(0.004934780773 4.306517938e-05 4.600204667)
(0.004984778552 4.350150339e-05 4.600204667)
(0.005034776331 4.393782739e-05 4.600204667)
(0.00508477411 4.43741514e-05 4.600204667)
(0.005134771888 4.481047541e-05 4.600204667)
(0.005184769667 4.524679941e-05 4.600204667)
(0.005234767446 4.568312342e-05 4.600204667)
(0.005284765225 4.611944742e-05 4.600204667)
(0.005334763004 4.655577143e-05 4.600204667)
(0.004834785215 -4.219253137e-05 4.631163733)
(0.004884782994 -4.262885538e-05 4.631163733)
(0.004934780773 -4.306517938e-05 4.631163733)
(0.004984778552 -4.350150339e-05 4.631163733)
(0.005034776331 -4.393782739e-05 4.631163733)
(0.00508477411 -4.43741514e-05 4.631163733)
(0.005134771888 -4.481047541e-05 4.631163733)
(0.005184769667 -4.524679941e-05 4.631163733)
(0.005234767446 -4.568312342e-05 4.631163733)
(0.005284765225 -4.611944742e-05 4.631163733)
(0.005334763004 -4.655577143e-05 4.631163733)
(0.004834785215 4.219253137e-05 4.631163733)
(0.004884782994 4.262885538e-05 4.631163733)
(0.004934780773 4.306517938e-05 4.631163733)
(0.004984778552 4.350150339e-05 4.631163733)
(0.005034776331 4.393782739e-05 4.631163733)
(0.00508477411 4.43741514e-05 4.631163733)
(0.005134771888 4.481047541e-05 4.631163733)
(0.005184769667 4.524679941e-05 4.631163733)
(0.005234767446 4.568312342e-05 4.631163733)
(0.005284765225 4.611944742e-05 4.631163733)
(0.005334763004 4.655577143e-05 4.631163733)
(0.004834785215 -4.219253137e-05 4.6621228)
(0.004884782994 -4.262885538e-05 4.6621228)
(0.004934780773 -4.306517938e-05 4.6621228)
(0.004984778552 -4.350150339e-05 4.6621228)
(0.005034776331 -4.393782739e-05 4.6621228)
(0.00508477411 -4.43741514e-05 4.6621228)
(0.005134771888 -4.481047541e-05 4.6621228)
(0.005184769667 -4.524679941e-05 4.6621228)
(0.005234767446 -4.568312342e-05 4.6621228)
(0.005284765225 -4.611944742e-05 4.6621228)
(0.005334763004 -4.655577143e-05 4.6621228)
(0.004834785215 4.219253137e-05 4.6621228)
(0.004884782994 4.262885538e-05 4.6621228)
(0.004934780773 4.306517938e-05 4.6621228)
(0.004984778552 4.350150339e-05 4.6621228)
(0.005034776331 4.393782739e-05 4.6621228)
(0.00508477411 4.43741514e-05 4.6621228)
(0.005134771888 4.481047541e-05 4.6621228)
(0.005184769667 4.524679941e-05 4.6621228)
(0.005234767446 4.568312342e-05 4.6621228)
(0.005284765225 4.611944742e-05 4.6621228)
(0.005334763004 4.655577143e-05 4.6621228)
(0.004834785215 -4.219253137e-05 4.693081867)
(0.004884782994 -4.262885538e-05 4.693081867)
(0.004934780773 -4.306517938e-05 4.693081867)
(0.004984778552 -4.350150339e-05 4.693081867)
(0.005034776331 -4.393782739e-05 4.693081867)
(0.00508477411 -4.43741514e-05 4.693081867)
(0.005134771888 -4.481047541e-05 4.693081867)
(0.005184769667 -4.524679941e-05 4.693081867)
(0.005234767446 -4.568312342e-05 4.693081867)
(0.005284765225 -4.611944742e-05 4.693081867)
(0.005334763004 -4.655577143e-05 4.693081867)
(0.004834785215 4.219253137e-05 4.693081867)
(0.004884782994 4.262885538e-05 4.693081867)
(0.004934780773 4.306517938e-05 4.693081867)
(0.004984778552 4.350150339e-05 4.693081867)
(0.005034776331 4.393782739e-05 4.693081867)
(0.00508477411 4.43741514e-05 4.693081867)
(0.005134771888 4.481047541e-05 4.693081867)
(0.005184769667 4.524679941e-05 4.693081867)
(0.005234767446 4.568312342e-05 4.693081867)
(0.005284765225 4.611944742e-05 4.693081867)
(0.005334763004 4.655577143e-05 4.693081867)
(0.004834785215 -4.219253137e-05 4.724040933)
(0.004884782994 -4.262885538e-05 4.724040933)
(0.004934780773 -4.306517938e-05 4.724040933)
(0.004984778552 -4.350150339e-05 4.724040933)
(0.005034776331 -4.393782739e-05 4.724040933)
(0.00508477411 -4.43741514e-05 4.724040933)
(0.005134771888 -4.481047541e-05 4.724040933)
(0.005184769667 -4.524679941e-05 4.724040933)
(0.005234767446 -4.568312342e-05 4.724040933)
(0.005284765225 -4.611944742e-05 4.724040933)
(0.005334763004 -4.655577143e-05 4.724040933)
(0.004834785215 4.219253137e-05 4.724040933)
(0.004884782994 4.262885538e-05 4.724040933)
(0.004934780773 4.306517938e-05 4.724040933)
(0.004984778552 4.350150339e-05 4.724040933)
(0.005034776331 4.393782739e-05 4.724040933)
(0.00508477411 4.43741514e-05 4.724040933)
(0.005134771888 4.481047541e-05 4.724040933)
(0.005184769667 4.524679941e-05 4.724040933)
(0.005234767446 4.568312342e-05 4.724040933)
(0.005284765225 4.611944742e-05 4.724040933)
(0.005334763004 4.655577143e-05 4.724040933)
(0.004834785215 -4.219253137e-05 4.755)
(0.004884782994 -4.262885538e-05 4.755)
(0.004934780773 -4.306517938e-05 4.755)
(0.004984778552 -4.350150339e-05 4.755)
(0.005034776331 -4.393782739e-05 4.755)
(0.00508477411 -4.43741514e-05 4.755)
(0.005134771888 -4.481047541e-05 4.755)
(0.005184769667 -4.524679941e-05 4.755)
(0.005234767446 -4.568312342e-05 4.755)
(0.005284765225 -4.611944742e-05 4.755)
(0.005334763004 -4.655577143e-05 4.755)
(0.004834785215 4.219253137e-05 4.755)
(0.004884782994 4.262885538e-05 4.755)
(0.004934780773 4.306517938e-05 4.755)
(0.004984778552 4.350150339e-05 4.755)
(0.005034776331 4.393782739e-05 4.755)
(0.00508477411 4.43741514e-05 4.755)
(0.005134771888 4.481047541e-05 4.755)
(0.005184769667 4.524679941e-05 4.755)
(0.005234767446 4.568312342e-05 4.755)
(0.005284765225 4.611944742e-05 4.755)
(0.005334763004 4.655577143e-05 4.755)
(0.004834785215 -4.219253137e-05 4.764090909)
(0.004884782994 -4.262885538e-05 4.764090909)
(0.004934780773 -4.306517938e-05 4.764090909)
(0.004984778552 -4.350150339e-05 4.764090909)
(0.005034776331 -4.393782739e-05 4.764090909)
(0.00508477411 -4.43741514e-05 4.764090909)
(0.005134771888 -4.481047541e-05 4.764090909)
(0.005184769667 -4.524679941e-05 4.764090909)
(0.005234767446 -4.568312342e-05 4.764090909)
(0.005284765225 -4.611944742e-05 4.764090909)
(0.005334763004 -4.655577143e-05 4.764090909)
(0.004834785215 4.219253137e-05 4.764090909)
(0.004884782994 4.262885538e-05 4.764090909)
(0.004934780773 4.306517938e-05 4.764090909)
(0.004984778552 4.350150339e-05 4.764090909)
(0.005034776331 4.393782739e-05 4.764090909)
(0.00508477411 4.43741514e-05 4.764090909)
(0.005134771888 4.481047541e-05 4.764090909)
(0.005184769667 4.524679941e-05 4.764090909)
(0.005234767446 4.568312342e-05 4.764090909)
(0.005284765225 4.611944742e-05 4.764090909)
(0.005334763004 4.655577143e-05 4.764090909)
(0.004834785215 -4.219253137e-05 4.773181818)
(0.004884782994 -4.262885538e-05 4.773181818)
(0.004934780773 -4.306517938e-05 4.773181818)
(0.004984778552 -4.350150339e-05 4.773181818)
(0.005034776331 -4.393782739e-05 4.773181818)
(0.00508477411 -4.43741514e-05 4.773181818)
(0.005134771888 -4.481047541e-05 4.773181818)
(0.005184769667 -4.524679941e-05 4.773181818)
(0.005234767446 -4.568312342e-05 4.773181818)
(0.005284765225 -4.611944742e-05 4.773181818)
(0.005334763004 -4.655577143e-05 4.773181818)
(0.004834785215 4.219253137e-05 4.773181818)
(0.004884782994 4.262885538e-05 4.773181818)
(0.004934780773 4.306517938e-05 4.773181818)
(0.004984778552 4.350150339e-05 4.773181818)
(0.005034776331 4.393782739e-05 4.773181818)
(0.00508477411 4.43741514e-05 4.773181818)
(0.005134771888 4.481047541e-05 4.773181818)
(0.005184769667 4.524679941e-05 4.773181818)
(0.005234767446 4.568312342e-05 4.773181818)
(0.005284765225 4.611944742e-05 4.773181818)
(0.005334763004 4.655577143e-05 4.773181818)
(0.004834785215 -4.219253137e-05 4.782272727)
(0.004884782994 -4.262885538e-05 4.782272727)
(0.004934780773 -4.306517938e-05 4.782272727)
(0.004984778552 -4.350150339e-05 4.782272727)
(0.005034776331 -4.393782739e-05 4.782272727)
(0.00508477411 -4.43741514e-05 4.782272727)
(0.005134771888 -4.481047541e-05 4.782272727)
(0.005184769667 -4.524679941e-05 4.782272727)
(0.005234767446 -4.568312342e-05 4.782272727)
(0.005284765225 -4.611944742e-05 4.782272727)
(0.005334763004 -4.655577143e-05 4.782272727)
(0.004834785215 4.219253137e-05 4.782272727)
(0.004884782994 4.262885538e-05 4.782272727)
(0.004934780773 4.306517938e-05 4.782272727)
(0.004984778552 4.350150339e-05 4.782272727)
(0.005034776331 4.393782739e-05 4.782272727)
(0.00508477411 4.43741514e-05 4.782272727)
(0.005134771888 4.481047541e-05 4.782272727)
(0.005184769667 4.524679941e-05 4.782272727)
(0.005234767446 4.568312342e-05 4.782272727)
(0.005284765225 4.611944742e-05 4.782272727)
(0.005334763004 4.655577143e-05 4.782272727)
(0.004834785215 -4.219253137e-05 4.791363636)
(0.004884782994 -4.262885538e-05 4.791363636)
(0.004934780773 -4.306517938e-05 4.791363636)
(0.004984778552 -4.350150339e-05 4.791363636)
(0.005034776331 -4.393782739e-05 4.791363636)
(0.00508477411 -4.43741514e-05 4.791363636)
(0.005134771888 -4.481047541e-05 4.791363636)
(0.005184769667 -4.524679941e-05 4.791363636)
(0.005234767446 -4.568312342e-05 4.791363636)
(0.005284765225 -4.611944742e-05 4.791363636)
(0.005334763004 -4.655577143e-05 4.791363636)
(0.004834785215 4.219253137e-05 4.791363636)
(0.004884782994 4.262885538e-05 4.791363636)
(0.004934780773 4.306517938e-05 4.791363636)
(0.004984778552 4.350150339e-05 4.791363636)
(0.005034776331 4.393782739e-05 4.791363636)
(0.00508477411 4.43741514e-05 4.791363636)
(0.005134771888 4.481047541e-05 4.791363636)
(0.005184769667 4.524679941e-05 4.791363636)
(0.005234767446 4.568312342e-05 4.791363636)
(0.005284765225 4.611944742e-05 4.791363636)
(0.005334763004 4.655577143e-05 4.791363636)
(0.004834785215 -4.219253137e-05 4.800454545)
(0.004884782994 -4.262885538e-05 4.800454545)
(0.004934780773 -4.306517938e-05 4.800454545)
(0.004984778552 -4.350150339e-05 4.800454545)
(0.005034776331 -4.393782739e-05 4.800454545)
(0.00508477411 -4.43741514e-05 4.800454545)
(0.005134771888 -4.481047541e-05 4.800454545)
(0.005184769667 -4.524679941e-05 4.800454545)
(0.005234767446 -4.568312342e-05 4.800454545)
(0.005284765225 -4.611944742e-05 4.800454545)
(0.005334763004 -4.655577143e-05 4.800454545)
(0.004834785215 4.219253137e-05 4.800454545)
(0.004884782994 4.262885538e-05 4.800454545)
(0.004934780773 4.306517938e-05 4.800454545)
(0.004984778552 4.350150339e-05 4.800454545)
(0.005034776331 4.393782739e-05 4.800454545)
(0.00508477411 4.43741514e-05 4.800454545)
(0.005134771888 4.481047541e-05 4.800454545)
(0.005184769667 4.524679941e-05 4.800454545)
(0.005234767446 4.568312342e-05 4.800454545)
(0.005284765225 4.611944742e-05 4.800454545)
(0.005334763004 4.655577143e-05 4.800454545)
(0.004834785215 -4.219253137e-05 4.809545455)
(0.004884782994 -4.262885538e-05 4.809545455)
(0.004934780773 -4.306517938e-05 4.809545455)
(0.004984778552 -4.350150339e-05 4.809545455)
(0.005034776331 -4.393782739e-05 4.809545455)
(0.00508477411 -4.43741514e-05 4.809545455)
(0.005134771888 -4.481047541e-05 4.809545455)
(0.005184769667 -4.524679941e-05 4.809545455)
(0.005234767446 -4.568312342e-05 4.809545455)
(0.005284765225 -4.611944742e-05 4.809545455)
(0.005334763004 -4.655577143e-05 4.809545455)
(0.004834785215 4.219253137e-05 4.809545455)
(0.004884782994 4.262885538e-05 4.809545455)
(0.004934780773 4.306517938e-05 4.809545455)
(0.004984778552 4.350150339e-05 4.809545455)
(0.005034776331 4.393782739e-05 4.809545455)
(0.00508477411 4.43741514e-05 4.809545455)
(0.005134771888 4.481047541e-05 4.809545455)
(0.005184769667 4.524679941e-05 4.809545455)
(0.005234767446 4.568312342e-05 4.809545455)
(0.005284765225 4.611944742e-05 4.809545455)
(0.005334763004 4.655577143e-05 4.809545455)
(0.004834785215 -4.219253137e-05 4.818636364)
(0.004884782994 -4.262885538e-05 4.818636364)
(0.004934780773 -4.306517938e-05 4.818636364)
(0.004984778552 -4.350150339e-05 4.818636364)
(0.005034776331 -4.393782739e-05 4.818636364)
(0.00508477411 -4.43741514e-05 4.818636364)
(0.005134771888 -4.481047541e-05 4.818636364)
(0.005184769667 -4.524679941e-05 4.818636364)
(0.005234767446 -4.568312342e-05 4.818636364)
(0.005284765225 -4.611944742e-05 4.818636364)
(0.005334763004 -4.655577143e-05 4.818636364)
(0.004834785215 4.219253137e-05 4.818636364)
(0.004884782994 4.262885538e-05 4.818636364)
(0.004934780773 4.306517938e-05 4.818636364)
(0.004984778552 4.350150339e-05 4.818636364)
(0.005034776331 4.393782739e-05 4.818636364)
(0.00508477411 4.43741514e-05 4.818636364)
(0.005134771888 4.481047541e-05 4.818636364)
(0.005184769667 4.524679941e-05 4.818636364)
(0.005234767446 4.568312342e-05 4.818636364)
(0.005284765225 4.611944742e-05 4.818636364)
(0.005334763004 4.655577143e-05 4.818636364)
(0.004834785215 -4.219253137e-05 4.827727273)
(0.004884782994 -4.262885538e-05 4.827727273)
(0.004934780773 -4.306517938e-05 4.827727273)
(0.004984778552 -4.350150339e-05 4.827727273)
(0.005034776331 -4.393782739e-05 4.827727273)
(0.00508477411 -4.43741514e-05 4.827727273)
(0.005134771888 -4.481047541e-05 4.827727273)
(0.005184769667 -4.524679941e-05 4.827727273)
(0.005234767446 -4.568312342e-05 4.827727273)
(0.005284765225 -4.611944742e-05 4.827727273)
(0.005334763004 -4.655577143e-05 4.827727273)
(0.004834785215 4.219253137e-05 4.827727273)
(0.004884782994 4.262885538e-05 4.827727273)
(0.004934780773 4.306517938e-05 4.827727273)
(0.004984778552 4.350150339e-05 4.827727273)
(0.005034776331 4.393782739e-05 4.827727273)
(0.00508477411 4.43741514e-05 4.827727273)
(0.005134771888 4.481047541e-05 4.827727273)
(0.005184769667 4.524679941e-05 4.827727273)
(0.005234767446 4.568312342e-05 4.827727273)
(0.005284765225 4.611944742e-05 4.827727273)
(0.005334763004 4.655577143e-05 4.827727273)
(0.004834785215 -4.219253137e-05 4.836818182)
(0.004884782994 -4.262885538e-05 4.836818182)
(0.004934780773 -4.306517938e-05 4.836818182)
(0.004984778552 -4.350150339e-05 4.836818182)
(0.005034776331 -4.393782739e-05 4.836818182)
(0.00508477411 -4.43741514e-05 4.836818182)
(0.005134771888 -4.481047541e-05 4.836818182)
(0.005184769667 -4.524679941e-05 4.836818182)
(0.005234767446 -4.568312342e-05 4.836818182)
(0.005284765225 -4.611944742e-05 4.836818182)
(0.005334763004 -4.655577143e-05 4.836818182)
(0.004834785215 4.219253137e-05 4.836818182)
(0.004884782994 4.262885538e-05 4.836818182)
(0.004934780773 4.306517938e-05 4.836818182)
(0.004984778552 4.350150339e-05 4.836818182)
(0.005034776331 4.393782739e-05 4.836818182)
(0.00508477411 4.43741514e-05 4.836818182)
(0.005134771888 4.481047541e-05 4.836818182)
(0.005184769667 4.524679941e-05 4.836818182)
(0.005234767446 4.568312342e-05 4.836818182)
(0.005284765225 4.611944742e-05 4.836818182)
(0.005334763004 4.655577143e-05 4.836818182)
(0.004834785215 -4.219253137e-05 4.845909091)
(0.004884782994 -4.262885538e-05 4.845909091)
(0.004934780773 -4.306517938e-05 4.845909091)
(0.004984778552 -4.350150339e-05 4.845909091)
(0.005034776331 -4.393782739e-05 4.845909091)
(0.00508477411 -4.43741514e-05 4.845909091)
(0.005134771888 -4.481047541e-05 4.845909091)
(0.005184769667 -4.524679941e-05 4.845909091)
(0.005234767446 -4.568312342e-05 4.845909091)
(0.005284765225 -4.611944742e-05 4.845909091)
(0.005334763004 -4.655577143e-05 4.845909091)
(0.004834785215 4.219253137e-05 4.845909091)
(0.004884782994 4.262885538e-05 4.845909091)
(0.004934780773 4.306517938e-05 4.845909091)
(0.004984778552 4.350150339e-05 4.845909091)
(0.005034776331 4.393782739e-05 4.845909091)
(0.00508477411 4.43741514e-05 4.845909091)
(0.005134771888 4.481047541e-05 4.845909091)
(0.005184769667 4.524679941e-05 4.845909091)
(0.005234767446 4.568312342e-05 4.845909091)
(0.005284765225 4.611944742e-05 4.845909091)
(0.005334763004 4.655577143e-05 4.845909091)
(0.004834785215 -4.219253137e-05 4.855)
(0.004884782994 -4.262885538e-05 4.855)
(0.004934780773 -4.306517938e-05 4.855)
(0.004984778552 -4.350150339e-05 4.855)
(0.005034776331 -4.393782739e-05 4.855)
(0.00508477411 -4.43741514e-05 4.855)
(0.005134771888 -4.481047541e-05 4.855)
(0.005184769667 -4.524679941e-05 4.855)
(0.005234767446 -4.568312342e-05 4.855)
(0.005284765225 -4.611944742e-05 4.855)
(0.005334763004 -4.655577143e-05 4.855)
(0.004834785215 4.219253137e-05 4.855)
(0.004884782994 4.262885538e-05 4.855)
(0.004934780773 4.306517938e-05 4.855)
(0.004984778552 4.350150339e-05 4.855)
(0.005034776331 4.393782739e-05 4.855)
(0.00508477411 4.43741514e-05 4.855)
(0.005134771888 4.481047541e-05 4.855)
(0.005184769667 4.524679941e-05 4.855)
(0.005234767446 4.568312342e-05 4.855)
(0.005284765225 4.611944742e-05 4.855)
(0.005334763004 4.655577143e-05 4.855)
(0.004834785215 -4.219253137e-05 4.864090909)
(0.004884782994 -4.262885538e-05 4.864090909)
(0.004934780773 -4.306517938e-05 4.864090909)
(0.004984778552 -4.350150339e-05 4.864090909)
(0.005034776331 -4.393782739e-05 4.864090909)
(0.00508477411 -4.43741514e-05 4.864090909)
(0.005134771888 -4.481047541e-05 4.864090909)
(0.005184769667 -4.524679941e-05 4.864090909)
(0.005234767446 -4.568312342e-05 4.864090909)
(0.005284765225 -4.611944742e-05 4.864090909)
(0.005334763004 -4.655577143e-05 4.864090909)
(0.004834785215 4.219253137e-05 4.864090909)
(0.004884782994 4.262885538e-05 4.864090909)
(0.004934780773 4.306517938e-05 4.864090909)
(0.004984778552 4.350150339e-05 4.864090909)
(0.005034776331 4.393782739e-05 4.864090909)
(0.00508477411 4.43741514e-05 4.864090909)
(0.005134771888 4.481047541e-05 4.864090909)
(0.005184769667 4.524679941e-05 4.864090909)
(0.005234767446 4.568312342e-05 4.864090909)
(0.005284765225 4.611944742e-05 4.864090909)
(0.005334763004 4.655577143e-05 4.864090909)
(0.004834785215 -4.219253137e-05 4.873181818)
(0.004884782994 -4.262885538e-05 4.873181818)
(0.004934780773 -4.306517938e-05 4.873181818)
(0.004984778552 -4.350150339e-05 4.873181818)
(0.005034776331 -4.393782739e-05 4.873181818)
(0.00508477411 -4.43741514e-05 4.873181818)
(0.005134771888 -4.481047541e-05 4.873181818)
(0.005184769667 -4.524679941e-05 4.873181818)
(0.005234767446 -4.568312342e-05 4.873181818)
(0.005284765225 -4.611944742e-05 4.873181818)
(0.005334763004 -4.655577143e-05 4.873181818)
(0.004834785215 4.219253137e-05 4.873181818)
(0.004884782994 4.262885538e-05 4.873181818)
(0.004934780773 4.306517938e-05 4.873181818)
(0.004984778552 4.350150339e-05 4.873181818)
(0.005034776331 4.393782739e-05 4.873181818)
(0.00508477411 4.43741514e-05 4.873181818)
(0.005134771888 4.481047541e-05 4.873181818)
(0.005184769667 4.524679941e-05 4.873181818)
(0.005234767446 4.568312342e-05 4.873181818)
(0.005284765225 4.611944742e-05 4.873181818)
(0.005334763004 4.655577143e-05 4.873181818)
(0.004834785215 -4.219253137e-05 4.882272727)
(0.004884782994 -4.262885538e-05 4.882272727)
(0.004934780773 -4.306517938e-05 4.882272727)
(0.004984778552 -4.350150339e-05 4.882272727)
(0.005034776331 -4.393782739e-05 4.882272727)
(0.00508477411 -4.43741514e-05 4.882272727)
(0.005134771888 -4.481047541e-05 4.882272727)
(0.005184769667 -4.524679941e-05 4.882272727)
(0.005234767446 -4.568312342e-05 4.882272727)
(0.005284765225 -4.611944742e-05 4.882272727)
(0.005334763004 -4.655577143e-05 4.882272727)
(0.004834785215 4.219253137e-05 4.882272727)
(0.004884782994 4.262885538e-05 4.882272727)
(0.004934780773 4.306517938e-05 4.882272727)
(0.004984778552 4.350150339e-05 4.882272727)
(0.005034776331 4.393782739e-05 4.882272727)
(0.00508477411 4.43741514e-05 4.882272727)
(0.005134771888 4.481047541e-05 4.882272727)
(0.005184769667 4.524679941e-05 4.882272727)
(0.005234767446 4.568312342e-05 4.882272727)
(0.005284765225 4.611944742e-05 4.882272727)
(0.005334763004 4.655577143e-05 4.882272727)
(0.004834785215 -4.219253137e-05 4.891363636)
(0.004884782994 -4.262885538e-05 4.891363636)
(0.004934780773 -4.306517938e-05 4.891363636)
(0.004984778552 -4.350150339e-05 4.891363636)
(0.005034776331 -4.393782739e-05 4.891363636)
(0.00508477411 -4.43741514e-05 4.891363636)
(0.005134771888 -4.481047541e-05 4.891363636)
(0.005184769667 -4.524679941e-05 4.891363636)
(0.005234767446 -4.568312342e-05 4.891363636)
(0.005284765225 -4.611944742e-05 4.891363636)
(0.005334763004 -4.655577143e-05 4.891363636)
(0.004834785215 4.219253137e-05 4.891363636)
(0.004884782994 4.262885538e-05 4.891363636)
(0.004934780773 4.306517938e-05 4.891363636)
(0.004984778552 4.350150339e-05 4.891363636)
(0.005034776331 4.393782739e-05 4.891363636)
(0.00508477411 4.43741514e-05 4.891363636)
(0.005134771888 4.481047541e-05 4.891363636)
(0.005184769667 4.524679941e-05 4.891363636)
(0.005234767446 4.568312342e-05 4.891363636)
(0.005284765225 4.611944742e-05 4.891363636)
(0.005334763004 4.655577143e-05 4.891363636)
(0.004834785215 -4.219253137e-05 4.900454545)
(0.004884782994 -4.262885538e-05 4.900454545)
(0.004934780773 -4.306517938e-05 4.900454545)
(0.004984778552 -4.350150339e-05 4.900454545)
(0.005034776331 -4.393782739e-05 4.900454545)
(0.00508477411 -4.43741514e-05 4.900454545)
(0.005134771888 -4.481047541e-05 4.900454545)
(0.005184769667 -4.524679941e-05 4.900454545)
(0.005234767446 -4.568312342e-05 4.900454545)
(0.005284765225 -4.611944742e-05 4.900454545)
(0.005334763004 -4.655577143e-05 4.900454545)
(0.004834785215 4.219253137e-05 4.900454545)
(0.004884782994 4.262885538e-05 4.900454545)
(0.004934780773 4.306517938e-05 4.900454545)
(0.004984778552 4.350150339e-05 4.900454545)
(0.005034776331 4.393782739e-05 4.900454545)
(0.00508477411 4.43741514e-05 4.900454545)
(0.005134771888 4.481047541e-05 4.900454545)
(0.005184769667 4.524679941e-05 4.900454545)
(0.005234767446 4.568312342e-05 4.900454545)
(0.005284765225 4.611944742e-05 4.900454545)
(0.005334763004 4.655577143e-05 4.900454545)
(0.004834785215 -4.219253137e-05 4.909545455)
(0.004884782994 -4.262885538e-05 4.909545455)
(0.004934780773 -4.306517938e-05 4.909545455)
(0.004984778552 -4.350150339e-05 4.909545455)
(0.005034776331 -4.393782739e-05 4.909545455)
(0.00508477411 -4.43741514e-05 4.909545455)
(0.005134771888 -4.481047541e-05 4.909545455)
(0.005184769667 -4.524679941e-05 4.909545455)
(0.005234767446 -4.568312342e-05 4.909545455)
(0.005284765225 -4.611944742e-05 4.909545455)
(0.005334763004 -4.655577143e-05 4.909545455)
(0.004834785215 4.219253137e-05 4.909545455)
(0.004884782994 4.262885538e-05 4.909545455)
(0.004934780773 4.306517938e-05 4.909545455)
(0.004984778552 4.350150339e-05 4.909545455)
(0.005034776331 4.393782739e-05 4.909545455)
(0.00508477411 4.43741514e-05 4.909545455)
(0.005134771888 4.481047541e-05 4.909545455)
(0.005184769667 4.524679941e-05 4.909545455)
(0.005234767446 4.568312342e-05 4.909545455)
(0.005284765225 4.611944742e-05 4.909545455)
(0.005334763004 4.655577143e-05 4.909545455)
(0.004834785215 -4.219253137e-05 4.918636364)
(0.004884782994 -4.262885538e-05 4.918636364)
(0.004934780773 -4.306517938e-05 4.918636364)
(0.004984778552 -4.350150339e-05 4.918636364)
(0.005034776331 -4.393782739e-05 4.918636364)
(0.00508477411 -4.43741514e-05 4.918636364)
(0.005134771888 -4.481047541e-05 4.918636364)
(0.005184769667 -4.524679941e-05 4.918636364)
(0.005234767446 -4.568312342e-05 4.918636364)
(0.005284765225 -4.611944742e-05 4.918636364)
(0.005334763004 -4.655577143e-05 4.918636364)
(0.004834785215 4.219253137e-05 4.918636364)
(0.004884782994 4.262885538e-05 4.918636364)
(0.004934780773 4.306517938e-05 4.918636364)
(0.004984778552 4.350150339e-05 4.918636364)
(0.005034776331 4.393782739e-05 4.918636364)
(0.00508477411 4.43741514e-05 4.918636364)
(0.005134771888 4.481047541e-05 4.918636364)
(0.005184769667 4.524679941e-05 4.918636364)
(0.005234767446 4.568312342e-05 4.918636364)
(0.005284765225 4.611944742e-05 4.918636364)
(0.005334763004 4.655577143e-05 4.918636364)
(0.004834785215 -4.219253137e-05 4.927727273)
(0.004884782994 -4.262885538e-05 4.927727273)
(0.004934780773 -4.306517938e-05 4.927727273)
(0.004984778552 -4.350150339e-05 4.927727273)
(0.005034776331 -4.393782739e-05 4.927727273)
(0.00508477411 -4.43741514e-05 4.927727273)
(0.005134771888 -4.481047541e-05 4.927727273)
(0.005184769667 -4.524679941e-05 4.927727273)
(0.005234767446 -4.568312342e-05 4.927727273)
(0.005284765225 -4.611944742e-05 4.927727273)
(0.005334763004 -4.655577143e-05 4.927727273)
(0.004834785215 4.219253137e-05 4.927727273)
(0.004884782994 4.262885538e-05 4.927727273)
(0.004934780773 4.306517938e-05 4.927727273)
(0.004984778552 4.350150339e-05 4.927727273)
(0.005034776331 4.393782739e-05 4.927727273)
(0.00508477411 4.43741514e-05 4.927727273)
(0.005134771888 4.481047541e-05 4.927727273)
(0.005184769667 4.524679941e-05 4.927727273)
(0.005234767446 4.568312342e-05 4.927727273)
(0.005284765225 4.611944742e-05 4.927727273)
(0.005334763004 4.655577143e-05 4.927727273)
(0.004834785215 -4.219253137e-05 4.936818182)
(0.004884782994 -4.262885538e-05 4.936818182)
(0.004934780773 -4.306517938e-05 4.936818182)
(0.004984778552 -4.350150339e-05 4.936818182)
(0.005034776331 -4.393782739e-05 4.936818182)
(0.00508477411 -4.43741514e-05 4.936818182)
(0.005134771888 -4.481047541e-05 4.936818182)
(0.005184769667 -4.524679941e-05 4.936818182)
(0.005234767446 -4.568312342e-05 4.936818182)
(0.005284765225 -4.611944742e-05 4.936818182)
(0.005334763004 -4.655577143e-05 4.936818182)
(0.004834785215 4.219253137e-05 4.936818182)
(0.004884782994 4.262885538e-05 4.936818182)
(0.004934780773 4.306517938e-05 4.936818182)
(0.004984778552 4.350150339e-05 4.936818182)
(0.005034776331 4.393782739e-05 4.936818182)
(0.00508477411 4.43741514e-05 4.936818182)
(0.005134771888 4.481047541e-05 4.936818182)
(0.005184769667 4.524679941e-05 4.936818182)
(0.005234767446 4.568312342e-05 4.936818182)
(0.005284765225 4.611944742e-05 4.936818182)
(0.005334763004 4.655577143e-05 4.936818182)
(0.004834785215 -4.219253137e-05 4.945909091)
(0.004884782994 -4.262885538e-05 4.945909091)
(0.004934780773 -4.306517938e-05 4.945909091)
(0.004984778552 -4.350150339e-05 4.945909091)
(0.005034776331 -4.393782739e-05 4.945909091)
(0.00508477411 -4.43741514e-05 4.945909091)
(0.005134771888 -4.481047541e-05 4.945909091)
(0.005184769667 -4.524679941e-05 4.945909091)
(0.005234767446 -4.568312342e-05 4.945909091)
(0.005284765225 -4.611944742e-05 4.945909091)
(0.005334763004 -4.655577143e-05 4.945909091)
(0.004834785215 4.219253137e-05 4.945909091)
(0.004884782994 4.262885538e-05 4.945909091)
(0.004934780773 4.306517938e-05 4.945909091)
(0.004984778552 4.350150339e-05 4.945909091)
(0.005034776331 4.393782739e-05 4.945909091)
(0.00508477411 4.43741514e-05 4.945909091)
(0.005134771888 4.481047541e-05 4.945909091)
(0.005184769667 4.524679941e-05 4.945909091)
(0.005234767446 4.568312342e-05 4.945909091)
(0.005284765225 4.611944742e-05 4.945909091)
(0.005334763004 4.655577143e-05 4.945909091)
(0.004834785215 -4.219253137e-05 4.955)
(0.004884782994 -4.262885538e-05 4.955)
(0.004934780773 -4.306517938e-05 4.955)
(0.004984778552 -4.350150339e-05 4.955)
(0.005034776331 -4.393782739e-05 4.955)
(0.00508477411 -4.43741514e-05 4.955)
(0.005134771888 -4.481047541e-05 4.955)
(0.005184769667 -4.524679941e-05 4.955)
(0.005234767446 -4.568312342e-05 4.955)
(0.005284765225 -4.611944742e-05 4.955)
(0.005334763004 -4.655577143e-05 4.955)
(0.004834785215 4.219253137e-05 4.955)
(0.004884782994 4.262885538e-05 4.955)
(0.004934780773 4.306517938e-05 4.955)
(0.004984778552 4.350150339e-05 4.955)
(0.005034776331 4.393782739e-05 4.955)
(0.00508477411 4.43741514e-05 4.955)
(0.005134771888 4.481047541e-05 4.955)
(0.005184769667 4.524679941e-05 4.955)
(0.005234767446 4.568312342e-05 4.955)
(0.005284765225 4.611944742e-05 4.955)
(0.005334763004 4.655577143e-05 4.955)
(0.004834785215 -4.219253137e-05 4.964090909)
(0.004884782994 -4.262885538e-05 4.964090909)
(0.004934780773 -4.306517938e-05 4.964090909)
(0.004984778552 -4.350150339e-05 4.964090909)
(0.005034776331 -4.393782739e-05 4.964090909)
(0.00508477411 -4.43741514e-05 4.964090909)
(0.005134771888 -4.481047541e-05 4.964090909)
(0.005184769667 -4.524679941e-05 4.964090909)
(0.005234767446 -4.568312342e-05 4.964090909)
(0.005284765225 -4.611944742e-05 4.964090909)
(0.005334763004 -4.655577143e-05 4.964090909)
(0.004834785215 4.219253137e-05 4.964090909)
(0.004884782994 4.262885538e-05 4.964090909)
(0.004934780773 4.306517938e-05 4.964090909)
(0.004984778552 4.350150339e-05 4.964090909)
(0.005034776331 4.393782739e-05 4.964090909)
(0.00508477411 4.43741514e-05 4.964090909)
(0.005134771888 4.481047541e-05 4.964090909)
(0.005184769667 4.524679941e-05 4.964090909)
(0.005234767446 4.568312342e-05 4.964090909)
(0.005284765225 4.611944742e-05 4.964090909)
(0.005334763004 4.655577143e-05 4.964090909)
(0.004834785215 -4.219253137e-05 4.973181818)
(0.004884782994 -4.262885538e-05 4.973181818)
(0.004934780773 -4.306517938e-05 4.973181818)
(0.004984778552 -4.350150339e-05 4.973181818)
(0.005034776331 -4.393782739e-05 4.973181818)
(0.00508477411 -4.43741514e-05 4.973181818)
(0.005134771888 -4.481047541e-05 4.973181818)
(0.005184769667 -4.524679941e-05 4.973181818)
(0.005234767446 -4.568312342e-05 4.973181818)
(0.005284765225 -4.611944742e-05 4.973181818)
(0.005334763004 -4.655577143e-05 4.973181818)
(0.004834785215 4.219253137e-05 4.973181818)
(0.004884782994 4.262885538e-05 4.973181818)
(0.004934780773 4.306517938e-05 4.973181818)
(0.004984778552 4.350150339e-05 4.973181818)
(0.005034776331 4.393782739e-05 4.973181818)
(0.00508477411 4.43741514e-05 4.973181818)
(0.005134771888 4.481047541e-05 4.973181818)
(0.005184769667 4.524679941e-05 4.973181818)
(0.005234767446 4.568312342e-05 4.973181818)
(0.005284765225 4.611944742e-05 4.973181818)
(0.005334763004 4.655577143e-05 4.973181818)
(0.004834785215 -4.219253137e-05 4.982272727)
(0.004884782994 -4.262885538e-05 4.982272727)
(0.004934780773 -4.306517938e-05 4.982272727)
(0.004984778552 -4.350150339e-05 4.982272727)
(0.005034776331 -4.393782739e-05 4.982272727)
(0.00508477411 -4.43741514e-05 4.982272727)
(0.005134771888 -4.481047541e-05 4.982272727)
(0.005184769667 -4.524679941e-05 4.982272727)
(0.005234767446 -4.568312342e-05 4.982272727)
(0.005284765225 -4.611944742e-05 4.982272727)
(0.005334763004 -4.655577143e-05 4.982272727)
(0.004834785215 4.219253137e-05 4.982272727)
(0.004884782994 4.262885538e-05 4.982272727)
(0.004934780773 4.306517938e-05 4.982272727)
(0.004984778552 4.350150339e-05 4.982272727)
(0.005034776331 4.393782739e-05 4.982272727)
(0.00508477411 4.43741514e-05 4.982272727)
(0.005134771888 4.481047541e-05 4.982272727)
(0.005184769667 4.524679941e-05 4.982272727)
(0.005234767446 4.568312342e-05 4.982272727)
(0.005284765225 4.611944742e-05 4.982272727)
(0.005334763004 4.655577143e-05 4.982272727)
(0.004834785215 -4.219253137e-05 4.991363636)
(0.004884782994 -4.262885538e-05 4.991363636)
(0.004934780773 -4.306517938e-05 4.991363636)
(0.004984778552 -4.350150339e-05 4.991363636)
(0.005034776331 -4.393782739e-05 4.991363636)
(0.00508477411 -4.43741514e-05 4.991363636)
(0.005134771888 -4.481047541e-05 4.991363636)
(0.005184769667 -4.524679941e-05 4.991363636)
(0.005234767446 -4.568312342e-05 4.991363636)
(0.005284765225 -4.611944742e-05 4.991363636)
(0.005334763004 -4.655577143e-05 4.991363636)
(0.004834785215 4.219253137e-05 4.991363636)
(0.004884782994 4.262885538e-05 4.991363636)
(0.004934780773 4.306517938e-05 4.991363636)
(0.004984778552 4.350150339e-05 4.991363636)
(0.005034776331 4.393782739e-05 4.991363636)
(0.00508477411 4.43741514e-05 4.991363636)
(0.005134771888 4.481047541e-05 4.991363636)
(0.005184769667 4.524679941e-05 4.991363636)
(0.005234767446 4.568312342e-05 4.991363636)
(0.005284765225 4.611944742e-05 4.991363636)
(0.005334763004 4.655577143e-05 4.991363636)
(0.004834785215 -4.219253137e-05 5.000454545)
(0.004884782994 -4.262885538e-05 5.000454545)
(0.004934780773 -4.306517938e-05 5.000454545)
(0.004984778552 -4.350150339e-05 5.000454545)
(0.005034776331 -4.393782739e-05 5.000454545)
(0.00508477411 -4.43741514e-05 5.000454545)
(0.005134771888 -4.481047541e-05 5.000454545)
(0.005184769667 -4.524679941e-05 5.000454545)
(0.005234767446 -4.568312342e-05 5.000454545)
(0.005284765225 -4.611944742e-05 5.000454545)
(0.005334763004 -4.655577143e-05 5.000454545)
(0.004834785215 4.219253137e-05 5.000454545)
(0.004884782994 4.262885538e-05 5.000454545)
(0.004934780773 4.306517938e-05 5.000454545)
(0.004984778552 4.350150339e-05 5.000454545)
(0.005034776331 4.393782739e-05 5.000454545)
(0.00508477411 4.43741514e-05 5.000454545)
(0.005134771888 4.481047541e-05 5.000454545)
(0.005184769667 4.524679941e-05 5.000454545)
(0.005234767446 4.568312342e-05 5.000454545)
(0.005284765225 4.611944742e-05 5.000454545)
(0.005334763004 4.655577143e-05 5.000454545)
(0.004834785215 -4.219253137e-05 5.009545455)
(0.004884782994 -4.262885538e-05 5.009545455)
(0.004934780773 -4.306517938e-05 5.009545455)
(0.004984778552 -4.350150339e-05 5.009545455)
(0.005034776331 -4.393782739e-05 5.009545455)
(0.00508477411 -4.43741514e-05 5.009545455)
(0.005134771888 -4.481047541e-05 5.009545455)
(0.005184769667 -4.524679941e-05 5.009545455)
(0.005234767446 -4.568312342e-05 5.009545455)
(0.005284765225 -4.611944742e-05 5.009545455)
(0.005334763004 -4.655577143e-05 5.009545455)
(0.004834785215 4.219253137e-05 5.009545455)
(0.004884782994 4.262885538e-05 5.009545455)
(0.004934780773 4.306517938e-05 5.009545455)
(0.004984778552 4.350150339e-05 5.009545455)
(0.005034776331 4.393782739e-05 5.009545455)
(0.00508477411 4.43741514e-05 5.009545455)
(0.005134771888 4.481047541e-05 5.009545455)
(0.005184769667 4.524679941e-05 5.009545455)
(0.005234767446 4.568312342e-05 5.009545455)
(0.005284765225 4.611944742e-05 5.009545455)
(0.005334763004 4.655577143e-05 5.009545455)
(0.004834785215 -4.219253137e-05 5.018636364)
(0.004884782994 -4.262885538e-05 5.018636364)
(0.004934780773 -4.306517938e-05 5.018636364)
(0.004984778552 -4.350150339e-05 5.018636364)
(0.005034776331 -4.393782739e-05 5.018636364)
(0.00508477411 -4.43741514e-05 5.018636364)
(0.005134771888 -4.481047541e-05 5.018636364)
(0.005184769667 -4.524679941e-05 5.018636364)
(0.005234767446 -4.568312342e-05 5.018636364)
(0.005284765225 -4.611944742e-05 5.018636364)
(0.005334763004 -4.655577143e-05 5.018636364)
(0.004834785215 4.219253137e-05 5.018636364)
(0.004884782994 4.262885538e-05 5.018636364)
(0.004934780773 4.306517938e-05 5.018636364)
(0.004984778552 4.350150339e-05 5.018636364)
(0.005034776331 4.393782739e-05 5.018636364)
(0.00508477411 4.43741514e-05 5.018636364)
(0.005134771888 4.481047541e-05 5.018636364)
(0.005184769667 4.524679941e-05 5.018636364)
(0.005234767446 4.568312342e-05 5.018636364)
(0.005284765225 4.611944742e-05 5.018636364)
(0.005334763004 4.655577143e-05 5.018636364)
(0.004834785215 -4.219253137e-05 5.027727273)
(0.004884782994 -4.262885538e-05 5.027727273)
(0.004934780773 -4.306517938e-05 5.027727273)
(0.004984778552 -4.350150339e-05 5.027727273)
(0.005034776331 -4.393782739e-05 5.027727273)
(0.00508477411 -4.43741514e-05 5.027727273)
(0.005134771888 -4.481047541e-05 5.027727273)
(0.005184769667 -4.524679941e-05 5.027727273)
(0.005234767446 -4.568312342e-05 5.027727273)
(0.005284765225 -4.611944742e-05 5.027727273)
(0.005334763004 -4.655577143e-05 5.027727273)
(0.004834785215 4.219253137e-05 5.027727273)
(0.004884782994 4.262885538e-05 5.027727273)
(0.004934780773 4.306517938e-05 5.027727273)
(0.004984778552 4.350150339e-05 5.027727273)
(0.005034776331 4.393782739e-05 5.027727273)
(0.00508477411 4.43741514e-05 5.027727273)
(0.005134771888 4.481047541e-05 5.027727273)
(0.005184769667 4.524679941e-05 5.027727273)
(0.005234767446 4.568312342e-05 5.027727273)
(0.005284765225 4.611944742e-05 5.027727273)
(0.005334763004 4.655577143e-05 5.027727273)
(0.004834785215 -4.219253137e-05 5.036818182)
(0.004884782994 -4.262885538e-05 5.036818182)
(0.004934780773 -4.306517938e-05 5.036818182)
(0.004984778552 -4.350150339e-05 5.036818182)
(0.005034776331 -4.393782739e-05 5.036818182)
(0.00508477411 -4.43741514e-05 5.036818182)
(0.005134771888 -4.481047541e-05 5.036818182)
(0.005184769667 -4.524679941e-05 5.036818182)
(0.005234767446 -4.568312342e-05 5.036818182)
(0.005284765225 -4.611944742e-05 5.036818182)
(0.005334763004 -4.655577143e-05 5.036818182)
(0.004834785215 4.219253137e-05 5.036818182)
(0.004884782994 4.262885538e-05 5.036818182)
(0.004934780773 4.306517938e-05 5.036818182)
(0.004984778552 4.350150339e-05 5.036818182)
(0.005034776331 4.393782739e-05 5.036818182)
(0.00508477411 4.43741514e-05 5.036818182)
(0.005134771888 4.481047541e-05 5.036818182)
(0.005184769667 4.524679941e-05 5.036818182)
(0.005234767446 4.568312342e-05 5.036818182)
(0.005284765225 4.611944742e-05 5.036818182)
(0.005334763004 4.655577143e-05 5.036818182)
(0.004834785215 -4.219253137e-05 5.045909091)
(0.004884782994 -4.262885538e-05 5.045909091)
(0.004934780773 -4.306517938e-05 5.045909091)
(0.004984778552 -4.350150339e-05 5.045909091)
(0.005034776331 -4.393782739e-05 5.045909091)
(0.00508477411 -4.43741514e-05 5.045909091)
(0.005134771888 -4.481047541e-05 5.045909091)
(0.005184769667 -4.524679941e-05 5.045909091)
(0.005234767446 -4.568312342e-05 5.045909091)
(0.005284765225 -4.611944742e-05 5.045909091)
(0.005334763004 -4.655577143e-05 5.045909091)
(0.004834785215 4.219253137e-05 5.045909091)
(0.004884782994 4.262885538e-05 5.045909091)
(0.004934780773 4.306517938e-05 5.045909091)
(0.004984778552 4.350150339e-05 5.045909091)
(0.005034776331 4.393782739e-05 5.045909091)
(0.00508477411 4.43741514e-05 5.045909091)
(0.005134771888 4.481047541e-05 5.045909091)
(0.005184769667 4.524679941e-05 5.045909091)
(0.005234767446 4.568312342e-05 5.045909091)
(0.005284765225 4.611944742e-05 5.045909091)
(0.005334763004 4.655577143e-05 5.045909091)
(0.004834785215 -4.219253137e-05 5.055)
(0.004884782994 -4.262885538e-05 5.055)
(0.004934780773 -4.306517938e-05 5.055)
(0.004984778552 -4.350150339e-05 5.055)
(0.005034776331 -4.393782739e-05 5.055)
(0.00508477411 -4.43741514e-05 5.055)
(0.005134771888 -4.481047541e-05 5.055)
(0.005184769667 -4.524679941e-05 5.055)
(0.005234767446 -4.568312342e-05 5.055)
(0.005284765225 -4.611944742e-05 5.055)
(0.005334763004 -4.655577143e-05 5.055)
(0.004834785215 4.219253137e-05 5.055)
(0.004884782994 4.262885538e-05 5.055)
(0.004934780773 4.306517938e-05 5.055)
(0.004984778552 4.350150339e-05 5.055)
(0.005034776331 4.393782739e-05 5.055)
(0.00508477411 4.43741514e-05 5.055)
(0.005134771888 4.481047541e-05 5.055)
(0.005184769667 4.524679941e-05 5.055)
(0.005234767446 4.568312342e-05 5.055)
(0.005284765225 4.611944742e-05 5.055)
(0.005334763004 4.655577143e-05 5.055)
(0.004834785215 -4.219253137e-05 5.064090909)
(0.004884782994 -4.262885538e-05 5.064090909)
(0.004934780773 -4.306517938e-05 5.064090909)
(0.004984778552 -4.350150339e-05 5.064090909)
(0.005034776331 -4.393782739e-05 5.064090909)
(0.00508477411 -4.43741514e-05 5.064090909)
(0.005134771888 -4.481047541e-05 5.064090909)
(0.005184769667 -4.524679941e-05 5.064090909)
(0.005234767446 -4.568312342e-05 5.064090909)
(0.005284765225 -4.611944742e-05 5.064090909)
(0.005334763004 -4.655577143e-05 5.064090909)
(0.004834785215 4.219253137e-05 5.064090909)
(0.004884782994 4.262885538e-05 5.064090909)
(0.004934780773 4.306517938e-05 5.064090909)
(0.004984778552 4.350150339e-05 5.064090909)
(0.005034776331 4.393782739e-05 5.064090909)
(0.00508477411 4.43741514e-05 5.064090909)
(0.005134771888 4.481047541e-05 5.064090909)
(0.005184769667 4.524679941e-05 5.064090909)
(0.005234767446 4.568312342e-05 5.064090909)
(0.005284765225 4.611944742e-05 5.064090909)
(0.005334763004 4.655577143e-05 5.064090909)
(0.004834785215 -4.219253137e-05 5.073181818)
(0.004884782994 -4.262885538e-05 5.073181818)
(0.004934780773 -4.306517938e-05 5.073181818)
(0.004984778552 -4.350150339e-05 5.073181818)
(0.005034776331 -4.393782739e-05 5.073181818)
(0.00508477411 -4.43741514e-05 5.073181818)
(0.005134771888 -4.481047541e-05 5.073181818)
(0.005184769667 -4.524679941e-05 5.073181818)
(0.005234767446 -4.568312342e-05 5.073181818)
(0.005284765225 -4.611944742e-05 5.073181818)
(0.005334763004 -4.655577143e-05 5.073181818)
(0.004834785215 4.219253137e-05 5.073181818)
(0.004884782994 4.262885538e-05 5.073181818)
(0.004934780773 4.306517938e-05 5.073181818)
(0.004984778552 4.350150339e-05 5.073181818)
(0.005034776331 4.393782739e-05 5.073181818)
(0.00508477411 4.43741514e-05 5.073181818)
(0.005134771888 4.481047541e-05 5.073181818)
(0.005184769667 4.524679941e-05 5.073181818)
(0.005234767446 4.568312342e-05 5.073181818)
(0.005284765225 4.611944742e-05 5.073181818)
(0.005334763004 4.655577143e-05 5.073181818)
(0.004834785215 -4.219253137e-05 5.082272727)
(0.004884782994 -4.262885538e-05 5.082272727)
(0.004934780773 -4.306517938e-05 5.082272727)
(0.004984778552 -4.350150339e-05 5.082272727)
(0.005034776331 -4.393782739e-05 5.082272727)
(0.00508477411 -4.43741514e-05 5.082272727)
(0.005134771888 -4.481047541e-05 5.082272727)
(0.005184769667 -4.524679941e-05 5.082272727)
(0.005234767446 -4.568312342e-05 5.082272727)
(0.005284765225 -4.611944742e-05 5.082272727)
(0.005334763004 -4.655577143e-05 5.082272727)
(0.004834785215 4.219253137e-05 5.082272727)
(0.004884782994 4.262885538e-05 5.082272727)
(0.004934780773 4.306517938e-05 5.082272727)
(0.004984778552 4.350150339e-05 5.082272727)
(0.005034776331 4.393782739e-05 5.082272727)
(0.00508477411 4.43741514e-05 5.082272727)
(0.005134771888 4.481047541e-05 5.082272727)
(0.005184769667 4.524679941e-05 5.082272727)
(0.005234767446 4.568312342e-05 5.082272727)
(0.005284765225 4.611944742e-05 5.082272727)
(0.005334763004 4.655577143e-05 5.082272727)
(0.004834785215 -4.219253137e-05 5.091363636)
(0.004884782994 -4.262885538e-05 5.091363636)
(0.004934780773 -4.306517938e-05 5.091363636)
(0.004984778552 -4.350150339e-05 5.091363636)
(0.005034776331 -4.393782739e-05 5.091363636)
(0.00508477411 -4.43741514e-05 5.091363636)
(0.005134771888 -4.481047541e-05 5.091363636)
(0.005184769667 -4.524679941e-05 5.091363636)
(0.005234767446 -4.568312342e-05 5.091363636)
(0.005284765225 -4.611944742e-05 5.091363636)
(0.005334763004 -4.655577143e-05 5.091363636)
(0.004834785215 4.219253137e-05 5.091363636)
(0.004884782994 4.262885538e-05 5.091363636)
(0.004934780773 4.306517938e-05 5.091363636)
(0.004984778552 4.350150339e-05 5.091363636)
(0.005034776331 4.393782739e-05 5.091363636)
(0.00508477411 4.43741514e-05 5.091363636)
(0.005134771888 4.481047541e-05 5.091363636)
(0.005184769667 4.524679941e-05 5.091363636)
(0.005234767446 4.568312342e-05 5.091363636)
(0.005284765225 4.611944742e-05 5.091363636)
(0.005334763004 4.655577143e-05 5.091363636)
(0.004834785215 -4.219253137e-05 5.100454545)
(0.004884782994 -4.262885538e-05 5.100454545)
(0.004934780773 -4.306517938e-05 5.100454545)
(0.004984778552 -4.350150339e-05 5.100454545)
(0.005034776331 -4.393782739e-05 5.100454545)
(0.00508477411 -4.43741514e-05 5.100454545)
(0.005134771888 -4.481047541e-05 5.100454545)
(0.005184769667 -4.524679941e-05 5.100454545)
(0.005234767446 -4.568312342e-05 5.100454545)
(0.005284765225 -4.611944742e-05 5.100454545)
(0.005334763004 -4.655577143e-05 5.100454545)
(0.004834785215 4.219253137e-05 5.100454545)
(0.004884782994 4.262885538e-05 5.100454545)
(0.004934780773 4.306517938e-05 5.100454545)
(0.004984778552 4.350150339e-05 5.100454545)
(0.005034776331 4.393782739e-05 5.100454545)
(0.00508477411 4.43741514e-05 5.100454545)
(0.005134771888 4.481047541e-05 5.100454545)
(0.005184769667 4.524679941e-05 5.100454545)
(0.005234767446 4.568312342e-05 5.100454545)
(0.005284765225 4.611944742e-05 5.100454545)
(0.005334763004 4.655577143e-05 5.100454545)
(0.004834785215 -4.219253137e-05 5.109545455)
(0.004884782994 -4.262885538e-05 5.109545455)
(0.004934780773 -4.306517938e-05 5.109545455)
(0.004984778552 -4.350150339e-05 5.109545455)
(0.005034776331 -4.393782739e-05 5.109545455)
(0.00508477411 -4.43741514e-05 5.109545455)
(0.005134771888 -4.481047541e-05 5.109545455)
(0.005184769667 -4.524679941e-05 5.109545455)
(0.005234767446 -4.568312342e-05 5.109545455)
(0.005284765225 -4.611944742e-05 5.109545455)
(0.005334763004 -4.655577143e-05 5.109545455)
(0.004834785215 4.219253137e-05 5.109545455)
(0.004884782994 4.262885538e-05 5.109545455)
(0.004934780773 4.306517938e-05 5.109545455)
(0.004984778552 4.350150339e-05 5.109545455)
(0.005034776331 4.393782739e-05 5.109545455)
(0.00508477411 4.43741514e-05 5.109545455)
(0.005134771888 4.481047541e-05 5.109545455)
(0.005184769667 4.524679941e-05 5.109545455)
(0.005234767446 4.568312342e-05 5.109545455)
(0.005284765225 4.611944742e-05 5.109545455)
(0.005334763004 4.655577143e-05 5.109545455)
(0.004834785215 -4.219253137e-05 5.118636364)
(0.004884782994 -4.262885538e-05 5.118636364)
(0.004934780773 -4.306517938e-05 5.118636364)
(0.004984778552 -4.350150339e-05 5.118636364)
(0.005034776331 -4.393782739e-05 5.118636364)
(0.00508477411 -4.43741514e-05 5.118636364)
(0.005134771888 -4.481047541e-05 5.118636364)
(0.005184769667 -4.524679941e-05 5.118636364)
(0.005234767446 -4.568312342e-05 5.118636364)
(0.005284765225 -4.611944742e-05 5.118636364)
(0.005334763004 -4.655577143e-05 5.118636364)
(0.004834785215 4.219253137e-05 5.118636364)
(0.004884782994 4.262885538e-05 5.118636364)
(0.004934780773 4.306517938e-05 5.118636364)
(0.004984778552 4.350150339e-05 5.118636364)
(0.005034776331 4.393782739e-05 5.118636364)
(0.00508477411 4.43741514e-05 5.118636364)
(0.005134771888 4.481047541e-05 5.118636364)
(0.005184769667 4.524679941e-05 5.118636364)
(0.005234767446 4.568312342e-05 5.118636364)
(0.005284765225 4.611944742e-05 5.118636364)
(0.005334763004 4.655577143e-05 5.118636364)
(0.004834785215 -4.219253137e-05 5.127727273)
(0.004884782994 -4.262885538e-05 5.127727273)
(0.004934780773 -4.306517938e-05 5.127727273)
(0.004984778552 -4.350150339e-05 5.127727273)
(0.005034776331 -4.393782739e-05 5.127727273)
(0.00508477411 -4.43741514e-05 5.127727273)
(0.005134771888 -4.481047541e-05 5.127727273)
(0.005184769667 -4.524679941e-05 5.127727273)
(0.005234767446 -4.568312342e-05 5.127727273)
(0.005284765225 -4.611944742e-05 5.127727273)
(0.005334763004 -4.655577143e-05 5.127727273)
(0.004834785215 4.219253137e-05 5.127727273)
(0.004884782994 4.262885538e-05 5.127727273)
(0.004934780773 4.306517938e-05 5.127727273)
(0.004984778552 4.350150339e-05 5.127727273)
(0.005034776331 4.393782739e-05 5.127727273)
(0.00508477411 4.43741514e-05 5.127727273)
(0.005134771888 4.481047541e-05 5.127727273)
(0.005184769667 4.524679941e-05 5.127727273)
(0.005234767446 4.568312342e-05 5.127727273)
(0.005284765225 4.611944742e-05 5.127727273)
(0.005334763004 4.655577143e-05 5.127727273)
(0.004834785215 -4.219253137e-05 5.136818182)
(0.004884782994 -4.262885538e-05 5.136818182)
(0.004934780773 -4.306517938e-05 5.136818182)
(0.004984778552 -4.350150339e-05 5.136818182)
(0.005034776331 -4.393782739e-05 5.136818182)
(0.00508477411 -4.43741514e-05 5.136818182)
(0.005134771888 -4.481047541e-05 5.136818182)
(0.005184769667 -4.524679941e-05 5.136818182)
(0.005234767446 -4.568312342e-05 5.136818182)
(0.005284765225 -4.611944742e-05 5.136818182)
(0.005334763004 -4.655577143e-05 5.136818182)
(0.004834785215 4.219253137e-05 5.136818182)
(0.004884782994 4.262885538e-05 5.136818182)
(0.004934780773 4.306517938e-05 5.136818182)
(0.004984778552 4.350150339e-05 5.136818182)
(0.005034776331 4.393782739e-05 5.136818182)
(0.00508477411 4.43741514e-05 5.136818182)
(0.005134771888 4.481047541e-05 5.136818182)
(0.005184769667 4.524679941e-05 5.136818182)
(0.005234767446 4.568312342e-05 5.136818182)
(0.005284765225 4.611944742e-05 5.136818182)
(0.005334763004 4.655577143e-05 5.136818182)
(0.004834785215 -4.219253137e-05 5.145909091)
(0.004884782994 -4.262885538e-05 5.145909091)
(0.004934780773 -4.306517938e-05 5.145909091)
(0.004984778552 -4.350150339e-05 5.145909091)
(0.005034776331 -4.393782739e-05 5.145909091)
(0.00508477411 -4.43741514e-05 5.145909091)
(0.005134771888 -4.481047541e-05 5.145909091)
(0.005184769667 -4.524679941e-05 5.145909091)
(0.005234767446 -4.568312342e-05 5.145909091)
(0.005284765225 -4.611944742e-05 5.145909091)
(0.005334763004 -4.655577143e-05 5.145909091)
(0.004834785215 4.219253137e-05 5.145909091)
(0.004884782994 4.262885538e-05 5.145909091)
(0.004934780773 4.306517938e-05 5.145909091)
(0.004984778552 4.350150339e-05 5.145909091)
(0.005034776331 4.393782739e-05 5.145909091)
(0.00508477411 4.43741514e-05 5.145909091)
(0.005134771888 4.481047541e-05 5.145909091)
(0.005184769667 4.524679941e-05 5.145909091)
(0.005234767446 4.568312342e-05 5.145909091)
(0.005284765225 4.611944742e-05 5.145909091)
(0.005334763004 4.655577143e-05 5.145909091)
(0.004834785215 -4.219253137e-05 5.155)
(0.004884782994 -4.262885538e-05 5.155)
(0.004934780773 -4.306517938e-05 5.155)
(0.004984778552 -4.350150339e-05 5.155)
(0.005034776331 -4.393782739e-05 5.155)
(0.00508477411 -4.43741514e-05 5.155)
(0.005134771888 -4.481047541e-05 5.155)
(0.005184769667 -4.524679941e-05 5.155)
(0.005234767446 -4.568312342e-05 5.155)
(0.005284765225 -4.611944742e-05 5.155)
(0.005334763004 -4.655577143e-05 5.155)
(0.004834785215 4.219253137e-05 5.155)
(0.004884782994 4.262885538e-05 5.155)
(0.004934780773 4.306517938e-05 5.155)
(0.004984778552 4.350150339e-05 5.155)
(0.005034776331 4.393782739e-05 5.155)
(0.00508477411 4.43741514e-05 5.155)
(0.005134771888 4.481047541e-05 5.155)
(0.005184769667 4.524679941e-05 5.155)
(0.005234767446 4.568312342e-05 5.155)
(0.005284765225 4.611944742e-05 5.155)
(0.005334763004 4.655577143e-05 5.155)
(0.004834785215 -4.219253137e-05 5.164090909)
(0.004884782994 -4.262885538e-05 5.164090909)
(0.004934780773 -4.306517938e-05 5.164090909)
(0.004984778552 -4.350150339e-05 5.164090909)
(0.005034776331 -4.393782739e-05 5.164090909)
(0.00508477411 -4.43741514e-05 5.164090909)
(0.005134771888 -4.481047541e-05 5.164090909)
(0.005184769667 -4.524679941e-05 5.164090909)
(0.005234767446 -4.568312342e-05 5.164090909)
(0.005284765225 -4.611944742e-05 5.164090909)
(0.005334763004 -4.655577143e-05 5.164090909)
(0.004834785215 4.219253137e-05 5.164090909)
(0.004884782994 4.262885538e-05 5.164090909)
(0.004934780773 4.306517938e-05 5.164090909)
(0.004984778552 4.350150339e-05 5.164090909)
(0.005034776331 4.393782739e-05 5.164090909)
(0.00508477411 4.43741514e-05 5.164090909)
(0.005134771888 4.481047541e-05 5.164090909)
(0.005184769667 4.524679941e-05 5.164090909)
(0.005234767446 4.568312342e-05 5.164090909)
(0.005284765225 4.611944742e-05 5.164090909)
(0.005334763004 4.655577143e-05 5.164090909)
(0.004834785215 -4.219253137e-05 5.173181818)
(0.004884782994 -4.262885538e-05 5.173181818)
(0.004934780773 -4.306517938e-05 5.173181818)
(0.004984778552 -4.350150339e-05 5.173181818)
(0.005034776331 -4.393782739e-05 5.173181818)
(0.00508477411 -4.43741514e-05 5.173181818)
(0.005134771888 -4.481047541e-05 5.173181818)
(0.005184769667 -4.524679941e-05 5.173181818)
(0.005234767446 -4.568312342e-05 5.173181818)
(0.005284765225 -4.611944742e-05 5.173181818)
(0.005334763004 -4.655577143e-05 5.173181818)
(0.004834785215 4.219253137e-05 5.173181818)
(0.004884782994 4.262885538e-05 5.173181818)
(0.004934780773 4.306517938e-05 5.173181818)
(0.004984778552 4.350150339e-05 5.173181818)
(0.005034776331 4.393782739e-05 5.173181818)
(0.00508477411 4.43741514e-05 5.173181818)
(0.005134771888 4.481047541e-05 5.173181818)
(0.005184769667 4.524679941e-05 5.173181818)
(0.005234767446 4.568312342e-05 5.173181818)
(0.005284765225 4.611944742e-05 5.173181818)
(0.005334763004 4.655577143e-05 5.173181818)
(0.004834785215 -4.219253137e-05 5.182272727)
(0.004884782994 -4.262885538e-05 5.182272727)
(0.004934780773 -4.306517938e-05 5.182272727)
(0.004984778552 -4.350150339e-05 5.182272727)
(0.005034776331 -4.393782739e-05 5.182272727)
(0.00508477411 -4.43741514e-05 5.182272727)
(0.005134771888 -4.481047541e-05 5.182272727)
(0.005184769667 -4.524679941e-05 5.182272727)
(0.005234767446 -4.568312342e-05 5.182272727)
(0.005284765225 -4.611944742e-05 5.182272727)
(0.005334763004 -4.655577143e-05 5.182272727)
(0.004834785215 4.219253137e-05 5.182272727)
(0.004884782994 4.262885538e-05 5.182272727)
(0.004934780773 4.306517938e-05 5.182272727)
(0.004984778552 4.350150339e-05 5.182272727)
(0.005034776331 4.393782739e-05 5.182272727)
(0.00508477411 4.43741514e-05 5.182272727)
(0.005134771888 4.481047541e-05 5.182272727)
(0.005184769667 4.524679941e-05 5.182272727)
(0.005234767446 4.568312342e-05 5.182272727)
(0.005284765225 4.611944742e-05 5.182272727)
(0.005334763004 4.655577143e-05 5.182272727)
(0.004834785215 -4.219253137e-05 5.191363636)
(0.004884782994 -4.262885538e-05 5.191363636)
(0.004934780773 -4.306517938e-05 5.191363636)
(0.004984778552 -4.350150339e-05 5.191363636)
(0.005034776331 -4.393782739e-05 5.191363636)
(0.00508477411 -4.43741514e-05 5.191363636)
(0.005134771888 -4.481047541e-05 5.191363636)
(0.005184769667 -4.524679941e-05 5.191363636)
(0.005234767446 -4.568312342e-05 5.191363636)
(0.005284765225 -4.611944742e-05 5.191363636)
(0.005334763004 -4.655577143e-05 5.191363636)
(0.004834785215 4.219253137e-05 5.191363636)
(0.004884782994 4.262885538e-05 5.191363636)
(0.004934780773 4.306517938e-05 5.191363636)
(0.004984778552 4.350150339e-05 5.191363636)
(0.005034776331 4.393782739e-05 5.191363636)
(0.00508477411 4.43741514e-05 5.191363636)
(0.005134771888 4.481047541e-05 5.191363636)
(0.005184769667 4.524679941e-05 5.191363636)
(0.005234767446 4.568312342e-05 5.191363636)
(0.005284765225 4.611944742e-05 5.191363636)
(0.005334763004 4.655577143e-05 5.191363636)
(0.004834785215 -4.219253137e-05 5.200454545)
(0.004884782994 -4.262885538e-05 5.200454545)
(0.004934780773 -4.306517938e-05 5.200454545)
(0.004984778552 -4.350150339e-05 5.200454545)
(0.005034776331 -4.393782739e-05 5.200454545)
(0.00508477411 -4.43741514e-05 5.200454545)
(0.005134771888 -4.481047541e-05 5.200454545)
(0.005184769667 -4.524679941e-05 5.200454545)
(0.005234767446 -4.568312342e-05 5.200454545)
(0.005284765225 -4.611944742e-05 5.200454545)
(0.005334763004 -4.655577143e-05 5.200454545)
(0.004834785215 4.219253137e-05 5.200454545)
(0.004884782994 4.262885538e-05 5.200454545)
(0.004934780773 4.306517938e-05 5.200454545)
(0.004984778552 4.350150339e-05 5.200454545)
(0.005034776331 4.393782739e-05 5.200454545)
(0.00508477411 4.43741514e-05 5.200454545)
(0.005134771888 4.481047541e-05 5.200454545)
(0.005184769667 4.524679941e-05 5.200454545)
(0.005234767446 4.568312342e-05 5.200454545)
(0.005284765225 4.611944742e-05 5.200454545)
(0.005334763004 4.655577143e-05 5.200454545)
(0.004834785215 -4.219253137e-05 5.209545455)
(0.004884782994 -4.262885538e-05 5.209545455)
(0.004934780773 -4.306517938e-05 5.209545455)
(0.004984778552 -4.350150339e-05 5.209545455)
(0.005034776331 -4.393782739e-05 5.209545455)
(0.00508477411 -4.43741514e-05 5.209545455)
(0.005134771888 -4.481047541e-05 5.209545455)
(0.005184769667 -4.524679941e-05 5.209545455)
(0.005234767446 -4.568312342e-05 5.209545455)
(0.005284765225 -4.611944742e-05 5.209545455)
(0.005334763004 -4.655577143e-05 5.209545455)
(0.004834785215 4.219253137e-05 5.209545455)
(0.004884782994 4.262885538e-05 5.209545455)
(0.004934780773 4.306517938e-05 5.209545455)
(0.004984778552 4.350150339e-05 5.209545455)
(0.005034776331 4.393782739e-05 5.209545455)
(0.00508477411 4.43741514e-05 5.209545455)
(0.005134771888 4.481047541e-05 5.209545455)
(0.005184769667 4.524679941e-05 5.209545455)
(0.005234767446 4.568312342e-05 5.209545455)
(0.005284765225 4.611944742e-05 5.209545455)
(0.005334763004 4.655577143e-05 5.209545455)
(0.004834785215 -4.219253137e-05 5.218636364)
(0.004884782994 -4.262885538e-05 5.218636364)
(0.004934780773 -4.306517938e-05 5.218636364)
(0.004984778552 -4.350150339e-05 5.218636364)
(0.005034776331 -4.393782739e-05 5.218636364)
(0.00508477411 -4.43741514e-05 5.218636364)
(0.005134771888 -4.481047541e-05 5.218636364)
(0.005184769667 -4.524679941e-05 5.218636364)
(0.005234767446 -4.568312342e-05 5.218636364)
(0.005284765225 -4.611944742e-05 5.218636364)
(0.005334763004 -4.655577143e-05 5.218636364)
(0.004834785215 4.219253137e-05 5.218636364)
(0.004884782994 4.262885538e-05 5.218636364)
(0.004934780773 4.306517938e-05 5.218636364)
(0.004984778552 4.350150339e-05 5.218636364)
(0.005034776331 4.393782739e-05 5.218636364)
(0.00508477411 4.43741514e-05 5.218636364)
(0.005134771888 4.481047541e-05 5.218636364)
(0.005184769667 4.524679941e-05 5.218636364)
(0.005234767446 4.568312342e-05 5.218636364)
(0.005284765225 4.611944742e-05 5.218636364)
(0.005334763004 4.655577143e-05 5.218636364)
(0.004834785215 -4.219253137e-05 5.227727273)
(0.004884782994 -4.262885538e-05 5.227727273)
(0.004934780773 -4.306517938e-05 5.227727273)
(0.004984778552 -4.350150339e-05 5.227727273)
(0.005034776331 -4.393782739e-05 5.227727273)
(0.00508477411 -4.43741514e-05 5.227727273)
(0.005134771888 -4.481047541e-05 5.227727273)
(0.005184769667 -4.524679941e-05 5.227727273)
(0.005234767446 -4.568312342e-05 5.227727273)
(0.005284765225 -4.611944742e-05 5.227727273)
(0.005334763004 -4.655577143e-05 5.227727273)
(0.004834785215 4.219253137e-05 5.227727273)
(0.004884782994 4.262885538e-05 5.227727273)
(0.004934780773 4.306517938e-05 5.227727273)
(0.004984778552 4.350150339e-05 5.227727273)
(0.005034776331 4.393782739e-05 5.227727273)
(0.00508477411 4.43741514e-05 5.227727273)
(0.005134771888 4.481047541e-05 5.227727273)
(0.005184769667 4.524679941e-05 5.227727273)
(0.005234767446 4.568312342e-05 5.227727273)
(0.005284765225 4.611944742e-05 5.227727273)
(0.005334763004 4.655577143e-05 5.227727273)
(0.004834785215 -4.219253137e-05 5.236818182)
(0.004884782994 -4.262885538e-05 5.236818182)
(0.004934780773 -4.306517938e-05 5.236818182)
(0.004984778552 -4.350150339e-05 5.236818182)
(0.005034776331 -4.393782739e-05 5.236818182)
(0.00508477411 -4.43741514e-05 5.236818182)
(0.005134771888 -4.481047541e-05 5.236818182)
(0.005184769667 -4.524679941e-05 5.236818182)
(0.005234767446 -4.568312342e-05 5.236818182)
(0.005284765225 -4.611944742e-05 5.236818182)
(0.005334763004 -4.655577143e-05 5.236818182)
(0.004834785215 4.219253137e-05 5.236818182)
(0.004884782994 4.262885538e-05 5.236818182)
(0.004934780773 4.306517938e-05 5.236818182)
(0.004984778552 4.350150339e-05 5.236818182)
(0.005034776331 4.393782739e-05 5.236818182)
(0.00508477411 4.43741514e-05 5.236818182)
(0.005134771888 4.481047541e-05 5.236818182)
(0.005184769667 4.524679941e-05 5.236818182)
(0.005234767446 4.568312342e-05 5.236818182)
(0.005284765225 4.611944742e-05 5.236818182)
(0.005334763004 4.655577143e-05 5.236818182)
(0.004834785215 -4.219253137e-05 5.245909091)
(0.004884782994 -4.262885538e-05 5.245909091)
(0.004934780773 -4.306517938e-05 5.245909091)
(0.004984778552 -4.350150339e-05 5.245909091)
(0.005034776331 -4.393782739e-05 5.245909091)
(0.00508477411 -4.43741514e-05 5.245909091)
(0.005134771888 -4.481047541e-05 5.245909091)
(0.005184769667 -4.524679941e-05 5.245909091)
(0.005234767446 -4.568312342e-05 5.245909091)
(0.005284765225 -4.611944742e-05 5.245909091)
(0.005334763004 -4.655577143e-05 5.245909091)
(0.004834785215 4.219253137e-05 5.245909091)
(0.004884782994 4.262885538e-05 5.245909091)
(0.004934780773 4.306517938e-05 5.245909091)
(0.004984778552 4.350150339e-05 5.245909091)
(0.005034776331 4.393782739e-05 5.245909091)
(0.00508477411 4.43741514e-05 5.245909091)
(0.005134771888 4.481047541e-05 5.245909091)
(0.005184769667 4.524679941e-05 5.245909091)
(0.005234767446 4.568312342e-05 5.245909091)
(0.005284765225 4.611944742e-05 5.245909091)
(0.005334763004 4.655577143e-05 5.245909091)
(0.004834785215 -4.219253137e-05 5.255)
(0.004884782994 -4.262885538e-05 5.255)
(0.004934780773 -4.306517938e-05 5.255)
(0.004984778552 -4.350150339e-05 5.255)
(0.005034776331 -4.393782739e-05 5.255)
(0.00508477411 -4.43741514e-05 5.255)
(0.005134771888 -4.481047541e-05 5.255)
(0.005184769667 -4.524679941e-05 5.255)
(0.005234767446 -4.568312342e-05 5.255)
(0.005284765225 -4.611944742e-05 5.255)
(0.005334763004 -4.655577143e-05 5.255)
(0.004834785215 4.219253137e-05 5.255)
(0.004884782994 4.262885538e-05 5.255)
(0.004934780773 4.306517938e-05 5.255)
(0.004984778552 4.350150339e-05 5.255)
(0.005034776331 4.393782739e-05 5.255)
(0.00508477411 4.43741514e-05 5.255)
(0.005134771888 4.481047541e-05 5.255)
(0.005184769667 4.524679941e-05 5.255)
(0.005234767446 4.568312342e-05 5.255)
(0.005284765225 4.611944742e-05 5.255)
(0.005334763004 4.655577143e-05 5.255)
(0.004834785215 -4.219253137e-05 5.264090909)
(0.004884782994 -4.262885538e-05 5.264090909)
(0.004934780773 -4.306517938e-05 5.264090909)
(0.004984778552 -4.350150339e-05 5.264090909)
(0.005034776331 -4.393782739e-05 5.264090909)
(0.00508477411 -4.43741514e-05 5.264090909)
(0.005134771888 -4.481047541e-05 5.264090909)
(0.005184769667 -4.524679941e-05 5.264090909)
(0.005234767446 -4.568312342e-05 5.264090909)
(0.005284765225 -4.611944742e-05 5.264090909)
(0.005334763004 -4.655577143e-05 5.264090909)
(0.004834785215 4.219253137e-05 5.264090909)
(0.004884782994 4.262885538e-05 5.264090909)
(0.004934780773 4.306517938e-05 5.264090909)
(0.004984778552 4.350150339e-05 5.264090909)
(0.005034776331 4.393782739e-05 5.264090909)
(0.00508477411 4.43741514e-05 5.264090909)
(0.005134771888 4.481047541e-05 5.264090909)
(0.005184769667 4.524679941e-05 5.264090909)
(0.005234767446 4.568312342e-05 5.264090909)
(0.005284765225 4.611944742e-05 5.264090909)
(0.005334763004 4.655577143e-05 5.264090909)
(0.004834785215 -4.219253137e-05 5.273181818)
(0.004884782994 -4.262885538e-05 5.273181818)
(0.004934780773 -4.306517938e-05 5.273181818)
(0.004984778552 -4.350150339e-05 5.273181818)
(0.005034776331 -4.393782739e-05 5.273181818)
(0.00508477411 -4.43741514e-05 5.273181818)
(0.005134771888 -4.481047541e-05 5.273181818)
(0.005184769667 -4.524679941e-05 5.273181818)
(0.005234767446 -4.568312342e-05 5.273181818)
(0.005284765225 -4.611944742e-05 5.273181818)
(0.005334763004 -4.655577143e-05 5.273181818)
(0.004834785215 4.219253137e-05 5.273181818)
(0.004884782994 4.262885538e-05 5.273181818)
(0.004934780773 4.306517938e-05 5.273181818)
(0.004984778552 4.350150339e-05 5.273181818)
(0.005034776331 4.393782739e-05 5.273181818)
(0.00508477411 4.43741514e-05 5.273181818)
(0.005134771888 4.481047541e-05 5.273181818)
(0.005184769667 4.524679941e-05 5.273181818)
(0.005234767446 4.568312342e-05 5.273181818)
(0.005284765225 4.611944742e-05 5.273181818)
(0.005334763004 4.655577143e-05 5.273181818)
(0.004834785215 -4.219253137e-05 5.282272727)
(0.004884782994 -4.262885538e-05 5.282272727)
(0.004934780773 -4.306517938e-05 5.282272727)
(0.004984778552 -4.350150339e-05 5.282272727)
(0.005034776331 -4.393782739e-05 5.282272727)
(0.00508477411 -4.43741514e-05 5.282272727)
(0.005134771888 -4.481047541e-05 5.282272727)
(0.005184769667 -4.524679941e-05 5.282272727)
(0.005234767446 -4.568312342e-05 5.282272727)
(0.005284765225 -4.611944742e-05 5.282272727)
(0.005334763004 -4.655577143e-05 5.282272727)
(0.004834785215 4.219253137e-05 5.282272727)
(0.004884782994 4.262885538e-05 5.282272727)
(0.004934780773 4.306517938e-05 5.282272727)
(0.004984778552 4.350150339e-05 5.282272727)
(0.005034776331 4.393782739e-05 5.282272727)
(0.00508477411 4.43741514e-05 5.282272727)
(0.005134771888 4.481047541e-05 5.282272727)
(0.005184769667 4.524679941e-05 5.282272727)
(0.005234767446 4.568312342e-05 5.282272727)
(0.005284765225 4.611944742e-05 5.282272727)
(0.005334763004 4.655577143e-05 5.282272727)
(0.004834785215 -4.219253137e-05 5.291363636)
(0.004884782994 -4.262885538e-05 5.291363636)
(0.004934780773 -4.306517938e-05 5.291363636)
(0.004984778552 -4.350150339e-05 5.291363636)
(0.005034776331 -4.393782739e-05 5.291363636)
(0.00508477411 -4.43741514e-05 5.291363636)
(0.005134771888 -4.481047541e-05 5.291363636)
(0.005184769667 -4.524679941e-05 5.291363636)
(0.005234767446 -4.568312342e-05 5.291363636)
(0.005284765225 -4.611944742e-05 5.291363636)
(0.005334763004 -4.655577143e-05 5.291363636)
(0.004834785215 4.219253137e-05 5.291363636)
(0.004884782994 4.262885538e-05 5.291363636)
(0.004934780773 4.306517938e-05 5.291363636)
(0.004984778552 4.350150339e-05 5.291363636)
(0.005034776331 4.393782739e-05 5.291363636)
(0.00508477411 4.43741514e-05 5.291363636)
(0.005134771888 4.481047541e-05 5.291363636)
(0.005184769667 4.524679941e-05 5.291363636)
(0.005234767446 4.568312342e-05 5.291363636)
(0.005284765225 4.611944742e-05 5.291363636)
(0.005334763004 4.655577143e-05 5.291363636)
(0.004834785215 -4.219253137e-05 5.300454545)
(0.004884782994 -4.262885538e-05 5.300454545)
(0.004934780773 -4.306517938e-05 5.300454545)
(0.004984778552 -4.350150339e-05 5.300454545)
(0.005034776331 -4.393782739e-05 5.300454545)
(0.00508477411 -4.43741514e-05 5.300454545)
(0.005134771888 -4.481047541e-05 5.300454545)
(0.005184769667 -4.524679941e-05 5.300454545)
(0.005234767446 -4.568312342e-05 5.300454545)
(0.005284765225 -4.611944742e-05 5.300454545)
(0.005334763004 -4.655577143e-05 5.300454545)
(0.004834785215 4.219253137e-05 5.300454545)
(0.004884782994 4.262885538e-05 5.300454545)
(0.004934780773 4.306517938e-05 5.300454545)
(0.004984778552 4.350150339e-05 5.300454545)
(0.005034776331 4.393782739e-05 5.300454545)
(0.00508477411 4.43741514e-05 5.300454545)
(0.005134771888 4.481047541e-05 5.300454545)
(0.005184769667 4.524679941e-05 5.300454545)
(0.005234767446 4.568312342e-05 5.300454545)
(0.005284765225 4.611944742e-05 5.300454545)
(0.005334763004 4.655577143e-05 5.300454545)
(0.004834785215 -4.219253137e-05 5.309545455)
(0.004884782994 -4.262885538e-05 5.309545455)
(0.004934780773 -4.306517938e-05 5.309545455)
(0.004984778552 -4.350150339e-05 5.309545455)
(0.005034776331 -4.393782739e-05 5.309545455)
(0.00508477411 -4.43741514e-05 5.309545455)
(0.005134771888 -4.481047541e-05 5.309545455)
(0.005184769667 -4.524679941e-05 5.309545455)
(0.005234767446 -4.568312342e-05 5.309545455)
(0.005284765225 -4.611944742e-05 5.309545455)
(0.005334763004 -4.655577143e-05 5.309545455)
(0.004834785215 4.219253137e-05 5.309545455)
(0.004884782994 4.262885538e-05 5.309545455)
(0.004934780773 4.306517938e-05 5.309545455)
(0.004984778552 4.350150339e-05 5.309545455)
(0.005034776331 4.393782739e-05 5.309545455)
(0.00508477411 4.43741514e-05 5.309545455)
(0.005134771888 4.481047541e-05 5.309545455)
(0.005184769667 4.524679941e-05 5.309545455)
(0.005234767446 4.568312342e-05 5.309545455)
(0.005284765225 4.611944742e-05 5.309545455)
(0.005334763004 4.655577143e-05 5.309545455)
(0.004834785215 -4.219253137e-05 5.318636364)
(0.004884782994 -4.262885538e-05 5.318636364)
(0.004934780773 -4.306517938e-05 5.318636364)
(0.004984778552 -4.350150339e-05 5.318636364)
(0.005034776331 -4.393782739e-05 5.318636364)
(0.00508477411 -4.43741514e-05 5.318636364)
(0.005134771888 -4.481047541e-05 5.318636364)
(0.005184769667 -4.524679941e-05 5.318636364)
(0.005234767446 -4.568312342e-05 5.318636364)
(0.005284765225 -4.611944742e-05 5.318636364)
(0.005334763004 -4.655577143e-05 5.318636364)
(0.004834785215 4.219253137e-05 5.318636364)
(0.004884782994 4.262885538e-05 5.318636364)
(0.004934780773 4.306517938e-05 5.318636364)
(0.004984778552 4.350150339e-05 5.318636364)
(0.005034776331 4.393782739e-05 5.318636364)
(0.00508477411 4.43741514e-05 5.318636364)
(0.005134771888 4.481047541e-05 5.318636364)
(0.005184769667 4.524679941e-05 5.318636364)
(0.005234767446 4.568312342e-05 5.318636364)
(0.005284765225 4.611944742e-05 5.318636364)
(0.005334763004 4.655577143e-05 5.318636364)
(0.004834785215 -4.219253137e-05 5.327727273)
(0.004884782994 -4.262885538e-05 5.327727273)
(0.004934780773 -4.306517938e-05 5.327727273)
(0.004984778552 -4.350150339e-05 5.327727273)
(0.005034776331 -4.393782739e-05 5.327727273)
(0.00508477411 -4.43741514e-05 5.327727273)
(0.005134771888 -4.481047541e-05 5.327727273)
(0.005184769667 -4.524679941e-05 5.327727273)
(0.005234767446 -4.568312342e-05 5.327727273)
(0.005284765225 -4.611944742e-05 5.327727273)
(0.005334763004 -4.655577143e-05 5.327727273)
(0.004834785215 4.219253137e-05 5.327727273)
(0.004884782994 4.262885538e-05 5.327727273)
(0.004934780773 4.306517938e-05 5.327727273)
(0.004984778552 4.350150339e-05 5.327727273)
(0.005034776331 4.393782739e-05 5.327727273)
(0.00508477411 4.43741514e-05 5.327727273)
(0.005134771888 4.481047541e-05 5.327727273)
(0.005184769667 4.524679941e-05 5.327727273)
(0.005234767446 4.568312342e-05 5.327727273)
(0.005284765225 4.611944742e-05 5.327727273)
(0.005334763004 4.655577143e-05 5.327727273)
(0.004834785215 -4.219253137e-05 5.336818182)
(0.004884782994 -4.262885538e-05 5.336818182)
(0.004934780773 -4.306517938e-05 5.336818182)
(0.004984778552 -4.350150339e-05 5.336818182)
(0.005034776331 -4.393782739e-05 5.336818182)
(0.00508477411 -4.43741514e-05 5.336818182)
(0.005134771888 -4.481047541e-05 5.336818182)
(0.005184769667 -4.524679941e-05 5.336818182)
(0.005234767446 -4.568312342e-05 5.336818182)
(0.005284765225 -4.611944742e-05 5.336818182)
(0.005334763004 -4.655577143e-05 5.336818182)
(0.004834785215 4.219253137e-05 5.336818182)
(0.004884782994 4.262885538e-05 5.336818182)
(0.004934780773 4.306517938e-05 5.336818182)
(0.004984778552 4.350150339e-05 5.336818182)
(0.005034776331 4.393782739e-05 5.336818182)
(0.00508477411 4.43741514e-05 5.336818182)
(0.005134771888 4.481047541e-05 5.336818182)
(0.005184769667 4.524679941e-05 5.336818182)
(0.005234767446 4.568312342e-05 5.336818182)
(0.005284765225 4.611944742e-05 5.336818182)
(0.005334763004 4.655577143e-05 5.336818182)
(0.004834785215 -4.219253137e-05 5.345909091)
(0.004884782994 -4.262885538e-05 5.345909091)
(0.004934780773 -4.306517938e-05 5.345909091)
(0.004984778552 -4.350150339e-05 5.345909091)
(0.005034776331 -4.393782739e-05 5.345909091)
(0.00508477411 -4.43741514e-05 5.345909091)
(0.005134771888 -4.481047541e-05 5.345909091)
(0.005184769667 -4.524679941e-05 5.345909091)
(0.005234767446 -4.568312342e-05 5.345909091)
(0.005284765225 -4.611944742e-05 5.345909091)
(0.005334763004 -4.655577143e-05 5.345909091)
(0.004834785215 4.219253137e-05 5.345909091)
(0.004884782994 4.262885538e-05 5.345909091)
(0.004934780773 4.306517938e-05 5.345909091)
(0.004984778552 4.350150339e-05 5.345909091)
(0.005034776331 4.393782739e-05 5.345909091)
(0.00508477411 4.43741514e-05 5.345909091)
(0.005134771888 4.481047541e-05 5.345909091)
(0.005184769667 4.524679941e-05 5.345909091)
(0.005234767446 4.568312342e-05 5.345909091)
(0.005284765225 4.611944742e-05 5.345909091)
(0.005334763004 4.655577143e-05 5.345909091)
(0.004834785215 -4.219253137e-05 5.355)
(0.004884782994 -4.262885538e-05 5.355)
(0.004934780773 -4.306517938e-05 5.355)
(0.004984778552 -4.350150339e-05 5.355)
(0.005034776331 -4.393782739e-05 5.355)
(0.00508477411 -4.43741514e-05 5.355)
(0.005134771888 -4.481047541e-05 5.355)
(0.005184769667 -4.524679941e-05 5.355)
(0.005234767446 -4.568312342e-05 5.355)
(0.005284765225 -4.611944742e-05 5.355)
(0.005334763004 -4.655577143e-05 5.355)
(0.004834785215 4.219253137e-05 5.355)
(0.004884782994 4.262885538e-05 5.355)
(0.004934780773 4.306517938e-05 5.355)
(0.004984778552 4.350150339e-05 5.355)
(0.005034776331 4.393782739e-05 5.355)
(0.00508477411 4.43741514e-05 5.355)
(0.005134771888 4.481047541e-05 5.355)
(0.005184769667 4.524679941e-05 5.355)
(0.005234767446 4.568312342e-05 5.355)
(0.005284765225 4.611944742e-05 5.355)
(0.005334763004 4.655577143e-05 5.355)
(0.004834785215 -4.219253137e-05 5.364090909)
(0.004884782994 -4.262885538e-05 5.364090909)
(0.004934780773 -4.306517938e-05 5.364090909)
(0.004984778552 -4.350150339e-05 5.364090909)
(0.005034776331 -4.393782739e-05 5.364090909)
(0.00508477411 -4.43741514e-05 5.364090909)
(0.005134771888 -4.481047541e-05 5.364090909)
(0.005184769667 -4.524679941e-05 5.364090909)
(0.005234767446 -4.568312342e-05 5.364090909)
(0.005284765225 -4.611944742e-05 5.364090909)
(0.005334763004 -4.655577143e-05 5.364090909)
(0.004834785215 4.219253137e-05 5.364090909)
(0.004884782994 4.262885538e-05 5.364090909)
(0.004934780773 4.306517938e-05 5.364090909)
(0.004984778552 4.350150339e-05 5.364090909)
(0.005034776331 4.393782739e-05 5.364090909)
(0.00508477411 4.43741514e-05 5.364090909)
(0.005134771888 4.481047541e-05 5.364090909)
(0.005184769667 4.524679941e-05 5.364090909)
(0.005234767446 4.568312342e-05 5.364090909)
(0.005284765225 4.611944742e-05 5.364090909)
(0.005334763004 4.655577143e-05 5.364090909)
(0.004834785215 -4.219253137e-05 5.373181818)
(0.004884782994 -4.262885538e-05 5.373181818)
(0.004934780773 -4.306517938e-05 5.373181818)
(0.004984778552 -4.350150339e-05 5.373181818)
(0.005034776331 -4.393782739e-05 5.373181818)
(0.00508477411 -4.43741514e-05 5.373181818)
(0.005134771888 -4.481047541e-05 5.373181818)
(0.005184769667 -4.524679941e-05 5.373181818)
(0.005234767446 -4.568312342e-05 5.373181818)
(0.005284765225 -4.611944742e-05 5.373181818)
(0.005334763004 -4.655577143e-05 5.373181818)
(0.004834785215 4.219253137e-05 5.373181818)
(0.004884782994 4.262885538e-05 5.373181818)
(0.004934780773 4.306517938e-05 5.373181818)
(0.004984778552 4.350150339e-05 5.373181818)
(0.005034776331 4.393782739e-05 5.373181818)
(0.00508477411 4.43741514e-05 5.373181818)
(0.005134771888 4.481047541e-05 5.373181818)
(0.005184769667 4.524679941e-05 5.373181818)
(0.005234767446 4.568312342e-05 5.373181818)
(0.005284765225 4.611944742e-05 5.373181818)
(0.005334763004 4.655577143e-05 5.373181818)
(0.004834785215 -4.219253137e-05 5.382272727)
(0.004884782994 -4.262885538e-05 5.382272727)
(0.004934780773 -4.306517938e-05 5.382272727)
(0.004984778552 -4.350150339e-05 5.382272727)
(0.005034776331 -4.393782739e-05 5.382272727)
(0.00508477411 -4.43741514e-05 5.382272727)
(0.005134771888 -4.481047541e-05 5.382272727)
(0.005184769667 -4.524679941e-05 5.382272727)
(0.005234767446 -4.568312342e-05 5.382272727)
(0.005284765225 -4.611944742e-05 5.382272727)
(0.005334763004 -4.655577143e-05 5.382272727)
(0.004834785215 4.219253137e-05 5.382272727)
(0.004884782994 4.262885538e-05 5.382272727)
(0.004934780773 4.306517938e-05 5.382272727)
(0.004984778552 4.350150339e-05 5.382272727)
(0.005034776331 4.393782739e-05 5.382272727)
(0.00508477411 4.43741514e-05 5.382272727)
(0.005134771888 4.481047541e-05 5.382272727)
(0.005184769667 4.524679941e-05 5.382272727)
(0.005234767446 4.568312342e-05 5.382272727)
(0.005284765225 4.611944742e-05 5.382272727)
(0.005334763004 4.655577143e-05 5.382272727)
(0.004834785215 -4.219253137e-05 5.391363636)
(0.004884782994 -4.262885538e-05 5.391363636)
(0.004934780773 -4.306517938e-05 5.391363636)
(0.004984778552 -4.350150339e-05 5.391363636)
(0.005034776331 -4.393782739e-05 5.391363636)
(0.00508477411 -4.43741514e-05 5.391363636)
(0.005134771888 -4.481047541e-05 5.391363636)
(0.005184769667 -4.524679941e-05 5.391363636)
(0.005234767446 -4.568312342e-05 5.391363636)
(0.005284765225 -4.611944742e-05 5.391363636)
(0.005334763004 -4.655577143e-05 5.391363636)
(0.004834785215 4.219253137e-05 5.391363636)
(0.004884782994 4.262885538e-05 5.391363636)
(0.004934780773 4.306517938e-05 5.391363636)
(0.004984778552 4.350150339e-05 5.391363636)
(0.005034776331 4.393782739e-05 5.391363636)
(0.00508477411 4.43741514e-05 5.391363636)
(0.005134771888 4.481047541e-05 5.391363636)
(0.005184769667 4.524679941e-05 5.391363636)
(0.005234767446 4.568312342e-05 5.391363636)
(0.005284765225 4.611944742e-05 5.391363636)
(0.005334763004 4.655577143e-05 5.391363636)
(0.004834785215 -4.219253137e-05 5.400454545)
(0.004884782994 -4.262885538e-05 5.400454545)
(0.004934780773 -4.306517938e-05 5.400454545)
(0.004984778552 -4.350150339e-05 5.400454545)
(0.005034776331 -4.393782739e-05 5.400454545)
(0.00508477411 -4.43741514e-05 5.400454545)
(0.005134771888 -4.481047541e-05 5.400454545)
(0.005184769667 -4.524679941e-05 5.400454545)
(0.005234767446 -4.568312342e-05 5.400454545)
(0.005284765225 -4.611944742e-05 5.400454545)
(0.005334763004 -4.655577143e-05 5.400454545)
(0.004834785215 4.219253137e-05 5.400454545)
(0.004884782994 4.262885538e-05 5.400454545)
(0.004934780773 4.306517938e-05 5.400454545)
(0.004984778552 4.350150339e-05 5.400454545)
(0.005034776331 4.393782739e-05 5.400454545)
(0.00508477411 4.43741514e-05 5.400454545)
(0.005134771888 4.481047541e-05 5.400454545)
(0.005184769667 4.524679941e-05 5.400454545)
(0.005234767446 4.568312342e-05 5.400454545)
(0.005284765225 4.611944742e-05 5.400454545)
(0.005334763004 4.655577143e-05 5.400454545)
(0.004834785215 -4.219253137e-05 5.409545455)
(0.004884782994 -4.262885538e-05 5.409545455)
(0.004934780773 -4.306517938e-05 5.409545455)
(0.004984778552 -4.350150339e-05 5.409545455)
(0.005034776331 -4.393782739e-05 5.409545455)
(0.00508477411 -4.43741514e-05 5.409545455)
(0.005134771888 -4.481047541e-05 5.409545455)
(0.005184769667 -4.524679941e-05 5.409545455)
(0.005234767446 -4.568312342e-05 5.409545455)
(0.005284765225 -4.611944742e-05 5.409545455)
(0.005334763004 -4.655577143e-05 5.409545455)
(0.004834785215 4.219253137e-05 5.409545455)
(0.004884782994 4.262885538e-05 5.409545455)
(0.004934780773 4.306517938e-05 5.409545455)
(0.004984778552 4.350150339e-05 5.409545455)
(0.005034776331 4.393782739e-05 5.409545455)
(0.00508477411 4.43741514e-05 5.409545455)
(0.005134771888 4.481047541e-05 5.409545455)
(0.005184769667 4.524679941e-05 5.409545455)
(0.005234767446 4.568312342e-05 5.409545455)
(0.005284765225 4.611944742e-05 5.409545455)
(0.005334763004 4.655577143e-05 5.409545455)
(0.004834785215 -4.219253137e-05 5.418636364)
(0.004884782994 -4.262885538e-05 5.418636364)
(0.004934780773 -4.306517938e-05 5.418636364)
(0.004984778552 -4.350150339e-05 5.418636364)
(0.005034776331 -4.393782739e-05 5.418636364)
(0.00508477411 -4.43741514e-05 5.418636364)
(0.005134771888 -4.481047541e-05 5.418636364)
(0.005184769667 -4.524679941e-05 5.418636364)
(0.005234767446 -4.568312342e-05 5.418636364)
(0.005284765225 -4.611944742e-05 5.418636364)
(0.005334763004 -4.655577143e-05 5.418636364)
(0.004834785215 4.219253137e-05 5.418636364)
(0.004884782994 4.262885538e-05 5.418636364)
(0.004934780773 4.306517938e-05 5.418636364)
(0.004984778552 4.350150339e-05 5.418636364)
(0.005034776331 4.393782739e-05 5.418636364)
(0.00508477411 4.43741514e-05 5.418636364)
(0.005134771888 4.481047541e-05 5.418636364)
(0.005184769667 4.524679941e-05 5.418636364)
(0.005234767446 4.568312342e-05 5.418636364)
(0.005284765225 4.611944742e-05 5.418636364)
(0.005334763004 4.655577143e-05 5.418636364)
(0.004834785215 -4.219253137e-05 5.427727273)
(0.004884782994 -4.262885538e-05 5.427727273)
(0.004934780773 -4.306517938e-05 5.427727273)
(0.004984778552 -4.350150339e-05 5.427727273)
(0.005034776331 -4.393782739e-05 5.427727273)
(0.00508477411 -4.43741514e-05 5.427727273)
(0.005134771888 -4.481047541e-05 5.427727273)
(0.005184769667 -4.524679941e-05 5.427727273)
(0.005234767446 -4.568312342e-05 5.427727273)
(0.005284765225 -4.611944742e-05 5.427727273)
(0.005334763004 -4.655577143e-05 5.427727273)
(0.004834785215 4.219253137e-05 5.427727273)
(0.004884782994 4.262885538e-05 5.427727273)
(0.004934780773 4.306517938e-05 5.427727273)
(0.004984778552 4.350150339e-05 5.427727273)
(0.005034776331 4.393782739e-05 5.427727273)
(0.00508477411 4.43741514e-05 5.427727273)
(0.005134771888 4.481047541e-05 5.427727273)
(0.005184769667 4.524679941e-05 5.427727273)
(0.005234767446 4.568312342e-05 5.427727273)
(0.005284765225 4.611944742e-05 5.427727273)
(0.005334763004 4.655577143e-05 5.427727273)
(0.004834785215 -4.219253137e-05 5.436818182)
(0.004884782994 -4.262885538e-05 5.436818182)
(0.004934780773 -4.306517938e-05 5.436818182)
(0.004984778552 -4.350150339e-05 5.436818182)
(0.005034776331 -4.393782739e-05 5.436818182)
(0.00508477411 -4.43741514e-05 5.436818182)
(0.005134771888 -4.481047541e-05 5.436818182)
(0.005184769667 -4.524679941e-05 5.436818182)
(0.005234767446 -4.568312342e-05 5.436818182)
(0.005284765225 -4.611944742e-05 5.436818182)
(0.005334763004 -4.655577143e-05 5.436818182)
(0.004834785215 4.219253137e-05 5.436818182)
(0.004884782994 4.262885538e-05 5.436818182)
(0.004934780773 4.306517938e-05 5.436818182)
(0.004984778552 4.350150339e-05 5.436818182)
(0.005034776331 4.393782739e-05 5.436818182)
(0.00508477411 4.43741514e-05 5.436818182)
(0.005134771888 4.481047541e-05 5.436818182)
(0.005184769667 4.524679941e-05 5.436818182)
(0.005234767446 4.568312342e-05 5.436818182)
(0.005284765225 4.611944742e-05 5.436818182)
(0.005334763004 4.655577143e-05 5.436818182)
(0.004834785215 -4.219253137e-05 5.445909091)
(0.004884782994 -4.262885538e-05 5.445909091)
(0.004934780773 -4.306517938e-05 5.445909091)
(0.004984778552 -4.350150339e-05 5.445909091)
(0.005034776331 -4.393782739e-05 5.445909091)
(0.00508477411 -4.43741514e-05 5.445909091)
(0.005134771888 -4.481047541e-05 5.445909091)
(0.005184769667 -4.524679941e-05 5.445909091)
(0.005234767446 -4.568312342e-05 5.445909091)
(0.005284765225 -4.611944742e-05 5.445909091)
(0.005334763004 -4.655577143e-05 5.445909091)
(0.004834785215 4.219253137e-05 5.445909091)
(0.004884782994 4.262885538e-05 5.445909091)
(0.004934780773 4.306517938e-05 5.445909091)
(0.004984778552 4.350150339e-05 5.445909091)
(0.005034776331 4.393782739e-05 5.445909091)
(0.00508477411 4.43741514e-05 5.445909091)
(0.005134771888 4.481047541e-05 5.445909091)
(0.005184769667 4.524679941e-05 5.445909091)
(0.005234767446 4.568312342e-05 5.445909091)
(0.005284765225 4.611944742e-05 5.445909091)
(0.005334763004 4.655577143e-05 5.445909091)
(0.004834785215 -4.219253137e-05 5.455)
(0.004884782994 -4.262885538e-05 5.455)
(0.004934780773 -4.306517938e-05 5.455)
(0.004984778552 -4.350150339e-05 5.455)
(0.005034776331 -4.393782739e-05 5.455)
(0.00508477411 -4.43741514e-05 5.455)
(0.005134771888 -4.481047541e-05 5.455)
(0.005184769667 -4.524679941e-05 5.455)
(0.005234767446 -4.568312342e-05 5.455)
(0.005284765225 -4.611944742e-05 5.455)
(0.005334763004 -4.655577143e-05 5.455)
(0.004834785215 4.219253137e-05 5.455)
(0.004884782994 4.262885538e-05 5.455)
(0.004934780773 4.306517938e-05 5.455)
(0.004984778552 4.350150339e-05 5.455)
(0.005034776331 4.393782739e-05 5.455)
(0.00508477411 4.43741514e-05 5.455)
(0.005134771888 4.481047541e-05 5.455)
(0.005184769667 4.524679941e-05 5.455)
(0.005234767446 4.568312342e-05 5.455)
(0.005284765225 4.611944742e-05 5.455)
(0.005334763004 4.655577143e-05 5.455)
(0.004834785215 -4.219253137e-05 5.464090909)
(0.004884782994 -4.262885538e-05 5.464090909)
(0.004934780773 -4.306517938e-05 5.464090909)
(0.004984778552 -4.350150339e-05 5.464090909)
(0.005034776331 -4.393782739e-05 5.464090909)
(0.00508477411 -4.43741514e-05 5.464090909)
(0.005134771888 -4.481047541e-05 5.464090909)
(0.005184769667 -4.524679941e-05 5.464090909)
(0.005234767446 -4.568312342e-05 5.464090909)
(0.005284765225 -4.611944742e-05 5.464090909)
(0.005334763004 -4.655577143e-05 5.464090909)
(0.004834785215 4.219253137e-05 5.464090909)
(0.004884782994 4.262885538e-05 5.464090909)
(0.004934780773 4.306517938e-05 5.464090909)
(0.004984778552 4.350150339e-05 5.464090909)
(0.005034776331 4.393782739e-05 5.464090909)
(0.00508477411 4.43741514e-05 5.464090909)
(0.005134771888 4.481047541e-05 5.464090909)
(0.005184769667 4.524679941e-05 5.464090909)
(0.005234767446 4.568312342e-05 5.464090909)
(0.005284765225 4.611944742e-05 5.464090909)
(0.005334763004 4.655577143e-05 5.464090909)
(0.004834785215 -4.219253137e-05 5.473181818)
(0.004884782994 -4.262885538e-05 5.473181818)
(0.004934780773 -4.306517938e-05 5.473181818)
(0.004984778552 -4.350150339e-05 5.473181818)
(0.005034776331 -4.393782739e-05 5.473181818)
(0.00508477411 -4.43741514e-05 5.473181818)
(0.005134771888 -4.481047541e-05 5.473181818)
(0.005184769667 -4.524679941e-05 5.473181818)
(0.005234767446 -4.568312342e-05 5.473181818)
(0.005284765225 -4.611944742e-05 5.473181818)
(0.005334763004 -4.655577143e-05 5.473181818)
(0.004834785215 4.219253137e-05 5.473181818)
(0.004884782994 4.262885538e-05 5.473181818)
(0.004934780773 4.306517938e-05 5.473181818)
(0.004984778552 4.350150339e-05 5.473181818)
(0.005034776331 4.393782739e-05 5.473181818)
(0.00508477411 4.43741514e-05 5.473181818)
(0.005134771888 4.481047541e-05 5.473181818)
(0.005184769667 4.524679941e-05 5.473181818)
(0.005234767446 4.568312342e-05 5.473181818)
(0.005284765225 4.611944742e-05 5.473181818)
(0.005334763004 4.655577143e-05 5.473181818)
(0.004834785215 -4.219253137e-05 5.482272727)
(0.004884782994 -4.262885538e-05 5.482272727)
(0.004934780773 -4.306517938e-05 5.482272727)
(0.004984778552 -4.350150339e-05 5.482272727)
(0.005034776331 -4.393782739e-05 5.482272727)
(0.00508477411 -4.43741514e-05 5.482272727)
(0.005134771888 -4.481047541e-05 5.482272727)
(0.005184769667 -4.524679941e-05 5.482272727)
(0.005234767446 -4.568312342e-05 5.482272727)
(0.005284765225 -4.611944742e-05 5.482272727)
(0.005334763004 -4.655577143e-05 5.482272727)
(0.004834785215 4.219253137e-05 5.482272727)
(0.004884782994 4.262885538e-05 5.482272727)
(0.004934780773 4.306517938e-05 5.482272727)
(0.004984778552 4.350150339e-05 5.482272727)
(0.005034776331 4.393782739e-05 5.482272727)
(0.00508477411 4.43741514e-05 5.482272727)
(0.005134771888 4.481047541e-05 5.482272727)
(0.005184769667 4.524679941e-05 5.482272727)
(0.005234767446 4.568312342e-05 5.482272727)
(0.005284765225 4.611944742e-05 5.482272727)
(0.005334763004 4.655577143e-05 5.482272727)
(0.004834785215 -4.219253137e-05 5.491363636)
(0.004884782994 -4.262885538e-05 5.491363636)
(0.004934780773 -4.306517938e-05 5.491363636)
(0.004984778552 -4.350150339e-05 5.491363636)
(0.005034776331 -4.393782739e-05 5.491363636)
(0.00508477411 -4.43741514e-05 5.491363636)
(0.005134771888 -4.481047541e-05 5.491363636)
(0.005184769667 -4.524679941e-05 5.491363636)
(0.005234767446 -4.568312342e-05 5.491363636)
(0.005284765225 -4.611944742e-05 5.491363636)
(0.005334763004 -4.655577143e-05 5.491363636)
(0.004834785215 4.219253137e-05 5.491363636)
(0.004884782994 4.262885538e-05 5.491363636)
(0.004934780773 4.306517938e-05 5.491363636)
(0.004984778552 4.350150339e-05 5.491363636)
(0.005034776331 4.393782739e-05 5.491363636)
(0.00508477411 4.43741514e-05 5.491363636)
(0.005134771888 4.481047541e-05 5.491363636)
(0.005184769667 4.524679941e-05 5.491363636)
(0.005234767446 4.568312342e-05 5.491363636)
(0.005284765225 4.611944742e-05 5.491363636)
(0.005334763004 4.655577143e-05 5.491363636)
(0.004834785215 -4.219253137e-05 5.500454545)
(0.004884782994 -4.262885538e-05 5.500454545)
(0.004934780773 -4.306517938e-05 5.500454545)
(0.004984778552 -4.350150339e-05 5.500454545)
(0.005034776331 -4.393782739e-05 5.500454545)
(0.00508477411 -4.43741514e-05 5.500454545)
(0.005134771888 -4.481047541e-05 5.500454545)
(0.005184769667 -4.524679941e-05 5.500454545)
(0.005234767446 -4.568312342e-05 5.500454545)
(0.005284765225 -4.611944742e-05 5.500454545)
(0.005334763004 -4.655577143e-05 5.500454545)
(0.004834785215 4.219253137e-05 5.500454545)
(0.004884782994 4.262885538e-05 5.500454545)
(0.004934780773 4.306517938e-05 5.500454545)
(0.004984778552 4.350150339e-05 5.500454545)
(0.005034776331 4.393782739e-05 5.500454545)
(0.00508477411 4.43741514e-05 5.500454545)
(0.005134771888 4.481047541e-05 5.500454545)
(0.005184769667 4.524679941e-05 5.500454545)
(0.005234767446 4.568312342e-05 5.500454545)
(0.005284765225 4.611944742e-05 5.500454545)
(0.005334763004 4.655577143e-05 5.500454545)
(0.004834785215 -4.219253137e-05 5.509545455)
(0.004884782994 -4.262885538e-05 5.509545455)
(0.004934780773 -4.306517938e-05 5.509545455)
(0.004984778552 -4.350150339e-05 5.509545455)
(0.005034776331 -4.393782739e-05 5.509545455)
(0.00508477411 -4.43741514e-05 5.509545455)
(0.005134771888 -4.481047541e-05 5.509545455)
(0.005184769667 -4.524679941e-05 5.509545455)
(0.005234767446 -4.568312342e-05 5.509545455)
(0.005284765225 -4.611944742e-05 5.509545455)
(0.005334763004 -4.655577143e-05 5.509545455)
(0.004834785215 4.219253137e-05 5.509545455)
(0.004884782994 4.262885538e-05 5.509545455)
(0.004934780773 4.306517938e-05 5.509545455)
(0.004984778552 4.350150339e-05 5.509545455)
(0.005034776331 4.393782739e-05 5.509545455)
(0.00508477411 4.43741514e-05 5.509545455)
(0.005134771888 4.481047541e-05 5.509545455)
(0.005184769667 4.524679941e-05 5.509545455)
(0.005234767446 4.568312342e-05 5.509545455)
(0.005284765225 4.611944742e-05 5.509545455)
(0.005334763004 4.655577143e-05 5.509545455)
(0.004834785215 -4.219253137e-05 5.518636364)
(0.004884782994 -4.262885538e-05 5.518636364)
(0.004934780773 -4.306517938e-05 5.518636364)
(0.004984778552 -4.350150339e-05 5.518636364)
(0.005034776331 -4.393782739e-05 5.518636364)
(0.00508477411 -4.43741514e-05 5.518636364)
(0.005134771888 -4.481047541e-05 5.518636364)
(0.005184769667 -4.524679941e-05 5.518636364)
(0.005234767446 -4.568312342e-05 5.518636364)
(0.005284765225 -4.611944742e-05 5.518636364)
(0.005334763004 -4.655577143e-05 5.518636364)
(0.004834785215 4.219253137e-05 5.518636364)
(0.004884782994 4.262885538e-05 5.518636364)
(0.004934780773 4.306517938e-05 5.518636364)
(0.004984778552 4.350150339e-05 5.518636364)
(0.005034776331 4.393782739e-05 5.518636364)
(0.00508477411 4.43741514e-05 5.518636364)
(0.005134771888 4.481047541e-05 5.518636364)
(0.005184769667 4.524679941e-05 5.518636364)
(0.005234767446 4.568312342e-05 5.518636364)
(0.005284765225 4.611944742e-05 5.518636364)
(0.005334763004 4.655577143e-05 5.518636364)
(0.004834785215 -4.219253137e-05 5.527727273)
(0.004884782994 -4.262885538e-05 5.527727273)
(0.004934780773 -4.306517938e-05 5.527727273)
(0.004984778552 -4.350150339e-05 5.527727273)
(0.005034776331 -4.393782739e-05 5.527727273)
(0.00508477411 -4.43741514e-05 5.527727273)
(0.005134771888 -4.481047541e-05 5.527727273)
(0.005184769667 -4.524679941e-05 5.527727273)
(0.005234767446 -4.568312342e-05 5.527727273)
(0.005284765225 -4.611944742e-05 5.527727273)
(0.005334763004 -4.655577143e-05 5.527727273)
(0.004834785215 4.219253137e-05 5.527727273)
(0.004884782994 4.262885538e-05 5.527727273)
(0.004934780773 4.306517938e-05 5.527727273)
(0.004984778552 4.350150339e-05 5.527727273)
(0.005034776331 4.393782739e-05 5.527727273)
(0.00508477411 4.43741514e-05 5.527727273)
(0.005134771888 4.481047541e-05 5.527727273)
(0.005184769667 4.524679941e-05 5.527727273)
(0.005234767446 4.568312342e-05 5.527727273)
(0.005284765225 4.611944742e-05 5.527727273)
(0.005334763004 4.655577143e-05 5.527727273)
(0.004834785215 -4.219253137e-05 5.536818182)
(0.004884782994 -4.262885538e-05 5.536818182)
(0.004934780773 -4.306517938e-05 5.536818182)
(0.004984778552 -4.350150339e-05 5.536818182)
(0.005034776331 -4.393782739e-05 5.536818182)
(0.00508477411 -4.43741514e-05 5.536818182)
(0.005134771888 -4.481047541e-05 5.536818182)
(0.005184769667 -4.524679941e-05 5.536818182)
(0.005234767446 -4.568312342e-05 5.536818182)
(0.005284765225 -4.611944742e-05 5.536818182)
(0.005334763004 -4.655577143e-05 5.536818182)
(0.004834785215 4.219253137e-05 5.536818182)
(0.004884782994 4.262885538e-05 5.536818182)
(0.004934780773 4.306517938e-05 5.536818182)
(0.004984778552 4.350150339e-05 5.536818182)
(0.005034776331 4.393782739e-05 5.536818182)
(0.00508477411 4.43741514e-05 5.536818182)
(0.005134771888 4.481047541e-05 5.536818182)
(0.005184769667 4.524679941e-05 5.536818182)
(0.005234767446 4.568312342e-05 5.536818182)
(0.005284765225 4.611944742e-05 5.536818182)
(0.005334763004 4.655577143e-05 5.536818182)
(0.004834785215 -4.219253137e-05 5.545909091)
(0.004884782994 -4.262885538e-05 5.545909091)
(0.004934780773 -4.306517938e-05 5.545909091)
(0.004984778552 -4.350150339e-05 5.545909091)
(0.005034776331 -4.393782739e-05 5.545909091)
(0.00508477411 -4.43741514e-05 5.545909091)
(0.005134771888 -4.481047541e-05 5.545909091)
(0.005184769667 -4.524679941e-05 5.545909091)
(0.005234767446 -4.568312342e-05 5.545909091)
(0.005284765225 -4.611944742e-05 5.545909091)
(0.005334763004 -4.655577143e-05 5.545909091)
(0.004834785215 4.219253137e-05 5.545909091)
(0.004884782994 4.262885538e-05 5.545909091)
(0.004934780773 4.306517938e-05 5.545909091)
(0.004984778552 4.350150339e-05 5.545909091)
(0.005034776331 4.393782739e-05 5.545909091)
(0.00508477411 4.43741514e-05 5.545909091)
(0.005134771888 4.481047541e-05 5.545909091)
(0.005184769667 4.524679941e-05 5.545909091)
(0.005234767446 4.568312342e-05 5.545909091)
(0.005284765225 4.611944742e-05 5.545909091)
(0.005334763004 4.655577143e-05 5.545909091)
(0.004834785215 -4.219253137e-05 5.555)
(0.004884782994 -4.262885538e-05 5.555)
(0.004934780773 -4.306517938e-05 5.555)
(0.004984778552 -4.350150339e-05 5.555)
(0.005034776331 -4.393782739e-05 5.555)
(0.00508477411 -4.43741514e-05 5.555)
(0.005134771888 -4.481047541e-05 5.555)
(0.005184769667 -4.524679941e-05 5.555)
(0.005234767446 -4.568312342e-05 5.555)
(0.005284765225 -4.611944742e-05 5.555)
(0.005334763004 -4.655577143e-05 5.555)
(0.004834785215 4.219253137e-05 5.555)
(0.004884782994 4.262885538e-05 5.555)
(0.004934780773 4.306517938e-05 5.555)
(0.004984778552 4.350150339e-05 5.555)
(0.005034776331 4.393782739e-05 5.555)
(0.00508477411 4.43741514e-05 5.555)
(0.005134771888 4.481047541e-05 5.555)
(0.005184769667 4.524679941e-05 5.555)
(0.005234767446 4.568312342e-05 5.555)
(0.005284765225 4.611944742e-05 5.555)
(0.005334763004 4.655577143e-05 5.555)
(0.004834785215 -4.219253137e-05 5.564090909)
(0.004884782994 -4.262885538e-05 5.564090909)
(0.004934780773 -4.306517938e-05 5.564090909)
(0.004984778552 -4.350150339e-05 5.564090909)
(0.005034776331 -4.393782739e-05 5.564090909)
(0.00508477411 -4.43741514e-05 5.564090909)
(0.005134771888 -4.481047541e-05 5.564090909)
(0.005184769667 -4.524679941e-05 5.564090909)
(0.005234767446 -4.568312342e-05 5.564090909)
(0.005284765225 -4.611944742e-05 5.564090909)
(0.005334763004 -4.655577143e-05 5.564090909)
(0.004834785215 4.219253137e-05 5.564090909)
(0.004884782994 4.262885538e-05 5.564090909)
(0.004934780773 4.306517938e-05 5.564090909)
(0.004984778552 4.350150339e-05 5.564090909)
(0.005034776331 4.393782739e-05 5.564090909)
(0.00508477411 4.43741514e-05 5.564090909)
(0.005134771888 4.481047541e-05 5.564090909)
(0.005184769667 4.524679941e-05 5.564090909)
(0.005234767446 4.568312342e-05 5.564090909)
(0.005284765225 4.611944742e-05 5.564090909)
(0.005334763004 4.655577143e-05 5.564090909)
(0.004834785215 -4.219253137e-05 5.573181818)
(0.004884782994 -4.262885538e-05 5.573181818)
(0.004934780773 -4.306517938e-05 5.573181818)
(0.004984778552 -4.350150339e-05 5.573181818)
(0.005034776331 -4.393782739e-05 5.573181818)
(0.00508477411 -4.43741514e-05 5.573181818)
(0.005134771888 -4.481047541e-05 5.573181818)
(0.005184769667 -4.524679941e-05 5.573181818)
(0.005234767446 -4.568312342e-05 5.573181818)
(0.005284765225 -4.611944742e-05 5.573181818)
(0.005334763004 -4.655577143e-05 5.573181818)
(0.004834785215 4.219253137e-05 5.573181818)
(0.004884782994 4.262885538e-05 5.573181818)
(0.004934780773 4.306517938e-05 5.573181818)
(0.004984778552 4.350150339e-05 5.573181818)
(0.005034776331 4.393782739e-05 5.573181818)
(0.00508477411 4.43741514e-05 5.573181818)
(0.005134771888 4.481047541e-05 5.573181818)
(0.005184769667 4.524679941e-05 5.573181818)
(0.005234767446 4.568312342e-05 5.573181818)
(0.005284765225 4.611944742e-05 5.573181818)
(0.005334763004 4.655577143e-05 5.573181818)
(0.004834785215 -4.219253137e-05 5.582272727)
(0.004884782994 -4.262885538e-05 5.582272727)
(0.004934780773 -4.306517938e-05 5.582272727)
(0.004984778552 -4.350150339e-05 5.582272727)
(0.005034776331 -4.393782739e-05 5.582272727)
(0.00508477411 -4.43741514e-05 5.582272727)
(0.005134771888 -4.481047541e-05 5.582272727)
(0.005184769667 -4.524679941e-05 5.582272727)
(0.005234767446 -4.568312342e-05 5.582272727)
(0.005284765225 -4.611944742e-05 5.582272727)
(0.005334763004 -4.655577143e-05 5.582272727)
(0.004834785215 4.219253137e-05 5.582272727)
(0.004884782994 4.262885538e-05 5.582272727)
(0.004934780773 4.306517938e-05 5.582272727)
(0.004984778552 4.350150339e-05 5.582272727)
(0.005034776331 4.393782739e-05 5.582272727)
(0.00508477411 4.43741514e-05 5.582272727)
(0.005134771888 4.481047541e-05 5.582272727)
(0.005184769667 4.524679941e-05 5.582272727)
(0.005234767446 4.568312342e-05 5.582272727)
(0.005284765225 4.611944742e-05 5.582272727)
(0.005334763004 4.655577143e-05 5.582272727)
(0.004834785215 -4.219253137e-05 5.591363636)
(0.004884782994 -4.262885538e-05 5.591363636)
(0.004934780773 -4.306517938e-05 5.591363636)
(0.004984778552 -4.350150339e-05 5.591363636)
(0.005034776331 -4.393782739e-05 5.591363636)
(0.00508477411 -4.43741514e-05 5.591363636)
(0.005134771888 -4.481047541e-05 5.591363636)
(0.005184769667 -4.524679941e-05 5.591363636)
(0.005234767446 -4.568312342e-05 5.591363636)
(0.005284765225 -4.611944742e-05 5.591363636)
(0.005334763004 -4.655577143e-05 5.591363636)
(0.004834785215 4.219253137e-05 5.591363636)
(0.004884782994 4.262885538e-05 5.591363636)
(0.004934780773 4.306517938e-05 5.591363636)
(0.004984778552 4.350150339e-05 5.591363636)
(0.005034776331 4.393782739e-05 5.591363636)
(0.00508477411 4.43741514e-05 5.591363636)
(0.005134771888 4.481047541e-05 5.591363636)
(0.005184769667 4.524679941e-05 5.591363636)
(0.005234767446 4.568312342e-05 5.591363636)
(0.005284765225 4.611944742e-05 5.591363636)
(0.005334763004 4.655577143e-05 5.591363636)
(0.004834785215 -4.219253137e-05 5.600454545)
(0.004884782994 -4.262885538e-05 5.600454545)
(0.004934780773 -4.306517938e-05 5.600454545)
(0.004984778552 -4.350150339e-05 5.600454545)
(0.005034776331 -4.393782739e-05 5.600454545)
(0.00508477411 -4.43741514e-05 5.600454545)
(0.005134771888 -4.481047541e-05 5.600454545)
(0.005184769667 -4.524679941e-05 5.600454545)
(0.005234767446 -4.568312342e-05 5.600454545)
(0.005284765225 -4.611944742e-05 5.600454545)
(0.005334763004 -4.655577143e-05 5.600454545)
(0.004834785215 4.219253137e-05 5.600454545)
(0.004884782994 4.262885538e-05 5.600454545)
(0.004934780773 4.306517938e-05 5.600454545)
(0.004984778552 4.350150339e-05 5.600454545)
(0.005034776331 4.393782739e-05 5.600454545)
(0.00508477411 4.43741514e-05 5.600454545)
(0.005134771888 4.481047541e-05 5.600454545)
(0.005184769667 4.524679941e-05 5.600454545)
(0.005234767446 4.568312342e-05 5.600454545)
(0.005284765225 4.611944742e-05 5.600454545)
(0.005334763004 4.655577143e-05 5.600454545)
(0.004834785215 -4.219253137e-05 5.609545455)
(0.004884782994 -4.262885538e-05 5.609545455)
(0.004934780773 -4.306517938e-05 5.609545455)
(0.004984778552 -4.350150339e-05 5.609545455)
(0.005034776331 -4.393782739e-05 5.609545455)
(0.00508477411 -4.43741514e-05 5.609545455)
(0.005134771888 -4.481047541e-05 5.609545455)
(0.005184769667 -4.524679941e-05 5.609545455)
(0.005234767446 -4.568312342e-05 5.609545455)
(0.005284765225 -4.611944742e-05 5.609545455)
(0.005334763004 -4.655577143e-05 5.609545455)
(0.004834785215 4.219253137e-05 5.609545455)
(0.004884782994 4.262885538e-05 5.609545455)
(0.004934780773 4.306517938e-05 5.609545455)
(0.004984778552 4.350150339e-05 5.609545455)
(0.005034776331 4.393782739e-05 5.609545455)
(0.00508477411 4.43741514e-05 5.609545455)
(0.005134771888 4.481047541e-05 5.609545455)
(0.005184769667 4.524679941e-05 5.609545455)
(0.005234767446 4.568312342e-05 5.609545455)
(0.005284765225 4.611944742e-05 5.609545455)
(0.005334763004 4.655577143e-05 5.609545455)
(0.004834785215 -4.219253137e-05 5.618636364)
(0.004884782994 -4.262885538e-05 5.618636364)
(0.004934780773 -4.306517938e-05 5.618636364)
(0.004984778552 -4.350150339e-05 5.618636364)
(0.005034776331 -4.393782739e-05 5.618636364)
(0.00508477411 -4.43741514e-05 5.618636364)
(0.005134771888 -4.481047541e-05 5.618636364)
(0.005184769667 -4.524679941e-05 5.618636364)
(0.005234767446 -4.568312342e-05 5.618636364)
(0.005284765225 -4.611944742e-05 5.618636364)
(0.005334763004 -4.655577143e-05 5.618636364)
(0.004834785215 4.219253137e-05 5.618636364)
(0.004884782994 4.262885538e-05 5.618636364)
(0.004934780773 4.306517938e-05 5.618636364)
(0.004984778552 4.350150339e-05 5.618636364)
(0.005034776331 4.393782739e-05 5.618636364)
(0.00508477411 4.43741514e-05 5.618636364)
(0.005134771888 4.481047541e-05 5.618636364)
(0.005184769667 4.524679941e-05 5.618636364)
(0.005234767446 4.568312342e-05 5.618636364)
(0.005284765225 4.611944742e-05 5.618636364)
(0.005334763004 4.655577143e-05 5.618636364)
(0.004834785215 -4.219253137e-05 5.627727273)
(0.004884782994 -4.262885538e-05 5.627727273)
(0.004934780773 -4.306517938e-05 5.627727273)
(0.004984778552 -4.350150339e-05 5.627727273)
(0.005034776331 -4.393782739e-05 5.627727273)
(0.00508477411 -4.43741514e-05 5.627727273)
(0.005134771888 -4.481047541e-05 5.627727273)
(0.005184769667 -4.524679941e-05 5.627727273)
(0.005234767446 -4.568312342e-05 5.627727273)
(0.005284765225 -4.611944742e-05 5.627727273)
(0.005334763004 -4.655577143e-05 5.627727273)
(0.004834785215 4.219253137e-05 5.627727273)
(0.004884782994 4.262885538e-05 5.627727273)
(0.004934780773 4.306517938e-05 5.627727273)
(0.004984778552 4.350150339e-05 5.627727273)
(0.005034776331 4.393782739e-05 5.627727273)
(0.00508477411 4.43741514e-05 5.627727273)
(0.005134771888 4.481047541e-05 5.627727273)
(0.005184769667 4.524679941e-05 5.627727273)
(0.005234767446 4.568312342e-05 5.627727273)
(0.005284765225 4.611944742e-05 5.627727273)
(0.005334763004 4.655577143e-05 5.627727273)
(0.004834785215 -4.219253137e-05 5.636818182)
(0.004884782994 -4.262885538e-05 5.636818182)
(0.004934780773 -4.306517938e-05 5.636818182)
(0.004984778552 -4.350150339e-05 5.636818182)
(0.005034776331 -4.393782739e-05 5.636818182)
(0.00508477411 -4.43741514e-05 5.636818182)
(0.005134771888 -4.481047541e-05 5.636818182)
(0.005184769667 -4.524679941e-05 5.636818182)
(0.005234767446 -4.568312342e-05 5.636818182)
(0.005284765225 -4.611944742e-05 5.636818182)
(0.005334763004 -4.655577143e-05 5.636818182)
(0.004834785215 4.219253137e-05 5.636818182)
(0.004884782994 4.262885538e-05 5.636818182)
(0.004934780773 4.306517938e-05 5.636818182)
(0.004984778552 4.350150339e-05 5.636818182)
(0.005034776331 4.393782739e-05 5.636818182)
(0.00508477411 4.43741514e-05 5.636818182)
(0.005134771888 4.481047541e-05 5.636818182)
(0.005184769667 4.524679941e-05 5.636818182)
(0.005234767446 4.568312342e-05 5.636818182)
(0.005284765225 4.611944742e-05 5.636818182)
(0.005334763004 4.655577143e-05 5.636818182)
(0.004834785215 -4.219253137e-05 5.645909091)
(0.004884782994 -4.262885538e-05 5.645909091)
(0.004934780773 -4.306517938e-05 5.645909091)
(0.004984778552 -4.350150339e-05 5.645909091)
(0.005034776331 -4.393782739e-05 5.645909091)
(0.00508477411 -4.43741514e-05 5.645909091)
(0.005134771888 -4.481047541e-05 5.645909091)
(0.005184769667 -4.524679941e-05 5.645909091)
(0.005234767446 -4.568312342e-05 5.645909091)
(0.005284765225 -4.611944742e-05 5.645909091)
(0.005334763004 -4.655577143e-05 5.645909091)
(0.004834785215 4.219253137e-05 5.645909091)
(0.004884782994 4.262885538e-05 5.645909091)
(0.004934780773 4.306517938e-05 5.645909091)
(0.004984778552 4.350150339e-05 5.645909091)
(0.005034776331 4.393782739e-05 5.645909091)
(0.00508477411 4.43741514e-05 5.645909091)
(0.005134771888 4.481047541e-05 5.645909091)
(0.005184769667 4.524679941e-05 5.645909091)
(0.005234767446 4.568312342e-05 5.645909091)
(0.005284765225 4.611944742e-05 5.645909091)
(0.005334763004 4.655577143e-05 5.645909091)
(0.004834785215 -4.219253137e-05 5.655)
(0.004884782994 -4.262885538e-05 5.655)
(0.004934780773 -4.306517938e-05 5.655)
(0.004984778552 -4.350150339e-05 5.655)
(0.005034776331 -4.393782739e-05 5.655)
(0.00508477411 -4.43741514e-05 5.655)
(0.005134771888 -4.481047541e-05 5.655)
(0.005184769667 -4.524679941e-05 5.655)
(0.005234767446 -4.568312342e-05 5.655)
(0.005284765225 -4.611944742e-05 5.655)
(0.005334763004 -4.655577143e-05 5.655)
(0.004834785215 4.219253137e-05 5.655)
(0.004884782994 4.262885538e-05 5.655)
(0.004934780773 4.306517938e-05 5.655)
(0.004984778552 4.350150339e-05 5.655)
(0.005034776331 4.393782739e-05 5.655)
(0.00508477411 4.43741514e-05 5.655)
(0.005134771888 4.481047541e-05 5.655)
(0.005184769667 4.524679941e-05 5.655)
(0.005234767446 4.568312342e-05 5.655)
(0.005284765225 4.611944742e-05 5.655)
(0.005334763004 4.655577143e-05 5.655)
(0.004834785215 -4.219253137e-05 5.664090909)
(0.004884782994 -4.262885538e-05 5.664090909)
(0.004934780773 -4.306517938e-05 5.664090909)
(0.004984778552 -4.350150339e-05 5.664090909)
(0.005034776331 -4.393782739e-05 5.664090909)
(0.00508477411 -4.43741514e-05 5.664090909)
(0.005134771888 -4.481047541e-05 5.664090909)
(0.005184769667 -4.524679941e-05 5.664090909)
(0.005234767446 -4.568312342e-05 5.664090909)
(0.005284765225 -4.611944742e-05 5.664090909)
(0.005334763004 -4.655577143e-05 5.664090909)
(0.004834785215 4.219253137e-05 5.664090909)
(0.004884782994 4.262885538e-05 5.664090909)
(0.004934780773 4.306517938e-05 5.664090909)
(0.004984778552 4.350150339e-05 5.664090909)
(0.005034776331 4.393782739e-05 5.664090909)
(0.00508477411 4.43741514e-05 5.664090909)
(0.005134771888 4.481047541e-05 5.664090909)
(0.005184769667 4.524679941e-05 5.664090909)
(0.005234767446 4.568312342e-05 5.664090909)
(0.005284765225 4.611944742e-05 5.664090909)
(0.005334763004 4.655577143e-05 5.664090909)
(0.004834785215 -4.219253137e-05 5.673181818)
(0.004884782994 -4.262885538e-05 5.673181818)
(0.004934780773 -4.306517938e-05 5.673181818)
(0.004984778552 -4.350150339e-05 5.673181818)
(0.005034776331 -4.393782739e-05 5.673181818)
(0.00508477411 -4.43741514e-05 5.673181818)
(0.005134771888 -4.481047541e-05 5.673181818)
(0.005184769667 -4.524679941e-05 5.673181818)
(0.005234767446 -4.568312342e-05 5.673181818)
(0.005284765225 -4.611944742e-05 5.673181818)
(0.005334763004 -4.655577143e-05 5.673181818)
(0.004834785215 4.219253137e-05 5.673181818)
(0.004884782994 4.262885538e-05 5.673181818)
(0.004934780773 4.306517938e-05 5.673181818)
(0.004984778552 4.350150339e-05 5.673181818)
(0.005034776331 4.393782739e-05 5.673181818)
(0.00508477411 4.43741514e-05 5.673181818)
(0.005134771888 4.481047541e-05 5.673181818)
(0.005184769667 4.524679941e-05 5.673181818)
(0.005234767446 4.568312342e-05 5.673181818)
(0.005284765225 4.611944742e-05 5.673181818)
(0.005334763004 4.655577143e-05 5.673181818)
(0.004834785215 -4.219253137e-05 5.682272727)
(0.004884782994 -4.262885538e-05 5.682272727)
(0.004934780773 -4.306517938e-05 5.682272727)
(0.004984778552 -4.350150339e-05 5.682272727)
(0.005034776331 -4.393782739e-05 5.682272727)
(0.00508477411 -4.43741514e-05 5.682272727)
(0.005134771888 -4.481047541e-05 5.682272727)
(0.005184769667 -4.524679941e-05 5.682272727)
(0.005234767446 -4.568312342e-05 5.682272727)
(0.005284765225 -4.611944742e-05 5.682272727)
(0.005334763004 -4.655577143e-05 5.682272727)
(0.004834785215 4.219253137e-05 5.682272727)
(0.004884782994 4.262885538e-05 5.682272727)
(0.004934780773 4.306517938e-05 5.682272727)
(0.004984778552 4.350150339e-05 5.682272727)
(0.005034776331 4.393782739e-05 5.682272727)
(0.00508477411 4.43741514e-05 5.682272727)
(0.005134771888 4.481047541e-05 5.682272727)
(0.005184769667 4.524679941e-05 5.682272727)
(0.005234767446 4.568312342e-05 5.682272727)
(0.005284765225 4.611944742e-05 5.682272727)
(0.005334763004 4.655577143e-05 5.682272727)
(0.004834785215 -4.219253137e-05 5.691363636)
(0.004884782994 -4.262885538e-05 5.691363636)
(0.004934780773 -4.306517938e-05 5.691363636)
(0.004984778552 -4.350150339e-05 5.691363636)
(0.005034776331 -4.393782739e-05 5.691363636)
(0.00508477411 -4.43741514e-05 5.691363636)
(0.005134771888 -4.481047541e-05 5.691363636)
(0.005184769667 -4.524679941e-05 5.691363636)
(0.005234767446 -4.568312342e-05 5.691363636)
(0.005284765225 -4.611944742e-05 5.691363636)
(0.005334763004 -4.655577143e-05 5.691363636)
(0.004834785215 4.219253137e-05 5.691363636)
(0.004884782994 4.262885538e-05 5.691363636)
(0.004934780773 4.306517938e-05 5.691363636)
(0.004984778552 4.350150339e-05 5.691363636)
(0.005034776331 4.393782739e-05 5.691363636)
(0.00508477411 4.43741514e-05 5.691363636)
(0.005134771888 4.481047541e-05 5.691363636)
(0.005184769667 4.524679941e-05 5.691363636)
(0.005234767446 4.568312342e-05 5.691363636)
(0.005284765225 4.611944742e-05 5.691363636)
(0.005334763004 4.655577143e-05 5.691363636)
(0.004834785215 -4.219253137e-05 5.700454545)
(0.004884782994 -4.262885538e-05 5.700454545)
(0.004934780773 -4.306517938e-05 5.700454545)
(0.004984778552 -4.350150339e-05 5.700454545)
(0.005034776331 -4.393782739e-05 5.700454545)
(0.00508477411 -4.43741514e-05 5.700454545)
(0.005134771888 -4.481047541e-05 5.700454545)
(0.005184769667 -4.524679941e-05 5.700454545)
(0.005234767446 -4.568312342e-05 5.700454545)
(0.005284765225 -4.611944742e-05 5.700454545)
(0.005334763004 -4.655577143e-05 5.700454545)
(0.004834785215 4.219253137e-05 5.700454545)
(0.004884782994 4.262885538e-05 5.700454545)
(0.004934780773 4.306517938e-05 5.700454545)
(0.004984778552 4.350150339e-05 5.700454545)
(0.005034776331 4.393782739e-05 5.700454545)
(0.00508477411 4.43741514e-05 5.700454545)
(0.005134771888 4.481047541e-05 5.700454545)
(0.005184769667 4.524679941e-05 5.700454545)
(0.005234767446 4.568312342e-05 5.700454545)
(0.005284765225 4.611944742e-05 5.700454545)
(0.005334763004 4.655577143e-05 5.700454545)
(0.004834785215 -4.219253137e-05 5.709545455)
(0.004884782994 -4.262885538e-05 5.709545455)
(0.004934780773 -4.306517938e-05 5.709545455)
(0.004984778552 -4.350150339e-05 5.709545455)
(0.005034776331 -4.393782739e-05 5.709545455)
(0.00508477411 -4.43741514e-05 5.709545455)
(0.005134771888 -4.481047541e-05 5.709545455)
(0.005184769667 -4.524679941e-05 5.709545455)
(0.005234767446 -4.568312342e-05 5.709545455)
(0.005284765225 -4.611944742e-05 5.709545455)
(0.005334763004 -4.655577143e-05 5.709545455)
(0.004834785215 4.219253137e-05 5.709545455)
(0.004884782994 4.262885538e-05 5.709545455)
(0.004934780773 4.306517938e-05 5.709545455)
(0.004984778552 4.350150339e-05 5.709545455)
(0.005034776331 4.393782739e-05 5.709545455)
(0.00508477411 4.43741514e-05 5.709545455)
(0.005134771888 4.481047541e-05 5.709545455)
(0.005184769667 4.524679941e-05 5.709545455)
(0.005234767446 4.568312342e-05 5.709545455)
(0.005284765225 4.611944742e-05 5.709545455)
(0.005334763004 4.655577143e-05 5.709545455)
(0.004834785215 -4.219253137e-05 5.718636364)
(0.004884782994 -4.262885538e-05 5.718636364)
(0.004934780773 -4.306517938e-05 5.718636364)
(0.004984778552 -4.350150339e-05 5.718636364)
(0.005034776331 -4.393782739e-05 5.718636364)
(0.00508477411 -4.43741514e-05 5.718636364)
(0.005134771888 -4.481047541e-05 5.718636364)
(0.005184769667 -4.524679941e-05 5.718636364)
(0.005234767446 -4.568312342e-05 5.718636364)
(0.005284765225 -4.611944742e-05 5.718636364)
(0.005334763004 -4.655577143e-05 5.718636364)
(0.004834785215 4.219253137e-05 5.718636364)
(0.004884782994 4.262885538e-05 5.718636364)
(0.004934780773 4.306517938e-05 5.718636364)
(0.004984778552 4.350150339e-05 5.718636364)
(0.005034776331 4.393782739e-05 5.718636364)
(0.00508477411 4.43741514e-05 5.718636364)
(0.005134771888 4.481047541e-05 5.718636364)
(0.005184769667 4.524679941e-05 5.718636364)
(0.005234767446 4.568312342e-05 5.718636364)
(0.005284765225 4.611944742e-05 5.718636364)
(0.005334763004 4.655577143e-05 5.718636364)
(0.004834785215 -4.219253137e-05 5.727727273)
(0.004884782994 -4.262885538e-05 5.727727273)
(0.004934780773 -4.306517938e-05 5.727727273)
(0.004984778552 -4.350150339e-05 5.727727273)
(0.005034776331 -4.393782739e-05 5.727727273)
(0.00508477411 -4.43741514e-05 5.727727273)
(0.005134771888 -4.481047541e-05 5.727727273)
(0.005184769667 -4.524679941e-05 5.727727273)
(0.005234767446 -4.568312342e-05 5.727727273)
(0.005284765225 -4.611944742e-05 5.727727273)
(0.005334763004 -4.655577143e-05 5.727727273)
(0.004834785215 4.219253137e-05 5.727727273)
(0.004884782994 4.262885538e-05 5.727727273)
(0.004934780773 4.306517938e-05 5.727727273)
(0.004984778552 4.350150339e-05 5.727727273)
(0.005034776331 4.393782739e-05 5.727727273)
(0.00508477411 4.43741514e-05 5.727727273)
(0.005134771888 4.481047541e-05 5.727727273)
(0.005184769667 4.524679941e-05 5.727727273)
(0.005234767446 4.568312342e-05 5.727727273)
(0.005284765225 4.611944742e-05 5.727727273)
(0.005334763004 4.655577143e-05 5.727727273)
(0.004834785215 -4.219253137e-05 5.736818182)
(0.004884782994 -4.262885538e-05 5.736818182)
(0.004934780773 -4.306517938e-05 5.736818182)
(0.004984778552 -4.350150339e-05 5.736818182)
(0.005034776331 -4.393782739e-05 5.736818182)
(0.00508477411 -4.43741514e-05 5.736818182)
(0.005134771888 -4.481047541e-05 5.736818182)
(0.005184769667 -4.524679941e-05 5.736818182)
(0.005234767446 -4.568312342e-05 5.736818182)
(0.005284765225 -4.611944742e-05 5.736818182)
(0.005334763004 -4.655577143e-05 5.736818182)
(0.004834785215 4.219253137e-05 5.736818182)
(0.004884782994 4.262885538e-05 5.736818182)
(0.004934780773 4.306517938e-05 5.736818182)
(0.004984778552 4.350150339e-05 5.736818182)
(0.005034776331 4.393782739e-05 5.736818182)
(0.00508477411 4.43741514e-05 5.736818182)
(0.005134771888 4.481047541e-05 5.736818182)
(0.005184769667 4.524679941e-05 5.736818182)
(0.005234767446 4.568312342e-05 5.736818182)
(0.005284765225 4.611944742e-05 5.736818182)
(0.005334763004 4.655577143e-05 5.736818182)
(0.004834785215 -4.219253137e-05 5.745909091)
(0.004884782994 -4.262885538e-05 5.745909091)
(0.004934780773 -4.306517938e-05 5.745909091)
(0.004984778552 -4.350150339e-05 5.745909091)
(0.005034776331 -4.393782739e-05 5.745909091)
(0.00508477411 -4.43741514e-05 5.745909091)
(0.005134771888 -4.481047541e-05 5.745909091)
(0.005184769667 -4.524679941e-05 5.745909091)
(0.005234767446 -4.568312342e-05 5.745909091)
(0.005284765225 -4.611944742e-05 5.745909091)
(0.005334763004 -4.655577143e-05 5.745909091)
(0.004834785215 4.219253137e-05 5.745909091)
(0.004884782994 4.262885538e-05 5.745909091)
(0.004934780773 4.306517938e-05 5.745909091)
(0.004984778552 4.350150339e-05 5.745909091)
(0.005034776331 4.393782739e-05 5.745909091)
(0.00508477411 4.43741514e-05 5.745909091)
(0.005134771888 4.481047541e-05 5.745909091)
(0.005184769667 4.524679941e-05 5.745909091)
(0.005234767446 4.568312342e-05 5.745909091)
(0.005284765225 4.611944742e-05 5.745909091)
(0.005334763004 4.655577143e-05 5.745909091)
(0.004834785215 -4.219253137e-05 5.755)
(0.004884782994 -4.262885538e-05 5.755)
(0.004934780773 -4.306517938e-05 5.755)
(0.004984778552 -4.350150339e-05 5.755)
(0.005034776331 -4.393782739e-05 5.755)
(0.00508477411 -4.43741514e-05 5.755)
(0.005134771888 -4.481047541e-05 5.755)
(0.005184769667 -4.524679941e-05 5.755)
(0.005234767446 -4.568312342e-05 5.755)
(0.005284765225 -4.611944742e-05 5.755)
(0.005334763004 -4.655577143e-05 5.755)
(0.004834785215 4.219253137e-05 5.755)
(0.004884782994 4.262885538e-05 5.755)
(0.004934780773 4.306517938e-05 5.755)
(0.004984778552 4.350150339e-05 5.755)
(0.005034776331 4.393782739e-05 5.755)
(0.00508477411 4.43741514e-05 5.755)
(0.005134771888 4.481047541e-05 5.755)
(0.005184769667 4.524679941e-05 5.755)
(0.005234767446 4.568312342e-05 5.755)
(0.005284765225 4.611944742e-05 5.755)
(0.005334763004 4.655577143e-05 5.755)
(0.004834785215 -4.219253137e-05 5.78)
(0.004884782994 -4.262885538e-05 5.78)
(0.004934780773 -4.306517938e-05 5.78)
(0.004984778552 -4.350150339e-05 5.78)
(0.005034776331 -4.393782739e-05 5.78)
(0.00508477411 -4.43741514e-05 5.78)
(0.005134771888 -4.481047541e-05 5.78)
(0.005184769667 -4.524679941e-05 5.78)
(0.005234767446 -4.568312342e-05 5.78)
(0.005284765225 -4.611944742e-05 5.78)
(0.005334763004 -4.655577143e-05 5.78)
(0.004834785215 4.219253137e-05 5.78)
(0.004884782994 4.262885538e-05 5.78)
(0.004934780773 4.306517938e-05 5.78)
(0.004984778552 4.350150339e-05 5.78)
(0.005034776331 4.393782739e-05 5.78)
(0.00508477411 4.43741514e-05 5.78)
(0.005134771888 4.481047541e-05 5.78)
(0.005184769667 4.524679941e-05 5.78)
(0.005234767446 4.568312342e-05 5.78)
(0.005284765225 4.611944742e-05 5.78)
(0.005334763004 4.655577143e-05 5.78)
(0.004834785215 -4.219253137e-05 5.805)
(0.004884782994 -4.262885538e-05 5.805)
(0.004934780773 -4.306517938e-05 5.805)
(0.004984778552 -4.350150339e-05 5.805)
(0.005034776331 -4.393782739e-05 5.805)
(0.00508477411 -4.43741514e-05 5.805)
(0.005134771888 -4.481047541e-05 5.805)
(0.005184769667 -4.524679941e-05 5.805)
(0.005234767446 -4.568312342e-05 5.805)
(0.005284765225 -4.611944742e-05 5.805)
(0.005334763004 -4.655577143e-05 5.805)
(0.004834785215 4.219253137e-05 5.805)
(0.004884782994 4.262885538e-05 5.805)
(0.004934780773 4.306517938e-05 5.805)
(0.004984778552 4.350150339e-05 5.805)
(0.005034776331 4.393782739e-05 5.805)
(0.00508477411 4.43741514e-05 5.805)
(0.005134771888 4.481047541e-05 5.805)
(0.005184769667 4.524679941e-05 5.805)
(0.005234767446 4.568312342e-05 5.805)
(0.005284765225 4.611944742e-05 5.805)
(0.005334763004 4.655577143e-05 5.805)
(0.00166392608 1.452086292e-05 5.005)
(0.00166392608 -1.452086292e-05 5.005)
(0.00176792146 1.542841685e-05 5.005)
(0.00176792146 -1.542841685e-05 5.005)
(0.00197591222 1.724352471e-05 5.005)
(0.00197591222 -1.724352471e-05 5.005)
(0.0020799076 1.815107865e-05 5.005)
(0.0020799076 -1.815107865e-05 5.005)
(0.00228789836 1.996618651e-05 5.005)
(0.00228789836 -1.996618651e-05 5.005)
(0.00239189374 2.087374044e-05 5.005)
(0.00239189374 -2.087374044e-05 5.005)
(0.0025998845 2.268884831e-05 5.005)
(0.0025998845 -2.268884831e-05 5.005)
(0.002703879881 2.359640224e-05 5.005)
(0.002703879881 -2.359640224e-05 5.005)
(0.002911870641 2.54115101e-05 5.005)
(0.002911870641 -2.54115101e-05 5.005)
(0.003015866021 2.631906404e-05 5.005)
(0.003015866021 -2.631906404e-05 5.005)
(0.003223856781 2.81341719e-05 5.005)
(0.003223856781 -2.81341719e-05 5.005)
(0.003327852161 2.904172583e-05 5.005)
(0.003327852161 -2.904172583e-05 5.005)
(0.003535842921 3.08568337e-05 5.005)
(0.003535842921 -3.08568337e-05 5.005)
(0.003639838301 3.176438763e-05 5.005)
(0.003639838301 -3.176438763e-05 5.005)
(0.003847829061 3.357949549e-05 5.005)
(0.003847829061 -3.357949549e-05 5.005)
(0.003951824441 3.448704943e-05 5.005)
(0.003951824441 -3.448704943e-05 5.005)
(0.004159815201 3.630215729e-05 5.005)
(0.004159815201 -3.630215729e-05 5.005)
(0.004263810581 3.720971122e-05 5.005)
(0.004263810581 -3.720971122e-05 5.005)
(0.004471801341 3.902481909e-05 5.005)
(0.004471801341 -3.902481909e-05 5.005)
(0.004575796721 3.993237302e-05 5.005)
(0.004575796721 -3.993237302e-05 5.005)
)


// ************************************************************************* //
