/*--------------------------------*- C++ -*----------------------------------*\
| =========                 |                                                 |
| \\      /  F ield         | OpenFOAM: The Open Source CFD Toolbox           |
|  \\    /   O peration     | Version:  2512                                  |
|   \\  /    A nd           | Website:  www.openfoam.com                      |
|    \\/     M anipulation  |                                                 |
\*---------------------------------------------------------------------------*/
FoamFile
{
    version     2.0;
    format      ascii;
    arch        "LSB;label=32;scalar=64";
    class       volScalarField;
    location    "100/neutroRegion";
    object      rhoCool;
}
// * * * * * * * * * * * * * * * * * * * * * * * * * * * * * * * * * * * * * //

dimensions      [1 -3 0 0 0 0 0];

internalField   nonuniform List<scalar> 
23322
(
860.0036
860.0037
860.0039
860.0036
860.0037
860.0039
860.0036
860.0037
860.0039
860.0036
860.0037
860.0039
860.0036
860.0037
860.0039
860.0036
860.0037
860.0039
818.6035
818.6029
818.6017
817.7278
817.7282
817.7285
817.4693
817.4696
817.47
817.4693
817.4697
817.47
817.5649
817.565
817.5651
817.7278
817.7282
817.7286
818.6034
818.6029
818.6017
817.7278
817.7282
817.7286
817.7278
817.7282
817.7285
817.4693
817.4696
817.47
817.5649
817.565
817.5651
817.4693
817.4696
817.47
817.4693
817.4697
817.47
817.7278
817.7282
817.7285
818.6034
818.6029
818.6017
817.5649
817.565
817.5651
817.7278
817.7282
817.7286
817.4693
817.4697
817.47
817.7278
817.7282
817.7286
817.7278
817.7282
817.7286
817.4693
817.4697
817.47
818.6035
818.6029
818.6017
817.5649
817.565
817.5651
817.4693
817.4697
817.47
817.4693
817.4697
817.47
817.5649
817.565
817.5651
817.7278
817.7282
817.7286
817.7278
817.7282
817.7286
817.4693
817.4697
817.47
818.6035
818.6029
818.6017
817.4693
817.4697
817.47
818.6035
818.6029
818.6017
817.7278
817.7282
817.7286
817.5649
817.565
817.5651
817.7278
817.7282
817.7286
817.4693
817.4697
817.47
820.9404
820.94
820.9373
820.9404
820.94
820.9373
822.6424
822.6408
822.6362
819.0865
819.087
819.0872
819.0865
819.087
819.0872
818.379
818.3797
818.3805
819.0865
819.087
819.0871
822.6424
822.6408
822.6362
819.0865
819.087
819.0872
820.9404
820.94
820.9373
818.379
818.3797
818.3805
820.9404
820.94
820.9373
818.379
818.3798
818.3805
819.0865
819.087
819.0872
819.0865
819.087
819.0872
822.6424
822.6408
822.6362
820.9404
820.94
820.9373
820.9404
820.94
820.9373
820.9404
820.94
820.9373
820.9404
820.94
820.9373
819.0865
819.087
819.0872
819.0865
819.087
819.0872
818.379
818.3798
818.3805
822.6424
822.6408
822.6362
819.0865
819.087
819.0872
818.379
818.3798
818.3805
819.0865
819.087
819.0872
820.9404
820.94
820.9373
820.9404
820.94
820.9373
822.6424
822.6408
822.6362
818.379
818.3798
818.3805
819.0865
819.087
819.0872
822.6424
822.6408
822.6362
819.0865
819.087
819.0872
820.9404
820.94
820.9373
820.9404
820.94
820.9373
818.4835
818.4836
818.4833
819.2811
819.2809
819.2802
817.675
817.6755
817.676
818.4835
818.4836
818.4833
819.2811
819.2809
819.2802
817.675
817.6755
817.676
818.4835
818.4836
818.4833
817.6749
817.6754
817.6759
819.2811
819.2808
819.2802
817.675
817.6754
817.6759
818.4835
818.4836
818.4833
819.2811
819.2808
819.2802
817.675
817.6755
817.676
817.675
817.6755
817.676
818.4835
818.4836
818.4833
818.4835
818.4836
818.4833
819.2811
819.2809
819.2802
819.2811
819.2809
819.2802
818.4835
818.4836
818.4833
819.2811
819.2809
819.2802
817.675
817.6755
817.676
819.2811
819.2809
819.2802
817.675
817.6755
817.676
818.4835
818.4836
818.4833
819.2811
819.2809
819.2802
819.2811
819.2809
819.2802
818.4835
818.4836
818.4833
818.4835
818.4836
818.4833
817.675
817.6755
817.676
817.675
817.6755
817.676
817.675
817.6755
817.676
817.675
817.6755
817.676
818.4836
818.4837
818.4833
819.2811
819.2809
819.2803
818.4836
818.4837
818.4833
819.2811
819.2809
819.2803
860.0036
860.0037
860.0039
860.0036
860.0037
860.0039
860.0036
860.0037
860.0039
860.0036
860.0037
860.0039
860.0036
860.0037
860.0039
860.0036
860.0037
860.0039
860.0036
860.0037
860.0039
860.0036
860.0037
860.0039
860.0036
860.0037
860.0039
860.0036
860.0037
860.0039
860.0036
860.0037
860.0039
860.0036
860.0037
860.0039
860.0036
860.0037
860.0039
860.0036
860.0037
860.0039
860.0036
860.0037
860.0039
860.0036
860.0037
860.0039
860.0036
860.0037
860.0039
860.0036
860.0037
860.0039
860.0036
860.0037
860.0039
860.0036
860.0037
860.0039
860.0036
860.0037
860.0039
860.0036
860.0037
860.0039
860.0036
860.0037
860.0039
860.0036
860.0037
860.0039
860.0036
860.0037
860.0039
860.0036
860.0037
860.0039
860.0036
860.0037
860.0039
860.0036
860.0037
860.0039
860.0036
860.0037
860.0039
860.0036
860.0037
860.0039
860.0036
860.0037
860.0039
860.0036
860.0037
860.0039
860.0036
860.0037
860.0039
860.0036
860.0037
860.0039
860.0036
860.0037
860.0039
860.0036
860.0037
860.0039
821.6561
821.6566
821.6565
823.9117
823.9105
823.9064
820.6629
820.6638
820.6647
821.5699
821.5702
821.57
823.9724
823.972
823.971
823.0354
823.0351
823.0333
823.9117
823.9105
823.9064
823.9724
823.972
823.971
821.5698
821.5702
821.57
823.0354
823.0351
823.0332
821.6561
821.6566
821.6565
820.6629
820.6638
820.6647
823.9117
823.9105
823.9064
821.6561
821.6567
821.6565
820.6629
820.6638
820.6647
823.9724
823.972
823.9711
823.0355
823.0351
823.0333
821.5699
821.5702
821.57
821.6561
821.6567
821.6565
823.9117
823.9105
823.9064
820.6629
820.6638
820.6647
821.5699
821.5702
821.5701
823.0355
823.0351
823.0333
823.9724
823.972
823.9711
823.0355
823.0351
823.0333
820.6629
820.6638
820.6647
821.5699
821.5702
821.57
823.9724
823.972
823.9711
821.6561
821.6567
821.6565
823.9117
823.9105
823.9064
823.0355
823.0351
823.0333
820.6629
820.6638
820.6647
821.6561
821.6567
821.6565
821.5699
821.5702
821.5701
823.9724
823.9721
823.9711
823.9117
823.9105
823.9064
823.0355
823.0351
823.0333
820.6629
820.6638
820.6647
821.6561
821.6567
821.6565
821.5699
821.5702
821.57
823.9117
823.9105
823.9064
823.9724
823.972
823.9711
823.9117
823.9105
823.9064
823.9724
823.972
823.971
821.6561
821.6566
821.6565
820.6629
820.6638
820.6647
823.0354
823.0351
823.0332
821.5698
821.5702
821.57
823.0355
823.0351
823.0333
821.5699
821.5702
821.57
820.6629
820.6638
820.6647
823.9724
823.972
823.971
823.9117
823.9105
823.9064
821.6561
821.6566
821.6565
823.9117
823.9105
823.9064
823.9724
823.972
823.9711
823.0355
823.0351
823.0333
821.6561
821.6567
821.6565
820.6629
820.6638
820.6647
821.5699
821.5702
821.57
823.0355
823.0351
823.0333
820.6629
820.6638
820.6647
821.6561
821.6567
821.6565
823.9117
823.9105
823.9064
821.5699
821.5702
821.57
823.9724
823.972
823.9711
820.6629
820.6638
820.6647
821.6561
821.6567
821.6565
823.9724
823.9721
823.9711
823.0355
823.0351
823.0333
823.9117
823.9105
823.9064
821.5699
821.5702
821.5701
833.6115
833.6099
833.6056
832.0908
832.0896
832.084
828.3216
828.3227
828.3237
829.4471
829.4477
829.4474
829.4471
829.4477
829.4474
832.0908
832.0896
832.084
832.0908
832.0896
832.084
829.4471
829.4477
829.4474
833.6115
833.6099
833.6056
828.3216
828.3227
828.3237
832.0908
832.0896
832.084
829.4471
829.4477
829.4474
832.0908
832.0896
832.084
828.3217
828.3227
828.3238
829.4471
829.4477
829.4474
833.6115
833.61
833.6056
832.0908
832.0896
832.084
829.4471
829.4477
829.4474
828.3217
828.3227
828.3238
829.4471
829.4477
829.4474
829.4471
829.4477
829.4474
832.0908
832.0896
832.084
833.6115
833.6099
833.6056
832.0908
832.0896
832.084
828.3217
828.3227
828.3238
832.0909
832.0896
832.084
829.4471
829.4477
829.4474
829.4471
829.4477
829.4474
832.0909
832.0896
832.084
833.6115
833.61
833.6056
833.6115
833.61
833.6056
832.0908
832.0896
832.084
829.4471
829.4477
829.4474
832.0908
832.0896
832.084
829.4471
829.4477
829.4474
828.3217
828.3227
828.3238
826.2867
826.2872
826.2873
828.2173
828.2167
828.2137
826.6644
826.6646
826.664
828.3476
828.3471
828.3446
825.4784
825.4794
825.4803
829.3771
829.3761
829.3737
826.2867
826.2872
826.2873
829.3771
829.3761
829.3737
828.2173
828.2167
828.2137
825.4784
825.4794
825.4803
826.6645
826.6647
826.664
828.3476
828.3471
828.3446
826.2867
826.2872
826.2873
829.3771
829.3762
829.3738
825.4784
825.4794
825.4803
826.6645
826.6647
826.664
828.2173
828.2167
828.2137
828.3476
828.3471
828.3447
826.2867
826.2872
826.2873
828.3476
828.3471
828.3447
829.3771
829.3762
829.3738
825.4784
825.4794
825.4804
828.2173
828.2167
828.2137
826.6645
826.6647
826.664
826.6645
826.6647
826.664
825.4785
825.4794
825.4804
828.3476
828.3471
828.3447
826.2867
826.2872
826.2873
829.3771
829.3762
829.3738
828.2173
828.2167
828.2137
829.3771
829.3762
829.3738
828.2173
828.2167
828.2137
828.3476
828.3471
828.3447
826.2867
826.2872
826.2873
826.6645
826.6647
826.664
825.4785
825.4794
825.4804
826.9557
826.9551
826.9533
824.0631
824.0639
824.0646
825.6009
825.6007
825.599
825.6009
825.6007
825.5991
826.9557
826.9551
826.9533
824.0631
824.0639
824.0646
826.9557
826.9551
826.9532
826.9557
826.9551
826.9532
825.6009
825.6007
825.599
824.0631
824.0638
824.0646
825.6009
825.6007
825.599
824.0631
824.0638
824.0646
826.9557
826.9551
826.9533
825.6009
825.6007
825.5991
824.0631
824.0639
824.0646
825.6009
825.6007
825.5991
826.9557
826.9551
826.9533
824.0631
824.0639
824.0646
824.0631
824.0639
824.0646
825.6009
825.6007
825.5991
824.0631
824.0639
824.0646
826.9557
826.9551
826.9533
826.9557
826.9551
826.9533
825.6009
825.6007
825.5991
826.9557
826.9551
826.9533
825.6009
825.6007
825.5991
824.0631
824.0639
824.0646
826.9557
826.9551
826.9533
824.0631
824.0639
824.0646
825.6009
825.6007
825.5991
824.0631
824.0639
824.0647
824.0631
824.0639
824.0647
826.9557
826.9551
826.9533
825.6009
825.6007
825.5991
825.6009
825.6007
825.5991
826.9557
826.9551
826.9533
829.3771
829.3762
829.3738
828.2173
828.2167
828.2137
826.6645
826.6647
826.664
828.3476
828.3471
828.3447
826.2867
826.2872
826.2873
825.4784
825.4794
825.4803
828.2173
828.2167
828.2137
825.4784
825.4794
825.4803
826.6645
826.6647
826.664
826.2867
826.2872
826.2873
829.3771
829.3761
829.3737
828.3476
828.3471
828.3446
826.6645
826.6647
826.664
825.4784
825.4794
825.4803
828.3476
828.3471
828.3446
826.2867
826.2872
826.2873
828.2173
828.2167
828.2137
829.3771
829.3761
829.3737
826.2867
826.2872
826.2873
829.3771
829.3762
829.3738
828.2173
828.2167
828.2137
828.3476
828.3471
828.3447
825.4784
825.4794
825.4804
826.6645
826.6647
826.664
826.6645
826.6647
826.664
825.4784
825.4794
825.4804
828.3476
828.3471
828.3447
829.3771
829.3762
829.3738
826.2867
826.2872
826.2873
828.2173
828.2167
828.2137
826.6645
826.6647
826.664
825.4785
825.4794
825.4804
828.3476
828.3471
828.3447
826.2867
826.2872
826.2873
829.3771
829.3762
829.3738
828.2173
828.2167
828.2137
841.382
841.3776
841.3581
842.5913
842.5898
842.5856
836.3677
836.3681
836.3649
836.3677
836.3681
836.3649
841.382
841.3776
841.3581
833.9829
833.9849
833.9869
842.5913
842.5898
842.5856
841.382
841.3776
841.358
836.3676
836.3681
836.3649
841.382
841.3776
841.3581
833.9829
833.9849
833.9869
836.3676
836.3681
836.3649
841.382
841.3776
841.3581
836.3677
836.3681
836.3649
841.382
841.3776
841.3581
842.5914
842.5899
842.5856
833.9829
833.9849
833.9869
836.3677
836.3681
836.3649
833.9829
833.9849
833.9869
836.3677
836.3681
836.365
836.3677
836.3681
836.365
841.382
841.3776
841.3581
841.382
841.3776
841.3581
842.5913
842.5899
842.5856
841.382
841.3776
841.3581
836.3677
836.3681
836.3649
842.5914
842.5899
842.5856
841.382
841.3776
841.3581
833.9829
833.9849
833.9869
836.3677
836.3681
836.3649
836.3677
836.3681
836.3649
833.9829
833.9849
833.9869
841.382
841.3776
841.3581
836.3677
836.3681
836.3649
841.382
841.3776
841.3581
842.5914
842.5899
842.5856
834.6357
834.6324
834.6152
838.4484
838.4434
838.425
835.3283
835.3245
835.3051
830.0403
830.041
830.0394
828.2007
828.2024
828.2042
830.4053
830.4058
830.4028
838.4483
838.4433
838.425
834.6356
834.6324
834.6152
835.3283
835.3245
835.305
830.0403
830.041
830.0394
828.2007
828.2024
828.2042
830.4053
830.4058
830.4028
830.0403
830.0411
830.0394
835.3283
835.3245
835.3051
834.6357
834.6324
834.6152
838.4483
838.4434
838.425
830.4054
830.4058
830.4028
828.2007
828.2024
828.2042
828.2007
828.2024
828.2042
830.0403
830.0411
830.0394
830.4054
830.4058
830.4028
834.6357
834.6325
834.6152
838.4484
838.4434
838.425
835.3283
835.3245
835.3051
828.2007
828.2024
828.2042
835.3283
835.3245
835.3051
830.0404
830.0411
830.0394
838.4483
838.4434
838.425
834.6357
834.6325
834.6152
830.4054
830.4058
830.4028
828.2007
828.2024
828.2042
830.4054
830.4058
830.4028
830.0404
830.0411
830.0394
835.3283
835.3245
835.3051
834.6357
834.6325
834.6152
838.4483
838.4434
838.425
828.7441
828.7425
828.7335
831.6042
831.6018
831.5939
825.3582
825.3593
825.36
830.7774
830.7747
830.7636
824.5799
824.5814
824.5828
827.0923
827.092
827.0876
828.7441
828.7425
828.7334
825.3582
825.3593
825.36
824.5799
824.5814
824.5828
827.0923
827.092
827.0876
830.7774
830.7747
830.7636
831.6042
831.6018
831.5939
827.0923
827.092
827.0876
830.7774
830.7747
830.7636
824.5799
824.5814
824.5828
831.6042
831.6018
831.5939
825.3582
825.3593
825.36
828.7441
828.7425
828.7335
831.6042
831.6018
831.5939
830.7774
830.7747
830.7636
828.7441
828.7425
828.7335
825.3582
825.3593
825.36
824.5799
824.5814
824.5828
827.0923
827.092
827.0876
831.6042
831.6018
831.5939
827.0923
827.092
827.0876
830.7774
830.7747
830.7636
828.7441
828.7425
828.7335
825.3582
825.3593
825.36
824.5799
824.5814
824.5829
825.3582
825.3593
825.36
824.5799
824.5814
824.5829
827.0923
827.092
827.0876
828.7441
828.7425
828.7335
830.7774
830.7747
830.7636
831.6042
831.6018
831.5939
830.7774
830.7747
830.7636
825.3582
825.3593
825.36
827.0923
827.092
827.0876
828.7441
828.7425
828.7335
831.6042
831.6018
831.5939
824.5799
824.5814
824.5828
830.7774
830.7747
830.7636
828.7441
828.7425
828.7334
831.6042
831.6018
831.5939
827.0923
827.092
827.0876
825.3582
825.3593
825.36
824.5799
824.5814
824.5828
831.6042
831.6018
831.5939
825.3582
825.3593
825.36
828.7441
828.7425
828.7335
824.5799
824.5814
824.5828
827.0923
827.092
827.0876
830.7774
830.7747
830.7636
827.0923
827.092
827.0876
830.7774
830.7747
830.7636
824.5799
824.5814
824.5829
825.3582
825.3593
825.36
831.6042
831.6018
831.5939
828.7441
828.7425
828.7335
828.7441
828.7425
828.7335
825.3582
825.3593
825.36
831.6042
831.6018
831.5939
827.0923
827.092
827.0876
824.5799
824.5814
824.5829
830.7774
830.7747
830.7636
827.0923
827.092
827.0876
824.5799
824.5814
824.5829
830.7774
830.7747
830.7636
831.6042
831.6018
831.5939
828.7442
828.7425
828.7335
825.3582
825.3593
825.36
838.4483
838.4434
838.425
828.2007
828.2024
828.2042
830.4054
830.4058
830.4028
835.3283
835.3245
835.305
830.0403
830.0411
830.0394
834.6357
834.6324
834.6152
834.6356
834.6324
834.6152
838.4483
838.4434
838.425
828.2006
828.2024
828.2041
835.3283
835.3245
835.305
830.0403
830.041
830.0394
830.4053
830.4058
830.4028
834.6356
834.6324
834.6152
838.4483
838.4433
838.425
830.0403
830.041
830.0394
828.2007
828.2024
828.2042
835.3283
835.3245
835.305
830.4053
830.4058
830.4028
838.4483
838.4434
838.425
830.0404
830.0411
830.0394
830.4054
830.4058
830.4028
835.3283
835.3245
835.3051
834.6357
834.6325
834.6152
828.2007
828.2024
828.2042
830.0403
830.0411
830.0394
834.6357
834.6325
834.6152
835.3283
835.3245
835.3051
828.2007
828.2024
828.2042
838.4484
838.4434
838.425
830.4054
830.4058
830.4028
835.3283
835.3245
835.3051
830.4054
830.4058
830.4028
828.2007
828.2024
828.2042
838.4483
838.4434
838.425
834.6357
834.6325
834.6152
830.0404
830.0411
830.0394
851.046
851.0437
851.0334
852.5976
852.5958
852.5908
847.4736
847.4741
847.4725
847.4736
847.4741
847.4725
851.046
851.0437
851.0334
845.6755
845.6771
845.6787
847.4737
847.4741
847.4725
851.0461
851.0437
851.0334
851.0461
851.0437
851.0334
847.4737
847.4741
847.4725
852.5976
852.5958
852.5908
845.6755
845.6771
845.6787
851.0461
851.0438
851.0334
851.0461
851.0438
851.0334
847.4737
847.4741
847.4725
852.5976
852.5958
852.5908
847.4737
847.4741
847.4725
845.6755
845.6771
845.6787
845.6755
845.6771
845.6787
852.5976
852.5958
852.5908
851.0461
851.0437
851.0334
847.4737
847.4741
847.4725
847.4737
847.4741
847.4725
851.0461
851.0437
851.0334
851.0461
851.0438
851.0334
852.5976
852.5958
852.5908
851.0461
851.0438
851.0334
847.4737
847.4741
847.4725
847.4737
847.4741
847.4725
845.6755
845.6771
845.6787
851.0461
851.0438
851.0334
852.5976
852.5958
852.5908
851.0461
851.0438
851.0334
847.4737
847.4741
847.4725
845.6755
845.6771
845.6787
847.4737
847.4741
847.4725
860.0036
860.0037
860.0039
860.0036
860.0037
860.0039
860.0036
860.0037
860.0039
860.0036
860.0037
860.0039
860.0036
860.0037
860.0039
860.0036
860.0037
860.0039
860.0036
860.0037
860.0039
860.0036
860.0037
860.0039
860.0036
860.0037
860.0039
860.0036
860.0037
860.0039
860.0036
860.0037
860.0039
860.0036
860.0037
860.0039
860.0036
860.0037
860.0039
860.0036
860.0037
860.0039
860.0036
860.0037
860.0039
860.0036
860.0037
860.0039
860.0036
860.0037
860.0039
860.0036
860.0037
860.0039
860.0036
860.0037
860.0039
860.0036
860.0037
860.0039
860.0036
860.0037
860.0039
860.0036
860.0037
860.0039
860.0036
860.0037
860.0039
860.0036
860.0037
860.0039
860.0036
860.0037
860.0039
860.0036
860.0037
860.0039
860.0036
860.0037
860.0039
860.0036
860.0037
860.0039
860.0036
860.0037
860.0039
860.0036
860.0037
860.0039
860.0036
860.0037
860.0039
860.0036
860.0037
860.0039
860.0036
860.0037
860.0039
860.0036
860.0037
860.0039
860.0036
860.0037
860.0039
860.0036
860.0037
860.0039
846.4929
846.4897
846.479
843.3599
843.3555
843.3337
845.5265
845.5213
845.4985
836.3548
836.3572
836.3595
840.2289
840.2277
840.2172
838.0744
838.0756
838.075
845.5265
845.5213
845.4985
840.2289
840.2277
840.2171
846.4929
846.4897
846.479
843.3599
843.3555
843.3337
838.0744
838.0756
838.075
836.3548
836.3572
836.3595
846.4929
846.4897
846.479
845.5265
845.5213
845.4985
843.3599
843.3555
843.3337
840.2289
840.2277
840.2171
836.3548
836.3572
836.3595
838.0744
838.0756
838.075
843.3599
843.3555
843.3338
846.4929
846.4897
846.479
845.5265
845.5213
845.4985
838.0744
838.0756
838.075
836.3549
836.3572
836.3596
840.2289
840.2277
840.2172
846.4929
846.4897
846.479
840.2289
840.2277
840.2171
843.3599
843.3555
843.3337
838.0744
838.0756
838.075
845.5265
845.5213
845.4985
836.3548
836.3572
836.3595
838.0744
838.0756
838.075
836.3548
836.3572
836.3595
843.3599
843.3555
843.3337
840.2289
840.2277
840.2172
846.4929
846.4897
846.479
845.5265
845.5213
845.4985
839.5723
839.5693
839.5513
844.5689
844.5638
844.5429
844.5689
844.5638
844.5429
834.7174
834.7195
834.7216
834.7174
834.7195
834.7216
839.5723
839.5693
839.5513
844.5689
844.5638
844.5429
834.7174
834.7195
834.7216
839.5723
839.5693
839.5513
839.5723
839.5693
839.5513
844.5689
844.5638
844.5429
834.7174
834.7195
834.7215
834.7174
834.7195
834.7216
839.5723
839.5693
839.5513
839.5723
839.5693
839.5513
834.7174
834.7195
834.7216
844.5689
844.5638
844.5429
844.5689
844.5638
844.5429
844.5689
844.5638
844.5429
839.5724
839.5694
839.5513
844.5689
844.5638
844.5429
839.5723
839.5693
839.5513
834.7175
834.7195
834.7216
834.7175
834.7195
834.7216
844.5689
844.5638
844.5429
834.7175
834.7195
834.7216
839.5723
839.5693
839.5513
834.7174
834.7195
834.7216
839.5724
839.5694
839.5513
844.5689
844.5638
844.5429
844.5689
844.5638
844.5429
844.5689
844.5638
844.5429
839.5723
839.5694
839.5513
839.5723
839.5694
839.5513
834.7175
834.7195
834.7216
834.7175
834.7195
834.7216
843.3599
843.3555
843.3337
838.0744
838.0756
838.075
846.4929
846.4897
846.479
836.3548
836.3572
836.3595
845.5265
845.5213
845.4985
840.2289
840.2277
840.2171
836.3548
836.3572
836.3595
838.0744
838.0756
838.075
845.5265
845.5213
845.4985
840.2289
840.2277
840.2172
846.4929
846.4897
846.479
843.3599
843.3555
843.3337
846.4929
846.4897
846.479
845.5265
845.5213
845.4985
840.2289
840.2277
840.2171
843.3599
843.3555
843.3337
836.3548
836.3572
836.3595
838.0744
838.0756
838.075
836.3548
836.3572
836.3595
840.2289
840.2277
840.2171
845.5265
845.5213
845.4985
843.3599
843.3555
843.3337
838.0744
838.0756
838.075
846.4929
846.4897
846.479
836.3549
836.3572
836.3596
838.0744
838.0756
838.075
840.2289
840.2277
840.2172
843.3599
843.3555
843.3338
845.5265
845.5213
845.4985
846.4929
846.4897
846.479
846.4929
846.4897
846.479
845.5265
845.5213
845.4985
843.3599
843.3555
843.3337
836.3548
836.3572
836.3595
840.2289
840.2277
840.2172
838.0744
838.0756
838.075
860.0036
860.0037
860.0039
860.0036
860.0037
860.0039
860.0036
860.0037
860.0039
860.0036
860.0037
860.0039
860.0036
860.0037
860.0039
860.0036
860.0037
860.0039
860.0036
860.0037
860.0039
860.0036
860.0037
860.0039
860.0036
860.0037
860.0039
860.0036
860.0037
860.0039
860.0036
860.0037
860.0039
860.0036
860.0037
860.0039
860.0036
860.0037
860.0039
860.0036
860.0037
860.0039
860.0036
860.0037
860.0039
860.0036
860.0037
860.0039
860.0036
860.0037
860.0039
860.0036
860.0037
860.0039
860.0036
860.0037
860.0039
860.0036
860.0037
860.0039
860.0036
860.0037
860.0039
860.0036
860.0037
860.0039
860.0036
860.0037
860.0039
860.0036
860.0037
860.0039
860.0036
860.0037
860.0039
860.0036
860.0037
860.0039
860.0036
860.0037
860.0039
860.0036
860.0037
860.0039
860.0036
860.0037
860.0039
860.0036
860.0037
860.0039
860.0036
860.0037
860.0039
860.0036
860.0037
860.0039
860.0036
860.0037
860.0039
860.0036
860.0037
860.0039
860.0036
860.0037
860.0039
860.0036
860.0037
860.0039
860.0036
860.0037
860.0039
860.0036
860.0037
860.0039
860.0036
860.0037
860.0039
860.0036
860.0037
860.0039
860.0036
860.0037
860.0039
860.0036
860.0037
860.0039
860.0036
860.0037
860.0039
860.0036
860.0037
860.0039
860.0036
860.0037
860.0039
860.0036
860.0037
860.0039
860.0036
860.0037
860.0039
860.0036
860.0037
860.0039
860.0036
860.0037
860.0039
860.0036
860.0037
860.0039
860.0036
860.0037
860.0039
860.0036
860.0037
860.0039
860.0036
860.0037
860.0039
860.0036
860.0037
860.0039
860.0036
860.0037
860.0039
860.0036
860.0037
860.0039
860.0036
860.0037
860.0039
860.0036
860.0037
860.0039
860.0036
860.0037
860.0039
860.0036
860.0037
860.0039
860.0036
860.0037
860.0039
860.0036
860.0037
860.0039
860.0036
860.0037
860.0039
860.0036
860.0037
860.0039
860.0036
860.0037
860.0039
860.0036
860.0037
860.0039
860.0036
860.0037
860.0039
860.0036
860.0037
860.0039
860.0036
860.0037
860.0039
860.0036
860.0037
860.0039
860.0036
860.0037
860.0039
860.0036
860.0037
860.0039
860.0036
860.0037
860.0039
860.0036
860.0037
860.0039
860.0036
860.0037
860.0039
860.0036
860.0037
860.0039
860.0036
860.0037
860.0039
860.0036
860.0037
860.0039
860.0036
860.0037
860.0039
860.0036
860.0037
860.0039
860.0036
860.0037
860.0039
860.0036
860.0037
860.0039
860.0036
860.0037
860.0039
860.0036
860.0037
860.0039
860.0036
860.0037
860.0039
860.0036
860.0037
860.0039
860.0036
860.0037
860.0039
860.0036
860.0037
860.0039
860.0036
860.0037
860.0039
860.0036
860.0037
860.0039
860.0036
860.0037
860.0039
860.0036
860.0037
860.0039
860.0036
860.0037
860.0039
860.0036
860.0037
860.0039
860.0036
860.0037
860.0039
860.0036
860.0037
860.0039
860.0036
860.0037
860.0039
860.0036
860.0037
860.0039
860.0036
860.0037
860.0039
860.0036
860.0037
860.0039
860.0036
860.0037
860.0039
860.0036
860.0037
860.0039
860.0036
860.0037
860.0039
860.0036
860.0037
860.0039
860.0036
860.0037
860.0039
860.0036
860.0037
860.0039
860.0036
860.0037
860.0039
860.0036
860.0037
860.0039
860.0036
860.0037
860.0039
860.0036
860.0037
860.0039
860.0036
860.0037
860.0039
860.0036
860.0037
860.0039
860.0036
860.0037
860.0039
860.0036
860.0037
860.0039
860.0036
860.0037
860.0039
860.0036
860.0037
860.0039
860.0036
860.0037
860.0039
860.0036
860.0037
860.0039
860.0036
860.0037
860.0039
860.0036
860.0037
860.0039
860.0036
860.0037
860.0039
860.0036
860.0037
860.0039
860.0036
860.0037
860.0039
860.0036
860.0037
860.0039
860.0036
860.0037
860.0039
860.0036
860.0037
860.0039
860.0036
860.0037
860.0039
860.0036
860.0037
860.0039
860.0036
860.0037
860.0039
860.0036
860.0037
860.0039
860.0036
860.0037
860.0039
860.0036
860.0037
860.0039
860.0036
860.0037
860.0039
860.0036
860.0037
860.0039
860.0036
860.0037
860.0039
860.0036
860.0037
860.0039
860.0036
860.0037
860.0039
860.0036
860.0037
860.0039
860.0036
860.0037
860.0039
860.0036
860.0037
860.0039
860.0036
860.0037
860.0039
860.0036
860.0037
860.0039
860.0036
860.0037
860.0039
860.0036
860.0037
860.0039
860.0036
860.0037
860.0039
860.0036
860.0037
860.0039
860.0036
860.0037
860.0039
860.0036
860.0037
860.0039
860.0036
860.0037
860.0039
860.0036
860.0037
860.0039
860.0036
860.0037
860.0039
860.0036
860.0037
860.0039
860.0036
860.0037
860.0039
860.0036
860.0037
860.0039
860.0036
860.0037
860.0039
860.0036
860.0037
860.0039
860.0036
860.0037
860.0039
860.0036
860.0037
860.0039
860.0036
860.0037
860.0039
860.0036
860.0037
860.0039
860.0036
860.0037
860.0039
860.0036
860.0037
860.0039
860.0036
860.0037
860.0039
860.0036
860.0037
860.0039
860.0036
860.0037
860.0039
860.0036
860.0037
860.0039
860.0036
860.0037
860.0039
860.0036
860.0037
860.0039
860.0036
860.0037
860.0039
860.0036
860.0037
860.0039
860.0036
860.0037
860.0039
860.0036
860.0037
860.0039
860.0036
860.0037
860.0039
860.0036
860.0037
860.0039
860.0036
860.0037
860.0039
860.0036
860.0037
860.0039
860.0036
860.0037
860.0039
860.0036
860.0037
860.0039
860.0036
860.0037
860.0039
860.0036
860.0037
860.0039
860.0036
860.0037
860.0039
860.0036
860.0037
860.0039
860.0036
860.0037
860.0039
860.0036
860.0037
860.0039
860.0036
860.0037
860.0039
860.0036
860.0037
860.0039
860.0036
860.0037
860.0039
860.0036
860.0037
860.0039
860.0036
860.0037
860.0039
860.0036
860.0037
860.0039
860.0036
860.0037
860.0039
860.0036
860.0037
860.0039
860.0036
860.0037
860.0039
860.0036
860.0037
860.0039
860.0036
860.0037
860.0039
860.0036
860.0037
860.0039
860.0036
860.0037
860.0039
860.0036
860.0037
860.0039
860.0036
860.0037
860.0039
860.0036
860.0037
860.0039
860.0036
860.0037
860.0039
860.0036
860.0037
860.0039
860.0036
860.0037
860.0039
860.0036
860.0037
860.0039
860.0036
860.0037
860.0039
860.0036
860.0037
860.0039
860.0036
860.0037
860.0039
860.0036
860.0037
860.0039
860.0036
860.0037
860.0039
860.0036
860.0037
860.0039
860.0036
860.0037
860.0039
860.0036
860.0037
860.0039
860.0036
860.0037
860.0039
860.0036
860.0037
860.0039
860.0036
860.0037
860.0039
860.0036
860.0037
860.0039
860.0036
860.0037
860.0039
860.0036
860.0037
860.0039
860.0036
860.0037
860.0039
860.0036
860.0037
860.0039
860.0036
860.0037
860.0039
860.0036
860.0037
860.0039
860.0036
860.0037
860.0039
860.0036
860.0037
860.0039
860.0036
860.0037
860.0039
860.0036
860.0037
860.0039
860.0036
860.0037
860.0039
860.0036
860.0037
860.0039
860.0036
860.0037
860.0039
860.0036
860.0037
860.0039
860.0036
860.0037
860.0039
860.0036
860.0037
860.0039
860.0036
860.0037
860.0039
860.0036
860.0037
860.0039
860.0036
860.0037
860.0039
860.0036
860.0037
860.0039
860.0036
860.0037
860.0039
860.0036
860.0037
860.0039
860.0036
860.0037
860.0039
860.0036
860.0037
860.0039
860.0036
860.0037
860.0039
860.0036
860.0037
860.0039
860.0036
860.0037
860.0039
860.0036
860.0037
860.0039
860.0036
860.0037
860.0039
860.0036
860.0037
860.0039
860.0036
860.0037
860.0039
860.0036
860.0037
860.0039
860.0036
860.0037
860.0039
860.0036
860.0037
860.0039
860.0036
860.0037
860.0039
860.0036
860.0037
860.0039
860.0036
860.0037
860.0039
860.0036
860.0037
860.0039
860.0036
860.0037
860.0039
860.0036
860.0037
860.0039
860.0036
860.0037
860.0039
860.0036
860.0037
860.0039
860.0036
860.0037
860.0039
860.0036
860.0037
860.0039
860.0036
860.0037
860.0039
860.0036
860.0037
860.0039
860.0036
860.0037
860.0039
860.0036
860.0037
860.0039
860.0036
860.0037
860.0039
860.0036
860.0037
860.0039
860.0036
860.0037
860.0039
860.0036
860.0037
860.0039
860.0036
860.0037
860.0039
860.0036
860.0037
860.0039
860.0036
860.0037
860.0039
860.0036
860.0037
860.0039
860.0036
860.0037
860.0039
860.0036
860.0037
860.0039
860.0036
860.0037
860.0039
860.0036
860.0037
860.0039
860.0036
860.0037
860.0039
860.0036
860.0037
860.0039
860.0036
860.0037
860.0039
860.0036
860.0037
860.0039
860.0036
860.0037
860.0039
860.0036
860.0037
860.0039
860.0036
860.0037
860.0039
860.0036
860.0037
860.0039
860.0036
860.0037
860.0039
860.0036
860.0037
860.0039
860.0036
860.0037
860.0039
860.0036
860.0037
860.0039
860.0034
860.0034
860.0034
860.0034
860.0034
860.0034
817.469
817.469
818.604
817.7274
817.7274
817.5648
818.604
817.7274
817.469
817.5648
817.7274
817.469
817.7274
817.469
818.604
817.5648
817.469
817.7274
817.469
818.604
817.7274
817.469
817.5648
817.7274
817.7274
817.469
817.7274
817.469
818.604
817.5648
818.604
817.7274
817.469
817.5648
817.7274
817.469
820.9404
822.6436
820.9404
818.3783
819.0859
819.0859
819.0859
819.0859
822.6436
820.9404
818.3783
820.9404
822.6437
819.0859
819.0859
820.9404
820.9404
818.3783
820.9404
822.6437
820.9404
819.0859
819.0859
818.3783
819.0859
820.9404
822.6437
819.0859
820.9404
818.3783
822.6437
820.9404
818.3783
819.0859
820.9404
819.0859
818.4834
817.6745
817.6745
818.4834
819.2812
819.2812
818.4834
819.2812
817.6745
819.2812
817.6745
818.4834
819.2812
819.2812
818.4834
818.4834
817.6745
817.6745
818.4834
819.2812
819.2812
817.6745
818.4834
817.6745
817.6745
819.2812
818.4834
817.6745
819.2812
818.4834
817.6745
818.4834
817.6745
819.2813
818.4834
819.2813
860.0034
860.0034
860.0034
860.0034
860.0034
860.0034
860.0034
860.0034
860.0034
860.0034
860.0034
860.0034
860.0034
860.0034
860.0034
860.0034
860.0034
860.0034
860.0034
860.0034
860.0034
860.0034
860.0034
860.0034
860.0034
860.0034
860.0034
860.0034
860.0034
860.0034
860.0034
860.0034
860.0034
860.0034
860.0034
860.0034
821.6555
823.9125
820.662
821.5695
823.9726
823.0355
823.9125
823.9726
821.5695
823.0355
821.6555
820.6619
821.5695
820.662
823.0356
823.9125
821.6555
823.9726
820.662
821.5695
821.6555
823.0356
823.9125
823.9726
823.0356
823.9726
823.9125
821.5695
820.662
821.6555
823.9125
823.0356
821.6555
820.662
823.9726
821.5695
821.5695
823.0356
820.662
823.9726
821.6555
823.9125
823.9125
823.9726
821.6555
820.6619
823.0355
821.5695
823.9726
823.9125
823.0355
821.6555
820.662
821.5695
823.9125
823.9726
823.0356
821.6555
820.662
821.5695
820.662
823.0356
821.6555
821.5695
823.9125
823.9726
823.0356
823.9727
823.9125
821.5695
821.6555
820.662
833.6126
832.0913
828.3206
829.4464
829.4464
832.0913
829.4464
832.0913
828.3206
832.0913
833.6126
829.4464
832.0913
829.4464
833.6126
832.0913
829.4464
828.3206
828.3206
829.4464
829.4464
832.0913
833.6126
832.0913
832.0913
833.6126
832.0913
829.4464
828.3206
829.4464
833.6126
829.4464
828.3206
832.0913
832.0913
829.4464
826.6641
828.3477
825.4775
829.3778
826.2861
828.2175
829.3778
826.2861
828.2175
825.4775
828.3478
826.6641
826.2861
829.3779
825.4775
826.6642
828.2175
828.3478
826.2861
828.3478
829.3779
825.4775
828.2175
826.6642
826.6642
825.4775
828.3478
826.2861
829.3779
828.2175
826.6642
825.4775
829.3779
828.3478
826.2861
828.2175
824.0623
825.6009
824.0623
826.9561
826.9561
825.6009
826.9561
826.9561
825.6009
825.6008
824.0623
824.0623
825.6009
826.9561
824.0623
824.0623
826.9561
825.6009
824.0623
825.6009
824.0623
826.9561
826.9561
825.6009
826.9561
825.6009
824.0623
826.9561
824.0623
825.6009
824.0623
826.9561
825.6009
826.9561
824.0623
825.6009
826.2861
829.3778
828.2175
825.4775
826.6642
828.3478
828.2175
826.2861
825.4775
829.3778
828.3478
826.6641
826.6641
825.4775
828.3477
826.2861
829.3778
828.2175
826.2861
829.3779
828.2175
828.3478
825.4775
826.6642
826.6642
825.4775
829.3779
828.3478
826.2861
828.2175
826.6642
828.3478
825.4775
826.2861
828.2175
829.3779
842.5922
836.3666
836.3666
841.3839
841.3839
833.9808
842.5923
841.3839
841.3839
833.9808
836.3666
836.3666
833.9808
836.3666
836.3666
841.3839
841.3839
842.5923
833.9809
836.3666
836.3666
841.3839
841.3839
842.5923
836.3666
833.9808
841.3839
836.3666
842.5923
841.3839
836.3666
833.9808
841.3839
836.3666
841.3839
842.5923
834.6364
838.4513
830.0392
828.1989
830.4043
835.3295
828.1989
830.4043
838.4513
835.3295
830.0392
834.6364
834.6364
830.0392
838.4513
835.3295
828.1989
830.4043
828.1989
834.6364
830.4043
835.3295
838.4514
830.0392
828.1989
830.0392
830.4043
835.3295
838.4513
834.6364
828.1989
830.4043
830.0392
835.3295
834.6364
838.4513
827.0918
831.6057
830.7787
824.5784
828.7445
825.357
828.7445
825.357
824.5784
827.0918
830.7787
831.6057
830.7787
831.6057
828.7445
827.0918
825.357
824.5785
831.6057
830.7787
828.7445
825.357
824.5785
827.0918
831.6057
827.0918
830.7787
828.7445
825.357
824.5785
825.357
824.5785
827.0919
828.7445
830.7787
831.6057
830.7787
825.357
827.0918
828.7445
831.6057
824.5785
825.357
828.7445
831.6057
824.5784
830.7787
827.0918
831.6057
825.357
828.7445
824.5785
827.0918
830.7787
827.0918
830.7787
824.5785
825.357
831.6057
828.7445
828.7445
831.6057
825.357
830.7787
824.5785
827.0918
827.0919
824.5785
830.7787
831.6057
828.7445
825.357
838.4513
835.3295
828.1989
834.6364
830.0392
830.4043
834.6364
838.4513
828.1989
835.3295
830.0392
830.4043
834.6364
838.4513
830.0392
835.3295
828.1989
830.4043
838.4513
830.0392
830.4043
835.3295
834.6364
828.1989
834.6364
830.0392
838.4514
835.3295
828.1989
830.4043
835.3295
830.4043
828.1989
838.4513
834.6364
830.0392
851.047
852.5988
847.4729
847.4729
851.047
845.6739
851.047
852.5988
847.4729
851.047
847.4729
845.674
852.5988
851.047
851.047
847.4729
847.4729
845.674
845.6739
852.5988
851.047
847.4729
847.4729
851.047
852.5988
851.047
847.4729
851.047
847.4729
845.674
851.047
852.5988
847.4729
851.047
845.674
847.4729
860.0034
860.0034
860.0034
860.0034
860.0034
860.0034
860.0034
860.0034
860.0034
860.0034
860.0034
860.0034
860.0034
860.0034
860.0034
860.0034
860.0034
860.0034
860.0034
860.0034
860.0034
860.0034
860.0034
860.0034
860.0034
860.0034
860.0034
860.0034
860.0034
860.0034
860.0034
860.0034
860.0034
860.0034
860.0034
860.0034
846.4946
843.3612
845.5287
836.3525
838.0729
840.2285
840.2285
838.0729
845.5287
843.3612
836.3525
846.4946
838.0729
836.3525
843.3612
840.2285
846.4946
845.5287
836.3525
838.0729
840.2286
845.5287
843.3613
846.4946
840.2285
846.4946
845.5287
836.3525
843.3612
838.0729
838.0729
836.3525
843.3612
840.2285
846.4947
845.5287
844.5713
844.5713
839.5727
839.5727
834.7154
834.7154
844.5713
834.7154
839.5727
834.7154
839.5727
844.5713
834.7154
839.5727
839.5727
834.7154
844.5713
844.5713
844.5713
839.5727
844.5713
839.5727
834.7154
834.7154
844.5713
839.5727
844.5713
834.7154
839.5727
834.7154
844.5713
844.5713
839.5727
839.5727
834.7154
834.7154
843.3612
838.0729
846.4946
836.3525
845.5287
840.2285
838.0729
845.5287
836.3525
846.4946
843.3612
840.2285
846.4946
845.5287
840.2285
843.3612
836.3525
838.0729
843.3612
838.0729
836.3525
846.4946
840.2285
845.5287
846.4946
838.0729
845.5287
836.3525
840.2285
843.3613
846.4947
845.5287
843.3612
838.0729
836.3525
840.2285
860.0034
860.0034
860.0034
860.0034
860.0034
860.0034
860.0034
860.0034
860.0034
860.0034
860.0034
860.0034
860.0034
860.0034
860.0034
860.0034
860.0034
860.0034
860.0034
860.0034
860.0034
860.0034
860.0034
860.0034
860.0034
860.0034
860.0034
860.0034
860.0034
860.0034
860.0034
860.0034
860.0034
860.0034
860.0034
860.0034
860.0034
860.0034
860.0034
860.0034
860.0034
860.0034
860.0034
860.0034
860.0034
860.0034
860.0034
860.0034
860.0034
860.0034
860.0034
860.0034
860.0034
860.0034
860.0034
860.0034
860.0034
860.0034
860.0034
860.0034
860.0034
860.0034
860.0034
860.0034
860.0034
860.0034
860.0034
860.0034
860.0034
860.0034
860.0034
860.0034
860.0034
860.0034
860.0034
860.0034
860.0034
860.0034
860.0034
860.0034
860.0034
860.0034
860.0034
860.0034
860.0034
860.0034
860.0034
860.0034
860.0034
860.0034
860.0034
860.0034
860.0034
860.0034
860.0034
860.0034
860.0034
860.0034
860.0034
860.0034
860.0034
860.0034
860.0034
860.0034
860.0034
860.0034
860.0034
860.0034
860.0034
860.0034
860.0034
860.0034
860.0034
860.0034
860.0034
860.0034
860.0034
860.0034
860.0034
860.0034
860.0034
860.0034
860.0034
860.0034
860.0034
860.0034
860.0034
860.0034
860.0034
860.0034
860.0034
860.0034
860.0034
860.0034
860.0034
860.0034
860.0034
860.0034
860.0034
860.0034
860.0034
860.0034
860.0034
860.0034
860.0034
860.0034
860.0034
860.0034
860.0034
860.0034
860.0034
860.0034
860.0034
860.0034
860.0034
860.0034
860.0034
860.0034
860.0034
860.0034
860.0034
860.0034
860.0034
860.0034
860.0034
860.0034
860.0034
860.0034
860.0034
860.0034
860.0034
860.0034
860.0034
860.0034
860.0034
860.0034
860.0034
860.0034
860.0034
860.0034
860.0034
860.0034
860.0034
860.0034
860.0034
860.0034
860.0034
860.0034
860.0034
860.0034
860.0034
860.0034
860.0034
860.0034
860.0034
860.0034
860.0034
860.0034
860.0034
860.0034
860.0034
860.0034
860.0034
860.0034
860.0034
860.0034
860.0034
860.0034
860.0034
860.0034
860.0034
860.0034
860.0034
860.0034
860.0034
860.0034
860.0034
860.0034
860.0034
860.0034
860.0034
860.0034
860.0034
860.0034
860.0034
860.0034
860.0034
860.0034
860.0034
860.0034
860.0034
860.0034
860.0034
860.0034
860.0034
860.0034
860.0034
860.0034
860.0034
860.0034
860.0034
860.0034
860.0034
860.0034
860.0034
860.0034
860.0034
860.0034
860.0034
860.0034
860.0034
860.0034
860.0034
860.0034
860.0034
860.0034
860.0034
860.0034
860.0034
860.0034
860.0034
860.0034
860.0034
860.0034
860.0034
860.0034
860.0034
860.0034
860.0034
860.0034
860.0034
860.0034
860.0034
860.0034
860.0034
860.0034
860.0034
860.0034
860.0034
860.0034
860.0034
860.0034
860.0034
860.0034
860.0034
860.0034
860.0034
860.0034
860.0017
860.0019
860.002
860.0022
860.0024
860.0025
860.0027
860.0029
860.003
860.0032
860.0017
860.0019
860.002
860.0022
860.0024
860.0025
860.0027
860.0029
860.003
860.0032
860.0017
860.0019
860.002
860.0022
860.0024
860.0025
860.0027
860.0029
860.003
860.0032
860.0017
860.0019
860.002
860.0022
860.0024
860.0025
860.0027
860.0029
860.003
860.0032
860.0017
860.0019
860.002
860.0022
860.0024
860.0025
860.0027
860.0029
860.003
860.0032
860.0017
860.0019
860.002
860.0022
860.0024
860.0025
860.0027
860.0029
860.003
860.0032
856.7634
852.6468
847.8779
842.7046
837.3882
832.1931
827.3769
823.1805
819.8186
817.4687
856.7634
852.6468
847.8779
842.7046
837.3882
832.1931
827.377
823.1805
819.8186
817.4687
856.8425
852.8552
848.2429
843.2387
838.0922
833.0573
828.3808
824.2902
820.9809
818.6045
856.782
852.7002
847.9743
842.8471
837.5757
832.4214
827.6382
823.462
820.1009
817.7269
856.782
852.7002
847.9743
842.8471
837.5757
832.4214
827.6382
823.462
820.1009
817.7269
856.7702
852.6611
847.9009
842.7373
837.4308
832.2457
827.4393
823.2525
819.9012
817.5647
856.7634
852.6468
847.8779
842.7046
837.3882
832.1931
827.3769
823.1805
819.8186
817.4687
856.8425
852.8552
848.2429
843.2387
838.0922
833.0573
828.3808
824.2902
820.9809
818.6045
856.782
852.7002
847.9743
842.8471
837.5757
832.4214
827.6382
823.462
820.1009
817.7269
856.7702
852.6611
847.9009
842.7373
837.4308
832.2457
827.4393
823.2525
819.9012
817.5647
856.782
852.7002
847.9743
842.8471
837.5757
832.4214
827.6382
823.462
820.1009
817.7269
856.7634
852.6468
847.8779
842.7046
837.3882
832.1931
827.3769
823.1805
819.8186
817.4687
856.8425
852.8552
848.2429
843.2387
838.0922
833.0573
828.3808
824.2902
820.9809
818.6045
856.782
852.7002
847.9743
842.8471
837.5757
832.4214
827.6382
823.462
820.1009
817.7269
856.7634
852.6468
847.8779
842.7046
837.3882
832.1931
827.377
823.1805
819.8186
817.4687
856.782
852.7002
847.9743
842.8471
837.5757
832.4214
827.6382
823.462
820.1009
817.7269
856.7702
852.6611
847.9009
842.7373
837.4308
832.2457
827.4393
823.2525
819.9012
817.5647
856.7634
852.6468
847.8779
842.7046
837.3882
832.1931
827.377
823.1805
819.8186
817.4687
856.7634
852.6468
847.8779
842.7046
837.3882
832.1931
827.377
823.1805
819.8186
817.4687
856.8425
852.8552
848.2429
843.2387
838.0922
833.0573
828.3808
824.2902
820.9809
818.6045
856.782
852.7002
847.9743
842.8471
837.5757
832.4214
827.6382
823.462
820.1009
817.7269
856.7634
852.6468
847.8779
842.7046
837.3882
832.1931
827.377
823.1805
819.8187
817.4687
856.7702
852.6611
847.9009
842.7373
837.4308
832.2457
827.4393
823.2525
819.9012
817.5647
856.782
852.7002
847.9743
842.8471
837.5757
832.4214
827.6382
823.462
820.1009
817.7269
856.7634
852.6468
847.8779
842.7046
837.3882
832.1931
827.377
823.1805
819.8187
817.4687
856.782
852.7002
847.9743
842.8471
837.5757
832.4214
827.6382
823.462
820.1009
817.7269
856.7634
852.6468
847.8779
842.7046
837.3882
832.1931
827.377
823.1805
819.8187
817.4687
856.7702
852.6611
847.9009
842.7373
837.4309
832.2457
827.4393
823.2525
819.9012
817.5647
856.8425
852.8552
848.2429
843.2387
838.0922
833.0573
828.3808
824.2902
820.9809
818.6045
856.782
852.7002
847.9743
842.8471
837.5757
832.4214
827.6382
823.462
820.1009
817.7269
856.8425
852.8552
848.2429
843.2387
838.0922
833.0573
828.3808
824.2902
820.9809
818.6045
856.782
852.7002
847.9743
842.8471
837.5757
832.4214
827.6382
823.462
820.1009
817.7269
856.7702
852.6611
847.9009
842.7373
837.4308
832.2457
827.4393
823.2525
819.9012
817.5647
856.782
852.7002
847.9743
842.8471
837.5757
832.4214
827.6382
823.462
820.1009
817.7269
856.7634
852.6468
847.8779
842.7046
837.3882
832.1931
827.377
823.1805
819.8187
817.4687
856.7634
852.6468
847.8779
842.7046
837.3882
832.1931
827.377
823.1805
819.8186
817.4687
856.8704
852.8998
848.3062
843.3263
838.2105
833.2127
828.5812
824.5484
821.3237
819.0852
857.1014
853.4793
849.3085
844.7927
840.1535
835.6184
831.4093
827.7311
824.7607
822.645
856.9928
853.2012
848.8241
844.0819
839.2103
834.4496
830.0347
826.1846
823.0953
820.9403
856.8239
852.7881
848.1158
843.0492
837.8434
832.7575
828.0438
823.9393
820.6574
818.3775
856.8704
852.8998
848.3062
843.3263
838.2105
833.2127
828.5812
824.5484
821.3237
819.0852
856.9928
853.2012
848.8241
844.0819
839.2103
834.4496
830.0347
826.1846
823.0953
820.9403
857.1014
853.4793
849.3085
844.7927
840.1535
835.6184
831.4093
827.7311
824.7606
822.645
856.8704
852.8998
848.3062
843.3263
838.2105
833.2127
828.5812
824.5484
821.3237
819.0852
856.8704
852.8998
848.3062
843.3263
838.2105
833.2127
828.5812
824.5484
821.3237
819.0852
856.9928
853.2012
848.8241
844.0819
839.2103
834.4496
830.0347
826.1846
823.0953
820.9403
856.9928
853.2012
848.8241
844.0819
839.2103
834.4496
830.0347
826.1846
823.0953
820.9403
856.8239
852.7881
848.1158
843.0492
837.8434
832.7575
828.0438
823.9393
820.6574
818.3775
856.8239
852.7881
848.1158
843.0492
837.8435
832.7575
828.0438
823.9393
820.6574
818.3775
856.8704
852.8998
848.3062
843.3263
838.2105
833.2127
828.5812
824.5484
821.3238
819.0852
856.8704
852.8998
848.3062
843.3263
838.2105
833.2127
828.5812
824.5484
821.3238
819.0852
856.9928
853.2012
848.8241
844.0819
839.2103
834.4496
830.0347
826.1846
823.0954
820.9403
856.9928
853.2012
848.8241
844.0819
839.2103
834.4496
830.0347
826.1846
823.0954
820.9403
857.1014
853.4793
849.3085
844.7927
840.1535
835.6184
831.4093
827.7311
824.7607
822.645
856.9928
853.2012
848.8241
844.0819
839.2103
834.4496
830.0347
826.1846
823.0954
820.9403
856.9928
853.2012
848.8241
844.0819
839.2103
834.4496
830.0347
826.1846
823.0954
820.9403
856.8704
852.8998
848.3062
843.3263
838.2105
833.2127
828.5812
824.5484
821.3238
819.0852
856.8704
852.8998
848.3062
843.3263
838.2105
833.2127
828.5812
824.5484
821.3238
819.0852
857.1014
853.4793
849.3085
844.7927
840.1535
835.6184
831.4093
827.7311
824.7607
822.645
856.8239
852.7881
848.1158
843.0492
837.8435
832.7575
828.0438
823.9393
820.6574
818.3775
856.8704
852.8998
848.3062
843.3263
838.2105
833.2127
828.5812
824.5484
821.3238
819.0852
856.8239
852.7881
848.1158
843.0492
837.8435
832.7575
828.0438
823.9394
820.6574
818.3775
856.8704
852.8998
848.3062
843.3263
838.2105
833.2127
828.5812
824.5484
821.3238
819.0852
856.9928
853.2012
848.8241
844.0819
839.2103
834.4496
830.0347
826.1846
823.0954
820.9403
856.9928
853.2012
848.8241
844.0819
839.2103
834.4496
830.0347
826.1846
823.0954
820.9403
857.1014
853.4793
849.3085
844.7927
840.1535
835.6184
831.4093
827.7311
824.7607
822.645
856.8239
852.7881
848.1158
843.0492
837.8435
832.7575
828.0438
823.9393
820.6574
818.3775
856.8704
852.8998
848.3062
843.3263
838.2105
833.2127
828.5812
824.5484
821.3238
819.0852
857.1014
853.4793
849.3085
844.7927
840.1535
835.6184
831.4093
827.7311
824.7607
822.645
856.8704
852.8998
848.3062
843.3263
838.2105
833.2127
828.5812
824.5484
821.3238
819.0852
856.9928
853.2012
848.8241
844.0819
839.2103
834.4496
830.0347
826.1846
823.0954
820.9403
856.9928
853.2012
848.8241
844.0819
839.2103
834.4496
830.0347
826.1846
823.0954
820.9403
856.8338
852.8072
848.1443
843.0876
837.8922
832.8169
828.1142
824.021
820.7511
818.4832
856.7787
852.6785
847.9279
842.7747
837.4794
832.3056
827.5107
823.3357
819.997
817.6739
856.7787
852.6785
847.9279
842.7747
837.4794
832.3056
827.5107
823.3357
819.997
817.6739
856.8338
852.8072
848.1443
843.0876
837.8922
832.8169
828.1141
824.021
820.7511
818.4832
856.8911
852.9388
848.3629
843.4012
838.3038
833.3249
828.7123
824.6992
821.4966
819.2814
856.8911
852.9388
848.3629
843.4012
838.3038
833.3248
828.7123
824.6992
821.4966
819.2814
856.8338
852.8072
848.1443
843.0876
837.8922
832.8169
828.1141
824.0209
820.7511
818.4832
856.8911
852.9388
848.3629
843.4012
838.3038
833.3248
828.7123
824.6992
821.4966
819.2814
856.7787
852.6785
847.9279
842.7747
837.4794
832.3056
827.5107
823.3357
819.997
817.6739
856.8911
852.9388
848.3629
843.4012
838.3038
833.3248
828.7123
824.6992
821.4966
819.2814
856.7787
852.6785
847.9279
842.7747
837.4794
832.3056
827.5107
823.3357
819.997
817.6739
856.8338
852.8072
848.1443
843.0876
837.8922
832.8169
828.1141
824.0209
820.7511
818.4832
856.7787
852.6785
847.9279
842.7747
837.4794
832.3056
827.5107
823.3357
819.997
817.6739
856.7787
852.6785
847.9279
842.7747
837.4794
832.3056
827.5107
823.3357
819.997
817.6739
856.8338
852.8072
848.1443
843.0876
837.8922
832.8169
828.1141
824.0209
820.7511
818.4832
856.8338
852.8072
848.1443
843.0876
837.8922
832.8169
828.1141
824.021
820.7511
818.4832
856.8911
852.9388
848.3629
843.4012
838.3038
833.3248
828.7123
824.6992
821.4966
819.2814
856.8911
852.9388
848.3629
843.4012
838.3038
833.3248
828.7123
824.6992
821.4966
819.2814
856.8338
852.8072
848.1443
843.0876
837.8922
832.8169
828.1142
824.021
820.7511
818.4832
856.8911
852.9388
848.3629
843.4012
838.3038
833.3249
828.7123
824.6993
821.4966
819.2814
856.7787
852.6785
847.9279
842.7747
837.4794
832.3056
827.5107
823.3357
819.997
817.6739
856.8911
852.9388
848.3629
843.4012
838.3038
833.3249
828.7123
824.6993
821.4966
819.2814
856.7787
852.6785
847.9279
842.7747
837.4794
832.3056
827.5107
823.3357
819.997
817.6739
856.8338
852.8072
848.1443
843.0876
837.8922
832.8169
828.1142
824.021
820.7511
818.4832
856.7787
852.6785
847.9279
842.7747
837.4794
832.3056
827.5107
823.3357
819.997
817.6739
856.8338
852.8072
848.1443
843.0876
837.8922
832.8169
828.1142
824.021
820.7511
818.4832
856.8911
852.9388
848.3629
843.4012
838.3038
833.3249
828.7123
824.6992
821.4966
819.2814
856.8338
852.8072
848.1443
843.0876
837.8922
832.8169
828.1141
824.021
820.7511
818.4832
856.7787
852.6785
847.9279
842.7747
837.4794
832.3056
827.5107
823.3357
819.997
817.6739
856.8911
852.9388
848.3629
843.4012
838.3038
833.3249
828.7123
824.6992
821.4966
819.2814
856.7787
852.6785
847.9279
842.7747
837.4794
832.3056
827.5107
823.3357
819.997
817.674
856.7787
852.6785
847.9279
842.7747
837.4794
832.3056
827.5107
823.3357
819.997
817.674
856.8338
852.8072
848.1443
843.0876
837.8922
832.8169
828.1142
824.021
820.7511
818.4832
856.8911
852.9388
848.3629
843.4012
838.3038
833.3249
828.7123
824.6993
821.4966
819.2814
856.8338
852.8072
848.1443
843.0876
837.8922
832.8169
828.1142
824.021
820.7511
818.4832
856.8911
852.9388
848.3629
843.4012
838.3038
833.3249
828.7123
824.6993
821.4966
819.2814
860.0017
860.0019
860.002
860.0022
860.0024
860.0025
860.0027
860.0029
860.003
860.0032
860.0017
860.0019
860.002
860.0022
860.0024
860.0025
860.0027
860.0029
860.003
860.0032
860.0017
860.0019
860.002
860.0022
860.0024
860.0025
860.0027
860.0029
860.003
860.0032
860.0017
860.0019
860.002
860.0022
860.0024
860.0025
860.0027
860.0029
860.003
860.0032
860.0017
860.0019
860.002
860.0022
860.0024
860.0025
860.0027
860.0029
860.003
860.0032
860.0017
860.0019
860.002
860.0022
860.0024
860.0025
860.0027
860.0029
860.003
860.0032
860.0017
860.0019
860.002
860.0022
860.0024
860.0025
860.0027
860.0029
860.003
860.0032
860.0017
860.0019
860.002
860.0022
860.0024
860.0025
860.0027
860.0029
860.003
860.0032
860.0017
860.0019
860.002
860.0022
860.0024
860.0025
860.0027
860.0029
860.003
860.0032
860.0017
860.0019
860.002
860.0022
860.0024
860.0025
860.0027
860.0029
860.003
860.0032
860.0017
860.0019
860.002
860.0022
860.0024
860.0025
860.0027
860.0029
860.003
860.0032
860.0017
860.0019
860.002
860.0022
860.0024
860.0025
860.0027
860.0029
860.003
860.0032
860.0017
860.0019
860.002
860.0022
860.0024
860.0025
860.0027
860.0029
860.003
860.0032
860.0017
860.0019
860.002
860.0022
860.0024
860.0025
860.0027
860.0029
860.003
860.0032
860.0017
860.0019
860.002
860.0022
860.0024
860.0025
860.0027
860.0029
860.003
860.0032
860.0017
860.0019
860.002
860.0022
860.0024
860.0025
860.0027
860.0029
860.003
860.0032
860.0017
860.0019
860.002
860.0022
860.0024
860.0025
860.0027
860.0029
860.003
860.0032
860.0017
860.0019
860.002
860.0022
860.0024
860.0025
860.0027
860.0029
860.003
860.0032
860.0017
860.0019
860.002
860.0022
860.0024
860.0025
860.0027
860.0029
860.003
860.0032
860.0017
860.0019
860.002
860.0022
860.0024
860.0025
860.0027
860.0029
860.003
860.0032
860.0017
860.0019
860.002
860.0022
860.0024
860.0025
860.0027
860.0029
860.003
860.0032
860.0017
860.0019
860.002
860.0022
860.0024
860.0025
860.0027
860.0029
860.003
860.0032
860.0017
860.0019
860.002
860.0022
860.0024
860.0025
860.0027
860.0029
860.003
860.0032
860.0017
860.0019
860.002
860.0022
860.0024
860.0025
860.0027
860.0029
860.003
860.0032
860.0017
860.0019
860.002
860.0022
860.0024
860.0025
860.0027
860.0029
860.003
860.0032
860.0017
860.0019
860.002
860.0022
860.0024
860.0025
860.0027
860.0029
860.003
860.0032
860.0017
860.0019
860.002
860.0022
860.0024
860.0025
860.0027
860.0029
860.003
860.0032
860.0017
860.0019
860.002
860.0022
860.0024
860.0025
860.0027
860.0029
860.003
860.0032
860.0017
860.0019
860.002
860.0022
860.0024
860.0025
860.0027
860.0029
860.003
860.0032
860.0017
860.0019
860.002
860.0022
860.0024
860.0025
860.0027
860.0029
860.003
860.0032
860.0017
860.0019
860.002
860.0022
860.0024
860.0025
860.0027
860.0029
860.003
860.0032
860.0017
860.0019
860.002
860.0022
860.0024
860.0025
860.0027
860.0029
860.003
860.0032
860.0017
860.0019
860.002
860.0022
860.0024
860.0025
860.0027
860.0029
860.003
860.0032
860.0017
860.0019
860.002
860.0022
860.0024
860.0025
860.0027
860.0029
860.003
860.0032
860.0017
860.0019
860.002
860.0022
860.0024
860.0025
860.0027
860.0029
860.003
860.0032
860.0017
860.0019
860.002
860.0022
860.0024
860.0025
860.0027
860.0029
860.003
860.0032
857.0463
853.3222
849.0232
844.3657
839.5812
834.906
830.5709
826.7918
823.7622
821.6547
857.198
853.6966
849.6646
845.299
840.814
836.43
832.3619
828.8089
825.9434
823.9132
856.9868
853.1647
848.7435
843.9509
839.028
834.2196
829.7653
825.8899
822.7971
820.661
857.0607
853.3266
849.0042
844.3176
839.5031
834.8009
830.4461
826.6602
823.6442
821.5691
857.2254
853.7245
849.6815
845.3003
840.7992
836.4015
832.3253
828.7751
825.9353
823.9729
857.1712
853.5788
849.4205
844.9114
840.2791
835.7551
831.5659
827.925
825.026
823.0356
857.1712
853.5788
849.4205
844.9114
840.2791
835.755
831.5659
827.925
825.026
823.0356
857.2254
853.7245
849.6815
845.3002
840.7992
836.4015
832.3253
828.7751
825.9352
823.9728
857.198
853.6966
849.6646
845.299
840.814
836.43
832.3619
828.8089
825.9434
823.9132
857.0607
853.3266
849.0042
844.3176
839.5031
834.8009
830.4461
826.6602
823.6441
821.569
856.9868
853.1647
848.7435
843.9509
839.028
834.2196
829.7653
825.8899
822.7971
820.6609
857.0463
853.3222
849.0232
844.3657
839.5812
834.906
830.5709
826.7918
823.7622
821.6547
857.0607
853.3266
849.0042
844.3176
839.5031
834.8009
830.4461
826.6602
823.6442
821.5691
856.9868
853.1647
848.7435
843.9509
839.028
834.2197
829.7653
825.89
822.7971
820.661
857.1712
853.5788
849.4205
844.9114
840.2791
835.7551
831.5659
827.925
825.026
823.0356
857.198
853.6966
849.6646
845.299
840.814
836.43
832.3619
828.8089
825.9435
823.9133
857.0463
853.3222
849.0232
844.3657
839.5812
834.906
830.5709
826.7918
823.7622
821.6548
857.2254
853.7245
849.6815
845.3003
840.7992
836.4015
832.3253
828.7751
825.9353
823.9729
856.9868
853.1647
848.7435
843.9509
839.028
834.2197
829.7653
825.89
822.7971
820.661
857.0607
853.3266
849.0043
844.3176
839.5031
834.8009
830.4461
826.6602
823.6442
821.5691
857.0463
853.3222
849.0232
844.3657
839.5812
834.906
830.5709
826.7918
823.7622
821.6548
857.1712
853.5788
849.4205
844.9114
840.2791
835.7551
831.5659
827.925
825.026
823.0356
857.198
853.6966
849.6646
845.299
840.814
836.43
832.3619
828.8089
825.9435
823.9133
857.2254
853.7245
849.6815
845.3003
840.7992
836.4015
832.3253
828.7751
825.9353
823.9729
856.9868
853.1647
848.7435
843.9509
839.028
834.2197
829.7653
825.89
822.7971
820.661
857.198
853.6966
849.6646
845.299
840.814
836.43
832.3619
828.8089
825.9435
823.9133
857.1712
853.5788
849.4205
844.9114
840.2791
835.7551
831.5659
827.925
825.026
823.0356
857.2254
853.7245
849.6815
845.3003
840.7992
836.4015
832.3253
828.7751
825.9353
823.9729
857.0463
853.3222
849.0232
844.3657
839.5812
834.906
830.5709
826.7918
823.7622
821.6548
857.0607
853.3266
849.0043
844.3176
839.5031
834.8009
830.4461
826.6602
823.6442
821.5691
857.1712
853.5788
849.4205
844.9114
840.2791
835.7551
831.5659
827.925
825.026
823.0356
856.9868
853.1647
848.7435
843.9509
839.028
834.2197
829.7653
825.89
822.7971
820.661
857.0463
853.3222
849.0232
844.3657
839.5812
834.906
830.5709
826.7918
823.7622
821.6548
857.0607
853.3266
849.0043
844.3176
839.5031
834.8009
830.4461
826.6602
823.6442
821.5691
857.2254
853.7245
849.6815
845.3003
840.7992
836.4015
832.3253
828.7751
825.9353
823.9729
857.198
853.6966
849.6646
845.299
840.814
836.43
832.3619
828.8089
825.9435
823.9133
857.1712
853.5788
849.4205
844.9114
840.2791
835.7551
831.5659
827.925
825.026
823.0356
856.9868
853.1647
848.7435
843.9509
839.028
834.2197
829.7653
825.89
822.7971
820.661
857.0607
853.3266
849.0042
844.3176
839.5031
834.8009
830.4461
826.6602
823.6442
821.5691
857.0463
853.3222
849.0232
844.3657
839.5812
834.906
830.5709
826.7918
823.7622
821.6548
857.2254
853.7245
849.6815
845.3003
840.7992
836.4015
832.3253
828.7751
825.9353
823.9729
857.198
853.6966
849.6646
845.299
840.814
836.43
832.3619
828.8089
825.9435
823.9133
857.198
853.6966
849.6646
845.299
840.814
836.43
832.3619
828.8089
825.9434
823.9132
857.2254
853.7245
849.6815
845.3002
840.7992
836.4015
832.3253
828.7751
825.9352
823.9729
857.0463
853.3222
849.0232
844.3657
839.5812
834.906
830.5709
826.7918
823.7622
821.6547
856.9868
853.1647
848.7435
843.9509
839.028
834.2196
829.7653
825.8899
822.7971
820.6609
857.1712
853.5788
849.4205
844.9114
840.2791
835.755
831.5659
827.925
825.026
823.0356
857.0607
853.3266
849.0042
844.3176
839.5031
834.8009
830.4461
826.6602
823.6441
821.569
857.1712
853.5788
849.4205
844.9114
840.2791
835.7551
831.5659
827.925
825.026
823.0356
857.0607
853.3266
849.0042
844.3176
839.5031
834.8009
830.4461
826.6602
823.6442
821.5691
856.9868
853.1647
848.7435
843.9509
839.028
834.2196
829.7653
825.8899
822.7971
820.661
857.2254
853.7245
849.6815
845.3002
840.7992
836.4015
832.3253
828.7751
825.9353
823.9729
857.198
853.6966
849.6646
845.299
840.814
836.43
832.3619
828.8089
825.9434
823.9133
857.0463
853.3222
849.0232
844.3657
839.5812
834.906
830.5709
826.7918
823.7622
821.6547
857.1712
853.5788
849.4205
844.9114
840.2791
835.7551
831.5659
827.925
825.026
823.0356
857.198
853.6966
849.6646
845.299
840.814
836.43
832.3619
828.8089
825.9435
823.9133
857.2254
853.7245
849.6815
845.3003
840.7992
836.4015
832.3253
828.7751
825.9353
823.9729
857.0463
853.3222
849.0232
844.3657
839.5812
834.906
830.5709
826.7918
823.7622
821.6548
857.0607
853.3266
849.0043
844.3176
839.5031
834.8009
830.4461
826.6602
823.6442
821.5691
856.9868
853.1647
848.7435
843.9509
839.028
834.2197
829.7653
825.89
822.7971
820.661
857.1712
853.5788
849.4205
844.9114
840.2791
835.7551
831.5659
827.925
825.026
823.0356
856.9868
853.1647
848.7435
843.9509
839.028
834.2197
829.7653
825.89
822.7971
820.661
857.0463
853.3222
849.0232
844.3657
839.5812
834.906
830.5709
826.7918
823.7622
821.6548
857.198
853.6966
849.6646
845.299
840.814
836.43
832.3619
828.8089
825.9435
823.9133
857.0607
853.3266
849.0043
844.3176
839.5031
834.8009
830.4461
826.6602
823.6442
821.5691
857.2254
853.7245
849.6815
845.3003
840.7992
836.4015
832.3253
828.7751
825.9353
823.9729
856.9868
853.1647
848.7435
843.9509
839.028
834.2197
829.7653
825.89
822.7971
820.661
857.0463
853.3222
849.0232
844.3657
839.5812
834.906
830.5709
826.7918
823.7622
821.6548
857.198
853.6966
849.6646
845.299
840.814
836.43
832.362
828.8089
825.9435
823.9133
857.0607
853.3266
849.0043
844.3176
839.5031
834.8009
830.4461
826.6602
823.6442
821.5691
857.2254
853.7245
849.6815
845.3003
840.7992
836.4015
832.3253
828.7751
825.9353
823.9729
857.1712
853.5788
849.4205
844.9114
840.2791
835.7551
831.5659
827.925
825.026
823.0356
857.9845
855.4219
852.4557
849.239
845.9331
842.7023
839.7077
837.1022
835.0277
833.6138
857.8641
855.1515
852.013
848.6101
845.1132
841.6965
838.5303
835.7761
833.5838
832.0916
857.5346
854.4565
850.9136
847.0779
843.1372
839.2848
835.7097
832.5878
830.075
828.3194
857.6436
854.672
851.2417
847.525
843.7061
839.974
836.5136
833.4993
831.0913
829.4455
857.6436
854.672
851.2417
847.525
843.7061
839.974
836.5136
833.4993
831.0913
829.4455
857.8641
855.1515
852.013
848.6101
845.1132
841.6965
838.5303
835.7761
833.5838
832.0916
857.8641
855.1515
852.013
848.61
845.1132
841.6965
838.5303
835.7761
833.5838
832.0916
857.6436
854.672
851.2417
847.525
843.7061
839.974
836.5136
833.4993
831.0913
829.4455
857.8641
855.1515
852.013
848.61
845.1132
841.6965
838.5303
835.7761
833.5838
832.0916
857.9845
855.4219
852.4557
849.239
845.9331
842.7023
839.7077
837.1022
835.0277
833.6138
857.5346
854.4565
850.9136
847.0779
843.1372
839.2848
835.7097
832.5878
830.075
828.3194
857.6436
854.672
851.2417
847.525
843.7061
839.974
836.5136
833.4993
831.0913
829.4455
857.8641
855.1515
852.013
848.6101
845.1132
841.6965
838.5303
835.7761
833.5838
832.0917
857.5346
854.4565
850.9136
847.0779
843.1372
839.2848
835.7097
832.5878
830.075
828.3195
857.6436
854.672
851.2417
847.525
843.7061
839.974
836.5136
833.4993
831.0913
829.4456
857.9845
855.4219
852.4557
849.239
845.9331
842.7023
839.7077
837.1022
835.0277
833.6138
857.8641
855.1515
852.013
848.6101
845.1132
841.6965
838.5303
835.7761
833.5838
832.0917
857.6436
854.672
851.2417
847.525
843.7061
839.974
836.5136
833.4993
831.0913
829.4456
857.8641
855.1515
852.013
848.6101
845.1132
841.6965
838.5303
835.7761
833.5838
832.0917
857.5346
854.4565
850.9136
847.0779
843.1372
839.2848
835.7097
832.5878
830.075
828.3195
857.9845
855.4219
852.4557
849.239
845.9331
842.7023
839.7077
837.1022
835.0277
833.6138
857.6436
854.672
851.2417
847.525
843.7061
839.974
836.5136
833.4993
831.0913
829.4456
857.6436
854.672
851.2417
847.525
843.7061
839.974
836.5136
833.4993
831.0913
829.4456
857.8641
855.1515
852.013
848.6101
845.1132
841.6965
838.5303
835.7761
833.5838
832.0917
857.5346
854.4565
850.9136
847.0779
843.1372
839.2848
835.7097
832.5878
830.075
828.3195
857.8641
855.1515
852.013
848.6101
845.1132
841.6965
838.5303
835.7761
833.5838
832.0917
857.6436
854.672
851.2417
847.525
843.7061
839.974
836.5136
833.4993
831.0913
829.4456
857.6436
854.672
851.2417
847.525
843.7061
839.974
836.5136
833.4993
831.0913
829.4456
857.8641
855.1515
852.013
848.6101
845.1132
841.6965
838.5303
835.7761
833.5838
832.0917
857.9845
855.4219
852.4557
849.239
845.9331
842.7023
839.7077
837.1022
835.0277
833.6138
857.9845
855.4219
852.4557
849.239
845.9331
842.7023
839.7077
837.1022
835.0277
833.6138
857.6436
854.672
851.2417
847.525
843.7061
839.974
836.5136
833.4993
831.0913
829.4456
857.8641
855.1515
852.013
848.6101
845.1132
841.6965
838.5303
835.7761
833.5838
832.0917
857.8641
855.1515
852.013
848.6101
845.1132
841.6965
838.5303
835.7761
833.5838
832.0917
857.5346
854.4565
850.9136
847.0779
843.1373
839.2848
835.7097
832.5878
830.075
828.3195
857.6436
854.672
851.2417
847.525
843.7061
839.974
836.5136
833.4993
831.0913
829.4456
857.3436
853.989
850.1132
845.9121
841.5955
837.3777
833.4687
830.0652
827.346
825.4764
857.6663
854.6926
851.2458
847.5056
843.6617
839.9068
836.4297
833.4091
831.0094
829.3786
857.4304
854.1564
850.3606
846.2414
842.0082
837.8737
834.0466
830.7234
828.084
826.2854
857.59
854.5071
850.9274
847.0401
843.044
839.1407
835.5278
832.3923
829.9056
828.2177
857.41
854.1729
850.4451
846.4083
842.2609
838.2067
834.4452
831.1615
828.5182
826.6637
857.5627
854.4858
850.9318
847.0801
843.1224
839.2548
835.6696
832.5475
830.0542
828.3479
857.4304
854.1564
850.3606
846.2414
842.0082
837.8737
834.0466
830.7234
828.0839
826.2854
857.6663
854.6926
851.2458
847.5056
843.6617
839.9068
836.4297
833.4091
831.0094
829.3786
857.59
854.5071
850.9274
847.0401
843.044
839.1407
835.5278
832.3923
829.9056
828.2177
857.3436
853.989
850.1132
845.9121
841.5955
837.3777
833.4687
830.0652
827.346
825.4764
857.41
854.1729
850.4451
846.4083
842.2609
838.2067
834.4452
831.1615
828.5182
826.6637
857.5627
854.4858
850.9318
847.0801
843.1224
839.2548
835.6696
832.5475
830.0542
828.3479
857.4304
854.1564
850.3606
846.2414
842.0082
837.8738
834.0466
830.7234
828.084
826.2854
857.41
854.1729
850.4451
846.4083
842.2609
838.2067
834.4453
831.1615
828.5182
826.6638
857.6663
854.6926
851.2458
847.5056
843.6617
839.9068
836.4297
833.4091
831.0094
829.3786
857.3436
853.989
850.1132
845.9121
841.5955
837.3777
833.4687
830.0652
827.346
825.4764
857.5627
854.4858
850.9318
847.0801
843.1224
839.2548
835.6696
832.5475
830.0542
828.3479
857.59
854.5071
850.9274
847.0401
843.044
839.1407
835.5278
832.3923
829.9056
828.2177
857.4304
854.1564
850.3606
846.2414
842.0082
837.8738
834.0466
830.7234
828.084
826.2854
857.5627
854.4858
850.9318
847.0801
843.1224
839.2548
835.6696
832.5475
830.0542
828.3479
857.6663
854.6926
851.2458
847.5056
843.6617
839.9068
836.4297
833.4091
831.0094
829.3786
857.3436
853.989
850.1132
845.9121
841.5955
837.3777
833.4687
830.0652
827.346
825.4764
857.59
854.5071
850.9274
847.0401
843.044
839.1407
835.5278
832.3923
829.9057
828.2177
857.41
854.1729
850.4451
846.4083
842.2609
838.2067
834.4453
831.1615
828.5182
826.6638
857.41
854.1729
850.4451
846.4083
842.2609
838.2067
834.4453
831.1615
828.5182
826.6638
857.3436
853.989
850.1132
845.9121
841.5955
837.3777
833.4687
830.0652
827.346
825.4765
857.5627
854.4858
850.9318
847.0801
843.1224
839.2548
835.6696
832.5475
830.0542
828.3479
857.4304
854.1564
850.3606
846.2414
842.0082
837.8738
834.0466
830.7234
828.084
826.2854
857.6663
854.6926
851.2458
847.5056
843.6617
839.9068
836.4297
833.4091
831.0094
829.3786
857.59
854.5071
850.9274
847.0401
843.044
839.1407
835.5278
832.3923
829.9057
828.2177
857.41
854.1729
850.4451
846.4083
842.2609
838.2067
834.4453
831.1615
828.5182
826.6638
857.3436
853.989
850.1132
845.9121
841.5955
837.3777
833.4687
830.0652
827.346
825.4765
857.6663
854.6926
851.2458
847.5056
843.6617
839.9068
836.4297
833.4091
831.0094
829.3786
857.5627
854.4858
850.9318
847.0801
843.1224
839.2548
835.6696
832.5475
830.0542
828.3479
857.4304
854.1564
850.3606
846.2414
842.0082
837.8738
834.0466
830.7234
828.084
826.2854
857.59
854.5071
850.9274
847.0401
843.044
839.1407
835.5278
832.3923
829.9057
828.2177
857.5087
854.3079
850.5836
846.5358
842.3736
838.3089
834.5488
831.2892
828.7084
826.9565
857.39
854.0529
850.1781
845.9706
841.6458
837.4221
833.5136
830.1225
827.4328
825.6008
857.2636
853.7742
849.7277
845.3363
840.8237
836.4167
832.3377
828.7965
825.984
824.0614
857.39
854.0529
850.1781
845.9706
841.6458
837.4221
833.5136
830.1225
827.4328
825.6008
857.5087
854.3079
850.5836
846.5358
842.3736
838.3089
834.5488
831.2892
828.7084
826.9565
857.2636
853.7742
849.7277
845.3363
840.8237
836.4167
832.3377
828.7965
825.984
824.0614
857.5087
854.3079
850.5836
846.5358
842.3736
838.3089
834.5487
831.2892
828.7084
826.9565
857.5087
854.3079
850.5836
846.5358
842.3736
838.3089
834.5487
831.2892
828.7084
826.9565
857.39
854.0529
850.1781
845.9706
841.6458
837.4221
833.5136
830.1225
827.4328
825.6008
857.39
854.0529
850.1781
845.9706
841.6458
837.4221
833.5136
830.1225
827.4328
825.6008
857.2636
853.7742
849.7277
845.3363
840.8237
836.4167
832.3377
828.7965
825.984
824.0614
857.2636
853.7742
849.7277
845.3363
840.8237
836.4167
832.3377
828.7965
825.984
824.0614
857.39
854.0529
850.1781
845.9706
841.6458
837.4221
833.5136
830.1225
827.4328
825.6008
857.5087
854.3079
850.5836
846.5358
842.3736
838.3089
834.5488
831.2892
828.7084
826.9565
857.2636
853.7742
849.7277
845.3363
840.8237
836.4167
832.3377
828.7965
825.984
824.0615
857.2636
853.7742
849.7277
845.3363
840.8237
836.4167
832.3377
828.7965
825.984
824.0614
857.5087
854.3079
850.5836
846.5358
842.3736
838.3089
834.5488
831.2892
828.7084
826.9565
857.39
854.0529
850.1781
845.9706
841.6458
837.4221
833.5136
830.1225
827.4328
825.6008
857.2636
853.7742
849.7277
845.3363
840.8237
836.4167
832.3377
828.7966
825.984
824.0615
857.39
854.0529
850.1781
845.9706
841.6458
837.4221
833.5136
830.1225
827.4329
825.6008
857.2636
853.7742
849.7277
845.3363
840.8237
836.4167
832.3377
828.7966
825.984
824.0615
857.5087
854.3079
850.5836
846.5358
842.3736
838.3089
834.5488
831.2892
828.7084
826.9565
857.5087
854.3079
850.5836
846.5358
842.3736
838.3089
834.5488
831.2892
828.7084
826.9565
857.39
854.0529
850.1781
845.9706
841.6458
837.4221
833.5136
830.1225
827.4329
825.6008
857.5087
854.3079
850.5836
846.5358
842.3736
838.3089
834.5488
831.2892
828.7084
826.9565
857.39
854.0529
850.1781
845.9706
841.6458
837.4221
833.5136
830.1225
827.4329
825.6008
857.2636
853.7742
849.7277
845.3363
840.8237
836.4167
832.3377
828.7966
825.984
824.0615
857.5087
854.3079
850.5836
846.5358
842.3736
838.3089
834.5488
831.2892
828.7084
826.9565
857.2636
853.7742
849.7277
845.3363
840.8237
836.4167
832.3377
828.7966
825.984
824.0615
857.39
854.0529
850.1781
845.9706
841.6458
837.4221
833.5136
830.1225
827.4329
825.6008
857.5087
854.3079
850.5836
846.5358
842.3736
838.3089
834.5488
831.2892
828.7084
826.9565
857.5087
854.3079
850.5836
846.5358
842.3736
838.3089
834.5488
831.2892
828.7084
826.9565
857.39
854.0529
850.1781
845.9706
841.6458
837.4222
833.5136
830.1225
827.4329
825.6008
857.39
854.0529
850.1781
845.9706
841.6458
837.4222
833.5136
830.1225
827.4329
825.6008
857.2636
853.7742
849.7277
845.3363
840.8237
836.4167
832.3377
828.7966
825.984
824.0615
857.2636
853.7742
849.7277
845.3363
840.8237
836.4167
832.3377
828.7966
825.984
824.0615
857.6663
854.6926
851.2458
847.5056
843.6617
839.9068
836.4297
833.4091
831.0094
829.3786
857.59
854.5071
850.9274
847.0401
843.044
839.1407
835.5278
832.3923
829.9056
828.2177
857.41
854.1729
850.4451
846.4083
842.2609
838.2067
834.4453
831.1615
828.5182
826.6638
857.5627
854.4858
850.9318
847.0801
843.1224
839.2548
835.6696
832.5475
830.0542
828.3479
857.4304
854.1564
850.3606
846.2414
842.0082
837.8738
834.0466
830.7234
828.084
826.2854
857.3436
853.989
850.1132
845.9121
841.5955
837.3777
833.4687
830.0652
827.346
825.4764
857.59
854.5071
850.9274
847.0401
843.044
839.1407
835.5278
832.3923
829.9056
828.2177
857.3436
853.989
850.1132
845.9121
841.5955
837.3777
833.4687
830.0652
827.346
825.4764
857.41
854.1729
850.4451
846.4083
842.2609
838.2067
834.4452
831.1615
828.5182
826.6637
857.4304
854.1564
850.3606
846.2414
842.0082
837.8737
834.0466
830.7234
828.0839
826.2854
857.6663
854.6926
851.2458
847.5056
843.6617
839.9068
836.4297
833.4091
831.0094
829.3786
857.5627
854.4858
850.9318
847.0801
843.1224
839.2548
835.6696
832.5475
830.0542
828.3479
857.41
854.1729
850.4451
846.4083
842.2609
838.2067
834.4452
831.1615
828.5182
826.6637
857.3436
853.989
850.1132
845.9121
841.5955
837.3777
833.4687
830.0652
827.346
825.4764
857.5627
854.4858
850.9318
847.0801
843.1223
839.2548
835.6696
832.5475
830.0542
828.3479
857.4304
854.1564
850.3606
846.2414
842.0082
837.8737
834.0466
830.7234
828.084
826.2854
857.6663
854.6926
851.2458
847.5056
843.6617
839.9068
836.4297
833.4091
831.0094
829.3786
857.59
854.5071
850.9274
847.0401
843.044
839.1407
835.5278
832.3923
829.9056
828.2177
857.41
854.1729
850.4451
846.4083
842.2609
838.2067
834.4453
831.1615
828.5182
826.6638
857.5627
854.4858
850.9318
847.0801
843.1224
839.2548
835.6696
832.5475
830.0542
828.3479
857.3436
853.989
850.1132
845.9121
841.5955
837.3777
833.4687
830.0652
827.346
825.4765
857.4304
854.1564
850.3606
846.2414
842.0082
837.8738
834.0466
830.7234
828.084
826.2854
857.6663
854.6926
851.2458
847.5056
843.6617
839.9068
836.4297
833.4091
831.0094
829.3786
857.59
854.5071
850.9274
847.0401
843.044
839.1407
835.5278
832.3923
829.9057
828.2177
857.41
854.1729
850.4451
846.4083
842.2609
838.2067
834.4453
831.1615
828.5182
826.6638
857.3436
853.989
850.1132
845.9121
841.5955
837.3777
833.4687
830.0652
827.346
825.4765
857.6663
854.6926
851.2458
847.5056
843.6617
839.9068
836.4297
833.4091
831.0094
829.3786
857.5627
854.4858
850.9318
847.0801
843.1224
839.2548
835.6696
832.5475
830.0542
828.3479
857.4304
854.1564
850.3606
846.2414
842.0082
837.8738
834.0466
830.7234
828.084
826.2854
857.59
854.5071
850.9274
847.0401
843.044
839.1407
835.5278
832.3923
829.9057
828.2177
857.41
854.1729
850.4451
846.4083
842.2609
838.2067
834.4453
831.1616
828.5182
826.6638
857.5627
854.4858
850.9318
847.0801
843.1224
839.2548
835.6696
832.5475
830.0542
828.3479
857.3436
853.989
850.1132
845.9121
841.5955
837.3777
833.4687
830.0652
827.346
825.4765
857.4304
854.1564
850.3606
846.2414
842.0082
837.8738
834.0466
830.7234
828.084
826.2854
857.59
854.5071
850.9274
847.0401
843.044
839.1407
835.5278
832.3923
829.9057
828.2177
857.6663
854.6926
851.2458
847.5056
843.6617
839.9068
836.4297
833.4091
831.0094
829.3786
858.5624
856.7641
854.6939
852.4516
850.1461
847.8891
845.7898
843.9494
842.456
841.3855
858.6532
856.9687
855.0313
852.9339
850.7777
848.6664
846.7018
844.9783
843.5808
842.5931
858.1939
855.9056
853.2603
850.3919
847.4428
844.5582
841.8803
839.5428
837.6675
836.3653
858.1939
855.9056
853.2603
850.3919
847.4428
844.5582
841.8803
839.5428
837.6675
836.3653
858.5624
856.7641
854.6939
852.4516
850.1461
847.8891
845.7898
843.9494
842.456
841.3855
858.0131
855.489
852.5687
849.4022
846.1474
842.9655
840.0144
837.4434
835.3897
833.9786
858.6532
856.9687
855.0313
852.9339
850.7777
848.6664
846.7019
844.9783
843.5808
842.5931
858.5624
856.7641
854.6939
852.4516
850.1461
847.8891
845.7898
843.9494
842.456
841.3855
858.1939
855.9056
853.2603
850.3919
847.4428
844.5582
841.8803
839.5428
837.6674
836.3653
858.5624
856.7641
854.6939
852.4516
850.1461
847.8891
845.7898
843.9494
842.456
841.3855
858.0131
855.489
852.5687
849.4022
846.1474
842.9655
840.0144
837.4434
835.3897
833.9786
858.1939
855.9056
853.2603
850.3919
847.4428
844.5582
841.8803
839.5428
837.6674
836.3653
858.5624
856.7641
854.6939
852.4516
850.1461
847.8891
845.7898
843.9494
842.456
841.3855
858.1939
855.9056
853.2603
850.3919
847.4428
844.5582
841.8803
839.5428
837.6675
836.3653
858.5624
856.7641
854.6939
852.4516
850.1461
847.8891
845.7898
843.9494
842.456
841.3855
858.6532
856.9687
855.0313
852.9339
850.7777
848.6664
846.7019
844.9784
843.5808
842.5932
858.0131
855.489
852.5687
849.4022
846.1474
842.9655
840.0145
837.4434
835.3897
833.9786
858.1939
855.9056
853.2603
850.3919
847.4428
844.5582
841.8803
839.5428
837.6675
836.3653
858.0131
855.489
852.5687
849.4022
846.1474
842.9655
840.0145
837.4434
835.3897
833.9786
858.1939
855.9056
853.2603
850.3919
847.4428
844.5582
841.8803
839.5428
837.6675
836.3653
858.1939
855.9056
853.2603
850.3919
847.4428
844.5582
841.8803
839.5428
837.6675
836.3653
858.5624
856.7641
854.6939
852.4516
850.1461
847.8891
845.7898
843.9494
842.456
841.3855
858.5624
856.7641
854.6939
852.4516
850.1461
847.8891
845.7898
843.9494
842.456
841.3855
858.6532
856.9687
855.0312
852.9339
850.7776
848.6664
846.7018
844.9783
843.5808
842.5931
858.5624
856.7641
854.6939
852.4516
850.1461
847.8891
845.7898
843.9494
842.456
841.3855
858.1939
855.9056
853.2603
850.3919
847.4428
844.5582
841.8803
839.5428
837.6675
836.3653
858.6532
856.9687
855.0313
852.9339
850.7777
848.6664
846.7019
844.9783
843.5808
842.5932
858.5624
856.7641
854.6939
852.4516
850.1461
847.8891
845.7898
843.9494
842.456
841.3855
858.0131
855.489
852.5687
849.4022
846.1474
842.9655
840.0145
837.4434
835.3897
833.9786
858.1939
855.9056
853.2603
850.3919
847.4428
844.5582
841.8803
839.5428
837.6675
836.3653
858.1939
855.9056
853.2603
850.3919
847.4428
844.5582
841.8803
839.5428
837.6675
836.3653
858.0131
855.489
852.5687
849.4022
846.1474
842.9655
840.0145
837.4434
835.3897
833.9786
858.5624
856.7641
854.6939
852.4516
850.1461
847.8891
845.7898
843.9494
842.456
841.3855
858.1939
855.9056
853.2603
850.3919
847.4428
844.5582
841.8803
839.5428
837.6675
836.3653
858.5624
856.7641
854.6939
852.4516
850.1461
847.8891
845.7898
843.9494
842.456
841.3855
858.6532
856.9687
855.0313
852.9339
850.7777
848.6664
846.7019
844.9783
843.5808
842.5932
858.0672
855.6123
852.7709
849.6886
846.5194
843.4203
840.5449
838.0377
836.0295
834.6367
858.3532
856.2763
853.8758
851.2718
848.5932
845.9719
843.5367
841.407
839.6861
838.4543
857.7197
854.8131
851.4448
847.79
844.0331
840.3616
836.9593
834.0004
831.6452
830.0378
858.1344
855.7537
852.9915
849.9913
846.9046
843.8857
841.0852
838.6439
836.6886
835.3303
857.5883
854.5047
850.9262
847.0409
843.0465
839.1436
835.5286
832.388
829.8932
828.197
857.7683
854.9052
851.5771
847.9609
844.2416
840.6069
837.2401
834.3146
831.989
830.403
857.5883
854.5047
850.9262
847.0409
843.0465
839.1436
835.5286
832.388
829.8932
828.197
857.7197
854.8131
851.4448
847.79
844.0331
840.3616
836.9593
834.0004
831.6452
830.0378
858.0672
855.6122
852.7709
849.6886
846.5194
843.4203
840.5449
838.0377
836.0295
834.6367
858.3532
856.2762
853.8758
851.2718
848.5932
845.9719
843.5367
841.407
839.686
838.4543
858.1344
855.7537
852.9915
849.9912
846.9046
843.8857
841.0851
838.6439
836.6886
835.3303
857.7683
854.9052
851.5771
847.9609
844.2416
840.6069
837.2401
834.3146
831.989
830.403
858.0672
855.6123
852.7709
849.6886
846.5194
843.4203
840.5449
838.0377
836.0295
834.6367
857.7197
854.8131
851.4448
847.79
844.0331
840.3616
836.9593
834.0004
831.6452
830.0379
858.3532
856.2762
853.8758
851.2718
848.5932
845.9719
843.5367
841.407
839.6861
838.4543
858.1344
855.7537
852.9915
849.9912
846.9046
843.8857
841.0852
838.6439
836.6886
835.3303
857.5883
854.5047
850.9262
847.0409
843.0465
839.1436
835.5287
832.388
829.8932
828.197
857.7683
854.9052
851.5771
847.9609
844.2416
840.6069
837.2401
834.3146
831.989
830.403
857.5883
854.5047
850.9262
847.0409
843.0465
839.1436
835.5287
832.388
829.8932
828.197
858.0672
855.6122
852.7709
849.6886
846.5194
843.4203
840.5449
838.0377
836.0295
834.6367
857.7683
854.9052
851.5771
847.9609
844.2416
840.6069
837.2401
834.3146
831.989
830.403
858.1344
855.7537
852.9915
849.9913
846.9046
843.8857
841.0852
838.6439
836.6886
835.3303
858.3532
856.2762
853.8758
851.2718
848.5932
845.9719
843.5367
841.407
839.6861
838.4543
857.7197
854.8131
851.4448
847.79
844.0331
840.3616
836.9593
834.0004
831.6452
830.0379
857.5883
854.5047
850.9262
847.0409
843.0465
839.1436
835.5287
832.388
829.8932
828.197
857.7683
854.9052
851.5771
847.9609
844.2416
840.6069
837.2401
834.3146
831.989
830.403
858.1344
855.7537
852.9915
849.9912
846.9046
843.8857
841.0852
838.6439
836.6886
835.3303
857.7197
854.8131
851.4448
847.79
844.0331
840.3616
836.9593
834.0004
831.6452
830.0379
858.3532
856.2762
853.8758
851.2718
848.5932
845.9719
843.5367
841.407
839.6861
838.4543
858.0672
855.6122
852.7709
849.6886
846.5194
843.4203
840.5449
838.0377
836.0295
834.6367
857.5883
854.5047
850.9262
847.0409
843.0465
839.1436
835.5287
832.388
829.8932
828.197
857.7683
854.9052
851.5771
847.9609
844.2416
840.6069
837.2401
834.3147
831.989
830.403
857.7197
854.8131
851.4448
847.79
844.0331
840.3616
836.9593
834.0004
831.6452
830.0379
858.1344
855.7537
852.9915
849.9913
846.9046
843.8857
841.0852
838.6439
836.6886
835.3303
858.0672
855.6123
852.7709
849.6886
846.5194
843.4203
840.5449
838.0377
836.0295
834.6367
858.3532
856.2762
853.8758
851.2718
848.5932
845.9719
843.5367
841.407
839.6861
838.4543
857.5437
854.3666
850.659
846.6236
842.471
838.4141
834.6608
831.4074
828.8329
827.0912
857.8253
855.0102
851.7237
848.1451
844.4614
840.8609
837.5276
834.6348
832.3399
830.7798
857.8806
855.1434
851.9516
848.4779
844.9028
841.4081
838.1716
835.3608
833.128
831.6072
857.3421
853.9157
849.9231
845.5805
841.1138
836.7509
832.7149
829.217
826.4498
824.5768
857.6553
854.6345
851.1162
847.2903
843.3543
839.5084
835.9481
832.8582
830.4078
828.7446
857.3934
854.0399
850.1362
845.8924
841.5278
837.2644
833.3195
829.8987
827.1901
825.3557
857.8253
855.0102
851.7237
848.1451
844.4614
840.8609
837.5276
834.6348
832.3399
830.7798
857.5437
854.3666
850.659
846.6236
842.471
838.4141
834.6608
831.4074
828.8329
827.0912
857.6553
854.6345
851.1162
847.2903
843.3543
839.5084
835.9481
832.8582
830.4078
828.7446
857.3934
854.0399
850.1362
845.8924
841.5278
837.2644
833.3195
829.8987
827.1901
825.3557
857.3421
853.9157
849.9231
845.5805
841.1138
836.7508
832.7149
829.217
826.4498
824.5768
857.8806
855.1434
851.9516
848.4779
844.9027
841.4081
838.1716
835.3608
833.128
831.6071
857.8253
855.0102
851.7237
848.1451
844.4614
840.8609
837.5276
834.6348
832.3399
830.7799
857.8806
855.1434
851.9516
848.4779
844.9027
841.4081
838.1716
835.3608
833.128
831.6072
857.6553
854.6345
851.1162
847.2903
843.3543
839.5084
835.9481
832.8582
830.4078
828.7446
857.5437
854.3666
850.659
846.6236
842.471
838.4141
834.6608
831.4074
828.8329
827.0912
857.3934
854.0399
850.1362
845.8924
841.5278
837.2644
833.3195
829.8987
827.1901
825.3557
857.3421
853.9157
849.9231
845.5805
841.1138
836.7509
832.7149
829.217
826.4498
824.5769
857.5437
854.3666
850.659
846.6236
842.471
838.4141
834.6608
831.4074
828.8329
827.0912
857.8806
855.1434
851.9516
848.4779
844.9028
841.4081
838.1716
835.3608
833.1281
831.6072
857.3421
853.9157
849.9231
845.5805
841.1138
836.7509
832.7149
829.217
826.4498
824.5769
857.3934
854.0399
850.1362
845.8924
841.5278
837.2644
833.3195
829.8987
827.1901
825.3557
857.6553
854.6345
851.1162
847.2903
843.3543
839.5084
835.9481
832.8582
830.4078
828.7446
857.8253
855.0102
851.7237
848.1451
844.4614
840.8609
837.5277
834.6348
832.3399
830.7799
857.3934
854.0399
850.1362
845.8924
841.5278
837.2644
833.3195
829.8987
827.1901
825.3557
857.6553
854.6345
851.1162
847.2903
843.3543
839.5084
835.9481
832.8582
830.4078
828.7446
857.5437
854.3666
850.659
846.6236
842.471
838.4141
834.6608
831.4074
828.8329
827.0912
857.8253
855.0102
851.7237
848.1451
844.4614
840.8609
837.5277
834.6348
832.3399
830.7799
857.3421
853.9157
849.9231
845.5805
841.1138
836.7509
832.7149
829.217
826.4498
824.5769
857.8806
855.1434
851.9516
848.4779
844.9028
841.4081
838.1716
835.3608
833.1281
831.6072
857.5437
854.3666
850.659
846.6236
842.471
838.4141
834.6608
831.4074
828.8329
827.0912
857.3421
853.9157
849.9231
845.5805
841.1138
836.7509
832.7149
829.217
826.4498
824.5769
857.8253
855.0102
851.7237
848.1451
844.4614
840.8609
837.5277
834.6348
832.3399
830.7799
857.3934
854.0399
850.1362
845.8924
841.5278
837.2644
833.3195
829.8987
827.1901
825.3557
857.6553
854.6345
851.1162
847.2903
843.3543
839.5084
835.9481
832.8582
830.4078
828.7446
857.8806
855.1434
851.9516
848.4779
844.9028
841.4081
838.1717
835.3608
833.1281
831.6072
857.8253
855.0102
851.7237
848.1451
844.4614
840.8609
837.5276
834.6348
832.3399
830.7798
857.3934
854.0399
850.1362
845.8924
841.5278
837.2644
833.3195
829.8987
827.1901
825.3557
857.5437
854.3666
850.659
846.6236
842.471
838.4141
834.6608
831.4074
828.8329
827.0912
857.6553
854.6345
851.1162
847.2903
843.3543
839.5084
835.9481
832.8582
830.4078
828.7446
857.8806
855.1434
851.9516
848.4779
844.9028
841.4081
838.1716
835.3608
833.128
831.6072
857.3421
853.9157
849.9231
845.5805
841.1138
836.7509
832.7149
829.217
826.4498
824.5769
857.3934
854.0399
850.1362
845.8924
841.5278
837.2644
833.3195
829.8987
827.1901
825.3557
857.6553
854.6345
851.1162
847.2903
843.3543
839.5084
835.9481
832.8582
830.4078
828.7446
857.8806
855.1434
851.9516
848.4779
844.9027
841.4081
838.1716
835.3608
833.128
831.6071
857.3421
853.9157
849.9231
845.5805
841.1138
836.7509
832.7149
829.217
826.4498
824.5768
857.8253
855.0102
851.7237
848.1451
844.4614
840.8609
837.5276
834.6348
832.3399
830.7798
857.5437
854.3666
850.659
846.6236
842.471
838.4141
834.6608
831.4074
828.8329
827.0912
857.5437
854.3666
850.659
846.6236
842.471
838.4141
834.6608
831.4074
828.8329
827.0912
857.8253
855.0102
851.7236
848.1451
844.4613
840.8609
837.5276
834.6348
832.3399
830.7798
857.3421
853.9157
849.9231
845.5805
841.1138
836.7509
832.7149
829.217
826.4498
824.5769
857.8806
855.1434
851.9516
848.4779
844.9027
841.4081
838.1716
835.3608
833.128
831.6071
857.3934
854.0399
850.1362
845.8924
841.5278
837.2644
833.3195
829.8987
827.1901
825.3557
857.6553
854.6345
851.1162
847.2902
843.3543
839.5084
835.9481
832.8582
830.4078
828.7446
857.3421
853.9157
849.9231
845.5805
841.1138
836.7509
832.7149
829.217
826.4498
824.5769
857.5437
854.3666
850.659
846.6236
842.471
838.4141
834.6608
831.4074
828.8329
827.0912
857.3934
854.0399
850.1362
845.8924
841.5278
837.2644
833.3195
829.8987
827.1901
825.3557
857.6553
854.6345
851.1162
847.2903
843.3543
839.5084
835.9481
832.8582
830.4078
828.7446
857.8253
855.0102
851.7237
848.1451
844.4614
840.8609
837.5277
834.6348
832.3399
830.7799
857.8806
855.1434
851.9516
848.4779
844.9028
841.4081
838.1716
835.3608
833.1281
831.6072
857.6553
854.6345
851.1162
847.2903
843.3543
839.5084
835.9481
832.8582
830.4078
828.7446
857.8806
855.1434
851.9516
848.4779
844.9028
841.4081
838.1716
835.3608
833.1281
831.6072
857.3934
854.0399
850.1362
845.8924
841.5278
837.2644
833.3195
829.8987
827.1901
825.3557
857.8253
855.0102
851.7237
848.1451
844.4614
840.8609
837.5277
834.6348
832.3399
830.7799
857.3421
853.9157
849.9231
845.5805
841.1138
836.7509
832.7149
829.217
826.4498
824.5769
857.5437
854.3666
850.659
846.6236
842.471
838.4141
834.6608
831.4074
828.8329
827.0912
857.5437
854.3666
850.659
846.6236
842.471
838.4141
834.6608
831.4074
828.8329
827.0912
857.3421
853.9157
849.9231
845.5805
841.1138
836.7509
832.7149
829.217
826.4498
824.5769
857.8253
855.0102
851.7237
848.1451
844.4614
840.8609
837.5277
834.6348
832.3399
830.7799
857.8806
855.1434
851.9516
848.4779
844.9028
841.4081
838.1717
835.3608
833.1281
831.6072
857.6553
854.6345
851.1162
847.2903
843.3543
839.5084
835.9481
832.8582
830.4078
828.7446
857.3934
854.0399
850.1362
845.8924
841.5278
837.2644
833.3195
829.8987
827.1901
825.3557
858.3532
856.2762
853.8758
851.2718
848.5932
845.9719
843.5367
841.407
839.6861
838.4543
857.5883
854.5047
850.9262
847.0409
843.0465
839.1436
835.5287
832.388
829.8932
828.197
857.7683
854.9052
851.5771
847.9609
844.2416
840.6069
837.2401
834.3146
831.989
830.403
858.1344
855.7537
852.9915
849.9913
846.9046
843.8857
841.0852
838.6439
836.6886
835.3303
857.7197
854.8131
851.4448
847.79
844.0331
840.3616
836.9593
834.0004
831.6452
830.0379
858.0672
855.6123
852.7709
849.6886
846.5194
843.4203
840.5449
838.0377
836.0295
834.6367
858.1344
855.7537
852.9915
849.9913
846.9046
843.8857
841.0852
838.6439
836.6886
835.3303
857.7683
854.9052
851.5771
847.9609
844.2416
840.6069
837.2401
834.3146
831.989
830.403
858.0672
855.6123
852.7709
849.6886
846.5194
843.4203
840.5449
838.0377
836.0295
834.6367
858.3532
856.2763
853.8758
851.2718
848.5932
845.9719
843.5367
841.407
839.6861
838.4543
857.5883
854.5047
850.9262
847.0409
843.0465
839.1436
835.5286
832.388
829.8932
828.197
857.7197
854.8131
851.4448
847.79
844.0331
840.3616
836.9593
834.0004
831.6452
830.0378
858.0672
855.6122
852.7709
849.6886
846.5194
843.4203
840.5449
838.0377
836.0295
834.6367
858.3532
856.2762
853.8758
851.2718
848.5932
845.9719
843.5367
841.407
839.686
838.4543
857.7197
854.8131
851.4448
847.79
844.0331
840.3616
836.9593
834.0004
831.6452
830.0378
858.1344
855.7537
852.9915
849.9912
846.9046
843.8857
841.0851
838.6439
836.6886
835.3303
857.5883
854.5047
850.9261
847.0409
843.0465
839.1435
835.5286
832.388
829.8932
828.197
857.7683
854.9052
851.5771
847.9609
844.2416
840.6069
837.2401
834.3146
831.989
830.403
858.3532
856.2762
853.8758
851.2718
848.5932
845.9719
843.5367
841.407
839.6861
838.4543
857.7197
854.8131
851.4448
847.79
844.0331
840.3616
836.9593
834.0004
831.6452
830.0379
857.7683
854.9052
851.5771
847.9609
844.2416
840.6069
837.2401
834.3146
831.989
830.403
858.1344
855.7537
852.9915
849.9913
846.9046
843.8857
841.0852
838.6439
836.6886
835.3303
858.0672
855.6123
852.7709
849.6886
846.5194
843.4203
840.5449
838.0377
836.0295
834.6367
857.5883
854.5047
850.9262
847.0409
843.0465
839.1436
835.5287
832.388
829.8932
828.197
857.7197
854.8131
851.4448
847.79
844.0331
840.3616
836.9593
834.0004
831.6452
830.0379
857.5883
854.5047
850.9262
847.0409
843.0465
839.1436
835.5287
832.388
829.8932
828.197
857.7683
854.9052
851.5771
847.9609
844.2416
840.6069
837.2401
834.3146
831.989
830.403
858.0672
855.6122
852.7709
849.6886
846.5194
843.4203
840.5449
838.0377
836.0295
834.6367
858.3532
856.2762
853.8758
851.2718
848.5932
845.9719
843.5367
841.407
839.6861
838.4543
858.1344
855.7537
852.9915
849.9913
846.9046
843.8857
841.0852
838.6439
836.6886
835.3303
858.1344
855.7537
852.9915
849.9912
846.9046
843.8857
841.0852
838.6439
836.6886
835.3303
857.7683
854.9052
851.5771
847.9609
844.2416
840.6069
837.2401
834.3147
831.989
830.403
857.5883
854.5047
850.9262
847.0409
843.0465
839.1436
835.5287
832.388
829.8932
828.197
858.3532
856.2762
853.8758
851.2718
848.5932
845.9719
843.5367
841.407
839.6861
838.4543
858.0672
855.6122
852.7709
849.6886
846.5194
843.4203
840.5449
838.0377
836.0295
834.6367
857.7197
854.8131
851.4448
847.79
844.0331
840.3616
836.9593
834.0004
831.6452
830.0379
859.2951
858.4281
857.4379
856.3685
855.2693
854.1919
853.1867
852.3
851.573
851.0478
859.4171
858.7006
857.8828
857
856.0928
855.2034
854.3734
853.6408
853.0394
852.6
859.0164
857.8033
856.4151
854.9149
853.3728
851.862
850.4537
849.2134
848.1989
847.4719
859.0164
857.8033
856.4151
854.9149
853.3728
851.862
850.4537
849.2134
848.1989
847.4719
859.2951
858.4281
857.4379
856.3685
855.2693
854.1919
853.1867
852.3
851.573
851.0478
858.8823
857.4931
855.9001
854.1775
852.4069
850.6727
849.0574
847.6375
846.4831
845.6722
859.2951
858.4281
857.4379
856.3685
855.2693
854.1919
853.1867
852.3
851.573
851.0478
859.4171
858.7006
857.8828
857
856.0928
855.2034
854.3734
853.6408
853.0395
852.6
859.0164
857.8033
856.4151
854.9149
853.3728
851.862
850.4537
849.2134
848.1989
847.472
859.2951
858.4281
857.4379
856.3685
855.2693
854.1919
853.1867
852.3
851.573
851.0478
859.0164
857.8033
856.4151
854.9149
853.3728
851.862
850.4537
849.2134
848.1989
847.472
858.8823
857.4931
855.9001
854.1775
852.4069
850.6727
849.0574
847.6375
846.4831
845.6722
859.2951
858.4281
857.4379
856.3685
855.2693
854.1919
853.1867
852.3
851.5731
851.0478
859.2951
858.4281
857.4379
856.3685
855.2693
854.1919
853.1867
852.3
851.5731
851.0478
859.0164
857.8033
856.4152
854.9149
853.3728
851.862
850.4537
849.2134
848.1989
847.472
859.4171
858.7006
857.8828
857
856.0928
855.2034
854.3734
853.6408
853.0395
852.6
859.0164
857.8033
856.4152
854.9149
853.3728
851.862
850.4537
849.2134
848.1989
847.472
858.8823
857.4931
855.9001
854.1775
852.4069
850.6727
849.0574
847.6375
846.4832
845.6722
858.8823
857.4931
855.9001
854.1775
852.4069
850.6727
849.0574
847.6375
846.4831
845.6722
859.4171
858.7006
857.8828
857
856.0928
855.2034
854.3734
853.6408
853.0394
852.6
859.0164
857.8033
856.4151
854.9149
853.3728
851.862
850.4537
849.2134
848.1989
847.472
859.0164
857.8033
856.4151
854.9149
853.3728
851.862
850.4537
849.2134
848.1989
847.472
859.2951
858.4281
857.4379
856.3685
855.2693
854.1919
853.1867
852.3
851.573
851.0478
859.2951
858.4281
857.4379
856.3685
855.2693
854.1919
853.1867
852.3
851.573
851.0478
859.4171
858.7006
857.8828
857
856.0928
855.2034
854.3734
853.6408
853.0395
852.6
859.2951
858.4281
857.4379
856.3685
855.2693
854.1919
853.1867
852.3
851.5731
851.0478
859.0164
857.8033
856.4151
854.9149
853.3728
851.862
850.4537
849.2134
848.1989
847.472
859.2951
858.4281
857.4379
856.3685
855.2693
854.1919
853.1867
852.3
851.5731
851.0478
859.0164
857.8033
856.4151
854.9149
853.3728
851.862
850.4537
849.2134
848.1989
847.472
858.8823
857.4931
855.9001
854.1775
852.4069
850.6727
849.0574
847.6375
846.4832
845.6722
859.2951
858.4281
857.4379
856.3685
855.2693
854.1919
853.1867
852.3
851.5731
851.0478
859.4171
858.7006
857.8828
857
856.0928
855.2034
854.3734
853.6408
853.0395
852.6
859.2951
858.4281
857.4379
856.3685
855.2693
854.1919
853.1867
852.3
851.5731
851.0478
859.0164
857.8033
856.4152
854.9149
853.3728
851.862
850.4537
849.2134
848.1989
847.472
858.8823
857.4931
855.9001
854.1775
852.4069
850.6727
849.0574
847.6375
846.4832
845.6722
859.0164
857.8033
856.4152
854.9149
853.3728
851.862
850.4537
849.2134
848.1989
847.472
860.0017
860.0019
860.002
860.0022
860.0024
860.0025
860.0027
860.0029
860.003
860.0032
860.0017
860.0019
860.002
860.0022
860.0024
860.0025
860.0027
860.0029
860.003
860.0032
860.0017
860.0019
860.002
860.0022
860.0024
860.0025
860.0027
860.0029
860.003
860.0032
860.0017
860.0019
860.002
860.0022
860.0024
860.0025
860.0027
860.0029
860.003
860.0032
860.0017
860.0019
860.002
860.0022
860.0024
860.0025
860.0027
860.0029
860.003
860.0032
860.0017
860.0019
860.002
860.0022
860.0024
860.0025
860.0027
860.0029
860.003
860.0032
860.0017
860.0019
860.002
860.0022
860.0024
860.0025
860.0027
860.0029
860.003
860.0032
860.0017
860.0019
860.002
860.0022
860.0024
860.0025
860.0027
860.0029
860.003
860.0032
860.0017
860.0019
860.002
860.0022
860.0024
860.0025
860.0027
860.0029
860.003
860.0032
860.0017
860.0019
860.002
860.0022
860.0024
860.0025
860.0027
860.0029
860.003
860.0032
860.0017
860.0019
860.002
860.0022
860.0024
860.0025
860.0027
860.0029
860.003
860.0032
860.0017
860.0019
860.002
860.0022
860.0024
860.0025
860.0027
860.0029
860.003
860.0032
860.0017
860.0019
860.002
860.0022
860.0024
860.0025
860.0027
860.0029
860.003
860.0032
860.0017
860.0019
860.002
860.0022
860.0024
860.0025
860.0027
860.0029
860.003
860.0032
860.0017
860.0019
860.002
860.0022
860.0024
860.0025
860.0027
860.0029
860.003
860.0032
860.0017
860.0019
860.002
860.0022
860.0024
860.0025
860.0027
860.0029
860.003
860.0032
860.0017
860.0019
860.002
860.0022
860.0024
860.0025
860.0027
860.0029
860.003
860.0032
860.0017
860.0019
860.002
860.0022
860.0024
860.0025
860.0027
860.0029
860.003
860.0032
860.0017
860.0019
860.002
860.0022
860.0024
860.0025
860.0027
860.0029
860.003
860.0032
860.0017
860.0019
860.002
860.0022
860.0024
860.0025
860.0027
860.0029
860.003
860.0032
860.0017
860.0019
860.002
860.0022
860.0024
860.0025
860.0027
860.0029
860.003
860.0032
860.0017
860.0019
860.002
860.0022
860.0024
860.0025
860.0027
860.0029
860.003
860.0032
860.0017
860.0019
860.002
860.0022
860.0024
860.0025
860.0027
860.0029
860.003
860.0032
860.0017
860.0019
860.002
860.0022
860.0024
860.0025
860.0027
860.0029
860.003
860.0032
860.0017
860.0019
860.002
860.0022
860.0024
860.0025
860.0027
860.0029
860.003
860.0032
860.0017
860.0019
860.002
860.0022
860.0024
860.0025
860.0027
860.0029
860.003
860.0032
860.0017
860.0019
860.002
860.0022
860.0024
860.0025
860.0027
860.0029
860.003
860.0032
860.0017
860.0019
860.002
860.0022
860.0024
860.0025
860.0027
860.0029
860.003
860.0032
860.0017
860.0019
860.002
860.0022
860.0024
860.0025
860.0027
860.0029
860.003
860.0032
860.0017
860.0019
860.002
860.0022
860.0024
860.0025
860.0027
860.0029
860.003
860.0032
860.0017
860.0019
860.002
860.0022
860.0024
860.0025
860.0027
860.0029
860.003
860.0032
860.0017
860.0019
860.002
860.0022
860.0024
860.0025
860.0027
860.0029
860.003
860.0032
860.0017
860.0019
860.002
860.0022
860.0024
860.0025
860.0027
860.0029
860.003
860.0032
860.0017
860.0019
860.002
860.0022
860.0024
860.0025
860.0027
860.0029
860.003
860.0032
860.0017
860.0019
860.002
860.0022
860.0024
860.0025
860.0027
860.0029
860.003
860.0032
860.0017
860.0019
860.002
860.0022
860.0024
860.0025
860.0027
860.0029
860.003
860.0032
858.3451
856.2334
853.7825
851.1194
848.3784
845.6966
843.2073
841.0347
839.2897
838.0712
858.2306
855.9546
853.3043
850.421
847.4528
844.5497
841.858
839.5145
837.6423
836.3499
858.7265
857.1285
855.2838
853.2824
851.2225
849.205
847.3279
845.6808
844.3388
843.3622
858.9128
857.5314
855.9279
854.1838
852.3868
850.6262
848.9888
847.5534
846.3855
845.5306
858.9718
857.6795
856.1863
854.5653
852.8959
851.2601
849.7371
848.3988
847.3043
846.4963
858.5252
856.6301
854.4229
852.0203
849.5455
847.1233
844.875
842.9131
841.3363
840.2279
858.9128
857.5313
855.9279
854.1838
852.3867
850.6262
848.9888
847.5534
846.3855
845.5306
858.5252
856.6301
854.4229
852.0203
849.5455
847.1233
844.875
842.913
841.3363
840.2278
858.9718
857.6795
856.1863
854.5653
852.8959
851.2601
849.7371
848.3988
847.3043
846.4963
858.7265
857.1285
855.2838
853.2823
851.2225
849.205
847.3279
845.6807
844.3388
843.3622
858.3451
856.2334
853.7825
851.1193
848.3784
845.6966
843.2072
841.0347
839.2897
838.0712
858.2306
855.9546
853.3043
850.421
847.4527
844.5497
841.858
839.5144
837.6423
836.3499
858.3451
856.2334
853.7825
851.1194
848.3784
845.6966
843.2072
841.0347
839.2897
838.0712
858.2306
855.9546
853.3043
850.421
847.4528
844.5497
841.858
839.5145
837.6423
836.3499
858.7265
857.1285
855.2838
853.2823
851.2225
849.205
847.3279
845.6807
844.3388
843.3622
858.5252
856.6301
854.4229
852.0203
849.5455
847.1233
844.875
842.913
841.3363
840.2278
858.9718
857.6795
856.1863
854.5653
852.8959
851.2601
849.7371
848.3988
847.3043
846.4963
858.9128
857.5313
855.9279
854.1838
852.3867
850.6262
848.9888
847.5534
846.3855
845.5306
858.7265
857.1285
855.2838
853.2824
851.2225
849.205
847.3279
845.6808
844.3388
843.3622
858.9718
857.6795
856.1863
854.5653
852.8959
851.2601
849.7371
848.3988
847.3043
846.4963
858.9128
857.5314
855.9279
854.1838
852.3868
850.6262
848.9888
847.5534
846.3855
845.5306
858.3451
856.2334
853.7825
851.1194
848.3784
845.6966
843.2073
841.0347
839.2897
838.0712
858.2306
855.9546
853.3043
850.421
847.4528
844.5497
841.858
839.5145
837.6423
836.3499
858.5252
856.6301
854.4229
852.0203
849.5455
847.1233
844.875
842.9131
841.3363
840.2279
858.9718
857.6795
856.1863
854.5653
852.8959
851.2601
849.7371
848.3988
847.3043
846.4963
858.5252
856.6301
854.4229
852.0203
849.5455
847.1233
844.875
842.9131
841.3363
840.2279
858.7265
857.1285
855.2838
853.2823
851.2225
849.205
847.3279
845.6807
844.3388
843.3622
858.3451
856.2334
853.7825
851.1194
848.3784
845.6966
843.2072
841.0347
839.2897
838.0712
858.9128
857.5313
855.9279
854.1838
852.3867
850.6262
848.9888
847.5534
846.3855
845.5306
858.2306
855.9546
853.3043
850.421
847.4528
844.5497
841.858
839.5145
837.6423
836.3499
858.3451
856.2334
853.7825
851.1194
848.3784
845.6966
843.2072
841.0347
839.2897
838.0712
858.2306
855.9546
853.3043
850.421
847.4528
844.5497
841.858
839.5145
837.6423
836.3499
858.7265
857.1285
855.2838
853.2823
851.2225
849.205
847.3279
845.6808
844.3388
843.3622
858.5252
856.6301
854.4229
852.0203
849.5455
847.1233
844.875
842.9131
841.3363
840.2279
858.9718
857.6795
856.1863
854.5653
852.8959
851.2601
849.7371
848.3988
847.3043
846.4963
858.9128
857.5313
855.9279
854.1838
852.3867
850.6262
848.9888
847.5534
846.3855
845.5306
858.4831
856.5273
854.2458
851.7605
849.1999
846.694
844.3688
842.3414
840.7145
839.5727
858.8537
857.3851
855.6738
853.8094
851.8872
850.0043
848.2544
846.7231
845.4809
844.5735
858.8537
857.3851
855.6738
853.8094
851.8872
850.0043
848.2544
846.723
845.4808
844.5735
858.1231
855.6935
852.8562
849.7654
846.5822
843.4695
840.5855
838.0787
836.0828
834.7131
858.1231
855.6935
852.8562
849.7654
846.5822
843.4695
840.5855
838.0787
836.0828
834.7131
858.4831
856.5273
854.2458
851.7605
849.1999
846.694
844.3688
842.3414
840.7145
839.5727
858.8537
857.3851
855.6738
853.8094
851.8872
850.0043
848.2544
846.723
845.4809
844.5735
858.4831
856.5273
854.2458
851.7605
849.1999
846.694
844.3688
842.3414
840.7145
839.5727
858.1231
855.6935
852.8562
849.7654
846.5822
843.4695
840.5855
838.0787
836.0828
834.7131
858.4831
856.5273
854.2458
851.7605
849.1999
846.694
844.3688
842.3414
840.7145
839.5727
858.8537
857.3851
855.6738
853.8094
851.8872
850.0043
848.2544
846.723
845.4808
844.5735
858.1231
855.6935
852.8562
849.7654
846.5822
843.4695
840.5855
838.0787
836.0828
834.7131
858.1231
855.6935
852.8562
849.7654
846.5822
843.4695
840.5855
838.0787
836.0829
834.7131
858.4831
856.5273
854.2458
851.7605
849.1999
846.694
844.3688
842.3414
840.7145
839.5727
858.4831
856.5273
854.2458
851.7605
849.1999
846.694
844.3688
842.3414
840.7145
839.5727
858.1231
855.6935
852.8562
849.7654
846.5822
843.4695
840.5855
838.0787
836.0829
834.7131
858.8537
857.3851
855.6738
853.8094
851.8872
850.0043
848.2544
846.723
845.4808
844.5735
858.8537
857.3851
855.6738
853.8094
851.8872
850.0043
848.2544
846.723
845.4808
844.5735
858.8537
857.3851
855.6738
853.8094
851.8872
850.0043
848.2544
846.7231
845.4809
844.5735
858.4831
856.5273
854.2458
851.7605
849.1999
846.694
844.3688
842.3414
840.7145
839.5727
858.8537
857.3851
855.6738
853.8094
851.8872
850.0043
848.2544
846.723
845.4809
844.5735
858.4831
856.5273
854.2458
851.7605
849.1999
846.694
844.3688
842.3414
840.7145
839.5727
858.1231
855.6935
852.8562
849.7654
846.5822
843.4695
840.5855
838.0788
836.0829
834.7131
858.1231
855.6935
852.8562
849.7654
846.5822
843.4695
840.5855
838.0788
836.0829
834.7131
858.8537
857.3851
855.6738
853.8094
851.8872
850.0043
848.2544
846.7231
845.4809
844.5735
858.4831
856.5273
854.2458
851.7605
849.1999
846.694
844.3688
842.3414
840.7145
839.5727
858.8537
857.3851
855.6738
853.8094
851.8872
850.0043
848.2544
846.723
845.4809
844.5735
858.1231
855.6935
852.8562
849.7654
846.5822
843.4695
840.5855
838.0788
836.0829
834.7131
858.4831
856.5273
854.2458
851.7605
849.1999
846.694
844.3688
842.3414
840.7145
839.5727
858.1231
855.6935
852.8562
849.7654
846.5822
843.4695
840.5855
838.0788
836.0829
834.7131
858.8537
857.3851
855.6738
853.8094
851.8872
850.0043
848.2544
846.723
845.4808
844.5735
858.8537
857.3851
855.6738
853.8094
851.8872
850.0043
848.2544
846.723
845.4808
844.5735
858.4831
856.5273
854.2458
851.7605
849.1999
846.694
844.3688
842.3414
840.7145
839.5727
858.4831
856.5273
854.2458
851.7605
849.1999
846.694
844.3688
842.3414
840.7145
839.5727
858.1231
855.6935
852.8562
849.7654
846.5822
843.4695
840.5855
838.0788
836.0829
834.7131
858.1231
855.6935
852.8562
849.7654
846.5822
843.4695
840.5855
838.0788
836.0829
834.7131
858.7265
857.1285
855.2838
853.2823
851.2225
849.205
847.3279
845.6807
844.3388
843.3622
858.3451
856.2334
853.7825
851.1194
848.3784
845.6966
843.2072
841.0347
839.2897
838.0712
858.9718
857.6795
856.1863
854.5653
852.8959
851.2601
849.7371
848.3988
847.3043
846.4963
858.2306
855.9546
853.3043
850.421
847.4528
844.5497
841.858
839.5145
837.6423
836.3499
858.9128
857.5314
855.9279
854.1838
852.3867
850.6262
848.9888
847.5534
846.3855
845.5306
858.5252
856.6301
854.4229
852.0203
849.5455
847.1233
844.875
842.913
841.3363
840.2278
858.2306
855.9546
853.3043
850.421
847.4528
844.5497
841.858
839.5145
837.6423
836.3499
858.3451
856.2334
853.7825
851.1194
848.3784
845.6966
843.2073
841.0347
839.2897
838.0712
858.5252
856.6301
854.4229
852.0203
849.5455
847.1233
844.875
842.9131
841.3363
840.2279
858.7265
857.1285
855.2838
853.2824
851.2225
849.205
847.3279
845.6808
844.3388
843.3622
858.9128
857.5314
855.9279
854.1838
852.3868
850.6262
848.9888
847.5534
846.3855
845.5306
858.9718
857.6795
856.1863
854.5653
852.8959
851.2601
849.7371
848.3988
847.3043
846.4963
858.9718
857.6795
856.1863
854.5653
852.8959
851.2601
849.7371
848.3988
847.3043
846.4963
858.9128
857.5313
855.9279
854.1838
852.3867
850.6262
848.9888
847.5534
846.3855
845.5306
858.5252
856.6301
854.4229
852.0203
849.5455
847.1233
844.875
842.913
841.3363
840.2278
858.7265
857.1285
855.2838
853.2823
851.2225
849.205
847.3279
845.6807
844.3388
843.3622
858.2306
855.9546
853.3043
850.421
847.4527
844.5497
841.858
839.5145
837.6423
836.3499
858.3451
856.2334
853.7825
851.1193
848.3784
845.6966
843.2072
841.0347
839.2897
838.0712
858.2306
855.9546
853.3043
850.421
847.4528
844.5497
841.858
839.5145
837.6423
836.3499
858.5252
856.6301
854.4229
852.0203
849.5455
847.1233
844.875
842.9131
841.3363
840.2279
858.9128
857.5313
855.9279
854.1838
852.3867
850.6262
848.9888
847.5534
846.3855
845.5306
858.7265
857.1285
855.2838
853.2823
851.2225
849.205
847.3279
845.6807
844.3388
843.3622
858.3451
856.2334
853.7825
851.1194
848.3784
845.6966
843.2072
841.0347
839.2897
838.0712
858.9718
857.6795
856.1863
854.5653
852.8959
851.2601
849.7371
848.3988
847.3043
846.4963
858.2306
855.9546
853.3043
850.421
847.4528
844.5497
841.858
839.5145
837.6423
836.3499
858.3451
856.2334
853.7825
851.1194
848.3784
845.6966
843.2073
841.0347
839.2897
838.0712
858.5252
856.6301
854.4229
852.0203
849.5455
847.1233
844.875
842.9131
841.3363
840.2279
858.7265
857.1285
855.2838
853.2823
851.2225
849.205
847.3279
845.6808
844.3388
843.3622
858.9128
857.5314
855.9279
854.1838
852.3868
850.6262
848.9888
847.5534
846.3855
845.5306
858.9718
857.6795
856.1863
854.5653
852.8959
851.2601
849.7371
848.3988
847.3043
846.4963
858.9718
857.6795
856.1863
854.5653
852.8959
851.2601
849.7371
848.3988
847.3043
846.4963
858.9128
857.5313
855.9279
854.1838
852.3867
850.6262
848.9888
847.5534
846.3855
845.5306
858.7265
857.1285
855.2838
853.2823
851.2225
849.205
847.3279
845.6808
844.3388
843.3622
858.3451
856.2334
853.7825
851.1194
848.3784
845.6966
843.2072
841.0347
839.2897
838.0712
858.2306
855.9546
853.3043
850.421
847.4528
844.5497
841.858
839.5145
837.6423
836.3499
858.5252
856.6301
854.4229
852.0203
849.5455
847.1233
844.875
842.9131
841.3363
840.2279
860.0017
860.0019
860.002
860.0022
860.0024
860.0025
860.0027
860.0029
860.003
860.0032
860.0017
860.0019
860.002
860.0022
860.0024
860.0025
860.0027
860.0029
860.003
860.0032
860.0017
860.0019
860.002
860.0022
860.0024
860.0025
860.0027
860.0029
860.003
860.0032
860.0017
860.0019
860.002
860.0022
860.0024
860.0025
860.0027
860.0029
860.003
860.0032
860.0017
860.0019
860.002
860.0022
860.0024
860.0025
860.0027
860.0029
860.003
860.0032
860.0017
860.0019
860.002
860.0022
860.0024
860.0025
860.0027
860.0029
860.003
860.0032
860.0017
860.0019
860.002
860.0022
860.0024
860.0025
860.0027
860.0029
860.003
860.0032
860.0017
860.0019
860.002
860.0022
860.0024
860.0025
860.0027
860.0029
860.003
860.0032
860.0017
860.0019
860.002
860.0022
860.0024
860.0025
860.0027
860.0029
860.003
860.0032
860.0017
860.0019
860.002
860.0022
860.0024
860.0025
860.0027
860.0029
860.003
860.0032
860.0017
860.0019
860.002
860.0022
860.0024
860.0025
860.0027
860.0029
860.003
860.0032
860.0017
860.0019
860.002
860.0022
860.0024
860.0025
860.0027
860.0029
860.003
860.0032
860.0017
860.0019
860.002
860.0022
860.0024
860.0025
860.0027
860.0029
860.003
860.0032
860.0017
860.0019
860.002
860.0022
860.0024
860.0025
860.0027
860.0029
860.003
860.0032
860.0017
860.0019
860.002
860.0022
860.0024
860.0025
860.0027
860.0029
860.003
860.0032
860.0017
860.0019
860.002
860.0022
860.0024
860.0025
860.0027
860.0029
860.003
860.0032
860.0017
860.0019
860.002
860.0022
860.0024
860.0025
860.0027
860.0029
860.003
860.0032
860.0017
860.0019
860.002
860.0022
860.0024
860.0025
860.0027
860.0029
860.003
860.0032
860.0017
860.0019
860.002
860.0022
860.0024
860.0025
860.0027
860.0029
860.003
860.0032
860.0017
860.0019
860.002
860.0022
860.0024
860.0025
860.0027
860.0029
860.003
860.0032
860.0017
860.0019
860.002
860.0022
860.0024
860.0025
860.0027
860.0029
860.003
860.0032
860.0017
860.0019
860.002
860.0022
860.0024
860.0025
860.0027
860.0029
860.003
860.0032
860.0017
860.0019
860.002
860.0022
860.0024
860.0025
860.0027
860.0029
860.003
860.0032
860.0017
860.0019
860.002
860.0022
860.0024
860.0025
860.0027
860.0029
860.003
860.0032
860.0017
860.0019
860.002
860.0022
860.0024
860.0025
860.0027
860.0029
860.003
860.0032
860.0017
860.0019
860.002
860.0022
860.0024
860.0025
860.0027
860.0029
860.003
860.0032
860.0017
860.0019
860.002
860.0022
860.0024
860.0025
860.0027
860.0029
860.003
860.0032
860.0017
860.0019
860.002
860.0022
860.0024
860.0025
860.0027
860.0029
860.003
860.0032
860.0017
860.0019
860.002
860.0022
860.0024
860.0025
860.0027
860.0029
860.003
860.0032
860.0017
860.0019
860.002
860.0022
860.0024
860.0025
860.0027
860.0029
860.003
860.0032
860.0017
860.0019
860.002
860.0022
860.0024
860.0025
860.0027
860.0029
860.003
860.0032
860.0017
860.0019
860.002
860.0022
860.0024
860.0025
860.0027
860.0029
860.003
860.0032
860.0017
860.0019
860.002
860.0022
860.0024
860.0025
860.0027
860.0029
860.003
860.0032
860.0017
860.0019
860.002
860.0022
860.0024
860.0025
860.0027
860.0029
860.003
860.0032
860.0017
860.0019
860.002
860.0022
860.0024
860.0025
860.0027
860.0029
860.003
860.0032
860.0017
860.0019
860.002
860.0022
860.0024
860.0025
860.0027
860.0029
860.003
860.0032
860.0017
860.0019
860.002
860.0022
860.0024
860.0025
860.0027
860.0029
860.003
860.0032
860.0017
860.0019
860.002
860.0022
860.0024
860.0025
860.0027
860.0029
860.003
860.0032
860.0017
860.0019
860.002
860.0022
860.0024
860.0025
860.0027
860.0029
860.003
860.0032
860.0017
860.0019
860.002
860.0022
860.0024
860.0025
860.0027
860.0029
860.003
860.0032
860.0017
860.0019
860.002
860.0022
860.0024
860.0025
860.0027
860.0029
860.003
860.0032
860.0017
860.0019
860.002
860.0022
860.0024
860.0025
860.0027
860.0029
860.003
860.0032
860.0017
860.0019
860.002
860.0022
860.0024
860.0025
860.0027
860.0029
860.003
860.0032
860.0017
860.0019
860.002
860.0022
860.0024
860.0025
860.0027
860.0029
860.003
860.0032
860.0017
860.0019
860.002
860.0022
860.0024
860.0025
860.0027
860.0029
860.003
860.0032
860.0017
860.0019
860.002
860.0022
860.0024
860.0025
860.0027
860.0029
860.003
860.0032
860.0017
860.0019
860.002
860.0022
860.0024
860.0025
860.0027
860.0029
860.003
860.0032
860.0017
860.0019
860.002
860.0022
860.0024
860.0025
860.0027
860.0029
860.003
860.0032
860.0017
860.0019
860.002
860.0022
860.0024
860.0025
860.0027
860.0029
860.003
860.0032
860.0017
860.0019
860.002
860.0022
860.0024
860.0025
860.0027
860.0029
860.003
860.0032
860.0017
860.0019
860.002
860.0022
860.0024
860.0025
860.0027
860.0029
860.003
860.0032
860.0017
860.0019
860.002
860.0022
860.0024
860.0025
860.0027
860.0029
860.003
860.0032
860.0017
860.0019
860.002
860.0022
860.0024
860.0025
860.0027
860.0029
860.003
860.0032
860.0017
860.0019
860.002
860.0022
860.0024
860.0025
860.0027
860.0029
860.003
860.0032
860.0017
860.0019
860.002
860.0022
860.0024
860.0025
860.0027
860.0029
860.003
860.0032
860.0017
860.0019
860.002
860.0022
860.0024
860.0025
860.0027
860.0029
860.003
860.0032
860.0017
860.0019
860.002
860.0022
860.0024
860.0025
860.0027
860.0029
860.003
860.0032
860.0017
860.0019
860.002
860.0022
860.0024
860.0025
860.0027
860.0029
860.003
860.0032
860.0017
860.0019
860.002
860.0022
860.0024
860.0025
860.0027
860.0029
860.003
860.0032
860.0017
860.0019
860.002
860.0022
860.0024
860.0025
860.0027
860.0029
860.003
860.0032
860.0017
860.0019
860.002
860.0022
860.0024
860.0025
860.0027
860.0029
860.003
860.0032
860.0017
860.0019
860.002
860.0022
860.0024
860.0025
860.0027
860.0029
860.003
860.0032
860.0017
860.0019
860.002
860.0022
860.0024
860.0025
860.0027
860.0029
860.003
860.0032
860.0017
860.0019
860.002
860.0022
860.0024
860.0025
860.0027
860.0029
860.003
860.0032
860.0017
860.0019
860.002
860.0022
860.0024
860.0025
860.0027
860.0029
860.003
860.0032
860.0017
860.0019
860.002
860.0022
860.0024
860.0025
860.0027
860.0029
860.003
860.0032
860.0017
860.0019
860.002
860.0022
860.0024
860.0025
860.0027
860.0029
860.003
860.0032
860.0017
860.0019
860.002
860.0022
860.0024
860.0025
860.0027
860.0029
860.003
860.0032
860.0017
860.0019
860.002
860.0022
860.0024
860.0025
860.0027
860.0029
860.003
860.0032
860.0017
860.0019
860.002
860.0022
860.0024
860.0025
860.0027
860.0029
860.003
860.0032
860.0017
860.0019
860.002
860.0022
860.0024
860.0025
860.0027
860.0029
860.003
860.0032
860.0017
860.0019
860.002
860.0022
860.0024
860.0025
860.0027
860.0029
860.003
860.0032
860.0017
860.0019
860.002
860.0022
860.0024
860.0025
860.0027
860.0029
860.003
860.0032
860.0017
860.0019
860.002
860.0022
860.0024
860.0025
860.0027
860.0029
860.003
860.0032
860.0017
860.0019
860.002
860.0022
860.0024
860.0025
860.0027
860.0029
860.003
860.0032
860.0017
860.0019
860.002
860.0022
860.0024
860.0025
860.0027
860.0029
860.003
860.0032
860.0017
860.0019
860.002
860.0022
860.0024
860.0025
860.0027
860.0029
860.003
860.0032
860.0017
860.0019
860.002
860.0022
860.0024
860.0025
860.0027
860.0029
860.003
860.0032
860.0017
860.0019
860.002
860.0022
860.0024
860.0025
860.0027
860.0029
860.003
860.0032
860.0017
860.0019
860.002
860.0022
860.0024
860.0025
860.0027
860.0029
860.003
860.0032
860.0017
860.0019
860.002
860.0022
860.0024
860.0025
860.0027
860.0029
860.003
860.0032
860.0017
860.0019
860.002
860.0022
860.0024
860.0025
860.0027
860.0029
860.003
860.0032
860.0017
860.0019
860.002
860.0022
860.0024
860.0025
860.0027
860.0029
860.003
860.0032
860.0017
860.0019
860.002
860.0022
860.0024
860.0025
860.0027
860.0029
860.003
860.0032
860.0017
860.0019
860.002
860.0022
860.0024
860.0025
860.0027
860.0029
860.003
860.0032
860.0017
860.0019
860.002
860.0022
860.0024
860.0025
860.0027
860.0029
860.003
860.0032
860.0017
860.0019
860.002
860.0022
860.0024
860.0025
860.0027
860.0029
860.003
860.0032
860.0017
860.0019
860.002
860.0022
860.0024
860.0025
860.0027
860.0029
860.003
860.0032
860.0017
860.0019
860.002
860.0022
860.0024
860.0025
860.0027
860.0029
860.003
860.0032
860.0017
860.0019
860.002
860.0022
860.0024
860.0025
860.0027
860.0029
860.003
860.0032
860.0017
860.0019
860.002
860.0022
860.0024
860.0025
860.0027
860.0029
860.003
860.0032
860.0017
860.0019
860.002
860.0022
860.0024
860.0025
860.0027
860.0029
860.003
860.0032
860.0017
860.0019
860.002
860.0022
860.0024
860.0025
860.0027
860.0029
860.003
860.0032
860.0017
860.0019
860.002
860.0022
860.0024
860.0025
860.0027
860.0029
860.003
860.0032
860.0017
860.0019
860.002
860.0022
860.0024
860.0025
860.0027
860.0029
860.003
860.0032
860.0017
860.0019
860.002
860.0022
860.0024
860.0025
860.0027
860.0029
860.003
860.0032
860.0017
860.0019
860.002
860.0022
860.0024
860.0025
860.0027
860.0029
860.003
860.0032
860.0017
860.0019
860.002
860.0022
860.0024
860.0025
860.0027
860.0029
860.003
860.0032
860.0017
860.0019
860.002
860.0022
860.0024
860.0025
860.0027
860.0029
860.003
860.0032
860.0017
860.0019
860.002
860.0022
860.0024
860.0025
860.0027
860.0029
860.003
860.0032
860.0017
860.0019
860.002
860.0022
860.0024
860.0025
860.0027
860.0029
860.003
860.0032
860.0017
860.0019
860.002
860.0022
860.0024
860.0025
860.0027
860.0029
860.003
860.0032
860.0017
860.0019
860.002
860.0022
860.0024
860.0025
860.0027
860.0029
860.003
860.0032
860.0017
860.0019
860.002
860.0022
860.0024
860.0025
860.0027
860.0029
860.003
860.0032
860.0017
860.0019
860.002
860.0022
860.0024
860.0025
860.0027
860.0029
860.003
860.0032
860.0017
860.0019
860.002
860.0022
860.0024
860.0025
860.0027
860.0029
860.003
860.0032
860.0017
860.0019
860.002
860.0022
860.0024
860.0025
860.0027
860.0029
860.003
860.0032
860.0017
860.0019
860.002
860.0022
860.0024
860.0025
860.0027
860.0029
860.003
860.0032
860.0017
860.0019
860.002
860.0022
860.0024
860.0025
860.0027
860.0029
860.003
860.0032
860.0017
860.0019
860.002
860.0022
860.0024
860.0025
860.0027
860.0029
860.003
860.0032
860.0017
860.0019
860.002
860.0022
860.0024
860.0025
860.0027
860.0029
860.003
860.0032
860.0017
860.0019
860.002
860.0022
860.0024
860.0025
860.0027
860.0029
860.003
860.0032
860.0017
860.0019
860.002
860.0022
860.0024
860.0025
860.0027
860.0029
860.003
860.0032
860.0017
860.0019
860.002
860.0022
860.0024
860.0025
860.0027
860.0029
860.003
860.0032
860.0017
860.0019
860.002
860.0022
860.0024
860.0025
860.0027
860.0029
860.003
860.0032
860.0017
860.0019
860.002
860.0022
860.0024
860.0025
860.0027
860.0029
860.003
860.0032
860.0017
860.0019
860.002
860.0022
860.0024
860.0025
860.0027
860.0029
860.003
860.0032
860.0017
860.0019
860.002
860.0022
860.0024
860.0025
860.0027
860.0029
860.003
860.0032
860.0017
860.0019
860.002
860.0022
860.0024
860.0025
860.0027
860.0029
860.003
860.0032
860.0017
860.0019
860.002
860.0022
860.0024
860.0025
860.0027
860.0029
860.003
860.0032
860.0017
860.0019
860.002
860.0022
860.0024
860.0025
860.0027
860.0029
860.003
860.0032
860.0017
860.0019
860.002
860.0022
860.0024
860.0025
860.0027
860.0029
860.003
860.0032
860.0017
860.0019
860.002
860.0022
860.0024
860.0025
860.0027
860.0029
860.003
860.0032
860.0017
860.0019
860.002
860.0022
860.0024
860.0025
860.0027
860.0029
860.003
860.0032
860.0017
860.0019
860.002
860.0022
860.0024
860.0025
860.0027
860.0029
860.003
860.0032
860.0017
860.0019
860.002
860.0022
860.0024
860.0025
860.0027
860.0029
860.003
860.0032
860.0017
860.0019
860.002
860.0022
860.0024
860.0025
860.0027
860.0029
860.003
860.0032
860.0017
860.0019
860.002
860.0022
860.0024
860.0025
860.0027
860.0029
860.003
860.0032
860.0017
860.0019
860.002
860.0022
860.0024
860.0025
860.0027
860.0029
860.003
860.0032
860.0017
860.0019
860.002
860.0022
860.0024
860.0025
860.0027
860.0029
860.003
860.0032
860.0017
860.0019
860.002
860.0022
860.0024
860.0025
860.0027
860.0029
860.003
860.0032
860.0017
860.0019
860.002
860.0022
860.0024
860.0025
860.0027
860.0029
860.003
860.0032
860.0017
860.0019
860.002
860.0022
860.0024
860.0025
860.0027
860.0029
860.003
860.0032
860.0017
860.0019
860.002
860.0022
860.0024
860.0025
860.0027
860.0029
860.003
860.0032
860.0017
860.0019
860.002
860.0022
860.0024
860.0025
860.0027
860.0029
860.003
860.0032
860.0017
860.0019
860.002
860.0022
860.0024
860.0025
860.0027
860.0029
860.003
860.0032
860.0017
860.0019
860.002
860.0022
860.0024
860.0025
860.0027
860.0029
860.003
860.0032
860.0017
860.0019
860.002
860.0022
860.0024
860.0025
860.0027
860.0029
860.003
860.0032
860.0017
860.0019
860.002
860.0022
860.0024
860.0025
860.0027
860.0029
860.003
860.0032
860.0017
860.0019
860.002
860.0022
860.0024
860.0025
860.0027
860.0029
860.003
860.0032
860.0017
860.0019
860.002
860.0022
860.0024
860.0025
860.0027
860.0029
860.003
860.0032
860.0017
860.0019
860.002
860.0022
860.0024
860.0025
860.0027
860.0029
860.003
860.0032
860.0017
860.0019
860.002
860.0022
860.0024
860.0025
860.0027
860.0029
860.003
860.0032
860.0017
860.0019
860.002
860.0022
860.0024
860.0025
860.0027
860.0029
860.003
860.0032
860.0017
860.0019
860.002
860.0022
860.0024
860.0025
860.0027
860.0029
860.003
860.0032
860.0017
860.0019
860.002
860.0022
860.0024
860.0025
860.0027
860.0029
860.003
860.0032
860.0017
860.0019
860.002
860.0022
860.0024
860.0025
860.0027
860.0029
860.003
860.0032
860.0017
860.0019
860.002
860.0022
860.0024
860.0025
860.0027
860.0029
860.003
860.0032
860.0017
860.0019
860.002
860.0022
860.0024
860.0025
860.0027
860.0029
860.003
860.0032
860.0017
860.0019
860.002
860.0022
860.0024
860.0025
860.0027
860.0029
860.003
860.0032
860.0017
860.0019
860.002
860.0022
860.0024
860.0025
860.0027
860.0029
860.003
860.0032
860.0017
860.0019
860.002
860.0022
860.0024
860.0025
860.0027
860.0029
860.003
860.0032
860.0017
860.0019
860.002
860.0022
860.0024
860.0025
860.0027
860.0029
860.003
860.0032
860.0017
860.0019
860.002
860.0022
860.0024
860.0025
860.0027
860.0029
860.003
860.0032
860.0017
860.0019
860.002
860.0022
860.0024
860.0025
860.0027
860.0029
860.003
860.0032
860.0017
860.0019
860.002
860.0022
860.0024
860.0025
860.0027
860.0029
860.003
860.0032
860.0017
860.0019
860.002
860.0022
860.0024
860.0025
860.0027
860.0029
860.003
860.0032
860.0017
860.0019
860.002
860.0022
860.0024
860.0025
860.0027
860.0029
860.003
860.0032
860.0017
860.0019
860.002
860.0022
860.0024
860.0025
860.0027
860.0029
860.003
860.0032
860.0017
860.0019
860.002
860.0022
860.0024
860.0025
860.0027
860.0029
860.003
860.0032
860.0017
860.0019
860.002
860.0022
860.0024
860.0025
860.0027
860.0029
860.003
860.0032
860.0017
860.0019
860.002
860.0022
860.0024
860.0025
860.0027
860.0029
860.003
860.0032
860.0017
860.0019
860.002
860.0022
860.0024
860.0025
860.0027
860.0029
860.003
860.0032
860.0017
860.0019
860.002
860.0022
860.0024
860.0025
860.0027
860.0029
860.003
860.0032
860.0017
860.0019
860.002
860.0022
860.0024
860.0025
860.0027
860.0029
860.003
860.0032
860.0017
860.0019
860.002
860.0022
860.0024
860.0025
860.0027
860.0029
860.003
860.0032
860.0017
860.0019
860.002
860.0022
860.0024
860.0025
860.0027
860.0029
860.003
860.0032
860.0017
860.0019
860.002
860.0022
860.0024
860.0025
860.0027
860.0029
860.003
860.0032
860.0017
860.0019
860.002
860.0022
860.0024
860.0025
860.0027
860.0029
860.003
860.0032
860.0017
860.0019
860.002
860.0022
860.0024
860.0025
860.0027
860.0029
860.003
860.0032
860.0017
860.0019
860.002
860.0022
860.0024
860.0025
860.0027
860.0029
860.003
860.0032
860.0017
860.0019
860.002
860.0022
860.0024
860.0025
860.0027
860.0029
860.003
860.0032
860.0017
860.0019
860.002
860.0022
860.0024
860.0025
860.0027
860.0029
860.003
860.0032
860.0017
860.0019
860.002
860.0022
860.0024
860.0025
860.0027
860.0029
860.003
860.0032
860.0017
860.0019
860.002
860.0022
860.0024
860.0025
860.0027
860.0029
860.003
860.0032
860.0017
860.0019
860.002
860.0022
860.0024
860.0025
860.0027
860.0029
860.003
860.0032
860.0017
860.0019
860.002
860.0022
860.0024
860.0025
860.0027
860.0029
860.003
860.0032
860.0017
860.0019
860.002
860.0022
860.0024
860.0025
860.0027
860.0029
860.003
860.0032
860.0017
860.0019
860.002
860.0022
860.0024
860.0025
860.0027
860.0029
860.003
860.0032
860.0017
860.0019
860.002
860.0022
860.0024
860.0025
860.0027
860.0029
860.003
860.0032
860.0017
860.0019
860.002
860.0022
860.0024
860.0025
860.0027
860.0029
860.003
860.0032
860.0017
860.0019
860.002
860.0022
860.0024
860.0025
860.0027
860.0029
860.003
860.0032
860.0017
860.0019
860.002
860.0022
860.0024
860.0025
860.0027
860.0029
860.003
860.0032
860.0017
860.0019
860.002
860.0022
860.0024
860.0025
860.0027
860.0029
860.003
860.0032
860.0017
860.0019
860.002
860.0022
860.0024
860.0025
860.0027
860.0029
860.003
860.0032
860.0017
860.0019
860.002
860.0022
860.0024
860.0025
860.0027
860.0029
860.003
860.0032
860.0017
860.0019
860.002
860.0022
860.0024
860.0025
860.0027
860.0029
860.003
860.0032
860.0017
860.0019
860.002
860.0022
860.0024
860.0025
860.0027
860.0029
860.003
860.0032
860.0017
860.0019
860.002
860.0022
860.0024
860.0025
860.0027
860.0029
860.003
860.0032
860.0017
860.0019
860.002
860.0022
860.0024
860.0025
860.0027
860.0029
860.003
860.0032
860.0017
860.0019
860.002
860.0022
860.0024
860.0025
860.0027
860.0029
860.003
860.0032
860.0017
860.0019
860.002
860.0022
860.0024
860.0025
860.0027
860.0029
860.003
860.0032
860.0017
860.0019
860.002
860.0022
860.0024
860.0025
860.0027
860.0029
860.003
860.0032
860.0017
860.0019
860.002
860.0022
860.0024
860.0025
860.0027
860.0029
860.003
860.0032
860.0017
860.0019
860.002
860.0022
860.0024
860.0025
860.0027
860.0029
860.003
860.0032
860.0017
860.0019
860.002
860.0022
860.0024
860.0025
860.0027
860.0029
860.003
860.0032
860.0017
860.0019
860.002
860.0022
860.0024
860.0025
860.0027
860.0029
860.003
860.0032
860.0017
860.0019
860.002
860.0022
860.0024
860.0025
860.0027
860.0029
860.003
860.0032
860.0017
860.0019
860.002
860.0022
860.0024
860.0025
860.0027
860.0029
860.003
860.0032
860.0017
860.0019
860.002
860.0022
860.0024
860.0025
860.0027
860.0029
860.003
860.0032
860.0017
860.0019
860.002
860.0022
860.0024
860.0025
860.0027
860.0029
860.003
860.0032
860.0017
860.0019
860.002
860.0022
860.0024
860.0025
860.0027
860.0029
860.003
860.0032
860.0017
860.0019
860.002
860.0022
860.0024
860.0025
860.0027
860.0029
860.003
860.0032
860.0017
860.0019
860.002
860.0022
860.0024
860.0025
860.0027
860.0029
860.003
860.0032
860.0017
860.0019
860.002
860.0022
860.0024
860.0025
860.0027
860.0029
860.003
860.0032
860.0017
860.0019
860.002
860.0022
860.0024
860.0025
860.0027
860.0029
860.003
860.0032
860.0017
860.0019
860.002
860.0022
860.0024
860.0025
860.0027
860.0029
860.003
860.0032
860.0017
860.0019
860.002
860.0022
860.0024
860.0025
860.0027
860.0029
860.003
860.0032
860.0017
860.0019
860.002
860.0022
860.0024
860.0025
860.0027
860.0029
860.003
860.0032
860.0017
860.0019
860.002
860.0022
860.0024
860.0025
860.0027
860.0029
860.003
860.0032
860.0017
860.0019
860.002
860.0022
860.0024
860.0025
860.0027
860.0029
860.003
860.0032
860.0017
860.0019
860.002
860.0022
860.0024
860.0025
860.0027
860.0029
860.003
860.0032
860.0017
860.0019
860.002
860.0022
860.0024
860.0025
860.0027
860.0029
860.003
860.0032
860.0017
860.0019
860.002
860.0022
860.0024
860.0025
860.0027
860.0029
860.003
860.0032
860.0017
860.0019
860.002
860.0022
860.0024
860.0025
860.0027
860.0029
860.003
860.0032
860.0017
860.0019
860.002
860.0022
860.0024
860.0025
860.0027
860.0029
860.003
860.0032
860.0017
860.0019
860.002
860.0022
860.0024
860.0025
860.0027
860.0029
860.003
860.0032
860.0017
860.0019
860.002
860.0022
860.0024
860.0025
860.0027
860.0029
860.003
860.0032
860.0017
860.0019
860.002
860.0022
860.0024
860.0025
860.0027
860.0029
860.003
860.0032
860.0017
860.0019
860.002
860.0022
860.0024
860.0025
860.0027
860.0029
860.003
860.0032
860.0017
860.0019
860.002
860.0022
860.0024
860.0025
860.0027
860.0029
860.003
860.0032
860.0017
860.0019
860.002
860.0022
860.0024
860.0025
860.0027
860.0029
860.003
860.0032
860.0017
860.0019
860.002
860.0022
860.0024
860.0025
860.0027
860.0029
860.003
860.0032
860.0017
860.0019
860.002
860.0022
860.0024
860.0025
860.0027
860.0029
860.003
860.0032
860.0017
860.0019
860.002
860.0022
860.0024
860.0025
860.0027
860.0029
860.003
860.0032
860.0017
860.0019
860.002
860.0022
860.0024
860.0025
860.0027
860.0029
860.003
860.0032
860.0017
860.0019
860.002
860.0022
860.0024
860.0025
860.0027
860.0029
860.003
860.0032
860.0017
860.0019
860.002
860.0022
860.0024
860.0025
860.0027
860.0029
860.003
860.0032
860.0017
860.0019
860.002
860.0022
860.0024
860.0025
860.0027
860.0029
860.003
860.0032
860.0017
860.0019
860.002
860.0022
860.0024
860.0025
860.0027
860.0029
860.003
860.0032
860.0017
860.0019
860.002
860.0022
860.0024
860.0025
860.0027
860.0029
860.003
860.0032
860.0017
860.0019
860.002
860.0022
860.0024
860.0025
860.0027
860.0029
860.003
860.0032
860.0017
860.0019
860.002
860.0022
860.0024
860.0025
860.0027
860.0029
860.003
860.0032
860.0017
860.0019
860.002
860.0022
860.0024
860.0025
860.0027
860.0029
860.003
860.0032
860.0017
860.0019
860.002
860.0022
860.0024
860.0025
860.0027
860.0029
860.003
860.0032
860.0017
860.0019
860.002
860.0022
860.0024
860.0025
860.0027
860.0029
860.003
860.0032
860.0017
860.0019
860.002
860.0022
860.0024
860.0025
860.0027
860.0029
860.003
860.0032
860.0017
860.0019
860.002
860.0022
860.0024
860.0025
860.0027
860.0029
860.003
860.0032
860.0017
860.0019
860.002
860.0022
860.0024
860.0025
860.0027
860.0029
860.003
860.0032
860.0017
860.0019
860.002
860.0022
860.0024
860.0025
860.0027
860.0029
860.003
860.0032
860.0017
860.0019
860.002
860.0022
860.0024
860.0025
860.0027
860.0029
860.003
860.0032
860.0017
860.0019
860.002
860.0022
860.0024
860.0025
860.0027
860.0029
860.003
860.0032
860.0017
860.0019
860.002
860.0022
860.0024
860.0025
860.0027
860.0029
860.003
860.0032
860.0017
860.0019
860.002
860.0022
860.0024
860.0025
860.0027
860.0029
860.003
860.0032
860.0017
860.0019
860.002
860.0022
860.0024
860.0025
860.0027
860.0029
860.003
860.0032
860.0017
860.0019
860.002
860.0022
860.0024
860.0025
860.0027
860.0029
860.003
860.0032
860.0017
860.0019
860.002
860.0022
860.0024
860.0025
860.0027
860.0029
860.003
860.0032
860.0017
860.0019
860.002
860.0022
860.0024
860.0025
860.0027
860.0029
860.003
860.0032
860.0017
860.0019
860.002
860.0022
860.0024
860.0025
860.0027
860.0029
860.003
860.0032
860.0017
860.0019
860.002
860.0022
860.0024
860.0025
860.0027
860.0029
860.003
860.0032
860.0017
860.0019
860.002
860.0022
860.0024
860.0025
860.0027
860.0029
860.003
860.0032
860.0017
860.0019
860.002
860.0022
860.0024
860.0025
860.0027
860.0029
860.003
860.0032
860.0017
860.0019
860.002
860.0022
860.0024
860.0025
860.0027
860.0029
860.003
860.0032
860.0017
860.0019
860.002
860.0022
860.0024
860.0025
860.0027
860.0029
860.003
860.0032
860.0017
860.0019
860.002
860.0022
860.0024
860.0025
860.0027
860.0029
860.003
860.0032
860.0017
860.0019
860.002
860.0022
860.0024
860.0025
860.0027
860.0029
860.003
860.0032
860.0017
860.0019
860.002
860.0022
860.0024
860.0025
860.0027
860.0029
860.003
860.0032
860.0017
860.0019
860.002
860.0022
860.0024
860.0025
860.0027
860.0029
860.003
860.0032
860.0017
860.0019
860.002
860.0022
860.0024
860.0025
860.0027
860.0029
860.003
860.0032
860.0017
860.0019
860.002
860.0022
860.0024
860.0025
860.0027
860.0029
860.003
860.0032
860.0017
860.0019
860.002
860.0022
860.0024
860.0025
860.0027
860.0029
860.003
860.0032
860.0017
860.0019
860.002
860.0022
860.0024
860.0025
860.0027
860.0029
860.003
860.0032
860.0017
860.0019
860.002
860.0022
860.0024
860.0025
860.0027
860.0029
860.003
860.0032
860.0017
860.0019
860.002
860.0022
860.0024
860.0025
860.0027
860.0029
860.003
860.0032
860.0017
860.0019
860.002
860.0022
860.0024
860.0025
860.0027
860.0029
860.003
860.0032
860.0017
860.0019
860.002
860.0022
860.0024
860.0025
860.0027
860.0029
860.003
860.0032
860.0017
860.0019
860.002
860.0022
860.0024
860.0025
860.0027
860.0029
860.003
860.0032
860.0017
860.0019
860.002
860.0022
860.0024
860.0025
860.0027
860.0029
860.003
860.0032
860.0017
860.0019
860.002
860.0022
860.0024
860.0025
860.0027
860.0029
860.003
860.0032
860.0017
860.0019
860.002
860.0022
860.0024
860.0025
860.0027
860.0029
860.003
860.0032
860.0017
860.0019
860.002
860.0022
860.0024
860.0025
860.0027
860.0029
860.003
860.0032
860.0017
860.0019
860.002
860.0022
860.0024
860.0025
860.0027
860.0029
860.003
860.0032
860.0017
860.0019
860.002
860.0022
860.0024
860.0025
860.0027
860.0029
860.003
860.0032
860.0017
860.0019
860.002
860.0022
860.0024
860.0025
860.0027
860.0029
860.003
860.0032
860.0017
860.0019
860.002
860.0022
860.0024
860.0025
860.0027
860.0029
860.003
860.0032
860.0017
860.0019
860.002
860.0022
860.0024
860.0025
860.0027
860.0029
860.003
860.0032
860.0017
860.0019
860.002
860.0022
860.0024
860.0025
860.0027
860.0029
860.003
860.0032
860.0017
860.0019
860.002
860.0022
860.0024
860.0025
860.0027
860.0029
860.003
860.0032
860.0017
860.0019
860.002
860.0022
860.0024
860.0025
860.0027
860.0029
860.003
860.0032
860.0017
860.0019
860.002
860.0022
860.0024
860.0025
860.0027
860.0029
860.003
860.0032
860.0017
860.0019
860.002
860.0022
860.0024
860.0025
860.0027
860.0029
860.003
860.0032
860.0017
860.0019
860.002
860.0022
860.0024
860.0025
860.0027
860.0029
860.003
860.0032
860.0017
860.0019
860.002
860.0022
860.0024
860.0025
860.0027
860.0029
860.003
860.0032
860.0017
860.0019
860.002
860.0022
860.0024
860.0025
860.0027
860.0029
860.003
860.0032
860.0017
860.0019
860.002
860.0022
860.0024
860.0025
860.0027
860.0029
860.003
860.0032
860.0017
860.0019
860.002
860.0022
860.0024
860.0025
860.0027
860.0029
860.003
860.0032
860.0017
860.0019
860.002
860.0022
860.0024
860.0025
860.0027
860.0029
860.003
860.0032
860.0017
860.0019
860.002
860.0022
860.0024
860.0025
860.0027
860.0029
860.003
860.0032
860.0012
860.0014
860.0015
860.0012
860.0014
860.0015
860.0012
860.0014
860.0015
860.0012
860.0014
860.0015
860.0012
860.0014
860.0015
860.0012
860.0014
860.0015
860.0012
860.0014
860.0011
860.0012
860.0014
860.0011
860.0012
860.0014
860.0011
860.0012
860.0014
860.0011
860.0012
860.0014
860.0011
860.0012
860.0014
860.0011
860.0012
860.0014
860.0011
860.0012
860.0014
860.0011
860.0012
860.0014
860.0011
860.0012
860.0014
860.0011
860.0012
860.0014
860.0011
860.0012
860.0014
860.0011
860.0012
860.0014
860.0011
860.0012
860.0014
860.0011
860.0012
860.0014
860.0011
860.0012
860.0014
860.0011
860.0012
860.0014
860.0011
860.0012
860.0014
860.0011
860.0012
860.0014
860.0011
860.0012
860.0014
860.0011
860.0012
860.0014
860.0011
860.0012
860.0014
860.0011
860.0012
860.0014
860.0011
860.0012
860.0014
860.0011
860.0012
860.0014
860.0011
860.0012
860.0014
860.0011
860.0012
860.0014
860.0011
860.0012
860.0014
860.0011
860.0012
860.0014
860.0011
860.0012
860.0014
860.0011
860.0012
860.0014
860.0011
860.0012
860.0014
860.0011
860.0012
860.0014
860.0011
860.0012
860.0014
860.0011
860.0012
860.0014
860.0011
860.0012
860.0014
860.0011
860.0012
860.0014
860.0011
860.0012
860.0014
860.0011
860.0012
860.0014
860.0011
860.0012
860.0014
860.0011
860.0012
860.0014
860.0011
860.0012
860.0014
860.0011
860.0012
860.0014
860.0011
860.0012
860.0014
860.0011
860.0012
860.0014
860.0011
860.0012
860.0014
860.0011
860.0012
860.0014
860.0011
860.0012
860.0014
860.0011
860.0012
860.0014
860.0011
860.0012
860.0014
860.0011
860.0012
860.0014
860.0011
860.0012
860.0014
860.0011
860.0012
860.0014
860.0011
860.0012
860.0014
860.0011
860.0012
860.0014
860.0011
860.0012
860.0014
860.0011
860.0012
860.0014
860.0011
860.0012
860.0014
860.0011
860.0012
860.0014
860.0011
860.0012
860.0014
860.0011
860.0012
860.0014
860.0011
860.0012
860.0014
860.0011
860.0012
860.0014
860.0011
860.0012
860.0014
860.0011
860.0012
860.0014
860.0011
860.0012
860.0014
860.0011
860.0012
860.0014
860.0011
860.0012
860.0014
860.0011
860.0012
860.0014
860.0011
860.0012
860.0014
860.0011
860.0012
860.0014
860.0011
860.0012
860.0014
860.0011
860.0012
860.0014
860.0011
860.0012
860.0014
860.0011
860.0012
860.0014
860.0011
860.0012
860.0014
860.0011
860.0012
860.0014
860.0011
860.0012
860.0014
860.0011
860.0012
860.0014
860.0011
860.0012
860.0014
860.0011
860.0012
860.0014
860.0011
860.0012
860.0014
860.0011
860.0012
860.0014
860.0011
860.0012
860.0014
860.0011
860.0012
860.0014
860.0011
860.0012
860.0014
860.0011
860.0012
860.0014
860.0011
860.0012
860.0014
860.0011
860.0012
860.0014
860.0011
860.0012
860.0014
860.0011
860.0012
860.0014
860.0011
860.0012
860.0014
860.0011
860.0012
860.0014
860.0011
860.0012
860.0014
860.0011
860.0012
860.0014
860.0011
860.0012
860.0014
860.0011
860.0012
860.0014
860.0011
860.0012
860.0014
860.0011
860.0012
860.0014
860.0011
860.0012
860.0014
860.0011
860.0012
860.0014
860.0011
860.0012
860.0014
860.0011
860.0012
860.0014
860.0011
860.0012
860.0014
860.0011
860.0012
860.0014
860.0011
860.0012
860.0014
860.0011
860.0012
860.0014
860.0011
860.0012
860.0014
860.0011
860.0012
860.0014
860.0015
860.0012
860.0014
860.0015
860.0012
860.0014
860.0015
860.0012
860.0014
860.0015
860.0012
860.0014
860.0015
860.0012
860.0014
860.0015
860.0012
860.0014
860.0015
860.0012
860.0014
860.0015
860.0012
860.0014
860.0015
860.0012
860.0014
860.0015
860.0012
860.0014
860.0015
860.0012
860.0014
860.0015
860.0012
860.0014
860.0015
860.0012
860.0014
860.0015
860.0012
860.0014
860.0015
860.0012
860.0014
860.0015
860.0012
860.0014
860.0015
860.0012
860.0014
860.0015
860.0012
860.0014
860.0015
860.0012
860.0014
860.0015
860.0012
860.0014
860.0015
860.0012
860.0014
860.0015
860.0012
860.0014
860.0015
860.0012
860.0014
860.0015
860.0012
860.0014
860.0015
860.0012
860.0014
860.0015
860.0012
860.0014
860.0015
860.0012
860.0014
860.0015
860.0012
860.0014
860.0015
860.0012
860.0014
860.0015
860.0012
860.0014
860.0015
860.0012
860.0014
860.0015
860.0012
860.0014
860.0015
860.0012
860.0014
860.0015
860.0012
860.0014
860.0015
860.0012
860.0014
860.0015
860.0012
860.0014
860.0011
860.0012
860.0014
860.0011
860.0012
860.0014
860.0011
860.0012
860.0014
860.0011
860.0012
860.0014
860.0011
860.0012
860.0014
860.0011
860.0012
860.0014
860.0011
860.0012
860.0014
860.0011
860.0012
860.0014
860.0011
860.0012
860.0014
860.0011
860.0012
860.0014
860.0011
860.0012
860.0014
860.0011
860.0012
860.0014
860.0011
860.0012
860.0014
860.0011
860.0012
860.0014
860.0011
860.0012
860.0014
860.0011
860.0012
860.0014
860.0011
860.0012
860.0014
860.0011
860.0012
860.0014
860.0011
860.0012
860.0014
860.0011
860.0012
860.0014
860.0011
860.0012
860.0014
860.0011
860.0012
860.0014
860.0011
860.0012
860.0014
860.0011
860.0012
860.0014
860.0011
860.0012
860.0014
860.0011
860.0012
860.0014
860.0011
860.0012
860.0014
860.0011
860.0012
860.0014
860.0011
860.0012
860.0014
860.0011
860.0012
860.0014
860.0011
860.0012
860.0014
860.0011
860.0012
860.0014
860.0011
860.0012
860.0014
860.0011
860.0012
860.0014
860.0011
860.0012
860.0014
860.0011
860.0012
860.0014
860.0011
860.0012
860.0014
860.0011
860.0012
860.0014
860.0011
860.0012
860.0014
860.0011
860.0012
860.0014
860.0011
860.0012
860.0014
860.0011
860.0012
860.0014
860.0011
860.0012
860.0014
860.0011
860.0012
860.0014
860.0011
860.0012
860.0014
860.0011
860.0012
860.0014
860.0011
860.0012
860.0014
860.0011
860.0012
860.0014
860.0011
860.0012
860.0014
860.0011
860.0012
860.0014
860.0011
860.0012
860.0014
860.0011
860.0012
860.0014
860.0011
860.0012
860.0014
860.0011
860.0012
860.0014
860.0011
860.0012
860.0014
860.0011
860.0012
860.0014
860.0011
860.0012
860.0014
860.0011
860.0012
860.0014
860.0011
860.0012
860.0014
860.0011
860.0012
860.0014
860.0011
860.0012
860.0014
860.0011
860.0012
860.0014
860.0011
860.0012
860.0014
860.0011
860.0012
860.0014
860.0011
860.0012
860.0014
860.0011
860.0012
860.0014
860.0011
860.0012
860.0014
860.0011
860.0012
860.0014
860.0011
860.0012
860.0014
860.0011
860.0012
860.0014
860.0011
860.0012
860.0014
860.0011
860.0012
860.0014
860.0012
860.0012
860.0014
860.0012
860.0012
860.0014
860.0012
860.0012
860.0014
860.0012
860.0012
860.0014
860.0012
860.0012
860.0014
860.0012
860.0012
860.0014
860.0012
860.0012
860.0014
860.0012
860.0012
860.0014
860.0012
860.0012
860.0014
860.0012
860.0012
860.0014
860.0012
860.0012
860.0014
860.0012
860.0012
860.0014
860.0012
860.0012
860.0014
860.0012
860.0012
860.0014
860.0012
860.0012
860.0014
860.0012
860.0012
860.0014
860.0012
860.0012
860.0014
860.0012
860.0012
860.0014
860.0012
860.0012
860.0014
860.0012
860.0012
860.0014
860.0012
860.0012
860.0014
860.0012
860.0012
860.0014
860.0012
860.0012
860.0014
860.0012
860.0012
860.0014
860.0012
860.0012
860.0014
860.0012
860.0012
860.0014
860.0012
860.0012
860.0014
860.0012
860.0012
860.0014
860.0012
860.0012
860.0014
860.0012
860.0012
860.0014
860.0012
860.0012
860.0014
860.0012
860.0012
860.0014
860.0012
860.0012
860.0014
860.0012
860.0012
860.0014
860.0012
860.0012
860.0014
860.0012
860.0012
860.0014
860.0011
860.0012
860.0014
860.0012
860.0012
860.0014
860.0011
860.0012
860.0014
860.0012
860.0012
860.0014
860.0011
860.0012
860.0014
860.0012
860.0012
860.0014
860.0011
860.0012
860.0014
860.0012
860.0012
860.0014
860.0012
860.0012
860.0014
860.0011
860.0012
860.0014
860.0011
860.0012
860.0014
860.0012
860.0012
860.0014
860.0011
860.0012
860.0014
860.0012
860.0012
860.0014
860.0011
860.0012
860.0014
860.0011
860.0012
860.0014
860.0012
860.0012
860.0014
860.0012
860.0012
860.0014
860.0011
860.0012
860.0014
860.0012
860.0012
860.0014
860.0012
860.0012
860.0014
860.0011
860.0012
860.0014
860.0012
860.0012
860.0014
860.0011
860.0012
860.0014
860.0011
860.0012
860.0014
860.0011
860.0012
860.0014
860.0012
860.0012
860.0014
860.0011
860.0012
860.0014
860.0012
860.0012
860.0014
860.0012
860.0012
860.0014
860.0011
860.0012
860.0014
860.0011
860.0012
860.0014
860.0012
860.0012
860.0014
860.0012
860.0012
860.0014
860.0011
860.0012
860.0014
860.0012
860.0012
860.0014
860.0012
860.0012
860.0014
860.0011
860.0012
860.0014
860.0011
860.0012
860.0014
860.0011
860.0012
860.0014
860.0012
860.0012
860.0014
860.0011
860.0012
860.0014
860.0012
860.0012
860.0014
860.0012
860.0012
860.0014
860.0011
860.0012
860.0014
860.0011
860.0012
860.0014
860.0011
860.0012
860.0014
860.0011
860.0012
860.0014
860.0011
860.0012
860.0014
860.0012
860.0012
860.0014
860.0011
860.0012
860.0014
860.0011
860.0012
860.0014
860.0012
860.0012
860.0014
860.0011
860.0012
860.0014
860.0011
860.0012
860.0014
860.0011
860.0012
860.0014
860.0011
860.0012
860.0014
860.0012
860.0012
860.0014
860.0012
860.0012
860.0014
860.0011
860.0012
860.0014
860.0012
860.0012
860.0014
860.0011
860.0012
860.0014
860.0011
860.0012
860.0014
860.0012
860.0012
860.0014
860.0011
860.0012
860.0014
860.0011
860.0012
860.0014
860.0011
860.0012
860.0014
860.0012
860.0012
860.0014
860.0011
860.0012
860.0014
860.0012
860.0012
860.0014
860.0011
860.0012
860.0014
860.0011
860.0012
860.0014
860.0012
860.0012
860.0014
860.0012
860.0012
860.0014
860.0011
860.0012
860.0014
860.0012
860.0012
860.0014
860.0011
860.0012
860.0014
860.0011
860.0012
860.0014
860.0012
860.0012
860.0014
860.0011
860.0012
860.0014
860.0011
860.0012
860.0014
860.0011
860.0012
860.0014
860.0012
860.0012
860.0014
860.0012
860.0012
860.0014
860.0011
860.0012
860.0014
860.0012
860.0012
860.0014
860.0011
860.0012
860.0014
860.0011
860.0012
860.0014
860.0012
860.0012
860.0014
860.0012
860.0012
860.0014
860.0011
860.0012
860.0014
860.0012
860.0012
860.0014
860.0011
860.0012
860.0014
860.0011
860.0012
860.0014
860.0012
860.0012
860.0014
860.0012
860.0012
860.0014
860.0011
860.0012
860.0014
860.0011
860.0012
860.0014
860.0012
860.0012
860.0014
860.0012
860.0012
860.0014
860.0011
860.0012
860.0014
860.0012
860.0012
860.0014
860.0011
860.0012
860.0014
860.0011
860.0012
860.0014
860.0012
860.0012
860.0014
860.0011
860.0012
860.0014
860.0012
860.0012
860.0014
860.0012
860.0012
860.0014
860.0013
860.0012
860.0014
860.0013
860.0012
860.0014
860.0013
860.0012
860.0014
860.0013
860.0012
860.0014
860.0013
860.0012
860.0014
860.0012
860.0012
860.0014
860.0013
860.0012
860.0014
860.0012
860.0012
860.0014
860.0013
860.0012
860.0014
860.0013
860.0012
860.0014
860.0013
860.0012
860.0014
860.0013
860.0012
860.0014
860.0013
860.0012
860.0014
860.0013
860.0012
860.0014
860.0013
860.0012
860.0014
860.0013
860.0012
860.0014
860.0012
860.0012
860.0014
860.0013
860.0012
860.0014
860.0012
860.0012
860.0014
860.0013
860.0012
860.0014
860.0013
860.0012
860.0014
860.0013
860.0012
860.0014
860.0013
860.0012
860.0014
860.0013
860.0012
860.0014
860.0013
860.0012
860.0014
860.0013
860.0012
860.0014
860.0013
860.0012
860.0014
860.0012
860.0012
860.0014
860.0013
860.0012
860.0014
860.0013
860.0012
860.0014
860.0013
860.0012
860.0014
860.0012
860.0012
860.0014
860.0013
860.0012
860.0014
860.0013
860.0012
860.0014
860.0013
860.0012
860.0014
860.0013
860.0012
860.0014
860.0013
860.0012
860.0014
860.0012
860.0012
860.0014
860.0012
860.0012
860.0014
860.0012
860.0012
860.0014
860.0012
860.0012
860.0014
860.0012
860.0012
860.0014
860.0013
860.0012
860.0014
860.0012
860.0012
860.0014
860.0012
860.0012
860.0014
860.0012
860.0012
860.0014
860.0012
860.0012
860.0014
860.0012
860.0012
860.0014
860.0012
860.0012
860.0014
860.0012
860.0012
860.0014
860.0012
860.0012
860.0014
860.0013
860.0012
860.0014
860.0012
860.0012
860.0014
860.0012
860.0012
860.0014
860.0013
860.0012
860.0014
860.0012
860.0012
860.0014
860.0012
860.0012
860.0014
860.0012
860.0012
860.0014
860.0012
860.0012
860.0014
860.0012
860.0012
860.0014
860.0012
860.0012
860.0014
860.0012
860.0012
860.0014
860.0012
860.0012
860.0014
860.0013
860.0012
860.0014
860.0012
860.0012
860.0014
860.0012
860.0012
860.0014
860.0012
860.0012
860.0014
860.0012
860.0012
860.0014
860.0012
860.0012
860.0014
860.0012
860.0012
860.0014
860.0012
860.0012
860.0014
860.0013
860.0012
860.0014
860.0012
860.0012
860.0014
860.0012
860.0012
860.0014
860.0011
860.0012
860.0014
860.0012
860.0012
860.0014
860.0011
860.0012
860.0014
860.0012
860.0012
860.0014
860.0012
860.0012
860.0014
860.0011
860.0012
860.0014
860.0011
860.0012
860.0014
860.0012
860.0012
860.0014
860.0012
860.0012
860.0014
860.0012
860.0012
860.0014
860.0012
860.0012
860.0014
860.0012
860.0012
860.0014
860.0011
860.0012
860.0014
860.0012
860.0012
860.0014
860.0011
860.0012
860.0014
860.0012
860.0012
860.0014
860.0012
860.0012
860.0014
860.0012
860.0012
860.0014
860.0012
860.0012
860.0014
860.0011
860.0012
860.0014
860.0011
860.0012
860.0014
860.0012
860.0012
860.0014
860.0011
860.0012
860.0014
860.0011
860.0012
860.0014
860.0012
860.0012
860.0014
860.0012
860.0012
860.0014
860.0012
860.0012
860.0014
860.0012
860.0012
860.0014
860.0012
860.0012
860.0014
860.0011
860.0012
860.0014
860.0012
860.0012
860.0014
860.0011
860.0012
860.0014
860.0012
860.0012
860.0014
860.0012
860.0012
860.0014
860.0012
860.0012
860.0014
860.0011
860.0012
860.0014
860.0012
860.0012
860.0014
860.0012
860.0012
860.0014
860.0012
860.0012
860.0014
860.0011
860.0012
860.0014
860.0012
860.0012
860.0014
860.0012
860.0012
860.0014
860.0012
860.0012
860.0014
860.0012
860.0012
860.0014
860.0011
860.0012
860.0014
860.0011
860.0012
860.0014
860.0012
860.0012
860.0014
860.0012
860.0012
860.0014
860.0012
860.0012
860.0014
860.0011
860.0012
860.0014
860.0012
860.0012
860.0014
860.0011
860.0012
860.0014
860.0012
860.0012
860.0014
860.0012
860.0012
860.0014
860.0011
860.0012
860.0014
860.0011
860.0012
860.0014
860.0012
860.0012
860.0014
860.0012
860.0012
860.0014
860.0012
860.0012
860.0014
860.0012
860.0012
860.0014
860.0011
860.0012
860.0014
860.0012
860.0012
860.0014
860.0011
860.0012
860.0014
860.0012
860.0012
860.0014
860.0012
860.0012
860.0014
860.0011
860.0012
860.0014
860.0012
860.0012
860.0014
860.0012
860.0012
860.0014
860.0012
860.0012
860.0014
860.0011
860.0012
860.0014
860.0013
860.0012
860.0014
860.0012
860.0012
860.0014
860.0012
860.0012
860.0014
860.0012
860.0012
860.0014
860.0012
860.0012
860.0014
860.0012
860.0012
860.0014
860.0012
860.0012
860.0014
860.0012
860.0012
860.0014
860.0013
860.0012
860.0014
860.0012
860.0012
860.0014
860.0012
860.0012
860.0014
860.0012
860.0012
860.0014
860.0012
860.0012
860.0014
860.0013
860.0012
860.0014
860.0012
860.0012
860.0014
860.0012
860.0012
860.0014
860.0012
860.0012
860.0014
860.0012
860.0012
860.0014
860.0013
860.0012
860.0014
860.0012
860.0012
860.0014
860.0012
860.0012
860.0014
860.0012
860.0012
860.0014
860.0012
860.0012
860.0014
860.0012
860.0012
860.0014
860.0012
860.0012
860.0014
860.0012
860.0012
860.0014
860.0012
860.0012
860.0014
860.0013
860.0012
860.0014
860.0012
860.0012
860.0014
860.0012
860.0012
860.0014
860.0012
860.0012
860.0014
860.0012
860.0012
860.0014
860.0012
860.0012
860.0014
860.0013
860.0012
860.0014
860.0012
860.0012
860.0014
860.0012
860.0012
860.0014
860.0014
860.0012
860.0014
860.0014
860.0012
860.0014
860.0014
860.0012
860.0014
860.0014
860.0012
860.0014
860.0014
860.0012
860.0014
860.0014
860.0012
860.0014
860.0014
860.0012
860.0014
860.0014
860.0012
860.0014
860.0014
860.0012
860.0014
860.0014
860.0012
860.0014
860.0014
860.0012
860.0014
860.0014
860.0012
860.0014
860.0014
860.0012
860.0014
860.0014
860.0012
860.0014
860.0014
860.0012
860.0014
860.0014
860.0012
860.0014
860.0014
860.0012
860.0014
860.0014
860.0012
860.0014
860.0014
860.0012
860.0014
860.0014
860.0012
860.0014
860.0014
860.0012
860.0014
860.0014
860.0012
860.0014
860.0014
860.0012
860.0014
860.0014
860.0012
860.0014
860.0014
860.0012
860.0014
860.0014
860.0012
860.0014
860.0014
860.0012
860.0014
860.0014
860.0012
860.0014
860.0014
860.0012
860.0014
860.0014
860.0012
860.0014
860.0014
860.0012
860.0014
860.0014
860.0012
860.0014
860.0014
860.0012
860.0014
860.0014
860.0012
860.0014
860.0014
860.0012
860.0014
860.0014
860.0012
860.0014
860.0015
860.0012
860.0014
860.0015
860.0012
860.0014
860.0015
860.0012
860.0014
860.0015
860.0012
860.0014
860.0015
860.0012
860.0014
860.0015
860.0012
860.0014
860.0015
860.0012
860.0014
860.0015
860.0012
860.0014
860.0015
860.0012
860.0014
860.0015
860.0012
860.0014
860.0015
860.0012
860.0014
860.0015
860.0012
860.0014
860.0015
860.0012
860.0014
860.0015
860.0012
860.0014
860.0015
860.0012
860.0014
860.0015
860.0012
860.0014
860.0015
860.0012
860.0014
860.0015
860.0012
860.0014
860.0015
860.0012
860.0014
860.0015
860.0012
860.0014
860.0015
860.0012
860.0014
860.0015
860.0012
860.0014
860.0015
860.0012
860.0014
860.0015
860.0012
860.0014
860.0015
860.0012
860.0014
860.0015
860.0012
860.0014
860.0015
860.0012
860.0014
860.0015
860.0012
860.0014
860.0015
860.0012
860.0014
860.0015
860.0012
860.0014
860.0015
860.0012
860.0014
860.0015
860.0012
860.0014
860.0015
860.0012
860.0014
860.0015
860.0012
860.0014
860.0015
860.0012
860.0014
860.0015
860.0012
860.0014
860.0014
860.0012
860.0014
860.0013
860.0012
860.0014
860.0014
860.0012
860.0014
860.0013
860.0012
860.0014
860.0013
860.0012
860.0014
860.0013
860.0012
860.0014
860.0013
860.0012
860.0014
860.0013
860.0012
860.0014
860.0014
860.0012
860.0014
860.0013
860.0012
860.0014
860.0013
860.0012
860.0014
860.0014
860.0012
860.0014
860.0014
860.0012
860.0014
860.0014
860.0012
860.0014
860.0013
860.0012
860.0014
860.0013
860.0012
860.0014
860.0013
860.0012
860.0014
860.0013
860.0012
860.0014
860.0013
860.0012
860.0014
860.0014
860.0012
860.0014
860.0014
860.0012
860.0014
860.0013
860.0012
860.0014
860.0013
860.0012
860.0014
860.0013
860.0012
860.0014
860.0013
860.0012
860.0014
860.0013
860.0012
860.0014
860.0013
860.0012
860.0014
860.0013
860.0012
860.0014
860.0014
860.0012
860.0014
860.0014
860.0012
860.0014
860.0013
860.0012
860.0014
860.0013
860.0012
860.0014
860.0013
860.0012
860.0014
860.0013
860.0012
860.0014
860.0014
860.0012
860.0014
860.0014
860.0012
860.0014
860.0013
860.0012
860.0014
860.0014
860.0012
860.0014
860.0014
860.0012
860.0014
860.0012
860.0012
860.0014
860.0012
860.0012
860.0014
860.0013
860.0012
860.0014
860.0014
860.0012
860.0014
860.0013
860.0012
860.0014
860.0012
860.0012
860.0014
860.0013
860.0012
860.0014
860.0014
860.0012
860.0014
860.0012
860.0012
860.0014
860.0012
860.0012
860.0014
860.0012
860.0012
860.0014
860.0013
860.0012
860.0014
860.0013
860.0012
860.0014
860.0014
860.0012
860.0014
860.0014
860.0012
860.0014
860.0014
860.0012
860.0014
860.0013
860.0012
860.0014
860.0014
860.0012
860.0014
860.0013
860.0012
860.0014
860.0012
860.0012
860.0014
860.0012
860.0012
860.0014
860.0014
860.0012
860.0014
860.0012
860.0012
860.0014
860.0013
860.0012
860.0014
860.0012
860.0012
860.0014
860.0013
860.0012
860.0014
860.0014
860.0012
860.0014
860.0014
860.0012
860.0014
860.0014
860.0012
860.0014
860.0013
860.0012
860.0014
860.0013
860.0012
860.0014
860.0012
860.0012
860.0014
860.0012
860.0012
860.0014
860.0013
860.0012
860.0014
860.0013
860.0012
860.0014
860.0014
860.0012
860.0014
860.0013
860.0012
860.0014
860.0014
860.0012
860.0014
860.0013
860.0012
860.0014
860.0013
860.0012
860.0014
860.0013
860.0012
860.0014
860.0014
860.0012
860.0014
860.0013
860.0012
860.0014
860.0014
860.0012
860.0014
860.0013
860.0012
860.0014
860.0014
860.0012
860.0014
860.0014
860.0012
860.0014
860.0013
860.0012
860.0014
860.0013
860.0012
860.0014
860.0013
860.0012
860.0014
860.0013
860.0012
860.0014
860.0013
860.0012
860.0014
860.0013
860.0012
860.0014
860.0014
860.0012
860.0014
860.0013
860.0012
860.0014
860.0013
860.0012
860.0014
860.0014
860.0012
860.0014
860.0013
860.0012
860.0014
860.0013
860.0012
860.0014
860.0013
860.0012
860.0014
860.0014
860.0012
860.0014
860.0013
860.0012
860.0014
860.0014
860.0012
860.0014
860.0013
860.0012
860.0014
860.0013
860.0012
860.0014
860.0013
860.0012
860.0014
860.0014
860.0012
860.0014
860.0014
860.0012
860.0014
860.0013
860.0012
860.0014
860.0015
860.0012
860.0014
860.0015
860.0012
860.0014
860.0015
860.0012
860.0014
860.0015
860.0012
860.0014
860.0015
860.0012
860.0014
860.0015
860.0012
860.0014
860.0015
860.0012
860.0014
860.0015
860.0012
860.0014
860.0015
860.0012
860.0014
860.0015
860.0012
860.0014
860.0015
860.0012
860.0014
860.0015
860.0012
860.0014
860.0015
860.0012
860.0014
860.0015
860.0012
860.0014
860.0015
860.0012
860.0014
860.0015
860.0012
860.0014
860.0015
860.0012
860.0014
860.0015
860.0012
860.0014
860.0015
860.0012
860.0014
860.0015
860.0012
860.0014
860.0015
860.0012
860.0014
860.0015
860.0012
860.0014
860.0015
860.0012
860.0014
860.0015
860.0012
860.0014
860.0015
860.0012
860.0014
860.0015
860.0012
860.0014
860.0015
860.0012
860.0014
860.0015
860.0012
860.0014
860.0015
860.0012
860.0014
860.0015
860.0012
860.0014
860.0015
860.0012
860.0014
860.0015
860.0012
860.0014
860.0015
860.0012
860.0014
860.0015
860.0012
860.0014
860.0015
860.0012
860.0014
860.0015
860.0012
860.0014
860.0015
860.0012
860.0014
860.0015
860.0012
860.0014
860.0015
860.0012
860.0014
860.0015
860.0012
860.0014
860.0015
860.0012
860.0014
860.0015
860.0012
860.0014
860.0015
860.0012
860.0014
860.0015
860.0012
860.0014
860.0015
860.0012
860.0014
860.0015
860.0012
860.0014
860.0015
860.0012
860.0014
860.0015
860.0012
860.0014
860.0015
860.0012
860.0014
860.0015
860.0012
860.0014
860.0015
860.0012
860.0014
860.0015
860.0012
860.0014
860.0015
860.0012
860.0014
860.0015
860.0012
860.0014
860.0015
860.0012
860.0014
860.0015
860.0012
860.0014
860.0015
860.0012
860.0014
860.0015
860.0012
860.0014
860.0015
860.0012
860.0014
860.0015
860.0012
860.0014
860.0015
860.0012
860.0014
860.0015
860.0012
860.0014
860.0015
860.0012
860.0014
860.0015
860.0012
860.0014
860.0015
860.0012
860.0014
860.0015
860.0012
860.0014
860.0015
860.0012
860.0014
860.0015
860.0012
860.0014
860.0015
860.0012
860.0014
860.0015
860.0012
860.0014
860.0015
860.0012
860.0014
860.0015
860.0012
860.0014
860.0015
860.0012
860.0014
860.0015
860.0012
860.0014
860.0015
860.0012
860.0014
860.0015
860.0012
860.0014
860.0015
860.0012
860.0014
860.0015
860.0012
860.0014
860.0015
860.0012
860.0014
860.0015
860.0012
860.0014
860.0015
860.0012
860.0014
860.0015
860.0012
860.0014
860.0015
860.0012
860.0014
860.0015
860.0012
860.0014
860.0015
860.0012
860.0014
860.0015
860.0012
860.0014
860.0015
860.0012
860.0014
860.0015
860.0012
860.0014
860.0015
860.0012
860.0014
860.0015
860.0012
860.0014
860.0015
860.0012
860.0014
860.0015
860.0012
860.0014
860.0015
860.0012
860.0014
860.0015
860.0012
860.0014
860.0015
860.0012
860.0014
860.0015
860.0012
860.0014
860.0015
860.0012
860.0014
860.0015
860.0012
860.0014
860.0015
860.0012
860.0014
860.0015
860.0012
860.0014
860.0015
860.0012
860.0014
860.0015
860.0012
860.0014
860.0015
860.0012
860.0014
860.0015
860.0012
860.0014
860.0015
860.0012
860.0014
860.0015
860.0012
860.0014
860.0015
860.0012
860.0014
860.0015
860.0012
860.0014
860.0015
860.0012
860.0014
860.0015
860.0012
860.0014
860.0015
860.0012
860.0014
860.0015
860.0012
860.0014
860.0015
860.0012
860.0014
860.0015
860.0012
860.0014
860.0015
860.0012
860.0014
860.0015
860.0012
860.0014
860.0015
860.0012
860.0014
860.0015
860.0012
860.0014
860.0015
860.0012
860.0014
860.0015
860.0012
860.0014
860.0015
860.0012
860.0014
860.0015
860.0012
860.0014
860.0015
860.0012
860.0014
860.0015
860.0012
860.0014
860.0015
860.0012
860.0014
860.0015
860.0012
860.0014
860.0015
860.0012
860.0014
860.0015
860.0012
860.0014
860.0015
860.0012
860.0014
860.0015
860.0012
860.0014
860.0015
860.0012
860.0014
860.0015
860.0012
860.0014
860.0015
860.0012
860.0014
860.0015
860.0012
860.0014
860.0015
860.0012
860.0014
860.0015
860.0012
860.0014
860.0015
860.0012
860.0014
860.0015
860.0012
860.0014
860.0015
860.0012
860.0014
860.0015
860.0012
860.0014
860.0015
860.0012
860.0014
860.0015
860.0012
860.0014
860.0015
860.0012
860.0014
860.0015
860.0012
860.0014
860.0015
860.0012
860.0014
860.0015
860.0012
860.0014
860.0015
860.0012
860.0014
860.0015
860.0012
860.0014
860.0015
860.0012
860.0014
860.0015
860.0012
860.0014
860.0015
860.0012
860.0014
860.0015
860.0012
860.0014
860.0015
860.0012
860.0014
860.0015
860.0012
860.0014
860.0015
860.0012
860.0014
860.0015
860.0012
860.0014
860.0015
860.0012
860.0014
860.0015
860.0012
860.0014
860.0015
860.0012
860.0014
860.0015
860.0012
860.0014
860.0015
860.0012
860.0014
860.0015
860.0012
860.0014
860.0015
860.0012
860.0014
860.0015
860.0012
860.0014
860.0015
860.0012
860.0014
860.0015
860.0012
860.0014
860.0015
860.0012
860.0014
860.0015
860.0012
860.0014
860.0015
860.0012
860.0014
860.0015
860.0012
860.0014
860.0015
860.0012
860.0014
860.0015
860.0012
860.0014
860.0015
860.0012
860.0014
860.0015
860.0012
860.0014
860.0015
860.0012
860.0014
860.0015
860.0012
860.0014
860.0015
860.0012
860.0014
860.0015
860.0012
860.0014
860.0015
860.0012
860.0014
860.0015
860.0012
860.0014
860.0015
860.0012
860.0014
860.0015
860.0012
860.0014
860.0015
860.0012
860.0014
860.0015
860.0012
860.0014
860.0015
860.0012
860.0014
860.0015
860.0012
860.0014
860.0015
860.0012
860.0014
860.0015
860.0012
860.0014
860.0015
860.0012
860.0014
860.0015
860.0012
860.0014
860.0015
860.0012
860.0014
860.0015
860.0012
860.0014
860.0015
860.0012
860.0014
860.0015
860.0012
860.0014
860.0015
860.0012
860.0014
860.0015
860.0012
860.0014
860.0015
860.0012
860.0014
860.0015
860.0012
860.0014
860.0015
860.0012
860.0014
860.0015
860.0012
860.0014
860.0015
860.0012
860.0014
860.0015
860.0012
860.0014
860.0015
860.0012
860.0014
860.0015
860.0012
860.0014
860.0015
860.0012
860.0014
860.0015
860.0012
860.0014
860.0015
860.0012
860.0014
860.0015
860.0012
860.0014
860.0015
860.0012
860.0014
860.0015
860.0012
860.0014
860.0015
860.0012
860.0014
860.0015
860.0012
860.0014
860.0015
860.0012
860.0014
860.0015
860.0012
860.0014
860.0015
860.0012
860.0014
860.0015
860.0012
860.0014
860.0015
860.0012
860.0014
860.0015
860.0012
860.0014
860.0015
860.0012
860.0014
860.0015
860.0012
860.0014
860.0015
860.0012
860.0014
860.0015
860.0012
860.0014
860.0015
860.0012
860.0014
860.0015
860.0012
860.0014
860.0015
860.0012
860.0014
860.0015
860.0012
860.0014
860.0015
860.0012
860.0014
860.0015
860.0012
860.0014
860.0015
860.0012
860.0014
860.0015
860.0012
860.0014
860.0015
860.0012
860.0014
860.0015
860.0012
860.0014
860.0015
860.0012
860.0014
860.0015
860.0012
860.0014
860.0015
860.0012
860.0014
860.0015
860.0012
860.0014
860.0015
860.0012
860.0014
860.0015
860.0012
860.0014
860.0015
860.0012
860.0014
860.0015
860.0012
860.0014
860.0015
860.0012
860.0014
860.0015
860.0012
860.0014
860.0015
860.0012
860.0014
860.0015
860.0012
860.0014
860.0015
860.0012
860.0014
860.0015
860.0012
860.0014
860.0015
860.0012
860.0014
860.0015
860.0012
860.0014
860.0015
860.0012
860.0014
860.0015
860.0012
860.0014
860.0015
860.0012
860.0014
860.0015
860.0012
860.0014
860.0015
860.0012
860.0014
860.0015
860.0012
860.0014
860.0015
860.0012
860.0014
860.0015
860.0012
860.0014
860.0015
860.0012
860.0014
860.0015
860.0012
860.0014
860.0015
860.0012
860.0014
860.0015
860.0012
860.0014
860.0015
860.0012
860.0014
860.0015
860.0012
860.0014
860.0015
860.0012
860.0014
860.0015
860.0012
860.0014
860.0015
860.0012
860.0014
860.0015
860.0012
860.0014
860.0015
860.0012
860.0014
860.0015
860.0012
860.0014
860.0015
860.0012
860.0014
860.0015
860.0012
860.0014
860.0015
860.0012
860.0014
860.0015
860.0012
860.0014
860.0015
860.0012
860.0014
860.0015
860.0012
860.0014
860.0015
860.0012
860.0014
860.0015
860.0012
860.0014
860.0015
860.0012
860.0014
860.0015
860.0012
860.0014
860.0015
860.0012
860.0014
860.0015
860.0012
860.0014
860.0015
860.0012
860.0014
860.0015
860.0012
860.0014
860.0015
860.0012
860.0014
860.0015
860.0012
860.0014
860.0015
860.0012
860.0014
860.0015
860.0012
860.0014
860.0015
860.0012
860.0014
860.0015
860.0007
860.0008
860.001
860.0007
860.0008
860.001
860.0007
860.0008
860.001
860.0007
860.0008
860.001
860.0007
860.0008
860.001
860.0007
860.0008
860.001
860.0007
860.0008
860.001
860.0007
860.0008
860.001
860.0007
860.0008
860.001
860.0007
860.0008
860.001
860.0007
860.0008
860.001
860.0007
860.0008
860.001
860.0007
860.0008
860.001
860.0007
860.0008
860.001
860.0007
860.0008
860.001
860.0007
860.0008
860.001
860.0007
860.0008
860.001
860.0007
860.0008
860.001
860.0007
860.0008
860.001
860.0007
860.0008
860.001
860.0007
860.0008
860.001
860.0007
860.0008
860.001
860.0007
860.0008
860.001
860.0007
860.0008
860.001
860.0007
860.0008
860.001
860.0007
860.0008
860.001
860.0007
860.0008
860.001
860.0007
860.0008
860.001
860.0007
860.0008
860.001
860.0007
860.0008
860.001
860.0007
860.0008
860.001
860.0007
860.0008
860.001
860.0007
860.0008
860.001
860.0007
860.0008
860.001
860.0007
860.0008
860.001
860.0007
860.0008
860.001
860.0007
860.0008
860.001
860.0007
860.0008
860.001
860.0007
860.0008
860.001
860.0007
860.0008
860.001
860.0007
860.0008
860.001
860.0007
860.0008
860.001
860.0007
860.0008
860.001
860.0007
860.0008
860.001
860.0007
860.0008
860.001
860.0007
860.0008
860.001
860.0007
860.0008
860.001
860.0007
860.0008
860.001
860.0007
860.0008
860.001
860.0007
860.0008
860.001
860.0007
860.0008
860.001
860.0007
860.0008
860.001
860.0007
860.0008
860.001
860.0007
860.0008
860.001
860.0007
860.0008
860.001
860.0007
860.0008
860.001
860.0007
860.0008
860.001
860.0007
860.0008
860.001
860.0007
860.0008
860.001
860.0007
860.0008
860.001
860.0007
860.0008
860.001
860.0007
860.0008
860.001
860.0007
860.0008
860.001
860.0007
860.0008
860.001
860.0007
860.0008
860.001
860.0007
860.0008
860.001
860.0007
860.0008
860.001
860.0007
860.0008
860.001
860.0007
860.0008
860.001
860.0007
860.0008
860.001
860.0007
860.0008
860.001
860.0007
860.0008
860.001
860.0007
860.0008
860.001
860.0007
860.0008
860.001
860.0007
860.0008
860.001
860.0007
860.0008
860.001
860.0007
860.0008
860.001
860.0007
860.0008
860.001
860.0007
860.0008
860.001
860.0007
860.0008
860.001
860.0007
860.0008
860.001
860.0007
860.0008
860.001
860.0007
860.0008
860.001
860.0007
860.0008
860.001
860.0007
860.0008
860.001
860.0007
860.0008
860.001
860.0007
860.0008
860.001
860.0007
860.0008
860.001
860.0007
860.0008
860.001
860.0007
860.0008
860.001
860.0007
860.0008
860.001
860.0007
860.0008
860.001
860.0007
860.0008
860.001
860.0007
860.0008
860.001
860.0007
860.0008
860.001
860.0007
860.0008
860.001
860.0007
860.0008
860.001
860.0007
860.0008
860.001
860.0007
860.0008
860.001
860.0007
860.0008
860.001
860.0007
860.0008
860.001
860.0007
860.0008
860.001
860.0007
860.0008
860.001
860.0007
860.0008
860.001
860.0007
860.0008
860.001
860.0007
860.0008
860.001
860.0007
860.0008
860.001
860.0007
860.0008
860.001
860.0007
860.0008
860.001
860.0007
860.0008
860.001
860.0007
860.0008
860.001
860.0007
860.0008
860.001
860.0007
860.0008
860.001
860.0007
860.0008
860.001
860.0007
860.0008
860.001
860.0007
860.0008
860.001
860.0007
860.0008
860.001
860.0007
860.0008
860.001
860.0007
860.0008
860.001
860.0007
860.0008
860.001
860.0007
860.0008
860.001
860.0007
860.0008
860.001
860.0007
860.0008
860.001
860.0007
860.0008
860.001
860.0007
860.0008
860.001
860.0007
860.0008
860.001
860.0007
860.0008
860.001
860.0007
860.0008
860.001
860.0007
860.0008
860.001
860.0007
860.0008
860.001
860.0007
860.0008
860.001
860.0007
860.0008
860.001
860.0007
860.0008
860.001
860.0007
860.0008
860.001
860.0007
860.0008
860.001
860.0007
860.0008
860.001
860.0007
860.0008
860.001
860.0007
860.0008
860.001
860.0007
860.0008
860.001
860.0007
860.0008
860.001
860.0007
860.0008
860.001
860.0007
860.0008
860.001
860.0007
860.0008
860.001
860.0007
860.0008
860.001
860.0007
860.0008
860.001
860.0007
860.0008
860.001
860.0007
860.0008
860.001
860.0007
860.0008
860.001
860.0007
860.0008
860.001
860.0007
860.0008
860.001
860.0007
860.0008
860.001
860.0007
860.0008
860.001
860.0007
860.0008
860.001
860.0007
860.0008
860.001
860.0007
860.0008
860.001
860.0007
860.0008
860.001
860.0007
860.0008
860.001
860.0007
860.0008
860.001
860.0007
860.0008
860.001
860.0007
860.0008
860.001
860.0007
860.0008
860.001
860.0007
860.0008
860.001
860.0007
860.0008
860.001
860.0007
860.0008
860.001
860.0007
860.0008
860.001
860.0007
860.0008
860.001
860.0007
860.0008
860.001
860.0007
860.0008
860.001
860.0007
860.0008
860.001
860.0007
860.0008
860.001
860.0007
860.0008
860.001
860.0007
860.0008
860.001
860.0007
860.0008
860.001
860.0007
860.0008
860.001
860.0007
860.0008
860.001
860.0007
860.0008
860.001
860.0007
860.0008
860.001
860.0007
860.0008
860.001
860.0007
860.0008
860.001
860.0007
860.0008
860.001
860.0007
860.0008
860.001
860.0007
860.0008
860.001
860.0007
860.0008
860.001
860.0007
860.0008
860.001
860.0007
860.0008
860.001
860.0007
860.0008
860.001
860.0007
860.0008
860.001
860.0007
860.0008
860.001
860.0007
860.0008
860.001
860.0007
860.0008
860.001
860.0007
860.0008
860.001
860.0007
860.0008
860.001
860.0007
860.0008
860.001
860.0007
860.0008
860.001
860.0007
860.0008
860.001
860.0007
860.0008
860.001
860.0007
860.0008
860.001
860.0007
860.0008
860.001
860.0007
860.0008
860.001
860.0007
860.0008
860.001
860.0007
860.0008
860.001
860.0007
860.0008
860.001
860.0007
860.0008
860.001
860.0007
860.0008
860.001
860.0007
860.0008
860.001
860.0007
860.0008
860.001
860.0007
860.0008
860.001
860.0007
860.0008
860.001
860.0007
860.0008
860.001
860.0007
860.0008
860.001
860.0007
860.0008
860.001
860.0007
860.0008
860.001
860.0007
860.0008
860.001
860.0007
860.0008
860.001
860.0007
860.0008
860.001
860.0007
860.0008
860.001
860.0007
860.0008
860.001
860.0007
860.0008
860.001
860.0007
860.0008
860.001
860.0007
860.0008
860.001
860.0007
860.0008
860.001
860.0007
860.0008
860.001
860.0007
860.0008
860.001
860.0007
860.0008
860.001
860.0007
860.0008
860.001
860.0007
860.0008
860.001
860.0007
860.0008
860.001
860.0007
860.0008
860.001
860.0007
860.0008
860.001
860.0007
860.0008
860.001
860.0007
860.0008
860.001
860.0007
860.0008
860.001
860.0007
860.0008
860.001
860.0007
860.0008
860.001
860.0007
860.0008
860.001
860.0007
860.0008
860.001
860.0007
860.0008
860.001
860.0007
860.0008
860.001
860.0007
860.0008
860.001
860.0007
860.0008
860.001
860.0007
860.0008
860.001
860.0007
860.0008
860.001
860.0007
860.0008
860.001
860.0007
860.0008
860.001
860.0007
860.0008
860.001
860.0007
860.0008
860.001
860.0007
860.0008
860.001
860.0007
860.0008
860.001
860.0007
860.0008
860.001
860.0007
860.0008
860.001
860.0007
860.0008
860.001
860.0007
860.0008
860.001
860.0007
860.0008
860.001
860.0007
860.0008
860.001
860.0007
860.0008
860.001
860.0007
860.0008
860.001
860.0007
860.0008
860.001
860.0007
860.0008
860.001
860.0007
860.0008
860.001
860.0007
860.0008
860.001
860.0007
860.0008
860.001
860.0007
860.0008
860.001
860.0007
860.0008
860.001
860.0007
860.0008
860.001
860.0007
860.0008
860.001
860.0007
860.0008
860.001
860.0007
860.0008
860.001
860.0007
860.0008
860.001
860.0007
860.0008
860.001
860.0007
860.0008
860.001
860.0007
860.0008
860.001
860.0007
860.0008
860.001
860.0007
860.0008
860.001
860.0007
860.0008
860.001
860.0007
860.0008
860.001
860.0007
860.0008
860.001
860.0007
860.0008
860.001
860.0007
860.0008
860.001
860.0007
860.0008
860.001
860.0007
860.0008
860.001
860.0007
860.0008
860.001
860.0007
860.0008
860.001
860.0007
860.0008
860.001
860.0007
860.0008
860.001
860.0007
860.0008
860.001
860.0007
860.0008
860.001
860.0007
860.0008
860.001
860.0007
860.0008
860.001
860.0007
860.0008
860.001
860.0007
860.0008
860.001
860.0007
860.0008
860.001
860.0007
860.0008
860.001
860.0007
860.0008
860.001
860.0007
860.0008
860.001
860.0007
860.0008
860.001
860.0007
860.0008
860.001
860.0007
860.0008
860.001
860.0007
860.0008
860.001
860.0007
860.0008
860.001
860.0007
860.0008
860.001
860.0007
860.0008
860.001
860.0007
860.0008
860.001
860.0007
860.0008
860.001
860.0007
860.0008
860.001
860.0007
860.0008
860.001
860.0007
860.0008
860.001
860.0007
860.0008
860.001
860.0007
860.0008
860.001
860.0007
860.0008
860.001
860.0007
860.0008
860.001
860.0007
860.0008
860.001
860.0007
860.0008
860.001
860.0007
860.0008
860.001
860.0007
860.0008
860.001
860.0007
860.0008
860.001
860.0007
860.0008
860.001
860.0007
860.0008
860.001
860.0007
860.0008
860.001
860.0007
860.0008
860.001
860.0007
860.0008
860.001
860.0007
860.0008
860.001
860.0007
860.0008
860.001
860.0007
860.0008
860.001
860.0007
860.0008
860.001
860.0007
860.0008
860.001
860.0007
860.0008
860.001
860.0007
860.0008
860.001
860.0007
860.0008
860.001
860.0007
860.0008
860.001
860.0007
860.0008
860.001
860.0007
860.0008
860.001
860.0007
860.0008
860.001
860.0007
860.0008
860.001
860.0007
860.0008
860.001
860.0007
860.0008
860.001
860.0007
860.0008
860.001
860.0007
860.0008
860.001
860.0007
860.0008
860.001
860.0007
860.0008
860.001
860.0007
860.0008
860.001
860.0007
860.0008
860.001
860.0007
860.0008
860.001
860.0007
860.0008
860.001
860.0007
860.0008
860.001
860.0007
860.0008
860.001
860.0007
860.0008
860.001
860.0007
860.0008
860.001
860.0007
860.0008
860.001
860.0007
860.0008
860.001
860.0007
860.0008
860.001
860.0007
860.0008
860.001
860.0007
860.0008
860.001
860.0007
860.0008
860.001
860.0007
860.0008
860.001
860.0007
860.0008
860.001
860.0007
860.0008
860.001
860.0007
860.0008
860.001
860.0007
860.0008
860.001
860.0007
860.0008
860.001
860.0007
860.0008
860.001
860.0007
860.0008
860.001
860.0007
860.0008
860.001
860.0007
860.0008
860.001
860.0007
860.0008
860.001
860.0007
860.0008
860.001
860.0007
860.0008
860.001
860.0007
860.0008
860.001
860.0007
860.0008
860.001
860.0007
860.0008
860.001
860.0007
860.0008
860.001
860.0007
860.0008
860.001
860.0007
860.0008
860.001
860.0007
860.0008
860.001
860.0007
860.0008
860.001
860.0007
860.0008
860.001
860.0007
860.0008
860.001
860.0007
860.0008
860.001
860.0007
860.0008
860.001
860.0007
860.0008
860.001
860.0007
860.0008
860.001
860.0007
860.0008
860.001
860.0007
860.0008
860.001
860.0007
860.0008
860.001
860.0007
860.0008
860.001
860.0007
860.0008
860.001
860.0007
860.0008
860.001
860.0007
860.0008
860.001
860.0007
860.0008
860.001
860.0007
860.0008
860.001
860.0007
860.0008
860.001
860.0007
860.0008
860.001
860.0007
860.0008
860.001
860.0007
860.0008
860.001
860.0007
860.0008
860.001
860.0007
860.0008
860.001
860.0007
860.0008
860.001
860.0007
860.0008
860.001
860.0007
860.0008
860.001
860.0007
860.0008
860.001
860.0007
860.0008
860.001
860.0007
860.0008
860.001
860.0007
860.0008
860.001
860.0007
860.0008
860.001
860.0007
860.0008
860.001
860.0007
860.0008
860.001
860.0007
860.0008
860.001
860.0007
860.0008
860.001
860.0007
860.0008
860.001
860.0007
860.0008
860.001
860.0007
860.0008
860.001
860.0007
860.0008
860.001
860.0007
860.0008
860.001
860.0007
860.0008
860.001
860.0007
860.0008
860.001
860.0007
860.0008
860.001
860.0007
860.0008
860.001
860.0007
860.0008
860.001
860.0007
860.0008
860.001
860.0007
860.0008
860.001
860.0007
860.0008
860.001
860.0007
860.0008
860.001
860.0007
860.0008
860.001
860.0007
860.0008
860.001
860.0007
860.0008
860.001
860.0007
860.0008
860.001
860.0007
860.0008
860.001
860.0007
860.0008
860.001
860.0007
860.0008
860.001
860.0007
860.0008
860.001
860.0007
860.0008
860.001
860.0007
860.0008
860.001
860.0007
860.0008
860.001
860.0007
860.0008
860.001
860.0007
860.0008
860.001
860.0007
860.0008
860.001
860.0007
860.0008
860.001
860.0007
860.0008
860.001
860.0007
860.0008
860.001
860.0007
860.0008
860.001
860.0007
860.0008
860.001
860.0007
860.0008
860.001
860.0007
860.0008
860.001
860.0007
860.0008
860.001
860.0007
860.0008
860.001
860.0007
860.0008
860.001
860.0007
860.0008
860.001
860.0007
860.0008
860.001
860.0007
860.0008
860.001
860.0007
860.0008
860.001
860.0007
860.0008
860.001
860.0007
860.0008
860.001
860.0007
860.0008
860.001
860.0007
860.0008
860.001
860.0007
860.0008
860.001
860.0007
860.0008
860.001
860.0007
860.0008
860.001
860.0007
860.0008
860.001
860.0007
860.0008
860.001
860.0007
860.0008
860.001
860.0007
860.0008
860.001
860.0007
860.0008
860.001
860.0007
860.0008
860.001
860.0007
860.0008
860.001
860.0007
860.0008
860.001
860.0007
860.0008
860.001
860.0007
860.0008
860.001
860.0007
860.0008
860.001
860.0007
860.0008
860.001
860.0007
860.0008
860.001
860.0007
860.0008
860.001
860.0007
860.0008
860.001
860.0007
860.0008
860.001
860.0007
860.0008
860.001
860.0007
860.0008
860.001
860.0007
860.0008
860.001
860.0007
860.0008
860.001
860.0007
860.0008
860.001
860.0007
860.0008
860.001
860.0007
860.0008
860.001
860.0007
860.0008
860.001
860.0007
860.0008
860.001
860.0007
860.0008
860.001
860.0007
860.0008
860.001
860.0007
860.0008
860.001
860.0007
860.0008
860.001
860.0007
860.0008
860.001
860.0007
860.0008
860.001
860.0007
860.0008
860.001
860.0007
860.0008
860.001
860.0007
860.0008
860.001
860.0007
860.0008
860.001
860.0007
860.0008
860.001
860.0007
860.0008
860.001
860.0007
860.0008
860.001
860.0007
860.0008
860.001
860.0007
860.0008
860.001
860.0007
860.0008
860.001
860.0007
860.0008
860.001
860.0007
860.0008
860.001
860.0007
860.0008
860.001
860.0007
860.0008
860.001
860.0007
860.0008
860.001
860.0007
860.0008
860.001
860.0007
860.0008
860.001
860.0007
860.0008
860.001
860.0007
860.0008
860.001
860.0007
860.0008
860.001
860.0007
860.0008
860.001
860.0007
860.0008
860.001
860.0007
860.0008
860.001
860.0007
860.0008
860.001
860.0007
860.0008
860.001
860.0007
860.0008
860.001
860.0007
860.0008
860.001
860.0007
860.0008
860.001
860.0007
860.0008
860.001
860.0007
860.0008
860.001
860.0007
860.0008
860.001
860.0007
860.0008
860.001
860.0007
860.0008
860.001
860.0007
860.0008
860.001
860.0007
860.0008
860.001
860.0007
860.0008
860.001
860.0007
860.0008
860.001
860.0007
860.0008
860.001
860.0007
860.0008
860.001
860.0007
860.0008
860.001
860.0007
860.0008
860.001
860.0007
860.0008
860.001
860.0007
860.0008
860.001
860.0007
860.0008
860.001
860.0007
860.0008
860.001
860.0007
860.0008
860.001
860.0007
860.0008
860.001
860.0007
860.0008
860.001
860.0007
860.0008
860.001
860.0007
860.0008
860.001
860.0007
860.0008
860.001
860.0007
860.0008
860.001
860.0007
860.0008
860.001
860.0007
860.0008
860.001
860.0007
860.0008
860.001
860.0007
860.0008
860.001
860.0007
860.0008
860.001
860.0007
860.0008
860.001
860.0007
860.0008
860.001
860.0007
860.0008
860.001
860.0007
860.0008
860.001
860.0007
860.0008
860.001
860.0007
860.0008
860.001
860.0007
860.0008
860.001
860.0007
860.0008
860.001
860.0007
860.0008
860.001
860.0007
860.0008
860.001
860.0007
860.0008
860.001
860.0007
860.0008
860.001
860.0007
860.0008
860.001
860.0007
860.0008
860.001
860.0007
860.0008
860.001
860.0007
860.0008
860.001
860.0007
860.0008
860.001
860.0007
860.0008
860.001
860.0007
860.0008
860.001
860.0007
860.0008
860.001
860.0007
860.0008
860.001
860.0007
860.0008
860.001
860.0007
860.0008
860.001
860.0007
860.0008
860.001
860.0007
860.0008
860.001
860.0007
860.0008
860.001
860.0007
860.0008
860.001
860.0007
860.0008
860.001
860.0007
860.0008
860.001
860.0007
860.0008
860.001
860.0007
860.0008
860.001
860.0007
860.0008
860.001
860.0007
860.0008
860.001
860.0007
860.0008
860.001
860.0007
860.0008
860.001
860.0007
860.0008
860.001
860.0007
860.0008
860.001
860.0007
860.0008
860.001
860.0007
860.0008
860.001
860.0007
860.0008
860.001
860.0007
860.0008
860.001
860.0007
860.0008
860.001
860.0007
860.0008
860.001
860.0007
860.0008
860.001
860.0007
860.0008
860.001
860.0007
860.0008
860.001
860.0007
860.0008
860.001
860.0007
860.0008
860.001
860.0007
860.0008
860.001
860.0007
860.0008
860.001
860.0007
860.0008
860.001
860.0007
860.0008
860.001
860.0007
860.0008
860.001
860.0007
860.0008
860.001
860.0007
860.0008
860.001
860.0007
860.0008
860.001
860.0007
860.0008
860.001
860.0007
860.0008
860.001
860.0007
860.0008
860.001
860.0007
860.0008
860.001
860.0007
860.0008
860.001
860.0007
860.0008
860.001
860.0007
860.0008
860.001
860.0007
860.0008
860.001
860.0007
860.0008
860.001
860.0007
860.0008
860.001
860.0007
860.0008
860.001
860.0007
860.0008
860.001
860.0007
860.0008
860.001
860.0007
860.0008
860.001
860.0007
860.0008
860.001
860.0007
860.0008
860.001
860.0007
860.0008
860.001
860.0007
860.0008
860.001
860.0007
860.0008
860.001
860.0007
860.0008
860.001
860.0007
860.0008
860.001
860.0007
860.0008
860.001
860.0007
860.0008
860.001
860.0007
860.0008
860.001
860.0007
860.0008
860.001
860.0007
860.0008
860.001
860.0007
860.0008
860.001
860.0007
860.0008
860.001
860.0007
860.0008
860.001
860.0007
860.0008
860.001
860.0007
860.0008
860.001
860.0007
860.0008
860.001
860.0007
860.0008
860.001
860.0007
860.0008
860.001
860.0007
860.0008
860.001
860.0007
860.0008
860.001
860.0007
860.0008
860.001
860.0007
860.0008
860.001
860.0007
860.0008
860.001
860.0007
860.0008
860.001
860.0007
860.0008
860.001
860.0007
860.0008
860.001
860.0007
860.0008
860.001
860.0007
860.0008
860.001
860.0007
860.0008
860.001
860.0007
860.0008
860.001
860.0007
860.0008
860.001
860.0007
860.0008
860.001
860.0007
860.0008
860.001
860.0007
860.0008
860.001
860.0007
860.0008
860.001
860.0007
860.0008
860.001
860.0007
860.0008
860.001
860.0007
860.0008
860.001
860.0007
860.0008
860.001
860.0007
860.0008
860.001
860.0007
860.0008
860.001
860.0007
860.0008
860.001
860.0007
860.0008
860.001
860.0007
860.0008
860.001
860.0007
860.0008
860.001
860.0007
860.0008
860.001
860.0007
860.0008
860.001
860.0007
860.0008
860.001
860.0007
860.0008
860.001
860.0007
860.0008
860.001
860.0007
860.0008
860.001
860.0007
860.0008
860.001
860.0007
860.0008
860.001
860.0007
860.0008
860.001
860.0007
860.0008
860.001
860.0007
860.0008
860.001
860.0007
860.0008
860.001
860.0007
860.0008
860.001
860.0007
860.0008
860.001
860.0007
860.0008
860.001
860.0007
860.0008
860.001
860.0007
860.0008
860.001
860.0007
860.0008
860.001
860.0007
860.0008
860.001
860.0007
860.0008
860.001
860.0007
860.0008
860.001
860.0007
860.0008
860.001
860.0007
860.0008
860.001
860.0007
860.0008
860.001
860.0007
860.0008
860.001
860.0007
860.0008
860.001
860.0007
860.0008
860.001
860.0007
860.0008
860.001
860.0007
860.0008
860.001
860.0007
860.0008
860.001
860.0007
860.0008
860.001
860.0007
860.0008
860.001
860.0007
860.0008
860.001
860.0007
860.0008
860.001
860.0007
860.0008
860.001
860.0007
860.0008
860.001
860.0007
860.0008
860.001
860.0007
860.0008
860.001
860.0007
860.0008
860.001
860.0007
860.0008
860.001
860.0007
860.0008
860.001
860.0007
860.0008
860.001
860.0007
860.0008
860.001
860.0007
860.0008
860.001
860.0007
860.0008
860.001
860.0007
860.0008
860.001
860.0007
860.0008
860.001
860.0007
860.0008
860.001
860.0007
860.0008
860.001
860.0007
860.0008
860.001
860.0007
860.0008
860.001
860.0007
860.0008
860.001
860.0007
860.0008
860.001
860.0007
860.0008
860.001
860.0007
860.0008
860.001
860.0007
860.0008
860.001
860.0007
860.0008
860.001
860.0007
860.0008
860.001
860.0007
860.0008
860.001
860.0007
860.0008
860.001
860.0007
860.0008
860.001
860.0007
860.0008
860.001
860.0007
860.0008
860.001
860.0007
860.0008
860.001
860.0007
860.0008
860.001
860.0007
860.0008
860.001
860.0007
860.0008
860.001
860.0007
860.0008
860.001
860.0007
860.0008
860.001
860.0007
860.0008
860.001
860.0007
860.0008
860.001
860.0007
860.0008
860.001
860.0007
860.0008
860.001
860.0007
860.0008
860.001
860.0007
860.0008
860.001
860.0007
860.0008
860.001
860.0007
860.0008
860.001
860.0007
860.0008
860.001
860.0007
860.0008
860.001
860.0007
860.0008
860.001
860.0007
860.0008
860.001
860.0007
860.0008
860.001
860.0007
860.0008
860.001
860.0007
860.0008
860.001
860.0007
860.0008
860.001
860.0007
860.0008
860.001
860.0007
860.0008
860.001
860.0007
860.0008
860.001
860.0007
860.0008
860.001
860.0007
860.0008
860.001
860.0007
860.0008
860.001
860.0007
860.0008
860.001
860.0007
860.0008
860.001
860.0007
860.0008
860.001
860.0007
860.0008
860.001
860.0007
860.0008
860.001
860.0007
860.0008
860.001
860.0007
860.0008
860.001
860.0007
860.0008
860.001
860.0007
860.0008
860.001
860.0007
860.0008
860.001
860.0007
860.0008
860.001
860.0007
860.0008
860.001
860.0007
860.0008
860.001
860.0007
860.0008
860.001
860.0007
860.0008
860.001
860.0007
860.0008
860.001
860.0007
860.0008
860.001
860.0007
860.0008
860.001
860.0007
860.0008
860.001
860.0007
860.0008
860.001
860.0007
860.0008
860.001
860.0007
860.0008
860.001
860.0007
860.0008
860.001
860.0007
860.0008
860.001
860.0007
860.0008
860.001
860.0007
860.0008
860.001
860.0007
860.0008
860.001
860.0007
860.0008
860.001
860.0007
860.0008
860.001
860.0007
860.0008
860.001
860.0007
860.0008
860.001
860.0007
860.0008
860.001
860.0007
860.0008
860.001
860.0007
860.0008
860.001
860.0007
860.0008
860.001
860.0007
860.0008
860.001
860.0007
860.0008
860.001
860.0007
860.0008
860.001
860.0007
860.0008
860.001
860.0007
860.0008
860.001
860.0007
860.0008
860.001
860.0007
860.0008
860.001
860.0007
860.0008
860.001
860.0007
860.0008
860.001
860.0007
860.0008
860.001
860.0007
860.0008
860.001
860.0007
860.0008
860.001
860.0007
860.0008
860.001
860.0007
860.0008
860.001
860.0007
860.0008
860.001
860.0007
860.0008
860.001
860.0007
860.0008
860.001
860.0007
860.0008
860.001
860.0007
860.0008
860.001
860.0007
860.0008
860.001
860.0007
860.0008
860.001
860.0007
860.0008
860.001
860.0007
860.0008
860.001
860.0007
860.0008
860.001
860.0007
860.0008
860.001
860.0007
860.0008
860.001
860.0007
860.0008
860.001
860.0007
860.0008
860.001
860.0007
860.0008
860.001
860.0007
860.0008
860.001
860.0007
860.0008
860.001
860.0007
860.0008
860.001
860.0007
860.0008
860.001
860.0007
860.0008
860.001
860.0007
860.0008
860.001
860.0007
860.0008
860.001
860.0007
860.0008
860.001
860.0007
860.0008
860.001
860.0007
860.0008
860.001
860.0007
860.0008
860.001
860.0007
860.0008
860.001
860.0007
860.0008
860.001
860.0007
860.0008
860.001
860.0007
860.0008
860.001
860.0007
860.0008
860.001
860.0007
860.0008
860.001
860.0007
860.0008
860.001
860.0007
860.0008
860.001
860.0007
860.0008
860.001
860.0007
860.0008
860.001
860.0007
860.0008
860.001
860.0007
860.0008
860.001
860.0007
860.0008
860.001
860.0007
860.0008
860.001
860.0007
860.0008
860.001
860.0007
860.0008
860.001
860.0007
860.0008
860.001
860.0007
860.0008
860.001
860.0007
860.0008
860.001
860.0007
860.0008
860.001
860.0007
860.0008
860.001
860.0007
860.0008
860.001
860.0007
860.0008
860.001
860.0007
860.0008
860.001
860.0007
860.0008
860.001
860.0007
860.0008
860.001
860.0007
860.0008
860.001
860.0007
860.0008
860.001
860.0007
860.0008
860.001
860.0007
860.0008
860.001
860.0007
860.0008
860.001
860.0007
860.0008
860.001
860.0007
860.0008
860.001
860.0007
860.0008
860.001
860.0007
860.0008
860.001
860.0007
860.0008
860.001
860.0007
860.0008
860.001
860.0007
860.0008
860.001
860.0007
860.0008
860.001
860.0007
860.0008
860.001
860.0007
860.0008
860.001
860.0007
860.0008
860.001
860.0007
860.0008
860.001
860.0007
860.0008
860.001
860.0007
860.0008
860.001
860.0007
860.0008
860.001
860.0007
860.0008
860.001
860.0007
860.0008
860.001
860.0007
860.0008
860.001
860.0007
860.0008
860.001
860.0007
860.0008
860.001
860.0007
860.0008
860.001
860.0007
860.0008
860.001
860.0007
860.0008
860.001
860.0007
860.0008
860.001
860.0007
860.0008
860.001
860.0007
860.0008
860.001
860.0007
860.0008
860.001
860.0007
860.0008
860.001
860.0007
860.0008
860.001
860.0007
860.0008
860.001
860.0007
860.0008
860.001
860.0007
860.0008
860.001
860.0007
860.0008
860.001
860.0007
860.0008
860.001
860.0007
860.0008
860.001
860.0007
860.0008
860.001
860.0007
860.0008
860.001
860.0007
860.0008
860.001
860.0007
860.0008
860.001
860.0007
860.0008
860.001
860.0007
860.0008
860.001
860.0007
860.0008
860.001
860.0007
860.0008
860.001
860.0007
860.0008
860.001
860.0007
860.0008
860.001
860.0007
860.0008
860.001
860.0007
860.0008
860.001
860.0007
860.0008
860.001
860.0007
860.0008
860.001
860.0007
860.0008
860.001
860.0007
860.0008
860.001
860.0007
860.0008
860.001
860.0007
860.0008
860.001
860.0007
860.0008
860.001
860.0007
860.0008
860.001
860.0007
860.0008
860.001
860.0007
860.0008
860.001
860.0007
860.0008
860.001
860.0007
860.0008
860.001
860.0007
860.0008
860.001
860.0007
860.0008
860.001
860.0007
860.0008
860.001
860.0007
860.0008
860.001
860.0007
860.0008
860.001
860.0007
860.0008
860.001
860.0007
860.0008
860.001
860.0007
860.0008
860.001
860.0007
860.0008
860.001
860.0007
860.0008
860.001
860.0007
860.0008
860.001
860.0007
860.0008
860.001
860.0007
860.0008
860.001
860.0007
860.0008
860.001
860.0007
860.0008
860.001
860.0007
860.0008
860.001
860.0007
860.0008
860.001
860.0007
860.0008
860.001
860.0007
860.0008
860.001
860.0007
860.0008
860.001
860.0007
860.0008
860.001
860.0007
860.0008
860.001
860.0007
860.0008
860.001
860.0007
860.0008
860.001
860.0007
860.0008
860.001
860.0007
860.0008
860.001
860.0007
860.0008
860.001
860.0007
860.0008
860.001
860.0007
860.0008
860.001
860.0007
860.0008
860.001
860.0007
860.0008
860.001
860.0007
860.0008
860.001
860.0007
860.0008
860.001
860.0007
860.0008
860.001
860.0007
860.0008
860.001
860.0007
860.0008
860.001
860.0007
860.0008
860.001
860.0007
860.0008
860.001
860.0007
860.0008
860.001
860.0007
860.0008
860.001
860.0007
860.0008
860.001
860.0007
860.0008
860.001
860.0007
860.0008
860.001
860.0007
860.0008
860.001
860.0007
860.0008
860.001
860.0007
860.0008
860.001
860.0007
860.0008
860.001
860.0007
860.0008
860.001
860.0007
860.0008
860.001
860.0007
860.0008
860.001
860.0007
860.0008
860.001
860.0007
860.0008
860.001
860.0007
860.0008
860.001
860.0007
860.0008
860.001
860.0007
860.0008
860.001
860.0007
860.0008
860.001
860.0007
860.0008
860.001
860.0007
860.0008
860.001
860.0007
860.0008
860.001
860.0007
860.0008
860.001
860.0007
860.0008
860.001
860.0007
860.0008
860.001
860.0007
860.0008
860.001
860.0007
860.0008
860.001
860.0007
860.0008
860.001
860.0007
860.0008
860.001
860.0007
860.0008
860.001
860.0007
860.0008
860.001
860.0007
860.0008
860.001
860.0007
860.0008
860.001
860.0007
860.0008
860.001
860.0007
860.0008
860.001
860.0007
860.0008
860.001
860.0007
860.0008
860.001
860.0007
860.0008
860.001
860.0007
860.0008
860.001
860.0007
860.0008
860.001
860.0007
860.0008
860.001
860.0007
860.0008
860.001
860.0007
860.0008
860.001
860.0007
860.0008
860.001
860.0007
860.0008
860.001
860.0007
860.0008
860.001
860.0007
860.0008
860.001
860.0007
860.0008
860.001
860.0007
860.0008
860.001
860.0007
860.0008
860.001
860.0007
860.0008
860.001
860.0007
860.0008
860.001
860.0007
860.0008
860.001
860.0007
860.0008
860.001
860.0007
860.0008
860.001
860.0007
860.0008
860.001
860.0007
860.0008
860.001
860.0007
860.0008
860.001
860.0007
860.0008
860.001
860.0007
860.0008
860.001
860.0002
860.0003
860.0005
860.0002
860.0003
860.0005
860.0002
860.0003
860.0005
860.0002
860.0003
860.0005
860.0002
860.0003
860.0005
860.0002
860.0003
860.0005
860.0002
860.0003
860.0005
860.0002
860.0003
860.0005
860.0002
860.0003
860.0005
860.0002
860.0003
860.0005
860.0002
860.0003
860.0005
860.0002
860.0003
860.0005
860.0002
860.0003
860.0005
860.0002
860.0003
860.0005
860.0002
860.0003
860.0005
860.0002
860.0003
860.0005
860.0002
860.0003
860.0005
860.0002
860.0003
860.0005
860.0002
860.0003
860.0005
860.0002
860.0003
860.0005
860.0002
860.0003
860.0005
860.0002
860.0003
860.0005
860.0002
860.0003
860.0005
860.0002
860.0003
860.0005
860.0002
860.0003
860.0005
860.0002
860.0003
860.0005
860.0002
860.0003
860.0005
860.0002
860.0003
860.0005
860.0002
860.0003
860.0005
860.0002
860.0003
860.0005
860.0002
860.0003
860.0005
860.0002
860.0003
860.0005
860.0002
860.0003
860.0005
860.0002
860.0003
860.0005
860.0002
860.0003
860.0005
860.0002
860.0003
860.0005
860.0002
860.0003
860.0005
860.0002
860.0003
860.0005
860.0002
860.0003
860.0005
860.0002
860.0003
860.0005
860.0002
860.0003
860.0005
860.0002
860.0003
860.0005
860.0002
860.0003
860.0005
860.0002
860.0003
860.0005
860.0002
860.0003
860.0005
860.0002
860.0003
860.0005
860.0002
860.0003
860.0005
860.0002
860.0003
860.0005
860.0002
860.0003
860.0005
860.0002
860.0003
860.0005
860.0002
860.0003
860.0005
860.0002
860.0003
860.0005
860.0002
860.0003
860.0005
860.0002
860.0003
860.0005
860.0002
860.0003
860.0005
860.0002
860.0003
860.0005
860.0002
860.0003
860.0005
860.0002
860.0003
860.0005
860.0002
860.0003
860.0005
860.0002
860.0003
860.0005
860.0002
860.0003
860.0005
860.0002
860.0003
860.0005
860.0002
860.0003
860.0005
860.0002
860.0003
860.0005
860.0002
860.0003
860.0005
860.0002
860.0003
860.0005
860.0002
860.0003
860.0005
860.0002
860.0003
860.0005
860.0002
860.0003
860.0005
860.0002
860.0003
860.0005
860.0002
860.0003
860.0005
860.0002
860.0003
860.0005
860.0002
860.0003
860.0005
860.0002
860.0003
860.0005
860.0002
860.0003
860.0005
860.0002
860.0003
860.0005
860.0002
860.0003
860.0005
860.0002
860.0003
860.0005
860.0002
860.0003
860.0005
860.0002
860.0003
860.0005
860.0002
860.0003
860.0005
860.0002
860.0003
860.0005
860.0002
860.0003
860.0005
860.0002
860.0003
860.0005
860.0002
860.0003
860.0005
860.0002
860.0003
860.0005
860.0002
860.0003
860.0005
860.0002
860.0003
860.0005
860.0002
860.0003
860.0005
860.0002
860.0003
860.0005
860.0002
860.0003
860.0005
860.0002
860.0003
860.0005
860.0002
860.0003
860.0005
860.0002
860.0003
860.0005
860.0002
860.0003
860.0005
860.0002
860.0003
860.0005
860.0002
860.0003
860.0005
860.0002
860.0003
860.0005
860.0002
860.0003
860.0005
860.0002
860.0003
860.0005
860.0002
860.0003
860.0005
860.0002
860.0003
860.0005
860.0002
860.0003
860.0005
860.0002
860.0003
860.0005
860.0002
860.0003
860.0005
860.0002
860.0003
860.0005
860.0002
860.0003
860.0005
860.0002
860.0003
860.0005
860.0002
860.0003
860.0005
860.0002
860.0003
860.0005
860.0002
860.0003
860.0005
860.0002
860.0003
860.0005
860.0002
860.0003
860.0005
860.0002
860.0003
860.0005
860.0002
860.0003
860.0005
860.0002
860.0003
860.0005
860.0002
860.0003
860.0005
860.0002
860.0003
860.0005
860.0002
860.0003
860.0005
860.0002
860.0003
860.0005
860.0002
860.0003
860.0005
860.0002
860.0003
860.0005
860.0002
860.0003
860.0005
860.0002
860.0003
860.0005
860.0002
860.0003
860.0005
860.0002
860.0003
860.0005
860.0002
860.0003
860.0005
860.0002
860.0003
860.0005
860.0002
860.0003
860.0005
860.0002
860.0003
860.0005
860.0002
860.0003
860.0005
860.0002
860.0003
860.0005
860.0002
860.0003
860.0005
860.0002
860.0003
860.0005
860.0002
860.0003
860.0005
860.0002
860.0003
860.0005
860.0002
860.0003
860.0005
860.0002
860.0003
860.0005
860.0002
860.0003
860.0005
860.0002
860.0003
860.0005
860.0002
860.0003
860.0005
860.0002
860.0003
860.0005
860.0002
860.0003
860.0005
860.0002
860.0003
860.0005
860.0002
860.0003
860.0005
860.0002
860.0003
860.0005
860.0002
860.0003
860.0005
860.0002
860.0003
860.0005
860.0002
860.0003
860.0005
860.0002
860.0003
860.0005
860.0002
860.0003
860.0005
860.0002
860.0003
860.0005
860.0002
860.0003
860.0005
860.0002
860.0003
860.0005
860.0002
860.0003
860.0005
860.0002
860.0003
860.0005
860.0002
860.0003
860.0005
860.0002
860.0003
860.0005
860.0002
860.0003
860.0005
860.0002
860.0003
860.0005
860.0002
860.0003
860.0005
860.0002
860.0003
860.0005
860.0002
860.0003
860.0005
860.0002
860.0003
860.0005
860.0002
860.0003
860.0005
860.0002
860.0003
860.0005
860.0002
860.0003
860.0005
860.0002
860.0003
860.0005
860.0002
860.0003
860.0005
860.0002
860.0003
860.0005
860.0002
860.0003
860.0005
860.0002
860.0003
860.0005
860.0002
860.0003
860.0005
860.0002
860.0003
860.0005
860.0002
860.0003
860.0005
860.0002
860.0003
860.0005
860.0002
860.0003
860.0005
860.0002
860.0003
860.0005
860.0002
860.0003
860.0005
860.0002
860.0003
860.0005
860.0002
860.0003
860.0005
860.0002
860.0003
860.0005
860.0002
860.0003
860.0005
860.0002
860.0003
860.0005
860.0002
860.0003
860.0005
860.0002
860.0003
860.0005
860.0002
860.0003
860.0005
860.0002
860.0003
860.0005
860.0002
860.0003
860.0005
860.0002
860.0003
860.0005
860.0002
860.0003
860.0005
860.0002
860.0003
860.0005
860.0002
860.0003
860.0005
860.0002
860.0003
860.0005
860.0002
860.0003
860.0005
860.0002
860.0003
860.0005
860.0002
860.0003
860.0005
860.0002
860.0003
860.0005
860.0002
860.0003
860.0005
860.0002
860.0003
860.0005
860.0002
860.0003
860.0005
860.0002
860.0003
860.0005
860.0002
860.0003
860.0005
860.0002
860.0003
860.0005
860.0002
860.0003
860.0005
860.0002
860.0003
860.0005
860.0002
860.0003
860.0005
860.0002
860.0003
860.0005
860.0002
860.0003
860.0005
860.0002
860.0003
860.0005
860.0002
860.0003
860.0005
860.0002
860.0003
860.0005
860.0002
860.0003
860.0005
860.0002
860.0003
860.0005
860.0002
860.0003
860.0005
860.0002
860.0003
860.0005
860.0002
860.0003
860.0005
860.0002
860.0003
860.0005
860.0002
860.0003
860.0005
860.0002
860.0003
860.0005
860.0002
860.0003
860.0005
860.0002
860.0003
860.0005
860.0002
860.0003
860.0005
860.0002
860.0003
860.0005
860.0002
860.0003
860.0005
860.0002
860.0003
860.0005
860.0002
860.0003
860.0005
860.0002
860.0003
860.0005
860.0002
860.0003
860.0005
860.0002
860.0003
860.0005
860.0002
860.0003
860.0005
860.0002
860.0003
860.0005
860.0002
860.0003
860.0005
860.0002
860.0003
860.0005
860.0002
860.0003
860.0005
860.0002
860.0003
860.0005
860.0002
860.0003
860.0005
860.0002
860.0003
860.0005
860.0002
860.0003
860.0005
860.0002
860.0003
860.0005
860.0002
860.0003
860.0005
860.0002
860.0003
860.0005
860.0002
860.0003
860.0005
860.0002
860.0003
860.0005
860.0002
860.0003
860.0005
860.0002
860.0003
860.0005
860.0002
860.0003
860.0005
860.0002
860.0003
860.0005
860.0002
860.0003
860.0005
860.0002
860.0003
860.0005
860.0002
860.0003
860.0005
860.0002
860.0003
860.0005
860.0002
860.0003
860.0005
860.0002
860.0003
860.0005
860.0002
860.0003
860.0005
860.0002
860.0003
860.0005
860.0002
860.0003
860.0005
860.0002
860.0003
860.0005
860.0002
860.0003
860.0005
860.0002
860.0003
860.0005
860.0002
860.0003
860.0005
860.0002
860.0003
860.0005
860.0002
860.0003
860.0005
860.0002
860.0003
860.0005
860.0002
860.0003
860.0005
860.0002
860.0003
860.0005
860.0002
860.0003
860.0005
860.0002
860.0003
860.0005
860.0002
860.0003
860.0005
860.0002
860.0003
860.0005
860.0002
860.0003
860.0005
860.0002
860.0003
860.0005
860.0002
860.0003
860.0005
860.0002
860.0003
860.0005
860.0002
860.0003
860.0005
860.0002
860.0003
860.0005
860.0002
860.0003
860.0005
860.0002
860.0003
860.0005
860.0002
860.0003
860.0005
860.0002
860.0003
860.0005
860.0002
860.0003
860.0005
860.0002
860.0003
860.0005
860.0002
860.0003
860.0005
860.0002
860.0003
860.0005
860.0002
860.0003
860.0005
860.0002
860.0003
860.0005
860.0002
860.0003
860.0005
860.0002
860.0003
860.0005
860.0002
860.0003
860.0005
860.0002
860.0003
860.0005
860.0002
860.0003
860.0005
860.0002
860.0003
860.0005
860.0002
860.0003
860.0005
860.0002
860.0003
860.0005
860.0002
860.0003
860.0005
860.0002
860.0003
860.0005
860.0002
860.0003
860.0005
860.0002
860.0003
860.0005
860.0002
860.0003
860.0005
860.0002
860.0003
860.0005
860.0002
860.0003
860.0005
860.0002
860.0003
860.0005
860.0002
860.0003
860.0005
860.0002
860.0003
860.0005
860.0002
860.0003
860.0005
860.0002
860.0003
860.0005
860.0002
860.0003
860.0005
860.0002
860.0003
860.0005
860.0002
860.0003
860.0005
860.0002
860.0003
860.0005
860.0002
860.0003
860.0005
860.0002
860.0003
860.0005
860.0002
860.0003
860.0005
860.0002
860.0003
860.0005
860.0002
860.0003
860.0005
860.0002
860.0003
860.0005
860.0002
860.0003
860.0005
860.0002
860.0003
860.0005
860.0002
860.0003
860.0005
860.0002
860.0003
860.0005
860.0002
860.0003
860.0005
860.0002
860.0003
860.0005
860.0002
860.0003
860.0005
860.0002
860.0003
860.0005
860.0002
860.0003
860.0005
860.0002
860.0003
860.0005
860.0002
860.0003
860.0005
860.0002
860.0003
860.0005
860.0002
860.0003
860.0005
860.0002
860.0003
860.0005
860.0002
860.0003
860.0005
860.0002
860.0003
860.0005
860.0002
860.0003
860.0005
860.0002
860.0003
860.0005
860.0002
860.0003
860.0005
860.0002
860.0003
860.0005
860.0002
860.0003
860.0005
860.0002
860.0003
860.0005
860.0002
860.0003
860.0005
860.0002
860.0003
860.0005
860.0002
860.0003
860.0005
860.0002
860.0003
860.0005
860.0002
860.0003
860.0005
860.0002
860.0003
860.0005
860.0002
860.0003
860.0005
860.0002
860.0003
860.0005
860.0002
860.0003
860.0005
860.0002
860.0003
860.0005
860.0002
860.0003
860.0005
860.0002
860.0003
860.0005
860.0002
860.0003
860.0005
860.0002
860.0003
860.0005
860.0002
860.0003
860.0005
860.0002
860.0003
860.0005
860.0002
860.0003
860.0005
860.0002
860.0003
860.0005
860.0002
860.0003
860.0005
860.0002
860.0003
860.0005
860.0002
860.0003
860.0005
860.0002
860.0003
860.0005
860.0002
860.0003
860.0005
860.0002
860.0003
860.0005
860.0002
860.0003
860.0005
860.0002
860.0003
860.0005
860.0002
860.0003
860.0005
860.0002
860.0003
860.0005
860.0002
860.0003
860.0005
860.0002
860.0003
860.0005
860.0002
860.0003
860.0005
860.0002
860.0003
860.0005
860.0002
860.0003
860.0005
860.0002
860.0003
860.0005
860.0002
860.0003
860.0005
860.0002
860.0003
860.0005
860.0002
860.0003
860.0005
860.0002
860.0003
860.0005
860.0002
860.0003
860.0005
860.0002
860.0003
860.0005
860.0002
860.0003
860.0005
860.0002
860.0003
860.0005
860.0002
860.0003
860.0005
860.0002
860.0003
860.0005
860.0002
860.0003
860.0005
860.0002
860.0003
860.0005
860.0002
860.0003
860.0005
860.0002
860.0003
860.0005
860.0002
860.0003
860.0005
860.0002
860.0003
860.0005
860.0002
860.0003
860.0005
860.0002
860.0003
860.0005
860.0002
860.0003
860.0005
860.0002
860.0003
860.0005
860.0002
860.0003
860.0005
860.0002
860.0003
860.0005
860.0002
860.0003
860.0005
860.0002
860.0003
860.0005
860.0002
860.0003
860.0005
860.0002
860.0003
860.0005
860.0002
860.0003
860.0005
860.0002
860.0003
860.0005
860.0002
860.0003
860.0005
860.0002
860.0003
860.0005
860.0002
860.0003
860.0005
860.0002
860.0003
860.0005
860.0002
860.0003
860.0005
860.0002
860.0003
860.0005
860.0002
860.0003
860.0005
860.0002
860.0003
860.0005
860.0002
860.0003
860.0005
860.0002
860.0003
860.0005
860.0002
860.0003
860.0005
860.0002
860.0003
860.0005
860.0002
860.0003
860.0005
860.0002
860.0003
860.0005
860.0002
860.0003
860.0005
860.0002
860.0003
860.0005
860.0002
860.0003
860.0005
860.0002
860.0003
860.0005
860.0002
860.0003
860.0005
860.0002
860.0003
860.0005
860.0002
860.0003
860.0005
860.0002
860.0003
860.0005
860.0002
860.0003
860.0005
860.0002
860.0003
860.0005
860.0002
860.0003
860.0005
860.0002
860.0003
860.0005
860.0002
860.0003
860.0005
860.0002
860.0003
860.0005
860.0002
860.0003
860.0005
860.0002
860.0003
860.0005
860.0002
860.0003
860.0005
860.0002
860.0003
860.0005
860.0002
860.0003
860.0005
860.0002
860.0003
860.0005
860.0002
860.0003
860.0005
860.0002
860.0003
860.0005
860.0002
860.0003
860.0005
860.0002
860.0003
860.0005
860.0002
860.0003
860.0005
860.0002
860.0003
860.0005
860.0002
860.0003
860.0005
860.0002
860.0003
860.0005
860.0002
860.0003
860.0005
860.0002
860.0003
860.0005
860.0002
860.0003
860.0005
860.0002
860.0003
860.0005
860.0002
860.0003
860.0005
860.0002
860.0003
860.0005
860.0002
860.0003
860.0005
860.0002
860.0003
860.0005
860.0002
860.0003
860.0005
860.0002
860.0003
860.0005
860.0002
860.0003
860.0005
860.0002
860.0003
860.0005
860.0002
860.0003
860.0005
860.0002
860.0003
860.0005
860.0002
860.0003
860.0005
860.0002
860.0003
860.0005
860.0002
860.0003
860.0005
860.0002
860.0003
860.0005
860.0002
860.0003
860.0005
860.0002
860.0003
860.0005
860.0002
860.0003
860.0005
860.0002
860.0003
860.0005
860.0002
860.0003
860.0005
860.0002
860.0003
860.0005
860.0002
860.0003
860.0005
860.0002
860.0003
860.0005
860.0002
860.0003
860.0005
860.0002
860.0003
860.0005
860.0002
860.0003
860.0005
860.0002
860.0003
860.0005
860.0002
860.0003
860.0005
860.0002
860.0003
860.0005
860.0002
860.0003
860.0005
860.0002
860.0003
860.0005
860.0002
860.0003
860.0005
860.0002
860.0003
860.0005
860.0002
860.0003
860.0005
860.0002
860.0003
860.0005
860.0002
860.0003
860.0005
860.0002
860.0003
860.0005
860.0002
860.0003
860.0005
860.0002
860.0003
860.0005
860.0002
860.0003
860.0005
860.0002
860.0003
860.0005
860.0002
860.0003
860.0005
860.0002
860.0003
860.0005
860.0002
860.0003
860.0005
860.0002
860.0003
860.0005
860.0002
860.0003
860.0005
860.0002
860.0003
860.0005
860.0002
860.0003
860.0005
860.0002
860.0003
860.0005
860.0002
860.0003
860.0005
860.0002
860.0003
860.0005
860.0002
860.0003
860.0005
860.0002
860.0003
860.0005
860.0002
860.0003
860.0005
860.0002
860.0003
860.0005
860.0002
860.0003
860.0005
860.0002
860.0003
860.0005
860.0002
860.0003
860.0005
860.0002
860.0003
860.0005
860.0002
860.0003
860.0005
860.0002
860.0003
860.0005
860.0002
860.0003
860.0005
860.0002
860.0003
860.0005
860.0002
860.0003
860.0005
860.0002
860.0003
860.0005
860.0002
860.0003
860.0005
860.0002
860.0003
860.0005
860.0002
860.0003
860.0005
860.0002
860.0003
860.0005
860.0002
860.0003
860.0005
860.0002
860.0003
860.0005
860.0002
860.0003
860.0005
860.0002
860.0003
860.0005
860.0002
860.0003
860.0005
860.0002
860.0003
860.0005
860.0002
860.0003
860.0005
860.0002
860.0003
860.0005
860.0002
860.0003
860.0005
860.0002
860.0003
860.0005
860.0002
860.0003
860.0005
860.0002
860.0003
860.0005
860.0002
860.0003
860.0005
860.0002
860.0003
860.0005
860.0002
860.0003
860.0005
860.0002
860.0003
860.0005
860.0002
860.0003
860.0005
860.0002
860.0003
860.0005
860.0002
860.0003
860.0005
860.0002
860.0003
860.0005
860.0002
860.0003
860.0005
860.0002
860.0003
860.0005
860.0002
860.0003
860.0005
860.0002
860.0003
860.0005
860.0002
860.0003
860.0005
860.0002
860.0003
860.0005
860.0002
860.0003
860.0005
860.0002
860.0003
860.0005
860.0002
860.0003
860.0005
860.0002
860.0003
860.0005
860.0002
860.0003
860.0005
860.0002
860.0003
860.0005
860.0002
860.0003
860.0005
860.0002
860.0003
860.0005
860.0002
860.0003
860.0005
860.0002
860.0003
860.0005
860.0002
860.0003
860.0005
860.0002
860.0003
860.0005
860.0002
860.0003
860.0005
860.0002
860.0003
860.0005
860.0002
860.0003
860.0005
860.0002
860.0003
860.0005
860.0002
860.0003
860.0005
860.0002
860.0003
860.0005
860.0002
860.0003
860.0005
860.0002
860.0003
860.0005
860.0002
860.0003
860.0005
860.0002
860.0003
860.0005
860.0002
860.0003
860.0005
860.0002
860.0003
860.0005
860.0002
860.0003
860.0005
860.0002
860.0003
860.0005
860.0002
860.0003
860.0005
860.0002
860.0003
860.0005
860.0002
860.0003
860.0005
860.0002
860.0003
860.0005
860.0002
860.0003
860.0005
860.0002
860.0003
860.0005
860.0002
860.0003
860.0005
860.0002
860.0003
860.0005
860.0002
860.0003
860.0005
860.0002
860.0003
860.0005
860.0002
860.0003
860.0005
860.0002
860.0003
860.0005
860.0002
860.0003
860.0005
860.0002
860.0003
860.0005
860.0002
860.0003
860.0005
860.0002
860.0003
860.0005
860.0002
860.0003
860.0005
860.0002
860.0003
860.0005
860.0002
860.0003
860.0005
860.0002
860.0003
860.0005
860.0002
860.0003
860.0005
860.0002
860.0003
860.0005
860.0002
860.0003
860.0005
860.0002
860.0003
860.0005
860.0002
860.0003
860.0005
860.0002
860.0003
860.0005
860.0002
860.0003
860.0005
860.0002
860.0003
860.0005
860.0002
860.0003
860.0005
860.0002
860.0003
860.0005
860.0002
860.0003
860.0005
860.0002
860.0003
860.0005
860.0002
860.0003
860.0005
860.0002
860.0003
860.0005
860.0002
860.0003
860.0005
860.0002
860.0003
860.0005
860.0002
860.0003
860.0005
860.0002
860.0003
860.0005
860.0002
860.0003
860.0005
860.0002
860.0003
860.0005
860.0002
860.0003
860.0005
860.0002
860.0003
860.0005
860.0002
860.0003
860.0005
860.0002
860.0003
860.0005
860.0002
860.0003
860.0005
860.0002
860.0003
860.0005
860.0002
860.0003
860.0005
860.0002
860.0003
860.0005
860.0002
860.0003
860.0005
860.0002
860.0003
860.0005
860.0002
860.0003
860.0005
860.0002
860.0003
860.0005
860.0002
860.0003
860.0005
860.0002
860.0003
860.0005
860.0002
860.0003
860.0005
860.0002
860.0003
860.0005
860.0002
860.0003
860.0005
860.0002
860.0003
860.0005
860.0002
860.0003
860.0005
860.0002
860.0003
860.0005
860.0002
860.0003
860.0005
860.0002
860.0003
860.0005
860.0002
860.0003
860.0005
860.0002
860.0003
860.0005
860.0002
860.0003
860.0005
860.0002
860.0003
860.0005
860.0002
860.0003
860.0005
860.0002
860.0003
860.0005
860.0002
860.0003
860.0005
860.0002
860.0003
860.0005
860.0002
860.0003
860.0005
860.0002
860.0003
860.0005
860.0002
860.0003
860.0005
860.0002
860.0003
860.0005
860.0002
860.0003
860.0005
860.0002
860.0003
860.0005
860.0002
860.0003
860.0005
860.0002
860.0003
860.0005
860.0002
860.0003
860.0005
860.0002
860.0003
860.0005
860.0002
860.0003
860.0005
860.0002
860.0003
860.0005
860.0002
860.0003
860.0005
860.0002
860.0003
860.0005
860.0002
860.0003
860.0005
860.0002
860.0003
860.0005
860.0002
860.0003
860.0005
860.0002
860.0003
860.0005
860.0002
860.0003
860.0005
860.0002
860.0003
860.0005
860.0002
860.0003
860.0005
860.0002
860.0003
860.0005
860.0002
860.0003
860.0005
860.0002
860.0003
860.0005
860.0002
860.0003
860.0005
860.0002
860.0003
860.0005
860.0002
860.0003
860.0005
860.0002
860.0003
860.0005
860.0002
860.0003
860.0005
860.0002
860.0003
860.0005
860.0002
860.0003
860.0005
860.0002
860.0003
860.0005
860.0002
860.0003
860.0005
860.0002
860.0003
860.0005
860.0002
860.0003
860.0005
860.0002
860.0003
860.0005
860.0002
860.0003
860.0005
860.0002
860.0003
860.0005
860.0002
860.0003
860.0005
860.0002
860.0003
860.0005
860.0002
860.0003
860.0005
860.0002
860.0003
860.0005
860.0002
860.0003
860.0005
860.0002
860.0003
860.0005
860.0002
860.0003
860.0005
860.0002
860.0003
860.0005
860.0002
860.0003
860.0005
860.0002
860.0003
860.0005
860.0002
860.0003
860.0005
860.0002
860.0003
860.0005
860.0002
860.0003
860.0005
860.0002
860.0003
860.0005
860.0002
860.0003
860.0005
860.0002
860.0003
860.0005
860.0002
860.0003
860.0005
860.0002
860.0003
860.0005
860.0002
860.0003
860.0005
860.0002
860.0003
860.0005
860.0002
860.0003
860.0005
860.0002
860.0003
860.0005
860.0002
860.0003
860.0005
860.0002
860.0003
860.0005
860.0002
860.0003
860.0005
860.0002
860.0003
860.0005
860.0002
860.0003
860.0005
860.0002
860.0003
860.0005
860.0002
860.0003
860.0005
860.0002
860.0003
860.0005
860.0002
860.0003
860.0005
860.0002
860.0003
860.0005
860.0002
860.0003
860.0005
860.0002
860.0003
860.0005
860.0002
860.0003
860.0005
860.0002
860.0003
860.0005
860.0002
860.0003
860.0005
860.0002
860.0003
860.0005
860.0002
860.0003
860.0005
860.0002
860.0003
860.0005
860.0002
860.0003
860.0005
860.0002
860.0003
860.0005
860.0002
860.0003
860.0005
860.0002
860.0003
860.0005
860.0002
860.0003
860.0005
860.0002
860.0003
860.0005
860.0002
860.0003
860.0005
860.0002
860.0003
860.0005
860.0002
860.0003
860.0005
860.0002
860.0003
860.0005
860.0002
860.0003
860.0005
860.0002
860.0003
860.0005
860.0002
860.0003
860.0005
860.0002
860.0003
860.0005
860.0002
860.0003
860.0005
860.0002
860.0003
860.0005
860.0002
860.0003
860.0005
860.0002
860.0003
860.0005
860.0002
860.0003
860.0005
860.0002
860.0003
860.0005
860.0002
860.0003
860.0005
860.0002
860.0003
860.0005
860.0002
860.0003
860.0005
860.0002
860.0003
860.0005
860.0002
860.0003
860.0005
860.0002
860.0003
860.0005
860.0002
860.0003
860.0005
860.0002
860.0003
860.0005
860.0002
860.0003
860.0005
860.0002
860.0003
860.0005
860.0002
860.0003
860.0005
860.0002
860.0003
860.0005
860.0002
860.0003
860.0005
860.0002
860.0003
860.0005
860.0002
860.0003
860.0005
860.0002
860.0003
860.0005
860.0002
860.0003
860.0005
860.0002
860.0003
860.0005
860.0002
860.0003
860.0005
860.0002
860.0003
860.0005
860.0002
860.0003
860.0005
860.0002
860.0003
860.0005
860.0002
860.0003
860.0005
860.0002
860.0003
860.0005
860.0002
860.0003
860.0005
860.0002
860.0003
860.0005
860.0002
860.0003
860.0005
860.0002
860.0003
860.0005
860.0002
860.0003
860.0005
860.0002
860.0003
860.0005
860.0002
860.0003
860.0005
860.0002
860.0003
860.0005
860.0002
860.0003
860.0005
860.0002
860.0003
860.0005
860.0002
860.0003
860.0005
860.0002
860.0003
860.0005
860.0002
860.0003
860.0005
860.0002
860.0003
860.0005
860.0002
860.0003
860.0005
860.0002
860.0003
860.0005
860.0002
860.0003
860.0005
860.0002
860.0003
860.0005
860.0002
860.0003
860.0005
860.0002
860.0003
860.0005
860.0002
860.0003
860.0005
860.0002
860.0003
860.0005
860.0002
860.0003
860.0005
860.0002
860.0003
860.0005
860.0002
860.0003
860.0005
860.0002
860.0003
860.0005
860.0002
860.0003
860.0005
860.0002
860.0003
860.0005
860.0002
860.0003
860.0005
860.0002
860.0003
860.0005
860.0002
860.0003
860.0005
860.0002
860.0003
860.0005
860.0002
860.0003
860.0005
860.0002
860.0003
860.0005
860.0002
860.0003
860.0005
860.0002
860.0003
860.0005
860.0002
860.0003
860.0005
860.0002
860.0003
860.0005
860.0002
860.0003
860.0005
860.0002
860.0003
860.0005
860.0002
860.0003
860.0005
860.0002
860.0003
860.0005
860.0002
860.0003
860.0005
860.0002
860.0003
860.0005
860.0002
860.0003
860.0005
860.0002
860.0003
860.0005
860.0002
860.0003
860.0005
860.0002
860.0003
860.0005
860.0002
860.0003
860.0005
860.0002
860.0003
860.0005
860.0002
860.0003
860.0005
860.0002
860.0003
860.0005
860.0002
860.0003
860.0005
860.0002
860.0003
860.0005
860.0002
860.0003
860.0005
860.0002
860.0003
860.0005
860.0002
860.0003
860.0005
860.0002
860.0003
860.0005
860.0002
860.0003
860.0005
860.0002
860.0003
860.0005
860.0002
860.0003
860.0005
860.0002
860.0003
860.0005
860.0002
860.0003
860.0005
860.0002
860.0003
860.0005
860.0002
860.0003
860.0005
860.0002
860.0003
860.0005
860.0002
860.0003
860.0005
860.0002
860.0003
860.0005
860.0002
860.0003
860.0005
860.0002
860.0003
860.0005
860.0002
860.0003
860.0005
860.0002
860.0003
860.0005
860.0002
860.0003
860.0005
860.0002
860.0003
860.0005
860.0002
860.0003
860.0005
860.0002
860.0003
860.0005
860.0002
860.0003
860.0005
860.0002
860.0003
860.0005
860.0002
860.0003
860.0005
860.0002
860.0003
860.0005
860.0002
860.0003
860.0005
860.0002
860.0003
860.0005
860.0002
860.0003
860.0005
860.0002
860.0003
860.0005
860.0002
860.0003
860.0005
860.0002
860.0003
860.0005
860.0002
860.0003
860.0005
860.0002
860.0003
860.0005
860.0002
860.0003
860.0005
860.0002
860.0003
860.0005
860.0002
860.0003
860.0005
860.0002
860.0003
860.0005
860.0002
860.0003
860.0005
860.0002
860.0003
860.0005
860.0002
860.0003
860.0005
860.0002
860.0003
860.0005
860.0002
860.0003
860.0005
860.0002
860.0003
860.0005
860.0002
860.0003
860.0005
860.0002
860.0003
860.0005
860.0002
860.0003
860.0005
860.0002
860.0003
860.0005
860.0002
860.0003
860.0005
860.0002
860.0003
860.0005
860.0002
860.0003
860.0005
860.0002
860.0003
860.0005
860.0002
860.0003
860.0005
860.0002
860.0003
860.0005
860.0002
860.0003
860.0005
860.0002
860.0003
860.0005
860.0002
860.0003
860.0005
860.0002
860.0003
860.0005
860.0002
860.0003
860.0005
860.0002
860.0003
860.0005
860.0002
860.0003
860.0005
860.0002
860.0003
860.0005
860.0002
860.0003
860.0005
860.0002
860.0003
860.0005
860.0002
860.0003
860.0005
860.0002
860.0003
860.0005
860.0002
860.0003
860.0005
860.0002
860.0003
860.0005
860.0002
860.0003
860.0005
860.0002
860.0003
860.0005
860.0002
860.0003
860.0005
860.0002
860.0003
860.0005
860.0002
860.0003
860.0005
860.0002
860.0003
860.0005
860.0002
860.0003
860.0005
860.0002
860.0003
860.0005
860.0002
860.0003
860.0005
860.0002
860.0003
860.0005
860.0002
860.0003
860.0005
860.0002
860.0003
860.0005
860.0002
860.0003
860.0005
860.0002
860.0003
860.0005
860.0002
860.0003
860.0005
860.0002
860.0003
860.0005
860.0002
860.0003
860.0005
860.0002
860.0003
860.0005
860.0002
860.0003
860.0005
860.0002
860.0003
860.0005
860.0002
860.0003
860.0005
860.0002
860.0003
860.0005
860.0002
860.0003
860.0005
860.0002
860.0003
860.0005
860.0002
860.0003
860.0005
860.0002
860.0003
860.0005
860.0002
860.0003
860.0005
860.0002
860.0003
860.0005
860.0002
860.0003
860.0005
860.0002
860.0003
860.0005
860.0002
860.0003
860.0005
860.0002
860.0003
860.0005
860.0002
860.0003
860.0005
860.0002
860.0003
860.0005
860.0002
860.0003
860.0005
860.0002
860.0003
860.0005
860.0002
860.0003
860.0005
860.0002
860.0003
860.0005
860.0002
860.0003
860.0005
860.0002
860.0003
860.0005
860.0002
860.0003
860.0005
860.0002
860.0003
860.0005
860.0002
860.0003
860.0005
860.0002
860.0003
860.0005
860.0002
860.0003
860.0005
860.0002
860.0003
860.0005
860.0002
860.0003
860.0005
860.0002
860.0003
860.0005
860.0002
860.0003
860.0005
860.0002
860.0003
860.0005
860.0002
860.0003
860.0005
860.0002
860.0003
860.0005
860.0002
860.0003
860.0005
860.0002
860.0003
860.0005
860.0002
860.0003
860.0005
860.0002
860.0003
860.0005
860.0002
860.0003
860.0005
860.0002
860.0003
860.0005
860.0002
860.0003
860.0005
860.0002
860.0003
860.0005
860.0002
860.0003
860.0005
860.0002
860.0003
860.0005
860.0002
860.0003
860.0005
860.0002
860.0003
860.0005
860.0002
860.0003
860.0005
860.0002
860.0003
860.0005
860.0002
860.0003
860.0005
860.0002
860.0003
860.0005
860.0002
860.0003
860.0005
860.0002
860.0003
860.0005
860.0002
860.0003
860.0005
860.0002
860.0003
860.0005
860.0002
860.0003
860.0005
860.0002
860.0003
860.0005
860.0002
860.0003
860.0005
860.0002
860.0003
860.0005
860.0002
860.0003
860.0005
860.0002
860.0003
860.0005
860.0002
860.0003
860.0005
860.0002
860.0003
860.0005
860.0002
860.0003
860.0005
860.0002
860.0003
860.0005
860.0002
860.0003
860.0005
860.0002
860.0003
860.0005
860.0002
860.0003
860.0005
860.0002
860.0003
860.0005
860.0002
860.0003
860.0005
860.0002
860.0003
860.0005
860.0002
860.0003
860.0005
860.0002
860.0003
860.0005
860.0002
860.0003
860.0005
860.0002
860.0003
860.0005
860.0002
860.0003
860.0005
860.0002
860.0003
860.0005
860.0002
860.0003
860.0005
860.0002
860.0003
860.0005
860.0002
860.0003
860.0005
860.0002
860.0003
860.0005
860.0002
860.0003
860.0005
860.0002
860.0003
860.0005
860.0002
860.0003
860.0005
860.0002
860.0003
860.0005
860.0002
860.0003
860.0005
860.0002
860.0003
860.0005
860.0002
860.0003
860.0005
860.0002
860.0003
860.0005
860.0002
860.0003
860.0005
860.0002
860.0003
860.0005
860.0002
860.0003
860.0005
860.0002
860.0003
860.0005
860.0002
860.0003
860.0005
860.0002
860.0003
860.0005
860.0002
860.0003
860.0005
860.0002
860.0003
860.0005
860.0002
860.0003
860.0005
860.0002
860.0003
860.0005
860.0002
860.0003
860.0005
860.0002
860.0003
860.0005
860.0002
860.0003
860.0005
860.0002
860.0003
860.0005
860.0002
860.0003
860.0005
860.0002
860.0003
860.0005
860.0002
860.0003
860.0005
860.0002
860.0003
860.0005
860.0002
860.0003
860.0005
860.0002
860.0003
860.0005
860.0002
860.0003
860.0005
860.0002
860.0003
860.0005
860.0002
860.0003
860.0005
860.0002
860.0003
860.0005
860.0002
860.0003
860.0005
860.0002
860.0003
860.0005
860.0002
860.0003
860.0005
860.0002
860.0003
860.0005
)
;

boundaryField
{
    top
    {
        type            zeroGradient;
    }
    bottom
    {
        type            zeroGradient;
    }
    defaultFaces
    {
        type            zeroGradient;
    }
}


// ************************************************************************* //
